-578696.580,-1265868.010,187.265
-578696.920,-1265867.450,187.220
-578697.080,-1265867.190,187.210
-578696.070,-1265868.190,187.330
-578696.240,-1265867.920,187.240
-578696.410,-1265867.690,187.230
-578696.570,-1265867.420,187.230
-578696.740,-1265867.150,187.220
-578696.240,-1265867.330,187.230
-578696.410,-1265867.060,187.225
-578696.580,-1265866.790,187.220
-578695.720,-1265868.150,187.230
-578695.900,-1265867.850,187.220
-578695.340,-1265868.100,187.220
-578695.510,-1265867.870,187.220
-578695.690,-1265867.580,187.220
-578695.870,-1265867.290,187.220
-578696.050,-1265867.000,187.220
-578696.210,-1265866.730,187.220
-578696.370,-1265866.460,187.220
-578696.540,-1265866.190,187.220
-578696.700,-1265865.890,187.210
-578696.870,-1265865.600,187.215
-578695.090,-1265867.740,187.210
-578695.270,-1265867.450,187.210
-578695.430,-1265867.180,187.210
-578695.610,-1265866.890,187.210
-578695.790,-1265866.590,187.210
-578695.970,-1265866.300,187.210
-578696.130,-1265866.040,187.210
-578696.300,-1265865.760,187.210
-578694.760,-1265867.730,187.210
-578694.920,-1265867.460,187.210
-578695.100,-1265867.180,187.210
-578695.280,-1265866.880,187.210
-578695.440,-1265866.610,187.210
-578695.620,-1265866.330,187.210
-578695.800,-1265866.030,187.210
-578695.980,-1265865.740,187.210
-578696.140,-1265865.470,187.210
-578693.890,-1265868.460,187.230
-578694.050,-1265868.190,187.220
-578694.240,-1265867.940,187.210
-578694.400,-1265867.660,187.210
-578694.580,-1265867.370,187.210
-578694.740,-1265867.100,187.210
-578694.910,-1265866.830,187.210
-578695.090,-1265866.540,187.210
-578695.260,-1265866.250,187.210
-578695.430,-1265865.990,187.210
-578695.610,-1265865.690,187.210
-578695.780,-1265865.400,187.210
-578695.960,-1265865.110,187.210
-578696.130,-1265864.840,187.210
-578696.290,-1265864.570,187.210
-578693.530,-1265868.390,187.220
-578693.690,-1265868.140,187.210
-578693.860,-1265867.890,187.210
-578694.030,-1265867.620,187.210
-578694.200,-1265867.330,187.210
-578694.370,-1265867.060,187.210
-578694.550,-1265866.770,187.200
-578694.710,-1265866.500,187.200
-578694.880,-1265866.230,187.200
-578695.060,-1265865.940,187.200
-578695.230,-1265865.650,187.200
-578695.390,-1265865.380,187.200
-578695.580,-1265865.080,187.210
-578695.750,-1265864.800,187.210
-578695.930,-1265864.500,187.210
-578696.090,-1265864.230,187.210
-578692.960,-1265868.580,187.440
-578693.140,-1265868.280,187.210
-578693.490,-1265867.760,187.210
-578693.660,-1265867.490,187.210
-578693.830,-1265867.210,187.200
-578693.980,-1265866.950,187.200
-578694.170,-1265866.660,187.200
-578694.330,-1265866.380,187.200
-578694.500,-1265866.100,187.190
-578694.670,-1265865.820,187.200
-578694.840,-1265865.550,187.200
-578695.010,-1265865.270,187.200
-578695.190,-1265864.970,187.200
-578695.360,-1265864.700,187.200
-578695.530,-1265864.420,187.210
-578695.710,-1265864.120,187.210
-578695.890,-1265863.820,187.220
-578692.570,-1265868.500,187.215
-578692.730,-1265868.240,187.210
-578692.920,-1265867.980,187.200
-578693.090,-1265867.680,187.200
-578693.270,-1265867.390,187.190
-578693.440,-1265867.120,187.190
-578693.600,-1265866.860,187.190
-578693.770,-1265866.580,187.190
-578693.930,-1265866.320,187.190
-578694.110,-1265866.020,187.190
-578694.280,-1265865.750,187.190
-578694.450,-1265865.470,187.190
-578694.620,-1265865.190,187.190
-578694.780,-1265864.920,187.200
-578694.950,-1265864.640,187.200
-578695.130,-1265864.340,187.210
-578695.300,-1265864.060,187.210
-578695.470,-1265863.780,187.210
-578695.650,-1265863.490,187.220
-578695.830,-1265863.190,187.220
-578696.000,-1265862.920,187.230
-578696.160,-1265862.650,187.230
-578692.770,-1265867.690,187.190
-578692.950,-1265867.380,187.190
-578693.130,-1265867.090,187.190
-578693.300,-1265866.810,187.190
-578693.470,-1265866.530,187.190
-578693.640,-1265866.260,187.190
-578693.800,-1265866.000,187.190
-578693.960,-1265865.720,187.190
-578694.140,-1265865.430,187.190
-578694.300,-1265865.170,187.190
-578694.480,-1265864.870,187.190
-578694.650,-1265864.600,187.200
-578694.810,-1265864.340,187.200
-578694.990,-1265864.040,187.205
-578695.160,-1265863.750,187.210
-578695.330,-1265863.480,187.220
-578695.510,-1265863.190,187.220
-578695.680,-1265862.900,187.230
-578695.860,-1265862.600,187.220
-578696.020,-1265862.330,187.230
-578692.080,-1265868.760,187.470
-578692.240,-1265868.500,187.210
-578692.430,-1265868.240,187.210
-578692.610,-1265867.950,187.200
-578691.180,-1265869.550,187.525
-578691.340,-1265869.250,187.520
-578691.520,-1265868.990,187.510
-578691.680,-1265868.720,187.490
-578692.040,-1265868.200,187.200
-578692.200,-1265867.930,187.195
-578692.380,-1265867.630,187.190
-578692.560,-1265867.350,187.190
-578692.720,-1265867.080,187.190
-578692.900,-1265866.780,187.190
-578693.080,-1265866.490,187.180
-578693.250,-1265866.200,187.180
-578693.410,-1265865.940,187.180
-578693.580,-1265865.660,187.190
-578693.750,-1265865.390,187.190
-578693.910,-1265865.120,187.190
-578694.090,-1265864.830,187.190
-578694.250,-1265864.560,187.200
-578694.430,-1265864.270,187.200
-578694.600,-1265864.000,187.200
-578694.760,-1265863.730,187.200
-578694.930,-1265863.440,187.210
-578695.110,-1265863.140,187.220
-578695.280,-1265862.870,187.220
-578695.450,-1265862.590,187.220
-578695.630,-1265862.290,187.230
-578695.810,-1265862.000,187.230
-578690.970,-1265869.180,187.510
-578691.130,-1265868.910,187.510
-578691.480,-1265868.390,187.200
-578691.650,-1265868.120,187.190
-578691.820,-1265867.840,187.190
-578691.990,-1265867.560,187.190
-578692.150,-1265867.290,187.190
-578692.330,-1265867.010,187.180
-578692.510,-1265866.710,187.180
-578692.680,-1265866.440,187.180
-578692.850,-1265866.150,187.180
-578693.030,-1265865.860,187.180
-578693.200,-1265865.560,187.190
-578693.370,-1265865.290,187.190
-578693.530,-1265865.020,187.190
-578693.700,-1265864.750,187.195
-578693.860,-1265864.480,187.200
-578694.040,-1265864.190,187.200
-578694.200,-1265863.920,187.200
-578694.380,-1265863.630,187.200
-578694.540,-1265863.360,187.210
-578694.710,-1265863.090,187.210
-578694.880,-1265862.790,187.210
-578695.060,-1265862.500,187.220
-578695.220,-1265862.240,187.220
-578695.400,-1265861.950,187.220
-578695.580,-1265861.660,187.220
-578695.750,-1265861.370,187.220
-578690.730,-1265868.850,187.440
-578691.070,-1265868.350,187.190
-578691.230,-1265868.080,187.180
-578691.410,-1265867.790,187.190
-578691.570,-1265867.520,187.190
-578691.750,-1265867.230,187.180
-578691.920,-1265866.960,187.180
-578692.080,-1265866.680,187.180
-578692.260,-1265866.400,187.180
-578692.440,-1265866.110,187.180
-578692.600,-1265865.830,187.180
-578692.780,-1265865.540,187.180
-578692.950,-1265865.250,187.190
-578693.130,-1265864.960,187.190
-578693.300,-1265864.690,187.190
-578693.460,-1265864.420,187.200
-578693.620,-1265864.150,187.200
-578693.790,-1265863.880,187.200
-578693.970,-1265863.590,187.200
-578694.130,-1265863.320,187.200
-578694.310,-1265863.030,187.200
-578694.470,-1265862.760,187.210
-578694.640,-1265862.490,187.210
-578694.820,-1265862.200,187.210
-578694.990,-1265861.900,187.220
-578695.150,-1265861.640,187.220
-578695.330,-1265861.340,187.220
-578695.510,-1265861.050,187.220
-578690.400,-1265868.830,187.170
-578690.570,-1265868.550,187.170
-578690.910,-1265868.040,187.180
-578691.070,-1265867.780,187.180
-578691.240,-1265867.500,187.180
-578691.420,-1265867.210,187.180
-578691.580,-1265866.950,187.180
-578691.760,-1265866.650,187.180
-578691.930,-1265866.380,187.180
-578692.090,-1265866.110,187.180
-578692.270,-1265865.820,187.180
-578692.450,-1265865.520,187.180
-578692.780,-1265864.960,187.190
-578692.960,-1265864.670,187.190
-578693.140,-1265864.380,187.195
-578693.310,-1265864.110,187.200
-578693.470,-1265863.840,187.200
-578693.630,-1265863.570,187.200
-578693.800,-1265863.300,187.200
-578693.970,-1265863.010,187.200
-578694.140,-1265862.740,187.200
-578694.310,-1265862.450,187.210
-578694.480,-1265862.180,187.210
-578694.650,-1265861.910,187.210
-578694.820,-1265861.620,187.220
-578695.000,-1265861.330,187.220
-578695.160,-1265861.050,187.220
-578695.340,-1265860.770,187.220
-578695.510,-1265860.480,187.230
-578693.910,-1265862.410,187.200
-578694.070,-1265862.140,187.205
-578694.250,-1265861.860,187.210
-578694.410,-1265861.580,187.210
-578694.580,-1265861.310,187.220
-578694.750,-1265861.020,187.220
-578694.930,-1265860.730,187.220
-578695.100,-1265860.460,187.230
-578695.270,-1265860.170,187.230
-578695.450,-1265859.880,187.230
-578695.630,-1265859.580,187.230
-578690.340,-1265868.280,187.170
-578690.510,-1265867.990,187.170
-578690.680,-1265867.720,187.170
-578690.840,-1265867.450,187.170
-578691.010,-1265867.180,187.170
-578691.170,-1265866.910,187.175
-578691.350,-1265866.610,187.175
-578691.510,-1265866.340,187.180
-578691.690,-1265866.060,187.170
-578691.860,-1265865.780,187.180
-578692.020,-1265865.520,187.180
-578692.200,-1265865.220,187.180
-578692.380,-1265864.930,187.180
-578692.540,-1265864.660,187.180
-578692.720,-1265864.370,187.190
-578692.900,-1265864.070,187.190
-578693.080,-1265863.780,187.195
-578693.230,-1265863.520,187.190
-578693.400,-1265863.240,187.190
-578693.570,-1265862.970,187.200
-578693.730,-1265862.710,187.200
-578689.750,-1265868.490,187.170
-578689.920,-1265868.220,187.170
-578690.090,-1265867.930,187.170
-578690.270,-1265867.640,187.170
-578690.450,-1265867.340,187.170
-578690.610,-1265867.080,187.170
-578690.770,-1265866.810,187.170
-578690.940,-1265866.530,187.170
-578691.100,-1265866.270,187.180
-578691.280,-1265865.970,187.180
-578691.450,-1265865.700,187.180
-578691.620,-1265865.410,187.180
-578691.780,-1265865.140,187.180
-578691.950,-1265864.870,187.180
-578692.130,-1265864.580,187.180
-578692.300,-1265864.290,187.180
-578692.470,-1265864.020,187.180
-578692.650,-1265863.730,187.180
-578692.820,-1265863.440,187.190
-578693.000,-1265863.150,187.190
-578693.170,-1265862.870,187.190
-578693.330,-1265862.610,187.200
-578693.490,-1265862.330,187.200
-578693.840,-1265861.770,187.210
-578694.000,-1265861.510,187.210
-578694.180,-1265861.210,187.220
-578694.340,-1265860.940,187.220
-578694.500,-1265860.670,187.220
-578694.680,-1265860.380,187.220
-578694.860,-1265860.090,187.220
-578695.020,-1265859.820,187.230
-578695.200,-1265859.530,187.230
-578695.380,-1265859.230,187.240
-578695.550,-1265858.950,187.240
-578695.170,-1265858.950,187.240
-578695.350,-1265858.660,187.240
-578695.520,-1265858.370,187.240
-578689.540,-1265868.210,187.170
-578689.720,-1265867.910,187.170
-578689.890,-1265867.640,187.170
-578690.060,-1265867.360,187.170
-578690.240,-1265867.060,187.170
-578690.420,-1265866.770,187.170
-578690.580,-1265866.500,187.170
-578690.750,-1265866.230,187.180
-578690.910,-1265865.950,187.175
-578691.070,-1265865.690,187.180
-578691.250,-1265865.390,187.180
-578691.420,-1265865.130,187.180
-578691.590,-1265864.840,187.180
-578691.760,-1265864.560,187.180
-578691.920,-1265864.290,187.180
-578692.100,-1265864.000,187.180
-578692.280,-1265863.710,187.180
-578692.440,-1265863.440,187.180
-578692.620,-1265863.150,187.190
-578692.790,-1265862.860,187.190
-578692.970,-1265862.570,187.190
-578693.140,-1265862.290,187.200
-578693.300,-1265862.030,187.205
-578693.460,-1265861.760,187.210
-578693.630,-1265861.480,187.210
-578693.810,-1265861.190,187.220
-578693.970,-1265860.930,187.220
-578694.150,-1265860.630,187.220
-578694.310,-1265860.360,187.220
-578694.470,-1265860.100,187.220
-578694.650,-1265859.800,187.230
-578694.830,-1265859.510,187.230
-578694.990,-1265859.250,187.240
-578689.330,-1265867.930,187.170
-578689.510,-1265867.630,187.170
-578689.690,-1265867.330,187.170
-578689.850,-1265867.070,187.170
-578690.030,-1265866.770,187.170
-578690.210,-1265866.480,187.170
-578690.380,-1265866.200,187.170
-578690.550,-1265865.920,187.180
-578690.710,-1265865.650,187.180
-578690.870,-1265865.390,187.180
-578691.040,-1265865.110,187.180
-578691.220,-1265864.820,187.180
-578691.380,-1265864.550,187.180
-578691.560,-1265864.260,187.180
-578691.730,-1265863.990,187.180
-578691.890,-1265863.720,187.180
-578692.070,-1265863.430,187.180
-578692.250,-1265863.130,187.190
-578692.410,-1265862.870,187.190
-578692.590,-1265862.570,187.190
-578692.760,-1265862.280,187.200
-578692.940,-1265861.990,187.210
-578693.100,-1265861.720,187.210
-578693.270,-1265861.450,187.210
-578693.430,-1265861.170,187.210
-578693.600,-1265860.910,187.220
-578693.770,-1265860.620,187.220
-578693.940,-1265860.350,187.220
-578694.120,-1265860.060,187.220
-578694.280,-1265859.790,187.220
-578694.440,-1265859.520,187.230
-578694.620,-1265859.230,187.240
-578694.790,-1265858.940,187.240
-578694.960,-1265858.660,187.240
-578695.140,-1265858.380,187.240
-578695.310,-1265858.090,187.240
-578688.750,-1265868.160,187.170
-578688.940,-1265867.890,187.180
-578689.100,-1265867.640,187.180
-578689.270,-1265867.370,187.180
-578689.450,-1265867.070,187.180
-578689.620,-1265866.780,187.175
-578689.790,-1265866.520,187.175
-578689.970,-1265866.220,187.180
-578690.140,-1265865.930,187.180
-578690.320,-1265865.640,187.180
-578690.490,-1265865.360,187.180
-578690.650,-1265865.100,187.180
-578690.810,-1265864.830,187.180
-578690.980,-1265864.560,187.180
-578691.160,-1265864.270,187.180
-578691.320,-1265864.000,187.180
-578691.490,-1265863.710,187.180
-578691.660,-1265863.430,187.180
-578691.820,-1265863.170,187.190
-578692.000,-1265862.880,187.190
-578692.180,-1265862.580,187.190
-578692.340,-1265862.310,187.200
-578692.520,-1265862.020,187.205
-578692.700,-1265861.730,187.210
-578692.880,-1265861.430,187.220
-578693.040,-1265861.170,187.220
-578693.200,-1265860.900,187.220
-578693.370,-1265860.620,187.220
-578693.530,-1265860.360,187.220
-578693.710,-1265860.070,187.220
-578693.880,-1265859.790,187.220
-578694.050,-1265859.510,187.230
-578694.210,-1265859.230,187.235
-578694.380,-1265858.960,187.240
-578694.550,-1265858.680,187.240
-578694.730,-1265858.380,187.240
-578694.900,-1265858.110,187.240
-578695.070,-1265857.830,187.240
-578695.250,-1265857.540,187.240
-578688.840,-1265867.270,187.180
-578689.010,-1265867.010,187.190
-578689.350,-1265866.450,187.180
-578689.530,-1265866.160,187.180
-578689.700,-1265865.880,187.180
-578689.870,-1265865.600,187.180
-578690.050,-1265865.310,187.180
-578690.230,-1265865.010,187.180
-578690.400,-1265864.740,187.180
-578690.560,-1265864.480,187.180
-578690.730,-1265864.200,187.190
-578690.890,-1265863.930,187.190
-578691.060,-1265863.640,187.190
-578691.230,-1265863.370,187.190
-578691.410,-1265863.080,187.190
-578691.570,-1265862.810,187.190
-578691.740,-1265862.540,187.190
-578691.910,-1265862.250,187.200
-578692.090,-1265861.960,187.200
-578692.250,-1265861.680,187.210
-578692.430,-1265861.400,187.220
-578692.610,-1265861.100,187.220
-578692.780,-1265860.820,187.230
-578692.950,-1265860.540,187.230
-578693.110,-1265860.270,187.230
-578693.270,-1265860.010,187.230
-578693.440,-1265859.730,187.230
-578693.620,-1265859.440,187.230
-578693.780,-1265859.180,187.230
-578693.960,-1265858.880,187.240
-578694.120,-1265858.610,187.240
-578694.280,-1265858.350,187.240
-578694.460,-1265858.050,187.240
-578694.640,-1265857.760,187.240
-578694.800,-1265857.500,187.240
-578694.980,-1265857.200,187.240
-578695.160,-1265856.910,187.230
-578695.330,-1265856.620,187.220
-578688.500,-1265867.800,187.175
-578688.670,-1265867.530,187.180
-578688.450,-1265867.250,187.180
-578689.130,-1265866.190,187.180
-578689.300,-1265865.910,187.180
-578689.480,-1265865.610,187.190
-578689.650,-1265865.340,187.185
-578689.820,-1265865.050,187.180
-578690.000,-1265864.760,187.190
-578690.180,-1265864.470,187.190
-578690.340,-1265864.200,187.190
-578690.500,-1265863.930,187.190
-578690.670,-1265863.650,187.190
-578690.830,-1265863.390,187.190
-578691.010,-1265863.100,187.190
-578691.180,-1265862.830,187.190
-578691.360,-1265862.530,187.190
-578691.520,-1265862.260,187.200
-578691.680,-1265861.990,187.200
-578691.860,-1265861.700,187.210
-578692.040,-1265861.410,187.210
-578692.200,-1265861.140,187.220
-578692.380,-1265860.840,187.230
-578692.550,-1265860.550,187.230
-578692.730,-1265860.270,187.230
-578692.900,-1265859.990,187.230
-578693.060,-1265859.720,187.230
-578693.220,-1265859.460,187.230
-578693.390,-1265859.180,187.230
-578693.560,-1265858.890,187.230
-578693.730,-1265858.630,187.240
-578693.910,-1265858.330,187.240
-578694.070,-1265858.060,187.240
-578694.230,-1265857.790,187.240
-578694.410,-1265857.500,187.240
-578694.590,-1265857.210,187.240
-578694.750,-1265856.950,187.230
-578694.930,-1265856.650,187.230
-578695.110,-1265856.360,187.220
-578695.280,-1265856.080,187.215
-578690.340,-1265863.620,187.190
-578690.500,-1265863.350,187.190
-578690.660,-1265863.080,187.190
-578690.830,-1265862.810,187.200
-578691.010,-1265862.510,187.200
-578691.170,-1265862.250,187.200
-578691.350,-1265861.960,187.200
-578691.520,-1265861.680,187.210
-578691.670,-1265861.420,187.210
-578691.850,-1265861.120,187.220
-578692.030,-1265860.830,187.230
-578692.190,-1265860.560,187.230
-578692.370,-1265860.270,187.240
-578692.550,-1265859.970,187.240
-578692.730,-1265859.680,187.230
-578692.890,-1265859.420,187.230
-578693.050,-1265859.150,187.230
-578693.220,-1265858.880,187.230
-578693.380,-1265858.610,187.235
-578693.560,-1265858.320,187.240
-578693.720,-1265858.040,187.240
-578693.900,-1265857.760,187.240
-578694.060,-1265857.490,187.240
-578694.230,-1265857.210,187.240
-578694.400,-1265856.920,187.230
-578694.580,-1265856.640,187.220
-578694.750,-1265856.370,187.220
-578694.920,-1265856.080,187.220
-578695.100,-1265855.790,187.210
-578688.790,-1265866.150,187.180
-578688.960,-1265865.890,187.190
-578689.120,-1265865.620,187.190
-578689.300,-1265865.330,187.190
-578689.480,-1265865.030,187.190
-578689.640,-1265864.770,187.190
-578689.820,-1265864.470,187.190
-578690.000,-1265864.180,187.190
-578690.170,-1265863.890,187.190
-578688.750,-1265865.590,187.190
-578688.910,-1265865.330,187.190
-578689.070,-1265865.060,187.190
-578689.250,-1265864.760,187.190
-578689.430,-1265864.470,187.200
-578689.590,-1265864.200,187.200
-578689.770,-1265863.910,187.200
-578689.950,-1265863.620,187.200
-578690.120,-1265863.330,187.200
-578690.290,-1265863.060,187.200
-578690.450,-1265862.790,187.195
-578690.620,-1265862.520,187.200
-578690.780,-1265862.260,187.200
-578690.960,-1265861.960,187.200
-578691.120,-1265861.690,187.210
-578691.300,-1265861.400,187.210
-578691.470,-1265861.120,187.220
-578691.630,-1265860.850,187.230
-578691.800,-1265860.570,187.240
-578691.980,-1265860.270,187.240
-578692.150,-1265860.000,187.240
-578692.320,-1265859.710,187.240
-578692.500,-1265859.410,187.240
-578692.680,-1265859.120,187.240
-578692.840,-1265858.860,187.240
-578693.010,-1265858.590,187.230
-578693.170,-1265858.310,187.230
-578693.330,-1265858.050,187.230
-578693.510,-1265857.760,187.230
-578693.680,-1265857.480,187.230
-578693.850,-1265857.190,187.230
-578694.020,-1265856.930,187.230
-578694.180,-1265856.660,187.220
-578694.350,-1265856.370,187.220
-578694.530,-1265856.080,187.220
-578694.700,-1265855.810,187.210
-578694.870,-1265855.520,187.210
-578695.050,-1265855.230,187.200
-578692.400,-1265858.750,187.240
-578692.580,-1265858.470,187.230
-578692.740,-1265858.190,187.230
-578692.910,-1265857.920,187.230
-578693.070,-1265857.660,187.230
-578693.240,-1265857.390,187.230
-578693.410,-1265857.090,187.225
-578693.570,-1265856.830,187.220
-578693.750,-1265856.540,187.220
-578693.920,-1265856.260,187.210
-578694.080,-1265856.000,187.210
-578694.260,-1265855.710,187.210
-578694.440,-1265855.410,187.210
-578694.600,-1265855.160,187.200
-578694.780,-1265854.860,187.200
-578694.960,-1265854.560,187.200
-578688.810,-1265864.660,187.195
-578688.980,-1265864.390,187.200
-578689.150,-1265864.100,187.200
-578689.330,-1265863.810,187.200
-578689.500,-1265863.530,187.200
-578689.670,-1265863.250,187.200
-578689.850,-1265862.950,187.200
-578690.030,-1265862.660,187.200
-578690.190,-1265862.390,187.200
-578690.520,-1265861.850,187.210
-578690.680,-1265861.580,187.210
-578690.860,-1265861.290,187.210
-578691.030,-1265861.020,187.220
-578691.200,-1265860.730,187.230
-578691.360,-1265860.460,187.230
-578691.530,-1265860.180,187.240
-578691.710,-1265859.900,187.240
-578691.880,-1265859.600,187.240
-578692.050,-1265859.330,187.240
-578692.220,-1265859.040,187.240
-578688.740,-1265864.070,187.210
-578688.900,-1265863.790,187.210
-578689.080,-1265863.510,187.205
-578689.260,-1265863.220,187.200
-578689.420,-1265862.940,187.210
-578689.600,-1265862.660,187.200
-578689.780,-1265862.360,187.210
-578689.950,-1265862.070,187.210
-578690.120,-1265861.800,187.210
-578690.280,-1265861.530,187.210
-578690.450,-1265861.260,187.220
-578690.610,-1265860.990,187.220
-578690.780,-1265860.700,187.230
-578690.950,-1265860.430,187.240
-578691.130,-1265860.130,187.240
-578691.290,-1265859.860,187.250
-578691.450,-1265859.590,187.250
-578691.630,-1265859.300,187.250
-578691.810,-1265859.010,187.240
-578691.970,-1265858.740,187.240
-578692.150,-1265858.450,187.240
-578692.330,-1265858.160,187.230
-578692.500,-1265857.880,187.230
-578692.670,-1265857.600,187.230
-578692.830,-1265857.330,187.220
-578692.990,-1265857.070,187.220
-578693.160,-1265856.790,187.220
-578693.340,-1265856.500,187.210
-578693.500,-1265856.240,187.210
-578693.680,-1265855.940,187.210
-578693.840,-1265855.680,187.210
-578694.000,-1265855.410,187.200
-578694.180,-1265855.110,187.200
-578694.360,-1265854.820,187.200
-578694.520,-1265854.560,187.200
-578694.700,-1265854.270,187.200
-578694.880,-1265853.970,187.190
-578688.630,-1265863.810,187.210
-578688.800,-1265863.540,187.210
-578688.960,-1265863.280,187.210
-578689.140,-1265862.980,187.210
-578689.320,-1265862.690,187.210
-578689.470,-1265862.430,187.210
-578689.660,-1265862.130,187.210
-578689.830,-1265861.840,187.210
-578690.010,-1265861.550,187.210
-578690.170,-1265861.280,187.220
-578690.340,-1265861.000,187.220
-578690.500,-1265860.740,187.220
-578690.670,-1265860.470,187.240
-578690.840,-1265860.180,187.240
-578691.000,-1265859.910,187.250
-578691.180,-1265859.610,187.250
-578691.350,-1265859.340,187.250
-578691.510,-1265859.070,187.250
-578691.690,-1265858.780,187.240
-578691.870,-1265858.490,187.240
-578692.030,-1265858.220,187.230
-578692.210,-1265857.930,187.230
-578692.390,-1265857.640,187.230
-578692.560,-1265857.350,187.220
-578692.730,-1265857.080,187.220
-578692.890,-1265856.820,187.220
-578693.060,-1265856.540,187.210
-578693.220,-1265856.270,187.210
-578693.390,-1265855.990,187.210
-578693.560,-1265855.710,187.200
-578693.740,-1265855.430,187.200
-578693.900,-1265855.160,187.200
-578694.070,-1265854.880,187.200
-578694.240,-1265854.590,187.200
-578694.420,-1265854.310,187.200
-578694.580,-1265854.030,187.200
-578694.760,-1265853.750,187.190
-578688.140,-1265863.700,187.210
-578688.300,-1265863.450,187.210
-578688.490,-1265863.180,187.210
-578688.650,-1265862.910,187.210
-578688.820,-1265862.640,187.210
-578689.000,-1265862.340,187.210
-578689.170,-1265862.060,187.210
-578689.340,-1265861.790,187.220
-578689.510,-1265861.500,187.220
-578689.690,-1265861.210,187.220
-578689.870,-1265860.910,187.220
-578690.030,-1265860.640,187.230
-578690.200,-1265860.370,187.230
-578690.360,-1265860.100,187.240
-578690.520,-1265859.830,187.240
-578690.700,-1265859.540,187.250
-578690.860,-1265859.270,187.250
-578691.040,-1265858.980,187.250
-578691.210,-1265858.710,187.250
-578691.370,-1265858.440,187.240
-578691.550,-1265858.150,187.230
-578691.730,-1265857.860,187.230
-578691.890,-1265857.590,187.230
-578692.060,-1265857.300,187.220
-578692.240,-1265857.010,187.220
-578692.420,-1265856.710,187.210
-578692.580,-1265856.450,187.210
-578692.750,-1265856.180,187.210
-578692.910,-1265855.900,187.200
-578693.070,-1265855.650,187.200
-578693.250,-1265855.350,187.200
-578693.420,-1265855.070,187.200
-578693.590,-1265854.790,187.200
-578693.760,-1265854.520,187.200
-578693.920,-1265854.250,187.200
-578694.100,-1265853.960,187.200
-578694.270,-1265853.670,187.190
-578694.440,-1265853.400,187.190
-578694.620,-1265853.110,187.190
-578688.460,-1265862.600,187.210
-578688.630,-1265862.320,187.210
-578688.790,-1265862.050,187.220
-578688.960,-1265861.770,187.220
-578689.140,-1265861.470,187.220
-578689.310,-1265861.200,187.220
-578689.490,-1265860.910,187.230
-578689.660,-1265860.620,187.230
-578689.840,-1265860.330,187.235
-578690.000,-1265860.050,187.240
-578690.170,-1265859.790,187.240
-578690.330,-1265859.510,187.240
-578690.500,-1265859.240,187.250
-578690.670,-1265858.950,187.250
-578690.840,-1265858.680,187.250
-578691.010,-1265858.390,187.240
-578691.180,-1265858.120,187.240
-578691.340,-1265857.860,187.230
-578691.520,-1265857.560,187.230
-578691.700,-1265857.270,187.220
-578691.860,-1265857.010,187.220
-578692.040,-1265856.710,187.210
-578692.220,-1265856.420,187.210
-578692.390,-1265856.140,187.200
-578692.560,-1265855.870,187.200
-578692.720,-1265855.590,187.190
-578692.880,-1265855.330,187.200
-578693.050,-1265855.060,187.200
-578693.220,-1265854.760,187.190
-578693.380,-1265854.500,187.200
-578693.560,-1265854.210,187.200
-578693.730,-1265853.930,187.200
-578693.890,-1265853.670,187.190
-578694.070,-1265853.380,187.190
-578694.250,-1265853.080,187.190
-578694.410,-1265852.830,187.190
-578694.580,-1265852.530,187.190
-578690.770,-1265858.090,187.240
-578690.950,-1265857.800,187.230
-578691.110,-1265857.530,187.230
-578691.270,-1265857.260,187.220
-578691.450,-1265856.970,187.220
-578691.630,-1265856.680,187.210
-578691.790,-1265856.420,187.210
-578691.970,-1265856.120,187.200
-578692.150,-1265855.830,187.190
-578692.320,-1265855.540,187.190
-578692.490,-1265855.270,187.195
-578692.650,-1265855.000,187.200
-578692.810,-1265854.740,187.200
-578692.980,-1265854.460,187.200
-578693.160,-1265854.170,187.200
-578693.320,-1265853.910,187.200
-578693.500,-1265853.610,187.190
-578693.660,-1265853.340,187.190
-578693.820,-1265853.080,187.190
-578694.000,-1265852.780,187.190
-578694.180,-1265852.490,187.190
-578694.340,-1265852.220,187.190
-578694.520,-1265851.930,187.190
-578694.700,-1265851.630,187.190
-578688.220,-1265862.280,187.220
-578688.400,-1265862.000,187.220
-578688.560,-1265861.730,187.230
-578688.720,-1265861.460,187.230
-578688.900,-1265861.160,187.230
-578689.080,-1265860.880,187.230
-578689.240,-1265860.600,187.230
-578689.420,-1265860.310,187.230
-578689.600,-1265860.020,187.240
-578689.770,-1265859.740,187.240
-578689.940,-1265859.460,187.240
-578690.100,-1265859.190,187.240
-578690.260,-1265858.930,187.245
-578690.430,-1265858.650,187.245
-578690.610,-1265858.350,187.240
-578687.900,-1265862.270,187.220
-578688.080,-1265861.970,187.220
-578688.250,-1265861.740,187.230
-578688.430,-1265861.450,187.230
-578688.590,-1265861.170,187.230
-578688.750,-1265860.910,187.230
-578688.930,-1265860.620,187.230
-578689.110,-1265860.320,187.230
-578689.280,-1265860.050,187.230
-578689.450,-1265859.770,187.240
-578689.630,-1265859.470,187.240
-578689.810,-1265859.180,187.240
-578689.970,-1265858.920,187.240
-578690.130,-1265858.640,187.250
-578690.300,-1265858.370,187.240
-578690.460,-1265858.100,187.230
-578690.640,-1265857.820,187.230
-578690.800,-1265857.540,187.230
-578690.980,-1265857.250,187.220
-578691.140,-1265856.990,187.220
-578691.310,-1265856.710,187.210
-578691.480,-1265856.420,187.210
-578691.660,-1265856.140,187.200
-578691.830,-1265855.860,187.200
-578692.000,-1265855.570,187.190
-578692.180,-1265855.290,187.190
-578692.360,-1265854.990,187.200
-578692.520,-1265854.720,187.200
-578692.680,-1265854.460,187.200
-578692.850,-1265854.180,187.190
-578693.010,-1265853.910,187.190
-578693.190,-1265853.630,187.190
-578693.350,-1265853.350,187.190
-578693.530,-1265853.060,187.190
-578693.690,-1265852.800,187.190
-578693.860,-1265852.520,187.190
-578694.030,-1265852.230,187.190
-578694.210,-1265851.950,187.190
-578694.370,-1265851.670,187.190
-578694.550,-1265851.380,187.190
-578693.960,-1265851.630,187.180
-578694.130,-1265851.340,187.180
-578694.300,-1265851.080,187.190
-578694.480,-1265850.780,187.190
-578687.820,-1265861.670,187.230
-578688.000,-1265861.380,187.235
-578688.180,-1265861.130,187.240
-578688.350,-1265860.850,187.240
-578688.520,-1265860.580,187.230
-578688.680,-1265860.300,187.230
-578688.850,-1265860.020,187.230
-578689.040,-1265859.730,187.240
-578689.200,-1265859.450,187.240
-578689.370,-1265859.170,187.240
-578689.550,-1265858.870,187.240
-578690.060,-1265858.040,187.230
-578690.230,-1265857.770,187.230
-578690.390,-1265857.510,187.230
-578690.560,-1265857.210,187.220
-578690.730,-1265856.940,187.210
-578690.900,-1265856.660,187.210
-578691.070,-1265856.380,187.210
-578691.240,-1265856.110,187.200
-578691.410,-1265855.820,187.200
-578691.590,-1265855.530,187.200
-578691.750,-1265855.260,187.200
-578691.930,-1265854.970,187.200
-578692.100,-1265854.680,187.200
-578692.280,-1265854.390,187.200
-578692.450,-1265854.120,187.200
-578692.610,-1265853.850,187.190
-578692.780,-1265853.580,187.190
-578692.940,-1265853.310,187.190
-578693.110,-1265853.020,187.190
-578693.280,-1265852.750,187.190
-578693.450,-1265852.460,187.185
-578693.620,-1265852.200,187.180
-578693.780,-1265851.930,187.180
-578688.080,-1265860.520,187.250
-578688.260,-1265860.220,187.240
-578688.430,-1265859.950,187.240
-578688.590,-1265859.690,187.240
-578688.770,-1265859.390,187.240
-578688.950,-1265859.100,187.240
-578689.100,-1265858.840,187.240
-578689.290,-1265858.540,187.240
-578689.460,-1265858.240,187.240
-578689.640,-1265857.960,187.240
-578689.970,-1265857.410,187.220
-578690.130,-1265857.160,187.220
-578690.290,-1265856.890,187.210
-578690.470,-1265856.590,187.210
-578690.630,-1265856.330,187.210
-578690.810,-1265856.030,187.210
-578690.980,-1265855.760,187.210
-578691.140,-1265855.500,187.210
-578691.320,-1265855.200,187.200
-578691.500,-1265854.910,187.200
-578691.830,-1265854.350,187.200
-578692.010,-1265854.060,187.200
-578692.190,-1265853.770,187.195
-578692.350,-1265853.500,187.190
-578692.520,-1265853.230,187.190
-578692.680,-1265852.960,187.180
-578692.840,-1265852.700,187.180
-578693.020,-1265852.400,187.180
-578693.180,-1265852.140,187.180
-578693.360,-1265851.850,187.180
-578693.530,-1265851.570,187.180
-578693.690,-1265851.300,187.180
-578693.860,-1265851.020,187.180
-578694.040,-1265850.720,187.180
-578694.200,-1265850.450,187.180
-578694.380,-1265850.160,187.175
-578687.710,-1265860.470,187.250
-578687.890,-1265860.190,187.240
-578688.050,-1265859.950,187.240
-578688.240,-1265859.650,187.240
-578688.400,-1265859.380,187.240
-578688.560,-1265859.130,187.240
-578688.740,-1265858.820,187.240
-578688.920,-1265858.530,187.240
-578689.080,-1265858.270,187.240
-578689.260,-1265857.970,187.240
-578689.430,-1265857.680,187.230
-578689.610,-1265857.400,187.230
-578689.770,-1265857.120,187.220
-578689.940,-1265856.850,187.210
-578690.100,-1265856.590,187.210
-578690.270,-1265856.310,187.210
-578690.450,-1265856.020,187.210
-578690.610,-1265855.760,187.210
-578690.790,-1265855.460,187.210
-578690.950,-1265855.190,187.210
-578691.110,-1265854.930,187.210
-578691.290,-1265854.630,187.200
-578691.470,-1265854.340,187.200
-578691.630,-1265854.080,187.200
-578691.810,-1265853.780,187.190
-578691.990,-1265853.490,187.190
-578692.160,-1265853.200,187.190
-578692.330,-1265852.940,187.180
-578692.490,-1265852.660,187.180
-578692.660,-1265852.390,187.180
-578692.820,-1265852.130,187.180
-578692.990,-1265851.830,187.180
-578693.160,-1265851.560,187.180
-578693.330,-1265851.280,187.170
-578693.500,-1265851.000,187.180
-578693.660,-1265850.730,187.180
-578693.840,-1265850.450,187.170
-578694.020,-1265850.160,187.170
-578694.180,-1265849.880,187.170
-578694.360,-1265849.590,187.170
-578687.550,-1265860.190,187.250
-578687.710,-1265859.930,187.240
-578687.890,-1265859.670,187.240
-578688.060,-1265859.400,187.240
-578688.240,-1265859.110,187.240
-578688.400,-1265858.840,187.240
-578688.560,-1265858.570,187.240
-578688.740,-1265858.270,187.240
-578688.910,-1265857.990,187.240
-578689.080,-1265857.710,187.240
-578689.260,-1265857.420,187.230
-578689.430,-1265857.140,187.220
-578689.610,-1265856.840,187.220
-578689.780,-1265856.580,187.210
-578689.940,-1265856.310,187.210
-578690.110,-1265856.030,187.210
-578690.270,-1265855.760,187.210
-578690.440,-1265855.480,187.210
-578690.610,-1265855.200,187.210
-578690.790,-1265854.910,187.210
-578690.950,-1265854.650,187.200
-578691.120,-1265854.380,187.200
-578691.290,-1265854.090,187.200
-578691.460,-1265853.800,187.190
-578691.630,-1265853.530,187.190
-578691.810,-1265853.230,187.180
-578691.980,-1265852.950,187.180
-578692.160,-1265852.650,187.180
-578692.330,-1265852.380,187.180
-578692.490,-1265852.120,187.170
-578692.650,-1265851.850,187.170
-578692.820,-1265851.580,187.170
-578692.990,-1265851.280,187.170
-578693.160,-1265851.020,187.170
-578693.330,-1265850.730,187.170
-578693.500,-1265850.460,187.170
-578693.660,-1265850.190,187.170
-578693.840,-1265849.900,187.170
-578694.010,-1265849.610,187.170
-578694.180,-1265849.340,187.170
-578693.940,-1265849.010,187.160
-578694.100,-1265848.760,187.155
-578687.990,-1265858.810,187.240
-578688.160,-1265858.520,187.240
-578688.320,-1265858.250,187.240
-578688.490,-1265857.980,187.240
-578688.670,-1265857.690,187.240
-578688.840,-1265857.400,187.230
-578689.010,-1265857.120,187.230
-578689.180,-1265856.840,187.220
-578689.360,-1265856.550,187.210
-578689.540,-1265856.260,187.210
-578689.700,-1265855.990,187.210
-578689.870,-1265855.720,187.210
-578690.030,-1265855.450,187.220
-578690.190,-1265855.170,187.220
-578690.370,-1265854.890,187.210
-578690.530,-1265854.620,187.210
-578690.710,-1265854.320,187.200
-578690.880,-1265854.060,187.200
-578691.040,-1265853.790,187.190
-578691.220,-1265853.500,187.190
-578691.390,-1265853.210,187.180
-578691.560,-1265852.940,187.180
-578691.730,-1265852.650,187.180
-578691.910,-1265852.350,187.170
-578692.080,-1265852.070,187.170
-578692.250,-1265851.800,187.170
-578692.420,-1265851.520,187.160
-578692.580,-1265851.270,187.160
-578692.740,-1265850.990,187.160
-578692.920,-1265850.690,187.160
-578693.080,-1265850.440,187.160
-578693.260,-1265850.140,187.160
-578693.430,-1265849.870,187.160
-578693.580,-1265849.610,187.160
-578693.760,-1265849.310,187.160
-578687.500,-1265858.660,187.240
-578687.690,-1265858.380,187.240
-578687.850,-1265858.140,187.240
-578688.030,-1265857.840,187.240
-578688.190,-1265857.570,187.240
-578688.350,-1265857.310,187.230
-578688.530,-1265857.010,187.230
-578688.710,-1265856.720,187.230
-578688.870,-1265856.450,187.220
-578689.050,-1265856.160,187.210
-578689.230,-1265855.870,187.210
-578689.410,-1265855.580,187.220
-578689.570,-1265855.310,187.220
-578689.730,-1265855.040,187.220
-578689.900,-1265854.770,187.220
-578690.060,-1265854.500,187.210
-578690.240,-1265854.210,187.210
-578690.400,-1265853.940,187.200
-578690.580,-1265853.650,187.190
-578690.740,-1265853.380,187.190
-578690.900,-1265853.120,187.180
-578691.080,-1265852.830,187.180
-578691.260,-1265852.540,187.170
-578691.420,-1265852.270,187.170
-578691.600,-1265851.980,187.160
-578691.780,-1265851.690,187.160
-578691.950,-1265851.390,187.160
-578692.120,-1265851.120,187.160
-578692.280,-1265850.860,187.160
-578692.450,-1265850.580,187.160
-578692.610,-1265850.320,187.160
-578692.780,-1265850.030,187.160
-578692.950,-1265849.760,187.160
-578693.130,-1265849.470,187.160
-578693.290,-1265849.200,187.160
-578693.450,-1265848.930,187.160
-578693.630,-1265848.630,187.160
-578693.800,-1265848.350,187.150
-578693.970,-1265848.080,187.150
-578694.150,-1265847.780,187.150
-578691.940,-1265850.870,187.150
-578692.100,-1265850.600,187.160
-578692.260,-1265850.340,187.160
-578692.430,-1265850.060,187.160
-578692.590,-1265849.790,187.160
-578692.770,-1265849.510,187.160
-578692.930,-1265849.230,187.160
-578693.110,-1265848.940,187.160
-578693.270,-1265848.680,187.160
-578693.440,-1265848.400,187.160
-578693.610,-1265848.110,187.150
-578693.790,-1265847.830,187.150
-578693.950,-1265847.560,187.150
-578687.320,-1265858.410,187.250
-578687.490,-1265858.140,187.250
-578687.670,-1265857.880,187.240
-578687.840,-1265857.610,187.240
-578688.010,-1265857.320,187.240
-578688.180,-1265857.050,187.230
-578688.340,-1265856.780,187.230
-578688.520,-1265856.490,187.220
-578688.700,-1265856.200,187.220
-578688.860,-1265855.930,187.210
-578689.040,-1265855.640,187.220
-578689.210,-1265855.350,187.220
-578689.390,-1265855.050,187.220
-578689.550,-1265854.790,187.220
-578689.720,-1265854.520,187.220
-578689.880,-1265854.250,187.210
-578690.040,-1265853.980,187.200
-578690.220,-1265853.690,187.200
-578690.390,-1265853.420,187.190
-578690.560,-1265853.140,187.190
-578690.730,-1265852.860,187.180
-578690.890,-1265852.590,187.170
-578691.070,-1265852.310,187.170
-578691.240,-1265852.020,187.170
-578691.410,-1265851.740,187.160
-578691.590,-1265851.450,187.150
-578691.760,-1265851.170,187.150
-578687.830,-1265857.050,187.235
-578688.010,-1265856.750,187.230
-578688.170,-1265856.490,187.230
-578688.330,-1265856.220,187.220
-578688.510,-1265855.930,187.220
-578688.690,-1265855.640,187.210
-578688.850,-1265855.370,187.220
-578689.030,-1265855.070,187.220
-578689.210,-1265854.780,187.220
-578689.380,-1265854.490,187.220
-578689.550,-1265854.220,187.220
-578689.710,-1265853.950,187.210
-578689.870,-1265853.690,187.200
-578690.040,-1265853.420,187.200
-578690.220,-1265853.120,187.190
-578690.380,-1265852.860,187.180
-578690.560,-1265852.570,187.180
-578690.720,-1265852.300,187.170
-578690.880,-1265852.030,187.170
-578691.060,-1265851.750,187.160
-578691.240,-1265851.450,187.160
-578691.400,-1265851.180,187.150
-578691.580,-1265850.900,187.150
-578691.760,-1265850.600,187.150
-578691.930,-1265850.310,187.150
-578692.090,-1265850.040,187.150
-578692.260,-1265849.770,187.150
-578692.420,-1265849.500,187.150
-578692.580,-1265849.240,187.150
-578692.760,-1265848.940,187.150
-578692.930,-1265848.670,187.150
-578693.100,-1265848.390,187.150
-578693.270,-1265848.110,187.150
-578693.430,-1265847.840,187.150
-578693.600,-1265847.560,187.150
-578693.790,-1265847.260,187.150
-578693.950,-1265846.990,187.150
-578689.320,-1265853.940,187.220
-578689.480,-1265853.670,187.210
-578689.650,-1265853.390,187.210
-578689.810,-1265853.130,187.205
-578689.980,-1265852.860,187.200
-578690.150,-1265852.570,187.190
-578690.310,-1265852.310,187.180
-578690.490,-1265852.010,187.170
-578690.660,-1265851.740,187.170
-578690.820,-1265851.480,187.160
-578691.000,-1265851.180,187.160
-578691.180,-1265850.890,187.150
-578691.330,-1265850.630,187.150
-578691.510,-1265850.330,187.150
-578691.690,-1265850.040,187.150
-578691.870,-1265849.750,187.150
-578692.030,-1265849.480,187.150
-578692.200,-1265849.210,187.150
-578692.360,-1265848.940,187.150
-578692.520,-1265848.670,187.150
-578692.700,-1265848.380,187.150
-578692.860,-1265848.110,187.150
-578693.040,-1265847.820,187.150
-578693.200,-1265847.550,187.150
-578693.360,-1265847.280,187.150
-578693.540,-1265847.000,187.150
-578687.420,-1265857.020,187.240
-578687.600,-1265856.760,187.230
-578687.760,-1265856.500,187.230
-578687.940,-1265856.200,187.230
-578688.110,-1265855.930,187.220
-578688.270,-1265855.670,187.220
-578688.450,-1265855.370,187.220
-578688.630,-1265855.080,187.220
-578688.790,-1265854.820,187.220
-578688.970,-1265854.520,187.220
-578689.140,-1265854.230,187.220
-578687.120,-1265856.640,187.240
-578687.280,-1265856.370,187.240
-578687.470,-1265856.110,187.230
-578687.630,-1265855.850,187.230
-578687.810,-1265855.560,187.220
-578687.970,-1265855.290,187.220
-578688.130,-1265855.020,187.220
-578688.310,-1265854.730,187.220
-578688.490,-1265854.440,187.230
-578688.650,-1265854.160,187.230
-578688.830,-1265853.870,187.230
-578689.000,-1265853.580,187.220
-578689.180,-1265853.290,187.225
-578689.350,-1265853.020,187.220
-578689.510,-1265852.760,187.220
-578689.670,-1265852.480,187.215
-578689.840,-1265852.210,187.210
-578690.010,-1265851.930,187.200
-578690.180,-1265851.650,187.180
-578690.360,-1265851.360,187.170
-578690.520,-1265851.100,187.160
-578690.680,-1265850.830,187.160
-578690.860,-1265850.540,187.160
-578691.030,-1265850.250,187.150
-578691.200,-1265849.980,187.150
-578691.380,-1265849.690,187.150
-578691.550,-1265849.400,187.150
-578691.730,-1265849.110,187.150
-578691.900,-1265848.830,187.150
-578692.060,-1265848.570,187.150
-578692.220,-1265848.300,187.150
-578692.390,-1265848.030,187.150
-578692.560,-1265847.740,187.155
-578692.720,-1265847.470,187.160
-578692.900,-1265847.170,187.155
-578693.060,-1265846.920,187.155
-578687.450,-1265855.580,187.220
-578687.610,-1265855.310,187.220
-578687.790,-1265855.020,187.220
-578687.950,-1265854.750,187.230
-578688.120,-1265854.480,187.230
-578688.290,-1265854.190,187.230
-578688.470,-1265853.900,187.230
-578688.640,-1265853.630,187.230
-578688.810,-1265853.340,187.230
-578688.980,-1265853.050,187.230
-578689.160,-1265852.750,187.230
-578689.330,-1265852.480,187.230
-578689.490,-1265852.220,187.220
-578689.660,-1265851.950,187.210
-578689.820,-1265851.680,187.200
-578689.990,-1265851.390,187.190
-578690.160,-1265851.120,187.170
-578690.340,-1265850.830,187.160
-578690.500,-1265850.570,187.160
-578690.660,-1265850.290,187.160
-578690.840,-1265850.000,187.150
-578691.020,-1265849.720,187.150
-578691.180,-1265849.440,187.150
-578691.360,-1265849.150,187.150
-578691.530,-1265848.860,187.150
-578691.710,-1265848.570,187.150
-578691.880,-1265848.300,187.150
-578692.040,-1265848.040,187.150
-578692.200,-1265847.770,187.150
-578692.370,-1265847.490,187.160
-578692.540,-1265847.210,187.160
-578692.700,-1265846.930,187.155
-578692.870,-1265846.610,187.150
-578687.100,-1265856.110,187.240
-578687.260,-1265855.840,187.230
-578687.460,-1265855.020,187.220
-578687.620,-1265854.750,187.230
-578687.800,-1265854.460,187.230
-578687.960,-1265854.190,187.230
-578688.130,-1265853.920,187.230
-578688.300,-1265853.630,187.230
-578688.480,-1265853.330,187.230
-578688.640,-1265853.060,187.240
-578688.820,-1265852.780,187.240
-578689.000,-1265852.480,187.240
-578689.170,-1265852.190,187.230
-578689.340,-1265851.930,187.230
-578689.500,-1265851.650,187.220
-578689.660,-1265851.390,187.200
-578689.830,-1265851.130,187.190
-578690.010,-1265850.830,187.180
-578690.170,-1265850.570,187.170
-578690.340,-1265850.280,187.160
-578690.510,-1265850.000,187.160
-578690.670,-1265849.730,187.150
-578690.850,-1265849.450,187.150
-578691.030,-1265849.150,187.150
-578691.190,-1265848.880,187.150
-578691.360,-1265848.600,187.150
-578691.540,-1265848.300,187.150
-578691.720,-1265848.010,187.150
-578691.880,-1265847.750,187.150
-578692.050,-1265847.480,187.160
-578692.210,-1265847.200,187.160
-578692.370,-1265846.940,187.150
-578692.540,-1265846.610,187.150
-578687.230,-1265854.720,187.230
-578687.420,-1265854.440,187.230
-578687.580,-1265854.180,187.240
-578687.760,-1265853.880,187.240
-578687.920,-1265853.610,187.240
-578688.080,-1265853.350,187.240
-578688.260,-1265853.050,187.240
-578688.440,-1265852.760,187.240
-578688.600,-1265852.490,187.250
-578688.780,-1265852.200,187.250
-578688.960,-1265851.910,187.240
-578689.130,-1265851.610,187.230
-578689.290,-1265851.350,187.220
-578689.460,-1265851.080,187.200
-578689.620,-1265850.810,187.200
-578689.790,-1265850.550,187.180
-578689.970,-1265850.250,187.170
-578690.130,-1265849.990,187.160
-578690.310,-1265849.700,187.160
-578690.470,-1265849.420,187.150
-578690.630,-1265849.160,187.150
-578690.810,-1265848.870,187.150
-578690.980,-1265848.590,187.150
-578691.150,-1265848.310,187.150
-578691.330,-1265848.020,187.150
-578691.500,-1265847.730,187.150
-578691.680,-1265847.440,187.155
-578691.840,-1265847.170,187.160
-578692.160,-1265846.600,187.155
-578688.370,-1265852.090,187.250
-578688.530,-1265851.820,187.250
-578688.710,-1265851.520,187.250
-578688.890,-1265851.240,187.240
-578689.060,-1265850.940,187.220
-578689.230,-1265850.670,187.210
-578689.390,-1265850.410,187.200
-578689.560,-1265850.140,187.190
-578689.720,-1265849.870,187.180
-578689.900,-1265849.590,187.170
-578690.060,-1265849.320,187.170
-578690.240,-1265849.020,187.170
-578690.400,-1265848.760,187.160
-578690.560,-1265848.490,187.160
-578690.740,-1265848.190,187.160
-578690.920,-1265847.900,187.160
-578691.080,-1265847.640,187.160
-578691.260,-1265847.340,187.160
-578691.600,-1265846.730,187.160
-578686.830,-1265854.570,187.230
-578687.000,-1265854.300,187.240
-578687.170,-1265854.050,187.240
-578687.350,-1265853.780,187.240
-578687.510,-1265853.500,187.240
-578687.690,-1265853.200,187.250
-578687.850,-1265852.940,187.250
-578688.020,-1265852.670,187.250
-578688.200,-1265852.370,187.250
-578686.800,-1265853.980,187.250
-578686.970,-1265853.710,187.240
-578687.140,-1265853.460,187.240
-578687.310,-1265853.180,187.250
-578687.480,-1265852.910,187.250
-578687.660,-1265852.610,187.250
-578687.820,-1265852.350,187.250
-578687.980,-1265852.080,187.250
-578688.160,-1265851.780,187.260
-578688.340,-1265851.490,187.250
-578688.500,-1265851.220,187.250
-578688.680,-1265850.930,187.240
-578688.860,-1265850.640,187.220
-578689.030,-1265850.350,187.210
-578689.200,-1265850.080,187.200
-578689.360,-1265849.820,187.190
-578689.530,-1265849.550,187.190
-578689.690,-1265849.280,187.180
-578689.860,-1265848.990,187.180
-578690.030,-1265848.720,187.170
-578690.210,-1265848.430,187.170
-578690.370,-1265848.160,187.170
-578690.530,-1265847.900,187.170
-578690.710,-1265847.600,187.170
-578690.890,-1265847.310,187.170
-578691.210,-1265846.730,187.160
-578686.860,-1265853.440,187.250
-578687.190,-1265852.940,187.250
-578687.380,-1265852.640,187.250
-578687.540,-1265852.370,187.250
-578687.710,-1265852.090,187.260
-578687.880,-1265851.810,187.260
-578688.040,-1265851.540,187.260
-578688.210,-1265851.260,187.260
-578688.390,-1265850.960,187.250
-578688.560,-1265850.690,187.240
-578688.730,-1265850.410,187.220
-578688.910,-1265850.120,187.210
-578689.090,-1265849.820,187.200
-578689.250,-1265849.560,187.200
-578689.420,-1265849.290,187.190
-578689.580,-1265849.010,187.180
-578689.740,-1265848.750,187.180
-578689.920,-1265848.460,187.180
-578690.080,-1265848.190,187.180
-578690.260,-1265847.890,187.170
-578690.420,-1265847.630,187.170
-578690.590,-1265847.360,187.170
-578690.750,-1265847.040,187.170
-578690.930,-1265846.750,187.160
-578687.060,-1265852.280,187.260
-578687.240,-1265851.990,187.270
-578687.410,-1265851.720,187.270
-578687.580,-1265851.430,187.260
-578687.740,-1265851.170,187.260
-578687.910,-1265850.890,187.260
-578688.090,-1265850.600,187.250
-578688.260,-1265850.320,187.240
-578688.430,-1265850.050,187.230
-578688.600,-1265849.760,187.220
-578688.780,-1265849.470,187.210
-578688.960,-1265849.170,187.210
-578689.120,-1265848.900,187.200
-578689.280,-1265848.640,187.200
-578689.450,-1265848.370,187.190
-578689.610,-1265848.090,187.190
-578689.790,-1265847.810,187.190
-578689.950,-1265847.540,187.190
-578690.130,-1265847.240,187.190
-578690.280,-1265846.950,187.170
-578690.440,-1265846.670,187.170
-578687.880,-1265850.280,187.240
-578688.060,-1265849.990,187.240
-578688.240,-1265849.700,187.230
-578688.400,-1265849.430,187.220
-578688.570,-1265849.150,187.210
-578688.750,-1265848.850,187.210
-578688.930,-1265848.560,187.200
-578689.090,-1265848.300,187.200
-578689.260,-1265848.020,187.200
-578689.420,-1265847.750,187.200
-578689.580,-1265847.490,187.200
-578689.750,-1265847.180,187.190
-578689.910,-1265846.890,187.190
-578686.700,-1265852.180,187.270
-578686.870,-1265851.930,187.270
-578687.040,-1265851.670,187.270
-578687.210,-1265851.380,187.270
-578687.380,-1265851.110,187.260
-578687.560,-1265850.820,187.260
-578687.720,-1265850.550,187.250
-578686.530,-1265851.900,187.290
-578686.690,-1265851.630,187.275
-578686.860,-1265851.390,187.270
-578687.020,-1265851.120,187.270
-578687.200,-1265850.830,187.260
-578687.360,-1265850.560,187.260
-578687.540,-1265850.270,187.250
-578687.710,-1265850.000,187.240
-578687.870,-1265849.730,187.240
-578688.040,-1265849.440,187.230
-578688.230,-1265849.150,187.220
-578688.390,-1265848.880,187.220
-578688.560,-1265848.600,187.210
-578688.740,-1265848.300,187.210
-578688.920,-1265848.010,187.210
-578689.080,-1265847.750,187.210
-578689.240,-1265847.470,187.200
-578689.400,-1265847.170,187.200
-578689.560,-1265846.910,187.190
-578686.360,-1265851.570,187.280
-578686.520,-1265851.310,187.280
-578686.690,-1265851.040,187.270
-578686.860,-1265850.790,187.270
-578687.020,-1265850.530,187.260
-578687.200,-1265850.240,187.250
-578687.360,-1265849.970,187.240
-578687.540,-1265849.670,187.240
-578687.700,-1265849.410,187.230
-578687.870,-1265849.140,187.230
-578688.040,-1265848.850,187.220
-578688.220,-1265848.560,187.220
-578688.380,-1265848.290,187.220
-578688.560,-1265848.000,187.220
-578688.730,-1265847.710,187.210
-578688.910,-1265847.420,187.210
-578689.070,-1265847.120,187.200
-578689.220,-1265846.840,187.190
-578686.260,-1265850.960,187.270
-578686.430,-1265850.690,187.270
-578686.590,-1265850.430,187.260
-578686.760,-1265850.180,187.250
-578686.930,-1265849.910,187.240
-578687.100,-1265849.630,187.240
-578687.270,-1265849.350,187.240
-578687.450,-1265849.060,187.230
-578687.600,-1265848.800,187.220
-578687.770,-1265848.520,187.220
-578687.950,-1265848.230,187.220
-578688.120,-1265847.950,187.220
-578688.290,-1265847.670,187.220
-578688.460,-1265847.380,187.220
-578688.630,-1265847.060,187.210
-578686.250,-1265850.370,187.250
-578686.410,-1265850.120,187.250
-578686.570,-1265849.840,187.240
-578686.750,-1265849.600,187.240
-578686.910,-1265849.340,187.240
-578687.090,-1265849.040,187.230
-578687.250,-1265848.770,187.230
-578687.420,-1265848.490,187.220
-578687.590,-1265848.210,187.220
-578687.750,-1265847.940,187.220
-578688.090,-1265847.330,187.215
-578688.260,-1265847.060,187.210
-578686.810,-1265848.710,187.220
-578686.990,-1265848.410,187.220
-578687.150,-1265848.140,187.220
-578687.320,-1265847.860,187.220
-578687.490,-1265847.580,187.220
-578687.640,-1265847.280,187.210
-578687.220,-1265847.620,187.220
-578687.390,-1265847.300,187.210
-578686.720,-1265848.460,187.220
-578686.890,-1265848.180,187.220
-578687.060,-1265847.890,187.225
-578686.460,-1265848.090,187.210
-578686.620,-1265847.820,187.210
-578686.780,-1265847.520,187.210
-578686.950,-1265847.230,187.210
-578686.070,-1265847.970,187.200
-578686.230,-1265847.700,187.190
-578686.400,-1265847.430,187.200
-578685.880,-1265847.700,184.350
-578686.060,-1265847.420,184.365
-578696.690,-1265868.120,187.235
-578696.610,-1265868.040,187.300
-578696.720,-1265867.520,187.230
-578696.300,-1265867.700,187.230
-578695.970,-1265867.860,187.230
-578695.710,-1265867.990,187.220
-578695.340,-1265868.160,187.220
-578696.400,-1265866.930,187.220
-578696.030,-1265867.090,187.220
-578695.650,-1265867.270,187.220
-578695.260,-1265867.440,187.210
-578694.890,-1265867.610,187.210
-578694.490,-1265867.790,187.210
-578694.120,-1265867.960,187.210
-578693.760,-1265868.120,187.210
-578693.490,-1265868.260,187.210
-578693.100,-1265868.440,187.240
-578692.720,-1265868.610,187.425
-578692.320,-1265868.790,187.490
-578696.580,-1265867.260,187.230
-578696.190,-1265867.440,187.230
-578695.820,-1265867.610,187.220
-578695.450,-1265867.770,187.220
-578694.070,-1265868.410,187.220
-578696.360,-1265866.750,187.220
-578695.980,-1265866.930,187.210
-578695.570,-1265867.110,187.210
-578695.190,-1265867.280,187.210
-578694.810,-1265867.460,187.210
-578694.440,-1265867.620,187.210
-578694.060,-1265867.800,187.210
-578693.660,-1265867.980,187.210
-578692.640,-1265868.450,187.210
-578692.240,-1265868.630,187.400
-578691.790,-1265868.830,187.500
-578691.480,-1265868.980,187.510
-578691.100,-1265869.150,187.515
-578691.530,-1265869.150,187.510
-578691.250,-1265869.290,187.520
-578690.880,-1265869.450,187.520
-578695.420,-1265866.790,187.210
-578695.010,-1265866.980,187.210
-578694.650,-1265867.140,187.210
-578694.290,-1265867.300,187.210
-578693.890,-1265867.490,187.210
-578693.470,-1265867.670,187.210
-578693.110,-1265867.840,187.200
-578692.710,-1265868.020,187.200
-578692.300,-1265868.200,187.210
-578690.950,-1265868.830,187.440
-578696.190,-1265866.440,187.220
-578695.790,-1265866.620,187.210
-578695.640,-1265866.290,187.210
-578695.240,-1265866.470,187.210
-578694.870,-1265866.640,187.210
-578694.510,-1265866.800,187.200
-578694.100,-1265866.990,187.200
-578693.700,-1265867.170,187.200
-578693.330,-1265867.340,187.190
-578692.920,-1265867.520,187.190
-578692.530,-1265867.700,187.190
-578692.130,-1265867.880,187.190
-578691.750,-1265868.050,187.190
-578691.380,-1265868.220,187.190
-578691.000,-1265868.390,187.190
-578690.400,-1265868.680,187.170
-578696.890,-1265865.730,187.210
-578696.440,-1265865.930,187.210
-578696.010,-1265866.120,187.210
-578693.150,-1265867.060,187.190
-578692.750,-1265867.240,187.190
-578692.350,-1265867.420,187.190
-578691.990,-1265867.580,187.190
-578691.600,-1265867.760,187.190
-578691.220,-1265867.930,187.180
-578690.850,-1265868.100,187.175
-578690.450,-1265868.280,187.170
-578690.080,-1265868.440,187.170
-578696.240,-1265865.660,187.210
-578695.880,-1265865.820,187.210
-578695.460,-1265866.010,187.210
-578695.090,-1265866.180,187.200
-578694.740,-1265866.340,187.200
-578694.320,-1265866.530,187.200
-578693.920,-1265866.710,187.190
-578693.570,-1265866.870,187.190
-578696.010,-1265865.270,187.210
-578695.630,-1265865.440,187.210
-578695.260,-1265865.610,187.200
-578694.850,-1265865.790,187.200
-578694.450,-1265865.970,187.190
-578694.080,-1265866.140,187.190
-578693.690,-1265866.320,187.190
-578693.280,-1265866.510,187.190
-578692.880,-1265866.690,187.180
-578692.510,-1265866.850,187.180
-578692.130,-1265867.020,187.180
-578691.780,-1265867.180,187.180
-578696.150,-1265865.440,187.210
-578695.740,-1265865.620,187.210
-578695.380,-1265865.780,187.200
-578695.010,-1265865.950,187.200
-578694.610,-1265866.130,187.200
-578694.210,-1265866.310,187.190
-578693.830,-1265866.480,187.190
-578693.430,-1265866.670,187.190
-578693.030,-1265866.850,187.190
-578692.640,-1265867.020,187.190
-578692.260,-1265867.190,187.190
-578691.880,-1265867.370,187.190
-578691.510,-1265867.530,187.180
-578691.140,-1265867.700,187.180
-578690.730,-1265867.890,187.170
-578690.360,-1265868.050,187.170
-578689.960,-1265868.240,187.170
-578689.580,-1265868.410,187.170
-578696.200,-1265864.660,187.210
-578695.830,-1265864.830,187.210
-578695.460,-1265865.000,187.200
-578695.050,-1265865.180,187.200
-578694.660,-1265865.360,187.190
-578694.290,-1265865.530,187.190
-578693.890,-1265865.710,187.190
-578693.490,-1265865.890,187.190
-578693.080,-1265866.080,187.180
-578692.700,-1265866.240,187.180
-578692.340,-1265866.410,187.180
-578691.960,-1265866.580,187.180
-578691.600,-1265866.750,187.180
-578691.210,-1265866.920,187.170
-578690.830,-1265867.090,187.170
-578690.420,-1265867.280,187.170
-578690.030,-1265867.450,187.170
-578689.680,-1265867.610,187.170
-578689.260,-1265867.800,187.175
-578688.910,-1265867.960,187.180
-578688.670,-1265868.090,187.170
-578691.400,-1265867.360,187.180
-578690.990,-1265867.540,187.170
-578690.620,-1265867.710,187.170
-578690.230,-1265867.890,187.170
-578689.840,-1265868.060,187.170
-578689.470,-1265868.230,187.170
-578696.090,-1265864.520,187.210
-578695.710,-1265864.690,187.210
-578695.320,-1265864.860,187.200
-578694.910,-1265865.050,187.190
-578694.530,-1265865.220,187.190
-578694.140,-1265865.400,187.190
-578693.730,-1265865.580,187.190
-578693.340,-1265865.760,187.190
-578692.980,-1265865.920,187.180
-578692.600,-1265866.090,187.180
-578692.210,-1265866.270,187.180
-578691.850,-1265866.430,187.180
-578691.450,-1265866.610,187.180
-578691.070,-1265866.780,187.170
-578690.680,-1265866.960,187.170
-578690.300,-1265867.130,187.170
-578689.930,-1265867.300,187.170
-578689.540,-1265867.480,187.170
-578689.120,-1265867.660,187.170
-578688.900,-1265867.780,187.180
-578688.550,-1265867.940,187.175
-578695.960,-1265864.160,187.210
-578695.540,-1265864.350,187.210
-578695.140,-1265864.530,187.200
-578694.790,-1265864.690,187.200
-578694.370,-1265864.880,187.190
-578693.970,-1265865.060,187.190
-578693.580,-1265865.240,187.190
-578693.200,-1265865.410,187.190
-578692.830,-1265865.580,187.180
-578692.460,-1265865.740,187.180
-578692.090,-1265865.910,187.180
-578691.690,-1265866.090,187.170
-578691.310,-1265866.260,187.180
-578690.920,-1265866.440,187.170
-578690.540,-1265866.610,187.170
-578690.170,-1265866.780,187.170
-578689.760,-1265866.960,187.170
-578689.370,-1265867.140,187.180
-578688.990,-1265867.310,187.180
-578688.760,-1265867.430,187.180
-578688.420,-1265867.590,187.180
-578695.810,-1265863.990,187.215
-578695.400,-1265864.170,187.210
-578695.020,-1265864.340,187.200
-578694.630,-1265864.520,187.200
-578694.230,-1265864.700,187.190
-578693.820,-1265864.880,187.190
-578693.460,-1265865.050,187.190
-578693.080,-1265865.220,187.190
-578692.710,-1265865.390,187.180
-578692.330,-1265865.560,187.180
-578691.940,-1265865.730,187.180
-578691.570,-1265865.900,187.175
-578691.170,-1265866.080,187.180
-578690.790,-1265866.250,187.180
-578690.410,-1265866.420,187.170
-578690.020,-1265866.600,187.170
-578689.620,-1265866.780,187.175
-578689.240,-1265866.960,187.180
-578688.860,-1265867.130,187.180
-578688.630,-1265867.250,187.180
-578695.840,-1265863.260,187.220
-578695.460,-1265863.430,187.220
-578695.050,-1265863.610,187.210
-578694.670,-1265863.790,187.200
-578694.250,-1265863.970,187.200
-578693.890,-1265864.140,187.200
-578693.520,-1265864.300,187.200
-578693.150,-1265864.470,187.190
-578692.780,-1265864.640,187.190
-578692.370,-1265864.820,187.180
-578692.000,-1265864.990,187.180
-578691.600,-1265865.170,187.180
-578691.230,-1265865.340,187.180
-578690.850,-1265865.510,187.180
-578690.460,-1265865.690,187.180
-578690.060,-1265865.870,187.180
-578689.680,-1265866.040,187.180
-578689.290,-1265866.220,187.180
-578688.890,-1265866.400,187.180
-578696.000,-1265863.400,187.220
-578695.590,-1265863.580,187.220
-578695.240,-1265863.740,187.210
-578694.820,-1265863.930,187.200
-578694.420,-1265864.110,187.200
-578694.020,-1265864.290,187.200
-578693.650,-1265864.460,187.200
-578693.270,-1265864.630,187.200
-578692.920,-1265864.790,187.190
-578692.530,-1265864.960,187.180
-578692.130,-1265865.140,187.180
-578691.770,-1265865.310,187.180
-578691.360,-1265865.490,187.180
-578691.000,-1265865.660,187.180
-578690.630,-1265865.830,187.170
-578690.210,-1265866.010,187.180
-578689.810,-1265866.200,187.180
-578689.450,-1265866.360,187.180
-578689.060,-1265866.540,187.180
-578696.150,-1265862.830,187.230
-578695.710,-1265863.020,187.230
-578695.290,-1265863.210,187.220
-578694.910,-1265863.390,187.210
-578694.500,-1265863.570,187.205
-578694.130,-1265863.730,187.200
-578693.750,-1265863.910,187.200
-578693.380,-1265864.070,187.200
-578693.030,-1265864.230,187.190
-578692.620,-1265864.420,187.180
-578692.230,-1265864.590,187.180
-578691.840,-1265864.770,187.180
-578691.460,-1265864.940,187.180
-578691.090,-1265865.110,187.180
-578690.700,-1265865.280,187.180
-578690.300,-1265865.470,187.180
-578689.920,-1265865.640,187.180
-578689.540,-1265865.810,187.180
-578689.120,-1265866.000,187.180
-578688.740,-1265866.170,187.180
-578695.500,-1265862.770,187.220
-578695.120,-1265862.940,187.220
-578694.700,-1265863.130,187.210
-578694.320,-1265863.300,187.200
-578693.960,-1265863.470,187.200
-578693.590,-1265863.630,187.200
-578693.220,-1265863.800,187.200
-578692.820,-1265863.980,187.190
-578692.450,-1265864.150,187.180
-578692.050,-1265864.330,187.180
-578691.680,-1265864.500,187.180
-578691.300,-1265864.670,187.180
-578690.890,-1265864.850,187.180
-578690.500,-1265865.030,187.180
-578690.140,-1265865.190,187.180
-578689.730,-1265865.380,187.180
-578689.330,-1265865.560,187.190
-578688.920,-1265865.740,187.190
-578694.550,-1265862.830,187.210
-578694.170,-1265863.000,187.200
-578693.790,-1265863.170,187.200
-578693.430,-1265863.340,187.200
-578693.030,-1265863.520,187.190
-578692.650,-1265863.690,187.180
-578692.250,-1265863.870,187.180
-578691.880,-1265864.030,187.180
-578691.500,-1265864.210,187.180
-578691.120,-1265864.380,187.180
-578690.710,-1265864.570,187.180
-578690.340,-1265864.730,187.180
-578689.950,-1265864.910,187.180
-578689.550,-1265865.090,187.180
-578689.140,-1265865.280,187.190
-578688.770,-1265865.440,187.190
-578693.610,-1265862.860,187.200
-578693.210,-1265863.040,187.190
-578692.840,-1265863.210,187.190
-578692.430,-1265863.390,187.185
-578692.070,-1265863.560,187.180
-578691.690,-1265863.730,187.180
-578691.290,-1265863.910,187.180
-578690.900,-1265864.090,187.185
-578690.540,-1265864.250,187.190
-578690.120,-1265864.440,187.190
-578689.730,-1265864.610,187.190
-578689.340,-1265864.790,187.190
-578688.960,-1265864.960,187.190
-578689.200,-1265864.660,187.190
-578688.840,-1265864.830,187.190
-578693.090,-1265862.900,187.190
-578692.670,-1265863.090,187.190
-578692.310,-1265863.260,187.185
-578691.940,-1265863.420,187.180
-578691.550,-1265863.600,187.180
-578691.150,-1265863.780,187.190
-578690.780,-1265863.950,187.190
-578690.370,-1265864.130,187.190
-578689.970,-1265864.310,187.190
-578689.590,-1265864.490,187.190
-578692.120,-1265862.940,187.190
-578691.710,-1265863.130,187.190
-578691.320,-1265863.310,187.190
-578690.950,-1265863.470,187.190
-578690.570,-1265863.650,187.190
-578690.150,-1265863.830,187.190
-578689.760,-1265864.010,187.200
-578689.390,-1265864.180,187.200
-578689.000,-1265864.350,187.200
-578691.560,-1265862.970,187.190
-578691.190,-1265863.140,187.190
-578690.790,-1265863.320,187.190
-578690.370,-1265863.510,187.190
-578689.970,-1265863.690,187.200
-578689.620,-1265863.850,187.200
-578689.240,-1265864.020,187.200
-578688.880,-1265864.180,187.200
-578690.480,-1265862.930,187.190
-578690.080,-1265863.120,187.200
-578689.730,-1265863.280,187.200
-578689.350,-1265863.450,187.200
-578688.970,-1265863.620,187.210
-578688.600,-1265863.780,187.210
-578690.000,-1265863.100,187.200
-578689.620,-1265863.270,187.200
-578689.260,-1265863.440,187.200
-578688.890,-1265863.610,187.210
-578688.480,-1265863.790,187.210
-578689.000,-1265863.100,187.210
-578688.610,-1265863.280,187.210
-578688.410,-1265863.110,187.210
-578695.920,-1265862.580,187.220
-578695.720,-1265862.300,187.230
-578695.320,-1265862.480,187.220
-578694.910,-1265862.670,187.210
-578695.910,-1265861.820,187.230
-578695.500,-1265862.010,187.220
-578695.090,-1265862.190,187.220
-578694.350,-1265862.530,187.210
-578693.980,-1265862.690,187.200
-578695.340,-1265861.890,187.220
-578694.980,-1265862.050,187.220
-578694.590,-1265862.220,187.210
-578694.230,-1265862.390,187.210
-578693.850,-1265862.560,187.200
-578693.460,-1265862.740,187.200
-578694.400,-1265861.910,187.210
-578694.030,-1265862.080,187.210
-578693.630,-1265862.260,187.200
-578693.260,-1265862.430,187.200
-578692.860,-1265862.610,187.190
-578692.490,-1265862.780,187.190
-578693.870,-1265861.930,187.210
-578693.490,-1265862.100,187.200
-578693.090,-1265862.280,187.200
-578692.720,-1265862.450,187.190
-578692.350,-1265862.610,187.190
-578691.950,-1265862.790,187.190
-578692.820,-1265861.880,187.210
-578692.460,-1265862.040,187.200
-578692.050,-1265862.220,187.200
-578691.660,-1265862.400,187.190
-578691.290,-1265862.570,187.190
-578690.900,-1265862.750,187.190
-578692.340,-1265862.050,187.200
-578691.930,-1265862.230,187.190
-578691.560,-1265862.400,187.200
-578691.160,-1265862.580,187.190
-578690.760,-1265862.760,187.190
-578690.370,-1265862.930,187.200
-578691.280,-1265862.070,187.200
-578690.880,-1265862.250,187.200
-578690.480,-1265862.430,187.200
-578690.120,-1265862.590,187.200
-578689.740,-1265862.760,187.200
-578689.380,-1265862.930,187.210
-578690.650,-1265862.100,187.200
-578690.290,-1265862.270,187.200
-578689.930,-1265862.430,187.200
-578689.550,-1265862.600,187.200
-578689.170,-1265862.770,187.210
-578688.780,-1265862.950,187.210
-578689.670,-1265862.130,187.210
-578689.290,-1265862.300,187.210
-578688.880,-1265862.490,187.210
-578688.510,-1265862.650,187.210
-578689.540,-1265862.050,187.210
-578689.130,-1265862.230,187.210
-578688.760,-1265862.400,187.210
-578688.380,-1265862.570,187.210
-578688.500,-1265862.190,187.220
-578688.180,-1265862.340,187.220
-578695.740,-1265861.710,187.230
-578695.530,-1265861.410,187.220
-578695.150,-1265861.580,187.220
-578694.760,-1265861.750,187.215
-578695.360,-1265861.250,187.220
-578695.010,-1265861.420,187.220
-578694.630,-1265861.590,187.215
-578694.250,-1265861.750,187.210
-578695.480,-1265860.670,187.220
-578695.100,-1265860.850,187.220
-578694.730,-1265861.020,187.220
-578694.370,-1265861.180,187.210
-578693.960,-1265861.360,187.210
-578693.600,-1265861.530,187.210
-578693.200,-1265861.700,187.210
-578695.380,-1265860.670,187.220
-578695.020,-1265860.830,187.220
-578694.640,-1265861.000,187.220
-578694.240,-1265861.190,187.210
-578693.890,-1265861.350,187.210
-578693.480,-1265861.530,187.210
-578693.100,-1265861.700,187.210
-578692.760,-1265861.860,187.210
-578691.680,-1265861.890,187.200
-578695.500,-1265860.160,187.230
-578695.130,-1265860.330,187.230
-578694.750,-1265860.500,187.220
-578694.370,-1265860.680,187.220
-578693.990,-1265860.850,187.220
-578693.600,-1265861.020,187.220
-578693.230,-1265861.190,187.215
-578692.850,-1265861.360,187.220
-578692.440,-1265861.540,187.210
-578692.060,-1265861.720,187.210
-578695.720,-1265859.820,187.230
-578695.290,-1265860.000,187.230
-578694.920,-1265860.170,187.220
-578694.540,-1265860.340,187.220
-578694.150,-1265860.520,187.220
-578693.760,-1265860.700,187.220
-578693.410,-1265860.860,187.220
-578693.030,-1265861.030,187.220
-578692.630,-1265861.210,187.220
-578692.230,-1265861.390,187.210
-578691.870,-1265861.550,187.210
-578691.450,-1265861.740,187.210
-578691.060,-1265861.920,187.205
-578695.420,-1265859.530,187.230
-578695.040,-1265859.700,187.230
-578694.640,-1265859.880,187.220
-578694.280,-1265860.050,187.220
-578693.870,-1265860.230,187.220
-578693.500,-1265860.400,187.220
-578693.130,-1265860.570,187.220
-578692.750,-1265860.740,187.230
-578692.360,-1265860.920,187.230
-578691.970,-1265861.090,187.220
-578691.580,-1265861.270,187.220
-578691.170,-1265861.450,187.210
-578690.770,-1265861.630,187.210
-578690.410,-1265861.790,187.210
-578690.030,-1265861.970,187.210
-578695.280,-1265859.450,187.230
-578694.870,-1265859.630,187.230
-578694.530,-1265859.790,187.230
-578694.100,-1265859.980,187.220
-578693.740,-1265860.150,187.220
-578693.400,-1265860.300,187.220
-578692.980,-1265860.490,187.230
-578692.580,-1265860.670,187.230
-578692.230,-1265860.830,187.230
-578691.820,-1265861.010,187.220
-578691.420,-1265861.200,187.220
-578691.010,-1265861.380,187.210
-578690.650,-1265861.540,187.210
-578690.270,-1265861.710,187.210
-578689.920,-1265861.880,187.210
-578695.430,-1265859.060,187.240
-578695.020,-1265859.240,187.240
-578694.640,-1265859.410,187.230
-578694.250,-1265859.590,187.230
-578693.880,-1265859.750,187.220
-578693.510,-1265859.920,187.220
-578693.120,-1265860.100,187.230
-578692.730,-1265860.280,187.230
-578692.340,-1265860.450,187.230
-578691.960,-1265860.620,187.230
-578691.550,-1265860.810,187.230
-578691.160,-1265860.990,187.220
-578690.790,-1265861.150,187.220
-578690.420,-1265861.320,187.220
-578690.040,-1265861.490,187.210
-578689.670,-1265861.660,187.220
-578689.270,-1265861.840,187.220
-578688.900,-1265862.000,187.220
-578695.160,-1265858.780,187.240
-578694.810,-1265858.940,187.240
-578694.420,-1265859.120,187.240
-578694.030,-1265859.290,187.230
-578693.660,-1265859.460,187.230
-578693.270,-1265859.640,187.230
-578692.880,-1265859.810,187.230
-578692.510,-1265859.980,187.240
-578692.110,-1265860.160,187.240
-578691.720,-1265860.340,187.240
-578691.320,-1265860.520,187.230
-578690.940,-1265860.690,187.230
-578690.570,-1265860.860,187.220
-578690.210,-1265861.020,187.220
-578689.830,-1265861.190,187.220
-578689.440,-1265861.370,187.220
-578689.060,-1265861.540,187.220
-578688.650,-1265861.730,187.230
-578688.290,-1265861.890,187.230
-578688.060,-1265862.010,187.220
-578695.330,-1265858.440,187.240
-578694.970,-1265858.600,187.240
-578694.570,-1265858.780,187.240
-578694.200,-1265858.950,187.240
-578693.830,-1265859.120,187.230
-578693.440,-1265859.290,187.230
-578693.040,-1265859.470,187.230
-578692.670,-1265859.640,187.230
-578692.280,-1265859.820,187.240
-578691.880,-1265860.000,187.240
-578691.490,-1265860.180,187.240
-578691.110,-1265860.350,187.240
-578690.740,-1265860.510,187.230
-578690.370,-1265860.680,187.230
-578689.600,-1265861.030,187.220
-578689.230,-1265861.200,187.220
-578688.830,-1265861.380,187.230
-578688.450,-1265861.550,187.230
-578688.100,-1265861.710,187.230
-578687.840,-1265861.840,187.225
-578695.160,-1265858.240,187.240
-578694.760,-1265858.420,187.240
-578694.390,-1265858.580,187.240
-578694.020,-1265858.750,187.240
-578693.620,-1265858.930,187.230
-578693.220,-1265859.110,187.230
-578692.860,-1265859.270,187.235
-578692.470,-1265859.450,187.240
-578692.070,-1265859.630,187.240
-578691.670,-1265859.810,187.245
-578691.310,-1265859.980,187.240
-578690.930,-1265860.150,187.240
-578690.560,-1265860.310,187.240
-578690.200,-1265860.480,187.230
-578689.780,-1265860.660,187.230
-578689.420,-1265860.830,187.230
-578689.020,-1265861.010,187.230
-578688.650,-1265861.180,187.230
-578688.280,-1265861.340,187.230
-578688.030,-1265861.470,187.230
-578687.670,-1265861.640,187.230
-578694.980,-1265858.190,187.240
-578694.610,-1265858.360,187.240
-578694.240,-1265858.530,187.240
-578693.850,-1265858.700,187.240
-578693.450,-1265858.880,187.230
-578693.080,-1265859.050,187.230
-578692.680,-1265859.230,187.240
-578692.290,-1265859.410,187.240
-578691.890,-1265859.590,187.240
-578691.540,-1265859.750,187.250
-578691.160,-1265859.920,187.250
-578690.780,-1265860.090,187.240
-578690.410,-1265860.250,187.240
-578690.020,-1265860.430,187.230
-578689.640,-1265860.600,187.230
-578689.240,-1265860.780,187.230
-578688.870,-1265860.950,187.230
-578688.510,-1265861.110,187.230
-578687.850,-1265861.430,187.240
-578695.090,-1265857.620,187.240
-578694.740,-1265857.780,187.240
-578694.380,-1265857.950,187.240
-578693.960,-1265858.130,187.240
-578693.550,-1265858.320,187.240
-578693.200,-1265858.480,187.230
-578692.800,-1265858.660,187.240
-578692.420,-1265858.830,187.240
-578692.010,-1265859.020,187.240
-578691.650,-1265859.180,187.250
-578691.290,-1265859.340,187.250
-578690.920,-1265859.510,187.250
-578690.530,-1265859.680,187.240
-578690.140,-1265859.860,187.240
-578689.770,-1265860.030,187.240
-578689.360,-1265860.210,187.230
-578689.020,-1265860.370,187.230
-578688.630,-1265860.540,187.230
-578688.220,-1265860.730,187.240
-578695.310,-1265857.400,187.240
-578694.940,-1265857.570,187.240
-578694.570,-1265857.730,187.240
-578694.230,-1265857.890,187.240
-578693.780,-1265858.090,187.240
-578693.420,-1265858.250,187.230
-578693.010,-1265858.440,187.230
-578692.610,-1265858.620,187.240
-578692.210,-1265858.800,187.240
-578691.850,-1265858.960,187.240
-578691.500,-1265859.120,187.250
-578691.120,-1265859.290,187.250
-578690.760,-1265859.460,187.250
-578690.350,-1265859.640,187.240
-578689.980,-1265859.810,187.240
-578689.590,-1265859.980,187.240
-578689.210,-1265860.150,187.230
-578688.840,-1265860.320,187.230
-578688.440,-1265860.500,187.240
-578695.100,-1265857.160,187.240
-578694.740,-1265857.320,187.240
-578694.330,-1265857.510,187.240
-578693.950,-1265857.680,187.240
-578693.600,-1265857.840,187.230
-578693.180,-1265858.030,187.230
-578692.780,-1265858.210,187.230
-578692.390,-1265858.380,187.230
-578692.030,-1265858.550,187.240
-578691.660,-1265858.710,187.240
-578691.300,-1265858.880,187.250
-578690.930,-1265859.040,187.250
-578690.520,-1265859.230,187.250
-578690.170,-1265859.390,187.240
-578689.760,-1265859.570,187.240
-578689.380,-1265859.740,187.240
-578689.010,-1265859.910,187.230
-578688.610,-1265860.090,187.230
-578688.210,-1265860.270,187.240
-578687.920,-1265860.410,187.245
-578695.080,-1265856.610,187.220
-578694.690,-1265856.790,187.230
-578695.390,-1265856.930,187.230
-578694.950,-1265857.120,187.240
-578694.580,-1265857.290,187.240
-578694.160,-1265857.470,187.240
-578693.810,-1265857.630,187.240
-578693.390,-1265857.820,187.230
-578693.000,-1265858.000,187.230
-578692.610,-1265858.180,187.230
-578692.240,-1265858.340,187.230
-578691.870,-1265858.510,187.240
-578691.510,-1265858.680,187.240
-578691.130,-1265858.850,187.250
-578690.740,-1265859.020,187.250
-578690.370,-1265859.190,187.250
-578689.970,-1265859.370,187.240
-578689.600,-1265859.540,187.240
-578689.230,-1265859.700,187.240
-578688.820,-1265859.890,187.240
-578688.440,-1265860.060,187.240
-578688.070,-1265860.230,187.240
-578687.790,-1265860.370,187.250
-578694.860,-1265856.500,187.220
-578694.460,-1265856.680,187.220
-578694.090,-1265856.850,187.230
-578693.720,-1265857.020,187.230
-578693.300,-1265857.210,187.225
-578694.330,-1265856.950,187.230
-578693.920,-1265857.130,187.230
-578693.570,-1265857.300,187.230
-578693.140,-1265857.490,187.230
-578692.740,-1265857.670,187.230
-578692.370,-1265857.830,187.230
-578692.000,-1265858.000,187.230
-578691.650,-1265858.160,187.230
-578691.270,-1265858.330,187.240
-578690.870,-1265858.510,187.245
-578690.520,-1265858.670,187.250
-578690.100,-1265858.860,187.240
-578689.740,-1265859.020,187.240
-578689.380,-1265859.180,187.240
-578688.970,-1265859.370,187.240
-578688.560,-1265859.550,187.240
-578688.190,-1265859.720,187.240
-578687.830,-1265859.890,187.240
-578687.550,-1265860.030,187.250
-578695.040,-1265856.100,187.220
-578694.660,-1265856.270,187.220
-578694.280,-1265856.440,187.220
-578693.900,-1265856.610,187.220
-578693.500,-1265856.790,187.220
-578693.090,-1265856.980,187.220
-578692.740,-1265857.140,187.220
-578692.370,-1265857.310,187.220
-578692.920,-1265857.380,187.220
-578692.550,-1265857.550,187.230
-578692.180,-1265857.710,187.230
-578691.830,-1265857.870,187.230
-578691.450,-1265858.040,187.230
-578691.060,-1265858.220,187.240
-578690.690,-1265858.390,187.240
-578690.300,-1265858.570,187.245
-578689.940,-1265858.730,187.245
-578689.540,-1265858.910,187.240
-578689.160,-1265859.080,187.240
-578688.760,-1265859.260,187.240
-578688.380,-1265859.430,187.240
-578687.990,-1265859.610,187.240
-578687.730,-1265859.740,187.240
-578694.850,-1265856.050,187.220
-578694.500,-1265856.210,187.220
-578694.110,-1265856.390,187.220
-578693.700,-1265856.580,187.220
-578693.320,-1265856.750,187.220
-578692.950,-1265856.920,187.220
-578692.570,-1265857.090,187.220
-578692.220,-1265857.250,187.220
-578691.990,-1265857.470,187.225
-578691.640,-1265857.640,187.230
-578691.240,-1265857.810,187.230
-578690.860,-1265857.990,187.240
-578690.480,-1265858.160,187.230
-578689.340,-1265858.670,187.240
-578688.950,-1265858.850,187.240
-578688.580,-1265859.020,187.240
-578688.160,-1265859.200,187.240
-578695.020,-1265855.620,187.210
-578694.630,-1265855.790,187.210
-578691.840,-1265857.420,187.220
-578691.450,-1265857.590,187.230
-578691.090,-1265857.760,187.230
-578690.680,-1265857.940,187.235
-578690.330,-1265858.100,187.240
-578689.150,-1265858.630,187.240
-578688.790,-1265858.800,187.240
-578688.390,-1265858.970,187.240
-578687.980,-1265859.160,187.240
-578694.810,-1265855.420,187.210
-578694.390,-1265855.610,187.210
-578694.240,-1265855.970,187.210
-578693.860,-1265856.140,187.210
-578693.450,-1265856.330,187.210
-578693.080,-1265856.490,187.210
-578692.710,-1265856.660,187.210
-578692.350,-1265856.820,187.210
-578691.990,-1265856.990,187.220
-578691.590,-1265857.170,187.220
-578691.230,-1265857.330,187.220
-578690.830,-1265857.510,187.230
-578690.460,-1265857.680,187.230
-578690.100,-1265857.840,187.230
-578689.320,-1265858.190,187.240
-578688.940,-1265858.370,187.240
-578688.540,-1265858.540,187.240
-578688.120,-1265858.730,187.240
-578694.020,-1265855.780,187.210
-578693.610,-1265855.960,187.210
-578693.240,-1265856.130,187.210
-578692.880,-1265856.290,187.210
-578692.500,-1265856.460,187.210
-578692.150,-1265856.620,187.210
-578691.760,-1265856.800,187.210
-578691.390,-1265856.960,187.220
-578690.990,-1265857.150,187.220
-578690.630,-1265857.310,187.220
-578690.260,-1265857.480,187.230
-578689.100,-1265858.000,187.240
-578688.700,-1265858.180,187.240
-578688.310,-1265858.360,187.240
-578687.910,-1265858.540,187.240
-578687.680,-1265858.660,187.240
-578687.320,-1265858.820,187.240
-578695.050,-1265855.240,187.200
-578694.650,-1265855.420,187.210
-578694.250,-1265855.600,187.210
-578693.860,-1265855.780,187.210
-578693.500,-1265855.950,187.210
-578693.130,-1265856.110,187.210
-578692.760,-1265856.280,187.210
-578692.400,-1265856.440,187.210
-578691.990,-1265856.630,187.210
-578691.630,-1265856.790,187.210
-578691.240,-1265856.970,187.215
-578690.860,-1265857.140,187.220
-578690.500,-1265857.300,187.220
-578690.100,-1265857.480,187.230
-578689.360,-1265857.820,187.240
-578688.960,-1265858.000,187.240
-578688.550,-1265858.180,187.240
-578688.160,-1265858.360,187.240
-578687.800,-1265858.520,187.240
-578687.560,-1265858.640,187.240
-578693.570,-1265855.390,187.200
-578693.220,-1265855.550,187.200
-578692.840,-1265855.720,187.200
-578692.460,-1265855.890,187.200
-578692.080,-1265856.060,187.200
-578691.710,-1265856.230,187.200
-578691.310,-1265856.410,187.210
-578690.950,-1265856.570,187.210
-578690.590,-1265856.740,187.210
-578690.190,-1265856.920,187.210
-578689.800,-1265857.090,187.220
-578689.440,-1265857.260,187.230
-578689.040,-1265857.440,187.230
-578688.650,-1265857.620,187.235
-578688.250,-1265857.800,187.240
-578687.880,-1265857.960,187.240
-578687.620,-1265858.090,187.240
-578687.290,-1265858.240,187.245
-578694.730,-1265854.870,187.200
-578694.340,-1265855.040,187.200
-578693.930,-1265855.230,187.200
-578694.950,-1265854.670,187.200
-578694.550,-1265854.850,187.200
-578694.160,-1265855.020,187.200
-578693.800,-1265855.190,187.200
-578693.430,-1265855.350,187.200
-578693.060,-1265855.520,187.200
-578692.700,-1265855.680,187.200
-578692.300,-1265855.860,187.190
-578691.940,-1265856.030,187.200
-578691.540,-1265856.210,187.200
-578691.170,-1265856.380,187.210
-578690.800,-1265856.540,187.210
-578690.410,-1265856.720,187.210
-578690.010,-1265856.900,187.210
-578689.660,-1265857.060,187.220
-578689.260,-1265857.240,187.230
-578688.860,-1265857.420,187.230
-578688.470,-1265857.600,187.240
-578688.100,-1265857.760,187.240
-578687.720,-1265857.930,187.250
-578687.510,-1265858.040,187.250
-578688.560,-1265857.150,187.230
-578688.200,-1265857.310,187.240
-578687.830,-1265857.480,187.240
-578694.660,-1265854.390,187.200
-578694.270,-1265854.570,187.200
-578693.890,-1265854.740,187.200
-578693.540,-1265854.900,187.200
-578693.170,-1265855.070,187.200
-578692.790,-1265855.240,187.200
-578692.390,-1265855.420,187.190
-578692.030,-1265855.580,187.190
-578691.610,-1265855.770,187.200
-578691.270,-1265855.930,187.205
-578690.900,-1265856.090,187.210
-578690.520,-1265856.270,187.210
-578690.120,-1265856.450,187.210
-578689.750,-1265856.610,187.210
-578689.350,-1265856.790,187.220
-578688.970,-1265856.970,187.230
-578694.870,-1265854.210,187.190
-578694.490,-1265854.390,187.200
-578694.110,-1265854.560,187.200
-578693.750,-1265854.720,187.200
-578693.390,-1265854.880,187.200
-578693.010,-1265855.050,187.200
-578692.630,-1265855.220,187.195
-578692.260,-1265855.390,187.190
-578691.860,-1265855.570,187.190
-578691.480,-1265855.740,187.200
-578691.130,-1265855.900,187.205
-578690.730,-1265856.080,187.210
-578690.340,-1265856.260,187.210
-578689.980,-1265856.420,187.210
-578689.560,-1265856.610,187.210
-578689.180,-1265856.780,187.220
-578688.780,-1265856.960,187.230
-578688.420,-1265857.130,187.230
-578688.050,-1265857.290,187.240
-578694.590,-1265853.990,187.200
-578694.230,-1265854.150,187.200
-578693.860,-1265854.320,187.200
-578693.480,-1265854.490,187.200
-578693.130,-1265854.650,187.200
-578692.740,-1265854.820,187.200
-578692.370,-1265854.990,187.200
-578691.980,-1265855.170,187.200
-578691.590,-1265855.340,187.200
-578691.250,-1265855.490,187.210
-578690.850,-1265855.680,187.210
-578690.450,-1265855.860,187.210
-578690.090,-1265856.020,187.210
-578689.700,-1265856.200,187.210
-578689.290,-1265856.380,187.210
-578688.910,-1265856.550,187.220
-578688.530,-1265856.730,187.230
-578688.160,-1265856.890,187.230
-578687.800,-1265857.050,187.230
-578694.750,-1265853.630,187.190
-578694.380,-1265853.790,187.190
-578694.000,-1265853.970,187.200
-578693.650,-1265854.130,187.200
-578693.280,-1265854.290,187.200
-578692.880,-1265854.470,187.200
-578692.510,-1265854.640,187.200
-578692.130,-1265854.820,187.200
-578691.760,-1265854.980,187.200
-578691.390,-1265855.150,187.200
-578691.010,-1265855.320,187.210
-578690.620,-1265855.500,187.210
-578690.250,-1265855.660,187.210
-578689.860,-1265855.840,187.210
-578689.450,-1265856.030,187.210
-578689.040,-1265856.210,187.210
-578688.690,-1265856.370,187.220
-578688.320,-1265856.540,187.220
-578687.950,-1265856.700,187.230
-578687.590,-1265856.870,187.240
-578687.340,-1265856.990,187.240
-578694.490,-1265853.420,187.190
-578694.130,-1265853.580,187.190
-578693.760,-1265853.750,187.200
-578693.390,-1265853.910,187.200
-578693.000,-1265854.090,187.200
-578692.630,-1265854.260,187.200
-578692.240,-1265854.430,187.200
-578691.870,-1265854.600,187.200
-578691.520,-1265854.760,187.200
-578691.110,-1265854.940,187.210
-578690.730,-1265855.120,187.210
-578690.370,-1265855.280,187.215
-578689.970,-1265855.460,187.220
-578689.560,-1265855.640,187.220
-578689.160,-1265855.820,187.210
-578688.800,-1265855.990,187.215
-578688.430,-1265856.150,187.220
-578688.060,-1265856.320,187.230
-578687.700,-1265856.480,187.230
-578687.420,-1265856.620,187.230
-578687.090,-1265856.770,187.245
-578694.670,-1265853.120,187.190
-578694.300,-1265853.290,187.190
-578693.940,-1265853.460,187.190
-578693.570,-1265853.620,187.190
-578693.180,-1265853.800,187.190
-578692.800,-1265853.970,187.200
-578692.420,-1265854.140,187.200
-578692.050,-1265854.310,187.200
-578691.680,-1265854.480,187.200
-578691.300,-1265854.650,187.200
-578690.900,-1265854.830,187.210
-578690.530,-1265855.000,187.210
-578690.150,-1265855.170,187.220
-578689.740,-1265855.360,187.220
-578689.340,-1265855.540,187.220
-578688.970,-1265855.700,187.220
-578688.600,-1265855.870,187.210
-578688.250,-1265856.030,187.220
-578687.880,-1265856.200,187.230
-578687.480,-1265856.380,187.230
-578687.250,-1265856.500,187.235
-578694.450,-1265853.040,187.190
-578694.080,-1265853.210,187.190
-578693.710,-1265853.380,187.190
-578693.330,-1265853.550,187.190
-578692.970,-1265853.710,187.190
-578692.580,-1265853.890,187.190
-578692.210,-1265854.060,187.200
-578691.850,-1265854.220,187.200
-578691.440,-1265854.400,187.200
-578691.050,-1265854.580,187.200
-578690.690,-1265854.740,187.210
-578690.300,-1265854.920,187.220
-578689.900,-1265855.100,187.220
-578689.490,-1265855.280,187.220
-578689.140,-1265855.440,187.220
-578688.770,-1265855.610,187.210
-578688.390,-1265855.780,187.220
-578688.030,-1265855.940,187.220
-578687.630,-1265856.120,187.230
-578687.380,-1265856.250,187.230
-578687.020,-1265856.410,187.250
-578694.630,-1265852.610,187.190
-578694.270,-1265852.770,187.190
-578693.900,-1265852.940,187.190
-578693.510,-1265853.120,187.190
-578693.150,-1265853.280,187.190
-578692.750,-1265853.460,187.190
-578692.380,-1265853.630,187.200
-578692.020,-1265853.790,187.190
-578691.630,-1265853.970,187.200
-578691.220,-1265854.150,187.200
-578690.860,-1265854.320,187.200
-578690.470,-1265854.490,187.210
-578690.080,-1265854.670,187.215
-578689.680,-1265854.850,187.220
-578689.320,-1265855.020,187.220
-578688.940,-1265855.180,187.215
-578688.580,-1265855.350,187.220
-578688.200,-1265855.520,187.220
-578687.820,-1265855.690,187.220
-578687.190,-1265855.990,187.230
-578694.430,-1265852.500,187.190
-578694.070,-1265852.670,187.190
-578693.660,-1265852.850,187.190
-578693.300,-1265853.010,187.190
-578692.900,-1265853.190,187.190
-578692.540,-1265853.360,187.190
-578692.170,-1265853.520,187.190
-578691.780,-1265853.700,187.190
-578691.380,-1265853.880,187.190
-578691.000,-1265854.050,187.200
-578690.640,-1265854.220,187.200
-578690.230,-1265854.400,187.210
-578689.840,-1265854.580,187.220
-578689.480,-1265854.740,187.220
-578689.110,-1265854.910,187.220
-578688.740,-1265855.070,187.220
-578688.380,-1265855.240,187.220
-578687.970,-1265855.420,187.220
-578687.600,-1265855.590,187.220
-578687.320,-1265855.720,187.225
-578694.590,-1265852.100,187.190
-578694.220,-1265852.270,187.190
-578693.830,-1265852.450,187.190
-578693.450,-1265852.620,187.190
-578693.060,-1265852.790,187.185
-578692.690,-1265852.960,187.180
-578692.320,-1265853.130,187.185
-578691.940,-1265853.300,187.190
-578691.550,-1265853.470,187.190
-578691.180,-1265853.640,187.190
-578690.790,-1265853.820,187.195
-578690.400,-1265854.000,187.200
-578690.010,-1265854.170,187.210
-578689.640,-1265854.340,187.220
-578689.260,-1265854.510,187.220
-578688.930,-1265854.670,187.220
-578688.530,-1265854.840,187.220
-578688.140,-1265855.020,187.220
-578687.780,-1265855.180,187.220
-578692.950,-1265852.840,187.190
-578692.590,-1265853.010,187.180
-578692.190,-1265853.180,187.190
-578691.810,-1265853.360,187.190
-578691.440,-1265853.520,187.190
-578691.030,-1265853.710,187.190
-578690.660,-1265853.880,187.200
-578690.260,-1265854.060,187.200
-578689.880,-1265854.230,187.210
-578689.550,-1265854.380,187.220
-578689.160,-1265854.560,187.220
-578688.810,-1265854.720,187.220
-578694.480,-1265852.150,187.190
-578694.080,-1265852.330,187.190
-578693.720,-1265852.490,187.190
-578693.310,-1265852.680,187.190
-578694.600,-1265851.630,187.190
-578694.180,-1265851.810,187.190
-578693.820,-1265851.970,187.190
-578693.410,-1265852.160,187.180
-578693.050,-1265852.320,187.180
-578692.690,-1265852.480,187.180
-578688.410,-1265854.890,187.220
-578688.030,-1265855.070,187.220
-578687.630,-1265855.250,187.220
-578694.370,-1265851.610,187.190
-578694.010,-1265851.770,187.185
-578693.610,-1265851.950,187.180
-578692.290,-1265852.660,187.180
-578691.540,-1265853.000,187.180
-578691.150,-1265853.180,187.180
-578690.740,-1265853.370,187.190
-578690.360,-1265853.540,187.200
-578689.990,-1265853.700,187.200
-578689.630,-1265853.870,187.210
-578689.270,-1265854.030,187.220
-578688.900,-1265854.200,187.220
-578688.500,-1265854.380,187.230
-578688.140,-1265854.540,187.230
-578687.750,-1265854.720,187.230
-578687.380,-1265854.890,187.230
-578693.250,-1265852.110,187.180
-578692.860,-1265852.290,187.180
-578692.470,-1265852.460,187.180
-578692.080,-1265852.640,187.180
-578691.720,-1265852.800,187.180
-578691.330,-1265852.980,187.180
-578690.930,-1265853.160,187.180
-578690.540,-1265853.340,187.190
-578690.170,-1265853.500,187.200
-578689.820,-1265853.660,187.200
-578689.450,-1265853.830,187.220
-578689.090,-1265853.990,187.220
-578688.690,-1265854.170,187.230
-578688.340,-1265854.330,187.230
-578687.940,-1265854.510,187.230
-578687.560,-1265854.680,187.230
-578687.240,-1265854.830,187.230
-578694.500,-1265851.130,187.190
-578694.140,-1265851.300,187.180
-578693.740,-1265851.480,187.180
-578693.370,-1265851.640,187.180
-578693.010,-1265851.810,187.180
-578692.620,-1265851.980,187.170
-578692.210,-1265852.170,187.170
-578691.860,-1265852.330,187.170
-578691.460,-1265852.510,187.170
-578691.040,-1265852.690,187.170
-578690.650,-1265852.870,187.180
-578690.280,-1265853.040,187.190
-578689.930,-1265853.200,187.200
-578689.580,-1265853.360,187.210
-578689.240,-1265853.510,187.220
-578688.820,-1265853.700,187.230
-578688.460,-1265853.870,187.230
-578688.060,-1265854.040,187.230
-578687.700,-1265854.210,187.240
-578687.320,-1265854.380,187.235
-578687.070,-1265854.500,187.230
-578694.360,-1265851.170,187.190
-578693.940,-1265851.360,187.180
-578693.590,-1265851.520,187.180
-578693.230,-1265851.680,187.180
-578692.840,-1265851.860,187.180
-578692.440,-1265852.040,187.170
-578692.090,-1265852.200,187.170
-578691.680,-1265852.380,187.170
-578691.290,-1265852.560,187.170
-578690.890,-1265852.740,187.180
-578690.520,-1265852.910,187.180
-578690.160,-1265853.070,187.190
-578689.800,-1265853.240,187.205
-578689.450,-1265853.390,187.215
-578689.050,-1265853.570,187.220
-578688.690,-1265853.740,187.230
-578688.290,-1265853.920,187.230
-578687.920,-1265854.080,187.230
-578687.560,-1265854.250,187.240
-578687.180,-1265854.420,187.230
-578686.910,-1265854.550,187.230
-578694.520,-1265850.680,187.190
-578694.080,-1265850.880,187.180
-578693.710,-1265851.050,187.180
-578693.350,-1265851.210,187.170
-578692.950,-1265851.390,187.170
-578692.570,-1265851.560,187.170
-578692.170,-1265851.740,187.165
-578691.790,-1265851.910,187.160
-578691.400,-1265852.090,187.170
-578691.000,-1265852.270,187.170
-578690.640,-1265852.430,187.170
-578690.280,-1265852.590,187.180
-578689.920,-1265852.760,187.200
-578689.550,-1265852.920,187.220
-578689.180,-1265853.090,187.230
-578688.810,-1265853.260,187.230
-578688.420,-1265853.440,187.230
-578688.060,-1265853.600,187.240
-578687.680,-1265853.770,187.240
-578687.290,-1265853.950,187.240
-578687.030,-1265854.080,187.240
-578694.270,-1265850.660,187.180
-578693.900,-1265850.830,187.180
-578693.530,-1265850.990,187.180
-578693.140,-1265851.170,187.170
-578692.740,-1265851.350,187.170
-578692.360,-1265851.520,187.160
-578691.970,-1265851.700,187.160
-578691.590,-1265851.870,187.160
-578691.190,-1265852.050,187.170
-578690.840,-1265852.210,187.170
-578690.470,-1265852.370,187.180
-578690.100,-1265852.540,187.190
-578689.760,-1265852.700,187.210
-578689.360,-1265852.880,187.220
-578689.020,-1265853.030,187.230
-578688.620,-1265853.220,187.240
-578688.240,-1265853.380,187.240
-578687.880,-1265853.550,187.240
-578687.470,-1265853.730,187.240
-578687.120,-1265853.890,187.240
-578686.830,-1265854.030,187.250
-578694.480,-1265850.200,187.180
-578694.070,-1265850.380,187.180
-578693.700,-1265850.550,187.170
-578693.300,-1265850.730,187.170
-578692.900,-1265850.910,187.160
-578692.550,-1265851.070,187.160
-578692.150,-1265851.250,187.160
-578691.740,-1265851.440,187.160
-578691.360,-1265851.610,187.160
-578691.000,-1265851.770,187.160
-578690.640,-1265851.940,187.170
-578690.280,-1265852.100,187.180
-578689.910,-1265852.260,187.200
-578689.540,-1265852.430,187.220
-578689.180,-1265852.600,187.230
-578688.780,-1265852.780,187.240
-578688.420,-1265852.940,187.240
-578688.050,-1265853.110,187.240
-578687.650,-1265853.290,187.240
-578687.250,-1265853.470,187.240
-578687.010,-1265853.590,187.240
-578694.320,-1265850.270,187.175
-578693.980,-1265850.430,187.180
-578693.570,-1265850.620,187.170
-578693.160,-1265850.800,187.170
-578692.810,-1265850.960,187.160
-578692.420,-1265851.130,187.160
-578692.010,-1265851.320,187.160
-578691.620,-1265851.490,187.160
-578691.250,-1265851.660,187.160
-578690.880,-1265851.830,187.170
-578690.540,-1265851.980,187.170
-578690.170,-1265852.150,187.190
-578689.790,-1265852.320,187.210
-578689.440,-1265852.480,187.225
-578689.060,-1265852.660,187.230
-578688.670,-1265852.830,187.240
-578688.320,-1265852.990,187.240
-578687.930,-1265853.170,187.240
-578687.530,-1265853.350,187.240
-578687.160,-1265853.510,187.240
-578686.890,-1265853.650,187.240
-578694.120,-1265849.920,187.175
-578693.740,-1265850.090,187.170
-578693.330,-1265850.280,187.160
-578692.960,-1265850.440,187.160
-578692.580,-1265850.620,187.160
-578692.180,-1265850.800,187.160
-578691.790,-1265850.970,187.150
-578691.420,-1265851.140,187.150
-578691.060,-1265851.300,187.160
-578690.700,-1265851.470,187.170
-578690.340,-1265851.630,187.180
-578689.950,-1265851.800,187.200
-578689.600,-1265851.970,187.220
-578689.210,-1265852.140,187.230
-578688.860,-1265852.300,187.240
-578688.490,-1265852.470,187.250
-578688.100,-1265852.640,187.250
-578687.690,-1265852.830,187.250
-578687.320,-1265852.990,187.250
-578693.150,-1265850.200,187.160
-578692.760,-1265850.380,187.160
-578692.370,-1265850.550,187.160
-578691.970,-1265850.730,187.150
-578691.600,-1265850.900,187.150
-578691.250,-1265851.060,187.150
-578690.880,-1265851.220,187.160
-578690.520,-1265851.390,187.170
-578690.140,-1265851.560,187.180
-578689.780,-1265851.720,187.200
-578689.400,-1265851.900,187.230
-578689.040,-1265852.060,187.240
-578688.670,-1265852.220,187.250
-578688.290,-1265852.400,187.250
-578687.890,-1265852.580,187.250
-578687.510,-1265852.750,187.250
-578687.110,-1265852.930,187.250
-578694.310,-1265849.680,187.170
-578693.920,-1265849.850,187.170
-578693.520,-1265850.030,187.170
-578694.130,-1265849.490,187.170
-578693.720,-1265849.670,187.170
-578693.360,-1265849.830,187.160
-578692.970,-1265850.010,187.160
-578692.580,-1265850.180,187.160
-578692.180,-1265850.360,187.160
-578691.800,-1265850.530,187.150
-578691.440,-1265850.700,187.150
-578691.090,-1265850.850,187.155
-578690.720,-1265851.020,187.160
-578690.320,-1265851.200,187.170
-578689.990,-1265851.350,187.190
-578689.590,-1265851.530,187.210
-578693.970,-1265849.480,187.170
-578689.240,-1265851.690,187.230
-578688.890,-1265851.850,187.240
-578688.490,-1265852.030,187.250
-578688.070,-1265852.220,187.250
-578687.730,-1265852.380,187.250
-578687.320,-1265852.560,187.250
-578693.610,-1265849.650,187.160
-578693.210,-1265849.830,187.160
-578692.830,-1265850.000,187.160
-578692.440,-1265850.180,187.160
-578692.060,-1265850.350,187.160
-578691.680,-1265850.520,187.150
-578691.340,-1265850.670,187.150
-578690.960,-1265850.840,187.160
-578690.570,-1265851.020,187.160
-578690.220,-1265851.180,187.175
-578689.830,-1265851.350,187.190
-578689.480,-1265851.520,187.220
-578689.130,-1265851.670,187.230
-578688.740,-1265851.850,187.250
-578688.340,-1265852.030,187.250
-578687.990,-1265852.190,187.250
-578687.570,-1265852.380,187.250
-578687.170,-1265852.560,187.250
-578694.180,-1265849.090,187.160
-578693.820,-1265849.260,187.160
-578693.420,-1265849.430,187.160
-578693.020,-1265849.610,187.160
-578692.620,-1265849.790,187.160
-578692.270,-1265849.950,187.150
-578691.900,-1265850.120,187.150
-578691.520,-1265850.290,187.150
-578691.170,-1265850.450,187.150
-578690.780,-1265850.620,187.160
-578690.400,-1265850.790,187.160
-578690.020,-1265850.960,187.180
-578689.660,-1265851.130,187.200
-578689.310,-1265851.290,187.220
-578688.940,-1265851.460,187.240
-578688.550,-1265851.630,187.250
-578688.190,-1265851.800,187.255
-578687.790,-1265851.980,187.260
-578687.370,-1265852.160,187.260
-578686.980,-1265852.340,187.260
-578686.750,-1265852.460,187.265
-578693.970,-1265848.850,187.160
-578693.580,-1265849.030,187.160
-578693.180,-1265849.210,187.160
-578692.800,-1265849.380,187.160
-578692.420,-1265849.550,187.155
-578692.060,-1265849.710,187.150
-578691.690,-1265849.880,187.150
-578691.340,-1265850.040,187.150
-578690.940,-1265850.220,187.150
-578690.580,-1265850.380,187.160
-578690.190,-1265850.560,187.160
-578689.840,-1265850.720,187.180
-578689.470,-1265850.880,187.200
-578689.100,-1265851.050,187.220
-578688.710,-1265851.230,187.240
-578688.350,-1265851.400,187.250
-578687.960,-1265851.570,187.260
-578687.560,-1265851.750,187.270
-578687.150,-1265851.930,187.270
-578686.860,-1265852.070,187.270
-578686.550,-1265852.220,187.290
-578693.880,-1265848.820,187.160
-578693.480,-1265849.000,187.160
-578693.100,-1265849.170,187.160
-578692.720,-1265849.330,187.160
-578692.350,-1265849.500,187.150
-578692.010,-1265849.660,187.150
-578691.630,-1265849.830,187.150
-578691.230,-1265850.010,187.150
-578690.880,-1265850.170,187.150
-578690.480,-1265850.350,187.160
-578690.120,-1265850.510,187.170
-578689.760,-1265850.670,187.190
-578689.370,-1265850.850,187.210
-578689.000,-1265851.020,187.230
-578688.650,-1265851.180,187.250
-578688.240,-1265851.360,187.260
-578687.860,-1265851.530,187.260
-578687.470,-1265851.710,187.270
-578687.100,-1265851.880,187.270
-578686.840,-1265852.000,187.270
-578686.500,-1265852.160,187.380
-578690.680,-1265849.990,187.150
-578690.320,-1265850.160,187.160
-578689.970,-1265850.320,187.170
-578689.580,-1265850.490,187.190
-578689.190,-1265850.670,187.210
-578688.850,-1265850.820,187.230
-578688.460,-1265851.000,187.250
-578688.080,-1265851.180,187.260
-578687.680,-1265851.350,187.260
-578687.300,-1265851.530,187.270
-578686.930,-1265851.690,187.270
-578686.710,-1265851.810,187.280
-578686.370,-1265851.960,187.390
-578694.080,-1265848.460,187.150
-578693.700,-1265848.640,187.160
-578693.290,-1265848.820,187.160
-578692.940,-1265848.980,187.160
-578692.570,-1265849.140,187.150
-578692.200,-1265849.310,187.150
-578691.850,-1265849.470,187.150
-578691.440,-1265849.650,187.150
-578691.070,-1265849.820,187.150
-578693.930,-1265848.350,187.150
-578693.540,-1265848.530,187.160
-578693.180,-1265848.690,187.160
-578692.810,-1265848.850,187.150
-578692.450,-1265849.020,187.150
-578692.080,-1265849.180,187.150
-578691.700,-1265849.360,187.150
-578691.310,-1265849.530,187.150
-578690.940,-1265849.700,187.150
-578690.570,-1265849.860,187.150
-578690.220,-1265850.020,187.160
-578689.820,-1265850.200,187.180
-578689.440,-1265850.380,187.190
-578689.070,-1265850.540,187.210
-578688.700,-1265850.710,187.235
-578688.310,-1265850.890,187.250
-578687.910,-1265851.070,187.260
-578687.570,-1265851.220,187.260
-578687.200,-1265851.390,187.270
-578686.830,-1265851.560,187.270
-578686.570,-1265851.680,187.280
-578694.180,-1265847.880,187.150
-578693.730,-1265848.080,187.150
-578693.370,-1265848.240,187.150
-578692.990,-1265848.420,187.150
-578692.640,-1265848.570,187.150
-578692.270,-1265848.740,187.150
-578691.870,-1265848.920,187.150
-578691.520,-1265849.080,187.150
-578691.130,-1265849.260,187.150
-578690.760,-1265849.420,187.150
-578690.390,-1265849.590,187.160
-578690.000,-1265849.770,187.170
-578689.610,-1265849.940,187.180
-578689.260,-1265850.100,187.200
-578688.870,-1265850.280,187.210
-578688.480,-1265850.450,187.240
-578688.110,-1265850.620,187.250
-578687.020,-1265851.120,187.270
-578686.760,-1265851.240,187.270
-578686.390,-1265851.410,187.280
-578687.750,-1265850.790,187.260
-578687.380,-1265850.950,187.260
-578694.040,-1265847.960,187.150
-578693.680,-1265848.120,187.150
-578693.330,-1265848.280,187.150
-578692.960,-1265848.450,187.150
-578692.600,-1265848.610,187.150
-578692.190,-1265848.790,187.150
-578691.830,-1265848.960,187.150
-578691.440,-1265849.130,187.150
-578691.070,-1265849.300,187.150
-578690.720,-1265849.460,187.150
-578690.330,-1265849.640,187.160
-578689.940,-1265849.810,187.170
-578689.580,-1265849.970,187.180
-578689.190,-1265850.150,187.200
-578688.790,-1265850.330,187.220
-578688.420,-1265850.500,187.240
-578688.060,-1265850.660,187.250
-578687.690,-1265850.830,187.260
-578687.340,-1265850.990,187.260
-578686.970,-1265851.150,187.270
-578686.680,-1265851.290,187.270
-578686.360,-1265851.440,187.340
-578692.380,-1265848.270,187.150
-578692.010,-1265848.440,187.150
-578691.610,-1265848.610,187.150
-578691.260,-1265848.780,187.150
-578690.870,-1265848.950,187.150
-578690.500,-1265849.120,187.160
-578690.110,-1265849.290,187.170
-578689.740,-1265849.460,187.180
-578689.360,-1265849.630,187.190
-578688.970,-1265849.810,187.210
-578688.590,-1265849.980,187.220
-578688.230,-1265850.140,187.240
-578687.870,-1265850.300,187.240
-578687.510,-1265850.470,187.250
-578687.140,-1265850.640,187.260
-578686.750,-1265850.810,187.270
-578686.500,-1265850.930,187.270
-578693.850,-1265847.610,187.150
-578693.500,-1265847.770,187.150
-578693.120,-1265847.930,187.150
-578692.780,-1265848.090,187.150
-578693.780,-1265847.630,187.150
-578693.420,-1265847.790,187.150
-578693.050,-1265847.960,187.150
-578692.670,-1265848.130,187.150
-578692.300,-1265848.290,187.150
-578691.910,-1265848.470,187.150
-578691.550,-1265848.630,187.150
-578691.180,-1265848.800,187.150
-578690.790,-1265848.980,187.150
-578690.400,-1265849.150,187.160
-578690.040,-1265849.320,187.170
-578689.640,-1265849.500,187.180
-578689.260,-1265849.670,187.200
-578688.870,-1265849.850,187.210
-578688.510,-1265850.010,187.220
-578688.140,-1265850.170,187.240
-578687.800,-1265850.330,187.250
-578687.430,-1265850.500,187.250
-578687.030,-1265850.680,187.260
-578686.720,-1265850.820,187.270
-578686.400,-1265850.970,187.270
-578693.920,-1265847.140,187.150
-578693.560,-1265847.300,187.150
-578693.190,-1265847.470,187.160
-578692.800,-1265847.640,187.160
-578692.440,-1265847.800,187.150
-578692.050,-1265847.980,187.150
-578691.680,-1265848.150,187.150
-578691.320,-1265848.310,187.150
-578690.930,-1265848.490,187.150
-578690.530,-1265848.670,187.160
-578690.180,-1265848.820,187.170
-578689.780,-1265849.000,187.180
-578689.390,-1265849.180,187.190
-578689.010,-1265849.350,187.210
-578688.660,-1265849.510,187.210
-578688.300,-1265849.680,187.230
-578687.940,-1265849.840,187.240
-578687.570,-1265850.000,187.240
-578687.180,-1265850.180,187.250
-578686.820,-1265850.340,187.260
-578686.540,-1265850.480,187.260
-578690.170,-1265848.920,187.170
-578689.780,-1265849.100,187.180
-578689.380,-1265849.280,187.190
-578689.040,-1265849.430,187.200
-578688.680,-1265849.600,187.210
-578688.320,-1265849.760,187.230
-578687.960,-1265849.920,187.240
-578687.570,-1265850.100,187.240
-578687.190,-1265850.270,187.250
-578686.800,-1265850.450,187.260
-578686.540,-1265850.570,187.260
-578693.940,-1265847.220,187.150
-578693.580,-1265847.380,187.150
-578693.190,-1265847.560,187.150
-578692.810,-1265847.730,187.150
-578692.430,-1265847.900,187.150
-578692.060,-1265848.070,187.150
-578691.700,-1265848.230,187.150
-578691.310,-1265848.400,187.150
-578690.910,-1265848.590,187.150
-578690.560,-1265848.750,187.160
-578693.770,-1265846.900,187.150
-578693.380,-1265847.070,187.150
-578693.000,-1265847.240,187.160
-578692.630,-1265847.410,187.160
-578692.260,-1265847.580,187.155
-578691.880,-1265847.750,187.150
-578691.510,-1265847.910,187.150
-578691.100,-1265848.100,187.150
-578690.740,-1265848.260,187.160
-578690.370,-1265848.430,187.170
-578689.970,-1265848.610,187.180
-578689.580,-1265848.780,187.180
-578689.220,-1265848.950,187.200
-578688.860,-1265849.110,187.210
-578688.500,-1265849.270,187.220
-578688.150,-1265849.430,187.230
-578687.750,-1265849.610,187.240
-578687.380,-1265849.780,187.240
-578686.980,-1265849.960,187.250
-578686.370,-1265850.240,187.250
-578693.280,-1265846.990,187.150
-578692.880,-1265847.180,187.160
-578692.530,-1265847.330,187.160
-578692.170,-1265847.500,187.160
-578691.760,-1265847.680,187.150
-578691.390,-1265847.850,187.150
-578691.020,-1265848.020,187.160
-578690.620,-1265848.190,187.160
-578690.240,-1265848.370,187.170
-578689.850,-1265848.550,187.180
-578689.490,-1265848.710,187.190
-578689.140,-1265848.870,187.200
-578688.770,-1265849.030,187.210
-578688.410,-1265849.200,187.220
-578688.030,-1265849.370,187.230
-578687.660,-1265849.540,187.240
-578687.270,-1265849.710,187.240
-578686.890,-1265849.880,187.240
-578686.610,-1265850.010,187.250
-578686.260,-1265850.180,187.250
-578693.210,-1265846.780,187.150
-578692.760,-1265846.970,187.150
-578691.990,-1265847.320,187.160
-578691.610,-1265847.490,187.150
-578691.240,-1265847.660,187.160
-578690.830,-1265847.840,187.160
-578690.460,-1265848.010,187.170
-578690.080,-1265848.180,187.180
-578689.700,-1265848.350,187.190
-578689.360,-1265848.510,187.190
-578689.000,-1265848.670,187.200
-578688.640,-1265848.830,187.210
-578688.240,-1265849.010,187.220
-578687.900,-1265849.160,187.230
-578687.500,-1265849.350,187.230
-578687.120,-1265849.510,187.240
-578686.760,-1265849.680,187.240
-578686.500,-1265849.810,187.240
-578692.830,-1265846.830,187.150
-578691.940,-1265847.230,187.160
-578691.550,-1265847.400,187.160
-578691.180,-1265847.570,187.160
-578690.780,-1265847.750,187.160
-578690.390,-1265847.920,187.170
-578690.030,-1265848.090,187.180
-578689.670,-1265848.250,187.190
-578689.310,-1265848.410,187.200
-578688.960,-1265848.570,187.200
-578688.560,-1265848.750,187.210
-578688.200,-1265848.920,187.220
-578687.830,-1265849.080,187.230
-578687.450,-1265849.260,187.230
-578687.080,-1265849.420,187.240
-578686.690,-1265849.600,187.240
-578686.410,-1265849.730,187.240
-578693.130,-1265846.510,187.150
-578692.740,-1265846.680,187.150
-578692.340,-1265846.860,187.150
-578691.830,-1265847.080,187.160
-578691.430,-1265847.260,187.160
-578691.040,-1265847.440,187.160
-578690.640,-1265847.620,187.170
-578690.300,-1265847.770,187.170
-578689.930,-1265847.940,187.180
-578689.560,-1265848.100,187.190
-578689.210,-1265848.260,187.200
-578688.810,-1265848.440,187.210
-578688.450,-1265848.600,187.210
-578688.070,-1265848.780,187.220
-578687.710,-1265848.940,187.225
-578687.340,-1265849.110,187.230
-578686.950,-1265849.280,187.235
-578686.550,-1265849.460,187.230
-578686.320,-1265849.580,187.230
-578692.680,-1265846.450,187.150
-578692.290,-1265846.620,187.150
-578690.960,-1265847.210,187.170
-578690.590,-1265847.370,187.170
-578690.230,-1265847.540,187.180
-578689.880,-1265847.690,187.190
-578689.510,-1265847.860,187.200
-578689.120,-1265848.040,187.200
-578688.760,-1265848.200,187.210
-578688.360,-1265848.380,187.220
-578688.020,-1265848.540,187.220
-578687.650,-1265848.700,187.220
-578687.250,-1265848.880,187.230
-578686.860,-1265849.060,187.230
-578691.790,-1265846.640,187.160
-578691.360,-1265846.830,187.160
-578690.990,-1265846.990,187.170
-578690.520,-1265847.190,187.180
-578689.760,-1265847.530,187.190
-578689.380,-1265847.710,187.200
-578689.000,-1265847.880,187.210
-578688.620,-1265848.050,187.210
-578688.260,-1265848.210,187.220
-578687.900,-1265848.370,187.220
-578687.510,-1265848.550,187.220
-578687.110,-1265848.730,187.230
-578686.730,-1265848.900,187.230
-578689.650,-1265847.320,187.200
-578689.300,-1265847.480,187.200
-578688.910,-1265847.660,187.210
-578688.550,-1265847.820,187.215
-578688.180,-1265847.980,187.220
-578687.790,-1265848.160,187.220
-578687.400,-1265848.340,187.220
-578687.030,-1265848.500,187.220
-578691.320,-1265846.580,187.160
-578690.920,-1265846.760,187.160
-578690.550,-1265846.920,187.170
-578690.120,-1265847.110,187.180
-578690.960,-1265846.830,187.160
-578690.560,-1265847.000,187.170
-578690.170,-1265847.180,187.180
-578689.740,-1265847.370,187.190
-578689.280,-1265847.570,187.200
-578688.920,-1265847.740,187.210
-578688.560,-1265847.900,187.220
-578688.160,-1265848.080,187.220
-578687.770,-1265848.250,187.220
-578687.400,-1265848.420,187.220
-578687.010,-1265848.600,187.220
-578686.590,-1265848.780,187.220
-578689.600,-1265847.010,187.195
-578689.250,-1265847.170,187.200
-578688.790,-1265847.370,187.210
-578688.370,-1265847.550,187.220
-578687.970,-1265847.740,187.220
-578687.620,-1265847.900,187.220
-578687.210,-1265848.080,187.220
-578686.810,-1265848.260,187.220
-578689.550,-1265846.900,187.190
-578689.150,-1265847.070,187.200
-578688.770,-1265847.250,187.210
-578688.340,-1265847.440,187.220
-578687.480,-1265847.820,187.220
-578687.080,-1265848.000,187.220
-578686.670,-1265848.180,187.220
-578689.110,-1265846.820,187.190
-578688.660,-1265847.020,187.205
-578688.280,-1265847.190,187.220
-578687.880,-1265847.370,187.220
-578687.380,-1265847.590,187.220
-578686.960,-1265847.780,187.220
-578686.610,-1265847.930,187.210
-578686.330,-1265848.060,187.210
-578688.680,-1265847.030,187.210
-578688.220,-1265847.230,187.220
-578687.840,-1265847.400,187.220
-578687.420,-1265847.590,187.220
-578686.940,-1265847.800,187.220
-578686.570,-1265847.960,187.210
-578687.740,-1265847.110,187.210
-578687.320,-1265847.290,187.210
-578686.960,-1265847.450,187.210
-578686.540,-1265847.640,187.210
-578686.220,-1265847.780,187.190
-578686.850,-1265847.290,187.210
-578686.490,-1265847.450,187.200
-578686.100,-1265847.620,184.390
-578686.400,-1265847.370,187.195
-578686.060,-1265847.530,184.350
-578685.960,-1265847.400,184.340
-578697.010,-1265867.160,187.210
-578696.740,-1265867.270,187.225
-578696.440,-1265867.420,187.230
-578695.770,-1265867.740,187.220
-578695.380,-1265867.940,187.220
-578696.710,-1265867.650,187.230
-578696.310,-1265867.850,187.230
-578695.980,-1265868.010,187.230
-578695.660,-1265868.160,187.230
-578696.960,-1265867.540,187.215
-578696.650,-1265868.130,187.240
-578691.930,-1265867.910,187.190
-578691.590,-1265868.080,187.190
-578691.260,-1265868.230,187.190
-578690.950,-1265868.380,187.190
-578690.520,-1265868.600,187.170
-578690.150,-1265868.780,187.170
-578697.020,-1265865.790,187.210
-578696.720,-1265865.940,187.210
-578696.490,-1265866.040,187.220
-578696.150,-1265866.200,187.220
-578695.800,-1265866.360,187.210
-578695.490,-1265866.510,187.210
-578695.140,-1265866.680,187.210
-578694.790,-1265866.850,187.210
-578694.450,-1265867.010,187.210
-578694.120,-1265867.170,187.210
-578693.820,-1265867.310,187.210
-578693.510,-1265867.460,187.200
-578693.180,-1265867.620,187.200
-578692.850,-1265867.780,187.200
-578692.520,-1265867.940,187.200
-578692.180,-1265868.100,187.200
-578691.830,-1265868.280,187.200
-578696.480,-1265866.540,187.220
-578696.160,-1265866.690,187.215
-578695.820,-1265866.860,187.210
-578695.480,-1265867.010,187.210
-578695.160,-1265867.170,187.210
-578694.820,-1265867.330,187.210
-578694.470,-1265867.500,187.210
-578694.120,-1265867.670,187.210
-578693.800,-1265867.820,187.210
-578693.490,-1265867.970,187.210
-578692.780,-1265868.320,187.210
-578692.430,-1265868.490,187.210
-578692.110,-1265868.650,187.425
-578691.730,-1265868.840,187.500
-578691.450,-1265868.960,187.510
-578691.130,-1265869.120,187.510
-578696.420,-1265866.890,187.220
-578696.100,-1265867.040,187.220
-578695.770,-1265867.200,187.220
-578695.430,-1265867.360,187.210
-578695.090,-1265867.530,187.210
-578694.770,-1265867.680,187.210
-578694.430,-1265867.850,187.210
-578694.000,-1265868.060,187.210
-578693.640,-1265868.230,187.220
-578693.000,-1265868.550,187.440
-578691.380,-1265869.330,187.520
-578691.060,-1265869.480,187.520
-578692.990,-1265866.070,187.180
-578692.640,-1265866.240,187.180
-578692.310,-1265866.390,187.180
-578691.980,-1265866.550,187.180
-578691.640,-1265866.720,187.180
-578691.300,-1265866.880,187.180
-578690.950,-1265867.050,187.170
-578690.640,-1265867.200,187.170
-578690.340,-1265867.340,187.170
-578690.010,-1265867.500,187.170
-578689.690,-1265867.650,187.170
-578689.350,-1265867.810,187.170
-578688.960,-1265868.010,187.180
-578696.240,-1265864.970,187.210
-578695.900,-1265865.130,187.210
-578695.560,-1265865.300,187.200
-578695.240,-1265865.450,187.200
-578694.920,-1265865.610,187.200
-578694.610,-1265865.750,187.190
-578694.290,-1265865.910,187.190
-578693.940,-1265866.080,187.190
-578693.630,-1265866.220,187.190
-578693.280,-1265866.390,187.180
-578692.960,-1265866.550,187.180
-578692.650,-1265866.690,187.180
-578692.310,-1265866.860,187.180
-578691.960,-1265867.020,187.180
-578691.640,-1265867.170,187.180
-578691.300,-1265867.340,187.180
-578690.950,-1265867.510,187.170
-578690.610,-1265867.670,187.170
-578690.300,-1265867.820,187.170
-578689.980,-1265867.970,187.170
-578689.660,-1265868.120,187.170
-578689.360,-1265868.270,187.170
-578696.180,-1265865.290,187.210
-578695.830,-1265865.460,187.210
-578695.480,-1265865.630,187.200
-578695.140,-1265865.790,187.200
-578694.830,-1265865.940,187.200
-578694.500,-1265866.090,187.190
-578694.190,-1265866.250,187.190
-578693.870,-1265866.390,187.190
-578693.520,-1265866.570,187.190
-578693.210,-1265866.710,187.190
-578692.870,-1265866.880,187.190
-578692.560,-1265867.030,187.185
-578692.230,-1265867.180,187.190
-578691.890,-1265867.350,187.190
-578691.550,-1265867.510,187.185
-578691.230,-1265867.670,187.180
-578690.900,-1265867.820,187.170
-578690.550,-1265867.990,187.170
-578690.200,-1265868.160,187.170
-578689.900,-1265868.300,187.170
-578689.580,-1265868.450,187.170
-578696.790,-1265865.600,187.210
-578696.530,-1265865.710,187.210
-578696.200,-1265865.860,187.210
-578695.870,-1265866.020,187.210
-578695.530,-1265866.190,187.210
-578695.190,-1265866.350,187.210
-578694.850,-1265866.510,187.200
-578694.520,-1265866.670,187.200
-578694.200,-1265866.830,187.200
-578693.890,-1265866.970,187.200
-578693.570,-1265867.120,187.190
-578693.230,-1265867.290,187.190
-578692.910,-1265867.450,187.190
-578692.560,-1265867.610,187.190
-578692.250,-1265867.760,187.190
-578690.400,-1265866.010,187.170
-578690.090,-1265866.160,187.180
-578689.730,-1265866.330,187.180
-578689.420,-1265866.480,187.180
-578689.110,-1265866.630,187.180
-578691.320,-1265866.060,187.180
-578691.010,-1265866.210,187.180
-578690.690,-1265866.360,187.170
-578690.380,-1265866.510,187.170
-578690.030,-1265866.680,187.170
-578689.720,-1265866.830,187.170
-578689.370,-1265866.990,187.180
-578689.050,-1265867.150,187.180
-578688.630,-1265867.360,187.180
-578695.950,-1265863.840,187.220
-578695.630,-1265863.990,187.210
-578695.310,-1265864.150,187.210
-578694.980,-1265864.310,187.200
-578694.650,-1265864.460,187.200
-578694.310,-1265864.630,187.200
-578694.000,-1265864.780,187.190
-578693.670,-1265864.930,187.190
-578693.330,-1265865.090,187.190
-578692.990,-1265865.260,187.190
-578692.670,-1265865.410,187.180
-578692.330,-1265865.580,187.180
-578691.990,-1265865.740,187.180
-578691.640,-1265865.900,187.180
-578695.930,-1265864.230,187.210
-578695.610,-1265864.390,187.210
-578695.280,-1265864.540,187.200
-578694.970,-1265864.690,187.200
-578694.630,-1265864.860,187.195
-578694.300,-1265865.010,187.190
-578693.960,-1265865.180,187.190
-578693.650,-1265865.320,187.190
-578693.320,-1265865.480,187.190
-578692.980,-1265865.650,187.180
-578692.650,-1265865.810,187.180
-578692.330,-1265865.950,187.180
-578691.980,-1265866.130,187.170
-578691.640,-1265866.290,187.180
-578691.300,-1265866.450,187.170
-578690.980,-1265866.610,187.170
-578690.660,-1265866.760,187.170
-578690.350,-1265866.900,187.170
-578690.030,-1265867.060,187.170
-578689.680,-1265867.230,187.170
-578689.360,-1265867.380,187.180
-578689.000,-1265867.560,187.180
-578688.610,-1265867.760,187.170
-578696.250,-1265864.510,187.210
-578695.900,-1265864.680,187.210
-578695.580,-1265864.830,187.210
-578695.270,-1265864.980,187.200
-578694.940,-1265865.130,187.200
-578694.630,-1265865.280,187.190
-578694.290,-1265865.440,187.190
-578693.960,-1265865.600,187.190
-578693.620,-1265865.770,187.190
-578693.310,-1265865.920,187.180
-578691.820,-1265864.190,187.180
-578691.490,-1265864.350,187.180
-578691.170,-1265864.500,187.180
-578690.820,-1265864.660,187.180
-578690.510,-1265864.820,187.180
-578690.190,-1265864.970,187.180
-578689.840,-1265865.140,187.180
-578689.510,-1265865.300,187.190
-578689.180,-1265865.450,187.190
-578688.840,-1265865.610,187.190
-578696.000,-1265862.420,187.230
-578695.690,-1265862.560,187.230
-578695.340,-1265862.730,187.220
-578695.020,-1265862.880,187.220
-578694.710,-1265863.030,187.210
-578694.370,-1265863.200,187.200
-578694.020,-1265863.360,187.200
-578693.710,-1265863.510,187.200
-578693.370,-1265863.680,187.200
-578693.010,-1265863.850,187.190
-578692.680,-1265864.010,187.180
-578692.370,-1265864.160,187.180
-578692.040,-1265864.310,187.180
-578691.720,-1265864.460,187.180
-578691.420,-1265864.610,187.180
-578691.060,-1265864.780,187.180
-578690.740,-1265864.930,187.180
-578690.410,-1265865.090,187.180
-578690.090,-1265865.250,187.180
-578689.760,-1265865.400,187.180
-578689.430,-1265865.560,187.190
-578689.080,-1265865.730,187.190
-578696.020,-1265862.920,187.230
-578695.670,-1265863.080,187.220
-578695.360,-1265863.230,187.220
-578695.020,-1265863.400,187.210
-578694.700,-1265863.550,187.210
-578694.390,-1265863.700,187.200
-578694.040,-1265863.860,187.200
-578693.690,-1265864.030,187.200
-578693.380,-1265864.180,187.200
-578693.040,-1265864.340,187.190
-578692.700,-1265864.510,187.190
-578692.350,-1265864.670,187.180
-578692.030,-1265864.820,187.180
-578691.720,-1265864.980,187.180
-578691.400,-1265865.130,187.180
-578691.080,-1265865.280,187.180
-578690.740,-1265865.440,187.180
-578690.420,-1265865.600,187.180
-578690.080,-1265865.760,187.180
-578689.770,-1265865.910,187.180
-578689.440,-1265866.070,187.180
-578689.090,-1265866.240,187.180
-578696.000,-1265863.320,187.230
-578695.680,-1265863.480,187.220
-578695.340,-1265863.640,187.220
-578695.030,-1265863.790,187.210
-578694.690,-1265863.950,187.200
-578694.370,-1265864.110,187.200
-578694.050,-1265864.260,187.200
-578693.700,-1265864.430,187.200
-578693.360,-1265864.590,187.200
-578693.050,-1265864.740,187.190
-578692.700,-1265864.910,187.180
-578692.360,-1265865.070,187.180
-578692.020,-1265865.230,187.180
-578691.700,-1265865.390,187.180
-578691.380,-1265865.540,187.180
-578691.070,-1265865.690,187.180
-578690.740,-1265865.840,187.180
-578690.480,-1265863.320,187.190
-578690.170,-1265863.470,187.200
-578689.820,-1265863.640,187.200
-578689.480,-1265863.800,187.200
-578689.150,-1265863.960,187.200
-578688.820,-1265864.120,187.200
-578695.800,-1265861.340,187.225
-578695.450,-1265861.500,187.220
-578695.110,-1265861.670,187.220
-578694.800,-1265861.820,187.215
-578694.450,-1265861.980,187.210
-578694.110,-1265862.150,187.210
-578693.770,-1265862.310,187.200
-578693.440,-1265862.460,187.200
-578693.120,-1265862.620,187.190
-578692.810,-1265862.770,187.190
-578692.490,-1265862.920,187.190
-578692.140,-1265863.090,187.190
-578691.830,-1265863.240,187.185
-578691.480,-1265863.400,187.190
-578691.150,-1265863.560,187.190
-578690.850,-1265863.710,187.190
-578690.500,-1265863.870,187.190
-578690.160,-1265864.040,187.190
-578689.850,-1265864.180,187.190
-578689.490,-1265864.360,187.200
-578689.150,-1265864.520,187.200
-578688.810,-1265864.680,187.195
-578694.770,-1265862.210,187.210
-578694.450,-1265862.360,187.210
-578694.110,-1265862.520,187.200
-578693.770,-1265862.690,187.200
-578693.420,-1265862.850,187.200
-578693.110,-1265863.000,187.190
-578692.790,-1265863.150,187.190
-578692.470,-1265863.310,187.190
-578692.160,-1265863.460,187.180
-578691.800,-1265863.630,187.180
-578691.480,-1265863.780,187.180
-578691.140,-1265863.940,187.190
-578690.830,-1265864.090,187.185
-578690.500,-1265864.250,187.190
-578690.160,-1265864.410,187.190
-578689.820,-1265864.580,187.190
-578689.500,-1265864.730,187.190
-578689.150,-1265864.900,187.190
-578688.820,-1265865.060,187.190
-578695.780,-1265861.720,187.230
-578695.460,-1265861.880,187.230
-578695.120,-1265862.040,187.220
-578695.770,-1265862.300,187.230
-578695.450,-1265862.450,187.220
-578695.130,-1265862.600,187.220
-578694.780,-1265862.770,187.210
-578694.450,-1265862.930,187.210
-578694.130,-1265863.080,187.200
-578693.780,-1265863.250,187.200
-578693.450,-1265863.410,187.200
-578693.100,-1265863.570,187.190
-578692.780,-1265863.730,187.190
-578692.470,-1265863.870,187.180
-578692.140,-1265864.030,187.180
-578690.220,-1265862.300,187.200
-578689.900,-1265862.460,187.200
-578689.580,-1265862.610,187.200
-578689.260,-1265862.760,187.210
-578688.940,-1265862.920,187.210
-578688.590,-1265863.080,187.210
-578695.520,-1265860.140,187.230
-578695.180,-1265860.300,187.230
-578694.830,-1265860.470,187.220
-578694.510,-1265860.630,187.220
-578694.200,-1265860.770,187.220
-578693.880,-1265860.920,187.220
-578693.550,-1265861.080,187.220
-578693.200,-1265861.250,187.220
-578692.900,-1265861.400,187.220
-578692.550,-1265861.560,187.210
-578692.220,-1265861.720,187.210
-578691.910,-1265861.860,187.210
-578691.560,-1265862.030,187.200
-578691.230,-1265862.190,187.200
-578690.900,-1265862.350,187.200
-578690.560,-1265862.510,187.200
-578690.210,-1265862.680,187.200
-578689.860,-1265862.850,187.200
-578689.560,-1265862.990,187.200
-578689.230,-1265863.150,187.200
-578688.920,-1265863.300,187.210
-578688.600,-1265863.450,187.210
-578688.170,-1265863.670,187.210
-578695.530,-1265860.690,187.225
-578695.170,-1265860.860,187.220
-578694.830,-1265861.020,187.220
-578694.500,-1265861.180,187.220
-578694.170,-1265861.340,187.220
-578693.850,-1265861.490,187.210
-578693.530,-1265861.640,187.210
-578693.210,-1265861.800,187.210
-578692.870,-1265861.960,187.210
-578692.550,-1265862.110,187.200
-578692.210,-1265862.270,187.200
-578691.880,-1265862.430,187.190
-578691.570,-1265862.580,187.190
-578691.220,-1265862.750,187.190
-578690.880,-1265862.910,187.190
-578690.570,-1265863.060,187.200
-578690.210,-1265863.230,187.200
-578689.870,-1265863.390,187.200
-578689.530,-1265863.560,187.200
-578689.210,-1265863.710,187.200
-578688.890,-1265863.860,187.210
-578688.580,-1265864.010,187.210
-578695.450,-1265860.950,187.220
-578695.130,-1265861.090,187.220
-578694.780,-1265861.260,187.220
-578694.450,-1265861.420,187.215
-578694.100,-1265861.590,187.210
-578693.780,-1265861.740,187.210
-578693.460,-1265861.890,187.200
-578693.140,-1265862.050,187.200
-578692.820,-1265862.200,187.200
-578692.480,-1265862.360,187.190
-578692.160,-1265862.520,187.190
-578691.810,-1265862.680,187.190
-578691.500,-1265862.830,187.190
-578691.180,-1265862.980,187.190
-578690.830,-1265863.150,187.190
-578692.620,-1265860.330,187.230
-578692.270,-1265860.490,187.230
-578691.950,-1265860.650,187.230
-578691.620,-1265860.810,187.230
-578691.270,-1265860.970,187.220
-578690.930,-1265861.130,187.220
-578690.610,-1265861.290,187.220
-578690.290,-1265861.440,187.215
-578689.970,-1265861.600,187.210
-578689.660,-1265861.740,187.215
-578689.310,-1265861.910,187.210
-578688.980,-1265862.070,187.210
-578688.650,-1265862.220,187.220
-578688.290,-1265862.400,187.220
-578695.590,-1265858.910,187.240
-578695.260,-1265859.060,187.240
-578694.930,-1265859.220,187.240
-578694.630,-1265859.360,187.235
-578694.280,-1265859.530,187.230
-578693.950,-1265859.690,187.225
-578693.620,-1265859.850,187.225
-578693.290,-1265860.010,187.220
-578692.970,-1265860.160,187.230
-578695.490,-1265859.230,187.240
-578695.170,-1265859.390,187.240
-578694.850,-1265859.540,187.230
-578694.540,-1265859.690,187.230
-578694.210,-1265859.840,187.220
-578693.870,-1265860.010,187.220
-578693.550,-1265860.160,187.220
-578693.210,-1265860.320,187.220
-578692.880,-1265860.480,187.230
-578692.570,-1265860.630,187.230
-578692.220,-1265860.790,187.230
-578691.870,-1265860.960,187.220
-578691.560,-1265861.110,187.220
-578691.210,-1265861.280,187.210
-578690.870,-1265861.440,187.210
-578690.530,-1265861.600,187.210
-578690.210,-1265861.760,187.210
-578689.890,-1265861.910,187.210
-578689.570,-1265862.060,187.210
-578689.250,-1265862.220,187.210
-578688.900,-1265862.380,187.210
-578688.590,-1265862.530,187.210
-578695.520,-1265859.770,187.230
-578695.170,-1265859.940,187.230
-578694.860,-1265860.090,187.220
-578694.550,-1265860.230,187.220
-578694.210,-1265860.390,187.220
-578693.910,-1265860.540,187.220
-578693.560,-1265860.710,187.220
-578693.230,-1265860.860,187.220
-578692.900,-1265861.020,187.220
-578692.570,-1265861.180,187.220
-578692.240,-1265861.340,187.210
-578691.910,-1265861.500,187.210
-578691.570,-1265861.660,187.210
-578691.250,-1265861.810,187.210
-578690.910,-1265861.970,187.200
-578690.560,-1265862.140,187.200
-578695.280,-1265857.580,187.240
-578694.970,-1265857.730,187.240
-578694.610,-1265857.900,187.240
-578694.290,-1265858.050,187.240
-578693.970,-1265858.210,187.240
-578693.620,-1265858.370,187.240
-578693.280,-1265858.540,187.230
-578692.970,-1265858.680,187.240
-578692.620,-1265858.850,187.240
-578692.270,-1265859.020,187.240
-578691.920,-1265859.190,187.240
-578691.590,-1265859.350,187.250
-578691.280,-1265859.490,187.250
-578690.960,-1265859.650,187.250
-578690.640,-1265859.800,187.240
-578690.290,-1265859.960,187.240
-578689.990,-1265860.110,187.240
-578689.640,-1265860.280,187.230
-578689.320,-1265860.430,187.230
-578689.010,-1265860.580,187.230
-578688.660,-1265860.740,187.230
-578688.300,-1265860.910,187.230
-578695.300,-1265858.070,187.240
-578694.960,-1265858.230,187.240
-578694.640,-1265858.380,187.240
-578694.290,-1265858.550,187.240
-578693.970,-1265858.700,187.240
-578693.650,-1265858.860,187.230
-578693.300,-1265859.020,187.230
-578692.960,-1265859.190,187.230
-578692.640,-1265859.340,187.240
-578692.290,-1265859.510,187.240
-578691.940,-1265859.670,187.240
-578691.600,-1265859.840,187.240
-578691.280,-1265859.990,187.240
-578690.960,-1265860.140,187.240
-578690.650,-1265860.290,187.240
-578690.330,-1265860.440,187.230
-578689.980,-1265860.610,187.230
-578689.670,-1265860.760,187.230
-578689.320,-1265860.930,187.230
-578689.010,-1265861.070,187.230
-578688.690,-1265861.220,187.230
-578688.350,-1265861.390,187.230
-578687.920,-1265861.610,187.230
-578695.590,-1265858.350,187.240
-578695.280,-1265858.500,187.240
-578694.950,-1265858.660,187.240
-578694.610,-1265858.820,187.240
-578694.280,-1265858.980,187.240
-578693.940,-1265859.140,187.230
-578693.630,-1265859.290,187.230
-578693.310,-1265859.440,187.230
-578692.960,-1265859.610,187.230
-578692.620,-1265859.770,187.240
-578692.290,-1265859.930,187.240
-578691.940,-1265860.090,187.240
-578691.600,-1265860.260,187.240
-578691.250,-1265860.430,187.240
-578690.930,-1265860.570,187.230
-578690.630,-1265860.720,187.220
-578690.300,-1265860.870,187.220
-578689.980,-1265861.030,187.220
-578689.640,-1265861.190,187.220
-578689.310,-1265861.350,187.220
-578688.970,-1265861.510,187.220
-578688.660,-1265861.660,187.230
-578688.330,-1265861.820,187.230
-578687.910,-1265862.030,187.220
-578695.070,-1265856.420,187.220
-578694.720,-1265856.590,187.220
-578694.360,-1265856.760,187.230
-578694.050,-1265856.910,187.230
-578693.670,-1265857.090,187.230
-578693.360,-1265857.240,187.230
-578693.010,-1265857.410,187.230
-578692.690,-1265857.560,187.230
-578692.370,-1265857.710,187.230
-578692.050,-1265857.870,187.230
-578691.730,-1265858.020,187.230
-578691.390,-1265858.180,187.240
-578691.060,-1265858.340,187.240
-578690.710,-1265858.510,187.240
-578690.400,-1265858.660,187.250
-578690.080,-1265858.800,187.250
-578689.730,-1265858.970,187.240
-578689.390,-1265859.140,187.240
-578689.060,-1265859.300,187.240
-578688.720,-1265859.460,187.240
-578688.390,-1265859.610,187.240
-578688.040,-1265859.780,187.240
-578687.640,-1265859.990,187.245
-578695.350,-1265856.720,187.220
-578695.030,-1265856.880,187.230
-578694.720,-1265857.030,187.230
-578694.350,-1265857.200,187.240
-578694.030,-1265857.350,187.240
-578693.700,-1265857.510,187.230
-578693.360,-1265857.670,187.230
-578693.010,-1265857.840,187.230
-578692.670,-1265858.000,187.230
-578692.350,-1265858.160,187.230
-578692.020,-1265858.310,187.240
-578691.380,-1265858.620,187.240
-578691.030,-1265858.780,187.250
-578690.710,-1265858.940,187.250
-578690.370,-1265859.100,187.250
-578690.040,-1265859.260,187.240
-578689.730,-1265859.400,187.240
-578689.390,-1265859.570,187.240
-578689.040,-1265859.730,187.240
-578688.730,-1265859.880,187.240
-578688.380,-1265860.050,187.240
-578688.030,-1265860.220,187.240
-578687.620,-1265860.430,187.250
-578695.040,-1265857.430,187.240
-578694.720,-1265857.580,187.240
-578694.380,-1265857.750,187.240
-578694.050,-1265857.900,187.240
-578693.710,-1265858.070,187.240
-578693.380,-1265858.220,187.230
-578693.040,-1265858.390,187.230
-578692.690,-1265858.560,187.230
-578692.340,-1265858.720,187.240
-578692.030,-1265858.870,187.240
-578691.700,-1265859.030,187.240
-578691.380,-1265859.180,187.250
-578691.070,-1265859.330,187.250
-578690.720,-1265859.500,187.250
-578690.400,-1265859.650,187.240
-578690.070,-1265859.810,187.240
-578689.740,-1265859.960,187.240
-578689.420,-1265860.120,187.240
-578689.090,-1265860.280,187.230
-578688.730,-1265860.450,187.230
-578688.410,-1265860.600,187.240
-578691.520,-1265856.320,187.200
-578691.170,-1265856.480,187.210
-578690.830,-1265856.650,187.210
-578694.810,-1265855.230,187.200
-578694.460,-1265855.390,187.210
-578694.100,-1265855.560,187.200
-578693.790,-1265855.710,187.210
-578693.470,-1265855.860,187.200
-578693.140,-1265856.020,187.200
-578692.830,-1265856.170,187.210
-578692.490,-1265856.330,187.210
-578692.150,-1265856.490,187.210
-578691.810,-1265856.650,187.210
-578691.490,-1265856.810,187.210
-578691.160,-1265856.970,187.210
-578690.810,-1265857.130,187.220
-578690.470,-1265857.300,187.220
-578690.140,-1265857.450,187.220
-578689.460,-1265857.780,187.240
-578689.110,-1265857.940,187.240
-578688.790,-1265858.090,187.240
-578688.470,-1265858.250,187.240
-578688.160,-1265858.400,187.240
-578687.820,-1265858.560,187.240
-578687.410,-1265858.770,187.240
-578694.820,-1265855.770,187.210
-578694.460,-1265855.940,187.210
-578694.130,-1265856.100,187.210
-578693.770,-1265856.270,187.210
-578693.450,-1265856.430,187.210
-578693.130,-1265856.580,187.210
-578692.810,-1265856.730,187.210
-578692.490,-1265856.880,187.220
-578692.150,-1265857.040,187.220
-578691.820,-1265857.200,187.220
-578691.470,-1265857.370,187.220
-578691.160,-1265857.520,187.230
-578690.840,-1265857.670,187.230
-578690.490,-1265857.840,187.230
-578690.140,-1265858.010,187.230
-578689.460,-1265858.330,187.240
-578689.140,-1265858.490,187.240
-578688.790,-1265858.650,187.240
-578688.470,-1265858.810,187.240
-578688.150,-1265858.960,187.240
-578695.080,-1265855.910,187.215
-578694.730,-1265856.080,187.220
-578694.410,-1265856.230,187.220
-578694.060,-1265856.400,187.220
-578693.720,-1265856.560,187.220
-578693.370,-1265856.730,187.220
-578693.060,-1265856.880,187.220
-578692.720,-1265857.040,187.220
-578692.410,-1265857.190,187.220
-578692.090,-1265857.340,187.220
-578691.730,-1265857.510,187.220
-578691.420,-1265857.660,187.230
-578691.070,-1265857.830,187.230
-578690.750,-1265857.980,187.240
-578690.430,-1265858.130,187.240
-578689.420,-1265858.620,187.240
-578689.080,-1265858.780,187.240
-578688.730,-1265858.940,187.240
-578688.380,-1265859.110,187.240
-578688.070,-1265859.260,187.240
-578694.870,-1265853.900,187.190
-578694.560,-1265854.050,187.200
-578694.240,-1265854.200,187.200
-578693.920,-1265854.350,187.200
-578693.560,-1265854.520,187.200
-578693.250,-1265854.670,187.200
-578692.910,-1265854.830,187.200
-578692.570,-1265854.990,187.200
-578692.260,-1265855.140,187.200
-578691.920,-1265855.310,187.190
-578691.560,-1265855.480,187.200
-578691.240,-1265855.630,187.210
-578690.900,-1265855.790,187.210
-578690.540,-1265855.960,187.210
-578690.200,-1265856.130,187.210
-578689.880,-1265856.280,187.210
-578689.560,-1265856.430,187.210
-578689.250,-1265856.580,187.220
-578688.920,-1265856.740,187.225
-578688.570,-1265856.910,187.230
-578688.250,-1265857.060,187.230
-578687.910,-1265857.220,187.240
-578692.520,-1265855.410,187.195
-578692.200,-1265855.570,187.190
-578691.870,-1265855.720,187.190
-578691.530,-1265855.890,187.200
-578691.180,-1265856.050,187.200
-578690.860,-1265856.210,187.210
-578690.510,-1265856.370,187.210
-578690.160,-1265856.540,187.210
-578689.820,-1265856.700,187.210
-578689.500,-1265856.850,187.220
-578689.170,-1265857.010,187.230
-578688.860,-1265857.160,187.230
-578688.530,-1265857.320,187.230
-578688.190,-1265857.480,187.240
-578687.870,-1265857.630,187.240
-578694.820,-1265854.310,187.190
-578694.490,-1265854.470,187.200
-578694.170,-1265854.620,187.200
-578693.850,-1265854.780,187.200
-578693.530,-1265854.930,187.200
-578693.190,-1265855.090,187.200
-578692.860,-1265855.250,187.200
-578690.510,-1265856.800,187.210
-578690.160,-1265856.970,187.210
-578689.810,-1265857.130,187.220
-578689.470,-1265857.300,187.230
-578689.150,-1265857.450,187.230
-578688.820,-1265857.610,187.240
-578688.510,-1265857.760,187.240
-578688.180,-1265857.910,187.240
-578687.840,-1265858.070,187.240
-578687.440,-1265858.280,187.240
-578694.800,-1265854.750,187.200
-578694.470,-1265854.910,187.200
-578694.140,-1265855.070,187.200
-578693.820,-1265855.220,187.200
-578693.500,-1265855.370,187.200
-578693.180,-1265855.530,187.200
-578692.830,-1265855.690,187.200
-578692.520,-1265855.840,187.200
-578692.160,-1265856.010,187.200
-578691.840,-1265856.170,187.200
-578694.650,-1265852.670,187.190
-578694.340,-1265852.820,187.190
-578693.970,-1265853.000,187.190
-578693.660,-1265853.150,187.190
-578693.340,-1265853.300,187.190
-578693.000,-1265853.460,187.190
-578692.640,-1265853.630,187.190
-578692.320,-1265853.780,187.200
-578691.970,-1265853.950,187.190
-578691.620,-1265854.120,187.200
-578691.280,-1265854.280,187.200
-578690.960,-1265854.430,187.200
-578690.630,-1265854.590,187.210
-578690.310,-1265854.740,187.210
-578689.980,-1265854.900,187.220
-578689.640,-1265855.060,187.220
-578689.320,-1265855.210,187.220
-578688.970,-1265855.380,187.220
-578688.660,-1265855.530,187.215
-578688.330,-1265855.680,187.220
-578687.990,-1265855.840,187.220
-578687.660,-1265856.000,187.230
-578687.240,-1265856.220,187.235
-578694.610,-1265853.050,187.190
-578694.260,-1265853.220,187.190
-578693.930,-1265853.380,187.190
-578693.590,-1265853.540,187.190
-578693.260,-1265853.700,187.190
-578692.940,-1265853.850,187.200
-578692.590,-1265854.020,187.200
-578692.240,-1265854.180,187.200
-578691.920,-1265854.340,187.200
-578691.580,-1265854.500,187.200
-578691.230,-1265854.670,187.200
-578690.870,-1265854.840,187.210
-578690.560,-1265854.980,187.210
-578690.240,-1265855.140,187.215
-578689.910,-1265855.300,187.220
-578689.610,-1265855.440,187.220
-578689.260,-1265855.600,187.220
-578688.940,-1265855.760,187.220
-578688.600,-1265855.920,187.215
-578688.270,-1265856.080,187.220
-578687.950,-1265856.230,187.230
-578687.610,-1265856.390,187.230
-578687.170,-1265856.620,187.240
-578694.610,-1265853.520,187.190
-578694.290,-1265853.680,187.190
-578693.940,-1265853.850,187.200
-578693.620,-1265854.000,187.200
-578693.270,-1265854.160,187.200
-578692.950,-1265854.320,187.200
-578692.630,-1265854.470,187.200
-578692.280,-1265854.640,187.200
-578691.930,-1265854.800,187.200
-578691.610,-1265854.950,187.200
-578691.260,-1265855.120,187.200
-578690.910,-1265855.290,187.210
-578690.570,-1265855.450,187.210
-578690.250,-1265855.610,187.210
-578689.920,-1265855.760,187.210
-578689.610,-1265855.910,187.210
-578689.290,-1265856.060,187.210
-578688.940,-1265856.230,187.220
-578688.620,-1265856.380,187.220
-578688.270,-1265856.550,187.220
-578687.950,-1265856.700,187.230
-578687.620,-1265856.860,187.230
-578692.990,-1265851.980,187.180
-578692.630,-1265852.150,187.180
-578692.300,-1265852.310,187.180
-578691.970,-1265852.460,187.170
-578691.650,-1265852.620,187.180
-578691.330,-1265852.770,187.180
-578691.020,-1265852.920,187.180
-578690.660,-1265853.090,187.180
-578690.340,-1265853.240,187.190
-578689.990,-1265853.410,187.200
-578689.660,-1265853.570,187.210
-578689.340,-1265853.720,187.220
-578689.000,-1265853.880,187.220
-578688.640,-1265854.060,187.230
-578688.320,-1265854.210,187.230
-578687.980,-1265854.370,187.230
-578687.630,-1265854.540,187.230
-578687.230,-1265854.730,187.230
-578694.680,-1265851.690,187.190
-578694.360,-1265851.840,187.190
-578694.040,-1265852.000,187.190
-578693.690,-1265852.160,187.180
-578693.340,-1265852.330,187.180
-578693.020,-1265852.480,187.180
-578692.660,-1265852.650,187.180
-578692.330,-1265852.810,187.180
-578691.970,-1265852.980,187.180
-578691.340,-1265853.280,187.180
-578691.010,-1265853.440,187.190
-578690.690,-1265853.590,187.190
-578690.340,-1265853.760,187.200
-578690.010,-1265853.910,187.200
-578689.660,-1265854.080,187.210
-578689.340,-1265854.240,187.220
-578689.010,-1265854.390,187.220
-578688.670,-1265854.550,187.230
-578688.340,-1265854.710,187.220
-578688.020,-1265854.860,187.220
-578687.660,-1265855.040,187.230
-578694.650,-1265852.150,187.190
-578694.310,-1265852.310,187.190
-578693.980,-1265852.470,187.190
-578693.650,-1265852.630,187.190
-578693.320,-1265852.790,187.190
-578692.970,-1265852.950,187.190
-578692.640,-1265853.110,187.190
-578692.290,-1265853.280,187.190
-578691.950,-1265853.440,187.190
-578691.600,-1265853.600,187.190
-578691.280,-1265853.760,187.190
-578690.950,-1265853.920,187.200
-578690.640,-1265854.060,187.200
-578690.310,-1265854.220,187.210
-578689.960,-1265854.390,187.210
-578689.640,-1265854.540,187.220
-578689.290,-1265854.710,187.220
-578688.970,-1265854.860,187.220
-578688.660,-1265855.010,187.220
-578688.310,-1265855.170,187.220
-578687.960,-1265855.340,187.220
-578687.650,-1265855.490,187.220
-578686.920,-1265853.570,187.250
-578694.360,-1265850.010,187.175
-578694.000,-1265850.190,187.170
-578693.650,-1265850.350,187.170
-578693.310,-1265850.510,187.160
-578692.990,-1265850.660,187.160
-578692.660,-1265850.820,187.160
-578692.340,-1265850.970,187.160
-578692.020,-1265851.120,187.150
-578691.670,-1265851.290,187.150
-578691.350,-1265851.440,187.160
-578691.000,-1265851.610,187.160
-578690.670,-1265851.770,187.170
-578690.350,-1265851.920,187.180
-578690.000,-1265852.090,187.200
-578689.650,-1265852.250,187.210
-578689.320,-1265852.410,187.230
-578688.970,-1265852.580,187.240
-578688.630,-1265852.740,187.240
-578688.270,-1265852.910,187.240
-578687.950,-1265853.060,187.240
-578687.640,-1265853.210,187.240
-578687.310,-1265853.370,187.240
-578694.360,-1265850.530,187.180
-578694.030,-1265850.690,187.180
-578693.690,-1265850.840,187.180
-578693.330,-1265851.020,187.170
-578692.990,-1265851.180,187.170
-578692.670,-1265851.330,187.160
-578692.350,-1265851.480,187.160
-578692.020,-1265851.640,187.160
-578691.700,-1265851.790,187.160
-578691.360,-1265851.950,187.160
-578691.040,-1265852.110,187.170
-578690.690,-1265852.270,187.170
-578690.360,-1265852.430,187.180
-578690.040,-1265852.590,187.200
-578689.690,-1265852.750,187.210
-578689.340,-1265852.920,187.220
-578689.010,-1265853.080,187.230
-578688.670,-1265853.240,187.230
-578688.320,-1265853.400,187.240
-578687.970,-1265853.570,187.240
-578687.660,-1265853.720,187.240
-578687.330,-1265853.880,187.240
-578686.930,-1265854.080,187.245
-578694.670,-1265850.750,187.190
-578694.340,-1265850.900,187.190
-578694.000,-1265851.060,187.180
-578693.690,-1265851.210,187.180
-578693.330,-1265851.380,187.180
-578692.980,-1265851.540,187.170
-578692.640,-1265851.710,187.170
-578692.320,-1265851.860,187.170
-578691.990,-1265852.020,187.170
-578691.670,-1265852.170,187.170
-578691.350,-1265852.320,187.170
-578691.000,-1265852.490,187.170
-578690.690,-1265852.640,187.170
-578690.340,-1265852.810,187.180
-578690.000,-1265852.970,187.200
-578689.690,-1265853.120,187.210
-578689.330,-1265853.290,187.220
-578688.990,-1265853.450,187.230
-578688.670,-1265853.600,187.230
-578688.320,-1265853.770,187.230
-578687.970,-1265853.940,187.230
-578687.630,-1265854.090,187.240
-578687.300,-1265854.250,187.240
-578686.910,-1265854.460,187.230
-578694.350,-1265851.330,187.190
-578694.000,-1265851.500,187.180
-578693.660,-1265851.660,187.180
-578693.340,-1265851.810,187.180
-578688.640,-1265850.940,187.240
-578688.320,-1265851.100,187.250
-578693.960,-1265848.880,187.160
-578693.650,-1265849.020,187.160
-578693.320,-1265849.190,187.160
-578692.990,-1265849.340,187.160
-578692.650,-1265849.500,187.160
-578692.330,-1265849.650,187.150
-578691.980,-1265849.820,187.150
-578691.670,-1265849.970,187.150
-578691.330,-1265850.130,187.150
-578690.990,-1265850.290,187.150
-578690.630,-1265850.460,187.160
-578690.310,-1265850.610,187.160
-578689.960,-1265850.780,187.180
-578689.610,-1265850.950,187.200
-578689.250,-1265851.120,187.220
-578688.920,-1265851.280,187.240
-578688.600,-1265851.430,187.250
-578688.270,-1265851.590,187.260
-578687.950,-1265851.740,187.260
-578687.610,-1265851.900,187.260
-578687.300,-1265852.050,187.270
-578686.900,-1265852.250,187.265
-578688.940,-1265851.700,187.240
-578688.610,-1265851.860,187.250
-578688.290,-1265852.010,187.250
-578687.970,-1265852.160,187.250
-578687.650,-1265852.310,187.250
-578687.300,-1265852.480,187.250
-578693.960,-1265849.300,187.160
-578693.650,-1265849.450,187.160
-578693.330,-1265849.600,187.160
-578693.000,-1265849.760,187.160
-578692.680,-1265849.910,187.160
-578692.330,-1265850.080,187.160
-578692.020,-1265850.230,187.150
-578691.670,-1265850.390,187.150
-578691.350,-1265850.550,187.150
-578691.020,-1265850.700,187.150
-578690.670,-1265850.870,187.160
-578690.320,-1265851.040,187.170
-578689.990,-1265851.190,187.180
-578689.640,-1265851.360,187.200
-578689.290,-1265851.530,187.230
-578687.310,-1265852.890,187.250
-578694.320,-1265849.550,187.170
-578693.970,-1265849.710,187.170
-578693.620,-1265849.880,187.170
-578693.290,-1265850.040,187.160
-578692.980,-1265850.180,187.160
-578692.660,-1265850.340,187.160
-578692.330,-1265850.500,187.160
-578692.000,-1265850.650,187.150
-578691.660,-1265850.810,187.150
-578691.310,-1265850.980,187.150
-578691.000,-1265851.130,187.160
-578690.670,-1265851.280,187.160
-578690.310,-1265851.460,187.180
-578689.970,-1265851.620,187.190
-578689.640,-1265851.780,187.210
-578689.280,-1265851.950,187.230
-578688.930,-1265852.110,187.240
-578688.590,-1265852.280,187.250
-578688.260,-1265852.430,187.250
-578687.940,-1265852.590,187.250
-578687.630,-1265852.730,187.250
-578691.970,-1265848.030,187.150
-578691.640,-1265848.180,187.150
-578691.290,-1265848.350,187.150
-578690.950,-1265848.510,187.150
-578690.600,-1265848.680,187.160
-578690.270,-1265848.840,187.170
-578689.940,-1265848.990,187.170
-578689.620,-1265849.150,187.180
-578689.270,-1265849.680,187.195
-578688.950,-1265849.830,187.210
-578688.590,-1265850.000,187.220
-578688.270,-1265850.150,187.240
-578687.930,-1265850.320,187.240
-578687.600,-1265850.470,187.250
-578687.270,-1265850.630,187.260
-578686.930,-1265850.790,187.270
-578686.510,-1265851.010,187.270
-578693.990,-1265847.430,187.150
-578693.640,-1265847.600,187.150
-578693.310,-1265847.750,187.150
-578692.960,-1265847.920,187.150
-578692.630,-1265848.080,187.150
-578692.320,-1265848.220,187.150
-578691.970,-1265848.390,187.150
-578691.620,-1265848.560,187.150
-578691.290,-1265848.710,187.150
-578690.960,-1265848.870,187.150
-578690.600,-1265849.040,187.150
-578690.250,-1265849.210,187.160
-578689.930,-1265849.360,187.170
-578689.600,-1265849.520,187.180
-578686.940,-1265851.250,187.270
-578686.530,-1265851.460,187.280
-578693.980,-1265847.900,187.150
-578693.650,-1265848.060,187.150
-578693.310,-1265848.220,187.150
-578692.980,-1265848.380,187.150
-578692.630,-1265848.540,187.150
-578692.310,-1265848.700,187.150
-578692.000,-1265848.840,187.150
-578691.640,-1265849.010,187.150
-578691.290,-1265849.180,187.150
-578690.980,-1265849.330,187.150
-578690.620,-1265849.500,187.150
-578690.260,-1265849.670,187.160
-578689.920,-1265849.830,187.170
-578689.600,-1265849.990,187.180
-578689.270,-1265850.140,187.200
-578688.940,-1265850.300,187.210
-578688.620,-1265850.450,187.230
-578688.260,-1265850.620,187.240
-578687.940,-1265850.780,187.250
-578687.590,-1265850.940,187.260
-578687.270,-1265851.090,187.270
-578687.960,-1265851.270,187.260
-578687.640,-1265851.430,187.260
-578687.290,-1265851.590,187.270
-578686.970,-1265851.740,187.270
-578686.590,-1265851.930,187.280
-578694.000,-1265848.390,187.150
-578693.680,-1265848.550,187.160
-578693.360,-1265848.700,187.160
-578693.000,-1265848.870,187.160
-578692.670,-1265849.030,187.150
-578692.330,-1265849.190,187.150
-578692.010,-1265849.340,187.150
-578691.690,-1265849.490,187.150
-578691.340,-1265849.660,187.150
-578690.990,-1265849.820,187.150
-578690.670,-1265849.980,187.150
-578690.320,-1265850.140,187.160
-578689.980,-1265850.300,187.170
-578689.620,-1265850.480,187.190
-578689.290,-1265850.630,187.200
-578688.960,-1265850.790,187.220
-578687.800,-1265848.490,187.220
-578687.480,-1265848.650,187.220
-578687.130,-1265848.810,187.230
-578686.790,-1265848.970,187.230
-578691.190,-1265847.420,187.160
-578690.860,-1265847.570,187.170
-578690.540,-1265847.720,187.170
-578690.210,-1265847.880,187.170
-578689.890,-1265848.030,187.180
-578689.550,-1265848.190,187.190
-578689.220,-1265848.350,187.200
-578688.870,-1265848.520,187.210
-578688.540,-1265848.670,187.210
-578688.220,-1265848.830,187.220
-578687.870,-1265848.990,187.230
-578687.520,-1265849.160,187.230
-578687.200,-1265849.310,187.240
-578686.850,-1265849.480,187.240
-578686.420,-1265849.700,187.240
-578692.800,-1265846.670,187.150
-578692.460,-1265846.820,187.150
-578691.880,-1265847.080,187.160
-578691.530,-1265847.250,187.160
-578690.550,-1265848.100,187.160
-578690.220,-1265848.260,187.170
-578689.890,-1265848.420,187.180
-578689.570,-1265848.570,187.185
-578689.220,-1265848.730,187.200
-578688.890,-1265848.900,187.200
-578688.560,-1265849.050,187.210
-578688.220,-1265849.210,187.220
-578687.900,-1265849.370,187.230
-578687.560,-1265849.530,187.240
-578687.210,-1265849.690,187.240
-578686.880,-1265849.850,187.240
-578686.460,-1265850.070,187.250
-578693.260,-1265846.820,187.150
-578692.940,-1265846.970,187.150
-578692.600,-1265847.130,187.160
-578692.240,-1265847.300,187.160
-578691.920,-1265847.450,187.150
-578691.570,-1265847.620,187.150
-578691.220,-1265847.790,187.160
-578690.870,-1265847.950,187.160
-578689.290,-1265849.310,187.200
-578688.950,-1265849.470,187.210
-578688.620,-1265849.620,187.220
-578688.260,-1265849.800,187.230
-578687.940,-1265849.940,187.240
-578687.620,-1265850.100,187.240
-578687.260,-1265850.270,187.250
-578686.930,-1265850.420,187.260
-578686.520,-1265850.640,187.270
-578693.970,-1265847.080,187.150
-578693.650,-1265847.230,187.150
-578693.290,-1265847.400,187.150
-578692.980,-1265847.550,187.160
-578692.660,-1265847.700,187.160
-578692.310,-1265847.870,187.150
-578686.630,-1265847.250,187.210
-578686.330,-1265847.390,186.235
-578685.980,-1265847.560,184.345
-578688.000,-1265847.110,187.210
-578687.660,-1265847.280,187.210
-578687.310,-1265847.440,187.210
-578687.040,-1265847.560,187.210
-578686.760,-1265847.690,187.210
-578686.400,-1265847.860,187.205
-578689.330,-1265846.820,187.180
-578689.020,-1265846.970,187.200
-578688.680,-1265847.130,187.210
-578688.380,-1265847.270,187.220
-578687.400,-1265847.720,187.220
-578687.050,-1265847.890,187.220
-578686.720,-1265848.040,187.220
-578691.080,-1265846.710,187.160
-578690.760,-1265846.860,187.160
-578690.450,-1265847.010,187.170
-578690.100,-1265847.170,187.180
-578689.500,-1265847.440,187.200
-578689.180,-1265847.590,187.200
-578688.860,-1265847.740,187.210
-578688.510,-1265847.910,187.220
-578688.150,-1265848.080,187.220
-578687.830,-1265848.230,187.220
-578687.490,-1265848.400,187.220
-578687.150,-1265848.560,187.220
-578686.810,-1265848.710,187.220
-578691.730,-1265846.640,187.160
-578691.370,-1265846.810,187.160
-578689.830,-1265847.530,187.190
-578689.490,-1265847.690,187.200
-578689.150,-1265847.850,187.200
-578688.830,-1265848.010,187.210
-578688.500,-1265848.160,187.210
-578688.150,-1265848.320,187.220
