-578693.120,-1265841.590,187.190
-578692.770,-1265841.600,187.210
-578692.940,-1265841.330,187.205
-578693.310,-1265840.780,187.200
-578692.430,-1265841.570,187.220
-578692.610,-1265841.280,187.210
-578692.780,-1265841.030,187.210
-578692.940,-1265840.770,187.210
-578693.120,-1265840.480,187.200
-578692.000,-1265841.520,187.210
-578692.190,-1265841.240,187.210
-578692.350,-1265840.980,187.210
-578692.520,-1265840.690,187.200
-578692.690,-1265840.420,187.200
-578692.850,-1265840.150,187.200
-578693.020,-1265839.860,187.210
-578693.200,-1265839.560,187.210
-578691.490,-1265841.740,187.210
-578691.650,-1265841.470,187.210
-578691.830,-1265841.220,187.210
-578691.990,-1265840.960,187.200
-578692.170,-1265840.670,187.200
-578692.330,-1265840.390,187.200
-578692.500,-1265840.110,187.200
-578692.670,-1265839.840,187.200
-578692.830,-1265839.570,187.210
-578693.010,-1265839.280,187.210
-578693.510,-1265838.410,184.335
-578691.050,-1265841.670,187.190
-578691.220,-1265841.380,187.190
-578691.570,-1265840.870,187.200
-578691.730,-1265840.600,187.190
-578691.890,-1265840.330,187.190
-578692.070,-1265840.040,187.200
-578692.230,-1265839.780,187.200
-578692.410,-1265839.470,187.200
-578692.570,-1265839.210,187.200
-578692.730,-1265838.950,187.200
-578692.910,-1265838.650,187.200
-578693.070,-1265838.340,187.200
-578693.230,-1265838.070,187.190
-578690.780,-1265841.730,187.190
-578690.960,-1265841.460,187.190
-578691.140,-1265841.180,187.190
-578691.320,-1265840.880,187.190
-578691.480,-1265840.620,187.190
-578691.640,-1265840.340,187.190
-578691.810,-1265840.080,187.190
-578691.970,-1265839.810,187.190
-578692.140,-1265839.520,187.200
-578692.310,-1265839.250,187.200
-578692.480,-1265838.960,187.200
-578692.640,-1265838.690,187.200
-578692.810,-1265838.420,187.200
-578690.520,-1265841.390,187.180
-578690.690,-1265841.120,187.180
-578690.860,-1265840.840,187.180
-578691.040,-1265840.540,187.180
-578691.220,-1265840.250,187.180
-578691.370,-1265839.990,187.180
-578691.540,-1265839.710,187.180
-578691.710,-1265839.440,187.180
-578691.860,-1265839.180,187.180
-578692.040,-1265838.890,187.190
-578692.210,-1265838.610,187.190
-578692.380,-1265838.330,187.190
-578692.540,-1265838.060,187.200
-578692.710,-1265837.780,187.190
-578693.210,-1265836.910,187.160
-578691.490,-1265839.090,187.180
-578691.650,-1265838.820,187.180
-578691.820,-1265838.550,187.180
-578691.990,-1265838.260,187.190
-578692.150,-1265838.000,187.190
-578692.330,-1265837.700,187.190
-578692.490,-1265837.430,187.190
-578692.650,-1265837.170,187.190
-578692.830,-1265836.880,187.180
-578689.780,-1265841.860,187.160
-578689.950,-1265841.590,187.160
-578690.300,-1265841.060,187.170
-578690.470,-1265840.760,187.170
-578690.630,-1265840.510,187.160
-578690.810,-1265840.210,187.170
-578690.990,-1265839.910,187.170
-578691.160,-1265839.630,187.170
-578691.330,-1265839.360,187.170
-578691.800,-1265838.000,187.180
-578691.980,-1265837.700,187.180
-578692.140,-1265837.440,187.185
-578692.320,-1265837.150,187.180
-578692.480,-1265836.880,187.180
-578692.640,-1265836.620,187.180
-578689.430,-1265841.860,187.155
-578689.600,-1265841.620,187.150
-578689.950,-1265841.070,187.150
-578690.100,-1265840.810,187.150
-578690.280,-1265840.500,187.150
-578690.460,-1265840.220,187.160
-578690.620,-1265839.950,187.160
-578690.800,-1265839.660,187.160
-578690.980,-1265839.360,187.170
-578691.150,-1265839.080,187.170
-578691.310,-1265838.810,187.170
-578691.480,-1265838.530,187.180
-578691.640,-1265838.270,187.180
-578691.750,-1265837.370,187.180
-578691.920,-1265837.090,187.180
-578692.090,-1265836.820,187.180
-578692.260,-1265836.530,187.180
-578692.420,-1265836.260,187.180
-578692.590,-1265835.990,187.190
-578692.930,-1265835.390,187.190
-578693.090,-1265835.120,187.200
-578689.390,-1265841.280,187.140
-578689.550,-1265841.000,187.140
-578689.730,-1265840.720,187.140
-578689.890,-1265840.450,187.140
-578690.060,-1265840.180,187.150
-578690.230,-1265839.890,187.150
-578690.410,-1265839.600,187.160
-578690.570,-1265839.320,187.160
-578690.750,-1265839.030,187.160
-578690.920,-1265838.750,187.170
-578691.100,-1265838.450,187.170
-578691.260,-1265838.180,187.170
-578691.420,-1265837.920,187.180
-578691.590,-1265837.640,187.180
-578692.190,-1265835.950,187.180
-578692.350,-1265835.690,187.180
-578692.510,-1265835.420,187.180
-578692.680,-1265835.110,187.180
-578692.850,-1265834.810,187.190
-578688.630,-1265841.770,187.140
-578688.810,-1265841.530,187.140
-578688.970,-1265841.260,187.140
-578689.130,-1265840.990,187.140
-578689.310,-1265840.710,187.140
-578689.480,-1265840.430,187.140
-578689.650,-1265840.140,187.140
-578689.810,-1265839.880,187.150
-578689.980,-1265839.600,187.150
-578690.150,-1265839.310,187.150
-578690.330,-1265839.030,187.150
-578690.490,-1265838.750,187.160
-578690.670,-1265838.460,187.160
-578690.840,-1265838.170,187.160
-578691.020,-1265837.890,187.170
-578691.180,-1265837.610,187.170
-578691.340,-1265837.340,187.170
-578691.500,-1265837.080,187.180
-578691.670,-1265836.800,187.180
-578691.850,-1265836.510,187.180
-578692.000,-1265836.250,187.180
-578691.460,-1265836.480,187.170
-578691.620,-1265836.220,187.170
-578691.800,-1265835.920,187.180
-578691.960,-1265835.650,187.180
-578692.140,-1265835.370,187.180
-578692.300,-1265835.090,187.180
-578692.460,-1265834.830,187.180
-578688.260,-1265841.760,187.140
-578688.430,-1265841.480,187.130
-578688.600,-1265841.210,187.130
-578688.760,-1265840.940,187.130
-578688.920,-1265840.680,187.130
-578689.090,-1265840.400,187.140
-578689.270,-1265840.110,187.140
-578689.420,-1265839.850,187.140
-578689.600,-1265839.550,187.140
-578689.770,-1265839.280,187.140
-578689.920,-1265839.020,187.150
-578690.100,-1265838.720,187.150
-578690.280,-1265838.430,187.150
-578690.440,-1265838.170,187.150
-578690.620,-1265837.870,187.160
-578690.800,-1265837.580,187.160
-578690.970,-1265837.290,187.160
-578691.130,-1265837.020,187.170
-578691.300,-1265836.750,187.170
-578690.740,-1265837.030,187.160
-578690.920,-1265836.730,187.160
-578691.080,-1265836.460,187.160
-578691.240,-1265836.200,187.170
-578691.410,-1265835.930,187.170
-578691.570,-1265835.660,187.170
-578691.740,-1265835.370,187.170
-578691.910,-1265835.100,187.180
-578692.080,-1265834.810,187.180
-578692.240,-1265834.550,187.180
-578692.410,-1265834.270,187.180
-578688.030,-1265841.500,187.130
-578688.210,-1265841.210,187.130
-578688.380,-1265840.930,187.130
-578688.550,-1265840.660,187.130
-578688.710,-1265840.380,187.130
-578688.870,-1265840.120,187.130
-578689.030,-1265839.850,187.140
-578689.210,-1265839.550,187.140
-578689.370,-1265839.280,187.140
-578689.550,-1265839.000,187.140
-578689.710,-1265838.730,187.140
-578689.880,-1265838.460,187.140
-578690.050,-1265838.170,187.140
-578690.230,-1265837.880,187.140
-578690.390,-1265837.610,187.150
-578690.560,-1265837.320,187.150
-578689.710,-1265838.210,187.140
-578689.880,-1265837.940,187.140
-578690.060,-1265837.640,187.140
-578690.230,-1265837.350,187.140
-578690.390,-1265837.090,187.150
-578690.570,-1265836.790,187.150
-578690.750,-1265836.500,187.160
-578690.920,-1265836.210,187.160
-578691.080,-1265835.940,187.160
-578691.250,-1265835.680,187.170
-578691.410,-1265835.410,187.170
-578691.570,-1265835.130,187.170
-578691.750,-1265834.850,187.170
-578691.910,-1265834.580,187.170
-578692.090,-1265834.280,187.170
-578692.250,-1265834.020,187.170
-578692.750,-1265833.140,187.180
-578687.690,-1265841.550,187.130
-578687.860,-1265841.270,187.130
-578688.030,-1265840.980,187.130
-578688.210,-1265840.700,187.130
-578688.380,-1265840.400,187.130
-578688.550,-1265840.130,187.130
-578688.700,-1265839.860,187.130
-578688.870,-1265839.590,187.140
-578689.040,-1265839.320,187.140
-578689.210,-1265839.040,187.140
-578689.370,-1265838.770,187.140
-578689.550,-1265838.480,187.140
-578687.630,-1265840.610,187.120
-578687.810,-1265840.330,187.120
-578687.980,-1265840.030,187.130
-578688.160,-1265839.740,187.130
-578688.320,-1265839.470,187.140
-578688.490,-1265839.210,187.140
-578688.650,-1265838.940,187.140
-578688.810,-1265838.660,187.140
-578688.990,-1265838.380,187.140
-578689.150,-1265838.110,187.140
-578689.330,-1265837.820,187.130
-578689.490,-1265837.550,187.130
-578689.650,-1265837.290,187.130
-578689.830,-1265836.990,187.130
-578690.010,-1265836.690,187.140
-578690.170,-1265836.440,187.145
-578690.350,-1265836.140,187.150
-578690.520,-1265835.840,187.160
-578690.700,-1265835.560,187.160
-578690.860,-1265835.280,187.160
-578691.030,-1265835.010,187.160
-578691.180,-1265834.750,187.160
-578691.350,-1265834.480,187.160
-578691.530,-1265834.190,187.160
-578691.690,-1265833.930,187.170
-578691.870,-1265833.630,187.170
-578692.030,-1265833.360,187.180
-578692.190,-1265833.100,187.180
-578692.350,-1265832.780,187.180
-578692.530,-1265832.480,187.190
-578687.120,-1265841.460,187.130
-578687.290,-1265841.180,187.130
-578687.470,-1265840.890,187.120
-578686.630,-1265841.750,187.140
-578686.810,-1265841.460,187.130
-578686.980,-1265841.180,187.130
-578687.140,-1265840.920,187.120
-578687.310,-1265840.630,187.120
-578687.490,-1265840.330,187.130
-578687.650,-1265840.070,187.130
-578687.830,-1265839.780,187.130
-578688.010,-1265839.480,187.140
-578688.180,-1265839.190,187.140
-578688.350,-1265838.920,187.140
-578688.510,-1265838.660,187.140
-578688.670,-1265838.380,187.140
-578688.830,-1265838.120,187.140
-578689.010,-1265837.830,187.140
-578689.170,-1265837.560,187.130
-578689.350,-1265837.270,187.130
-578689.510,-1265837.000,187.130
-578689.680,-1265836.730,187.130
-578689.850,-1265836.440,187.140
-578690.020,-1265836.150,187.145
-578690.190,-1265835.880,187.150
-578690.370,-1265835.590,187.160
-578690.540,-1265835.300,187.160
-578690.720,-1265835.010,187.160
-578690.880,-1265834.730,187.160
-578691.040,-1265834.470,187.160
-578691.210,-1265834.200,187.160
-578691.370,-1265833.930,187.160
-578691.540,-1265833.650,187.170
-578691.710,-1265833.370,187.170
-578691.880,-1265833.080,187.180
-578692.040,-1265832.820,187.180
-578692.210,-1265832.540,187.190
-578686.040,-1265841.980,187.150
-578686.200,-1265841.710,187.140
-578686.380,-1265841.410,187.135
-578686.540,-1265841.150,187.130
-578686.720,-1265840.860,187.130
-578686.890,-1265840.590,187.130
-578687.050,-1265840.320,187.130
-578687.220,-1265840.030,187.130
-578687.400,-1265839.740,187.130
-578687.560,-1265839.460,187.140
-578687.740,-1265839.180,187.150
-578687.910,-1265838.880,187.150
-578688.090,-1265838.590,187.150
-578688.250,-1265838.320,187.150
-578688.410,-1265838.060,187.150
-578688.580,-1265837.780,187.140
-578688.740,-1265837.520,187.140
-578688.920,-1265837.230,187.140
-578689.080,-1265836.960,187.130
-578689.260,-1265836.670,187.130
-578689.420,-1265836.410,187.130
-578689.590,-1265836.130,187.140
-578689.760,-1265835.840,187.140
-578689.930,-1265835.550,187.150
-578690.100,-1265835.280,187.150
-578690.280,-1265834.990,187.150
-578690.450,-1265834.700,187.150
-578690.630,-1265834.410,187.155
-578690.790,-1265834.140,187.150
-578690.950,-1265833.880,187.160
-578691.120,-1265833.600,187.160
-578691.280,-1265833.330,187.160
-578691.450,-1265833.050,187.170
-578691.620,-1265832.770,187.180
-578691.790,-1265832.480,187.180
-578691.950,-1265832.220,187.190
-578685.780,-1265842.000,187.140
-578685.940,-1265841.740,187.140
-578686.110,-1265841.470,187.140
-578686.270,-1265841.200,187.130
-578686.440,-1265840.920,187.130
-578686.610,-1265840.640,187.130
-578686.790,-1265840.350,187.130
-578686.950,-1265840.090,187.130
-578687.110,-1265839.820,187.130
-578687.290,-1265839.520,187.140
-578687.460,-1265839.230,187.150
-578687.630,-1265838.960,187.150
-578687.800,-1265838.660,187.150
-578687.980,-1265838.380,187.150
-578688.160,-1265838.090,187.150
-578688.320,-1265837.820,187.150
-578688.480,-1265837.550,187.150
-578688.650,-1265837.280,187.140
-578688.810,-1265837.010,187.140
-578688.990,-1265836.720,187.130
-578689.150,-1265836.460,187.130
-578689.320,-1265836.160,187.140
-578689.490,-1265835.900,187.140
-578689.650,-1265835.630,187.140
-578689.830,-1265835.330,187.150
-578690.000,-1265835.040,187.150
-578690.160,-1265834.780,187.150
-578690.340,-1265834.490,187.150
-578690.520,-1265834.190,187.150
-578690.690,-1265833.910,187.150
-578690.850,-1265833.640,187.150
-578691.020,-1265833.360,187.160
-578691.180,-1265833.100,187.160
-578691.340,-1265832.830,187.170
-578691.520,-1265832.530,187.180
-578691.680,-1265832.270,187.180
-578691.850,-1265831.980,187.190
-578692.020,-1265831.710,187.190
-578692.520,-1265830.830,187.185
-578685.220,-1265841.880,187.130
-578685.390,-1265841.590,187.140
-578685.570,-1265841.350,187.150
-578685.730,-1265841.080,187.140
-578685.890,-1265840.820,187.140
-578686.060,-1265840.540,187.140
-578686.240,-1265840.250,187.140
-578686.400,-1265839.990,187.135
-578686.570,-1265839.690,187.140
-578686.740,-1265839.420,187.140
-578686.900,-1265839.160,187.150
-578687.080,-1265838.860,187.150
-578687.250,-1265838.560,187.160
-578687.410,-1265838.300,187.160
-578687.590,-1265838.000,187.160
-578687.770,-1265837.710,187.160
-578687.940,-1265837.430,187.160
-578688.110,-1265837.150,187.160
-578688.270,-1265836.890,187.160
-578688.430,-1265836.630,187.150
-578688.600,-1265836.350,187.140
-578688.770,-1265836.060,187.140
-578688.930,-1265835.800,187.140
-578689.110,-1265835.500,187.140
-578689.280,-1265835.230,187.140
-578689.430,-1265834.970,187.150
-578689.610,-1265834.670,187.150
-578689.790,-1265834.380,187.140
-578689.950,-1265834.120,187.150
-578690.130,-1265833.830,187.150
-578690.310,-1265833.530,187.150
-578690.480,-1265833.240,187.150
-578690.640,-1265832.980,187.150
-578690.810,-1265832.700,187.160
-578690.970,-1265832.440,187.170
-578691.130,-1265832.170,187.180
-578691.310,-1265831.870,187.180
-578691.470,-1265831.600,187.190
-578691.640,-1265831.310,187.190
-578691.810,-1265831.040,187.200
-578691.970,-1265830.780,187.200
-578692.130,-1265830.460,187.200
-578690.950,-1265831.890,187.180
-578691.110,-1265831.620,187.180
-578691.290,-1265831.330,187.190
-578691.450,-1265831.060,187.190
-578691.630,-1265830.760,187.190
-578691.790,-1265830.500,187.190
-578691.950,-1265830.230,187.190
-578685.550,-1265840.800,187.150
-578685.720,-1265840.530,187.150
-578685.880,-1265840.260,187.140
-578686.040,-1265839.990,187.140
-578686.220,-1265839.700,187.140
-578686.380,-1265839.430,187.140
-578686.560,-1265839.140,187.150
-578686.720,-1265838.870,187.150
-578686.880,-1265838.600,187.160
-578687.060,-1265838.310,187.160
-578687.230,-1265838.020,187.160
-578687.400,-1265837.750,187.160
-578687.580,-1265837.460,187.160
-578687.750,-1265837.180,187.160
-578687.930,-1265836.880,187.160
-578688.090,-1265836.610,187.160
-578688.250,-1265836.350,187.150
-578688.420,-1265836.070,187.140
-578688.580,-1265835.800,187.140
-578688.750,-1265835.520,187.140
-578688.920,-1265835.240,187.140
-578689.100,-1265834.960,187.140
-578689.260,-1265834.690,187.150
-578689.420,-1265834.420,187.140
-578689.600,-1265834.130,187.140
-578689.770,-1265833.840,187.140
-578689.930,-1265833.570,187.140
-578690.110,-1265833.280,187.150
-578690.280,-1265832.990,187.150
-578690.460,-1265832.700,187.160
-578690.630,-1265832.420,187.160
-578690.780,-1265832.160,187.170
-578686.620,-1265838.330,187.160
-578686.790,-1265838.060,187.160
-578686.960,-1265837.770,187.160
-578687.140,-1265837.480,187.160
-578687.300,-1265837.210,187.160
-578687.480,-1265836.920,187.160
-578687.650,-1265836.630,187.160
-578687.830,-1265836.340,187.150
-578687.990,-1265836.070,187.150
-578688.150,-1265835.810,187.140
-578688.320,-1265835.530,187.140
-578688.480,-1265835.260,187.140
-578688.660,-1265834.980,187.140
-578688.820,-1265834.700,187.140
-578689.000,-1265834.420,187.140
-578689.160,-1265834.150,187.140
-578689.320,-1265833.870,187.140
-578689.500,-1265833.590,187.145
-578689.670,-1265833.300,187.150
-578689.840,-1265833.020,187.150
-578690.020,-1265832.730,187.150
-578690.190,-1265832.450,187.160
-578690.360,-1265832.160,187.160
-578690.530,-1265831.880,187.170
-578690.690,-1265831.620,187.175
-578690.850,-1265831.350,187.180
-578691.020,-1265831.070,187.190
-578691.190,-1265830.790,187.190
-578691.350,-1265830.520,187.190
-578691.530,-1265830.220,187.190
-578691.690,-1265829.960,187.190
-578685.450,-1265840.260,187.150
-578685.620,-1265839.990,187.150
-578685.780,-1265839.720,187.150
-578685.940,-1265839.450,187.150
-578686.120,-1265839.160,187.150
-578686.280,-1265838.890,187.150
-578686.460,-1265838.600,187.160
-578685.030,-1265840.200,187.160
-578685.200,-1265839.910,187.160
-578685.380,-1265839.670,187.160
-578685.540,-1265839.400,187.160
-578685.700,-1265839.130,187.160
-578685.860,-1265838.860,187.160
-578686.040,-1265838.570,187.160
-578686.200,-1265838.310,187.160
-578686.380,-1265838.010,187.160
-578686.540,-1265837.740,187.160
-578686.700,-1265837.480,187.160
-578686.880,-1265837.180,187.160
-578687.060,-1265836.890,187.160
-578687.220,-1265836.630,187.160
-578687.390,-1265836.340,187.150
-578687.570,-1265836.040,187.150
-578687.750,-1265835.760,187.150
-578687.910,-1265835.490,187.140
-578688.080,-1265835.220,187.140
-578688.240,-1265834.950,187.140
-578688.400,-1265834.680,187.140
-578688.580,-1265834.390,187.140
-578688.740,-1265834.120,187.140
-578688.910,-1265833.830,187.150
-578689.080,-1265833.560,187.150
-578689.240,-1265833.290,187.150
-578689.420,-1265833.000,187.150
-578689.590,-1265832.710,187.160
-578689.760,-1265832.440,187.160
-578689.930,-1265832.160,187.160
-578690.110,-1265831.860,187.170
-578690.290,-1265831.570,187.170
-578690.440,-1265831.310,187.170
-578690.610,-1265831.030,187.180
-578690.770,-1265830.760,187.180
-578690.930,-1265830.500,187.185
-578691.110,-1265830.200,187.190
-578691.270,-1265829.930,187.190
-578691.450,-1265829.650,187.190
-578691.610,-1265829.380,187.190
-578684.930,-1265839.650,187.170
-578685.110,-1265839.370,187.160
-578685.280,-1265839.120,187.160
-578685.450,-1265838.850,187.160
-578685.610,-1265838.590,187.160
-578685.770,-1265838.320,187.160
-578685.950,-1265838.020,187.160
-578686.110,-1265837.760,187.160
-578686.290,-1265837.470,187.160
-578686.450,-1265837.200,187.160
-578686.610,-1265836.930,187.160
-578686.790,-1265836.640,187.160
-578686.970,-1265836.350,187.150
-578687.130,-1265836.090,187.150
-578687.310,-1265835.790,187.150
-578687.480,-1265835.500,187.140
-578687.650,-1265835.210,187.140
-578687.820,-1265834.940,187.140
-578687.990,-1265834.670,187.140
-578688.150,-1265834.410,187.140
-578688.310,-1265834.140,187.140
-578688.490,-1265833.840,187.140
-578688.650,-1265833.580,187.150
-578688.820,-1265833.290,187.150
-578688.990,-1265833.010,187.150
-578689.150,-1265832.750,187.150
-578689.320,-1265832.460,187.160
-578689.510,-1265832.160,187.160
-578689.670,-1265831.900,187.170
-578689.840,-1265831.610,187.170
-578690.020,-1265831.310,187.170
-578690.190,-1265831.020,187.170
-578690.350,-1265830.760,187.180
-578690.520,-1265830.480,187.180
-578690.680,-1265830.220,187.180
-578690.840,-1265829.950,187.180
-578691.020,-1265829.660,187.180
-578691.180,-1265829.390,187.190
-578691.360,-1265829.100,187.190
-578691.520,-1265828.840,187.190
-578691.680,-1265828.560,187.185
-578691.850,-1265828.250,187.180
-578686.360,-1265836.610,187.150
-578686.520,-1265836.340,187.150
-578686.700,-1265836.050,187.150
-578686.870,-1265835.770,187.150
-578687.040,-1265835.500,187.145
-578687.220,-1265835.200,187.140
-578687.390,-1265834.920,187.140
-578687.570,-1265834.620,187.140
-578687.730,-1265834.350,187.140
-578687.890,-1265834.090,187.140
-578688.060,-1265833.820,187.150
-578688.220,-1265833.550,187.150
-578688.390,-1265833.260,187.150
-578688.560,-1265832.990,187.150
-578688.730,-1265832.700,187.160
-578688.890,-1265832.430,187.160
-578689.060,-1265832.160,187.160
-578689.240,-1265831.870,187.170
-578689.400,-1265831.580,187.170
-578689.570,-1265831.310,187.170
-578689.750,-1265831.020,187.170
-578689.920,-1265830.730,187.170
-578690.100,-1265830.440,187.175
-578690.260,-1265830.170,187.180
-578690.420,-1265829.910,187.180
-578690.590,-1265829.630,187.180
-578690.750,-1265829.360,187.180
-578690.930,-1265829.080,187.180
-578691.090,-1265828.810,187.180
-578691.270,-1265828.510,187.180
-578691.430,-1265828.250,187.180
-578691.590,-1265827.980,187.180
-578685.360,-1265838.270,187.160
-578685.520,-1265838.000,187.160
-578685.680,-1265837.740,187.160
-578685.860,-1265837.440,187.160
-578686.020,-1265837.180,187.160
-578686.200,-1265836.890,187.160
-578685.090,-1265837.960,187.160
-578685.260,-1265837.710,187.160
-578685.420,-1265837.440,187.160
-578685.580,-1265837.180,187.160
-578685.760,-1265836.880,187.160
-578685.930,-1265836.610,187.160
-578686.100,-1265836.320,187.150
-578686.260,-1265836.050,187.150
-578686.430,-1265835.780,187.150
-578686.600,-1265835.500,187.150
-578686.770,-1265835.210,187.150
-578686.950,-1265834.930,187.140
-578687.120,-1265834.650,187.140
-578687.290,-1265834.360,187.150
-578687.470,-1265834.060,187.140
-578687.640,-1265833.790,187.150
-578687.790,-1265833.530,187.150
-578687.960,-1265833.260,187.150
-578688.120,-1265832.990,187.150
-578688.300,-1265832.710,187.160
-578688.460,-1265832.430,187.160
-578688.640,-1265832.140,187.160
-578688.800,-1265831.880,187.160
-578688.960,-1265831.600,187.170
-578689.140,-1265831.310,187.170
-578689.310,-1265831.030,187.170
-578689.480,-1265830.750,187.170
-578689.650,-1265830.460,187.170
-578689.830,-1265830.170,187.170
-578690.010,-1265829.880,187.170
-578690.170,-1265829.610,187.175
-578690.330,-1265829.340,187.170
-578690.490,-1265829.070,187.180
-578690.660,-1265828.800,187.180
-578690.830,-1265828.520,187.180
-578690.990,-1265828.250,187.180
-578691.170,-1265827.950,187.180
-578691.330,-1265827.690,187.180
-578691.500,-1265827.420,187.180
-578691.660,-1265827.110,187.180
-578691.830,-1265826.810,187.180
-578688.520,-1265831.570,187.170
-578688.690,-1265831.290,187.170
-578688.850,-1265831.020,187.170
-578689.020,-1265830.740,187.170
-578689.200,-1265830.440,187.170
-578689.360,-1265830.180,187.170
-578689.540,-1265829.890,187.170
-578689.720,-1265829.590,187.170
-578689.890,-1265829.300,187.170
-578690.050,-1265829.040,187.170
-578690.220,-1265828.770,187.170
-578690.380,-1265828.500,187.170
-578690.540,-1265828.240,187.170
-578690.720,-1265827.940,187.170
-578690.880,-1265827.670,187.170
-578691.060,-1265827.390,187.180
-578691.220,-1265827.110,187.180
-578691.380,-1265826.840,187.180
-578684.810,-1265837.640,187.160
-578684.970,-1265837.380,187.160
-578685.140,-1265837.140,187.160
-578685.310,-1265836.870,187.160
-578685.470,-1265836.600,187.160
-578685.640,-1265836.310,187.160
-578685.810,-1265836.040,187.150
-578685.990,-1265835.750,187.150
-578686.150,-1265835.480,187.150
-578686.310,-1265835.210,187.150
-578686.490,-1265834.920,187.150
-578686.670,-1265834.630,187.150
-578686.830,-1265834.360,187.150
-578687.010,-1265834.070,187.150
-578687.180,-1265833.780,187.150
-578687.360,-1265833.490,187.150
-578687.520,-1265833.220,187.150
-578687.690,-1265832.950,187.160
-578687.840,-1265832.680,187.160
-578688.010,-1265832.410,187.160
-578688.190,-1265832.120,187.165
-578688.350,-1265831.850,187.170
-578684.680,-1265837.080,187.160
-578685.010,-1265836.580,187.160
-578685.180,-1265836.310,187.160
-578685.340,-1265836.040,187.160
-578685.520,-1265835.750,187.160
-578685.680,-1265835.470,187.160
-578685.860,-1265835.190,187.150
-578686.020,-1265834.920,187.160
-578686.180,-1265834.650,187.150
-578686.360,-1265834.360,187.160
-578686.530,-1265834.070,187.160
-578686.690,-1265833.800,187.160
-578686.870,-1265833.510,187.160
-578687.050,-1265833.220,187.160
-578687.220,-1265832.930,187.160
-578687.390,-1265832.660,187.160
-578687.550,-1265832.390,187.160
-578687.710,-1265832.130,187.170
-578687.880,-1265831.850,187.170
-578688.050,-1265831.560,187.170
-578688.210,-1265831.300,187.170
-578688.390,-1265831.000,187.170
-578688.560,-1265830.730,187.170
-578688.710,-1265830.470,187.170
-578688.890,-1265830.180,187.170
-578689.070,-1265829.880,187.160
-578689.230,-1265829.620,187.160
-578689.410,-1265829.330,187.160
-578689.590,-1265829.030,187.160
-578689.760,-1265828.750,187.160
-578689.920,-1265828.480,187.160
-578690.090,-1265828.200,187.160
-578690.250,-1265827.940,187.170
-578690.410,-1265827.670,187.170
-578690.590,-1265827.380,187.170
-578690.750,-1265827.110,187.170
-578690.920,-1265826.820,187.180
-578691.090,-1265826.550,187.180
-578691.250,-1265826.290,187.180
-578690.030,-1265827.650,187.160
-578690.190,-1265827.380,187.170
-578690.360,-1265827.110,187.170
-578690.530,-1265826.830,187.170
-578690.690,-1265826.550,187.180
-578690.870,-1265826.260,187.180
-578691.030,-1265826.000,187.180
-578691.190,-1265825.720,187.180
-578691.530,-1265825.130,187.190
-578691.690,-1265824.850,187.195
-578684.780,-1265836.260,187.155
-578684.960,-1265836.010,187.160
-578685.120,-1265835.750,187.160
-578685.280,-1265835.480,187.160
-578685.460,-1265835.180,187.160
-578685.620,-1265834.920,187.160
-578685.800,-1265834.620,187.160
-578685.970,-1265834.350,187.160
-578686.120,-1265834.090,187.160
-578686.300,-1265833.800,187.170
-578686.480,-1265833.500,187.170
-578686.640,-1265833.240,187.170
-578686.820,-1265832.940,187.170
-578686.990,-1265832.650,187.170
-578687.170,-1265832.370,187.170
-578687.330,-1265832.100,187.170
-578687.500,-1265831.820,187.170
-578687.660,-1265831.560,187.170
-578687.820,-1265831.290,187.170
-578688.000,-1265831.000,187.170
-578688.160,-1265830.730,187.160
-578688.340,-1265830.440,187.165
-578688.500,-1265830.170,187.160
-578688.660,-1265829.910,187.160
-578688.840,-1265829.610,187.160
-578689.010,-1265829.330,187.160
-578689.180,-1265829.060,187.160
-578689.350,-1265828.760,187.160
-578689.530,-1265828.480,187.160
-578689.700,-1265828.180,187.160
-578689.870,-1265827.920,187.160
-578684.490,-1265835.970,187.150
-578684.990,-1265835.200,187.160
-578685.160,-1265834.930,187.160
-578685.340,-1265834.630,187.170
-578685.500,-1265834.370,187.170
-578685.670,-1265834.080,187.170
-578685.840,-1265833.800,187.170
-578686.000,-1265833.540,187.170
-578686.180,-1265833.250,187.170
-578686.350,-1265832.950,187.170
-578686.510,-1265832.690,187.170
-578686.690,-1265832.400,187.180
-578686.870,-1265832.110,187.180
-578687.040,-1265831.810,187.170
-578687.210,-1265831.550,187.170
-578687.370,-1265831.280,187.170
-578687.530,-1265831.010,187.170
-578687.700,-1265830.740,187.170
-578687.870,-1265830.450,187.160
-578688.040,-1265830.180,187.160
-578688.210,-1265829.890,187.160
-578688.370,-1265829.620,187.160
-578688.540,-1265829.350,187.160
-578688.710,-1265829.060,187.160
-578688.880,-1265828.780,187.160
-578689.050,-1265828.500,187.150
-578689.230,-1265828.220,187.150
-578689.400,-1265827.930,187.150
-578689.580,-1265827.630,187.160
-578689.740,-1265827.360,187.160
-578689.900,-1265827.100,187.160
-578690.070,-1265826.820,187.170
-578690.230,-1265826.560,187.180
-578690.400,-1265826.270,187.180
-578690.570,-1265826.000,187.180
-578690.750,-1265825.710,187.180
-578690.900,-1265825.450,187.180
-578691.070,-1265825.170,187.190
-578691.250,-1265824.880,187.190
-578691.400,-1265824.570,187.190
-578691.570,-1265824.300,187.190
-578688.940,-1265827.980,187.150
-578689.120,-1265827.680,187.150
-578689.300,-1265827.390,187.160
-578689.470,-1265827.110,187.160
-578689.630,-1265826.830,187.170
-578689.800,-1265826.560,187.170
-578689.960,-1265826.300,187.170
-578690.120,-1265826.030,187.180
-578690.300,-1265825.730,187.180
-578690.460,-1265825.470,187.180
-578690.630,-1265825.180,187.180
-578690.800,-1265824.910,187.180
-578690.960,-1265824.640,187.190
-578691.140,-1265824.350,187.190
-578691.300,-1265824.040,187.190
-578684.890,-1265834.660,187.170
-578685.050,-1265834.390,187.170
-578685.220,-1265834.110,187.170
-578685.390,-1265833.830,187.170
-578685.570,-1265833.540,187.180
-578685.730,-1265833.280,187.180
-578685.890,-1265833.000,187.180
-578686.070,-1265832.710,187.180
-578686.240,-1265832.430,187.180
-578686.410,-1265832.150,187.180
-578686.750,-1265831.570,187.180
-578686.930,-1265831.280,187.170
-578687.100,-1265831.020,187.170
-578687.260,-1265830.750,187.170
-578687.430,-1265830.470,187.165
-578687.590,-1265830.210,187.160
-578687.760,-1265829.920,187.160
-578687.930,-1265829.650,187.160
-578688.100,-1265829.360,187.160
-578688.260,-1265829.100,187.160
-578688.430,-1265828.820,187.160
-578688.610,-1265828.530,187.150
-578688.780,-1265828.250,187.150
-578684.720,-1265834.100,187.180
-578684.870,-1265833.840,187.180
-578685.050,-1265833.540,187.180
-578685.220,-1265833.270,187.180
-578685.390,-1265832.990,187.190
-578685.560,-1265832.710,187.190
-578685.720,-1265832.440,187.180
-578685.890,-1265832.160,187.180
-578686.070,-1265831.870,187.180
-578686.230,-1265831.590,187.180
-578686.760,-1265830.720,187.170
-578686.920,-1265830.460,187.170
-578687.090,-1265830.190,187.160
-578687.250,-1265829.920,187.160
-578687.410,-1265829.650,187.160
-578687.590,-1265829.360,187.160
-578687.750,-1265829.090,187.160
-578687.930,-1265828.800,187.160
-578688.090,-1265828.540,187.150
-578688.250,-1265828.260,187.150
-578688.430,-1265827.970,187.150
-578688.610,-1265827.690,187.150
-578688.770,-1265827.410,187.150
-578688.940,-1265827.120,187.160
-578689.120,-1265826.840,187.160
-578689.290,-1265826.550,187.160
-578689.460,-1265826.270,187.170
-578689.620,-1265826.010,187.170
-578689.780,-1265825.740,187.170
-578689.940,-1265825.470,187.170
-578690.120,-1265825.180,187.180
-578690.280,-1265824.920,187.180
-578690.460,-1265824.620,187.180
-578690.620,-1265824.350,187.180
-578690.780,-1265824.090,187.180
-578687.400,-1265829.160,187.160
-578687.580,-1265828.870,187.160
-578687.740,-1265828.610,187.150
-578687.910,-1265828.320,187.150
-578688.080,-1265828.040,187.150
-578688.240,-1265827.780,187.150
-578688.420,-1265827.490,187.150
-578688.590,-1265827.190,187.150
-578688.750,-1265826.930,187.160
-578688.930,-1265826.640,187.160
-578689.110,-1265826.340,187.160
-578689.290,-1265826.060,187.170
-578689.450,-1265825.790,187.170
-578689.610,-1265825.520,187.170
-578689.770,-1265825.260,187.170
-578689.930,-1265824.980,187.170
-578690.110,-1265824.690,187.170
-578690.270,-1265824.420,187.170
-578690.450,-1265824.140,187.170
-578684.530,-1265833.860,187.180
-578684.700,-1265833.620,187.180
-578684.860,-1265833.340,187.190
-578685.040,-1265833.060,187.190
-578685.200,-1265832.790,187.190
-578685.380,-1265832.490,187.190
-578685.540,-1265832.220,187.190
-578685.700,-1265831.960,187.190
-578685.880,-1265831.660,187.190
-578686.060,-1265831.370,187.180
-578686.570,-1265830.530,187.170
-578686.740,-1265830.240,187.160
-578686.910,-1265829.970,187.160
-578687.080,-1265829.700,187.160
-578687.230,-1265829.440,187.160
-578684.220,-1265833.590,187.190
-578684.720,-1265832.810,187.200
-578684.900,-1265832.520,187.200
-578685.060,-1265832.250,187.200
-578685.240,-1265831.960,187.190
-578685.400,-1265831.700,187.190
-578685.570,-1265831.420,187.190
-578685.740,-1265831.130,187.190
-578685.920,-1265830.840,187.180
-578686.080,-1265830.580,187.180
-578686.260,-1265830.280,187.170
-578686.430,-1265830.000,187.165
-578686.610,-1265829.710,187.160
-578686.770,-1265829.430,187.150
-578686.940,-1265829.170,187.150
-578687.100,-1265828.910,187.150
-578687.260,-1265828.630,187.150
-578687.440,-1265828.340,187.150
-578687.600,-1265828.080,187.150
-578687.780,-1265827.780,187.150
-578687.940,-1265827.520,187.150
-578688.100,-1265827.250,187.150
-578688.280,-1265826.960,187.160
-578688.450,-1265826.660,187.160
-578688.610,-1265826.400,187.160
-578688.790,-1265826.110,187.160
-578688.970,-1265825.810,187.160
-578689.140,-1265825.530,187.160
-578689.310,-1265825.260,187.160
-578689.470,-1265824.990,187.170
-578689.630,-1265824.720,187.165
-578689.800,-1265824.450,187.170
-578684.240,-1265832.780,187.205
-578684.410,-1265832.530,187.200
-578684.580,-1265832.260,187.200
-578684.750,-1265831.970,187.200
-578684.910,-1265831.710,187.200
-578685.090,-1265831.420,187.200
-578685.260,-1265831.150,187.190
-578685.420,-1265830.880,187.190
-578685.590,-1265830.590,187.180
-578685.770,-1265830.290,187.180
-578685.930,-1265830.030,187.170
-578686.110,-1265829.740,187.170
-578686.290,-1265829.450,187.160
-578686.460,-1265829.160,187.150
-578686.620,-1265828.890,187.150
-578686.790,-1265828.620,187.150
-578686.950,-1265828.350,187.150
-578687.110,-1265828.090,187.150
-578687.290,-1265827.800,187.150
-578687.450,-1265827.520,187.150
-578687.630,-1265827.240,187.160
-578687.790,-1265826.970,187.170
-578687.960,-1265826.700,187.170
-578688.130,-1265826.410,187.170
-578688.300,-1265826.120,187.170
-578688.470,-1265825.850,187.170
-578688.640,-1265825.560,187.170
-578688.820,-1265825.280,187.170
-578689.000,-1265824.980,187.170
-578689.160,-1265824.710,187.160
-578689.320,-1265824.450,187.160
-578684.090,-1265832.250,187.210
-578684.250,-1265831.990,187.210
-578684.430,-1265831.740,187.200
-578684.610,-1265831.450,187.200
-578684.770,-1265831.180,187.190
-578684.950,-1265830.890,187.190
-578685.110,-1265830.620,187.190
-578685.270,-1265830.360,187.180
-578685.450,-1265830.070,187.180
-578685.620,-1265829.780,187.170
-578685.790,-1265829.510,187.170
-578685.970,-1265829.220,187.160
-578686.140,-1265828.930,187.160
-578686.310,-1265828.640,187.160
-578686.470,-1265828.380,187.160
-578686.640,-1265828.100,187.160
-578686.800,-1265827.830,187.160
-578686.960,-1265827.570,187.160
-578687.140,-1265827.270,187.170
-578687.300,-1265827.010,187.180
-578687.480,-1265826.720,187.180
-578687.640,-1265826.440,187.180
-578687.810,-1265826.180,187.180
-578687.980,-1265825.890,187.180
-578688.160,-1265825.600,187.170
-578688.320,-1265825.330,187.170
-578688.490,-1265825.040,187.170
-578688.670,-1265824.750,187.170
-578688.850,-1265824.460,187.170
-578684.350,-1265831.220,187.195
-578684.530,-1265830.920,187.190
-578684.690,-1265830.650,187.190
-578684.870,-1265830.370,187.190
-578685.030,-1265830.100,187.180
-578685.200,-1265829.830,187.180
-578685.370,-1265829.550,187.180
-578685.550,-1265829.250,187.170
-578685.710,-1265828.980,187.170
-578685.880,-1265828.700,187.160
-578686.060,-1265828.400,187.160
-578686.240,-1265828.110,187.160
-578686.400,-1265827.850,187.160
-578686.560,-1265827.580,187.170
-578686.730,-1265827.300,187.170
-578686.880,-1265827.040,187.190
-578687.060,-1265826.750,187.190
-578687.230,-1265826.470,187.190
-578687.400,-1265826.190,187.190
-578687.560,-1265825.920,187.190
-578687.730,-1265825.640,187.190
-578687.900,-1265825.360,187.180
-578688.080,-1265825.070,187.180
-578688.240,-1265824.800,187.180
-578688.420,-1265824.510,187.180
-578684.350,-1265830.370,187.190
-578684.510,-1265830.100,187.190
-578684.680,-1265829.820,187.190
-578684.850,-1265829.540,187.180
-578685.010,-1265829.280,187.180
-578685.180,-1265828.990,187.180
-578685.360,-1265828.700,187.180
-578685.530,-1265828.430,187.170
-578685.700,-1265828.150,187.170
-578685.880,-1265827.850,187.170
-578686.060,-1265827.560,187.170
-578686.220,-1265827.300,187.180
-578686.380,-1265827.020,187.190
-578686.540,-1265826.750,187.200
-578686.700,-1265826.490,187.200
-578686.880,-1265826.190,187.200
-578687.050,-1265825.920,187.200
-578687.220,-1265825.630,187.190
-578687.380,-1265825.360,187.190
-578687.550,-1265825.090,187.190
-578687.720,-1265824.810,187.190
-578687.900,-1265824.520,187.190
-578684.070,-1265830.140,187.180
-578684.250,-1265829.880,187.180
-578684.420,-1265829.610,187.190
-578684.590,-1265829.320,187.190
-578684.750,-1265829.050,187.190
-578684.920,-1265828.780,187.190
-578685.100,-1265828.490,187.190
-578685.270,-1265828.210,187.180
-578685.430,-1265827.940,187.180
-578685.610,-1265827.640,187.180
-578685.780,-1265827.360,187.180
-578685.960,-1265827.070,187.200
-578686.130,-1265826.790,187.200
-578686.290,-1265826.520,187.210
-578686.440,-1265826.260,187.210
-578686.610,-1265825.980,187.210
-578686.790,-1265825.700,187.200
-578686.950,-1265825.430,187.190
-578687.130,-1265825.140,187.190
-578687.290,-1265824.870,187.190
-578687.450,-1265824.610,187.190
-578684.240,-1265829.090,187.200
-578684.420,-1265828.800,187.200
-578684.570,-1265828.530,187.200
-578684.740,-1265828.260,187.200
-578684.920,-1265827.970,187.200
-578685.090,-1265827.680,187.190
-578685.260,-1265827.410,187.200
-578685.430,-1265827.110,187.200
-578685.610,-1265826.840,187.210
-578685.780,-1265826.540,187.210
-578685.950,-1265826.260,187.210
-578686.110,-1265826.000,187.210
-578686.270,-1265825.730,187.210
-578686.440,-1265825.460,187.200
-578686.610,-1265825.180,187.200
-578686.780,-1265824.910,187.190
-578686.950,-1265824.610,187.190
-578683.960,-1265828.840,187.200
-578684.120,-1265828.580,187.200
-578684.300,-1265828.290,187.200
-578684.460,-1265828.020,187.210
-578684.630,-1265827.760,187.210
-578684.800,-1265827.460,187.210
-578684.980,-1265827.170,187.210
-578685.140,-1265826.910,187.220
-578685.310,-1265826.620,187.220
-578685.490,-1265826.320,187.220
-578685.670,-1265826.030,187.220
-578685.830,-1265825.770,187.220
-578686.000,-1265825.500,187.210
-578686.160,-1265825.230,187.200
-578686.320,-1265824.970,187.200
-578686.500,-1265824.670,187.200
-578683.600,-1265828.590,187.190
-578683.770,-1265828.310,187.200
-578683.950,-1265828.060,187.210
-578684.120,-1265827.770,187.210
-578684.280,-1265827.500,187.220
-578684.450,-1265827.230,187.220
-578684.620,-1265826.940,187.220
-578684.800,-1265826.650,187.230
-578684.960,-1265826.380,187.230
-578685.140,-1265826.090,187.220
-578685.310,-1265825.800,187.220
-578685.490,-1265825.510,187.220
-578685.650,-1265825.250,187.220
-578685.820,-1265824.970,187.210
-578685.980,-1265824.710,187.210
-578683.840,-1265827.560,187.215
-578684.010,-1265827.280,187.220
-578684.180,-1265827.010,187.220
-578684.340,-1265826.740,187.230
-578684.510,-1265826.450,187.230
-578684.690,-1265826.160,187.230
-578684.850,-1265825.890,187.230
-578685.020,-1265825.600,187.230
-578685.200,-1265825.310,187.230
-578685.380,-1265825.020,187.230
-578685.540,-1265824.750,187.220
-578683.640,-1265827.020,187.220
-578683.820,-1265826.750,187.230
-578683.990,-1265826.470,187.235
-578684.150,-1265826.200,187.240
-578684.320,-1265825.920,187.240
-578684.500,-1265825.620,187.230
-578684.670,-1265825.360,187.230
-578684.840,-1265825.070,187.230
-578685.010,-1265824.780,187.230
-578683.440,-1265826.830,187.220
-578683.790,-1265826.280,187.240
-578683.950,-1265826.020,187.240
-578684.110,-1265825.750,187.240
-578684.290,-1265825.460,187.240
-578684.470,-1265825.180,187.230
-578684.630,-1265824.900,187.230
-578683.620,-1265825.750,187.250
-578683.780,-1265825.480,187.240
-578683.950,-1265825.210,187.240
-578684.130,-1265824.920,187.230
-578683.520,-1265825.270,187.240
-578683.690,-1265825.000,187.230
-578690.960,-1265823.790,187.180
-578691.130,-1265823.490,187.180
-578690.610,-1265823.860,187.170
-578690.770,-1265823.600,187.170
-578690.950,-1265823.310,187.170
-578691.440,-1265822.440,187.160
-578689.970,-1265824.160,187.170
-578690.130,-1265823.900,187.170
-578690.310,-1265823.600,187.170
-578690.470,-1265823.330,187.165
-578690.630,-1265823.070,187.170
-578690.810,-1265822.770,187.170
-578690.990,-1265822.480,187.170
-578691.130,-1265822.190,187.160
-578689.480,-1265824.170,187.160
-578689.650,-1265823.910,187.160
-578689.820,-1265823.620,187.165
-578689.990,-1265823.340,187.170
-578690.160,-1265823.060,187.170
-578690.320,-1265822.790,187.170
-578690.490,-1265822.520,187.170
-578690.660,-1265822.230,187.170
-578691.330,-1265821.070,187.160
-578689.000,-1265824.190,187.170
-578689.180,-1265823.920,187.170
-578689.340,-1265823.650,187.165
-578689.500,-1265823.390,187.170
-578689.680,-1265823.090,187.170
-578689.840,-1265822.820,187.170
-578690.010,-1265822.540,187.170
-578690.180,-1265822.270,187.170
-578690.340,-1265821.990,187.170
-578690.520,-1265821.720,187.160
-578690.690,-1265821.420,187.160
-578691.010,-1265820.840,187.160
-578691.190,-1265820.550,187.160
-578688.590,-1265824.220,187.180
-578688.770,-1265823.930,187.180
-578688.930,-1265823.660,187.170
-578689.090,-1265823.390,187.170
-578689.260,-1265823.120,187.170
-578689.420,-1265822.860,187.170
-578689.600,-1265822.570,187.170
-578689.760,-1265822.300,187.170
-578689.930,-1265822.010,187.170
-578690.100,-1265821.740,187.170
-578690.260,-1265821.470,187.160
-578690.440,-1265821.180,187.160
-578690.610,-1265820.900,187.160
-578690.770,-1265820.630,187.160
-578690.930,-1265820.310,187.160
-578688.060,-1265824.240,187.190
-578688.240,-1265823.960,187.180
-578688.410,-1265823.670,187.180
-578688.590,-1265823.380,187.180
-578688.760,-1265823.110,187.170
-578688.920,-1265822.840,187.175
-578689.080,-1265822.570,187.180
-578689.240,-1265822.300,187.180
-578689.410,-1265822.010,187.180
-578689.580,-1265821.740,187.180
-578689.760,-1265821.450,187.180
-578689.920,-1265821.190,187.180
-578690.080,-1265820.920,187.170
-578690.260,-1265820.630,187.180
-578690.430,-1265820.340,187.165
-578687.970,-1265823.760,187.180
-578688.140,-1265823.460,187.180
-578688.320,-1265823.170,187.180
-578688.490,-1265822.890,187.180
-578688.660,-1265822.610,187.180
-578688.820,-1265822.350,187.180
-578688.980,-1265822.090,187.190
-578689.150,-1265821.810,187.180
-578689.320,-1265821.520,187.180
-578689.480,-1265821.260,187.180
-578689.660,-1265820.960,187.180
-578689.830,-1265820.690,187.170
-578689.980,-1265820.430,187.160
-578687.630,-1265824.310,187.190
-578687.810,-1265824.020,187.190
-578689.630,-1265820.150,187.180
-578687.110,-1265824.350,187.190
-578687.280,-1265824.080,187.190
-578687.450,-1265823.790,187.190
-578687.620,-1265823.500,187.190
-578687.790,-1265823.230,187.190
-578687.970,-1265822.940,187.180
-578688.140,-1265822.650,187.180
-578688.320,-1265822.360,187.180
-578688.480,-1265822.090,187.180
-578688.650,-1265821.820,187.180
-578688.800,-1265821.560,187.190
-578688.970,-1265821.280,187.180
-578689.150,-1265820.990,187.180
-578689.310,-1265820.730,187.180
-578686.660,-1265824.410,187.190
-578686.840,-1265824.120,187.190
-578687.000,-1265823.840,187.190
-578687.160,-1265823.570,187.190
-578687.340,-1265823.290,187.190
-578687.510,-1265823.000,187.190
-578687.680,-1265822.720,187.190
-578687.850,-1265822.450,187.180
-578688.030,-1265822.150,187.180
-578688.210,-1265821.860,187.180
-578688.370,-1265821.600,187.180
-578688.530,-1265821.330,187.180
-578688.700,-1265821.050,187.190
-578688.850,-1265820.790,187.190
-578686.140,-1265824.440,187.200
-578686.320,-1265824.150,187.200
-578686.480,-1265823.880,187.200
-578686.650,-1265823.600,187.190
-578686.820,-1265823.320,187.190
-578686.980,-1265823.060,187.190
-578687.160,-1265822.770,187.190
-578687.340,-1265822.470,187.190
-578687.500,-1265822.200,187.190
-578687.670,-1265821.920,187.190
-578687.850,-1265821.630,187.180
-578688.030,-1265821.330,187.180
-578688.180,-1265821.070,187.180
-578688.350,-1265820.800,187.190
-578688.520,-1265820.530,187.185
-578688.660,-1265820.250,187.190
-578685.700,-1265824.490,187.210
-578685.870,-1265824.210,187.210
-578686.030,-1265823.950,187.210
-578686.210,-1265823.660,187.210
-578686.370,-1265823.390,187.200
-578686.550,-1265823.100,187.200
-578686.710,-1265822.830,187.200
-578686.870,-1265822.560,187.200
-578687.050,-1265822.270,187.200
-578687.220,-1265821.980,187.200
-578687.390,-1265821.710,187.190
-578687.560,-1265821.420,187.190
-578687.740,-1265821.140,187.190
-578687.910,-1265820.850,187.185
-578688.080,-1265820.580,187.190
-578688.220,-1265820.290,187.190
-578688.390,-1265820.030,187.170
-578685.360,-1265824.220,187.220
-578685.520,-1265823.950,187.220
-578685.680,-1265823.680,187.210
-578685.840,-1265823.410,187.210
-578686.020,-1265823.130,187.210
-578686.180,-1265822.860,187.205
-578686.360,-1265822.560,187.200
-578686.520,-1265822.300,187.200
-578686.690,-1265822.030,187.200
-578686.860,-1265821.740,187.200
-578687.040,-1265821.450,187.200
-578687.200,-1265821.180,187.200
-578687.380,-1265820.890,187.190
-578685.190,-1265824.480,187.230
-578684.810,-1265824.610,187.230
-578684.980,-1265824.320,187.225
-578685.160,-1265824.030,187.220
-578685.320,-1265823.760,187.220
-578685.480,-1265823.490,187.220
-578685.650,-1265823.230,187.210
-578685.810,-1265822.960,187.210
-578685.990,-1265822.670,187.210
-578686.150,-1265822.400,187.210
-578686.330,-1265822.110,187.200
-578686.490,-1265821.840,187.200
-578686.650,-1265821.570,187.200
-578686.830,-1265821.280,187.200
-578687.000,-1265820.990,187.200
-578687.170,-1265820.730,187.200
-578687.320,-1265820.420,187.190
-578684.300,-1265824.640,187.230
-578684.460,-1265824.370,187.220
-578684.640,-1265824.070,187.220
-578684.820,-1265823.780,187.220
-578684.990,-1265823.490,187.220
-578685.160,-1265823.220,187.220
-578685.320,-1265822.950,187.210
-578685.480,-1265822.690,187.210
-578685.650,-1265822.420,187.210
-578685.820,-1265822.130,187.210
-578685.980,-1265821.860,187.210
-578686.160,-1265821.570,187.210
-578686.320,-1265821.300,187.210
-578686.490,-1265821.040,187.210
-578686.660,-1265820.750,187.210
-578686.820,-1265820.430,187.210
-578686.980,-1265820.160,187.220
-578684.200,-1265824.150,187.220
-578684.360,-1265823.890,187.220
-578684.540,-1265823.600,187.220
-578684.720,-1265823.310,187.210
-578684.890,-1265823.020,187.210
-578685.050,-1265822.760,187.210
-578685.220,-1265822.480,187.210
-578685.380,-1265822.210,187.210
-578685.540,-1265821.950,187.210
-578685.720,-1265821.650,187.210
-578685.880,-1265821.390,187.210
-578686.060,-1265821.110,187.210
-578683.850,-1265824.740,187.230
-578684.020,-1265824.450,187.220
-578683.640,-1265824.210,187.220
-578683.820,-1265823.920,187.220
-578684.000,-1265823.630,187.220
-578684.160,-1265823.370,187.220
-578684.330,-1265823.070,187.220
-578684.510,-1265822.780,187.220
-578684.680,-1265822.490,187.220
-578684.850,-1265822.220,187.220
-578685.010,-1265821.950,187.210
-578685.170,-1265821.690,187.210
-578685.340,-1265821.420,187.210
-578685.520,-1265821.120,187.210
-578685.680,-1265820.860,187.210
-578685.840,-1265820.550,187.205
-578683.180,-1265824.220,187.200
-578683.350,-1265823.980,187.210
-578683.510,-1265823.700,187.220
-578683.690,-1265823.420,187.220
-578683.860,-1265823.130,187.220
-578684.030,-1265822.860,187.220
-578684.210,-1265822.560,187.220
-578684.380,-1265822.280,187.220
-578684.560,-1265821.990,187.210
-578684.720,-1265821.720,187.210
-578684.880,-1265821.460,187.220
-578685.040,-1265821.180,187.220
-578685.210,-1265820.910,187.220
-578685.370,-1265820.610,187.210
-578684.620,-1265821.280,187.220
-578684.940,-1265820.720,187.230
-578685.100,-1265820.460,187.210
-578683.420,-1265823.270,187.220
-578683.590,-1265822.980,187.220
-578683.770,-1265822.690,187.220
-578683.930,-1265822.420,187.220
-578684.110,-1265822.130,187.220
-578684.280,-1265821.850,187.220
-578684.460,-1265821.550,187.220
-578683.380,-1265822.830,187.220
-578683.560,-1265822.540,187.220
-578683.730,-1265822.260,187.220
-578683.890,-1265821.990,187.220
-578684.070,-1265821.690,187.220
-578684.240,-1265821.400,187.230
-578684.570,-1265820.830,187.230
-578684.730,-1265820.560,187.230
-578683.380,-1265822.060,187.230
-578683.550,-1265821.780,187.230
-578683.710,-1265821.510,187.230
-578683.890,-1265821.210,187.230
-578684.060,-1265820.900,187.230
-578684.230,-1265820.620,187.240
-578683.050,-1265821.860,187.230
-578683.230,-1265821.570,187.230
-578683.410,-1265821.280,187.230
-578683.560,-1265821.000,187.230
-578683.740,-1265820.710,187.240
-578683.040,-1265821.080,187.220
-578683.220,-1265820.780,187.230
-578693.210,-1265841.470,187.190
-578692.840,-1265841.630,187.210
-578693.060,-1265841.280,187.200
-578692.680,-1265841.450,187.210
-578692.300,-1265841.620,187.445
-578691.950,-1265841.770,187.450
-578693.300,-1265841.080,187.190
-578692.630,-1265841.390,187.210
-578692.260,-1265841.550,187.220
-578691.910,-1265841.710,187.260
-578691.550,-1265841.870,187.210
-578693.170,-1265840.990,187.200
-578692.190,-1265841.440,187.220
-578691.840,-1265841.600,187.210
-578691.480,-1265841.760,187.210
-578693.020,-1265840.680,187.210
-578692.660,-1265840.840,187.210
-578692.300,-1265841.000,187.210
-578691.940,-1265841.170,187.210
-578691.580,-1265841.330,187.200
-578691.290,-1265841.460,187.200
-578690.960,-1265841.610,187.190
-578692.930,-1265840.530,187.210
-578692.550,-1265840.700,187.200
-578692.200,-1265840.860,187.200
-578691.840,-1265841.020,187.200
-578691.080,-1265841.360,187.190
-578690.710,-1265841.530,187.180
-578690.090,-1265841.810,187.180
-578689.720,-1265841.980,187.165
-578692.900,-1265840.430,187.210
-578692.530,-1265840.600,187.200
-578692.180,-1265840.760,187.200
-578691.780,-1265840.930,187.200
-578691.410,-1265841.100,187.200
-578691.030,-1265841.270,187.190
-578690.670,-1265841.430,187.180
-578690.050,-1265841.720,187.170
-578689.660,-1265841.900,187.160
-578692.840,-1265840.280,187.200
-578692.460,-1265840.450,187.200
-578692.070,-1265840.620,187.200
-578691.710,-1265840.780,187.200
-578691.330,-1265840.960,187.190
-578690.940,-1265841.130,187.180
-578690.590,-1265841.290,187.175
-578689.830,-1265841.630,187.160
-578689.590,-1265841.740,187.150
-578689.210,-1265841.920,187.150
-578693.130,-1265839.910,187.210
-578692.750,-1265840.080,187.200
-578692.370,-1265840.250,187.200
-578691.990,-1265840.420,187.200
-578691.620,-1265840.590,187.190
-578691.240,-1265840.760,187.190
-578690.880,-1265840.920,187.180
-578690.490,-1265841.090,187.170
-578690.100,-1265841.270,187.170
-578689.730,-1265841.440,187.150
-578688.720,-1265841.900,187.140
-578693.460,-1265839.450,184.440
-578692.980,-1265839.660,187.210
-578692.590,-1265839.830,187.200
-578692.230,-1265839.990,187.200
-578691.840,-1265840.170,187.190
-578691.480,-1265840.330,187.180
-578691.100,-1265840.500,187.180
-578690.720,-1265840.670,187.170
-578690.320,-1265840.850,187.160
-578689.960,-1265841.010,187.150
-578689.580,-1265841.180,187.140
-578689.170,-1265841.370,187.140
-578688.780,-1265841.540,187.140
-578688.420,-1265841.700,187.135
-578692.910,-1265839.550,187.210
-578692.540,-1265839.720,187.200
-578692.150,-1265839.890,187.200
-578691.790,-1265840.060,187.190
-578691.420,-1265840.220,187.180
-578691.030,-1265840.400,187.170
-578690.630,-1265840.570,187.170
-578690.280,-1265840.730,187.160
-578689.880,-1265840.910,187.150
-578689.490,-1265841.090,187.140
-578689.090,-1265841.270,187.140
-578688.720,-1265841.430,187.140
-578688.370,-1265841.590,187.130
-578688.000,-1265841.760,187.140
-578692.860,-1265839.480,187.200
-578692.480,-1265839.650,187.200
-578692.100,-1265839.820,187.200
-578691.740,-1265839.980,187.190
-578691.350,-1265840.150,187.180
-578690.960,-1265840.330,187.170
-578690.590,-1265840.500,187.160
-578690.210,-1265840.670,187.150
-578689.800,-1265840.850,187.145
-578689.420,-1265841.020,187.140
-578689.050,-1265841.190,187.140
-578688.680,-1265841.350,187.140
-578688.330,-1265841.510,187.130
-578687.970,-1265841.670,187.140
-578692.730,-1265839.270,187.200
-578692.370,-1265839.430,187.200
-578692.000,-1265839.600,187.190
-578691.610,-1265839.770,187.180
-578691.220,-1265839.950,187.170
-578690.860,-1265840.110,187.170
-578690.470,-1265840.290,187.160
-578690.070,-1265840.460,187.150
-578689.670,-1265840.650,187.140
-578689.310,-1265840.800,187.140
-578688.950,-1265840.970,187.140
-578688.590,-1265841.130,187.130
-578688.210,-1265841.300,187.130
-578687.830,-1265841.470,187.130
-578687.470,-1265841.630,187.130
-578692.620,-1265839.030,187.200
-578692.260,-1265839.190,187.200
-578691.850,-1265839.380,187.180
-578691.460,-1265839.550,187.180
-578691.100,-1265839.710,187.170
-578690.720,-1265839.880,187.160
-578690.320,-1265840.060,187.150
-578689.910,-1265840.250,187.150
-578689.560,-1265840.400,187.140
-578689.190,-1265840.570,187.130
-578688.830,-1265840.730,187.130
-578688.470,-1265840.890,187.130
-578688.090,-1265841.070,187.130
-578687.720,-1265841.230,187.130
-578687.340,-1265841.400,187.130
-578686.980,-1265841.560,187.130
-578686.600,-1265841.730,187.140
-578686.230,-1265841.900,187.140
-578685.830,-1265842.080,187.145
-578690.250,-1265839.920,187.150
-578689.880,-1265840.090,187.150
-578689.530,-1265840.250,187.140
-578689.160,-1265840.410,187.140
-578688.800,-1265840.570,187.130
-578688.420,-1265840.740,187.130
-578688.040,-1265840.910,187.130
-578687.660,-1265841.090,187.130
-578687.310,-1265841.240,187.130
-578686.940,-1265841.410,187.130
-578686.560,-1265841.580,187.140
-578686.150,-1265841.760,187.150
-578692.990,-1265838.870,187.200
-578693.420,-1265838.510,187.180
-578692.950,-1265838.710,187.200
-578692.580,-1265838.880,187.200
-578692.200,-1265839.050,187.200
-578691.800,-1265839.230,187.180
-578691.430,-1265839.390,187.180
-578691.040,-1265839.570,187.170
-578690.650,-1265839.740,187.160
-578693.340,-1265838.320,187.180
-578692.870,-1265838.520,187.200
-578692.480,-1265838.700,187.200
-578692.080,-1265838.880,187.190
-578691.720,-1265839.040,187.180
-578691.330,-1265839.210,187.170
-578690.940,-1265839.390,187.170
-578690.540,-1265839.570,187.160
-578690.180,-1265839.730,187.150
-578689.820,-1265839.890,187.150
-578689.440,-1265840.060,187.140
-578689.090,-1265840.220,187.140
-578688.700,-1265840.390,187.130
-578688.340,-1265840.550,187.130
-578687.950,-1265840.730,187.130
-578687.590,-1265840.890,187.120
-578687.240,-1265841.050,187.130
-578686.840,-1265841.230,187.130
-578686.450,-1265841.400,187.140
-578686.090,-1265841.570,187.140
-578685.710,-1265841.740,187.140
-578685.460,-1265841.860,187.140
-578688.680,-1265840.250,187.130
-578688.290,-1265840.420,187.130
-578687.930,-1265840.580,187.130
-578687.550,-1265840.750,187.120
-578687.170,-1265840.920,187.130
-578686.790,-1265841.100,187.130
-578686.410,-1265841.260,187.130
-578686.030,-1265841.440,187.140
-578685.640,-1265841.610,187.140
-578685.410,-1265841.720,187.140
-578693.320,-1265838.170,187.180
-578692.810,-1265838.390,187.200
-578692.420,-1265838.570,187.200
-578692.050,-1265838.730,187.190
-578691.670,-1265838.900,187.180
-578691.280,-1265839.080,187.170
-578690.870,-1265839.260,187.170
-578690.520,-1265839.420,187.160
-578690.170,-1265839.580,187.155
-578689.790,-1265839.750,187.145
-578689.450,-1265839.900,187.140
-578689.040,-1265840.080,187.140
-578692.660,-1265838.160,187.195
-578692.320,-1265838.310,187.190
-578691.920,-1265838.490,187.180
-578691.530,-1265838.670,187.180
-578691.140,-1265838.840,187.170
-578690.770,-1265839.010,187.160
-578690.410,-1265839.170,187.160
-578690.070,-1265839.330,187.150
-578689.700,-1265839.490,187.140
-578689.300,-1265839.670,187.140
-578688.940,-1265839.830,187.140
-578688.550,-1265840.000,187.130
-578688.170,-1265840.170,187.130
-578687.820,-1265840.330,187.120
-578687.420,-1265840.510,187.120
-578687.030,-1265840.690,187.125
-578686.680,-1265840.850,187.130
-578686.280,-1265841.020,187.130
-578685.900,-1265841.190,187.140
-578685.530,-1265841.360,187.150
-578685.300,-1265841.470,187.145
-578692.670,-1265838.060,187.200
-578692.290,-1265838.230,187.190
-578691.900,-1265838.410,187.180
-578691.500,-1265838.580,187.180
-578691.150,-1265838.740,187.170
-578690.770,-1265838.910,187.170
-578690.410,-1265839.070,187.160
-578690.080,-1265839.220,187.150
-578689.680,-1265839.400,187.140
-578689.320,-1265839.560,187.140
-578688.950,-1265839.730,187.140
-578688.580,-1265839.900,187.130
-578688.200,-1265840.070,187.130
-578687.810,-1265840.240,187.120
-578687.390,-1265840.430,187.120
-578687.030,-1265840.590,187.125
-578686.660,-1265840.760,187.130
-578686.250,-1265840.940,187.130
-578685.870,-1265841.110,187.140
-578685.310,-1265841.370,187.150
-578692.530,-1265837.830,187.190
-578692.150,-1265838.000,187.190
-578691.760,-1265838.170,187.180
-578691.400,-1265838.340,187.180
-578691.030,-1265838.500,187.170
-578690.680,-1265838.660,187.160
-578690.310,-1265838.820,187.150
-578689.910,-1265839.000,187.150
-578689.550,-1265839.160,187.140
-578689.160,-1265839.340,187.140
-578688.800,-1265839.500,187.140
-578688.450,-1265839.660,187.140
-578688.060,-1265839.830,187.130
-578687.660,-1265840.010,187.130
-578687.290,-1265840.180,187.130
-578686.900,-1265840.350,187.130
-578686.510,-1265840.530,187.130
-578686.140,-1265840.690,187.130
-578685.780,-1265840.850,187.140
-578692.440,-1265837.590,187.190
-578692.050,-1265837.770,187.190
-578691.690,-1265837.930,187.180
-578691.320,-1265838.090,187.180
-578690.980,-1265838.250,187.170
-578690.620,-1265838.410,187.160
-578690.210,-1265838.590,187.150
-578689.860,-1265838.750,187.140
-578689.460,-1265838.930,187.140
-578689.090,-1265839.090,187.140
-578688.730,-1265839.250,187.140
-578688.350,-1265839.430,187.140
-578687.950,-1265839.610,187.135
-578687.590,-1265839.770,187.130
-578687.200,-1265839.940,187.130
-578686.810,-1265840.120,187.130
-578686.420,-1265840.290,187.130
-578686.050,-1265840.460,187.135
-578685.710,-1265840.610,187.140
-578692.720,-1265837.240,187.190
-578692.330,-1265837.410,187.190
-578691.970,-1265837.570,187.180
-578691.620,-1265837.730,187.180
-578691.250,-1265837.890,187.170
-578690.880,-1265838.060,187.165
-578690.500,-1265838.230,187.150
-578690.120,-1265838.400,187.150
-578689.730,-1265838.570,187.140
-578689.380,-1265838.730,187.140
-578689.010,-1265838.890,187.140
-578688.620,-1265839.070,187.140
-578688.240,-1265839.240,187.140
-578687.870,-1265839.410,187.140
-578687.480,-1265839.580,187.140
-578687.070,-1265839.760,187.130
-578686.690,-1265839.930,187.130
-578686.340,-1265840.090,187.130
-578685.970,-1265840.260,187.140
-578685.630,-1265840.410,187.150
-578685.370,-1265840.530,187.150
-578693.180,-1265836.940,187.170
-578692.670,-1265837.170,187.190
-578692.320,-1265837.330,187.190
-578691.960,-1265837.490,187.180
-578691.600,-1265837.650,187.180
-578691.250,-1265837.810,187.180
-578690.840,-1265837.990,187.170
-578690.480,-1265838.150,187.150
-578690.080,-1265838.330,187.140
-578689.720,-1265838.490,187.140
-578689.350,-1265838.650,187.140
-578688.980,-1265838.820,187.140
-578688.580,-1265839.000,187.140
-578688.220,-1265839.160,187.140
-578687.830,-1265839.340,187.140
-578687.450,-1265839.510,187.140
-578687.060,-1265839.680,187.130
-578686.690,-1265839.850,187.130
-578686.340,-1265840.010,187.130
-578685.970,-1265840.170,187.140
-578685.610,-1265840.330,187.150
-578685.360,-1265840.450,187.150
-578685.020,-1265840.610,187.160
-578693.090,-1265836.700,187.180
-578692.600,-1265836.920,187.190
-578692.240,-1265837.080,187.180
-578691.880,-1265837.240,187.180
-578691.520,-1265837.400,187.180
-578691.130,-1265837.580,187.170
-578690.770,-1265837.740,187.160
-578690.370,-1265837.920,187.150
-578690.000,-1265838.080,187.140
-578689.660,-1265838.230,187.140
-578689.260,-1265838.410,187.140
-578688.860,-1265838.590,187.140
-578688.510,-1265838.750,187.140
-578688.120,-1265838.920,187.150
-578687.740,-1265839.100,187.150
-578687.350,-1265839.270,187.150
-578686.990,-1265839.430,187.140
-578686.620,-1265839.600,187.140
-578686.270,-1265839.760,187.140
-578685.900,-1265839.920,187.150
-578685.500,-1265840.100,187.150
-578685.280,-1265840.200,187.160
-578692.550,-1265836.690,187.180
-578692.190,-1265836.850,187.180
-578691.840,-1265837.010,187.180
-578691.440,-1265837.190,187.170
-578691.070,-1265837.350,187.170
-578690.690,-1265837.520,187.160
-578690.320,-1265837.690,187.140
-578689.960,-1265837.850,187.140
-578689.570,-1265838.030,187.135
-578689.180,-1265838.200,187.140
-578688.840,-1265838.360,187.140
-578688.440,-1265838.530,187.140
-578688.050,-1265838.710,187.150
-578687.670,-1265838.880,187.150
-578687.320,-1265839.040,187.150
-578686.940,-1265839.210,187.150
-578686.570,-1265839.370,187.140
-578686.220,-1265839.530,187.140
-578685.820,-1265839.710,187.150
-578685.470,-1265839.870,187.155
-578685.230,-1265839.980,187.160
-578684.920,-1265840.120,187.160
-578692.490,-1265836.460,187.180
-578692.120,-1265836.630,187.180
-578691.730,-1265836.800,187.180
-578691.380,-1265836.960,187.170
-578690.980,-1265837.140,187.160
-578690.610,-1265837.300,187.150
-578690.260,-1265837.460,187.140
-578689.860,-1265837.640,187.135
-578689.470,-1265837.820,187.130
-578689.120,-1265837.970,187.140
-578688.720,-1265838.150,187.140
-578688.340,-1265838.320,187.150
-578687.960,-1265838.500,187.150
-578687.600,-1265838.650,187.150
-578687.240,-1265838.820,187.150
-578686.870,-1265838.980,187.150
-578686.510,-1265839.140,187.150
-578686.120,-1265839.320,187.150
-578685.770,-1265839.480,187.150
-578685.380,-1265839.650,187.160
-578685.140,-1265839.760,187.160
-578692.460,-1265836.290,187.180
-578692.070,-1265836.460,187.180
-578691.710,-1265836.620,187.180
-578691.330,-1265836.790,187.170
-578690.960,-1265836.960,187.160
-578690.600,-1265837.120,187.150
-578690.200,-1265837.300,187.140
-578689.810,-1265837.470,187.130
-578689.450,-1265837.640,187.130
-578689.070,-1265837.800,187.140
-578688.680,-1265837.980,187.140
-578688.290,-1265838.150,187.150
-578687.950,-1265838.310,187.150
-578687.580,-1265838.480,187.150
-578687.220,-1265838.640,187.160
-578686.860,-1265838.800,187.150
-578686.460,-1265838.980,187.150
-578686.100,-1265839.140,187.150
-578685.700,-1265839.320,187.150
-578685.350,-1265839.470,187.160
-578685.130,-1265839.580,187.160
-578692.370,-1265836.170,187.180
-578692.010,-1265836.330,187.180
-578691.610,-1265836.510,187.170
-578691.260,-1265836.670,187.170
-578690.890,-1265836.830,187.160
-578690.500,-1265837.000,187.150
-578690.110,-1265837.180,187.140
-578689.740,-1265837.350,187.130
-578689.350,-1265837.520,187.130
-578688.980,-1265837.690,187.140
-578688.580,-1265837.860,187.140
-578688.240,-1265838.020,187.150
-578687.880,-1265838.180,187.160
-578687.530,-1265838.330,187.160
-578687.170,-1265838.500,187.160
-578686.760,-1265838.680,187.160
-578686.400,-1265838.840,187.160
-578686.020,-1265839.010,187.150
-578685.630,-1265839.190,187.160
-578685.290,-1265839.340,187.160
-578685.040,-1265839.460,187.160
-578689.600,-1265836.970,187.130
-578689.190,-1265837.150,187.130
-578688.820,-1265837.320,187.140
-578688.450,-1265837.480,187.150
-578688.100,-1265837.640,187.160
-578687.750,-1265837.800,187.160
-578687.380,-1265837.960,187.160
-578686.990,-1265838.130,187.160
-578686.640,-1265838.300,187.160
-578686.250,-1265838.470,187.160
-578685.880,-1265838.630,187.160
-578685.520,-1265838.790,187.160
-578685.160,-1265838.960,187.160
-578684.900,-1265839.080,187.160
-578692.990,-1265835.310,187.195
-578692.560,-1265835.500,187.185
-578692.150,-1265835.680,187.180
-578691.790,-1265835.840,187.180
-578691.420,-1265836.010,187.170
-578691.030,-1265836.180,187.160
-578690.650,-1265836.350,187.160
-578690.300,-1265836.510,187.150
-578689.890,-1265836.690,187.140
-578689.500,-1265836.870,187.130
-578689.120,-1265837.040,187.130
-578688.760,-1265837.200,187.140
-578688.400,-1265837.360,187.150
-578688.050,-1265837.520,187.160
-578687.700,-1265837.680,187.160
-578687.310,-1265837.850,187.165
-578686.950,-1265838.010,187.160
-578686.560,-1265838.190,187.160
-578686.190,-1265838.350,187.160
-578685.830,-1265838.510,187.160
-578685.430,-1265838.690,187.160
-578692.230,-1265835.790,187.180
-578691.850,-1265835.960,187.170
-578691.490,-1265836.120,187.170
-578691.130,-1265836.280,187.160
-578690.720,-1265836.460,187.160
-578690.330,-1265836.640,187.150
-578689.980,-1265836.800,187.140
-578692.970,-1265835.060,187.200
-578692.460,-1265835.290,187.180
-578692.100,-1265835.450,187.180
-578691.740,-1265835.610,187.170
-578691.340,-1265835.780,187.170
-578690.960,-1265835.960,187.160
-578690.610,-1265836.120,187.150
-578690.210,-1265836.290,187.150
-578689.810,-1265836.470,187.140
-578689.420,-1265836.650,187.130
-578689.060,-1265836.810,187.130
-578688.710,-1265836.960,187.140
-578688.350,-1265837.130,187.150
-578688.000,-1265837.280,187.160
-578687.620,-1265837.450,187.160
-578687.240,-1265837.620,187.160
-578686.850,-1265837.800,187.160
-578686.500,-1265837.950,187.160
-578686.130,-1265838.120,187.160
-578685.730,-1265838.300,187.160
-578685.350,-1265838.470,187.160
-578692.860,-1265834.850,187.190
-578692.360,-1265835.070,187.180
-578692.000,-1265835.230,187.180
-578691.610,-1265835.400,187.170
-578691.220,-1265835.580,187.170
-578690.870,-1265835.730,187.160
-578690.470,-1265835.910,187.150
-578690.080,-1265836.090,187.150
-578689.690,-1265836.260,187.140
-578689.330,-1265836.420,187.135
-578688.950,-1265836.590,187.140
-578688.620,-1265836.740,187.140
-578688.260,-1265836.900,187.160
-578687.880,-1265837.070,187.160
-578687.520,-1265837.240,187.160
-578687.120,-1265837.410,187.160
-578686.780,-1265837.570,187.160
-578686.410,-1265837.730,187.160
-578686.020,-1265837.910,187.160
-578685.620,-1265838.090,187.160
-578685.260,-1265838.250,187.160
-578692.300,-1265834.800,187.180
-578691.920,-1265834.970,187.180
-578691.530,-1265835.150,187.170
-578691.180,-1265835.310,187.160
-578690.780,-1265835.480,187.160
-578690.390,-1265835.660,187.160
-578690.000,-1265835.830,187.150
-578689.650,-1265835.990,187.140
-578689.280,-1265836.160,187.140
-578688.920,-1265836.320,187.140
-578688.570,-1265836.480,187.140
-578688.190,-1265836.650,187.150
-578687.830,-1265836.810,187.160
-578687.450,-1265836.980,187.160
-578687.070,-1265837.150,187.160
-578686.730,-1265837.300,187.160
-578686.330,-1265837.480,187.160
-578685.930,-1265837.660,187.160
-578685.580,-1265837.820,187.160
-578685.200,-1265837.990,187.160
-578692.190,-1265834.560,187.180
-578691.800,-1265834.740,187.170
-578691.460,-1265834.890,187.165
-578691.060,-1265835.070,187.160
-578690.680,-1265835.240,187.160
-578690.280,-1265835.420,187.160
-578689.930,-1265835.580,187.150
-578689.570,-1265835.740,187.140
-578689.200,-1265835.900,187.140
-578688.840,-1265836.060,187.140
-578688.460,-1265836.230,187.140
-578688.110,-1265836.400,187.150
-578687.720,-1265836.570,187.160
-578687.360,-1265836.730,187.160
-578686.990,-1265836.890,187.160
-578686.600,-1265837.070,187.160
-578686.230,-1265837.240,187.160
-578685.860,-1265837.400,187.160
-578685.470,-1265837.580,187.160
-578685.080,-1265837.750,187.160
-578684.860,-1265837.860,187.160
-578689.560,-1265835.560,187.140
-578689.190,-1265835.730,187.140
-578688.800,-1265835.910,187.140
-578688.460,-1265836.060,187.140
-578688.060,-1265836.240,187.150
-578687.700,-1265836.400,187.160
-578687.350,-1265836.550,187.160
-578686.950,-1265836.730,187.160
-578686.560,-1265836.910,187.160
-578686.200,-1265837.070,187.160
-578685.830,-1265837.240,187.160
-578685.430,-1265837.410,187.160
-578685.050,-1265837.580,187.160
-578684.810,-1265837.700,187.160
-578692.080,-1265834.070,187.170
-578691.690,-1265834.250,187.170
-578691.310,-1265834.420,187.160
-578690.900,-1265834.600,187.160
-578690.550,-1265834.760,187.160
-578690.190,-1265834.920,187.150
-578689.830,-1265835.080,187.150
-578689.480,-1265835.240,187.150
-578689.070,-1265835.420,187.140
-578688.720,-1265835.580,187.140
-578688.350,-1265835.740,187.140
-578687.980,-1265835.910,187.150
-578687.620,-1265836.070,187.150
-578687.230,-1265836.250,187.150
-578686.850,-1265836.420,187.150
-578686.480,-1265836.580,187.160
-578686.100,-1265836.750,187.160
-578685.710,-1265836.930,187.160
-578685.310,-1265837.110,187.160
-578684.980,-1265837.260,187.160
-578684.740,-1265837.370,187.160
-578692.160,-1265834.400,187.170
-578691.800,-1265834.560,187.170
-578691.400,-1265834.740,187.160
-578691.020,-1265834.910,187.160
-578690.630,-1265835.080,187.160
-578690.280,-1265835.240,187.150
-578689.920,-1265835.400,187.150
-578685.290,-1265836.920,187.160
-578684.960,-1265837.070,187.160
-578684.720,-1265837.190,187.160
-578692.740,-1265833.190,187.180
-578692.290,-1265833.390,187.180
-578691.870,-1265833.580,187.170
-578691.490,-1265833.750,187.170
-578691.130,-1265833.910,187.160
-578690.770,-1265834.070,187.150
-578690.400,-1265834.240,187.150
-578690.050,-1265834.390,187.150
-578689.670,-1265834.560,187.150
-578689.300,-1265834.730,187.150
-578688.910,-1265834.900,187.140
-578688.560,-1265835.060,187.140
-578688.190,-1265835.230,187.140
-578687.810,-1265835.400,187.140
-578687.420,-1265835.570,187.140
-578687.050,-1265835.740,187.150
-578686.670,-1265835.910,187.150
-578686.290,-1265836.080,187.150
-578685.900,-1265836.250,187.150
-578685.540,-1265836.410,187.160
-578685.190,-1265836.570,187.160
-578692.030,-1265833.910,187.170
-578691.640,-1265834.080,187.170
-578691.250,-1265834.260,187.160
-578690.880,-1265834.420,187.160
-578690.540,-1265834.570,187.150
-578690.170,-1265834.740,187.150
-578689.810,-1265834.900,187.150
-578689.420,-1265835.070,187.150
-578689.070,-1265835.230,187.140
-578688.660,-1265835.410,187.140
-578688.320,-1265835.570,187.140
-578687.970,-1265835.730,187.140
-578687.560,-1265835.910,187.150
-578687.190,-1265836.070,187.150
-578686.820,-1265836.240,187.150
-578686.430,-1265836.410,187.150
-578686.050,-1265836.580,187.150
-578685.650,-1265836.760,187.160
-578691.850,-1265833.470,187.180
-578691.490,-1265833.630,187.170
-578691.130,-1265833.790,187.160
-578690.760,-1265833.950,187.150
-578690.390,-1265834.120,187.150
-578690.010,-1265834.290,187.150
-578689.670,-1265834.440,187.150
-578689.270,-1265834.620,187.150
-578688.920,-1265834.780,187.140
-578688.560,-1265834.940,187.140
-578688.160,-1265835.120,187.140
-578687.780,-1265835.290,187.140
-578687.410,-1265835.450,187.140
-578687.030,-1265835.620,187.150
-578686.650,-1265835.800,187.150
-578686.260,-1265835.970,187.150
-578685.900,-1265836.130,187.150
-578685.540,-1265836.290,187.160
-578685.180,-1265836.450,187.160
-578684.900,-1265836.580,187.160
-578692.630,-1265832.770,187.180
-578692.110,-1265832.990,187.180
-578691.750,-1265833.150,187.180
-578691.390,-1265833.310,187.170
-578691.020,-1265833.480,187.160
-578690.660,-1265833.640,187.150
-578690.260,-1265833.820,187.150
-578689.920,-1265833.970,187.150
-578689.510,-1265834.150,187.140
-578689.190,-1265834.300,187.140
-578688.810,-1265834.470,187.140
-578688.430,-1265834.640,187.140
-578688.050,-1265834.810,187.140
-578687.680,-1265834.980,187.140
-578687.290,-1265835.150,187.140
-578686.900,-1265835.320,187.140
-578686.520,-1265835.500,187.150
-578686.160,-1265835.660,187.150
-578685.810,-1265835.810,187.150
-578685.450,-1265835.980,187.160
-578685.070,-1265836.140,187.160
-578684.820,-1265836.260,187.155
-578692.750,-1265833.070,187.180
-578692.250,-1265833.290,187.180
-578692.530,-1265832.470,187.190
-578692.040,-1265832.680,187.190
-578691.690,-1265832.840,187.180
-578691.330,-1265833.000,187.170
-578690.960,-1265833.160,187.160
-578690.570,-1265833.340,187.150
-578690.220,-1265833.500,187.150
-578689.820,-1265833.680,187.140
-578689.470,-1265833.830,187.140
-578689.120,-1265833.990,187.140
-578688.730,-1265834.160,187.140
-578688.320,-1265834.350,187.140
-578687.980,-1265834.500,187.140
-578687.580,-1265834.680,187.140
-578687.200,-1265834.850,187.140
-578686.820,-1265835.020,187.140
-578686.450,-1265835.180,187.150
-578686.090,-1265835.350,187.150
-578685.750,-1265835.500,187.155
-578685.380,-1265835.660,187.160
-578684.990,-1265835.840,187.160
-578684.770,-1265835.940,187.155
-578684.420,-1265836.100,187.150
-578691.970,-1265832.410,187.185
-578691.600,-1265832.580,187.180
-578691.230,-1265832.740,187.170
-578690.850,-1265832.910,187.160
-578690.490,-1265833.070,187.150
-578690.100,-1265833.240,187.150
-578689.740,-1265833.400,187.150
-578689.380,-1265833.570,187.150
-578688.990,-1265833.740,187.150
-578688.620,-1265833.910,187.140
-578688.240,-1265834.080,187.140
-578687.850,-1265834.250,187.140
-578687.470,-1265834.420,187.140
-578687.090,-1265834.590,187.150
-578686.730,-1265834.750,187.150
-578686.370,-1265834.910,187.150
-578686.010,-1265835.070,187.150
-578685.660,-1265835.230,187.160
-578685.270,-1265835.410,187.160
-578684.900,-1265835.570,187.160
-578687.670,-1265833.800,187.150
-578687.320,-1265833.950,187.150
-578686.970,-1265834.110,187.150
-578686.610,-1265834.270,187.150
-578686.240,-1265834.440,187.160
-578685.860,-1265834.610,187.160
-578685.500,-1265834.770,187.160
-578685.110,-1265834.940,187.160
-578691.920,-1265832.180,187.190
-578691.550,-1265832.350,187.180
-578691.150,-1265832.520,187.170
-578690.800,-1265832.680,187.160
-578690.420,-1265832.850,187.150
-578690.050,-1265833.020,187.150
-578689.700,-1265833.170,187.150
-578689.300,-1265833.350,187.150
-578688.930,-1265833.520,187.150
-578688.560,-1265833.680,187.140
-578688.170,-1265833.860,187.145
-578687.780,-1265834.030,187.150
-578687.400,-1265834.210,187.150
-578687.040,-1265834.370,187.150
-578686.680,-1265834.530,187.150
-578686.320,-1265834.690,187.150
-578685.960,-1265834.850,187.160
-578685.580,-1265835.020,187.160
-578685.230,-1265835.180,187.160
-578691.830,-1265831.930,187.190
-578691.440,-1265832.110,187.180
-578691.070,-1265832.270,187.170
-578690.690,-1265832.450,187.160
-578690.330,-1265832.610,187.160
-578689.970,-1265832.770,187.150
-578689.590,-1265832.940,187.150
-578689.200,-1265833.110,187.150
-578688.840,-1265833.270,187.150
-578688.450,-1265833.450,187.150
-578688.060,-1265833.620,187.150
-578689.830,-1265832.420,187.160
-578689.460,-1265832.590,187.160
-578689.090,-1265832.750,187.150
-578688.710,-1265832.920,187.150
-578688.330,-1265833.100,187.150
-578687.930,-1265833.270,187.150
-578687.560,-1265833.440,187.150
-578687.210,-1265833.600,187.150
-578686.870,-1265833.750,187.155
-578686.510,-1265833.910,187.160
-578686.110,-1265834.090,187.160
-578685.750,-1265834.250,187.165
-578685.360,-1265834.420,187.170
-578685.010,-1265834.580,187.170
-578692.010,-1265831.270,187.190
-578691.640,-1265831.430,187.190
-578691.250,-1265831.610,187.180
-578690.880,-1265831.770,187.180
-578690.520,-1265831.930,187.170
-578690.130,-1265832.100,187.160
-578689.760,-1265832.270,187.160
-578689.390,-1265832.440,187.160
-578689.000,-1265832.610,187.160
-578688.620,-1265832.780,187.150
-578688.230,-1265832.950,187.150
-578687.850,-1265833.120,187.150
-578687.500,-1265833.280,187.150
-578687.160,-1265833.440,187.160
-578686.790,-1265833.600,187.160
-578686.410,-1265833.770,187.165
-578686.050,-1265833.930,187.170
-578691.710,-1265831.590,187.190
-578691.340,-1265831.750,187.180
-578690.950,-1265831.930,187.175
-578690.590,-1265832.080,187.170
-578690.220,-1265832.250,187.160
-578685.670,-1265834.100,187.170
-578685.300,-1265834.270,187.170
-578684.950,-1265834.420,187.170
-578692.410,-1265830.720,187.190
-578691.920,-1265830.930,187.200
-578691.540,-1265831.100,187.190
-578691.180,-1265831.260,187.190
-578690.830,-1265831.410,187.180
-578690.430,-1265831.590,187.170
-578690.050,-1265831.760,187.170
-578689.680,-1265831.930,187.170
-578689.300,-1265832.100,187.160
-578688.910,-1265832.270,187.160
-578688.520,-1265832.450,187.160
-578688.170,-1265832.600,187.160
-578687.800,-1265832.770,187.160
-578687.440,-1265832.930,187.160
-578687.090,-1265833.090,187.160
-578686.720,-1265833.250,187.170
-578686.350,-1265833.420,187.170
-578685.970,-1265833.590,187.170
-578685.600,-1265833.750,187.170
-578685.240,-1265833.910,187.170
-578684.860,-1265834.090,187.180
-578685.530,-1265833.510,187.180
-578685.150,-1265833.680,187.180
-578684.740,-1265833.860,187.180
-578684.510,-1265833.960,187.180
-578691.750,-1265830.400,187.190
-578691.400,-1265830.550,187.190
-578691.010,-1265830.730,187.190
-578690.610,-1265830.910,187.180
-578690.280,-1265831.060,187.180
-578689.890,-1265831.230,187.170
-578689.490,-1265831.410,187.170
-578689.100,-1265831.590,187.170
-578688.750,-1265831.740,187.160
-578688.390,-1265831.900,187.170
-578688.020,-1265832.070,187.170
-578687.670,-1265832.220,187.165
-578687.290,-1265832.390,187.170
-578686.930,-1265832.560,187.170
-578686.540,-1265832.730,187.170
-578686.190,-1265832.890,187.180
-578685.830,-1265833.050,187.180
-578685.440,-1265833.230,187.180
-578685.050,-1265833.400,187.180
-578684.700,-1265833.560,187.180
-578684.420,-1265833.690,187.180
-578692.330,-1265830.470,187.195
-578691.800,-1265830.700,187.190
-578691.450,-1265830.850,187.190
-578691.110,-1265831.010,187.190
-578690.710,-1265831.180,187.180
-578690.320,-1265831.360,187.170
-578689.970,-1265831.520,187.170
-578689.560,-1265831.700,187.170
-578689.200,-1265831.860,187.165
-578688.800,-1265832.040,187.160
-578688.450,-1265832.200,187.160
-578688.090,-1265832.360,187.160
-578687.740,-1265832.520,187.160
-578687.380,-1265832.680,187.160
-578686.990,-1265832.850,187.170
-578686.630,-1265833.010,187.170
-578686.240,-1265833.190,187.170
-578685.880,-1265833.350,187.180
-578689.300,-1265830.850,187.170
-578688.960,-1265831.000,187.170
-578688.590,-1265831.170,187.170
-578688.240,-1265831.330,187.170
-578687.860,-1265831.500,187.170
-578687.490,-1265831.660,187.170
-578687.120,-1265831.830,187.170
-578686.750,-1265831.990,187.180
-578686.390,-1265832.150,187.180
-578686.000,-1265832.330,187.180
-578685.630,-1265832.490,187.190
-578685.260,-1265832.660,187.190
-578684.860,-1265832.840,187.200
-578691.690,-1265830.140,187.190
-578691.300,-1265830.320,187.190
-578690.900,-1265830.490,187.180
-578690.540,-1265830.660,187.180
-578690.160,-1265830.820,187.180
-578689.770,-1265831.000,187.170
-578689.390,-1265831.170,187.170
-578689.050,-1265831.320,187.170
-578688.670,-1265831.490,187.170
-578688.310,-1265831.650,187.170
-578687.950,-1265831.810,187.170
-578687.570,-1265831.980,187.170
-578687.220,-1265832.140,187.170
-578686.830,-1265832.320,187.180
-578686.460,-1265832.480,187.180
-578686.110,-1265832.640,187.180
-578685.740,-1265832.800,187.180
-578685.340,-1265832.980,187.190
-578684.980,-1265833.140,187.190
-578690.830,-1265830.170,187.180
-578690.440,-1265830.340,187.180
-578690.060,-1265830.510,187.180
-578689.670,-1265830.690,187.170
-578689.970,-1265830.280,187.180
-578689.610,-1265830.440,187.170
-578689.240,-1265830.610,187.170
-578688.900,-1265830.760,187.170
-578688.530,-1265830.930,187.170
-578688.150,-1265831.100,187.170
-578687.780,-1265831.260,187.170
-578687.410,-1265831.430,187.170
-578687.050,-1265831.590,187.170
-578686.700,-1265831.750,187.180
-578685.920,-1265832.100,187.180
-578685.570,-1265832.250,187.190
-578685.180,-1265832.430,187.190
-578684.790,-1265832.600,187.200
-578684.420,-1265832.770,187.200
-578689.150,-1265830.260,187.170
-578688.800,-1265830.410,187.170
-578688.430,-1265830.580,187.170
-578688.060,-1265830.750,187.160
-578687.680,-1265830.920,187.170
-578687.320,-1265831.080,187.170
-578686.960,-1265831.240,187.170
-578686.200,-1265831.580,187.180
-578685.840,-1265831.740,187.190
-578685.450,-1265831.910,187.190
-578685.070,-1265832.090,187.200
-578684.680,-1265832.260,187.200
-578684.350,-1265832.410,187.200
-578688.310,-1265830.350,187.165
-578687.920,-1265830.520,187.160
-578687.570,-1265830.680,187.170
-578687.220,-1265830.840,187.170
-578686.820,-1265831.010,187.170
-578686.090,-1265831.340,187.180
-578685.710,-1265831.510,187.190
-578685.330,-1265831.680,187.190
-578684.940,-1265831.860,187.200
-578684.580,-1265832.020,187.200
-578684.320,-1265832.140,187.210
-578683.980,-1265832.290,187.220
-578684.350,-1265831.400,187.200
-578687.460,-1265830.380,187.160
-578687.070,-1265830.550,187.160
-578686.700,-1265830.720,187.170
-578685.950,-1265831.050,187.180
-578685.560,-1265831.230,187.190
-578685.180,-1265831.400,187.200
-578684.830,-1265831.550,187.200
-578684.460,-1265831.720,187.200
-578686.570,-1265830.410,187.170
-578686.180,-1265830.580,187.180
-578685.800,-1265830.750,187.180
-578685.410,-1265830.930,187.190
-578685.060,-1265831.090,187.190
-578684.710,-1265831.240,187.190
-578685.700,-1265830.450,187.180
-578685.340,-1265830.610,187.190
-578685.010,-1265830.760,187.190
-578684.640,-1265830.920,187.190
-578684.290,-1265831.080,187.190
-578684.900,-1265830.510,187.190
-578684.550,-1265830.670,187.190
-578691.580,-1265829.830,187.190
-578691.190,-1265830.010,187.190
-578691.480,-1265829.610,187.190
-578691.130,-1265829.770,187.190
-578690.730,-1265829.940,187.180
-578690.350,-1265830.110,187.180
-578691.390,-1265829.260,187.190
-578691.010,-1265829.430,187.180
-578690.630,-1265829.600,187.180
-578690.230,-1265829.780,187.180
-578689.880,-1265829.930,187.170
-578689.530,-1265830.090,187.170
-578692.020,-1265828.340,187.175
-578691.500,-1265828.570,187.190
-578691.110,-1265828.740,187.180
-578690.740,-1265828.910,187.180
-578690.370,-1265829.070,187.170
-578690.030,-1265829.230,187.170
-578691.650,-1265828.850,187.180
-578691.270,-1265829.020,187.185
-578690.880,-1265829.200,187.180
-578690.480,-1265829.370,187.180
-578690.140,-1265829.530,187.170
-578689.760,-1265829.700,187.170
-578689.420,-1265829.850,187.170
-578689.060,-1265830.010,187.170
-578688.670,-1265830.190,187.160
-578689.670,-1265829.390,187.165
-578689.310,-1265829.550,187.160
-578688.930,-1265829.720,187.160
-578688.560,-1265829.890,187.160
-578688.180,-1265830.060,187.160
-578687.820,-1265830.220,187.160
-578691.360,-1265828.270,187.180
-578690.960,-1265828.450,187.180
-578690.610,-1265828.600,187.170
-578690.250,-1265828.760,187.170
-578689.880,-1265828.930,187.160
-578689.530,-1265829.080,187.160
-578689.150,-1265829.260,187.160
-578688.770,-1265829.420,187.160
-578688.410,-1265829.590,187.160
-578688.060,-1265829.750,187.160
-578687.680,-1265829.910,187.160
-578687.310,-1265830.080,187.160
-578686.920,-1265830.250,187.160
-578688.350,-1265829.260,187.160
-578688.000,-1265829.420,187.160
-578687.600,-1265829.600,187.160
-578687.210,-1265829.770,187.160
-578686.860,-1265829.930,187.160
-578686.480,-1265830.100,187.160
-578686.090,-1265830.270,187.175
-578691.160,-1265827.710,187.180
-578690.810,-1265827.870,187.170
-578690.450,-1265828.030,187.170
-578690.100,-1265828.190,187.160
-578689.710,-1265828.360,187.160
-578689.350,-1265828.520,187.160
-578688.960,-1265828.700,187.160
-578688.610,-1265828.850,187.160
-578688.260,-1265829.010,187.160
-578687.860,-1265829.190,187.160
-578687.480,-1265829.360,187.160
-578687.130,-1265829.510,187.160
-578686.730,-1265829.700,187.160
-578686.350,-1265829.860,187.160
-578685.970,-1265830.040,187.170
-578685.610,-1265830.190,187.180
-578685.260,-1265830.350,187.180
-578691.270,-1265827.960,187.180
-578690.900,-1265828.120,187.180
-578690.540,-1265828.280,187.170
-578690.190,-1265828.440,187.160
-578689.830,-1265828.600,187.160
-578689.440,-1265828.770,187.160
-578689.090,-1265828.930,187.160
-578688.710,-1265829.100,187.160
-578691.900,-1265826.980,187.180
-578691.420,-1265827.190,187.180
-578691.050,-1265827.360,187.180
-578690.700,-1265827.520,187.170
-578690.350,-1265827.670,187.170
-578689.950,-1265827.850,187.160
-578689.600,-1265828.010,187.160
-578689.210,-1265828.180,187.150
-578688.850,-1265828.340,187.150
-578688.500,-1265828.500,187.150
-578688.120,-1265828.670,187.160
-578687.730,-1265828.840,187.160
-578687.360,-1265829.010,187.160
-578686.990,-1265829.170,187.150
-578686.600,-1265829.350,187.160
-578686.210,-1265829.520,187.160
-578685.860,-1265829.680,187.170
-578685.510,-1265829.830,187.170
-578685.150,-1265830.000,187.180
-578684.790,-1265830.150,187.190
-578684.400,-1265830.330,187.190
-578691.820,-1265826.730,187.180
-578691.340,-1265826.940,187.180
-578690.990,-1265827.090,187.180
-578690.620,-1265827.260,187.170
-578690.230,-1265827.430,187.170
-578689.880,-1265827.590,187.160
-578689.500,-1265827.760,187.160
-578689.130,-1265827.920,187.150
-578688.770,-1265828.080,187.150
-578688.390,-1265828.250,187.150
-578688.010,-1265828.430,187.150
-578687.650,-1265828.580,187.155
-578687.270,-1265828.760,187.155
-578686.880,-1265828.930,187.150
-578686.490,-1265829.100,187.150
-578686.130,-1265829.260,187.160
-578685.770,-1265829.420,187.170
-578685.420,-1265829.580,187.170
-578685.090,-1265829.730,187.180
-578684.680,-1265829.910,187.190
-578684.320,-1265830.070,187.190
-578684.070,-1265830.190,187.180
-578691.250,-1265826.650,187.180
-578690.900,-1265826.810,187.180
-578690.530,-1265826.980,187.170
-578690.170,-1265827.140,187.170
-578689.770,-1265827.310,187.160
-578689.420,-1265827.470,187.160
-578689.060,-1265827.630,187.150
-578688.680,-1265827.800,187.150
-578688.300,-1265827.970,187.150
-578687.930,-1265828.140,187.150
-578687.550,-1265828.310,187.150
-578687.160,-1265828.480,187.150
-578686.780,-1265828.650,187.150
-578686.420,-1265828.810,187.150
-578686.070,-1265828.970,187.160
-578685.710,-1265829.130,187.170
-578685.350,-1265829.290,187.170
-578684.980,-1265829.460,187.180
-578684.630,-1265829.610,187.180
-578684.230,-1265829.790,187.180
-578685.920,-1265828.580,187.160
-578685.590,-1265828.730,187.170
-578685.190,-1265828.910,187.180
-578684.840,-1265829.070,187.190
-578684.450,-1265829.240,187.200
-578691.040,-1265826.030,187.180
-578690.680,-1265826.190,187.180
-578690.290,-1265826.370,187.180
-578689.950,-1265826.520,187.170
-578689.570,-1265826.690,187.170
-578689.190,-1265826.860,187.160
-578688.810,-1265827.030,187.160
-578688.450,-1265827.190,187.150
-578688.060,-1265827.360,187.150
-578687.680,-1265827.530,187.160
-578687.300,-1265827.700,187.150
-578686.940,-1265827.870,187.150
-578686.580,-1265828.020,187.160
-578686.230,-1265828.180,187.160
-578685.870,-1265828.340,187.165
-578685.500,-1265828.510,187.170
-578685.140,-1265828.670,187.180
-578684.760,-1265828.840,187.190
-578684.400,-1265829.000,187.200
-578684.040,-1265829.160,187.200
-578691.140,-1265826.260,187.180
-578690.740,-1265826.430,187.180
-578690.390,-1265826.590,187.170
-578690.010,-1265826.760,187.170
-578689.640,-1265826.920,187.170
-578689.290,-1265827.080,187.160
-578688.900,-1265827.260,187.160
-578688.520,-1265827.430,187.150
-578688.140,-1265827.590,187.150
-578687.750,-1265827.760,187.150
-578687.390,-1265827.930,187.150
-578687.000,-1265828.100,187.150
-578686.640,-1265828.260,187.160
-578686.290,-1265828.420,187.160
-578686.810,-1265827.500,187.170
-578686.440,-1265827.660,187.170
-578686.080,-1265827.820,187.170
-578685.710,-1265827.990,187.170
-578685.350,-1265828.150,187.180
-578684.970,-1265828.320,187.190
-578684.630,-1265828.470,187.200
-578684.270,-1265828.630,187.200
-578683.880,-1265828.800,187.200
-578691.660,-1265824.990,187.190
-578691.180,-1265825.200,187.190
-578690.800,-1265825.370,187.180
-578690.440,-1265825.530,187.180
-578690.090,-1265825.690,187.180
-578689.700,-1265825.860,187.170
-578689.310,-1265826.040,187.170
-578688.950,-1265826.190,187.160
-578691.300,-1265825.490,187.190
-578690.890,-1265825.670,187.180
-578690.500,-1265825.840,187.180
-578690.160,-1265826.000,187.180
-578689.800,-1265826.160,187.170
-578689.410,-1265826.330,187.170
-578689.030,-1265826.500,187.160
-578688.670,-1265826.660,187.160
-578688.300,-1265826.830,187.160
-578687.910,-1265827.000,187.160
-578687.510,-1265827.180,187.170
-578687.160,-1265827.340,187.170
-578691.550,-1265824.610,187.190
-578691.030,-1265824.840,187.190
-578690.680,-1265824.990,187.180
-578690.320,-1265825.150,187.180
-578689.930,-1265825.330,187.170
-578689.550,-1265825.500,187.170
-578689.180,-1265825.660,187.160
-578688.780,-1265825.840,187.170
-578688.420,-1265826.000,187.170
-578688.040,-1265826.170,187.170
-578687.690,-1265826.330,187.180
-578687.340,-1265826.490,187.190
-578687.000,-1265826.640,187.190
-578686.630,-1265826.800,187.200
-578686.230,-1265826.980,187.200
-578685.880,-1265827.140,187.190
-578685.500,-1265827.310,187.190
-578685.140,-1265827.470,187.200
-578684.790,-1265827.630,187.200
-578684.410,-1265827.790,187.210
-578684.010,-1265827.970,187.210
-578688.570,-1265826.360,187.160
-578688.180,-1265826.540,187.170
-578687.790,-1265826.710,187.170
-578687.450,-1265826.860,187.180
-578687.100,-1265827.020,187.180
-578686.770,-1265827.170,187.180
-578686.380,-1265827.340,187.180
-578685.980,-1265827.520,187.180
-578685.640,-1265827.670,187.180
-578685.250,-1265827.850,187.190
-578684.900,-1265828.010,187.200
-578684.550,-1265828.160,187.200
-578684.160,-1265828.330,187.200
-578683.840,-1265828.480,187.200
-578683.540,-1265828.620,187.180
-578690.660,-1265824.780,187.180
-578690.270,-1265824.950,187.180
-578689.890,-1265825.120,187.170
-578689.540,-1265825.280,187.170
-578689.150,-1265825.450,187.160
-578688.760,-1265825.630,187.170
-578688.380,-1265825.800,187.170
-578688.030,-1265825.950,187.170
-578687.670,-1265826.110,187.180
-578687.320,-1265826.270,187.190
-578686.970,-1265826.430,187.200
-578686.600,-1265826.590,187.200
-578686.230,-1265826.760,187.200
-578685.870,-1265826.920,187.200
-578685.490,-1265827.090,187.200
-578685.140,-1265827.250,187.200
-578684.780,-1265827.410,187.210
-578684.370,-1265827.590,187.210
-578683.990,-1265827.760,187.210
-578691.410,-1265824.050,187.190
-578690.940,-1265824.260,187.180
-578690.540,-1265824.430,187.180
-578690.150,-1265824.610,187.170
-578689.800,-1265824.760,187.170
-578689.420,-1265824.940,187.170
-578689.030,-1265825.110,187.170
-578688.660,-1265825.280,187.170
-578688.300,-1265825.440,187.170
-578687.950,-1265825.590,187.180
-578687.600,-1265825.750,187.190
-578687.240,-1265825.910,187.195
-578686.850,-1265826.090,187.200
-578686.520,-1265826.230,187.210
-578686.130,-1265826.410,187.210
-578685.760,-1265826.570,187.210
-578685.410,-1265826.730,187.210
-578685.030,-1265826.900,187.220
-578684.630,-1265827.080,187.220
-578684.280,-1265827.230,187.220
-578683.900,-1265827.400,187.220
-578691.510,-1265824.410,187.190
-578691.010,-1265824.620,187.190
-578688.790,-1265824.320,187.170
-578688.450,-1265824.480,187.180
-578688.090,-1265824.640,187.190
-578687.720,-1265824.800,187.190
-578687.350,-1265824.970,187.190
-578686.990,-1265825.130,187.190
-578686.600,-1265825.300,187.200
-578686.250,-1265825.460,187.200
-578685.900,-1265825.610,187.220
-578685.520,-1265825.780,187.220
-578685.150,-1265825.950,187.220
-578684.780,-1265826.120,187.230
-578684.390,-1265826.290,187.230
-578684.010,-1265826.460,187.230
-578690.060,-1265824.180,187.170
-578689.680,-1265824.350,187.170
-578689.290,-1265824.520,187.160
-578688.900,-1265824.700,187.170
-578688.580,-1265824.840,187.170
-578688.220,-1265825.000,187.180
-578687.850,-1265825.160,187.180
-578687.500,-1265825.320,187.190
-578687.120,-1265825.490,187.190
-578686.760,-1265825.650,187.200
-578686.380,-1265825.820,187.210
-578686.020,-1265825.980,187.210
-578685.670,-1265826.140,187.220
-578685.300,-1265826.300,187.220
-578684.900,-1265826.480,187.230
-578684.540,-1265826.640,187.230
-578684.180,-1265826.810,187.230
-578683.770,-1265826.990,187.220
-578683.500,-1265827.110,187.210
-578687.630,-1265824.510,187.190
-578687.290,-1265824.660,187.190
-578686.900,-1265824.830,187.190
-578686.550,-1265824.990,187.200
-578686.190,-1265825.150,187.200
-578685.820,-1265825.320,187.215
-578685.430,-1265825.490,187.230
-578685.080,-1265825.650,187.230
-578684.690,-1265825.820,187.230
-578684.310,-1265825.990,187.240
-578683.930,-1265826.160,187.240
-578683.630,-1265826.630,187.230
-578683.710,-1265825.460,187.240
-578683.440,-1265825.580,187.250
-578686.810,-1265824.590,187.190
-578686.450,-1265824.750,187.200
-578686.070,-1265824.920,187.200
-578685.710,-1265825.090,187.215
-578685.350,-1265825.250,187.230
-578684.960,-1265825.420,187.230
-578684.590,-1265825.590,187.230
-578684.190,-1265825.760,187.240
-578683.840,-1265825.920,187.240
-578685.560,-1265824.630,187.220
-578685.180,-1265824.800,187.230
-578684.810,-1265824.970,187.230
-578684.410,-1265825.150,187.230
-578684.050,-1265825.310,187.240
-578684.280,-1265824.830,187.230
-578683.930,-1265824.990,187.230
-578690.810,-1265823.840,187.180
-578690.420,-1265824.020,187.170
-578690.640,-1265823.490,187.170
-578690.290,-1265823.650,187.170
-578689.900,-1265823.830,187.165
-578689.520,-1265824.000,187.160
-578689.150,-1265824.160,187.170
-578690.580,-1265823.190,187.170
-578690.200,-1265823.360,187.170
-578689.810,-1265823.530,187.170
-578689.440,-1265823.700,187.160
-578689.100,-1265823.850,187.170
-578688.730,-1265824.020,187.180
-578688.380,-1265824.170,187.180
-578688.030,-1265824.330,187.190
-578688.490,-1265823.320,187.180
-578688.130,-1265823.480,187.180
-578687.770,-1265823.640,187.180
-578687.380,-1265823.820,187.190
-578687.040,-1265823.970,187.190
-578686.680,-1265824.130,187.190
-578686.290,-1265824.310,187.200
-578685.910,-1265824.470,187.210
-578691.330,-1265822.580,187.170
-578690.850,-1265822.790,187.170
-578690.470,-1265822.960,187.170
-578690.070,-1265823.140,187.170
-578689.690,-1265823.310,187.170
-578689.350,-1265823.460,187.170
-578689.010,-1265823.610,187.170
-578688.620,-1265823.780,187.180
-578688.320,-1265823.920,187.180
-578687.910,-1265824.100,187.190
-578687.530,-1265824.270,187.190
-578687.180,-1265824.430,187.190
-578691.200,-1265822.120,187.160
-578690.670,-1265822.350,187.170
-578690.290,-1265822.520,187.170
-578689.910,-1265822.690,187.170
-578689.560,-1265822.850,187.170
-578689.200,-1265823.010,187.170
-578688.860,-1265823.160,187.170
-578690.520,-1265822.050,187.170
-578690.140,-1265822.220,187.170
-578689.800,-1265822.370,187.170
-578689.440,-1265822.530,187.170
-578689.080,-1265822.690,187.170
-578688.740,-1265822.840,187.180
-578688.340,-1265823.020,187.180
-578687.990,-1265823.180,187.180
-578687.600,-1265823.350,187.190
-578687.250,-1265823.510,187.190
-578686.910,-1265823.660,187.190
-578686.520,-1265823.830,187.200
-578686.140,-1265824.000,187.205
-578685.790,-1265824.160,187.210
-578685.410,-1265824.330,187.220
-578685.020,-1265824.500,187.230
-578684.650,-1265824.670,187.230
-578690.380,-1265821.690,187.165
-578690.020,-1265821.850,187.170
-578689.700,-1265821.990,187.170
-578689.350,-1265822.150,187.180
-578688.980,-1265822.310,187.180
-578688.590,-1265822.480,187.180
-578688.240,-1265822.640,187.180
-578687.850,-1265822.820,187.180
-578687.520,-1265822.970,187.190
-578687.160,-1265823.130,187.190
-578686.760,-1265823.300,187.200
-578686.380,-1265823.470,187.200
-578686.030,-1265823.630,187.210
-578685.670,-1265823.790,187.210
-578685.280,-1265823.970,187.220
-578684.880,-1265824.140,187.230
-578684.520,-1265824.300,187.225
-578684.170,-1265824.460,187.220
-578683.820,-1265824.620,187.230
-578691.180,-1265821.040,187.155
-578690.650,-1265821.260,187.160
-578690.300,-1265821.420,187.160
-578689.960,-1265821.570,187.170
-578689.620,-1265821.720,187.180
-578689.250,-1265821.890,187.180
-578688.870,-1265822.060,187.180
-578688.510,-1265822.220,187.180
-578688.120,-1265822.390,187.180
-578687.790,-1265822.540,187.180
-578687.420,-1265822.710,187.190
-578687.040,-1265822.880,187.190
-578686.660,-1265823.050,187.200
-578686.310,-1265823.200,187.200
-578685.920,-1265823.380,187.210
-578685.550,-1265823.540,187.210
-578685.150,-1265823.720,187.220
-578684.800,-1265823.880,187.220
-578684.450,-1265824.030,187.220
-578684.090,-1265824.190,187.220
-578683.740,-1265824.350,187.220
-578691.040,-1265820.580,187.160
-578690.540,-1265820.800,187.160
-578690.200,-1265820.950,187.165
-578689.840,-1265821.110,187.180
-578689.500,-1265821.260,187.180
-578689.120,-1265821.440,187.180
-578688.770,-1265821.590,187.190
-578688.370,-1265821.770,187.185
-578688.020,-1265821.930,187.180
-578687.680,-1265822.080,187.190
-578687.290,-1265822.250,187.190
-578686.910,-1265822.420,187.200
-578686.560,-1265822.580,187.200
-578686.170,-1265822.750,187.210
-578685.800,-1265822.920,187.210
-578685.420,-1265823.090,187.210
-578685.050,-1265823.250,187.220
-578684.710,-1265823.410,187.215
-578684.340,-1265823.570,187.220
-578683.980,-1265823.730,187.220
-578683.600,-1265823.900,187.220
-578683.300,-1265824.040,187.210
-578690.430,-1265820.490,187.170
-578690.080,-1265820.650,187.170
-578689.730,-1265820.800,187.180
-578689.350,-1265820.970,187.180
-578689.000,-1265821.130,187.180
-578688.610,-1265821.300,187.180
-578688.260,-1265821.460,187.180
-578687.900,-1265821.620,187.180
-578687.540,-1265821.780,187.190
-578687.140,-1265821.960,187.200
-578686.790,-1265822.110,187.200
-578686.410,-1265822.290,187.200
-578686.030,-1265822.450,187.210
-578685.650,-1265822.630,187.210
-578685.290,-1265822.790,187.210
-578684.940,-1265822.940,187.210
-578684.590,-1265823.100,187.220
-578684.220,-1265823.260,187.220
-578683.840,-1265823.430,187.220
-578683.490,-1265823.590,187.220
-578689.650,-1265820.090,187.180
-578688.420,-1265820.630,187.190
-578689.610,-1265820.410,187.180
-578688.860,-1265820.740,187.190
-578688.500,-1265820.900,187.190
-578688.160,-1265821.060,187.185
-578687.770,-1265821.230,187.180
-578687.380,-1265821.400,187.190
-578687.050,-1265821.550,187.200
-578686.660,-1265821.720,187.200
-578686.280,-1265821.890,187.210
-578685.910,-1265822.060,187.210
-578685.530,-1265822.230,187.210
-578685.180,-1265822.380,187.220
-578684.830,-1265822.540,187.220
-578684.470,-1265822.700,187.220
-578684.090,-1265822.870,187.220
-578683.740,-1265823.030,187.220
-578683.350,-1265823.200,187.220
-578687.660,-1265820.970,187.190
-578687.300,-1265821.130,187.200
-578686.930,-1265821.300,187.200
-578686.550,-1265821.470,187.200
-578686.170,-1265821.640,187.210
-578685.810,-1265821.800,187.210
-578685.470,-1265821.950,187.210
-578685.110,-1265822.110,187.210
-578684.750,-1265822.270,187.220
-578684.360,-1265822.450,187.220
-578684.010,-1265822.600,187.220
-578683.640,-1265822.770,187.220
-578688.760,-1265820.020,187.185
-578688.400,-1265820.180,187.180
-578688.020,-1265820.350,187.190
-578687.150,-1265820.730,187.200
-578686.770,-1265820.900,187.210
-578686.400,-1265821.070,187.210
-578686.030,-1265821.230,187.210
-578685.670,-1265821.390,187.210
-578685.330,-1265821.550,187.210
-578684.970,-1265821.710,187.210
-578684.590,-1265821.880,187.220
-578684.240,-1265822.030,187.220
-578683.840,-1265822.210,187.220
-578683.500,-1265822.360,187.220
-578688.030,-1265820.800,187.190
-578687.480,-1265820.270,187.190
-578687.150,-1265820.420,187.190
-578686.770,-1265820.590,187.210
-578685.920,-1265820.960,187.210
-578685.570,-1265821.120,187.210
-578685.210,-1265821.280,187.215
-578684.840,-1265821.440,187.220
-578684.480,-1265821.600,187.220
-578684.110,-1265821.770,187.220
-578683.750,-1265821.930,187.220
-578683.410,-1265822.080,187.230
-578685.940,-1265820.470,187.200
-578685.580,-1265820.630,187.210
-578685.120,-1265820.830,187.220
-578684.340,-1265821.180,187.230
-578683.980,-1265821.340,187.230
-578683.630,-1265821.490,187.230
-578683.250,-1265821.660,187.230
-578685.130,-1265820.470,187.210
-578684.700,-1265820.660,187.230
-578684.370,-1265820.810,187.230
-578684.010,-1265820.970,187.235
-578683.510,-1265821.180,187.230
-578683.130,-1265821.350,187.230
-578683.920,-1265820.580,187.235
-578683.500,-1265820.770,187.230
-578683.140,-1265820.930,187.230
-578685.530,-1265830.240,187.180
-578685.170,-1265830.410,187.180
-578684.800,-1265830.580,187.190
-578684.490,-1265830.730,187.190
-578684.990,-1265830.230,187.190
-578684.670,-1265830.380,187.190
-578684.330,-1265830.540,187.190
-578686.910,-1265830.860,187.170
-578685.900,-1265831.330,187.180
-578685.580,-1265831.480,187.190
-578685.220,-1265831.650,187.190
-578684.890,-1265831.800,187.200
-578684.560,-1265831.960,187.200
-578684.130,-1265832.170,187.210
-578688.480,-1265829.920,187.160
-578688.130,-1265830.080,187.160
-578687.770,-1265830.250,187.160
-578687.440,-1265830.410,187.160
-578687.120,-1265830.550,187.160
-578686.780,-1265830.720,187.170
-578686.110,-1265831.030,187.180
-578685.770,-1265831.190,187.190
-578685.420,-1265831.350,187.190
-578685.090,-1265831.500,187.200
-578684.760,-1265831.660,187.200
-578684.410,-1265831.830,187.200
-578687.630,-1265829.990,187.160
-578687.310,-1265830.140,187.160
-578686.980,-1265830.300,187.160
-578686.650,-1265830.450,187.170
-578686.290,-1265830.620,187.180
-578685.960,-1265830.780,187.180
-578685.610,-1265830.940,187.190
-578685.290,-1265831.090,187.190
-578684.950,-1265831.240,187.190
-578684.600,-1265831.410,187.200
-578686.850,-1265830.130,187.160
-578686.500,-1265830.300,187.170
-578686.170,-1265830.450,187.180
-578685.810,-1265830.620,187.180
-578685.490,-1265830.770,187.190
-578685.160,-1265830.920,187.190
-578684.800,-1265831.090,187.190
-578684.460,-1265831.250,187.200
-578686.380,-1265830.110,187.170
-578686.010,-1265830.290,187.180
-578685.690,-1265830.440,187.180
-578685.360,-1265830.590,187.190
-578685.000,-1265830.760,187.190
-578684.660,-1265830.920,187.190
-578684.330,-1265831.080,187.190
-578686.150,-1265832.340,187.180
-578685.810,-1265832.500,187.180
-578685.480,-1265832.650,187.190
-578685.140,-1265832.810,187.190
-578684.810,-1265832.970,187.190
-578691.080,-1265829.700,187.180
-578690.760,-1265829.850,187.180
-578690.420,-1265830.010,187.180
-578690.080,-1265830.170,187.180
-578689.720,-1265830.340,187.170
-578689.400,-1265830.490,187.170
-578689.070,-1265830.640,187.170
-578688.720,-1265830.810,187.170
-578688.370,-1265830.970,187.170
-578688.040,-1265831.130,187.160
-578687.700,-1265831.290,187.170
-578687.330,-1265831.460,187.170
-578686.980,-1265831.630,187.170
-578686.010,-1265832.080,187.180
-578685.670,-1265832.240,187.190
-578685.310,-1265832.400,187.190
-578684.990,-1265832.560,187.200
-578684.640,-1265832.720,187.200
-578684.230,-1265832.930,187.200
-578690.610,-1265829.650,187.180
-578690.290,-1265829.800,187.180
-578689.930,-1265829.960,187.170
-578689.600,-1265830.120,187.170
-578689.270,-1265830.270,187.170
-578688.920,-1265830.440,187.170
-578688.570,-1265830.600,187.170
-578688.260,-1265830.750,187.165
-578687.890,-1265830.920,187.170
-578687.530,-1265831.080,187.170
-578687.190,-1265831.250,187.170
-578686.850,-1265831.410,187.170
-578685.860,-1265831.870,187.190
-578685.510,-1265832.030,187.190
-578685.190,-1265832.180,187.190
-578684.840,-1265832.350,187.200
-578684.500,-1265832.510,187.200
-578689.800,-1265829.790,187.170
-578689.470,-1265829.950,187.170
-578689.110,-1265830.120,187.170
-578688.770,-1265830.270,187.170
-578688.430,-1265830.430,187.160
-578688.090,-1265830.590,187.160
-578687.740,-1265830.760,187.170
-578687.380,-1265830.930,187.170
-578687.060,-1265831.080,187.170
-578686.380,-1265831.390,187.180
-578686.070,-1265831.540,187.190
-578685.710,-1265831.710,187.190
-578685.380,-1265831.860,187.190
-578685.040,-1265832.030,187.200
-578684.700,-1265832.180,187.200
-578684.300,-1265832.380,187.210
-578688.950,-1265829.900,187.165
-578688.640,-1265830.050,187.160
-578688.280,-1265830.220,187.160
-578687.920,-1265830.380,187.160
-578687.580,-1265830.550,187.170
-578687.250,-1265830.700,187.170
-578687.570,-1265832.550,187.160
-578687.240,-1265832.700,187.160
-578686.880,-1265832.870,187.170
-578686.530,-1265833.030,187.170
-578686.170,-1265833.200,187.170
-578685.850,-1265833.350,187.180
-578685.530,-1265833.500,187.180
-578685.200,-1265833.660,187.180
-578684.880,-1265833.810,187.180
-578691.830,-1265830.290,187.190
-578691.470,-1265830.460,187.190
-578691.160,-1265830.600,187.190
-578690.830,-1265830.760,187.180
-578690.500,-1265830.910,187.180
-578690.180,-1265831.060,187.170
-578689.820,-1265831.230,187.170
-578689.500,-1265831.380,187.170
-578689.140,-1265831.550,187.170
-578688.830,-1265831.690,187.160
-578688.490,-1265831.860,187.160
-578688.140,-1265832.020,187.170
-578687.790,-1265832.180,187.170
-578687.460,-1265832.340,187.170
-578687.110,-1265832.500,187.170
-578686.750,-1265832.670,187.170
-578686.400,-1265832.840,187.170
-578686.070,-1265832.990,187.180
-578685.750,-1265833.140,187.180
-578685.410,-1265833.300,187.180
-578685.080,-1265833.450,187.180
-578684.750,-1265833.610,187.180
-578691.670,-1265830.090,187.190
-578691.340,-1265830.250,187.190
-578691.010,-1265830.410,187.190
-578690.680,-1265830.560,187.180
-578690.360,-1265830.710,187.180
-578690.010,-1265830.880,187.170
-578689.670,-1265831.030,187.170
-578689.330,-1265831.190,187.170
-578689.000,-1265831.350,187.170
-578688.670,-1265831.500,187.170
-578688.320,-1265831.660,187.170
-578687.970,-1265831.830,187.170
-578687.640,-1265831.980,187.170
-578687.280,-1265832.150,187.170
-578686.930,-1265832.310,187.170
-578686.580,-1265832.480,187.180
-578686.250,-1265832.630,187.180
-578685.920,-1265832.790,187.180
-578685.600,-1265832.940,187.180
-578685.270,-1265833.090,187.190
-578684.910,-1265833.260,187.190
-578691.560,-1265829.800,187.190
-578691.230,-1265829.960,187.190
-578690.900,-1265830.110,187.180
-578690.580,-1265830.260,187.180
-578690.230,-1265830.430,187.180
-578689.890,-1265830.590,187.170
-578689.540,-1265830.750,187.170
-578689.220,-1265830.900,187.170
-578688.890,-1265831.050,187.170
-578688.540,-1265831.220,187.170
-578688.190,-1265831.380,187.170
-578687.850,-1265831.540,187.170
-578687.500,-1265831.710,187.170
-578687.150,-1265831.870,187.170
-578686.800,-1265832.030,187.180
-578686.470,-1265832.190,187.180
-578689.380,-1265832.760,187.155
-578689.030,-1265832.930,187.150
-578688.700,-1265833.080,187.150
-578688.350,-1265833.250,187.150
-578688.030,-1265833.400,187.150
-578687.710,-1265833.540,187.150
-578687.350,-1265833.720,187.150
-578686.990,-1265833.890,187.150
-578686.670,-1265834.040,187.160
-578686.310,-1265834.200,187.160
-578685.960,-1265834.370,187.160
-578685.620,-1265834.530,187.160
-578685.280,-1265834.690,187.165
-578684.960,-1265834.840,187.170
-578692.480,-1265830.940,187.190
-578691.890,-1265831.200,187.190
-578691.540,-1265831.360,187.190
-578691.180,-1265831.530,187.180
-578690.850,-1265831.680,187.180
-578690.520,-1265831.840,187.170
-578690.190,-1265831.990,187.170
-578689.870,-1265832.140,187.160
-578689.530,-1265832.300,187.160
-578689.180,-1265832.460,187.160
-578688.860,-1265832.620,187.160
-578688.510,-1265832.780,187.150
-578688.180,-1265832.930,187.150
-578687.860,-1265833.090,187.150
-578687.500,-1265833.250,187.150
-578687.140,-1265833.420,187.160
-578686.820,-1265833.570,187.160
-578686.470,-1265833.740,187.170
-578686.120,-1265833.900,187.170
-578685.760,-1265834.070,187.170
-578685.440,-1265834.220,187.170
-578685.110,-1265834.370,187.170
-578684.790,-1265834.530,187.170
-578692.340,-1265830.620,187.190
-578692.070,-1265830.740,187.200
-578691.730,-1265830.890,187.200
-578691.390,-1265831.050,187.190
-578691.040,-1265831.210,187.180
-578690.710,-1265831.370,187.180
-578690.390,-1265831.510,187.170
-578690.060,-1265831.670,187.170
-578689.730,-1265831.820,187.170
-578689.380,-1265831.990,187.170
-578689.050,-1265832.140,187.160
-578688.700,-1265832.310,187.160
-578688.370,-1265832.460,187.160
-578688.050,-1265832.610,187.160
-578687.690,-1265832.780,187.160
-578687.350,-1265832.940,187.160
-578687.020,-1265833.100,187.165
-578686.660,-1265833.260,187.170
-578686.310,-1265833.430,187.170
-578685.960,-1265833.590,187.170
-578685.630,-1265833.750,187.170
-578685.310,-1265833.900,187.170
-578684.990,-1265834.050,187.180
-578692.230,-1265830.380,187.195
-578691.980,-1265830.480,187.195
-578691.620,-1265830.650,187.190
-578691.260,-1265830.820,187.190
-578690.940,-1265830.970,187.185
-578690.610,-1265831.120,187.180
-578690.280,-1265831.280,187.170
-578689.970,-1265831.420,187.170
-578689.600,-1265831.590,187.170
-578689.280,-1265831.740,187.170
-578688.940,-1265831.900,187.160
-578688.590,-1265832.070,187.160
-578688.270,-1265832.220,187.160
-578687.930,-1265832.380,187.160
-578692.370,-1265832.400,187.190
-578692.130,-1265832.490,187.190
-578691.780,-1265832.660,187.180
-578691.430,-1265832.820,187.170
-578691.100,-1265832.980,187.165
-578690.750,-1265833.140,187.160
-578690.410,-1265833.300,187.150
-578690.050,-1265833.470,187.145
-578689.720,-1265833.620,187.140
-578689.400,-1265833.780,187.140
-578689.070,-1265833.930,187.145
-578688.740,-1265834.080,187.140
-578688.390,-1265834.250,187.140
-578688.070,-1265834.400,187.140
-578687.700,-1265834.570,187.140
-578687.400,-1265834.710,187.140
-578687.060,-1265834.870,187.140
-578686.710,-1265835.040,187.150
-578686.360,-1265835.200,187.150
-578686.030,-1265835.360,187.150
-578685.680,-1265835.520,187.160
-578685.330,-1265835.690,187.160
-578684.980,-1265835.850,187.160
-578684.560,-1265836.070,187.150
-578691.990,-1265832.140,187.190
-578691.640,-1265832.310,187.180
-578691.320,-1265832.460,187.180
-578690.960,-1265832.620,187.160
-578690.620,-1265832.790,187.160
-578690.260,-1265832.950,187.150
-578689.950,-1265833.100,187.150
-578689.620,-1265833.250,187.150
-578689.290,-1265833.410,187.150
-578688.960,-1265833.560,187.150
-578688.610,-1265833.730,187.140
-578688.280,-1265833.880,187.140
-578687.940,-1265834.040,187.140
-578687.610,-1265834.200,187.140
-578687.280,-1265834.360,187.150
-578686.930,-1265834.520,187.150
-578686.570,-1265834.690,187.150
-578686.250,-1265834.830,187.150
-578685.900,-1265835.000,187.160
-578685.530,-1265835.170,187.160
-578685.190,-1265835.340,187.160
-578691.820,-1265831.900,187.190
-578691.500,-1265832.050,187.180
-578691.150,-1265832.220,187.180
-578690.790,-1265832.380,187.165
-578690.450,-1265832.540,187.160
-578690.120,-1265832.700,187.160
-578689.800,-1265832.850,187.150
-578689.470,-1265833.000,187.150
-578689.140,-1265833.160,187.150
-578688.780,-1265833.330,187.150
-578688.470,-1265833.470,187.150
-578688.110,-1265833.640,187.150
-578687.780,-1265833.790,187.150
-578687.460,-1265833.950,187.150
-578687.100,-1265834.110,187.150
-578686.750,-1265834.280,187.150
-578686.430,-1265834.430,187.150
-578686.080,-1265834.600,187.160
-578685.710,-1265834.770,187.160
-578685.370,-1265834.930,187.160
-578685.050,-1265835.080,187.160
-578691.730,-1265831.660,187.190
-578691.380,-1265831.820,187.180
-578691.040,-1265831.990,187.170
-578690.690,-1265832.150,187.170
-578690.350,-1265832.310,187.160
-578690.040,-1265832.460,187.160
-578689.700,-1265832.610,187.160
-578692.670,-1265833.290,187.180
-578692.410,-1265833.400,187.180
-578691.740,-1265833.710,187.170
-578691.440,-1265833.850,187.160
-578691.080,-1265834.020,187.160
-578690.720,-1265834.190,187.150
-578690.400,-1265834.340,187.150
-578690.040,-1265834.510,187.150
-578689.690,-1265834.670,187.150
-578689.340,-1265834.840,187.150
-578689.020,-1265834.980,187.140
-578688.690,-1265835.140,187.140
-578688.360,-1265835.300,187.140
-578688.040,-1265835.450,187.140
-578687.680,-1265835.620,187.150
-578687.360,-1265835.770,187.150
-578687.020,-1265835.930,187.150
-578686.690,-1265836.080,187.150
-578686.360,-1265836.240,187.150
-578686.010,-1265836.410,187.150
-578685.660,-1265836.570,187.160
-578685.330,-1265836.720,187.160
-578684.910,-1265836.930,187.160
-578692.540,-1265832.950,187.180
-578692.290,-1265833.040,187.180
-578691.970,-1265833.200,187.180
-578691.640,-1265833.350,187.170
-578691.300,-1265833.510,187.160
-578690.950,-1265833.680,187.160
-578690.610,-1265833.830,187.150
-578690.260,-1265834.000,187.150
-578689.920,-1265834.160,187.150
-578689.550,-1265834.340,187.140
-578689.240,-1265834.480,187.150
-578688.910,-1265834.630,187.140
-578688.580,-1265834.790,187.140
-578688.250,-1265834.940,187.140
-578687.920,-1265835.100,187.140
-578687.570,-1265835.260,187.140
-578687.220,-1265835.420,187.140
-578686.910,-1265835.570,187.150
-578686.570,-1265835.730,187.150
-578686.220,-1265835.900,187.150
-578685.870,-1265836.060,187.150
-578685.540,-1265836.220,187.160
-578685.190,-1265836.380,187.160
-578692.450,-1265832.700,187.190
-578692.210,-1265832.800,187.180
-578691.880,-1265832.950,187.180
-578691.550,-1265833.110,187.170
-578691.190,-1265833.280,187.160
-578690.870,-1265833.430,187.160
-578690.520,-1265833.590,187.150
-578690.170,-1265833.750,187.150
-578689.810,-1265833.930,187.150
-578689.490,-1265834.070,187.140
-578689.160,-1265834.230,187.140
-578688.830,-1265834.380,187.140
-578688.500,-1265834.540,187.140
-578688.160,-1265834.700,187.140
-578687.830,-1265834.860,187.140
-578687.480,-1265835.020,187.140
-578687.150,-1265835.170,187.140
-578686.830,-1265835.320,187.140
-578686.480,-1265835.490,187.150
-578686.120,-1265835.660,187.150
-578685.800,-1265835.810,187.160
-578685.440,-1265835.980,187.160
-578685.090,-1265836.140,187.160
-578684.650,-1265836.370,187.160
-578692.330,-1265834.220,187.180
-578692.020,-1265834.360,187.170
-578691.660,-1265834.530,187.170
-578691.330,-1265834.680,187.160
-578691.020,-1265834.830,187.160
-578690.660,-1265835.000,187.160
-578690.310,-1265835.160,187.150
-578689.990,-1265835.310,187.150
-578689.630,-1265835.490,187.140
-578689.280,-1265835.650,187.140
-578688.930,-1265835.810,187.140
-578688.610,-1265835.960,187.140
-578688.270,-1265836.120,187.150
-578687.950,-1265836.280,187.150
-578687.620,-1265836.430,187.160
-578687.270,-1265836.600,187.160
-578686.950,-1265836.750,187.160
-578686.600,-1265836.910,187.160
-578686.270,-1265837.070,187.160
-578685.940,-1265837.220,187.160
-578685.600,-1265837.380,187.160
-578685.250,-1265837.550,187.160
-578684.830,-1265837.770,187.160
-578692.210,-1265833.890,187.180
-578691.870,-1265834.050,187.170
-578691.550,-1265834.210,187.170
-578691.210,-1265834.360,187.160
-578690.870,-1265834.530,187.160
-578690.510,-1265834.700,187.155
-578690.180,-1265834.850,187.150
-578689.840,-1265835.010,187.150
-578689.480,-1265835.180,187.140
-578689.130,-1265835.340,187.140
-578688.810,-1265835.490,187.140
-578688.480,-1265835.650,187.140
-578688.150,-1265835.800,187.140
-578687.840,-1265835.950,187.150
-578687.470,-1265836.120,187.150
-578687.140,-1265836.280,187.150
-578686.810,-1265836.440,187.150
-578686.480,-1265836.590,187.160
-578686.150,-1265836.750,187.160
-578685.800,-1265836.910,187.160
-578685.450,-1265837.080,187.160
-578685.120,-1265837.230,187.160
-578684.680,-1265837.460,187.160
-578693.130,-1265840.980,187.200
-578692.370,-1265841.360,187.210
-578692.040,-1265841.520,187.210
-578691.740,-1265841.660,187.210
-578693.140,-1265841.460,187.200
-578691.900,-1265839.740,187.190
-578691.550,-1265839.900,187.180
-578691.190,-1265840.070,187.170
-578690.840,-1265840.240,187.170
-578690.530,-1265840.380,187.160
-578690.190,-1265840.540,187.150
-578689.880,-1265840.690,187.150
-578689.560,-1265840.840,187.140
-578689.200,-1265841.010,187.140
-578688.880,-1265841.160,187.140
-578688.530,-1265841.330,187.130
-578688.210,-1265841.470,187.130
-578687.880,-1265841.630,187.130
-578693.250,-1265839.650,187.205
-578693.010,-1265839.750,187.210
-578692.680,-1265839.900,187.210
-578692.330,-1265840.070,187.200
-578691.980,-1265840.230,187.200
-578691.650,-1265840.390,187.190
-578691.300,-1265840.550,187.190
-578690.960,-1265840.720,187.180
-578690.620,-1265840.870,187.170
-578690.290,-1265841.030,187.170
-578689.970,-1265841.180,187.150
-578689.640,-1265841.340,187.150
-578689.310,-1265841.490,187.140
-578688.550,-1265841.870,187.140
-578693.050,-1265840.110,187.210
-578692.710,-1265840.270,187.200
-578692.390,-1265840.420,187.200
-578692.040,-1265840.590,187.200
-578691.690,-1265840.750,187.190
-578691.370,-1265840.900,187.190
-578691.020,-1265841.070,187.180
-578690.670,-1265841.230,187.180
-578689.910,-1265841.610,187.160
-578689.580,-1265841.760,187.150
-578689.270,-1265841.910,187.150
-578693.110,-1265840.550,187.200
-578692.760,-1265840.720,187.210
-578692.440,-1265840.870,187.210
-578692.110,-1265841.020,187.210
-578691.770,-1265841.190,187.200
-578691.330,-1265841.410,187.200
-578691.000,-1265841.560,187.190
-578692.720,-1265838.090,187.200
-578692.350,-1265838.270,187.190
-578692.000,-1265838.430,187.190
-578691.670,-1265838.590,187.180
-578691.330,-1265838.740,187.170
-578691.010,-1265838.900,187.170
-578690.700,-1265839.040,187.160
-578690.360,-1265839.200,187.160
-578690.010,-1265839.370,187.150
-578689.700,-1265839.510,187.140
-578689.340,-1265839.680,187.140
-578689.020,-1265839.830,187.140
-578688.700,-1265839.980,187.130
-578688.350,-1265840.150,187.130
-578688.000,-1265840.320,187.130
-578687.670,-1265840.470,187.120
-578687.320,-1265840.640,187.120
-578686.960,-1265840.800,187.120
-578686.630,-1265840.960,187.130
-578686.300,-1265841.120,187.130
-578685.970,-1265841.270,187.140
-578685.650,-1265841.430,187.145
-578685.230,-1265841.640,187.140
-578693.390,-1265838.240,187.165
-578693.060,-1265838.390,187.200
-578692.770,-1265838.510,187.200
-578692.440,-1265838.670,187.200
-578692.090,-1265838.830,187.190
-578691.740,-1265838.990,187.180
-578691.390,-1265839.160,187.170
-578691.070,-1265839.310,187.170
-578690.750,-1265839.460,187.160
-578690.430,-1265839.610,187.160
-578690.110,-1265839.760,187.150
-578689.750,-1265839.930,187.140
-578689.440,-1265840.080,187.140
-578689.090,-1265840.240,187.140
-578688.770,-1265840.400,187.130
-578688.440,-1265840.550,187.130
-578688.100,-1265840.710,187.130
-578687.750,-1265840.880,187.120
-578687.410,-1265841.040,187.130
-578687.070,-1265841.200,187.130
-578686.720,-1265841.370,187.130
-578686.360,-1265841.540,187.140
-578686.050,-1265841.680,187.140
-578685.290,-1265842.060,187.115
-578692.870,-1265838.950,187.210
-578692.530,-1265839.110,187.200
-578692.210,-1265839.260,187.200
-578691.850,-1265839.430,187.190
-578691.510,-1265839.590,187.180
-578691.160,-1265839.750,187.170
-578690.830,-1265839.910,187.170
-578690.510,-1265840.060,187.160
-578690.200,-1265840.210,187.150
-578689.860,-1265840.370,187.145
-578689.520,-1265840.530,187.140
-578689.200,-1265840.680,187.135
-578688.840,-1265840.850,187.130
-578688.520,-1265841.000,187.130
-578688.210,-1265841.150,187.130
-578687.850,-1265841.320,187.130
-578687.500,-1265841.480,187.130
-578687.180,-1265841.630,187.130
-578686.830,-1265841.800,187.140
-578692.910,-1265839.260,187.205
-578692.570,-1265839.420,187.205
-578692.200,-1265839.590,187.200
-578692.940,-1265836.790,187.180
-578692.700,-1265836.890,187.190
-578692.340,-1265837.060,187.180
-578692.010,-1265837.210,187.180
-578691.690,-1265837.360,187.180
-578691.370,-1265837.510,187.180
-578691.030,-1265837.670,187.170
-578690.710,-1265837.820,187.160
-578690.370,-1265837.980,187.150
-578690.020,-1265838.140,187.140
-578689.710,-1265838.290,187.140
-578689.370,-1265838.450,187.140
-578689.020,-1265838.620,187.140
-578688.680,-1265838.780,187.140
-578688.350,-1265838.930,187.150
-578687.990,-1265839.110,187.150
-578687.650,-1265839.260,187.150
-578687.300,-1265839.430,187.140
-578686.970,-1265839.590,187.140
-578686.650,-1265839.730,187.135
-578686.320,-1265839.890,187.140
-578685.990,-1265840.050,187.140
-578685.650,-1265840.210,187.150
-578685.230,-1265840.430,187.160
-578692.460,-1265837.380,187.190
-578692.110,-1265837.540,187.180
-578691.790,-1265837.700,187.180
-578691.460,-1265837.850,187.180
-578691.140,-1265838.000,187.170
-578690.820,-1265838.150,187.160
-578690.470,-1265838.320,187.150
-578690.150,-1265838.470,187.150
-578689.800,-1265838.630,187.140
-578689.470,-1265838.780,187.140
-578689.150,-1265838.940,187.140
-578688.810,-1265839.100,187.140
-578688.440,-1265839.270,187.140
-578688.130,-1265839.420,187.140
-578687.780,-1265839.580,187.140
-578687.430,-1265839.750,187.130
-578687.070,-1265839.920,187.130
-578686.760,-1265840.060,187.130
-578686.430,-1265840.220,187.130
-578686.100,-1265840.370,187.140
-578685.780,-1265840.530,187.140
-578692.590,-1265837.720,187.190
-578692.220,-1265837.890,187.190
-578691.880,-1265838.050,187.180
-578691.550,-1265838.210,187.180
-578691.220,-1265838.360,187.170
-578690.910,-1265838.510,187.170
-578690.580,-1265838.660,187.160
-578690.230,-1265838.830,187.150
-578689.910,-1265838.980,187.150
-578689.550,-1265839.150,187.140
-578689.230,-1265839.300,187.140
-578688.900,-1265839.450,187.140
-578688.550,-1265839.620,187.140
-578688.200,-1265839.790,187.130
-578687.870,-1265839.940,187.130
-578687.550,-1265840.090,187.120
-578687.200,-1265840.260,187.130
-578686.840,-1265840.420,187.130
-578686.520,-1265840.580,187.130
-578686.200,-1265840.730,187.130
-578685.860,-1265840.890,187.140
-578686.570,-1265838.090,187.160
-578686.250,-1265838.240,187.160
-578685.910,-1265838.390,187.160
-578685.580,-1265838.560,187.160
-578685.230,-1265838.730,187.160
-578685.380,-1265839.080,187.160
-578684.940,-1265839.300,187.160
-578692.450,-1265835.750,187.180
-578692.100,-1265835.910,187.180
-578691.770,-1265836.070,187.180
-578691.430,-1265836.230,187.170
-578691.100,-1265836.390,187.160
-578690.750,-1265836.550,187.160
-578690.440,-1265836.690,187.150
-578690.110,-1265836.850,187.140
-578689.750,-1265837.020,187.130
-578689.410,-1265837.180,187.130
-578689.070,-1265837.340,187.130
-578688.720,-1265837.500,187.140
-578688.370,-1265837.670,187.150
-578688.020,-1265837.830,187.160
-578687.690,-1265837.990,187.160
-578687.370,-1265838.140,187.160
-578687.040,-1265838.300,187.160
-578686.720,-1265838.450,187.160
-578686.370,-1265838.610,187.160
-578686.050,-1265838.760,187.160
-578685.690,-1265838.930,187.160
-578687.740,-1265838.300,187.160
-578687.420,-1265838.450,187.160
-578687.090,-1265838.610,187.160
-578686.770,-1265838.760,187.155
-578686.450,-1265838.910,187.160
-578686.100,-1265839.070,187.150
-578685.780,-1265839.230,187.150
-578685.420,-1265839.400,187.160
-578685.010,-1265839.610,187.160
-578692.480,-1265836.070,187.185
-578692.150,-1265836.220,187.180
-578691.830,-1265836.380,187.180
-578691.510,-1265836.530,187.170
-578691.150,-1265836.700,187.170
-578690.830,-1265836.850,187.160
-578690.470,-1265837.010,187.150
-578690.160,-1265837.160,187.140
-578689.830,-1265837.320,187.130
-578689.480,-1265837.480,187.130
-578689.130,-1265837.650,187.140
-578688.810,-1265837.800,187.140
-578688.450,-1265837.970,187.150
-578688.100,-1265838.140,187.150
-578692.610,-1265836.520,187.180
-578692.300,-1265836.670,187.180
-578691.960,-1265836.830,187.180
-578691.630,-1265836.980,187.180
-578691.310,-1265837.130,187.170
-578690.960,-1265837.300,187.160
-578690.640,-1265837.450,187.160
-578690.300,-1265837.610,187.140
-578689.970,-1265837.760,187.140
-578689.640,-1265837.920,187.130
-578689.300,-1265838.080,187.130
-578688.940,-1265838.250,187.140
-578688.620,-1265838.400,187.140
-578688.270,-1265838.570,187.150
-578687.910,-1265838.730,187.150
-578687.550,-1265838.900,187.150
-578687.230,-1265839.050,187.150
-578686.910,-1265839.210,187.150
-578686.590,-1265839.360,187.140
-578686.270,-1265839.510,187.140
-578685.920,-1265839.680,187.150
-578685.590,-1265839.830,187.150
-578685.150,-1265840.060,187.160
-578692.430,-1265834.470,187.180
-578692.080,-1265834.640,187.180
-578691.760,-1265834.790,187.170
-578691.410,-1265834.960,187.170
-578691.070,-1265835.120,187.160
-578690.760,-1265835.260,187.160
-578690.410,-1265835.430,187.160
-578690.040,-1265835.600,187.150
-578689.730,-1265835.750,187.140
-578689.380,-1265835.910,187.140
-578689.030,-1265836.070,187.140
-578688.670,-1265836.240,187.140
-578688.350,-1265836.400,187.150
-578688.010,-1265836.550,187.160
-578687.690,-1265836.710,187.160
-578687.370,-1265836.860,187.160
-578687.010,-1265837.030,187.160
-578686.680,-1265837.180,187.160
-578686.340,-1265837.340,187.160
-578686.020,-1265837.490,187.160
-578685.690,-1265837.650,187.160
-578685.340,-1265837.810,187.160
-578692.790,-1265834.820,187.190
-578692.560,-1265834.910,187.180
-578692.230,-1265835.070,187.180
-578691.890,-1265835.230,187.180
-578691.570,-1265835.380,187.170
-578691.210,-1265835.540,187.170
-578690.890,-1265835.700,187.160
-578690.560,-1265835.850,187.160
-578690.200,-1265836.020,187.150
-578689.860,-1265836.180,187.140
-578689.540,-1265836.330,187.135
-578689.190,-1265836.500,187.130
-578688.840,-1265836.660,187.140
-578688.470,-1265836.830,187.150
-578688.150,-1265836.990,187.160
-578687.820,-1265837.140,187.160
-578687.500,-1265837.300,187.160
-578687.170,-1265837.450,187.160
-578686.820,-1265837.610,187.160
-578686.500,-1265837.760,187.160
-578686.160,-1265837.920,187.160
-578685.820,-1265838.080,187.160
-578685.500,-1265838.230,187.160
-578692.880,-1265835.140,187.190
-578692.630,-1265835.240,187.180
-578692.320,-1265835.380,187.180
-578691.990,-1265835.540,187.180
-578691.640,-1265835.700,187.170
-578691.320,-1265835.850,187.170
-578690.970,-1265836.020,187.160
-578690.650,-1265836.170,187.160
-578690.320,-1265836.320,187.150
-578689.970,-1265836.490,187.140
-578689.610,-1265836.650,187.130
-578689.310,-1265836.800,187.130
-578688.940,-1265836.970,187.140
-578688.580,-1265837.140,187.140
-578688.240,-1265837.300,187.150
-578687.900,-1265837.460,187.160
-578687.580,-1265837.610,187.160
-578687.260,-1265837.760,187.170
-578686.930,-1265837.920,187.160
-578684.860,-1265820.440,187.210
-578684.500,-1265820.610,187.230
-578684.150,-1265820.770,187.230
-578683.810,-1265820.930,187.230
-578683.550,-1265821.030,187.230
-578683.220,-1265821.190,187.230
-578684.180,-1265820.570,187.290
-578683.830,-1265820.730,187.235
-578683.510,-1265820.880,187.230
-578683.170,-1265821.040,187.230
-578686.110,-1265820.240,187.190
-578685.780,-1265820.400,187.200
-578685.420,-1265820.560,187.210
-578685.080,-1265820.720,187.220
-578684.100,-1265821.170,187.230
-578683.740,-1265821.330,187.240
-578683.410,-1265821.480,187.230
-578683.030,-1265821.670,187.230
-578685.520,-1265820.490,187.200
-578685.160,-1265820.650,187.215
-578684.820,-1265820.810,187.230
-578684.470,-1265820.970,187.230
-578684.210,-1265821.090,187.230
-578683.840,-1265821.260,187.240
-578683.520,-1265821.410,187.230
-578683.180,-1265821.570,187.230
-578684.700,-1265821.840,187.210
-578684.330,-1265822.010,187.220
-578683.970,-1265822.170,187.220
-578683.620,-1265822.340,187.220
-578683.290,-1265822.490,187.220
-578687.380,-1265820.190,187.190
-578687.020,-1265820.350,187.210
-578686.700,-1265820.500,187.210
-578685.780,-1265820.920,187.210
-578685.420,-1265821.080,187.210
-578685.050,-1265821.250,187.220
-578684.720,-1265821.410,187.220
-578684.370,-1265821.570,187.220
-578684.010,-1265821.740,187.220
-578683.640,-1265821.910,187.230
-578683.320,-1265822.060,187.230
-578687.110,-1265820.210,187.190
-578686.790,-1265820.360,187.215
-578685.810,-1265820.800,187.210
-578685.510,-1265820.940,187.210
-578685.140,-1265821.110,187.220
-578684.820,-1265821.260,187.220
-578684.460,-1265821.430,187.220
-578684.100,-1265821.590,187.230
-578683.740,-1265821.760,187.230
-578683.400,-1265821.920,187.230
-578688.340,-1265820.670,187.190
-578688.010,-1265820.820,187.190
-578687.680,-1265820.980,187.190
-578687.340,-1265821.130,187.195
-578686.990,-1265821.300,187.200
-578686.640,-1265821.460,187.200
-578686.290,-1265821.630,187.210
-578685.960,-1265821.780,187.210
-578685.620,-1265821.940,187.210
-578685.280,-1265822.090,187.210
-578684.920,-1265822.260,187.220
-578684.590,-1265822.410,187.220
-578684.230,-1265822.580,187.220
-578683.870,-1265822.750,187.220
-578683.510,-1265822.920,187.220
-578688.540,-1265820.100,187.180
-578688.210,-1265820.250,187.185
-578686.960,-1265820.820,187.200
-578686.620,-1265820.970,187.210
-578686.260,-1265821.140,187.210
-578685.930,-1265821.300,187.210
-578685.610,-1265821.440,187.210
-578685.230,-1265821.620,187.210
-578684.880,-1265821.780,187.210
-578684.560,-1265821.930,187.220
-578684.200,-1265822.100,187.220
-578683.840,-1265822.260,187.220
-578683.490,-1265822.430,187.230
-578683.090,-1265822.620,187.220
-578688.670,-1265820.010,187.180
-578688.340,-1265820.160,187.180
-578687.380,-1265820.600,187.190
-578686.760,-1265820.880,187.210
-578686.400,-1265821.040,187.210
-578686.070,-1265821.200,187.210
-578685.740,-1265821.360,187.210
-578685.380,-1265821.520,187.210
-578685.020,-1265821.690,187.210
-578689.910,-1265820.350,187.160
-578689.570,-1265820.510,187.180
-578689.220,-1265820.670,187.185
-578688.860,-1265820.840,187.190
-578688.510,-1265821.000,187.190
-578688.170,-1265821.160,187.180
-578687.850,-1265821.310,187.180
-578687.510,-1265821.470,187.190
-578687.170,-1265821.620,187.200
-578686.820,-1265821.790,187.200
-578686.480,-1265821.950,187.200
-578686.120,-1265822.110,187.210
-578685.800,-1265822.260,187.210
-578685.470,-1265822.420,187.210
-578685.100,-1265822.590,187.220
-578684.760,-1265822.740,187.215
-578684.420,-1265822.900,187.220
-578684.060,-1265823.070,187.220
-578683.700,-1265823.230,187.220
-578683.330,-1265823.410,187.220
-578689.520,-1265820.140,187.180
-578688.540,-1265820.580,187.185
-578688.200,-1265820.730,187.190
-578687.870,-1265820.890,187.185
-578687.540,-1265821.040,187.190
-578687.210,-1265821.190,187.200
-578686.850,-1265821.360,187.200
-578686.520,-1265821.520,187.200
-578686.160,-1265821.680,187.210
-578685.820,-1265821.840,187.210
-578685.500,-1265821.990,187.210
-578685.140,-1265822.160,187.210
-578684.780,-1265822.320,187.220
-578684.450,-1265822.480,187.220
-578684.100,-1265822.640,187.220
-578683.730,-1265822.810,187.220
-578683.390,-1265822.970,187.220
-578689.630,-1265820.090,187.180
-578686.240,-1265822.610,187.210
-578685.870,-1265822.790,187.210
-578685.550,-1265822.940,187.210
-578685.210,-1265823.090,187.210
-578684.850,-1265823.260,187.210
-578684.500,-1265823.420,187.210
-578684.180,-1265823.570,187.220
-578683.820,-1265823.740,187.220
-578683.460,-1265823.910,187.220
-578683.030,-1265824.120,187.200
-578690.490,-1265820.550,187.165
-578690.130,-1265820.720,187.175
-578689.770,-1265820.890,187.180
-578689.430,-1265821.040,187.180
-578689.070,-1265821.210,187.180
-578688.720,-1265821.380,187.180
-578688.360,-1265821.540,187.180
-578688.040,-1265821.690,187.180
-578687.690,-1265821.860,187.190
-578687.370,-1265822.000,187.200
-578687.030,-1265822.160,187.200
-578686.670,-1265822.330,187.200
-578686.340,-1265822.480,187.200
-578685.980,-1265822.650,187.210
-578685.660,-1265822.800,187.210
-578685.330,-1265822.950,187.210
-578684.970,-1265823.120,187.215
-578684.610,-1265823.290,187.210
-578684.290,-1265823.430,187.220
-578683.930,-1265823.600,187.220
-578683.570,-1265823.770,187.220
-578689.820,-1265820.460,187.165
-578689.480,-1265820.620,187.180
-578689.110,-1265820.790,187.190
-578688.760,-1265820.950,187.190
-578688.400,-1265821.120,187.180
-578688.060,-1265821.280,187.180
-578687.740,-1265821.430,187.180
-578687.400,-1265821.590,187.190
-578687.070,-1265821.740,187.200
-578686.710,-1265821.910,187.200
-578686.380,-1265822.070,187.200
-578686.020,-1265822.230,187.210
-578685.690,-1265822.380,187.210
-578685.360,-1265822.540,187.210
-578685.010,-1265822.700,187.210
-578684.650,-1265822.870,187.210
-578684.330,-1265823.020,187.220
-578683.960,-1265823.180,187.220
-578683.610,-1265823.350,187.220
-578686.250,-1265823.180,187.210
-578685.920,-1265823.340,187.210
-578685.560,-1265823.510,187.220
-578685.240,-1265823.660,187.220
-578684.900,-1265823.810,187.220
-578684.540,-1265823.980,187.220
-578684.190,-1265824.140,187.220
-578683.850,-1265824.300,187.220
-578683.500,-1265824.460,187.220
-578691.120,-1265820.860,187.160
-578690.860,-1265820.970,187.160
-578690.560,-1265821.100,187.160
-578690.220,-1265821.260,187.170
-578689.860,-1265821.430,187.180
-578689.470,-1265821.620,187.180
-578689.150,-1265821.760,187.180
-578688.810,-1265821.920,187.180
-578688.450,-1265822.080,187.180
-578688.100,-1265822.250,187.180
-578687.750,-1265822.410,187.180
-578687.430,-1265822.560,187.190
-578687.100,-1265822.710,187.195
-578686.770,-1265822.870,187.200
-578686.410,-1265823.040,187.200
-578686.080,-1265823.190,187.210
-578685.720,-1265823.360,187.210
-578685.390,-1265823.510,187.220
-578685.060,-1265823.660,187.220
-578684.700,-1265823.830,187.220
-578684.350,-1265823.990,187.220
-578684.020,-1265824.140,187.220
-578683.660,-1265824.310,187.220
-578691.190,-1265820.640,187.160
-578690.870,-1265820.790,187.160
-578690.640,-1265820.880,187.160
-578690.300,-1265821.030,187.165
-578689.950,-1265821.200,187.180
-578689.570,-1265821.380,187.180
-578689.230,-1265821.530,187.180
-578688.890,-1265821.690,187.190
-578688.530,-1265821.860,187.180
-578688.180,-1265822.020,187.180
-578687.850,-1265822.170,187.190
-578687.510,-1265822.330,187.190
-578687.170,-1265822.490,187.200
-578686.850,-1265822.640,187.200
-578686.490,-1265822.800,187.200
-578686.150,-1265822.960,187.210
-578685.810,-1265823.120,187.210
-578685.470,-1265823.280,187.220
-578685.140,-1265823.430,187.220
-578684.790,-1265823.590,187.220
-578684.430,-1265823.760,187.220
-578684.100,-1265823.910,187.220
-578683.750,-1265824.080,187.220
-578690.930,-1265820.450,187.160
-578690.720,-1265820.530,187.160
-578690.380,-1265820.690,187.170
-578690.020,-1265820.860,187.170
-578689.660,-1265821.020,187.180
-578689.330,-1265821.180,187.180
-578688.960,-1265821.350,187.180
-578688.620,-1265821.510,187.185
-578688.250,-1265821.680,187.180
-578687.930,-1265821.830,187.180
-578687.590,-1265821.990,187.190
-578687.250,-1265822.140,187.200
-578686.920,-1265822.300,187.200
-578686.570,-1265822.460,187.200
-578688.020,-1265823.220,187.180
-578687.650,-1265823.390,187.190
-578687.320,-1265823.550,187.190
-578686.980,-1265823.700,187.190
-578686.660,-1265823.850,187.200
-578686.330,-1265824.010,187.200
-578685.960,-1265824.180,187.210
-578685.630,-1265824.330,187.220
-578685.280,-1265824.500,187.230
-578684.950,-1265824.650,187.230
-578684.610,-1265824.810,187.230
-578684.270,-1265824.960,187.230
-578683.900,-1265825.130,187.240
-578683.540,-1265825.310,187.240
-578690.510,-1265821.700,187.160
-578690.190,-1265821.850,187.170
-578689.830,-1265822.020,187.170
-578689.470,-1265822.190,187.180
-578689.120,-1265822.350,187.180
-578688.810,-1265822.490,187.180
-578688.440,-1265822.660,187.180
-578688.090,-1265822.830,187.180
-578687.730,-1265822.990,187.190
-578687.400,-1265823.150,187.190
-578687.070,-1265823.300,187.190
-578686.730,-1265823.460,187.200
-578686.400,-1265823.610,187.200
-578686.040,-1265823.780,187.210
-578685.700,-1265823.940,187.210
-578685.340,-1265824.110,187.220
-578685.030,-1265824.250,187.230
-578684.700,-1265824.400,187.230
-578684.330,-1265824.580,187.230
-578683.980,-1265824.740,187.230
-578683.630,-1265824.900,187.230
-578690.710,-1265821.560,187.160
-578690.370,-1265821.720,187.160
-578690.040,-1265821.870,187.170
-578689.660,-1265822.050,187.170
-578689.290,-1265822.230,187.180
-578689.000,-1265822.360,187.180
-578688.630,-1265822.530,187.180
-578688.260,-1265822.700,187.180
-578687.920,-1265822.860,187.180
-578687.570,-1265823.020,187.190
-578687.240,-1265823.180,187.190
-578686.930,-1265823.320,187.190
-578686.580,-1265823.480,187.200
-578686.230,-1265823.650,187.210
-578685.890,-1265823.810,187.210
-578685.530,-1265823.970,187.220
-578685.200,-1265824.130,187.230
-578684.890,-1265824.270,187.230
-578684.530,-1265824.440,187.225
-578684.160,-1265824.610,187.230
-578683.840,-1265824.760,187.230
-578691.280,-1265820.870,187.160
-578690.730,-1265821.100,187.160
-578690.390,-1265821.260,187.165
-578690.060,-1265821.410,187.170
-578689.680,-1265821.590,187.180
-578689.330,-1265821.760,187.180
-578689.010,-1265821.900,187.190
-578688.660,-1265822.060,187.180
-578688.300,-1265822.230,187.180
-578687.930,-1265822.410,187.180
-578687.600,-1265822.560,187.190
-578687.270,-1265822.710,187.190
-578686.940,-1265822.870,187.200
-578686.610,-1265823.020,187.200
-578688.280,-1265823.550,187.180
-578687.940,-1265823.700,187.180
-578687.600,-1265823.860,187.190
-578687.230,-1265824.030,187.190
-578686.900,-1265824.180,187.190
-578686.590,-1265824.330,187.200
-578686.250,-1265824.490,187.200
-578685.900,-1265824.650,187.210
-578685.540,-1265824.820,187.220
-578685.220,-1265824.970,187.230
-578684.860,-1265825.140,187.230
-578684.540,-1265825.290,187.230
-578684.210,-1265825.440,187.240
-578683.840,-1265825.610,187.240
-578691.160,-1265822.220,187.160
-578690.580,-1265822.470,187.170
-578690.220,-1265822.640,187.160
-578689.880,-1265822.800,187.170
-578689.550,-1265822.950,187.170
-578689.210,-1265823.110,187.170
-578688.830,-1265823.280,187.180
-578688.500,-1265823.440,187.180
-578688.140,-1265823.610,187.180
-578687.780,-1265823.770,187.180
-578687.430,-1265823.940,187.190
-578687.100,-1265824.090,187.190
-578686.760,-1265824.250,187.190
-578686.440,-1265824.400,187.200
-578686.100,-1265824.550,187.210
-578685.750,-1265824.720,187.220
-578685.410,-1265824.880,187.225
-578685.050,-1265825.040,187.230
-578684.730,-1265825.190,187.230
-578684.400,-1265825.350,187.230
-578684.030,-1265825.520,187.240
-578683.680,-1265825.680,187.240
-578690.620,-1265822.000,187.170
-578690.260,-1265822.160,187.170
-578689.920,-1265822.320,187.170
-578689.600,-1265822.470,187.170
-578689.240,-1265822.640,187.175
-578688.880,-1265822.800,187.180
-578688.550,-1265822.960,187.180
-578688.190,-1265823.130,187.180
-578687.830,-1265823.290,187.185
-578687.480,-1265823.460,187.190
-578687.130,-1265823.620,187.190
-578686.800,-1265823.770,187.190
-578686.470,-1265823.920,187.200
-578686.140,-1265824.080,187.210
-578685.790,-1265824.240,187.210
-578685.450,-1265824.400,187.220
-578685.090,-1265824.570,187.230
-578684.760,-1265824.720,187.230
-578684.440,-1265824.870,187.230
-578684.070,-1265825.040,187.230
-578683.720,-1265825.210,187.240
-578690.440,-1265822.090,187.170
-578690.100,-1265822.250,187.170
-578689.760,-1265822.410,187.170
-578689.430,-1265822.560,187.170
-578689.060,-1265822.730,187.170
-578688.720,-1265822.900,187.180
-578688.380,-1265823.050,187.180
-578689.670,-1265823.660,187.170
-578689.340,-1265823.810,187.170
-578689.000,-1265823.980,187.170
-578688.650,-1265824.140,187.180
-578688.280,-1265824.310,187.180
-578687.950,-1265824.470,187.190
-578687.610,-1265824.620,187.190
-578687.230,-1265824.800,187.190
-578686.880,-1265824.960,187.190
-578686.560,-1265825.110,187.200
-578686.220,-1265825.270,187.200
-578685.890,-1265825.420,187.210
-578685.570,-1265825.570,187.220
-578685.210,-1265825.740,187.230
-578684.870,-1265825.900,187.230
-578684.520,-1265826.060,187.230
-578684.190,-1265826.220,187.240
-578683.850,-1265826.380,187.240
-578691.350,-1265822.550,187.170
-578690.800,-1265822.790,187.170
-578690.450,-1265822.950,187.170
-578690.120,-1265823.100,187.170
-578689.760,-1265823.270,187.170
-578689.420,-1265823.430,187.170
-578689.070,-1265823.590,187.170
-578688.740,-1265823.740,187.180
-578688.360,-1265823.930,187.180
-578688.050,-1265824.070,187.180
-578687.690,-1265824.240,187.190
-578687.330,-1265824.400,187.190
-578686.980,-1265824.560,187.190
-578686.640,-1265824.720,187.200
-578686.320,-1265824.870,187.200
-578686.000,-1265825.020,187.200
-578685.650,-1265825.180,187.220
-578685.300,-1265825.350,187.230
-578684.970,-1265825.500,187.230
-578684.610,-1265825.670,187.230
-578684.270,-1265825.830,187.240
-578683.950,-1265825.980,187.240
-578691.210,-1265822.520,187.170
-578690.990,-1265822.610,187.170
-578690.620,-1265822.780,187.170
-578690.300,-1265822.930,187.170
-578689.940,-1265823.090,187.170
-578689.610,-1265823.250,187.170
-578689.270,-1265823.410,187.170
-578688.910,-1265823.580,187.170
-578688.550,-1265823.740,187.180
-578688.220,-1265823.900,187.180
-578687.860,-1265824.060,187.190
-578687.510,-1265824.230,187.190
-578687.150,-1265824.390,187.190
-578686.820,-1265824.540,187.190
-578686.490,-1265824.700,187.200
-578686.160,-1265824.850,187.200
-578685.810,-1265825.020,187.210
-578685.460,-1265825.180,187.225
-578685.140,-1265825.330,187.230
-578684.780,-1265825.490,187.230
-578684.450,-1265825.650,187.230
-578684.120,-1265825.800,187.240
-578683.760,-1265825.970,187.250
-578691.280,-1265822.160,187.160
-578690.990,-1265822.290,187.165
-578690.710,-1265822.410,187.170
-578690.370,-1265822.570,187.170
-578690.010,-1265822.740,187.170
-578689.680,-1265822.890,187.170
-578689.360,-1265823.040,187.170
-578688.970,-1265823.220,187.170
-578688.630,-1265823.380,187.180
-578690.920,-1265823.560,187.170
-578690.590,-1265823.710,187.170
-578690.260,-1265823.870,187.170
-578689.910,-1265824.030,187.170
-578689.590,-1265824.180,187.160
-578689.220,-1265824.350,187.170
-578688.890,-1265824.500,187.170
-578688.550,-1265824.660,187.170
-578688.190,-1265824.830,187.180
-578687.830,-1265825.000,187.190
-578687.520,-1265825.140,187.190
-578687.160,-1265825.310,187.190
-578686.790,-1265825.480,187.200
-578686.440,-1265825.650,187.205
-578686.110,-1265825.800,187.210
-578685.780,-1265825.960,187.220
-578685.450,-1265826.110,187.220
-578685.120,-1265826.260,187.220
-578684.760,-1265826.430,187.230
-578684.440,-1265826.580,187.230
-578684.070,-1265826.750,187.230
-578683.710,-1265826.920,187.220
-578690.730,-1265823.450,187.170
-578690.400,-1265823.610,187.170
-578690.050,-1265823.770,187.170
-578689.720,-1265823.930,187.160
-578689.360,-1265824.090,187.160
-578689.010,-1265824.260,187.170
-578688.690,-1265824.410,187.170
-578688.330,-1265824.570,187.180
-578687.970,-1265824.740,187.190
-578687.650,-1265824.890,187.190
-578687.280,-1265825.060,187.190
-578686.930,-1265825.220,187.190
-578686.580,-1265825.390,187.200
-578686.240,-1265825.540,187.210
-578685.920,-1265825.690,187.210
-578685.580,-1265825.850,187.220
-578685.240,-1265826.010,187.220
-578684.890,-1265826.180,187.230
-578684.580,-1265826.320,187.230
-578684.220,-1265826.490,187.230
-578683.880,-1265826.640,187.230
-578683.470,-1265826.850,187.220
-578690.890,-1265823.220,187.170
-578690.560,-1265823.370,187.170
-578690.200,-1265823.530,187.170
-578689.880,-1265823.690,187.165
-578689.500,-1265823.860,187.160
-578689.180,-1265824.010,187.170
-578688.840,-1265824.170,187.170
-578688.480,-1265824.340,187.180
-578688.140,-1265824.490,187.190
-578687.810,-1265824.650,187.190
-578687.440,-1265824.820,187.190
-578687.100,-1265824.980,187.190
-578686.730,-1265825.150,187.190
-578686.400,-1265825.310,187.200
-578686.070,-1265825.460,187.210
-578685.740,-1265825.620,187.220
-578685.410,-1265825.770,187.220
-578685.050,-1265825.940,187.220
-578684.720,-1265826.090,187.230
-578684.360,-1265826.260,187.230
-578684.040,-1265826.410,187.235
-578683.680,-1265826.580,187.230
-578690.710,-1265823.180,187.170
-578690.360,-1265823.340,187.170
-578690.020,-1265823.500,187.170
-578683.900,-1265827.620,187.220
-578691.160,-1265824.070,187.190
-578690.830,-1265824.220,187.180
-578690.500,-1265824.370,187.180
-578690.180,-1265824.530,187.170
-578689.840,-1265824.680,187.170
-578689.490,-1265824.850,187.170
-578689.170,-1265824.990,187.170
-578688.800,-1265825.160,187.170
-578688.480,-1265825.310,187.170
-578688.140,-1265825.470,187.170
-578687.770,-1265825.650,187.180
-578687.420,-1265825.810,187.190
-578687.100,-1265825.960,187.200
-578686.730,-1265826.130,187.210
-578686.380,-1265826.290,187.210
-578686.010,-1265826.470,187.210
-578685.700,-1265826.610,187.210
-578685.370,-1265826.760,187.215
-578685.040,-1265826.920,187.220
-578684.700,-1265827.080,187.220
-578684.340,-1265827.240,187.220
-578684.030,-1265827.390,187.220
-578690.640,-1265824.110,187.180
-578690.320,-1265824.260,187.175
-578689.990,-1265824.420,187.170
-578689.630,-1265824.580,187.170
-578689.300,-1265824.740,187.170
-578688.950,-1265824.900,187.170
-578688.590,-1265825.070,187.170
-578688.270,-1265825.220,187.170
-578687.920,-1265825.380,187.180
-578687.560,-1265825.550,187.190
-578687.230,-1265825.700,187.190
-578686.870,-1265825.870,187.200
-578686.510,-1265826.040,187.210
-578686.150,-1265826.200,187.210
-578685.820,-1265826.360,187.210
-578685.500,-1265826.510,187.220
-578685.160,-1265826.660,187.220
-578684.850,-1265826.810,187.220
-578684.500,-1265826.970,187.220
-578684.160,-1265827.130,187.220
-578683.780,-1265827.310,187.220
-578690.790,-1265823.870,187.180
-578690.470,-1265824.020,187.175
-578690.150,-1265824.170,187.170
-578689.790,-1265824.330,187.170
-578689.460,-1265824.490,187.160
-578689.110,-1265824.650,187.160
-578688.770,-1265824.810,187.170
-578688.420,-1265824.970,187.170
-578688.060,-1265825.140,187.180
-578687.720,-1265825.300,187.180
-578687.390,-1265825.450,187.190
-578687.030,-1265825.620,187.190
-578686.670,-1265825.780,187.200
-578686.320,-1265825.950,187.210
-578685.980,-1265826.110,187.210
-578685.650,-1265826.260,187.220
-578685.320,-1265826.420,187.220
-578685.000,-1265826.570,187.220
-578684.650,-1265826.730,187.230
-578684.310,-1265826.880,187.230
-578683.960,-1265827.050,187.220
-578687.280,-1265826.640,187.190
-578686.930,-1265826.800,187.190
-578686.610,-1265826.950,187.190
-578686.260,-1265827.110,187.190
-578685.900,-1265827.280,187.190
-578685.560,-1265827.440,187.190
-578685.220,-1265827.590,187.190
-578684.880,-1265827.750,187.200
-578684.560,-1265827.910,187.210
-578684.230,-1265828.060,187.210
-578683.800,-1265828.280,187.200
-578691.720,-1265824.390,187.195
-578691.380,-1265824.550,187.190
-578690.770,-1265824.810,187.180
-578690.440,-1265824.970,187.180
-578690.110,-1265825.120,187.180
-578689.790,-1265825.270,187.170
-578689.460,-1265825.420,187.170
-578689.100,-1265825.590,187.170
-578688.780,-1265825.740,187.170
-578688.420,-1265825.910,187.170
-578688.090,-1265826.060,187.170
-578687.760,-1265826.220,187.180
-578687.390,-1265826.390,187.190
-578687.030,-1265826.560,187.190
-578686.700,-1265826.710,187.200
-578686.360,-1265826.870,187.200
-578686.000,-1265827.040,187.200
-578685.640,-1265827.200,187.190
-578685.320,-1265827.350,187.190
-578684.990,-1265827.510,187.200
-578684.660,-1265827.660,187.210
-578684.320,-1265827.820,187.210
-578683.980,-1265827.980,187.210
-578691.540,-1265824.270,187.190
-578691.260,-1265824.380,187.190
-578690.910,-1265824.540,187.190
-578690.600,-1265824.690,187.180
-578690.250,-1265824.850,187.180
-578689.930,-1265825.000,187.170
-578689.600,-1265825.150,187.170
-578689.240,-1265825.320,187.160
-578688.910,-1265825.470,187.170
-578688.560,-1265825.640,187.170
-578688.220,-1265825.790,187.170
-578687.890,-1265825.950,187.180
-578687.550,-1265826.110,187.190
-578687.180,-1265826.280,187.190
-578686.840,-1265826.440,187.200
-578686.480,-1265826.610,187.200
-578686.140,-1265826.770,187.200
-578685.770,-1265826.940,187.200
-578685.450,-1265827.090,187.200
-578685.120,-1265827.240,187.200
-578684.770,-1265827.410,187.210
-578684.470,-1265827.550,187.210
-578684.120,-1265827.710,187.210
-578691.300,-1265824.190,187.190
-578691.040,-1265824.300,187.190
-578690.700,-1265824.460,187.180
-578690.370,-1265824.610,187.180
-578690.050,-1265824.760,187.170
-578689.710,-1265824.920,187.170
-578689.360,-1265825.080,187.160
-578689.030,-1265825.230,187.170
-578688.680,-1265825.400,187.170
-578688.340,-1265825.550,187.170
-578688.020,-1265825.700,187.180
-578687.650,-1265825.870,187.190
-578687.290,-1265826.050,187.190
-578686.960,-1265826.200,187.200
-578686.590,-1265826.370,187.210
-578686.250,-1265826.530,187.210
-578685.910,-1265826.690,187.210
-578685.570,-1265826.850,187.210
-578685.240,-1265827.000,187.210
-578684.900,-1265827.160,187.210
-578684.570,-1265827.320,187.210
-578684.230,-1265827.470,187.220
-578690.570,-1265825.680,187.180
-578690.220,-1265825.840,187.180
-578689.890,-1265826.000,187.170
-578689.560,-1265826.150,187.170
-578689.230,-1265826.300,187.165
-578688.910,-1265826.450,187.160
-578688.550,-1265826.620,187.160
-578688.230,-1265826.770,187.160
-578687.870,-1265826.940,187.160
-578687.540,-1265827.090,187.170
-578687.210,-1265827.250,187.170
-578686.850,-1265827.410,187.170
-578686.510,-1265827.570,187.170
-578686.170,-1265827.730,187.170
-578685.810,-1265827.900,187.170
-578685.460,-1265828.060,187.180
-578685.100,-1265828.230,187.190
-578684.770,-1265828.380,187.200
-578684.440,-1265828.540,187.200
-578684.110,-1265828.690,187.200
-578683.700,-1265828.900,187.190
-578691.690,-1265825.000,187.190
-578691.380,-1265825.140,187.190
-578691.110,-1265825.250,187.190
-578690.750,-1265825.420,187.180
-578690.390,-1265825.590,187.180
-578690.080,-1265825.730,187.180
-578689.740,-1265825.890,187.170
-578689.410,-1265826.050,187.170
-578689.090,-1265826.190,187.160
-578688.720,-1265826.370,187.160
-578688.410,-1265826.510,187.160
-578688.050,-1265826.680,187.170
-578687.710,-1265826.840,187.170
-578687.380,-1265826.990,187.180
-578687.030,-1265827.160,187.170
-578686.680,-1265827.320,187.175
-578686.340,-1265827.480,187.180
-578686.000,-1265827.630,187.170
-578685.630,-1265827.810,187.180
-578685.280,-1265827.970,187.190
-578684.960,-1265828.120,187.200
-578684.620,-1265828.280,187.200
-578684.280,-1265828.440,187.200
-578683.920,-1265828.620,187.200
-578691.500,-1265824.890,187.190
-578691.240,-1265824.990,187.190
-578690.880,-1265825.150,187.180
-578690.530,-1265825.320,187.180
-578690.210,-1265825.470,187.180
-578689.880,-1265825.620,187.170
-578689.550,-1265825.770,187.170
-578689.210,-1265825.930,187.165
-578688.860,-1265826.090,187.160
-578688.530,-1265826.250,187.160
-578688.180,-1265826.410,187.170
-578687.840,-1265826.570,187.170
-578687.510,-1265826.730,187.180
-578687.140,-1265826.900,187.190
-578686.790,-1265827.060,187.190
-578686.480,-1265827.210,187.180
-578686.130,-1265827.370,187.180
-578685.770,-1265827.540,187.180
-578685.420,-1265827.700,187.190
-578685.080,-1265827.860,187.200
-578684.750,-1265828.020,187.200
-578684.430,-1265828.160,187.210
-578684.090,-1265828.320,187.200
-578683.650,-1265828.540,187.200
-578691.650,-1265824.620,187.195
-578691.340,-1265824.750,187.190
-578691.030,-1265824.890,187.190
-578690.670,-1265825.060,187.180
-578690.330,-1265825.220,187.180
-578690.020,-1265825.360,187.180
-578689.690,-1265825.520,187.170
-578689.360,-1265825.670,187.170
-578689.000,-1265825.830,187.160
-578688.690,-1265825.980,187.170
-578688.310,-1265826.160,187.170
-578687.980,-1265826.310,187.170
-578687.650,-1265826.470,187.180
-578691.140,-1265826.010,187.180
-578690.810,-1265826.160,187.180
-578690.470,-1265826.320,187.180
-578690.110,-1265826.490,187.170
-578689.750,-1265826.650,187.170
-578689.430,-1265826.800,187.170
-578689.100,-1265826.960,187.160
-578688.770,-1265827.110,187.160
-578688.450,-1265827.260,187.150
-578688.090,-1265827.430,187.150
-578687.760,-1265827.580,187.150
-578687.420,-1265827.740,187.150
-578687.070,-1265827.900,187.150
-578686.740,-1265828.060,187.160
-578686.400,-1265828.220,187.160
-578686.040,-1265828.390,187.160
-578685.700,-1265828.550,187.170
-578685.350,-1265828.710,187.180
-578684.990,-1265828.880,187.190
-578684.640,-1265829.040,187.195
-578684.310,-1265829.200,187.200
-578691.300,-1265825.750,187.180
-578690.960,-1265825.900,187.180
-578690.620,-1265826.060,187.180
-578690.250,-1265826.240,187.180
-578689.900,-1265826.400,187.170
-578689.570,-1265826.550,187.170
-578689.240,-1265826.700,187.160
-578688.920,-1265826.850,187.160
-578688.580,-1265827.010,187.160
-578688.230,-1265827.170,187.150
-578687.910,-1265827.320,187.155
-578687.550,-1265827.490,187.160
-578687.220,-1265827.650,187.150
-578686.900,-1265827.800,187.160
-578686.540,-1265827.970,187.160
-578686.190,-1265828.130,187.160
-578685.860,-1265828.280,187.170
-578685.490,-1265828.450,187.170
-578685.130,-1265828.620,187.180
-578684.790,-1265828.780,187.190
-578684.450,-1265828.940,187.200
-578684.130,-1265829.090,187.200
-578691.420,-1265825.480,187.190
-578691.120,-1265825.610,187.190
-578690.760,-1265825.780,187.180
-578690.420,-1265825.940,187.180
-578690.060,-1265826.110,187.180
-578689.730,-1265826.260,187.170
-578689.410,-1265826.410,187.170
-578689.070,-1265826.570,187.160
-578688.740,-1265826.730,187.160
-578688.390,-1265826.880,187.160
-578688.060,-1265827.040,187.160
-578687.710,-1265827.200,187.160
-578687.380,-1265827.350,187.160
-578687.060,-1265827.510,187.160
-578686.700,-1265827.680,187.160
-578686.340,-1265827.840,187.160
-578686.020,-1265827.990,187.170
-578685.660,-1265828.160,187.170
-578685.300,-1265828.330,187.180
-578684.950,-1265828.490,187.190
-578684.600,-1265828.660,187.200
-578684.290,-1265828.800,187.200
-578691.500,-1265825.270,187.190
-578691.290,-1265825.340,187.190
-578690.930,-1265825.510,187.180
-578685.770,-1265829.510,187.170
-578685.420,-1265829.680,187.180
-578685.090,-1265829.830,187.180
-578684.730,-1265830.010,187.190
-578684.380,-1265830.170,187.190
-578691.370,-1265826.540,187.180
-578691.000,-1265826.710,187.180
-578690.650,-1265826.880,187.175
-578690.320,-1265827.030,187.170
-578689.970,-1265827.190,187.160
-578689.620,-1265827.360,187.160
-578689.270,-1265827.520,187.160
-578688.930,-1265827.680,187.150
-578688.610,-1265827.830,187.150
-578688.280,-1265827.980,187.150
-578687.950,-1265828.140,187.150
-578687.590,-1265828.310,187.150
-578687.270,-1265828.450,187.150
-578686.910,-1265828.620,187.150
-578686.590,-1265828.770,187.150
-578686.260,-1265828.930,187.160
-578685.900,-1265829.090,187.160
-578685.540,-1265829.260,187.170
-578685.220,-1265829.410,187.180
-578684.840,-1265829.590,187.180
-578684.500,-1265829.750,187.190
-578684.120,-1265829.930,187.180
-578691.160,-1265826.450,187.180
-578690.820,-1265826.610,187.180
-578690.490,-1265826.760,187.180
-578690.130,-1265826.930,187.170
-578689.780,-1265827.090,187.160
-578689.420,-1265827.260,187.160
-578689.090,-1265827.410,187.160
-578688.760,-1265827.570,187.150
-578688.440,-1265827.720,187.150
-578688.120,-1265827.870,187.150
-578687.760,-1265828.040,187.150
-578687.430,-1265828.190,187.150
-578687.080,-1265828.350,187.150
-578686.750,-1265828.510,187.150
-578686.420,-1265828.660,187.160
-578686.060,-1265828.830,187.160
-578685.700,-1265829.000,187.170
-578685.380,-1265829.150,187.170
-578685.030,-1265829.310,187.180
-578684.660,-1265829.480,187.190
-578684.310,-1265829.650,187.190
-578691.310,-1265826.120,187.180
-578690.940,-1265826.290,187.180
-578690.630,-1265826.440,187.180
-578690.270,-1265826.600,187.175
-578689.910,-1265826.770,187.170
-578689.570,-1265826.930,187.165
-578689.230,-1265827.090,187.160
-578688.910,-1265827.240,187.160
-578688.590,-1265827.380,187.150
-578688.260,-1265827.540,187.150
-578687.900,-1265827.710,187.150
-578687.570,-1265827.860,187.150
-578687.220,-1265828.030,187.150
-578686.880,-1265828.180,187.155
-578686.560,-1265828.330,187.160
-578686.210,-1265828.500,187.160
-578685.840,-1265828.670,187.160
-578685.510,-1265828.820,187.170
-578685.160,-1265828.990,187.180
-578684.810,-1265829.150,187.190
-578684.440,-1265829.320,187.190
-578689.430,-1265828.690,187.160
-578689.080,-1265828.850,187.160
-578688.730,-1265829.020,187.160
-578688.370,-1265829.180,187.160
-578688.040,-1265829.340,187.160
-578687.720,-1265829.490,187.160
-578687.390,-1265829.640,187.160
-578687.070,-1265829.790,187.160
-578686.700,-1265829.970,187.160
-578691.290,-1265827.550,187.180
-578690.960,-1265827.700,187.180
-578690.640,-1265827.850,187.170
-578690.280,-1265828.020,187.170
-578689.920,-1265828.180,187.160
-578689.600,-1265828.330,187.155
-578689.240,-1265828.500,187.150
-578688.890,-1265828.660,187.160
-578688.530,-1265828.830,187.160
-578688.200,-1265828.990,187.160
-578687.880,-1265829.140,187.160
-578687.550,-1265829.290,187.160
-578687.220,-1265829.450,187.160
-578686.870,-1265829.610,187.160
-578686.540,-1265829.770,187.160
-578686.190,-1265829.930,187.170
-578685.850,-1265830.090,187.180
-578692.030,-1265826.960,187.170
-578691.720,-1265827.100,187.180
-578691.480,-1265827.200,187.180
-578691.150,-1265827.350,187.180
-578690.820,-1265827.510,187.170
-578690.460,-1265827.670,187.170
-578690.100,-1265827.840,187.160
-578689.780,-1265827.990,187.160
-578689.420,-1265828.160,187.150
-578689.070,-1265828.320,187.150
-578688.720,-1265828.490,187.150
-578688.380,-1265828.650,187.160
-578688.050,-1265828.800,187.160
-578687.730,-1265828.950,187.160
-578687.400,-1265829.110,187.160
-578687.050,-1265829.270,187.160
-578686.730,-1265829.420,187.150
-578686.370,-1265829.590,187.160
-578686.040,-1265829.740,187.170
-578685.710,-1265829.900,187.170
-578685.360,-1265830.060,187.180
-578691.900,-1265826.760,187.180
-578691.600,-1265826.890,187.180
-578691.320,-1265827.010,187.180
-578690.990,-1265827.160,187.180
-578690.630,-1265827.330,187.170
-578690.280,-1265827.500,187.170
-578689.950,-1265827.650,187.160
-578689.590,-1265827.820,187.160
-578689.240,-1265827.980,187.150
-578688.900,-1265828.140,187.150
-578688.560,-1265828.300,187.150
-578688.220,-1265828.460,187.150
-578687.890,-1265828.610,187.160
-578687.570,-1265828.760,187.160
-578687.230,-1265828.920,187.150
-578686.900,-1265829.070,187.150
-578686.540,-1265829.240,187.150
-578686.230,-1265829.390,187.160
-578685.890,-1265829.550,187.170
-578685.520,-1265829.720,187.170
-578685.180,-1265829.880,187.180
-578684.850,-1265830.030,187.190
-578684.490,-1265830.200,187.190
-578691.790,-1265826.720,187.180
-578691.550,-1265826.820,187.180
-578691.220,-1265826.970,187.180
-578690.870,-1265827.130,187.180
-578690.520,-1265827.290,187.170
-578690.190,-1265827.450,187.170
-578689.850,-1265827.610,187.160
-578689.490,-1265827.780,187.160
-578689.130,-1265827.950,187.150
-578688.810,-1265828.090,187.150
-578688.480,-1265828.250,187.150
-578688.140,-1265828.400,187.150
-578687.820,-1265828.550,187.160
-578687.460,-1265828.720,187.160
-578687.140,-1265828.870,187.150
-578686.780,-1265829.040,187.150
-578686.450,-1265829.190,187.160
-578686.120,-1265829.350,187.160
-578691.740,-1265829.390,187.190
-578691.420,-1265829.540,187.190
-578691.610,-1265829.180,187.190
-578691.290,-1265829.330,187.190
-578690.960,-1265829.480,187.180
-578691.490,-1265829.000,187.190
-578691.160,-1265829.150,187.190
-578690.810,-1265829.320,187.180
-578690.470,-1265829.480,187.180
-578690.130,-1265829.640,187.180
-578691.910,-1265828.540,187.180
-578691.690,-1265828.620,187.185
-578691.360,-1265828.780,187.190
-578691.010,-1265828.940,187.180
-578690.680,-1265829.090,187.180
-578690.320,-1265829.260,187.170
-578689.990,-1265829.420,187.170
-578689.670,-1265829.560,187.170
-578689.310,-1265829.730,187.160
-578691.790,-1265828.390,187.180
-578691.550,-1265828.480,187.180
-578691.210,-1265828.640,187.180
-578690.870,-1265828.800,187.180
-578690.520,-1265828.970,187.180
-578690.200,-1265829.110,187.170
-578689.870,-1265829.270,187.170
-578689.510,-1265829.430,187.160
-578689.170,-1265829.600,187.160
-578688.830,-1265829.750,187.160
-578691.390,-1265828.230,187.180
-578691.060,-1265828.390,187.180
-578690.710,-1265828.550,187.175
-578690.380,-1265828.700,187.170
-578690.060,-1265828.850,187.160
-578689.710,-1265829.020,187.160
-578689.350,-1265829.180,187.160
-578689.020,-1265829.340,187.160
-578688.670,-1265829.510,187.160
-578688.310,-1265829.670,187.160
-578687.950,-1265829.840,187.160
-578691.600,-1265827.910,187.180
-578691.270,-1265828.070,187.180
-578690.910,-1265828.240,187.180
-578690.590,-1265828.380,187.170
-578690.260,-1265828.540,187.170
-578689.900,-1265828.700,187.160
-578689.560,-1265828.860,187.160
-578689.240,-1265829.010,187.160
-578688.870,-1265829.190,187.160
-578688.520,-1265829.350,187.160
-578688.160,-1265829.520,187.160
-578687.840,-1265829.670,187.160
-578687.510,-1265829.820,187.160
-578687.190,-1265829.970,187.160
-578691.470,-1265827.730,187.185
-578691.120,-1265827.900,187.180
-578690.800,-1265828.050,187.170
-578690.460,-1265828.200,187.170
-578690.110,-1265828.370,187.160
-578689.760,-1265828.530,187.160
