-578700.690,-1265895.860,187.125
-578700.130,-1265896.160,187.120
-578700.310,-1265895.880,187.120
-578700.480,-1265895.590,187.130
-578699.910,-1265895.930,187.120
-578700.440,-1265895.060,187.130
-578700.600,-1265894.770,187.140
-578699.730,-1265896.220,187.120
-578699.290,-1265896.190,187.120
-578699.480,-1265895.880,187.120
-578699.650,-1265895.610,187.120
-578699.820,-1265895.330,187.130
-578700.010,-1265895.030,187.130
-578700.190,-1265894.740,187.140
-578700.520,-1265894.150,187.150
-578700.680,-1265893.880,187.150
-578699.120,-1265896.470,187.120
-578698.780,-1265896.530,187.120
-578698.940,-1265896.260,187.120
-578699.110,-1265895.980,187.120
-578699.290,-1265895.690,187.120
-578699.470,-1265895.410,187.125
-578699.640,-1265895.130,187.130
-578699.820,-1265894.830,187.130
-578699.990,-1265894.550,187.140
-578700.180,-1265894.260,187.140
-578700.500,-1265893.680,187.150
-578698.210,-1265896.790,187.120
-578698.390,-1265896.500,187.125
-578698.560,-1265896.220,187.120
-578698.730,-1265895.930,187.120
-578698.900,-1265895.660,187.130
-578699.070,-1265895.390,187.130
-578699.250,-1265895.100,187.130
-578699.600,-1265894.530,187.130
-578699.780,-1265894.240,187.140
-578699.960,-1265893.960,187.140
-578700.140,-1265893.660,187.145
-578700.300,-1265893.350,187.145
-578700.470,-1265893.080,187.140
-578698.220,-1265896.280,187.120
-578698.400,-1265895.990,187.130
-578698.570,-1265895.720,187.130
-578698.750,-1265895.430,187.130
-578698.920,-1265895.160,187.135
-578699.080,-1265894.900,187.130
-578699.260,-1265894.600,187.130
-578699.450,-1265894.300,187.140
-578699.610,-1265894.040,187.140
-578699.790,-1265893.740,187.140
-578699.980,-1265893.450,187.150
-578700.150,-1265893.160,187.140
-578700.320,-1265892.850,187.130
-578699.540,-1265893.420,187.140
-578699.720,-1265893.130,187.140
-578699.910,-1265892.840,187.140
-578700.080,-1265892.520,187.130
-578700.250,-1265892.240,187.130
-578697.650,-1265896.490,187.120
-578697.820,-1265896.210,187.130
-578697.990,-1265895.950,187.130
-578698.150,-1265895.670,187.130
-578698.340,-1265895.380,187.130
-578698.500,-1265895.110,187.140
-578699.380,-1265893.690,187.140
-578697.070,-1265896.790,187.110
-578697.250,-1265896.490,187.120
-578697.430,-1265896.200,187.120
-578697.600,-1265895.930,187.130
-578697.770,-1265895.660,187.130
-578697.930,-1265895.390,187.140
-578698.100,-1265895.120,187.140
-578698.280,-1265894.820,187.140
-578698.630,-1265894.260,187.140
-578698.790,-1265893.990,187.140
-578699.150,-1265893.430,187.140
-578699.320,-1265893.140,187.140
-578699.490,-1265892.860,187.140
-578699.670,-1265892.570,187.140
-578699.850,-1265892.290,187.130
-578700.030,-1265891.960,187.130
-578696.710,-1265896.780,187.115
-578696.880,-1265896.510,187.120
-578697.060,-1265896.220,187.120
-578697.240,-1265895.930,187.130
-578697.420,-1265895.620,187.130
-578697.580,-1265895.360,187.140
-578697.750,-1265895.090,187.140
-578697.920,-1265894.810,187.140
-578698.270,-1265894.250,187.140
-578698.440,-1265893.980,187.140
-578698.610,-1265893.700,187.140
-578698.780,-1265893.420,187.140
-578698.950,-1265893.150,187.140
-578699.130,-1265892.860,187.135
-578699.310,-1265892.570,187.130
-578699.480,-1265892.290,187.130
-578699.660,-1265892.010,187.130
-578699.840,-1265891.720,187.130
-578700.180,-1265891.120,187.110
-578696.350,-1265896.830,187.105
-578696.530,-1265896.540,187.120
-578696.710,-1265896.250,187.130
-578696.870,-1265895.970,187.130
-578697.060,-1265895.680,187.140
-578697.240,-1265895.390,187.140
-578697.410,-1265895.100,187.140
-578697.750,-1265894.550,187.140
-578697.910,-1265894.290,187.140
-578698.090,-1265894.010,187.140
-578698.260,-1265893.720,187.140
-578698.430,-1265893.460,187.140
-578698.610,-1265893.160,187.140
-578698.780,-1265892.890,187.140
-578699.130,-1265892.330,187.130
-578699.310,-1265892.040,187.130
-578699.470,-1265891.770,187.130
-578699.840,-1265891.180,187.120
-578700.010,-1265890.860,187.110
-578696.150,-1265896.530,187.120
-578696.320,-1265896.250,187.120
-578696.500,-1265895.960,187.130
-578696.670,-1265895.670,187.140
-578696.850,-1265895.390,187.140
-578697.030,-1265895.090,187.140
-578697.200,-1265894.810,187.140
-578697.380,-1265894.520,187.140
-578697.560,-1265894.250,187.140
-578697.720,-1265893.970,187.130
-578697.890,-1265893.710,187.140
-578698.060,-1265893.430,187.130
-578698.230,-1265893.140,187.130
-578698.400,-1265892.870,187.130
-578698.580,-1265892.580,187.130
-578698.750,-1265892.310,187.130
-578698.910,-1265892.040,187.130
-578699.280,-1265891.450,187.120
-578699.440,-1265891.190,187.120
-578699.620,-1265890.900,187.120
-578699.800,-1265890.600,187.110
-578697.010,-1265894.560,187.140
-578697.190,-1265894.270,187.130
-578697.370,-1265893.980,187.130
-578697.530,-1265893.710,187.130
-578697.700,-1265893.440,187.130
-578697.870,-1265893.170,187.130
-578698.030,-1265892.900,187.130
-578698.210,-1265892.600,187.130
-578698.380,-1265892.340,187.130
-578698.560,-1265892.040,187.120
-578698.730,-1265891.780,187.120
-578698.900,-1265891.500,187.120
-578699.080,-1265891.210,187.120
-578699.250,-1265890.930,187.120
-578699.420,-1265890.650,187.120
-578699.600,-1265890.360,187.110
-578695.780,-1265896.560,187.110
-578695.960,-1265896.260,187.120
-578696.130,-1265895.980,187.130
-578696.290,-1265895.710,187.130
-578696.480,-1265895.420,187.140
-578696.660,-1265895.120,187.140
-578696.830,-1265894.850,187.140
-578697.310,-1265893.370,187.120
-578697.470,-1265893.100,187.120
-578697.640,-1265892.830,187.120
-578697.810,-1265892.550,187.120
-578697.970,-1265892.290,187.120
-578698.150,-1265892.000,187.120
-578698.320,-1265891.720,187.120
-578698.670,-1265891.160,187.110
-578698.840,-1265890.890,187.110
-578699.010,-1265890.610,187.110
-578699.190,-1265890.310,187.110
-578699.360,-1265890.030,187.110
-578695.040,-1265897.050,187.100
-578695.210,-1265896.770,187.100
-578695.550,-1265896.210,187.110
-578695.720,-1265895.930,187.120
-578695.900,-1265895.650,187.130
-578696.070,-1265895.370,187.130
-578696.240,-1265895.090,187.140
-578696.410,-1265894.810,187.140
-578696.760,-1265894.240,187.140
-578696.940,-1265893.950,187.130
-578697.120,-1265893.660,187.130
-578694.700,-1265897.040,187.090
-578694.870,-1265896.760,187.100
-578695.030,-1265896.490,187.100
-578695.370,-1265895.940,187.110
-578695.550,-1265895.650,187.130
-578695.720,-1265895.380,187.130
-578695.900,-1265895.080,187.140
-578696.230,-1265894.550,187.140
-578696.410,-1265894.250,187.140
-578696.590,-1265893.960,187.130
-578696.760,-1265893.700,187.130
-578696.940,-1265893.400,187.120
-578697.120,-1265893.100,187.120
-578697.300,-1265892.820,187.120
-578697.470,-1265892.550,187.115
-578697.630,-1265892.280,187.110
-578697.800,-1265892.010,187.110
-578697.970,-1265891.730,187.110
-578698.310,-1265891.180,187.110
-578698.490,-1265890.880,187.110
-578698.660,-1265890.610,187.110
-578698.820,-1265890.340,187.110
-578699.010,-1265890.050,187.110
-578699.190,-1265889.750,187.110
-578697.290,-1265892.240,187.105
-578697.460,-1265891.960,187.100
-578697.790,-1265891.420,187.105
-578697.960,-1265891.150,187.110
-578698.140,-1265890.860,187.110
-578698.310,-1265890.590,187.110
-578698.490,-1265890.300,187.110
-578698.660,-1265890.020,187.110
-578698.820,-1265889.760,187.110
-578699.180,-1265889.170,187.110
-578694.340,-1265897.030,187.090
-578694.510,-1265896.750,187.090
-578694.690,-1265896.450,187.100
-578694.860,-1265896.180,187.100
-578695.190,-1265895.640,187.110
-578695.360,-1265895.360,187.130
-578695.540,-1265895.070,187.130
-578695.710,-1265894.800,187.130
-578695.890,-1265894.500,187.130
-578696.060,-1265894.240,187.130
-578696.220,-1265893.960,187.130
-578696.410,-1265893.670,187.130
-578696.590,-1265893.380,187.120
-578696.750,-1265893.110,187.120
-578697.110,-1265892.520,187.100
-578693.990,-1265897.050,187.090
-578694.150,-1265896.790,187.090
-578694.340,-1265896.500,187.090
-578694.520,-1265896.190,187.090
-578694.700,-1265895.910,187.100
-578694.860,-1265895.630,187.110
-578695.030,-1265895.360,187.115
-578695.360,-1265894.810,187.130
-578695.710,-1265894.250,187.130
-578695.890,-1265893.960,187.130
-578696.060,-1265893.690,187.130
-578696.230,-1265893.420,187.120
-578696.410,-1265893.130,187.120
-578696.590,-1265892.840,187.110
-578696.750,-1265892.570,187.100
-578697.110,-1265891.980,187.100
-578697.460,-1265891.420,187.100
-578697.630,-1265891.150,187.100
-578697.790,-1265890.880,187.100
-578697.960,-1265890.610,187.100
-578698.140,-1265890.320,187.110
-578698.310,-1265890.040,187.110
-578698.490,-1265889.750,187.110
-578698.650,-1265889.480,187.110
-578698.820,-1265889.210,187.110
-578694.250,-1265895.800,187.095
-578694.430,-1265895.500,187.100
-578694.620,-1265895.210,187.100
-578694.780,-1265894.940,187.110
-578694.950,-1265894.660,187.120
-578695.120,-1265894.380,187.120
-578695.280,-1265894.130,187.130
-578695.460,-1265893.830,187.130
-578695.630,-1265893.550,187.130
-578695.810,-1265893.270,187.120
-578695.970,-1265892.990,187.115
-578696.150,-1265892.720,187.110
-578696.320,-1265892.440,187.100
-578696.500,-1265892.150,187.100
-578696.670,-1265891.870,187.100
-578696.850,-1265891.580,187.100
-578697.030,-1265891.290,187.100
-578697.210,-1265890.990,187.100
-578697.380,-1265890.730,187.100
-578697.540,-1265890.450,187.100
-578697.710,-1265890.180,187.105
-578697.880,-1265889.910,187.110
-578698.060,-1265889.620,187.110
-578698.230,-1265889.350,187.110
-578693.550,-1265896.940,187.090
-578693.910,-1265896.360,187.090
-578694.070,-1265896.090,187.090
-578693.250,-1265896.960,187.090
-578693.410,-1265896.690,187.090
-578693.580,-1265896.420,187.090
-578693.760,-1265896.120,187.090
-578693.940,-1265895.830,187.090
-578694.110,-1265895.560,187.095
-578694.290,-1265895.260,187.100
-578694.470,-1265894.970,187.105
-578694.640,-1265894.680,187.110
-578694.810,-1265894.400,187.120
-578694.980,-1265894.130,187.130
-578695.140,-1265893.870,187.130
-578695.320,-1265893.590,187.120
-578695.490,-1265893.300,187.120
-578695.660,-1265893.030,187.110
-578695.840,-1265892.730,187.110
-578696.010,-1265892.470,187.100
-578696.170,-1265892.200,187.095
-578696.360,-1265891.900,187.100
-578696.540,-1265891.610,187.100
-578696.700,-1265891.340,187.100
-578696.880,-1265891.050,187.100
-578697.060,-1265890.750,187.100
-578697.410,-1265890.190,187.100
-578697.580,-1265889.920,187.110
-578697.740,-1265889.650,187.110
-578697.910,-1265889.380,187.110
-578696.160,-1265891.620,187.100
-578696.340,-1265891.320,187.100
-578696.520,-1265891.030,187.100
-578696.680,-1265890.760,187.100
-578697.050,-1265890.170,187.100
-578697.220,-1265889.880,187.100
-578697.390,-1265889.610,187.110
-578697.560,-1265889.340,187.110
-578693.050,-1265896.670,187.090
-578693.230,-1265896.370,187.090
-578693.390,-1265896.110,187.090
-578693.560,-1265895.830,187.090
-578693.740,-1265895.530,187.090
-578693.920,-1265895.250,187.100
-578694.090,-1265894.980,187.100
-578694.270,-1265894.670,187.100
-578694.450,-1265894.390,187.110
-578694.630,-1265894.090,187.110
-578694.800,-1265893.820,187.120
-578694.960,-1265893.550,187.110
-578695.130,-1265893.280,187.110
-578695.300,-1265893.000,187.110
-578695.480,-1265892.720,187.110
-578695.640,-1265892.450,187.100
-578695.830,-1265892.150,187.100
-578695.990,-1265891.890,187.095
-578692.860,-1265896.400,187.090
-578693.020,-1265896.130,187.090
-578693.210,-1265895.840,187.100
-578693.380,-1265895.560,187.095
-578693.540,-1265895.300,187.090
-578693.900,-1265894.700,187.100
-578694.070,-1265894.430,187.100
-578694.250,-1265894.140,187.110
-578694.430,-1265893.850,187.110
-578694.610,-1265893.550,187.110
-578694.780,-1265893.280,187.110
-578694.940,-1265893.010,187.100
-578695.110,-1265892.740,187.100
-578695.280,-1265892.470,187.100
-578695.460,-1265892.180,187.100
-578695.620,-1265891.910,187.090
-578695.800,-1265891.620,187.090
-578695.970,-1265891.350,187.100
-578696.140,-1265891.070,187.100
-578696.490,-1265890.490,187.100
-578696.660,-1265890.220,187.100
-578696.840,-1265889.930,187.100
-578697.020,-1265889.640,187.110
-578697.200,-1265889.340,187.110
-578692.800,-1265895.780,187.095
-578692.970,-1265895.510,187.090
-578693.150,-1265895.220,187.100
-578693.320,-1265894.950,187.100
-578693.480,-1265894.670,187.100
-578693.660,-1265894.390,187.100
-578693.840,-1265894.090,187.100
-578694.010,-1265893.820,187.100
-578694.190,-1265893.530,187.100
-578694.370,-1265893.230,187.100
-578694.550,-1265892.940,187.100
-578694.710,-1265892.670,187.090
-578694.880,-1265892.400,187.090
-578695.050,-1265892.130,187.090
-578695.400,-1265891.570,187.090
-578695.910,-1265890.730,187.100
-578696.080,-1265890.460,187.100
-578696.260,-1265890.170,187.100
-578696.440,-1265889.880,187.100
-578696.610,-1265889.600,187.100
-578692.750,-1265895.210,187.100
-578693.100,-1265894.640,187.100
-578693.270,-1265894.370,187.100
-578693.430,-1265894.100,187.100
-578693.610,-1265893.800,187.090
-578693.960,-1265893.240,187.100
-578694.140,-1265892.950,187.090
-578694.320,-1265892.660,187.090
-578694.500,-1265892.370,187.090
-578694.670,-1265892.090,187.090
-578694.830,-1265891.820,187.090
-578695.000,-1265891.560,187.090
-578695.350,-1265890.990,187.090
-578695.510,-1265890.720,187.100
-578695.700,-1265890.420,187.100
-578695.860,-1265890.150,187.100
-578696.020,-1265889.880,187.100
-578696.210,-1265889.590,187.100
-578692.760,-1265894.650,187.090
-578692.930,-1265894.380,187.090
-578693.110,-1265894.080,187.100
-578693.270,-1265893.820,187.090
-578693.450,-1265893.540,187.090
-578693.630,-1265893.240,187.090
-578693.800,-1265892.960,187.090
-578693.970,-1265892.680,187.090
-578694.150,-1265892.390,187.090
-578694.330,-1265892.100,187.090
-578694.510,-1265891.810,187.090
-578694.680,-1265891.540,187.090
-578694.840,-1265891.270,187.090
-578695.010,-1265890.990,187.090
-578695.180,-1265890.720,187.100
-578695.350,-1265890.430,187.100
-578695.520,-1265890.160,187.100
-578695.710,-1265889.860,187.100
-578695.870,-1265889.600,187.100
-578692.750,-1265894.080,187.090
-578692.910,-1265893.820,187.090
-578693.100,-1265893.520,187.090
-578693.270,-1265893.250,187.090
-578693.430,-1265892.990,187.090
-578693.610,-1265892.690,187.090
-578693.790,-1265892.390,187.090
-578693.950,-1265892.130,187.090
-578694.320,-1265891.530,187.090
-578694.500,-1265891.240,187.090
-578694.660,-1265890.970,187.095
-578694.830,-1265890.700,187.100
-578695.000,-1265890.430,187.100
-578695.160,-1265890.160,187.100
-578695.340,-1265889.860,187.100
-578695.510,-1265889.600,187.100
-578692.640,-1265893.420,187.090
-578692.810,-1265893.160,187.095
-578692.990,-1265892.870,187.095
-578693.160,-1265892.590,187.090
-578693.320,-1265892.320,187.090
-578693.680,-1265891.730,187.100
-578693.850,-1265891.460,187.095
-578694.030,-1265891.170,187.100
-578694.210,-1265890.880,187.100
-578694.390,-1265890.580,187.100
-578694.550,-1265890.320,187.100
-578694.720,-1265890.040,187.100
-578694.890,-1265889.770,187.110
-578692.470,-1265893.180,187.090
-578692.650,-1265892.880,187.095
-578692.820,-1265892.610,187.090
-578693.000,-1265892.320,187.090
-578693.170,-1265892.040,187.090
-578693.340,-1265891.770,187.100
-578693.690,-1265891.190,187.110
-578693.860,-1265890.910,187.110
-578694.040,-1265890.630,187.110
-578694.220,-1265890.330,187.110
-578694.400,-1265890.030,187.110
-578694.560,-1265889.770,187.110
-578692.640,-1265892.290,187.090
-578692.800,-1265892.020,187.090
-578693.320,-1265891.180,187.100
-578693.490,-1265890.890,187.110
-578693.670,-1265890.600,187.110
-578693.840,-1265890.320,187.110
-578694.020,-1265890.030,187.110
-578694.200,-1265889.740,187.110
-578692.420,-1265892.000,187.090
-578692.600,-1265891.710,187.100
-578692.940,-1265891.140,187.110
-578693.110,-1265890.880,187.110
-578693.270,-1265890.610,187.110
-578693.630,-1265890.020,187.110
-578693.800,-1265889.750,187.110
-578693.020,-1265890.230,187.110
-578693.180,-1265889.950,187.115
-578692.500,-1265891.060,187.110
-578692.670,-1265890.790,187.110
-578692.860,-1265890.490,187.110
-578692.280,-1265890.760,187.110
-578692.460,-1265890.470,187.110
-578692.630,-1265890.200,187.120
-578692.800,-1265889.910,187.120
-578692.130,-1265890.460,187.110
-578692.300,-1265890.180,187.110
-578692.480,-1265889.890,187.120
-578692.100,-1265889.860,187.120
-578699.350,-1265888.900,187.110
-578699.000,-1265888.920,187.115
-578699.180,-1265888.630,187.115
-578698.410,-1265889.050,187.120
-578698.570,-1265888.790,187.120
-578698.740,-1265888.510,187.120
-578698.920,-1265888.220,187.120
-578699.100,-1265887.930,187.120
-578699.620,-1265887.030,187.120
-578698.090,-1265889.090,187.110
-578698.250,-1265888.820,187.120
-578698.430,-1265888.530,187.120
-578698.600,-1265888.260,187.120
-578698.760,-1265887.990,187.120
-578698.950,-1265887.690,187.130
-578699.130,-1265887.400,187.130
-578699.290,-1265887.130,187.130
-578699.470,-1265886.800,187.135
-578699.650,-1265886.500,187.130
-578697.720,-1265889.070,187.110
-578697.890,-1265888.800,187.120
-578698.070,-1265888.510,187.120
-578698.240,-1265888.240,187.120
-578698.410,-1265887.950,187.120
-578698.580,-1265887.670,187.120
-578698.750,-1265887.400,187.130
-578698.930,-1265887.110,187.130
-578699.110,-1265886.810,187.140
-578699.270,-1265886.540,187.140
-578699.440,-1265886.220,187.140
-578699.630,-1265885.920,187.130
-578697.370,-1265889.070,187.115
-578697.530,-1265888.800,187.120
-578697.700,-1265888.530,187.120
-578697.870,-1265888.250,187.120
-578698.040,-1265887.970,187.120
-578698.220,-1265887.690,187.120
-578698.400,-1265887.400,187.130
-578698.560,-1265887.140,187.130
-578698.730,-1265886.860,187.140
-578698.910,-1265886.570,187.140
-578699.080,-1265886.280,187.150
-578699.250,-1265885.990,187.150
-578699.430,-1265885.670,187.160
-578699.600,-1265885.390,187.150
-578696.780,-1265889.320,187.105
-578696.960,-1265889.020,187.110
-578697.150,-1265888.720,187.120
-578697.480,-1265888.190,187.120
-578697.650,-1265887.910,187.120
-578697.810,-1265887.640,187.130
-578697.990,-1265887.350,187.130
-578698.160,-1265887.070,187.130
-578698.330,-1265886.790,187.130
-578698.500,-1265886.520,187.130
-578698.670,-1265886.240,187.140
-578698.850,-1265885.950,187.150
-578699.030,-1265885.660,187.150
-578699.190,-1265885.350,187.160
-578699.370,-1265885.060,187.160
-578696.390,-1265889.300,187.100
-578696.550,-1265889.030,187.110
-578696.910,-1265888.440,187.120
-578697.090,-1265888.150,187.120
-578697.260,-1265887.870,187.120
-578697.420,-1265887.610,187.125
-578697.590,-1265887.340,187.130
-578697.760,-1265887.060,187.130
-578697.940,-1265886.770,187.130
-578698.100,-1265886.500,187.130
-578698.280,-1265886.210,187.140
-578698.450,-1265885.930,187.140
-578698.610,-1265885.670,187.150
-578698.790,-1265885.370,187.155
-578698.970,-1265885.080,187.160
-578699.130,-1265884.780,187.170
-578699.310,-1265884.490,187.170
-578696.040,-1265889.320,187.100
-578696.220,-1265889.030,187.110
-578696.400,-1265888.740,187.110
-578696.560,-1265888.470,187.120
-578696.740,-1265888.170,187.120
-578696.920,-1265887.880,187.120
-578697.100,-1265887.590,187.120
-578697.270,-1265887.320,187.130
-578697.430,-1265887.050,187.130
-578697.600,-1265886.780,187.130
-578697.770,-1265886.510,187.130
-578697.950,-1265886.210,187.140
-578698.110,-1265885.950,187.140
-578698.290,-1265885.660,187.140
-578698.460,-1265885.380,187.150
-578698.620,-1265885.110,187.150
-578698.800,-1265884.820,187.160
-578698.980,-1265884.520,187.160
-578699.140,-1265884.220,187.170
-578699.320,-1265883.940,187.190
-578695.690,-1265889.300,187.105
-578695.860,-1265889.030,187.110
-578696.020,-1265888.760,187.115
-578696.200,-1265888.470,187.115
-578696.380,-1265888.170,187.120
-578696.550,-1265887.910,187.120
-578696.730,-1265887.610,187.120
-578696.900,-1265887.320,187.130
-578697.080,-1265887.030,187.130
-578697.250,-1265886.760,187.130
-578697.420,-1265886.490,187.130
-578697.580,-1265886.220,187.140
-578697.750,-1265885.950,187.140
-578697.930,-1265885.660,187.140
-578698.100,-1265885.380,187.140
-578698.270,-1265885.090,187.150
-578698.440,-1265884.820,187.150
-578698.610,-1265884.550,187.160
-578698.790,-1265884.260,187.160
-578698.960,-1265883.960,187.170
-578699.130,-1265883.660,187.170
-578699.300,-1265883.370,187.200
-578695.050,-1265889.510,187.110
-578695.400,-1265888.930,187.110
-578695.580,-1265888.650,187.110
-578695.910,-1265888.100,187.120
-578696.090,-1265887.820,187.120
-578696.270,-1265887.510,187.120
-578696.440,-1265887.240,187.130
-578696.620,-1265886.960,187.130
-578696.800,-1265886.660,187.130
-578696.980,-1265886.360,187.140
-578697.140,-1265886.100,187.140
-578697.310,-1265885.830,187.140
-578697.480,-1265885.550,187.140
-578697.640,-1265885.280,187.140
-578697.820,-1265884.990,187.140
-578697.990,-1265884.720,187.150
-578698.160,-1265884.430,187.150
-578698.330,-1265884.160,187.155
-578698.500,-1265883.880,187.160
-578698.670,-1265883.600,187.160
-578698.850,-1265883.290,187.160
-578697.490,-1265885.010,187.140
-578697.650,-1265884.740,187.150
-578697.830,-1265884.450,187.150
-578698.000,-1265884.180,187.150
-578698.180,-1265883.880,187.160
-578698.340,-1265883.610,187.160
-578698.500,-1265883.350,187.160
-578694.730,-1265889.490,187.110
-578694.900,-1265889.230,187.110
-578695.060,-1265888.950,187.110
-578695.240,-1265888.660,187.120
-578695.590,-1265888.090,187.120
-578695.760,-1265887.830,187.120
-578695.920,-1265887.560,187.120
-578696.110,-1265887.260,187.130
-578696.280,-1265886.970,187.130
-578696.450,-1265886.700,187.130
-578696.630,-1265886.400,187.140
-578696.810,-1265886.110,187.140
-578696.990,-1265885.820,187.140
-578697.160,-1265885.550,187.140
-578697.320,-1265885.280,187.140
-578694.380,-1265889.440,187.110
-578694.550,-1265889.170,187.110
-578694.710,-1265888.910,187.110
-578695.040,-1265888.360,187.120
-578695.220,-1265888.070,187.120
-578695.390,-1265887.790,187.120
-578695.570,-1265887.500,187.120
-578695.730,-1265887.240,187.120
-578695.900,-1265886.960,187.130
-578696.080,-1265886.670,187.130
-578696.260,-1265886.380,187.130
-578696.430,-1265886.100,187.140
-578696.610,-1265885.810,187.140
-578696.780,-1265885.530,187.140
-578696.970,-1265885.230,187.140
-578697.130,-1265884.960,187.140
-578697.290,-1265884.690,187.150
-578697.460,-1265884.420,187.150
-578697.630,-1265884.150,187.150
-578697.810,-1265883.860,187.150
-578697.980,-1265883.580,187.150
-578698.150,-1265883.290,187.150
-578693.980,-1265889.450,187.110
-578694.160,-1265889.160,187.110
-578694.340,-1265888.880,187.120
-578694.500,-1265888.600,187.110
-578694.830,-1265888.060,187.120
-578695.000,-1265887.790,187.120
-578695.190,-1265887.490,187.120
-578695.350,-1265887.230,187.125
-578695.530,-1265886.930,187.130
-578695.700,-1265886.660,187.130
-578695.860,-1265886.390,187.130
-578696.040,-1265886.090,187.140
-578696.220,-1265885.800,187.140
-578696.380,-1265885.530,187.140
-578696.570,-1265885.240,187.140
-578696.750,-1265884.940,187.140
-578696.920,-1265884.660,187.140
-578697.090,-1265884.390,187.150
-578697.260,-1265884.110,187.150
-578697.420,-1265883.850,187.150
-578697.590,-1265883.570,187.150
-578697.770,-1265883.280,187.150
-578694.920,-1265887.130,187.130
-578695.090,-1265886.840,187.130
-578695.260,-1265886.570,187.130
-578695.440,-1265886.270,187.140
-578695.600,-1265886.010,187.140
-578695.770,-1265885.740,187.140
-578695.960,-1265885.440,187.140
-578696.130,-1265885.150,187.140
-578696.300,-1265884.880,187.140
-578696.480,-1265884.580,187.140
-578696.660,-1265884.300,187.140
-578696.840,-1265884.000,187.140
-578697.000,-1265883.730,187.145
-578697.170,-1265883.460,187.150
-578693.370,-1265889.650,187.120
-578693.540,-1265889.370,187.115
-578693.710,-1265889.100,187.120
-578693.900,-1265888.800,187.120
-578694.070,-1265888.510,187.120
-578694.250,-1265888.220,187.120
-578694.420,-1265887.940,187.120
-578694.580,-1265887.680,187.130
-578694.750,-1265887.410,187.130
-578692.970,-1265889.630,187.120
-578693.140,-1265889.360,187.120
-578693.310,-1265889.080,187.120
-578693.500,-1265888.780,187.120
-578693.660,-1265888.510,187.120
-578694.020,-1265887.920,187.120
-578694.200,-1265887.630,187.130
-578694.360,-1265887.360,187.130
-578694.530,-1265887.090,187.130
-578694.700,-1265886.820,187.130
-578694.860,-1265886.550,187.140
-578695.050,-1265886.260,187.140
-578695.210,-1265885.980,187.140
-578695.390,-1265885.700,187.140
-578695.560,-1265885.420,187.140
-578695.720,-1265885.150,187.130
-578695.900,-1265884.860,187.130
-578696.080,-1265884.570,187.130
-578696.250,-1265884.290,187.130
-578696.420,-1265884.000,187.130
-578696.600,-1265883.710,187.140
-578696.790,-1265883.420,187.140
-578692.640,-1265889.630,187.120
-578692.820,-1265889.330,187.120
-578692.990,-1265889.050,187.120
-578693.160,-1265888.790,187.120
-578693.340,-1265888.490,187.120
-578693.520,-1265888.190,187.120
-578693.680,-1265887.930,187.125
-578693.860,-1265887.630,187.130
-578694.050,-1265887.340,187.130
-578694.220,-1265887.040,187.140
-578694.390,-1265886.780,187.140
-578694.560,-1265886.510,187.140
-578694.720,-1265886.240,187.140
-578694.890,-1265885.970,187.140
-578695.070,-1265885.670,187.140
-578695.230,-1265885.400,187.140
-578695.410,-1265885.110,187.140
-578695.580,-1265884.840,187.130
-578695.750,-1265884.570,187.130
-578695.920,-1265884.280,187.130
-578696.100,-1265883.990,187.130
-578696.270,-1265883.710,187.130
-578696.450,-1265883.430,187.130
-578692.260,-1265889.600,187.120
-578692.440,-1265889.300,187.120
-578692.610,-1265889.020,187.130
-578692.790,-1265888.740,187.130
-578692.950,-1265888.470,187.130
-578693.120,-1265888.190,187.130
-578693.300,-1265887.900,187.130
-578693.650,-1265887.330,187.140
-578693.830,-1265887.040,187.140
-578694.000,-1265886.750,187.140
-578694.180,-1265886.460,187.140
-578694.350,-1265886.190,187.140
-578694.520,-1265885.920,187.140
-578694.680,-1265885.640,187.140
-578694.850,-1265885.380,187.140
-578695.030,-1265885.080,187.140
-578695.190,-1265884.820,187.130
-578695.370,-1265884.520,187.130
-578695.540,-1265884.250,187.130
-578695.700,-1265883.980,187.120
-578695.880,-1265883.690,187.130
-578696.060,-1265883.400,187.130
-578692.040,-1265889.200,187.130
-578692.210,-1265888.930,187.130
-578692.550,-1265888.370,187.130
-578692.730,-1265888.080,187.130
-578692.900,-1265887.810,187.130
-578693.070,-1265887.530,187.140
-578693.240,-1265887.240,187.140
-578693.420,-1265886.950,187.150
-578693.590,-1265886.680,187.150
-578693.770,-1265886.380,187.140
-578693.950,-1265886.100,187.145
-578694.130,-1265885.800,187.140
-578694.300,-1265885.520,187.140
-578694.460,-1265885.260,187.140
-578694.630,-1265884.990,187.140
-578694.800,-1265884.710,187.130
-578694.970,-1265884.430,187.130
-578695.140,-1265884.150,187.130
-578695.320,-1265883.860,187.120
-578695.480,-1265883.600,187.120
-578692.860,-1265887.170,187.140
-578693.020,-1265886.900,187.150
-578693.210,-1265886.610,187.150
-578693.380,-1265886.310,187.150
-578693.550,-1265886.040,187.150
-578693.730,-1265885.750,187.150
-578693.910,-1265885.450,187.150
-578694.090,-1265885.160,187.140
-578694.250,-1265884.900,187.140
-578694.420,-1265884.620,187.140
-578694.590,-1265884.360,187.130
-578694.750,-1265884.090,187.130
-578694.930,-1265883.790,187.120
-578695.100,-1265883.520,187.120
-578692.000,-1265888.570,187.130
-578692.170,-1265888.290,187.130
-578692.350,-1265888.010,187.130
-578692.510,-1265887.730,187.140
-578692.700,-1265887.440,187.140
-578691.930,-1265888.260,187.130
-578692.090,-1265887.990,187.140
-578692.260,-1265887.710,187.140
-578692.440,-1265887.420,187.140
-578692.600,-1265887.160,187.150
-578692.790,-1265886.850,187.150
-578692.950,-1265886.590,187.150
-578693.110,-1265886.320,187.150
-578693.300,-1265886.020,187.150
-578693.470,-1265885.730,187.150
-578693.640,-1265885.470,187.150
-578693.820,-1265885.170,187.150
-578694.000,-1265884.870,187.140
-578694.170,-1265884.590,187.140
-578694.350,-1265884.310,187.130
-578694.510,-1265884.040,187.130
-578694.670,-1265883.780,187.120
-578694.840,-1265883.500,187.120
-578692.000,-1265887.320,187.150
-578692.160,-1265887.060,187.150
-578692.340,-1265886.760,187.150
-578692.510,-1265886.490,187.150
-578692.690,-1265886.200,187.150
-578692.860,-1265885.930,187.150
-578693.200,-1265885.370,187.150
-578693.720,-1265884.510,187.150
-578693.900,-1265884.220,187.130
-578694.090,-1265883.920,187.130
-578694.250,-1265883.660,187.130
-578691.930,-1265886.610,187.150
-578692.090,-1265886.340,187.150
-578692.280,-1265886.050,187.150
-578692.440,-1265885.770,187.150
-578692.620,-1265885.480,187.150
-578692.790,-1265885.210,187.150
-578693.830,-1265883.510,187.120
-578691.650,-1265886.580,187.150
-578691.810,-1265886.320,187.150
-578691.980,-1265886.040,187.150
-578692.150,-1265885.770,187.150
-578692.330,-1265885.480,187.150
-578692.490,-1265885.210,187.155
-578692.670,-1265884.910,187.150
-578692.840,-1265884.640,187.150
-578693.000,-1265884.370,187.150
-578693.530,-1265883.520,187.130
-578691.770,-1265885.650,187.150
-578691.930,-1265885.380,187.160
-578692.100,-1265885.100,187.160
-578692.280,-1265884.820,187.150
-578692.440,-1265884.550,187.150
-578692.630,-1265884.250,187.150
-578692.790,-1265883.980,187.140
-578691.910,-1265884.770,187.150
-578692.070,-1265884.510,187.150
-578692.250,-1265884.210,187.150
-578692.420,-1265883.940,187.150
-578692.590,-1265883.650,187.140
-578691.300,-1265884.880,187.160
-578691.470,-1265884.600,187.160
-578691.640,-1265884.330,187.150
-578691.800,-1265884.060,187.150
-578691.970,-1265883.790,187.140
-578691.110,-1265884.580,187.160
-578691.300,-1265884.280,187.160
-578691.460,-1265884.010,187.150
-578691.620,-1265883.740,187.150
-578690.760,-1265884.490,187.160
-578690.930,-1265884.200,187.160
-578691.120,-1265883.940,187.150
-578691.300,-1265883.650,187.150
-578690.720,-1265883.870,187.150
-578699.020,-1265882.990,187.160
-578699.190,-1265882.710,187.150
-578698.690,-1265883.050,187.160
-578698.860,-1265882.740,187.150
-578699.020,-1265882.460,187.150
-578698.320,-1265883.030,187.150
-578698.480,-1265882.750,187.150
-578698.670,-1265882.460,187.150
-578697.930,-1265883.020,187.150
-578698.110,-1265882.720,187.150
-578698.280,-1265882.450,187.150
-578698.440,-1265882.190,187.140
-578697.330,-1265883.190,187.150
-578697.500,-1265882.920,187.140
-578697.680,-1265882.630,187.140
-578697.840,-1265882.360,187.140
-578698.020,-1265882.070,187.140
-578698.190,-1265881.800,187.140
-578698.350,-1265881.530,187.130
-578696.950,-1265883.150,187.140
-578697.120,-1265882.880,187.140
-578697.280,-1265882.610,187.140
-578697.450,-1265882.340,187.140
-578697.630,-1265882.050,187.140
-578697.790,-1265881.780,187.130
-578697.970,-1265881.490,187.130
-578698.140,-1265881.220,187.130
-578698.300,-1265880.940,187.130
-578696.620,-1265883.140,187.130
-578696.810,-1265882.830,187.130
-578697.140,-1265882.310,187.135
-578697.300,-1265882.030,187.130
-578697.470,-1265881.760,187.130
-578697.640,-1265881.470,187.130
-578697.820,-1265881.200,187.130
-578697.990,-1265880.910,187.130
-578698.150,-1265880.640,187.125
-578698.330,-1265880.360,187.130
-578697.100,-1265881.710,187.120
-578697.260,-1265881.440,187.120
-578697.430,-1265881.170,187.130
-578697.610,-1265880.870,187.120
-578697.770,-1265880.610,187.120
-578697.950,-1265880.320,187.120
-578698.120,-1265880.040,187.120
-578696.220,-1265883.130,187.130
-578696.410,-1265882.830,187.130
-578696.590,-1265882.540,187.130
-578696.760,-1265882.250,187.130
-578696.930,-1265881.980,187.120
-578695.650,-1265883.320,187.120
-578695.830,-1265883.030,187.120
-578696.000,-1265882.740,187.120
-578696.170,-1265882.470,187.120
-578696.350,-1265882.170,187.120
-578696.530,-1265881.890,187.120
-578696.710,-1265881.590,187.120
-578696.880,-1265881.320,187.120
-578697.040,-1265881.060,187.120
-578697.210,-1265880.790,187.120
-578697.380,-1265880.510,187.120
-578697.550,-1265880.230,187.120
-578697.720,-1265879.950,187.120
-578697.900,-1265879.650,187.120
-578695.280,-1265883.230,187.120
-578695.440,-1265882.960,187.120
-578695.610,-1265882.690,187.120
-578695.790,-1265882.400,187.120
-578695.970,-1265882.100,187.120
-578696.130,-1265881.840,187.120
-578696.310,-1265881.550,187.110
-578696.490,-1265881.250,187.110
-578696.670,-1265880.960,187.120
-578696.830,-1265880.690,187.120
-578697.000,-1265880.420,187.120
-578697.160,-1265880.150,187.120
-578697.330,-1265879.890,187.120
-578697.510,-1265879.580,187.120
-578697.670,-1265879.320,187.120
-578697.850,-1265879.030,187.120
-578698.020,-1265878.750,187.120
-578695.020,-1265883.210,187.120
-578695.180,-1265882.950,187.115
-578695.370,-1265882.650,187.120
-578695.530,-1265882.380,187.110
-578695.700,-1265882.110,187.110
-578695.880,-1265881.820,187.110
-578696.060,-1265881.520,187.110
-578696.220,-1265881.260,187.110
-578696.400,-1265880.970,187.110
-578696.580,-1265880.670,187.110
-578696.760,-1265880.380,187.110
-578696.920,-1265880.110,187.110
-578697.090,-1265879.840,187.120
-578697.250,-1265879.570,187.110
-578697.420,-1265879.300,187.110
-578697.600,-1265879.000,187.110
-578697.770,-1265878.730,187.110
-578697.940,-1265878.450,187.110
-578694.410,-1265883.390,187.120
-578694.580,-1265883.120,187.120
-578694.740,-1265882.850,187.110
-578694.920,-1265882.560,187.110
-578695.090,-1265882.280,187.110
-578695.270,-1265882.000,187.110
-578695.430,-1265881.730,187.110
-578695.600,-1265881.450,187.110
-578695.780,-1265881.160,187.110
-578695.960,-1265880.870,187.110
-578696.130,-1265880.590,187.110
-578696.300,-1265880.310,187.110
-578696.480,-1265880.010,187.110
-578696.660,-1265879.720,187.110
-578696.830,-1265879.450,187.110
-578696.990,-1265879.180,187.110
-578697.160,-1265878.910,187.110
-578697.320,-1265878.640,187.110
-578697.500,-1265878.350,187.110
-578697.670,-1265878.080,187.110
-578697.850,-1265877.790,187.110
-578695.890,-1265880.160,187.110
-578696.050,-1265879.880,187.110
-578696.240,-1265879.590,187.110
-578696.410,-1265879.310,187.110
-578696.590,-1265879.010,187.110
-578696.760,-1265878.730,187.110
-578696.920,-1265878.480,187.110
-578697.090,-1265878.200,187.110
-578697.260,-1265877.920,187.110
-578697.430,-1265877.640,187.110
-578697.600,-1265877.370,187.100
-578694.010,-1265883.210,187.120
-578694.180,-1265882.940,187.120
-578694.340,-1265882.680,187.110
-578694.510,-1265882.400,187.110
-578694.680,-1265882.130,187.110
-578694.850,-1265881.850,187.110
-578695.020,-1265881.560,187.110
-578695.200,-1265881.270,187.110
-578695.360,-1265881.010,187.110
-578695.530,-1265880.740,187.110
-578695.710,-1265880.440,187.110
-578693.710,-1265883.230,187.120
-578693.890,-1265882.930,187.120
-578694.070,-1265882.650,187.110
-578694.230,-1265882.370,187.110
-578694.400,-1265882.100,187.110
-578694.560,-1265881.830,187.110
-578694.730,-1265881.560,187.110
-578694.910,-1265881.270,187.100
-578695.070,-1265881.000,187.100
-578695.250,-1265880.710,187.110
-578695.420,-1265880.440,187.110
-578695.580,-1265880.170,187.110
-578695.760,-1265879.880,187.110
-578695.940,-1265879.580,187.110
-578696.110,-1265879.320,187.110
-578696.280,-1265879.030,187.110
-578696.470,-1265878.730,187.110
-578696.640,-1265878.440,187.110
-578696.810,-1265878.170,187.110
-578696.970,-1265877.900,187.110
-578697.140,-1265877.630,187.110
-578697.300,-1265877.370,187.100
-578697.480,-1265877.070,187.100
-578693.480,-1265882.860,187.120
-578693.660,-1265882.560,187.120
-578693.840,-1265882.270,187.110
-578694.020,-1265881.990,187.110
-578694.180,-1265881.710,187.110
-578694.350,-1265881.440,187.100
-578694.510,-1265881.180,187.100
-578694.680,-1265880.900,187.100
-578694.860,-1265880.610,187.100
-578695.020,-1265880.340,187.110
-578695.200,-1265880.050,187.110
-578695.370,-1265879.770,187.110
-578695.530,-1265879.510,187.110
-578695.710,-1265879.220,187.110
-578695.890,-1265878.920,187.110
-578696.050,-1265878.650,187.100
-578696.230,-1265878.360,187.110
-578696.420,-1265878.070,187.110
-578696.590,-1265877.780,187.100
-578696.760,-1265877.510,187.100
-578696.930,-1265877.230,187.100
-578697.090,-1265876.970,187.090
-578693.140,-1265883.410,187.130
-578693.320,-1265883.120,187.120
-578692.760,-1265883.370,187.130
-578692.930,-1265883.100,187.130
-578693.100,-1265882.820,187.120
-578693.290,-1265882.520,187.120
-578693.450,-1265882.250,187.120
-578693.630,-1265881.960,187.110
-578693.810,-1265881.670,187.110
-578693.990,-1265881.370,187.100
-578694.150,-1265881.110,187.100
-578694.320,-1265880.840,187.100
-578694.490,-1265880.560,187.100
-578694.650,-1265880.300,187.100
-578694.830,-1265880.000,187.110
-578695.000,-1265879.730,187.110
-578695.170,-1265879.440,187.110
-578695.340,-1265879.170,187.100
-578695.510,-1265878.900,187.100
-578695.680,-1265878.610,187.100
-578695.860,-1265878.320,187.100
-578696.030,-1265878.040,187.100
-578696.210,-1265877.750,187.100
-578696.380,-1265877.460,187.100
-578696.560,-1265877.170,187.090
-578693.350,-1265881.540,187.110
-578693.520,-1265881.260,187.100
-578693.700,-1265880.960,187.100
-578693.880,-1265880.670,187.100
-578694.050,-1265880.400,187.100
-578694.210,-1265880.130,187.100
-578694.380,-1265879.850,187.100
-578694.540,-1265879.590,187.110
-578694.720,-1265879.300,187.100
-578694.890,-1265879.020,187.100
-578695.070,-1265878.730,187.100
-578695.230,-1265878.470,187.090
-578695.400,-1265878.190,187.090
-578695.580,-1265877.900,187.090
-578695.750,-1265877.620,187.090
-578695.920,-1265877.340,187.090
-578696.100,-1265877.040,187.085
-578692.150,-1265883.500,187.140
-578692.310,-1265883.230,187.130
-578692.490,-1265882.940,187.130
-578692.660,-1265882.660,187.130
-578692.820,-1265882.400,187.120
-578693.000,-1265882.110,187.120
-578693.180,-1265881.810,187.110
-578691.790,-1265883.470,187.140
-578691.960,-1265883.200,187.140
-578692.130,-1265882.910,187.130
-578692.300,-1265882.630,187.130
-578692.480,-1265882.340,187.120
-578692.640,-1265882.080,187.120
-578692.810,-1265881.800,187.120
-578692.990,-1265881.510,187.110
-578693.170,-1265881.230,187.110
-578693.340,-1265880.950,187.100
-578693.520,-1265880.660,187.100
-578693.690,-1265880.370,187.100
-578693.870,-1265880.070,187.110
-578694.040,-1265879.800,187.110
-578694.200,-1265879.530,187.110
-578694.370,-1265879.260,187.110
-578694.540,-1265878.990,187.100
-578694.710,-1265878.710,187.090
-578694.880,-1265878.430,187.090
-578695.060,-1265878.140,187.090
-578695.220,-1265877.880,187.080
-578695.390,-1265877.600,187.080
-578695.570,-1265877.310,187.080
-578695.740,-1265877.020,187.080
-578692.990,-1265880.890,187.110
-578693.170,-1265880.600,187.110
-578693.340,-1265880.320,187.100
-578693.520,-1265880.030,187.110
-578693.700,-1265879.740,187.110
-578693.880,-1265879.440,187.110
-578694.040,-1265879.170,187.110
-578694.210,-1265878.910,187.100
-578694.380,-1265878.630,187.100
-578694.540,-1265878.370,187.090
-578694.720,-1265878.080,187.080
-578694.880,-1265877.800,187.080
-578695.060,-1265877.510,187.080
-578695.230,-1265877.250,187.070
-578691.460,-1265883.390,187.150
-578691.630,-1265883.110,187.140
-578691.800,-1265882.840,187.130
-578691.960,-1265882.570,187.130
-578692.140,-1265882.280,187.130
-578692.310,-1265882.000,187.120
-578692.480,-1265881.720,187.120
-578692.650,-1265881.450,187.120
-578692.820,-1265881.170,187.110
-578690.900,-1265883.580,187.150
-578691.080,-1265883.340,187.150
-578691.260,-1265883.040,187.140
-578691.430,-1265882.760,187.140
-578691.590,-1265882.500,187.130
-578691.760,-1265882.220,187.130
-578691.930,-1265881.950,187.130
-578692.100,-1265881.670,187.130
-578692.270,-1265881.390,187.120
-578692.450,-1265881.100,187.120
-578692.610,-1265880.830,187.120
-578692.780,-1265880.560,187.110
-578692.960,-1265880.270,187.110
-578693.140,-1265879.980,187.110
-578693.300,-1265879.710,187.110
-578693.490,-1265879.410,187.110
-578693.660,-1265879.120,187.110
-578693.840,-1265878.830,187.110
-578694.010,-1265878.560,187.100
-578694.170,-1265878.290,187.090
-578694.340,-1265878.020,187.080
-578694.510,-1265877.750,187.080
-578694.680,-1265877.460,187.070
-578694.850,-1265877.190,187.070
-578694.110,-1265877.610,187.080
-578694.280,-1265877.350,187.075
-578694.450,-1265877.080,187.070
-578690.500,-1265883.460,187.150
-578690.670,-1265883.190,187.140
-578690.850,-1265882.920,187.140
-578691.030,-1265882.650,187.140
-578691.210,-1265882.360,187.130
-578691.370,-1265882.090,187.130
-578691.540,-1265881.820,187.130
-578691.710,-1265881.540,187.130
-578691.870,-1265881.280,187.130
-578692.050,-1265880.990,187.130
-578692.220,-1265880.710,187.120
-578692.390,-1265880.420,187.120
-578692.560,-1265880.160,187.120
-578692.730,-1265879.880,187.120
-578692.900,-1265879.590,187.120
-578693.080,-1265879.300,187.110
-578693.250,-1265879.030,187.110
-578693.430,-1265878.730,187.110
-578693.600,-1265878.440,187.110
-578693.780,-1265878.160,187.090
-578693.950,-1265877.880,187.080
-578690.970,-1265882.010,187.140
-578691.150,-1265881.720,187.140
-578691.320,-1265881.450,187.135
-578691.480,-1265881.170,187.140
-578691.650,-1265880.920,187.130
-578691.810,-1265880.640,187.130
-578691.990,-1265880.350,187.130
-578692.150,-1265880.080,187.130
-578692.340,-1265879.780,187.120
-578692.500,-1265879.510,187.120
-578692.660,-1265879.250,187.120
-578692.840,-1265878.950,187.120
-578693.020,-1265878.660,187.110
-578693.190,-1265878.390,187.110
-578693.370,-1265878.100,187.100
-578693.550,-1265877.810,187.090
-578693.730,-1265877.520,187.080
-578693.890,-1265877.250,187.080
-578691.040,-1265881.440,187.140
-578691.220,-1265881.150,187.140
-578691.390,-1265880.870,187.140
-578691.550,-1265880.610,187.140
-578691.720,-1265880.340,187.130
-578691.890,-1265880.070,187.130
-578692.070,-1265879.770,187.130
-578692.230,-1265879.500,187.120
-578692.410,-1265879.210,187.120
-578692.570,-1265878.940,187.120
-578692.740,-1265878.670,187.120
-578692.920,-1265878.380,187.110
-578693.100,-1265878.090,187.110
-578693.260,-1265877.820,187.100
-578693.440,-1265877.530,187.090
-578693.620,-1265877.240,187.080
-578691.130,-1265880.500,187.150
-578691.300,-1265880.220,187.140
-578691.460,-1265879.950,187.140
-578691.620,-1265879.690,187.130
-578691.790,-1265879.420,187.130
-578691.970,-1265879.120,187.130
-578692.140,-1265878.850,187.120
-578692.320,-1265878.560,187.120
-578692.480,-1265878.280,187.110
-578692.650,-1265878.020,187.110
-578692.820,-1265877.730,187.110
-578693.010,-1265877.440,187.100
-578693.170,-1265877.170,187.090
-578690.590,-1265881.340,187.140
-578690.770,-1265881.080,187.140
-578690.950,-1265880.780,187.150
-578690.400,-1265880.960,187.150
-578690.560,-1265880.720,187.150
-578690.750,-1265880.430,187.150
-578690.930,-1265880.140,187.150
-578691.100,-1265879.850,187.140
-578691.270,-1265879.580,187.140
-578691.440,-1265879.310,187.130
-578691.600,-1265879.040,187.130
-578691.770,-1265878.770,187.130
-578691.940,-1265878.480,187.120
-578692.110,-1265878.210,187.120
-578692.290,-1265877.920,187.110
-578692.450,-1265877.640,187.110
-578692.620,-1265877.370,187.100
-578690.680,-1265879.800,187.150
-578690.870,-1265879.500,187.150
-578691.050,-1265879.210,187.140
-578691.210,-1265878.950,187.130
-578691.380,-1265878.670,187.130
-578691.540,-1265878.400,187.125
-578691.700,-1265878.130,187.120
-578691.890,-1265877.840,187.110
-578692.050,-1265877.570,187.110
-578692.230,-1265877.280,187.110
-578690.180,-1265879.980,187.150
-578690.360,-1265879.680,187.150
-578690.530,-1265879.460,187.150
-578690.710,-1265879.160,187.145
-578690.890,-1265878.870,187.140
-578691.070,-1265878.590,187.130
-578691.230,-1265878.310,187.130
-578691.400,-1265878.040,187.120
-578691.560,-1265877.780,187.120
-578691.730,-1265877.500,187.110
-578691.910,-1265877.210,187.110
-578690.100,-1265879.340,187.150
-578690.280,-1265879.050,187.150
-578690.450,-1265878.820,187.140
-578690.630,-1265878.530,187.140
-578690.810,-1265878.230,187.130
-578690.990,-1265877.950,187.130
-578691.150,-1265877.680,187.120
-578691.320,-1265877.410,187.120
-578690.080,-1265878.670,187.140
-578690.260,-1265878.400,187.140
-578690.430,-1265878.150,187.130
-578690.610,-1265877.860,187.130
-578690.780,-1265877.570,187.120
-578690.960,-1265877.280,187.120
-578697.650,-1265876.800,187.100
-578697.250,-1265876.700,187.090
-578697.430,-1265876.410,187.090
-578697.600,-1265876.140,187.080
-578696.730,-1265876.900,187.090
-578696.890,-1265876.630,187.090
-578697.060,-1265876.360,187.080
-578697.230,-1265876.100,187.080
-578697.400,-1265875.800,187.080
-578697.570,-1265875.540,187.080
-578696.270,-1265876.760,187.080
-578696.460,-1265876.470,187.080
-578696.620,-1265876.190,187.080
-578696.780,-1265875.930,187.070
-578696.950,-1265875.660,187.070
-578697.120,-1265875.390,187.070
-578697.290,-1265875.100,187.070
-578697.460,-1265874.830,187.070
-578697.640,-1265874.530,187.070
-578695.910,-1265876.750,187.080
-578696.090,-1265876.460,187.070
-578696.270,-1265876.170,187.070
-578696.450,-1265875.870,187.070
-578696.610,-1265875.600,187.070
-578696.780,-1265875.330,187.070
-578696.940,-1265875.060,187.070
-578697.110,-1265874.790,187.070
-578697.290,-1265874.500,187.070
-578697.450,-1265874.230,187.070
-578695.400,-1265876.970,187.070
-578695.570,-1265876.680,187.070
-578695.750,-1265876.390,187.070
-578695.910,-1265876.130,187.070
-578696.090,-1265875.830,187.070
-578696.270,-1265875.540,187.070
-578696.450,-1265875.250,187.070
-578696.620,-1265874.980,187.070
-578696.780,-1265874.710,187.070
-578696.940,-1265874.440,187.070
-578697.110,-1265874.160,187.070
-578697.290,-1265873.880,187.075
-578695.030,-1265876.900,187.070
-578695.190,-1265876.630,187.070
-578695.350,-1265876.360,187.060
-578695.530,-1265876.070,187.060
-578695.710,-1265875.780,187.070
-578695.880,-1265875.510,187.070
-578696.050,-1265875.220,187.070
-578696.230,-1265874.920,187.070
-578696.410,-1265874.630,187.070
-578696.570,-1265874.370,187.070
-578696.740,-1265874.090,187.070
-578696.910,-1265873.820,187.080
-578694.630,-1265876.780,187.070
-578694.790,-1265876.520,187.060
-578694.970,-1265876.220,187.060
-578695.130,-1265875.950,187.060
-578695.290,-1265875.690,187.065
-578695.480,-1265875.390,187.070
-578695.660,-1265875.090,187.070
-578695.820,-1265874.840,187.070
-578696.000,-1265874.540,187.070
-578696.180,-1265874.240,187.080
-578696.350,-1265873.960,187.080
-578696.840,-1265873.100,187.070
-578694.060,-1265876.980,187.080
-578694.220,-1265876.710,187.070
-578694.390,-1265876.440,187.070
-578694.570,-1265876.140,187.060
-578694.730,-1265875.880,187.070
-578694.910,-1265875.580,187.070
-578695.070,-1265875.310,187.070
-578695.240,-1265875.040,187.070
-578695.420,-1265874.750,187.080
-578695.600,-1265874.460,187.080
-578695.760,-1265874.190,187.080
-578695.940,-1265873.900,187.080
-578696.120,-1265873.610,187.080
-578696.290,-1265873.260,187.090
-578696.450,-1265873.000,187.090
-578693.800,-1265876.950,187.080
-578693.960,-1265876.680,187.080
-578694.130,-1265876.400,187.070
-578694.290,-1265876.140,187.070
-578694.460,-1265875.870,187.070
-578694.640,-1265875.570,187.070
-578694.800,-1265875.310,187.070
-578694.980,-1265875.010,187.070
-578695.150,-1265874.740,187.080
-578695.480,-1265874.190,187.080
-578695.670,-1265873.880,187.090
-578695.830,-1265873.610,187.100
-578696.000,-1265873.290,187.100
-578693.350,-1265876.880,187.090
-578693.530,-1265876.590,187.080
-578693.710,-1265876.290,187.080
-578693.870,-1265876.020,187.080
-578694.030,-1265875.750,187.080
-578694.200,-1265875.480,187.080
-578694.370,-1265875.210,187.080
-578694.540,-1265874.920,187.080
-578694.710,-1265874.650,187.080
-578694.890,-1265874.360,187.080
-578695.050,-1265874.090,187.090
-578695.390,-1265873.490,187.090
-578692.800,-1265877.080,187.100
-578692.980,-1265876.790,187.090
-578693.140,-1265876.520,187.090
-578693.320,-1265876.240,187.090
-578693.500,-1265875.940,187.090
-578693.680,-1265875.650,187.090
-578693.840,-1265875.380,187.080
-578694.010,-1265875.110,187.090
-578694.170,-1265874.840,187.090
-578694.330,-1265874.570,187.090
-578694.520,-1265874.280,187.090
-578694.680,-1265874.010,187.100
-578694.860,-1265873.720,187.100
-578695.020,-1265873.400,187.090
-578692.390,-1265877.010,187.100
-578692.560,-1265876.740,187.100
-578692.730,-1265876.450,187.090
-578692.910,-1265876.160,187.090
-578693.080,-1265875.890,187.090
-578693.260,-1265875.600,187.090
-578693.440,-1265875.300,187.090
-578693.620,-1265875.010,187.090
-578693.780,-1265874.740,187.090
-578693.950,-1265874.470,187.090
-578694.110,-1265874.190,187.095
-578694.280,-1265873.930,187.100
-578692.070,-1265876.950,187.110
-578692.250,-1265876.650,187.100
-578692.420,-1265876.380,187.100
-578692.580,-1265876.110,187.090
-578692.760,-1265875.820,187.090
-578692.940,-1265875.520,187.090
-578693.100,-1265875.260,187.090
-578693.280,-1265874.960,187.090
-578693.460,-1265874.670,187.090
-578693.640,-1265874.370,187.100
-578693.800,-1265874.110,187.100
-578693.970,-1265873.840,187.100
-578694.130,-1265873.520,187.100
-578691.480,-1265877.130,187.110
-578691.650,-1265876.870,187.110
-578691.830,-1265876.570,187.110
-578692.000,-1265876.300,187.105
-578692.170,-1265876.020,187.100
-578692.340,-1265875.740,187.100
-578692.500,-1265875.470,187.090
-578692.680,-1265875.180,187.090
-578692.860,-1265874.890,187.090
-578693.030,-1265874.610,187.100
-578693.200,-1265874.330,187.100
-578693.550,-1265873.690,187.100
-578693.710,-1265873.430,187.100
-578691.130,-1265877.000,187.120
-578691.290,-1265876.740,187.120
-578691.460,-1265876.470,187.110
-578691.620,-1265876.190,187.110
-578691.800,-1265875.900,187.110
-578691.960,-1265875.640,187.110
-578692.150,-1265875.340,187.100
-578692.310,-1265875.070,187.100
-578692.470,-1265874.810,187.100
-578692.650,-1265874.510,187.100
-578692.840,-1265874.220,187.100
-578693.170,-1265873.610,187.110
-578690.600,-1265877.230,187.120
-578690.770,-1265876.940,187.120
-578690.950,-1265876.650,187.120
-578691.120,-1265876.380,187.120
-578691.280,-1265876.110,187.120
-578691.450,-1265875.840,187.120
-578691.610,-1265875.570,187.120
-578691.790,-1265875.280,187.110
-578691.950,-1265875.010,187.110
-578692.130,-1265874.720,187.110
-578692.300,-1265874.450,187.110
-578692.460,-1265874.180,187.110
-578692.630,-1265873.850,187.110
-578692.810,-1265873.550,187.110
-578690.420,-1265876.890,187.130
-578690.600,-1265876.600,187.130
-578690.780,-1265876.310,187.120
-578690.960,-1265876.020,187.120
-578691.120,-1265875.740,187.120
-578691.290,-1265875.480,187.120
-578691.450,-1265875.210,187.120
-578691.620,-1265874.930,187.110
-578691.800,-1265874.640,187.110
-578691.960,-1265874.380,187.115
-578692.140,-1265874.080,187.120
-578692.300,-1265873.770,187.210
-578692.460,-1265873.490,187.115
-578690.220,-1265876.560,187.130
-578690.380,-1265876.290,187.130
-578690.570,-1265876.000,187.130
-578690.750,-1265875.700,187.130
-578690.920,-1265875.420,187.120
-578691.090,-1265875.140,187.120
-578691.250,-1265874.870,187.120
-578691.410,-1265874.610,187.120
-578691.580,-1265874.330,187.120
-578691.760,-1265874.010,187.120
-578691.920,-1265873.730,187.120
-578689.610,-1265876.680,187.120
-578689.780,-1265876.410,187.130
-578689.960,-1265876.140,187.130
-578690.140,-1265875.870,187.140
-578690.310,-1265875.590,187.130
-578690.490,-1265875.300,187.130
-578690.660,-1265875.010,187.130
-578690.840,-1265874.720,187.130
-578691.010,-1265874.450,187.130
-578691.170,-1265874.190,187.130
-578691.330,-1265873.870,187.120
-578691.490,-1265873.580,187.130
-578689.620,-1265876.110,187.130
-578689.790,-1265875.840,187.130
-578689.980,-1265875.590,187.140
-578690.150,-1265875.300,187.130
-578690.320,-1265875.030,187.130
-578690.500,-1265874.730,187.130
-578690.680,-1265874.450,187.130
-578689.620,-1265875.480,187.130
-578689.780,-1265875.210,187.130
-578690.140,-1265874.660,187.135
-578690.310,-1265874.390,187.130
-578690.100,-1265874.020,187.130
-578699.150,-1265889.100,187.110
-578699.100,-1265888.580,187.110
-578698.720,-1265888.750,187.120
-578699.180,-1265888.510,187.110
-578698.800,-1265888.680,187.120
-578699.640,-1265887.610,187.120
-578699.090,-1265887.840,187.125
-578698.720,-1265888.020,187.120
-578698.730,-1265887.490,187.130
-578699.190,-1265887.790,187.120
-578698.800,-1265887.960,187.120
-578698.330,-1265888.930,187.120
-578698.430,-1265888.850,187.115
-578698.340,-1265888.180,187.120
-578698.360,-1265887.660,187.130
-578697.940,-1265887.850,187.130
-578697.570,-1265888.020,187.120
-578698.400,-1265888.150,187.120
-578698.020,-1265888.320,187.120
-578698.370,-1265887.500,187.130
-578697.980,-1265887.680,187.130
-578697.610,-1265887.850,187.120
-578696.660,-1265887.510,187.120
-578696.220,-1265887.440,187.120
-578699.130,-1265887.310,187.130
-578699.660,-1265886.930,187.130
-578699.150,-1265887.150,187.130
-578698.770,-1265887.320,187.130
-578699.660,-1265887.080,187.120
-578699.570,-1265886.440,187.130
-578699.040,-1265886.660,187.140
-578698.630,-1265886.840,187.130
-578699.530,-1265886.220,187.140
-578699.010,-1265886.440,187.140
-578698.630,-1265886.620,187.140
-578699.510,-1265885.960,187.150
-578699.020,-1265886.170,187.150
-578698.640,-1265886.340,187.140
-578699.490,-1265885.650,187.160
-578699.020,-1265885.850,187.150
-578698.600,-1265886.040,187.140
-578699.370,-1265884.700,187.170
-578698.920,-1265884.890,187.160
-578698.500,-1265885.080,187.150
-578699.440,-1265885.250,187.150
-578698.940,-1265885.470,187.160
-578698.510,-1265885.660,187.150
-578699.320,-1265884.320,187.170
-578698.890,-1265884.510,187.160
-578698.450,-1265884.710,187.150
-578699.380,-1265884.860,187.170
-578698.870,-1265885.080,187.160
-578698.480,-1265885.250,187.150
-578699.320,-1265884.130,187.180
-578698.820,-1265884.350,187.160
-578698.400,-1265884.530,187.150
-578699.160,-1265883.570,187.170
-578698.640,-1265883.790,187.160
-578699.210,-1265883.450,187.170
-578698.720,-1265883.660,187.160
-578698.320,-1265883.840,187.160
-578699.120,-1265883.050,187.170
-578698.630,-1265883.260,187.160
-578698.260,-1265883.430,187.155
-578698.980,-1265882.410,187.140
-578698.470,-1265882.630,187.150
-578699.120,-1265882.850,187.150
-578698.610,-1265883.060,187.160
-578698.240,-1265883.230,187.150
-578698.950,-1265882.180,187.135
-578698.390,-1265882.420,187.150
-578698.330,-1265882.160,187.140
-578698.200,-1265881.880,187.140
-578698.270,-1265880.860,187.130
-578698.380,-1265881.080,187.130
-578698.150,-1265880.500,187.120
-578698.010,-1265878.920,187.110
-578698.270,-1265887.010,187.130
-578697.890,-1265887.180,187.130
-578697.470,-1265887.370,187.130
-578698.240,-1265886.790,187.130
-578697.830,-1265886.980,187.130
-578697.440,-1265887.160,187.130
-578697.050,-1265887.330,187.130
-578698.230,-1265886.530,187.130
-578697.800,-1265886.720,187.130
-578697.450,-1265886.880,187.130
-578697.030,-1265887.070,187.130
-578696.630,-1265887.260,187.130
-578698.190,-1265886.230,187.135
-578697.800,-1265886.410,187.130
-578697.400,-1265886.590,187.130
-578696.990,-1265886.770,187.130
-578696.580,-1265886.960,187.130
-578696.190,-1265887.130,187.130
-578698.100,-1265885.270,187.150
-578697.690,-1265885.450,187.140
-578697.300,-1265885.630,187.140
-578696.940,-1265885.790,187.140
-578696.560,-1265885.960,187.140
-578696.170,-1265886.140,187.140
-578695.770,-1265886.320,187.130
-578695.390,-1265886.490,187.130
-578698.150,-1265885.830,187.140
-578697.730,-1265886.020,187.140
-578697.330,-1265886.200,187.140
-578696.920,-1265886.390,187.130
-578696.550,-1265886.550,187.130
-578696.170,-1265886.730,187.130
-578698.030,-1265884.900,187.150
-578697.650,-1265885.070,187.140
-578697.280,-1265885.240,187.140
-578696.910,-1265885.410,187.140
-578698.060,-1265885.440,187.140
-578697.660,-1265885.620,187.140
-578697.260,-1265885.800,187.140
-578696.890,-1265885.970,187.140
-578696.510,-1265886.140,187.140
-578696.130,-1265886.320,187.130
-578695.730,-1265886.490,187.130
-578695.330,-1265886.680,187.130
-578698.030,-1265884.700,187.150
-578697.640,-1265884.880,187.150
-578697.280,-1265885.040,187.140
-578696.900,-1265885.210,187.140
-578696.470,-1265885.400,187.140
-578696.100,-1265885.570,187.140
-578695.700,-1265885.750,187.140
-578695.330,-1265885.930,187.140
-578694.950,-1265886.090,187.140
-578696.520,-1265885.580,187.140
-578696.120,-1265885.770,187.140
-578695.750,-1265885.930,187.140
-578695.330,-1265886.120,187.140
-578698.250,-1265883.970,187.160
-578697.880,-1265884.140,187.150
-578697.500,-1265884.310,187.150
-578697.140,-1265884.470,187.150
-578696.720,-1265884.660,187.140
-578696.340,-1265884.830,187.140
-578695.940,-1265885.010,187.135
-578695.550,-1265885.190,187.140
-578695.180,-1265885.360,187.140
-578694.760,-1265885.540,187.140
-578694.360,-1265885.730,187.140
-578697.950,-1265884.010,187.150
-578697.580,-1265884.180,187.150
-578697.170,-1265884.360,187.150
-578696.790,-1265884.530,187.140
-578696.380,-1265884.720,187.140
-578695.990,-1265884.890,187.130
-578695.630,-1265885.060,187.130
-578695.220,-1265885.250,187.140
-578694.810,-1265885.430,187.140
-578694.440,-1265885.600,187.140
-578694.040,-1265885.780,187.140
-578696.130,-1265883.690,187.130
-578695.700,-1265883.880,187.130
-578695.340,-1265884.050,187.120
-578694.930,-1265884.230,187.130
-578694.520,-1265884.420,187.130
-578694.130,-1265884.600,187.140
-578693.750,-1265884.770,187.140
-578693.020,-1265885.100,187.150
-578697.890,-1265883.600,187.150
-578697.470,-1265883.790,187.150
-578697.090,-1265883.960,187.150
-578696.680,-1265884.140,187.140
-578696.290,-1265884.320,187.130
-578695.930,-1265884.480,187.130
-578695.520,-1265884.670,187.130
-578695.110,-1265884.850,187.130
-578694.730,-1265885.030,187.140
-578694.330,-1265885.210,187.140
-578693.940,-1265885.380,187.150
-578693.520,-1265885.580,187.150
-578698.070,-1265882.810,187.150
-578697.690,-1265882.980,187.150
-578697.280,-1265883.170,187.150
-578696.910,-1265883.340,187.145
-578696.530,-1265883.510,187.130
-578697.840,-1265883.410,187.150
-578697.470,-1265883.580,187.150
-578697.040,-1265883.770,187.150
-578696.660,-1265883.950,187.140
-578696.290,-1265884.110,187.130
-578695.880,-1265884.300,187.130
-578695.480,-1265884.480,187.130
-578695.100,-1265884.660,187.130
-578694.720,-1265884.830,187.140
-578694.300,-1265885.020,187.140
-578693.900,-1265885.200,187.145
-578693.530,-1265885.370,187.150
-578694.070,-1265884.380,187.140
-578693.710,-1265884.540,187.150
-578698.010,-1265882.590,187.140
-578697.620,-1265882.770,187.140
-578697.220,-1265882.940,187.140
-578696.860,-1265883.110,187.140
-578696.460,-1265883.290,187.130
-578696.050,-1265883.480,187.130
-578695.660,-1265883.650,187.130
-578695.250,-1265883.840,187.120
-578694.860,-1265884.020,187.130
-578694.440,-1265884.210,187.130
-578692.550,-1265885.070,187.155
-578697.910,-1265882.350,187.140
-578697.540,-1265882.520,187.140
-578697.180,-1265882.680,187.140
-578696.740,-1265882.880,187.130
-578696.370,-1265883.050,187.130
-578695.980,-1265883.220,187.125
-578695.560,-1265883.410,187.120
-578695.160,-1265883.600,187.120
-578694.750,-1265883.780,187.125
-578694.380,-1265883.950,187.130
-578694.020,-1265884.110,187.130
-578693.650,-1265884.280,187.140
-578692.860,-1265884.640,187.150
-578692.490,-1265884.810,187.150
-578697.840,-1265882.040,187.140
-578697.450,-1265882.210,187.140
-578697.030,-1265882.410,187.135
-578696.640,-1265882.580,187.130
-578696.250,-1265882.760,187.130
-578695.850,-1265882.940,187.120
-578695.460,-1265883.120,187.120
-578695.040,-1265883.310,187.120
-578694.660,-1265883.480,187.120
-578694.290,-1265883.650,187.125
-578693.910,-1265883.820,187.130
-578692.770,-1265884.340,187.150
-578692.350,-1265884.530,187.150
-578691.980,-1265884.700,187.150
-578698.060,-1265881.580,187.130
-578697.680,-1265881.740,187.130
-578697.280,-1265881.930,187.130
-578696.880,-1265882.110,187.130
-578696.500,-1265882.280,187.120
-578696.090,-1265882.470,187.120
-578695.670,-1265882.650,187.120
-578695.280,-1265882.840,187.110
-578694.910,-1265883.000,187.120
-578694.510,-1265883.180,187.120
-578694.150,-1265883.340,187.120
-578693.770,-1265883.520,187.130
-578692.990,-1265883.870,187.140
-578692.590,-1265884.050,187.150
-578692.210,-1265884.230,187.150
-578691.840,-1265884.390,187.150
-578691.440,-1265884.580,187.160
-578696.300,-1265881.760,187.120
-578695.880,-1265881.950,187.110
-578695.520,-1265882.110,187.110
-578695.130,-1265882.290,187.110
-578694.750,-1265882.460,187.110
-578694.380,-1265882.630,187.110
-578693.980,-1265882.810,187.120
-578693.600,-1265882.980,187.120
-578693.200,-1265883.160,187.130
-578692.820,-1265883.330,187.130
-578692.440,-1265883.510,187.140
-578692.030,-1265883.690,187.140
-578691.640,-1265883.870,187.150
-578691.250,-1265884.040,187.155
-578690.970,-1265884.190,187.160
-578697.880,-1265881.040,187.130
-578697.470,-1265881.220,187.130
-578697.090,-1265881.400,187.120
-578696.710,-1265881.570,187.120
-578698.010,-1265881.240,187.130
-578697.600,-1265881.430,187.130
-578697.190,-1265881.610,187.130
-578696.810,-1265881.790,187.120
-578696.390,-1265881.970,187.120
-578695.980,-1265882.160,187.120
-578695.600,-1265882.340,187.110
-578694.820,-1265882.690,187.110
-578694.460,-1265882.850,187.110
-578694.080,-1265883.020,187.120
-578693.680,-1265883.210,187.120
-578693.310,-1265883.370,187.130
-578692.900,-1265883.560,187.130
-578692.520,-1265883.730,187.140
-578692.140,-1265883.900,187.140
-578691.750,-1265884.080,187.150
-578691.340,-1265884.260,187.160
-578691.010,-1265884.420,187.160
-578697.740,-1265880.690,187.120
-578697.360,-1265880.860,187.120
-578696.950,-1265881.040,187.120
-578696.530,-1265881.230,187.110
-578696.140,-1265881.410,187.110
-578695.770,-1265881.580,187.110
-578695.390,-1265881.750,187.110
-578694.510,-1265881.840,187.110
-578694.140,-1265882.010,187.110
-578693.730,-1265882.200,187.110
-578693.350,-1265882.370,187.120
-578692.980,-1265882.530,187.120
-578692.580,-1265882.720,187.130
-578692.170,-1265882.900,187.130
-578691.800,-1265883.070,187.140
-578691.400,-1265883.250,187.140
-578690.980,-1265883.440,187.150
-578690.730,-1265883.570,187.150
-578695.010,-1265881.920,187.110
-578694.640,-1265882.090,187.110
-578694.230,-1265882.280,187.110
-578693.860,-1265882.450,187.110
-578693.460,-1265882.630,187.120
-578693.080,-1265882.800,187.120
-578692.710,-1265882.970,187.130
-578692.300,-1265883.150,187.130
-578691.910,-1265883.330,187.140
-578691.510,-1265883.510,187.150
-578691.110,-1265883.690,187.150
-578690.850,-1265883.830,187.150
-578698.020,-1265880.250,187.120
-578697.640,-1265880.420,187.120
-578696.820,-1265880.790,187.120
-578696.430,-1265880.970,187.110
-578696.040,-1265881.150,187.110
-578695.680,-1265881.310,187.110
-578695.300,-1265881.480,187.110
-578694.930,-1265881.650,187.110
-578697.970,-1265879.970,187.120
-578697.560,-1265880.160,187.120
-578697.150,-1265880.340,187.120
-578696.760,-1265880.520,187.110
-578696.370,-1265880.700,187.110
-578695.990,-1265880.870,187.110
-578695.630,-1265881.030,187.110
-578695.230,-1265881.210,187.110
-578694.850,-1265881.390,187.100
-578694.480,-1265881.560,187.100
-578694.060,-1265881.740,187.110
-578693.670,-1265881.920,187.110
-578693.300,-1265882.090,187.110
-578692.920,-1265882.260,187.120
-578692.500,-1265882.450,187.130
-578692.120,-1265882.620,187.130
-578691.720,-1265882.810,187.130
-578691.310,-1265882.990,187.140
-578690.910,-1265883.170,187.140
-578690.680,-1265883.290,187.150
-578692.050,-1265882.410,187.130
-578691.640,-1265882.600,187.130
-578691.220,-1265882.790,187.140
-578690.630,-1265883.070,187.145
-578697.880,-1265879.770,187.120
-578697.480,-1265879.950,187.120
-578697.080,-1265880.130,187.120
-578696.700,-1265880.300,187.110
-578696.310,-1265880.480,187.110
-578695.940,-1265880.650,187.110
-578695.570,-1265880.820,187.110
-578695.160,-1265881.000,187.105
-578694.780,-1265881.170,187.100
-578694.380,-1265881.360,187.100
-578694.000,-1265881.530,187.100
-578693.630,-1265881.690,187.110
-578693.230,-1265881.880,187.110
-578692.820,-1265882.060,187.120
-578692.450,-1265882.230,187.120
-578697.340,-1265879.620,187.120
-578696.980,-1265879.790,187.110
-578696.590,-1265879.960,187.110
-578696.230,-1265880.130,187.110
-578695.850,-1265880.300,187.110
-578695.440,-1265880.490,187.110
-578695.060,-1265880.660,187.110
-578694.660,-1265880.840,187.100
-578694.270,-1265881.020,187.100
-578693.900,-1265881.180,187.100
-578693.480,-1265881.370,187.100
-578693.090,-1265881.550,187.110
-578692.720,-1265881.720,187.120
-578692.320,-1265881.900,187.120
-578691.900,-1265882.090,187.130
-578691.500,-1265882.270,187.130
-578691.130,-1265882.440,187.140
-578692.580,-1265881.380,187.120
-578692.160,-1265881.560,187.125
-578691.770,-1265881.750,187.130
-578691.380,-1265881.920,187.130
-578691.010,-1265882.090,187.140
-578697.740,-1265879.450,187.120
-578697.600,-1265879.100,187.110
-578697.220,-1265879.270,187.110
-578696.850,-1265879.440,187.110
-578696.470,-1265879.610,187.110
-578696.090,-1265879.780,187.110
-578695.700,-1265879.960,187.110
-578695.310,-1265880.140,187.110
-578694.900,-1265880.320,187.110
-578694.530,-1265880.490,187.100
-578694.150,-1265880.660,187.100
-578693.740,-1265880.850,187.100
-578693.340,-1265881.030,187.100
-578692.970,-1265881.200,187.110
-578697.930,-1265878.700,187.110
-578697.540,-1265878.870,187.110
-578697.170,-1265879.040,187.110
-578696.800,-1265879.210,187.110
-578696.440,-1265879.370,187.110
-578696.020,-1265879.560,187.110
-578695.650,-1265879.730,187.110
-578695.230,-1265879.920,187.110
-578694.870,-1265880.080,187.110
-578694.480,-1265880.260,187.100
-578694.090,-1265880.440,187.100
-578693.680,-1265880.620,187.100
-578693.310,-1265880.790,187.100
-578692.890,-1265880.980,187.110
-578692.500,-1265881.160,187.120
-578692.090,-1265881.340,187.130
-578691.720,-1265881.510,187.130
-578691.330,-1265881.690,187.130
-578690.970,-1265881.850,187.140
-578694.830,-1265879.890,187.110
-578694.420,-1265880.070,187.100
-578694.010,-1265880.260,187.100
-578693.640,-1265880.430,187.100
-578693.240,-1265880.610,187.100
-578692.830,-1265880.790,187.110
-578692.430,-1265880.980,187.120
-578692.050,-1265881.140,187.130
-578691.670,-1265881.320,187.130
-578691.300,-1265881.490,187.130
-578690.930,-1265881.660,187.140
-578697.870,-1265878.510,187.110
-578697.480,-1265878.680,187.110
-578697.130,-1265878.840,187.110
-578696.750,-1265879.010,187.110
-578696.350,-1265879.200,187.110
-578695.960,-1265879.370,187.110
-578695.570,-1265879.550,187.110
-578695.190,-1265879.720,187.110
-578695.330,-1265878.840,187.100
-578694.920,-1265879.030,187.100
-578694.520,-1265879.210,187.105
-578694.160,-1265879.370,187.110
-578693.750,-1265879.560,187.110
-578693.360,-1265879.740,187.110
-578692.940,-1265879.930,187.120
-578692.570,-1265880.090,187.120
-578692.200,-1265880.260,187.125
-578691.820,-1265880.440,187.130
-578691.450,-1265880.610,187.140
-578691.060,-1265880.780,187.140
-578690.650,-1265880.960,187.150
-578690.420,-1265881.090,187.150
-578697.770,-1265878.140,187.110
-578697.400,-1265878.310,187.110
-578697.040,-1265878.470,187.110
-578696.620,-1265878.660,187.110
-578696.260,-1265878.820,187.110
-578695.850,-1265879.010,187.110
-578695.460,-1265879.190,187.110
-578695.100,-1265879.350,187.110
-578694.690,-1265879.540,187.110
-578694.290,-1265879.720,187.105
-578693.910,-1265879.890,187.110
-578693.490,-1265880.080,187.110
-578693.090,-1265880.260,187.110
-578692.700,-1265880.440,187.120
-578692.310,-1265880.610,187.120
-578691.940,-1265880.780,187.130
-578691.580,-1265880.950,187.130
-578691.210,-1265881.110,187.140
-578690.790,-1265881.310,187.140
-578690.560,-1265881.420,187.140
-578697.640,-1265877.800,187.110
-578697.270,-1265877.960,187.110
-578696.860,-1265878.150,187.110
-578696.490,-1265878.320,187.110
-578696.100,-1265878.500,187.100
-578695.720,-1265878.670,187.100
-578697.510,-1265877.300,187.100
-578697.140,-1265877.460,187.100
-578696.740,-1265877.650,187.100
-578696.380,-1265877.810,187.100
-578695.990,-1265877.990,187.100
-578695.600,-1265878.170,187.090
-578695.180,-1265878.350,187.090
-578694.800,-1265878.520,187.090
-578694.400,-1265878.710,187.100
-578694.000,-1265878.890,187.100
-578693.610,-1265879.070,187.110
-578693.230,-1265879.240,187.110
-578692.860,-1265879.410,187.120
-578692.490,-1265879.580,187.120
-578692.120,-1265879.750,187.125
-578691.710,-1265879.930,187.130
-578691.340,-1265880.100,187.140
-578690.930,-1265880.290,187.150
-578697.600,-1265877.540,187.110
-578697.190,-1265877.730,187.110
-578696.820,-1265877.900,187.110
-578696.420,-1265878.080,187.110
-578696.040,-1265878.250,187.100
-578695.660,-1265878.420,187.100
-578695.280,-1265878.600,187.100
-578694.860,-1265878.790,187.100
-578694.480,-1265878.960,187.100
-578694.090,-1265879.140,187.110
-578693.690,-1265879.320,187.110
-578693.280,-1265879.510,187.110
-578692.900,-1265879.670,187.120
-578692.540,-1265879.840,187.120
-578692.150,-1265880.010,187.130
-578691.790,-1265880.180,187.130
-578691.380,-1265880.370,187.140
-578691.010,-1265880.530,187.150
-578690.600,-1265880.720,187.150
-578690.380,-1265880.840,187.150
-578697.700,-1265876.450,187.090
-578697.290,-1265876.630,187.090
-578696.920,-1265876.800,187.090
-578696.550,-1265876.970,187.090
-578696.140,-1265877.160,187.090
-578695.730,-1265877.340,187.090
-578695.360,-1265877.510,187.080
-578694.950,-1265877.690,187.080
-578694.540,-1265877.880,187.080
-578694.150,-1265878.060,187.080
-578693.780,-1265878.220,187.100
-578693.410,-1265878.390,187.110
-578693.040,-1265878.560,187.110
-578692.670,-1265878.730,187.120
-578692.250,-1265878.920,187.120
-578691.890,-1265879.080,187.130
-578691.490,-1265879.270,187.130
-578691.110,-1265879.430,187.140
-578690.740,-1265879.600,187.150
-578690.400,-1265879.770,187.150
-578690.090,-1265879.920,187.150
-578697.470,-1265877.060,187.100
-578697.070,-1265877.240,187.100
-578696.690,-1265877.410,187.100
-578696.320,-1265877.580,187.100
-578695.910,-1265877.760,187.090
-578695.500,-1265877.950,187.090
-578695.130,-1265878.120,187.090
-578694.720,-1265878.300,187.090
-578694.320,-1265878.490,187.090
-578693.920,-1265878.670,187.100
-578693.550,-1265878.830,187.110
-578693.180,-1265879.000,187.110
-578692.810,-1265879.170,187.120
-578692.450,-1265879.340,187.120
-578692.020,-1265879.530,187.130
-578691.660,-1265879.690,187.130
-578691.250,-1265879.880,187.140
-578690.890,-1265880.040,187.150
-578697.580,-1265876.020,187.080
-578697.190,-1265876.200,187.080
-578696.790,-1265876.380,187.080
-578696.380,-1265876.560,187.080
-578697.650,-1265876.310,187.080
-578697.270,-1265876.490,187.090
-578696.890,-1265876.660,187.090
-578696.510,-1265876.830,187.090
-578696.110,-1265877.010,187.080
-578695.730,-1265877.190,187.080
-578695.330,-1265877.370,187.080
-578694.920,-1265877.550,187.080
-578694.510,-1265877.740,187.080
-578694.140,-1265877.900,187.080
-578693.770,-1265878.080,187.090
-578693.390,-1265878.250,187.110
-578693.040,-1265878.410,187.110
-578692.630,-1265878.590,187.110
-578692.240,-1265878.770,187.120
-578691.860,-1265878.940,187.130
-578691.470,-1265879.120,187.130
-578691.110,-1265879.280,187.140
-578690.700,-1265879.470,187.150
-578690.390,-1265879.620,187.150
-578690.080,-1265879.770,187.150
-578695.100,-1265876.900,187.070
-578694.740,-1265877.070,187.070
-578694.360,-1265877.240,187.070
-578693.980,-1265877.410,187.080
-578693.630,-1265877.570,187.080
-578693.220,-1265877.760,187.100
-578692.850,-1265877.920,187.110
-578692.440,-1265878.110,187.110
-578692.070,-1265878.280,187.120
-578691.680,-1265878.450,187.130
-578691.300,-1265878.630,187.130
-578690.890,-1265878.810,187.140
-578690.510,-1265878.980,187.140
-578690.270,-1265879.110,187.150
-578696.020,-1265876.730,187.080
-578695.590,-1265876.920,187.080
-578695.210,-1265877.090,187.070
-578694.810,-1265877.280,187.070
-578694.410,-1265877.450,187.080
-578694.060,-1265877.620,187.080
-578693.680,-1265877.780,187.090
-578693.310,-1265877.960,187.100
-578692.910,-1265878.130,187.110
-578692.550,-1265878.300,187.110
-578692.130,-1265878.490,187.120
-578691.770,-1265878.650,187.130
-578691.390,-1265878.830,187.130
-578691.000,-1265879.000,187.140
-578690.600,-1265879.190,187.150
-578690.330,-1265879.320,187.150
-578697.490,-1265875.820,187.080
-578697.100,-1265876.000,187.080
-578696.690,-1265876.180,187.080
-578696.320,-1265876.350,187.070
-578695.930,-1265876.530,187.070
-578695.500,-1265876.720,187.070
-578697.200,-1265875.260,187.070
-578696.810,-1265875.440,187.070
-578696.420,-1265875.610,187.070
-578696.000,-1265875.800,187.070
-578695.620,-1265875.980,187.060
-578695.240,-1265876.150,187.060
-578694.850,-1265876.320,187.060
-578694.480,-1265876.490,187.070
-578694.120,-1265876.660,187.070
-578693.720,-1265876.840,187.080
-578693.340,-1265877.010,187.090
-578692.960,-1265877.190,187.090
-578692.580,-1265877.360,187.100
-578692.180,-1265877.540,187.110
-578691.800,-1265877.710,187.110
-578691.390,-1265877.900,187.120
-578691.030,-1265878.060,187.130
-578690.620,-1265878.250,187.130
-578690.230,-1265878.420,187.140
-578689.970,-1265878.560,187.140
-578697.300,-1265875.470,187.070
-578696.900,-1265875.650,187.070
-578696.530,-1265875.810,187.070
-578696.130,-1265875.990,187.070
-578695.720,-1265876.180,187.060
-578695.310,-1265876.360,187.060
-578694.930,-1265876.540,187.060
-578694.560,-1265876.700,187.060
-578694.200,-1265876.870,187.070
-578693.820,-1265877.040,187.080
-578693.430,-1265877.220,187.090
-578693.050,-1265877.390,187.100
-578692.650,-1265877.570,187.100
-578692.290,-1265877.740,187.110
-578691.900,-1265877.910,187.120
-578691.500,-1265878.090,187.120
-578691.100,-1265878.280,187.130
-578690.730,-1265878.440,187.140
-578690.330,-1265878.620,187.140
-578690.080,-1265878.760,187.140
-578697.380,-1265874.540,187.070
-578696.980,-1265874.720,187.070
-578696.590,-1265874.900,187.070
-578696.180,-1265875.080,187.070
-578695.810,-1265875.250,187.070
-578695.420,-1265875.430,187.070
-578695.050,-1265875.590,187.070
-578694.690,-1265875.760,187.070
-578694.280,-1265875.940,187.070
-578693.910,-1265876.110,187.070
-578693.520,-1265876.290,187.080
-578693.140,-1265876.460,187.090
-578692.780,-1265876.630,187.090
-578692.370,-1265876.810,187.100
-578691.970,-1265876.990,187.110
-578691.590,-1265877.170,187.110
-578691.190,-1265877.350,187.120
-578690.790,-1265877.530,187.120
-578697.510,-1265874.850,187.070
-578697.130,-1265875.020,187.070
-578696.730,-1265875.210,187.070
-578696.330,-1265875.390,187.070
-578695.920,-1265875.570,187.070
-578695.540,-1265875.740,187.070
-578695.180,-1265875.910,187.060
-578694.790,-1265876.080,187.060
-578694.420,-1265876.250,187.070
-578694.040,-1265876.420,187.070
-578693.660,-1265876.600,187.080
-578693.240,-1265876.780,187.090
-578692.890,-1265876.940,187.090
-578692.510,-1265877.120,187.100
-578692.100,-1265877.300,187.110
-578691.720,-1265877.480,187.110
-578691.330,-1265877.650,187.120
-578690.910,-1265877.840,187.130
-578690.540,-1265878.010,187.130
-578697.140,-1265874.010,187.080
-578696.740,-1265874.200,187.070
-578696.380,-1265874.360,187.070
-578696.000,-1265874.530,187.070
-578695.620,-1265874.700,187.080
-578695.250,-1265874.870,187.080
-578694.840,-1265875.050,187.075
-578694.470,-1265875.220,187.080
-578694.070,-1265875.400,187.080
-578693.700,-1265875.570,187.090
-578693.320,-1265875.740,187.090
-578692.930,-1265875.920,187.090
-578692.510,-1265876.110,187.095
-578697.260,-1265874.360,187.070
-578696.860,-1265874.540,187.070
-578696.470,-1265874.720,187.070
-578696.090,-1265874.890,187.070
-578695.720,-1265875.060,187.070
-578695.350,-1265875.230,187.070
-578694.970,-1265875.400,187.070
-578694.560,-1265875.580,187.070
-578694.200,-1265875.750,187.070
-578693.800,-1265875.930,187.080
-578693.420,-1265876.100,187.090
-578693.060,-1265876.270,187.090
-578692.650,-1265876.450,187.090
-578692.250,-1265876.630,187.100
-578691.870,-1265876.800,187.110
-578691.480,-1265876.980,187.110
-578691.080,-1265877.160,187.120
-578690.670,-1265877.350,187.120
-578692.160,-1265876.270,187.100
-578691.740,-1265876.460,187.110
-578691.340,-1265876.640,187.120
-578690.950,-1265876.820,187.120
-578690.580,-1265876.990,187.130
-578696.160,-1265873.790,187.080
-578695.790,-1265873.950,187.080
-578695.390,-1265874.140,187.080
-578697.050,-1265873.930,187.070
-578696.690,-1265874.090,187.070
-578696.330,-1265874.250,187.070
-578695.940,-1265874.430,187.080
-578695.560,-1265874.600,187.080
-578695.170,-1265874.780,187.080
-578694.790,-1265874.950,187.080
-578694.380,-1265875.130,187.080
-578694.030,-1265875.290,187.080
-578693.640,-1265875.470,187.090
-578693.240,-1265875.650,187.090
-578692.840,-1265875.830,187.090
-578692.470,-1265876.000,187.100
-578692.070,-1265876.180,187.100
-578691.680,-1265876.360,187.110
-578691.270,-1265876.540,187.120
-578690.900,-1265876.720,187.120
-578690.510,-1265876.890,187.130
-578691.460,-1265875.790,187.120
-578691.080,-1265875.960,187.120
-578690.720,-1265876.120,187.130
-578690.330,-1265876.300,187.130
-578690.000,-1265876.450,187.130
-578689.730,-1265876.590,187.130
-578695.020,-1265874.300,187.090
-578694.640,-1265874.480,187.090
-578694.250,-1265874.650,187.090
-578693.880,-1265874.820,187.090
-578693.480,-1265875.000,187.090
-578693.080,-1265875.190,187.090
-578692.700,-1265875.360,187.090
-578692.300,-1265875.540,187.100
-578691.890,-1265875.720,187.110
-578691.500,-1265875.900,187.120
-578691.120,-1265876.070,187.120
-578690.760,-1265876.240,187.125
-578690.380,-1265876.410,187.130
-578690.000,-1265876.580,187.130
-578689.760,-1265876.710,187.130
-578696.150,-1265873.660,187.080
-578695.720,-1265873.850,187.090
-578695.350,-1265874.020,187.085
-578694.950,-1265874.200,187.090
-578694.570,-1265874.370,187.090
-578694.210,-1265874.540,187.090
-578693.800,-1265874.720,187.090
-578693.390,-1265874.910,187.090
-578693.020,-1265875.080,187.090
-578692.630,-1265875.260,187.090
-578692.230,-1265875.440,187.100
-578691.840,-1265875.620,187.110
-578695.720,-1265873.360,187.090
-578695.350,-1265873.530,187.090
-578694.410,-1265873.940,187.100
-578694.000,-1265874.120,187.095
-578693.620,-1265874.290,187.100
-578693.240,-1265874.470,187.100
-578692.810,-1265874.660,187.100
-578692.430,-1265874.830,187.100
-578692.050,-1265875.010,187.100
-578691.680,-1265875.170,187.110
-578691.300,-1265875.340,187.120
-578690.940,-1265875.510,187.130
-578690.530,-1265875.700,187.130
-578690.150,-1265875.860,187.130
-578689.900,-1265875.990,187.130
-578689.560,-1265876.150,187.130
-578696.560,-1265873.080,187.090
-578696.170,-1265873.260,187.100
-578695.790,-1265873.440,187.100
-578694.860,-1265873.840,187.090
-578694.470,-1265874.010,187.100
-578694.070,-1265874.200,187.090
-578693.670,-1265874.380,187.100
-578693.290,-1265874.550,187.100
-578692.880,-1265874.740,187.100
-578692.490,-1265874.910,187.100
-578692.070,-1265875.100,187.110
-578691.730,-1265875.260,187.110
-578691.340,-1265875.430,187.120
-578690.980,-1265875.600,187.120
-578690.600,-1265875.770,187.130
-578690.200,-1265875.950,187.130
-578689.930,-1265876.090,187.130
-578689.590,-1265876.250,187.130
-578693.930,-1265873.440,187.100
-578693.500,-1265873.640,187.100
-578693.080,-1265873.830,187.100
-578692.680,-1265874.000,187.100
-578692.160,-1265874.230,187.110
-578691.800,-1265874.390,187.120
-578691.430,-1265874.560,187.120
-578691.030,-1265874.740,187.130
-578690.650,-1265874.910,187.130
-578690.270,-1265875.090,187.130
-578689.870,-1265875.260,187.130
-578689.660,-1265875.380,187.130
-578694.000,-1265873.580,187.100
-578692.610,-1265874.200,187.110
-578692.240,-1265874.360,187.110
-578691.880,-1265874.530,187.120
-578691.500,-1265874.700,187.120
-578691.120,-1265874.870,187.120
-578690.730,-1265875.050,187.130
-578690.350,-1265875.220,187.130
-578689.940,-1265875.400,187.135
-578689.740,-1265875.520,187.130
-578693.000,-1265873.460,187.340
-578692.600,-1265873.640,187.120
-578692.220,-1265873.810,187.130
-578691.790,-1265874.000,187.120
-578691.280,-1265874.220,187.125
-578690.900,-1265874.390,187.130
-578690.500,-1265874.570,187.130
-578690.150,-1265874.730,187.130
-578691.290,-1265873.640,187.120
-578690.060,-1265874.190,187.130
-578692.210,-1265873.660,187.210
-578691.750,-1265873.860,187.120
-578690.890,-1265874.250,187.130
-578690.440,-1265874.440,187.130
-578690.070,-1265874.610,187.130
-578696.830,-1265894.910,187.140
-578696.510,-1265895.070,187.140
-578696.210,-1265895.210,187.140
-578695.870,-1265895.370,187.130
-578695.570,-1265895.520,187.130
-578695.230,-1265895.690,187.110
-578694.620,-1265895.980,187.100
-578694.280,-1265896.140,187.090
-578693.950,-1265896.300,187.090
-578693.630,-1265896.460,187.090
-578693.300,-1265896.620,187.090
-578692.970,-1265896.780,187.090
-578696.140,-1265895.000,187.140
-578695.830,-1265895.150,187.130
-578695.490,-1265895.320,187.130
-578695.180,-1265895.470,187.115
-578694.880,-1265895.610,187.110
-578694.550,-1265895.770,187.100
-578694.200,-1265895.940,187.090
-578693.900,-1265896.090,187.090
-578693.560,-1265896.250,187.090
-578693.220,-1265896.410,187.090
-578692.880,-1265896.580,187.090
-578695.090,-1265895.070,187.125
-578694.760,-1265895.230,187.110
-578694.440,-1265895.390,187.100
-578694.120,-1265895.540,187.095
-578693.450,-1265895.860,187.090
-578693.110,-1265896.030,187.090
-578692.790,-1265896.180,187.090
-578694.030,-1265895.230,187.100
-578693.700,-1265895.390,187.090
-578693.360,-1265895.560,187.090
-578693.060,-1265895.700,187.100
-578692.730,-1265895.860,187.100
-578692.950,-1265895.310,187.100
-578692.620,-1265895.470,187.100
-578699.060,-1265894.760,187.140
-578698.720,-1265894.920,187.140
-578698.370,-1265895.090,187.130
-578698.060,-1265895.240,187.135
-578697.730,-1265895.400,187.140
-578697.390,-1265895.560,187.140
-578697.050,-1265895.730,187.130
-578696.750,-1265895.870,187.130
-578696.430,-1265896.020,187.130
-578696.110,-1265896.180,187.130
-578695.810,-1265896.320,187.120
-578695.480,-1265896.480,187.110
-578695.160,-1265896.640,187.100
-578694.840,-1265896.790,187.100
-578694.530,-1265896.940,187.090
-578694.210,-1265897.100,187.090
-578697.940,-1265894.870,187.140
-578697.610,-1265895.030,187.140
-578697.270,-1265895.190,187.140
-578696.950,-1265895.350,187.140
-578696.650,-1265895.490,187.140
-578696.330,-1265895.650,187.140
-578696.020,-1265895.790,187.130
-578695.680,-1265895.960,187.120
-578695.040,-1265896.270,187.100
-578694.740,-1265896.410,187.100
-578694.430,-1265896.560,187.090
-578693.450,-1265897.030,187.090
-578700.740,-1265894.730,187.140
-578700.450,-1265894.870,187.130
-578700.200,-1265894.980,187.130
-578699.870,-1265895.140,187.130
-578699.560,-1265895.290,187.120
-578699.220,-1265895.450,187.130
-578698.910,-1265895.600,187.130
-578698.590,-1265895.750,187.130
-578698.260,-1265895.920,187.130
-578697.920,-1265896.080,187.130
-578697.620,-1265896.220,187.125
-578697.270,-1265896.390,187.120
-578696.940,-1265896.550,187.120
-578696.610,-1265896.710,187.120
-578696.290,-1265896.870,187.110
-578700.090,-1265894.570,187.140
-578699.770,-1265894.720,187.130
-578699.440,-1265894.890,187.130
-578699.120,-1265895.040,187.130
-578698.810,-1265895.190,187.130
-578698.480,-1265895.350,187.130
-578698.130,-1265895.520,187.130
-578697.830,-1265895.660,187.130
-578697.490,-1265895.830,187.130
-578697.150,-1265895.990,187.130
-578696.810,-1265896.160,187.130
-578696.510,-1265896.300,187.120
-578696.190,-1265896.450,187.120
-578695.880,-1265896.600,187.110
-578695.580,-1265896.750,187.110
-578695.240,-1265896.910,187.100
-578694.930,-1265897.060,187.090
-578694.590,-1265897.230,187.090
-578700.670,-1265895.580,187.130
-578700.440,-1265895.670,187.130
-578700.120,-1265895.830,187.120
-578699.820,-1265895.970,187.120
-578699.480,-1265896.140,187.120
-578699.160,-1265896.290,187.120
-578698.820,-1265896.460,187.120
-578698.190,-1265896.760,187.120
-578700.520,-1265895.080,187.135
-578700.290,-1265895.170,187.130
-578699.970,-1265895.330,187.130
-578699.630,-1265895.490,187.120
-578699.320,-1265895.640,187.120
-578698.990,-1265895.800,187.130
-578698.670,-1265895.960,187.125
-578698.370,-1265896.100,187.130
-578698.030,-1265896.260,187.130
-578697.680,-1265896.430,187.120
-578697.380,-1265896.580,187.120
-578697.050,-1265896.740,187.110
-578700.700,-1265895.760,187.130
-578700.460,-1265895.860,187.120
-578700.160,-1265896.010,187.120
-578699.840,-1265896.160,187.120
-578699.530,-1265896.310,187.120
-578699.190,-1265896.470,187.120
-578698.880,-1265896.630,187.120
-578698.150,-1265896.990,187.120
-578699.770,-1265893.490,187.145
-578699.460,-1265893.640,187.140
-578699.130,-1265893.800,187.140
-578698.780,-1265893.970,187.140
-578698.470,-1265894.120,187.140
-578698.140,-1265894.280,187.140
-578697.800,-1265894.440,187.140
-578697.460,-1265894.610,187.140
-578697.140,-1265894.760,187.140
-578700.470,-1265893.650,187.140
-578699.890,-1265893.920,187.140
-578699.580,-1265894.070,187.140
-578699.270,-1265894.220,187.140
-578698.920,-1265894.390,187.140
-578698.270,-1265894.700,187.140
-578700.580,-1265894.030,187.150
-578700.320,-1265894.150,187.145
-578700.010,-1265894.290,187.140
-578699.690,-1265894.450,187.130
-578699.360,-1265894.610,187.130
-578700.650,-1265894.310,187.140
-578698.700,-1265892.260,187.130
-578698.380,-1265892.410,187.130
-578698.070,-1265892.560,187.120
-578697.770,-1265892.710,187.120
-578697.460,-1265892.850,187.120
-578697.120,-1265893.020,187.120
-578696.800,-1265893.170,187.120
-578696.460,-1265893.340,187.120
-578696.150,-1265893.490,187.120
-578695.840,-1265893.640,187.130
-578695.500,-1265893.800,187.130
-578695.170,-1265893.960,187.130
-578694.860,-1265894.110,187.120
-578694.520,-1265894.280,187.110
-578694.190,-1265894.430,187.100
-578693.840,-1265894.600,187.100
-578693.540,-1265894.750,187.100
-578693.220,-1265894.900,187.090
-578692.910,-1265895.050,187.090
-578700.020,-1265891.900,187.130
-578699.750,-1265892.020,187.130
-578699.430,-1265892.180,187.130
-578699.080,-1265892.350,187.130
-578698.760,-1265892.500,187.130
-578698.410,-1265892.670,187.130
-578698.090,-1265892.830,187.130
-578697.790,-1265892.970,187.120
-578697.480,-1265893.120,187.120
-578697.170,-1265893.270,187.120
-578696.830,-1265893.440,187.120
-578696.510,-1265893.590,187.120
-578696.170,-1265893.750,187.130
-578695.860,-1265893.910,187.130
-578695.210,-1265894.220,187.130
-578694.870,-1265894.380,187.120
-578694.560,-1265894.530,187.110
-578694.230,-1265894.690,187.100
-578693.900,-1265894.850,187.100
-578693.570,-1265895.010,187.090
-578693.260,-1265895.160,187.100
-578700.140,-1265892.300,187.130
-578699.870,-1265892.410,187.140
-578699.530,-1265892.570,187.140
-578699.220,-1265892.730,187.135
-578698.870,-1265892.890,187.140
-578698.540,-1265893.060,187.140
-578698.210,-1265893.210,187.140
-578697.890,-1265893.370,187.130
-578697.580,-1265893.520,187.130
-578697.280,-1265893.670,187.130
-578696.620,-1265893.990,187.130
-578696.320,-1265894.130,187.135
-578695.970,-1265894.300,187.130
-578695.650,-1265894.450,187.130
-578695.350,-1265894.600,187.130
-578695.000,-1265894.770,187.120
-578694.670,-1265894.930,187.110
-578694.380,-1265895.060,187.100
-578700.180,-1265892.620,187.130
-578699.950,-1265892.720,187.140
-578699.610,-1265892.890,187.140
-578699.270,-1265893.050,187.140
-578698.960,-1265893.200,187.140
-578698.620,-1265893.370,187.140
-578698.290,-1265893.520,187.140
-578697.950,-1265893.690,187.130
-578697.630,-1265893.840,187.130
-578697.330,-1265893.990,187.130
-578697.010,-1265894.150,187.130
-578696.690,-1265894.300,187.140
-578696.380,-1265894.450,187.140
-578696.050,-1265894.610,187.140
-578695.710,-1265894.770,187.130
-578695.410,-1265894.920,187.130
-578700.040,-1265893.120,187.140
-578699.730,-1265893.270,187.150
-578699.380,-1265893.440,187.140
-578699.050,-1265893.600,187.140
-578698.740,-1265893.750,187.140
-578698.390,-1265893.910,187.140
-578698.060,-1265894.070,187.140
-578697.730,-1265894.240,187.140
-578697.410,-1265894.390,187.140
-578697.100,-1265894.540,187.140
-578696.780,-1265894.690,187.140
-578696.470,-1265894.840,187.140
-578700.590,-1265892.870,187.130
-578700.260,-1265893.020,187.140
-578700.340,-1265893.230,187.145
-578700.090,-1265893.330,187.140
-578699.740,-1265890.440,187.110
-578699.410,-1265890.600,187.110
-578699.090,-1265890.750,187.115
-578698.770,-1265890.910,187.110
-578698.470,-1265891.060,187.110
-578698.150,-1265891.210,187.110
-578697.810,-1265891.370,187.100
-578697.510,-1265891.520,187.100
-578696.540,-1265891.990,187.100
-578696.210,-1265892.150,187.095
-578695.870,-1265892.310,187.100
-578695.570,-1265892.450,187.100
-578695.220,-1265892.620,187.100
-578694.880,-1265892.790,187.090
-578694.550,-1265892.950,187.100
-578694.240,-1265893.100,187.100
-578693.920,-1265893.250,187.090
-578693.610,-1265893.400,187.090
-578693.300,-1265893.550,187.090
-578692.960,-1265893.720,187.090
-578696.640,-1265892.390,187.100
-578696.330,-1265892.550,187.100
-578695.990,-1265892.710,187.110
-578695.650,-1265892.870,187.110
-578695.330,-1265893.030,187.110
-578695.000,-1265893.190,187.110
-578694.660,-1265893.350,187.105
-578694.340,-1265893.510,187.100
-578694.030,-1265893.660,187.100
-578693.710,-1265893.810,187.090
-578693.390,-1265893.960,187.090
-578693.090,-1265894.110,187.095
-578699.530,-1265891.000,187.120
-578699.190,-1265891.160,187.120
-578698.890,-1265891.310,187.120
-578698.260,-1265891.610,187.120
-578697.950,-1265891.760,187.110
-578697.600,-1265891.930,187.110
-578697.290,-1265892.080,187.100
-578696.970,-1265892.240,187.100
-578700.150,-1265891.070,187.110
-578699.570,-1265891.330,187.120
-578699.240,-1265891.490,187.120
-578698.900,-1265891.660,187.120
-578698.590,-1265891.810,187.120
-578698.270,-1265891.960,187.120
-578697.970,-1265892.110,187.110
-578697.650,-1265892.260,187.110
-578697.310,-1265892.420,187.110
-578697.010,-1265892.570,187.100
-578696.670,-1265892.730,187.110
-578696.350,-1265892.890,187.110
-578696.050,-1265893.030,187.115
-578695.700,-1265893.200,187.120
-578695.360,-1265893.370,187.120
-578695.050,-1265893.520,187.120
-578694.720,-1265893.670,187.115
-578694.370,-1265893.840,187.100
-578694.050,-1265894.000,187.100
-578693.730,-1265894.150,187.100
-578693.420,-1265894.300,187.100
-578693.120,-1265894.450,187.100
-578692.810,-1265894.600,187.090
-578692.580,-1265895.210,187.090
-578700.280,-1265891.500,187.110
-578700.010,-1265891.620,187.130
-578699.730,-1265891.760,187.130
-578699.380,-1265891.920,187.130
-578699.040,-1265892.090,187.130
-578699.300,-1265889.550,187.115
-578698.640,-1265889.870,187.110
-578698.320,-1265890.020,187.110
-578697.980,-1265890.190,187.110
-578697.680,-1265890.330,187.100
-578697.360,-1265890.490,187.100
-578697.020,-1265890.650,187.100
-578696.690,-1265890.810,187.100
-578696.370,-1265890.970,187.100
-578696.030,-1265891.130,187.100
-578695.700,-1265891.290,187.090
-578695.040,-1265891.610,187.090
-578694.750,-1265891.750,187.090
-578694.420,-1265891.910,187.090
-578694.110,-1265892.060,187.090
-578693.780,-1265892.220,187.090
-578693.120,-1265892.540,187.090
-578692.820,-1265892.680,187.090
-578692.500,-1265892.840,187.090
-578699.310,-1265889.890,187.110
-578698.990,-1265890.050,187.110
-578698.680,-1265890.200,187.110
-578698.340,-1265890.360,187.110
-578698.020,-1265890.520,187.100
-578697.690,-1265890.670,187.100
-578697.370,-1265890.830,187.100
-578697.070,-1265890.970,187.100
-578696.730,-1265891.140,187.100
-578696.390,-1265891.310,187.100
-578695.750,-1265891.620,187.090
-578695.070,-1265891.940,187.090
-578694.760,-1265892.090,187.090
-578694.450,-1265892.240,187.090
-578694.120,-1265892.400,187.090
-578693.820,-1265892.540,187.090
-578693.480,-1265892.710,187.090
-578693.170,-1265892.860,187.090
-578692.840,-1265893.020,187.090
-578692.510,-1265893.180,187.090
-578699.380,-1265890.370,187.110
-578699.070,-1265890.530,187.110
-578698.760,-1265890.670,187.110
-578698.440,-1265890.830,187.110
-578698.110,-1265890.990,187.110
-578697.790,-1265891.140,187.110
-578697.460,-1265891.300,187.100
-578697.130,-1265891.460,187.100
-578696.830,-1265891.610,187.100
-578696.490,-1265891.770,187.100
-578696.160,-1265891.930,187.100
-578695.840,-1265892.080,187.100
-578695.510,-1265892.250,187.100
-578695.170,-1265892.410,187.095
-578694.830,-1265892.570,187.090
-578694.510,-1265892.730,187.090
-578694.210,-1265892.870,187.090
-578693.890,-1265893.020,187.090
-578693.580,-1265893.180,187.090
-578693.250,-1265893.340,187.090
-578692.930,-1265893.490,187.090
-578699.050,-1265888.100,187.120
-578698.740,-1265888.250,187.120
-578698.420,-1265888.410,187.120
-578698.080,-1265888.570,187.120
-578697.740,-1265888.730,187.120
-578697.420,-1265888.890,187.120
-578697.090,-1265889.050,187.110
-578696.760,-1265889.210,187.110
-578696.420,-1265889.370,187.100
-578696.100,-1265889.520,187.100
-578695.790,-1265889.670,187.100
-578695.160,-1265889.980,187.100
-578694.830,-1265890.140,187.100
-578697.780,-1265889.090,187.110
-578697.440,-1265889.250,187.110
-578697.130,-1265889.400,187.100
-578696.800,-1265889.560,187.100
-578696.460,-1265889.720,187.100
-578696.120,-1265889.890,187.100
-578695.800,-1265890.040,187.100
-578695.490,-1265890.190,187.100
-578695.180,-1265890.340,187.100
-578694.880,-1265890.490,187.100
-578694.540,-1265890.650,187.100
-578694.220,-1265890.810,187.100
-578693.880,-1265890.970,187.110
-578693.580,-1265891.110,187.110
-578693.250,-1265891.280,187.100
-578692.920,-1265891.440,187.110
-578692.590,-1265891.590,187.110
-578699.090,-1265888.450,187.120
-578698.750,-1265888.620,187.120
-578698.440,-1265888.770,187.120
-578698.110,-1265888.930,187.110
-578699.190,-1265888.860,187.110
-578698.870,-1265889.020,187.110
-578698.530,-1265889.180,187.110
-578698.220,-1265889.330,187.110
-578697.900,-1265889.480,187.110
-578697.560,-1265889.650,187.110
-578697.230,-1265889.810,187.100
-578696.920,-1265889.950,187.100
-578696.580,-1265890.120,187.100
-578696.250,-1265890.280,187.100
-578695.910,-1265890.450,187.100
-578695.590,-1265890.600,187.100
-578695.290,-1265890.750,187.100
-578694.970,-1265890.900,187.095
-578694.650,-1265891.050,187.090
-578694.320,-1265891.210,187.090
-578694.000,-1265891.370,187.090
-578693.670,-1265891.530,187.100
-578693.040,-1265891.830,187.100
-578692.700,-1265891.990,187.090
-578692.360,-1265892.160,187.090
-578699.160,-1265889.070,187.110
-578698.830,-1265889.230,187.110
-578698.510,-1265889.390,187.110
-578698.170,-1265889.550,187.110
-578697.860,-1265889.700,187.110
-578697.550,-1265889.850,187.110
-578697.220,-1265890.010,187.100
-578696.870,-1265890.170,187.100
-578696.560,-1265890.330,187.100
-578696.230,-1265890.490,187.100
-578695.890,-1265890.650,187.100
-578695.540,-1265890.820,187.100
-578695.250,-1265890.960,187.100
-578694.920,-1265891.120,187.090
-578694.610,-1265891.270,187.090
-578694.290,-1265891.420,187.090
-578693.950,-1265891.590,187.090
-578693.650,-1265891.730,187.100
-578693.310,-1265891.900,187.100
-578693.000,-1265892.050,187.090
-578692.680,-1265892.200,187.090
-578692.360,-1265892.350,187.090
-578696.350,-1265888.220,187.120
-578695.700,-1265888.530,187.120
-578695.390,-1265888.680,187.115
-578695.070,-1265888.840,187.110
-578694.750,-1265888.990,187.110
-578694.430,-1265889.150,187.110
-578694.090,-1265889.310,187.110
-578693.430,-1265889.630,187.110
-578693.100,-1265889.790,187.110
-578692.770,-1265889.950,187.120
-578692.420,-1265890.110,187.110
-578692.110,-1265890.270,187.110
-578699.520,-1265887.030,187.130
-578699.300,-1265887.130,187.130
-578698.980,-1265887.280,187.130
-578698.630,-1265887.450,187.130
-578698.300,-1265887.610,187.130
-578697.980,-1265887.760,187.125
-578697.650,-1265887.920,187.120
-578697.310,-1265888.090,187.120
-578696.970,-1265888.250,187.120
-578696.650,-1265888.410,187.120
-578696.340,-1265888.560,187.110
-578695.720,-1265888.860,187.110
-578695.370,-1265889.020,187.110
-578695.070,-1265889.170,187.110
-578694.720,-1265889.340,187.110
-578694.420,-1265889.480,187.110
-578694.100,-1265889.640,187.110
-578693.760,-1265889.800,187.110
-578693.120,-1265890.110,187.110
-578692.780,-1265890.280,187.110
-578692.440,-1265890.440,187.110
-578692.110,-1265890.600,187.120
-578699.580,-1265887.440,187.120
-578699.030,-1265887.700,187.130
-578698.700,-1265887.860,187.120
-578698.370,-1265888.020,187.120
-578698.030,-1265888.180,187.120
-578697.370,-1265888.500,187.120
-578697.040,-1265888.660,187.120
-578696.690,-1265888.830,187.110
-578696.380,-1265888.970,187.110
-578696.070,-1265889.120,187.110
-578695.760,-1265889.270,187.110
-578694.790,-1265889.740,187.110
-578694.450,-1265889.900,187.110
-578694.150,-1265890.050,187.110
-578693.820,-1265890.210,187.110
-578693.500,-1265890.370,187.110
-578693.160,-1265890.530,187.110
-578692.840,-1265890.680,187.110
-578692.510,-1265890.840,187.110
-578692.180,-1265891.000,187.115
-578694.520,-1265890.290,187.100
-578694.180,-1265890.450,187.110
-578693.870,-1265890.600,187.110
-578693.560,-1265890.750,187.110
-578693.210,-1265890.920,187.110
-578692.870,-1265891.090,187.110
-578692.570,-1265891.230,187.110
-578699.380,-1265887.940,187.120
-578699.140,-1265885.650,187.160
-578698.800,-1265885.820,187.150
-578698.470,-1265885.980,187.140
-578698.120,-1265886.140,187.140
-578697.810,-1265886.290,187.140
-578697.510,-1265886.440,187.130
-578697.190,-1265886.600,187.130
-578696.870,-1265886.750,187.130
-578696.540,-1265886.910,187.130
-578696.220,-1265887.060,187.130
-578695.880,-1265887.220,187.130
-578695.570,-1265887.380,187.120
-578694.580,-1265887.850,187.120
-578694.270,-1265888.000,187.120
-578693.930,-1265888.170,187.120
-578693.590,-1265888.330,187.120
-578693.250,-1265888.490,187.120
-578692.620,-1265888.800,187.130
-578692.310,-1265888.950,187.130
-578699.450,-1265885.940,187.150
-578699.180,-1265886.060,187.150
-578698.870,-1265886.210,187.150
-578698.540,-1265886.370,187.140
-578698.190,-1265886.530,187.130
-578697.850,-1265886.700,187.130
-578697.550,-1265886.840,187.130
-578697.230,-1265887.000,187.130
-578696.910,-1265887.150,187.130
-578696.600,-1265887.300,187.125
-578696.270,-1265887.460,187.120
-578695.940,-1265887.620,187.120
-578695.610,-1265887.780,187.120
-578695.300,-1265887.930,187.120
-578694.980,-1265888.080,187.120
-578694.310,-1265888.400,187.120
-578694.000,-1265888.560,187.120
-578693.660,-1265888.720,187.120
-578693.320,-1265888.880,187.120
-578692.980,-1265889.050,187.120
-578692.660,-1265889.200,187.125
-578692.360,-1265889.340,187.130
-578699.510,-1265886.310,187.140
-578699.250,-1265886.430,187.140
-578698.920,-1265886.590,187.140
-578698.600,-1265886.740,187.130
-578698.250,-1265886.900,187.130
-578697.920,-1265887.070,187.130
-578697.580,-1265887.230,187.130
-578697.270,-1265887.380,187.130
-578696.960,-1265887.530,187.120
-578696.650,-1265887.680,187.120
-578696.320,-1265887.840,187.120
-578696.000,-1265887.990,187.120
-578695.670,-1265888.150,187.120
-578695.330,-1265888.310,187.120
-578695.030,-1265888.460,187.120
-578694.710,-1265888.610,187.110
-578694.370,-1265888.780,187.110
-578694.040,-1265888.940,187.120
-578693.730,-1265889.090,187.115
-578693.380,-1265889.260,187.120
-578693.050,-1265889.410,187.120
-578692.710,-1265889.580,187.120
-578692.390,-1265889.740,187.120
-578692.090,-1265889.880,187.120
-578699.530,-1265886.700,187.130
-578699.300,-1265886.800,187.140
-578698.970,-1265886.960,187.140
-578698.620,-1265887.120,187.130
-578698.310,-1265887.280,187.130
-578697.980,-1265887.440,187.130
-578697.640,-1265887.600,187.130
-578697.290,-1265887.770,187.120
-578696.990,-1265887.910,187.120
-578696.670,-1265888.070,187.120
-578694.390,-1265886.290,187.140
-578694.070,-1265886.440,187.140
-578693.750,-1265886.600,187.140
-578693.450,-1265886.740,187.150
-578693.130,-1265886.900,187.150
-578692.790,-1265887.060,187.140
-578692.480,-1265887.210,187.150
-578692.140,-1265887.370,187.145
-578699.260,-1265884.410,187.170
-578699.000,-1265884.520,187.170
-578698.670,-1265884.680,187.155
-578698.370,-1265884.830,187.150
-578698.050,-1265884.980,187.150
-578697.740,-1265885.130,187.140
-578697.400,-1265885.290,187.140
-578697.080,-1265885.450,187.140
-578696.740,-1265885.610,187.140
-578696.440,-1265885.760,187.140
-578696.110,-1265885.910,187.140
-578695.780,-1265886.070,187.140
-578695.440,-1265886.240,187.130
-578695.120,-1265886.390,187.130
-578694.780,-1265886.560,187.130
-578694.450,-1265886.720,187.140
-578694.100,-1265886.880,187.140
-578693.160,-1265887.340,187.140
-578692.850,-1265887.490,187.140
-578692.520,-1265887.650,187.140
-578692.210,-1265887.800,187.140
-578699.340,-1265884.800,187.170
-578699.070,-1265884.920,187.170
-578698.740,-1265885.080,187.160
-578698.430,-1265885.230,187.150
-578698.120,-1265885.380,187.140
-578697.800,-1265885.530,187.140
-578697.490,-1265885.680,187.140
-578697.150,-1265885.850,187.140
-578696.830,-1265886.000,187.140
-578696.490,-1265886.160,187.140
-578696.180,-1265886.310,187.135
-578695.870,-1265886.460,187.130
-578695.530,-1265886.620,187.130
-578695.190,-1265886.790,187.130
-578694.880,-1265886.940,187.130
-578694.540,-1265887.100,187.130
-578694.190,-1265887.270,187.130
-578693.870,-1265887.430,187.130
-578693.550,-1265887.580,187.130
-578693.230,-1265887.730,187.130
-578692.930,-1265887.880,187.130
-578692.610,-1265888.040,187.130
-578692.270,-1265888.200,187.130
-578699.360,-1265885.170,187.160
-578698.750,-1265885.450,187.160
-578698.410,-1265885.610,187.150
-578698.100,-1265885.760,187.140
-578697.790,-1265885.910,187.140
-578697.470,-1265886.070,187.140
-578697.160,-1265886.210,187.140
-578696.820,-1265886.380,187.140
-578696.500,-1265886.530,187.130
-578696.170,-1265886.690,187.130
-578695.540,-1265887.000,187.130
-578695.200,-1265887.160,187.130
-578694.870,-1265887.320,187.130
-578694.550,-1265887.470,187.130
-578694.210,-1265887.640,187.130
-578693.880,-1265887.800,187.130
-578693.540,-1265887.960,187.125
-578693.230,-1265888.110,187.130
-578692.920,-1265888.260,187.130
-578692.600,-1265888.420,187.130
-578692.290,-1265888.570,187.130
-578696.320,-1265884.250,187.130
-578695.960,-1265884.420,187.130
-578695.630,-1265884.580,187.130
-578695.300,-1265884.740,187.130
-578694.970,-1265884.900,187.140
-578694.660,-1265885.050,187.140
-578694.340,-1265885.200,187.140
-578694.020,-1265885.360,187.150
-578693.690,-1265885.510,187.150
-578693.390,-1265885.660,187.150
-578693.030,-1265885.840,187.150
-578692.720,-1265885.980,187.150
-578692.070,-1265886.300,187.150
-578699.170,-1265883.240,187.170
-578698.920,-1265883.350,187.170
-578698.620,-1265883.500,187.160
-578698.290,-1265883.660,187.160
-578697.970,-1265883.810,187.150
-578697.630,-1265883.970,187.150
-578697.310,-1265884.130,187.150
-578697.000,-1265884.280,187.150
-578696.660,-1265884.440,187.140
-578696.330,-1265884.600,187.140
-578696.020,-1265884.750,187.130
-578695.670,-1265884.920,187.130
-578695.330,-1265885.080,187.140
-578694.990,-1265885.240,187.140
-578694.680,-1265885.390,187.140
-578694.360,-1265885.550,187.140
-578694.050,-1265885.700,187.150
-578693.730,-1265885.850,187.150
-578693.390,-1265886.020,187.150
-578693.080,-1265886.170,187.150
-578692.750,-1265886.330,187.150
-578692.420,-1265886.490,187.150
-578692.120,-1265886.630,187.150
-578691.790,-1265886.790,187.150
-578696.060,-1265885.220,187.140
-578695.740,-1265885.380,187.140
-578695.400,-1265885.540,187.140
-578695.070,-1265885.700,187.140
-578694.730,-1265885.860,187.140
-578694.420,-1265886.010,187.140
-578694.090,-1265886.170,187.140
-578693.790,-1265886.320,187.140
-578693.470,-1265886.470,187.150
-578693.130,-1265886.640,187.150
-578692.820,-1265886.780,187.150
-578692.480,-1265886.950,187.150
-578692.170,-1265887.100,187.150
-578691.860,-1265887.250,187.150
-578699.220,-1265883.710,187.170
-578698.670,-1265883.960,187.160
-578698.360,-1265884.110,187.160
-578698.020,-1265884.280,187.150
-578697.700,-1265884.430,187.150
-578697.360,-1265884.590,187.150
-578697.050,-1265884.750,187.140
-578696.730,-1265884.900,187.140
-578696.400,-1265885.060,187.140
-578699.200,-1265883.980,187.170
-578698.640,-1265884.240,187.160
-578698.330,-1265884.390,187.150
-578698.020,-1265884.540,187.150
-578697.670,-1265884.710,187.150
-578697.360,-1265884.860,187.140
-578697.020,-1265885.020,187.140
-578696.710,-1265885.170,187.140
-578696.390,-1265885.320,187.140
-578696.040,-1265885.490,187.140
-578695.710,-1265885.650,187.140
-578695.410,-1265885.800,187.140
-578695.050,-1265885.970,187.140
-578694.720,-1265886.130,187.140
-578697.520,-1265882.550,187.140
-578697.210,-1265882.700,187.140
-578696.870,-1265882.860,187.130
-578696.530,-1265883.020,187.130
-578696.190,-1265883.190,187.130
-578695.880,-1265883.340,187.120
-578695.560,-1265883.490,187.120
-578695.250,-1265883.640,187.120
-578694.940,-1265883.790,187.120
-578694.600,-1265883.960,187.130
-578694.280,-1265884.110,187.130
-578693.940,-1265884.270,187.130
-578693.620,-1265884.430,187.140
-578692.630,-1265884.910,187.150
-578692.320,-1265885.060,187.160
-578691.970,-1265885.220,187.160
-578692.980,-1265885.070,187.160
-578692.640,-1265885.230,187.160
-578692.300,-1265885.400,187.160
-578699.080,-1265882.140,187.130
-578698.790,-1265882.280,187.140
-578698.500,-1265882.410,187.150
-578698.190,-1265882.560,187.150
-578697.880,-1265882.710,187.150
-578697.530,-1265882.880,187.140
-578697.200,-1265883.040,187.140
-578696.880,-1265883.190,187.140
-578696.540,-1265883.350,187.130
-578696.200,-1265883.520,187.130
-578695.860,-1265883.680,187.130
-578695.550,-1265883.830,187.120
-578695.230,-1265883.990,187.120
-578694.920,-1265884.140,187.130
-578694.600,-1265884.290,187.130
-578694.260,-1265884.450,187.140
-578693.940,-1265884.610,187.140
-578699.120,-1265882.460,187.145
-578698.820,-1265882.590,187.150
-578698.550,-1265882.720,187.150
-578698.210,-1265882.880,187.150
-578697.880,-1265883.040,187.150
-578697.580,-1265883.190,187.150
-578697.240,-1265883.350,187.150
-578696.890,-1265883.520,187.145
-578696.580,-1265883.670,187.130
-578696.250,-1265883.830,187.130
-578695.900,-1265884.000,187.130
-578695.570,-1265884.160,187.130
-578695.260,-1265884.310,187.130
-578694.940,-1265884.460,187.130
-578694.620,-1265884.610,187.130
-578694.310,-1265884.760,187.140
-578693.970,-1265884.930,187.140
-578693.650,-1265885.080,187.150
-578693.010,-1265885.390,187.150
-578692.350,-1265885.710,187.150
-578692.010,-1265885.880,187.150
-578699.160,-1265882.890,187.150
-578698.890,-1265883.010,187.160
-578698.580,-1265883.160,187.160
-578698.260,-1265883.310,187.155
-578697.920,-1265883.480,187.150
-578697.600,-1265883.630,187.150
-578697.290,-1265883.780,187.150
-578696.950,-1265883.940,187.150
-578696.610,-1265884.110,187.140
-578698.380,-1265880.850,187.130
-578698.070,-1265880.990,187.130
-578697.730,-1265881.160,187.130
-578697.390,-1265881.320,187.130
-578697.050,-1265881.490,187.120
-578696.730,-1265881.640,187.120
-578696.430,-1265881.790,187.120
-578696.110,-1265881.940,187.120
-578695.790,-1265882.100,187.110
-578695.450,-1265882.260,187.110
-578695.140,-1265882.400,187.110
-578694.790,-1265882.580,187.110
-578694.480,-1265882.730,187.110
-578694.160,-1265882.880,187.120
-578693.830,-1265883.030,187.120
-578693.490,-1265883.200,187.120
-578693.170,-1265883.360,187.130
-578692.830,-1265883.520,187.130
-578692.490,-1265883.690,187.140
-578692.150,-1265883.850,187.140
-578691.840,-1265884.000,187.150
-578691.520,-1265884.150,187.150
-578691.200,-1265884.310,187.160
-578690.820,-1265884.500,187.160
-578698.430,-1265881.260,187.130
-578698.090,-1265881.420,187.130
-578697.770,-1265881.580,187.130
-578697.430,-1265881.740,187.130
-578697.090,-1265881.910,187.130
-578696.750,-1265882.070,187.120
-578696.440,-1265882.220,187.120
-578696.130,-1265882.370,187.120
-578695.810,-1265882.530,187.120
-578695.500,-1265882.670,187.120
-578695.160,-1265882.840,187.120
-578694.830,-1265883.000,187.115
-578694.500,-1265883.160,187.120
-578694.190,-1265883.310,187.120
-578693.870,-1265883.460,187.120
-578692.880,-1265883.940,187.140
-578692.530,-1265884.110,187.150
-578692.210,-1265884.260,187.150
-578691.860,-1265884.430,187.150
-578691.540,-1265884.590,187.150
-578691.220,-1265884.740,187.160
-578690.850,-1265884.930,187.160
-578698.420,-1265881.500,187.130
-578698.080,-1265881.660,187.130
-578697.730,-1265881.830,187.130
-578697.420,-1265881.980,187.130
-578697.080,-1265882.140,187.130
-578696.740,-1265882.310,187.130
-578696.400,-1265882.470,187.120
-578696.090,-1265882.620,187.120
-578695.760,-1265882.780,187.120
-578695.460,-1265882.920,187.120
-578695.150,-1265883.070,187.120
-578694.800,-1265883.240,187.120
-578694.490,-1265883.390,187.120
-578694.160,-1265883.550,187.120
-578693.820,-1265883.710,187.130
-578692.830,-1265884.200,187.140
-578692.520,-1265884.340,187.150
-578692.190,-1265884.500,187.150
-578691.840,-1265884.670,187.150
-578691.500,-1265884.830,187.160
-578691.170,-1265885.000,187.160
-578698.200,-1265882.220,187.140
-578697.870,-1265882.380,187.140
-578697.960,-1265879.850,187.120
-578697.650,-1265880.000,187.120
-578697.330,-1265880.150,187.120
-578697.010,-1265880.310,187.120
-578696.700,-1265880.460,187.110
-578696.360,-1265880.620,187.110
-578696.040,-1265880.780,187.110
-578695.700,-1265880.940,187.110
-578695.380,-1265881.100,187.110
-578695.070,-1265881.240,187.110
-578694.720,-1265881.410,187.100
-578694.390,-1265881.570,187.100
-578694.080,-1265881.720,187.110
-578693.730,-1265881.890,187.110
-578693.390,-1265882.050,187.110
-578693.060,-1265882.210,187.120
-578692.740,-1265882.370,187.120
-578692.430,-1265882.520,187.130
-578692.110,-1265882.670,187.130
-578691.790,-1265882.820,187.130
-578691.460,-1265882.990,187.140
-578691.150,-1265883.130,187.140
-578690.720,-1265883.350,187.145
-578692.110,-1265883.030,187.130
-578691.790,-1265883.180,187.140
-578691.480,-1265883.330,187.140
-578691.140,-1265883.490,187.150
-578690.740,-1265883.700,187.150
-578697.990,-1265880.190,187.120
-578697.640,-1265880.360,187.120
-578697.320,-1265880.510,187.120
-578697.010,-1265880.660,187.120
-578696.690,-1265880.820,187.120
-578696.380,-1265880.960,187.110
-578696.040,-1265881.130,187.110
-578695.720,-1265881.280,187.110
-578695.380,-1265881.450,187.110
-578695.070,-1265881.600,187.110
-578694.750,-1265881.750,187.110
-578694.410,-1265881.910,187.110
-578694.080,-1265882.070,187.110
-578693.760,-1265882.230,187.110
-578693.420,-1265882.390,187.120
-578693.080,-1265882.560,187.120
-578692.730,-1265882.720,187.130
-578692.430,-1265882.870,187.130
-578698.420,-1265880.510,187.130
-578698.070,-1265880.670,187.130
-578697.740,-1265880.830,187.120
-578697.390,-1265881.000,187.120
-578697.090,-1265881.150,187.120
-578696.770,-1265881.300,187.120
-578696.450,-1265881.460,187.110
-578696.140,-1265881.600,187.110
-578695.790,-1265881.770,187.110
-578695.480,-1265881.920,187.110
-578695.140,-1265882.090,187.110
-578694.830,-1265882.230,187.110
-578694.500,-1265882.390,187.110
-578694.170,-1265882.550,187.110
-578693.840,-1265882.710,187.120
-578693.520,-1265882.860,187.120
-578693.170,-1265883.030,187.125
-578692.840,-1265883.190,187.130
-578692.500,-1265883.360,187.140
-578692.180,-1265883.520,187.140
-578691.860,-1265883.670,187.140
-578691.560,-1265883.810,187.150
-578691.240,-1265883.970,187.150
-578690.820,-1265884.180,187.160
-578697.980,-1265878.650,187.110
-578697.660,-1265878.800,187.110
-578697.310,-1265878.970,187.110
-578696.990,-1265879.130,187.110
-578696.660,-1265879.290,187.110
-578696.350,-1265879.440,187.110
-578696.030,-1265879.590,187.110
-578695.690,-1265879.760,187.110
-578695.350,-1265879.920,187.110
-578695.030,-1265880.080,187.110
-578694.690,-1265880.240,187.100
-578694.350,-1265880.400,187.100
-578694.020,-1265880.560,187.100
-578693.700,-1265880.720,187.100
-578693.390,-1265880.860,187.100
-578693.060,-1265881.020,187.110
-578692.760,-1265881.170,187.110
-578692.410,-1265881.340,187.120
-578692.100,-1265881.490,187.130
-578691.760,-1265881.650,187.130
-578691.440,-1265881.800,187.130
-578691.120,-1265881.960,187.140
-578691.420,-1265882.190,187.130
-578691.110,-1265882.340,187.135
-578697.960,-1265879.040,187.120
-578697.640,-1265879.200,187.110
-578697.330,-1265879.350,187.110
-578696.990,-1265879.510,187.110
-578696.670,-1265879.660,187.110
-578696.330,-1265879.820,187.110
-578696.020,-1265879.970,187.110
-578695.700,-1265880.130,187.110
-578695.360,-1265880.290,187.110
-578695.030,-1265880.450,187.110
-578694.710,-1265880.610,187.100
-578694.360,-1265880.770,187.100
-578694.030,-1265880.930,187.100
-578693.690,-1265881.100,187.100
-578693.370,-1265881.250,187.100
-578693.060,-1265881.400,187.110
-578692.740,-1265881.560,187.120
-578692.420,-1265881.710,187.120
-578692.090,-1265881.870,187.130
-578691.780,-1265882.020,187.130
-578697.960,-1265879.430,187.120
-578697.640,-1265879.580,187.120
-578697.320,-1265879.740,187.120
-578697.020,-1265879.880,187.115
-578696.660,-1265880.060,187.110
-578696.350,-1265880.210,187.110
-578696.020,-1265880.370,187.110
-578695.700,-1265880.520,187.110
-578695.380,-1265880.670,187.110
-578695.050,-1265880.830,187.100
-578694.710,-1265881.000,187.100
-578694.380,-1265881.150,187.100
-578694.060,-1265881.310,187.100
-578693.710,-1265881.480,187.100
-578693.370,-1265881.640,187.110
-578693.050,-1265881.800,187.110
-578692.730,-1265881.950,187.120
-578692.420,-1265882.100,187.120
-578692.120,-1265882.240,187.130
-578691.770,-1265882.410,187.130
-578691.450,-1265882.570,187.130
-578691.120,-1265882.730,187.140
-578690.720,-1265882.930,187.140
-578691.340,-1265880.230,187.140
-578691.000,-1265880.390,187.150
-578690.640,-1265880.570,187.150
-578690.280,-1265880.740,187.160
-578697.580,-1265877.570,187.110
-578697.270,-1265877.720,187.110
-578696.950,-1265877.880,187.110
-578696.610,-1265878.040,187.110
-578696.280,-1265878.200,187.110
-578695.960,-1265878.360,187.100
-578695.620,-1265878.520,187.100
-578695.270,-1265878.690,187.100
-578694.940,-1265878.850,187.100
-578694.620,-1265879.000,187.100
-578694.310,-1265879.150,187.100
-578693.990,-1265879.310,187.110
-578693.670,-1265879.460,187.110
-578693.330,-1265879.620,187.110
-578693.020,-1265879.770,187.110
-578692.670,-1265879.940,187.120
-578692.360,-1265880.090,187.120
-578692.050,-1265880.240,187.130
-578691.710,-1265880.400,187.130
-578691.350,-1265880.580,187.140
-578691.040,-1265880.730,187.145
-578690.690,-1265880.900,187.150
-578690.320,-1265881.080,187.150
-578696.950,-1265878.350,187.110
-578696.640,-1265878.500,187.110
-578696.300,-1265878.670,187.110
-578695.950,-1265878.830,187.110
-578695.640,-1265878.980,187.110
-578695.300,-1265879.150,187.100
-578694.960,-1265879.310,187.110
-578694.620,-1265879.470,187.110
-578694.290,-1265879.630,187.110
-578694.000,-1265879.770,187.110
-578693.670,-1265879.930,187.110
-578693.360,-1265880.080,187.110
-578693.020,-1265880.240,187.110
-578692.700,-1265880.400,187.120
-578692.360,-1265880.560,187.120
-578692.050,-1265880.710,187.130
-578691.730,-1265880.870,187.130
-578691.380,-1265881.040,187.140
-578691.050,-1265881.200,187.140
-578690.690,-1265881.370,187.140
-578697.930,-1265877.880,187.110
-578697.610,-1265878.030,187.110
-578697.260,-1265878.200,187.110
-578697.990,-1265878.260,187.110
-578697.640,-1265878.430,187.110
-578697.330,-1265878.580,187.110
-578696.980,-1265878.750,187.110
-578696.670,-1265878.900,187.110
-578696.350,-1265879.050,187.110
-578696.000,-1265879.220,187.110
-578695.670,-1265879.380,187.110
-578695.350,-1265879.540,187.110
-578695.010,-1265879.700,187.110
-578694.670,-1265879.860,187.110
-578694.330,-1265880.030,187.100
-578694.010,-1265880.180,187.100
-578693.700,-1265880.330,187.100
-578693.380,-1265880.480,187.100
-578693.070,-1265880.630,187.110
-578692.730,-1265880.800,187.110
-578692.410,-1265880.950,187.120
-578692.070,-1265881.110,187.130
-578691.760,-1265881.270,187.130
-578691.440,-1265881.420,187.130
-578691.090,-1265881.590,187.140
-578692.890,-1265878.260,187.110
-578692.550,-1265878.430,187.110
-578692.250,-1265878.570,187.120
-578691.890,-1265878.750,187.120
-578691.550,-1265878.910,187.130
-578691.210,-1265879.070,187.130
-578690.890,-1265879.230,187.140
-578690.580,-1265879.380,187.150
-578690.190,-1265879.580,187.150
-578697.510,-1265876.470,187.090
-578697.160,-1265876.640,187.090
-578696.840,-1265876.790,187.090
-578696.510,-1265876.960,187.090
-578696.160,-1265877.120,187.090
-578695.830,-1265877.280,187.090
-578695.510,-1265877.430,187.080
-578695.190,-1265877.590,187.080
-578694.880,-1265877.730,187.080
-578694.570,-1265877.880,187.080
-578694.230,-1265878.050,187.080
-578693.900,-1265878.210,187.090
-578693.560,-1265878.370,187.100
-578693.240,-1265878.530,187.110
-578692.920,-1265878.680,187.110
-578692.580,-1265878.840,187.120
-578692.250,-1265879.010,187.120
-578691.930,-1265879.160,187.130
-578691.590,-1265879.330,187.130
-578691.250,-1265879.490,187.140
-578690.910,-1265879.650,187.150
-578690.580,-1265879.810,187.150
-578690.190,-1265880.010,187.150
-578697.570,-1265876.850,187.100
-578696.880,-1265877.180,187.100
-578696.580,-1265877.330,187.100
-578696.220,-1265877.500,187.100
-578695.890,-1265877.660,187.090
-578695.550,-1265877.830,187.090
-578695.230,-1265877.980,187.090
-578694.920,-1265878.130,187.090
-578694.610,-1265878.280,187.090
-578694.290,-1265878.430,187.090
-578693.940,-1265878.600,187.100
-578693.630,-1265878.750,187.110
-578693.290,-1265878.920,187.110
-578692.970,-1265879.070,187.120
-578692.660,-1265879.220,187.120
-578692.310,-1265879.390,187.120
-578691.970,-1265879.550,187.130
-578691.660,-1265879.700,187.130
-578691.310,-1265879.870,187.140
-578690.970,-1265880.030,187.150
-578697.580,-1265877.220,187.100
-578697.260,-1265877.380,187.100
-578696.920,-1265877.540,187.100
-578696.580,-1265877.710,187.100
-578696.260,-1265877.860,187.100
-578695.910,-1265878.020,187.100
-578695.580,-1265878.180,187.090
-578695.240,-1265878.350,187.090
-578694.930,-1265878.500,187.090
-578694.610,-1265878.650,187.090
-578694.290,-1265878.800,187.100
-578693.970,-1265878.960,187.100
-578693.630,-1265879.120,187.110
-578693.310,-1265879.280,187.110
-578692.970,-1265879.440,187.120
-578692.660,-1265879.590,187.120
-578692.340,-1265879.750,187.120
-578692.000,-1265879.910,187.130
-578691.670,-1265880.070,187.130
-578697.040,-1265875.050,187.070
-578696.730,-1265875.200,187.070
-578696.420,-1265875.340,187.070
-578696.100,-1265875.500,187.070
-578695.780,-1265875.650,187.070
-578695.450,-1265875.810,187.060
-578695.120,-1265875.970,187.060
-578694.790,-1265876.130,187.060
-578694.470,-1265876.280,187.070
-578694.150,-1265876.440,187.070
-578693.800,-1265876.610,187.080
-578693.470,-1265876.760,187.090
-578693.140,-1265876.920,187.090
-578692.800,-1265877.090,187.100
-578692.470,-1265877.250,187.100
-578692.120,-1265877.420,187.110
-578691.790,-1265877.570,187.110
-578691.490,-1265877.720,187.120
-578691.170,-1265877.870,187.120
-578690.850,-1265878.030,187.130
-578690.520,-1265878.190,187.130
-578690.120,-1265878.390,187.140
-578694.160,-1265876.880,187.070
-578693.840,-1265877.030,187.080
-578693.500,-1265877.200,187.090
-578693.150,-1265877.360,187.090
-578692.850,-1265877.510,187.100
-578692.500,-1265877.680,187.110
-578692.160,-1265877.840,187.110
-578691.820,-1265878.010,187.120
-578691.500,-1265878.160,187.120
-578691.180,-1265878.320,187.130
-578690.860,-1265878.470,187.130
-578690.550,-1265878.620,187.140
-578690.130,-1265878.840,187.140
-578697.430,-1265875.310,187.070
-578697.090,-1265875.470,187.070
-578696.740,-1265875.640,187.070
-578696.420,-1265875.790,187.070
-578696.110,-1265875.940,187.070
-578695.790,-1265876.090,187.070
-578695.480,-1265876.240,187.060
-578695.140,-1265876.410,187.060
-578694.820,-1265876.560,187.060
-578694.480,-1265876.730,187.070
-578695.160,-1265876.730,187.070
-578694.800,-1265876.900,187.070
-578694.490,-1265877.050,187.070
-578694.150,-1265877.220,187.080
-578693.830,-1265877.370,187.080
-578693.510,-1265877.530,187.090
-578693.170,-1265877.690,187.100
-578692.830,-1265877.850,187.105
-578692.510,-1265878.010,187.110
-578692.180,-1265878.170,187.120
-578691.830,-1265878.340,187.120
-578691.490,-1265878.500,187.125
-578691.170,-1265878.650,187.130
-578690.850,-1265878.810,187.140
-578690.540,-1265878.960,187.140
-578690.140,-1265879.160,187.150
-578697.440,-1265875.630,187.080
-578697.100,-1265875.800,187.080
-578696.760,-1265875.960,187.070
-578696.410,-1265876.130,187.070
-578696.100,-1265876.280,187.070
-578695.780,-1265876.430,187.070
-578695.470,-1265876.580,187.070
-578697.480,-1265876.050,187.080
-578697.170,-1265876.200,187.080
-578696.820,-1265876.370,187.080
-578696.480,-1265876.530,187.080
-578696.140,-1265876.700,187.080
-578695.820,-1265876.850,187.080
-578695.510,-1265877.000,187.070
-578695.200,-1265877.150,187.070
-578694.870,-1265877.310,187.070
-578694.540,-1265877.470,187.070
-578694.220,-1265877.620,187.080
-578693.870,-1265877.790,187.080
-578693.550,-1265877.950,187.090
-578693.240,-1265878.100,187.110
-578696.410,-1265874.190,187.070
-578696.090,-1265874.340,187.070
-578695.750,-1265874.500,187.080
-578695.430,-1265874.660,187.080
-578695.120,-1265874.800,187.080
-578694.770,-1265874.970,187.080
-578694.430,-1265875.130,187.080
-578694.120,-1265875.290,187.080
-578693.780,-1265875.450,187.080
-578693.430,-1265875.620,187.090
-578693.100,-1265875.780,187.090
-578692.770,-1265875.930,187.090
-578692.460,-1265876.090,187.100
-578692.150,-1265876.240,187.100
-578691.820,-1265876.390,187.110
-578691.480,-1265876.560,187.110
-578691.180,-1265876.700,187.120
-578690.830,-1265876.870,187.120
-578690.510,-1265877.030,187.130
-578697.080,-1265873.860,187.075
-578696.740,-1265874.020,187.080
-578692.410,-1265876.420,187.100
-578692.090,-1265876.580,187.100
-578691.780,-1265876.730,187.110
-578691.460,-1265876.880,187.115
-578691.120,-1265877.050,187.120
-578690.800,-1265877.200,187.120
-578690.460,-1265877.360,187.120
-578697.340,-1265874.050,187.070
-578697.030,-1265874.200,187.070
-578696.700,-1265874.360,187.070
-578696.390,-1265874.510,187.070
-578695.730,-1265874.830,187.070
-578695.390,-1265874.990,187.070
-578695.080,-1265875.140,187.070
-578694.760,-1265875.290,187.070
-578694.420,-1265875.460,187.070
-578694.080,-1265875.620,187.080
-578693.750,-1265875.780,187.080
-578693.410,-1265875.940,187.090
-578693.080,-1265876.100,187.090
-578692.730,-1265876.270,187.090
-578692.130,-1265877.050,187.110
-578691.810,-1265877.200,187.110
-578691.500,-1265877.350,187.110
-578691.180,-1265877.500,187.120
-578690.840,-1265877.670,187.130
-578690.520,-1265877.820,187.130
-578697.380,-1265874.520,187.070
-578697.060,-1265874.670,187.070
-578696.750,-1265874.820,187.070
-578696.430,-1265874.980,187.070
-578696.110,-1265875.130,187.070
-578695.760,-1265875.300,187.070
-578695.460,-1265875.440,187.070
-578695.110,-1265875.610,187.065
-578694.790,-1265875.770,187.070
-578694.490,-1265875.910,187.070
-578694.130,-1265876.080,187.070
-578693.780,-1265876.250,187.080
-578693.470,-1265876.400,187.080
-578693.130,-1265876.560,187.090
-578692.790,-1265876.730,187.090
-578692.440,-1265876.900,187.100
-578697.390,-1265874.880,187.070
-578690.460,-1265875.330,187.130
-578690.110,-1265875.490,187.140
-578689.680,-1265875.720,187.130
-578696.280,-1265873.010,187.080
-578695.960,-1265873.160,187.100
-578695.630,-1265873.320,187.095
-578695.280,-1265873.490,187.090
-578695.020,-1265873.610,187.090
-578694.730,-1265873.740,187.090
-578694.380,-1265873.910,187.100
-578694.040,-1265874.070,187.100
-578693.720,-1265874.220,187.090
-578693.410,-1265874.380,187.100
-578693.090,-1265874.530,187.100
-578692.770,-1265874.680,187.100
-578692.440,-1265874.840,187.100
-578692.120,-1265874.990,187.100
-578691.770,-1265875.160,187.110
-578691.450,-1265875.320,187.120
-578691.130,-1265875.470,187.120
-578690.800,-1265875.630,187.130
-578690.460,-1265875.790,187.130
-578690.140,-1265875.950,187.130
-578689.710,-1265876.170,187.130
-578696.630,-1265873.200,187.080
-578696.290,-1265873.360,187.090
-578696.070,-1265873.450,187.090
-578695.750,-1265873.600,187.100
-578695.410,-1265873.770,187.090
-578695.070,-1265873.930,187.090
-578694.750,-1265874.080,187.090
-578694.410,-1265874.250,187.090
-578694.070,-1265874.410,187.090
-578693.720,-1265874.580,187.090
-578693.400,-1265874.730,187.090
-578693.100,-1265874.880,187.090
-578692.770,-1265875.040,187.090
-578692.460,-1265875.190,187.100
-578692.120,-1265875.350,187.100
-578691.800,-1265875.510,187.110
-578691.460,-1265875.670,187.120
-578691.140,-1265875.820,187.120
-578690.830,-1265875.980,187.120
-578690.480,-1265876.140,187.130
-578690.140,-1265876.310,187.130
-578689.750,-1265876.510,187.130
-578696.380,-1265873.690,187.080
-578696.040,-1265873.850,187.080
-578695.720,-1265874.010,187.090
-578695.400,-1265874.160,187.080
-578695.060,-1265874.330,187.080
-578694.710,-1265874.490,187.090
-578694.400,-1265874.640,187.090
-578694.070,-1265874.800,187.090
-578693.710,-1265874.970,187.090
-578693.370,-1265875.140,187.090
-578693.050,-1265875.290,187.090
-578692.740,-1265875.440,187.090
-578692.430,-1265875.590,187.095
-578692.110,-1265875.740,187.100
-578691.760,-1265875.910,187.110
-578691.450,-1265876.060,187.120
-578691.100,-1265876.230,187.120
-578690.790,-1265876.380,187.120
-578690.480,-1265876.530,187.130
-578690.090,-1265876.720,187.130
-578690.040,-1265873.870,187.130
-578691.350,-1265873.690,187.130
-578690.100,-1265874.280,187.130
-578692.650,-1265873.440,187.110
-578692.330,-1265873.600,187.120
-578692.010,-1265873.750,187.120
-578691.670,-1265873.910,187.120
-578691.110,-1265874.170,187.130
-578690.770,-1265874.330,187.130
-578690.420,-1265874.500,187.130
-578690.090,-1265874.660,187.130
-578693.940,-1265873.290,187.100
-578693.640,-1265873.430,187.100
-578693.320,-1265873.580,187.100
-578692.980,-1265873.750,187.100
-578692.700,-1265873.880,187.105
-578692.410,-1265874.010,187.110
-578692.100,-1265874.150,187.120
-578691.780,-1265874.310,187.120
-578691.440,-1265874.470,187.120
-578691.100,-1265874.640,187.130
-578690.790,-1265874.790,187.130
-578690.430,-1265874.960,187.130
-578690.100,-1265875.120,187.130
-578689.670,-1265875.340,187.130
-578693.960,-1265873.650,187.100
-578692.760,-1265874.220,187.100
-578692.430,-1265874.380,187.110
-578692.090,-1265874.540,187.110
-578691.780,-1265874.700,187.110
-578691.460,-1265874.850,187.120
-578691.110,-1265875.020,187.120
-578690.770,-1265875.180,187.130
