-578580.500,-1265810.170,180.320
-578579.640,-1265810.720,180.340
-578579.830,-1265810.440,180.340
-578580.020,-1265810.150,180.340
-578580.390,-1265809.590,180.330
-578579.170,-1265810.700,180.360
-578579.530,-1265810.160,180.350
-578579.710,-1265809.890,180.350
-578579.890,-1265809.620,180.345
-578580.080,-1265809.330,180.340
-578578.260,-1265811.280,180.380
-578578.460,-1265810.980,180.380
-578578.640,-1265810.710,180.380
-578578.830,-1265810.430,180.380
-578579.030,-1265810.130,180.370
-578579.220,-1265809.840,180.360
-578579.770,-1265809.030,180.340
-578579.940,-1265808.770,180.340
-578580.140,-1265808.470,180.330
-578577.620,-1265811.610,180.370
-578577.820,-1265811.320,180.380
-578578.180,-1265810.780,180.390
-578578.380,-1265810.480,180.390
-578578.570,-1265810.200,180.390
-578579.520,-1265808.770,180.350
-578579.700,-1265808.510,180.340
-578579.880,-1265808.240,180.340
-578580.060,-1265807.970,180.330
-578580.250,-1265807.690,180.315
-578577.080,-1265811.520,180.380
-578577.460,-1265810.960,180.390
-578577.640,-1265810.690,180.400
-578577.830,-1265810.400,180.400
-578578.200,-1265809.850,180.400
-578578.390,-1265809.560,180.395
-578578.590,-1265809.270,180.390
-578578.770,-1265808.990,180.380
-578578.960,-1265808.710,180.370
-578579.160,-1265808.420,180.355
-578579.350,-1265808.130,180.350
-578579.900,-1265807.320,180.320
-578580.080,-1265807.060,180.310
-578577.000,-1265810.980,180.400
-578577.180,-1265810.710,180.400
-578577.560,-1265810.140,180.410
-578577.740,-1265809.870,180.410
-578577.940,-1265809.570,180.410
-578578.120,-1265809.300,180.410
-578578.300,-1265809.040,180.400
-578578.500,-1265808.740,180.390
-578578.700,-1265808.450,180.380
-578579.270,-1265807.600,180.340
-578579.460,-1265807.320,180.330
-578579.640,-1265807.040,180.320
-578579.820,-1265806.770,180.320
-578580.000,-1265806.510,180.320
-578577.110,-1265810.140,180.420
-578577.470,-1265809.590,180.420
-578577.660,-1265809.310,180.410
-578577.850,-1265809.030,180.410
-578578.050,-1265808.740,180.400
-578578.600,-1265807.910,180.370
-578578.800,-1265807.620,180.355
-578578.980,-1265807.350,180.350
-578579.180,-1265807.060,180.330
-578579.370,-1265806.770,180.330
-578579.560,-1265806.480,180.320
-578579.750,-1265806.210,180.320
-578576.990,-1265809.590,180.420
-578577.170,-1265809.310,180.420
-578577.350,-1265809.050,180.420
-578577.910,-1265808.220,180.400
-578578.110,-1265807.930,180.390
-578578.290,-1265807.650,180.370
-578578.470,-1265807.390,180.370
-578578.660,-1265807.100,180.360
-578578.860,-1265806.810,180.350
-578579.430,-1265805.950,180.320
-578579.630,-1265805.670,180.320
-578579.810,-1265805.400,180.310
-578577.230,-1265808.470,180.420
-578577.420,-1265808.200,180.420
-578577.790,-1265807.640,180.400
-578577.970,-1265807.370,180.390
-578578.170,-1265807.080,180.380
-578578.730,-1265806.250,180.350
-578578.920,-1265805.960,180.335
-578579.100,-1265805.690,180.330
-578579.300,-1265805.410,180.330
-578579.490,-1265805.110,180.325
-578579.690,-1265804.820,180.310
-578577.100,-1265807.900,180.420
-578577.470,-1265807.350,180.400
-578577.840,-1265806.790,180.385
-578578.020,-1265806.520,180.380
-578578.220,-1265806.240,180.370
-578578.400,-1265805.960,180.350
-578578.580,-1265805.690,180.350
-578578.770,-1265805.410,180.340
-578578.970,-1265805.110,180.330
-578577.420,-1265806.850,180.400
-578577.600,-1265806.580,180.390
-578577.780,-1265806.320,180.380
-578577.980,-1265806.020,180.380
-578578.160,-1265805.750,180.360
-578578.350,-1265805.470,180.350
-578578.530,-1265805.200,180.350
-578579.100,-1265804.350,180.330
-578579.480,-1265803.790,180.330
-578579.670,-1265803.510,180.320
-578577.100,-1265806.560,180.400
-578577.280,-1265806.290,180.395
-578577.460,-1265806.020,180.380
-578577.650,-1265805.740,180.380
-578578.580,-1265804.360,180.340
-578578.760,-1265804.090,180.340
-578578.950,-1265803.800,180.340
-578579.150,-1265803.510,180.340
-578576.980,-1265806.000,180.410
-578577.360,-1265805.430,180.380
-578577.540,-1265805.170,180.380
-578577.910,-1265804.620,180.370
-578578.100,-1265804.340,180.360
-578578.280,-1265804.070,180.350
-578578.480,-1265803.770,180.340
-578578.660,-1265803.510,180.340
-578578.840,-1265803.240,180.340
-578577.060,-1265805.160,180.400
-578577.250,-1265804.870,180.390
-578577.430,-1265804.600,180.380
-578577.610,-1265804.330,180.380
-578577.790,-1265804.070,180.370
-578577.980,-1265803.790,180.360
-578578.170,-1265803.510,180.360
-578578.350,-1265803.230,180.350
-578578.730,-1265802.680,180.340
-578578.910,-1265802.400,180.330
-578579.110,-1265802.110,180.320
-578579.480,-1265801.580,180.310
-578577.030,-1265804.670,180.400
-578577.420,-1265804.090,180.380
-578577.610,-1265803.810,180.370
-578577.790,-1265803.550,180.370
-578578.150,-1265803.000,180.360
-578578.350,-1265802.720,180.350
-578578.530,-1265802.450,180.340
-578578.720,-1265802.160,180.330
-578578.900,-1265801.890,180.325
-578579.080,-1265801.630,180.320
-578579.280,-1265801.330,180.310
-578578.790,-1265801.340,180.320
-578579.160,-1265800.810,180.310
-578577.500,-1265803.260,180.380
-578577.680,-1265802.990,180.370
-578577.860,-1265802.720,180.360
-578578.040,-1265802.460,180.350
-578578.420,-1265801.900,180.330
-578578.600,-1265801.630,180.320
-578577.020,-1265803.290,180.400
-578577.210,-1265803.000,180.390
-578577.410,-1265802.710,180.380
-578577.970,-1265801.890,180.340
-578578.140,-1265801.620,180.330
-578578.330,-1265801.350,180.330
-578578.520,-1265801.060,180.320
-578578.700,-1265800.790,180.310
-578578.900,-1265800.500,180.310
-578579.080,-1265800.230,180.310
-578577.050,-1265802.450,180.390
-578577.450,-1265801.870,180.365
-578577.640,-1265801.580,180.350
-578577.820,-1265801.310,180.340
-578578.000,-1265801.040,180.330
-578578.190,-1265800.770,180.320
-578578.370,-1265800.510,180.320
-578578.560,-1265800.220,180.310
-578578.750,-1265799.940,180.310
-578578.940,-1265799.660,180.305
-578579.120,-1265799.400,180.300
-578577.030,-1265801.950,180.380
-578577.210,-1265801.690,180.370
-578577.410,-1265801.400,180.350
-578577.610,-1265801.110,180.340
-578577.800,-1265800.820,180.340
-578577.980,-1265800.560,180.330
-578578.170,-1265800.280,180.320
-578578.350,-1265800.010,180.320
-578578.520,-1265799.750,180.310
-578578.720,-1265799.450,180.310
-578578.900,-1265799.190,180.310
-578577.090,-1265801.150,180.370
-578577.460,-1265800.590,180.340
-578577.660,-1265800.300,180.340
-578577.850,-1265800.010,180.330
-578578.030,-1265799.740,180.330
-578578.220,-1265799.470,180.315
-578578.400,-1265799.200,180.310
-578578.580,-1265798.940,180.310
-578578.950,-1265798.380,180.310
-578576.990,-1265800.610,180.370
-578577.180,-1265800.330,180.350
-578577.360,-1265800.060,180.340
-578577.750,-1265799.480,180.340
-578578.130,-1265798.920,180.320
-578578.310,-1265798.650,180.320
-578578.490,-1265798.390,180.310
-578578.680,-1265798.120,180.310
-578578.870,-1265797.830,180.300
-578577.620,-1265798.950,180.340
-578577.820,-1265798.660,180.330
-578578.020,-1265798.360,180.320
-578578.190,-1265798.100,180.320
-578578.380,-1265797.830,180.320
-578578.560,-1265797.560,180.310
-578578.740,-1265797.300,180.300
-578578.930,-1265797.020,180.290
-578577.040,-1265799.800,180.360
-578577.430,-1265799.230,180.350
-578577.000,-1265799.300,180.360
-578577.200,-1265799.000,180.350
-578577.400,-1265798.710,180.350
-578577.580,-1265798.450,180.340
-578577.770,-1265798.160,180.330
-578577.970,-1265797.860,180.320
-578578.170,-1265797.580,180.320
-578578.350,-1265797.310,180.315
-578578.530,-1265797.040,180.310
-578578.710,-1265796.780,180.300
-578576.980,-1265798.820,180.360
-578577.170,-1265798.550,180.360
-578577.360,-1265798.270,180.350
-578577.740,-1265797.700,180.330
-578577.930,-1265797.420,180.330
-578578.130,-1265797.120,180.320
-578578.330,-1265796.830,180.320
-578578.500,-1265796.580,180.320
-578578.690,-1265796.310,180.310
-578576.980,-1265797.920,180.360
-578577.160,-1265797.660,180.350
-578577.360,-1265797.370,180.350
-578577.730,-1265796.810,180.340
-578577.930,-1265796.520,180.330
-578578.130,-1265796.230,180.320
-578578.500,-1265795.680,180.310
-578577.130,-1265797.180,180.350
-578577.500,-1265796.620,180.340
-578577.700,-1265796.330,180.340
-578577.880,-1265796.060,180.330
-578578.080,-1265795.770,180.325
-578578.270,-1265795.500,180.320
-578578.470,-1265795.200,180.310
-578577.040,-1265796.640,180.350
-578577.230,-1265796.360,180.350
-578577.410,-1265796.100,180.340
-578577.600,-1265795.810,180.340
-578577.800,-1265795.510,180.330
-578577.980,-1265795.250,180.320
-578578.170,-1265794.970,180.310
-578578.370,-1265794.670,180.290
-578578.570,-1265794.400,180.280
-578576.990,-1265796.190,180.350
-578577.190,-1265795.900,180.340
-578577.370,-1265795.630,180.340
-578577.550,-1265795.360,180.330
-578577.750,-1265795.080,180.330
-578577.940,-1265794.790,180.310
-578578.120,-1265794.520,180.310
-578578.320,-1265794.240,180.290
-578577.050,-1265795.310,180.350
-578577.240,-1265795.030,180.340
-578577.420,-1265794.760,180.340
-578577.610,-1265794.490,180.320
-578577.800,-1265794.210,180.320
-578578.000,-1265793.920,180.310
-578578.180,-1265793.650,180.290
-578578.370,-1265793.380,180.290
-578577.010,-1265794.850,180.345
-578577.200,-1265794.580,180.340
-578577.390,-1265794.300,180.330
-578577.570,-1265794.030,180.320
-578577.750,-1265793.760,180.320
-578577.950,-1265793.480,180.310
-578578.150,-1265793.190,180.300
-578578.320,-1265792.930,180.290
-578577.130,-1265794.030,180.340
-578577.310,-1265793.770,180.330
-578577.510,-1265793.480,180.320
-578577.690,-1265793.210,180.320
-578577.870,-1265792.950,180.310
-578578.070,-1265792.650,180.300
-578576.980,-1265793.510,180.340
-578577.170,-1265793.220,180.340
-578577.360,-1265792.950,180.320
-578577.550,-1265792.660,180.320
-578577.730,-1265792.400,180.310
-578577.920,-1265792.130,180.300
-578578.110,-1265791.850,180.295
-578578.300,-1265791.570,180.280
-578577.110,-1265792.720,180.340
-578577.490,-1265792.170,180.320
-578577.690,-1265791.880,180.310
-578577.870,-1265791.610,180.300
-578578.050,-1265791.350,180.280
-578578.240,-1265791.070,180.275
-578576.990,-1265792.190,180.340
-578577.170,-1265791.930,180.330
-578577.370,-1265791.640,180.320
-578577.750,-1265791.080,180.300
-578577.920,-1265790.830,180.280
-578578.110,-1265790.580,180.275
-578577.010,-1265791.750,180.335
-578577.190,-1265791.490,180.320
-578577.370,-1265791.230,180.320
-578577.570,-1265790.930,180.300
-578577.750,-1265790.670,180.290
-578577.940,-1265790.390,180.280
-578577.020,-1265790.940,180.330
-578577.210,-1265790.670,180.320
-578577.390,-1265790.400,180.305
-578577.580,-1265790.120,180.290
-578577.760,-1265789.860,180.280
-578577.960,-1265789.580,180.270
-578577.000,-1265790.460,180.320
-578577.180,-1265790.190,180.310
-578577.370,-1265789.920,180.295
-578577.540,-1265789.660,180.290
-578577.740,-1265789.380,180.280
-578577.420,-1265789.120,180.280
-578577.610,-1265788.850,180.270
-578577.800,-1265788.590,180.260
-578577.060,-1265789.640,180.300
-578577.240,-1265789.380,180.290
-578577.060,-1265789.180,180.290
-578577.240,-1265788.910,180.280
-578577.420,-1265788.660,180.270
-578577.600,-1265788.390,180.270
-578577.780,-1265788.140,180.260
-578577.130,-1265788.430,180.280
-578577.320,-1265788.160,180.275
-578577.500,-1265787.890,180.270
-578577.030,-1265787.950,180.280
-578577.230,-1265787.660,180.270
-578577.410,-1265787.400,180.260
-578576.960,-1265787.510,180.270
-578577.150,-1265787.230,180.260
-578577.360,-1265786.930,180.255
-578577.530,-1265786.690,180.250
-578577.020,-1265786.750,180.260
-578577.220,-1265786.460,180.250
-578576.710,-1265812.080,180.370
-578576.890,-1265811.800,180.370
-578576.050,-1265812.400,180.360
-578576.250,-1265812.110,180.370
-578576.440,-1265811.820,180.390
-578576.820,-1265811.240,180.400
-578575.390,-1265812.710,180.360
-578575.580,-1265812.430,180.370
-578575.780,-1265812.130,180.370
-578576.160,-1265811.560,180.390
-578576.350,-1265811.270,180.400
-578576.930,-1265810.410,180.415
-578574.700,-1265813.010,180.350
-578574.900,-1265812.720,180.365
-578575.080,-1265812.450,180.370
-578575.280,-1265812.150,180.380
-578575.460,-1265811.870,180.390
-578575.640,-1265811.600,180.400
-578576.420,-1265810.440,180.420
-578576.610,-1265810.150,180.430
-578576.810,-1265809.860,180.420
-578574.030,-1265813.260,180.340
-578574.220,-1265812.970,180.350
-578574.400,-1265812.710,180.360
-578574.580,-1265812.430,180.370
-578574.770,-1265812.150,180.380
-578574.960,-1265811.860,180.390
-578575.710,-1265810.750,180.440
-578576.100,-1265810.170,180.435
-578576.280,-1265809.890,180.430
-578576.480,-1265809.590,180.430
-578576.680,-1265809.300,180.430
-578573.310,-1265813.560,180.325
-578573.490,-1265813.280,180.330
-578573.690,-1265812.990,180.340
-578573.890,-1265812.680,180.360
-578574.090,-1265812.390,180.370
-578574.270,-1265812.120,180.380
-578574.810,-1265811.300,180.415
-578575.020,-1265811.000,180.440
-578575.200,-1265810.730,180.440
-578575.390,-1265810.440,180.440
-578575.580,-1265810.160,180.440
-578575.760,-1265809.890,180.440
-578575.950,-1265809.610,180.440
-578576.330,-1265809.040,180.445
-578576.520,-1265808.750,180.440
-578576.720,-1265808.450,180.430
-578576.920,-1265808.160,180.425
-578572.690,-1265813.920,180.310
-578572.870,-1265813.640,180.315
-578573.050,-1265813.380,180.330
-578573.250,-1265813.070,180.330
-578573.450,-1265812.780,180.350
-578573.630,-1265812.510,180.370
-578574.220,-1265811.620,180.400
-578574.410,-1265811.340,180.425
-578574.770,-1265810.800,180.440
-578574.960,-1265810.520,180.440
-578575.150,-1265810.220,180.445
-578575.330,-1265809.960,180.450
-578575.710,-1265809.390,180.450
-578575.890,-1265809.120,180.450
-578576.090,-1265808.830,180.450
-578576.290,-1265808.530,180.450
-578576.470,-1265808.270,180.440
-578576.670,-1265807.970,180.430
-578576.860,-1265807.680,180.420
-578572.530,-1265813.370,180.320
-578572.730,-1265813.080,180.330
-578572.910,-1265812.800,180.340
-578573.490,-1265811.930,180.390
-578573.680,-1265811.650,180.400
-578574.270,-1265810.770,180.440
-578574.450,-1265810.500,180.450
-578574.630,-1265810.230,180.450
-578575.000,-1265809.680,180.450
-578575.190,-1265809.390,180.460
-578575.380,-1265809.110,180.460
-578575.570,-1265808.830,180.460
-578575.750,-1265808.550,180.460
-578575.940,-1265808.280,180.460
-578576.710,-1265807.140,180.420
-578576.900,-1265806.850,180.410
-578573.000,-1265811.930,180.380
-578573.180,-1265811.660,180.390
-578573.580,-1265811.060,180.415
-578573.750,-1265810.800,180.440
-578574.350,-1265809.910,180.450
-578574.530,-1265809.640,180.460
-578574.720,-1265809.360,180.460
-578574.890,-1265809.100,180.460
-578575.080,-1265808.820,180.460
-578575.280,-1265808.520,180.470
-578576.020,-1265807.420,180.450
-578576.210,-1265807.140,180.440
-578576.410,-1265806.850,180.430
-578576.590,-1265806.580,180.420
-578576.790,-1265806.280,180.410
-578572.050,-1265813.350,180.320
-578572.230,-1265813.070,180.320
-578572.810,-1265812.210,180.370
-578572.130,-1265812.500,180.350
-578572.310,-1265812.230,180.370
-578572.510,-1265811.930,180.380
-578572.690,-1265811.660,180.390
-578572.890,-1265811.360,180.390
-578573.070,-1265811.090,180.410
-578573.650,-1265810.230,180.440
-578573.830,-1265809.950,180.450
-578574.030,-1265809.660,180.450
-578574.220,-1265809.370,180.460
-578574.430,-1265809.070,180.460
-578574.610,-1265808.800,180.470
-578574.790,-1265808.530,180.470
-578574.970,-1265808.250,180.470
-578575.150,-1265807.980,180.480
-578575.350,-1265807.700,180.470
-578575.530,-1265807.420,180.470
-578575.730,-1265807.130,180.460
-578575.910,-1265806.870,180.440
-578576.090,-1265806.590,180.440
-578576.290,-1265806.300,180.425
-578576.660,-1265805.740,180.410
-578576.860,-1265805.450,180.400
-578571.930,-1265812.260,180.365
-578572.120,-1265811.980,180.370
-578572.300,-1265811.700,180.380
-578572.480,-1265811.440,180.390
-578572.680,-1265811.140,180.410
-578573.060,-1265810.570,180.430
-578573.250,-1265810.290,180.440
-578573.430,-1265810.020,180.450
-578573.620,-1265809.730,180.450
-578573.830,-1265809.430,180.460
-578574.010,-1265809.160,180.460
-578574.200,-1265808.870,180.470
-578574.600,-1265808.280,180.480
-578574.960,-1265807.740,180.480
-578575.150,-1265807.460,180.480
-578575.320,-1265807.200,180.470
-578575.520,-1265806.910,180.460
-578575.710,-1265806.630,180.450
-578575.900,-1265806.350,180.440
-578576.080,-1265806.080,180.430
-578576.270,-1265805.800,180.425
-578576.650,-1265805.230,180.410
-578576.840,-1265804.950,180.410
-578572.560,-1265810.600,180.420
-578572.760,-1265810.310,180.430
-578572.940,-1265810.030,180.440
-578573.140,-1265809.730,180.450
-578573.320,-1265809.470,180.455
-578573.510,-1265809.190,180.460
-578573.900,-1265808.610,180.470
-578574.280,-1265808.030,180.480
-578574.470,-1265807.750,180.490
-578574.670,-1265807.450,180.480
-578574.860,-1265807.180,180.480
-578575.030,-1265806.920,180.480
-578575.590,-1265806.090,180.450
-578575.980,-1265805.520,180.435
-578576.160,-1265805.250,180.430
-578576.340,-1265804.990,180.420
-578576.540,-1265804.690,180.420
-578576.730,-1265804.400,180.410
-578576.910,-1265804.130,180.400
-578571.940,-1265810.840,180.410
-578572.110,-1265810.570,180.420
-578572.300,-1265810.300,180.430
-578572.490,-1265810.020,180.440
-578572.660,-1265809.760,180.440
-578573.240,-1265808.890,180.465
-578573.430,-1265808.620,180.470
-578573.610,-1265808.340,180.480
-578573.810,-1265808.050,180.490
-578574.000,-1265807.760,180.495
-578574.190,-1265807.480,180.495
-578574.380,-1265807.200,180.495
-578574.960,-1265806.340,180.470
-578575.320,-1265805.800,180.450
-578575.500,-1265805.540,180.450
-578575.700,-1265805.240,180.440
-578575.880,-1265804.970,180.430
-578576.080,-1265804.680,180.430
-578576.260,-1265804.410,180.420
-578576.830,-1265803.560,180.400
-578571.970,-1265809.990,180.430
-578572.160,-1265809.710,180.440
-578572.340,-1265809.440,180.445
-578572.520,-1265809.170,180.450
-578572.710,-1265808.890,180.460
-578572.910,-1265808.600,180.470
-578573.080,-1265808.330,180.480
-578573.290,-1265808.030,180.490
-578573.470,-1265807.760,180.500
-578573.650,-1265807.490,180.500
-578573.850,-1265807.190,180.510
-578574.040,-1265806.900,180.510
-578574.220,-1265806.640,180.500
-578574.420,-1265806.350,180.490
-578574.620,-1265806.050,180.480
-578574.810,-1265805.770,180.470
-578575.000,-1265805.500,180.465
-578575.360,-1265804.960,180.450
-578575.740,-1265804.390,180.440
-578576.120,-1265803.830,180.430
-578576.300,-1265803.560,180.420
-578576.480,-1265803.300,180.410
-578576.670,-1265803.010,180.410
-578576.870,-1265802.710,180.400
-578574.980,-1265805.000,180.470
-578575.160,-1265804.730,180.455
-578575.520,-1265804.190,180.450
-578575.710,-1265803.920,180.440
-578575.900,-1265803.630,180.430
-578576.080,-1265803.360,180.420
-578576.280,-1265803.070,180.410
-578576.460,-1265802.810,180.410
-578576.640,-1265802.530,180.400
-578576.840,-1265802.240,180.390
-578571.940,-1265809.520,180.440
-578572.140,-1265809.220,180.450
-578572.320,-1265808.940,180.460
-578572.500,-1265808.680,180.460
-578572.690,-1265808.400,180.470
-578572.870,-1265808.120,180.480
-578573.070,-1265807.840,180.490
-578573.250,-1265807.550,180.500
-578573.450,-1265807.260,180.510
-578573.630,-1265807.000,180.510
-578574.010,-1265806.430,180.510
-578574.200,-1265806.140,180.500
-578574.390,-1265805.870,180.490
-578574.580,-1265805.580,180.480
-578571.790,-1265808.990,180.440
-578571.990,-1265808.690,180.450
-578572.190,-1265808.400,180.460
-578572.370,-1265808.120,180.470
-578572.740,-1265807.580,180.490
-578573.300,-1265806.740,180.510
-578573.500,-1265806.440,180.510
-578573.680,-1265806.180,180.510
-578573.860,-1265805.920,180.510
-578574.260,-1265805.330,180.490
-578574.830,-1265804.470,180.470
-578575.020,-1265804.190,180.470
-578575.210,-1265803.920,180.460
-578575.390,-1265803.650,180.460
-578575.570,-1265803.390,180.440
-578575.750,-1265803.110,180.430
-578575.950,-1265802.820,180.420
-578576.130,-1265802.560,180.410
-578576.330,-1265802.260,180.400
-578576.510,-1265801.990,180.390
-578576.690,-1265801.730,180.380
-578576.890,-1265801.440,180.380
-578572.470,-1265807.300,180.490
-578572.650,-1265807.040,180.495
-578572.840,-1265806.760,180.510
-578573.020,-1265806.480,180.510
-578573.210,-1265806.190,180.510
-578573.400,-1265805.920,180.510
-578573.600,-1265805.630,180.510
-578574.350,-1265804.510,180.490
-578574.540,-1265804.240,180.480
-578574.730,-1265803.940,180.480
-578574.930,-1265803.660,180.470
-578575.120,-1265803.370,180.460
-578575.310,-1265803.100,180.440
-578575.480,-1265802.840,180.440
-578575.670,-1265802.570,180.425
-578575.850,-1265802.290,180.420
-578576.040,-1265802.010,180.410
-578576.430,-1265801.440,180.390
-578576.600,-1265801.180,180.380
-578576.790,-1265800.910,180.370
-578571.760,-1265807.620,180.460
-578571.960,-1265807.320,180.470
-578572.160,-1265807.030,180.480
-578572.540,-1265806.470,180.500
-578572.720,-1265806.190,180.510
-578572.900,-1265805.920,180.510
-578573.470,-1265805.090,180.515
-578573.660,-1265804.800,180.520
-578573.850,-1265804.520,180.520
-578574.030,-1265804.260,180.510
-578574.420,-1265803.670,180.480
-578574.600,-1265803.410,180.480
-578574.800,-1265803.120,180.465
-578575.000,-1265802.830,180.455
-578575.190,-1265802.540,180.440
-578575.370,-1265802.280,180.430
-578575.740,-1265801.740,180.410
-578575.910,-1265801.470,180.410
-578576.110,-1265801.180,180.390
-578576.300,-1265800.910,180.390
-578576.490,-1265800.620,180.380
-578576.670,-1265800.350,180.380
-578576.850,-1265800.080,180.370
-578571.730,-1265807.100,180.460
-578571.920,-1265806.830,180.470
-578572.110,-1265806.530,180.485
-578572.310,-1265806.240,180.495
-578572.500,-1265805.950,180.500
-578572.690,-1265805.670,180.510
-578572.870,-1265805.400,180.510
-578573.050,-1265805.130,180.510
-578573.240,-1265804.860,180.520
-578573.430,-1265804.580,180.520
-578573.610,-1265804.310,180.520
-578574.000,-1265803.710,180.500
-578574.180,-1265803.470,180.500
-578574.370,-1265803.180,180.480
-578574.570,-1265802.890,180.470
-578574.750,-1265802.630,180.460
-578574.950,-1265802.340,180.440
-578575.150,-1265802.040,180.430
-578575.520,-1265801.490,180.415
-578575.710,-1265801.220,180.410
-578575.880,-1265800.950,180.400
-578576.070,-1265800.680,180.390
-578576.260,-1265800.390,180.390
-578576.440,-1265800.130,180.380
-578576.640,-1265799.830,180.370
-578576.820,-1265799.560,180.370
-578571.700,-1265806.640,180.470
-578571.890,-1265806.360,180.480
-578572.270,-1265805.780,180.490
-578572.470,-1265805.490,180.500
-578572.670,-1265805.200,180.510
-578573.030,-1265804.650,180.520
-578573.220,-1265804.380,180.520
-578573.400,-1265804.110,180.520
-578573.600,-1265803.820,180.520
-578573.980,-1265803.260,180.500
-578574.160,-1265802.990,180.490
-578574.340,-1265802.730,180.480
-578574.540,-1265802.430,180.460
-578574.730,-1265802.150,180.450
-578574.910,-1265801.880,180.430
-578575.100,-1265801.590,180.430
-578575.300,-1265801.300,180.420
-578575.500,-1265801.010,180.410
-578575.680,-1265800.750,180.410
-578575.860,-1265800.470,180.400
-578576.040,-1265800.210,180.400
-578576.230,-1265799.940,180.390
-578576.420,-1265799.650,180.380
-578576.610,-1265799.380,180.370
-578576.800,-1265799.090,180.370
-578571.690,-1265805.750,180.470
-578571.890,-1265805.460,180.480
-578572.070,-1265805.180,180.490
-578572.470,-1265804.590,180.520
-578572.660,-1265804.300,180.520
-578572.850,-1265804.020,180.530
-578573.030,-1265803.750,180.530
-578573.210,-1265803.490,180.530
-578573.390,-1265803.220,180.530
-578573.590,-1265802.930,180.520
-578573.970,-1265802.370,180.485
-578574.330,-1265801.840,180.460
-578574.530,-1265801.540,180.440
-578574.730,-1265801.250,180.430
-578574.900,-1265800.990,180.430
-578575.100,-1265800.700,180.420
-578575.300,-1265800.400,180.420
-578575.490,-1265800.120,180.410
-578575.680,-1265799.850,180.410
-578575.860,-1265799.570,180.410
-578576.040,-1265799.310,180.390
-578576.420,-1265798.750,180.375
-578576.600,-1265798.490,180.370
-578576.800,-1265798.190,180.360
-578576.950,-1265797.450,180.360
-578571.640,-1265805.290,180.470
-578571.840,-1265804.990,180.480
-578572.220,-1265804.430,180.510
-578572.420,-1265804.130,180.520
-578572.620,-1265803.840,180.530
-578572.810,-1265803.550,180.530
-578572.990,-1265803.280,180.530
-578573.180,-1265803.010,180.530
-578573.360,-1265802.740,180.520
-578573.540,-1265802.470,180.510
-578573.740,-1265802.180,180.500
-578573.920,-1265801.920,180.475
-578574.120,-1265801.630,180.460
-578574.300,-1265801.350,180.450
-578574.480,-1265801.090,180.440
-578574.680,-1265800.800,180.430
-578574.870,-1265800.510,180.420
-578575.050,-1265800.240,180.420
-578575.250,-1265799.950,180.420
-578575.450,-1265799.660,180.420
-578575.640,-1265799.370,180.410
-578575.830,-1265799.100,180.400
-578576.010,-1265798.830,180.390
-578576.190,-1265798.560,180.380
-578576.370,-1265798.300,180.370
-578576.570,-1265798.010,180.370
-578576.750,-1265797.740,180.360
-578571.550,-1265804.740,180.480
-578571.740,-1265804.460,180.490
-578571.940,-1265804.170,180.490
-578572.130,-1265803.880,180.520
-578572.320,-1265803.610,180.520
-578572.520,-1265803.310,180.520
-578572.710,-1265803.020,180.530
-578572.910,-1265802.730,180.530
-578573.090,-1265802.460,180.520
-578573.270,-1265802.190,180.520
-578573.460,-1265801.920,180.500
-578573.640,-1265801.660,180.490
-578573.830,-1265801.370,180.470
-578574.020,-1265801.100,180.455
-578574.220,-1265800.810,180.450
-578574.400,-1265800.540,180.440
-578574.580,-1265800.270,180.430
-578574.780,-1265799.980,180.430
-578574.970,-1265799.690,180.430
-578575.150,-1265799.420,180.420
-578575.350,-1265799.130,180.420
-578575.740,-1265798.550,180.400
-578575.920,-1265798.290,180.390
-578576.110,-1265798.020,180.380
-578576.290,-1265797.750,180.370
-578576.470,-1265797.490,180.370
-578576.670,-1265797.190,180.360
-578576.850,-1265796.920,180.360
-578571.710,-1265804.000,180.490
-578571.890,-1265803.730,180.500
-578572.290,-1265803.140,180.530
-578572.460,-1265802.870,180.530
-578572.660,-1265802.570,180.530
-578572.860,-1265802.280,180.530
-578573.060,-1265801.990,180.520
-578573.240,-1265801.730,180.510
-578573.420,-1265801.460,180.500
-578573.600,-1265801.190,180.470
-578573.980,-1265800.630,180.450
-578574.160,-1265800.370,180.450
-578574.360,-1265800.080,180.440
-578574.540,-1265799.800,180.430
-578574.720,-1265799.540,180.430
-578574.920,-1265799.250,180.430
-578575.120,-1265798.950,180.420
-578575.300,-1265798.690,180.420
-578575.490,-1265798.400,180.400
-578575.690,-1265798.110,180.390
-578575.890,-1265797.820,180.390
-578576.070,-1265797.550,180.380
-578576.250,-1265797.280,180.370
-578576.440,-1265797.010,180.370
-578576.610,-1265796.750,180.360
-578576.810,-1265796.450,180.360
-578575.940,-1265796.940,180.380
-578576.120,-1265796.680,180.370
-578576.300,-1265796.410,180.370
-578576.490,-1265796.140,180.360
-578576.660,-1265795.880,180.360
-578576.860,-1265795.580,180.355
-578571.580,-1265803.390,180.490
-578571.750,-1265803.120,180.510
-578571.940,-1265802.850,180.520
-578572.140,-1265802.550,180.530
-578572.330,-1265802.260,180.530
-578572.520,-1265801.990,180.530
-578572.720,-1265801.690,180.530
-578572.910,-1265801.400,180.520
-578573.110,-1265801.120,180.510
-578573.290,-1265800.850,180.490
-578573.470,-1265800.590,180.480
-578573.650,-1265800.320,180.475
-578573.840,-1265800.040,180.460
-578574.030,-1265799.750,180.450
-578574.210,-1265799.490,180.450
-578574.410,-1265799.200,180.435
-578574.600,-1265798.930,180.430
-578574.780,-1265798.660,180.430
-578574.970,-1265798.370,180.420
-578575.170,-1265798.080,180.410
-578575.350,-1265797.810,180.400
-578575.550,-1265797.520,180.400
-578575.750,-1265797.230,180.390
-578573.060,-1265800.670,180.505
-578573.260,-1265800.390,180.490
-578573.440,-1265800.120,180.480
-578573.630,-1265799.850,180.470
-578573.810,-1265799.570,180.460
-578573.980,-1265799.320,180.460
-578574.190,-1265799.020,180.440
-578574.370,-1265798.760,180.440
-578574.560,-1265798.470,180.430
-578574.750,-1265798.190,180.430
-578574.930,-1265797.930,180.420
-578575.120,-1265797.640,180.410
-578575.320,-1265797.350,180.400
-578575.500,-1265797.080,180.390
-578575.690,-1265796.800,180.390
-578575.890,-1265796.510,180.380
-578576.090,-1265796.210,180.370
-578576.270,-1265795.950,180.370
-578576.450,-1265795.680,180.370
-578576.640,-1265795.410,180.360
-578576.810,-1265795.150,180.360
-578571.530,-1265802.940,180.485
-578571.730,-1265802.650,180.510
-578571.920,-1265802.340,180.520
-578572.290,-1265801.820,180.530
-578572.490,-1265801.520,180.530
-578572.670,-1265801.250,180.520
-578572.860,-1265800.970,180.510
-578572.030,-1265801.550,180.520
-578572.210,-1265801.290,180.520
-578572.410,-1265800.990,180.520
-578572.600,-1265800.700,180.515
-578572.780,-1265800.440,180.510
-578572.980,-1265800.140,180.510
-578573.180,-1265799.850,180.500
-578573.370,-1265799.570,180.480
-578573.560,-1265799.290,180.480
-578573.740,-1265799.030,180.470
-578574.110,-1265798.490,180.440
-578574.300,-1265798.200,180.440
-578574.480,-1265797.940,180.430
-578574.680,-1265797.640,180.420
-578574.860,-1265797.370,180.410
-578575.040,-1265797.110,180.410
-578575.240,-1265796.820,180.400
-578575.440,-1265796.530,180.390
-578575.610,-1265796.270,180.390
-578575.810,-1265795.970,180.385
-578576.010,-1265795.680,180.380
-578576.210,-1265795.390,180.380
-578576.390,-1265795.130,180.370
-578576.570,-1265794.850,180.360
-578576.750,-1265794.590,180.360
-578576.930,-1265794.320,180.350
-578571.510,-1265801.570,180.500
-578571.690,-1265801.300,180.500
-578571.890,-1265801.010,180.510
-578572.250,-1265800.460,180.510
-578572.450,-1265800.170,180.510
-578572.650,-1265799.880,180.510
-578572.830,-1265799.610,180.510
-578573.020,-1265799.330,180.510
-578573.420,-1265798.740,180.480
-578573.600,-1265798.480,180.470
-578573.780,-1265798.210,180.460
-578573.970,-1265797.940,180.440
-578574.150,-1265797.680,180.440
-578574.350,-1265797.390,180.430
-578574.530,-1265797.120,180.420
-578574.720,-1265796.830,180.410
-578574.910,-1265796.560,180.410
-578575.090,-1265796.290,180.400
-578575.280,-1265796.000,180.400
-578575.480,-1265795.710,180.400
-578575.670,-1265795.440,180.390
-578575.860,-1265795.160,180.390
-578576.060,-1265794.860,180.380
-578576.260,-1265794.570,180.370
-578576.430,-1265794.310,180.370
-578576.610,-1265794.040,180.360
-578576.800,-1265793.770,180.360
-578572.030,-1265800.210,180.510
-578572.210,-1265799.940,180.510
-578572.390,-1265799.680,180.510
-578572.590,-1265799.380,180.510
-578572.790,-1265799.090,180.510
-578572.960,-1265798.830,180.500
-578573.160,-1265798.540,180.490
-578573.360,-1265798.240,180.470
-578573.550,-1265797.970,180.470
-578573.740,-1265797.690,180.450
-578573.920,-1265797.420,180.440
-578574.100,-1265797.160,180.440
-578574.280,-1265796.890,180.430
-578574.480,-1265796.600,180.420
-578574.660,-1265796.340,180.410
-578574.860,-1265796.040,180.410
-578575.040,-1265795.770,180.410
-578575.220,-1265795.510,180.400
-578575.420,-1265795.210,180.400
-578575.620,-1265794.920,180.400
-578575.800,-1265794.660,180.390
-578575.990,-1265794.370,180.385
-578576.190,-1265794.080,180.375
-578576.390,-1265793.790,180.370
-578576.570,-1265793.520,180.360
-578576.750,-1265793.250,180.350
-578576.930,-1265792.990,180.340
-578571.450,-1265801.070,180.490
-578571.640,-1265800.780,180.500
-578571.820,-1265800.510,180.500
-578571.510,-1265800.270,180.490
-578571.710,-1265799.980,180.510
-578571.890,-1265799.710,180.510
-578572.090,-1265799.420,180.520
-578572.270,-1265799.140,180.520
-578572.450,-1265798.880,180.510
-578572.650,-1265798.580,180.510
-578572.850,-1265798.300,180.500
-578573.030,-1265798.030,180.490
-578573.230,-1265797.740,180.470
-578573.420,-1265797.450,180.460
-578573.620,-1265797.160,180.450
-578573.800,-1265796.900,180.440
-578573.980,-1265796.630,180.440
-578574.170,-1265796.360,180.440
-578574.350,-1265796.090,180.430
-578574.540,-1265795.800,180.420
-578574.730,-1265795.530,180.420
-578574.920,-1265795.250,180.415
-578575.100,-1265794.980,180.410
-578575.290,-1265794.700,180.410
-578575.480,-1265794.420,180.400
-578575.670,-1265794.140,180.390
-578575.860,-1265793.860,180.380
-578576.060,-1265793.570,180.370
-578576.250,-1265793.290,180.370
-578576.450,-1265792.990,180.360
-578576.630,-1265792.730,180.350
-578576.810,-1265792.470,180.350
-578571.350,-1265800.100,180.490
-578571.530,-1265799.830,180.500
-578571.720,-1265799.550,180.510
-578571.910,-1265799.270,180.520
-578572.290,-1265798.710,180.520
-578572.470,-1265798.430,180.510
-578572.650,-1265798.170,180.510
-578572.850,-1265797.880,180.490
-578573.050,-1265797.590,180.480
-578573.230,-1265797.330,180.470
-578573.420,-1265797.040,180.460
-578573.620,-1265796.750,180.450
-578573.820,-1265796.460,180.440
-578574.000,-1265796.190,180.440
-578574.180,-1265795.920,180.430
-578574.360,-1265795.650,180.430
-578574.540,-1265795.390,180.430
-578574.740,-1265795.090,180.420
-578574.930,-1265794.820,180.410
-578575.120,-1265794.540,180.410
-578575.300,-1265794.270,180.410
-578575.480,-1265794.000,180.400
-578575.680,-1265793.720,180.390
-578575.880,-1265793.420,180.380
-578576.060,-1265793.150,180.370
-578576.250,-1265792.870,180.370
-578576.450,-1265792.570,180.360
-578576.650,-1265792.290,180.350
-578576.830,-1265792.030,180.340
-578571.360,-1265799.250,180.500
-578571.540,-1265799.000,180.505
-578571.720,-1265798.740,180.520
-578571.920,-1265798.440,180.520
-578572.100,-1265798.170,180.515
-578572.300,-1265797.880,180.510
-578572.490,-1265797.610,180.510
-578572.660,-1265797.350,180.510
-578572.860,-1265797.060,180.490
-578573.050,-1265796.780,180.470
-578573.240,-1265796.500,180.460
-578573.430,-1265796.220,180.460
-578573.630,-1265795.930,180.450
-578573.830,-1265795.630,180.440
-578574.010,-1265795.370,180.440
-578574.190,-1265795.100,180.435
-578574.380,-1265794.830,180.430
-578574.560,-1265794.560,180.425
-578574.750,-1265794.280,180.420
-578574.940,-1265794.010,180.420
-578575.140,-1265793.710,180.410
-578575.310,-1265793.450,180.400
-578575.500,-1265793.180,180.390
-578575.700,-1265792.890,180.390
-578575.890,-1265792.610,180.380
-578576.070,-1265792.330,180.380
-578576.270,-1265792.040,180.360
-578576.460,-1265791.760,180.360
-578576.660,-1265791.470,180.350
-578576.840,-1265791.200,180.340
-578572.820,-1265796.600,180.490
-578573.020,-1265796.320,180.470
-578573.220,-1265796.020,180.470
-578573.400,-1265795.750,180.460
-578573.590,-1265795.470,180.450
-578573.790,-1265795.170,180.445
-578573.990,-1265794.880,180.440
-578574.170,-1265794.620,180.430
-578574.350,-1265794.350,180.430
-578574.540,-1265794.080,180.420
-578574.720,-1265793.820,180.420
-578574.910,-1265793.520,180.410
-578575.100,-1265793.250,180.410
-578575.290,-1265792.970,180.405
-578575.470,-1265792.700,180.390
-578575.660,-1265792.430,180.390
-578575.850,-1265792.140,180.380
-578576.050,-1265791.860,180.370
-578576.230,-1265791.580,180.360
-578576.420,-1265791.300,180.350
-578576.620,-1265791.010,180.350
-578576.820,-1265790.720,180.330
-578571.330,-1265798.800,180.500
-578571.520,-1265798.520,180.510
-578571.700,-1265798.250,180.510
-578571.880,-1265797.980,180.510
-578572.080,-1265797.690,180.510
-578572.260,-1265797.420,180.510
-578572.450,-1265797.140,180.510
-578572.640,-1265796.860,180.500
-578571.390,-1265797.980,180.500
-578571.580,-1265797.710,180.510
-578571.760,-1265797.440,180.510
-578571.940,-1265797.170,180.510
-578572.140,-1265796.880,180.510
-578572.330,-1265796.610,180.510
-578572.520,-1265796.330,180.510
-578572.700,-1265796.060,180.500
-578572.890,-1265795.790,180.480
-578573.080,-1265795.500,180.470
-578573.280,-1265795.210,180.460
-578573.460,-1265794.940,180.460
-578573.660,-1265794.650,180.450
-578573.850,-1265794.360,180.440
-578574.050,-1265794.070,180.440
-578574.230,-1265793.810,180.430
-578574.410,-1265793.540,180.420
-578574.600,-1265793.270,180.420
-578574.780,-1265793.000,180.420
-578574.970,-1265792.710,180.420
-578575.160,-1265792.440,180.410
-578575.360,-1265792.150,180.400
-578575.540,-1265791.890,180.390
-578575.720,-1265791.620,180.380
-578575.920,-1265791.330,180.370
-578576.110,-1265791.050,180.360
-578576.290,-1265790.770,180.360
-578576.490,-1265790.490,180.340
-578576.680,-1265790.200,180.330
-578576.880,-1265789.910,180.320
-578571.390,-1265797.510,180.505
-578571.570,-1265797.240,180.510
-578571.760,-1265796.970,180.510
-578571.940,-1265796.700,180.510
-578572.120,-1265796.430,180.510
-578572.320,-1265796.140,180.510
-578572.500,-1265795.880,180.500
-578572.700,-1265795.590,180.495
-578572.880,-1265795.310,180.480
-578573.060,-1265795.060,180.470
-578573.260,-1265794.760,180.460
-578573.460,-1265794.470,180.460
-578573.640,-1265794.210,180.450
-578573.830,-1265793.920,180.440
-578574.030,-1265793.620,180.440
-578574.230,-1265793.340,180.430
-578574.410,-1265793.070,180.430
-578574.590,-1265792.800,180.430
-578574.780,-1265792.530,180.420
-578574.960,-1265792.270,180.420
-578575.150,-1265791.970,180.410
-578575.340,-1265791.710,180.400
-578575.530,-1265791.420,180.390
-578575.710,-1265791.160,180.380
-578575.900,-1265790.880,180.370
-578576.090,-1265790.600,180.360
-578576.280,-1265790.310,180.350
-578576.470,-1265790.040,180.340
-578576.660,-1265789.760,180.320
-578576.860,-1265789.470,180.310
-578571.270,-1265797.040,180.500
-578571.470,-1265796.740,180.500
-578571.650,-1265796.480,180.510
-578571.840,-1265796.200,180.510
-578572.020,-1265795.930,180.510
-578572.200,-1265795.670,180.510
-578572.400,-1265795.380,180.510
-578572.580,-1265795.110,180.500
-578572.770,-1265794.830,180.485
-578572.960,-1265794.560,180.470
-578573.140,-1265794.280,180.460
-578573.340,-1265794.000,180.460
-578573.530,-1265793.710,180.450
-578573.720,-1265793.440,180.450
-578573.910,-1265793.150,180.450
-578574.310,-1265792.570,180.430
-578574.490,-1265792.300,180.430
-578574.670,-1265792.040,180.420
-578574.860,-1265791.760,180.420
-578575.040,-1265791.500,180.410
-578575.230,-1265791.220,180.390
-578575.420,-1265790.940,180.380
-578575.610,-1265790.660,180.370
-578575.790,-1265790.390,180.370
-578575.980,-1265790.120,180.360
-578576.170,-1265789.840,180.350
-578576.370,-1265789.550,180.330
-578576.550,-1265789.280,180.320
-578576.740,-1265788.990,180.310
-578576.940,-1265788.710,180.290
-578573.430,-1265793.240,180.460
-578573.630,-1265792.940,180.460
-578573.810,-1265792.680,180.450
-578574.010,-1265792.390,180.440
-578574.210,-1265792.100,180.430
-578574.400,-1265791.820,180.430
-578574.580,-1265791.550,180.420
-578574.770,-1265791.270,180.400
-578574.940,-1265791.020,180.390
-578575.130,-1265790.750,180.390
-578575.330,-1265790.450,180.380
-578575.500,-1265790.200,180.370
-578575.700,-1265789.910,180.360
-578575.890,-1265789.630,180.350
-578576.060,-1265789.370,180.340
-578576.260,-1265789.080,180.320
-578576.460,-1265788.790,180.320
-578576.640,-1265788.530,180.305
-578576.840,-1265788.240,180.290
-578571.170,-1265796.570,180.490
-578571.370,-1265796.270,180.490
-578571.560,-1265795.990,180.510
-578571.750,-1265795.710,180.510
-578571.930,-1265795.440,180.510
-578572.110,-1265795.180,180.510
-578572.300,-1265794.910,180.510
-578572.500,-1265794.620,180.500
-578572.670,-1265794.360,180.500
-578572.870,-1265794.060,180.480
-578573.060,-1265793.790,180.480
-578573.230,-1265793.530,180.470
-578571.300,-1265795.830,180.490
-578571.500,-1265795.540,180.500
-578571.690,-1265795.250,180.510
-578571.880,-1265794.970,180.510
-578572.060,-1265794.700,180.510
-578572.240,-1265794.440,180.510
-578572.420,-1265794.170,180.510
-578572.620,-1265793.880,180.500
-578572.810,-1265793.590,180.480
-578573.000,-1265793.330,180.480
-578573.180,-1265793.060,180.470
-578573.360,-1265792.790,180.460
-578573.560,-1265792.500,180.450
-578573.760,-1265792.210,180.450
-578573.940,-1265791.950,180.440
-578574.130,-1265791.660,180.430
-578574.330,-1265791.370,180.420
-578574.530,-1265791.080,180.410
-578574.710,-1265790.820,180.400
-578574.890,-1265790.550,180.390
-578575.070,-1265790.280,180.380
-578575.250,-1265790.020,180.370
-578575.450,-1265789.730,180.360
-578575.640,-1265789.460,180.360
-578575.830,-1265789.170,180.340
-578576.010,-1265788.910,180.330
-578576.200,-1265788.640,180.320
-578576.390,-1265788.350,180.310
-578576.580,-1265788.070,180.300
-578576.770,-1265787.800,180.280
-578571.160,-1265795.350,180.490
-578571.360,-1265795.050,180.500
-578571.550,-1265794.770,180.510
-578571.750,-1265794.470,180.510
-578571.940,-1265794.200,180.510
-578572.120,-1265793.940,180.510
-578572.300,-1265793.670,180.510
-578572.490,-1265793.370,180.490
-578572.680,-1265793.110,180.480
-578572.860,-1265792.850,180.470
-578573.060,-1265792.560,180.470
-578573.240,-1265792.290,180.460
-578573.420,-1265792.020,180.450
-578573.620,-1265791.730,180.440
-578573.820,-1265791.440,180.430
-578574.000,-1265791.180,180.420
-578574.200,-1265790.890,180.410
-578574.390,-1265790.600,180.400
-578574.590,-1265790.320,180.390
-578574.770,-1265790.050,180.380
-578574.950,-1265789.780,180.370
-578575.130,-1265789.520,180.370
-578575.310,-1265789.250,180.360
-578575.510,-1265788.960,180.340
-578575.690,-1265788.700,180.330
-578575.890,-1265788.410,180.320
-578576.070,-1265788.140,180.310
-578576.250,-1265787.870,180.300
-578576.440,-1265787.590,180.280
-578576.650,-1265787.290,180.275
-578576.830,-1265787.030,180.270
-578572.020,-1265793.480,180.510
-578572.200,-1265793.210,180.490
-578572.380,-1265792.960,180.490
-578572.570,-1265792.680,180.480
-578572.760,-1265792.390,180.470
-578572.940,-1265792.130,180.460
-578573.140,-1265791.840,180.450
-578573.330,-1265791.570,180.440
-578573.500,-1265791.310,180.430
-578573.700,-1265791.020,180.420
-578573.900,-1265790.720,180.410
-578574.080,-1265790.460,180.400
-578574.280,-1265790.170,180.390
-578574.480,-1265789.880,180.380
-578574.670,-1265789.590,180.370
-578574.850,-1265789.320,180.360
-578575.040,-1265789.060,180.360
-578575.220,-1265788.790,180.340
-578575.400,-1265788.530,180.330
-578575.590,-1265788.240,180.320
-578575.770,-1265787.970,180.310
-578575.970,-1265787.690,180.300
-578576.150,-1265787.420,180.290
-578576.330,-1265787.150,180.280
-578576.530,-1265786.870,180.270
-578576.720,-1265786.580,180.260
-578571.060,-1265794.890,180.480
-578571.240,-1265794.630,180.490
-578571.440,-1265794.330,180.510
-578571.640,-1265794.040,180.510
-578571.830,-1265793.750,180.510
-578575.710,-1265787.510,180.290
-578575.890,-1265787.240,180.285
-578576.080,-1265786.950,180.280
-578576.270,-1265786.690,180.270
-578571.170,-1265794.160,180.490
-578571.360,-1265793.880,180.505
-578571.560,-1265793.590,180.500
-578571.750,-1265793.310,180.500
-578571.950,-1265793.020,180.490
-578572.130,-1265792.750,180.480
-578572.310,-1265792.490,180.480
-578572.500,-1265792.220,180.470
-578572.680,-1265791.940,180.460
-578572.870,-1265791.670,180.450
-578573.060,-1265791.390,180.440
-578573.260,-1265791.100,180.430
-578573.430,-1265790.840,180.420
-578573.620,-1265790.570,180.410
-578573.820,-1265790.280,180.400
-578574.010,-1265790.000,180.390
-578574.190,-1265789.730,180.380
-578574.390,-1265789.430,180.370
-578574.580,-1265789.150,180.360
-578574.780,-1265788.860,180.340
-578574.970,-1265788.590,180.330
-578575.140,-1265788.330,180.320
-578575.330,-1265788.070,180.320
-578575.510,-1265787.800,180.310
-578571.080,-1265793.730,180.480
-578571.270,-1265793.440,180.490
-578571.460,-1265793.170,180.490
-578571.650,-1265792.880,180.485
-578571.850,-1265792.600,180.480
-578572.050,-1265792.300,180.470
-578572.230,-1265792.030,180.460
-578572.410,-1265791.770,180.460
-578572.590,-1265791.500,180.450
-578572.780,-1265791.230,180.440
-578572.970,-1265790.950,180.430
-578573.150,-1265790.680,180.420
-578573.350,-1265790.390,180.400
-578573.530,-1265790.130,180.400
-578573.710,-1265789.860,180.390
-578573.910,-1265789.570,180.380
-578574.100,-1265789.290,180.370
-578574.290,-1265789.010,180.360
-578574.490,-1265788.720,180.340
-578574.680,-1265788.440,180.330
-578574.880,-1265788.150,180.320
-578575.060,-1265787.890,180.310
-578575.240,-1265787.620,180.300
-578575.420,-1265787.360,180.290
-578575.610,-1265787.090,180.280
-578575.800,-1265786.800,180.280
-578575.980,-1265786.550,180.270
-578571.130,-1265792.940,180.480
-578571.330,-1265792.650,180.480
-578571.520,-1265792.370,180.480
-578571.710,-1265792.090,180.470
-578571.910,-1265791.800,180.460
-578572.110,-1265791.510,180.450
-578572.290,-1265791.250,180.440
-578572.470,-1265790.980,180.430
-578572.660,-1265790.710,180.420
-578572.830,-1265790.450,180.410
-578573.030,-1265790.160,180.400
-578573.220,-1265789.890,180.390
-578573.410,-1265789.610,180.380
-578573.590,-1265789.340,180.370
-578573.780,-1265789.060,180.360
-578573.970,-1265788.790,180.350
-578574.170,-1265788.500,180.330
-578574.350,-1265788.220,180.320
-578574.550,-1265787.940,180.315
-578574.740,-1265787.650,180.310
-578574.940,-1265787.360,180.290
-578575.120,-1265787.090,180.290
-578575.300,-1265786.830,180.280
-578575.480,-1265786.580,180.270
-578571.000,-1265792.490,180.480
-578571.200,-1265792.210,180.480
-578571.400,-1265791.910,180.460
-578571.580,-1265791.650,180.455
-578571.770,-1265791.360,180.440
-578571.970,-1265791.070,180.430
-578572.170,-1265790.780,180.430
-578572.350,-1265790.520,180.420
-578572.530,-1265790.250,180.410
-578572.710,-1265789.980,180.400
-578572.890,-1265789.710,180.380
-578573.090,-1265789.430,180.375
-578573.270,-1265789.160,180.370
-578573.470,-1265788.870,180.350
-578573.650,-1265788.610,180.340
-578573.830,-1265788.340,180.330
-578574.030,-1265788.050,180.320
-578574.220,-1265787.770,180.310
-578574.410,-1265787.500,180.300
-578574.610,-1265787.200,180.290
-578574.800,-1265786.930,180.290
-578574.990,-1265786.650,180.270
-578570.930,-1265792.040,180.470
-578571.110,-1265791.770,180.460
-578571.310,-1265791.480,180.450
-578571.500,-1265791.190,180.440
-578571.690,-1265790.920,180.430
-578571.890,-1265790.630,180.420
-578572.080,-1265790.350,180.410
-578572.280,-1265790.060,180.400
-578572.460,-1265789.790,180.390
-578572.640,-1265789.530,180.380
-578572.820,-1265789.260,180.370
-578573.010,-1265788.990,180.360
-578573.200,-1265788.700,180.350
-578573.380,-1265788.440,180.330
-578573.580,-1265788.150,180.320
-578573.760,-1265787.890,180.320
-578573.940,-1265787.620,180.310
-578574.140,-1265787.320,180.300
-578574.340,-1265787.040,180.290
-578574.520,-1265786.780,180.280
-578571.010,-1265791.370,180.450
-578571.200,-1265791.100,180.440
-578571.400,-1265790.810,180.420
-578571.590,-1265790.520,180.410
-578571.770,-1265790.260,180.410
-578571.970,-1265789.970,180.400
-578572.170,-1265789.680,180.390
-578572.360,-1265789.390,180.380
-578572.550,-1265789.130,180.370
-578572.730,-1265788.860,180.360
-578572.910,-1265788.590,180.350
-578573.090,-1265788.330,180.340
-578573.290,-1265788.030,180.320
-578573.470,-1265787.770,180.320
-578573.670,-1265787.480,180.310
-578573.850,-1265787.220,180.300
-578574.030,-1265786.960,180.290
-578574.220,-1265786.690,180.280
-578570.920,-1265790.960,180.430
-578571.100,-1265790.680,180.420
-578571.290,-1265790.420,180.410
-578571.480,-1265790.130,180.400
-578571.680,-1265789.840,180.400
-578571.860,-1265789.570,180.390
-578572.060,-1265789.290,180.380
-578572.260,-1265789.000,180.370
-578572.450,-1265788.710,180.360
-578572.640,-1265788.440,180.350
-578572.820,-1265788.180,180.340
-578573.000,-1265787.910,180.320
-578573.180,-1265787.640,180.310
-578573.380,-1265787.360,180.310
-578573.560,-1265787.090,180.300
-578573.760,-1265786.810,180.285
-578570.960,-1265790.250,180.400
-578571.140,-1265789.990,180.395
-578571.330,-1265789.720,180.390
-578571.520,-1265789.430,180.380
-578571.720,-1265789.150,180.370
-578571.900,-1265788.870,180.370
-578572.100,-1265788.590,180.360
-578572.290,-1265788.300,180.340
-578572.490,-1265788.010,180.330
-578572.680,-1265787.740,180.320
-578572.850,-1265787.480,180.310
-578573.040,-1265787.210,180.310
-578573.220,-1265786.950,180.300
-578570.860,-1265789.850,180.380
-578571.050,-1265789.560,180.380
-578571.240,-1265789.290,180.370
-578571.420,-1265789.020,180.370
-578571.620,-1265788.740,180.360
-578571.820,-1265788.440,180.350
-578572.000,-1265788.170,180.340
-578572.190,-1265787.890,180.330
-578572.390,-1265787.600,180.310
-578572.590,-1265787.310,180.300
-578572.770,-1265787.060,180.300
-578572.950,-1265786.800,180.285
-578570.910,-1265789.130,180.370
-578571.100,-1265788.850,180.360
-578571.290,-1265788.580,180.350
-578571.470,-1265788.310,180.350
-578571.660,-1265788.030,180.340
-578571.860,-1265787.740,180.320
-578572.050,-1265787.470,180.300
-578572.240,-1265787.200,180.290
-578570.860,-1265788.740,180.350
-578571.040,-1265788.480,180.350
-578571.240,-1265788.190,180.340
-578571.420,-1265787.920,180.330
-578571.600,-1265787.660,180.310
-578571.800,-1265787.370,180.290
-578572.000,-1265787.090,180.270
-578570.750,-1265788.360,180.340
-578570.950,-1265788.070,180.330
-578571.130,-1265787.810,180.325
-578571.330,-1265787.520,180.290
-578571.510,-1265787.260,180.270
-578571.680,-1265787.010,180.250
-578570.800,-1265787.670,180.290
-578571.000,-1265787.390,180.280
-578571.180,-1265787.130,180.260
-578570.680,-1265787.260,180.240
-578571.680,-1265813.900,180.310
-578571.870,-1265813.620,180.310
-578571.180,-1265813.920,180.300
-578571.380,-1265813.620,180.310
-578571.580,-1265813.320,180.320
-578571.940,-1265812.780,180.350
-578570.770,-1265813.990,180.300
-578570.980,-1265813.690,180.320
-578571.560,-1265812.820,180.350
-578571.750,-1265812.520,180.360
-578570.090,-1265814.290,180.295
-578570.290,-1265813.990,180.300
-578570.850,-1265813.150,180.340
-578571.050,-1265812.860,180.350
-578571.240,-1265812.580,180.360
-578571.430,-1265812.280,180.360
-578571.630,-1265812.000,180.370
-578571.830,-1265811.700,180.380
-578570.760,-1265812.590,180.360
-578570.960,-1265812.300,180.360
-578571.160,-1265812.000,180.370
-578571.740,-1265811.140,180.400
-578570.200,-1265813.430,180.330
-578570.390,-1265813.140,180.340
-578570.580,-1265812.870,180.350
-578569.300,-1265813.970,180.310
-578569.490,-1265813.690,180.320
-578569.670,-1265813.420,180.330
-578569.850,-1265813.150,180.340
-578570.050,-1265812.850,180.345
-578570.240,-1265812.580,180.350
-578570.440,-1265812.280,180.360
-578570.800,-1265811.730,180.380
-578571.200,-1265811.140,180.400
-578571.380,-1265810.870,180.405
-578571.580,-1265810.570,180.420
-578571.780,-1265810.280,180.420
-578568.890,-1265814.060,180.310
-578569.090,-1265813.770,180.320
-578569.290,-1265813.470,180.330
-578569.470,-1265813.200,180.340
-578569.650,-1265812.920,180.340
-578569.840,-1265812.650,180.350
-578570.020,-1265812.380,180.360
-578570.220,-1265812.080,180.370
-578570.400,-1265811.810,180.370
-578570.600,-1265811.510,180.385
-578570.780,-1265811.240,180.390
-578570.970,-1265810.960,180.400
-578571.160,-1265810.670,180.410
-578571.360,-1265810.380,180.415
-578571.550,-1265810.100,180.420
-578569.700,-1265812.100,180.360
-578569.890,-1265811.820,180.370
-578570.070,-1265811.550,180.370
-578570.270,-1265811.260,180.390
-578570.450,-1265810.990,180.390
-578570.650,-1265810.690,180.400
-578570.830,-1265810.420,180.410
-578571.410,-1265809.560,180.430
-578571.590,-1265809.290,180.440
-578568.160,-1265814.400,180.280
-578568.740,-1265813.530,180.310
-578568.940,-1265813.240,180.330
-578569.140,-1265812.940,180.340
-578567.690,-1265814.420,180.270
-578568.080,-1265813.840,180.290
-578568.260,-1265813.570,180.295
-578568.460,-1265813.280,180.310
-578569.040,-1265812.410,180.340
-578569.240,-1265812.120,180.350
-578569.440,-1265811.820,180.360
-578569.620,-1265811.550,180.370
-578569.800,-1265811.270,180.380
-578569.990,-1265811.000,180.385
-578570.170,-1265810.730,180.395
-578570.550,-1265810.160,180.410
-578570.750,-1265809.860,180.420
-578570.930,-1265809.600,180.420
-578571.120,-1265809.320,180.430
-578571.310,-1265809.020,180.440
-578571.510,-1265808.730,180.440
-578571.700,-1265808.460,180.440
-578567.570,-1265813.860,180.280
-578567.760,-1265813.580,180.290
-578568.330,-1265812.730,180.320
-578568.530,-1265812.430,180.330
-578568.720,-1265812.150,180.335
-578569.110,-1265811.570,180.360
-578569.300,-1265811.280,180.370
-578569.870,-1265810.440,180.390
-578570.050,-1265810.160,180.400
-578570.240,-1265809.890,180.400
-578570.430,-1265809.600,180.410
-578570.620,-1265809.320,180.420
-578570.820,-1265809.030,180.425
-578571.000,-1265808.750,180.430
-578571.180,-1265808.490,180.440
-578571.380,-1265808.190,180.440
-578571.580,-1265807.900,180.450
-578570.770,-1265808.530,180.430
-578570.970,-1265808.230,180.430
-578571.340,-1265807.690,180.440
-578571.530,-1265807.400,180.450
-578567.730,-1265813.060,180.290
-578567.910,-1265812.780,180.300
-578568.110,-1265812.500,180.310
-578568.300,-1265812.210,180.320
-578568.480,-1265811.940,180.330
-578568.670,-1265811.650,180.340
-578568.880,-1265811.350,180.355
-578569.260,-1265810.780,180.370
-578569.460,-1265810.480,180.380
-578569.660,-1265810.180,180.390
-578569.840,-1265809.910,180.400
-578570.020,-1265809.640,180.400
-578570.210,-1265809.370,180.410
-578570.390,-1265809.100,180.410
-578567.510,-1265812.870,180.290
-578567.690,-1265812.600,180.290
-578567.880,-1265812.310,180.300
-578568.070,-1265812.030,180.310
-578568.270,-1265811.730,180.320
-578568.840,-1265810.880,180.350
-578569.030,-1265810.600,180.360
-578569.220,-1265810.320,180.370
-578569.420,-1265810.020,180.380
-578569.620,-1265809.730,180.380
-578569.820,-1265809.440,180.395
-578570.000,-1265809.160,180.400
-578570.180,-1265808.890,180.410
-578570.370,-1265808.610,180.410
-578570.750,-1265808.060,180.430
-578570.930,-1265807.780,180.430
-578571.130,-1265807.480,180.440
-578571.310,-1265807.220,180.450
-578571.490,-1265806.940,180.460
-578567.510,-1265811.970,180.290
-578567.680,-1265811.700,180.300
-578568.270,-1265810.830,180.320
-578568.450,-1265810.560,180.330
-578568.640,-1265810.280,180.340
-578568.830,-1265809.990,180.360
-578569.030,-1265809.690,180.360
-578569.220,-1265809.420,180.370
-578569.410,-1265809.130,180.380
-578569.610,-1265808.830,180.380
-578569.820,-1265808.530,180.390
-578569.990,-1265808.270,180.400
-578570.180,-1265808.000,180.410
-578570.370,-1265807.720,180.410
-578570.540,-1265807.450,180.420
-578570.740,-1265807.150,180.420
-578570.930,-1265806.880,180.440
-578571.130,-1265806.590,180.450
-578571.490,-1265806.040,180.460
-578567.470,-1265811.490,180.290
-578567.650,-1265811.210,180.295
-578567.840,-1265810.940,180.310
-578568.030,-1265810.640,180.320
-578568.220,-1265810.370,180.320
-578568.420,-1265810.080,180.330
-578568.780,-1265809.530,180.360
-578568.990,-1265809.230,180.360
-578569.180,-1265808.940,180.370
-578569.370,-1265808.670,180.380
-578569.560,-1265808.370,180.380
-578569.760,-1265808.080,180.390
-578569.960,-1265807.790,180.400
-578570.150,-1265807.510,180.405
-578570.330,-1265807.240,180.410
-578570.510,-1265806.970,180.420
-578570.890,-1265806.390,180.440
-578571.070,-1265806.130,180.450
-578571.270,-1265805.830,180.460
-578571.460,-1265805.560,180.470
-578570.420,-1265806.420,180.420
-578570.610,-1265806.140,180.430
-578570.800,-1265805.870,180.440
-578570.990,-1265805.580,180.450
-578571.180,-1265805.300,180.460
-578571.380,-1265805.010,180.470
-578567.200,-1265811.210,180.280
-578567.380,-1265810.940,180.295
-578567.570,-1265810.670,180.310
-578567.760,-1265810.380,180.315
-578567.940,-1265810.110,180.320
-578568.130,-1265809.830,180.330
-578568.320,-1265809.540,180.330
-578568.520,-1265809.250,180.350
-578568.700,-1265808.980,180.360
-578568.890,-1265808.700,180.360
-578569.080,-1265808.410,180.375
-578569.280,-1265808.120,180.380
-578569.470,-1265807.840,180.390
-578569.670,-1265807.550,180.390
-578569.860,-1265807.260,180.400
-578570.250,-1265806.690,180.410
-578567.150,-1265810.770,180.290
-578567.350,-1265810.470,180.305
-578567.530,-1265810.190,180.310
-578567.720,-1265809.920,180.320
-578567.900,-1265809.640,180.330
-578568.090,-1265809.370,180.330
-578568.280,-1265809.080,180.340
-578568.470,-1265808.800,180.350
-578568.670,-1265808.510,180.360
-578568.850,-1265808.240,180.370
-578569.230,-1265807.670,180.380
-578569.430,-1265807.380,180.390
-578569.810,-1265806.810,180.400
-578570.010,-1265806.520,180.410
-578570.210,-1265806.230,180.410
-578570.390,-1265805.950,180.420
-578570.580,-1265805.670,180.440
-578570.760,-1265805.410,180.445
-578570.940,-1265805.130,180.450
-578571.140,-1265804.840,180.460
-578571.320,-1265804.570,180.470
-578571.520,-1265804.270,180.480
-578567.200,-1265809.880,180.300
-578567.400,-1265809.580,180.310
-578567.590,-1265809.300,180.320
-578567.770,-1265809.040,180.330
-578567.950,-1265808.760,180.330
-578568.140,-1265808.480,180.340
-578568.330,-1265808.190,180.360
-578568.520,-1265807.920,180.360
-578569.090,-1265807.080,180.380
-578569.290,-1265806.780,180.390
-578569.480,-1265806.490,180.390
-578569.670,-1265806.220,180.400
-578569.870,-1265805.920,180.400
-578570.060,-1265805.640,180.410
-578570.260,-1265805.340,180.420
-578570.450,-1265805.060,180.440
-578570.810,-1265804.520,180.460
-578571.000,-1265804.240,180.470
-578571.190,-1265803.960,180.470
-578571.370,-1265803.680,180.480
-578566.950,-1265809.740,180.300
-578567.160,-1265809.430,180.310
-578567.350,-1265809.140,180.320
-578567.550,-1265808.840,180.320
-578567.740,-1265808.570,180.330
-578568.110,-1265808.020,180.350
-578568.490,-1265807.460,180.360
-578568.670,-1265807.180,180.370
-578568.870,-1265806.890,180.370
-578569.050,-1265806.610,180.380
-578569.240,-1265806.340,180.390
-578569.440,-1265806.050,180.390
-578569.630,-1265805.760,180.390
-578569.820,-1265805.480,180.400
-578570.020,-1265805.190,180.420
-578570.220,-1265804.890,180.430
-578570.410,-1265804.600,180.440
-578570.600,-1265804.330,180.450
-578570.780,-1265804.050,180.460
-578570.960,-1265803.780,180.470
-578571.150,-1265803.510,180.470
-578571.350,-1265803.220,180.480
-578570.530,-1265803.780,180.450
-578570.720,-1265803.500,180.460
-578570.900,-1265803.230,180.470
-578571.080,-1265802.960,180.470
-578571.270,-1265802.690,180.480
-578567.080,-1265808.900,180.300
-578567.270,-1265808.610,180.300
-578568.230,-1265807.190,180.355
-578568.410,-1265806.920,180.360
-578568.790,-1265806.350,180.370
-578568.990,-1265806.060,180.380
-578569.170,-1265805.790,180.390
-578569.360,-1265805.510,180.390
-578569.560,-1265805.220,180.400
-578569.940,-1265804.650,180.415
-578570.140,-1265804.360,180.430
-578567.120,-1265808.070,180.300
-578567.320,-1265807.770,180.300
-578567.720,-1265807.190,180.330
-578567.910,-1265806.910,180.350
-578568.090,-1265806.640,180.350
-578568.270,-1265806.370,180.350
-578568.460,-1265806.090,180.350
-578568.650,-1265805.800,180.365
-578568.840,-1265805.530,180.370
-578569.220,-1265804.960,180.390
-578569.400,-1265804.690,180.400
-578569.600,-1265804.400,180.400
-578569.800,-1265804.100,180.410
-578569.980,-1265803.830,180.430
-578570.180,-1265803.530,180.430
-578570.580,-1265802.950,180.450
-578570.760,-1265802.680,180.460
-578570.940,-1265802.410,180.465
-578571.310,-1265801.860,180.490
-578566.680,-1265808.150,180.290
-578566.870,-1265807.850,180.290
-578567.070,-1265807.550,180.300
-578567.260,-1265807.270,180.310
-578567.460,-1265806.980,180.320
-578567.660,-1265806.690,180.330
-578567.860,-1265806.390,180.340
-578568.040,-1265806.120,180.350
-578568.220,-1265805.850,180.350
-578568.410,-1265805.570,180.350
-578568.790,-1265805.010,180.375
-578568.970,-1265804.730,180.380
-578569.170,-1265804.440,180.390
-578569.350,-1265804.170,180.400
-578569.540,-1265803.900,180.410
-578569.740,-1265803.600,180.410
-578569.940,-1265803.310,180.420
-578570.120,-1265803.040,180.430
-578570.520,-1265802.450,180.445
-578570.710,-1265802.170,180.455
-578570.900,-1265801.880,180.470
-578571.080,-1265801.610,180.480
-578571.260,-1265801.350,180.480
-578570.000,-1265802.510,180.430
-578570.180,-1265802.240,180.430
-578570.380,-1265801.940,180.440
-578570.580,-1265801.650,180.450
-578570.780,-1265801.360,180.465
-578570.960,-1265801.080,180.480
-578571.140,-1265800.810,180.480
-578571.330,-1265800.540,180.490
-578566.940,-1265807.040,180.300
-578567.320,-1265806.480,180.320
-578567.520,-1265806.170,180.325
-578567.720,-1265805.880,180.330
-578567.920,-1265805.590,180.340
-578568.100,-1265805.320,180.350
-578568.290,-1265805.040,180.350
-578568.470,-1265804.780,180.360
-578568.660,-1265804.500,180.370
-578568.860,-1265804.200,180.380
-578569.040,-1265803.940,180.390
-578569.240,-1265803.640,180.400
-578569.420,-1265803.360,180.405
-578569.600,-1265803.100,180.410
-578569.800,-1265802.800,180.420
-578569.620,-1265802.660,180.415
-578569.800,-1265802.390,180.420
-578570.000,-1265802.090,180.430
-578570.200,-1265801.800,180.440
-578570.380,-1265801.530,180.450
-578570.580,-1265801.230,180.460
-578570.780,-1265800.940,180.470
-578570.980,-1265800.650,180.480
-578571.160,-1265800.370,180.480
-578566.760,-1265806.900,180.300
-578566.950,-1265806.620,180.310
-578567.150,-1265806.320,180.310
-578567.340,-1265806.040,180.320
-578567.530,-1265805.760,180.330
-578567.730,-1265805.460,180.340
-578567.920,-1265805.180,180.340
-578568.120,-1265804.880,180.350
-578568.310,-1265804.600,180.360
-578568.490,-1265804.330,180.370
-578568.680,-1265804.060,180.380
-578568.860,-1265803.790,180.380
-578569.050,-1265803.500,180.390
-578569.240,-1265803.220,180.400
-578569.440,-1265802.930,180.410
-578571.180,-1265799.520,180.490
-578566.590,-1265806.340,180.300
-578566.770,-1265806.060,180.300
-578566.950,-1265805.790,180.310
-578567.360,-1265805.200,180.320
-578567.540,-1265804.930,180.340
-578567.740,-1265804.630,180.340
-578567.940,-1265804.340,180.350
-578568.130,-1265804.050,180.360
-578568.320,-1265803.770,180.370
-578568.500,-1265803.500,180.370
-578568.680,-1265803.240,180.380
-578568.870,-1265802.960,180.380
-578569.070,-1265802.660,180.400
-578569.250,-1265802.400,180.400
-578569.450,-1265802.100,180.410
-578569.640,-1265801.820,180.420
-578569.810,-1265801.560,180.430
-578570.010,-1265801.260,180.440
-578570.220,-1265800.970,180.445
-578570.400,-1265800.700,180.460
-578570.590,-1265800.410,180.470
-578570.790,-1265800.110,180.470
-578570.990,-1265799.820,180.480
-578566.550,-1265805.870,180.300
-578566.750,-1265805.570,180.300
-578566.930,-1265805.310,180.305
-578567.120,-1265805.030,180.310
-578567.320,-1265804.730,180.320
-578567.510,-1265804.450,180.340
-578567.700,-1265804.170,180.340
-578567.900,-1265803.870,180.350
-578568.090,-1265803.590,180.360
-578568.290,-1265803.290,180.370
-578568.480,-1265803.020,180.370
-578568.660,-1265802.750,180.380
-578568.850,-1265802.480,180.380
-578569.030,-1265802.200,180.400
-578569.220,-1265801.920,180.400
-578569.410,-1265801.640,180.415
-578569.610,-1265801.340,180.420
-578569.790,-1265801.070,180.430
-578569.980,-1265800.800,180.440
-578570.180,-1265800.510,180.440
-578570.370,-1265800.210,180.460
-578570.560,-1265799.940,180.460
-578570.760,-1265799.650,180.470
-578570.950,-1265799.360,180.480
-578571.150,-1265799.060,180.500
-578566.430,-1265805.330,180.295
-578566.610,-1265805.060,180.300
-578566.820,-1265804.760,180.300
-578567.000,-1265804.490,180.310
-578567.380,-1265803.920,180.330
-578567.580,-1265803.620,180.340
-578567.760,-1265803.350,180.350
-578567.960,-1265803.060,180.360
-578568.160,-1265802.770,180.370
-578568.360,-1265802.470,180.370
-578568.540,-1265802.200,180.380
-578568.730,-1265801.930,180.390
-578568.910,-1265801.660,180.400
-578569.100,-1265801.380,180.400
-578569.290,-1265801.090,180.415
-578569.480,-1265800.820,180.420
-578569.670,-1265800.540,180.430
-578569.860,-1265800.260,180.430
-578570.040,-1265799.990,180.445
-578570.240,-1265799.700,180.450
-578570.440,-1265799.400,180.460
-578570.810,-1265798.840,180.480
-578571.020,-1265798.540,180.490
-578571.220,-1265798.250,180.500
-578566.410,-1265804.880,180.300
-578566.610,-1265804.590,180.300
-578566.800,-1265804.310,180.300
-578566.990,-1265804.020,180.310
-578567.180,-1265803.740,180.320
-578567.360,-1265803.470,180.340
-578567.560,-1265803.180,180.340
-578567.760,-1265802.880,180.350
-578567.940,-1265802.620,180.370
-578568.140,-1265802.320,180.370
-578568.340,-1265802.020,180.380
-578568.530,-1265801.730,180.380
-578568.720,-1265801.460,180.390
-578568.910,-1265801.190,180.400
-578569.080,-1265800.920,180.410
-578569.270,-1265800.640,180.415
-578569.470,-1265800.350,180.420
-578569.650,-1265800.090,180.430
-578569.850,-1265799.790,180.440
-578570.040,-1265799.510,180.450
-578570.220,-1265799.250,180.450
-578570.420,-1265798.950,180.460
-578570.790,-1265798.390,180.480
-578571.000,-1265798.090,180.490
-578571.190,-1265797.800,180.500
-578568.220,-1265801.550,180.380
-578568.420,-1265801.260,180.380
-578568.620,-1265800.960,180.390
-578568.800,-1265800.700,180.400
-578568.990,-1265800.420,180.410
-578569.170,-1265800.150,180.410
-578569.350,-1265799.880,180.420
-578569.550,-1265799.580,180.430
-578569.730,-1265799.310,180.440
-578570.120,-1265798.750,180.450
-578570.300,-1265798.480,180.460
-578570.500,-1265798.190,180.470
-578570.700,-1265797.890,180.480
-578570.880,-1265797.620,180.480
-578571.070,-1265797.330,180.490
-578566.310,-1265804.390,180.290
-578566.490,-1265804.110,180.300
-578566.690,-1265803.810,180.300
-578566.870,-1265803.540,180.310
-578567.080,-1265803.240,180.320
-578567.260,-1265802.970,180.330
-578567.440,-1265802.700,180.340
-578567.640,-1265802.400,180.350
-578567.840,-1265802.120,180.360
-578568.020,-1265801.840,180.370
-578566.220,-1265803.890,180.290
-578566.400,-1265803.610,180.300
-578566.580,-1265803.350,180.300
-578566.780,-1265803.050,180.300
-578567.350,-1265802.210,180.340
-578567.540,-1265801.940,180.350
-578567.730,-1265801.650,180.360
-578567.930,-1265801.350,180.370
-578568.120,-1265801.070,180.380
-578568.320,-1265800.790,180.390
-578568.510,-1265800.490,180.400
-578568.710,-1265800.200,180.400
-578568.900,-1265799.930,180.410
-578569.080,-1265799.660,180.420
-578569.260,-1265799.380,180.430
-578569.450,-1265799.110,180.430
-578569.650,-1265798.820,180.440
-578569.830,-1265798.550,180.450
-578570.030,-1265798.260,180.450
-578570.210,-1265797.990,180.460
-578570.390,-1265797.710,180.460
-578570.590,-1265797.420,180.470
-578570.790,-1265797.130,180.480
-578570.970,-1265796.870,180.480
-578566.160,-1265803.420,180.290
-578566.350,-1265803.140,180.290
-578566.530,-1265802.870,180.300
-578566.910,-1265802.310,180.320
-578567.100,-1265802.030,180.340
-578567.300,-1265801.740,180.340
-578567.480,-1265801.470,180.350
-578567.670,-1265801.190,180.370
-578567.870,-1265800.900,180.370
-578568.060,-1265800.610,180.380
-578568.240,-1265800.340,180.390
-578568.450,-1265800.040,180.400
-578568.650,-1265799.750,180.400
-578568.840,-1265799.460,180.410
-578569.030,-1265799.180,180.420
-578569.210,-1265798.910,180.430
-578569.390,-1265798.650,180.430
-578569.580,-1265798.370,180.440
-578569.770,-1265798.080,180.450
-578569.950,-1265797.810,180.450
-578570.160,-1265797.520,180.460
-578570.340,-1265797.240,180.460
-578570.520,-1265796.980,180.470
-578570.720,-1265796.680,180.470
-578570.920,-1265796.390,180.480
-578571.100,-1265796.130,180.480
-578567.360,-1265800.960,180.350
-578567.540,-1265800.690,180.370
-578567.730,-1265800.420,180.370
-578567.920,-1265800.130,180.380
-578568.120,-1265799.840,180.390
-578568.310,-1265799.560,180.400
-578568.510,-1265799.270,180.410
-578568.700,-1265798.980,180.410
-578568.900,-1265798.680,180.420
-578569.090,-1265798.410,180.430
-578569.270,-1265798.140,180.440
-578569.450,-1265797.870,180.440
-578569.640,-1265797.600,180.440
-578569.830,-1265797.310,180.450
-578570.020,-1265797.030,180.450
-578570.210,-1265796.740,180.460
-578570.390,-1265796.480,180.460
-578570.580,-1265796.200,180.470
-578570.780,-1265795.910,180.470
-578570.970,-1265795.630,180.470
-578566.040,-1265802.920,180.290
-578566.220,-1265802.640,180.290
-578566.400,-1265802.370,180.300
-578566.590,-1265802.090,180.300
-578566.970,-1265801.530,180.330
-578567.160,-1265801.250,180.340
-578566.130,-1265802.180,180.290
-578566.310,-1265801.910,180.300
-578566.490,-1265801.640,180.310
-578566.680,-1265801.370,180.320
-578566.860,-1265801.090,180.330
-578567.060,-1265800.800,180.350
-578567.250,-1265800.530,180.355
-578567.450,-1265800.230,180.370
-578567.630,-1265799.960,180.370
-578567.820,-1265799.690,180.380
-578568.010,-1265799.390,180.390
-578568.210,-1265799.100,180.400
-578568.390,-1265798.830,180.405
-578568.590,-1265798.540,180.410
-578568.790,-1265798.250,180.420
-578568.990,-1265797.960,180.430
-578569.170,-1265797.680,180.430
-578569.350,-1265797.410,180.440
-578569.540,-1265797.150,180.440
-578569.720,-1265796.870,180.450
-578569.920,-1265796.580,180.450
-578570.100,-1265796.320,180.450
-578570.300,-1265796.020,180.455
-578570.480,-1265795.750,180.460
-578570.660,-1265795.480,180.460
-578570.860,-1265795.190,180.470
-578566.040,-1265801.730,180.290
-578566.240,-1265801.450,180.300
-578566.420,-1265801.170,180.310
-578566.610,-1265800.890,180.320
-578566.790,-1265800.630,180.340
-578566.980,-1265800.350,180.350
-578567.180,-1265800.050,180.360
-578567.360,-1265799.790,180.370
-578567.560,-1265799.490,180.380
-578567.750,-1265799.220,180.380
-578567.930,-1265798.950,180.400
-578568.130,-1265798.660,180.400
-578568.330,-1265798.360,180.410
-578568.510,-1265798.090,180.420
-578568.710,-1265797.800,180.420
-578569.100,-1265797.220,180.430
-578569.290,-1265796.950,180.440
-578569.460,-1265796.680,180.440
-578569.650,-1265796.410,180.440
-578569.840,-1265796.130,180.440
-578570.030,-1265795.850,180.450
-578570.220,-1265795.580,180.450
-578570.420,-1265795.280,180.460
-578570.590,-1265795.020,180.460
-578570.780,-1265794.740,180.470
-578570.980,-1265794.450,180.480
-578565.740,-1265801.610,180.290
-578565.940,-1265801.310,180.295
-578566.140,-1265801.010,180.300
-578566.340,-1265800.710,180.320
-578566.520,-1265800.440,180.320
-578566.710,-1265800.170,180.340
-578566.890,-1265799.900,180.350
-578567.080,-1265799.620,180.360
-578567.270,-1265799.330,180.370
-578567.660,-1265798.770,180.390
-578567.840,-1265798.500,180.400
-578568.030,-1265798.230,180.400
-578568.220,-1265797.930,180.410
-578568.420,-1265797.650,180.410
-578568.610,-1265797.370,180.420
-578568.800,-1265797.080,180.420
-578569.000,-1265796.790,180.420
-578569.200,-1265796.490,180.440
-578569.380,-1265796.220,180.440
-578569.560,-1265795.960,180.440
-578569.750,-1265795.680,180.440
-578569.930,-1265795.410,180.440
-578570.130,-1265795.130,180.450
-578570.310,-1265794.850,180.450
-578570.510,-1265794.560,180.460
-578570.690,-1265794.300,180.470
-578570.880,-1265794.020,180.480
-578565.800,-1265800.800,180.300
-578566.010,-1265800.500,180.310
-578566.200,-1265800.210,180.320
-578566.400,-1265799.920,180.330
-578566.590,-1265799.640,180.340
-578566.770,-1265799.370,180.350
-578566.950,-1265799.100,180.360
-578567.140,-1265798.820,180.370
-578567.340,-1265798.530,180.380
-578567.520,-1265798.260,180.390
-578567.720,-1265797.970,180.400
-578567.900,-1265797.700,180.400
-578568.090,-1265797.430,180.400
-578568.280,-1265797.140,180.410
-578568.480,-1265796.850,180.410
-578568.670,-1265796.580,180.410
-578568.860,-1265796.290,180.420
-578569.060,-1265795.990,180.420
-578569.260,-1265795.700,180.430
-578569.440,-1265795.440,180.440
-578569.630,-1265795.160,180.440
-578569.810,-1265794.890,180.440
-578569.990,-1265794.630,180.440
-578570.190,-1265794.330,180.450
-578570.370,-1265794.060,180.450
-578570.570,-1265793.770,180.460
-578570.760,-1265793.490,180.470
-578570.940,-1265793.220,180.480
-578565.680,-1265800.340,180.305
-578565.860,-1265800.070,180.310
-578566.070,-1265799.770,180.320
-578566.270,-1265799.470,180.320
-578566.460,-1265799.180,180.340
-578566.650,-1265798.900,180.350
-578566.840,-1265798.630,180.360
-578567.010,-1265798.370,180.370
-578567.200,-1265798.090,180.380
-578567.400,-1265797.790,180.390
-578567.580,-1265797.530,180.390
-578567.780,-1265797.240,180.395
-578567.970,-1265796.960,180.400
-578568.150,-1265796.700,180.400
-578568.350,-1265796.400,180.400
-578568.550,-1265796.110,180.410
-578568.730,-1265795.850,180.410
-578568.930,-1265795.550,180.420
-578569.130,-1265795.260,180.420
-578569.320,-1265794.970,180.420
-578569.500,-1265794.700,180.430
-578569.690,-1265794.430,180.430
-578569.870,-1265794.160,180.430
-578570.050,-1265793.890,180.440
-578570.250,-1265793.590,180.450
-578570.430,-1265793.330,180.460
-578570.630,-1265793.030,180.465
-578570.820,-1265792.760,180.480
-578565.600,-1265799.900,180.300
-578565.800,-1265799.600,180.310
-578565.980,-1265799.330,180.320
-578566.180,-1265799.030,180.330
-578566.380,-1265798.750,180.340
-578566.580,-1265798.450,180.355
-578566.760,-1265798.170,180.360
-578566.940,-1265797.900,180.370
-578567.130,-1265797.630,180.390
-578567.320,-1265797.360,180.390
-578567.510,-1265797.070,180.390
-578567.700,-1265796.800,180.390
-578567.900,-1265796.500,180.400
-578568.070,-1265796.240,180.400
-578568.260,-1265795.960,180.400
-578568.650,-1265795.390,180.410
-578568.840,-1265795.110,180.415
-578569.040,-1265794.820,180.420
-578569.230,-1265794.540,180.420
-578569.430,-1265794.240,180.420
-578569.620,-1265793.970,180.430
-578569.800,-1265793.700,180.430
-578569.980,-1265793.430,180.440
-578570.170,-1265793.150,180.450
-578570.550,-1265792.590,180.460
-578570.750,-1265792.300,180.470
-578565.690,-1265799.220,180.310
-578565.880,-1265798.930,180.320
-578566.070,-1265798.650,180.330
-578566.270,-1265798.350,180.340
-578566.470,-1265798.070,180.350
-578566.670,-1265797.770,180.360
-578566.850,-1265797.500,180.370
-578567.030,-1265797.230,180.380
-578567.220,-1265796.950,180.390
-578567.400,-1265796.690,180.390
-578567.600,-1265796.400,180.390
-578567.780,-1265796.130,180.400
-578567.980,-1265795.830,180.400
-578568.160,-1265795.570,180.400
-578568.350,-1265795.290,180.410
-578568.550,-1265795.000,180.410
-578568.740,-1265794.710,180.410
-578568.930,-1265794.440,180.410
-578569.130,-1265794.150,180.415
-578569.320,-1265793.860,180.420
-578569.520,-1265793.570,180.420
-578569.710,-1265793.290,180.430
-578569.890,-1265793.030,180.440
-578570.070,-1265792.750,180.450
-578570.260,-1265792.470,180.460
-578570.460,-1265792.160,180.460
-578570.640,-1265791.910,180.460
-578570.830,-1265791.630,180.460
-578565.580,-1265798.820,180.310
-578565.780,-1265798.520,180.320
-578565.980,-1265798.230,180.330
-578566.160,-1265797.960,180.330
-578566.360,-1265797.670,180.350
-578566.560,-1265797.370,180.360
-578566.760,-1265797.080,180.370
-578566.940,-1265796.810,180.370
-578567.130,-1265796.530,180.380
-578567.310,-1265796.270,180.390
-578567.490,-1265796.000,180.390
-578567.690,-1265795.700,180.390
-578567.880,-1265795.430,180.400
-578568.070,-1265795.150,180.400
-578568.260,-1265794.870,180.400
-578568.440,-1265794.600,180.400
-578568.630,-1265794.320,180.400
-578568.840,-1265794.020,180.400
-578569.020,-1265793.750,180.410
-578569.210,-1265793.470,180.410
-578569.410,-1265793.170,180.420
-578569.610,-1265792.880,180.430
-578569.790,-1265792.610,180.440
-578569.980,-1265792.340,180.450
-578570.170,-1265792.050,180.450
-578570.340,-1265791.790,180.450
-578570.550,-1265791.480,180.450
-578570.730,-1265791.240,180.440
-578565.440,-1265798.390,180.305
-578565.620,-1265798.120,180.315
-578565.820,-1265797.820,180.320
-578566.020,-1265797.530,180.330
-578566.200,-1265797.260,180.330
-578566.400,-1265796.970,180.340
-578566.600,-1265796.670,180.360
-578566.800,-1265796.380,180.370
-578566.980,-1265796.110,180.370
-578567.170,-1265795.830,180.380
-578567.350,-1265795.560,180.390
-578567.540,-1265795.290,180.390
-578567.740,-1265795.000,180.390
-578567.920,-1265794.730,180.390
-578568.120,-1265794.440,180.390
-578568.300,-1265794.170,180.395
-578568.480,-1265793.900,180.390
-578568.680,-1265793.610,180.390
-578568.880,-1265793.320,180.400
-578569.060,-1265793.050,180.410
-578569.260,-1265792.760,180.410
-578569.450,-1265792.470,180.420
-578569.660,-1265792.170,180.430
-578569.840,-1265791.900,180.440
-578570.020,-1265791.640,180.430
-578570.210,-1265791.340,180.420
-578570.390,-1265791.080,180.420
-578570.580,-1265790.820,180.410
-578570.760,-1265790.550,180.405
-578565.350,-1265797.960,180.300
-578565.530,-1265797.690,180.310
-578565.720,-1265797.400,180.315
-578565.920,-1265797.110,180.330
-578566.110,-1265796.830,180.330
-578566.300,-1265796.550,180.340
-578566.500,-1265796.250,180.350
-578566.700,-1265795.970,180.365
-578566.900,-1265795.670,180.370
-578567.080,-1265795.390,180.380
-578567.260,-1265795.130,180.390
-578567.450,-1265794.860,180.390
-578567.630,-1265794.590,180.390
-578567.830,-1265794.300,180.390
-578568.010,-1265794.030,180.390
-578568.210,-1265793.730,180.390
-578568.390,-1265793.470,180.390
-578568.580,-1265793.200,180.390
-578568.780,-1265792.900,180.400
-578568.970,-1265792.620,180.400
-578569.160,-1265792.350,180.410
-578569.360,-1265792.050,180.420
-578569.550,-1265791.760,180.420
-578569.750,-1265791.470,180.420
-578569.930,-1265791.200,180.410
-578570.120,-1265790.940,180.405
-578570.300,-1265790.670,180.400
-578570.480,-1265790.400,180.400
-578570.680,-1265790.110,180.390
-578565.400,-1265797.240,180.300
-578565.590,-1265796.970,180.310
-578565.770,-1265796.690,180.320
-578565.970,-1265796.400,180.330
-578566.170,-1265796.100,180.340
-578566.350,-1265795.840,180.350
-578566.550,-1265795.540,180.360
-578566.750,-1265795.250,180.370
-578566.950,-1265794.960,180.380
-578567.130,-1265794.680,180.380
-578567.320,-1265794.410,180.380
-578567.500,-1265794.150,180.380
-578567.680,-1265793.880,180.380
-578567.880,-1265793.580,180.390
-578568.060,-1265793.320,180.390
-578568.260,-1265793.030,180.390
-578568.440,-1265792.760,180.390
-578568.630,-1265792.490,180.390
-578568.820,-1265792.200,180.400
-578569.020,-1265791.900,180.410
-578569.210,-1265791.640,180.410
-578569.400,-1265791.350,180.410
-578569.600,-1265791.050,180.400
-578569.800,-1265790.770,180.400
-578569.980,-1265790.500,180.390
-578570.160,-1265790.230,180.380
-578570.350,-1265789.960,180.380
-578570.520,-1265789.700,180.380
-578570.720,-1265789.410,180.370
-578565.150,-1265797.160,180.295
-578565.340,-1265796.870,180.305
-578565.540,-1265796.580,180.320
-578565.720,-1265796.300,180.320
-578565.910,-1265796.030,180.330
-578566.100,-1265795.740,180.340
-578566.300,-1265795.440,180.350
-578566.490,-1265795.160,180.360
-578566.690,-1265794.870,180.370
-578566.890,-1265794.580,180.380
-578567.080,-1265794.290,180.380
-578567.270,-1265794.020,180.380
-578567.450,-1265793.760,180.380
-578567.630,-1265793.490,180.380
-578567.820,-1265793.210,180.380
-578568.010,-1265792.930,180.380
-578568.200,-1265792.660,180.390
-578568.400,-1265792.360,180.390
-578568.580,-1265792.090,180.400
-578568.760,-1265791.820,180.400
-578568.960,-1265791.530,180.400
-578569.160,-1265791.240,180.400
-578569.340,-1265790.980,180.400
-578569.540,-1265790.680,180.390
-578569.740,-1265790.390,180.380
-578569.930,-1265790.110,180.380
-578570.120,-1265789.840,180.370
-578570.300,-1265789.570,180.370
-578570.480,-1265789.310,180.370
-578570.660,-1265789.030,180.365
-578565.240,-1265796.470,180.300
-578565.430,-1265796.190,180.310
-578565.630,-1265795.890,180.320
-578565.810,-1265795.620,180.330
-578566.000,-1265795.350,180.340
-578566.200,-1265795.060,180.350
-578566.390,-1265794.770,180.350
-578566.580,-1265794.500,180.360
-578566.780,-1265794.200,180.370
-578566.970,-1265793.910,180.370
-578567.170,-1265793.620,180.370
-578567.360,-1265793.340,180.380
-578567.540,-1265793.080,180.380
-578567.720,-1265792.800,180.380
-578567.910,-1265792.540,180.380
-578568.100,-1265792.260,180.390
-578568.290,-1265791.980,180.390
-578568.490,-1265791.690,180.390
-578568.660,-1265791.420,180.395
-578568.850,-1265791.150,180.390
-578569.050,-1265790.860,180.390
-578569.240,-1265790.580,180.390
-578569.430,-1265790.300,180.380
-578569.630,-1265790.010,180.370
-578569.820,-1265789.730,180.370
-578570.020,-1265789.440,180.370
-578570.210,-1265789.160,180.365
-578570.390,-1265788.900,180.350
-578570.570,-1265788.630,180.350
-578565.300,-1265795.750,180.300
-578565.490,-1265795.480,180.320
-578565.690,-1265795.180,180.320
-578565.870,-1265794.910,180.335
-578566.050,-1265794.650,180.340
-578566.250,-1265794.360,180.350
-578566.450,-1265794.060,180.355
-578566.640,-1265793.790,180.360
-578566.830,-1265793.500,180.360
-578567.030,-1265793.210,180.370
-578567.230,-1265792.910,180.370
-578567.410,-1265792.650,180.370
-578567.600,-1265792.380,180.370
-578567.780,-1265792.100,180.380
-578567.960,-1265791.840,180.380
-578568.160,-1265791.540,180.390
-578568.350,-1265791.270,180.390
-578568.540,-1265790.990,180.390
-578568.720,-1265790.720,180.390
-578568.910,-1265790.450,180.380
-578569.100,-1265790.160,180.370
-578569.300,-1265789.870,180.370
-578569.490,-1265789.600,180.370
-578569.680,-1265789.320,180.360
-578569.880,-1265789.020,180.350
-578570.080,-1265788.730,180.350
-578570.260,-1265788.470,180.340
-578570.440,-1265788.200,180.330
-578570.630,-1265787.930,180.310
-578564.970,-1265795.650,180.290
-578565.160,-1265795.370,180.300
-578565.360,-1265795.070,180.310
-578565.550,-1265794.790,180.320
-578565.740,-1265794.510,180.325
-578565.930,-1265794.230,180.340
-578566.120,-1265793.960,180.340
-578566.310,-1265793.670,180.350
-578566.510,-1265793.380,180.360
-578566.690,-1265793.110,180.360
-578566.890,-1265792.820,180.360
-578567.090,-1265792.530,180.360
-578567.290,-1265792.230,180.370
-578567.470,-1265791.960,180.370
-578567.660,-1265791.690,180.380
-578567.840,-1265791.420,180.380
-578568.020,-1265791.160,180.380
-578568.220,-1265790.860,180.380
-578568.400,-1265790.590,180.380
-578568.600,-1265790.310,180.380
-578568.780,-1265790.040,180.370
-578568.970,-1265789.770,180.370
-578569.160,-1265789.480,180.360
-578569.360,-1265789.190,180.360
-578569.540,-1265788.920,180.350
-578569.740,-1265788.630,180.340
-578569.940,-1265788.350,180.330
-578570.130,-1265788.060,180.320
-578570.320,-1265787.790,180.300
-578570.500,-1265787.530,180.280
-578564.870,-1265795.250,180.290
-578565.050,-1265794.970,180.295
-578565.240,-1265794.690,180.300
-578565.440,-1265794.400,180.310
-578565.620,-1265794.130,180.320
-578565.820,-1265793.830,180.330
-578566.010,-1265793.570,180.340
-578566.190,-1265793.300,180.340
-578566.390,-1265793.000,180.350
-578566.590,-1265792.710,180.350
-578566.770,-1265792.440,180.350
-578566.970,-1265792.150,180.360
-578567.170,-1265791.850,180.360
-578567.360,-1265791.570,180.370
-578567.550,-1265791.290,180.380
-578567.730,-1265791.020,180.380
-578567.910,-1265790.760,180.380
-578568.100,-1265790.490,180.380
-578568.300,-1265790.190,180.370
-578568.470,-1265789.940,180.370
-578568.680,-1265789.640,180.360
-578568.860,-1265789.370,180.360
-578569.040,-1265789.110,180.350
-578569.240,-1265788.810,180.340
-578569.440,-1265788.530,180.330
-578569.610,-1265788.260,180.320
-578569.810,-1265787.980,180.300
-578570.010,-1265787.690,180.290
-578570.210,-1265787.400,180.260
-578564.940,-1265794.580,180.290
-578565.130,-1265794.310,180.300
-578565.320,-1265794.030,180.310
-578565.510,-1265793.740,180.320
-578565.700,-1265793.470,180.330
-578565.900,-1265793.170,180.335
-578566.080,-1265792.910,180.340
-578566.260,-1265792.630,180.350
-578566.460,-1265792.340,180.350
-578566.660,-1265792.050,180.350
-578566.840,-1265791.780,180.350
-578567.040,-1265791.480,180.360
-578567.240,-1265791.200,180.370
-578567.440,-1265790.900,180.370
-578567.620,-1265790.630,180.370
-578567.800,-1265790.370,180.370
-578567.980,-1265790.100,180.370
-578568.170,-1265789.830,180.360
-578568.370,-1265789.540,180.360
-578568.550,-1265789.280,180.355
-578568.750,-1265788.990,180.340
-578568.930,-1265788.720,180.330
-578569.110,-1265788.450,180.320
-578569.310,-1265788.170,180.310
-578569.500,-1265787.880,180.300
-578569.680,-1265787.620,180.280
-578569.880,-1265787.340,180.260
-578564.850,-1265794.190,180.280
-578565.040,-1265793.900,180.290
-578565.220,-1265793.630,180.300
-578565.400,-1265793.360,180.310
-578565.600,-1265793.070,180.320
-578565.790,-1265792.790,180.330
-578565.980,-1265792.510,180.340
-578566.170,-1265792.230,180.340
-578566.350,-1265791.960,180.340
-578566.550,-1265791.680,180.350
-578566.750,-1265791.380,180.350
-578566.930,-1265791.110,180.360
-578567.130,-1265790.820,180.360
-578567.330,-1265790.530,180.360
-578567.530,-1265790.230,180.360
-578567.710,-1265789.970,180.360
-578567.890,-1265789.700,180.360
-578568.070,-1265789.430,180.350
-578568.260,-1265789.170,180.345
-578568.450,-1265788.880,180.330
-578568.640,-1265788.610,180.320
-578568.830,-1265788.320,180.315
-578569.010,-1265788.060,180.305
-578569.200,-1265787.790,180.290
-578569.400,-1265787.500,180.270
-578564.700,-1265793.790,180.280
-578564.880,-1265793.510,180.280
-578565.070,-1265793.240,180.300
-578565.250,-1265792.960,180.300
-578565.430,-1265792.690,180.320
-578565.640,-1265792.400,180.325
-578565.820,-1265792.120,180.330
-578566.020,-1265791.830,180.340
-578566.200,-1265791.570,180.340
-578566.380,-1265791.300,180.350
-578566.580,-1265791.000,180.350
-578566.780,-1265790.710,180.360
-578566.960,-1265790.440,180.360
-578567.160,-1265790.150,180.360
-578567.360,-1265789.860,180.360
-578567.550,-1265789.580,180.350
-578567.740,-1265789.300,180.340
-578567.920,-1265789.040,180.330
-578568.100,-1265788.780,180.320
-578568.290,-1265788.500,180.320
-578568.480,-1265788.210,180.300
-578568.660,-1265787.960,180.300
-578568.860,-1265787.660,180.280
-578569.040,-1265787.410,180.270
-578564.650,-1265793.470,180.280
-578564.850,-1265793.180,180.290
-578565.030,-1265792.910,180.295
-578565.220,-1265792.630,180.310
-578565.400,-1265792.360,180.310
-578565.590,-1265792.090,180.320
-578565.790,-1265791.800,180.330
-578565.970,-1265791.530,180.330
-578566.170,-1265791.240,180.340
-578566.350,-1265790.960,180.350
-578566.530,-1265790.700,180.350
-578566.730,-1265790.400,180.360
-578566.930,-1265790.110,180.360
-578567.110,-1265789.850,180.350
-578567.310,-1265789.560,180.350
-578567.510,-1265789.260,180.335
-578567.710,-1265788.980,180.330
-578567.890,-1265788.710,180.320
-578568.070,-1265788.450,180.310
-578568.260,-1265788.170,180.300
-578568.430,-1265787.910,180.300
-578568.630,-1265787.630,180.285
-578568.810,-1265787.370,180.270
-578564.710,-1265792.820,180.280
-578564.910,-1265792.530,180.290
-578565.090,-1265792.260,180.300
-578565.280,-1265791.980,180.310
-578565.460,-1265791.720,180.320
-578565.640,-1265791.450,180.320
-578565.840,-1265791.150,180.330
-578566.020,-1265790.880,180.340
-578566.220,-1265790.590,180.340
-578566.410,-1265790.320,180.350
-578566.590,-1265790.050,180.350
-578566.780,-1265789.770,180.350
-578566.990,-1265789.470,180.340
-578567.170,-1265789.200,180.330
-578567.360,-1265788.920,180.320
-578567.560,-1265788.620,180.310
-578567.760,-1265788.330,180.300
-578567.940,-1265788.070,180.300
-578568.130,-1265787.800,180.290
-578568.310,-1265787.550,180.280
-578564.790,-1265792.140,180.290
-578564.990,-1265791.840,180.300
-578565.180,-1265791.570,180.305
-578565.360,-1265791.300,180.310
-578565.540,-1265791.030,180.320
-578565.730,-1265790.760,180.330
-578565.920,-1265790.470,180.330
-578566.110,-1265790.200,180.340
-578566.310,-1265789.900,180.340
-578566.490,-1265789.640,180.340
-578566.670,-1265789.370,180.330
-578566.870,-1265789.080,180.320
-578567.070,-1265788.790,180.310
-578567.240,-1265788.530,180.310
-578567.450,-1265788.240,180.300
-578567.640,-1265787.950,180.290
-578567.840,-1265787.670,180.280
-578568.020,-1265787.410,180.280
-578564.590,-1265792.430,180.280
-578564.630,-1265791.760,180.290
-578564.830,-1265791.470,180.290
-578565.030,-1265791.170,180.300
-578565.210,-1265790.900,180.310
-578565.390,-1265790.630,180.310
-578565.580,-1265790.360,180.320
-578565.760,-1265790.090,180.330
-578565.960,-1265789.800,180.330
-578566.140,-1265789.530,180.330
-578566.340,-1265789.240,180.320
-578566.520,-1265788.970,180.310
-578566.710,-1265788.710,180.310
-578566.900,-1265788.420,180.300
-578567.100,-1265788.130,180.290
-578567.280,-1265787.870,180.280
-578567.480,-1265787.600,180.280
-578564.540,-1265791.420,180.280
-578564.740,-1265791.130,180.290
-578564.940,-1265790.830,180.295
-578565.130,-1265790.540,180.300
-578565.320,-1265790.270,180.310
-578565.500,-1265789.990,180.310
-578565.690,-1265789.720,180.315
-578565.870,-1265789.460,180.315
-578566.070,-1265789.170,180.310
-578566.250,-1265788.900,180.310
-578566.450,-1265788.610,180.300
-578566.630,-1265788.340,180.290
-578566.810,-1265788.080,180.290
-578567.010,-1265787.790,180.280
-578564.430,-1265791.050,180.280
-578564.620,-1265790.780,180.280
-578564.810,-1265790.490,180.290
-578565.010,-1265790.190,180.295
-578565.210,-1265789.890,180.300
-578565.390,-1265789.630,180.305
-578565.580,-1265789.360,180.310
-578565.760,-1265789.090,180.310
-578565.940,-1265788.820,180.300
-578566.140,-1265788.530,180.290
-578566.330,-1265788.260,180.290
-578566.520,-1265787.980,180.285
-578564.340,-1265790.670,180.280
-578564.540,-1265790.360,180.280
-578564.710,-1265790.100,180.280
-578564.920,-1265789.800,180.290
-578565.120,-1265789.510,180.290
-578565.310,-1265789.220,180.290
-578565.500,-1265788.950,180.290
-578565.680,-1265788.680,180.290
-578565.860,-1265788.420,180.280
-578566.040,-1265788.150,180.280
-578566.240,-1265787.860,180.275
-578566.420,-1265787.610,180.270
-578564.980,-1265789.130,180.280
-578565.180,-1265788.830,180.270
-578565.370,-1265788.540,180.270
-578565.550,-1265788.280,180.270
-578565.740,-1265788.010,180.270
-578565.910,-1265787.770,180.270
-578564.190,-1265790.290,180.265
-578564.390,-1265789.990,180.270
-578564.590,-1265789.690,180.270
-578564.780,-1265789.420,180.270
-578564.300,-1265789.640,180.260
-578564.500,-1265789.350,180.270
-578564.690,-1265789.060,180.265
-578564.880,-1265788.790,180.265
-578565.080,-1265788.490,180.270
-578565.280,-1265788.210,180.270
-578565.470,-1265787.930,180.265
-578564.150,-1265789.250,180.250
-578564.330,-1265788.980,180.250
-578564.530,-1265788.680,180.250
-578564.730,-1265788.390,180.250
-578564.910,-1265788.130,180.250
-578564.060,-1265788.850,180.240
-578564.240,-1265788.580,180.240
-578564.420,-1265788.300,180.240
-578564.620,-1265788.030,180.240
-578563.930,-1265788.490,180.230
-578564.130,-1265788.190,180.240
-578564.310,-1265787.940,180.240
-578563.920,-1265788.160,180.230
-578577.010,-1265786.360,180.250
-578577.360,-1265786.390,180.250
-578577.010,-1265786.560,180.255
-578577.410,-1265786.570,180.250
-578577.070,-1265786.730,180.260
-578577.430,-1265786.660,180.250
-578577.120,-1265786.810,180.260
-578577.520,-1265786.890,180.250
-578577.190,-1265787.050,180.260
-578577.580,-1265786.990,180.250
-578577.220,-1265787.160,180.260
-578577.370,-1265787.410,180.260
-578577.020,-1265787.580,180.270
-578577.400,-1265787.470,180.265
-578577.080,-1265787.630,180.270
-578577.510,-1265787.750,180.270
-578577.170,-1265787.910,180.270
-578577.530,-1265787.840,180.270
-578577.220,-1265787.990,180.275
-578577.590,-1265788.030,180.270
-578577.270,-1265788.180,180.280
-578576.950,-1265788.330,180.290
-578577.680,-1265788.170,180.265
-578577.360,-1265788.320,180.270
-578577.030,-1265788.480,180.290
-578577.770,-1265788.300,180.260
-578577.430,-1265788.470,180.280
-578577.110,-1265788.620,180.285
-578577.530,-1265788.700,180.270
-578577.220,-1265788.850,180.280
-578577.610,-1265788.770,180.270
-578577.260,-1265788.940,180.280
-578576.940,-1265789.090,180.300
-578577.720,-1265788.930,180.265
-578577.370,-1265789.100,180.280
-578577.030,-1265789.270,180.300
-578577.840,-1265789.060,180.270
-578577.490,-1265789.230,180.280
-578577.150,-1265789.400,180.290
-578577.950,-1265789.320,180.260
-578577.610,-1265789.480,180.280
-578577.270,-1265789.650,180.295
-578576.930,-1265789.810,180.315
-578577.700,-1265789.570,180.280
-578577.370,-1265789.730,180.290
-578577.040,-1265789.890,180.310
-578577.810,-1265789.760,180.275
-578577.460,-1265789.930,180.290
-578577.150,-1265790.070,180.310
-578577.880,-1265789.840,180.270
-578577.540,-1265790.010,180.290
-578577.190,-1265790.180,180.310
-578578.020,-1265790.130,180.270
-578577.680,-1265790.300,180.280
-578577.340,-1265790.460,180.310
-578576.990,-1265790.620,180.330
-578577.780,-1265790.480,180.280
-578577.470,-1265790.630,180.300
-578577.120,-1265790.800,180.320
-578578.110,-1265790.320,180.270
-578577.870,-1265790.620,180.280
-578577.560,-1265790.770,180.300
-578577.230,-1265790.920,180.320
-578578.000,-1265790.820,180.280
-578577.640,-1265790.990,180.300
-578577.320,-1265791.140,180.320
-578577.010,-1265791.290,180.330
-578578.070,-1265790.940,180.280
-578577.750,-1265791.100,180.300
-578577.390,-1265791.260,180.320
-578577.090,-1265791.410,180.330
-578578.210,-1265791.230,180.275
-578577.860,-1265791.400,180.290
-578577.530,-1265791.560,180.310
-578577.190,-1265791.720,180.330
-578578.290,-1265791.380,180.280
-578577.970,-1265791.530,180.295
-578577.620,-1265791.700,180.310
-578577.310,-1265791.850,180.320
-578576.980,-1265792.000,180.340
-578578.080,-1265791.720,180.290
-578577.760,-1265791.870,180.305
-578577.420,-1265792.030,180.320
-578577.100,-1265792.180,180.335
-578578.170,-1265791.990,180.280
-578577.850,-1265792.140,180.300
-578577.540,-1265792.290,180.320
-578577.200,-1265792.450,180.330
-578578.290,-1265792.130,180.285
-578577.950,-1265792.290,180.300
-578577.640,-1265792.440,180.310
-578577.330,-1265792.590,180.320
-578576.990,-1265792.750,180.340
-578577.760,-1265792.670,180.310
-578577.120,-1265792.970,180.340
-578578.180,-1265792.740,180.295
-578577.870,-1265792.890,180.305
-578577.550,-1265793.040,180.320
-578577.240,-1265793.190,180.330
-578576.930,-1265793.340,180.340
-578578.310,-1265792.970,180.290
-578577.980,-1265793.130,180.310
-578577.650,-1265793.290,180.320
-578577.340,-1265793.440,180.330
-578577.030,-1265793.580,180.340
-578578.110,-1265793.360,180.300
-578577.770,-1265793.530,180.320
-578577.460,-1265793.670,180.320
-578577.140,-1265793.830,180.340
-578578.210,-1265793.540,180.290
-578577.880,-1265793.700,180.310
-578577.540,-1265793.860,180.320
-578577.230,-1265794.010,180.340
-578578.340,-1265793.680,180.285
-578578.000,-1265793.850,180.310
-578577.650,-1265794.020,180.320
-578577.320,-1265794.170,180.330
-578577.000,-1265794.320,180.340
-578578.480,-1265794.000,180.280
-578578.160,-1265794.160,180.305
-578577.820,-1265794.320,180.320
-578577.490,-1265794.480,180.330
-578577.140,-1265794.640,180.340
-578576.950,-1265795.050,180.350
-578578.610,-1265794.260,180.280
-578578.280,-1265794.420,180.300
-578577.960,-1265794.570,180.310
-578577.620,-1265794.740,180.330
-578577.280,-1265794.890,180.340
-578578.420,-1265794.620,180.290
-578578.070,-1265794.780,180.310
-578577.760,-1265794.930,180.330
-578577.420,-1265795.090,180.340
-578577.090,-1265795.250,180.340
-578578.540,-1265794.790,180.290
-578578.200,-1265794.960,180.310
-578577.860,-1265795.120,180.330
-578577.550,-1265795.270,180.330
-578577.200,-1265795.430,180.340
-578578.350,-1265795.270,180.310
-578578.020,-1265795.430,180.320
-578577.360,-1265795.740,180.340
-578578.200,-1265795.710,180.320
-578577.860,-1265795.880,180.330
-578577.520,-1265796.040,180.340
-578577.220,-1265796.180,180.350
-578578.520,-1265795.560,180.310
-578578.590,-1265795.700,180.310
-578578.280,-1265795.850,180.320
-578577.960,-1265796.000,180.330
-578577.620,-1265796.170,180.340
-578577.290,-1265796.320,180.340
-578576.970,-1265796.470,180.350
-578578.420,-1265796.180,180.320
-578578.100,-1265796.330,180.320
-578577.790,-1265796.480,180.340
-578577.450,-1265796.640,180.340
-578577.110,-1265796.800,180.350
-578578.900,-1265796.240,180.290
-578578.570,-1265796.400,180.310
-578578.220,-1265796.570,180.320
-578577.920,-1265796.710,180.330
-578577.590,-1265796.870,180.340
-578577.260,-1265797.020,180.350
-578576.930,-1265797.180,180.360
-578578.370,-1265796.820,180.320
-578578.030,-1265796.980,180.320
-578577.710,-1265797.130,180.340
-578577.410,-1265797.280,180.345
-578577.070,-1265797.440,180.350
-578578.690,-1265796.670,180.300
-578578.850,-1265796.920,180.300
-578578.500,-1265797.090,180.310
-578578.180,-1265797.240,180.320
-578577.860,-1265797.400,180.330
-578577.540,-1265797.550,180.340
-578577.230,-1265797.700,180.350
-578578.630,-1265797.280,180.310
-578578.300,-1265797.440,180.320
-578577.980,-1265797.590,180.320
-578577.650,-1265797.750,180.340
-578577.340,-1265797.890,180.350
-578577.030,-1265798.040,180.360
-578577.500,-1265798.260,180.340
-578577.180,-1265798.410,180.350
-578578.790,-1265797.650,180.300
-578578.480,-1265797.800,180.310
-578578.150,-1265797.960,180.320
-578577.830,-1265798.110,180.330
-578578.920,-1265797.880,180.300
-578578.600,-1265798.030,180.310
-578578.280,-1265798.190,180.320
-578577.950,-1265798.340,180.330
-578577.640,-1265798.490,180.340
-578577.300,-1265798.650,180.350
-578576.990,-1265798.800,180.360
-578579.040,-1265798.130,180.300
-578578.710,-1265798.290,180.310
-578578.390,-1265798.440,180.310
-578578.080,-1265798.590,180.330
-578577.430,-1265798.900,180.350
-578577.100,-1265799.050,180.360
-578578.830,-1265798.520,180.310
-578578.510,-1265798.670,180.310
-578578.200,-1265798.820,180.320
-578577.890,-1265798.970,180.330
-578577.540,-1265799.130,180.340
-578577.240,-1265799.270,180.350
-578578.680,-1265799.080,180.310
-578578.380,-1265799.220,180.310
-578578.060,-1265799.370,180.320
-578577.740,-1265799.520,180.340
-578577.420,-1265799.670,180.350
-578577.100,-1265799.830,180.360
-578579.170,-1265799.190,180.300
-578578.820,-1265799.360,180.305
-578578.520,-1265799.500,180.310
-578578.200,-1265799.650,180.320
-578577.890,-1265799.800,180.330
-578577.590,-1265799.940,180.340
-578577.240,-1265800.110,180.350
-578576.930,-1265800.250,180.370
-578578.950,-1265799.540,180.300
-578578.620,-1265799.700,180.310
-578578.310,-1265799.840,180.320
-578577.990,-1265799.990,180.330
-578577.680,-1265800.140,180.340
-578577.370,-1265800.280,180.345
-578577.030,-1265800.450,180.360
-578578.770,-1265800.010,180.310
-578578.430,-1265800.160,180.320
-578578.120,-1265800.310,180.320
-578577.810,-1265800.460,180.330
-578577.500,-1265800.610,180.340
-578578.920,-1265800.360,180.310
-578578.580,-1265800.520,180.310
-578578.250,-1265800.680,180.320
-578577.940,-1265800.820,180.335
-578577.630,-1265800.970,180.340
-578577.310,-1265801.120,180.360
-578577.000,-1265801.270,180.370
-578579.090,-1265800.690,180.310
-578578.750,-1265800.850,180.320
-578578.420,-1265801.000,180.320
-578578.080,-1265801.160,180.330
-578577.770,-1265801.310,180.340
-578577.460,-1265801.450,180.350
-578577.140,-1265801.600,180.370
-578579.170,-1265800.880,180.310
-578578.860,-1265801.020,180.315
-578578.520,-1265801.180,180.320
-578578.180,-1265801.340,180.330
-578577.850,-1265801.500,180.340
-578577.530,-1265801.650,180.350
-578577.220,-1265801.800,180.370
-578579.020,-1265801.410,180.320
-578578.710,-1265801.560,180.320
-578578.380,-1265801.720,180.330
-578578.040,-1265801.880,180.340
-578577.070,-1265802.330,180.380
-578579.190,-1265801.760,180.320
-578578.850,-1265801.920,180.320
-578578.540,-1265802.070,180.330
-578578.200,-1265802.230,180.345
-578577.860,-1265802.390,180.360
-578577.530,-1265802.550,180.375
-578579.340,-1265802.100,180.320
-578579.000,-1265802.260,180.325
-578578.660,-1265802.420,180.340
-578578.350,-1265802.570,180.340
-578578.020,-1265802.730,180.350
-578577.690,-1265802.880,180.370
-578577.340,-1265803.040,180.390
-578577.030,-1265803.190,180.400
-578579.080,-1265802.390,180.330
-578578.750,-1265802.550,180.340
-578578.400,-1265802.710,180.340
-578578.090,-1265802.850,180.350
-578577.760,-1265803.010,180.370
-578577.420,-1265803.170,180.380
-578577.090,-1265803.330,180.395
-578578.630,-1265803.200,180.340
-578578.310,-1265803.350,180.350
-578577.990,-1265803.500,180.360
-578577.320,-1265803.820,180.390
-578576.980,-1265803.970,180.400
-578579.110,-1265803.400,180.340
-578578.800,-1265803.550,180.340
-578578.470,-1265803.700,180.340
-578578.130,-1265803.860,180.360
-578577.820,-1265804.010,180.365
-578577.490,-1265804.170,180.380
-578577.150,-1265804.330,180.390
-578579.890,-1265803.400,180.300
-578579.570,-1265803.550,180.330
-578579.220,-1265803.720,180.330
-578578.910,-1265803.870,180.340
-578578.610,-1265804.010,180.340
-578578.260,-1265804.170,180.355
-578577.930,-1265804.330,180.370
-578577.630,-1265804.470,180.380
-578577.280,-1265804.630,180.390
-578576.950,-1265804.790,180.400
-578579.650,-1265803.720,180.325
-578579.320,-1265803.870,180.330
-578578.990,-1265804.030,180.340
-578578.680,-1265804.180,180.340
-578578.370,-1265804.330,180.350
-578578.030,-1265804.480,180.360
-578577.700,-1265804.640,180.380
-578577.390,-1265804.780,180.390
-578577.040,-1265804.950,180.400
-578579.180,-1265804.470,180.330
-578578.850,-1265804.620,180.340
-578577.250,-1265805.380,180.400
-578579.720,-1265804.750,180.315
-578579.050,-1265805.060,180.330
-578578.730,-1265805.210,180.340
-578578.420,-1265805.360,180.350
-578578.100,-1265805.510,180.365
-578577.770,-1265805.670,180.380
-578577.430,-1265805.830,180.390
-578577.120,-1265805.980,180.400
-578579.830,-1265804.990,180.310
-578579.510,-1265805.140,180.325
-578579.180,-1265805.300,180.330
-578578.860,-1265805.450,180.335
-578578.520,-1265805.610,180.350
-578578.220,-1265805.750,180.360
-578577.910,-1265805.900,180.380
-578577.570,-1265806.060,180.380
-578577.230,-1265806.210,180.390
-578576.930,-1265806.360,180.410
-578579.630,-1265805.440,180.320
-578578.990,-1265805.740,180.330
-578578.680,-1265805.890,180.350
-578578.340,-1265806.050,180.350
-578578.030,-1265806.190,180.370
-578577.720,-1265806.340,180.380
-578577.380,-1265806.500,180.390
-578577.050,-1265806.660,180.400
-578579.800,-1265805.760,180.310
-578579.490,-1265805.910,180.320
-578579.180,-1265806.060,180.320
-578578.540,-1265806.360,180.350
-578578.200,-1265806.520,180.370
-578577.880,-1265806.670,180.380
-578580.000,-1265806.240,180.310
-578579.700,-1265806.380,180.320
-578579.380,-1265806.530,180.330
-578579.070,-1265806.680,180.340
-578578.740,-1265806.830,180.350
-578578.430,-1265806.980,180.370
-578578.090,-1265807.140,180.380
-578577.780,-1265807.290,180.390
-578577.460,-1265807.430,180.410
-578577.130,-1265807.590,180.420
-578580.100,-1265806.440,180.310
-578579.790,-1265806.590,180.320
-578579.480,-1265806.740,180.330
-578579.170,-1265806.890,180.330
-578578.860,-1265807.030,180.350
-578578.520,-1265807.190,180.365
-578578.210,-1265807.340,180.375
-578577.880,-1265807.490,180.390
-578577.560,-1265807.650,180.410
-578577.250,-1265807.790,180.420
-578579.940,-1265806.920,180.315
-578579.620,-1265807.080,180.320
-578579.300,-1265807.230,180.335
-578579.000,-1265807.370,180.350
-578578.680,-1265807.520,180.360
-578578.340,-1265807.680,180.370
-578578.040,-1265807.820,180.390
-578577.390,-1265808.130,180.420
-578577.090,-1265808.270,180.420
-578579.770,-1265807.370,180.320
-578579.460,-1265807.520,180.330
-578579.150,-1265807.670,180.345
-578578.830,-1265807.820,180.360
-578578.190,-1265808.120,180.390
-578577.880,-1265808.270,180.400
-578577.550,-1265808.420,180.410
-578576.930,-1265808.710,180.430
-578580.310,-1265807.710,180.305
-578579.970,-1265807.870,180.330
-578579.320,-1265808.180,180.350
-578579.000,-1265808.330,180.370
-578578.690,-1265808.470,180.380
-578578.380,-1265808.620,180.390
-578578.040,-1265808.780,180.400
-578577.740,-1265808.920,180.410
-578577.400,-1265809.080,180.420
-578577.090,-1265809.230,180.420
-578580.410,-1265807.870,180.300
-578579.720,-1265808.190,180.340
-578579.070,-1265808.500,180.370
-578578.760,-1265808.640,180.380
-578578.450,-1265808.790,180.395
-578578.140,-1265808.940,180.400
-578577.810,-1265809.100,180.410
-578577.490,-1265809.240,180.420
-578577.160,-1265809.400,180.420
-578579.930,-1265808.550,180.330
-578579.590,-1265808.710,180.345
-578578.630,-1265809.160,180.390
-578578.330,-1265809.310,180.400
-578578.010,-1265809.460,180.400
-578577.680,-1265809.610,180.410
-578577.370,-1265809.760,180.420
-578577.040,-1265809.910,180.420
-578579.740,-1265809.030,180.340
-578578.450,-1265809.640,180.400
-578578.150,-1265809.780,180.400
-578577.840,-1265809.930,180.400
-578577.500,-1265810.090,180.410
-578577.200,-1265810.230,180.410
-578580.300,-1265809.390,180.330
-578580.000,-1265809.530,180.340
-578579.650,-1265809.700,180.340
-578579.320,-1265809.850,180.360
-578578.990,-1265810.010,180.380
-578578.680,-1265810.160,180.390
-578578.360,-1265810.300,180.390
-578578.070,-1265810.440,180.400
-578577.750,-1265810.590,180.400
-578577.420,-1265810.750,180.400
-578577.120,-1265810.880,180.400
-578580.400,-1265809.520,180.330
-578580.070,-1265809.680,180.340
-578579.760,-1265809.820,180.340
-578579.420,-1265809.980,180.360
-578579.080,-1265810.140,180.370
-578578.750,-1265810.300,180.380
-578578.440,-1265810.440,180.390
-578578.130,-1265810.590,180.390
-578577.830,-1265810.730,180.390
-578577.520,-1265810.880,180.390
-578577.180,-1265811.040,180.400
-578580.210,-1265810.090,180.330
-578579.870,-1265810.240,180.340
-578579.560,-1265810.390,180.350
-578579.230,-1265810.550,180.360
-578578.560,-1265810.860,180.380
-578578.250,-1265811.010,180.390
-578577.940,-1265811.150,180.390
-578577.330,-1265811.440,180.380
-578577.000,-1265811.600,180.380
-578580.370,-1265810.340,180.315
-578579.690,-1265810.650,180.340
-578579.380,-1265810.800,180.350
-578578.380,-1265811.270,180.380
-578578.070,-1265811.420,180.380
-578577.770,-1265811.560,180.380
-578577.460,-1265811.700,180.375
-578564.210,-1265787.940,180.240
-578565.320,-1265787.880,180.260
-578564.990,-1265788.040,180.260
-578564.660,-1265788.200,180.250
-578564.320,-1265788.360,180.240
-578564.050,-1265788.480,180.240
-578565.620,-1265787.760,180.260
-578565.300,-1265787.920,180.260
-578564.990,-1265788.070,180.260
-578564.650,-1265788.230,180.240
-578564.340,-1265788.370,180.240
-578564.040,-1265788.510,180.240
-578566.410,-1265787.920,180.280
-578566.060,-1265788.090,180.280
-578565.740,-1265788.240,180.275
-578565.440,-1265788.390,180.270
-578565.120,-1265788.540,180.270
-578564.820,-1265788.680,180.260
-578564.490,-1265788.840,180.250
-578564.200,-1265788.970,180.250
-578566.310,-1265787.680,180.270
-578565.970,-1265787.840,180.270
-578565.630,-1265788.010,180.270
-578565.330,-1265788.150,180.270
-578565.010,-1265788.300,180.260
-578564.710,-1265788.450,180.255
-578564.410,-1265788.590,180.250
-578564.090,-1265788.740,180.240
-578567.810,-1265787.640,180.280
-578567.510,-1265787.790,180.280
-578567.150,-1265787.960,180.280
-578566.830,-1265788.120,180.290
-578566.510,-1265788.270,180.290
-578566.170,-1265788.420,180.290
-578565.840,-1265788.580,180.290
-578565.500,-1265788.750,180.290
-578565.200,-1265788.890,180.280
-578564.900,-1265789.030,180.270
-578564.590,-1265789.180,180.260
-578564.290,-1265789.320,180.250
-578568.130,-1265787.430,180.270
-578567.790,-1265787.600,180.280
-578567.480,-1265787.750,180.280
-578567.170,-1265787.900,180.280
-578566.830,-1265788.050,180.290
-578566.500,-1265788.210,180.290
-578566.190,-1265788.360,180.290
-578565.860,-1265788.520,180.290
-578565.530,-1265788.680,180.280
-578565.190,-1265788.840,180.270
-578564.890,-1265788.980,180.270
-578564.580,-1265789.130,180.260
-578564.280,-1265789.270,180.255
-578568.890,-1265787.530,180.280
-578568.600,-1265787.680,180.290
-578568.240,-1265787.850,180.290
-578567.920,-1265788.000,180.300
-578567.600,-1265788.160,180.300
-578567.280,-1265788.310,180.300
-578566.970,-1265788.460,180.300
-578566.640,-1265788.610,180.310
-578566.300,-1265788.770,180.310
-578566.000,-1265788.920,180.310
-578565.660,-1265789.080,180.300
-578565.330,-1265789.230,180.300
-578565.000,-1265789.390,180.290
-578564.690,-1265789.540,180.280
-578564.390,-1265789.680,180.260
-578568.840,-1265787.420,180.270
-578568.540,-1265787.560,180.280
-578568.230,-1265787.710,180.280
-578567.890,-1265787.870,180.290
-578567.580,-1265788.020,180.290
-578567.240,-1265788.180,180.300
-578566.930,-1265788.330,180.300
-578566.620,-1265788.480,180.300
-578566.290,-1265788.630,180.300
-578565.950,-1265788.800,180.300
-578565.640,-1265788.940,180.300
-578565.320,-1265789.100,180.290
-578564.990,-1265789.260,180.280
-578564.650,-1265789.410,180.270
-578564.350,-1265789.560,180.260
-578569.980,-1265787.290,180.225
-578569.630,-1265787.470,180.270
-578569.290,-1265787.630,180.280
-578568.980,-1265787.770,180.290
-578568.670,-1265787.920,180.300
-578568.350,-1265788.070,180.300
-578568.050,-1265788.220,180.300
-578567.710,-1265788.380,180.310
-578567.400,-1265788.530,180.310
-578567.070,-1265788.690,180.310
-578566.750,-1265788.830,180.310
-578566.440,-1265788.980,180.310
-578566.110,-1265789.140,180.310
-578565.780,-1265789.300,180.310
-578565.470,-1265789.440,180.310
-578565.140,-1265789.600,180.290
-578564.810,-1265789.760,180.280
-578564.480,-1265789.910,180.270
-578564.200,-1265790.040,180.250
-578570.360,-1265787.330,180.260
-578570.050,-1265787.480,180.270
-578569.710,-1265787.640,180.280
-578569.380,-1265787.800,180.290
-578569.050,-1265787.960,180.300
-578568.730,-1265788.110,180.300
-578568.410,-1265788.260,180.310
-578568.110,-1265788.400,180.310
-578567.800,-1265788.550,180.310
-578567.460,-1265788.720,180.320
-578567.160,-1265788.860,180.320
-578566.820,-1265789.020,180.320
-578566.510,-1265789.170,180.320
-578566.210,-1265789.310,180.320
-578565.870,-1265789.470,180.315
-578565.540,-1265789.630,180.310
-578565.240,-1265789.770,180.300
-578564.900,-1265789.930,180.290
-578564.580,-1265790.090,180.280
-578564.280,-1265790.220,180.265
-578568.470,-1265788.430,180.320
-578568.160,-1265788.570,180.320
-578567.840,-1265788.720,180.320
-578567.540,-1265788.870,180.320
-578567.200,-1265789.030,180.320
-578566.890,-1265789.180,180.330
-578566.560,-1265789.330,180.330
-578566.250,-1265789.480,180.330
-578565.940,-1265789.630,180.325
-578565.610,-1265789.780,180.320
-578565.290,-1265789.940,180.310
-578564.970,-1265790.090,180.290
-578564.650,-1265790.240,180.280
-578564.350,-1265790.380,180.270
-578571.400,-1265787.030,180.190
-578571.090,-1265787.170,180.260
-578570.770,-1265787.330,180.270
-578570.430,-1265787.490,180.280
-578570.090,-1265787.650,180.290
-578569.790,-1265787.800,180.300
-578569.450,-1265787.960,180.300
-578569.110,-1265788.120,180.310
-578568.780,-1265788.280,180.310
-578571.830,-1265787.020,180.260
-578571.510,-1265787.170,180.270
-578571.160,-1265787.340,180.280
-578570.850,-1265787.490,180.280
-578570.540,-1265787.640,180.290
-578570.200,-1265787.800,180.300
-578569.870,-1265787.950,180.310
-578569.560,-1265788.110,180.310
-578569.230,-1265788.260,180.320
-578568.880,-1265788.430,180.320
-578568.560,-1265788.580,180.320
-578568.250,-1265788.730,180.320
-578567.930,-1265788.880,180.325
-578567.630,-1265789.030,180.330
-578567.320,-1265789.170,180.330
-578566.980,-1265789.330,180.335
-578566.670,-1265789.480,180.330
-578566.340,-1265789.640,180.330
-578566.030,-1265789.790,180.330
-578565.720,-1265789.930,180.320
-578565.400,-1265790.090,180.310
-578565.060,-1265790.250,180.300
-578564.760,-1265790.390,180.290
-578564.450,-1265790.540,180.280
-578572.200,-1265786.970,180.270
-578571.880,-1265787.130,180.270
-578571.540,-1265787.290,180.280
-578571.230,-1265787.440,180.280
-578570.890,-1265787.600,180.290
-578570.570,-1265787.750,180.295
-578570.270,-1265787.900,180.310
-578569.930,-1265788.060,180.310
-578569.590,-1265788.220,180.320
-578569.280,-1265788.370,180.320
-578568.950,-1265788.520,180.320
-578568.610,-1265788.690,180.330
-578568.280,-1265788.840,180.330
-578567.970,-1265788.990,180.330
-578567.670,-1265789.140,180.330
-578567.350,-1265789.290,180.340
-578567.050,-1265789.430,180.340
-578566.720,-1265789.590,180.340
-578566.400,-1265789.740,180.340
-578566.070,-1265789.890,180.330
-578565.760,-1265790.040,180.320
-578565.460,-1265790.190,180.310
-578565.130,-1265790.340,180.300
-578564.800,-1265790.500,180.290
-578564.500,-1265790.640,180.280
-578567.430,-1265789.550,180.350
-578567.120,-1265789.700,180.350
-578566.820,-1265789.850,180.350
-578566.480,-1265790.010,180.350
-578566.170,-1265790.160,180.340
-578565.840,-1265790.310,180.330
-578565.530,-1265790.460,180.320
-578565.230,-1265790.600,180.310
-578564.910,-1265790.750,180.290
-578564.580,-1265790.910,180.280
-578573.250,-1265786.780,180.290
-578572.900,-1265786.940,180.290
-578572.580,-1265787.100,180.300
-578572.260,-1265787.250,180.295
-578571.950,-1265787.400,180.300
-578571.640,-1265787.550,180.310
-578571.300,-1265787.710,180.310
-578570.990,-1265787.860,180.320
-578570.650,-1265788.020,180.330
-578570.340,-1265788.170,180.330
-578570.040,-1265788.310,180.330
-578569.700,-1265788.470,180.330
-578569.360,-1265788.640,180.340
-578569.050,-1265788.780,180.340
-578568.720,-1265788.940,180.340
-578568.380,-1265789.100,180.340
-578568.050,-1265789.260,180.340
-578567.740,-1265789.410,180.350
-578573.300,-1265786.860,180.300
-578572.940,-1265787.030,180.300
-578572.610,-1265787.190,180.300
-578572.300,-1265787.340,180.300
-578571.980,-1265787.490,180.310
-578571.660,-1265787.640,180.310
-578571.360,-1265787.790,180.320
-578571.010,-1265787.950,180.330
-578570.700,-1265788.100,180.330
-578570.370,-1265788.250,180.330
-578570.060,-1265788.400,180.330
-578569.750,-1265788.550,180.340
-578569.420,-1265788.710,180.340
-578569.080,-1265788.870,180.345
-578568.760,-1265789.020,180.340
-578568.440,-1265789.170,180.350
-578568.100,-1265789.330,180.350
-578567.760,-1265789.500,180.350
-578567.460,-1265789.640,180.350
-578567.150,-1265789.790,180.350
-578566.840,-1265789.940,180.350
-578566.540,-1265790.080,180.350
-578566.200,-1265790.240,180.340
-578565.890,-1265790.390,180.330
-578565.570,-1265790.540,180.320
-578565.260,-1265790.680,180.310
-578564.960,-1265790.830,180.300
-578564.630,-1265790.980,180.290
-578574.050,-1265786.750,180.280
-578573.700,-1265786.920,180.290
-578573.390,-1265787.070,180.300
-578573.050,-1265787.230,180.310
-578572.710,-1265787.390,180.310
-578572.380,-1265787.550,180.310
-578572.060,-1265787.700,180.320
-578571.740,-1265787.850,180.330
-578571.440,-1265788.000,180.340
-578571.120,-1265788.150,180.330
-578570.780,-1265788.310,180.340
-578570.480,-1265788.450,180.340
-578570.140,-1265788.620,180.340
-578569.830,-1265788.760,180.350
-578569.530,-1265788.910,180.350
-578569.190,-1265789.070,180.350
-578568.850,-1265789.230,180.350
-578568.550,-1265789.380,180.360
-578568.210,-1265789.540,180.360
-578567.880,-1265789.690,180.360
-578567.540,-1265789.850,180.360
-578567.240,-1265790.000,180.360
-578566.930,-1265790.150,180.360
-578566.620,-1265790.290,180.350
-578566.320,-1265790.440,180.340
-578565.990,-1265790.590,180.330
-578565.680,-1265790.740,180.330
-578565.350,-1265790.900,180.310
-578565.040,-1265791.040,180.300
-578564.740,-1265791.190,180.290
-578564.450,-1265791.320,180.280
-578564.800,-1265791.340,180.290
-578564.520,-1265791.470,180.280
-578574.770,-1265786.590,180.275
-578574.440,-1265786.750,180.280
-578574.120,-1265786.910,180.290
-578573.790,-1265787.060,180.290
-578573.440,-1265787.230,180.300
-578573.130,-1265787.380,180.310
-578572.800,-1265787.540,180.310
-578572.460,-1265787.700,180.320
-578572.110,-1265787.860,180.320
-578571.810,-1265788.010,180.340
-578571.500,-1265788.160,180.340
-578571.180,-1265788.310,180.350
-578570.880,-1265788.450,180.350
-578570.540,-1265788.610,180.350
-578570.230,-1265788.760,180.350
-578569.900,-1265788.920,180.350
-578569.590,-1265789.070,180.360
-578569.270,-1265789.220,180.360
-578568.940,-1265789.370,180.360
-578568.610,-1265789.530,180.360
-578568.290,-1265789.680,180.360
-578567.960,-1265789.840,180.360
-578567.630,-1265789.990,180.360
-578567.290,-1265790.160,180.360
-578566.990,-1265790.300,180.360
-578566.680,-1265790.450,180.360
-578566.370,-1265790.590,180.350
-578566.070,-1265790.740,180.340
-578565.740,-1265790.890,180.330
-578565.430,-1265791.040,180.310
-578565.100,-1265791.200,180.300
-578575.530,-1265786.560,180.275
-578575.180,-1265786.720,180.280
-578574.870,-1265786.880,180.280
-578574.530,-1265787.040,180.290
-578574.210,-1265787.190,180.300
-578573.900,-1265787.340,180.310
-578573.570,-1265787.500,180.310
-578573.220,-1265787.660,180.310
-578572.920,-1265787.800,180.320
-578572.580,-1265787.970,180.330
-578572.220,-1265788.140,180.340
-578571.900,-1265788.290,180.350
-578571.590,-1265788.440,180.350
-578571.280,-1265788.590,180.360
-578570.970,-1265788.730,180.350
-578570.660,-1265788.880,180.360
-578570.320,-1265789.040,180.360
-578570.020,-1265789.190,180.365
-578569.680,-1265789.350,180.370
-578569.360,-1265789.500,180.370
-578569.070,-1265789.640,180.370
-578568.730,-1265789.800,180.370
-578568.400,-1265789.960,180.370
-578568.080,-1265790.110,180.370
-578567.750,-1265790.270,180.370
-578567.420,-1265790.430,180.370
-578567.080,-1265790.580,180.360
-578566.780,-1265790.730,180.360
-578566.470,-1265790.870,180.350
-578566.170,-1265791.020,180.340
-578565.860,-1265791.160,180.330
-578565.530,-1265791.320,180.320
-578565.220,-1265791.470,180.310
-578564.900,-1265791.620,180.300
-578564.610,-1265791.750,180.285
-578566.160,-1265791.030,180.340
-578565.850,-1265791.180,180.330
-578565.540,-1265791.330,180.320
-578565.220,-1265791.480,180.310
-578564.910,-1265791.620,180.300
-578564.590,-1265791.780,180.280
-578575.510,-1265786.580,180.275
-578575.190,-1265786.730,180.280
-578574.850,-1265786.900,180.280
-578574.530,-1265787.050,180.290
-578574.190,-1265787.210,180.295
-578573.880,-1265787.360,180.310
-578573.570,-1265787.510,180.310
-578573.240,-1265787.670,180.310
-578572.900,-1265787.820,180.320
-578572.590,-1265787.980,180.330
-578572.240,-1265788.140,180.340
-578571.920,-1265788.290,180.350
-578571.570,-1265788.460,180.355
-578571.270,-1265788.600,180.360
-578570.960,-1265788.750,180.360
-578570.650,-1265788.900,180.360
-578570.340,-1265789.040,180.360
-578570.010,-1265789.200,180.365
-578569.690,-1265789.360,180.370
-578569.360,-1265789.510,180.370
-578569.050,-1265789.660,180.370
-578568.740,-1265789.810,180.370
-578568.410,-1265789.970,180.370
-578568.080,-1265790.120,180.370
-578567.760,-1265790.270,180.370
-578567.430,-1265790.430,180.370
-578567.100,-1265790.590,180.360
-578566.770,-1265790.740,180.360
-578566.460,-1265790.890,180.350
-578576.200,-1265786.450,180.260
-578575.870,-1265786.610,180.275
-578575.550,-1265786.760,180.280
-578575.230,-1265786.910,180.280
-578574.920,-1265787.060,180.290
-578574.580,-1265787.220,180.290
-578574.270,-1265787.370,180.300
-578573.940,-1265787.530,180.310
-578573.620,-1265787.680,180.310
-578573.310,-1265787.830,180.320
-578572.980,-1265787.990,180.330
-578572.630,-1265788.150,180.340
-578572.320,-1265788.300,180.340
-578571.990,-1265788.460,180.350
-578571.650,-1265788.620,180.360
-578571.310,-1265788.780,180.360
-578571.010,-1265788.920,180.360
-578570.690,-1265789.070,180.370
-578570.380,-1265789.220,180.370
-578570.080,-1265789.360,180.370
-578569.740,-1265789.530,180.370
-578569.430,-1265789.670,180.370
-578569.100,-1265789.830,180.370
-578568.780,-1265789.980,180.370
-578568.470,-1265790.130,180.370
-578568.150,-1265790.280,180.370
-578567.810,-1265790.450,180.370
-578567.500,-1265790.590,180.370
-578567.170,-1265790.750,180.360
-578566.840,-1265790.910,180.360
-578566.510,-1265791.060,180.350
-578566.200,-1265791.210,180.340
-578565.900,-1265791.350,180.330
-578565.590,-1265791.500,180.320
-578565.280,-1265791.640,180.310
-578564.960,-1265791.800,180.300
-578564.660,-1265791.940,180.290
-578576.650,-1265786.530,180.260
-578576.300,-1265786.700,180.270
-578575.960,-1265786.860,180.280
-578575.650,-1265787.010,180.280
-578575.340,-1265787.160,180.290
-578575.030,-1265787.310,180.290
-578574.720,-1265787.460,180.300
-578574.380,-1265787.620,180.310
-578574.060,-1265787.770,180.310
-578573.410,-1265788.080,180.320
-578573.100,-1265788.220,180.330
-578572.770,-1265788.380,180.350
-578572.430,-1265788.540,180.350
-578572.120,-1265788.700,180.360
-578571.780,-1265788.860,180.370
-578571.450,-1265789.010,180.370
-578571.110,-1265789.170,180.370
-578570.800,-1265789.320,180.370
-578570.490,-1265789.470,180.370
-578570.180,-1265789.620,180.370
-578569.870,-1265789.760,180.370
-578569.540,-1265789.920,180.370
-578569.230,-1265790.070,180.370
-578568.890,-1265790.230,180.370
-578568.590,-1265790.370,180.380
-578568.280,-1265790.520,180.380
-578567.940,-1265790.680,180.380
-578567.620,-1265790.830,180.370
-578567.300,-1265790.980,180.370
-578566.970,-1265791.140,180.360
-578566.650,-1265791.300,180.350
-578566.310,-1265791.450,180.350
-578566.000,-1265791.600,180.330
-578565.700,-1265791.740,180.330
-578565.400,-1265791.890,180.310
-578565.090,-1265792.030,180.300
-578564.770,-1265792.190,180.290
-578573.770,-1265788.100,180.320
-578573.450,-1265788.250,180.330
-578573.130,-1265788.410,180.340
-578572.820,-1265788.560,180.350
-578572.490,-1265788.710,180.360
-578572.150,-1265788.870,180.360
-578571.830,-1265789.020,180.370
-578571.500,-1265789.180,180.370
-578571.170,-1265789.340,180.370
-578570.830,-1265789.500,180.380
-578570.530,-1265789.640,180.370
-578570.210,-1265789.790,180.370
-578569.900,-1265789.940,180.370
-578569.600,-1265790.090,180.380
-578569.260,-1265790.250,180.380
-578568.950,-1265790.390,180.380
-578568.620,-1265790.550,180.380
-578568.310,-1265790.700,180.380
-578567.990,-1265790.850,180.380
-578567.670,-1265791.000,180.380
-578567.340,-1265791.160,180.370
-578567.020,-1265791.310,180.360
-578566.700,-1265791.460,180.350
-578566.370,-1265791.620,180.350
-578566.030,-1265791.780,180.340
-578565.730,-1265791.920,180.330
-578565.420,-1265792.070,180.310
-578565.120,-1265792.210,180.310
-578564.820,-1265792.350,180.290
-578576.690,-1265786.710,180.270
-578576.350,-1265786.870,180.270
-578576.010,-1265787.030,180.280
-578575.670,-1265787.190,180.290
-578575.370,-1265787.340,180.290
-578575.050,-1265787.490,180.300
-578574.740,-1265787.640,180.310
-578574.440,-1265787.780,180.310
-578574.090,-1265787.950,180.320
-578576.740,-1265786.890,180.270
-578576.420,-1265787.040,180.280
-578576.080,-1265787.200,180.280
-578575.750,-1265787.360,180.290
-578575.410,-1265787.520,180.295
-578575.090,-1265787.670,180.300
-578574.780,-1265787.820,180.310
-578574.470,-1265787.970,180.320
-578574.160,-1265788.110,180.320
-578573.820,-1265788.270,180.330
-578573.510,-1265788.420,180.330
-578573.170,-1265788.590,180.340
-578572.860,-1265788.730,180.360
-578572.550,-1265788.880,180.360
-578572.210,-1265789.040,180.370
-578571.880,-1265789.200,180.370
-578571.570,-1265789.350,180.380
-578571.230,-1265789.510,180.380
-578570.900,-1265789.670,180.380
-578570.570,-1265789.820,180.380
-578570.250,-1265789.970,180.380
-578569.950,-1265790.120,180.380
-578569.640,-1265790.270,180.380
-578569.330,-1265790.420,180.380
-578568.990,-1265790.570,180.380
-578568.690,-1265790.720,180.380
-578568.350,-1265790.880,180.380
-578568.040,-1265791.030,180.380
-578567.740,-1265791.170,180.380
-578567.400,-1265791.330,180.370
-578567.070,-1265791.490,180.360
-578566.770,-1265791.630,180.350
-578566.430,-1265791.790,180.350
-578566.100,-1265791.950,180.340
-578565.780,-1265792.100,180.330
-578565.470,-1265792.250,180.320
-578565.160,-1265792.390,180.305
-578564.860,-1265792.530,180.290
-578564.590,-1265792.660,180.280
-578576.780,-1265786.970,180.270
-578576.430,-1265787.130,180.280
-578576.130,-1265787.280,180.280
-578575.790,-1265787.440,180.290
-578575.450,-1265787.600,180.300
-578575.110,-1265787.760,180.310
-578574.800,-1265787.910,180.310
-578574.490,-1265788.060,180.320
-578574.180,-1265788.210,180.320
-578573.870,-1265788.350,180.330
-578573.530,-1265788.510,180.340
-578573.220,-1265788.660,180.350
-578572.880,-1265788.820,180.360
-578572.570,-1265788.970,180.360
-578572.250,-1265789.120,180.370
-578571.920,-1265789.280,180.370
-578571.590,-1265789.440,180.380
-578571.270,-1265789.590,180.380
-578570.940,-1265789.750,180.380
-578570.610,-1265789.900,180.380
-578570.270,-1265790.060,180.380
-578569.960,-1265790.210,180.380
-578569.660,-1265790.360,180.380
-578569.340,-1265790.510,180.390
-578569.030,-1265790.650,180.385
-578568.710,-1265790.810,180.390
-578568.390,-1265790.960,180.390
-578568.060,-1265791.110,180.380
-578567.760,-1265791.260,180.380
-578567.440,-1265791.410,180.370
-578567.110,-1265791.560,180.360
-578566.790,-1265791.720,180.350
-578566.470,-1265791.870,180.350
-578566.150,-1265792.020,180.340
-578565.810,-1265792.180,180.330
-578565.480,-1265792.340,180.320
-578565.180,-1265792.480,180.310
-578564.880,-1265792.620,180.290
-578564.610,-1265792.740,180.280
-578569.120,-1265790.890,180.390
-578568.800,-1265791.040,180.390
-578568.470,-1265791.200,180.390
-578568.170,-1265791.340,180.390
-578567.830,-1265791.500,180.380
-578567.520,-1265791.650,180.370
-578567.220,-1265791.790,180.370
-578566.890,-1265791.950,180.360
-578566.550,-1265792.110,180.350
-578566.250,-1265792.250,180.340
-578565.920,-1265792.410,180.340
-578565.590,-1265792.570,180.320
-578565.260,-1265792.720,180.310
-578564.960,-1265792.860,180.290
-578564.680,-1265792.990,180.280
-578576.880,-1265787.200,180.270
-578576.540,-1265787.360,180.280
-578576.200,-1265787.520,180.290
-578575.900,-1265787.660,180.300
-578575.550,-1265787.830,180.310
-578575.210,-1265787.990,180.310
-578574.880,-1265788.150,180.320
-578574.570,-1265788.300,180.330
-578574.260,-1265788.450,180.330
-578573.950,-1265788.590,180.340
-578573.630,-1265788.740,180.350
-578573.290,-1265788.910,180.360
-578572.990,-1265789.050,180.360
-578572.640,-1265789.210,180.370
-578572.330,-1265789.360,180.380
-578572.030,-1265789.510,180.390
-578571.680,-1265789.670,180.390
-578571.340,-1265789.830,180.390
-578571.040,-1265789.980,180.390
-578570.710,-1265790.140,180.390
-578570.370,-1265790.300,180.390
-578570.040,-1265790.450,180.390
-578569.730,-1265790.600,180.390
-578569.420,-1265790.750,180.390
-578574.290,-1265788.560,180.340
-578573.990,-1265788.700,180.340
-578573.660,-1265788.850,180.350
-578573.350,-1265789.000,180.360
-578573.020,-1265789.160,180.370
-578572.700,-1265789.310,180.370
-578572.360,-1265789.470,180.380
-578572.060,-1265789.620,180.390
-578571.740,-1265789.770,180.400
-578571.400,-1265789.930,180.400
-578571.080,-1265790.080,180.400
-578570.770,-1265790.230,180.400
-578570.430,-1265790.390,180.400
-578570.100,-1265790.550,180.390
-578569.770,-1265790.710,180.390
-578569.450,-1265790.850,180.390
-578569.150,-1265791.000,180.390
-578568.840,-1265791.150,180.390
-578568.520,-1265791.300,180.390
-578568.200,-1265791.450,180.390
-578567.890,-1265791.600,180.380
-578567.550,-1265791.760,180.370
-578567.260,-1265791.900,180.370
-578566.950,-1265792.040,180.360
-578566.610,-1265792.200,180.350
-578566.290,-1265792.360,180.345
-578565.980,-1265792.500,180.340
-578565.640,-1265792.660,180.330
-578565.320,-1265792.810,180.310
-578565.000,-1265792.970,180.290
-578564.720,-1265793.090,180.280
-578576.910,-1265787.310,180.270
-578576.600,-1265787.460,180.280
-578576.260,-1265787.620,180.290
-578575.920,-1265787.780,180.300
-578575.600,-1265787.930,180.310
-578575.270,-1265788.090,180.320
-578574.940,-1265788.250,180.320
-578574.600,-1265788.410,180.330
-578576.710,-1265787.730,180.280
-578576.390,-1265787.880,180.290
-578576.050,-1265788.040,180.310
-578575.720,-1265788.200,180.320
-578575.410,-1265788.350,180.320
-578575.070,-1265788.510,180.330
-578574.730,-1265788.670,180.340
-578574.390,-1265788.830,180.350
-578574.080,-1265788.980,180.360
-578573.770,-1265789.120,180.360
-578573.460,-1265789.270,180.370
-578573.140,-1265789.420,180.370
-578572.810,-1265789.580,180.380
-578572.500,-1265789.730,180.390
-578572.160,-1265789.890,180.400
-578571.860,-1265790.040,180.400
-578571.540,-1265790.190,180.410
-578571.200,-1265790.350,180.410
-578570.880,-1265790.500,180.410
-578570.570,-1265790.650,180.400
-578570.230,-1265790.810,180.400
-578569.900,-1265790.970,180.400
-578569.560,-1265791.130,180.400
-578569.250,-1265791.270,180.400
-578568.940,-1265791.420,180.400
-578568.640,-1265791.570,180.400
-578568.330,-1265791.710,180.390
-578568.000,-1265791.870,180.380
-578567.700,-1265792.010,180.380
-578567.360,-1265792.170,180.370
-578567.050,-1265792.320,180.360
-578566.750,-1265792.460,180.350
-578566.410,-1265792.620,180.350
-578566.080,-1265792.780,180.340
-578565.780,-1265792.920,180.330
-578565.460,-1265793.070,180.310
-578565.130,-1265793.230,180.300
-578564.810,-1265793.370,180.280
-578576.750,-1265787.780,180.280
-578576.420,-1265787.940,180.300
-578576.110,-1265788.090,180.310
-578575.780,-1265788.240,180.320
-578575.440,-1265788.410,180.320
-578575.120,-1265788.560,180.330
-578574.790,-1265788.720,180.340
-578574.450,-1265788.880,180.350
-578574.110,-1265789.040,180.360
-578573.800,-1265789.190,180.370
-578573.490,-1265789.330,180.370
-578573.180,-1265789.480,180.380
-578572.870,-1265789.630,180.380
-578572.530,-1265789.790,180.390
-578572.220,-1265789.940,180.400
-578571.880,-1265790.100,180.410
-578571.580,-1265790.250,180.410
-578571.260,-1265790.400,180.410
-578570.930,-1265790.550,180.410
-578570.600,-1265790.710,180.410
-578570.290,-1265790.860,180.410
-578569.950,-1265791.020,180.410
-578569.620,-1265791.170,180.410
-578569.290,-1265791.330,180.400
-578568.980,-1265791.480,180.400
-578568.680,-1265791.620,180.400
-578568.370,-1265791.770,180.390
-578568.060,-1265791.920,180.380
-578567.720,-1265792.070,180.380
-578567.430,-1265792.220,180.370
-578567.090,-1265792.380,180.360
-578566.780,-1265792.520,180.360
-578566.480,-1265792.670,180.350
-578566.140,-1265792.820,180.340
-578565.810,-1265792.980,180.330
-578565.510,-1265793.120,180.320
-578565.180,-1265793.280,180.300
-578564.860,-1265793.430,180.280
-578576.850,-1265788.060,180.280
-578576.510,-1265788.220,180.300
-578576.210,-1265788.360,180.310
-578575.890,-1265788.520,180.320
-578575.550,-1265788.680,180.330
-578575.220,-1265788.840,180.340
-578574.900,-1265788.990,180.360
-578574.560,-1265789.150,180.360
-578574.230,-1265789.310,180.370
-578573.890,-1265789.470,180.370
-578573.570,-1265789.620,180.380
-578573.270,-1265789.760,180.390
-578572.950,-1265789.910,180.395
-578572.640,-1265790.060,180.400
-578572.310,-1265790.220,180.410
-578571.990,-1265790.370,180.410
-578571.660,-1265790.530,180.420
-578571.350,-1265790.680,180.420
-578571.050,-1265790.820,180.420
-578570.700,-1265790.980,180.420
-578570.360,-1265791.150,180.420
-578570.060,-1265791.290,180.420
-578569.730,-1265791.440,180.415
-578569.390,-1265791.600,180.410
-578569.070,-1265791.760,180.410
-578568.760,-1265791.900,180.400
-578568.450,-1265792.050,180.390
-578568.150,-1265792.200,180.390
-578567.840,-1265792.340,180.380
-578567.510,-1265792.500,180.370
-578567.200,-1265792.640,180.370
-578566.880,-1265792.800,180.360
-578566.560,-1265792.950,180.355
-578566.260,-1265793.090,180.350
-578565.930,-1265793.250,180.340
-578565.600,-1265793.400,180.320
-578565.300,-1265793.540,180.310
-578564.970,-1265793.700,180.290
-578576.880,-1265788.160,180.280
-578576.560,-1265788.310,180.300
-578576.230,-1265788.470,180.310
-578575.910,-1265788.620,180.320
-578575.590,-1265788.770,180.330
-578575.260,-1265788.930,180.345
-578574.920,-1265789.090,180.360
-578574.600,-1265789.240,180.360
-578574.280,-1265789.400,180.370
-578573.940,-1265789.560,180.380
-578573.590,-1265789.720,180.380
-578573.290,-1265789.870,180.390
-578572.970,-1265790.020,180.400
-578572.660,-1265790.170,180.400
-578572.360,-1265790.310,180.410
-578572.020,-1265790.470,180.420
-578571.700,-1265790.620,180.420
-578571.380,-1265790.770,180.420
-578571.060,-1265790.920,180.430
-578570.750,-1265791.070,180.430
-578570.390,-1265791.250,180.430
-578570.090,-1265791.390,180.420
-578569.780,-1265791.530,180.420
-578569.450,-1265791.690,180.410
-578569.120,-1265791.850,180.410
-578568.780,-1265792.010,180.400
-578568.470,-1265792.150,180.390
-578568.170,-1265792.300,180.390
-578567.860,-1265792.440,180.380
-578567.550,-1265792.590,180.370
-578567.220,-1265792.750,180.370
-578566.920,-1265792.890,180.360
-578566.590,-1265793.050,180.350
-578566.270,-1265793.200,180.350
-578565.970,-1265793.340,180.340
-578565.640,-1265793.490,180.320
-578565.310,-1265793.650,180.300
-578565.020,-1265793.790,180.290
-578564.710,-1265793.930,180.280
-578576.620,-1265788.490,180.310
-578576.300,-1265788.650,180.320
-578575.960,-1265788.810,180.330
-578575.650,-1265788.950,180.340
-578575.340,-1265789.100,180.350
-578575.000,-1265789.270,180.360
-578574.660,-1265789.420,180.370
-578574.350,-1265789.570,180.370
-578574.010,-1265789.730,180.380
-578573.680,-1265789.890,180.390
-578573.350,-1265790.050,180.400
-578573.030,-1265790.200,180.400
-578572.710,-1265790.350,180.410
-578572.410,-1265790.490,180.420
-578572.090,-1265790.650,180.420
-578571.760,-1265790.810,180.420
-578571.460,-1265790.950,180.430
-578571.110,-1265791.110,180.440
-578570.810,-1265791.260,180.440
-578570.470,-1265791.420,180.440
-578570.140,-1265791.580,180.440
-578569.830,-1265791.720,180.430
-578569.530,-1265791.860,180.420
-578569.190,-1265792.020,180.410
-578568.860,-1265792.180,180.410
-578568.540,-1265792.330,180.400
-578568.220,-1265792.480,180.390
-578567.910,-1265792.630,180.380
-578567.620,-1265792.770,180.375
-578567.300,-1265792.920,180.370
-578566.970,-1265793.080,180.370
-578566.670,-1265793.220,180.360
-578566.340,-1265793.380,180.350
-578566.030,-1265793.520,180.340
-578565.730,-1265793.660,180.330
-578565.400,-1265793.820,180.310
-578565.070,-1265793.980,180.295
-578564.800,-1265794.090,180.280
-578576.730,-1265788.620,180.300
-578576.390,-1265788.780,180.320
-578576.070,-1265788.930,180.330
-578575.730,-1265789.100,180.340
-578575.420,-1265789.250,180.350
-578575.100,-1265789.400,180.360
-578574.770,-1265789.560,180.370
-578574.440,-1265789.710,180.370
-578574.110,-1265789.870,180.390
-578573.780,-1265790.020,180.390
-578573.450,-1265790.180,180.400
-578573.110,-1265790.340,180.410
-578572.800,-1265790.490,180.410
-578572.500,-1265790.640,180.420
-578572.180,-1265790.790,180.430
-578571.860,-1265790.940,180.430
-578571.540,-1265791.090,180.430
-578571.220,-1265791.240,180.440
-578570.890,-1265791.400,180.450
-578570.560,-1265791.560,180.450
-578570.260,-1265791.700,180.450
-578569.940,-1265791.850,180.440
-578569.610,-1265792.010,180.420
-578569.300,-1265792.150,180.420
-578568.970,-1265792.310,180.410
-578568.640,-1265792.460,180.400
-578568.310,-1265792.620,180.390
-578568.000,-1265792.770,180.380
-578567.690,-1265792.910,180.380
-578567.390,-1265793.060,180.370
-578567.070,-1265793.210,180.370
-578566.750,-1265793.360,180.360
-578566.440,-1265793.510,180.350
-578566.110,-1265793.660,180.340
-578565.810,-1265793.810,180.330
-578565.500,-1265793.950,180.320
-578565.170,-1265794.110,180.300
-578564.880,-1265794.240,180.280
-578576.790,-1265788.770,180.310
-578576.480,-1265788.920,180.320
-578576.140,-1265789.080,180.330
-578575.830,-1265789.230,180.340
-578575.490,-1265789.390,180.360
-578575.180,-1265789.540,180.360
-578574.870,-1265789.690,180.370
-578574.530,-1265789.850,180.380
-578574.190,-1265790.010,180.390
-578573.890,-1265790.150,180.390
-578573.540,-1265790.320,180.400
-578573.210,-1265790.480,180.410
-578572.880,-1265790.630,180.420
-578572.560,-1265790.790,180.430
-578572.260,-1265790.930,180.430
-578571.950,-1265791.080,180.440
-578571.630,-1265791.230,180.440
-578571.290,-1265791.390,180.445
-578570.990,-1265791.530,180.460
-578570.650,-1265791.690,180.460
-578570.310,-1265791.860,180.450
-578570.040,-1265791.980,180.445
-578569.700,-1265792.140,180.430
-578569.370,-1265792.300,180.420
-578569.070,-1265792.440,180.410
-578568.740,-1265792.600,180.400
-578568.400,-1265792.760,180.390
-578568.080,-1265792.910,180.390
-578567.770,-1265793.060,180.380
-578567.450,-1265793.210,180.380
-578567.150,-1265793.350,180.370
-578566.850,-1265793.500,180.360
-578566.510,-1265793.660,180.360
-578566.210,-1265793.800,180.340
-578565.880,-1265793.950,180.330
-578565.570,-1265794.100,180.320
-578565.280,-1265794.240,180.300
-578564.950,-1265794.390,180.290
-578576.900,-1265789.000,180.300
-578576.590,-1265789.150,180.310
-578576.280,-1265789.300,180.330
-578575.940,-1265789.460,180.340
-578575.620,-1265789.610,180.360
-578575.290,-1265789.770,180.370
-578574.970,-1265789.910,180.375
-578574.660,-1265790.060,180.380
-578574.320,-1265790.230,180.390
-578573.990,-1265790.390,180.400
-578573.670,-1265790.530,180.400
-578573.340,-1265790.690,180.420
-578573.010,-1265790.850,180.420
-578572.670,-1265791.010,180.430
-578572.360,-1265791.160,180.440
-578572.050,-1265791.310,180.440
-578571.730,-1265791.460,180.450
-578571.420,-1265791.610,180.460
-578571.100,-1265791.760,180.460
-578570.780,-1265791.910,180.460
-578570.390,-1265792.100,180.460
-578570.140,-1265792.210,180.450
-578569.830,-1265792.360,180.440
-578569.500,-1265792.520,180.420
-578569.180,-1265792.670,180.410
-578568.870,-1265792.810,180.400
-578568.530,-1265792.970,180.390
-578568.210,-1265793.130,180.390
-578567.880,-1265793.290,180.380
-578567.560,-1265793.430,180.380
-578567.260,-1265793.580,180.380
-578566.950,-1265793.730,180.370
-578566.640,-1265793.870,180.360
-578566.320,-1265794.030,180.350
-578566.010,-1265794.170,180.340
-578565.680,-1265794.320,180.320
-578565.380,-1265794.470,180.300
-578565.070,-1265794.610,180.300
-578576.640,-1265789.240,180.310
-578576.310,-1265789.390,180.330
-578576.000,-1265789.540,180.340
-578575.670,-1265789.700,180.360
-578575.350,-1265789.850,180.370
-578575.010,-1265790.010,180.370
-578574.710,-1265790.150,180.390
-578574.390,-1265790.300,180.390
-578574.050,-1265790.470,180.400
-578573.710,-1265790.630,180.410
-578573.410,-1265790.770,180.420
-578573.060,-1265790.940,180.430
-578572.730,-1265791.090,180.440
-578572.400,-1265791.250,180.440
-578572.080,-1265791.400,180.450
-578571.770,-1265791.550,180.450
-578571.460,-1265791.700,180.460
-578571.150,-1265791.840,180.460
-578570.830,-1265792.000,180.470
-578570.470,-1265792.170,180.460
-578570.180,-1265792.300,180.450
-578569.880,-1265792.450,180.440
-578569.570,-1265792.590,180.430
-578569.240,-1265792.750,180.410
-578568.910,-1265792.910,180.400
-578568.600,-1265793.050,180.390
-578568.270,-1265793.210,180.390
-578567.940,-1265793.370,180.385
-578567.610,-1265793.520,180.380
-578567.300,-1265793.670,180.380
-578566.990,-1265793.810,180.370
-578566.690,-1265793.950,180.360
-578566.380,-1265794.100,180.350
-578566.050,-1265794.260,180.340
-578565.750,-1265794.400,180.325
-578565.430,-1265794.550,180.310
-578565.110,-1265794.700,180.300
-578564.850,-1265794.820,180.290
-578576.720,-1265789.410,180.310
-578576.400,-1265789.570,180.330
-578576.080,-1265789.720,180.340
-578575.780,-1265789.860,180.360
-578575.440,-1265790.020,180.370
-578575.120,-1265790.170,180.380
-578574.780,-1265790.330,180.390
-578574.470,-1265790.480,180.390
-578574.160,-1265790.630,180.400
-578573.830,-1265790.790,180.410
-578573.490,-1265790.950,180.420
-578573.170,-1265791.100,180.430
-578572.840,-1265791.260,180.440
-578572.510,-1265791.420,180.450
-578572.170,-1265791.580,180.450
-578571.860,-1265791.730,180.460
-578571.550,-1265791.870,180.460
-578571.240,-1265792.020,180.470
-578570.930,-1265792.170,180.470
-578570.560,-1265792.350,180.460
-578570.280,-1265792.480,180.460
-578569.950,-1265792.630,180.445
-578569.650,-1265792.770,180.430
-578569.350,-1265792.910,180.420
-578569.010,-1265793.070,180.400
-578568.690,-1265793.230,180.400
-578568.380,-1265793.370,180.390
-578568.050,-1265793.530,180.390
-578567.710,-1265793.690,180.380
-578567.390,-1265793.850,180.380
-578567.070,-1265794.000,180.380
-578566.770,-1265794.140,180.370
-578566.470,-1265794.280,180.360
-578566.160,-1265794.420,180.350
-578565.830,-1265794.580,180.330
-578565.530,-1265794.720,180.320
-578565.200,-1265794.880,180.300
-578564.930,-1265795.000,180.290
-578576.800,-1265789.560,180.310
-578576.490,-1265789.710,180.330
-578576.190,-1265789.860,180.350
-578575.860,-1265790.010,180.360
-578575.550,-1265790.160,180.370
-578575.220,-1265790.320,180.380
-578574.900,-1265790.470,180.390
-578574.560,-1265790.630,180.400
-578574.260,-1265790.770,180.410
-578573.940,-1265790.920,180.420
-578573.600,-1265791.080,180.430
-578573.270,-1265791.240,180.430
-578572.960,-1265791.390,180.440
-578572.620,-1265791.550,180.450
-578572.290,-1265791.710,180.460
-578571.950,-1265791.870,180.460
-578571.630,-1265792.020,180.460
-578571.330,-1265792.160,180.470
-578571.020,-1265792.310,180.480
-578570.700,-1265792.460,180.470
-578570.390,-1265792.610,180.460
-578570.070,-1265792.760,180.450
-578569.740,-1265792.920,180.430
-578569.450,-1265793.060,180.420
-578569.140,-1265793.200,180.410
-578568.800,-1265793.360,180.400
-578568.480,-1265793.520,180.390
-578568.170,-1265793.660,180.390
-578567.830,-1265793.820,180.390
-578567.500,-1265793.980,180.380
-578567.170,-1265794.130,180.380
-578566.860,-1265794.280,180.370
-578566.560,-1265794.420,180.360
-578566.260,-1265794.570,180.350
-578565.940,-1265794.720,180.340
-578565.620,-1265794.870,180.320
-578565.320,-1265795.010,180.310
-578565.020,-1265795.140,180.295
-578576.590,-1265789.970,180.330
-578576.280,-1265790.120,180.350
-578575.960,-1265790.270,180.360
-578575.650,-1265790.420,180.370
-578575.340,-1265790.570,180.380
-578574.990,-1265790.730,180.390
-578574.680,-1265790.880,180.400
-578574.350,-1265791.040,180.410
-578574.030,-1265791.190,180.420
-578573.720,-1265791.340,180.430
-578573.390,-1265791.490,180.440
-578573.060,-1265791.650,180.450
-578572.740,-1265791.800,180.450
-578572.410,-1265791.960,180.460
-578572.070,-1265792.120,180.470
-578571.730,-1265792.280,180.470
-578571.430,-1265792.430,180.480
-578571.110,-1265792.580,180.480
-578570.800,-1265792.720,180.480
-578570.500,-1265792.870,180.460
-578570.170,-1265793.020,180.450
-578569.860,-1265793.170,180.440
-578569.540,-1265793.320,180.420
-578569.230,-1265793.470,180.410
-578568.920,-1265793.610,180.400
-578568.590,-1265793.770,180.395
-578568.260,-1265793.930,180.390
-578567.950,-1265794.070,180.390
-578567.620,-1265794.230,180.390
-578567.290,-1265794.390,180.380
-578566.960,-1265794.540,180.380
-578566.650,-1265794.690,180.370
-578566.350,-1265794.830,180.350
-578566.040,-1265794.980,180.340
-578565.740,-1265795.120,180.320
-578565.410,-1265795.280,180.320
-578565.110,-1265795.410,180.300
-578576.700,-1265790.050,180.330
-578576.360,-1265790.220,180.345
-578576.040,-1265790.370,180.360
-578575.730,-1265790.520,180.370
-578575.410,-1265790.670,180.380
-578575.110,-1265790.810,180.390
-578574.770,-1265790.970,180.400
-578574.450,-1265791.120,180.410
-578574.120,-1265791.280,180.420
-578573.810,-1265791.430,180.430
-578573.490,-1265791.580,180.440
-578573.160,-1265791.740,180.450
-578572.820,-1265791.900,180.460
-578572.510,-1265792.050,180.460
-578572.180,-1265792.210,180.470
-578571.840,-1265792.370,180.470
-578571.500,-1265792.520,180.480
-578571.200,-1265792.670,180.480
-578570.890,-1265792.820,180.480
-578570.580,-1265792.960,180.460
-578570.280,-1265793.100,180.450
-578569.950,-1265793.260,180.440
-578569.640,-1265793.400,180.430
-578569.310,-1265793.560,180.420
-578569.010,-1265793.700,180.410
-578568.700,-1265793.850,180.400
-578568.360,-1265794.010,180.390
-578568.040,-1265794.160,180.390
-578567.730,-1265794.310,180.390
-578567.390,-1265794.470,180.390
-578567.060,-1265794.630,180.380
-578566.740,-1265794.780,180.370
-578566.430,-1265794.930,180.360
-578566.120,-1265795.070,180.340
-578565.830,-1265795.210,180.330
-578565.520,-1265795.360,180.320
-578565.190,-1265795.510,180.300
-578571.610,-1265792.710,180.480
-578571.280,-1265792.860,180.480
-578570.980,-1265793.000,180.480
-578570.670,-1265793.150,180.470
-578570.370,-1265793.300,180.455
-578570.060,-1265793.440,180.440
-578569.730,-1265793.600,180.430
-578569.420,-1265793.740,180.420
-578569.090,-1265793.900,180.410
-578568.790,-1265794.040,180.400
-578568.470,-1265794.190,180.400
-578568.150,-1265794.350,180.390
-578567.810,-1265794.500,180.390
-578567.500,-1265794.650,180.390
-578567.180,-1265794.810,180.380
-578566.850,-1265794.960,180.370
-578566.510,-1265795.120,180.360
-578566.210,-1265795.260,180.350
-578565.910,-1265795.400,180.330
-578565.600,-1265795.550,180.320
-578565.300,-1265795.690,180.300
-578565.010,-1265795.820,180.290
-578576.810,-1265790.240,180.330
-578576.470,-1265790.400,180.340
-578576.130,-1265790.560,180.360
-578575.820,-1265790.710,180.370
-578575.500,-1265790.860,180.380
-578575.200,-1265791.000,180.390
-578574.870,-1265791.160,180.400
-578574.540,-1265791.320,180.410
-578574.240,-1265791.460,180.430
-578573.900,-1265791.620,180.430
-578573.580,-1265791.770,180.440
-578573.280,-1265791.920,180.450
-578572.930,-1265792.080,180.460
-578572.590,-1265792.240,180.470
-578572.290,-1265792.390,180.470
-578571.950,-1265792.550,180.480
-578576.870,-1265790.330,180.330
-578576.540,-1265790.490,180.340
-578576.200,-1265790.650,180.360
-578575.850,-1265790.810,180.370
-578575.550,-1265790.960,180.380
-578575.230,-1265791.110,180.390
-578574.910,-1265791.260,180.400
-578574.610,-1265791.400,180.420
-578574.270,-1265791.570,180.430
-578573.950,-1265791.720,180.430
-578573.620,-1265791.870,180.440
-578573.310,-1265792.020,180.450
-578573.000,-1265792.170,180.460
-578572.670,-1265792.330,180.470
-578572.330,-1265792.490,180.480
-578572.020,-1265792.640,180.480
-578571.680,-1265792.800,180.480
-578571.350,-1265792.960,180.480
-578571.010,-1265793.120,180.480
-578570.710,-1265793.260,180.470
-578570.410,-1265793.400,180.450
-578570.100,-1265793.550,180.440
-578569.800,-1265793.690,180.430
-578569.460,-1265793.850,180.420
-578569.150,-1265793.990,180.410
-578568.820,-1265794.150,180.410
-578568.520,-1265794.290,180.400
-578568.210,-1265794.440,180.400
-578567.880,-1265794.600,180.390
-578567.550,-1265794.750,180.390
-578567.240,-1265794.900,180.390
-578566.910,-1265795.060,180.370
-578566.580,-1265795.210,180.360
-578566.250,-1265795.370,180.350
-578565.950,-1265795.510,180.330
-578565.650,-1265795.650,180.320
-578565.350,-1265795.790,180.305
-578576.690,-1265790.760,180.340
-578576.340,-1265790.930,180.360
-578576.010,-1265791.090,180.370
-578575.680,-1265791.250,180.380
-578575.360,-1265791.400,180.390
-578575.040,-1265791.550,180.410
-578574.740,-1265791.690,180.420
-578574.420,-1265791.840,180.430
-578574.080,-1265792.010,180.435
-578573.780,-1265792.150,180.445
-578573.440,-1265792.310,180.460
-578573.120,-1265792.460,180.465
-578572.820,-1265792.610,180.470
-578572.480,-1265792.770,180.480
-578572.140,-1265792.930,180.490
-578571.840,-1265793.070,180.490
-578571.500,-1265793.230,180.490
-578571.160,-1265793.390,180.480
-578570.840,-1265793.540,180.480
-578570.530,-1265793.690,180.460
-578570.220,-1265793.840,180.450
-578569.920,-1265793.980,180.435
-578569.620,-1265794.120,180.430
-578569.280,-1265794.280,180.420
-578568.980,-1265794.420,180.410
-578568.640,-1265794.580,180.410
-578568.330,-1265794.730,180.400
-578568.030,-1265794.870,180.400
-578567.700,-1265795.030,180.390
-578567.370,-1265795.180,180.390
-578567.060,-1265795.330,180.380
-578566.730,-1265795.480,180.370
-578566.400,-1265795.640,180.350
-578566.080,-1265795.790,180.340
-578565.780,-1265795.940,180.325
-578565.470,-1265796.080,180.320
-578565.190,-1265796.210,180.300
-578576.770,-1265790.960,180.340
-578576.470,-1265791.110,180.350
-578576.130,-1265791.270,180.365
-578575.790,-1265791.430,180.380
-578575.450,-1265791.590,180.390
-578575.140,-1265791.740,180.410
-578574.820,-1265791.890,180.420
-578574.510,-1265792.040,180.430
-578574.200,-1265792.180,180.430
-578573.860,-1265792.340,180.450
-578573.560,-1265792.490,180.460
-578573.220,-1265792.650,180.470
-578572.900,-1265792.800,180.470
-578572.590,-1265792.950,180.480
-578572.260,-1265793.100,180.490
-578571.920,-1265793.270,180.500
-578571.610,-1265793.420,180.500
-578571.280,-1265793.570,180.490
-578570.950,-1265793.720,180.480
-578570.620,-1265793.880,180.460
-578570.320,-1265794.020,180.450
-578570.020,-1265794.160,180.440
-578569.710,-1265794.310,180.430
-578569.400,-1265794.460,180.420
-578569.070,-1265794.610,180.420
-578568.760,-1265794.760,180.410
-578568.430,-1265794.920,180.400
-578568.130,-1265795.060,180.400
-578567.810,-1265795.210,180.400
-578567.480,-1265795.360,180.390
-578567.160,-1265795.520,180.380
-578566.850,-1265795.660,180.370
-578566.510,-1265795.820,180.360
-578566.200,-1265795.970,180.340
-578565.860,-1265796.130,180.330
-578565.560,-1265796.270,180.320
-578565.270,-1265796.410,180.300
-578569.500,-1265794.590,180.430
-578569.190,-1265794.740,180.420
-578568.850,-1265794.900,180.410
-578568.550,-1265795.040,180.410
-578568.220,-1265795.200,180.400
-578567.910,-1265795.350,180.400
-578567.610,-1265795.490,180.390
-578567.280,-1265795.650,180.390
-578566.940,-1265795.800,180.370
-578566.640,-1265795.950,180.360
-578566.320,-1265796.100,180.350
-578565.980,-1265796.260,180.330
-578565.660,-1265796.410,180.320
-578565.360,-1265796.550,180.300
-578576.890,-1265791.090,180.340
-578576.560,-1265791.240,180.350
-578576.240,-1265791.390,180.360
-578575.910,-1265791.550,180.370
-578575.570,-1265791.710,180.390
-578575.230,-1265791.870,180.400
-578574.920,-1265792.030,180.420
-578574.610,-1265792.170,180.430
-578574.300,-1265792.320,180.430
-578573.980,-1265792.470,180.440
-578573.650,-1265792.630,180.455
-578573.340,-1265792.780,180.460
-578573.000,-1265792.940,180.470
-578572.690,-1265793.080,180.480
-578572.380,-1265793.230,180.490
-578572.040,-1265793.390,180.500
-578571.700,-1265793.550,180.500
-578571.400,-1265793.690,180.500
-578571.080,-1265793.850,180.480
-578570.740,-1265794.010,180.470
-578570.420,-1265794.160,180.450
-578570.110,-1265794.300,180.440
-578569.800,-1265794.450,180.430
-578576.670,-1265791.450,180.350
-578576.330,-1265791.610,180.360
-578576.020,-1265791.760,180.370
-578575.680,-1265791.920,180.390
-578575.340,-1265792.080,180.400
-578575.010,-1265792.240,180.420
-578574.690,-1265792.390,180.430
-578574.380,-1265792.540,180.430
-578574.070,-1265792.690,180.440
-578573.760,-1265792.830,180.450
-578573.410,-1265793.000,180.460
-578573.110,-1265793.140,180.470
-578572.770,-1265793.300,180.480
-578572.430,-1265793.470,180.500
-578572.150,-1265793.600,180.510
-578571.820,-1265793.760,180.510
-578571.480,-1265793.920,180.510
-578571.180,-1265794.060,180.490
-578570.850,-1265794.210,180.480
-578570.520,-1265794.370,180.460
-578570.190,-1265794.520,180.450
-578569.880,-1265794.670,180.440
-578569.580,-1265794.810,180.430
-578569.260,-1265794.960,180.420
-578568.960,-1265795.100,180.420
-578568.630,-1265795.260,180.410
-578568.320,-1265795.410,180.410
-578567.990,-1265795.560,180.400
-578567.690,-1265795.710,180.390
-578567.380,-1265795.850,180.390
-578567.050,-1265796.000,180.380
-578566.730,-1265796.160,180.370
-578566.420,-1265796.300,180.350
-578566.090,-1265796.460,180.330
-578565.770,-1265796.610,180.320
-578565.440,-1265796.770,180.310
-578565.150,-1265796.900,180.300
-578576.770,-1265791.560,180.340
-578576.430,-1265791.720,180.360
-578576.100,-1265791.880,180.370
-578575.780,-1265792.030,180.385
-578575.440,-1265792.190,180.400
-578575.110,-1265792.350,180.410
-578574.780,-1265792.510,180.420
-578574.450,-1265792.660,180.430
-578574.150,-1265792.810,180.440
-578573.840,-1265792.960,180.450
-578573.520,-1265793.110,180.460
-578573.190,-1265793.260,180.470
-578572.840,-1265793.440,180.480
-578572.500,-1265793.600,180.500
-578572.230,-1265793.720,180.510
-578571.920,-1265793.870,180.510
-578571.580,-1265794.030,180.510
-578571.260,-1265794.180,180.490
-578570.950,-1265794.320,180.480
-578570.620,-1265794.480,180.460
-578570.300,-1265794.630,180.450
-578569.960,-1265794.790,180.440
-578569.650,-1265794.940,180.440
-578569.350,-1265795.080,180.430
-578569.040,-1265795.220,180.420
-578568.730,-1265795.370,180.410
-578568.400,-1265795.520,180.410
-578568.100,-1265795.670,180.400
-578567.760,-1265795.830,180.390
-578567.460,-1265795.970,180.390
-578567.150,-1265796.120,180.380
-578566.820,-1265796.270,180.370
-578566.500,-1265796.430,180.350
-578566.190,-1265796.570,180.330
-578565.860,-1265796.720,180.320
-578565.540,-1265796.880,180.310
-578565.240,-1265797.010,180.300
-578569.770,-1265795.240,180.440
-578569.460,-1265795.390,180.440
-578569.150,-1265795.530,180.420
-578568.540,-1265795.820,180.410
-578568.210,-1265795.980,180.400
-578567.910,-1265796.120,180.400
-578567.570,-1265796.280,180.390
-578567.260,-1265796.430,180.390
-578566.960,-1265796.570,180.370
-578566.640,-1265796.720,180.360
-578566.300,-1265796.880,180.340
-578566.000,-1265797.020,180.330
-578565.680,-1265797.170,180.320
-578565.360,-1265797.320,180.300
-578576.890,-1265791.860,180.340
-578576.570,-1265792.010,180.360
-578576.230,-1265792.180,180.365
-578575.900,-1265792.330,180.380
-578575.580,-1265792.480,180.390
-578575.250,-1265792.640,180.410
-578574.910,-1265792.810,180.420
-578574.570,-1265792.960,180.425
-578574.260,-1265793.110,180.430
-578573.960,-1265793.260,180.440
-578573.640,-1265793.410,180.450
-578573.330,-1265793.560,180.460
-578572.980,-1265793.730,180.480
-578572.670,-1265793.870,180.480
-578572.340,-1265794.030,180.510
-578572.030,-1265794.170,180.510
-578571.720,-1265794.320,180.510
-578571.390,-1265794.480,180.510
-578571.070,-1265794.630,180.480
-578570.760,-1265794.770,180.470
-578570.430,-1265794.930,180.460
-578570.090,-1265795.090,180.450
-578576.660,-1265792.160,180.350
-578576.340,-1265792.310,180.360
-578576.010,-1265792.460,180.380
-578575.670,-1265792.630,180.390
-578575.360,-1265792.770,180.410
-578575.020,-1265792.930,180.420
-578574.690,-1265793.090,180.420
-578574.340,-1265793.260,180.430
-578574.040,-1265793.400,180.440
-578573.720,-1265793.550,180.450
-578573.410,-1265793.700,180.460
-578573.110,-1265793.840,180.470
-578572.760,-1265794.010,180.485
-578572.450,-1265794.160,180.510
-578572.120,-1265794.310,180.510
-578571.800,-1265794.460,180.510
-578571.490,-1265794.610,180.510
-578571.170,-1265794.760,180.490
-578570.840,-1265794.920,180.470
-578570.530,-1265795.060,180.460
-578570.200,-1265795.220,180.450
-578569.870,-1265795.370,180.440
-578569.540,-1265795.530,180.440
-578569.230,-1265795.680,180.430
-578568.930,-1265795.820,180.420
-578568.630,-1265795.960,180.410
-578568.320,-1265796.110,180.405
-578567.990,-1265796.260,180.400
-578567.680,-1265796.410,180.390
-578567.350,-1265796.570,180.390
-578567.040,-1265796.710,180.380
-578566.740,-1265796.850,180.370
-578566.410,-1265797.010,180.345
-578566.080,-1265797.160,180.330
-578565.790,-1265797.300,180.320
-578565.450,-1265797.460,180.310
-578576.770,-1265792.340,180.350
-578576.450,-1265792.490,180.360
-578576.140,-1265792.640,180.370
-578575.470,-1265792.960,180.400
-578575.150,-1265793.110,180.410
-578574.810,-1265793.270,180.420
-578574.480,-1265793.430,180.420
-578574.140,-1265793.590,180.430
-578573.830,-1265793.740,180.445
-578573.530,-1265793.880,180.450
-578573.210,-1265794.030,180.465
-578572.890,-1265794.180,180.480
-578572.570,-1265794.340,180.510
-578572.240,-1265794.490,180.510
-578571.910,-1265794.650,180.510
-578571.600,-1265794.800,180.510
-578571.300,-1265794.940,180.500
-578570.970,-1265795.100,180.480
-578570.650,-1265795.250,180.465
-578570.330,-1265795.400,180.450
-578570.000,-1265795.560,180.450
-578569.680,-1265795.710,180.440
-578569.340,-1265795.870,180.440
-578569.030,-1265796.010,180.420
-578568.730,-1265796.150,180.410
-578568.430,-1265796.300,180.410
-578568.110,-1265796.440,180.400
-578567.790,-1265796.600,180.390
-578567.480,-1265796.740,180.390
-578567.150,-1265796.900,180.380
-578566.840,-1265797.050,180.370
-578566.540,-1265797.190,180.360
-578566.210,-1265797.340,180.340
-578565.880,-1265797.500,180.320
-578565.580,-1265797.640,180.310
-578565.280,-1265797.780,180.300
-578572.690,-1265794.590,180.490
-578572.340,-1265794.760,180.500
-578572.020,-1265794.910,180.510
-578571.700,-1265795.060,180.510
-578571.390,-1265795.210,180.500
-578571.080,-1265795.350,180.480
-578570.770,-1265795.500,180.470
-578570.430,-1265795.660,180.460
-578570.120,-1265795.810,180.450
-578569.790,-1265795.960,180.440
-578569.460,-1265796.120,180.440
-578569.130,-1265796.280,180.440
-578568.830,-1265796.420,180.420
-578568.520,-1265796.560,180.410
-578568.210,-1265796.710,180.400
-578567.910,-1265796.850,180.400
-578567.570,-1265797.010,180.390
-578567.260,-1265797.160,180.390
-578566.940,-1265797.310,180.380
-578566.640,-1265797.450,180.360
-578566.330,-1265797.600,180.340
-578566.010,-1265797.750,180.330
-578565.680,-1265797.900,180.320
-578565.410,-1265798.020,180.300
-578576.890,-1265792.600,180.340
-578576.550,-1265792.760,180.360
-578576.230,-1265792.910,180.370
-578575.920,-1265793.060,180.380
-578575.590,-1265793.220,180.390
-578575.250,-1265793.380,180.405
-578574.940,-1265793.530,180.410
-578574.600,-1265793.690,180.420
-578574.260,-1265793.850,180.430
-578573.930,-1265794.000,180.440
-578573.620,-1265794.150,180.450
-578573.300,-1265794.300,180.460
-578572.990,-1265794.450,180.470
-578567.060,-1265797.450,180.380
-578566.730,-1265797.610,180.360
-578566.430,-1265797.750,180.350
-578566.120,-1265797.890,180.330
-578565.800,-1265798.040,180.320
-578565.480,-1265798.190,180.310
-578576.670,-1265792.900,180.355
-578576.340,-1265793.060,180.370
-578576.030,-1265793.210,180.380
-578575.710,-1265793.360,180.390
-578575.370,-1265793.520,180.400
-578575.040,-1265793.680,180.410
-578574.720,-1265793.830,180.420
-578574.390,-1265793.980,180.430
-578574.050,-1265794.150,180.440
-578573.710,-1265794.310,180.450
-578573.410,-1265794.450,180.460
-578573.090,-1265794.600,180.470
-578572.780,-1265794.750,180.480
-578572.470,-1265794.900,180.500
-578572.130,-1265795.060,180.510
-578571.820,-1265795.210,180.510
-578571.490,-1265795.360,180.500
-578571.190,-1265795.500,180.490
-578570.880,-1265795.650,180.470
-578570.560,-1265795.800,180.460
-578570.220,-1265795.960,180.450
-578569.910,-1265796.100,180.450
-578569.580,-1265796.260,180.440
-578569.250,-1265796.420,180.440
-578568.930,-1265796.570,180.420
-578568.620,-1265796.720,180.410
-578568.310,-1265796.860,180.400
-578568.000,-1265797.010,180.400
-578567.700,-1265797.150,180.390
-578567.370,-1265797.310,180.390
-578576.790,-1265793.130,180.350
-578576.480,-1265793.280,180.360
-578576.140,-1265793.440,180.370
-578575.830,-1265793.590,180.380
-578575.520,-1265793.730,180.390
-578575.180,-1265793.900,180.410
-578574.840,-1265794.060,180.420
-578574.540,-1265794.200,180.420
-578573.860,-1265794.520,180.440
-578573.530,-1265794.680,180.450
-578573.210,-1265794.830,180.460
-578572.900,-1265794.980,180.480
-578572.590,-1265795.130,180.500
-578572.280,-1265795.280,180.510
-578571.940,-1265795.440,180.510
-578571.630,-1265795.580,180.510
-578571.310,-1265795.730,180.490
-578571.000,-1265795.880,180.480
-578570.700,-1265796.020,180.470
-578570.360,-1265796.180,180.460
-578570.040,-1265796.330,180.450
-578569.730,-1265796.480,180.440
-578569.400,-1265796.630,180.440
-578569.070,-1265796.790,180.430
-578568.730,-1265796.950,180.420
-578568.430,-1265797.090,180.410
-578568.130,-1265797.230,180.400
-578567.820,-1265797.380,180.400
-578567.510,-1265797.520,180.390
-578567.180,-1265797.680,180.390
-578566.870,-1265797.830,180.370
-578566.550,-1265797.980,180.360
-578566.250,-1265798.120,180.340
-578565.940,-1265798.270,180.325
-578565.610,-1265798.420,180.315
-578574.640,-1265794.420,180.420
-578574.320,-1265794.570,180.430
-578574.000,-1265794.730,180.440
-578573.650,-1265794.890,180.450
-578573.310,-1265795.050,180.460
-578573.010,-1265795.200,180.470
-578572.690,-1265795.350,180.490
-578572.380,-1265795.490,180.510
-578572.070,-1265795.640,180.510
-578571.740,-1265795.800,180.510
-578571.430,-1265795.940,180.500
-578571.110,-1265796.090,180.480
-578570.800,-1265796.240,180.470
-578570.490,-1265796.390,180.460
-578570.170,-1265796.540,180.450
-578569.830,-1265796.700,180.450
-578569.520,-1265796.850,180.440
-578569.200,-1265797.000,180.430
-578568.870,-1265797.150,180.420
-578568.530,-1265797.310,180.410
-578568.230,-1265797.460,180.410
-578567.920,-1265797.600,180.400
-578567.610,-1265797.750,180.400
-578567.310,-1265797.890,180.390
-578566.980,-1265798.040,180.380
-578566.670,-1265798.190,180.360
-578566.350,-1265798.340,180.340
-578566.050,-1265798.480,180.330
-578565.740,-1265798.620,180.320
-578576.580,-1265793.500,180.360
-578576.270,-1265793.650,180.370
-578575.940,-1265793.810,180.380
-578575.620,-1265793.960,180.390
-578574.980,-1265794.260,180.410
-578576.710,-1265793.730,180.360
-578576.370,-1265793.900,180.370
-578576.070,-1265794.040,180.380
-578575.730,-1265794.200,180.390
-578575.410,-1265794.350,180.400
-578575.100,-1265794.500,180.410
-578574.770,-1265794.660,180.420
-578574.430,-1265794.820,180.430
-578574.130,-1265794.960,180.440
-578573.780,-1265795.130,180.450
-578573.440,-1265795.290,180.460
-578573.120,-1265795.440,180.470
-578572.800,-1265795.590,180.490
-578572.480,-1265795.740,180.505
-578572.180,-1265795.880,180.510
-578571.870,-1265796.030,180.510
-578571.530,-1265796.190,180.500
-578571.240,-1265796.330,180.490
-578570.900,-1265796.490,180.480
-578570.600,-1265796.630,180.470
-578570.290,-1265796.780,180.460
-578569.960,-1265796.930,180.450
-578569.620,-1265797.090,180.440
-578569.330,-1265797.230,180.440
-578569.000,-1265797.390,180.430
-578568.660,-1265797.550,180.420
-578568.330,-1265797.700,180.410
-578568.030,-1265797.850,180.400
-578567.710,-1265797.990,180.400
-578567.410,-1265798.140,180.390
-578567.110,-1265798.280,180.380
-578566.780,-1265798.430,180.360
-578566.480,-1265798.580,180.340
-578566.150,-1265798.730,180.330
-578565.850,-1265798.870,180.320
-578565.560,-1265799.000,180.310
-578569.130,-1265797.620,180.430
-578568.800,-1265797.780,180.420
-578568.480,-1265797.930,180.410
-578568.140,-1265798.090,180.410
-578567.840,-1265798.230,180.400
-578567.540,-1265798.370,180.390
-578567.220,-1265798.520,180.380
-578566.920,-1265798.660,180.360
-578566.600,-1265798.810,180.350
-578566.290,-1265798.960,180.330
-578565.970,-1265799.110,180.320
-578565.670,-1265799.250,180.310
-578576.830,-1265793.970,180.350
-578576.520,-1265794.120,180.370
-578576.180,-1265794.290,180.380
-578575.870,-1265794.430,180.390
-578575.530,-1265794.590,180.400
-578575.220,-1265794.740,180.410
-578574.910,-1265794.890,180.410
-578574.570,-1265795.050,180.430
-578574.230,-1265795.210,180.430
-578573.930,-1265795.350,180.440
-578573.590,-1265795.510,180.455
-578573.250,-1265795.670,180.465
-578572.920,-1265795.830,180.480
-578572.610,-1265795.980,180.500
-578572.290,-1265796.130,180.510
-578571.980,-1265796.280,180.510
-578571.680,-1265796.420,180.510
-578571.350,-1265796.580,180.495
-578571.040,-1265796.720,180.480
-578570.710,-1265796.880,180.470
-578570.410,-1265797.020,180.460
-578570.100,-1265797.160,180.450
-578569.770,-1265797.320,180.450
-578569.440,-1265797.470,180.440
-578576.600,-1265794.310,180.360
-578576.280,-1265794.460,180.380
-578575.950,-1265794.610,180.390
-578575.640,-1265794.760,180.395
-578575.300,-1265794.920,180.400
-578574.990,-1265795.070,180.410
-578574.680,-1265795.220,180.420
-578574.340,-1265795.380,180.430
-578574.010,-1265795.540,180.440
-578573.700,-1265795.680,180.450
-578573.360,-1265795.840,180.460
-578573.020,-1265796.000,180.470
-578572.690,-1265796.160,180.500
-578572.380,-1265796.310,180.510
-578572.060,-1265796.460,180.510
-578571.760,-1265796.600,180.510
-578571.450,-1265796.750,180.500
-578571.120,-1265796.900,180.480
-578570.820,-1265797.050,180.480
-578570.490,-1265797.200,180.470
-578570.180,-1265797.350,180.460
-578569.870,-1265797.490,180.450
-578569.550,-1265797.650,180.440
-578569.210,-1265797.800,180.430
-578568.910,-1265797.950,180.420
-578568.580,-1265798.100,180.420
-578568.250,-1265798.260,180.410
-578567.920,-1265798.420,180.400
-578567.620,-1265798.550,180.400
-578567.300,-1265798.700,180.380
-578567.010,-1265798.840,180.365
-578566.700,-1265798.990,180.350
-578566.370,-1265799.140,180.335
-578566.070,-1265799.290,180.320
-578565.750,-1265799.440,180.310
-578574.120,-1265795.690,180.440
-578573.780,-1265795.850,180.450
-578573.480,-1265796.000,180.460
-578573.140,-1265796.160,180.470
-578572.800,-1265796.320,180.490
-578572.460,-1265796.480,180.510
-578572.150,-1265796.630,180.510
-578571.840,-1265796.770,180.510
-578571.540,-1265796.910,180.510
-578571.230,-1265797.060,180.490
-578570.900,-1265797.220,180.480
-578570.600,-1265797.360,180.470
-578570.270,-1265797.510,180.460
-578569.960,-1265797.660,180.450
-578569.650,-1265797.800,180.440
-578569.330,-1265797.960,180.440
-578568.990,-1265798.110,180.430
-578568.690,-1265798.260,180.420
-578568.360,-1265798.410,180.410
-578568.030,-1265798.570,180.400
-578567.700,-1265798.730,180.400
-578567.400,-1265798.870,180.380
-578566.790,-1265799.160,180.360
-578566.490,-1265799.300,180.340
-578566.160,-1265799.450,180.320
-578565.850,-1265799.590,180.310
-578565.560,-1265799.730,180.300
-578576.680,-1265794.480,180.360
-578576.380,-1265794.620,180.370
-578576.060,-1265794.770,180.380
-578575.720,-1265794.930,180.390
-578575.420,-1265795.070,180.400
-578575.080,-1265795.240,180.410
-578574.770,-1265795.380,180.420
-578574.460,-1265795.530,180.430
-578576.830,-1265794.790,180.350
-578576.520,-1265794.940,180.370
-578576.200,-1265795.090,180.380
-578575.890,-1265795.240,180.390
-578575.560,-1265795.390,180.395
-578575.250,-1265795.540,180.400
-578574.910,-1265795.700,180.410
-578574.610,-1265795.840,180.420
-578574.290,-1265796.000,180.430
-578573.950,-1265796.150,180.440
-578573.620,-1265796.310,180.450
-578573.310,-1265796.460,180.460
-578572.970,-1265796.620,180.470
-578572.630,-1265796.780,180.500
-578572.290,-1265796.940,180.510
-578571.980,-1265797.090,180.510
-578571.680,-1265797.230,180.510
-578571.370,-1265797.380,180.500
-578571.070,-1265797.520,180.490
-578570.740,-1265797.670,180.480
-578570.430,-1265797.820,180.470
-578570.100,-1265797.980,180.450
-578569.800,-1265798.110,180.450
-578569.490,-1265798.260,180.440
-578569.160,-1265798.420,180.430
-578568.830,-1265798.570,180.420
-578568.190,-1265798.870,180.400
-578567.860,-1265799.030,180.390
-578567.530,-1265799.180,180.380
-578567.230,-1265799.330,180.370
-578566.930,-1265799.470,180.360
-578566.620,-1265799.610,180.340
-578566.320,-1265799.750,180.325
-578565.990,-1265799.910,180.320
-578565.700,-1265800.040,180.310
-578576.630,-1265795.200,180.360
-578576.320,-1265795.350,180.370
-578576.010,-1265795.500,180.380
-578575.690,-1265795.650,180.390
-578575.360,-1265795.810,180.400
-578575.050,-1265795.950,180.400
-578574.710,-1265796.110,180.410
-578574.400,-1265796.260,180.420
-578574.090,-1265796.410,180.440
-578573.750,-1265796.570,180.450
-578573.420,-1265796.730,180.460
-578573.110,-1265796.870,180.470
-578572.770,-1265797.040,180.490
-578571.800,-1265797.490,180.510
-578571.480,-1265797.640,180.510
-578571.180,-1265797.790,180.500
-578570.870,-1265797.930,180.480
-578570.540,-1265798.090,180.470
-578570.240,-1265798.230,180.460
-578569.920,-1265798.380,180.450
-578569.600,-1265798.530,180.440
-578569.300,-1265798.670,180.430
-578568.970,-1265798.830,180.425
-578568.630,-1265798.990,180.410
-578568.330,-1265799.130,180.400
-578568.010,-1265799.280,180.390
-578567.680,-1265799.440,180.380
-578567.340,-1265799.590,180.370
-578567.050,-1265799.730,180.360
-578566.740,-1265799.880,180.350
-578566.430,-1265800.020,180.325
-578566.140,-1265800.160,180.320
-578565.800,-1265800.320,180.310
-578569.410,-1265798.880,180.430
-578569.110,-1265799.020,180.420
-578568.780,-1265799.180,180.410
-578568.450,-1265799.340,180.400
-578568.150,-1265799.470,180.390
-578567.820,-1265799.630,180.380
-578567.480,-1265799.790,180.370
-578567.160,-1265799.940,180.360
-578566.850,-1265800.090,180.350
-578566.550,-1265800.230,180.330
-578566.250,-1265800.370,180.320
-578565.940,-1265800.510,180.310
-578576.750,-1265795.410,180.360
-578576.440,-1265795.560,180.370
-578576.130,-1265795.710,180.380
-578575.810,-1265795.850,180.390
-578575.500,-1265796.000,180.390
-578575.170,-1265796.160,180.400
-578574.850,-1265796.310,180.410
-578574.520,-1265796.470,180.420
-578574.210,-1265796.620,180.430
-578573.900,-1265796.760,180.440
-578573.560,-1265796.920,180.450
-578573.230,-1265797.080,180.470
-578572.920,-1265797.230,180.480
-578572.570,-1265797.390,180.510
-578572.240,-1265797.550,180.510
-578571.910,-1265797.700,180.510
-578571.600,-1265797.850,180.510
-578571.290,-1265798.000,180.500
-578570.990,-1265798.140,180.490
-578570.680,-1265798.280,180.480
-578570.350,-1265798.440,180.460
-578570.060,-1265798.570,180.450
-578569.720,-1265798.740,180.440
-578576.870,-1265795.590,180.355
-578576.540,-1265795.750,180.360
-578576.220,-1265795.900,180.370
-578575.910,-1265796.040,180.380
-578575.600,-1265796.190,180.390
-578575.290,-1265796.340,180.400
-578574.950,-1265796.500,180.410
-578574.640,-1265796.640,180.410
-578574.310,-1265796.800,180.430
-578573.990,-1265796.950,180.440
-578573.680,-1265797.100,180.450
-578573.340,-1265797.260,180.470
-578573.010,-1265797.420,180.480
-578572.700,-1265797.570,180.500
-578572.350,-1265797.730,180.510
-578572.020,-1265797.890,180.510
-578571.700,-1265798.040,180.510
-578571.400,-1265798.180,180.500
-578571.080,-1265798.330,180.500
-578570.780,-1265798.470,180.480
-578570.480,-1265798.620,180.460
-578570.150,-1265798.770,180.450
-578569.840,-1265798.910,180.440
-578569.510,-1265799.070,180.440
-578569.210,-1265799.210,180.430
-578568.900,-1265799.360,180.420
-578568.580,-1265799.510,180.405
-578568.240,-1265799.670,180.390
-578567.940,-1265799.810,180.380
-578567.610,-1265799.960,180.370
-578567.280,-1265800.120,180.370
-578566.950,-1265800.280,180.350
-578566.660,-1265800.410,180.340
-578566.340,-1265800.560,180.320
-578566.040,-1265800.700,180.310
-578565.770,-1265800.830,180.300
-578576.690,-1265796.060,180.360
-578576.360,-1265796.220,180.370
-578576.040,-1265796.360,180.375
-578575.730,-1265796.510,180.390
-578575.420,-1265796.660,180.390
-578575.110,-1265796.810,180.400
-578574.770,-1265796.960,180.410
-578574.460,-1265797.110,180.420
-578574.120,-1265797.270,180.440
-578573.820,-1265797.420,180.450
-578573.500,-1265797.570,180.460
-578573.170,-1265797.730,180.480
-578572.830,-1265797.890,180.500
-578572.520,-1265798.030,180.510
-578572.180,-1265798.200,180.515
-578571.850,-1265798.350,180.520
-578571.530,-1265798.500,180.510
-578571.220,-1265798.650,180.500
-578570.910,-1265798.800,180.480
-578570.610,-1265798.930,180.470
-578570.300,-1265799.080,180.460
-578569.970,-1265799.230,180.445
-578569.670,-1265799.380,180.435
-578569.340,-1265799.530,180.430
-578569.030,-1265799.680,180.420
-578568.730,-1265799.820,180.405
-578568.400,-1265799.970,180.395
-578568.060,-1265800.130,180.380
-578567.760,-1265800.270,180.380
-578567.430,-1265800.430,180.370
-578567.100,-1265800.580,180.350
-578566.780,-1265800.730,180.340
-578566.480,-1265800.880,180.320
-578566.170,-1265801.020,180.300
-578565.880,-1265801.160,180.300
-578576.880,-1265796.340,180.360
-578576.550,-1265796.500,180.370
-578576.210,-1265796.650,180.370
-578575.900,-1265796.800,180.380
-578575.590,-1265796.950,180.390
-578575.280,-1265797.100,180.400
-578574.960,-1265797.250,180.410
-578574.630,-1265797.410,180.420
-578574.320,-1265797.550,180.430
-578573.980,-1265797.710,180.440
-578573.670,-1265797.860,180.460
-578573.360,-1265798.010,180.470
-578573.020,-1265798.170,180.490
-578572.680,-1265798.330,180.510
-578572.380,-1265798.470,180.520
-578571.710,-1265798.790,180.520
-578571.380,-1265798.940,180.500
-578571.070,-1265799.090,180.480
-578570.770,-1265799.230,180.470
-578570.470,-1265799.370,180.460
-578570.160,-1265799.520,180.450
-578569.830,-1265799.670,180.440
-578569.530,-1265799.810,180.430
-578569.200,-1265799.970,180.420
-578568.890,-1265800.110,180.410
-578568.590,-1265800.250,180.400
-578568.260,-1265800.410,180.390
-578567.930,-1265800.570,180.380
-578567.630,-1265800.710,180.370
-578567.290,-1265800.860,180.350
-578566.970,-1265801.020,180.340
-578566.640,-1265801.170,180.320
-578566.340,-1265801.310,180.310
-578566.030,-1265801.460,180.300
-578565.740,-1265801.590,180.290
-578568.960,-1265800.260,180.410
-578568.660,-1265800.400,180.400
-578568.350,-1265800.540,180.390
-578568.020,-1265800.700,180.380
-578567.700,-1265800.850,180.370
-578567.390,-1265800.990,180.350
-578567.070,-1265801.150,180.340
-578566.740,-1265801.300,180.320
-578566.410,-1265801.460,180.310
-578566.110,-1265801.600,180.300
-578565.820,-1265801.730,180.290
-578576.640,-1265796.630,180.360
-578576.310,-1265796.790,180.370
-578575.960,-1265796.950,180.380
-578575.660,-1265797.090,180.390
-578575.350,-1265797.240,180.400
-578575.040,-1265797.390,180.410
-578574.720,-1265797.540,180.420
-578574.390,-1265797.690,180.430
-578574.080,-1265797.840,180.440
-578573.740,-1265798.000,180.460
-578573.440,-1265798.150,180.470
-578573.120,-1265798.300,180.490
-578572.780,-1265798.460,180.510
-578572.450,-1265798.620,180.520
-578572.140,-1265798.760,180.520
-578571.800,-1265798.920,180.520
-578571.460,-1265799.080,180.500
-578571.140,-1265799.230,180.490
-578570.840,-1265799.370,180.475
-578570.540,-1265799.510,180.465
-578570.230,-1265799.660,180.450
-578569.920,-1265799.800,180.440
-578569.600,-1265799.960,180.430
-578569.290,-1265800.100,180.420
-578576.810,-1265796.940,180.360
-578576.470,-1265797.100,180.370
-578576.130,-1265797.260,180.380
-578575.800,-1265797.420,180.390
-578575.490,-1265797.570,180.400
-578575.170,-1265797.720,180.410
-578574.860,-1265797.860,180.420
-578574.550,-1265798.010,180.430
-578574.210,-1265798.170,180.440
-578573.910,-1265798.310,180.460
-578573.570,-1265798.480,180.470
-578573.250,-1265798.630,180.480
-578572.950,-1265798.770,180.500
-578572.600,-1265798.940,180.510
-578572.270,-1265799.090,180.520
-578571.970,-1265799.230,180.520
-578571.270,-1265799.570,180.490
-578570.980,-1265799.700,180.480
-578570.680,-1265799.840,180.470
-578570.060,-1265800.130,180.440
-578569.760,-1265800.270,180.430
-578569.430,-1265800.430,180.420
-578569.130,-1265800.570,180.410
-578568.800,-1265800.730,180.400
-578568.490,-1265800.870,180.390
-578568.180,-1265801.020,180.380
-578567.850,-1265801.170,180.370
-578567.520,-1265801.320,180.355
-578567.230,-1265801.460,180.340
-578566.900,-1265801.620,180.330
-578566.570,-1265801.770,180.310
-578566.240,-1265801.930,180.300
-578565.960,-1265802.050,180.290
-578576.610,-1265797.330,180.360
-578576.280,-1265797.490,180.370
-578575.950,-1265797.640,180.380
-578575.610,-1265797.800,180.400
-578575.290,-1265797.960,180.410
-578574.990,-1265798.100,180.420
-578574.680,-1265798.240,180.430
-578574.360,-1265798.400,180.440
-578574.030,-1265798.550,180.450
-578573.720,-1265798.700,180.460
-578573.370,-1265798.860,180.480
-578573.070,-1265799.010,180.500
-578572.760,-1265799.160,180.510
-578572.420,-1265799.320,180.520
-578572.090,-1265799.470,180.520
-578571.780,-1265799.620,180.510
-578571.450,-1265799.770,180.500
-578571.130,-1265799.920,180.490
-578570.800,-1265800.080,180.470
-578570.490,-1265800.230,180.460
-578570.190,-1265800.370,180.450
-578569.880,-1265800.510,180.435
-578569.580,-1265800.650,180.420
-578569.250,-1265800.800,180.420
-578568.940,-1265800.950,180.400
-578568.610,-1265801.100,180.390
-578568.310,-1265801.250,180.380
-578568.000,-1265801.390,180.370
-578567.680,-1265801.550,180.360
-578567.350,-1265801.700,180.350
-578566.720,-1265802.000,180.310
-578566.390,-1265802.150,180.295
-578566.060,-1265802.300,180.290
-578576.730,-1265797.600,180.360
-578576.420,-1265797.740,180.370
-578576.080,-1265797.900,180.380
-578575.750,-1265798.060,180.390
-578575.410,-1265798.220,180.410
-578575.100,-1265798.370,180.420
-578574.790,-1265798.520,180.430
-578574.480,-1265798.660,180.435
-578574.160,-1265798.810,180.440
-578573.830,-1265798.970,180.460
-578573.520,-1265799.120,180.475
-578573.180,-1265799.280,180.500
-578572.870,-1265799.430,180.510
-578572.560,-1265799.580,180.510
-578572.230,-1265799.730,180.515
-578571.900,-1265799.890,180.510
-578571.600,-1265800.030,180.500
-578571.260,-1265800.190,180.485
-578570.930,-1265800.340,180.480
-578570.610,-1265800.490,180.470
-578570.310,-1265800.630,180.450
-578569.990,-1265800.780,180.440
-578569.690,-1265800.920,180.430
-578569.390,-1265801.070,180.420
-578569.060,-1265801.220,180.400
-578568.750,-1265801.370,180.390
-578568.430,-1265801.510,180.380
-578568.120,-1265801.660,180.370
-578567.820,-1265801.800,180.370
-578567.500,-1265801.960,180.350
-578567.160,-1265802.110,180.340
-578566.850,-1265802.260,180.315
-578566.540,-1265802.400,180.300
-578566.210,-1265802.560,180.290
-578568.890,-1265801.630,180.400
-578568.590,-1265801.770,180.390
-578568.250,-1265801.930,180.370
-578567.950,-1265802.080,180.370
-578567.650,-1265802.210,180.350
-578567.320,-1265802.370,180.340
-578566.360,-1265802.820,180.290
-578566.060,-1265802.960,180.290
-578576.890,-1265797.850,180.360
-578576.560,-1265798.010,180.370
-578576.250,-1265798.160,180.380
-578575.910,-1265798.320,180.390
-578575.230,-1265798.640,180.420
-578574.620,-1265798.930,180.430
-578574.300,-1265799.080,180.440
-578573.990,-1265799.230,180.450
-578573.660,-1265799.390,180.470
-578573.340,-1265799.540,180.480
-578573.010,-1265799.690,180.510
-578572.700,-1265799.840,180.510
-578572.390,-1265799.990,180.510
-578572.060,-1265800.140,180.510
-578571.730,-1265800.300,180.500
-578571.430,-1265800.440,180.490
-578571.090,-1265800.600,180.480
-578570.770,-1265800.750,180.470
-578570.440,-1265800.900,180.460
-578570.130,-1265801.050,180.440
-578569.830,-1265801.190,180.430
-578569.520,-1265801.330,180.420
-578569.210,-1265801.480,180.405
-578576.680,-1265798.210,180.370
-578576.360,-1265798.360,180.380
-578576.040,-1265798.510,180.390
-578575.700,-1265798.670,180.400
-578575.370,-1265798.830,180.420
-578575.030,-1265798.990,180.430
-578574.720,-1265799.140,180.430
-578574.410,-1265799.280,180.440
-578574.110,-1265799.430,180.450
-578573.760,-1265799.590,180.465
-578573.460,-1265799.740,180.480
-578573.150,-1265799.880,180.500
-578572.800,-1265800.040,180.510
-578572.500,-1265800.190,180.510
-578572.190,-1265800.330,180.510
-578571.860,-1265800.490,180.500
-578571.530,-1265800.640,180.490
-578571.230,-1265800.790,180.490
-578570.900,-1265800.940,180.480
-578570.560,-1265801.100,180.460
-578570.240,-1265801.250,180.440
-578569.940,-1265801.390,180.435
-578569.630,-1265801.540,180.420
-578569.320,-1265801.680,180.410
-578569.030,-1265801.820,180.400
-578568.690,-1265801.980,180.385
-578568.390,-1265802.120,180.375
-578568.060,-1265802.270,180.370
-578567.760,-1265802.420,180.350
-578567.450,-1265802.560,180.340
-578566.490,-1265803.010,180.300
-578566.180,-1265803.160,180.290
-578576.870,-1265798.560,180.360
-578576.200,-1265798.880,180.380
-578575.220,-1265799.350,180.420
-578574.880,-1265799.500,180.430
-578574.570,-1265799.650,180.430
-578574.260,-1265799.790,180.450
-578573.950,-1265799.940,180.460
-578573.640,-1265800.090,180.470
-578573.300,-1265800.250,180.490
-578572.990,-1265800.400,180.510
-578572.650,-1265800.560,180.515
-578572.340,-1265800.700,180.515
-578572.040,-1265800.850,180.520
-578571.710,-1265801.000,180.500
-578571.380,-1265801.160,180.490
-578571.080,-1265801.300,180.480
-578570.740,-1265801.460,180.465
-578570.420,-1265801.610,180.450
-578570.100,-1265801.760,180.440
-578569.790,-1265801.900,180.430
-578569.480,-1265802.050,180.420
-578569.180,-1265802.190,180.400
-578568.870,-1265802.330,180.390
-578568.540,-1265802.490,180.380
-578568.240,-1265802.630,180.370
-578567.910,-1265802.780,180.360
-578567.600,-1265802.930,180.340
-578567.300,-1265803.070,180.330
-578566.980,-1265803.220,180.320
-578566.640,-1265803.380,180.300
-578566.350,-1265803.520,180.290
-578567.420,-1265803.310,180.340
-578567.120,-1265803.450,180.320
-578566.790,-1265803.600,180.300
-578566.470,-1265803.760,180.300
-578576.690,-1265798.940,180.370
-578576.000,-1265799.260,180.400
-578575.700,-1265799.410,180.410
-578575.360,-1265799.570,180.420
-578575.020,-1265799.730,180.430
-578574.700,-1265799.880,180.430
-578574.380,-1265800.030,180.440
-578574.070,-1265800.180,180.450
-578573.760,-1265800.330,180.460
-578573.450,-1265800.470,180.480
-578573.110,-1265800.640,180.500
-578572.800,-1265800.780,180.510
-578572.460,-1265800.940,180.520
-578572.160,-1265801.080,180.520
-578571.860,-1265801.230,180.510
-578571.520,-1265801.380,180.490
-578571.190,-1265801.540,180.480
-578570.890,-1265801.680,180.465
-578570.560,-1265801.830,180.450
-578570.240,-1265801.980,180.440
-578569.900,-1265802.140,180.430
-578569.600,-1265802.280,180.420
-578569.300,-1265802.430,180.410
-578568.990,-1265802.570,180.390
-578568.690,-1265802.710,180.380
-578568.360,-1265802.870,180.370
-578568.050,-1265803.010,180.360
-578567.730,-1265803.160,180.350
-578576.800,-1265799.200,180.370
-578576.480,-1265799.350,180.375
-578576.140,-1265799.510,180.390
-578575.800,-1265799.670,180.410
-578575.490,-1265799.810,180.420
-578575.160,-1265799.970,180.420
-578574.820,-1265800.130,180.430
-578574.490,-1265800.280,180.440
-578574.170,-1265800.440,180.450
-578573.860,-1265800.580,180.460
-578573.560,-1265800.730,180.480
-578573.240,-1265800.880,180.500
-578572.900,-1265801.040,180.520
-578572.600,-1265801.180,180.520
-578572.270,-1265801.340,180.520
-578571.950,-1265801.490,180.520
-578571.650,-1265801.630,180.500
-578571.320,-1265801.780,180.480
-578571.000,-1265801.940,180.470
-578570.690,-1265802.080,180.450
-578570.370,-1265802.230,180.440
-578570.040,-1265802.390,180.430
-578569.710,-1265802.540,180.420
-578569.410,-1265802.680,180.410
-578569.100,-1265802.830,180.400
-578568.790,-1265802.970,180.380
-578568.490,-1265803.110,180.370
-578568.160,-1265803.270,180.360
-578567.860,-1265803.410,180.350
-578567.530,-1265803.560,180.340
-578567.220,-1265803.710,180.330
-578566.920,-1265803.850,180.310
-578566.600,-1265804.000,180.300
-578566.270,-1265804.150,180.290
-578576.900,-1265799.430,180.360
-578576.590,-1265799.580,180.370
-578576.290,-1265799.720,180.380
-578575.600,-1265800.050,180.410
-578575.300,-1265800.190,180.420
-578574.960,-1265800.350,180.420
-578574.630,-1265800.510,180.430
-578574.290,-1265800.670,180.440
-578573.990,-1265800.810,180.450
-578573.670,-1265800.970,180.470
-578573.360,-1265801.110,180.490
-578573.050,-1265801.260,180.520
-578572.710,-1265801.420,180.520
-578572.400,-1265801.570,180.530
-578572.070,-1265801.720,180.520
-578570.810,-1265802.310,180.460
-578570.500,-1265802.450,180.450
-578570.180,-1265802.610,180.430
-578569.850,-1265802.760,180.420
-578569.520,-1265802.920,180.410
-578569.210,-1265803.060,180.400
-578568.610,-1265803.350,180.375
-578568.300,-1265803.490,180.370
-578567.980,-1265803.640,180.350
-578567.670,-1265803.790,180.340
-578567.340,-1265803.940,180.330
-578567.040,-1265804.080,180.310
-578566.730,-1265804.220,180.300
-578566.400,-1265804.380,180.290
-578575.160,-1265800.740,180.420
-578574.830,-1265800.900,180.430
-578574.490,-1265801.060,180.440
-578574.150,-1265801.220,180.450
-578573.530,-1265801.510,180.490
-578573.210,-1265801.660,180.510
-578572.570,-1265801.970,180.530
-578572.260,-1265802.110,180.530
-578571.890,-1265802.300,180.520
-578571.610,-1265802.420,180.510
-578571.330,-1265802.550,180.480
-578571.010,-1265802.700,180.470
-578570.040,-1265803.150,180.430
-578569.710,-1265803.310,180.420
-578569.380,-1265803.460,180.410
-578569.080,-1265803.600,180.400
-578568.780,-1265803.740,180.380
-578568.170,-1265804.030,180.360
-578567.830,-1265804.190,180.345
-578567.520,-1265804.330,180.340
-578566.900,-1265804.630,180.310
-578566.590,-1265804.770,180.300
-578576.770,-1265799.980,180.370
-578576.450,-1265800.130,180.380
-578576.140,-1265800.280,180.390
-578575.800,-1265800.440,180.400
-578569.220,-1265803.890,180.400
-578568.920,-1265804.030,180.390
-578568.610,-1265804.170,180.380
-578568.310,-1265804.320,180.360
-578568.000,-1265804.460,180.350
-578567.680,-1265804.610,180.340
-578567.370,-1265804.760,180.325
-578567.040,-1265804.910,180.310
-578566.740,-1265805.050,180.300
-578566.440,-1265805.200,180.300
-578576.600,-1265800.410,180.380
-578576.280,-1265800.560,180.390
-578575.970,-1265800.710,180.400
-578575.640,-1265800.860,180.410
-578575.300,-1265801.020,180.415
-578574.990,-1265801.170,180.430
-578574.660,-1265801.330,180.430
-578574.320,-1265801.480,180.450
-578573.990,-1265801.640,180.470
-578573.680,-1265801.790,180.500
-578573.360,-1265801.940,180.510
-578573.040,-1265802.090,180.530
-578572.740,-1265802.240,180.530
-578572.410,-1265802.390,180.530
-578572.100,-1265802.540,180.530
-578571.770,-1265802.690,180.510
-578571.470,-1265802.830,180.490
-578571.160,-1265802.980,180.475
-578570.840,-1265803.130,180.470
-578570.510,-1265803.280,180.450
-578570.200,-1265803.430,180.430
-578569.870,-1265803.580,180.420
-578569.550,-1265803.740,180.410
-578576.720,-1265800.590,180.380
-578576.390,-1265800.750,180.380
-578576.070,-1265800.900,180.400
-578575.770,-1265801.040,180.410
-578575.430,-1265801.200,180.410
-578575.090,-1265801.360,180.420
-578574.780,-1265801.510,180.430
-578574.440,-1265801.670,180.450
-578574.110,-1265801.830,180.470
-578573.770,-1265801.990,180.480
-578573.150,-1265802.280,180.525
-578572.840,-1265802.430,180.530
-578572.530,-1265802.580,180.530
-578572.210,-1265802.730,180.530
-578571.900,-1265802.870,180.510
-578571.570,-1265803.020,180.495
-578571.270,-1265803.160,180.480
-578570.960,-1265803.310,180.470
-578570.640,-1265803.460,180.460
-578570.310,-1265803.620,180.440
-578570.000,-1265803.760,180.430
-578569.670,-1265803.910,180.410
-578569.350,-1265804.060,180.400
-578569.010,-1265804.220,180.390
-578568.710,-1265804.370,180.380
-578568.410,-1265804.510,180.360
-578568.100,-1265804.650,180.350
-578567.800,-1265804.790,180.340
-578567.470,-1265804.950,180.330
-578567.160,-1265805.090,180.320
-578566.540,-1265805.380,180.300
-578576.850,-1265800.910,180.370
-578576.540,-1265801.060,180.380
-578576.210,-1265801.220,180.390
-578575.900,-1265801.360,180.410
-578575.580,-1265801.510,180.415
-578575.250,-1265801.670,180.420
-578573.940,-1265802.290,180.490
-578573.600,-1265802.450,180.510
-578573.290,-1265802.600,180.520
-578572.980,-1265802.750,180.530
-578572.670,-1265802.890,180.530
-578572.360,-1265803.040,180.530
-578571.730,-1265803.330,180.500
-578571.400,-1265803.490,180.480
-578571.100,-1265803.630,180.470
-578570.790,-1265803.770,180.460
-578570.460,-1265803.930,180.440
-578570.130,-1265804.080,180.430
-578569.830,-1265804.220,180.410
-578569.500,-1265804.380,180.400
-578569.170,-1265804.530,180.390
-578568.850,-1265804.680,180.380
-578568.540,-1265804.830,180.360
-578568.230,-1265804.970,180.350
-578567.940,-1265805.110,180.350
-578567.010,-1265805.550,180.310
-578566.680,-1265805.700,180.300
-578576.660,-1265801.420,180.380
-578576.350,-1265801.570,180.390
-578575.710,-1265801.880,180.410
-578575.400,-1265802.020,180.420
-578575.060,-1265802.180,180.435
-578574.730,-1265802.340,180.450
-578574.410,-1265802.490,180.470
-578573.750,-1265802.800,180.510
-578573.410,-1265802.960,180.530
-578573.090,-1265803.110,180.530
-578572.790,-1265803.260,180.530
-578572.480,-1265803.400,180.520
-578572.170,-1265803.550,180.520
-578571.850,-1265803.700,180.495
-578571.210,-1265804.000,180.470
-578570.920,-1265804.140,180.460
-578570.610,-1265804.280,180.460
-578570.280,-1265804.440,180.440
-578569.950,-1265804.590,180.415
-578569.650,-1265804.730,180.410
-578569.320,-1265804.880,180.390
-578568.990,-1265805.040,180.390
-578568.360,-1265805.330,180.350
-578568.060,-1265805.470,180.350
-578567.750,-1265805.620,180.340
-578567.440,-1265805.760,180.320
-578566.820,-1265806.050,180.300
-578566.510,-1265806.200,180.300
-578576.830,-1265801.750,180.380
-578576.500,-1265801.910,180.390
-578576.190,-1265802.060,180.405
-578575.850,-1265802.220,180.415
-578575.540,-1265802.360,180.420
-578575.230,-1265802.510,180.440
-578574.890,-1265802.670,180.460
-578574.560,-1265802.830,180.470
-578574.250,-1265802.970,180.480
-578573.910,-1265803.130,180.510
-578573.240,-1265803.450,180.530
-578572.930,-1265803.600,180.530
-578572.630,-1265803.740,180.530
-578572.320,-1265803.880,180.520
-578572.020,-1265804.020,180.510
-578571.690,-1265804.180,180.490
-578571.380,-1265804.320,180.480
-578571.060,-1265804.480,180.470
-578570.750,-1265804.620,180.460
-578570.450,-1265804.760,180.440
-578569.790,-1265805.070,180.405
-578569.490,-1265805.210,180.400
-578569.170,-1265805.360,180.390
-578568.830,-1265805.520,180.370
-578568.510,-1265805.670,180.360
-578568.210,-1265805.810,180.350
-578567.900,-1265805.960,180.340
-578567.600,-1265806.100,180.330
-578567.300,-1265806.240,180.320
-578566.960,-1265806.400,180.310
-578566.660,-1265806.540,180.300
-578569.570,-1265805.400,180.400
-578569.260,-1265805.540,180.390
-578568.930,-1265805.700,180.380
-578568.600,-1265805.850,180.360
-578568.280,-1265806.000,180.350
-578567.970,-1265806.150,180.340
-578567.670,-1265806.290,180.330
-578567.370,-1265806.430,180.315
-578567.060,-1265806.570,180.310
-578566.730,-1265806.730,180.300
-578576.920,-1265801.940,180.380
-578576.600,-1265802.090,180.390
-578576.260,-1265802.250,180.410
-578575.960,-1265802.390,180.410
-578575.620,-1265802.550,180.430
-578575.310,-1265802.700,180.440
-578575.000,-1265802.850,180.455
-578574.660,-1265803.010,180.475
-578574.320,-1265803.170,180.480
-578573.980,-1265803.340,180.510
-578573.350,-1265803.630,180.530
-578573.010,-1265803.790,180.530
-578572.700,-1265803.930,180.530
-578572.400,-1265804.070,180.520
-578572.100,-1265804.210,180.495
-578571.790,-1265804.360,180.490
-578571.460,-1265804.510,180.480
-578571.160,-1265804.650,180.470
-578570.830,-1265804.810,180.460
-578570.520,-1265804.950,180.440
-578570.230,-1265805.090,180.430
-578569.890,-1265805.250,180.410
-578576.760,-1265802.480,180.395
-578576.460,-1265802.620,180.405
-578576.110,-1265802.790,180.415
-578575.810,-1265802.930,180.430
-578575.160,-1265803.240,180.460
-578574.850,-1265803.380,180.470
-578574.520,-1265803.540,180.480
-578574.140,-1265803.730,180.495
-578573.830,-1265803.870,180.510
-578573.540,-1265804.010,180.520
-578572.570,-1265804.460,180.520
-578572.260,-1265804.600,180.510
-578571.660,-1265804.890,180.480
-578571.330,-1265805.040,180.470
-578571.020,-1265805.190,180.460
-578570.080,-1265805.630,180.410
-578569.760,-1265805.770,180.400
-578569.430,-1265805.930,180.390
-578569.120,-1265806.080,180.390
-578568.790,-1265806.230,180.370
-578568.140,-1265806.540,180.350
-578567.840,-1265806.680,180.340
-578567.540,-1265806.820,180.330
-578566.930,-1265807.100,180.300
-578576.900,-1265802.840,180.400
-578576.600,-1265802.980,180.410
-578576.290,-1265803.130,180.410
-578575.640,-1265803.440,180.440
-578575.310,-1265803.600,180.455
-578574.990,-1265803.750,180.470
-578574.690,-1265803.890,180.480
-578574.010,-1265804.210,180.510
-578573.710,-1265804.350,180.520
-578573.370,-1265804.510,180.520
-578573.030,-1265804.670,180.520
-578572.100,-1265805.110,180.490
-578571.800,-1265805.250,180.480
-578571.490,-1265805.390,180.470
-578571.160,-1265805.550,180.460
-578570.860,-1265805.690,180.450
-578570.530,-1265805.840,180.430
-578570.220,-1265805.990,180.410
-578569.930,-1265806.120,180.400
-578569.590,-1265806.280,180.395
-578569.260,-1265806.440,180.390
-578568.960,-1265806.580,180.375
-578568.630,-1265806.730,180.370
-578568.300,-1265806.890,180.360
-578567.970,-1265807.040,180.350
-578567.670,-1265807.180,180.330
-578567.070,-1265807.460,180.300
-578576.730,-1265803.330,180.410
-578576.410,-1265803.480,180.420
-578576.100,-1265803.630,180.430
-578575.770,-1265803.790,180.440
-578575.460,-1265803.940,180.450
-578575.120,-1265804.090,180.460
-578574.820,-1265804.240,180.470
-578574.500,-1265804.380,180.485
-578574.170,-1265804.540,180.500
-578573.840,-1265804.700,180.510
-578573.520,-1265804.850,180.520
-578573.190,-1265805.010,180.520
-578572.860,-1265805.160,180.510
-578572.530,-1265805.310,180.510
-578572.220,-1265805.460,180.490
-578571.930,-1265805.600,180.480
-578571.620,-1265805.740,180.470
-578571.310,-1265805.890,180.460
-578570.990,-1265806.040,180.450
-578570.680,-1265806.180,180.430
-578570.350,-1265806.340,180.420
-578570.050,-1265806.480,180.410
-578569.750,-1265806.620,180.400
-578569.410,-1265806.780,180.390
-578569.090,-1265806.930,180.380
-578568.790,-1265807.070,180.370
-578568.450,-1265807.230,180.360
-578568.130,-1265807.380,180.350
-578567.200,-1265807.810,180.300
-578566.900,-1265807.960,180.290
-578566.600,-1265808.090,180.290
-578576.780,-1265803.480,180.400
-578576.470,-1265803.620,180.420
-578576.160,-1265803.770,180.430
-578575.850,-1265803.920,180.440
-578575.510,-1265804.080,180.450
-578575.200,-1265804.220,180.460
-578574.870,-1265804.380,180.470
-578574.560,-1265804.520,180.480
-578574.250,-1265804.670,180.490
-578573.920,-1265804.830,180.510
-578573.580,-1265804.990,180.510
-578573.270,-1265805.130,180.515
-578572.940,-1265805.290,180.510
-578572.610,-1265805.440,180.510
-578572.280,-1265805.600,180.490
-578571.980,-1265805.740,180.490
-578571.680,-1265805.880,180.470
-578571.370,-1265806.020,180.460
-578571.070,-1265806.170,180.450
-578570.740,-1265806.320,180.430
-578570.430,-1265806.460,180.420
-578570.100,-1265806.610,180.410
-578569.800,-1265806.760,180.400
-578569.490,-1265806.900,180.390
-578569.160,-1265807.060,180.380
-578568.840,-1265807.210,180.370
-578568.540,-1265807.350,180.360
-578568.200,-1265807.510,180.350
-578566.950,-1265808.090,180.295
-578566.680,-1265808.210,180.290
-578576.670,-1265804.120,180.410
-578576.360,-1265804.270,180.420
-578576.050,-1265804.420,180.430
-578575.740,-1265804.560,180.440
-578575.410,-1265804.720,180.450
-578575.100,-1265804.860,180.460
-578574.750,-1265805.030,180.470
-578574.450,-1265805.170,180.480
-578573.470,-1265805.630,180.510
-578573.160,-1265805.780,180.510
-578572.830,-1265805.930,180.510
-578572.500,-1265806.090,180.500
-578572.180,-1265806.240,180.490
-578571.870,-1265806.380,180.470
-578570.960,-1265806.810,180.440
-578570.630,-1265806.960,180.420
-578570.000,-1265807.260,180.400
-578569.700,-1265807.400,180.400
-578569.390,-1265807.550,180.390
-578568.110,-1265808.140,180.350
-578567.450,-1265808.450,180.315
-578567.150,-1265808.590,180.300
-578576.820,-1265804.480,180.410
-578576.500,-1265804.630,180.420
-578576.200,-1265804.780,180.430
-578575.880,-1265804.920,180.430
-578574.930,-1265805.370,180.470
-578574.600,-1265805.530,180.475
-578574.290,-1265805.680,180.490
-578573.970,-1265805.830,180.510
-578573.640,-1265805.980,180.510
-578573.300,-1265806.140,180.510
-578573.000,-1265806.280,180.510
-578572.670,-1265806.440,180.500
-578572.340,-1265806.590,180.490
-578572.020,-1265806.740,180.480
-578571.710,-1265806.890,180.470
-578571.410,-1265807.030,180.455
-578570.470,-1265807.470,180.410
-578570.180,-1265807.610,180.405
-578569.840,-1265807.770,180.400
-578569.530,-1265807.910,180.390
-578569.240,-1265808.050,180.380
-578568.900,-1265808.200,180.370
-578568.280,-1265808.500,180.350
-578567.950,-1265808.650,180.340
-578567.610,-1265808.810,180.320
-578567.290,-1265808.960,180.310
-578566.990,-1265809.100,180.300
-578574.080,-1265806.140,180.510
-578573.770,-1265806.290,180.510
-578573.440,-1265806.450,180.510
-578573.110,-1265806.610,180.510
-578572.810,-1265806.740,180.510
-578572.480,-1265806.900,180.490
-578572.150,-1265807.050,180.480
-578571.820,-1265807.210,180.470
-578571.520,-1265807.350,180.450
-578571.210,-1265807.500,180.440
-578570.910,-1265807.630,180.430
-578570.610,-1265807.780,180.420
-578570.280,-1265807.930,180.410
-578569.970,-1265808.080,180.400
-578569.650,-1265808.230,180.390
-578569.340,-1265808.370,180.380
-578569.040,-1265808.510,180.370
-578568.710,-1265808.670,180.360
-578568.380,-1265808.820,180.350
-578568.080,-1265808.960,180.340
-578567.750,-1265809.110,180.330
-578567.430,-1265809.260,180.320
-578567.100,-1265809.420,180.310
-578576.620,-1265804.950,180.415
-578576.300,-1265805.100,180.420
-578575.990,-1265805.240,180.430
-578575.690,-1265805.390,180.440
-578575.370,-1265805.540,180.450
-578575.040,-1265805.700,180.470
-578574.740,-1265805.840,180.480
-578574.400,-1265806.000,180.490
-578576.720,-1265805.100,180.410
-578576.380,-1265805.260,180.420
-578576.070,-1265805.410,180.430
-578575.760,-1265805.550,180.440
-578575.450,-1265805.700,180.450
-578575.140,-1265805.850,180.460
-578574.810,-1265806.010,180.470
-578574.500,-1265806.150,180.490
-578574.170,-1265806.310,180.510
-578573.850,-1265806.460,180.510
-578573.550,-1265806.600,180.510
-578573.210,-1265806.760,180.510
-578572.880,-1265806.910,180.510
-578572.580,-1265807.050,180.490
-578572.260,-1265807.210,180.480
-578571.920,-1265807.360,180.470
-578571.590,-1265807.520,180.455
-578571.300,-1265807.660,180.440
-578570.980,-1265807.800,180.430
-578570.680,-1265807.950,180.420
-578570.390,-1265808.080,180.410
-578570.050,-1265808.240,180.400
-578569.740,-1265808.380,180.390
-578569.420,-1265808.530,180.380
-578569.110,-1265808.680,180.370
-578568.810,-1265808.820,180.360
-578568.490,-1265808.970,180.350
-578568.150,-1265809.130,180.330
-578567.850,-1265809.270,180.325
-578567.520,-1265809.420,180.315
-578567.200,-1265809.570,180.310
-578576.580,-1265805.700,180.415
-578576.240,-1265805.850,180.430
-578575.630,-1265806.140,180.450
-578575.310,-1265806.290,180.460
-578575.000,-1265806.440,180.470
-578574.020,-1265806.900,180.510
-578573.720,-1265807.040,180.510
-578573.400,-1265807.190,180.510
-578572.750,-1265807.500,180.490
-578572.440,-1265807.640,180.480
-578571.460,-1265808.100,180.450
-578571.150,-1265808.250,180.440
-578570.860,-1265808.380,180.430
-578570.550,-1265808.530,180.420
-578569.280,-1265809.120,180.370
-578568.990,-1265809.260,180.360
-578568.680,-1265809.410,180.350
-578568.350,-1265809.560,180.330
-578568.030,-1265809.710,180.330
-578567.720,-1265809.850,180.320
-578568.560,-1265810.000,180.340
-578568.230,-1265810.150,180.330
-578567.900,-1265810.300,180.320
-578567.600,-1265810.440,180.310
-578567.280,-1265810.590,180.300
-578576.790,-1265806.130,180.410
-578576.450,-1265806.290,180.420
-578576.110,-1265806.450,180.430
-578575.810,-1265806.590,180.450
-578575.180,-1265806.890,180.470
-578574.880,-1265807.030,180.480
-578574.540,-1265807.190,180.490
-578574.230,-1265807.340,180.500
-578573.900,-1265807.490,180.500
-578573.590,-1265807.640,180.500
-578573.280,-1265807.780,180.500
-578572.960,-1265807.930,180.490
-578572.630,-1265808.090,180.480
-578572.320,-1265808.230,180.470
-578572.000,-1265808.380,180.450
-578571.670,-1265808.540,180.445
-578571.340,-1265808.690,180.440
-578571.030,-1265808.840,180.430
-578570.730,-1265808.980,180.420
-578570.420,-1265809.120,180.420
-578570.130,-1265809.260,180.410
-578569.800,-1265809.420,180.390
-578569.490,-1265809.560,180.380
-578569.160,-1265809.710,180.380
-578568.860,-1265809.850,180.360
-578576.590,-1265806.520,180.420
-578576.260,-1265806.670,180.430
-578575.930,-1265806.830,180.440
-578575.610,-1265806.980,180.460
-578575.300,-1265807.130,180.470
-578575.000,-1265807.270,180.480
-578574.680,-1265807.420,180.480
-578574.350,-1265807.570,180.490
-578574.050,-1265807.720,180.490
-578573.410,-1265808.020,180.490
-578573.110,-1265808.160,180.480
-578572.770,-1265808.320,180.480
-578572.150,-1265808.610,180.460
-578571.810,-1265808.770,180.445
-578571.480,-1265808.920,180.440
-578571.160,-1265809.070,180.430
-578570.850,-1265809.220,180.420
-578570.540,-1265809.360,180.420
-578570.240,-1265809.500,180.410
-578569.940,-1265809.640,180.400
-578569.610,-1265809.800,180.380
-578569.310,-1265809.940,180.380
-578568.670,-1265810.240,180.340
-578568.370,-1265810.380,180.330
-578568.040,-1265810.530,180.320
-578567.720,-1265810.680,180.310
-578567.420,-1265810.820,180.300
-578576.740,-1265806.800,180.420
-578576.400,-1265806.960,180.430
-578576.070,-1265807.120,180.440
-578575.730,-1265807.280,180.460
-578575.420,-1265807.430,180.470
-578575.120,-1265807.570,180.480
-578574.810,-1265807.720,180.480
-578574.500,-1265807.860,180.485
-578573.860,-1265808.160,180.490
-578573.230,-1265808.450,180.480
-578572.920,-1265808.600,180.470
-578572.590,-1265808.760,180.460
-578572.270,-1265808.910,180.455
-578571.960,-1265809.050,180.450
-578571.620,-1265809.210,180.440
-578571.300,-1265809.360,180.430
-578570.970,-1265809.520,180.430
-578570.660,-1265809.660,180.420
-578570.360,-1265809.800,180.410
-578570.060,-1265809.940,180.400
-578569.750,-1265810.090,180.390
-578569.420,-1265810.240,180.380
-578569.130,-1265810.380,180.370
-578568.490,-1265810.680,180.330
-578568.190,-1265810.820,180.320
-578567.870,-1265810.970,180.310
-578567.530,-1265811.120,180.290
-578567.240,-1265811.260,180.285
-578576.900,-1265807.130,180.420
-578576.600,-1265807.270,180.430
-578576.260,-1265807.430,180.440
-578575.590,-1265807.750,180.470
-578575.290,-1265807.890,180.470
-578574.970,-1265808.040,180.480
-578574.670,-1265808.180,180.480
-578574.030,-1265808.480,180.480
-578573.720,-1265808.630,180.470
-578573.390,-1265808.780,180.470
-578573.080,-1265808.930,180.460
-578572.780,-1265809.070,180.455
-578572.450,-1265809.220,180.450
-578572.120,-1265809.380,180.440
-578571.820,-1265809.520,180.440
-578571.490,-1265809.670,180.430
-578571.160,-1265809.830,180.420
-578570.830,-1265809.980,180.420
-578570.530,-1265810.120,180.410
-578569.920,-1265810.410,180.390
-578569.620,-1265810.550,180.380
-578569.290,-1265810.700,180.370
-578568.990,-1265810.850,180.360
-578568.660,-1265811.000,180.335
-578568.050,-1265811.280,180.310
-578567.410,-1265811.580,180.290
-578576.800,-1265807.750,180.425
-578576.480,-1265807.890,180.440
-578576.150,-1265808.050,180.450
-578575.820,-1265808.210,180.460
-578575.490,-1265808.370,180.470
-578575.180,-1265808.510,180.470
-578574.870,-1265808.660,180.470
-578574.560,-1265808.800,180.470
-578574.260,-1265808.940,180.460
-578573.920,-1265809.100,180.460
-578573.620,-1265809.240,180.460
-578573.290,-1265809.400,180.460
-578572.980,-1265809.540,180.450
-578572.680,-1265809.680,180.445
-578572.020,-1265809.990,180.430
-578571.720,-1265810.130,180.430
-578571.390,-1265810.290,180.420
-578571.050,-1265810.450,180.410
-578570.720,-1265810.600,180.400
-578570.430,-1265810.740,180.400
-578570.110,-1265810.880,180.390
-578569.810,-1265811.030,180.380
-578569.520,-1265811.160,180.370
-578569.180,-1265811.320,180.370
-578568.880,-1265811.460,180.350
-578568.560,-1265811.610,180.330
-578568.250,-1265811.750,180.320
-578567.950,-1265811.900,180.310
-578567.630,-1265812.040,180.300
-578576.920,-1265807.950,180.425
-578576.580,-1265808.110,180.440
-578576.270,-1265808.250,180.450
-578575.950,-1265808.410,180.460
-578575.610,-1265808.560,180.460
-578575.270,-1265808.720,180.460
-578574.970,-1265808.870,180.460
-578574.660,-1265809.010,180.460
-578574.350,-1265809.150,180.460
-578574.060,-1265809.290,180.460
-578573.720,-1265809.450,180.460
-578573.410,-1265809.600,180.450
-578573.090,-1265809.750,180.450
-578572.780,-1265809.890,180.440
-578572.470,-1265810.040,180.440
-578572.150,-1265810.190,180.430
-578571.820,-1265810.340,180.420
-578571.510,-1265810.490,180.415
-578571.190,-1265810.640,180.410
-578570.860,-1265810.790,180.400
-578570.520,-1265810.950,180.400
-578570.220,-1265811.090,180.390
-578569.920,-1265811.230,180.380
-578569.610,-1265811.380,180.370
-578569.310,-1265811.520,180.360
-578568.980,-1265811.670,180.355
-578568.680,-1265811.820,180.340
-578568.350,-1265811.970,180.320
-578568.050,-1265812.110,180.305
-578567.750,-1265812.250,180.300
-578576.750,-1265808.430,180.430
-578576.410,-1265808.590,180.445
-578576.100,-1265808.730,180.450
-578575.770,-1265808.890,180.460
-578575.440,-1265809.050,180.460
-578575.110,-1265809.200,180.460
-578574.800,-1265809.350,180.460
-578574.490,-1265809.490,180.460
-578574.190,-1265809.640,180.460
-578573.880,-1265809.780,180.450
-578573.550,-1265809.940,180.450
-578573.240,-1265810.080,180.440
-578572.920,-1265810.230,180.440
-578572.620,-1265810.370,180.430
-578572.310,-1265810.520,180.420
-578571.980,-1265810.670,180.420
-578571.660,-1265810.820,180.410
-578571.340,-1265810.970,180.400
-578571.010,-1265811.120,180.400
-578570.690,-1265811.270,180.390
-578570.350,-1265811.430,180.380
-578570.050,-1265811.570,180.375
-578569.750,-1265811.710,180.370
-578569.440,-1265811.860,180.360
-578569.140,-1265812.000,180.350
-578568.820,-1265812.150,180.340
-578568.510,-1265812.290,180.330
-578568.180,-1265812.450,180.315
-578567.890,-1265812.590,180.300
-578567.580,-1265812.730,180.290
-578576.600,-1265808.870,180.440
-578576.260,-1265809.030,180.440
-578575.940,-1265809.180,180.450
-578575.620,-1265809.330,180.450
-578575.290,-1265809.490,180.450
-578574.960,-1265809.640,180.455
-578574.650,-1265809.790,180.460
-578574.350,-1265809.930,180.450
-578574.030,-1265810.070,180.450
-578573.730,-1265810.220,180.445
-578573.400,-1265810.370,180.440
-578573.090,-1265810.510,180.430
-578572.770,-1265810.670,180.430
-578572.460,-1265810.810,180.420
-578572.160,-1265810.950,180.410
-578571.510,-1265811.260,180.400
-578570.870,-1265811.560,180.390
-578570.540,-1265811.710,180.380
-578570.220,-1265811.860,180.370
-578569.910,-1265812.010,180.370
-578569.600,-1265812.150,180.360
-578569.300,-1265812.290,180.350
-578568.990,-1265812.440,180.340
-578568.670,-1265812.590,180.330
-578568.370,-1265812.730,180.320
-578568.040,-1265812.880,180.300
-578567.740,-1265813.020,180.295
-578576.780,-1265809.370,180.430
-578576.450,-1265809.530,180.430
-578576.120,-1265809.680,180.440
-578575.810,-1265809.830,180.440
-578575.480,-1265809.990,180.450
-578575.150,-1265810.140,180.450
-578574.820,-1265810.300,180.450
-578574.510,-1265810.440,180.450
-578574.210,-1265810.580,180.450
-578573.900,-1265810.730,180.440
-578573.590,-1265810.870,180.430
-578573.280,-1265811.020,180.420
-578572.960,-1265811.170,180.405
-578572.630,-1265811.320,180.400
-578572.330,-1265811.460,180.390
-578572.020,-1265811.600,180.380
-578571.690,-1265811.760,180.375
-578571.360,-1265811.920,180.370
-578571.060,-1265812.050,180.370
-578570.720,-1265812.210,180.360
-578570.410,-1265812.360,180.360
-578570.080,-1265812.520,180.360
-578569.770,-1265812.660,180.350
-578569.460,-1265812.800,180.340
-578569.160,-1265812.950,180.340
-578568.850,-1265813.090,180.330
-578568.530,-1265813.240,180.320
-578568.230,-1265813.380,180.300
-578567.900,-1265813.540,180.290
-578567.610,-1265813.670,180.290
-578576.850,-1265809.540,180.425
-578576.540,-1265809.690,180.430
-578576.210,-1265809.850,180.430
-578575.880,-1265810.000,180.440
-578575.570,-1265810.150,180.440
-578575.240,-1265810.300,180.445
-578574.900,-1265810.460,180.445
-578574.580,-1265810.610,180.440
-578574.270,-1265810.760,180.440
-578573.960,-1265810.900,180.440
-578573.660,-1265811.040,180.420
-578573.360,-1265811.180,180.410
-578572.730,-1265811.480,180.390
-578572.400,-1265811.630,180.380
-578572.090,-1265811.780,180.380
-578571.790,-1265811.920,180.370
-578571.460,-1265812.070,180.360
-578571.130,-1265812.230,180.360
-578570.820,-1265812.370,180.360
-578570.510,-1265812.520,180.360
-578570.160,-1265812.680,180.350
-578569.840,-1265812.830,180.350
-578569.540,-1265812.970,180.340
-578569.220,-1265813.120,180.330
-578568.920,-1265813.260,180.330
-578568.630,-1265813.400,180.310
-578568.290,-1265813.560,180.295
-578567.990,-1265813.700,180.290
-578567.680,-1265813.840,180.285
-578576.740,-1265810.060,180.430
-578576.430,-1265810.200,180.430
-578576.090,-1265810.360,180.430
-578575.760,-1265810.520,180.440
-578575.110,-1265810.820,180.440
-578574.790,-1265810.970,180.440
-578573.850,-1265811.410,180.410
-578573.550,-1265811.550,180.400
-578573.240,-1265811.700,180.390
-578572.910,-1265811.850,180.380
-578572.610,-1265811.990,180.380
-578572.280,-1265812.150,180.370
-578571.980,-1265812.290,180.360
-578571.680,-1265812.430,180.360
-578571.340,-1265812.590,180.360
-578571.010,-1265812.740,180.350
-578570.710,-1265812.880,180.350
-578570.380,-1265813.040,180.340
-578569.730,-1265813.340,180.340
-578569.420,-1265813.490,180.330
-578569.110,-1265813.630,180.325
-578568.820,-1265813.770,180.310
-578568.170,-1265814.070,180.290
-578567.880,-1265814.200,180.290
-578568.640,-1265814.240,180.300
-578568.350,-1265814.370,180.290
-578576.870,-1265810.380,180.420
-578576.560,-1265810.530,180.420
-578576.260,-1265810.670,180.420
-578575.920,-1265810.830,180.430
-578575.580,-1265810.990,180.430
-578575.280,-1265811.130,180.430
-578574.620,-1265811.440,180.410
-578574.290,-1265811.600,180.400
-578573.990,-1265811.730,180.400
-578573.370,-1265812.020,180.380
-578573.080,-1265812.160,180.380
-578572.740,-1265812.320,180.370
-578572.120,-1265812.610,180.350
-578571.810,-1265812.760,180.350
-578571.500,-1265812.900,180.340
-578571.180,-1265813.050,180.340
-578570.840,-1265813.210,180.330
-578570.540,-1265813.350,180.330
-578570.220,-1265813.500,180.330
-578569.550,-1265813.810,180.315
-578569.250,-1265813.950,180.310
-578568.950,-1265814.090,180.310
-578570.460,-1265814.010,180.300
-578570.130,-1265814.160,180.300
-578569.800,-1265814.310,180.300
-578576.780,-1265811.050,180.400
-578576.470,-1265811.190,180.400
-578576.170,-1265811.330,180.400
-578575.500,-1265811.650,180.400
-578575.200,-1265811.790,180.390
-578574.860,-1265811.940,180.390
-578574.530,-1265812.100,180.380
-578574.210,-1265812.250,180.380
-578573.910,-1265812.390,180.375
-578573.590,-1265812.540,180.370
-578573.300,-1265812.680,180.350
-578572.990,-1265812.820,180.340
-578572.660,-1265812.980,180.330
-578572.360,-1265813.110,180.330
-578572.030,-1265813.270,180.320
-578571.720,-1265813.410,180.320
-578571.420,-1265813.550,180.320
-578571.090,-1265813.710,180.320
-578570.760,-1265813.860,180.300
-578571.800,-1265813.560,180.310
-578571.500,-1265813.700,180.310
-578571.200,-1265813.840,180.310
-578570.870,-1265813.990,180.300
-578570.550,-1265814.140,180.290
-578570.240,-1265814.280,180.295
-578576.880,-1265811.170,180.400
-578576.550,-1265811.330,180.390
-578576.240,-1265811.480,180.390
-578575.940,-1265811.620,180.390
-578575.600,-1265811.780,180.390
-578575.270,-1265811.930,180.385
-578574.960,-1265812.080,180.385
-578574.640,-1265812.230,180.380
-578574.310,-1265812.380,180.370
-578573.970,-1265812.540,180.370
-578573.680,-1265812.680,180.355
-578573.370,-1265812.820,180.340
-578573.060,-1265812.960,180.330
-578572.770,-1265813.100,180.330
-578572.430,-1265813.260,180.320
-578572.130,-1265813.400,180.320
-578572.880,-1265813.520,180.320
-578572.580,-1265813.660,180.320
-578572.250,-1265813.820,180.315
-578571.620,-1265814.110,180.300
-578576.690,-1265811.740,180.380
-578576.370,-1265811.890,180.380
-578576.050,-1265812.040,180.370
-578575.740,-1265812.180,180.370
-578575.420,-1265812.330,180.370
-578575.090,-1265812.490,180.370
-578574.780,-1265812.640,180.370
-578574.450,-1265812.790,180.360
-578573.490,-1265813.240,180.330
-578573.190,-1265813.380,180.330
-578574.920,-1265812.890,180.350
-578574.610,-1265813.040,180.350
-578574.280,-1265813.190,180.345
-578573.960,-1265813.350,180.340
-578573.620,-1265813.500,180.330
-578573.320,-1265813.640,180.320
-578573.020,-1265813.780,180.310
-578572.720,-1265813.920,180.310
-578576.830,-1265812.000,180.370
-578576.510,-1265812.150,180.370
-578576.180,-1265812.300,180.360
-578575.880,-1265812.440,180.370
-578575.570,-1265812.590,180.360
-578575.240,-1265812.740,180.360
