-578699.630,-1265798.360,179.465
-578699.790,-1265798.100,179.470
-578699.970,-1265797.800,179.480
-578700.150,-1265797.500,179.480
-578699.180,-1265798.520,179.460
-578699.360,-1265798.220,179.470
-578699.530,-1265797.930,179.470
-578699.690,-1265797.670,179.470
-578699.880,-1265797.360,179.480
-578700.060,-1265797.070,179.490
-578700.230,-1265796.780,179.490
-578698.980,-1265798.340,179.470
-578699.130,-1265798.080,179.470
-578699.310,-1265797.780,179.470
-578699.500,-1265797.480,179.475
-578699.660,-1265797.220,179.480
-578699.830,-1265796.920,179.480
-578700.010,-1265796.630,179.485
-578698.460,-1265798.430,179.460
-578698.630,-1265798.150,179.470
-578698.800,-1265797.870,179.470
-578698.960,-1265797.600,179.470
-578699.140,-1265797.310,179.480
-578699.320,-1265797.010,179.480
-578699.480,-1265796.740,179.480
-578699.660,-1265796.450,179.490
-578699.840,-1265796.150,179.490
-578697.810,-1265798.780,179.460
-578697.970,-1265798.510,179.460
-578698.150,-1265798.210,179.470
-578698.320,-1265797.940,179.470
-578698.490,-1265797.650,179.470
-578698.820,-1265797.100,179.480
-578699.000,-1265796.810,179.490
-578699.170,-1265796.520,179.490
-578699.340,-1265796.240,179.495
-578697.290,-1265798.840,179.460
-578697.460,-1265798.570,179.460
-578697.620,-1265798.290,179.470
-578697.780,-1265798.030,179.470
-578697.960,-1265797.730,179.470
-578698.310,-1265797.160,179.480
-578698.470,-1265796.890,179.490
-578698.640,-1265796.610,179.490
-578698.810,-1265796.320,179.500
-578699.160,-1265795.750,179.510
-578699.340,-1265795.460,179.510
-578699.510,-1265795.170,179.520
-578699.690,-1265794.880,179.520
-578699.860,-1265794.600,179.540
-578696.890,-1265798.960,179.450
-578697.060,-1265798.670,179.460
-578697.220,-1265798.390,179.470
-578697.390,-1265798.120,179.470
-578697.550,-1265797.860,179.480
-578697.720,-1265797.580,179.480
-578697.900,-1265797.280,179.490
-578698.060,-1265797.020,179.490
-578698.240,-1265796.720,179.500
-578698.400,-1265796.450,179.500
-578698.560,-1265796.180,179.500
-578698.750,-1265795.880,179.500
-578698.930,-1265795.590,179.510
-578699.090,-1265795.320,179.510
-578699.260,-1265795.030,179.510
-578699.440,-1265794.730,179.520
-578699.780,-1265794.170,179.540
-578697.790,-1265796.840,179.500
-578697.960,-1265796.580,179.500
-578698.140,-1265796.280,179.500
-578698.300,-1265796.010,179.500
-578698.460,-1265795.740,179.500
-578698.640,-1265795.440,179.510
-578698.820,-1265795.150,179.510
-578698.980,-1265794.880,179.520
-578699.160,-1265794.580,179.520
-578699.340,-1265794.290,179.530
-578699.520,-1265794.000,179.540
-578696.600,-1265798.810,179.460
-578696.780,-1265798.530,179.460
-578696.960,-1265798.230,179.470
-578697.120,-1265797.950,179.475
-578697.280,-1265797.690,179.480
-578697.450,-1265797.410,179.490
-578697.620,-1265797.140,179.490
-578696.160,-1265798.890,179.450
-578696.320,-1265798.620,179.460
-578696.490,-1265798.330,179.470
-578696.670,-1265798.040,179.470
-578696.850,-1265797.740,179.480
-578697.010,-1265797.470,179.490
-578697.180,-1265797.200,179.490
-578697.350,-1265796.920,179.500
-578697.510,-1265796.660,179.500
-578697.690,-1265796.360,179.500
-578697.850,-1265796.080,179.500
-578698.030,-1265795.800,179.500
-578698.190,-1265795.520,179.510
-578698.360,-1265795.240,179.510
-578698.710,-1265794.660,179.520
-578698.880,-1265794.390,179.530
-578699.230,-1265793.800,179.540
-578699.410,-1265793.510,179.540
-578699.580,-1265793.240,179.560
-578698.580,-1265794.200,179.530
-578698.750,-1265793.920,179.540
-578698.930,-1265793.630,179.540
-578699.100,-1265793.340,179.550
-578699.280,-1265793.050,179.560
-578699.450,-1265792.770,179.580
-578695.670,-1265799.020,179.440
-578695.840,-1265798.730,179.460
-578696.020,-1265798.430,179.470
-578696.190,-1265798.150,179.470
-578696.360,-1265797.870,179.480
-578696.540,-1265797.570,179.490
-578696.720,-1265797.270,179.500
-578696.880,-1265797.010,179.500
-578697.050,-1265796.730,179.500
-578697.220,-1265796.460,179.500
-578697.380,-1265796.190,179.510
-578697.550,-1265795.900,179.510
-578697.720,-1265795.620,179.510
-578697.900,-1265795.330,179.510
-578698.060,-1265795.060,179.520
-578698.230,-1265794.780,179.520
-578698.410,-1265794.490,179.530
-578695.260,-1265799.130,179.420
-578695.420,-1265798.860,179.460
-578695.580,-1265798.600,179.460
-578695.760,-1265798.290,179.470
-578695.940,-1265798.000,179.480
-578696.100,-1265797.740,179.480
-578696.280,-1265797.430,179.490
-578696.460,-1265797.140,179.500
-578696.630,-1265796.860,179.500
-578696.800,-1265796.580,179.500
-578696.970,-1265796.300,179.510
-578697.130,-1265796.040,179.510
-578697.300,-1265795.760,179.510
-578697.480,-1265795.470,179.510
-578697.640,-1265795.200,179.520
-578697.820,-1265794.900,179.520
-578697.980,-1265794.630,179.530
-578698.320,-1265794.070,179.540
-578698.500,-1265793.770,179.540
-578698.660,-1265793.500,179.550
-578698.840,-1265793.210,179.560
-578699.020,-1265792.910,179.560
-578699.200,-1265792.620,179.570
-578699.360,-1265792.350,179.580
-578699.530,-1265792.070,179.590
-578699.330,-1265791.570,179.590
-578694.710,-1265799.200,179.430
-578694.870,-1265798.930,179.460
-578695.060,-1265798.630,179.465
-578695.220,-1265798.360,179.470
-578695.380,-1265798.090,179.470
-578695.560,-1265797.790,179.480
-578695.740,-1265797.500,179.480
-578695.900,-1265797.230,179.490
-578696.080,-1265796.940,179.500
-578696.260,-1265796.640,179.500
-578696.430,-1265796.350,179.510
-578696.600,-1265796.080,179.510
-578696.760,-1265795.810,179.510
-578696.930,-1265795.540,179.520
-578697.090,-1265795.270,179.520
-578697.270,-1265794.970,179.520
-578697.440,-1265794.700,179.530
-578697.610,-1265794.410,179.530
-578697.940,-1265793.860,179.540
-578698.120,-1265793.570,179.550
-578698.300,-1265793.270,179.560
-578698.470,-1265793.000,179.560
-578698.640,-1265792.710,179.570
-578698.820,-1265792.410,179.570
-578699.000,-1265792.120,179.580
-578699.160,-1265791.850,179.580
-578694.310,-1265799.340,179.420
-578694.470,-1265799.070,179.460
-578694.650,-1265798.770,179.460
-578694.820,-1265798.500,179.470
-578694.990,-1265798.210,179.480
-578695.160,-1265797.940,179.480
-578695.320,-1265797.660,179.480
-578695.500,-1265797.370,179.490
-578695.680,-1265797.080,179.490
-578695.850,-1265796.800,179.500
-578696.020,-1265796.510,179.500
-578696.200,-1265796.220,179.510
-578696.370,-1265795.930,179.510
-578696.540,-1265795.650,179.520
-578696.710,-1265795.380,179.520
-578696.870,-1265795.110,179.520
-578697.040,-1265794.830,179.530
-578697.210,-1265794.540,179.530
-578697.380,-1265794.270,179.530
-578697.560,-1265793.970,179.540
-578697.720,-1265793.700,179.540
-578697.880,-1265793.440,179.550
-578698.060,-1265793.140,179.560
-578698.240,-1265792.840,179.560
-578698.400,-1265792.580,179.570
-578698.580,-1265792.280,179.580
-578698.760,-1265791.980,179.580
-578698.930,-1265791.700,179.590
-578699.100,-1265791.420,179.590
-578699.270,-1265791.140,179.600
-578694.030,-1265799.190,179.460
-578694.200,-1265798.920,179.460
-578694.360,-1265798.650,179.470
-578694.540,-1265798.350,179.470
-578694.700,-1265798.080,179.480
-578694.880,-1265797.790,179.480
-578695.050,-1265797.520,179.480
-578695.210,-1265797.240,179.490
-578695.390,-1265796.950,179.490
-578695.560,-1265796.660,179.500
-578695.730,-1265796.380,179.500
-578695.910,-1265796.090,179.510
-578696.080,-1265795.800,179.510
-578696.260,-1265795.510,179.520
-578696.430,-1265795.230,179.520
-578696.590,-1265794.960,179.520
-578696.750,-1265794.690,179.530
-578696.920,-1265794.410,179.530
-578697.100,-1265794.120,179.530
-578697.260,-1265793.860,179.540
-578697.440,-1265793.550,179.550
-578697.610,-1265793.290,179.550
-578697.760,-1265793.020,179.560
-578697.950,-1265792.720,179.570
-578698.130,-1265792.420,179.570
-578698.290,-1265792.160,179.580
-578698.470,-1265791.860,179.585
-578698.650,-1265791.560,179.590
-578698.820,-1265791.280,179.590
-578699.150,-1265790.730,179.610
-578693.610,-1265799.330,179.450
-578693.780,-1265799.050,179.460
-578693.950,-1265798.780,179.470
-578694.110,-1265798.510,179.470
-578694.270,-1265798.240,179.480
-578694.450,-1265797.940,179.480
-578694.610,-1265797.680,179.480
-578694.790,-1265797.380,179.490
-578694.960,-1265797.100,179.490
-578695.120,-1265796.840,179.490
-578695.300,-1265796.540,179.500
-578695.480,-1265796.240,179.500
-578695.650,-1265795.970,179.510
-578695.820,-1265795.680,179.510
-578696.000,-1265795.380,179.520
-578696.180,-1265795.090,179.520
-578696.340,-1265794.820,179.530
-578696.510,-1265794.550,179.530
-578696.670,-1265794.270,179.530
-578696.840,-1265794.010,179.530
-578697.010,-1265793.710,179.540
-578697.180,-1265793.440,179.550
-578697.350,-1265793.150,179.550
-578697.520,-1265792.870,179.560
-578697.690,-1265792.600,179.570
-578697.860,-1265792.310,179.570
-578698.040,-1265792.020,179.580
-578698.210,-1265791.740,179.590
-578698.380,-1265791.450,179.590
-578698.560,-1265791.160,179.600
-578698.740,-1265790.860,179.610
-578698.900,-1265790.590,179.610
-578699.230,-1265790.040,179.620
-578693.120,-1265799.460,179.420
-578693.300,-1265799.170,179.460
-578693.480,-1265798.870,179.470
-578693.640,-1265798.600,179.470
-578693.810,-1265798.330,179.480
-578693.980,-1265798.050,179.480
-578694.140,-1265797.790,179.480
-578694.320,-1265797.490,179.480
-578694.480,-1265797.210,179.490
-578694.660,-1265796.930,179.490
-578694.820,-1265796.650,179.490
-578694.990,-1265796.380,179.500
-578695.160,-1265796.090,179.500
-578695.350,-1265795.790,179.510
-578695.510,-1265795.520,179.510
-578695.680,-1265795.230,179.520
-578695.860,-1265794.940,179.520
-578696.040,-1265794.640,179.530
-578696.200,-1265794.370,179.530
-578696.370,-1265794.100,179.530
-578696.540,-1265793.820,179.540
-578696.700,-1265793.560,179.540
-578696.880,-1265793.260,179.550
-578697.050,-1265792.980,179.560
-578697.380,-1265792.420,179.570
-578697.550,-1265792.150,179.580
-578697.720,-1265791.860,179.580
-578697.900,-1265791.560,179.590
-578698.250,-1265790.990,179.600
-578698.420,-1265790.700,179.610
-578698.770,-1265790.130,179.610
-578698.930,-1265789.870,179.620
-578699.100,-1265789.590,179.625
-578694.030,-1265797.310,179.490
-578694.210,-1265797.010,179.490
-578694.370,-1265796.750,179.490
-578694.550,-1265796.450,179.490
-578694.710,-1265796.170,179.500
-578694.870,-1265795.910,179.500
-578695.060,-1265795.610,179.510
-578695.390,-1265795.050,179.520
-578695.580,-1265794.750,179.525
-578695.750,-1265794.450,179.530
-578695.930,-1265794.170,179.530
-578696.100,-1265793.890,179.540
-578696.260,-1265793.620,179.540
-578696.420,-1265793.350,179.540
-578696.590,-1265793.080,179.550
-578696.770,-1265792.780,179.560
-578696.930,-1265792.520,179.570
-578697.110,-1265792.220,179.570
-578697.280,-1265791.940,179.580
-578697.430,-1265791.680,179.580
-578697.610,-1265791.380,179.590
-578697.790,-1265791.080,179.600
-578698.130,-1265790.520,179.610
-578698.310,-1265790.220,179.610
-578698.490,-1265789.930,179.610
-578692.670,-1265799.550,179.390
-578692.840,-1265799.270,179.460
-578693.010,-1265798.980,179.470
-578693.190,-1265798.690,179.470
-578693.370,-1265798.400,179.480
-578693.530,-1265798.120,179.480
-578693.700,-1265797.850,179.480
-578693.860,-1265797.580,179.480
-578692.380,-1265799.390,179.460
-578692.560,-1265799.090,179.470
-578692.720,-1265798.830,179.470
-578692.900,-1265798.530,179.475
-578693.080,-1265798.230,179.480
-578693.250,-1265797.950,179.480
-578693.420,-1265797.670,179.480
-578693.590,-1265797.400,179.480
-578693.750,-1265797.130,179.490
-578693.920,-1265796.850,179.490
-578694.100,-1265796.560,179.490
-578694.260,-1265796.300,179.500
-578694.440,-1265795.990,179.500
-578694.600,-1265795.720,179.500
-578694.760,-1265795.460,179.510
-578694.940,-1265795.160,179.510
-578695.120,-1265794.860,179.520
-578695.280,-1265794.600,179.530
-578695.460,-1265794.300,179.530
-578695.640,-1265794.000,179.530
-578695.820,-1265793.710,179.540
-578695.980,-1265793.440,179.540
-578696.150,-1265793.170,179.550
-578696.310,-1265792.890,179.550
-578696.480,-1265792.620,179.560
-578696.660,-1265792.330,179.570
-578696.820,-1265792.050,179.570
-578697.000,-1265791.760,179.580
-578697.160,-1265791.490,179.590
-578697.330,-1265791.220,179.590
-578697.680,-1265790.630,179.600
-578697.850,-1265790.360,179.610
-578698.020,-1265790.070,179.610
-578698.380,-1265789.480,179.620
-578698.540,-1265789.210,179.620
-578698.710,-1265788.940,179.620
-578698.880,-1265788.660,179.630
-578699.040,-1265788.390,179.630
-578695.370,-1265793.860,179.530
-578695.540,-1265793.570,179.540
-578695.720,-1265793.280,179.540
-578695.890,-1265793.000,179.550
-578696.050,-1265792.730,179.560
-578696.210,-1265792.460,179.560
-578696.380,-1265792.180,179.570
-578696.560,-1265791.890,179.580
-578696.720,-1265791.620,179.580
-578696.900,-1265791.320,179.590
-578697.220,-1265790.780,179.600
-578697.410,-1265790.490,179.600
-578697.740,-1265789.920,179.610
-578697.920,-1265789.630,179.610
-578698.100,-1265789.330,179.620
-578698.280,-1265789.040,179.620
-578698.440,-1265788.780,179.620
-578698.610,-1265788.500,179.620
-578698.770,-1265788.230,179.620
-578691.940,-1265799.530,179.450
-578692.100,-1265799.240,179.470
-578692.280,-1265798.950,179.470
-578692.460,-1265798.660,179.480
-578692.630,-1265798.380,179.480
-578692.800,-1265798.090,179.480
-578692.980,-1265797.800,179.480
-578693.160,-1265797.510,179.480
-578693.320,-1265797.230,179.490
-578693.480,-1265796.970,179.490
-578693.650,-1265796.690,179.490
-578693.820,-1265796.410,179.490
-578693.990,-1265796.130,179.500
-578694.160,-1265795.850,179.500
-578694.340,-1265795.560,179.510
-578694.500,-1265795.290,179.510
-578694.660,-1265795.020,179.520
-578694.840,-1265794.720,179.520
-578695.020,-1265794.430,179.530
-578695.180,-1265794.160,179.530
-578691.450,-1265799.650,179.430
-578691.630,-1265799.350,179.460
-578691.790,-1265799.080,179.470
-578691.960,-1265798.810,179.480
-578692.140,-1265798.510,179.480
-578692.320,-1265798.220,179.480
-578692.480,-1265797.950,179.480
-578692.660,-1265797.650,179.480
-578692.840,-1265797.360,179.490
-578693.010,-1265797.070,179.490
-578693.180,-1265796.790,179.490
-578693.350,-1265796.520,179.490
-578693.510,-1265796.250,179.490
-578693.670,-1265795.980,179.500
-578693.850,-1265795.680,179.500
-578694.010,-1265795.420,179.510
-578694.190,-1265795.120,179.510
-578694.360,-1265794.840,179.520
-578694.520,-1265794.580,179.520
-578694.700,-1265794.280,179.530
-578694.880,-1265793.980,179.530
-578695.040,-1265793.720,179.530
-578695.220,-1265793.420,179.540
-578695.400,-1265793.120,179.550
-578695.570,-1265792.840,179.550
-578695.740,-1265792.560,179.560
-578695.910,-1265792.290,179.570
-578696.070,-1265792.020,179.570
-578696.230,-1265791.750,179.580
-578696.410,-1265791.450,179.580
-578696.570,-1265791.180,179.590
-578696.750,-1265790.890,179.590
-578696.920,-1265790.610,179.600
-578697.440,-1265789.750,179.610
-578697.960,-1265788.890,179.620
-578698.140,-1265788.600,179.620
-578698.300,-1265788.330,179.620
-578698.470,-1265788.060,179.620
-578698.630,-1265787.790,179.630
-578694.900,-1265793.240,179.540
-578695.080,-1265792.940,179.550
-578695.260,-1265792.650,179.550
-578695.440,-1265792.360,179.560
-578695.600,-1265792.080,179.570
-578695.770,-1265791.810,179.570
-578695.930,-1265791.540,179.580
-578696.100,-1265791.260,179.580
-578696.270,-1265790.970,179.590
-578696.440,-1265790.700,179.590
-578696.620,-1265790.410,179.600
-578696.780,-1265790.140,179.600
-578696.940,-1265789.870,179.600
-578697.120,-1265789.570,179.600
-578697.300,-1265789.280,179.610
-578697.460,-1265789.010,179.610
-578697.640,-1265788.710,179.620
-578697.820,-1265788.420,179.620
-578697.990,-1265788.130,179.620
-578690.970,-1265799.730,179.435
-578691.140,-1265799.440,179.460
-578691.310,-1265799.160,179.470
-578691.490,-1265798.870,179.480
-578691.650,-1265798.600,179.480
-578691.820,-1265798.330,179.480
-578692.000,-1265798.030,179.480
-578692.170,-1265797.740,179.480
-578692.340,-1265797.470,179.490
-578692.520,-1265797.170,179.490
-578692.690,-1265796.890,179.490
-578692.870,-1265796.590,179.490
-578693.040,-1265796.310,179.490
-578693.200,-1265796.050,179.500
-578693.370,-1265795.770,179.500
-578693.530,-1265795.500,179.500
-578693.710,-1265795.210,179.510
-578693.870,-1265794.930,179.520
-578694.060,-1265794.630,179.520
-578694.210,-1265794.370,179.530
-578694.380,-1265794.100,179.530
-578694.560,-1265793.800,179.530
-578694.730,-1265793.510,179.540
-578690.810,-1265799.640,179.460
-578690.970,-1265799.370,179.470
-578691.140,-1265799.080,179.480
-578691.310,-1265798.800,179.480
-578691.490,-1265798.510,179.480
-578691.650,-1265798.240,179.480
-578691.820,-1265797.960,179.480
-578692.000,-1265797.670,179.480
-578692.170,-1265797.380,179.490
-578692.340,-1265797.110,179.490
-578692.520,-1265796.810,179.490
-578692.690,-1265796.530,179.490
-578692.870,-1265796.230,179.495
-578693.040,-1265795.950,179.500
-578693.200,-1265795.680,179.500
-578693.370,-1265795.410,179.510
-578693.530,-1265795.130,179.510
-578693.710,-1265794.850,179.520
-578693.870,-1265794.570,179.520
-578694.050,-1265794.280,179.530
-578694.220,-1265794.010,179.530
-578694.380,-1265793.740,179.530
-578694.560,-1265793.440,179.540
-578694.740,-1265793.140,179.540
-578694.900,-1265792.880,179.550
-578695.080,-1265792.580,179.550
-578695.260,-1265792.290,179.560
-578695.430,-1265791.990,179.570
-578695.600,-1265791.720,179.570
-578695.760,-1265791.450,179.580
-578695.930,-1265791.180,179.580
-578696.090,-1265790.900,179.590
-578696.270,-1265790.610,179.590
-578696.430,-1265790.340,179.600
-578696.610,-1265790.050,179.600
-578696.780,-1265789.770,179.600
-578696.940,-1265789.500,179.600
-578697.120,-1265789.210,179.610
-578697.300,-1265788.910,179.610
-578697.460,-1265788.650,179.620
-578697.630,-1265788.360,179.620
-578694.420,-1265792.940,179.550
-578694.590,-1265792.650,179.550
-578694.760,-1265792.380,179.560
-578694.940,-1265792.080,179.560
-578695.110,-1265791.790,179.570
-578695.290,-1265791.500,179.580
-578695.460,-1265791.220,179.580
-578695.620,-1265790.950,179.580
-578695.780,-1265790.680,179.590
-578695.950,-1265790.400,179.590
-578696.130,-1265790.110,179.590
-578696.290,-1265789.840,179.600
-578696.470,-1265789.540,179.600
-578696.640,-1265789.270,179.600
-578696.790,-1265789.010,179.610
-578696.980,-1265788.700,179.610
-578697.160,-1265788.410,179.610
-578697.310,-1265788.150,179.620
-578690.330,-1265799.690,179.460
-578690.500,-1265799.410,179.470
-578690.670,-1265799.140,179.480
-578690.830,-1265798.870,179.480
-578691.010,-1265798.570,179.480
-578691.170,-1265798.300,179.480
-578691.350,-1265798.010,179.480
-578691.510,-1265797.740,179.490
-578691.680,-1265797.460,179.490
-578691.860,-1265797.170,179.490
-578692.030,-1265796.880,179.490
-578692.200,-1265796.600,179.490
-578692.380,-1265796.310,179.490
-578692.560,-1265796.020,179.500
-578692.730,-1265795.720,179.500
-578692.900,-1265795.450,179.500
-578693.060,-1265795.180,179.510
-578693.230,-1265794.900,179.510
-578693.390,-1265794.630,179.520
-578693.570,-1265794.340,179.530
-578693.740,-1265794.070,179.530
-578693.910,-1265793.780,179.535
-578694.070,-1265793.510,179.540
-578694.240,-1265793.230,179.540
-578689.910,-1265799.850,179.430
-578690.080,-1265799.550,179.470
-578690.250,-1265799.270,179.480
-578690.410,-1265799.010,179.480
-578690.750,-1265798.460,179.480
-578690.920,-1265798.170,179.480
-578691.090,-1265797.900,179.490
-578691.270,-1265797.600,179.490
-578691.430,-1265797.340,179.490
-578691.590,-1265797.060,179.490
-578691.770,-1265796.760,179.490
-578691.950,-1265796.480,179.490
-578692.110,-1265796.200,179.490
-578692.300,-1265795.900,179.500
-578692.470,-1265795.610,179.500
-578692.650,-1265795.320,179.500
-578692.810,-1265795.050,179.510
-578692.980,-1265794.780,179.510
-578693.140,-1265794.500,179.520
-578693.310,-1265794.230,179.530
-578693.480,-1265793.940,179.530
-578693.650,-1265793.670,179.540
-578693.830,-1265793.370,179.540
-578693.990,-1265793.100,179.545
-578694.160,-1265792.830,179.550
-578694.340,-1265792.530,179.550
-578694.510,-1265792.240,179.560
-578694.670,-1265791.970,179.560
-578694.850,-1265791.680,179.570
-578695.030,-1265791.380,179.580
-578695.210,-1265791.090,179.580
-578695.370,-1265790.820,179.580
-578695.540,-1265790.540,179.590
-578695.700,-1265790.270,179.590
-578695.860,-1265790.010,179.590
-578696.050,-1265789.710,179.600
-578696.210,-1265789.430,179.600
-578696.390,-1265789.150,179.600
-578696.550,-1265788.870,179.600
-578696.720,-1265788.590,179.610
-578697.070,-1265788.010,179.610
-578694.900,-1265790.890,179.580
-578695.070,-1265790.600,179.580
-578695.240,-1265790.320,179.590
-578695.400,-1265790.050,179.590
-578695.560,-1265789.790,179.590
-578695.730,-1265789.510,179.590
-578695.910,-1265789.210,179.600
-578696.070,-1265788.950,179.600
-578696.250,-1265788.650,179.600
-578696.420,-1265788.370,179.605
-578696.580,-1265788.110,179.610
-578696.750,-1265787.810,179.615
-578689.420,-1265799.940,179.445
-578689.590,-1265799.650,179.465
-578689.770,-1265799.350,179.480
-578690.110,-1265798.790,179.480
-578690.280,-1265798.520,179.480
-578690.450,-1265798.240,179.480
-578690.610,-1265797.970,179.485
-578690.790,-1265797.680,179.490
-578690.960,-1265797.400,179.490
-578691.130,-1265797.110,179.490
-578691.290,-1265796.840,179.490
-578691.460,-1265796.560,179.490
-578691.640,-1265796.270,179.490
-578691.820,-1265795.980,179.490
-578691.980,-1265795.700,179.500
-578692.160,-1265795.410,179.500
-578692.340,-1265795.120,179.500
-578692.510,-1265794.830,179.510
-578692.680,-1265794.550,179.520
-578692.840,-1265794.280,179.520
-578693.010,-1265794.010,179.530
-578693.170,-1265793.740,179.530
-578693.350,-1265793.450,179.540
-578693.510,-1265793.180,179.540
-578693.690,-1265792.880,179.550
-578693.860,-1265792.610,179.550
-578694.020,-1265792.340,179.560
-578694.200,-1265792.040,179.560
-578694.380,-1265791.750,179.570
-578694.540,-1265791.480,179.570
-578694.720,-1265791.180,179.580
-578689.160,-1265799.760,179.460
-578689.320,-1265799.490,179.480
-578689.500,-1265799.190,179.480
-578689.680,-1265798.900,179.480
-578689.850,-1265798.610,179.480
-578690.020,-1265798.330,179.480
-578690.190,-1265798.060,179.490
-578690.350,-1265797.790,179.490
-578690.520,-1265797.510,179.490
-578690.690,-1265797.220,179.490
-578690.850,-1265796.960,179.490
-578691.040,-1265796.660,179.490
-578691.200,-1265796.380,179.490
-578691.360,-1265796.120,179.490
-578691.540,-1265795.820,179.490
-578691.720,-1265795.520,179.500
-578691.880,-1265795.260,179.500
-578692.060,-1265794.960,179.510
-578692.240,-1265794.660,179.510
-578692.420,-1265794.370,179.520
-578692.580,-1265794.100,179.520
-578692.750,-1265793.830,179.530
-578692.910,-1265793.560,179.540
-578693.070,-1265793.290,179.540
-578693.250,-1265792.990,179.540
-578693.420,-1265792.720,179.550
-578693.590,-1265792.430,179.550
-578693.760,-1265792.150,179.560
-578693.930,-1265791.880,179.560
-578694.100,-1265791.590,179.570
-578694.280,-1265791.290,179.570
-578694.450,-1265791.020,179.580
-578694.620,-1265790.730,179.580
-578694.800,-1265790.430,179.580
-578694.980,-1265790.140,179.590
-578695.140,-1265789.870,179.590
-578695.300,-1265789.600,179.590
-578695.470,-1265789.330,179.590
-578695.640,-1265789.060,179.600
-578695.810,-1265788.770,179.600
-578695.980,-1265788.490,179.600
-578696.160,-1265788.200,179.610
-578696.320,-1265787.930,179.610
-578695.090,-1265789.450,179.590
-578695.260,-1265789.170,179.590
-578695.420,-1265788.900,179.600
-578695.580,-1265788.630,179.600
-578695.760,-1265788.330,179.600
-578695.930,-1265788.060,179.600
-578688.750,-1265799.920,179.445
-578688.930,-1265799.620,179.475
-578689.100,-1265799.330,179.480
-578689.270,-1265799.050,179.480
-578689.450,-1265798.760,179.480
-578689.630,-1265798.470,179.480
-578689.800,-1265798.180,179.490
-578689.970,-1265797.900,179.490
-578690.130,-1265797.640,179.490
-578690.300,-1265797.360,179.490
-578690.470,-1265797.080,179.490
-578690.640,-1265796.800,179.490
-578690.810,-1265796.520,179.490
-578690.990,-1265796.230,179.490
-578691.150,-1265795.960,179.490
-578691.310,-1265795.690,179.490
-578691.490,-1265795.390,179.500
-578691.670,-1265795.100,179.500
-578691.830,-1265794.830,179.510
-578692.010,-1265794.530,179.510
-578692.190,-1265794.230,179.520
-578692.370,-1265793.950,179.525
-578692.530,-1265793.670,179.530
-578692.700,-1265793.400,179.540
-578692.860,-1265793.130,179.540
-578693.030,-1265792.850,179.550
-578693.200,-1265792.560,179.550
-578693.370,-1265792.290,179.550
-578693.550,-1265791.990,179.560
-578693.710,-1265791.720,179.560
-578693.870,-1265791.450,179.570
-578694.050,-1265791.150,179.570
-578694.230,-1265790.860,179.575
-578694.390,-1265790.590,179.580
-578694.570,-1265790.300,179.580
-578694.750,-1265790.000,179.590
-578694.930,-1265789.710,179.590
-578688.310,-1265800.000,179.450
-578688.470,-1265799.720,179.480
-578688.630,-1265799.460,179.480
-578688.810,-1265799.160,179.480
-578688.990,-1265798.860,179.480
-578689.150,-1265798.600,179.480
-578689.330,-1265798.300,179.490
-578689.510,-1265798.000,179.490
-578689.680,-1265797.720,179.490
-578690.020,-1265797.170,179.490
-578690.180,-1265796.900,179.490
-578690.350,-1265796.630,179.490
-578690.530,-1265796.330,179.490
-578690.690,-1265796.070,179.490
-578690.870,-1265795.770,179.490
-578691.030,-1265795.490,179.490
-578691.190,-1265795.230,179.500
-578691.370,-1265794.930,179.500
-578691.550,-1265794.630,179.510
-578691.710,-1265794.370,179.510
-578691.890,-1265794.070,179.520
-578692.070,-1265793.770,179.530
-578692.250,-1265793.480,179.530
-578692.410,-1265793.210,179.540
-578692.580,-1265792.930,179.540
-578692.740,-1265792.670,179.540
-578692.910,-1265792.390,179.550
-578693.090,-1265792.090,179.550
-578693.250,-1265791.830,179.560
-578693.430,-1265791.530,179.560
-578693.590,-1265791.260,179.570
-578693.760,-1265790.990,179.570
-578693.930,-1265790.700,179.580
-578694.110,-1265790.410,179.580
-578694.270,-1265790.130,179.580
-578694.450,-1265789.840,179.590
-578694.630,-1265789.550,179.590
-578694.810,-1265789.250,179.590
-578694.980,-1265788.970,179.590
-578695.140,-1265788.710,179.590
-578695.300,-1265788.440,179.600
-578695.470,-1265788.160,179.600
-578694.490,-1265789.050,179.590
-578694.670,-1265788.750,179.590
-578694.830,-1265788.490,179.600
-578695.000,-1265788.210,179.600
-578687.820,-1265800.070,179.450
-578687.990,-1265799.790,179.480
-578688.170,-1265799.500,179.480
-578688.330,-1265799.230,179.480
-578688.490,-1265798.960,179.480
-578688.680,-1265798.660,179.480
-578688.850,-1265798.370,179.490
-578689.010,-1265798.100,179.490
-578689.200,-1265797.800,179.490
-578689.370,-1265797.510,179.490
-578689.550,-1265797.220,179.490
-578689.710,-1265796.940,179.490
-578689.880,-1265796.670,179.490
-578690.040,-1265796.400,179.490
-578690.210,-1265796.130,179.490
-578690.390,-1265795.830,179.490
-578690.550,-1265795.560,179.490
-578690.730,-1265795.280,179.490
-578690.890,-1265795.000,179.500
-578691.060,-1265794.730,179.510
-578691.230,-1265794.440,179.510
-578691.410,-1265794.140,179.520
-578691.580,-1265793.870,179.520
-578691.750,-1265793.580,179.530
-578691.930,-1265793.280,179.530
-578692.110,-1265792.980,179.540
-578692.270,-1265792.720,179.540
-578692.440,-1265792.440,179.550
-578692.610,-1265792.160,179.550
-578692.770,-1265791.900,179.560
-578692.950,-1265791.600,179.560
-578693.110,-1265791.330,179.560
-578693.280,-1265791.040,179.570
-578693.450,-1265790.760,179.570
-578693.620,-1265790.490,179.580
-578693.790,-1265790.210,179.580
-578693.970,-1265789.910,179.580
-578694.140,-1265789.630,179.590
-578694.310,-1265789.350,179.590
-578687.550,-1265799.940,179.465
-578687.730,-1265799.640,179.480
-578687.900,-1265799.370,179.480
-578688.070,-1265799.080,179.480
-578688.240,-1265798.800,179.480
-578688.400,-1265798.530,179.485
-578688.580,-1265798.250,179.490
-578688.760,-1265797.940,179.490
-578688.920,-1265797.670,179.490
-578689.100,-1265797.380,179.490
-578689.280,-1265797.080,179.490
-578689.460,-1265796.790,179.490
-578689.620,-1265796.520,179.490
-578689.790,-1265796.250,179.490
-578689.950,-1265795.970,179.490
-578690.110,-1265795.710,179.490
-578690.300,-1265795.410,179.490
-578690.460,-1265795.140,179.500
-578690.630,-1265794.850,179.500
-578690.800,-1265794.570,179.510
-578690.970,-1265794.300,179.510
-578691.140,-1265794.010,179.520
-578691.320,-1265793.710,179.520
-578691.490,-1265793.440,179.530
-578691.660,-1265793.150,179.530
-578691.840,-1265792.860,179.540
-578692.020,-1265792.560,179.540
-578692.180,-1265792.290,179.550
-578692.350,-1265792.020,179.550
-578692.510,-1265791.740,179.560
-578692.680,-1265791.470,179.560
-578692.850,-1265791.180,179.570
-578693.020,-1265790.900,179.570
-578693.200,-1265790.610,179.570
-578693.360,-1265790.340,179.580
-578693.530,-1265790.070,179.580
-578693.700,-1265789.770,179.580
-578693.880,-1265789.480,179.580
-578694.050,-1265789.210,179.590
-578694.220,-1265788.920,179.590
-578694.400,-1265788.620,179.590
-578694.570,-1265788.340,179.595
-578694.740,-1265788.060,179.600
-578686.990,-1265800.300,179.445
-578687.160,-1265800.030,179.470
-578687.310,-1265799.760,179.480
-578687.480,-1265799.490,179.480
-578687.660,-1265799.190,179.480
-578687.820,-1265798.930,179.480
-578688.000,-1265798.630,179.480
-578688.170,-1265798.360,179.490
-578688.330,-1265798.090,179.490
-578688.510,-1265797.790,179.490
-578688.690,-1265797.500,179.490
-578688.850,-1265797.230,179.490
-578689.030,-1265796.930,179.490
-578689.210,-1265796.640,179.490
-578689.380,-1265796.350,179.490
-578689.550,-1265796.070,179.490
-578689.720,-1265795.800,179.490
-578689.880,-1265795.540,179.490
-578690.050,-1265795.260,179.490
-578690.220,-1265794.960,179.500
-578690.380,-1265794.700,179.500
-578690.560,-1265794.400,179.510
-578690.730,-1265794.120,179.520
-578690.890,-1265793.860,179.520
-578691.070,-1265793.560,179.520
-578691.250,-1265793.260,179.530
-578691.420,-1265792.990,179.530
-578691.590,-1265792.700,179.540
-578691.770,-1265792.400,179.545
-578691.950,-1265792.110,179.550
-578692.110,-1265791.840,179.560
-578692.270,-1265791.570,179.560
-578692.440,-1265791.290,179.560
-578692.600,-1265791.030,179.570
-578692.780,-1265790.730,179.570
-578692.950,-1265790.460,179.570
-578693.120,-1265790.160,179.580
-578693.280,-1265789.900,179.580
-578693.450,-1265789.620,179.580
-578693.630,-1265789.330,179.590
-578693.800,-1265789.040,179.590
-578693.970,-1265788.760,179.590
-578694.150,-1265788.470,179.590
-578686.880,-1265799.880,179.480
-578687.050,-1265799.610,179.480
-578687.210,-1265799.330,179.490
-578687.380,-1265799.070,179.490
-578687.560,-1265798.770,179.480
-578687.720,-1265798.500,179.490
-578687.900,-1265798.210,179.490
-578688.060,-1265797.930,179.490
-578688.230,-1265797.660,179.490
-578688.410,-1265797.370,179.490
-578688.590,-1265797.070,179.490
-578688.750,-1265796.800,179.490
-578688.920,-1265796.510,179.490
-578689.110,-1265796.210,179.490
-578689.290,-1265795.920,179.490
-578689.450,-1265795.650,179.490
-578689.610,-1265795.370,179.490
-578689.780,-1265795.100,179.500
-578689.940,-1265794.840,179.500
-578690.120,-1265794.540,179.500
-578690.290,-1265794.260,179.510
-578690.460,-1265793.970,179.520
-578690.630,-1265793.700,179.520
-578690.790,-1265793.420,179.520
-578690.970,-1265793.140,179.530
-578691.150,-1265792.840,179.540
-578691.310,-1265792.560,179.540
-578691.490,-1265792.280,179.550
-578691.670,-1265791.980,179.550
-578691.850,-1265791.680,179.560
-578692.010,-1265791.410,179.560
-578692.170,-1265791.140,179.560
-578692.340,-1265790.870,179.570
-578692.500,-1265790.600,179.570
-578692.680,-1265790.310,179.575
-578692.850,-1265790.030,179.580
-578693.020,-1265789.740,179.580
-578693.190,-1265789.470,179.580
-578693.360,-1265789.190,179.590
-578693.530,-1265788.900,179.590
-578693.710,-1265788.610,179.590
-578693.870,-1265788.340,179.590
-578686.720,-1265800.150,179.470
-578686.240,-1265800.250,179.470
-578686.410,-1265799.950,179.490
-578686.580,-1265799.660,179.490
-578686.750,-1265799.380,179.490
-578686.920,-1265799.110,179.490
-578687.080,-1265798.850,179.490
-578687.250,-1265798.570,179.490
-578687.430,-1265798.270,179.490
-578687.590,-1265798.010,179.490
-578687.770,-1265797.700,179.490
-578687.940,-1265797.430,179.490
-578688.090,-1265797.170,179.490
-578688.280,-1265796.870,179.490
-578688.460,-1265796.570,179.490
-578688.620,-1265796.310,179.490
-578688.800,-1265796.010,179.490
-578688.980,-1265795.710,179.490
-578689.150,-1265795.430,179.490
-578689.320,-1265795.150,179.500
-578689.480,-1265794.880,179.500
-578689.640,-1265794.610,179.500
-578689.810,-1265794.340,179.510
-578689.990,-1265794.040,179.510
-578690.150,-1265793.770,179.520
-578690.330,-1265793.480,179.520
-578690.500,-1265793.200,179.530
-578690.660,-1265792.930,179.540
-578690.840,-1265792.640,179.540
-578691.020,-1265792.340,179.550
-578691.180,-1265792.070,179.550
-578691.350,-1265791.780,179.560
-578691.530,-1265791.480,179.560
-578691.710,-1265791.190,179.570
-578691.880,-1265790.920,179.570
-578692.040,-1265790.650,179.570
-578692.210,-1265790.370,179.570
-578692.370,-1265790.110,179.580
-578692.550,-1265789.810,179.580
-578692.710,-1265789.540,179.580
-578692.890,-1265789.250,179.580
-578693.050,-1265788.980,179.590
-578693.220,-1265788.700,179.580
-578693.390,-1265788.410,179.590
-578687.690,-1265797.300,179.490
-578687.860,-1265797.030,179.490
-578688.030,-1265796.750,179.490
-578688.200,-1265796.460,179.490
-578688.380,-1265796.170,179.490
-578688.550,-1265795.890,179.490
-578688.720,-1265795.610,179.490
-578688.900,-1265795.310,179.490
-578689.080,-1265795.010,179.500
-578689.240,-1265794.750,179.500
-578689.400,-1265794.480,179.500
-578689.570,-1265794.200,179.510
-578689.740,-1265793.930,179.520
-578689.910,-1265793.640,179.520
-578690.080,-1265793.360,179.525
-578690.250,-1265793.070,179.530
-578690.420,-1265792.800,179.540
-578690.590,-1265792.520,179.540
-578690.760,-1265792.230,179.550
-578690.940,-1265791.940,179.550
-578691.110,-1265791.660,179.560
-578691.280,-1265791.370,179.560
-578691.460,-1265791.080,179.570
-578691.640,-1265790.780,179.570
-578691.800,-1265790.510,179.570
-578691.960,-1265790.250,179.570
-578692.130,-1265789.970,179.580
-578692.300,-1265789.690,179.580
-578692.470,-1265789.410,179.580
-578692.640,-1265789.130,179.580
-578692.820,-1265788.830,179.580
-578692.980,-1265788.570,179.590
-578693.150,-1265788.290,179.590
-578685.820,-1265800.400,179.465
-578685.980,-1265800.130,179.490
-578686.160,-1265799.840,179.490
-578686.340,-1265799.540,179.490
-578686.510,-1265799.250,179.490
-578686.680,-1265798.980,179.490
-578686.850,-1265798.700,179.490
-578687.010,-1265798.430,179.490
-578687.170,-1265798.160,179.490
-578687.350,-1265797.870,179.490
-578687.510,-1265797.600,179.490
-578685.540,-1265800.260,179.480
-578685.720,-1265799.970,179.490
-578685.880,-1265799.690,179.500
-578686.060,-1265799.390,179.490
-578686.240,-1265799.110,179.490
-578686.420,-1265798.810,179.490
-578686.590,-1265798.540,179.490
-578686.750,-1265798.260,179.490
-578686.910,-1265798.000,179.490
-578687.080,-1265797.720,179.490
-578687.260,-1265797.430,179.490
-578687.420,-1265797.160,179.495
-578687.600,-1265796.860,179.500
-578687.770,-1265796.590,179.500
-578687.930,-1265796.320,179.500
-578688.110,-1265796.020,179.490
-578688.290,-1265795.730,179.500
-578688.450,-1265795.460,179.490
-578688.630,-1265795.170,179.500
-578688.810,-1265794.870,179.500
-578688.980,-1265794.580,179.500
-578689.140,-1265794.310,179.510
-578689.310,-1265794.040,179.510
-578689.480,-1265793.770,179.520
-578689.640,-1265793.500,179.520
-578689.820,-1265793.200,179.530
-578689.980,-1265792.930,179.530
-578690.160,-1265792.640,179.540
-578690.330,-1265792.360,179.540
-578690.490,-1265792.090,179.550
-578690.660,-1265791.800,179.560
-578690.850,-1265791.500,179.560
-578691.010,-1265791.220,179.565
-578691.180,-1265790.940,179.570
-578691.370,-1265790.640,179.570
-578691.550,-1265790.340,179.580
-578691.700,-1265790.080,179.580
-578691.870,-1265789.800,179.580
-578692.040,-1265789.530,179.580
-578692.200,-1265789.270,179.580
-578692.380,-1265788.970,179.580
-578692.550,-1265788.690,179.580
-578692.720,-1265788.410,179.590
-578688.370,-1265795.080,179.500
-578688.550,-1265794.780,179.500
-578688.730,-1265794.480,179.510
-578688.900,-1265794.190,179.510
-578689.060,-1265793.920,179.520
-578689.230,-1265793.640,179.520
-578689.390,-1265793.380,179.520
-578689.560,-1265793.110,179.530
-578689.740,-1265792.810,179.540
-578689.900,-1265792.540,179.540
-578690.080,-1265792.250,179.550
-578690.250,-1265791.970,179.550
-578690.410,-1265791.700,179.560
-578690.590,-1265791.410,179.560
-578690.770,-1265791.110,179.570
-578690.930,-1265790.840,179.570
-578691.110,-1265790.550,179.570
-578691.280,-1265790.260,179.570
-578691.460,-1265789.960,179.580
-578691.620,-1265789.690,179.580
-578691.790,-1265789.420,179.580
-578691.950,-1265789.140,179.580
-578692.120,-1265788.870,179.580
-578692.290,-1265788.580,179.580
-578685.120,-1265800.440,179.480
-578685.280,-1265800.170,179.490
-578685.460,-1265799.870,179.490
-578685.640,-1265799.570,179.500
-578685.800,-1265799.310,179.500
-578685.980,-1265799.010,179.500
-578686.160,-1265798.720,179.500
-578686.340,-1265798.430,179.495
-578686.500,-1265798.150,179.490
-578686.670,-1265797.880,179.490
-578686.830,-1265797.610,179.490
-578687.000,-1265797.340,179.490
-578687.180,-1265797.040,179.500
-578687.340,-1265796.780,179.500
-578687.520,-1265796.480,179.500
-578687.680,-1265796.200,179.500
-578687.840,-1265795.940,179.500
-578688.020,-1265795.640,179.500
-578688.210,-1265795.340,179.500
-578684.800,-1265800.210,179.490
-578684.960,-1265799.950,179.490
-578685.130,-1265799.670,179.490
-578685.310,-1265799.370,179.500
-578685.480,-1265799.090,179.500
-578685.650,-1265798.810,179.500
-578685.830,-1265798.510,179.500
-578686.000,-1265798.230,179.500
-578686.180,-1265797.930,179.500
-578686.350,-1265797.650,179.500
-578686.510,-1265797.390,179.500
-578686.680,-1265797.110,179.500
-578686.850,-1265796.840,179.500
-578687.020,-1265796.550,179.500
-578687.190,-1265796.280,179.500
-578687.370,-1265795.980,179.500
-578687.530,-1265795.720,179.500
-578687.690,-1265795.440,179.500
-578687.880,-1265795.140,179.500
-578688.050,-1265794.850,179.500
-578688.220,-1265794.580,179.500
-578688.390,-1265794.280,179.510
-578688.570,-1265793.990,179.510
-578688.750,-1265793.700,179.520
-578688.910,-1265793.420,179.520
-578689.080,-1265793.150,179.530
-578689.240,-1265792.880,179.530
-578689.410,-1265792.610,179.540
-578689.590,-1265792.310,179.550
-578689.750,-1265792.050,179.550
-578689.930,-1265791.750,179.550
-578690.090,-1265791.480,179.560
-578690.250,-1265791.210,179.560
-578690.430,-1265790.910,179.570
-578690.610,-1265790.620,179.570
-578690.770,-1265790.350,179.570
-578690.950,-1265790.060,179.580
-578691.130,-1265789.760,179.580
-578691.310,-1265789.460,179.580
-578691.470,-1265789.200,179.580
-578691.640,-1265788.920,179.580
-578689.700,-1265791.660,179.550
-578689.870,-1265791.370,179.560
-578690.040,-1265791.090,179.560
-578690.210,-1265790.830,179.570
-578690.380,-1265790.540,179.570
-578690.560,-1265790.240,179.570
-578690.730,-1265789.970,179.580
-578690.900,-1265789.680,179.580
-578691.080,-1265789.380,179.580
-578691.260,-1265789.080,179.580
-578684.580,-1265800.130,179.490
-578684.760,-1265799.830,179.500
-578684.920,-1265799.570,179.500
-578685.080,-1265799.290,179.500
-578685.260,-1265798.990,179.500
-578685.440,-1265798.710,179.500
-578685.600,-1265798.430,179.500
-578685.780,-1265798.130,179.500
-578685.950,-1265797.850,179.500
-578686.140,-1265797.550,179.500
-578686.300,-1265797.280,179.500
-578686.470,-1265797.010,179.500
-578686.630,-1265796.730,179.500
-578686.800,-1265796.460,179.500
-578686.970,-1265796.170,179.500
-578687.140,-1265795.900,179.500
-578687.320,-1265795.600,179.500
-578687.480,-1265795.330,179.500
-578687.650,-1265795.060,179.500
-578687.830,-1265794.760,179.500
-578688.000,-1265794.470,179.510
-578688.170,-1265794.200,179.510
-578688.350,-1265793.900,179.510
-578688.520,-1265793.610,179.520
-578688.700,-1265793.320,179.530
-578688.860,-1265793.040,179.530
-578689.030,-1265792.770,179.530
-578689.190,-1265792.500,179.540
-578689.360,-1265792.230,179.545
-578689.540,-1265791.930,179.550
-578683.950,-1265800.500,179.470
-578684.310,-1265799.950,179.500
-578684.480,-1265799.680,179.500
-578684.650,-1265799.390,179.500
-578684.820,-1265799.110,179.500
-578684.990,-1265798.840,179.500
-578685.160,-1265798.550,179.500
-578685.340,-1265798.250,179.500
-578685.510,-1265797.980,179.500
-578685.680,-1265797.690,179.500
-578685.860,-1265797.390,179.500
-578686.040,-1265797.100,179.510
-578686.200,-1265796.830,179.500
-578686.370,-1265796.560,179.510
-578686.540,-1265796.280,179.510
-578686.700,-1265796.020,179.510
-578686.880,-1265795.720,179.510
-578687.040,-1265795.440,179.500
-578687.220,-1265795.150,179.500
-578687.380,-1265794.880,179.500
-578687.550,-1265794.610,179.505
-578687.730,-1265794.310,179.510
-578687.900,-1265794.020,179.510
-578688.070,-1265793.750,179.520
-578688.250,-1265793.450,179.520
-578688.420,-1265793.160,179.530
-578688.600,-1265792.870,179.530
-578688.770,-1265792.590,179.540
-578688.930,-1265792.330,179.540
-578689.100,-1265792.050,179.550
-578689.260,-1265791.780,179.550
-578689.440,-1265791.490,179.550
-578689.600,-1265791.220,179.560
-578689.780,-1265790.920,179.560
-578689.940,-1265790.650,179.560
-578690.110,-1265790.380,179.570
-578690.290,-1265790.080,179.570
-578690.470,-1265789.790,179.580
-578690.630,-1265789.520,179.580
-578690.810,-1265789.220,179.580
-578690.990,-1265788.930,179.580
-578683.790,-1265800.040,179.480
-578684.140,-1265799.500,179.500
-578684.310,-1265799.220,179.500
-578684.490,-1265798.930,179.500
-578684.650,-1265798.660,179.500
-578684.820,-1265798.380,179.500
-578685.000,-1265798.090,179.500
-578685.170,-1265797.800,179.500
-578685.340,-1265797.520,179.505
-578685.520,-1265797.230,179.500
-578685.690,-1265796.940,179.510
-578685.870,-1265796.640,179.510
-578686.040,-1265796.370,179.510
-578686.200,-1265796.110,179.510
-578686.370,-1265795.830,179.510
-578686.710,-1265795.270,179.500
-578686.870,-1265794.990,179.510
-578687.060,-1265794.700,179.510
-578687.220,-1265794.430,179.510
-578687.380,-1265794.160,179.510
-578687.560,-1265793.860,179.520
-578687.730,-1265793.570,179.520
-578687.900,-1265793.290,179.525
-578688.080,-1265793.000,179.530
-578688.260,-1265792.710,179.530
-578688.440,-1265792.410,179.540
-578688.600,-1265792.140,179.540
-578688.760,-1265791.870,179.550
-578688.930,-1265791.600,179.550
-578689.090,-1265791.320,179.560
-578689.270,-1265791.030,179.560
-578689.430,-1265790.760,179.560
-578689.620,-1265790.460,179.560
-578689.780,-1265790.190,179.570
-578689.940,-1265789.920,179.570
-578690.120,-1265789.620,179.570
-578690.300,-1265789.330,179.580
-578690.460,-1265789.060,179.580
-578690.640,-1265788.770,179.580
-578684.450,-1265798.500,179.500
-578684.610,-1265798.230,179.500
-578684.770,-1265797.960,179.500
-578684.950,-1265797.670,179.500
-578685.130,-1265797.370,179.510
-578685.300,-1265797.100,179.510
-578685.470,-1265796.810,179.510
-578685.650,-1265796.510,179.510
-578685.830,-1265796.210,179.510
-578685.990,-1265795.950,179.510
-578686.330,-1265795.400,179.510
-578686.490,-1265795.130,179.510
-578686.670,-1265794.840,179.510
-578686.830,-1265794.560,179.510
-578687.010,-1265794.270,179.510
-578687.170,-1265794.000,179.510
-578687.340,-1265793.720,179.520
-578687.510,-1265793.440,179.520
-578687.690,-1265793.140,179.530
-578687.860,-1265792.860,179.530
-578688.030,-1265792.580,179.530
-578688.210,-1265792.280,179.540
-578688.390,-1265791.980,179.540
-578688.550,-1265791.720,179.550
-578688.720,-1265791.440,179.550
-578688.890,-1265791.160,179.555
-578689.050,-1265790.900,179.560
-578689.220,-1265790.600,179.560
-578689.390,-1265790.330,179.560
-578689.570,-1265790.040,179.570
-578689.730,-1265789.770,179.570
-578689.900,-1265789.490,179.570
-578690.070,-1265789.200,179.580
-578690.250,-1265788.910,179.580
-578683.910,-1265799.340,179.490
-578684.100,-1265799.070,179.500
-578684.270,-1265798.800,179.500
-578683.980,-1265798.610,179.500
-578684.150,-1265798.340,179.500
-578684.490,-1265797.780,179.510
-578684.660,-1265797.510,179.510
-578684.830,-1265797.220,179.510
-578685.020,-1265796.920,179.510
-578685.180,-1265796.650,179.510
-578685.350,-1265796.360,179.510
-578685.540,-1265796.060,179.510
-578685.720,-1265795.760,179.510
-578685.880,-1265795.500,179.510
-578686.050,-1265795.220,179.510
-578686.210,-1265794.950,179.510
-578686.370,-1265794.680,179.510
-578686.720,-1265794.110,179.520
-578686.890,-1265793.820,179.520
-578687.060,-1265793.550,179.520
-578687.220,-1265793.270,179.530
-578687.400,-1265792.980,179.530
-578687.580,-1265792.690,179.530
-578687.740,-1265792.410,179.530
-578687.920,-1265792.120,179.540
-578688.100,-1265791.830,179.540
-578688.280,-1265791.530,179.550
-578688.440,-1265791.260,179.550
-578688.770,-1265790.720,179.560
-578688.940,-1265790.440,179.560
-578689.110,-1265790.150,179.560
-578689.280,-1265789.880,179.560
-578689.460,-1265789.580,179.570
-578689.620,-1265789.310,179.570
-578689.780,-1265789.040,179.570
-578686.870,-1265793.420,179.530
-578687.040,-1265793.150,179.530
-578687.200,-1265792.880,179.530
-578687.380,-1265792.590,179.530
-578687.560,-1265792.290,179.530
-578687.720,-1265792.020,179.540
-578687.900,-1265791.730,179.540
-578688.080,-1265791.430,179.550
-578688.260,-1265791.130,179.550
-578688.420,-1265790.870,179.550
-578688.590,-1265790.590,179.560
-578688.750,-1265790.320,179.560
-578688.910,-1265790.050,179.560
-578689.090,-1265789.750,179.560
-578689.250,-1265789.480,179.570
-578689.430,-1265789.190,179.570
-578689.600,-1265788.920,179.570
-578684.480,-1265797.380,179.510
-578684.640,-1265797.110,179.510
-578685.000,-1265796.520,179.510
-578685.160,-1265796.250,179.510
-578685.340,-1265795.950,179.510
-578685.520,-1265795.660,179.510
-578685.690,-1265795.370,179.510
-578685.860,-1265795.100,179.510
-578686.020,-1265794.820,179.510
-578686.180,-1265794.560,179.510
-578686.350,-1265794.280,179.520
-578686.530,-1265793.990,179.520
-578686.690,-1265793.720,179.530
-578684.520,-1265796.680,179.510
-578684.690,-1265796.390,179.510
-578684.870,-1265796.090,179.510
-578685.040,-1265795.820,179.510
-578685.210,-1265795.530,179.510
-578685.400,-1265795.230,179.510
-578685.570,-1265794.940,179.510
-578685.730,-1265794.670,179.520
-578685.900,-1265794.400,179.520
-578686.230,-1265793.860,179.530
-578686.410,-1265793.560,179.530
-578686.580,-1265793.280,179.530
-578686.750,-1265793.000,179.530
-578686.920,-1265792.720,179.530
-578687.080,-1265792.440,179.530
-578687.260,-1265792.160,179.530
-578687.440,-1265791.860,179.530
-578687.600,-1265791.590,179.540
-578687.780,-1265791.300,179.540
-578687.960,-1265791.000,179.550
-578688.140,-1265790.700,179.550
-578688.300,-1265790.440,179.560
-578688.460,-1265790.170,179.560
-578688.630,-1265789.890,179.560
-578688.790,-1265789.630,179.560
-578688.970,-1265789.330,179.560
-578689.140,-1265789.050,179.570
-578684.370,-1265796.180,179.510
-578684.550,-1265795.880,179.510
-578684.730,-1265795.580,179.510
-578684.890,-1265795.320,179.510
-578685.070,-1265795.020,179.510
-578685.250,-1265794.720,179.520
-578685.420,-1265794.430,179.520
-578685.590,-1265794.160,179.530
-578685.750,-1265793.880,179.530
-578685.910,-1265793.620,179.540
-578686.080,-1265793.340,179.540
-578686.260,-1265793.040,179.540
-578686.420,-1265792.780,179.540
-578686.600,-1265792.480,179.540
-578686.770,-1265792.210,179.530
-578686.930,-1265791.940,179.530
-578687.110,-1265791.650,179.530
-578687.290,-1265791.350,179.540
-578687.450,-1265791.080,179.540
-578687.630,-1265790.790,179.550
-578687.810,-1265790.490,179.550
-578687.980,-1265790.200,179.560
-578688.150,-1265789.930,179.560
-578688.310,-1265789.650,179.560
-578688.480,-1265789.390,179.560
-578688.640,-1265789.110,179.570
-578684.170,-1265796.060,179.510
-578684.330,-1265795.790,179.510
-578684.510,-1265795.490,179.510
-578684.690,-1265795.200,179.510
-578684.850,-1265794.930,179.510
-578685.030,-1265794.630,179.520
-578685.210,-1265794.340,179.520
-578685.390,-1265794.040,179.530
-578685.550,-1265793.770,179.540
-578685.720,-1265793.500,179.540
-578685.880,-1265793.230,179.540
-578686.050,-1265792.960,179.540
-578686.230,-1265792.660,179.540
-578686.390,-1265792.400,179.540
-578686.570,-1265792.100,179.540
-578686.740,-1265791.820,179.540
-578686.900,-1265791.560,179.530
-578687.080,-1265791.260,179.540
-578687.260,-1265790.960,179.540
-578687.420,-1265790.690,179.540
-578687.600,-1265790.400,179.550
-578687.780,-1265790.100,179.550
-578687.950,-1265789.810,179.560
-578688.120,-1265789.540,179.560
-578688.280,-1265789.270,179.560
-578688.450,-1265789.000,179.560
-578684.130,-1265795.610,179.510
-578684.290,-1265795.340,179.510
-578684.470,-1265795.040,179.510
-578684.650,-1265794.750,179.520
-578684.810,-1265794.480,179.520
-578684.990,-1265794.180,179.530
-578685.170,-1265793.890,179.535
-578685.350,-1265793.600,179.540
-578685.510,-1265793.320,179.540
-578685.680,-1265793.050,179.540
-578685.840,-1265792.780,179.540
-578686.010,-1265792.510,179.540
-578686.180,-1265792.210,179.540
-578686.350,-1265791.940,179.540
-578686.530,-1265791.650,179.540
-578686.690,-1265791.380,179.540
-578686.860,-1265791.110,179.540
-578687.040,-1265790.810,179.540
-578687.210,-1265790.510,179.550
-578687.370,-1265790.250,179.550
-578687.550,-1265789.960,179.560
-578687.730,-1265789.660,179.560
-578687.910,-1265789.360,179.560
-578688.070,-1265789.100,179.560
-578684.060,-1265795.190,179.510
-578684.220,-1265794.930,179.510
-578684.400,-1265794.630,179.520
-578684.580,-1265794.330,179.520
-578684.740,-1265794.070,179.530
-578684.920,-1265793.760,179.540
-578685.100,-1265793.470,179.540
-578685.280,-1265793.180,179.540
-578685.440,-1265792.910,179.550
-578685.610,-1265792.630,179.550
-578685.770,-1265792.370,179.540
-578685.940,-1265792.090,179.540
-578686.120,-1265791.790,179.540
-578686.280,-1265791.530,179.540
-578686.460,-1265791.240,179.540
-578686.630,-1265790.960,179.540
-578686.790,-1265790.690,179.540
-578686.970,-1265790.400,179.550
-578687.150,-1265790.100,179.550
-578687.310,-1265789.830,179.550
-578687.490,-1265789.530,179.560
-578687.670,-1265789.240,179.560
-578683.930,-1265794.680,179.520
-578684.100,-1265794.410,179.520
-578684.280,-1265794.110,179.530
-578684.450,-1265793.830,179.540
-578684.620,-1265793.550,179.550
-578684.800,-1265793.250,179.560
-578684.970,-1265792.960,179.560
-578685.150,-1265792.670,179.560
-578685.320,-1265792.390,179.550
-578685.480,-1265792.130,179.550
-578685.650,-1265791.850,179.550
-578685.810,-1265791.570,179.550
-578686.160,-1265791.010,179.540
-578686.340,-1265790.720,179.550
-578686.490,-1265790.450,179.550
-578686.660,-1265790.180,179.550
-578686.840,-1265789.880,179.550
-578687.020,-1265789.590,179.560
-578687.180,-1265789.320,179.560
-578687.360,-1265789.020,179.570
-578683.890,-1265794.260,179.530
-578684.060,-1265793.980,179.540
-578684.230,-1265793.690,179.550
-578684.410,-1265793.390,179.550
-578684.570,-1265793.120,179.560
-578684.750,-1265792.830,179.560
-578684.930,-1265792.530,179.560
-578685.110,-1265792.240,179.560
-578685.270,-1265791.970,179.560
-578685.440,-1265791.700,179.560
-578685.600,-1265791.430,179.560
-578685.770,-1265791.160,179.550
-578685.950,-1265790.860,179.550
-578686.110,-1265790.590,179.550
-578686.290,-1265790.300,179.550
-578686.450,-1265790.020,179.550
-578686.620,-1265789.750,179.560
-578686.790,-1265789.470,179.560
-578686.970,-1265789.160,179.560
-578684.860,-1265792.060,179.560
-578685.040,-1265791.780,179.560
-578685.210,-1265791.490,179.560
-578685.370,-1265791.230,179.560
-578685.530,-1265790.960,179.560
-578685.700,-1265790.680,179.560
-578685.880,-1265790.390,179.550
-578686.040,-1265790.120,179.550
-578686.220,-1265789.820,179.560
-578686.390,-1265789.550,179.560
-578686.550,-1265789.280,179.560
-578683.820,-1265793.780,179.550
-578683.990,-1265793.510,179.560
-578684.170,-1265793.210,179.560
-578684.340,-1265792.920,179.560
-578684.510,-1265792.650,179.560
-578684.690,-1265792.350,179.560
-578683.730,-1265793.340,179.560
-578683.890,-1265793.070,179.560
-578684.070,-1265792.770,179.565
-578684.250,-1265792.480,179.570
-578684.410,-1265792.210,179.570
-578684.590,-1265791.910,179.570
-578684.770,-1265791.620,179.560
-578684.950,-1265791.330,179.560
-578685.110,-1265791.050,179.560
-578685.280,-1265790.780,179.560
-578685.440,-1265790.510,179.560
-578685.610,-1265790.230,179.560
-578685.780,-1265789.950,179.560
-578685.950,-1265789.670,179.560
-578683.800,-1265792.570,179.570
-578683.970,-1265792.290,179.570
-578684.150,-1265791.990,179.570
-578684.320,-1265791.710,179.570
-578684.500,-1265791.430,179.570
-578684.670,-1265791.130,179.570
-578684.860,-1265790.830,179.570
-578685.020,-1265790.560,179.570
-578685.180,-1265790.290,179.570
-578685.350,-1265790.010,179.570
-578683.410,-1265792.680,179.570
-578683.920,-1265791.840,179.570
-578684.090,-1265791.550,179.570
-578684.250,-1265791.290,179.580
-578684.440,-1265790.980,179.580
-578684.610,-1265790.690,179.580
-578684.790,-1265790.400,179.580
-578684.960,-1265790.120,179.580
-578685.280,-1265789.590,179.580
-578685.450,-1265789.310,179.590
-578683.920,-1265791.420,179.580
-578684.090,-1265791.130,179.580
-578684.260,-1265790.850,179.580
-578684.440,-1265790.560,179.580
-578684.610,-1265790.280,179.580
-578684.960,-1265789.700,179.580
-578683.760,-1265790.900,179.590
-578683.940,-1265790.600,179.590
-578684.100,-1265790.340,179.590
-578684.280,-1265790.040,179.590
-578684.460,-1265789.750,179.590
-578684.630,-1265789.460,179.590
-578683.600,-1265790.770,179.590
-578683.770,-1265790.480,179.590
-578683.950,-1265790.190,179.590
-578684.120,-1265789.910,179.590
-578684.300,-1265789.620,179.590
-578683.440,-1265790.250,179.600
-578683.620,-1265789.950,179.600
-578683.800,-1265789.670,179.600
-578683.500,-1265789.850,179.600
-578683.670,-1265789.560,179.610
-578694.800,-1265797.250,179.490
-578694.470,-1265797.400,179.480
-578694.090,-1265797.570,179.480
-578695.610,-1265797.150,179.490
-578695.270,-1265797.300,179.490
-578694.920,-1265797.460,179.490
-578694.530,-1265797.630,179.480
-578694.190,-1265797.780,179.480
-578696.860,-1265797.110,179.500
-578696.470,-1265797.290,179.500
-578696.100,-1265797.450,179.490
-578695.750,-1265797.610,179.490
-578695.400,-1265797.760,179.480
-578695.050,-1265797.910,179.480
-578694.700,-1265798.070,179.480
-578694.320,-1265798.240,179.480
-578693.970,-1265798.390,179.480
-578697.300,-1265797.190,179.490
-578696.950,-1265797.350,179.490
-578696.580,-1265797.510,179.490
-578696.200,-1265797.680,179.490
-578695.830,-1265797.850,179.480
-578695.470,-1265798.000,179.480
-578695.130,-1265798.160,179.470
-578694.770,-1265798.310,179.470
-578694.440,-1265798.460,179.470
-578694.050,-1265798.630,179.470
-578697.470,-1265797.520,179.490
-578697.090,-1265797.690,179.480
-578696.750,-1265797.840,179.480
-578696.370,-1265798.010,179.480
-578695.990,-1265798.180,179.470
-578695.610,-1265798.340,179.470
-578695.260,-1265798.500,179.470
-578694.910,-1265798.650,179.460
-578694.570,-1265798.810,179.460
-578694.210,-1265798.960,179.460
-578697.600,-1265797.930,179.470
-578697.240,-1265798.090,179.470
-578696.870,-1265798.250,179.470
-578696.490,-1265798.420,179.470
-578696.140,-1265798.580,179.460
-578695.770,-1265798.740,179.460
-578695.380,-1265798.910,179.450
-578695.020,-1265799.070,179.450
-578694.690,-1265799.220,179.420
-578694.320,-1265799.380,177.585
-578697.360,-1265798.290,179.470
-578696.970,-1265798.460,179.470
-578696.590,-1265798.630,179.460
-578696.250,-1265798.780,179.450
-578695.860,-1265798.950,179.450
-578695.470,-1265799.120,179.410
-578697.490,-1265798.750,179.460
-578697.140,-1265798.910,179.450
-578684.390,-1265797.780,179.510
-578685.620,-1265797.640,179.500
-578685.250,-1265797.810,179.500
-578684.890,-1265797.960,179.500
-578684.540,-1265798.120,179.500
-578684.160,-1265798.290,179.500
-578683.880,-1265798.420,179.500
-578686.470,-1265797.600,179.500
-578686.120,-1265797.750,179.500
-578685.750,-1265797.910,179.500
-578685.390,-1265798.070,179.500
-578685.010,-1265798.240,179.500
-578684.660,-1265798.400,179.500
-578684.320,-1265798.550,179.500
-578687.690,-1265797.570,179.490
-578687.310,-1265797.740,179.490
-578686.950,-1265797.900,179.490
-578686.610,-1265798.050,179.490
-578686.260,-1265798.210,179.500
-578685.900,-1265798.360,179.500
-578685.540,-1265798.520,179.500
-578685.180,-1265798.680,179.500
-578684.790,-1265798.850,179.500
-578684.460,-1265799.000,179.500
-578684.100,-1265799.160,179.500
-578683.830,-1265799.280,179.490
-578688.970,-1265797.450,179.490
-578688.610,-1265797.610,179.490
-578688.250,-1265797.770,179.490
-578687.860,-1265797.940,179.490
-578687.490,-1265798.100,179.490
-578687.120,-1265798.270,179.490
-578686.750,-1265798.430,179.490
-578686.410,-1265798.580,179.490
-578686.070,-1265798.730,179.500
-578685.710,-1265798.890,179.500
-578685.330,-1265799.060,179.500
-578684.980,-1265799.210,179.500
-578684.590,-1265799.380,179.500
-578684.240,-1265799.540,179.500
-578689.380,-1265797.440,179.490
-578689.030,-1265797.600,179.490
-578688.660,-1265797.760,179.490
-578688.270,-1265797.930,179.490
-578687.920,-1265798.090,179.490
-578687.550,-1265798.250,179.490
-578687.170,-1265798.420,179.490
-578686.790,-1265798.590,179.490
-578686.430,-1265798.750,179.490
-578686.090,-1265798.900,179.500
-578685.740,-1265799.050,179.500
-578685.390,-1265799.210,179.500
-578685.010,-1265799.380,179.500
-578684.660,-1265799.530,179.500
-578684.270,-1265799.700,179.500
-578684.020,-1265799.820,179.490
-578690.680,-1265797.450,179.490
-578690.300,-1265797.620,179.490
-578689.950,-1265797.770,179.490
-578689.570,-1265797.940,179.490
-578689.230,-1265798.090,179.490
-578688.870,-1265798.250,179.490
-578688.490,-1265798.420,179.490
-578688.120,-1265798.580,179.490
-578687.770,-1265798.740,179.480
-578687.380,-1265798.910,179.485
-578687.010,-1265799.070,179.490
-578686.630,-1265799.240,179.490
-578686.280,-1265799.400,179.490
-578685.920,-1265799.550,179.500
-578685.580,-1265799.710,179.500
-578685.220,-1265799.860,179.490
-578684.830,-1265800.040,179.490
-578684.480,-1265800.190,179.490
-578683.880,-1265800.460,179.480
-578691.490,-1265797.430,179.490
-578691.130,-1265797.590,179.490
-578690.790,-1265797.740,179.490
-578690.430,-1265797.900,179.490
-578690.050,-1265798.060,179.490
-578689.700,-1265798.220,179.490
-578689.320,-1265798.380,179.480
-578688.970,-1265798.540,179.480
-578688.630,-1265798.690,179.485
-578688.250,-1265798.860,179.480
-578687.870,-1265799.030,179.490
-578687.520,-1265799.180,179.490
-578687.130,-1265799.360,179.490
-578686.750,-1265799.520,179.490
-578686.390,-1265799.680,179.490
-578686.030,-1265799.840,179.490
-578685.690,-1265799.990,179.490
-578685.330,-1265800.150,179.490
-578684.970,-1265800.310,179.490
-578692.730,-1265797.320,179.490
-578692.350,-1265797.490,179.490
-578691.970,-1265797.660,179.490
-578691.600,-1265797.820,179.490
-578691.250,-1265797.980,179.480
-578690.900,-1265798.130,179.480
-578690.550,-1265798.280,179.480
-578690.200,-1265798.440,179.480
-578689.810,-1265798.610,179.480
-578689.470,-1265798.760,179.480
-578689.090,-1265798.930,179.480
-578688.740,-1265799.080,179.480
-578688.390,-1265799.240,179.480
-578688.010,-1265799.410,179.480
-578687.630,-1265799.580,179.480
-578687.280,-1265799.730,179.480
-578686.900,-1265799.900,179.480
-578686.530,-1265800.060,179.480
-578686.150,-1265800.230,179.475
-578685.770,-1265800.390,179.470
-578693.530,-1265797.210,179.490
-578693.150,-1265797.380,179.480
-578692.780,-1265797.550,179.480
-578692.430,-1265797.700,179.480
-578692.050,-1265797.870,179.480
-578691.680,-1265798.030,179.480
-578691.290,-1265798.200,179.480
-578690.940,-1265798.360,179.480
-578690.590,-1265798.510,179.480
-578690.250,-1265798.660,179.480
-578689.900,-1265798.820,179.480
-578689.520,-1265798.990,179.480
-578689.180,-1265799.140,179.480
-578688.800,-1265799.300,179.480
-578688.440,-1265799.460,179.480
-578688.090,-1265799.620,179.480
-578687.710,-1265799.790,179.480
-578687.330,-1265799.950,179.470
-578686.970,-1265800.110,179.470
-578686.570,-1265800.290,179.450
-578691.530,-1265798.700,179.480
-578691.150,-1265798.870,179.480
-578690.800,-1265799.020,179.480
-578690.450,-1265799.180,179.480
-578690.110,-1265799.330,179.475
-578689.760,-1265799.480,179.470
-578689.380,-1265799.650,179.470
-578689.030,-1265799.800,179.455
-578688.640,-1265799.970,179.435
-578693.730,-1265797.730,179.480
-578693.390,-1265797.880,179.480
-578693.020,-1265798.040,179.480
-578692.630,-1265798.210,179.480
-578692.290,-1265798.360,179.480
-578691.920,-1265798.530,179.480
-578693.820,-1265797.940,179.480
-578693.470,-1265798.100,179.480
-578693.110,-1265798.250,179.480
-578692.750,-1265798.420,179.480
-578692.360,-1265798.590,179.480
-578692.020,-1265798.740,179.480
-578691.640,-1265798.910,179.480
-578691.250,-1265799.080,179.470
-578690.870,-1265799.250,179.470
-578690.540,-1265799.390,179.470
-578690.190,-1265799.550,179.460
-578689.830,-1265799.700,179.460
-578689.460,-1265799.870,179.450
-578693.600,-1265798.560,179.470
-578693.250,-1265798.710,179.470
-578692.900,-1265798.870,179.470
-578692.530,-1265799.030,179.470
-578692.150,-1265799.200,179.470
-578691.800,-1265799.350,179.460
-578691.420,-1265799.520,179.460
-578691.040,-1265799.690,179.455
-578690.650,-1265799.860,179.420
-578693.700,-1265798.790,179.470
-578693.330,-1265798.950,179.470
-578692.970,-1265799.110,179.460
-578692.640,-1265799.260,179.460
-578692.250,-1265799.430,179.455
-578691.860,-1265799.600,179.430
-578693.850,-1265799.130,179.460
-578693.500,-1265799.280,179.460
-578693.090,-1265799.460,179.430
-578692.790,-1265799.590,179.390
-578694.060,-1265796.290,179.500
-578695.250,-1265796.210,179.500
-578694.910,-1265796.360,179.500
-578694.520,-1265796.530,179.490
-578694.170,-1265796.680,179.490
-578695.680,-1265796.260,179.500
-578695.330,-1265796.420,179.500
-578694.960,-1265796.580,179.495
-578694.610,-1265796.740,179.490
-578694.230,-1265796.910,179.490
-578697.340,-1265796.140,179.510
-578696.960,-1265796.300,179.510
-578696.590,-1265796.470,179.510
-578696.240,-1265796.620,179.500
-578695.880,-1265796.780,179.500
-578695.540,-1265796.930,179.490
-578695.190,-1265797.080,179.490
-578697.070,-1265796.510,179.500
-578696.690,-1265796.680,179.500
-578696.320,-1265796.840,179.500
-578695.970,-1265796.990,179.500
-578697.220,-1265796.960,179.500
-578684.810,-1265796.750,179.510
-578684.430,-1265796.910,179.510
-578686.100,-1265796.750,179.510
-578685.720,-1265796.920,179.510
-578685.360,-1265797.080,179.510
-578685.000,-1265797.230,179.510
-578684.630,-1265797.400,179.510
-578686.930,-1265796.660,179.500
-578686.590,-1265796.810,179.500
-578686.200,-1265796.980,179.510
-578685.850,-1265797.140,179.500
-578685.480,-1265797.300,179.500
-578685.120,-1265797.460,179.510
-578684.770,-1265797.610,179.500
-578688.130,-1265796.530,179.490
-578687.750,-1265796.700,179.500
-578687.400,-1265796.850,179.500
-578687.050,-1265797.010,179.500
-578686.710,-1265797.160,179.500
-578686.350,-1265797.320,179.500
-578685.970,-1265797.490,179.500
-578689.000,-1265796.480,179.490
-578688.660,-1265796.630,179.490
-578688.280,-1265796.800,179.490
-578687.900,-1265796.970,179.490
-578687.530,-1265797.130,179.495
-578687.170,-1265797.290,179.500
-578686.830,-1265797.440,179.500
-578690.260,-1265796.440,179.490
-578689.910,-1265796.600,179.490
-578689.550,-1265796.760,179.490
-578689.180,-1265796.920,179.490
-578688.800,-1265797.080,179.490
-578688.440,-1265797.240,179.490
-578688.070,-1265797.410,179.490
-578691.160,-1265796.480,179.490
-578690.780,-1265796.650,179.490
-578690.430,-1265796.810,179.490
-578690.060,-1265796.970,179.490
-578689.710,-1265797.120,179.490
-578689.350,-1265797.280,179.490
-578691.890,-1265796.340,179.490
-578691.530,-1265796.500,179.490
-578691.180,-1265796.650,179.490
-578690.830,-1265796.800,179.490
-578690.470,-1265796.970,179.490
-578690.110,-1265797.120,179.490
-578689.730,-1265797.290,179.490
-578693.220,-1265796.330,179.490
-578692.830,-1265796.510,179.490
-578692.460,-1265796.670,179.490
-578692.080,-1265796.840,179.490
-578691.720,-1265797.000,179.490
-578691.380,-1265797.140,179.490
-578691.030,-1265797.300,179.490
-578693.690,-1265796.460,179.490
-578693.310,-1265796.620,179.490
-578692.960,-1265796.780,179.490
-578692.580,-1265796.950,179.490
-578692.210,-1265797.110,179.490
-578691.830,-1265797.280,179.490
-578693.840,-1265796.830,179.490
-578693.450,-1265797.000,179.490
-578693.080,-1265797.170,179.490
-578693.880,-1265797.060,179.490
-578693.710,-1265788.430,179.590
-578694.240,-1265788.670,179.590
-578693.900,-1265788.810,179.590
-578693.530,-1265788.980,179.590
-578695.410,-1265788.470,179.600
-578695.040,-1265788.630,179.600
-578694.710,-1265788.780,179.590
-578694.350,-1265788.940,179.590
-578693.980,-1265789.100,179.590
-578693.640,-1265789.250,179.590
-578696.320,-1265788.490,179.600
-578695.940,-1265788.660,179.600
-578695.560,-1265788.830,179.600
-578695.230,-1265788.980,179.590
-578694.880,-1265789.130,179.590
-578694.510,-1265789.290,179.590
-578694.180,-1265789.430,179.590
-578693.810,-1265789.600,179.580
-578696.480,-1265788.860,179.600
-578696.110,-1265789.030,179.600
-578695.720,-1265789.200,179.600
-578695.360,-1265789.360,179.590
-578695.010,-1265789.510,179.590
-578694.670,-1265789.660,179.590
-578694.310,-1265789.820,179.590
-578693.970,-1265789.970,179.580
-578693.590,-1265790.140,179.580
-578695.520,-1265789.680,179.590
-578695.140,-1265789.840,179.590
-578694.790,-1265790.000,179.590
-578694.450,-1265790.140,179.580
-578694.100,-1265790.300,179.580
-578693.740,-1265790.460,179.580
-578696.610,-1265789.190,179.600
-578696.270,-1265789.350,179.600
-578695.890,-1265789.510,179.590
-578696.370,-1265789.670,179.600
-578696.020,-1265789.830,179.595
-578695.650,-1265789.990,179.590
-578695.280,-1265790.160,179.590
-578694.910,-1265790.320,179.585
-578694.560,-1265790.470,179.580
-578694.220,-1265790.630,179.580
-578693.860,-1265790.780,179.570
-578696.540,-1265790.010,179.600
-578696.170,-1265790.170,179.590
-578695.820,-1265790.330,179.590
-578695.450,-1265790.490,179.590
-578695.080,-1265790.660,179.580
-578694.700,-1265790.820,179.580
-578694.360,-1265790.970,179.575
-578694.010,-1265791.120,179.570
-578693.660,-1265791.280,179.570
-578696.350,-1265790.580,179.590
-578695.980,-1265790.740,179.590
-578695.630,-1265790.890,179.580
-578695.250,-1265791.060,179.580
-578694.880,-1265791.220,179.580
-578694.510,-1265791.380,179.570
-578694.150,-1265791.540,179.570
-578693.800,-1265791.700,179.560
-578696.510,-1265790.850,179.590
-578696.130,-1265791.020,179.590
-578695.750,-1265791.190,179.580
-578695.420,-1265791.330,179.580
-578695.030,-1265791.500,179.570
-578694.660,-1265791.670,179.570
-578694.290,-1265791.830,179.560
-578693.930,-1265791.990,179.560
-578696.630,-1265791.220,179.590
-578696.280,-1265791.370,179.580
-578695.890,-1265791.540,179.580
-578695.530,-1265791.700,179.580
-578695.170,-1265791.860,179.570
-578694.800,-1265792.020,179.560
-578694.420,-1265792.190,179.560
-578694.040,-1265792.350,179.560
-578693.700,-1265792.510,179.550
-578696.750,-1265791.480,179.580
-578696.410,-1265791.630,179.580
-578696.060,-1265791.790,179.570
-578695.680,-1265791.950,179.570
-578695.300,-1265792.120,179.570
-578694.970,-1265792.270,179.560
-578694.580,-1265792.440,179.560
-578694.210,-1265792.600,179.550
-578693.840,-1265792.760,179.550
-578696.930,-1265791.970,179.580
-578696.570,-1265792.130,179.570
-578696.230,-1265792.280,179.570
-578695.890,-1265792.440,179.560
-578695.510,-1265792.600,179.560
-578695.140,-1265792.770,179.550
-578694.790,-1265792.920,179.550
-578694.410,-1265793.090,179.540
-578694.030,-1265793.250,179.540
-578696.720,-1265792.340,179.570
-578696.340,-1265792.510,179.560
-578696.000,-1265792.660,179.560
-578695.650,-1265792.810,179.550
-578695.270,-1265792.980,179.550
-578694.900,-1265793.150,179.540
-578694.550,-1265793.300,179.540
-578694.180,-1265793.460,179.540
-578693.800,-1265793.630,179.540
-578696.840,-1265792.690,179.560
-578696.490,-1265792.850,179.560
-578696.110,-1265793.010,179.550
-578695.770,-1265793.160,179.550
-578695.420,-1265793.320,179.540
-578695.040,-1265793.490,179.540
-578694.670,-1265793.650,179.540
-578694.330,-1265793.800,179.530
-578693.940,-1265793.970,179.530
-578696.610,-1265793.120,179.550
-578696.270,-1265793.270,179.540
-578695.890,-1265793.440,179.540
-578695.540,-1265793.590,179.540
-578695.190,-1265793.750,179.530
-578694.820,-1265793.910,179.530
-578694.450,-1265794.080,179.530
-578694.090,-1265794.230,179.530
-578697.130,-1265793.410,179.550
-578696.780,-1265793.570,179.540
-578696.400,-1265793.730,179.540
-578696.050,-1265793.890,179.540
-578695.680,-1265794.050,179.530
-578695.330,-1265794.210,179.530
-578694.990,-1265794.360,179.530
-578694.620,-1265794.520,179.520
-578694.240,-1265794.690,179.520
-578693.880,-1265794.850,179.520
-578694.410,-1265795.050,179.510
-578694.040,-1265795.210,179.510
-578696.920,-1265793.940,179.540
-578696.580,-1265794.090,179.530
-578696.210,-1265794.250,179.530
-578695.860,-1265794.410,179.530
-578695.480,-1265794.580,179.530
-578695.140,-1265794.730,179.520
-578694.780,-1265794.890,179.520
-578696.960,-1265794.100,179.530
-578696.610,-1265794.250,179.530
-578696.270,-1265794.400,179.530
-578695.880,-1265794.570,179.530
-578695.540,-1265794.730,179.530
-578695.170,-1265794.890,179.520
-578694.810,-1265795.050,179.520
-578694.460,-1265795.200,179.510
-578694.100,-1265795.360,179.510
-578697.150,-1265794.600,179.530
-578696.800,-1265794.750,179.530
-578696.450,-1265794.910,179.525
-578696.100,-1265795.060,179.520
-578695.740,-1265795.220,179.520
-578695.380,-1265795.380,179.510
-578694.990,-1265795.550,179.510
-578694.650,-1265795.700,179.510
-578694.310,-1265795.850,179.500
-578693.920,-1265796.020,179.500
-578697.250,-1265794.890,179.530
-578696.910,-1265795.030,179.520
-578696.570,-1265795.190,179.520
-578696.200,-1265795.350,179.520
-578695.860,-1265795.500,179.520
-578695.490,-1265795.660,179.510
-578695.130,-1265795.820,179.500
-578694.750,-1265795.990,179.500
-578694.400,-1265796.140,179.500
-578697.020,-1265795.430,179.520
-578696.670,-1265795.580,179.520
-578696.330,-1265795.730,179.510
-578695.980,-1265795.880,179.510
-578695.630,-1265796.040,179.510
-578697.100,-1265795.630,179.510
-578696.720,-1265795.800,179.510
-578696.380,-1265795.960,179.510
-578696.030,-1265796.110,179.510
-578683.160,-1265789.910,179.600
-578684.410,-1265789.810,179.590
-578684.060,-1265789.960,179.590
-578683.710,-1265790.120,179.590
-578683.330,-1265790.280,179.600
-578685.600,-1265789.590,179.570
-578684.870,-1265789.920,179.580
-578684.520,-1265790.070,179.590
-578684.130,-1265790.240,179.590
-578683.790,-1265790.390,179.590
-578685.400,-1265790.090,179.570
-578685.040,-1265790.250,179.580
-578684.660,-1265790.410,179.580
-578684.330,-1265790.560,179.580
-578683.950,-1265790.730,179.590
-578683.590,-1265790.890,179.590
-578686.820,-1265789.470,179.560
-578686.440,-1265789.630,179.560
-578686.090,-1265789.790,179.560
-578685.740,-1265789.940,179.560
-578687.350,-1265789.640,179.560
-578686.950,-1265789.810,179.550
-578686.580,-1265789.980,179.550
-578686.210,-1265790.140,179.550
-578685.850,-1265790.300,179.550
-578685.500,-1265790.450,179.560
-578685.160,-1265790.600,179.570
-578684.810,-1265790.760,179.570
-578684.430,-1265790.920,179.580
-578684.090,-1265791.070,179.580
-578689.350,-1265789.240,179.570
-578688.970,-1265789.400,179.560
-578688.610,-1265789.560,179.560
-578688.270,-1265789.710,179.560
-578687.890,-1265789.880,179.560
-578687.510,-1265790.040,179.550
-578687.160,-1265790.200,179.550
-578686.790,-1265790.360,179.550
-578686.420,-1265790.520,179.550
-578686.030,-1265790.700,179.550
-578685.690,-1265790.840,179.550
-578685.340,-1265791.000,179.560
-578684.990,-1265791.150,179.570
-578684.640,-1265791.310,179.570
-578684.270,-1265791.470,179.580
-578683.920,-1265791.620,179.580
-578690.170,-1265789.160,179.580
-578689.820,-1265789.320,179.570
-578689.440,-1265789.490,179.570
-578689.090,-1265789.640,179.560
-578688.710,-1265789.810,179.560
-578688.360,-1265789.960,179.560
-578688.020,-1265790.110,179.560
-578687.630,-1265790.280,179.550
-578687.260,-1265790.450,179.550
-578686.910,-1265790.600,179.540
-578686.520,-1265790.770,179.540
-578686.150,-1265790.930,179.550
-578685.780,-1265791.090,179.550
-578685.430,-1265791.250,179.560
-578684.730,-1265791.550,179.570
-578684.390,-1265791.700,179.570
-578684.020,-1265791.870,179.570
-578692.170,-1265788.780,179.580
-578691.790,-1265788.940,179.580
-578691.410,-1265789.110,179.580
-578691.040,-1265789.270,179.580
-578690.690,-1265789.430,179.580
-578690.340,-1265789.580,179.580
-578689.990,-1265789.730,179.570
-578689.640,-1265789.890,179.570
-578689.260,-1265790.060,179.560
-578688.910,-1265790.210,179.560
-578688.530,-1265790.380,179.560
-578688.190,-1265790.530,179.550
-578687.850,-1265790.680,179.550
-578687.460,-1265790.850,179.540
-578687.070,-1265791.020,179.540
-578686.730,-1265791.170,179.540
-578686.350,-1265791.340,179.540
-578685.980,-1265791.500,179.540
-578685.610,-1265791.660,179.550
-578685.250,-1265791.820,179.560
-578684.910,-1265791.970,179.560
-578684.570,-1265792.120,179.565
-578684.210,-1265792.280,179.570
-578683.840,-1265792.440,179.570
-578683.480,-1265792.600,179.570
-578693.370,-1265788.580,179.590
-578693.030,-1265788.730,179.585
-578692.630,-1265788.900,179.580
-578692.270,-1265789.060,179.580
-578691.920,-1265789.210,179.580
-578691.550,-1265789.380,179.580
-578691.180,-1265789.540,179.580
-578690.800,-1265789.710,179.580
-578690.450,-1265789.860,179.580
-578690.100,-1265790.010,179.570
-578689.760,-1265790.160,179.570
-578689.410,-1265790.320,179.560
-578689.030,-1265790.490,179.560
-578688.680,-1265790.640,179.560
-578688.310,-1265790.800,179.550
-578687.940,-1265790.960,179.550
-578687.600,-1265791.120,179.540
-578687.220,-1265791.280,179.540
-578686.840,-1265791.450,179.530
-578686.480,-1265791.600,179.540
-578686.120,-1265791.760,179.540
-578685.750,-1265791.930,179.550
-578685.360,-1265792.100,179.560
-578685.030,-1265792.250,179.560
-578684.670,-1265792.400,179.560
-578684.320,-1265792.560,179.570
-578683.980,-1265792.710,179.570
-578693.170,-1265789.130,179.590
-578692.830,-1265789.280,179.580
-578692.460,-1265789.450,179.580
-578692.070,-1265789.620,179.580
-578691.730,-1265789.770,179.580
-578691.350,-1265789.930,179.580
-578690.990,-1265790.090,179.570
-578690.610,-1265790.260,179.570
-578690.260,-1265790.420,179.570
-578689.900,-1265790.570,179.560
-578689.560,-1265790.730,179.560
-578689.210,-1265790.880,179.560
-578688.830,-1265791.040,179.560
-578688.480,-1265791.200,179.550
-578688.100,-1265791.370,179.550
-578687.760,-1265791.520,179.540
-578687.390,-1265791.680,179.540
-578687.030,-1265791.840,179.530
-578686.650,-1265792.000,179.530
-578686.290,-1265792.160,179.540
-578685.920,-1265792.330,179.540
-578685.550,-1265792.490,179.550
-578685.180,-1265792.650,179.550
-578684.810,-1265792.810,179.560
-578684.480,-1265792.960,179.560
-578684.130,-1265793.120,179.560
-578683.770,-1265793.270,179.560
-578693.270,-1265789.410,179.580
-578692.920,-1265789.570,179.580
-578692.580,-1265789.720,179.580
-578692.200,-1265789.880,179.580
-578691.820,-1265790.050,179.580
-578691.480,-1265790.200,179.580
-578691.100,-1265790.370,179.570
-578690.730,-1265790.530,179.570
-578690.340,-1265790.700,179.570
-578689.990,-1265790.860,179.560
-578689.650,-1265791.010,179.560
-578689.290,-1265791.160,179.560
-578688.950,-1265791.310,179.550
-578688.570,-1265791.480,179.550
-578688.210,-1265791.640,179.540
-578687.840,-1265791.800,179.540
-578687.480,-1265791.960,179.535
-578687.130,-1265792.110,179.530
-578686.760,-1265792.280,179.540
-578686.390,-1265792.440,179.540
-578686.040,-1265792.600,179.540
-578685.670,-1265792.760,179.540
-578685.290,-1265792.920,179.550
-578684.910,-1265793.090,179.550
-578684.560,-1265793.250,179.560
-578684.210,-1265793.400,179.560
-578683.860,-1265793.560,179.560
-578685.850,-1265793.100,179.540
-578685.480,-1265793.260,179.540
-578685.100,-1265793.430,179.540
-578684.730,-1265793.590,179.540
-578684.380,-1265793.750,179.545
-578684.010,-1265793.910,179.540
-578693.460,-1265789.750,179.580
-578693.090,-1265789.920,179.580
-578692.740,-1265790.070,179.580
-578692.390,-1265790.220,179.580
-578692.010,-1265790.390,179.570
-578691.650,-1265790.550,179.570
-578691.280,-1265790.710,179.570
-578690.920,-1265790.870,179.570
-578690.530,-1265791.040,179.570
-578690.160,-1265791.200,179.560
-578689.810,-1265791.360,179.560
-578689.460,-1265791.510,179.555
-578689.110,-1265791.660,179.550
-578688.770,-1265791.820,179.550
-578688.380,-1265791.990,179.540
-578688.030,-1265792.140,179.540
-578687.650,-1265792.310,179.530
-578687.300,-1265792.460,179.530
-578686.950,-1265792.610,179.535
-578686.580,-1265792.780,179.540
-578686.200,-1265792.950,179.540
-578690.710,-1265791.400,179.560
-578690.340,-1265791.570,179.560
-578689.950,-1265791.740,179.550
-578689.590,-1265791.900,179.550
-578689.250,-1265792.050,179.550
-578688.900,-1265792.200,179.540
-578688.550,-1265792.360,179.540
-578688.170,-1265792.520,179.540
-578687.810,-1265792.680,179.530
-578687.440,-1265792.850,179.530
-578687.100,-1265792.990,179.530
-578686.750,-1265793.150,179.530
-578686.370,-1265793.320,179.530
-578686.000,-1265793.480,179.540
-578685.630,-1265793.640,179.540
-578685.270,-1265793.800,179.540
-578684.890,-1265793.970,179.530
-578684.500,-1265794.140,179.530
-578684.130,-1265794.300,179.525
-578693.250,-1265790.290,179.580
-578692.870,-1265790.450,179.570
-578692.520,-1265790.610,179.570
-578692.170,-1265790.760,179.570
-578691.800,-1265790.920,179.570
-578691.430,-1265791.090,179.570
-578691.070,-1265791.240,179.570
-578693.380,-1265790.620,179.570
-578693.030,-1265790.770,179.570
-578692.660,-1265790.940,179.570
-578692.310,-1265791.090,179.565
-578691.960,-1265791.240,179.565
-578691.580,-1265791.410,179.560
-578691.200,-1265791.580,179.560
-578690.870,-1265791.720,179.560
-578690.480,-1265791.890,179.550
-578690.100,-1265792.060,179.550
-578689.730,-1265792.220,179.550
-578689.380,-1265792.380,179.540
-578689.020,-1265792.530,179.540
-578688.670,-1265792.690,179.530
-578688.330,-1265792.840,179.530
-578687.950,-1265793.010,179.530
-578687.590,-1265793.170,179.530
-578687.230,-1265793.320,179.530
-578686.860,-1265793.490,179.530
-578686.520,-1265793.630,179.530
-578686.150,-1265793.800,179.530
-578685.770,-1265793.970,179.530
-578685.410,-1265794.120,179.530
-578685.040,-1265794.290,179.520
-578684.650,-1265794.460,179.520
-578684.270,-1265794.630,179.520
-578683.930,-1265794.780,179.520
-578693.520,-1265790.930,179.570
-578693.140,-1265791.100,179.570
-578692.800,-1265791.250,179.560
-578692.410,-1265791.420,179.560
-578692.070,-1265791.570,179.560
-578691.720,-1265791.720,179.560
-578691.350,-1265791.890,179.550
-578690.970,-1265792.060,179.550
-578690.610,-1265792.210,179.550
-578690.240,-1265792.380,179.540
-578689.860,-1265792.540,179.540
-578689.490,-1265792.710,179.540
-578689.130,-1265792.860,179.530
-578688.780,-1265793.020,179.530
-578688.440,-1265793.170,179.530
-578688.090,-1265793.330,179.525
-578687.710,-1265793.490,179.520
-578687.360,-1265793.640,179.520
-578686.980,-1265793.810,179.520
-578686.630,-1265793.970,179.520
-578686.290,-1265794.120,179.520
-578685.900,-1265794.290,179.520
-578685.520,-1265794.460,179.520
-578685.170,-1265794.610,179.520
-578684.800,-1265794.780,179.520
-578684.400,-1265794.950,179.510
-578684.030,-1265795.110,179.510
-578693.310,-1265791.440,179.560
-578692.930,-1265791.600,179.560
-578692.580,-1265791.760,179.560
-578692.210,-1265791.920,179.550
-578691.870,-1265792.070,179.550
-578691.510,-1265792.230,179.550
-578691.130,-1265792.390,179.540
-578690.760,-1265792.560,179.540
-578690.410,-1265792.710,179.540
-578690.030,-1265792.880,179.530
-578689.650,-1265793.050,179.530
-578689.270,-1265793.210,179.530
-578688.930,-1265793.360,179.530
-578688.570,-1265793.520,179.520
-578688.230,-1265793.670,179.520
-578687.870,-1265793.830,179.520
-578687.490,-1265794.000,179.510
-578687.140,-1265794.150,179.510
-578686.780,-1265794.310,179.510
-578686.420,-1265794.470,179.520
-578686.060,-1265794.630,179.515
-578685.700,-1265794.790,179.520
-578685.310,-1265794.960,179.510
-578684.950,-1265795.110,179.510
-578684.580,-1265795.280,179.510
-578684.200,-1265795.450,179.510
-578693.460,-1265791.850,179.560
-578693.120,-1265792.000,179.560
-578692.730,-1265792.170,179.550
-578692.390,-1265792.320,179.550
-578692.010,-1265792.480,179.540
-578691.670,-1265792.640,179.540
-578691.310,-1265792.790,179.540
-578690.930,-1265792.960,179.540
-578690.560,-1265793.130,179.530
-578690.210,-1265793.280,179.530
-578689.830,-1265793.440,179.520
-578689.450,-1265793.610,179.520
-578689.080,-1265793.780,179.520
-578688.720,-1265793.940,179.510
-578688.370,-1265794.090,179.510
-578688.030,-1265794.240,179.510
-578687.670,-1265794.400,179.510
-578687.290,-1265794.570,179.510
-578686.950,-1265794.710,179.510
-578686.580,-1265794.880,179.510
-578686.210,-1265795.040,179.510
-578685.870,-1265795.190,179.510
-578685.480,-1265795.360,179.510
-578685.110,-1265795.530,179.510
-578684.760,-1265795.680,179.510
-578684.390,-1265795.840,179.510
-578693.590,-1265792.140,179.560
-578693.250,-1265792.290,179.550
-578692.890,-1265792.450,179.550
-578692.510,-1265792.620,179.550
-578692.170,-1265792.770,179.540
-578691.790,-1265792.930,179.540
-578691.440,-1265793.090,179.530
-578691.090,-1265793.240,179.530
-578690.710,-1265793.410,179.520
-578690.330,-1265793.580,179.520
-578689.980,-1265793.730,179.520
-578689.610,-1265793.890,179.520
-578689.230,-1265794.060,179.510
-578688.850,-1265794.230,179.510
-578688.500,-1265794.380,179.510
-578688.150,-1265794.540,179.500
-578687.800,-1265794.690,179.500
-578687.450,-1265794.840,179.500
-578687.070,-1265795.010,179.505
-578686.720,-1265795.170,179.510
-578686.340,-1265795.330,179.510
-578685.990,-1265795.490,179.510
-578685.650,-1265795.640,179.510
-578685.260,-1265795.810,179.510
-578684.880,-1265795.980,179.510
-578684.530,-1265796.130,179.510
-578684.160,-1265796.300,179.510
-578686.100,-1265795.850,179.510
-578685.750,-1265796.010,179.510
-578685.410,-1265796.160,179.510
-578685.020,-1265796.330,179.510
-578684.650,-1265796.490,179.510
-578684.300,-1265796.650,179.520
-578693.350,-1265792.660,179.550
-578693.000,-1265792.810,179.540
-578692.650,-1265792.970,179.540
-578692.280,-1265793.130,179.540
-578691.920,-1265793.290,179.530
-578691.540,-1265793.460,179.530
-578691.200,-1265793.610,179.520
-578690.850,-1265793.760,179.520
-578690.460,-1265793.930,179.520
-578690.100,-1265794.090,179.510
-578689.740,-1265794.250,179.510
-578689.360,-1265794.420,179.510
-578688.990,-1265794.580,179.500
-578688.610,-1265794.750,179.500
-578688.260,-1265794.900,179.500
-578687.910,-1265795.060,179.500
-578687.560,-1265795.210,179.500
-578687.210,-1265795.370,179.500
-578686.840,-1265795.530,179.510
-578686.480,-1265795.680,179.510
-578692.790,-1265793.230,179.540
-578692.440,-1265793.380,179.530
-578692.050,-1265793.550,179.530
-578691.710,-1265793.700,179.520
-578691.330,-1265793.870,179.520
-578690.970,-1265794.030,179.520
-578690.640,-1265794.180,179.520
-578690.260,-1265794.340,179.510
-578689.870,-1265794.510,179.510
-578689.520,-1265794.670,179.500
-578689.150,-1265794.830,179.500
-578688.760,-1265795.000,179.500
-578688.400,-1265795.160,179.500
-578688.040,-1265795.320,179.500
-578687.680,-1265795.480,179.500
-578687.360,-1265795.620,179.500
-578687.000,-1265795.780,179.500
-578686.610,-1265795.950,179.510
-578686.270,-1265796.100,179.510
-578685.890,-1265796.270,179.510
-578685.540,-1265796.420,179.510
-578685.190,-1265796.580,179.510
-578693.480,-1265792.920,179.550
-578693.130,-1265793.080,179.540
-578693.660,-1265793.420,179.540
-578693.300,-1265793.570,179.540
-578692.960,-1265793.720,179.530
-578692.610,-1265793.880,179.530
-578692.260,-1265794.040,179.520
-578691.880,-1265794.200,179.520
-578691.530,-1265794.350,179.510
-578691.160,-1265794.520,179.510
-578690.810,-1265794.680,179.510
-578690.450,-1265794.830,179.500
-578690.070,-1265795.000,179.500
-578689.700,-1265795.160,179.495
-578689.350,-1265795.320,179.490
-578688.980,-1265795.480,179.490
-578688.590,-1265795.650,179.490
-578688.220,-1265795.810,179.490
-578687.870,-1265795.970,179.500
-578687.520,-1265796.120,179.500
-578687.170,-1265796.280,179.500
-578686.830,-1265796.430,179.500
-578686.450,-1265796.600,179.510
-578693.420,-1265793.800,179.530
-578693.080,-1265793.950,179.530
-578692.710,-1265794.110,179.530
-578692.370,-1265794.260,179.520
-578692.030,-1265794.410,179.510
-578691.640,-1265794.580,179.510
-578691.290,-1265794.730,179.510
-578690.920,-1265794.900,179.500
-578690.570,-1265795.060,179.500
-578690.210,-1265795.210,179.490
-578689.840,-1265795.380,179.490
-578689.450,-1265795.550,179.490
-578689.100,-1265795.700,179.490
-578688.720,-1265795.870,179.490
-578688.350,-1265796.030,179.490
-578687.970,-1265796.200,179.500
-578687.630,-1265796.350,179.500
-578687.270,-1265796.510,179.500
-578693.570,-1265794.130,179.530
-578693.200,-1265794.300,179.525
-578692.840,-1265794.460,179.520
-578692.490,-1265794.610,179.520
-578692.150,-1265794.760,179.510
-578691.790,-1265794.920,179.510
-578691.410,-1265795.080,179.500
-578691.070,-1265795.230,179.500
-578690.690,-1265795.410,179.490
-578690.330,-1265795.560,179.490
-578689.990,-1265795.710,179.490
-578689.610,-1265795.880,179.490
-578689.230,-1265796.050,179.490
-578688.890,-1265796.200,179.490
-578688.510,-1265796.370,179.490
-578693.720,-1265794.400,179.530
-578693.350,-1265794.560,179.520
-578692.960,-1265794.730,179.520
-578692.620,-1265794.880,179.510
-578692.270,-1265795.040,179.510
-578691.910,-1265795.200,179.500
-578691.570,-1265795.340,179.500
-578691.190,-1265795.510,179.490
-578690.830,-1265795.670,179.490
-578690.460,-1265795.840,179.490
-578690.110,-1265795.990,179.490
-578689.760,-1265796.150,179.490
-578689.390,-1265796.310,179.490
-578693.510,-1265795.010,179.510
-578693.130,-1265795.180,179.510
-578692.760,-1265795.340,179.500
-578692.400,-1265795.500,179.500
-578692.050,-1265795.650,179.500
-578691.700,-1265795.800,179.490
-578691.350,-1265795.960,179.490
-578690.980,-1265796.120,179.490
-578690.630,-1265796.280,179.490
-578693.680,-1265795.370,179.510
-578693.310,-1265795.530,179.500
-578692.930,-1265795.700,179.500
-578692.540,-1265795.870,179.500
-578692.210,-1265796.020,179.490
-578691.850,-1265796.180,179.490
-578691.500,-1265796.330,179.490
-578693.710,-1265795.530,179.510
-578693.360,-1265795.690,179.500
-578692.990,-1265795.850,179.500
-578692.600,-1265796.020,179.500
-578692.230,-1265796.190,179.490
-578693.560,-1265796.180,179.500
-578693.040,-1265788.380,179.590
-578692.690,-1265788.540,179.580
-578693.660,-1265788.430,179.590
-578693.300,-1265788.600,179.585
-578692.950,-1265788.760,179.580
-578692.590,-1265788.930,179.580
-578695.030,-1265788.210,179.600
-578694.660,-1265788.380,179.590
-578694.310,-1265788.540,179.590
-578693.940,-1265788.710,179.590
-578693.580,-1265788.880,179.590
-578693.190,-1265789.060,179.590
-578692.840,-1265789.220,179.580
-578692.510,-1265789.380,179.580
-578696.350,-1265787.900,179.610
-578695.970,-1265788.090,179.600
-578695.630,-1265788.240,179.600
-578695.270,-1265788.410,179.600
-578694.900,-1265788.580,179.590
-578694.530,-1265788.750,179.590
-578694.180,-1265788.920,179.590
-578693.800,-1265789.090,179.590
-578693.430,-1265789.260,179.590
-578693.060,-1265789.430,179.585
-578692.710,-1265789.600,179.580
-578696.920,-1265787.960,179.610
-578696.550,-1265788.140,179.610
-578696.200,-1265788.300,179.600
-578695.830,-1265788.470,179.600
-578695.480,-1265788.630,179.600
-578695.140,-1265788.790,179.590
-578694.760,-1265788.970,179.590
-578694.380,-1265789.140,179.590
-578694.040,-1265789.300,179.590
-578693.670,-1265789.470,179.580
-578693.290,-1265789.650,179.580
-578692.920,-1265789.820,179.580
-578692.580,-1265789.980,179.580
-578697.540,-1265788.080,179.620
-578697.190,-1265788.250,179.610
-578696.840,-1265788.410,179.610
-578696.480,-1265788.580,179.610
-578696.130,-1265788.740,179.600
-578695.750,-1265788.920,179.600
-578695.410,-1265789.070,179.590
-578695.060,-1265789.230,179.590
-578694.680,-1265789.410,179.590
-578694.310,-1265789.580,179.590
-578693.960,-1265789.750,179.585
-578693.590,-1265789.920,179.580
-578693.220,-1265790.090,179.580
-578692.850,-1265790.260,179.580
-578698.480,-1265788.050,179.620
-578698.100,-1265788.230,179.620
-578697.770,-1265788.380,179.620
-578697.410,-1265788.550,179.620
-578697.060,-1265788.710,179.610
-578696.720,-1265788.870,179.610
-578696.350,-1265789.040,179.600
-578696.000,-1265789.200,179.600
-578695.640,-1265789.370,179.590
-578695.280,-1265789.540,179.590
-578694.930,-1265789.700,179.590
-578694.570,-1265789.870,179.590
-578694.190,-1265790.040,179.585
-578693.840,-1265790.210,179.580
-578693.470,-1265790.380,179.580
-578693.090,-1265790.550,179.570
-578692.720,-1265790.730,179.570
-578698.800,-1265788.340,179.630
-578698.420,-1265788.520,179.620
-578698.040,-1265788.700,179.620
-578697.710,-1265788.850,179.620
-578697.340,-1265789.020,179.610
-578697.000,-1265789.180,179.610
-578696.660,-1265789.340,179.600
-578696.280,-1265789.510,179.600
-578695.930,-1265789.680,179.600
-578695.570,-1265789.840,179.590
-578695.210,-1265790.010,179.590
-578694.870,-1265790.170,179.590
-578694.500,-1265790.340,179.580
-578694.130,-1265790.510,179.580
-578693.780,-1265790.670,179.580
-578693.410,-1265790.850,179.570
-578693.040,-1265791.020,179.570
-578692.660,-1265791.190,179.565
-578698.990,-1265788.470,179.630
-578698.610,-1265788.650,179.620
-578698.230,-1265788.830,179.620
-578697.870,-1265788.990,179.620
-578697.510,-1265789.160,179.610
-578697.170,-1265789.320,179.610
-578696.820,-1265789.480,179.600
-578696.480,-1265789.640,179.600
-578696.100,-1265789.810,179.590
-578695.760,-1265789.970,179.590
-578695.380,-1265790.150,179.590
-578695.030,-1265790.310,179.590
-578694.690,-1265790.470,179.580
-578694.320,-1265790.640,179.580
-578693.940,-1265790.820,179.570
-578693.600,-1265790.970,179.570
-578693.240,-1265791.140,179.570
-578692.860,-1265791.320,179.560
-578698.550,-1265789.180,179.620
-578698.170,-1265789.360,179.620
-578697.800,-1265789.530,179.620
-578697.460,-1265789.690,179.610
-578697.110,-1265789.850,179.600
-578696.770,-1265790.010,179.600
-578696.420,-1265790.170,179.600
-578696.040,-1265790.350,179.590
-578695.690,-1265790.510,179.590
-578695.330,-1265790.670,179.590
-578694.980,-1265790.840,179.580
-578694.630,-1265791.000,179.580
-578694.270,-1265791.170,179.570
-578693.890,-1265791.340,179.570
-578693.540,-1265791.510,179.560
-578693.180,-1265791.670,179.560
-578692.800,-1265791.850,179.560
-578698.760,-1265789.300,179.620
-578698.380,-1265789.470,179.620
-578698.020,-1265789.640,179.620
-578697.640,-1265789.810,179.610
-578697.290,-1265789.980,179.600
-578696.950,-1265790.130,179.600
-578696.600,-1265790.300,179.600
-578696.250,-1265790.460,179.590
-578695.880,-1265790.630,179.590
-578695.550,-1265790.780,179.580
-578695.170,-1265790.960,179.580
-578694.820,-1265791.120,179.580
-578694.480,-1265791.280,179.570
-578694.110,-1265791.450,179.570
-578693.730,-1265791.630,179.560
-578693.390,-1265791.780,179.560
-578693.020,-1265791.960,179.560
-578699.080,-1265789.720,179.620
-578698.740,-1265789.880,179.620
-578698.360,-1265790.060,179.610
-578697.980,-1265790.230,179.610
-578697.620,-1265790.400,179.600
-578697.260,-1265790.570,179.600
-578696.920,-1265790.720,179.600
-578696.580,-1265790.880,179.590
-578696.230,-1265791.040,179.590
-578695.860,-1265791.210,179.580
-578695.520,-1265791.370,179.580
-578695.140,-1265791.550,179.570
-578694.790,-1265791.710,179.570
-578694.450,-1265791.870,179.560
-578694.080,-1265792.040,179.560
-578693.700,-1265792.220,179.550
-578693.360,-1265792.370,179.550
-578693.000,-1265792.540,179.550
-578699.270,-1265789.800,179.630
-578698.910,-1265789.970,179.620
-578698.540,-1265790.140,179.610
-578698.170,-1265790.320,179.610
-578697.810,-1265790.490,179.600
-578697.430,-1265790.660,179.600
-578697.080,-1265790.820,179.600
-578696.750,-1265790.980,179.590
-578696.390,-1265791.140,179.590
-578696.040,-1265791.300,179.580
-578695.680,-1265791.470,179.580
-578695.320,-1265791.640,179.570
-578694.950,-1265791.810,179.570
-578694.610,-1265791.970,179.560
-578694.270,-1265792.130,179.560
-578693.900,-1265792.300,179.560
-578693.530,-1265792.470,179.550
-578693.170,-1265792.640,179.550
-578698.890,-1265790.580,179.610
-578698.550,-1265790.740,179.610
-578698.170,-1265790.910,179.600
-578697.790,-1265791.090,179.600
-578697.430,-1265791.260,179.590
-578697.070,-1265791.430,179.590
-578696.730,-1265791.580,179.580
-578696.400,-1265791.740,179.580
-578696.040,-1265791.900,179.570
-578695.670,-1265792.070,179.570
-578695.330,-1265792.230,179.570
-578694.950,-1265792.410,179.560
-578694.610,-1265792.570,179.550
-578694.270,-1265792.720,179.550
-578693.890,-1265792.900,179.550
-578693.520,-1265793.070,179.550
-578693.180,-1265793.230,179.540
-578699.110,-1265790.700,179.610
-578698.730,-1265790.880,179.610
-578698.390,-1265791.030,179.600
-578698.010,-1265791.210,179.600
-578697.640,-1265791.390,179.590
-578697.270,-1265791.560,179.580
-578696.930,-1265791.720,179.580
-578696.580,-1265791.870,179.580
-578696.240,-1265792.030,179.570
-578695.880,-1265792.200,179.570
-578695.510,-1265792.370,179.560
-578695.170,-1265792.530,179.560
-578694.790,-1265792.700,179.550
-578694.450,-1265792.860,179.550
-578694.110,-1265793.020,179.550
-578693.740,-1265793.190,179.540
-578693.370,-1265793.370,179.540
-578693.020,-1265793.530,179.540
-578699.400,-1265791.020,179.610
-578699.030,-1265791.200,179.590
-578698.660,-1265791.370,179.590
-578698.300,-1265791.530,179.590
-578697.930,-1265791.700,179.590
-578697.560,-1265791.870,179.580
-578697.170,-1265792.050,179.580
-578696.830,-1265792.210,179.570
-578696.500,-1265792.370,179.570
-578696.150,-1265792.530,179.560
-578695.800,-1265792.690,179.560
-578695.440,-1265792.860,179.550
-578695.090,-1265793.020,179.550
-578694.720,-1265793.190,179.540
-578694.380,-1265793.350,179.540
-578694.020,-1265793.510,179.540
-578693.650,-1265793.690,179.540
-578693.280,-1265793.860,179.530
-578692.940,-1265794.020,179.530
-578699.290,-1265791.290,179.590
-578698.910,-1265791.470,179.590
-578698.540,-1265791.640,179.590
-578698.190,-1265791.800,179.590
-578697.820,-1265791.980,179.580
-578697.440,-1265792.150,179.580
-578697.070,-1265792.320,179.570
-578696.740,-1265792.480,179.570
-578696.380,-1265792.640,179.560
-578696.040,-1265792.800,179.550
-578695.700,-1265792.960,179.550
-578695.320,-1265793.130,179.550
-578694.990,-1265793.290,179.540
-578694.630,-1265793.460,179.540
-578694.260,-1265793.630,179.540
-578693.910,-1265793.790,179.530
-578693.550,-1265793.950,179.530
-578693.170,-1265794.130,179.530
-578699.600,-1265791.620,179.600
-578699.260,-1265791.780,179.590
-578698.880,-1265791.960,179.580
-578698.500,-1265792.130,179.580
-578698.160,-1265792.290,179.580
-578697.790,-1265792.460,179.570
-578697.410,-1265792.630,179.570
-578697.040,-1265792.810,179.560
-578696.700,-1265792.970,179.550
-578696.360,-1265793.130,179.550
-578696.000,-1265793.290,179.540
-578695.670,-1265793.440,179.540
-578695.290,-1265793.620,179.540
-578694.950,-1265793.770,179.530
-578694.580,-1265793.950,179.530
-578694.230,-1265794.110,179.530
-578693.890,-1265794.270,179.530
-578693.510,-1265794.440,179.520
-578693.160,-1265794.600,179.520
-578699.510,-1265791.980,179.590
-578699.160,-1265792.150,179.580
-578698.780,-1265792.320,179.580
-578698.420,-1265792.490,179.570
-578698.070,-1265792.650,179.570
-578696.950,-1265793.170,179.550
-578696.600,-1265793.330,179.550
-578696.260,-1265793.490,179.540
-578695.910,-1265793.650,179.540
-578695.570,-1265793.810,179.530
-578695.200,-1265793.980,179.530
-578694.850,-1265794.140,179.530
-578694.480,-1265794.320,179.530
-578694.130,-1265794.480,179.525
-578693.790,-1265794.630,179.520
-578693.420,-1265794.810,179.520
-578693.050,-1265794.980,179.510
-578699.440,-1265792.400,179.580
-578698.730,-1265792.740,179.570
-578698.350,-1265792.910,179.560
-578698.010,-1265793.070,179.560
-578697.630,-1265793.250,179.550
-578697.250,-1265793.420,179.550
-578696.890,-1265793.590,179.540
-578696.550,-1265793.750,179.540
-578696.200,-1265793.910,179.540
-578695.850,-1265794.070,179.530
-578695.510,-1265794.230,179.530
-578695.130,-1265794.400,179.530
-578694.800,-1265794.560,179.530
-578694.430,-1265794.730,179.520
-578694.080,-1265794.890,179.520
-578693.730,-1265795.050,179.510
-578693.370,-1265795.220,179.510
-578699.380,-1265792.750,179.570
-578699.030,-1265792.910,179.560
-578698.650,-1265793.090,179.560
-578698.290,-1265793.260,179.560
-578697.940,-1265793.420,179.550
-578697.560,-1265793.600,179.550
-578697.190,-1265793.770,179.540
-578696.830,-1265793.930,179.540
-578696.470,-1265794.100,179.530
-578696.130,-1265794.260,179.530
-578695.790,-1265794.420,179.530
-578695.440,-1265794.580,179.530
-578695.070,-1265794.750,179.520
-578694.730,-1265794.910,179.520
-578694.350,-1265795.080,179.510
-578694.010,-1265795.240,179.510
-578693.670,-1265795.400,179.510
-578693.290,-1265795.580,179.500
-578699.630,-1265792.940,179.580
-578699.290,-1265793.100,179.560
-578698.940,-1265793.260,179.560
-578698.560,-1265793.440,179.550
-578698.190,-1265793.600,179.550
-578697.850,-1265793.760,179.540
-578697.460,-1265793.950,179.540
-578697.100,-1265794.110,179.535
-578696.730,-1265794.280,179.530
-578696.370,-1265794.450,179.530
-578696.040,-1265794.600,179.530
-578695.690,-1265794.770,179.530
-578695.340,-1265794.930,179.520
-578694.970,-1265795.100,179.520
-578694.630,-1265795.260,179.510
-578694.260,-1265795.430,179.510
-578693.910,-1265795.590,179.510
-578693.570,-1265795.750,179.500
-578693.200,-1265795.920,179.500
-578699.600,-1265793.450,179.560
-578699.250,-1265793.610,179.540
-578698.900,-1265793.770,179.540
-578698.540,-1265793.940,179.540
-578697.800,-1265794.280,179.530
-578697.440,-1265794.450,179.530
-578697.060,-1265794.620,179.530
-578696.680,-1265794.800,179.530
-578696.340,-1265794.960,179.520
-578696.000,-1265795.110,179.520
-578695.650,-1265795.280,179.520
-578695.320,-1265795.430,179.510
-578694.940,-1265795.610,179.510
-578694.590,-1265795.770,179.500
-578694.230,-1265795.930,179.500
-578693.880,-1265796.090,179.500
-578693.530,-1265796.260,179.490
-578699.500,-1265793.740,179.540
-578699.140,-1265793.910,179.540
-578698.790,-1265794.070,179.540
-578698.430,-1265794.240,179.530
-578698.050,-1265794.410,179.530
-578697.710,-1265794.570,179.530
-578697.340,-1265794.740,179.530
-578696.960,-1265794.920,179.525
-578696.580,-1265795.090,179.520
-578696.250,-1265795.250,179.520
-578695.900,-1265795.410,179.520
-578695.550,-1265795.570,179.510
-578695.210,-1265795.730,179.510
-578694.840,-1265795.900,179.500
-578694.490,-1265796.060,179.500
-578694.120,-1265796.230,179.490
-578693.780,-1265796.390,179.490
-578693.430,-1265796.550,179.490
-578699.780,-1265794.050,179.545
-578699.400,-1265794.220,179.530
-578699.050,-1265794.390,179.530
-578698.710,-1265794.540,179.530
-578698.330,-1265794.720,179.520
-578697.960,-1265794.890,179.520
-578697.620,-1265795.050,179.520
-578697.240,-1265795.230,179.520
-578696.870,-1265795.400,179.520
-578696.490,-1265795.570,179.520
-578696.150,-1265795.730,179.510
-578695.810,-1265795.890,179.510
-578695.470,-1265796.050,179.500
-578695.120,-1265796.210,179.500
-578694.760,-1265796.370,179.495
-578694.400,-1265796.540,179.490
-578694.030,-1265796.710,179.490
-578693.690,-1265796.870,179.490
-578693.340,-1265797.030,179.490
-578699.630,-1265794.210,179.530
-578699.260,-1265794.380,179.530
-578698.910,-1265794.540,179.530
-578698.560,-1265794.700,179.530
-578698.200,-1265794.870,179.520
-578697.820,-1265795.050,179.520
-578697.470,-1265795.210,179.520
-578697.100,-1265795.380,179.520
-578696.720,-1265795.560,179.520
-578696.350,-1265795.730,179.510
-578696.010,-1265795.880,179.510
-578695.660,-1265796.050,179.505
-578695.320,-1265796.200,179.500
-578694.980,-1265796.360,179.500
-578694.610,-1265796.530,179.490
-578694.260,-1265796.700,179.490
-578693.900,-1265796.860,179.490
-578693.550,-1265797.020,179.490
-578699.930,-1265794.630,179.540
-578699.590,-1265794.790,179.525
-578699.210,-1265794.970,179.520
-578698.860,-1265795.130,179.510
-578698.530,-1265795.280,179.510
-578698.140,-1265795.460,179.510
-578697.770,-1265795.630,179.510
-578697.430,-1265795.790,179.510
-578697.060,-1265795.970,179.510
-578696.680,-1265796.140,179.510
-578696.310,-1265796.310,179.510
-578695.960,-1265796.470,179.500
-578695.610,-1265796.630,179.500
-578695.280,-1265796.790,179.500
-578694.930,-1265796.950,179.490
-578694.560,-1265797.120,179.490
-578694.220,-1265797.280,179.490
-578693.840,-1265797.460,179.480
-578693.500,-1265797.610,179.480
-578699.810,-1265794.900,179.530
-578699.460,-1265795.070,179.520
-578699.090,-1265795.240,179.510
-578698.750,-1265795.390,179.510
-578698.400,-1265795.550,179.510
-578698.030,-1265795.730,179.510
-578697.650,-1265795.900,179.510
-578697.310,-1265796.060,179.510
-578696.930,-1265796.240,179.510
-578696.560,-1265796.410,179.510
-578696.180,-1265796.580,179.500
-578695.840,-1265796.740,179.500
-578695.500,-1265796.900,179.500
-578695.160,-1265797.060,179.490
-578694.810,-1265797.210,179.490
-578694.440,-1265797.390,179.480
-578694.100,-1265797.550,179.480
-578693.720,-1265797.720,179.480
-578693.390,-1265797.870,179.480
-578699.730,-1265795.310,179.520
-578699.380,-1265795.460,179.510
-578699.010,-1265795.630,179.510
-578698.660,-1265795.800,179.510
-578698.310,-1265795.960,179.500
-578697.950,-1265796.130,179.500
-578697.570,-1265796.300,179.500
-578697.220,-1265796.470,179.500
-578696.850,-1265796.640,179.500
-578696.470,-1265796.810,179.500
-578696.110,-1265796.980,179.500
-578695.760,-1265797.140,179.490
-578695.420,-1265797.300,179.490
-578695.080,-1265797.460,179.490
-578694.740,-1265797.620,179.480
-578694.350,-1265797.800,179.480
-578694.020,-1265797.950,179.480
-578693.650,-1265798.120,179.480
-578699.620,-1265795.630,179.510
-578699.280,-1265795.790,179.500
-578698.910,-1265795.960,179.500
-578698.560,-1265796.120,179.500
-578698.210,-1265796.280,179.500
-578697.840,-1265796.460,179.500
-578697.460,-1265796.630,179.500
-578697.120,-1265796.790,179.500
-578696.750,-1265796.960,179.500
-578696.380,-1265797.130,179.500
-578696.010,-1265797.310,179.490
-578695.670,-1265797.460,179.490
-578695.320,-1265797.630,179.480
-578694.980,-1265797.780,179.480
-578694.630,-1265797.950,179.480
-578694.260,-1265798.110,179.480
-578693.920,-1265798.270,179.480
-578693.550,-1265798.450,179.470
-578699.530,-1265796.080,179.500
-578699.190,-1265796.240,179.500
-578698.800,-1265796.410,179.500
-578698.470,-1265796.570,179.500
-578698.100,-1265796.740,179.500
-578697.740,-1265796.910,179.500
-578697.360,-1265797.080,179.500
-578697.020,-1265797.250,179.490
-578696.640,-1265797.420,179.490
-578696.280,-1265797.590,179.490
-578695.910,-1265797.760,179.480
-578695.560,-1265797.920,179.480
-578695.220,-1265798.080,179.480
-578694.870,-1265798.240,179.470
-578694.530,-1265798.390,179.470
-578694.160,-1265798.570,179.470
-578693.820,-1265798.730,179.470
-578693.450,-1265798.900,179.470
-578699.810,-1265796.300,179.490
-578699.440,-1265796.480,179.490
-578699.100,-1265796.630,179.490
-578698.720,-1265796.810,179.490
-578698.380,-1265796.970,179.490
-578698.030,-1265797.130,179.490
-578697.660,-1265797.300,179.490
-578697.280,-1265797.480,179.490
-578696.940,-1265797.630,179.490
-578696.570,-1265797.810,179.480
-578696.190,-1265797.980,179.480
-578695.820,-1265798.150,179.470
-578695.490,-1265798.310,179.470
-578695.140,-1265798.470,179.470
-578694.800,-1265798.620,179.470
-578694.450,-1265798.790,179.465
-578694.070,-1265798.960,179.460
-578693.730,-1265799.120,179.460
-578700.050,-1265796.490,179.490
-578699.700,-1265796.650,179.480
-578699.330,-1265796.820,179.480
-578698.260,-1265797.320,179.480
-578697.920,-1265797.470,179.480
-578697.550,-1265797.650,179.480
-578697.170,-1265797.820,179.480
-578696.840,-1265797.980,179.480
-578696.460,-1265798.150,179.470
-578696.090,-1265798.330,179.470
-578695.720,-1265798.500,179.460
-578695.370,-1265798.660,179.460
-578695.030,-1265798.810,179.460
-578694.680,-1265798.980,179.460
-578694.340,-1265799.140,179.450
-578693.980,-1265799.300,179.430
-578693.640,-1265799.460,177.580
-578700.290,-1265796.670,179.495
-578699.930,-1265796.840,179.480
-578699.590,-1265796.990,179.480
-578699.230,-1265797.160,179.480
-578698.880,-1265797.320,179.480
-578698.160,-1265797.660,179.470
-578697.800,-1265797.820,179.470
-578697.440,-1265797.990,179.470
-578697.070,-1265798.160,179.470
-578696.720,-1265798.320,179.470
-578696.350,-1265798.500,179.460
-578695.980,-1265798.670,179.460
-578695.610,-1265798.840,179.455
-578695.250,-1265799.010,179.450
-578694.930,-1265799.150,179.440
-578694.560,-1265799.330,179.410
-578700.200,-1265797.110,179.490
-578699.850,-1265797.270,179.480
-578699.510,-1265797.430,179.480
-578699.130,-1265797.600,179.470
-578698.780,-1265797.760,179.470
-578698.420,-1265797.930,179.470
-578698.070,-1265798.090,179.470
-578697.720,-1265798.250,179.470
-578697.350,-1265798.430,179.470
-578696.980,-1265798.600,179.460
-578696.640,-1265798.760,179.460
-578696.270,-1265798.930,179.450
-578700.100,-1265797.440,179.480
-578699.750,-1265797.600,179.475
-578699.400,-1265797.760,179.470
-578698.680,-1265798.090,179.470
-578698.310,-1265798.260,179.470
-578697.960,-1265798.430,179.460
-578697.620,-1265798.580,179.460
-578697.250,-1265798.760,179.460
-578696.900,-1265798.920,179.450
-578699.990,-1265797.820,179.480
-578699.640,-1265797.990,179.470
-578699.300,-1265798.140,179.470
-578698.930,-1265798.310,179.470
-578698.570,-1265798.480,179.460
-578698.200,-1265798.650,179.460
-578697.870,-1265798.800,179.460
-578699.870,-1265798.110,179.470
-578699.530,-1265798.270,179.470
-578699.190,-1265798.430,179.460
-578683.740,-1265789.620,179.600
-578684.660,-1265789.540,179.590
-578684.330,-1265789.690,179.590
-578687.090,-1265788.960,179.570
-578686.750,-1265789.120,179.570
-578686.370,-1265789.290,179.560
-578687.270,-1265789.060,179.570
-578686.900,-1265789.230,179.560
-578686.570,-1265789.390,179.560
-578688.510,-1265788.980,179.570
-578688.170,-1265789.150,179.560
-578687.830,-1265789.300,179.560
-578687.140,-1265789.620,179.560
-578686.770,-1265789.790,179.555
-578686.430,-1265789.950,179.550
-578689.140,-1265789.040,179.570
-578688.770,-1265789.210,179.560
-578688.390,-1265789.390,179.560
-578688.050,-1265789.550,179.560
-578687.710,-1265789.710,179.560
-578687.370,-1265789.860,179.560
-578687.020,-1265790.020,179.550
-578686.650,-1265790.200,179.550
-578686.310,-1265790.350,179.550
-578685.260,-1265790.840,179.560
-578684.850,-1265791.040,179.570
-578684.490,-1265791.200,179.575
-578687.590,-1265790.230,179.550
-578687.240,-1265790.390,179.550
-578686.910,-1265790.550,179.540
-578686.540,-1265790.720,179.540
-578685.470,-1265791.220,179.560
-578684.760,-1265791.550,179.570
-578690.820,-1265788.730,179.580
-578690.480,-1265788.890,179.580
-578690.110,-1265789.060,179.580
-578689.730,-1265789.230,179.570
-578689.380,-1265789.400,179.570
-578689.020,-1265789.560,179.560
-578688.650,-1265789.740,179.560
-578688.280,-1265789.910,179.560
-578687.930,-1265790.070,179.560
-578690.990,-1265788.870,179.580
-578690.650,-1265789.020,179.580
-578690.300,-1265789.180,179.580
-578689.930,-1265789.360,179.570
-578689.570,-1265789.530,179.570
-578689.210,-1265789.690,179.560
-578688.840,-1265789.860,179.560
-578688.480,-1265790.030,179.560
-578688.100,-1265790.210,179.560
-578687.760,-1265790.360,179.550
-578687.420,-1265790.520,179.550
-578687.080,-1265790.680,179.540
-578686.720,-1265790.850,179.540
-578686.360,-1265791.020,179.540
-578685.640,-1265791.350,179.550
-578685.310,-1265791.500,179.560
-578684.950,-1265791.670,179.560
-578684.570,-1265791.850,179.570
-578684.210,-1265792.020,179.570
-578683.870,-1265792.180,179.570
-578684.130,-1265792.520,179.570
-578683.790,-1265792.670,179.570
-578683.420,-1265792.840,179.570
-578692.350,-1265788.700,179.580
-578692.000,-1265788.860,179.580
-578691.630,-1265789.030,179.580
-578691.280,-1265789.190,179.580
-578690.910,-1265789.360,179.580
-578690.560,-1265789.530,179.580
-578690.220,-1265789.690,179.580
-578689.860,-1265789.860,179.570
-578689.480,-1265790.030,179.570
-578689.140,-1265790.190,179.560
-578688.770,-1265790.360,179.560
-578688.390,-1265790.540,179.560
-578688.020,-1265790.710,179.550
-578687.680,-1265790.860,179.550
-578687.340,-1265791.020,179.540
-578686.990,-1265791.180,179.540
-578686.660,-1265791.340,179.540
-578685.560,-1265791.850,179.550
-578684.870,-1265792.170,179.560
-578692.260,-1265789.080,179.580
-578691.910,-1265789.240,179.580
-578691.540,-1265789.410,179.580
-578691.190,-1265789.580,179.580
-578690.820,-1265789.750,179.580
-578690.470,-1265789.910,179.580
-578690.130,-1265790.070,179.570
-578689.760,-1265790.240,179.570
-578689.390,-1265790.410,179.560
-578689.040,-1265790.570,179.560
-578688.680,-1265790.740,179.560
-578688.310,-1265790.920,179.550
-578687.940,-1265791.090,179.550
-578687.600,-1265791.240,179.540
-578687.260,-1265791.400,179.540
-578686.910,-1265791.570,179.530
-578686.560,-1265791.730,179.540
-578685.470,-1265792.230,179.550
-578684.790,-1265792.550,179.560
-578684.050,-1265792.890,179.560
-578683.700,-1265793.060,179.570
-578689.660,-1265790.700,179.560
-578689.290,-1265790.870,179.560
-578688.940,-1265791.030,179.560
-578688.580,-1265791.200,179.550
-578688.200,-1265791.380,179.550
-578687.840,-1265791.540,179.540
-578687.500,-1265791.700,179.540
-578687.150,-1265791.860,179.530
-578686.800,-1265792.030,179.530
-578686.470,-1265792.180,179.540
-578685.740,-1265792.520,179.540
-578685.040,-1265792.850,179.560
-578684.690,-1265793.010,179.560
-578684.320,-1265793.180,179.560
-578683.950,-1265793.350,179.560
-578683.610,-1265793.510,179.560
-578692.150,-1265789.540,179.580
-578691.800,-1265789.710,179.580
-578691.430,-1265789.880,179.580
-578691.080,-1265790.040,179.580
-578690.710,-1265790.210,179.570
-578690.370,-1265790.370,179.570
-578690.020,-1265790.530,179.570
-578692.380,-1265789.750,179.580
-578692.040,-1265789.910,179.580
-578691.680,-1265790.080,179.580
-578691.300,-1265790.250,179.575
-578690.960,-1265790.410,179.570
-578690.600,-1265790.580,179.570
-578690.250,-1265790.740,179.570
-578689.900,-1265790.900,179.560
-578689.540,-1265791.070,179.560
-578689.160,-1265791.240,179.560
-578688.820,-1265791.410,179.550
-578688.460,-1265791.570,179.550
-578688.070,-1265791.750,179.540
-578687.710,-1265791.920,179.540
-578687.380,-1265792.070,179.530
-578687.020,-1265792.240,179.530
-578686.680,-1265792.400,179.540
-578685.620,-1265792.890,179.540
-578684.910,-1265793.220,179.550
-578692.220,-1265790.150,179.580
-578691.890,-1265790.300,179.570
-578691.530,-1265790.470,179.570
-578691.170,-1265790.630,179.570
-578690.830,-1265790.790,179.570
-578690.450,-1265790.970,179.560
-578690.120,-1265791.120,179.560
-578689.770,-1265791.280,179.560
-578689.390,-1265791.460,179.550
-578689.020,-1265791.630,179.550
-578688.690,-1265791.790,179.550
-578688.300,-1265791.960,179.540
-578687.940,-1265792.130,179.540
-578687.580,-1265792.300,179.530
-578687.220,-1265792.470,179.530
-578686.890,-1265792.620,179.530
-578686.550,-1265792.780,179.540
-578685.820,-1265793.120,179.540
-578685.110,-1265793.450,179.540
-578684.770,-1265793.600,179.540
-578692.500,-1265790.420,179.570
-578692.160,-1265790.580,179.570
-578691.810,-1265790.750,179.570
-578691.470,-1265790.900,179.570
-578691.090,-1265791.080,179.570
-578690.750,-1265791.230,179.560
-578690.380,-1265791.410,179.560
-578690.040,-1265791.570,179.560
-578689.700,-1265791.720,179.550
-578689.320,-1265791.900,179.550
-578688.960,-1265792.070,179.540
-578688.610,-1265792.230,179.540
-578688.240,-1265792.400,179.540
-578687.870,-1265792.570,179.530
-578687.500,-1265792.740,179.530
-578687.170,-1265792.900,179.530
-578686.820,-1265793.060,179.530
-578685.760,-1265793.550,179.540
-578685.050,-1265793.890,179.530
-578690.620,-1265791.700,179.560
-578690.260,-1265791.870,179.550
-578689.910,-1265792.030,179.550
-578689.560,-1265792.190,179.550
-578689.210,-1265792.350,179.540
-578688.830,-1265792.530,179.540
-578688.490,-1265792.690,179.540
-578688.120,-1265792.860,179.530
-578687.740,-1265793.030,179.530
-578687.370,-1265793.210,179.530
-578687.040,-1265793.360,179.530
-578686.680,-1265793.530,179.530
-578685.650,-1265794.000,179.530
-578685.280,-1265794.180,179.530
-578684.930,-1265794.340,179.525
-578684.570,-1265794.510,179.520
-578684.250,-1265794.660,179.520
-578683.880,-1265794.830,179.520
-578692.380,-1265790.880,179.570
-578691.680,-1265791.200,179.570
-578691.350,-1265791.360,179.565
-578690.970,-1265791.540,179.560
-578692.320,-1265791.350,179.560
-578691.970,-1265791.520,179.560
-578691.630,-1265791.670,179.560
-578691.280,-1265791.830,179.560
-578690.920,-1265792.000,179.550
-578690.570,-1265792.160,179.550
-578690.200,-1265792.330,179.540
-578689.860,-1265792.490,179.540
-578689.510,-1265792.660,179.540
-578689.130,-1265792.830,179.530
-578688.770,-1265793.000,179.530
-578688.430,-1265793.160,179.530
-578688.060,-1265793.330,179.525
-578687.700,-1265793.500,179.520
-578687.330,-1265793.670,179.520
-578686.980,-1265793.830,179.520
-578686.640,-1265793.990,179.520
-578685.950,-1265794.310,179.520
-578685.230,-1265794.640,179.520
-578684.540,-1265794.960,179.510
-578684.190,-1265795.120,179.510
-578683.820,-1265795.300,179.510
-578692.490,-1265791.490,179.560
-578692.150,-1265791.650,179.560
-578691.800,-1265791.810,179.560
-578691.450,-1265791.970,179.550
-578691.120,-1265792.130,179.550
-578690.740,-1265792.300,179.550
-578690.400,-1265792.460,179.540
-578690.030,-1265792.630,179.540
-578689.680,-1265792.800,179.540
-578689.340,-1265792.950,179.530
-578688.970,-1265793.120,179.530
-578688.600,-1265793.290,179.530
-578688.260,-1265793.450,179.520
-578687.890,-1265793.620,179.520
-578687.520,-1265793.800,179.520
-578687.150,-1265793.970,179.510
-578686.800,-1265794.130,179.520
-578685.790,-1265794.600,179.520
-578685.060,-1265794.940,179.510
-578684.700,-1265795.110,179.510
-578684.360,-1265795.260,179.510
-578684.020,-1265795.420,179.510
-578692.430,-1265792.020,179.550
-578692.090,-1265792.180,179.550
-578691.750,-1265792.340,179.550
-578691.390,-1265792.500,179.540
-578691.050,-1265792.660,179.540
-578690.680,-1265792.830,179.540
-578690.340,-1265792.990,179.530
-578689.960,-1265793.160,179.530
-578689.630,-1265793.320,179.530
-578689.280,-1265793.480,179.520
-578688.920,-1265793.650,179.520
-578688.550,-1265793.820,179.520
-578688.200,-1265793.980,179.510
-578687.830,-1265794.150,179.510
-578687.470,-1265794.320,179.510
-578687.090,-1265794.500,179.510
-578686.750,-1265794.660,179.510
-578686.060,-1265794.980,179.510
-578685.330,-1265795.320,179.510
-578685.020,-1265795.460,179.510
-578684.640,-1265795.630,179.510
-578684.310,-1265795.790,179.510
-578683.970,-1265795.950,179.505
-578692.650,-1265792.130,179.550
-578692.280,-1265792.300,179.550
-578691.930,-1265792.460,179.540
-578691.580,-1265792.620,179.540
-578691.240,-1265792.780,179.540
-578690.900,-1265792.940,179.540
-578690.520,-1265793.110,179.530
-578690.200,-1265793.270,179.530
-578689.820,-1265793.440,179.520
-578689.470,-1265793.600,179.520
-578689.130,-1265793.760,179.520
-578688.770,-1265793.930,179.510
-578688.390,-1265794.100,179.510
-578688.060,-1265794.260,179.510
-578687.680,-1265794.430,179.510
-578687.300,-1265794.610,179.510
-578686.940,-1265794.770,179.510
-578685.920,-1265795.250,179.510
-578685.190,-1265795.590,179.510
-578692.620,-1265792.720,179.540
-578692.250,-1265792.890,179.540
-578691.900,-1265793.050,179.530
-578691.570,-1265793.200,179.530
-578691.220,-1265793.370,179.520
-578690.880,-1265793.530,179.520
-578690.510,-1265793.700,179.520
-578690.160,-1265793.860,179.520
-578689.790,-1265794.030,179.520
-578689.460,-1265794.190,179.510
-578689.110,-1265794.350,179.510
-578688.740,-1265794.520,179.500
-578688.370,-1265794.690,179.500
-578688.030,-1265794.850,179.500
-578687.660,-1265795.020,179.500
-578687.280,-1265795.200,179.500
-578689.270,-1265794.450,179.500
-578688.930,-1265794.610,179.500
-578688.560,-1265794.780,179.500
-578688.180,-1265794.950,179.500
-578687.850,-1265795.110,179.500
-578687.470,-1265795.280,179.500
-578692.810,-1265792.800,179.540
-578692.440,-1265792.980,179.540
-578692.070,-1265793.150,179.530
-578691.730,-1265793.310,179.530
-578691.380,-1265793.460,179.530
-578691.040,-1265793.630,179.520
-578690.690,-1265793.790,179.520
-578690.320,-1265793.960,179.520
-578689.980,-1265794.120,179.510
-578689.620,-1265794.280,179.510
-578692.800,-1265793.400,179.540
-578692.430,-1265793.570,179.530
-578692.070,-1265793.740,179.530
-578691.720,-1265793.900,179.520
-578691.370,-1265794.060,179.520
-578691.040,-1265794.220,179.520
-578690.680,-1265794.390,179.510
-578690.320,-1265794.550,179.510
-578689.990,-1265794.710,179.500
-578689.600,-1265794.890,179.500
-578689.270,-1265795.040,179.500
-578688.940,-1265795.190,179.500
-578688.560,-1265795.370,179.490
-578688.180,-1265795.540,179.500
-578687.840,-1265795.700,179.500
-578687.480,-1265795.870,179.500
-578687.090,-1265796.050,179.500
-578686.730,-1265796.220,179.510
-578686.390,-1265796.370,179.510
-578692.650,-1265793.700,179.530
-578692.290,-1265793.870,179.530
-578691.910,-1265794.040,179.520
-578691.570,-1265794.200,179.520
-578691.230,-1265794.360,179.510
-578690.880,-1265794.520,179.510
-578690.540,-1265794.680,179.510
-578690.180,-1265794.840,179.500
-578689.830,-1265795.010,179.500
-578689.460,-1265795.180,179.490
-578689.120,-1265795.340,179.490
-578688.780,-1265795.490,179.490
-578688.410,-1265795.670,179.490
-578688.040,-1265795.840,179.500
-578687.690,-1265796.000,179.500
-578687.310,-1265796.180,179.500
-578686.950,-1265796.350,179.500
-578686.570,-1265796.520,179.510
-578686.240,-1265796.670,179.510
-578685.900,-1265796.830,179.510
-578685.550,-1265796.990,179.510
-578685.210,-1265797.150,179.510
-578684.840,-1265797.320,179.510
-578684.500,-1265797.480,179.510
-578692.570,-1265794.190,179.520
-578692.200,-1265794.360,179.520
-578691.820,-1265794.530,179.510
-578691.490,-1265794.690,179.510
-578691.150,-1265794.850,179.500
-578690.800,-1265795.010,179.500
-578690.460,-1265795.170,179.495
-578690.080,-1265795.340,179.490
-578689.750,-1265795.490,179.490
-578689.370,-1265795.670,179.490
-578689.030,-1265795.830,179.490
-578688.690,-1265795.990,179.490
-578688.310,-1265796.160,179.490
-578687.950,-1265796.330,179.500
-578687.610,-1265796.490,179.500
-578687.230,-1265796.660,179.500
-578686.860,-1265796.830,179.500
-578686.490,-1265797.010,179.500
-578686.150,-1265797.160,179.500
-578685.800,-1265797.330,179.500
-578685.470,-1265797.480,179.510
-578685.130,-1265797.640,179.510
-578684.760,-1265797.810,179.500
-578684.410,-1265797.970,179.510
-578692.830,-1265794.290,179.520
-578692.470,-1265794.460,179.520
-578692.090,-1265794.640,179.510
-578691.720,-1265794.810,179.510
-578691.380,-1265794.970,179.500
-578691.040,-1265795.120,179.500
-578690.700,-1265795.280,179.490
-578690.350,-1265795.440,179.490
-578689.990,-1265795.610,179.490
-578689.640,-1265795.770,179.490
-578689.270,-1265795.940,179.490
-578688.930,-1265796.100,179.490
-578688.590,-1265796.260,179.490
-578688.210,-1265796.440,179.490
-578687.840,-1265796.610,179.500
-578687.500,-1265796.770,179.500
-578687.130,-1265796.940,179.500
-578686.760,-1265797.110,179.500
-578686.390,-1265797.280,179.500
-578686.050,-1265797.440,179.500
-578685.710,-1265797.600,179.500
-578685.360,-1265797.760,179.500
-578685.030,-1265797.910,179.500
-578684.650,-1265798.090,179.500
-578684.320,-1265798.240,179.500
-578683.850,-1265798.470,179.500
-578692.800,-1265794.770,179.510
-578692.430,-1265794.950,179.510
-578692.060,-1265795.110,179.500
-578691.690,-1265795.280,179.500
-578691.350,-1265795.440,179.490
-578691.020,-1265795.600,179.490
-578690.660,-1265795.760,179.490
-578690.310,-1265795.920,179.490
-578689.970,-1265796.080,179.490
-578689.600,-1265796.250,179.490
-578689.240,-1265796.420,179.490
-578688.900,-1265796.580,179.490
-578688.550,-1265796.740,179.490
-578688.170,-1265796.920,179.490
-578687.820,-1265797.080,179.490
-578687.460,-1265797.250,179.490
-578687.100,-1265797.420,179.490
-578686.730,-1265797.580,179.500
-578686.360,-1265797.760,179.500
-578686.010,-1265797.920,179.500
-578685.680,-1265798.070,179.500
-578685.330,-1265798.230,179.500
-578684.990,-1265798.390,179.500
-578684.620,-1265798.560,179.500
-578684.290,-1265798.720,179.500
-578692.710,-1265795.140,179.510
-578692.340,-1265795.310,179.500
-578691.970,-1265795.480,179.500
-578691.600,-1265795.650,179.490
-578691.260,-1265795.810,179.490
-578690.930,-1265795.960,179.490
-578690.570,-1265796.130,179.490
-578690.230,-1265796.290,179.490
-578689.850,-1265796.470,179.490
-578689.510,-1265796.620,179.490
-578689.140,-1265796.790,179.490
-578688.800,-1265796.950,179.490
-578688.450,-1265797.110,179.490
-578688.090,-1265797.280,179.490
-578687.720,-1265797.450,179.490
-578687.370,-1265797.610,179.490
-578687.000,-1265797.790,179.490
-578686.630,-1265797.960,179.490
-578686.270,-1265798.130,179.500
-578685.920,-1265798.290,179.500
-578685.580,-1265798.440,179.500
-578685.230,-1265798.610,179.500
-578684.910,-1265798.760,179.500
-578684.540,-1265798.930,179.500
-578684.190,-1265799.090,179.500
-578692.990,-1265795.400,179.500
-578692.660,-1265795.550,179.500
-578692.290,-1265795.720,179.500
-578691.910,-1265795.900,179.490
-578691.540,-1265796.070,179.490
-578691.200,-1265796.230,179.490
-578690.860,-1265796.380,179.490
-578690.520,-1265796.540,179.490
-578690.170,-1265796.700,179.490
-578689.790,-1265796.880,179.490
-578689.450,-1265797.040,179.490
-578689.090,-1265797.200,179.490
-578688.740,-1265797.360,179.490
-578688.390,-1265797.530,179.490
-578688.030,-1265797.700,179.490
-578687.670,-1265797.860,179.490
-578687.320,-1265798.020,179.490
-578686.950,-1265798.190,179.490
-578686.580,-1265798.370,179.490
-578686.210,-1265798.540,179.500
-578685.860,-1265798.700,179.500
-578685.530,-1265798.860,179.500
-578685.180,-1265799.020,179.500
-578684.840,-1265799.170,179.500
-578684.480,-1265799.340,179.500
-578684.050,-1265799.550,179.490
-578692.920,-1265795.750,179.500
-578692.590,-1265795.900,179.500
-578692.210,-1265796.070,179.490
-578691.840,-1265796.250,179.490
-578691.470,-1265796.420,179.490
-578691.120,-1265796.590,179.490
-578690.780,-1265796.740,179.490
-578690.440,-1265796.900,179.490
-578690.090,-1265797.060,179.490
-578689.720,-1265797.230,179.490
-578689.380,-1265797.390,179.490
-578689.010,-1265797.560,179.490
-578688.670,-1265797.720,179.490
-578688.330,-1265797.880,179.490
-578687.950,-1265798.050,179.490
-578687.590,-1265798.220,179.490
-578687.250,-1265798.380,179.490
-578686.880,-1265798.550,179.490
-578686.510,-1265798.720,179.490
-578686.140,-1265798.890,179.500
-578685.800,-1265799.050,179.500
-578685.460,-1265799.210,179.500
-578685.120,-1265799.370,179.500
-578684.780,-1265799.520,179.500
-578684.410,-1265799.700,179.500
-578683.970,-1265799.910,179.490
-578692.830,-1265796.090,179.500
-578692.490,-1265796.250,179.490
-578692.110,-1265796.420,179.490
-578691.750,-1265796.590,179.490
-578691.370,-1265796.770,179.490
-578691.030,-1265796.930,179.490
-578690.690,-1265797.080,179.490
-578690.350,-1265797.240,179.490
-578690.000,-1265797.400,179.490
-578689.630,-1265797.570,179.490
-578689.290,-1265797.730,179.490
-578688.930,-1265797.900,179.490
-578688.580,-1265798.060,179.490
-578688.240,-1265798.220,179.490
-578687.870,-1265798.390,179.490
-578687.500,-1265798.570,179.490
-578687.160,-1265798.720,179.490
-578686.790,-1265798.890,179.490
-578686.420,-1265799.070,179.490
-578686.040,-1265799.240,179.500
-578685.710,-1265799.390,179.500
-578685.370,-1265799.550,179.500
-578685.020,-1265799.710,179.495
-578684.700,-1265799.860,179.500
-578684.310,-1265800.040,179.490
-578683.870,-1265800.260,179.475
-578693.170,-1265796.420,179.490
-578692.800,-1265796.600,179.490
-578692.450,-1265796.760,179.490
-578692.090,-1265796.920,179.490
-578691.710,-1265797.100,179.490
-578691.340,-1265797.280,179.490
-578690.990,-1265797.430,179.490
-578690.640,-1265797.600,179.490
-578690.310,-1265797.750,179.490
-578689.960,-1265797.910,179.490
-578689.600,-1265798.080,179.490
-578689.250,-1265798.240,179.490
-578688.880,-1265798.410,179.490
-578688.540,-1265798.570,179.490
-578688.200,-1265798.730,179.480
-578687.830,-1265798.900,179.480
-578687.470,-1265799.070,179.485
-578687.120,-1265799.230,179.490
-578686.750,-1265799.400,179.490
-578686.370,-1265799.580,179.490
-578686.020,-1265799.740,179.490
-578685.660,-1265799.900,179.490
-578685.330,-1265800.060,179.490
-578685.000,-1265800.210,179.490
-578693.050,-1265796.730,179.490
-578692.700,-1265796.890,179.490
-578692.350,-1265797.050,179.490
-578691.980,-1265797.230,179.490
-578691.610,-1265797.400,179.490
-578691.240,-1265797.570,179.490
-578690.890,-1265797.730,179.490
-578690.550,-1265797.890,179.490
-578690.210,-1265798.050,179.480
-578689.870,-1265798.200,179.490
-578689.490,-1265798.380,179.480
-578689.160,-1265798.530,179.480
-578688.780,-1265798.710,179.480
-578688.450,-1265798.860,179.480
-578688.110,-1265799.020,179.480
-578687.730,-1265799.190,179.480
-578687.370,-1265799.360,179.490
-578687.030,-1265799.520,179.490
-578686.650,-1265799.700,179.490
-578686.280,-1265799.870,179.490
-578685.920,-1265800.030,179.490
-578685.580,-1265800.190,179.490
-578685.260,-1265800.330,179.480
-578692.970,-1265797.200,179.490
-578692.600,-1265797.370,179.490
-578692.260,-1265797.530,179.490
-578691.890,-1265797.710,179.490
-578691.520,-1265797.880,179.490
-578691.140,-1265798.050,179.490
-578690.810,-1265798.200,179.480
-578690.460,-1265798.370,179.480
-578690.120,-1265798.520,179.480
-578689.780,-1265798.680,179.480
-578689.410,-1265798.850,179.480
-578689.060,-1265799.010,179.480
-578688.690,-1265799.190,179.480
-578688.360,-1265799.340,179.480
-578688.010,-1265799.500,179.480
-578687.640,-1265799.670,179.480
-578687.280,-1265799.840,179.480
-578686.930,-1265800.000,179.475
-578686.550,-1265800.180,179.460
-578686.200,-1265800.340,179.455
-578693.200,-1265797.190,179.490
-578692.840,-1265797.350,179.490
-578692.460,-1265797.530,179.480
-578692.110,-1265797.690,179.480
-578691.760,-1265797.850,179.490
-578691.380,-1265798.030,179.480
-578691.010,-1265798.200,179.480
-578690.670,-1265798.360,179.480
-578690.320,-1265798.520,179.480
-578689.970,-1265798.680,179.480
-578689.640,-1265798.840,179.480
-578689.270,-1265799.010,179.480
-578688.930,-1265799.170,179.480
-578688.550,-1265799.350,179.480
-578688.220,-1265799.490,179.480
-578687.880,-1265799.660,179.480
-578687.500,-1265799.830,179.475
-578687.140,-1265799.990,179.480
-578686.830,-1265800.140,179.470
-578693.170,-1265797.760,179.480
-578692.790,-1265797.950,179.480
-578692.420,-1265798.120,179.480
-578692.080,-1265798.270,179.480
-578691.710,-1265798.440,179.480
-578691.330,-1265798.620,179.480
-578690.960,-1265798.790,179.480
-578690.620,-1265798.950,179.480
-578690.280,-1265799.110,179.480
-578689.940,-1265799.270,179.480
-578689.600,-1265799.420,179.480
-578689.220,-1265799.600,179.480
-578688.880,-1265799.750,179.470
-578688.510,-1265799.930,179.455
-578688.190,-1265800.070,179.440
-578693.040,-1265798.040,179.480
-578692.670,-1265798.210,179.480
-578692.310,-1265798.380,179.480
-578691.950,-1265798.540,179.480
-578691.580,-1265798.710,179.480
-578691.230,-1265798.880,179.480
-578690.850,-1265799.050,179.480
-578690.500,-1265799.220,179.470
-578690.160,-1265799.370,179.470
-578689.820,-1265799.530,179.470
-578689.470,-1265799.690,179.460
-578689.120,-1265799.850,179.450
-578688.780,-1265800.010,179.420
-578690.420,-1265799.620,179.460
-578690.100,-1265799.770,179.450
-578689.740,-1265799.930,179.420
-578693.300,-1265798.280,179.480
-578692.960,-1265798.440,179.480
-578692.600,-1265798.610,179.475
-578692.220,-1265798.780,179.470
-578691.870,-1265798.940,179.470
-578691.510,-1265799.120,179.470
-578691.140,-1265799.290,179.470
-578690.770,-1265799.460,179.460
-578691.770,-1265799.270,179.465
-578691.410,-1265799.440,179.460
-578691.050,-1265799.600,179.460
-578690.670,-1265799.780,179.425
-578693.210,-1265798.600,179.470
-578692.860,-1265798.760,179.470
-578692.490,-1265798.940,179.470
-578692.120,-1265799.110,179.470
-578692.400,-1265799.380,179.460
-578692.030,-1265799.550,179.430
-578693.100,-1265799.060,179.460
-578692.760,-1265799.220,179.460
-578693.360,-1265799.290,179.450
-578693.030,-1265799.440,179.430
