-443718.890,-1172300.000,355.150
-443719.010,-1172299.680,355.220
-443719.260,-1172299.070,355.550
-443718.730,-1172299.440,355.380
-443718.850,-1172299.160,355.520
-443719.870,-1172300.080,355.100
-443719.990,-1172299.800,355.180
-443720.100,-1172299.500,355.285
-443720.230,-1172299.190,355.440
-443719.510,-1172300.070,355.110
-443719.630,-1172299.760,355.215
-443719.760,-1172299.450,355.300
-443719.880,-1172299.150,355.430
-443719.220,-1172299.780,355.200
-443719.340,-1172299.480,355.320
-443719.460,-1172299.180,355.465
-443720.730,-1172299.700,355.210
-443720.840,-1172299.420,355.320
-443720.970,-1172299.110,355.410
-443720.390,-1172299.810,355.175
-443720.510,-1172299.500,355.295
-443720.640,-1172299.200,355.400
-443720.750,-1172298.900,355.550
-443721.600,-1172299.760,355.190
-443721.720,-1172299.450,355.290
-443721.840,-1172299.140,355.395
-443721.120,-1172299.980,355.160
-443721.240,-1172299.680,355.220
-443721.370,-1172299.370,355.315
-443721.490,-1172299.050,355.445
-443721.970,-1172299.800,355.170
-443722.080,-1172299.520,355.270
-443722.210,-1172299.210,355.365
-443722.340,-1172298.890,355.555
-443722.710,-1172299.620,355.125
-443722.830,-1172299.330,355.270
-443722.960,-1172299.010,355.455
-443722.280,-1172299.660,355.185
-443722.410,-1172299.340,355.290
-443722.530,-1172299.030,355.455
-443723.040,-1172299.680,355.050
-443723.160,-1172299.370,355.220
-443723.540,-1172299.540,355.075
-443723.650,-1172299.270,355.205
-443723.770,-1172298.970,355.410
-443723.830,-1172299.680,354.990
-443723.950,-1172299.400,355.090
-443724.070,-1172299.090,355.265
-443724.190,-1172298.800,355.510
-443727.330,-1172291.010,355.605
-443727.450,-1172290.720,355.565
-443727.570,-1172290.410,355.500
-443724.440,-1172299.610,355.020
-443724.560,-1172299.310,355.180
-443724.680,-1172299.000,355.320
-443724.810,-1172298.680,355.540
-443727.570,-1172291.830,355.530
-443727.680,-1172291.550,355.470
-443727.800,-1172291.260,355.430
-443727.930,-1172290.940,355.390
-443728.050,-1172290.640,355.345
-443728.160,-1172290.360,355.310
-443725.000,-1172299.290,355.200
-443725.120,-1172298.990,355.335
-443725.250,-1172298.680,355.480
-443727.640,-1172292.730,355.530
-443727.760,-1172292.440,355.500
-443727.890,-1172292.130,355.430
-443728.010,-1172291.820,355.370
-443728.140,-1172291.510,355.310
-443728.260,-1172291.210,355.270
-443728.380,-1172290.910,355.230
-443728.500,-1172290.620,355.170
-443729.020,-1172290.950,355.010
-443729.150,-1172290.630,354.950
-443725.470,-1172299.190,355.170
-443725.590,-1172298.880,355.370
-443725.710,-1172298.590,355.490
-443727.750,-1172293.520,355.635
-443727.870,-1172293.220,355.510
-443727.990,-1172292.930,355.420
-443728.110,-1172292.630,355.370
-443728.220,-1172292.350,355.330
-443728.360,-1172292.020,355.260
-443728.480,-1172291.710,355.200
-443728.600,-1172291.430,355.130
-443728.710,-1172291.150,355.100
-443728.840,-1172290.830,355.050
-443728.960,-1172290.530,355.005
-443728.900,-1172292.340,355.090
-443729.020,-1172292.040,355.025
-443729.140,-1172291.750,354.990
-443729.260,-1172291.470,354.935
-443729.370,-1172291.180,354.900
-443729.500,-1172290.860,354.860
-443729.620,-1172290.570,354.840
-443725.650,-1172299.320,355.150
-443725.770,-1172299.010,355.250
-443725.900,-1172298.700,355.450
-443727.830,-1172293.890,355.690
-443727.950,-1172293.610,355.570
-443728.070,-1172293.310,355.470
-443728.180,-1172293.030,355.385
-443728.300,-1172292.740,355.325
-443728.420,-1172292.430,355.265
-443728.540,-1172292.140,355.200
-443728.660,-1172291.840,355.150
-443728.780,-1172291.540,355.095
-443728.900,-1172291.250,355.040
-443726.660,-1172298.800,355.365
-443726.770,-1172298.520,355.480
-443728.830,-1172293.410,355.330
-443728.950,-1172293.120,355.200
-443729.070,-1172292.810,355.100
-443729.200,-1172292.500,355.020
-443729.320,-1172292.190,354.940
-443729.430,-1172291.910,354.910
-443729.560,-1172291.600,354.875
-443729.680,-1172291.300,354.840
-443729.800,-1172291.000,354.825
-443729.920,-1172290.720,354.800
-443730.040,-1172290.410,354.770
-443726.130,-1172299.240,355.170
-443726.240,-1172298.960,355.300
-443726.370,-1172298.640,355.455
-443728.300,-1172293.830,355.570
-443728.420,-1172293.540,355.445
-443728.540,-1172293.240,355.360
-443728.670,-1172292.920,355.230
-443728.780,-1172292.640,355.165
-443727.030,-1172299.010,355.180
-443727.140,-1172298.730,355.360
-443727.260,-1172298.440,355.475
-443729.190,-1172293.640,355.365
-443729.300,-1172293.360,355.210
-443729.420,-1172293.060,355.110
-443729.540,-1172292.770,355.010
-443729.670,-1172292.460,354.920
-443729.790,-1172292.160,354.860
-443729.910,-1172291.870,354.820
-443730.030,-1172291.550,354.800
-443730.160,-1172291.250,354.780
-443726.530,-1172299.120,355.170
-443727.290,-1172299.080,355.140
-443727.410,-1172298.780,355.270
-443727.520,-1172298.500,355.455
-443729.430,-1172293.750,355.590
-443729.560,-1172293.440,355.240
-443729.690,-1172293.130,355.090
-443729.810,-1172292.810,354.940
-443729.930,-1172292.510,354.900
-443730.060,-1172292.210,354.820
-443730.170,-1172291.910,354.780
-443727.810,-1172298.980,355.150
-443727.930,-1172298.700,355.315
-443728.050,-1172298.380,355.500
-443729.970,-1172293.620,355.580
-443730.090,-1172293.320,355.175
-443730.090,-1172293.320,355.175
-443730.210,-1172293.030,355.000
-443728.130,-1172298.910,355.150
-443728.240,-1172298.630,355.345
-443728.360,-1172298.340,355.485
-443730.400,-1172293.270,355.250
-443728.390,-1172299.100,355.075
-443728.500,-1172298.830,355.150
-443728.630,-1172298.520,355.310
-443728.750,-1172298.210,355.500
-443728.710,-1172298.840,355.150
-443728.830,-1172298.530,355.310
-443728.950,-1172298.240,355.465
-443729.100,-1172298.970,355.090
-443729.230,-1172298.660,355.220
-443729.340,-1172298.390,355.400
-443729.460,-1172298.080,355.550
-443729.360,-1172299.100,355.020
-443729.470,-1172298.810,355.150
-443729.590,-1172298.520,355.280
-443729.700,-1172298.240,355.430
-443729.890,-1172298.810,355.120
-443730.000,-1172298.530,355.275
-443730.130,-1172298.230,355.440
-443730.120,-1172298.920,355.090
-443730.230,-1172298.630,355.195
-443730.350,-1172298.340,355.400
-443730.470,-1172298.030,355.570
-443730.720,-1172298.650,355.210
-443730.830,-1172298.370,355.315
-443730.960,-1172298.840,355.115
-443718.020,-1172300.280,355.065
-443718.770,-1172300.290,355.055
-443717.510,-1172300.330,355.120
-443717.630,-1172300.030,355.200
-443717.750,-1172299.740,355.310
-443717.870,-1172299.440,355.395
-443717.980,-1172299.150,355.600
-443718.370,-1172300.350,355.060
-443718.490,-1172300.050,355.195
-443718.610,-1172299.760,355.240
-443717.210,-1172300.300,355.150
-443717.340,-1172299.980,355.260
-443717.460,-1172299.680,355.365
-443717.580,-1172299.380,355.520
-443718.140,-1172299.990,355.195
-443718.260,-1172299.690,355.285
-443718.370,-1172299.400,355.390
-443718.500,-1172299.090,355.560
-443716.760,-1172300.420,356.980
-443712.850,-1172300.180,354.180
-443716.990,-1172290.650,355.790
-443712.410,-1172300.320,353.800
-443712.530,-1172300.030,353.940
-443712.650,-1172299.730,354.130
-443716.260,-1172290.770,355.775
-443711.490,-1172300.400,353.770
-443711.990,-1172300.350,353.750
-443712.120,-1172300.030,353.870
-443712.240,-1172299.730,354.010
-443712.350,-1172299.440,354.090
-443712.470,-1172299.140,354.390
-443712.600,-1172298.830,354.580
-443715.970,-1172290.460,355.685
-443711.180,-1172300.360,353.800
-443711.290,-1172300.080,353.885
-443711.420,-1172299.770,353.940
-443711.540,-1172299.450,354.070
-443711.660,-1172299.170,354.240
-443711.770,-1172298.870,354.430
-443711.900,-1172298.550,354.590
-443712.020,-1172298.250,354.775
-443712.150,-1172297.950,355.070
-443712.260,-1172297.650,355.250
-443712.390,-1172297.330,355.490
-443712.500,-1172297.050,355.750
-443715.150,-1172290.500,355.620
-443711.620,-1172300.080,353.860
-443711.750,-1172299.760,353.920
-443711.860,-1172299.470,354.070
-443711.980,-1172299.170,354.240
-443712.100,-1172298.890,354.450
-443712.220,-1172298.590,354.630
-443712.340,-1172298.290,354.865
-443712.470,-1172297.970,355.130
-443715.480,-1172290.500,355.640
-443710.930,-1172300.030,353.890
-443711.060,-1172299.710,353.990
-443711.180,-1172299.400,354.080
-443711.310,-1172299.090,354.270
-443711.420,-1172298.800,354.480
-443711.550,-1172298.490,354.695
-443711.660,-1172298.210,354.860
-443711.780,-1172297.900,355.060
-443711.900,-1172297.620,355.200
-443712.020,-1172297.300,355.400
-443712.140,-1172297.030,355.610
-443714.680,-1172290.740,355.695
-443714.800,-1172290.440,355.580
-443710.900,-1172299.170,354.270
-443711.030,-1172298.870,354.470
-443711.140,-1172298.580,354.660
-443711.250,-1172298.300,354.790
-443711.370,-1172298.010,354.960
-443711.500,-1172297.690,355.155
-443711.610,-1172297.400,355.345
-443711.720,-1172297.130,355.490
-443714.400,-1172290.500,355.590
-443710.870,-1172298.420,354.755
-443710.990,-1172298.110,354.935
-443711.110,-1172297.820,355.140
-443711.230,-1172297.510,355.275
-443711.360,-1172297.200,355.490
-443714.020,-1172290.620,355.620
-443710.890,-1172297.720,355.150
-443711.020,-1172297.420,355.350
-443711.130,-1172297.120,355.545
-443713.670,-1172290.850,355.675
-443713.430,-1172290.600,355.575
-443713.320,-1172290.880,355.650
-443713.060,-1172290.550,355.550
-443712.940,-1172290.850,355.590
-443712.520,-1172290.790,355.550
-443712.640,-1172290.500,355.465
-443712.090,-1172290.980,355.560
-443712.210,-1172290.670,355.470
-443711.760,-1172290.950,355.540
-443711.890,-1172290.650,355.470
-443710.900,-1172291.160,355.540
-443711.030,-1172290.840,355.445
-443711.150,-1172290.560,355.375
-443711.270,-1172291.210,355.605
-443711.390,-1172290.910,355.520
-443711.510,-1172290.620,355.420
-443710.840,-1172290.450,355.270
-443710.470,-1172291.360,355.540
-443710.600,-1172291.050,355.440
-443710.720,-1172290.750,355.380
-443709.800,-1172290.880,355.250
-443709.920,-1172290.590,355.210
-443710.040,-1172291.510,355.580
-443710.170,-1172291.200,355.490
-443710.290,-1172290.900,355.360
-443710.420,-1172290.590,355.280
-443718.100,-1172290.610,355.805
-443718.220,-1172291.110,355.880
-443718.350,-1172290.800,355.860
-443718.470,-1172290.500,355.810
-443718.190,-1172292.420,356.960
-443718.670,-1172291.240,355.940
-443718.790,-1172290.950,355.885
-443718.910,-1172290.660,355.845
-443718.290,-1172293.130,357.250
-443718.420,-1172292.830,357.130
-443718.540,-1172292.520,357.040
-443718.660,-1172292.230,356.880
-443719.030,-1172291.320,356.040
-443719.150,-1172291.030,355.970
-443719.260,-1172290.750,355.920
-443719.380,-1172290.460,355.875
-443718.320,-1172294.030,357.850
-443718.450,-1172293.730,357.610
-443718.560,-1172293.440,357.480
-443718.680,-1172293.150,357.270
-443718.800,-1172292.860,357.170
-443718.930,-1172292.530,357.030
-443719.050,-1172292.240,356.890
-443719.170,-1172291.940,356.720
-443719.290,-1172291.640,356.400
-443719.420,-1172291.330,356.160
-443719.540,-1172291.040,356.090
-443719.660,-1172290.740,355.990
-443719.780,-1172290.450,355.935
-443718.430,-1172294.380,357.980
-443718.550,-1172294.080,357.870
-443718.680,-1172293.770,357.680
-443718.810,-1172293.450,357.490
-443718.930,-1172293.150,357.295
-443719.050,-1172292.850,357.165
-443719.170,-1172292.560,357.040
-443719.290,-1172292.270,356.890
-443719.400,-1172291.980,356.720
-443719.530,-1172291.660,356.430
-443719.660,-1172291.360,356.240
-443719.780,-1172291.070,356.130
-443719.900,-1172290.770,356.015
-443720.020,-1172290.460,355.940
-443718.500,-1172295.210,357.960
-443718.620,-1172294.910,357.990
-443718.740,-1172294.610,358.000
-443718.860,-1172294.310,357.960
-443718.980,-1172294.020,357.850
-443719.100,-1172293.730,357.665
-443719.230,-1172293.410,357.490
-443719.350,-1172293.110,357.285
-443719.470,-1172292.830,357.160
-443719.580,-1172292.540,357.035
-443719.720,-1172292.210,356.840
-443719.840,-1172291.920,356.640
-443719.960,-1172291.610,356.430
-443720.090,-1172291.290,356.250
-443720.220,-1172290.990,356.135
-443720.330,-1172290.700,356.105
-443720.440,-1172290.420,356.005
-443718.570,-1172295.910,357.480
-443718.700,-1172295.590,357.725
-443718.810,-1172295.300,357.920
-443718.940,-1172294.990,357.990
-443719.050,-1172294.710,358.020
-443719.170,-1172294.420,358.020
-443719.290,-1172294.120,357.925
-443719.400,-1172293.840,357.750
-443719.530,-1172293.530,357.570
-443719.650,-1172293.240,357.420
-443719.770,-1172292.960,357.250
-443719.890,-1172292.650,357.090
-443720.010,-1172292.360,356.915
-443720.130,-1172292.050,356.680
-443720.260,-1172291.740,356.525
-443720.380,-1172291.450,356.410
-443720.500,-1172291.160,356.310
-443720.620,-1172290.850,356.250
-443720.750,-1172290.540,356.190
-443719.140,-1172295.470,357.730
-443719.270,-1172295.160,357.940
-443719.390,-1172294.860,357.990
-443719.500,-1172294.580,358.020
-443719.630,-1172294.270,357.995
-443719.750,-1172293.970,357.900
-443719.870,-1172293.670,357.705
-443719.990,-1172293.390,357.550
-443720.110,-1172293.090,357.380
-443720.230,-1172292.800,357.215
-443720.340,-1172292.520,357.065
-443720.470,-1172292.210,356.855
-443720.590,-1172291.910,356.670
-443720.710,-1172291.620,356.590
-443720.820,-1172291.330,356.540
-443720.950,-1172291.030,356.540
-443721.060,-1172290.720,357.460
-443721.070,-1172290.720,357.490
-443721.180,-1172290.420,357.535
-443718.530,-1172296.990,356.875
-443718.660,-1172296.690,357.010
-443718.780,-1172296.370,357.195
-443718.910,-1172296.060,357.390
-443719.020,-1172295.790,357.540
-443718.590,-1172297.640,356.440
-443718.710,-1172297.340,356.590
-443718.830,-1172297.020,356.820
-443718.960,-1172296.710,357.010
-443719.080,-1172296.400,357.200
-443719.200,-1172296.120,357.360
-443719.310,-1172295.830,357.530
-443719.430,-1172295.540,357.680
-443719.550,-1172295.230,357.885
-443719.670,-1172294.930,357.980
-443719.790,-1172294.640,358.020
-443719.920,-1172294.330,357.995
-443720.040,-1172294.010,357.910
-443720.170,-1172293.710,357.740
-443720.280,-1172293.430,357.595
-443720.410,-1172293.120,357.455
-443720.520,-1172292.830,357.290
-443720.650,-1172292.530,357.090
-443720.770,-1172292.230,356.925
-443720.890,-1172291.940,356.825
-443721.000,-1172291.660,356.745
-443721.110,-1172291.370,356.685
-443721.230,-1172291.070,357.460
-443721.350,-1172290.780,357.515
-443721.470,-1172290.490,357.565
-443719.810,-1172295.810,357.480
-443719.940,-1172295.490,357.680
-443720.070,-1172295.170,357.890
-443720.180,-1172294.900,357.995
-443720.290,-1172294.610,358.025
-443720.410,-1172294.310,358.000
-443720.530,-1172294.010,357.920
-443720.660,-1172293.710,357.800
-443720.770,-1172293.420,357.710
-443720.900,-1172293.100,357.610
-443721.030,-1172292.790,357.465
-443721.150,-1172292.500,357.345
-443721.510,-1172291.600,357.540
-443721.630,-1172291.310,357.520
-443721.750,-1172291.010,357.510
-443721.860,-1172290.720,357.560
-443721.980,-1172290.430,357.520
-443718.730,-1172298.510,355.920
-443718.850,-1172298.200,356.080
-443718.960,-1172297.930,356.230
-443719.090,-1172297.610,356.385
-443719.220,-1172297.300,356.620
-443719.330,-1172297.010,356.780
-443719.440,-1172296.730,356.965
-443719.570,-1172296.410,357.150
-443719.690,-1172296.110,357.310
-443718.960,-1172298.870,355.660
-443719.080,-1172298.590,355.840
-443719.200,-1172298.290,356.000
-443719.320,-1172297.980,356.190
-443719.430,-1172297.700,356.340
-443719.550,-1172297.400,356.560
-443719.680,-1172297.090,356.725
-443719.790,-1172296.810,356.890
-443719.910,-1172296.510,357.065
-443720.040,-1172296.200,357.260
-443720.150,-1172295.900,357.430
-443720.270,-1172295.620,357.610
-443720.390,-1172295.320,357.800
-443720.520,-1172295.000,357.930
-443720.640,-1172294.700,357.980
-443720.760,-1172294.390,357.960
-443720.880,-1172294.090,357.910
-443721.000,-1172293.790,357.810
-443721.120,-1172293.510,357.740
-443721.230,-1172293.220,357.650
-443721.360,-1172292.910,357.610
-443721.490,-1172292.600,357.520
-443721.600,-1172292.320,357.500
-443721.970,-1172291.400,357.510
-443722.090,-1172291.110,357.480
-443722.210,-1172290.810,357.460
-443722.330,-1172290.510,357.430
-443721.400,-1172293.740,357.740
-443721.520,-1172293.430,357.665
-443721.650,-1172293.120,357.610
-443721.780,-1172292.800,357.540
-443721.900,-1172292.510,357.500
-443722.010,-1172292.230,357.480
-443722.370,-1172291.350,357.360
-443722.500,-1172291.030,357.335
-443722.620,-1172290.720,357.295
-443722.740,-1172290.420,357.270
-443719.370,-1172298.780,355.690
-443719.500,-1172298.460,355.890
-443719.620,-1172298.180,356.080
-443719.730,-1172297.880,356.215
-443719.850,-1172297.590,356.390
-443719.970,-1172297.290,356.590
-443720.090,-1172297.000,356.770
-443720.200,-1172296.730,356.920
-443720.330,-1172296.410,357.125
-443720.440,-1172296.110,357.290
-443720.550,-1172295.840,357.460
-443720.680,-1172295.530,357.720
-443720.800,-1172295.230,357.865
-443720.920,-1172294.930,357.910
-443721.040,-1172294.620,357.920
-443719.590,-1172298.860,355.655
-443719.700,-1172298.580,355.845
-443719.820,-1172298.280,355.985
-443719.950,-1172297.970,356.160
-443720.070,-1172297.660,356.340
-443720.190,-1172297.360,356.550
-443720.310,-1172297.060,356.720
-443720.430,-1172296.770,356.910
-443720.550,-1172296.470,357.100
-443720.670,-1172296.170,357.290
-443720.780,-1172295.890,357.480
-443720.900,-1172295.600,357.720
-443721.020,-1172295.280,357.825
-443721.140,-1172295.000,357.850
-443721.250,-1172294.720,357.875
-443721.490,-1172294.120,357.790
-443721.610,-1172293.840,357.690
-443721.730,-1172293.530,357.620
-443721.860,-1172293.210,357.610
-443721.980,-1172292.920,357.530
-443722.090,-1172292.640,357.495
-443722.220,-1172292.330,357.440
-443722.590,-1172291.400,357.290
-443722.720,-1172291.080,357.270
-443722.840,-1172290.800,357.250
-443722.950,-1172290.510,357.160
-443722.500,-1172292.620,357.350
-443722.620,-1172292.320,357.320
-443722.750,-1172292.000,357.260
-443722.870,-1172291.710,357.180
-443722.990,-1172291.420,357.135
-443723.110,-1172291.120,357.105
-443723.240,-1172290.800,357.055
-443723.360,-1172290.500,357.020
-443719.990,-1172298.860,355.610
-443720.110,-1172298.560,355.790
-443720.230,-1172298.270,355.930
-443720.350,-1172297.970,356.120
-443720.470,-1172297.670,356.310
-443720.590,-1172297.360,356.520
-443720.710,-1172297.060,356.690
-443720.830,-1172296.770,356.910
-443720.960,-1172296.440,357.150
-443721.080,-1172296.150,357.375
-443721.200,-1172295.850,357.655
-443721.310,-1172295.560,357.720
-443721.440,-1172295.250,357.740
-443721.560,-1172294.950,357.775
-443721.670,-1172294.680,357.720
-443721.790,-1172294.390,357.675
-443721.910,-1172294.090,357.610
-443722.030,-1172293.790,357.560
-443722.140,-1172293.500,357.530
-443722.260,-1172293.220,357.485
-443722.390,-1172292.900,357.440
-443720.350,-1172298.890,355.545
-443720.470,-1172298.590,355.740
-443720.600,-1172298.280,355.895
-443720.720,-1172297.970,356.100
-443720.840,-1172297.670,356.265
-443720.950,-1172297.400,356.445
-443721.060,-1172297.110,356.680
-443721.190,-1172296.800,356.950
-443721.320,-1172296.480,357.245
-443721.430,-1172296.210,357.540
-443721.550,-1172295.890,357.640
-443721.670,-1172295.590,357.680
-443721.800,-1172295.270,357.680
-443721.910,-1172294.990,357.685
-443722.040,-1172294.680,357.620
-443722.150,-1172294.390,357.565
-443722.280,-1172294.080,357.505
-443722.400,-1172293.790,357.460
-443722.520,-1172293.500,357.425
-443722.630,-1172293.220,357.375
-443722.750,-1172292.930,357.320
-443722.870,-1172292.630,357.250
-443722.990,-1172292.320,357.180
-443723.100,-1172292.050,357.135
-443723.230,-1172291.740,357.060
-443723.350,-1172291.440,357.030
-443723.470,-1172291.130,357.000
-443723.600,-1172290.820,356.950
-443723.710,-1172290.540,356.910
-443722.930,-1172293.480,357.250
-443723.050,-1172293.190,357.230
-443723.170,-1172292.890,357.165
-443723.300,-1172292.580,357.095
-443723.410,-1172292.290,357.020
-443723.530,-1172292.020,356.970
-443723.650,-1172291.710,356.940
-443723.760,-1172291.430,356.880
-443723.890,-1172291.120,356.840
-443724.000,-1172290.840,356.810
-443724.120,-1172290.540,356.735
-443720.870,-1172298.600,355.700
-443721.000,-1172298.300,355.880
-443721.120,-1172298.000,356.090
-443721.230,-1172297.710,356.265
-443721.360,-1172297.400,356.525
-443721.480,-1172297.080,356.840
-443721.720,-1172296.490,357.480
-443721.840,-1172296.190,357.580
-443721.960,-1172295.880,357.620
-443722.070,-1172295.620,357.615
-443722.200,-1172295.310,357.600
-443722.320,-1172294.990,357.545
-443722.440,-1172294.690,357.485
-443722.560,-1172294.400,357.430
-443722.680,-1172294.100,357.375
-443722.810,-1172293.780,357.320
-443721.080,-1172298.820,355.560
-443721.200,-1172298.540,355.750
-443721.330,-1172298.220,355.940
-443721.440,-1172297.930,356.145
-443721.560,-1172297.630,356.360
-443721.680,-1172297.320,356.685
-443721.920,-1172296.730,357.415
-443722.040,-1172296.430,357.555
-443722.160,-1172296.120,357.590
-443722.290,-1172295.810,357.610
-443722.410,-1172295.510,357.560
-443722.530,-1172295.210,357.500
-443722.650,-1172294.900,357.430
-443722.770,-1172294.620,357.370
-443722.880,-1172294.330,357.320
-443723.010,-1172294.020,357.230
-443723.140,-1172293.710,357.190
-443723.250,-1172293.430,357.130
-443723.370,-1172293.130,357.080
-443723.500,-1172292.820,357.020
-443723.620,-1172292.510,356.960
-443723.740,-1172292.220,356.915
-443723.870,-1172291.910,356.855
-443723.980,-1172291.620,356.820
-443724.110,-1172291.310,356.760
-443724.220,-1172291.030,356.715
-443724.340,-1172290.740,356.660
-443724.460,-1172290.450,356.620
-443721.600,-1172298.780,355.585
-443721.720,-1172298.490,355.795
-443722.190,-1172297.320,356.815
-443722.310,-1172297.020,357.250
-443722.420,-1172296.720,357.510
-443722.540,-1172296.430,357.540
-443722.660,-1172296.130,357.550
-443722.790,-1172295.810,357.510
-443722.900,-1172295.530,357.390
-443723.020,-1172295.240,357.320
-443723.150,-1172294.940,357.240
-443723.270,-1172294.630,357.180
-443723.390,-1172294.320,357.110
-443723.520,-1172294.010,357.070
-443723.650,-1172293.690,356.990
-443723.760,-1172293.410,356.930
-443723.870,-1172293.130,356.900
-443723.990,-1172292.840,356.840
-443724.120,-1172292.520,356.760
-443724.240,-1172292.220,356.740
-443724.360,-1172291.930,356.660
-443724.490,-1172291.610,356.620
-443724.610,-1172291.310,356.560
-443724.730,-1172291.010,356.530
-443724.850,-1172290.720,356.460
-443721.970,-1172298.830,355.560
-443722.080,-1172298.540,355.795
-443722.200,-1172298.240,356.030
-443722.320,-1172297.950,356.320
-443722.440,-1172297.630,356.625
-443722.560,-1172297.350,356.970
-443722.670,-1172297.060,357.290
-443722.790,-1172296.770,357.450
-443722.900,-1172296.490,357.490
-443723.030,-1172296.170,357.490
-443723.150,-1172295.890,357.430
-443723.260,-1172295.600,357.330
-443723.390,-1172295.300,357.200
-443723.500,-1172295.000,357.110
-443723.630,-1172294.700,357.050
-443723.760,-1172294.380,357.000
-443723.870,-1172294.100,356.940
-443723.990,-1172293.810,356.910
-443724.110,-1172293.510,356.860
-443724.240,-1172293.190,356.810
-443724.360,-1172292.890,356.745
-443724.480,-1172292.580,356.690
-443724.610,-1172292.270,356.620
-443724.730,-1172291.980,356.540
-443724.840,-1172291.690,356.500
-443724.960,-1172291.410,356.450
-443725.080,-1172291.100,356.390
-443725.210,-1172290.790,356.340
-443725.320,-1172290.510,356.290
-443722.450,-1172298.610,355.840
-443722.570,-1172298.310,356.010
-443722.690,-1172298.000,356.335
-443722.820,-1172297.680,356.655
-443722.930,-1172297.410,356.895
-443723.050,-1172297.100,357.230
-443723.170,-1172296.800,357.360
-443723.300,-1172296.490,357.435
-443723.410,-1172296.210,357.395
-443723.520,-1172295.920,357.340
-443723.650,-1172295.620,357.200
-443723.760,-1172295.340,357.080
-443723.880,-1172295.040,357.015
-443724.000,-1172294.750,356.930
-443724.120,-1172294.450,356.890
-443724.240,-1172294.160,356.860
-443724.360,-1172293.870,356.850
-443724.490,-1172293.540,356.800
-443724.610,-1172293.240,356.740
-443724.720,-1172292.960,356.675
-443724.840,-1172292.670,356.550
-443724.970,-1172292.350,356.450
-443725.090,-1172292.050,356.425
-443725.210,-1172291.750,356.370
-443725.340,-1172291.430,356.280
-443725.470,-1172291.110,356.250
-443725.580,-1172290.840,356.180
-443725.700,-1172290.550,356.170
-443722.640,-1172298.750,355.680
-443722.760,-1172298.460,355.960
-443722.870,-1172298.180,356.190
-443722.990,-1172297.870,356.480
-443723.110,-1172297.560,356.720
-443723.230,-1172297.270,357.010
-443723.360,-1172296.960,357.300
-443723.480,-1172296.650,357.355
-443723.600,-1172296.350,357.380
-443723.840,-1172295.760,357.220
-443723.960,-1172295.470,357.080
-443724.090,-1172295.160,356.980
-443724.200,-1172294.860,356.900
-443724.320,-1172294.580,356.855
-443724.550,-1172294.000,356.810
-443724.670,-1172293.700,356.760
-443724.910,-1172293.110,356.655
-443725.040,-1172292.800,356.510
-443725.150,-1172292.510,356.430
-443725.270,-1172292.220,356.350
-443725.400,-1172291.910,356.315
-443725.520,-1172291.610,356.250
-443725.630,-1172291.330,356.190
-443725.760,-1172291.020,356.155
-443725.880,-1172290.720,356.070
-443726.000,-1172290.400,356.040
-443723.080,-1172298.700,355.665
-443723.200,-1172298.400,355.930
-443723.320,-1172298.090,356.220
-443723.450,-1172297.770,356.545
-443723.560,-1172297.500,356.750
-443723.680,-1172297.200,357.040
-443723.800,-1172296.900,357.300
-443723.920,-1172296.600,357.350
-443724.040,-1172296.310,357.360
-443724.150,-1172296.020,357.320
-443724.290,-1172295.690,357.100
-443724.410,-1172295.390,357.000
-443724.530,-1172295.090,356.860
-443724.650,-1172294.790,356.790
-443724.780,-1172294.480,356.750
-443724.890,-1172294.200,356.710
-443725.250,-1172293.310,356.485
-443725.370,-1172293.020,356.390
-443725.480,-1172292.740,356.320
-443725.610,-1172292.420,356.215
-443725.730,-1172292.130,356.185
-443725.840,-1172291.850,356.150
-443725.960,-1172291.550,356.085
-443726.090,-1172291.240,356.045
-443726.210,-1172290.940,356.010
-443726.330,-1172290.640,355.960
-443723.400,-1172298.780,355.550
-443723.520,-1172298.470,355.875
-443723.640,-1172298.170,356.120
-443723.750,-1172297.890,356.360
-443723.880,-1172297.580,356.670
-443724.000,-1172297.270,356.955
-443724.130,-1172296.950,357.255
-443724.240,-1172296.660,357.350
-443724.360,-1172296.360,357.320
-443724.720,-1172295.480,356.960
-443724.850,-1172295.170,356.790
-443724.970,-1172294.860,356.730
-443725.090,-1172294.570,356.675
-443725.210,-1172294.270,356.600
-443725.460,-1172293.650,356.380
-443725.580,-1172293.370,356.300
-443725.700,-1172293.050,356.230
-443725.820,-1172292.760,356.160
-443725.940,-1172292.460,356.140
-443726.060,-1172292.170,356.080
-443726.180,-1172291.880,356.040
-443726.290,-1172291.590,355.990
-443726.410,-1172291.300,355.940
-443726.540,-1172290.980,355.890
-443726.650,-1172290.700,355.850
-443726.770,-1172290.410,355.800
-443723.890,-1172298.660,355.650
-443724.010,-1172298.370,355.890
-443724.120,-1172298.090,356.060
-443724.240,-1172297.780,356.385
-443724.370,-1172297.470,356.720
-443724.480,-1172297.180,357.020
-443724.600,-1172296.880,357.290
-443724.720,-1172296.580,357.355
-443724.840,-1172296.290,357.370
-443724.960,-1172295.990,357.355
-443725.080,-1172295.690,357.200
-443725.220,-1172295.360,356.820
-443725.340,-1172295.060,356.680
-443725.460,-1172294.770,356.595
-443725.580,-1172294.470,356.450
-443725.700,-1172294.170,356.340
-443725.810,-1172293.890,356.230
-443725.940,-1172293.580,356.150
-443726.060,-1172293.270,356.080
-443726.180,-1172292.980,356.045
-443726.300,-1172292.670,356.010
-443726.430,-1172292.360,355.970
-443726.560,-1172292.040,355.900
-443726.670,-1172291.760,355.855
-443726.790,-1172291.460,355.800
-443726.910,-1172291.170,355.750
-443727.040,-1172290.840,355.710
-443727.150,-1172290.570,355.660
-443724.300,-1172298.510,355.680
-443724.410,-1172298.230,355.950
-443724.540,-1172297.920,356.190
-443724.660,-1172297.620,356.445
-443724.770,-1172297.340,356.720
-443724.890,-1172297.050,357.090
-443725.010,-1172296.740,357.300
-443725.130,-1172296.450,357.380
-443725.240,-1172296.150,357.425
-443725.490,-1172295.550,357.110
-443725.740,-1172294.940,356.525
-443725.860,-1172294.640,356.395
-443725.990,-1172294.330,356.270
-443726.110,-1172294.030,356.145
-443726.230,-1172293.720,356.070
-443726.350,-1172293.420,356.010
-443726.470,-1172293.130,355.950
-443726.590,-1172292.840,355.910
-443726.710,-1172292.530,355.860
-443726.830,-1172292.230,355.800
-443726.950,-1172291.940,355.760
-443727.080,-1172291.630,355.690
-443727.210,-1172291.310,355.660
-443727.530,-1172293.010,355.595
-443724.920,-1172298.400,355.750
-443725.040,-1172298.100,355.990
-443725.160,-1172297.800,356.225
-443725.290,-1172297.480,356.540
-443725.400,-1172297.210,356.810
-443725.510,-1172296.930,357.050
-443725.630,-1172296.630,357.330
-443725.740,-1172296.340,357.365
-443725.860,-1172296.040,357.370
-443725.980,-1172295.750,357.340
-443726.100,-1172295.450,357.090
-443726.230,-1172295.140,356.710
-443726.340,-1172294.870,356.355
-443726.470,-1172294.560,356.200
-443726.590,-1172294.240,356.070
-443726.720,-1172293.940,355.990
-443726.830,-1172293.660,355.900
-443726.950,-1172293.350,355.810
-443727.080,-1172293.040,355.730
-443727.200,-1172292.750,355.665
-443727.320,-1172292.440,355.630
-443727.450,-1172292.120,355.580
-443725.830,-1172298.300,355.760
-443725.940,-1172298.000,355.980
-443726.060,-1172297.710,356.240
-443726.190,-1172297.390,356.515
-443726.300,-1172297.110,356.780
-443726.420,-1172296.810,357.090
-443726.550,-1172296.490,357.300
-443726.670,-1172296.180,357.380
-443726.790,-1172295.890,357.370
-443726.910,-1172295.600,357.360
-443727.030,-1172295.290,356.980
-443727.160,-1172294.980,356.690
-443727.270,-1172294.700,356.160
-443727.390,-1172294.410,355.965
-443727.510,-1172294.110,355.830
-443727.630,-1172293.820,355.720
-443725.490,-1172298.080,355.960
-443725.610,-1172297.770,356.190
-443725.730,-1172297.460,356.480
-443725.840,-1172297.180,356.710
-443725.960,-1172296.880,357.040
-443726.080,-1172296.590,357.270
-443726.200,-1172296.280,357.340
-443726.320,-1172295.980,357.370
-443726.440,-1172295.700,357.355
-443726.680,-1172295.120,356.785
-443726.920,-1172294.520,356.100
-443727.040,-1172294.230,355.990
-443727.160,-1172293.920,355.850
-443727.280,-1172293.630,355.740
-443727.400,-1172293.320,355.660
-443726.490,-1172298.330,355.615
-443726.600,-1172298.050,355.930
-443726.710,-1172297.770,356.135
-443726.840,-1172297.450,356.450
-443726.960,-1172297.150,356.720
-443727.080,-1172296.850,357.000
-443727.200,-1172296.540,357.250
-443727.330,-1172296.210,357.385
-443727.440,-1172295.950,357.400
-443727.680,-1172295.370,357.230
-443727.930,-1172294.750,356.340
-443728.050,-1172294.460,356.105
-443728.180,-1172294.140,355.760
-443726.020,-1172298.390,355.605
-443726.130,-1172298.110,355.840
-443726.260,-1172297.790,356.170
-443726.370,-1172297.500,356.390
-443726.490,-1172297.210,356.650
-443726.600,-1172296.930,356.900
-443726.730,-1172296.610,357.220
-443726.850,-1172296.320,357.330
-443726.970,-1172296.010,357.380
-443727.090,-1172295.710,357.400
-443727.350,-1172295.090,356.865
-443727.460,-1172294.810,356.315
-443727.590,-1172294.490,355.970
-443727.710,-1172294.200,355.810
-443727.380,-1172298.140,355.710
-443727.480,-1172297.860,355.950
-443727.610,-1172297.560,356.210
-443727.730,-1172297.260,356.470
-443727.840,-1172296.970,356.740
-443727.960,-1172296.670,357.065
-443728.080,-1172296.380,357.285
-443728.200,-1172296.060,357.370
-443728.320,-1172295.770,357.400
-443728.440,-1172295.490,357.360
-443728.560,-1172295.180,357.140
-443728.690,-1172294.870,356.800
-443728.810,-1172294.570,356.450
-443728.930,-1172294.270,356.080
-443729.070,-1172293.940,355.700
-443726.880,-1172298.230,355.640
-443727.000,-1172297.930,355.945
-443727.120,-1172297.640,356.190
-443727.250,-1172297.330,356.475
-443727.370,-1172297.020,356.780
-443727.490,-1172296.720,357.075
-443727.600,-1172296.450,357.260
-443727.720,-1172296.140,357.400
-443727.840,-1172295.830,357.405
-443727.970,-1172295.520,357.395
-443728.090,-1172295.210,357.120
-443728.340,-1172294.610,356.355
-443728.580,-1172294.030,355.690
-443729.230,-1172295.430,357.370
-443729.360,-1172295.110,357.140
-443729.480,-1172294.820,356.735
-443729.590,-1172294.540,356.440
-443729.720,-1172294.230,356.210
-443729.840,-1172293.920,355.860
-443729.970,-1172293.620,355.580
-443727.640,-1172298.190,355.620
-443727.760,-1172297.890,355.920
-443727.880,-1172297.590,356.155
-443728.000,-1172297.290,356.455
-443728.120,-1172297.000,356.690
-443728.230,-1172296.730,357.010
-443728.340,-1172296.440,357.250
-443728.460,-1172296.130,357.370
-443728.580,-1172295.840,357.395
-443728.700,-1172295.550,357.375
-443728.820,-1172295.250,357.200
-443728.940,-1172294.950,356.950
-443729.070,-1172294.650,356.600
-443729.190,-1172294.330,356.210
-443729.310,-1172294.040,355.910
-443728.470,-1172298.050,355.660
-443728.600,-1172297.740,355.950
-443728.720,-1172297.430,356.250
-443728.830,-1172297.150,356.490
-443728.960,-1172296.840,356.815
-443729.080,-1172296.530,357.140
-443729.200,-1172296.230,357.365
-443729.320,-1172295.940,357.380
-443729.440,-1172295.630,357.370
-443729.560,-1172295.330,357.350
-443729.690,-1172295.030,357.080
-443729.800,-1172294.740,356.710
-443729.920,-1172294.450,356.390
-443730.040,-1172294.170,356.155
-443730.160,-1172293.870,355.895
-443730.280,-1172293.570,355.570
-443728.180,-1172298.050,355.665
-443728.300,-1172297.770,355.955
-443728.410,-1172297.470,356.195
-443728.540,-1172297.150,356.510
-443728.650,-1172296.880,356.790
-443728.770,-1172296.580,357.115
-443728.880,-1172296.290,357.330
-443729.000,-1172295.990,357.380
-443729.110,-1172295.720,357.395
-443728.880,-1172297.890,355.725
-443729.000,-1172297.590,356.010
-443729.120,-1172297.290,356.270
-443729.230,-1172297.000,356.570
-443729.350,-1172296.710,356.880
-443729.460,-1172296.430,357.150
-443729.590,-1172296.110,357.350
-443729.710,-1172295.800,357.430
-443729.820,-1172295.520,357.420
-443729.950,-1172295.220,357.320
-443730.070,-1172294.900,357.020
-443730.210,-1172294.580,356.600
-443730.320,-1172294.310,356.355
-443730.440,-1172293.990,356.060
-443730.570,-1172293.700,355.830
-443730.660,-1172295.080,357.260
-443730.790,-1172294.760,356.965
-443729.060,-1172297.960,355.670
-443729.180,-1172297.650,355.980
-443729.300,-1172297.340,356.250
-443729.430,-1172297.030,356.555
-443729.550,-1172296.730,356.885
-443729.670,-1172296.420,357.150
-443729.790,-1172296.130,357.360
-443729.900,-1172295.840,357.430
-443730.020,-1172295.560,357.380
-443730.140,-1172295.250,357.335
-443730.270,-1172294.940,357.030
-443730.510,-1172294.340,356.355
-443729.820,-1172297.950,355.675
-443729.940,-1172297.640,355.930
-443730.050,-1172297.360,356.190
-443730.170,-1172297.060,356.510
-443730.290,-1172296.760,356.800
-443730.410,-1172296.460,357.140
-443730.530,-1172296.150,357.420
-443730.650,-1172295.850,357.415
-443730.760,-1172295.570,357.445
-443729.580,-1172297.780,355.780
-443729.690,-1172297.500,356.050
-443729.810,-1172297.190,356.370
-443729.940,-1172296.870,356.770
-443730.050,-1172296.590,357.070
-443730.160,-1172296.310,357.295
-443730.290,-1172296.000,357.395
-443730.410,-1172295.680,357.430
-443730.530,-1172295.380,357.435
-443730.240,-1172297.940,355.660
-443730.370,-1172297.620,355.950
-443730.470,-1172297.350,356.190
-443730.590,-1172297.060,356.510
-443730.710,-1172296.760,356.730
-443730.820,-1172296.470,357.000
-443730.590,-1172297.730,355.930
-443730.710,-1172297.430,356.120
-443730.830,-1172297.120,356.420
-443731.060,-1172297.790,355.750
-443710.110,-1172292.260,355.940
-443710.230,-1172291.950,355.840
-443710.360,-1172291.640,355.650
-443710.410,-1172293.310,356.880
-443710.540,-1172292.980,356.780
-443710.660,-1172292.690,356.335
-443710.780,-1172292.400,356.100
-443710.910,-1172292.090,355.930
-443711.030,-1172291.790,355.840
-443711.150,-1172291.490,355.710
-443710.430,-1172292.330,355.990
-443710.550,-1172292.030,355.850
-443710.660,-1172291.740,355.800
-443710.790,-1172291.440,355.625
-443711.300,-1172293.790,357.120
-443711.430,-1172293.480,357.025
-443711.540,-1172293.190,356.905
-443711.790,-1172292.600,356.510
-443711.910,-1172292.290,356.250
-443712.030,-1172291.990,356.080
-443712.160,-1172291.670,355.955
-443712.290,-1172291.360,355.800
-443712.410,-1172291.080,355.620
-443710.520,-1172294.840,356.940
-443710.740,-1172294.280,357.095
-443710.870,-1172293.970,357.100
-443711.000,-1172293.640,357.105
-443711.120,-1172293.350,356.970
-443711.240,-1172293.060,356.830
-443711.600,-1172292.170,356.085
-443711.720,-1172291.880,355.950
-443711.850,-1172291.560,355.825
-443711.980,-1172291.260,355.670
-443710.420,-1172294.240,357.120
-443710.550,-1172293.930,357.095
-443710.670,-1172293.640,357.055
-443710.780,-1172293.350,356.950
-443710.900,-1172293.070,356.830
-443711.270,-1172292.170,356.060
-443711.270,-1172292.170,356.060
-443711.390,-1172291.850,355.910
-443711.520,-1172291.550,355.760
-443711.640,-1172291.240,355.630
-443712.440,-1172295.310,356.990
-443712.560,-1172295.010,357.550
-443712.690,-1172294.710,357.510
-443712.820,-1172294.390,357.420
-443712.940,-1172294.090,357.360
-443713.060,-1172293.790,357.260
-443713.180,-1172293.500,357.120
-443713.300,-1172293.210,357.000
-443713.420,-1172292.920,356.860
-443714.030,-1172291.410,355.875
-443711.480,-1172296.910,355.610
-443711.590,-1172296.610,355.810
-443711.710,-1172296.320,355.960
-443711.840,-1172296.010,356.190
-443711.960,-1172295.690,356.420
-443712.080,-1172295.390,356.640
-443712.210,-1172295.080,357.005
-443712.560,-1172294.210,357.280
-443712.680,-1172293.910,357.230
-443712.810,-1172293.600,357.160
-443712.930,-1172293.300,357.010
-443713.050,-1172293.000,356.860
-443713.170,-1172292.700,356.690
-443713.540,-1172291.790,356.020
-443713.660,-1172291.510,355.900
-443713.780,-1172291.200,355.790
-443711.260,-1172296.800,355.725
-443711.390,-1172296.480,355.915
-443711.500,-1172296.200,356.060
-443711.620,-1172295.910,356.260
-443711.740,-1172295.620,356.420
-443711.860,-1172295.310,356.630
-443711.980,-1172295.010,356.900
-443712.090,-1172294.730,357.160
-443712.230,-1172294.390,357.230
-443712.350,-1172294.100,357.220
-443712.470,-1172293.800,357.180
-443712.580,-1172293.510,357.120
-443712.720,-1172293.180,356.940
-443712.830,-1172292.920,356.780
-443712.950,-1172292.610,356.550
-443713.070,-1172292.310,356.360
-443713.190,-1172292.020,356.180
-443713.310,-1172291.740,355.990
-443713.420,-1172291.450,355.870
-443713.550,-1172291.140,355.785
-443710.770,-1172297.170,355.525
-443710.900,-1172296.850,355.720
-443711.020,-1172296.550,355.845
-443711.140,-1172296.250,356.040
-443711.260,-1172295.950,356.200
-443711.380,-1172295.640,356.400
-443711.510,-1172295.330,356.580
-443711.620,-1172295.040,356.745
-443711.750,-1172294.740,357.020
-443711.860,-1172294.450,357.160
-443711.990,-1172294.140,357.160
-443712.100,-1172293.850,357.140
-443712.220,-1172293.570,357.115
-443712.340,-1172293.270,356.940
-443712.460,-1172292.980,356.770
-443712.580,-1172292.670,356.550
-443712.700,-1172292.390,356.395
-443712.820,-1172292.100,356.200
-443712.940,-1172291.790,356.010
-443713.060,-1172291.500,355.840
-443713.190,-1172291.200,355.770
-443710.770,-1172296.200,356.055
-443710.900,-1172295.870,356.320
-443711.020,-1172295.600,356.450
-443711.140,-1172295.290,356.620
-443711.250,-1172295.010,356.765
-443711.370,-1172294.720,357.000
-443711.490,-1172294.420,357.110
-443711.600,-1172294.140,357.140
-443711.730,-1172293.830,357.120
-443711.850,-1172293.530,357.080
-443711.960,-1172293.250,356.900
-443712.080,-1172292.960,356.780
-443712.200,-1172292.660,356.550
-443712.330,-1172292.350,356.370
-443712.450,-1172292.050,356.185
-443712.570,-1172291.760,356.020
-443712.690,-1172291.460,355.840
-443712.820,-1172291.150,355.740
-443710.580,-1172295.580,356.570
-443710.700,-1172295.290,356.660
-443710.820,-1172294.990,356.850
-443710.940,-1172294.690,357.030
-443711.060,-1172294.390,357.095
-443711.180,-1172294.100,357.120
-443713.000,-1172298.810,357.200
-443713.120,-1172298.510,357.340
-443713.250,-1172298.200,357.420
-443713.360,-1172297.910,357.500
-443714.330,-1172295.510,358.020
-443714.450,-1172295.210,358.010
-443714.570,-1172294.920,357.985
-443714.700,-1172294.610,357.870
-443714.820,-1172294.300,357.660
-443714.950,-1172293.990,357.490
-443715.070,-1172293.700,357.330
-443715.190,-1172293.390,357.180
-443715.310,-1172293.120,357.005
-443715.430,-1172292.800,356.840
-443715.550,-1172292.520,356.710
-443715.900,-1172291.650,356.200
-443716.030,-1172291.340,355.940
-443716.150,-1172291.050,355.860
-443712.840,-1172298.200,355.390
-443713.080,-1172297.590,357.520
-443713.430,-1172296.720,357.765
-443713.560,-1172296.400,357.850
-443714.050,-1172295.190,358.005
-443714.160,-1172294.910,357.990
-443714.290,-1172294.610,357.840
-443714.410,-1172294.300,357.660
-443714.530,-1172294.000,357.490
-443714.650,-1172293.720,357.320
-443714.760,-1172293.430,357.155
-443714.890,-1172293.120,356.995
-443715.000,-1172292.850,356.855
-443715.120,-1172292.550,356.710
-443715.490,-1172291.660,356.150
-443715.600,-1172291.370,355.990
-443715.860,-1172290.750,355.740
-443712.700,-1172297.360,355.715
-443712.820,-1172297.060,357.595
-443713.060,-1172296.460,357.770
-443713.430,-1172295.530,358.000
-443713.540,-1172295.270,358.000
-443713.660,-1172294.980,357.975
-443713.780,-1172294.690,357.850
-443713.890,-1172294.410,357.690
-443714.020,-1172294.100,357.490
-443714.130,-1172293.810,357.330
-443714.250,-1172293.520,357.170
-443714.380,-1172293.220,357.005
-443714.500,-1172292.920,356.885
-443714.620,-1172292.620,356.755
-443714.860,-1172292.020,356.340
-443715.360,-1172290.790,355.710
-443712.860,-1172296.150,357.820
-443713.210,-1172295.270,357.990
-443713.330,-1172294.980,357.975
-443713.440,-1172294.700,357.850
-443713.570,-1172294.390,357.670
-443713.690,-1172294.100,357.490
-443713.810,-1172293.800,357.325
-443713.930,-1172293.500,357.200
-443714.060,-1172293.190,357.035
-443714.180,-1172292.900,356.915
-443714.290,-1172292.610,356.750
-443714.420,-1172292.310,356.540
-443714.550,-1172291.980,356.295
-443714.670,-1172291.680,356.120
-443714.790,-1172291.380,355.960
-443714.920,-1172291.080,355.815
-443712.250,-1172296.740,355.800
-443712.370,-1172296.430,356.065
-443712.840,-1172295.240,357.930
-443712.970,-1172294.940,357.845
-443713.090,-1172294.630,357.710
-443713.210,-1172294.360,357.585
-443713.330,-1172294.050,357.400
-443713.450,-1172293.750,357.260
-443713.580,-1172293.440,357.120
-443713.700,-1172293.140,357.000
-443713.830,-1172292.830,356.820
-443714.070,-1172292.230,356.360
-443714.190,-1172291.940,356.140
-443714.300,-1172291.660,356.020
-443714.430,-1172291.340,355.905
-443714.560,-1172291.040,355.790
-443711.850,-1172296.810,355.715
-443711.970,-1172296.500,355.875
-443712.090,-1172296.210,356.100
-443712.210,-1172295.910,356.345
-443712.330,-1172295.610,356.670
-443714.740,-1172297.250,357.600
-443714.850,-1172296.970,357.670
-443715.330,-1172295.770,357.980
-443715.450,-1172295.480,358.015
-443715.580,-1172295.160,358.025
-443715.690,-1172294.870,358.005
-443715.810,-1172294.580,357.910
-443715.930,-1172294.280,357.700
-443716.060,-1172293.960,357.570
-443716.180,-1172293.670,357.415
-443716.300,-1172293.370,357.230
-443716.430,-1172293.050,357.040
-443716.560,-1172292.750,356.880
-443716.670,-1172292.460,356.760
-443716.790,-1172292.170,356.590
-443716.910,-1172291.870,356.335
-443717.040,-1172291.570,356.045
-443717.160,-1172291.270,355.905
-443717.280,-1172290.980,355.870
-443717.410,-1172290.660,355.800
-443713.240,-1172299.910,357.080
-443713.370,-1172299.600,357.110
-443713.600,-1172299.020,357.300
-443713.710,-1172298.730,357.360
-443713.830,-1172298.440,357.400
-443714.070,-1172297.850,357.515
-443714.310,-1172297.250,357.620
-443714.430,-1172296.960,357.670
-443714.910,-1172295.770,358.000
-443715.030,-1172295.460,358.025
-443715.160,-1172295.150,358.020
-443715.280,-1172294.850,358.000
-443715.410,-1172294.540,357.825
-443715.530,-1172294.230,357.680
-443715.650,-1172293.940,357.500
-443715.770,-1172293.660,357.360
-443715.880,-1172293.370,357.205
-443716.010,-1172293.060,357.030
-443716.130,-1172292.760,356.850
-443716.250,-1172292.460,356.710
-443716.380,-1172292.150,356.520
-443716.500,-1172291.840,356.335
-443716.750,-1172291.250,355.940
-443716.870,-1172290.940,355.865
-443713.080,-1172299.570,357.040
-443713.200,-1172299.290,357.155
-443713.310,-1172299.000,357.280
-443713.800,-1172297.800,357.525
-443714.040,-1172297.190,357.650
-443714.150,-1172296.920,357.690
-443714.530,-1172295.980,357.960
-443714.770,-1172295.370,358.030
-443714.890,-1172295.080,358.030
-443715.010,-1172294.790,357.970
-443715.120,-1172294.520,357.830
-443715.250,-1172294.190,357.645
-443715.380,-1172293.890,357.485
-443715.500,-1172293.590,357.300
-443715.620,-1172293.290,357.125
-443715.740,-1172292.980,356.970
-443715.870,-1172292.680,356.800
-443715.980,-1172292.410,356.690
-443716.110,-1172292.090,356.470
-443716.230,-1172291.790,356.310
-443716.590,-1172290.900,355.820
-443714.610,-1172299.230,357.210
-443714.730,-1172298.940,357.280
-443714.960,-1172298.360,357.400
-443715.080,-1172298.070,357.470
-443715.320,-1172297.460,357.580
-443715.810,-1172296.250,357.835
-443716.410,-1172294.760,357.980
-443716.520,-1172294.490,357.900
-443716.640,-1172294.210,357.710
-443716.760,-1172293.900,357.600
-443716.890,-1172293.580,357.405
-443717.000,-1172293.320,357.240
-443717.120,-1172293.020,357.120
-443717.250,-1172292.700,356.980
-443717.360,-1172292.420,356.850
-443717.740,-1172291.500,355.970
-443717.850,-1172291.230,355.900
-443717.970,-1172290.930,355.840
-443713.800,-1172300.350,357.080
-443713.910,-1172300.060,357.090
-443714.030,-1172299.770,357.130
-443714.150,-1172299.460,357.200
-443714.520,-1172298.570,357.365
-443714.770,-1172297.940,357.490
-443715.250,-1172296.740,357.740
-443715.360,-1172296.460,357.810
-443715.600,-1172295.880,357.950
-443715.830,-1172295.300,358.010
-443716.200,-1172294.400,357.815
-443716.310,-1172294.120,357.680
-443716.440,-1172293.810,357.505
-443716.560,-1172293.500,357.340
-443716.680,-1172293.220,357.190
-443716.800,-1172292.930,357.040
-443716.920,-1172292.620,356.850
-443717.050,-1172292.300,356.710
-443717.170,-1172292.000,356.465
-443717.420,-1172291.390,355.940
-443717.540,-1172291.100,355.880
-443717.660,-1172290.810,355.820
-443714.020,-1172299.020,357.280
-443714.150,-1172298.710,357.340
-443714.270,-1172298.400,357.410
-443714.380,-1172298.120,357.460
-443714.620,-1172297.530,357.550
-443717.800,-1172294.340,357.960
-443717.930,-1172294.040,357.840
-443718.050,-1172293.730,357.600
-443718.170,-1172293.440,357.460
-443715.050,-1172300.200,357.050
-443715.160,-1172299.920,357.080
-443715.280,-1172299.620,357.110
-443715.530,-1172299.010,357.240
-443715.650,-1172298.710,357.310
-443716.010,-1172297.820,357.490
-443716.380,-1172296.900,357.600
-443716.500,-1172296.590,357.650
-443716.740,-1172296.010,357.770
-443716.860,-1172295.720,357.850
-443716.970,-1172295.420,357.980
-443717.100,-1172295.110,358.005
-443717.220,-1172294.810,357.990
-443717.340,-1172294.520,357.980
-443717.460,-1172294.220,357.875
-443717.590,-1172293.900,357.650
-443717.710,-1172293.610,357.505
-443717.830,-1172293.310,357.340
-443717.950,-1172293.020,357.190
-443718.080,-1172292.700,357.070
-443714.840,-1172299.480,357.140
-443714.960,-1172299.160,357.220
-443715.340,-1172298.240,357.395
-443715.460,-1172297.940,357.470
-443715.570,-1172297.650,357.520
-443715.930,-1172296.770,357.730
-443716.050,-1172296.450,357.770
-443716.170,-1172296.160,357.810
-443716.290,-1172295.860,357.890
-443716.420,-1172295.550,357.970
-443716.540,-1172295.240,358.010
-443716.660,-1172294.950,358.010
-443716.780,-1172294.640,357.970
-443716.900,-1172294.360,357.870
-443717.030,-1172294.050,357.725
-443717.150,-1172293.760,357.535
-443717.260,-1172293.470,357.370
-443717.380,-1172293.190,357.220
-443717.500,-1172292.890,357.085
-443717.620,-1172292.580,356.960
-443715.930,-1172299.980,357.060
-443716.040,-1172299.690,357.100
-443716.160,-1172299.390,357.140
-443716.400,-1172298.800,357.230
-443716.880,-1172297.620,356.845
-443716.990,-1172297.350,356.970
-443717.110,-1172297.040,357.050
-443717.230,-1172296.740,357.185
-443717.350,-1172296.440,357.280
-443717.470,-1172296.150,357.400
-443717.590,-1172295.850,357.640
-443717.710,-1172295.550,357.820
-443717.830,-1172295.250,357.980
-443717.950,-1172294.950,358.010
-443718.080,-1172294.640,358.010
-443718.200,-1172294.330,357.980
-443715.530,-1172299.990,357.060
-443715.640,-1172299.710,357.090
-443715.760,-1172299.420,357.145
-443716.000,-1172298.830,357.275
-443716.230,-1172298.230,357.385
-443716.350,-1172297.940,357.400
-443716.840,-1172296.750,357.390
-443716.960,-1172296.440,357.500
-443717.080,-1172296.140,357.600
-443717.210,-1172295.820,357.745
-443717.330,-1172295.520,357.890
-443717.450,-1172295.210,357.990
-443717.570,-1172294.930,357.995
-443717.680,-1172294.630,358.010
-443716.600,-1172299.940,357.000
-443716.710,-1172299.670,357.005
-443717.080,-1172298.770,356.110
-443717.190,-1172298.490,356.220
-443717.310,-1172298.180,356.290
-443717.440,-1172297.850,356.460
-443717.560,-1172297.560,356.590
-443717.680,-1172297.270,356.760
-443717.800,-1172296.970,356.910
-443717.920,-1172296.660,357.090
-443718.040,-1172296.360,357.270
-443718.150,-1172296.080,357.465
-443718.270,-1172295.790,357.620
-443718.390,-1172295.480,357.850
-443716.150,-1172300.030,357.070
-443716.280,-1172299.720,357.090
-443716.400,-1172299.410,357.120
-443717.010,-1172297.920,356.585
-443717.120,-1172297.640,356.685
-443717.230,-1172297.350,356.860
-443717.350,-1172297.060,356.990
-443717.480,-1172296.750,357.100
-443717.590,-1172296.470,357.240
-443717.710,-1172296.180,357.430
-443717.830,-1172295.870,357.620
-443717.950,-1172295.570,357.835
-443718.070,-1172295.270,357.980
-443718.190,-1172294.960,358.010
-443718.310,-1172294.680,358.000
-443718.430,-1172297.260,356.685
-443716.880,-1172300.110,355.355
-443717.260,-1172299.190,355.775
-443717.380,-1172298.890,355.820
-443717.500,-1172298.590,355.965
-443717.610,-1172298.300,356.150
-443717.720,-1172298.020,356.275
-443717.850,-1172297.700,356.490
-443717.970,-1172297.400,356.640
-443718.090,-1172297.110,356.790
-443718.210,-1172296.810,356.980
-443718.340,-1172296.490,357.160
-443718.460,-1172296.190,357.350
-443718.110,-1172298.830,355.760
-443718.230,-1172298.520,355.950
-443718.350,-1172298.240,356.090
-443718.460,-1172297.950,356.260
-443717.690,-1172299.110,355.645
-443717.810,-1172298.790,355.810
-443717.940,-1172298.480,355.970
-443718.060,-1172298.180,356.125
-443718.180,-1172297.870,356.340
-443718.310,-1172297.550,356.500
-443718.610,-1172298.800,355.760
-443727.990,-1172290.460,355.370
-443727.740,-1172290.660,355.440
-443727.490,-1172290.870,355.535
-443727.510,-1172290.420,355.535
-443728.690,-1172290.460,355.110
-443728.440,-1172290.660,355.200
-443728.180,-1172290.880,355.290
-443727.930,-1172291.090,355.385
-443727.680,-1172291.300,355.490
-443727.450,-1172291.490,355.570
-443729.500,-1172290.380,354.850
-443729.230,-1172290.600,354.900
-443729.000,-1172290.790,355.000
-443728.740,-1172291.010,355.090
-443728.480,-1172291.220,355.185
-443728.240,-1172291.420,355.290
-443728.020,-1172291.610,355.360
-443727.750,-1172291.830,355.475
-443727.500,-1172292.040,355.570
-443719.100,-1172299.040,355.560
-443729.980,-1172290.840,354.800
-443729.740,-1172291.030,354.835
-443729.480,-1172291.250,354.880
-443729.240,-1172291.450,354.935
-443728.980,-1172291.660,355.035
-443728.750,-1172291.860,355.115
-443728.500,-1172292.060,355.210
-443728.260,-1172292.260,355.290
-443728.030,-1172292.460,355.375
-443727.770,-1172292.680,355.500
-443727.530,-1172292.870,355.570
-443720.380,-1172298.830,355.560
-443720.130,-1172299.040,355.490
-443719.890,-1172299.240,355.370
-443719.650,-1172299.440,355.320
-443719.390,-1172299.650,355.245
-443730.010,-1172290.410,354.790
-443729.780,-1172290.600,354.810
-443729.550,-1172290.800,354.845
-443729.300,-1172291.010,354.900
-443729.030,-1172291.230,355.005
-443728.800,-1172291.420,355.085
-443728.580,-1172291.610,355.150
-443728.310,-1172291.830,355.270
-443728.070,-1172292.030,355.370
-443727.830,-1172292.230,355.460
-443727.560,-1172292.450,355.555
-443719.690,-1172299.010,355.560
-443719.460,-1172299.200,355.460
-443719.190,-1172299.430,355.350
-443730.090,-1172291.250,354.780
-443729.860,-1172291.440,354.810
-443729.610,-1172291.650,354.860
-443729.340,-1172291.870,354.920
-443729.090,-1172292.090,355.010
-443728.860,-1172292.280,355.090
-443728.600,-1172292.490,355.200
-443728.360,-1172292.690,355.270
-443728.100,-1172292.910,355.380
-443727.870,-1172293.100,355.495
-443727.630,-1172293.300,355.605
-443720.950,-1172298.860,355.560
-443720.720,-1172299.050,355.445
-443720.470,-1172299.260,355.370
-443720.220,-1172299.470,355.290
-443719.990,-1172299.670,355.220
-443719.750,-1172299.860,355.150
-443719.520,-1172300.060,355.110
-443719.250,-1172300.280,355.020
-443729.960,-1172291.840,354.820
-443729.730,-1172292.040,354.855
-443729.470,-1172292.250,354.920
-443729.220,-1172292.460,355.010
-443728.980,-1172292.660,355.100
-443728.730,-1172292.870,355.200
-443728.470,-1172293.090,355.310
-443728.220,-1172293.290,355.420
-443727.970,-1172293.500,355.530
-443727.730,-1172293.700,355.660
-443721.580,-1172298.830,355.560
-443721.340,-1172299.030,355.455
-443721.090,-1172299.230,355.400
-443720.840,-1172299.450,355.305
-443720.580,-1172299.660,355.240
-443720.350,-1172299.860,355.145
-443720.090,-1172300.070,355.090
-443721.340,-1172299.880,355.160
-443730.230,-1172292.080,354.790
-443729.990,-1172292.280,354.840
-443729.740,-1172292.490,354.920
-443729.470,-1172292.710,355.010
-443729.230,-1172292.910,355.090
-443729.010,-1172293.100,355.180
-443728.760,-1172293.310,355.300
-443728.490,-1172293.530,355.420
-443728.250,-1172293.740,355.530
-443721.830,-1172299.080,355.430
-443721.610,-1172299.270,355.360
-443721.360,-1172299.470,355.290
-443721.110,-1172299.680,355.215
-443720.870,-1172299.880,355.180
-443730.170,-1172293.050,355.000
-443729.940,-1172293.240,355.150
-443729.680,-1172293.460,355.280
-443723.230,-1172298.830,355.540
-443723.010,-1172299.020,355.430
-443722.790,-1172299.200,355.365
-443722.530,-1172299.410,355.220
-443722.290,-1172299.620,355.200
-443722.030,-1172299.830,355.080
-443730.220,-1172292.480,354.835
-443729.990,-1172292.670,354.910
-443729.740,-1172292.880,355.010
-443729.490,-1172293.090,355.090
-443729.240,-1172293.300,355.185
-443728.990,-1172293.510,355.300
-443722.580,-1172298.850,355.560
-443722.330,-1172299.050,355.445
-443722.090,-1172299.250,355.335
-443721.840,-1172299.460,355.290
-443723.840,-1172298.800,355.540
-443723.600,-1172299.000,355.390
-443723.350,-1172299.210,355.290
-443723.110,-1172299.410,355.180
-443722.880,-1172299.600,355.055
-443724.580,-1172298.580,355.600
-443724.310,-1172298.800,355.500
-443724.060,-1172299.010,355.335
-443723.820,-1172299.210,355.250
-443723.570,-1172299.420,355.180
-443723.310,-1172299.630,355.070
-443725.440,-1172298.650,355.480
-443725.180,-1172298.870,355.440
-443724.930,-1172299.070,355.300
-443724.710,-1172299.260,355.200
-443724.450,-1172299.470,355.140
-443724.670,-1172298.830,355.390
-443723.930,-1172299.440,355.060
-443723.690,-1172299.640,355.030
-443725.990,-1172298.580,355.480
-443725.730,-1172298.790,355.390
-443725.500,-1172298.990,355.305
-443725.260,-1172299.190,355.180
-443725.010,-1172299.400,355.150
-443727.130,-1172298.450,355.510
-443726.890,-1172298.660,355.400
-443726.650,-1172298.850,355.300
-443726.400,-1172299.070,355.240
-443726.140,-1172299.280,355.150
-443726.640,-1172298.490,355.480
-443726.410,-1172298.680,355.440
-443726.150,-1172298.900,355.310
-443725.910,-1172299.100,355.250
-443725.680,-1172299.290,355.150
-443728.020,-1172298.270,355.550
-443727.770,-1172298.480,355.460
-443727.520,-1172298.690,355.320
-443727.260,-1172298.910,355.250
-443727.020,-1172299.100,355.150
-443728.560,-1172298.230,355.540
-443728.310,-1172298.440,355.430
-443728.060,-1172298.650,355.340
-443727.820,-1172298.850,355.250
-443727.580,-1172299.050,355.140
-443729.070,-1172298.190,355.480
-443728.830,-1172298.380,355.410
-443728.590,-1172298.580,355.305
-443728.340,-1172298.790,355.240
-443728.100,-1172298.990,355.130
-443729.360,-1172298.200,355.455
-443729.100,-1172298.410,355.350
-443728.870,-1172298.610,355.270
-443728.620,-1172298.820,355.145
-443728.380,-1172299.020,355.100
-443729.980,-1172298.100,355.520
-443729.730,-1172298.310,355.410
-443729.490,-1172298.510,355.290
-443729.250,-1172298.710,355.200
-443728.990,-1172298.930,355.110
-443730.620,-1172297.970,355.630
-443730.370,-1172298.190,355.490
-443730.110,-1172298.400,355.295
-443729.860,-1172298.610,355.215
-443729.610,-1172298.820,355.145
-443729.370,-1172299.020,355.030
-443731.020,-1172298.100,355.550
-443730.780,-1172298.300,355.400
-443730.520,-1172298.510,355.270
-443730.290,-1172298.710,355.185
-443730.030,-1172298.920,355.090
-443730.960,-1172298.560,355.215
-443730.710,-1172298.760,355.145
-443719.150,-1172299.850,355.180
-443718.900,-1172300.060,355.110
-443718.650,-1172300.270,355.060
-443718.940,-1172299.630,355.260
-443718.700,-1172299.830,355.210
-443718.440,-1172300.050,355.200
-443718.180,-1172300.260,355.115
-443718.860,-1172299.240,355.480
-443718.620,-1172299.430,355.390
-443718.390,-1172299.630,355.315
-443718.130,-1172299.840,355.225
-443717.870,-1172300.060,355.185
-443717.630,-1172300.260,355.115
-443717.380,-1172300.470,355.060
-443718.330,-1172299.080,355.560
-443718.070,-1172299.300,355.510
-443717.810,-1172299.520,355.380
-443717.580,-1172299.710,355.350
-443717.330,-1172299.920,355.280
-443717.080,-1172300.130,355.340
-443716.840,-1172300.330,355.280
-443716.600,-1172300.530,356.990
-443717.380,-1172299.290,355.650
-443712.600,-1172300.150,353.920
-443712.410,-1172299.760,354.050
-443712.170,-1172299.960,353.890
-443711.930,-1172300.170,353.820
-443712.600,-1172299.220,354.360
-443712.350,-1172299.430,354.100
-443712.120,-1172299.620,354.015
-443711.860,-1172299.840,353.910
-443711.620,-1172300.040,353.885
-443711.370,-1172300.240,353.810
-443711.130,-1172300.440,353.750
-443712.650,-1172298.770,354.720
-443712.410,-1172298.960,354.465
-443712.160,-1172299.170,354.240
-443711.910,-1172299.380,354.100
-443711.680,-1172299.570,354.020
-443711.440,-1172299.770,353.940
-443711.200,-1172299.970,353.895
-443710.950,-1172300.180,353.835
-443712.290,-1172298.600,354.640
-443712.040,-1172298.810,354.475
-443711.800,-1172299.010,354.370
-443711.560,-1172299.210,354.230
-443711.310,-1172299.420,354.070
-443711.080,-1172299.610,354.015
-443712.550,-1172297.950,355.165
-443712.300,-1172298.160,354.940
-443712.060,-1172298.360,354.740
-443711.810,-1172298.570,354.580
-443711.550,-1172298.780,354.520
-443711.310,-1172298.980,354.395
-443711.070,-1172299.180,354.240
-443712.390,-1172297.680,355.280
-443712.160,-1172297.870,355.120
-443711.910,-1172298.070,354.950
-443711.640,-1172298.300,354.790
-443711.390,-1172298.510,354.710
-443711.150,-1172298.710,354.570
-443712.630,-1172297.010,355.815
-443712.370,-1172297.220,355.490
-443712.110,-1172297.440,355.340
-443711.860,-1172297.640,355.180
-443711.620,-1172297.850,355.080
-443711.380,-1172298.040,354.960
-443711.140,-1172298.240,354.850
-443710.890,-1172298.460,354.720
-443712.000,-1172296.980,355.605
-443711.750,-1172297.180,355.445
-443711.500,-1172297.390,355.350
-443711.240,-1172297.610,355.235
-443710.990,-1172297.810,355.135
-443711.140,-1172297.110,355.570
-443710.900,-1172297.320,355.380
-443718.320,-1172290.370,355.790
-443717.220,-1172290.420,355.750
-443716.710,-1172290.500,355.730
-443716.210,-1172290.490,355.720
-443715.670,-1172290.460,355.670
-443715.400,-1172290.680,355.690
-443715.020,-1172290.480,355.580
-443714.760,-1172290.690,355.670
-443714.490,-1172290.500,355.580
-443714.250,-1172290.700,355.670
-443713.990,-1172290.560,355.585
-443713.740,-1172290.770,355.650
-443713.330,-1172290.660,355.575
-443713.100,-1172290.850,355.600
-443712.900,-1172290.560,355.520
-443712.640,-1172290.770,355.535
-443712.400,-1172290.970,355.570
-443712.420,-1172290.520,355.470
-443712.160,-1172290.740,355.490
-443711.910,-1172290.940,355.560
-443711.980,-1172290.440,355.400
-443711.730,-1172290.650,355.470
-443711.500,-1172290.840,355.500
-443711.240,-1172291.050,355.540
-443711.080,-1172290.580,355.375
-443710.840,-1172290.780,355.385
-443710.600,-1172290.980,355.400
-443710.330,-1172291.200,355.490
-443710.110,-1172291.390,355.535
-443710.560,-1172290.460,355.270
-443710.330,-1172290.660,355.300
-443710.090,-1172290.850,355.330
-443709.860,-1172291.050,355.360
-443710.110,-1172290.370,355.200
-443709.880,-1172290.560,355.205
-443718.600,-1172290.540,355.840
-443719.030,-1172290.550,355.840
-443718.770,-1172290.770,355.865
-443718.540,-1172290.960,355.880
-443719.890,-1172290.410,355.950
-443719.620,-1172290.640,355.940
-443719.380,-1172290.840,355.960
-443719.140,-1172291.030,355.970
-443718.890,-1172291.250,355.990
-443720.520,-1172290.440,356.045
-443720.260,-1172290.660,356.030
-443720.010,-1172290.860,356.090
-443719.750,-1172291.080,356.130
-443719.500,-1172291.290,356.150
-443719.260,-1172291.490,356.250
-443721.020,-1172290.500,357.460
-443721.030,-1172290.490,357.510
-443720.780,-1172290.700,356.275
-443720.520,-1172290.920,356.240
-443720.280,-1172291.120,356.240
-443720.040,-1172291.310,356.260
-443719.790,-1172291.520,356.360
-443719.540,-1172291.730,356.480
-443719.290,-1172291.940,356.710
-443719.040,-1172292.150,356.840
-443718.770,-1172292.370,356.960
-443721.630,-1172290.390,357.600
-443721.400,-1172290.590,357.560
-443721.160,-1172290.780,357.470
-443720.930,-1172290.980,356.510
-443720.670,-1172291.190,356.390
-443720.440,-1172291.390,356.370
-443720.200,-1172291.580,356.430
-443719.940,-1172291.800,356.550
-443719.700,-1172292.000,356.715
-443719.450,-1172292.210,356.840
-443719.200,-1172292.420,356.960
-443718.950,-1172292.620,357.060
-443718.710,-1172292.820,357.135
-443722.120,-1172290.420,357.470
-443721.870,-1172290.630,357.555
-443721.630,-1172290.830,357.555
-443721.370,-1172291.050,357.500
-443721.140,-1172291.240,356.680
-443720.880,-1172291.450,356.615
-443720.640,-1172291.650,356.580
-443720.410,-1172291.850,356.615
-443720.170,-1172292.050,356.690
-443719.940,-1172292.240,356.820
-443719.670,-1172292.460,356.970
-443719.440,-1172292.650,357.070
-443719.210,-1172292.850,357.140
-443718.940,-1172293.070,357.245
-443718.710,-1172293.260,357.320
-443722.530,-1172290.540,357.330
-443722.290,-1172290.740,357.450
-443722.040,-1172290.950,357.510
-443721.780,-1172291.170,357.510
-443721.540,-1172291.370,357.530
-443721.040,-1172291.790,356.820
-443720.780,-1172292.000,356.820
-443720.550,-1172292.190,356.875
-443720.290,-1172292.400,356.940
-443720.050,-1172292.610,357.100
-443719.800,-1172292.820,357.200
-443719.560,-1172293.010,357.270
-443719.320,-1172293.220,357.380
-443719.080,-1172293.420,357.480
-443718.850,-1172293.610,357.570
-443723.230,-1172290.380,357.060
-443722.980,-1172290.590,357.160
-443722.710,-1172290.810,357.280
-443722.460,-1172291.020,357.340
-443722.210,-1172291.220,357.430
-443721.970,-1172291.420,357.510
-443721.250,-1172292.020,357.145
-443720.990,-1172292.240,357.005
-443720.750,-1172292.440,357.070
-443720.500,-1172292.650,357.175
-443720.250,-1172292.850,357.260
-443719.990,-1172293.070,357.355
-443719.750,-1172293.280,357.455
-443719.500,-1172293.480,357.540
-443719.270,-1172293.670,357.625
-443719.000,-1172293.890,357.740
-443718.770,-1172294.090,357.880
-443723.520,-1172290.520,356.960
-443723.270,-1172290.730,357.050
-443723.030,-1172290.930,357.130
-443722.770,-1172291.140,357.245
-443722.540,-1172291.340,357.310
-443721.280,-1172292.390,357.340
-443721.030,-1172292.590,357.310
-443720.780,-1172292.800,357.380
-443720.550,-1172292.990,357.390
-443720.310,-1172293.190,357.465
-443720.050,-1172293.400,357.550
-443719.800,-1172293.620,357.640
-443719.570,-1172293.810,357.725
-443719.310,-1172294.030,357.880
-443719.060,-1172294.230,357.960
-443718.810,-1172294.440,357.990
-443724.190,-1172290.510,356.720
-443723.940,-1172290.710,356.830
-443723.700,-1172290.910,356.915
-443723.470,-1172291.100,357.000
-443723.220,-1172291.310,357.050
-443722.980,-1172291.510,357.135
-443722.730,-1172291.720,357.260
-443721.980,-1172292.340,357.480
-443721.730,-1172292.550,357.520
-443721.500,-1172292.740,357.540
-443721.260,-1172292.940,357.610
-443721.010,-1172293.150,357.640
-443720.750,-1172293.370,357.690
-443720.500,-1172293.570,357.715
-443720.250,-1172293.790,357.780
-443719.980,-1172294.010,357.910
-443719.750,-1172294.200,357.995
-443719.520,-1172294.390,358.025
-443719.280,-1172294.590,358.020
-443719.020,-1172294.810,358.020
-443718.770,-1172295.010,357.990
-443724.890,-1172290.440,356.455
-443724.640,-1172290.650,356.550
-443724.390,-1172290.860,356.640
-443724.140,-1172291.060,356.740
-443723.910,-1172291.260,356.830
-443723.650,-1172291.470,356.920
-443723.420,-1172291.670,357.005
-443723.170,-1172291.880,357.080
-443722.940,-1172292.070,357.180
-443722.700,-1172292.270,357.280
-443722.430,-1172292.490,357.360
-443722.200,-1172292.680,357.470
-443721.960,-1172292.880,357.525
-443721.710,-1172293.090,357.600
-443721.470,-1172293.290,357.640
-443721.220,-1172293.500,357.700
-443720.960,-1172293.710,357.780
-443720.720,-1172293.910,357.875
-443720.480,-1172294.110,357.975
-443720.230,-1172294.320,358.000
-443719.980,-1172294.530,358.010
-443719.730,-1172294.730,358.020
-443719.470,-1172294.950,357.975
-443719.220,-1172295.160,357.940
-443718.990,-1172295.360,357.855
-443725.350,-1172290.500,356.280
-443725.100,-1172290.710,356.360
-443724.840,-1172290.920,356.480
-443724.590,-1172291.130,356.570
-443724.360,-1172291.330,356.665
-443724.100,-1172291.540,356.765
-443723.840,-1172291.760,356.880
-443723.590,-1172291.960,356.950
-443723.360,-1172292.160,357.030
-443723.100,-1172292.370,357.150
-443722.850,-1172292.580,357.260
-443722.610,-1172292.780,357.340
-443722.360,-1172292.990,357.440
-443722.120,-1172293.190,357.530
-443721.890,-1172293.380,357.610
-443721.650,-1172293.580,357.640
-443721.400,-1172293.790,357.740
-443720.910,-1172294.200,357.920
-443720.670,-1172294.400,357.980
-443720.420,-1172294.600,358.010
-443720.170,-1172294.820,358.000
-443719.930,-1172295.020,357.970
-443719.680,-1172295.220,357.890
-443719.440,-1172295.420,357.735
-443719.190,-1172295.630,357.620
-443718.940,-1172295.840,357.515
-443725.880,-1172290.410,356.090
-443725.620,-1172290.630,356.180
-443725.370,-1172290.840,356.270
-443725.110,-1172291.060,356.380
-443724.860,-1172291.260,356.460
-443724.620,-1172291.470,356.570
-443724.380,-1172291.660,356.660
-443724.140,-1172291.860,356.760
-443723.890,-1172292.070,356.850
-443723.640,-1172292.280,356.955
-443723.400,-1172292.480,357.045
-443723.140,-1172292.690,357.130
-443722.890,-1172292.910,357.260
-443722.640,-1172293.120,357.370
-443722.390,-1172293.320,357.440
-443722.150,-1172293.530,357.520
-443721.900,-1172293.730,357.600
-443721.650,-1172293.940,357.690
-443721.410,-1172294.140,357.820
-443720.930,-1172294.530,357.940
-443720.700,-1172294.730,357.980
-443720.440,-1172294.940,357.980
-443720.200,-1172295.140,357.910
-443719.960,-1172295.340,357.780
-443719.720,-1172295.550,357.650
-443719.470,-1172295.750,357.550
-443719.220,-1172295.960,357.440
-443718.970,-1172296.170,357.305
-443726.420,-1172290.430,355.910
-443726.170,-1172290.640,356.010
-443725.930,-1172290.840,356.070
-443725.670,-1172291.050,356.180
-443725.410,-1172291.270,356.275
-443725.180,-1172291.460,356.350
-443724.930,-1172291.670,356.450
-443724.680,-1172291.880,356.555
-443724.430,-1172292.090,356.665
-443724.180,-1172292.300,356.740
-443723.910,-1172292.520,356.860
-443723.660,-1172292.720,356.980
-443723.430,-1172292.920,357.055
-443723.190,-1172293.120,357.150
-443722.940,-1172293.320,357.250
-443722.690,-1172293.530,357.350
-443722.450,-1172293.730,357.440
-443722.200,-1172293.940,357.520
-443721.940,-1172294.160,357.610
-443721.700,-1172294.360,357.740
-443721.440,-1172294.580,357.820
-443721.200,-1172294.780,357.880
-443720.940,-1172294.990,357.895
-443720.720,-1172295.180,357.890
-443720.460,-1172295.390,357.730
-443720.220,-1172295.590,357.620
-443719.980,-1172295.790,357.540
-443719.750,-1172295.980,357.405
-443719.500,-1172296.190,357.320
-443719.250,-1172296.400,357.170
-443719.020,-1172296.590,357.070
-443727.260,-1172290.630,355.630
-443727.010,-1172290.840,355.710
-443726.750,-1172291.050,355.810
-443726.530,-1172291.240,355.900
-443726.280,-1172291.450,355.980
-443726.030,-1172291.660,356.070
-443725.780,-1172291.860,356.150
-443725.550,-1172292.050,356.260
-443725.310,-1172292.250,356.330
-443725.060,-1172292.470,356.450
-443724.820,-1172292.660,356.550
-443724.580,-1172292.860,356.690
-443724.330,-1172293.070,356.760
-443724.080,-1172293.280,356.850
-443723.830,-1172293.490,356.930
-443723.590,-1172293.690,357.015
-443723.340,-1172293.900,357.110
-443723.090,-1172294.100,357.210
-443722.850,-1172294.300,357.320
-443722.600,-1172294.510,357.420
-443722.330,-1172294.740,357.500
-443722.080,-1172294.940,357.620
-443721.830,-1172295.150,357.680
-443721.590,-1172295.350,357.710
-443721.350,-1172295.550,357.720
-443721.120,-1172295.740,357.680
-443720.870,-1172295.950,357.440
-443720.610,-1172296.170,357.260
-443720.360,-1172296.370,357.150
-443720.120,-1172296.580,357.035
-443719.870,-1172296.780,356.905
-443719.610,-1172297.000,356.770
-443719.370,-1172297.200,356.650
-443719.130,-1172297.400,356.520
-443726.860,-1172290.510,355.760
-443726.620,-1172290.710,355.855
-443726.380,-1172290.910,355.950
-443726.140,-1172291.110,356.010
-443725.890,-1172291.320,356.105
-443725.650,-1172291.520,356.195
-443725.410,-1172291.720,356.280
-443725.150,-1172291.930,356.370
-443724.920,-1172292.120,356.475
-443724.660,-1172292.340,356.620
-443724.410,-1172292.550,356.700
-443724.170,-1172292.750,356.770
-443723.930,-1172292.950,356.870
-443723.680,-1172293.160,356.960
-443723.420,-1172293.370,357.090
-443723.170,-1172293.580,357.180
-443722.910,-1172293.800,357.280
-443722.660,-1172294.010,357.380
-443722.430,-1172294.200,357.470
-443722.180,-1172294.400,357.560
-443721.950,-1172294.600,357.620
-443721.690,-1172294.810,357.720
-443721.440,-1172295.020,357.780
-443721.200,-1172295.220,357.800
-443720.950,-1172295.430,357.790
-443720.700,-1172295.640,357.635
-443720.440,-1172295.850,357.470
-443720.200,-1172296.060,357.345
-443719.950,-1172296.260,357.240
-443719.710,-1172296.460,357.120
-443719.460,-1172296.670,357.000
-443719.220,-1172296.870,356.880
-443718.980,-1172297.070,356.765
-443727.190,-1172291.710,355.660
-443726.950,-1172291.910,355.745
-443726.710,-1172292.110,355.845
-443726.450,-1172292.320,355.960
-443726.210,-1172292.530,356.020
-443725.960,-1172292.730,356.110
-443725.710,-1172292.940,356.210
-443725.440,-1172293.160,356.330
-443725.200,-1172293.360,356.520
-443724.460,-1172293.980,356.830
-443724.220,-1172294.180,356.860
-443724.000,-1172294.370,356.910
-443723.750,-1172294.570,357.000
-443723.510,-1172294.780,357.100
-443723.260,-1172294.980,357.210
-443723.030,-1172295.170,357.320
-443722.780,-1172295.380,357.400
-443722.520,-1172295.600,357.540
-443722.290,-1172295.790,357.605
-443722.040,-1172295.990,357.615
-443721.780,-1172296.210,357.580
-443721.540,-1172296.410,357.410
-443721.310,-1172296.610,357.150
-443721.060,-1172296.810,356.890
-443720.790,-1172297.030,356.685
-443720.550,-1172297.240,356.580
-443720.300,-1172297.450,356.430
-443720.040,-1172297.660,356.340
-443719.790,-1172297.870,356.215
-443719.560,-1172298.060,356.125
-443719.330,-1172298.250,356.000
-443719.070,-1172298.470,355.915
-443727.240,-1172291.080,355.630
-443726.990,-1172291.280,355.710
-443726.740,-1172291.490,355.810
-443726.490,-1172291.710,355.920
-443726.230,-1172291.920,356.010
-443725.990,-1172292.120,356.085
-443725.740,-1172292.330,356.180
-443725.500,-1172292.530,356.260
-443725.250,-1172292.740,356.405
-443725.000,-1172292.940,356.540
-443724.770,-1172293.130,356.690
-443724.530,-1172293.330,356.760
-443724.290,-1172293.540,356.845
-443724.040,-1172293.740,356.900
-443723.800,-1172293.940,356.970
-443723.560,-1172294.140,357.055
-443723.310,-1172294.360,357.150
-443723.070,-1172294.550,357.260
-443722.810,-1172294.760,357.360
-443722.560,-1172294.980,357.460
-443722.320,-1172295.180,357.555
-443722.090,-1172295.370,357.610
-443721.830,-1172295.580,357.640
-443721.570,-1172295.800,357.660
-443721.330,-1172296.000,357.610
-443721.070,-1172296.220,357.340
-443720.820,-1172296.430,357.090
-443720.570,-1172296.630,357.000
-443720.340,-1172296.830,356.840
-443720.100,-1172297.030,356.740
-443719.850,-1172297.230,356.640
-443719.590,-1172297.450,356.520
-443719.360,-1172297.640,356.390
-443719.100,-1172297.860,356.290
-443724.850,-1172294.710,356.750
-443724.590,-1172294.930,356.830
-443724.350,-1172295.130,356.910
-443724.110,-1172295.330,357.015
-443723.840,-1172295.550,357.145
-443723.580,-1172295.770,357.280
-443723.350,-1172295.960,357.390
-443723.100,-1172296.160,357.460
-443722.850,-1172296.370,357.510
-443722.370,-1172296.780,357.510
-443721.890,-1172297.180,356.870
-443721.650,-1172297.380,356.610
-443721.410,-1172297.580,356.420
-443721.160,-1172297.780,356.210
-443720.920,-1172297.980,356.100
-443720.670,-1172298.190,355.945
-443720.450,-1172298.380,355.880
-443720.180,-1172298.600,355.760
-443719.920,-1172298.820,355.625
-443727.250,-1172292.250,355.660
-443727.000,-1172292.460,355.740
-443726.740,-1172292.670,355.850
-443726.500,-1172292.870,355.955
-443726.260,-1172293.070,356.025
-443726.030,-1172293.270,356.110
-443725.770,-1172293.480,356.220
-443725.510,-1172293.690,356.330
-443724.760,-1172294.320,356.750
-443724.510,-1172294.530,356.830
-443724.270,-1172294.730,356.860
-443724.020,-1172294.940,356.965
-443723.780,-1172295.140,357.050
-443723.520,-1172295.350,357.180
-443723.290,-1172295.550,357.320
-443723.050,-1172295.750,357.390
-443722.810,-1172295.940,357.510
-443722.570,-1172296.150,357.570
-443722.320,-1172296.350,357.575
-443722.080,-1172296.560,357.545
-443721.840,-1172296.760,357.300
-443721.590,-1172296.960,357.010
-443721.100,-1172297.370,356.490
-443720.850,-1172297.580,356.320
-443720.610,-1172297.780,356.200
-443720.370,-1172297.980,356.115
-443719.860,-1172298.400,355.910
-443719.610,-1172298.610,355.790
-443719.350,-1172298.830,355.680
-443727.290,-1172293.070,355.660
-443727.040,-1172293.280,355.775
-443726.810,-1172293.480,355.860
-443726.550,-1172293.690,355.985
-443726.290,-1172293.910,356.070
-443726.060,-1172294.100,356.190
-443725.810,-1172294.300,356.320
-443725.560,-1172294.520,356.510
-443725.300,-1172294.730,356.625
-443725.050,-1172294.940,356.690
-443724.790,-1172295.150,356.800
-443724.540,-1172295.370,356.940
-443724.300,-1172295.560,357.050
-443724.070,-1172295.760,357.175
-443723.320,-1172296.380,357.410
-443723.080,-1172296.580,357.435
-443722.820,-1172296.800,357.430
-443722.570,-1172297.000,357.350
-443722.320,-1172297.210,356.990
-443722.080,-1172297.410,356.720
-443721.590,-1172297.820,356.230
-443721.340,-1172298.030,356.100
-443721.100,-1172298.240,355.910
-443720.860,-1172298.430,355.780
-443720.630,-1172298.630,355.700
-443727.320,-1172292.650,355.650
-443727.090,-1172292.840,355.740
-443726.840,-1172293.050,355.835
-443726.580,-1172293.270,355.935
-443726.320,-1172293.490,356.035
-443726.080,-1172293.690,356.125
-443725.820,-1172293.900,356.230
-443725.570,-1172294.110,356.380
-443725.330,-1172294.310,356.550
-443725.100,-1172294.500,356.675
-443725.290,-1172295.740,357.345
-443725.050,-1172295.940,357.350
-443724.800,-1172296.150,357.370
-443724.540,-1172296.360,357.320
-443724.300,-1172296.560,357.350
-443723.820,-1172296.970,357.250
-443723.560,-1172297.180,357.060
-443723.310,-1172297.390,356.920
-443723.060,-1172297.600,356.720
-443722.800,-1172297.810,356.500
-443722.570,-1172298.010,356.320
-443722.330,-1172298.200,356.120
-443722.090,-1172298.400,355.900
-443721.830,-1172298.620,355.750
-443727.390,-1172293.500,355.685
-443727.140,-1172293.700,355.800
-443726.900,-1172293.910,355.905
-443726.650,-1172294.110,356.015
-443726.400,-1172294.320,356.120
-443726.160,-1172294.520,356.255
-443725.920,-1172294.720,356.410
-443725.660,-1172294.940,356.540
-443725.420,-1172295.140,356.665
-443724.930,-1172295.550,357.020
-443724.170,-1172296.180,357.355
-443723.920,-1172296.390,357.375
-443723.660,-1172296.610,357.360
-443723.430,-1172296.800,357.335
-443723.200,-1172296.990,357.270
-443722.950,-1172297.200,357.070
-443722.700,-1172297.410,356.920
-443722.450,-1172297.620,356.625
-443722.210,-1172297.820,356.360
-443721.950,-1172298.030,356.155
-443721.700,-1172298.240,355.990
-443721.450,-1172298.440,355.800
-443721.210,-1172298.650,355.700
-443728.020,-1172293.930,355.650
-443727.750,-1172294.150,355.770
-443727.490,-1172294.370,355.930
-443727.240,-1172294.570,356.085
-443726.740,-1172294.990,356.560
-443726.510,-1172295.180,356.830
-443726.260,-1172295.390,357.090
-443726.020,-1172295.590,357.235
-443725.770,-1172295.800,357.350
-443725.540,-1172295.990,357.375
-443725.310,-1172296.180,357.390
-443725.050,-1172296.400,357.395
-443724.800,-1172296.600,357.360
-443724.570,-1172296.800,357.330
-443724.330,-1172297.000,357.220
-443724.080,-1172297.210,357.020
-443723.830,-1172297.420,356.830
-443723.580,-1172297.620,356.665
-443723.340,-1172297.820,356.480
-443723.090,-1172298.030,356.350
-443722.840,-1172298.240,356.150
-443722.600,-1172298.440,355.920
-443722.340,-1172298.660,355.745
-443722.080,-1172298.870,355.550
-443727.490,-1172293.910,355.780
-443727.240,-1172294.110,355.885
-443726.990,-1172294.320,356.000
-443726.750,-1172294.520,356.120
-443726.520,-1172294.720,356.290
-443726.270,-1172294.920,356.430
-443726.020,-1172295.130,356.660
-443725.550,-1172295.520,357.095
-443728.230,-1172294.140,355.760
-443727.990,-1172294.340,355.970
-443727.500,-1172294.750,356.260
-443727.240,-1172294.960,356.560
-443727.010,-1172295.160,356.840
-443726.740,-1172295.380,357.050
-443726.490,-1172295.590,357.325
-443726.000,-1172296.000,357.370
-443725.750,-1172296.210,357.370
-443725.510,-1172296.410,357.370
-443725.260,-1172296.610,357.370
-443725.010,-1172296.820,357.260
-443724.780,-1172297.020,357.140
-443724.540,-1172297.210,356.995
-443724.310,-1172297.410,356.765
-443723.570,-1172298.020,356.195
-443723.320,-1172298.230,356.120
-443723.080,-1172298.430,355.915
-443729.410,-1172293.680,355.400
-443729.180,-1172293.870,355.660
-443728.950,-1172294.070,355.830
-443728.680,-1172294.290,356.045
-443728.430,-1172294.510,356.245
-443727.920,-1172294.920,356.780
-443727.660,-1172295.140,356.980
-443726.950,-1172295.740,357.380
-443726.690,-1172295.950,357.360
-443726.450,-1172296.150,357.380
-443726.210,-1172296.350,357.340
-443725.690,-1172296.780,357.210
-443725.450,-1172296.990,357.040
-443724.720,-1172297.600,356.490
-443724.470,-1172297.800,356.340
-443724.230,-1172298.000,356.190
-443723.980,-1172298.210,355.990
-443723.750,-1172298.400,355.880
-443723.510,-1172298.600,355.720
-443730.040,-1172293.640,355.610
-443729.790,-1172293.840,355.820
-443729.540,-1172294.050,356.030
-443729.300,-1172294.250,356.140
-443729.040,-1172294.460,356.340
-443728.810,-1172294.660,356.600
-443728.550,-1172294.880,356.840
-443728.300,-1172295.080,357.020
-443728.060,-1172295.280,357.205
-443727.310,-1172295.910,357.385
-443727.060,-1172296.120,357.360
-443726.800,-1172296.330,357.330
-443726.550,-1172296.540,357.250
-443726.310,-1172296.740,357.170
-443726.070,-1172296.940,356.990
-443725.840,-1172297.130,356.780
-443725.580,-1172297.350,356.575
-443725.330,-1172297.550,356.400
-443725.090,-1172297.760,356.220
-443724.840,-1172297.960,356.120
-443724.590,-1172298.180,355.980
-443724.330,-1172298.390,355.815
-443724.100,-1172298.580,355.665
-443728.010,-1172295.720,357.400
-443727.760,-1172295.920,357.430
-443727.510,-1172296.130,357.390
-443727.270,-1172296.330,357.325
-443727.030,-1172296.530,357.250
-443726.790,-1172296.740,357.085
-443726.540,-1172296.940,356.920
-443726.290,-1172297.150,356.725
-443726.030,-1172297.370,356.535
-443725.780,-1172297.570,356.340
-443725.540,-1172297.770,356.190
-443725.300,-1172297.980,356.010
-443725.050,-1172298.180,355.915
-443724.820,-1172298.380,355.750
-443730.440,-1172293.690,355.815
-443730.210,-1172293.880,355.940
-443729.960,-1172294.090,356.090
-443729.710,-1172294.300,356.300
-443729.470,-1172294.500,356.440
-443729.240,-1172294.690,356.645
-443729.010,-1172294.890,356.880
-443728.740,-1172295.110,357.080
-443728.510,-1172295.310,357.305
-443728.270,-1172295.500,357.400
-443730.570,-1172293.900,355.950
-443730.330,-1172294.110,356.115
-443730.070,-1172294.320,356.330
-443729.810,-1172294.540,356.430
-443729.570,-1172294.740,356.660
-443729.310,-1172294.950,356.930
-443729.080,-1172295.140,357.140
-443728.820,-1172295.360,357.335
-443728.580,-1172295.560,357.380
-443728.350,-1172295.760,357.410
-443728.110,-1172295.960,357.410
-443727.870,-1172296.150,357.400
-443727.620,-1172296.360,357.325
-443727.380,-1172296.560,357.250
-443727.150,-1172296.750,357.080
-443726.890,-1172296.970,356.870
-443726.650,-1172297.170,356.710
-443726.410,-1172297.380,356.505
-443726.140,-1172297.590,356.305
-443725.910,-1172297.790,356.190
-443725.670,-1172297.990,355.995
-443725.430,-1172298.190,355.890
-443725.160,-1172298.410,355.720
-443730.340,-1172294.570,356.595
-443730.100,-1172294.770,356.800
-443729.840,-1172294.980,357.030
-443729.590,-1172295.190,357.210
-443729.340,-1172295.400,357.350
-443729.090,-1172295.600,357.380
-443728.830,-1172295.820,357.380
-443728.590,-1172296.020,357.380
-443728.340,-1172296.230,357.350
-443728.110,-1172296.420,357.280
-443727.850,-1172296.640,357.110
-443727.610,-1172296.840,356.910
-443727.380,-1172297.030,356.770
-443727.150,-1172297.220,356.630
-443726.890,-1172297.440,356.440
-443726.650,-1172297.640,356.270
-443726.410,-1172297.840,356.120
-443726.180,-1172298.030,355.955
-443725.920,-1172298.250,355.800
-443725.680,-1172298.450,355.630
-443730.650,-1172294.700,356.830
-443730.400,-1172294.900,357.070
-443730.140,-1172295.120,357.235
-443729.890,-1172295.330,357.360
-443729.660,-1172295.520,357.380
-443729.430,-1172295.710,357.380
-443729.170,-1172295.930,357.420
-443728.920,-1172296.140,357.370
-443728.680,-1172296.330,357.310
-443728.420,-1172296.550,357.130
-443728.170,-1172296.760,356.910
-443727.930,-1172296.970,356.735
-443727.680,-1172297.170,356.600
-443727.440,-1172297.370,356.450
-443727.200,-1172297.570,356.230
-443726.950,-1172297.780,356.120
-443726.700,-1172297.990,355.960
-443726.460,-1172298.180,355.760
-443726.220,-1172298.390,355.610
-443730.610,-1172295.180,357.380
-443730.360,-1172295.390,357.395
-443730.110,-1172295.600,357.380
-443729.850,-1172295.810,357.430
-443729.580,-1172296.040,357.370
-443729.350,-1172296.230,357.350
-443729.120,-1172296.420,357.275
-443728.870,-1172296.630,357.055
-443728.630,-1172296.830,356.820
-443728.380,-1172297.030,356.640
-443728.140,-1172297.240,356.470
-443727.900,-1172297.440,356.270
-443727.640,-1172297.650,356.125
-443727.390,-1172297.860,355.935
-443727.140,-1172298.070,355.780
-443726.890,-1172298.280,355.620
-443730.590,-1172295.570,357.440
-443730.350,-1172295.770,357.420
-443730.100,-1172295.980,357.430
-443729.840,-1172296.190,357.365
-443729.610,-1172296.390,357.185
-443729.370,-1172296.590,357.050
-443729.120,-1172296.790,356.820
-443728.870,-1172297.010,356.610
-443728.600,-1172297.230,356.455
-443728.360,-1172297.430,356.250
-443728.110,-1172297.640,356.170
-443727.870,-1172297.830,355.980
-443727.630,-1172298.040,355.760
-443727.400,-1172298.230,355.640
-443730.720,-1172296.020,357.380
-443730.480,-1172296.220,357.320
-443730.240,-1172296.420,357.150
-443730.000,-1172296.620,356.975
-443729.740,-1172296.840,356.770
-443729.510,-1172297.030,356.570
-443729.260,-1172297.240,356.370
-443729.000,-1172297.460,356.190
-443728.760,-1172297.650,356.000
-443728.540,-1172297.840,355.870
-443728.270,-1172298.060,355.655
-443728.800,-1172298.030,355.635
-443730.730,-1172296.420,357.120
-443730.500,-1172296.610,356.940
-443730.260,-1172296.820,356.770
-443730.020,-1172297.020,356.550
-443729.780,-1172297.210,356.365
-443729.530,-1172297.420,356.140
-443729.290,-1172297.620,356.000
-443729.050,-1172297.820,355.770
-443730.750,-1172296.780,356.700
-443730.540,-1172296.960,356.580
-443730.290,-1172297.170,356.370
-443730.030,-1172297.380,356.190
-443729.780,-1172297.600,355.940
-443729.560,-1172297.780,355.770
-443729.310,-1172297.990,355.645
-443730.840,-1172296.970,356.550
-443730.360,-1172297.370,356.180
-443730.090,-1172297.590,355.980
-443729.840,-1172297.800,355.750
-443729.590,-1172298.010,355.560
-443730.460,-1172297.700,355.930
-443730.240,-1172297.890,355.680
-443730.950,-1172297.290,356.245
-443730.700,-1172297.510,356.030
-443730.870,-1172297.770,355.850
-443710.990,-1172291.270,355.575
-443710.750,-1172291.460,355.620
-443710.490,-1172291.680,355.720
-443710.240,-1172291.890,355.810
-443709.990,-1172292.100,355.910
-443711.660,-1172291.150,355.600
-443711.390,-1172291.380,355.655
-443711.150,-1172291.580,355.800
-443710.920,-1172291.770,355.820
-443710.670,-1172291.980,355.850
-443710.420,-1172292.180,355.895
-443710.180,-1172292.380,356.040
-443712.360,-1172291.470,355.845
-443712.120,-1172291.670,355.950
-443711.900,-1172291.850,355.990
-443711.640,-1172292.070,356.050
-443710.650,-1172292.890,356.760
-443710.410,-1172293.090,356.810
-443712.140,-1172291.190,355.620
-443711.900,-1172291.390,355.740
-443711.650,-1172291.590,355.810
-443711.410,-1172291.790,355.880
-443711.160,-1172292.000,355.940
-443710.660,-1172292.420,356.065
-443710.390,-1172292.640,356.280
-443713.480,-1172290.980,355.730
-443713.240,-1172291.180,355.770
-443712.990,-1172291.390,355.820
-443712.750,-1172291.590,355.900
-443712.500,-1172291.800,356.040
-443712.260,-1172292.000,356.140
-443712.020,-1172292.190,356.170
-443711.780,-1172292.400,356.360
-443711.540,-1172292.600,356.500
-443711.050,-1172293.010,356.820
-443710.810,-1172293.200,356.880
-443710.550,-1172293.410,356.950
-443712.860,-1172291.050,355.690
-443714.010,-1172290.900,355.735
-443713.770,-1172291.100,355.785
-443713.500,-1172291.330,355.840
-443713.260,-1172291.520,355.875
-443713.010,-1172291.730,355.960
-443712.760,-1172291.940,356.110
-443712.500,-1172292.160,356.260
-443712.260,-1172292.350,356.370
-443712.020,-1172292.550,356.455
-443711.780,-1172292.750,356.670
-443711.520,-1172292.970,356.820
-443711.280,-1172293.170,356.890
-443711.050,-1172293.360,356.970
-443710.810,-1172293.560,357.085
-443710.560,-1172293.770,357.090
-443714.500,-1172290.910,355.730
-443714.250,-1172291.110,355.810
-443714.000,-1172291.330,355.840
-443713.740,-1172291.540,355.905
-443713.500,-1172291.740,355.990
-443713.260,-1172291.940,356.120
-443713.030,-1172292.130,356.210
-443712.770,-1172292.350,356.375
-443712.520,-1172292.550,356.510
-443712.280,-1172292.750,356.580
-443712.030,-1172292.960,356.780
-443711.770,-1172293.180,356.900
-443711.520,-1172293.390,356.985
-443711.280,-1172293.580,357.090
-443711.030,-1172293.790,357.090
-443710.790,-1172293.990,357.095
-443710.540,-1172294.200,357.110
-443714.270,-1172292.100,356.295
-443714.020,-1172292.310,356.460
-443713.530,-1172292.720,356.750
-443713.290,-1172292.920,356.850
-443713.030,-1172293.130,356.950
-443712.780,-1172293.340,357.050
-443712.530,-1172293.550,357.120
-443712.270,-1172293.760,357.150
-443712.020,-1172293.970,357.160
-443711.780,-1172294.170,357.140
-443711.550,-1172294.370,357.115
-443711.310,-1172294.560,357.070
-443711.060,-1172294.780,356.940
-443710.800,-1172294.990,356.850
-443710.560,-1172295.190,356.730
-443715.170,-1172290.880,355.730
-443714.920,-1172291.080,355.815
-443714.660,-1172291.300,355.905
-443714.420,-1172291.500,355.950
-443714.180,-1172291.690,355.990
-443713.930,-1172291.900,356.120
-443713.180,-1172292.530,356.530
-443712.910,-1172292.750,356.700
-443712.670,-1172292.950,356.760
-443712.440,-1172293.150,356.860
-443712.200,-1172293.340,356.945
-443711.940,-1172293.550,357.080
-443711.690,-1172293.770,357.120
-443711.450,-1172293.960,357.120
-443711.210,-1172294.160,357.110
-443710.940,-1172294.390,357.100
-443710.690,-1172294.600,357.075
-443710.460,-1172294.790,357.015
-443716.440,-1172290.720,355.770
-443716.220,-1172290.910,355.820
-443715.970,-1172291.120,355.845
-443715.720,-1172291.320,355.945
-443715.460,-1172291.540,356.120
-443714.990,-1172291.930,356.300
-443714.750,-1172292.130,356.380
-443714.510,-1172292.330,356.540
-443714.260,-1172292.540,356.710
-443714.010,-1172292.740,356.810
-443713.770,-1172292.950,356.920
-443713.530,-1172293.150,357.000
-443713.300,-1172293.340,357.080
-443713.030,-1172293.560,357.160
-443712.770,-1172293.770,357.210
-443712.540,-1172293.960,357.230
-443712.310,-1172294.160,357.230
-443712.040,-1172294.380,357.220
-443711.790,-1172294.590,357.145
-443711.550,-1172294.790,356.940
-443711.280,-1172295.010,356.750
-443711.030,-1172295.220,356.695
-443710.790,-1172295.430,356.570
-443710.560,-1172295.620,356.530
-443715.980,-1172290.680,355.730
-443715.740,-1172290.880,355.780
-443715.500,-1172291.080,355.825
-443715.250,-1172291.290,355.915
-443715.010,-1172291.490,356.045
-443714.770,-1172291.680,356.145
-443714.520,-1172291.900,356.155
-443716.980,-1172290.620,355.780
-443716.730,-1172290.820,355.800
-443716.480,-1172291.040,355.880
-443716.230,-1172291.250,355.940
-443715.990,-1172291.440,356.030
-443715.730,-1172291.650,356.150
-443715.480,-1172291.870,356.310
-443715.230,-1172292.080,356.380
-443714.990,-1172292.280,356.530
-443714.730,-1172292.490,356.670
-443714.490,-1172292.690,356.800
-443714.240,-1172292.900,356.890
-443714.000,-1172293.090,356.970
-443713.760,-1172293.300,357.075
-443713.530,-1172293.490,357.140
-443713.280,-1172293.690,357.240
-443713.030,-1172293.910,357.280
-443712.790,-1172294.100,357.310
-443712.560,-1172294.300,357.320
-443712.300,-1172294.510,357.280
-443712.060,-1172294.710,357.170
-443711.810,-1172294.920,356.920
-443711.560,-1172295.130,356.710
-443711.320,-1172295.330,356.590
-443711.080,-1172295.530,356.500
-443710.820,-1172295.740,356.400
-443717.590,-1172290.570,355.800
-443717.330,-1172290.790,355.820
-443717.090,-1172290.990,355.880
-443716.830,-1172291.200,355.900
-443716.570,-1172291.420,355.990
-443716.340,-1172291.610,356.175
-443716.100,-1172291.810,356.295
-443715.860,-1172292.010,356.430
-443715.600,-1172292.220,356.540
-443715.360,-1172292.430,356.660
-443715.130,-1172292.620,356.770
-443714.860,-1172292.840,356.845
-443714.610,-1172293.050,356.970
-443714.360,-1172293.260,357.050
-443714.120,-1172293.460,357.140
-443713.850,-1172293.680,357.240
-443713.620,-1172293.870,357.340
-443713.380,-1172294.070,357.410
-443713.130,-1172294.280,357.500
-443712.890,-1172294.480,357.530
-443712.660,-1172294.680,357.490
-443712.170,-1172295.090,356.950
-443711.930,-1172295.280,356.680
-443711.690,-1172295.480,356.480
-443711.450,-1172295.680,356.370
-443711.200,-1172295.890,356.255
-443710.950,-1172296.100,356.110
-443710.700,-1172296.310,356.000
-443718.090,-1172290.560,355.800
-443717.830,-1172290.780,355.840
-443717.570,-1172290.990,355.860
-443717.330,-1172291.190,355.900
-443717.100,-1172291.380,355.930
-443716.850,-1172291.600,356.090
-443716.590,-1172291.810,356.250
-443716.340,-1172292.020,356.430
-443716.080,-1172292.230,356.540
-443715.830,-1172292.440,356.675
-443715.590,-1172292.640,356.770
-443715.350,-1172292.840,356.840
-443715.110,-1172293.040,356.960
-443714.860,-1172293.240,357.030
-443714.610,-1172293.460,357.140
-443714.370,-1172293.660,357.230
-443714.120,-1172293.870,357.350
-443713.860,-1172294.080,357.480
-443713.620,-1172294.280,357.560
-443713.360,-1172294.490,357.710
-443713.120,-1172294.700,357.785
-443712.890,-1172294.890,357.800
-443712.630,-1172295.100,357.710
-443712.400,-1172295.300,356.965
-443712.390,-1172295.300,356.980
-443712.150,-1172295.500,356.610
-443711.920,-1172295.700,356.420
-443711.670,-1172295.900,356.260
-443711.420,-1172296.110,356.130
-443711.180,-1172296.310,356.030
-443710.950,-1172296.500,355.920
-443710.680,-1172296.720,355.800
-443718.370,-1172290.730,355.860
-443718.120,-1172290.940,355.840
-443717.870,-1172291.140,355.880
-443717.630,-1172291.340,355.920
-443717.150,-1172291.740,356.245
-443716.890,-1172291.960,356.430
-443716.630,-1172292.180,356.590
-443716.400,-1172292.370,356.670
-443716.170,-1172292.560,356.750
-443715.900,-1172292.790,356.860
-443715.650,-1172292.990,356.975
-443715.410,-1172293.200,357.055
-443715.150,-1172293.410,357.190
-443714.880,-1172293.630,357.310
-443714.650,-1172293.820,357.370
-443714.420,-1172294.010,357.490
-443714.170,-1172294.220,357.560
-443713.910,-1172294.440,357.710
-443713.670,-1172294.640,357.830
-443713.430,-1172294.840,357.930
-443713.180,-1172295.050,357.960
-443712.920,-1172295.260,357.950
-443712.680,-1172295.460,357.900
-443712.440,-1172295.660,356.680
-443712.170,-1172295.880,356.360
-443711.940,-1172296.080,356.175
-443711.690,-1172296.290,356.020
-443711.450,-1172296.490,355.890
-443711.210,-1172296.690,355.770
-443710.980,-1172296.880,355.640
-443710.740,-1172297.080,355.610
-443716.440,-1172293.280,357.190
-443716.180,-1172293.490,357.310
-443715.940,-1172293.700,357.390
-443715.710,-1172293.890,357.495
-443715.450,-1172294.110,357.600
-443715.210,-1172294.310,357.705
-443714.960,-1172294.510,357.830
-443714.700,-1172294.730,357.950
-443714.470,-1172294.920,357.990
-443714.220,-1172295.130,358.010
-443713.980,-1172295.330,358.010
-443713.730,-1172295.540,358.020
-443713.480,-1172295.740,358.015
-443713.210,-1172295.970,357.940
-443712.960,-1172296.180,357.830
-443712.730,-1172296.370,357.635
-443712.480,-1172296.570,356.030
-443712.240,-1172296.780,355.760
-443718.280,-1172291.170,355.880
-443717.330,-1172291.970,356.470
-443717.070,-1172292.180,356.640
-443716.830,-1172292.380,356.755
-443716.590,-1172292.580,356.800
-443716.340,-1172292.790,356.880
-443716.100,-1172292.990,356.990
-443715.840,-1172293.210,357.100
-443715.600,-1172293.410,357.205
-443715.350,-1172293.610,357.325
-443715.110,-1172293.810,357.380
-443714.850,-1172294.020,357.500
-443714.610,-1172294.230,357.650
-443714.350,-1172294.440,357.760
-443714.090,-1172294.660,357.865
-443713.840,-1172294.860,357.960
-443713.600,-1172295.070,357.990
-443713.370,-1172295.260,358.000
-443713.130,-1172295.460,357.990
-443712.880,-1172295.660,357.950
-443712.390,-1172296.080,356.290
-443712.130,-1172296.290,356.070
-443711.880,-1172296.500,355.875
-443711.620,-1172296.710,355.730
-443711.390,-1172296.910,355.620
-443718.270,-1172292.310,356.935
-443718.040,-1172292.510,356.990
-443717.780,-1172292.720,357.050
-443717.530,-1172292.930,357.090
-443717.270,-1172293.140,357.180
-443717.030,-1172293.340,357.240
-443716.780,-1172293.550,357.385
-443716.550,-1172293.750,357.470
-443716.290,-1172293.960,357.570
-443716.060,-1172294.160,357.650
-443715.810,-1172294.360,357.750
-443715.580,-1172294.550,357.830
-443715.340,-1172294.750,357.950
-443715.080,-1172294.970,358.010
-443714.850,-1172295.160,358.030
-443714.600,-1172295.360,358.030
-443714.350,-1172295.570,358.030
-443714.120,-1172295.770,358.010
-443713.860,-1172295.980,357.955
-443713.610,-1172296.190,357.900
-443713.370,-1172296.390,357.840
-443713.130,-1172296.590,357.780
-443712.880,-1172296.800,357.655
-443718.140,-1172291.870,356.685
-443717.400,-1172292.490,356.880
-443717.160,-1172292.680,356.965
-443716.910,-1172292.890,357.000
-443716.680,-1172293.090,357.050
-443713.040,-1172297.540,357.520
-443718.530,-1172292.570,357.065
-443718.290,-1172292.770,357.090
-443718.040,-1172292.970,357.150
-443717.800,-1172293.180,357.235
-443717.560,-1172293.380,357.340
-443717.310,-1172293.580,357.450
-443717.060,-1172293.790,357.535
-443716.810,-1172294.010,357.650
-443716.570,-1172294.200,357.695
-443716.310,-1172294.420,357.820
-443715.810,-1172294.830,357.970
-443715.580,-1172295.020,358.010
-443715.330,-1172295.240,358.030
-443715.080,-1172295.440,358.030
-443714.850,-1172295.630,358.025
-443714.610,-1172295.830,358.010
-443714.370,-1172296.040,357.950
-443714.110,-1172296.250,357.890
-443713.640,-1172296.640,357.795
-443713.380,-1172296.860,357.740
-443713.140,-1172297.050,357.670
-443718.460,-1172293.470,357.460
-443718.200,-1172293.680,357.540
-443717.960,-1172293.880,357.690
-443717.720,-1172294.090,357.800
-443717.480,-1172294.290,357.920
-443717.210,-1172294.510,357.975
-443716.950,-1172294.730,357.980
-443716.710,-1172294.930,358.010
-443716.460,-1172295.130,358.010
-443716.210,-1172295.340,358.000
-443715.970,-1172295.540,358.000
-443715.740,-1172295.730,358.000
-443715.480,-1172295.950,357.940
-443715.220,-1172296.160,357.890
-443714.990,-1172296.360,357.860
-443714.750,-1172296.560,357.780
-443714.500,-1172296.770,357.735
-443714.230,-1172296.990,357.670
-443714.000,-1172297.180,357.655
-443713.740,-1172297.390,357.620
-443713.250,-1172297.810,357.520
-443713.020,-1172298.000,357.430
-443712.780,-1172298.190,355.130
-443718.470,-1172293.020,357.205
-443718.200,-1172293.250,357.305
-443717.950,-1172293.460,357.410
-443717.700,-1172293.660,357.520
-443717.440,-1172293.880,357.650
-443717.210,-1172294.070,357.750
-443716.970,-1172294.270,357.820
-443716.730,-1172294.470,357.895
-443716.480,-1172294.680,357.970
-443715.990,-1172295.090,358.010
-443715.740,-1172295.300,358.040
-443715.470,-1172295.520,358.010
-443715.220,-1172295.720,358.010
-443714.980,-1172295.930,357.950
-443714.730,-1172296.130,357.910
-443714.500,-1172296.330,357.830
-443714.240,-1172296.540,357.790
-443714.010,-1172296.740,357.740
-443713.770,-1172296.940,357.695
-443713.530,-1172297.130,357.670
-443713.290,-1172297.330,357.620
-443718.590,-1172293.820,357.710
-443718.350,-1172294.020,357.845
-443718.110,-1172294.220,357.920
-443717.860,-1172294.430,357.980
-443717.620,-1172294.630,358.005
-443717.370,-1172294.840,358.010
-443717.120,-1172295.050,358.010
-443716.870,-1172295.250,358.000
-443716.640,-1172295.440,358.005
-443716.390,-1172295.660,357.935
-443716.130,-1172295.870,357.925
-443715.870,-1172296.080,357.900
-443715.620,-1172296.290,357.835
-443715.370,-1172296.500,357.810
-443715.130,-1172296.700,357.745
-443714.890,-1172296.900,357.675
-443714.660,-1172297.090,357.650
-443714.400,-1172297.310,357.590
-443713.910,-1172297.710,357.540
-443713.650,-1172297.930,357.510
-443713.400,-1172298.140,357.430
-443713.160,-1172298.340,357.380
-443712.910,-1172298.550,357.290
-443718.530,-1172294.280,357.970
-443718.290,-1172294.480,357.995
-443718.040,-1172294.690,358.010
-443717.800,-1172294.890,358.020
-443717.570,-1172295.080,357.990
-443717.330,-1172295.290,357.980
-443717.070,-1172295.500,357.935
-443716.840,-1172295.690,357.880
-443716.320,-1172296.120,357.810
-443716.070,-1172296.330,357.780
-443715.850,-1172296.520,357.780
-443715.330,-1172296.950,357.670
-443715.090,-1172297.150,357.640
-443714.840,-1172297.360,357.580
-443714.580,-1172297.570,357.540
-443714.340,-1172297.780,357.510
-443714.110,-1172297.960,357.490
-443713.610,-1172298.380,357.400
-443713.360,-1172298.590,357.360
-443713.140,-1172298.780,357.310
-443714.110,-1172298.890,357.310
-443713.620,-1172299.300,357.240
-443713.370,-1172299.510,357.140
-443713.120,-1172299.710,357.080
-443718.570,-1172294.640,357.990
-443718.320,-1172294.850,358.000
-443718.070,-1172295.050,358.000
-443717.820,-1172295.260,357.980
-443717.580,-1172295.460,357.920
-443717.340,-1172295.670,357.810
-443717.110,-1172295.860,357.750
-443716.870,-1172296.050,357.730
-443716.380,-1172296.470,357.695
-443716.130,-1172296.670,357.700
-443715.890,-1172296.870,357.690
-443715.640,-1172297.080,357.670
-443715.390,-1172297.280,357.620
-443715.140,-1172297.500,357.580
-443714.900,-1172297.690,357.540
-443714.660,-1172297.890,357.500
-443714.410,-1172298.100,357.455
-443714.150,-1172298.320,357.420
-443713.900,-1172298.530,357.385
-443713.640,-1172298.740,357.350
-443713.400,-1172298.950,357.310
-443713.160,-1172299.140,357.200
-443718.740,-1172295.560,357.730
-443718.510,-1172295.750,357.640
-443718.250,-1172295.970,357.530
-443718.000,-1172296.180,357.400
-443717.760,-1172296.380,357.280
-443717.500,-1172296.590,357.190
-443717.260,-1172296.790,357.160
-443717.000,-1172297.010,357.130
-443716.510,-1172297.420,357.460
-443716.020,-1172297.830,357.485
-443715.540,-1172298.230,357.410
-443715.300,-1172298.430,357.380
-443714.810,-1172298.840,357.295
-443714.570,-1172299.030,357.270
-443714.340,-1172299.230,357.240
-443714.080,-1172299.440,357.200
-443713.330,-1172300.070,357.080
-443718.530,-1172295.210,357.960
-443718.280,-1172295.430,357.880
-443718.030,-1172295.630,357.760
-443717.780,-1172295.840,357.640
-443717.540,-1172296.040,357.500
-443717.270,-1172296.260,357.460
-443717.050,-1172296.450,357.405
-443716.790,-1172296.660,357.505
-443716.540,-1172296.870,357.540
-443716.310,-1172297.070,357.580
-443716.080,-1172297.260,357.600
-443715.840,-1172297.460,357.560
-443715.570,-1172297.680,357.515
-443715.340,-1172297.870,357.485
-443715.110,-1172298.060,357.460
-443714.850,-1172298.270,357.410
-443714.610,-1172298.480,357.380
-443714.360,-1172298.690,357.340
-443718.690,-1172296.050,357.400
-443718.420,-1172296.270,357.270
-443718.180,-1172296.470,357.170
-443717.950,-1172296.660,357.065
-443717.700,-1172296.870,356.970
-443717.460,-1172297.070,356.920
-443717.210,-1172297.280,356.890
-443716.960,-1172297.490,356.840
-443716.710,-1172297.690,357.010
-443716.460,-1172297.910,357.370
-443716.220,-1172298.100,357.390
-443715.960,-1172298.310,357.380
-443715.710,-1172298.520,357.330
-443715.470,-1172298.730,357.290
-443715.230,-1172298.920,357.265
-443714.980,-1172299.140,357.215
-443714.730,-1172299.340,357.170
-443714.500,-1172299.530,357.140
-443714.270,-1172299.720,357.140
-443714.020,-1172299.930,357.100
-443713.760,-1172300.150,357.090
-443713.530,-1172300.340,357.070
-443718.730,-1172296.370,357.190
-443718.490,-1172296.570,357.090
-443718.240,-1172296.780,356.990
-443717.990,-1172296.980,356.900
-443717.730,-1172297.200,356.780
-443717.470,-1172297.420,356.690
-443717.220,-1172297.620,356.640
-443716.990,-1172297.820,356.640
-443716.750,-1172298.020,356.670
-443716.510,-1172298.220,357.280
-443716.260,-1172298.430,357.320
-443716.010,-1172298.640,357.300
-443715.770,-1172298.840,357.275
-443715.510,-1172299.050,357.240
-443715.260,-1172299.260,357.180
-443715.000,-1172299.480,357.140
-443714.760,-1172299.670,357.105
-443714.510,-1172299.890,357.100
-443714.270,-1172300.080,357.080
-443714.010,-1172300.290,357.080
-443716.050,-1172299.510,357.120
-443715.800,-1172299.720,357.090
-443715.530,-1172299.940,357.070
-443715.290,-1172300.150,357.050
-443715.040,-1172300.360,357.040
-443718.780,-1172296.790,356.970
-443718.520,-1172297.010,356.850
-443718.280,-1172297.210,356.760
-443718.030,-1172297.420,356.635
-443717.780,-1172297.620,356.570
-443717.530,-1172297.830,356.490
-443717.290,-1172298.030,356.450
-443717.050,-1172298.230,356.460
-443716.530,-1172298.660,357.230
-443716.280,-1172298.870,357.250
-443716.040,-1172299.080,357.220
-443715.790,-1172299.280,357.170
-443715.550,-1172299.480,357.140
-443715.320,-1172299.670,357.110
-443715.070,-1172299.880,357.080
-443714.800,-1172300.110,357.080
-443718.880,-1172297.610,356.385
-443718.620,-1172297.830,356.295
-443718.390,-1172298.020,356.165
-443718.160,-1172298.210,356.100
-443717.910,-1172298.420,356.010
-443717.670,-1172298.610,355.955
-443717.430,-1172298.820,355.860
-443717.200,-1172299.010,355.870
-443716.460,-1172299.630,357.070
-443716.210,-1172299.830,357.070
-443715.940,-1172300.060,357.050
-443718.740,-1172297.270,356.650
-443718.500,-1172297.470,356.570
-443718.250,-1172297.680,356.420
-443718.020,-1172297.870,356.350
-443717.770,-1172298.080,356.235
-443717.530,-1172298.280,356.220
-443717.280,-1172298.490,356.140
-443716.300,-1172299.300,357.135
-443718.850,-1172298.070,356.150
-443718.600,-1172298.280,356.055
-443718.360,-1172298.470,355.930
-443718.110,-1172298.690,355.830
-443717.860,-1172298.890,355.760
-443717.610,-1172299.090,355.680
-443716.900,-1172299.690,355.600
-443716.650,-1172299.890,356.990
-443716.400,-1172300.100,357.050
-443718.810,-1172298.690,355.800
-443718.580,-1172298.880,355.690
-443719.540,-1172300.030,355.115
-443721.240,-1172299.320,355.350
-443721.100,-1172298.990,355.490
-443723.290,-1172299.490,355.150
-443722.680,-1172299.650,355.125
-443727.800,-1172290.800,355.410
-443723.780,-1172299.220,355.205
-443728.250,-1172290.450,355.260
-443728.120,-1172290.780,355.305
-443728.000,-1172291.080,355.350
-443724.530,-1172299.550,355.030
-443727.920,-1172290.490,355.395
-443728.720,-1172290.690,355.090
-443728.590,-1172291.010,355.140
-443728.460,-1172291.320,355.190
-443728.330,-1172291.640,355.260
-443728.210,-1172291.940,355.290
-443728.060,-1172292.300,355.370
-443725.330,-1172298.950,355.310
-443725.140,-1172299.420,355.125
-443729.600,-1172290.450,354.830
-443729.460,-1172290.780,354.860
-443729.320,-1172291.120,354.900
-443729.190,-1172291.450,354.950
-443729.050,-1172291.780,355.010
-443728.920,-1172292.100,355.070
-443728.780,-1172292.440,355.150
-443728.660,-1172292.740,355.200
-443728.540,-1172293.040,355.270
-443728.400,-1172293.380,355.380
-443728.270,-1172293.700,355.510
-443726.130,-1172298.920,355.300
-443729.070,-1172290.670,354.960
-443728.930,-1172291.000,355.020
-443728.800,-1172291.320,355.080
-443728.670,-1172291.640,355.110
-443728.550,-1172291.940,355.180
-443728.410,-1172292.280,355.260
-443728.280,-1172292.600,355.300
-443728.140,-1172292.940,355.380
-443725.740,-1172298.790,355.380
-443729.750,-1172290.600,354.810
-443729.620,-1172290.920,354.840
-443729.490,-1172291.230,354.880
-443729.370,-1172291.530,354.900
-443729.230,-1172291.870,354.955
-443729.090,-1172292.210,355.010
-443728.960,-1172292.520,355.090
-443728.830,-1172292.850,355.170
-443728.690,-1172293.170,355.275
-443728.570,-1172293.490,355.410
-443728.440,-1172293.790,355.525
-443730.180,-1172291.350,354.770
-443730.040,-1172291.680,354.790
-443729.910,-1172292.010,354.830
-443729.780,-1172292.330,354.890
-443729.650,-1172292.640,354.930
-443729.520,-1172292.950,355.055
-443729.390,-1172293.260,355.175
-443729.280,-1172293.550,355.300
-443726.990,-1172299.120,355.140
-443730.120,-1172290.920,354.775
-443729.990,-1172291.230,354.795
-443729.860,-1172291.550,354.810
-443729.720,-1172291.890,354.840
-443729.590,-1172292.220,354.895
-443729.450,-1172292.550,354.950
-443729.330,-1172292.860,355.060
-443729.200,-1172293.170,355.170
-443729.070,-1172293.480,355.290
-443728.960,-1172293.750,355.470
-443726.780,-1172299.050,355.160
-443730.290,-1172292.020,354.770
-443730.150,-1172292.360,354.830
-443730.030,-1172292.650,354.900
-443729.910,-1172292.960,354.990
-443729.780,-1172293.260,355.150
-443729.690,-1172293.490,355.320
-443727.530,-1172298.760,355.310
-443728.300,-1172298.700,355.305
-443730.350,-1172292.380,354.810
-443730.230,-1172292.680,354.875
-443730.090,-1172293.020,354.990
-443729.980,-1172293.290,355.150
-443729.890,-1172293.520,355.435
-443729.340,-1172298.680,355.210
-443730.180,-1172298.740,355.150
-443729.940,-1172298.440,355.290
-443730.930,-1172298.900,355.100
-443718.500,-1172299.430,355.390
-443717.560,-1172299.570,355.395
-443717.410,-1172299.940,355.270
-443716.770,-1172290.540,355.740
-443712.050,-1172299.940,353.890
-443715.480,-1172290.510,355.650
-443715.310,-1172290.470,355.580
-443711.580,-1172299.610,354.015
-443711.400,-1172300.050,353.890
-443714.960,-1172290.360,355.575
-443714.120,-1172290.560,355.605
-443713.810,-1172290.710,355.640
-443713.460,-1172290.620,355.590
-443713.110,-1172290.720,355.570
-443712.680,-1172290.660,355.510
-443712.570,-1172290.930,355.580
-443712.460,-1172290.730,355.490
-443712.230,-1172290.470,355.470
-443712.110,-1172290.770,355.520
-443711.840,-1172290.630,355.470
-443711.730,-1172290.910,355.540
-443711.390,-1172290.610,355.405
-443711.270,-1172290.890,355.490
-443711.100,-1172290.600,355.380
-443710.980,-1172290.900,355.465
-443710.870,-1172291.170,355.540
-443710.730,-1172290.500,355.280
-443710.610,-1172290.790,355.380
-443710.500,-1172291.070,355.450
-443710.450,-1172290.480,355.270
-443710.210,-1172291.080,355.430
-443710.110,-1172291.340,355.530
-443710.060,-1172290.570,355.250
-443709.940,-1172290.880,355.280
-443730.860,-1172296.230,357.290
-443730.620,-1172296.810,356.715
-443730.380,-1172297.400,356.140
-443730.180,-1172297.870,355.695
-443730.900,-1172297.020,356.510
-443730.620,-1172297.690,355.950
-443730.670,-1172294.840,357.025
-443730.550,-1172295.120,357.350
-443730.460,-1172295.350,357.420
-443730.350,-1172295.630,357.430
-443730.150,-1172296.110,357.370
-443729.970,-1172296.540,357.110
-443730.730,-1172295.330,357.440
-443730.620,-1172295.610,357.440
-443730.470,-1172295.990,357.415
-443730.240,-1172296.520,357.090
-443730.210,-1172296.590,357.050
-443730.030,-1172297.030,356.525
-443729.580,-1172298.120,355.470
-443730.470,-1172293.410,355.380
-443730.250,-1172293.960,356.060
-443730.160,-1172294.180,356.185
-443730.060,-1172294.430,356.410
-443729.960,-1172294.690,356.705
-443729.860,-1172294.920,357.010
-443729.750,-1172295.180,357.270
-443729.650,-1172295.430,357.375
-443729.550,-1172295.690,357.380
-443729.390,-1172296.080,357.370
-443729.140,-1172296.680,357.000
-443728.930,-1172297.180,356.480
-443728.730,-1172297.670,355.975
-443728.510,-1172298.200,355.590
-443730.540,-1172294.030,356.130
-443730.440,-1172294.300,356.345
-443730.320,-1172294.580,356.600
-443730.230,-1172294.810,356.945
-443730.120,-1172295.080,357.210
-443730.020,-1172295.320,357.360
-443729.930,-1172295.560,357.430
-443729.810,-1172295.830,357.435
-443729.650,-1172296.240,357.330
-443728.780,-1172298.330,355.430
-443727.850,-1172296.480,357.280
-443727.640,-1172296.980,356.760
-443727.460,-1172297.430,356.370
-443727.020,-1172298.480,355.480
-443729.080,-1172294.050,355.855
-443728.980,-1172294.290,356.135
-443728.880,-1172294.530,356.430
-443728.780,-1172294.780,356.690
-443728.580,-1172295.270,357.230
-443728.380,-1172295.760,357.400
-443728.280,-1172296.020,357.405
-443727.400,-1172298.140,355.690
-443729.590,-1172293.740,355.630
-443729.490,-1172293.990,355.950
-443729.390,-1172294.240,356.195
-443729.280,-1172294.490,356.430
-443729.190,-1172294.720,356.700
-443729.090,-1172294.980,356.980
-443728.980,-1172295.250,357.255
-443728.880,-1172295.490,357.380
-443728.780,-1172295.740,357.380
-443728.620,-1172296.140,357.370
-443728.200,-1172297.140,356.530
-443727.950,-1172297.730,356.010
-443727.750,-1172298.220,355.620
-443729.780,-1172293.780,355.790
-443729.680,-1172294.020,356.000
-443729.580,-1172294.280,356.280
-443729.470,-1172294.540,356.500
-443729.370,-1172294.790,356.790
-443729.280,-1172295.020,357.015
-443729.180,-1172295.270,357.310
-443729.070,-1172295.530,357.380
-443728.990,-1172295.740,357.415
-443728.640,-1172296.580,357.100
-443728.170,-1172297.710,355.980
-443727.960,-1172298.220,355.585
-443727.530,-1172294.450,355.955
-443727.420,-1172294.710,356.150
-443727.250,-1172295.140,356.890
-443727.120,-1172295.460,357.245
-443726.920,-1172295.940,357.400
-443726.810,-1172296.210,357.380
-443726.380,-1172297.250,356.630
-443726.160,-1172297.800,356.170
-443725.970,-1172298.260,355.750
-443725.750,-1172298.770,355.390
-443728.160,-1172293.970,355.655
-443728.060,-1172294.210,355.800
-443727.940,-1172294.520,356.120
-443727.850,-1172294.730,356.320
-443727.770,-1172294.920,356.720
-443727.650,-1172295.220,357.030
-443727.450,-1172295.720,357.405
-443727.360,-1172295.940,357.380
-443727.200,-1172296.340,357.320
-443726.550,-1172297.910,356.010
-443726.330,-1172298.440,355.570
-443728.330,-1172294.070,355.710
-443728.240,-1172294.290,355.960
-443728.130,-1172294.570,356.190
-443727.950,-1172295.020,356.865
-443727.840,-1172295.280,357.160
-443727.750,-1172295.510,357.415
-443727.650,-1172295.750,357.410
-443727.550,-1172296.000,357.400
-443727.380,-1172296.410,357.310
-443726.960,-1172297.420,356.380
-443728.680,-1172294.460,356.250
-443728.400,-1172295.150,357.100
-443728.280,-1172295.430,357.370
-443728.190,-1172295.650,357.450
-443728.070,-1172295.940,357.440
-443727.740,-1172291.720,355.450
-443727.610,-1172292.030,355.525
-443727.470,-1172292.360,355.570
-443727.350,-1172292.670,355.630
-443727.210,-1172293.000,355.660
-443727.080,-1172293.320,355.750
-443726.950,-1172293.640,355.850
-443726.820,-1172293.970,355.940
-443726.690,-1172294.280,356.070
-443726.570,-1172294.570,356.200
-443726.460,-1172294.850,356.350
-443726.360,-1172295.090,356.710
-443726.260,-1172295.350,357.025
-443726.160,-1172295.600,357.300
-443726.050,-1172295.850,357.345
-443725.940,-1172296.120,357.380
-443725.840,-1172296.390,357.340
-443725.630,-1172296.890,357.090
-443725.160,-1172298.020,356.005
-443724.970,-1172298.490,355.655
-443727.930,-1172292.620,355.440
-443727.800,-1172292.930,355.500
-443727.670,-1172293.240,355.570
-443727.540,-1172293.580,355.680
-443727.410,-1172293.900,355.800
-443727.280,-1172294.200,355.900
-443727.160,-1172294.490,356.060
-443727.050,-1172294.760,356.235
-443726.860,-1172295.240,356.900
-443726.770,-1172295.470,357.245
-443726.670,-1172295.700,357.360
-443726.570,-1172295.960,357.390
-443726.450,-1172296.250,357.355
-443725.780,-1172297.860,356.120
-443725.560,-1172298.400,355.665
-443725.520,-1172298.500,355.605
-443728.000,-1172293.280,355.500
-443727.870,-1172293.610,355.590
-443727.750,-1172293.910,355.720
-443727.630,-1172294.180,355.830
-443727.240,-1172290.770,355.630
-443727.100,-1172291.120,355.685
-443726.960,-1172291.450,355.750
-443726.830,-1172291.780,355.795
-443726.700,-1172292.100,355.845
-443726.570,-1172292.410,355.900
-443726.440,-1172292.720,355.970
-443726.300,-1172293.060,356.010
-443726.180,-1172293.370,356.060
-443726.040,-1172293.690,356.135
-443725.920,-1172294.000,356.205
-443725.800,-1172294.300,356.320
-443725.660,-1172294.640,356.490
-443725.530,-1172294.950,356.620
-443725.420,-1172295.230,356.710
-443725.220,-1172295.710,357.250
-443725.130,-1172295.930,357.350
-443725.020,-1172296.210,357.420
-443724.890,-1172296.530,357.370
-443724.680,-1172297.030,357.110
-443724.470,-1172297.550,356.560
-443724.220,-1172298.150,356.060
-443727.660,-1172291.130,355.490
-443727.530,-1172291.450,355.535
-443727.400,-1172291.760,355.580
-443727.280,-1172292.080,355.640
-443727.140,-1172292.400,355.690
-443727.010,-1172292.720,355.760
-443726.890,-1172293.020,355.820
-443726.750,-1172293.350,355.860
-443726.630,-1172293.660,355.940
-443726.500,-1172293.990,356.040
-443726.370,-1172294.300,356.140
-443726.240,-1172294.600,356.270
-443726.120,-1172294.910,356.450
-443726.030,-1172295.140,356.695
-443725.830,-1172295.620,357.240
-443725.720,-1172295.910,357.370
-443725.630,-1172296.130,357.395
-443725.470,-1172296.520,357.350
-443725.010,-1172297.630,356.390
-443724.790,-1172298.150,355.955
-443724.590,-1172298.640,355.530
-443727.870,-1172291.390,355.400
-443726.940,-1172290.590,355.745
-443726.820,-1172290.890,355.780
-443726.680,-1172291.230,355.830
-443726.550,-1172291.550,355.895
-443726.420,-1172291.870,355.965
-443726.280,-1172292.200,356.015
-443726.150,-1172292.530,356.035
-443726.020,-1172292.840,356.110
-443725.890,-1172293.170,356.150
-443725.750,-1172293.490,356.220
-443725.600,-1172293.860,356.300
-443725.490,-1172294.140,356.430
-443725.350,-1172294.480,356.550
-443725.220,-1172294.800,356.650
-443725.110,-1172295.080,356.710
-443724.890,-1172295.610,357.080
-443724.690,-1172296.100,357.320
-443724.590,-1172296.340,357.320
-443724.410,-1172296.800,357.315
-443723.960,-1172297.870,356.340
-443723.740,-1172298.410,355.870
-443723.520,-1172298.930,355.515
-443727.360,-1172290.480,355.580
-443726.360,-1172290.660,355.935
-443726.230,-1172290.990,355.990
-443726.090,-1172291.330,356.040
-443725.960,-1172291.660,356.090
-443725.820,-1172291.990,356.155
-443725.690,-1172292.310,356.200
-443725.570,-1172292.620,356.250
-443725.440,-1172292.930,356.330
-443725.310,-1172293.250,356.405
-443724.640,-1172294.890,356.800
-443724.510,-1172295.200,356.880
-443724.380,-1172295.520,357.020
-443724.270,-1172295.790,357.165
-443724.160,-1172296.060,357.320
-443724.070,-1172296.280,357.360
-443723.970,-1172296.540,357.360
-443723.760,-1172297.030,357.180
-443723.560,-1172297.530,356.720
-443723.320,-1172298.110,356.215
-443723.120,-1172298.590,355.820
-443722.920,-1172299.070,355.390
-443726.230,-1172290.430,355.990
-443726.100,-1172290.750,356.020
-443725.960,-1172291.090,356.070
-443725.840,-1172291.410,356.140
-443725.700,-1172291.730,356.190
-443725.580,-1172292.030,356.240
-443725.440,-1172292.380,356.325
-443725.300,-1172292.710,356.370
-443725.180,-1172293.000,356.510
-443724.920,-1172293.650,356.700
-443724.660,-1172294.290,356.780
-443724.520,-1172294.630,356.840
-443724.380,-1172294.970,356.860
-443724.260,-1172295.260,356.980
-443724.140,-1172295.570,357.080
-443724.020,-1172295.860,357.235
-443723.910,-1172296.130,357.340
-443723.810,-1172296.370,357.350
-443723.640,-1172296.790,357.320
-443723.440,-1172297.280,356.995
-443722.970,-1172298.420,355.935
-443725.800,-1172290.430,356.120
-443725.670,-1172290.750,356.170
-443725.550,-1172291.060,356.210
-443725.410,-1172291.390,356.270
-443725.290,-1172291.700,356.330
-443725.150,-1172292.050,356.375
-443725.010,-1172292.370,356.450
-443724.890,-1172292.670,356.525
-443724.770,-1172292.980,356.675
-443724.620,-1172293.320,356.755
-443724.490,-1172293.650,356.810
-443724.360,-1172293.980,356.850
-443724.220,-1172294.310,356.860
-443724.080,-1172294.660,356.910
-443723.960,-1172294.950,356.980
-443723.840,-1172295.250,357.050
-443723.700,-1172295.570,357.185
-443723.580,-1172295.890,357.330
-443723.460,-1172296.180,357.400
-443723.350,-1172296.440,357.410
-443722.780,-1172297.840,356.490
-443722.560,-1172298.360,355.985
-443722.340,-1172296.690,357.510
-443725.460,-1172290.510,356.245
-443725.340,-1172290.820,356.280
-443725.210,-1172291.130,356.350
-443725.080,-1172291.450,356.390
-443724.940,-1172291.780,356.450
-443724.820,-1172292.070,356.510
-443724.690,-1172292.410,356.590
-443724.550,-1172292.740,356.690
-443724.420,-1172293.060,356.740
-443724.290,-1172293.370,356.820
-443724.150,-1172293.720,356.880
-443724.030,-1172294.030,356.930
-443723.900,-1172294.330,356.940
-443723.770,-1172294.650,357.000
-443723.630,-1172295.000,357.070
-443723.490,-1172295.330,357.180
-443723.370,-1172295.640,357.280
-443723.230,-1172295.970,357.440
-443723.120,-1172296.240,357.485
-443723.020,-1172296.490,357.450
-443722.860,-1172296.890,357.380
-443722.560,-1172297.590,356.690
-443722.410,-1172297.960,356.310
-443724.800,-1172290.660,356.480
-443724.660,-1172290.990,356.550
-443724.530,-1172291.310,356.590
-443724.400,-1172291.630,356.640
-443724.280,-1172291.940,356.700
-443724.150,-1172292.260,356.740
-443724.020,-1172292.570,356.810
-443723.890,-1172292.890,356.870
-443723.750,-1172293.210,356.930
-443723.630,-1172293.520,357.000
-443723.500,-1172293.840,357.070
-443723.360,-1172294.170,357.125
-443723.240,-1172294.470,357.170
-443723.110,-1172294.810,357.235
-443722.970,-1172295.140,357.320
-443722.840,-1172295.460,357.390
-443722.720,-1172295.750,357.505
-443722.590,-1172296.080,357.560
-443722.460,-1172296.380,357.540
-443724.530,-1172290.610,356.570
-443724.400,-1172290.950,356.640
-443724.260,-1172291.290,356.690
-443724.130,-1172291.610,356.740
-443724.000,-1172291.910,356.815
-443723.870,-1172292.250,356.860
-443723.730,-1172292.580,356.940
-443723.600,-1172292.900,357.000
-443723.480,-1172293.200,357.030
-443723.350,-1172293.520,357.110
-443723.220,-1172293.840,357.150
-443723.090,-1172294.140,357.210
-443722.960,-1172294.460,357.290
-443722.830,-1172294.780,357.360
-443722.700,-1172295.100,357.410
-443722.570,-1172295.410,357.500
-443722.450,-1172295.730,357.595
-443722.310,-1172296.060,357.600
-443722.180,-1172296.380,357.575
-443722.070,-1172296.650,357.520
-443721.460,-1172298.110,356.040
-443724.050,-1172290.640,356.760
-443723.920,-1172290.960,356.820
-443723.790,-1172291.290,356.860
-443723.650,-1172291.620,356.940
-443723.520,-1172291.940,356.980
-443723.390,-1172292.270,357.020
-443723.250,-1172292.600,357.105
-443723.120,-1172292.930,357.165
-443722.990,-1172293.250,357.230
-443722.850,-1172293.570,357.280
-443722.720,-1172293.890,357.340
-443722.590,-1172294.210,357.410
-443722.470,-1172294.510,357.460
-443722.340,-1172294.830,357.520
-443722.210,-1172295.150,357.600
-443722.090,-1172295.450,357.620
-443721.960,-1172295.770,357.640
-443721.830,-1172296.080,357.610
-443720.990,-1172298.110,355.985
-443723.900,-1172290.460,356.830
-443723.770,-1172290.780,356.865
-443723.630,-1172291.110,356.940
-443723.500,-1172291.450,356.960
-443723.370,-1172291.770,357.020
-443723.250,-1172292.060,357.055
-443723.130,-1172292.350,357.130
-443722.980,-1172292.720,357.210
-443722.850,-1172293.040,357.280
-443722.720,-1172293.350,357.335
-443722.580,-1172293.700,357.405
-443722.450,-1172294.020,357.440
-443722.320,-1172294.340,357.500
-443722.190,-1172294.660,357.580
-443722.050,-1172295.010,357.620
-443721.930,-1172295.280,357.670
-443721.810,-1172295.590,357.650
-443721.370,-1172296.660,357.190
-443720.650,-1172298.390,355.850
-443723.390,-1172290.660,357.010
-443723.260,-1172290.980,357.050
-443723.130,-1172291.290,357.060
-443723.010,-1172291.600,357.135
-443722.870,-1172291.930,357.210
-443722.720,-1172292.300,357.280
-443722.600,-1172292.600,357.340
-443722.460,-1172292.950,357.420
-443722.340,-1172293.250,357.460
-443722.200,-1172293.580,357.505
-443722.080,-1172293.870,357.540
-443721.940,-1172294.210,357.610
-443721.820,-1172294.510,357.660
-443721.690,-1172294.830,357.720
-443721.570,-1172295.130,357.720
-443721.380,-1172295.590,357.720
-443721.170,-1172296.090,357.435
-443723.350,-1172290.460,357.020
-443723.230,-1172290.760,357.050
-443723.100,-1172291.080,357.105
-443722.980,-1172291.360,357.120
-443722.850,-1172291.690,357.185
-443722.580,-1172292.350,357.340
-443722.440,-1172292.690,357.410
-443722.310,-1172293.000,357.460
-443722.170,-1172293.340,357.500
-443722.040,-1172293.660,357.555
-443721.910,-1172293.990,357.610
-443721.780,-1172294.300,357.685
-443721.670,-1172294.570,357.720
-443721.530,-1172294.930,357.780
-443722.130,-1172292.470,357.470
-443722.050,-1172292.680,357.510
-443721.900,-1172293.040,357.560
-443721.770,-1172293.350,357.610
-443721.650,-1172293.670,357.640
-443721.520,-1172293.970,357.740
-443721.110,-1172294.970,357.880
-443720.020,-1172297.620,356.360
-443722.940,-1172290.490,357.160
-443722.820,-1172290.800,357.250
-443722.690,-1172291.100,357.275
-443722.570,-1172291.390,357.300
-443722.640,-1172290.590,357.285
-443722.510,-1172290.890,357.330
-443722.390,-1172291.210,357.350
-443721.880,-1172292.460,357.510
-443721.750,-1172292.780,357.540
-443721.620,-1172293.090,357.610
-443721.470,-1172293.450,357.680
-443721.350,-1172293.760,357.740
-443719.470,-1172298.310,355.990
-443722.210,-1172290.390,357.455
-443722.080,-1172290.700,357.480
-443721.950,-1172291.040,357.560
-443721.820,-1172291.350,357.510
-443721.310,-1172292.610,357.500
-443721.200,-1172292.860,357.580
-443721.080,-1172293.160,357.640
-443720.970,-1172293.430,357.730
-443720.860,-1172293.700,357.785
-443720.740,-1172293.990,357.895
-443720.640,-1172294.240,357.980
-443720.520,-1172294.530,357.990
-443720.010,-1172295.780,357.540
-443719.810,-1172296.270,357.235
-443722.010,-1172290.390,357.505
-443721.880,-1172290.700,357.545
-443721.760,-1172291.010,357.520
-443721.640,-1172291.290,357.510
-443721.330,-1172292.050,357.290
-443721.210,-1172292.340,357.290
-443721.110,-1172292.580,357.415
-443720.990,-1172292.880,357.555
-443720.870,-1172293.180,357.620
-443720.760,-1172293.450,357.720
-443720.640,-1172293.740,357.810
-443720.520,-1172294.030,357.940
-443720.410,-1172294.320,358.000
-443720.300,-1172294.570,358.030
-443720.460,-1172293.180,357.485
-443720.350,-1172293.460,357.615
-443720.230,-1172293.770,357.770
-443719.890,-1172294.600,358.005
-443719.340,-1172295.930,357.440
-443719.170,-1172296.340,357.210
-443721.510,-1172290.630,357.570
-443721.380,-1172290.940,357.505
-443721.250,-1172291.270,357.360
-443721.020,-1172291.800,356.830
-443720.910,-1172292.080,356.890
-443720.820,-1172292.310,356.995
-443721.060,-1172291.010,356.645
-443721.220,-1172290.660,357.510
-443720.960,-1172291.280,356.610
-443720.850,-1172291.530,356.630
-443720.730,-1172291.830,356.665
-443720.500,-1172292.410,356.990
-443720.390,-1172292.670,357.190
-443720.260,-1172292.990,357.315
-443720.150,-1172293.270,357.495
-443720.050,-1172293.520,357.620
-443719.930,-1172293.800,357.785
-443719.820,-1172294.090,357.980
-443719.700,-1172294.380,358.010
-443719.590,-1172294.660,358.020
-443720.790,-1172290.630,356.255
-443720.670,-1172290.900,356.300
-443720.560,-1172291.170,356.330
-443720.450,-1172291.450,356.420
-443720.340,-1172291.740,356.545
-443720.220,-1172292.010,356.665
-443720.110,-1172292.300,356.890
-443720.000,-1172292.570,357.040
-443719.880,-1172292.850,357.215
-443719.760,-1172293.150,357.380
-443719.650,-1172293.430,357.520
-443719.530,-1172293.730,357.700
-443719.420,-1172294.000,357.880
-443719.290,-1172294.310,357.965
-443719.180,-1172294.580,358.010
-443720.660,-1172290.570,356.155
-443720.560,-1172290.810,356.200
-443720.450,-1172291.070,356.280
-443720.340,-1172291.360,356.330
-443720.230,-1172291.630,356.470
-443720.120,-1172291.900,356.605
-443720.000,-1172292.190,356.820
-443719.880,-1172292.480,356.970
-443719.770,-1172292.750,357.145
-443719.670,-1172293.010,357.270
-443719.430,-1172293.600,357.610
-443719.310,-1172293.880,357.780
-443719.210,-1172294.150,357.950
-443719.090,-1172294.430,358.020
-443718.960,-1172294.750,358.000
-443720.290,-1172290.660,356.035
-443720.180,-1172290.930,356.130
-443720.070,-1172291.200,356.210
-443719.950,-1172291.490,356.355
-443719.840,-1172291.760,356.525
-443719.720,-1172292.060,356.790
-443719.610,-1172292.330,356.910
-443719.380,-1172292.900,357.200
-443719.280,-1172293.140,357.305
-443719.170,-1172293.410,357.480
-443719.050,-1172293.710,357.675
-443718.940,-1172293.990,357.840
-443719.180,-1172292.790,357.120
-443719.060,-1172293.090,357.270
-443718.950,-1172293.360,357.450
-443718.840,-1172293.640,357.600
-443720.090,-1172290.550,355.980
-443719.980,-1172290.830,356.070
-443719.860,-1172291.120,356.150
-443719.750,-1172291.390,356.280
-443719.640,-1172291.660,356.430
-443719.510,-1172291.990,356.720
-443719.410,-1172292.230,356.870
-443719.290,-1172292.520,357.000
-443719.650,-1172290.470,355.910
-443719.530,-1172290.760,355.990
-443719.410,-1172291.060,356.000
-443719.300,-1172291.320,356.130
-443718.860,-1172292.420,356.970
-443718.750,-1172292.700,357.090
-443719.390,-1172290.470,355.880
-443719.270,-1172290.760,355.925
-443719.160,-1172291.050,355.980
-443718.840,-1172290.680,355.840
-443718.730,-1172290.960,355.880
-443718.700,-1172290.400,355.820
-443718.590,-1172290.680,355.850
-443718.650,-1172296.940,356.900
-443718.290,-1172297.820,356.350
-443718.110,-1172298.930,355.690
-443718.790,-1172295.180,357.960
-443718.050,-1172296.980,356.890
-443717.500,-1172298.290,356.150
-443717.340,-1172298.680,355.970
-443717.280,-1172298.820,355.930
-443717.150,-1172299.150,355.815
-443718.140,-1172297.110,356.820
-443717.760,-1172298.040,356.270
-443718.720,-1172293.930,357.810
-443718.620,-1172294.170,357.930
-443718.490,-1172294.490,357.990
-443718.380,-1172294.770,358.000
-443718.220,-1172295.150,357.990
-443717.460,-1172297.000,356.975
-443717.140,-1172297.800,356.590
-443718.830,-1172294.270,357.950
-443718.710,-1172294.550,358.000
-443718.590,-1172294.850,358.005
-443718.420,-1172295.270,357.960
-443717.130,-1172298.390,356.290
-443718.040,-1172292.660,357.050
-443717.930,-1172292.940,357.155
-443717.700,-1172293.510,357.455
-443717.590,-1172293.790,357.585
-443717.470,-1172294.080,357.790
-443717.360,-1172294.350,357.950
-443717.240,-1172294.650,357.980
-443717.130,-1172294.910,358.010
-443718.700,-1172292.180,356.860
-443718.580,-1172292.460,357.025
-443718.460,-1172292.760,357.110
-443718.350,-1172293.040,357.210
-443718.250,-1172293.290,357.355
-443718.140,-1172293.570,357.520
-443718.010,-1172293.880,357.710
-443717.890,-1172294.170,357.870
-443717.780,-1172294.440,357.990
-443717.660,-1172294.750,358.010
-443716.970,-1172296.420,357.510
-443718.630,-1172293.000,357.205
-443718.510,-1172293.290,357.350
-443718.390,-1172293.590,357.520
-443718.280,-1172293.850,357.710
-443718.160,-1172294.140,357.865
-443718.050,-1172294.420,357.990
-443717.940,-1172294.700,358.010
-443717.640,-1172295.430,357.920
-443717.080,-1172296.800,357.210
-443717.070,-1172293.000,357.110
-443716.950,-1172293.280,357.225
-443716.840,-1172293.570,357.400
-443716.730,-1172293.830,357.580
-443716.620,-1172294.110,357.690
-443716.490,-1172294.410,357.860
-443716.420,-1172294.590,357.960
-443718.220,-1172290.570,355.800
-443717.990,-1172291.140,355.875
-443717.440,-1172292.500,356.880
-443717.330,-1172292.770,357.020
-443717.220,-1172293.060,357.150
-443717.090,-1172293.360,357.290
-443716.990,-1172293.620,357.460
-443716.870,-1172293.910,357.605
-443716.760,-1172294.190,357.735
-443716.640,-1172294.470,357.870
-443718.470,-1172290.960,355.880
-443718.360,-1172291.250,355.880
-443718.260,-1172291.500,355.965
-443717.920,-1172292.340,356.880
-443717.790,-1172292.650,357.030
-443717.680,-1172292.920,357.130
-443717.570,-1172293.200,357.235
-443717.450,-1172293.480,357.385
-443717.340,-1172293.770,357.575
-443717.220,-1172294.070,357.750
-443717.100,-1172294.350,357.910
-443716.980,-1172294.640,357.965
-443716.880,-1172294.900,357.990
-443718.600,-1172291.280,355.940
-443718.150,-1172292.390,356.945
-443714.620,-1172295.210,358.015
-443716.670,-1172290.800,355.790
-443716.560,-1172291.080,355.890
-443716.440,-1172291.370,355.990
-443716.330,-1172291.650,356.225
-443716.210,-1172291.940,356.370
-443716.080,-1172292.250,356.585
-443715.980,-1172292.500,356.730
-443715.860,-1172292.810,356.860
-443715.750,-1172293.080,357.010
-443715.640,-1172293.360,357.160
-443715.520,-1172293.640,357.330
-443715.410,-1172293.900,357.490
-443715.310,-1172294.170,357.630
-443715.170,-1172294.500,357.830
-443715.060,-1172294.770,357.965
-443714.950,-1172295.060,358.030
-443714.830,-1172295.340,358.025
-443717.380,-1172290.450,355.745
-443717.270,-1172290.730,355.820
-443717.140,-1172291.030,355.880
-443717.020,-1172291.330,355.925
-443716.690,-1172292.140,356.570
-443716.570,-1172292.450,356.750
-443716.470,-1172292.690,356.830
-443716.350,-1172292.980,356.995
-443716.220,-1172293.300,357.190
-443716.110,-1172293.590,357.370
-443716.010,-1172293.840,357.500
-443715.890,-1172294.130,357.650
-443715.770,-1172294.420,357.800
-443715.650,-1172294.710,357.950
-443715.550,-1172294.960,358.010
-443717.570,-1172290.740,355.820
-443717.460,-1172291.030,355.865
-443717.340,-1172291.320,355.920
-443717.230,-1172291.600,356.020
-443716.990,-1172292.180,356.600
-443716.880,-1172292.450,356.780
-443716.770,-1172292.730,356.875
-443716.650,-1172293.020,357.040
-443716.530,-1172293.310,357.210
-443716.430,-1172293.580,357.380
-443716.310,-1172293.860,357.520
-443716.200,-1172294.120,357.650
-443716.100,-1172294.390,357.800
-443715.990,-1172294.670,357.940
-443715.860,-1172294.970,358.010
-443715.750,-1172295.250,358.040
-443718.080,-1172290.480,355.800
-443717.980,-1172290.750,355.830
-443717.850,-1172291.070,355.880
-443717.280,-1172292.470,356.860
-443717.180,-1172292.720,356.980
-443714.490,-1172290.740,355.700
-443714.380,-1172291.020,355.790
-443714.280,-1172291.280,355.890
-443714.160,-1172291.570,355.955
-443714.040,-1172291.860,356.120
-443713.930,-1172292.150,356.260
-443713.480,-1172293.260,357.070
-443713.360,-1172293.560,357.190
-443713.240,-1172293.840,357.310
-443713.130,-1172294.130,357.420
-443713.010,-1172294.410,357.555
-443712.790,-1172294.960,357.745
-443711.970,-1172296.940,355.610
-443714.490,-1172291.520,355.990
-443714.370,-1172291.820,356.120
-443714.250,-1172292.110,356.310
-443713.920,-1172292.920,356.940
-443713.800,-1172293.220,357.070
-443713.690,-1172293.510,357.185
-443713.570,-1172293.800,357.300
-443713.450,-1172294.090,357.485
-443713.330,-1172294.380,357.655
-443713.220,-1172294.650,357.810
-443713.110,-1172294.920,357.915
-443712.990,-1172295.230,357.960
-443715.090,-1172291.030,355.795
-443714.850,-1172291.620,356.120
-443714.610,-1172292.200,356.490
-443714.510,-1172292.460,356.670
-443714.390,-1172292.740,356.805
-443714.270,-1172293.040,356.970
-443714.150,-1172293.330,357.100
-443714.050,-1172293.590,357.225
-443713.940,-1172293.870,357.370
-443713.820,-1172294.170,357.530
-443713.700,-1172294.450,357.700
-443713.610,-1172294.690,357.870
-443713.480,-1172294.990,357.980
-443713.380,-1172295.260,358.000
-443715.390,-1172290.750,355.700
-443715.250,-1172291.100,355.810
-443715.010,-1172291.670,356.150
-443714.900,-1172291.940,356.320
-443714.780,-1172292.240,356.495
-443714.670,-1172292.520,356.700
-443714.560,-1172292.790,356.840
-443714.450,-1172293.060,356.970
-443714.340,-1172293.350,357.120
-443714.230,-1172293.610,357.240
-443714.110,-1172293.910,357.390
-443714.000,-1172294.180,357.550
-443713.890,-1172294.460,357.715
-443713.770,-1172294.740,357.880
-443713.660,-1172295.010,357.980
-443713.540,-1172295.320,358.000
-443715.840,-1172290.660,355.700
-443715.620,-1172291.210,355.885
-443715.280,-1172292.060,356.425
-443715.050,-1172292.620,356.750
-443714.940,-1172292.890,356.880
-443714.830,-1172293.170,357.000
-443714.720,-1172293.430,357.150
-443714.600,-1172293.720,357.325
-443714.490,-1172294.020,357.490
-443714.370,-1172294.300,357.660
-443714.260,-1172294.580,357.825
-443714.150,-1172294.850,357.970
-443714.040,-1172295.130,358.000
-443716.070,-1172290.720,355.740
-443715.970,-1172290.980,355.800
-443715.860,-1172291.240,355.920
-443715.630,-1172291.810,356.305
-443715.520,-1172292.080,356.430
-443715.400,-1172292.380,356.645
-443715.280,-1172292.670,356.790
-443715.170,-1172292.950,356.885
-443715.060,-1172293.230,357.060
-443714.830,-1172293.780,357.355
-443714.720,-1172294.070,357.520
-443714.600,-1172294.360,357.705
-443714.480,-1172294.660,357.875
-443714.360,-1172294.950,357.990
-443714.240,-1172295.230,358.010
-443716.450,-1172290.690,355.750
-443716.340,-1172290.950,355.830
-443716.230,-1172291.240,355.940
-443716.000,-1172291.810,356.310
-443715.770,-1172292.380,356.640
-443715.650,-1172292.670,356.820
-443715.530,-1172292.950,356.960
-443715.420,-1172293.230,357.100
-443715.290,-1172293.550,357.290
-443715.180,-1172293.820,357.400
-443715.080,-1172294.080,357.540
-443714.970,-1172294.350,357.710
-443714.840,-1172294.670,357.915
-443714.720,-1172294.950,357.990
-443712.000,-1172291.040,355.580
-443711.770,-1172291.590,355.830
-443711.660,-1172291.870,355.945
-443711.530,-1172292.200,356.160
-443711.080,-1172293.330,356.950
-443710.960,-1172293.620,357.095
-443710.860,-1172293.870,357.110
-443710.740,-1172294.150,357.105
-443712.350,-1172291.000,355.580
-443712.220,-1172291.310,355.740
-443712.110,-1172291.600,355.900
-443711.990,-1172291.890,356.025
-443711.900,-1172292.120,356.120
-443711.770,-1172292.420,356.360
-443711.660,-1172292.700,356.580
-443711.430,-1172293.280,356.950
-443711.310,-1172293.570,357.090
-443711.200,-1172293.860,357.115
-443711.080,-1172294.130,357.115
-443710.890,-1172294.600,357.060
-443712.460,-1172291.220,355.740
-443712.350,-1172291.480,355.845
-443712.240,-1172291.760,356.000
-443712.120,-1172292.070,356.150
-443712.010,-1172292.330,356.310
-443711.890,-1172292.620,356.510
-443711.780,-1172292.900,356.785
-443711.670,-1172293.180,356.900
-443711.540,-1172293.490,357.020
-443711.430,-1172293.770,357.120
-443711.320,-1172294.050,357.120
-443713.000,-1172290.970,355.670
-443712.760,-1172291.570,355.900
-443712.650,-1172291.850,356.065
-443712.550,-1172292.110,356.220
-443712.420,-1172292.420,356.400
-443712.310,-1172292.700,356.550
-443712.200,-1172292.980,356.780
-443712.080,-1172293.270,356.920
-443711.970,-1172293.530,357.085
-443711.870,-1172293.800,357.120
-443711.750,-1172294.080,357.140
-443711.210,-1172295.410,356.570
-443713.350,-1172290.900,355.665
-443713.230,-1172291.200,355.760
-443713.130,-1172291.450,355.840
-443712.900,-1172292.010,356.140
-443712.790,-1172292.290,356.320
-443712.680,-1172292.560,356.530
-443712.440,-1172293.140,356.860
-443712.340,-1172293.410,357.020
-443712.220,-1172293.680,357.120
-443712.100,-1172293.980,357.160
-443711.790,-1172294.760,357.030
-443711.240,-1172296.100,356.090
-443713.700,-1172290.980,355.760
-443713.580,-1172291.290,355.840
-443713.470,-1172291.550,355.900
-443713.360,-1172291.830,356.050
-443713.240,-1172292.120,356.200
-443713.130,-1172292.400,356.410
-443713.020,-1172292.680,356.695
-443712.910,-1172292.950,356.830
-443712.800,-1172293.230,356.980
-443712.670,-1172293.530,357.120
-443712.560,-1172293.810,357.220
-443712.460,-1172294.070,357.255
-443712.060,-1172295.030,356.945
-443714.010,-1172290.840,355.715
-443713.890,-1172291.140,355.790
-443713.790,-1172291.390,355.860
-443713.560,-1172291.960,356.120
-443713.320,-1172292.540,356.580
-443713.100,-1172293.090,356.920
-443712.990,-1172293.360,357.065
-443712.870,-1172293.670,357.200
-443712.750,-1172293.950,357.260
-443712.640,-1172294.230,357.310
-443710.760,-1172291.450,355.620
-443710.650,-1172291.720,355.790
-443710.520,-1172292.050,355.860
-443711.160,-1172291.170,355.565
-443711.050,-1172291.440,355.660
-443710.940,-1172291.720,355.810
-443710.710,-1172292.300,356.005
-443710.590,-1172292.580,356.280
-443711.500,-1172291.460,355.710
-443711.380,-1172291.760,355.870
-443711.270,-1172292.030,355.970
-443710.830,-1172293.140,356.850
-443710.700,-1172293.440,356.985
-443710.390,-1172291.350,355.540
-443718.570,-1172290.360,355.800
-443718.990,-1172299.020,355.570
-443727.450,-1172291.220,355.570
-443727.690,-1172290.990,355.490
-443727.940,-1172290.760,355.395
-443728.200,-1172290.520,355.295
-443727.610,-1172290.460,355.495
-443719.150,-1172299.480,355.295
-443719.470,-1172299.190,355.455
-443727.650,-1172291.640,355.490
-443727.880,-1172291.430,355.390
-443728.120,-1172291.200,355.310
-443728.360,-1172290.980,355.245
-443728.620,-1172290.740,355.125
-443728.860,-1172290.520,355.045
-443719.290,-1172299.940,355.175
-443719.620,-1172299.640,355.235
-443719.940,-1172299.340,355.370
-443720.270,-1172299.040,355.490
-443720.600,-1172298.740,355.630
-443727.650,-1172292.230,355.500
-443727.870,-1172292.030,355.425
-443728.110,-1172291.800,355.340
-443728.370,-1172291.560,355.250
-443728.630,-1172291.330,355.120
-443728.860,-1172291.120,355.040
-443729.100,-1172290.890,354.980
-443729.350,-1172290.670,354.900
-443729.600,-1172290.430,354.820
-443720.350,-1172300.050,355.080
-443720.630,-1172299.790,355.210
-443720.960,-1172299.490,355.295
-443721.280,-1172299.190,355.370
-443721.600,-1172298.900,355.530
-443727.660,-1172293.300,355.600
-443727.890,-1172293.090,355.475
-443728.120,-1172292.880,355.380
-443728.360,-1172292.660,355.280
-443728.590,-1172292.440,355.200
-443728.840,-1172292.210,355.100
-443729.070,-1172292.000,355.015
-443729.320,-1172291.780,354.930
-443729.570,-1172291.540,354.860
-443729.800,-1172291.330,354.810
-443730.050,-1172291.100,354.790
-443719.560,-1172300.180,355.060
-443719.840,-1172299.930,355.140
-443720.160,-1172299.630,355.240
-443720.480,-1172299.330,355.345
-443720.800,-1172299.040,355.455
-443727.640,-1172292.720,355.530
-443727.870,-1172292.500,355.450
-443728.120,-1172292.280,355.360
-443728.360,-1172292.060,355.260
-443728.610,-1172291.820,355.160
-443728.850,-1172291.600,355.080
-443729.080,-1172291.390,355.000
-443729.320,-1172291.180,354.910
-443729.560,-1172290.950,354.860
-443729.810,-1172290.720,354.810
-443730.030,-1172290.520,354.790
-443728.970,-1172293.080,355.180
-443729.220,-1172292.850,355.090
-443729.480,-1172292.610,354.985
-443729.740,-1172292.370,354.900
-443729.980,-1172292.150,354.830
-443730.230,-1172291.910,354.775
-443720.970,-1172299.980,355.170
-443721.280,-1172299.700,355.220
-443721.600,-1172299.400,355.310
-443721.940,-1172299.090,355.410
-443727.940,-1172293.550,355.550
-443728.180,-1172293.340,355.450
-443728.410,-1172293.120,355.360
-443728.670,-1172292.880,355.220
-443728.910,-1172292.660,355.115
-443729.160,-1172292.430,355.010
-443729.410,-1172292.200,354.920
-443729.660,-1172291.970,354.865
-443729.890,-1172291.760,354.820
-443730.130,-1172291.530,354.790
-443722.850,-1172299.130,355.380
-443723.210,-1172298.790,355.540
-443728.610,-1172293.810,355.520
-443728.840,-1172293.600,355.410
-443729.060,-1172293.390,355.260
-443729.290,-1172293.190,355.160
-443729.520,-1172292.970,355.060
-443729.770,-1172292.740,354.930
-443730.010,-1172292.520,354.890
-443730.240,-1172292.310,354.810
-443721.610,-1172299.880,355.170
-443721.920,-1172299.590,355.215
-443722.250,-1172299.280,355.335
-443722.580,-1172298.980,355.530
-443728.270,-1172293.730,355.520
-443728.510,-1172293.500,355.420
-443728.740,-1172293.290,355.295
-443723.570,-1172299.610,355.035
-443723.900,-1172299.300,355.190
-443724.260,-1172298.980,355.335
-443730.300,-1172293.410,355.370
-443730.510,-1172293.210,355.275
-443723.000,-1172299.620,355.060
-443723.320,-1172299.330,355.220
-443723.690,-1172298.990,355.390
-443724.020,-1172298.680,355.625
-443729.450,-1172293.670,355.460
-443729.680,-1172293.460,355.280
-443729.890,-1172293.270,355.150
-443730.100,-1172293.070,355.010
-443722.170,-1172299.750,355.170
-443722.480,-1172299.470,355.210
-443724.260,-1172299.480,355.125
-443724.610,-1172299.160,355.250
-443724.970,-1172298.830,355.390
-443725.580,-1172299.220,355.170
-443725.930,-1172298.890,355.310
-443726.280,-1172298.570,355.475
-443724.590,-1172299.590,355.030
-443724.880,-1172299.320,355.160
-443725.220,-1172299.000,355.290
-443725.550,-1172298.710,355.450
-443725.850,-1172299.360,355.130
-443726.170,-1172299.060,355.255
-443726.510,-1172298.750,355.380
-443726.840,-1172298.440,355.550
-443726.930,-1172299.140,355.130
-443727.290,-1172298.820,355.290
-443727.660,-1172298.480,355.475
-443726.390,-1172299.280,355.140
-443726.700,-1172299.000,355.190
-443727.030,-1172298.700,355.355
-443727.400,-1172298.350,355.510
-443727.710,-1172299.020,355.150
-443728.040,-1172298.720,355.280
-443728.390,-1172298.400,355.440
-443728.120,-1172299.160,355.035
-443728.390,-1172298.900,355.140
-443728.770,-1172298.550,355.310
-443729.120,-1172298.240,355.460
-443729.440,-1172298.790,355.150
-443729.800,-1172298.460,355.300
-443730.150,-1172298.140,355.500
-443728.860,-1172299.010,355.095
-443729.150,-1172298.740,355.190
-443729.500,-1172298.420,355.310
-443729.830,-1172298.110,355.550
-443729.960,-1172298.840,355.130
-443730.280,-1172298.540,355.220
-443730.640,-1172298.210,355.420
-443731.000,-1172298.690,355.150
-443730.480,-1172298.720,355.190
-443730.830,-1172298.400,355.315
-443718.990,-1172300.220,355.060
-443718.190,-1172300.370,355.060
-443718.500,-1172300.090,355.180
-443718.820,-1172299.780,355.200
-443717.450,-1172300.440,355.060
-443717.720,-1172300.190,355.160
-443718.070,-1172299.870,355.200
-443718.390,-1172299.580,355.340
-443718.690,-1172299.300,355.420
-443717.160,-1172300.100,355.270
-443717.460,-1172299.820,355.270
-443717.750,-1172299.550,355.380
-443718.070,-1172299.260,355.520
-443717.380,-1172299.490,355.520
-443717.670,-1172299.220,355.600
-443711.390,-1172300.400,353.770
-443711.720,-1172300.090,353.860
-443711.080,-1172300.130,353.850
-443711.420,-1172299.820,353.910
-443711.720,-1172299.540,354.030
-443711.020,-1172299.730,353.920
-443711.330,-1172299.440,354.065
-443711.660,-1172299.130,354.240
-443710.960,-1172299.330,354.125
-443711.280,-1172299.030,354.370
-443711.600,-1172298.740,354.530
-443711.920,-1172298.430,354.680
-443711.470,-1172298.330,354.770
-443711.800,-1172298.020,354.960
-443711.140,-1172298.630,354.580
-443711.000,-1172298.190,354.860
-443711.290,-1172297.920,354.995
-443711.620,-1172297.620,355.160
-443711.950,-1172297.310,355.390
-443710.990,-1172297.780,355.145
-443711.280,-1172297.500,355.310
-443711.620,-1172297.190,355.440
-443711.920,-1172296.920,355.640
-443710.900,-1172297.450,355.350
-443711.230,-1172297.150,355.500
-443717.950,-1172290.500,355.795
-443717.410,-1172290.580,355.780
-443717.070,-1172290.580,355.780
-443717.280,-1172290.390,355.740
-443716.650,-1172290.550,355.730
-443715.990,-1172290.650,355.720
-443716.230,-1172290.430,355.680
-443715.300,-1172290.730,355.695
-443715.520,-1172290.530,355.665
-443714.880,-1172290.670,355.650
-443715.120,-1172290.450,355.580
-443714.370,-1172290.730,355.680
-443714.600,-1172290.510,355.575
-443713.620,-1172290.930,355.700
-443713.850,-1172290.720,355.650
-443714.070,-1172290.510,355.580
-443712.790,-1172291.090,355.700
-443713.040,-1172290.860,355.600
-443713.290,-1172290.630,355.560
-443712.240,-1172291.110,355.620
-443712.470,-1172290.890,355.560
-443712.700,-1172290.680,355.520
-443712.940,-1172290.460,355.490
-443711.600,-1172291.190,355.620
-443711.840,-1172290.980,355.560
-443712.080,-1172290.750,355.490
-443712.320,-1172290.520,355.470
-443711.050,-1172291.150,355.540
-443711.290,-1172290.930,355.500
-443711.520,-1172290.720,355.455
-443711.750,-1172290.500,355.400
-443710.140,-1172291.460,355.550
-443710.430,-1172291.190,355.460
-443710.670,-1172290.970,355.415
-443710.900,-1172290.760,355.375
-443711.110,-1172290.560,355.360
-443710.090,-1172291.150,355.430
-443710.370,-1172290.890,355.375
-443710.610,-1172290.670,355.330
-443710.850,-1172290.450,355.275
-443709.880,-1172290.880,355.260
-443710.120,-1172290.660,355.260
-443710.430,-1172290.380,355.210
-443730.530,-1172297.790,355.775
-443730.920,-1172297.420,356.140
-443730.200,-1172297.770,355.770
-443730.540,-1172297.460,356.100
-443730.950,-1172297.070,356.510
-443728.780,-1172298.040,355.630
-443729.120,-1172297.730,355.910
-443729.480,-1172297.400,356.170
-443729.850,-1172297.050,356.550
-443730.240,-1172296.690,356.880
-443730.570,-1172296.380,357.155
-443729.470,-1172297.910,355.670
-443729.820,-1172297.590,355.950
-443730.180,-1172297.250,356.360
-443730.540,-1172296.930,356.580
-443728.010,-1172298.150,355.620
-443728.390,-1172297.800,355.910
-443728.720,-1172297.500,356.190
-443729.070,-1172297.170,356.480
-443729.420,-1172296.850,356.790
-443729.780,-1172296.520,357.115
-443730.150,-1172296.170,357.345
-443730.510,-1172295.840,357.430
-443729.900,-1172295.620,357.430
-443730.120,-1172295.410,357.380
-443730.580,-1172294.990,357.150
-443727.750,-1172298.030,355.760
-443728.110,-1172297.700,356.015
-443728.440,-1172297.400,356.250
-443728.810,-1172297.050,356.590
-443729.190,-1172296.700,356.960
-443729.550,-1172296.370,357.280
-443729.930,-1172296.020,357.420
-443730.290,-1172295.680,357.420
-443730.520,-1172295.470,357.410
-443730.750,-1172295.270,357.440
-443726.610,-1172298.270,355.655
-443727.000,-1172297.910,355.960
-443727.340,-1172297.590,356.185
-443727.690,-1172297.270,356.460
-443728.030,-1172296.950,356.770
-443728.390,-1172296.620,357.060
-443728.730,-1172296.310,357.315
-443729.080,-1172295.990,357.380
-443729.400,-1172295.690,357.370
-443729.610,-1172295.500,357.375
-443729.830,-1172295.300,357.365
-443730.040,-1172295.100,357.210
-443730.250,-1172294.910,357.030
-443730.480,-1172294.690,356.920
-443727.180,-1172298.130,355.700
-443727.540,-1172297.800,355.980
-443727.890,-1172297.480,356.210
-443728.250,-1172297.140,356.550
-443728.600,-1172296.810,356.820
-443728.960,-1172296.480,357.205
-443729.320,-1172296.150,357.365
-443729.690,-1172295.810,357.420
-443725.340,-1172298.490,355.620
-443725.690,-1172298.160,355.890
-443726.080,-1172297.800,356.175
-443726.390,-1172297.520,356.390
-443726.750,-1172297.190,356.690
-443727.100,-1172296.860,356.960
-443727.450,-1172296.530,357.255
-443727.820,-1172296.190,357.375
-443728.140,-1172295.900,357.450
-443728.390,-1172295.670,357.405
-443728.610,-1172295.470,357.370
-443728.830,-1172295.260,357.210
-443729.030,-1172295.080,357.100
-443729.270,-1172294.860,356.850
-443729.460,-1172294.680,356.630
-443729.680,-1172294.480,356.430
-443729.880,-1172294.300,356.290
-443730.110,-1172294.080,356.110
-443730.300,-1172293.910,355.950
-443730.540,-1172293.690,355.840
-443725.920,-1172298.360,355.635
-443726.290,-1172298.020,355.955
-443726.610,-1172297.720,356.185
-443727.000,-1172297.370,356.455
-443727.370,-1172297.020,356.780
-443727.730,-1172296.690,357.090
-443728.060,-1172296.380,357.280
-443728.450,-1172296.020,357.375
-443728.730,-1172295.770,357.410
-443728.950,-1172295.560,357.430
-443729.150,-1172295.370,357.370
-443729.370,-1172295.180,357.180
-443729.580,-1172294.980,356.945
-443729.780,-1172294.790,356.790
-443730.000,-1172294.600,356.620
-443730.200,-1172294.410,356.420
-443730.440,-1172294.180,356.230
-443724.360,-1172298.370,355.820
-443724.730,-1172298.030,356.080
-443725.080,-1172297.700,356.340
-443725.420,-1172297.390,356.600
-443725.770,-1172297.070,356.900
-443726.110,-1172296.750,357.170
-443726.490,-1172296.400,357.340
-443726.840,-1172296.080,357.380
-443727.080,-1172295.860,357.370
-443727.290,-1172295.660,357.370
-443727.510,-1172295.460,357.385
-443727.730,-1172295.260,357.105
-443727.950,-1172295.060,356.885
-443728.170,-1172294.850,356.690
-443728.600,-1172294.460,356.225
-443728.820,-1172294.260,356.055
-443729.030,-1172294.060,355.840
-443729.240,-1172293.870,355.650
-443724.610,-1172298.650,355.520
-443724.990,-1172298.300,355.790
-443725.320,-1172297.990,356.000
-443725.670,-1172297.670,356.260
-443726.030,-1172297.340,356.570
-443726.400,-1172297.000,356.820
-443726.750,-1172296.680,357.160
-443727.130,-1172296.320,357.340
-443727.470,-1172296.010,357.400
-443727.710,-1172295.790,357.440
-443728.110,-1172295.420,357.390
-443728.330,-1172295.220,357.180
-443728.560,-1172295.010,356.975
-443728.770,-1172294.820,356.720
-443728.990,-1172294.610,356.570
-443729.210,-1172294.400,356.335
-443729.420,-1172294.210,356.180
-443729.640,-1172294.020,356.030
-443729.850,-1172293.820,355.815
-443725.420,-1172296.350,357.370
-443725.710,-1172296.080,357.375
-443725.930,-1172295.880,357.360
-443726.150,-1172295.680,357.335
-443726.360,-1172295.490,357.195
-443726.760,-1172295.120,356.740
-443727.190,-1172294.720,356.190
-443727.390,-1172294.530,356.010
-443727.620,-1172294.320,355.895
-443727.840,-1172294.120,355.750
-443728.050,-1172293.930,355.660
-443723.550,-1172298.480,355.870
-443723.930,-1172298.130,356.060
-443724.270,-1172297.810,356.360
-443724.630,-1172297.480,356.650
-443724.970,-1172297.170,356.940
-443725.310,-1172296.860,357.185
-443725.650,-1172296.540,357.350
-443725.990,-1172296.230,357.360
-443726.250,-1172295.990,357.370
-443726.460,-1172295.800,357.380
-443726.660,-1172295.600,357.350
-443726.880,-1172295.400,357.125
-443727.090,-1172295.210,356.890
-443727.370,-1172294.960,356.670
-443727.560,-1172294.780,356.315
-443727.950,-1172294.420,356.010
-443728.160,-1172294.220,355.820
-443728.390,-1172294.010,355.670
-443722.320,-1172298.740,355.680
-443722.670,-1172298.410,355.970
-443723.050,-1172298.060,356.300
-443723.410,-1172297.730,356.590
-443723.760,-1172297.410,356.780
-443724.110,-1172297.090,357.125
-443724.440,-1172296.780,357.315
-443724.810,-1172296.440,357.385
-443725.080,-1172296.190,357.395
-443725.740,-1172295.580,357.195
-443725.960,-1172295.380,357.030
-443726.170,-1172295.180,356.705
-443726.380,-1172294.990,356.550
-443726.590,-1172294.800,356.300
-443726.820,-1172294.590,356.120
-443727.020,-1172294.400,356.015
-443727.240,-1172294.190,355.910
-443727.460,-1172293.990,355.810
-443727.700,-1172293.770,355.670
-443722.910,-1172298.670,355.720
-443723.260,-1172298.350,356.020
-443723.630,-1172298.000,356.215
-443723.990,-1172297.670,356.560
-443724.350,-1172297.340,356.850
-443724.710,-1172297.010,357.140
-443725.080,-1172296.670,357.340
-443722.040,-1172298.490,355.860
-443722.390,-1172298.170,356.155
-443722.730,-1172297.850,356.490
-443723.080,-1172297.530,356.755
-443723.430,-1172297.210,357.030
-443723.800,-1172296.860,357.305
-443724.170,-1172296.520,357.355
-443724.480,-1172296.230,357.320
-443724.700,-1172296.030,357.320
-443724.910,-1172295.840,357.295
-443725.130,-1172295.640,357.095
-443725.550,-1172295.250,356.695
-443725.780,-1172295.040,356.555
-443725.970,-1172294.860,356.440
-443726.200,-1172294.650,356.300
-443726.430,-1172294.440,356.150
-443726.690,-1172294.200,356.050
-443726.910,-1172293.990,355.930
-443727.160,-1172293.760,355.810
-443727.400,-1172293.540,355.705
-443721.090,-1172298.760,355.600
-443721.410,-1172298.470,355.800
-443721.960,-1172297.960,356.215
-443722.240,-1172297.700,356.500
-443722.590,-1172297.380,356.915
-443722.960,-1172297.040,357.265
-443723.310,-1172296.720,357.380
-443723.650,-1172296.400,357.360
-443724.080,-1172296.000,357.315
-443724.280,-1172295.830,357.210
-443724.500,-1172295.620,357.050
-443724.720,-1172295.410,356.900
-443724.960,-1172295.200,356.755
-443725.200,-1172294.970,356.685
-443725.440,-1172294.750,356.585
-443725.670,-1172294.540,356.420
-443725.900,-1172294.320,356.295
-443726.150,-1172294.100,356.165
-443726.390,-1172293.880,356.040
-443726.650,-1172293.640,355.940
-443726.890,-1172293.410,355.840
-443727.130,-1172293.190,355.730
-443727.390,-1172292.950,355.620
-443720.910,-1172298.450,355.790
-443721.230,-1172298.160,355.990
-443721.570,-1172297.840,356.220
-443722.140,-1172297.310,356.830
-443722.450,-1172297.030,357.260
-443722.790,-1172296.710,357.450
-443723.120,-1172296.410,357.450
-443723.340,-1172296.210,357.395
-443723.540,-1172296.020,357.375
-443723.750,-1172295.830,357.280
-443723.990,-1172295.600,357.100
-443724.200,-1172295.410,357.030
-443724.440,-1172295.190,356.890
-443724.700,-1172294.950,356.800
-443724.940,-1172294.730,356.710
-443725.160,-1172294.530,356.640
-443725.420,-1172294.290,356.515
-443725.670,-1172294.050,356.330
-443725.920,-1172293.830,356.190
-443726.160,-1172293.600,356.075
-443726.420,-1172293.360,355.985
-443726.660,-1172293.150,355.890
-443726.890,-1172292.930,355.810
-443727.120,-1172292.720,355.730
-443727.380,-1172292.470,355.610
-443721.060,-1172297.720,356.230
-443721.400,-1172297.410,356.545
-443722.070,-1172296.790,357.355
-443722.350,-1172296.530,357.545
-443722.560,-1172296.340,357.545
-443723.030,-1172295.900,357.460
-443723.280,-1172295.670,357.335
-443723.510,-1172295.450,357.190
-443723.750,-1172295.240,357.075
-443723.990,-1172295.020,356.985
-443724.220,-1172294.800,356.890
-443724.470,-1172294.570,356.840
-443725.670,-1172293.460,356.240
-443725.930,-1172293.230,356.150
-443726.150,-1172293.020,356.070
-443726.390,-1172292.800,355.990
-443726.650,-1172292.560,355.880
-443726.900,-1172292.330,355.780
-443727.150,-1172292.100,355.675
-443727.400,-1172291.870,355.600
-443723.110,-1172295.220,357.280
-443723.350,-1172295.000,357.170
-443723.590,-1172294.780,357.065
-443723.850,-1172294.540,356.945
-443724.080,-1172294.320,356.900
-443724.320,-1172294.110,356.860
-443724.860,-1172293.600,356.700
-443725.050,-1172293.430,356.650
-443725.270,-1172293.220,356.450
-443725.510,-1172293.000,356.280
-443725.760,-1172292.780,356.170
-443725.990,-1172292.560,356.110
-443726.230,-1172292.340,356.020
-443726.480,-1172292.110,355.940
-443726.730,-1172291.880,355.840
-443726.960,-1172291.670,355.755
-443727.210,-1172291.440,355.660
-443719.770,-1172298.910,355.560
-443720.090,-1172298.620,355.740
-443720.410,-1172298.320,355.895
-443720.750,-1172298.000,356.090
-443726.860,-1172291.150,355.800
-443727.100,-1172290.930,355.700
-443727.350,-1172290.690,355.600
-443719.350,-1172298.690,355.755
-443719.670,-1172298.390,355.910
-443719.990,-1172298.100,356.070
-443720.340,-1172297.780,356.230
-443720.670,-1172297.470,356.365
-443720.990,-1172297.180,356.590
-443721.900,-1172296.340,357.550
-443722.130,-1172296.120,357.595
-443722.370,-1172295.900,357.600
-443722.600,-1172295.690,357.530
-443722.870,-1172295.440,357.380
-443719.040,-1172298.360,355.990
-443719.360,-1172298.070,356.150
-443719.680,-1172297.770,356.300
-443720.000,-1172297.480,356.480
-443720.330,-1172297.170,356.640
-443720.660,-1172296.870,356.835
-443721.000,-1172296.550,357.060
-443721.340,-1172296.240,357.480
-443721.810,-1172295.800,357.645
-443722.020,-1172295.610,357.620
-443722.260,-1172295.390,357.600
-443722.490,-1172295.180,357.500
-443722.740,-1172294.940,357.390
-443723.000,-1172294.710,357.280
-443723.230,-1172294.500,357.175
-443723.470,-1172294.270,357.075
-443723.720,-1172294.040,357.000
-443723.980,-1172293.800,356.910
-443724.210,-1172293.590,356.860
-443724.450,-1172293.370,356.790
-443724.720,-1172293.120,356.700
-443724.950,-1172292.910,356.590
-443725.170,-1172292.700,356.450
-443725.420,-1172292.470,356.330
-443725.650,-1172292.260,356.215
-443725.890,-1172292.040,356.135
-443726.140,-1172291.810,356.050
-443726.370,-1172291.590,355.970
-443726.610,-1172291.380,355.880
-443718.920,-1172298.060,356.150
-443719.240,-1172297.770,356.340
-443719.570,-1172297.460,356.485
-443719.900,-1172297.160,356.680
-443720.200,-1172296.880,356.830
-443720.540,-1172296.570,357.030
-443720.890,-1172296.250,357.260
-443721.180,-1172295.970,357.580
-443721.610,-1172295.580,357.685
-443721.870,-1172295.340,357.670
-443722.110,-1172295.120,357.620
-443722.350,-1172294.900,357.520
-443722.600,-1172294.670,357.440
-443722.850,-1172294.430,357.340
-443723.080,-1172294.220,357.235
-443723.310,-1172294.010,357.130
-443723.550,-1172293.790,357.050
-443723.810,-1172293.550,356.940
-443724.050,-1172293.330,356.860
-443724.280,-1172293.110,356.780
-443724.540,-1172292.870,356.690
-443724.790,-1172292.650,356.560
-443725.030,-1172292.420,356.450
-443725.260,-1172292.210,356.350
-443725.540,-1172291.950,356.240
-443725.760,-1172291.750,356.170
-443726.000,-1172291.520,356.055
-443726.240,-1172291.300,355.990
-443726.490,-1172291.080,355.900
-443726.720,-1172290.870,355.810
-443726.950,-1172290.660,355.730
-443727.210,-1172290.420,355.625
-443721.060,-1172295.720,357.670
-443721.390,-1172295.410,357.740
-443721.710,-1172295.120,357.705
-443721.930,-1172294.920,357.660
-443722.180,-1172294.690,357.580
-443722.410,-1172294.470,357.475
-443722.650,-1172294.250,357.395
-443722.900,-1172294.020,357.305
-443723.140,-1172293.800,357.200
-443723.390,-1172293.570,357.110
-443723.640,-1172293.340,357.000
-443723.900,-1172293.100,356.890
-443724.120,-1172292.900,356.810
-443724.360,-1172292.670,356.735
-443724.590,-1172292.460,356.650
-443724.850,-1172292.230,356.510
-443725.100,-1172291.990,356.400
-443725.330,-1172291.780,356.330
-443725.590,-1172291.540,356.210
-443725.840,-1172291.310,356.130
-443726.080,-1172291.080,356.040
-443726.330,-1172290.860,355.960
-443726.580,-1172290.630,355.880
-443726.810,-1172290.420,355.780
-443718.830,-1172297.780,356.340
-443719.150,-1172297.480,356.465
-443719.450,-1172297.200,356.675
-443719.790,-1172296.890,356.830
-443720.100,-1172296.610,357.010
-443720.430,-1172296.300,357.200
-443720.740,-1172296.020,357.370
-443719.080,-1172297.160,356.700
-443719.390,-1172296.870,356.880
-443719.720,-1172296.560,357.060
-443720.040,-1172296.270,357.240
-443720.370,-1172295.960,357.380
-443720.670,-1172295.690,357.610
-443721.000,-1172295.380,357.800
-443721.310,-1172295.090,357.800
-443721.610,-1172294.820,357.740
-443721.820,-1172294.620,357.685
-443722.060,-1172294.400,357.590
-443722.280,-1172294.200,357.505
-443722.530,-1172293.970,357.410
-443722.760,-1172293.760,357.330
-443723.020,-1172293.510,357.230
-443723.260,-1172293.290,357.130
-443723.490,-1172293.080,357.025
-443723.740,-1172292.850,356.930
-443723.980,-1172292.630,356.840
-443724.230,-1172292.400,356.740
-443724.480,-1172292.170,356.650
-443724.740,-1172291.930,356.510
-443724.990,-1172291.690,356.430
-443725.210,-1172291.490,356.340
-443725.450,-1172291.270,356.255
-443725.690,-1172291.050,356.170
-443725.940,-1172290.820,356.070
-443726.190,-1172290.590,356.010
-443724.890,-1172291.270,356.455
-443725.140,-1172291.040,356.370
-443725.390,-1172290.800,356.270
-443725.650,-1172290.570,356.170
-443718.790,-1172296.900,356.885
-443719.130,-1172296.590,357.055
-443719.450,-1172296.290,357.210
-443719.760,-1172296.000,357.400
-443720.100,-1172295.690,357.570
-443720.430,-1172295.380,357.750
-443720.760,-1172295.080,357.910
-443721.070,-1172294.790,357.910
-443721.780,-1172294.140,357.650
-443722.020,-1172293.920,357.565
-443722.250,-1172293.700,357.500
-443722.490,-1172293.490,357.430
-443722.710,-1172293.280,357.340
-443722.970,-1172293.040,357.230
-443723.210,-1172292.820,357.130
-443723.440,-1172292.610,357.030
-443723.680,-1172292.380,356.940
-443723.930,-1172292.160,356.840
-443724.180,-1172291.930,356.740
-443724.420,-1172291.700,356.640
-443724.650,-1172291.490,356.560
-443718.710,-1172296.560,357.095
-443719.040,-1172296.250,357.260
-443719.360,-1172295.960,357.435
-443719.690,-1172295.650,357.610
-443720.000,-1172295.370,357.755
-443720.320,-1172295.070,357.970
-443720.630,-1172294.790,357.980
-443721.000,-1172294.440,357.920
-443721.670,-1172293.820,357.650
-443721.890,-1172293.620,357.600
-443722.140,-1172293.390,357.510
-443722.380,-1172293.170,357.440
-443722.610,-1172292.960,357.350
-443722.870,-1172292.720,357.250
-443723.110,-1172292.490,357.140
-443723.330,-1172292.290,357.035
-443723.560,-1172292.080,356.950
-443723.810,-1172291.850,356.880
-443724.050,-1172291.630,356.785
-443724.280,-1172291.420,356.695
-443724.530,-1172291.180,356.610
-443724.780,-1172290.960,356.490
-443725.010,-1172290.740,356.450
-443725.260,-1172290.510,356.340
-443718.790,-1172296.020,357.410
-443719.110,-1172295.720,357.600
-443719.440,-1172295.410,357.760
-443719.770,-1172295.110,357.940
-443720.110,-1172294.800,358.010
-443720.420,-1172294.510,358.010
-443720.660,-1172294.290,357.980
-443720.890,-1172294.080,357.910
-443721.130,-1172293.850,357.810
-443721.360,-1172293.640,357.710
-443721.620,-1172293.400,357.630
-443721.860,-1172293.180,357.600
-443722.090,-1172292.970,357.520
-443722.340,-1172292.740,357.440
-443722.620,-1172292.480,357.335
-443722.870,-1172292.250,357.230
-443723.080,-1172292.050,357.135
-443723.320,-1172291.830,357.040
-443723.550,-1172291.620,356.960
-443723.820,-1172291.370,356.850
-443724.040,-1172291.170,356.800
-443724.280,-1172290.950,356.700
-443724.520,-1172290.730,356.600
-443724.750,-1172290.510,356.505
-443718.870,-1172295.420,357.815
-443719.190,-1172295.130,357.965
-443719.510,-1172294.830,358.020
-443719.830,-1172294.530,358.020
-443720.060,-1172294.320,358.010
-443720.300,-1172294.110,357.960
-443720.540,-1172293.890,357.870
-443720.790,-1172293.650,357.770
-443721.040,-1172293.420,357.710
-443721.600,-1172292.900,357.600
-443721.840,-1172292.690,357.530
-443722.100,-1172292.440,357.470
-443722.300,-1172292.260,357.430
-443722.840,-1172291.760,357.210
-443723.050,-1172291.570,357.110
-443723.280,-1172291.350,357.040
-443723.530,-1172291.120,356.970
-443723.800,-1172290.880,356.865
-443724.020,-1172290.670,356.790
-443724.270,-1172290.440,356.690
-443723.330,-1172290.740,357.025
-443723.580,-1172290.520,356.950
-443718.770,-1172294.950,357.990
-443719.090,-1172294.660,357.995
-443719.330,-1172294.440,358.000
-443719.540,-1172294.240,357.980
-443719.780,-1172294.020,357.910
-443720.020,-1172293.810,357.840
-443720.280,-1172293.560,357.670
-443720.510,-1172293.350,357.610
-443720.730,-1172293.140,357.550
-443720.970,-1172292.920,357.555
-443721.400,-1172292.520,357.475
-443722.650,-1172291.370,357.280
-443722.860,-1172291.180,357.160
-443723.090,-1172290.970,357.095
-443718.640,-1172294.640,358.005
-443718.870,-1172294.430,357.990
-443719.120,-1172294.200,357.950
-443719.340,-1172293.990,357.880
-443719.560,-1172293.780,357.720
-443719.800,-1172293.570,357.610
-443720.040,-1172293.350,357.520
-443720.260,-1172293.140,357.420
-443720.500,-1172292.920,357.330
-443720.750,-1172292.690,357.255
-443720.990,-1172292.470,357.185
-443721.190,-1172292.290,357.260
-443722.210,-1172291.340,357.440
-443722.430,-1172291.140,357.340
-443722.660,-1172290.920,357.285
-443722.920,-1172290.680,357.190
-443723.160,-1172290.470,357.070
-443722.640,-1172290.520,357.295
-443718.530,-1172294.320,357.980
-443718.780,-1172294.090,357.880
-443719.030,-1172293.860,357.740
-443719.250,-1172293.650,357.610
-443719.500,-1172293.420,357.500
-443719.730,-1172293.210,357.420
-443719.970,-1172292.990,357.270
-443720.200,-1172292.780,357.210
-443720.430,-1172292.560,357.090
-443720.650,-1172292.360,357.005
-443720.890,-1172292.140,356.910
-443721.490,-1172291.580,357.530
-443721.120,-1172291.920,356.925
-443721.730,-1172291.360,357.555
-443721.930,-1172291.180,357.505
-443722.150,-1172290.970,357.470
-443722.390,-1172290.760,357.395
-443718.620,-1172293.720,357.600
-443718.880,-1172293.480,357.490
-443719.110,-1172293.270,357.370
-443719.350,-1172293.050,357.270
-443719.600,-1172292.810,357.175
-443719.840,-1172292.600,357.060
-443720.080,-1172292.370,356.930
-443720.310,-1172292.160,356.820
-443720.550,-1172291.940,356.685
-443721.180,-1172291.350,356.830
-443720.770,-1172291.730,356.660
-443721.420,-1172291.130,357.470
-443721.640,-1172290.940,357.540
-443721.870,-1172290.720,357.555
-443722.100,-1172290.500,357.510
-443718.460,-1172293.320,357.360
-443718.690,-1172293.110,357.270
-443718.920,-1172292.890,357.170
-443719.150,-1172292.680,357.090
-443719.390,-1172292.460,356.965
-443719.630,-1172292.230,356.880
-443719.850,-1172292.030,356.720
-443720.100,-1172291.800,356.570
-443720.350,-1172291.580,356.460
-443721.070,-1172290.910,356.590
-443720.590,-1172291.350,356.415
-443721.310,-1172290.690,357.515
-443721.530,-1172290.480,357.580
-443718.490,-1172292.820,357.120
-443718.750,-1172292.590,357.030
-443718.980,-1172292.370,356.940
-443719.230,-1172292.140,356.840
-443719.480,-1172291.920,356.680
-443719.700,-1172291.710,356.475
-443719.920,-1172291.500,356.360
-443720.160,-1172291.280,356.280
-443720.400,-1172291.060,356.260
-443720.640,-1172290.840,356.255
-443718.530,-1172292.330,356.950
-443719.220,-1172291.690,356.435
-443719.450,-1172291.480,356.300
-443719.690,-1172291.260,356.210
-443719.940,-1172291.030,356.130
-443720.190,-1172290.800,356.100
-443720.410,-1172290.590,356.070
-443719.940,-1172290.500,355.965
-443719.240,-1172291.150,356.000
-443719.470,-1172290.930,355.990
-443719.700,-1172290.720,355.990
-443718.420,-1172291.340,355.905
-443718.670,-1172291.100,355.900
-443718.900,-1172290.890,355.900
-443719.150,-1172290.660,355.880
-443719.380,-1172290.450,355.875
-443718.330,-1172290.990,355.870
-443718.560,-1172290.780,355.860
-443718.810,-1172290.550,355.825
-443718.320,-1172290.590,355.820
-443718.400,-1172298.950,355.670
-443718.710,-1172298.670,355.820
-443716.580,-1172299.860,357.030
-443716.870,-1172299.580,355.760
-443717.240,-1172299.250,355.760
-443717.570,-1172298.940,355.790
-443717.880,-1172298.660,355.860
-443718.210,-1172298.350,356.020
-443718.510,-1172298.070,356.160
-443716.790,-1172300.030,355.610
-443717.040,-1172299.800,355.390
-443717.990,-1172298.920,355.715
-443718.300,-1172298.640,355.865
-443718.620,-1172298.350,356.000
-443715.890,-1172300.100,357.050
-443716.180,-1172299.840,357.080
-443716.460,-1172299.580,357.080
-443716.760,-1172299.290,357.000
-443717.140,-1172298.950,355.930
-443717.450,-1172298.660,355.970
-443717.790,-1172298.350,356.090
-443718.080,-1172298.080,356.170
-443718.420,-1172297.770,356.350
-443718.750,-1172297.460,356.510
-443716.270,-1172300.140,357.055
-443714.900,-1172300.080,357.070
-443715.170,-1172299.830,357.090
-443715.430,-1172299.580,357.140
-443715.730,-1172299.310,357.170
-443716.010,-1172299.050,357.240
-443716.290,-1172298.790,357.255
-443717.100,-1172298.050,356.480
-443717.400,-1172297.770,356.530
-443717.730,-1172297.460,356.620
-443718.380,-1172296.870,356.940
-443715.280,-1172300.140,357.050
-443715.550,-1172299.890,357.080
-443715.850,-1172299.620,357.120
-443716.150,-1172299.340,357.150
-443716.430,-1172299.080,357.160
-443717.200,-1172298.370,356.260
-443717.520,-1172298.080,356.290
-443717.860,-1172297.760,356.405
-443718.170,-1172297.470,356.590
-443718.480,-1172297.190,356.720
-443715.770,-1172298.290,357.390
-443716.090,-1172298.000,357.435
-443716.360,-1172297.750,357.455
-443716.660,-1172297.470,357.190
-443716.980,-1172297.170,357.080
-443717.280,-1172296.890,357.080
-443717.600,-1172296.600,357.185
-443717.930,-1172296.300,357.320
-443718.230,-1172296.020,357.480
-443718.560,-1172295.720,357.620
-443714.330,-1172300.130,357.070
-443714.620,-1172299.870,357.080
-443714.920,-1172299.590,357.120
-443715.200,-1172299.340,357.165
-443715.490,-1172299.070,357.230
-443715.770,-1172298.800,357.280
-443716.050,-1172298.550,357.330
-443716.330,-1172298.290,357.345
-443716.620,-1172298.030,357.270
-443716.920,-1172297.750,356.770
-443717.180,-1172297.500,356.780
-443717.510,-1172297.200,356.830
-443717.820,-1172296.910,356.960
-443718.140,-1172296.610,357.100
-443718.470,-1172296.310,357.260
-443713.300,-1172300.010,357.080
-443713.590,-1172299.740,357.130
-443714.440,-1172298.960,357.280
-443714.720,-1172298.700,357.315
-443715.020,-1172298.420,357.385
-443715.310,-1172298.150,357.420
-443715.590,-1172297.890,357.475
-443716.200,-1172297.330,357.540
-443716.480,-1172297.070,357.500
-443716.890,-1172296.690,357.370
-443717.190,-1172296.420,357.310
-443717.540,-1172296.090,357.460
-443717.830,-1172295.820,357.630
-443718.150,-1172295.530,357.770
-443718.470,-1172295.230,357.960
-443713.470,-1172300.420,357.070
-443713.750,-1172300.150,357.090
-443714.040,-1172299.880,357.110
-443714.340,-1172299.610,357.140
-443714.620,-1172299.350,357.185
-443714.910,-1172299.080,357.240
-443715.200,-1172298.810,357.290
-443715.500,-1172298.540,357.330
-443714.260,-1172298.260,357.425
-443714.560,-1172297.990,357.490
-443714.830,-1172297.730,357.530
-443715.110,-1172297.480,357.580
-443715.410,-1172297.200,357.645
-443715.710,-1172296.920,357.700
-443716.020,-1172296.640,357.730
-443716.310,-1172296.360,357.740
-443716.820,-1172295.900,357.810
-443717.130,-1172295.610,357.885
-443717.440,-1172295.320,357.980
-443717.780,-1172295.010,358.005
-443718.060,-1172294.750,358.015
-443718.290,-1172294.540,357.995
-443713.090,-1172299.760,357.060
-443713.380,-1172299.500,357.140
-443713.670,-1172299.230,357.240
-443713.950,-1172298.970,357.310
-443714.220,-1172298.720,357.340
-443714.530,-1172298.430,357.395
-443714.830,-1172298.160,357.425
-443715.120,-1172297.890,357.490
-443715.420,-1172297.610,357.545
-443715.990,-1172297.090,357.650
-443716.260,-1172296.840,357.650
-443716.550,-1172296.560,357.645
-443717.030,-1172296.120,357.640
-443717.350,-1172295.830,357.710
-443717.680,-1172295.520,357.870
-443718.020,-1172295.210,357.995
-443718.350,-1172294.910,358.000
-443713.100,-1172298.820,357.280
-443713.380,-1172298.560,357.370
-443713.680,-1172298.290,357.420
-443713.940,-1172298.040,357.480
-443714.240,-1172297.770,357.520
-443714.510,-1172297.520,357.565
-443714.790,-1172297.250,357.610
-443715.090,-1172296.980,357.670
-443715.360,-1172296.730,357.735
-443715.670,-1172296.440,357.800
-443715.980,-1172296.160,357.870
-443716.250,-1172295.910,357.890
-443716.520,-1172295.660,357.930
-443716.820,-1172295.390,357.995
-443717.140,-1172295.080,358.010
-443717.460,-1172294.790,358.010
-443717.700,-1172294.570,358.010
-443717.940,-1172294.350,357.960
-443718.170,-1172294.140,357.870
-443718.390,-1172293.930,357.770
-443713.120,-1172299.320,357.110
-443713.390,-1172299.070,357.260
-443713.700,-1172298.780,357.350
-443713.970,-1172298.530,357.380
-443713.050,-1172298.310,357.360
-443713.330,-1172298.060,357.450
-443713.620,-1172297.790,357.520
-443713.900,-1172297.530,357.580
-443714.180,-1172297.270,357.615
-443714.450,-1172297.020,357.650
-443714.730,-1172296.760,357.710
-443715.040,-1172296.480,357.810
-443715.340,-1172296.200,357.880
-443715.600,-1172295.960,357.940
-443715.890,-1172295.690,357.970
-443716.180,-1172295.430,358.000
-443716.510,-1172295.120,358.010
-443716.800,-1172294.850,358.000
-443717.030,-1172294.640,357.970
-443717.250,-1172294.440,357.950
-443717.480,-1172294.220,357.875
-443717.730,-1172293.990,357.730
-443717.970,-1172293.770,357.605
-443718.210,-1172293.550,357.500
-443713.660,-1172296.830,357.740
-443713.940,-1172296.570,357.800
-443714.230,-1172296.300,357.860
-443714.530,-1172296.020,357.950
-443714.840,-1172295.740,358.010
-443715.120,-1172295.480,358.030
-443715.450,-1172295.180,358.030
-443715.690,-1172294.950,358.010
-443716.150,-1172294.520,357.870
-443716.390,-1172294.300,357.750
-443716.630,-1172294.080,357.660
-443716.860,-1172293.870,357.590
-443717.090,-1172293.660,357.470
-443717.330,-1172293.440,357.345
-443717.550,-1172293.230,357.270
-443717.790,-1172293.010,357.190
-443718.020,-1172292.800,357.080
-443718.260,-1172292.570,357.050
-443713.210,-1172297.700,357.520
-443714.090,-1172296.890,357.710
-443714.660,-1172296.370,357.830
-443714.990,-1172296.060,357.930
-443715.270,-1172295.800,357.975
-443715.530,-1172295.550,358.015
-443715.820,-1172295.290,358.010
-443716.610,-1172294.560,357.940
-443716.840,-1172294.350,357.845
-443717.070,-1172294.130,357.775
-443717.300,-1172293.920,357.655
-443717.550,-1172293.690,357.520
-443717.800,-1172293.460,357.390
-443718.020,-1172293.260,357.290
-443718.240,-1172293.050,357.210
-443712.930,-1172296.970,357.655
-443713.230,-1172296.700,357.770
-443713.530,-1172296.420,357.840
-443713.800,-1172296.170,357.905
-443714.080,-1172295.910,357.990
-443714.360,-1172295.650,358.030
-443714.690,-1172295.350,358.030
-443714.990,-1172295.070,358.030
-443715.210,-1172294.860,358.000
-443715.470,-1172294.630,357.885
-443715.710,-1172294.400,357.760
-443715.950,-1172294.180,357.650
-443716.170,-1172293.980,357.600
-443716.440,-1172293.730,357.470
-443716.660,-1172293.530,357.370
-443716.900,-1172293.310,357.235
-443717.120,-1172293.100,357.160
-443717.370,-1172292.870,357.060
-443717.590,-1172292.670,357.020
-443717.820,-1172292.460,356.920
-443718.070,-1172292.230,356.880
-443718.290,-1172292.030,356.830
-443712.800,-1172297.620,357.430
-443713.080,-1172297.360,357.550
-443713.360,-1172297.100,357.665
-443712.710,-1172296.610,356.955
-443712.970,-1172296.370,357.790
-443713.250,-1172296.110,357.910
-443713.560,-1172295.830,358.005
-443713.870,-1172295.540,358.020
-443714.190,-1172295.240,358.010
-443714.430,-1172295.020,358.010
-443714.680,-1172294.780,357.960
-443714.900,-1172294.580,357.870
-443715.130,-1172294.370,357.750
-443715.360,-1172294.160,357.620
-443715.620,-1172293.920,357.490
-443715.860,-1172293.700,357.380
-443716.080,-1172293.500,357.320
-443716.330,-1172293.270,357.190
-443716.570,-1172293.040,357.045
-443716.810,-1172292.820,356.930
-443717.050,-1172292.600,356.880
-443717.290,-1172292.380,356.820
-443718.210,-1172291.530,355.965
-443716.200,-1172292.550,356.750
-443716.440,-1172292.330,356.670
-443716.660,-1172292.120,356.535
-443716.900,-1172291.900,356.395
-443717.130,-1172291.690,356.150
-443717.350,-1172291.490,355.980
-443717.610,-1172291.250,355.900
-443717.830,-1172291.040,355.880
-443718.090,-1172290.810,355.820
-443712.910,-1172296.000,357.885
-443713.210,-1172295.720,358.010
-443713.510,-1172295.440,358.010
-443713.810,-1172295.170,358.005
-443714.040,-1172294.950,357.990
-443714.280,-1172294.740,357.900
-443714.510,-1172294.520,357.780
-443714.750,-1172294.300,357.660
-443714.990,-1172294.070,357.520
-443715.250,-1172293.840,357.450
-443715.480,-1172293.620,357.320
-443715.720,-1172293.400,357.200
-443715.950,-1172293.190,357.100
-443716.190,-1172292.970,356.980
-443716.420,-1172292.760,356.860
-443716.650,-1172292.540,356.775
-443716.900,-1172292.310,356.685
-443717.140,-1172292.090,356.590
-443717.370,-1172291.880,356.370
-443718.090,-1172291.210,355.880
-443710.870,-1172297.030,355.610
-443711.180,-1172296.750,355.750
-443711.510,-1172296.440,355.910
-443711.830,-1172296.150,356.075
-443712.780,-1172295.270,357.910
-443712.980,-1172295.080,357.900
-443713.230,-1172294.860,357.930
-443713.470,-1172294.630,357.825
-443713.680,-1172294.430,357.670
-443713.910,-1172294.230,357.570
-443714.390,-1172293.780,357.330
-443714.610,-1172293.580,357.240
-443714.850,-1172293.350,357.120
-443715.100,-1172293.130,356.990
-443715.330,-1172292.910,356.880
-443715.570,-1172292.690,356.805
-443715.810,-1172292.470,356.710
-443716.040,-1172292.250,356.580
-443716.280,-1172292.040,356.440
-443716.510,-1172291.830,356.320
-443716.760,-1172291.590,356.090
-443717.010,-1172291.360,355.935
-443717.240,-1172291.150,355.890
-443717.470,-1172290.940,355.860
-443717.720,-1172290.710,355.810
-443711.530,-1172296.870,355.680
-443711.840,-1172296.580,355.825
-443712.780,-1172295.710,357.930
-443713.090,-1172295.420,357.990
-443713.350,-1172295.190,357.990
-443713.570,-1172294.980,357.965
-443713.790,-1172294.770,357.900
-443714.050,-1172294.540,357.765
-443714.270,-1172294.330,357.670
-443714.520,-1172294.100,357.530
-443714.770,-1172293.870,357.385
-443714.990,-1172293.670,357.315
-443715.220,-1172293.460,357.210
-443715.470,-1172293.230,357.100
-443715.700,-1172293.010,356.990
-443715.950,-1172292.780,356.855
-443710.690,-1172296.790,355.720
-443710.990,-1172296.510,355.925
-443711.310,-1172296.210,356.060
-443711.640,-1172295.910,356.260
-443712.480,-1172295.130,357.260
-443711.950,-1172295.620,356.450
-443712.720,-1172294.910,357.705
-443712.960,-1172294.690,357.710
-443713.190,-1172294.470,357.660
-443713.420,-1172294.260,357.565
-443713.660,-1172294.040,357.445
-443713.890,-1172293.830,357.360
-443714.140,-1172293.600,357.240
-443714.370,-1172293.390,357.140
-443714.600,-1172293.170,357.000
-443714.830,-1172292.960,356.940
-443715.050,-1172292.760,356.830
-443715.300,-1172292.530,356.710
-443715.530,-1172292.310,356.610
-443715.760,-1172292.100,356.485
-443716.000,-1172291.880,356.355
-443716.230,-1172291.670,356.215
-443716.480,-1172291.440,356.020
-443716.710,-1172291.220,355.935
-443716.950,-1172291.000,355.880
-443717.180,-1172290.790,355.820
-443710.950,-1172296.230,356.040
-443711.290,-1172295.920,356.245
-443711.600,-1172295.630,356.410
-443711.920,-1172295.330,356.615
-443712.590,-1172294.720,357.450
-443712.820,-1172294.510,357.550
-443713.050,-1172294.290,357.495
-443713.290,-1172294.070,357.405
-443713.530,-1172293.850,357.340
-443713.760,-1172293.630,357.230
-443714.010,-1172293.410,357.140
-443714.260,-1172293.170,357.000
-443714.480,-1172292.970,356.920
-443714.720,-1172292.750,356.810
-443714.960,-1172292.530,356.710
-443715.210,-1172292.290,356.590
-443715.430,-1172292.090,356.430
-443715.650,-1172291.890,356.335
-443715.890,-1172291.670,356.210
-443716.130,-1172291.450,356.080
-443716.350,-1172291.240,355.940
-443716.570,-1172291.040,355.875
-443716.820,-1172290.810,355.805
-443710.810,-1172295.430,356.575
-443711.120,-1172295.150,356.710
-443711.450,-1172294.840,356.900
-443711.750,-1172294.560,357.140
-443712.100,-1172294.240,357.190
-443712.430,-1172293.940,357.220
-443712.640,-1172293.740,357.220
-443712.860,-1172293.540,357.130
-443713.120,-1172293.300,357.060
-443713.360,-1172293.080,356.970
-443713.610,-1172292.850,356.840
-443714.100,-1172292.390,356.545
-443714.320,-1172292.190,356.360
-443714.550,-1172291.980,356.295
-443714.770,-1172291.770,356.200
-443715.030,-1172291.540,356.080
-443715.270,-1172291.320,355.950
-443715.480,-1172291.120,355.870
-443715.750,-1172290.870,355.780
-443710.910,-1172295.860,356.340
-443711.220,-1172295.570,356.460
-443711.530,-1172295.280,356.610
-443711.860,-1172294.970,356.860
-443712.190,-1172294.670,357.230
-443712.630,-1172294.260,357.320
-443712.870,-1172294.040,357.300
-443713.120,-1172293.810,357.270
-443713.350,-1172293.600,357.200
-443713.580,-1172293.390,357.090
-443713.810,-1172293.170,357.005
-443714.050,-1172292.950,356.950
-443714.300,-1172292.720,356.810
-443714.520,-1172292.510,356.705
-443714.760,-1172292.300,356.520
-443715.010,-1172292.060,356.370
-443715.250,-1172291.840,356.270
-443715.490,-1172291.620,356.150
-443715.720,-1172291.410,355.995
-443715.950,-1172291.190,355.890
-443716.200,-1172290.960,355.825
-443716.440,-1172290.750,355.780
-443710.520,-1172295.140,356.800
-443710.810,-1172294.880,356.910
-443711.120,-1172294.590,357.030
-443711.430,-1172294.300,357.120
-443711.750,-1172294.010,357.140
-443711.970,-1172293.800,357.120
-443712.200,-1172293.590,357.110
-443712.440,-1172293.370,357.020
-443712.670,-1172293.160,356.915
-443712.910,-1172292.940,356.820
-443713.170,-1172292.700,356.690
-443713.390,-1172292.490,356.540
-443714.110,-1172291.830,356.080
-443714.360,-1172291.600,355.990
-443714.590,-1172291.380,355.950
-443714.840,-1172291.160,355.815
-443715.070,-1172290.940,355.740
-443712.740,-1172292.240,356.310
-443712.970,-1172292.020,356.150
-443713.200,-1172291.810,356.020
-443713.410,-1172291.610,355.940
-443713.660,-1172291.390,355.850
-443713.900,-1172291.160,355.800
-443710.490,-1172294.730,357.030
-443710.770,-1172294.470,357.090
-443711.120,-1172294.150,357.120
-443711.360,-1172293.930,357.120
-443711.600,-1172293.700,357.105
-443711.820,-1172293.500,357.045
-443712.060,-1172293.280,356.920
-443712.290,-1172293.070,356.820
-443712.510,-1172292.860,356.700
-443712.760,-1172292.630,356.550
-443712.990,-1172292.420,356.415
-443713.210,-1172292.210,356.280
-443713.450,-1172291.990,356.120
-443713.690,-1172291.770,356.005
-443713.930,-1172291.550,355.930
-443714.180,-1172291.320,355.850
-443714.390,-1172291.120,355.800
-443714.630,-1172290.910,355.720
-443710.550,-1172293.760,357.090
-443710.760,-1172293.560,357.030
-443710.990,-1172293.350,356.950
-443711.240,-1172293.120,356.850
-443711.710,-1172292.680,356.545
-443711.950,-1172292.460,356.380
-443712.200,-1172292.230,356.230
-443712.430,-1172292.020,356.180
-443712.670,-1172291.800,356.040
-443712.920,-1172291.570,355.880
-443713.140,-1172291.370,355.820
-443713.380,-1172291.150,355.760
-443710.610,-1172294.200,357.110
-443710.840,-1172293.990,357.110
-443711.090,-1172293.760,357.110
-443711.330,-1172293.540,357.085
-443711.570,-1172293.310,356.970
-443711.800,-1172293.100,356.850
-443712.030,-1172292.890,356.750
-443712.260,-1172292.670,356.545
-443712.500,-1172292.450,356.430
-443710.420,-1172293.280,356.880
-443710.650,-1172293.070,356.835
-443711.610,-1172292.180,356.090
-443711.840,-1172291.970,356.025
-443712.070,-1172291.750,355.980
-443712.310,-1172291.530,355.870
-443712.530,-1172291.330,355.810
-443710.410,-1172292.300,355.970
-443710.650,-1172292.070,355.890
-443710.880,-1172291.860,355.840
-443711.130,-1172291.620,355.810
-443711.360,-1172291.420,355.670
-443710.560,-1172292.660,356.300
-443710.790,-1172292.450,356.160
-443711.270,-1172292.000,355.960
-443711.530,-1172291.770,355.870
-443711.790,-1172291.520,355.820
-443712.010,-1172291.320,355.700
-443710.060,-1172292.070,355.890
-443710.310,-1172291.830,355.810
-443710.590,-1172291.580,355.660
-443710.800,-1172291.380,355.575
-443718.850,-1172290.490,355.820
-443719.710,-1172298.790,355.640
-443719.600,-1172299.080,355.490
-443719.500,-1172299.350,355.370
-443721.240,-1172298.730,355.640
-443721.130,-1172299.030,355.455
-443721.030,-1172299.300,355.365
-443720.930,-1172299.580,355.255
-443720.820,-1172299.880,355.170
-443720.480,-1172299.460,355.300
-443720.390,-1172299.720,355.180
-443720.690,-1172298.910,355.550
-443720.580,-1172299.190,355.415
-443720.400,-1172298.900,355.550
-443720.290,-1172299.190,355.430
-443720.200,-1172299.450,355.290
-443720.090,-1172299.740,355.210
-443720.040,-1172298.800,355.650
-443719.930,-1172299.080,355.490
-443719.820,-1172299.380,355.340
-443719.710,-1172299.690,355.220
-443719.610,-1172299.950,355.140
-443722.090,-1172298.810,355.560
-443721.990,-1172299.090,355.410
-443721.890,-1172299.350,355.315
-443721.770,-1172299.670,355.210
-443721.620,-1172298.770,355.600
-443721.510,-1172299.050,355.445
-443721.410,-1172299.340,355.310
-443723.080,-1172298.820,355.540
-443722.980,-1172299.090,355.380
-443722.880,-1172299.360,355.270
-443722.770,-1172299.640,355.065
-443722.470,-1172298.870,355.560
-443722.380,-1172299.110,355.405
-443722.280,-1172299.350,355.290
-443722.170,-1172299.660,355.180
-443723.980,-1172298.610,355.680
-443723.890,-1172298.860,355.525
-443723.800,-1172299.100,355.340
-443723.690,-1172299.380,355.180
-443723.260,-1172299.460,355.150
-443723.160,-1172299.730,355.025
-443723.550,-1172298.670,355.680
-443723.460,-1172298.930,355.530
-443723.370,-1172299.170,355.290
-443727.170,-1172290.620,355.660
-443727.040,-1172290.970,355.710
-443724.250,-1172298.580,355.650
-443724.150,-1172298.840,355.420
-443724.040,-1172299.140,355.240
-443723.960,-1172299.360,355.150
-443723.840,-1172299.680,354.990
-443727.720,-1172290.460,355.450
-443727.590,-1172290.820,355.510
-443727.460,-1172291.170,355.565
-443724.680,-1172298.730,355.500
-443724.590,-1172298.970,355.320
-443724.490,-1172299.250,355.180
-443727.960,-1172290.650,355.390
-443727.830,-1172291.000,355.430
-443727.680,-1172291.400,355.490
-443727.550,-1172291.770,355.540
-443727.410,-1172292.140,355.595
-443727.280,-1172292.510,355.660
-443727.140,-1172292.870,355.725
-443724.920,-1172298.930,355.375
-443724.810,-1172299.230,355.200
-443724.710,-1172299.490,355.080
-443728.310,-1172290.680,355.260
-443728.170,-1172291.070,355.290
-443728.040,-1172291.430,355.340
-443727.900,-1172291.810,355.390
-443727.760,-1172292.170,355.470
-443727.630,-1172292.540,355.515
-443727.500,-1172292.890,355.580
-443727.380,-1172293.220,355.660
-443725.470,-1172298.430,355.630
-443725.380,-1172298.680,355.480
-443725.270,-1172298.970,355.300
-443725.180,-1172299.230,355.180
-443726.440,-1172298.370,355.580
-443726.340,-1172298.630,355.460
-443726.250,-1172298.880,355.330
-443726.170,-1172299.100,355.250
-443728.020,-1172293.260,355.500
-443727.880,-1172293.630,355.590
-443726.080,-1172298.540,355.490
-443725.980,-1172298.800,355.365
-443725.890,-1172299.060,355.250
-443725.790,-1172299.330,355.150
-443728.950,-1172290.690,355.010
-443728.820,-1172291.040,355.040
-443728.690,-1172291.400,355.100
-443728.550,-1172291.790,355.180
-443728.410,-1172292.160,355.260
-443728.270,-1172292.560,355.305
-443728.140,-1172292.910,355.370
-443728.610,-1172290.420,355.135
-443728.490,-1172290.760,355.190
-443728.340,-1172291.160,355.255
-443728.220,-1172291.510,355.270
-443728.080,-1172291.870,355.360
-443727.960,-1172292.220,355.400
-443727.830,-1172292.570,355.460
-443727.680,-1172292.980,355.535
-443727.550,-1172293.320,355.620
-443727.410,-1172293.700,355.750
-443727.270,-1172294.090,355.880
-443725.650,-1172298.530,355.610
-443725.540,-1172298.810,355.390
-443725.440,-1172299.090,355.255
-443729.620,-1172290.730,354.840
-443729.480,-1172291.110,354.860
-443729.340,-1172291.490,354.900
-443729.200,-1172291.860,354.960
-443729.060,-1172292.250,355.020
-443728.940,-1172292.590,355.095
-443728.810,-1172292.940,355.180
-443728.670,-1172293.330,355.335
-443726.850,-1172298.290,355.630
-443726.750,-1172298.570,355.455
-443726.660,-1172298.800,355.365
-443726.550,-1172299.090,355.190
-443726.050,-1172299.410,355.110
-443729.350,-1172290.400,354.880
-443729.210,-1172290.790,354.925
-443729.080,-1172291.140,354.995
-443728.960,-1172291.470,355.030
-443728.820,-1172291.870,355.100
-443728.670,-1172292.260,355.170
-443728.530,-1172292.660,355.245
-443728.400,-1172293.020,355.335
-443728.260,-1172293.400,355.450
-443728.120,-1172293.780,355.600
-443729.900,-1172290.470,354.800
-443729.770,-1172290.820,354.810
-443729.650,-1172291.180,354.840
-443729.510,-1172291.540,354.880
-443729.370,-1172291.920,354.920
-443729.240,-1172292.280,354.990
-443729.110,-1172292.650,355.070
-443728.960,-1172293.040,355.180
-443728.820,-1172293.450,355.345
-443727.010,-1172298.380,355.570
-443726.910,-1172298.650,355.410
-443726.820,-1172298.910,355.270
-443726.720,-1172299.170,355.150
-443730.150,-1172290.920,354.775
-443730.010,-1172291.300,354.790
-443729.890,-1172291.650,354.810
-443729.750,-1172292.020,354.840
-443729.620,-1172292.380,354.910
-443729.480,-1172292.750,355.015
-443729.350,-1172293.130,355.150
-443727.500,-1172298.180,355.640
-443727.400,-1172298.460,355.480
-443727.300,-1172298.720,355.340
-443727.200,-1172299.010,355.170
-443730.300,-1172292.110,354.790
-443730.160,-1172292.460,354.840
-443730.040,-1172292.820,354.920
-443729.850,-1172293.340,355.210
-443728.120,-1172298.060,355.675
-443728.030,-1172298.310,355.525
-443727.930,-1172298.590,355.410
-443727.820,-1172298.860,355.225
-443727.720,-1172299.150,355.100
-443730.050,-1172291.740,354.790
-443729.930,-1172292.060,354.830
-443729.800,-1172292.420,354.900
-443729.670,-1172292.780,354.990
-443729.540,-1172293.130,355.110
-443727.660,-1172298.270,355.605
-443727.580,-1172298.490,355.460
-443727.470,-1172298.790,355.280
-443727.370,-1172299.060,355.150
-443728.330,-1172298.140,355.640
-443728.240,-1172298.390,355.460
-443728.140,-1172298.640,355.320
-443728.040,-1172298.920,355.155
-443728.930,-1172297.970,355.660
-443728.840,-1172298.220,355.465
-443728.740,-1172298.470,355.340
-443728.650,-1172298.730,355.210
-443728.550,-1172298.990,355.100
-443729.280,-1172297.970,355.630
-443729.180,-1172298.240,355.460
-443728.990,-1172298.770,355.165
-443728.890,-1172299.030,355.080
-443730.000,-1172298.130,355.480
-443729.900,-1172298.380,355.310
-443729.800,-1172298.660,355.195
-443729.690,-1172298.950,355.040
-443729.690,-1172298.170,355.460
-443729.600,-1172298.410,355.350
-443729.500,-1172298.680,355.200
-443729.390,-1172298.990,355.040
-443730.570,-1172298.060,355.555
-443730.470,-1172298.340,355.375
-443730.380,-1172298.570,355.220
-443730.280,-1172298.860,355.115
-443730.930,-1172298.190,355.500
-443730.840,-1172298.450,355.270
-443730.740,-1172298.710,355.190
-443719.200,-1172298.940,355.630
-443719.080,-1172299.260,355.430
-443718.980,-1172299.540,355.290
-443718.870,-1172299.840,355.200
-443718.770,-1172300.110,355.080
-443719.400,-1172299.640,355.250
-443719.300,-1172299.900,355.180
-443718.740,-1172298.930,355.670
-443718.630,-1172299.240,355.480
-443718.530,-1172299.520,355.365
-443718.420,-1172299.820,355.250
-443718.310,-1172300.100,355.150
-443718.970,-1172299.010,355.580
-443718.880,-1172299.270,355.460
-443718.770,-1172299.560,355.305
-443718.660,-1172299.860,355.200
-443718.360,-1172299.060,355.580
-443718.250,-1172299.360,355.395
-443718.150,-1172299.650,355.305
-443718.060,-1172299.890,355.200
-443718.590,-1172299.100,355.525
-443718.490,-1172299.370,355.390
-443718.380,-1172299.660,355.300
-443718.270,-1172299.960,355.200
-443718.260,-1172299.180,355.530
-443718.160,-1172299.460,355.370
-443718.040,-1172299.780,355.235
-443717.740,-1172299.070,355.670
-443717.640,-1172299.350,355.525
-443717.530,-1172299.660,355.385
-443717.420,-1172299.940,355.265
-443717.310,-1172300.230,355.160
-443717.960,-1172299.220,355.525
-443717.860,-1172299.490,355.390
-443717.750,-1172299.800,355.275
-443717.640,-1172300.080,355.200
-443716.640,-1172300.310,356.990
-443718.630,-1172290.400,355.820
-443717.580,-1172290.640,355.800
-443717.380,-1172290.570,355.780
-443716.740,-1172290.720,355.780
-443712.780,-1172299.660,354.300
-443712.580,-1172300.200,353.910
-443712.680,-1172298.780,354.720
-443712.580,-1172299.040,354.570
-443712.470,-1172299.350,354.240
-443712.370,-1172299.620,354.050
-443712.270,-1172299.890,353.920
-443712.170,-1172300.150,353.860
-443712.490,-1172298.420,354.820
-443712.380,-1172298.700,354.630
-443712.270,-1172299.010,354.380
-443712.170,-1172299.280,354.170
-443712.060,-1172299.570,354.020
-443711.950,-1172299.870,353.890
-443711.840,-1172300.170,353.835
-443712.260,-1172298.120,354.960
-443712.150,-1172298.400,354.740
-443712.050,-1172298.670,354.570
-443711.950,-1172298.950,354.370
-443711.840,-1172299.230,354.230
-443711.730,-1172299.530,354.050
-443711.620,-1172299.820,353.920
-443711.520,-1172300.110,353.860
-443711.410,-1172300.390,353.775
-443712.580,-1172297.240,355.715
-443712.480,-1172297.510,355.450
-443712.360,-1172297.830,355.200
-443712.360,-1172296.870,355.760
-443712.260,-1172297.160,355.490
-443712.150,-1172297.450,355.340
-443712.050,-1172297.730,355.130
-443711.940,-1172298.030,354.960
-443711.830,-1172298.300,354.775
-443711.720,-1172298.600,354.580
-443711.610,-1172298.900,354.390
-443711.490,-1172299.210,354.235
-443711.390,-1172299.490,354.030
-443711.290,-1172299.760,353.920
-443711.190,-1172300.030,353.890
-443711.080,-1172300.310,353.805
-443711.920,-1172296.910,355.640
-443711.810,-1172297.210,355.440
-443711.710,-1172297.500,355.250
-443711.600,-1172297.780,355.100
-443711.490,-1172298.080,354.930
-443711.380,-1172298.370,354.755
-443711.280,-1172298.660,354.570
-443711.160,-1172298.960,354.405
-443711.070,-1172299.220,354.240
-443711.500,-1172297.240,355.440
-443711.410,-1172297.490,355.270
-443711.300,-1172297.770,355.135
-443711.200,-1172298.060,354.960
-443711.080,-1172298.360,354.770
-443710.990,-1172298.620,354.600
-443711.210,-1172296.920,355.610
-443711.120,-1172297.160,355.500
-443711.010,-1172297.470,355.340
-443710.900,-1172297.760,355.140
-443710.740,-1172296.970,355.640
-443712.460,-1172290.960,355.575
-443712.250,-1172290.650,355.470
-443711.920,-1172290.760,355.505
-443711.750,-1172290.460,355.395
-443711.170,-1172291.100,355.540
-443711.140,-1172290.670,355.405
-443710.960,-1172291.150,355.540
-443710.850,-1172290.800,355.390
-443710.670,-1172291.260,355.540
-443710.240,-1172290.870,355.360
-443710.080,-1172291.330,355.520
-443709.950,-1172291.650,355.640
-443710.190,-1172290.500,355.240
-443710.050,-1172290.880,355.330
-443709.950,-1172290.480,355.200
-443730.940,-1172297.070,356.510
-443730.850,-1172297.320,356.230
-443730.760,-1172297.570,355.985
-443730.660,-1172297.830,355.740
-443730.650,-1172295.590,357.445
-443730.550,-1172295.860,357.430
-443730.460,-1172296.090,357.430
-443730.370,-1172296.350,357.230
-443730.270,-1172296.610,356.990
-443730.170,-1172296.880,356.670
-443730.080,-1172297.120,356.510
-443729.990,-1172297.370,356.190
-443729.890,-1172297.640,355.920
-443729.780,-1172297.920,355.670
-443730.750,-1172296.090,357.350
-443730.670,-1172296.330,357.160
-443730.580,-1172296.570,356.945
-443730.490,-1172296.810,356.790
-443730.390,-1172297.070,356.510
-443730.300,-1172297.320,356.250
-443730.200,-1172297.570,355.995
-443730.100,-1172297.840,355.745
-443729.400,-1172295.230,357.240
-443729.210,-1172295.750,357.380
-443729.120,-1172296.010,357.380
-443728.920,-1172296.530,357.140
-443728.830,-1172296.800,356.875
-443728.740,-1172297.040,356.590
-443728.630,-1172297.330,356.330
-443728.530,-1172297.600,356.095
-443728.430,-1172297.860,355.870
-443730.380,-1172294.010,356.050
-443730.420,-1172293.910,355.965
-443729.820,-1172295.560,357.415
-443729.710,-1172295.880,357.415
-443729.610,-1172296.120,357.350
-443729.520,-1172296.370,357.280
-443729.420,-1172296.650,356.995
-443729.310,-1172296.930,356.675
-443729.230,-1172297.150,356.450
-443729.130,-1172297.430,356.190
-443729.030,-1172297.690,355.960
-443730.550,-1172294.530,356.600
-443730.140,-1172295.650,357.380
-443730.040,-1172295.920,357.430
-443729.940,-1172296.190,357.360
-443729.850,-1172296.440,357.155
-443729.660,-1172296.950,356.650
-443729.570,-1172297.210,356.360
-443729.470,-1172297.470,356.085
-443729.380,-1172297.710,355.895
-443729.310,-1172293.770,355.580
-443728.930,-1172294.830,356.785
-443728.550,-1172295.880,357.395
-443728.450,-1172296.160,357.370
-443728.360,-1172296.410,357.290
-443728.250,-1172296.690,357.040
-443728.150,-1172296.950,356.750
-443728.050,-1172297.230,356.485
-443727.960,-1172297.460,356.270
-443727.850,-1172297.760,356.010
-443727.760,-1172298.010,355.780
-443729.610,-1172293.990,355.970
-443729.430,-1172294.500,356.440
-443729.280,-1172294.910,356.910
-443729.010,-1172295.660,357.420
-443729.060,-1172295.540,357.380
-443728.900,-1172295.960,357.380
-443728.800,-1172296.230,357.340
-443728.700,-1172296.500,357.150
-443728.600,-1172296.760,356.925
-443728.510,-1172297.010,356.670
-443728.410,-1172297.270,356.445
-443728.320,-1172297.530,356.170
-443728.230,-1172297.770,355.950
-443727.980,-1172295.760,357.420
-443727.880,-1172296.030,357.410
-443727.780,-1172296.310,357.340
-443727.690,-1172296.560,357.230
-443727.600,-1172296.800,357.010
-443727.490,-1172297.080,356.690
-443727.410,-1172297.310,356.490
-443727.310,-1172297.570,356.220
-443727.210,-1172297.840,355.980
-443727.120,-1172298.090,355.780
-443728.390,-1172295.780,357.390
-443728.280,-1172296.080,357.380
-443728.180,-1172296.350,357.310
-443728.090,-1172296.590,357.170
-443727.990,-1172296.850,356.880
-443727.890,-1172297.130,356.600
-443727.800,-1172297.380,356.370
-443727.700,-1172297.640,356.175
-443727.610,-1172297.880,355.940
-443727.330,-1172295.970,357.395
-443727.220,-1172296.260,357.360
-443727.130,-1172296.510,357.275
-443727.020,-1172296.810,357.030
-443726.930,-1172297.060,356.780
-443726.830,-1172297.310,356.550
-443726.730,-1172297.570,356.275
-443726.640,-1172297.830,356.070
-443726.540,-1172298.100,355.840
-443727.830,-1172295.650,357.425
-443727.720,-1172295.960,357.430
-443727.620,-1172296.220,357.390
-443727.510,-1172296.510,357.260
-443727.410,-1172296.770,357.030
-443727.320,-1172297.010,356.785
-443727.230,-1172297.260,356.560
-443727.140,-1172297.520,356.280
-443727.040,-1172297.790,356.090
-443726.950,-1172298.010,355.905
-443726.520,-1172296.170,357.385
-443726.420,-1172296.450,357.335
-443726.320,-1172296.710,357.185
-443726.220,-1172296.980,356.930
-443726.120,-1172297.250,356.655
-443726.030,-1172297.500,356.390
-443725.940,-1172297.740,356.210
-443725.830,-1172298.020,355.995
-443725.730,-1172298.310,355.750
-443727.720,-1172294.080,355.770
-443727.310,-1172295.210,356.970
-443727.070,-1172295.870,357.360
-443726.970,-1172296.150,357.380
-443726.870,-1172296.410,357.320
-443726.770,-1172296.680,357.170
-443726.680,-1172296.920,356.915
-443726.580,-1172297.190,356.690
-443726.490,-1172297.440,356.465
-443726.380,-1172297.730,356.210
-443726.280,-1172298.000,355.970
-443726.180,-1172298.260,355.715
-443727.230,-1172293.640,355.755
-443727.100,-1172293.990,355.880
-443726.970,-1172294.350,356.010
-443726.360,-1172296.050,357.380
-443726.250,-1172296.330,357.335
-443726.160,-1172296.580,357.260
-443726.070,-1172296.830,357.090
-443725.960,-1172297.120,356.800
-443725.860,-1172297.380,356.490
-443725.770,-1172297.640,356.240
-443725.650,-1172297.940,356.010
-443725.560,-1172298.200,355.825
-443727.180,-1172291.920,355.660
-443727.050,-1172292.290,355.715
-443726.910,-1172292.660,355.780
-443726.780,-1172293.030,355.850
-443726.640,-1172293.410,355.900
-443726.490,-1172293.800,356.000
-443726.360,-1172294.160,356.100
-443726.220,-1172294.540,356.230
-443725.820,-1172295.650,357.260
-443725.850,-1172295.570,357.160
-443725.660,-1172296.100,357.380
-443725.560,-1172296.370,357.385
-443725.460,-1172296.630,357.320
-443725.370,-1172296.880,357.175
-443725.170,-1172297.430,356.590
-443725.080,-1172297.670,356.375
-443724.980,-1172297.940,356.120
-443724.880,-1172298.200,355.915
-443724.780,-1172298.470,355.645
-443727.020,-1172293.210,355.770
-443726.870,-1172293.620,355.880
-443726.740,-1172293.980,355.980
-443726.600,-1172294.350,356.110
-443726.020,-1172295.980,357.370
-443725.900,-1172296.310,357.350
-443725.800,-1172296.570,357.325
-443725.700,-1172296.850,357.135
-443725.600,-1172297.100,356.860
-443725.500,-1172297.370,356.580
-443725.410,-1172297.630,356.330
-443725.310,-1172297.880,356.145
-443725.210,-1172298.150,355.920
-443725.110,-1172298.420,355.695
-443726.900,-1172291.350,355.750
-443726.760,-1172291.750,355.810
-443726.620,-1172292.120,355.865
-443726.490,-1172292.480,355.945
-443726.360,-1172292.840,355.990
-443726.220,-1172293.210,356.035
-443726.090,-1172293.570,356.100
-443725.950,-1172293.960,356.190
-443725.820,-1172294.310,356.320
-443725.670,-1172294.710,356.515
-443725.120,-1172296.240,357.425
-443725.010,-1172296.550,357.370
-443724.920,-1172296.770,357.310
-443724.820,-1172297.050,357.090
-443724.720,-1172297.320,356.780
-443724.620,-1172297.590,356.465
-443724.540,-1172297.810,356.330
-443724.450,-1172298.060,356.100
-443724.340,-1172298.350,355.840
-443727.320,-1172291.530,355.620
-443726.900,-1172290.650,355.750
-443726.770,-1172291.000,355.800
-443726.630,-1172291.380,355.855
-443726.490,-1172291.770,355.935
-443726.370,-1172292.110,355.985
-443726.230,-1172292.480,356.020
-443726.090,-1172292.870,356.060
-443725.940,-1172293.260,356.140
-443725.820,-1172293.610,356.190
-443725.530,-1172294.400,356.450
-443725.410,-1172294.730,356.590
-443725.260,-1172295.130,356.700
-443724.860,-1172296.230,357.370
-443724.760,-1172296.510,357.365
-443724.660,-1172296.770,357.320
-443724.570,-1172297.020,357.140
-443724.460,-1172297.310,356.865
-443724.370,-1172297.560,356.560
-443724.270,-1172297.840,356.340
-443724.170,-1172298.100,356.115
-443724.070,-1172298.360,355.900
-443726.460,-1172290.750,355.905
-443726.330,-1172291.100,355.970
-443726.200,-1172291.440,356.010
-443726.060,-1172291.830,356.080
-443725.930,-1172292.180,356.130
-443725.790,-1172292.560,356.190
-443725.670,-1172292.900,356.220
-443725.100,-1172294.450,356.660
-443724.970,-1172294.820,356.710
-443724.840,-1172295.180,356.790
-443724.680,-1172295.620,357.030
-443724.450,-1172296.250,357.320
-443724.340,-1172296.560,357.350
-443724.240,-1172296.820,357.310
-443724.140,-1172297.090,357.125
-443724.040,-1172297.360,356.875
-443723.940,-1172297.620,356.615
-443723.850,-1172297.870,356.380
-443723.750,-1172298.130,356.120
-443723.650,-1172298.410,355.865
-443723.150,-1172297.020,357.260
-443723.060,-1172297.260,357.015
-443722.970,-1172297.510,356.755
-443722.860,-1172297.800,356.495
-443722.760,-1172298.060,356.240
-443722.670,-1172298.310,356.060
-443722.560,-1172298.600,355.835
-443726.050,-1172290.710,356.040
-443725.930,-1172291.050,356.080
-443725.800,-1172291.400,356.150
-443725.670,-1172291.750,356.210
-443725.530,-1172292.140,356.260
-443725.390,-1172292.520,356.330
-443724.730,-1172294.340,356.760
-443724.590,-1172294.710,356.805
-443724.450,-1172295.110,356.885
-443724.330,-1172295.420,357.015
-443723.950,-1172296.460,357.360
-443723.860,-1172296.730,357.320
-443723.750,-1172297.000,357.250
-443723.650,-1172297.270,356.975
-443723.560,-1172297.530,356.720
-443723.470,-1172297.770,356.540
-443723.380,-1172298.020,356.320
-443723.270,-1172298.290,356.060
-443723.170,-1172298.570,355.815
-443722.680,-1172297.230,357.070
-443722.580,-1172297.490,356.750
-443722.480,-1172297.760,356.490
-443722.390,-1172298.010,356.260
-443722.280,-1172298.280,355.990
-443722.190,-1172298.530,355.790
-443725.580,-1172290.380,356.180
-443725.450,-1172290.740,356.245
-443725.310,-1172291.130,356.290
-443725.160,-1172291.530,356.370
-443725.030,-1172291.890,356.450
-443724.900,-1172292.240,356.490
-443724.760,-1172292.610,356.610
-443724.610,-1172293.030,356.710
-443724.490,-1172293.360,356.775
-443724.360,-1172293.720,356.850
-443724.230,-1172294.070,356.870
-443724.110,-1172294.410,356.900
-443723.970,-1172294.790,356.940
-443723.830,-1172295.170,357.050
-443723.700,-1172295.530,357.165
-443723.550,-1172295.930,357.340
-443723.360,-1172296.450,357.400
-443723.250,-1172296.740,357.380
-443725.180,-1172290.390,356.340
-443725.050,-1172290.750,356.390
-443724.910,-1172291.140,356.450
-443724.770,-1172291.510,356.510
-443724.640,-1172291.880,356.570
-443724.490,-1172292.270,356.650
-443724.360,-1172292.630,356.710
-443724.220,-1172293.010,356.790
-443724.090,-1172293.370,356.860
-443723.940,-1172293.770,356.925
-443723.810,-1172294.120,356.970
-443723.680,-1172294.500,357.030
-443723.550,-1172294.840,357.080
-443723.410,-1172295.220,357.190
-443723.280,-1172295.590,357.320
-443723.150,-1172295.950,357.440
-443722.970,-1172296.450,357.475
-443722.870,-1172296.720,357.450
-443724.680,-1172290.450,356.540
-443724.550,-1172290.800,356.590
-443724.400,-1172291.200,356.650
-443724.270,-1172291.560,356.700
-443724.140,-1172291.900,356.740
-443724.020,-1172292.240,356.820
-443723.870,-1172292.650,356.860
-443723.730,-1172293.030,356.940
-443723.600,-1172293.380,357.010
-443723.460,-1172293.760,357.070
-443723.320,-1172294.150,357.150
-443723.190,-1172294.520,357.190
-443723.050,-1172294.890,357.280
-443722.910,-1172295.260,357.360
-443722.780,-1172295.610,357.450
-443722.640,-1172296.010,357.560
-443722.490,-1172296.420,357.540
-443722.380,-1172296.720,357.510
-443722.270,-1172297.010,357.235
-443722.190,-1172297.240,356.905
-443722.090,-1172297.510,356.600
-443721.990,-1172297.780,356.360
-443721.900,-1172298.020,356.170
-443721.930,-1172297.920,356.245
-443721.830,-1172298.200,356.020
-443721.730,-1172298.460,355.820
-443724.290,-1172290.430,356.680
-443724.160,-1172290.790,356.720
-443724.020,-1172291.180,356.795
-443723.890,-1172291.520,356.850
-443723.760,-1172291.910,356.900
-443723.610,-1172292.290,356.965
-443723.470,-1172292.670,357.040
-443723.330,-1172293.060,357.110
-443723.200,-1172293.430,357.155
-443723.070,-1172293.770,357.230
-443722.940,-1172294.140,357.280
-443722.800,-1172294.510,357.360
-443722.660,-1172294.880,357.410
-443722.530,-1172295.260,357.500
-443722.390,-1172295.640,357.580
-443722.250,-1172296.010,357.615
-443722.100,-1172296.430,357.570
-443721.980,-1172296.760,357.380
-443721.880,-1172297.030,357.020
-443721.650,-1172297.640,356.365
-443721.560,-1172297.890,356.210
-443721.450,-1172298.170,356.030
-443721.350,-1172298.440,355.840
-443723.730,-1172290.640,356.880
-443723.580,-1172291.040,356.950
-443723.460,-1172291.370,357.000
-443723.320,-1172291.760,357.040
-443723.170,-1172292.160,357.110
-443723.040,-1172292.510,357.180
-443722.920,-1172292.850,357.250
-443722.790,-1172293.210,357.310
-443722.640,-1172293.620,357.380
-443722.510,-1172293.980,357.420
-443722.370,-1172294.360,357.500
-443722.220,-1172294.750,357.560
-443722.090,-1172295.110,357.620
-443721.960,-1172295.480,357.620
-443721.810,-1172295.870,357.645
-443721.680,-1172296.240,357.590
-443721.560,-1172296.580,357.270
-443721.550,-1172296.580,357.270
-443721.430,-1172296.890,356.985
-443721.320,-1172297.190,356.660
-443721.220,-1172297.480,356.425
-443721.120,-1172297.740,356.220
-443721.010,-1172298.050,356.065
-443720.900,-1172298.330,355.860
-443720.790,-1172298.620,355.730
-443723.540,-1172290.380,356.950
-443723.400,-1172290.740,357.010
-443723.270,-1172291.090,357.050
-443723.140,-1172291.450,357.070
-443723.000,-1172291.850,357.140
-443722.860,-1172292.220,357.230
-443722.740,-1172292.560,357.280
-443722.610,-1172292.900,357.350
-443722.480,-1172293.270,357.430
-443722.340,-1172293.660,357.480
-443722.200,-1172294.020,357.520
-443722.060,-1172294.410,357.590
-443721.930,-1172294.760,357.640
-443721.780,-1172295.190,357.680
-443721.660,-1172295.500,357.680
-443721.520,-1172295.880,357.645
-443721.460,-1172296.040,357.620
-443721.360,-1172296.300,357.430
-443721.250,-1172296.600,357.135
-443721.150,-1172296.890,356.870
-443721.040,-1172297.160,356.640
-443720.940,-1172297.440,356.435
-443720.830,-1172297.740,356.225
-443720.730,-1172298.010,356.095
-443720.610,-1172298.320,355.890
-443720.500,-1172298.620,355.700
-443720.460,-1172297.670,356.315
-443720.360,-1172297.930,356.160
-443720.250,-1172298.210,355.990
-443720.140,-1172298.510,355.820
-443723.020,-1172290.700,357.150
-443722.890,-1172291.040,357.180
-443722.750,-1172291.440,357.250
-443722.620,-1172291.800,357.300
-443722.470,-1172292.200,357.340
-443722.350,-1172292.520,357.415
-443722.230,-1172292.840,357.480
-443722.100,-1172293.220,357.535
-443721.960,-1172293.600,357.560
-443721.830,-1172293.940,357.620
-443721.700,-1172294.310,357.735
-443721.540,-1172294.750,357.775
-443721.410,-1172295.080,357.780
-443721.310,-1172295.370,357.765
-443721.200,-1172295.670,357.720
-443721.100,-1172295.920,357.580
-443720.990,-1172296.220,357.305
-443720.890,-1172296.500,357.080
-443720.780,-1172296.790,356.900
-443720.670,-1172297.100,356.680
-443720.560,-1172297.390,356.480
-443722.690,-1172290.690,357.280
-443722.560,-1172291.040,357.320
-443722.420,-1172291.420,357.350
-443722.130,-1172292.240,357.450
-443722.010,-1172292.560,357.500
-443721.880,-1172292.920,357.540
-443721.730,-1172293.310,357.610
-443721.610,-1172293.650,357.650
-443721.210,-1172294.730,357.880
-443721.090,-1172295.080,357.850
-443720.990,-1172295.330,357.820
-443720.890,-1172295.620,357.710
-443720.770,-1172295.920,357.445
-443720.680,-1172296.160,357.295
-443720.570,-1172296.480,357.090
-443720.460,-1172296.770,356.900
-443720.360,-1172297.040,356.750
-443720.150,-1172297.610,356.360
-443720.030,-1172297.920,356.155
-443719.930,-1172298.200,356.000
-443719.820,-1172298.490,355.880
-443722.280,-1172290.570,357.440
-443722.150,-1172290.930,357.470
-443721.450,-1172292.840,357.580
-443721.320,-1172293.210,357.650
-443721.190,-1172293.550,357.720
-443720.880,-1172294.390,357.940
-443720.770,-1172294.700,357.980
-443720.660,-1172294.990,357.960
-443720.560,-1172295.270,357.860
-443720.470,-1172295.520,357.680
-443720.360,-1172295.800,357.490
-443720.250,-1172296.100,357.325
-443720.160,-1172296.350,357.170
-443720.060,-1172296.630,357.005
-443719.940,-1172296.950,356.805
-443719.840,-1172297.230,356.635
-443719.730,-1172297.520,356.450
-443719.620,-1172297.800,356.280
-443719.510,-1172298.100,356.110
-443719.410,-1172298.380,355.935
-443721.240,-1172292.880,357.580
-443721.120,-1172293.190,357.640
-443720.550,-1172294.760,357.990
-443720.450,-1172295.030,357.940
-443720.350,-1172295.310,357.810
-443720.240,-1172295.590,357.630
-443720.130,-1172295.910,357.410
-443719.930,-1172296.430,357.130
-443719.820,-1172296.720,356.950
-443719.720,-1172297.000,356.780
-443719.620,-1172297.270,356.630
-443719.520,-1172297.550,356.420
-443719.400,-1172297.850,356.250
-443719.300,-1172298.140,356.090
-443722.040,-1172290.690,357.510
-443721.900,-1172291.070,357.510
-443721.770,-1172291.450,357.530
-443721.470,-1172292.250,357.465
-443721.360,-1172292.550,357.480
-443721.810,-1172290.610,357.565
-443721.670,-1172290.990,357.530
-443720.450,-1172294.330,358.005
-443720.310,-1172294.700,358.010
-443720.220,-1172294.960,357.980
-443720.100,-1172295.270,357.835
-443719.990,-1172295.560,357.645
-443719.890,-1172295.840,357.470
-443719.790,-1172296.110,357.340
-443719.680,-1172296.410,357.160
-443719.570,-1172296.700,356.990
-443719.470,-1172296.980,356.800
-443719.360,-1172297.260,356.640
-443719.260,-1172297.530,356.465
-443721.780,-1172290.450,357.560
-443721.650,-1172290.810,357.560
-443721.500,-1172291.210,357.505
-443721.260,-1172291.830,357.060
-443721.270,-1172291.810,357.050
-443721.080,-1172292.330,357.140
-443720.920,-1172292.790,357.410
-443720.600,-1172293.640,357.765
-443720.440,-1172294.100,357.980
-443720.280,-1172294.540,358.030
-443720.170,-1172294.830,358.000
-443720.080,-1172295.080,357.940
-443719.970,-1172295.370,357.770
-443719.860,-1172295.670,357.570
-443719.750,-1172295.950,357.430
-443719.660,-1172296.220,357.265
-443719.540,-1172296.530,357.070
-443719.430,-1172296.840,356.890
-443719.320,-1172297.120,356.725
-443719.220,-1172297.390,356.570
-443721.540,-1172290.440,357.570
-443721.420,-1172290.790,357.560
-443721.270,-1172291.190,357.430
-443721.040,-1172291.800,356.820
-443720.580,-1172293.050,357.480
-443720.400,-1172293.550,357.680
-443720.240,-1172293.980,357.910
-443720.100,-1172294.390,358.000
-443719.970,-1172294.740,358.005
-443719.850,-1172295.040,357.965
-443719.750,-1172295.320,357.800
-443719.650,-1172295.600,357.620
-443719.540,-1172295.900,357.440
-443719.420,-1172296.210,357.285
-443719.330,-1172296.470,357.130
-443719.220,-1172296.750,356.975
-443721.070,-1172291.580,356.725
-443720.890,-1172292.060,356.890
-443720.430,-1172293.320,357.560
-443720.260,-1172293.780,357.780
-443720.110,-1172294.200,357.990
-443719.970,-1172294.590,358.005
-443719.870,-1172294.860,357.990
-443719.760,-1172295.160,357.930
-443719.650,-1172295.440,357.740
-443719.550,-1172295.710,357.570
-443719.440,-1172296.010,357.410
-443719.330,-1172296.320,357.250
-443719.230,-1172296.580,357.060
-443721.420,-1172290.630,357.565
-443721.270,-1172291.030,357.460
-443721.230,-1172290.360,357.560
-443721.120,-1172290.680,357.505
-443721.100,-1172290.710,357.510
-443720.930,-1172291.170,356.540
-443720.780,-1172291.580,356.615
-443720.620,-1172292.020,356.760
-443720.450,-1172292.490,357.050
-443720.290,-1172292.920,357.285
-443720.130,-1172293.360,357.520
-443719.980,-1172293.780,357.780
-443719.670,-1172294.620,358.030
-443719.550,-1172294.930,357.975
-443719.460,-1172295.180,357.930
-443719.350,-1172295.480,357.710
-443719.250,-1172295.760,357.560
-443719.150,-1172296.030,357.400
-443720.890,-1172290.510,356.305
-443720.730,-1172290.960,356.355
-443720.560,-1172291.420,356.445
-443720.250,-1172292.270,356.870
-443720.080,-1172292.730,357.185
-443719.910,-1172293.190,357.400
-443719.770,-1172293.570,357.610
-443719.610,-1172294.010,357.900
-443719.430,-1172294.500,358.020
-443719.320,-1172294.810,357.990
-443719.220,-1172295.090,357.970
-443719.110,-1172295.370,357.850
-443720.480,-1172290.410,356.020
-443719.690,-1172292.570,357.040
-443719.530,-1172293.010,357.270
-443719.190,-1172293.940,357.830
-443720.220,-1172290.590,356.000
-443720.040,-1172291.070,356.140
-443719.760,-1172291.850,356.590
-443719.590,-1172292.320,356.910
-443719.400,-1172292.830,357.160
-443719.860,-1172290.700,356.000
-443719.680,-1172291.190,356.150
-443719.550,-1172291.550,356.355
-443719.360,-1172292.070,356.820
-443719.200,-1172292.520,356.980
-443719.050,-1172292.930,357.205
-443719.290,-1172291.680,356.445
-443718.970,-1172292.570,357.040
-443719.140,-1172291.010,355.970
-443719.310,-1172298.640,355.795
-443719.160,-1172297.810,356.315
-443719.050,-1172298.100,356.130
-443718.950,-1172298.390,355.975
-443718.850,-1172298.650,355.830
-443719.200,-1172298.400,355.930
-443719.110,-1172297.680,356.360
-443719.010,-1172297.950,356.210
-443718.900,-1172298.250,356.060
-443718.800,-1172298.540,355.895
-443718.690,-1172298.820,355.710
-443719.010,-1172297.330,356.590
-443718.910,-1172297.590,356.410
-443718.800,-1172297.880,356.290
-443718.680,-1172298.210,356.070
-443718.580,-1172298.480,355.930
-443718.470,-1172298.770,355.770
-443719.030,-1172296.340,357.200
-443718.930,-1172296.630,357.045
-443718.840,-1172296.850,356.935
-443718.720,-1172297.180,356.720
-443718.630,-1172297.440,356.570
-443718.500,-1172297.780,356.340
-443718.400,-1172298.050,356.160
-443718.280,-1172298.360,356.030
-443718.170,-1172298.660,355.860
-443718.070,-1172298.940,355.690
-443719.120,-1172296.880,356.890
-443719.000,-1172297.200,356.660
-443718.900,-1172297.450,356.520
-443718.800,-1172297.740,356.350
-443718.690,-1172298.020,356.180
-443718.590,-1172298.300,356.050
-443718.480,-1172298.600,355.890
-443718.370,-1172298.900,355.680
-443719.010,-1172295.640,357.640
-443718.910,-1172295.930,357.460
-443718.800,-1172296.220,357.285
-443718.690,-1172296.500,357.110
-443718.590,-1172296.770,356.975
-443718.490,-1172297.060,356.805
-443718.380,-1172297.350,356.600
-443718.270,-1172297.640,356.450
-443718.170,-1172297.910,356.315
-443718.070,-1172298.200,356.100
-443717.950,-1172298.500,355.965
-443717.860,-1172298.760,355.820
-443718.890,-1172294.750,358.000
-443718.780,-1172295.060,357.990
-443718.680,-1172295.330,357.920
-443718.580,-1172295.580,357.730
-443718.460,-1172295.930,357.510
-443718.350,-1172296.210,357.315
-443718.240,-1172296.500,357.160
-443718.150,-1172296.760,357.010
-443718.050,-1172297.040,356.860
-443717.940,-1172297.320,356.710
-443717.840,-1172297.580,356.580
-443717.730,-1172297.890,356.385
-443717.620,-1172298.170,356.235
-443717.530,-1172298.430,356.095
-443717.420,-1172298.740,355.930
-443717.300,-1172299.040,355.805
-443717.560,-1172296.980,356.940
-443717.450,-1172297.270,356.830
-443717.340,-1172297.550,356.640
-443717.230,-1172297.840,356.520
-443717.120,-1172298.150,356.430
-443718.750,-1172294.610,358.000
-443718.650,-1172294.890,357.990
-443718.540,-1172295.180,357.960
-443718.440,-1172295.450,357.850
-443718.320,-1172295.760,357.620
-443718.220,-1172296.050,357.440
-443718.120,-1172296.310,357.240
-443718.000,-1172296.640,357.080
-443717.890,-1172296.930,356.910
-443717.790,-1172297.190,356.780
-443717.690,-1172297.470,356.625
-443717.570,-1172297.780,356.495
-443717.470,-1172298.070,356.330
-443717.370,-1172298.320,356.180
-443717.270,-1172298.610,356.090
-443718.770,-1172293.120,357.270
-443718.330,-1172294.320,357.965
-443718.160,-1172294.790,358.010
-443718.060,-1172295.060,358.000
-443717.850,-1172295.630,357.770
-443717.730,-1172295.940,357.560
-443717.630,-1172296.220,357.385
-443717.520,-1172296.510,357.225
-443717.410,-1172296.810,357.100
-443717.310,-1172297.080,356.980
-443717.200,-1172297.360,356.850
-443717.100,-1172297.630,356.690
-443718.410,-1172294.670,358.000
-443718.300,-1172294.980,357.995
-443718.190,-1172295.260,357.960
-443718.080,-1172295.560,357.770
-443717.980,-1172295.840,357.620
-443717.780,-1172296.370,357.290
-443717.660,-1172296.690,357.100
-443718.540,-1172292.660,357.095
-443718.220,-1172293.520,357.485
-443718.250,-1172293.430,357.420
-443717.890,-1172294.430,357.990
-443717.750,-1172294.800,358.010
-443717.640,-1172295.120,357.990
-443717.540,-1172295.390,357.960
-443717.420,-1172295.700,357.770
-443717.320,-1172295.980,357.620
-443717.210,-1172296.270,357.455
-443717.100,-1172296.550,357.330
-443717.010,-1172296.820,357.215
-443716.680,-1172297.710,357.080
-443716.320,-1172298.680,357.280
-443716.200,-1172298.990,357.240
-443715.840,-1172299.990,357.060
-443718.690,-1172290.940,355.880
-443718.580,-1172291.250,355.940
-443718.040,-1172292.720,357.070
-443717.880,-1172293.150,357.215
-443717.730,-1172293.580,357.490
-443717.390,-1172294.500,357.980
-443717.240,-1172294.910,358.010
-443717.130,-1172295.200,357.990
-443717.020,-1172295.490,357.940
-443716.930,-1172295.760,357.825
-443716.830,-1172296.020,357.770
-443716.560,-1172296.760,357.580
-443716.450,-1172297.060,357.530
-443718.350,-1172292.740,357.085
-443717.860,-1172294.080,357.840
-443717.720,-1172294.470,357.990
-443717.470,-1172295.150,358.000
-443717.370,-1172295.420,357.960
-443717.260,-1172295.720,357.820
-443717.170,-1172295.950,357.705
-443717.050,-1172296.280,357.580
-443716.950,-1172296.550,357.490
-443716.650,-1172297.360,357.300
-443716.530,-1172297.710,357.400
-443716.310,-1172298.310,357.350
-443716.180,-1172298.660,357.290
-443716.050,-1172299.000,357.240
-443717.270,-1172292.910,357.050
-443717.110,-1172293.330,357.240
-443716.620,-1172294.680,357.960
-443716.380,-1172295.330,358.000
-443716.030,-1172296.270,357.805
-443715.910,-1172296.610,357.750
-443715.780,-1172296.950,357.690
-443715.660,-1172297.290,357.610
-443715.550,-1172297.580,357.550
-443715.420,-1172297.930,357.470
-443715.310,-1172298.230,357.410
-443714.950,-1172299.210,357.200
-443718.470,-1172290.840,355.875
-443717.510,-1172293.470,357.370
-443717.020,-1172294.810,357.980
-443716.890,-1172295.150,357.995
-443716.780,-1172295.460,357.960
-443716.680,-1172295.720,357.890
-443716.190,-1172297.050,357.610
-443716.070,-1172297.370,357.560
-443715.620,-1172298.610,357.320
-443717.430,-1172291.040,355.870
-443717.300,-1172291.380,355.940
-443717.120,-1172291.890,356.365
-443716.940,-1172292.380,356.760
-443715.880,-1172295.270,358.010
-443715.780,-1172295.550,358.010
-443715.650,-1172295.880,357.950
-443715.530,-1172296.230,357.880
-443715.280,-1172296.880,357.690
-443714.940,-1172297.810,357.510
-443714.580,-1172298.800,357.310
-443714.340,-1172299.440,357.180
-443714.090,-1172300.120,357.080
-443717.830,-1172290.800,355.840
-443717.690,-1172291.160,355.895
-443716.880,-1172293.380,357.290
-443716.720,-1172293.810,357.560
-443716.150,-1172295.380,358.000
-443715.910,-1172296.030,357.910
-443715.550,-1172296.980,357.670
-443715.070,-1172298.290,357.400
-443714.600,-1172299.580,357.135
-443715.450,-1172294.230,357.660
-443715.300,-1172294.650,357.910
-443715.140,-1172295.080,358.010
-443715.030,-1172295.370,358.025
-443714.920,-1172295.690,358.020
-443714.790,-1172296.030,357.940
-443714.680,-1172296.310,357.870
-443714.460,-1172296.930,357.670
-443714.330,-1172297.260,357.620
-443714.100,-1172297.890,357.510
-443713.400,-1172299.790,357.100
-443713.260,-1172300.160,357.065
-443716.160,-1172292.960,356.960
-443715.970,-1172293.470,357.290
-443715.810,-1172293.890,357.500
-443715.670,-1172294.300,357.710
-443715.360,-1172295.130,358.030
-443715.250,-1172295.430,358.020
-443715.140,-1172295.720,358.010
-443715.010,-1172296.070,357.930
-443714.890,-1172296.390,357.830
-443714.550,-1172297.310,357.600
-443714.070,-1172298.610,357.370
-443713.460,-1172300.270,357.070
-443717.210,-1172291.050,355.875
-443717.040,-1172291.520,356.020
-443716.900,-1172291.900,356.395
-443716.110,-1172294.050,357.620
-443715.790,-1172294.920,358.000
-443715.680,-1172295.230,358.040
-443715.440,-1172295.860,357.965
-443715.320,-1172296.190,357.890
-443715.090,-1172296.810,357.700
-443714.970,-1172297.140,357.630
-443714.730,-1172297.790,357.520
-443714.360,-1172298.800,357.320
-443713.400,-1172295.060,357.985
-443713.280,-1172295.390,358.010
-443713.160,-1172295.710,358.000
-443712.800,-1172296.690,357.620
-443714.350,-1172293.420,357.140
-443714.200,-1172293.830,357.330
-443713.890,-1172294.680,357.845
-443713.720,-1172295.140,358.000
-443713.590,-1172295.480,358.010
-443713.480,-1172295.770,358.015
-443713.370,-1172296.080,357.920
-443714.810,-1172293.030,356.970
-443714.670,-1172293.420,357.130
-443714.480,-1172293.930,357.430
-443714.020,-1172295.190,358.005
-443713.900,-1172295.530,358.015
-443713.780,-1172295.840,358.000
-443713.420,-1172296.800,357.750
-443713.320,-1172297.080,357.670
-443715.220,-1172293.110,356.990
-443714.730,-1172294.430,357.770
-443714.550,-1172294.910,357.990
-443714.420,-1172295.290,358.020
-443714.320,-1172295.560,358.030
-443714.200,-1172295.880,358.000
-443714.070,-1172296.220,357.900
-443715.390,-1172293.560,357.290
-443715.260,-1172293.890,357.490
-443714.770,-1172295.230,358.030
-443714.660,-1172295.530,358.020
-443714.540,-1172295.850,358.015
-443714.430,-1172296.170,357.920
-443713.960,-1172297.430,357.590
-443713.360,-1172299.060,357.265
-443716.090,-1172292.490,356.710
-443715.970,-1172292.820,356.860
-443715.770,-1172293.360,357.160
-443715.610,-1172293.800,357.445
-443711.900,-1172291.590,355.840
-443711.290,-1172293.250,356.920
-443710.980,-1172294.090,357.100
-443710.870,-1172294.390,357.100
-443710.760,-1172294.700,357.020
-443710.660,-1172294.960,356.885
-443710.560,-1172295.220,356.730
-443712.310,-1172291.370,355.805
-443711.970,-1172292.310,356.280
-443711.840,-1172292.640,356.510
-443711.670,-1172293.110,356.880
-443711.360,-1172293.950,357.115
-443711.240,-1172294.280,357.100
-443711.130,-1172294.560,357.055
-443711.020,-1172294.860,356.900
-443710.930,-1172295.110,356.795
-443710.810,-1172295.420,356.570
-443710.720,-1172295.690,356.475
-443712.590,-1172291.980,356.140
-443712.430,-1172292.400,356.390
-443712.310,-1172292.740,356.610
-443712.100,-1172293.310,356.925
-443711.930,-1172293.790,357.120
-443711.810,-1172294.100,357.140
-443711.700,-1172294.380,357.140
-443711.600,-1172294.660,357.040
-443711.490,-1172294.970,356.800
-443711.380,-1172295.260,356.645
-443711.270,-1172295.550,356.480
-443711.160,-1172295.840,356.325
-443711.060,-1172296.110,356.110
-443710.950,-1172296.410,355.960
-443710.850,-1172296.690,355.810
-443713.250,-1172291.400,355.830
-443713.080,-1172291.870,356.050
-443712.620,-1172293.130,356.880
-443712.440,-1172293.630,357.130
-443712.290,-1172294.030,357.205
-443712.180,-1172294.320,357.230
-443712.080,-1172294.590,357.220
-443711.990,-1172294.840,357.025
-443711.870,-1172295.140,356.730
-443711.770,-1172295.430,356.520
-443711.650,-1172295.730,356.365
-443711.550,-1172296.010,356.190
-443711.440,-1172296.300,356.000
-443711.330,-1172296.600,355.800
-443713.750,-1172291.180,355.790
-443713.640,-1172291.470,355.880
-443712.820,-1172293.700,357.200
-443712.250,-1172295.230,356.820
-443712.150,-1172295.500,356.610
-443712.040,-1172295.800,356.370
-443711.930,-1172296.090,356.160
-443711.820,-1172296.370,355.940
-443711.720,-1172296.660,355.760
-443714.010,-1172291.260,355.825
-443713.430,-1172292.850,356.815
-443713.260,-1172293.330,357.065
-443713.120,-1172293.700,357.230
-443712.440,-1172295.520,356.815
-443712.330,-1172295.810,356.480
-443712.240,-1172296.070,356.240
-443712.130,-1172296.370,356.030
-443712.020,-1172296.650,355.800
-443713.860,-1172292.830,356.820
-443713.710,-1172293.240,357.035
-443713.550,-1172293.690,357.230
-443713.380,-1172294.140,357.490
-443713.400,-1172294.080,357.430
-443713.230,-1172294.550,357.710
-443713.040,-1172295.070,357.940
-443712.930,-1172295.390,357.960
-443712.470,-1172296.590,356.025
-443710.350,-1172292.130,355.890
-443710.800,-1172291.600,355.765
-443710.690,-1172292.420,356.085
-443711.260,-1172291.790,355.870
-443710.770,-1172293.120,356.850
-443710.620,-1172293.540,357.020
-443711.600,-1172291.630,355.820
-443711.480,-1172291.940,355.950
-443711.090,-1172293.010,356.800
-443710.790,-1172293.820,357.090
-443710.660,-1172294.180,357.110
-443710.310,-1172291.580,355.615
-443710.180,-1172291.930,355.830
-443710.070,-1172292.240,355.940
-443727.290,-1172290.950,355.625
-443727.600,-1172290.690,355.510
-443727.920,-1172290.410,355.390
-443727.650,-1172291.870,355.500
-443727.970,-1172291.590,355.370
-443728.290,-1172291.320,355.265
-443728.590,-1172291.050,355.140
-443728.900,-1172290.790,355.030
-443729.190,-1172290.530,354.935
-443727.550,-1172291.270,355.520
-443727.880,-1172290.980,355.400
-443728.200,-1172290.710,355.285
-443728.510,-1172290.440,355.150
-443719.040,-1172299.820,355.190
-443719.260,-1172299.630,355.250
-443719.500,-1172299.420,355.310
-443719.760,-1172299.200,355.410
-443720.020,-1172298.980,355.510
-443720.250,-1172298.770,355.630
-443727.490,-1172292.530,355.560
-443727.800,-1172292.270,355.460
-443728.100,-1172292.010,355.360
-443728.420,-1172291.730,355.220
-443728.740,-1172291.460,355.090
-443729.030,-1172291.200,355.000
-443729.380,-1172290.900,354.900
-443729.690,-1172290.640,354.830
-443730.000,-1172290.370,354.775
-443719.060,-1172299.270,355.430
-443719.310,-1172299.060,355.550
-443727.330,-1172292.140,355.630
-443721.450,-1172298.870,355.550
-443727.890,-1172293.320,355.530
-443728.210,-1172293.050,355.380
-443728.530,-1172292.770,355.240
-443728.820,-1172292.520,355.120
-443729.130,-1172292.250,355.010
-443729.450,-1172291.980,354.910
-443729.730,-1172291.730,354.830
-443730.040,-1172291.470,354.790
-443719.370,-1172300.250,355.020
-443719.620,-1172300.030,355.110
-443719.870,-1172299.810,355.185
-443720.110,-1172299.600,355.250
-443720.370,-1172299.380,355.335
-443720.600,-1172299.180,355.405
-443720.860,-1172298.960,355.525
-443727.780,-1172292.990,355.510
-443728.110,-1172292.710,355.370
-443728.420,-1172292.440,355.260
-443728.730,-1172292.170,355.140
-443729.050,-1172291.890,355.015
-443729.360,-1172291.620,354.910
-443729.690,-1172291.350,354.840
-443729.970,-1172291.100,354.800
-443720.010,-1172300.120,355.085
-443720.260,-1172299.900,355.135
-443720.500,-1172299.690,355.220
-443720.730,-1172299.500,355.290
-443720.960,-1172299.300,355.360
-443721.220,-1172299.070,355.430
-443721.690,-1172299.890,355.170
-443721.920,-1172299.700,355.210
-443722.160,-1172299.490,355.275
-443722.440,-1172299.250,355.370
-443722.680,-1172299.050,355.445
-443722.910,-1172298.850,355.560
-443729.020,-1172293.580,355.345
-443729.400,-1172293.260,355.170
-443729.770,-1172292.940,355.010
-443730.060,-1172292.690,354.910
-443730.330,-1172292.460,354.830
-443720.820,-1172300.070,355.100
-443721.110,-1172299.820,355.180
-443721.320,-1172299.640,355.225
-443721.560,-1172299.430,355.295
-443721.820,-1172299.210,355.390
-443722.040,-1172299.020,355.440
-443728.170,-1172293.730,355.550
-443728.500,-1172293.450,355.405
-443728.810,-1172293.180,355.230
-443729.140,-1172292.900,355.100
-443729.440,-1172292.640,354.990
-443729.740,-1172292.380,354.900
-443730.040,-1172292.120,354.825
-443722.740,-1172299.740,355.050
-443722.980,-1172299.540,355.070
-443723.210,-1172299.330,355.215
-443723.470,-1172299.110,355.340
-443723.680,-1172298.930,355.400
-443723.900,-1172298.740,355.550
-443729.750,-1172293.700,355.630
-443730.100,-1172293.400,355.300
-443730.400,-1172293.140,355.090
-443724.350,-1172299.490,355.150
-443724.580,-1172299.290,355.180
-443724.810,-1172299.090,355.290
-443725.030,-1172298.900,355.390
-443725.250,-1172298.710,355.480
-443725.490,-1172298.500,355.610
-443723.400,-1172299.660,355.035
-443723.660,-1172299.440,355.120
-443723.910,-1172299.220,355.225
-443724.130,-1172299.040,355.305
-443724.360,-1172298.840,355.395
-443724.590,-1172298.630,355.550
-443725.970,-1172299.280,355.150
-443726.220,-1172299.070,355.250
-443726.420,-1172298.890,355.290
-443726.650,-1172298.700,355.415
-443726.890,-1172298.490,355.490
-443727.130,-1172298.290,355.615
-443725.100,-1172299.370,355.150
-443725.330,-1172299.170,355.190
-443725.550,-1172298.980,355.305
-443725.780,-1172298.780,355.390
-443726.020,-1172298.580,355.480
-443726.570,-1172299.170,355.150
-443726.810,-1172298.970,355.250
-443727.060,-1172298.760,355.310
-443727.290,-1172298.560,355.435
-443727.530,-1172298.350,355.545
-443728.570,-1172298.570,355.315
-443728.800,-1172298.380,355.420
-443729.030,-1172298.170,355.500
-443727.310,-1172299.120,355.130
-443727.550,-1172298.910,355.250
-443727.780,-1172298.710,355.310
-443728.000,-1172298.530,355.410
-443728.220,-1172298.340,355.485
-443728.450,-1172298.140,355.620
-443728.880,-1172299.050,355.070
-443729.100,-1172298.860,355.145
-443729.340,-1172298.650,355.210
-443729.570,-1172298.450,355.305
-443727.880,-1172299.160,355.085
-443728.120,-1172298.960,355.130
-443728.340,-1172298.770,355.260
-443729.600,-1172298.930,355.100
-443729.840,-1172298.730,355.190
-443730.060,-1172298.540,355.270
-443730.310,-1172298.320,355.410
-443730.540,-1172298.120,355.530
-443730.770,-1172297.930,355.695
-443729.810,-1172298.250,355.430
-443730.060,-1172298.030,355.555
-443730.640,-1172298.690,355.200
-443730.870,-1172298.500,355.255
-443718.530,-1172300.260,355.060
-443718.790,-1172300.030,355.135
-443717.820,-1172300.340,355.065
-443718.070,-1172300.130,355.155
-443718.300,-1172299.930,355.200
-443718.550,-1172299.710,355.260
-443718.810,-1172299.490,355.355
-443717.170,-1172300.220,355.200
-443717.400,-1172300.020,355.225
-443717.660,-1172299.800,355.280
-443717.890,-1172299.600,355.350
-443718.140,-1172299.390,355.390
-443718.390,-1172299.160,355.520
-443716.410,-1172300.340,357.020
-443717.610,-1172299.310,355.560
-443712.630,-1172300.220,353.920
-443712.870,-1172300.010,354.260
-443711.870,-1172300.330,353.770
-443712.100,-1172300.140,353.850
-443712.350,-1172299.920,353.925
-443712.590,-1172299.710,354.100
-443711.060,-1172300.350,353.770
-443711.270,-1172300.170,353.830
-443711.510,-1172299.960,353.900
-443711.780,-1172299.730,353.940
-443712.040,-1172299.510,354.055
-443712.280,-1172299.300,354.230
-443712.510,-1172299.100,354.455
-443712.750,-1172298.890,354.790
-443711.110,-1172299.860,353.920
-443711.360,-1172299.640,353.990
-443711.630,-1172299.410,354.090
-443711.870,-1172299.210,354.235
-443712.090,-1172299.010,354.370
-443712.340,-1172298.790,354.570
-443712.600,-1172298.570,354.860
-443711.010,-1172299.260,354.220
-443711.240,-1172299.070,354.340
-443711.500,-1172298.840,354.465
-443711.740,-1172298.630,354.565
-443711.980,-1172298.420,354.720
-443712.230,-1172298.210,354.895
-443712.480,-1172297.990,355.130
-443710.980,-1172298.780,354.550
-443711.220,-1172298.570,354.650
-443711.450,-1172298.380,354.740
-443711.700,-1172298.160,354.860
-443711.940,-1172297.950,354.990
-443712.190,-1172297.740,355.180
-443712.430,-1172297.530,355.390
-443710.900,-1172298.300,354.800
-443711.150,-1172298.080,354.925
-443711.400,-1172297.860,355.070
-443711.650,-1172297.650,355.150
-443711.890,-1172297.440,355.265
-443712.120,-1172297.240,355.460
-443712.360,-1172297.030,355.675
-443711.040,-1172297.790,355.140
-443711.280,-1172297.580,355.245
-443711.510,-1172297.380,355.350
-443711.770,-1172297.160,355.445
-443712.010,-1172296.950,355.610
-443710.920,-1172297.200,355.490
-443711.150,-1172297.000,355.595
-443717.420,-1172290.420,355.770
-443716.790,-1172290.550,355.740
-443715.850,-1172290.720,355.730
-443716.160,-1172290.450,355.680
-443715.540,-1172290.500,355.665
-443714.670,-1172290.620,355.645
-443714.970,-1172290.360,355.580
-443713.920,-1172290.800,355.690
-443714.240,-1172290.520,355.590
-443712.880,-1172290.900,355.620
-443713.200,-1172290.620,355.560
-443712.180,-1172290.990,355.550
-443712.510,-1172290.700,355.490
-443712.800,-1172290.450,355.470
-443711.150,-1172291.160,355.550
-443711.480,-1172290.880,355.530
-443711.800,-1172290.590,355.430
-443710.270,-1172291.450,355.565
-443710.550,-1172291.210,355.500
-443710.880,-1172290.920,355.435
-443711.220,-1172290.630,355.400
-443709.970,-1172290.910,355.300
-443710.190,-1172290.720,355.280
-443710.480,-1172290.470,355.270
-443710.000,-1172290.410,355.190
-443730.960,-1172297.760,355.800
-443730.280,-1172297.840,355.715
-443730.510,-1172297.650,355.955
-443730.720,-1172297.460,356.085
-443730.910,-1172297.300,356.245
-443729.280,-1172297.960,355.645
-443729.500,-1172297.770,355.870
-443729.720,-1172297.580,355.950
-443729.960,-1172297.370,356.180
-443730.190,-1172297.180,356.370
-443730.430,-1172296.980,356.580
-443730.650,-1172296.780,356.715
-443728.680,-1172297.940,355.760
-443728.900,-1172297.750,355.920
-443729.130,-1172297.550,356.080
-443729.370,-1172297.350,356.250
-443729.830,-1172296.960,356.660
-443730.060,-1172296.760,356.820
-443730.290,-1172296.560,357.025
-443730.500,-1172296.380,357.170
-443730.710,-1172296.200,357.320
-443727.750,-1172298.160,355.640
-443727.990,-1172297.950,355.820
-443728.210,-1172297.770,355.940
-443728.430,-1172297.580,356.095
-443728.670,-1172297.370,356.285
-443728.900,-1172297.180,356.470
-443729.330,-1172296.800,356.810
-443729.580,-1172296.590,357.010
-443729.810,-1172296.390,357.170
-443730.010,-1172296.210,357.350
-443730.250,-1172296.010,357.410
-443730.480,-1172295.820,357.425
-443730.680,-1172295.640,357.440
-443727.350,-1172298.090,355.730
-443727.580,-1172297.900,355.930
-443727.820,-1172297.690,356.095
-443728.060,-1172297.480,356.230
-443728.290,-1172297.280,356.425
-443728.520,-1172297.090,356.580
-443728.750,-1172296.890,356.790
-443728.990,-1172296.690,357.000
-443729.210,-1172296.500,357.140
-443729.440,-1172296.290,357.310
-443729.650,-1172296.110,357.345
-443729.870,-1172295.930,357.425
-443730.100,-1172295.730,357.410
-443730.440,-1172295.430,357.380
-443730.720,-1172295.190,357.380
-443726.250,-1172298.380,355.615
-443726.500,-1172298.170,355.760
-443726.740,-1172297.960,355.955
-443726.980,-1172297.750,356.125
-443727.210,-1172297.560,356.230
-443727.430,-1172297.360,356.450
-443727.640,-1172297.180,356.570
-443727.890,-1172296.970,356.735
-443728.120,-1172296.770,356.960
-443728.350,-1172296.570,357.120
-443728.580,-1172296.370,357.290
-443728.820,-1172296.170,357.370
-443729.060,-1172295.960,357.400
-443729.280,-1172295.770,357.380
-443729.620,-1172295.480,357.365
-443729.960,-1172295.180,357.260
-443730.330,-1172294.860,357.010
-443730.640,-1172294.600,356.680
-443725.720,-1172298.310,355.760
-443725.950,-1172298.110,355.920
-443726.200,-1172297.890,356.085
-443726.420,-1172297.700,356.210
-443726.650,-1172297.510,356.385
-443726.880,-1172297.310,356.525
-443727.120,-1172297.100,356.730
-443727.360,-1172296.900,356.920
-443727.600,-1172296.690,357.090
-443727.830,-1172296.490,357.270
-443728.070,-1172296.290,357.340
-443728.270,-1172296.110,357.380
-443728.490,-1172295.920,357.395
-443728.810,-1172295.650,357.395
-443729.180,-1172295.320,357.320
-443729.540,-1172295.020,357.015
-443729.920,-1172294.690,356.700
-443730.290,-1172294.370,356.370
-443727.530,-1172295.610,357.350
-443727.890,-1172295.300,357.210
-443728.290,-1172294.960,356.830
-443728.630,-1172294.670,356.605
-443728.970,-1172294.370,356.205
-443729.350,-1172294.040,355.910
-443724.810,-1172298.450,355.670
-443725.030,-1172298.260,355.820
-443725.260,-1172298.060,355.950
-443725.500,-1172297.850,356.145
-443725.720,-1172297.660,356.230
-443725.930,-1172297.480,356.400
-443726.190,-1172297.260,356.665
-443726.410,-1172297.070,356.800
-443726.640,-1172296.870,356.990
-443726.870,-1172296.680,357.145
-443727.100,-1172296.480,357.280
-443727.330,-1172296.270,357.340
-443727.560,-1172296.080,357.360
-443727.810,-1172295.870,357.400
-443728.170,-1172295.550,357.400
-443728.550,-1172295.230,357.200
-443729.280,-1172294.600,356.500
-443729.630,-1172294.300,356.295
-443729.980,-1172293.990,355.980
-443730.330,-1172293.700,355.815
-443723.140,-1172298.650,355.740
-443723.360,-1172298.460,355.850
-443723.590,-1172298.260,356.010
-443723.820,-1172298.060,356.160
-443724.060,-1172297.850,356.320
-443724.290,-1172297.660,356.485
-443724.520,-1172297.460,356.670
-443724.760,-1172297.250,356.810
-443725.010,-1172297.030,357.050
-443725.230,-1172296.840,357.215
-443725.460,-1172296.640,357.320
-443725.680,-1172296.460,357.345
-443725.930,-1172296.240,357.355
-443726.180,-1172296.030,357.370
-443726.530,-1172295.720,357.380
-443726.890,-1172295.410,357.140
-443727.220,-1172295.130,356.875
-443727.960,-1172294.490,356.080
-443728.310,-1172294.190,355.765
-443728.690,-1172293.860,355.540
-443724.140,-1172298.530,355.690
-443724.390,-1172298.310,355.870
-443724.610,-1172298.120,356.030
-443724.840,-1172297.920,356.165
-443725.070,-1172297.730,356.280
-443725.320,-1172297.510,356.490
-443725.540,-1172297.330,356.620
-443725.750,-1172297.140,356.810
-443725.990,-1172296.940,356.970
-443726.220,-1172296.740,357.160
-443726.440,-1172296.550,357.290
-443726.650,-1172296.360,357.335
-443726.900,-1172296.160,357.385
-443727.170,-1172295.920,357.385
-443724.840,-1172295.530,356.990
-443725.220,-1172295.200,356.720
-443725.570,-1172294.890,356.590
-443725.910,-1172294.600,356.380
-443726.240,-1172294.320,356.190
-443726.530,-1172294.070,356.040
-443726.850,-1172293.790,355.900
-443727.150,-1172293.530,355.780
-443727.470,-1172293.260,355.650
-443721.690,-1172298.670,355.700
-443721.930,-1172298.460,355.875
-443722.330,-1172298.120,356.155
-443722.580,-1172297.900,356.420
-443722.810,-1172297.700,356.640
-443723.040,-1172297.500,356.755
-443723.260,-1172297.310,356.960
-443723.510,-1172297.100,357.160
-443723.760,-1172296.890,357.300
-443723.980,-1172296.690,357.315
-443724.220,-1172296.490,357.350
-443724.460,-1172296.280,357.320
-443724.780,-1172296.000,357.330
-443725.140,-1172295.690,357.165
-443725.510,-1172295.370,356.845
-443725.890,-1172295.050,356.550
-443726.230,-1172294.750,356.320
-443726.600,-1172294.440,356.140
-443726.940,-1172294.140,355.960
-443727.280,-1172293.850,355.810
-443727.580,-1172293.590,355.675
-443722.280,-1172298.810,355.610
-443722.490,-1172298.630,355.830
-443722.730,-1172298.420,356.000
-443722.970,-1172298.210,356.190
-443723.210,-1172298.010,356.350
-443723.450,-1172297.800,356.490
-443723.690,-1172297.590,356.700
-443723.910,-1172297.400,356.880
-443724.130,-1172297.210,357.020
-443724.360,-1172297.020,357.185
-443724.600,-1172296.810,357.320
-443724.830,-1172296.610,357.360
-443725.050,-1172296.420,357.420
-443725.650,-1172295.900,357.385
-443726.040,-1172295.570,357.160
-443726.380,-1172295.270,356.895
-443726.760,-1172294.950,356.445
-443727.110,-1172294.640,356.140
-443727.500,-1172294.310,355.900
-443727.830,-1172294.030,355.730
-443719.570,-1172298.830,355.680
-443719.800,-1172298.630,355.750
-443720.050,-1172298.420,355.880
-443720.280,-1172298.220,355.980
-443720.540,-1172298.000,356.100
-443720.780,-1172297.790,356.195
-443721.020,-1172297.580,356.310
-443721.270,-1172297.370,356.525
-443721.520,-1172297.150,356.730
-443721.740,-1172296.960,357.010
-443722.030,-1172296.710,357.510
-443722.280,-1172296.490,357.540
-443722.640,-1172296.180,357.560
-443722.960,-1172295.900,357.490
-443723.270,-1172295.640,357.330
-443723.570,-1172295.380,357.165
-443723.870,-1172295.120,357.040
-443724.200,-1172294.840,356.900
-443724.510,-1172294.570,356.830
-443724.800,-1172294.320,356.750
-443726.100,-1172293.210,356.075
-443726.380,-1172292.960,355.990
-443726.690,-1172292.690,355.850
-443727.000,-1172292.430,355.750
-443720.490,-1172298.570,355.740
-443720.750,-1172298.340,355.860
-443721.000,-1172298.130,355.970
-443721.230,-1172297.930,356.110
-443721.490,-1172297.710,356.310
-443721.730,-1172297.500,356.525
-443722.020,-1172297.250,356.870
-443722.260,-1172297.040,357.180
-443722.490,-1172296.840,357.490
-443722.710,-1172296.650,357.510
-443722.970,-1172296.430,357.490
-443723.320,-1172296.120,357.390
-443723.650,-1172295.840,357.320
-443724.010,-1172295.530,357.080
-443724.320,-1172295.260,356.975
-443724.680,-1172294.960,356.800
-443724.990,-1172294.690,356.700
-443725.920,-1172293.890,356.190
-443726.220,-1172293.620,356.060
-443726.550,-1172293.340,355.965
-443726.870,-1172293.070,355.830
-443727.200,-1172292.780,355.670
-443721.100,-1172298.750,355.590
-443721.340,-1172298.540,355.760
-443721.830,-1172298.120,356.085
-443721.970,-1172298.000,356.195
-443722.170,-1172297.830,356.355
-443722.410,-1172297.620,356.645
-443722.640,-1172297.420,356.870
-443722.860,-1172297.230,357.070
-443723.090,-1172297.030,357.265
-443723.310,-1172296.840,357.330
-443723.560,-1172296.630,357.365
-443723.800,-1172296.420,357.350
-443722.610,-1172294.990,357.440
-443722.940,-1172294.710,357.310
-443723.270,-1172294.420,357.170
-443723.580,-1172294.160,357.055
-443723.890,-1172293.890,356.930
-443724.210,-1172293.610,356.860
-443724.520,-1172293.340,356.770
-443724.800,-1172293.100,356.685
-443725.140,-1172292.810,356.460
-443725.450,-1172292.550,356.310
-443725.750,-1172292.290,356.170
-443726.030,-1172292.040,356.080
-443726.370,-1172291.750,355.970
-443726.670,-1172291.490,355.850
-443726.970,-1172291.230,355.720
-443718.880,-1172298.750,355.770
-443719.120,-1172298.540,355.865
-443719.390,-1172298.300,355.985
-443719.640,-1172298.090,356.110
-443719.880,-1172297.880,356.200
-443720.140,-1172297.660,356.330
-443720.380,-1172297.450,356.445
-443720.620,-1172297.250,356.585
-443720.840,-1172297.050,356.680
-443721.100,-1172296.830,356.900
-443721.350,-1172296.610,357.190
-443721.570,-1172296.420,357.480
-443721.940,-1172296.110,357.610
-443722.300,-1172295.790,357.600
-443722.590,-1172295.550,357.510
-443722.910,-1172295.270,357.360
-443723.220,-1172295.000,357.210
-443723.550,-1172294.720,357.075
-443723.840,-1172294.460,356.945
-443724.150,-1172294.200,356.880
-443724.470,-1172293.920,356.830
-443724.720,-1172293.700,356.750
-443725.690,-1172292.870,356.220
-443726.000,-1172292.600,356.100
-443726.310,-1172292.340,356.010
-443726.630,-1172292.060,355.860
-443726.950,-1172291.780,355.750
-443727.250,-1172291.530,355.630
-443719.990,-1172296.390,357.145
-443720.240,-1172296.180,357.280
-443720.470,-1172295.980,357.380
-443720.710,-1172295.770,357.560
-443720.960,-1172295.550,357.730
-443721.220,-1172295.330,357.755
-443721.460,-1172295.120,357.775
-443721.750,-1172294.870,357.710
-443722.120,-1172294.550,357.600
-443722.410,-1172294.300,357.470
-443722.720,-1172294.040,357.350
-443723.040,-1172293.760,357.230
-443723.340,-1172293.500,357.110
-443723.670,-1172293.210,356.980
-443723.980,-1172292.950,356.840
-443724.300,-1172292.680,356.740
-443724.620,-1172292.400,356.630
-443724.940,-1172292.120,356.460
-443725.240,-1172291.860,356.355
-443725.570,-1172291.570,356.240
-443725.880,-1172291.310,356.110
-443726.190,-1172291.040,355.995
-443726.500,-1172290.780,355.900
-443726.780,-1172290.530,355.790
-443719.090,-1172298.030,356.150
-443719.340,-1172297.820,356.300
-443719.570,-1172297.620,356.360
-443719.800,-1172297.420,356.520
-443720.060,-1172297.190,356.650
-443720.310,-1172296.980,356.770
-443720.560,-1172296.760,356.900
-443720.810,-1172296.540,357.060
-443721.060,-1172296.330,357.245
-443721.290,-1172296.130,357.490
-443721.520,-1172295.930,357.630
-443721.690,-1172295.790,357.660
-443721.980,-1172295.540,357.620
-443722.310,-1172295.250,357.565
-443719.280,-1172296.400,357.200
-443719.520,-1172296.200,357.300
-443719.780,-1172295.970,357.410
-443720.000,-1172295.780,357.560
-443720.230,-1172295.580,357.650
-443720.490,-1172295.360,357.770
-443720.730,-1172295.150,357.900
-443720.980,-1172294.940,357.900
-443721.240,-1172294.710,357.875
-443721.900,-1172294.140,357.610
-443722.220,-1172293.860,357.510
-443722.550,-1172293.580,357.420
-443722.880,-1172293.300,357.255
-443723.190,-1172293.020,357.150
-443723.530,-1172292.730,357.020
-443723.820,-1172292.480,356.910
-443724.130,-1172292.220,356.755
-443724.410,-1172291.970,356.660
-443724.740,-1172291.690,356.535
-443725.060,-1172291.410,356.415
-443725.380,-1172291.140,356.270
-443725.700,-1172290.860,356.170
-443726.030,-1172290.580,356.050
-443718.770,-1172297.450,356.500
-443719.020,-1172297.230,356.650
-443719.250,-1172297.030,356.755
-443719.500,-1172296.820,356.890
-443719.730,-1172296.610,357.030
-443720.290,-1172294.810,358.000
-443720.530,-1172294.610,357.995
-443720.800,-1172294.380,357.945
-443721.780,-1172293.530,357.610
-443722.100,-1172293.250,357.530
-443722.430,-1172292.970,357.430
-443722.740,-1172292.700,357.320
-443723.030,-1172292.450,357.170
-443723.360,-1172292.160,357.030
-443723.690,-1172291.880,356.935
-443724.010,-1172291.600,356.795
-443724.330,-1172291.330,356.680
-443724.660,-1172291.050,356.555
-443724.960,-1172290.790,356.450
-443725.270,-1172290.520,356.310
-443718.810,-1172296.810,356.970
-443719.040,-1172296.610,357.060
-443723.490,-1172291.580,356.980
-443723.820,-1172291.300,356.850
-443724.120,-1172291.040,356.740
-443724.420,-1172290.790,356.640
-443724.750,-1172290.500,356.510
-443718.860,-1172296.060,357.380
-443719.080,-1172295.860,357.515
-443719.350,-1172295.630,357.620
-443719.580,-1172295.430,357.735
-443719.820,-1172295.230,357.880
-443720.040,-1172295.030,357.960
-443718.870,-1172295.580,357.710
-443719.120,-1172295.360,357.840
-443719.380,-1172295.130,357.940
-443719.600,-1172294.940,357.975
-443719.850,-1172294.730,357.995
-443720.100,-1172294.510,358.000
-443720.440,-1172294.220,357.980
-443720.740,-1172293.970,357.885
-443721.030,-1172293.710,357.770
-443721.330,-1172293.450,357.685
-443721.580,-1172293.240,357.620
-443721.940,-1172292.930,357.530
-443722.240,-1172292.660,357.450
-443722.510,-1172292.430,357.340
-443722.850,-1172292.140,357.235
-443723.170,-1172291.870,357.080
-443718.800,-1172294.890,357.990
-443719.050,-1172294.670,357.995
-443719.360,-1172294.410,358.010
-443719.680,-1172294.130,357.940
-443720.010,-1172293.850,357.860
-443720.340,-1172293.560,357.680
-443720.650,-1172293.300,357.610
-443720.960,-1172293.020,357.610
-443721.410,-1172292.640,357.510
-443722.940,-1172291.320,357.140
-443723.270,-1172291.030,357.040
-443723.570,-1172290.770,356.950
-443723.900,-1172290.490,356.830
-443718.590,-1172294.530,357.990
-443718.890,-1172294.270,357.960
-443719.210,-1172293.990,357.850
-443719.510,-1172293.730,357.690
-443719.840,-1172293.450,357.550
-443720.160,-1172293.170,357.420
-443720.460,-1172292.910,357.310
-443720.790,-1172292.630,357.195
-443721.120,-1172292.340,357.185
-443722.400,-1172291.230,357.350
-443722.730,-1172290.950,357.270
-443723.040,-1172290.680,357.140
-443723.340,-1172290.420,357.040
-443718.720,-1172293.730,357.645
-443719.060,-1172293.430,357.490
-443719.390,-1172293.150,357.320
-443719.710,-1172292.870,357.210
-443720.030,-1172292.600,357.060
-443720.350,-1172292.330,356.895
-443720.660,-1172292.050,356.820
-443720.960,-1172291.800,356.820
-443721.480,-1172291.350,357.510
-443721.830,-1172291.040,357.520
-443722.170,-1172290.750,357.470
-443722.480,-1172290.480,357.350
-443718.710,-1172293.290,357.350
-443719.050,-1172292.990,357.250
-443719.370,-1172292.720,357.110
-443719.670,-1172292.450,356.970
-443719.980,-1172292.190,356.815
-443720.310,-1172291.900,356.630
-443720.640,-1172291.610,356.570
-443720.960,-1172291.340,356.630
-443721.400,-1172290.960,357.510
-443721.740,-1172290.670,357.560
-443722.050,-1172290.390,357.510
-443720.770,-1172290.820,356.310
-443721.050,-1172290.580,357.510
-443721.140,-1172290.500,357.510
-443718.540,-1172292.750,357.110
-443718.850,-1172292.480,356.980
-443719.150,-1172292.220,356.890
-443719.490,-1172291.930,356.700
-443719.790,-1172291.670,356.450
-443720.140,-1172291.370,356.310
-443720.460,-1172291.090,356.285
-443718.370,-1172292.390,356.980
-443718.650,-1172292.150,356.850
-443719.300,-1172291.590,356.360
-443719.610,-1172291.320,356.185
-443719.940,-1172291.030,356.130
-443720.260,-1172290.760,356.100
-443720.570,-1172290.490,356.110
-443719.140,-1172291.170,356.000
-443719.450,-1172290.900,355.970
-443719.770,-1172290.620,355.965
-443718.560,-1172291.280,355.940
-443718.810,-1172291.060,355.910
-443719.140,-1172290.780,355.885
-443719.450,-1172290.510,355.880
-443718.310,-1172290.810,355.840
-443718.610,-1172290.550,355.840
-443716.910,-1172299.920,355.525
-443717.850,-1172299.100,355.645
-443718.090,-1172298.900,355.710
-443718.350,-1172298.670,355.820
-443718.590,-1172298.460,355.930
-443718.820,-1172298.260,356.050
-443718.640,-1172298.950,355.655
-443715.630,-1172300.160,357.050
-443715.890,-1172299.930,357.060
-443716.160,-1172299.700,357.090
-443716.420,-1172299.480,357.090
-443716.680,-1172299.250,357.070
-443717.320,-1172298.700,355.990
-443717.570,-1172298.490,356.015
-443717.800,-1172298.280,356.115
-443718.050,-1172298.060,356.195
-443718.290,-1172297.860,356.330
-443718.520,-1172297.660,356.440
-443714.470,-1172299.840,357.100
-443714.750,-1172299.600,357.130
-443715.020,-1172299.370,357.180
-443715.300,-1172299.130,357.230
-443715.570,-1172298.900,357.260
-443715.830,-1172298.670,357.310
-443716.090,-1172298.450,357.340
-443716.340,-1172298.230,357.330
-443716.610,-1172298.000,357.285
-443716.860,-1172297.780,356.775
-443717.120,-1172297.560,356.770
-443717.370,-1172297.340,356.790
-443717.610,-1172297.130,356.850
-443717.860,-1172296.910,356.940
-443718.110,-1172296.700,357.040
-443718.360,-1172296.480,357.165
-443718.610,-1172296.270,357.280
-443714.920,-1172300.170,357.060
-443715.170,-1172299.950,357.080
-443715.440,-1172299.720,357.100
-443715.690,-1172299.510,357.140
-443715.950,-1172299.280,357.170
-443716.230,-1172299.040,357.210
-443716.480,-1172298.820,357.210
-443716.760,-1172298.580,356.880
-443717.330,-1172298.090,356.360
-443717.600,-1172297.860,356.450
-443717.840,-1172297.650,356.520
-443718.070,-1172297.440,356.600
-443718.320,-1172297.230,356.725
-443718.570,-1172297.020,356.820
-443713.520,-1172300.200,357.080
-443713.760,-1172299.990,357.095
-443714.020,-1172299.770,357.130
-443714.300,-1172299.530,357.160
-443714.550,-1172299.310,357.195
-443714.830,-1172299.070,357.240
-443715.100,-1172298.840,357.280
-443715.360,-1172298.610,357.315
-443715.620,-1172298.390,357.365
-443715.880,-1172298.160,357.410
-443716.160,-1172297.920,357.430
-443716.430,-1172297.680,357.450
-443716.700,-1172297.450,357.100
-443717.160,-1172297.050,357.010
-443717.400,-1172296.850,357.060
-443717.640,-1172296.640,357.130
-443717.860,-1172296.450,357.210
-443718.130,-1172296.220,357.325
-443718.390,-1172296.000,357.465
-443718.620,-1172295.790,357.590
-443713.950,-1172300.290,357.080
-443714.210,-1172300.060,357.080
-443713.050,-1172299.860,357.035
-443713.280,-1172299.660,357.090
-443713.540,-1172299.430,357.160
-443713.790,-1172299.210,357.240
-443714.050,-1172298.990,357.285
-443714.340,-1172298.750,357.325
-443714.590,-1172298.530,357.375
-443714.840,-1172298.310,357.410
-443715.110,-1172298.080,357.460
-443715.380,-1172297.850,357.490
-443715.640,-1172297.620,357.530
-443715.910,-1172297.390,357.585
-443716.180,-1172297.160,357.600
-443716.430,-1172296.930,357.580
-443716.700,-1172296.700,357.525
-443717.080,-1172296.370,357.430
-443717.340,-1172296.150,357.490
-443717.600,-1172295.930,357.600
-443717.840,-1172295.720,357.720
-443718.090,-1172295.500,357.840
-443718.330,-1172295.300,357.960
-443718.560,-1172295.100,357.975
-443713.040,-1172299.320,357.085
-443713.310,-1172299.090,357.255
-443713.570,-1172298.870,357.330
-443713.850,-1172298.630,357.370
-443714.110,-1172298.400,357.400
-443714.360,-1172298.180,357.420
-443714.610,-1172297.960,357.490
-443714.870,-1172297.740,357.530
-443715.160,-1172297.490,357.580
-443715.410,-1172297.270,357.610
-443715.650,-1172297.060,357.670
-443715.940,-1172296.820,357.710
-443716.170,-1172296.620,357.700
-443716.450,-1172296.380,357.710
-443716.790,-1172296.080,357.750
-443717.040,-1172295.860,357.780
-443717.290,-1172295.650,357.850
-443717.540,-1172295.430,357.940
-443717.800,-1172295.210,357.990
-443718.030,-1172295.010,358.005
-443718.270,-1172294.800,357.995
-443717.770,-1172294.100,357.820
-443718.080,-1172293.830,357.670
-443718.390,-1172293.560,357.500
-443713.020,-1172298.660,357.280
-443713.300,-1172298.420,357.380
-443713.560,-1172298.190,357.435
-443713.840,-1172297.950,357.490
-443714.100,-1172297.720,357.530
-443714.360,-1172297.500,357.570
-443714.610,-1172297.280,357.610
-443714.900,-1172297.030,357.655
-443715.160,-1172296.810,357.700
-443715.410,-1172296.600,357.775
-443715.660,-1172296.380,357.810
-443715.910,-1172296.160,357.835
-443716.190,-1172295.920,357.890
-443716.420,-1172295.720,357.915
-443716.710,-1172295.470,357.980
-443716.970,-1172295.240,357.990
-443717.200,-1172295.040,358.010
-443717.440,-1172294.840,358.010
-443717.780,-1172294.550,357.990
-443718.090,-1172294.270,357.950
-443718.400,-1172294.010,357.840
-443713.390,-1172297.200,357.655
-443713.650,-1172296.980,357.690
-443713.920,-1172296.750,357.740
-443714.430,-1172296.300,357.840
-443714.720,-1172296.050,357.930
-443714.940,-1172295.860,357.960
-443715.210,-1172295.630,358.010
-443715.500,-1172295.380,358.025
-443715.750,-1172295.160,358.030
-443716.650,-1172294.390,357.855
-443716.980,-1172294.100,357.750
-443717.280,-1172293.840,357.605
-443717.590,-1172293.570,357.460
-443717.920,-1172293.290,357.310
-443718.210,-1172293.030,357.200
-443712.920,-1172298.290,357.335
-443713.170,-1172298.070,357.430
-443713.420,-1172297.860,357.510
-443713.700,-1172297.610,357.565
-443713.980,-1172297.370,357.590
-443714.230,-1172297.160,357.640
-443714.500,-1172296.930,357.670
-443714.780,-1172296.680,357.740
-443715.050,-1172296.450,357.815
-443715.290,-1172296.240,357.865
-443715.560,-1172296.010,357.930
-443715.830,-1172295.780,357.980
-443716.090,-1172295.550,357.980
-443716.340,-1172295.330,358.005
-443716.580,-1172295.120,358.010
-443716.820,-1172294.920,357.985
-443717.130,-1172294.650,357.980
-443717.450,-1172294.370,357.960
-443712.840,-1172297.180,357.525
-443713.100,-1172296.950,357.685
-443713.370,-1172296.720,357.760
-443713.640,-1172296.480,357.830
-443713.920,-1172296.240,357.870
-443714.190,-1172296.010,357.950
-443714.460,-1172295.780,358.020
-443714.710,-1172295.560,358.010
-443714.950,-1172295.350,358.030
-443715.190,-1172295.140,358.010
-443715.480,-1172294.890,358.000
-443715.810,-1172294.600,357.920
-443716.110,-1172294.340,357.760
-443716.450,-1172294.050,357.630
-443716.770,-1172293.780,357.540
-443717.110,-1172293.480,357.380
-443717.410,-1172293.220,357.230
-443717.730,-1172292.950,357.170
-443718.040,-1172292.680,357.065
-443712.860,-1172297.660,357.435
-443713.120,-1172297.430,357.550
-443712.810,-1172296.640,357.650
-443713.060,-1172296.430,357.780
-443713.340,-1172296.190,357.890
-443713.610,-1172295.950,357.980
-443713.860,-1172295.740,358.015
-443714.120,-1172295.510,358.020
-443714.370,-1172295.290,358.020
-443714.650,-1172295.050,358.010
-443714.980,-1172294.770,357.960
-443715.300,-1172294.490,357.800
-443715.640,-1172294.190,357.650
-443715.950,-1172293.930,357.510
-443716.240,-1172293.670,357.410
-443716.560,-1172293.400,357.230
-443716.880,-1172293.120,357.125
-443717.210,-1172292.840,357.030
-443717.510,-1172292.580,356.920
-443717.820,-1172292.310,356.880
-443718.200,-1172291.980,356.800
-443711.670,-1172296.550,355.840
-443711.920,-1172296.330,355.990
-443712.150,-1172296.140,356.180
-443712.400,-1172295.920,356.445
-443712.690,-1172295.670,357.890
-443712.940,-1172295.450,357.960
-443713.190,-1172295.240,357.990
-443713.500,-1172294.970,357.975
-443713.830,-1172294.680,357.845
-443714.130,-1172294.420,357.700
-443714.470,-1172294.130,357.550
-443714.760,-1172293.870,357.380
-443715.090,-1172293.600,357.285
-443715.420,-1172293.310,357.135
-443715.730,-1172293.030,356.990
-443716.040,-1172292.770,356.830
-443716.350,-1172292.500,356.710
-443716.690,-1172292.210,356.600
-443717.010,-1172291.930,356.410
-443717.720,-1172291.320,355.915
-443718.020,-1172291.060,355.870
-443712.260,-1172296.730,355.810
-443712.500,-1172296.530,356.060
-443712.730,-1172296.330,357.700
-443712.990,-1172296.100,357.875
-443713.240,-1172295.880,357.970
-443713.510,-1172295.650,358.010
-443713.750,-1172295.440,358.010
-443714.000,-1172295.230,358.010
-443714.330,-1172294.940,357.990
-443714.670,-1172294.650,357.870
-443714.960,-1172294.400,357.750
-443715.270,-1172294.120,357.605
-443715.600,-1172293.840,357.465
-443715.920,-1172293.560,357.330
-443716.230,-1172293.290,357.180
-443716.570,-1172293.000,357.030
-443716.900,-1172292.710,356.880
-443717.200,-1172292.460,356.850
-443718.160,-1172291.620,356.000
-443710.750,-1172296.790,355.750
-443710.990,-1172296.590,355.820
-443711.240,-1172296.370,355.940
-443711.480,-1172296.160,356.075
-443711.720,-1172295.960,356.190
-443711.990,-1172295.720,356.420
-443712.210,-1172295.540,356.625
-443712.570,-1172295.220,357.710
-443712.900,-1172294.940,357.825
-443713.230,-1172294.650,357.800
-443713.520,-1172294.400,357.660
-443713.850,-1172294.110,357.490
-443714.170,-1172293.830,357.330
-443714.470,-1172293.570,357.200
-443714.780,-1172293.310,357.100
-443715.080,-1172293.040,356.960
-443715.410,-1172292.760,356.810
-443715.710,-1172292.500,356.710
-443716.030,-1172292.220,356.550
-443716.360,-1172291.940,356.370
-443716.670,-1172291.670,356.150
-443717.000,-1172291.390,355.945
-443717.340,-1172291.090,355.880
-443717.640,-1172290.830,355.820
-443717.940,-1172290.570,355.815
-443711.410,-1172296.780,355.720
-443710.660,-1172296.280,356.045
-443710.880,-1172296.090,356.150
-443711.120,-1172295.880,356.260
-443711.390,-1172295.650,356.400
-443711.660,-1172295.420,356.505
-443711.870,-1172295.230,356.690
-443712.120,-1172295.020,356.985
-443712.670,-1172294.540,357.425
-443712.990,-1172294.260,357.480
-443713.330,-1172293.970,357.370
-443713.650,-1172293.690,357.260
-443713.970,-1172293.410,357.140
-443714.280,-1172293.140,356.990
-443714.600,-1172292.860,356.870
-443714.920,-1172292.590,356.710
-443715.230,-1172292.320,356.610
-443715.560,-1172292.030,356.430
-443715.870,-1172291.760,356.250
-443716.160,-1172291.520,356.110
-443716.480,-1172291.240,355.940
-443716.810,-1172290.950,355.850
-443717.120,-1172290.680,355.780
-443710.720,-1172295.810,356.370
-443710.960,-1172295.600,356.485
-443711.200,-1172295.390,356.580
-443711.440,-1172295.180,356.685
-443711.690,-1172294.970,356.840
-443711.940,-1172294.750,357.115
-443712.200,-1172294.530,357.250
-443712.440,-1172294.320,357.280
-443712.630,-1172294.150,357.285
-443712.950,-1172293.870,357.260
-443713.270,-1172293.600,357.200
-443713.560,-1172293.350,357.080
-443713.890,-1172293.070,356.975
-443714.220,-1172292.770,356.820
-443714.520,-1172292.510,356.705
-443714.860,-1172292.220,356.495
-443715.180,-1172291.950,356.320
-443715.510,-1172291.660,356.150
-443715.830,-1172291.390,355.950
-443716.150,-1172291.110,355.870
-443716.460,-1172290.830,355.810
-443711.670,-1172293.850,357.120
-443712.010,-1172293.560,357.090
-443712.320,-1172293.290,356.950
-443712.640,-1172293.010,356.810
-443712.970,-1172292.730,356.700
-443713.270,-1172292.460,356.510
-443713.910,-1172291.910,356.120
-443714.240,-1172291.620,355.980
-443714.570,-1172291.340,355.915
-443714.900,-1172291.050,355.800
-443715.230,-1172290.770,355.700
-443710.580,-1172295.290,356.680
-443710.780,-1172295.120,356.760
-443711.030,-1172294.900,356.850
-443711.270,-1172294.690,357.010
-443711.530,-1172294.470,357.090
-443711.780,-1172294.250,357.145
-443712.010,-1172294.050,357.155
-443712.300,-1172293.790,357.160
-443712.640,-1172293.510,357.110
-443712.950,-1172293.230,356.960
-443713.270,-1172292.960,356.870
-443714.260,-1172292.100,356.295
-443714.570,-1172291.840,356.155
-443714.880,-1172291.570,356.060
-443715.200,-1172291.290,355.920
-443715.520,-1172291.010,355.790
-443710.550,-1172294.190,357.115
-443710.880,-1172293.910,357.095
-443711.210,-1172293.620,357.115
-443711.520,-1172293.350,356.970
-443711.800,-1172293.110,356.855
-443712.110,-1172292.840,356.700
-443712.450,-1172292.540,356.485
-443712.760,-1172292.280,356.320
-443713.060,-1172292.020,356.140
-443713.390,-1172291.730,356.020
-443713.710,-1172291.450,355.870
-443714.020,-1172291.180,355.810
-443714.350,-1172290.900,355.730
-443710.670,-1172294.720,357.025
-443710.900,-1172294.520,357.060
-443711.160,-1172294.290,357.110
-443711.390,-1172294.090,357.120
-443710.450,-1172293.810,357.115
-443710.770,-1172293.530,357.030
-443711.100,-1172293.250,356.920
-443711.400,-1172292.990,356.810
-443711.720,-1172292.710,356.630
-443712.060,-1172292.420,356.370
-443712.360,-1172292.150,356.250
-443712.690,-1172291.870,356.070
-443712.990,-1172291.600,355.900
-443713.310,-1172291.330,355.830
-443713.620,-1172291.060,355.780
-443710.360,-1172293.090,356.780
-443710.610,-1172292.860,356.730
-443711.580,-1172292.020,355.990
-443711.900,-1172291.750,355.950
-443712.250,-1172291.450,355.835
-443712.580,-1172291.160,355.685
-443710.240,-1172291.950,355.840
-443710.500,-1172291.730,355.760
-443710.830,-1172291.430,355.620
-443710.320,-1172292.600,356.205
-443710.600,-1172292.360,356.010
-443710.960,-1172292.040,355.930
-443711.250,-1172291.790,355.870
-443711.540,-1172291.540,355.760
-443711.840,-1172291.280,355.650
