-579467.920,-1266060.150,176.160
-579467.750,-1266059.850,176.160
-579467.950,-1266059.570,176.150
-579467.760,-1266059.300,176.155
-579467.960,-1266059.020,176.135
-579467.800,-1266058.780,176.150
-579467.560,-1266060.110,176.180
-579466.810,-1266060.640,176.270
-579467.000,-1266060.370,176.230
-579467.190,-1266060.100,176.225
-579467.370,-1266059.850,176.210
-579467.580,-1266059.550,176.170
-579466.480,-1266060.650,176.300
-579466.670,-1266060.380,176.290
-579466.860,-1266060.110,176.240
-579467.050,-1266059.840,176.220
-579467.230,-1266059.580,176.210
-579467.420,-1266059.310,176.180
-579467.620,-1266059.020,176.160
-579466.070,-1266060.670,176.350
-579466.270,-1266060.380,176.320
-579466.480,-1266060.090,176.290
-579466.670,-1266059.810,176.265
-579466.860,-1266059.540,176.225
-579467.050,-1266059.280,176.210
-579467.230,-1266059.020,176.180
-579467.420,-1266058.750,176.160
-579467.620,-1266058.470,176.150
-579465.730,-1266060.640,176.400
-579465.920,-1266060.360,176.365
-579466.110,-1266060.090,176.320
-579466.320,-1266059.800,176.300
-579466.510,-1266059.530,176.270
-579466.710,-1266059.230,176.230
-579466.900,-1266058.960,176.210
-579467.090,-1266058.710,176.185
-579467.270,-1266058.440,176.160
-579467.460,-1266058.170,176.150
-579467.660,-1266057.910,176.135
-579466.100,-1266059.510,176.320
-579466.300,-1266059.230,176.290
-579466.510,-1266058.940,176.250
-579466.710,-1266058.640,176.220
-579466.890,-1266058.390,176.195
-579467.080,-1266058.120,176.170
-579467.270,-1266057.850,176.160
-579467.450,-1266057.600,176.150
-579467.650,-1266057.310,176.130
-579465.140,-1266060.880,176.460
-579465.330,-1266060.610,176.450
-579465.520,-1266060.340,176.410
-579465.710,-1266060.060,176.380
-579465.920,-1266059.770,176.345
-579464.850,-1266060.860,176.500
-579465.030,-1266060.600,176.460
-579465.230,-1266060.310,176.435
-579465.420,-1266060.040,176.410
-579465.600,-1266059.780,176.375
-579465.800,-1266059.490,176.350
-579466.010,-1266059.200,176.320
-579466.190,-1266058.940,176.290
-579466.390,-1266058.660,176.250
-579466.590,-1266058.370,176.225
-579466.790,-1266058.090,176.210
-579466.980,-1266057.820,176.190
-579467.170,-1266057.550,176.160
-579467.350,-1266057.280,176.150
-579464.530,-1266060.830,176.530
-579464.710,-1266060.570,176.500
-579464.910,-1266060.280,176.460
-579465.100,-1266060.010,176.460
-579465.300,-1266059.730,176.415
-579465.490,-1266059.470,176.385
-579465.670,-1266059.200,176.360
-579465.870,-1266058.910,176.325
-579466.070,-1266058.630,176.290
-579466.260,-1266058.360,176.260
-579466.460,-1266058.080,176.230
-579466.660,-1266057.790,176.210
-579466.860,-1266057.500,176.190
-579467.050,-1266057.240,176.160
-579467.230,-1266056.980,176.160
-579467.420,-1266056.730,176.140
-579464.060,-1266061.000,176.600
-579464.250,-1266060.750,176.565
-579464.430,-1266060.480,176.535
-579464.620,-1266060.210,176.500
-579464.800,-1266059.950,176.480
-579465.010,-1266059.660,176.445
-579465.190,-1266059.390,176.420
-579465.390,-1266059.110,176.390
-579465.580,-1266058.850,176.360
-579465.770,-1266058.580,176.330
-579465.970,-1266058.290,176.300
-579466.160,-1266058.010,176.270
-579466.350,-1266057.740,176.230
-579466.550,-1266057.450,176.210
-579466.750,-1266057.170,176.195
-579466.950,-1266056.890,176.180
-579467.140,-1266056.610,176.160
-579467.320,-1266056.360,176.140
-579463.450,-1266061.210,176.680
-579463.650,-1266060.930,176.650
-579463.850,-1266060.640,176.610
-579464.050,-1266060.350,176.590
-579464.240,-1266060.090,176.540
-579464.430,-1266059.830,176.520
-579464.610,-1266059.560,176.490
-579464.800,-1266059.300,176.460
-579465.000,-1266059.010,176.440
-579465.180,-1266058.750,176.400
-579465.380,-1266058.460,176.370
-579465.570,-1266058.200,176.340
-579465.750,-1266057.930,176.315
-579465.950,-1266057.640,176.290
-579466.160,-1266057.350,176.270
-579466.340,-1266057.090,176.230
-579466.540,-1266056.810,176.210
-579466.740,-1266056.520,176.190
-579466.940,-1266056.230,176.175
-579467.120,-1266055.980,176.145
-579467.310,-1266055.720,176.140
-579463.410,-1266060.940,176.675
-579463.590,-1266060.680,176.645
-579463.790,-1266060.390,176.610
-579463.990,-1266060.100,176.590
-579464.190,-1266059.820,176.540
-579464.380,-1266059.550,176.520
-579464.570,-1266059.280,176.490
-579464.750,-1266059.030,176.460
-579464.940,-1266058.760,176.440
-579465.140,-1266058.460,176.400
-579465.320,-1266058.210,176.370
-579465.710,-1266057.650,176.310
-579465.890,-1266057.390,176.290
-579466.090,-1266057.100,176.260
-579466.300,-1266056.810,176.230
-579466.480,-1266056.560,176.210
-579466.680,-1266056.270,176.190
-579466.880,-1266055.980,176.170
-579467.080,-1266055.690,176.150
-579467.270,-1266055.440,176.130
-579463.980,-1266059.490,176.565
-579464.190,-1266059.200,176.530
-579464.370,-1266058.930,176.500
-579464.560,-1266058.660,176.470
-579464.740,-1266058.400,176.455
-579465.130,-1266057.850,176.390
-579465.320,-1266057.580,176.360
-579465.510,-1266057.300,176.340
-579465.700,-1266057.040,176.310
-579465.890,-1266056.760,176.290
-579466.090,-1266056.480,176.260
-579466.290,-1266056.190,176.230
-579466.480,-1266055.920,176.200
-579466.670,-1266055.650,176.180
-579466.870,-1266055.360,176.155
-579467.070,-1266055.080,176.140
-579462.810,-1266061.160,176.755
-579463.000,-1266060.890,176.710
-579463.190,-1266060.610,176.685
-579463.400,-1266060.320,176.660
-579463.580,-1266060.060,176.625
-579463.780,-1266059.770,176.595
-579462.550,-1266061.120,176.760
-579462.750,-1266060.840,176.740
-579462.930,-1266060.570,176.700
-579463.120,-1266060.310,176.690
-579463.320,-1266060.020,176.660
-579463.510,-1266059.740,176.630
-579463.710,-1266059.470,176.590
-579463.900,-1266059.190,176.570
-579464.100,-1266058.900,176.520
-579464.310,-1266058.610,176.490
-579464.490,-1266058.340,176.485
-579464.670,-1266058.080,176.445
-579464.860,-1266057.820,176.430
-579465.050,-1266057.550,176.390
-579465.240,-1266057.270,176.370
-579465.440,-1266057.000,176.330
-579465.640,-1266056.710,176.310
-579465.820,-1266056.450,176.280
-579466.010,-1266056.180,176.260
-579466.210,-1266055.890,176.220
-579466.400,-1266055.620,176.200
-579466.590,-1266055.350,176.180
-579466.790,-1266055.060,176.160
-579466.990,-1266054.770,176.140
-579462.000,-1266061.300,176.850
-579462.190,-1266061.030,176.825
-579462.380,-1266060.740,176.780
-579462.570,-1266060.470,176.755
-579462.770,-1266060.190,176.715
-579462.950,-1266059.930,176.700
-579463.140,-1266059.660,176.675
-579463.340,-1266059.370,176.640
-579463.540,-1266059.080,176.610
-579463.730,-1266058.820,176.585
-579464.130,-1266058.250,176.520
-579464.330,-1266057.960,176.490
-579464.510,-1266057.700,176.465
-579464.700,-1266057.430,176.450
-579464.880,-1266057.170,176.420
-579465.070,-1266056.910,176.385
-579465.270,-1266056.610,176.350
-579465.460,-1266056.350,176.320
-579465.650,-1266056.070,176.300
-579465.840,-1266055.800,176.270
-579466.030,-1266055.530,176.240
-579466.230,-1266055.250,176.210
-579466.430,-1266054.960,176.190
-579466.610,-1266054.700,176.160
-579466.810,-1266054.420,176.150
-579467.010,-1266054.140,176.140
-579461.730,-1266061.220,176.860
-579461.910,-1266060.960,176.840
-579462.090,-1266060.710,176.830
-579462.280,-1266060.430,176.795
-579462.480,-1266060.150,176.770
-579462.660,-1266059.890,176.740
-579462.870,-1266059.590,176.700
-579463.060,-1266059.330,176.680
-579463.240,-1266059.070,176.640
-579463.440,-1266058.780,176.620
-579463.640,-1266058.490,176.580
-579463.820,-1266058.230,176.550
-579464.030,-1266057.940,176.530
-579464.230,-1266057.650,176.500
-579464.420,-1266057.370,176.470
-579464.610,-1266057.100,176.440
-579464.800,-1266056.830,176.420
-579464.980,-1266056.570,176.390
-579465.170,-1266056.300,176.365
-579465.370,-1266056.020,176.335
-579465.550,-1266055.760,176.300
-579465.750,-1266055.470,176.270
-579465.940,-1266055.200,176.240
-579466.120,-1266054.940,176.210
-579466.320,-1266054.660,176.190
-579466.530,-1266054.360,176.160
-579466.710,-1266054.100,176.160
-579466.910,-1266053.820,176.140
-579462.110,-1266060.080,176.805
-579462.300,-1266059.820,176.775
-579462.500,-1266059.530,176.750
-579462.690,-1266059.260,176.710
-579462.880,-1266058.980,176.690
-579463.070,-1266058.710,176.665
-579463.260,-1266058.440,176.630
-579463.660,-1266057.870,176.580
-579463.850,-1266057.600,176.545
-579464.040,-1266057.320,176.510
-579464.240,-1266057.030,176.490
-579464.450,-1266056.740,176.460
-579464.630,-1266056.480,176.420
-579464.820,-1266056.210,176.400
-579465.000,-1266055.950,176.380
-579465.180,-1266055.700,176.340
-579465.390,-1266055.400,176.310
-579465.570,-1266055.130,176.290
-579465.770,-1266054.840,176.250
-579465.960,-1266054.580,176.220
-579466.150,-1266054.310,176.190
-579466.340,-1266054.040,176.180
-579466.540,-1266053.740,176.160
-579466.730,-1266053.480,176.140
-579466.930,-1266053.210,176.130
-579461.150,-1266061.450,176.935
-579461.360,-1266061.160,176.920
-579461.560,-1266060.870,176.900
-579461.740,-1266060.620,176.860
-579461.930,-1266060.340,176.830
-579460.860,-1266061.380,176.980
-579461.040,-1266061.120,176.950
-579461.240,-1266060.830,176.920
-579461.450,-1266060.540,176.900
-579461.640,-1266060.260,176.880
-579461.830,-1266059.990,176.845
-579462.020,-1266059.720,176.805
-579462.200,-1266059.460,176.770
-579462.390,-1266059.200,176.750
-579462.590,-1266058.910,176.710
-579462.770,-1266058.650,176.695
-579462.970,-1266058.360,176.660
-579463.160,-1266058.090,176.650
-579463.340,-1266057.830,176.610
-579463.550,-1266057.540,176.580
-579463.750,-1266057.250,176.550
-579463.930,-1266056.990,176.515
-579464.130,-1266056.700,176.490
-579464.330,-1266056.420,176.470
-579464.530,-1266056.130,176.425
-579464.720,-1266055.870,176.405
-579464.900,-1266055.590,176.370
-579465.090,-1266055.340,176.345
-579465.270,-1266055.070,176.320
-579465.470,-1266054.780,176.290
-579465.660,-1266054.520,176.265
-579465.860,-1266054.230,176.220
-579466.040,-1266053.970,176.190
-579466.230,-1266053.700,176.180
-579466.430,-1266053.420,176.170
-579466.630,-1266053.130,176.140
-579466.810,-1266052.870,176.130
-579460.340,-1266061.620,177.020
-579460.520,-1266061.360,177.010
-579460.720,-1266061.070,176.990
-579460.920,-1266060.790,176.970
-579461.110,-1266060.520,176.930
-579461.310,-1266060.230,176.900
-579461.510,-1266059.950,176.880
-579461.710,-1266059.660,176.850
-579461.890,-1266059.400,176.830
-579462.080,-1266059.140,176.780
-579462.270,-1266058.860,176.755
-579462.450,-1266058.600,176.730
-579462.650,-1266058.320,176.700
-579462.840,-1266058.050,176.680
-579463.040,-1266057.760,176.630
-579463.220,-1266057.500,176.610
-579463.410,-1266057.230,176.590
-579463.610,-1266056.940,176.560
-579463.800,-1266056.660,176.530
-579463.990,-1266056.390,176.500
-579464.190,-1266056.100,176.480
-579464.390,-1266055.830,176.440
-579464.590,-1266055.530,176.410
-579464.780,-1266055.270,176.390
-579464.960,-1266055.010,176.350
-579465.150,-1266054.740,176.310
-579465.340,-1266054.470,176.290
-579465.530,-1266054.200,176.270
-579465.720,-1266053.920,176.240
-579465.920,-1266053.640,176.210
-579466.100,-1266053.380,176.180
-579466.290,-1266053.110,176.160
-579466.490,-1266052.820,176.155
-579466.690,-1266052.530,176.125
-579460.410,-1266061.030,177.010
-579460.590,-1266060.770,176.990
-579460.790,-1266060.490,176.980
-579460.990,-1266060.200,176.940
-579461.180,-1266059.930,176.910
-579461.380,-1266059.650,176.890
-579461.580,-1266059.350,176.850
-579461.780,-1266059.070,176.830
-579461.960,-1266058.810,176.790
-579462.340,-1266058.270,176.745
-579462.520,-1266058.010,176.720
-579462.720,-1266057.720,176.680
-579462.910,-1266057.450,176.660
-579463.100,-1266057.170,176.620
-579463.290,-1266056.900,176.600
-579463.480,-1266056.640,176.575
-579463.680,-1266056.350,176.545
-579463.880,-1266056.070,176.505
-579464.070,-1266055.800,176.490
-579464.260,-1266055.510,176.455
-579464.460,-1266055.230,176.420
-579464.670,-1266054.940,176.395
-579464.850,-1266054.670,176.350
-579465.030,-1266054.410,176.330
-579465.220,-1266054.140,176.295
-579465.400,-1266053.880,176.275
-579465.600,-1266053.600,176.240
-579465.790,-1266053.330,176.215
-579465.990,-1266053.040,176.180
-579466.170,-1266052.780,176.170
-579466.360,-1266052.510,176.160
-579466.560,-1266052.230,176.135
-579466.760,-1266051.960,176.120
-579466.600,-1266051.650,176.130
-579460.020,-1266061.590,177.070
-579460.220,-1266061.310,177.045
-579459.690,-1266061.550,177.080
-579459.880,-1266061.280,177.070
-579460.070,-1266061.010,177.050
-579460.270,-1266060.720,177.030
-579460.450,-1266060.450,177.000
-579460.640,-1266060.180,176.980
-579460.850,-1266059.900,176.970
-579461.040,-1266059.620,176.920
-579461.230,-1266059.350,176.895
-579461.430,-1266059.060,176.870
-579461.630,-1266058.780,176.835
-579461.830,-1266058.490,176.800
-579462.020,-1266058.220,176.770
-579462.200,-1266057.960,176.750
-579462.380,-1266057.690,176.720
-579462.570,-1266057.420,176.690
-579462.770,-1266057.140,176.660
-579462.950,-1266056.880,176.630
-579463.160,-1266056.590,176.620
-579463.340,-1266056.320,176.590
-579463.530,-1266056.050,176.560
-579463.730,-1266055.770,176.520
-579463.930,-1266055.490,176.500
-579464.110,-1266055.220,176.475
-579464.310,-1266054.920,176.430
-579464.510,-1266054.640,176.400
-579464.710,-1266054.360,176.365
-579464.890,-1266054.100,176.350
-579465.080,-1266053.830,176.310
-579465.260,-1266053.570,176.290
-579465.450,-1266053.290,176.270
-579465.650,-1266053.010,176.230
-579465.830,-1266052.750,176.200
-579466.030,-1266052.470,176.180
-579466.220,-1266052.190,176.155
-579466.400,-1266051.930,176.135
-579459.070,-1266061.720,177.050
-579459.260,-1266061.440,177.060
-579459.450,-1266061.160,177.075
-579459.630,-1266060.890,177.090
-579459.830,-1266060.610,177.080
-579460.020,-1266060.340,177.060
-579460.220,-1266060.060,177.030
-579460.400,-1266059.790,177.000
-579460.590,-1266059.520,176.980
-579460.790,-1266059.240,176.950
-579460.990,-1266058.960,176.920
-579461.180,-1266058.690,176.890
-579461.380,-1266058.390,176.870
-579461.580,-1266058.110,176.830
-579461.770,-1266057.830,176.800
-579461.960,-1266057.560,176.770
-579462.330,-1266057.020,176.720
-579462.520,-1266056.760,176.680
-579462.720,-1266056.480,176.665
-579462.900,-1266056.220,176.630
-579463.100,-1266055.930,176.610
-579463.290,-1266055.660,176.585
-579463.470,-1266055.390,176.555
-579463.670,-1266055.110,176.520
-579463.870,-1266054.820,176.500
-579464.050,-1266054.560,176.475
-579464.260,-1266054.270,176.420
-579464.460,-1266053.980,176.400
-579464.650,-1266053.710,176.375
-579464.840,-1266053.430,176.335
-579465.030,-1266053.170,176.310
-579465.210,-1266052.910,176.280
-579465.400,-1266052.630,176.250
-579465.600,-1266052.350,176.220
-579465.780,-1266052.090,176.190
-579465.980,-1266051.800,176.170
-579466.170,-1266051.530,176.160
-579466.350,-1266051.270,176.130
-579460.500,-1266059.250,176.980
-579460.680,-1266058.990,176.950
-579460.880,-1266058.700,176.920
-579461.080,-1266058.420,176.890
-579461.260,-1266058.150,176.870
-579461.470,-1266057.860,176.840
-579461.670,-1266057.570,176.800
-579461.870,-1266057.290,176.770
-579462.050,-1266057.020,176.750
-579462.240,-1266056.760,176.720
-579462.420,-1266056.490,176.690
-579462.610,-1266056.220,176.650
-579462.810,-1266055.930,176.620
-579462.990,-1266055.670,176.600
-579463.190,-1266055.390,176.585
-579463.380,-1266055.120,176.560
-579463.560,-1266054.860,176.525
-579463.760,-1266054.570,176.500
-579463.960,-1266054.280,176.470
-579464.150,-1266054.020,176.440
-579464.350,-1266053.730,176.400
-579464.550,-1266053.440,176.360
-579464.750,-1266053.150,176.345
-579464.930,-1266052.900,176.310
-579465.120,-1266052.630,176.280
-579465.300,-1266052.360,176.260
-579465.490,-1266052.100,176.220
-579465.690,-1266051.810,176.190
-579465.870,-1266051.550,176.170
-579466.070,-1266051.260,176.160
-579466.260,-1266051.000,176.140
-579466.440,-1266050.740,176.115
-579458.780,-1266061.740,177.035
-579458.980,-1266061.450,177.050
-579459.170,-1266061.170,177.075
-579459.360,-1266060.890,177.080
-579459.540,-1266060.620,177.090
-579459.730,-1266060.350,177.085
-579459.930,-1266060.070,177.060
-579460.110,-1266059.810,177.040
-579460.310,-1266059.520,177.000
-579458.240,-1266062.010,176.970
-579458.440,-1266061.740,177.010
-579458.640,-1266061.440,177.010
-579458.830,-1266061.150,177.040
-579459.040,-1266060.850,177.080
-579459.410,-1266060.300,177.085
-579459.600,-1266060.040,177.080
-579459.790,-1266059.770,177.070
-579459.980,-1266059.480,177.040
-579460.170,-1266059.220,177.010
-579460.370,-1266058.930,176.980
-579460.550,-1266058.670,176.980
-579460.740,-1266058.400,176.920
-579460.940,-1266058.110,176.900
-579461.140,-1266057.820,176.880
-579461.320,-1266057.560,176.860
-579461.520,-1266057.270,176.825
-579461.730,-1266056.980,176.780
-579461.920,-1266056.700,176.760
-579462.110,-1266056.440,176.720
-579462.290,-1266056.170,176.700
-579462.480,-1266055.910,176.680
-579462.660,-1266055.650,176.640
-579462.870,-1266055.350,176.620
-579463.050,-1266055.080,176.590
-579463.250,-1266054.800,176.560
-579463.430,-1266054.530,176.540
-579463.620,-1266054.270,176.520
-579463.810,-1266053.990,176.480
-579464.020,-1266053.690,176.445
-579464.200,-1266053.430,176.425
-579464.400,-1266053.150,176.390
-579464.600,-1266052.850,176.350
-579464.800,-1266052.560,176.310
-579464.980,-1266052.310,176.290
-579465.170,-1266052.040,176.270
-579465.360,-1266051.780,176.240
-579465.540,-1266051.520,176.200
-579465.740,-1266051.220,176.180
-579465.930,-1266050.960,176.170
-579466.120,-1266050.670,176.140
-579466.310,-1266050.400,176.140
-579466.500,-1266050.150,176.115
-579458.070,-1266061.710,176.940
-579458.270,-1266061.410,176.975
-579458.450,-1266061.140,177.005
-579459.060,-1266060.240,177.080
-579459.250,-1266059.970,177.080
-579459.440,-1266059.690,177.075
-579459.620,-1266059.440,177.080
-579459.800,-1266059.170,177.060
-579460.010,-1266058.880,177.030
-579460.190,-1266058.610,176.990
-579460.390,-1266058.330,176.980
-579460.570,-1266058.070,176.950
-579460.760,-1266057.800,176.920
-579460.960,-1266057.510,176.890
-579461.160,-1266057.220,176.860
-579461.340,-1266056.960,176.830
-579461.540,-1266056.670,176.800
-579461.740,-1266056.390,176.780
-579461.940,-1266056.100,176.740
-579462.130,-1266055.830,176.720
-579462.310,-1266055.570,176.680
-579462.500,-1266055.300,176.650
-579462.680,-1266055.040,176.635
-579462.880,-1266054.750,176.605
-579463.070,-1266054.480,176.570
-579463.270,-1266054.200,176.550
-579463.450,-1266053.940,176.540
-579463.640,-1266053.670,176.500
-579463.840,-1266053.370,176.470
-579464.030,-1266053.100,176.450
-579464.220,-1266052.830,176.400
-579464.420,-1266052.540,176.375
-579464.620,-1266052.260,176.330
-579464.820,-1266051.970,176.310
-579465.010,-1266051.700,176.275
-579465.190,-1266051.450,176.250
-579465.380,-1266051.170,176.215
-579465.560,-1266050.900,176.190
-579465.760,-1266050.630,176.170
-579465.940,-1266050.360,176.160
-579466.150,-1266050.070,176.140
-579466.320,-1266049.820,176.130
-579463.070,-1266053.840,176.570
-579463.270,-1266053.560,176.540
-579463.460,-1266053.290,176.530
-579463.640,-1266053.020,176.480
-579463.840,-1266052.740,176.450
-579464.040,-1266052.450,176.420
-579464.230,-1266052.190,176.390
-579464.420,-1266051.910,176.360
-579464.620,-1266051.620,176.330
-579464.830,-1266051.330,176.300
-579465.010,-1266051.070,176.260
-579465.190,-1266050.800,176.245
-579465.380,-1266050.530,176.210
-579465.560,-1266050.270,176.180
-579465.760,-1266049.980,176.170
-579465.950,-1266049.710,176.150
-579466.150,-1266049.430,176.135
-579466.330,-1266049.180,176.120
-579457.500,-1266061.910,176.865
-579457.680,-1266061.650,176.900
-579457.870,-1266061.360,176.920
-579458.270,-1266060.770,176.980
-579458.460,-1266060.490,177.010
-579458.670,-1266060.190,177.040
-579458.870,-1266059.890,177.065
-579459.070,-1266059.600,177.080
-579459.260,-1266059.320,177.080
-579459.440,-1266059.060,177.080
-579459.620,-1266058.800,177.070
-579459.810,-1266058.530,177.050
-579460.010,-1266058.240,177.020
-579460.190,-1266057.980,176.980
-579460.400,-1266057.690,176.960
-579460.580,-1266057.420,176.930
-579460.760,-1266057.160,176.910
-579460.970,-1266056.870,176.880
-579461.160,-1266056.580,176.850
-579461.350,-1266056.320,176.815
-579461.550,-1266056.030,176.790
-579461.750,-1266055.740,176.760
-579461.950,-1266055.450,176.730
-579462.130,-1266055.200,176.710
-579462.320,-1266054.920,176.680
-579462.510,-1266054.660,176.650
-579462.680,-1266054.400,176.630
-579462.890,-1266054.100,176.590
-579457.160,-1266061.880,176.830
-579457.350,-1266061.610,176.850
-579457.550,-1266061.310,176.880
-579457.740,-1266061.030,176.910
-579457.920,-1266060.760,176.940
-579458.120,-1266060.470,176.965
-579458.330,-1266060.160,177.005
-579458.520,-1266059.890,177.030
-579458.710,-1266059.600,177.065
-579458.920,-1266059.300,177.080
-579459.120,-1266058.980,177.080
-579459.300,-1266058.730,177.090
-579459.490,-1266058.450,177.090
-579459.680,-1266058.200,177.050
-579459.860,-1266057.940,177.030
-579460.060,-1266057.640,176.990
-579460.250,-1266057.370,176.980
-579460.440,-1266057.090,176.940
-579460.630,-1266056.830,176.925
-579460.810,-1266056.560,176.890
-579461.010,-1266056.280,176.870
-579461.210,-1266055.980,176.830
-579461.400,-1266055.720,176.810
-579461.590,-1266055.440,176.780
-579461.800,-1266055.150,176.740
-579462.000,-1266054.850,176.720
-579462.180,-1266054.590,176.695
-579462.370,-1266054.330,176.660
-579462.550,-1266054.060,176.640
-579462.740,-1266053.800,176.610
-579462.940,-1266053.510,176.580
-579463.120,-1266053.240,176.550
-579463.320,-1266052.960,176.520
-579463.510,-1266052.690,176.500
-579463.690,-1266052.430,176.470
-579463.890,-1266052.140,176.440
-579464.090,-1266051.850,176.400
-579464.270,-1266051.590,176.370
-579464.480,-1266051.300,176.340
-579464.670,-1266051.020,176.310
-579464.870,-1266050.720,176.280
-579465.060,-1266050.460,176.250
-579465.240,-1266050.200,176.220
-579465.430,-1266049.930,176.200
-579465.610,-1266049.670,176.180
-579465.810,-1266049.390,176.160
-579466.000,-1266049.120,176.150
-579466.190,-1266048.850,176.120
-579460.520,-1266056.500,176.930
-579460.710,-1266056.240,176.900
-579460.890,-1266055.980,176.875
-579461.090,-1266055.690,176.850
-579461.290,-1266055.390,176.815
-579461.470,-1266055.130,176.790
-579461.680,-1266054.840,176.760
-579461.880,-1266054.560,176.730
-579462.070,-1266054.270,176.710
-579462.260,-1266054.000,176.670
-579462.450,-1266053.730,176.640
-579462.630,-1266053.480,176.620
-579462.810,-1266053.210,176.590
-579463.010,-1266052.930,176.560
-579463.200,-1266052.660,176.530
-579463.400,-1266052.370,176.490
-579463.580,-1266052.110,176.470
-579463.770,-1266051.840,176.445
-579463.970,-1266051.560,176.420
-579464.170,-1266051.260,176.370
-579464.350,-1266051.000,176.345
-579464.550,-1266050.720,176.320
-579464.750,-1266050.430,176.300
-579464.950,-1266050.140,176.250
-579465.130,-1266049.880,176.240
-579465.310,-1266049.620,176.200
-579465.500,-1266049.350,176.180
-579465.690,-1266049.080,176.170
-579465.880,-1266048.800,176.160
-579456.850,-1266061.870,176.810
-579457.040,-1266061.590,176.830
-579457.240,-1266061.290,176.830
-579457.420,-1266061.020,176.855
-579457.630,-1266060.720,176.910
-579457.820,-1266060.440,176.920
-579458.000,-1266060.170,176.950
-579458.210,-1266059.870,176.995
-579458.410,-1266059.570,177.030
-579458.590,-1266059.300,177.040
-579458.800,-1266058.990,177.070
-579459.000,-1266058.690,177.090
-579459.200,-1266058.400,177.090
-579459.390,-1266058.140,177.090
-579459.570,-1266057.870,177.060
-579459.750,-1266057.620,177.040
-579459.940,-1266057.340,177.020
-579460.140,-1266057.060,176.980
-579460.320,-1266056.800,176.950
-579456.480,-1266061.790,176.740
-579456.660,-1266061.510,176.760
-579456.850,-1266061.230,176.805
-579457.040,-1266060.960,176.820
-579457.240,-1266060.660,176.845
-579457.430,-1266060.390,176.870
-579457.630,-1266060.090,176.910
-579457.820,-1266059.810,176.940
-579458.000,-1266059.540,176.970
-579458.200,-1266059.240,177.000
-579458.410,-1266058.940,177.030
-579458.590,-1266058.660,177.070
-579458.790,-1266058.370,177.085
-579459.000,-1266058.060,177.095
-579459.200,-1266057.770,177.090
-579459.380,-1266057.510,177.085
-579459.570,-1266057.250,177.055
-579459.750,-1266056.970,177.030
-579459.930,-1266056.720,177.000
-579460.140,-1266056.430,176.965
-579460.320,-1266056.160,176.930
-579460.520,-1266055.880,176.920
-579460.710,-1266055.610,176.890
-579460.890,-1266055.340,176.870
-579461.090,-1266055.060,176.830
-579461.290,-1266054.770,176.810
-579461.470,-1266054.500,176.790
-579461.670,-1266054.220,176.755
-579461.870,-1266053.930,176.710
-579462.070,-1266053.640,176.690
-579462.260,-1266053.380,176.650
-579462.440,-1266053.120,176.640
-579462.630,-1266052.840,176.620
-579462.810,-1266052.590,176.570
-579463.010,-1266052.300,176.540
-579463.200,-1266052.030,176.520
-579463.580,-1266051.480,176.450
-579463.770,-1266051.210,176.420
-579463.960,-1266050.930,176.400
-579464.160,-1266050.640,176.370
-579464.350,-1266050.370,176.340
-579464.550,-1266050.090,176.320
-579464.740,-1266049.810,176.280
-579464.940,-1266049.520,176.240
-579465.130,-1266049.250,176.220
-579465.310,-1266048.980,176.190
-579465.500,-1266048.720,176.180
-579465.680,-1266048.460,176.170
-579465.880,-1266048.170,176.155
-579466.060,-1266047.920,176.130
-579459.430,-1266056.860,177.060
-579459.620,-1266056.600,177.040
-579459.800,-1266056.340,177.010
-579459.990,-1266056.070,176.970
-579460.190,-1266055.770,176.950
-579460.370,-1266055.520,176.930
-579460.570,-1266055.230,176.900
-579460.760,-1266054.960,176.880
-579460.940,-1266054.700,176.845
-579461.140,-1266054.410,176.815
-579461.340,-1266054.120,176.790
-579461.520,-1266053.860,176.770
-579461.720,-1266053.570,176.730
-579461.920,-1266053.280,176.690
-579462.120,-1266053.000,176.665
-579462.310,-1266052.730,176.645
-579462.490,-1266052.460,176.620
-579462.680,-1266052.200,176.585
-579462.860,-1266051.940,176.550
-579463.060,-1266051.650,176.520
-579463.250,-1266051.380,176.490
-579463.450,-1266051.100,176.470
-579463.630,-1266050.830,176.440
-579463.810,-1266050.570,176.410
-579464.020,-1266050.280,176.370
-579464.210,-1266050.000,176.345
-579464.400,-1266049.730,176.330
-579464.600,-1266049.440,176.305
-579464.790,-1266049.160,176.260
-579465.000,-1266048.860,176.240
-579465.180,-1266048.600,176.200
-579465.360,-1266048.340,176.180
-579465.550,-1266048.070,176.175
-579465.740,-1266047.810,176.160
-579465.930,-1266047.530,176.125
-579456.350,-1266061.400,176.735
-579456.530,-1266061.130,176.755
-579456.720,-1266060.850,176.790
-579456.910,-1266060.580,176.810
-579457.100,-1266060.300,176.840
-579457.300,-1266060.000,176.870
-579457.480,-1266059.730,176.905
-579457.690,-1266059.430,176.945
-579457.880,-1266059.150,176.970
-579458.050,-1266058.880,176.995
-579458.260,-1266058.580,177.030
-579458.470,-1266058.280,177.065
-579458.640,-1266058.010,177.095
-579458.850,-1266057.710,177.100
-579459.050,-1266057.410,177.090
-579459.250,-1266057.140,177.090
-579455.410,-1266062.280,176.585
-579455.800,-1266061.710,176.665
-579456.000,-1266061.410,176.710
-579456.200,-1266061.110,176.725
-579456.400,-1266060.810,176.740
-579456.590,-1266060.540,176.780
-579456.770,-1266060.260,176.810
-579456.960,-1266059.990,176.840
-579457.150,-1266059.710,176.860
-579457.350,-1266059.420,176.890
-579457.540,-1266059.140,176.920
-579457.740,-1266058.840,176.960
-579457.920,-1266058.560,176.990
-579458.110,-1266058.280,177.020
-579458.310,-1266057.990,177.060
-579458.510,-1266057.700,177.085
-579458.700,-1266057.410,177.090
-579458.900,-1266057.110,177.090
-579459.100,-1266056.840,177.085
-579459.300,-1266056.540,177.070
-579459.490,-1266056.280,177.050
-579459.670,-1266056.020,177.020
-579459.860,-1266055.750,176.990
-579460.040,-1266055.480,176.960
-579460.240,-1266055.200,176.930
-579460.420,-1266054.920,176.910
-579460.620,-1266054.640,176.890
-579460.810,-1266054.380,176.860
-579460.990,-1266054.110,176.830
-579461.190,-1266053.820,176.800
-579461.390,-1266053.530,176.780
-579461.570,-1266053.280,176.740
-579461.780,-1266052.990,176.705
-579461.970,-1266052.700,176.675
-579462.170,-1266052.410,176.650
-579462.360,-1266052.140,176.620
-579462.540,-1266051.880,176.590
-579462.730,-1266051.620,176.575
-579462.910,-1266051.350,176.530
-579463.110,-1266051.070,176.500
-579463.300,-1266050.790,176.480
-579463.500,-1266050.510,176.440
-579463.680,-1266050.250,176.420
-579463.860,-1266049.980,176.380
-579464.070,-1266049.690,176.360
-579464.260,-1266049.400,176.330
-579464.450,-1266049.140,176.310
-579464.650,-1266048.860,176.270
-579464.850,-1266048.570,176.240
-579465.040,-1266048.290,176.205
-579465.230,-1266048.020,176.180
-579465.410,-1266047.750,176.175
-579465.600,-1266047.490,176.150
-579465.780,-1266047.230,176.145
-579465.980,-1266046.950,176.100
-579459.370,-1266055.940,177.045
-579459.560,-1266055.670,177.030
-579459.740,-1266055.410,177.000
-579459.930,-1266055.140,176.970
-579460.110,-1266054.870,176.940
-579460.310,-1266054.590,176.925
-579460.500,-1266054.320,176.900
-579460.700,-1266054.030,176.855
-579460.880,-1266053.770,176.830
-579461.070,-1266053.500,176.800
-579461.260,-1266053.210,176.790
-579461.460,-1266052.920,176.750
-579461.650,-1266052.660,176.710
-579461.850,-1266052.380,176.685
-579462.040,-1266052.090,176.650
-579462.240,-1266051.810,176.630
-579462.430,-1266051.530,176.590
-579462.610,-1266051.270,176.580
-579462.790,-1266051.010,176.540
-579462.980,-1266050.740,176.500
-579463.180,-1266050.460,176.490
-579463.360,-1266050.190,176.470
-579463.570,-1266049.900,176.430
-579463.750,-1266049.640,176.420
-579463.930,-1266049.380,176.370
-579464.130,-1266049.080,176.340
-579464.330,-1266048.800,176.310
-579464.510,-1266048.530,176.280
-579464.720,-1266048.240,176.245
-579464.920,-1266047.960,176.200
-579465.110,-1266047.680,176.180
-579465.300,-1266047.410,176.180
-579465.480,-1266047.140,176.160
-579465.660,-1266046.880,176.150
-579465.850,-1266046.630,176.130
-579455.090,-1266062.240,176.550
-579455.280,-1266061.970,176.575
-579455.480,-1266061.680,176.590
-579455.680,-1266061.370,176.650
-579455.870,-1266061.090,176.680
-579456.070,-1266060.800,176.710
-579456.280,-1266060.490,176.740
-579456.480,-1266060.190,176.770
-579456.660,-1266059.930,176.790
-579456.850,-1266059.650,176.835
-579457.040,-1266059.370,176.860
-579457.220,-1266059.100,176.880
-579457.430,-1266058.790,176.910
-579457.610,-1266058.520,176.950
-579457.810,-1266058.230,176.980
-579458.000,-1266057.940,177.010
-579458.190,-1266057.670,177.040
-579458.380,-1266057.380,177.075
-579458.590,-1266057.080,177.085
-579458.770,-1266056.800,177.090
-579458.970,-1266056.520,177.080
-579459.170,-1266056.230,177.070
-579454.700,-1266062.170,176.510
-579454.900,-1266061.870,176.535
-579455.080,-1266061.600,176.560
-579455.270,-1266061.320,176.580
-579455.480,-1266061.010,176.625
-579455.670,-1266060.720,176.670
-579456.070,-1266060.140,176.730
-579456.260,-1266059.850,176.760
-579456.470,-1266059.550,176.780
-579456.660,-1266059.270,176.810
-579456.840,-1266059.000,176.840
-579457.030,-1266058.710,176.870
-579457.220,-1266058.440,176.900
-579457.420,-1266058.150,176.920
-579457.610,-1266057.870,176.950
-579457.810,-1266057.570,177.000
-579457.990,-1266057.300,177.020
-579458.180,-1266057.030,177.045
-579458.380,-1266056.720,177.060
-579458.580,-1266056.430,177.080
-579458.770,-1266056.150,177.080
-579458.970,-1266055.860,177.080
-579459.160,-1266055.580,177.060
-579459.360,-1266055.300,177.040
-579459.550,-1266055.020,177.020
-579459.730,-1266054.760,177.000
-579459.920,-1266054.500,176.970
-579460.100,-1266054.220,176.945
-579460.300,-1266053.940,176.920
-579460.490,-1266053.670,176.890
-579460.690,-1266053.390,176.845
-579460.870,-1266053.130,176.820
-579461.050,-1266052.860,176.800
-579461.250,-1266052.570,176.780
-579461.450,-1266052.280,176.735
-579461.640,-1266052.020,176.700
-579461.830,-1266051.740,176.680
-579462.040,-1266051.450,176.645
-579462.230,-1266051.160,176.610
-579462.420,-1266050.900,176.580
-579462.600,-1266050.630,176.560
-579462.790,-1266050.360,176.520
-579462.970,-1266050.100,176.500
-579463.170,-1266049.810,176.490
-579463.360,-1266049.550,176.460
-579463.550,-1266049.260,176.430
-579463.740,-1266048.990,176.390
-579463.920,-1266048.730,176.360
-579464.120,-1266048.440,176.330
-579464.320,-1266048.150,176.310
-579464.510,-1266047.890,176.265
-579464.700,-1266047.610,176.245
-579464.900,-1266047.320,176.190
-579465.100,-1266047.030,176.175
-579465.280,-1266046.770,176.170
-579465.470,-1266046.500,176.150
-579465.660,-1266046.230,176.130
-579460.490,-1266052.990,176.880
-579460.700,-1266052.690,176.830
-579460.880,-1266052.430,176.810
-579461.060,-1266052.170,176.790
-579461.270,-1266051.880,176.755
-579461.470,-1266051.590,176.740
-579461.640,-1266051.340,176.705
-579462.240,-1266050.470,176.595
-579462.430,-1266050.200,176.590
-579462.620,-1266049.930,176.550
-579462.800,-1266049.670,176.520
-579462.980,-1266049.400,176.500
-579463.180,-1266049.110,176.475
-579463.370,-1266048.850,176.450
-579463.570,-1266048.570,176.410
-579463.750,-1266048.300,176.380
-579463.930,-1266048.030,176.330
-579464.130,-1266047.750,176.310
-579464.330,-1266047.460,176.290
-579464.510,-1266047.200,176.270
-579464.710,-1266046.910,176.220
-579464.920,-1266046.620,176.180
-579465.110,-1266046.330,176.170
-579465.300,-1266046.070,176.170
-579465.480,-1266045.810,176.140
-579465.660,-1266045.560,176.130
-579454.140,-1266062.310,176.450
-579454.320,-1266062.050,176.460
-579454.530,-1266061.740,176.500
-579454.720,-1266061.460,176.525
-579454.910,-1266061.170,176.550
-579455.100,-1266060.890,176.580
-579455.290,-1266060.610,176.605
-579455.490,-1266060.310,176.645
-579455.690,-1266060.020,176.670
-579455.880,-1266059.740,176.710
-579456.080,-1266059.440,176.740
-579456.280,-1266059.140,176.770
-579456.490,-1266058.850,176.800
-579456.670,-1266058.570,176.830
-579456.860,-1266058.290,176.860
-579457.050,-1266058.010,176.890
-579457.230,-1266057.750,176.910
-579457.430,-1266057.450,176.940
-579457.620,-1266057.170,176.970
-579457.820,-1266056.880,177.010
-579458.010,-1266056.600,177.020
-579458.190,-1266056.320,177.060
-579458.390,-1266056.020,177.070
-579458.590,-1266055.720,177.080
-579458.780,-1266055.450,177.080
-579458.980,-1266055.170,177.080
-579459.180,-1266054.880,177.055
-579459.370,-1266054.600,177.030
-579459.560,-1266054.330,177.020
-579459.750,-1266054.060,176.990
-579459.930,-1266053.800,176.950
-579460.120,-1266053.530,176.930
-579460.320,-1266053.240,176.905
-579453.670,-1266062.550,176.400
-579453.850,-1266062.270,176.430
-579454.040,-1266061.990,176.440
-579454.230,-1266061.720,176.460
-579454.420,-1266061.440,176.480
-579454.620,-1266061.150,176.520
-579454.800,-1266060.860,176.550
-579455.010,-1266060.570,176.580
-579455.190,-1266060.300,176.600
-579455.380,-1266060.020,176.630
-579455.580,-1266059.710,176.660
-579455.780,-1266059.420,176.700
-579455.970,-1266059.140,176.720
-579456.170,-1266058.830,176.755
-579456.370,-1266058.540,176.785
-579456.570,-1266058.250,176.830
-579456.760,-1266057.970,176.850
-579456.950,-1266057.690,176.890
-579457.130,-1266057.430,176.900
-579457.320,-1266057.150,176.925
-579457.520,-1266056.850,176.960
-579457.700,-1266056.580,177.000
-579457.910,-1266056.270,177.010
-579458.090,-1266056.000,177.040
-579458.270,-1266055.730,177.060
-579458.480,-1266055.420,177.085
-579458.680,-1266055.130,177.090
-579458.860,-1266054.870,177.090
-579459.060,-1266054.580,177.075
-579459.260,-1266054.290,177.030
-579459.460,-1266054.010,177.020
-579459.650,-1266053.740,176.990
-579459.830,-1266053.470,176.960
-579460.010,-1266053.210,176.930
-579460.200,-1266052.940,176.920
-579460.400,-1266052.650,176.870
-579460.580,-1266052.390,176.840
-579460.780,-1266052.100,176.815
-579460.970,-1266051.840,176.790
-579461.150,-1266051.570,176.760
-579461.350,-1266051.280,176.740
-579461.730,-1266050.730,176.670
-579461.930,-1266050.450,176.650
-579462.130,-1266050.160,176.610
-579462.330,-1266049.870,176.585
-579462.510,-1266049.610,176.540
-579462.700,-1266049.340,176.520
-579462.880,-1266049.070,176.500
-579463.070,-1266048.810,176.475
-579463.270,-1266048.520,176.450
-579463.450,-1266048.260,176.420
-579463.650,-1266047.980,176.390
-579463.830,-1266047.710,176.340
-579464.020,-1266047.440,176.315
-579464.220,-1266047.150,176.290
-579464.410,-1266046.870,176.260
-579464.600,-1266046.600,176.220
-579464.800,-1266046.320,176.190
-579464.990,-1266046.040,176.170
-579465.190,-1266045.740,176.150
-579465.380,-1266045.480,176.140
-579465.560,-1266045.230,176.130
-579463.490,-1266047.610,176.390
-579463.680,-1266047.330,176.360
-579463.870,-1266047.060,176.330
-579464.050,-1266046.790,176.300
-579464.250,-1266046.510,176.270
-579464.450,-1266046.210,176.250
-579464.640,-1266045.950,176.200
-579464.830,-1266045.670,176.190
-579465.030,-1266045.380,176.170
-579465.230,-1266045.090,176.140
-579465.410,-1266044.830,176.130
-579453.500,-1266062.190,176.410
-579453.710,-1266061.900,176.430
-579453.900,-1266061.610,176.440
-579454.080,-1266061.340,176.460
-579454.270,-1266061.060,176.470
-579454.460,-1266060.780,176.500
-579454.660,-1266060.490,176.540
-579454.850,-1266060.200,176.570
-579455.050,-1266059.910,176.590
-579455.230,-1266059.640,176.620
-579455.420,-1266059.350,176.660
-579455.620,-1266059.060,176.690
-579455.820,-1266058.760,176.720
-579456.010,-1266058.480,176.740
-579456.210,-1266058.180,176.780
-579456.410,-1266057.890,176.810
-579456.610,-1266057.600,176.840
-579456.800,-1266057.310,176.880
-579456.980,-1266057.040,176.895
-579457.170,-1266056.770,176.915
-579457.360,-1266056.490,176.935
-579457.560,-1266056.200,177.000
-579457.740,-1266055.920,177.005
-579457.950,-1266055.620,177.040
-579458.130,-1266055.350,177.060
-579458.320,-1266055.080,177.080
-579458.520,-1266054.770,177.090
-579458.720,-1266054.480,177.090
-579458.900,-1266054.220,177.090
-579459.100,-1266053.930,177.050
-579459.300,-1266053.640,177.030
-579459.500,-1266053.360,177.000
-579459.680,-1266053.090,176.980
-579459.870,-1266052.820,176.940
-579460.050,-1266052.560,176.920
-579460.240,-1266052.290,176.890
-579460.440,-1266052.000,176.865
-579460.620,-1266051.740,176.830
-579460.820,-1266051.460,176.800
-579461.000,-1266051.190,176.770
-579461.190,-1266050.920,176.745
-579461.380,-1266050.640,176.740
-579461.590,-1266050.340,176.690
-579461.770,-1266050.080,176.670
-579461.970,-1266049.800,176.620
-579462.170,-1266049.500,176.590
-579462.370,-1266049.220,176.570
-579462.550,-1266048.960,176.530
-579462.740,-1266048.690,176.505
-579462.920,-1266048.430,176.490
-579463.100,-1266048.160,176.455
-579463.300,-1266047.870,176.430
-579455.910,-1266058.160,176.740
-579456.090,-1266057.890,176.770
-579456.300,-1266057.580,176.805
-579456.500,-1266057.280,176.830
-579456.700,-1266056.990,176.870
-579456.880,-1266056.710,176.900
-579457.070,-1266056.430,176.910
-579457.250,-1266056.160,176.940
-579457.440,-1266055.890,176.970
-579457.650,-1266055.580,177.010
-579457.830,-1266055.310,177.040
-579458.030,-1266055.020,177.060
-579458.220,-1266054.730,177.090
-579458.400,-1266054.450,177.090
-579458.600,-1266054.160,177.090
-579458.800,-1266053.880,177.090
-579458.980,-1266053.620,177.070
-579459.180,-1266053.330,177.030
-579459.380,-1266053.040,177.010
-579459.580,-1266052.750,176.980
-579459.770,-1266052.490,176.930
-579459.950,-1266052.230,176.910
-579460.130,-1266051.960,176.890
-579460.320,-1266051.690,176.870
-579460.510,-1266051.410,176.840
-579460.700,-1266051.140,176.810
-579460.900,-1266050.860,176.770
-579461.080,-1266050.590,176.750
-579461.270,-1266050.320,176.740
-579461.470,-1266050.040,176.690
-579461.660,-1266049.750,176.670
-579461.850,-1266049.480,176.620
-579462.050,-1266049.190,176.600
-579462.250,-1266048.910,176.570
-579462.450,-1266048.620,176.525
-579462.630,-1266048.360,176.510
-579462.810,-1266048.090,176.480
-579463.000,-1266047.830,176.450
-579463.180,-1266047.560,176.430
-579463.380,-1266047.280,176.400
-579463.560,-1266047.010,176.360
-579463.770,-1266046.720,176.325
-579463.940,-1266046.460,176.300
-579464.130,-1266046.190,176.270
-579464.330,-1266045.900,176.250
-579464.530,-1266045.630,176.220
-579464.710,-1266045.350,176.180
-579464.910,-1266045.060,176.160
-579465.110,-1266044.780,176.140
-579465.310,-1266044.500,176.130
-579465.490,-1266044.240,176.120
-579453.590,-1266061.590,176.430
-579453.790,-1266061.290,176.440
-579453.980,-1266061.010,176.460
-579454.170,-1266060.730,176.470
-579454.350,-1266060.460,176.500
-579454.540,-1266060.180,176.535
-579454.750,-1266059.870,176.565
-579454.930,-1266059.610,176.590
-579455.130,-1266059.310,176.620
-579455.320,-1266059.030,176.650
-579455.500,-1266058.750,176.680
-579455.710,-1266058.450,176.715
-579453.590,-1266060.920,176.435
-579453.790,-1266060.610,176.450
-579453.980,-1266060.320,176.450
-579454.160,-1266060.060,176.490
-579454.350,-1266059.780,176.520
-579454.540,-1266059.500,176.540
-579454.740,-1266059.210,176.570
-579454.930,-1266058.930,176.610
-579455.130,-1266058.620,176.650
-579455.310,-1266058.360,176.660
-579455.500,-1266058.070,176.700
-579455.710,-1266057.770,176.720
-579455.900,-1266057.480,176.740
-579456.090,-1266057.200,176.785
-579456.290,-1266056.900,176.810
-579456.490,-1266056.610,176.850
-579456.690,-1266056.310,176.880
-579456.880,-1266056.030,176.905
-579457.070,-1266055.760,176.920
-579457.250,-1266055.480,176.950
-579457.440,-1266055.210,176.995
-579457.640,-1266054.910,177.020
-579457.820,-1266054.640,177.040
-579458.020,-1266054.340,177.090
-579458.210,-1266054.060,177.090
-579458.390,-1266053.780,177.090
-579458.600,-1266053.500,177.090
-579458.790,-1266053.210,177.080
-579458.980,-1266052.950,177.045
-579459.170,-1266052.670,177.020
-579459.380,-1266052.370,176.995
-579459.570,-1266052.090,176.970
-579459.760,-1266051.830,176.930
-579459.940,-1266051.560,176.910
-579460.130,-1266051.290,176.890
-579460.510,-1266050.730,176.830
-579460.690,-1266050.470,176.800
-579460.890,-1266050.190,176.760
-579461.070,-1266049.920,176.740
-579461.260,-1266049.650,176.710
-579461.450,-1266049.370,176.690
-579461.660,-1266049.080,176.670
-579461.840,-1266048.810,176.620
-579462.240,-1266048.240,176.550
-579462.440,-1266047.950,176.525
-579462.620,-1266047.690,176.500
-579462.800,-1266047.430,176.480
-579462.990,-1266047.150,176.450
-579463.170,-1266046.890,176.420
-579463.370,-1266046.610,176.390
-579463.560,-1266046.340,176.360
-579463.750,-1266046.060,176.320
-579463.940,-1266045.790,176.290
-579464.120,-1266045.520,176.270
-579464.320,-1266045.240,176.250
-579464.520,-1266044.950,176.210
-579464.710,-1266044.680,176.180
-579464.900,-1266044.400,176.160
-579465.100,-1266044.110,176.140
-579465.300,-1266043.830,176.120
-579461.740,-1266048.510,176.620
-579461.920,-1266048.250,176.595
-579462.120,-1266047.960,176.570
-579462.320,-1266047.670,176.520
-579462.510,-1266047.390,176.510
-579462.700,-1266047.120,176.485
-579462.880,-1266046.860,176.450
-579463.070,-1266046.590,176.420
-579463.260,-1266046.320,176.390
-579463.450,-1266046.030,176.360
-579463.630,-1266045.780,176.325
-579463.840,-1266045.490,176.290
-579464.020,-1266045.220,176.260
-579464.200,-1266044.960,176.240
-579464.400,-1266044.660,176.200
-579464.600,-1266044.380,176.180
-579464.780,-1266044.130,176.160
-579464.980,-1266043.830,176.130
-579453.470,-1266060.630,176.440
-579453.670,-1266060.330,176.440
-579453.870,-1266060.030,176.450
-579454.060,-1266059.750,176.485
-579454.250,-1266059.480,176.520
-579454.430,-1266059.200,176.530
-579454.620,-1266058.930,176.570
-579454.830,-1266058.620,176.605
-579455.010,-1266058.350,176.630
-579455.210,-1266058.060,176.660
-579455.400,-1266057.770,176.700
-579455.590,-1266057.500,176.710
-579455.780,-1266057.210,176.735
-579455.980,-1266056.910,176.780
-579456.170,-1266056.620,176.800
-579456.370,-1266056.330,176.840
-579456.570,-1266056.030,176.880
-579456.780,-1266055.730,176.905
-579456.960,-1266055.460,176.915
-579457.150,-1266055.180,176.950
-579457.330,-1266054.910,176.985
-579457.510,-1266054.640,177.015
-579457.720,-1266054.340,177.040
-579457.910,-1266054.060,177.075
-579458.100,-1266053.770,177.090
-579458.290,-1266053.480,177.090
-579458.480,-1266053.210,177.090
-579458.670,-1266052.930,177.085
-579458.870,-1266052.650,177.065
-579459.060,-1266052.380,177.020
-579459.260,-1266052.090,177.000
-579459.450,-1266051.800,176.980
-579459.650,-1266051.520,176.930
-579459.840,-1266051.250,176.915
-579460.020,-1266050.980,176.895
-579460.210,-1266050.720,176.860
-579460.390,-1266050.450,176.840
-579460.590,-1266050.160,176.790
-579460.770,-1266049.900,176.770
-579460.970,-1266049.610,176.740
-579461.160,-1266049.350,176.710
-579461.340,-1266049.080,176.690
-579461.540,-1266048.790,176.655
-579455.600,-1266056.880,176.720
-579455.800,-1266056.580,176.750
-579456.000,-1266056.290,176.790
-579456.190,-1266056.010,176.815
-579456.390,-1266055.710,176.865
-579456.590,-1266055.420,176.890
-579456.790,-1266055.110,176.910
-579456.980,-1266054.840,176.940
-579457.160,-1266054.570,176.970
-579457.350,-1266054.290,177.000
-579457.530,-1266054.020,177.020
-579457.730,-1266053.720,177.060
-579457.920,-1266053.430,177.085
-579458.120,-1266053.140,177.090
-579458.300,-1266052.870,177.090
-579458.490,-1266052.600,177.090
-579458.690,-1266052.310,177.070
-579458.880,-1266052.040,177.030
-579459.070,-1266051.760,177.020
-579459.270,-1266051.480,177.000
-579459.470,-1266051.190,176.960
-579459.670,-1266050.900,176.925
-579459.850,-1266050.630,176.900
-579460.030,-1266050.380,176.880
-579460.220,-1266050.100,176.840
-579460.410,-1266049.840,176.830
-579460.600,-1266049.560,176.790
-579460.790,-1266049.280,176.760
-579460.990,-1266049.000,176.740
-579461.170,-1266048.740,176.700
-579461.350,-1266048.470,176.670
-579461.550,-1266048.180,176.650
-579461.750,-1266047.900,176.610
-579462.130,-1266047.340,176.550
-579462.330,-1266047.050,176.520
-579462.530,-1266046.770,176.495
-579462.710,-1266046.500,176.455
-579462.900,-1266046.240,176.435
-579463.080,-1266045.980,176.410
-579463.460,-1266045.420,176.350
-579463.650,-1266045.150,176.300
-579463.850,-1266044.870,176.280
-579464.030,-1266044.600,176.260
-579464.210,-1266044.340,176.230
-579464.410,-1266044.050,176.210
-579464.610,-1266043.770,176.180
-579464.790,-1266043.500,176.160
-579464.990,-1266043.220,176.150
-579465.190,-1266042.940,176.125
-579453.290,-1266060.310,176.430
-579453.490,-1266060.010,176.440
-579453.700,-1266059.700,176.450
-579453.900,-1266059.410,176.470
-579454.080,-1266059.130,176.500
-579454.270,-1266058.850,176.520
-579454.460,-1266058.580,176.545
-579454.640,-1266058.310,176.585
-579454.850,-1266058.000,176.630
-579455.030,-1266057.730,176.650
-579455.230,-1266057.430,176.680
-579455.420,-1266057.150,176.700
-579453.310,-1266059.700,176.430
-579453.510,-1266059.400,176.450
-579453.710,-1266059.110,176.455
-579453.910,-1266058.800,176.500
-579454.100,-1266058.520,176.510
-579454.290,-1266058.250,176.540
-579454.470,-1266057.970,176.560
-579454.660,-1266057.700,176.610
-579454.860,-1266057.390,176.640
-579455.050,-1266057.120,176.660
-579455.250,-1266056.820,176.690
-579455.430,-1266056.550,176.710
-579455.620,-1266056.270,176.740
-579456.020,-1266055.680,176.800
-579456.210,-1266055.400,176.840
-579456.410,-1266055.100,176.880
-579456.610,-1266054.800,176.890
-579456.800,-1266054.520,176.930
-579456.990,-1266054.230,176.960
-579457.180,-1266053.950,176.990
-579457.360,-1266053.680,177.010
-579457.550,-1266053.410,177.040
-579457.750,-1266053.100,177.070
-579457.930,-1266052.830,177.080
-579458.140,-1266052.530,177.090
-579458.330,-1266052.260,177.090
-579458.500,-1266052.000,177.080
-579458.710,-1266051.710,177.070
-579458.900,-1266051.420,177.025
-579459.080,-1266051.160,177.000
-579459.280,-1266050.880,176.980
-579459.490,-1266050.580,176.930
-579459.680,-1266050.300,176.915
-579459.870,-1266050.030,176.880
-579460.050,-1266049.770,176.850
-579460.230,-1266049.500,176.830
-579460.420,-1266049.240,176.800
-579460.620,-1266048.940,176.770
-579460.800,-1266048.680,176.750
-579461.000,-1266048.400,176.715
-579461.190,-1266048.130,176.690
-579461.370,-1266047.870,176.660
-579461.560,-1266047.580,176.630
-579461.770,-1266047.290,176.610
-579461.950,-1266047.020,176.550
-579462.150,-1266046.740,176.530
-579462.340,-1266046.450,176.510
-579462.540,-1266046.160,176.480
-579462.730,-1266045.900,176.440
-579462.910,-1266045.630,176.420
-579463.100,-1266045.370,176.380
-579463.280,-1266045.110,176.350
-579463.480,-1266044.810,176.330
-579463.660,-1266044.550,176.290
-579463.860,-1266044.270,176.270
-579464.040,-1266044.010,176.240
-579464.230,-1266043.740,176.220
-579464.420,-1266043.450,176.180
-579464.620,-1266043.170,176.170
-579464.810,-1266042.900,176.160
-579463.290,-1266044.470,176.350
-579463.490,-1266044.180,176.320
-579463.680,-1266043.910,176.280
-579463.870,-1266043.630,176.265
-579464.060,-1266043.360,176.230
-579464.250,-1266043.090,176.195
-579464.440,-1266042.810,176.170
-579464.640,-1266042.530,176.160
-579453.140,-1266059.330,176.430
-579453.330,-1266059.050,176.440
-579453.540,-1266058.750,176.450
-579453.730,-1266058.460,176.450
-579453.940,-1266058.150,176.500
-579454.130,-1266057.870,176.525
-579454.300,-1266057.610,176.560
-579454.490,-1266057.330,176.575
-579454.680,-1266057.040,176.610
-579454.880,-1266056.760,176.640
-579455.070,-1266056.480,176.680
-579455.270,-1266056.170,176.700
-579455.450,-1266055.910,176.720
-579455.640,-1266055.620,176.760
-579455.840,-1266055.320,176.790
-579456.040,-1266055.040,176.810
-579456.230,-1266054.760,176.850
-579456.430,-1266054.450,176.890
-579456.630,-1266054.160,176.900
-579456.830,-1266053.870,176.950
-579457.020,-1266053.580,176.980
-579457.200,-1266053.310,177.000
-579457.380,-1266053.040,177.020
-579457.570,-1266052.760,177.050
-579457.770,-1266052.460,177.070
-579457.960,-1266052.190,177.085
-579458.160,-1266051.880,177.085
-579458.340,-1266051.630,177.080
-579458.520,-1266051.360,177.075
-579458.720,-1266051.070,177.060
-579458.920,-1266050.790,177.020
-579459.100,-1266050.520,177.000
-579459.300,-1266050.230,176.950
-579459.500,-1266049.940,176.920
-579459.700,-1266049.660,176.900
-579459.880,-1266049.400,176.860
-579460.070,-1266049.130,176.840
-579460.250,-1266048.860,176.820
-579460.440,-1266048.590,176.785
-579460.640,-1266048.310,176.760
-579460.820,-1266048.040,176.740
-579461.010,-1266047.760,176.690
-579461.200,-1266047.490,176.670
-579461.390,-1266047.220,176.640
-579461.580,-1266046.940,176.620
-579461.780,-1266046.650,176.590
-579461.970,-1266046.380,176.550
-579462.160,-1266046.100,176.520
-579462.360,-1266045.810,176.505
-579462.560,-1266045.530,176.455
-579462.740,-1266045.270,176.435
-579462.930,-1266045.000,176.410
-579463.110,-1266044.730,176.370
-579457.830,-1266051.850,177.080
-579458.010,-1266051.570,177.080
-579458.210,-1266051.290,177.080
-579458.390,-1266051.030,177.070
-579458.580,-1266050.760,177.060
-579458.770,-1266050.480,177.030
-579458.980,-1266050.180,177.000
-579459.160,-1266049.920,176.970
-579459.360,-1266049.640,176.920
-579459.560,-1266049.340,176.900
-579459.760,-1266049.050,176.875
-579459.940,-1266048.790,176.840
-579460.120,-1266048.530,176.830
-579460.310,-1266048.260,176.790
-579460.490,-1266048.000,176.760
-579460.690,-1266047.700,176.740
-579460.870,-1266047.440,176.710
-579461.070,-1266047.150,176.675
-579461.250,-1266046.890,176.655
-579461.440,-1266046.620,176.630
-579461.640,-1266046.330,176.600
-579461.830,-1266046.050,176.570
-579462.020,-1266045.780,176.530
-579462.220,-1266045.490,176.500
-579462.420,-1266045.210,176.470
-579462.610,-1266044.930,176.450
-579462.800,-1266044.650,176.420
-579462.980,-1266044.390,176.370
-579463.160,-1266044.130,176.340
-579463.350,-1266043.860,176.320
-579463.550,-1266043.570,176.300
-579463.730,-1266043.310,176.280
-579463.930,-1266043.020,176.240
-579464.110,-1266042.750,176.210
-579453.010,-1266059.010,176.425
-579453.210,-1266058.720,176.430
-579453.390,-1266058.440,176.440
-579453.590,-1266058.140,176.460
-579453.800,-1266057.840,176.480
-579453.990,-1266057.550,176.515
-579454.180,-1266057.270,176.545
-579454.370,-1266056.990,176.590
-579454.550,-1266056.720,176.605
-579454.740,-1266056.440,176.635
-579454.940,-1266056.140,176.670
-579455.130,-1266055.870,176.695
-579455.330,-1266055.570,176.725
-579455.520,-1266055.290,176.760
-579455.700,-1266055.010,176.780
-579455.890,-1266054.730,176.805
-579456.100,-1266054.420,176.830
-579456.290,-1266054.140,176.880
-579456.480,-1266053.850,176.900
-579456.690,-1266053.540,176.930
-579456.890,-1266053.240,176.960
-579457.070,-1266052.980,177.000
-579457.260,-1266052.700,177.020
-579457.440,-1266052.420,177.040
-579457.620,-1266052.160,177.060
-579453.840,-1266057.200,176.500
-579454.040,-1266056.910,176.540
-579454.230,-1266056.620,176.570
-579454.410,-1266056.350,176.590
-579454.590,-1266056.080,176.620
-579454.790,-1266055.800,176.650
-579454.990,-1266055.500,176.690
-579455.170,-1266055.230,176.710
-579455.370,-1266054.930,176.745
-579455.560,-1266054.650,176.770
-579455.740,-1266054.380,176.795
-579455.940,-1266054.080,176.820
-579456.150,-1266053.780,176.855
-579456.530,-1266053.200,176.930
-579456.730,-1266052.910,176.950
-579456.930,-1266052.610,176.990
-579457.110,-1266052.340,177.010
-579457.300,-1266052.060,177.040
-579457.490,-1266051.790,177.060
-579457.670,-1266051.510,177.080
-579457.870,-1266051.210,177.080
-579458.060,-1266050.930,177.080
-579458.250,-1266050.660,177.080
-579458.440,-1266050.390,177.070
-579458.620,-1266050.120,177.050
-579458.820,-1266049.840,177.010
-579459.020,-1266049.550,176.970
-579459.200,-1266049.280,176.950
-579459.400,-1266049.000,176.920
-579459.590,-1266048.720,176.880
-579459.800,-1266048.420,176.850
-579460.160,-1266047.900,176.805
-579460.350,-1266047.630,176.770
-579460.530,-1266047.360,176.755
-579460.730,-1266047.070,176.730
-579460.910,-1266046.810,176.695
-579461.110,-1266046.520,176.670
-579461.290,-1266046.260,176.640
-579461.480,-1266045.980,176.610
-579461.680,-1266045.700,176.570
-579461.870,-1266045.420,176.550
-579462.060,-1266045.150,176.520
-579462.260,-1266044.860,176.485
-579462.450,-1266044.580,176.450
-579462.650,-1266044.290,176.430
-579462.840,-1266044.020,176.390
-579463.020,-1266043.760,176.360
-579463.390,-1266043.220,176.310
-579463.580,-1266042.940,176.300
-579463.770,-1266042.660,176.270
-579453.050,-1266058.370,176.430
-579453.250,-1266058.080,176.440
-579453.430,-1266057.800,176.450
-579453.640,-1266057.510,176.470
-579452.890,-1266058.070,176.425
-579453.090,-1266057.780,176.430
-579453.290,-1266057.470,176.440
-579453.480,-1266057.190,176.470
-579453.670,-1266056.910,176.490
-579453.880,-1266056.600,176.520
-579454.080,-1266056.300,176.560
-579454.260,-1266056.030,176.580
-579454.450,-1266055.750,176.610
-579454.640,-1266055.470,176.630
-579454.820,-1266055.200,176.670
-579455.020,-1266054.900,176.700
-579455.210,-1266054.620,176.730
-579455.410,-1266054.330,176.750
-579455.590,-1266054.050,176.780
-579455.780,-1266053.770,176.810
-579455.980,-1266053.480,176.845
-579456.180,-1266053.180,176.880
-579456.370,-1266052.890,176.910
-579456.570,-1266052.600,176.940
-579456.770,-1266052.310,176.960
-579456.970,-1266052.010,177.000
-579457.150,-1266051.740,177.020
-579457.340,-1266051.460,177.050
-579457.520,-1266051.190,177.070
-579457.710,-1266050.910,177.080
-579457.910,-1266050.610,177.080
-579458.090,-1266050.340,177.080
-579458.290,-1266050.060,177.070
-579458.470,-1266049.800,177.060
-579458.660,-1266049.530,177.020
-579458.850,-1266049.240,176.990
-579459.050,-1266048.950,176.955
-579459.240,-1266048.690,176.930
-579459.430,-1266048.400,176.895
-579459.630,-1266048.120,176.870
-579459.830,-1266047.830,176.830
-579460.010,-1266047.560,176.800
-579460.200,-1266047.300,176.780
-579460.380,-1266047.040,176.760
-579460.570,-1266046.760,176.730
-579460.770,-1266046.470,176.690
-579460.940,-1266046.220,176.690
-579461.150,-1266045.920,176.635
-579461.330,-1266045.660,176.620
-579461.510,-1266045.400,176.590
-579461.710,-1266045.100,176.570
-579461.910,-1266044.810,176.520
-579462.090,-1266044.560,176.500
-579462.290,-1266044.270,176.470
-579462.490,-1266043.970,176.445
-579462.680,-1266043.700,176.430
-579462.870,-1266043.430,176.390
-579463.060,-1266043.160,176.350
-579463.230,-1266042.900,176.325
-579452.900,-1266057.410,176.420
-579453.110,-1266057.110,176.440
-579453.310,-1266056.800,176.470
-579453.490,-1266056.530,176.480
-579453.690,-1266056.230,176.505
-579453.900,-1266055.930,176.540
-579454.100,-1266055.630,176.565
-579454.280,-1266055.360,176.605
-579454.470,-1266055.080,176.630
-579454.650,-1266054.810,176.650
-579454.840,-1266054.530,176.680
-579455.040,-1266054.240,176.715
-579455.230,-1266053.960,176.750
-579455.420,-1266053.660,176.760
-579455.610,-1266053.380,176.800
-579455.800,-1266053.100,176.820
-579455.990,-1266052.810,176.860
-579456.200,-1266052.510,176.880
-579456.380,-1266052.230,176.920
-579456.580,-1266051.940,176.950
-579456.780,-1266051.650,176.980
-579456.980,-1266051.340,177.010
-579457.170,-1266051.070,177.045
-579457.350,-1266050.800,177.070
-579457.530,-1266050.520,177.080
-579457.720,-1266050.230,177.090
-579457.920,-1266049.950,177.090
-579458.100,-1266049.680,177.090
-579458.300,-1266049.400,177.070
-579458.480,-1266049.140,177.030
-579458.670,-1266048.870,177.010
-579458.870,-1266048.580,176.970
-579459.060,-1266048.300,176.940
-579459.250,-1266048.030,176.925
-579459.450,-1266047.740,176.890
-579459.640,-1266047.460,176.855
-579459.840,-1266047.170,176.830
-579460.030,-1266046.900,176.795
-579460.210,-1266046.640,176.770
-579460.390,-1266046.370,176.745
-579460.580,-1266046.100,176.715
-579460.770,-1266045.810,176.690
-579460.960,-1266045.550,176.665
-579461.160,-1266045.260,176.625
-579461.340,-1266045.000,176.605
-579461.520,-1266044.730,176.585
-579461.730,-1266044.430,176.550
-579461.920,-1266044.160,176.520
-579462.100,-1266043.890,176.480
-579462.300,-1266043.600,176.465
-579462.500,-1266043.310,176.440
-579462.700,-1266043.030,176.425
-579462.880,-1266042.750,176.390
-579452.800,-1266057.070,176.425
-579452.990,-1266056.790,176.440
-579453.190,-1266056.500,176.470
-579453.380,-1266056.200,176.480
-579453.570,-1266055.920,176.500
-579453.770,-1266055.620,176.530
-579453.970,-1266055.320,176.560
-579454.170,-1266055.020,176.590
-579454.360,-1266054.740,176.620
-579454.540,-1266054.480,176.650
-579454.730,-1266054.200,176.670
-579454.920,-1266053.910,176.700
-579455.120,-1266053.620,176.740
-579455.300,-1266053.350,176.760
-579455.500,-1266053.050,176.800
-579455.690,-1266052.770,176.820
-579455.870,-1266052.500,176.860
-579456.070,-1266052.200,176.880
-579456.270,-1266051.900,176.910
-579456.460,-1266051.620,176.950
-579456.660,-1266051.330,176.980
-579456.860,-1266051.030,177.010
-579457.060,-1266050.730,177.030
-579457.240,-1266050.460,177.070
-579457.430,-1266050.180,177.080
-579457.610,-1266049.910,177.080
-579457.800,-1266049.630,177.090
-579458.000,-1266049.350,177.080
-579458.180,-1266049.080,177.080
-579458.380,-1266048.800,177.035
-579458.560,-1266048.530,177.010
-579458.740,-1266048.270,176.980
-579458.940,-1266047.970,176.940
-579459.140,-1266047.690,176.930
-579459.320,-1266047.430,176.895
-579459.520,-1266047.140,176.860
-579459.720,-1266046.850,176.830
-579459.920,-1266046.560,176.800
-579460.100,-1266046.310,176.770
-579460.290,-1266046.030,176.750
-579460.470,-1266045.770,176.725
-579460.650,-1266045.500,176.690
-579460.850,-1266045.210,176.675
-579461.030,-1266044.940,176.635
-579461.230,-1266044.670,176.600
-579461.420,-1266044.390,176.585
-579461.600,-1266044.120,176.570
-579461.790,-1266043.850,176.530
-579462.180,-1266043.290,176.470
-579462.370,-1266043.000,176.460
-579460.140,-1266045.680,176.760
-579460.330,-1266045.410,176.740
-579460.510,-1266045.150,176.700
-579460.690,-1266044.880,176.680
-579460.890,-1266044.590,176.670
-579461.080,-1266044.330,176.625
-579461.270,-1266044.040,176.590
-579461.460,-1266043.770,176.570
-579461.640,-1266043.510,176.540
-579461.840,-1266043.220,176.520
-579462.040,-1266042.930,176.500
-579462.220,-1266042.670,176.490
-579452.660,-1266056.710,176.420
-579452.850,-1266056.450,176.430
-579453.040,-1266056.170,176.445
-579453.230,-1266055.870,176.475
-579453.440,-1266055.570,176.490
-579453.620,-1266055.290,176.520
-579453.820,-1266055.000,176.555
-579454.020,-1266054.700,176.580
-579454.220,-1266054.400,176.610
-579454.410,-1266054.120,176.630
-579454.590,-1266053.860,176.660
-579454.770,-1266053.580,176.685
-579454.970,-1266053.290,176.730
-579455.160,-1266053.000,176.750
-579455.350,-1266052.730,176.780
-579455.550,-1266052.420,176.810
-579455.730,-1266052.150,176.840
-579455.920,-1266051.880,176.860
-579456.120,-1266051.580,176.900
-579456.320,-1266051.280,176.935
-579456.500,-1266051.000,176.950
-579456.910,-1266050.410,177.010
-579457.100,-1266050.110,177.060
-579457.290,-1266049.830,177.080
-579457.470,-1266049.560,177.090
-579457.650,-1266049.290,177.080
-579457.840,-1266049.010,177.080
-579458.040,-1266048.730,177.080
-579458.220,-1266048.460,177.045
-579458.420,-1266048.180,177.020
-579458.610,-1266047.920,176.995
-579458.780,-1266047.660,176.960
-579458.990,-1266047.350,176.930
-579459.190,-1266047.070,176.920
-579459.360,-1266046.810,176.870
-579459.560,-1266046.520,176.840
-579459.760,-1266046.230,176.815
-579459.960,-1266045.950,176.780
-579458.060,-1266048.140,177.060
-579458.250,-1266047.870,177.025
-579458.440,-1266047.590,177.000
-579458.620,-1266047.320,176.965
-579458.810,-1266047.050,176.940
-579459.010,-1266046.760,176.920
-579459.200,-1266046.480,176.900
-579459.390,-1266046.210,176.870
-579459.580,-1266045.920,176.830
-579459.780,-1266045.630,176.800
-579459.980,-1266045.350,176.760
-579460.160,-1266045.080,176.750
-579460.350,-1266044.820,176.720
-579460.530,-1266044.550,176.690
-579460.710,-1266044.290,176.670
-579460.910,-1266044.000,176.640
-579461.100,-1266043.730,176.610
-579461.290,-1266043.450,176.570
-579461.470,-1266043.180,176.550
-579461.660,-1266042.910,176.530
-579461.860,-1266042.620,176.520
-579452.680,-1266056.120,176.430
-579452.870,-1266055.850,176.440
-579453.060,-1266055.570,176.470
-579453.250,-1266055.280,176.480
-579453.460,-1266054.970,176.500
-579453.640,-1266054.700,176.530
-579453.840,-1266054.410,176.560
-579454.050,-1266054.100,176.590
-579454.250,-1266053.790,176.630
-579454.430,-1266053.530,176.650
-579454.620,-1266053.250,176.680
-579454.800,-1266052.970,176.715
-579454.990,-1266052.700,176.740
-579455.190,-1266052.400,176.760
-579455.370,-1266052.120,176.795
-579455.570,-1266051.830,176.820
-579455.760,-1266051.540,176.860
-579455.940,-1266051.270,176.870
-579456.140,-1266050.980,176.920
-579456.340,-1266050.680,176.940
-579456.530,-1266050.390,176.980
-579456.720,-1266050.120,177.010
-579456.920,-1266049.810,177.030
-579457.130,-1266049.510,177.080
-579457.310,-1266049.240,177.085
-579457.490,-1266048.960,177.080
-579457.680,-1266048.680,177.080
-579457.860,-1266048.430,177.080
-579455.980,-1266050.630,176.900
-579456.180,-1266050.330,176.930
-579456.380,-1266050.030,176.960
-579456.760,-1266049.460,177.020
-579456.960,-1266049.170,177.050
-579457.160,-1266048.860,177.080
-579457.350,-1266048.580,177.080
-579457.530,-1266048.320,177.080
-579457.710,-1266048.050,177.080
-579457.900,-1266047.780,177.075
-579458.090,-1266047.500,177.050
-579458.280,-1266047.220,177.010
-579458.480,-1266046.940,176.985
-579458.660,-1266046.680,176.950
-579458.840,-1266046.410,176.930
-579459.040,-1266046.110,176.900
-579459.230,-1266045.840,176.880
-579459.420,-1266045.570,176.850
-579459.620,-1266045.280,176.820
-579459.810,-1266044.990,176.790
-579460.010,-1266044.700,176.760
-579460.200,-1266044.440,176.740
-579460.380,-1266044.180,176.700
-579460.560,-1266043.910,176.680
-579460.750,-1266043.630,176.655
-579460.940,-1266043.360,176.610
-579461.130,-1266043.090,176.600
-579461.330,-1266042.800,176.570
-579461.510,-1266042.540,176.540
-579461.690,-1266042.270,176.530
-579461.890,-1266041.970,176.520
-579452.520,-1266055.770,176.425
-579452.730,-1266055.470,176.440
-579452.910,-1266055.190,176.460
-579453.090,-1266054.920,176.480
-579453.300,-1266054.620,176.490
-579453.500,-1266054.310,176.530
-579453.680,-1266054.050,176.560
-579453.880,-1266053.750,176.580
-579454.080,-1266053.440,176.620
-579454.280,-1266053.150,176.650
-579454.470,-1266052.880,176.670
-579454.660,-1266052.590,176.690
-579454.840,-1266052.320,176.735
-579455.020,-1266052.040,176.760
-579455.220,-1266051.750,176.780
-579455.410,-1266051.480,176.810
-579455.610,-1266051.180,176.845
-579455.790,-1266050.890,176.870
-579454.570,-1266052.290,176.690
-579454.750,-1266052.020,176.730
-579454.930,-1266051.740,176.760
-579455.120,-1266051.460,176.780
-579455.320,-1266051.160,176.810
-579455.500,-1266050.890,176.835
-579455.700,-1266050.590,176.865
-579455.890,-1266050.320,176.890
-579456.070,-1266050.040,176.920
-579456.270,-1266049.740,176.945
-579456.470,-1266049.450,176.980
-579456.660,-1266049.170,176.995
-579456.860,-1266048.870,177.040
-579457.060,-1266048.580,177.070
-579457.260,-1266048.280,177.080
-579457.440,-1266047.990,177.080
-579457.620,-1266047.720,177.080
-579457.810,-1266047.470,177.070
-579457.990,-1266047.200,177.050
-579458.190,-1266046.920,177.020
-579458.370,-1266046.650,177.000
-579458.570,-1266046.360,176.960
-579458.750,-1266046.100,176.945
-579458.930,-1266045.830,176.915
-579459.130,-1266045.540,176.880
-579459.330,-1266045.250,176.850
-579459.510,-1266044.990,176.830
-579459.710,-1266044.710,176.800
-579459.910,-1266044.410,176.760
-579460.110,-1266044.120,176.740
-579460.290,-1266043.870,176.710
-579460.470,-1266043.590,176.680
-579460.660,-1266043.330,176.650
-579460.830,-1266043.070,176.630
-579461.040,-1266042.770,176.600
-579461.220,-1266042.510,176.570
-579461.410,-1266042.230,176.550
-579461.600,-1266041.960,176.540
-579461.780,-1266041.690,176.535
-579452.430,-1266055.460,176.425
-579452.620,-1266055.190,176.440
-579452.820,-1266054.890,176.460
-579453.000,-1266054.610,176.470
-579453.190,-1266054.340,176.490
-579453.390,-1266054.030,176.530
-579453.590,-1266053.740,176.540
-579453.780,-1266053.460,176.580
-579453.980,-1266053.160,176.605
-579454.170,-1266052.870,176.630
-579454.380,-1266052.570,176.670
-579453.840,-1266052.800,176.590
-579454.040,-1266052.500,176.625
-579454.240,-1266052.200,176.660
-579454.430,-1266051.910,176.680
-579454.630,-1266051.630,176.720
-579454.810,-1266051.350,176.750
-579454.990,-1266051.080,176.770
-579455.180,-1266050.790,176.810
-579455.380,-1266050.500,176.825
-579455.560,-1266050.240,176.850
-579455.760,-1266049.930,176.885
-579455.950,-1266049.650,176.920
-579456.130,-1266049.380,176.935
-579456.330,-1266049.080,176.970
-579456.530,-1266048.780,176.995
-579456.710,-1266048.510,177.030
-579456.910,-1266048.210,177.050
-579457.110,-1266047.910,177.070
-579457.310,-1266047.620,177.070
-579457.500,-1266047.340,177.080
-579457.680,-1266047.080,177.090
-579457.860,-1266046.820,177.050
-579458.050,-1266046.550,177.030
-579458.240,-1266046.260,177.000
-579458.420,-1266046.000,176.970
-579458.620,-1266045.720,176.950
-579458.810,-1266045.440,176.920
-579458.990,-1266045.180,176.900
-579459.190,-1266044.890,176.865
-579459.390,-1266044.590,176.825
-579459.570,-1266044.330,176.800
-579459.760,-1266044.050,176.770
-579459.970,-1266043.750,176.745
-579460.160,-1266043.470,176.720
-579460.530,-1266042.940,176.660
-579460.710,-1266042.680,176.625
-579460.890,-1266042.410,176.610
-579461.090,-1266042.110,176.585
-579461.270,-1266041.850,176.570
-579461.470,-1266041.570,176.550
-579461.840,-1266041.040,176.520
-579452.500,-1266054.810,176.435
-579452.680,-1266054.530,176.450
-579452.890,-1266054.220,176.470
-579453.070,-1266053.940,176.480
-579453.260,-1266053.670,176.500
-579453.460,-1266053.370,176.530
-579453.650,-1266053.070,176.570
-579453.710,-1266052.420,176.590
-579453.890,-1266052.140,176.620
-579454.090,-1266051.850,176.650
-579454.290,-1266051.540,176.680
-579454.490,-1266051.250,176.710
-579454.670,-1266050.980,176.730
-579454.860,-1266050.700,176.770
-579455.050,-1266050.420,176.790
-579455.230,-1266050.150,176.810
-579455.430,-1266049.850,176.840
-579455.610,-1266049.580,176.880
-579455.810,-1266049.280,176.915
-579456.000,-1266049.000,176.930
-579456.180,-1266048.720,176.960
-579456.380,-1266048.430,176.990
-579456.580,-1266048.130,177.025
-579456.770,-1266047.850,177.050
-579456.960,-1266047.560,177.070
-579457.160,-1266047.270,177.080
-579457.360,-1266046.960,177.080
-579457.540,-1266046.700,177.075
-579457.730,-1266046.440,177.075
-579457.910,-1266046.170,177.030
-579458.090,-1266045.910,177.010
-579458.290,-1266045.610,176.980
-579458.470,-1266045.350,176.950
-579458.670,-1266045.060,176.920
-579458.850,-1266044.800,176.910
-579459.040,-1266044.530,176.880
-579459.240,-1266044.240,176.845
-579459.430,-1266043.960,176.810
-579459.620,-1266043.690,176.790
-579459.810,-1266043.400,176.750
-579460.010,-1266043.120,176.720
-579460.210,-1266042.830,176.710
-579460.390,-1266042.560,176.665
-579460.570,-1266042.290,176.640
-579460.750,-1266042.040,176.610
-579460.940,-1266041.760,176.600
-579461.140,-1266041.470,176.570
-579461.320,-1266041.220,176.560
-579461.520,-1266040.920,176.550
-579461.700,-1266040.660,176.520
-579452.350,-1266054.450,176.430
-579452.550,-1266054.150,176.440
-579452.730,-1266053.870,176.470
-579452.930,-1266053.570,176.490
-579453.120,-1266053.300,176.500
-579453.300,-1266053.020,176.530
-579453.500,-1266052.730,176.540
-579453.590,-1266052.080,176.580
-579453.790,-1266051.780,176.610
-579453.970,-1266051.510,176.630
-579454.170,-1266051.210,176.670
-579454.370,-1266050.910,176.695
-579454.570,-1266050.610,176.720
-579454.760,-1266050.340,176.760
-579454.940,-1266050.060,176.780
-579455.130,-1266049.790,176.810
-579455.310,-1266049.510,176.840
-579455.510,-1266049.210,176.880
-579455.690,-1266048.940,176.905
-579455.900,-1266048.630,176.930
-579456.080,-1266048.370,176.950
-579456.260,-1266048.090,176.980
-579456.460,-1266047.790,177.010
-579456.660,-1266047.500,177.040
-579456.840,-1266047.220,177.070
-579457.040,-1266046.920,177.085
-579457.240,-1266046.620,177.080
-579457.440,-1266046.330,177.080
-579457.620,-1266046.070,177.080
-579457.800,-1266045.810,177.045
-579457.990,-1266045.540,177.020
-579458.170,-1266045.270,177.000
-579458.360,-1266044.990,176.960
-579458.550,-1266044.720,176.920
-579458.750,-1266044.430,176.910
-579458.930,-1266044.170,176.900
-579459.110,-1266043.900,176.870
-579459.310,-1266043.610,176.820
-579459.510,-1266043.330,176.800
-579459.690,-1266043.060,176.765
-579459.890,-1266042.770,176.730
-579460.080,-1266042.480,176.710
-579460.280,-1266042.200,176.690
-579460.470,-1266041.930,176.650
-579460.650,-1266041.660,176.620
-579460.830,-1266041.390,176.595
-579461.020,-1266041.130,176.575
-579461.210,-1266040.850,176.560
-579461.390,-1266040.580,176.530
-579461.590,-1266040.290,176.520
-579461.770,-1266040.040,176.510
-579452.250,-1266054.080,176.415
-579452.430,-1266053.810,176.440
-579452.640,-1266053.510,176.460
-579452.820,-1266053.230,176.470
-579453.020,-1266052.930,176.490
-579453.210,-1266052.660,176.520
-579453.390,-1266052.390,176.540
-579454.030,-1266050.860,176.660
-579454.230,-1266050.570,176.700
-579454.430,-1266050.260,176.720
-579454.630,-1266049.970,176.740
-579454.810,-1266049.700,176.770
-579455.000,-1266049.420,176.800
-579455.180,-1266049.140,176.830
-579455.370,-1266048.870,176.865
-579455.570,-1266048.570,176.890
-579455.750,-1266048.290,176.925
-579455.950,-1266048.000,176.950
-579456.140,-1266047.720,176.980
-579456.320,-1266047.450,177.000
-579456.520,-1266047.150,177.040
-579456.720,-1266046.850,177.070
-579456.900,-1266046.570,177.080
-579457.100,-1266046.280,177.090
-579457.300,-1266045.980,177.090
-579457.500,-1266045.700,177.080
-579457.670,-1266045.440,177.045
-579457.860,-1266045.170,177.025
-579458.040,-1266044.900,177.000
-579458.220,-1266044.640,176.975
-579458.420,-1266044.350,176.945
-579458.610,-1266044.080,176.920
-579458.800,-1266043.800,176.890
-579458.990,-1266043.530,176.870
-579459.170,-1266043.260,176.840
-579459.360,-1266042.980,176.810
-579459.560,-1266042.690,176.770
-579459.750,-1266042.420,176.740
-579459.940,-1266042.130,176.710
-579460.140,-1266041.850,176.690
-579460.340,-1266041.550,176.660
-579460.520,-1266041.300,176.620
-579460.700,-1266041.030,176.610
-579460.890,-1266040.760,176.580
-579461.070,-1266040.490,176.560
-579461.270,-1266040.210,176.530
-579461.450,-1266039.940,176.520
-579461.650,-1266039.660,176.510
-579452.310,-1266053.440,176.435
-579452.490,-1266053.160,176.450
-579452.690,-1266052.870,176.470
-579452.880,-1266052.590,176.480
-579453.080,-1266052.290,176.515
-579453.260,-1266052.010,176.540
-579453.450,-1266051.740,176.580
-579453.650,-1266051.440,176.610
-579453.850,-1266051.140,176.630
-579454.760,-1266049.360,176.770
-579454.940,-1266049.080,176.800
-579455.130,-1266048.800,176.830
-579455.310,-1266048.520,176.850
-579455.490,-1266048.250,176.880
-579455.690,-1266047.960,176.920
-579455.880,-1266047.680,176.940
-579456.070,-1266047.380,176.980
-579456.260,-1266047.110,177.000
-579456.440,-1266046.830,177.040
-579456.640,-1266046.540,177.065
-579456.840,-1266046.240,177.080
-579457.020,-1266045.960,177.085
-579457.220,-1266045.660,177.085
-579457.420,-1266045.390,177.080
-579457.620,-1266045.090,177.050
-579457.800,-1266044.830,177.020
-579457.980,-1266044.570,177.000
-579458.170,-1266044.300,176.970
-579458.350,-1266044.030,176.940
-579458.540,-1266043.740,176.920
-579458.730,-1266043.470,176.900
-579458.930,-1266043.190,176.860
-579459.100,-1266042.930,176.820
-579459.290,-1266042.650,176.810
-579459.490,-1266042.370,176.770
-579459.680,-1266042.090,176.750
-579459.870,-1266041.810,176.710
-579460.070,-1266041.520,176.690
-579460.260,-1266041.240,176.670
-579460.460,-1266040.950,176.635
-579460.650,-1266040.690,176.600
-579460.820,-1266040.430,176.570
-579461.010,-1266040.150,176.560
-579461.190,-1266039.880,176.530
-579461.380,-1266039.610,176.530
-579461.570,-1266039.350,176.515
-579452.250,-1266053.100,176.430
-579452.430,-1266052.830,176.450
-579452.620,-1266052.550,176.460
-579452.820,-1266052.250,176.490
-579453.000,-1266051.980,176.510
-579453.200,-1266051.670,176.530
-579453.390,-1266051.400,176.570
-579453.570,-1266051.130,176.610
-579453.770,-1266050.820,176.630
-579453.970,-1266050.530,176.660
-579454.160,-1266050.250,176.680
-579454.360,-1266049.950,176.720
-579454.560,-1266049.650,176.730
-579455.950,-1266047.060,176.965
-579456.150,-1266046.760,176.990
-579456.340,-1266046.480,177.010
-579456.520,-1266046.220,177.055
-579456.720,-1266045.910,177.080
-579456.920,-1266045.610,177.080
-579457.100,-1266045.340,177.080
-579457.300,-1266045.050,177.080
-579457.500,-1266044.760,177.080
-579457.690,-1266044.480,177.040
-579457.870,-1266044.210,177.000
-579458.060,-1266043.940,176.980
-579458.240,-1266043.680,176.950
-579458.420,-1266043.410,176.920
-579458.620,-1266043.120,176.900
-579458.800,-1266042.860,176.870
-579459.000,-1266042.570,176.840
-579459.190,-1266042.300,176.810
-579459.360,-1266042.040,176.785
-579459.560,-1266041.750,176.760
-579459.760,-1266041.460,176.720
-579459.940,-1266041.200,176.700
-579460.140,-1266040.910,176.680
-579460.340,-1266040.620,176.650
-579460.530,-1266040.330,176.600
-579460.710,-1266040.070,176.580
-579460.900,-1266039.800,176.560
-579461.080,-1266039.530,176.550
-579461.260,-1266039.270,176.530
-579461.460,-1266038.980,176.520
-579452.150,-1266052.750,176.440
-579452.330,-1266052.470,176.450
-579452.520,-1266052.190,176.460
-579452.700,-1266051.930,176.475
-579452.900,-1266051.630,176.510
-579453.090,-1266051.350,176.530
-579453.280,-1266051.050,176.560
-579453.470,-1266050.780,176.605
-579453.650,-1266050.500,176.630
-579453.850,-1266050.200,176.630
-579454.050,-1266049.900,176.660
-579454.230,-1266049.630,176.705
-579454.440,-1266049.330,176.720
-579454.640,-1266049.030,176.770
-579454.830,-1266048.740,176.785
-579455.020,-1266048.450,176.830
-579455.200,-1266048.180,176.850
-579455.380,-1266047.910,176.880
-579455.570,-1266047.630,176.900
-579455.770,-1266047.330,176.930
-579456.960,-1266044.930,177.080
-579457.140,-1266044.660,177.080
-579457.540,-1266044.090,177.040
-579457.740,-1266043.800,177.020
-579457.910,-1266043.550,176.990
-579458.100,-1266043.280,176.960
-579458.290,-1266043.000,176.930
-579458.460,-1266042.740,176.905
-579458.660,-1266042.450,176.870
-579458.850,-1266042.190,176.840
-579459.040,-1266041.910,176.820
-579459.220,-1266041.630,176.790
-579459.410,-1266041.360,176.770
-579459.600,-1266041.080,176.750
-579459.800,-1266040.790,176.700
-579459.990,-1266040.520,176.680
-579460.180,-1266040.240,176.660
-579460.380,-1266039.950,176.620
-579460.580,-1266039.660,176.580
-579460.760,-1266039.400,176.560
-579460.940,-1266039.130,176.550
-579461.120,-1266038.860,176.530
-579461.300,-1266038.600,176.530
-579452.010,-1266052.350,176.425
-579452.200,-1266052.070,176.445
-579452.370,-1266051.800,176.460
-579452.560,-1266051.520,176.470
-579452.750,-1266051.240,176.490
-579452.950,-1266050.950,176.530
-579453.130,-1266050.670,176.550
-579453.330,-1266050.370,176.570
-579453.510,-1266050.100,176.605
-579453.700,-1266049.820,176.630
-579453.900,-1266049.520,176.660
-579454.100,-1266049.230,176.690
-579454.280,-1266048.950,176.720
-579454.480,-1266048.650,176.750
-579454.680,-1266048.350,176.780
-579454.880,-1266048.060,176.815
-579455.060,-1266047.780,176.850
-579455.250,-1266047.500,176.870
-579455.430,-1266047.230,176.890
-579455.610,-1266046.960,176.920
-579455.810,-1266046.650,176.950
-579456.000,-1266046.380,176.980
-579456.380,-1266045.800,177.050
-579456.570,-1266045.530,177.080
-579456.760,-1266045.230,177.080
-579458.880,-1266041.560,176.840
-579459.080,-1266041.270,176.795
-579459.260,-1266041.000,176.780
-579459.440,-1266040.740,176.750
-579459.640,-1266040.450,176.720
-579459.840,-1266040.160,176.690
-579460.020,-1266039.890,176.660
-579460.210,-1266039.610,176.630
-579460.410,-1266039.320,176.600
-579460.610,-1266039.030,176.570
-579460.790,-1266038.770,176.550
-579460.970,-1266038.490,176.540
-579461.160,-1266038.230,176.530
-579461.340,-1266037.970,176.520
-579452.050,-1266051.710,176.450
-579452.240,-1266051.430,176.460
-579452.420,-1266051.160,176.470
-579452.600,-1266050.880,176.490
-579452.790,-1266050.610,176.500
-579452.990,-1266050.310,176.535
-579453.170,-1266050.030,176.570
-579453.370,-1266049.740,176.600
-579453.550,-1266049.460,176.630
-579453.740,-1266049.180,176.640
-579453.940,-1266048.880,176.680
-579454.140,-1266048.590,176.710
-579454.320,-1266048.310,176.730
-579454.520,-1266048.010,176.770
-579454.720,-1266047.720,176.805
-579454.920,-1266047.420,176.830
-579455.100,-1266047.130,176.865
-579455.290,-1266046.860,176.890
-579455.470,-1266046.590,176.910
-579455.660,-1266046.310,176.950
-579455.850,-1266046.010,176.970
-579456.030,-1266045.740,177.000
-579456.240,-1266045.440,177.030
-579456.420,-1266045.170,177.075
-579456.600,-1266044.900,177.080
-579456.800,-1266044.590,177.100
-579457.000,-1266044.290,177.085
-579457.180,-1266044.040,177.080
-579457.380,-1266043.740,177.050
-579457.570,-1266043.460,177.025
-579457.770,-1266043.180,177.000
-579457.950,-1266042.910,176.970
-579458.140,-1266042.640,176.940
-579458.320,-1266042.370,176.920
-579458.500,-1266042.110,176.885
-579458.700,-1266041.820,176.870
-579460.740,-1266038.450,176.560
-579460.920,-1266038.190,176.545
-579461.100,-1266037.920,176.535
-579461.290,-1266037.660,176.520
-579451.980,-1266051.440,176.445
-579452.180,-1266051.140,176.450
-579452.370,-1266050.850,176.470
-579452.550,-1266050.570,176.475
-579452.740,-1266050.300,176.500
-579452.920,-1266050.030,176.530
-579453.120,-1266049.720,176.570
-579453.300,-1266049.450,176.590
-579453.510,-1266049.150,176.620
-579453.690,-1266048.880,176.640
-579453.870,-1266048.600,176.660
-579454.070,-1266048.300,176.710
-579454.270,-1266048.000,176.730
-579454.450,-1266047.730,176.765
-579454.660,-1266047.420,176.790
-579454.850,-1266047.130,176.820
-579455.050,-1266046.830,176.870
-579455.230,-1266046.560,176.885
-579455.420,-1266046.280,176.915
-579455.600,-1266046.010,176.950
-579455.780,-1266045.730,176.960
-579455.980,-1266045.430,177.000
-579456.170,-1266045.150,177.030
-579456.360,-1266044.860,177.060
-579456.550,-1266044.590,177.080
-579456.730,-1266044.300,177.080
-579456.930,-1266044.010,177.080
-579457.130,-1266043.730,177.080
-579457.310,-1266043.460,177.070
-579457.500,-1266043.180,177.030
-579457.700,-1266042.880,177.000
-579457.900,-1266042.600,176.970
-579458.080,-1266042.340,176.940
-579458.270,-1266042.070,176.920
-579458.450,-1266041.800,176.900
-579458.630,-1266041.540,176.870
-579458.830,-1266041.240,176.825
-579459.010,-1266040.980,176.800
-579459.200,-1266040.690,176.780
-579459.390,-1266040.420,176.750
-579459.570,-1266040.150,176.720
-579459.770,-1266039.870,176.695
-579459.960,-1266039.590,176.660
-579460.150,-1266039.320,176.630
-579460.340,-1266039.030,176.605
-579460.540,-1266038.740,176.580
-579452.010,-1266050.780,176.450
-579452.210,-1266050.480,176.460
-579452.390,-1266050.200,176.470
-579452.580,-1266049.930,176.480
-579452.760,-1266049.650,176.520
-579452.950,-1266049.370,176.560
-579453.140,-1266049.070,176.580
-579453.330,-1266048.800,176.610
-579453.530,-1266048.500,176.640
-579453.710,-1266048.220,176.660
-579453.900,-1266047.940,176.685
-579454.100,-1266047.640,176.720
-579454.290,-1266047.350,176.740
-579454.480,-1266047.070,176.790
-579454.870,-1266046.480,176.850
-579455.080,-1266046.170,176.890
-579455.260,-1266045.900,176.900
-579455.440,-1266045.620,176.930
-579455.630,-1266045.350,176.960
-579455.810,-1266045.080,176.980
-579456.000,-1266044.780,177.020
-579456.190,-1266044.500,177.050
-579456.390,-1266044.200,177.080
-579456.570,-1266043.930,177.080
-579456.760,-1266043.650,177.080
-579456.960,-1266043.360,177.080
-579457.150,-1266043.080,177.070
-579457.330,-1266042.820,177.045
-579457.530,-1266042.520,177.010
-579457.720,-1266042.230,176.990
-579457.920,-1266041.950,176.955
-579458.290,-1266041.420,176.910
-579458.470,-1266041.150,176.870
-579458.650,-1266040.880,176.840
-579458.850,-1266040.600,176.810
-579459.030,-1266040.340,176.780
-579459.230,-1266040.040,176.750
-579459.410,-1266039.780,176.740
-579459.590,-1266039.510,176.705
-579459.790,-1266039.220,176.675
-579459.980,-1266038.940,176.640
-579460.160,-1266038.670,176.610
-579460.370,-1266038.370,176.590
-579460.560,-1266038.090,176.570
-579460.760,-1266037.810,176.550
-579460.940,-1266037.540,176.540
-579461.120,-1266037.270,176.520
-579451.710,-1266050.710,176.430
-579451.910,-1266050.430,176.440
-579452.110,-1266050.130,176.460
-579452.310,-1266049.820,176.470
-579452.490,-1266049.550,176.490
-579452.670,-1266049.280,176.520
-579452.860,-1266048.990,176.540
-579453.040,-1266048.720,176.580
-579453.240,-1266048.420,176.600
-579453.430,-1266048.140,176.640
-579453.630,-1266047.850,176.660
-579453.810,-1266047.570,176.680
-579454.000,-1266047.290,176.720
-579454.190,-1266047.000,176.740
-579454.390,-1266046.700,176.785
-579454.580,-1266046.420,176.810
-579454.770,-1266046.120,176.845
-579454.970,-1266045.830,176.880
-579455.170,-1266045.530,176.900
-579455.350,-1266045.250,176.945
-579455.540,-1266044.970,176.970
-579455.720,-1266044.710,176.990
-579455.900,-1266044.430,177.020
-579456.100,-1266044.120,177.040
-579456.280,-1266043.860,177.070
-579456.480,-1266043.560,177.080
-579456.670,-1266043.280,177.080
-579456.840,-1266043.020,177.080
-579457.050,-1266042.720,177.070
-579457.240,-1266042.430,177.040
-579457.420,-1266042.170,177.020
-579457.620,-1266041.880,176.990
-579457.820,-1266041.590,176.960
-579458.010,-1266041.310,176.920
-579458.200,-1266041.040,176.890
-579458.380,-1266040.770,176.870
-579458.560,-1266040.510,176.850
-579458.740,-1266040.240,176.820
-579458.940,-1266039.950,176.790
-579459.120,-1266039.690,176.760
-579459.320,-1266039.400,176.725
-579459.500,-1266039.120,176.710
-579459.680,-1266038.870,176.695
-579459.880,-1266038.580,176.660
-579460.080,-1266038.280,176.620
-579460.250,-1266038.030,176.600
-579460.450,-1266037.740,176.570
-579460.650,-1266037.440,176.560
-579460.850,-1266037.160,176.535
-579461.030,-1266036.890,176.520
-579461.210,-1266036.640,176.505
-579451.790,-1266050.090,176.430
-579451.990,-1266049.790,176.450
-579452.190,-1266049.490,176.470
-579452.390,-1266049.190,176.480
-579452.580,-1266048.910,176.510
-579452.760,-1266048.640,176.540
-579452.940,-1266048.370,176.560
-579453.130,-1266048.080,176.590
-579453.330,-1266047.780,176.625
-579453.510,-1266047.510,176.660
-579453.710,-1266047.210,176.680
-579453.890,-1266046.930,176.715
-579454.080,-1266046.660,176.730
-579454.270,-1266046.360,176.780
-579454.470,-1266046.060,176.805
-579454.660,-1266045.780,176.830
-579454.860,-1266045.490,176.875
-579455.050,-1266045.200,176.900
-579455.250,-1266044.890,176.930
-579455.440,-1266044.620,176.960
-579455.620,-1266044.350,176.980
-579455.800,-1266044.060,177.000
-579455.990,-1266043.790,177.030
-579456.180,-1266043.500,177.070
-579456.370,-1266043.220,177.070
-579456.560,-1266042.920,177.080
-579456.740,-1266042.660,177.080
-579456.930,-1266042.380,177.080
-579457.130,-1266042.100,177.060
-579457.320,-1266041.820,177.020
-579457.510,-1266041.540,177.000
-579457.700,-1266041.250,176.980
-579457.900,-1266040.970,176.935
-579458.280,-1266040.410,176.880
-579458.460,-1266040.150,176.840
-579458.640,-1266039.880,176.810
-579458.820,-1266039.610,176.800
-579459.020,-1266039.340,176.770
-579459.200,-1266039.060,176.740
-579459.400,-1266038.770,176.710
-579459.580,-1266038.510,176.680
-579459.760,-1266038.240,176.670
-579459.960,-1266037.950,176.630
-579460.150,-1266037.660,176.610
-579460.340,-1266037.390,176.580
-579460.530,-1266037.110,176.565
-579460.730,-1266036.820,176.530
-579460.930,-1266036.530,176.520
-579461.110,-1266036.280,176.500
-579452.530,-1266048.590,176.520
-579452.710,-1266048.330,176.540
-579452.900,-1266048.040,176.565
-579453.080,-1266047.770,176.590
-579453.260,-1266047.490,176.640
-579453.460,-1266047.190,176.650
-579453.650,-1266046.910,176.680
-579453.840,-1266046.620,176.700
-579454.030,-1266046.340,176.730
-579454.210,-1266046.060,176.770
-579454.400,-1266045.770,176.805
-579454.610,-1266045.470,176.830
-579454.790,-1266045.190,176.860
-579454.990,-1266044.900,176.900
-579455.180,-1266044.600,176.920
-579455.390,-1266044.300,176.960
-579455.570,-1266044.020,176.975
-579455.750,-1266043.750,177.010
-579455.940,-1266043.470,177.030
-579456.120,-1266043.200,177.055
-579456.310,-1266042.900,177.070
-579456.500,-1266042.620,177.080
-579456.700,-1266042.330,177.080
-579456.880,-1266042.070,177.080
-579457.060,-1266041.800,177.065
-579457.260,-1266041.510,177.030
-579457.450,-1266041.230,177.010
-579457.630,-1266040.960,176.960
-579457.830,-1266040.670,176.950
-579458.030,-1266040.380,176.910
-579458.220,-1266040.100,176.880
-579458.410,-1266039.830,176.840
-579458.590,-1266039.560,176.820
-579458.770,-1266039.300,176.800
-579458.950,-1266039.020,176.770
-579459.150,-1266038.740,176.740
-579459.330,-1266038.480,176.720
-579459.530,-1266038.180,176.680
-579459.710,-1266037.910,176.665
-579459.890,-1266037.660,176.640
-579460.090,-1266037.360,176.610
-579460.290,-1266037.070,176.575
-579460.460,-1266036.810,176.560
-579460.660,-1266036.520,176.530
-579460.860,-1266036.230,176.520
-579461.050,-1266035.960,176.490
-579451.750,-1266049.770,176.430
-579451.930,-1266049.490,176.440
-579452.130,-1266049.200,176.460
-579452.330,-1266048.890,176.480
-579456.500,-1266041.960,177.080
-579456.690,-1266041.680,177.080
-579456.880,-1266041.410,177.070
-579457.060,-1266041.140,177.050
-579457.250,-1266040.860,177.010
-579457.450,-1266040.570,176.980
-579457.640,-1266040.300,176.950
-579457.830,-1266040.020,176.920
-579458.030,-1266039.730,176.895
-579458.230,-1266039.440,176.870
-579458.400,-1266039.180,176.840
-579458.590,-1266038.910,176.820
-579458.770,-1266038.630,176.790
-579458.950,-1266038.370,176.760
-579459.150,-1266038.090,176.735
-579459.330,-1266037.820,176.700
-579459.520,-1266037.530,176.675
-579459.710,-1266037.260,176.645
-579459.890,-1266036.990,176.620
-579460.080,-1266036.710,176.590
-579460.280,-1266036.420,176.560
-579460.470,-1266036.150,176.540
-579460.660,-1266035.870,176.510
-579460.860,-1266035.580,176.500
-579461.050,-1266035.300,176.480
-579451.750,-1266049.110,176.440
-579451.930,-1266048.830,176.455
-579452.140,-1266048.530,176.470
-579452.330,-1266048.240,176.500
-579452.530,-1266047.930,176.530
-579452.720,-1266047.660,176.545
-579452.900,-1266047.380,176.580
-579453.080,-1266047.110,176.610
-579453.270,-1266046.820,176.640
-579453.460,-1266046.530,176.660
-579453.650,-1266046.250,176.700
-579453.850,-1266045.960,176.730
-579454.210,-1266045.400,176.790
-579454.410,-1266045.110,176.830
-579454.610,-1266044.810,176.840
-579454.790,-1266044.530,176.875
-579454.990,-1266044.240,176.900
-579455.190,-1266043.940,176.940
-579455.390,-1266043.630,176.960
-579455.570,-1266043.370,177.000
-579455.750,-1266043.090,177.020
-579455.940,-1266042.810,177.040
-579456.120,-1266042.540,177.070
-579456.320,-1266042.240,177.080
-579459.760,-1266036.630,176.620
-579459.940,-1266036.360,176.600
-579460.140,-1266036.060,176.565
-579460.330,-1266035.780,176.530
-579460.520,-1266035.520,176.520
-579460.720,-1266035.220,176.510
-579460.900,-1266034.960,176.480
-579451.610,-1266048.760,176.440
-579451.810,-1266048.460,176.450
-579451.990,-1266048.190,176.460
-579452.190,-1266047.890,176.490
-579452.390,-1266047.580,176.530
-579452.590,-1266047.290,176.540
-579452.770,-1266047.010,176.580
-579452.960,-1266046.730,176.620
-579453.140,-1266046.460,176.640
-579453.320,-1266046.180,176.660
-579453.520,-1266045.880,176.700
-579453.700,-1266045.610,176.725
-579453.900,-1266045.310,176.750
-579454.090,-1266045.030,176.780
-579454.270,-1266044.760,176.815
-579454.470,-1266044.460,176.835
-579454.670,-1266044.160,176.870
-579454.850,-1266043.890,176.900
-579455.050,-1266043.590,176.920
-579455.240,-1266043.290,176.950
-579455.440,-1266042.990,176.970
-579455.620,-1266042.720,177.015
-579455.810,-1266042.440,177.030
-579455.990,-1266042.170,177.060
-579456.170,-1266041.890,177.080
-579456.370,-1266041.590,177.080
-579456.550,-1266041.320,177.080
-579456.750,-1266041.040,177.070
-579456.930,-1266040.770,177.050
-579457.110,-1266040.500,177.030
-579457.310,-1266040.220,176.995
-579457.510,-1266039.930,176.950
-579457.690,-1266039.660,176.920
-579457.890,-1266039.370,176.900
-579458.080,-1266039.090,176.880
-579458.280,-1266038.800,176.860
-579458.460,-1266038.530,176.820
-579458.640,-1266038.270,176.790
-579458.820,-1266038.000,176.770
-579459.010,-1266037.730,176.750
-579459.200,-1266037.450,176.715
-579459.380,-1266037.170,176.680
-579459.580,-1266036.880,176.650
-579451.490,-1266048.460,176.430
-579451.690,-1266048.160,176.440
-579451.890,-1266047.870,176.460
-579452.070,-1266047.590,176.475
-579452.270,-1266047.290,176.510
-579452.470,-1266046.990,176.540
-579452.670,-1266046.690,176.570
-579452.860,-1266046.410,176.600
-579453.030,-1266046.140,176.640
-579453.220,-1266045.860,176.660
-579453.400,-1266045.580,176.690
-579453.600,-1266045.290,176.710
-579453.780,-1266045.010,176.750
-579453.980,-1266044.710,176.770
-579454.170,-1266044.430,176.800
-579454.350,-1266044.160,176.830
-579454.550,-1266043.860,176.865
-579454.740,-1266043.570,176.890
-579454.930,-1266043.290,176.910
-579455.130,-1266042.990,176.935
-579455.320,-1266042.690,176.970
-579455.520,-1266042.390,177.000
-579455.700,-1266042.110,177.030
-579455.890,-1266041.840,177.055
-579456.070,-1266041.570,177.070
-579456.250,-1266041.290,177.080
-579456.450,-1266041.000,177.075
-579456.630,-1266040.730,177.070
-579456.820,-1266040.450,177.050
-579457.010,-1266040.170,177.040
-579457.190,-1266039.910,177.010
-579457.390,-1266039.620,176.980
-579457.580,-1266039.340,176.945
-579457.760,-1266039.060,176.920
-579457.960,-1266038.780,176.895
-579458.160,-1266038.490,176.870
-579458.350,-1266038.210,176.840
-579458.530,-1266037.940,176.800
-579458.720,-1266037.670,176.770
-579458.900,-1266037.400,176.750
-579459.070,-1266037.140,176.735
-579459.280,-1266036.850,176.690
-579459.460,-1266036.580,176.660
-579459.650,-1266036.300,176.625
-579459.830,-1266036.030,176.610
-579460.020,-1266035.760,176.570
-579460.210,-1266035.480,176.540
-579460.410,-1266035.190,176.530
-579460.590,-1266034.920,176.510
-579460.780,-1266034.640,176.490
-579451.620,-1266047.870,176.440
-579451.820,-1266047.570,176.460
-579452.020,-1266047.280,176.480
-579452.200,-1266047.000,176.510
-579452.400,-1266046.700,176.540
-579452.600,-1266046.400,176.570
-579452.790,-1266046.100,176.600
-579452.980,-1266045.820,176.640
-579453.160,-1266045.540,176.660
-579453.340,-1266045.270,176.690
-579453.530,-1266044.990,176.705
-579453.730,-1266044.690,176.750
-579453.910,-1266044.420,176.770
-579454.110,-1266044.120,176.800
-579454.290,-1266043.840,176.830
-579454.470,-1266043.570,176.850
-579454.670,-1266043.270,176.870
-579454.870,-1266042.970,176.910
-579455.050,-1266042.700,176.945
-579455.250,-1266042.400,176.960
-579455.450,-1266042.100,177.000
-579455.640,-1266041.810,177.020
-579455.830,-1266041.530,177.040
-579456.010,-1266041.250,177.060
-579456.190,-1266040.980,177.070
-579456.380,-1266040.700,177.070
-579456.570,-1266040.420,177.070
-579456.750,-1266040.160,177.055
-579456.950,-1266039.870,177.040
-579457.130,-1266039.590,177.010
-579457.310,-1266039.330,176.985
-579457.510,-1266039.040,176.950
-579457.710,-1266038.750,176.930
-579457.890,-1266038.490,176.900
-579458.080,-1266038.200,176.875
-579458.280,-1266037.900,176.840
-579458.480,-1266037.620,176.820
-579458.660,-1266037.360,176.770
-579458.840,-1266037.090,176.750
-579459.020,-1266036.820,176.730
-579459.200,-1266036.560,176.700
-579459.400,-1266036.270,176.660
-579459.580,-1266036.000,176.630
-579459.770,-1266035.720,176.610
-579459.960,-1266035.440,176.570
-579460.140,-1266035.180,176.550
-579460.330,-1266034.890,176.530
-579460.530,-1266034.610,176.510
-579460.710,-1266034.340,176.500
-579460.910,-1266034.060,176.490
-579455.480,-1266041.470,177.000
-579455.670,-1266041.180,177.030
-579455.860,-1266040.900,177.060
-579456.040,-1266040.630,177.070
-579456.220,-1266040.350,177.070
-579456.400,-1266040.080,177.070
-579456.600,-1266039.800,177.065
-579456.780,-1266039.530,177.040
-579456.980,-1266039.240,177.010
-579457.160,-1266038.970,176.990
-579457.340,-1266038.710,176.960
-579457.530,-1266038.420,176.950
-579457.730,-1266038.130,176.910
-579457.910,-1266037.870,176.890
-579458.310,-1266037.280,176.830
-579458.500,-1266037.010,176.780
-579458.680,-1266036.730,176.760
-579458.860,-1266036.460,176.730
-579459.040,-1266036.200,176.710
-579459.230,-1266035.930,176.670
-579459.420,-1266035.640,176.640
-579459.600,-1266035.380,176.615
-579459.800,-1266035.080,176.590
-579459.980,-1266034.820,176.570
-579460.160,-1266034.560,176.540
-579460.360,-1266034.260,176.520
-579460.560,-1266033.970,176.500
-579460.730,-1266033.730,176.490
-579451.280,-1266047.790,176.430
-579451.470,-1266047.510,176.440
-579451.660,-1266047.240,176.450
-579451.850,-1266046.950,176.470
-579452.050,-1266046.640,176.510
-579452.240,-1266046.360,176.530
-579452.430,-1266046.070,176.560
-579452.630,-1266045.770,176.590
-579452.830,-1266045.460,176.620
-579453.010,-1266045.190,176.650
-579453.190,-1266044.910,176.680
-579453.380,-1266044.640,176.705
-579453.560,-1266044.360,176.730
-579453.760,-1266044.070,176.760
-579453.940,-1266043.790,176.775
-579454.140,-1266043.490,176.815
-579454.320,-1266043.210,176.840
-579454.510,-1266042.930,176.870
-579454.700,-1266042.640,176.900
-579454.900,-1266042.340,176.925
-579455.080,-1266042.060,176.960
-579455.280,-1266041.770,176.975
-579451.310,-1266047.140,176.440
-579451.490,-1266046.850,176.450
-579451.680,-1266046.580,176.470
-579451.870,-1266046.280,176.505
-579452.070,-1266045.980,176.520
-579452.260,-1266045.710,176.540
-579452.450,-1266045.410,176.580
-579452.650,-1266045.120,176.620
-579452.850,-1266044.800,176.650
-579453.030,-1266044.530,176.670
-579453.210,-1266044.260,176.690
-579453.400,-1266043.980,176.710
-579453.580,-1266043.700,176.750
-579453.780,-1266043.410,176.770
-579453.960,-1266043.130,176.800
-579454.160,-1266042.830,176.830
-579454.340,-1266042.560,176.860
-579454.530,-1266042.280,176.890
-579454.730,-1266041.980,176.915
-579454.920,-1266041.690,176.945
-579455.100,-1266041.410,176.960
-579455.300,-1266041.110,177.000
-579455.490,-1266040.820,177.010
-579455.690,-1266040.520,177.050
-579455.880,-1266040.240,177.060
-579456.050,-1266039.980,177.070
-579456.240,-1266039.700,177.070
-579456.420,-1266039.420,177.070
-579456.620,-1266039.140,177.050
-579456.800,-1266038.870,177.035
-579457.000,-1266038.580,177.005
-579457.170,-1266038.320,176.985
-579457.360,-1266038.050,176.960
-579457.560,-1266037.760,176.925
-579457.750,-1266037.480,176.895
-579457.930,-1266037.210,176.870
-579458.130,-1266036.920,176.835
-579458.320,-1266036.630,176.800
-579458.520,-1266036.350,176.760
-579458.700,-1266036.070,176.730
-579458.880,-1266035.810,176.720
-579459.060,-1266035.550,176.680
-579459.250,-1266035.280,176.655
-579459.440,-1266034.990,176.620
-579459.620,-1266034.720,176.610
-579459.820,-1266034.430,176.570
-579460.000,-1266034.170,176.560
-579460.180,-1266033.900,176.540
-579451.250,-1266046.880,176.440
-579451.450,-1266046.580,176.450
-579451.630,-1266046.310,176.470
-579451.810,-1266046.030,176.490
-579452.010,-1266045.720,176.510
-579452.210,-1266045.430,176.540
-579452.390,-1266045.150,176.570
-579452.590,-1266044.850,176.610
-579452.790,-1266044.550,176.635
-579452.990,-1266044.250,176.670
-579453.170,-1266043.980,176.690
-579453.350,-1266043.700,176.710
-579453.530,-1266043.430,176.735
-579453.720,-1266043.150,176.760
-579453.920,-1266042.850,176.790
-579454.090,-1266042.580,176.820
-579454.290,-1266042.280,176.850
-579454.480,-1266042.000,176.875
-579454.660,-1266041.720,176.900
-579454.850,-1266041.430,176.930
-579455.050,-1266041.130,176.960
-579455.230,-1266040.860,176.980
-579455.430,-1266040.570,177.005
-579455.630,-1266040.260,177.050
-579455.830,-1266039.960,177.060
-579456.000,-1266039.690,177.070
-579456.190,-1266039.410,177.070
-579456.370,-1266039.150,177.070
-579456.550,-1266038.890,177.070
-579456.750,-1266038.590,177.030
-579456.930,-1266038.330,177.020
-579457.120,-1266038.040,176.990
-579457.310,-1266037.770,176.955
-579457.490,-1266037.500,176.920
-579457.680,-1266037.220,176.900
-579457.880,-1266036.930,176.870
-579458.060,-1266036.660,176.840
-579458.250,-1266036.370,176.810
-579458.450,-1266036.080,176.760
-579458.650,-1266035.790,176.740
-579458.830,-1266035.530,176.710
-579459.010,-1266035.260,176.680
-579459.190,-1266034.990,176.660
-579459.370,-1266034.730,176.630
-579459.570,-1266034.440,176.610
-579459.750,-1266034.170,176.590
-579459.940,-1266033.890,176.560
-579453.810,-1266042.530,176.790
-579454.010,-1266042.220,176.815
-579454.190,-1266041.950,176.840
-579454.380,-1266041.660,176.865
-579454.570,-1266041.380,176.890
-579454.750,-1266041.100,176.910
-579454.950,-1266040.810,176.940
-579455.150,-1266040.510,176.980
-579455.320,-1266040.240,177.000
-579455.520,-1266039.940,177.035
-579455.720,-1266039.630,177.065
-579455.920,-1266039.330,177.070
-579456.100,-1266039.060,177.080
-579456.280,-1266038.790,177.080
-579456.460,-1266038.530,177.080
-579456.640,-1266038.260,177.050
-579456.840,-1266037.970,177.020
-579457.020,-1266037.700,176.990
-579457.220,-1266037.420,176.960
-579457.400,-1266037.150,176.935
-579457.580,-1266036.880,176.910
-579457.770,-1266036.590,176.880
-579457.970,-1266036.310,176.840
-579458.150,-1266036.040,176.820
-579458.350,-1266035.750,176.780
-579458.540,-1266035.470,176.750
-579458.740,-1266035.180,176.710
-579458.920,-1266034.910,176.690
-579459.100,-1266034.650,176.670
-579459.280,-1266034.370,176.655
-579459.460,-1266034.110,176.620
-579459.650,-1266033.830,176.590
-579451.160,-1266046.520,176.440
-579451.340,-1266046.260,176.450
-579451.540,-1266045.950,176.460
-579451.720,-1266045.680,176.490
-579451.910,-1266045.400,176.515
-579452.110,-1266045.100,176.540
-579452.310,-1266044.800,176.580
-579452.480,-1266044.530,176.600
-579452.680,-1266044.220,176.630
-579452.880,-1266043.920,176.640
-579453.070,-1266043.640,176.685
-579453.260,-1266043.350,176.710
-579453.450,-1266043.070,176.730
-579453.620,-1266042.810,176.755
-579451.150,-1266045.880,176.450
-579451.330,-1266045.600,176.460
-579451.530,-1266045.310,176.490
-579451.710,-1266045.030,176.520
-579451.900,-1266044.740,176.540
-579452.090,-1266044.460,176.560
-579452.290,-1266044.150,176.590
-579452.480,-1266043.870,176.620
-579452.670,-1266043.580,176.630
-579452.870,-1266043.280,176.660
-579453.070,-1266042.980,176.690
-579453.250,-1266042.700,176.720
-579453.430,-1266042.430,176.740
-579453.610,-1266042.150,176.770
-579453.790,-1266041.880,176.795
-579453.990,-1266041.580,176.830
-579454.180,-1266041.300,176.850
-579454.370,-1266041.010,176.880
-579454.550,-1266040.730,176.890
-579454.740,-1266040.460,176.930
-579454.930,-1266040.160,176.960
-579455.130,-1266039.860,176.980
-579455.310,-1266039.580,177.020
-579455.510,-1266039.290,177.050
-579455.700,-1266038.990,177.070
-579455.900,-1266038.690,177.080
-579456.080,-1266038.420,177.080
-579456.260,-1266038.150,177.075
-579456.440,-1266037.890,177.060
-579456.630,-1266037.620,177.040
-579456.820,-1266037.330,177.020
-579457.000,-1266037.070,176.980
-579457.200,-1266036.780,176.945
-579457.380,-1266036.510,176.920
-579457.560,-1266036.250,176.890
-579457.760,-1266035.950,176.860
-579457.950,-1266035.660,176.830
-579458.130,-1266035.400,176.805
-579458.330,-1266035.110,176.770
-579458.530,-1266034.820,176.740
-579458.720,-1266034.540,176.705
-579458.900,-1266034.270,176.680
-579459.080,-1266033.990,176.660
-579451.030,-1266045.560,176.450
-579451.230,-1266045.260,176.460
-579451.410,-1266044.980,176.490
-579451.790,-1266044.400,176.540
-579451.970,-1266044.130,176.550
-579452.170,-1266043.830,176.580
-579452.360,-1266043.540,176.600
-579452.550,-1266043.250,176.630
-579452.750,-1266042.950,176.655
-579452.940,-1266042.670,176.680
-579453.140,-1266042.360,176.715
-579453.330,-1266042.080,176.730
-579453.500,-1266041.810,176.750
-579453.690,-1266041.530,176.790
-579453.870,-1266041.250,176.820
-579454.060,-1266040.960,176.830
-579454.250,-1266040.690,176.870
-579454.450,-1266040.380,176.900
-579454.620,-1266040.120,176.920
-579454.810,-1266039.840,176.940
-579455.010,-1266039.530,176.980
-579455.200,-1266039.240,177.015
-579455.390,-1266038.960,177.050
-579455.580,-1266038.660,177.070
-579455.780,-1266038.370,177.080
-579455.970,-1266038.070,177.080
-579456.160,-1266037.800,177.080
-579456.330,-1266037.540,177.080
-579456.520,-1266037.270,177.050
-579456.700,-1266037.000,177.020
-579456.890,-1266036.710,176.980
-579457.070,-1266036.450,176.960
-579457.270,-1266036.160,176.930
-579457.450,-1266035.890,176.900
-579457.630,-1266035.620,176.860
-579457.830,-1266035.330,176.840
-579458.020,-1266035.050,176.810
-579458.200,-1266034.780,176.780
-579458.400,-1266034.490,176.750
-579458.590,-1266034.210,176.710
-579458.790,-1266033.920,176.680
-579454.910,-1266039.250,176.965
-579455.100,-1266038.960,177.010
-579455.300,-1266038.650,177.050
-579455.480,-1266038.380,177.065
-579455.670,-1266038.090,177.080
-579455.870,-1266037.790,177.080
-579456.070,-1266037.490,177.090
-579456.250,-1266037.240,177.080
-579456.430,-1266036.970,177.060
-579456.610,-1266036.690,177.020
-579456.790,-1266036.440,176.980
-579456.990,-1266036.140,176.950
-579457.170,-1266035.870,176.935
-579457.360,-1266035.590,176.910
-579457.540,-1266035.320,176.870
-579457.730,-1266035.050,176.850
-579457.920,-1266034.770,176.830
-579458.120,-1266034.480,176.790
-579458.300,-1266034.210,176.750
-579458.490,-1266033.920,176.720
-579450.940,-1266045.250,176.450
-579451.130,-1266044.980,176.460
-579451.700,-1266044.100,176.540
-579451.890,-1266043.830,176.550
-579452.070,-1266043.550,176.570
-579452.270,-1266043.250,176.590
-579452.470,-1266042.950,176.620
-579452.650,-1266042.680,176.635
-579452.840,-1266042.380,176.660
-579453.040,-1266042.080,176.710
-579453.240,-1266041.780,176.730
-579453.420,-1266041.510,176.750
-579453.600,-1266041.230,176.780
-579453.780,-1266040.960,176.810
-579453.960,-1266040.680,176.830
-579454.160,-1266040.380,176.870
-579454.350,-1266040.100,176.895
-579454.540,-1266039.810,176.920
-579454.730,-1266039.530,176.940
-579450.900,-1266044.950,176.435
-579451.460,-1266044.110,176.520
-579451.640,-1266043.840,176.540
-579451.840,-1266043.530,176.550
-579452.020,-1266043.260,176.570
-579452.200,-1266042.990,176.590
-579452.400,-1266042.680,176.620
-579452.600,-1266042.390,176.635
-579452.780,-1266042.120,176.660
-579452.980,-1266041.810,176.700
-579453.180,-1266041.510,176.720
-579453.370,-1266041.220,176.740
-579453.550,-1266040.940,176.790
-579453.740,-1266040.660,176.810
-579453.910,-1266040.390,176.830
-579454.100,-1266040.110,176.870
-579454.300,-1266039.810,176.890
-579454.480,-1266039.540,176.920
-579454.670,-1266039.240,176.940
-579454.860,-1266038.960,176.980
-579455.040,-1266038.690,177.010
-579455.230,-1266038.390,177.040
-579455.430,-1266038.090,177.070
-579455.610,-1266037.810,177.080
-579455.810,-1266037.510,177.090
-579456.010,-1266037.220,177.090
-579456.200,-1266036.930,177.070
-579456.380,-1266036.660,177.050
-579456.570,-1266036.390,177.020
-579456.740,-1266036.140,176.985
-579456.920,-1266035.870,176.960
-579457.120,-1266035.580,176.930
-579457.300,-1266035.310,176.900
-579457.490,-1266035.030,176.870
-579457.670,-1266034.770,176.850
-579457.860,-1266034.490,176.820
-579458.050,-1266034.200,176.800
-579458.240,-1266033.920,176.760
-579451.210,-1266043.760,176.510
-579451.410,-1266043.430,176.530
-579451.600,-1266043.150,176.530
-579451.790,-1266042.860,176.550
-579451.970,-1266042.580,176.580
-579452.160,-1266042.300,176.600
-579452.350,-1266042.010,176.620
-579452.550,-1266041.710,176.640
-579452.730,-1266041.430,176.670
-579453.120,-1266040.840,176.725
-579453.330,-1266040.530,176.770
-579453.500,-1266040.260,176.790
-579453.680,-1266039.980,176.820
-579453.870,-1266039.700,176.840
-579454.050,-1266039.420,176.880
-579454.250,-1266039.130,176.915
-579454.430,-1266038.850,176.935
-579454.620,-1266038.550,176.960
-579454.810,-1266038.280,176.995
-579454.990,-1266038.000,177.020
-579455.180,-1266037.710,177.050
-579455.380,-1266037.410,177.075
-579455.560,-1266037.140,177.090
-579455.760,-1266036.830,177.090
-579455.950,-1266036.550,177.080
-579456.140,-1266036.270,177.070
-579456.330,-1266035.990,177.035
-579456.510,-1266035.730,176.995
-579456.680,-1266035.470,176.970
-579456.870,-1266035.200,176.950
-579457.060,-1266034.900,176.925
-579457.240,-1266034.640,176.890
-579457.440,-1266034.350,176.860
-579457.620,-1266034.080,176.845
-579451.160,-1266043.460,176.510
-579451.350,-1266043.130,176.520
-579451.540,-1266042.840,176.530
-579451.720,-1266042.550,176.540
-579451.920,-1266042.260,176.580
-579452.100,-1266041.980,176.600
-579452.290,-1266041.700,176.610
-579452.480,-1266041.410,176.640
-579452.680,-1266041.110,176.670
-579452.860,-1266040.830,176.700
-579453.060,-1266040.530,176.720
-579453.250,-1266040.240,176.760
-579453.450,-1266039.940,176.790
-579453.630,-1266039.650,176.825
-579453.810,-1266039.390,176.840
-579454.000,-1266039.110,176.880
-579454.180,-1266038.820,176.900
-579454.370,-1266038.540,176.930
-579454.550,-1266038.260,176.960
-579454.750,-1266037.950,176.990
-579454.930,-1266037.690,177.020
-579455.110,-1266037.410,177.050
-579455.310,-1266037.110,177.070
-579455.500,-1266036.810,177.085
-579455.690,-1266036.540,177.085
-579455.880,-1266036.240,177.080
-579456.070,-1266035.970,177.080
-579456.450,-1266035.400,177.005
-579456.630,-1266035.140,176.970
-579456.810,-1266034.870,176.950
-579457.000,-1266034.600,176.930
-579457.190,-1266034.320,176.890
-579457.370,-1266034.050,176.865
-579451.020,-1266043.100,176.490
-579451.390,-1266042.500,176.520
-579451.590,-1266042.190,176.530
-579451.770,-1266041.920,176.555
-579451.960,-1266041.620,176.580
-579452.150,-1266041.340,176.600
-579452.320,-1266041.070,176.630
-579452.520,-1266040.770,176.650
-579452.720,-1266040.470,176.685
-579452.900,-1266040.200,176.720
-579453.100,-1266039.900,176.750
-579453.290,-1266039.600,176.785
-579453.490,-1266039.300,176.800
-579453.670,-1266039.030,176.840
-579453.850,-1266038.750,176.870
-579454.030,-1266038.470,176.890
-579454.210,-1266038.200,176.920
-579454.410,-1266037.890,176.940
-579454.590,-1266037.620,176.970
-579454.790,-1266037.330,177.010
-579454.970,-1266037.050,177.030
-579455.150,-1266036.770,177.060
-579455.340,-1266036.480,177.080
-579455.550,-1266036.170,177.080
-579455.730,-1266035.910,177.080
-579455.920,-1266035.630,177.080
-579456.110,-1266035.330,177.050
-579456.310,-1266035.040,177.030
-579456.490,-1266034.780,176.980
-579456.670,-1266034.510,176.970
-579456.850,-1266034.240,176.940
-579457.030,-1266033.990,176.910
-579453.440,-1266039.030,176.810
-579453.630,-1266038.730,176.835
-579453.820,-1266038.450,176.870
-579454.000,-1266038.170,176.890
-579454.180,-1266037.910,176.920
-579454.360,-1266037.620,176.940
-579454.560,-1266037.320,176.975
-579454.730,-1266037.060,177.000
-579454.930,-1266036.750,177.030
-579455.120,-1266036.470,177.060
-579455.290,-1266036.200,177.075
-579455.490,-1266035.910,177.080
-579455.690,-1266035.600,177.080
-579455.870,-1266035.340,177.075
-579456.060,-1266035.060,177.050
-579456.450,-1266034.480,176.990
-579456.630,-1266034.210,176.950
-579456.810,-1266033.940,176.940
-579450.980,-1266042.800,176.480
-579451.170,-1266042.470,176.495
-579451.350,-1266042.210,176.515
-579451.540,-1266041.920,176.530
-579451.730,-1266041.620,176.550
-579451.910,-1266041.350,176.580
-579452.110,-1266041.050,176.600
-579452.290,-1266040.770,176.625
-579452.470,-1266040.500,176.650
-579452.670,-1266040.200,176.690
-579452.870,-1266039.900,176.720
-579453.040,-1266039.630,176.740
-579453.240,-1266039.320,176.780
-579450.800,-1266042.410,176.470
-579450.980,-1266042.120,176.490
-579451.160,-1266041.810,176.510
-579451.350,-1266041.540,176.520
-579451.520,-1266041.270,176.550
-579451.720,-1266040.960,176.580
-579451.910,-1266040.680,176.600
-579452.100,-1266040.390,176.625
-579452.280,-1266040.110,176.650
-579452.470,-1266039.830,176.670
-579452.660,-1266039.540,176.700
-579452.860,-1266039.240,176.740
-579453.040,-1266038.950,176.770
-579453.230,-1266038.670,176.790
-579453.430,-1266038.370,176.830
-579453.630,-1266038.060,176.860
-579453.810,-1266037.790,176.880
-579453.990,-1266037.520,176.900
-579454.170,-1266037.240,176.930
-579454.350,-1266036.970,176.960
-579454.550,-1266036.660,176.985
-579454.730,-1266036.390,177.020
-579454.920,-1266036.090,177.040
-579455.100,-1266035.810,177.070
-579455.290,-1266035.540,177.080
-579455.480,-1266035.240,177.080
-579455.680,-1266034.960,177.070
-579455.860,-1266034.680,177.070
-579456.050,-1266034.400,177.040
-579456.250,-1266034.110,177.005
-579452.410,-1266039.490,176.670
-579452.590,-1266039.220,176.700
-579452.780,-1266038.920,176.730
-579452.980,-1266038.620,176.770
-579453.160,-1266038.350,176.790
-579453.350,-1266038.050,176.820
-579453.550,-1266037.750,176.860
-579453.750,-1266037.450,176.880
-579453.930,-1266037.170,176.910
-579454.110,-1266036.910,176.930
-579454.290,-1266036.620,176.950
-579454.470,-1266036.340,176.980
-579454.660,-1266036.050,177.015
-579454.850,-1266035.770,177.030
-579455.040,-1266035.470,177.070
-579455.220,-1266035.210,177.070
-579455.410,-1266034.930,177.070
-579455.600,-1266034.630,177.070
-579455.790,-1266034.350,177.060
-579455.970,-1266034.080,177.040
-579450.720,-1266042.090,176.420
-579450.920,-1266041.800,176.490
-579451.100,-1266041.480,176.510
-579451.290,-1266041.200,176.520
-579451.460,-1266040.930,176.550
-579451.650,-1266040.650,176.570
-579451.850,-1266040.340,176.600
-579452.020,-1266040.080,176.620
-579452.220,-1266039.770,176.650
-579450.760,-1266041.470,176.490
-579450.970,-1266041.120,176.510
-579451.150,-1266040.840,176.520
-579451.330,-1266040.570,176.550
-579451.520,-1266040.290,176.570
-579451.700,-1266040.010,176.600
-579451.890,-1266039.720,176.610
-579452.080,-1266039.440,176.645
-579452.270,-1266039.140,176.670
-579452.450,-1266038.870,176.690
-579452.630,-1266038.580,176.730
-579452.830,-1266038.280,176.750
-579453.020,-1266037.990,176.780
-579453.210,-1266037.710,176.810
-579453.410,-1266037.410,176.840
-579453.600,-1266037.120,176.870
-579453.790,-1266036.820,176.890
-579453.980,-1266036.530,176.920
-579454.160,-1266036.260,176.950
-579454.340,-1266035.990,176.980
-579454.520,-1266035.710,177.000
-579454.720,-1266035.410,177.030
-579454.890,-1266035.140,177.060
-579455.090,-1266034.840,177.070
-579455.270,-1266034.560,177.070
-579455.450,-1266034.300,177.070
-579455.650,-1266034.010,177.070
-579453.530,-1266036.800,176.855
-579453.730,-1266036.510,176.880
-579453.920,-1266036.210,176.910
-579454.100,-1266035.930,176.940
-579454.280,-1266035.660,176.960
-579454.460,-1266035.390,177.000
-579454.650,-1266035.100,177.030
-579454.840,-1266034.800,177.055
-579455.020,-1266034.540,177.070
-579455.220,-1266034.230,177.070
-579450.700,-1266041.150,176.500
-579451.100,-1266040.510,176.550
-579451.280,-1266040.230,176.560
-579451.460,-1266039.960,176.570
-579451.640,-1266039.690,176.600
-579451.830,-1266039.400,176.610
-579452.020,-1266039.110,176.640
-579452.200,-1266038.830,176.670
-579452.400,-1266038.530,176.690
-579452.580,-1266038.250,176.730
-579452.760,-1266037.980,176.750
-579452.960,-1266037.680,176.770
-579453.150,-1266037.380,176.800
-579453.330,-1266037.110,176.835
-579451.150,-1266039.860,176.560
-579451.330,-1266039.580,176.570
-579451.520,-1266039.310,176.600
-579451.700,-1266039.030,176.610
-579451.880,-1266038.750,176.635
-579452.070,-1266038.450,176.660
-579452.260,-1266038.170,176.680
-579452.450,-1266037.880,176.720
-579452.630,-1266037.600,176.745
-579452.810,-1266037.320,176.760
-579453.000,-1266037.030,176.800
-579453.200,-1266036.730,176.830
-579453.390,-1266036.450,176.850
-579453.580,-1266036.160,176.880
-579453.770,-1266035.860,176.910
-579453.970,-1266035.550,176.930
-579454.150,-1266035.280,176.960
-579454.330,-1266035.010,176.985
-579454.510,-1266034.730,177.025
-579454.690,-1266034.460,177.035
-579454.890,-1266034.160,177.060
-579454.630,-1266034.070,177.045
-579451.080,-1266039.490,176.560
-579451.280,-1266039.200,176.580
-579451.460,-1266038.930,176.600
-579451.640,-1266038.640,176.610
-579451.820,-1266038.370,176.640
-579452.000,-1266038.090,176.660
-579452.200,-1266037.800,176.680
-579452.380,-1266037.520,176.720
-579452.570,-1266037.220,176.740
-579452.760,-1266036.940,176.760
-579452.940,-1266036.670,176.790
-579453.130,-1266036.370,176.830
-579453.330,-1266036.070,176.860
-579453.510,-1266035.790,176.870
-579453.700,-1266035.500,176.900
-579453.890,-1266035.200,176.920
-579454.090,-1266034.900,176.970
-579454.270,-1266034.630,176.990
-579454.450,-1266034.350,177.025
-579450.960,-1266039.160,176.560
-579451.150,-1266038.860,176.570
-579451.350,-1266038.560,176.600
-579451.530,-1266038.280,176.610
-579451.710,-1266038.010,176.630
-579451.890,-1266037.730,176.660
-579452.080,-1266037.450,176.680
-579452.270,-1266037.160,176.710
-579452.450,-1266036.880,176.725
-579452.650,-1266036.580,176.760
-579452.830,-1266036.310,176.780
-579453.010,-1266036.030,176.810
-579453.210,-1266035.720,176.840
-579453.400,-1266035.430,176.860
-579453.580,-1266035.160,176.890
-579453.770,-1266034.860,176.910
-579453.970,-1266034.560,176.950
-579454.160,-1266034.260,176.975
-579450.870,-1266038.790,176.560
-579451.070,-1266038.480,176.570
-579451.260,-1266038.190,176.590
-579451.450,-1266037.890,176.610
-579451.640,-1266037.610,176.640
-579451.820,-1266037.330,176.660
-579451.990,-1266037.060,176.680
-579452.180,-1266036.780,176.700
-579452.380,-1266036.480,176.740
-579452.550,-1266036.210,176.760
-579452.750,-1266035.900,176.780
-579452.930,-1266035.630,176.810
-579453.110,-1266035.360,176.830
-579453.310,-1266035.060,176.870
-579453.500,-1266034.760,176.890
-579453.680,-1266034.490,176.915
-579453.880,-1266034.180,176.950
-579450.800,-1266038.450,176.560
-579450.980,-1266038.170,176.570
-579451.170,-1266037.870,176.590
-579451.370,-1266037.570,176.610
-579451.570,-1266037.270,176.640
-579451.740,-1266036.990,176.660
-579451.930,-1266036.710,176.680
-579452.110,-1266036.440,176.700
-579452.290,-1266036.170,176.715
-579452.480,-1266035.860,176.750
-579452.670,-1266035.590,176.760
-579452.850,-1266035.300,176.790
-579453.040,-1266035.020,176.830
-579453.220,-1266034.730,176.860
-579453.410,-1266034.450,176.880
-579453.610,-1266034.140,176.910
-579450.730,-1266038.070,176.560
-579450.930,-1266037.770,176.580
-579451.100,-1266037.500,176.590
-579451.300,-1266037.200,176.605
-579451.500,-1266036.900,176.630
-579451.690,-1266036.600,176.660
-579451.870,-1266036.320,176.680
-579452.050,-1266036.050,176.700
-579452.230,-1266035.770,176.710
-579452.410,-1266035.490,176.750
-579452.610,-1266035.200,176.780
-579452.790,-1266034.920,176.790
-579452.980,-1266034.620,176.830
-579453.160,-1266034.340,176.850
-579450.970,-1266037.120,176.590
-579451.150,-1266036.840,176.595
-579451.350,-1266036.530,176.610
-579451.540,-1266036.250,176.640
-579451.740,-1266035.940,176.680
-579451.920,-1266035.660,176.685
-579452.100,-1266035.390,176.710
-579452.280,-1266035.110,176.740
-579452.460,-1266034.830,176.760
-579452.650,-1266034.540,176.780
-579452.830,-1266034.260,176.815
-579450.900,-1266036.810,176.590
-579451.090,-1266036.510,176.590
-579451.280,-1266036.230,176.605
-579451.470,-1266035.940,176.640
-579451.660,-1266035.640,176.660
-579451.860,-1266035.340,176.680
-579452.040,-1266035.060,176.710
-579452.220,-1266034.790,176.730
-579452.400,-1266034.510,176.750
-579452.580,-1266034.230,176.770
-579450.590,-1266036.770,176.580
-579450.760,-1266036.490,176.580
-579450.960,-1266036.200,176.590
-579451.150,-1266035.900,176.600
-579451.330,-1266035.620,176.620
-579451.530,-1266035.330,176.640
-579451.720,-1266035.020,176.680
-579451.920,-1266034.720,176.700
-579452.090,-1266034.450,176.720
-579452.280,-1266034.170,176.750
-579450.520,-1266036.430,176.570
-579450.710,-1266036.140,176.585
-579450.880,-1266035.870,176.590
-579451.080,-1266035.580,176.600
-579451.270,-1266035.270,176.620
-579451.450,-1266035.000,176.640
-579451.650,-1266034.700,176.675
-579451.840,-1266034.400,176.700
-579450.580,-1266035.780,176.570
-579450.750,-1266035.510,176.580
-579450.940,-1266035.230,176.595
-579451.130,-1266034.930,176.610
-579451.320,-1266034.640,176.625
-579451.510,-1266034.360,176.650
-579450.430,-1266035.410,176.560
-579450.620,-1266035.110,176.580
-579450.800,-1266034.840,176.590
-579450.980,-1266034.560,176.600
-579451.180,-1266034.260,176.610
-579450.510,-1266034.790,176.570
-579450.700,-1266034.490,176.570
-579450.890,-1266034.210,176.585
-579450.400,-1266034.420,176.560
-579460.380,-1266033.610,176.520
-579460.580,-1266033.320,176.500
-579460.130,-1266033.620,176.540
-579460.310,-1266033.350,176.520
-579460.500,-1266033.060,176.500
-579460.700,-1266032.790,176.495
-579459.840,-1266033.550,176.570
-579460.210,-1266033.000,176.540
-579460.400,-1266032.730,176.510
-579460.590,-1266032.460,176.500
-579459.260,-1266033.740,176.640
-579459.440,-1266033.470,176.600
-579459.640,-1266033.170,176.580
-579459.810,-1266032.920,176.560
-579460.020,-1266032.620,176.540
-579460.200,-1266032.350,176.510
-579460.370,-1266032.090,176.500
-579460.570,-1266031.810,176.500
-579458.970,-1266033.650,176.660
-579459.150,-1266033.380,176.635
-579459.330,-1266033.120,176.615
-579459.520,-1266032.840,176.590
-579459.710,-1266032.560,176.570
-579459.890,-1266032.290,176.535
-579460.090,-1266032.000,176.530
-579460.270,-1266031.740,176.510
-579460.450,-1266031.490,176.500
-579458.690,-1266033.630,176.700
-579458.880,-1266033.350,176.670
-579459.070,-1266033.080,176.640
-579459.250,-1266032.810,176.600
-579459.430,-1266032.540,176.595
-579459.610,-1266032.270,176.580
-579459.800,-1266031.990,176.550
-579459.980,-1266031.710,176.545
-579460.180,-1266031.430,176.525
-579460.360,-1266031.180,176.510
-579458.430,-1266033.650,176.725
-579458.620,-1266033.350,176.700
-579458.820,-1266033.070,176.675
-579459.010,-1266032.780,176.640
-579459.200,-1266032.510,176.610
-579459.370,-1266032.260,176.600
-579459.560,-1266031.980,176.575
-579459.740,-1266031.710,176.560
-579459.930,-1266031.430,176.540
-579460.110,-1266031.150,176.525
-579457.800,-1266033.810,176.820
-579458.000,-1266033.520,176.785
-579458.190,-1266033.240,176.750
-579458.370,-1266032.980,176.725
-579458.570,-1266032.680,176.700
-579458.760,-1266032.390,176.650
-579458.950,-1266032.110,176.640
-579459.140,-1266031.840,176.610
-579459.320,-1266031.560,176.590
-579459.500,-1266031.300,176.565
-579459.680,-1266031.030,176.550
-579459.880,-1266030.740,176.540
-579460.050,-1266030.490,176.530
-579457.570,-1266033.760,176.840
-579457.750,-1266033.490,176.820
-579457.930,-1266033.220,176.790
-579458.120,-1266032.940,176.760
-579458.320,-1266032.650,176.730
-579458.500,-1266032.380,176.700
-579458.690,-1266032.090,176.670
-579458.890,-1266031.800,176.650
-579459.080,-1266031.510,176.610
-579459.260,-1266031.240,176.600
-579459.440,-1266030.970,176.590
-579459.620,-1266030.710,176.555
-579459.810,-1266030.440,176.550
-579460.180,-1266029.900,176.525
-579457.230,-1266033.680,176.870
-579457.410,-1266033.420,176.855
-579457.600,-1266033.140,176.830
-579457.780,-1266032.870,176.810
-579457.960,-1266032.600,176.770
-579458.160,-1266032.310,176.740
-579458.350,-1266032.020,176.720
-579458.530,-1266031.750,176.690
-579458.730,-1266031.470,176.650
-579458.920,-1266031.180,176.630
-579459.120,-1266030.880,176.610
-579459.300,-1266030.610,176.590
-579459.480,-1266030.350,176.570
-579459.660,-1266030.080,176.550
-579459.840,-1266029.820,176.540
-579460.030,-1266029.540,176.530
-579457.000,-1266033.670,176.900
-579457.170,-1266033.410,176.880
-579457.370,-1266033.120,176.850
-579457.550,-1266032.850,176.825
-579457.740,-1266032.560,176.800
-579457.920,-1266032.300,176.770
-579458.110,-1266032.020,176.740
-579458.300,-1266031.740,176.710
-579458.490,-1266031.460,176.690
-579458.680,-1266031.180,176.660
-579458.870,-1266030.890,176.630
-579459.060,-1266030.610,176.610
-579459.260,-1266030.310,176.580
-579459.440,-1266030.050,176.560
-579459.620,-1266029.780,176.545
-579459.800,-1266029.500,176.530
-579459.980,-1266029.250,176.520
-579456.440,-1266033.820,176.970
-579456.620,-1266033.550,176.940
-579456.800,-1266033.290,176.930
-579456.980,-1266033.020,176.890
-579457.160,-1266032.750,176.860
-579457.360,-1266032.460,176.835
-579457.540,-1266032.200,176.810
-579457.730,-1266031.910,176.770
-579457.910,-1266031.640,176.760
-579458.090,-1266031.380,176.730
-579458.290,-1266031.080,176.700
-579458.660,-1266030.530,176.645
-579458.860,-1266030.240,176.610
-579459.050,-1266029.940,176.590
-579459.240,-1266029.670,176.570
-579459.430,-1266029.390,176.550
-579459.610,-1266029.120,176.530
-579456.170,-1266033.780,177.020
-579456.360,-1266033.510,176.980
-579456.560,-1266033.210,176.950
-579456.740,-1266032.940,176.930
-579456.920,-1266032.680,176.890
-579457.100,-1266032.410,176.860
-579457.280,-1266032.130,176.835
-579457.470,-1266031.860,176.820
-579457.650,-1266031.590,176.800
-579457.850,-1266031.290,176.760
-579458.210,-1266030.760,176.700
-579458.400,-1266030.460,176.670
-579458.590,-1266030.190,176.650
-579458.780,-1266029.920,176.615
-579458.970,-1266029.620,176.590
-579459.160,-1266029.340,176.570
-579459.540,-1266028.780,176.540
-579459.720,-1266028.520,176.520
-579459.900,-1266028.260,176.510
-579455.840,-1266033.720,177.045
-579456.020,-1266033.450,177.020
-579456.210,-1266033.160,177.000
-579456.410,-1266032.880,176.960
-579456.600,-1266032.580,176.930
-579456.780,-1266032.320,176.910
-579456.970,-1266032.050,176.880
-579457.140,-1266031.780,176.845
-579457.320,-1266031.520,176.825
-579457.700,-1266030.960,176.780
-579457.890,-1266030.680,176.740
-579458.070,-1266030.400,176.710
-579458.250,-1266030.130,176.690
-579458.440,-1266029.850,176.660
-579458.640,-1266029.560,176.625
-579458.820,-1266029.290,176.590
-579459.010,-1266029.000,176.570
-579459.210,-1266028.720,176.560
-579459.410,-1266028.420,176.530
-579459.580,-1266028.160,176.520
-579459.760,-1266027.890,176.510
-579455.400,-1266033.960,177.070
-579455.570,-1266033.700,177.070
-579455.770,-1266033.410,177.050
-579455.970,-1266033.110,177.020
-579456.140,-1266032.850,177.000
-579456.340,-1266032.570,176.970
-579456.540,-1266032.270,176.940
-579456.730,-1266031.980,176.915
-579456.910,-1266031.720,176.885
-579457.090,-1266031.450,176.850
-579457.270,-1266031.180,176.830
-579457.450,-1266030.920,176.810
-579457.640,-1266030.620,176.780
-579457.820,-1266030.360,176.770
-579458.020,-1266030.070,176.710
-579458.200,-1266029.800,176.695
-579458.570,-1266029.250,176.630
-579458.770,-1266028.960,176.595
-579458.950,-1266028.690,176.570
-579459.140,-1266028.400,176.560
-579459.330,-1266028.110,176.545
-579459.530,-1266027.820,176.520
-579459.710,-1266027.550,176.510
-579455.070,-1266033.870,177.070
-579455.260,-1266033.580,177.070
-579455.440,-1266033.320,177.070
-579455.630,-1266033.050,177.065
-579455.820,-1266032.760,177.030
-579456.010,-1266032.470,177.000
-579456.190,-1266032.200,176.980
-579456.380,-1266031.920,176.940
-579456.770,-1266031.340,176.910
-579456.950,-1266031.070,176.850
-579457.130,-1266030.800,176.830
-579457.310,-1266030.540,176.820
-579457.490,-1266030.260,176.790
-579457.690,-1266029.980,176.770
-579458.060,-1266029.420,176.695
-579458.240,-1266029.150,176.670
-579458.420,-1266028.890,176.650
-579458.620,-1266028.600,176.610
-579458.810,-1266028.310,176.575
-579458.980,-1266028.050,176.560
-579459.180,-1266027.750,176.545
-579459.380,-1266027.460,176.530
-579459.570,-1266027.180,176.510
-579454.820,-1266033.800,177.060
-579455.010,-1266033.510,177.070
-579455.190,-1266033.220,177.070
-579455.390,-1266032.930,177.060
-579455.560,-1266032.670,177.065
-579455.740,-1266032.400,177.040
-579455.940,-1266032.110,177.005
-579456.130,-1266031.820,176.985
-579456.310,-1266031.550,176.960
-579456.510,-1266031.260,176.930
-579456.700,-1266030.980,176.905
-579456.890,-1266030.690,176.870
-579457.080,-1266030.420,176.840
-579457.250,-1266030.160,176.820
-579457.430,-1266029.880,176.780
-579457.620,-1266029.610,176.770
-579457.800,-1266029.340,176.750
-579457.980,-1266029.060,176.700
-579458.180,-1266028.770,176.690
-579458.360,-1266028.500,176.645
-579458.540,-1266028.240,176.610
-579458.740,-1266027.940,176.570
-579458.930,-1266027.660,176.560
-579459.110,-1266027.390,176.555
-579459.310,-1266027.100,176.525
-579459.500,-1266026.810,176.520
-579454.340,-1266033.990,177.020
-579454.530,-1266033.710,177.040
-579454.700,-1266033.440,177.060
-579454.880,-1266033.160,177.060
-579455.080,-1266032.860,177.070
-579455.260,-1266032.600,177.070
-579455.450,-1266032.300,177.070
-579455.640,-1266032.030,177.050
-579455.810,-1266031.770,177.030
-579456.000,-1266031.480,177.000
-579456.200,-1266031.190,176.960
-579456.380,-1266030.920,176.940
-579456.570,-1266030.630,176.910
-579456.770,-1266030.340,176.870
-579456.960,-1266030.050,176.840
-579457.140,-1266029.790,176.825
-579457.320,-1266029.520,176.800
-579457.500,-1266029.250,176.780
-579457.680,-1266028.990,176.750
-579457.880,-1266028.690,176.710
-579458.060,-1266028.420,176.690
-579458.240,-1266028.140,176.650
-579458.430,-1266027.870,176.615
-579458.610,-1266027.610,176.610
-579458.800,-1266027.320,176.570
-579459.000,-1266027.020,176.560
-579459.180,-1266026.750,176.540
-579459.370,-1266026.470,176.520
-579459.560,-1266026.190,176.510
-579455.180,-1266032.180,177.070
-579455.360,-1266031.930,177.070
-579455.550,-1266031.640,177.040
-579455.740,-1266031.360,177.030
-579455.910,-1266031.100,177.015
-579456.110,-1266030.810,176.970
-579456.300,-1266030.520,176.940
-579456.480,-1266030.250,176.910
-579456.670,-1266029.960,176.890
-579456.870,-1266029.670,176.845
-579457.060,-1266029.380,176.810
-579457.240,-1266029.110,176.790
-579457.420,-1266028.850,176.780
-579457.600,-1266028.580,176.745
-579457.780,-1266028.310,176.710
-579457.980,-1266028.020,176.680
-579458.150,-1266027.750,176.660
-579458.350,-1266027.480,176.630
-579458.530,-1266027.210,176.600
-579458.710,-1266026.930,176.575
-579458.900,-1266026.640,176.560
-579459.090,-1266026.360,176.535
-579459.270,-1266026.080,176.530
-579454.070,-1266033.890,176.965
-579454.260,-1266033.590,177.000
-579454.630,-1266033.030,177.060
-579454.800,-1266032.770,177.070
-579454.980,-1266032.490,177.070
-579453.790,-1266033.860,176.930
-579453.980,-1266033.570,176.950
-579454.180,-1266033.280,176.985
-579454.380,-1266032.970,177.035
-579454.550,-1266032.700,177.060
-579454.920,-1266032.140,177.070
-579455.090,-1266031.870,177.070
-579455.290,-1266031.580,177.070
-579455.470,-1266031.310,177.055
-579455.660,-1266031.020,177.030
-579455.840,-1266030.750,177.005
-579456.020,-1266030.480,176.980
-579456.210,-1266030.200,176.950
-579456.410,-1266029.910,176.920
-579456.590,-1266029.650,176.895
-579456.780,-1266029.360,176.860
-579456.970,-1266029.070,176.830
-579457.160,-1266028.780,176.790
-579457.350,-1266028.510,176.770
-579457.530,-1266028.240,176.730
-579457.700,-1266027.980,176.710
-579457.890,-1266027.710,176.690
-579458.080,-1266027.420,176.670
-579458.250,-1266027.160,176.640
-579458.450,-1266026.860,176.600
-579458.630,-1266026.590,176.580
-579458.810,-1266026.340,176.560
-579459.000,-1266026.030,176.530
-579459.200,-1266025.750,176.530
-579459.370,-1266025.490,176.520
-579457.090,-1266028.410,176.795
-579457.280,-1266028.120,176.770
-579457.470,-1266027.840,176.740
-579457.640,-1266027.580,176.715
-579457.820,-1266027.310,176.685
-579458.000,-1266027.030,176.670
-579458.190,-1266026.750,176.630
-579458.370,-1266026.480,176.610
-579458.570,-1266026.190,176.580
-579458.750,-1266025.930,176.560
-579458.930,-1266025.660,176.535
-579459.120,-1266025.360,176.530
-579459.310,-1266025.090,176.520
-579459.490,-1266024.830,176.495
-579453.340,-1266034.070,176.880
-579453.530,-1266033.770,176.910
-579453.730,-1266033.470,176.940
-579453.910,-1266033.200,176.960
-579454.110,-1266032.900,176.990
-579454.490,-1266032.300,177.060
-579454.680,-1266032.020,177.070
-579454.850,-1266031.750,177.070
-579455.030,-1266031.470,177.070
-579455.210,-1266031.200,177.080
-579455.400,-1266030.930,177.070
-579455.780,-1266030.360,176.995
-579455.960,-1266030.100,176.980
-579456.140,-1266029.830,176.950
-579456.330,-1266029.530,176.920
-579456.520,-1266029.250,176.880
-579456.700,-1266028.980,176.860
-579453.030,-1266033.960,176.850
-579453.210,-1266033.690,176.875
-579453.390,-1266033.410,176.895
-579453.580,-1266033.110,176.930
-579453.780,-1266032.810,176.955
-579453.960,-1266032.540,176.980
-579454.150,-1266032.240,177.000
-579454.350,-1266031.940,177.040
-579454.540,-1266031.640,177.070
-579454.720,-1266031.360,177.070
-579454.900,-1266031.090,177.080
-579455.080,-1266030.820,177.075
-579455.260,-1266030.550,177.070
-579455.450,-1266030.260,177.030
-579455.630,-1266030.000,177.010
-579455.830,-1266029.710,176.990
-579456.010,-1266029.440,176.950
-579456.180,-1266029.170,176.930
-579456.380,-1266028.890,176.900
-579456.570,-1266028.590,176.870
-579456.750,-1266028.330,176.850
-579456.940,-1266028.050,176.815
-579457.140,-1266027.750,176.770
-579457.330,-1266027.460,176.740
-579457.510,-1266027.200,176.720
-579457.690,-1266026.920,176.690
-579457.870,-1266026.660,176.670
-579458.040,-1266026.400,176.640
-579458.240,-1266026.100,176.615
-579458.610,-1266025.550,176.555
-579458.790,-1266025.270,176.540
-579458.970,-1266025.010,176.530
-579459.160,-1266024.730,176.520
-579452.780,-1266033.940,176.810
-579452.950,-1266033.670,176.850
-579453.150,-1266033.360,176.870
-579453.330,-1266033.080,176.890
-579453.510,-1266032.820,176.920
-579453.710,-1266032.500,176.950
-579453.900,-1266032.210,176.980
-579454.080,-1266031.940,177.000
-579454.280,-1266031.630,177.040
-579454.470,-1266031.330,177.070
-579454.660,-1266031.040,177.080
-579454.840,-1266030.760,177.080
-579455.020,-1266030.490,177.070
-579455.200,-1266030.230,177.070
-579455.380,-1266029.960,177.050
-579455.570,-1266029.670,177.010
-579455.750,-1266029.410,176.990
-579455.940,-1266029.110,176.950
-579456.120,-1266028.840,176.930
-579456.300,-1266028.580,176.900
-579456.500,-1266028.290,176.880
-579456.690,-1266027.990,176.850
-579456.870,-1266027.730,176.820
-579457.060,-1266027.440,176.790
-579457.260,-1266027.150,176.740
-579457.450,-1266026.860,176.720
-579457.630,-1266026.590,176.690
-579457.810,-1266026.320,176.670
-579457.990,-1266026.060,176.640
-579458.360,-1266025.500,176.590
-579458.540,-1266025.230,176.560
-579458.730,-1266024.940,176.540
-579458.910,-1266024.670,176.530
-579459.090,-1266024.400,176.520
-579459.280,-1266024.120,176.490
-579453.960,-1266031.590,177.000
-579454.140,-1266031.310,177.030
-579454.330,-1266031.020,177.060
-579454.520,-1266030.720,177.080
-579454.720,-1266030.420,177.080
-579454.890,-1266030.160,177.070
-579455.070,-1266029.890,177.070
-579455.250,-1266029.620,177.060
-579455.430,-1266029.350,177.020
-579455.620,-1266029.060,176.990
-579455.810,-1266028.790,176.955
-579456.000,-1266028.500,176.940
-579456.170,-1266028.240,176.920
-579456.360,-1266027.960,176.890
-579456.740,-1266027.390,176.830
-579456.920,-1266027.110,176.790
-579457.110,-1266026.830,176.770
-579457.300,-1266026.540,176.740
-579457.500,-1266026.260,176.710
-579457.680,-1266025.980,176.680
-579457.860,-1266025.720,176.640
-579458.030,-1266025.450,176.625
-579458.210,-1266025.180,176.590
-579458.410,-1266024.900,176.570
-579458.590,-1266024.620,176.540
-579458.780,-1266024.340,176.530
-579458.960,-1266024.070,176.520
-579459.130,-1266023.800,176.500
-579452.460,-1266033.890,176.770
-579452.630,-1266033.620,176.780
-579453.200,-1266032.750,176.890
-579453.390,-1266032.470,176.910
-579453.570,-1266032.190,176.950
-579453.760,-1266031.900,176.980
-579452.040,-1266034.100,176.730
-579452.220,-1266033.820,176.750
-579452.400,-1266033.550,176.760
-579452.750,-1266032.990,176.810
-579452.950,-1266032.700,176.855
-579453.130,-1266032.420,176.880
-579453.320,-1266032.120,176.910
-579453.500,-1266031.840,176.950
-579453.680,-1266031.570,176.980
-579453.870,-1266031.270,177.000
-579454.070,-1266030.970,177.025
-579454.250,-1266030.690,177.060
-579454.450,-1266030.390,177.070
-579454.640,-1266030.100,177.070
-579454.830,-1266029.800,177.070
-579455.010,-1266029.530,177.060
-579455.190,-1266029.270,177.050
-579455.370,-1266028.990,177.030
-579455.550,-1266028.730,177.000
-579455.740,-1266028.450,176.960
-579455.920,-1266028.170,176.950
-579456.110,-1266027.880,176.925
-579456.290,-1266027.620,176.890
-579456.470,-1266027.340,176.860
-579456.660,-1266027.060,176.840
-579456.850,-1266026.770,176.800
-579457.030,-1266026.500,176.770
-579457.230,-1266026.210,176.740
-579457.420,-1266025.930,176.715
-579457.610,-1266025.640,176.690
-579457.800,-1266025.370,176.645
-579457.970,-1266025.110,176.630
-579458.150,-1266024.830,176.600
-579458.330,-1266024.560,176.580
-579458.520,-1266024.280,176.550
-579458.700,-1266024.010,176.540
-579458.900,-1266023.710,176.530
-579459.070,-1266023.450,176.490
-579455.970,-1266027.540,176.930
-579456.160,-1266027.250,176.890
-579456.340,-1266026.980,176.875
-579456.520,-1266026.720,176.840
-579456.710,-1266026.430,176.810
-579456.910,-1266026.130,176.780
-579457.080,-1266025.860,176.750
-579457.270,-1266025.590,176.720
-579457.470,-1266025.280,176.690
-579457.660,-1266025.000,176.670
-579457.840,-1266024.740,176.625
-579458.020,-1266024.460,176.605
-579458.200,-1266024.190,176.580
-579458.370,-1266023.940,176.570
-579458.570,-1266023.640,176.535
-579458.750,-1266023.370,176.530
-579458.940,-1266023.080,176.490
-579451.700,-1266034.050,176.670
-579451.890,-1266033.760,176.710
-579452.270,-1266033.180,176.750
-579452.450,-1266032.910,176.770
-579452.630,-1266032.630,176.810
-579452.810,-1266032.350,176.850
-579453.000,-1266032.060,176.870
-579453.180,-1266031.770,176.900
-579453.550,-1266031.200,176.950
-579453.730,-1266030.920,176.990
-579453.930,-1266030.620,177.020
-579454.120,-1266030.330,177.045
-579454.300,-1266030.050,177.070
-579454.490,-1266029.760,177.070
-579454.690,-1266029.460,177.060
-579454.880,-1266029.170,177.060
-579455.060,-1266028.900,177.050
-579455.240,-1266028.630,177.040
-579455.420,-1266028.360,177.010
-579455.600,-1266028.100,176.980
-579455.790,-1266027.800,176.950
-579451.370,-1266033.970,176.640
-579451.740,-1266033.380,176.695
-579451.940,-1266033.090,176.720
-579452.130,-1266032.800,176.750
-579452.310,-1266032.510,176.770
-579452.490,-1266032.240,176.810
-579452.670,-1266031.960,176.835
-579453.040,-1266031.390,176.905
-579453.220,-1266031.110,176.930
-579453.420,-1266030.810,176.950
-579453.590,-1266030.540,176.990
-579453.770,-1266030.260,177.010
-579453.970,-1266029.950,177.050
-579454.160,-1266029.660,177.050
-579454.340,-1266029.390,177.060
-579454.540,-1266029.080,177.065
-579454.730,-1266028.790,177.060
-579454.920,-1266028.510,177.060
-579455.100,-1266028.230,177.050
-579455.280,-1266027.960,177.020
-579455.450,-1266027.700,176.990
-579455.640,-1266027.430,176.965
-579455.830,-1266027.140,176.940
-579456.000,-1266026.880,176.900
-579456.200,-1266026.580,176.860
-579456.380,-1266026.320,176.840
-579456.550,-1266026.050,176.820
-579456.750,-1266025.750,176.780
-579456.940,-1266025.470,176.740
-579457.120,-1266025.200,176.720
-579457.310,-1266024.910,176.695
-579457.510,-1266024.620,176.660
-579457.700,-1266024.330,176.630
-579457.880,-1266024.070,176.610
-579458.060,-1266023.790,176.590
-579458.230,-1266023.530,176.560
-579458.410,-1266023.260,176.555
-579458.610,-1266022.970,176.530
-579458.780,-1266022.700,176.500
-579458.980,-1266022.420,176.490
-579459.160,-1266022.150,176.480
-579458.490,-1266022.650,176.530
-579458.680,-1266022.360,176.510
-579458.860,-1266022.080,176.500
-579459.060,-1266021.820,176.480
-579451.450,-1266033.350,176.660
-579451.630,-1266033.070,176.690
-579451.820,-1266032.770,176.710
-579452.020,-1266032.470,176.735
-579452.210,-1266032.170,176.770
-579452.390,-1266031.890,176.800
-579452.570,-1266031.610,176.820
-579452.750,-1266031.340,176.850
-579452.930,-1266031.070,176.870
-579453.130,-1266030.760,176.920
-579453.300,-1266030.480,176.950
-579453.490,-1266030.190,176.970
-579453.680,-1266029.910,177.005
-579453.860,-1266029.630,177.035
-579454.050,-1266029.340,177.050
-579454.250,-1266029.040,177.060
-579454.610,-1266028.470,177.070
-579454.810,-1266028.180,177.065
-579455.000,-1266027.880,177.055
-579455.180,-1266027.620,177.030
-579455.360,-1266027.350,177.005
-579455.540,-1266027.080,176.970
-579455.710,-1266026.820,176.940
-579455.910,-1266026.520,176.900
-579456.090,-1266026.250,176.885
-579456.460,-1266025.700,176.820
-579456.640,-1266025.430,176.790
-579456.820,-1266025.150,176.775
-579457.020,-1266024.860,176.740
-579457.200,-1266024.580,176.710
-579457.390,-1266024.290,176.680
-579457.580,-1266024.010,176.640
-579457.780,-1266023.710,176.610
-579457.960,-1266023.450,176.590
-579458.130,-1266023.180,176.570
-579458.310,-1266022.900,176.555
-579450.580,-1266034.150,176.570
-579450.770,-1266033.860,176.575
-579450.950,-1266033.580,176.595
-579451.130,-1266033.300,176.615
-579451.330,-1266033.000,176.645
-579451.520,-1266032.710,176.685
-579451.700,-1266032.430,176.710
-579452.090,-1266031.820,176.760
-579452.280,-1266031.530,176.795
-579452.460,-1266031.250,176.830
-579452.640,-1266030.970,176.855
-579452.820,-1266030.700,176.880
-579453.000,-1266030.420,176.930
-579453.190,-1266030.110,176.930
-579453.370,-1266029.850,176.960
-579453.560,-1266029.550,176.980
-579453.750,-1266029.260,177.020
-579453.920,-1266028.990,177.050
-579454.110,-1266028.700,177.060
-579454.310,-1266028.390,177.070
-579454.480,-1266028.120,177.070
-579454.680,-1266027.830,177.070
-579454.870,-1266027.540,177.060
-579455.070,-1266027.250,177.040
-579455.240,-1266026.980,176.995
-579455.420,-1266026.710,176.970
-579455.600,-1266026.450,176.940
-579455.780,-1266026.180,176.920
-579455.970,-1266025.890,176.880
-579456.150,-1266025.620,176.855
-579456.340,-1266025.330,176.820
-579456.520,-1266025.060,176.800
-579456.700,-1266024.790,176.790
-579456.890,-1266024.510,176.750
-579457.080,-1266024.220,176.710
-579457.260,-1266023.950,176.680
-579457.460,-1266023.660,176.650
-579457.640,-1266023.380,176.615
-579457.840,-1266023.080,176.590
-579458.020,-1266022.810,176.575
-579458.190,-1266022.550,176.565
-579458.380,-1266022.270,176.530
-579458.550,-1266022.010,176.510
-579458.740,-1266021.720,176.490
-579458.920,-1266021.450,176.485
-579450.460,-1266033.780,176.570
-579450.640,-1266033.500,176.570
-579450.830,-1266033.220,176.590
-579451.010,-1266032.930,176.610
-579451.190,-1266032.650,176.640
-579451.570,-1266032.060,176.690
-579451.760,-1266031.770,176.730
-579451.950,-1266031.480,176.750
-579452.140,-1266031.180,176.780
-579452.340,-1266030.870,176.840
-579452.520,-1266030.600,176.850
-579452.690,-1266030.330,176.880
-579452.880,-1266030.050,176.920
-579453.050,-1266029.770,176.930
-579453.240,-1266029.480,176.945
-579453.430,-1266029.200,176.980
-579453.620,-1266028.900,177.010
-579453.790,-1266028.620,177.040
-579453.980,-1266028.340,177.050
-579454.170,-1266028.050,177.070
-579454.360,-1266027.750,177.070
-579454.540,-1266027.480,177.070
-579454.920,-1266026.910,177.040
-579455.120,-1266026.610,177.010
-579455.300,-1266026.340,176.970
-579455.470,-1266026.080,176.945
-579455.650,-1266025.810,176.920
-579455.830,-1266025.540,176.900
-579456.020,-1266025.250,176.860
-579456.200,-1266024.980,176.840
-579456.400,-1266024.690,176.810
-579456.570,-1266024.420,176.780
-579456.750,-1266024.160,176.765
-579456.950,-1266023.870,176.720
-579457.140,-1266023.570,176.695
-579457.320,-1266023.310,176.670
-579457.510,-1266023.020,176.650
-579457.700,-1266022.730,176.610
-579457.890,-1266022.440,176.580
-579458.070,-1266022.170,176.565
-579458.250,-1266021.900,176.545
-579458.430,-1266021.630,176.520
-579458.610,-1266021.360,176.510
-579458.800,-1266021.080,176.510
-579452.210,-1266030.540,176.820
-579452.400,-1266030.240,176.850
-579452.580,-1266029.970,176.880
-579452.760,-1266029.690,176.890
-579452.940,-1266029.410,176.915
-579453.110,-1266029.140,176.940
-579453.310,-1266028.840,176.980
-579453.490,-1266028.560,177.000
-579453.680,-1266028.270,177.050
-579453.860,-1266027.980,177.060
-579454.040,-1266027.710,177.070
-579454.230,-1266027.410,177.080
-579454.420,-1266027.110,177.080
-579454.600,-1266026.840,177.070
-579454.800,-1266026.560,177.060
-579454.990,-1266026.270,177.025
-579455.180,-1266025.980,176.990
-579455.360,-1266025.710,176.970
-579455.530,-1266025.440,176.930
-579455.720,-1266025.170,176.910
-579455.890,-1266024.900,176.880
-579456.080,-1266024.620,176.840
-579456.260,-1266024.350,176.830
-579456.460,-1266024.050,176.790
-579456.630,-1266023.790,176.770
-579456.810,-1266023.530,176.750
-579457.010,-1266023.230,176.700
-579457.200,-1266022.940,176.670
-579457.370,-1266022.680,176.660
-579457.570,-1266022.380,176.630
-579457.760,-1266022.090,176.580
-579457.950,-1266021.810,176.570
-579458.130,-1266021.530,176.550
-579458.310,-1266021.270,176.530
-579458.670,-1266020.730,176.510
-579450.320,-1266033.450,176.560
-579450.520,-1266033.140,176.570
-579450.700,-1266032.870,176.590
-579451.080,-1266032.290,176.630
-579451.260,-1266032.010,176.670
-579451.440,-1266031.720,176.690
-579451.640,-1266031.420,176.710
-579451.820,-1266031.130,176.750
-579452.010,-1266030.850,176.780
-579450.160,-1266033.080,176.560
-579450.530,-1266032.510,176.580
-579450.710,-1266032.230,176.610
-579450.900,-1266031.930,176.620
-579451.080,-1266031.650,176.650
-579451.260,-1266031.370,176.680
-579451.460,-1266031.070,176.700
-579451.650,-1266030.780,176.720
-579452.210,-1266029.900,176.840
-579452.410,-1266029.600,176.860
-579452.590,-1266029.320,176.880
-579452.760,-1266029.050,176.900
-579452.940,-1266028.770,176.935
-579453.120,-1266028.490,176.950
-579453.310,-1266028.200,177.000
-579453.490,-1266027.920,177.010
-579453.690,-1266027.610,177.050
-579453.860,-1266027.340,177.070
-579454.040,-1266027.070,177.080
-579454.240,-1266026.760,177.080
-579454.430,-1266026.480,177.075
-579454.600,-1266026.210,177.065
-579454.800,-1266025.920,177.040
-579454.990,-1266025.630,177.005
-579455.180,-1266025.340,176.970
-579455.360,-1266025.080,176.945
-579455.540,-1266024.810,176.920
-579455.710,-1266024.540,176.890
-579455.890,-1266024.270,176.870
-579456.090,-1266023.980,176.840
-579456.450,-1266023.430,176.780
-579456.630,-1266023.150,176.760
-579456.810,-1266022.890,176.735
-579457.000,-1266022.600,176.695
-579457.200,-1266022.300,176.660
-579457.370,-1266022.030,176.650
-579457.560,-1266021.750,176.620
-579457.760,-1266021.450,176.580
-579457.950,-1266021.160,176.565
-579458.120,-1266020.900,176.550
-579458.310,-1266020.630,176.540
-579458.490,-1266020.360,176.520
-579452.830,-1266028.440,176.925
-579453.010,-1266028.160,176.950
-579453.190,-1266027.880,177.000
-579453.380,-1266027.590,177.000
-579453.560,-1266027.310,177.040
-579453.750,-1266027.010,177.060
-579453.930,-1266026.730,177.070
-579454.110,-1266026.460,177.080
-579454.300,-1266026.170,177.070
-579454.500,-1266025.870,177.060
-579454.670,-1266025.610,177.050
-579454.860,-1266025.320,177.010
-579455.060,-1266025.020,176.980
-579455.240,-1266024.750,176.965
-579455.430,-1266024.470,176.920
-579455.610,-1266024.200,176.890
-579455.780,-1266023.940,176.870
-579455.960,-1266023.670,176.840
-579456.150,-1266023.370,176.830
-579456.330,-1266023.110,176.800
-579456.520,-1266022.820,176.760
-579456.700,-1266022.550,176.740
-579456.870,-1266022.290,176.700
-579457.070,-1266021.990,176.680
-579457.260,-1266021.700,176.650
-579457.440,-1266021.440,176.630
-579457.630,-1266021.150,176.600
-579457.830,-1266020.850,176.570
-579458.020,-1266020.560,176.550
-579458.190,-1266020.290,176.540
-579458.370,-1266020.030,176.530
-579458.550,-1266019.760,176.500
-579450.230,-1266032.470,176.565
-579450.400,-1266032.190,176.580
-579450.600,-1266031.900,176.600
-579450.780,-1266031.620,176.620
-579450.970,-1266031.320,176.650
-579451.150,-1266031.040,176.670
-579451.330,-1266030.770,176.680
-579451.890,-1266029.890,176.800
-579452.090,-1266029.590,176.830
-579452.280,-1266029.290,176.845
-579452.470,-1266028.990,176.880
-579452.650,-1266028.710,176.905
-579450.150,-1266032.170,176.570
-579450.320,-1266031.900,176.580
-579450.500,-1266031.620,176.595
-579450.700,-1266031.310,176.620
-579450.870,-1266031.050,176.640
-579451.070,-1266030.740,176.650
-579451.250,-1266030.460,176.680
-579451.420,-1266030.190,176.705
-579451.620,-1266029.890,176.745
-579451.810,-1266029.580,176.795
-579451.990,-1266029.320,176.820
-579452.180,-1266029.010,176.840
-579452.380,-1266028.710,176.870
-579452.570,-1266028.420,176.895
-579452.750,-1266028.140,176.925
-579452.930,-1266027.860,176.950
-579453.100,-1266027.580,176.980
-579453.280,-1266027.310,177.005
-579453.480,-1266027.010,177.035
-579453.660,-1266026.730,177.060
-579453.850,-1266026.430,177.070
-579454.020,-1266026.160,177.080
-579454.200,-1266025.880,177.080
-579454.400,-1266025.590,177.075
-579454.590,-1266025.300,177.050
-579454.770,-1266025.040,177.010
-579454.960,-1266024.750,176.985
-579455.150,-1266024.450,176.970
-579455.340,-1266024.160,176.920
-579455.520,-1266023.900,176.900
-579455.690,-1266023.630,176.875
-579455.880,-1266023.360,176.840
-579456.050,-1266023.090,176.835
-579456.240,-1266022.810,176.790
-579456.420,-1266022.530,176.770
-579456.610,-1266022.240,176.740
-579456.790,-1266021.980,176.695
-579456.970,-1266021.710,176.680
-579457.160,-1266021.420,176.655
-579457.350,-1266021.130,176.630
-579457.530,-1266020.850,176.610
-579457.720,-1266020.570,176.570
-579457.910,-1266020.280,176.560
-579458.100,-1266019.980,176.535
-579458.280,-1266019.720,176.530
-579458.460,-1266019.460,176.515
-579458.640,-1266019.190,176.490
-579453.310,-1266026.640,177.010
-579453.510,-1266026.340,177.050
-579453.690,-1266026.070,177.070
-579453.880,-1266025.770,177.080
-579454.060,-1266025.490,177.075
-579454.240,-1266025.220,177.080
-579454.420,-1266024.940,177.070
-579454.620,-1266024.640,177.030
-579454.800,-1266024.380,177.000
-579454.990,-1266024.080,176.980
-579455.180,-1266023.790,176.935
-579455.370,-1266023.500,176.905
-579455.550,-1266023.240,176.890
-579455.730,-1266022.960,176.860
-579455.910,-1266022.690,176.840
-579456.080,-1266022.430,176.800
-579456.280,-1266022.140,176.780
-579456.460,-1266021.870,176.760
-579456.640,-1266021.590,176.735
-579456.820,-1266021.310,176.690
-579457.000,-1266021.040,176.660
-579457.190,-1266020.760,176.640
-579457.380,-1266020.460,176.625
-579457.560,-1266020.200,176.570
-579457.750,-1266019.910,176.560
-579457.940,-1266019.620,176.550
-579458.140,-1266019.320,176.530
-579458.320,-1266019.050,176.525
-579449.820,-1266032.060,176.550
-579450.000,-1266031.780,176.570
-579450.180,-1266031.510,176.580
-579450.360,-1266031.230,176.590
-579450.540,-1266030.950,176.610
-579450.730,-1266030.650,176.620
-579450.910,-1266030.370,176.640
-579451.110,-1266030.070,176.670
-579451.280,-1266029.800,176.700
-579451.460,-1266029.520,176.735
-579451.660,-1266029.220,176.780
-579451.850,-1266028.920,176.805
-579452.020,-1266028.640,176.820
-579452.220,-1266028.350,176.860
-579452.410,-1266028.040,176.880
-579452.600,-1266027.740,176.900
-579452.780,-1266027.480,176.950
-579452.960,-1266027.190,176.980
-579453.140,-1266026.910,176.995
-579449.710,-1266031.720,176.550
-579449.900,-1266031.430,176.570
-579450.070,-1266031.150,176.580
-579450.260,-1266030.870,176.590
-579450.430,-1266030.600,176.610
-579450.610,-1266030.320,176.610
-579450.810,-1266030.020,176.640
-579450.980,-1266029.740,176.660
-579451.170,-1266029.450,176.705
-579451.360,-1266029.160,176.740
-579451.530,-1266028.890,176.760
-579451.720,-1266028.590,176.785
-579452.100,-1266028.010,176.850
-579452.290,-1266027.720,176.880
-579452.480,-1266027.420,176.900
-579452.670,-1266027.120,176.935
-579452.850,-1266026.840,176.980
-579453.030,-1266026.570,177.000
-579453.210,-1266026.290,177.010
-579453.390,-1266026.010,177.035
-579453.570,-1266025.720,177.060
-579453.760,-1266025.430,177.075
-579453.950,-1266025.140,177.070
-579454.120,-1266024.870,177.070
-579454.300,-1266024.600,177.070
-579454.500,-1266024.310,177.050
-579454.680,-1266024.030,177.010
-579454.870,-1266023.750,176.990
-579455.060,-1266023.450,176.955
-579455.240,-1266023.180,176.910
-579455.440,-1266022.890,176.890
-579455.620,-1266022.610,176.860
-579455.790,-1266022.350,176.840
-579455.970,-1266022.080,176.810
-579456.150,-1266021.810,176.800
-579456.340,-1266021.520,176.760
-579456.520,-1266021.250,176.740
-579456.880,-1266020.700,176.680
-579457.060,-1266020.430,176.650
-579457.260,-1266020.130,176.625
-579457.450,-1266019.840,176.585
-579457.620,-1266019.580,176.570
-579457.820,-1266019.280,176.560
-579458.010,-1266018.990,176.530
-579458.200,-1266018.710,176.530
-579453.230,-1266025.590,177.010
-579453.410,-1266025.310,177.050
-579453.600,-1266025.010,177.070
-579453.780,-1266024.730,177.070
-579453.970,-1266024.440,177.080
-579454.150,-1266024.170,177.080
-579454.330,-1266023.900,177.070
-579454.510,-1266023.620,177.040
-579454.710,-1266023.330,177.000
-579454.890,-1266023.050,176.980
-579455.080,-1266022.760,176.935
-579455.270,-1266022.480,176.910
-579455.460,-1266022.180,176.870
-579455.640,-1266021.920,176.845
-579455.820,-1266021.650,176.810
-579455.990,-1266021.370,176.795
-579456.170,-1266021.110,176.775
-579456.360,-1266020.820,176.755
-579456.540,-1266020.550,176.720
-579456.730,-1266020.260,176.680
-579456.910,-1266019.990,176.670
-579457.090,-1266019.720,176.640
-579457.280,-1266019.430,176.610
-579457.470,-1266019.140,176.590
-579457.640,-1266018.880,176.565
-579457.840,-1266018.580,176.550
-579458.030,-1266018.290,176.550
-579458.220,-1266018.010,176.530
-579449.730,-1266031.030,176.550
-579449.920,-1266030.730,176.575
-579450.100,-1266030.450,176.585
-579450.280,-1266030.170,176.600
-579450.460,-1266029.890,176.610
-579450.630,-1266029.630,176.630
-579450.830,-1266029.320,176.655
-579451.010,-1266029.040,176.690
-579451.190,-1266028.760,176.730
-579451.380,-1266028.470,176.740
-579451.560,-1266028.180,176.770
-579451.740,-1266027.900,176.800
-579451.940,-1266027.600,176.830
-579452.120,-1266027.310,176.870
-579452.310,-1266027.020,176.885
-579452.700,-1266026.410,176.950
-579452.870,-1266026.140,176.980
-579453.050,-1266025.860,177.000
-579449.790,-1266030.400,176.570
-579449.990,-1266030.090,176.590
-579450.160,-1266029.820,176.600
-579450.340,-1266029.540,176.600
-579450.520,-1266029.270,176.630
-579450.700,-1266028.990,176.670
-579451.070,-1266028.410,176.710
-579451.260,-1266028.110,176.730
-579451.440,-1266027.830,176.770
-579451.620,-1266027.560,176.785
-579451.810,-1266027.250,176.810
-579452.000,-1266026.950,176.855
-579452.180,-1266026.680,176.880
-579452.380,-1266026.380,176.900
-579452.570,-1266026.080,176.950
-579452.750,-1266025.790,176.970
-579452.940,-1266025.510,176.990
-579453.110,-1266025.230,177.020
-579453.290,-1266024.960,177.050
-579453.470,-1266024.680,177.070
-579453.660,-1266024.380,177.070
-579453.830,-1266024.110,177.080
-579454.030,-1266023.810,177.070
-579454.210,-1266023.540,177.060
-579454.380,-1266023.290,177.050
-579454.570,-1266022.990,177.000
-579454.770,-1266022.700,176.990
-579455.140,-1266022.140,176.910
-579455.330,-1266021.840,176.875
-579455.520,-1266021.560,176.840
-579455.700,-1266021.290,176.830
-579455.870,-1266021.020,176.800
-579456.050,-1266020.760,176.770
-579456.230,-1266020.480,176.770
-579456.420,-1266020.190,176.730
-579456.600,-1266019.920,176.690
-579456.790,-1266019.630,176.680
-579456.970,-1266019.360,176.655
-579457.140,-1266019.100,176.640
-579457.330,-1266018.810,176.600
-579457.530,-1266018.510,176.565
-579457.700,-1266018.250,176.560
-579457.890,-1266017.950,176.550
-579458.080,-1266017.660,176.550
-579454.280,-1266022.890,177.050
-579454.460,-1266022.610,177.000
-579454.650,-1266022.320,176.990
-579454.840,-1266022.030,176.960
-579455.020,-1266021.770,176.930
-579455.210,-1266021.470,176.895
-579455.400,-1266021.180,176.860
-579455.590,-1266020.900,176.835
-579455.770,-1266020.620,176.810
-579455.950,-1266020.350,176.780
-579456.120,-1266020.090,176.770
-579456.300,-1266019.810,176.740
-579456.490,-1266019.530,176.710
-579456.670,-1266019.260,176.690
-579456.860,-1266018.970,176.660
-579457.040,-1266018.690,176.640
-579457.210,-1266018.430,176.605
-579457.400,-1266018.150,176.575
-579457.600,-1266017.840,176.560
-579457.770,-1266017.580,176.560
-579449.680,-1266030.030,176.560
-579449.870,-1266029.730,176.590
-579450.060,-1266029.420,176.595
-579450.240,-1266029.150,176.605
-579450.410,-1266028.880,176.630
-579450.600,-1266028.570,176.640
-579450.780,-1266028.320,176.680
-579450.960,-1266028.020,176.710
-579451.150,-1266027.740,176.730
-579451.340,-1266027.440,176.770
-579451.510,-1266027.170,176.780
-579451.700,-1266026.890,176.800
-579451.890,-1266026.590,176.850
-579452.080,-1266026.290,176.870
-579452.260,-1266026.010,176.890
-579452.450,-1266025.710,176.940
-579452.640,-1266025.420,176.960
-579452.830,-1266025.120,176.995
-579453.010,-1266024.840,177.010
-579453.180,-1266024.560,177.040
-579453.360,-1266024.280,177.070
-579453.540,-1266024.000,177.070
-579453.730,-1266023.710,177.080
-579453.910,-1266023.440,177.080
-579454.100,-1266023.150,177.070
-579449.540,-1266029.670,176.550
-579449.740,-1266029.370,176.560
-579449.930,-1266029.070,176.580
-579450.120,-1266028.770,176.600
-579450.300,-1266028.490,176.625
-579450.480,-1266028.210,176.640
-579450.650,-1266027.940,176.680
-579450.830,-1266027.660,176.705
-579451.030,-1266027.360,176.730
-579451.200,-1266027.090,176.750
-579451.390,-1266026.780,176.770
-579451.570,-1266026.500,176.800
-579451.750,-1266026.230,176.840
-579451.940,-1266025.930,176.860
-579452.140,-1266025.630,176.900
-579452.310,-1266025.360,176.915
-579452.500,-1266025.050,176.960
-579452.700,-1266024.750,176.980
-579452.880,-1266024.460,177.010
-579453.060,-1266024.180,177.040
-579453.240,-1266023.900,177.060
-579453.420,-1266023.630,177.080
-579453.600,-1266023.350,177.080
-579453.790,-1266023.050,177.080
-579453.960,-1266022.790,177.070
-579454.150,-1266022.500,177.060
-579454.330,-1266022.230,177.020
-579454.510,-1266021.960,177.000
-579454.890,-1266021.370,176.930
-579455.070,-1266021.110,176.900
-579455.450,-1266020.530,176.840
-579455.640,-1266020.240,176.820
-579455.820,-1266019.970,176.780
-579456.000,-1266019.700,176.770
-579456.180,-1266019.430,176.730
-579456.350,-1266019.170,176.710
-579456.540,-1266018.880,176.690
-579456.720,-1266018.610,176.670
-579456.910,-1266018.320,176.630
-579457.080,-1266018.050,176.615
-579457.260,-1266017.780,176.580
-579457.450,-1266017.490,176.580
-579454.960,-1266020.670,176.900
-579455.140,-1266020.400,176.875
-579455.320,-1266020.120,176.860
-579455.520,-1266019.820,176.820
-579455.710,-1266019.520,176.800
-579455.880,-1266019.270,176.780
-579456.060,-1266019.000,176.750
-579456.240,-1266018.720,176.730
-579456.410,-1266018.460,176.705
-579456.610,-1266018.160,176.665
-579456.790,-1266017.890,176.660
-579449.430,-1266029.240,176.550
-579449.610,-1266028.960,176.560
-579449.810,-1266028.650,176.590
-579449.990,-1266028.360,176.595
-579450.190,-1266028.060,176.620
-579450.370,-1266027.770,176.645
-579450.550,-1266027.500,176.675
-579450.900,-1266026.940,176.710
-579451.090,-1266026.650,176.745
-579451.270,-1266026.370,176.765
-579451.460,-1266026.080,176.800
-579451.640,-1266025.800,176.835
-579451.820,-1266025.520,176.865
-579452.010,-1266025.220,176.890
-579452.200,-1266024.920,176.915
-579452.380,-1266024.640,176.960
-579452.570,-1266024.340,176.980
-579452.760,-1266024.040,177.015
-579452.950,-1266023.740,177.040
-579453.130,-1266023.470,177.065
-579453.310,-1266023.190,177.080
-579453.490,-1266022.910,177.080
-579453.660,-1266022.650,177.080
-579453.850,-1266022.350,177.060
-579454.030,-1266022.080,177.060
-579454.220,-1266021.800,177.035
-579454.400,-1266021.520,177.000
-579454.760,-1266020.970,176.945
-579449.470,-1266028.560,176.550
-579449.650,-1266028.280,176.560
-579449.840,-1266027.990,176.585
-579450.030,-1266027.690,176.600
-579450.230,-1266027.380,176.620
-579450.400,-1266027.110,176.640
-579450.580,-1266026.830,176.670
-579450.760,-1266026.550,176.700
-579450.930,-1266026.280,176.730
-579451.130,-1266025.980,176.750
-579451.310,-1266025.700,176.780
-579451.500,-1266025.400,176.820
-579451.680,-1266025.120,176.850
-579451.850,-1266024.840,176.870
-579452.040,-1266024.550,176.910
-579452.240,-1266024.250,176.940
-579452.420,-1266023.970,176.960
-579452.610,-1266023.670,176.990
-579452.990,-1266023.080,177.040
-579453.170,-1266022.800,177.065
-579453.340,-1266022.510,177.070
-579453.520,-1266022.240,177.080
-579453.700,-1266021.970,177.075
-579453.890,-1266021.690,177.065
-579454.070,-1266021.410,177.050
-579454.260,-1266021.120,177.030
-579454.430,-1266020.860,176.990
-579454.610,-1266020.590,176.960
-579454.800,-1266020.290,176.930
-579454.990,-1266020.000,176.910
-579455.160,-1266019.740,176.880
-579455.360,-1266019.450,176.840
-579455.550,-1266019.150,176.820
-579455.740,-1266018.870,176.790
-579455.920,-1266018.600,176.755
-579456.090,-1266018.330,176.740
-579456.270,-1266018.060,176.730
-579454.840,-1266019.640,176.920
-579455.030,-1266019.350,176.890
-579455.210,-1266019.070,176.855
-579455.400,-1266018.790,176.830
-579455.590,-1266018.500,176.810
-579455.780,-1266018.210,176.790
-579455.960,-1266017.930,176.770
-579449.330,-1266028.200,176.550
-579449.520,-1266027.900,176.550
-579449.700,-1266027.620,176.555
-579449.890,-1266027.320,176.585
-579450.080,-1266027.020,176.615
-579450.270,-1266026.720,176.640
-579450.450,-1266026.450,176.675
-579450.630,-1266026.170,176.710
-579450.810,-1266025.890,176.730
-579450.980,-1266025.610,176.750
-579451.170,-1266025.320,176.770
-579451.350,-1266025.030,176.805
-579451.540,-1266024.740,176.840
-579451.720,-1266024.460,176.860
-579451.900,-1266024.180,176.890
-579452.090,-1266023.870,176.930
-579452.280,-1266023.590,176.960
-579452.460,-1266023.310,176.980
-579452.650,-1266023.000,177.020
-579452.840,-1266022.710,177.030
-579453.030,-1266022.410,177.060
-579453.210,-1266022.130,177.070
-579453.380,-1266021.860,177.075
-579453.560,-1266021.580,177.070
-579453.740,-1266021.310,177.075
-579453.930,-1266021.030,177.060
-579454.110,-1266020.750,177.040
-579454.300,-1266020.460,176.990
-579454.470,-1266020.200,176.955
-579454.650,-1266019.920,176.940
-579449.390,-1266027.530,176.550
-579449.580,-1266027.240,176.550
-579449.760,-1266026.960,176.585
-579449.950,-1266026.650,176.610
-579450.140,-1266026.360,176.640
-579450.330,-1266026.060,176.670
-579450.510,-1266025.780,176.690
-579450.690,-1266025.510,176.710
-579450.860,-1266025.230,176.740
-579451.040,-1266024.950,176.760
-579451.230,-1266024.650,176.800
-579451.410,-1266024.370,176.820
-579451.600,-1266024.070,176.860
-579451.950,-1266023.520,176.910
-579452.150,-1266023.220,176.940
-579452.340,-1266022.920,176.970
-579452.510,-1266022.650,176.980
-579452.710,-1266022.340,177.030
-579452.900,-1266022.040,177.050
-579453.080,-1266021.750,177.070
-579453.270,-1266021.460,177.070
-579453.450,-1266021.190,177.080
-579453.610,-1266020.930,177.070
-579453.800,-1266020.660,177.070
-579453.990,-1266020.360,177.040
-579454.160,-1266020.110,177.000
-579454.350,-1266019.810,176.960
-579454.530,-1266019.540,176.940
-579454.700,-1266019.270,176.920
-579454.900,-1266018.980,176.900
-579455.090,-1266018.690,176.860
-579455.260,-1266018.420,176.840
-579455.450,-1266018.130,176.840
-579455.160,-1266018.040,176.870
-579448.920,-1266027.760,176.525
-579449.090,-1266027.470,176.530
-579449.270,-1266027.180,176.540
-579449.460,-1266026.880,176.550
-579449.650,-1266026.580,176.590
-579449.830,-1266026.300,176.610
-579450.030,-1266026.000,176.630
-579450.210,-1266025.710,176.660
-579450.410,-1266025.400,176.680
-579450.590,-1266025.120,176.720
-579450.760,-1266024.860,176.750
-579450.940,-1266024.570,176.775
-579451.120,-1266024.290,176.795
-579451.310,-1266024.000,176.840
-579451.490,-1266023.720,176.850
-579451.680,-1266023.410,176.880
-579451.850,-1266023.140,176.905
-579452.030,-1266022.870,176.935
-579452.230,-1266022.560,176.970
-579452.410,-1266022.260,177.000
-579452.590,-1266021.990,177.030
-579452.780,-1266021.690,177.040
-579452.970,-1266021.390,177.070
-579453.160,-1266021.100,177.080
-579453.340,-1266020.810,177.080
-579453.520,-1266020.550,177.080
-579453.690,-1266020.270,177.070
-579453.870,-1266020.000,177.040
-579454.060,-1266019.720,177.020
-579454.240,-1266019.450,176.970
-579454.430,-1266019.150,176.940
-579454.600,-1266018.890,176.920
-579454.780,-1266018.620,176.910
-579454.970,-1266018.330,176.875
-579448.550,-1266027.700,176.470
-579448.730,-1266027.420,176.520
-579448.930,-1266027.060,176.520
-579449.100,-1266026.780,176.535
-579449.280,-1266026.500,176.540
-579449.480,-1266026.200,176.580
-579449.670,-1266025.900,176.600
-579449.840,-1266025.630,176.610
-579450.030,-1266025.330,176.640
-579450.230,-1266025.020,176.675
-579450.410,-1266024.730,176.700
-579450.590,-1266024.450,176.740
-579450.950,-1266023.890,176.790
-579451.120,-1266023.620,176.810
-579451.490,-1266023.040,176.850
-579451.680,-1266022.740,176.890
-579451.860,-1266022.460,176.920
-579452.040,-1266022.190,176.945
-579452.230,-1266021.890,176.980
-579452.420,-1266021.590,177.015
-579452.600,-1266021.310,177.030
-579452.780,-1266021.020,177.050
-579452.980,-1266020.710,177.080
-579453.170,-1266020.410,177.080
-579453.340,-1266020.140,177.075
-579453.520,-1266019.870,177.075
-579453.700,-1266019.600,177.045
-579453.870,-1266019.340,177.030
-579454.070,-1266019.040,177.000
-579454.430,-1266018.490,176.930
-579454.610,-1266018.220,176.910
-579454.790,-1266017.950,176.920
-579453.900,-1266018.660,177.020
-579454.100,-1266018.360,177.000
-579448.590,-1266027.020,176.495
-579449.140,-1266026.100,176.545
-579449.310,-1266025.830,176.580
-579449.510,-1266025.520,176.590
-579449.700,-1266025.220,176.600
-579449.870,-1266024.960,176.620
-579450.070,-1266024.640,176.670
-579450.450,-1266024.050,176.720
-579450.630,-1266023.770,176.755
-579450.800,-1266023.490,176.790
-579450.980,-1266023.220,176.800
-579451.160,-1266022.940,176.820
-579451.350,-1266022.640,176.860
-579451.520,-1266022.370,176.880
-579451.720,-1266022.060,176.910
-579451.890,-1266021.780,176.940
-579452.070,-1266021.510,176.980
-579452.260,-1266021.200,176.990
-579452.450,-1266020.910,177.025
-579452.620,-1266020.640,177.050
-579452.820,-1266020.330,177.070
-579453.010,-1266020.030,177.070
-579453.200,-1266019.740,177.070
-579453.370,-1266019.470,177.065
-579453.550,-1266019.200,177.060
-579453.730,-1266018.930,177.040
-579449.000,-1266025.740,176.545
-579449.180,-1266025.460,176.560
-579449.350,-1266025.180,176.580
-579449.540,-1266024.880,176.590
-579449.910,-1266024.300,176.640
-579450.100,-1266024.010,176.670
-579450.490,-1266023.400,176.730
-579450.660,-1266023.120,176.770
-579450.840,-1266022.840,176.790
-579451.020,-1266022.560,176.800
-579451.190,-1266022.300,176.850
-579451.390,-1266021.990,176.870
-579451.560,-1266021.710,176.895
-579451.750,-1266021.420,176.920
-579451.930,-1266021.130,176.950
-579452.110,-1266020.860,176.980
-579452.290,-1266020.570,177.010
-579452.490,-1266020.260,177.035
-579452.660,-1266019.980,177.050
-579452.850,-1266019.690,177.065
-579453.040,-1266019.390,177.065
-579453.240,-1266019.090,177.060
-579453.410,-1266018.830,177.055
-579453.580,-1266018.560,177.050
-579453.760,-1266018.280,177.040
-579452.280,-1266019.850,177.020
-579452.480,-1266019.550,177.040
-579452.650,-1266019.280,177.050
-579452.840,-1266018.970,177.060
-579453.030,-1266018.670,177.050
-579453.220,-1266018.380,177.060
-579453.400,-1266018.120,177.100
-579448.800,-1266025.330,176.530
-579448.990,-1266025.020,176.555
-579449.350,-1266024.470,176.590
-579449.540,-1266024.160,176.600
-579449.730,-1266023.860,176.640
-579449.900,-1266023.590,176.660
-579450.100,-1266023.290,176.685
-579450.290,-1266022.980,176.725
-579450.480,-1266022.690,176.750
-579450.660,-1266022.410,176.785
-579450.830,-1266022.130,176.800
-579451.190,-1266021.570,176.860
-579451.380,-1266021.270,176.870
-579451.550,-1266021.000,176.920
-579451.740,-1266020.700,176.935
-579451.920,-1266020.420,176.970
-579452.090,-1266020.150,176.990
-579448.530,-1266025.330,176.520
-579448.900,-1266024.700,176.550
-579449.090,-1266024.400,176.570
-579449.270,-1266024.120,176.590
-579449.440,-1266023.860,176.600
-579449.630,-1266023.550,176.630
-579449.830,-1266023.240,176.650
-579450.000,-1266022.970,176.675
-579450.190,-1266022.670,176.705
-579450.380,-1266022.370,176.730
-579450.580,-1266022.070,176.770
-579450.750,-1266021.790,176.800
-579450.930,-1266021.510,176.830
-579451.110,-1266021.240,176.850
-579451.280,-1266020.960,176.870
-579451.470,-1266020.670,176.905
-579451.650,-1266020.380,176.920
-579451.840,-1266020.090,176.960
-579452.010,-1266019.810,176.970
-579452.190,-1266019.530,177.000
-579452.380,-1266019.230,177.020
-579452.570,-1266018.950,177.040
-579452.750,-1266018.660,177.045
-579452.940,-1266018.360,177.060
-579450.900,-1266020.810,176.840
-579451.070,-1266020.530,176.850
-579451.250,-1266020.260,176.870
-579451.440,-1266019.960,176.905
-579451.620,-1266019.680,176.930
-579451.800,-1266019.380,176.960
-579451.980,-1266019.110,176.985
-579452.160,-1266018.830,177.010
-579452.350,-1266018.530,177.040
-579452.540,-1266018.230,177.095
-579448.870,-1266024.000,176.550
-579449.060,-1266023.700,176.570
-579449.410,-1266023.140,176.625
-579449.600,-1266022.850,176.645
-579449.800,-1266022.540,176.670
-579449.970,-1266022.270,176.690
-579450.160,-1266021.970,176.720
-579450.350,-1266021.670,176.750
-579450.540,-1266021.370,176.770
-579450.720,-1266021.090,176.810
-579449.070,-1266023.060,176.570
-579449.240,-1266022.780,176.600
-579449.420,-1266022.500,176.630
-579449.610,-1266022.210,176.655
-579449.800,-1266021.910,176.670
-579449.980,-1266021.630,176.710
-579450.170,-1266021.330,176.730
-579450.350,-1266021.030,176.750
-579450.550,-1266020.720,176.795
-579450.900,-1266020.180,176.840
-579451.080,-1266019.890,176.855
-579451.250,-1266019.620,176.890
-579451.440,-1266019.330,176.910
-579451.620,-1266019.040,176.940
-579451.810,-1266018.740,176.970
-579451.980,-1266018.470,177.010
-579448.310,-1266023.520,176.510
-579448.480,-1266023.230,176.530
-579448.680,-1266022.930,176.540
-579449.040,-1266022.350,176.590
-579449.220,-1266022.070,176.620
-579449.400,-1266021.790,176.640
-579449.580,-1266021.500,176.660
-579449.780,-1266021.190,176.695
-579449.960,-1266020.910,176.710
-579450.140,-1266020.620,176.740
-579450.330,-1266020.320,176.750
-579450.530,-1266020.020,176.790
-579450.700,-1266019.740,176.825
-579450.880,-1266019.460,176.850
-579451.050,-1266019.180,176.860
-579451.230,-1266018.910,176.890
-579451.420,-1266018.610,176.940
-579447.950,-1266024.110,176.220
-579447.820,-1266023.740,176.280
-579447.990,-1266023.480,176.370
-579448.170,-1266023.180,176.380
-579448.350,-1266022.850,176.515
-579448.530,-1266022.580,176.530
-579448.720,-1266022.280,176.560
-579448.900,-1266022.000,176.570
-579449.080,-1266021.710,176.600
-579449.260,-1266021.430,176.625
-579449.440,-1266021.150,176.645
-579449.630,-1266020.850,176.670
-579449.820,-1266020.550,176.695
-579449.990,-1266020.270,176.710
-579450.190,-1266019.970,176.740
-579450.370,-1266019.680,176.750
-579450.560,-1266019.370,176.815
-579450.740,-1266019.090,176.835
-579450.910,-1266018.830,176.855
-579451.090,-1266018.540,176.900
-579448.550,-1266021.910,176.540
-579448.750,-1266021.610,176.560
-579448.920,-1266021.330,176.580
-579449.110,-1266021.030,176.600
-579449.290,-1266020.750,176.640
-579449.460,-1266020.480,176.645
-579449.650,-1266020.180,176.670
-579449.840,-1266019.880,176.700
-579450.020,-1266019.600,176.730
-579450.210,-1266019.310,176.750
-579450.400,-1266019.000,176.780
-579450.590,-1266018.700,176.840
-579448.350,-1266021.490,176.530
-579448.520,-1266021.210,176.560
-579448.710,-1266020.910,176.560
-579448.890,-1266020.630,176.580
-579449.080,-1266020.340,176.610
-579449.250,-1266020.060,176.640
-579449.430,-1266019.780,176.655
-579449.620,-1266019.480,176.690
-579449.810,-1266019.180,176.725
-579449.990,-1266018.900,176.740
-579450.180,-1266018.610,176.810
-579447.820,-1266022.370,176.365
-579447.990,-1266022.090,176.510
-579447.660,-1266021.940,176.150
-579447.850,-1266021.650,176.490
-579448.200,-1266021.050,176.520
-579448.380,-1266020.770,176.530
-579448.550,-1266020.490,176.540
-579448.740,-1266020.200,176.560
-579448.920,-1266019.920,176.590
-579449.110,-1266019.610,176.610
-579449.280,-1266019.340,176.650
-579449.460,-1266019.060,176.690
-579449.650,-1266018.760,176.730
-579447.630,-1266021.240,176.370
-579447.820,-1266020.920,176.500
-579448.000,-1266020.610,176.520
-579448.170,-1266020.330,176.520
-579448.350,-1266020.050,176.530
-579448.520,-1266019.770,176.550
-579448.710,-1266019.480,176.560
-579448.890,-1266019.200,176.610
-579449.080,-1266018.900,176.660
-579447.530,-1266020.880,176.430
-579447.720,-1266020.590,176.500
-579447.910,-1266020.230,176.505
-579448.080,-1266019.950,176.515
-579448.260,-1266019.680,176.530
-579448.440,-1266019.400,176.535
-579448.610,-1266019.120,176.560
-579447.830,-1266019.470,176.500
-579448.000,-1266019.200,176.515
-579448.180,-1266018.920,176.550
-579447.730,-1266019.090,176.490
-579467.900,-1266058.840,176.140
-579467.300,-1266060.490,176.220
-579466.960,-1266060.630,176.230
-579467.790,-1266059.820,176.160
-579467.430,-1266059.970,176.190
-579467.090,-1266060.110,176.230
-579466.710,-1266060.260,176.270
-579466.360,-1266060.410,176.310
-579466.000,-1266060.550,176.355
-579465.640,-1266060.700,176.400
-579465.310,-1266060.840,176.460
-579467.310,-1266059.780,176.210
-579466.940,-1266059.940,176.230
-579466.560,-1266060.090,176.290
-579466.200,-1266060.240,176.320
-579465.860,-1266060.380,176.365
-579465.530,-1266060.520,176.420
-579465.190,-1266060.650,176.460
-579464.850,-1266060.790,176.500
-579464.480,-1266060.940,176.530
-579467.630,-1266059.660,176.160
-579467.750,-1266059.150,176.155
-579467.390,-1266059.300,176.180
-579467.020,-1266059.450,176.210
-579466.660,-1266059.600,176.250
-579466.300,-1266059.750,176.305
-579465.950,-1266059.890,176.340
-579465.620,-1266060.020,176.385
-579465.280,-1266060.160,176.430
-579464.950,-1266060.300,176.460
-579464.580,-1266060.450,176.500
-579464.250,-1266060.590,176.560
-579463.880,-1266060.730,176.610
-579463.540,-1266060.880,176.650
-579463.210,-1266061.010,176.690
-579462.840,-1266061.160,176.745
-579462.470,-1266061.320,176.780
-579467.550,-1266058.980,176.160
-579467.180,-1266059.130,176.180
-579466.810,-1266059.280,176.220
-579466.450,-1266059.430,176.270
-579466.110,-1266059.570,176.315
-579465.770,-1266059.710,176.360
-579465.440,-1266059.840,176.400
-579465.090,-1266059.980,176.455
-579464.730,-1266060.130,176.490
-579464.400,-1266060.270,176.530
-579464.030,-1266060.420,176.590
-579463.700,-1266060.550,176.630
-579463.360,-1266060.690,176.680
-579463.000,-1266060.840,176.710
-579462.620,-1266060.990,176.760
-579462.310,-1266061.120,176.800
-579467.280,-1266058.700,176.170
-579466.910,-1266058.850,176.210
-579466.550,-1266059.000,176.250
-579466.210,-1266059.140,176.300
-579465.870,-1266059.280,176.340
-579465.550,-1266059.410,176.380
-579465.190,-1266059.560,176.420
-579464.830,-1266059.700,176.460
-579464.500,-1266059.840,176.510
-579464.120,-1266059.990,176.545
-579463.780,-1266060.130,176.605
-579463.450,-1266060.270,176.660
-579463.100,-1266060.410,176.690
-579462.710,-1266060.570,176.740
-579462.410,-1266060.690,176.790
-579462.020,-1266060.850,176.840
-579467.420,-1266058.300,176.155
-579467.040,-1266058.460,176.190
-579466.690,-1266058.600,176.220
-579466.360,-1266058.740,176.250
-579466.000,-1266058.880,176.310
-579465.670,-1266059.020,176.350
-579465.340,-1266059.150,176.395
-579464.970,-1266059.310,176.440
-579464.630,-1266059.450,176.490
-579464.270,-1266059.590,176.520
-579463.580,-1266059.870,176.625
-579463.240,-1266060.020,176.670
-579462.850,-1266060.170,176.700
-579462.520,-1266060.310,176.760
-579462.160,-1266060.460,176.800
-579467.590,-1266057.920,176.145
-579467.200,-1266058.080,176.160
-579466.840,-1266058.230,176.205
-579466.490,-1266058.370,176.230
-579466.150,-1266058.510,176.285
-579465.820,-1266058.650,176.320
-579465.480,-1266058.790,176.365
-579465.110,-1266058.930,176.415
-579464.770,-1266059.070,176.460
-579464.410,-1266059.220,176.500
-579464.060,-1266059.360,176.550
-579463.740,-1266059.490,176.595
-579463.360,-1266059.650,176.640
-579463.000,-1266059.800,176.690
-579462.670,-1266059.930,176.735
-579462.290,-1266060.090,176.780
-579461.930,-1266060.240,176.830
-579467.700,-1266057.520,176.130
-579467.320,-1266057.670,176.150
-579466.940,-1266057.830,176.190
-579466.620,-1266057.960,176.210
-579466.280,-1266058.100,176.260
-579465.930,-1266058.250,176.300
-579465.600,-1266058.380,176.340
-579465.230,-1266058.530,176.390
-579464.890,-1266058.670,176.440
-579464.530,-1266058.820,176.480
-579464.190,-1266058.960,176.520
-579463.850,-1266059.100,176.570
-579463.490,-1266059.240,176.620
-579463.120,-1266059.400,176.665
-579462.780,-1266059.530,176.700
-579462.420,-1266059.680,176.760
-579462.050,-1266059.830,176.800
-579467.510,-1266057.420,176.140
-579467.130,-1266057.580,176.165
-579466.780,-1266057.720,176.190
-579466.450,-1266057.850,176.230
-579466.110,-1266057.990,176.270
-579465.770,-1266058.130,176.320
-579465.400,-1266058.280,176.370
-579465.070,-1266058.420,176.410
-579464.700,-1266058.570,176.460
-579464.370,-1266058.700,176.505
-579464.020,-1266058.850,176.540
-579463.660,-1266058.990,176.590
-579463.300,-1266059.140,176.640
-579462.950,-1266059.280,176.685
-579462.610,-1266059.430,176.725
-579462.230,-1266059.580,176.770
-579461.860,-1266059.730,176.840
-579467.230,-1266056.940,176.150
-579466.900,-1266057.080,176.180
-579466.550,-1266057.220,176.210
-579466.220,-1266057.360,176.260
-579465.880,-1266057.500,176.290
-579465.520,-1266057.650,176.335
-579465.180,-1266057.790,176.390
-579464.800,-1266057.940,176.440
-579464.470,-1266058.080,176.470
-579464.130,-1266058.210,176.520
-579463.770,-1266058.360,176.570
-579463.410,-1266058.510,176.615
-579463.060,-1266058.650,176.660
-579462.700,-1266058.800,176.700
-579467.400,-1266056.680,176.140
-579467.040,-1266056.820,176.160
-579466.700,-1266056.960,176.190
-579466.370,-1266057.100,176.230
-579466.030,-1266057.240,176.270
-579462.340,-1266058.950,176.750
-579461.980,-1266059.090,176.800
-579465.660,-1266057.390,176.310
-579465.330,-1266057.520,176.365
-579464.960,-1266057.680,176.410
-579464.630,-1266057.810,176.460
-579464.280,-1266057.950,176.490
-579463.920,-1266058.100,176.540
-579463.550,-1266058.250,176.600
-579463.210,-1266058.390,176.630
-579462.850,-1266058.540,176.680
-579462.480,-1266058.690,176.720
-579462.120,-1266058.830,176.765
-579467.140,-1266056.310,176.140
-579466.810,-1266056.450,176.190
-579466.460,-1266056.590,176.210
-579466.120,-1266056.730,176.260
-579465.760,-1266056.870,176.305
-579465.410,-1266057.020,176.340
-579465.060,-1266057.160,176.390
-579464.710,-1266057.310,176.440
-579464.370,-1266057.440,176.480
-579464.010,-1266057.590,176.520
-579463.660,-1266057.740,176.580
-579463.310,-1266057.880,176.610
-579462.940,-1266058.030,176.660
-579462.590,-1266058.170,176.705
-579462.220,-1266058.330,176.750
-579461.880,-1266058.460,176.785
-579467.340,-1266056.120,176.140
-579466.990,-1266056.260,176.170
-579466.640,-1266056.410,176.190
-579466.300,-1266056.540,176.230
-579465.940,-1266056.690,176.280
-579465.600,-1266056.830,176.310
-579465.240,-1266056.980,176.355
-579464.890,-1266057.120,176.410
-579464.560,-1266057.250,176.455
-579464.190,-1266057.410,176.500
-579463.830,-1266057.560,176.550
-579463.490,-1266057.690,176.590
-579463.120,-1266057.840,176.630
-579462.760,-1266057.990,176.680
-579462.390,-1266058.140,176.730
-579462.070,-1266058.280,176.760
-579467.090,-1266055.700,176.150
-579466.730,-1266055.850,176.180
-579466.420,-1266055.970,176.210
-579466.040,-1266056.130,176.250
-579465.690,-1266056.270,176.295
-579465.330,-1266056.420,176.340
-579464.990,-1266056.560,176.390
-579464.650,-1266056.700,176.430
-579464.290,-1266056.840,176.480
-579463.920,-1266057.000,176.515
-579463.570,-1266057.140,176.570
-579463.220,-1266057.280,176.610
-579462.850,-1266057.430,176.670
-579462.480,-1266057.580,176.710
-579461.820,-1266057.860,176.800
-579467.240,-1266055.400,176.140
-579466.880,-1266055.560,176.160
-579466.540,-1266055.700,176.190
-579466.160,-1266055.850,176.220
-579465.470,-1266056.130,176.320
-579465.140,-1266056.270,176.365
-579464.780,-1266056.410,176.400
-579464.420,-1266056.560,176.450
-579464.060,-1266056.710,176.500
-579463.710,-1266056.850,176.545
-579463.350,-1266057.000,176.600
-579462.990,-1266057.150,176.620
-579462.620,-1266057.300,176.680
-579462.280,-1266057.440,176.730
-579461.950,-1266057.570,176.775
-579466.950,-1266055.040,176.145
-579466.610,-1266055.180,176.180
-579466.250,-1266055.330,176.210
-579465.910,-1266055.460,176.250
-579465.530,-1266055.620,176.300
-579465.210,-1266055.750,176.340
-579464.860,-1266055.900,176.390
-579464.500,-1266056.040,176.430
-579464.130,-1266056.190,176.480
-579463.800,-1266056.330,176.530
-579463.420,-1266056.490,176.580
-579463.070,-1266056.630,176.620
-579462.700,-1266056.780,176.675
-579462.360,-1266056.920,176.710
-579462.020,-1266057.060,176.750
-579467.140,-1266054.720,176.125
-579466.780,-1266054.870,176.155
-579466.410,-1266055.020,176.190
-579466.070,-1266055.160,176.210
-579465.700,-1266055.310,176.270
-579465.360,-1266055.450,176.310
-579465.010,-1266055.600,176.360
-579464.660,-1266055.740,176.410
-579464.280,-1266055.900,176.450
-579463.940,-1266056.030,176.500
-579463.590,-1266056.180,176.555
-579463.220,-1266056.330,176.595
-579462.850,-1266056.480,176.630
-579462.520,-1266056.620,176.680
-579462.180,-1266056.750,176.725
-579461.830,-1266056.900,176.765
-579466.920,-1266054.420,176.150
-579466.560,-1266054.570,176.170
-579466.210,-1266054.710,176.200
-579465.840,-1266054.860,176.245
-579465.510,-1266055.000,176.290
-579465.160,-1266055.140,176.340
-579464.800,-1266055.290,176.385
-579464.420,-1266055.450,176.420
-579464.090,-1266055.580,176.480
-579463.720,-1266055.730,176.530
-579463.370,-1266055.880,176.570
-579463.000,-1266056.030,176.620
-579462.660,-1266056.170,176.645
-579462.330,-1266056.300,176.700
-579461.970,-1266056.450,176.740
-579466.700,-1266054.190,176.160
-579466.340,-1266054.330,176.180
-579466.000,-1266054.480,176.220
-579465.640,-1266054.620,176.265
-579465.310,-1266054.760,176.310
-579464.950,-1266054.910,176.350
-579464.570,-1266055.060,176.400
-579464.230,-1266055.200,176.455
-579463.870,-1266055.350,176.500
-579463.510,-1266055.500,176.545
-579463.140,-1266055.650,176.600
-579462.800,-1266055.790,176.630
-579462.460,-1266055.930,176.680
-579462.120,-1266056.070,176.720
-579461.790,-1266056.200,176.760
-579466.830,-1266053.780,176.140
-579466.480,-1266053.920,176.165
-579466.110,-1266054.070,176.190
-579465.770,-1266054.210,176.235
-579465.430,-1266054.350,176.280
-579465.050,-1266054.510,176.330
-579464.700,-1266054.650,176.375
-579464.340,-1266054.800,176.420
-579463.990,-1266054.940,176.480
-579463.620,-1266055.100,176.525
-579463.250,-1266055.250,176.570
-579462.910,-1266055.380,176.610
-579462.570,-1266055.520,176.640
-579461.900,-1266055.800,176.740
-579466.950,-1266053.380,176.125
-579466.590,-1266053.530,176.160
-579466.210,-1266053.690,176.180
-579465.870,-1266053.830,176.210
-579465.530,-1266053.970,176.270
-579465.160,-1266054.120,176.310
-579464.800,-1266054.260,176.350
-579464.460,-1266054.400,176.400
-579464.100,-1266054.550,176.460
-579463.730,-1266054.710,176.505
-579463.360,-1266054.850,176.550
-579463.020,-1266054.990,176.600
-579462.690,-1266055.130,176.630
-579462.350,-1266055.270,176.680
-579462.000,-1266055.410,176.730
-579466.020,-1266053.430,176.180
-579465.670,-1266053.570,176.235
-579465.300,-1266053.720,176.280
-579464.930,-1266053.870,176.330
-579464.590,-1266054.020,176.375
-579464.230,-1266054.160,176.425
-579463.860,-1266054.320,176.480
-579463.510,-1266054.460,176.535
-579463.160,-1266054.600,176.560
-579462.820,-1266054.740,176.615
-579462.490,-1266054.880,176.650
-579462.140,-1266055.020,176.710
-579461.780,-1266055.170,176.740
-579464.680,-1266053.530,176.350
-579464.320,-1266053.680,176.410
-579463.580,-1266053.990,176.515
-579463.250,-1266054.120,176.555
-579462.910,-1266054.260,176.590
-579462.570,-1266054.400,176.640
-579462.220,-1266054.540,176.690
-579461.870,-1266054.690,176.730
-579464.100,-1266053.530,176.430
-579463.740,-1266053.670,176.480
-579463.380,-1266053.820,176.530
-579463.060,-1266053.950,176.565
-579462.710,-1266054.100,176.610
-579462.370,-1266054.230,176.660
-579462.010,-1266054.380,176.710
-579461.680,-1266054.520,176.740
-579462.810,-1266053.650,176.610
-579462.490,-1266053.780,176.640
-579461.790,-1266054.070,176.730
-579462.270,-1266053.560,176.655
-579461.930,-1266053.700,176.710
-579460.520,-1266031.620,176.500
-579460.630,-1266031.900,176.495
-579460.580,-1266032.550,176.500
-579460.740,-1266032.810,176.490
-579460.790,-1266033.860,176.490
-579460.890,-1266034.070,176.490
-579460.670,-1266034.600,176.490
-579460.850,-1266034.830,176.480
-579460.960,-1266035.070,176.480
-579461.070,-1266035.340,176.480
-579460.710,-1266035.490,176.510
-579460.840,-1266035.820,176.495
-579460.990,-1266036.080,176.495
-579461.140,-1266036.310,176.500
-579460.770,-1266036.460,176.520
-579460.930,-1266036.750,176.520
-579461.080,-1266037.070,176.510
-579461.200,-1266037.230,176.520
-579460.860,-1266037.370,176.535
-579460.980,-1266037.680,176.530
-579461.180,-1266037.970,176.530
-579460.830,-1266038.120,176.540
-579461.330,-1266038.310,176.530
-579460.990,-1266038.450,176.540
-579461.450,-1266038.390,176.525
-579461.100,-1266038.540,176.540
-579461.250,-1266038.790,176.530
-579460.910,-1266038.930,176.550
-579461.490,-1266039.100,176.520
-579461.110,-1266039.260,176.530
-579461.680,-1266039.380,176.510
-579461.300,-1266039.540,176.530
-579460.920,-1266039.690,176.550
-579461.470,-1266039.700,176.520
-579461.110,-1266039.840,176.540
-579461.620,-1266039.900,176.515
-579461.250,-1266040.050,176.530
-579460.890,-1266040.200,176.560
-579461.470,-1266040.350,176.530
-579461.090,-1266040.510,176.560
-579461.810,-1266040.210,176.510
-579461.590,-1266040.630,176.525
-579461.250,-1266040.760,176.560
-579461.780,-1266040.840,176.520
-579461.400,-1266041.000,176.550
-579461.060,-1266041.140,176.570
-579461.550,-1266041.150,176.535
-579461.190,-1266041.300,176.560
-579461.820,-1266041.490,176.525
-579461.440,-1266041.650,176.555
-579461.070,-1266041.800,176.590
-579461.980,-1266041.670,176.520
-579461.610,-1266041.830,176.540
-579461.250,-1266041.980,176.565
-579461.800,-1266042.080,176.530
-579461.470,-1266042.220,176.540
-579461.090,-1266042.380,176.590
-579461.910,-1266042.190,176.520
-579461.560,-1266042.330,176.535
-579461.230,-1266042.470,176.580
-579462.180,-1266042.600,176.495
-579461.810,-1266042.760,176.520
-579461.460,-1266042.900,176.540
-579461.120,-1266043.040,176.600
-579462.260,-1266042.800,176.480
-579461.950,-1266042.920,176.510
-579461.590,-1266043.070,176.530
-579461.240,-1266043.210,176.580
-579463.140,-1266042.730,176.335
-579462.800,-1266042.870,176.390
-579462.460,-1266043.010,176.440
-579462.100,-1266043.160,176.490
-579461.760,-1266043.300,176.530
-579461.380,-1266043.450,176.560
-579463.290,-1266042.890,176.310
-579462.950,-1266043.030,176.380
-579462.610,-1266043.170,176.430
-579462.250,-1266043.320,176.460
-579461.910,-1266043.460,176.510
-579461.540,-1266043.610,176.550
-579461.180,-1266043.760,176.590
-579464.900,-1266042.600,176.130
-579464.560,-1266042.740,176.160
-579464.200,-1266042.880,176.205
-579463.830,-1266043.030,176.270
-579463.460,-1266043.190,176.300
-579463.120,-1266043.330,176.345
-579462.770,-1266043.470,176.390
-579462.440,-1266043.610,176.450
-579462.080,-1266043.760,176.485
-579461.710,-1266043.910,176.530
-579461.390,-1266044.040,176.575
-579462.250,-1266044.020,176.470
-579461.900,-1266044.160,176.520
-579461.540,-1266044.310,176.570
-579461.200,-1266044.450,176.610
-579465.090,-1266042.850,176.130
-579464.740,-1266043.000,176.160
-579464.400,-1266043.140,176.190
-579464.000,-1266043.300,176.230
-579463.660,-1266043.440,176.280
-579463.280,-1266043.600,176.335
-579462.940,-1266043.740,176.380
-579462.600,-1266043.880,176.430
-579465.320,-1266043.040,176.120
-579464.940,-1266043.190,176.150
-579464.570,-1266043.350,176.160
-579464.230,-1266043.490,176.210
-579463.850,-1266043.640,176.260
-579463.500,-1266043.790,176.300
-579463.120,-1266043.940,176.350
-579462.780,-1266044.080,176.400
-579462.430,-1266044.230,176.450
-579462.100,-1266044.360,176.500
-579461.760,-1266044.500,176.550
-579461.380,-1266044.660,176.590
-579465.110,-1266043.360,176.130
-579464.730,-1266043.510,176.160
-579464.370,-1266043.660,176.190
-579464.020,-1266043.810,176.240
-579463.650,-1266043.960,176.280
-579463.280,-1266044.110,176.330
-579462.910,-1266044.260,176.375
-579462.560,-1266044.400,176.440
-579462.210,-1266044.550,176.470
-579461.900,-1266044.680,176.530
-579461.540,-1266044.830,176.570
-579461.180,-1266044.970,176.615
-579464.940,-1266043.750,176.145
-579464.560,-1266043.910,176.180
-579464.190,-1266044.060,176.220
-579463.850,-1266044.200,176.270
-579463.490,-1266044.350,176.320
-579463.110,-1266044.510,176.360
-579462.740,-1266044.660,176.430
-579462.410,-1266044.790,176.460
-579462.050,-1266044.940,176.510
-579461.710,-1266045.080,176.560
-579461.380,-1266045.210,176.600
-579465.120,-1266044.050,176.140
-579464.770,-1266044.190,176.160
-579464.410,-1266044.340,176.200
-579464.020,-1266044.500,176.260
-579463.700,-1266044.630,176.290
-579463.320,-1266044.790,176.350
-579462.960,-1266044.940,176.410
-579462.580,-1266045.090,176.450
-579462.240,-1266045.230,176.500
-579461.900,-1266045.370,176.550
-579461.550,-1266045.520,176.590
-579461.220,-1266045.650,176.625
-579465.290,-1266044.270,176.130
-579464.950,-1266044.410,176.160
-579464.610,-1266044.550,176.180
-579464.250,-1266044.700,176.235
-579463.880,-1266044.850,176.270
-579463.530,-1266045.000,176.330
-579463.170,-1266045.140,176.370
-579462.780,-1266045.300,176.430
-579462.420,-1266045.450,176.470
-579462.070,-1266045.600,176.520
-579461.740,-1266045.730,176.580
-579461.390,-1266045.880,176.615
-579466.340,-1266053.290,176.160
-579466.450,-1266052.810,176.160
-579466.110,-1266052.950,176.170
-579465.760,-1266053.090,176.215
-579465.400,-1266053.240,176.270
-579465.030,-1266053.390,176.310
-579466.590,-1266052.510,176.130
-579466.260,-1266052.640,176.160
-579465.910,-1266052.780,176.180
-579465.540,-1266052.930,176.240
-579465.170,-1266053.090,176.290
-579464.850,-1266053.220,176.330
-579464.470,-1266053.370,176.380
-579466.730,-1266052.040,176.120
-579466.370,-1266052.190,176.140
-579466.020,-1266052.330,176.175
-579465.660,-1266052.480,176.210
-579465.280,-1266052.640,176.270
-579464.940,-1266052.770,176.310
-579464.570,-1266052.930,176.355
-579464.220,-1266053.070,176.410
-579463.840,-1266053.230,176.470
-579463.500,-1266053.370,176.515
-579463.160,-1266053.510,176.555
-579466.520,-1266051.820,176.130
-579466.180,-1266051.960,176.160
-579465.800,-1266052.110,176.180
-579465.440,-1266052.260,176.235
-579465.100,-1266052.400,176.280
-579464.720,-1266052.560,176.330
-579464.360,-1266052.700,176.390
-579463.980,-1266052.860,176.450
-579463.650,-1266052.990,176.480
-579463.310,-1266053.140,176.530
-579462.970,-1266053.270,176.565
-579462.630,-1266053.410,176.625
-579466.640,-1266051.380,176.120
-579466.280,-1266051.530,176.145
-579465.910,-1266051.680,176.170
-579465.540,-1266051.830,176.210
-579465.200,-1266051.970,176.270
-579464.830,-1266052.120,176.310
-579464.480,-1266052.270,176.360
-579464.100,-1266052.430,176.415
-579463.760,-1266052.560,176.470
-579463.420,-1266052.710,176.510
-579463.080,-1266052.840,176.550
-579462.750,-1266052.980,176.590
-579462.370,-1266053.130,176.640
-579462.030,-1266053.270,176.680
-579461.660,-1266053.430,176.730
-579466.440,-1266051.190,176.130
-579466.060,-1266051.350,176.155
-579465.710,-1266051.490,176.190
-579465.350,-1266051.640,176.240
-579464.990,-1266051.790,176.280
-579464.620,-1266051.940,176.335
-579464.260,-1266052.090,176.380
-579463.910,-1266052.230,176.430
-579463.580,-1266052.370,176.475
-579463.230,-1266052.510,176.530
-579462.890,-1266052.650,176.570
-579462.530,-1266052.800,176.625
-579462.190,-1266052.940,176.655
-579461.830,-1266053.090,176.705
-579466.590,-1266050.840,176.110
-579466.210,-1266050.990,176.140
-579465.840,-1266051.150,176.170
-579465.510,-1266051.280,176.210
-579465.130,-1266051.440,176.260
-579464.770,-1266051.590,176.310
-579464.400,-1266051.740,176.350
-579464.050,-1266051.880,176.410
-579463.720,-1266052.020,176.450
-579463.370,-1266052.160,176.500
-579463.040,-1266052.300,176.540
-579462.660,-1266052.450,176.580
-579462.330,-1266052.590,176.640
-579461.950,-1266052.740,176.680
-579461.640,-1266052.870,176.725
-579466.360,-1266050.560,176.130
-579465.990,-1266050.710,176.165
-579465.650,-1266050.850,176.190
-579465.280,-1266051.000,176.225
-579464.900,-1266051.160,176.290
-579464.550,-1266051.300,176.325
-579464.200,-1266051.440,176.370
-579463.850,-1266051.590,176.420
-579463.520,-1266051.720,176.465
-579463.190,-1266051.850,176.520
-579462.810,-1266052.010,176.540
-579462.490,-1266052.140,176.615
-579462.100,-1266052.300,176.650
-579461.770,-1266052.440,176.695
-579466.500,-1266050.140,176.115
-579466.120,-1266050.300,176.140
-579465.760,-1266050.450,176.170
-579465.400,-1266050.590,176.200
-579465.030,-1266050.740,176.255
-579464.650,-1266050.900,176.300
-579464.330,-1266051.030,176.355
-579463.980,-1266051.180,176.390
-579463.640,-1266051.310,176.440
-579463.300,-1266051.460,176.490
-579462.940,-1266051.610,176.530
-579462.590,-1266051.750,176.580
-579462.220,-1266051.900,176.630
-579461.890,-1266052.030,176.650
-579461.540,-1266052.180,176.730
-579466.250,-1266049.970,176.125
-579465.910,-1266050.110,176.160
-579465.550,-1266050.260,176.190
-579465.180,-1266050.410,176.230
-579464.800,-1266050.560,176.280
-579464.470,-1266050.700,176.320
-579464.130,-1266050.840,176.370
-579463.790,-1266050.980,176.420
-579463.440,-1266051.120,176.460
-579463.080,-1266051.270,176.500
-579462.740,-1266051.410,176.560
-579462.370,-1266051.560,176.600
-579462.030,-1266051.700,176.640
-579466.070,-1266049.790,176.150
-579465.710,-1266049.940,176.170
-579465.340,-1266050.090,176.210
-579464.970,-1266050.250,176.255
-579464.640,-1266050.380,176.305
-579464.290,-1266050.520,176.350
-579463.940,-1266050.670,176.385
-579463.610,-1266050.800,176.440
-579463.240,-1266050.960,176.490
-579462.890,-1266051.100,176.530
-579462.530,-1266051.250,176.580
-579462.190,-1266051.390,176.610
-579461.850,-1266051.520,176.670
-579461.480,-1266051.680,176.740
-579466.250,-1266049.350,176.130
-579465.860,-1266049.510,176.160
-579465.520,-1266049.650,176.190
-579465.120,-1266049.810,176.240
-579464.790,-1266049.950,176.270
-579464.460,-1266050.080,176.320
-579464.110,-1266050.230,176.360
-579463.760,-1266050.370,176.415
-579463.400,-1266050.520,176.465
-579463.060,-1266050.660,176.500
-579462.690,-1266050.810,176.540
-579462.360,-1266050.950,176.590
-579462.010,-1266051.090,176.640
-579461.640,-1266051.240,176.690
-579466.010,-1266049.070,176.150
-579465.630,-1266049.220,176.160
-579465.250,-1266049.380,176.215
-579464.930,-1266049.510,176.250
-579464.570,-1266049.660,176.300
-579464.240,-1266049.790,176.340
-579463.890,-1266049.940,176.375
-579463.530,-1266050.090,176.430
-579463.180,-1266050.230,176.490
-579462.830,-1266050.370,176.515
-579462.480,-1266050.520,176.570
-579462.130,-1266050.660,176.615
-579461.770,-1266050.810,176.655
-579466.190,-1266048.770,176.140
-579465.780,-1266048.940,176.160
-579465.420,-1266049.080,176.190
-579465.080,-1266049.220,176.225
-579464.750,-1266049.360,176.260
-579464.390,-1266049.510,176.320
-579464.060,-1266049.640,176.360
-579463.690,-1266049.790,176.415
-579463.340,-1266049.940,176.475
-579462.980,-1266050.080,176.500
-579462.640,-1266050.220,176.530
-579462.300,-1266050.360,176.600
-579461.930,-1266050.520,176.645
-579461.580,-1266050.660,176.690
-579465.920,-1266048.510,176.150
-579465.550,-1266048.670,176.180
-579465.210,-1266048.800,176.195
-579464.850,-1266048.950,176.240
-579464.520,-1266049.090,176.290
-579464.190,-1266049.230,176.330
-579463.810,-1266049.380,176.380
-579463.480,-1266049.520,176.440
-579463.100,-1266049.670,176.490
-579462.770,-1266049.810,176.520
-579462.430,-1266049.950,176.570
-579462.060,-1266050.100,176.610
-579461.690,-1266050.250,176.670
-579465.730,-1266048.340,176.160
-579465.400,-1266048.480,176.180
-579465.050,-1266048.620,176.220
-579464.710,-1266048.760,176.260
-579464.370,-1266048.900,176.310
-579464.000,-1266049.050,176.360
-579463.650,-1266049.200,176.410
-579463.280,-1266049.350,176.455
-579462.950,-1266049.480,176.500
-579462.600,-1266049.630,176.540
-579462.240,-1266049.780,176.590
-579461.870,-1266049.930,176.640
-579461.540,-1266050.070,176.690
-579465.850,-1266047.920,176.150
-579465.500,-1266048.070,176.170
-579465.160,-1266048.210,176.190
-579464.820,-1266048.350,176.240
-579464.480,-1266048.490,176.285
-579464.110,-1266048.640,176.330
-579463.770,-1266048.780,176.375
-579463.400,-1266048.930,176.450
-579463.050,-1266049.070,176.480
-579462.720,-1266049.210,176.510
-579462.340,-1266049.370,176.570
-579461.980,-1266049.510,176.610
-579461.640,-1266049.650,176.665
-579465.690,-1266047.820,176.160
-579465.330,-1266047.970,176.180
-579465.000,-1266048.100,176.215
-579464.660,-1266048.240,176.260
-579464.290,-1266048.390,176.310
-579463.950,-1266048.540,176.345
-579463.570,-1266048.690,176.415
-579463.230,-1266048.830,176.455
-579462.890,-1266048.970,176.500
-579462.530,-1266049.120,176.530
-579462.160,-1266049.270,176.590
-579461.810,-1266049.410,176.635
-579461.450,-1266049.560,176.685
-579466.050,-1266047.670,176.120
-579465.790,-1266047.380,176.145
-579465.440,-1266047.520,176.170
-579465.100,-1266047.660,176.180
-579464.760,-1266047.800,176.240
-579464.390,-1266047.950,176.290
-579464.060,-1266048.090,176.330
-579463.690,-1266048.240,176.380
-579463.330,-1266048.390,176.435
-579463.000,-1266048.520,176.480
-579462.640,-1266048.670,176.510
-579462.270,-1266048.820,176.570
-579461.920,-1266048.970,176.610
-579461.560,-1266049.110,176.670
-579464.210,-1266047.780,176.310
-579463.850,-1266047.930,176.340
-579463.500,-1266048.070,176.410
-579463.160,-1266048.210,176.450
-579462.800,-1266048.360,176.490
-579462.430,-1266048.510,176.530
-579462.090,-1266048.650,176.590
-579461.720,-1266048.800,176.635
-579461.360,-1266048.950,176.690
-579465.980,-1266047.050,176.100
-579465.620,-1266047.200,176.150
-579465.270,-1266047.340,176.180
-579464.930,-1266047.480,176.190
-579464.560,-1266047.630,176.265
-579465.720,-1266046.730,176.130
-579465.380,-1266046.870,176.170
-579465.040,-1266047.000,176.180
-579464.650,-1266047.170,176.240
-579464.330,-1266047.300,176.285
-579463.960,-1266047.450,176.320
-579463.610,-1266047.590,176.380
-579463.280,-1266047.730,176.425
-579462.900,-1266047.880,176.460
-579462.540,-1266048.030,176.510
-579462.190,-1266048.170,176.550
-579461.830,-1266048.320,176.615
-579461.450,-1266048.480,176.660
-579465.580,-1266046.580,176.150
-579465.240,-1266046.720,176.170
-579464.870,-1266046.870,176.190
-579464.520,-1266047.020,176.260
-579464.150,-1266047.170,176.300
-579463.810,-1266047.310,176.330
-579463.450,-1266047.460,176.400
-579463.100,-1266047.600,176.440
-579462.730,-1266047.750,176.490
-579462.390,-1266047.890,176.520
-579462.020,-1266048.040,176.580
-579461.650,-1266048.200,176.630
-579463.240,-1266047.300,176.420
-579462.880,-1266047.450,176.455
-579462.520,-1266047.600,176.510
-579462.160,-1266047.750,176.570
-579461.790,-1266047.900,176.610
-579461.430,-1266048.040,176.660
-579465.730,-1266046.280,176.125
-579465.380,-1266046.420,176.170
-579465.000,-1266046.580,176.180
-579464.670,-1266046.720,176.225
-579464.300,-1266046.870,176.270
-579463.960,-1266047.010,176.320
-579463.600,-1266047.150,176.365
-579465.520,-1266045.940,176.140
-579465.140,-1266046.100,176.170
-579464.810,-1266046.240,176.190
-579464.440,-1266046.390,176.255
-579464.090,-1266046.530,176.300
-579463.750,-1266046.670,176.330
-579463.380,-1266046.820,176.390
-579463.010,-1266046.980,176.440
-579462.660,-1266047.120,176.490
-579462.300,-1266047.270,176.530
-579461.550,-1266047.570,176.630
-579465.630,-1266045.580,176.130
-579465.250,-1266045.730,176.150
-579464.900,-1266045.880,176.180
-579464.530,-1266046.030,176.220
-579464.190,-1266046.170,176.270
-579463.850,-1266046.310,176.300
-579463.480,-1266046.460,176.370
-579463.120,-1266046.610,176.420
-579462.770,-1266046.750,176.460
-579462.400,-1266046.910,176.510
-579462.030,-1266047.060,176.550
-579461.650,-1266047.210,176.615
-579461.320,-1266047.350,176.650
-579465.770,-1266045.290,176.110
-579465.380,-1266045.450,176.140
-579465.040,-1266045.590,176.170
-579464.680,-1266045.740,176.200
-579464.320,-1266045.880,176.250
-579463.980,-1266046.020,176.280
-579463.610,-1266046.180,176.350
-579463.260,-1266046.320,176.390
-579462.900,-1266046.470,176.440
-579462.530,-1266046.620,176.500
-579462.160,-1266046.770,176.525
-579461.800,-1266046.920,176.600
-579461.460,-1266047.060,176.635
-579465.520,-1266045.080,176.125
-579465.160,-1266045.230,176.145
-579464.790,-1266045.380,176.175
-579464.460,-1266045.520,176.220
-579464.100,-1266045.660,176.260
-579463.750,-1266045.810,176.305
-579463.370,-1266045.960,176.360
-579463.020,-1266046.110,176.415
-579462.670,-1266046.250,176.450
-579462.300,-1266046.410,176.510
-579461.930,-1266046.560,176.550
-579461.580,-1266046.700,176.610
-579461.250,-1266046.830,176.655
-579461.730,-1266046.280,176.590
-579461.410,-1266046.410,176.620
-579465.330,-1266044.800,176.130
-579464.960,-1266044.950,176.150
-579464.630,-1266045.090,176.190
-579464.270,-1266045.230,176.250
-579463.900,-1266045.380,176.270
-579463.540,-1266045.540,176.330
-579463.200,-1266045.680,176.370
-579462.820,-1266045.830,176.430
-579462.460,-1266045.980,176.490
-579462.090,-1266046.130,176.530
-579465.500,-1266044.410,176.120
-579465.120,-1266044.580,176.140
-579464.760,-1266044.720,176.160
-579464.420,-1266044.860,176.205
-579464.060,-1266045.010,176.260
-579463.670,-1266045.170,176.300
-579463.330,-1266045.310,176.350
-579462.980,-1266045.460,176.410
-579462.600,-1266045.610,176.450
-579462.230,-1266045.760,176.505
-579461.890,-1266045.900,176.550
-579461.550,-1266046.040,176.600
-579461.200,-1266046.190,176.630
-579461.930,-1266061.280,176.860
-579461.560,-1266061.430,176.890
-579461.660,-1266061.000,176.895
-579461.310,-1266061.140,176.925
-579461.790,-1266060.610,176.855
-579461.430,-1266060.760,176.900
-579461.570,-1266060.390,176.880
-579461.690,-1266059.980,176.860
-579461.360,-1266060.120,176.890
-579461.520,-1266059.870,176.880
-579461.310,-1266059.370,176.890
-579461.630,-1266059.240,176.850
-579461.790,-1266058.970,176.820
-579461.450,-1266059.110,176.870
-579461.540,-1266058.600,176.850
-579461.200,-1266058.750,176.880
-579461.720,-1266058.420,176.810
-579461.390,-1266058.550,176.870
-579461.480,-1266057.990,176.845
-579461.610,-1266057.710,176.815
-579461.270,-1266057.850,176.870
-579461.680,-1266057.200,176.790
-579461.350,-1266057.340,176.850
-579461.510,-1266057.030,176.820
-579461.130,-1266057.180,176.860
-579461.640,-1266056.580,176.790
-579461.280,-1266056.730,176.845
-579461.420,-1266056.350,176.810
-579461.080,-1266056.490,176.860
-579461.200,-1266056.090,176.830
-579461.650,-1266055.560,176.760
-579461.310,-1266055.700,176.820
-579461.440,-1266055.310,176.790
-579461.080,-1266055.450,176.845
-579461.530,-1266054.830,176.775
-579461.170,-1266054.970,176.820
-579461.310,-1266054.670,176.800
-579461.420,-1266054.220,176.790
-579461.080,-1266054.360,176.830
-579461.550,-1266053.860,176.765
-579461.220,-1266053.990,176.800
-579461.000,-1266053.700,176.810
-579459.590,-1266026.300,176.510
-579459.600,-1266027.330,176.510
-579459.840,-1266027.730,176.500
-579459.780,-1266028.430,176.520
-579459.830,-1266028.560,176.520
-579459.720,-1266029.290,176.530
-579459.810,-1266029.390,176.530
-579459.980,-1266029.750,176.530
-579460.040,-1266029.850,176.530
-579459.950,-1266030.570,176.540
-579460.060,-1266030.700,176.530
-579460.220,-1266031.040,176.520
-579459.870,-1266031.190,176.545
-579460.320,-1266031.190,176.510
-579459.970,-1266031.340,176.535
-579460.160,-1266031.770,176.520
-579460.280,-1266032.040,176.510
-579459.930,-1266032.190,176.540
-579460.430,-1266032.300,176.510
-579460.080,-1266032.440,176.530
-579460.200,-1266032.710,176.525
-579460.360,-1266032.970,176.505
-579459.990,-1266033.120,176.560
-579460.520,-1266033.350,176.500
-579460.150,-1266033.500,176.535
-579460.290,-1266033.690,176.510
-579460.420,-1266034.010,176.520
-579460.060,-1266034.160,176.550
-579460.520,-1266034.220,176.515
-579460.170,-1266034.360,176.540
-579460.300,-1266034.760,176.520
-579460.470,-1266034.980,176.520
-579460.090,-1266035.140,176.550
-579460.590,-1266035.220,176.520
-579460.210,-1266035.380,176.540
-579460.380,-1266035.630,176.540
-579460.500,-1266035.960,176.530
-579460.160,-1266036.100,176.565
-579460.630,-1266036.230,176.530
-579460.280,-1266036.370,176.550
-579460.400,-1266036.620,176.550
-579460.580,-1266036.890,176.540
-579460.210,-1266037.040,176.580
-579460.720,-1266037.210,176.540
-579460.370,-1266037.360,176.570
-579460.140,-1266037.660,176.610
-579460.490,-1266037.520,176.570
-579460.650,-1266037.820,176.570
-579460.280,-1266037.970,176.600
-579460.500,-1266038.250,176.575
-579460.650,-1266038.590,176.560
-579460.310,-1266038.720,176.605
-579460.760,-1266038.680,176.555
-579460.420,-1266038.820,176.600
-579460.560,-1266039.070,176.575
-579460.220,-1266039.220,176.615
-579460.780,-1266039.390,176.555
-579460.440,-1266039.530,176.600
-579460.590,-1266039.830,176.580
-579460.250,-1266039.970,176.635
-579460.740,-1266040.000,176.570
-579460.390,-1266040.140,176.620
-579460.510,-1266040.350,176.605
-579460.720,-1266040.660,176.590
-579460.350,-1266040.810,176.650
-579460.870,-1266040.920,176.580
-579460.500,-1266041.070,176.630
-579460.700,-1266041.290,176.605
-579460.320,-1266041.440,176.660
-579460.860,-1266041.440,176.600
-579460.480,-1266041.600,176.640
-579460.730,-1266041.940,176.610
-579460.370,-1266042.090,176.660
-579460.870,-1266042.130,176.610
-579460.550,-1266042.260,176.635
-579460.730,-1266042.520,176.620
-579460.860,-1266042.620,176.610
-579460.480,-1266042.770,176.660
-579460.750,-1266043.190,176.640
-579460.900,-1266043.360,176.615
-579460.540,-1266043.500,176.680
-579461.050,-1266043.590,176.610
-579460.700,-1266043.740,176.660
-579460.840,-1266043.900,176.650
-579460.500,-1266044.030,176.680
-579461.010,-1266044.200,176.640
-579460.660,-1266044.340,176.680
-579460.830,-1266044.600,176.670
-579460.500,-1266044.740,176.690
-579461.040,-1266044.800,176.640
-579460.670,-1266044.950,176.680
-579460.830,-1266045.120,176.670
-579461.000,-1266045.370,176.670
-579460.660,-1266045.510,176.690
-579460.840,-1266045.810,176.690
-579461.050,-1266046.020,176.670
-579460.690,-1266046.160,176.710
-579461.330,-1266053.560,176.790
-579461.480,-1266053.230,176.755
-579461.150,-1266053.360,176.800
-579461.290,-1266053.020,176.790
-579460.920,-1266053.170,176.820
-579461.440,-1266052.580,176.760
-579461.070,-1266052.730,176.800
-579461.180,-1266052.320,176.780
-579461.330,-1266051.990,176.750
-579460.960,-1266052.140,176.795
-579461.120,-1266051.830,176.760
-579461.290,-1266051.380,176.750
-579460.950,-1266051.520,176.790
-579461.400,-1266050.960,176.740
-579461.070,-1266051.100,176.750
-579461.220,-1266050.810,176.740
-579460.850,-1266050.960,176.775
-579461.350,-1266050.390,176.740
-579460.990,-1266050.540,176.750
-579461.160,-1266050.220,176.740
-579460.810,-1266050.370,176.770
-579461.270,-1266049.810,176.700
-579460.910,-1266049.950,176.750
-579461.080,-1266049.710,176.740
-579461.190,-1266049.270,176.700
-579460.820,-1266049.420,176.760
-579460.990,-1266049.100,176.740
-579461.100,-1266048.620,176.700
-579460.760,-1266048.760,176.750
-579461.290,-1266048.340,176.670
-579460.940,-1266048.490,176.730
-579461.090,-1266048.180,176.690
-579460.750,-1266048.320,176.755
-579461.220,-1266047.710,176.670
-579460.880,-1266047.850,176.730
-579460.990,-1266047.480,176.690
-579460.630,-1266047.630,176.740
-579461.110,-1266047.200,176.670
-579460.770,-1266047.340,176.730
-579460.900,-1266046.980,176.690
-579461.050,-1266046.560,176.680
-579460.720,-1266046.690,176.715
-579460.870,-1266046.320,176.690
-579460.960,-1266061.290,176.970
-579460.640,-1266061.420,177.010
-579460.290,-1266061.560,177.040
-579461.100,-1266060.890,176.935
-579460.750,-1266061.030,176.980
-579460.420,-1266061.170,177.020
-579460.100,-1266061.300,177.070
-579459.720,-1266061.460,177.080
-579459.390,-1266061.590,177.075
-579459.090,-1266061.710,177.060
-579458.760,-1266061.840,177.035
-579458.420,-1266061.980,176.990
-579461.240,-1266060.520,176.910
-579460.900,-1266060.660,176.960
-579460.570,-1266060.790,176.990
-579460.240,-1266060.930,177.040
-579459.860,-1266061.080,177.070
-579459.530,-1266061.220,177.075
-579459.200,-1266061.350,177.070
-579458.890,-1266061.470,177.045
-579458.590,-1266061.590,177.010
-579458.240,-1266061.730,176.980
-579457.910,-1266061.860,176.920
-579457.600,-1266061.990,176.890
-579457.230,-1266062.140,176.830
-579461.020,-1266060.260,176.930
-579460.680,-1266060.390,176.980
-579460.360,-1266060.530,177.010
-579459.990,-1266060.680,177.070
-579459.640,-1266060.820,177.090
-579459.300,-1266060.960,177.080
-579459.000,-1266061.080,177.070
-579458.680,-1266061.210,177.010
-579458.350,-1266061.340,177.000
-579458.010,-1266061.470,176.940
-579457.690,-1266061.600,176.895
-579457.360,-1266061.730,176.850
-579457.020,-1266061.870,176.825
-579456.700,-1266062.000,176.795
-579457.860,-1266061.350,176.920
-579457.520,-1266061.480,176.870
-579457.180,-1266061.620,176.830
-579456.850,-1266061.750,176.810
-579456.540,-1266061.880,176.745
-579455.270,-1266062.380,176.565
-579461.190,-1266060.010,176.910
-579460.850,-1266060.140,176.970
-579460.530,-1266060.270,176.990
-579460.160,-1266060.430,177.040
-579459.810,-1266060.570,177.080
-579459.450,-1266060.720,177.090
-579459.150,-1266060.840,177.090
-579458.830,-1266060.960,177.040
-579458.500,-1266061.090,177.010
-579458.160,-1266061.230,176.945
-579460.960,-1266059.510,176.920
-579460.630,-1266059.650,176.980
-579460.280,-1266059.790,177.000
-579459.920,-1266059.940,177.070
-579459.550,-1266060.090,177.080
-579459.230,-1266060.220,177.080
-579458.930,-1266060.340,177.075
-579458.590,-1266060.470,177.030
-579458.250,-1266060.610,176.980
-579457.950,-1266060.730,176.940
-579457.600,-1266060.870,176.890
-579457.280,-1266060.990,176.845
-579456.940,-1266061.130,176.810
-579456.610,-1266061.260,176.755
-579456.330,-1266061.370,176.740
-579455.990,-1266061.510,176.680
-579455.680,-1266061.630,176.630
-579455.360,-1266061.760,176.580
-579455.040,-1266061.890,176.545
-579454.700,-1266062.020,176.505
-579454.400,-1266062.140,176.460
-579454.080,-1266062.270,176.430
-579453.740,-1266062.410,176.410
-579461.100,-1266059.250,176.900
-579460.770,-1266059.390,176.940
-579460.420,-1266059.530,176.990
-579460.070,-1266059.680,177.040
-579459.720,-1266059.820,177.070
-579459.360,-1266059.970,177.080
-579459.060,-1266060.090,177.080
-579458.730,-1266060.220,177.040
-579458.400,-1266060.350,177.010
-579458.090,-1266060.470,176.960
-579457.750,-1266060.610,176.920
-579457.410,-1266060.750,176.860
-579457.080,-1266060.880,176.825
-579456.760,-1266061.010,176.790
-579456.460,-1266061.130,176.740
-579456.140,-1266061.250,176.720
-579455.830,-1266061.380,176.670
-579455.490,-1266061.510,176.590
-579455.180,-1266061.640,176.570
-579454.840,-1266061.770,176.540
-579454.540,-1266061.890,176.490
-579454.230,-1266062.010,176.460
-579453.900,-1266062.150,176.430
-579453.550,-1266062.280,176.410
-579460.870,-1266058.880,176.920
-579460.510,-1266059.030,176.980
-579460.180,-1266059.160,177.015
-579459.800,-1266059.320,177.060
-579459.470,-1266059.450,177.080
-579459.140,-1266059.590,177.080
-579458.810,-1266059.720,177.060
-579458.480,-1266059.850,177.030
-579458.160,-1266059.980,176.970
-579457.820,-1266060.110,176.940
-579457.490,-1266060.250,176.890
-579457.140,-1266060.380,176.850
-579456.840,-1266060.500,176.810
-579456.530,-1266060.630,176.770
-579456.220,-1266060.750,176.740
-579455.910,-1266060.880,176.680
-579455.570,-1266061.010,176.650
-579455.270,-1266061.130,176.590
-579454.930,-1266061.270,176.550
-579454.620,-1266061.390,176.510
-579454.310,-1266061.510,176.470
-579453.960,-1266061.660,176.440
-579453.640,-1266061.780,176.430
-579461.040,-1266058.700,176.900
-579460.680,-1266058.840,176.980
-579460.350,-1266058.980,176.980
-579459.980,-1266059.130,177.030
-579459.650,-1266059.260,177.070
-579459.290,-1266059.410,177.080
-579458.970,-1266059.540,177.075
-579458.640,-1266059.670,177.030
-579458.320,-1266059.800,177.000
-579457.990,-1266059.930,176.960
-579457.660,-1266060.060,176.915
-579457.320,-1266060.200,176.870
-579457.000,-1266060.320,176.820
-579456.690,-1266060.450,176.790
-579456.390,-1266060.570,176.745
-579456.070,-1266060.700,176.710
-579455.750,-1266060.830,176.670
-579455.430,-1266060.950,176.630
-579455.080,-1266061.090,176.580
-579454.790,-1266061.210,176.540
-579454.470,-1266061.330,176.485
-579454.140,-1266061.470,176.460
-579453.810,-1266061.600,176.440
-579453.490,-1266061.720,176.415
-579461.130,-1266058.140,176.880
-579460.780,-1266058.280,176.920
-579460.440,-1266058.420,176.980
-579460.080,-1266058.570,177.030
-579459.750,-1266058.700,177.060
-579459.390,-1266058.850,177.090
-579459.040,-1266058.990,177.085
-579458.710,-1266059.130,177.070
-579458.410,-1266059.240,177.030
-579458.070,-1266059.380,176.975
-579457.730,-1266059.520,176.950
-579457.410,-1266059.640,176.890
-579457.080,-1266059.770,176.850
-579456.770,-1266059.900,176.805
-579456.470,-1266060.020,176.770
-579456.140,-1266060.150,176.730
-579455.810,-1266060.280,176.680
-579455.500,-1266060.400,176.640
-579455.160,-1266060.540,176.590
-579454.850,-1266060.660,176.560
-579454.540,-1266060.790,176.505
-579454.210,-1266060.920,176.470
-579453.860,-1266061.060,176.450
-579453.560,-1266061.180,176.425
-579460.920,-1266058.000,176.905
-579460.560,-1266058.150,176.945
-579460.210,-1266058.290,177.000
-579459.870,-1266058.430,177.030
-579459.530,-1266058.570,177.070
-579459.160,-1266058.720,177.090
-579458.830,-1266058.850,177.075
-579458.530,-1266058.970,177.050
-579458.190,-1266059.110,177.000
-579457.860,-1266059.240,176.960
-579457.520,-1266059.370,176.915
-579457.200,-1266059.500,176.860
-579456.900,-1266059.620,176.840
-579456.580,-1266059.750,176.780
-579456.270,-1266059.870,176.760
-579455.940,-1266060.000,176.710
-579455.620,-1266060.130,176.665
-579455.300,-1266060.260,176.610
-579454.980,-1266060.390,176.575
-579454.660,-1266060.510,176.540
-579454.330,-1266060.640,176.490
-579454.000,-1266060.780,176.460
-579453.690,-1266060.900,176.440
-579460.980,-1266057.490,176.880
-579460.640,-1266057.620,176.920
-579460.290,-1266057.770,176.980
-579459.950,-1266057.910,177.030
-579459.620,-1266058.040,177.060
-579459.230,-1266058.200,177.100
-579458.880,-1266058.340,177.100
-579458.600,-1266058.460,177.075
-579458.250,-1266058.600,177.030
-579457.910,-1266058.730,176.985
-579457.580,-1266058.860,176.940
-579457.260,-1266058.990,176.890
-579456.950,-1266059.110,176.860
-579456.640,-1266059.240,176.810
-579456.340,-1266059.360,176.775
-579455.990,-1266059.500,176.725
-579455.690,-1266059.620,176.690
-579455.350,-1266059.750,176.645
-579455.030,-1266059.880,176.590
-579454.730,-1266060.000,176.565
-579454.390,-1266060.140,176.515
-579454.050,-1266060.270,176.470
-579453.750,-1266060.390,176.450
-579453.410,-1266060.530,176.430
-579460.800,-1266057.320,176.900
-579460.440,-1266057.470,176.945
-579460.090,-1266057.610,176.990
-579459.760,-1266057.750,177.040
-579459.390,-1266057.900,177.080
-579459.020,-1266058.050,177.100
-579458.720,-1266058.170,177.100
-579458.390,-1266058.300,177.060
-579458.050,-1266058.440,177.010
-579457.710,-1266058.570,176.955
-579457.410,-1266058.690,176.910
-579457.100,-1266058.820,176.870
-579456.780,-1266058.950,176.840
-579456.480,-1266059.070,176.780
-579456.130,-1266059.200,176.750
-579455.820,-1266059.330,176.700
-579455.490,-1266059.460,176.665
-579455.170,-1266059.590,176.610
-579454.870,-1266059.710,176.580
-579454.530,-1266059.840,176.530
-579454.190,-1266059.980,176.485
-579453.890,-1266060.100,176.470
-579453.540,-1266060.240,176.440
-579453.220,-1266060.360,176.420
-579460.950,-1266056.870,176.880
-579460.570,-1266057.020,176.920
-579460.240,-1266057.160,176.970
-579459.910,-1266057.290,177.020
-579459.530,-1266057.450,177.050
-579459.170,-1266057.600,177.100
-579458.850,-1266057.730,177.100
-579458.510,-1266057.860,177.080
-579458.170,-1266058.000,177.020
-579457.850,-1266058.130,177.000
-579457.530,-1266058.250,176.930
-579457.220,-1266058.380,176.910
-579456.900,-1266058.500,176.860
-579456.590,-1266058.630,176.810
-579456.260,-1266058.760,176.770
-579455.950,-1266058.880,176.730
-579455.610,-1266059.020,176.680
-579455.300,-1266059.150,176.650
-579454.990,-1266059.270,176.610
-579454.660,-1266059.400,176.560
-579454.320,-1266059.540,176.520
-579453.330,-1266059.930,176.430
-579460.720,-1266056.640,176.905
-579460.380,-1266056.780,176.940
-579460.050,-1266056.920,176.990
-579459.680,-1266057.070,177.040
-579459.320,-1266057.220,177.080
-579458.980,-1266057.350,177.090
-579458.640,-1266057.490,177.090
-579458.310,-1266057.620,177.060
-579457.970,-1266057.760,177.010
-579457.660,-1266057.880,176.970
-579457.340,-1266058.010,176.920
-579457.040,-1266058.130,176.890
-579456.720,-1266058.250,176.840
-579456.390,-1266058.390,176.795
-579456.090,-1266058.510,176.760
-579455.740,-1266058.650,176.710
-579455.440,-1266058.770,176.675
-579455.120,-1266058.900,176.630
-579454.780,-1266059.030,176.580
-579454.440,-1266059.170,176.540
-579454.140,-1266059.290,176.505
-579453.800,-1266059.420,176.460
-579453.460,-1266059.560,176.435
-579453.130,-1266059.690,176.410
-579454.000,-1266059.660,176.470
-579453.670,-1266059.800,176.450
-579460.830,-1266056.240,176.880
-579460.510,-1266056.370,176.930
-579460.150,-1266056.510,176.960
-579459.800,-1266056.660,177.020
-579459.440,-1266056.810,177.060
-579459.090,-1266056.950,177.090
-579458.740,-1266057.090,177.090
-579458.400,-1266057.230,177.075
-579458.080,-1266057.360,177.025
-579457.750,-1266057.490,176.990
-579457.450,-1266057.610,176.940
-579457.140,-1266057.730,176.900
-579456.830,-1266057.860,176.870
-579456.480,-1266057.990,176.820
-579456.180,-1266058.120,176.770
-579455.840,-1266058.250,176.730
-579455.530,-1266058.370,176.695
-579455.210,-1266058.500,176.650
-579454.880,-1266058.630,176.610
-579454.540,-1266058.770,176.545
-579454.230,-1266058.890,176.520
-579453.910,-1266059.020,176.490
-579453.560,-1266059.160,176.450
-579453.230,-1266059.290,176.435
-579460.940,-1266055.850,176.865
-579460.610,-1266055.980,176.915
-579460.270,-1266056.120,176.940
-579459.900,-1266056.280,176.980
-579459.540,-1266056.420,177.040
-579459.200,-1266056.560,177.075
-579458.830,-1266056.720,177.090
-579458.510,-1266056.840,177.080
-579458.170,-1266056.980,177.045
-579457.850,-1266057.100,177.010
-579457.550,-1266057.220,176.960
-579457.240,-1266057.350,176.920
-579456.910,-1266057.480,176.890
-579456.590,-1266057.610,176.840
-579456.270,-1266057.740,176.805
-579455.930,-1266057.870,176.735
-579455.620,-1266058.000,176.710
-579455.310,-1266058.120,176.680
-579454.980,-1266058.250,176.635
-579454.640,-1266058.390,176.570
-579454.330,-1266058.510,176.540
-579453.990,-1266058.650,176.500
-579453.660,-1266058.780,176.450
-579453.320,-1266058.920,176.435
-579453.010,-1266059.040,176.425
-579460.740,-1266055.590,176.880
-579460.410,-1266055.730,176.930
-579460.040,-1266055.880,176.965
-579459.660,-1266056.030,177.025
-579459.340,-1266056.170,177.060
-579458.960,-1266056.320,177.080
-579458.600,-1266056.470,177.080
-579458.290,-1266056.590,177.060
-579457.970,-1266056.720,177.015
-579457.650,-1266056.850,176.990
-579457.340,-1266056.970,176.925
-579457.030,-1266057.090,176.900
-579456.700,-1266057.230,176.870
-579456.390,-1266057.350,176.820
-579456.060,-1266057.480,176.780
-579455.730,-1266057.610,176.720
-579455.430,-1266057.730,176.700
-579455.090,-1266057.870,176.650
-579454.750,-1266058.010,176.610
-579454.110,-1266058.260,176.520
-579453.770,-1266058.400,176.460
-579453.430,-1266058.530,176.450
-579453.120,-1266058.660,176.430
-579460.830,-1266055.110,176.870
-579460.490,-1266055.250,176.920
-579460.120,-1266055.400,176.950
-579459.770,-1266055.550,177.000
-579459.430,-1266055.690,177.045
-579459.060,-1266055.840,177.070
-579458.700,-1266055.990,177.080
-579458.350,-1266056.130,177.060
-579458.050,-1266056.240,177.040
-579457.750,-1266056.370,177.000
-579457.420,-1266056.500,176.950
-579457.110,-1266056.620,176.910
-579456.780,-1266056.750,176.880
-579456.470,-1266056.880,176.840
-579456.120,-1266057.020,176.790
-579455.810,-1266057.140,176.740
-579455.510,-1266057.260,176.705
-579455.160,-1266057.400,176.660
-579454.840,-1266057.530,176.640
-579454.530,-1266057.650,176.580
-579454.180,-1266057.790,176.535
-579453.850,-1266057.920,176.490
-579453.520,-1266058.050,176.455
-579453.210,-1266058.180,176.435
-579452.890,-1266058.300,176.420
-579453.010,-1266058.010,176.430
-579460.960,-1266054.810,176.830
-579460.640,-1266054.940,176.890
-579460.260,-1266055.100,176.930
-579459.900,-1266055.250,176.965
-579459.570,-1266055.380,177.025
-579459.200,-1266055.530,177.060
-579458.490,-1266055.830,177.070
-579458.180,-1266055.950,177.060
-579457.870,-1266056.070,177.010
-579457.560,-1266056.190,176.995
-579457.250,-1266056.320,176.940
-579456.900,-1266056.460,176.900
-579456.590,-1266056.580,176.865
-579456.250,-1266056.720,176.820
-579455.940,-1266056.840,176.770
-579455.640,-1266056.960,176.730
-579455.300,-1266057.100,176.690
-579454.960,-1266057.230,176.650
-579454.650,-1266057.360,176.600
-579454.310,-1266057.490,176.560
-579453.980,-1266057.630,176.510
-579453.640,-1266057.760,176.470
-579453.330,-1266057.880,176.440
-579460.740,-1266054.500,176.870
-579460.380,-1266054.650,176.920
-579460.010,-1266054.800,176.960
-579459.670,-1266054.940,177.010
-579459.320,-1266055.080,177.050
-579458.940,-1266055.240,177.090
-579458.570,-1266055.390,177.090
-579457.960,-1266055.630,177.040
-579457.650,-1266055.750,177.010
-579457.330,-1266055.880,176.960
-579457.010,-1266056.010,176.920
-579456.700,-1266056.140,176.890
-579456.350,-1266056.270,176.840
-579456.050,-1266056.400,176.790
-579455.730,-1266056.520,176.740
-579455.400,-1266056.660,176.700
-579455.060,-1266056.790,176.670
-579454.750,-1266056.920,176.620
-579454.420,-1266057.050,176.590
-579454.070,-1266057.190,176.540
-579453.750,-1266057.320,176.490
-579453.420,-1266057.450,176.450
-579453.110,-1266057.570,176.430
-579452.820,-1266057.690,176.420
-579460.890,-1266054.130,176.840
-579460.510,-1266054.280,176.890
-579460.160,-1266054.420,176.940
-579459.820,-1266054.570,176.985
-579459.460,-1266054.710,177.030
-579459.080,-1266054.870,177.070
-579458.720,-1266055.020,177.090
-579458.410,-1266055.140,177.090
-579458.100,-1266055.270,177.060
-579457.780,-1266055.390,177.030
-579457.470,-1266055.520,176.980
-579457.140,-1266055.650,176.940
-579456.820,-1266055.780,176.900
-579456.480,-1266055.910,176.870
-579456.180,-1266056.030,176.810
-579455.850,-1266056.160,176.780
-579455.530,-1266056.290,176.720
-579455.180,-1266056.430,176.680
-579454.870,-1266056.560,176.640
-579454.540,-1266056.690,176.600
-579454.200,-1266056.830,176.560
-579453.860,-1266056.960,176.505
-579453.560,-1266057.080,176.480
-579453.240,-1266057.210,176.440
-579452.930,-1266057.330,176.420
-579460.620,-1266053.850,176.880
-579459.930,-1266054.140,176.965
-579459.550,-1266054.290,177.020
-579459.190,-1266054.440,177.050
-579458.840,-1266054.580,177.090
-579458.480,-1266054.730,177.090
-579458.180,-1266054.850,177.090
-579457.880,-1266054.970,177.050
-579457.560,-1266055.100,177.010
-579457.220,-1266055.230,176.965
-579456.920,-1266055.350,176.910
-579456.570,-1266055.490,176.890
-579456.260,-1266055.610,176.845
-579455.960,-1266055.740,176.790
-579455.610,-1266055.880,176.755
-579455.280,-1266056.010,176.700
-579454.970,-1266056.130,176.670
-579454.630,-1266056.270,176.630
-579454.290,-1266056.400,176.580
-579453.960,-1266056.540,176.530
-579453.640,-1266056.660,176.490
-579453.340,-1266056.780,176.470
-579453.030,-1266056.910,176.440
-579452.700,-1266057.040,176.420
-579460.410,-1266053.670,176.900
-579460.080,-1266053.800,176.935
-579459.710,-1266053.960,176.980
-579459.340,-1266054.110,177.030
-579458.980,-1266054.260,177.080
-579458.630,-1266054.400,177.090
-579458.310,-1266054.530,177.090
-579458.010,-1266054.650,177.065
-579457.700,-1266054.770,177.020
-579457.350,-1266054.910,176.985
-579457.050,-1266055.030,176.940
-579456.730,-1266055.160,176.900
-579456.390,-1266055.300,176.870
-579456.090,-1266055.410,176.810
-579455.760,-1266055.550,176.780
-579455.420,-1266055.680,176.730
-579455.100,-1266055.810,176.690
-579454.770,-1266055.940,176.645
-579454.430,-1266056.080,176.600
-579454.090,-1266056.210,176.560
-579453.790,-1266056.340,176.510
-579453.470,-1266056.460,176.480
-579453.150,-1266056.590,176.440
-579452.860,-1266056.710,176.425
-579459.490,-1266053.760,177.020
-579459.120,-1266053.910,177.050
-579458.780,-1266054.050,177.090
-579458.430,-1266054.190,177.100
-579458.140,-1266054.300,177.090
-579457.820,-1266054.430,177.045
-579457.500,-1266054.560,177.015
-579457.180,-1266054.690,176.965
-579456.830,-1266054.830,176.910
-579456.530,-1266054.950,176.890
-579456.230,-1266055.070,176.850
-579455.880,-1266055.210,176.790
-579455.540,-1266055.340,176.750
-579455.220,-1266055.470,176.710
-579454.890,-1266055.600,176.670
-579454.550,-1266055.740,176.610
-579454.220,-1266055.870,176.580
-579453.910,-1266056.000,176.530
-579453.590,-1266056.120,176.490
-579453.290,-1266056.240,176.465
-579452.980,-1266056.370,176.440
-579452.640,-1266056.500,176.420
-579458.570,-1266053.760,177.090
-579458.250,-1266053.880,177.090
-579457.950,-1266054.000,177.085
-579457.620,-1266054.140,177.030
-579457.310,-1266054.260,176.990
-579456.960,-1266054.400,176.950
-579456.650,-1266054.520,176.900
-579456.340,-1266054.650,176.880
-579456.010,-1266054.780,176.810
-579455.660,-1266054.920,176.780
-579455.360,-1266055.040,176.740
-579455.020,-1266055.170,176.700
-579454.670,-1266055.310,176.640
-579454.340,-1266055.440,176.610
-579454.040,-1266055.570,176.560
-579453.710,-1266055.700,176.520
-579453.410,-1266055.820,176.490
-579453.090,-1266055.950,176.440
-579452.760,-1266056.080,176.435
-579453.950,-1266054.970,176.570
-579453.650,-1266055.090,176.520
-579453.330,-1266055.220,176.490
-579452.990,-1266055.360,176.470
-579452.690,-1266055.480,176.440
-579457.400,-1266053.870,177.010
-579457.070,-1266054.000,176.980
-579456.760,-1266054.120,176.940
-579456.440,-1266054.250,176.890
-579456.100,-1266054.390,176.830
-579455.770,-1266054.520,176.800
-579455.460,-1266054.640,176.760
-579455.120,-1266054.780,176.715
-579454.780,-1266054.920,176.670
-579454.450,-1266055.050,176.620
-579454.130,-1266055.180,176.590
-579453.840,-1266055.290,176.550
-579453.510,-1266055.420,176.500
-579453.200,-1266055.550,176.480
-579452.870,-1266055.680,176.455
-579452.560,-1266055.800,176.430
-579456.580,-1266053.920,176.910
-579456.220,-1266054.060,176.865
-579455.910,-1266054.190,176.820
-579455.590,-1266054.320,176.780
-579455.240,-1266054.450,176.730
-579454.910,-1266054.590,176.690
-579454.580,-1266054.720,176.650
-579454.270,-1266054.840,176.610
-579456.040,-1266053.890,176.825
-579455.740,-1266054.010,176.800
-579455.400,-1266054.150,176.750
-579455.050,-1266054.290,176.705
-579454.720,-1266054.410,176.670
-579454.400,-1266054.550,176.620
-579454.100,-1266054.670,176.580
-579453.790,-1266054.790,176.550
-579453.470,-1266054.920,176.500
-579453.140,-1266055.050,176.470
-579452.830,-1266055.170,176.450
-579452.490,-1266055.310,176.430
-579454.870,-1266053.980,176.690
-579454.540,-1266054.110,176.650
-579454.230,-1266054.240,176.620
-579453.930,-1266054.360,176.580
-579453.600,-1266054.490,176.530
-579453.280,-1266054.620,176.490
-579452.960,-1266054.750,176.460
-579452.640,-1266054.870,176.440
-579453.720,-1266054.070,176.560
-579453.400,-1266054.200,176.530
-579453.080,-1266054.320,176.480
-579452.740,-1266054.460,176.460
-579452.430,-1266054.580,176.430
-579453.220,-1266054.040,176.490
-579452.870,-1266054.180,176.470
-579452.570,-1266054.300,176.440
-579449.140,-1266021.470,176.610
-579448.810,-1266021.600,176.565
-579448.500,-1266021.730,176.545
-579447.950,-1266021.940,176.515
-579447.620,-1266022.070,176.120
-579449.870,-1266021.480,176.690
-579449.530,-1266021.620,176.650
-579449.190,-1266021.760,176.605
-579448.880,-1266021.880,176.580
-579448.560,-1266022.010,176.540
-579448.040,-1266022.210,176.510
-579447.680,-1266022.350,176.160
-579451.010,-1266021.370,176.840
-579450.680,-1266021.500,176.785
-579450.340,-1266021.640,176.750
-579450.010,-1266021.770,176.710
-579449.680,-1266021.900,176.655
-579449.320,-1266022.050,176.625
-579448.980,-1266022.190,176.570
-579448.680,-1266022.310,176.560
-579448.340,-1266022.450,176.520
-579447.820,-1266022.650,176.355
-579452.060,-1266021.310,176.950
-579451.750,-1266021.440,176.920
-579451.410,-1266021.580,176.870
-579451.090,-1266021.710,176.830
-579450.770,-1266021.840,176.795
-579450.440,-1266021.970,176.755
-579450.080,-1266022.110,176.710
-579449.780,-1266022.230,176.660
-579449.430,-1266022.380,176.630
-579449.080,-1266022.520,176.590
-579448.760,-1266022.650,176.550
-579448.420,-1266022.790,176.515
-579447.900,-1266022.990,176.280
-579453.170,-1266021.340,177.080
-579452.860,-1266021.460,177.050
-579452.550,-1266021.590,177.020
-579452.230,-1266021.720,176.980
-579451.890,-1266021.850,176.940
-579451.560,-1266021.990,176.885
-579451.230,-1266022.120,176.850
-579450.910,-1266022.250,176.810
-579450.590,-1266022.380,176.770
-579450.250,-1266022.520,176.720
-579449.910,-1266022.650,176.670
-579449.590,-1266022.780,176.650
-579449.240,-1266022.920,176.600
-579448.910,-1266023.060,176.550
-579448.560,-1266023.200,176.530
-579448.290,-1266023.310,176.510
-579447.770,-1266023.500,176.280
-579453.550,-1266021.320,177.070
-579453.200,-1266021.460,177.070
-579452.880,-1266021.590,177.070
-579452.560,-1266021.720,177.020
-579452.250,-1266021.850,176.980
-579451.930,-1266021.980,176.935
-579451.580,-1266022.120,176.880
-579451.270,-1266022.250,176.850
-579450.940,-1266022.380,176.810
-579450.600,-1266022.520,176.770
-579450.290,-1266022.640,176.725
-579449.960,-1266022.770,176.680
-579449.600,-1266022.920,176.640
-579449.290,-1266023.050,176.600
-579448.950,-1266023.190,176.550
-579448.600,-1266023.320,176.530
-579448.300,-1266023.440,176.510
-579448.090,-1266023.520,176.490
-579447.760,-1266023.650,176.280
-579455.190,-1266021.220,176.890
-579454.810,-1266021.380,176.950
-579454.440,-1266021.530,177.000
-579454.090,-1266021.680,177.050
-579453.720,-1266021.830,177.070
-579453.350,-1266021.980,177.070
-579453.020,-1266022.110,177.070
-579452.700,-1266022.240,177.030
-579452.390,-1266022.370,176.980
-579452.060,-1266022.500,176.950
-579451.750,-1266022.630,176.910
-579451.400,-1266022.770,176.860
-579451.080,-1266022.900,176.810
-579450.750,-1266023.030,176.790
-579450.440,-1266023.160,176.740
-579450.110,-1266023.290,176.690
-579449.770,-1266023.430,176.650
-579449.440,-1266023.560,176.620
-579449.110,-1266023.690,176.580
-579448.760,-1266023.830,176.545
-579455.930,-1266021.090,176.800
-579455.560,-1266021.250,176.850
-579455.220,-1266021.390,176.890
-579454.860,-1266021.540,176.940
-579454.490,-1266021.690,177.000
-579454.110,-1266021.850,177.060
-579453.760,-1266021.990,177.080
-579453.390,-1266022.150,177.080
-579453.060,-1266022.280,177.060
-579452.710,-1266022.420,177.020
-579452.400,-1266022.550,176.980
-579452.080,-1266022.680,176.930
-579451.760,-1266022.800,176.895
-579451.450,-1266022.930,176.860
-579451.100,-1266023.070,176.810
-579450.780,-1266023.200,176.785
-579450.450,-1266023.330,176.730
-579450.130,-1266023.460,176.670
-579449.810,-1266023.590,176.640
-579449.130,-1266023.870,176.575
-579448.810,-1266024.000,176.540
-579457.500,-1266021.070,176.620
-579457.140,-1266021.220,176.660
-579456.790,-1266021.360,176.685
-579456.460,-1266021.500,176.760
-579456.070,-1266021.660,176.800
-579455.720,-1266021.810,176.840
-579455.360,-1266021.960,176.880
-579455.010,-1266022.100,176.940
-579454.660,-1266022.240,176.990
-579454.300,-1266022.390,177.035
-579453.910,-1266022.550,177.070
-579453.570,-1266022.700,177.080
-579453.230,-1266022.840,177.060
-579452.890,-1266022.970,177.040
-579452.540,-1266023.110,176.990
-579452.220,-1266023.240,176.950
-579451.920,-1266023.360,176.910
-579451.600,-1266023.490,176.865
-579451.280,-1266023.620,176.840
-579450.940,-1266023.760,176.790
-579450.610,-1266023.890,176.735
-579450.280,-1266024.020,176.690
-579449.970,-1266024.150,176.650
-579449.650,-1266024.280,176.600
-579449.300,-1266024.430,176.585
-579448.970,-1266024.560,176.550
-579457.460,-1266021.030,176.620
-579457.110,-1266021.180,176.660
-579456.760,-1266021.330,176.690
-579456.420,-1266021.470,176.760
-579456.070,-1266021.610,176.790
-579455.700,-1266021.760,176.840
-579455.350,-1266021.910,176.880
-579454.980,-1266022.060,176.935
-579454.630,-1266022.210,176.990
-579454.280,-1266022.350,177.030
-579453.930,-1266022.500,177.070
-579453.540,-1266022.660,177.080
-579453.220,-1266022.790,177.060
-579452.880,-1266022.930,177.035
-579452.550,-1266023.060,176.980
-579452.190,-1266023.200,176.950
-579451.890,-1266023.330,176.910
-579451.570,-1266023.450,176.850
-579451.250,-1266023.590,176.840
-579450.930,-1266023.710,176.790
-579450.590,-1266023.850,176.730
-579450.270,-1266023.980,176.685
-579449.940,-1266024.110,176.640
-579449.620,-1266024.250,176.600
-579449.300,-1266024.370,176.590
-579448.960,-1266024.510,176.550
-579448.620,-1266024.650,176.530
-579458.790,-1266021.170,176.505
-579458.430,-1266021.320,176.520
-579458.070,-1266021.470,176.550
-579457.680,-1266021.630,176.605
-579457.310,-1266021.780,176.650
-579456.970,-1266021.920,176.680
-579456.620,-1266022.070,176.740
-579456.270,-1266022.210,176.780
-579455.940,-1266022.340,176.820
-579455.560,-1266022.500,176.870
-579455.200,-1266022.650,176.915
-579454.850,-1266022.800,176.990
-579454.490,-1266022.950,177.010
-579454.140,-1266023.090,177.070
-579453.780,-1266023.240,177.070
-579453.420,-1266023.380,177.070
-579453.110,-1266023.510,177.050
-579452.760,-1266023.650,177.020
-579452.430,-1266023.780,176.965
-579452.070,-1266023.930,176.920
-579451.760,-1266024.050,176.880
-579451.440,-1266024.180,176.840
-579451.120,-1266024.310,176.790
-579450.820,-1266024.440,176.760
-579450.470,-1266024.570,176.715
-579450.160,-1266024.700,176.670
-579449.820,-1266024.840,176.620
-579449.490,-1266024.970,176.590
-579449.180,-1266025.100,176.570
-579448.840,-1266025.240,176.540
-579448.310,-1266025.430,176.490
-579458.870,-1266021.370,176.500
-579458.490,-1266021.530,176.510
-579458.150,-1266021.670,176.550
-579457.780,-1266021.820,176.580
-579457.390,-1266021.980,176.640
-579457.040,-1266022.130,176.675
-579456.680,-1266022.270,176.735
-579456.320,-1266022.420,176.780
-579455.990,-1266022.560,176.810
-579455.640,-1266022.710,176.860
-579455.260,-1266022.860,176.910
-579454.920,-1266023.000,176.965
-579454.560,-1266023.150,177.000
-579454.190,-1266023.300,177.070
-579453.850,-1266023.450,177.080
-579453.490,-1266023.590,177.080
-579453.160,-1266023.720,177.060
-579452.840,-1266023.860,177.020
-579452.500,-1266023.990,176.970
-579452.160,-1266024.130,176.930
-579451.810,-1266024.270,176.870
-579451.500,-1266024.400,176.840
-579451.190,-1266024.520,176.805
-579450.870,-1266024.650,176.760
-579450.550,-1266024.780,176.715
-579450.210,-1266024.920,176.670
-579449.890,-1266025.050,176.620
-579449.550,-1266025.190,176.590
-579449.240,-1266025.310,176.565
-579448.930,-1266025.440,176.540
-579448.610,-1266025.560,176.515
-579458.650,-1266021.870,176.510
-579458.280,-1266022.020,176.550
-579457.920,-1266022.170,176.580
-579457.560,-1266022.320,176.630
-579457.180,-1266022.480,176.670
-579456.800,-1266022.640,176.725
-579456.460,-1266022.780,176.760
-579456.110,-1266022.920,176.800
-579455.770,-1266023.060,176.860
-579455.420,-1266023.210,176.895
-579455.040,-1266023.360,176.960
-579454.710,-1266023.500,177.000
-579454.330,-1266023.660,177.070
-579453.980,-1266023.800,177.070
-579453.650,-1266023.940,177.070
-579453.310,-1266024.080,177.070
-579452.980,-1266024.210,177.030
-579452.640,-1266024.350,176.980
-579452.300,-1266024.480,176.940
-579451.970,-1266024.620,176.890
-579451.620,-1266024.760,176.845
-579451.310,-1266024.880,176.815
-579451.000,-1266025.010,176.760
-579450.670,-1266025.140,176.720
-579450.360,-1266025.270,176.680
-579450.020,-1266025.410,176.640
-579449.700,-1266025.530,176.600
-579449.350,-1266025.680,176.580
-579449.040,-1266025.800,176.550
-579459.170,-1266021.970,176.475
-579458.770,-1266022.140,176.500
-579458.390,-1266022.300,176.530
-579458.010,-1266022.450,176.570
-579457.670,-1266022.600,176.610
-579457.310,-1266022.750,176.660
-579456.920,-1266022.910,176.705
-579456.550,-1266023.060,176.760
-579456.210,-1266023.200,176.820
-579455.850,-1266023.350,176.850
-579455.510,-1266023.490,176.890
-579455.170,-1266023.630,176.950
-579454.790,-1266023.790,176.995
-579454.440,-1266023.940,177.040
-579454.080,-1266024.080,177.080
-579453.730,-1266024.230,177.080
-579453.420,-1266024.350,177.070
-579453.080,-1266024.490,177.030
-579452.730,-1266024.630,176.980
-579452.410,-1266024.760,176.950
-579452.070,-1266024.900,176.900
-579451.740,-1266025.030,176.860
-579451.380,-1266025.170,176.815
-579451.070,-1266025.300,176.760
-579450.770,-1266025.420,176.730
-579450.430,-1266025.560,176.680
-579450.130,-1266025.680,176.640
-579449.780,-1266025.820,176.610
-579449.470,-1266025.950,176.590
-579449.140,-1266026.080,176.550
-579458.870,-1266022.410,176.490
-579458.540,-1266022.550,176.530
-579458.150,-1266022.710,176.560
-579457.790,-1266022.860,176.590
-579457.430,-1266023.000,176.650
-579457.060,-1266023.160,176.680
-579456.680,-1266023.310,176.750
-579456.310,-1266023.460,176.800
-579455.960,-1266023.610,176.840
-579455.620,-1266023.750,176.880
-579455.270,-1266023.900,176.930
-579454.930,-1266024.040,176.980
-579454.560,-1266024.190,177.030
-579454.210,-1266024.340,177.070
-579453.830,-1266024.490,177.070
-579453.520,-1266024.620,177.070
-579453.200,-1266024.750,177.050
-579452.860,-1266024.880,176.990
-579452.520,-1266025.020,176.960
-579452.210,-1266025.150,176.910
-579451.860,-1266025.290,176.865
-579451.530,-1266025.420,176.820
-579451.190,-1266025.560,176.770
-579450.860,-1266025.690,176.730
-579450.550,-1266025.820,176.690
-579450.230,-1266025.950,176.660
-579449.920,-1266026.070,176.610
-579449.570,-1266026.210,176.590
-579449.260,-1266026.340,176.545
-579448.500,-1266027.090,176.480
-579458.960,-1266022.830,176.490
-579458.620,-1266022.970,176.520
-579458.270,-1266023.120,176.550
-579457.910,-1266023.270,176.590
-579457.170,-1266023.570,176.680
-579456.800,-1266023.720,176.740
-579456.430,-1266023.880,176.795
-579456.060,-1266024.030,176.840
-579455.720,-1266024.170,176.875
-579455.370,-1266024.310,176.920
-579455.020,-1266024.460,176.980
-579454.680,-1266024.600,177.015
-579454.300,-1266024.750,177.070
-579453.960,-1266024.900,177.075
-579453.620,-1266025.030,177.075
-579453.310,-1266025.160,177.050
-579452.980,-1266025.290,177.000
-579452.640,-1266025.430,176.960
-579452.300,-1266025.570,176.910
-579451.980,-1266025.700,176.870
-579451.640,-1266025.830,176.830
-579451.300,-1266025.980,176.770
-579450.960,-1266026.110,176.740
-579450.650,-1266026.230,176.710
-579450.320,-1266026.370,176.660
-579450.010,-1266026.490,176.610
-579449.710,-1266026.620,176.590
-579449.350,-1266026.760,176.540
-579449.040,-1266026.890,176.530
-579451.730,-1266026.050,176.830
-579451.400,-1266026.190,176.770
-579451.050,-1266026.330,176.735
-579450.710,-1266026.460,176.700
-579450.400,-1266026.590,176.660
-579450.070,-1266026.720,176.610
-579449.760,-1266026.840,176.580
-579449.440,-1266026.980,176.540
-579449.090,-1266027.120,176.530
-579448.580,-1266027.310,176.480
-579459.070,-1266023.040,176.490
-579458.690,-1266023.200,176.530
-579458.340,-1266023.340,176.560
-579457.990,-1266023.490,176.585
-579457.620,-1266023.640,176.620
-579457.240,-1266023.800,176.680
-579456.900,-1266023.940,176.720
-579456.530,-1266024.090,176.790
-579456.160,-1266024.240,176.840
-579455.790,-1266024.400,176.890
-579455.430,-1266024.540,176.930
-579455.100,-1266024.680,176.980
-579454.740,-1266024.830,177.030
-579454.390,-1266024.970,177.070
-579454.020,-1266025.130,177.080
-579453.710,-1266025.250,177.070
-579453.360,-1266025.390,177.040
-579453.050,-1266025.520,177.000
-579452.730,-1266025.650,176.965
-579452.380,-1266025.790,176.905
-579452.050,-1266025.920,176.880
-579452.540,-1266026.140,176.950
-579452.200,-1266026.270,176.890
-579451.860,-1266026.410,176.845
-579451.530,-1266026.540,176.800
-579451.190,-1266026.680,176.750
-579450.860,-1266026.810,176.720
-579450.510,-1266026.960,176.670
-579450.190,-1266027.090,176.630
-579449.890,-1266027.210,176.590
-579449.560,-1266027.340,176.550
-579449.240,-1266027.470,176.540
-579448.940,-1266027.590,176.530
-579448.720,-1266027.660,176.520
-579458.840,-1266023.540,176.520
-579458.460,-1266023.700,176.550
-579458.110,-1266023.850,176.590
-579457.770,-1266023.990,176.610
-579457.400,-1266024.140,176.670
-579457.030,-1266024.290,176.710
-579456.680,-1266024.440,176.765
-579456.310,-1266024.590,176.820
-579455.940,-1266024.740,176.860
-579455.560,-1266024.900,176.920
-579455.220,-1266025.040,176.970
-579454.870,-1266025.180,177.010
-579454.530,-1266025.330,177.060
-579454.180,-1266025.470,177.080
-579453.830,-1266025.610,177.075
-579453.500,-1266025.750,177.050
-579453.160,-1266025.880,177.010
-579452.860,-1266026.010,176.980
-579453.900,-1266025.820,177.080
-579453.580,-1266025.950,177.065
-579453.260,-1266026.080,177.010
-579452.910,-1266026.220,176.980
-579452.590,-1266026.350,176.950
-579452.270,-1266026.480,176.890
-579451.930,-1266026.620,176.840
-579451.590,-1266026.750,176.800
-579451.280,-1266026.880,176.760
-579450.930,-1266027.020,176.710
-579450.580,-1266027.160,176.670
-579450.240,-1266027.300,176.630
-579449.940,-1266027.420,176.590
-579449.620,-1266027.550,176.550
-579449.300,-1266027.680,176.540
-579448.990,-1266027.800,176.525
-579458.910,-1266023.750,176.530
-579458.550,-1266023.900,176.550
-579458.180,-1266024.050,176.580
-579457.840,-1266024.190,176.610
-579457.480,-1266024.340,176.670
-579457.110,-1266024.490,176.710
-579456.730,-1266024.650,176.770
-579456.400,-1266024.790,176.815
-579456.030,-1266024.940,176.850
-579455.650,-1266025.100,176.920
-579455.270,-1266025.250,176.970
-579454.920,-1266025.400,177.010
-579454.590,-1266025.530,177.060
-579454.230,-1266025.690,177.080
-579454.730,-1266026.030,177.050
-579454.390,-1266026.170,177.070
-579454.060,-1266026.300,177.080
-579453.740,-1266026.430,177.070
-579453.410,-1266026.560,177.040
-579453.080,-1266026.690,177.000
-579452.730,-1266026.840,176.950
-579452.430,-1266026.960,176.900
-579452.110,-1266027.090,176.870
-579451.760,-1266027.230,176.800
-579451.430,-1266027.360,176.775
-579451.110,-1266027.490,176.730
-579450.760,-1266027.630,176.695
-579450.430,-1266027.760,176.650
-579450.080,-1266027.910,176.600
-579449.770,-1266028.030,176.580
-579449.440,-1266028.160,176.550
-579459.080,-1266024.230,176.500
-579458.700,-1266024.380,176.540
-579458.350,-1266024.530,176.575
-579457.980,-1266024.680,176.600
-579457.640,-1266024.820,176.640
-579457.290,-1266024.970,176.700
-579456.920,-1266025.120,176.745
-579456.540,-1266025.280,176.790
-579456.200,-1266025.410,176.840
-579455.830,-1266025.570,176.895
-579455.470,-1266025.720,176.940
-579455.080,-1266025.880,176.995
-579458.090,-1266024.850,176.600
-579457.720,-1266025.000,176.640
-579457.390,-1266025.140,176.700
-579457.040,-1266025.290,176.740
-579456.660,-1266025.440,176.790
-579456.310,-1266025.590,176.840
-579455.950,-1266025.730,176.890
-579455.570,-1266025.890,176.930
-579455.210,-1266026.040,176.990
-579454.480,-1266026.340,177.080
-579454.130,-1266026.490,177.075
-579453.820,-1266026.610,177.070
-579453.500,-1266026.740,177.040
-579453.180,-1266026.870,177.000
-579452.850,-1266027.010,176.960
-579452.510,-1266027.140,176.900
-579452.200,-1266027.270,176.870
-579451.870,-1266027.400,176.810
-579451.530,-1266027.540,176.770
-579451.190,-1266027.680,176.730
-579450.880,-1266027.800,176.710
-579450.540,-1266027.940,176.660
-579450.190,-1266028.080,176.610
-579449.850,-1266028.220,176.580
-579449.530,-1266028.350,176.550
-579459.180,-1266024.400,176.500
-579458.820,-1266024.550,176.530
-579458.450,-1266024.700,176.575
-579459.290,-1266024.800,176.520
-579458.930,-1266024.950,176.530
-579458.600,-1266025.080,176.550
-579458.220,-1266025.240,176.590
-579457.880,-1266025.380,176.640
-579457.490,-1266025.540,176.690
-579457.160,-1266025.680,176.720
-579456.810,-1266025.820,176.780
-579456.440,-1266025.970,176.820
-579456.050,-1266026.130,176.880
-579455.710,-1266026.270,176.930
-579455.350,-1266026.430,176.970
-579454.970,-1266026.580,177.020
-579454.600,-1266026.740,177.070
-579454.260,-1266026.870,177.080
-579453.950,-1266027.000,177.080
-579453.620,-1266027.130,177.050
-579453.300,-1266027.260,177.010
-579452.950,-1266027.400,176.980
-579452.650,-1266027.520,176.910
-579452.310,-1266027.660,176.890
-579451.990,-1266027.790,176.835
-579451.680,-1266027.920,176.780
-579451.340,-1266028.050,176.740
-579450.990,-1266028.190,176.710
-579450.680,-1266028.320,176.680
-579450.330,-1266028.460,176.630
-579450.000,-1266028.600,176.600
-579449.650,-1266028.740,176.560
-579449.330,-1266028.870,176.550
-579459.390,-1266024.950,176.520
-579459.030,-1266025.100,176.530
-579458.680,-1266025.250,176.540
-579458.330,-1266025.390,176.590
-579457.970,-1266025.540,176.630
-579457.620,-1266025.680,176.685
-579457.240,-1266025.840,176.720
-579456.910,-1266025.980,176.770
-579456.550,-1266026.130,176.820
-579456.180,-1266026.280,176.860
-579455.800,-1266026.440,176.920
-579455.460,-1266026.580,176.970
-579455.080,-1266026.730,177.010
-579454.720,-1266026.880,177.070
-579454.340,-1266027.040,177.080
-579454.030,-1266027.170,177.070
-579453.710,-1266027.300,177.050
-579453.400,-1266027.420,177.000
-579453.070,-1266027.550,176.980
-579452.730,-1266027.690,176.940
-579452.420,-1266027.820,176.890
-579452.070,-1266027.960,176.840
-579451.760,-1266028.080,176.800
-579451.450,-1266028.210,176.740
-579451.090,-1266028.350,176.710
-579450.760,-1266028.490,176.680
-579450.440,-1266028.620,176.630
-579450.110,-1266028.750,176.600
-579449.770,-1266028.890,176.570
-579449.410,-1266029.030,176.550
-579459.190,-1266025.590,176.530
-579458.860,-1266025.730,176.540
-579458.500,-1266025.880,176.580
-579458.160,-1266026.020,176.610
-579457.790,-1266026.170,176.670
-579457.440,-1266026.320,176.715
-579457.070,-1266026.470,176.770
-579456.720,-1266026.610,176.800
-579456.380,-1266026.750,176.860
-579456.000,-1266026.910,176.900
-579455.640,-1266027.060,176.960
-579455.290,-1266027.210,177.000
-579454.910,-1266027.360,177.050
-579454.540,-1266027.520,177.070
-579454.190,-1266027.650,177.070
-579453.870,-1266027.790,177.060
-579453.560,-1266027.910,177.020
-579453.240,-1266028.040,177.000
-579452.920,-1266028.170,176.950
-579452.580,-1266028.310,176.900
-579451.920,-1266028.570,176.820
-579451.610,-1266028.690,176.780
-579451.300,-1266028.820,176.740
-579450.940,-1266028.960,176.690
-579450.610,-1266029.100,176.640
-579450.290,-1266029.230,176.600
-579449.960,-1266029.360,176.590
-579449.600,-1266029.510,176.550
-579459.300,-1266025.770,176.525
-579458.940,-1266025.920,176.540
-579458.580,-1266026.070,176.580
-579458.250,-1266026.210,176.620
-579457.890,-1266026.350,176.665
-579457.520,-1266026.510,176.710
-579457.190,-1266026.640,176.750
-579456.810,-1266026.800,176.810
-579456.470,-1266026.940,176.850
-579456.120,-1266027.080,176.900
-579455.730,-1266027.250,176.950
-579455.380,-1266027.390,177.000
-579455.030,-1266027.540,177.040
-579454.660,-1266027.690,177.070
-579454.290,-1266027.840,177.070
-579453.960,-1266027.970,177.065
-579453.630,-1266028.110,177.010
-579453.310,-1266028.230,176.990
-579453.010,-1266028.360,176.940
-579452.690,-1266028.490,176.900
-579452.340,-1266028.630,176.860
-579452.040,-1266028.750,176.830
-579451.690,-1266028.890,176.780
-579451.370,-1266029.020,176.735
-579451.050,-1266029.150,176.690
-579450.710,-1266029.290,176.640
-579450.370,-1266029.430,176.610
-579450.060,-1266029.550,176.590
-579449.720,-1266029.690,176.560
-579459.420,-1266026.090,176.520
-579459.050,-1266026.240,176.535
-579458.710,-1266026.380,176.565
-579458.360,-1266026.520,176.610
-579458.020,-1266026.660,176.660
-579457.670,-1266026.810,176.690
-579457.310,-1266026.960,176.740
-579456.950,-1266027.110,176.790
-579456.580,-1266027.260,176.850
-579456.240,-1266027.400,176.890
-579455.890,-1266027.540,176.940
-579455.520,-1266027.700,176.980
-579455.150,-1266027.850,177.030
-579454.800,-1266028.000,177.070
-579454.430,-1266028.150,177.070
-579454.090,-1266028.280,177.060
-579453.750,-1266028.420,177.040
-579453.430,-1266028.550,177.000
-579453.120,-1266028.680,176.940
-579452.800,-1266028.810,176.910
-579452.490,-1266028.930,176.880
-579452.150,-1266029.070,176.835
-579451.830,-1266029.200,176.800
-579451.490,-1266029.330,176.735
-579451.160,-1266029.470,176.700
-579450.870,-1266029.580,176.670
-579450.520,-1266029.730,176.610
-579450.180,-1266029.860,176.600
-579449.860,-1266029.990,176.580
-579459.220,-1266026.450,176.530
-579458.850,-1266026.610,176.560
-579458.490,-1266026.750,176.600
-579458.150,-1266026.900,176.640
-579457.810,-1266027.040,176.680
-579457.460,-1266027.180,176.720
-579457.090,-1266027.330,176.770
-579456.740,-1266027.480,176.830
-579456.370,-1266027.630,176.880
-579456.020,-1266027.780,176.915
-579455.680,-1266027.920,176.970
-579455.310,-1266028.070,177.020
-579454.940,-1266028.220,177.060
-579454.610,-1266028.360,177.070
-579454.240,-1266028.510,177.065
-579453.900,-1266028.640,177.050
-579453.560,-1266028.780,177.000
-579453.250,-1266028.910,176.950
-579452.920,-1266029.040,176.920
-579452.620,-1266029.160,176.880
-579452.290,-1266029.290,176.840
-579451.950,-1266029.430,176.815
-579451.640,-1266029.560,176.740
-579451.290,-1266029.700,176.705
-579450.990,-1266029.820,176.670
-579450.680,-1266029.950,176.630
-579450.330,-1266030.090,176.600
-579449.990,-1266030.230,176.580
-579449.680,-1266030.350,176.555
-579459.380,-1266026.880,176.520
-579459.010,-1266027.030,176.560
-579458.640,-1266027.180,176.580
-579458.290,-1266027.320,176.630
-579457.950,-1266027.470,176.670
-579457.610,-1266027.610,176.720
-579457.250,-1266027.750,176.760
-579456.880,-1266027.910,176.815
-579456.540,-1266028.050,176.870
-579456.170,-1266028.200,176.910
-579455.820,-1266028.350,176.950
-579455.480,-1266028.480,177.000
-579455.100,-1266028.640,177.050
-579454.740,-1266028.790,177.060
-579454.400,-1266028.930,177.060
-579454.060,-1266029.060,177.050
-579453.730,-1266029.200,177.025
-579453.380,-1266029.340,176.975
-579453.060,-1266029.470,176.930
-579452.740,-1266029.600,176.880
-579452.440,-1266029.720,176.860
-579452.120,-1266029.850,176.835
-579451.770,-1266029.990,176.780
-579451.460,-1266030.110,176.720
-579451.110,-1266030.250,176.670
-579450.810,-1266030.370,176.635
-579450.490,-1266030.500,176.610
-579450.130,-1266030.650,176.590
-579459.510,-1266027.120,176.515
-579459.150,-1266027.270,176.560
-579458.760,-1266027.430,176.570
-579458.400,-1266027.580,176.630
-579458.050,-1266027.730,176.670
-579457.700,-1266027.870,176.705
-579457.360,-1266028.010,176.750
-579457.010,-1266028.160,176.805
-579456.640,-1266028.310,176.870
-579456.300,-1266028.450,176.900
-579455.930,-1266028.600,176.950
-579455.580,-1266028.750,176.990
-579455.240,-1266028.880,177.030
-579454.860,-1266029.040,177.060
-579454.510,-1266029.190,177.060
-579454.180,-1266029.320,177.050
-579453.860,-1266029.450,177.025
-579453.500,-1266029.590,176.970
-579453.150,-1266029.740,176.930
-579452.860,-1266029.850,176.890
-579452.530,-1266029.990,176.860
-579452.220,-1266030.110,176.845
-579451.550,-1266030.390,176.725
-579451.250,-1266030.500,176.680
-579450.910,-1266030.640,176.640
-579450.590,-1266030.770,176.610
-579450.270,-1266030.900,176.590
-579449.930,-1266031.040,176.570
-579459.250,-1266027.480,176.550
-579458.890,-1266027.630,176.560
-579458.520,-1266027.780,176.610
-579458.150,-1266027.930,176.670
-579457.800,-1266028.080,176.710
-579457.440,-1266028.220,176.750
-579457.110,-1266028.360,176.780
-579456.750,-1266028.510,176.850
-579456.400,-1266028.650,176.890
-579456.050,-1266028.800,176.940
-579455.680,-1266028.950,176.990
-579455.330,-1266029.100,177.030
-579455.000,-1266029.230,177.050
-579454.610,-1266029.390,177.060
-579454.280,-1266029.530,177.050
-579453.960,-1266029.660,177.035
-579453.610,-1266029.800,176.990
-579453.280,-1266029.930,176.945
-579452.930,-1266030.070,176.920
-579452.620,-1266030.190,176.870
-579452.290,-1266030.330,176.840
-579451.330,-1266030.720,176.680
-579451.020,-1266030.840,176.650
-579450.680,-1266030.980,176.620
-579450.350,-1266031.110,176.590
-579450.040,-1266031.230,176.575
-579459.460,-1266027.880,176.520
-579459.110,-1266028.020,176.560
-579458.740,-1266028.180,176.575
-579458.370,-1266028.330,176.630
-579458.000,-1266028.480,176.695
-579457.650,-1266028.630,176.730
-579457.310,-1266028.770,176.780
-579456.960,-1266028.910,176.830
-579456.620,-1266029.050,176.870
-579456.240,-1266029.210,176.930
-579455.910,-1266029.350,176.960
-579455.540,-1266029.500,177.005
-579455.190,-1266029.650,177.060
-579454.840,-1266029.790,177.070
-579454.500,-1266029.930,177.070
-579454.150,-1266030.070,177.060
-579453.830,-1266030.200,177.020
-579453.500,-1266030.330,176.975
-579453.150,-1266030.470,176.930
-579452.790,-1266030.620,176.880
-579452.490,-1266030.740,176.850
-579452.180,-1266030.860,176.810
-579451.860,-1266030.990,176.750
-579451.550,-1266031.120,176.700
-579451.200,-1266031.260,176.670
-579450.890,-1266031.390,176.640
-579450.550,-1266031.520,176.600
-579450.230,-1266031.650,176.580
-579449.910,-1266031.780,176.560
-579450.980,-1266031.650,176.635
-579450.670,-1266031.780,176.595
-579450.330,-1266031.920,176.580
-579450.010,-1266032.040,176.565
-579459.590,-1266028.140,176.520
-579459.220,-1266028.290,176.560
-579458.870,-1266028.430,176.570
-579458.510,-1266028.580,176.610
-579457.770,-1266028.890,176.740
-579457.410,-1266029.040,176.780
-579457.060,-1266029.180,176.825
-579456.730,-1266029.320,176.865
-579456.370,-1266029.460,176.915
-579456.000,-1266029.620,176.960
-579455.660,-1266029.760,176.990
-579455.290,-1266029.910,177.060
-579454.940,-1266030.060,177.070
-579454.610,-1266030.190,177.070
-579454.260,-1266030.330,177.060
-579453.930,-1266030.460,177.025
-579453.620,-1266030.590,176.980
-579453.270,-1266030.730,176.940
-579452.600,-1266031.000,176.850
-579452.280,-1266031.130,176.820
-579451.950,-1266031.260,176.760
-579451.650,-1266031.380,176.710
-579451.330,-1266031.510,176.685
-579455.810,-1266030.070,176.990
-579455.470,-1266030.210,177.030
-579455.100,-1266030.360,177.070
-579454.750,-1266030.500,177.085
-579454.450,-1266030.630,177.080
-579454.100,-1266030.770,177.040
-579453.760,-1266030.910,176.995
-579453.460,-1266031.030,176.960
-579453.110,-1266031.170,176.915
-579452.770,-1266031.300,176.855
-579452.430,-1266031.440,176.820
-579452.110,-1266031.570,176.760
-579451.800,-1266031.690,176.745
-579451.480,-1266031.820,176.690
-579451.170,-1266031.950,176.670
-579450.820,-1266032.090,176.615
-579450.490,-1266032.230,176.580
-579450.170,-1266032.360,176.565
-579459.400,-1266028.590,176.540
-579459.030,-1266028.740,176.570
-579458.680,-1266028.880,176.590
-579458.310,-1266029.030,176.660
-579457.930,-1266029.190,176.710
-579457.570,-1266029.340,176.770
-579457.220,-1266029.490,176.800
-579456.870,-1266029.630,176.840
-579456.530,-1266029.770,176.905
-579456.180,-1266029.920,176.930
-579459.110,-1266028.860,176.560
-579458.760,-1266029.010,176.610
-579458.390,-1266029.160,176.650
-579458.020,-1266029.310,176.700
-579457.660,-1266029.460,176.760
-579457.290,-1266029.610,176.805
-579456.930,-1266029.760,176.845
-579456.600,-1266029.900,176.895
-579456.250,-1266030.040,176.930
-579455.900,-1266030.190,176.990
-579455.540,-1266030.330,177.035
-579455.190,-1266030.480,177.070
-579454.820,-1266030.630,177.080
-579454.510,-1266030.760,177.070
-579454.180,-1266030.890,177.040
-579453.830,-1266031.030,176.995
-579453.500,-1266031.160,176.960
-579453.190,-1266031.290,176.920
-579452.850,-1266031.420,176.855
-579452.510,-1266031.560,176.820
-579452.170,-1266031.700,176.770
-579451.860,-1266031.820,176.730
-579451.530,-1266031.950,176.690
-579451.210,-1266032.080,176.650
-579450.910,-1266032.200,176.620
-579450.560,-1266032.350,176.580
-579450.250,-1266032.470,176.570
-579459.490,-1266028.710,176.540
-579459.390,-1266029.430,176.560
-579459.010,-1266029.580,176.580
-579458.640,-1266029.730,176.630
-579458.300,-1266029.870,176.690
-579457.920,-1266030.030,176.720
-579457.540,-1266030.190,176.780
-579457.170,-1266030.340,176.830
-579456.820,-1266030.480,176.885
-579456.490,-1266030.620,176.920
-579456.140,-1266030.770,176.960
-579455.810,-1266030.900,177.020
-579455.430,-1266031.060,177.070
-579455.090,-1266031.200,177.080
-579454.720,-1266031.350,177.075
-579454.420,-1266031.470,177.070
-579454.120,-1266031.590,177.025
-579453.760,-1266031.730,176.980
-579453.430,-1266031.870,176.940
-579453.110,-1266032.000,176.880
-579452.770,-1266032.130,176.835
-579452.430,-1266032.270,176.800
-579452.090,-1266032.410,176.750
-579451.770,-1266032.540,176.710
-579451.460,-1266032.660,176.670
-579451.140,-1266032.790,176.640
-579450.820,-1266032.920,176.595
-579450.480,-1266033.060,176.570
-579450.160,-1266033.190,176.560
-579459.470,-1266029.520,176.550
-579459.130,-1266029.660,176.575
-579458.740,-1266029.830,176.620
-579458.390,-1266029.970,176.690
-579458.030,-1266030.120,176.710
-579457.670,-1266030.270,176.780
-579457.300,-1266030.420,176.810
-579456.930,-1266030.570,176.860
-579456.570,-1266030.720,176.915
-579456.240,-1266030.860,176.955
-579455.890,-1266031.000,177.000
-579455.540,-1266031.150,177.040
-579455.170,-1266031.300,177.080
-579454.850,-1266031.430,177.070
-579454.510,-1266031.570,177.070
-579454.200,-1266031.690,177.025
-579453.880,-1266031.820,176.990
-579453.520,-1266031.970,176.945
-579453.190,-1266032.100,176.890
-579452.870,-1266032.230,176.850
-579452.530,-1266032.370,176.800
-579452.200,-1266032.500,176.760
-579451.850,-1266032.640,176.710
-579451.540,-1266032.760,176.680
-579451.230,-1266032.890,176.645
-579450.910,-1266033.020,176.600
-579450.600,-1266033.140,176.575
-579450.250,-1266033.280,176.560
-579459.610,-1266029.900,176.550
-579459.270,-1266030.040,176.575
-579458.930,-1266030.180,176.610
-579458.550,-1266030.340,176.650
-579458.190,-1266030.490,176.705
-579457.830,-1266030.640,176.750
-579457.470,-1266030.780,176.790
-579457.090,-1266030.940,176.840
-579456.720,-1266031.090,176.910
-579456.380,-1266031.230,176.940
-579456.040,-1266031.370,176.990
-579455.680,-1266031.520,177.030
-579455.350,-1266031.660,177.070
-579454.970,-1266031.820,177.070
-579454.660,-1266031.940,177.070
-579454.340,-1266032.070,177.040
-579454.010,-1266032.200,176.990
-579453.690,-1266032.330,176.950
-579453.360,-1266032.470,176.910
-579453.020,-1266032.600,176.875
-579452.710,-1266032.730,176.820
-579452.370,-1266032.860,176.775
-579452.020,-1266033.010,176.730
-579451.690,-1266033.140,176.690
-579451.370,-1266033.270,176.640
-579451.050,-1266033.390,176.610
-579450.730,-1266033.530,176.580
-579450.420,-1266033.650,176.560
-579459.690,-1266029.990,176.550
-579459.320,-1266030.140,176.570
-579458.960,-1266030.290,176.610
-579458.640,-1266030.420,176.650
-579458.250,-1266030.580,176.690
-579457.890,-1266030.730,176.745
-579457.530,-1266030.880,176.790
-579457.170,-1266031.030,176.830
-579456.790,-1266031.190,176.895
-579456.430,-1266031.330,176.940
-579456.080,-1266031.480,176.990
-579455.740,-1266031.620,177.030
-579455.410,-1266031.750,177.070
-579455.050,-1266031.900,177.070
-579454.700,-1266032.040,177.070
-579454.390,-1266032.170,177.040
-579454.050,-1266032.300,176.990
-579453.730,-1266032.430,176.960
-579453.420,-1266032.560,176.910
-579453.080,-1266032.700,176.880
-579452.730,-1266032.840,176.825
-579452.440,-1266032.950,176.770
-579452.080,-1266033.100,176.730
-579451.740,-1266033.230,176.700
-579451.410,-1266033.370,176.650
-579451.080,-1266033.500,176.610
-579450.770,-1266033.630,176.580
-579450.460,-1266033.750,176.570
-579459.620,-1266030.700,176.555
-579459.240,-1266030.860,176.610
-579458.890,-1266031.000,176.630
-579458.560,-1266031.140,176.660
-579458.190,-1266031.290,176.715
-579457.810,-1266031.450,176.770
-579457.470,-1266031.590,176.820
-579457.110,-1266031.740,176.850
-579456.710,-1266031.900,176.910
-579456.350,-1266032.050,176.955
-579456.020,-1266032.190,177.000
-579455.680,-1266032.330,177.030
-579455.330,-1266032.470,177.070
-579455.000,-1266032.600,177.070
-579454.640,-1266032.750,177.060
-579454.340,-1266032.870,177.030
-579454.000,-1266033.010,176.970
-579453.680,-1266033.140,176.940
-579453.360,-1266033.260,176.895
-579453.010,-1266033.410,176.860
-579452.690,-1266033.530,176.805
-579452.370,-1266033.660,176.760
-579452.030,-1266033.800,176.730
-579451.690,-1266033.940,176.680
-579451.340,-1266034.080,176.630
-579451.030,-1266034.200,176.600
-579450.720,-1266034.330,176.570
-579450.400,-1266034.460,176.560
-579459.680,-1266030.860,176.550
-579459.350,-1266030.990,176.590
-579458.970,-1266031.150,176.620
-579458.630,-1266031.290,176.660
-579458.290,-1266031.430,176.710
-579457.920,-1266031.580,176.760
-579457.530,-1266031.740,176.820
-579457.200,-1266031.880,176.840
-579456.820,-1266032.030,176.910
-579456.450,-1266032.190,176.940
-579456.090,-1266032.330,176.995
-579455.750,-1266032.470,177.040
-579455.400,-1266032.620,177.070
-579455.060,-1266032.760,177.070
-579454.750,-1266032.880,177.065
-579454.400,-1266033.020,177.020
-579454.100,-1266033.150,176.980
-579453.760,-1266033.280,176.940
-579453.430,-1266033.410,176.895
-579453.120,-1266033.540,176.870
-579452.780,-1266033.680,176.810
-579452.440,-1266033.820,176.770
-579452.130,-1266033.940,176.730
-579451.800,-1266034.070,176.700
-579451.450,-1266034.210,176.640
-579451.100,-1266034.350,176.600
-579450.790,-1266034.480,176.570
-579450.480,-1266034.610,176.560
-579459.500,-1266031.340,176.575
-579459.160,-1266031.480,176.610
-579458.790,-1266031.630,176.650
-579458.440,-1266031.780,176.695
-579458.100,-1266031.910,176.740
-579457.730,-1266032.070,176.775
-579457.360,-1266032.220,176.830
-579457.010,-1266032.360,176.860
-579456.650,-1266032.510,176.930
-579456.280,-1266032.670,176.970
-579455.900,-1266032.820,177.020
-579455.560,-1266032.960,177.060
-579455.220,-1266033.100,177.070
-579454.900,-1266033.230,177.070
-579454.590,-1266033.360,177.040
-579454.250,-1266033.490,177.000
-579453.930,-1266033.620,176.950
-579453.590,-1266033.760,176.910
-579453.280,-1266033.880,176.870
-579452.950,-1266034.020,176.830
-579452.630,-1266034.140,176.780
-579452.280,-1266034.290,176.750
-579451.960,-1266034.420,176.710
-579451.630,-1266034.550,176.670
-579451.290,-1266034.690,176.625
-579450.940,-1266034.820,176.600
-579450.620,-1266034.960,176.575
-579459.620,-1266031.480,176.560
-579459.250,-1266031.640,176.600
-579458.910,-1266031.770,176.640
-579458.540,-1266031.930,176.680
-579458.190,-1266032.070,176.730
-579457.860,-1266032.210,176.770
-579457.480,-1266032.360,176.820
-579457.120,-1266032.510,176.860
-579456.770,-1266032.660,176.930
-579456.410,-1266032.810,176.955
-579456.020,-1266032.970,177.000
-579455.650,-1266033.120,177.060
-579455.310,-1266033.260,177.070
-579454.990,-1266033.390,177.070
-579454.680,-1266033.510,177.050
-579454.370,-1266033.640,177.020
-579454.020,-1266033.780,176.960
-579453.700,-1266033.910,176.920
-579453.370,-1266034.040,176.890
-579453.050,-1266034.170,176.850
-579452.730,-1266034.300,176.785
-579452.400,-1266034.430,176.755
-579452.050,-1266034.580,176.710
-579451.730,-1266034.700,176.680
-579451.410,-1266034.830,176.640
-579451.050,-1266034.980,176.600
-579450.710,-1266035.110,176.580
-579450.400,-1266035.240,176.560
-579450.930,-1266035.530,176.600
-579450.600,-1266035.670,176.570
-579459.830,-1266031.910,176.550
-579459.490,-1266032.050,176.580
-579459.110,-1266032.200,176.620
-579458.780,-1266032.340,176.650
-579458.400,-1266032.500,176.710
-579458.050,-1266032.640,176.760
-579457.710,-1266032.780,176.810
-579457.350,-1266032.930,176.850
-579456.970,-1266033.090,176.890
-579456.630,-1266033.230,176.935
-579456.260,-1266033.380,176.980
-579455.900,-1266033.530,177.040
-579455.520,-1266033.680,177.065
-579455.180,-1266033.820,177.070
-579454.880,-1266033.940,177.065
-579454.550,-1266034.070,177.040
-579454.230,-1266034.200,176.990
-579453.900,-1266034.330,176.945
-579453.580,-1266034.470,176.905
-579453.240,-1266034.600,176.870
-579452.930,-1266034.730,176.820
-579452.620,-1266034.850,176.780
-579452.270,-1266034.990,176.750
-579451.930,-1266035.130,176.700
-579451.610,-1266035.260,176.660
-579451.270,-1266035.400,176.620
-579452.710,-1266035.140,176.780
-579452.400,-1266035.260,176.760
-579452.070,-1266035.400,176.710
-579451.710,-1266035.540,176.670
-579451.400,-1266035.670,176.630
-579451.060,-1266035.800,176.595
-579450.720,-1266035.940,176.580
-579459.590,-1266032.330,176.580
-579459.260,-1266032.460,176.610
-579458.870,-1266032.620,176.650
-579458.540,-1266032.760,176.700
-579458.160,-1266032.920,176.750
-579457.820,-1266033.060,176.810
-579457.470,-1266033.200,176.850
-579457.110,-1266033.350,176.890
-579456.730,-1266033.510,176.930
-579456.400,-1266033.640,176.980
-579456.040,-1266033.790,177.030
-579455.660,-1266033.950,177.070
-579455.280,-1266034.100,177.070
-579454.970,-1266034.230,177.060
-579454.660,-1266034.350,177.045
-579454.330,-1266034.490,177.000
-579454.040,-1266034.600,176.950
-579453.680,-1266034.750,176.910
-579453.370,-1266034.870,176.870
-579453.040,-1266035.010,176.835
-579453.840,-1266034.990,176.920
-579453.510,-1266035.130,176.880
-579453.190,-1266035.260,176.850
-579452.850,-1266035.400,176.785
-579452.540,-1266035.520,176.760
-579452.220,-1266035.650,176.710
-579451.880,-1266035.790,176.680
-579451.540,-1266035.920,176.640
-579451.210,-1266036.060,176.600
-579450.880,-1266036.190,176.590
-579450.540,-1266036.330,176.570
-579459.730,-1266032.580,176.560
-579459.390,-1266032.720,176.595
-579459.060,-1266032.860,176.635
-579458.670,-1266033.020,176.690
-579457.970,-1266033.310,176.790
-579457.620,-1266033.450,176.830
-579457.270,-1266033.600,176.870
-579456.910,-1266033.740,176.915
-579456.550,-1266033.890,176.965
-579456.180,-1266034.050,177.010
-579455.830,-1266034.190,177.060
-579455.440,-1266034.350,177.070
-579455.100,-1266034.490,177.070
-579454.790,-1266034.610,177.050
-579454.470,-1266034.740,177.005
-579454.170,-1266034.860,176.970
-579454.890,-1266034.890,177.060
-579454.590,-1266035.020,177.030
-579454.270,-1266035.150,176.980
-579453.960,-1266035.270,176.930
-579453.640,-1266035.400,176.895
-579453.300,-1266035.540,176.850
-579452.970,-1266035.670,176.805
-579452.640,-1266035.800,176.760
-579452.330,-1266035.930,176.720
-579452.010,-1266036.060,176.680
-579451.670,-1266036.190,176.645
-579451.340,-1266036.330,176.610
-579451.010,-1266036.460,176.590
-579450.670,-1266036.600,176.580
-579459.840,-1266032.860,176.560
-579459.500,-1266033.000,176.590
-579459.160,-1266033.140,176.630
-579458.820,-1266033.280,176.670
-579458.450,-1266033.430,176.720
-579458.100,-1266033.580,176.780
-579457.740,-1266033.720,176.820
-579457.380,-1266033.870,176.865
-579457.050,-1266034.010,176.900
-579456.680,-1266034.160,176.950
-579456.310,-1266034.310,177.000
-579455.970,-1266034.460,177.050
-579455.590,-1266034.610,177.070
-579455.240,-1266034.750,177.070
-579457.880,-1266033.990,176.810
-579457.520,-1266034.130,176.850
-579457.180,-1266034.270,176.890
-579456.840,-1266034.420,176.940
-579456.470,-1266034.570,176.985
-579456.100,-1266034.720,177.040
-579455.740,-1266034.870,177.070
-579455.390,-1266035.010,177.070
-579455.050,-1266035.150,177.070
-579454.710,-1266035.290,177.030
-579454.400,-1266035.410,176.995
-579454.070,-1266035.540,176.940
-579453.770,-1266035.670,176.900
-579453.450,-1266035.790,176.860
-579453.110,-1266035.930,176.830
-579452.800,-1266036.060,176.780
-579452.450,-1266036.200,176.750
-579452.140,-1266036.320,176.700
-579451.820,-1266036.450,176.665
-579451.480,-1266036.590,176.620
-579451.140,-1266036.720,176.600
-579450.820,-1266036.850,176.580
-579459.640,-1266033.260,176.580
-579459.310,-1266033.400,176.620
-579458.950,-1266033.550,176.670
-579458.620,-1266033.680,176.700
-579458.240,-1266033.840,176.765
-579459.790,-1266033.650,176.580
-579459.440,-1266033.790,176.610
-579459.100,-1266033.930,176.660
-579458.750,-1266034.080,176.695
-579458.410,-1266034.220,176.745
-579458.030,-1266034.370,176.790
-579457.700,-1266034.510,176.830
-579457.330,-1266034.660,176.880
-579456.980,-1266034.810,176.925
-579456.650,-1266034.940,176.960
-579456.270,-1266035.100,177.030
-579455.890,-1266035.250,177.070
-579455.550,-1266035.400,177.080
-579455.210,-1266035.530,177.075
-579454.870,-1266035.670,177.050
-579454.530,-1266035.810,177.000
-579454.230,-1266035.930,176.960
-579453.900,-1266036.060,176.920
-579453.590,-1266036.180,176.880
-579453.270,-1266036.310,176.840
-579452.930,-1266036.450,176.790
-579452.620,-1266036.580,176.760
-579452.270,-1266036.710,176.710
-579451.970,-1266036.840,176.680
-579451.650,-1266036.970,176.650
-579451.300,-1266037.110,176.610
-579450.970,-1266037.240,176.590
-579459.920,-1266033.840,176.560
-579459.550,-1266033.990,176.600
-579459.200,-1266034.130,176.660
-579458.880,-1266034.270,176.680
-579458.510,-1266034.420,176.720
-579458.170,-1266034.560,176.780
-579457.810,-1266034.710,176.830
-579457.460,-1266034.850,176.870
-579457.080,-1266035.010,176.920
-579456.750,-1266035.140,176.950
-579456.400,-1266035.290,177.010
-579456.040,-1266035.440,177.060
-579455.670,-1266035.590,177.080
-579455.340,-1266035.720,177.075
-579455.000,-1266035.860,177.055
-579454.660,-1266036.000,177.010
-579454.320,-1266036.130,176.960
-579454.010,-1266036.260,176.920
-579453.700,-1266036.380,176.885
-579453.380,-1266036.510,176.850
-579453.060,-1266036.640,176.810
-579452.720,-1266036.780,176.760
-579452.400,-1266036.900,176.720
-579452.070,-1266037.040,176.680
-579451.760,-1266037.160,176.660
-579451.440,-1266037.290,176.620
-579451.090,-1266037.430,176.590
-579459.680,-1266034.320,176.590
-579459.300,-1266034.470,176.650
-579458.970,-1266034.610,176.680
-579458.630,-1266034.750,176.720
-579458.280,-1266034.890,176.770
-579457.930,-1266035.040,176.820
-579457.580,-1266035.180,176.860
-579457.220,-1266035.330,176.915
-579456.850,-1266035.480,176.955
-579456.510,-1266035.620,176.990
-579456.180,-1266035.760,177.060
-579455.800,-1266035.910,177.080
-579455.450,-1266036.060,177.080
-579455.130,-1266036.190,177.070
-579454.790,-1266036.320,177.030
-579454.450,-1266036.460,176.980
-579454.110,-1266036.600,176.930
-579453.800,-1266036.720,176.890
-579453.480,-1266036.850,176.850
-579453.170,-1266036.980,176.820
-579452.850,-1266037.110,176.765
-579452.510,-1266037.240,176.740
-579452.200,-1266037.370,176.690
-579451.850,-1266037.510,176.660
-579451.540,-1266037.630,176.630
-579451.240,-1266037.750,176.600
-579450.880,-1266037.900,176.570
-579459.790,-1266034.520,176.580
-579459.420,-1266034.670,176.620
-579459.060,-1266034.820,176.670
-579458.710,-1266034.970,176.710
-579458.370,-1266035.110,176.760
-579458.040,-1266035.240,176.810
-579457.680,-1266035.390,176.850
-579457.310,-1266035.540,176.910
-579456.970,-1266035.680,176.950
-579456.620,-1266035.820,177.005
-579456.250,-1266035.980,177.040
-579455.550,-1266036.260,177.080
-579455.220,-1266036.400,177.070
-579454.900,-1266036.530,177.030
-579454.560,-1266036.660,176.985
-579454.220,-1266036.800,176.940
-579453.870,-1266036.940,176.890
-579453.560,-1266037.060,176.860
-579453.250,-1266037.190,176.825
-579452.930,-1266037.320,176.770
-579452.630,-1266037.440,176.740
-579452.280,-1266037.580,176.695
-579451.960,-1266037.710,176.660
-579451.630,-1266037.840,176.630
-579451.300,-1266037.970,176.600
-579451.000,-1266038.100,176.570
-579459.950,-1266034.900,176.565
-579459.590,-1266035.050,176.610
-579459.210,-1266035.200,176.655
-579458.860,-1266035.350,176.700
-579458.500,-1266035.490,176.760
-579458.150,-1266035.640,176.800
-579457.820,-1266035.770,176.840
-579457.480,-1266035.920,176.900
-579457.100,-1266036.070,176.935
-579456.770,-1266036.210,176.980
-579456.390,-1266036.370,177.030
-579456.040,-1266036.510,177.080
-579455.720,-1266036.640,177.085
-579455.370,-1266036.780,177.080
-579455.030,-1266036.920,177.035
-579454.710,-1266037.050,177.000
-579454.370,-1266037.180,176.960
-579454.030,-1266037.320,176.910
-579453.690,-1266037.460,176.880
-579453.380,-1266037.580,176.840
-579453.060,-1266037.710,176.780
-579452.750,-1266037.840,176.760
-579452.430,-1266037.960,176.720
-579452.080,-1266038.100,176.670
-579451.780,-1266038.230,176.640
-579451.430,-1266038.370,176.600
-579451.120,-1266038.490,176.570
-579459.750,-1266035.280,176.600
-579459.380,-1266035.430,176.640
-579459.000,-1266035.590,176.690
-579458.650,-1266035.730,176.750
-579458.290,-1266035.880,176.785
-579457.950,-1266036.020,176.840
-579457.610,-1266036.160,176.875
-579457.260,-1266036.300,176.925
-579456.900,-1266036.450,176.970
-579456.560,-1266036.590,177.020
-579456.180,-1266036.750,177.080
-579455.830,-1266036.890,177.090
-579455.520,-1266037.020,177.090
-579455.170,-1266037.160,177.060
-579454.840,-1266037.290,177.020
-579454.520,-1266037.420,176.970
-579454.180,-1266037.560,176.930
-579453.850,-1266037.690,176.880
-579453.500,-1266037.830,176.840
-579453.190,-1266037.950,176.800
-579452.880,-1266038.080,176.760
-579452.550,-1266038.210,176.730
-579452.250,-1266038.330,176.675
-579451.900,-1266038.470,176.640
-579451.580,-1266038.600,176.610
-579451.250,-1266038.740,176.580
-579450.930,-1266038.870,176.560
-579459.840,-1266035.530,176.600
-579459.500,-1266035.670,176.630
-579459.130,-1266035.820,176.670
-579458.760,-1266035.970,176.740
-579458.390,-1266036.130,176.790
-579458.050,-1266036.270,176.830
-579457.700,-1266036.410,176.890
-579457.360,-1266036.550,176.920
-579457.010,-1266036.690,176.960
-579456.640,-1266036.850,177.025
-579456.300,-1266036.990,177.075
-579455.940,-1266037.140,177.090
-579455.600,-1266037.270,177.090
-579455.290,-1266037.400,177.060
-579454.960,-1266037.530,177.030
-579454.610,-1266037.670,176.980
-579454.300,-1266037.800,176.930
-579453.960,-1266037.930,176.890
-579453.610,-1266038.080,176.860
-579453.270,-1266038.210,176.800
-579452.970,-1266038.330,176.770
-579452.650,-1266038.460,176.730
-579452.330,-1266038.590,176.675
-579452.020,-1266038.720,176.660
-579451.680,-1266038.850,176.610
-579451.370,-1266038.980,176.580
-579451.030,-1266039.120,176.560
-579460.010,-1266035.780,176.570
-579459.630,-1266035.940,176.625
-579459.290,-1266036.070,176.670
-579458.910,-1266036.230,176.720
-579458.550,-1266036.380,176.760
-579458.170,-1266036.540,176.820
-579457.830,-1266036.670,176.880
-579457.490,-1266036.820,176.910
-579457.150,-1266036.950,176.960
-579456.800,-1266037.100,177.020
-579456.440,-1266037.250,177.060
-579456.090,-1266037.390,177.090
-579455.730,-1266037.540,177.090
-579455.410,-1266037.670,177.070
-579455.100,-1266037.790,177.030
-579454.760,-1266037.930,177.000
-579454.420,-1266038.070,176.940
-579454.110,-1266038.190,176.910
-579453.770,-1266038.330,176.870
-579453.430,-1266038.470,176.825
-579453.090,-1266038.600,176.775
-579452.770,-1266038.730,176.735
-579452.470,-1266038.850,176.690
-579452.140,-1266038.980,176.660
-579451.830,-1266039.110,176.615
-579451.490,-1266039.240,176.600
-579451.170,-1266039.370,176.565
-579459.780,-1266036.260,176.610
-579459.410,-1266036.400,176.660
-579459.060,-1266036.550,176.705
-579458.690,-1266036.700,176.755
-579458.320,-1266036.860,176.800
-579457.950,-1266037.010,176.865
-579457.610,-1266037.150,176.900
-579457.260,-1266037.290,176.950
-579456.930,-1266037.430,177.005
-579456.580,-1266037.570,177.030
-579456.210,-1266037.720,177.080
-579455.860,-1266037.870,177.080
-579455.540,-1266037.990,177.075
-579455.220,-1266038.130,177.050
-579454.900,-1266038.250,177.000
-579454.570,-1266038.380,176.960
-579454.230,-1266038.520,176.920
-579453.910,-1266038.650,176.880
-579453.580,-1266038.780,176.830
-579453.230,-1266038.920,176.780
-579452.890,-1266039.060,176.750
-579452.590,-1266039.180,176.690
-579452.260,-1266039.320,176.660
-579451.950,-1266039.440,176.620
-579451.640,-1266039.560,176.600
-579451.300,-1266039.700,176.570
-579451.440,-1266039.970,176.565
-579451.100,-1266040.100,176.550
-579459.940,-1266036.510,176.595
-579459.570,-1266036.670,176.650
-579459.200,-1266036.820,176.700
-579458.850,-1266036.960,176.750
-579458.480,-1266037.110,176.780
-579458.110,-1266037.260,176.850
-579457.740,-1266037.420,176.890
-579457.410,-1266037.550,176.940
-579457.050,-1266037.700,176.985
-579456.720,-1266037.840,177.020
-579456.370,-1266037.980,177.065
-579456.000,-1266038.130,177.080
-579455.680,-1266038.260,177.080
-579455.350,-1266038.390,177.060
-579455.030,-1266038.520,177.020
-579454.710,-1266038.650,176.960
-579454.370,-1266038.790,176.930
-579454.040,-1266038.920,176.890
-579453.720,-1266039.050,176.840
-579453.380,-1266039.180,176.800
-579453.040,-1266039.320,176.750
-579452.710,-1266039.460,176.700
-579452.390,-1266039.590,176.670
-579452.070,-1266039.720,176.630
-579451.770,-1266039.840,176.600
-579453.520,-1266039.430,176.800
-579453.190,-1266039.560,176.775
-579452.860,-1266039.690,176.720
-579452.500,-1266039.840,176.670
-579452.190,-1266039.960,176.650
-579451.880,-1266040.090,176.610
-579451.570,-1266040.210,176.580
-579451.250,-1266040.340,176.550
-579460.060,-1266036.760,176.595
-579459.710,-1266036.900,176.640
-579459.360,-1266037.050,176.685
-579458.980,-1266037.200,176.740
-579458.640,-1266037.340,176.775
-579458.260,-1266037.500,176.830
-579457.900,-1266037.650,176.885
-579457.520,-1266037.800,176.925
-579457.190,-1266037.940,176.970
-579456.850,-1266038.080,177.020
-579456.500,-1266038.220,177.060
-579456.160,-1266038.360,177.080
-579455.810,-1266038.510,177.080
-579455.490,-1266038.640,177.065
-579455.150,-1266038.770,177.025
-579454.840,-1266038.900,176.975
-579454.530,-1266039.020,176.940
-579454.180,-1266039.160,176.900
-579453.850,-1266039.290,176.860
-579453.360,-1266039.840,176.790
-579453.010,-1266039.980,176.720
-579452.680,-1266040.110,176.690
-579452.340,-1266040.250,176.650
-579452.020,-1266040.370,176.610
-579451.710,-1266040.500,176.580
-579451.400,-1266040.630,176.550
-579451.080,-1266040.750,176.520
-579459.870,-1266037.180,176.625
-579459.520,-1266037.330,176.675
-579459.150,-1266037.480,176.720
-579458.780,-1266037.630,176.760
-579458.440,-1266037.770,176.820
-579458.060,-1266037.930,176.870
-579457.710,-1266038.070,176.910
-579457.340,-1266038.230,176.950
-579456.990,-1266038.370,177.005
-579456.650,-1266038.510,177.050
-579456.310,-1266038.650,177.080
-579455.970,-1266038.790,177.080
-579455.630,-1266038.920,177.070
-579455.320,-1266039.050,177.040
-579454.980,-1266039.190,176.980
-579454.660,-1266039.310,176.930
-579454.360,-1266039.430,176.920
-579454.000,-1266039.580,176.870
-579453.670,-1266039.710,176.830
-579456.460,-1266038.970,177.070
-579456.100,-1266039.120,177.080
-579455.790,-1266039.240,177.070
-579455.450,-1266039.380,177.040
-579455.140,-1266039.500,177.000
-579454.790,-1266039.640,176.940
-579454.490,-1266039.770,176.920
-579454.170,-1266039.890,176.880
-579453.820,-1266040.030,176.830
-579453.490,-1266040.170,176.800
-579453.180,-1266040.290,176.750
-579452.840,-1266040.430,176.710
-579452.510,-1266040.560,176.660
-579452.150,-1266040.710,176.610
-579451.840,-1266040.830,176.580
-579451.530,-1266040.960,176.550
-579451.220,-1266041.080,176.520
-579450.960,-1266041.180,176.510
-579460.000,-1266037.510,176.615
-579459.670,-1266037.650,176.670
-579459.320,-1266037.790,176.700
-579458.940,-1266037.950,176.750
-579458.580,-1266038.100,176.800
-579458.230,-1266038.240,176.860
-579457.860,-1266038.390,176.900
-579457.510,-1266038.540,176.950
-579457.120,-1266038.700,176.990
-579456.790,-1266038.830,177.030
-579459.770,-1266037.810,176.650
-579459.430,-1266037.950,176.700
-579459.090,-1266038.100,176.730
-579458.730,-1266038.240,176.780
-579458.340,-1266038.400,176.830
-579458.000,-1266038.540,176.880
-579457.650,-1266038.690,176.935
-579457.270,-1266038.840,176.980
-579456.910,-1266038.990,177.020
-579456.550,-1266039.140,177.060
-579456.220,-1266039.280,177.075
-579455.900,-1266039.400,177.070
-579455.590,-1266039.530,177.050
-579455.250,-1266039.660,177.000
-579454.930,-1266039.790,176.960
-579454.590,-1266039.930,176.910
-579454.280,-1266040.050,176.880
-579453.960,-1266040.180,176.830
-579453.630,-1266040.310,176.800
-579453.270,-1266040.460,176.760
-579452.970,-1266040.580,176.710
-579452.640,-1266040.710,176.665
-579452.290,-1266040.860,176.620
-579451.950,-1266040.990,176.600
-579451.640,-1266041.120,176.550
-579451.330,-1266041.240,176.520
-579451.020,-1266041.360,176.510
-579450.780,-1266041.450,176.500
-579459.940,-1266038.110,176.630
-579459.570,-1266038.260,176.685
-579459.220,-1266038.410,176.720
-579458.890,-1266038.540,176.780
-579458.510,-1266038.700,176.820
-579458.150,-1266038.850,176.880
-579457.800,-1266038.990,176.910
-579457.440,-1266039.140,176.955
-579457.060,-1266039.300,177.010
-579456.710,-1266039.440,177.045
-579456.360,-1266039.580,177.070
-579456.020,-1266039.720,177.070
-579455.730,-1266039.840,177.060
-579455.400,-1266039.970,177.010
-579455.060,-1266040.110,176.975
-579454.750,-1266040.230,176.930
-579454.410,-1266040.370,176.890
-579454.090,-1266040.500,176.850
-579453.780,-1266040.630,176.810
-579453.440,-1266040.760,176.775
-579453.090,-1266040.900,176.720
-579452.790,-1266041.020,176.690
-579452.450,-1266041.160,176.635
-579452.100,-1266041.300,176.600
-579451.770,-1266041.430,176.565
-579451.450,-1266041.560,176.520
-579451.130,-1266041.690,176.500
-579450.930,-1266041.760,176.495
-579450.600,-1266041.890,176.420
-579460.120,-1266038.400,176.620
-579459.780,-1266038.540,176.660
-579459.410,-1266038.700,176.710
-579459.070,-1266038.840,176.750
-579458.730,-1266038.980,176.800
-579458.360,-1266039.130,176.840
-579457.990,-1266039.280,176.895
-579457.640,-1266039.430,176.940
-579457.290,-1266039.570,176.990
-579456.910,-1266039.730,177.030
-579456.200,-1266040.020,177.070
-579455.890,-1266040.140,177.060
-579455.580,-1266040.270,177.040
-579455.270,-1266040.390,177.000
-579454.930,-1266040.530,176.940
-579454.610,-1266040.660,176.910
-579454.270,-1266040.790,176.870
-579453.960,-1266040.920,176.830
-579453.630,-1266041.050,176.790
-579453.300,-1266041.180,176.740
-579452.960,-1266041.320,176.700
-579452.640,-1266041.450,176.660
-579452.310,-1266041.580,176.610
-579451.960,-1266041.720,176.580
-579451.630,-1266041.860,176.530
-579451.310,-1266041.990,176.510
-579450.770,-1266042.190,176.445
-579459.930,-1266038.880,176.640
-579459.610,-1266039.010,176.690
-579459.230,-1266039.170,176.730
-579458.890,-1266039.310,176.780
-579458.560,-1266039.440,176.820
-579458.180,-1266039.600,176.870
-579457.810,-1266039.750,176.920
-579457.470,-1266039.890,176.960
-579457.100,-1266040.040,177.020
-579456.730,-1266040.200,177.055
-579456.370,-1266040.340,177.070
-579456.050,-1266040.480,177.070
-579455.730,-1266040.600,177.060
-579455.420,-1266040.730,177.010
-579455.100,-1266040.860,176.970
-579454.760,-1266040.990,176.920
-579454.450,-1266041.120,176.880
-579454.110,-1266041.260,176.830
-579453.800,-1266041.380,176.815
-579453.490,-1266041.510,176.760
-579453.150,-1266041.640,176.720
-579452.790,-1266041.790,176.670
-579452.490,-1266041.910,176.630
-579452.150,-1266042.040,176.600
-579451.810,-1266042.180,176.560
-579451.470,-1266042.310,176.530
-579451.180,-1266042.430,176.510
-579450.910,-1266042.530,176.490
-579460.080,-1266038.960,176.640
-579459.710,-1266039.120,176.680
-579459.370,-1266039.250,176.730
-579458.990,-1266039.410,176.760
-579458.660,-1266039.550,176.820
-579458.310,-1266039.690,176.850
-579457.940,-1266039.840,176.910
-579457.570,-1266039.990,176.950
-579457.240,-1266040.130,177.010
-579456.860,-1266040.290,177.050
-579456.500,-1266040.430,177.070
-579456.140,-1266040.580,177.060
-579455.830,-1266040.700,177.060
-579455.510,-1266040.830,177.010
-579455.200,-1266040.960,176.980
-579454.880,-1266041.090,176.935
-579454.550,-1266041.220,176.890
-579454.230,-1266041.350,176.850
-579453.890,-1266041.480,176.820
-579453.580,-1266041.610,176.770
-579453.270,-1266041.740,176.720
-579452.930,-1266041.870,176.700
-579452.580,-1266042.010,176.630
-579452.270,-1266042.140,176.600
-579451.930,-1266042.280,176.580
-579451.600,-1266042.410,176.530
-579451.040,-1266042.620,176.490
-579459.890,-1266039.350,176.670
-579459.510,-1266039.510,176.720
-579459.170,-1266039.640,176.750
-579458.800,-1266039.800,176.800
-579458.470,-1266039.930,176.845
-579458.120,-1266040.080,176.880
-579457.750,-1266040.230,176.930
-579457.380,-1266040.380,176.985
-579457.040,-1266040.520,177.040
-579456.680,-1266040.670,177.065
-579456.300,-1266040.830,177.070
-579455.960,-1266040.960,177.065
-579455.650,-1266041.090,177.030
-579455.340,-1266041.210,177.000
-579455.030,-1266041.340,176.960
-579454.710,-1266041.470,176.910
-579454.370,-1266041.600,176.870
-579454.060,-1266041.730,176.825
-579453.720,-1266041.860,176.790
-579453.410,-1266041.990,176.740
-579453.080,-1266042.120,176.700
-579452.760,-1266042.250,176.660
-579452.410,-1266042.390,176.610
-579452.100,-1266042.510,176.590
-579451.770,-1266042.650,176.550
-579460.080,-1266039.680,176.660
-579459.750,-1266039.820,176.690
-579459.380,-1266039.970,176.740
-579459.040,-1266040.110,176.780
-579458.660,-1266040.260,176.820
-579458.330,-1266040.400,176.870
-579457.980,-1266040.550,176.910
-579457.260,-1266040.840,177.010
-579456.900,-1266040.990,177.065
-579456.530,-1266041.140,177.080
-579456.190,-1266041.280,177.080
-579455.850,-1266041.410,177.060
-579455.540,-1266041.540,177.000
-579455.230,-1266041.660,176.980
-579454.900,-1266041.800,176.930
-579454.580,-1266041.920,176.890
-579454.250,-1266042.060,176.850
-579453.930,-1266042.180,176.810
-579453.590,-1266042.320,176.750
-579453.290,-1266042.440,176.725
-579452.960,-1266042.580,176.680
-579452.630,-1266042.710,176.630
-579452.290,-1266042.850,176.600
-579451.970,-1266042.970,176.550
-579451.630,-1266043.110,176.530
-579451.040,-1266043.340,176.490
-579459.900,-1266040.110,176.680
-579459.560,-1266040.250,176.720
-579459.180,-1266040.410,176.770
-579458.840,-1266040.550,176.800
-579458.480,-1266040.690,176.850
-579458.140,-1266040.840,176.910
-579457.800,-1266040.980,176.950
-579457.440,-1266041.120,177.000
-579457.060,-1266041.280,177.050
-579456.720,-1266041.420,177.080
-579456.360,-1266041.570,177.080
-579456.020,-1266041.700,177.060
-579455.680,-1266041.840,177.030
-579455.370,-1266041.960,176.980
-579455.050,-1266042.090,176.955
-579454.740,-1266042.220,176.915
-579454.420,-1266042.350,176.870
-579454.090,-1266042.480,176.830
-579453.770,-1266042.610,176.780
-579453.430,-1266042.740,176.730
-579453.120,-1266042.870,176.705
-579452.800,-1266043.000,176.650
-579452.480,-1266043.130,176.620
-579452.130,-1266043.270,176.580
-579451.810,-1266043.400,176.550
-579451.470,-1266043.530,176.530
-579451.240,-1266043.610,176.525
-579452.640,-1266043.290,176.630
-579452.300,-1266043.430,176.590
-579451.950,-1266043.570,176.550
-579451.650,-1266043.690,176.530
-579451.380,-1266043.790,176.530
-579460.050,-1266040.280,176.670
-579459.720,-1266040.420,176.710
-579459.370,-1266040.560,176.750
-579459.000,-1266040.710,176.800
-579458.650,-1266040.860,176.840
-579458.290,-1266041.010,176.880
-579457.940,-1266041.150,176.930
-579457.610,-1266041.290,176.990
-579457.240,-1266041.440,177.040
-579456.870,-1266041.590,177.075
-579456.520,-1266041.730,177.085
-579456.180,-1266041.870,177.080
-579455.850,-1266042.000,177.050
-579455.510,-1266042.140,177.000
-579455.190,-1266042.270,176.960
-579454.880,-1266042.390,176.920
-579454.570,-1266042.520,176.890
-579454.250,-1266042.640,176.850
-579453.910,-1266042.780,176.800
-579453.610,-1266042.900,176.745
-579453.260,-1266043.050,176.710
-579452.940,-1266043.170,176.670
-579457.390,-1266041.640,177.015
-579457.020,-1266041.790,177.070
-579456.650,-1266041.940,177.080
-579456.320,-1266042.070,177.080
-579455.990,-1266042.210,177.060
-579455.650,-1266042.340,177.020
-579455.320,-1266042.480,176.970
-579454.990,-1266042.610,176.930
-579454.690,-1266042.730,176.890
-579454.370,-1266042.860,176.860
-579454.050,-1266042.990,176.805
-579453.720,-1266043.120,176.760
-579453.400,-1266043.250,176.720
-579453.060,-1266043.380,176.685
-579452.760,-1266043.500,176.630
-579452.440,-1266043.630,176.610
-579452.100,-1266043.770,176.555
-579451.760,-1266043.910,176.540
-579451.460,-1266044.030,176.525
-579460.170,-1266040.500,176.660
-579459.830,-1266040.630,176.700
-579459.490,-1266040.770,176.750
-579459.150,-1266040.910,176.780
-579458.790,-1266041.060,176.840
-579458.430,-1266041.210,176.880
-579458.080,-1266041.350,176.920
-579457.740,-1266041.490,176.960
-579460.020,-1266040.950,176.690
-579459.660,-1266041.100,176.730
-579459.340,-1266041.230,176.770
-579458.980,-1266041.380,176.810
-579458.610,-1266041.530,176.870
-579458.290,-1266041.660,176.910
-579457.910,-1266041.810,176.950
-579457.570,-1266041.960,177.005
-579457.230,-1266042.090,177.035
-579456.860,-1266042.250,177.080
-579456.490,-1266042.400,177.080
-579456.200,-1266042.520,177.070
-579455.840,-1266042.660,177.030
-579455.500,-1266042.800,177.000
-579455.170,-1266042.930,176.950
-579454.860,-1266043.060,176.900
-579454.540,-1266043.180,176.865
-579454.230,-1266043.310,176.830
-579453.920,-1266043.430,176.775
-579453.580,-1266043.570,176.750
-579453.260,-1266043.700,176.700
-579452.920,-1266043.840,176.660
-579452.610,-1266043.960,176.620
-579452.290,-1266044.090,176.590
-579451.960,-1266044.220,176.550
-579460.140,-1266041.220,176.680
-579459.790,-1266041.370,176.710
-579459.460,-1266041.500,176.765
-579459.110,-1266041.640,176.800
-579458.770,-1266041.780,176.850
-579458.410,-1266041.940,176.890
-579458.070,-1266042.070,176.940
-579457.690,-1266042.230,176.990
-579457.360,-1266042.360,177.020
-579457.010,-1266042.510,177.080
-579456.640,-1266042.660,177.080
-579456.310,-1266042.790,177.080
-579455.990,-1266042.920,177.035
-579455.650,-1266043.060,177.010
-579455.320,-1266043.190,176.960
-579454.980,-1266043.330,176.920
-579454.660,-1266043.460,176.870
-579454.350,-1266043.580,176.840
-579454.040,-1266043.700,176.800
-579453.720,-1266043.830,176.760
-579453.380,-1266043.970,176.710
-579453.070,-1266044.100,176.680
-579452.730,-1266044.230,176.630
-579452.420,-1266044.350,176.590
-579452.100,-1266044.480,176.555
-579451.760,-1266044.620,176.530
-579451.110,-1266044.880,176.460
-579459.970,-1266041.590,176.700
-579459.620,-1266041.730,176.750
-579459.280,-1266041.870,176.780
-579458.930,-1266042.020,176.840
-579458.600,-1266042.150,176.880
-579458.220,-1266042.310,176.920
-579457.890,-1266042.440,176.970
-579457.520,-1266042.590,177.020
-579457.180,-1266042.740,177.060
-579456.840,-1266042.880,177.080
-579456.490,-1266043.020,177.080
-579456.150,-1266043.150,177.060
-579455.840,-1266043.280,177.020
-579455.500,-1266043.410,176.985
-579455.150,-1266043.560,176.930
-579454.820,-1266043.690,176.900
-579454.510,-1266043.810,176.850
-579454.190,-1266043.940,176.820
-579453.880,-1266044.070,176.765
-579453.570,-1266044.190,176.740
-579453.220,-1266044.330,176.690
-579452.910,-1266044.450,176.655
-579452.580,-1266044.590,176.615
-579452.250,-1266044.720,176.565
-579451.940,-1266044.840,176.540
-579451.610,-1266044.980,176.505
-579451.270,-1266045.120,176.460
-579450.960,-1266045.240,176.450
-579460.110,-1266041.750,176.690
-579459.750,-1266041.900,176.720
-579459.400,-1266042.040,176.775
-579459.060,-1266042.180,176.820
-579458.730,-1266042.310,176.870
-579458.380,-1266042.460,176.915
-579458.010,-1266042.610,176.950
-579457.680,-1266042.750,177.010
-579457.310,-1266042.900,177.050
-579456.960,-1266043.040,177.080
-579456.630,-1266043.180,177.080
-579456.290,-1266043.310,177.070
-579455.950,-1266043.450,177.030
-579455.640,-1266043.570,177.000
-579455.300,-1266043.710,176.950
-579454.950,-1266043.850,176.905
-579454.640,-1266043.980,176.870
-579454.300,-1266044.110,176.830
-579453.980,-1266044.240,176.775
-579453.680,-1266044.360,176.745
-579453.350,-1266044.490,176.700
-579453.030,-1266044.620,176.670
-579452.720,-1266044.750,176.630
-579452.370,-1266044.890,176.580
-579452.060,-1266045.010,176.540
-579451.750,-1266045.140,176.520
-579451.410,-1266045.270,176.480
-579451.070,-1266045.410,176.450
-579460.000,-1266042.240,176.710
-579459.620,-1266042.400,176.760
-579459.300,-1266042.530,176.810
-579458.950,-1266042.670,176.840
-579458.610,-1266042.810,176.895
-579458.270,-1266042.950,176.930
-579457.900,-1266043.100,176.990
-579457.560,-1266043.240,177.030
-579457.190,-1266043.390,177.080
-579456.840,-1266043.540,177.080
-579456.530,-1266043.670,177.080
-579456.200,-1266043.790,177.070
-579455.840,-1266043.940,177.010
-579455.530,-1266044.070,176.970
-579455.200,-1266044.200,176.920
-579454.850,-1266044.340,176.890
-579454.520,-1266044.470,176.840
-579454.210,-1266044.590,176.800
-579453.890,-1266044.720,176.760
-579453.580,-1266044.850,176.730
-579453.270,-1266044.970,176.690
-579452.930,-1266045.110,176.650
-579452.610,-1266045.230,176.600
-579452.270,-1266045.380,176.540
-579451.970,-1266045.500,176.520
-579451.640,-1266045.630,176.485
-579451.310,-1266045.760,176.460
-579460.170,-1266042.420,176.700
-579459.800,-1266042.570,176.730
-579459.430,-1266042.720,176.780
-579459.090,-1266042.860,176.820
-579458.750,-1266043.000,176.870
-579458.420,-1266043.140,176.920
-579458.060,-1266043.290,176.950
-579457.700,-1266043.430,177.020
-579457.370,-1266043.570,177.050
-579456.980,-1266043.730,177.080
-579456.650,-1266043.860,177.080
-579456.350,-1266043.980,177.080
-579456.020,-1266044.120,177.030
-579455.670,-1266044.260,176.990
-579455.350,-1266044.390,176.950
-579455.020,-1266044.520,176.900
-579454.680,-1266044.660,176.855
-579454.350,-1266044.790,176.820
-579454.030,-1266044.920,176.780
-579453.710,-1266045.040,176.740
-579453.410,-1266045.170,176.700
-579453.090,-1266045.300,176.660
-579452.740,-1266045.440,176.620
-579452.440,-1266045.550,176.565
-579452.110,-1266045.690,176.530
-579451.790,-1266045.820,176.490
-579451.480,-1266045.940,176.460
-579460.370,-1266042.670,176.670
-579460.020,-1266042.810,176.720
-579459.640,-1266042.970,176.770
-579459.280,-1266043.120,176.820
-579458.930,-1266043.260,176.860
-579458.600,-1266043.400,176.910
-579458.250,-1266043.540,176.940
-579457.910,-1266043.680,176.990
-579457.550,-1266043.830,177.040
-579457.200,-1266043.980,177.080
-579456.830,-1266044.130,177.080
-579456.530,-1266044.250,177.080
-579456.200,-1266044.380,177.050
-579455.880,-1266044.510,177.010
-579455.530,-1266044.650,176.960
-579455.220,-1266044.770,176.920
-579454.880,-1266044.910,176.880
-579454.550,-1266045.040,176.840
-579454.210,-1266045.180,176.780
-579453.880,-1266045.310,176.750
-579453.590,-1266045.430,176.700
-579453.260,-1266045.560,176.665
-579452.950,-1266045.690,176.630
-579452.620,-1266045.820,176.580
-579452.300,-1266045.940,176.540
-579451.960,-1266046.080,176.510
-579451.650,-1266046.200,176.460
-579451.340,-1266046.330,176.450
-579460.140,-1266042.920,176.710
-579459.780,-1266043.060,176.755
-579459.410,-1266043.220,176.805
-579459.030,-1266043.370,176.860
-579458.710,-1266043.510,176.900
-579458.350,-1266043.650,176.930
-579458.010,-1266043.790,176.980
-579457.670,-1266043.930,177.030
-579457.300,-1266044.080,177.080
-579456.960,-1266044.230,177.085
-579456.630,-1266044.360,177.080
-579456.310,-1266044.480,177.070
-579455.990,-1266044.610,177.015
-579455.660,-1266044.750,176.975
-579455.310,-1266044.890,176.935
-579455.000,-1266045.010,176.890
-579454.670,-1266045.140,176.850
-579454.320,-1266045.280,176.800
-579453.990,-1266045.420,176.760
-579453.680,-1266045.540,176.720
-579453.360,-1266045.670,176.680
-579453.050,-1266045.790,176.650
-579452.740,-1266045.920,176.590
-579452.400,-1266046.050,176.560
-579452.090,-1266046.180,176.520
-579451.740,-1266046.320,176.470
-579451.440,-1266046.440,176.450
-579451.130,-1266046.570,176.435
-579451.350,-1266047.000,176.440
-579460.380,-1266043.340,176.690
-579460.030,-1266043.490,176.730
-579459.670,-1266043.640,176.775
-579459.320,-1266043.780,176.820
-579458.930,-1266043.940,176.880
-579458.600,-1266044.070,176.920
-579458.250,-1266044.220,176.950
-579457.920,-1266044.350,177.005
-579457.580,-1266044.490,177.050
-579457.200,-1266044.650,177.080
-579456.880,-1266044.780,177.085
-579456.530,-1266044.920,177.080
-579456.230,-1266045.040,177.035
-579455.900,-1266045.180,176.985
-579455.570,-1266045.310,176.960
-579455.240,-1266045.440,176.920
-579454.920,-1266045.570,176.870
-579454.590,-1266045.700,176.830
-579454.250,-1266045.840,176.780
-579453.910,-1266045.970,176.730
-579453.590,-1266046.100,176.700
-579453.270,-1266046.230,176.660
-579452.970,-1266046.350,176.625
-579452.650,-1266046.480,176.570
-579452.310,-1266046.620,176.530
-579452.010,-1266046.730,176.480
-579451.660,-1266046.880,176.450
-579453.410,-1266046.400,176.660
-579453.080,-1266046.530,176.630
-579452.770,-1266046.660,176.580
-579452.460,-1266046.780,176.540
-579452.120,-1266046.920,176.500
-579451.810,-1266047.040,176.460
-579451.470,-1266047.180,176.445
-579460.170,-1266043.650,176.720
-579459.820,-1266043.800,176.765
-579459.450,-1266043.950,176.810
-579459.090,-1266044.100,176.860
-579458.710,-1266044.260,176.915
-579458.400,-1266044.380,176.950
-579458.040,-1266044.530,176.990
-579457.700,-1266044.670,177.035
-579457.360,-1266044.810,177.080
-579456.980,-1266044.970,177.080
-579456.680,-1266045.090,177.080
-579456.340,-1266045.220,177.055
-579456.030,-1266045.350,177.010
-579455.710,-1266045.470,176.970
-579455.370,-1266045.610,176.930
-579455.050,-1266045.740,176.890
-579454.720,-1266045.870,176.840
-579454.390,-1266046.010,176.800
-579454.050,-1266046.140,176.740
-579453.700,-1266046.280,176.710
-579455.850,-1266045.720,176.975
-579455.550,-1266045.840,176.950
-579455.200,-1266045.980,176.895
-579454.850,-1266046.120,176.850
-579454.550,-1266046.240,176.810
-579454.200,-1266046.380,176.750
-579453.870,-1266046.510,176.720
-579453.540,-1266046.640,176.665
-579453.210,-1266046.780,176.640
-579452.910,-1266046.900,176.605
-579452.590,-1266047.020,176.560
-579452.280,-1266047.150,176.510
-579451.940,-1266047.280,176.470
-579451.630,-1266047.410,176.450
-579451.290,-1266047.540,176.425
-579460.330,-1266043.890,176.700
-579459.970,-1266044.030,176.750
-579459.630,-1266044.180,176.790
-579459.260,-1266044.320,176.850
-579458.880,-1266044.480,176.890
-579458.530,-1266044.630,176.920
-579458.170,-1266044.770,176.980
-579457.840,-1266044.910,177.025
-579457.510,-1266045.050,177.080
-579457.140,-1266045.200,177.080
-579456.820,-1266045.330,177.080
-579456.510,-1266045.450,177.070
-579456.170,-1266045.590,177.015
-579457.640,-1266045.210,177.050
-579457.290,-1266045.360,177.085
-579456.960,-1266045.490,177.080
-579456.640,-1266045.620,177.080
-579456.320,-1266045.750,177.035
-579455.980,-1266045.890,176.985
-579455.670,-1266046.010,176.950
-579455.360,-1266046.140,176.905
-579455.000,-1266046.280,176.860
-579454.680,-1266046.410,176.820
-579454.360,-1266046.540,176.780
-579454.030,-1266046.670,176.730
-579453.690,-1266046.810,176.680
-579453.360,-1266046.940,176.650
-579453.040,-1266047.070,176.610
-579452.720,-1266047.190,176.570
-579452.410,-1266047.320,176.530
-579452.090,-1266047.450,176.475
-579451.760,-1266047.580,176.450
-579451.450,-1266047.710,176.435
-579460.130,-1266044.190,176.740
-579459.770,-1266044.340,176.770
-579459.420,-1266044.480,176.825
-579459.050,-1266044.630,176.880
-579458.700,-1266044.780,176.920
-579458.320,-1266044.930,176.960
-579457.990,-1266045.070,177.000
-579459.950,-1266044.630,176.760
-579459.590,-1266044.780,176.800
-579459.260,-1266044.910,176.860
-579458.880,-1266045.070,176.900
-579458.500,-1266045.230,176.950
-579458.150,-1266045.370,177.000
-579457.810,-1266045.510,177.040
-579457.460,-1266045.650,177.080
-579457.130,-1266045.790,177.085
-579456.820,-1266045.920,177.080
-579456.470,-1266046.050,177.050
-579456.170,-1266046.180,177.000
-579455.820,-1266046.310,176.965
-579455.500,-1266046.450,176.915
-579455.210,-1266046.560,176.885
-579454.850,-1266046.700,176.840
-579454.510,-1266046.840,176.795
-579454.220,-1266046.960,176.740
-579453.870,-1266047.100,176.710
-579453.530,-1266047.230,176.660
-579453.190,-1266047.370,176.630
-579452.880,-1266047.490,176.580
-579452.560,-1266047.620,176.540
-579452.260,-1266047.740,176.505
-579451.950,-1266047.870,176.460
-579451.600,-1266048.010,176.440
-579460.320,-1266044.480,176.710
-579460.140,-1266044.890,176.750
-579459.780,-1266045.040,176.790
-579459.420,-1266045.180,176.840
-579459.080,-1266045.330,176.890
-579458.710,-1266045.480,176.930
-579458.350,-1266045.620,176.985
-579457.980,-1266045.780,177.020
-579457.630,-1266045.920,177.080
-579457.290,-1266046.060,177.090
-579456.970,-1266046.190,177.085
-579456.660,-1266046.320,177.070
-579456.330,-1266046.450,177.010
-579456.000,-1266046.580,176.980
-579455.680,-1266046.710,176.930
-579455.370,-1266046.830,176.900
-579455.040,-1266046.960,176.860
-579454.700,-1266047.100,176.810
-579454.360,-1266047.240,176.750
-579454.050,-1266047.360,176.720
-579453.710,-1266047.500,176.680
-579453.370,-1266047.630,176.640
-579453.030,-1266047.770,176.580
-579452.730,-1266047.890,176.540
-579452.410,-1266048.020,176.510
-579452.100,-1266048.150,176.470
-579451.790,-1266048.270,176.440
-579451.450,-1266048.400,176.430
-579460.320,-1266045.100,176.725
-579460.000,-1266045.230,176.770
-579459.620,-1266045.380,176.820
-579459.250,-1266045.530,176.870
-579458.910,-1266045.670,176.910
-579458.550,-1266045.820,176.960
-579458.180,-1266045.970,177.000
-579457.800,-1266046.130,177.050
-579457.480,-1266046.260,177.080
-579457.140,-1266046.400,177.085
-579456.840,-1266046.520,177.080
-579456.520,-1266046.650,177.045
-579456.180,-1266046.790,177.000
-579455.870,-1266046.910,176.960
-579455.530,-1266047.050,176.900
-579455.220,-1266047.170,176.880
-579454.900,-1266047.300,176.830
-579454.560,-1266047.430,176.780
-579454.230,-1266047.570,176.730
-579453.920,-1266047.690,176.690
-579453.580,-1266047.830,176.660
-579453.230,-1266047.970,176.610
-579452.890,-1266048.100,176.560
-579452.600,-1266048.220,176.540
-579452.270,-1266048.350,176.480
-579451.960,-1266048.480,176.460
-579451.660,-1266048.600,176.440
-579460.470,-1266045.270,176.700
-579460.120,-1266045.410,176.760
-579459.790,-1266045.550,176.795
-579459.420,-1266045.690,176.840
-579459.040,-1266045.850,176.890
-579458.720,-1266045.990,176.935
-579458.340,-1266046.140,176.990
-579457.980,-1266046.290,177.030
-579457.610,-1266046.440,177.075
-579457.270,-1266046.580,177.085
-579456.950,-1266046.710,177.085
-579456.640,-1266046.830,177.060
-579456.330,-1266046.960,177.000
-579455.990,-1266047.090,176.960
-579455.680,-1266047.220,176.920
-579455.350,-1266047.350,176.890
-579455.020,-1266047.480,176.850
-579454.720,-1266047.600,176.805
-579454.380,-1266047.740,176.740
-579454.030,-1266047.880,176.710
-579453.730,-1266048.000,176.665
-579453.390,-1266048.140,176.630
-579453.050,-1266048.270,176.580
-579452.710,-1266048.410,176.530
-579452.400,-1266048.530,176.490
-579452.100,-1266048.650,176.470
-579451.770,-1266048.780,176.440
-579460.300,-1266045.660,176.740
-579459.960,-1266045.800,176.790
-579459.610,-1266045.940,176.830
-579459.250,-1266046.090,176.880
-579458.880,-1266046.240,176.930
-579458.530,-1266046.390,176.960
-579458.180,-1266046.530,177.010
-579457.800,-1266046.690,177.060
-579457.430,-1266046.840,177.080
-579457.120,-1266046.960,177.080
-579456.800,-1266047.090,177.065
-579456.480,-1266047.220,177.020
-579456.180,-1266047.340,176.990
-579455.840,-1266047.480,176.940
-579455.520,-1266047.600,176.890
-579455.190,-1266047.740,176.870
-579454.880,-1266047.860,176.820
-579454.560,-1266047.990,176.770
-579454.220,-1266048.130,176.720
-579453.890,-1266048.260,176.680
-579453.560,-1266048.390,176.640
-579453.240,-1266048.520,176.600
-579452.900,-1266048.660,176.560
-579452.550,-1266048.800,176.510
-579452.250,-1266048.920,176.470
-579451.940,-1266049.040,176.440
-579451.620,-1266049.170,176.430
-579460.510,-1266045.950,176.720
-579460.140,-1266046.100,176.760
-579459.790,-1266046.240,176.810
-579459.460,-1266046.380,176.850
-579459.090,-1266046.530,176.920
-579458.730,-1266046.680,176.950
-579458.390,-1266046.820,177.000
-579458.030,-1266046.960,177.050
-579457.640,-1266047.120,177.090
-579457.290,-1266047.270,177.080
-579456.970,-1266047.390,177.070
-579456.660,-1266047.520,177.040
-579456.350,-1266047.640,177.000
-579456.030,-1266047.770,176.960
-579455.710,-1266047.900,176.930
-579455.390,-1266048.030,176.880
-579455.040,-1266048.170,176.830
-579454.730,-1266048.290,176.790
-579454.420,-1266048.420,176.745
-579454.080,-1266048.550,176.700
-579453.750,-1266048.690,176.660
-579453.430,-1266048.810,176.610
-579453.100,-1266048.950,176.580
-579452.750,-1266049.090,176.525
-579452.420,-1266049.220,176.475
-579452.110,-1266049.340,176.450
-579451.800,-1266049.470,176.440
-579460.340,-1266046.310,176.750
-579459.980,-1266046.450,176.785
-579459.640,-1266046.590,176.840
-579459.300,-1266046.730,176.880
-579458.930,-1266046.890,176.930
-579458.580,-1266047.030,176.975
-579458.220,-1266047.180,177.020
-579457.860,-1266047.330,177.060
-579457.490,-1266047.480,177.090
-579457.140,-1266047.620,177.070
-579456.830,-1266047.740,177.050
-579456.530,-1266047.870,177.005
-579456.210,-1266047.990,176.980
-579455.890,-1266048.120,176.930
-579455.560,-1266048.250,176.890
-579455.250,-1266048.380,176.870
-579454.900,-1266048.520,176.795
-579454.590,-1266048.640,176.760
-579454.290,-1266048.760,176.730
-579453.940,-1266048.900,176.670
-579453.610,-1266049.040,176.630
-579453.300,-1266049.160,176.590
-579452.950,-1266049.300,176.555
-579452.620,-1266049.430,176.510
-579452.280,-1266049.570,176.470
-579451.970,-1266049.690,176.445
-579451.660,-1266049.820,176.420
-579460.780,-1266053.520,176.840
-579459.270,-1266053.470,177.030
-579458.930,-1266053.610,177.070
-579460.560,-1266053.310,176.870
-579460.210,-1266053.460,176.920
-579459.840,-1266053.610,176.955
-579460.690,-1266052.890,176.840
-579460.360,-1266053.020,176.900
-579460.000,-1266053.170,176.930
-579459.620,-1266053.320,176.980
-579460.470,-1266052.620,176.870
-579460.110,-1266052.770,176.920
-579459.750,-1266052.910,176.950
-579460.820,-1266052.470,176.810
-579459.380,-1266053.060,177.010
-579459.040,-1266053.210,177.040
-579458.710,-1266053.340,177.090
-579458.350,-1266053.490,177.090
-579458.050,-1266053.610,177.090
-579457.720,-1266053.740,177.070
-579460.620,-1266052.280,176.835
-579460.250,-1266052.430,176.890
-579459.890,-1266052.580,176.930
-579459.530,-1266052.730,176.980
-579459.190,-1266052.870,177.020
-579458.840,-1266053.010,177.070
-579458.510,-1266053.150,177.090
-579458.160,-1266053.290,177.090
-579457.850,-1266053.410,177.070
-579457.550,-1266053.530,177.040
-579457.190,-1266053.680,177.000
-579456.880,-1266053.800,176.955
-579460.770,-1266051.970,176.810
-579460.420,-1266052.110,176.870
-579460.050,-1266052.260,176.910
-579459.690,-1266052.410,176.950
-579459.350,-1266052.550,177.000
-579459.010,-1266052.690,177.030
-579458.680,-1266052.830,177.090
-579458.320,-1266052.980,177.090
-579458.000,-1266053.100,177.090
-579457.680,-1266053.230,177.050
-579457.340,-1266053.370,177.010
-579457.030,-1266053.490,176.970
-579456.710,-1266053.620,176.930
-579456.380,-1266053.750,176.890
-579455.870,-1266053.580,176.820
-579455.530,-1266053.720,176.775
-579455.200,-1266053.850,176.740
-579460.570,-1266051.680,176.840
-579460.210,-1266051.830,176.885
-579459.850,-1266051.980,176.920
-579459.500,-1266052.120,176.980
-579459.170,-1266052.250,177.020
-579458.830,-1266052.390,177.065
-579458.480,-1266052.540,177.090
-579457.810,-1266052.810,177.070
-579457.480,-1266052.940,177.035
-579457.160,-1266053.070,177.000
-579456.860,-1266053.190,176.960
-579456.520,-1266053.320,176.915
-579456.190,-1266053.460,176.875
-579460.710,-1266051.240,176.810
-579460.330,-1266051.400,176.855
-579459.970,-1266051.540,176.905
-579459.630,-1266051.690,176.930
-579459.300,-1266051.820,176.995
-579458.950,-1266051.960,177.030
-579458.620,-1266052.100,177.075
-579458.240,-1266052.260,177.090
-579457.930,-1266052.380,177.090
-579457.600,-1266052.510,177.050
-579457.280,-1266052.640,177.020
-579456.970,-1266052.770,176.990
-579456.640,-1266052.900,176.950
-579456.300,-1266053.040,176.900
-579455.980,-1266053.160,176.840
-579455.640,-1266053.300,176.800
-579455.320,-1266053.430,176.760
-579454.980,-1266053.560,176.730
-579454.670,-1266053.690,176.670
-579454.360,-1266053.810,176.630
-579454.040,-1266053.940,176.600
-579454.490,-1266053.530,176.660
-579454.180,-1266053.650,176.620
-579453.860,-1266053.780,176.580
-579453.530,-1266053.920,176.540
-579460.500,-1266051.110,176.840
-579460.120,-1266051.260,176.890
-579459.790,-1266051.400,176.920
-579459.450,-1266051.530,176.960
-579459.110,-1266051.670,177.010
-579458.770,-1266051.810,177.060
-579458.410,-1266051.960,177.080
-579458.080,-1266052.100,177.085
-579457.740,-1266052.230,177.080
-579457.430,-1266052.360,177.040
-579457.120,-1266052.480,177.010
-579456.790,-1266052.610,176.965
-579456.440,-1266052.750,176.920
-579456.130,-1266052.880,176.870
-579455.790,-1266053.010,176.820
-579455.450,-1266053.150,176.780
-579455.120,-1266053.280,176.750
-579454.810,-1266053.400,176.690
-579457.220,-1266052.080,177.020
-579456.890,-1266052.210,176.990
-579456.560,-1266052.340,176.940
-579456.240,-1266052.470,176.900
-579455.900,-1266052.610,176.855
-579455.570,-1266052.740,176.810
-579455.230,-1266052.870,176.760
-579454.910,-1266053.000,176.730
-579454.610,-1266053.120,176.670
-579454.300,-1266053.250,176.650
-579453.970,-1266053.380,176.595
-579453.650,-1266053.500,176.555
-579453.330,-1266053.640,176.510
-579453.000,-1266053.770,176.480
-579452.690,-1266053.890,176.460
-579452.370,-1266054.020,176.430
-579460.610,-1266050.690,176.825
-579460.260,-1266050.840,176.850
-579459.910,-1266050.980,176.900
-579459.580,-1266051.120,176.950
-579459.230,-1266051.260,176.985
-579458.900,-1266051.400,177.030
-579458.540,-1266051.550,177.070
-579458.190,-1266051.690,177.085
-579457.850,-1266051.820,177.080
-579457.550,-1266051.950,177.055
-579455.390,-1266052.570,176.790
-579455.070,-1266052.690,176.750
-579454.750,-1266052.820,176.710
-579454.450,-1266052.940,176.660
-579454.140,-1266053.060,176.630
-579453.800,-1266053.200,176.580
-579453.500,-1266053.320,176.540
-579453.150,-1266053.460,176.495
-579452.850,-1266053.580,176.480
-579452.540,-1266053.710,176.445
-579460.430,-1266050.520,176.840
-579460.080,-1266050.670,176.880
-579459.760,-1266050.800,176.910
-579459.420,-1266050.940,176.960
-579459.080,-1266051.080,177.000
-579458.710,-1266051.230,177.060
-579458.380,-1266051.360,177.080
-579458.010,-1266051.520,177.080
-579457.700,-1266051.640,177.080
-579457.390,-1266051.760,177.050
-579457.050,-1266051.900,177.010
-579456.710,-1266052.040,176.950
-579456.410,-1266052.150,176.930
-579456.060,-1266052.300,176.880
-579455.730,-1266052.430,176.830
-579459.870,-1266050.380,176.900
-579459.520,-1266050.520,176.925
-579459.190,-1266050.660,176.980
-579458.830,-1266050.810,177.030
-579458.490,-1266050.950,177.070
-579458.110,-1266051.100,177.080
-579457.790,-1266051.230,177.080
-579457.480,-1266051.350,177.070
-579457.150,-1266051.490,177.030
-579456.820,-1266051.620,176.990
-579456.490,-1266051.750,176.950
-579456.160,-1266051.880,176.910
-579455.830,-1266052.020,176.860
-579455.480,-1266052.150,176.810
-579455.170,-1266052.280,176.770
-579454.860,-1266052.410,176.730
-579454.550,-1266052.530,176.690
-579454.230,-1266052.650,176.650
-579453.910,-1266052.780,176.600
-579453.590,-1266052.910,176.575
-579453.250,-1266053.050,176.510
-579452.950,-1266053.170,176.490
-579452.630,-1266053.300,176.460
-579452.290,-1266053.430,176.435
-579460.540,-1266050.100,176.800
-579460.210,-1266050.240,176.845
-579460.720,-1266049.860,176.770
-579460.370,-1266050.010,176.830
-579460.040,-1266050.140,176.860
-579459.700,-1266050.280,176.910
-579459.350,-1266050.420,176.950
-579459.000,-1266050.570,177.000
-579458.650,-1266050.710,177.050
-579458.290,-1266050.860,177.070
-579457.950,-1266051.000,177.080
-579457.640,-1266051.120,177.080
-579457.300,-1266051.260,177.050
-579456.960,-1266051.390,177.010
-579456.650,-1266051.520,176.960
-579456.300,-1266051.660,176.920
-579455.980,-1266051.790,176.870
-579455.650,-1266051.920,176.840
-579455.330,-1266052.050,176.795
-579455.020,-1266052.170,176.760
-579454.700,-1266052.300,176.710
-579460.500,-1266049.550,176.800
-579460.140,-1266049.700,176.840
-579459.800,-1266049.840,176.890
-579459.480,-1266049.970,176.925
-579459.100,-1266050.130,176.980
-579458.760,-1266050.270,177.030
-579458.390,-1266050.420,177.070
-579458.050,-1266050.560,177.080
-579457.720,-1266050.690,177.080
-579457.390,-1266050.820,177.070
-579457.060,-1266050.960,177.025
-579456.740,-1266051.080,176.990
-579456.410,-1266051.210,176.950
-579456.070,-1266051.350,176.900
-579455.730,-1266051.490,176.860
-579455.420,-1266051.610,176.815
-579455.100,-1266051.740,176.770
-579454.800,-1266051.860,176.735
-579454.380,-1266052.430,176.670
-579454.050,-1266052.560,176.630
-579453.740,-1266052.680,176.590
-579453.410,-1266052.820,176.530
-579453.090,-1266052.950,176.500
-579452.780,-1266053.070,176.470
-579452.440,-1266053.200,176.440
-579460.640,-1266049.240,176.770
-579460.320,-1266049.380,176.830
-579459.970,-1266049.520,176.855
-579459.620,-1266049.660,176.900
-579459.270,-1266049.810,176.950
-579458.920,-1266049.950,177.000
-579458.550,-1266050.110,177.050
-579458.230,-1266050.240,177.080
-579457.870,-1266050.390,177.090
-579457.530,-1266050.520,177.080
-579457.210,-1266050.650,177.070
-579456.890,-1266050.780,177.010
-579456.560,-1266050.910,176.970
-579456.210,-1266051.050,176.920
-579455.880,-1266051.180,176.870
-579455.560,-1266051.310,176.830
-579455.250,-1266051.440,176.790
-579454.950,-1266051.560,176.765
-579454.620,-1266051.690,176.720
-579454.290,-1266051.820,176.670
-579453.980,-1266051.940,176.630
-579453.630,-1266052.080,176.590
-579453.330,-1266052.200,176.530
-579453.020,-1266052.330,176.500
-579452.680,-1266052.470,176.470
-579452.350,-1266052.600,176.440
-579452.030,-1266052.730,176.420
-579454.490,-1266051.980,176.690
-579454.150,-1266052.120,176.660
-579453.840,-1266052.240,176.605
-579453.490,-1266052.380,176.550
-579453.190,-1266052.510,176.520
-579452.870,-1266052.630,176.470
-579452.530,-1266052.770,176.460
-579452.210,-1266052.900,176.440
-579460.400,-1266048.910,176.790
-579460.070,-1266049.040,176.830
-579459.730,-1266049.180,176.875
-579459.370,-1266049.330,176.930
-579459.030,-1266049.470,176.980
-579458.660,-1266049.620,177.020
-579458.320,-1266049.760,177.070
-579457.970,-1266049.910,177.090
-579457.630,-1266050.050,177.090
-579457.290,-1266050.180,177.080
-579456.990,-1266050.300,177.050
-579456.650,-1266050.440,176.990
-579456.300,-1266050.580,176.940
-579455.970,-1266050.710,176.900
-579455.660,-1266050.830,176.860
-579455.340,-1266050.960,176.810
-579455.030,-1266051.090,176.775
-579454.710,-1266051.220,176.730
-579454.390,-1266051.340,176.690
-579454.070,-1266051.480,176.650
-579453.730,-1266051.610,176.610
-579453.420,-1266051.730,176.570
-579453.110,-1266051.860,176.525
-579452.780,-1266051.990,176.490
-579452.440,-1266052.130,176.460
-579452.140,-1266052.240,176.440
-579460.610,-1266048.620,176.765
-579460.270,-1266048.760,176.810
-579459.930,-1266048.900,176.840
-579459.570,-1266049.050,176.900
-579459.220,-1266049.190,176.945
-579458.850,-1266049.350,176.995
-579458.520,-1266049.480,177.030
-579458.180,-1266049.620,177.090
-579457.800,-1266049.780,177.090
-579457.480,-1266049.900,177.090
-579457.160,-1266050.040,177.070
-579456.810,-1266050.170,177.010
-579456.490,-1266050.300,176.980
-579456.140,-1266050.440,176.920
-579455.840,-1266050.560,176.890
-579455.520,-1266050.690,176.840
-579455.210,-1266050.820,176.810
-579454.890,-1266050.940,176.770
-579454.560,-1266051.080,176.720
-579454.250,-1266051.200,176.680
-579453.900,-1266051.340,176.630
-579453.590,-1266051.460,176.600
-579453.280,-1266051.590,176.545
-579452.940,-1266051.720,176.500
-579452.610,-1266051.860,176.470
-579452.300,-1266051.980,176.450
-579451.970,-1266052.110,176.430
-579460.420,-1266048.460,176.790
-579460.070,-1266048.610,176.830
-579459.710,-1266048.750,176.870
-579459.360,-1266048.900,176.925
-579459.000,-1266049.040,176.970
-579458.660,-1266049.180,177.020
-579458.310,-1266049.330,177.070
-579457.950,-1266049.480,177.090
-579457.590,-1266049.620,177.090
-579457.290,-1266049.740,177.080
-579456.940,-1266049.880,177.030
-579456.620,-1266050.010,176.985
-579456.280,-1266050.140,176.940
-579455.960,-1266050.270,176.900
-579455.660,-1266050.390,176.860
-579455.340,-1266050.520,176.820
-579455.020,-1266050.650,176.780
-579454.690,-1266050.780,176.725
-579454.370,-1266050.910,176.695
-579454.040,-1266051.040,176.660
-579453.720,-1266051.170,176.610
-579453.400,-1266051.300,176.570
-579453.080,-1266051.430,176.525
-579452.740,-1266051.570,176.480
-579452.430,-1266051.690,176.460
-579452.080,-1266051.830,176.440
-579453.520,-1266050.830,176.600
-579453.180,-1266050.970,176.550
-579452.840,-1266051.100,176.500
-579452.540,-1266051.230,176.470
-579452.200,-1266051.360,176.450
-579460.540,-1266047.990,176.760
-579460.200,-1266048.130,176.800
-579459.840,-1266048.280,176.850
-579459.490,-1266048.420,176.890
-579459.130,-1266048.570,176.940
-579458.790,-1266048.710,176.980
-579458.460,-1266048.850,177.025
-579458.090,-1266049.000,177.080
-579457.710,-1266049.150,177.090
-579457.410,-1266049.270,177.080
-579457.060,-1266049.410,177.070
-579456.730,-1266049.550,177.010
-579456.400,-1266049.680,176.970
-579456.070,-1266049.810,176.930
-579455.760,-1266049.940,176.880
-579455.450,-1266050.060,176.840
-579455.140,-1266050.180,176.810
-579454.800,-1266050.320,176.770
-579454.490,-1266050.440,176.720
-579454.150,-1266050.580,176.680
-579453.830,-1266050.710,176.630
-579460.300,-1266047.770,176.770
-579459.940,-1266047.920,176.830
-579459.590,-1266048.060,176.870
-579459.230,-1266048.210,176.920
-579458.890,-1266048.350,176.960
-579458.550,-1266048.490,177.010
-579458.180,-1266048.640,177.065
-579457.810,-1266048.790,177.080
-579457.480,-1266048.930,177.080
-579457.150,-1266049.060,177.080
-579456.820,-1266049.190,177.040
-579456.480,-1266049.330,176.980
-579456.170,-1266049.450,176.940
-579455.850,-1266049.580,176.915
-579455.540,-1266049.710,176.850
-579455.220,-1266049.830,176.810
-579454.890,-1266049.960,176.780
-579454.580,-1266050.090,176.730
-579454.230,-1266050.230,176.700
-579453.930,-1266050.350,176.650
-579453.610,-1266050.480,176.630
-579453.260,-1266050.620,176.570
-579452.950,-1266050.740,176.530
-579452.630,-1266050.870,176.490
-579452.280,-1266051.010,176.460
-579451.960,-1266051.140,176.440
-579460.430,-1266047.480,176.760
-579460.070,-1266047.630,176.800
-579459.740,-1266047.770,176.850
-579459.370,-1266047.920,176.910
-579459.030,-1266048.060,176.945
-579458.680,-1266048.200,176.990
-579458.320,-1266048.350,177.020
-579457.950,-1266048.500,177.080
-579457.610,-1266048.650,177.080
-579457.270,-1266048.780,177.080
-579456.940,-1266048.910,177.050
-579456.610,-1266049.040,177.000
-579456.280,-1266049.170,176.960
-579455.970,-1266049.300,176.930
-579455.660,-1266049.430,176.880
-579455.340,-1266049.550,176.830
-579455.010,-1266049.680,176.795
-579454.700,-1266049.810,176.745
-579454.360,-1266049.950,176.720
-579454.050,-1266050.070,176.660
-579453.730,-1266050.200,176.630
-579453.400,-1266050.330,176.590
-579453.050,-1266050.470,176.540
-579452.760,-1266050.580,176.500
-579452.410,-1266050.730,176.470
-579452.070,-1266050.860,176.450
-579460.570,-1266047.110,176.745
-579460.200,-1266047.270,176.775
-579459.860,-1266047.400,176.830
-579459.510,-1266047.550,176.870
-579459.150,-1266047.700,176.930
-579458.820,-1266047.830,176.950
-579458.440,-1266047.990,177.010
-579458.100,-1266048.130,177.050
-579457.720,-1266048.290,177.080
-579457.390,-1266048.420,177.090
-579457.060,-1266048.550,177.070
-579456.710,-1266048.690,177.030
-579456.400,-1266048.810,176.980
-579456.080,-1266048.940,176.940
-579455.760,-1266049.070,176.900
-579455.470,-1266049.180,176.870
-579455.130,-1266049.320,176.820
-579454.810,-1266049.450,176.770
-579454.480,-1266049.580,176.730
-579454.160,-1266049.710,176.685
-579453.850,-1266049.840,176.650
-579453.500,-1266049.980,176.610
-579453.170,-1266050.110,176.570
-579452.860,-1266050.240,176.515
-579452.520,-1266050.370,176.470
-579452.190,-1266050.500,176.460
-579451.830,-1266050.650,176.430
-579460.350,-1266046.850,176.760
-579460.010,-1266046.990,176.800
-579459.640,-1266047.140,176.840
-579459.310,-1266047.270,176.880
-579458.970,-1266047.410,176.940
-579458.590,-1266047.570,176.975
-579458.250,-1266047.710,177.035
-579457.890,-1266047.860,177.070
-579457.510,-1266048.020,177.080
-579457.190,-1266048.140,177.080
-579456.850,-1266048.280,177.050
-579456.540,-1266048.400,177.015
-579456.220,-1266048.530,176.960
-579455.910,-1266048.660,176.930
-579455.590,-1266048.780,176.890
-579455.250,-1266048.920,176.840
-579454.950,-1266049.040,176.800
-579454.600,-1266049.180,176.750
-579454.290,-1266049.300,176.720
-579453.990,-1266049.420,176.675
-579453.640,-1266049.560,176.630
-579453.310,-1266049.700,176.590
-579452.990,-1266049.830,176.550
-579452.660,-1266049.960,176.490
-579452.320,-1266050.090,176.470
-579451.980,-1266050.230,176.450
-579451.680,-1266050.350,176.420
-579460.490,-1266046.480,176.730
-579460.170,-1266046.610,176.770
-579459.790,-1266046.760,176.810
-579459.450,-1266046.900,176.860
-579459.110,-1266047.050,176.920
-579458.750,-1266047.190,176.950
-579458.380,-1266047.340,177.005
-579458.040,-1266047.480,177.050
-579457.680,-1266047.630,177.080
-579457.320,-1266047.780,177.080
-579456.980,-1266047.920,177.060
-579456.660,-1266048.040,177.040
-579456.350,-1266048.170,176.990
-579456.040,-1266048.290,176.955
-579455.730,-1266048.420,176.920
-579455.390,-1266048.550,176.880
-579455.070,-1266048.680,176.830
-579454.740,-1266048.820,176.770
-579454.440,-1266048.940,176.750
-579454.100,-1266049.070,176.695
-579453.780,-1266049.200,176.660
-579453.450,-1266049.330,176.610
-579453.120,-1266049.470,176.565
-579452.800,-1266049.590,176.530
-579452.450,-1266049.730,176.480
-579452.120,-1266049.860,176.455
-579451.800,-1266049.990,176.430
-579447.610,-1266020.570,176.480
-579448.540,-1266020.580,176.550
-579448.210,-1266020.720,176.525
-579447.900,-1266020.840,176.510
-579447.660,-1266020.930,176.500
-579449.590,-1266020.490,176.660
-579449.270,-1266020.620,176.640
-579448.960,-1266020.740,176.585
-579448.640,-1266020.870,176.560
-579448.290,-1266021.010,176.520
-579447.980,-1266021.140,176.505
-579451.040,-1266020.390,176.850
-579450.720,-1266020.520,176.830
-579450.380,-1266020.650,176.760
-579450.030,-1266020.800,176.710
-579449.700,-1266020.930,176.675
-579449.360,-1266021.060,176.640
-579449.050,-1266021.190,176.590
-579448.740,-1266021.320,176.560
-579448.420,-1266021.450,176.540
-579451.790,-1266020.390,176.940
-579451.470,-1266020.520,176.905
-579451.130,-1266020.660,176.860
-579450.780,-1266020.800,176.830
-579450.480,-1266020.930,176.770
-579450.130,-1266021.070,176.730
-579449.780,-1266021.210,176.690
-579449.450,-1266021.340,176.650
-579452.510,-1266020.410,177.040
-579452.210,-1266020.530,177.000
-579451.850,-1266020.680,176.950
-579451.540,-1266020.810,176.910
-579451.230,-1266020.930,176.870
-579450.880,-1266021.070,176.840
-579450.550,-1266021.210,176.770
-579450.210,-1266021.340,176.730
-579453.630,-1266020.300,177.080
-579453.270,-1266020.450,177.080
-579452.980,-1266020.570,177.080
-579452.650,-1266020.700,177.050
-579452.300,-1266020.840,177.005
-579451.980,-1266020.970,176.960
-579451.650,-1266021.110,176.920
-579451.330,-1266021.230,176.870
-579454.460,-1266020.330,176.960
-579454.080,-1266020.490,177.040
-579453.720,-1266020.640,177.080
-579453.360,-1266020.790,177.080
-579453.040,-1266020.920,177.070
-579452.740,-1266021.040,177.050
-579452.410,-1266021.170,177.005
-579456.060,-1266020.140,176.770
-579455.730,-1266020.280,176.805
-579455.340,-1266020.440,176.855
-579454.980,-1266020.590,176.900
-579454.630,-1266020.730,176.945
-579454.260,-1266020.890,177.030
-579453.870,-1266021.050,177.060
-579453.510,-1266021.200,177.075
-579456.460,-1266020.110,176.720
-579456.090,-1266020.270,176.770
-579455.740,-1266020.410,176.810
-579455.390,-1266020.560,176.860
-579455.020,-1266020.710,176.895
-579454.660,-1266020.860,176.950
-579454.290,-1266021.010,177.030
-579453.930,-1266021.160,177.060
-579458.010,-1266020.060,176.550
-579457.660,-1266020.200,176.570
-579457.330,-1266020.340,176.620
-579456.980,-1266020.480,176.660
-579456.590,-1266020.640,176.715
-579456.250,-1266020.780,176.760
-579455.870,-1266020.940,176.800
-579455.530,-1266021.080,176.845
-579458.410,-1266020.070,176.530
-579458.030,-1266020.230,176.550
-579457.690,-1266020.360,176.570
-579457.330,-1266020.520,176.630
-579457.000,-1266020.650,176.650
-579456.640,-1266020.800,176.700
-579456.280,-1266020.950,176.760
-579458.580,-1266020.620,176.510
-579458.210,-1266020.780,176.550
-579457.830,-1266020.930,176.570
-579458.590,-1266020.570,176.510
-579458.200,-1266020.730,176.550
-579457.840,-1266020.880,176.570
-579448.080,-1266018.950,176.525
-579447.730,-1266019.090,176.490
-579448.840,-1266019.030,176.615
-579448.520,-1266019.160,176.560
-579448.200,-1266019.290,176.530
-579447.860,-1266019.430,176.500
-579449.850,-1266018.630,176.760
-579450.900,-1266018.540,176.900
-579450.560,-1266018.680,176.830
-579449.940,-1266018.930,176.730
-579449.620,-1266019.060,176.700
-579449.290,-1266019.190,176.650
-579448.960,-1266019.320,176.595
-579448.630,-1266019.460,176.560
-579448.310,-1266019.590,176.525
-579447.980,-1266019.720,176.510
-579453.020,-1266018.140,177.095
-579452.700,-1266018.270,177.085
-579452.010,-1266018.550,177.010
-579451.690,-1266018.680,176.970
-579451.350,-1266018.820,176.900
-579451.010,-1266018.960,176.860
-579450.650,-1266019.100,176.830
-579450.360,-1266019.220,176.790
-579450.030,-1266019.350,176.730
-579449.710,-1266019.480,176.700
-579449.410,-1266019.600,176.650
-579449.050,-1266019.750,176.610
-579448.730,-1266019.880,176.560
-579448.400,-1266020.010,176.530
-579448.060,-1266020.150,176.510
-579447.520,-1266020.360,176.470
-579453.450,-1266018.210,177.085
-579453.070,-1266018.370,177.060
-579452.740,-1266018.500,177.055
-579452.430,-1266018.630,177.040
-579452.090,-1266018.770,177.010
-579451.750,-1266018.910,176.960
-579451.440,-1266019.030,176.900
-579451.090,-1266019.170,176.865
-579450.760,-1266019.310,176.840
-579450.410,-1266019.450,176.775
-579450.080,-1266019.580,176.730
-579449.770,-1266019.710,176.700
-579449.460,-1266019.830,176.650
-579449.140,-1266019.960,176.620
-579448.790,-1266020.110,176.560
-579448.480,-1266020.230,176.530
-579448.130,-1266020.370,176.520
-579447.840,-1266020.490,176.500
-579454.920,-1266017.980,176.910
-579454.580,-1266018.120,176.930
-579454.240,-1266018.260,176.990
-579453.880,-1266018.410,177.020
-579453.520,-1266018.560,177.050
-579453.160,-1266018.710,177.050
-579452.820,-1266018.850,177.050
-579452.500,-1266018.970,177.040
-579452.170,-1266019.110,177.010
-579451.840,-1266019.240,176.965
-579451.480,-1266019.390,176.910
-579451.180,-1266019.510,176.885
-579450.830,-1266019.650,176.835
-579450.490,-1266019.790,176.790
-579450.150,-1266019.930,176.740
-579449.830,-1266020.050,176.700
-579449.520,-1266020.180,176.670
-579449.190,-1266020.320,176.620
-579448.880,-1266020.440,176.580
-579455.380,-1266018.120,176.840
-579455.010,-1266018.270,176.870
-579454.670,-1266018.420,176.910
-579454.320,-1266018.560,176.945
-579453.970,-1266018.710,177.020
-579453.630,-1266018.840,177.050
-579453.240,-1266019.010,177.060
-579452.920,-1266019.140,177.060
-579452.580,-1266019.280,177.040
-579452.260,-1266019.410,177.010
-579451.950,-1266019.530,176.960
-579451.590,-1266019.680,176.920
-579451.260,-1266019.810,176.890
-579450.940,-1266019.940,176.840
-579450.590,-1266020.080,176.785
-579450.250,-1266020.220,176.745
-579449.910,-1266020.360,176.695
-579455.770,-1266017.960,176.815
-579453.730,-1266019.290,177.040
-579453.370,-1266019.440,177.060
-579453.020,-1266019.590,177.070
-579452.700,-1266019.720,177.050
-579452.350,-1266019.860,177.020
-579452.040,-1266019.980,176.980
-579451.720,-1266020.110,176.940
-579451.370,-1266020.250,176.895
-579458.060,-1266017.500,176.560
-579457.670,-1266017.660,176.555
-579457.330,-1266017.800,176.570
-579456.970,-1266017.950,176.610
-579456.610,-1266018.100,176.670
-579456.230,-1266018.260,176.720
-579455.890,-1266018.400,176.750
-579455.510,-1266018.560,176.820
-579455.140,-1266018.710,176.840
-579454.760,-1266018.870,176.890
-579454.410,-1266019.010,176.940
-579454.070,-1266019.150,176.990
-579454.490,-1266019.290,176.940
-579454.150,-1266019.430,176.990
-579453.790,-1266019.580,177.040
-579453.450,-1266019.720,177.070
-579453.110,-1266019.860,177.080
-579452.760,-1266020.000,177.070
-579452.450,-1266020.130,177.040
-579452.100,-1266020.270,176.990
-579458.120,-1266017.790,176.540
-579457.770,-1266017.930,176.550
-579457.400,-1266018.090,176.570
-579457.060,-1266018.220,176.610
-579456.710,-1266018.370,176.670
-579456.330,-1266018.530,176.725
-579455.950,-1266018.680,176.750
-579455.610,-1266018.830,176.805
-579455.220,-1266018.990,176.850
-579454.860,-1266019.130,176.890
-579456.060,-1266018.950,176.735
-579455.680,-1266019.110,176.800
-579455.350,-1266019.240,176.840
-579454.950,-1266019.410,176.900
-579454.590,-1266019.560,176.940
-579454.220,-1266019.710,176.970
-579453.870,-1266019.860,177.045
-579453.520,-1266020.000,177.070
-579453.190,-1266020.140,177.075
-579452.860,-1266020.270,177.080
-579458.230,-1266018.050,176.530
-579457.860,-1266018.210,176.550
-579457.520,-1266018.350,176.570
-579457.130,-1266018.510,176.620
-579456.780,-1266018.650,176.660
-579456.440,-1266018.790,176.700
-579457.980,-1266018.500,176.545
-579457.600,-1266018.660,176.560
-579457.260,-1266018.800,176.610
-579456.880,-1266018.960,176.660
-579456.540,-1266019.100,176.690
-579456.200,-1266019.240,176.730
-579455.820,-1266019.390,176.780
-579455.440,-1266019.550,176.830
-579455.100,-1266019.690,176.880
-579454.730,-1266019.850,176.930
-579454.350,-1266020.000,176.965
-579453.980,-1266020.160,177.040
-579458.340,-1266018.350,176.530
-579458.420,-1266018.690,176.515
-579457.720,-1266018.980,176.560
-579457.340,-1266019.140,176.610
-579456.990,-1266019.290,176.650
-579456.620,-1266019.440,176.690
-579456.270,-1266019.580,176.735
-579455.940,-1266019.720,176.780
-579455.550,-1266019.880,176.830
-579455.180,-1266020.030,176.870
-579454.830,-1266020.180,176.930
-579458.580,-1266019.100,176.500
-579458.200,-1266019.250,176.530
-579457.860,-1266019.400,176.555
-579457.510,-1266019.540,176.580
-579457.130,-1266019.700,176.640
-579456.800,-1266019.840,176.680
-579456.410,-1266020.000,176.720
-579458.590,-1266019.230,176.495
-579458.220,-1266019.380,176.530
-579457.880,-1266019.530,176.560
-579457.520,-1266019.670,176.580
-579457.180,-1266019.810,176.640
-579456.810,-1266019.970,176.680
-579458.360,-1266019.910,176.530
