-579486.920,-1266143.070,177.430
-579487.110,-1266142.770,177.350
-579486.860,-1266143.660,177.450
-579487.050,-1266143.370,177.370
-579487.240,-1266143.110,177.320
-579487.040,-1266144.640,177.440
-579487.220,-1266144.370,177.365
-579487.420,-1266144.080,177.325
-579487.620,-1266143.800,177.290
-579487.820,-1266143.510,177.180
-579488.000,-1266143.240,177.160
-579488.190,-1266142.980,177.140
-579488.360,-1266142.720,177.100
-579487.140,-1266144.910,177.435
-579487.340,-1266144.620,177.370
-579487.530,-1266144.340,177.315
-579487.740,-1266144.050,177.280
-579487.920,-1266143.780,177.210
-579488.090,-1266143.520,177.160
-579488.280,-1266143.250,177.145
-579488.460,-1266143.000,177.095
-579487.220,-1266145.850,177.460
-579487.420,-1266145.550,177.390
-579487.620,-1266145.260,177.340
-579487.800,-1266145.000,177.290
-579487.980,-1266144.740,177.240
-579488.170,-1266144.470,177.180
-579488.350,-1266144.200,177.160
-579487.440,-1266142.820,177.270
-579487.010,-1266143.950,177.420
-579487.190,-1266143.690,177.370
-579487.390,-1266143.400,177.310
-579487.590,-1266143.110,177.230
-579487.790,-1266142.830,177.180
-579488.260,-1266146.130,177.210
-579488.470,-1266145.830,177.160
-579488.650,-1266145.570,177.120
-579487.090,-1266145.540,177.465
-579487.290,-1266145.240,177.420
-579487.490,-1266144.960,177.350
-579487.680,-1266144.670,177.290
-579487.870,-1266144.400,177.240
-579488.050,-1266144.140,177.200
-579488.230,-1266143.890,177.160
-579488.420,-1266143.610,177.135
-579487.490,-1266146.240,177.420
-579487.680,-1266145.980,177.330
-579487.850,-1266145.730,177.245
-579488.040,-1266145.460,177.240
-579488.220,-1266145.190,177.195
-579488.400,-1266144.930,177.165
-579487.810,-1266146.300,177.310
-579487.980,-1266146.070,177.235
-579488.170,-1266145.810,177.220
-579488.350,-1266145.540,177.175
-579488.550,-1266145.250,177.130
-579488.720,-1266145.000,177.120
-579488.810,-1266145.910,177.120
-579487.030,-1266146.120,177.525
-579486.910,-1266145.800,177.530
-579486.960,-1266145.180,177.485
-579486.680,-1266140.000,177.370
-579486.880,-1266139.720,177.310
-579487.070,-1266139.450,177.230
-579487.260,-1266139.160,177.180
-579487.450,-1266138.890,177.160
-579487.650,-1266138.610,177.120
-579486.800,-1266140.300,177.350
-579487.010,-1266140.010,177.300
-579487.190,-1266139.730,177.190
-579487.380,-1266139.460,177.175
-579487.580,-1266139.170,177.160
-579486.700,-1266141.210,177.375
-579486.880,-1266140.950,177.330
-579487.080,-1266140.660,177.295
-579487.460,-1266140.110,177.170
-579487.660,-1266139.820,177.120
-579487.850,-1266139.550,177.085
-579487.100,-1266142.140,177.310
-579487.280,-1266141.880,177.260
-579487.480,-1266141.590,177.190
-579487.670,-1266141.310,177.175
-579487.870,-1266141.020,177.140
-579488.040,-1266140.760,177.080
-579487.500,-1266142.230,177.190
-579487.690,-1266141.930,177.180
-579487.890,-1266141.650,177.140
-579488.070,-1266141.390,177.080
-579486.720,-1266137.700,177.270
-579486.900,-1266137.440,177.190
-579486.560,-1266138.590,177.320
-579486.750,-1266138.320,177.290
-579486.940,-1266138.060,177.200
-579487.130,-1266137.780,177.170
-579486.590,-1266139.170,177.320
-579486.780,-1266138.890,177.290
-579486.960,-1266138.640,177.190
-579487.150,-1266138.350,177.175
-579487.360,-1266138.060,177.150
-579487.530,-1266137.800,177.095
-579486.700,-1266139.410,177.315
-579486.880,-1266139.150,177.305
-579487.080,-1266138.870,177.225
-579487.270,-1266138.580,177.175
-579487.450,-1266138.310,177.150
-579487.650,-1266138.040,177.090
-579486.790,-1266141.520,177.370
-579486.990,-1266141.220,177.305
-579487.190,-1266140.930,177.270
-579487.370,-1266140.670,177.190
-579487.560,-1266140.380,177.170
-579487.760,-1266140.100,177.120
-579487.960,-1266139.820,177.085
-579486.770,-1266142.120,177.390
-579486.980,-1266141.830,177.320
-579487.170,-1266141.540,177.290
-579487.350,-1266141.280,177.190
-579487.550,-1266140.990,177.170
-579487.740,-1266140.710,177.120
-579487.950,-1266140.420,177.080
-579486.900,-1266142.430,177.400
-579487.630,-1266142.540,177.180
-579487.830,-1266142.250,177.165
-579488.010,-1266141.990,177.130
-579488.180,-1266141.730,177.090
-579487.960,-1266142.560,177.140
-579488.150,-1266142.300,177.100
-579488.330,-1266142.040,177.080
-579486.210,-1266131.050,177.160
-579486.360,-1266131.310,177.150
-579486.520,-1266131.060,177.145
-579486.320,-1266131.830,177.170
-579486.510,-1266131.580,177.140
-579486.340,-1266132.460,177.165
-579486.530,-1266132.200,177.150
-579486.340,-1266133.010,177.180
-579486.520,-1266132.760,177.150
-579486.460,-1266133.280,177.175
-579486.650,-1266133.000,177.140
-579486.480,-1266133.830,177.180
-579486.680,-1266133.550,177.150
-579486.870,-1266133.290,177.140
-579486.490,-1266134.390,177.200
-579486.690,-1266134.110,177.160
-579486.870,-1266133.850,177.140
-579486.520,-1266134.950,177.190
-579486.720,-1266134.670,177.160
-579486.900,-1266134.390,177.150
-579486.610,-1266135.140,177.180
-579486.790,-1266134.880,177.160
-579486.970,-1266134.610,177.140
-579486.450,-1266136.020,177.260
-579486.650,-1266135.730,177.240
-579486.830,-1266135.470,177.160
-579486.630,-1266136.870,177.250
-579486.800,-1266136.610,177.170
-579486.990,-1266136.340,177.170
-579487.190,-1266136.050,177.160
-579486.610,-1266136.280,177.250
-579486.780,-1266136.010,177.170
-579486.960,-1266135.760,177.160
-579486.540,-1266137.400,177.280
-579486.730,-1266137.140,177.245
-579486.910,-1266136.880,177.185
-579487.110,-1266136.590,177.160
-579487.310,-1266136.310,177.150
-579487.090,-1266137.150,177.170
-579487.300,-1266136.860,177.155
-579487.510,-1266137.230,177.130
-579486.140,-1266128.470,177.110
-579486.120,-1266129.030,177.140
-579486.200,-1266129.870,177.155
-579486.230,-1266130.510,177.165
-579486.410,-1266130.760,177.150
-579486.860,-1266146.350,177.540
-579486.530,-1266146.350,177.640
-579486.720,-1266146.090,177.625
-579486.020,-1266146.530,177.760
-579486.200,-1266146.280,177.730
-579486.390,-1266146.020,177.720
-579486.570,-1266145.750,177.640
-579486.760,-1266145.470,177.570
-579486.090,-1266146.020,177.735
-579486.280,-1266145.740,177.700
-579486.470,-1266145.480,177.635
-579486.650,-1266145.200,177.540
-579486.850,-1266144.920,177.510
-579485.490,-1266146.170,177.920
-579485.670,-1266145.900,177.820
-579485.880,-1266145.600,177.765
-579486.050,-1266145.350,177.730
-579486.250,-1266145.060,177.650
-579486.440,-1266144.780,177.600
-579486.610,-1266144.530,177.540
-579486.810,-1266144.240,177.470
-579484.610,-1266146.910,178.200
-579484.800,-1266146.630,178.130
-579484.990,-1266146.380,178.030
-579485.170,-1266146.110,178.005
-579485.350,-1266145.850,177.950
-579485.540,-1266145.580,177.850
-579485.720,-1266145.320,177.815
-579485.920,-1266145.030,177.740
-579486.100,-1266144.760,177.685
-579486.290,-1266144.480,177.615
-579486.480,-1266144.210,177.560
-579486.660,-1266143.940,177.490
-579484.460,-1266146.650,178.225
-579484.660,-1266146.360,178.140
-579484.850,-1266146.070,178.065
-579485.050,-1266145.790,178.010
-579485.230,-1266145.530,177.940
-579485.420,-1266145.250,177.865
-579485.590,-1266145.000,177.840
-579485.780,-1266144.720,177.770
-579485.980,-1266144.430,177.710
-579486.160,-1266144.170,177.660
-579486.350,-1266143.890,177.580
-579486.540,-1266143.620,177.520
-579486.720,-1266143.350,177.475
-579484.260,-1266146.270,178.235
-579484.430,-1266146.020,178.215
-579484.630,-1266145.730,178.135
-579484.830,-1266145.430,178.050
-579485.030,-1266145.150,177.980
-579485.210,-1266144.890,177.930
-579485.400,-1266144.620,177.860
-579485.580,-1266144.360,177.800
-579485.760,-1266144.090,177.765
-579485.960,-1266143.790,177.680
-579486.140,-1266143.540,177.630
-579486.330,-1266143.250,177.570
-579486.520,-1266142.980,177.500
-579483.380,-1266147.030,178.610
-579483.750,-1266146.520,178.420
-579483.930,-1266146.250,178.325
-579484.130,-1266145.960,178.230
-579484.330,-1266145.680,178.170
-579484.510,-1266145.410,178.130
-579484.710,-1266145.120,178.050
-579484.900,-1266144.840,177.990
-579485.100,-1266144.550,177.950
-579485.290,-1266144.290,177.860
-579485.470,-1266144.020,177.805
-579485.650,-1266143.750,177.770
-579485.830,-1266143.490,177.690
-579486.030,-1266143.200,177.620
-579486.210,-1266142.930,177.590
-579485.300,-1266143.670,177.860
-579485.480,-1266143.400,177.780
-579485.660,-1266143.140,177.745
-579485.850,-1266142.880,177.690
-579482.840,-1266147.230,178.685
-579483.020,-1266146.960,178.620
-579483.200,-1266146.720,178.590
-579483.390,-1266146.460,178.510
-579483.590,-1266146.160,178.430
-579483.760,-1266145.910,178.330
-579483.950,-1266145.640,178.315
-579484.150,-1266145.350,178.230
-579484.340,-1266145.070,178.150
-579484.520,-1266144.800,178.095
-579484.730,-1266144.510,178.050
-579484.920,-1266144.230,177.980
-579485.120,-1266143.940,177.900
-579484.810,-1266143.960,177.980
-579485.010,-1266143.670,177.900
-579485.210,-1266143.380,177.860
-579485.390,-1266143.120,177.780
-579485.570,-1266142.850,177.750
-579482.560,-1266147.210,178.750
-579482.740,-1266146.950,178.655
-579482.910,-1266146.720,178.625
-579483.090,-1266146.460,178.565
-579483.290,-1266146.160,178.485
-579483.480,-1266145.900,178.440
-579483.670,-1266145.620,178.330
-579483.860,-1266145.340,178.315
-579484.040,-1266145.080,178.230
-579484.230,-1266144.800,178.160
-579484.440,-1266144.500,178.095
-579484.620,-1266144.240,178.050
-579483.960,-1266144.420,178.245
-579484.160,-1266144.140,178.160
-579484.350,-1266143.860,178.100
-579484.540,-1266143.580,178.060
-579484.740,-1266143.290,177.990
-579484.930,-1266143.020,177.900
-579482.650,-1266146.330,178.640
-579482.840,-1266146.060,178.585
-579483.020,-1266145.790,178.545
-579483.210,-1266145.510,178.480
-579483.400,-1266145.240,178.450
-579483.600,-1266144.960,178.360
-579483.780,-1266144.700,178.290
-579483.470,-1266144.670,178.375
-579483.660,-1266144.400,178.330
-579483.840,-1266144.130,178.260
-579484.030,-1266143.850,178.190
-579484.220,-1266143.580,178.160
-579484.420,-1266143.280,178.070
-579484.610,-1266143.020,177.990
-579481.770,-1266147.120,179.040
-579482.540,-1266146.030,178.640
-579482.720,-1266145.760,178.595
-579482.900,-1266145.490,178.550
-579483.080,-1266145.230,178.530
-579483.280,-1266144.940,178.450
-579482.160,-1266145.990,178.755
-579482.360,-1266145.710,178.680
-579482.540,-1266145.450,178.645
-579482.730,-1266145.170,178.590
-579482.910,-1266144.910,178.540
-579483.090,-1266144.650,178.500
-579483.290,-1266144.360,178.450
-579483.470,-1266144.090,178.370
-579483.660,-1266143.810,178.280
-579483.850,-1266143.540,178.250
-579484.030,-1266143.280,178.170
-579484.230,-1266143.000,178.090
-579481.660,-1266146.320,178.995
-579481.840,-1266146.060,178.910
-579482.040,-1266145.760,178.780
-579482.240,-1266145.480,178.690
-579482.430,-1266145.200,178.660
-579482.620,-1266144.920,178.590
-579482.800,-1266144.660,178.545
-579482.980,-1266144.400,178.480
-579483.170,-1266144.130,178.450
-579483.370,-1266143.840,178.360
-579483.550,-1266143.580,178.295
-579483.750,-1266143.290,178.245
-579483.930,-1266143.020,178.160
-579481.640,-1266145.730,178.930
-579481.820,-1266145.470,178.860
-579482.020,-1266145.180,178.775
-579482.220,-1266144.890,178.700
-579482.410,-1266144.610,178.660
-579482.590,-1266144.350,178.590
-579482.780,-1266144.080,178.550
-579482.960,-1266143.810,178.475
-579483.150,-1266143.550,178.430
-579483.340,-1266143.260,178.370
-579483.530,-1266143.000,178.290
-579481.600,-1266145.110,178.880
-579481.780,-1266144.840,178.855
-579481.980,-1266144.550,178.770
-579482.180,-1266144.270,178.690
-579482.370,-1266143.990,178.660
-579482.560,-1266143.720,178.570
-579482.740,-1266143.450,178.540
-579482.920,-1266143.190,178.465
-579481.610,-1266144.550,178.870
-579481.800,-1266144.280,178.810
-579482.000,-1266143.990,178.770
-579482.190,-1266143.710,178.670
-579482.390,-1266143.430,178.620
-579482.570,-1266143.160,178.570
-579481.690,-1266144.020,178.820
-579481.870,-1266143.750,178.775
-579482.070,-1266143.470,178.690
-579482.260,-1266143.180,178.620
-579481.470,-1266143.710,178.870
-579481.670,-1266143.430,178.805
-579481.850,-1266143.150,178.760
-579481.510,-1266143.160,178.860
-579481.200,-1266147.370,179.155
-579481.390,-1266147.110,179.125
-579481.590,-1266146.830,179.085
-579480.720,-1266147.660,179.310
-579480.920,-1266147.380,179.235
-579481.080,-1266147.150,179.150
-579481.270,-1266146.890,179.120
-579481.460,-1266146.600,179.075
-579480.310,-1266147.650,179.280
-579480.510,-1266147.350,179.250
-579480.880,-1266146.830,179.180
-579481.060,-1266146.570,179.130
-579481.240,-1266146.310,179.085
-579481.440,-1266146.020,179.030
-579479.880,-1266147.600,179.180
-579480.070,-1266147.330,179.220
-579480.260,-1266147.040,179.230
-579480.460,-1266146.760,179.180
-579480.640,-1266146.500,179.160
-579480.830,-1266146.220,179.130
-579481.020,-1266145.950,179.115
-579481.200,-1266145.680,179.040
-579481.400,-1266145.400,178.955
-579479.520,-1266147.610,179.140
-579479.700,-1266147.360,179.160
-579479.890,-1266147.070,179.190
-579480.080,-1266146.780,179.170
-579480.280,-1266146.480,179.180
-579480.470,-1266146.200,179.160
-579480.650,-1266145.940,179.155
-579480.850,-1266145.650,179.120
-579481.030,-1266145.390,179.060
-579481.220,-1266145.120,179.030
-579481.420,-1266144.830,178.945
-579479.180,-1266147.700,179.060
-579479.380,-1266147.420,179.120
-579479.580,-1266147.120,179.150
-579479.770,-1266146.820,179.190
-579479.970,-1266146.530,179.170
-579480.160,-1266146.240,179.180
-579480.350,-1266145.950,179.160
-579480.550,-1266145.670,179.150
-579480.730,-1266145.410,179.125
-579480.920,-1266145.120,179.060
-579481.110,-1266144.850,179.040
-579481.290,-1266144.590,178.955
-579481.490,-1266144.310,178.870
-579480.320,-1266145.370,179.160
-579480.530,-1266145.080,179.150
-579480.710,-1266144.810,179.120
-579480.900,-1266144.530,179.060
-579481.090,-1266144.260,178.980
-579481.280,-1266143.990,178.945
-579478.560,-1266148.020,178.850
-579478.770,-1266147.700,178.940
-579479.150,-1266147.150,179.050
-579479.360,-1266146.820,179.095
-579479.570,-1266146.510,179.130
-579479.760,-1266146.220,179.150
-579479.950,-1266145.930,179.150
-579480.150,-1266145.610,179.155
-579478.200,-1266148.070,178.740
-579478.390,-1266147.770,178.750
-579478.590,-1266147.510,178.840
-579479.190,-1266146.590,179.045
-579479.410,-1266146.260,179.070
-579479.610,-1266145.960,179.120
-579479.800,-1266145.660,179.150
-579480.000,-1266145.360,179.160
-579480.190,-1266145.070,179.160
-579480.570,-1266144.520,179.145
-579480.750,-1266144.270,179.070
-579480.950,-1266143.970,179.030
-579481.130,-1266143.710,178.960
-579481.310,-1266143.460,178.910
-579477.760,-1266148.070,178.645
-579477.970,-1266147.740,178.670
-579478.150,-1266147.500,178.695
-579478.950,-1266146.280,178.970
-579479.160,-1266145.970,179.010
-579479.370,-1266145.650,179.060
-579479.570,-1266145.330,179.140
-579479.770,-1266145.040,179.160
-579479.970,-1266144.730,179.170
-579480.140,-1266144.480,179.170
-579480.330,-1266144.210,179.160
-579480.530,-1266143.920,179.150
-579480.710,-1266143.660,179.060
-579480.910,-1266143.380,179.005
-579481.090,-1266143.110,178.950
-579477.480,-1266148.170,178.585
-579477.680,-1266147.860,178.625
-579477.860,-1266147.610,178.670
-579478.070,-1266147.290,178.680
-579478.260,-1266147.010,178.715
-579478.660,-1266146.390,178.875
-579478.870,-1266146.080,178.965
-579479.060,-1266145.780,178.980
-579479.270,-1266145.470,179.060
-579479.480,-1266145.160,179.130
-579479.680,-1266144.840,179.160
-579479.880,-1266144.540,179.170
-579480.070,-1266144.250,179.160
-579480.250,-1266144.000,179.165
-579480.430,-1266143.730,179.165
-579480.640,-1266143.440,179.060
-579480.810,-1266143.180,179.025
-579477.060,-1266148.190,178.470
-579477.250,-1266147.900,178.500
-579477.440,-1266147.640,178.565
-579477.650,-1266147.330,178.620
-579477.830,-1266147.040,178.620
-579478.050,-1266146.720,178.635
-579478.240,-1266146.420,178.720
-579478.430,-1266146.140,178.775
-579478.640,-1266145.810,178.870
-579478.850,-1266145.500,178.930
-579479.040,-1266145.220,178.985
-579479.250,-1266144.900,179.060
-579479.460,-1266144.570,179.130
-579479.660,-1266144.270,179.170
-579479.860,-1266143.970,179.170
-579480.040,-1266143.700,179.170
-579480.220,-1266143.440,179.170
-579480.410,-1266143.170,179.150
-579476.680,-1266148.200,178.345
-579476.870,-1266147.920,178.385
-579477.040,-1266147.670,178.460
-579477.240,-1266147.370,178.500
-579477.430,-1266147.080,178.530
-579477.640,-1266146.770,178.560
-579477.830,-1266146.470,178.605
-579478.040,-1266146.150,178.680
-579478.230,-1266145.870,178.750
-579478.640,-1266145.250,178.890
-579478.840,-1266144.940,178.960
-579479.040,-1266144.650,179.020
-579479.250,-1266144.330,179.110
-579479.450,-1266144.020,179.145
-579479.660,-1266143.690,179.170
-579479.860,-1266143.390,179.170
-579480.030,-1266143.150,179.170
-579479.210,-1266143.760,179.085
-579479.420,-1266143.440,179.155
-579479.630,-1266143.130,179.170
-579476.230,-1266148.260,178.230
-579476.430,-1266147.960,178.255
-579476.630,-1266147.680,178.340
-579476.830,-1266147.380,178.380
-579477.010,-1266147.100,178.385
-579477.210,-1266146.800,178.460
-579477.410,-1266146.500,178.510
-579477.610,-1266146.190,178.560
-579477.800,-1266145.900,178.635
-579478.010,-1266145.580,178.705
-579478.200,-1266145.290,178.760
-579478.400,-1266145.000,178.825
-579478.610,-1266144.680,178.890
-579478.810,-1266144.370,178.970
-579479.010,-1266144.070,179.030
-579475.890,-1266148.350,178.160
-579476.090,-1266148.050,178.200
-579476.280,-1266147.780,178.250
-579476.490,-1266147.460,178.330
-579476.700,-1266147.150,178.335
-579476.890,-1266146.860,178.380
-579477.090,-1266146.560,178.440
-579477.280,-1266146.260,178.490
-579477.470,-1266145.980,178.540
-579477.680,-1266145.650,178.620
-579477.880,-1266145.360,178.695
-579478.080,-1266145.050,178.765
-579478.280,-1266144.750,178.805
-579478.470,-1266144.460,178.880
-579478.680,-1266144.140,178.955
-579478.890,-1266143.830,179.025
-579479.080,-1266143.540,179.065
-579479.280,-1266143.230,179.140
-579475.480,-1266148.410,178.020
-579475.690,-1266148.090,178.090
-579476.080,-1266147.520,178.200
-579476.290,-1266147.210,178.210
-579476.500,-1266146.890,178.255
-579476.710,-1266146.570,178.340
-579476.900,-1266146.280,178.380
-579477.100,-1266145.980,178.460
-579477.290,-1266145.690,178.530
-579477.480,-1266145.400,178.570
-579477.690,-1266145.090,178.620
-579477.880,-1266144.790,178.710
-579478.090,-1266144.470,178.775
-579478.280,-1266144.190,178.825
-579478.480,-1266143.890,178.900
-579478.690,-1266143.570,178.970
-579478.890,-1266143.270,179.020
-579475.080,-1266148.350,177.890
-579475.260,-1266148.080,177.960
-579475.450,-1266147.820,178.030
-579475.660,-1266147.490,178.090
-579475.870,-1266147.180,178.110
-579476.060,-1266146.890,178.135
-579476.280,-1266146.570,178.220
-579476.480,-1266146.260,178.280
-579476.690,-1266145.940,178.350
-579476.880,-1266145.640,178.420
-579477.080,-1266145.350,178.490
-579477.270,-1266145.060,178.530
-579477.460,-1266144.770,178.580
-579477.670,-1266144.440,178.650
-579477.860,-1266144.160,178.730
-579478.070,-1266143.840,178.790
-579478.270,-1266143.550,178.880
-579478.460,-1266143.250,178.910
-579474.710,-1266148.410,177.805
-579474.900,-1266148.140,177.830
-579475.290,-1266147.550,177.970
-579475.490,-1266147.260,178.020
-579475.700,-1266146.940,178.035
-579475.900,-1266146.630,178.110
-579476.100,-1266146.330,178.150
-579476.310,-1266146.020,178.230
-579476.520,-1266145.700,178.330
-579476.730,-1266145.380,178.390
-579476.920,-1266145.090,178.460
-579477.110,-1266144.800,178.510
-579477.310,-1266144.500,178.550
-579477.500,-1266144.220,178.620
-579477.710,-1266143.890,178.700
-579477.900,-1266143.600,178.735
-579478.100,-1266143.290,178.805
-579474.180,-1266148.750,177.730
-579474.370,-1266148.450,177.730
-579474.560,-1266148.180,177.775
-579474.760,-1266147.890,177.830
-579474.960,-1266147.590,177.890
-579475.160,-1266147.270,177.935
-579475.350,-1266146.990,177.970
-579475.550,-1266146.690,178.025
-579475.760,-1266146.380,178.095
-579475.970,-1266146.060,178.130
-579476.160,-1266145.770,178.210
-579476.370,-1266145.450,178.285
-579476.580,-1266145.130,178.370
-579476.790,-1266144.820,178.440
-579476.990,-1266144.520,178.490
-579477.180,-1266144.230,178.550
-579477.370,-1266143.940,178.615
-579477.560,-1266143.640,178.690
-579477.770,-1266143.330,178.740
-579474.570,-1266147.650,177.790
-579474.970,-1266147.040,177.860
-579475.180,-1266146.720,177.940
-579475.370,-1266146.430,177.975
-579475.570,-1266146.130,178.045
-579475.780,-1266145.820,178.110
-579475.990,-1266145.500,178.180
-579476.180,-1266145.210,178.230
-579476.390,-1266144.880,178.310
-579476.600,-1266144.580,178.385
-579476.810,-1266144.260,178.470
-579477.000,-1266143.970,178.500
-579477.190,-1266143.670,178.570
-579477.380,-1266143.390,178.620
-579474.000,-1266148.480,177.620
-579474.180,-1266148.240,177.640
-579474.370,-1266147.950,177.710
-579473.570,-1266148.460,177.460
-579473.760,-1266148.180,177.530
-579473.950,-1266147.890,177.600
-579474.150,-1266147.600,177.625
-579474.350,-1266147.290,177.660
-579474.540,-1266147.010,177.705
-579474.750,-1266146.690,177.800
-579474.950,-1266146.390,177.870
-579475.150,-1266146.080,177.930
-579475.340,-1266145.790,177.970
-579475.540,-1266145.490,178.040
-579475.750,-1266145.170,178.110
-579475.960,-1266144.860,178.190
-579476.150,-1266144.560,178.235
-579476.360,-1266144.250,178.320
-579476.570,-1266143.930,178.395
-579476.770,-1266143.620,178.470
-579476.970,-1266143.320,178.530
-579472.970,-1266148.780,177.250
-579473.160,-1266148.490,177.360
-579473.360,-1266148.220,177.440
-579473.570,-1266147.900,177.490
-579473.770,-1266147.590,177.520
-579473.970,-1266147.290,177.550
-579474.160,-1266147.000,177.620
-579474.350,-1266146.710,177.685
-579474.560,-1266146.400,177.770
-579474.760,-1266146.090,177.825
-579474.950,-1266145.810,177.870
-579475.170,-1266145.480,177.955
-579475.360,-1266145.180,178.015
-579475.550,-1266144.900,178.050
-579475.770,-1266144.580,178.130
-579475.980,-1266144.250,178.210
-579476.170,-1266143.970,178.270
-579476.370,-1266143.650,178.350
-579476.590,-1266143.330,178.400
-579472.620,-1266148.920,177.185
-579472.850,-1266148.560,177.225
-579473.040,-1266148.290,177.350
-579473.240,-1266147.990,177.420
-579473.450,-1266147.670,177.450
-579473.660,-1266147.360,177.510
-579473.870,-1266147.040,177.545
-579474.070,-1266146.740,177.630
-579474.260,-1266146.450,177.680
-579474.460,-1266146.150,177.740
-579474.650,-1266145.860,177.790
-579474.860,-1266145.540,177.870
-579475.060,-1266145.240,177.935
-579475.260,-1266144.930,178.030
-579475.460,-1266144.640,178.080
-579475.650,-1266144.350,178.115
-579475.860,-1266144.030,178.200
-579476.070,-1266143.720,178.270
-579476.260,-1266143.420,178.330
-579474.090,-1266146.140,177.640
-579474.290,-1266145.850,177.725
-579474.480,-1266145.560,177.770
-579474.680,-1266145.260,177.850
-579474.890,-1266144.940,177.915
-579475.080,-1266144.650,177.965
-579475.290,-1266144.330,178.030
-579475.490,-1266144.030,178.110
-579475.680,-1266143.750,178.150
-579475.890,-1266143.420,178.240
-579472.260,-1266148.910,177.150
-579472.460,-1266148.620,177.170
-579472.660,-1266148.320,177.190
-579472.870,-1266148.000,177.300
-579473.080,-1266147.680,177.350
-579473.270,-1266147.390,177.400
-579473.480,-1266147.070,177.440
-579473.690,-1266146.750,177.510
-579473.900,-1266146.440,177.600
-579472.050,-1266148.620,177.110
-579472.270,-1266148.280,177.150
-579472.460,-1266147.990,177.170
-579472.650,-1266147.700,177.210
-579472.870,-1266147.370,177.300
-579473.080,-1266147.060,177.350
-579473.270,-1266146.760,177.410
-579473.480,-1266146.440,177.480
-579473.690,-1266146.130,177.555
-579473.900,-1266145.810,177.620
-579474.100,-1266145.520,177.680
-579474.290,-1266145.220,177.755
-579474.490,-1266144.930,177.800
-579474.680,-1266144.630,177.860
-579474.890,-1266144.320,177.930
-579475.080,-1266144.030,177.990
-579475.300,-1266143.700,178.050
-579475.480,-1266143.420,178.115
-579472.070,-1266148.000,177.110
-579472.280,-1266147.680,177.160
-579472.470,-1266147.390,177.180
-579472.670,-1266147.090,177.230
-579472.880,-1266146.770,177.300
-579473.090,-1266146.460,177.355
-579473.290,-1266146.160,177.410
-579473.500,-1266145.840,177.510
-579473.710,-1266145.530,177.590
-579473.920,-1266145.210,177.640
-579474.110,-1266144.910,177.700
-579474.300,-1266144.630,177.755
-579474.500,-1266144.330,177.810
-579474.700,-1266144.030,177.880
-579474.900,-1266143.720,177.940
-579475.100,-1266143.420,178.030
-579471.980,-1266147.780,177.100
-579472.170,-1266147.480,177.160
-579472.380,-1266147.160,177.180
-579472.580,-1266146.850,177.220
-579472.780,-1266146.560,177.300
-579472.980,-1266146.250,177.355
-579473.200,-1266145.930,177.430
-579473.390,-1266145.630,177.480
-579473.600,-1266145.320,177.545
-579473.810,-1266145.000,177.630
-579474.020,-1266144.680,177.680
-579474.210,-1266144.400,177.760
-579474.410,-1266144.090,177.810
-579474.600,-1266143.800,177.870
-579474.790,-1266143.510,177.930
-579471.970,-1266147.180,177.110
-579472.170,-1266146.880,177.170
-579472.380,-1266146.560,177.190
-579472.570,-1266146.280,177.250
-579472.770,-1266145.970,177.300
-579472.980,-1266145.660,177.370
-579473.390,-1266145.040,177.520
-579473.600,-1266144.720,177.580
-579473.800,-1266144.420,177.630
-579474.010,-1266144.090,177.705
-579474.210,-1266143.800,177.790
-579474.400,-1266143.510,177.830
-579471.770,-1266146.960,177.090
-579471.980,-1266146.630,177.130
-579472.180,-1266146.320,177.175
-579472.390,-1266146.010,177.215
-579472.590,-1266145.710,177.280
-579472.780,-1266145.410,177.340
-579472.990,-1266145.100,177.400
-579473.200,-1266144.790,177.465
-579473.400,-1266144.480,177.535
-579473.600,-1266144.180,177.600
-579473.820,-1266143.860,177.685
-579474.030,-1266143.530,177.740
-579471.800,-1266146.390,177.100
-579472.010,-1266146.070,177.175
-579472.200,-1266145.770,177.190
-579472.420,-1266145.450,177.240
-579472.610,-1266145.160,177.320
-579472.800,-1266144.870,177.355
-579473.020,-1266144.540,177.435
-579473.230,-1266144.230,177.530
-579473.420,-1266143.950,177.550
-579473.630,-1266143.620,177.630
-579472.850,-1266144.310,177.400
-579473.060,-1266143.990,177.450
-579473.270,-1266143.680,177.530
-579471.640,-1266146.130,177.090
-579471.840,-1266145.830,177.140
-579472.050,-1266145.520,177.180
-579472.250,-1266145.220,177.200
-579472.460,-1266144.890,177.270
-579472.650,-1266144.610,177.320
-579471.650,-1266145.590,177.110
-579472.070,-1266144.950,177.180
-579472.260,-1266144.670,177.240
-579472.480,-1266144.340,177.290
-579472.670,-1266144.050,177.360
-579472.860,-1266143.760,177.420
-579471.630,-1266144.940,177.110
-579471.830,-1266144.640,177.170
-579472.040,-1266144.320,177.190
-579472.230,-1266144.030,177.240
-579472.450,-1266143.710,177.330
-579471.520,-1266144.710,177.120
-579471.710,-1266144.410,177.170
-579471.910,-1266144.100,177.180
-579472.120,-1266143.790,177.230
-579472.310,-1266143.500,177.290
-579471.590,-1266144.160,177.140
-579471.790,-1266143.860,177.180
-579471.980,-1266143.570,177.200
-579471.390,-1266144.460,177.100
-579471.380,-1266143.860,177.110
-579471.580,-1266143.560,177.140
-579486.500,-1266140.260,177.385
-579486.620,-1266140.560,177.390
-579486.340,-1266137.700,177.340
-579486.330,-1266138.260,177.360
-579486.370,-1266138.870,177.365
-579486.400,-1266139.450,177.370
-579486.510,-1266139.680,177.370
-579486.700,-1266142.720,177.465
-579486.410,-1266142.650,177.490
-579486.590,-1266142.390,177.480
-579486.050,-1266142.580,177.605
-579486.230,-1266142.320,177.570
-579486.420,-1266142.040,177.490
-579486.610,-1266141.770,177.440
-579485.760,-1266142.580,177.690
-579485.930,-1266142.330,177.630
-579486.140,-1266142.030,177.585
-579486.320,-1266141.760,177.490
-579486.510,-1266141.490,177.450
-579485.130,-1266142.720,177.870
-579485.320,-1266142.460,177.790
-579485.490,-1266142.200,177.770
-579485.680,-1266141.930,177.700
-579485.860,-1266141.660,177.630
-579486.060,-1266141.380,177.580
-579486.240,-1266141.120,177.490
-579486.440,-1266140.820,177.460
-579484.800,-1266142.740,177.960
-579485.000,-1266142.450,177.880
-579485.200,-1266142.160,177.800
-579485.380,-1266141.900,177.770
-579485.560,-1266141.640,177.695
-579485.750,-1266141.360,177.640
-579485.930,-1266141.100,177.580
-579486.130,-1266140.820,177.520
-579486.310,-1266140.550,177.480
-579484.430,-1266142.710,178.060
-579484.610,-1266142.440,177.970
-579484.810,-1266142.160,177.915
-579485.010,-1266141.870,177.870
-579485.210,-1266141.580,177.790
-579485.380,-1266141.320,177.730
-579485.570,-1266141.050,177.690
-579485.750,-1266140.780,177.600
-579485.930,-1266140.520,177.580
-579486.130,-1266140.240,177.490
-579486.320,-1266139.970,177.440
-579484.110,-1266142.760,178.100
-579484.310,-1266142.470,178.080
-579484.510,-1266142.190,177.980
-579484.690,-1266141.930,177.910
-579484.890,-1266141.640,177.865
-579485.090,-1266141.350,177.790
-579485.280,-1266141.070,177.745
-579485.470,-1266140.800,177.685
-579485.650,-1266140.530,177.610
-579485.830,-1266140.270,177.560
-579486.020,-1266140.000,177.490
-579486.210,-1266139.720,177.460
-579483.720,-1266142.720,178.235
-579484.090,-1266142.180,178.095
-579484.280,-1266141.900,178.070
-579484.670,-1266141.340,177.910
-579484.860,-1266141.060,177.850
-579485.060,-1266140.770,177.790
-579485.260,-1266140.480,177.735
-579485.440,-1266140.220,177.675
-579485.620,-1266139.960,177.605
-579485.810,-1266139.690,177.565
-579485.990,-1266139.430,177.480
-579483.110,-1266142.920,178.410
-579483.300,-1266142.640,178.355
-579483.490,-1266142.370,178.280
-579483.680,-1266142.090,178.230
-579483.870,-1266141.820,178.160
-579484.050,-1266141.560,178.105
-579484.250,-1266141.270,178.060
-579484.450,-1266140.980,177.970
-579484.630,-1266140.720,177.885
-579484.830,-1266140.440,177.855
-579485.030,-1266140.150,177.775
-579485.220,-1266139.870,177.710
-579485.400,-1266139.600,177.665
-579485.590,-1266139.330,177.600
-579485.770,-1266139.070,177.550
-579485.950,-1266138.800,177.470
-579486.150,-1266138.510,177.450
-579485.780,-1266138.510,177.540
-579485.970,-1266138.240,177.460
-579486.170,-1266137.950,177.370
-579482.760,-1266142.890,178.510
-579482.930,-1266142.640,178.450
-579483.120,-1266142.360,178.360
-579483.320,-1266142.070,178.330
-579483.500,-1266141.820,178.270
-579483.700,-1266141.530,178.190
-579483.880,-1266141.260,178.150
-579484.060,-1266141.000,178.080
-579484.260,-1266140.710,178.040
-579484.460,-1266140.420,177.970
-579484.640,-1266140.170,177.880
-579484.840,-1266139.880,177.850
-579485.040,-1266139.590,177.765
-579485.230,-1266139.310,177.690
-579485.420,-1266139.040,177.640
-579485.600,-1266138.770,177.570
-579482.830,-1266142.370,178.450
-579483.020,-1266142.090,178.370
-579483.190,-1266141.840,178.360
-579483.390,-1266141.550,178.270
-579483.580,-1266141.280,178.235
-579483.770,-1266141.000,178.150
-579483.950,-1266140.740,178.070
-579484.140,-1266140.460,178.040
-579484.340,-1266140.180,177.970
-579484.530,-1266139.900,177.895
-579484.720,-1266139.630,177.850
-579484.920,-1266139.340,177.765
-579485.110,-1266139.060,177.705
-579485.310,-1266138.770,177.660
-579485.500,-1266138.500,177.570
-579485.680,-1266138.240,177.540
-579485.860,-1266137.970,177.465
-579486.050,-1266137.710,177.425
-579482.470,-1266142.890,178.560
-579482.650,-1266142.630,178.500
-579482.050,-1266142.870,178.670
-579482.250,-1266142.590,178.610
-579482.450,-1266142.300,178.560
-579482.630,-1266142.030,178.490
-579482.810,-1266141.770,178.440
-579483.000,-1266141.500,178.365
-579483.180,-1266141.240,178.320
-579483.370,-1266140.960,178.260
-579483.560,-1266140.690,178.170
-579483.940,-1266140.140,178.065
-579484.120,-1266139.870,178.000
-579484.320,-1266139.590,177.960
-579484.520,-1266139.300,177.865
-579484.700,-1266139.040,177.810
-579484.900,-1266138.750,177.760
-579485.090,-1266138.470,177.665
-579485.290,-1266138.190,177.630
-579485.480,-1266137.910,177.560
-579485.660,-1266137.650,177.535
-579481.710,-1266142.870,178.770
-579481.890,-1266142.620,178.710
-579482.090,-1266142.320,178.660
-579482.290,-1266142.030,178.560
-579482.480,-1266141.760,178.525
-579482.670,-1266141.490,178.450
-579482.860,-1266141.210,178.390
-579483.030,-1266140.960,178.350
-579483.220,-1266140.690,178.270
-579483.420,-1266140.400,178.240
-579483.600,-1266140.140,178.150
-579483.800,-1266139.860,178.070
-579483.990,-1266139.580,178.050
-579484.160,-1266139.330,177.980
-579484.360,-1266139.040,177.925
-579484.560,-1266138.750,177.850
-579484.740,-1266138.490,177.760
-579484.940,-1266138.200,177.710
-579485.140,-1266137.920,177.640
-579485.340,-1266137.630,177.595
-579481.470,-1266142.560,178.850
-579481.670,-1266142.270,178.755
-579481.850,-1266142.010,178.710
-579482.050,-1266141.730,178.650
-579482.250,-1266141.440,178.560
-579482.450,-1266141.150,178.500
-579482.630,-1266140.890,178.450
-579482.810,-1266140.620,178.380
-579483.000,-1266140.350,178.350
-579483.180,-1266140.090,178.270
-579483.370,-1266139.810,178.230
-579483.560,-1266139.540,178.160
-579483.760,-1266139.260,178.070
-579483.940,-1266139.000,178.050
-579484.130,-1266138.720,177.960
-579484.320,-1266138.440,177.910
-579484.510,-1266138.170,177.850
-579484.700,-1266137.890,177.750
-579481.580,-1266142.080,178.760
-579481.780,-1266141.790,178.705
-579481.960,-1266141.530,178.650
-579482.150,-1266141.250,178.560
-579482.360,-1266140.950,178.505
-579482.550,-1266140.670,178.450
-579482.730,-1266140.410,178.370
-579482.920,-1266140.140,178.350
-579483.100,-1266139.870,178.270
-579483.280,-1266139.610,178.240
-579483.490,-1266139.320,178.150
-579483.670,-1266139.060,178.070
-579483.860,-1266138.780,178.050
-579484.050,-1266138.510,177.960
-579484.230,-1266138.250,177.920
-579484.430,-1266137.960,177.840
-579484.630,-1266137.670,177.765
-579481.550,-1266141.520,178.760
-579481.750,-1266141.230,178.675
-579481.930,-1266140.970,178.630
-579482.130,-1266140.680,178.540
-579482.330,-1266140.390,178.460
-579482.530,-1266140.110,178.440
-579482.710,-1266139.850,178.360
-579482.890,-1266139.580,178.340
-579483.080,-1266139.320,178.260
-579483.260,-1266139.050,178.235
-579483.460,-1266138.770,178.150
-579483.640,-1266138.510,178.060
-579483.840,-1266138.220,178.035
-579484.200,-1266137.690,177.895
-579482.130,-1266140.130,178.540
-579482.320,-1266139.840,178.460
-579482.520,-1266139.560,178.440
-579482.700,-1266139.290,178.350
-579482.890,-1266139.020,178.320
-579483.070,-1266138.760,178.250
-579483.250,-1266138.500,178.200
-579483.450,-1266138.210,178.140
-579483.630,-1266137.950,178.050
-579481.350,-1266141.250,178.830
-579481.550,-1266140.960,178.730
-579481.740,-1266140.680,178.650
-579481.930,-1266140.410,178.570
-579481.310,-1266140.690,178.820
-579481.710,-1266140.120,178.640
-579481.890,-1266139.850,178.565
-579482.090,-1266139.570,178.540
-579482.290,-1266139.280,178.465
-579482.490,-1266138.990,178.420
-579482.670,-1266138.740,178.335
-579482.850,-1266138.470,178.310
-579483.040,-1266138.200,178.245
-579483.220,-1266137.940,178.180
-579481.580,-1266139.880,178.650
-579481.770,-1266139.600,178.615
-579481.960,-1266139.330,178.540
-579482.160,-1266139.040,178.490
-579482.350,-1266138.760,178.425
-579482.550,-1266138.480,178.345
-579482.740,-1266138.210,178.270
-579482.920,-1266137.950,178.240
-579481.390,-1266139.610,178.700
-579481.590,-1266139.320,178.645
-579481.780,-1266139.040,178.590
-579481.970,-1266138.770,178.530
-579482.170,-1266138.490,178.450
-579482.360,-1266138.210,178.420
-579482.560,-1266137.920,178.330
-579481.370,-1266138.980,178.720
-579481.560,-1266138.700,178.640
-579481.760,-1266138.410,178.565
-579481.950,-1266138.150,178.510
-579481.400,-1266138.450,178.655
-579481.590,-1266138.170,178.620
-579481.270,-1266138.160,178.695
-579485.680,-1266131.300,177.260
-579485.860,-1266131.040,177.200
-579485.670,-1266131.830,177.265
-579485.850,-1266131.570,177.230
-579486.030,-1266131.300,177.170
-579485.790,-1266132.120,177.250
-579485.970,-1266131.860,177.230
-579486.160,-1266131.590,177.170
-579485.760,-1266132.650,177.305
-579485.940,-1266132.390,177.250
-579486.130,-1266132.120,177.230
-579485.780,-1266133.280,177.310
-579485.960,-1266133.010,177.260
-579486.150,-1266132.750,177.230
-579485.960,-1266133.560,177.270
-579486.140,-1266133.300,177.250
-579485.890,-1266134.090,177.320
-579486.070,-1266133.830,177.265
-579486.270,-1266133.540,177.245
-579486.100,-1266134.380,177.270
-579486.300,-1266134.090,177.235
-579486.110,-1266134.930,177.285
-579486.300,-1266134.660,177.260
-579486.130,-1266135.490,177.300
-579486.340,-1266135.200,177.260
-579486.220,-1266135.690,177.310
-579486.270,-1266136.280,177.300
-579486.240,-1266137.430,177.360
-579486.430,-1266137.160,177.290
-579486.220,-1266136.840,177.340
-579486.400,-1266136.570,177.265
-579483.870,-1266136.580,177.940
-579484.050,-1266136.320,177.890
-579484.230,-1266136.060,177.850
-579484.430,-1266135.760,177.750
-579484.630,-1266135.480,177.690
-579484.810,-1266135.220,177.650
-579485.010,-1266134.930,177.545
-579485.210,-1266134.640,177.510
-579485.400,-1266134.370,177.450
-579485.590,-1266134.090,177.370
-579485.780,-1266133.820,177.325
-579483.420,-1266137.650,178.130
-579483.600,-1266137.390,178.050
-579483.800,-1266137.110,177.985
-579483.980,-1266136.840,177.940
-579484.170,-1266136.570,177.855
-579484.560,-1266136.000,177.750
-579484.750,-1266135.740,177.650
-579484.940,-1266135.460,177.640
-579485.140,-1266135.170,177.540
-579485.340,-1266134.880,177.470
-579485.520,-1266134.620,177.450
-579485.700,-1266134.350,177.360
-579483.830,-1266137.660,178.020
-579484.020,-1266137.390,177.945
-579484.200,-1266137.130,177.860
-579484.400,-1266136.840,177.840
-579484.600,-1266136.560,177.750
-579484.780,-1266136.290,177.675
-579484.970,-1266136.010,177.630
-579485.170,-1266135.730,177.540
-579485.370,-1266135.430,177.475
-579485.550,-1266135.170,177.450
-579485.740,-1266134.910,177.370
-579484.400,-1266137.400,177.840
-579484.600,-1266137.120,177.750
-579484.780,-1266136.850,177.690
-579484.980,-1266136.570,177.640
-579485.180,-1266136.280,177.545
-579485.380,-1266135.990,177.525
-579485.560,-1266135.730,177.450
-579485.740,-1266135.470,177.435
-579485.930,-1266135.200,177.345
-579484.810,-1266137.410,177.710
-579485.000,-1266137.130,177.630
-579485.210,-1266136.840,177.580
-579485.400,-1266136.550,177.530
-579485.580,-1266136.290,177.450
-579485.770,-1266136.020,177.430
-579485.950,-1266135.760,177.340
-579484.900,-1266137.600,177.720
-579485.090,-1266137.330,177.635
-579485.300,-1266137.030,177.560
-579485.480,-1266136.770,177.540
-579485.660,-1266136.510,177.450
-579485.840,-1266136.240,177.430
-579486.030,-1266135.970,177.340
-579485.520,-1266137.360,177.540
-579485.700,-1266137.100,177.450
-579485.890,-1266136.830,177.430
-579486.070,-1266136.570,177.340
-579485.840,-1266137.390,177.450
-579486.020,-1266137.120,177.400
-579482.240,-1266136.250,178.340
-579482.440,-1266135.960,178.280
-579482.640,-1266135.670,178.230
-579482.820,-1266135.410,178.140
-579483.010,-1266135.140,178.110
-579483.200,-1266134.880,178.040
-579483.370,-1266134.620,178.000
-579483.570,-1266134.330,177.925
-579483.760,-1266134.060,177.840
-579483.960,-1266133.780,177.810
-579484.140,-1266133.520,177.740
-579484.520,-1266132.970,177.620
-579484.720,-1266132.680,177.545
-579484.910,-1266132.410,177.500
-579485.100,-1266132.140,177.435
-579485.300,-1266131.850,177.360
-579485.500,-1266131.560,177.300
-579481.450,-1266137.900,178.630
-579481.650,-1266137.610,178.545
-579481.850,-1266137.330,178.510
-579482.030,-1266137.070,178.440
-579482.230,-1266136.780,178.350
-579482.430,-1266136.490,178.325
-579482.630,-1266136.210,178.240
-579482.810,-1266135.940,178.180
-579483.000,-1266135.680,178.135
-579483.180,-1266135.410,178.050
-579483.360,-1266135.150,178.020
-579483.560,-1266134.860,177.930
-579483.740,-1266134.600,177.900
-579483.940,-1266134.310,177.810
-579484.120,-1266134.050,177.750
-579484.310,-1266133.790,177.720
-579484.510,-1266133.500,177.620
-579484.700,-1266133.220,177.545
-579484.890,-1266132.950,177.525
-579485.090,-1266132.660,177.440
-579485.280,-1266132.380,177.380
-579485.480,-1266132.100,177.345
-579481.790,-1266137.880,178.540
-579481.970,-1266137.620,178.500
-579482.170,-1266137.330,178.440
-579482.370,-1266137.050,178.340
-579482.570,-1266136.760,178.285
-579482.750,-1266136.490,178.230
-579482.940,-1266136.230,178.150
-579483.120,-1266135.970,178.130
-579483.300,-1266135.710,178.050
-579483.500,-1266135.420,177.975
-579483.690,-1266135.150,177.925
-579483.880,-1266134.870,177.850
-579484.060,-1266134.600,177.810
-579484.250,-1266134.340,177.745
-579484.450,-1266134.050,177.700
-579484.640,-1266133.770,177.620
-579484.830,-1266133.510,177.540
-579485.030,-1266133.220,177.510
-579485.220,-1266132.930,177.420
-579485.420,-1266132.650,177.360
-579485.610,-1266132.380,177.320
-579482.140,-1266137.870,178.440
-579482.340,-1266137.580,178.380
-579482.540,-1266137.290,178.330
-579482.720,-1266137.030,178.250
-579482.910,-1266136.770,178.215
-579483.090,-1266136.500,178.140
-579483.270,-1266136.240,178.085
-579483.470,-1266135.960,178.040
-579483.660,-1266135.680,177.950
-579483.850,-1266135.400,177.880
-579484.040,-1266135.140,177.840
-579484.220,-1266134.870,177.780
-579484.420,-1266134.590,177.725
-579484.620,-1266134.300,177.645
-579484.800,-1266134.030,177.570
-579484.990,-1266133.760,177.530
-579485.190,-1266133.470,177.440
-579485.390,-1266133.180,177.410
-579485.580,-1266132.920,177.345
-579482.740,-1266137.660,178.260
-579482.920,-1266137.400,178.240
-579483.110,-1266137.130,178.150
-579483.300,-1266136.860,178.100
-579483.490,-1266136.580,178.050
-579483.670,-1266136.310,177.980
-579483.870,-1266136.020,177.920
-579484.050,-1266135.770,177.855
-579484.240,-1266135.500,177.810
-579484.440,-1266135.210,177.740
-579484.640,-1266134.920,177.660
-579484.820,-1266134.660,177.605
-579485.020,-1266134.380,177.540
-579485.220,-1266134.090,177.450
-579485.410,-1266133.810,177.425
-579485.600,-1266133.540,177.345
-579483.100,-1266137.690,178.190
-579483.290,-1266137.410,178.130
-579483.480,-1266137.130,178.050
-579483.670,-1266136.870,178.010
-579483.470,-1266132.290,177.865
-579483.660,-1266132.020,177.810
-579483.850,-1266131.750,177.755
-579484.050,-1266131.460,177.670
-579484.230,-1266131.200,177.650
-579484.420,-1266130.930,177.560
-579481.170,-1266136.160,178.630
-579481.360,-1266135.880,178.575
-579481.540,-1266135.620,178.530
-579481.730,-1266135.340,178.450
-579481.940,-1266135.050,178.405
-579482.120,-1266134.790,178.330
-579482.310,-1266134.510,178.250
-579482.510,-1266134.220,178.220
-579482.710,-1266133.930,178.140
-579482.890,-1266133.670,178.065
-579483.080,-1266133.400,178.030
-579483.260,-1266133.140,177.950
-579483.440,-1266132.880,177.900
-579483.650,-1266132.590,177.840
-579483.830,-1266132.330,177.760
-579484.020,-1266132.050,177.715
-579484.210,-1266131.780,177.660
-579484.390,-1266131.520,177.590
-579484.590,-1266131.230,177.560
-579484.790,-1266130.940,177.460
-579481.260,-1266136.410,178.630
-579481.450,-1266136.140,178.550
-579481.640,-1266135.870,178.530
-579481.840,-1266135.580,178.440
-579482.030,-1266135.310,178.390
-579482.220,-1266135.030,178.330
-579482.420,-1266134.750,178.235
-579482.620,-1266134.460,178.200
-579482.800,-1266134.200,178.130
-579482.980,-1266133.940,178.050
-579483.170,-1266133.670,178.010
-579483.350,-1266133.400,177.960
-579483.550,-1266133.130,177.880
-579483.740,-1266132.860,177.825
-579483.930,-1266132.570,177.760
-579484.110,-1266132.310,177.720
-579484.300,-1266132.040,177.650
-579484.500,-1266131.750,177.570
-579484.690,-1266131.480,177.545
-579484.880,-1266131.210,177.455
-579485.080,-1266130.920,177.370
-579481.260,-1266136.990,178.630
-579481.430,-1266136.730,178.590
-579481.630,-1266136.440,178.540
-579481.840,-1266136.150,178.440
-579482.010,-1266135.890,178.420
-579482.210,-1266135.610,178.330
-579482.410,-1266135.320,178.240
-579482.610,-1266135.040,178.225
-579482.790,-1266134.770,178.140
-579482.980,-1266134.510,178.095
-579483.160,-1266134.250,178.040
-579483.340,-1266133.980,177.980
-579483.540,-1266133.700,177.920
-579483.720,-1266133.440,177.835
-579483.930,-1266133.140,177.785
-579484.110,-1266132.880,177.740
-579484.290,-1266132.620,177.650
-579484.490,-1266132.330,177.620
-579484.690,-1266132.040,177.550
-579484.870,-1266131.780,177.465
-579485.070,-1266131.500,177.420
-579485.270,-1266131.210,177.360
-579485.470,-1266130.920,177.285
-579481.280,-1266137.620,178.630
-579481.470,-1266137.360,178.625
-579481.660,-1266137.080,178.535
-579481.860,-1266136.790,178.480
-579482.050,-1266136.520,178.440
-579483.210,-1266131.120,177.880
-579481.200,-1266134.380,178.535
-579481.390,-1266134.110,178.520
-579481.570,-1266133.850,178.440
-579481.760,-1266133.570,178.380
-579481.970,-1266133.280,178.335
-579482.150,-1266133.010,178.250
-579482.340,-1266132.740,178.200
-579482.550,-1266132.450,178.130
-579482.750,-1266132.160,178.050
-579482.920,-1266131.910,177.980
-579483.110,-1266131.630,177.960
-579483.300,-1266131.370,177.870
-579483.470,-1266131.120,177.840
-579481.200,-1266134.950,178.580
-579481.370,-1266134.700,178.530
-579481.560,-1266134.430,178.450
-579481.760,-1266134.140,178.440
-579481.960,-1266133.860,178.340
-579482.140,-1266133.600,178.260
-579482.340,-1266133.310,178.240
-579482.740,-1266132.740,178.070
-579482.920,-1266132.480,178.040
-579483.100,-1266132.210,177.970
-579483.290,-1266131.950,177.900
-579483.470,-1266131.690,177.850
-579483.670,-1266131.400,177.790
-579483.850,-1266131.140,177.745
-579481.190,-1266135.570,178.620
-579481.380,-1266135.300,178.530
-579481.560,-1266135.040,178.515
-579481.760,-1266134.750,178.440
-579481.950,-1266134.480,178.355
-579482.140,-1266134.200,178.315
-579482.340,-1266133.920,178.240
-579482.530,-1266133.640,178.170
-579482.730,-1266133.350,178.110
-579482.920,-1266133.090,178.055
-579483.100,-1266132.830,177.980
-579481.100,-1266133.040,178.525
-579481.290,-1266132.760,178.445
-579481.480,-1266132.490,178.415
-579481.660,-1266132.240,178.340
-579481.860,-1266131.950,178.265
-579482.070,-1266131.660,178.220
-579482.240,-1266131.400,178.155
-579482.440,-1266131.120,178.080
-579481.090,-1266133.580,178.545
-579481.280,-1266133.310,178.460
-579481.470,-1266133.040,178.440
-579481.660,-1266132.770,178.360
-579481.850,-1266132.500,178.330
-579482.050,-1266132.200,178.255
-579482.240,-1266131.940,178.165
-579482.430,-1266131.660,178.140
-579482.630,-1266131.370,178.050
-579482.830,-1266131.090,177.975
-579481.100,-1266134.160,178.580
-579481.300,-1266133.860,178.525
-579481.480,-1266133.610,178.450
-579481.660,-1266133.340,178.420
-579481.870,-1266133.050,178.350
-579482.060,-1266132.770,178.265
-579482.240,-1266132.510,178.230
-579482.450,-1266132.220,178.145
-579482.640,-1266131.940,178.060
-579482.840,-1266131.660,178.005
-579483.030,-1266131.390,177.960
-579480.970,-1266132.240,178.530
-579481.160,-1266131.970,178.450
-579481.350,-1266131.690,178.400
-579481.540,-1266131.430,178.350
-579481.720,-1266131.160,178.280
-579480.930,-1266132.780,178.530
-579481.120,-1266132.510,178.460
-579481.310,-1266132.230,178.430
-579481.500,-1266131.970,178.355
-579481.680,-1266131.700,178.315
-579481.880,-1266131.410,178.250
-579482.080,-1266131.140,178.170
-579480.950,-1266131.080,178.470
-579480.980,-1266131.710,178.480
-579481.170,-1266131.440,178.450
-579481.370,-1266131.150,178.360
-579481.270,-1266142.840,178.870
-579481.020,-1266142.890,178.945
-579481.200,-1266142.630,178.870
-579481.380,-1266142.360,178.845
-579480.610,-1266142.880,179.060
-579480.780,-1266142.620,179.010
-579480.990,-1266142.340,178.945
-579481.170,-1266142.070,178.870
-579481.350,-1266141.810,178.840
-579480.220,-1266142.880,179.160
-579480.600,-1266142.330,179.045
-579480.780,-1266142.060,178.970
-579480.980,-1266141.770,178.935
-579481.160,-1266141.520,178.870
-579479.820,-1266142.840,179.170
-579480.000,-1266142.580,179.165
-579480.180,-1266142.320,179.155
-579480.370,-1266142.050,179.110
-579480.570,-1266141.770,179.040
-579480.750,-1266141.500,178.960
-579480.950,-1266141.220,178.930
-579481.130,-1266140.960,178.870
-579479.490,-1266142.910,179.170
-579479.710,-1266142.570,179.170
-579479.880,-1266142.330,179.160
-579480.070,-1266142.060,179.150
-579480.250,-1266141.800,179.130
-579480.430,-1266141.540,179.065
-579480.630,-1266141.250,179.030
-579480.820,-1266140.980,178.950
-579481.010,-1266140.700,178.880
-579479.090,-1266142.970,179.110
-579479.290,-1266142.650,179.155
-579479.500,-1266142.340,179.160
-579479.710,-1266142.020,179.160
-579479.890,-1266141.760,179.155
-579480.070,-1266141.510,179.130
-579480.260,-1266141.240,179.110
-579480.440,-1266140.970,179.050
-579481.200,-1266139.880,178.815
-579478.670,-1266142.940,178.980
-579478.870,-1266142.630,179.055
-579479.070,-1266142.330,179.135
-579479.270,-1266142.030,179.160
-579479.480,-1266141.700,179.160
-579479.690,-1266141.410,179.165
-579479.860,-1266141.150,179.160
-579480.050,-1266140.880,179.135
-579480.240,-1266140.610,179.075
-579480.410,-1266140.360,179.040
-579480.620,-1266140.060,178.990
-579480.800,-1266139.800,178.915
-579480.990,-1266139.520,178.830
-579481.190,-1266139.230,178.740
-579478.300,-1266142.990,178.885
-579478.490,-1266142.700,178.950
-579478.700,-1266142.400,178.990
-579478.910,-1266142.070,179.090
-579479.100,-1266141.780,179.160
-579479.300,-1266141.470,179.165
-579479.520,-1266141.140,179.160
-579479.720,-1266140.870,179.170
-579479.890,-1266140.610,179.150
-579480.080,-1266140.340,179.110
-579480.270,-1266140.070,179.040
-579480.440,-1266139.820,179.010
-579480.640,-1266139.530,178.930
-579480.830,-1266139.260,178.835
-579481.020,-1266138.980,178.815
-579481.210,-1266138.720,178.730
-579478.170,-1266142.720,178.885
-579478.360,-1266142.430,178.940
-579478.550,-1266142.140,178.980
-579478.770,-1266141.820,179.070
-579478.970,-1266141.500,179.150
-579479.160,-1266141.220,179.160
-579479.370,-1266140.900,179.160
-579479.570,-1266140.600,179.160
-579479.770,-1266140.320,179.130
-579479.960,-1266140.050,179.110
-579480.140,-1266139.790,179.040
-579480.320,-1266139.530,179.000
-579480.510,-1266139.260,178.930
-579480.710,-1266138.970,178.880
-579480.880,-1266138.720,178.820
-579481.090,-1266138.420,178.730
-579477.960,-1266143.040,178.800
-579477.580,-1266143.090,178.710
-579477.790,-1266142.770,178.790
-579477.980,-1266142.490,178.810
-579478.190,-1266142.170,178.910
-579478.380,-1266141.880,178.960
-579478.570,-1266141.590,179.020
-579478.780,-1266141.270,179.100
-579478.990,-1266140.960,179.150
-579479.180,-1266140.670,179.160
-579479.390,-1266140.340,179.160
-579479.590,-1266140.060,179.145
-579479.790,-1266139.770,179.120
-579479.970,-1266139.520,179.055
-579480.160,-1266139.250,179.030
-579480.520,-1266138.730,178.915
-579480.720,-1266138.440,178.835
-579480.900,-1266138.170,178.800
-579477.170,-1266143.020,178.610
-579477.360,-1266142.740,178.640
-579477.550,-1266142.450,178.710
-579477.760,-1266142.130,178.790
-579477.950,-1266141.840,178.810
-579478.160,-1266141.520,178.920
-579478.360,-1266141.230,178.990
-579478.540,-1266140.940,179.060
-579478.750,-1266140.620,179.095
-579478.960,-1266140.310,179.150
-579479.750,-1266139.150,179.100
-579479.940,-1266138.880,179.060
-579480.120,-1266138.620,179.030
-579480.300,-1266138.360,178.930
-579480.490,-1266138.090,178.920
-579476.790,-1266143.020,178.460
-579476.980,-1266142.730,178.550
-579477.180,-1266142.440,178.620
-579477.370,-1266142.150,178.670
-579477.560,-1266141.850,178.725
-579477.770,-1266141.540,178.790
-579477.960,-1266141.250,178.890
-579478.170,-1266140.930,178.970
-579478.370,-1266140.630,179.020
-579478.560,-1266140.350,179.070
-579478.770,-1266140.030,179.085
-579479.370,-1266139.140,179.160
-579479.570,-1266138.850,179.130
-579479.760,-1266138.570,179.120
-579479.950,-1266138.300,179.040
-579477.660,-1266141.300,178.740
-579478.270,-1266140.380,179.020
-579478.460,-1266140.090,179.060
-579478.650,-1266139.800,179.080
-579478.860,-1266139.490,179.135
-579479.070,-1266139.170,179.150
-579479.260,-1266138.890,179.140
-579479.460,-1266138.610,179.150
-579479.660,-1266138.320,179.130
-579476.470,-1266143.100,178.400
-579476.680,-1266142.790,178.460
-579477.080,-1266142.170,178.615
-579477.270,-1266141.890,178.670
-579477.470,-1266141.600,178.700
-579476.100,-1266143.110,178.300
-579476.290,-1266142.830,178.350
-579476.500,-1266142.500,178.430
-579476.710,-1266142.180,178.505
-579476.910,-1266141.880,178.570
-579477.110,-1266141.580,178.640
-579477.310,-1266141.290,178.670
-579478.090,-1266140.100,178.990
-579478.300,-1266139.790,179.060
-579478.490,-1266139.490,179.075
-579478.680,-1266139.210,179.105
-579478.890,-1266138.890,179.140
-579479.280,-1266138.310,179.160
-579475.680,-1266143.120,178.200
-579475.890,-1266142.800,178.265
-579476.100,-1266142.490,178.310
-579476.290,-1266142.200,178.400
-579476.500,-1266141.880,178.450
-579476.710,-1266141.580,178.535
-579476.920,-1266141.250,178.575
-579477.120,-1266140.950,178.650
-579477.300,-1266140.670,178.670
-579477.690,-1266140.080,178.895
-579477.890,-1266139.780,178.990
-579478.090,-1266139.480,178.995
-579478.300,-1266139.160,179.055
-579478.680,-1266138.590,179.150
-579478.900,-1266138.260,179.160
-579475.310,-1266143.110,178.080
-579475.500,-1266142.820,178.130
-579475.700,-1266142.520,178.220
-579475.910,-1266142.210,178.270
-579476.110,-1266141.900,178.330
-579476.310,-1266141.600,178.420
-579476.520,-1266141.280,178.490
-579476.720,-1266140.970,178.550
-579476.930,-1266140.650,178.580
-579477.130,-1266140.360,178.650
-579477.320,-1266140.070,178.690
-579477.910,-1266139.170,178.980
-579478.100,-1266138.890,179.010
-579478.320,-1266138.560,179.060
-579478.500,-1266138.280,179.125
-579475.010,-1266143.190,178.020
-579475.200,-1266142.900,178.065
-579475.410,-1266142.590,178.130
-579475.600,-1266142.300,178.220
-579475.800,-1266142.000,178.260
-579476.010,-1266141.680,178.330
-579476.210,-1266141.370,178.410
-579476.410,-1266141.080,178.465
-579476.620,-1266140.760,178.520
-579476.830,-1266140.440,178.580
-579477.040,-1266140.120,178.640
-579477.810,-1266138.970,178.970
-579478.010,-1266138.650,179.000
-579478.210,-1266138.360,179.060
-579474.600,-1266143.220,177.890
-579474.790,-1266142.920,177.970
-579475.000,-1266142.610,178.030
-579475.190,-1266142.320,178.080
-579475.410,-1266141.990,178.160
-579475.590,-1266141.710,178.230
-579475.790,-1266141.420,178.295
-579476.000,-1266141.100,178.350
-579476.210,-1266140.780,178.425
-579476.400,-1266140.490,178.500
-579476.610,-1266140.180,178.535
-579476.820,-1266139.860,178.590
-579477.030,-1266139.550,178.650
-579477.410,-1266138.970,178.825
-579477.600,-1266138.670,178.890
-579477.800,-1266138.380,178.940
-579474.220,-1266143.250,177.810
-579474.420,-1266142.950,177.865
-579474.610,-1266142.660,177.930
-579474.800,-1266142.370,177.970
-579475.010,-1266142.050,178.050
-579475.210,-1266141.750,178.120
-579475.410,-1266141.440,178.185
-579475.610,-1266141.150,178.250
-579475.810,-1266140.850,178.325
-579476.010,-1266140.540,178.400
-579476.220,-1266140.230,178.460
-579476.410,-1266139.940,178.500
-579476.620,-1266139.620,178.560
-579476.830,-1266139.300,178.605
-579477.040,-1266138.990,178.675
-579477.230,-1266138.700,178.775
-579477.430,-1266138.410,178.865
-579476.860,-1266138.750,178.680
-579477.060,-1266138.450,178.740
-579473.840,-1266143.310,177.715
-579474.050,-1266142.990,177.780
-579474.240,-1266142.700,177.850
-579474.440,-1266142.400,177.900
-579474.630,-1266142.110,177.950
-579474.830,-1266141.810,178.040
-579475.040,-1266141.500,178.080
-579475.230,-1266141.210,178.155
-579475.440,-1266140.890,178.230
-579475.640,-1266140.600,178.300
-579475.820,-1266140.310,178.340
-579476.030,-1266140.000,178.420
-579476.250,-1266139.680,178.490
-579476.430,-1266139.390,178.510
-579476.650,-1266139.070,178.590
-579473.470,-1266143.380,177.600
-579473.680,-1266143.060,177.650
-579473.880,-1266142.750,177.725
-579474.090,-1266142.430,177.810
-579474.290,-1266142.140,177.860
-579474.480,-1266141.850,177.920
-579474.670,-1266141.560,177.980
-579474.870,-1266141.260,178.040
-579475.080,-1266140.950,178.130
-579475.270,-1266140.660,178.190
-579475.480,-1266140.340,178.250
-579475.680,-1266140.050,178.330
-579475.870,-1266139.760,178.390
-579476.080,-1266139.440,178.445
-579476.290,-1266139.130,178.510
-579476.480,-1266138.840,178.560
-579476.690,-1266138.510,178.625
-579473.080,-1266143.440,177.495
-579473.290,-1266143.120,177.550
-579473.480,-1266142.830,177.615
-579473.690,-1266142.510,177.710
-579473.900,-1266142.200,177.760
-579474.110,-1266141.890,177.820
-579474.300,-1266141.590,177.880
-579474.500,-1266141.290,177.950
-579474.690,-1266141.010,178.005
-579474.880,-1266140.710,178.060
-579475.100,-1266140.390,178.150
-579475.280,-1266140.110,178.220
-579475.500,-1266139.790,178.295
-579475.690,-1266139.490,178.335
-579475.880,-1266139.210,178.400
-579476.090,-1266138.890,178.475
-579476.300,-1266138.570,178.535
-579472.640,-1266143.420,177.365
-579472.830,-1266143.120,177.440
-579473.050,-1266142.800,177.500
-579473.250,-1266142.490,177.550
-579473.450,-1266142.200,177.630
-579473.660,-1266141.880,177.710
-579473.870,-1266141.560,177.775
-579474.080,-1266141.250,177.860
-579474.270,-1266140.960,177.910
-579474.470,-1266140.660,177.970
-579474.660,-1266140.370,178.035
-579474.850,-1266140.080,178.080
-579475.060,-1266139.760,178.160
-579475.260,-1266139.480,178.240
-579475.470,-1266139.150,178.290
-579475.660,-1266138.870,178.340
-579475.850,-1266138.570,178.400
-579472.520,-1266143.190,177.350
-579472.720,-1266142.890,177.430
-579472.910,-1266142.590,177.485
-579473.120,-1266142.290,177.550
-579473.330,-1266141.960,177.610
-579473.530,-1266141.670,177.690
-579473.730,-1266141.350,177.730
-579473.950,-1266141.030,177.845
-579474.160,-1266140.710,177.895
-579474.350,-1266140.430,177.960
-579474.540,-1266140.140,178.020
-579474.740,-1266139.840,178.065
-579474.930,-1266139.560,178.140
-579475.140,-1266139.240,178.195
-579475.340,-1266138.950,178.275
-579475.540,-1266138.630,178.330
-579472.200,-1266143.240,177.280
-579472.390,-1266142.960,177.335
-579472.600,-1266142.640,177.410
-579472.800,-1266142.340,177.470
-579472.980,-1266142.060,177.515
-579473.200,-1266141.730,177.600
-579473.410,-1266141.420,177.680
-579473.600,-1266141.130,177.720
-579473.810,-1266140.810,177.790
-579474.020,-1266140.490,177.870
-579474.230,-1266140.180,177.950
-579474.430,-1266139.890,178.005
-579474.620,-1266139.590,178.055
-579474.810,-1266139.300,178.130
-579475.010,-1266139.010,178.180
-579475.220,-1266138.690,178.245
-579471.780,-1266143.260,177.180
-579471.970,-1266142.970,177.210
-579472.180,-1266142.650,177.290
-579472.380,-1266142.360,177.350
-579472.580,-1266142.050,177.405
-579472.780,-1266141.750,177.470
-579472.980,-1266141.460,177.530
-579473.180,-1266141.150,177.620
-579473.400,-1266140.820,177.680
-579473.590,-1266140.530,177.735
-579473.800,-1266140.220,177.810
-579474.010,-1266139.900,177.880
-579474.220,-1266139.580,177.950
-579474.410,-1266139.300,178.010
-579474.610,-1266139.000,178.070
-579474.810,-1266138.700,178.135
-579471.190,-1266143.540,177.110
-579471.380,-1266143.250,177.130
-579471.580,-1266142.950,177.165
-579471.770,-1266142.660,177.195
-579471.970,-1266142.360,177.260
-579472.180,-1266142.040,177.315
-579472.370,-1266141.760,177.360
-579472.580,-1266141.440,177.440
-579472.780,-1266141.150,177.490
-579472.980,-1266140.850,177.550
-579473.180,-1266140.540,177.630
-579473.390,-1266140.220,177.710
-579473.590,-1266139.920,177.775
-579473.800,-1266139.610,177.825
-579474.000,-1266139.300,177.890
-579474.220,-1266138.970,177.970
-579471.230,-1266143.000,177.120
-579471.430,-1266142.690,177.140
-579471.620,-1266142.400,177.190
-579471.820,-1266142.100,177.210
-579472.020,-1266141.790,177.280
-579472.220,-1266141.490,177.340
-579472.420,-1266141.200,177.400
-579472.630,-1266140.880,177.460
-579472.830,-1266140.590,177.510
-579473.020,-1266140.290,177.585
-579473.230,-1266139.980,177.645
-579473.440,-1266139.660,177.715
-579473.630,-1266139.370,177.790
-579473.850,-1266139.060,177.870
-579474.060,-1266138.740,177.960
-579473.700,-1266138.830,177.855
-579471.300,-1266142.440,177.140
-579471.500,-1266142.140,177.190
-579471.700,-1266141.850,177.210
-579471.890,-1266141.560,177.260
-579472.090,-1266141.260,177.320
-579472.300,-1266140.940,177.390
-579472.490,-1266140.660,177.445
-579472.700,-1266140.330,177.520
-579472.900,-1266140.040,177.595
-579473.090,-1266139.750,177.635
-579473.300,-1266139.430,177.700
-579473.510,-1266139.110,177.780
-579471.120,-1266142.190,177.120
-579471.330,-1266141.860,177.165
-579471.530,-1266141.570,177.195
-579471.720,-1266141.270,177.230
-579471.920,-1266140.980,177.290
-579472.110,-1266140.690,177.360
-579472.320,-1266140.370,177.430
-579472.520,-1266140.070,177.470
-579472.720,-1266139.770,177.540
-579472.920,-1266139.470,177.620
-579473.120,-1266139.180,177.665
-579473.320,-1266138.870,177.735
-579472.520,-1266139.450,177.525
-579472.730,-1266139.130,177.570
-579471.130,-1266141.540,177.135
-579471.330,-1266141.230,177.180
-579471.530,-1266140.940,177.210
-579471.730,-1266140.640,177.260
-579471.920,-1266140.350,177.315
-579472.110,-1266140.060,177.375
-579472.330,-1266139.730,177.440
-579470.970,-1266141.270,177.130
-579471.170,-1266140.960,177.160
-579471.390,-1266140.630,177.190
-579471.590,-1266140.340,177.235
-579471.980,-1266139.750,177.360
-579472.170,-1266139.460,177.420
-579472.380,-1266139.150,177.470
-579470.820,-1266140.990,177.110
-579471.030,-1266140.670,177.135
-579471.240,-1266140.350,177.180
-579471.460,-1266140.030,177.205
-579471.650,-1266139.740,177.285
-579471.850,-1266139.440,177.350
-579472.040,-1266139.160,177.400
-579471.040,-1266140.040,177.140
-579471.240,-1266139.730,177.200
-579471.460,-1266139.410,177.230
-579471.650,-1266139.110,177.295
-579470.890,-1266139.800,177.135
-579471.090,-1266139.490,177.190
-579471.310,-1266139.170,177.210
-579470.680,-1266139.520,177.120
-579470.870,-1266139.230,177.140
-579479.850,-1266138.040,179.060
-579480.030,-1266137.780,179.020
-579480.220,-1266137.510,178.935
-579480.400,-1266137.250,178.910
-579480.590,-1266136.990,178.840
-579480.790,-1266136.690,178.750
-579480.970,-1266136.430,178.715
-579480.130,-1266138.040,179.000
-579480.310,-1266137.780,178.935
-579480.500,-1266137.510,178.875
-579480.700,-1266137.230,178.825
-579480.880,-1266136.960,178.730
-579481.080,-1266136.680,178.690
-579480.870,-1266137.550,178.785
-579481.070,-1266137.260,178.710
-579481.100,-1266137.890,178.720
-579478.700,-1266137.990,179.150
-579478.910,-1266137.660,179.160
-579479.110,-1266137.380,179.160
-579479.290,-1266137.120,179.150
-579479.490,-1266136.840,179.115
-579479.690,-1266136.550,179.040
-579479.890,-1266136.270,179.000
-579480.070,-1266136.000,178.930
-579480.260,-1266135.730,178.890
-579480.440,-1266135.470,178.830
-579480.620,-1266135.210,178.730
-579480.820,-1266134.920,178.700
-579481.000,-1266134.660,178.620
-579479.100,-1266137.960,179.155
-579479.280,-1266137.710,179.150
-579479.480,-1266137.410,179.140
-579479.680,-1266137.140,179.060
-579479.870,-1266136.850,179.030
-579480.060,-1266136.580,178.950
-579480.240,-1266136.320,178.920
-579480.430,-1266136.060,178.835
-579480.810,-1266135.510,178.710
-579480.990,-1266135.240,178.640
-579479.480,-1266138.030,179.145
-579479.680,-1266137.740,179.115
-579479.880,-1266137.450,179.035
-579480.060,-1266137.190,178.990
-579480.250,-1266136.920,178.930
-579480.430,-1266136.660,178.840
-579480.810,-1266136.110,178.730
-579480.990,-1266135.850,178.640
-579478.210,-1266137.220,179.085
-579478.420,-1266136.910,179.160
-579478.620,-1266136.610,179.165
-579478.800,-1266136.330,179.160
-579479.000,-1266136.050,179.160
-579479.200,-1266135.760,179.140
-579479.380,-1266135.500,179.095
-579479.580,-1266135.210,179.030
-579479.790,-1266134.920,178.950
-579479.980,-1266134.650,178.905
-579480.160,-1266134.380,178.830
-579480.350,-1266134.110,178.750
-579480.530,-1266133.860,178.715
-579480.710,-1266133.590,178.645
-579480.920,-1266133.300,178.560
-579478.000,-1266138.070,178.990
-579478.200,-1266137.780,179.065
-579478.410,-1266137.460,179.150
-579478.600,-1266137.170,179.160
-579478.790,-1266136.870,179.165
-579478.990,-1266136.590,179.160
-579479.190,-1266136.300,179.160
-579479.370,-1266136.040,179.110
-579479.570,-1266135.760,179.035
-579479.770,-1266135.470,178.990
-579479.970,-1266135.190,178.930
-579480.150,-1266134.930,178.870
-579480.340,-1266134.660,178.810
-579480.520,-1266134.400,178.720
-579480.700,-1266134.140,178.690
-579480.900,-1266133.850,178.620
-579478.420,-1266138.040,179.115
-579478.600,-1266137.760,179.150
-579478.800,-1266137.460,179.160
-579479.010,-1266137.150,179.165
-579479.200,-1266136.880,179.165
-579479.380,-1266136.620,179.130
-579479.590,-1266136.330,179.080
-579479.780,-1266136.040,179.005
-579479.980,-1266135.760,178.930
-579480.170,-1266135.490,178.890
-579480.350,-1266135.230,178.830
-579480.530,-1266134.970,178.740
-579480.720,-1266134.700,178.710
-579480.920,-1266134.410,178.630
-579476.900,-1266138.200,178.725
-579477.110,-1266137.890,178.800
-579477.300,-1266137.600,178.845
-579477.490,-1266137.310,178.920
-579477.680,-1266137.020,178.965
-579477.880,-1266136.720,179.015
-579478.080,-1266136.420,179.080
-579478.280,-1266136.130,179.160
-579478.480,-1266135.810,179.160
-579478.680,-1266135.510,179.170
-579478.860,-1266135.260,179.160
-579479.050,-1266134.980,179.145
-579479.260,-1266134.690,179.090
-579479.440,-1266134.430,179.040
-579479.640,-1266134.150,178.950
-579479.840,-1266133.860,178.895
-579480.040,-1266133.570,178.825
-579480.220,-1266133.310,178.745
-579480.410,-1266133.050,178.650
-579480.590,-1266132.790,178.600
-579480.770,-1266132.520,178.550
-579477.260,-1266138.150,178.815
-579477.450,-1266137.860,178.880
-579477.640,-1266137.570,178.930
-579477.830,-1266137.280,178.990
-579478.040,-1266136.960,179.060
-579478.230,-1266136.680,179.135
-579478.440,-1266136.360,179.160
-579478.640,-1266136.070,179.170
-579478.820,-1266135.800,179.160
-579479.020,-1266135.520,179.160
-579479.220,-1266135.230,179.100
-579479.400,-1266134.960,179.050
-579479.600,-1266134.690,179.000
-579479.800,-1266134.400,178.920
-579480.000,-1266134.110,178.840
-579480.180,-1266133.850,178.820
-579480.370,-1266133.590,178.725
-579480.730,-1266133.060,178.610
-579477.620,-1266138.120,178.900
-579477.810,-1266137.830,178.970
-579478.020,-1266137.510,179.010
-579476.060,-1266138.260,178.485
-579476.270,-1266137.940,178.540
-579476.460,-1266137.650,178.605
-579476.670,-1266137.340,178.710
-579476.880,-1266137.020,178.750
-579477.090,-1266136.710,178.820
-579477.280,-1266136.420,178.900
-579477.480,-1266136.130,178.955
-579477.670,-1266135.830,179.005
-579477.850,-1266135.560,179.075
-579478.070,-1266135.230,179.140
-579478.260,-1266134.940,179.160
-579478.650,-1266134.370,179.165
-579478.840,-1266134.100,179.150
-579479.030,-1266133.830,179.140
-579479.230,-1266133.540,179.050
-579479.420,-1266133.270,179.000
-579479.610,-1266133.000,178.955
-579480.380,-1266131.900,178.610
-579480.570,-1266131.630,178.570
-579480.750,-1266131.370,178.530
-579476.490,-1266138.290,178.595
-579476.700,-1266137.970,178.680
-579476.910,-1266137.650,178.750
-579477.120,-1266137.350,178.820
-579477.310,-1266137.050,178.885
-579477.510,-1266136.760,178.930
-579477.700,-1266136.470,178.990
-579477.890,-1266136.180,179.060
-579478.100,-1266135.870,179.130
-579478.290,-1266135.580,179.160
-579478.500,-1266135.260,179.165
-579478.690,-1266134.990,179.165
-579478.870,-1266134.720,179.155
-579479.070,-1266134.440,179.130
-579479.260,-1266134.160,179.050
-579479.450,-1266133.890,179.020
-579479.650,-1266133.610,178.940
-579479.850,-1266133.330,178.900
-579480.050,-1266133.040,178.810
-579480.230,-1266132.780,178.715
-579480.600,-1266132.250,178.590
-579480.790,-1266131.990,178.530
-579475.410,-1266138.410,178.310
-579475.620,-1266138.090,178.385
-579475.810,-1266137.800,178.445
-579476.010,-1266137.500,178.510
-579476.210,-1266137.190,178.565
-579476.430,-1266136.870,178.640
-579476.620,-1266136.580,178.710
-579476.830,-1266136.270,178.810
-579477.040,-1266135.950,178.845
-579477.240,-1266135.640,178.910
-579477.430,-1266135.350,178.975
-579477.620,-1266135.070,179.060
-579477.820,-1266134.770,179.090
-579478.010,-1266134.480,179.160
-579478.220,-1266134.170,179.160
-579478.420,-1266133.870,179.160
-579478.610,-1266133.600,179.150
-579478.790,-1266133.340,179.140
-579478.980,-1266133.070,179.130
-579479.180,-1266132.790,179.060
-579479.760,-1266131.950,178.860
-579480.160,-1266131.390,178.680
-579480.340,-1266131.120,178.620
-579475.740,-1266138.340,178.400
-579475.930,-1266138.050,178.460
-579476.140,-1266137.740,178.535
-579476.350,-1266137.420,178.590
-579476.540,-1266137.120,178.670
-579476.750,-1266136.810,178.740
-579476.960,-1266136.500,178.820
-579477.170,-1266136.190,178.895
-579477.360,-1266135.900,178.970
-579477.550,-1266135.610,178.985
-579477.750,-1266135.310,179.070
-579477.940,-1266135.030,179.130
-579478.140,-1266134.710,179.150
-579478.340,-1266134.420,179.170
-579478.540,-1266134.120,179.155
-579478.720,-1266133.860,179.150
-579478.910,-1266133.590,179.140
-579479.110,-1266133.320,179.055
-579479.310,-1266133.030,179.040
-579479.490,-1266132.770,178.960
-579480.090,-1266131.910,178.700
-579480.270,-1266131.650,178.625
-579480.450,-1266131.390,178.610
-579480.640,-1266131.120,178.550
-579474.260,-1266138.430,178.030
-579474.460,-1266138.140,178.070
-579474.650,-1266137.840,178.125
-579474.840,-1266137.550,178.180
-579474.410,-1266138.680,178.035
-579474.600,-1266138.400,178.120
-579474.800,-1266138.100,178.150
-579475.000,-1266137.810,178.240
-579475.200,-1266137.500,178.305
-579475.390,-1266137.210,178.350
-579475.610,-1266136.890,178.420
-579475.790,-1266136.600,178.490
-579475.990,-1266136.310,178.560
-579476.200,-1266135.990,178.645
-579476.410,-1266135.680,178.675
-579476.810,-1266135.070,178.830
-579477.020,-1266134.770,178.885
-579477.220,-1266134.450,178.950
-579477.420,-1266134.160,179.040
-579477.610,-1266133.870,179.090
-579477.800,-1266133.580,179.130
-579478.000,-1266133.290,179.155
-579478.390,-1266132.710,179.170
-579478.590,-1266132.420,179.160
-579478.960,-1266131.900,179.080
-579479.160,-1266131.610,179.010
-579479.350,-1266131.340,178.960
-579475.000,-1266138.420,178.190
-579475.200,-1266138.110,178.250
-579475.400,-1266137.810,178.325
-579475.610,-1266137.490,178.400
-579475.800,-1266137.210,178.465
-579476.000,-1266136.910,178.525
-579476.210,-1266136.590,178.590
-579476.410,-1266136.280,178.670
-579476.600,-1266136.000,178.725
-579476.810,-1266135.680,178.805
-579477.020,-1266135.360,178.870
-579477.420,-1266134.760,178.995
-579477.610,-1266134.480,179.070
-579477.800,-1266134.190,179.095
-579478.000,-1266133.890,179.150
-579478.210,-1266133.580,179.160
-579478.390,-1266133.300,179.160
-579478.600,-1266133.020,179.160
-579479.160,-1266132.210,179.060
-579479.360,-1266131.920,179.000
-579473.920,-1266138.510,177.935
-579474.130,-1266138.190,177.995
-579474.330,-1266137.880,178.050
-579474.530,-1266137.590,178.130
-579474.720,-1266137.290,178.180
-579474.910,-1266137.010,178.235
-579475.110,-1266136.710,178.300
-579475.320,-1266136.390,178.395
-579475.510,-1266136.110,178.440
-579475.720,-1266135.790,178.510
-579475.910,-1266135.500,178.560
-579476.100,-1266135.210,178.620
-579476.310,-1266134.900,178.680
-579476.530,-1266134.580,178.775
-579476.710,-1266134.300,178.830
-579476.920,-1266133.980,178.880
-579477.130,-1266133.670,178.980
-579477.340,-1266133.350,179.065
-579477.530,-1266133.060,179.110
-579477.730,-1266132.770,179.150
-579477.920,-1266132.480,179.165
-579478.120,-1266132.170,179.170
-579478.310,-1266131.910,179.170
-579478.490,-1266131.650,179.160
-579478.690,-1266131.360,179.080
-579475.040,-1266137.270,178.245
-579475.250,-1266136.940,178.310
-579475.440,-1266136.650,178.390
-579475.650,-1266136.340,178.450
-579475.840,-1266136.050,178.510
-579476.040,-1266135.760,178.570
-579476.240,-1266135.440,178.650
-579476.450,-1266135.130,178.700
-579476.650,-1266134.840,178.795
-579476.850,-1266134.530,178.830
-579477.060,-1266134.210,178.940
-579477.270,-1266133.900,179.000
-579477.460,-1266133.610,179.060
-579477.660,-1266133.320,179.110
-579477.850,-1266133.030,179.150
-579478.040,-1266132.740,179.160
-579478.250,-1266132.430,179.165
-579478.430,-1266132.170,179.160
-579478.620,-1266131.900,179.170
-579478.810,-1266131.630,179.080
-579479.000,-1266131.370,179.055
-579474.750,-1266136.090,178.230
-579474.940,-1266135.800,178.300
-579475.350,-1266135.200,178.420
-579475.540,-1266134.910,178.500
-579475.750,-1266134.590,178.560
-579475.940,-1266134.300,178.620
-579476.140,-1266134.010,178.680
-579476.350,-1266133.690,178.725
-579476.550,-1266133.390,178.800
-579476.740,-1266133.100,178.900
-579476.950,-1266132.780,179.025
-579477.160,-1266132.480,179.070
-579477.370,-1266132.160,179.110
-579477.560,-1266131.870,179.160
-579477.750,-1266131.590,179.170
-579477.950,-1266131.280,179.170
-579474.550,-1266137.020,178.140
-579474.740,-1266136.730,178.210
-579474.940,-1266136.440,178.250
-579475.130,-1266136.150,178.340
-579475.340,-1266135.830,178.410
-579475.540,-1266135.540,178.460
-579475.740,-1266135.230,178.525
-579475.940,-1266134.940,178.585
-579476.130,-1266134.640,178.655
-579476.340,-1266134.330,178.715
-579476.550,-1266134.020,178.780
-579476.740,-1266133.720,178.870
-579477.160,-1266133.100,179.050
-579477.360,-1266132.790,179.100
-579477.560,-1266132.500,179.140
-579477.750,-1266132.210,179.160
-579477.940,-1266131.920,179.170
-579478.130,-1266131.640,179.170
-579478.330,-1266131.360,179.160
-579473.540,-1266138.540,177.800
-579473.730,-1266138.250,177.870
-579473.940,-1266137.940,177.960
-579474.150,-1266137.620,178.040
-579474.360,-1266137.310,178.100
-579476.860,-1266131.920,179.020
-579477.070,-1266131.600,179.040
-579477.270,-1266131.290,179.090
-579474.200,-1266136.410,178.070
-579474.410,-1266136.090,178.130
-579474.610,-1266135.790,178.200
-579474.800,-1266135.510,178.250
-579475.000,-1266135.210,178.335
-579475.190,-1266134.920,178.395
-579475.400,-1266134.610,178.460
-579475.590,-1266134.320,178.530
-579475.800,-1266134.000,178.600
-579475.990,-1266133.720,178.625
-579476.180,-1266133.430,178.660
-579477.000,-1266132.200,179.040
-579477.210,-1266131.890,179.090
-579477.420,-1266131.570,179.120
-579477.610,-1266131.290,179.160
-579472.580,-1266138.850,177.540
-579472.790,-1266138.540,177.610
-579472.980,-1266138.250,177.660
-579473.180,-1266137.950,177.740
-579473.380,-1266137.640,177.795
-579473.590,-1266137.330,177.870
-579473.790,-1266137.030,177.960
-579474.000,-1266136.720,178.000
-579472.930,-1266138.830,177.640
-579473.120,-1266138.550,177.710
-579473.330,-1266138.230,177.780
-579473.730,-1266137.620,177.890
-579473.940,-1266137.310,177.975
-579474.150,-1266136.990,178.040
-579474.360,-1266136.680,178.130
-579474.550,-1266136.390,178.175
-579471.840,-1266138.830,177.355
-579472.040,-1266138.530,177.410
-579472.240,-1266138.240,177.460
-579472.640,-1266137.630,177.600
-579472.850,-1266137.310,177.685
-579473.040,-1266137.030,177.730
-579473.240,-1266136.730,177.800
-579473.450,-1266136.420,177.860
-579473.660,-1266136.110,177.925
-579473.850,-1266135.810,177.985
-579474.060,-1266135.500,178.080
-579474.270,-1266135.180,178.140
-579474.480,-1266134.870,178.190
-579474.680,-1266134.580,178.280
-579474.870,-1266134.290,178.320
-579475.250,-1266133.710,178.450
-579475.460,-1266133.390,178.520
-579475.650,-1266133.110,178.545
-579475.870,-1266132.790,178.600
-579476.660,-1266131.590,178.955
-579476.860,-1266131.300,178.995
-579472.230,-1266138.870,177.440
-579472.450,-1266138.540,177.530
-579472.640,-1266138.250,177.575
-579472.850,-1266137.940,177.650
-579473.040,-1266137.650,177.720
-579473.240,-1266137.350,177.785
-579473.450,-1266137.040,177.860
-579473.660,-1266136.730,177.915
-579473.850,-1266136.430,177.980
-579474.060,-1266136.120,178.045
-579474.270,-1266135.810,178.120
-579474.480,-1266135.490,178.170
-579474.670,-1266135.200,178.260
-579474.860,-1266134.910,178.290
-579475.060,-1266134.620,178.360
-579475.260,-1266134.320,178.440
-579475.460,-1266134.020,178.510
-579475.660,-1266133.720,178.550
-579475.870,-1266133.410,178.610
-579476.050,-1266133.130,178.610
-579471.520,-1266138.840,177.280
-579471.710,-1266138.560,177.330
-579471.910,-1266138.260,177.380
-579472.110,-1266137.970,177.450
-579472.300,-1266137.680,177.525
-579472.510,-1266137.370,177.600
-579472.710,-1266137.070,177.660
-579472.910,-1266136.770,177.720
-579473.110,-1266136.470,177.790
-579473.300,-1266136.170,177.850
-579473.510,-1266135.870,177.905
-579473.720,-1266135.540,177.980
-579473.920,-1266135.250,178.035
-579474.120,-1266134.950,178.110
-579474.330,-1266134.630,178.170
-579474.540,-1266134.310,178.250
-579474.740,-1266134.020,178.290
-579474.930,-1266133.730,178.380
-579475.120,-1266133.440,178.430
-579475.320,-1266133.150,178.495
-579475.520,-1266132.840,178.530
-579475.720,-1266132.550,178.565
-579475.930,-1266132.230,178.625
-579476.310,-1266131.650,178.805
-579476.520,-1266131.340,178.910
-579470.710,-1266138.970,177.130
-579470.910,-1266138.670,177.180
-579471.120,-1266138.350,177.205
-579471.330,-1266138.040,177.285
-579471.540,-1266137.720,177.345
-579471.730,-1266137.430,177.385
-579471.930,-1266137.140,177.455
-579472.130,-1266136.840,177.520
-579472.320,-1266136.560,177.585
-579472.520,-1266136.250,177.650
-579472.720,-1266135.950,177.710
-579472.940,-1266135.630,177.780
-579473.120,-1266135.350,177.840
-579473.320,-1266135.050,177.900
-579473.530,-1266134.730,177.965
-579473.740,-1266134.430,178.030
-579473.930,-1266134.130,178.100
-579474.140,-1266133.820,178.160
-579474.350,-1266133.500,178.240
-579474.560,-1266133.190,178.300
-579474.950,-1266132.610,178.425
-579475.140,-1266132.320,178.480
-579475.340,-1266132.030,178.520
-579475.540,-1266131.720,178.590
-579475.740,-1266131.430,178.655
-579471.090,-1266138.900,177.190
-579471.300,-1266138.580,177.220
-579471.510,-1266138.270,177.300
-579471.710,-1266137.980,177.360
-579471.900,-1266137.680,177.420
-579472.090,-1266137.400,177.460
-579472.290,-1266137.100,177.530
-579472.500,-1266136.780,177.600
-579472.690,-1266136.500,177.680
-579472.900,-1266136.180,177.735
-579473.100,-1266135.880,177.800
-579473.290,-1266135.600,177.850
-579473.500,-1266135.280,177.920
-579473.900,-1266134.680,178.060
-579474.110,-1266134.360,178.110
-579474.320,-1266134.050,178.190
-579474.530,-1266133.740,178.260
-579474.720,-1266133.450,178.320
-579474.920,-1266133.150,178.395
-579475.110,-1266132.870,178.430
-579475.300,-1266132.570,178.495
-579475.520,-1266132.250,178.550
-579475.700,-1266131.980,178.580
-579475.910,-1266131.660,178.675
-579476.110,-1266131.360,178.760
-579470.690,-1266138.400,177.150
-579470.880,-1266138.110,177.195
-579471.100,-1266137.790,177.210
-579471.310,-1266137.470,177.295
-579471.510,-1266137.160,177.340
-579471.710,-1266136.870,177.405
-579471.910,-1266136.580,177.455
-579472.100,-1266136.290,177.520
-579472.300,-1266135.990,177.585
-579472.510,-1266135.670,177.665
-579472.700,-1266135.390,177.720
-579472.910,-1266135.070,177.775
-579473.110,-1266134.780,177.855
-579473.290,-1266134.500,177.900
-579473.510,-1266134.180,177.960
-579473.720,-1266133.850,178.040
-579473.910,-1266133.580,178.110
-579474.120,-1266133.260,178.175
-579474.330,-1266132.940,178.250
-579474.530,-1266132.630,178.310
-579474.730,-1266132.340,178.375
-579474.930,-1266132.050,178.440
-579475.120,-1266131.760,178.500
-579475.310,-1266131.470,178.560
-579470.670,-1266137.240,177.150
-579470.870,-1266136.940,177.180
-579471.080,-1266136.620,177.290
-579471.290,-1266136.310,177.315
-579471.500,-1266136.000,177.360
-579471.700,-1266135.700,177.440
-579472.080,-1266135.120,177.565
-579472.280,-1266134.820,177.640
-579472.490,-1266134.520,177.690
-579472.680,-1266134.220,177.750
-579472.890,-1266133.910,177.815
-579473.090,-1266133.620,177.880
-579473.280,-1266133.330,177.960
-579473.490,-1266133.010,178.000
-579473.700,-1266132.700,178.090
-579473.890,-1266132.410,178.135
-579474.100,-1266132.090,178.230
-579474.310,-1266131.780,178.295
-579474.520,-1266131.470,178.375
-579472.720,-1266134.820,177.750
-579472.930,-1266134.500,177.830
-579473.120,-1266134.220,177.890
-579473.320,-1266133.920,177.935
-579473.530,-1266133.610,178.005
-579473.930,-1266133.010,178.130
-579474.140,-1266132.680,178.245
-579474.350,-1266132.380,178.280
-579474.560,-1266132.070,178.335
-579474.750,-1266131.770,178.415
-579474.940,-1266131.480,178.490
-579470.500,-1266138.160,177.115
-579470.710,-1266137.840,177.140
-579471.120,-1266137.220,177.250
-579471.330,-1266136.910,177.330
-579471.540,-1266136.590,177.370
-579471.730,-1266136.300,177.420
-579471.920,-1266136.010,177.510
-579472.320,-1266135.420,177.635
-579470.500,-1266137.030,177.110
-579470.710,-1266136.710,177.170
-579470.910,-1266136.410,177.220
-579471.120,-1266136.100,177.295
-579471.330,-1266135.780,177.340
-579471.740,-1266135.170,177.490
-579471.930,-1266134.890,177.560
-579472.130,-1266134.590,177.610
-579472.320,-1266134.300,177.650
-579472.530,-1266133.990,177.750
-579472.730,-1266133.690,177.800
-579472.940,-1266133.380,177.880
-579473.130,-1266133.100,177.910
-579473.320,-1266132.800,177.980
-579473.530,-1266132.490,178.060
-579473.740,-1266132.170,178.120
-579473.940,-1266131.880,178.190
-579474.150,-1266131.560,178.280
-579470.260,-1266136.740,177.090
-579470.470,-1266136.410,177.110
-579470.670,-1266136.110,177.170
-579471.090,-1266135.480,177.295
-579471.290,-1266135.180,177.345
-579471.500,-1266134.860,177.430
-579471.700,-1266134.560,177.490
-579471.890,-1266134.280,177.535
-579472.090,-1266133.990,177.600
-579472.290,-1266133.690,177.650
-579472.490,-1266133.380,177.750
-579472.690,-1266133.090,177.800
-579472.900,-1266132.770,177.855
-579473.280,-1266132.200,177.990
-579473.500,-1266131.880,178.060
-579473.710,-1266131.560,178.125
-579470.290,-1266137.340,177.090
-579470.090,-1266136.420,177.080
-579470.280,-1266136.130,177.090
-579470.490,-1266135.820,177.160
-579470.700,-1266135.500,177.170
-579470.900,-1266135.200,177.255
-579471.320,-1266134.580,177.405
-579471.530,-1266134.260,177.460
-579471.720,-1266133.970,177.525
-579471.920,-1266133.680,177.570
-579472.120,-1266133.390,177.650
-579472.310,-1266133.100,177.720
-579472.520,-1266132.780,177.775
-579472.720,-1266132.490,177.845
-579472.920,-1266132.180,177.885
-579473.120,-1266131.890,177.970
-579473.310,-1266131.590,178.040
-579470.050,-1266135.840,177.070
-579470.250,-1266135.550,177.105
-579470.460,-1266135.220,177.145
-579470.670,-1266134.910,177.170
-579470.870,-1266134.620,177.265
-579471.080,-1266134.300,177.325
-579471.290,-1266133.990,177.390
-579471.490,-1266133.680,177.450
-579471.690,-1266133.380,177.520
-579471.880,-1266133.100,177.560
-579472.080,-1266132.810,177.640
-579472.280,-1266132.510,177.710
-579472.480,-1266132.200,177.780
-579472.670,-1266131.910,177.830
-579472.890,-1266131.590,177.885
-579470.030,-1266134.710,177.120
-579470.220,-1266134.420,177.130
-579470.440,-1266134.100,177.190
-579470.650,-1266133.780,177.230
-579470.840,-1266133.500,177.300
-579471.060,-1266133.180,177.365
-579471.270,-1266132.860,177.430
-579471.470,-1266132.550,177.490
-579471.670,-1266132.260,177.550
-579471.870,-1266131.960,177.630
-579472.060,-1266131.680,177.690
-579470.070,-1266135.300,177.070
-579470.270,-1266135.000,177.130
-579470.480,-1266134.680,177.165
-579470.690,-1266134.370,177.215
-579470.890,-1266134.070,177.280
-579471.100,-1266133.760,177.365
-579471.310,-1266133.450,177.435
-579471.520,-1266133.130,177.500
-579471.720,-1266132.830,177.550
-579472.110,-1266132.250,177.690
-579472.300,-1266131.960,177.770
-579472.500,-1266131.660,177.800
-579469.850,-1266134.400,177.090
-579470.040,-1266134.110,177.130
-579470.240,-1266133.810,177.155
-579470.450,-1266133.490,177.210
-579470.660,-1266133.180,177.280
-579471.070,-1266132.570,177.400
-579471.270,-1266132.270,177.450
-579471.480,-1266131.940,177.520
-579471.680,-1266131.650,177.595
-579471.030,-1266131.980,177.410
-579471.240,-1266131.660,177.510
-579470.010,-1266133.500,177.135
-579470.210,-1266133.210,177.190
-579470.410,-1266132.900,177.205
-579470.630,-1266132.570,177.290
-579470.820,-1266132.290,177.350
-579469.840,-1266133.220,177.140
-579470.040,-1266132.920,177.165
-579470.220,-1266132.640,177.190
-579470.440,-1266132.310,177.280
-579470.650,-1266132.000,177.310
-579470.840,-1266131.720,177.380
-579469.790,-1266132.600,177.130
-579469.990,-1266132.300,177.160
-579470.180,-1266132.010,177.185
-579470.390,-1266131.700,177.280
-579469.580,-1266132.320,177.095
-579469.800,-1266132.000,177.140
-579470.000,-1266131.700,177.160
-579469.410,-1266132.000,177.080
-579469.600,-1266131.710,177.115
-579484.550,-1266120.270,177.125
-579484.560,-1266120.860,177.150
-579484.740,-1266120.610,177.140
-579484.820,-1266121.490,177.145
-579485.010,-1266121.220,177.130
-579484.630,-1266121.750,177.170
-579484.680,-1266121.190,177.160
-579484.860,-1266120.920,177.130
-579484.810,-1266122.110,177.165
-579485.010,-1266121.820,177.130
-579484.800,-1266122.650,177.170
-579485.000,-1266122.370,177.130
-579485.190,-1266122.100,177.100
-579484.730,-1266123.180,177.195
-579484.930,-1266122.900,177.165
-579485.300,-1266122.370,177.105
-579485.110,-1266124.310,177.155
-579485.290,-1266124.050,177.130
-579485.480,-1266123.780,177.100
-579484.890,-1266124.020,177.180
-579485.090,-1266123.740,177.145
-579484.880,-1266123.430,177.170
-579485.090,-1266123.150,177.145
-579485.270,-1266122.890,177.130
-579484.910,-1266124.590,177.175
-579484.960,-1266125.340,177.225
-579485.150,-1266125.070,177.170
-579485.340,-1266124.800,177.150
-579485.540,-1266124.520,177.090
-579485.040,-1266124.840,177.170
-579485.220,-1266124.580,177.155
-579485.420,-1266124.290,177.125
-579485.620,-1266124.010,177.085
-579485.170,-1266126.230,177.220
-579485.370,-1266125.940,177.160
-579485.560,-1266125.660,177.150
-579485.180,-1266125.700,177.170
-579485.380,-1266125.410,177.160
-579485.130,-1266126.770,177.245
-579485.320,-1266126.490,177.170
-579485.520,-1266126.200,177.150
-579485.720,-1266125.930,177.140
-579485.290,-1266127.560,177.220
-579485.490,-1266127.270,177.180
-579485.690,-1266126.990,177.150
-579485.310,-1266127.010,177.220
-579485.510,-1266126.730,177.170
-579485.700,-1266126.440,177.145
-579485.300,-1266128.120,177.220
-579485.500,-1266127.830,177.200
-579485.700,-1266127.550,177.170
-579485.880,-1266127.290,177.130
-579485.400,-1266128.920,177.220
-579485.600,-1266128.630,177.195
-579485.770,-1266128.380,177.170
-579485.960,-1266128.110,177.130
-579485.400,-1266128.350,177.220
-579485.600,-1266128.060,177.185
-579485.780,-1266127.800,177.150
-579485.390,-1266129.530,177.290
-579485.590,-1266129.250,177.220
-579485.780,-1266128.980,177.170
-579485.960,-1266128.720,177.155
-579485.570,-1266129.820,177.230
-579485.750,-1266129.560,177.190
-579485.940,-1266129.300,177.170
-579485.650,-1266130.660,177.260
-579485.830,-1266130.410,177.195
-579486.020,-1266130.140,177.180
-579485.480,-1266130.350,177.290
-579485.660,-1266130.090,177.225
-579485.840,-1266129.830,177.180
-579486.030,-1266129.560,177.170
-579486.050,-1266130.770,177.170
-579484.620,-1266130.640,177.480
-579484.810,-1266130.370,177.450
-579485.200,-1266129.810,177.300
-579484.980,-1266130.680,177.390
-579485.170,-1266130.400,177.350
-579485.370,-1266130.100,177.290
-579485.270,-1266130.650,177.320
-579483.390,-1266130.870,177.850
-579483.580,-1266130.600,177.790
-579483.780,-1266130.310,177.720
-579484.160,-1266129.770,177.590
-579484.340,-1266129.500,177.530
-579484.520,-1266129.240,177.490
-579484.720,-1266128.960,177.405
-579484.920,-1266128.670,177.325
-579485.110,-1266128.410,177.300
-579483.680,-1266130.820,177.785
-579483.860,-1266130.560,177.695
-579484.060,-1266130.280,177.630
-579484.240,-1266130.010,177.585
-579484.430,-1266129.750,177.510
-579484.620,-1266129.470,177.475
-579484.820,-1266129.180,177.400
-579485.010,-1266128.910,177.320
-579485.210,-1266128.630,177.290
-579484.050,-1266130.860,177.660
-579484.240,-1266130.590,177.590
-579484.610,-1266130.050,177.470
-579484.820,-1266129.760,177.390
-579485.000,-1266129.490,177.355
-579485.190,-1266129.210,177.300
-579482.650,-1266130.830,178.025
-579482.840,-1266130.550,177.970
-579483.030,-1266130.280,177.880
-579483.210,-1266130.020,177.870
-579483.390,-1266129.760,177.790
-579483.580,-1266129.490,177.720
-579483.780,-1266129.200,177.670
-579483.960,-1266128.950,177.600
-579484.160,-1266128.650,177.510
-579484.350,-1266128.390,177.480
-579484.520,-1266128.130,177.420
-579484.720,-1266127.850,177.360
-579484.920,-1266127.560,177.310
-579485.110,-1266127.300,177.250
-579483.010,-1266130.830,177.950
-579483.200,-1266130.560,177.880
-579483.380,-1266130.300,177.810
-579483.760,-1266129.750,177.700
-579483.950,-1266129.490,177.600
-579484.140,-1266129.210,177.570
-579484.330,-1266128.940,177.510
-579484.520,-1266128.670,177.450
-579484.710,-1266128.400,177.400
-579484.910,-1266128.100,177.320
-579485.100,-1266127.830,177.265
-579482.710,-1266129.230,177.910
-579482.910,-1266128.950,177.880
-579483.100,-1266128.680,177.810
-579483.280,-1266128.420,177.765
-579483.460,-1266128.160,177.700
-579483.840,-1266127.610,177.580
-579484.030,-1266127.350,177.520
-579484.230,-1266127.060,177.435
-579484.410,-1266126.800,177.410
-579484.600,-1266126.530,177.340
-579484.800,-1266126.240,177.265
-579484.990,-1266125.970,177.250
-579481.920,-1266130.880,178.220
-579482.120,-1266130.590,178.165
-579482.300,-1266130.330,178.085
-579482.500,-1266130.050,178.030
-579482.700,-1266129.760,177.980
-579482.900,-1266129.480,177.885
-579483.080,-1266129.220,177.845
-579483.270,-1266128.950,177.780
-579483.450,-1266128.680,177.720
-579483.630,-1266128.430,177.680
-579483.830,-1266128.140,177.600
-579484.020,-1266127.870,177.525
-579484.220,-1266127.590,177.490
-579484.400,-1266127.330,177.430
-579484.590,-1266127.060,177.340
-579484.780,-1266126.780,177.310
-579484.980,-1266126.500,177.250
-579482.270,-1266130.860,178.140
-579482.460,-1266130.580,178.050
-579482.660,-1266130.300,177.980
-579482.860,-1266130.010,177.950
-579483.040,-1266129.750,177.880
-579483.220,-1266129.490,177.805
-579483.410,-1266129.220,177.780
-579483.600,-1266128.960,177.700
-579483.790,-1266128.680,177.620
-579483.980,-1266128.410,177.565
-579484.180,-1266128.130,177.510
-579484.360,-1266127.870,177.430
-579484.540,-1266127.600,177.405
-579484.740,-1266127.320,177.340
-579484.940,-1266127.030,177.270
-579480.820,-1266130.860,178.510
-579481.020,-1266130.580,178.440
-579481.210,-1266130.310,178.360
-579481.410,-1266130.030,178.320
-579481.590,-1266129.770,178.280
-579481.770,-1266129.500,178.200
-579481.970,-1266129.220,178.130
-579482.170,-1266128.930,178.070
-579482.350,-1266128.680,178.010
-579482.560,-1266128.390,177.945
-579482.750,-1266128.100,177.865
-579482.950,-1266127.830,177.805
-579483.140,-1266127.560,177.735
-579483.320,-1266127.290,177.700
-579483.500,-1266127.030,177.630
-579483.690,-1266126.760,177.570
-579483.890,-1266126.480,177.530
-579484.070,-1266126.220,177.440
-579484.270,-1266125.940,177.370
-579484.450,-1266125.670,177.340
-579484.640,-1266125.410,177.295
-579484.840,-1266125.120,177.230
-579481.140,-1266130.820,178.420
-579481.330,-1266130.540,178.340
-579481.520,-1266130.270,178.290
-579481.700,-1266130.010,178.250
-579481.900,-1266129.730,178.190
-579482.100,-1266129.440,178.095
-579482.280,-1266129.170,178.030
-579482.480,-1266128.890,178.010
-579482.680,-1266128.610,177.910
-579482.880,-1266128.320,177.830
-579483.060,-1266128.060,177.795
-579483.250,-1266127.800,177.730
-579483.430,-1266127.530,177.700
-579483.610,-1266127.270,177.630
-579483.810,-1266126.990,177.540
-579484.000,-1266126.720,177.520
-579484.190,-1266126.440,177.430
-579484.380,-1266126.170,177.370
-579484.560,-1266125.910,177.340
-579484.760,-1266125.630,177.280
-579481.550,-1266130.900,178.320
-579481.730,-1266130.630,178.275
-579481.940,-1266130.340,178.190
-579482.130,-1266130.060,178.130
-579482.310,-1266129.800,178.080
-579482.520,-1266129.510,178.005
-579480.880,-1266129.760,178.430
-579481.080,-1266129.470,178.400
-579481.260,-1266129.210,178.330
-579481.460,-1266128.930,178.235
-579481.650,-1266128.660,178.210
-579481.830,-1266128.400,178.150
-579482.020,-1266128.120,178.100
-579482.230,-1266127.830,178.030
-579482.610,-1266127.290,177.875
-579482.810,-1266127.000,177.820
-579483.010,-1266126.720,177.740
-579483.190,-1266126.460,177.695
-579483.380,-1266126.190,177.645
-579483.560,-1266125.930,177.590
-579483.740,-1266125.670,177.540
-579483.940,-1266125.380,177.470
-579484.320,-1266124.840,177.340
-579484.510,-1266124.560,177.300
-579484.690,-1266124.310,177.220
-579480.890,-1266130.330,178.480
-579481.090,-1266130.050,178.400
-579481.280,-1266129.790,178.330
-579481.480,-1266129.500,178.300
-579481.660,-1266129.240,178.230
-579481.840,-1266128.970,178.150
-579482.040,-1266128.690,178.100
-579482.240,-1266128.410,178.020
-579482.430,-1266128.140,177.955
-579482.620,-1266127.860,177.900
-579482.820,-1266127.580,177.820
-579483.020,-1266127.290,177.755
-579483.210,-1266127.020,177.720
-579483.390,-1266126.770,177.640
-579483.570,-1266126.500,177.610
-579483.760,-1266126.240,177.555
-579483.960,-1266125.950,177.470
-579484.140,-1266125.690,177.420
-579484.340,-1266125.400,177.340
-579484.520,-1266125.140,177.300
-579484.710,-1266124.880,177.265
-579481.680,-1266127.540,178.145
-579481.860,-1266127.280,178.090
-579482.060,-1266127.000,178.040
-579482.260,-1266126.710,177.960
-579482.440,-1266126.440,177.890
-579482.640,-1266126.160,177.855
-579482.840,-1266125.880,177.780
-579483.040,-1266125.590,177.700
-579483.220,-1266125.330,177.660
-579483.410,-1266125.060,177.590
-579483.590,-1266124.810,177.520
-579483.780,-1266124.540,177.490
-579483.980,-1266124.260,177.420
-579484.160,-1266123.990,177.340
-579484.360,-1266123.700,177.300
-579484.540,-1266123.450,177.260
-579480.870,-1266129.160,178.420
-579481.070,-1266128.880,178.345
-579481.260,-1266128.620,178.330
-579481.460,-1266128.330,178.230
-579481.640,-1266128.070,178.185
-579481.820,-1266127.810,178.145
-579482.020,-1266127.530,178.070
-579482.410,-1266126.970,177.940
-579482.600,-1266126.700,177.870
-579482.800,-1266126.410,177.790
-579483.000,-1266126.120,177.745
-579483.180,-1266125.870,177.680
-579483.370,-1266125.600,177.620
-579483.560,-1266125.330,177.570
-579483.730,-1266125.080,177.510
-579483.940,-1266124.790,177.440
-579484.120,-1266124.520,177.370
-579484.320,-1266124.240,177.320
-579484.510,-1266123.970,177.260
-579484.690,-1266123.710,177.220
-579483.120,-1266124.520,177.610
-579483.310,-1266124.250,177.575
-579483.500,-1266123.990,177.520
-579483.680,-1266123.730,177.470
-579483.860,-1266123.460,177.420
-579484.250,-1266122.920,177.300
-579484.450,-1266122.630,177.230
-579484.630,-1266122.360,177.170
-579480.790,-1266128.360,178.420
-579480.980,-1266128.100,178.340
-579481.170,-1266127.820,178.300
-579481.360,-1266127.550,178.240
-579481.560,-1266127.270,178.155
-579481.740,-1266127.020,178.125
-579481.930,-1266126.740,178.050
-579482.130,-1266126.470,177.970
-579482.320,-1266126.180,177.925
-579482.510,-1266125.910,177.870
-579482.710,-1266125.630,177.795
-579482.900,-1266125.350,177.710
-579483.110,-1266125.060,177.675
-579483.290,-1266124.800,177.600
-579483.470,-1266124.540,177.550
-579483.660,-1266124.270,177.495
-579483.840,-1266124.010,177.445
-579484.040,-1266123.730,177.380
-579484.230,-1266123.460,177.320
-579484.430,-1266123.170,177.275
-579484.610,-1266122.920,177.210
-579480.730,-1266128.900,178.430
-579480.910,-1266128.630,178.410
-579481.110,-1266128.350,178.330
-579481.290,-1266128.090,178.255
-579481.490,-1266127.800,178.235
-579480.810,-1266127.200,178.345
-579481.000,-1266126.930,178.275
-579481.190,-1266126.660,178.250
-579481.380,-1266126.390,178.160
-579481.580,-1266126.100,178.090
-579481.760,-1266125.850,178.060
-579481.950,-1266125.580,177.970
-579482.150,-1266125.290,177.910
-579482.350,-1266125.010,177.870
-579482.530,-1266124.750,177.800
-579482.930,-1266124.180,177.670
-579483.130,-1266123.900,177.615
-579483.320,-1266123.630,177.540
-579483.500,-1266123.370,177.500
-579483.680,-1266123.100,177.445
-579483.870,-1266122.840,177.370
-579484.070,-1266122.560,177.320
-579484.250,-1266122.290,177.270
-579484.450,-1266122.010,177.215
-579480.810,-1266127.820,178.365
-579481.000,-1266127.550,178.335
-579481.200,-1266127.270,178.250
-579481.380,-1266127.010,178.210
-579481.580,-1266126.720,178.150
-579481.760,-1266126.460,178.070
-579481.940,-1266126.200,178.030
-579482.150,-1266125.910,177.960
-579482.350,-1266125.630,177.890
-579482.530,-1266125.370,177.825
-579482.730,-1266125.080,177.780
-579482.930,-1266124.800,177.700
-579480.740,-1266126.310,178.370
-579480.920,-1266126.050,178.290
-579481.110,-1266125.790,178.225
-579481.300,-1266125.500,178.170
-579481.490,-1266125.240,178.100
-579481.690,-1266124.960,178.030
-579480.680,-1266126.890,178.380
-579480.860,-1266126.630,178.330
-579481.040,-1266126.380,178.265
-579481.250,-1266126.080,178.190
-579481.430,-1266125.820,178.130
-579481.620,-1266125.550,178.070
-579481.810,-1266125.270,178.020
-579482.000,-1266125.010,177.960
-579482.390,-1266124.440,177.840
-579482.580,-1266124.180,177.770
-579482.770,-1266123.900,177.700
-579482.980,-1266123.610,177.620
-579483.180,-1266123.330,177.570
-579483.360,-1266123.070,177.520
-579483.540,-1266122.810,177.465
-579483.730,-1266122.540,177.410
-579483.910,-1266122.280,177.370
-579484.110,-1266121.990,177.305
-579484.300,-1266121.730,177.230
-579484.490,-1266121.450,177.190
-579480.730,-1266125.710,178.330
-579480.910,-1266125.450,178.265
-579481.300,-1266124.900,178.120
-579481.480,-1266124.640,178.080
-579481.680,-1266124.360,178.030
-579481.860,-1266124.090,177.965
-579482.050,-1266123.830,177.930
-579482.240,-1266123.550,177.865
-579482.450,-1266123.260,177.770
-579482.830,-1266122.720,177.660
-579483.030,-1266122.430,177.585
-579483.230,-1266122.150,177.535
-579483.410,-1266121.890,177.470
-579483.600,-1266121.620,177.420
-579483.780,-1266121.360,177.370
-579483.970,-1266121.090,177.300
-579484.160,-1266120.810,177.180
-579484.350,-1266120.550,177.170
-579481.870,-1266124.690,178.000
-579482.050,-1266124.430,177.945
-579482.260,-1266124.150,177.870
-579482.640,-1266123.600,177.740
-579482.840,-1266123.320,177.660
-579483.040,-1266123.030,177.610
-579483.240,-1266122.750,177.540
-579483.420,-1266122.480,177.480
-579483.610,-1266122.220,177.440
-579483.790,-1266121.960,177.370
-579483.970,-1266121.700,177.335
-579484.180,-1266121.410,177.240
-579484.360,-1266121.150,177.185
-579480.590,-1266124.860,178.310
-579480.770,-1266124.610,178.250
-579480.960,-1266124.340,178.180
-579481.140,-1266124.080,178.150
-579481.340,-1266123.800,178.070
-579481.530,-1266123.530,178.020
-579481.730,-1266123.250,177.970
-579481.910,-1266122.990,177.925
-579482.100,-1266122.720,177.860
-579482.290,-1266122.440,177.785
-579482.490,-1266122.160,177.700
-579482.680,-1266121.890,177.640
-579482.880,-1266121.610,177.590
-579483.070,-1266121.330,177.540
-579483.280,-1266121.040,177.485
-579480.610,-1266125.430,178.335
-579480.970,-1266124.910,178.220
-579481.160,-1266124.640,178.150
-579481.360,-1266124.350,178.105
-579481.540,-1266124.100,178.050
-579481.740,-1266123.810,177.990
-579481.930,-1266123.540,177.930
-579482.110,-1266123.290,177.880
-579482.310,-1266123.000,177.815
-579482.510,-1266122.720,177.730
-579482.690,-1266122.450,177.670
-579482.890,-1266122.170,177.610
-579483.100,-1266121.880,177.535
-579483.290,-1266121.600,177.490
-579483.480,-1266121.340,177.450
-579483.660,-1266121.080,177.390
-579483.850,-1266120.800,177.300
-579480.620,-1266124.340,178.280
-579480.810,-1266124.070,178.220
-579480.990,-1266123.810,178.150
-579481.170,-1266123.560,178.090
-579481.380,-1266123.260,178.050
-579481.560,-1266123.000,177.980
-579481.750,-1266122.720,177.925
-579481.940,-1266122.450,177.870
-579482.130,-1266122.190,177.825
-579482.320,-1266121.920,177.770
-579482.530,-1266121.620,177.670
-579482.710,-1266121.360,177.620
-579482.910,-1266121.080,177.565
-579483.120,-1266120.760,177.490
-579481.360,-1266122.160,178.000
-579481.550,-1266121.900,177.950
-579481.750,-1266121.620,177.900
-579481.930,-1266121.350,177.860
-579482.130,-1266121.060,177.760
-579480.770,-1266123.530,178.240
-579480.960,-1266123.260,178.150
-579481.150,-1266123.000,178.110
-579481.340,-1266122.720,178.050
-579481.530,-1266122.460,177.990
-579481.730,-1266122.170,177.930
-579481.910,-1266121.920,177.885
-579482.100,-1266121.640,177.840
-579482.690,-1266120.780,177.600
-579480.610,-1266123.240,178.240
-579480.800,-1266122.970,178.180
-579480.980,-1266122.710,178.120
-579481.160,-1266122.450,178.070
-579480.420,-1266122.400,178.260
-579480.610,-1266122.140,178.210
-579480.800,-1266121.870,178.135
-579480.980,-1266121.620,178.095
-579481.160,-1266121.350,178.030
-579480.570,-1266122.650,178.240
-579480.750,-1266122.390,178.210
-579480.940,-1266122.130,178.130
-579481.120,-1266121.870,178.070
-579481.320,-1266121.580,178.025
-579481.510,-1266121.320,177.960
-579480.380,-1266121.810,178.270
-579480.560,-1266121.550,178.250
-579480.140,-1266130.820,178.690
-579480.510,-1266130.280,178.570
-579480.690,-1266130.030,178.510
-579480.520,-1266130.860,178.570
-579480.710,-1266130.600,178.530
-579479.540,-1266131.070,178.880
-579479.740,-1266130.780,178.785
-579479.940,-1266130.500,178.720
-579480.140,-1266130.220,178.680
-579480.320,-1266129.950,178.600
-579480.500,-1266129.690,178.540
-579480.690,-1266129.430,178.510
-579479.950,-1266131.090,178.740
-579478.880,-1266131.100,179.060
-579479.060,-1266130.840,178.990
-579479.260,-1266130.550,178.915
-579479.460,-1266130.270,178.840
-579479.640,-1266130.010,178.800
-579479.840,-1266129.730,178.720
-579480.040,-1266129.440,178.640
-579480.240,-1266129.160,178.605
-579480.430,-1266128.890,178.530
-579480.600,-1266128.630,178.470
-579479.190,-1266131.090,178.980
-579479.390,-1266130.800,178.915
-579479.580,-1266130.540,178.810
-579479.770,-1266130.260,178.780
-579479.970,-1266129.970,178.710
-579480.180,-1266129.680,178.620
-579480.360,-1266129.420,178.570
-579480.540,-1266129.160,178.520
-579478.130,-1266131.020,179.170
-579478.320,-1266130.750,179.170
-579478.510,-1266130.480,179.100
-579478.710,-1266130.190,179.020
-579478.890,-1266129.940,178.980
-579479.080,-1266129.670,178.920
-579479.280,-1266129.380,178.850
-579479.480,-1266129.110,178.790
-579479.660,-1266128.840,178.720
-579479.870,-1266128.550,178.660
-579480.060,-1266128.270,178.600
-579480.260,-1266127.990,178.530
-579480.450,-1266127.720,178.455
-579480.630,-1266127.460,178.420
-579478.510,-1266131.100,179.145
-579478.710,-1266130.810,179.070
-579478.890,-1266130.550,178.990
-579479.080,-1266130.290,178.950
-579479.280,-1266130.010,178.885
-579479.480,-1266129.720,178.810
-579479.660,-1266129.460,178.745
-579479.860,-1266129.170,178.700
-579480.060,-1266128.890,178.620
-579480.260,-1266128.610,178.540
-579480.440,-1266128.350,178.520
-579480.630,-1266128.080,178.425
-579477.480,-1266130.980,179.165
-579477.680,-1266130.690,179.170
-579477.870,-1266130.380,179.170
-579478.240,-1266129.870,179.140
-579478.430,-1266129.590,179.100
-579478.620,-1266129.330,179.040
-579478.820,-1266129.040,178.950
-579479.000,-1266128.780,178.930
-579479.180,-1266128.520,178.840
-579479.390,-1266128.230,178.795
-579479.590,-1266127.950,178.740
-579479.770,-1266127.690,178.660
-579479.970,-1266127.400,178.610
-579480.170,-1266127.120,178.530
-579480.360,-1266126.840,178.460
-579480.550,-1266126.570,178.410
-579477.810,-1266130.990,179.170
-579477.990,-1266130.710,179.170
-579478.170,-1266130.460,179.170
-579478.380,-1266130.170,179.110
-579478.560,-1266129.910,179.080
-579478.760,-1266129.630,179.020
-579478.940,-1266129.360,178.930
-579479.130,-1266129.100,178.890
-579479.330,-1266128.810,178.820
-579479.530,-1266128.530,178.750
-579479.710,-1266128.270,178.710
-579479.900,-1266127.990,178.635
-579480.110,-1266127.700,178.560
-579480.310,-1266127.420,178.510
-579480.490,-1266127.160,178.445
-579477.060,-1266130.990,179.030
-579477.270,-1266130.670,179.110
-579477.480,-1266130.360,179.170
-579477.670,-1266130.080,179.170
-579477.860,-1266129.790,179.155
-579478.040,-1266129.540,179.145
-579478.220,-1266129.280,179.130
-579478.430,-1266128.990,179.070
-579478.610,-1266128.730,179.030
-579478.810,-1266128.450,178.940
-579479.000,-1266128.180,178.880
-579479.180,-1266127.920,178.840
-579479.380,-1266127.640,178.760
-579479.580,-1266127.350,178.690
-579479.760,-1266127.080,178.660
-579479.960,-1266126.810,178.570
-579480.160,-1266126.520,178.495
-579480.360,-1266126.240,178.445
-579480.540,-1266125.980,178.385
-579478.850,-1266127.340,178.880
-579479.040,-1266127.070,178.860
-579479.230,-1266126.810,178.760
-579479.420,-1266126.520,178.685
-579479.620,-1266126.240,178.660
-579479.810,-1266125.980,178.600
-579480.010,-1266125.690,178.500
-579480.210,-1266125.410,178.430
-579480.410,-1266125.130,178.395
-579479.060,-1266127.630,178.860
-579479.240,-1266127.380,178.760
-579479.440,-1266127.090,178.730
-579479.640,-1266126.800,178.670
-579479.820,-1266126.550,178.590
-579480.020,-1266126.260,178.525
-579480.230,-1266125.970,178.460
-579480.420,-1266125.700,178.415
-579476.730,-1266131.030,178.965
-579476.920,-1266130.750,179.000
-579477.130,-1266130.430,179.090
-579477.340,-1266130.110,179.160
-579477.540,-1266129.810,179.160
-579477.740,-1266129.510,179.160
-579477.920,-1266129.250,179.155
-579478.100,-1266128.990,179.140
-579478.290,-1266128.730,179.110
-579478.490,-1266128.440,179.040
-579478.670,-1266128.180,178.970
-579478.870,-1266127.900,178.880
-579479.070,-1266126.540,178.790
-579479.250,-1266126.280,178.720
-579479.450,-1266126.000,178.670
-579479.650,-1266125.710,178.610
-579480.030,-1266125.170,178.470
-579480.240,-1266124.880,178.410
-579480.440,-1266124.600,178.350
-579475.950,-1266131.110,178.740
-579476.140,-1266130.820,178.790
-579476.330,-1266130.540,178.880
-579476.540,-1266130.220,178.930
-579476.750,-1266129.910,179.010
-579476.300,-1266131.080,178.855
-579476.510,-1266130.770,178.890
-579476.720,-1266130.450,178.975
-579477.110,-1266129.860,179.090
-579477.320,-1266129.540,179.145
-579477.530,-1266129.220,179.160
-579477.720,-1266128.940,179.160
-579477.900,-1266128.690,179.145
-579478.090,-1266128.430,179.140
-579478.270,-1266128.170,179.070
-579478.470,-1266127.880,179.020
-579478.660,-1266127.610,178.960
-579475.520,-1266131.150,178.600
-579475.710,-1266130.870,178.690
-579475.920,-1266130.560,178.760
-579476.120,-1266130.260,178.790
-579476.300,-1266129.980,178.885
-579476.510,-1266129.660,178.940
-579476.720,-1266129.350,178.990
-579476.910,-1266129.070,179.075
-579477.120,-1266128.750,179.140
-579477.330,-1266128.440,179.160
-579477.540,-1266128.120,179.165
-579477.720,-1266127.870,179.160
-579477.910,-1266127.610,179.150
-579478.090,-1266127.350,179.075
-579478.270,-1266127.090,179.070
-579478.470,-1266126.800,178.970
-579478.660,-1266126.540,178.910
-579478.860,-1266126.250,178.840
-579479.040,-1266126.000,178.800
-579479.220,-1266125.730,178.730
-579479.420,-1266125.450,178.680
-579479.620,-1266125.170,178.600
-579479.810,-1266124.910,178.530
-579480.010,-1266124.620,178.470
-579480.200,-1266124.340,178.420
-579480.410,-1266124.050,178.345
-579476.940,-1266129.620,179.070
-579477.150,-1266129.310,179.140
-579477.360,-1266128.990,179.145
-579477.570,-1266128.670,179.160
-579477.750,-1266128.420,179.165
-579477.930,-1266128.160,179.150
-579478.120,-1266127.890,179.095
-579478.500,-1266127.350,178.970
-579478.690,-1266127.090,178.890
-579478.880,-1266126.810,178.860
-579474.710,-1266131.180,178.410
-579474.910,-1266130.880,178.490
-579475.100,-1266130.600,178.540
-579475.290,-1266130.320,178.600
-579475.500,-1266129.990,178.670
-579475.690,-1266129.710,178.720
-579475.900,-1266129.410,178.790
-579476.100,-1266129.110,178.870
-579476.290,-1266128.820,178.915
-579476.490,-1266128.520,178.970
-579476.700,-1266128.200,179.065
-579476.890,-1266127.910,179.110
-579477.100,-1266127.600,179.160
-579477.310,-1266127.280,179.160
-579477.510,-1266127.000,179.160
-579477.690,-1266126.740,179.160
-579477.880,-1266126.480,179.100
-579478.070,-1266126.210,179.060
-579478.240,-1266125.950,179.030
-579478.450,-1266125.670,178.910
-579478.630,-1266125.400,178.880
-579478.830,-1266125.120,178.830
-579479.020,-1266124.860,178.780
-579479.200,-1266124.590,178.700
-579475.140,-1266131.190,178.550
-579475.330,-1266130.900,178.590
-579475.540,-1266130.590,178.660
-579475.730,-1266130.300,178.720
-579475.950,-1266129.980,178.790
-579476.130,-1266129.700,178.875
-579476.330,-1266129.410,178.915
-579476.540,-1266129.090,178.980
-579476.740,-1266128.790,179.060
-579476.940,-1266128.500,179.110
-579477.140,-1266128.190,179.160
-579477.350,-1266127.870,179.165
-579477.560,-1266127.570,179.165
-579477.740,-1266127.320,179.160
-579477.920,-1266127.060,179.100
-579478.110,-1266126.790,179.070
-579478.290,-1266126.530,178.990
-579478.680,-1266125.990,178.880
-579478.880,-1266125.700,178.805
-579479.060,-1266125.440,178.745
-579479.440,-1266124.900,178.635
-579479.650,-1266124.610,178.550
-579479.830,-1266124.350,178.500
-579480.020,-1266124.070,178.450
-579480.230,-1266123.780,178.360
-579480.430,-1266123.490,178.300
-579474.350,-1266131.260,178.335
-579474.560,-1266130.950,178.400
-579474.760,-1266130.650,178.470
-579474.950,-1266130.370,178.540
-579475.140,-1266130.070,178.570
-579475.340,-1266129.780,178.640
-579475.540,-1266129.480,178.710
-579475.740,-1266129.180,178.790
-579475.950,-1266128.860,178.865
-579476.140,-1266128.580,178.900
-579476.330,-1266128.300,178.950
-579476.540,-1266127.980,179.050
-579476.750,-1266127.670,179.110
-579476.930,-1266127.390,179.160
-579477.150,-1266127.070,179.160
-579477.360,-1266126.750,179.160
-579477.550,-1266126.490,179.160
-579477.740,-1266126.220,179.120
-579477.920,-1266125.960,179.070
-579478.100,-1266125.700,179.035
-579478.490,-1266125.150,178.890
-579478.670,-1266124.890,178.840
-579478.880,-1266124.600,178.780
-579479.060,-1266124.340,178.700
-579479.240,-1266124.080,178.660
-579479.440,-1266123.790,178.605
-579479.640,-1266123.510,178.520
-579479.820,-1266123.260,178.455
-579480.030,-1266122.970,178.385
-579480.230,-1266122.680,178.340
-579479.400,-1266124.320,178.635
-579479.600,-1266124.030,178.570
-579479.790,-1266123.770,178.520
-579479.980,-1266123.480,178.450
-579480.180,-1266123.200,178.380
-579480.380,-1266122.920,178.315
-579473.900,-1266131.280,178.200
-579474.110,-1266130.960,178.285
-579474.320,-1266130.660,178.310
-579474.520,-1266130.340,178.400
-579474.720,-1266130.050,178.470
-579474.910,-1266129.760,178.520
-579475.100,-1266129.470,178.600
-579475.300,-1266129.180,178.640
-579475.510,-1266128.870,178.705
-579475.700,-1266128.580,178.780
-579475.900,-1266128.270,178.860
-579476.100,-1266127.980,178.890
-579476.290,-1266127.700,178.950
-579476.500,-1266127.390,179.035
-579476.710,-1266127.070,179.090
-579477.100,-1266126.470,179.160
-579477.310,-1266126.170,179.160
-579477.510,-1266125.890,179.160
-579477.690,-1266125.630,179.140
-579477.880,-1266125.370,179.065
-579478.070,-1266125.100,178.990
-579478.250,-1266124.850,178.970
-579478.450,-1266124.560,178.900
-579478.640,-1266124.290,178.825
-579478.830,-1266124.020,178.770
-579479.020,-1266123.750,178.720
-579479.200,-1266123.490,178.660
-579479.400,-1266123.210,178.570
-579479.600,-1266122.920,178.520
-579479.790,-1266122.660,178.450
-579479.980,-1266122.380,178.380
-579480.180,-1266122.090,178.340
-579478.620,-1266123.130,178.780
-579478.820,-1266122.850,178.660
-579479.000,-1266122.590,178.620
-579479.190,-1266122.330,178.590
-579479.390,-1266122.050,178.555
-579479.590,-1266121.760,178.510
-579479.770,-1266121.500,178.490
-579479.980,-1266121.180,178.420
-579473.520,-1266131.290,178.100
-579473.730,-1266130.970,178.155
-579473.930,-1266130.680,178.250
-579474.130,-1266130.370,178.300
-579474.340,-1266130.060,178.370
-579474.550,-1266129.740,178.440
-579474.740,-1266129.450,178.480
-579474.940,-1266129.160,178.570
-579475.130,-1266128.880,178.615
-579475.320,-1266128.590,178.680
-579475.530,-1266128.280,178.770
-579475.720,-1266127.990,178.810
-579475.930,-1266127.670,178.880
-579476.120,-1266127.380,178.930
-579476.520,-1266126.790,179.060
-579476.730,-1266126.470,179.155
-579476.920,-1266126.190,179.150
-579477.140,-1266125.860,179.160
-579477.340,-1266125.580,179.160
-579477.530,-1266125.310,179.145
-579477.720,-1266125.040,179.070
-579477.900,-1266124.780,179.040
-579478.080,-1266124.520,178.980
-579478.270,-1266124.250,178.910
-579478.470,-1266123.970,178.845
-579478.650,-1266123.710,178.800
-579478.850,-1266123.430,178.720
-579479.040,-1266123.160,178.640
-579479.220,-1266122.910,178.610
-579479.420,-1266122.620,178.525
-579479.630,-1266122.330,178.455
-579479.810,-1266122.080,178.430
-579480.010,-1266121.790,178.380
-579480.210,-1266121.500,178.340
-579474.540,-1266128.610,178.490
-579474.730,-1266128.320,178.540
-579474.920,-1266128.030,178.610
-579475.120,-1266127.750,178.660
-579475.310,-1266127.460,178.730
-579475.520,-1266127.140,178.800
-579475.710,-1266126.860,178.865
-579475.920,-1266126.540,178.920
-579476.110,-1266126.260,178.985
-579476.300,-1266125.970,179.050
-579476.510,-1266125.660,179.130
-579476.720,-1266125.340,179.160
-579476.910,-1266125.060,179.170
-579477.120,-1266124.760,179.170
-579477.320,-1266124.480,179.160
-579477.520,-1266124.190,179.100
-579477.700,-1266123.940,179.040
-579477.890,-1266123.670,178.990
-579478.070,-1266123.410,178.970
-579478.250,-1266123.150,178.920
-579479.020,-1266122.060,178.625
-579479.210,-1266121.790,178.590
-579479.420,-1266121.460,178.530
-579479.800,-1266120.920,178.485
-579473.080,-1266131.300,177.970
-579473.270,-1266131.020,178.045
-579473.490,-1266130.690,178.110
-579473.690,-1266130.390,178.180
-579473.880,-1266130.100,178.230
-579474.100,-1266129.780,178.295
-579474.310,-1266129.470,178.370
-579474.510,-1266129.170,178.440
-579474.710,-1266128.870,178.500
-579474.900,-1266128.580,178.580
-579475.090,-1266128.300,178.620
-579475.290,-1266128.000,178.690
-579475.500,-1266127.690,178.770
-579475.680,-1266127.410,178.820
-579475.890,-1266127.090,178.870
-579476.090,-1266126.800,178.930
-579476.280,-1266126.520,179.000
-579476.490,-1266126.210,179.075
-579476.700,-1266125.890,179.145
-579476.890,-1266125.610,179.170
-579477.100,-1266125.280,179.170
-579477.300,-1266125.010,179.170
-579477.500,-1266124.730,179.150
-579477.680,-1266124.470,179.070
-579477.860,-1266124.210,179.020
-579478.050,-1266123.940,178.970
-579478.230,-1266123.680,178.920
-579478.430,-1266123.400,178.870
-579472.250,-1266131.390,177.755
-579472.460,-1266131.070,177.815
-579472.650,-1266130.790,177.890
-579472.870,-1266130.470,177.970
-579473.060,-1266130.180,178.000
-579473.250,-1266129.900,178.060
-579473.460,-1266129.580,178.135
-579473.670,-1266129.260,178.180
-579473.860,-1266128.980,178.260
-579474.070,-1266128.670,178.365
-579474.290,-1266128.350,178.420
-579474.490,-1266128.040,178.490
-579474.680,-1266127.750,178.555
-579475.070,-1266127.170,178.660
-579475.260,-1266126.890,178.735
-579475.470,-1266126.570,178.800
-579475.660,-1266126.280,178.860
-579475.870,-1266125.970,178.950
-579476.070,-1266125.680,179.010
-579476.260,-1266125.390,179.060
-579476.460,-1266125.090,179.140
-579476.680,-1266124.770,179.170
-579476.870,-1266124.480,179.170
-579477.070,-1266124.200,179.170
-579477.270,-1266123.920,179.150
-579477.470,-1266123.630,179.100
-579477.650,-1266123.370,179.060
-579477.830,-1266123.110,179.030
-579478.020,-1266122.850,178.970
-579478.790,-1266121.750,178.735
-579478.980,-1266121.460,178.620
-579479.170,-1266121.190,178.595
-579472.700,-1266131.350,177.870
-579472.910,-1266131.040,177.930
-579473.100,-1266130.760,178.010
-579473.300,-1266130.470,178.060
-579473.510,-1266130.150,178.145
-579473.710,-1266129.840,178.210
-579473.910,-1266129.550,178.260
-579474.120,-1266129.230,178.340
-579474.330,-1266128.920,178.430
-579477.470,-1266123.040,179.080
-579477.650,-1266122.780,179.055
-579477.840,-1266122.510,178.975
-579478.030,-1266122.250,178.955
-579478.210,-1266121.990,178.925
-579478.410,-1266121.690,178.785
-579471.870,-1266131.370,177.680
-579472.070,-1266131.070,177.745
-579472.270,-1266130.780,177.795
-579472.470,-1266130.460,177.865
-579472.670,-1266130.180,177.925
-579472.880,-1266129.860,177.990
-579473.070,-1266129.580,178.060
-579473.260,-1266129.290,178.110
-579473.470,-1266128.970,178.170
-579473.680,-1266128.660,178.240
-579473.870,-1266128.370,178.305
-579474.080,-1266128.060,178.380
-579474.500,-1266127.430,178.525
-579474.690,-1266127.150,178.590
-579474.890,-1266126.860,178.650
-579475.080,-1266126.560,178.690
-579475.270,-1266126.280,178.770
-579475.480,-1266125.970,178.830
-579475.680,-1266125.670,178.890
-579475.880,-1266125.380,178.975
-579476.080,-1266125.070,179.050
-579476.270,-1266124.790,179.100
-579471.450,-1266131.350,177.555
-579471.640,-1266131.060,177.600
-579471.840,-1266130.760,177.680
-579472.220,-1266130.190,177.800
-579472.440,-1266129.870,177.880
-579472.640,-1266129.580,177.920
-579472.840,-1266129.270,177.990
-579473.030,-1266128.980,178.050
-579473.230,-1266128.680,178.105
-579473.430,-1266128.390,178.190
-579473.840,-1266127.770,178.330
-579474.050,-1266127.470,178.380
-579474.260,-1266127.150,178.460
-579474.470,-1266126.840,178.520
-579474.660,-1266126.550,178.580
-579474.850,-1266126.260,178.640
-579475.050,-1266125.970,178.720
-579475.240,-1266125.690,178.770
-579475.450,-1266125.370,178.870
-579475.850,-1266124.770,178.990
-579476.040,-1266124.480,179.050
-579476.230,-1266124.200,179.080
-579476.440,-1266123.890,179.140
-579476.650,-1266123.580,179.170
-579476.840,-1266123.300,179.180
-579477.040,-1266123.020,179.165
-579477.240,-1266122.740,179.110
-579477.430,-1266122.460,179.075
-579477.620,-1266122.190,179.030
-579477.810,-1266121.930,178.970
-579476.470,-1266124.490,179.155
-579476.680,-1266124.170,179.170
-579477.070,-1266123.600,179.170
-579477.270,-1266123.320,179.135
-579471.050,-1266131.400,177.430
-579471.270,-1266131.080,177.520
-579471.470,-1266130.770,177.570
-579471.670,-1266130.480,177.640
-579471.870,-1266130.180,177.705
-579472.060,-1266129.900,177.760
-579472.250,-1266129.610,177.830
-579472.460,-1266129.290,177.900
-579472.660,-1266129.000,177.960
-579472.860,-1266128.700,178.020
-579473.250,-1266128.110,178.160
-579473.460,-1266127.810,178.210
-579473.670,-1266127.480,178.290
-579473.860,-1266127.200,178.345
-579474.070,-1266126.880,178.420
-579474.280,-1266126.580,178.500
-579474.490,-1266126.260,178.570
-579474.680,-1266125.970,178.630
-579474.880,-1266125.690,178.705
-579475.070,-1266125.390,178.760
-579475.260,-1266125.110,178.800
-579475.470,-1266124.800,178.880
-579475.660,-1266124.510,178.960
-579475.870,-1266124.200,179.025
-579476.060,-1266123.920,179.070
-579476.260,-1266123.630,179.125
-579476.460,-1266123.320,179.170
-579476.860,-1266122.730,179.170
-579477.060,-1266122.460,179.170
-579477.250,-1266122.180,179.120
-579477.460,-1266121.880,179.030
-579472.210,-1266128.390,177.850
-579472.420,-1266128.070,177.925
-579472.620,-1266127.790,177.980
-579472.830,-1266127.470,178.070
-579473.020,-1266127.180,178.130
-579473.210,-1266126.900,178.190
-579473.420,-1266126.580,178.260
-579473.630,-1266126.280,178.340
-579473.830,-1266125.980,178.410
-579474.040,-1266125.670,178.470
-579474.240,-1266125.360,178.550
-579474.450,-1266125.050,178.610
-579474.640,-1266124.760,178.680
-579474.830,-1266124.470,178.710
-579475.030,-1266124.180,178.800
-579475.220,-1266123.890,178.850
-579475.430,-1266123.590,178.935
-579470.600,-1266131.380,177.320
-579470.800,-1266131.090,177.395
-579471.000,-1266130.790,177.450
-579471.220,-1266130.470,177.510
-579471.430,-1266130.150,177.595
-579471.620,-1266129.860,177.650
-579471.810,-1266129.580,177.710
-579472.010,-1266129.280,177.785
-579472.200,-1266129.000,177.840
-579472.410,-1266128.690,177.900
-579472.820,-1266128.080,178.020
-579473.010,-1266127.790,178.105
-579473.210,-1266127.500,178.160
-579473.410,-1266127.190,178.205
-579473.620,-1266126.880,178.315
-579473.820,-1266126.590,178.365
-579474.030,-1266126.270,178.450
-579474.230,-1266125.960,178.520
-579474.440,-1266125.650,178.575
-579474.640,-1266125.360,178.630
-579474.830,-1266125.080,178.700
-579475.020,-1266124.790,178.760
-579475.210,-1266124.500,178.810
-579475.420,-1266124.190,178.880
-579475.610,-1266123.900,178.950
-579475.820,-1266123.590,179.020
-579476.010,-1266123.310,179.070
-579476.200,-1266123.020,179.140
-579476.410,-1266122.700,179.170
-579476.620,-1266122.380,179.180
-579476.800,-1266122.140,179.175
-579475.620,-1266123.290,179.010
-579475.830,-1266122.980,179.060
-579476.020,-1266122.700,179.110
-579476.220,-1266122.410,179.160
-579476.430,-1266122.090,179.170
-579476.630,-1266121.770,179.200
-579470.190,-1266131.420,177.235
-579470.400,-1266131.090,177.290
-579470.610,-1266130.780,177.330
-579470.800,-1266130.490,177.400
-579471.010,-1266130.180,177.480
-579471.230,-1266129.860,177.550
-579471.440,-1266129.550,177.610
-579471.630,-1266129.260,177.690
-579471.820,-1266128.970,177.740
-579469.810,-1266131.410,177.150
-579470.000,-1266131.120,177.190
-579470.210,-1266130.810,177.260
-579470.420,-1266130.500,177.310
-579470.620,-1266130.190,177.380
-579470.820,-1266129.900,177.420
-579471.030,-1266129.580,177.525
-579471.230,-1266129.280,177.575
-579471.640,-1266128.670,177.710
-579471.830,-1266128.380,177.775
-579472.030,-1266128.090,177.800
-579472.220,-1266127.800,177.900
-579472.430,-1266127.490,177.960
-579472.630,-1266127.200,178.010
-579472.840,-1266126.890,178.095
-579473.030,-1266126.600,178.145
-579473.220,-1266126.310,178.210
-579473.430,-1266126.000,178.255
-579473.640,-1266125.680,178.350
-579473.830,-1266125.390,178.440
-579474.050,-1266125.080,178.505
-579474.250,-1266124.770,178.570
-579474.460,-1266124.460,178.610
-579474.660,-1266124.170,178.700
-579474.850,-1266123.890,178.765
-579475.040,-1266123.600,178.820
-579475.230,-1266123.310,178.880
-579475.440,-1266123.000,178.960
-579475.630,-1266122.710,179.010
-579475.840,-1266122.400,179.095
-579476.030,-1266122.110,179.160
-579476.240,-1266121.790,179.175
-579476.440,-1266121.470,179.250
-579470.550,-1266128.940,177.410
-579470.740,-1266128.650,177.435
-579470.960,-1266128.330,177.545
-579471.160,-1266128.020,177.610
-579471.370,-1266127.710,177.690
-579471.570,-1266127.410,177.730
-579471.760,-1266127.130,177.780
-579471.960,-1266126.840,177.850
-579472.150,-1266126.540,177.900
-579472.360,-1266126.240,177.980
-579472.550,-1266125.940,178.050
-579472.770,-1266125.630,178.105
-579472.950,-1266125.350,178.160
-579473.360,-1266124.740,178.340
-579473.560,-1266124.440,178.400
-579473.760,-1266124.150,178.435
-579473.970,-1266123.830,178.520
-579474.180,-1266123.520,178.590
-579474.390,-1266123.210,178.630
-579474.580,-1266122.920,178.710
-579469.390,-1266131.400,177.080
-579469.590,-1266131.090,177.140
-579469.790,-1266130.790,177.155
-579470.000,-1266130.490,177.225
-579470.190,-1266130.200,177.310
-579470.390,-1266129.890,177.335
-579470.610,-1266129.570,177.400
-579471.220,-1266128.660,177.595
-579471.440,-1266128.340,177.660
-579471.630,-1266128.060,177.735
-579471.820,-1266127.760,177.780
-579472.020,-1266127.470,177.855
-579472.210,-1266127.190,177.900
-579472.420,-1266126.870,177.980
-579472.620,-1266126.580,178.060
-579472.820,-1266126.270,178.100
-579473.020,-1266125.980,178.150
-579473.210,-1266125.690,178.220
-579473.820,-1266124.780,178.470
-579474.030,-1266124.470,178.530
-579474.240,-1266124.160,178.600
-579474.440,-1266123.860,178.660
-579474.640,-1266123.560,178.720
-579474.830,-1266123.270,178.765
-579475.020,-1266122.990,178.820
-579475.430,-1266122.380,178.990
-579475.620,-1266122.080,179.060
-579474.960,-1266122.350,178.880
-579469.330,-1266130.770,177.100
-579469.530,-1266130.460,177.150
-579469.740,-1266130.140,177.185
-579469.930,-1266129.860,177.220
-579471.090,-1266126.790,177.650
-579471.300,-1266126.490,177.700
-579471.500,-1266126.190,177.760
-579471.690,-1266125.900,177.840
-579471.880,-1266125.620,177.870
-579472.080,-1266125.320,177.940
-579472.290,-1266125.010,178.030
-579472.480,-1266124.730,178.065
-579472.690,-1266124.410,178.145
-579472.890,-1266124.120,178.200
-579473.080,-1266123.840,178.310
-579473.290,-1266123.530,178.360
-579473.500,-1266123.210,178.420
-579473.690,-1266122.930,178.530
-579473.900,-1266122.620,178.590
-579469.280,-1266130.130,177.120
-579469.880,-1266129.220,177.210
-579470.080,-1266128.920,177.290
-579470.280,-1266128.620,177.335
-579470.490,-1266128.300,177.410
-579470.690,-1266128.010,177.470
-579471.110,-1266127.390,177.600
-579471.320,-1266127.070,177.695
-579471.520,-1266126.780,177.735
-579471.710,-1266126.500,177.810
-579471.900,-1266126.210,177.865
-579472.100,-1266125.920,177.935
-579472.300,-1266125.610,177.990
-579472.500,-1266125.320,178.060
-579472.710,-1266125.000,178.100
-579472.900,-1266124.720,178.170
-579473.300,-1266124.120,178.330
-579473.510,-1266123.800,178.390
-579473.710,-1266123.510,178.470
-579473.920,-1266123.200,178.535
-579474.130,-1266122.890,178.600
-579474.330,-1266122.590,178.700
-579474.530,-1266122.280,178.750
-579469.260,-1266129.520,177.115
-579469.460,-1266129.240,177.160
-579469.670,-1266128.910,177.180
-579469.860,-1266128.620,177.220
-579470.050,-1266128.340,177.310
-579470.480,-1266127.710,177.420
-579470.670,-1266127.420,177.520
-579470.880,-1266127.110,177.580
-579469.070,-1266129.280,177.110
-579469.280,-1266128.960,177.140
-579469.480,-1266128.660,177.180
-579469.690,-1266128.350,177.220
-579469.880,-1266128.060,177.290
-579470.080,-1266127.770,177.310
-579470.290,-1266127.450,177.420
-579470.500,-1266127.150,177.470
-579470.700,-1266126.850,177.520
-579470.910,-1266126.540,177.600
-579471.110,-1266126.230,177.650
-579471.320,-1266125.920,177.725
-579471.520,-1266125.620,177.805
-579471.710,-1266125.340,177.860
-579471.900,-1266125.050,177.930
-579472.100,-1266124.760,177.980
-579472.310,-1266124.450,178.050
-579472.500,-1266124.160,178.115
-579472.710,-1266123.850,178.175
-579472.900,-1266123.560,178.220
-579473.100,-1266123.270,178.305
-579473.310,-1266122.960,178.390
-579469.000,-1266128.640,177.115
-579469.210,-1266128.320,177.160
-579469.400,-1266128.030,177.175
-579469.620,-1266127.710,177.240
-579469.810,-1266127.420,177.290
-579470.220,-1266126.820,177.420
-579470.430,-1266126.500,177.480
-579470.620,-1266126.230,177.540
-579470.830,-1266125.910,177.600
-579471.050,-1266125.590,177.685
-579471.250,-1266125.290,177.730
-579471.440,-1266124.990,177.800
-579471.640,-1266124.700,177.880
-579471.830,-1266124.420,177.940
-579472.030,-1266124.130,177.980
-579472.240,-1266123.810,178.065
-579472.430,-1266123.530,178.110
-579472.640,-1266123.220,178.170
-579472.830,-1266122.920,178.230
-579468.900,-1266127.320,177.130
-579469.110,-1266127.010,177.160
-579469.310,-1266126.720,177.190
-579469.520,-1266126.400,177.240
-579469.710,-1266126.110,177.305
-579469.910,-1266125.830,177.380
-579470.330,-1266125.200,177.505
-579470.520,-1266124.910,177.560
-579470.740,-1266124.600,177.630
-579470.940,-1266124.290,177.690
-579471.150,-1266123.970,177.770
-579471.350,-1266123.680,177.810
-579471.540,-1266123.390,177.905
-579471.930,-1266122.820,178.055
-579472.150,-1266122.460,178.080
-579469.160,-1266127.660,177.155
-579469.360,-1266127.360,177.165
-579469.570,-1266127.050,177.210
-579469.760,-1266126.760,177.295
-579470.180,-1266126.150,177.425
-579470.380,-1266125.850,177.505
-579470.580,-1266125.560,177.560
-579470.790,-1266125.240,177.615
-579470.990,-1266124.940,177.690
-579471.200,-1266124.620,177.760
-579471.590,-1266124.040,177.890
-579471.790,-1266123.760,177.950
-579471.980,-1266123.460,177.980
-579472.190,-1266123.160,178.070
-579472.380,-1266122.870,178.140
-579468.730,-1266127.010,177.110
-579468.930,-1266126.720,177.160
-579469.140,-1266126.400,177.160
-579469.340,-1266126.110,177.220
-579469.550,-1266125.790,177.290
-579469.740,-1266125.510,177.350
-579469.940,-1266125.210,177.390
-579470.150,-1266124.910,177.490
-579470.360,-1266124.590,177.530
-579470.550,-1266124.310,177.565
-579470.760,-1266123.990,177.650
-579470.970,-1266123.680,177.720
-579471.180,-1266123.370,177.830
-579471.380,-1266123.080,177.900
-579471.570,-1266122.790,177.950
-579471.770,-1266122.460,178.005
-579469.080,-1266125.750,177.190
-579469.280,-1266125.470,177.230
-579469.680,-1266124.860,177.350
-579469.880,-1266124.570,177.405
-579470.090,-1266124.250,177.460
-579470.290,-1266123.950,177.535
-579470.490,-1266123.650,177.620
-579470.700,-1266123.340,177.690
-579470.910,-1266123.040,177.785
-579471.330,-1266122.390,177.930
-579469.870,-1266123.890,177.430
-579470.080,-1266123.580,177.520
-579470.290,-1266123.270,177.620
-579470.480,-1266122.980,177.680
-579470.710,-1266122.630,177.780
-579470.920,-1266122.320,177.880
-579468.680,-1266125.060,177.160
-579468.670,-1266125.680,177.130
-579468.860,-1266125.400,177.180
-579469.070,-1266125.080,177.200
-579469.270,-1266124.780,177.250
-579469.480,-1266124.470,177.320
-579469.670,-1266124.190,177.370
-579468.870,-1266124.770,177.190
-579469.080,-1266124.450,177.220
-579469.270,-1266124.170,177.260
-579469.490,-1266123.850,177.340
-579469.680,-1266123.560,177.405
-579469.870,-1266123.280,177.470
-579470.100,-1266122.930,177.570
-579468.460,-1266124.690,177.130
-579468.660,-1266124.380,177.175
-579468.860,-1266124.090,177.200
-579469.060,-1266123.790,177.260
-579469.260,-1266123.480,177.285
-579469.470,-1266123.180,177.390
-579468.410,-1266124.000,177.160
-579468.600,-1266123.720,177.170
-579468.800,-1266123.430,177.210
-579469.020,-1266123.090,177.270
-579468.370,-1266123.270,177.170
-579487.990,-1266139.700,177.085
-579487.670,-1266139.820,177.120
-579487.300,-1266139.970,177.190
-579486.930,-1266140.120,177.305
-579487.560,-1266139.400,177.160
-579487.200,-1266139.540,177.190
-579486.850,-1266139.680,177.310
-579487.540,-1266139.150,177.160
-579487.200,-1266139.280,177.180
-579486.820,-1266139.440,177.305
-579487.780,-1266138.590,177.080
-579487.450,-1266138.720,177.160
-579487.100,-1266138.870,177.200
-579486.720,-1266139.020,177.310
-579487.440,-1266138.470,177.150
-579487.070,-1266138.620,177.180
-579486.690,-1266138.770,177.300
-579487.730,-1266138.000,177.070
-579487.380,-1266138.140,177.155
-579487.020,-1266138.280,177.190
-579486.670,-1266138.430,177.300
-579487.360,-1266137.830,177.150
-579487.000,-1266137.970,177.190
-579486.670,-1266138.110,177.300
-579487.280,-1266137.390,177.160
-579486.940,-1266137.540,177.170
-579486.590,-1266137.670,177.290
-579488.140,-1266140.990,177.080
-579487.770,-1266141.140,177.145
-579487.430,-1266141.270,177.190
-579487.070,-1266141.420,177.300
-579486.720,-1266141.560,177.380
-579488.080,-1266140.620,177.080
-579487.730,-1266140.760,177.120
-579487.370,-1266140.910,177.190
-579487.030,-1266141.040,177.300
-579486.690,-1266141.180,177.380
-579487.710,-1266140.470,177.120
-579487.380,-1266140.610,177.190
-579487.030,-1266140.740,177.300
-579486.670,-1266140.890,177.380
-579487.980,-1266139.870,177.080
-579487.630,-1266140.010,177.160
-579487.290,-1266140.150,177.185
-579488.200,-1266141.590,177.080
-579487.850,-1266141.720,177.155
-579487.520,-1266141.860,177.190
-579487.150,-1266142.010,177.305
-579486.810,-1266142.150,177.390
-579488.150,-1266141.240,177.080
-579487.790,-1266141.380,177.155
-579487.430,-1266141.520,177.200
-579487.100,-1266141.660,177.300
-579486.730,-1266141.810,177.380
-579488.280,-1266142.280,177.085
-579487.940,-1266142.420,177.140
-579487.600,-1266142.560,177.185
-579487.260,-1266142.690,177.310
-579486.930,-1266142.830,177.430
-579488.250,-1266141.970,177.090
-579487.890,-1266142.110,177.140
-579487.560,-1266142.250,177.190
-579487.220,-1266142.390,177.310
-579488.460,-1266142.900,177.095
-579488.120,-1266143.050,177.140
-579487.400,-1266143.340,177.310
-579487.080,-1266143.470,177.380
-579487.980,-1266142.720,177.140
-579487.650,-1266142.850,177.185
-579487.320,-1266142.990,177.310
-579486.970,-1266143.130,177.410
-579488.270,-1266143.670,177.150
-579487.920,-1266143.820,177.215
-579487.540,-1266143.970,177.290
-579487.180,-1266144.110,177.380
-579488.200,-1266143.380,177.155
-579487.830,-1266143.530,177.180
-579487.460,-1266143.680,177.300
-579487.130,-1266143.810,177.375
-579488.300,-1266143.920,177.160
-579487.960,-1266144.060,177.220
-579487.590,-1266144.220,177.310
-579487.220,-1266144.360,177.365
-579488.530,-1266144.630,177.130
-579487.780,-1266144.930,177.290
-579487.460,-1266145.070,177.350
-579487.090,-1266145.210,177.440
-579488.060,-1266144.450,177.190
-579487.730,-1266144.600,177.290
-579487.370,-1266144.740,177.355
-579487.000,-1266144.890,177.445
-579488.600,-1266144.970,177.130
-579488.260,-1266145.100,177.165
-579487.900,-1266145.250,177.240
-579487.530,-1266145.400,177.345
-579487.190,-1266145.540,177.440
-579488.650,-1266145.160,177.120
-579488.290,-1266145.300,177.180
-579487.960,-1266145.440,177.240
-579487.600,-1266145.590,177.340
-579487.220,-1266145.740,177.465
-579488.790,-1266145.550,177.120
-579488.410,-1266145.700,177.180
-579488.080,-1266145.830,177.240
-579487.740,-1266145.970,177.320
-579488.860,-1266145.870,177.120
-579488.530,-1266146.000,177.170
-579488.130,-1266146.170,177.220
-579487.770,-1266146.320,177.310
-579486.860,-1266144.250,177.460
-579486.880,-1266144.500,177.470
-579487.260,-1266137.150,177.150
-579486.920,-1266137.290,177.180
-579486.570,-1266137.430,177.280
-579487.610,-1266137.260,177.075
-579487.230,-1266136.830,177.160
-579486.880,-1266136.970,177.170
-579486.520,-1266137.120,177.270
-579487.130,-1266136.110,177.160
-579486.790,-1266136.240,177.210
-579486.420,-1266136.390,177.260
-579487.190,-1266136.360,177.160
-579486.820,-1266136.510,177.170
-579486.480,-1266136.660,177.260
-579487.080,-1266135.720,177.160
-579486.710,-1266135.880,177.220
-579487.060,-1266135.560,177.150
-579486.720,-1266135.700,177.175
-579486.990,-1266135.040,177.155
-579486.640,-1266135.180,177.200
-579486.940,-1266134.750,177.150
-579486.580,-1266134.890,177.165
-579486.900,-1266134.470,177.150
-579486.520,-1266134.620,177.180
-579486.850,-1266134.190,177.145
-579486.500,-1266134.330,177.180
-579486.800,-1266133.800,177.140
-579486.440,-1266133.950,177.170
-579486.720,-1266133.410,177.140
-579486.360,-1266133.550,177.190
-579486.320,-1266132.970,177.180
-579486.710,-1266133.190,177.140
-579486.340,-1266133.330,177.190
-579486.600,-1266132.390,177.140
-579486.660,-1266132.830,177.140
-579486.540,-1266132.090,177.150
-579486.510,-1266131.840,177.145
-579486.460,-1266131.550,177.140
-579486.360,-1266131.130,177.150
-579486.250,-1266130.590,177.160
-579486.580,-1266130.610,177.070
-579486.280,-1266130.730,177.155
-579486.140,-1266129.900,177.160
-579486.350,-1266129.130,177.095
-579486.090,-1266128.050,177.115
-579486.020,-1266127.870,177.120
-579486.590,-1266140.260,177.370
-579486.500,-1266139.830,177.370
-579486.470,-1266139.580,177.370
-579486.370,-1266138.900,177.370
-579486.340,-1266138.560,177.370
-579486.330,-1266138.250,177.360
-579486.260,-1266137.810,177.370
-579486.220,-1266137.570,177.360
-579486.560,-1266140.450,177.385
-579471.030,-1266139.080,177.180
-579470.750,-1266139.190,177.120
-579471.970,-1266139.080,177.380
-579471.660,-1266139.210,177.300
-579471.360,-1266139.320,177.230
-579471.070,-1266139.440,177.190
-579470.780,-1266139.550,177.130
-579472.290,-1266138.960,177.465
-579473.240,-1266138.810,177.730
-579472.920,-1266138.940,177.625
-579472.600,-1266139.060,177.545
-579472.310,-1266139.180,177.450
-579472.000,-1266139.300,177.365
-579471.670,-1266139.430,177.285
-579471.350,-1266139.560,177.220
-579471.070,-1266139.670,177.175
-579470.770,-1266139.790,177.130
-579474.510,-1266138.730,178.050
-579474.200,-1266138.860,177.970
-579473.910,-1266138.970,177.880
-579473.580,-1266139.100,177.800
-579473.290,-1266139.210,177.720
-579473.000,-1266139.330,177.630
-579472.680,-1266139.460,177.550
-579472.370,-1266139.580,177.465
-579472.080,-1266139.690,177.380
-579471.750,-1266139.820,177.290
-579471.430,-1266139.950,177.200
-579471.120,-1266140.070,177.175
-579470.830,-1266140.180,177.110
-579473.340,-1266139.610,177.700
-579473.040,-1266139.720,177.630
-579472.760,-1266139.830,177.550
-579472.440,-1266139.960,177.455
-579472.120,-1266140.090,177.380
-579471.830,-1266140.200,177.300
-579471.510,-1266140.320,177.205
-579471.180,-1266140.450,177.170
-579470.880,-1266140.570,177.110
-579476.080,-1266138.530,178.480
-579475.750,-1266138.660,178.400
-579475.450,-1266138.770,178.310
-579475.150,-1266138.890,178.240
-579474.850,-1266139.010,178.130
-579474.560,-1266139.120,178.040
-579474.270,-1266139.240,177.970
-579473.950,-1266139.370,177.880
-579473.660,-1266139.480,177.800
-579477.070,-1266138.430,178.755
-579476.740,-1266138.560,178.660
-579476.440,-1266138.680,178.565
-579476.130,-1266138.800,178.485
-579475.820,-1266138.930,178.395
-579475.510,-1266139.050,178.320
-579475.180,-1266139.180,178.210
-579474.890,-1266139.290,178.130
-579474.610,-1266139.400,178.050
-579474.300,-1266139.520,177.960
-579474.020,-1266139.640,177.885
-579473.700,-1266139.760,177.800
-579473.400,-1266139.880,177.710
-579473.090,-1266140.000,177.630
-579472.800,-1266140.120,177.540
-579472.500,-1266140.230,177.450
-579472.180,-1266140.360,177.390
-579471.870,-1266140.480,177.290
-579471.570,-1266140.600,177.210
-579471.250,-1266140.730,177.180
-579470.950,-1266140.840,177.130
-579477.970,-1266138.380,178.985
-579477.690,-1266138.490,178.920
-579477.370,-1266138.610,178.810
-579477.080,-1266138.730,178.730
-579476.780,-1266138.840,178.650
-579476.460,-1266138.970,178.560
-579476.150,-1266139.090,178.500
-579475.850,-1266139.210,178.400
-579475.540,-1266139.330,178.310
-579475.220,-1266139.460,178.235
-579474.900,-1266139.590,178.140
-579474.610,-1266139.700,178.040
-579474.320,-1266139.810,177.970
-579474.020,-1266139.930,177.880
-579473.730,-1266140.050,177.800
-579473.410,-1266140.170,177.710
-579473.110,-1266140.290,177.630
-579472.800,-1266140.410,177.540
-579472.510,-1266140.530,177.460
-579472.210,-1266140.640,177.390
-579471.900,-1266140.770,177.300
-579471.580,-1266140.890,177.220
-579471.290,-1266141.010,177.185
-579470.960,-1266141.140,177.130
-579478.910,-1266138.320,179.160
-579478.630,-1266138.430,179.150
-579478.340,-1266138.550,179.065
-579478.040,-1266138.670,179.000
-579477.730,-1266138.790,178.925
-579477.430,-1266138.900,178.840
-579477.110,-1266139.030,178.700
-579476.820,-1266139.150,178.615
-579476.520,-1266139.260,178.550
-579476.200,-1266139.390,178.480
-579475.890,-1266139.510,178.400
-579475.600,-1266139.620,178.305
-579475.280,-1266139.750,178.220
-579474.960,-1266139.870,178.130
-579474.650,-1266140.000,178.040
-579474.360,-1266140.110,177.960
-579474.060,-1266140.230,177.870
-579473.480,-1266140.460,177.710
-579473.160,-1266140.580,177.625
-579472.870,-1266140.700,177.540
-579472.550,-1266140.820,177.440
-579472.250,-1266140.940,177.370
-579471.960,-1266141.060,177.295
-579471.650,-1266141.180,177.220
-579471.320,-1266141.300,177.180
-579471.030,-1266141.420,177.130
-579480.760,-1266138.110,178.820
-579480.400,-1266138.260,178.920
-579480.070,-1266138.390,179.030
-579479.700,-1266138.540,179.125
-579479.340,-1266138.690,179.155
-579479.010,-1266138.820,179.150
-579478.710,-1266138.940,179.130
-579478.410,-1266139.060,179.070
-579478.120,-1266139.170,179.050
-579477.830,-1266139.290,178.955
-579476.900,-1266139.650,178.620
-579476.600,-1266139.770,178.545
-579476.320,-1266139.880,178.485
-579476.000,-1266140.000,178.405
-579475.680,-1266140.130,178.330
-579475.390,-1266140.250,178.240
-579475.070,-1266140.370,178.150
-579474.740,-1266140.500,178.040
-579474.440,-1266140.620,177.970
-579474.140,-1266140.740,177.885
-579473.850,-1266140.850,177.795
-579473.560,-1266140.970,177.720
-579473.260,-1266141.080,177.630
-579472.940,-1266141.210,177.540
-579472.650,-1266141.320,177.470
-579472.340,-1266141.450,177.370
-579472.030,-1266141.570,177.300
-579471.750,-1266141.680,177.220
-579471.430,-1266141.810,177.185
-579471.110,-1266141.930,177.130
-579473.840,-1266141.030,177.780
-579473.560,-1266141.140,177.710
-579473.260,-1266141.260,177.620
-579472.960,-1266141.380,177.525
-579472.650,-1266141.500,177.440
-579472.360,-1266141.620,177.370
-579472.040,-1266141.740,177.295
-579471.750,-1266141.860,177.210
-579471.450,-1266141.970,177.180
-579471.130,-1266142.100,177.125
-579481.460,-1266138.010,178.630
-579481.120,-1266138.140,178.720
-579480.790,-1266138.280,178.830
-579480.420,-1266138.430,178.920
-579480.060,-1266138.570,179.040
-579479.720,-1266138.710,179.120
-579479.360,-1266138.860,179.155
-579479.020,-1266138.990,179.145
-579478.710,-1266139.120,179.140
-579478.410,-1266139.230,179.070
-579478.120,-1266139.350,179.020
-579476.920,-1266139.820,178.615
-579476.610,-1266139.950,178.540
-579476.320,-1266140.060,178.480
-579476.020,-1266140.180,178.400
-579475.700,-1266140.300,178.310
-579475.380,-1266140.430,178.230
-579475.090,-1266140.540,178.140
-579474.770,-1266140.670,178.040
-579474.460,-1266140.790,177.965
-579474.140,-1266140.910,177.875
-579476.980,-1266140.200,178.610
-579476.680,-1266140.320,178.550
-579476.370,-1266140.450,178.490
-579476.070,-1266140.560,178.400
-579475.780,-1266140.680,178.330
-579475.460,-1266140.800,178.250
-579475.140,-1266140.930,178.150
-579474.850,-1266141.040,178.060
-579474.530,-1266141.170,177.965
-579474.220,-1266141.290,177.870
-579473.910,-1266141.410,177.790
-579473.600,-1266141.530,177.710
-579473.320,-1266141.650,177.630
-579473.020,-1266141.760,177.535
-579472.730,-1266141.880,177.470
-579472.420,-1266142.000,177.370
-579472.120,-1266142.120,177.295
-579471.800,-1266142.240,177.230
-579471.510,-1266142.360,177.180
-579471.220,-1266142.470,177.130
-579482.900,-1266137.830,178.250
-579482.570,-1266137.960,178.330
-579482.240,-1266138.100,178.430
-579481.880,-1266138.240,178.530
-579481.530,-1266138.380,178.635
-579481.180,-1266138.530,178.725
-579480.840,-1266138.670,178.820
-579480.510,-1266138.800,178.920
-579480.140,-1266138.950,179.020
-579479.780,-1266139.100,179.100
-579479.440,-1266139.240,179.130
-579478.790,-1266139.490,179.110
-579478.460,-1266139.620,179.060
-579478.170,-1266139.730,179.020
-579477.880,-1266139.850,178.990
-579477.590,-1266139.970,178.830
-579477.300,-1266140.080,178.665
-579478.530,-1266139.870,179.060
-579478.210,-1266140.000,179.035
-579477.930,-1266140.110,178.970
-579477.630,-1266140.230,178.810
-579477.330,-1266140.350,178.680
-579477.040,-1266140.460,178.625
-579476.720,-1266140.590,178.550
-579476.430,-1266140.700,178.485
-579476.110,-1266140.830,178.400
-579475.820,-1266140.940,178.310
-579475.520,-1266141.060,178.240
-579475.210,-1266141.180,178.140
-579474.890,-1266141.300,178.050
-579474.600,-1266141.420,177.975
-579474.290,-1266141.540,177.900
-579473.960,-1266141.670,177.790
-579473.640,-1266141.800,177.710
-579473.360,-1266141.910,177.630
-579473.060,-1266142.020,177.540
-579472.760,-1266142.140,177.460
-579472.480,-1266142.250,177.370
-579472.150,-1266142.380,177.295
-579471.860,-1266142.500,177.225
-579471.550,-1266142.620,177.165
-579471.250,-1266142.740,177.120
-579483.650,-1266137.810,178.050
-579483.280,-1266137.950,178.150
-579482.940,-1266138.090,178.250
-579482.610,-1266138.230,178.340
-579482.270,-1266138.360,178.440
-579481.940,-1266138.500,178.530
-579481.570,-1266138.650,178.630
-579481.240,-1266138.780,178.720
-579480.870,-1266138.930,178.835
-579480.540,-1266139.070,178.925
-579480.200,-1266139.200,179.010
-579479.840,-1266139.350,179.095
-579478.850,-1266139.750,179.130
-579479.920,-1266139.800,179.075
-579479.200,-1266140.090,179.150
-579478.930,-1266140.190,179.140
-579478.590,-1266140.330,179.070
-579478.270,-1266140.450,179.020
-579477.370,-1266140.810,178.690
-579477.090,-1266140.920,178.645
-579476.790,-1266141.040,178.560
-579476.470,-1266141.160,178.490
-579476.180,-1266141.280,178.400
-579475.860,-1266141.400,178.310
-579475.560,-1266141.520,178.240
-579475.280,-1266141.630,178.155
-579474.960,-1266141.750,178.050
-579474.640,-1266141.880,177.975
-579474.360,-1266141.990,177.895
-579474.030,-1266142.120,177.790
-579473.710,-1266142.250,177.710
-579473.400,-1266142.370,177.620
-579473.100,-1266142.490,177.540
-579472.810,-1266142.600,177.450
-579472.520,-1266142.720,177.370
-579472.220,-1266142.830,177.290
-579471.910,-1266142.960,177.230
-579471.610,-1266143.070,177.180
-579471.290,-1266143.200,177.120
-579485.140,-1266137.680,177.630
-579484.410,-1266137.970,177.845
-579483.710,-1266138.260,178.050
-579483.350,-1266138.400,178.150
-579482.990,-1266138.550,178.250
-579482.640,-1266138.690,178.340
-579482.310,-1266138.830,178.440
-579481.980,-1266138.960,178.530
-579481.640,-1266139.100,178.630
-579481.240,-1266139.260,178.730
-579480.950,-1266139.380,178.835
-579480.580,-1266139.530,178.930
-579480.240,-1266139.670,179.020
-579479.620,-1266140.250,179.150
-579479.260,-1266140.400,179.160
-579478.960,-1266140.510,179.155
-579478.660,-1266140.630,179.095
-579478.350,-1266140.760,179.020
-579478.030,-1266140.880,178.910
-579477.710,-1266141.010,178.795
-579477.420,-1266141.120,178.700
-579477.130,-1266141.240,178.650
-579476.830,-1266141.350,178.565
-579476.530,-1266141.470,178.480
-579476.220,-1266141.600,178.405
-579475.920,-1266141.710,178.310
-579475.610,-1266141.840,178.240
-579475.320,-1266141.950,178.140
-579475.030,-1266142.060,178.050
-579474.710,-1266142.190,177.975
-579474.390,-1266142.320,177.880
-579474.100,-1266142.430,177.810
-579473.780,-1266142.560,177.710
-579473.460,-1266142.680,177.620
-579473.140,-1266142.810,177.540
-579472.850,-1266142.920,177.445
-579472.560,-1266143.040,177.370
-579472.260,-1266143.150,177.290
-579471.970,-1266143.270,177.210
-579471.650,-1266143.390,177.175
-579471.360,-1266143.510,177.115
-579485.880,-1266137.710,177.460
-579485.510,-1266137.860,177.560
-579485.170,-1266138.000,177.640
-579484.840,-1266138.130,177.730
-579484.470,-1266138.280,177.840
-579484.110,-1266138.430,177.950
-579483.770,-1266138.570,178.050
-579483.410,-1266138.710,178.155
-579483.050,-1266138.860,178.250
-579482.680,-1266139.010,178.345
-579482.350,-1266139.150,178.440
-579482.020,-1266139.280,178.530
-579481.680,-1266139.420,178.640
-579481.340,-1266139.550,178.730
-579480.990,-1266139.700,178.850
-579480.640,-1266139.840,178.940
-579480.280,-1266139.990,179.040
-579479.960,-1266140.120,179.100
-579478.390,-1266140.990,179.020
-579478.070,-1266141.110,178.930
-579477.750,-1266141.240,178.790
-579477.440,-1266141.360,178.690
-579477.140,-1266141.480,178.630
-579476.850,-1266141.600,178.550
-579476.560,-1266141.710,178.470
-579476.260,-1266141.830,178.400
-579475.950,-1266141.950,178.310
-579475.650,-1266142.070,178.225
-579475.330,-1266142.190,178.130
-579475.040,-1266142.310,178.050
-579474.750,-1266142.420,177.965
-579474.430,-1266142.550,177.875
-579474.110,-1266142.670,177.805
-579473.820,-1266142.780,177.720
-579473.500,-1266142.910,177.610
-579473.180,-1266143.040,177.540
-579472.870,-1266143.160,177.440
-579472.570,-1266143.280,177.360
-579472.280,-1266143.390,177.290
-579471.990,-1266143.500,177.200
-579471.680,-1266143.630,177.170
-579471.380,-1266143.750,177.130
-579485.890,-1266137.960,177.465
-579485.550,-1266138.100,177.555
-579485.200,-1266138.240,177.660
-579484.850,-1266138.380,177.755
-579484.520,-1266138.520,177.850
-579484.160,-1266138.660,177.960
-579483.790,-1266138.810,178.060
-579483.450,-1266138.950,178.150
-579483.090,-1266139.090,178.270
-579482.720,-1266139.240,178.350
-579482.370,-1266139.390,178.460
-579482.030,-1266139.520,178.540
-579481.690,-1266139.660,178.620
-579481.350,-1266139.800,178.730
-579481.020,-1266139.930,178.870
-579480.660,-1266140.080,178.980
-579480.320,-1266140.220,179.045
-579479.960,-1266140.370,179.120
-579479.630,-1266140.500,179.160
-579479.310,-1266140.630,179.160
-579478.990,-1266140.750,179.155
-579478.680,-1266140.870,179.090
-579477.870,-1266141.670,178.810
-579477.540,-1266141.790,178.725
-579477.210,-1266141.920,178.640
-579476.940,-1266142.030,178.560
-579476.640,-1266142.150,178.495
-579476.330,-1266142.270,178.400
-579476.050,-1266142.380,178.310
-579475.730,-1266142.510,178.230
-579475.440,-1266142.620,178.140
-579475.130,-1266142.750,178.050
-579474.830,-1266142.860,177.975
-579474.530,-1266142.980,177.890
-579474.220,-1266143.110,177.810
-579473.900,-1266143.230,177.720
-579473.600,-1266143.350,177.620
-579473.290,-1266143.470,177.550
-579472.980,-1266143.590,177.455
-579472.650,-1266143.720,177.360
-579472.360,-1266143.840,177.285
-579472.070,-1266143.950,177.200
-579471.770,-1266144.070,177.170
-579471.490,-1266144.180,177.120
-579485.990,-1266138.390,177.460
-579485.630,-1266138.530,177.570
-579485.290,-1266138.670,177.660
-579484.930,-1266138.820,177.760
-579484.590,-1266138.960,177.850
-579484.260,-1266139.090,177.950
-579483.880,-1266139.240,178.050
-579483.520,-1266139.390,178.150
-579483.190,-1266139.520,178.250
-579482.840,-1266139.670,178.350
-579482.470,-1266139.820,178.450
-579482.110,-1266139.960,178.525
-579481.770,-1266140.100,178.620
-579480.770,-1266140.510,178.950
-579480.400,-1266140.660,179.040
-579480.070,-1266140.790,179.130
-579479.700,-1266140.940,179.165
-579479.390,-1266141.070,179.165
-579479.100,-1266141.180,179.160
-579478.780,-1266141.310,179.090
-579478.460,-1266141.430,178.995
-579478.170,-1266141.550,178.910
-579477.580,-1266142.090,178.730
-579477.250,-1266142.220,178.645
-579476.930,-1266142.350,178.555
-579476.650,-1266142.460,178.455
-579476.350,-1266142.580,178.400
-579476.060,-1266142.690,178.285
-579475.760,-1266142.810,178.235
-579475.440,-1266142.930,178.115
-579475.160,-1266143.050,178.040
-579474.840,-1266143.170,177.970
-579474.540,-1266143.290,177.880
-579474.250,-1266143.400,177.805
-579473.930,-1266143.530,177.720
-579473.620,-1266143.650,177.630
-579473.320,-1266143.770,177.540
-579473.000,-1266143.890,177.445
-579472.690,-1266144.020,177.360
-579472.370,-1266144.150,177.275
-579472.080,-1266144.260,177.195
-579471.790,-1266144.370,177.170
-579471.490,-1266144.490,177.110
-579486.010,-1266138.700,177.460
-579485.660,-1266138.840,177.570
-579485.290,-1266138.990,177.660
-579484.970,-1266139.120,177.760
-579484.590,-1266139.270,177.860
-579484.250,-1266139.410,177.970
-579483.930,-1266139.540,178.050
-579483.560,-1266139.690,178.160
-579483.190,-1266139.840,178.250
-579482.860,-1266139.970,178.350
-579482.500,-1266140.120,178.440
-579482.140,-1266140.270,178.540
-579481.100,-1266140.690,178.870
-579480.780,-1266140.820,178.975
-579480.430,-1266140.960,179.060
-579480.070,-1266141.110,179.140
-579479.740,-1266141.240,179.160
-579479.400,-1266141.380,179.160
-579479.100,-1266141.500,179.150
-579478.820,-1266141.610,179.090
-579478.500,-1266141.730,178.980
-579478.180,-1266141.860,178.910
-579477.890,-1266141.970,178.800
-579477.000,-1266142.680,178.550
-579476.680,-1266142.810,178.460
-579476.380,-1266142.920,178.380
-579476.100,-1266143.030,178.300
-579475.800,-1266143.150,178.220
-579475.500,-1266143.270,178.135
-579475.190,-1266143.390,178.050
-579474.890,-1266143.510,177.960
-579474.570,-1266143.630,177.870
-579474.290,-1266143.750,177.810
-579473.990,-1266143.860,177.715
-579473.670,-1266143.990,177.630
-579473.360,-1266144.110,177.545
-579473.060,-1266144.230,177.445
-579472.740,-1266144.350,177.370
-579472.430,-1266144.480,177.280
-579472.110,-1266144.600,177.200
-579471.820,-1266144.720,177.170
-579471.530,-1266144.830,177.105
-579486.030,-1266139.040,177.470
-579485.690,-1266139.180,177.565
-579485.360,-1266139.320,177.660
-579484.990,-1266139.470,177.765
-579484.650,-1266139.600,177.860
-579484.280,-1266139.750,177.960
-579483.950,-1266139.890,178.060
-579483.620,-1266140.020,178.150
-579483.250,-1266140.170,178.250
-579482.890,-1266140.320,178.360
-579482.550,-1266140.460,178.440
-579482.190,-1266140.600,178.535
-579481.840,-1266140.750,178.620
-579481.460,-1266140.900,178.760
-579481.130,-1266141.030,178.870
-579480.810,-1266141.160,178.950
-579480.460,-1266141.310,179.040
-579480.130,-1266141.440,179.130
-579479.770,-1266141.590,179.160
-579479.450,-1266141.720,179.160
-579479.140,-1266141.840,179.160
-579478.850,-1266141.950,179.090
-579478.550,-1266142.070,178.980
-579478.240,-1266142.190,178.910
-579477.930,-1266142.310,178.820
-579477.630,-1266142.430,178.740
-579477.310,-1266142.560,178.645
-579476.700,-1266143.050,178.450
-579476.390,-1266143.170,178.360
-579476.090,-1266143.290,178.275
-579475.790,-1266143.410,178.205
-579475.510,-1266143.520,178.115
-579475.200,-1266143.640,178.030
-579474.900,-1266143.760,177.950
-579474.610,-1266143.870,177.870
-579474.280,-1266144.000,177.780
-579473.990,-1266144.120,177.700
-579473.700,-1266144.230,177.620
-579473.380,-1266144.360,177.540
-579473.060,-1266144.480,177.440
-579472.770,-1266144.600,177.360
-579472.440,-1266144.730,177.260
-579472.130,-1266144.850,177.195
-579471.830,-1266144.970,177.170
-579471.530,-1266145.080,177.105
-579486.360,-1266139.160,177.370
-579486.030,-1266139.300,177.490
-579485.680,-1266139.440,177.575
-579485.340,-1266139.580,177.690
-579485.010,-1266139.710,177.770
-579484.650,-1266139.860,177.875
-579484.310,-1266140.000,177.970
-579483.950,-1266140.140,178.070
-579483.610,-1266140.280,178.160
-579483.270,-1266140.420,178.270
-579482.920,-1266140.560,178.360
-579482.550,-1266140.710,178.455
-579481.850,-1266141.000,178.645
-579481.490,-1266141.140,178.760
-579481.130,-1266141.290,178.870
-579480.790,-1266141.430,178.960
-579480.460,-1266141.560,179.060
-579480.120,-1266141.700,179.150
-579479.790,-1266141.830,179.160
-579479.450,-1266141.970,179.160
-579479.150,-1266142.090,179.145
-579478.850,-1266142.210,179.070
-579478.560,-1266142.320,178.980
-579478.250,-1266142.440,178.905
-579477.940,-1266142.560,178.800
-579477.630,-1266142.690,178.715
-579477.340,-1266142.800,178.640
-579477.010,-1266142.930,178.540
-579475.590,-1266143.950,178.120
-579475.290,-1266144.070,178.050
-579475.000,-1266144.180,177.980
-579474.680,-1266144.310,177.870
-579474.390,-1266144.420,177.795
-579474.080,-1266144.540,177.710
-579473.780,-1266144.660,177.620
-579473.480,-1266144.780,177.550
-579473.180,-1266144.900,177.470
-579472.860,-1266145.030,177.360
-579472.560,-1266145.140,177.310
-579472.250,-1266145.270,177.210
-579471.930,-1266145.390,177.170
-579471.610,-1266145.520,177.110
-579486.110,-1266139.730,177.470
-579485.760,-1266139.870,177.575
-579485.100,-1266140.140,177.770
-579484.750,-1266140.280,177.860
-579484.390,-1266140.430,177.970
-579484.060,-1266140.560,178.055
-579483.690,-1266140.710,178.150
-579483.360,-1266140.850,178.250
-579483.020,-1266140.980,178.350
-579482.650,-1266141.130,178.445
-579482.300,-1266141.280,178.550
-579481.970,-1266141.410,178.650
-579481.610,-1266141.560,178.760
-579481.240,-1266141.710,178.850
-579480.880,-1266141.860,178.940
-579480.550,-1266141.990,179.050
-579480.210,-1266142.130,179.135
-579479.880,-1266142.260,179.165
-579479.560,-1266142.390,179.170
-579479.250,-1266142.510,179.160
-579478.950,-1266142.630,179.080
-579478.640,-1266142.750,178.980
-579478.340,-1266142.870,178.910
-579478.050,-1266142.980,178.820
-579477.740,-1266143.110,178.735
-579477.420,-1266143.230,178.650
-579477.120,-1266143.350,178.575
-579476.810,-1266143.470,178.490
-579476.490,-1266143.600,178.390
-579476.170,-1266143.720,178.290
-579475.880,-1266143.840,178.210
-579474.720,-1266144.550,177.880
-579474.390,-1266144.680,177.790
-579474.100,-1266144.790,177.705
-579473.790,-1266144.920,177.610
-579473.490,-1266145.040,177.530
-579473.200,-1266145.150,177.450
-579472.880,-1266145.280,177.350
-579472.560,-1266145.400,177.285
-579472.270,-1266145.510,177.190
-579471.960,-1266145.640,177.170
-579471.640,-1266145.760,177.095
-579486.130,-1266139.980,177.470
-579485.770,-1266140.120,177.575
-579485.420,-1266140.260,177.685
-579485.090,-1266140.400,177.775
-579484.760,-1266140.530,177.865
-579484.410,-1266140.670,177.970
-579484.050,-1266140.820,178.070
-579483.730,-1266140.950,178.160
-579483.350,-1266141.110,178.270
-579483.020,-1266141.240,178.350
-579482.700,-1266141.370,178.450
-579482.320,-1266141.520,178.555
-579481.960,-1266141.670,178.660
-579481.630,-1266141.810,178.760
-579481.270,-1266141.950,178.870
-579480.900,-1266142.100,178.950
-579480.550,-1266142.240,179.050
-579480.220,-1266142.380,179.150
-579479.870,-1266142.520,179.170
-579479.570,-1266142.640,179.170
-579479.270,-1266142.760,179.140
-579478.950,-1266142.890,179.050
-579478.670,-1266142.990,178.980
-579478.350,-1266143.120,178.895
-579478.050,-1266143.240,178.800
-579477.770,-1266143.350,178.740
-579477.440,-1266143.480,178.630
-579477.130,-1266143.600,178.560
-579476.840,-1266143.720,178.475
-579476.520,-1266143.840,178.380
-579476.200,-1266143.970,178.270
-579475.890,-1266144.090,178.210
-579475.590,-1266144.210,178.110
-579475.290,-1266144.330,178.030
-579475.010,-1266144.430,177.960
-579474.180,-1266145.230,177.705
-579473.890,-1266145.340,177.635
-579473.570,-1266145.470,177.540
-579473.280,-1266145.580,177.450
-579472.990,-1266145.700,177.370
-579472.660,-1266145.820,177.305
-579472.350,-1266145.950,177.220
-579472.050,-1266146.060,177.180
-579471.750,-1266146.180,177.100
-579486.230,-1266140.400,177.485
-579485.870,-1266140.550,177.570
-579485.500,-1266140.700,177.685
-579485.160,-1266140.840,177.765
-579484.830,-1266140.970,177.875
-579484.490,-1266141.110,177.960
-579484.160,-1266141.240,178.070
-579483.800,-1266141.390,178.150
-579483.450,-1266141.530,178.260
-579483.100,-1266141.680,178.360
-579482.770,-1266141.810,178.450
-579482.430,-1266141.950,178.560
-579482.060,-1266142.100,178.660
-579481.710,-1266142.240,178.755
-579481.360,-1266142.380,178.850
-579481.010,-1266142.530,178.945
-579480.650,-1266142.670,179.050
-579479.950,-1266142.960,179.170
-579479.650,-1266143.070,179.170
-579479.360,-1266143.190,179.165
-579479.060,-1266143.310,179.080
-579478.760,-1266143.430,178.980
-579478.450,-1266143.540,178.905
-579478.130,-1266143.670,178.820
-579477.850,-1266143.780,178.750
-579477.540,-1266143.900,178.645
-579477.230,-1266144.030,178.570
-579476.920,-1266144.150,178.490
-579476.620,-1266144.270,178.390
-579476.310,-1266144.390,178.320
-579475.990,-1266144.520,178.210
-579475.670,-1266144.640,178.115
-579475.380,-1266144.760,178.045
-579475.090,-1266144.870,177.960
-579474.790,-1266144.990,177.870
-579474.490,-1266145.100,177.790
-579473.570,-1266145.650,177.520
-579473.250,-1266145.770,177.440
-579472.960,-1266145.890,177.350
-579472.660,-1266146.010,177.280
-579472.340,-1266146.130,177.195
-579472.030,-1266146.250,177.155
-579471.750,-1266146.360,177.095
-579486.220,-1266140.580,177.490
-579485.870,-1266140.730,177.590
-579485.490,-1266140.880,177.690
-579485.130,-1266141.030,177.785
-579484.800,-1266141.160,177.880
-579484.460,-1266141.300,177.975
-579484.120,-1266141.440,178.070
-579483.800,-1266141.570,178.170
-579483.430,-1266141.720,178.270
-579483.090,-1266141.860,178.360
-579482.740,-1266142.000,178.475
-579482.390,-1266142.140,178.560
-579482.050,-1266142.280,178.660
-579481.700,-1266142.420,178.760
-579481.340,-1266142.570,178.860
-579481.000,-1266142.710,178.950
-579480.640,-1266142.850,179.060
-579480.280,-1266143.000,179.150
-579479.920,-1266143.150,179.170
-579479.610,-1266143.270,179.170
-579479.320,-1266143.380,179.130
-579479.030,-1266143.490,179.060
-579478.730,-1266143.610,178.970
-579478.430,-1266143.730,178.900
-579478.130,-1266143.850,178.805
-579477.810,-1266143.980,178.730
-579477.520,-1266144.090,178.625
-579477.220,-1266144.210,178.550
-579476.910,-1266144.330,178.480
-579476.590,-1266144.460,178.375
-579476.300,-1266144.570,178.285
-579475.980,-1266144.700,178.200
-579475.670,-1266144.820,178.115
-579475.350,-1266144.950,178.035
-579475.050,-1266145.060,177.930
-579474.760,-1266145.180,177.860
-579474.470,-1266145.290,177.780
-579474.170,-1266145.410,177.700
-579473.860,-1266145.530,177.610
-579473.040,-1266146.340,177.360
-579472.740,-1266146.460,177.295
-579472.450,-1266146.570,177.205
-579472.150,-1266146.690,177.170
-579471.820,-1266146.820,177.095
-579486.310,-1266141.040,177.490
-579485.970,-1266141.180,177.580
-579485.600,-1266141.330,177.685
-579485.250,-1266141.470,177.780
-579484.880,-1266141.620,177.870
-579484.540,-1266141.760,177.970
-579484.200,-1266141.890,178.080
-579483.870,-1266142.030,178.160
-579483.530,-1266142.170,178.270
-579483.170,-1266142.310,178.360
-579482.840,-1266142.450,178.455
-579482.470,-1266142.600,178.555
-579482.140,-1266142.730,178.660
-579481.810,-1266142.870,178.750
-579481.440,-1266143.010,178.860
-579481.090,-1266143.160,178.950
-579480.760,-1266143.290,179.050
-579480.380,-1266143.440,179.165
-579480.030,-1266143.590,179.170
-579479.700,-1266143.720,179.170
-579479.410,-1266143.830,179.150
-579479.120,-1266143.950,179.070
-579478.830,-1266144.060,178.980
-579478.530,-1266144.180,178.890
-579478.210,-1266144.310,178.800
-579477.920,-1266144.420,178.740
-579477.610,-1266144.540,178.640
-579477.310,-1266144.660,178.570
-579477.020,-1266144.780,178.480
-579476.710,-1266144.900,178.400
-579476.090,-1266145.140,178.220
-579475.780,-1266145.260,178.120
-579475.460,-1266145.390,178.030
-579475.140,-1266145.520,177.955
-579474.850,-1266145.630,177.870
-579474.550,-1266145.750,177.780
-579474.260,-1266145.860,177.710
-579473.970,-1266145.980,177.640
-579473.650,-1266146.100,177.540
-579473.350,-1266146.220,177.440
-579471.860,-1266147.110,177.090
-579486.330,-1266141.330,177.490
-579485.970,-1266141.480,177.580
-579485.620,-1266141.620,177.690
-579485.260,-1266141.770,177.780
-579484.890,-1266141.920,177.880
-579484.550,-1266142.060,177.970
-579484.210,-1266142.200,178.080
-579483.870,-1266142.330,178.170
-579483.540,-1266142.470,178.270
-579483.200,-1266142.610,178.370
-579482.830,-1266142.760,178.460
-579482.510,-1266142.890,178.560
-579482.140,-1266143.040,178.660
-579481.800,-1266143.170,178.765
-579481.480,-1266143.300,178.860
-579481.110,-1266143.460,178.955
-579480.740,-1266143.600,179.060
-579480.420,-1266143.740,179.160
-579480.050,-1266143.890,179.170
-579479.720,-1266144.020,179.170
-579479.420,-1266144.140,179.140
-579479.120,-1266144.250,179.060
-579478.820,-1266144.370,178.970
-579478.530,-1266144.480,178.880
-579478.240,-1266144.600,178.800
-579477.910,-1266144.730,178.720
-579477.630,-1266144.840,178.630
-579477.310,-1266144.970,178.550
-579477.010,-1266145.080,178.470
-579476.730,-1266145.200,178.380
-579476.410,-1266145.320,178.300
-579476.090,-1266145.440,178.210
-579475.800,-1266145.560,178.115
-579475.480,-1266145.690,178.030
-579475.160,-1266145.810,177.940
-579474.840,-1266145.940,177.855
-579474.550,-1266146.050,177.780
-579474.250,-1266146.170,177.690
-579473.970,-1266146.280,177.620
-579473.680,-1266146.400,177.520
-579473.360,-1266146.520,177.430
-579473.060,-1266146.640,177.350
-579472.750,-1266146.760,177.290
-579472.450,-1266146.880,177.190
-579472.160,-1266146.990,177.160
-579486.390,-1266141.700,177.485
-579486.030,-1266141.850,177.590
-579485.660,-1266141.990,177.690
-579485.330,-1266142.130,177.780
-579484.970,-1266142.280,177.880
-579484.600,-1266142.420,177.980
-579484.230,-1266142.570,178.080
-579483.910,-1266142.710,178.170
-579483.560,-1266142.850,178.280
-579483.230,-1266142.980,178.380
-579482.900,-1266143.120,178.480
-579482.530,-1266143.270,178.570
-579482.200,-1266143.400,178.670
-579481.840,-1266143.550,178.770
-579481.500,-1266143.680,178.860
-579481.170,-1266143.820,178.950
-579480.810,-1266143.960,179.055
-579480.450,-1266144.110,179.150
-579480.110,-1266144.250,179.170
-579479.790,-1266144.380,179.170
-579479.470,-1266144.500,179.130
-579479.160,-1266144.630,179.060
-579478.870,-1266144.740,178.980
-579478.570,-1266144.850,178.890
-579478.270,-1266144.970,178.800
-579477.980,-1266145.090,178.720
-579477.670,-1266145.210,178.620
-579477.370,-1266145.330,178.550
-579477.050,-1266145.450,178.465
-579476.770,-1266145.570,178.380
-579476.460,-1266145.690,178.280
-579476.150,-1266145.810,178.210
-579475.840,-1266145.930,178.120
-579475.540,-1266146.050,178.040
-579475.230,-1266146.170,177.950
-579474.920,-1266146.290,177.870
-579474.590,-1266146.420,177.770
-579474.300,-1266146.540,177.690
-579474.010,-1266146.650,177.610
-579473.710,-1266146.770,177.515
-579473.420,-1266146.880,177.440
-579473.100,-1266147.010,177.360
-579472.810,-1266147.120,177.300
-579472.490,-1266147.250,177.190
-579472.210,-1266147.360,177.170
-579471.920,-1266147.470,177.095
-579486.390,-1266141.950,177.490
-579486.060,-1266142.090,177.595
-579485.690,-1266142.240,177.695
-579485.320,-1266142.380,177.790
-579485.000,-1266142.520,177.880
-579484.640,-1266142.660,177.980
-579484.260,-1266142.820,178.080
-579483.900,-1266142.960,178.170
-579483.580,-1266143.090,178.285
-579483.230,-1266143.240,178.390
-579482.900,-1266143.370,178.480
-579482.570,-1266143.500,178.570
-579482.200,-1266143.650,178.685
-579481.870,-1266143.790,178.780
-579481.520,-1266143.930,178.870
-579481.180,-1266144.070,178.960
-579480.840,-1266144.210,179.050
-579480.490,-1266144.350,179.160
-579480.110,-1266144.500,179.170
-579479.810,-1266144.620,179.170
-579479.510,-1266144.740,179.130
-579479.180,-1266144.870,179.035
-579478.580,-1266145.110,178.880
-579478.280,-1266145.230,178.785
-579477.990,-1266145.340,178.710
-579477.700,-1266145.450,178.620
-579477.380,-1266145.580,178.530
-579477.090,-1266145.690,178.465
-579476.770,-1266145.820,178.370
-579476.490,-1266145.930,178.285
-579476.180,-1266146.050,178.200
-579475.870,-1266146.170,178.115
-579475.550,-1266146.300,178.035
-579475.250,-1266146.420,177.940
-579474.940,-1266146.540,177.860
-579474.620,-1266146.670,177.770
-579474.310,-1266146.790,177.670
-579474.010,-1266146.910,177.580
-579473.720,-1266147.020,177.510
-579473.430,-1266147.140,177.440
-579473.130,-1266147.250,177.350
-579472.810,-1266147.380,177.270
-579472.520,-1266147.490,177.190
-579472.210,-1266147.620,177.155
-579471.920,-1266147.730,177.095
-579486.450,-1266142.300,177.490
-579486.110,-1266142.430,177.600
-579485.770,-1266142.570,177.690
-579485.410,-1266142.720,177.780
-579485.050,-1266142.860,177.880
-579484.710,-1266143.000,177.980
-579484.350,-1266143.150,178.075
-579484.000,-1266143.290,178.170
-579483.620,-1266143.440,178.280
-579483.290,-1266143.580,178.360
-579482.960,-1266143.710,178.485
-579482.630,-1266143.850,178.570
-579482.290,-1266143.990,178.670
-579481.930,-1266144.130,178.780
-579481.590,-1266144.270,178.870
-579481.230,-1266144.420,178.960
-579480.900,-1266144.550,179.050
-579480.570,-1266144.690,179.150
-579480.200,-1266144.830,179.170
-579479.880,-1266144.960,179.170
-579479.580,-1266145.080,179.150
-579479.270,-1266145.200,179.060
-579478.950,-1266145.330,178.980
-579478.640,-1266145.450,178.890
-579478.340,-1266145.570,178.800
-579478.040,-1266145.690,178.720
-579477.760,-1266145.790,178.625
-579477.450,-1266145.920,178.530
-579477.150,-1266146.040,178.470
-579476.850,-1266146.150,178.385
-579476.530,-1266146.280,178.290
-579476.250,-1266146.390,178.220
-579475.950,-1266146.510,178.120
-579475.620,-1266146.640,178.040
-579475.320,-1266146.760,177.970
-579475.020,-1266146.870,177.880
-579474.700,-1266147.000,177.770
-579474.380,-1266147.120,177.680
-579474.070,-1266147.250,177.610
-579473.780,-1266147.360,177.510
-579473.480,-1266147.480,177.440
-579473.190,-1266147.590,177.380
-579472.890,-1266147.710,177.300
-579472.580,-1266147.830,177.200
-579472.290,-1266147.950,177.165
-579471.980,-1266148.070,177.100
-579486.510,-1266142.680,177.490
-579486.150,-1266142.820,177.590
-579485.820,-1266142.960,177.690
-579485.470,-1266143.100,177.780
-579485.120,-1266143.240,177.870
-579484.760,-1266143.390,177.980
-579484.410,-1266143.530,178.080
-579484.060,-1266143.670,178.160
-579483.700,-1266143.820,178.280
-579483.330,-1266143.970,178.370
-579483.000,-1266144.100,178.470
-579482.660,-1266144.240,178.570
-579482.320,-1266144.380,178.660
-579481.990,-1266144.510,178.770
-579481.630,-1266144.660,178.870
-579481.300,-1266144.790,178.960
-579480.950,-1266144.940,179.050
-579480.610,-1266145.070,179.150
-579480.270,-1266145.210,179.160
-579479.940,-1266145.340,179.155
-579479.630,-1266145.460,179.150
-579479.330,-1266145.580,179.060
-579479.020,-1266145.710,178.980
-579478.700,-1266145.830,178.880
-579478.380,-1266145.960,178.770
-579478.090,-1266146.070,178.720
-579477.800,-1266146.190,178.630
-579477.510,-1266146.300,178.550
-579477.200,-1266146.420,178.460
-579476.900,-1266146.540,178.380
-579476.600,-1266146.660,178.285
-579476.280,-1266146.780,178.210
-579475.990,-1266146.900,178.120
-579475.700,-1266147.010,178.040
-579475.380,-1266147.140,177.970
-579475.060,-1266147.260,177.890
-579474.460,-1266147.500,177.710
-579474.130,-1266147.630,177.620
-579473.830,-1266147.750,177.540
-579473.530,-1266147.870,177.445
-579473.230,-1266147.980,177.415
-579472.940,-1266148.100,177.305
-579472.650,-1266148.210,177.185
-579472.320,-1266148.340,177.160
-579472.050,-1266148.450,177.110
-579486.560,-1266142.980,177.490
-579486.230,-1266143.110,177.600
-579485.860,-1266143.260,177.690
-579485.530,-1266143.400,177.775
-579485.190,-1266143.530,177.865
-579484.820,-1266143.680,177.980
-579484.470,-1266143.830,178.070
-579484.140,-1266143.960,178.160
-579483.770,-1266144.110,178.290
-579483.410,-1266144.260,178.380
-579483.050,-1266144.400,178.470
-579482.710,-1266144.540,178.560
-579482.380,-1266144.680,178.660
-579482.050,-1266144.810,178.765
-579481.710,-1266144.950,178.860
-579481.350,-1266145.100,178.955
-579481.020,-1266145.230,179.040
-579480.660,-1266145.370,179.150
-579480.320,-1266145.510,179.150
-579480.020,-1266145.630,179.160
-579479.700,-1266145.760,179.140
-579479.380,-1266145.880,179.060
-579479.090,-1266146.000,178.990
-579478.770,-1266146.120,178.900
-579478.460,-1266146.250,178.770
-579478.140,-1266146.370,178.665
-579477.850,-1266146.490,178.620
-579477.560,-1266146.600,178.550
-579477.270,-1266146.710,178.460
-579476.970,-1266146.830,178.390
-579476.650,-1266146.960,178.280
-579476.350,-1266147.080,178.215
-579476.040,-1266147.200,178.160
-579475.740,-1266147.310,178.095
-579475.450,-1266147.430,178.025
-579475.140,-1266147.550,177.930
-579474.810,-1266147.680,177.840
-579474.540,-1266147.790,177.790
-579474.210,-1266147.920,177.650
-579473.890,-1266148.040,177.595
-579473.580,-1266148.170,177.510
-579473.270,-1266148.290,177.430
-579472.950,-1266148.420,177.300
-579472.700,-1266148.510,177.195
-579472.410,-1266148.630,177.170
-579472.090,-1266148.750,177.105
-579486.640,-1266143.270,177.490
-579486.280,-1266143.410,177.595
-579485.930,-1266143.550,177.690
-579485.580,-1266143.700,177.780
-579485.250,-1266143.830,177.865
-579484.890,-1266143.980,177.970
-579484.540,-1266144.120,178.070
-579484.190,-1266144.260,178.160
-579483.850,-1266144.400,178.270
-579483.480,-1266144.550,178.380
-579483.120,-1266144.700,178.480
-579482.770,-1266144.840,178.570
-579482.430,-1266144.980,178.655
-579482.100,-1266145.110,178.770
-579481.760,-1266145.250,178.860
-579481.070,-1266145.530,179.040
-579480.740,-1266145.660,179.145
-579480.370,-1266145.820,179.170
-579480.060,-1266145.940,179.160
-579479.780,-1266146.050,179.155
-579479.450,-1266146.180,179.070
-579479.140,-1266146.300,179.010
-579478.850,-1266146.420,178.940
-579478.530,-1266146.540,178.780
-579478.210,-1266146.670,178.680
-579477.890,-1266146.790,178.620
-579477.600,-1266146.910,178.540
-579477.310,-1266147.020,178.500
-579477.020,-1266147.140,178.425
-579476.730,-1266147.250,178.360
-579476.400,-1266147.380,178.280
-579476.120,-1266147.490,178.210
-579475.800,-1266147.620,178.110
-579475.500,-1266147.740,178.040
-579475.210,-1266147.850,177.960
-579474.900,-1266147.970,177.860
-579474.550,-1266148.120,177.780
-579474.240,-1266148.240,177.680
-579473.930,-1266148.360,177.600
-579473.610,-1266148.480,177.470
-579473.290,-1266148.610,177.430
-579473.010,-1266148.720,177.300
-579472.750,-1266148.820,177.220
-579472.460,-1266148.930,177.160
-579486.750,-1266143.610,177.470
-579486.400,-1266143.750,177.580
-579486.040,-1266143.890,177.675
-579485.710,-1266144.030,177.775
-579485.340,-1266144.180,177.860
-579485.010,-1266144.310,177.960
-579484.680,-1266144.450,178.050
-579484.320,-1266144.590,178.145
-579483.620,-1266144.870,178.360
-579483.260,-1266145.020,178.455
-579482.890,-1266145.170,178.560
-579482.540,-1266145.310,178.645
-579482.200,-1266145.450,178.740
-579481.860,-1266145.590,178.865
-579481.540,-1266145.720,178.970
-579481.200,-1266145.860,179.040
-579480.840,-1266146.000,179.130
-579480.510,-1266146.140,179.180
-579480.160,-1266146.280,179.180
-579479.870,-1266146.390,179.160
-579479.580,-1266146.510,179.130
-579479.270,-1266146.630,179.070
-579478.340,-1266147.000,178.725
-579478.020,-1266147.120,178.670
-579477.710,-1266147.240,178.625
-579477.410,-1266147.360,178.555
-579477.110,-1266147.480,178.460
-579476.820,-1266147.590,178.385
-579476.540,-1266147.700,178.320
-579476.200,-1266147.840,178.220
-579475.890,-1266147.960,178.140
-579475.570,-1266148.090,178.040
-579475.270,-1266148.210,177.930
-579474.970,-1266148.330,177.850
-579474.660,-1266148.450,177.800
-579474.350,-1266148.570,177.730
-579474.050,-1266148.690,177.620
-579486.800,-1266143.950,177.470
-579486.460,-1266144.090,177.570
-579486.110,-1266144.230,177.660
-579485.760,-1266144.370,177.760
-579485.420,-1266144.510,177.850
-579485.050,-1266144.660,177.950
-579484.730,-1266144.790,178.050
-579484.390,-1266144.930,178.140
-579484.020,-1266145.080,178.235
-579483.330,-1266145.360,178.450
-579482.970,-1266145.500,178.540
-579482.610,-1266145.650,178.630
-579482.250,-1266145.800,178.700
-579481.910,-1266145.930,178.865
-579481.580,-1266146.070,178.970
-579481.250,-1266146.200,179.070
-579480.910,-1266146.340,179.125
-579480.550,-1266146.490,179.170
-579480.230,-1266146.620,179.170
-579479.920,-1266146.740,179.205
-579479.630,-1266146.850,179.150
-579479.330,-1266146.970,179.075
-579478.090,-1266147.460,178.680
-579477.770,-1266147.590,178.640
-579477.410,-1266147.730,178.555
-579477.130,-1266147.840,178.470
-579476.830,-1266147.960,178.380
-579476.530,-1266148.080,178.325
-579476.250,-1266148.190,178.240
-579475.930,-1266148.320,178.185
-579475.640,-1266148.430,178.110
-579483.760,-1266145.500,178.330
-579483.390,-1266145.650,178.450
-579483.060,-1266145.790,178.540
-579482.700,-1266145.930,178.600
-579481.650,-1266146.360,179.010
-579481.310,-1266146.500,179.090
-579480.970,-1266146.640,179.145
-579480.640,-1266146.770,179.200
-579480.270,-1266146.920,179.200
-579480.000,-1266147.030,179.210
-579479.690,-1266147.150,179.160
-579479.400,-1266147.260,179.140
-579479.080,-1266147.390,179.030
-579478.740,-1266147.530,178.940
-579478.420,-1266147.650,178.780
-579478.130,-1266147.770,178.700
-579477.820,-1266147.890,178.670
-579477.500,-1266148.010,178.585
-579477.190,-1266148.140,178.490
-579476.890,-1266148.250,178.430
-579476.620,-1266148.360,178.350
-579486.510,-1266144.390,177.560
-579486.180,-1266144.520,177.665
-579485.840,-1266144.660,177.760
-579485.480,-1266144.810,177.830
-579485.140,-1266144.940,177.940
-579484.790,-1266145.090,178.035
-579484.450,-1266145.230,178.130
-579484.110,-1266145.360,178.235
-579486.530,-1266144.650,177.565
-579486.190,-1266144.780,177.650
-579485.870,-1266144.910,177.765
-579485.520,-1266145.050,177.855
-579485.160,-1266145.200,177.955
-579484.830,-1266145.330,178.050
-579484.470,-1266145.480,178.140
-579484.130,-1266145.620,178.230
-579483.800,-1266145.750,178.330
-579483.440,-1266145.900,178.450
-579483.080,-1266146.050,178.540
-579482.750,-1266146.180,178.630
-579481.660,-1266146.620,179.040
-579481.330,-1266146.760,179.095
-579480.990,-1266146.900,179.160
-579480.310,-1266147.180,179.240
-579479.980,-1266147.300,179.195
-579479.690,-1266147.420,179.150
-579479.370,-1266147.550,179.070
-579479.070,-1266147.660,179.030
-579478.790,-1266147.780,178.940
-579478.470,-1266147.900,178.790
-579478.160,-1266148.020,178.700
-579477.880,-1266148.130,178.670
-579486.630,-1266145.040,177.560
-579486.310,-1266145.170,177.640
-579485.970,-1266145.310,177.745
-579485.630,-1266145.450,177.845
-579485.300,-1266145.580,177.940
-579484.930,-1266145.730,178.050
-579484.590,-1266145.870,178.150
-579484.240,-1266146.010,178.235
-579483.910,-1266146.150,178.330
-579483.560,-1266146.290,178.455
-579483.210,-1266146.430,178.560
-579482.840,-1266146.580,178.635
-579481.380,-1266147.180,179.095
-579481.060,-1266147.310,179.200
-579480.390,-1266147.580,179.280
-579480.100,-1266147.690,179.270
-579479.790,-1266147.810,179.180
-579486.730,-1266145.360,177.545
-579486.370,-1266145.510,177.645
-579486.030,-1266145.640,177.760
-579485.690,-1266145.780,177.830
-579485.370,-1266145.910,177.950
-579485.020,-1266146.050,178.050
-579484.660,-1266146.200,178.150
-579484.330,-1266146.330,178.230
-579483.970,-1266146.480,178.330
-579483.620,-1266146.620,178.485
-579483.270,-1266146.770,178.570
-579482.890,-1266146.920,178.630
-579482.530,-1266147.070,178.750
-579486.830,-1266145.680,177.540
-579486.470,-1266145.830,177.640
-579486.110,-1266145.980,177.750
-579485.780,-1266146.110,177.820
-579485.450,-1266146.240,177.920
-579485.100,-1266146.390,178.030
-579484.760,-1266146.530,178.140
-579483.340,-1266147.110,178.620
-579482.990,-1266147.250,178.685
-579482.650,-1266147.390,178.790
-579486.890,-1266145.870,177.530
-579486.530,-1266146.020,177.640
-579486.160,-1266146.170,177.750
-579485.770,-1266146.330,177.820
-579484.750,-1266146.750,178.155
-579486.630,-1266146.420,177.640
-579486.360,-1266136.010,177.280
-579486.370,-1266135.840,177.260
-579486.270,-1266135.340,177.280
-579486.200,-1266135.050,177.270
-579486.200,-1266134.750,177.280
-579486.140,-1266134.480,177.270
-579486.060,-1266134.100,177.270
-579485.980,-1266133.700,177.270
-579485.970,-1266133.100,177.260
-579486.000,-1266133.470,177.260
-579485.910,-1266132.670,177.250
-579486.190,-1266132.230,177.220
-579485.850,-1266132.370,177.270
-579486.180,-1266131.980,177.175
-579485.800,-1266132.130,177.250
-579486.100,-1266131.690,177.175
-579485.760,-1266131.830,177.260
-579486.010,-1266131.280,177.175
-579485.640,-1266131.430,177.270
-579485.910,-1266130.720,177.180
-579485.560,-1266130.860,177.280
-579485.900,-1266130.880,177.200
-579485.560,-1266131.020,177.280
-579485.830,-1266130.360,177.185
-579486.020,-1266129.410,177.170
-579485.650,-1266129.560,177.200
-579485.770,-1266130.050,177.190
-579485.990,-1266129.280,177.160
-579485.650,-1266129.410,177.200
-579485.930,-1266128.870,177.165
-579485.550,-1266129.020,177.220
-579485.850,-1266128.600,177.165
-579485.490,-1266128.750,177.220
-579485.700,-1266128.220,177.170
-579485.330,-1266128.370,177.240
-579485.640,-1266128.030,177.175
-579485.300,-1266128.170,177.220
-579485.820,-1266127.200,177.130
-579485.470,-1266127.340,177.200
-579485.890,-1266127.520,177.130
-579485.210,-1266127.800,177.245
-579485.720,-1266126.580,177.140
-579485.370,-1266126.730,177.180
-579485.740,-1266126.820,177.140
-579485.400,-1266126.960,177.180
-579485.660,-1266126.200,177.150
-579485.290,-1266126.350,177.200
-579485.560,-1266125.850,177.145
-579485.230,-1266125.990,177.170
-579485.500,-1266125.550,177.150
-579485.140,-1266125.700,177.195
-579485.430,-1266125.310,177.150
-579485.090,-1266125.450,177.175
-579485.340,-1266124.940,177.150
-579484.990,-1266125.080,177.180
-579485.630,-1266124.460,177.090
-579485.290,-1266124.590,177.140
-579484.930,-1266124.740,177.190
-579485.550,-1266124.110,177.090
-579485.160,-1266124.270,177.150
-579485.460,-1266123.840,177.090
-579485.080,-1266124.000,177.150
-579485.370,-1266123.610,177.110
-579485.020,-1266123.760,177.160
-579485.230,-1266123.090,177.130
-579484.860,-1266123.240,177.170
-579485.130,-1266122.930,177.130
-579484.770,-1266123.080,177.180
-579485.280,-1266122.250,177.100
-579484.910,-1266122.390,177.145
-579485.010,-1266122.510,177.130
-579485.010,-1266121.540,177.095
-579484.660,-1266121.680,177.170
-579485.120,-1266121.800,177.100
-579484.750,-1266121.950,177.170
-579484.890,-1266121.230,177.135
-579484.540,-1266121.370,177.190
-579484.780,-1266120.930,177.130
-579485.010,-1266120.480,177.085
-579484.660,-1266120.620,177.140
-579484.470,-1266120.250,177.140
-579468.310,-1266123.220,177.160
-579469.210,-1266122.870,177.320
-579468.630,-1266123.100,177.195
-579471.520,-1266122.310,177.960
-579471.190,-1266122.440,177.910
-579470.890,-1266122.560,177.820
-579470.590,-1266122.680,177.705
-579470.310,-1266122.780,177.640
-579469.720,-1266123.020,177.450
-579469.400,-1266123.140,177.375
-579469.100,-1266123.260,177.300
-579468.790,-1266123.380,177.230
-579468.470,-1266123.510,177.165
-579471.910,-1266122.490,178.030
-579471.640,-1266122.590,177.960
-579471.360,-1266122.700,177.930
-579471.050,-1266122.820,177.850
-579470.750,-1266122.940,177.765
-579470.430,-1266123.070,177.650
-579470.150,-1266123.180,177.570
-579469.850,-1266123.300,177.470
-579469.530,-1266123.420,177.370
-579469.210,-1266123.550,177.300
-579468.920,-1266123.660,177.240
-579468.600,-1266123.790,177.170
-579472.070,-1266122.760,178.070
-579471.780,-1266122.870,178.020
-579471.490,-1266122.980,177.940
-579471.190,-1266123.100,177.870
-579470.870,-1266123.230,177.760
-579470.580,-1266123.340,177.675
-579470.260,-1266123.470,177.560
-579469.960,-1266123.580,177.480
-579469.670,-1266123.700,177.390
-579469.350,-1266123.830,177.340
-579469.030,-1266123.950,177.230
-579468.740,-1266124.070,177.175
-579468.420,-1266124.190,177.135
-579474.970,-1266122.010,178.910
-579473.770,-1266122.480,178.540
-579472.840,-1266122.840,178.245
-579472.540,-1266122.960,178.190
-579472.210,-1266123.090,178.080
-579471.910,-1266123.210,178.020
-579471.630,-1266123.320,177.940
-579471.320,-1266123.440,177.850
-579471.020,-1266123.560,177.750
-579470.720,-1266123.670,177.670
-579470.420,-1266123.800,177.565
-579470.090,-1266123.920,177.490
-579469.810,-1266124.030,177.410
-579469.510,-1266124.150,177.345
-579469.180,-1266124.280,177.260
-579468.870,-1266124.400,177.190
-579468.580,-1266124.520,177.165
-579476.590,-1266121.760,179.180
-579476.320,-1266121.870,179.180
-579476.030,-1266121.980,179.160
-579475.750,-1266122.090,179.120
-579475.460,-1266122.200,179.060
-579475.130,-1266122.330,178.940
-579474.850,-1266122.440,178.840
-579474.520,-1266122.570,178.710
-579474.230,-1266122.690,178.660
-579473.940,-1266122.800,178.590
-579473.620,-1266122.930,178.495
-579473.300,-1266123.050,178.385
-579473.010,-1266123.170,178.300
-579472.690,-1266123.290,178.210
-579472.370,-1266123.420,178.105
-579472.050,-1266123.540,178.020
-579471.760,-1266123.660,177.945
-579471.460,-1266123.770,177.860
-579471.160,-1266123.890,177.760
-579470.880,-1266124.000,177.710
-579470.560,-1266124.130,177.595
-579470.260,-1266124.250,177.520
-579469.950,-1266124.370,177.435
-579469.650,-1266124.490,177.360
-579469.350,-1266124.610,177.285
-579469.040,-1266124.730,177.205
-579468.720,-1266124.850,177.160
-579476.440,-1266122.090,179.170
-579476.140,-1266122.200,179.170
-579475.850,-1266122.320,179.120
-579475.560,-1266122.430,179.060
-579475.260,-1266122.550,178.970
-579474.940,-1266122.680,178.845
-579474.650,-1266122.790,178.750
-579474.320,-1266122.920,178.645
-579474.030,-1266123.030,178.590
-579473.740,-1266123.140,178.520
-579473.420,-1266123.270,178.420
-579473.100,-1266123.400,178.280
-579472.820,-1266123.510,178.220
-579472.490,-1266123.640,178.120
-579472.170,-1266123.760,178.060
-579471.850,-1266123.890,177.935
-579471.560,-1266124.000,177.900
-579471.270,-1266124.120,177.790
-579470.970,-1266124.240,177.700
-579470.680,-1266124.350,177.620
-579470.360,-1266124.480,177.535
-579470.060,-1266124.590,177.450
-579469.750,-1266124.710,177.390
-579469.440,-1266124.840,177.270
-579469.150,-1266124.950,177.215
-579468.840,-1266125.070,177.170
-579468.520,-1266125.200,177.135
-579480.120,-1266121.030,178.370
-579479.750,-1266121.180,178.455
-579479.380,-1266121.340,178.535
-579479.060,-1266121.460,178.610
-579478.750,-1266121.590,178.765
-579478.410,-1266121.720,178.790
-579478.060,-1266121.870,178.930
-579477.690,-1266122.020,178.985
-579477.340,-1266122.160,179.090
-579476.990,-1266122.300,179.170
-579476.590,-1266122.470,179.170
-579476.290,-1266122.580,179.165
-579476.010,-1266122.690,179.120
-579475.710,-1266122.810,179.050
-579475.410,-1266122.930,178.960
-579475.130,-1266123.040,178.880
-579474.810,-1266123.160,178.780
-579474.500,-1266123.280,178.685
-579474.200,-1266123.400,178.590
-579473.890,-1266123.520,178.510
-579473.600,-1266123.640,178.430
-579473.280,-1266123.760,178.335
-579472.970,-1266123.880,178.265
-579472.680,-1266124.000,178.190
-579472.350,-1266124.130,178.070
-579472.040,-1266124.250,177.980
-579471.710,-1266124.380,177.900
-579471.420,-1266124.490,177.795
-579471.130,-1266124.610,177.730
-579470.830,-1266124.730,177.630
-579470.540,-1266124.840,177.560
-579470.220,-1266124.970,177.495
-579469.920,-1266125.080,177.405
-579469.600,-1266125.210,177.300
-579469.310,-1266125.330,177.260
-579469.020,-1266125.440,177.190
-579468.700,-1266125.560,177.135
-579480.270,-1266121.270,178.340
-579479.950,-1266121.390,178.430
-579479.250,-1266121.680,178.595
-579478.870,-1266121.830,178.645
-579478.520,-1266121.970,178.775
-579478.190,-1266122.110,178.925
-579477.820,-1266122.260,178.990
-579477.460,-1266122.410,179.075
-579477.110,-1266122.550,179.160
-579476.750,-1266122.690,179.170
-579476.430,-1266122.820,179.170
-579476.110,-1266122.950,179.130
-579475.810,-1266123.060,179.055
-579475.510,-1266123.180,178.960
-579475.230,-1266123.290,178.885
-579474.920,-1266123.410,178.800
-579474.610,-1266123.540,178.700
-579474.320,-1266123.650,178.610
-579473.990,-1266123.780,178.530
-579473.710,-1266123.890,178.470
-579473.410,-1266124.010,178.360
-579473.090,-1266124.140,178.280
-579472.780,-1266124.260,178.175
-579472.480,-1266124.370,178.100
-579472.160,-1266124.500,178.020
-579471.850,-1266124.620,177.940
-579471.520,-1266124.750,177.830
-579471.230,-1266124.870,177.730
-579470.940,-1266124.980,177.690
-579470.650,-1266125.100,177.560
-579470.340,-1266125.210,177.510
-579470.040,-1266125.330,177.430
-579469.410,-1266125.580,177.240
-579469.130,-1266125.690,177.200
-579468.830,-1266125.810,177.160
-579484.390,-1266120.070,177.110
-579482.900,-1266120.690,177.570
-579481.860,-1266121.100,177.855
-579481.510,-1266121.250,177.960
-579481.140,-1266121.400,178.040
-579480.800,-1266121.540,178.160
-579480.460,-1266121.670,178.270
-579480.110,-1266121.810,178.370
-579479.770,-1266121.950,178.480
-579479.410,-1266122.100,178.565
-579479.070,-1266122.240,178.620
-579478.020,-1266122.660,178.970
-579477.650,-1266122.810,179.060
-579477.290,-1266122.960,179.145
-579476.950,-1266123.100,179.170
-579476.590,-1266123.240,179.170
-579476.300,-1266123.360,179.140
-579475.970,-1266123.480,179.060
-579475.670,-1266123.600,179.000
-579475.380,-1266123.720,178.890
-579475.090,-1266123.830,178.815
-579474.790,-1266123.950,178.755
-579474.480,-1266124.070,178.660
-579474.190,-1266124.190,178.570
-579473.860,-1266124.320,178.485
-579473.570,-1266124.430,178.410
-579473.270,-1266124.550,178.300
-579472.960,-1266124.670,178.190
-579472.630,-1266124.800,178.100
-579472.340,-1266124.910,178.050
-579472.030,-1266125.040,177.965
-579471.700,-1266125.160,177.870
-579471.390,-1266125.290,177.780
-579471.100,-1266125.400,177.700
-579470.790,-1266125.520,177.615
-579470.510,-1266125.630,177.550
-579470.220,-1266125.750,177.455
-579469.900,-1266125.870,177.365
-579469.590,-1266125.990,177.250
-579469.290,-1266126.110,177.200
-579468.990,-1266126.230,177.160
-579468.700,-1266126.340,177.120
-579483.060,-1266120.830,177.530
-579482.700,-1266120.970,177.640
-579482.330,-1266121.120,177.740
-579481.990,-1266121.260,177.840
-579481.620,-1266121.410,177.935
-579481.260,-1266121.560,178.020
-579480.890,-1266121.710,178.120
-579480.540,-1266121.850,178.245
-579480.210,-1266121.980,178.340
-579479.870,-1266122.120,178.425
-579479.520,-1266122.260,178.520
-579479.150,-1266122.410,178.590
-579478.120,-1266122.830,178.950
-579477.400,-1266123.120,179.090
-579477.040,-1266123.270,179.170
-579476.700,-1266123.410,179.170
-579476.390,-1266123.530,179.160
-579476.080,-1266123.650,179.060
-579475.760,-1266123.780,178.990
-579475.450,-1266123.900,178.895
-579475.170,-1266124.010,178.825
-579474.870,-1266124.130,178.750
-579474.570,-1266124.250,178.660
-579474.260,-1266124.370,178.590
-579473.970,-1266124.480,178.520
-579473.650,-1266124.610,178.420
-579473.350,-1266124.730,178.320
-579473.070,-1266124.840,178.205
-579472.750,-1266124.960,178.120
-579472.420,-1266125.090,178.045
-579472.130,-1266125.210,177.970
-579471.810,-1266125.330,177.875
-579471.490,-1266125.460,177.780
-579471.180,-1266125.580,177.705
-579470.890,-1266125.690,177.630
-579470.590,-1266125.810,177.560
-579470.300,-1266125.920,177.460
-579470.000,-1266126.040,177.365
-579469.680,-1266126.170,177.300
-579469.380,-1266126.290,177.200
-579469.070,-1266126.410,177.160
-579468.770,-1266126.530,177.130
-579469.860,-1266126.540,177.330
-579469.550,-1266126.670,177.240
-579469.240,-1266126.790,177.190
-579468.930,-1266126.910,177.130
-579484.290,-1266120.770,177.170
-579483.940,-1266120.910,177.245
-579483.580,-1266121.060,177.410
-579483.230,-1266121.200,177.495
-579482.900,-1266121.340,177.600
-579482.520,-1266121.490,177.700
-579482.160,-1266121.640,177.810
-579481.820,-1266121.780,177.895
-579481.460,-1266121.920,177.980
-579481.080,-1266122.080,178.070
-579480.700,-1266122.230,178.190
-579480.380,-1266122.360,178.270
-579480.030,-1266122.500,178.380
-579479.690,-1266122.640,178.470
-579479.350,-1266122.780,178.530
-579478.980,-1266122.930,178.625
-579478.640,-1266123.070,178.765
-579478.280,-1266123.210,178.890
-579477.940,-1266123.350,178.980
-579477.600,-1266123.490,179.060
-579477.240,-1266123.640,179.140
-579476.840,-1266123.800,179.170
-579476.570,-1266123.910,179.165
-579476.260,-1266124.030,179.100
-579475.930,-1266124.160,179.050
-579475.610,-1266124.290,178.940
-579475.320,-1266124.400,178.865
-579475.020,-1266124.520,178.770
-579474.730,-1266124.630,178.700
-579474.440,-1266124.740,178.610
-579474.130,-1266124.860,178.540
-579473.820,-1266124.990,178.470
-579473.220,-1266125.220,178.235
-579472.920,-1266125.340,178.160
-579472.610,-1266125.460,178.060
-579472.290,-1266125.590,177.980
-579471.990,-1266125.710,177.920
-579471.680,-1266125.830,177.845
-579471.360,-1266125.950,177.750
-579471.030,-1266126.080,177.660
-579470.740,-1266126.200,177.585
-579470.450,-1266126.310,177.520
-579470.150,-1266126.430,177.420
-579475.430,-1266124.710,178.870
-579475.140,-1266124.820,178.795
-579474.840,-1266124.940,178.710
-579474.540,-1266125.050,178.630
-579474.250,-1266125.170,178.570
-579473.930,-1266125.300,178.470
-579473.640,-1266125.410,178.385
-579473.320,-1266125.530,178.260
-579473.030,-1266125.650,178.180
-579472.730,-1266125.770,178.100
-579472.410,-1266125.890,178.020
-579472.100,-1266126.020,177.930
-579471.800,-1266126.130,177.860
-579471.480,-1266126.260,177.755
-579471.180,-1266126.380,177.690
-579470.850,-1266126.510,177.580
-579470.540,-1266126.630,177.490
-579470.260,-1266126.740,177.425
-579469.960,-1266126.860,177.330
-579469.670,-1266126.970,177.280
-579469.360,-1266127.100,177.190
-579469.060,-1266127.210,177.145
-579468.750,-1266127.330,177.105
-579484.430,-1266121.070,177.180
-579484.050,-1266121.220,177.245
-579483.720,-1266121.360,177.370
-579483.350,-1266121.510,177.480
-579483.000,-1266121.650,177.565
-579482.670,-1266121.780,177.635
-579482.300,-1266121.930,177.770
-579481.930,-1266122.080,177.870
-579481.590,-1266122.220,177.960
-579481.230,-1266122.370,178.040
-579480.850,-1266122.520,178.150
-579480.490,-1266122.670,178.265
-579480.140,-1266122.810,178.380
-579479.800,-1266122.950,178.475
-579479.470,-1266123.090,178.540
-579479.130,-1266123.220,178.620
-579478.750,-1266123.380,178.770
-579478.420,-1266123.510,178.870
-579478.050,-1266123.660,178.970
-579477.710,-1266123.800,179.050
-579477.380,-1266123.930,179.140
-579477.010,-1266124.090,179.170
-579476.670,-1266124.220,179.170
-579476.390,-1266124.330,179.130
-579476.060,-1266124.460,179.055
-579475.740,-1266124.580,178.980
-579482.790,-1266122.080,177.630
-579482.430,-1266122.220,177.740
-579482.060,-1266122.380,177.850
-579481.700,-1266122.520,177.925
-579481.360,-1266122.660,178.040
-579480.990,-1266122.810,178.130
-579480.630,-1266122.960,178.250
-579480.250,-1266123.110,178.380
-579479.910,-1266123.250,178.450
-579479.590,-1266123.380,178.550
-579479.240,-1266123.520,178.630
-579478.890,-1266123.660,178.720
-579478.530,-1266123.810,178.855
-579478.190,-1266123.950,178.940
-579477.820,-1266124.100,179.030
-579477.490,-1266124.230,179.110
-579477.150,-1266124.370,179.170
-579476.790,-1266124.520,179.170
-579476.490,-1266124.630,179.170
-579476.190,-1266124.750,179.070
-579475.870,-1266124.880,178.990
-579475.560,-1266125.000,178.880
-579475.240,-1266125.130,178.795
-579474.940,-1266125.240,178.720
-579474.640,-1266125.360,178.630
-579474.350,-1266125.470,178.570
-579474.060,-1266125.590,178.485
-579473.740,-1266125.710,178.410
-579473.460,-1266125.820,178.320
-579473.130,-1266125.950,178.180
-579472.840,-1266126.070,178.110
-579472.540,-1266126.180,178.045
-579472.220,-1266126.310,177.940
-579471.900,-1266126.430,177.855
-579471.620,-1266126.550,177.780
-579471.290,-1266126.680,177.680
-579470.970,-1266126.800,177.610
-579470.650,-1266126.930,177.520
-579470.370,-1266127.040,177.450
-579470.070,-1266127.160,177.350
-579469.770,-1266127.280,177.290
-579469.490,-1266127.380,177.200
-579469.160,-1266127.510,177.160
-579468.870,-1266127.620,177.120
-579484.200,-1266121.510,177.245
-579483.830,-1266121.660,177.370
-579483.480,-1266121.800,177.440
-579483.120,-1266121.950,177.530
-579484.310,-1266121.820,177.240
-579483.970,-1266121.960,177.320
-579483.600,-1266122.110,177.445
-579483.260,-1266122.250,177.520
-579482.890,-1266122.400,177.615
-579482.560,-1266122.540,177.700
-579482.200,-1266122.680,177.820
-579481.840,-1266122.830,177.930
-579481.470,-1266122.980,178.020
-579481.130,-1266123.120,178.085
-579480.760,-1266123.270,178.210
-579480.400,-1266123.410,178.330
-579480.030,-1266123.560,178.440
-579479.680,-1266123.700,178.540
-579479.350,-1266123.840,178.620
-579479.020,-1266123.980,178.720
-579478.670,-1266124.120,178.820
-579478.310,-1266124.260,178.900
-579477.970,-1266124.400,179.000
-579477.600,-1266124.550,179.110
-579477.260,-1266124.690,179.160
-579476.930,-1266124.820,179.170
-579476.610,-1266124.950,179.160
-579476.300,-1266125.070,179.090
-579476.010,-1266125.190,179.040
-579475.690,-1266125.310,178.930
-579475.370,-1266125.440,178.805
-579475.050,-1266125.560,178.725
-579474.760,-1266125.680,178.645
-579474.460,-1266125.800,178.570
-579474.170,-1266125.910,178.500
-579473.870,-1266126.030,178.435
-579473.550,-1266126.150,178.325
-579473.260,-1266126.270,178.210
-579472.940,-1266126.390,178.140
-579472.640,-1266126.510,178.060
-579472.360,-1266126.620,177.980
-579472.030,-1266126.750,177.890
-579471.720,-1266126.870,177.810
-579471.430,-1266126.990,177.720
-579471.110,-1266127.110,177.650
-579470.790,-1266127.240,177.545
-579470.480,-1266127.360,177.450
-579470.180,-1266127.480,177.365
-579469.870,-1266127.600,177.290
-579469.590,-1266127.710,177.235
-579469.290,-1266127.830,177.165
-579469.100,-1266128.210,177.150
-579484.410,-1266122.090,177.230
-579484.070,-1266122.230,177.320
-579483.730,-1266122.370,177.420
-579483.360,-1266122.520,177.500
-579483.020,-1266122.660,177.600
-579482.660,-1266122.810,177.700
-579481.970,-1266123.080,177.900
-579481.610,-1266123.230,178.005
-579481.240,-1266123.380,178.080
-579480.900,-1266123.520,178.160
-579480.530,-1266123.670,178.320
-579480.160,-1266123.820,178.420
-579479.790,-1266123.970,178.520
-579479.470,-1266124.100,178.610
-579479.110,-1266124.250,178.690
-579478.770,-1266124.390,178.805
-579478.440,-1266124.520,178.890
-579478.070,-1266124.670,178.990
-579477.740,-1266124.800,179.100
-579477.370,-1266124.950,179.160
-579477.010,-1266125.100,179.160
-579476.740,-1266125.210,179.160
-579476.430,-1266125.330,179.090
-579476.100,-1266125.460,179.030
-579475.800,-1266125.580,178.930
-579475.500,-1266125.690,178.850
-579475.170,-1266125.820,178.740
-579474.850,-1266125.950,178.640
-579474.570,-1266126.060,178.570
-579474.260,-1266126.180,178.490
-579473.970,-1266126.290,178.430
-579473.680,-1266126.410,178.335
-579473.070,-1266126.650,178.150
-579472.750,-1266126.770,178.070
-579472.460,-1266126.890,177.980
-579472.160,-1266127.010,177.930
-579471.850,-1266127.130,177.820
-579471.530,-1266127.250,177.740
-579471.220,-1266127.380,177.620
-579470.910,-1266127.500,177.570
-579470.590,-1266127.620,177.470
-579470.270,-1266127.750,177.360
-579469.980,-1266127.860,177.290
-579469.390,-1266128.100,177.175
-579479.600,-1266124.550,178.580
-579479.260,-1266124.690,178.665
-579478.920,-1266124.830,178.785
-579478.580,-1266124.970,178.850
-579478.250,-1266125.100,178.960
-579477.880,-1266125.250,179.065
-579477.540,-1266125.390,179.150
-579477.150,-1266125.550,179.160
-579476.870,-1266125.660,179.160
-579476.570,-1266125.780,179.115
-579476.260,-1266125.900,179.050
-579475.940,-1266126.030,178.955
-579475.640,-1266126.140,178.870
-579475.330,-1266126.270,178.790
-579475.020,-1266126.380,178.700
-579474.690,-1266126.510,178.600
-579474.400,-1266126.630,178.520
-579474.120,-1266126.740,178.460
-579473.810,-1266126.860,178.350
-579473.510,-1266126.980,178.280
-579473.210,-1266127.090,178.185
-579472.900,-1266127.220,178.090
-579472.580,-1266127.340,177.980
-579472.300,-1266127.450,177.950
-579471.990,-1266127.580,177.840
-579471.680,-1266127.700,177.775
-579471.370,-1266127.820,177.680
-579471.070,-1266127.940,177.600
-579470.750,-1266128.060,177.475
-579470.430,-1266128.190,177.390
-579470.120,-1266128.310,177.310
-579469.810,-1266128.430,177.245
-579469.530,-1266128.540,177.190
-579469.240,-1266128.660,177.150
-579484.570,-1266122.540,177.210
-579484.210,-1266122.680,177.300
-579483.880,-1266122.810,177.370
-579483.530,-1266122.960,177.470
-579483.160,-1266123.110,177.565
-579482.830,-1266123.240,177.665
-579482.460,-1266123.390,177.770
-579482.110,-1266123.530,177.895
-579481.780,-1266123.670,177.960
-579481.410,-1266123.820,178.050
-579481.040,-1266123.970,178.150
-579480.700,-1266124.100,178.260
-579480.330,-1266124.250,178.375
-579479.960,-1266124.410,178.480
-579484.630,-1266122.670,177.200
-579484.280,-1266122.810,177.300
-579483.960,-1266122.940,177.370
-579483.600,-1266123.080,177.470
-579483.260,-1266123.220,177.550
-579482.900,-1266123.370,177.630
-579482.550,-1266123.510,177.750
-579482.180,-1266123.660,177.870
-579481.850,-1266123.790,177.960
-579481.500,-1266123.940,178.050
-579481.140,-1266124.090,178.140
-579480.780,-1266124.230,178.230
-579480.430,-1266124.370,178.350
-579480.060,-1266124.520,178.450
-579479.700,-1266124.670,178.530
-579479.330,-1266124.820,178.670
-579478.990,-1266124.960,178.765
-579478.660,-1266125.090,178.850
-579478.320,-1266125.230,178.935
-579477.970,-1266125.370,179.050
-579477.610,-1266125.520,179.155
-579477.260,-1266125.660,179.160
-579476.930,-1266125.790,179.160
-579476.640,-1266125.900,179.135
-579476.350,-1266126.020,179.050
-579476.030,-1266126.150,178.960
-579475.710,-1266126.270,178.870
-579475.420,-1266126.380,178.790
-579475.100,-1266126.510,178.720
-579474.780,-1266126.640,178.620
-579474.470,-1266126.760,178.520
-579474.170,-1266126.880,178.450
-579473.880,-1266126.990,178.340
-579473.580,-1266127.110,178.290
-579473.290,-1266127.220,178.185
-579472.970,-1266127.350,178.090
-579472.680,-1266127.460,178.020
-579472.360,-1266127.590,177.900
-579472.070,-1266127.700,177.855
-579471.770,-1266127.820,177.780
-579471.450,-1266127.940,177.690
-579471.140,-1266128.070,177.600
-579470.850,-1266128.180,177.500
-579470.530,-1266128.310,177.420
-579470.210,-1266128.430,177.320
-579469.890,-1266128.560,177.240
-579469.600,-1266128.670,177.190
-579469.300,-1266128.790,177.160
-579469.020,-1266128.900,177.130
-579471.580,-1266128.370,177.725
-579471.250,-1266128.490,177.610
-579470.940,-1266128.620,177.540
-579470.640,-1266128.730,177.420
-579470.330,-1266128.850,177.360
-579470.000,-1266128.990,177.240
-579469.690,-1266129.110,177.200
-579469.400,-1266129.220,177.140
-579469.120,-1266129.330,177.115
-579484.400,-1266123.230,177.270
-579484.050,-1266123.360,177.340
-579483.710,-1266123.500,177.450
-579483.370,-1266123.640,177.520
-579483.030,-1266123.780,177.615
-579482.660,-1266123.930,177.730
-579482.320,-1266124.070,177.840
-579481.950,-1266124.220,177.955
-579481.610,-1266124.360,178.040
-579481.280,-1266124.490,178.110
-579480.900,-1266124.650,178.215
-579480.540,-1266124.790,178.340
-579480.200,-1266124.930,178.420
-579479.830,-1266125.080,178.510
-579479.460,-1266125.230,178.640
-579479.100,-1266125.380,178.720
-579478.760,-1266125.520,178.840
-579478.420,-1266125.660,178.930
-579478.090,-1266125.790,179.030
-579477.740,-1266125.930,179.120
-579477.370,-1266126.080,179.160
-579477.060,-1266126.210,179.160
-579476.740,-1266126.330,179.160
-579476.450,-1266126.450,179.060
-579476.160,-1266126.560,178.990
-579475.840,-1266126.690,178.895
-579475.520,-1266126.810,178.815
-579475.230,-1266126.930,178.730
-579474.910,-1266127.050,178.650
-579474.590,-1266127.180,178.555
-579474.270,-1266127.310,178.460
-579473.980,-1266127.420,178.370
-579473.680,-1266127.540,178.295
-579473.390,-1266127.650,178.205
-579473.100,-1266127.770,178.140
-579472.780,-1266127.890,178.040
-579472.480,-1266128.010,177.960
-579472.170,-1266128.130,177.870
-579471.870,-1266128.250,177.790
-579484.480,-1266123.400,177.280
-579484.110,-1266123.550,177.340
-579483.780,-1266123.680,177.460
-579483.440,-1266123.820,177.540
-579483.090,-1266123.960,177.620
-579482.760,-1266124.100,177.705
-579482.390,-1266124.250,177.850
-579482.040,-1266124.390,177.945
-579481.680,-1266124.540,178.030
-579481.340,-1266124.670,178.120
-579481.000,-1266124.810,178.220
-579480.640,-1266124.960,178.330
-579480.260,-1266125.110,178.440
-579479.920,-1266125.250,178.510
-579479.570,-1266125.400,178.630
-579479.200,-1266125.540,178.730
-579478.820,-1266125.700,178.840
-579478.500,-1266125.830,178.910
-579478.150,-1266125.970,179.035
-579477.810,-1266126.110,179.130
-579477.480,-1266126.240,179.160
-579477.120,-1266126.390,179.160
-579476.830,-1266126.500,179.160
-579476.510,-1266126.620,179.060
-579476.230,-1266126.740,178.995
-579475.930,-1266126.860,178.900
-579475.610,-1266126.980,178.845
-579475.290,-1266127.110,178.730
-579474.990,-1266127.220,178.640
-579474.670,-1266127.350,178.540
-579474.350,-1266127.480,178.460
-579474.050,-1266127.600,178.380
-579473.750,-1266127.710,178.295
-579473.460,-1266127.830,178.210
-579473.160,-1266127.950,178.130
-579472.860,-1266128.060,178.040
-579472.550,-1266128.180,177.980
-579472.250,-1266128.300,177.870
-579471.940,-1266128.430,177.790
-579471.640,-1266128.540,177.710
-579471.360,-1266128.650,177.650
-579471.030,-1266128.780,177.560
-579470.720,-1266128.910,177.450
-579470.420,-1266129.020,177.365
-579470.090,-1266129.150,177.245
-579469.780,-1266129.270,177.200
-579469.460,-1266129.400,177.140
-579469.170,-1266129.510,177.120
-579484.650,-1266123.910,177.230
-579484.270,-1266124.060,177.320
-579483.910,-1266124.210,177.425
-579483.570,-1266124.340,177.515
-579483.230,-1266124.490,177.600
-579482.890,-1266124.620,177.700
-579482.550,-1266124.760,177.800
-579482.180,-1266124.910,177.925
-579481.840,-1266125.050,178.000
-579481.470,-1266125.200,178.100
-579481.120,-1266125.340,178.190
-579480.800,-1266125.470,178.300
-579480.420,-1266125.620,178.400
-579480.060,-1266125.770,178.500
-579479.720,-1266125.910,178.600
-579479.360,-1266126.060,178.700
-579478.990,-1266126.200,178.795
-579478.620,-1266126.350,178.890
-579478.280,-1266126.490,179.020
-579477.950,-1266126.630,179.090
-579477.610,-1266126.760,179.160
-579477.260,-1266126.910,179.160
-579476.970,-1266127.020,179.160
-579476.670,-1266127.140,179.080
-579476.350,-1266127.270,179.000
-579476.070,-1266127.380,178.915
-579475.760,-1266127.500,178.850
-579475.440,-1266127.620,178.745
-579475.140,-1266127.740,178.670
-579474.820,-1266127.870,178.585
-579474.510,-1266127.990,178.500
-579474.200,-1266128.110,178.390
-579473.880,-1266128.240,178.315
-579473.580,-1266128.350,178.220
-579473.300,-1266128.460,178.160
-579473.010,-1266128.580,178.060
-579472.700,-1266128.700,177.990
-579472.390,-1266128.820,177.900
-579472.100,-1266128.940,177.825
-579471.770,-1266129.070,177.725
-579471.490,-1266129.180,177.655
-579471.190,-1266129.300,177.565
-579470.870,-1266129.420,177.485
-579470.550,-1266129.550,177.390
-579470.250,-1266129.670,177.320
-579469.930,-1266129.790,177.210
-579469.620,-1266129.910,177.155
-579484.730,-1266124.140,177.190
-579484.360,-1266124.290,177.320
-579484.000,-1266124.440,177.420
-579483.630,-1266124.590,177.500
-579483.290,-1266124.730,177.610
-579482.950,-1266124.860,177.700
-579482.600,-1266125.000,177.790
-579482.260,-1266125.140,177.890
-579481.900,-1266125.290,177.990
-579481.560,-1266125.430,178.080
-579481.190,-1266125.580,178.175
-579480.850,-1266125.720,178.280
-579480.510,-1266125.850,178.380
-579480.150,-1266126.000,178.485
-579479.780,-1266126.150,178.600
-579479.440,-1266126.290,178.690
-579479.080,-1266126.430,178.790
-579478.710,-1266126.590,178.870
-579478.350,-1266126.730,179.005
-579478.010,-1266126.870,179.090
-579477.670,-1266127.010,179.160
-579477.320,-1266127.150,179.160
-579477.040,-1266127.260,179.160
-579476.720,-1266127.380,179.065
-579476.430,-1266127.500,179.010
-579476.120,-1266127.620,178.915
-579475.810,-1266127.740,178.840
-579475.520,-1266127.860,178.770
-579475.210,-1266127.980,178.670
-579474.880,-1266128.110,178.590
-579474.590,-1266128.220,178.510
-579474.290,-1266128.340,178.430
-579473.950,-1266128.470,178.330
-579473.630,-1266128.600,178.210
-579473.350,-1266128.710,178.150
-579473.050,-1266128.830,178.050
-579472.750,-1266128.950,177.990
-579472.470,-1266129.060,177.900
-579472.150,-1266129.180,177.830
-579471.850,-1266129.300,177.750
-579471.540,-1266129.420,177.640
-579471.240,-1266129.540,177.580
-579470.940,-1266129.660,177.490
-579470.630,-1266129.780,177.400
-579470.300,-1266129.910,177.315
-579470.010,-1266130.020,177.230
-579469.700,-1266130.140,177.160
-579469.380,-1266130.270,177.130
-579471.300,-1266129.820,177.595
-579471.000,-1266129.930,177.495
-579470.700,-1266130.050,177.400
-579470.390,-1266130.180,177.320
-579470.080,-1266130.300,177.260
-579469.770,-1266130.420,177.200
-579469.460,-1266130.540,177.150
-579484.790,-1266124.420,177.180
-579484.460,-1266124.550,177.300
-579484.080,-1266124.710,177.395
-579483.710,-1266124.860,177.500
-579483.360,-1266125.000,177.595
-579483.000,-1266125.140,177.680
-579482.670,-1266125.280,177.795
-579482.330,-1266125.420,177.870
-579481.990,-1266125.560,177.970
-579481.610,-1266125.710,178.070
-579481.280,-1266125.840,178.160
-579480.910,-1266125.990,178.285
-579480.570,-1266126.130,178.375
-579480.230,-1266126.270,178.470
-579479.860,-1266126.420,178.580
-579479.500,-1266126.570,178.680
-579479.160,-1266126.700,178.760
-579478.800,-1266126.850,178.865
-579478.430,-1266127.000,178.970
-579478.070,-1266127.150,179.080
-579477.730,-1266127.280,179.160
-579477.370,-1266127.430,179.160
-579477.100,-1266127.540,179.160
-579476.810,-1266127.650,179.130
-579476.480,-1266127.780,179.035
-579476.190,-1266127.890,178.920
-579475.870,-1266128.020,178.860
-579475.580,-1266128.140,178.790
-579475.280,-1266128.250,178.670
-579474.970,-1266128.370,178.610
-579474.650,-1266128.500,178.520
-579474.350,-1266128.620,178.430
-579474.040,-1266128.740,178.340
-579473.730,-1266128.860,178.245
-579473.400,-1266128.990,178.155
-579473.110,-1266129.100,178.060
-579472.820,-1266129.220,177.990
-579472.520,-1266129.340,177.900
-579472.220,-1266129.450,177.840
-579471.910,-1266129.580,177.740
-579471.610,-1266129.700,177.660
-579484.550,-1266124.890,177.300
-579484.210,-1266125.030,177.370
-579483.850,-1266125.180,177.490
-579483.470,-1266125.330,177.600
-579483.100,-1266125.480,177.700
-579482.760,-1266125.620,177.780
-579482.430,-1266125.760,177.870
-579482.080,-1266125.900,177.960
-579481.750,-1266126.030,178.070
-579481.380,-1266126.180,178.160
-579481.040,-1266126.320,178.255
-579480.670,-1266126.470,178.370
-579480.340,-1266126.600,178.450
-579479.990,-1266126.750,178.570
-579479.620,-1266126.900,178.660
-579479.270,-1266127.040,178.760
-579478.920,-1266127.180,178.860
-579478.560,-1266127.330,178.965
-579478.200,-1266127.470,179.070
-579477.830,-1266127.620,179.160
-579477.470,-1266127.770,179.170
-579477.200,-1266127.880,179.165
-579476.600,-1266128.110,179.050
-579476.290,-1266128.230,178.950
-579476.000,-1266128.350,178.890
-579475.670,-1266128.480,178.790
-579475.390,-1266128.590,178.710
-579475.100,-1266128.700,178.625
-579474.770,-1266128.830,178.525
-579474.450,-1266128.960,178.440
-579474.160,-1266129.070,178.355
-579473.840,-1266129.200,178.260
-579473.520,-1266129.320,178.170
-579473.220,-1266129.440,178.085
-579472.910,-1266129.560,178.005
-579472.610,-1266129.680,177.930
-579472.330,-1266129.790,177.840
-579472.030,-1266129.910,177.760
-579471.710,-1266130.040,177.685
-579471.420,-1266130.150,177.590
-579471.100,-1266130.270,177.510
-579470.810,-1266130.390,177.420
-579470.520,-1266130.510,177.330
-579470.190,-1266130.640,177.280
-579469.870,-1266130.760,177.200
-579469.590,-1266130.870,177.150
-579478.260,-1266127.810,179.070
-579477.910,-1266127.960,179.150
-579477.520,-1266128.120,179.160
-579477.240,-1266128.220,179.160
-579476.950,-1266128.340,179.130
-579476.650,-1266128.450,179.050
-579476.350,-1266128.570,178.950
-579476.040,-1266128.690,178.870
-579475.740,-1266128.810,178.780
-579475.420,-1266128.930,178.675
-579475.130,-1266129.050,178.610
-579474.840,-1266129.160,178.520
-579474.520,-1266129.290,178.440
-579474.200,-1266129.420,178.340
-579473.910,-1266129.530,178.260
-579473.590,-1266129.660,178.160
-579473.280,-1266129.780,178.060
-579472.950,-1266129.910,178.000
-579472.660,-1266130.020,177.915
-579472.370,-1266130.140,177.840
-579472.070,-1266130.250,177.750
-579471.780,-1266130.370,177.680
-579471.460,-1266130.490,177.590
-579471.160,-1266130.610,177.490
-579470.860,-1266130.730,177.410
-579470.550,-1266130.850,177.320
-579470.260,-1266130.970,177.260
-579469.940,-1266131.090,177.160
-579469.620,-1266131.220,177.150
-579484.610,-1266125.230,177.300
-579484.260,-1266125.370,177.365
-579483.910,-1266125.520,177.470
-579483.540,-1266125.670,177.570
-579483.180,-1266125.810,177.680
-579482.810,-1266125.960,177.770
-579482.460,-1266126.100,177.870
-579482.140,-1266126.240,177.960
-579481.790,-1266126.380,178.070
-579481.450,-1266126.520,178.150
-579481.090,-1266126.660,178.250
-579480.740,-1266126.800,178.370
-579480.380,-1266126.950,178.450
-579480.040,-1266127.090,178.555
-579479.700,-1266127.230,178.660
-579479.330,-1266127.380,178.755
-579478.980,-1266127.520,178.860
-579478.630,-1266127.660,178.960
-579484.740,-1266125.590,177.265
-579484.390,-1266125.740,177.345
-579484.010,-1266125.890,177.465
-579483.670,-1266126.030,177.545
-579483.310,-1266126.180,177.650
-579482.930,-1266126.330,177.770
-579482.570,-1266126.480,177.870
-579482.230,-1266126.610,177.960
-579481.890,-1266126.750,178.060
-579481.550,-1266126.890,178.160
-579481.210,-1266127.030,178.250
-579480.840,-1266127.180,178.350
-579480.510,-1266127.310,178.440
-579480.150,-1266127.460,178.530
-579479.800,-1266127.600,178.660
-579479.460,-1266127.740,178.750
-579479.100,-1266127.890,178.860
-579478.730,-1266128.030,178.940
-579478.390,-1266128.180,179.040
-579478.040,-1266128.320,179.140
-579477.660,-1266128.470,179.155
-579477.330,-1266128.600,179.165
-579477.050,-1266128.710,179.130
-579476.750,-1266128.830,179.060
-579476.450,-1266128.950,178.970
-579476.160,-1266129.060,178.890
-579475.850,-1266129.180,178.790
-579475.550,-1266129.300,178.710
-579475.230,-1266129.430,178.620
-579474.940,-1266129.540,178.545
-579474.640,-1266129.660,178.470
-579474.320,-1266129.780,178.380
-579474.010,-1266129.910,178.270
-579473.710,-1266130.020,178.210
-579473.390,-1266130.150,178.100
-579473.080,-1266130.270,178.040
-579472.760,-1266130.400,177.925
-579472.470,-1266130.510,177.870
-579472.180,-1266130.630,177.775
-579471.870,-1266130.750,177.690
-579471.580,-1266130.860,177.600
-579471.260,-1266130.990,177.510
-579470.970,-1266131.100,177.430
-579470.660,-1266131.230,177.340
-579470.350,-1266131.350,177.290
-579470.070,-1266131.460,177.190
-579469.740,-1266131.590,177.150
-579469.440,-1266131.700,177.085
-579484.780,-1266125.840,177.280
-579484.450,-1266125.980,177.345
-579484.080,-1266126.130,177.455
-579483.720,-1266126.280,177.560
-579483.370,-1266126.420,177.660
-579483.010,-1266126.560,177.760
-579482.640,-1266126.710,177.855
-579482.280,-1266126.860,177.960
-579481.930,-1266127.000,178.065
-579481.600,-1266127.140,178.160
-579481.250,-1266127.280,178.250
-579480.920,-1266127.410,178.345
-579480.550,-1266127.560,178.420
-579480.210,-1266127.700,178.550
-579479.840,-1266127.850,178.655
-579479.510,-1266127.990,178.740
-579479.170,-1266128.120,178.860
-579478.800,-1266128.270,178.940
-579478.440,-1266128.420,179.060
-579478.100,-1266128.560,179.150
-579477.730,-1266128.710,179.170
-579477.400,-1266128.840,179.160
-579477.080,-1266128.970,179.130
-579476.790,-1266129.080,179.055
-579476.500,-1266129.190,178.970
-579476.190,-1266129.310,178.880
-579475.910,-1266129.430,178.790
-579475.590,-1266129.550,178.705
-579475.300,-1266129.660,178.640
-579474.970,-1266129.790,178.520
-579474.680,-1266129.910,178.445
-579474.390,-1266130.020,178.380
-579474.070,-1266130.150,178.270
-579473.760,-1266130.270,178.200
-579473.460,-1266130.390,178.105
-579473.130,-1266130.520,178.010
-579472.830,-1266130.640,177.930
-579472.510,-1266130.760,177.850
-579472.210,-1266130.880,177.760
-579471.920,-1266130.990,177.690
-579471.620,-1266131.110,177.600
-579471.330,-1266131.230,177.530
-579471.010,-1266131.350,177.420
-579470.720,-1266131.460,177.350
-579470.390,-1266131.600,177.260
-579470.100,-1266131.710,177.170
-579469.810,-1266131.820,177.160
-579469.500,-1266131.950,177.110
-579481.650,-1266127.440,178.150
-579481.310,-1266127.580,178.245
-579480.980,-1266127.710,178.335
-579480.640,-1266127.850,178.420
-579480.270,-1266128.000,178.530
-579479.940,-1266128.130,178.640
-579479.570,-1266128.280,178.735
-579479.230,-1266128.420,178.850
-579478.900,-1266128.560,178.930
-579478.530,-1266128.710,179.040
-579478.160,-1266128.850,179.120
-579477.830,-1266128.990,179.160
-579477.490,-1266129.130,179.150
-579477.170,-1266129.250,179.140
-579476.850,-1266129.380,179.060
-579476.560,-1266129.490,178.980
-579476.260,-1266129.610,178.890
-579475.980,-1266129.720,178.790
-579475.680,-1266129.840,178.720
-579475.350,-1266129.970,178.640
-579475.070,-1266130.080,178.560
-579474.750,-1266130.200,178.475
-579474.450,-1266130.320,178.380
-579474.160,-1266130.440,178.300
-579473.840,-1266130.560,178.220
-579473.530,-1266130.680,178.125
-579473.220,-1266130.800,178.035
-579472.910,-1266130.930,177.940
-579472.600,-1266131.050,177.870
-579472.270,-1266131.180,177.765
-579471.980,-1266131.290,177.690
-579471.690,-1266131.410,177.600
-579471.390,-1266131.520,177.520
-579471.100,-1266131.640,177.435
-579470.790,-1266131.760,177.350
-579470.480,-1266131.880,177.290
-579470.180,-1266132.000,177.195
-579469.890,-1266132.120,177.160
-579469.590,-1266132.230,177.100
-579474.230,-1266130.800,178.300
-579473.920,-1266130.920,178.230
-579473.610,-1266131.040,178.120
-579473.300,-1266131.160,178.050
-579473.000,-1266131.280,177.955
-579472.690,-1266131.400,177.870
-579472.360,-1266131.530,177.760
-579472.050,-1266131.660,177.690
-579471.760,-1266131.770,177.600
-579471.460,-1266131.890,177.520
-579471.160,-1266132.000,177.440
-579470.880,-1266132.110,177.355
-579470.550,-1266132.240,177.290
-579470.260,-1266132.360,177.200
-579469.940,-1266132.480,177.160
-579484.850,-1266126.140,177.265
-579484.510,-1266126.280,177.350
-579484.180,-1266126.410,177.430
-579483.800,-1266126.560,177.540
-579483.440,-1266126.710,177.635
-579483.100,-1266126.850,177.740
-579482.730,-1266127.000,177.840
-579482.360,-1266127.150,177.950
-579482.000,-1266127.290,178.050
-579484.950,-1266126.490,177.250
-579484.580,-1266126.640,177.340
-579484.240,-1266126.780,177.435
-579483.900,-1266126.920,177.540
-579483.530,-1266127.070,177.630
-579483.160,-1266127.220,177.740
-579482.830,-1266127.350,177.840
-579482.450,-1266127.500,177.940
-579482.090,-1266127.650,178.050
-579481.720,-1266127.800,178.160
-579481.390,-1266127.930,178.250
-579481.040,-1266128.080,178.330
-579480.710,-1266128.210,178.425
-579480.370,-1266128.350,178.520
-579480.000,-1266128.500,178.630
-579479.660,-1266128.640,178.720
-579479.310,-1266128.780,178.820
-579478.960,-1266128.920,178.930
-579478.620,-1266129.060,179.040
-579478.270,-1266129.200,179.120
-579477.890,-1266129.360,179.155
-579477.570,-1266129.480,179.165
-579477.270,-1266129.600,179.140
-579476.940,-1266129.730,179.060
-579476.620,-1266129.860,178.970
-579476.340,-1266129.970,178.890
-579476.040,-1266130.080,178.790
-579475.740,-1266130.200,178.720
-579475.460,-1266130.310,178.650
-579475.140,-1266130.440,178.565
-579474.830,-1266130.560,178.470
-579474.530,-1266130.680,178.400
-579485.000,-1266126.880,177.245
-579484.660,-1266127.010,177.340
-579484.300,-1266127.160,177.430
-579483.960,-1266127.300,177.525
-579483.610,-1266127.440,177.620
-579483.250,-1266127.590,177.720
-579482.890,-1266127.730,177.815
-579482.530,-1266127.880,177.910
-579482.170,-1266128.030,178.040
-579481.810,-1266128.170,178.125
-579481.450,-1266128.320,178.230
-579481.100,-1266128.460,178.330
-579480.760,-1266128.600,178.420
-579480.430,-1266128.730,178.530
-579480.080,-1266128.870,178.620
-579479.720,-1266129.020,178.720
-579479.390,-1266129.150,178.820
-579479.010,-1266129.310,178.930
-579478.680,-1266129.440,179.010
-579478.350,-1266129.580,179.110
-579477.970,-1266129.730,179.165
-579477.630,-1266129.870,179.170
-579477.350,-1266129.980,179.170
-579477.020,-1266130.110,179.060
-579476.710,-1266130.230,178.980
-579476.390,-1266130.360,178.890
-579476.100,-1266130.470,178.790
-579475.810,-1266130.580,178.730
-579475.520,-1266130.700,178.650
-579475.210,-1266130.820,178.570
-579474.890,-1266130.950,178.485
-579474.610,-1266131.060,178.400
-579474.290,-1266131.180,178.310
-579473.980,-1266131.300,178.230
-579473.700,-1266131.410,178.135
-579473.380,-1266131.540,178.060
-579473.060,-1266131.670,177.970
-579472.770,-1266131.780,177.870
-579472.450,-1266131.900,177.795
-579472.130,-1266132.030,177.690
-579471.820,-1266132.150,177.610
-579471.530,-1266132.270,177.520
-579471.230,-1266132.390,177.445
-579470.930,-1266132.500,177.360
-579470.630,-1266132.620,177.290
-579470.330,-1266132.740,177.200
-579470.030,-1266132.860,177.165
-579469.710,-1266132.980,177.130
-579485.050,-1266127.100,177.250
-579484.690,-1266127.240,177.340
-579484.350,-1266127.380,177.430
-579483.980,-1266127.530,177.540
-579483.650,-1266127.670,177.625
-579483.310,-1266127.810,177.725
-579482.930,-1266127.960,177.815
-579482.570,-1266128.100,177.925
-579482.230,-1266128.240,178.040
-579481.860,-1266128.390,178.150
-579481.500,-1266128.540,178.245
-579481.130,-1266128.690,178.340
-579480.790,-1266128.830,178.430
-579480.450,-1266128.960,178.530
-579480.110,-1266129.100,178.620
-579479.780,-1266129.240,178.720
-579479.410,-1266129.390,178.820
-579479.080,-1266129.520,178.930
-579478.700,-1266129.680,179.020
-579478.370,-1266129.810,179.115
-579478.040,-1266129.950,179.170
-579477.670,-1266130.090,179.165
-579477.360,-1266130.220,179.150
-579477.080,-1266130.320,179.080
-579476.760,-1266130.450,178.980
-579476.440,-1266130.580,178.890
-579476.130,-1266130.700,178.790
-579475.830,-1266130.820,178.720
-579475.530,-1266130.930,178.650
-579475.240,-1266131.050,178.570
-579474.950,-1266131.160,178.495
-579474.620,-1266131.290,178.400
-579474.340,-1266131.400,178.305
-579474.020,-1266131.530,178.230
-579473.720,-1266131.640,178.140
-579473.430,-1266131.760,178.060
-579473.120,-1266131.880,177.970
-579472.790,-1266132.010,177.860
-579472.490,-1266132.130,177.780
-579472.180,-1266132.250,177.690
-579471.860,-1266132.380,177.605
-579471.550,-1266132.500,177.520
-579471.260,-1266132.610,177.430
-579470.960,-1266132.730,177.360
-579470.660,-1266132.850,177.285
-579470.370,-1266132.960,177.200
-579470.050,-1266133.090,177.170
-579469.760,-1266133.200,177.130
-579485.130,-1266127.480,177.245
-579484.790,-1266127.610,177.320
-579484.420,-1266127.760,177.420
-579484.080,-1266127.900,177.520
-579483.720,-1266128.050,177.620
-579483.380,-1266128.190,177.720
-579483.040,-1266128.320,177.810
-579482.670,-1266128.470,177.900
-579482.310,-1266128.620,178.015
-579481.970,-1266128.760,178.120
-579481.590,-1266128.910,178.230
-579481.230,-1266129.060,178.330
-579480.860,-1266129.210,178.420
-579480.520,-1266129.350,178.530
-579480.200,-1266129.480,178.610
-579479.850,-1266129.620,178.720
-579479.520,-1266129.750,178.810
-579479.150,-1266129.900,178.915
-579478.820,-1266130.040,178.990
-579478.450,-1266130.190,179.100
-579478.110,-1266130.330,179.170
-579477.780,-1266130.460,179.170
-579477.460,-1266130.590,179.170
-579477.160,-1266130.700,179.090
-579476.860,-1266130.820,178.990
-579476.540,-1266130.950,178.910
-579476.230,-1266131.070,178.815
-579475.900,-1266131.200,178.720
-579475.610,-1266131.310,178.650
-579475.320,-1266131.430,178.560
-579475.020,-1266131.540,178.500
-579474.730,-1266131.660,178.410
-579474.410,-1266131.790,178.320
-579474.110,-1266131.900,178.245
-579473.800,-1266132.020,178.150
-579473.510,-1266132.140,178.070
-579473.220,-1266132.250,177.975
-579472.900,-1266132.380,177.895
-579472.580,-1266132.500,177.800
-579472.290,-1266132.620,177.725
-579471.960,-1266132.750,177.615
-579471.650,-1266132.870,177.530
-579471.340,-1266132.990,177.450
-579471.030,-1266133.120,177.365
-579470.740,-1266133.230,177.300
-579470.450,-1266133.340,177.215
-579470.150,-1266133.460,177.170
-579469.840,-1266133.580,177.130
-579484.860,-1266127.940,177.325
-579484.530,-1266128.070,177.415
-579484.160,-1266128.220,177.515
-579483.810,-1266128.370,177.610
-579483.450,-1266128.510,177.710
-579483.120,-1266128.650,177.815
-579482.770,-1266128.790,177.910
-579482.410,-1266128.930,178.020
-579482.040,-1266129.080,178.100
-579481.700,-1266129.220,178.215
-579481.330,-1266129.370,178.325
-579480.970,-1266129.520,178.420
-579480.600,-1266129.670,178.520
-579480.260,-1266129.810,178.610
-579479.920,-1266129.950,178.710
-579479.590,-1266130.080,178.805
-579479.250,-1266130.220,178.915
-579478.890,-1266130.360,178.985
-579478.550,-1266130.500,179.095
-579478.190,-1266130.650,179.170
-579477.840,-1266130.790,179.170
-579477.560,-1266130.900,179.170
-579477.240,-1266131.020,179.080
-579476.930,-1266131.150,179.005
-579476.630,-1266131.260,178.940
-579476.320,-1266131.390,178.815
-579475.990,-1266131.520,178.700
-579475.690,-1266131.640,178.610
-579475.390,-1266131.750,178.560
-579475.090,-1266131.870,178.490
-579474.800,-1266131.980,178.410
-579474.500,-1266132.100,178.320
-579474.180,-1266132.230,178.245
-579473.910,-1266132.340,178.150
-579473.570,-1266132.470,178.055
-579473.280,-1266132.580,177.965
-579473.000,-1266132.690,177.890
-579472.670,-1266132.820,177.800
-579472.070,-1266133.060,177.620
-579471.750,-1266133.180,177.530
-579471.420,-1266133.310,177.440
-579471.110,-1266133.430,177.365
-579470.810,-1266133.550,177.290
-579470.510,-1266133.670,177.210
-579470.220,-1266133.780,177.140
-579469.930,-1266133.900,177.130
-579484.950,-1266128.310,177.310
-579484.620,-1266128.440,177.410
-579484.270,-1266128.580,177.505
-579483.900,-1266128.730,177.590
-579483.570,-1266128.870,177.700
-579483.210,-1266129.010,177.790
-579482.860,-1266129.160,177.890
-579482.530,-1266129.290,177.980
-579482.160,-1266129.440,178.080
-579481.790,-1266129.590,178.190
-579481.450,-1266129.730,178.290
-579481.090,-1266129.880,178.400
-579480.720,-1266130.030,178.495
-579480.350,-1266130.170,178.610
-579480.020,-1266130.310,178.695
-579479.680,-1266130.450,178.785
-579479.340,-1266130.580,178.890
-579479.010,-1266130.720,178.980
-579478.650,-1266130.870,179.080
-579478.310,-1266131.010,179.170
-579477.930,-1266131.160,179.170
-579477.660,-1266131.270,179.170
-579477.360,-1266131.380,179.105
-579477.050,-1266131.510,179.040
-579476.730,-1266131.630,178.990
-579476.420,-1266131.750,178.895
-579475.800,-1266131.990,178.610
-579475.480,-1266132.120,178.555
-579475.190,-1266132.240,178.500
-579474.900,-1266132.350,178.425
-579474.600,-1266132.470,178.340
-579474.300,-1266132.590,178.255
-579474.000,-1266132.700,178.180
-579473.690,-1266132.820,178.090
-579473.380,-1266132.950,177.990
-579473.090,-1266133.060,177.905
-579472.790,-1266133.180,177.830
-579472.470,-1266133.310,177.750
-579472.160,-1266133.430,177.650
-579471.860,-1266133.550,177.560
-579471.540,-1266133.670,177.490
-579471.230,-1266133.790,177.405
-579470.900,-1266133.920,177.280
-579470.610,-1266134.040,177.225
-579470.320,-1266134.150,177.160
-579470.030,-1266134.270,177.130
-579469.720,-1266134.390,177.070
-579485.010,-1266128.500,177.310
-579484.650,-1266128.650,177.410
-579484.310,-1266128.780,177.510
-579483.980,-1266128.920,177.595
-579483.600,-1266129.070,177.700
-579483.260,-1266129.210,177.800
-579482.910,-1266129.350,177.890
-579482.560,-1266129.500,178.000
-579482.230,-1266129.630,178.090
-579481.860,-1266129.780,178.210
-579481.490,-1266129.930,178.315
-579481.150,-1266130.070,178.390
-579480.790,-1266130.210,178.480
-579480.430,-1266130.360,178.600
-579480.060,-1266130.510,178.695
-579479.720,-1266130.650,178.780
-579479.390,-1266130.780,178.910
-579479.050,-1266130.920,178.990
-579478.720,-1266131.060,179.090
-579478.350,-1266131.210,179.170
-579477.980,-1266131.360,179.170
-579477.690,-1266131.470,179.170
-579477.400,-1266131.580,179.120
-579477.100,-1266131.700,179.045
-579476.790,-1266131.820,178.995
-579475.850,-1266132.190,178.605
-579475.540,-1266132.320,178.555
-579475.220,-1266132.440,178.490
-579474.920,-1266132.560,178.410
-579474.630,-1266132.670,178.330
-579474.340,-1266132.790,178.255
-579474.040,-1266132.900,178.180
-579473.730,-1266133.030,178.070
-579473.440,-1266133.140,177.980
-579473.110,-1266133.270,177.890
-579472.820,-1266133.380,177.805
-579472.530,-1266133.500,177.750
-579472.210,-1266133.630,177.625
-579471.900,-1266133.750,177.560
-579471.600,-1266133.870,177.460
-579471.280,-1266133.990,177.395
-579470.960,-1266134.120,177.300
-579470.650,-1266134.240,177.195
-579470.350,-1266134.360,177.145
-579470.050,-1266134.470,177.130
-579469.760,-1266134.590,177.080
-579485.110,-1266128.900,177.305
-579484.770,-1266129.040,177.400
-579484.440,-1266129.170,177.490
-579484.100,-1266129.310,177.585
-579483.750,-1266129.460,177.695
-579483.400,-1266129.600,177.780
-579483.050,-1266129.740,177.880
-579482.670,-1266129.890,177.990
-579482.340,-1266130.030,178.080
-579482.000,-1266130.160,178.170
-579481.630,-1266130.320,178.280
-579481.270,-1266130.460,178.370
-579480.940,-1266130.600,178.465
-579480.570,-1266130.750,178.570
-579480.200,-1266130.900,178.680
-579479.840,-1266131.040,178.770
-579479.500,-1266131.180,178.885
-579479.170,-1266131.320,178.990
-579478.830,-1266131.450,179.080
-579478.490,-1266131.590,179.160
-579478.100,-1266131.750,179.170
-579477.830,-1266131.860,179.170
-579477.510,-1266131.980,179.140
-579477.220,-1266132.100,179.095
-579476.920,-1266132.210,179.030
-579475.680,-1266132.700,178.560
-579475.360,-1266132.830,178.520
-579475.040,-1266132.950,178.430
-579474.750,-1266133.070,178.350
-579474.450,-1266133.180,178.260
-579474.160,-1266133.300,178.180
-579473.870,-1266133.410,178.110
-579473.550,-1266133.540,178.020
-579473.260,-1266133.650,177.935
-579472.930,-1266133.780,177.845
-579472.640,-1266133.890,177.770
-579472.340,-1266134.010,177.690
-579472.040,-1266134.130,177.595
-579471.710,-1266134.260,177.525
-579471.420,-1266134.380,177.440
-579471.110,-1266134.500,177.320
-579470.780,-1266134.630,177.250
-579470.470,-1266134.750,177.170
-579470.190,-1266134.860,177.125
-579469.890,-1266134.980,177.070
-579485.180,-1266129.170,177.300
-579484.820,-1266129.320,177.400
-579484.470,-1266129.460,177.490
-579484.130,-1266129.590,177.590
-579483.800,-1266129.730,177.700
-579483.460,-1266129.870,177.785
-579483.090,-1266130.020,177.880
-579482.760,-1266130.150,177.980
-579482.390,-1266130.300,178.080
-579482.040,-1266130.440,178.190
-579481.710,-1266130.580,178.270
-579481.350,-1266130.730,178.370
-579480.970,-1266130.880,178.470
-579480.650,-1266131.010,178.570
-579480.280,-1266131.160,178.655
-579479.210,-1266131.600,178.990
-579478.870,-1266131.730,179.080
-579478.540,-1266131.870,179.170
-579478.160,-1266132.030,179.170
-579477.870,-1266132.140,179.170
-579477.580,-1266132.250,179.140
-579477.270,-1266132.370,179.100
-579476.960,-1266132.500,179.030
-579475.750,-1266132.970,178.560
-579475.420,-1266133.100,178.505
-579475.110,-1266133.220,178.425
-579474.780,-1266133.350,178.320
-579474.500,-1266133.460,178.260
-579474.200,-1266133.580,178.170
-579473.900,-1266133.700,178.080
-579473.610,-1266133.810,177.990
-579473.290,-1266133.940,177.910
-579473.000,-1266134.050,177.860
-579472.680,-1266134.180,177.745
-579472.390,-1266134.290,177.670
-579472.100,-1266134.410,177.565
-579471.780,-1266134.530,177.525
-579471.460,-1266134.660,177.410
-579471.170,-1266134.770,177.330
-579470.840,-1266134.900,177.220
-579470.540,-1266135.020,177.160
-579470.220,-1266135.150,177.090
-579469.920,-1266135.260,177.070
-579485.280,-1266129.570,177.295
-579484.920,-1266129.710,177.390
-579484.550,-1266129.860,177.480
-579484.210,-1266130.000,177.590
-579483.880,-1266130.130,177.670
-579483.530,-1266130.280,177.790
-579483.190,-1266130.410,177.870
-579482.830,-1266130.560,177.980
-579482.480,-1266130.700,178.055
-579482.120,-1266130.850,178.160
-579481.790,-1266130.980,178.265
-579481.440,-1266131.120,178.360
-579481.080,-1266131.270,178.460
-579480.720,-1266131.420,178.530
-579480.380,-1266131.560,178.615
-579480.010,-1266131.710,178.700
-579479.660,-1266131.850,178.880
-579479.290,-1266132.000,179.010
-579478.950,-1266132.140,179.080
-579478.610,-1266132.270,179.165
-579478.260,-1266132.410,179.170
-579477.970,-1266132.530,179.180
-579477.650,-1266132.650,179.155
-579477.360,-1266132.770,179.100
-579477.040,-1266132.900,179.030
-579476.750,-1266133.010,178.950
-579476.130,-1266133.250,178.660
-579475.830,-1266133.370,178.610
-579475.530,-1266133.490,178.545
-579475.210,-1266133.610,178.450
-579474.900,-1266133.740,178.365
-579474.570,-1266133.860,178.260
-579474.280,-1266133.980,178.180
-579473.980,-1266134.100,178.110
-579473.680,-1266134.220,178.020
-579473.400,-1266134.330,177.950
-579473.070,-1266134.450,177.880
-579472.790,-1266134.570,177.780
-579472.470,-1266134.690,177.705
-579472.160,-1266134.810,177.600
-579471.880,-1266134.930,177.535
-579471.560,-1266135.050,177.425
-579471.240,-1266135.180,177.330
-579470.940,-1266135.290,177.270
-579470.640,-1266135.410,177.165
-579470.320,-1266135.540,177.130
-579470.010,-1266135.660,177.070
-579485.300,-1266129.700,177.300
-579484.930,-1266129.850,177.390
-579484.570,-1266130.000,177.475
-579484.200,-1266130.150,177.590
-579483.860,-1266130.290,177.695
-579483.520,-1266130.430,177.790
-579483.180,-1266130.570,177.880
-579482.840,-1266130.700,177.980
-579482.490,-1266130.850,178.060
-579482.140,-1266130.990,178.160
-579481.780,-1266131.140,178.270
-579481.450,-1266131.270,178.360
-579481.100,-1266131.410,178.465
-579480.730,-1266131.560,178.550
-579480.370,-1266131.710,178.610
-579480.040,-1266131.840,178.700
-579479.670,-1266131.990,178.910
-579479.310,-1266132.140,179.025
-579478.950,-1266132.280,179.070
-579478.610,-1266132.420,179.170
-579478.260,-1266132.570,179.170
-579477.970,-1266132.680,179.160
-579477.670,-1266132.800,179.155
-579477.340,-1266132.930,179.070
-579477.060,-1266133.040,179.020
-579476.740,-1266133.160,178.940
-579476.450,-1266133.280,178.770
-579476.170,-1266133.390,178.670
-579475.840,-1266133.520,178.600
-579475.520,-1266133.640,178.530
-579475.230,-1266133.760,178.435
-579474.910,-1266133.880,178.360
-579474.590,-1266134.010,178.260
-579474.280,-1266134.130,178.180
-579473.980,-1266134.250,178.100
-579473.690,-1266134.360,178.020
-579473.390,-1266134.480,177.920
-579473.090,-1266134.600,177.855
-579472.790,-1266134.720,177.780
-579472.480,-1266134.840,177.690
-579472.170,-1266134.960,177.600
-579471.870,-1266135.080,177.500
-579471.580,-1266135.190,177.425
-579471.270,-1266135.310,177.345
-579470.940,-1266135.440,177.265
-579470.650,-1266135.560,177.165
-579470.340,-1266135.680,177.130
-579470.030,-1266135.800,177.070
-579474.450,-1266134.930,178.180
-579474.150,-1266135.050,178.110
-579473.830,-1266135.180,178.020
-579473.530,-1266135.300,177.925
-579473.240,-1266135.410,177.855
-579472.940,-1266135.530,177.775
-579472.640,-1266135.640,177.700
-579472.340,-1266135.760,177.610
-579472.040,-1266135.880,177.520
-579471.720,-1266136.010,177.440
-579471.430,-1266136.120,177.350
-579471.130,-1266136.240,177.300
-579470.820,-1266136.360,177.180
-579470.500,-1266136.490,177.110
-579470.220,-1266136.600,177.090
-579485.390,-1266130.210,177.290
-579485.050,-1266130.340,177.370
-579484.700,-1266130.490,177.470
-579484.320,-1266130.640,177.575
-579483.950,-1266130.790,177.670
-579483.620,-1266130.930,177.790
-579483.280,-1266131.070,177.875
-579482.930,-1266131.200,177.970
-579482.600,-1266131.340,178.050
-579482.240,-1266131.490,178.155
-579481.890,-1266131.630,178.255
-579481.540,-1266131.770,178.340
-579481.200,-1266131.910,178.450
-579480.860,-1266132.050,178.530
-579480.500,-1266132.190,178.615
-579479.430,-1266132.620,178.985
-579479.060,-1266132.780,179.070
-579478.700,-1266132.920,179.160
-579478.370,-1266133.060,179.165
-579478.060,-1266133.180,179.160
-579477.770,-1266133.300,179.150
-579477.470,-1266133.410,179.080
-579477.160,-1266133.530,179.000
-579476.860,-1266133.650,178.895
-579476.540,-1266133.780,178.800
-579476.250,-1266133.890,178.715
-579475.960,-1266134.010,178.630
-579475.640,-1266134.130,178.550
-579475.330,-1266134.250,178.470
-579475.030,-1266134.370,178.370
-579474.710,-1266134.500,178.290
-579474.400,-1266134.620,178.190
-579474.080,-1266134.750,178.110
-579473.780,-1266134.860,178.020
-579473.490,-1266134.980,177.960
-579473.200,-1266135.090,177.870
-579472.900,-1266135.210,177.780
-579472.580,-1266135.340,177.705
-579472.290,-1266135.450,177.625
-579471.980,-1266135.570,177.530
-579471.680,-1266135.690,177.440
-579471.390,-1266135.800,177.360
-579471.060,-1266135.940,177.290
-579470.750,-1266136.060,177.175
-579470.460,-1266136.170,177.140
-579470.150,-1266136.290,177.090
-579482.040,-1266132.290,178.260
-579481.670,-1266132.440,178.350
-579481.340,-1266132.580,178.440
-579480.980,-1266132.720,178.525
-579480.630,-1266132.870,178.610
-579480.300,-1266133.000,178.720
-579479.950,-1266133.140,178.840
-579479.560,-1266133.300,178.940
-579479.240,-1266133.430,179.050
-579478.870,-1266133.580,179.140
-579478.510,-1266133.730,179.150
-579478.170,-1266133.860,179.160
-579477.890,-1266133.970,179.140
-579477.590,-1266134.090,179.070
-579477.290,-1266134.210,178.980
-579477.010,-1266134.320,178.870
-579476.690,-1266134.450,178.800
-579476.390,-1266134.570,178.715
-579476.080,-1266134.680,178.650
-579475.780,-1266134.800,178.560
-579475.490,-1266134.920,178.470
-579475.180,-1266135.040,178.390
-579474.850,-1266135.170,178.290
-579474.560,-1266135.280,178.210
-579474.240,-1266135.410,178.125
-579473.920,-1266135.530,178.030
-579473.600,-1266135.660,177.940
-579473.320,-1266135.770,177.860
-579473.020,-1266135.890,177.780
-579472.720,-1266136.010,177.700
-579472.440,-1266136.120,177.620
-579472.110,-1266136.250,177.525
-579471.810,-1266136.370,177.440
-579471.510,-1266136.480,177.360
-579471.210,-1266136.600,177.300
-579470.910,-1266136.720,177.200
-579470.600,-1266136.840,177.170
-579470.290,-1266136.960,177.090
-579485.460,-1266130.510,177.280
-579485.100,-1266130.660,177.360
-579484.760,-1266130.800,177.470
-579484.400,-1266130.940,177.570
-579484.030,-1266131.090,177.670
-579483.660,-1266131.240,177.780
-579483.320,-1266131.380,177.880
-579482.980,-1266131.520,177.965
-579482.640,-1266131.650,178.050
-579482.300,-1266131.790,178.155
-579481.950,-1266131.940,178.250
-579481.600,-1266132.080,178.345
-579481.240,-1266132.220,178.450
-579480.920,-1266132.360,178.530
-579480.570,-1266132.500,178.610
-579479.500,-1266132.930,178.960
-579479.130,-1266133.080,179.060
-579478.780,-1266133.220,179.155
-579478.410,-1266133.380,179.160
-579478.100,-1266133.500,179.160
-579477.810,-1266133.610,179.130
-579477.520,-1266133.730,179.070
-579477.220,-1266133.850,178.985
-579476.920,-1266133.960,178.885
-579476.610,-1266134.080,178.800
-579476.290,-1266134.210,178.720
-579476.000,-1266134.320,178.630
-579475.710,-1266134.440,178.545
-579475.390,-1266134.570,178.460
-579475.070,-1266134.690,178.360
-579474.780,-1266134.800,178.290
-579485.230,-1266131.160,177.360
-579484.860,-1266131.310,177.460
-579484.490,-1266131.460,177.565
-579484.160,-1266131.590,177.665
-579483.780,-1266131.740,177.770
-579483.420,-1266131.890,177.880
-579483.050,-1266132.040,177.970
-579482.720,-1266132.180,178.050
-579482.370,-1266132.320,178.160
-579482.050,-1266132.450,178.260
-579481.700,-1266132.590,178.355
-579481.330,-1266132.740,178.440
-579481.000,-1266132.870,178.530
-579480.640,-1266133.020,178.625
-579480.300,-1266133.160,178.735
-579479.960,-1266133.300,178.855
-579479.600,-1266133.440,178.950
-579479.230,-1266133.590,179.050
-579478.900,-1266133.730,179.140
-579478.530,-1266133.880,179.165
-579478.190,-1266134.010,179.160
-579477.880,-1266134.130,179.130
-579477.580,-1266134.250,179.060
-579477.300,-1266134.360,178.980
-579477.000,-1266134.480,178.890
-579476.710,-1266134.590,178.800
-579476.400,-1266134.710,178.715
-579476.100,-1266134.840,178.650
-579475.780,-1266134.960,178.550
-579475.490,-1266135.070,178.460
-579475.190,-1266135.190,178.390
-579474.870,-1266135.320,178.290
-579474.560,-1266135.440,178.210
-579474.260,-1266135.560,178.110
-579473.950,-1266135.680,178.030
-579473.630,-1266135.810,177.935
-579473.310,-1266135.930,177.850
-579473.020,-1266136.050,177.780
-579472.730,-1266136.160,177.700
-579472.430,-1266136.280,177.610
-579472.130,-1266136.400,177.520
-579471.820,-1266136.520,177.440
-579471.520,-1266136.630,177.360
-579471.200,-1266136.760,177.295
-579470.920,-1266136.870,177.200
-579470.620,-1266136.990,177.155
-579470.310,-1266137.110,177.090
-579485.190,-1266131.010,177.360
-579484.830,-1266131.160,177.460
-579484.490,-1266131.300,177.560
-579484.120,-1266131.450,177.660
-579483.760,-1266131.600,177.765
-579483.390,-1266131.750,177.855
-579483.050,-1266131.880,177.970
-579482.720,-1266132.020,178.055
-579482.380,-1266132.160,178.150
-579479.790,-1266134.250,178.920
-579479.450,-1266134.390,179.030
-579479.090,-1266134.540,179.140
-579478.720,-1266134.690,179.180
-579478.410,-1266134.810,179.170
-579478.090,-1266134.930,179.150
-579477.770,-1266135.060,179.065
-579477.460,-1266135.180,178.990
-579477.170,-1266135.300,178.890
-579476.870,-1266135.420,178.820
-579476.580,-1266135.530,178.720
-579476.290,-1266135.640,178.670
-579475.970,-1266135.770,178.565
-579475.670,-1266135.890,178.490
-579475.360,-1266136.010,178.400
-579475.070,-1266136.120,178.325
-579474.770,-1266136.240,178.220
-579474.460,-1266136.360,178.145
-579474.140,-1266136.490,178.060
-579473.840,-1266136.610,177.970
-579473.530,-1266136.730,177.870
-579473.210,-1266136.860,177.780
-579472.870,-1266136.990,177.695
-579472.600,-1266137.090,177.605
-579472.300,-1266137.210,177.530
-579472.000,-1266137.330,177.450
-579471.710,-1266137.440,177.375
-579471.100,-1266137.680,177.210
-579470.790,-1266137.810,177.180
-579470.490,-1266137.920,177.110
-579485.310,-1266131.560,177.360
-579484.960,-1266131.700,177.455
-579484.600,-1266131.850,177.560
-579484.230,-1266132.000,177.660
-579483.890,-1266132.140,177.750
-579483.530,-1266132.290,177.850
-579483.160,-1266132.440,177.950
-579482.810,-1266132.580,178.050
-579482.460,-1266132.720,178.155
-579482.130,-1266132.850,178.250
-579481.790,-1266132.990,178.350
-579481.440,-1266133.130,178.440
-579481.090,-1266133.280,178.530
-579480.760,-1266133.410,178.630
-579480.380,-1266133.560,178.725
-579480.050,-1266133.700,178.830
-579479.720,-1266133.830,178.940
-579479.350,-1266133.980,179.045
-579478.980,-1266134.130,179.140
-579478.650,-1266134.270,179.165
-579478.310,-1266134.400,179.165
-579477.990,-1266134.530,179.155
-579477.680,-1266134.650,179.070
-579477.380,-1266134.770,178.985
-579477.090,-1266134.880,178.900
-579476.800,-1266135.000,178.825
-579476.500,-1266135.110,178.730
-579476.180,-1266135.240,178.660
-579475.890,-1266135.350,178.560
-579475.580,-1266135.480,178.470
-579475.270,-1266135.600,178.410
-579474.980,-1266135.710,178.300
-579474.670,-1266135.830,178.220
-579474.340,-1266135.960,178.130
-579474.060,-1266136.070,178.045
-579473.740,-1266136.200,177.960
-579473.420,-1266136.330,177.860
-579473.100,-1266136.450,177.780
-579472.810,-1266136.560,177.700
-579472.510,-1266136.680,177.600
-579472.210,-1266136.800,177.530
-579471.930,-1266136.910,177.470
-579471.610,-1266137.040,177.370
-579471.310,-1266137.150,177.320
-579471.000,-1266137.280,177.210
-579470.710,-1266137.390,177.160
-579470.420,-1266137.510,177.110
-579473.330,-1266137.390,177.800
-579473.010,-1266137.520,177.720
-579472.700,-1266137.640,177.615
-579472.380,-1266137.770,177.540
-579472.090,-1266137.880,177.445
-579471.790,-1266138.000,177.380
-579471.500,-1266138.110,177.320
-579471.210,-1266138.230,177.230
-579470.880,-1266138.360,177.190
-579470.590,-1266138.470,177.135
-579485.460,-1266132.270,177.335
-579485.100,-1266132.420,177.430
-579484.760,-1266132.550,177.540
-579484.420,-1266132.690,177.620
-579484.060,-1266132.840,177.745
-579483.690,-1266132.990,177.825
-579483.340,-1266133.130,177.935
-579482.980,-1266133.280,178.045
-579482.620,-1266133.420,178.130
-579482.250,-1266133.580,178.240
-579481.920,-1266133.710,178.340
-579481.580,-1266133.850,178.440
-579481.240,-1266133.980,178.530
-579480.910,-1266134.120,178.620
-579480.550,-1266134.270,178.720
-579480.200,-1266134.410,178.830
-579479.840,-1266134.550,178.920
-579479.500,-1266134.690,179.035
-579479.170,-1266134.830,179.105
-579478.800,-1266134.970,179.170
-579478.450,-1266135.120,179.170
-579478.170,-1266135.230,179.160
-579477.850,-1266135.350,179.080
-579477.540,-1266135.480,178.990
-579477.230,-1266135.600,178.910
-579476.920,-1266135.720,178.830
-579476.630,-1266135.830,178.730
-579476.330,-1266135.950,178.655
-579476.040,-1266136.070,178.570
-579475.730,-1266136.190,178.495
-579475.440,-1266136.300,178.420
-579475.110,-1266136.430,178.320
-579474.820,-1266136.540,178.235
-579474.530,-1266136.660,178.150
-579474.190,-1266136.790,178.060
-579473.880,-1266136.910,177.970
-579473.600,-1266137.020,177.885
-579473.280,-1266137.150,177.800
-579472.960,-1266137.280,177.720
-579472.660,-1266137.390,177.615
-579472.360,-1266137.510,177.550
-579472.050,-1266137.630,177.450
-579471.770,-1266137.740,177.380
-579471.470,-1266137.870,177.320
-579471.160,-1266137.990,177.235
-579470.870,-1266138.100,177.195
-579470.550,-1266138.230,177.120
-579485.380,-1266131.980,177.360
-579485.050,-1266132.120,177.440
-579484.710,-1266132.250,177.555
-579484.340,-1266132.400,177.630
-579483.980,-1266132.550,177.750
-579483.640,-1266132.690,177.830
-579483.260,-1266132.840,177.950
-579482.910,-1266132.980,178.050
-579482.200,-1266133.270,178.250
-579481.870,-1266133.410,178.345
-579481.530,-1266133.540,178.440
-579481.190,-1266133.680,178.530
-579480.830,-1266133.830,178.630
-579480.500,-1266133.960,178.720
-579480.130,-1266134.110,178.830
-579471.610,-1266138.850,177.290
-579471.320,-1266138.960,177.215
-579485.570,-1266132.820,177.340
-579485.210,-1266132.960,177.420
-579484.870,-1266133.100,177.530
-579484.500,-1266133.250,177.620
-579484.150,-1266133.390,177.740
-579483.830,-1266133.520,177.820
-579483.460,-1266133.670,177.950
-579483.080,-1266133.820,178.030
-579482.760,-1266133.960,178.110
-579482.390,-1266134.100,178.235
-579482.020,-1266134.260,178.340
-579481.670,-1266134.400,178.440
-579481.320,-1266134.540,178.530
-579480.980,-1266134.680,178.625
-579480.660,-1266134.810,178.710
-579479.940,-1266135.100,178.930
-579479.620,-1266135.230,179.025
-579479.260,-1266135.380,179.110
-579478.910,-1266135.520,179.170
-579478.580,-1266135.650,179.170
-579478.280,-1266135.770,179.160
-579477.950,-1266135.900,179.080
-579477.660,-1266136.010,179.005
-579477.350,-1266136.130,178.915
-579477.020,-1266136.260,178.840
-579476.710,-1266136.390,178.730
-579476.410,-1266136.510,178.645
-579476.120,-1266136.620,178.575
-579475.830,-1266136.730,178.490
-579475.530,-1266136.850,178.405
-579475.210,-1266136.970,178.310
-579474.920,-1266137.090,178.230
-579474.610,-1266137.210,178.140
-579474.320,-1266137.330,178.070
-579474.010,-1266137.440,177.990
-579473.710,-1266137.570,177.900
-579473.390,-1266137.690,177.810
-579473.090,-1266137.810,177.730
-579472.780,-1266137.930,177.625
-579472.460,-1266138.060,177.530
-579472.140,-1266138.180,177.440
-579471.840,-1266138.300,177.370
-579471.560,-1266138.410,177.320
-579471.260,-1266138.530,177.210
-579470.960,-1266138.640,177.190
-579470.650,-1266138.770,177.120
-579485.490,-1266132.520,177.360
-579485.150,-1266132.660,177.440
-579484.780,-1266132.800,177.540
-579484.450,-1266132.940,177.630
-579484.100,-1266133.080,177.750
-579483.740,-1266133.230,177.840
-579483.370,-1266133.380,177.950
-579483.030,-1266133.520,178.045
-579482.660,-1266133.670,178.140
-579482.310,-1266133.810,178.250
-579481.940,-1266133.960,178.340
-579481.600,-1266134.100,178.440
-579481.270,-1266134.230,178.530
-579480.920,-1266134.370,178.625
-579480.590,-1266134.510,178.720
-579480.230,-1266134.650,178.830
-579479.890,-1266134.790,178.920
-579479.520,-1266134.940,179.040
-579479.200,-1266135.070,179.110
-579478.860,-1266135.210,179.170
-579478.500,-1266135.360,179.160
-579478.200,-1266135.480,179.150
-579477.900,-1266135.590,179.080
-579477.580,-1266135.720,178.990
-579477.270,-1266135.840,178.910
-579476.950,-1266135.970,178.830
-579476.650,-1266136.080,178.730
-579476.360,-1266136.200,178.670
-579476.070,-1266136.310,178.570
-579475.770,-1266136.430,178.495
-579475.450,-1266136.560,178.400
-579475.160,-1266136.670,178.320
-579474.840,-1266136.800,178.230
-579474.550,-1266136.910,178.150
-579474.260,-1266137.030,178.080
-579473.940,-1266137.150,178.000
-579473.620,-1266137.280,177.880
-579478.100,-1266136.900,179.080
-579477.810,-1266137.020,178.990
-579477.480,-1266137.140,178.920
-579477.170,-1266137.260,178.830
-579476.870,-1266137.380,178.740
-579476.570,-1266137.500,178.650
-579476.240,-1266137.630,178.540
-579475.930,-1266137.760,178.450
-579475.640,-1266137.870,178.370
-579475.330,-1266137.990,178.300
-579475.040,-1266138.100,178.230
-579474.760,-1266138.210,178.140
-579474.430,-1266138.340,178.050
-579474.140,-1266138.460,177.975
-579473.830,-1266138.580,177.880
-579473.530,-1266138.700,177.800
-579485.670,-1266133.610,177.340
-579485.320,-1266133.750,177.435
-579484.980,-1266133.890,177.530
-579484.620,-1266134.040,177.620
-579484.280,-1266134.170,177.740
-579483.920,-1266134.320,177.830
-579483.580,-1266134.460,177.915
-579483.240,-1266134.600,178.040
-579482.870,-1266134.740,178.140
-579482.510,-1266134.890,178.230
-579482.170,-1266135.030,178.335
-579481.810,-1266135.180,178.440
-579481.450,-1266135.320,178.530
-579481.090,-1266135.470,178.620
-579480.750,-1266135.610,178.710
-579480.410,-1266135.750,178.830
-579480.080,-1266135.880,178.930
-579479.740,-1266136.020,179.015
-579479.380,-1266136.160,179.115
-579479.050,-1266136.300,179.160
-579478.680,-1266136.450,179.165
-579478.400,-1266136.550,179.160
-579478.110,-1266136.670,179.080
-579477.780,-1266136.800,178.990
-579477.470,-1266136.920,178.925
-579477.180,-1266137.030,178.845
-579476.860,-1266137.160,178.755
-579476.540,-1266137.290,178.670
-579476.240,-1266137.410,178.575
-579475.930,-1266137.530,178.500
-579475.640,-1266137.640,178.400
-579475.350,-1266137.750,178.320
-579475.050,-1266137.870,178.240
-579474.730,-1266138.000,178.150
-579474.450,-1266138.110,178.075
-579474.120,-1266138.240,177.980
-579473.830,-1266138.350,177.890
-579473.550,-1266138.460,177.825
-579473.210,-1266138.590,177.730
-579472.900,-1266138.720,177.640
-579472.610,-1266138.830,177.550
-579485.640,-1266133.240,177.355
-579485.300,-1266133.380,177.430
-579484.930,-1266133.530,177.530
-579484.600,-1266133.660,177.620
-579484.230,-1266133.810,177.740
-579483.890,-1266133.950,177.830
-579483.560,-1266134.090,177.925
-579483.190,-1266134.240,178.040
-579482.820,-1266134.390,178.130
-579482.480,-1266134.520,178.235
-579482.120,-1266134.670,178.340
-579481.750,-1266134.820,178.440
-579481.390,-1266134.970,178.530
-579481.060,-1266135.100,178.620
-579480.720,-1266135.240,178.720
-579480.380,-1266135.380,178.830
-579480.050,-1266135.510,178.915
-579479.690,-1266135.660,179.020
-579479.350,-1266135.800,179.110
-579478.990,-1266135.940,179.175
-579478.640,-1266136.090,179.170
-579478.370,-1266136.190,179.165
-579478.050,-1266136.310,179.080
-579477.740,-1266136.440,179.000
-579477.430,-1266136.560,178.920
-579477.120,-1266136.680,178.840
-579476.800,-1266136.800,178.745
-579476.480,-1266136.930,178.655
-579476.200,-1266137.040,178.575
-579475.900,-1266137.160,178.495
-579475.600,-1266137.280,178.410
-579475.320,-1266137.390,178.320
-579475.000,-1266137.520,178.240
-579474.700,-1266137.630,178.150
-579474.380,-1266137.760,178.060
-579474.090,-1266137.870,178.000
-579473.800,-1266137.990,177.900
-579473.480,-1266138.110,177.810
-579473.160,-1266138.240,177.715
-579472.870,-1266138.350,177.640
-579472.560,-1266138.480,177.545
-579472.240,-1266138.600,177.440
-579471.910,-1266138.730,177.370
-579482.010,-1266136.450,178.440
-579481.650,-1266136.600,178.530
-579481.280,-1266136.750,178.630
-579480.950,-1266136.880,178.735
-579480.590,-1266137.030,178.830
-579480.220,-1266137.180,178.930
-579479.860,-1266137.330,179.035
-579479.530,-1266137.460,179.130
-579479.180,-1266137.600,179.150
-579478.880,-1266137.720,179.160
-579478.580,-1266137.840,179.140
-579478.260,-1266137.970,179.065
-579477.970,-1266138.080,178.990
-579477.660,-1266138.200,178.900
-579477.360,-1266138.320,178.830
-579485.780,-1266134.620,177.360
-579485.410,-1266134.770,177.460
-579485.070,-1266134.910,177.540
-579484.730,-1266135.050,177.660
-579484.380,-1266135.190,177.755
-579484.060,-1266135.320,177.845
-579483.690,-1266135.470,177.940
-579483.350,-1266135.610,178.040
-579482.990,-1266135.760,178.135
-579482.650,-1266135.890,178.235
-579482.310,-1266136.030,178.335
-579481.950,-1266136.180,178.440
-579481.590,-1266136.330,178.530
-579481.250,-1266136.460,178.630
-579480.890,-1266136.610,178.730
-579480.520,-1266136.760,178.840
-579480.160,-1266136.910,178.930
-579479.820,-1266137.040,179.035
-579479.480,-1266137.180,179.130
-579479.160,-1266137.310,179.160
-579478.830,-1266137.450,179.160
-579478.510,-1266137.570,179.150
-579478.230,-1266137.680,179.080
-579477.910,-1266137.810,178.990
-579477.610,-1266137.920,178.920
-579477.330,-1266138.040,178.835
-579477.010,-1266138.160,178.760
-579476.690,-1266138.290,178.675
-579476.400,-1266138.400,178.580
-579485.700,-1266134.250,177.355
-579485.360,-1266134.380,177.450
-579485.030,-1266134.520,177.540
-579484.680,-1266134.660,177.650
-579484.350,-1266134.800,177.740
-579483.990,-1266134.940,177.830
-579483.640,-1266135.080,177.930
-579483.280,-1266135.230,178.030
-579482.950,-1266135.360,178.140
-579482.600,-1266135.510,178.230
-579482.240,-1266135.650,178.330
-579481.880,-1266135.800,178.440
-579481.540,-1266135.930,178.530
-579481.170,-1266136.090,178.630
-579480.820,-1266136.230,178.720
-579480.450,-1266136.380,178.840
-579480.110,-1266136.520,178.945
-579479.780,-1266136.650,179.035
-579479.440,-1266136.790,179.120
-579479.100,-1266136.930,179.170
-579478.470,-1266137.180,179.160
-579478.150,-1266137.300,179.070
-579477.870,-1266137.410,178.995
-579477.560,-1266137.540,178.915
-579477.250,-1266137.660,178.840
-579476.930,-1266137.780,178.740
-579476.320,-1266138.020,178.565
-579476.010,-1266138.150,178.475
-579475.690,-1266138.270,178.395
-579475.390,-1266138.390,178.300
-579475.100,-1266138.500,178.230
-579474.810,-1266138.620,178.140
-579485.650,-1266133.840,177.360
-579485.320,-1266133.970,177.450
-579484.970,-1266134.110,177.540
-579484.640,-1266134.250,177.645
-579484.270,-1266134.400,177.735
-579483.930,-1266134.540,177.840
-579483.560,-1266134.690,177.930
-579483.230,-1266134.820,178.030
-579482.890,-1266134.960,178.140
-579482.520,-1266135.110,178.240
-579482.170,-1266135.260,178.335
-579481.830,-1266135.390,178.440
-579481.460,-1266135.540,178.530
-579481.100,-1266135.690,178.630
-579480.740,-1266135.840,178.720
-579480.400,-1266135.970,178.840
-579480.060,-1266136.110,178.930
-579479.730,-1266136.250,179.030
-579479.390,-1266136.380,179.120
-579479.020,-1266136.530,179.160
-579478.700,-1266136.660,179.160
-579478.390,-1266136.790,179.160
-579485.820,-1266137.400,177.450
-579485.480,-1266137.540,177.550
-579486.110,-1266136.810,177.340
-579485.790,-1266136.940,177.440
-579485.440,-1266137.080,177.540
-579485.070,-1266137.230,177.630
-579484.710,-1266137.370,177.730
-579484.370,-1266137.510,177.850
-579484.000,-1266137.660,177.940
-579486.080,-1266136.540,177.345
-579485.750,-1266136.670,177.440
-579485.390,-1266136.820,177.550
-579485.010,-1266136.970,177.630
-579484.680,-1266137.100,177.740
-579484.320,-1266137.250,177.850
-579483.940,-1266137.400,177.950
-579483.580,-1266137.550,178.050
-579483.250,-1266137.690,178.145
-579486.030,-1266136.150,177.350
-579485.660,-1266136.300,177.445
-579485.300,-1266136.450,177.540
-579484.960,-1266136.580,177.640
-579484.600,-1266136.730,177.750
-579484.230,-1266136.880,177.850
-579483.870,-1266137.030,177.955
-579483.530,-1266137.160,178.050
-579483.190,-1266137.300,178.145
-579482.860,-1266137.440,178.240
-579482.510,-1266137.580,178.330
-579482.150,-1266137.720,178.440
-579481.820,-1266137.860,178.530
-579486.020,-1266135.980,177.345
-579485.650,-1266136.130,177.450
-579485.300,-1266136.270,177.540
-579484.940,-1266136.420,177.630
-579484.570,-1266136.570,177.755
-579484.210,-1266136.710,177.855
-579483.870,-1266136.850,177.950
-579483.540,-1266136.990,178.050
-579483.200,-1266137.120,178.140
-579482.860,-1266137.260,178.240
-579482.500,-1266137.410,178.330
-579482.160,-1266137.540,178.440
-579481.800,-1266137.690,178.520
-579481.460,-1266137.830,178.620
-579481.130,-1266137.960,178.720
-579485.910,-1266135.480,177.345
-579485.560,-1266135.620,177.450
-579485.200,-1266135.770,177.540
-579484.840,-1266135.920,177.650
-579484.470,-1266136.070,177.750
-579484.130,-1266136.210,177.860
-579483.800,-1266136.340,177.950
-579483.450,-1266136.480,178.050
-579483.110,-1266136.620,178.140
-579482.750,-1266136.760,178.240
-579482.410,-1266136.900,178.330
-579482.050,-1266137.050,178.440
-579481.720,-1266137.180,178.535
-579481.380,-1266137.320,178.630
-579481.010,-1266137.470,178.730
-579480.660,-1266137.610,178.840
-579480.320,-1266137.750,178.935
-579479.950,-1266137.900,179.040
-579479.600,-1266138.050,179.130
-579479.240,-1266138.190,179.160
-579485.870,-1266135.180,177.355
-579485.510,-1266135.330,177.460
-579485.140,-1266135.480,177.540
-579484.770,-1266135.630,177.655
-579484.440,-1266135.760,177.750
-579484.090,-1266135.900,177.850
-579483.760,-1266136.040,177.950
-579483.420,-1266136.180,178.050
-579483.060,-1266136.320,178.140
-579482.720,-1266136.460,178.240
-579482.370,-1266136.600,178.330
-579482.010,-1266136.750,178.440
-579481.680,-1266136.880,178.530
-579481.330,-1266137.030,178.630
-579480.960,-1266137.180,178.730
-579480.620,-1266137.320,178.840
-579480.270,-1266137.460,178.930
-579479.890,-1266137.610,179.035
-579479.530,-1266137.760,179.140
-579479.200,-1266137.890,179.160
-579478.880,-1266138.020,179.160
-579478.590,-1266138.130,179.150
-579478.310,-1266138.240,179.070
-579485.830,-1266134.900,177.350
-579485.460,-1266135.050,177.460
-579485.110,-1266135.190,177.545
-579484.760,-1266135.330,177.660
-579484.420,-1266135.470,177.750
-579484.090,-1266135.610,177.850
-579483.750,-1266135.750,177.950
-579483.380,-1266135.890,178.050
-579483.050,-1266136.030,178.140
-579482.690,-1266136.180,178.240
-579482.340,-1266136.320,178.330
