-443730.439,-1172414.770,349.061,0.009
-443827.510,-1172394.630,348.432,0.008
-443732.980,-1172407.400,350.565,0.005
-443748.670,-1172403.040,350.411,0.009
-443835.830,-1172432.610,373.903,0.007
-443807.300,-1172405.880,348.103,0.007
-443802.300,-1172436.330,351.546,0.004
-443817.500,-1172439.700,351.501,0.009
-443818.150,-1172439.670,351.501,0.009
-443819.940,-1172439.530,351.500,0.010
-443801.060,-1172406.010,348.167,0.003
-443733.050,-1172410.290,350.571,0.009
-443730.480,-1172412.470,349.073,0.007
-443731.450,-1172413.430,349.070,0.010
-443734.230,-1172412.030,350.570,0.010
-443732.440,-1172414.960,349.084,0.006
-443742.470,-1172408.240,350.486,0.004
-443742.490,-1172410.200,350.492,0.008
-443770.379,-1172413.130,353.814,0.006
-443772.010,-1172413.120,353.780,0.010
-443770.740,-1172418.080,353.802,0.008
-443773.009,-1172416.650,353.741,0.009
-443770.910,-1172418.830,353.803,0.007
-443770.620,-1172419.940,353.806,0.004
-443787.570,-1172423.390,350.152,0.008
-443785.570,-1172419.140,349.982,0.008
-443799.470,-1172379.070,348.341,0.009
-443799.530,-1172382.290,348.362,0.008
-443801.600,-1172382.440,348.353,0.007
-443805.780,-1172380.510,348.270,0.010
-443813.280,-1172375.450,348.334,0.006
-443807.120,-1172381.470,348.273,0.007
-443809.690,-1172380.630,348.241,0.009
-443795.970,-1172394.220,351.941,0.009
-443732.900,-1172390.940,349.363,0.007
-443733.580,-1172390.900,349.363,0.007
-443740.360,-1172389.920,349.344,0.006
-443742.629,-1172390.040,349.302,0.008
-443730.180,-1172401.570,349.051,0.009
-443735.360,-1172398.030,350.531,0.009
-443734.400,-1172398.840,350.532,0.008
-443732.840,-1172401.440,350.555,0.005
-443732.910,-1172403.490,350.582,0.008
-443738.820,-1172401.350,350.420,0.010
-443732.949,-1172406.330,350.595,0.005
-443740.930,-1172399.980,350.435,0.005
-443738.720,-1172401.860,350.420,0.010
-443733.070,-1172407.560,350.564,0.006
-443739.020,-1172402.990,350.422,0.008
-443738.949,-1172403.780,350.420,0.010
-443735.450,-1172407.240,350.483,0.007
-443736.880,-1172407.490,350.470,0.010
-443746.560,-1172400.600,350.423,0.007
-443746.530,-1172401.030,350.424,0.006
-443738.890,-1172407.510,350.454,0.006
-443743.570,-1172405.510,350.504,0.006
-443747.070,-1172403.110,350.421,0.009
-443766.530,-1172387.030,349.052,0.008
-443766.270,-1172387.250,349.050,0.010
-443743.990,-1172406.950,350.491,0.009
-443765.840,-1172388.390,349.083,0.007
-443750.120,-1172402.780,350.411,0.009
-443773.250,-1172402.300,350.342,0.008
-443771.430,-1172404.240,350.303,0.007
-443834.589,-1172318.150,349.493,0.007
-443830.410,-1172302.100,351.451,0.009
-443717.500,-1172331.230,353.211,0.009
-443825.930,-1172338.410,371.151,0.009
-443825.949,-1172339.330,371.152,0.008
-443828.560,-1172338.520,373.286,0.004
-443830.509,-1172339.190,373.230,0.010
-443828.820,-1172340.630,373.252,0.008
-443833.130,-1172336.550,370.595,0.005
-443830.960,-1172340.490,373.234,0.006
-443830.700,-1172341.220,373.234,0.006
-443839.220,-1172335.380,370.462,0.008
-443827.060,-1172345.710,370.710,0.010
-443831.500,-1172346.660,370.660,0.010
-443828.610,-1172349.110,370.695,0.005
-443839.740,-1172342.840,370.453,0.007
-443838.010,-1172344.800,370.693,0.007
-443733.960,-1172434.050,361.865,0.005
-443833.750,-1172348.910,370.684,0.006
-443734.129,-1172434.520,361.860,0.010
-443837.930,-1172347.820,370.701,0.009
-443831.920,-1172353.410,370.634,0.006
-443835.630,-1172351.210,370.662,0.008
-443834.760,-1172353.510,370.651,0.009
-443829.880,-1172357.650,373.221,0.009
-443829.390,-1172358.860,373.214,0.006
-443832.910,-1172357.140,373.221,0.009
-443829.149,-1172363.290,370.721,0.009
-443751.920,-1172429.640,361.515,0.005
-443830.630,-1172366.330,370.711,0.009
-443840.359,-1172364.069,370.451,0.009
-443843.690,-1172425.990,374.153,0.007
-443835.620,-1172432.240,373.904,0.006
-443835.190,-1172427.530,373.901,0.009
-443840.040,-1172422.550,374.344,0.006
-443838.130,-1172424.160,374.222,0.008
-443843.239,-1172418.919,377.464,0.006
-443846.390,-1172410.550,374.130,0.010
-443838.390,-1172414.970,374.151,0.009
-443847.500,-1172404.280,374.165,0.005
-443838.519,-1172411.869,374.152,0.008
-443848.139,-1172402.840,374.171,0.009
-443847.350,-1172403.910,374.163,0.008
-443842.580,-1172405.280,374.130,0.010
-443837.069,-1172409.060,374.181,0.009
-443835.060,-1172409.470,373.830,0.010
-443849.180,-1172395.510,374.261,0.009
-443836.310,-1172405.000,374.165,0.005
-443837.110,-1172401.240,374.182,0.008
-443840.160,-1172396.550,374.291,0.009
-443834.330,-1172401.490,373.915,0.005
-443842.110,-1172388.640,374.292,0.008
-443837.390,-1172391.350,374.314,0.006
-443848.120,-1172372.090,374.320,0.010
-443839.260,-1172378.810,377.604,0.006
-443771.880,-1172293.120,358.813,0.007
-443826.019,-1172335.071,371.161,0.009
-443825.890,-1172334.690,371.164,0.006
-443826.990,-1172333.250,370.707,0.003
-443699.140,-1172321.790,358.635,0.005
-443710.740,-1172334.690,361.061,0.009
-443804.120,-1172408.930,348.253,0.007
-443730.490,-1172410.040,349.081,0.009
-443850.600,-1172371.100,347.406,0.004
-443770.120,-1172401.580,350.363,0.007
-443718.319,-1172335.370,353.242,0.008
-443851.270,-1172420.080,373.823,0.007
-443851.240,-1172417.330,373.843,0.007
-443844.550,-1172428.290,374.171,0.009
-443844.450,-1172423.240,374.143,0.007
-443841.360,-1172431.720,374.250,0.010
-443841.190,-1172426.920,374.182,0.008
-443838.590,-1172431.030,374.264,0.006
-443846.450,-1172409.500,374.142,0.008
-443847.360,-1172404.070,374.161,0.009
-443837.919,-1172427.010,374.211,0.009
-443842.630,-1172411.180,374.133,0.007
-443838.340,-1172411.710,374.151,0.009
-443840.340,-1172400.630,374.152,0.008
-443837.990,-1172406.980,374.162,0.008
-443841.760,-1172394.180,374.302,0.008
-443846.470,-1172375.950,374.233,0.007
-443834.970,-1172384.951,377.622,0.008
-443834.020,-1172387.440,373.902,0.008
-443839.970,-1172363.990,370.454,0.006
-443840.380,-1172360.340,370.443,0.007
-443835.230,-1172374.050,374.326,0.004
-443830.810,-1172382.820,377.671,0.009
-443830.160,-1172384.540,377.682,0.008
-443829.900,-1172385.230,377.682,0.008
-443835.960,-1172366.320,370.733,0.007
-443836.540,-1172359.680,370.651,0.009
-443831.120,-1172358.460,373.210,0.010
-443829.600,-1172359.100,373.210,0.010
-443745.290,-1172291.570,358.881,0.009
-443715.070,-1172334.730,360.700,0.010
-443714.880,-1172333.980,360.773,0.007
-443714.750,-1172334.300,360.801,0.009
-443714.180,-1172335.670,360.821,0.009
-443714.579,-1172332.210,360.751,0.009
-443713.539,-1172335.500,360.883,0.007
-443713.400,-1172335.850,360.895,0.005
-443713.710,-1172331.560,360.863,0.007
-443713.280,-1172332.620,360.871,0.009
-443713.140,-1172332.960,360.893,0.007
-443712.729,-1172333.950,360.920,0.010
-443711.330,-1172337.381,361.130,0.010
-443714.519,-1172330.550,360.781,0.010
-443713.519,-1172331.470,360.811,0.009
-443712.940,-1172332.880,360.853,0.007
-443712.370,-1172334.260,360.881,0.009
-443711.399,-1172336.620,360.960,0.010
-443711.010,-1172334.810,361.033,0.007
-443712.860,-1172328.090,360.862,0.008
-443712.720,-1172328.440,360.893,0.008
-443712.290,-1172329.490,360.917,0.003
-443712.009,-1172330.170,360.940,0.010
-443710.649,-1172331.330,361.012,0.008
-443712.520,-1172328.170,360.842,0.008
-443712.099,-1172329.180,360.904,0.006
-443711.960,-1172329.530,360.915,0.005
-443711.079,-1172329.390,360.981,0.009
-443712.219,-1172327.500,360.922,0.008
-443711.020,-1172328.210,360.974,0.006
-443707.190,-1172333.720,360.842,0.008
-443706.390,-1172292.380,356.872,0.008
-443706.249,-1172292.730,356.892,0.008
-443705.609,-1172292.491,356.911,0.009
-443705.470,-1172292.820,356.902,0.008
-443705.340,-1172293.160,356.913,0.007
-443705.530,-1172293.591,356.951,0.009
-443705.400,-1172293.930,356.990,0.010
-443704.250,-1172292.600,356.860,0.010
-443704.660,-1172292.300,356.906,0.005
-443703.830,-1172292.790,356.922,0.008
-443703.579,-1172292.950,356.900,0.010
-443702.400,-1172291.470,356.841,0.009
-443701.740,-1172290.851,356.830,0.010
-443701.750,-1172291.560,356.842,0.008
-443701.640,-1172290.460,356.803,0.007
-443701.500,-1172290.790,356.831,0.009
-443700.580,-1172291.050,356.884,0.006
-443700.450,-1172291.370,356.902,0.008
-443700.100,-1172290.560,356.840,0.010
-443700.470,-1172290.411,356.781,0.009
-443699.330,-1172291.440,356.893,0.007
-443851.680,-1172301.550,349.341,0.009
-443825.160,-1172439.370,351.453,0.007
-443823.890,-1172439.420,351.461,0.009
-443813.350,-1172439.840,351.481,0.009
-443809.400,-1172439.970,351.461,0.009
-443809.350,-1172439.701,351.472,0.008
-443813.310,-1172433.250,349.301,0.009
-443812.930,-1172433.190,349.353,0.007
-443813.210,-1172432.940,349.320,0.010
-443811.750,-1172433.290,349.354,0.006
-443811.010,-1172433.270,349.353,0.007
-443802.330,-1172436.210,351.542,0.008
-443806.930,-1172410.140,348.151,0.009
-443807.209,-1172409.880,348.112,0.008
-443806.130,-1172410.340,348.185,0.005
-443806.700,-1172409.830,348.136,0.004
-443806.980,-1172409.580,348.103,0.007
-443807.270,-1172409.320,348.082,0.008
-443806.070,-1172409.920,348.142,0.008
-443806.650,-1172409.400,348.102,0.008
-443806.920,-1172409.160,348.092,0.008
-443807.200,-1172408.910,348.101,0.009
-443806.609,-1172409.090,348.111,0.009
-443805.710,-1172409.110,348.120,0.010
-443806.000,-1172408.850,348.133,0.007
-443806.280,-1172408.600,348.125,0.005
-443804.830,-1172410.310,348.232,0.008
-443805.650,-1172409.580,348.152,0.008
-443805.940,-1172409.320,348.132,0.008
-443806.480,-1172408.830,348.112,0.008
-443807.020,-1172408.350,348.113,0.007
-443803.730,-1172410.450,348.256,0.004
-443804.010,-1172410.200,348.204,0.006
-443804.300,-1172409.940,348.200,0.010
-443806.250,-1172408.200,348.113,0.007
-443803.680,-1172410.210,348.236,0.004
-443803.940,-1172409.970,348.196,0.004
-443805.080,-1172408.950,348.153,0.007
-443805.370,-1172408.690,348.122,0.008
-443805.940,-1172408.180,348.141,0.009
-443806.200,-1172407.950,348.102,0.008
-443803.410,-1172410.140,348.226,0.004
-443803.680,-1172409.900,348.226,0.004
-443803.950,-1172409.660,348.214,0.006
-443804.230,-1172409.410,348.162,0.008
-443806.490,-1172407.379,348.110,0.010
-443806.780,-1172407.120,348.101,0.009
-443807.320,-1172406.640,348.013,0.007
-443804.270,-1172408.400,348.143,0.007
-443805.090,-1172407.670,348.130,0.010
-443805.370,-1172407.420,348.142,0.008
-443806.470,-1172406.440,348.044,0.006
-443806.740,-1172406.190,348.023,0.007
-443807.040,-1172405.930,348.022,0.008
-443807.320,-1172405.670,348.021,0.009
-443807.600,-1172405.420,348.011,0.009
-443803.690,-1172409.470,348.256,0.004
-443803.930,-1172409.250,348.205,0.005
-443804.220,-1172409.000,348.192,0.008
-443804.500,-1172408.740,348.152,0.008
-443804.770,-1172408.500,348.162,0.008
-443805.340,-1172407.990,348.122,0.008
-443805.600,-1172407.750,348.146,0.004
-443805.890,-1172407.490,348.120,0.010
-443806.169,-1172407.240,348.110,0.010
-443804.380,-1172407.880,348.140,0.010
-443804.930,-1172407.381,348.142,0.008
-443806.020,-1172406.400,348.035,0.005
-443806.290,-1172406.160,348.032,0.008
-443806.560,-1172405.920,348.022,0.008
-443807.130,-1172405.410,348.020,0.010
-443807.409,-1172405.160,348.042,0.008
-443805.079,-1172406.290,348.051,0.009
-443805.920,-1172405.540,348.043,0.007
-443806.220,-1172405.270,348.048,0.002
-443806.500,-1172405.020,348.036,0.004
-443807.060,-1172404.510,348.014,0.006
-443807.340,-1172404.270,348.032,0.008
-443807.610,-1172404.020,348.003,0.007
-443804.190,-1172407.620,348.155,0.005
-443804.480,-1172407.360,348.183,0.007
-443805.300,-1172406.620,348.056,0.004
-443805.870,-1172406.110,348.053,0.007
-443806.130,-1172405.880,348.023,0.007
-443806.430,-1172405.610,348.046,0.004
-443806.699,-1172405.370,348.033,0.007
-443806.980,-1172405.120,348.032,0.008
-443807.250,-1172404.880,348.034,0.006
-443804.250,-1172406.510,348.065,0.005
-443805.400,-1172405.490,348.032,0.008
-443805.680,-1172405.230,348.066,0.004
-443805.940,-1172405.000,348.036,0.004
-443806.230,-1172404.730,348.043,0.007
-443806.520,-1172404.480,348.032,0.008
-443806.790,-1172404.230,348.021,0.009
-443807.090,-1172403.970,348.023,0.007
-443803.050,-1172406.840,348.085,0.005
-443803.590,-1172406.350,348.081,0.009
-443803.890,-1172406.080,348.072,0.008
-443804.150,-1172405.840,348.053,0.007
-443805.000,-1172405.090,348.050,0.010
-443805.290,-1172404.820,348.054,0.006
-443805.580,-1172404.570,348.051,0.009
-443806.130,-1172404.070,348.054,0.006
-443803.890,-1172406.470,348.030,0.010
-443804.180,-1172406.210,348.062,0.008
-443804.460,-1172405.960,348.075,0.005
-443805.310,-1172405.200,348.053,0.007
-443805.590,-1172404.950,348.055,0.005
-443805.890,-1172404.680,348.043,0.007
-443806.190,-1172404.410,348.045,0.005
-443801.200,-1172405.680,348.124,0.006
-443801.740,-1172405.190,348.102,0.008
-443802.030,-1172404.930,348.100,0.010
-443802.290,-1172404.690,348.094,0.006
-443802.570,-1172404.440,348.083,0.007
-443802.870,-1172404.170,348.104,0.006
-443801.160,-1172405.340,348.132,0.008
-443801.460,-1172405.070,348.124,0.006
-443801.730,-1172404.820,348.094,0.006
-443802.020,-1172404.560,348.112,0.008
-443802.290,-1172404.320,348.112,0.008
-443802.570,-1172404.070,348.105,0.005
-443801.470,-1172404.700,348.124,0.006
-443801.770,-1172404.440,348.104,0.006
-443802.050,-1172404.190,348.100,0.010
-443802.320,-1172403.940,348.100,0.010
-443802.070,-1172405.910,348.072,0.008
-443802.369,-1172405.649,348.102,0.008
-443803.230,-1172404.870,348.075,0.005
-443803.520,-1172404.610,348.073,0.007
-443801.340,-1172406.030,348.116,0.004
-443802.500,-1172404.990,348.113,0.007
-443802.769,-1172404.750,348.071,0.009
-443803.330,-1172404.250,348.096,0.004
-443803.530,-1172405.430,348.065,0.005
-443803.810,-1172405.190,348.072,0.008
-443804.110,-1172404.920,348.064,0.006
-443804.380,-1172404.670,348.062,0.008
-443804.950,-1172404.160,348.076,0.004
-443802.220,-1172406.190,348.101,0.009
-443802.490,-1172405.950,348.081,0.009
-443803.050,-1172405.450,348.083,0.007
-443803.330,-1172405.190,348.105,0.005
-443803.610,-1172404.940,348.054,0.006
-443803.899,-1172404.680,348.062,0.008
-443802.640,-1172406.710,348.113,0.007
-443802.940,-1172406.450,348.091,0.009
-443803.490,-1172405.950,348.074,0.006
-443803.770,-1172405.710,348.064,0.006
-443804.050,-1172405.450,348.064,0.006
-443804.320,-1172405.210,348.065,0.005
-443804.590,-1172404.970,348.063,0.007
-443804.889,-1172404.700,348.032,0.008
-443805.160,-1172404.450,348.055,0.005
-443805.430,-1172404.220,348.051,0.009
-443802.660,-1172406.210,348.075,0.005
-443803.240,-1172405.690,348.074,0.006
-443788.909,-1172423.440,350.081,0.009
-443790.590,-1172421.930,350.010,0.010
-443788.840,-1172422.770,350.044,0.006
-443788.160,-1172422.420,350.042,0.008
-443788.440,-1172422.160,350.021,0.009
-443791.349,-1172419.130,349.921,0.009
-443786.370,-1172422.550,350.062,0.008
-443790.940,-1172418.451,349.910,0.010
-443788.000,-1172420.730,350.002,0.008
-443790.280,-1172418.300,349.916,0.004
-443733.140,-1172409.130,350.560,0.010
-443732.590,-1172409.620,349.003,0.007
-443733.399,-1172408.890,350.504,0.006
-443733.660,-1172408.650,350.471,0.009
-443733.950,-1172408.390,350.461,0.009
-443731.800,-1172409.790,348.981,0.009
-443732.080,-1172409.530,348.991,0.009
-443733.489,-1172408.260,350.502,0.008
-443730.390,-1172410.700,349.013,0.007
-443731.220,-1172409.950,348.991,0.009
-443731.520,-1172409.670,348.992,0.008
-443730.660,-1172410.130,349.011,0.009
-443731.550,-1172409.320,349.020,0.010
-443730.360,-1172409.901,348.980,0.010
-443731.240,-1172409.100,348.992,0.009
-443730.830,-1172408.950,348.982,0.008
-443735.350,-1172409.420,350.443,0.007
-443736.740,-1172408.150,350.404,0.006
-443733.210,-1172410.920,350.542,0.008
-443733.480,-1172410.680,350.492,0.008
-443733.760,-1172410.420,350.491,0.009
-443734.050,-1172410.160,350.452,0.008
-443734.350,-1172409.890,350.483,0.008
-443735.510,-1172408.840,350.422,0.008
-443735.780,-1172408.590,350.410,0.010
-443733.230,-1172410.440,350.552,0.008
-443733.509,-1172410.180,350.510,0.010
-443733.800,-1172409.920,350.471,0.009
-443730.600,-1172412.420,348.970,0.010
-443733.439,-1172409.850,350.483,0.007
-443733.699,-1172409.610,350.452,0.008
-443734.880,-1172408.530,350.444,0.006
-443735.170,-1172408.270,350.412,0.008
-443734.290,-1172408.650,350.471,0.009
-443733.689,-1172409.190,350.463,0.007
-443733.979,-1172408.930,350.420,0.010
-443730.569,-1172411.450,348.983,0.007
-443732.020,-1172413.630,348.981,0.009
-443734.570,-1172411.320,350.474,0.006
-443735.710,-1172410.290,350.442,0.008
-443736.000,-1172410.020,350.446,0.004
-443736.300,-1172409.750,350.432,0.008
-443736.600,-1172409.480,350.411,0.009
-443736.870,-1172409.230,350.411,0.009
-443736.310,-1172409.240,350.442,0.008
-443734.050,-1172411.290,350.480,0.010
-443735.099,-1172409.971,350.431,0.009
-443735.410,-1172409.690,350.413,0.007
-443736.810,-1172408.420,350.390,0.010
-443733.439,-1172411.480,350.500,0.010
-443733.700,-1172411.240,350.491,0.009
-443732.590,-1172414.670,349.023,0.007
-443732.860,-1172414.420,349.011,0.009
-443736.850,-1172410.800,350.421,0.009
-443737.690,-1172410.040,350.411,0.009
-443738.260,-1172409.520,350.391,0.009
-443739.120,-1172408.740,350.391,0.009
-443739.410,-1172408.480,350.384,0.006
-443739.700,-1172408.210,350.373,0.007
-443730.870,-1172415.700,348.994,0.006
-443735.190,-1172411.780,350.492,0.008
-443736.350,-1172410.730,350.442,0.008
-443736.640,-1172410.460,350.447,0.003
-443736.900,-1172410.230,350.400,0.010
-443738.049,-1172409.190,350.411,0.009
-443738.340,-1172408.930,350.402,0.008
-443738.610,-1172408.670,350.391,0.009
-443738.880,-1172408.430,350.391,0.009
-443739.180,-1172408.160,350.391,0.009
-443739.460,-1172407.900,350.393,0.007
-443730.720,-1172415.340,349.010,0.010
-443731.579,-1172414.560,349.001,0.009
-443734.130,-1172412.240,350.541,0.009
-443734.430,-1172411.971,350.530,0.010
-443735.880,-1172410.660,350.461,0.009
-443736.150,-1172410.420,350.441,0.009
-443738.450,-1172408.320,350.394,0.006
-443738.750,-1172408.060,350.405,0.005
-443739.039,-1172407.790,350.393,0.007
-443731.750,-1172413.880,349.003,0.007
-443741.640,-1172408.110,350.412,0.008
-443730.780,-1172417.540,348.993,0.007
-443733.960,-1172414.660,348.896,0.004
-443734.259,-1172414.380,348.874,0.006
-443734.510,-1172414.160,348.873,0.007
-443734.790,-1172413.900,348.881,0.009
-443738.800,-1172410.260,350.435,0.005
-443739.970,-1172409.200,350.411,0.009
-443740.230,-1172408.970,350.381,0.009
-443740.510,-1172408.710,350.370,0.010
-443741.690,-1172407.650,350.391,0.009
-443739.030,-1172409.450,350.445,0.005
-443739.280,-1172409.210,350.393,0.007
-443730.720,-1172416.980,349.024,0.006
-443731.000,-1172416.720,349.004,0.006
-443731.610,-1172416.180,349.027,0.003
-443731.890,-1172415.920,349.036,0.004
-443732.740,-1172415.150,349.013,0.007
-443733.040,-1172414.880,349.005,0.005
-443733.329,-1172414.620,349.032,0.009
-443733.890,-1172414.110,348.916,0.004
-443734.180,-1172413.850,348.903,0.007
-443734.450,-1172413.590,348.914,0.006
-443736.170,-1172412.040,350.514,0.006
-443737.570,-1172410.760,350.434,0.006
-443738.150,-1172410.240,350.430,0.010
-443731.110,-1172416.010,348.983,0.007
-443734.980,-1172415.020,348.879,0.001
-443735.280,-1172414.750,348.867,0.003
-443738.440,-1172411.880,350.482,0.008
-443739.570,-1172410.860,350.432,0.008
-443740.430,-1172410.080,350.422,0.008
-443731.190,-1172417.960,349.023,0.007
-443734.310,-1172415.130,348.944,0.006
-443734.580,-1172414.890,348.874,0.006
-443734.880,-1172414.610,348.898,0.002
-443735.160,-1172414.360,348.856,0.004
-443738.620,-1172411.220,350.442,0.008
-443739.490,-1172410.430,350.445,0.005
-443739.780,-1172410.170,350.434,0.006
-443740.070,-1172409.910,350.401,0.009
-443741.230,-1172408.860,350.403,0.007
-443741.500,-1172408.610,350.381,0.009
-443741.790,-1172408.350,350.415,0.005
-443742.640,-1172407.580,350.423,0.007
-443734.169,-1172414.880,348.931,0.009
-443734.430,-1172414.650,348.903,0.007
-443734.700,-1172414.400,348.905,0.005
-443735.010,-1172414.110,348.874,0.006
-443739.310,-1172410.211,350.471,0.009
-443739.600,-1172409.950,350.432,0.008
-443740.170,-1172409.440,350.392,0.008
-443743.810,-1172408.330,350.454,0.006
-443744.090,-1172408.070,350.421,0.009
-443744.380,-1172407.810,350.432,0.008
-443744.660,-1172407.550,350.400,0.010
-443741.370,-1172410.100,350.435,0.005
-443741.660,-1172409.840,350.426,0.004
-443741.960,-1172409.570,350.411,0.009
-443743.980,-1172407.740,350.431,0.009
-443740.640,-1172410.360,350.390,0.010
-443741.220,-1172409.830,350.425,0.005
-443741.520,-1172409.560,350.414,0.006
-443741.810,-1172409.300,350.412,0.008
-443742.090,-1172409.051,350.391,0.009
-443743.570,-1172407.710,350.413,0.007
-443743.860,-1172407.440,350.435,0.005
-443740.980,-1172409.580,350.424,0.006
-443741.300,-1172409.290,350.436,0.004
-443741.550,-1172409.070,350.414,0.006
-443741.830,-1172408.810,350.395,0.005
-443742.700,-1172408.020,350.435,0.005
-443743.010,-1172407.740,350.422,0.008
-443742.140,-1172410.870,350.435,0.005
-443742.440,-1172410.600,350.424,0.006
-443743.860,-1172409.310,350.461,0.009
-443744.990,-1172408.290,350.381,0.009
-443745.270,-1172408.040,350.394,0.006
-443745.840,-1172407.520,350.384,0.006
-443746.130,-1172407.250,350.360,0.010
-443741.420,-1172411.020,350.435,0.005
-443741.710,-1172410.750,350.445,0.005
-443741.990,-1172410.510,350.444,0.006
-443742.320,-1172410.210,350.484,0.006
-443744.030,-1172408.650,350.443,0.007
-443745.440,-1172407.380,350.396,0.004
-443741.210,-1172410.680,350.444,0.006
-443741.500,-1172410.420,350.435,0.005
-443741.780,-1172410.160,350.416,0.004
-443742.050,-1172409.920,350.390,0.010
-443742.330,-1172409.670,350.411,0.009
-443742.640,-1172409.390,350.411,0.009
-443746.000,-1172408.190,350.405,0.005
-443744.020,-1172409.600,350.452,0.008
-443744.870,-1172408.830,350.426,0.004
-443745.450,-1172408.300,350.401,0.009
-443745.740,-1172408.040,350.415,0.005
-443746.030,-1172407.780,350.392,0.008
-443746.330,-1172407.510,350.371,0.009
-443746.620,-1172407.240,350.370,0.010
-443744.240,-1172410.800,350.443,0.007
-443744.520,-1172410.560,350.441,0.009
-443744.810,-1172410.290,350.432,0.008
-443745.970,-1172409.240,350.412,0.008
-443746.240,-1172409.000,350.391,0.009
-443746.530,-1172408.730,350.383,0.007
-443747.080,-1172408.231,350.381,0.009
-443748.220,-1172407.200,350.383,0.007
-443744.160,-1172410.350,350.472,0.008
-443744.420,-1172410.110,350.466,0.004
-443745.560,-1172409.080,350.401,0.009
-443746.710,-1172408.040,350.402,0.008
-443746.990,-1172407.790,350.393,0.007
-443745.710,-1172408.450,350.370,0.010
-443746.130,-1172410.570,350.487,0.003
-443746.400,-1172410.330,350.445,0.005
-443746.680,-1172410.080,350.450,0.010
-443747.840,-1172409.020,350.412,0.008
-443748.980,-1172408.000,350.392,0.008
-443750.120,-1172406.960,350.374,0.006
-443746.020,-1172410.150,350.432,0.008
-443746.600,-1172409.620,350.435,0.005
-443746.870,-1172409.380,350.392,0.008
-443747.460,-1172408.850,350.404,0.006
-443747.730,-1172408.600,350.395,0.005
-443748.300,-1172408.080,350.380,0.010
-443748.610,-1172407.810,350.370,0.010
-443743.990,-1172411.520,350.550,0.010
-443744.530,-1172411.031,350.482,0.008
-443745.410,-1172410.240,350.461,0.009
-443746.230,-1172409.490,350.421,0.009
-443746.790,-1172408.990,350.424,0.006
-443747.070,-1172408.730,350.391,0.009
-443748.529,-1172407.410,350.393,0.007
-443748.779,-1172407.180,350.392,0.008
-443746.080,-1172411.160,350.472,0.008
-443746.380,-1172410.891,350.480,0.010
-443746.960,-1172410.360,350.446,0.004
-443747.260,-1172410.090,350.433,0.007
-443747.540,-1172409.841,350.451,0.009
-443749.240,-1172408.300,350.384,0.006
-443749.530,-1172408.040,350.362,0.008
-443750.670,-1172407.000,350.375,0.005
-443748.489,-1172409.851,350.440,0.010
-443750.430,-1172408.100,350.383,0.007
-443751.310,-1172407.300,350.392,0.008
-443749.919,-1172409.070,350.421,0.009
-443750.790,-1172408.280,350.402,0.008
-443751.650,-1172407.500,350.400,0.010
-443751.960,-1172407.220,350.403,0.007
-443752.240,-1172406.970,350.391,0.009
-443748.510,-1172410.340,350.470,0.010
-443749.600,-1172410.400,350.420,0.010
-443750.180,-1172409.880,350.432,0.008
-443750.450,-1172409.630,350.452,0.008
-443752.190,-1172408.050,350.421,0.009
-443753.060,-1172407.270,350.403,0.007
-443749.090,-1172410.400,350.444,0.006
-443749.389,-1172410.140,350.450,0.010
-443749.950,-1172409.630,350.464,0.006
-443751.120,-1172408.560,350.401,0.009
-443752.240,-1172407.550,350.400,0.010
-443752.350,-1172408.920,350.431,0.009
-443749.670,-1172410.850,350.483,0.007
-443749.960,-1172410.580,350.452,0.009
-443750.249,-1172410.320,350.420,0.010
-443750.530,-1172410.070,350.463,0.007
-443752.550,-1172408.240,350.414,0.006
-443753.480,-1172407.900,350.433,0.007
-443751.950,-1172409.850,350.445,0.005
-443752.230,-1172409.600,350.433,0.007
-443753.080,-1172408.840,350.432,0.008
-443753.360,-1172408.580,350.426,0.004
-443751.480,-1172410.610,350.492,0.008
-443751.760,-1172410.360,350.462,0.008
-443752.060,-1172410.090,350.460,0.010
-443753.210,-1172409.051,350.441,0.009
-443752.290,-1172410.620,350.484,0.006
-443752.870,-1172410.100,350.471,0.009
-443753.160,-1172409.830,350.492,0.008
-443753.839,-1172409.700,350.482,0.008
-443754.530,-1172410.990,350.511,0.009
-443770.859,-1172412.140,353.732,0.008
-443770.660,-1172413.300,353.736,0.004
-443770.960,-1172413.030,353.738,0.002
-443770.449,-1172412.950,353.772,0.008
-443770.720,-1172412.710,353.755,0.005
-443771.010,-1172412.450,353.734,0.006
-443771.560,-1172411.950,353.703,0.007
-443770.410,-1172414.080,353.745,0.005
-443770.690,-1172413.830,353.767,0.003
-443772.080,-1172412.020,353.683,0.007
-443773.229,-1172412.140,353.601,0.009
-443771.810,-1172412.820,353.683,0.007
-443772.090,-1172412.570,353.666,0.004
-443772.400,-1172412.290,353.672,0.008
-443772.669,-1172412.050,353.656,0.004
-443770.700,-1172414.420,353.742,0.008
-443770.979,-1172414.170,353.733,0.007
-443771.550,-1172413.660,353.715,0.005
-443770.720,-1172414.850,353.782,0.008
-443771.560,-1172414.090,353.715,0.005
-443771.850,-1172413.830,353.735,0.005
-443772.119,-1172413.580,353.705,0.005
-443772.390,-1172413.340,353.645,0.005
-443772.650,-1172413.100,353.645,0.005
-443772.930,-1172412.850,353.633,0.007
-443773.229,-1172412.590,353.613,0.007
-443773.500,-1172412.340,353.595,0.005
-443773.760,-1172412.110,353.595,0.005
-443774.050,-1172411.840,353.551,0.009
-443772.530,-1172413.720,353.651,0.009
-443772.790,-1172413.480,353.622,0.008
-443773.079,-1172413.220,353.623,0.007
-443773.339,-1172412.990,353.591,0.009
-443773.640,-1172412.710,353.584,0.006
-443773.930,-1172412.460,353.574,0.006
-443774.200,-1172412.210,353.574,0.006
-443771.350,-1172415.350,353.712,0.008
-443771.890,-1172414.860,353.694,0.006
-443772.180,-1172414.600,353.672,0.008
-443773.320,-1172413.570,353.625,0.005
-443773.610,-1172413.310,353.604,0.006
-443773.880,-1172413.060,353.592,0.008
-443774.170,-1172412.800,353.573,0.007
-443774.470,-1172412.540,353.544,0.006
-443770.750,-1172416.470,353.764,0.006
-443771.029,-1172416.220,353.733,0.007
-443771.310,-1172415.960,353.721,0.009
-443771.609,-1172415.699,353.710,0.010
-443772.429,-1172414.950,353.662,0.008
-443772.720,-1172414.700,353.622,0.008
-443773.019,-1172414.430,353.602,0.008
-443773.300,-1172414.170,353.592,0.008
-443773.590,-1172413.910,353.593,0.007
-443770.830,-1172416.810,353.765,0.005
-443773.869,-1172413.660,353.593,0.007
-443774.140,-1172413.410,353.575,0.005
-443774.410,-1172413.170,353.566,0.004
-443774.700,-1172412.910,353.522,0.008
-443774.989,-1172412.640,353.543,0.007
-443775.260,-1172412.400,353.503,0.007
-443775.560,-1172412.130,353.536,0.004
-443775.830,-1172411.890,353.451,0.009
-443771.090,-1172416.580,353.736,0.004
-443771.390,-1172416.310,353.715,0.005
-443771.679,-1172416.040,353.680,0.010
-443772.560,-1172415.250,353.665,0.005
-443773.370,-1172414.530,353.622,0.008
-443773.670,-1172414.260,353.605,0.005
-443773.940,-1172414.010,353.596,0.004
-443774.210,-1172413.770,353.564,0.006
-443774.500,-1172413.510,353.554,0.006
-443775.360,-1172412.730,353.506,0.004
-443775.659,-1172412.460,353.502,0.008
-443775.929,-1172412.220,353.492,0.008
-443771.630,-1172416.500,353.714,0.006
-443771.900,-1172416.260,353.682,0.008
-443772.190,-1172416.000,353.655,0.005
-443772.480,-1172415.740,353.656,0.004
-443773.329,-1172414.970,353.611,0.009
-443775.020,-1172413.450,353.511,0.009
-443775.280,-1172413.210,353.505,0.005
-443775.560,-1172412.960,353.515,0.005
-443775.820,-1172412.720,353.464,0.006
-443776.110,-1172412.460,353.442,0.008
-443770.680,-1172417.880,353.752,0.008
-443770.940,-1172417.640,353.745,0.005
-443771.809,-1172416.860,353.704,0.006
-443772.080,-1172416.610,353.686,0.004
-443772.380,-1172416.350,353.677,0.003
-443772.940,-1172415.840,353.653,0.007
-443773.229,-1172415.580,353.630,0.010
-443773.500,-1172415.340,353.623,0.007
-443774.069,-1172414.820,353.591,0.009
-443775.150,-1172413.850,353.514,0.006
-443775.430,-1172413.600,353.506,0.004
-443775.720,-1172413.340,353.496,0.004
-443776.010,-1172413.080,353.483,0.007
-443776.260,-1172412.850,353.453,0.007
-443775.049,-1172414.390,353.523,0.007
-443775.320,-1172414.150,353.514,0.006
-443775.600,-1172413.890,353.472,0.008
-443775.890,-1172413.630,353.475,0.005
-443776.149,-1172413.400,353.451,0.009
-443770.840,-1172418.180,353.764,0.006
-443771.120,-1172417.930,353.732,0.008
-443772.540,-1172416.650,353.671,0.009
-443773.109,-1172416.140,353.620,0.010
-443773.379,-1172415.900,353.623,0.007
-443773.639,-1172415.660,353.581,0.009
-443773.919,-1172415.410,353.581,0.009
-443774.200,-1172415.150,353.562,0.008
-443774.480,-1172414.910,353.554,0.006
-443774.760,-1172414.650,353.541,0.009
-443770.750,-1172418.670,353.771,0.009
-443771.300,-1172418.180,353.730,0.010
-443772.680,-1172416.940,353.630,0.010
-443773.230,-1172416.441,353.651,0.009
-443773.509,-1172416.190,353.620,0.010
-443774.080,-1172415.680,353.605,0.005
-443774.630,-1172415.170,353.564,0.006
-443774.909,-1172414.930,353.524,0.006
-443775.190,-1172414.670,353.532,0.008
-443776.059,-1172413.890,353.462,0.008
-443770.820,-1172418.970,353.753,0.007
-443771.650,-1172418.230,353.714,0.006
-443772.200,-1172417.730,353.703,0.007
-443772.770,-1172417.220,353.643,0.007
-443773.349,-1172416.700,353.623,0.007
-443774.180,-1172415.950,353.572,0.008
-443774.459,-1172415.700,353.542,0.008
-443774.749,-1172415.430,353.522,0.008
-443775.039,-1172415.170,353.512,0.008
-443776.159,-1172414.170,353.452,0.008
-443770.910,-1172419.360,353.765,0.005
-443771.180,-1172419.120,353.745,0.005
-443771.480,-1172418.850,353.735,0.005
-443771.760,-1172418.600,353.727,0.003
-443772.040,-1172418.350,353.706,0.004
-443772.330,-1172418.090,353.696,0.004
-443772.600,-1172417.840,353.666,0.004
-443772.870,-1172417.590,353.655,0.005
-443773.440,-1172417.080,353.617,0.003
-443773.750,-1172416.810,353.614,0.006
-443774.029,-1172416.560,353.581,0.009
-443775.140,-1172415.550,353.531,0.009
-443775.420,-1172415.300,353.524,0.006
-443776.270,-1172414.530,353.481,0.009
-443774.640,-1172416.460,353.554,0.006
-443775.509,-1172415.680,353.493,0.007
-443775.790,-1172415.420,353.493,0.007
-443770.690,-1172420.020,353.767,0.003
-443770.980,-1172419.760,353.766,0.004
-443771.249,-1172419.510,353.722,0.008
-443771.530,-1172419.260,353.725,0.005
-443771.819,-1172419.000,353.703,0.007
-443772.110,-1172418.740,353.694,0.006
-443772.390,-1172418.480,353.687,0.003
-443772.690,-1172418.220,353.675,0.005
-443772.979,-1172417.960,353.643,0.007
-443773.250,-1172417.710,353.630,0.010
-443773.510,-1172417.471,353.591,0.009
-443774.090,-1172416.960,353.604,0.006
-443774.370,-1172416.700,353.561,0.009
-443770.880,-1172420.190,353.747,0.003
-443771.159,-1172419.940,353.743,0.007
-443771.759,-1172419.400,353.724,0.006
-443772.030,-1172419.150,353.671,0.009
-443772.290,-1172418.910,353.673,0.007
-443774.290,-1172417.120,353.593,0.007
-443774.580,-1172416.860,353.560,0.010
-443775.980,-1172415.601,353.470,0.010
-443771.070,-1172420.370,353.765,0.005
-443771.329,-1172420.140,353.723,0.007
-443771.899,-1172419.620,353.695,0.005
-443772.179,-1172419.370,353.681,0.009
-443772.469,-1172419.110,353.683,0.007
-443774.720,-1172417.090,353.543,0.007
-443771.640,-1172420.330,353.716,0.004
-443771.940,-1172420.060,353.705,0.005
-443772.200,-1172419.830,353.683,0.007
-443772.490,-1172419.560,353.661,0.009
-443772.780,-1172419.300,353.664,0.006
-443773.320,-1172418.820,353.626,0.004
-443775.540,-1172416.820,353.512,0.008
-443775.830,-1172416.560,353.470,0.010
-443771.880,-1172420.640,353.692,0.008
-443772.160,-1172420.390,353.706,0.004
-443772.430,-1172420.150,353.676,0.004
-443772.710,-1172419.890,353.676,0.004
-443772.990,-1172419.640,353.634,0.006
-443773.810,-1172418.900,353.602,0.008
-443776.069,-1172416.860,353.463,0.007
-443776.360,-1172416.610,353.444,0.006
-443771.150,-1172421.640,353.746,0.004
-443771.440,-1172421.380,353.746,0.004
-443771.710,-1172421.140,353.712,0.008
-443772.009,-1172420.870,353.752,0.008
-443772.270,-1172420.630,353.703,0.007
-443772.549,-1172420.390,353.693,0.007
-443772.840,-1172420.120,353.663,0.007
-443773.099,-1172419.890,353.642,0.008
-443773.390,-1172419.630,353.615,0.005
-443774.230,-1172418.870,353.612,0.008
-443774.520,-1172418.610,353.574,0.006
-443774.829,-1172418.340,353.574,0.006
-443775.100,-1172418.090,353.552,0.008
-443775.379,-1172417.830,353.531,0.010
-443775.959,-1172417.320,353.493,0.007
-443776.220,-1172417.080,353.491,0.009
-443776.500,-1172416.830,353.481,0.009
-443771.600,-1172421.650,353.745,0.005
-443771.870,-1172421.410,353.714,0.006
-443772.150,-1172421.150,353.695,0.005
-443772.440,-1172420.890,353.662,0.008
-443772.990,-1172420.400,353.642,0.008
-443773.580,-1172419.871,353.630,0.010
-443774.150,-1172419.350,353.590,0.010
-443774.440,-1172419.090,353.575,0.005
-443774.720,-1172418.840,353.583,0.007
-443774.990,-1172418.600,353.534,0.006
-443775.270,-1172418.350,353.544,0.006
-443775.540,-1172418.100,353.514,0.006
-443775.839,-1172417.830,353.514,0.006
-443776.110,-1172417.590,353.484,0.006
-443771.039,-1172422.610,353.774,0.007
-443771.339,-1172422.340,353.753,0.007
-443771.620,-1172422.090,353.725,0.005
-443771.890,-1172421.840,353.736,0.004
-443772.160,-1172421.600,353.696,0.005
-443772.460,-1172421.330,353.682,0.008
-443772.759,-1172421.060,353.672,0.008
-443773.050,-1172420.800,353.661,0.009
-443773.889,-1172420.040,353.631,0.009
-443774.140,-1172419.820,353.585,0.005
-443774.440,-1172419.550,353.594,0.006
-443775.009,-1172419.040,353.542,0.008
-443775.299,-1172418.780,353.554,0.006
-443775.579,-1172418.530,353.521,0.009
-443776.440,-1172417.750,353.514,0.006
-443771.330,-1172422.840,353.725,0.005
-443771.610,-1172422.590,353.706,0.004
-443771.910,-1172422.320,353.706,0.004
-443772.199,-1172422.060,353.672,0.008
-443773.010,-1172421.330,353.623,0.007
-443773.320,-1172421.050,353.654,0.006
-443773.590,-1172420.800,353.583,0.007
-443773.870,-1172420.560,353.571,0.009
-443774.170,-1172420.290,353.572,0.008
-443775.300,-1172419.270,353.523,0.007
-443776.410,-1172418.270,353.465,0.005
-443771.459,-1172423.060,353.744,0.006
-443771.749,-1172422.810,353.702,0.008
-443772.040,-1172422.540,353.706,0.004
-443772.300,-1172422.310,353.683,0.007
-443773.169,-1172421.520,353.644,0.006
-443773.459,-1172421.260,353.633,0.007
-443773.759,-1172421.000,353.610,0.010
-443774.019,-1172420.760,353.591,0.009
-443774.300,-1172420.510,353.581,0.009
-443774.569,-1172420.260,353.551,0.009
-443775.119,-1172419.770,353.533,0.007
-443775.390,-1172419.530,353.531,0.009
-443776.520,-1172418.510,353.475,0.005
-443776.800,-1172418.260,353.451,0.009
-443772.360,-1172422.670,353.685,0.005
-443776.550,-1172418.890,353.451,0.009
-443771.780,-1172424.290,353.703,0.007
-443772.060,-1172424.040,353.695,0.005
-443772.330,-1172423.800,353.684,0.006
-443772.620,-1172423.530,353.661,0.009
-443773.459,-1172422.780,353.631,0.009
-443773.739,-1172422.530,353.622,0.008
-443774.020,-1172422.280,353.561,0.009
-443774.859,-1172421.520,353.564,0.006
-443775.150,-1172421.250,353.513,0.007
-443775.450,-1172420.990,353.525,0.005
-443775.730,-1172420.740,353.493,0.007
-443776.320,-1172420.210,353.485,0.005
-443776.590,-1172419.960,353.464,0.006
-443771.269,-1172424.180,353.722,0.008
-443771.560,-1172423.920,353.735,0.005
-443771.860,-1172423.640,353.735,0.005
-443772.130,-1172423.400,353.693,0.007
-443772.420,-1172423.140,353.712,0.008
-443772.969,-1172422.650,353.652,0.008
-443774.369,-1172421.390,353.592,0.008
-443774.930,-1172420.890,353.561,0.009
-443775.490,-1172420.380,353.534,0.006
-443776.620,-1172419.360,353.472,0.008
-443771.660,-1172424.880,353.744,0.006
-443771.940,-1172424.620,353.706,0.004
-443772.220,-1172424.370,353.705,0.005
-443772.500,-1172424.120,353.716,0.004
-443772.800,-1172423.850,353.686,0.004
-443773.080,-1172423.600,353.652,0.008
-443773.920,-1172422.840,353.596,0.004
-443774.210,-1172422.580,353.602,0.008
-443774.800,-1172422.050,353.571,0.009
-443775.090,-1172421.790,353.555,0.005
-443775.350,-1172421.560,353.544,0.006
-443775.620,-1172421.310,353.544,0.006
-443776.490,-1172420.530,353.514,0.006
-443776.750,-1172420.300,353.475,0.005
-443772.320,-1172424.700,353.663,0.007
-443772.600,-1172424.450,353.654,0.006
-443772.880,-1172424.190,353.635,0.005
-443773.190,-1172423.910,353.648,0.002
-443773.470,-1172423.660,353.627,0.003
-443773.750,-1172423.410,353.584,0.006
-443774.060,-1172423.130,353.593,0.007
-443774.320,-1172422.900,353.551,0.009
-443775.160,-1172422.140,353.546,0.004
-443775.460,-1172421.880,353.513,0.007
-443775.730,-1172421.630,353.503,0.007
-443776.020,-1172421.370,353.493,0.007
-443776.310,-1172421.100,353.487,0.003
-443776.589,-1172420.860,353.443,0.007
-443776.870,-1172420.610,353.440,0.010
-443773.009,-1172424.590,353.653,0.007
-443773.290,-1172424.340,353.656,0.004
-443773.550,-1172424.110,353.645,0.005
-443773.860,-1172423.830,353.617,0.003
-443774.140,-1172423.570,353.606,0.004
-443774.410,-1172423.340,353.595,0.005
-443774.700,-1172423.070,353.572,0.008
-443775.000,-1172422.810,353.544,0.007
-443775.299,-1172422.530,353.554,0.006
-443775.559,-1172422.300,353.523,0.007
-443775.850,-1172422.040,353.515,0.005
-443776.130,-1172421.790,353.493,0.007
-443776.420,-1172421.530,353.496,0.004
-443776.680,-1172421.300,353.485,0.005
-443773.320,-1172424.800,353.623,0.007
-443773.610,-1172424.540,353.615,0.005
-443773.910,-1172424.270,353.614,0.006
-443774.190,-1172424.020,353.563,0.007
-443774.480,-1172423.760,353.587,0.003
-443774.760,-1172423.510,353.555,0.005
-443775.600,-1172422.750,353.514,0.006
-443775.880,-1172422.500,353.507,0.004
-443776.140,-1172422.270,353.473,0.007
-443776.409,-1172422.020,353.453,0.007
-443776.710,-1172421.760,353.456,0.004
-443776.980,-1172421.510,353.444,0.006
-443774.290,-1172424.270,353.571,0.009
-443774.550,-1172424.030,353.586,0.004
-443774.830,-1172423.780,353.554,0.006
-443775.660,-1172423.030,353.522,0.008
-443775.940,-1172422.780,353.505,0.005
-443776.240,-1172422.500,353.494,0.006
-443776.510,-1172422.270,353.495,0.005
-443775.010,-1172424.490,353.531,0.009
-443775.279,-1172424.240,353.524,0.006
-443776.729,-1172422.939,353.471,0.009
-443774.200,-1172424.700,353.580,0.010
-443774.500,-1172424.430,353.560,0.010
-443774.750,-1172424.200,353.564,0.006
-443775.030,-1172423.950,353.534,0.006
-443775.310,-1172423.700,353.523,0.007
-443775.610,-1172423.440,353.504,0.006
-443776.160,-1172422.940,353.460,0.010
-443776.450,-1172422.680,353.476,0.004
-443776.740,-1172422.420,353.473,0.007
-443776.150,-1172423.890,353.484,0.006
-443776.709,-1172423.390,353.442,0.008
-443775.780,-1172424.590,353.512,0.008
-443776.360,-1172424.070,353.494,0.006
-443776.649,-1172423.810,353.462,0.008
-443776.080,-1172424.720,353.481,0.009
-443776.650,-1172424.210,353.465,0.005
-443785.570,-1172418.990,349.935,0.005
-443785.770,-1172419.150,349.921,0.009
-443786.360,-1172418.630,349.921,0.009
-443785.800,-1172419.500,349.900,0.010
-443786.280,-1172419.560,349.910,0.010
-443786.580,-1172419.280,349.914,0.006
-443787.030,-1172419.410,349.904,0.006
-443787.310,-1172419.160,349.895,0.005
-443786.510,-1172420.710,349.985,0.005
-443786.750,-1172420.980,349.994,0.006
-443787.010,-1172420.750,349.982,0.008
-443787.860,-1172419.980,349.953,0.007
-443788.400,-1172419.490,349.941,0.009
-443788.700,-1172419.221,349.920,0.010
-443850.550,-1172371.510,347.367,0.003
-443851.090,-1172371.020,347.326,0.004
-443850.730,-1172371.740,347.368,0.002
-443851.000,-1172371.510,347.357,0.003
-443850.620,-1172371.030,347.386,0.004
-443799.070,-1172379.060,348.275,0.005
-443799.350,-1172378.800,348.282,0.008
-443799.710,-1172379.760,348.262,0.008
-443799.990,-1172379.500,348.261,0.009
-443799.840,-1172380.130,348.307,0.003
-443800.080,-1172379.900,348.263,0.007
-443800.220,-1172380.300,348.274,0.006
-443800.500,-1172380.040,348.262,0.008
-443799.000,-1172381.760,348.273,0.007
-443800.110,-1172380.750,348.285,0.005
-443800.420,-1172380.480,348.294,0.006
-443800.710,-1172380.220,348.291,0.009
-443799.110,-1172382.060,348.281,0.009
-443799.380,-1172381.800,348.272,0.008
-443799.940,-1172381.300,348.230,0.010
-443800.510,-1172380.790,348.274,0.006
-443800.800,-1172380.530,348.262,0.008
-443799.100,-1172382.500,348.314,0.006
-443799.400,-1172382.230,348.320,0.010
-443799.970,-1172381.710,348.314,0.006
-443800.560,-1172381.190,348.274,0.006
-443801.080,-1172380.710,348.301,0.009
-443800.560,-1172381.680,348.285,0.005
-443800.840,-1172381.430,348.240,0.010
-443799.170,-1172382.940,348.296,0.004
-443799.460,-1172382.670,348.306,0.004
-443799.740,-1172382.420,348.296,0.004
-443800.000,-1172382.190,348.272,0.008
-443800.260,-1172381.950,348.255,0.005
-443800.350,-1172382.250,348.295,0.005
-443800.640,-1172381.980,348.303,0.007
-443800.900,-1172381.740,348.292,0.008
-443802.019,-1172380.740,348.291,0.009
-443802.820,-1172380.020,348.212,0.008
-443800.520,-1172382.500,348.274,0.006
-443800.810,-1172382.240,348.252,0.008
-443801.080,-1172381.990,348.241,0.009
-443803.000,-1172380.260,348.195,0.005
-443801.190,-1172382.360,348.301,0.009
-443801.740,-1172381.860,348.242,0.008
-443802.299,-1172381.350,348.253,0.007
-443802.570,-1172381.110,348.205,0.005
-443801.720,-1172382.420,348.302,0.008
-443801.980,-1172382.180,348.282,0.008
-443802.520,-1172381.690,348.195,0.005
-443802.810,-1172381.430,348.204,0.006
-443804.210,-1172380.180,348.224,0.006
-443803.400,-1172382.230,348.206,0.004
-443803.679,-1172381.980,348.201,0.009
-443804.780,-1172380.990,348.197,0.003
-443805.040,-1172380.750,348.211,0.009
-443805.880,-1172379.990,348.212,0.008
-443803.820,-1172382.410,348.203,0.007
-443804.080,-1172382.170,348.181,0.009
-443804.350,-1172381.920,348.163,0.007
-443804.639,-1172381.660,348.190,0.010
-443805.200,-1172381.160,348.163,0.007
-443806.059,-1172380.390,348.215,0.006
-443806.340,-1172380.130,348.221,0.009
-443808.310,-1172378.350,348.230,0.010
-443809.160,-1172377.590,348.255,0.005
-443809.740,-1172377.070,348.275,0.006
-443808.770,-1172378.390,348.250,0.010
-443809.050,-1172378.140,348.224,0.006
-443809.880,-1172377.390,348.243,0.007
-443806.230,-1172380.690,348.202,0.008
-443805.310,-1172382.050,348.171,0.009
-443805.570,-1172381.820,348.150,0.010
-443807.300,-1172380.250,348.216,0.004
-443808.690,-1172379.000,348.225,0.005
-443808.960,-1172378.760,348.244,0.006
-443809.229,-1172378.510,348.223,0.007
-443809.500,-1172378.270,348.225,0.005
-443809.780,-1172378.020,348.213,0.007
-443810.060,-1172377.770,348.245,0.005
-443810.619,-1172377.260,348.243,0.007
-443810.890,-1172377.020,348.241,0.009
-443795.880,-1172391.120,351.914,0.006
-443806.200,-1172381.810,348.191,0.009
-443807.569,-1172380.580,348.170,0.010
-443808.970,-1172379.320,348.246,0.004
-443809.239,-1172379.080,348.243,0.007
-443809.510,-1172378.830,348.222,0.008
-443810.360,-1172378.060,348.230,0.010
-443810.630,-1172377.820,348.243,0.007
-443810.910,-1172377.570,348.274,0.006
-443811.490,-1172377.040,348.273,0.007
-443811.770,-1172376.790,348.271,0.009
-443813.170,-1172375.530,348.285,0.005
-443806.750,-1172381.910,348.202,0.008
-443807.290,-1172381.430,348.202,0.008
-443807.590,-1172381.160,348.212,0.008
-443807.850,-1172380.920,348.215,0.005
-443808.130,-1172380.670,348.212,0.008
-443809.260,-1172379.650,348.244,0.006
-443809.530,-1172379.410,348.207,0.003
-443810.080,-1172378.910,348.191,0.009
-443811.520,-1172377.610,348.251,0.009
-443813.190,-1172376.110,348.256,0.004
-443807.570,-1172381.620,348.191,0.009
-443807.870,-1172381.360,348.194,0.006
-443808.160,-1172381.090,348.194,0.006
-443808.430,-1172380.850,348.205,0.005
-443809.280,-1172380.080,348.203,0.007
-443809.560,-1172379.830,348.216,0.004
-443809.840,-1172379.570,348.205,0.005
-443810.140,-1172379.300,348.203,0.007
-443811.240,-1172378.310,348.213,0.007
-443811.530,-1172378.050,348.243,0.007
-443811.790,-1172377.820,348.246,0.004
-443813.780,-1172376.030,348.264,0.006
-443808.010,-1172381.740,348.162,0.008
-443808.300,-1172381.470,348.185,0.005
-443808.590,-1172381.210,348.185,0.005
-443809.159,-1172380.690,348.171,0.009
-443809.710,-1172380.200,348.193,0.007
-443809.980,-1172379.960,348.183,0.007
-443810.560,-1172379.440,348.190,0.010
-443810.830,-1172379.190,348.201,0.009
-443811.100,-1172378.940,348.183,0.007
-443811.410,-1172378.670,348.227,0.003
-443811.690,-1172378.410,348.225,0.005
-443813.620,-1172376.670,348.213,0.007
-443810.810,-1172379.770,348.185,0.005
-443811.400,-1172379.240,348.216,0.004
-443811.660,-1172379.010,348.224,0.006
-443812.200,-1172378.530,348.203,0.007
-443813.840,-1172377.050,348.203,0.007
-443814.130,-1172376.780,348.213,0.007
-443808.290,-1172382.050,348.161,0.009
-443808.860,-1172381.540,348.186,0.004
-443809.140,-1172381.280,348.205,0.005
-443809.400,-1172381.050,348.155,0.005
-443809.970,-1172380.540,348.181,0.009
-443808.819,-1172382.159,348.181,0.009
-443809.090,-1172381.909,348.162,0.008
-443809.390,-1172381.640,348.177,0.003
-443809.650,-1172381.400,348.143,0.007
-443810.220,-1172380.900,348.174,0.006
-443811.050,-1172380.140,348.176,0.004
-443811.870,-1172379.400,348.185,0.005
-443812.140,-1172379.160,348.192,0.008
-443815.340,-1172376.700,348.231,0.009
-443809.490,-1172381.970,348.156,0.004
-443809.760,-1172381.730,348.144,0.006
-443810.300,-1172381.240,348.155,0.005
-443810.570,-1172380.990,348.142,0.008
-443810.850,-1172380.740,348.162,0.008
-443811.120,-1172380.500,348.161,0.009
-443811.390,-1172380.250,348.140,0.010
-443811.690,-1172379.990,348.163,0.007
-443811.960,-1172379.740,348.195,0.005
-443812.790,-1172378.990,348.143,0.007
-443810.770,-1172381.230,348.153,0.007
-443811.050,-1172380.970,348.155,0.005
-443811.880,-1172380.220,348.155,0.005
-443812.169,-1172379.960,348.171,0.009
-443813.560,-1172378.710,348.130,0.010
-443813.840,-1172378.460,348.131,0.009
-443814.410,-1172377.940,348.164,0.006
-443816.680,-1172375.900,348.243,0.007
-443816.950,-1172375.660,348.254,0.006
-443816.840,-1172376.290,348.245,0.005
-443817.120,-1172376.040,348.236,0.004
-443817.390,-1172375.790,348.253,0.007
-443810.410,-1172382.080,348.171,0.009
-443810.669,-1172381.849,348.120,0.010
-443811.240,-1172381.330,348.146,0.004
-443812.109,-1172380.549,348.173,0.007
-443813.479,-1172379.320,348.110,0.010
-443814.040,-1172378.810,348.137,0.003
-443814.910,-1172378.020,348.202,0.008
-443811.690,-1172381.380,348.125,0.006
-443813.670,-1172379.590,348.121,0.009
-443813.930,-1172379.360,348.103,0.007
-443814.230,-1172379.090,348.135,0.005
-443815.330,-1172378.100,348.173,0.007
-443816.430,-1172377.110,348.203,0.007
-443816.700,-1172376.860,348.203,0.007
-443816.999,-1172376.599,348.191,0.009
-443818.110,-1172375.590,348.231,0.009
-443811.880,-1172381.620,348.111,0.009
-443812.420,-1172381.130,348.102,0.008
-443812.959,-1172380.650,348.050,0.010
-443813.530,-1172380.130,348.104,0.006
-443814.349,-1172379.400,348.133,0.008
-443814.920,-1172378.880,348.150,0.010
-443816.599,-1172377.370,348.170,0.010
-443816.880,-1172377.110,348.191,0.009
-443817.740,-1172376.340,348.222,0.008
-443818.320,-1172375.820,348.252,0.008
-443811.980,-1172381.890,348.132,0.008
-443813.320,-1172380.690,348.035,0.005
-443815.850,-1172378.410,348.161,0.009
-443816.430,-1172377.880,348.195,0.005
-443816.710,-1172377.630,348.150,0.010
-443817.010,-1172377.360,348.196,0.004
-443817.300,-1172377.100,348.184,0.006
-443817.560,-1172376.870,348.173,0.007
-443817.830,-1172376.620,348.194,0.006
-443818.680,-1172375.860,348.213,0.007
-443814.300,-1172380.280,348.105,0.005
-443815.150,-1172379.510,348.143,0.007
-443815.430,-1172379.260,348.146,0.004
-443816.299,-1172378.479,348.172,0.008
-443816.570,-1172378.240,348.174,0.006
-443816.850,-1172377.980,348.185,0.005
-443817.400,-1172377.490,348.166,0.004
-443818.540,-1172376.460,348.224,0.006
-443818.830,-1172376.200,348.206,0.004
-443815.759,-1172379.420,348.111,0.009
-443816.610,-1172378.650,348.156,0.004
-443816.900,-1172378.400,348.144,0.006
-443817.180,-1172378.140,348.161,0.009
-443817.480,-1172377.880,348.166,0.004
-443817.730,-1172377.640,348.156,0.004
-443819.130,-1172376.380,348.201,0.009
-443814.840,-1172380.590,348.104,0.006
-443815.130,-1172380.340,348.082,0.008
-443816.550,-1172379.050,348.153,0.007
-443816.820,-1172378.810,348.132,0.008
-443817.120,-1172378.540,348.140,0.010
-443817.379,-1172378.310,348.132,0.008
-443817.950,-1172377.800,348.154,0.006
-443818.760,-1172377.070,348.173,0.007
-443815.040,-1172380.770,348.096,0.004
-443816.720,-1172379.260,348.140,0.010
-443816.980,-1172379.030,348.114,0.006
-443817.260,-1172378.770,348.134,0.006
-443817.520,-1172378.540,348.125,0.005
-443817.800,-1172378.280,348.114,0.006
-443818.080,-1172378.030,348.133,0.007
-443818.350,-1172377.790,348.140,0.010
-443818.640,-1172377.530,348.151,0.009
-443818.920,-1172377.280,348.174,0.006
-443819.210,-1172377.490,348.154,0.006
-443815.580,-1172380.760,348.105,0.005
-443816.410,-1172380.010,348.124,0.006
-443817.260,-1172379.260,348.146,0.004
-443817.510,-1172379.030,348.116,0.004
-443817.810,-1172378.760,348.136,0.004
-443818.100,-1172378.500,348.137,0.003
-443818.630,-1172378.020,348.135,0.005
-443816.950,-1172380.060,348.121,0.009
-443817.220,-1172379.820,348.111,0.009
-443818.060,-1172379.060,348.113,0.007
-443818.350,-1172378.800,348.135,0.005
-443816.539,-1172380.780,348.143,0.007
-443816.820,-1172380.520,348.074,0.006
-443817.680,-1172379.750,348.107,0.003
-443817.960,-1172379.500,348.124,0.006
-443819.070,-1172378.500,348.124,0.006
-443816.990,-1172380.780,348.093,0.007
-443817.260,-1172380.550,348.087,0.003
-443817.550,-1172380.290,348.085,0.005
-443817.830,-1172380.030,348.107,0.003
-443818.390,-1172379.530,348.102,0.008
-443818.670,-1172379.270,348.105,0.005
-443818.959,-1172379.010,348.113,0.007
-443819.520,-1172378.510,348.101,0.009
-443817.600,-1172380.700,348.096,0.004
-443817.900,-1172380.430,348.085,0.005
-443818.150,-1172380.200,348.086,0.004
-443818.440,-1172379.950,348.095,0.005
-443818.710,-1172379.700,348.104,0.006
-443819.000,-1172379.440,348.103,0.007
-443819.280,-1172379.190,348.113,0.007
-443819.540,-1172378.960,348.101,0.009
-443818.150,-1172380.700,348.086,0.004
-443818.420,-1172380.450,348.065,0.005
-443818.960,-1172379.970,348.084,0.006
-443819.509,-1172379.479,348.061,0.009
-443818.530,-1172380.710,348.055,0.005
-443818.810,-1172380.460,348.062,0.008
-443819.110,-1172380.190,348.073,0.007
-443819.380,-1172379.940,348.053,0.007
-443819.130,-1172380.580,348.052,0.008
-443819.420,-1172380.320,348.054,0.006
-443819.509,-1172380.780,348.062,0.008
-443739.710,-1172389.750,349.326,0.004
-443739.970,-1172389.510,349.313,0.007
-443740.390,-1172389.770,349.304,0.006
-443740.679,-1172389.510,349.272,0.008
-443729.970,-1172399.240,348.968,0.002
-443729.980,-1172399.720,348.994,0.006
-443740.100,-1172390.530,349.256,0.004
-443740.700,-1172389.980,349.284,0.006
-443742.090,-1172388.720,349.232,0.008
-443730.110,-1172400.050,348.943,0.007
-443740.310,-1172390.790,349.295,0.005
-443740.859,-1172390.290,349.281,0.010
-443741.710,-1172389.510,349.281,0.009
-443741.980,-1172389.270,349.242,0.008
-443731.520,-1172399.370,348.971,0.009
-443742.230,-1172389.630,349.274,0.006
-443730.110,-1172400.650,349.005,0.005
-443730.380,-1172400.400,348.933,0.007
-443731.230,-1172399.630,348.981,0.009
-443731.930,-1172399.590,349.005,0.005
-443733.029,-1172398.590,350.502,0.008
-443733.320,-1172398.330,350.502,0.008
-443742.590,-1172389.900,349.253,0.007
-443733.620,-1172398.490,350.442,0.008
-443729.980,-1172402.270,348.964,0.006
-443730.270,-1172402.000,348.982,0.008
-443730.850,-1172401.470,348.981,0.009
-443733.349,-1172399.200,350.484,0.006
-443730.890,-1172401.920,348.980,0.010
-443731.150,-1172401.680,348.942,0.008
-443733.130,-1172399.880,350.483,0.007
-443733.680,-1172399.380,350.461,0.009
-443734.569,-1172398.570,350.451,0.009
-443735.170,-1172398.030,350.472,0.008
-443730.200,-1172403.000,348.972,0.008
-443733.339,-1172400.140,350.492,0.008
-443734.200,-1172399.370,350.462,0.008
-443734.760,-1172398.860,350.473,0.007
-443735.060,-1172398.590,350.483,0.008
-443730.120,-1172403.350,348.973,0.007
-443730.400,-1172403.090,348.950,0.010
-443731.270,-1172402.300,348.981,0.009
-443732.970,-1172400.760,350.491,0.009
-443733.510,-1172400.270,350.442,0.008
-443734.100,-1172399.730,350.424,0.006
-443734.380,-1172399.480,350.423,0.007
-443735.260,-1172398.680,350.432,0.008
-443730.480,-1172403.430,348.954,0.006
-443732.230,-1172401.840,349.003,0.007
-443733.020,-1172401.120,350.495,0.005
-443733.310,-1172400.860,350.471,0.009
-443733.600,-1172400.600,350.454,0.006
-443733.880,-1172400.340,350.423,0.007
-443734.170,-1172400.080,350.432,0.008
-443734.730,-1172399.570,350.423,0.007
-443735.870,-1172398.530,350.461,0.009
-443733.120,-1172401.520,350.486,0.004
-443733.400,-1172401.270,350.445,0.005
-443733.660,-1172401.030,350.433,0.007
-443734.520,-1172400.250,350.412,0.008
-443735.070,-1172399.750,350.403,0.007
-443736.220,-1172398.700,350.433,0.007
-443736.799,-1172398.169,350.440,0.010
-443730.240,-1172404.130,348.953,0.007
-443730.550,-1172403.850,348.951,0.009
-443730.580,-1172404.320,348.964,0.006
-443731.170,-1172403.790,348.982,0.008
-443733.950,-1172401.260,350.431,0.009
-443734.520,-1172400.740,350.452,0.008
-443734.800,-1172400.491,350.422,0.009
-443735.090,-1172400.230,350.423,0.007
-443735.380,-1172399.970,350.432,0.008
-443735.660,-1172399.710,350.412,0.008
-443730.340,-1172404.950,349.013,0.007
-443733.950,-1172401.670,350.444,0.006
-443734.530,-1172401.140,350.412,0.008
-443735.390,-1172400.360,350.402,0.008
-443730.320,-1172405.350,348.974,0.006
-443730.600,-1172405.080,348.983,0.007
-443732.870,-1172403.030,350.543,0.007
-443733.160,-1172402.760,350.534,0.006
-443733.430,-1172402.520,350.494,0.006
-443733.700,-1172402.270,350.452,0.008
-443733.990,-1172402.010,350.444,0.006
-443734.280,-1172401.740,350.433,0.007
-443734.570,-1172401.480,350.433,0.007
-443735.170,-1172400.940,350.442,0.008
-443735.450,-1172400.690,350.412,0.008
-443736.590,-1172399.650,350.402,0.008
-443736.860,-1172399.410,350.410,0.010
-443732.920,-1172403.450,350.581,0.009
-443732.350,-1172403.970,348.951,0.009
-443733.200,-1172403.200,350.482,0.008
-443733.479,-1172402.950,350.453,0.007
-443733.760,-1172402.690,350.431,0.009
-443734.070,-1172402.410,350.440,0.010
-443735.190,-1172401.390,350.424,0.006
-443736.060,-1172400.600,350.401,0.009
-443736.350,-1172400.340,350.393,0.007
-443738.060,-1172398.790,350.392,0.008
-443738.900,-1172398.020,350.443,0.007
-443738.520,-1172398.880,350.420,0.010
-443733.659,-1172403.290,350.451,0.009
-443734.269,-1172402.750,350.440,0.010
-443735.109,-1172401.980,350.410,0.010
-443735.399,-1172401.720,350.393,0.007
-443735.680,-1172401.460,350.401,0.009
-443736.550,-1172400.680,350.381,0.009
-443733.409,-1172403.930,350.471,0.009
-443734.560,-1172402.890,350.430,0.010
-443734.870,-1172402.610,350.413,0.007
-443738.850,-1172399.000,350.446,0.004
-443733.570,-1172404.270,350.471,0.009
-443734.150,-1172403.750,350.441,0.009
-443734.440,-1172403.480,350.466,0.004
-443734.979,-1172402.990,350.441,0.009
-443735.250,-1172402.740,350.421,0.009
-443735.540,-1172402.480,350.413,0.007
-443735.820,-1172402.230,350.423,0.007
-443736.080,-1172401.990,350.391,0.009
-443736.670,-1172401.460,350.370,0.010
-443736.950,-1172401.200,350.361,0.009
-443737.260,-1172400.920,350.393,0.007
-443738.989,-1172399.349,350.410,0.010
-443739.840,-1172398.570,350.436,0.004
-443738.160,-1172400.670,350.370,0.010
-443738.719,-1172400.160,350.382,0.008
-443740.480,-1172398.560,350.393,0.007
-443734.149,-1172404.310,350.431,0.009
-443735.280,-1172403.291,350.410,0.010
-443736.140,-1172402.500,350.393,0.007
-443736.700,-1172402.000,350.376,0.004
-443737.000,-1172401.720,350.350,0.010
-443737.880,-1172400.930,350.363,0.007
-443733.209,-1172405.770,350.534,0.006
-443733.469,-1172405.530,350.505,0.005
-443733.740,-1172405.290,350.474,0.006
-443734.610,-1172404.500,350.462,0.008
-443734.900,-1172404.240,350.431,0.009
-443735.170,-1172403.990,350.432,0.008
-443735.750,-1172403.470,350.440,0.010
-443736.340,-1172402.930,350.411,0.009
-443737.199,-1172402.150,350.373,0.007
-443737.480,-1172401.900,350.374,0.006
-443738.030,-1172401.390,350.342,0.008
-443739.219,-1172400.320,350.381,0.009
-443739.519,-1172400.049,350.381,0.009
-443739.790,-1172399.800,350.383,0.007
-443740.090,-1172399.520,350.392,0.008
-443740.950,-1172398.750,350.424,0.006
-443741.220,-1172398.500,350.412,0.008
-443733.239,-1172406.240,350.504,0.006
-443733.510,-1172405.990,350.476,0.004
-443734.670,-1172404.951,350.481,0.009
-443734.939,-1172404.700,350.423,0.007
-443736.110,-1172403.640,350.425,0.005
-443736.390,-1172403.380,350.391,0.009
-443736.950,-1172402.870,350.401,0.010
-443738.410,-1172401.550,350.341,0.009
-443738.690,-1172401.300,350.355,0.005
-443738.970,-1172401.040,350.352,0.008
-443741.520,-1172398.730,350.374,0.006
-443741.820,-1172398.450,350.392,0.008
-443733.679,-1172406.360,350.451,0.009
-443733.960,-1172406.110,350.441,0.009
-443735.680,-1172404.540,350.404,0.006
-443735.960,-1172404.290,350.393,0.007
-443736.550,-1172403.760,350.421,0.009
-443736.850,-1172403.490,350.403,0.007
-443738.260,-1172402.200,350.364,0.006
-443738.550,-1172401.940,350.383,0.007
-443738.820,-1172401.690,350.353,0.007
-443739.100,-1172401.450,350.350,0.010
-443740.810,-1172399.890,350.381,0.009
-443741.110,-1172399.620,350.394,0.006
-443742.550,-1172398.310,350.396,0.004
-443742.849,-1172398.039,350.391,0.009
-443733.110,-1172406.890,350.535,0.005
-443733.389,-1172406.630,350.472,0.008
-443733.240,-1172407.280,350.504,0.006
-443733.529,-1172407.020,350.464,0.006
-443733.800,-1172406.780,350.444,0.006
-443734.070,-1172406.530,350.422,0.008
-443736.100,-1172404.690,350.392,0.008
-443736.390,-1172404.430,350.383,0.007
-443736.690,-1172404.150,350.384,0.006
-443736.950,-1172403.910,350.383,0.007
-443738.350,-1172402.640,350.373,0.007
-443738.920,-1172402.130,350.351,0.009
-443739.200,-1172401.870,350.364,0.006
-443739.500,-1172401.600,350.361,0.009
-443742.110,-1172399.230,350.384,0.006
-443742.390,-1172398.980,350.372,0.008
-443733.499,-1172407.550,350.483,0.007
-443733.780,-1172407.290,350.462,0.008
-443736.090,-1172405.190,350.420,0.010
-443736.380,-1172404.930,350.393,0.007
-443738.649,-1172402.880,350.381,0.009
-443738.930,-1172402.620,350.385,0.005
-443739.220,-1172402.350,350.382,0.008
-443740.949,-1172400.780,350.351,0.009
-443741.249,-1172400.510,350.371,0.009
-443741.810,-1172400.010,350.362,0.008
-443742.380,-1172399.490,350.381,0.009
-443743.560,-1172398.420,350.433,0.007
-443743.840,-1172398.160,350.425,0.005
-443736.050,-1172405.570,350.413,0.007
-443736.340,-1172405.310,350.400,0.010
-443737.170,-1172404.550,350.371,0.009
-443737.760,-1172404.010,350.340,0.010
-443738.310,-1172403.510,350.340,0.010
-443738.910,-1172402.970,350.344,0.006
-443741.220,-1172400.880,350.343,0.007
-443743.550,-1172398.760,350.433,0.007
-443743.810,-1172398.520,350.392,0.008
-443744.100,-1172398.260,350.381,0.009
-443737.420,-1172404.690,350.376,0.004
-443737.730,-1172404.410,350.371,0.009
-443739.170,-1172403.100,350.371,0.009
-443739.430,-1172402.860,350.351,0.009
-443741.780,-1172400.730,350.360,0.010
-443742.060,-1172400.470,350.381,0.009
-443743.480,-1172399.190,350.422,0.008
-443743.760,-1172398.930,350.412,0.008
-443744.610,-1172398.160,350.393,0.007
-443734.229,-1172408.140,350.442,0.008
-443735.670,-1172406.830,350.423,0.007
-443737.100,-1172405.530,350.383,0.007
-443737.960,-1172404.750,350.362,0.008
-443738.520,-1172404.240,350.343,0.007
-443739.700,-1172403.170,350.333,0.007
-443739.990,-1172402.910,350.350,0.010
-443741.710,-1172401.340,350.354,0.006
-443742.540,-1172400.590,350.394,0.006
-443743.130,-1172400.060,350.430,0.010
-443743.699,-1172399.540,350.413,0.007
-443743.980,-1172399.290,350.413,0.007
-443744.550,-1172398.770,350.395,0.005
-443745.410,-1172397.990,350.403,0.007
-443736.579,-1172406.570,350.381,0.009
-443736.860,-1172406.320,350.362,0.008
-443737.430,-1172405.800,350.373,0.007
-443737.740,-1172405.520,350.401,0.009
-443739.170,-1172404.220,350.353,0.007
-443742.010,-1172401.650,350.341,0.009
-443742.310,-1172401.370,350.393,0.007
-443742.880,-1172400.850,350.404,0.006
-443744.040,-1172399.800,350.403,0.007
-443744.610,-1172399.280,350.373,0.007
-443745.200,-1172398.740,350.391,0.009
-443745.500,-1172398.480,350.416,0.004
-443745.760,-1172398.240,350.394,0.006
-443746.040,-1172397.990,350.392,0.008
-443736.310,-1172407.240,350.393,0.007
-443736.870,-1172406.740,350.371,0.009
-443738.040,-1172405.670,350.381,0.009
-443738.900,-1172404.890,350.325,0.005
-443739.160,-1172404.650,350.331,0.009
-443740.300,-1172403.620,350.313,0.007
-443740.590,-1172403.360,350.335,0.005
-443740.870,-1172403.100,350.331,0.009
-443742.610,-1172401.530,350.394,0.006
-443744.910,-1172399.440,350.363,0.007
-443745.490,-1172398.910,350.395,0.005
-443745.780,-1172398.650,350.395,0.005
-443746.080,-1172398.370,350.384,0.006
-443746.650,-1172397.860,350.400,0.010
-443746.930,-1172397.600,350.391,0.009
-443736.080,-1172407.840,350.424,0.006
-443736.360,-1172407.590,350.391,0.010
-443737.220,-1172406.810,350.394,0.006
-443737.530,-1172406.529,350.412,0.008
-443739.460,-1172404.780,350.312,0.008
-443740.060,-1172404.240,350.342,0.008
-443740.340,-1172403.980,350.331,0.009
-443740.630,-1172403.710,350.352,0.008
-443742.690,-1172401.850,350.383,0.007
-443744.120,-1172400.550,350.410,0.010
-443744.970,-1172399.780,350.362,0.008
-443745.280,-1172399.500,350.363,0.007
-443745.550,-1172399.250,350.372,0.008
-443745.850,-1172398.980,350.395,0.005
-443746.130,-1172398.730,350.371,0.009
-443746.420,-1172398.460,350.373,0.007
-443746.660,-1172398.720,350.402,0.008
-443747.230,-1172398.210,350.406,0.004
-443736.920,-1172407.560,350.412,0.008
-443737.190,-1172407.310,350.382,0.008
-443737.470,-1172407.060,350.384,0.006
-443738.340,-1172406.270,350.373,0.007
-443738.640,-1172406.000,350.380,0.010
-443739.760,-1172404.980,350.323,0.007
-443740.930,-1172403.920,350.341,0.009
-443742.080,-1172402.880,350.350,0.010
-443742.350,-1172402.630,350.385,0.005
-443742.660,-1172402.350,350.391,0.009
-443744.390,-1172400.780,350.392,0.008
-443744.970,-1172400.250,350.380,0.010
-443745.530,-1172399.750,350.392,0.008
-443745.810,-1172399.490,350.373,0.007
-443746.100,-1172399.230,350.385,0.005
-443746.360,-1172398.990,350.362,0.008
-443738.170,-1172406.850,350.351,0.009
-443742.830,-1172402.630,350.381,0.009
-443744.530,-1172401.080,350.404,0.006
-443744.799,-1172400.840,350.370,0.010
-443745.370,-1172400.320,350.352,0.008
-443745.910,-1172399.830,350.355,0.005
-443746.210,-1172399.560,350.364,0.006
-443746.490,-1172399.300,350.361,0.009
-443747.090,-1172398.770,350.375,0.005
-443747.370,-1172398.510,350.404,0.006
-443747.929,-1172397.999,350.390,0.010
-443742.900,-1172402.890,350.370,0.010
-443744.020,-1172401.870,350.413,0.007
-443744.299,-1172401.620,350.401,0.009
-443744.570,-1172401.380,350.390,0.010
-443744.860,-1172401.120,350.384,0.006
-443745.710,-1172400.350,350.353,0.007
-443746.020,-1172400.060,350.372,0.008
-443746.290,-1172399.820,350.372,0.008
-443746.560,-1172399.570,350.374,0.006
-443748.600,-1172397.730,350.400,0.010
-443742.360,-1172403.750,350.382,0.008
-443743.810,-1172402.430,350.422,0.008
-443744.090,-1172402.180,350.415,0.005
-443744.380,-1172401.910,350.413,0.007
-443744.660,-1172401.650,350.403,0.007
-443744.940,-1172401.400,350.394,0.006
-443745.230,-1172401.140,350.374,0.006
-443746.110,-1172400.340,350.365,0.005
-443746.390,-1172400.090,350.356,0.004
-443746.680,-1172399.820,350.356,0.004
-443747.250,-1172399.310,350.362,0.008
-443739.170,-1172407.140,350.361,0.009
-443739.760,-1172406.610,350.360,0.010
-443740.030,-1172406.370,350.361,0.009
-443742.030,-1172404.550,350.402,0.008
-443743.760,-1172402.980,350.415,0.005
-443744.040,-1172402.730,350.394,0.006
-443744.320,-1172402.470,350.415,0.005
-443744.620,-1172402.210,350.403,0.007
-443744.910,-1172401.940,350.372,0.008
-443745.200,-1172401.670,350.373,0.007
-443745.499,-1172401.400,350.394,0.006
-443745.780,-1172401.150,350.376,0.004
-443746.320,-1172400.660,350.356,0.004
-443746.610,-1172400.400,350.367,0.003
-443746.910,-1172400.120,350.351,0.009
-443748.640,-1172398.550,350.391,0.009
-443749.490,-1172397.780,350.387,0.003
-443738.599,-1172407.670,350.383,0.007
-443739.310,-1172407.550,350.361,0.009
-443739.600,-1172407.290,350.382,0.008
-443739.870,-1172407.030,350.363,0.007
-443740.150,-1172406.780,350.376,0.004
-443740.440,-1172406.520,350.386,0.004
-443740.730,-1172406.260,350.376,0.004
-443741.010,-1172406.010,350.364,0.006
-443743.620,-1172403.640,350.424,0.007
-443743.910,-1172403.370,350.412,0.008
-443744.209,-1172403.100,350.412,0.008
-443744.500,-1172402.840,350.415,0.005
-443744.770,-1172402.600,350.396,0.004
-443745.039,-1172402.350,350.363,0.007
-443745.319,-1172402.100,350.371,0.009
-443745.610,-1172401.830,350.342,0.008
-443745.900,-1172401.560,350.342,0.008
-443746.480,-1172401.040,350.374,0.006
-443746.770,-1172400.780,350.363,0.007
-443747.360,-1172400.250,350.382,0.008
-443747.660,-1172399.970,350.392,0.008
-443748.770,-1172398.960,350.393,0.007
-443749.329,-1172398.460,350.402,0.008
-443749.630,-1172398.190,350.370,0.010
-443749.900,-1172397.940,350.383,0.007
-443746.670,-1172401.370,350.374,0.006
-443746.970,-1172401.100,350.344,0.006
-443747.240,-1172400.850,350.395,0.005
-443747.490,-1172400.620,350.355,0.005
-443748.640,-1172399.580,350.404,0.006
-443748.930,-1172399.320,350.374,0.006
-443749.210,-1172399.060,350.375,0.005
-443749.800,-1172398.530,350.396,0.004
-443750.070,-1172398.290,350.361,0.009
-443750.360,-1172398.020,350.386,0.004
-443741.780,-1172405.810,350.381,0.009
-443742.970,-1172404.730,350.425,0.005
-443743.520,-1172404.230,350.423,0.007
-443743.810,-1172403.960,350.433,0.007
-443744.090,-1172403.710,350.413,0.007
-443744.390,-1172403.440,350.426,0.004
-443744.660,-1172403.190,350.403,0.007
-443744.960,-1172402.920,350.394,0.006
-443745.240,-1172402.670,350.382,0.008
-443745.520,-1172402.410,350.371,0.009
-443745.800,-1172402.150,350.355,0.005
-443746.120,-1172401.870,350.385,0.005
-443746.370,-1172401.640,350.341,0.009
-443741.149,-1172406.900,350.380,0.010
-443742.890,-1172405.330,350.423,0.007
-443743.480,-1172404.790,350.441,0.009
-443744.350,-1172404.000,350.414,0.006
-443745.190,-1172403.240,350.375,0.005
-443745.470,-1172402.980,350.352,0.008
-443746.880,-1172401.710,350.345,0.005
-443747.160,-1172401.450,350.364,0.006
-443747.730,-1172400.930,350.353,0.007
-443748.010,-1172400.680,350.364,0.006
-443748.600,-1172400.140,350.354,0.006
-443749.160,-1172399.630,350.384,0.006
-443749.450,-1172399.370,350.351,0.009
-443750.040,-1172398.830,350.373,0.007
-443750.340,-1172398.570,350.350,0.010
-443750.630,-1172398.300,350.373,0.007
-443747.890,-1172401.410,350.343,0.007
-443748.190,-1172401.130,350.375,0.005
-443748.460,-1172400.890,350.355,0.005
-443749.040,-1172400.360,350.365,0.005
-443749.640,-1172399.820,350.373,0.007
-443749.930,-1172399.560,350.365,0.005
-443750.210,-1172399.300,350.373,0.007
-443750.490,-1172399.050,350.363,0.007
-443750.760,-1172398.800,350.363,0.007
-443751.050,-1172398.550,350.354,0.006
-443751.650,-1172398.000,350.391,0.009
-443741.050,-1172407.610,350.391,0.009
-443741.330,-1172407.360,350.403,0.007
-443742.190,-1172406.580,350.414,0.006
-443742.480,-1172406.320,350.416,0.004
-443743.659,-1172405.250,350.452,0.008
-443743.940,-1172404.990,350.446,0.004
-443744.230,-1172404.730,350.414,0.006
-443744.500,-1172404.480,350.415,0.005
-443744.790,-1172404.220,350.411,0.009
-443745.070,-1172403.960,350.385,0.005
-443745.350,-1172403.710,350.383,0.007
-443745.610,-1172403.470,350.384,0.006
-443745.879,-1172403.230,350.362,0.008
-443747.040,-1172402.180,350.363,0.007
-443741.980,-1172407.380,350.384,0.006
-443742.270,-1172407.110,350.382,0.008
-443743.130,-1172406.340,350.381,0.009
-443743.989,-1172405.560,350.422,0.008
-443744.270,-1172405.310,350.405,0.005
-443744.540,-1172405.060,350.408,0.002
-443744.840,-1172404.790,350.394,0.006
-443745.100,-1172404.560,350.350,0.010
-443745.390,-1172404.290,350.382,0.008
-443745.950,-1172403.780,350.351,0.009
-443746.260,-1172403.500,350.311,0.009
-443747.400,-1172402.470,350.356,0.004
-443747.980,-1172401.940,350.352,0.008
-443748.280,-1172401.670,350.363,0.007
-443748.560,-1172401.410,350.310,0.010
-443748.840,-1172401.160,350.321,0.009
-443749.130,-1172400.900,350.343,0.007
-443750.000,-1172400.110,350.340,0.010
-443750.550,-1172399.610,350.334,0.006
-443750.860,-1172399.330,350.363,0.007
-443751.160,-1172399.050,350.354,0.006
-443751.440,-1172398.800,350.363,0.007
-443752.010,-1172398.280,350.373,0.007
-443752.300,-1172398.020,350.373,0.007
-443752.860,-1172397.520,350.380,0.010
-443747.360,-1172402.920,350.353,0.007
-443748.190,-1172402.170,350.364,0.006
-443748.500,-1172401.890,350.365,0.005
-443748.780,-1172401.630,350.360,0.010
-443749.040,-1172401.390,350.341,0.009
-443766.230,-1172385.800,348.991,0.009
-443766.539,-1172385.520,349.031,0.009
-443742.510,-1172407.320,350.452,0.008
-443742.770,-1172407.080,350.432,0.008
-443743.060,-1172406.810,350.432,0.008
-443743.630,-1172406.300,350.432,0.008
-443744.190,-1172405.790,350.424,0.006
-443744.470,-1172405.540,350.405,0.005
-443744.740,-1172405.290,350.414,0.006
-443745.039,-1172405.020,350.391,0.009
-443745.610,-1172404.510,350.373,0.007
-443766.720,-1172385.740,349.001,0.009
-443767.000,-1172385.480,349.033,0.007
-443767.300,-1172385.210,349.041,0.009
-443767.580,-1172384.960,349.024,0.006
-443742.920,-1172407.320,350.412,0.008
-443743.780,-1172406.540,350.444,0.006
-443744.070,-1172406.280,350.425,0.005
-443744.360,-1172406.010,350.403,0.007
-443750.230,-1172400.320,350.382,0.008
-443751.650,-1172399.031,350.370,0.010
-443751.920,-1172398.780,350.370,0.010
-443744.900,-1172405.530,350.371,0.009
-443745.200,-1172405.250,350.371,0.009
-443748.670,-1172402.110,350.343,0.007
-443749.810,-1172401.070,350.351,0.009
-443750.940,-1172400.050,350.354,0.006
-443751.520,-1172399.530,350.381,0.009
-443753.230,-1172397.970,350.402,0.008
-443753.510,-1172397.720,350.422,0.008
-443748.740,-1172402.550,350.343,0.007
-443751.010,-1172400.490,350.373,0.007
-443751.250,-1172400.260,350.333,0.007
-443753.020,-1172398.670,350.391,0.009
-443766.220,-1172386.700,349.026,0.004
-443766.480,-1172386.460,349.017,0.003
-443767.319,-1172385.700,349.020,0.010
-443767.600,-1172385.440,349.064,0.006
-443743.560,-1172407.240,350.432,0.008
-443743.860,-1172406.970,350.441,0.009
-443744.160,-1172406.700,350.412,0.008
-443745.030,-1172405.910,350.385,0.005
-443745.310,-1172405.650,350.396,0.004
-443745.590,-1172405.400,350.403,0.007
-443745.850,-1172405.160,350.390,0.010
-443748.470,-1172402.790,350.375,0.005
-443744.680,-1172406.700,350.371,0.009
-443744.980,-1172406.430,350.405,0.005
-443745.539,-1172405.910,350.390,0.010
-443746.140,-1172405.370,350.364,0.006
-443746.420,-1172405.120,350.330,0.010
-443747.850,-1172403.830,350.336,0.004
-443748.660,-1172403.090,350.281,0.009
-443749.530,-1172402.300,350.322,0.008
-443751.239,-1172400.750,350.331,0.009
-443754.470,-1172397.820,349.674,0.006
-443754.780,-1172397.539,349.692,0.008
-443755.080,-1172397.270,349.691,0.009
-443754.630,-1172398.080,349.673,0.007
-443754.910,-1172397.820,349.664,0.006
-443766.170,-1172387.210,348.982,0.008
-443767.010,-1172386.450,348.993,0.007
-443767.569,-1172385.940,348.971,0.009
-443744.550,-1172407.210,350.401,0.009
-443745.710,-1172406.170,350.394,0.006
-443745.980,-1172405.920,350.373,0.007
-443747.380,-1172404.650,350.302,0.008
-443749.690,-1172402.560,350.344,0.006
-443746.340,-1172406.030,350.371,0.009
-443747.180,-1172405.270,350.324,0.006
-443747.460,-1172405.010,350.312,0.008
-443750.080,-1172402.640,350.323,0.007
-443750.640,-1172402.130,350.321,0.009
-443754.700,-1172398.450,349.655,0.005
-443754.970,-1172398.200,349.643,0.007
-443755.270,-1172397.930,349.673,0.007
-443755.550,-1172397.690,349.673,0.007
-443766.030,-1172387.750,349.001,0.009
-443766.290,-1172387.510,348.972,0.009
-443766.580,-1172387.240,349.003,0.007
-443766.860,-1172386.990,348.980,0.010
-443753.450,-1172400.110,350.392,0.008
-443754.910,-1172398.790,349.646,0.004
-443755.190,-1172398.530,349.685,0.005
-443766.120,-1172388.100,348.991,0.009
-443767.270,-1172387.060,348.961,0.009
-443766.090,-1172388.660,348.996,0.004
-443766.360,-1172388.410,348.944,0.006
-443766.630,-1172388.160,348.985,0.005
-443766.910,-1172387.910,348.987,0.003
-443767.200,-1172387.650,348.995,0.005
-443767.480,-1172387.390,348.982,0.008
-443745.710,-1172407.130,350.387,0.003
-443745.970,-1172406.890,350.400,0.010
-443746.280,-1172406.610,350.383,0.007
-443752.920,-1172400.600,350.382,0.008
-443746.400,-1172407.010,350.362,0.008
-443746.680,-1172406.750,350.380,0.010
-443746.980,-1172406.490,350.371,0.009
-443747.280,-1172406.220,350.363,0.007
-443748.979,-1172404.670,350.332,0.008
-443749.280,-1172404.400,350.333,0.007
-443752.990,-1172401.040,350.362,0.008
-443754.440,-1172399.720,349.593,0.007
-443766.190,-1172389.070,348.953,0.007
-443766.480,-1172388.810,348.951,0.009
-443767.040,-1172388.300,348.941,0.009
-443767.340,-1172388.030,348.992,0.008
-443767.620,-1172387.770,348.961,0.009
-443766.390,-1172389.330,348.940,0.010
-443766.660,-1172389.080,348.942,0.008
-443752.309,-1172402.090,350.370,0.010
-443754.650,-1172399.970,349.582,0.008
-443756.370,-1172398.400,349.662,0.008
-443756.670,-1172398.130,349.642,0.008
-443756.950,-1172397.880,349.693,0.007
-443757.250,-1172397.610,349.705,0.005
-443747.740,-1172406.620,350.340,0.010
-443751.130,-1172403.540,350.334,0.006
-443754.890,-1172400.130,349.562,0.008
-443755.190,-1172399.860,349.571,0.009
-443756.360,-1172398.800,349.615,0.005
-443757.520,-1172397.750,349.674,0.006
-443757.790,-1172397.500,349.683,0.007
-443757.900,-1172397.899,349.673,0.007
-443758.460,-1172397.390,349.710,0.010
-443766.750,-1172389.880,348.963,0.007
-443751.830,-1172403.400,350.370,0.010
-443752.130,-1172403.130,350.395,0.005
-443752.430,-1172402.850,350.383,0.007
-443753.020,-1172402.320,350.403,0.007
-443753.290,-1172402.080,350.391,0.009
-443754.720,-1172400.780,349.566,0.004
-443755.020,-1172400.510,349.592,0.008
-443755.610,-1172399.970,349.602,0.008
-443756.480,-1172399.180,349.616,0.004
-443757.320,-1172398.430,349.666,0.004
-443748.490,-1172406.950,350.351,0.009
-443750.800,-1172404.860,350.368,0.002
-443751.970,-1172403.800,350.381,0.009
-443752.810,-1172403.040,350.371,0.009
-443753.110,-1172402.760,350.381,0.009
-443755.700,-1172400.420,349.597,0.003
-443756.820,-1172399.400,349.593,0.007
-443758.560,-1172397.830,349.685,0.005
-443751.110,-1172405.080,350.403,0.007
-443751.380,-1172404.830,350.382,0.008
-443752.840,-1172403.510,350.401,0.009
-443753.130,-1172403.250,350.400,0.010
-443754.530,-1172401.970,349.511,0.009
-443754.810,-1172401.720,349.554,0.006
-443755.100,-1172401.460,349.566,0.004
-443755.400,-1172401.190,349.577,0.003
-443755.670,-1172400.940,349.566,0.004
-443755.940,-1172400.690,349.584,0.006
-443757.120,-1172399.630,349.600,0.010
-443757.380,-1172399.390,349.592,0.008
-443749.760,-1172406.770,350.363,0.007
-443750.590,-1172406.010,350.346,0.004
-443750.900,-1172405.730,350.341,0.009
-443751.180,-1172405.470,350.363,0.007
-443752.330,-1172404.430,350.361,0.009
-443755.170,-1172401.860,349.526,0.004
-443755.450,-1172401.600,349.557,0.003
-443755.750,-1172401.330,349.556,0.004
-443757.200,-1172400.020,349.594,0.006
-443757.790,-1172399.490,349.586,0.004
-443758.930,-1172398.450,349.633,0.007
-443759.240,-1172398.170,349.665,0.005
-443759.810,-1172397.660,349.685,0.005
-443760.100,-1172397.389,349.682,0.008
-443767.730,-1172390.020,348.943,0.007
-443756.130,-1172401.510,349.537,0.003
-443756.440,-1172401.230,349.565,0.005
-443756.750,-1172400.950,349.572,0.008
-443757.010,-1172400.710,349.551,0.009
-443757.280,-1172400.470,349.563,0.007
-443757.580,-1172400.200,349.585,0.005
-443757.880,-1172399.930,349.596,0.004
-443758.160,-1172399.670,349.605,0.005
-443759.610,-1172398.360,349.654,0.006
-443760.490,-1172397.570,349.704,0.006
-443760.780,-1172397.300,349.717,0.003
-443750.730,-1172406.410,350.373,0.007
-443751.300,-1172405.890,350.382,0.008
-443751.590,-1172405.620,350.386,0.004
-443752.420,-1172404.870,350.381,0.009
-443755.250,-1172402.320,349.523,0.007
-443755.560,-1172402.030,349.534,0.006
-443755.840,-1172401.780,349.524,0.006
-443751.540,-1172406.210,350.392,0.008
-443751.800,-1172405.970,350.374,0.006
-443752.660,-1172405.200,350.405,0.005
-443752.940,-1172404.940,350.403,0.007
-443753.240,-1172404.670,350.422,0.008
-443756.660,-1172401.570,349.532,0.008
-443756.950,-1172401.310,349.541,0.009
-443757.840,-1172400.510,349.563,0.007
-443758.420,-1172399.980,349.573,0.007
-443754.409,-1172404.010,349.520,0.010
-443754.670,-1172403.770,349.443,0.007
-443754.950,-1172403.520,349.475,0.005
-443755.230,-1172403.270,349.504,0.006
-443755.540,-1172402.990,349.503,0.007
-443756.110,-1172402.480,349.521,0.009
-443757.570,-1172401.150,349.544,0.006
-443757.860,-1172400.890,349.563,0.007
-443760.140,-1172398.420,349.631,0.009
-443761.560,-1172397.140,349.702,0.008
-443759.270,-1172399.610,349.615,0.005
-443760.700,-1172398.320,349.645,0.005
-443760.210,-1172399.240,349.593,0.007
-443760.480,-1172398.990,349.592,0.008
-443761.060,-1172398.470,349.645,0.005
-443754.479,-1172404.430,349.562,0.008
-443754.730,-1172404.210,349.434,0.006
-443755.010,-1172403.950,349.443,0.007
-443755.310,-1172403.680,349.465,0.005
-443755.600,-1172403.410,349.460,0.010
-443756.200,-1172402.870,349.490,0.010
-443756.480,-1172402.620,349.501,0.009
-443757.620,-1172401.590,349.541,0.009
-443757.910,-1172401.320,349.542,0.008
-443758.180,-1172401.080,349.545,0.005
-443758.480,-1172400.810,349.544,0.006
-443759.330,-1172400.040,349.576,0.004
-443759.610,-1172399.780,349.595,0.005
-443753.370,-1172405.940,350.437,0.003
-443755.360,-1172404.140,349.473,0.007
-443756.510,-1172403.100,349.516,0.004
-443756.780,-1172402.850,349.495,0.005
-443757.060,-1172402.600,349.512,0.008
-443758.220,-1172401.550,349.524,0.006
-443758.490,-1172401.300,349.565,0.005
-443759.090,-1172400.760,349.555,0.005
-443759.360,-1172400.510,349.575,0.005
-443759.640,-1172400.260,349.597,0.003
-443760.260,-1172399.700,349.604,0.006
-443760.540,-1172399.450,349.624,0.006
-443761.150,-1172398.900,349.634,0.006
-443761.980,-1172398.140,349.674,0.006
-443762.850,-1172397.360,349.723,0.007
-443763.150,-1172397.080,349.723,0.007
-443754.600,-1172405.410,350.482,0.008
-443755.930,-1172404.210,349.454,0.006
-443756.230,-1172403.940,349.485,0.005
-443757.100,-1172403.150,349.491,0.009
-443757.670,-1172402.630,349.511,0.009
-443757.960,-1172402.370,349.504,0.006
-443758.530,-1172401.860,349.535,0.005
-443759.110,-1172401.330,349.532,0.008
-443760.010,-1172400.520,349.552,0.008
-443763.180,-1172397.649,349.684,0.006
-443756.120,-1172404.500,349.447,0.003
-443758.180,-1172402.630,349.501,0.009
-443758.460,-1172402.380,349.522,0.008
-443759.300,-1172401.610,349.513,0.007
-443759.590,-1172401.350,349.543,0.007
-443759.890,-1172401.080,349.544,0.006
-443761.070,-1172400.010,349.572,0.008
-443761.350,-1172399.760,349.585,0.005
-443761.640,-1172399.500,349.581,0.009
-443762.220,-1172398.970,349.615,0.005
-443762.500,-1172398.720,349.615,0.005
-443762.770,-1172398.470,349.634,0.006
-443757.660,-1172403.610,349.486,0.004
-443759.980,-1172401.510,349.522,0.008
-443760.550,-1172400.990,349.521,0.009
-443760.830,-1172400.750,349.543,0.007
-443761.130,-1172400.470,349.551,0.009
-443761.700,-1172399.960,349.587,0.003
-443762.540,-1172399.190,349.584,0.006
-443763.100,-1172398.690,349.613,0.007
-443763.980,-1172397.890,349.633,0.007
-443764.270,-1172397.630,349.651,0.009
-443764.560,-1172397.360,349.682,0.008
-443762.350,-1172399.870,349.574,0.006
-443762.640,-1172399.610,349.604,0.006
-443763.210,-1172399.090,349.605,0.005
-443764.380,-1172398.030,349.642,0.008
-443764.680,-1172397.760,349.686,0.004
-443765.270,-1172397.220,349.714,0.006
-443765.550,-1172396.970,349.692,0.008
-443758.520,-1172402.830,349.492,0.008
-443758.800,-1172402.580,349.471,0.009
-443759.090,-1172402.320,349.493,0.007
-443757.770,-1172404.020,349.485,0.005
-443758.040,-1172403.770,349.464,0.006
-443758.350,-1172403.490,349.494,0.006
-443758.930,-1172402.960,349.504,0.006
-443759.220,-1172402.700,349.503,0.007
-443759.510,-1172402.440,349.515,0.005
-443759.780,-1172402.200,349.504,0.006
-443760.090,-1172401.910,349.513,0.007
-443761.500,-1172400.640,349.551,0.009
-443761.780,-1172400.390,349.564,0.006
-443757.930,-1172404.440,349.435,0.005
-443758.220,-1172404.180,349.454,0.006
-443758.510,-1172403.910,349.454,0.006
-443758.800,-1172403.650,349.474,0.006
-443759.360,-1172403.140,349.482,0.008
-443760.790,-1172401.860,349.514,0.006
-443761.360,-1172401.340,349.526,0.004
-443761.930,-1172400.820,349.521,0.009
-443762.240,-1172400.540,349.554,0.006
-443762.520,-1172400.290,349.552,0.008
-443762.780,-1172400.050,349.561,0.009
-443765.110,-1172397.940,349.662,0.008
-443758.600,-1172404.170,349.462,0.008
-443758.890,-1172403.910,349.493,0.007
-443759.180,-1172403.640,349.461,0.009
-443759.460,-1172403.390,349.484,0.006
-443760.030,-1172402.870,349.512,0.008
-443760.330,-1172402.610,349.522,0.008
-443760.610,-1172402.350,349.522,0.008
-443760.910,-1172402.080,349.532,0.008
-443761.190,-1172401.830,349.522,0.008
-443761.470,-1172401.570,349.544,0.006
-443761.760,-1172401.310,349.554,0.006
-443762.360,-1172400.760,349.561,0.009
-443762.650,-1172400.510,349.571,0.009
-443763.230,-1172399.980,349.601,0.009
-443764.380,-1172398.940,349.625,0.005
-443764.660,-1172398.690,349.635,0.005
-443764.950,-1172398.430,349.655,0.005
-443765.240,-1172398.160,349.664,0.006
-443759.380,-1172403.820,349.453,0.007
-443759.680,-1172403.550,349.473,0.007
-443760.240,-1172403.050,349.495,0.005
-443761.130,-1172402.240,349.516,0.004
-443761.720,-1172401.700,349.511,0.009
-443762.280,-1172401.200,349.543,0.007
-443763.430,-1172400.150,349.585,0.005
-443764.600,-1172399.100,349.593,0.007
-443766.299,-1172397.550,349.671,0.009
-443766.590,-1172397.300,349.685,0.005
-443764.850,-1172399.250,349.603,0.007
-443765.450,-1172398.710,349.636,0.004
-443765.710,-1172398.480,349.632,0.008
-443765.989,-1172398.219,349.660,0.010
-443766.290,-1172397.950,349.672,0.008
-443767.160,-1172397.160,349.705,0.005
-443759.670,-1172403.940,349.483,0.007
-443760.270,-1172403.400,349.508,0.002
-443761.410,-1172402.370,349.544,0.006
-443762.290,-1172401.570,349.553,0.007
-443762.870,-1172401.040,349.570,0.010
-443763.450,-1172400.520,349.583,0.007
-443764.310,-1172399.740,349.601,0.009
-443764.580,-1172399.500,349.592,0.008
-443760.360,-1172403.800,349.455,0.005
-443760.650,-1172403.540,349.463,0.007
-443762.120,-1172402.210,349.512,0.008
-443762.960,-1172401.440,349.524,0.006
-443763.240,-1172401.190,349.524,0.006
-443764.370,-1172400.170,349.543,0.007
-443764.940,-1172399.650,349.553,0.007
-443765.820,-1172398.850,349.603,0.007
-443766.690,-1172398.080,349.641,0.009
-443767.270,-1172397.540,349.665,0.005
-443767.870,-1172397.010,349.683,0.007
-443760.270,-1172404.240,349.431,0.009
-443760.840,-1172403.730,349.462,0.008
-443762.270,-1172402.430,349.531,0.009
-443762.830,-1172401.930,349.530,0.010
-443763.120,-1172401.670,349.534,0.006
-443763.390,-1172401.420,349.534,0.006
-443764.260,-1172400.630,349.550,0.010
-443764.550,-1172400.370,349.560,0.010
-443765.420,-1172399.590,349.581,0.009
-443765.700,-1172399.330,349.571,0.009
-443765.990,-1172399.070,349.604,0.006
-443766.290,-1172398.790,349.603,0.007
-443767.150,-1172398.010,349.651,0.009
-443767.730,-1172397.490,349.671,0.009
-443768.020,-1172397.230,349.693,0.007
-443763.530,-1172401.770,349.491,0.009
-443763.810,-1172401.520,349.522,0.008
-443764.080,-1172401.270,349.524,0.006
-443764.380,-1172401.000,349.546,0.004
-443765.560,-1172399.930,349.543,0.007
-443765.840,-1172399.670,349.554,0.006
-443766.130,-1172399.420,349.573,0.007
-443766.700,-1172398.900,349.583,0.007
-443767.270,-1172398.380,349.634,0.006
-443760.670,-1172404.360,349.455,0.005
-443761.510,-1172403.590,349.472,0.008
-443762.360,-1172402.820,349.490,0.010
-443762.660,-1172402.550,349.500,0.010
-443762.930,-1172402.310,349.504,0.006
-443763.230,-1172402.040,349.514,0.006
-443762.550,-1172403.160,349.516,0.004
-443763.130,-1172402.640,349.523,0.007
-443764.010,-1172401.840,349.556,0.004
-443764.310,-1172401.570,349.533,0.007
-443764.600,-1172401.310,349.555,0.005
-443764.860,-1172401.070,349.541,0.010
-443765.440,-1172400.540,349.564,0.006
-443766.010,-1172400.020,349.582,0.008
-443766.610,-1172399.490,349.582,0.008
-443767.490,-1172398.690,349.635,0.005
-443767.760,-1172398.440,349.646,0.004
-443768.330,-1172397.930,349.666,0.004
-443762.470,-1172403.810,349.466,0.004
-443763.640,-1172402.750,349.516,0.004
-443763.920,-1172402.500,349.514,0.006
-443764.190,-1172402.250,349.502,0.008
-443764.490,-1172401.980,349.511,0.009
-443764.780,-1172401.710,349.514,0.006
-443765.360,-1172401.190,349.531,0.009
-443766.229,-1172400.400,349.572,0.008
-443766.530,-1172400.130,349.572,0.008
-443767.090,-1172399.630,349.565,0.005
-443767.380,-1172399.370,349.574,0.006
-443767.930,-1172398.870,349.584,0.006
-443769.320,-1172397.610,350.421,0.009
-443769.620,-1172397.340,350.434,0.006
-443770.200,-1172396.820,350.471,0.009
-443770.489,-1172396.550,350.450,0.010
-443770.759,-1172396.299,350.442,0.008
-443763.530,-1172403.150,349.500,0.010
-443763.830,-1172402.880,349.527,0.003
-443764.700,-1172402.100,349.532,0.008
-443764.990,-1172401.830,349.543,0.007
-443766.970,-1172400.040,349.583,0.007
-443771.000,-1172396.400,350.442,0.008
-443763.620,-1172403.450,349.463,0.007
-443763.900,-1172403.200,349.474,0.006
-443767.040,-1172400.360,349.544,0.006
-443767.310,-1172400.110,349.533,0.007
-443767.880,-1172399.600,349.552,0.008
-443768.170,-1172399.340,349.553,0.007
-443769.909,-1172397.759,350.410,0.010
-443770.190,-1172397.500,350.432,0.008
-443770.750,-1172397.000,350.410,0.010
-443771.060,-1172396.720,350.443,0.007
-443763.400,-1172404.040,349.462,0.008
-443763.670,-1172403.800,349.494,0.006
-443763.950,-1172403.550,349.481,0.009
-443764.530,-1172403.020,349.500,0.010
-443765.090,-1172402.520,349.500,0.010
-443765.950,-1172401.730,349.523,0.007
-443766.260,-1172401.460,349.530,0.010
-443766.530,-1172401.210,349.533,0.007
-443766.810,-1172400.960,349.534,0.006
-443767.400,-1172400.430,349.563,0.007
-443767.980,-1172399.900,349.564,0.006
-443768.290,-1172399.620,349.580,0.010
-443770.850,-1172397.310,350.433,0.007
-443771.130,-1172397.050,350.425,0.005
-443764.790,-1172403.700,349.493,0.007
-443764.230,-1172403.830,349.466,0.004
-443765.390,-1172402.790,349.504,0.006
-443765.660,-1172402.550,349.492,0.008
-443766.260,-1172402.000,349.513,0.007
-443766.540,-1172401.750,349.502,0.008
-443766.840,-1172401.470,349.522,0.008
-443767.700,-1172400.700,349.556,0.004
-443769.709,-1172398.879,350.402,0.008
-443770.270,-1172398.370,350.400,0.010
-443771.139,-1172397.580,350.394,0.006
-443771.970,-1172396.830,350.422,0.008
-443772.550,-1172396.310,350.470,0.010
-443765.410,-1172403.140,349.503,0.007
-443765.970,-1172402.640,349.520,0.010
-443766.530,-1172402.130,349.525,0.005
-443767.690,-1172401.080,349.551,0.009
-443767.980,-1172400.820,349.544,0.006
-443769.970,-1172399.020,350.362,0.008
-443770.250,-1172398.770,350.415,0.005
-443770.520,-1172398.520,350.383,0.007
-443770.800,-1172398.270,350.373,0.007
-443771.100,-1172397.989,350.413,0.007
-443771.950,-1172397.230,350.420,0.010
-443773.100,-1172396.190,350.453,0.007
-443766.140,-1172402.990,349.495,0.005
-443767.010,-1172402.210,349.517,0.003
-443767.310,-1172401.940,349.524,0.006
-443768.480,-1172400.880,349.624,0.006
-443769.280,-1172400.160,350.341,0.009
-443769.570,-1172399.890,350.402,0.008
-443770.120,-1172399.390,350.352,0.008
-443770.410,-1172399.140,350.376,0.004
-443770.690,-1172398.890,350.386,0.004
-443770.980,-1172398.620,350.386,0.004
-443772.980,-1172396.810,350.400,0.010
-443765.600,-1172403.980,349.451,0.009
-443766.190,-1172403.450,349.496,0.004
-443766.480,-1172403.190,349.483,0.007
-443766.760,-1172402.940,349.504,0.006
-443767.040,-1172402.680,349.496,0.004
-443768.160,-1172401.670,349.525,0.005
-443768.460,-1172401.400,349.522,0.008
-443769.580,-1172400.380,350.381,0.009
-443769.860,-1172400.130,350.356,0.004
-443770.149,-1172399.870,350.322,0.008
-443770.440,-1172399.610,350.366,0.004
-443770.700,-1172399.370,350.313,0.007
-443771.300,-1172398.830,350.370,0.010
-443771.870,-1172398.310,350.344,0.006
-443772.750,-1172397.520,350.427,0.003
-443766.240,-1172403.950,349.423,0.007
-443766.519,-1172403.689,349.441,0.010
-443768.510,-1172401.890,349.500,0.010
-443769.929,-1172400.609,350.333,0.007
-443770.220,-1172400.350,350.301,0.009
-443770.510,-1172400.080,350.325,0.005
-443770.800,-1172399.830,350.302,0.008
-443771.090,-1172399.560,350.301,0.009
-443771.660,-1172399.040,350.311,0.009
-443767.430,-1172403.580,349.454,0.006
-443768.030,-1172403.040,349.462,0.008
-443768.320,-1172402.769,349.471,0.009
-443770.600,-1172400.720,350.302,0.008
-443771.190,-1172400.180,350.293,0.007
-443766.540,-1172404.010,349.441,0.009
-443770.000,-1172400.880,350.331,0.009
-443770.830,-1172400.130,350.311,0.009
-443790.740,-1172382.990,351.382,0.009
-443767.780,-1172403.740,349.466,0.004
-443768.330,-1172403.250,349.464,0.006
-443769.480,-1172402.200,350.321,0.009
-443770.949,-1172400.880,350.352,0.008
-443772.600,-1172399.380,350.354,0.006
-443773.200,-1172398.840,350.390,0.010
-443770.680,-1172401.590,350.284,0.006
-443772.660,-1172399.800,350.321,0.009
-443769.839,-1172402.760,350.281,0.009
-443770.390,-1172402.260,350.272,0.008
-443770.670,-1172402.000,350.275,0.005
-443770.960,-1172401.750,350.253,0.007
-443772.120,-1172400.700,350.281,0.009
-443769.550,-1172404.020,350.265,0.005
-443769.850,-1172403.750,350.285,0.005
-443770.700,-1172402.980,350.294,0.006
-443771.000,-1172402.710,350.277,0.003
-443772.160,-1172401.660,350.291,0.009
-443773.580,-1172400.380,350.321,0.009
-443769.510,-1172403.510,350.254,0.006
-443769.790,-1172403.260,350.261,0.009
-443770.090,-1172402.981,350.250,0.010
-443770.650,-1172402.470,350.242,0.008
-443772.090,-1172401.170,350.293,0.007
-443770.570,-1172403.600,350.210,0.010
-443770.900,-1172403.300,350.254,0.006
-443771.170,-1172403.060,350.242,0.008
-443773.470,-1172400.970,350.294,0.006
-443770.810,-1172403.740,350.254,0.006
-443771.100,-1172403.480,350.264,0.006
-443771.380,-1172403.220,350.252,0.008
-443773.400,-1172401.400,350.290,0.010
-443770.880,-1172404.050,350.268,0.002
-443771.140,-1172403.820,350.224,0.006
-443771.450,-1172403.540,350.245,0.005
-443772.050,-1172402.990,350.351,0.009
-443773.420,-1172401.760,350.262,0.008
-443771.220,-1172404.210,350.265,0.005
-443771.490,-1172403.970,350.232,0.008
-443772.070,-1172403.439,350.232,0.008
-443772.630,-1172402.930,350.251,0.009
-443772.920,-1172402.680,350.253,0.007
-443773.510,-1172402.140,350.305,0.005
-443772.490,-1172403.900,350.250,0.010
-443771.640,-1172404.310,350.233,0.007
-443838.439,-1172322.551,349.062,0.008
-443838.829,-1172321.750,348.991,0.009
-443837.099,-1172322.910,349.213,0.007
-443836.609,-1172322.880,349.245,0.005
-443836.850,-1172322.670,349.206,0.004
-443837.129,-1172322.410,349.231,0.009
-443837.640,-1172321.950,349.137,0.003
-443837.879,-1172321.730,349.085,0.005
-443836.000,-1172322.930,349.326,0.004
-443836.240,-1172322.710,349.276,0.004
-443836.499,-1172322.470,349.265,0.005
-443836.749,-1172322.250,349.234,0.006
-443837.019,-1172322.000,349.214,0.006
-443837.259,-1172321.780,349.143,0.007
-443837.509,-1172321.550,349.103,0.007
-443837.790,-1172321.300,349.074,0.006
-443838.569,-1172320.590,348.993,0.007
-443835.840,-1172322.690,349.336,0.004
-443836.130,-1172322.430,349.327,0.003
-443836.380,-1172322.201,349.262,0.008
-443836.630,-1172321.970,349.236,0.004
-443836.890,-1172321.740,349.215,0.005
-443837.399,-1172321.270,349.122,0.008
-443837.640,-1172321.050,349.105,0.005
-443837.910,-1172320.810,349.054,0.006
-443838.169,-1172320.580,349.034,0.006
-443838.420,-1172320.350,349.016,0.004
-443838.659,-1172320.130,348.955,0.005
-443835.630,-1172322.450,349.366,0.004
-443836.149,-1172321.990,349.283,0.007
-443836.409,-1172321.750,349.245,0.005
-443837.189,-1172321.050,349.104,0.006
-443837.459,-1172320.800,349.123,0.007
-443837.720,-1172320.560,349.065,0.005
-443837.970,-1172320.330,349.058,0.002
-443838.220,-1172320.110,349.016,0.004
-443838.469,-1172319.880,348.984,0.006
-443835.290,-1172322.160,349.386,0.004
-443835.789,-1172321.710,349.304,0.006
-443836.049,-1172321.470,349.295,0.005
-443836.840,-1172320.760,349.191,0.009
-443837.090,-1172320.520,349.166,0.004
-443837.360,-1172320.280,349.118,0.002
-443837.620,-1172320.050,349.087,0.003
-443837.890,-1172319.800,349.077,0.003
-443838.159,-1172319.560,349.041,0.009
-443835.079,-1172321.730,349.385,0.005
-443835.619,-1172321.230,349.343,0.007
-443836.149,-1172320.750,349.253,0.007
-443836.409,-1172320.520,349.232,0.008
-443836.669,-1172320.290,349.225,0.005
-443837.170,-1172319.820,349.126,0.004
-443837.449,-1172319.580,349.126,0.004
-443837.699,-1172319.350,349.083,0.007
-443837.959,-1172319.110,349.042,0.008
-443836.149,-1172320.230,349.222,0.008
-443836.419,-1172319.980,349.223,0.007
-443836.689,-1172319.740,349.185,0.005
-443836.960,-1172319.490,349.145,0.005
-443837.219,-1172319.250,349.131,0.009
-443837.470,-1172319.020,349.104,0.006
-443837.730,-1172318.790,349.065,0.005
-443837.990,-1172318.560,349.047,0.003
-443838.249,-1172318.320,349.005,0.005
-443838.519,-1172318.080,349.012,0.008
-443835.170,-1172320.600,349.396,0.004
-443835.430,-1172320.360,349.378,0.002
-443835.670,-1172320.140,349.328,0.002
-443835.939,-1172319.900,349.283,0.008
-443836.979,-1172318.960,349.163,0.007
-443838.310,-1172317.750,349.006,0.004
-443834.800,-1172320.400,349.438,0.002
-443835.289,-1172319.960,349.374,0.006
-443835.809,-1172319.490,349.271,0.009
-443836.850,-1172318.540,349.187,0.003
-443837.089,-1172318.320,349.154,0.006
-443837.350,-1172318.080,349.126,0.004
-443835.589,-1172319.170,349.302,0.008
-443836.099,-1172318.700,349.232,0.008
-443836.359,-1172318.470,349.231,0.009
-443836.610,-1172318.240,349.186,0.004
-443836.860,-1172318.010,349.185,0.005
-443837.139,-1172317.760,349.135,0.005
-443837.400,-1172317.530,349.136,0.004
-443837.639,-1172317.300,349.102,0.008
-443835.009,-1172319.330,349.401,0.009
-443835.249,-1172319.110,349.372,0.008
-443835.789,-1172318.620,349.293,0.007
-443836.299,-1172318.160,349.242,0.008
-443836.560,-1172317.930,349.207,0.003
-443836.829,-1172317.680,349.163,0.007
-443837.109,-1172317.430,349.164,0.006
-443834.899,-1172319.100,349.401,0.010
-443835.159,-1172318.860,349.362,0.008
-443835.679,-1172318.390,349.295,0.005
-443836.729,-1172317.440,349.194,0.006
-443836.049,-1172317.620,349.281,0.009
-443834.999,-1172318.580,349.372,0.008
-443834.969,-1172318.120,349.404,0.006
-443835.219,-1172317.890,349.371,0.010
-443834.679,-1172317.980,349.412,0.008
-443830.220,-1172302.840,351.413,0.007
-443830.490,-1172302.600,351.403,0.007
-443830.040,-1172302.650,351.376,0.004
-443830.310,-1172302.410,351.352,0.008
-443830.590,-1172302.150,351.351,0.009
-443829.600,-1172302.740,351.385,0.005
-443799.650,-1172329.980,351.281,0.009
-443799.930,-1172329.720,351.291,0.009
-443799.760,-1172329.440,351.262,0.008
-443797.390,-1172330.350,351.152,0.008
-443797.010,-1172329.560,351.111,0.009
-443797.280,-1172329.310,351.120,0.010
-443797.030,-1172329.050,351.121,0.009
-443799.140,-1172326.000,351.272,0.008
-443797.920,-1172326.140,351.171,0.009
-443797.210,-1172325.350,351.234,0.006
-443804.320,-1172318.450,351.095,0.005
-443804.570,-1172318.230,351.101,0.009
-443803.320,-1172318.090,351.071,0.009
-443802.270,-1172318.320,350.872,0.008
-443808.290,-1172304.570,353.744,0.006
-443808.560,-1172304.320,353.704,0.006
-443798.310,-1172290.850,354.902,0.008
-443749.770,-1172337.700,352.592,0.008
-443748.689,-1172338.230,352.741,0.009
-443749.789,-1172337.230,352.593,0.007
-443781.580,-1172308.230,353.706,0.004
-443748.300,-1172338.230,352.771,0.009
-443748.559,-1172338.000,352.742,0.009
-443748.819,-1172337.750,352.703,0.007
-443749.559,-1172336.420,352.615,0.005
-443749.839,-1172336.170,352.572,0.009
-443747.729,-1172338.080,352.801,0.009
-443747.989,-1172337.850,352.751,0.009
-443747.719,-1172337.580,352.803,0.007
-443746.620,-1172337.990,352.941,0.009
-443746.889,-1172337.740,352.912,0.008
-443747.950,-1172336.781,352.720,0.010
-443746.189,-1172338.060,352.963,0.007
-443746.469,-1172337.810,352.954,0.006
-443746.739,-1172337.560,352.913,0.007
-443747.069,-1172336.650,352.840,0.010
-443747.340,-1172336.410,352.835,0.005
-443747.900,-1172335.900,352.744,0.006
-443745.489,-1172337.720,353.032,0.008
-443745.229,-1172337.450,353.031,0.009
-443746.569,-1172336.230,352.930,0.010
-443744.189,-1172338.140,353.143,0.008
-443746.349,-1172336.170,352.943,0.007
-443743.680,-1172338.030,353.207,0.003
-443743.959,-1172337.780,353.164,0.006
-443744.219,-1172337.540,353.122,0.008
-443746.119,-1172335.811,352.952,0.008
-443743.570,-1172337.800,353.226,0.004
-443745.750,-1172335.810,352.974,0.006
-443746.000,-1172335.580,352.943,0.007
-443743.689,-1172337.170,353.172,0.008
-443746.119,-1172334.960,352.933,0.007
-443744.069,-1172336.590,353.164,0.006
-443744.480,-1172335.660,353.105,0.005
-443744.750,-1172335.420,353.056,0.004
-443745.010,-1172335.180,353.046,0.004
-443745.259,-1172334.950,353.014,0.006
-443744.429,-1172335.460,353.094,0.006
-443744.689,-1172335.220,353.055,0.005
-443744.970,-1172334.960,353.034,0.006
-443745.229,-1172334.730,353.012,0.008
-443744.049,-1172335.350,353.123,0.007
-443744.590,-1172334.860,353.053,0.007
-443744.869,-1172334.610,353.031,0.009
-443745.690,-1172333.860,352.953,0.007
-443744.189,-1172334.991,353.122,0.008
-443744.450,-1172334.760,353.074,0.006
-443744.970,-1172334.280,353.013,0.007
-443745.519,-1172333.780,352.953,0.007
-443745.049,-1172333.010,353.011,0.009
-443743.899,-1172333.430,353.122,0.008
-443744.160,-1172333.190,353.094,0.006
-443744.430,-1172332.941,353.070,0.010
-443743.279,-1172333.661,353.181,0.009
-443743.559,-1172333.400,353.150,0.010
-443743.809,-1172333.170,353.124,0.006
-443744.079,-1172332.930,353.103,0.007
-443759.370,-1172317.180,354.532,0.008
-443762.390,-1172311.530,354.913,0.007
-443722.759,-1172330.190,352.405,0.005
-443722.689,-1172330.660,352.414,0.006
-443722.029,-1172333.330,352.555,0.005
-443718.040,-1172335.280,353.174,0.006
-443720.979,-1172332.570,352.732,0.008
-443718.359,-1172335.390,353.180,0.010
-443719.379,-1172334.450,352.993,0.007
-443720.469,-1172333.450,352.843,0.007
-443720.979,-1172332.980,352.730,0.010
-443721.509,-1172332.490,352.645,0.005
-443719.849,-1172332.850,352.863,0.007
-443720.110,-1172332.620,352.847,0.003
-443719.209,-1172333.850,353.023,0.007
-443719.769,-1172333.350,352.894,0.006
-443720.049,-1172333.090,352.915,0.005
-443720.829,-1172332.370,352.743,0.007
-443719.159,-1172332.930,352.982,0.008
-443719.420,-1172332.690,352.934,0.006
-443719.679,-1172332.460,352.883,0.007
-443720.199,-1172331.980,352.820,0.010
-443720.489,-1172331.710,352.823,0.007
-443718.249,-1172332.090,353.103,0.007
-443718.799,-1172331.590,353.013,0.007
-443719.050,-1172331.360,352.964,0.006
-443720.129,-1172330.371,352.851,0.009
-443721.199,-1172329.390,352.690,0.010
-443718.519,-1172332.250,353.064,0.006
-443720.399,-1172330.530,352.791,0.009
-443717.889,-1172331.640,353.122,0.008
-443718.129,-1172331.410,353.094,0.006
-443718.679,-1172330.910,353.022,0.008
-443718.229,-1172331.700,353.071,0.009
-443718.499,-1172331.460,353.051,0.009
-443718.769,-1172331.210,353.002,0.008
-443720.119,-1172329.970,352.791,0.009
-443718.149,-1172330.930,353.082,0.008
-443717.819,-1172330.101,353.061,0.009
-443698.800,-1172344.370,353.093,0.007
-443716.819,-1172327.800,354.404,0.006
-443716.240,-1172327.410,354.436,0.004
-443716.510,-1172327.160,354.415,0.005
-443698.340,-1172342.590,353.212,0.008
-443696.910,-1172341.080,353.280,0.010
-443704.010,-1172290.560,353.834,0.006
-443704.160,-1172290.830,353.856,0.004
-443704.860,-1172291.091,353.861,0.009
-443705.390,-1172290.600,353.780,0.010
-443705.650,-1172290.360,353.776,0.004
-443851.500,-1172429.540,373.793,0.007
-443849.650,-1172429.950,374.135,0.005
-443849.939,-1172429.700,374.131,0.009
-443851.520,-1172428.310,373.774,0.006
-443851.789,-1172428.070,373.741,0.009
-443847.940,-1172430.030,374.120,0.010
-443851.240,-1172427.130,373.813,0.007
-443852.040,-1172426.420,373.773,0.007
-443847.260,-1172431.070,374.134,0.006
-443847.540,-1172430.820,374.143,0.007
-443847.820,-1172430.580,374.142,0.008
-443847.440,-1172431.310,374.195,0.005
-443848.000,-1172430.821,374.141,0.009
-443849.710,-1172429.320,374.164,0.006
-443847.990,-1172429.180,374.120,0.010
-443848.260,-1172428.940,374.133,0.007
-443851.210,-1172426.350,373.774,0.006
-443851.270,-1172426.860,373.752,0.008
-443851.840,-1172426.350,373.721,0.009
-443847.000,-1172429.120,374.144,0.006
-443848.420,-1172427.871,374.181,0.009
-443849.820,-1172426.630,374.131,0.009
-443851.380,-1172425.260,373.771,0.009
-443851.640,-1172425.030,373.785,0.005
-443851.900,-1172424.800,373.784,0.006
-443845.560,-1172430.920,374.145,0.005
-443845.850,-1172430.670,374.115,0.005
-443846.680,-1172429.930,374.110,0.010
-443847.240,-1172429.441,374.121,0.009
-443848.090,-1172428.690,374.112,0.008
-443851.600,-1172425.610,373.754,0.006
-443845.710,-1172431.190,374.141,0.009
-443849.490,-1172426.070,374.120,0.010
-443846.240,-1172429.470,374.092,0.008
-443846.810,-1172428.970,374.124,0.006
-443847.360,-1172428.480,374.090,0.010
-443851.510,-1172424.840,373.762,0.008
-443851.770,-1172424.600,373.755,0.005
-443845.840,-1172430.130,374.160,0.010
-443846.140,-1172429.870,374.151,0.009
-443847.940,-1172427.050,374.092,0.008
-443848.240,-1172426.790,374.111,0.009
-443849.350,-1172425.821,374.091,0.009
-443845.800,-1172429.320,374.103,0.007
-443846.400,-1172428.790,374.185,0.005
-443851.280,-1172422.480,373.781,0.009
-443848.660,-1172425.200,374.122,0.008
-443850.050,-1172423.970,374.133,0.007
-443851.600,-1172422.610,373.760,0.010
-443847.460,-1172425.330,374.062,0.008
-443851.029,-1172422.200,373.805,0.005
-443851.300,-1172421.950,373.783,0.007
-443840.770,-1172431.730,374.195,0.005
-443844.640,-1172428.310,374.123,0.007
-443848.590,-1172424.840,374.101,0.009
-443850.020,-1172423.590,374.110,0.010
-443847.539,-1172424.920,374.070,0.010
-443845.780,-1172425.530,374.083,0.007
-443846.070,-1172425.280,374.082,0.008
-443847.050,-1172424.820,374.110,0.010
-443847.890,-1172424.090,374.111,0.009
-443838.040,-1172431.910,374.220,0.010
-443838.580,-1172431.440,374.213,0.007
-443838.869,-1172431.180,374.221,0.009
-443839.680,-1172430.460,374.170,0.010
-443843.040,-1172427.510,374.151,0.009
-443851.330,-1172420.210,373.760,0.010
-443838.480,-1172431.960,374.183,0.007
-443839.580,-1172430.990,374.171,0.009
-443842.970,-1172428.010,374.101,0.009
-443842.660,-1172427.500,374.081,0.009
-443844.360,-1172426.000,374.086,0.004
-443849.150,-1172421.790,374.081,0.009
-443848.980,-1172420.930,374.112,0.008
-443849.860,-1172420.160,374.124,0.006
-443838.109,-1172430.970,374.193,0.007
-443838.360,-1172430.760,374.152,0.008
-443840.360,-1172428.990,374.176,0.004
-443842.290,-1172427.300,374.090,0.010
-443843.950,-1172425.830,374.106,0.004
-443851.440,-1172419.240,373.760,0.010
-443841.339,-1172427.140,374.110,0.010
-443841.650,-1172426.870,374.121,0.009
-443841.940,-1172426.610,374.112,0.008
-443848.390,-1172420.930,374.112,0.008
-443835.920,-1172432.430,373.850,0.010
-443838.040,-1172430.570,374.184,0.006
-443838.330,-1172430.310,374.173,0.007
-443842.249,-1172426.860,374.070,0.010
-443842.539,-1172426.609,374.084,0.006
-443845.030,-1172424.410,374.084,0.006
-443835.610,-1172431.850,373.884,0.006
-443838.480,-1172429.320,374.150,0.010
-443841.320,-1172426.820,374.114,0.006
-443835.610,-1172432.190,373.833,0.007
-443835.880,-1172431.950,373.820,0.010
-443838.250,-1172429.860,374.171,0.009
-443838.540,-1172429.610,374.161,0.009
-443835.700,-1172431.250,373.861,0.009
-443838.040,-1172429.190,374.160,0.010
-443838.600,-1172428.690,374.141,0.009
-443838.880,-1172428.450,374.155,0.005
-443839.150,-1172428.210,374.152,0.008
-443839.720,-1172427.710,374.141,0.009
-443841.700,-1172425.960,374.114,0.006
-443844.510,-1172423.490,374.103,0.007
-443845.930,-1172422.240,374.072,0.008
-443847.300,-1172421.030,374.071,0.009
-443850.860,-1172417.890,373.793,0.007
-443851.140,-1172417.650,373.770,0.010
-443841.900,-1172424.950,374.093,0.007
-443842.180,-1172424.710,374.125,0.005
-443835.750,-1172430.800,373.833,0.007
-443837.290,-1172429.440,374.202,0.008
-443837.560,-1172429.200,374.152,0.008
-443837.840,-1172428.950,374.152,0.008
-443838.950,-1172427.980,374.151,0.009
-443839.510,-1172427.480,374.165,0.005
-443840.340,-1172426.750,374.150,0.010
-443841.460,-1172425.760,374.121,0.009
-443841.740,-1172425.520,374.152,0.008
-443842.310,-1172425.010,374.120,0.010
-443844.000,-1172423.530,374.111,0.009
-443844.270,-1172423.290,374.074,0.006
-443844.560,-1172423.030,374.095,0.005
-443844.830,-1172422.800,374.091,0.009
-443847.640,-1172420.320,374.083,0.007
-443837.470,-1172428.530,374.140,0.010
-443839.160,-1172427.040,374.132,0.008
-443839.460,-1172426.780,374.131,0.009
-443839.720,-1172426.540,374.131,0.009
-443842.220,-1172424.350,374.102,0.008
-443843.050,-1172423.610,374.083,0.007
-443843.330,-1172423.360,374.082,0.008
-443836.880,-1172429.370,374.191,0.009
-443839.130,-1172427.390,374.141,0.009
-443839.420,-1172427.130,374.133,0.007
-443839.970,-1172426.650,374.142,0.008
-443837.889,-1172427.570,374.162,0.008
-443838.700,-1172426.860,374.132,0.008
-443839.280,-1172426.350,374.151,0.009
-443840.690,-1172425.110,374.100,0.010
-443843.170,-1172422.920,374.082,0.008
-443843.450,-1172422.670,374.083,0.007
-443846.850,-1172419.680,374.070,0.010
-443846.160,-1172419.340,374.044,0.006
-443837.870,-1172427.110,374.142,0.008
-443840.690,-1172424.630,374.124,0.006
-443842.930,-1172422.650,374.082,0.008
-443845.720,-1172420.200,374.072,0.008
-443838.490,-1172425.790,374.124,0.006
-443840.470,-1172424.050,374.090,0.010
-443839.740,-1172425.000,374.144,0.006
-443840.330,-1172424.480,374.123,0.007
-443845.040,-1172420.320,374.074,0.006
-443835.430,-1172428.010,373.784,0.006
-443835.720,-1172427.750,373.803,0.007
-443845.670,-1172418.980,374.071,0.009
-443835.610,-1172428.330,373.825,0.005
-443838.210,-1172426.040,374.140,0.010
-443838.480,-1172423.910,374.136,0.004
-443840.719,-1172421.930,374.141,0.009
-443850.960,-1172412.900,373.752,0.008
-443835.680,-1172426.900,373.781,0.009
-443837.239,-1172425.530,374.201,0.009
-443837.510,-1172425.281,374.150,0.010
-443837.800,-1172425.030,374.141,0.009
-443838.350,-1172424.540,374.171,0.009
-443842.540,-1172420.850,374.121,0.009
-443835.650,-1172426.040,373.823,0.007
-443836.880,-1172424.950,374.165,0.005
-443837.160,-1172424.710,374.163,0.007
-443837.480,-1172424.430,374.182,0.008
-443838.290,-1172423.710,374.155,0.005
-443850.800,-1172412.670,373.744,0.006
-443837.320,-1172424.930,374.144,0.006
-443838.190,-1172424.160,374.152,0.008
-443837.880,-1172423.540,374.131,0.009
-443839.060,-1172422.500,374.272,0.008
-443840.710,-1172421.050,374.147,0.003
-443846.939,-1172414.560,374.121,0.009
-443842.360,-1172419.270,377.322,0.008
-443843.120,-1172417.510,377.382,0.008
-443844.070,-1172416.670,376.915,0.005
-443846.819,-1172414.240,374.111,0.009
-443850.870,-1172410.670,373.711,0.009
-443835.630,-1172424.550,373.833,0.007
-443837.710,-1172422.720,374.152,0.008
-443844.230,-1172416.960,376.883,0.007
-443835.390,-1172423.770,373.836,0.004
-443835.680,-1172423.510,373.822,0.008
-443850.730,-1172410.220,373.735,0.005
-443835.220,-1172424.480,373.850,0.010
-443835.500,-1172424.240,373.822,0.008
-443835.760,-1172424.000,373.792,0.008
-443842.870,-1172416.780,377.392,0.008
-443846.240,-1172413.800,374.082,0.008
-443850.590,-1172409.960,373.786,0.004
-443850.850,-1172409.730,373.744,0.006
-443845.630,-1172413.210,374.084,0.006
-443846.480,-1172412.460,374.070,0.010
-443848.180,-1172410.960,374.113,0.007
-443845.800,-1172413.550,374.070,0.010
-443846.640,-1172412.810,374.073,0.008
-443845.780,-1172412.490,374.094,0.006
-443836.690,-1172421.110,377.466,0.004
-443836.960,-1172420.860,377.432,0.008
-443837.510,-1172420.380,377.434,0.006
-443835.939,-1172420.850,377.451,0.009
-443836.220,-1172420.600,377.441,0.009
-443837.079,-1172419.840,377.441,0.009
-443845.470,-1172412.420,374.101,0.009
-443845.750,-1172412.180,374.113,0.007
-443837.130,-1172420.130,377.446,0.004
-443837.399,-1172419.890,377.391,0.009
-443834.830,-1172421.270,377.463,0.007
-443834.700,-1172421.000,377.461,0.009
-443846.789,-1172409.640,374.083,0.007
-443833.140,-1172421.230,377.491,0.009
-443833.990,-1172420.480,377.461,0.009
-443841.550,-1172413.790,374.071,0.009
-443843.210,-1172412.330,374.052,0.008
-443843.770,-1172411.830,374.093,0.007
-443846.530,-1172409.390,374.096,0.004
-443833.030,-1172420.960,377.502,0.008
-443833.320,-1172420.700,377.523,0.007
-443833.590,-1172420.460,377.491,0.009
-443841.680,-1172413.320,374.092,0.008
-443841.470,-1172413.140,374.082,0.008
-443849.500,-1172405.380,374.121,0.009
-443846.190,-1172408.740,374.082,0.008
-443849.429,-1172405.020,374.102,0.008
-443837.230,-1172416.230,374.122,0.008
-443841.100,-1172412.800,374.065,0.005
-443841.369,-1172412.570,374.060,0.010
-443842.800,-1172411.300,374.073,0.007
-443843.060,-1172411.070,374.051,0.009
-443845.890,-1172408.571,374.061,0.009
-443837.980,-1172415.150,374.104,0.006
-443838.270,-1172414.900,374.123,0.007
-443838.529,-1172414.670,374.101,0.009
-443840.760,-1172412.690,374.052,0.008
-443841.039,-1172412.450,374.072,0.008
-443842.410,-1172411.230,374.073,0.007
-443844.360,-1172409.500,374.071,0.009
-443839.830,-1172413.070,374.061,0.009
-443842.310,-1172410.870,374.053,0.007
-443843.140,-1172410.140,374.063,0.007
-443839.730,-1172412.830,374.110,0.010
-443841.700,-1172411.090,374.062,0.008
-443842.260,-1172410.600,374.060,0.010
-443842.810,-1172410.110,374.072,0.008
-443843.090,-1172409.860,374.083,0.007
-443848.100,-1172405.430,374.131,0.009
-443849.480,-1172404.210,374.134,0.006
-443839.920,-1172412.200,374.051,0.009
-443840.200,-1172411.950,374.055,0.005
-443840.480,-1172411.700,374.060,0.010
-443840.150,-1172411.580,374.106,0.004
-443840.430,-1172411.330,374.080,0.010
-443842.380,-1172409.600,374.073,0.007
-443847.120,-1172405.410,374.102,0.008
-443829.300,-1172421.180,377.600,0.010
-443829.559,-1172420.960,377.541,0.009
-443829.810,-1172420.730,377.494,0.006
-443839.319,-1172412.321,374.101,0.010
-443840.300,-1172411.030,374.031,0.009
-443842.270,-1172409.290,374.033,0.007
-443829.290,-1172420.460,377.542,0.008
-443829.580,-1172420.200,377.566,0.004
-443838.219,-1172412.550,374.104,0.006
-443840.410,-1172410.610,374.063,0.007
-443842.090,-1172409.130,374.083,0.007
-443847.410,-1172404.420,374.134,0.006
-443838.310,-1172411.980,374.093,0.007
-443838.849,-1172411.500,374.080,0.010
-443839.710,-1172410.740,374.086,0.004
-443846.080,-1172405.090,374.072,0.008
-443847.500,-1172403.840,374.116,0.004
-443838.770,-1172411.100,374.103,0.007
-443839.050,-1172410.850,374.071,0.009
-443841.000,-1172409.130,374.054,0.006
-443844.890,-1172405.690,374.085,0.005
-443847.980,-1172402.950,374.124,0.006
-443843.340,-1172406.670,374.032,0.008
-443845.559,-1172404.701,374.051,0.009
-443846.410,-1172403.950,374.082,0.008
-443847.820,-1172402.710,374.103,0.007
-443829.300,-1172419.490,377.554,0.006
-443846.560,-1172403.420,374.082,0.008
-443838.630,-1172410.840,374.080,0.010
-443845.550,-1172403.840,374.083,0.007
-443839.070,-1172410.050,374.061,0.009
-443839.910,-1172409.300,374.062,0.008
-443843.800,-1172405.860,374.073,0.007
-443843.780,-1172404.920,374.092,0.008
-443844.070,-1172404.660,374.074,0.006
-443844.890,-1172403.930,374.081,0.009
-443845.460,-1172403.430,374.106,0.004
-443838.850,-1172409.770,374.061,0.009
-443839.140,-1172409.510,374.084,0.006
-443839.400,-1172409.280,374.035,0.005
-443843.900,-1172405.300,374.071,0.009
-443838.160,-1172409.550,374.090,0.010
-443838.420,-1172409.320,374.085,0.005
-443838.669,-1172409.100,374.072,0.008
-443839.240,-1172408.590,374.071,0.009
-443840.329,-1172407.630,374.051,0.009
-443842.010,-1172406.140,374.053,0.007
-443842.590,-1172405.630,374.071,0.009
-443842.869,-1172405.380,374.040,0.010
-443844.530,-1172403.910,374.083,0.007
-443847.580,-1172401.210,374.132,0.008
-443838.460,-1172409.630,374.093,0.007
-443839.010,-1172409.151,374.061,0.009
-443842.090,-1172406.420,374.042,0.008
-443839.109,-1172408.380,374.041,0.009
-443839.670,-1172407.880,374.042,0.008
-443841.860,-1172405.940,374.064,0.006
-443842.150,-1172405.680,374.083,0.007
-443842.440,-1172405.430,374.074,0.006
-443842.700,-1172405.190,374.081,0.009
-443844.130,-1172403.930,374.102,0.008
-443844.420,-1172403.670,374.094,0.006
-443844.680,-1172403.440,374.115,0.005
-443845.510,-1172402.700,374.131,0.009
-443847.480,-1172400.960,374.126,0.004
-443847.740,-1172400.730,374.115,0.005
-443839.850,-1172407.300,374.011,0.009
-443842.340,-1172405.090,374.062,0.008
-443843.180,-1172404.350,374.062,0.008
-443845.440,-1172402.340,374.102,0.008
-443847.380,-1172400.630,374.111,0.009
-443837.030,-1172409.350,374.130,0.010
-443840.080,-1172406.650,374.011,0.009
-443842.860,-1172404.180,374.086,0.004
-443843.140,-1172403.940,374.103,0.007
-443844.800,-1172402.460,374.120,0.010
-443845.070,-1172402.220,374.113,0.007
-443843.810,-1172402.600,374.131,0.009
-443844.890,-1172401.640,374.133,0.007
-443845.450,-1172401.150,374.124,0.006
-443837.350,-1172408.680,374.073,0.007
-443839.320,-1172406.930,374.035,0.005
-443839.569,-1172406.710,374.021,0.009
-443840.110,-1172406.230,373.992,0.008
-443843.489,-1172403.240,374.062,0.008
-443844.829,-1172402.040,374.082,0.008
-443845.130,-1172401.780,374.101,0.009
-443845.680,-1172401.290,374.092,0.008
-443846.240,-1172400.790,374.111,0.009
-443840.460,-1172405.140,374.022,0.008
-443843.000,-1172402.890,374.092,0.008
-443843.830,-1172402.160,374.082,0.008
-443844.390,-1172401.650,374.100,0.010
-443844.680,-1172401.400,374.104,0.006
-443848.000,-1172398.460,374.224,0.006
-443837.380,-1172408.300,374.111,0.009
-443839.050,-1172406.820,374.080,0.010
-443839.330,-1172406.570,374.053,0.007
-443839.889,-1172406.070,374.052,0.008
-443840.179,-1172405.820,374.042,0.008
-443840.460,-1172405.570,374.085,0.005
-443840.720,-1172405.340,374.073,0.007
-443843.270,-1172403.080,374.131,0.009
-443838.710,-1172406.240,374.062,0.008
-443839.260,-1172405.740,374.061,0.009
-443839.530,-1172405.510,374.063,0.007
-443844.279,-1172401.290,374.130,0.010
-443845.130,-1172400.540,374.145,0.005
-443845.400,-1172400.300,374.104,0.006
-443847.080,-1172398.810,374.253,0.007
-443847.350,-1172398.570,374.263,0.007
-443835.100,-1172409.900,373.740,0.010
-443837.980,-1172407.340,374.101,0.009
-443839.900,-1172405.640,374.043,0.007
-443839.200,-1172405.470,374.020,0.010
-443845.049,-1172400.280,374.163,0.007
-443847.010,-1172398.540,374.192,0.008
-443837.640,-1172407.180,374.121,0.009
-443837.900,-1172406.950,374.103,0.007
-443838.990,-1172405.340,374.052,0.008
-443838.690,-1172405.160,374.035,0.005
-443838.989,-1172404.890,374.040,0.010
-443839.260,-1172404.650,374.031,0.009
-443839.820,-1172404.160,374.021,0.009
-443840.130,-1172403.890,374.042,0.008
-443841.510,-1172402.660,374.071,0.009
-443842.050,-1172402.179,374.081,0.009
-443846.260,-1172398.440,374.201,0.009
-443846.530,-1172398.200,374.191,0.009
-443847.900,-1172396.990,374.203,0.007
-443837.300,-1172406.840,374.103,0.007
-443837.589,-1172406.580,374.091,0.009
-443845.269,-1172398.851,374.242,0.008
-443846.380,-1172397.880,374.223,0.007
-443846.660,-1172397.630,374.193,0.007
-443846.940,-1172397.380,374.222,0.008
-443847.210,-1172397.130,374.192,0.008
-443847.760,-1172396.650,374.204,0.006
-443848.859,-1172395.670,374.211,0.009
-443835.250,-1172408.210,373.785,0.005
-443837.329,-1172406.360,374.081,0.009
-443837.609,-1172406.120,374.092,0.008
-443837.889,-1172405.870,374.084,0.006
-443838.160,-1172405.630,374.064,0.006
-443838.410,-1172405.410,374.023,0.007
-443846.400,-1172397.450,374.195,0.005
-443846.660,-1172397.220,374.195,0.005
-443846.940,-1172396.970,374.204,0.006
-443847.510,-1172396.470,374.181,0.009
-443848.080,-1172395.960,374.193,0.007
-443848.879,-1172395.251,374.191,0.009
-443849.170,-1172394.990,374.210,0.010
-443836.890,-1172406.290,374.110,0.010
-443837.740,-1172405.540,374.103,0.007
-443838.840,-1172404.560,374.064,0.006
-443839.670,-1172403.830,374.053,0.007
-443838.309,-1172404.630,374.091,0.009
-443838.870,-1172404.130,374.054,0.006
-443839.440,-1172403.620,374.074,0.006
-443839.730,-1172403.370,374.073,0.007
-443841.380,-1172401.910,374.071,0.009
-443845.030,-1172398.670,374.230,0.010
-443837.920,-1172404.610,374.091,0.009
-443838.190,-1172404.370,374.074,0.006
-443838.460,-1172404.130,374.041,0.009
-443839.040,-1172403.620,374.053,0.007
-443839.570,-1172403.140,374.071,0.009
-443845.720,-1172397.680,374.221,0.009
-443846.530,-1172396.960,374.210,0.010
-443846.820,-1172396.710,374.191,0.009
-443847.080,-1172396.480,374.180,0.010
-443847.379,-1172396.220,374.201,0.009
-443845.600,-1172397.300,374.194,0.006
-443846.960,-1172396.090,374.162,0.008
-443847.250,-1172395.830,374.172,0.008
-443836.420,-1172404.990,374.124,0.006
-443838.910,-1172402.780,374.042,0.008
-443839.460,-1172402.290,374.071,0.009
-443839.740,-1172402.050,374.082,0.008
-443845.350,-1172397.070,374.200,0.010
-443845.630,-1172396.820,374.216,0.004
-443847.520,-1172395.141,374.190,0.010
-443843.590,-1172398.260,374.212,0.008
-443844.440,-1172397.510,374.211,0.009
-443844.710,-1172397.270,374.202,0.008
-443844.980,-1172397.020,374.191,0.009
-443845.240,-1172396.800,374.181,0.009
-443845.820,-1172396.280,374.192,0.008
-443845.200,-1172396.500,374.222,0.008
-443845.750,-1172396.020,374.215,0.005
-443846.020,-1172395.780,374.212,0.008
-443846.280,-1172395.550,374.202,0.008
-443847.970,-1172394.050,374.202,0.008
-443836.090,-1172404.920,374.144,0.006
-443836.350,-1172404.690,374.131,0.009
-443836.910,-1172404.200,374.105,0.005
-443837.140,-1172403.670,374.120,0.010
-443837.670,-1172403.190,374.093,0.007
-443838.790,-1172402.200,374.084,0.006
-443840.460,-1172400.710,374.081,0.009
-443842.700,-1172398.720,374.250,0.010
-443842.970,-1172398.480,374.231,0.009
-443843.250,-1172398.240,374.254,0.006
-443843.530,-1172397.990,374.253,0.007
-443843.810,-1172397.740,374.252,0.008
-443844.630,-1172397.010,374.233,0.007
-443844.910,-1172396.760,374.222,0.008
-443836.810,-1172403.450,374.103,0.007
-443837.090,-1172403.210,374.095,0.005
-443839.320,-1172401.230,374.081,0.009
-443839.589,-1172400.989,374.062,0.008
-443842.149,-1172398.710,374.240,0.010
-443842.400,-1172398.490,374.231,0.009
-443842.960,-1172397.990,374.221,0.009
-443843.230,-1172397.750,374.244,0.006
-443843.480,-1172397.530,374.223,0.007
-443843.770,-1172397.270,374.212,0.008
-443844.050,-1172397.020,374.231,0.009
-443844.320,-1172396.780,374.211,0.009
-443844.880,-1172396.290,374.213,0.007
-443845.140,-1172396.060,374.202,0.008
-443845.410,-1172395.810,374.190,0.010
-443846.270,-1172395.050,374.172,0.008
-443846.550,-1172394.810,374.172,0.008
-443836.980,-1172402.860,374.113,0.007
-443837.540,-1172402.360,374.130,0.010
-443841.210,-1172399.100,374.253,0.007
-443842.870,-1172397.620,374.244,0.006
-443843.150,-1172397.380,374.250,0.010
-443836.700,-1172402.740,374.103,0.007
-443841.180,-1172398.750,374.213,0.007
-443845.300,-1172395.090,374.180,0.010
-443845.580,-1172394.850,374.173,0.007
-443846.960,-1172393.620,374.184,0.006
-443840.390,-1172399.110,374.233,0.007
-443840.960,-1172398.600,374.251,0.009
-443841.230,-1172398.360,374.221,0.009
-443841.520,-1172398.100,374.234,0.006
-443844.559,-1172395.400,374.210,0.010
-443844.839,-1172395.150,374.192,0.008
-443845.390,-1172394.660,374.204,0.006
-443845.650,-1172394.430,374.182,0.008
-443846.730,-1172393.470,374.173,0.007
-443847.819,-1172392.510,374.191,0.009
-443845.030,-1172394.470,374.205,0.005
-443845.300,-1172394.230,374.180,0.010
-443845.840,-1172393.740,374.162,0.008
-443846.390,-1172393.260,374.184,0.006
-443847.460,-1172392.300,374.192,0.008
-443847.750,-1172392.050,374.192,0.008
-443848.850,-1172391.080,374.191,0.009
-443836.789,-1172402.310,374.101,0.009
-443837.049,-1172402.080,374.101,0.009
-443837.309,-1172401.840,374.093,0.007
-443837.590,-1172401.590,374.124,0.006
-443837.860,-1172401.360,374.111,0.009
-443838.669,-1172400.630,374.092,0.008
-443847.850,-1172391.450,374.205,0.005
-443848.670,-1172390.720,374.255,0.005
-443837.239,-1172401.390,374.104,0.006
-443840.280,-1172398.690,374.222,0.008
-443840.570,-1172398.430,374.212,0.008
-443840.870,-1172398.170,374.224,0.006
-443841.140,-1172397.930,374.221,0.009
-443841.700,-1172397.430,374.234,0.006
-443841.980,-1172397.180,374.212,0.008
-443843.339,-1172395.970,374.191,0.009
-443844.740,-1172394.730,374.194,0.006
-443837.620,-1172400.550,374.090,0.010
-443839.570,-1172398.810,374.254,0.006
-443840.950,-1172397.590,374.244,0.006
-443841.510,-1172397.090,374.284,0.006
-443841.790,-1172396.840,374.275,0.005
-443843.170,-1172395.610,374.243,0.007
-443843.740,-1172395.110,374.232,0.008
-443844.280,-1172394.630,374.242,0.008
-443844.530,-1172394.400,374.223,0.007
-443844.820,-1172394.140,374.226,0.004
-443845.100,-1172393.890,374.212,0.008
-443845.640,-1172393.410,374.203,0.007
-443846.210,-1172392.910,374.182,0.008
-443839.470,-1172398.490,374.212,0.008
-443839.750,-1172398.240,374.234,0.006
-443840.570,-1172397.520,374.223,0.007
-443840.840,-1172397.280,374.223,0.007
-443841.650,-1172396.550,374.224,0.006
-443841.930,-1172396.310,374.224,0.006
-443842.460,-1172395.830,374.204,0.006
-443842.750,-1172395.570,374.202,0.008
-443843.570,-1172394.840,374.222,0.008
-443845.000,-1172393.580,374.191,0.009
-443845.250,-1172393.360,374.196,0.004
-443846.890,-1172391.890,374.132,0.008
-443838.109,-1172399.320,374.251,0.009
-443838.370,-1172399.080,374.252,0.008
-443838.640,-1172398.850,374.262,0.008
-443839.200,-1172398.340,374.231,0.009
-443839.480,-1172398.090,374.252,0.008
-443839.770,-1172397.840,374.242,0.008
-443840.050,-1172397.590,374.252,0.008
-443841.440,-1172396.350,374.250,0.010
-443841.710,-1172396.120,374.242,0.008
-443842.510,-1172395.400,374.223,0.007
-443844.970,-1172393.210,374.213,0.007
-443845.250,-1172392.970,374.210,0.010
-443846.910,-1172391.490,374.182,0.008
-443848.870,-1172389.750,374.211,0.009
-443834.690,-1172401.940,373.813,0.007
-443838.130,-1172398.870,374.203,0.007
-443839.000,-1172398.100,374.213,0.007
-443839.520,-1172397.640,374.201,0.009
-443840.080,-1172397.140,374.233,0.007
-443841.210,-1172396.130,374.213,0.007
-443841.490,-1172395.890,374.224,0.006
-443841.759,-1172395.640,374.200,0.010
-443842.310,-1172395.160,374.213,0.007
-443842.580,-1172394.910,374.203,0.007
-443843.660,-1172393.950,374.211,0.009
-443845.299,-1172392.490,374.161,0.009
-443846.980,-1172391.000,374.161,0.009
-443847.260,-1172390.750,374.184,0.006
-443837.320,-1172399.170,374.241,0.010
-443838.419,-1172398.190,374.240,0.010
-443838.690,-1172397.950,374.255,0.005
-443838.970,-1172397.700,374.223,0.007
-443839.820,-1172396.940,374.241,0.009
-443840.110,-1172396.680,374.245,0.005
-443840.660,-1172396.190,374.242,0.008
-443841.490,-1172395.450,374.240,0.010
-443841.760,-1172395.220,374.261,0.009
-443843.430,-1172393.730,374.230,0.010
-443834.710,-1172401.140,373.880,0.010
-443837.010,-1172399.090,374.231,0.009
-443837.279,-1172398.850,374.233,0.007
-443837.560,-1172398.600,374.223,0.007
-443838.370,-1172397.880,374.224,0.006
-443838.660,-1172397.630,374.245,0.005
-443839.480,-1172396.890,374.235,0.005
-443839.760,-1172396.650,374.225,0.005
-443840.040,-1172396.390,374.233,0.007
-443840.320,-1172396.150,374.222,0.008
-443840.610,-1172395.890,374.223,0.007
-443841.450,-1172395.140,374.222,0.008
-443841.710,-1172394.900,374.224,0.006
-443841.980,-1172394.670,374.202,0.008
-443842.250,-1172394.430,374.213,0.007
-443842.830,-1172393.920,374.223,0.007
-443843.100,-1172393.670,374.222,0.008
-443844.759,-1172392.201,374.190,0.010
-443845.810,-1172391.260,374.162,0.008
-443846.360,-1172390.770,374.162,0.008
-443847.190,-1172390.030,374.181,0.009
-443847.460,-1172389.790,374.184,0.006
-443847.760,-1172389.520,374.191,0.009
-443836.640,-1172399.030,374.271,0.009
-443836.910,-1172398.790,374.275,0.005
-443837.180,-1172398.550,374.286,0.004
-443837.450,-1172398.310,374.276,0.004
-443838.820,-1172397.090,374.273,0.007
-443839.080,-1172396.860,374.275,0.005
-443839.360,-1172396.610,374.256,0.004
-443839.920,-1172396.110,374.266,0.004
-443840.200,-1172395.860,374.276,0.004
-443840.480,-1172395.620,374.286,0.004
-443840.740,-1172395.390,374.272,0.008
-443841.030,-1172395.130,374.272,0.008
-443841.590,-1172394.630,374.264,0.006
-443841.880,-1172394.370,374.272,0.008
-443842.160,-1172394.120,374.278,0.002
-443842.960,-1172393.410,374.274,0.006
-443844.630,-1172391.920,374.211,0.009
-443846.520,-1172390.240,374.203,0.007
-443846.800,-1172389.990,374.220,0.010
-443847.610,-1172389.270,374.203,0.007
-443840.340,-1172395.250,374.242,0.008
-443840.620,-1172394.990,374.224,0.006
-443841.170,-1172394.510,374.212,0.008
-443842.280,-1172393.520,374.244,0.006
-443842.560,-1172393.260,374.234,0.006
-443842.360,-1172392.950,374.240,0.010
-443836.219,-1172398.920,374.231,0.009
-443836.780,-1172398.410,374.221,0.009
-443837.060,-1172398.160,374.233,0.007
-443837.620,-1172397.670,374.244,0.006
-443837.899,-1172397.420,374.240,0.010
-443838.160,-1172397.190,374.230,0.010
-443839.250,-1172396.220,374.233,0.007
-443839.519,-1172395.980,374.231,0.009
-443847.280,-1172388.280,374.160,0.010
-443842.610,-1172392.440,374.222,0.008
-443843.420,-1172391.720,374.190,0.010
-443844.150,-1172390.470,374.180,0.010
-443846.070,-1172388.760,374.194,0.006
-443846.340,-1172388.520,374.192,0.008
-443847.160,-1172387.790,374.202,0.008
-443847.440,-1172387.540,374.201,0.009
-443838.050,-1172396.220,374.250,0.010
-443843.260,-1172391.580,374.232,0.008
-443843.710,-1172390.430,374.224,0.006
-443844.520,-1172389.710,374.222,0.008
-443844.790,-1172389.470,374.202,0.008
-443846.420,-1172388.020,374.212,0.008
-443847.250,-1172387.280,374.221,0.009
-443847.520,-1172387.040,374.241,0.009
-443836.420,-1172397.350,374.243,0.007
-443836.700,-1172397.110,374.240,0.010
-443837.830,-1172396.100,374.243,0.007
-443838.080,-1172395.880,374.231,0.009
-443842.810,-1172391.660,374.221,0.009
-443843.070,-1172391.430,374.213,0.007
-443843.350,-1172391.180,374.205,0.005
-443843.610,-1172390.950,374.205,0.005
-443845.650,-1172388.430,374.181,0.009
-443845.920,-1172388.190,374.181,0.009
-443846.190,-1172387.950,374.182,0.008
-443847.540,-1172386.740,374.215,0.005
-443836.520,-1172396.840,374.264,0.006
-443836.790,-1172396.590,374.241,0.009
-443839.000,-1172394.630,374.262,0.008
-443840.120,-1172393.630,374.252,0.008
-443841.780,-1172392.150,374.251,0.009
-443842.320,-1172391.670,374.250,0.010
-443836.019,-1172397.010,374.250,0.010
-443837.120,-1172396.030,374.253,0.007
-443838.760,-1172394.570,374.242,0.008
-443839.040,-1172394.320,374.257,0.003
-443839.290,-1172394.100,374.250,0.010
-443842.340,-1172391.380,374.211,0.009
-443843.440,-1172390.400,374.212,0.008
-443843.730,-1172390.140,374.192,0.008
-443844.290,-1172389.650,374.203,0.007
-443844.550,-1172389.410,374.193,0.007
-443836.680,-1172396.100,374.261,0.009
-443836.970,-1172395.850,374.250,0.010
-443838.620,-1172394.380,374.230,0.010
-443838.880,-1172394.140,374.254,0.006
-443842.170,-1172391.210,374.245,0.005
-443843.550,-1172389.980,374.210,0.010
-443845.210,-1172388.510,374.211,0.009
-443836.440,-1172395.890,374.220,0.010
-443837.270,-1172395.140,374.232,0.008
-443837.540,-1172394.910,374.211,0.009
-443838.390,-1172394.150,374.221,0.009
-443839.490,-1172393.160,374.223,0.007
-443841.119,-1172391.720,374.210,0.010
-443841.670,-1172391.220,374.202,0.008
-443842.210,-1172390.740,374.193,0.007
-443842.770,-1172390.240,374.191,0.009
-443843.590,-1172389.510,374.191,0.009
-443843.880,-1172389.250,374.181,0.009
-443844.719,-1172388.510,374.183,0.007
-443846.640,-1172386.790,374.171,0.009
-443834.600,-1172396.980,373.825,0.005
-443837.500,-1172394.400,374.252,0.008
-443837.770,-1172394.150,374.252,0.008
-443838.050,-1172393.910,374.220,0.010
-443838.880,-1172393.160,374.231,0.009
-443839.440,-1172392.670,374.251,0.009
-443839.719,-1172392.420,374.232,0.008
-443840.800,-1172391.450,374.246,0.004
-443841.070,-1172391.220,374.244,0.006
-443841.630,-1172390.720,374.245,0.005
-443841.890,-1172390.490,374.226,0.004
-443842.430,-1172390.000,374.221,0.009
-443842.699,-1172389.760,374.223,0.007
-443842.990,-1172389.510,374.233,0.007
-443843.260,-1172389.270,374.214,0.006
-443844.070,-1172388.540,374.201,0.009
-443844.360,-1172388.290,374.225,0.005
-443844.640,-1172388.030,374.214,0.006
-443845.210,-1172387.530,374.224,0.006
-443845.470,-1172387.290,374.215,0.005
-443850.900,-1172381.570,373.375,0.005
-443834.500,-1172396.660,373.816,0.004
-443836.009,-1172395.310,374.240,0.010
-443837.710,-1172393.800,374.233,0.007
-443837.960,-1172393.570,374.240,0.010
-443839.060,-1172392.600,374.231,0.009
-443839.900,-1172391.840,374.223,0.007
-443840.179,-1172391.590,374.233,0.007
-443840.460,-1172391.340,374.232,0.008
-443840.740,-1172391.100,374.212,0.008
-443841.280,-1172390.610,374.224,0.006
-443841.560,-1172390.360,374.235,0.005
-443841.820,-1172390.130,374.223,0.007
-443842.350,-1172389.660,374.224,0.006
-443842.640,-1172389.400,374.224,0.006
-443842.890,-1172389.180,374.212,0.008
-443843.440,-1172388.690,374.211,0.009
-443843.990,-1172388.200,374.211,0.009
-443844.270,-1172387.940,374.201,0.009
-443844.540,-1172387.700,374.201,0.009
-443844.800,-1172387.470,374.170,0.010
-443845.070,-1172387.230,374.204,0.006
-443845.650,-1172386.710,374.182,0.008
-443834.810,-1172395.920,373.836,0.004
-443836.870,-1172394.080,374.242,0.008
-443837.140,-1172393.840,374.262,0.008
-443837.410,-1172393.600,374.252,0.008
-443837.980,-1172393.090,374.260,0.010
-443838.270,-1172392.830,374.271,0.009
-443839.370,-1172391.850,374.251,0.009
-443839.650,-1172391.600,374.273,0.007
-443839.920,-1172391.360,374.253,0.007
-443841.320,-1172390.110,374.245,0.005
-443841.590,-1172389.870,374.264,0.006
-443842.940,-1172388.660,374.261,0.009
-443843.200,-1172388.430,374.233,0.007
-443843.470,-1172388.190,374.233,0.007
-443843.760,-1172387.930,374.212,0.008
-443844.020,-1172387.700,374.220,0.010
-443845.110,-1172386.730,374.223,0.007
-443845.400,-1172386.470,374.225,0.005
-443845.670,-1172386.240,374.213,0.007
-443845.930,-1172386.000,374.213,0.007
-443837.120,-1172393.350,374.246,0.004
-443837.400,-1172393.090,374.222,0.008
-443838.220,-1172392.360,374.244,0.006
-443838.500,-1172392.110,374.232,0.008
-443839.630,-1172391.100,374.244,0.006
-443839.910,-1172390.850,374.256,0.004
-443840.170,-1172390.620,374.234,0.006
-443842.100,-1172388.900,374.233,0.007
-443842.390,-1172388.640,374.232,0.008
-443842.660,-1172388.400,374.232,0.008
-443842.930,-1172388.160,374.232,0.008
-443843.200,-1172387.920,374.225,0.005
-443843.489,-1172387.660,374.200,0.010
-443843.750,-1172387.430,374.212,0.008
-443844.280,-1172386.960,374.211,0.009
-443844.820,-1172386.480,374.195,0.005
-443845.090,-1172386.240,374.194,0.006
-443849.880,-1172381.960,373.744,0.006
-443850.990,-1172379.950,371.345,0.005
-443851.270,-1172379.690,371.340,0.010
-443834.680,-1172394.940,373.821,0.009
-443835.909,-1172393.850,374.241,0.009
-443836.210,-1172393.580,374.240,0.010
-443837.000,-1172392.880,374.231,0.009
-443837.560,-1172392.380,374.242,0.008
-443840.020,-1172390.180,374.256,0.004
-443840.880,-1172389.420,374.241,0.009
-443841.140,-1172389.180,374.233,0.007
-443841.420,-1172388.940,374.241,0.009
-443843.340,-1172387.230,374.234,0.006
-443845.510,-1172385.290,374.212,0.008
-443845.790,-1172385.040,374.212,0.008
-443851.199,-1172379.300,371.330,0.010
-443834.440,-1172394.710,373.782,0.008
-443835.699,-1172393.590,374.252,0.008
-443835.979,-1172393.340,374.223,0.007
-443836.279,-1172393.070,374.223,0.007
-443837.640,-1172391.850,374.232,0.008
-443840.090,-1172389.670,374.234,0.006
-443840.640,-1172389.180,374.221,0.009
-443840.890,-1172388.950,374.201,0.009
-443841.180,-1172388.690,374.222,0.008
-443843.110,-1172386.980,374.203,0.007
-443843.410,-1172386.710,374.213,0.007
-443845.620,-1172384.730,374.192,0.008
-443845.890,-1172384.500,374.212,0.008
-443846.680,-1172383.780,374.181,0.009
-443847.220,-1172383.310,374.180,0.010
-443835.920,-1172392.940,374.254,0.006
-443836.750,-1172392.200,374.251,0.009
-443837.320,-1172391.690,374.267,0.003
-443837.590,-1172391.450,374.252,0.008
-443838.680,-1172390.470,374.242,0.008
-443839.220,-1172390.000,374.253,0.007
-443839.490,-1172389.760,374.241,0.009
-443840.300,-1172389.030,374.241,0.009
-443841.130,-1172388.290,374.252,0.008
-443842.790,-1172386.810,374.244,0.006
-443844.440,-1172385.340,374.243,0.007
-443845.540,-1172384.350,374.212,0.008
-443846.630,-1172383.380,374.183,0.007
-443846.930,-1172383.110,374.182,0.008
-443847.710,-1172382.420,374.200,0.010
-443849.480,-1172380.840,374.662,0.008
-443850.020,-1172380.360,373.745,0.005
-443834.470,-1172393.780,373.824,0.006
-443836.560,-1172391.920,374.253,0.007
-443836.820,-1172391.690,374.242,0.008
-443837.120,-1172391.430,374.265,0.005
-443837.400,-1172391.170,374.242,0.008
-443839.070,-1172389.680,374.261,0.009
-443839.340,-1172389.440,374.243,0.007
-443839.610,-1172389.200,374.243,0.007
-443839.890,-1172388.950,374.256,0.004
-443840.960,-1172388.000,374.244,0.006
-443841.230,-1172387.760,374.222,0.008
-443841.490,-1172387.520,374.231,0.009
-443842.040,-1172387.030,374.220,0.010
-443842.600,-1172386.530,374.233,0.007
-443842.869,-1172386.300,374.231,0.009
-443845.070,-1172384.330,374.201,0.009
-443845.630,-1172383.830,374.213,0.007
-443845.900,-1172383.590,374.202,0.008
-443846.170,-1172383.350,374.183,0.007
-443846.450,-1172383.100,374.183,0.007
-443846.730,-1172382.850,374.194,0.006
-443847.010,-1172382.600,374.217,0.003
-443847.290,-1172382.350,374.215,0.005
-443847.560,-1172382.100,374.212,0.008
-443848.370,-1172381.380,374.202,0.008
-443848.630,-1172381.150,374.200,0.010
-443849.580,-1172380.300,373.791,0.009
-443835.960,-1172391.960,374.273,0.007
-443836.240,-1172391.710,374.261,0.009
-443836.810,-1172391.200,374.274,0.006
-443837.070,-1172390.970,374.273,0.007
-443838.720,-1172389.490,374.263,0.007
-443839.830,-1172388.500,374.254,0.006
-443841.440,-1172387.060,374.243,0.007
-443842.270,-1172386.330,374.274,0.006
-443844.740,-1172384.120,374.232,0.008
-443846.930,-1172382.170,374.221,0.009
-443847.210,-1172381.910,374.201,0.009
-443835.979,-1172391.630,374.244,0.006
-443836.270,-1172391.380,374.251,0.009
-443836.520,-1172391.150,374.266,0.004
-443836.790,-1172390.910,374.245,0.005
-443837.090,-1172390.650,374.234,0.006
-443837.370,-1172390.390,374.247,0.003
-443838.480,-1172389.400,374.251,0.009
-443838.740,-1172389.170,374.266,0.004
-443839.570,-1172388.430,374.242,0.008
-443839.830,-1172388.200,374.232,0.008
-443840.130,-1172387.930,374.200,0.010
-443841.780,-1172386.460,374.234,0.006
-443842.060,-1172386.210,374.245,0.005
-443845.040,-1172383.550,374.200,0.010
-443845.300,-1172383.310,374.202,0.008
-443848.070,-1172380.840,374.193,0.007
-443848.340,-1172380.600,374.192,0.008
-443836.300,-1172391.020,374.261,0.009
-443836.570,-1172390.780,374.260,0.010
-443836.860,-1172390.530,374.270,0.010
-443837.130,-1172390.280,374.273,0.007
-443837.410,-1172390.030,374.275,0.005
-443839.080,-1172388.540,374.260,0.010
-443839.370,-1172388.290,374.264,0.006
-443840.170,-1172387.570,374.234,0.006
-443841.830,-1172386.080,374.251,0.009
-443842.130,-1172385.820,374.252,0.008
-443842.380,-1172385.590,374.241,0.009
-443843.730,-1172384.390,374.243,0.007
-443844.540,-1172383.670,374.222,0.008
-443845.080,-1172383.180,374.222,0.008
-443845.360,-1172382.930,374.210,0.010
-443846.180,-1172382.200,374.203,0.007
-443846.720,-1172381.720,374.190,0.010
-443848.150,-1172380.440,374.203,0.007
-443836.030,-1172390.859,374.253,0.007
-443837.110,-1172389.900,374.234,0.006
-443837.370,-1172389.660,374.231,0.009
-443837.630,-1172389.430,374.253,0.008
-443842.320,-1172385.240,374.211,0.009
-443843.700,-1172384.010,374.192,0.008
-443844.780,-1172383.050,374.171,0.009
-443845.060,-1172382.800,374.192,0.008
-443845.330,-1172382.560,374.190,0.010
-443845.600,-1172382.320,374.172,0.008
-443845.850,-1172382.090,374.182,0.008
-443846.409,-1172381.590,374.170,0.010
-443846.669,-1172381.360,374.160,0.010
-443847.230,-1172380.860,374.160,0.010
-443847.760,-1172380.390,374.183,0.007
-443848.050,-1172380.130,374.215,0.005
-443836.880,-1172389.620,374.280,0.010
-443837.420,-1172389.140,374.271,0.009
-443837.690,-1172388.900,374.284,0.006
-443837.940,-1172388.670,374.261,0.009
-443838.220,-1172388.420,374.250,0.010
-443838.500,-1172388.170,374.251,0.009
-443839.050,-1172387.690,374.263,0.007
-443839.310,-1172387.450,374.253,0.007
-443840.140,-1172386.710,374.232,0.008
-443842.090,-1172384.970,374.242,0.008
-443842.350,-1172384.730,374.230,0.010
-443842.620,-1172384.490,374.231,0.009
-443842.890,-1172384.250,374.211,0.009
-443844.820,-1172382.530,374.211,0.009
-443834.580,-1172391.340,373.823,0.007
-443836.390,-1172389.730,374.272,0.008
-443837.500,-1172388.730,374.273,0.007
-443837.760,-1172388.500,374.251,0.009
-443838.059,-1172388.240,374.260,0.010
-443839.119,-1172387.290,374.252,0.008
-443839.400,-1172387.040,374.245,0.005
-443839.650,-1172386.810,374.253,0.007
-443841.030,-1172385.580,374.213,0.007
-443841.560,-1172385.110,374.230,0.010
-443841.840,-1172384.850,374.242,0.008
-443842.140,-1172384.590,374.220,0.010
-443842.680,-1172384.110,374.202,0.008
-443842.970,-1172383.850,374.190,0.010
-443844.040,-1172382.890,374.183,0.007
-443845.160,-1172381.890,374.182,0.008
-443845.440,-1172381.650,374.181,0.009
-443845.979,-1172381.160,374.181,0.009
-443846.250,-1172380.920,374.174,0.006
-443846.790,-1172380.430,374.203,0.007
-443847.059,-1172380.200,374.181,0.009
-443848.670,-1172378.750,374.205,0.005
-443834.190,-1172391.290,373.875,0.005
-443834.460,-1172391.060,373.834,0.006
-443835.720,-1172389.930,374.313,0.007
-443836.000,-1172389.680,374.292,0.008
-443836.260,-1172389.450,374.294,0.006
-443836.810,-1172388.950,374.270,0.010
-443837.360,-1172388.460,374.295,0.005
-443837.640,-1172388.210,374.263,0.007
-443837.930,-1172387.950,374.284,0.006
-443838.480,-1172387.470,374.261,0.009
-443838.740,-1172387.230,374.271,0.009
-443839.290,-1172386.740,374.264,0.006
-443839.560,-1172386.500,374.263,0.007
-443840.630,-1172385.540,374.251,0.009
-443840.900,-1172385.300,374.242,0.008
-443841.170,-1172385.060,374.244,0.006
-443841.440,-1172384.820,374.232,0.008
-443842.270,-1172384.070,374.230,0.010
-443842.530,-1172383.840,374.224,0.006
-443842.820,-1172383.590,374.225,0.005
-443843.090,-1172383.340,374.212,0.008
-443843.940,-1172382.590,374.202,0.008
-443844.210,-1172382.350,374.192,0.008
-443845.840,-1172380.890,374.183,0.007
-443846.130,-1172380.630,374.195,0.005
-443846.410,-1172380.380,374.214,0.006
-443846.960,-1172379.880,374.233,0.007
-443847.220,-1172379.650,374.221,0.009
-443848.300,-1172378.690,374.213,0.007
-443848.560,-1172378.460,374.212,0.008
-443834.260,-1172390.770,373.816,0.004
-443835.800,-1172389.390,374.274,0.006
-443836.090,-1172389.140,374.262,0.008
-443836.360,-1172388.890,374.251,0.009
-443836.640,-1172388.640,374.264,0.006
-443836.910,-1172388.410,374.244,0.006
-443837.180,-1172388.170,374.242,0.008
-443837.440,-1172387.930,374.241,0.009
-443837.730,-1172387.680,374.261,0.009
-443838.010,-1172387.420,374.241,0.009
-443838.280,-1172387.180,374.264,0.006
-443838.550,-1172386.940,374.242,0.008
-443838.840,-1172386.680,374.242,0.008
-443839.390,-1172386.190,374.252,0.008
-443839.669,-1172385.940,374.234,0.006
-443840.220,-1172385.449,374.221,0.009
-443841.550,-1172384.260,374.201,0.009
-443843.210,-1172382.780,374.180,0.010
-443846.210,-1172380.100,374.151,0.009
-443847.050,-1172379.350,374.181,0.009
-443835.880,-1172388.870,374.283,0.007
-443836.150,-1172388.630,374.270,0.010
-443836.420,-1172388.400,374.283,0.007
-443836.690,-1172388.150,374.270,0.010
-443837.270,-1172387.630,374.260,0.010
-443838.090,-1172386.900,374.261,0.009
-443838.360,-1172386.660,374.273,0.007
-443838.620,-1172386.420,374.280,0.010
-443838.890,-1172386.180,374.221,0.009
-443839.470,-1172385.670,374.294,0.006
-443840.560,-1172384.690,374.231,0.009
-443841.390,-1172383.950,374.212,0.008
-443841.650,-1172383.720,374.201,0.009
-443845.730,-1172380.070,374.181,0.009
-443846.560,-1172379.330,374.181,0.009
-443848.400,-1172376.939,374.191,0.009
-443836.210,-1172388.250,374.261,0.009
-443837.040,-1172387.510,374.232,0.008
-443837.569,-1172387.040,374.252,0.008
-443837.860,-1172386.780,374.242,0.008
-443838.140,-1172386.530,374.241,0.009
-443838.410,-1172386.290,374.221,0.009
-443840.340,-1172384.560,374.221,0.009
-443840.590,-1172384.340,374.201,0.009
-443843.590,-1172381.661,374.172,0.008
-443846.050,-1172379.460,374.163,0.007
-443845.950,-1172378.600,374.184,0.006
-443846.220,-1172378.360,374.172,0.008
-443835.809,-1172388.190,374.304,0.006
-443836.090,-1172387.950,374.304,0.006
-443836.350,-1172387.710,374.296,0.004
-443836.640,-1172387.460,374.283,0.007
-443836.899,-1172387.220,374.282,0.008
-443837.160,-1172386.990,374.283,0.007
-443837.450,-1172386.730,374.294,0.006
-443837.710,-1172386.500,374.272,0.008
-443837.980,-1172386.260,374.231,0.009
-443840.210,-1172384.260,374.255,0.005
-443842.110,-1172382.560,374.201,0.009
-443842.680,-1172382.060,374.200,0.010
-443843.220,-1172381.580,374.181,0.009
-443843.480,-1172381.340,374.184,0.006
-443844.290,-1172380.610,374.184,0.006
-443844.550,-1172380.380,374.172,0.008
-443844.820,-1172380.140,374.181,0.009
-443845.100,-1172379.890,374.181,0.009
-443846.450,-1172378.680,374.183,0.007
-443846.740,-1172378.420,374.202,0.008
-443847.010,-1172378.180,374.200,0.010
-443847.280,-1172377.940,374.210,0.010
-443842.780,-1172380.890,374.184,0.006
-443844.170,-1172379.640,374.163,0.007
-443844.460,-1172379.390,374.172,0.008
-443845.810,-1172378.170,374.194,0.006
-443846.080,-1172377.930,374.205,0.005
-443846.340,-1172377.700,374.185,0.005
-443846.610,-1172377.460,374.205,0.005
-443846.890,-1172377.210,374.197,0.003
-443847.150,-1172376.970,374.195,0.005
-443847.410,-1172376.750,374.174,0.006
-443847.700,-1172376.490,374.221,0.009
-443834.050,-1172389.240,373.857,0.003
-443835.870,-1172387.610,374.297,0.003
-443836.140,-1172387.370,374.306,0.004
-443836.399,-1172387.140,374.293,0.007
-443839.030,-1172384.790,377.463,0.007
-443839.570,-1172384.300,377.473,0.007
-443842.130,-1172382.010,374.181,0.009
-443842.410,-1172381.770,374.162,0.008
-443844.060,-1172380.290,374.155,0.005
-443840.330,-1172382.600,377.484,0.006
-443841.770,-1172381.320,374.204,0.006
-443842.050,-1172381.070,374.175,0.005
-443842.600,-1172380.580,374.164,0.006
-443842.880,-1172380.330,374.153,0.007
-443843.150,-1172380.090,374.152,0.008
-443844.230,-1172379.120,374.166,0.004
-443844.510,-1172378.870,374.121,0.009
-443845.050,-1172378.380,374.131,0.009
-443845.630,-1172377.870,374.142,0.008
-443846.170,-1172377.380,374.163,0.007
-443847.230,-1172376.440,374.153,0.007
-443834.440,-1172388.350,373.833,0.007
-443835.710,-1172387.210,374.316,0.004
-443835.990,-1172386.960,374.293,0.007
-443838.620,-1172384.600,377.500,0.010
-443838.890,-1172384.360,377.481,0.009
-443839.150,-1172384.130,377.465,0.005
-443839.430,-1172383.880,377.476,0.004
-443839.700,-1172383.630,377.505,0.005
-443836.930,-1172385.200,377.552,0.008
-443837.189,-1172384.960,377.531,0.009
-443837.450,-1172384.730,377.523,0.007
-443837.710,-1172384.490,377.515,0.005
-443837.980,-1172384.260,377.515,0.005
-443838.260,-1172384.010,377.504,0.006
-443838.539,-1172383.760,377.483,0.007
-443838.800,-1172383.520,377.453,0.007
-443839.080,-1172383.270,377.485,0.005
-443839.920,-1172382.520,377.505,0.005
-443840.200,-1172382.270,377.495,0.006
-443842.130,-1172380.550,374.184,0.006
-443842.410,-1172380.290,374.183,0.007
-443842.950,-1172379.810,374.165,0.005
-443843.210,-1172379.570,374.165,0.005
-443843.500,-1172379.320,374.174,0.006
-443845.980,-1172377.100,374.161,0.009
-443834.260,-1172388.030,373.804,0.006
-443834.560,-1172387.770,373.803,0.007
-443835.789,-1172386.670,374.283,0.007
-443837.920,-1172384.760,377.484,0.006
-443838.180,-1172384.520,377.495,0.005
-443838.450,-1172384.290,377.471,0.009
-443838.740,-1172384.030,377.465,0.005
-443839.000,-1172383.800,377.482,0.008
-443839.540,-1172383.310,377.454,0.006
-443839.810,-1172383.070,377.442,0.008
-443840.080,-1172382.830,377.475,0.005
-443836.650,-1172384.870,377.502,0.008
-443836.910,-1172384.640,377.522,0.008
-443837.170,-1172384.410,377.503,0.007
-443837.459,-1172384.140,377.493,0.007
-443838.020,-1172383.640,377.493,0.007
-443838.300,-1172383.390,377.470,0.010
-443838.570,-1172383.150,377.462,0.008
-443838.840,-1172382.910,377.472,0.008
-443839.370,-1172382.440,377.473,0.007
-443841.310,-1172380.700,377.485,0.005
-443845.180,-1172377.240,374.152,0.008
-443846.000,-1172376.510,374.150,0.010
-443846.810,-1172375.780,374.132,0.008
-443847.100,-1172375.520,374.174,0.006
-443847.650,-1172375.030,374.151,0.009
-443847.930,-1172374.780,374.161,0.009
-443834.080,-1172387.750,373.843,0.007
-443836.350,-1172384.620,377.543,0.007
-443836.610,-1172384.390,377.542,0.008
-443836.890,-1172384.130,377.555,0.005
-443837.430,-1172383.650,377.544,0.006
-443837.710,-1172383.400,377.512,0.008
-443837.980,-1172383.160,377.523,0.007
-443838.250,-1172382.920,377.492,0.008
-443838.530,-1172382.670,377.506,0.004
-443838.830,-1172382.400,377.503,0.007
-443841.020,-1172380.440,377.546,0.004
-443841.280,-1172380.210,377.502,0.008
-443844.860,-1172377.010,374.162,0.008
-443845.120,-1172376.770,374.180,0.010
-443845.680,-1172376.270,374.173,0.007
-443847.070,-1172375.030,374.193,0.007
-443838.050,-1172382.700,377.491,0.009
-443839.710,-1172381.210,377.452,0.008
-443839.990,-1172380.960,377.483,0.007
-443840.260,-1172380.720,377.474,0.006
-443840.830,-1172380.210,377.522,0.008
-443841.080,-1172379.990,377.473,0.007
-443841.350,-1172379.750,377.502,0.008
-443845.490,-1172376.040,374.153,0.007
-443845.760,-1172375.790,374.122,0.008
-443846.040,-1172375.550,374.151,0.009
-443846.300,-1172375.310,374.151,0.009
-443846.570,-1172375.070,374.151,0.009
-443846.870,-1172374.800,374.163,0.007
-443847.410,-1172374.310,374.172,0.008
-443847.990,-1172373.800,374.213,0.007
-443843.959,-1172376.990,374.142,0.008
-443844.219,-1172376.760,374.154,0.006
-443844.490,-1172376.520,374.153,0.007
-443845.020,-1172376.040,374.173,0.007
-443845.290,-1172375.800,374.162,0.008
-443846.370,-1172374.830,374.174,0.006
-443846.940,-1172374.320,374.193,0.007
-443847.470,-1172373.850,374.193,0.007
-443848.320,-1172373.090,374.226,0.004
-443835.650,-1172384.840,377.521,0.009
-443835.910,-1172384.610,377.535,0.005
-443836.160,-1172384.390,377.532,0.008
-443836.440,-1172384.140,377.544,0.006
-443836.700,-1172383.900,377.522,0.008
-443836.970,-1172383.660,377.512,0.008
-443837.230,-1172383.430,377.523,0.007
-443837.510,-1172383.180,377.513,0.007
-443837.800,-1172382.920,377.494,0.006
-443844.270,-1172376.200,374.152,0.008
-443844.540,-1172375.960,374.142,0.008
-443844.830,-1172375.700,374.144,0.006
-443845.080,-1172375.480,374.152,0.008
-443845.360,-1172375.230,374.141,0.009
-443845.899,-1172374.750,374.151,0.009
-443846.160,-1172374.510,374.162,0.008
-443847.510,-1172373.300,374.171,0.009
-443834.899,-1172385.100,377.591,0.009
-443835.169,-1172384.860,377.551,0.009
-443835.440,-1172384.610,377.544,0.006
-443835.710,-1172384.370,377.543,0.007
-443835.990,-1172384.130,377.530,0.010
-443836.250,-1172383.890,377.531,0.009
-443836.540,-1172383.630,377.521,0.009
-443837.880,-1172382.430,377.525,0.005
-443839.230,-1172381.220,377.515,0.005
-443839.500,-1172380.980,377.482,0.008
-443839.770,-1172380.740,377.475,0.005
-443840.040,-1172380.500,377.502,0.008
-443840.890,-1172379.740,377.511,0.009
-443835.180,-1172384.340,377.523,0.007
-443835.480,-1172384.080,377.533,0.007
-443835.760,-1172383.830,377.522,0.008
-443836.010,-1172383.600,377.533,0.007
-443836.280,-1172383.350,377.503,0.007
-443839.270,-1172380.680,377.495,0.005
-443835.150,-1172383.891,377.530,0.010
-443835.420,-1172383.650,377.530,0.010
-443835.950,-1172383.170,377.523,0.007
-443836.210,-1172382.940,377.533,0.007
-443838.700,-1172380.720,377.502,0.008
-443838.980,-1172380.460,377.492,0.008
-443839.490,-1172380.000,377.474,0.006
-443839.750,-1172379.770,377.462,0.008
-443841.730,-1172378.000,374.194,0.006
-443842.000,-1172377.760,374.134,0.006
-443845.030,-1172375.050,374.172,0.008
-443835.069,-1172383.610,377.512,0.008
-443835.330,-1172383.380,377.511,0.009
-443835.630,-1172383.110,377.531,0.009
-443838.340,-1172380.680,377.461,0.009
-443838.920,-1172380.160,377.493,0.007
-443840.010,-1172379.180,377.503,0.007
-443841.680,-1172377.690,374.153,0.007
-443841.950,-1172377.450,374.153,0.007
-443843.030,-1172376.480,374.141,0.009
-443843.890,-1172375.710,374.152,0.008
-443844.160,-1172375.470,374.151,0.009
-443844.700,-1172374.980,374.150,0.010
-443845.240,-1172374.500,374.172,0.008
-443834.920,-1172383.360,377.554,0.006
-443835.190,-1172383.130,377.562,0.008
-443835.470,-1172382.870,377.552,0.008
-443837.679,-1172380.900,377.511,0.009
-443839.040,-1172379.680,377.524,0.006
-443839.289,-1172379.450,377.490,0.010
-443841.540,-1172377.430,374.183,0.007
-443843.170,-1172375.980,374.161,0.009
-443843.440,-1172375.729,374.172,0.008
-443843.710,-1172375.490,374.173,0.007
-443843.990,-1172375.250,374.173,0.007
-443844.260,-1172375.000,374.181,0.009
-443844.540,-1172374.750,374.184,0.006
-443844.830,-1172374.490,374.193,0.007
-443845.110,-1172374.240,374.173,0.007
-443845.369,-1172374.010,374.180,0.010
-443846.179,-1172373.290,374.182,0.008
-443847.000,-1172372.540,374.193,0.007
-443833.640,-1172384.090,377.533,0.007
-443833.920,-1172383.850,377.533,0.007
-443834.970,-1172382.900,377.546,0.004
-443837.979,-1172380.210,377.500,0.010
-443838.270,-1172379.950,377.503,0.007
-443838.560,-1172379.690,377.512,0.008
-443841.360,-1172377.180,374.182,0.008
-443841.870,-1172376.720,374.151,0.009
-443842.940,-1172375.760,374.153,0.007
-443843.770,-1172375.020,374.172,0.008
-443844.040,-1172374.780,374.173,0.007
-443844.320,-1172374.530,374.185,0.005
-443845.700,-1172373.290,374.175,0.005
-443846.250,-1172372.800,374.162,0.008
-443847.050,-1172372.090,374.195,0.005
-443847.620,-1172371.571,374.190,0.010
-443847.870,-1172371.350,374.192,0.008
-443837.950,-1172379.800,377.502,0.008
-443841.060,-1172377.020,374.192,0.008
-443841.590,-1172376.540,374.173,0.007
-443842.660,-1172375.580,374.152,0.008
-443842.930,-1172375.340,374.185,0.005
-443843.190,-1172375.110,374.183,0.007
-443843.740,-1172374.620,374.193,0.007
-443847.560,-1172371.190,374.201,0.009
-443833.380,-1172384.320,377.553,0.007
-443840.970,-1172376.790,374.152,0.008
-443841.519,-1172376.290,374.142,0.008
-443842.080,-1172375.800,374.152,0.008
-443844.520,-1172373.610,374.183,0.007
-443844.790,-1172373.370,374.165,0.005
-443831.970,-1172385.160,377.602,0.008
-443833.349,-1172383.920,377.561,0.009
-443833.630,-1172383.670,377.551,0.009
-443833.890,-1172383.430,377.540,0.010
-443841.239,-1172376.240,374.161,0.009
-443842.040,-1172375.520,374.151,0.009
-443844.810,-1172373.040,374.194,0.006
-443833.280,-1172383.680,377.551,0.009
-443833.570,-1172383.420,377.531,0.009
-443837.389,-1172379.990,377.543,0.007
-443837.649,-1172379.770,377.513,0.007
-443837.890,-1172379.550,377.503,0.007
-443838.180,-1172379.290,377.511,0.009
-443845.600,-1172371.900,374.191,0.009
-443845.870,-1172371.660,374.191,0.009
-443846.130,-1172371.429,374.182,0.008
-443832.429,-1172384.130,377.572,0.008
-443832.709,-1172383.890,377.562,0.008
-443833.820,-1172382.889,377.531,0.009
-443835.810,-1172381.100,374.271,0.009
-443837.390,-1172379.690,377.555,0.005
-443837.659,-1172379.450,377.540,0.010
-443837.910,-1172379.220,377.530,0.010
-443839.320,-1172377.960,374.193,0.007
-443840.690,-1172376.730,374.162,0.008
-443840.970,-1172376.490,374.183,0.007
-443830.300,-1172385.610,377.670,0.010
-443830.800,-1172385.170,377.584,0.006
-443831.050,-1172384.940,377.582,0.008
-443831.350,-1172384.670,377.582,0.008
-443832.699,-1172383.470,377.540,0.010
-443833.510,-1172382.740,377.530,0.010
-443837.090,-1172379.530,377.545,0.005
-443837.380,-1172379.270,377.523,0.007
-443839.020,-1172377.800,374.204,0.006
-443840.910,-1172376.110,374.153,0.007
-443841.200,-1172375.850,374.165,0.005
-443843.940,-1172373.390,374.192,0.008
-443844.520,-1172372.870,374.184,0.006
-443844.789,-1172372.630,374.172,0.008
-443830.029,-1172385.310,377.642,0.008
-443830.290,-1172385.090,377.615,0.005
-443830.560,-1172384.840,377.591,0.009
-443831.110,-1172384.350,377.584,0.006
-443832.979,-1172382.670,377.562,0.008
-443835.520,-1172380.400,374.270,0.010
-443835.790,-1172380.150,374.276,0.004
-443838.250,-1172377.950,374.214,0.006
-443839.050,-1172377.230,374.211,0.009
-443839.590,-1172376.750,374.192,0.008
-443839.870,-1172376.490,374.192,0.008
-443840.390,-1172376.040,374.193,0.007
-443840.670,-1172375.780,374.174,0.006
-443840.930,-1172375.550,374.185,0.005
-443841.760,-1172374.800,374.155,0.005
-443844.220,-1172372.600,374.222,0.008
-443844.500,-1172372.350,374.192,0.008
-443844.780,-1172372.090,374.211,0.009
-443845.040,-1172371.860,374.200,0.010
-443845.610,-1172371.360,374.202,0.008
-443830.369,-1172384.580,377.600,0.010
-443831.200,-1172383.830,377.592,0.008
-443832.009,-1172383.110,377.571,0.009
-443835.340,-1172380.120,374.277,0.003
-443835.620,-1172379.870,374.286,0.004
-443835.890,-1172379.630,374.262,0.008
-443836.180,-1172379.370,374.284,0.006
-443836.690,-1172378.910,374.232,0.008
-443837.250,-1172378.410,374.265,0.005
-443837.530,-1172378.160,374.221,0.009
-443838.050,-1172377.690,374.214,0.006
-443838.880,-1172376.950,374.194,0.006
-443839.960,-1172375.980,374.205,0.005
-443840.240,-1172375.730,374.183,0.007
-443840.490,-1172375.510,374.152,0.008
-443841.029,-1172375.020,374.175,0.005
-443841.310,-1172374.770,374.162,0.008
-443842.110,-1172374.060,374.183,0.007
-443843.500,-1172372.810,374.194,0.006
-443843.760,-1172372.570,374.194,0.006
-443844.040,-1172372.320,374.203,0.007
-443844.330,-1172372.060,374.214,0.006
-443844.610,-1172371.810,374.203,0.007
-443845.140,-1172371.330,374.213,0.007
-443845.410,-1172371.090,374.225,0.005
-443829.090,-1172385.300,377.633,0.007
-443830.180,-1172384.310,377.611,0.009
-443830.440,-1172384.080,377.602,0.008
-443830.720,-1172383.830,377.601,0.009
-443831.270,-1172383.340,377.601,0.009
-443831.550,-1172383.090,377.604,0.006
-443832.109,-1172382.580,377.582,0.008
-443835.420,-1172379.620,374.287,0.003
-443835.680,-1172379.380,374.271,0.009
-443836.520,-1172378.630,374.275,0.005
-443837.080,-1172378.130,374.234,0.006
-443838.150,-1172377.170,374.244,0.006
-443838.430,-1172376.920,374.224,0.006
-443838.700,-1172376.680,374.225,0.005
-443839.530,-1172375.930,374.194,0.006
-443839.790,-1172375.700,374.193,0.007
-443840.070,-1172375.450,374.190,0.010
-443840.890,-1172374.720,374.204,0.006
-443841.409,-1172374.240,374.191,0.009
-443843.030,-1172372.790,374.206,0.004
-443844.400,-1172371.570,374.235,0.005
-443836.299,-1172378.300,374.250,0.010
-443836.560,-1172378.060,374.273,0.007
-443836.830,-1172377.820,374.246,0.004
-443837.110,-1172377.570,374.211,0.009
-443838.220,-1172376.570,374.213,0.007
-443838.480,-1172376.340,374.204,0.006
-443838.740,-1172376.110,374.204,0.006
-443839.010,-1172375.870,374.191,0.009
-443839.290,-1172375.610,374.191,0.009
-443839.570,-1172375.370,374.184,0.006
-443839.820,-1172375.140,374.184,0.006
-443840.120,-1172374.870,374.182,0.008
-443840.390,-1172374.630,374.181,0.009
-443840.680,-1172374.370,374.201,0.009
-443840.940,-1172374.140,374.184,0.006
-443841.219,-1172373.890,374.162,0.008
-443841.770,-1172373.400,374.191,0.009
-443842.300,-1172372.920,374.181,0.009
-443842.820,-1172372.450,374.202,0.008
-443843.630,-1172371.730,374.214,0.006
-443844.180,-1172371.240,374.203,0.007
-443836.300,-1172377.770,374.252,0.008
-443836.580,-1172377.520,374.242,0.008
-443836.840,-1172377.290,374.223,0.007
-443837.120,-1172377.040,374.232,0.008
-443837.670,-1172376.550,374.223,0.007
-443837.929,-1172376.310,374.231,0.009
-443838.760,-1172375.570,374.195,0.005
-443839.050,-1172375.310,374.202,0.008
-443839.330,-1172375.060,374.182,0.008
-443839.590,-1172374.820,374.216,0.004
-443839.850,-1172374.590,374.184,0.006
-443840.110,-1172374.360,374.173,0.007
-443840.400,-1172374.090,374.182,0.008
-443840.940,-1172373.610,374.203,0.007
-443841.230,-1172373.360,374.195,0.005
-443841.510,-1172373.110,374.203,0.007
-443841.790,-1172372.850,374.193,0.007
-443842.050,-1172372.620,374.212,0.008
-443842.600,-1172372.120,374.215,0.005
-443842.880,-1172371.880,374.215,0.005
-443843.420,-1172371.390,374.224,0.006
-443843.680,-1172371.160,374.235,0.005
-443828.860,-1172384.970,377.634,0.006
-443829.130,-1172384.720,377.636,0.004
-443829.390,-1172384.500,377.633,0.007
-443829.669,-1172384.240,377.601,0.009
-443830.790,-1172383.240,377.606,0.004
-443836.260,-1172377.440,374.254,0.006
-443836.520,-1172377.210,374.252,0.008
-443837.330,-1172376.480,374.245,0.005
-443837.580,-1172376.260,374.234,0.006
-443837.880,-1172375.990,374.211,0.009
-443838.420,-1172375.500,374.211,0.009
-443838.690,-1172375.260,374.205,0.005
-443838.960,-1172375.020,374.195,0.005
-443839.230,-1172374.780,374.191,0.009
-443839.490,-1172374.550,374.174,0.006
-443839.780,-1172374.290,374.191,0.009
-443840.070,-1172374.030,374.181,0.009
-443840.340,-1172373.790,374.183,0.007
-443840.890,-1172373.290,374.203,0.007
-443841.410,-1172372.820,374.204,0.006
-443841.690,-1172372.580,374.203,0.007
-443841.980,-1172372.320,374.191,0.009
-443842.520,-1172371.830,374.205,0.005
-443843.090,-1172371.310,374.203,0.007
-443843.360,-1172371.080,374.236,0.004
-443828.610,-1172384.670,377.623,0.007
-443828.880,-1172384.430,377.634,0.006
-443829.160,-1172384.180,377.622,0.008
-443829.710,-1172383.690,377.631,0.009
-443829.979,-1172383.440,377.620,0.010
-443830.790,-1172382.720,377.590,0.010
-443831.070,-1172382.460,377.604,0.006
-443840.280,-1172373.440,374.205,0.005
-443840.830,-1172372.940,374.224,0.006
-443841.120,-1172372.690,374.225,0.005
-443841.390,-1172372.440,374.226,0.004
-443841.680,-1172372.180,374.216,0.004
-443841.950,-1172371.940,374.236,0.004
-443842.220,-1172371.700,374.236,0.004
-443842.470,-1172371.480,374.233,0.007
-443828.320,-1172384.570,377.661,0.009
-443828.560,-1172384.350,377.642,0.008
-443828.830,-1172384.100,377.631,0.009
-443829.110,-1172383.860,377.622,0.008
-443829.360,-1172383.630,377.601,0.009
-443829.920,-1172383.130,377.633,0.007
-443834.220,-1172379.270,373.814,0.006
-443828.539,-1172383.970,377.652,0.008
-443828.820,-1172383.720,377.641,0.009
-443829.360,-1172383.230,377.634,0.006
-443829.620,-1172383.000,377.625,0.005
-443829.890,-1172382.760,377.615,0.005
-443830.160,-1172382.520,377.614,0.006
-443836.240,-1172377.060,374.261,0.009
-443836.510,-1172376.820,374.242,0.008
-443836.780,-1172376.570,374.242,0.008
-443837.040,-1172376.340,374.255,0.005
-443837.310,-1172376.100,374.234,0.006
-443837.570,-1172375.870,374.235,0.005
-443837.830,-1172375.630,374.224,0.006
-443838.110,-1172375.390,374.214,0.006
-443838.380,-1172375.140,374.225,0.005
-443838.640,-1172374.900,374.215,0.005
-443838.920,-1172374.660,374.215,0.005
-443839.180,-1172374.420,374.204,0.006
-443839.739,-1172373.920,374.202,0.008
-443828.390,-1172383.620,377.663,0.007
-443828.669,-1172383.370,377.645,0.005
-443828.960,-1172383.110,377.621,0.009
-443829.500,-1172382.630,377.622,0.008
-443829.780,-1172382.370,377.623,0.007
-443835.550,-1172377.190,374.274,0.006
-443835.830,-1172376.940,374.275,0.005
-443836.380,-1172376.450,374.275,0.005
-443836.650,-1172376.210,374.264,0.006
-443836.920,-1172375.960,374.246,0.004
-443837.200,-1172375.710,374.224,0.006
-443837.460,-1172375.480,374.237,0.003
-443837.750,-1172375.230,374.236,0.004
-443838.010,-1172374.990,374.226,0.004
-443838.270,-1172374.760,374.223,0.007
-443838.529,-1172374.520,374.203,0.007
-443839.080,-1172374.020,374.212,0.008
-443839.340,-1172373.800,374.215,0.005
-443839.600,-1172373.570,374.206,0.004
-443839.890,-1172373.300,374.214,0.006
-443840.150,-1172373.070,374.224,0.006
-443840.430,-1172372.820,374.224,0.006
-443840.700,-1172372.570,374.214,0.006
-443840.980,-1172372.330,374.212,0.008
-443841.230,-1172372.090,374.213,0.007
-443841.520,-1172371.840,374.243,0.007
-443841.800,-1172371.590,374.224,0.006
-443842.090,-1172371.330,374.234,0.006
-443828.430,-1172383.100,377.655,0.005
-443828.680,-1172382.870,377.615,0.005
-443828.970,-1172382.620,377.625,0.005
-443835.590,-1172376.680,374.271,0.009
-443835.840,-1172376.450,374.251,0.009
-443836.390,-1172375.950,374.254,0.006
-443836.660,-1172375.710,374.244,0.006
-443836.930,-1172375.470,374.233,0.007
-443837.220,-1172375.210,374.244,0.006
-443837.490,-1172374.960,374.224,0.006
-443837.760,-1172374.720,374.221,0.009
-443838.320,-1172374.220,374.212,0.008
-443838.840,-1172373.750,374.201,0.009
-443839.900,-1172372.800,374.204,0.006
-443840.460,-1172372.300,374.225,0.005
-443840.720,-1172372.070,374.227,0.003
-443841.550,-1172371.320,374.222,0.008
-443828.230,-1172382.850,377.672,0.008
-443828.500,-1172382.610,377.641,0.009
-443835.359,-1172376.460,374.272,0.009
-443835.930,-1172375.950,374.242,0.008
-443836.200,-1172375.710,374.243,0.007
-443836.480,-1172375.450,374.274,0.006
-443836.739,-1172375.220,374.222,0.008
-443837.270,-1172374.740,374.216,0.004
-443838.100,-1172374.000,374.221,0.009
-443838.360,-1172373.760,374.213,0.007
-443839.200,-1172373.010,374.211,0.009
-443839.470,-1172372.770,374.213,0.007
-443840.020,-1172372.270,374.202,0.008
-443840.280,-1172372.040,374.220,0.010
-443840.550,-1172371.800,374.235,0.005
-443840.810,-1172371.560,374.225,0.005
-443835.509,-1172375.900,374.273,0.007
-443835.799,-1172375.650,374.272,0.008
-443836.320,-1172375.180,374.255,0.005
-443836.610,-1172374.920,374.244,0.006
-443836.880,-1172374.670,374.244,0.006
-443837.150,-1172374.430,374.225,0.005
-443837.440,-1172374.170,374.226,0.004
-443837.720,-1172373.920,374.214,0.006
-443837.970,-1172373.700,374.222,0.008
-443839.070,-1172372.710,374.214,0.006
-443839.329,-1172372.479,374.223,0.007
-443839.609,-1172372.220,374.232,0.008
-443840.170,-1172371.720,374.222,0.008
-443840.440,-1172371.480,374.236,0.004
-443840.720,-1172371.230,374.244,0.006
-443770.060,-1172435.050,361.210,0.010
-443836.160,-1172374.780,374.254,0.006
-443836.430,-1172374.540,374.251,0.009
-443836.720,-1172374.290,374.233,0.007
-443836.980,-1172374.050,374.235,0.005
-443837.240,-1172373.820,374.236,0.004
-443837.520,-1172373.570,374.226,0.004
-443837.810,-1172373.310,374.228,0.002
-443838.080,-1172373.060,374.202,0.008
-443838.360,-1172372.810,374.223,0.007
-443838.920,-1172372.310,374.225,0.005
-443839.170,-1172372.080,374.233,0.007
-443839.430,-1172371.850,374.233,0.007
-443839.720,-1172371.590,374.241,0.009
-443769.390,-1172435.250,361.222,0.008
-443769.680,-1172434.990,361.201,0.009
-443769.360,-1172434.260,361.241,0.009
-443769.950,-1172433.730,361.274,0.006
-443770.230,-1172433.480,361.274,0.006
-443836.260,-1172374.200,374.272,0.008
-443837.310,-1172373.250,374.246,0.004
-443837.880,-1172372.750,374.236,0.004
-443838.960,-1172371.770,374.231,0.009
-443839.250,-1172371.520,374.242,0.008
-443768.680,-1172435.350,361.235,0.005
-443769.830,-1172434.320,361.275,0.005
-443769.040,-1172434.180,361.263,0.007
-443769.340,-1172433.920,361.250,0.010
-443833.639,-1172376.180,373.871,0.009
-443834.160,-1172375.710,373.844,0.006
-443835.399,-1172374.590,374.291,0.009
-443836.480,-1172373.620,374.242,0.008
-443836.760,-1172373.370,374.221,0.009
-443837.270,-1172372.910,374.246,0.004
-443837.830,-1172372.410,374.233,0.007
-443838.090,-1172372.180,374.253,0.007
-443838.360,-1172371.940,374.220,0.010
-443838.630,-1172371.690,374.241,0.009
-443838.920,-1172371.430,374.242,0.008
-443835.310,-1172373.840,374.276,0.004
-443835.570,-1172373.600,374.272,0.008
-443835.849,-1172373.349,374.240,0.010
-443836.380,-1172372.870,374.243,0.007
-443836.950,-1172372.360,374.212,0.008
-443837.230,-1172372.120,374.236,0.004
-443837.490,-1172371.880,374.234,0.006
-443767.620,-1172435.110,361.235,0.005
-443767.920,-1172434.840,361.231,0.009
-443768.520,-1172434.300,361.253,0.007
-443769.659,-1172433.269,361.251,0.009
-443833.650,-1172375.800,373.843,0.007
-443833.930,-1172375.560,373.854,0.006
-443834.180,-1172375.340,373.821,0.009
-443835.669,-1172373.990,374.252,0.008
-443835.970,-1172373.730,374.251,0.009
-443836.240,-1172373.480,374.243,0.007
-443836.510,-1172373.240,374.255,0.005
-443836.780,-1172373.000,374.234,0.006
-443837.050,-1172372.750,374.245,0.005
-443837.320,-1172372.510,374.224,0.006
-443837.590,-1172372.270,374.234,0.006
-443837.860,-1172372.030,374.243,0.007
-443838.120,-1172371.800,374.233,0.007
-443768.490,-1172433.380,361.292,0.008
-443768.790,-1172433.100,361.282,0.008
-443769.080,-1172432.850,361.281,0.009
-443769.650,-1172432.330,361.303,0.007
-443835.100,-1172373.550,374.296,0.004
-443835.350,-1172373.320,374.265,0.005
-443835.630,-1172373.070,374.271,0.009
-443835.909,-1172372.820,374.262,0.008
-443836.450,-1172372.340,374.220,0.010
-443836.720,-1172372.100,374.232,0.008
-443837.270,-1172371.599,374.242,0.008
-443768.700,-1172433.660,361.274,0.006
-443769.010,-1172433.380,361.285,0.005
-443767.100,-1172434.220,361.243,0.007
-443768.530,-1172432.940,361.281,0.009
-443768.800,-1172432.690,361.301,0.009
-443769.080,-1172432.440,361.293,0.007
-443769.400,-1172432.160,361.323,0.007
-443769.670,-1172431.920,361.324,0.006
-443835.370,-1172372.900,374.263,0.007
-443835.640,-1172372.660,374.263,0.007
-443835.900,-1172372.420,374.242,0.008
-443837.020,-1172371.420,374.242,0.008
-443837.289,-1172371.169,374.240,0.010
-443835.890,-1172371.520,374.267,0.003
-443765.110,-1172435.620,361.224,0.006
-443765.380,-1172435.370,361.211,0.009
-443765.990,-1172434.820,361.232,0.008
-443767.169,-1172433.760,361.262,0.008
-443768.040,-1172432.979,361.314,0.006
-443768.890,-1172432.210,361.323,0.007
-443769.460,-1172431.700,361.355,0.005
-443769.760,-1172431.430,361.331,0.009
-443835.139,-1172372.700,374.291,0.009
-443835.379,-1172372.480,374.270,0.010
-443835.660,-1172372.230,374.263,0.007
-443835.930,-1172371.990,374.272,0.008
-443836.200,-1172371.740,374.263,0.007
-443836.489,-1172371.490,374.261,0.009
-443835.520,-1172371.310,374.261,0.009
-443764.770,-1172435.430,361.214,0.006
-443765.370,-1172434.890,361.203,0.007
-443765.680,-1172434.610,361.257,0.003
-443765.960,-1172434.360,361.234,0.006
-443767.410,-1172433.050,361.295,0.005
-443769.170,-1172431.470,361.355,0.005
-443769.480,-1172431.190,361.363,0.007
-443835.079,-1172372.250,374.280,0.010
-443835.340,-1172372.010,374.280,0.010
-443764.360,-1172435.260,361.212,0.008
-443764.660,-1172434.990,361.222,0.008
-443764.940,-1172434.740,361.203,0.007
-443766.140,-1172433.660,361.265,0.005
-443766.720,-1172433.140,361.291,0.009
-443768.170,-1172431.830,361.345,0.005
-443769.670,-1172430.490,361.452,0.008
-443840.320,-1172366.210,370.363,0.007
-443764.650,-1172434.590,361.251,0.009
-443764.950,-1172434.320,361.245,0.005
-443765.520,-1172433.810,361.271,0.009
-443766.690,-1172432.760,361.303,0.007
-443767.900,-1172431.680,361.343,0.007
-443768.750,-1172430.910,361.392,0.008
-443769.350,-1172430.370,361.370,0.010
-443840.050,-1172366.030,370.385,0.005
-443840.320,-1172365.790,370.404,0.006
-443763.330,-1172435.420,361.221,0.009
-443764.490,-1172434.370,361.243,0.007
-443765.350,-1172433.600,361.284,0.007
-443766.200,-1172432.830,361.282,0.008
-443766.510,-1172432.560,361.295,0.005
-443767.400,-1172431.760,361.322,0.008
-443768.260,-1172430.980,361.374,0.006
-443769.159,-1172430.180,361.382,0.008
-443833.769,-1172372.100,373.790,0.010
-443762.440,-1172435.790,361.221,0.009
-443763.040,-1172435.250,361.233,0.007
-443763.610,-1172434.740,361.244,0.006
-443763.920,-1172434.460,361.244,0.006
-443764.490,-1172433.940,361.253,0.007
-443765.090,-1172433.410,361.283,0.007
-443765.390,-1172433.140,361.315,0.005
-443766.230,-1172432.380,361.313,0.007
-443766.510,-1172432.130,361.314,0.006
-443766.820,-1172431.850,361.345,0.005
-443767.680,-1172431.080,361.352,0.008
-443767.960,-1172430.830,361.383,0.007
-443768.270,-1172430.550,361.380,0.010
-443769.130,-1172429.779,361.422,0.008
-443833.520,-1172371.900,373.882,0.008
-443833.760,-1172371.680,373.854,0.006
-443834.020,-1172371.450,373.842,0.008
-443762.200,-1172435.490,361.212,0.008
-443762.810,-1172434.950,361.235,0.005
-443763.090,-1172434.690,361.250,0.010
-443763.970,-1172433.910,361.287,0.003
-443765.140,-1172432.850,361.312,0.008
-443765.430,-1172432.590,361.302,0.008
-443765.730,-1172432.320,361.282,0.008
-443766.310,-1172431.800,361.353,0.007
-443766.610,-1172431.530,361.344,0.006
-443769.180,-1172429.220,361.426,0.004
-443769.490,-1172428.940,361.473,0.007
-443840.060,-1172365.490,370.396,0.004
-443840.340,-1172365.240,370.404,0.006
-443761.670,-1172435.610,361.220,0.010
-443762.530,-1172434.840,361.245,0.005
-443762.830,-1172434.560,361.266,0.004
-443763.140,-1172434.290,361.263,0.007
-443763.740,-1172433.750,361.280,0.010
-443764.330,-1172433.220,361.323,0.007
-443764.600,-1172432.980,361.324,0.006
-443766.070,-1172431.650,361.346,0.004
-443768.130,-1172429.800,361.442,0.008
-443768.669,-1172429.310,361.450,0.010
-443768.960,-1172429.060,361.453,0.007
-443769.550,-1172428.520,361.463,0.007
-443769.809,-1172428.290,361.481,0.009
-443839.870,-1172365.300,370.420,0.010
-443840.140,-1172365.060,370.392,0.008
-443840.420,-1172364.810,370.414,0.006
-443761.580,-1172435.360,361.224,0.006
-443761.860,-1172435.110,361.231,0.009
-443763.020,-1172434.060,361.256,0.004
-443764.490,-1172432.740,361.283,0.007
-443764.790,-1172432.470,361.271,0.009
-443765.680,-1172431.670,361.342,0.008
-443766.850,-1172430.620,361.390,0.010
-443767.430,-1172430.100,361.391,0.009
-443768.030,-1172429.560,361.414,0.006
-443768.620,-1172429.030,361.442,0.008
-443769.190,-1172428.520,361.433,0.007
-443769.470,-1172428.260,361.464,0.006
-443769.750,-1172428.010,361.464,0.006
-443840.010,-1172364.830,370.370,0.010
-443840.290,-1172364.580,370.381,0.009
-443761.570,-1172434.880,361.245,0.005
-443762.720,-1172433.850,361.265,0.005
-443763.010,-1172433.590,361.275,0.005
-443763.270,-1172433.350,361.275,0.005
-443763.870,-1172432.810,361.315,0.005
-443764.170,-1172432.540,361.331,0.009
-443765.339,-1172431.490,361.352,0.008
-443765.930,-1172430.960,361.380,0.010
-443766.810,-1172430.170,361.421,0.009
-443767.680,-1172429.390,361.445,0.005
-443767.990,-1172429.110,361.476,0.004
-443768.270,-1172428.860,361.464,0.006
-443768.850,-1172428.330,361.473,0.007
-443838.410,-1172365.780,370.673,0.007
-443761.280,-1172435.630,361.233,0.007
-443761.180,-1172434.720,361.232,0.008
-443761.490,-1172434.440,361.255,0.005
-443761.770,-1172434.190,361.233,0.007
-443762.060,-1172433.920,361.253,0.007
-443762.340,-1172433.670,361.265,0.005
-443762.650,-1172433.400,361.272,0.008
-443763.220,-1172432.880,361.283,0.007
-443764.640,-1172431.610,361.323,0.007
-443765.829,-1172430.540,361.361,0.009
-443766.690,-1172429.760,361.394,0.006
-443767.600,-1172428.950,361.422,0.008
-443768.460,-1172428.170,361.452,0.008
-443769.040,-1172427.649,361.482,0.009
-443837.450,-1172366.120,370.695,0.005
-443837.710,-1172365.890,370.671,0.009
-443837.980,-1172365.640,370.651,0.009
-443838.260,-1172365.390,370.665,0.005
-443838.520,-1172365.160,370.634,0.006
-443840.090,-1172363.740,370.392,0.008
-443760.700,-1172435.661,361.210,0.010
-443760.990,-1172435.400,361.242,0.008
-443762.260,-1172433.340,361.324,0.006
-443762.550,-1172433.070,361.304,0.006
-443763.420,-1172432.290,361.342,0.008
-443764.860,-1172431.000,361.384,0.006
-443765.160,-1172430.730,361.386,0.004
-443765.720,-1172430.220,361.413,0.007
-443766.900,-1172429.160,361.450,0.010
-443767.460,-1172428.660,361.464,0.006
-443837.360,-1172365.790,370.685,0.005
-443837.630,-1172365.540,370.674,0.006
-443837.880,-1172365.310,370.681,0.009
-443838.160,-1172365.070,370.680,0.010
-443839.700,-1172363.680,370.401,0.009
-443840.270,-1172363.170,370.416,0.004
-443760.000,-1172435.780,361.201,0.009
-443760.289,-1172435.520,361.211,0.009
-443762.940,-1172432.250,361.316,0.004
-443763.230,-1172431.980,361.314,0.006
-443763.840,-1172431.440,361.366,0.004
-443764.110,-1172431.190,361.334,0.006
-443765.280,-1172430.140,361.392,0.008
-443765.570,-1172429.880,361.396,0.004
-443766.130,-1172429.380,361.413,0.007
-443767.580,-1172428.070,361.475,0.005
-443767.880,-1172427.800,361.482,0.008
-443768.180,-1172427.530,361.481,0.009
-443769.640,-1172426.220,361.512,0.008
-443836.380,-1172366.170,370.675,0.005
-443837.730,-1172364.960,370.652,0.008
-443837.980,-1172364.740,370.654,0.006
-443838.240,-1172364.500,370.643,0.007
-443838.510,-1172364.260,370.653,0.007
-443759.620,-1172435.710,361.225,0.005
-443759.920,-1172435.440,361.233,0.007
-443760.190,-1172435.190,361.261,0.009
-443760.780,-1172434.660,361.273,0.007
-443765.640,-1172429.250,361.435,0.005
-443766.230,-1172428.710,361.466,0.004
-443767.360,-1172427.690,361.513,0.007
-443767.660,-1172427.420,361.517,0.003
-443768.240,-1172426.910,361.543,0.007
-443768.520,-1172426.650,361.533,0.007
-443769.410,-1172425.860,361.564,0.006
-443835.830,-1172366.100,370.674,0.006
-443836.120,-1172365.840,370.674,0.006
-443836.400,-1172365.580,370.685,0.005
-443836.650,-1172365.360,370.662,0.008
-443838.050,-1172364.110,370.655,0.005
-443840.099,-1172362.250,370.371,0.009
-443840.370,-1172362.010,370.402,0.008
-443840.630,-1172361.780,370.374,0.006
-443759.140,-1172435.670,361.222,0.008
-443759.420,-1172435.410,361.213,0.007
-443759.690,-1172435.170,361.221,0.009
-443760.600,-1172434.350,361.242,0.008
-443761.770,-1172433.300,361.285,0.005
-443762.060,-1172433.040,361.305,0.005
-443762.350,-1172432.780,361.281,0.009
-443768.170,-1172426.430,361.502,0.008
-443768.470,-1172426.170,361.513,0.007
-443769.030,-1172425.660,361.533,0.007
-443769.340,-1172425.390,361.553,0.007
-443769.620,-1172425.140,361.542,0.008
-443835.500,-1172365.850,370.651,0.009
-443836.300,-1172365.130,370.643,0.007
-443836.560,-1172364.910,370.621,0.009
-443840.020,-1172361.780,370.390,0.010
-443758.620,-1172435.560,361.271,0.009
-443758.880,-1172435.330,361.213,0.007
-443759.170,-1172435.070,361.245,0.005
-443759.480,-1172434.780,361.264,0.006
-443759.760,-1172434.540,361.266,0.004
-443760.060,-1172434.260,361.297,0.003
-443760.650,-1172433.740,361.295,0.005
-443760.930,-1172433.490,361.295,0.005
-443761.530,-1172432.940,361.324,0.006
-443762.430,-1172432.130,361.353,0.007
-443762.710,-1172431.880,361.335,0.005
-443763.570,-1172431.100,361.394,0.006
-443764.470,-1172430.300,361.426,0.004
-443768.450,-1172425.770,361.533,0.007
-443769.320,-1172424.990,361.582,0.008
-443769.600,-1172424.740,361.582,0.008
-443835.170,-1172365.740,370.672,0.008
-443835.420,-1172365.510,370.674,0.006
-443835.690,-1172365.270,370.652,0.008
-443835.970,-1172365.010,370.663,0.007
-443836.260,-1172364.760,370.632,0.008
-443836.520,-1172364.520,370.665,0.005
-443836.810,-1172364.260,370.634,0.006
-443837.080,-1172364.020,370.642,0.008
-443837.340,-1172363.780,370.632,0.008
-443839.990,-1172361.400,370.394,0.006
-443758.850,-1172434.830,361.221,0.009
-443759.710,-1172434.050,361.232,0.008
-443760.300,-1172433.520,361.274,0.006
-443760.580,-1172433.270,361.263,0.007
-443760.880,-1172432.990,361.282,0.008
-443762.650,-1172431.400,361.321,0.009
-443763.250,-1172430.860,361.353,0.007
-443763.530,-1172430.610,361.361,0.009
-443764.400,-1172429.830,361.391,0.009
-443764.700,-1172429.560,361.405,0.005
-443765.280,-1172429.030,361.423,0.007
-443766.200,-1172428.210,361.543,0.007
-443835.010,-1172365.520,370.682,0.008
-443835.280,-1172365.290,370.674,0.006
-443835.550,-1172365.040,370.676,0.004
-443835.810,-1172364.810,370.655,0.005
-443836.090,-1172364.560,370.642,0.008
-443836.890,-1172363.840,370.634,0.006
-443837.170,-1172363.590,370.636,0.004
-443837.450,-1172363.340,370.613,0.007
-443839.830,-1172361.190,370.390,0.010
-443840.110,-1172360.940,370.394,0.006
-443840.380,-1172360.690,370.392,0.008
-443757.100,-1172435.990,361.210,0.010
-443757.670,-1172435.470,361.202,0.008
-443758.570,-1172434.660,361.231,0.009
-443759.990,-1172433.380,361.281,0.009
-443760.280,-1172433.120,361.304,0.006
-443760.600,-1172432.840,361.310,0.010
-443760.860,-1172432.610,361.322,0.008
-443762.900,-1172430.770,361.371,0.009
-443763.190,-1172430.510,361.402,0.008
-443764.690,-1172429.160,361.411,0.009
-443764.970,-1172428.900,361.443,0.007
-443765.240,-1172428.660,361.453,0.007
-443766.420,-1172427.600,361.503,0.007
-443767.040,-1172427.050,361.491,0.009
-443835.270,-1172364.800,370.643,0.007
-443835.820,-1172364.310,370.665,0.005
-443836.080,-1172364.080,370.633,0.007
-443837.160,-1172363.100,370.646,0.004
-443837.430,-1172362.860,370.626,0.004
-443839.809,-1172360.710,370.374,0.006
-443840.080,-1172360.470,370.396,0.004
-443840.360,-1172360.220,370.392,0.008
-443840.620,-1172359.990,370.334,0.006
-443756.970,-1172435.770,361.192,0.008
-443757.260,-1172435.510,361.202,0.008
-443758.429,-1172434.459,361.241,0.009
-443759.600,-1172433.400,361.240,0.010
-443760.780,-1172432.340,361.291,0.009
-443761.630,-1172431.580,361.341,0.009
-443763.960,-1172429.480,361.401,0.009
-443764.240,-1172429.230,361.412,0.008
-443764.520,-1172428.980,361.421,0.009
-443764.820,-1172428.710,361.433,0.007
-443766.310,-1172427.370,361.470,0.010
-443766.870,-1172426.860,361.525,0.005
-443767.160,-1172426.590,361.504,0.006
-443839.760,-1172360.300,370.372,0.008
-443840.050,-1172360.030,370.423,0.007
-443840.320,-1172359.790,370.372,0.008
-443756.380,-1172435.810,361.241,0.009
-443756.650,-1172435.570,361.225,0.005
-443757.550,-1172434.750,361.245,0.005
-443758.160,-1172434.210,361.273,0.007
-443758.720,-1172433.700,361.283,0.007
-443759.320,-1172433.160,361.304,0.006
-443761.390,-1172431.300,361.365,0.005
-443762.840,-1172429.990,361.415,0.005
-443764.250,-1172428.720,361.454,0.006
-443764.550,-1172428.450,361.484,0.006
-443765.140,-1172427.920,361.474,0.006
-443765.430,-1172427.660,361.526,0.004
-443766.010,-1172427.140,361.513,0.007
-443766.590,-1172426.620,361.524,0.006
-443767.210,-1172426.060,361.561,0.009
-443767.769,-1172425.549,361.582,0.008
-443834.230,-1172365.740,370.672,0.008
-443834.490,-1172365.510,370.674,0.006
-443835.040,-1172365.010,370.662,0.008
-443755.790,-1172435.880,361.240,0.010
-443756.380,-1172435.360,361.244,0.006
-443756.660,-1172435.110,361.242,0.008
-443756.950,-1172434.840,361.243,0.007
-443757.260,-1172434.560,361.257,0.003
-443757.540,-1172434.310,361.254,0.006
-443758.120,-1172433.790,361.285,0.005
-443758.420,-1172433.510,361.271,0.009
-443758.720,-1172433.240,361.274,0.006
-443759.320,-1172432.710,361.304,0.006
-443760.780,-1172431.400,361.344,0.006
-443761.070,-1172431.130,361.376,0.004
-443761.370,-1172430.860,361.394,0.006
-443762.550,-1172429.800,361.403,0.007
-443763.130,-1172429.270,361.425,0.005
-443763.410,-1172429.030,361.423,0.007
-443763.690,-1172428.780,361.453,0.007
-443763.980,-1172428.520,361.442,0.008
-443765.420,-1172427.210,361.491,0.009
-443766.000,-1172426.700,361.525,0.005
-443766.860,-1172425.920,361.543,0.007
-443767.750,-1172425.120,361.573,0.007
-443769.200,-1172423.820,361.626,0.004
-443769.500,-1172423.550,361.625,0.005
-443833.080,-1172366.310,370.713,0.007
-443834.160,-1172365.340,370.651,0.009
-443834.450,-1172365.070,370.652,0.008
-443835.530,-1172364.100,370.663,0.007
-443835.790,-1172363.870,370.643,0.007
-443836.050,-1172363.640,370.635,0.005
-443836.320,-1172363.390,370.652,0.008
-443836.580,-1172363.160,370.632,0.008
-443837.110,-1172362.680,370.623,0.007
-443837.370,-1172362.450,370.614,0.006
-443837.650,-1172362.190,370.613,0.007
-443757.060,-1172434.330,361.254,0.006
-443757.360,-1172434.060,361.284,0.006
-443758.550,-1172432.990,361.314,0.006
-443760.320,-1172431.400,361.342,0.008
-443760.890,-1172430.890,361.363,0.007
-443761.170,-1172430.640,361.393,0.007
-443764.980,-1172427.210,361.503,0.007
-443766.130,-1172426.170,361.512,0.008
-443766.390,-1172425.930,361.563,0.007
-443767.580,-1172424.860,361.592,0.008
-443767.860,-1172424.610,361.601,0.009
-443768.150,-1172424.350,361.613,0.007
-443833.200,-1172365.790,370.675,0.005
-443833.450,-1172365.560,370.663,0.007
-443833.720,-1172365.320,370.663,0.007
-443834.270,-1172364.830,370.653,0.007
-443834.540,-1172364.580,370.671,0.009
-443834.800,-1172364.340,370.644,0.006
-443835.630,-1172363.590,370.651,0.009
-443836.440,-1172362.870,370.633,0.007
-443836.720,-1172362.620,370.623,0.007
-443838.060,-1172361.420,370.611,0.009
-443763.660,-1172428.050,361.464,0.006
-443766.000,-1172425.940,361.535,0.005
-443766.290,-1172425.680,361.545,0.005
-443768.010,-1172424.130,361.603,0.007
-443832.180,-1172366.350,370.683,0.007
-443832.990,-1172365.620,370.695,0.005
-443833.270,-1172365.370,370.676,0.004
-443833.540,-1172365.120,370.686,0.004
-443833.810,-1172364.880,370.666,0.004
-443834.630,-1172364.140,370.647,0.003
-443834.900,-1172363.900,370.654,0.006
-443836.260,-1172362.680,370.625,0.005
-443836.540,-1172362.420,370.616,0.004
-443836.810,-1172362.180,370.613,0.008
-443837.890,-1172361.210,370.613,0.007
-443755.620,-1172435.630,361.210,0.010
-443755.920,-1172435.360,361.250,0.010
-443832.200,-1172365.800,370.673,0.007
-443832.460,-1172365.570,370.662,0.008
-443833.280,-1172364.830,370.634,0.006
-443833.550,-1172364.580,370.656,0.004
-443833.810,-1172364.350,370.645,0.005
-443834.080,-1172364.110,370.622,0.008
-443834.910,-1172363.360,370.624,0.006
-443835.480,-1172362.850,370.612,0.008
-443835.740,-1172362.620,370.625,0.005
-443836.010,-1172362.370,370.610,0.010
-443836.540,-1172361.900,370.611,0.009
-443836.820,-1172361.640,370.614,0.006
-443837.090,-1172361.400,370.592,0.008
-443837.930,-1172360.650,370.602,0.008
-443838.190,-1172360.410,370.603,0.007
-443840.269,-1172358.530,370.382,0.008
-443754.610,-1172436.190,361.224,0.006
-443755.519,-1172435.370,361.225,0.005
-443758.400,-1172432.780,361.304,0.006
-443758.980,-1172432.259,361.320,0.010
-443759.260,-1172432.010,361.345,0.005
-443760.730,-1172430.680,361.361,0.009
-443761.030,-1172430.410,361.394,0.006
-443761.340,-1172430.140,361.403,0.007
-443835.700,-1172362.170,370.603,0.007
-443836.530,-1172361.430,370.581,0.009
-443837.070,-1172360.940,370.582,0.008
-443837.340,-1172360.700,370.581,0.009
-443840.279,-1172358.050,370.403,0.007
-443754.680,-1172435.610,361.222,0.008
-443756.150,-1172434.280,361.252,0.008
-443757.030,-1172433.490,361.291,0.009
-443757.340,-1172433.210,361.315,0.005
-443757.620,-1172432.960,361.301,0.009
-443758.210,-1172432.430,361.333,0.007
-443759.050,-1172431.670,361.343,0.007
-443759.640,-1172431.140,361.373,0.007
-443760.210,-1172430.630,361.396,0.004
-443760.500,-1172430.360,361.371,0.009
-443761.970,-1172429.040,361.442,0.008
-443762.250,-1172428.790,361.431,0.009
-443763.160,-1172427.970,361.465,0.005
-443763.430,-1172427.720,361.484,0.006
-443763.730,-1172427.460,361.494,0.006
-443765.170,-1172426.160,361.525,0.005
-443766.950,-1172424.560,361.581,0.009
-443768.370,-1172423.280,361.632,0.008
-443768.640,-1172423.030,361.645,0.005
-443768.930,-1172422.770,361.671,0.009
-443753.770,-1172435.950,361.191,0.009
-443754.060,-1172435.690,361.223,0.007
-443754.660,-1172435.150,361.222,0.008
-443757.300,-1172432.780,361.312,0.008
-443758.200,-1172431.970,361.320,0.010
-443758.790,-1172431.430,361.353,0.007
-443759.360,-1172430.920,361.361,0.009
-443760.210,-1172430.150,361.392,0.008
-443761.660,-1172428.850,361.444,0.006
-443761.950,-1172428.590,361.461,0.009
-443762.239,-1172428.320,361.442,0.008
-443762.830,-1172427.800,361.473,0.007
-443763.400,-1172427.280,361.484,0.006
-443763.700,-1172427.010,361.503,0.007
-443764.000,-1172426.740,361.491,0.009
-443764.610,-1172426.190,361.522,0.008
-443764.890,-1172425.940,361.531,0.009
-443766.050,-1172424.900,361.550,0.010
-443766.630,-1172424.370,361.573,0.007
-443766.930,-1172424.100,361.605,0.005
-443832.200,-1172365.320,370.652,0.008
-443832.470,-1172365.080,370.633,0.007
-443833.790,-1172363.890,370.620,0.010
-443757.160,-1172432.540,361.320,0.010
-443758.620,-1172431.230,361.363,0.007
-443758.910,-1172430.970,361.361,0.009
-443759.810,-1172430.160,361.415,0.005
-443762.390,-1172427.840,361.492,0.008
-443762.670,-1172427.580,361.483,0.007
-443764.119,-1172426.270,361.511,0.009
-443765.600,-1172424.950,361.585,0.005
-443766.740,-1172423.910,361.614,0.006
-443767.350,-1172423.370,361.641,0.009
-443768.220,-1172422.580,361.643,0.007
-443768.520,-1172422.310,361.662,0.008
-443830.660,-1172366.350,370.653,0.007
-443832.310,-1172364.860,370.620,0.010
-443832.860,-1172364.370,370.635,0.005
-443833.140,-1172364.120,370.623,0.007
-443833.910,-1172363.420,370.612,0.008
-443834.180,-1172363.180,370.603,0.007
-443835.800,-1172361.720,370.612,0.008
-443836.080,-1172361.470,370.582,0.008
-443837.440,-1172360.240,370.580,0.010
-443766.270,-1172424.000,361.614,0.006
-443767.430,-1172422.950,361.652,0.008
-443767.710,-1172422.700,361.653,0.007
-443768.320,-1172422.150,361.672,0.008
-443768.590,-1172421.910,361.682,0.008
-443830.730,-1172365.940,370.651,0.009
-443832.910,-1172363.970,370.615,0.005
-443833.180,-1172363.730,370.611,0.009
-443833.990,-1172363.000,370.600,0.010
-443834.520,-1172362.530,370.604,0.006
-443834.780,-1172362.290,370.602,0.008
-443835.050,-1172362.040,370.614,0.006
-443835.590,-1172361.560,370.593,0.007
-443835.850,-1172361.320,370.605,0.005
-443836.130,-1172361.080,370.584,0.006
-443836.400,-1172360.830,370.612,0.008
-443836.660,-1172360.590,370.582,0.008
-443836.950,-1172360.340,370.581,0.009
-443837.230,-1172360.080,370.621,0.009
-443837.480,-1172359.860,370.603,0.007
-443837.760,-1172359.600,370.614,0.006
-443756.580,-1172433.070,361.301,0.009
-443756.870,-1172432.810,361.331,0.009
-443832.030,-1172364.310,370.612,0.008
-443833.110,-1172363.330,370.607,0.003
-443833.660,-1172362.840,370.602,0.008
-443834.480,-1172362.100,370.604,0.006
-443834.750,-1172361.860,370.608,0.002
-443835.040,-1172361.600,370.606,0.004
-443835.300,-1172361.360,370.604,0.006
-443835.560,-1172361.130,370.607,0.003
-443836.100,-1172360.650,370.613,0.007
-443836.620,-1172360.170,370.605,0.005
-443836.900,-1172359.920,370.594,0.006
-443839.550,-1172357.540,370.412,0.008
-443839.840,-1172357.280,370.413,0.007
-443753.450,-1172435.550,361.214,0.006
-443753.730,-1172435.300,361.230,0.010
-443755.180,-1172433.990,361.271,0.009
-443756.350,-1172432.940,361.323,0.007
-443756.950,-1172432.390,361.325,0.005
-443757.260,-1172432.119,361.332,0.008
-443758.420,-1172431.070,361.364,0.006
-443759.590,-1172430.020,361.401,0.009
-443760.190,-1172429.480,361.421,0.009
-443760.490,-1172429.200,361.443,0.007
-443761.060,-1172428.690,361.452,0.008
-443761.650,-1172428.160,361.454,0.006
-443762.210,-1172427.660,361.485,0.005
-443763.070,-1172426.880,361.505,0.005
-443763.340,-1172426.640,361.520,0.010
-443763.940,-1172426.100,361.531,0.009
-443764.210,-1172425.850,361.534,0.006
-443752.840,-1172435.640,361.244,0.006
-443753.120,-1172435.390,361.223,0.007
-443753.410,-1172435.130,361.245,0.005
-443754.010,-1172434.590,361.263,0.007
-443755.719,-1172433.049,361.342,0.008
-443756.000,-1172432.800,361.320,0.010
-443756.880,-1172432.010,361.354,0.006
-443757.190,-1172431.720,361.376,0.004
-443757.470,-1172431.470,361.364,0.006
-443757.740,-1172431.220,361.354,0.006
-443758.050,-1172430.950,361.375,0.005
-443759.260,-1172429.860,361.435,0.005
-443759.550,-1172429.600,361.445,0.005
-443759.820,-1172429.350,361.446,0.004
-443760.100,-1172429.100,361.464,0.006
-443760.720,-1172428.550,361.476,0.004
-443761.300,-1172428.020,361.494,0.006
-443761.590,-1172427.760,361.482,0.008
-443762.460,-1172426.980,361.526,0.004
-443763.050,-1172426.450,361.546,0.004
-443763.610,-1172425.940,361.545,0.005
-443764.180,-1172425.430,361.576,0.004
-443764.470,-1172425.170,361.586,0.004
-443764.760,-1172424.900,361.595,0.005
-443765.330,-1172424.390,361.616,0.004
-443766.210,-1172423.600,361.625,0.005
-443766.490,-1172423.350,361.655,0.005
-443766.770,-1172423.090,361.656,0.004
-443767.370,-1172422.550,361.676,0.004
-443767.670,-1172422.280,361.696,0.004
-443829.570,-1172366.530,370.662,0.008
-443829.859,-1172366.270,370.652,0.008
-443830.930,-1172365.300,370.644,0.006
-443831.210,-1172365.050,370.633,0.007
-443831.490,-1172364.800,370.631,0.009
-443757.060,-1172431.380,361.367,0.003
-443757.650,-1172430.850,361.362,0.008
-443758.250,-1172430.300,361.391,0.009
-443758.540,-1172430.040,361.383,0.007
-443758.820,-1172429.790,361.414,0.006
-443759.410,-1172429.260,361.423,0.007
-443760.010,-1172428.720,361.453,0.007
-443760.880,-1172427.940,361.463,0.007
-443761.460,-1172427.410,361.494,0.006
-443762.030,-1172426.890,361.493,0.007
-443762.330,-1172426.620,361.511,0.009
-443762.930,-1172426.080,361.524,0.006
-443763.230,-1172425.820,361.554,0.006
-443763.530,-1172425.550,361.554,0.006
-443763.810,-1172425.290,361.574,0.006
-443765.230,-1172424.010,361.605,0.005
-443765.529,-1172423.750,361.612,0.008
-443766.090,-1172423.240,361.645,0.005
-443766.380,-1172422.980,361.625,0.005
-443766.970,-1172422.450,361.685,0.005
-443767.270,-1172422.180,361.662,0.008
-443767.550,-1172421.930,361.684,0.006
-443829.430,-1172366.180,370.643,0.007
-443829.690,-1172365.940,370.654,0.006
-443831.320,-1172364.480,370.602,0.008
-443833.500,-1172362.510,370.561,0.009
-443835.170,-1172361.010,370.593,0.007
-443836.250,-1172360.030,370.592,0.008
-443836.510,-1172359.790,370.601,0.009
-443836.770,-1172359.560,370.612,0.008
-443837.850,-1172358.590,370.622,0.008
-443829.090,-1172366.120,370.662,0.008
-443830.400,-1172364.930,370.601,0.009
-443830.670,-1172364.690,370.602,0.008
-443831.480,-1172363.960,370.621,0.009
-443832.290,-1172363.230,370.581,0.009
-443833.130,-1172362.470,370.592,0.008
-443833.400,-1172362.240,370.582,0.008
-443833.690,-1172361.970,370.591,0.009
-443835.050,-1172360.750,370.594,0.006
-443836.400,-1172359.530,370.580,0.010
-443839.840,-1172356.430,370.395,0.005
-443840.120,-1172356.180,370.393,0.007
-443752.700,-1172435.300,361.223,0.007
-443753.590,-1172434.500,361.243,0.007
-443753.890,-1172434.230,361.256,0.004
-443754.180,-1172433.970,361.263,0.007
-443835.400,-1172360.010,370.562,0.008
-443835.930,-1172359.530,370.591,0.009
-443836.480,-1172359.040,370.583,0.007
-443837.030,-1172358.550,370.582,0.008
-443839.940,-1172355.930,370.373,0.007
-443840.190,-1172355.700,370.386,0.004
-443751.410,-1172436.100,361.221,0.009
-443752.900,-1172434.760,361.253,0.007
-443754.070,-1172433.700,361.291,0.009
-443755.540,-1172432.380,361.313,0.007
-443756.440,-1172431.570,361.386,0.004
-443756.980,-1172431.080,361.391,0.009
-443759.600,-1172428.720,361.430,0.010
-443761.080,-1172427.390,361.513,0.007
-443761.370,-1172427.130,361.482,0.008
-443763.110,-1172425.560,361.564,0.006
-443764.280,-1172424.510,361.601,0.009
-443766.010,-1172422.950,361.662,0.008
-443750.660,-1172436.371,361.200,0.010
-443751.240,-1172435.850,361.213,0.007
-443751.850,-1172435.300,361.235,0.005
-443753.319,-1172433.970,361.282,0.008
-443753.920,-1172433.430,361.294,0.006
-443754.770,-1172432.660,361.331,0.009
-443756.260,-1172431.320,361.386,0.004
-443757.420,-1172430.269,361.413,0.007
-443758.580,-1172429.230,361.445,0.005
-443759.150,-1172428.720,361.452,0.008
-443759.710,-1172428.220,361.452,0.008
-443760.010,-1172427.940,361.463,0.007
-443760.900,-1172427.140,361.494,0.006
-443761.180,-1172426.890,361.514,0.006
-443761.760,-1172426.370,361.523,0.007
-443762.060,-1172426.100,361.525,0.005
-443762.650,-1172425.560,361.542,0.008
-443762.960,-1172425.290,361.564,0.006
-443763.240,-1172425.030,361.586,0.004
-443763.530,-1172424.770,361.598,0.002
-443766.150,-1172422.410,361.654,0.006
-443766.430,-1172422.160,361.660,0.010
-443828.629,-1172366.120,370.642,0.008
-443828.909,-1172365.860,370.651,0.009
-443829.990,-1172364.880,370.633,0.007
-443830.259,-1172364.649,370.590,0.010
-443830.519,-1172364.410,370.592,0.008
-443832.130,-1172362.960,370.604,0.006
-443758.750,-1172428.630,361.471,0.009
-443759.600,-1172427.860,361.505,0.005
-443761.620,-1172426.040,361.544,0.006
-443761.920,-1172425.770,361.553,0.007
-443762.790,-1172424.990,361.585,0.005
-443763.070,-1172424.740,361.595,0.005
-443763.980,-1172423.920,361.615,0.005
-443764.540,-1172423.410,361.664,0.006
-443764.820,-1172423.160,361.645,0.005
-443765.400,-1172422.640,361.664,0.006
-443828.720,-1172365.580,370.661,0.009
-443829.010,-1172365.320,370.661,0.009
-443829.270,-1172365.090,370.662,0.008
-443829.540,-1172364.840,370.641,0.009
-443829.830,-1172364.580,370.644,0.006
-443830.090,-1172364.340,370.611,0.009
-443830.910,-1172363.610,370.621,0.009
-443831.980,-1172362.640,370.615,0.005
-443832.230,-1172362.420,370.592,0.008
-443832.510,-1172362.170,370.584,0.006
-443832.760,-1172361.940,370.571,0.009
-443833.030,-1172361.700,370.574,0.006
-443834.120,-1172360.710,370.553,0.007
-443834.380,-1172360.480,370.562,0.008
-443835.500,-1172359.480,370.582,0.008
-443835.780,-1172359.220,370.583,0.007
-443837.120,-1172358.010,370.584,0.006
-443837.400,-1172357.760,370.606,0.004
-443840.049,-1172355.380,370.395,0.005
-443827.709,-1172365.960,370.681,0.009
-443828.260,-1172365.460,370.652,0.008
-443828.810,-1172364.970,370.655,0.005
-443829.070,-1172364.730,370.655,0.005
-443829.330,-1172364.500,370.632,0.008
-443829.890,-1172364.001,370.630,0.010
-443830.150,-1172363.760,370.634,0.006
-443830.419,-1172363.520,370.602,0.008
-443830.690,-1172363.280,370.572,0.008
-443830.990,-1172363.010,370.582,0.008
-443832.850,-1172361.331,370.552,0.008
-443833.910,-1172360.370,370.555,0.005
-443834.450,-1172359.890,370.565,0.005
-443834.740,-1172359.630,370.581,0.009
-443835.540,-1172358.910,370.583,0.007
-443836.100,-1172358.400,370.581,0.009
-443837.470,-1172357.170,370.605,0.005
-443750.250,-1172436.290,361.237,0.003
-443750.520,-1172436.040,361.226,0.004
-443751.680,-1172435.000,361.253,0.007
-443753.160,-1172433.670,361.304,0.006
-443754.640,-1172432.330,361.357,0.003
-443755.240,-1172431.790,361.361,0.009
-443757.860,-1172429.430,361.461,0.009
-443750.380,-1172435.660,361.222,0.008
-443751.540,-1172434.610,361.262,0.008
-443751.809,-1172434.360,361.251,0.009
-443752.110,-1172434.090,361.253,0.007
-443753.570,-1172432.780,361.280,0.010
-443755.040,-1172431.450,361.365,0.005
-443755.340,-1172431.180,361.362,0.008
-443755.650,-1172430.910,361.383,0.007
-443756.510,-1172430.130,361.391,0.009
-443756.790,-1172429.880,361.421,0.009
-443757.090,-1172429.610,361.422,0.008
-443758.270,-1172428.540,361.455,0.005
-443759.440,-1172427.490,361.502,0.009
-443760.020,-1172426.960,361.501,0.009
-443760.580,-1172426.460,361.524,0.006
-443761.170,-1172425.930,361.554,0.006
-443761.730,-1172425.420,361.566,0.004
-443762.600,-1172424.640,361.584,0.006
-443762.900,-1172424.370,361.574,0.006
-443763.180,-1172424.120,361.597,0.003
-443764.060,-1172423.320,361.622,0.008
-443764.360,-1172423.050,361.643,0.007
-443764.650,-1172422.790,361.633,0.007
-443765.250,-1172422.250,361.671,0.009
-443750.730,-1172434.930,361.251,0.009
-443751.310,-1172434.410,361.283,0.007
-443754.780,-1172431.280,361.381,0.009
-443755.400,-1172430.720,361.391,0.009
-443756.850,-1172429.409,361.442,0.008
-443757.160,-1172429.140,361.451,0.009
-443757.470,-1172428.850,361.460,0.010
-443760.960,-1172425.710,361.613,0.007
-443761.550,-1172425.180,361.585,0.005
-443762.100,-1172424.690,361.604,0.006
-443762.380,-1172424.430,361.584,0.006
-443762.680,-1172424.160,361.583,0.007
-443763.230,-1172423.670,361.613,0.007
-443764.410,-1172422.600,361.652,0.008
-443764.710,-1172422.330,361.675,0.005
-443827.779,-1172365.480,370.682,0.008
-443828.050,-1172365.240,370.675,0.005
-443828.310,-1172365.010,370.664,0.006
-443828.579,-1172364.770,370.662,0.008
-443828.870,-1172364.500,370.675,0.005
-443829.140,-1172364.260,370.645,0.005
-443829.410,-1172364.010,370.662,0.008
-443829.979,-1172363.500,370.632,0.008
-443830.230,-1172363.280,370.634,0.006
-443830.490,-1172363.050,370.591,0.009
-443830.759,-1172362.800,370.581,0.009
-443831.030,-1172362.560,370.595,0.005
-443832.400,-1172361.330,370.553,0.007
-443832.680,-1172361.070,370.564,0.006
-443832.960,-1172360.820,370.553,0.007
-443833.200,-1172360.600,370.545,0.005
-443833.490,-1172360.340,370.542,0.008
-443833.760,-1172360.100,370.542,0.008
-443834.020,-1172359.860,370.554,0.006
-443834.280,-1172359.630,370.583,0.007
-443835.900,-1172358.170,370.571,0.009
-443836.160,-1172357.930,370.552,0.008
-443837.540,-1172356.690,370.590,0.010
-443838.100,-1172356.180,370.612,0.008
-443761.470,-1172424.840,361.586,0.004
-443762.900,-1172423.550,361.612,0.008
-443763.170,-1172423.300,361.614,0.006
-443827.659,-1172365.170,370.675,0.005
-443827.920,-1172364.930,370.686,0.004
-443828.200,-1172364.680,370.671,0.009
-443828.750,-1172364.190,370.645,0.005
-443829.030,-1172363.940,370.665,0.005
-443829.280,-1172363.710,370.654,0.006
-443829.829,-1172363.220,370.650,0.010
-443832.260,-1172361.020,370.554,0.006
-443832.810,-1172360.530,370.553,0.007
-443833.080,-1172360.280,370.532,0.008
-443834.450,-1172359.050,370.533,0.007
-443834.720,-1172358.810,370.552,0.008
-443834.990,-1172358.570,370.562,0.008
-443835.240,-1172358.340,370.562,0.008
-443836.310,-1172357.380,370.550,0.010
-443836.600,-1172357.110,370.606,0.004
-443837.420,-1172356.380,370.601,0.009
-443749.240,-1172436.280,361.244,0.006
-443750.430,-1172435.210,361.263,0.007
-443832.290,-1172360.420,370.554,0.006
-443832.550,-1172360.180,370.544,0.006
-443834.200,-1172358.700,370.544,0.006
-443834.750,-1172358.200,370.555,0.005
-443835.290,-1172357.720,370.563,0.007
-443835.560,-1172357.470,370.563,0.007
-443837.980,-1172355.290,370.646,0.004
-443838.270,-1172355.030,370.641,0.009
-443839.830,-1172353.630,370.392,0.008
-443840.090,-1172353.390,370.365,0.005
-443748.900,-1172436.160,361.200,0.010
-443749.200,-1172435.900,361.204,0.006
-443750.350,-1172434.860,361.234,0.006
-443750.650,-1172434.580,361.242,0.008
-443750.960,-1172434.310,361.254,0.006
-443754.160,-1172431.430,361.352,0.008
-443756.189,-1172429.600,361.421,0.009
-443757.360,-1172428.540,361.453,0.007
-443758.840,-1172427.210,361.505,0.005
-443760.000,-1172426.160,361.524,0.006
-443748.630,-1172435.830,361.210,0.010
-443749.520,-1172435.030,361.232,0.008
-443749.820,-1172434.750,361.264,0.006
-443750.420,-1172434.220,361.263,0.007
-443751.880,-1172432.900,361.335,0.005
-443752.770,-1172432.100,361.344,0.006
-443753.650,-1172431.310,361.371,0.009
-443754.230,-1172430.780,361.384,0.006
-443755.370,-1172429.750,361.443,0.007
-443755.960,-1172429.220,361.453,0.007
-443756.530,-1172428.710,361.462,0.008
-443758.590,-1172426.850,361.531,0.009
-443758.870,-1172426.600,361.530,0.010
-443759.180,-1172426.320,361.535,0.005
-443759.470,-1172426.060,361.543,0.007
-443760.320,-1172425.300,361.552,0.008
-443761.200,-1172424.500,361.597,0.003
-443762.090,-1172423.700,361.624,0.006
-443762.380,-1172423.430,361.634,0.006
-443827.700,-1172364.560,370.683,0.007
-443827.960,-1172364.320,370.682,0.008
-443828.240,-1172364.070,370.674,0.006
-443829.040,-1172363.350,370.672,0.008
-443829.300,-1172363.110,370.655,0.005
-443829.589,-1172362.850,370.630,0.010
-443830.120,-1172362.380,370.612,0.008
-443830.390,-1172362.140,370.610,0.010
-443756.030,-1172428.600,361.432,0.008
-443759.480,-1172425.480,361.543,0.007
-443759.790,-1172425.210,361.561,0.009
-443761.260,-1172423.880,361.614,0.006
-443762.120,-1172423.110,361.645,0.005
-443762.430,-1172422.820,361.655,0.005
-443763.000,-1172422.310,361.663,0.007
-443827.740,-1172363.950,370.685,0.005
-443828.000,-1172363.720,370.664,0.006
-443828.280,-1172363.470,370.674,0.006
-443828.810,-1172362.990,370.664,0.006
-443829.070,-1172362.750,370.667,0.003
-443829.310,-1172362.530,370.643,0.007
-443829.870,-1172362.030,370.623,0.007
-443830.120,-1172361.810,370.604,0.006
-443830.390,-1172361.560,370.572,0.008
-443832.520,-1172359.640,373.151,0.009
-443832.840,-1172359.350,370.511,0.009
-443833.650,-1172358.620,370.521,0.009
-443834.740,-1172357.640,370.564,0.006
-443837.190,-1172355.430,370.616,0.004
-443837.450,-1172355.200,370.605,0.005
-443839.810,-1172353.070,370.361,0.009
-443840.060,-1172352.840,370.372,0.008
-443840.329,-1172352.600,370.342,0.008
-443828.400,-1172362.850,370.666,0.004
-443828.670,-1172362.610,370.677,0.003
-443828.920,-1172362.380,370.676,0.004
-443829.200,-1172362.120,370.635,0.005
-443829.470,-1172361.890,370.623,0.007
-443829.720,-1172361.660,370.614,0.006
-443829.990,-1172361.410,370.625,0.005
-443830.240,-1172361.190,370.596,0.004
-443830.520,-1172360.940,370.581,0.009
-443833.770,-1172358.010,370.555,0.005
-443834.850,-1172357.040,370.571,0.009
-443837.340,-1172354.790,370.603,0.007
-443837.600,-1172354.550,370.616,0.004
-443839.390,-1172352.940,370.393,0.007
-443839.659,-1172352.700,370.383,0.007
-443839.910,-1172352.470,370.375,0.005
-443747.530,-1172436.250,361.212,0.008
-443748.120,-1172435.730,361.223,0.007
-443749.570,-1172434.410,361.231,0.009
-443750.150,-1172433.890,361.283,0.007
-443751.640,-1172432.560,361.315,0.005
-443751.940,-1172432.280,361.326,0.004
-443752.220,-1172432.020,361.343,0.007
-443752.500,-1172431.780,361.330,0.010
-443753.090,-1172431.240,361.361,0.009
-443753.390,-1172430.980,361.377,0.003
-443753.970,-1172430.450,361.382,0.008
-443754.280,-1172430.170,361.401,0.009
-443755.170,-1172429.370,361.442,0.008
-443746.810,-1172436.400,361.225,0.005
-443747.709,-1172435.590,361.252,0.008
-443748.270,-1172435.090,361.211,0.009
-443748.840,-1172434.580,361.292,0.008
-443749.150,-1172434.300,361.262,0.008
-443749.440,-1172434.030,361.263,0.007
-443749.720,-1172433.780,361.306,0.004
-443750.000,-1172433.530,361.280,0.010
-443750.890,-1172432.720,361.323,0.007
-443751.180,-1172432.460,361.353,0.007
-443752.370,-1172431.390,361.375,0.005
-443754.439,-1172429.519,361.460,0.010
-443754.720,-1172429.270,361.464,0.006
-443755.620,-1172428.470,361.506,0.004
-443756.200,-1172427.940,361.503,0.007
-443756.790,-1172427.410,361.531,0.009
-443757.350,-1172426.900,361.543,0.007
-443757.630,-1172426.650,361.554,0.006
-443757.910,-1172426.400,361.562,0.008
-443759.640,-1172424.840,361.605,0.005
-443760.240,-1172424.300,361.611,0.009
-443761.420,-1172423.230,361.635,0.005
-443761.700,-1172422.980,361.666,0.004
-443762.580,-1172422.190,361.674,0.006
-443762.850,-1172421.950,361.706,0.004
-443828.130,-1172363.100,370.686,0.004
-443752.080,-1172431.220,361.375,0.005
-443752.640,-1172430.710,361.397,0.003
-443753.540,-1172429.890,361.402,0.008
-443754.150,-1172429.340,361.457,0.003
-443754.440,-1172429.090,361.465,0.005
-443755.000,-1172428.580,361.463,0.007
-443755.300,-1172428.310,361.476,0.004
-443755.600,-1172428.040,361.470,0.010
-443756.480,-1172427.250,361.516,0.004
-443757.360,-1172426.450,361.533,0.007
-443757.650,-1172426.190,361.544,0.006
-443757.960,-1172425.920,361.562,0.008
-443758.240,-1172425.660,361.563,0.007
-443759.359,-1172424.650,361.580,0.010
-443759.940,-1172424.130,361.635,0.005
-443760.510,-1172423.610,361.625,0.005
-443761.100,-1172423.080,361.632,0.008
-443761.400,-1172422.810,361.665,0.005
-443761.660,-1172422.570,361.632,0.008
-443761.960,-1172422.300,361.662,0.008
-443827.810,-1172362.930,370.675,0.005
-443828.090,-1172362.680,370.696,0.004
-443828.620,-1172362.200,370.654,0.006
-443828.890,-1172361.950,370.644,0.006
-443829.180,-1172361.700,370.644,0.006
-443829.430,-1172361.470,370.634,0.006
-443829.970,-1172360.980,370.615,0.005
-443830.250,-1172360.730,370.603,0.007
-443832.610,-1172358.600,373.163,0.007
-443834.280,-1172357.100,370.575,0.005
-443834.550,-1172356.850,370.552,0.008
-443836.180,-1172355.380,370.581,0.009
-443836.460,-1172355.130,370.584,0.006
-443837.580,-1172354.120,370.634,0.006
-443839.390,-1172352.490,370.460,0.010
-443839.639,-1172352.270,370.410,0.010
-443839.900,-1172352.040,370.365,0.005
-443840.159,-1172351.800,370.372,0.008
-443827.799,-1172362.340,370.693,0.007
-443828.590,-1172361.630,370.673,0.007
-443828.860,-1172361.390,370.646,0.004
-443829.150,-1172361.130,370.635,0.005
-443829.410,-1172360.890,370.623,0.007
-443831.810,-1172358.730,373.165,0.005
-443832.610,-1172358.010,373.161,0.009
-443834.270,-1172356.510,370.562,0.008
-443834.530,-1172356.280,370.553,0.007
-443834.770,-1172356.060,370.552,0.008
-443835.060,-1172355.800,370.551,0.009
-443835.900,-1172355.040,370.565,0.005
-443836.190,-1172354.780,370.584,0.006
-443836.460,-1172354.540,370.560,0.010
-443837.550,-1172353.560,370.634,0.006
-443838.090,-1172353.070,370.634,0.006
-443839.639,-1172351.670,370.391,0.009
-443839.900,-1172351.430,370.384,0.006
-443746.530,-1172436.220,361.226,0.004
-443746.810,-1172435.960,361.222,0.008
-443747.710,-1172435.150,361.222,0.008
-443749.450,-1172433.580,361.293,0.007
-443750.600,-1172432.550,361.303,0.007
-443745.640,-1172436.420,361.201,0.009
-443745.960,-1172436.130,361.224,0.006
-443746.260,-1172435.860,361.223,0.007
-443746.540,-1172435.610,361.242,0.008
-443746.820,-1172435.360,361.241,0.009
-443747.710,-1172434.550,361.286,0.004
-443748.290,-1172434.030,361.294,0.006
-443749.760,-1172432.710,361.323,0.007
-443750.360,-1172432.160,361.364,0.006
-443750.640,-1172431.910,361.364,0.006
-443750.910,-1172431.670,361.353,0.007
-443751.200,-1172431.410,361.363,0.007
-443752.370,-1172430.350,361.411,0.009
-443752.660,-1172430.090,361.405,0.005
-443753.260,-1172429.550,361.456,0.004
-443753.550,-1172429.290,361.420,0.010
-443754.730,-1172428.220,361.506,0.004
-443756.460,-1172426.670,361.521,0.009
-443756.770,-1172426.380,361.564,0.006
-443757.060,-1172426.120,361.566,0.004
-443757.350,-1172425.860,361.575,0.005
-443757.960,-1172425.310,361.583,0.007
-443759.400,-1172424.020,361.614,0.006
-443760.240,-1172423.260,361.644,0.006
-443760.530,-1172422.990,361.662,0.008
-443760.810,-1172422.740,361.661,0.009
-443761.110,-1172422.480,361.685,0.005
-443750.650,-1172431.350,361.361,0.009
-443751.800,-1172430.310,361.424,0.006
-443752.670,-1172429.520,361.425,0.005
-443753.230,-1172429.020,361.432,0.008
-443753.530,-1172428.750,361.443,0.007
-443753.820,-1172428.490,361.463,0.007
-443754.110,-1172428.220,361.474,0.006
-443754.990,-1172427.440,361.503,0.007
-443755.290,-1172427.160,361.501,0.009
-443755.580,-1172426.900,361.522,0.008
-443756.190,-1172426.350,361.543,0.007
-443757.630,-1172425.050,361.573,0.007
-443758.510,-1172424.260,361.601,0.009
-443758.810,-1172423.990,361.632,0.008
-443759.110,-1172423.720,361.624,0.006
-443759.390,-1172423.460,361.634,0.006
-443759.970,-1172422.940,361.655,0.005
-443827.740,-1172361.830,370.673,0.007
-443828.850,-1172360.830,370.633,0.007
-443829.100,-1172360.600,370.604,0.006
-443830.400,-1172359.440,373.123,0.007
-443830.670,-1172359.190,373.122,0.009
-443830.960,-1172358.930,373.132,0.008
-443831.230,-1172358.690,373.132,0.008
-443831.500,-1172358.440,373.144,0.006
-443831.780,-1172358.190,373.131,0.009
-443833.690,-1172356.470,370.543,0.007
-443834.490,-1172355.740,370.562,0.008
-443836.400,-1172354.020,370.595,0.005
-443836.680,-1172353.770,370.593,0.007
-443836.960,-1172353.520,370.593,0.007
-443839.349,-1172351.360,370.421,0.009
-443839.609,-1172351.130,370.371,0.009
-443839.879,-1172350.890,370.384,0.006
-443828.090,-1172360.980,370.662,0.008
-443828.350,-1172360.750,370.651,0.009
-443831.540,-1172357.870,373.155,0.005
-443831.840,-1172357.600,373.185,0.005
-443832.110,-1172357.360,373.161,0.009
-443832.370,-1172357.120,373.161,0.009
-443832.650,-1172356.870,373.155,0.005
-443833.770,-1172355.860,370.554,0.006
-443834.040,-1172355.620,370.564,0.006
-443834.550,-1172355.160,370.561,0.009
-443834.830,-1172354.900,370.562,0.008
-443835.100,-1172354.660,370.586,0.004
-443835.640,-1172354.180,370.591,0.009
-443836.720,-1172353.200,370.604,0.006
-443836.990,-1172352.960,370.601,0.009
-443837.270,-1172352.700,370.625,0.005
-443839.650,-1172350.560,370.385,0.005
-443839.919,-1172350.310,370.383,0.007
-443745.040,-1172436.410,361.202,0.008
-443745.630,-1172435.870,361.234,0.006
-443746.530,-1172435.060,361.252,0.008
-443747.120,-1172434.530,361.272,0.008
-443747.420,-1172434.250,361.275,0.005
-443747.710,-1172434.000,361.294,0.006
-443747.980,-1172433.750,361.284,0.006
-443748.570,-1172433.220,361.296,0.004
-443744.280,-1172436.560,361.282,0.008
-443744.540,-1172436.320,361.224,0.006
-443745.130,-1172435.790,361.236,0.004
-443745.710,-1172435.270,361.244,0.006
-443746.010,-1172434.990,361.264,0.006
-443746.600,-1172434.460,361.286,0.004
-443746.890,-1172434.210,361.284,0.006
-443747.480,-1172433.670,361.322,0.008
-443747.770,-1172433.410,361.312,0.008
-443748.090,-1172433.120,361.317,0.003
-443748.380,-1172432.860,361.328,0.002
-443749.840,-1172431.540,361.404,0.006
-443750.720,-1172430.750,361.401,0.009
-443751.020,-1172430.480,361.414,0.006
-443751.310,-1172430.210,361.391,0.009
-443751.920,-1172429.670,361.485,0.005
-443752.180,-1172429.430,361.443,0.007
-443752.490,-1172429.150,361.442,0.008
-443752.790,-1172428.890,361.463,0.007
-443753.050,-1172428.650,361.454,0.006
-443753.340,-1172428.390,361.486,0.004
-443753.620,-1172428.130,361.463,0.007
-443753.920,-1172427.870,361.501,0.009
-443754.490,-1172427.350,361.524,0.006
-443754.790,-1172427.080,361.513,0.007
-443755.350,-1172426.570,361.532,0.008
-443756.840,-1172425.230,361.582,0.008
-443757.430,-1172424.700,361.636,0.004
-443758.300,-1172423.910,361.654,0.006
-443758.570,-1172423.670,361.656,0.004
-443758.870,-1172423.390,361.655,0.005
-443760.060,-1172422.320,361.693,0.007
-443827.520,-1172361.500,370.685,0.005
-443827.800,-1172361.240,370.685,0.005
-443751.450,-1172429.650,361.420,0.010
-443752.030,-1172429.120,361.432,0.008
-443752.330,-1172428.850,361.442,0.008
-443752.630,-1172428.580,361.445,0.005
-443754.370,-1172427.010,361.514,0.006
-443754.930,-1172426.500,361.531,0.009
-443755.230,-1172426.230,361.553,0.007
-443756.690,-1172424.920,361.590,0.010
-443758.450,-1172423.330,361.652,0.008
-443759.320,-1172422.550,361.670,0.010
-443827.640,-1172360.930,370.684,0.006
-443827.910,-1172360.690,370.664,0.006
-443828.170,-1172360.450,370.665,0.005
-443828.450,-1172360.200,370.644,0.006
-443829.740,-1172359.030,373.143,0.007
-443830.020,-1172358.780,373.123,0.007
-443830.280,-1172358.550,373.142,0.008
-443831.389,-1172357.550,373.160,0.010
-443831.659,-1172357.300,373.151,0.009
-443831.940,-1172357.050,373.166,0.004
-443832.470,-1172356.580,373.184,0.006
-443833.600,-1172355.550,370.552,0.008
-443833.860,-1172355.320,370.561,0.009
-443834.150,-1172355.060,370.571,0.009
-443834.950,-1172354.330,370.604,0.006
-443836.020,-1172353.370,370.583,0.007
-443836.820,-1172352.650,370.581,0.009
-443837.090,-1172352.410,370.615,0.005
-443837.370,-1172352.160,370.625,0.005
-443837.650,-1172351.900,370.632,0.008
-443840.019,-1172349.769,370.380,0.010
-443832.010,-1172356.440,373.164,0.006
-443833.690,-1172354.930,370.576,0.004
-443833.960,-1172354.680,370.574,0.006
-443834.520,-1172354.180,370.605,0.005
-443834.800,-1172353.920,370.603,0.007
-443835.340,-1172353.440,370.603,0.007
-443835.600,-1172353.200,370.613,0.007
-443835.890,-1172352.940,370.595,0.005
-443837.210,-1172351.750,370.637,0.003
-443837.460,-1172351.520,370.646,0.004
-443838.020,-1172351.020,370.622,0.008
-443839.289,-1172349.870,370.432,0.008
-443839.549,-1172349.640,370.393,0.007
-443744.140,-1172436.240,361.224,0.006
-443746.160,-1172434.420,361.244,0.006
-443747.620,-1172433.100,361.303,0.007
-443748.210,-1172432.570,361.323,0.007
-443749.700,-1172431.230,361.371,0.009
-443743.360,-1172436.390,361.223,0.007
-443744.860,-1172435.040,361.255,0.005
-443746.040,-1172433.980,361.281,0.009
-443747.170,-1172432.950,361.342,0.008
-443747.470,-1172432.680,361.353,0.007
-443747.750,-1172432.430,361.332,0.008
-443748.050,-1172432.170,361.364,0.006
-443748.340,-1172431.900,361.365,0.005
-443748.620,-1172431.640,361.397,0.003
-443749.220,-1172431.110,361.387,0.003
-443749.510,-1172430.850,361.396,0.004
-443749.790,-1172430.590,361.426,0.004
-443750.100,-1172430.310,361.422,0.009
-443750.390,-1172430.050,361.413,0.007
-443751.300,-1172429.230,361.462,0.008
-443752.140,-1172428.470,361.474,0.006
-443752.450,-1172428.190,361.475,0.005
-443753.940,-1172426.850,361.525,0.005
-443754.530,-1172426.320,361.542,0.008
-443756.530,-1172424.510,361.614,0.006
-443757.390,-1172423.740,361.653,0.007
-443757.670,-1172423.490,361.642,0.008
-443758.840,-1172422.430,361.684,0.006
-443827.490,-1172360.510,370.694,0.006
-443827.760,-1172360.270,370.694,0.006
-443828.040,-1172360.020,370.664,0.006
-443828.280,-1172359.800,370.677,0.003
-443829.300,-1172358.890,373.173,0.007
-443828.540,-1172359.570,370.675,0.005
-443829.580,-1172358.630,373.165,0.005
-443829.840,-1172358.390,373.146,0.004
-443830.110,-1172358.150,373.155,0.005
-443830.940,-1172357.400,373.162,0.008
-443831.460,-1172356.930,373.170,0.010
-443752.480,-1172427.650,361.502,0.008
-443753.050,-1172427.140,361.514,0.006
-443754.510,-1172425.820,361.564,0.006
-443754.810,-1172425.540,361.561,0.009
-443755.690,-1172424.760,361.583,0.007
-443756.010,-1172424.470,361.693,0.007
-443758.000,-1172422.670,361.706,0.004
-443827.740,-1172359.760,370.694,0.006
-443828.290,-1172359.270,370.662,0.008
-443828.550,-1172359.040,370.613,0.007
-443829.850,-1172357.870,373.142,0.008
-443830.110,-1172357.630,373.153,0.007
-443830.650,-1172357.150,373.156,0.004
-443830.910,-1172356.900,373.155,0.005
-443831.450,-1172356.420,373.167,0.003
-443832.850,-1172355.160,370.567,0.003
-443833.130,-1172354.910,370.564,0.006
-443834.210,-1172353.930,370.583,0.007
-443834.760,-1172353.440,370.601,0.009
-443835.860,-1172352.440,370.604,0.006
-443836.120,-1172352.210,370.593,0.007
-443836.400,-1172351.950,370.613,0.007
-443836.660,-1172351.720,370.631,0.009
-443838.000,-1172350.520,370.634,0.006
-443839.820,-1172348.870,370.384,0.006
-443840.080,-1172348.640,370.370,0.010
-443840.320,-1172348.420,370.321,0.009
-443834.650,-1172353.100,370.602,0.008
-443834.920,-1172352.850,370.584,0.006
-443835.720,-1172352.130,370.612,0.008
-443836.000,-1172351.880,370.605,0.005
-443836.530,-1172351.400,370.623,0.007
-443837.630,-1172350.410,370.636,0.004
-443838.180,-1172349.910,370.632,0.008
-443839.690,-1172348.550,370.384,0.006
-443839.960,-1172348.310,370.406,0.004
-443840.209,-1172348.080,370.353,0.007
-443742.790,-1172436.390,361.215,0.005
-443743.090,-1172436.120,361.227,0.003
-443743.680,-1172435.590,361.235,0.005
-443744.560,-1172434.800,361.283,0.007
-443744.850,-1172434.530,361.276,0.004
-443745.150,-1172434.260,361.283,0.007
-443746.050,-1172433.450,361.324,0.006
-443746.640,-1172432.920,361.345,0.005
-443747.230,-1172432.390,361.341,0.009
-443748.070,-1172431.630,361.374,0.006
-443748.360,-1172431.370,361.386,0.004
-443748.940,-1172430.840,361.416,0.004
-443749.530,-1172430.310,361.426,0.004
-443749.820,-1172430.050,361.435,0.005
-443750.700,-1172429.260,361.456,0.004
-443750.970,-1172429.010,361.465,0.005
-443752.180,-1172427.920,361.481,0.009
-443742.380,-1172436.330,361.211,0.009
-443742.700,-1172436.040,361.225,0.005
-443742.980,-1172435.790,361.253,0.007
-443743.250,-1172435.550,361.231,0.009
-443744.780,-1172434.170,361.295,0.005
-443745.060,-1172433.920,361.282,0.008
-443746.830,-1172432.320,361.381,0.009
-443747.700,-1172431.530,361.380,0.010
-443748.870,-1172430.480,361.420,0.010
-443749.450,-1172429.950,361.433,0.007
-443750.030,-1172429.430,361.441,0.009
-443752.940,-1172426.800,361.543,0.007
-443754.410,-1172425.480,361.593,0.007
-443754.990,-1172424.950,361.615,0.005
-443827.620,-1172359.440,370.695,0.005
-443829.480,-1172357.760,373.162,0.008
-443829.740,-1172357.530,373.142,0.008
-443830.830,-1172356.540,373.164,0.006
-443831.080,-1172356.320,373.154,0.006
-443832.990,-1172354.590,370.567,0.003
-443833.250,-1172354.360,370.573,0.007
-443833.530,-1172354.110,370.580,0.010
-443834.370,-1172353.350,370.592,0.008
-443827.460,-1172359.200,370.685,0.005
-443827.710,-1172358.980,370.652,0.009
-443827.970,-1172358.750,370.622,0.008
-443829.290,-1172357.560,373.174,0.006
-443830.100,-1172356.820,373.154,0.006
-443831.480,-1172355.580,370.545,0.005
-443832.010,-1172355.100,370.566,0.004
-443832.550,-1172354.620,370.541,0.009
-443832.810,-1172354.380,370.563,0.007
-443833.100,-1172354.120,370.555,0.005
-443833.910,-1172353.380,370.561,0.009
-443834.730,-1172352.650,370.596,0.004
-443835.000,-1172352.400,370.565,0.005
-443835.840,-1172351.640,370.594,0.006
-443836.620,-1172350.940,370.570,0.010
-443836.910,-1172350.690,370.602,0.008
-443838.010,-1172349.690,370.633,0.007
-443839.300,-1172348.530,370.404,0.006
-443840.059,-1172347.840,370.363,0.007
-443741.910,-1172436.390,361.190,0.010
-443743.980,-1172434.520,361.271,0.009
-443744.840,-1172433.740,361.261,0.009
-443746.630,-1172432.130,361.341,0.009
-443748.400,-1172430.530,361.391,0.009
-443750.160,-1172428.950,361.441,0.009
-443751.000,-1172428.180,361.471,0.009
-443753.060,-1172426.330,361.535,0.005
-443753.920,-1172425.560,361.541,0.009
-443754.520,-1172425.010,361.573,0.007
-443754.820,-1172424.740,361.584,0.006
-443746.720,-1172431.520,361.394,0.006
-443747.030,-1172431.230,361.396,0.004
-443748.190,-1172430.190,361.424,0.006
-443749.070,-1172429.400,361.451,0.009
-443749.670,-1172428.850,361.473,0.007
-443749.940,-1172428.610,361.476,0.004
-443750.540,-1172428.070,361.506,0.004
-443751.120,-1172427.550,361.503,0.007
-443751.700,-1172427.030,361.553,0.007
-443752.840,-1172425.990,361.573,0.007
-443754.010,-1172424.940,361.595,0.005
-443754.890,-1172424.150,361.611,0.009
-443755.190,-1172423.880,361.662,0.008
-443827.750,-1172358.410,370.676,0.004
-443828.310,-1172357.900,370.641,0.009
-443829.590,-1172356.750,373.153,0.007
-443829.880,-1172356.490,373.165,0.005
-443832.080,-1172354.500,370.565,0.005
-443832.600,-1172354.030,370.575,0.005
-443832.890,-1172353.770,370.587,0.003
-443833.160,-1172353.530,370.586,0.004
-443833.420,-1172353.290,370.596,0.004
-443833.670,-1172353.060,370.575,0.005
-443834.780,-1172352.060,370.602,0.008
-443835.060,-1172351.820,370.602,0.008
-443835.570,-1172351.350,370.603,0.007
-443836.410,-1172350.600,370.591,0.009
-443836.700,-1172350.330,370.632,0.008
-443836.970,-1172350.090,370.625,0.005
-443839.600,-1172347.710,370.402,0.008
-443839.870,-1172347.470,370.392,0.008
-443832.730,-1172353.440,370.555,0.005
-443833.010,-1172353.190,370.583,0.007
-443834.870,-1172351.520,370.570,0.010
-443835.130,-1172351.280,370.572,0.008
-443835.410,-1172351.020,370.582,0.008
-443835.660,-1172350.800,370.582,0.008
-443835.950,-1172350.540,370.573,0.007
-443836.230,-1172350.280,370.603,0.007
-443836.500,-1172350.040,370.604,0.006
-443837.040,-1172349.560,370.622,0.008
-443837.320,-1172349.300,370.633,0.007
-443741.160,-1172436.530,361.245,0.005
-443742.610,-1172435.230,361.274,0.006
-443742.890,-1172434.970,361.264,0.006
-443743.470,-1172434.450,361.290,0.010
-443743.760,-1172434.190,361.292,0.008
-443744.060,-1172433.910,361.302,0.008
-443744.640,-1172433.390,361.313,0.007
-443745.240,-1172432.850,361.343,0.007
-443745.510,-1172432.610,361.356,0.004
-443745.820,-1172432.330,361.376,0.004
-443746.130,-1172432.050,361.383,0.007
-443741.010,-1172436.210,361.205,0.005
-443741.290,-1172435.950,361.214,0.006
-443742.210,-1172435.120,361.254,0.006
-443742.500,-1172434.870,361.233,0.007
-443742.790,-1172434.600,361.254,0.006
-443744.240,-1172433.290,361.321,0.009
-443744.520,-1172433.040,361.291,0.009
-443745.110,-1172432.510,361.331,0.009
-443745.390,-1172432.250,361.334,0.006
-443746.280,-1172431.450,361.363,0.007
-443746.870,-1172430.920,361.415,0.005
-443747.150,-1172430.660,361.403,0.007
-443747.750,-1172430.120,361.413,0.007
-443748.050,-1172429.850,361.423,0.007
-443748.360,-1172429.580,361.422,0.008
-443749.510,-1172428.540,361.461,0.009
-443749.800,-1172428.280,361.462,0.008
-443750.690,-1172427.480,361.484,0.006
-443750.990,-1172427.200,361.501,0.009
-443751.560,-1172426.690,361.502,0.008
-443752.450,-1172425.880,361.540,0.010
-443752.720,-1172425.640,361.540,0.010
-443753.310,-1172425.110,361.581,0.009
-443754.170,-1172424.330,361.601,0.009
-443755.030,-1172423.560,361.600,0.010
-443755.330,-1172423.280,361.665,0.005
-443755.620,-1172423.030,361.643,0.007
-443755.910,-1172422.760,361.665,0.005
-443756.200,-1172422.500,361.661,0.009
-443827.580,-1172358.090,370.650,0.010
-443827.850,-1172357.840,370.646,0.004
-443828.120,-1172357.610,370.644,0.006
-443828.380,-1172357.370,370.625,0.005
-443829.430,-1172356.430,373.143,0.007
-443750.820,-1172426.950,361.554,0.006
-443752.880,-1172425.090,361.581,0.009
-443753.160,-1172424.840,361.602,0.008
-443753.460,-1172424.570,361.624,0.006
-443755.770,-1172422.490,361.714,0.006
-443827.179,-1172358.040,370.733,0.007
-443827.399,-1172357.840,370.693,0.007
-443827.659,-1172357.610,370.663,0.007
-443827.950,-1172357.350,370.642,0.008
-443828.200,-1172357.120,370.633,0.007
-443828.480,-1172356.870,370.665,0.005
-443832.010,-1172353.680,370.572,0.008
-443832.270,-1172353.450,370.582,0.008
-443832.550,-1172353.200,370.591,0.009
-443832.830,-1172352.950,370.593,0.007
-443833.920,-1172351.960,370.614,0.006
-443834.200,-1172351.710,370.603,0.007
-443834.990,-1172351.000,370.602,0.008
-443835.510,-1172350.520,370.610,0.010
-443838.230,-1172348.080,370.661,0.009
-443835.490,-1172350.170,370.625,0.005
-443835.740,-1172349.940,370.612,0.008
-443836.820,-1172348.970,370.652,0.008
-443839.989,-1172346.100,370.391,0.009
-443840.250,-1172345.870,370.335,0.005
-443740.270,-1172436.470,361.203,0.007
-443740.590,-1172436.190,361.223,0.007
-443741.140,-1172435.690,361.255,0.005
-443741.430,-1172435.420,361.266,0.004
-443741.750,-1172435.140,361.281,0.009
-443742.650,-1172434.330,361.342,0.008
-443743.230,-1172433.810,361.322,0.008
-443744.110,-1172433.010,361.346,0.004
-443744.690,-1172432.490,361.372,0.008
-443746.710,-1172430.660,361.445,0.005
-443747.310,-1172430.120,361.456,0.004
-443747.880,-1172429.610,361.465,0.005
-443748.170,-1172429.340,361.464,0.006
-443748.470,-1172429.070,361.471,0.010
-443749.380,-1172428.250,361.513,0.007
-443741.080,-1172435.380,361.241,0.009
-443741.370,-1172435.110,361.233,0.007
-443742.270,-1172434.300,361.254,0.006
-443744.910,-1172431.920,361.352,0.008
-443745.210,-1172431.650,361.364,0.006
-443746.380,-1172430.600,361.381,0.009
-443747.510,-1172429.570,361.433,0.007
-443747.810,-1172429.300,361.424,0.006
-443748.980,-1172428.240,361.451,0.009
-443749.270,-1172427.980,361.485,0.005
-443750.160,-1172427.180,361.501,0.009
-443750.460,-1172426.910,361.504,0.006
-443751.070,-1172426.360,361.555,0.005
-443751.909,-1172425.600,361.540,0.010
-443753.090,-1172424.540,361.592,0.008
-443753.990,-1172423.730,361.654,0.006
-443754.270,-1172423.470,361.625,0.005
-443755.150,-1172422.680,361.673,0.007
-443755.420,-1172422.430,361.651,0.009
-443827.630,-1172357.260,370.634,0.006
-443827.900,-1172357.020,370.644,0.006
-443828.430,-1172356.540,370.624,0.006
-443828.690,-1172356.310,370.616,0.004
-443831.950,-1172353.360,370.563,0.007
-443832.220,-1172353.120,370.552,0.008
-443832.489,-1172352.880,370.572,0.008
-443832.740,-1172352.650,370.550,0.010
-443833.030,-1172352.390,370.585,0.005
-443833.300,-1172352.140,370.580,0.010
-443833.850,-1172351.650,370.582,0.008
-443834.120,-1172351.400,370.593,0.007
-443834.410,-1172351.140,370.604,0.006
-443835.210,-1172350.430,370.612,0.008
-443827.600,-1172356.790,370.663,0.007
-443829.180,-1172355.360,370.595,0.005
-443831.600,-1172353.170,370.585,0.005
-443832.430,-1172352.430,370.594,0.006
-443832.720,-1172352.170,370.574,0.006
-443833.000,-1172351.910,370.583,0.007
-443833.530,-1172351.430,370.602,0.008
-443834.070,-1172350.950,370.602,0.008
-443834.340,-1172350.710,370.612,0.008
-443834.590,-1172350.480,370.581,0.009
-443835.720,-1172349.460,370.631,0.009
-443836.000,-1172349.210,370.640,0.010
-443836.530,-1172348.730,370.642,0.008
-443838.120,-1172347.290,370.665,0.005
-443839.399,-1172346.140,370.411,0.009
-443839.670,-1172345.900,370.414,0.006
-443839.919,-1172345.670,370.402,0.008
-443839.640,-1172345.480,370.392,0.008
-443739.300,-1172436.480,361.220,0.010
-443743.430,-1172432.760,361.342,0.008
-443743.720,-1172432.490,361.363,0.007
-443744.010,-1172432.240,361.355,0.005
-443744.300,-1172431.970,361.376,0.004
-443744.600,-1172431.700,361.382,0.008
-443744.900,-1172431.430,361.402,0.008
-443745.490,-1172430.890,361.413,0.007
-443746.390,-1172430.090,361.440,0.010
-443747.800,-1172428.810,361.462,0.008
-443749.840,-1172426.970,361.532,0.008
-443750.430,-1172426.440,361.555,0.005
-443751.630,-1172425.360,361.603,0.008
-443751.910,-1172425.100,361.606,0.004
-443752.210,-1172424.830,361.605,0.005
-443752.500,-1172424.570,361.593,0.007
-443753.950,-1172423.260,361.660,0.010
-443740.209,-1172435.230,361.241,0.009
-443742.260,-1172433.380,361.280,0.010
-443742.560,-1172433.110,361.324,0.006
-443742.830,-1172432.860,361.301,0.009
-443743.450,-1172432.310,361.352,0.008
-443743.750,-1172432.030,361.353,0.007
-443744.050,-1172431.770,361.355,0.005
-443744.350,-1172431.500,361.353,0.007
-443745.210,-1172430.720,361.392,0.008
-443747.270,-1172428.850,361.430,0.010
-443747.580,-1172428.580,361.462,0.008
-443748.160,-1172428.050,361.483,0.007
-443748.440,-1172427.800,361.474,0.006
-443748.720,-1172427.550,361.491,0.009
-443749.010,-1172427.290,361.511,0.009
-443749.290,-1172427.030,361.512,0.008
-443750.150,-1172426.260,361.546,0.004
-443750.450,-1172425.990,361.522,0.008
-443750.730,-1172425.730,361.531,0.009
-443751.030,-1172425.460,361.555,0.005
-443751.620,-1172424.930,361.574,0.006
-443751.900,-1172424.670,361.584,0.006
-443752.200,-1172424.410,361.583,0.007
-443752.500,-1172424.140,361.590,0.010
-443753.099,-1172423.600,361.610,0.010
-443827.859,-1172356.110,370.633,0.007
-443828.390,-1172355.640,370.591,0.009
-443828.660,-1172355.390,370.603,0.007
-443828.940,-1172355.140,370.607,0.003
-443829.210,-1172354.890,370.565,0.005
-443829.470,-1172354.660,370.574,0.006
-443829.730,-1172354.420,370.553,0.007
-443829.990,-1172354.190,370.561,0.009
-443830.790,-1172353.460,370.585,0.005
-443831.060,-1172353.220,370.553,0.007
-443831.340,-1172352.970,370.584,0.006
-443831.870,-1172352.490,370.553,0.007
-443832.160,-1172352.230,370.555,0.005
-443832.420,-1172351.990,370.585,0.005
-443832.680,-1172351.760,370.573,0.007
-443832.960,-1172351.510,370.572,0.008
-443833.240,-1172351.260,370.571,0.009
-443833.800,-1172350.750,370.593,0.007
-443834.070,-1172350.510,370.551,0.009
-443834.330,-1172350.270,370.583,0.007
-443834.590,-1172350.040,370.583,0.007
-443834.860,-1172349.790,370.616,0.004
-443836.780,-1172348.060,370.624,0.006
-443827.459,-1172356.070,370.651,0.009
-443827.740,-1172355.820,370.651,0.009
-443828.020,-1172355.570,370.653,0.007
-443828.270,-1172355.340,370.643,0.007
-443829.350,-1172354.370,370.595,0.005
-443830.440,-1172353.390,370.601,0.009
-443830.710,-1172353.140,370.600,0.010
-443830.970,-1172352.900,370.572,0.008
-443832.310,-1172351.700,370.584,0.006
-443832.580,-1172351.460,370.595,0.005
-443832.860,-1172351.200,370.582,0.008
-443834.220,-1172349.980,370.612,0.008
-443835.320,-1172348.990,370.631,0.009
-443835.860,-1172348.500,370.631,0.009
-443836.130,-1172348.250,370.652,0.008
-443836.940,-1172347.520,370.630,0.010
-443837.210,-1172347.270,370.640,0.010
-443839.540,-1172345.170,370.413,0.007
-443839.830,-1172344.910,370.410,0.010
-443839.640,-1172344.710,370.374,0.006
-443839.920,-1172344.460,370.410,0.010
-443740.140,-1172434.900,361.283,0.007
-443740.429,-1172434.639,361.292,0.009
-443743.340,-1172432.010,361.362,0.008
-443743.630,-1172431.750,361.381,0.009
-443748.350,-1172427.490,361.523,0.007
-443748.930,-1172426.970,361.541,0.009
-443751.540,-1172424.610,361.612,0.008
-443751.810,-1172424.370,361.610,0.010
-443752.100,-1172424.110,361.647,0.003
-443740.560,-1172434.170,361.270,0.010
-443741.150,-1172433.640,361.281,0.009
-443744.350,-1172430.750,361.437,0.003
-443744.630,-1172430.490,361.406,0.004
-443745.810,-1172429.420,361.454,0.006
-443746.720,-1172428.610,361.481,0.009
-443747.020,-1172428.340,361.471,0.009
-443747.310,-1172428.070,361.491,0.009
-443747.590,-1172427.820,361.503,0.007
-443749.360,-1172426.230,361.565,0.005
-443751.090,-1172424.660,361.592,0.008
-443751.380,-1172424.400,361.602,0.008
-443751.660,-1172424.150,361.592,0.008
-443752.250,-1172423.620,361.636,0.004
-443827.560,-1172355.620,370.633,0.007
-443827.830,-1172355.380,370.632,0.008
-443828.110,-1172355.130,370.623,0.007
-443829.430,-1172353.930,370.572,0.008
-443829.700,-1172353.690,370.582,0.008
-443829.980,-1172353.430,370.585,0.005
-443830.250,-1172353.190,370.571,0.009
-443831.080,-1172352.440,370.561,0.009
-443831.340,-1172352.210,370.583,0.007
-443831.610,-1172351.960,370.573,0.007
-443831.880,-1172351.720,370.583,0.007
-443832.140,-1172351.490,370.584,0.006
-443832.390,-1172351.260,370.573,0.007
-443832.670,-1172351.010,370.573,0.007
-443832.940,-1172350.760,370.574,0.006
-443833.210,-1172350.520,370.606,0.004
-443833.460,-1172350.290,370.582,0.008
-443833.740,-1172350.040,370.605,0.005
-443834.560,-1172349.300,370.604,0.006
-443835.369,-1172348.570,370.621,0.010
-443836.750,-1172347.320,370.641,0.009
-443837.010,-1172347.090,370.621,0.009
-443827.380,-1172355.270,370.655,0.005
-443827.640,-1172355.030,370.646,0.004
-443827.910,-1172354.790,370.641,0.009
-443828.180,-1172354.550,370.634,0.006
-443828.450,-1172354.300,370.638,0.002
-443828.729,-1172354.050,370.601,0.009
-443829.540,-1172353.320,370.603,0.007
-443829.810,-1172353.070,370.596,0.004
-443830.080,-1172352.830,370.606,0.004
-443830.350,-1172352.590,370.591,0.009
-443831.160,-1172351.850,370.582,0.008
-443831.430,-1172351.610,370.596,0.004
-443831.720,-1172351.350,370.594,0.006
-443831.980,-1172351.110,370.582,0.008
-443832.260,-1172350.860,370.603,0.007
-443832.830,-1172350.350,370.585,0.005
-443833.070,-1172350.130,370.607,0.003
-443833.590,-1172349.660,370.634,0.006
-443833.870,-1172349.410,370.644,0.006
-443834.140,-1172349.160,370.635,0.005
-443834.400,-1172348.930,370.635,0.005
-443834.670,-1172348.690,370.644,0.006
-443835.750,-1172347.710,370.622,0.008
-443836.020,-1172347.470,370.604,0.006
-443836.270,-1172347.240,370.635,0.005
-443836.840,-1172346.730,370.617,0.003
-443837.380,-1172346.240,370.646,0.004
-443739.370,-1172435.240,361.241,0.009
-443737.720,-1172436.220,361.226,0.004
-443738.010,-1172435.960,361.232,0.008
-443738.920,-1172435.140,361.262,0.008
-443739.220,-1172434.870,361.283,0.007
-443740.080,-1172434.090,361.304,0.006
-443740.700,-1172433.530,361.333,0.007
-443741.260,-1172433.020,361.333,0.007
-443742.170,-1172432.210,361.362,0.008
-443743.080,-1172431.380,361.416,0.004
-443743.630,-1172430.880,361.428,0.002
-443743.920,-1172430.620,361.446,0.004
-443745.370,-1172429.310,361.471,0.009
-443745.650,-1172429.060,361.491,0.009
-443746.260,-1172428.510,361.487,0.003
-443746.540,-1172428.260,361.504,0.006
-443747.130,-1172427.720,361.522,0.008
-443748.030,-1172426.910,361.555,0.005
-443748.340,-1172426.630,361.552,0.008
-443748.620,-1172426.380,361.571,0.009
-443749.170,-1172425.880,361.586,0.004
-443749.770,-1172425.340,361.594,0.006
-443750.360,-1172424.800,361.624,0.006
-443750.670,-1172424.530,361.636,0.004
-443750.960,-1172424.270,361.625,0.005
-443751.240,-1172424.010,361.635,0.005
-443752.120,-1172423.210,361.677,0.003
-443752.690,-1172422.700,361.688,0.002
-443740.350,-1172433.370,361.282,0.008
-443740.630,-1172433.110,361.315,0.005
-443741.200,-1172432.600,361.331,0.009
-443741.810,-1172432.050,361.352,0.008
-443742.090,-1172431.800,361.361,0.009
-443745.300,-1172428.900,361.461,0.009
-443745.600,-1172428.620,361.462,0.008
-443745.880,-1172428.370,361.474,0.006
-443746.160,-1172428.120,361.482,0.008
-443746.470,-1172427.840,361.504,0.006
-443747.050,-1172427.310,361.520,0.010
-443747.920,-1172426.530,361.551,0.009
-443748.210,-1172426.270,361.542,0.008
-443749.120,-1172425.450,361.584,0.006
-443749.700,-1172424.920,361.594,0.006
-443750.270,-1172424.410,361.625,0.005
-443751.150,-1172423.610,361.634,0.006
-443827.529,-1172354.650,370.612,0.008
-443827.790,-1172354.410,370.613,0.007
-443828.350,-1172353.910,370.610,0.010
-443829.700,-1172352.680,370.592,0.008
-443829.980,-1172352.430,370.583,0.007
-443830.260,-1172352.180,370.572,0.008
-443830.520,-1172351.950,370.573,0.007
-443830.780,-1172351.710,370.572,0.008
-443831.860,-1172350.740,370.563,0.007
-443833.790,-1172348.990,370.633,0.007
-443834.050,-1172348.750,370.624,0.006
-443835.900,-1172347.090,370.584,0.006
-443836.710,-1172346.350,370.612,0.008
-443827.610,-1172354.130,370.643,0.007
-443827.900,-1172353.870,370.624,0.006
-443828.940,-1172352.930,370.561,0.009
-443829.210,-1172352.680,370.602,0.008
-443830.290,-1172351.710,370.593,0.007
-443830.580,-1172351.450,370.595,0.005
-443831.950,-1172350.210,370.582,0.008
-443832.480,-1172349.730,370.602,0.008
-443834.120,-1172348.250,370.614,0.006
-443836.260,-1172346.320,370.611,0.009
-443839.729,-1172343.190,370.413,0.007
-443737.960,-1172435.530,361.233,0.007
-443737.780,-1172435.250,361.251,0.009
-443738.340,-1172434.740,361.270,0.010
-443741.020,-1172432.320,361.353,0.007
-443744.550,-1172429.140,361.471,0.009
-443745.140,-1172428.600,361.484,0.006
-443746.010,-1172427.820,361.521,0.009
-443748.030,-1172426.000,361.570,0.010
-443749.800,-1172424.400,361.631,0.009
-443750.090,-1172424.140,361.623,0.007
-443750.390,-1172423.860,361.612,0.008
-443747.480,-1172426.140,361.551,0.009
-443748.070,-1172425.620,361.571,0.009
-443748.330,-1172425.370,361.551,0.009
-443748.630,-1172425.110,361.581,0.009
-443748.920,-1172424.850,361.571,0.009
-443749.800,-1172424.050,361.604,0.006
-443750.080,-1172423.800,361.614,0.006
-443750.370,-1172423.540,361.632,0.008
-443827.630,-1172353.760,370.636,0.004
-443827.879,-1172353.530,370.594,0.006
-443828.150,-1172353.290,370.622,0.008
-443828.400,-1172353.060,370.611,0.009
-443828.930,-1172352.580,370.593,0.007
-443829.200,-1172352.340,370.573,0.007
-443830.280,-1172351.360,370.587,0.003
-443830.550,-1172351.120,370.575,0.005
-443830.810,-1172350.880,370.575,0.005
-443831.070,-1172350.650,370.572,0.008
-443831.640,-1172350.140,370.580,0.010
-443832.740,-1172349.140,370.620,0.010
-443833.540,-1172348.420,370.593,0.007
-443833.820,-1172348.170,370.606,0.004
-443834.080,-1172347.930,370.584,0.006
-443834.340,-1172347.690,370.592,0.008
-443834.620,-1172347.440,370.583,0.007
-443834.900,-1172347.190,370.572,0.008
-443835.160,-1172346.960,370.581,0.009
-443836.230,-1172345.980,370.583,0.007
-443837.830,-1172344.540,370.623,0.007
-443839.359,-1172343.160,370.360,0.010
-443839.640,-1172342.910,370.362,0.008
-443832.870,-1172348.530,370.603,0.007
-443833.140,-1172348.290,370.612,0.008
-443833.420,-1172348.040,370.601,0.009
-443833.950,-1172347.560,370.615,0.005
-443834.190,-1172347.340,370.596,0.004
-443834.480,-1172347.090,370.606,0.004
-443834.760,-1172346.830,370.574,0.006
-443835.570,-1172346.100,370.581,0.009
-443835.850,-1172345.840,370.583,0.007
-443836.110,-1172345.610,370.595,0.005
-443836.940,-1172344.860,370.601,0.009
-443839.510,-1172342.540,370.393,0.007
-443839.790,-1172342.280,370.395,0.005
-443736.930,-1172435.670,361.200,0.010
-443738.110,-1172434.610,361.253,0.007
-443738.670,-1172434.100,361.262,0.008
-443738.970,-1172433.840,361.261,0.009
-443739.550,-1172433.310,361.302,0.008
-443740.140,-1172432.779,361.322,0.008
-443742.520,-1172430.630,361.402,0.008
-443743.390,-1172429.840,361.430,0.010
-443744.270,-1172429.050,361.433,0.007
-443745.170,-1172428.240,361.485,0.005
-443745.740,-1172427.710,361.482,0.008
-443747.200,-1172426.400,361.545,0.005
-443735.340,-1172436.620,361.203,0.007
-443735.920,-1172436.100,361.236,0.004
-443736.220,-1172435.830,361.232,0.008
-443736.510,-1172435.560,361.235,0.005
-443737.430,-1172434.740,361.273,0.007
-443739.750,-1172432.640,361.354,0.006
-443740.910,-1172431.590,361.374,0.006
-443742.370,-1172430.270,361.441,0.009
-443742.660,-1172430.010,361.442,0.008
-443743.570,-1172429.190,361.460,0.010
-443744.160,-1172428.650,361.466,0.004
-443745.030,-1172427.870,361.514,0.006
-443745.330,-1172427.600,361.503,0.007
-443745.610,-1172427.350,361.536,0.004
-443745.920,-1172427.070,361.565,0.005
-443746.220,-1172426.790,361.541,0.009
-443746.520,-1172426.520,361.562,0.008
-443746.790,-1172426.280,361.576,0.004
-443747.090,-1172426.010,361.572,0.008
-443747.390,-1172425.740,361.582,0.008
-443747.680,-1172425.480,361.604,0.006
-443747.960,-1172425.220,361.593,0.007
-443748.250,-1172424.960,361.591,0.009
-443748.530,-1172424.710,361.582,0.008
-443749.390,-1172423.930,361.622,0.008
-443749.670,-1172423.680,361.623,0.007
-443750.560,-1172422.880,361.662,0.008
-443827.500,-1172353.390,370.655,0.005
-443827.760,-1172353.150,370.643,0.007
-443828.030,-1172352.910,370.615,0.005
-443828.270,-1172352.690,370.633,0.007
-443828.570,-1172352.420,370.625,0.005
-443828.820,-1172352.190,370.623,0.007
-443829.080,-1172351.960,370.614,0.006
-443829.330,-1172351.730,370.605,0.005
-443829.610,-1172351.480,370.606,0.004
-443829.880,-1172351.230,370.583,0.007
-443830.140,-1172351.000,370.572,0.008
-443830.390,-1172350.770,370.581,0.009
-443831.220,-1172350.030,370.583,0.007
-443827.370,-1172353.030,370.665,0.005
-443827.630,-1172352.800,370.635,0.005
-443827.920,-1172352.530,370.634,0.006
-443828.169,-1172352.300,370.621,0.009
-443828.450,-1172352.060,370.625,0.005
-443828.730,-1172351.800,370.625,0.005
-443829.000,-1172351.560,370.583,0.007
-443829.270,-1172351.320,370.595,0.005
-443829.540,-1172351.070,370.596,0.004
-443829.800,-1172350.840,370.597,0.003
-443830.070,-1172350.590,370.573,0.007
-443830.330,-1172350.350,370.582,0.008
-443831.410,-1172349.380,370.605,0.005
-443832.740,-1172348.180,370.595,0.005
-443833.030,-1172347.920,370.615,0.005
-443833.540,-1172347.460,370.603,0.007
-443834.630,-1172346.470,370.544,0.006
-443834.920,-1172346.210,370.573,0.007
-443835.190,-1172345.970,370.572,0.008
-443835.990,-1172345.240,370.581,0.009
-443837.090,-1172344.250,370.591,0.009
-443833.220,-1172347.360,370.614,0.006
-443833.480,-1172347.130,370.611,0.009
-443833.760,-1172346.880,370.582,0.008
-443834.040,-1172346.630,370.586,0.004
-443834.290,-1172346.400,370.594,0.006
-443834.550,-1172346.160,370.572,0.008
-443835.670,-1172345.160,370.591,0.009
-443835.950,-1172344.900,370.580,0.010
-443837.020,-1172343.940,370.601,0.009
-443735.820,-1172435.730,361.212,0.008
-443736.440,-1172435.170,361.242,0.008
-443737.000,-1172434.660,361.262,0.008
-443737.590,-1172434.140,361.272,0.008
-443737.900,-1172433.860,361.291,0.009
-443739.960,-1172431.990,361.367,0.003
-443740.280,-1172431.700,361.395,0.005
-443743.740,-1172428.570,361.471,0.009
-443744.630,-1172427.770,361.503,0.007
-443745.240,-1172427.230,361.511,0.009
-443745.530,-1172426.960,361.524,0.006
-443745.810,-1172426.710,361.545,0.005
-443746.680,-1172425.920,361.574,0.006
-443747.860,-1172424.850,361.595,0.005
-443749.320,-1172423.530,361.646,0.004
-443737.280,-1172434.040,361.324,0.006
-443740.510,-1172431.120,361.405,0.005
-443741.410,-1172430.310,361.442,0.008
-443743.420,-1172428.500,361.502,0.008
-443744.590,-1172427.430,361.548,0.002
-443744.870,-1172427.180,361.533,0.007
-443746.060,-1172426.110,361.582,0.008
-443746.669,-1172425.560,361.591,0.009
-443747.230,-1172425.050,361.604,0.006
-443748.399,-1172423.990,361.652,0.009
-443749.000,-1172423.450,361.682,0.008
-443749.290,-1172423.180,361.661,0.009
-443827.330,-1172352.690,370.685,0.005
-443827.600,-1172352.440,370.664,0.006
-443827.870,-1172352.200,370.651,0.009
-443828.370,-1172351.740,370.634,0.006
-443828.660,-1172351.490,370.612,0.008
-443828.930,-1172351.240,370.593,0.007
-443829.200,-1172351.000,370.623,0.007
-443829.470,-1172350.750,370.625,0.005
-443829.750,-1172350.500,370.602,0.008
-443830.030,-1172350.250,370.597,0.003
-443831.120,-1172349.260,370.645,0.005
-443831.370,-1172349.040,370.636,0.004
-443831.630,-1172348.810,370.626,0.004
-443832.150,-1172348.330,370.610,0.010
-443827.330,-1172352.310,370.645,0.005
-443827.590,-1172352.080,370.643,0.007
-443827.870,-1172351.830,370.615,0.005
-443828.140,-1172351.580,370.635,0.005
-443828.410,-1172351.340,370.595,0.005
-443828.690,-1172351.090,370.606,0.004
-443828.970,-1172350.840,370.574,0.006
-443829.240,-1172350.590,370.603,0.007
-443829.480,-1172350.370,370.563,0.007
-443829.759,-1172350.120,370.593,0.007
-443830.030,-1172349.880,370.592,0.008
-443830.860,-1172349.130,370.622,0.008
-443831.410,-1172348.630,370.626,0.004
-443831.660,-1172348.400,370.597,0.003
-443831.950,-1172348.140,370.594,0.006
-443833.510,-1172346.730,370.553,0.007
-443833.800,-1172346.470,370.574,0.006
-443834.050,-1172346.250,370.544,0.006
-443834.310,-1172346.010,370.545,0.005
-443834.860,-1172345.520,370.572,0.008
-443835.130,-1172345.270,370.540,0.010
-443836.470,-1172344.060,370.571,0.009
-443735.500,-1172435.640,361.260,0.010
-443834.440,-1172345.400,370.561,0.009
-443834.720,-1172345.140,370.554,0.006
-443836.870,-1172343.210,370.582,0.008
-443837.150,-1172342.950,370.602,0.008
-443839.780,-1172340.570,370.395,0.005
-443735.280,-1172435.490,361.234,0.006
-443735.560,-1172435.240,361.241,0.009
-443736.430,-1172434.450,361.275,0.005
-443736.740,-1172434.170,361.274,0.006
-443739.420,-1172431.750,361.370,0.010
-443740.860,-1172430.440,361.380,0.010
-443742.950,-1172428.560,361.472,0.008
-443743.230,-1172428.300,361.475,0.005
-443743.789,-1172427.800,361.523,0.007
-443744.090,-1172427.530,361.501,0.009
-443744.380,-1172427.260,361.532,0.008
-443744.660,-1172427.020,361.524,0.006
-443744.940,-1172426.770,361.534,0.006
-443745.250,-1172426.490,361.554,0.006
-443746.990,-1172424.910,361.605,0.005
-443747.290,-1172424.640,361.605,0.005
-443747.600,-1172424.360,361.625,0.005
-443748.200,-1172423.820,361.646,0.004
-443739.230,-1172431.420,361.392,0.008
-443739.530,-1172431.150,361.402,0.008
-443741.000,-1172429.820,361.466,0.004
-443742.790,-1172428.210,361.496,0.004
-443743.380,-1172427.670,361.534,0.006
-443743.650,-1172427.430,361.534,0.006
-443747.150,-1172424.270,361.646,0.004
-443747.420,-1172424.019,361.622,0.008
-443827.180,-1172351.950,370.676,0.004
-443827.430,-1172351.730,370.647,0.003
-443827.710,-1172351.480,370.647,0.003
-443827.990,-1172351.220,370.638,0.002
-443828.250,-1172350.990,370.627,0.003
-443828.510,-1172350.760,370.637,0.003
-443828.790,-1172350.500,370.615,0.005
-443829.070,-1172350.250,370.593,0.007
-443829.340,-1172350.010,370.606,0.004
-443830.170,-1172349.260,370.645,0.005
-443830.430,-1172349.020,370.661,0.009
-443831.240,-1172348.290,370.594,0.006
-443831.490,-1172348.070,370.594,0.006
-443831.770,-1172347.810,370.593,0.007
-443832.060,-1172347.550,370.573,0.007
-443832.320,-1172347.310,370.562,0.008
-443833.130,-1172346.580,370.571,0.009
-443834.180,-1172345.630,370.567,0.003
-443827.370,-1172351.230,370.646,0.004
-443827.630,-1172351.000,370.615,0.005
-443827.890,-1172350.760,370.616,0.004
-443828.160,-1172350.520,370.593,0.007
-443828.430,-1172350.280,370.591,0.009
-443828.980,-1172349.780,370.591,0.009
-443829.510,-1172349.290,370.622,0.008
-443830.610,-1172348.301,370.581,0.009
-443830.890,-1172348.050,370.585,0.005
-443831.150,-1172347.820,370.562,0.008
-443832.220,-1172346.850,370.534,0.006
-443832.480,-1172346.610,370.533,0.007
-443833.850,-1172345.380,370.533,0.007
-443834.380,-1172344.900,370.512,0.008
-443835.420,-1172343.950,370.544,0.006
-443835.970,-1172343.460,370.543,0.007
-443839.690,-1172340.100,370.382,0.008
-443734.849,-1172435.380,361.251,0.009
-443735.720,-1172434.600,361.295,0.005
-443735.990,-1172434.350,361.293,0.007
-443736.590,-1172433.810,361.313,0.007
-443737.450,-1172433.030,361.314,0.006
-443839.440,-1172339.870,370.385,0.005
-443734.809,-1172434.870,361.251,0.009
-443735.390,-1172434.340,361.264,0.006
-443735.690,-1172434.070,361.281,0.009
-443735.980,-1172433.810,361.292,0.008
-443737.430,-1172432.500,361.321,0.009
-443737.990,-1172431.990,361.340,0.010
-443741.270,-1172429.030,361.464,0.006
-443742.120,-1172428.270,361.460,0.010
-443743.309,-1172427.190,361.522,0.008
-443743.910,-1172426.650,361.531,0.009
-443744.200,-1172426.390,361.550,0.010
-443745.920,-1172424.830,361.583,0.007
-443746.510,-1172424.290,361.612,0.008
-443746.800,-1172424.040,361.602,0.008
-443747.070,-1172423.790,361.635,0.005
-443747.380,-1172423.510,361.653,0.007
-443747.660,-1172423.260,361.640,0.010
-443747.950,-1172423.000,361.633,0.007
-443740.990,-1172428.830,361.462,0.008
-443741.290,-1172428.560,361.483,0.007
-443741.910,-1172428.000,361.492,0.008
-443742.220,-1172427.720,361.522,0.008
-443743.360,-1172426.690,361.560,0.010
-443744.240,-1172425.890,361.570,0.010
-443744.820,-1172425.370,361.582,0.008
-443746.310,-1172424.020,361.634,0.006
-443827.160,-1172350.970,370.672,0.008
-443827.420,-1172350.730,370.667,0.003
-443827.680,-1172350.500,370.627,0.003
-443827.940,-1172350.260,370.638,0.002
-443828.200,-1172350.030,370.656,0.004
-443828.480,-1172349.780,370.645,0.005
-443828.750,-1172349.530,370.613,0.007
-443829.280,-1172349.050,370.661,0.009
-443829.540,-1172348.820,370.612,0.008
-443829.820,-1172348.560,370.605,0.005
-443830.340,-1172348.090,370.592,0.008
-443830.610,-1172347.850,370.594,0.006
-443830.890,-1172347.590,370.586,0.004
-443831.150,-1172347.360,370.587,0.003
-443831.440,-1172347.100,370.583,0.007
-443831.980,-1172346.610,370.545,0.005
-443832.260,-1172346.360,370.545,0.005
-443832.770,-1172345.900,370.543,0.007
-443833.039,-1172345.650,370.553,0.007
-443834.140,-1172344.670,370.564,0.006
-443835.210,-1172343.700,370.562,0.008
-443835.760,-1172343.200,370.554,0.006
-443836.540,-1172342.490,370.571,0.009
-443827.370,-1172350.360,370.644,0.006
-443827.630,-1172350.130,370.627,0.003
-443827.900,-1172349.880,370.617,0.003
-443828.160,-1172349.640,370.614,0.006
-443828.710,-1172349.150,370.632,0.008
-443829.230,-1172348.680,370.612,0.008
-443829.490,-1172348.440,370.615,0.005
-443830.020,-1172347.960,370.595,0.005
-443830.270,-1172347.740,370.576,0.004
-443830.550,-1172347.490,370.566,0.004
-443830.820,-1172347.250,370.565,0.005
-443831.370,-1172346.750,370.561,0.009
-443831.880,-1172346.280,370.536,0.004
-443832.160,-1172346.030,370.513,0.007
-443832.430,-1172345.790,370.514,0.006
-443832.710,-1172345.530,370.527,0.003
-443832.990,-1172345.280,370.547,0.003
-443834.600,-1172343.820,370.524,0.006
-443835.140,-1172343.340,370.522,0.008
-443835.710,-1172342.830,370.546,0.004
-443836.250,-1172342.340,370.564,0.006
-443837.590,-1172341.130,370.633,0.007
-443839.100,-1172339.760,370.404,0.006
-443734.849,-1172434.380,361.290,0.010
-443735.750,-1172433.570,361.312,0.008
-443736.030,-1172433.310,361.310,0.010
-443736.340,-1172433.030,361.332,0.008
-443736.650,-1172432.750,361.340,0.010
-443737.220,-1172432.240,361.351,0.009
-443835.090,-1172342.910,370.563,0.007
-443836.470,-1172341.660,370.593,0.007
-443836.750,-1172341.410,370.596,0.004
-443837.840,-1172340.430,370.652,0.008
-443839.069,-1172339.319,370.390,0.010
-443734.409,-1172434.380,361.771,0.009
-443734.840,-1172433.990,361.291,0.009
-443736.290,-1172432.680,361.322,0.008
-443738.660,-1172430.540,361.402,0.008
-443740.100,-1172429.240,361.442,0.008
-443740.670,-1172428.720,361.461,0.009
-443740.960,-1172428.460,361.460,0.010
-443741.249,-1172428.200,361.473,0.007
-443741.860,-1172427.650,361.511,0.009
-443743.930,-1172425.770,361.581,0.009
-443744.789,-1172424.990,361.591,0.009
-443745.960,-1172423.940,361.612,0.008
-443746.560,-1172423.400,361.633,0.007
-443746.850,-1172423.140,361.676,0.004
-443735.040,-1172433.330,361.323,0.007
-443735.960,-1172432.500,361.380,0.010
-443738.310,-1172430.380,361.464,0.006
-443738.910,-1172429.840,361.474,0.006
-443739.800,-1172429.040,361.505,0.005
-443740.920,-1172428.030,361.482,0.008
-443742.100,-1172426.960,361.555,0.005
-443742.680,-1172426.430,361.591,0.009
-443745.620,-1172423.770,361.674,0.006
-443746.510,-1172422.970,361.688,0.002
-443827.309,-1172349.950,370.652,0.008
-443827.580,-1172349.700,370.648,0.002
-443827.850,-1172349.450,370.643,0.007
-443828.410,-1172348.950,370.666,0.004
-443828.680,-1172348.710,370.646,0.004
-443828.950,-1172348.460,370.646,0.004
-443829.200,-1172348.240,370.636,0.004
-443829.490,-1172347.980,370.625,0.005
-443829.750,-1172347.740,370.604,0.006
-443829.990,-1172347.520,370.592,0.008
-443830.250,-1172347.290,370.585,0.005
-443830.520,-1172347.040,370.584,0.006
-443831.040,-1172346.570,370.563,0.007
-443831.310,-1172346.330,370.585,0.005
-443831.600,-1172346.070,370.566,0.004
-443831.840,-1172345.850,370.557,0.003
-443832.390,-1172345.350,370.552,0.008
-443832.660,-1172345.110,370.545,0.005
-443832.920,-1172344.880,370.525,0.005
-443833.190,-1172344.630,370.565,0.005
-443833.480,-1172344.370,370.534,0.006
-443834.570,-1172343.380,370.546,0.004
-443746.200,-1172422.780,361.672,0.008
-443827.000,-1172349.730,370.654,0.006
-443827.260,-1172349.500,370.643,0.007
-443827.530,-1172349.260,370.653,0.007
-443827.780,-1172349.030,370.634,0.006
-443828.330,-1172348.530,370.647,0.003
-443828.600,-1172348.290,370.638,0.002
-443828.880,-1172348.040,370.637,0.003
-443829.150,-1172347.800,370.626,0.004
-443829.420,-1172347.550,370.617,0.003
-443829.960,-1172347.060,370.591,0.009
-443830.210,-1172346.830,370.585,0.005
-443830.490,-1172346.590,370.566,0.004
-443830.750,-1172346.350,370.554,0.006
-443831.000,-1172346.120,370.540,0.010
-443831.520,-1172345.650,370.540,0.010
-443831.800,-1172345.400,370.536,0.004
-443832.320,-1172344.930,370.544,0.006
-443832.590,-1172344.691,370.530,0.010
-443833.130,-1172344.200,370.524,0.006
-443833.410,-1172343.940,370.524,0.006
-443834.200,-1172343.230,370.521,0.009
-443835.320,-1172342.220,370.524,0.006
-443835.580,-1172341.980,370.553,0.007
-443836.660,-1172341.000,370.593,0.007
-443837.210,-1172340.510,370.602,0.008
-443839.029,-1172338.860,370.390,0.010
-443839.280,-1172338.630,370.383,0.007
-443734.060,-1172434.230,361.822,0.008
-443828.300,-1172348.190,370.675,0.005
-443828.560,-1172347.950,370.655,0.005
-443828.830,-1172347.710,370.644,0.006
-443829.070,-1172347.490,370.614,0.006
-443829.340,-1172347.250,370.597,0.003
-443829.630,-1172346.990,370.575,0.005
-443829.880,-1172346.760,370.586,0.004
-443830.970,-1172345.770,370.562,0.008
-443831.510,-1172345.290,370.534,0.006
-443831.790,-1172345.030,370.533,0.007
-443832.030,-1172344.810,370.543,0.007
-443832.290,-1172344.580,370.532,0.008
-443832.570,-1172344.330,370.532,0.008
-443833.350,-1172343.620,370.542,0.008
-443833.620,-1172343.380,370.514,0.006
-443835.790,-1172341.420,370.544,0.006
-443836.640,-1172340.650,370.594,0.006
-443735.050,-1172432.860,361.342,0.008
-443735.320,-1172432.610,361.321,0.009
-443735.900,-1172432.090,361.332,0.008
-443737.410,-1172430.730,361.403,0.007
-443737.700,-1172430.470,361.414,0.006
-443738.590,-1172429.660,361.454,0.006
-443739.770,-1172428.590,361.475,0.005
-443740.049,-1172428.340,361.461,0.009
-443741.230,-1172427.270,361.500,0.010
-443743.240,-1172425.450,361.563,0.007
-443743.830,-1172424.920,361.583,0.007
-443745.000,-1172423.870,361.630,0.010
-443745.610,-1172423.309,361.672,0.008
-443837.640,-1172339.400,370.623,0.007
-443735.300,-1172432.260,361.381,0.009
-443735.610,-1172431.980,361.400,0.010
-443737.670,-1172430.120,361.453,0.007
-443738.570,-1172429.300,361.482,0.008
-443739.720,-1172428.260,361.522,0.008
-443740.020,-1172427.990,361.503,0.007
-443742.940,-1172425.350,361.612,0.008
-443744.090,-1172424.310,361.661,0.009
-443744.380,-1172424.050,361.631,0.009
-443745.840,-1172422.729,361.723,0.007
-443746.140,-1172422.460,361.720,0.010
-443827.459,-1172348.940,370.644,0.006
-443827.750,-1172348.690,370.653,0.007
-443828.020,-1172348.440,370.644,0.006
-443734.980,-1172432.210,361.343,0.007
-443735.280,-1172431.950,361.355,0.005
-443735.560,-1172431.690,361.366,0.004
-443737.310,-1172430.110,361.422,0.008
-443738.480,-1172429.050,361.455,0.005
-443739.090,-1172428.500,361.462,0.008
-443739.690,-1172427.960,361.493,0.007
-443740.260,-1172427.440,361.491,0.009
-443744.650,-1172423.480,361.653,0.007
-443827.919,-1172348.190,370.640,0.010
-443828.180,-1172347.950,370.614,0.006
-443828.470,-1172347.690,370.616,0.004
-443828.750,-1172347.440,370.595,0.005
-443829.020,-1172347.190,370.597,0.003
-443829.290,-1172346.950,370.596,0.004
-443829.550,-1172346.710,370.584,0.006
-443829.810,-1172346.480,370.566,0.004
-443830.609,-1172345.750,370.531,0.009
-443830.880,-1172345.510,370.545,0.005
-443831.150,-1172345.260,370.546,0.004
-443831.430,-1172345.010,370.524,0.006
-443831.710,-1172344.760,370.522,0.008
-443831.960,-1172344.530,370.513,0.007
-443832.240,-1172344.280,370.514,0.006
-443832.500,-1172344.050,370.516,0.004
-443832.780,-1172343.790,370.511,0.009
-443833.300,-1172343.320,370.501,0.009
-443833.560,-1172343.090,370.492,0.008
-443833.810,-1172342.860,370.484,0.006
-443834.090,-1172342.610,370.503,0.007
-443835.430,-1172341.400,370.510,0.010
-443835.710,-1172341.140,370.542,0.008
-443827.840,-1172347.720,370.632,0.008
-443828.110,-1172347.480,370.635,0.005
-443828.390,-1172347.220,370.623,0.007
-443828.650,-1172346.980,370.606,0.004
-443828.900,-1172346.760,370.605,0.005
-443829.170,-1172346.510,370.604,0.006
-443829.460,-1172346.250,370.597,0.003
-443829.730,-1172346.010,370.574,0.006
-443830.010,-1172345.750,370.594,0.006
-443830.280,-1172345.520,370.556,0.005
-443830.800,-1172345.040,370.553,0.007
-443831.060,-1172344.810,370.562,0.008
-443831.340,-1172344.550,370.567,0.003
-443831.620,-1172344.300,370.535,0.005
-443831.860,-1172344.080,370.505,0.005
-443832.430,-1172343.570,370.527,0.003
-443832.700,-1172343.330,370.496,0.004
-443832.950,-1172343.100,370.511,0.009
-443833.230,-1172342.850,370.510,0.010
-443833.500,-1172342.600,370.503,0.007
-443835.910,-1172340.430,370.543,0.007
-443839.350,-1172337.310,370.402,0.008
-443839.640,-1172337.050,370.433,0.008
-443839.890,-1172336.830,370.382,0.008
-443829.400,-1172345.800,370.597,0.003
-443829.680,-1172345.550,370.575,0.005
-443829.940,-1172345.320,370.576,0.004
-443830.190,-1172345.090,370.575,0.005
-443830.460,-1172344.840,370.566,0.004
-443830.750,-1172344.580,370.565,0.005
-443831.020,-1172344.340,370.556,0.004
-443831.830,-1172343.600,370.535,0.005
-443832.350,-1172343.140,370.516,0.004
-443832.620,-1172342.890,370.527,0.003
-443832.900,-1172342.630,370.538,0.002
-443833.160,-1172342.400,370.497,0.003
-443833.440,-1172342.150,370.525,0.005
-443833.720,-1172341.900,370.512,0.008
-443833.990,-1172341.660,370.511,0.009
-443834.240,-1172341.420,370.528,0.002
-443834.520,-1172341.170,370.527,0.003
-443834.790,-1172340.930,370.513,0.007
-443835.850,-1172339.970,370.546,0.004
-443836.380,-1172339.490,370.551,0.009
-443836.660,-1172339.230,370.561,0.009
-443839.300,-1172336.860,370.402,0.008
-443736.440,-1172430.350,361.512,0.008
-443736.980,-1172429.860,361.454,0.006
-443737.550,-1172429.350,361.453,0.007
-443737.860,-1172429.070,361.483,0.007
-443738.440,-1172428.550,361.493,0.007
-443738.750,-1172428.260,361.507,0.003
-443739.300,-1172427.770,361.514,0.006
-443739.600,-1172427.490,361.525,0.005
-443740.500,-1172426.680,361.534,0.006
-443743.160,-1172424.280,361.624,0.006
-443744.040,-1172423.480,361.694,0.006
-443839.370,-1172336.270,370.402,0.008
-443734.890,-1172431.260,361.392,0.008
-443736.080,-1172430.180,361.411,0.009
-443736.680,-1172429.650,361.457,0.003
-443736.980,-1172429.380,361.463,0.007
-443738.410,-1172428.080,361.504,0.006
-443739.280,-1172427.300,361.533,0.007
-443740.460,-1172426.220,361.564,0.006
-443742.240,-1172424.620,361.605,0.005
-443743.090,-1172423.840,361.663,0.007
-443827.280,-1172347.720,370.664,0.006
-443827.550,-1172347.480,370.641,0.009
-443828.080,-1172346.990,370.623,0.007
-443828.330,-1172346.770,370.606,0.004
-443828.590,-1172346.530,370.616,0.004
-443828.860,-1172346.290,370.583,0.007
-443829.130,-1172346.050,370.607,0.003
-443738.000,-1172427.940,361.502,0.008
-443738.850,-1172427.170,361.540,0.010
-443739.440,-1172426.640,361.577,0.003
-443739.720,-1172426.380,361.566,0.004
-443740.290,-1172425.860,361.586,0.004
-443740.580,-1172425.600,361.594,0.006
-443741.460,-1172424.810,361.610,0.010
-443742.970,-1172423.450,361.670,0.010
-443743.260,-1172423.180,361.662,0.008
-443743.540,-1172422.930,361.715,0.005
-443827.110,-1172347.360,370.653,0.007
-443827.379,-1172347.120,370.670,0.010
-443827.650,-1172346.870,370.622,0.008
-443827.900,-1172346.640,370.633,0.007
-443828.150,-1172346.410,370.617,0.003
-443828.430,-1172346.160,370.593,0.007
-443828.679,-1172345.940,370.612,0.008
-443828.960,-1172345.690,370.615,0.005
-443829.220,-1172345.450,370.606,0.004
-443829.480,-1172345.220,370.574,0.006
-443829.750,-1172344.970,370.570,0.010
-443832.970,-1172342.060,370.532,0.008
-443833.510,-1172341.570,370.493,0.007
-443833.780,-1172341.320,370.520,0.010
-443834.600,-1172340.580,370.515,0.005
-443835.140,-1172340.100,370.522,0.008
-443836.489,-1172338.870,370.572,0.008
-443827.070,-1172347.010,370.657,0.003
-443827.339,-1172346.760,370.622,0.008
-443827.610,-1172346.520,370.620,0.010
-443828.430,-1172345.780,370.615,0.005
-443828.690,-1172345.540,370.625,0.005
-443828.960,-1172345.300,370.607,0.003
-443829.220,-1172345.060,370.586,0.004
-443831.870,-1172342.670,370.503,0.007
-443832.120,-1172342.440,370.507,0.003
-443832.390,-1172342.200,370.503,0.007
-443832.940,-1172341.700,370.503,0.007
-443833.220,-1172341.450,370.485,0.005
-443833.770,-1172340.950,370.494,0.006
-443834.020,-1172340.720,370.491,0.009
-443834.290,-1172340.480,370.501,0.009
-443835.110,-1172339.740,370.527,0.003
-443837.290,-1172337.770,370.571,0.009
-443837.560,-1172337.520,370.615,0.005
-443839.340,-1172335.910,370.392,0.008
-443734.730,-1172430.890,361.416,0.004
-443831.580,-1172342.390,370.515,0.005
-443831.820,-1172342.170,370.503,0.007
-443832.910,-1172341.180,370.482,0.008
-443833.180,-1172340.940,370.460,0.010
-443833.440,-1172340.710,370.481,0.009
-443833.720,-1172340.460,370.506,0.004
-443833.980,-1172340.220,370.484,0.006
-443834.820,-1172339.460,370.501,0.009
-443839.600,-1172335.140,370.416,0.004
-443839.840,-1172334.921,370.372,0.008
-443734.749,-1172430.510,361.431,0.009
-443735.360,-1172429.950,361.451,0.009
-443735.660,-1172429.680,361.453,0.007
-443736.240,-1172429.160,361.464,0.006
-443736.500,-1172428.920,361.450,0.010
-443737.120,-1172428.360,361.512,0.008
-443738.890,-1172426.760,361.544,0.006
-443739.470,-1172426.230,361.575,0.005
-443740.050,-1172425.710,361.595,0.005
-443740.320,-1172425.470,361.602,0.008
-443740.610,-1172425.210,361.613,0.007
-443741.190,-1172424.680,361.603,0.007
-443741.779,-1172424.149,361.650,0.010
-443742.350,-1172423.630,361.650,0.010
-443742.940,-1172423.100,361.685,0.006
-443743.220,-1172422.840,361.704,0.006
-443839.519,-1172334.800,370.393,0.007
-443735.050,-1172429.690,361.471,0.009
-443735.930,-1172428.900,361.461,0.009
-443737.410,-1172427.550,361.514,0.006
-443737.990,-1172427.030,361.530,0.010
-443738.590,-1172426.490,361.555,0.005
-443738.890,-1172426.220,361.560,0.010
-443739.490,-1172425.670,361.582,0.008
-443739.770,-1172425.420,361.573,0.007
-443740.070,-1172425.150,361.596,0.004
-443740.350,-1172424.900,361.626,0.004
-443740.660,-1172424.620,361.614,0.006
-443827.320,-1172346.240,370.645,0.005
-443828.670,-1172345.020,370.596,0.004
-443828.950,-1172344.770,370.613,0.007
-443829.210,-1172344.530,370.593,0.007
-443829.480,-1172344.290,370.595,0.005
-443738.220,-1172426.430,361.563,0.007
-443826.959,-1172346.160,370.641,0.009
-443827.229,-1172345.920,370.621,0.009
-443827.509,-1172345.661,370.621,0.009
-443828.560,-1172344.710,370.600,0.010
-443828.840,-1172344.460,370.571,0.009
-443829.100,-1172344.220,370.585,0.005
-443829.370,-1172343.980,370.563,0.007
-443829.650,-1172343.730,370.532,0.008
-443829.920,-1172343.480,370.530,0.010
-443832.020,-1172341.580,373.165,0.005
-443832.550,-1172341.100,370.482,0.008
-443832.820,-1172340.860,370.482,0.008
-443833.090,-1172340.610,370.461,0.009
-443833.630,-1172340.130,370.483,0.007
-443837.160,-1172336.930,370.572,0.008
-443828.500,-1172344.380,370.600,0.010
-443829.020,-1172343.920,370.583,0.007
-443829.290,-1172343.670,370.574,0.006
-443829.810,-1172343.200,370.570,0.010
-443831.960,-1172341.260,373.182,0.008
-443833.009,-1172340.310,370.482,0.008
-443833.280,-1172340.070,370.495,0.005
-443833.550,-1172339.820,370.472,0.008
-443834.070,-1172339.350,370.502,0.008
-443836.260,-1172337.370,370.551,0.010
-443839.459,-1172334.480,370.403,0.008
-443734.980,-1172429.359,361.441,0.009
-443827.449,-1172345.020,370.612,0.008
-443827.710,-1172344.790,370.622,0.008
-443827.990,-1172344.540,370.614,0.006
-443828.530,-1172344.050,370.623,0.007
-443828.790,-1172343.810,370.602,0.008
-443829.060,-1172343.570,370.602,0.008
-443829.330,-1172343.320,370.581,0.009
-443829.600,-1172343.080,370.545,0.005
-443829.880,-1172342.820,370.573,0.007
-443830.150,-1172342.580,370.536,0.004
-443831.450,-1172341.400,373.174,0.006
-443831.700,-1172341.170,373.194,0.006
-443832.260,-1172340.670,373.173,0.007
-443833.100,-1172339.910,370.486,0.004
-443833.350,-1172339.680,370.475,0.005
-443833.630,-1172339.430,370.515,0.005
-443833.900,-1172339.190,370.512,0.008
-443834.160,-1172338.950,370.537,0.003
-443834.420,-1172338.720,370.515,0.005
-443839.200,-1172334.390,370.402,0.008
-443839.470,-1172334.150,370.405,0.005
-443738.140,-1172426.120,361.591,0.009
-443738.440,-1172425.850,361.583,0.007
-443739.630,-1172424.779,361.601,0.009
-443827.250,-1172344.630,370.652,0.008
-443827.540,-1172344.370,370.634,0.006
-443827.790,-1172344.140,370.642,0.008
-443828.040,-1172343.920,370.624,0.006
-443828.320,-1172343.660,370.605,0.005
-443828.580,-1172343.430,370.594,0.006
-443829.389,-1172342.690,370.562,0.008
-443830.690,-1172341.520,373.190,0.010
-443830.960,-1172341.270,373.176,0.004
-443831.250,-1172341.020,373.197,0.003
-443831.520,-1172340.770,373.197,0.003
-443831.790,-1172340.530,373.183,0.007
-443832.050,-1172340.290,373.170,0.010
-443832.630,-1172339.770,370.595,0.005
-443832.870,-1172339.550,370.516,0.004
-443833.150,-1172339.300,370.506,0.004
-443833.440,-1172339.030,370.515,0.005
-443833.970,-1172338.560,370.537,0.003
-443834.240,-1172338.310,370.505,0.005
-443834.520,-1172338.060,370.548,0.002
-443834.760,-1172337.830,370.537,0.003
-443835.030,-1172337.600,370.552,0.008
-443835.280,-1172337.360,370.533,0.007
-443835.560,-1172337.120,370.543,0.007
-443836.620,-1172336.150,370.563,0.007
-443734.760,-1172428.890,361.475,0.005
-443737.640,-1172426.270,361.572,0.008
-443738.520,-1172425.480,361.582,0.008
-443738.830,-1172425.200,361.603,0.007
-443739.690,-1172424.419,361.621,0.009
-443740.000,-1172424.140,361.642,0.008
-443741.180,-1172423.070,361.653,0.007
-443827.110,-1172344.250,370.655,0.005
-443827.360,-1172344.020,370.626,0.004
-443827.640,-1172343.770,370.613,0.007
-443828.149,-1172343.310,370.600,0.010
-443828.399,-1172343.080,370.572,0.008
-443828.680,-1172342.830,370.562,0.008
-443830.510,-1172341.170,373.182,0.008
-443830.780,-1172340.930,373.184,0.006
-443831.050,-1172340.680,373.176,0.004
-443831.580,-1172340.210,373.186,0.004
-443831.850,-1172339.960,373.185,0.005
-443832.710,-1172339.180,370.545,0.005
-443832.960,-1172338.960,370.514,0.006
-443833.230,-1172338.710,370.502,0.008
-443833.510,-1172338.460,370.504,0.006
-443834.050,-1172337.970,370.514,0.006
-443834.610,-1172337.470,370.512,0.008
-443834.860,-1172337.240,370.544,0.006
-443835.140,-1172336.990,370.555,0.005
-443835.410,-1172336.740,370.553,0.007
-443835.939,-1172336.260,370.551,0.009
-443837.010,-1172335.300,370.582,0.008
-443837.269,-1172335.060,370.613,0.007
-443735.440,-1172427.690,361.506,0.004
-443737.190,-1172426.110,361.603,0.007
-443738.060,-1172425.320,361.606,0.004
-443738.340,-1172425.060,361.635,0.005
-443738.930,-1172424.530,361.623,0.007
-443739.200,-1172424.290,361.624,0.006
-443740.380,-1172423.220,361.684,0.006
-443826.970,-1172343.900,370.646,0.004
-443827.249,-1172343.650,370.642,0.008
-443827.510,-1172343.410,370.622,0.008
-443827.770,-1172343.170,370.612,0.008
-443830.910,-1172340.330,373.161,0.009
-443832.000,-1172339.350,373.163,0.007
-443833.110,-1172338.340,370.494,0.006
-443833.390,-1172338.090,370.511,0.009
-443833.890,-1172337.630,370.512,0.008
-443835.550,-1172336.130,370.550,0.010
-443735.540,-1172427.090,361.533,0.007
-443735.830,-1172426.830,361.543,0.007
-443738.190,-1172424.700,361.623,0.007
-443738.470,-1172424.440,361.621,0.009
-443739.040,-1172423.930,361.621,0.009
-443739.340,-1172423.660,361.654,0.006
-443738.470,-1172423.610,361.620,0.010
-443739.080,-1172423.070,361.632,0.008
-443827.039,-1172343.460,370.633,0.007
-443827.309,-1172343.220,370.612,0.008
-443827.570,-1172342.980,370.625,0.005
-443827.840,-1172342.740,370.614,0.006
-443828.109,-1172342.490,370.582,0.008
-443829.150,-1172341.550,373.172,0.008
-443829.410,-1172341.310,373.173,0.007
-443830.739,-1172340.110,373.183,0.007
-443833.160,-1172337.920,370.493,0.007
-443833.710,-1172337.430,370.511,0.009
-443833.990,-1172337.170,370.511,0.009
-443836.690,-1172334.730,370.550,0.010
-443837.230,-1172334.240,370.585,0.005
-443735.130,-1172426.990,361.534,0.006
-443735.420,-1172426.730,361.531,0.009
-443735.980,-1172426.220,361.571,0.009
-443738.960,-1172423.530,361.641,0.009
-443835.430,-1172334.990,370.545,0.005
-443835.710,-1172334.740,370.531,0.009
-443835.990,-1172334.490,370.561,0.009
-443836.260,-1172334.240,370.544,0.006
-443734.550,-1172426.680,361.541,0.009
-443734.840,-1172426.420,361.545,0.005
-443735.450,-1172425.870,361.581,0.009
-443737.210,-1172424.270,361.662,0.008
-443738.090,-1172423.480,361.652,0.008
-443826.919,-1172343.080,370.680,0.010
-443827.450,-1172342.600,370.633,0.007
-443827.710,-1172342.370,370.624,0.006
-443827.950,-1172342.150,370.613,0.007
-443829.270,-1172340.950,373.163,0.007
-443831.440,-1172338.990,373.185,0.005
-443831.690,-1172338.760,373.195,0.005
-443831.970,-1172338.510,373.186,0.004
-443832.780,-1172337.780,370.547,0.003
-443833.030,-1172337.550,370.527,0.003
-443834.110,-1172336.580,370.545,0.005
-443834.380,-1172336.330,370.556,0.004
-443835.500,-1172335.320,370.567,0.003
-443736.450,-1172425.440,361.603,0.007
-443829.310,-1172340.170,373.171,0.009
-443829.570,-1172339.930,373.180,0.010
-443829.850,-1172339.680,373.182,0.008
-443830.140,-1172339.420,373.180,0.010
-443830.930,-1172338.700,373.194,0.006
-443831.190,-1172338.460,373.173,0.007
-443832.330,-1172337.430,370.555,0.005
-443832.600,-1172337.190,370.543,0.007
-443834.450,-1172335.510,370.550,0.010
-443834.700,-1172335.280,370.563,0.007
-443835.240,-1172334.800,370.555,0.005
-443835.510,-1172334.560,370.563,0.007
-443835.760,-1172334.330,370.561,0.009
-443734.590,-1172426.270,361.573,0.007
-443734.880,-1172426.010,361.573,0.007
-443735.160,-1172425.740,361.584,0.006
-443735.740,-1172425.230,361.571,0.009
-443737.780,-1172423.380,361.673,0.007
-443827.129,-1172342.500,370.641,0.009
-443827.420,-1172342.240,370.654,0.006
-443827.690,-1172342.000,370.614,0.006
-443827.949,-1172341.760,370.593,0.007
-443829.000,-1172340.810,373.162,0.008
-443830.609,-1172339.350,373.203,0.007
-443831.410,-1172338.620,373.174,0.006
-443831.690,-1172338.370,373.173,0.007
-443832.770,-1172337.400,370.526,0.004
-443833.020,-1172337.170,370.524,0.006
-443833.820,-1172336.440,370.532,0.008
-443834.100,-1172336.190,370.535,0.005
-443834.360,-1172335.960,370.545,0.005
-443834.640,-1172335.710,370.522,0.008
-443835.170,-1172335.220,370.554,0.006
-443827.079,-1172341.850,370.652,0.008
-443827.350,-1172341.600,370.653,0.007
-443827.610,-1172341.360,370.647,0.003
-443829.420,-1172339.720,373.160,0.010
-443829.960,-1172339.230,373.173,0.007
-443830.490,-1172338.750,373.161,0.009
-443830.780,-1172338.500,373.172,0.008
-443831.890,-1172337.490,370.547,0.003
-443832.160,-1172337.240,370.526,0.004
-443832.700,-1172336.750,370.532,0.008
-443832.970,-1172336.510,370.534,0.006
-443833.250,-1172336.250,370.544,0.006
-443833.520,-1172336.020,370.543,0.007
-443834.320,-1172335.290,370.532,0.008
-443834.590,-1172335.050,370.555,0.005
-443834.840,-1172334.810,370.555,0.005
-443835.100,-1172334.580,370.557,0.003
-443835.360,-1172334.350,370.545,0.005
-443734.409,-1172426.070,361.601,0.009
-443734.700,-1172425.800,361.551,0.009
-443736.720,-1172423.980,361.630,0.010
-443737.580,-1172423.200,361.670,0.010
-443827.210,-1172342.070,370.674,0.006
-443827.490,-1172341.810,370.664,0.006
-443827.749,-1172341.580,370.643,0.007
-443829.150,-1172338.890,373.173,0.007
-443829.400,-1172338.660,373.154,0.006
-443831.850,-1172336.450,370.521,0.009
-443832.110,-1172336.210,370.524,0.006
-443832.670,-1172335.700,370.523,0.007
-443832.930,-1172335.470,370.513,0.007
-443833.190,-1172335.230,370.542,0.008
-443833.460,-1172334.990,370.532,0.008
-443833.740,-1172334.740,370.532,0.008
-443834.010,-1172334.490,370.534,0.006
-443734.409,-1172425.169,361.601,0.009
-443734.700,-1172424.910,361.593,0.007
-443826.950,-1172341.390,370.673,0.007
-443827.209,-1172341.160,370.653,0.007
-443827.459,-1172340.920,370.634,0.006
-443827.710,-1172340.700,370.615,0.005
-443827.970,-1172340.460,370.626,0.004
-443829.270,-1172339.290,373.174,0.006
-443829.520,-1172339.060,373.176,0.004
-443829.800,-1172338.810,373.192,0.008
-443831.480,-1172337.290,370.554,0.006
-443831.740,-1172337.050,370.535,0.005
-443832.530,-1172336.340,370.534,0.006
-443832.800,-1172336.100,370.534,0.006
-443833.070,-1172335.850,370.525,0.005
-443833.340,-1172335.600,370.545,0.005
-443833.620,-1172335.360,370.555,0.005
-443833.880,-1172335.110,370.545,0.005
-443834.180,-1172334.850,370.563,0.007
-443834.430,-1172334.620,370.544,0.006
-443735.450,-1172424.790,361.622,0.008
-443736.040,-1172424.260,361.612,0.008
-443831.820,-1172335.500,370.541,0.009
-443832.360,-1172335.010,370.551,0.009
-443832.610,-1172334.780,370.546,0.004
-443832.890,-1172334.530,370.555,0.005
-443734.490,-1172424.080,361.632,0.008
-443826.990,-1172340.340,370.667,0.003
-443827.260,-1172340.090,370.610,0.010
-443827.529,-1172339.850,370.600,0.010
-443827.799,-1172339.600,370.611,0.009
-443828.049,-1172339.370,370.561,0.009
-443829.090,-1172338.430,373.143,0.007
-443832.040,-1172335.760,370.541,0.009
-443832.580,-1172335.270,370.542,0.008
-443832.850,-1172335.030,370.541,0.009
-443833.140,-1172334.760,370.543,0.007
-443833.420,-1172334.520,370.555,0.005
-443734.600,-1172424.490,361.614,0.006
-443827.069,-1172340.780,370.662,0.008
-443827.870,-1172340.050,370.585,0.005
-443831.220,-1172334.940,370.553,0.007
-443734.320,-1172423.200,361.695,0.005
-443827.000,-1172339.270,370.644,0.006
-443827.259,-1172339.040,370.624,0.006
-443827.530,-1172338.790,370.624,0.006
-443827.810,-1172338.540,370.626,0.004
-443828.069,-1172338.310,370.580,0.010
-443828.860,-1172337.580,370.581,0.009
-443829.130,-1172337.340,370.573,0.007
-443829.380,-1172337.110,370.586,0.004
-443831.270,-1172335.400,370.546,0.004
-443827.040,-1172339.820,370.655,0.005
-443827.300,-1172339.590,370.646,0.004
-443827.550,-1172339.360,370.625,0.005
-443827.830,-1172339.110,370.601,0.009
-443829.710,-1172337.410,370.556,0.004
-443829.970,-1172337.170,370.551,0.009
-443828.900,-1172336.140,370.564,0.006
-443829.180,-1172335.890,370.565,0.005
-443829.430,-1172335.660,370.564,0.006
-443829.700,-1172335.420,370.554,0.006
-443829.970,-1172335.180,370.532,0.008
-443830.240,-1172334.930,370.551,0.009
-443830.520,-1172334.680,370.551,0.009
-443827.080,-1172338.200,370.634,0.006
-443827.330,-1172337.970,370.612,0.008
-443828.140,-1172337.241,370.591,0.009
-443828.390,-1172337.010,370.562,0.008
-443828.950,-1172336.510,370.566,0.004
-443829.220,-1172336.260,370.555,0.005
-443829.480,-1172336.020,370.565,0.005
-443829.770,-1172335.770,370.541,0.009
-443830.540,-1172335.070,370.552,0.008
-443831.100,-1172334.560,370.552,0.008
-443825.990,-1172339.680,371.151,0.009
-443826.930,-1172338.830,370.654,0.006
-443827.179,-1172338.600,370.621,0.009
-443827.429,-1172338.370,370.612,0.008
-443827.700,-1172338.130,370.606,0.004
-443827.980,-1172337.870,370.595,0.005
-443829.060,-1172336.890,370.564,0.006
-443829.320,-1172336.660,370.568,0.002
-443829.570,-1172336.430,370.556,0.004
-443826.980,-1172336.820,370.625,0.005
-443827.260,-1172336.560,370.632,0.008
-443827.510,-1172336.330,370.624,0.006
-443827.790,-1172336.080,370.604,0.006
-443828.039,-1172335.850,370.581,0.009
-443828.310,-1172335.610,370.583,0.007
-443829.100,-1172334.900,370.585,0.005
-443825.920,-1172338.310,371.132,0.008
-443826.840,-1172337.470,370.634,0.006
-443827.110,-1172337.220,370.625,0.005
-443827.370,-1172336.990,370.637,0.003
-443827.630,-1172336.760,370.613,0.007
-443827.900,-1172336.510,370.615,0.005
-443828.149,-1172336.280,370.613,0.007
-443828.400,-1172336.060,370.584,0.006
-443828.680,-1172335.810,370.596,0.004
-443829.210,-1172335.330,370.581,0.009
-443829.460,-1172335.100,370.565,0.005
-443829.750,-1172334.840,370.577,0.003
-443826.789,-1172338.060,370.641,0.009
-443827.050,-1172337.820,370.614,0.006
-443827.300,-1172337.600,370.602,0.008
-443827.569,-1172337.350,370.593,0.007
-443827.829,-1172337.110,370.593,0.007
-443828.089,-1172336.870,370.573,0.008
-443828.359,-1172336.630,370.541,0.009
-443828.620,-1172336.390,370.551,0.009
-443826.990,-1172335.300,370.656,0.004
-443827.260,-1172335.060,370.647,0.003
-443826.870,-1172335.950,370.645,0.005
-443827.120,-1172335.720,370.643,0.007
-443827.379,-1172335.480,370.612,0.008
-443827.650,-1172335.240,370.592,0.008
-443827.910,-1172335.000,370.610,0.010
-443826.880,-1172336.440,370.657,0.003
-443827.149,-1172336.200,370.632,0.008
-443827.399,-1172335.960,370.612,0.008
-443827.680,-1172335.710,370.605,0.005
-443827.950,-1172335.470,370.606,0.004
-443828.230,-1172335.220,370.616,0.004
-443828.480,-1172334.980,370.596,0.004
-443826.860,-1172334.929,370.631,0.009
-443839.070,-1172333.430,370.402,0.008
-443839.340,-1172333.180,370.381,0.009
-443839.300,-1172333.730,370.424,0.006
-443839.550,-1172333.500,370.424,0.006
-443839.799,-1172333.280,370.386,0.004
-443839.190,-1172331.980,370.393,0.007
-443839.440,-1172331.750,370.370,0.010
-443839.280,-1172332.380,370.393,0.007
-443839.540,-1172332.150,370.372,0.008
-443836.980,-1172332.890,370.592,0.008
-443838.820,-1172331.221,370.421,0.009
-443836.040,-1172334.070,370.571,0.009
-443836.850,-1172333.340,370.612,0.008
-443837.130,-1172333.090,370.622,0.008
-443837.420,-1172332.830,370.613,0.007
-443839.230,-1172331.190,370.393,0.007
-443839.480,-1172330.960,370.395,0.005
-443839.170,-1172331.610,370.374,0.006
-443839.430,-1172331.370,370.374,0.006
-443834.550,-1172334.010,370.553,0.007
-443835.640,-1172333.020,370.554,0.006
-443837.510,-1172331.330,370.642,0.008
-443835.230,-1172333.890,370.553,0.007
-443835.500,-1172333.650,370.554,0.006
-443835.750,-1172333.420,370.544,0.006
-443836.020,-1172333.180,370.554,0.006
-443836.290,-1172332.940,370.572,0.008
-443837.080,-1172332.220,370.625,0.005
-443832.590,-1172334.210,370.551,0.009
-443832.860,-1172333.960,370.556,0.004
-443833.120,-1172333.730,370.555,0.005
-443833.650,-1172333.250,370.575,0.005
-443833.930,-1172332.990,370.545,0.005
-443834.210,-1172332.740,370.606,0.004
-443834.470,-1172332.510,370.593,0.007
-443834.730,-1172332.270,370.603,0.007
-443835.010,-1172332.010,370.597,0.003
-443833.170,-1172334.280,370.534,0.006
-443833.430,-1172334.040,370.575,0.005
-443833.680,-1172333.810,370.566,0.004
-443833.960,-1172333.560,370.566,0.004
-443834.230,-1172333.310,370.534,0.006
-443834.510,-1172333.060,370.553,0.007
-443835.340,-1172332.310,370.587,0.003
-443835.850,-1172331.850,370.603,0.007
-443833.680,-1172334.280,370.556,0.004
-443834.210,-1172333.800,370.555,0.005
-443834.740,-1172333.320,370.563,0.007
-443835.550,-1172332.590,370.574,0.006
-443836.120,-1172332.070,370.596,0.004
-443836.920,-1172331.340,370.646,0.004
-443830.800,-1172334.420,370.543,0.007
-443831.340,-1172333.940,370.564,0.006
-443832.130,-1172333.220,370.543,0.007
-443832.940,-1172332.479,370.561,0.009
-443833.229,-1172332.220,370.613,0.007
-443831.350,-1172334.330,370.560,0.010
-443831.640,-1172334.080,370.550,0.010
-443832.720,-1172333.090,370.561,0.009
-443833.000,-1172332.840,370.584,0.006
-443833.790,-1172332.130,370.583,0.007
-443834.060,-1172331.880,370.605,0.005
-443831.760,-1172334.450,370.555,0.005
-443832.020,-1172334.220,370.574,0.007
-443832.290,-1172333.970,370.562,0.008
-443832.549,-1172333.739,370.561,0.009
-443832.800,-1172333.510,370.554,0.006
-443833.070,-1172333.270,370.564,0.006
-443833.600,-1172332.790,370.575,0.005
-443833.860,-1172332.550,370.585,0.005
-443834.130,-1172332.300,370.594,0.006
-443834.400,-1172332.059,370.591,0.009
-443830.059,-1172333.560,370.561,0.009
-443830.320,-1172333.320,370.585,0.005
-443830.620,-1172333.050,370.575,0.005
-443831.670,-1172332.090,370.627,0.003
-443829.350,-1172334.660,370.586,0.004
-443829.630,-1172334.420,370.584,0.006
-443829.880,-1172334.180,370.562,0.008
-443830.140,-1172333.950,370.574,0.006
-443830.410,-1172333.710,370.575,0.005
-443830.680,-1172333.470,370.577,0.003
-443831.500,-1172332.720,370.575,0.005
-443832.040,-1172332.230,370.581,0.009
-443832.300,-1172331.989,370.610,0.010
-443830.020,-1172334.590,370.586,0.004
-443830.270,-1172334.360,370.587,0.003
-443830.530,-1172334.130,370.573,0.007
-443830.810,-1172333.870,370.553,0.007
-443831.640,-1172333.120,370.576,0.004
-443831.920,-1172332.870,370.575,0.005
-443832.990,-1172331.900,370.625,0.005
-443829.800,-1172332.260,370.602,0.008
-443830.080,-1172332.000,370.600,0.010
-443827.540,-1172334.800,370.635,0.005
-443827.820,-1172334.550,370.614,0.006
-443828.340,-1172334.080,370.592,0.008
-443828.610,-1172333.840,370.583,0.007
-443828.860,-1172333.610,370.584,0.006
-443829.130,-1172333.370,370.616,0.004
-443829.410,-1172333.110,370.603,0.007
-443829.680,-1172332.870,370.603,0.007
-443829.950,-1172332.620,370.594,0.006
-443830.220,-1172332.380,370.595,0.005
-443828.180,-1172334.760,370.605,0.005
-443828.450,-1172334.520,370.606,0.004
-443828.730,-1172334.260,370.605,0.005
-443828.990,-1172334.030,370.573,0.007
-443829.270,-1172333.770,370.604,0.006
-443829.530,-1172333.540,370.595,0.005
-443829.810,-1172333.290,370.591,0.009
-443830.060,-1172333.060,370.572,0.008
-443830.340,-1172332.800,370.583,0.007
-443830.590,-1172332.580,370.572,0.008
-443830.860,-1172332.330,370.593,0.007
-443831.660,-1172331.600,370.644,0.006
-443828.770,-1172334.730,370.584,0.006
-443829.010,-1172334.510,370.575,0.005
-443829.290,-1172334.260,370.595,0.005
-443829.550,-1172334.020,370.560,0.010
-443826.709,-1172334.240,370.660,0.010
-443826.980,-1172333.990,370.664,0.006
-443827.240,-1172333.750,370.654,0.006
-443828.559,-1172332.560,370.642,0.008
-443828.809,-1172332.330,370.632,0.008
-443829.340,-1172331.850,370.645,0.005
-443826.610,-1172334.760,370.663,0.007
-443826.879,-1172334.510,370.652,0.008
-443827.130,-1172334.290,370.653,0.007
-443827.930,-1172333.560,370.641,0.009
-443828.190,-1172333.330,370.615,0.005
-443828.480,-1172333.069,370.643,0.007
-443828.740,-1172332.830,370.622,0.008
-443829.000,-1172332.600,370.625,0.005
-443829.540,-1172332.100,370.622,0.008
-443830.100,-1172331.600,370.643,0.007
-443827.130,-1172334.670,370.633,0.007
-443827.390,-1172334.440,370.656,0.004
-443827.650,-1172334.210,370.624,0.006
-443828.199,-1172333.710,370.601,0.009
-443828.470,-1172333.460,370.592,0.008
-443828.750,-1172333.210,370.617,0.003
-443829.020,-1172332.970,370.604,0.006
-443829.279,-1172332.730,370.601,0.009
-443827.680,-1172331.460,370.664,0.006
-443826.759,-1172332.710,370.682,0.008
-443827.010,-1172332.480,370.686,0.004
-443827.260,-1172332.250,370.677,0.003
-443827.540,-1172332.000,370.674,0.006
-443827.830,-1172331.730,370.681,0.009
-443826.880,-1172333.040,370.677,0.003
-443827.130,-1172332.810,370.657,0.003
-443827.410,-1172332.560,370.666,0.004
-443827.680,-1172332.320,370.641,0.009
-443827.970,-1172332.060,370.655,0.005
-443828.500,-1172331.570,370.676,0.004
-443826.840,-1172333.610,370.676,0.004
-443827.100,-1172333.370,370.654,0.006
-443827.900,-1172332.650,370.641,0.009
-443828.160,-1172332.410,370.642,0.008
-443828.420,-1172332.180,370.643,0.007
-443828.679,-1172331.930,370.652,0.008
-443828.939,-1172331.700,370.660,0.010
-443829.210,-1172331.450,370.676,0.004
-443826.879,-1172331.710,370.722,0.008
-443826.860,-1172332.200,370.662,0.008
-443827.120,-1172331.960,370.675,0.005
-443772.490,-1172293.251,358.782,0.008
-443772.750,-1172293.010,358.764,0.006
-443774.030,-1172291.840,358.684,0.006
-443773.520,-1172291.470,358.640,0.010
-443770.860,-1172293.250,358.780,0.010
-443771.100,-1172292.500,358.710,0.010
-443771.350,-1172292.270,358.692,0.008
-443772.690,-1172291.040,358.616,0.004
-443769.770,-1172293.260,358.763,0.007
-443770.029,-1172293.010,358.731,0.009
-443768.910,-1172293.240,358.765,0.005
-443769.190,-1172292.990,358.714,0.006
-443769.460,-1172292.740,358.703,0.007
-443770.500,-1172291.790,358.666,0.004
-443770.760,-1172291.550,358.632,0.008
-443768.010,-1172293.190,358.711,0.009
-443768.200,-1172292.530,358.682,0.008
-443768.450,-1172292.300,358.673,0.007
-443768.700,-1172292.070,358.673,0.007
-443769.740,-1172291.110,358.571,0.009
-443770.020,-1172290.860,358.593,0.007
-443770.290,-1172290.610,358.581,0.009
-443767.590,-1172292.661,358.693,0.007
-443768.650,-1172291.700,358.632,0.008
-443768.910,-1172291.460,358.622,0.008
-443769.160,-1172291.230,358.604,0.006
-443769.410,-1172291.000,358.584,0.006
-443769.940,-1172290.510,358.545,0.005
-443766.270,-1172293.270,358.733,0.007
-443769.180,-1172290.610,358.552,0.008
-443766.490,-1172292.550,358.681,0.009
-443766.750,-1172292.310,358.653,0.007
-443767.160,-1172291.060,358.553,0.007
-443763.310,-1172294.120,357.155,0.005
-443766.410,-1172291.281,358.592,0.008
-443763.050,-1172293.960,357.234,0.006
-443766.670,-1172290.640,358.551,0.009
-443766.930,-1172290.390,358.522,0.008
-443763.150,-1172293.510,357.194,0.006
-443766.520,-1172290.420,358.531,0.009
-443763.250,-1172293.020,357.217,0.003
-443763.529,-1172292.760,357.212,0.008
-443763.620,-1172292.100,357.222,0.008
-443764.440,-1172291.350,357.250,0.010
-443763.090,-1172291.650,357.291,0.009
-443763.340,-1172291.420,357.263,0.007
-443762.950,-1172291.440,357.257,0.003
-443759.719,-1172294.000,359.110,0.010
-443758.400,-1172294.790,359.132,0.008
-443759.470,-1172293.810,359.113,0.007
-443759.730,-1172293.580,359.092,0.008
-443759.380,-1172293.510,359.112,0.008
-443759.630,-1172293.280,359.105,0.005
-443759.910,-1172293.020,359.093,0.007
-443758.000,-1172294.300,359.134,0.006
-443759.039,-1172293.350,359.084,0.006
-443759.319,-1172293.100,359.071,0.009
-443759.860,-1172292.600,359.073,0.007
-443760.130,-1172292.350,359.073,0.007
-443759.350,-1172292.530,359.092,0.008
-443757.070,-1172294.030,359.122,0.008
-443757.349,-1172293.770,359.132,0.008
-443757.610,-1172293.540,359.114,0.006
-443759.600,-1172290.860,359.011,0.009
-443759.860,-1172290.620,359.040,0.010
-443757.710,-1172291.150,359.054,0.006
-443757.110,-1172291.240,359.074,0.006
-443757.220,-1172290.630,359.040,0.010
-443714.809,-1172334.460,360.740,0.010
-443715.190,-1172334.900,360.773,0.007
-443715.449,-1172335.060,360.745,0.005
-443715.979,-1172334.570,360.713,0.008
-443714.190,-1172333.430,360.801,0.009
-443711.290,-1172337.220,361.041,0.009
-443712.609,-1172336.010,360.904,0.006
-443714.759,-1172334.030,360.741,0.009
-443712.699,-1172333.960,360.881,0.009
-443712.959,-1172333.730,360.861,0.009
-443714.069,-1172332.710,360.802,0.008
-443714.629,-1172332.190,360.781,0.009
-443714.050,-1172333.121,360.741,0.009
-443710.969,-1172335.120,361.011,0.009
-443712.050,-1172334.130,360.945,0.005
-443713.160,-1172333.110,360.832,0.008
-443710.770,-1172333.830,361.030,0.010
-443711.049,-1172333.580,360.982,0.008
-443714.589,-1172330.800,360.741,0.009
-443714.870,-1172330.550,360.731,0.009
-443711.140,-1172332.100,360.953,0.007
-443713.029,-1172330.360,360.801,0.009
-443712.109,-1172330.370,360.892,0.008
-443713.119,-1172329.870,360.843,0.007
-443712.140,-1172329.540,360.897,0.003
-443712.400,-1172329.300,360.854,0.006
-443712.220,-1172329.800,360.884,0.006
-443712.500,-1172329.550,360.851,0.009
-443712.639,-1172328.150,360.840,0.010
-443707.310,-1172333.550,360.810,0.010
-443711.539,-1172329.650,360.932,0.008
-443711.790,-1172329.420,360.894,0.006
-443712.069,-1172329.160,360.874,0.006
-443712.609,-1172328.670,360.841,0.009
-443712.879,-1172328.420,360.833,0.007
-443712.090,-1172328.029,360.892,0.008
-443706.780,-1172333.550,360.793,0.007
-443710.479,-1172330.140,360.992,0.008
-443710.739,-1172329.900,360.963,0.007
-443711.259,-1172329.420,360.951,0.009
-443706.900,-1172331.880,360.815,0.005
-443713.190,-1172326.089,360.553,0.007
-443711.559,-1172328.090,360.942,0.009
-443699.490,-1172321.820,358.593,0.007
-443699.150,-1172321.620,358.565,0.005
-443699.410,-1172321.380,358.524,0.006
-443706.169,-1172292.571,356.882,0.008
-443704.880,-1172294.291,356.980,0.010
-443705.429,-1172293.780,356.963,0.007
-443704.579,-1172292.870,356.891,0.009
-443704.080,-1172294.000,357.004,0.006
-443705.190,-1172292.970,356.930,0.010
-443705.740,-1172292.470,356.892,0.008
-443704.690,-1172292.140,356.880,0.010
-443702.690,-1172292.620,356.901,0.009
-443702.180,-1172292.250,356.871,0.009
-443701.059,-1172292.940,356.950,0.010
-443700.580,-1172292.480,356.941,0.009
-443701.640,-1172291.500,356.861,0.009
-443702.190,-1172290.990,356.844,0.006
-443701.810,-1172291.010,356.830,0.010
-443701.630,-1172290.530,356.804,0.006
-443834.630,-1172422.430,348.537,0.003
-443833.640,-1172422.510,348.561,0.009
-443833.540,-1172422.350,348.565,0.005
-443820.860,-1172439.770,351.454,0.006
-443820.660,-1172439.720,351.480,0.010
-443815.439,-1172439.740,351.484,0.006
-443802.290,-1172436.250,351.495,0.005
-443802.160,-1172436.600,351.530,0.010
-443802.020,-1172436.250,351.515,0.005
-443807.180,-1172409.800,348.125,0.005
-443807.060,-1172410.110,348.115,0.005
-443807.440,-1172408.470,348.141,0.009
-443807.310,-1172408.810,348.152,0.008
-443807.180,-1172409.150,348.110,0.010
-443807.040,-1172409.520,348.141,0.009
-443806.910,-1172409.840,348.154,0.006
-443806.589,-1172409.100,348.152,0.009
-443806.330,-1172409.800,348.200,0.010
-443806.200,-1172410.130,348.174,0.006
-443806.649,-1172408.390,348.161,0.009
-443806.520,-1172408.750,348.143,0.007
-443806.109,-1172409.810,348.211,0.009
-443805.990,-1172410.150,348.223,0.007
-443802.040,-1172404.440,348.162,0.008
-443801.910,-1172404.780,348.152,0.008
-443801.790,-1172405.100,348.161,0.009
-443801.530,-1172405.790,348.153,0.007
-443801.409,-1172406.100,348.100,0.010
-443803.090,-1172404.080,348.123,0.007
-443802.960,-1172404.440,348.141,0.009
-443802.819,-1172404.800,348.131,0.009
-443802.510,-1172404.070,348.135,0.005
-443802.390,-1172404.370,348.114,0.006
-443802.270,-1172404.700,348.083,0.007
-443802.010,-1172405.370,348.100,0.010
-443803.650,-1172404.850,348.121,0.009
-443803.520,-1172405.180,348.115,0.005
-443803.390,-1172405.540,348.132,0.008
-443803.260,-1172405.880,348.103,0.007
-443803.100,-1172404.610,348.091,0.009
-443802.960,-1172404.980,348.102,0.008
-443804.000,-1172404.700,348.052,0.008
-443803.870,-1172405.050,348.061,0.009
-443803.610,-1172405.740,348.091,0.009
-443804.730,-1172404.390,348.115,0.005
-443804.220,-1172405.740,348.093,0.007
-443805.390,-1172404.910,348.094,0.006
-443805.260,-1172405.250,348.083,0.007
-443804.990,-1172405.960,348.134,0.006
-443804.870,-1172406.290,348.123,0.007
-443804.340,-1172407.680,348.191,0.009
-443804.950,-1172404.410,348.103,0.007
-443804.839,-1172404.720,348.052,0.008
-443804.710,-1172405.050,348.073,0.007
-443804.329,-1172406.060,348.092,0.008
-443805.940,-1172404.020,348.060,0.010
-443805.680,-1172404.700,348.081,0.009
-443805.430,-1172405.380,348.074,0.006
-443805.030,-1172406.420,348.064,0.006
-443804.630,-1172407.480,348.206,0.004
-443804.509,-1172407.800,348.200,0.010
-443804.240,-1172408.500,348.203,0.007
-443804.120,-1172408.820,348.181,0.009
-443803.990,-1172409.180,348.195,0.005
-443806.200,-1172404.720,348.081,0.009
-443806.060,-1172405.070,348.085,0.005
-443805.940,-1172405.410,348.055,0.005
-443805.560,-1172406.410,348.094,0.006
-443805.160,-1172407.450,348.154,0.006
-443804.760,-1172408.510,348.190,0.010
-443804.639,-1172408.840,348.182,0.008
-443804.500,-1172409.200,348.200,0.010
-443804.250,-1172409.870,348.240,0.010
-443804.120,-1172410.190,348.221,0.009
-443806.480,-1172404.540,348.042,0.008
-443806.360,-1172404.860,348.053,0.007
-443806.220,-1172405.220,348.077,0.003
-443806.090,-1172405.570,348.072,0.008
-443805.700,-1172406.580,348.034,0.006
-443805.300,-1172407.640,348.154,0.006
-443804.920,-1172408.650,348.163,0.007
-443804.789,-1172408.991,348.190,0.010
-443806.459,-1172404.020,348.061,0.009
-443807.369,-1172404.040,348.072,0.008
-443807.110,-1172404.710,348.064,0.006
-443806.980,-1172405.070,348.082,0.008
-443806.730,-1172405.720,348.041,0.009
-443806.590,-1172406.100,348.091,0.009
-443806.460,-1172406.430,348.073,0.007
-443805.939,-1172407.790,348.161,0.009
-443805.560,-1172408.800,348.151,0.009
-443807.710,-1172404.040,348.011,0.009
-443807.580,-1172404.400,348.066,0.004
-443807.460,-1172404.709,348.041,0.009
-443807.320,-1172405.070,348.033,0.007
-443807.200,-1172405.410,348.041,0.009
-443806.950,-1172406.050,348.064,0.006
-443806.820,-1172406.400,348.053,0.007
-443806.560,-1172407.090,348.142,0.008
-443806.040,-1172408.450,348.161,0.009
-443805.910,-1172408.810,348.164,0.006
-443805.780,-1172409.150,348.181,0.009
-443805.660,-1172409.460,348.193,0.007
-443730.679,-1172410.940,349.010,0.010
-443730.539,-1172411.310,349.062,0.008
-443730.430,-1172411.620,349.023,0.007
-443730.730,-1172409.050,349.022,0.008
-443730.360,-1172410.050,348.992,0.008
-443730.430,-1172409.140,349.041,0.009
-443730.310,-1172409.460,348.981,0.009
-443731.080,-1172413.970,348.982,0.008
-443730.470,-1172415.650,349.012,0.008
-443730.350,-1172415.960,349.003,0.007
-443730.869,-1172413.940,349.042,0.008
-443730.629,-1172414.590,349.051,0.009
-443732.040,-1172409.470,349.050,0.010
-443730.930,-1172412.500,349.001,0.009
-443731.680,-1172409.750,349.042,0.008
-443731.440,-1172410.400,349.031,0.009
-443733.290,-1172410.560,350.536,0.004
-443733.170,-1172410.900,350.542,0.008
-443732.220,-1172413.450,349.011,0.009
-443731.720,-1172414.810,349.011,0.009
-443731.230,-1172416.150,349.052,0.008
-443730.990,-1172416.820,349.036,0.004
-443730.870,-1172417.140,349.012,0.008
-443730.740,-1172417.490,349.042,0.008
-443731.770,-1172413.800,349.071,0.009
-443731.400,-1172414.810,349.062,0.009
-443731.160,-1172415.460,349.032,0.008
-443731.030,-1172415.810,349.033,0.007
-443730.780,-1172416.490,349.060,0.010
-443730.650,-1172416.830,349.044,0.006
-443733.699,-1172408.570,350.511,0.010
-443733.569,-1172408.910,350.512,0.008
-443733.449,-1172409.250,350.532,0.008
-443733.010,-1172408.750,350.525,0.005
-443732.889,-1172409.070,350.542,0.008
-443732.790,-1172409.330,349.026,0.004
-443732.670,-1172409.640,349.035,0.005
-443734.800,-1172408.600,350.460,0.010
-443734.430,-1172409.610,350.481,0.009
-443734.170,-1172410.310,350.483,0.007
-443733.810,-1172411.300,350.493,0.007
-443732.600,-1172414.560,348.985,0.005
-443732.470,-1172414.920,349.034,0.006
-443731.740,-1172416.900,349.005,0.005
-443731.620,-1172417.239,349.023,0.007
-443731.500,-1172417.560,349.040,0.010
-443731.260,-1172418.200,348.973,0.007
-443731.130,-1172418.560,349.072,0.008
-443733.980,-1172410.220,350.514,0.006
-443733.860,-1172410.540,350.572,0.008
-443733.610,-1172411.210,350.543,0.007
-443733.150,-1172412.450,349.064,0.006
-443731.670,-1172416.490,349.066,0.004
-443731.530,-1172416.850,349.074,0.006
-443731.300,-1172417.490,349.011,0.009
-443731.180,-1172417.820,349.044,0.006
-443731.050,-1172418.170,349.044,0.006
-443730.920,-1172418.520,349.095,0.005
-443730.700,-1172419.130,349.024,0.006
-443734.140,-1172408.250,350.463,0.007
-443733.779,-1172409.240,350.472,0.008
-443733.649,-1172409.580,350.482,0.008
-443735.880,-1172408.100,350.425,0.005
-443735.750,-1172408.450,350.424,0.006
-443735.620,-1172408.800,350.433,0.007
-443735.500,-1172409.140,350.443,0.007
-443735.380,-1172409.460,350.443,0.007
-443735.260,-1172409.800,350.441,0.009
-443735.010,-1172410.470,350.491,0.009
-443734.760,-1172411.140,350.473,0.007
-443734.630,-1172411.490,350.513,0.007
-443734.390,-1172412.160,350.472,0.008
-443732.090,-1172418.390,349.027,0.003
-443731.840,-1172419.080,349.057,0.003
-443731.720,-1172419.400,349.034,0.006
-443732.660,-1172416.020,349.016,0.004
-443731.920,-1172418.040,349.046,0.004
-443731.790,-1172418.390,349.106,0.004
-443731.680,-1172418.700,349.037,0.003
-443731.550,-1172419.030,349.057,0.003
-443731.430,-1172419.370,349.074,0.006
-443736.740,-1172408.050,350.422,0.008
-443736.120,-1172409.740,350.455,0.005
-443735.990,-1172410.090,350.445,0.005
-443735.870,-1172410.420,350.463,0.007
-443735.750,-1172410.760,350.465,0.005
-443735.629,-1172411.070,350.461,0.009
-443735.270,-1172412.050,350.484,0.006
-443736.380,-1172408.250,350.470,0.010
-443735.650,-1172410.251,350.490,0.010
-443735.150,-1172411.621,350.530,0.010
-443735.030,-1172411.940,350.502,0.008
-443736.890,-1172410.270,350.462,0.008
-443736.760,-1172410.630,350.463,0.007
-443736.649,-1172410.940,350.441,0.009
-443736.399,-1172411.610,350.483,0.007
-443736.280,-1172411.950,350.515,0.005
-443736.490,-1172410.530,350.460,0.010
-443735.990,-1172411.880,350.541,0.009
-443738.269,-1172408.520,350.412,0.008
-443738.150,-1172408.850,350.432,0.008
-443738.040,-1172409.170,350.443,0.007
-443737.660,-1172410.200,350.441,0.009
-443737.530,-1172410.550,350.432,0.008
-443737.400,-1172410.910,350.472,0.008
-443738.399,-1172408.180,350.402,0.008
-443737.270,-1172410.680,350.490,0.010
-443738.900,-1172408.480,350.422,0.008
-443739.850,-1172408.160,350.431,0.009
-443739.730,-1172408.490,350.440,0.010
-443739.599,-1172408.820,350.450,0.010
-443738.610,-1172411.540,350.474,0.006
-443739.320,-1172408.110,350.412,0.008
-443739.200,-1172408.430,350.411,0.009
-443739.080,-1172408.750,350.421,0.009
-443738.830,-1172409.430,350.442,0.008
-443738.710,-1172409.770,350.430,0.010
-443738.590,-1172410.100,350.472,0.008
-443738.090,-1172411.450,350.471,0.009
-443739.690,-1172410.630,350.463,0.007
-443739.560,-1172410.980,350.492,0.008
-443740.540,-1172408.310,350.441,0.009
-443740.420,-1172408.640,350.462,0.008
-443739.930,-1172409.970,350.461,0.009
-443739.800,-1172410.320,350.461,0.009
-443741.180,-1172408.640,350.463,0.007
-443741.060,-1172408.980,350.450,0.010
-443740.150,-1172410.040,350.433,0.007
-443742.070,-1172408.570,350.446,0.004
-443741.960,-1172408.880,350.452,0.008
-443741.580,-1172409.900,350.455,0.005
-443741.450,-1172410.250,350.484,0.006
-443741.070,-1172411.270,350.511,0.009
-443741.720,-1172407.880,350.430,0.010
-443741.590,-1172408.230,350.443,0.007
-443741.470,-1172408.560,350.420,0.010
-443741.340,-1172408.910,350.434,0.006
-443741.210,-1172409.260,350.436,0.004
-443741.090,-1172409.590,350.453,0.007
-443740.590,-1172410.930,350.492,0.008
-443742.680,-1172407.740,350.446,0.004
-443742.550,-1172408.080,350.451,0.009
-443742.440,-1172408.400,350.423,0.007
-443742.300,-1172408.760,350.453,0.007
-443742.180,-1172409.100,350.441,0.009
-443742.060,-1172409.430,350.441,0.009
-443741.810,-1172410.110,350.453,0.007
-443741.680,-1172410.440,350.464,0.006
-443741.560,-1172410.770,350.465,0.005
-443741.440,-1172411.100,350.465,0.005
-443743.430,-1172407.670,350.453,0.007
-443743.320,-1172407.980,350.451,0.009
-443742.460,-1172410.300,350.461,0.009
-443742.350,-1172410.610,350.445,0.005
-443742.470,-1172409.650,350.461,0.009
-443742.100,-1172410.640,350.474,0.006
-443744.030,-1172407.600,350.471,0.009
-443743.790,-1172408.260,350.481,0.009
-443744.150,-1172410.360,350.535,0.005
-443744.020,-1172410.700,350.512,0.008
-443744.579,-1172408.480,350.480,0.010
-443744.200,-1172409.520,350.530,0.010
-443744.360,-1172407.650,350.460,0.010
-443744.230,-1172407.990,350.453,0.007
-443744.110,-1172408.320,350.445,0.005
-443743.990,-1172408.640,350.453,0.007
-443743.860,-1172408.990,350.490,0.010
-443744.700,-1172410.450,350.481,0.009
-443744.589,-1172410.771,350.521,0.009
-443744.780,-1172408.630,350.453,0.007
-443744.280,-1172410.000,350.501,0.009
-443745.080,-1172410.320,350.452,0.008
-443744.960,-1172410.640,350.471,0.009
-443745.820,-1172407.420,350.424,0.006
-443745.700,-1172407.750,350.434,0.006
-443745.580,-1172408.080,350.435,0.005
-443745.199,-1172409.120,350.471,0.009
-443746.180,-1172407.320,350.411,0.009
-443746.060,-1172407.660,350.414,0.006
-443745.930,-1172407.990,350.423,0.007
-443745.810,-1172408.320,350.424,0.006
-443746.900,-1172407.900,350.414,0.006
-443746.660,-1172408.550,350.414,0.006
-443746.540,-1172408.880,350.434,0.006
-443746.410,-1172409.230,350.421,0.009
-443746.800,-1172407.270,350.421,0.009
-443746.190,-1172408.930,350.462,0.008
-443746.070,-1172409.250,350.481,0.010
-443745.820,-1172409.930,350.482,0.008
-443746.770,-1172410.120,350.471,0.009
-443746.280,-1172409.580,350.443,0.007
-443746.040,-1172410.230,350.452,0.008
-443748.170,-1172407.230,350.404,0.006
-443747.790,-1172408.280,350.410,0.010
-443747.660,-1172408.620,350.421,0.009
-443747.530,-1172408.970,350.424,0.006
-443747.300,-1172409.590,350.403,0.007
-443747.040,-1172410.300,350.466,0.004
-443746.910,-1172410.640,350.482,0.008
-443748.610,-1172407.390,350.434,0.006
-443748.490,-1172407.700,350.442,0.009
-443748.430,-1172410.030,350.501,0.009
-443750.380,-1172407.130,350.430,0.010
-443750.010,-1172408.120,350.452,0.008
-443749.650,-1172407.630,350.381,0.009
-443749.410,-1172408.281,350.400,0.010
-443749.290,-1172408.620,350.422,0.008
-443748.790,-1172409.960,350.452,0.008
-443748.670,-1172410.290,350.461,0.009
-443750.700,-1172407.070,350.383,0.007
-443750.320,-1172408.100,350.410,0.010
-443749.949,-1172409.090,350.431,0.009
-443749.820,-1172409.451,350.481,0.009
-443749.680,-1172409.810,350.460,0.010
-443749.140,-1172410.490,350.514,0.006
-443751.130,-1172407.480,350.434,0.006
-443750.880,-1172408.170,350.454,0.006
-443750.760,-1172408.510,350.461,0.009
-443750.390,-1172409.510,350.492,0.008
-443750.409,-1172410.180,350.440,0.010
-443751.910,-1172407.420,350.444,0.006
-443751.790,-1172407.750,350.421,0.009
-443751.400,-1172408.790,350.463,0.007
-443752.150,-1172407.420,350.421,0.009
-443751.650,-1172408.770,350.431,0.009
-443752.520,-1172407.980,350.472,0.008
-443752.160,-1172408.960,350.481,0.009
-443752.030,-1172409.290,350.522,0.008
-443751.900,-1172409.640,350.493,0.007
-443751.780,-1172409.980,350.523,0.007
-443751.660,-1172410.310,350.502,0.008
-443751.530,-1172410.660,350.514,0.006
-443753.080,-1172407.260,350.444,0.006
-443752.710,-1172408.260,350.430,0.010
-443752.450,-1172408.960,350.451,0.009
-443752.210,-1172409.610,350.442,0.008
-443752.080,-1172409.960,350.483,0.007
-443751.950,-1172410.300,350.453,0.007
-443753.480,-1172407.570,350.464,0.006
-443753.100,-1172408.600,350.462,0.008
-443752.360,-1172410.600,350.522,0.008
-443753.410,-1172408.450,350.451,0.009
-443753.290,-1172408.770,350.462,0.008
-443753.050,-1172409.420,350.491,0.009
-443752.549,-1172410.770,350.481,0.009
-443753.240,-1172410.760,350.525,0.006
-443753.860,-1172410.050,350.493,0.007
-443754.510,-1172410.450,350.541,0.009
-443754.270,-1172411.110,350.530,0.010
-443770.320,-1172413.270,353.806,0.004
-443770.929,-1172412.410,353.763,0.007
-443770.800,-1172412.740,353.756,0.004
-443770.689,-1172413.050,353.765,0.005
-443770.549,-1172413.420,353.764,0.006
-443770.299,-1172414.080,353.773,0.007
-443770.390,-1172416.330,353.786,0.004
-443772.420,-1172412.150,353.725,0.005
-443772.160,-1172412.840,353.702,0.008
-443772.040,-1172413.170,353.721,0.009
-443771.910,-1172413.510,353.742,0.008
-443771.779,-1172413.860,353.750,0.010
-443770.900,-1172416.220,353.823,0.007
-443770.780,-1172416.540,353.774,0.006
-443770.660,-1172416.860,353.785,0.005
-443772.549,-1172412.490,353.612,0.008
-443772.420,-1172412.860,353.694,0.006
-443772.299,-1172413.190,353.664,0.006
-443772.160,-1172413.540,353.665,0.005
-443771.669,-1172414.870,353.741,0.009
-443771.420,-1172415.530,353.763,0.007
-443771.300,-1172415.860,353.681,0.009
-443771.169,-1172416.200,353.753,0.007
-443771.050,-1172416.510,353.755,0.005
-443770.920,-1172416.860,353.745,0.005
-443773.390,-1172412.060,353.654,0.006
-443773.129,-1172412.750,353.690,0.010
-443773.009,-1172413.070,353.670,0.010
-443772.890,-1172413.390,353.682,0.008
-443772.510,-1172414.410,353.721,0.009
-443772.389,-1172414.710,353.701,0.009
-443771.750,-1172416.420,353.743,0.007
-443771.120,-1172418.110,353.772,0.008
-443773.770,-1172412.060,353.577,0.003
-443773.650,-1172412.380,353.614,0.006
-443773.520,-1172412.740,353.621,0.009
-443773.400,-1172413.050,353.584,0.006
-443773.270,-1172413.390,353.637,0.003
-443773.139,-1172413.750,353.661,0.009
-443772.890,-1172414.420,353.650,0.010
-443772.760,-1172414.760,353.682,0.008
-443772.640,-1172415.090,353.684,0.006
-443772.520,-1172415.420,353.675,0.005
-443772.380,-1172415.770,353.694,0.006
-443772.260,-1172416.110,353.687,0.003
-443772.130,-1172416.460,353.697,0.003
-443771.990,-1172416.820,353.726,0.004
-443774.180,-1172412.400,353.604,0.006
-443774.060,-1172412.720,353.630,0.010
-443773.930,-1172413.050,353.643,0.007
-443773.800,-1172413.400,353.654,0.006
-443773.670,-1172413.740,353.652,0.008
-443773.550,-1172414.070,353.663,0.007
-443773.430,-1172414.410,353.662,0.008
-443773.290,-1172414.760,353.682,0.008
-443772.650,-1172416.480,353.714,0.006
-443772.540,-1172416.780,353.742,0.008
-443772.150,-1172417.810,353.752,0.008
-443772.030,-1172418.140,353.742,0.008
-443771.900,-1172418.490,353.747,0.004
-443771.770,-1172418.840,353.745,0.005
-443771.640,-1172419.170,353.774,0.006
-443771.520,-1172419.500,353.754,0.006
-443771.400,-1172419.820,353.671,0.009
-443771.270,-1172420.170,353.713,0.007
-443774.460,-1172412.150,353.566,0.004
-443774.330,-1172412.490,353.583,0.007
-443774.199,-1172412.840,353.564,0.006
-443774.070,-1172413.180,353.584,0.006
-443773.939,-1172413.530,353.622,0.008
-443773.809,-1172413.880,353.592,0.008
-443773.680,-1172414.230,353.625,0.005
-443773.440,-1172414.870,353.625,0.005
-443773.310,-1172415.210,353.620,0.010
-443773.190,-1172415.551,353.661,0.009
-443772.670,-1172416.920,353.681,0.009
-443772.420,-1172417.610,353.706,0.004
-443772.290,-1172417.950,353.716,0.004
-443772.180,-1172418.250,353.697,0.003
-443772.040,-1172418.620,353.745,0.005
-443771.919,-1172418.940,353.712,0.008
-443771.789,-1172419.280,353.723,0.007
-443771.670,-1172419.600,353.760,0.010
-443771.420,-1172420.260,353.726,0.004
-443774.820,-1172412.510,353.575,0.005
-443774.700,-1172412.830,353.612,0.008
-443774.580,-1172413.150,353.584,0.006
-443774.450,-1172413.490,353.574,0.006
-443774.330,-1172413.820,353.623,0.007
-443774.200,-1172414.160,353.594,0.006
-443774.069,-1172414.510,353.605,0.005
-443773.940,-1172414.850,353.631,0.009
-443773.810,-1172415.200,353.622,0.008
-443773.679,-1172415.550,353.663,0.007
-443773.549,-1172415.890,353.673,0.008
-443773.429,-1172416.230,353.663,0.007
-443772.930,-1172417.550,353.713,0.007
-443772.809,-1172417.870,353.711,0.009
-443772.689,-1172418.200,353.702,0.008
-443772.439,-1172418.880,353.723,0.007
-443772.320,-1172419.200,353.721,0.009
-443772.180,-1172419.560,353.743,0.007
-443772.069,-1172419.860,353.733,0.007
-443771.930,-1172420.220,353.756,0.004
-443771.810,-1172420.560,353.752,0.008
-443771.679,-1172420.900,353.771,0.009
-443771.560,-1172421.220,353.785,0.005
-443775.229,-1172412.020,353.500,0.010
-443775.100,-1172412.370,353.515,0.005
-443774.980,-1172412.700,353.522,0.008
-443774.849,-1172413.040,353.541,0.009
-443774.709,-1172413.400,353.564,0.006
-443774.580,-1172413.740,353.546,0.004
-443774.209,-1172414.750,353.592,0.008
-443773.959,-1172415.400,353.560,0.010
-443773.839,-1172415.740,353.622,0.008
-443773.709,-1172416.070,353.591,0.009
-443773.589,-1172416.410,353.611,0.009
-443773.459,-1172416.750,353.632,0.008
-443773.340,-1172417.070,353.605,0.005
-443773.079,-1172417.760,353.660,0.010
-443772.580,-1172419.090,353.666,0.004
-443772.459,-1172419.430,353.692,0.008
-443772.329,-1172419.770,353.664,0.006
-443772.200,-1172420.120,353.706,0.004
-443772.070,-1172420.460,353.704,0.006
-443771.939,-1172420.800,353.691,0.009
-443771.809,-1172421.170,353.711,0.009
-443771.690,-1172421.490,353.725,0.005
-443771.570,-1172421.800,353.725,0.005
-443771.440,-1172422.140,353.732,0.008
-443771.319,-1172422.470,353.712,0.008
-443775.690,-1172412.100,353.503,0.007
-443775.559,-1172412.440,353.533,0.007
-443775.450,-1172412.750,353.536,0.004
-443775.310,-1172413.120,353.545,0.005
-443775.190,-1172413.440,353.512,0.008
-443775.060,-1172413.800,353.594,0.006
-443774.689,-1172414.770,353.581,0.009
-443774.570,-1172415.090,353.616,0.004
-443774.310,-1172415.780,353.595,0.005
-443773.940,-1172416.780,353.643,0.007
-443773.809,-1172417.130,353.622,0.008
-443773.560,-1172417.800,353.692,0.008
-443773.430,-1172418.130,353.692,0.008
-443773.180,-1172418.810,353.685,0.005
-443772.910,-1172419.520,353.714,0.006
-443772.789,-1172419.850,353.673,0.007
-443772.670,-1172420.180,353.694,0.006
-443772.539,-1172420.510,353.733,0.007
-443772.419,-1172420.840,353.741,0.009
-443772.289,-1172421.170,353.721,0.009
-443772.160,-1172421.510,353.747,0.003
-443771.900,-1172422.210,353.745,0.005
-443771.780,-1172422.540,353.747,0.003
-443771.649,-1172422.890,353.751,0.009
-443776.019,-1172412.000,353.480,0.010
-443775.889,-1172412.350,353.472,0.008
-443775.769,-1172412.680,353.493,0.007
-443775.650,-1172413.000,353.525,0.005
-443775.520,-1172413.330,353.494,0.006
-443775.400,-1172413.660,353.516,0.004
-443775.269,-1172413.990,353.522,0.008
-443775.150,-1172414.330,353.534,0.006
-443775.029,-1172414.650,353.523,0.007
-443774.899,-1172415.010,353.535,0.005
-443774.779,-1172415.320,353.563,0.007
-443774.140,-1172417.020,353.584,0.006
-443773.500,-1172418.730,353.626,0.004
-443773.119,-1172419.740,353.623,0.007
-443772.989,-1172420.090,353.681,0.009
-443772.869,-1172420.410,353.672,0.008
-443772.609,-1172421.100,353.673,0.007
-443772.489,-1172421.440,353.692,0.008
-443772.239,-1172422.110,353.673,0.007
-443772.110,-1172422.460,353.706,0.004
-443771.979,-1172422.780,353.692,0.008
-443771.859,-1172423.100,353.661,0.009
-443771.500,-1172424.070,353.693,0.007
-443776.160,-1172413.320,353.523,0.008
-443776.030,-1172413.660,353.524,0.006
-443775.900,-1172414.010,353.551,0.009
-443775.390,-1172415.360,353.544,0.006
-443774.750,-1172417.070,353.583,0.007
-443773.869,-1172419.430,353.600,0.010
-443773.730,-1172419.780,353.681,0.009
-443773.610,-1172420.110,353.693,0.007
-443773.479,-1172420.470,353.692,0.008
-443773.359,-1172420.780,353.671,0.009
-443773.230,-1172421.120,353.693,0.007
-443773.110,-1172421.460,353.694,0.006
-443772.609,-1172422.790,353.733,0.007
-443772.489,-1172423.100,353.692,0.008
-443772.369,-1172423.420,353.743,0.007
-443772.239,-1172423.780,353.743,0.007
-443772.120,-1172424.100,353.754,0.006
-443771.990,-1172424.450,353.716,0.004
-443771.860,-1172424.770,353.746,0.004
-443776.219,-1172414.130,353.471,0.009
-443776.080,-1172414.490,353.472,0.008
-443775.829,-1172415.160,353.474,0.007
-443775.690,-1172415.540,353.525,0.005
-443775.070,-1172417.190,353.491,0.009
-443774.550,-1172418.570,353.563,0.007
-443774.430,-1172418.890,353.583,0.007
-443774.300,-1172419.240,353.601,0.009
-443774.180,-1172419.570,353.573,0.007
-443774.049,-1172419.910,353.604,0.006
-443773.919,-1172420.240,353.630,0.010
-443773.680,-1172420.910,353.623,0.007
-443773.429,-1172421.560,353.631,0.009
-443773.310,-1172421.890,353.631,0.009
-443772.680,-1172423.580,353.671,0.009
-443772.550,-1172423.900,353.695,0.005
-443772.430,-1172424.240,353.727,0.003
-443772.300,-1172424.580,353.695,0.005
-443775.840,-1172416.540,353.530,0.010
-443775.710,-1172416.880,353.531,0.009
-443775.340,-1172417.870,353.553,0.007
-443775.200,-1172418.240,353.564,0.006
-443775.090,-1172418.540,353.586,0.004
-443774.960,-1172418.880,353.602,0.008
-443774.720,-1172419.530,353.581,0.009
-443774.340,-1172420.550,353.621,0.009
-443773.709,-1172422.220,353.671,0.009
-443773.589,-1172422.530,353.641,0.009
-443773.199,-1172423.569,353.661,0.009
-443773.070,-1172423.930,353.686,0.004
-443772.940,-1172424.280,353.692,0.008
-443772.820,-1172424.610,353.704,0.006
-443776.279,-1172416.220,353.461,0.009
-443776.139,-1172416.580,353.521,0.009
-443776.020,-1172416.920,353.522,0.008
-443775.900,-1172417.230,353.503,0.007
-443775.790,-1172417.540,353.484,0.006
-443775.660,-1172417.880,353.545,0.005
-443775.519,-1172418.240,353.522,0.008
-443775.400,-1172418.560,353.535,0.005
-443775.289,-1172418.870,353.532,0.008
-443774.399,-1172421.230,353.572,0.008
-443774.010,-1172422.280,353.610,0.010
-443773.760,-1172422.950,353.607,0.003
-443773.629,-1172423.300,353.641,0.009
-443773.510,-1172423.600,353.636,0.004
-443773.380,-1172423.950,353.646,0.004
-443773.260,-1172424.290,353.626,0.004
-443773.130,-1172424.620,353.636,0.004
-443775.820,-1172419.030,353.560,0.010
-443775.320,-1172420.370,353.552,0.008
-443774.920,-1172421.420,353.574,0.006
-443774.800,-1172421.740,353.622,0.008
-443774.680,-1172422.060,353.614,0.006
-443774.429,-1172422.740,353.600,0.010
-443774.300,-1172423.080,353.633,0.007
-443774.180,-1172423.390,353.595,0.005
-443774.050,-1172423.750,353.663,0.007
-443773.919,-1172424.100,353.643,0.007
-443773.789,-1172424.450,353.661,0.009
-443776.719,-1172417.550,353.463,0.007
-443776.590,-1172417.890,353.487,0.003
-443776.460,-1172418.240,353.486,0.004
-443776.330,-1172418.580,353.480,0.010
-443776.199,-1172418.920,353.471,0.009
-443775.699,-1172420.270,353.512,0.008
-443775.570,-1172420.610,353.545,0.005
-443775.450,-1172420.940,353.515,0.005
-443775.320,-1172421.290,353.554,0.006
-443775.190,-1172421.620,353.544,0.006
-443775.060,-1172421.960,353.545,0.005
-443774.930,-1172422.300,353.562,0.008
-443774.679,-1172422.970,353.543,0.007
-443774.550,-1172423.320,353.575,0.005
-443774.430,-1172423.650,353.587,0.003
-443774.290,-1172424.010,353.623,0.007
-443774.180,-1172424.330,353.582,0.008
-443776.710,-1172418.810,353.512,0.008
-443776.590,-1172419.130,353.491,0.009
-443776.470,-1172419.450,353.520,0.010
-443776.080,-1172420.480,353.543,0.007
-443775.960,-1172420.820,353.562,0.009
-443775.819,-1172421.170,353.574,0.006
-443775.690,-1172421.530,353.563,0.007
-443775.570,-1172421.840,353.561,0.009
-443775.440,-1172422.200,353.563,0.007
-443775.319,-1172422.510,353.583,0.007
-443775.190,-1172422.850,353.552,0.008
-443774.950,-1172423.490,353.592,0.008
-443774.830,-1172423.830,353.585,0.005
-443774.700,-1172424.170,353.622,0.008
-443774.579,-1172424.490,353.584,0.006
-443776.690,-1172419.620,353.493,0.007
-443776.570,-1172419.950,353.484,0.006
-443776.450,-1172420.280,353.507,0.003
-443776.320,-1172420.610,353.453,0.007
-443776.199,-1172420.930,353.483,0.007
-443776.070,-1172421.290,353.515,0.005
-443775.940,-1172421.620,353.493,0.007
-443775.820,-1172421.960,353.534,0.006
-443775.699,-1172422.280,353.563,0.007
-443775.580,-1172422.590,353.545,0.005
-443775.449,-1172422.940,353.511,0.009
-443775.210,-1172423.590,353.572,0.008
-443775.080,-1172423.930,353.563,0.007
-443774.949,-1172424.280,353.582,0.008
-443774.820,-1172424.600,353.554,0.006
-443776.670,-1172421.120,353.481,0.009
-443776.550,-1172421.430,353.497,0.003
-443776.430,-1172421.760,353.524,0.006
-443776.299,-1172422.110,353.532,0.008
-443776.170,-1172422.440,353.525,0.005
-443776.050,-1172422.770,353.504,0.006
-443775.790,-1172423.450,353.543,0.007
-443776.900,-1172421.470,353.475,0.005
-443776.780,-1172421.780,353.477,0.003
-443776.660,-1172422.100,353.475,0.005
-443776.530,-1172422.450,353.457,0.003
-443776.400,-1172422.810,353.486,0.004
-443776.010,-1172423.850,353.504,0.006
-443775.890,-1172424.170,353.504,0.006
-443775.760,-1172424.490,353.532,0.008
-443776.670,-1172423.510,353.522,0.008
-443776.539,-1172423.850,353.541,0.009
-443776.420,-1172424.170,353.502,0.008
-443776.859,-1172423.910,353.460,0.010
-443776.730,-1172424.250,353.483,0.007
-443786.180,-1172418.590,349.974,0.006
-443787.000,-1172418.930,349.981,0.009
-443787.359,-1172418.800,349.931,0.009
-443786.580,-1172420.850,350.012,0.008
-443786.450,-1172421.190,349.981,0.009
-443786.210,-1172421.851,349.960,0.010
-443787.610,-1172419.800,350.002,0.008
-443787.090,-1172421.170,350.053,0.007
-443786.580,-1172422.540,350.101,0.009
-443786.460,-1172422.850,350.030,0.010
-443788.129,-1172419.351,349.980,0.010
-443787.780,-1172422.631,350.052,0.008
-443787.650,-1172422.970,350.041,0.009
-443787.510,-1172423.350,350.102,0.008
-443790.380,-1172418.150,349.951,0.009
-443788.580,-1172422.921,350.100,0.010
-443791.300,-1172419.100,350.010,0.010
-443791.240,-1172420.150,349.983,0.007
-443792.210,-1172419.060,349.965,0.005
-443792.090,-1172419.390,350.033,0.007
-443792.580,-1172418.690,349.992,0.008
-443792.460,-1172419.000,349.934,0.006
-443792.340,-1172419.340,349.954,0.006
-443792.210,-1172419.660,349.963,0.007
-443792.080,-1172420.010,349.994,0.006
-443791.950,-1172420.350,350.001,0.009
-443791.740,-1172422.380,350.070,0.010
-443829.930,-1172397.160,348.323,0.007
-443829.540,-1172398.180,348.382,0.008
-443829.280,-1172398.850,348.345,0.005
-443829.150,-1172399.180,348.346,0.004
-443829.780,-1172397.000,348.381,0.009
-443829.530,-1172397.660,348.347,0.003
-443829.380,-1172398.030,348.375,0.005
-443829.260,-1172398.360,348.355,0.005
-443828.990,-1172399.050,348.357,0.003
-443829.159,-1172397.310,348.330,0.010
-443828.910,-1172397.970,348.346,0.004
-443828.780,-1172398.320,348.363,0.007
-443828.650,-1172398.650,348.330,0.010
-443828.509,-1172399.010,348.341,0.009
-443830.020,-1172394.560,348.403,0.007
-443829.770,-1172395.220,348.351,0.009
-443829.630,-1172395.580,348.415,0.005
-443829.109,-1172396.930,348.350,0.010
-443828.980,-1172397.270,348.353,0.007
-443828.850,-1172397.630,348.387,0.003
-443828.710,-1172397.990,348.384,0.006
-443828.570,-1172398.350,348.412,0.008
-443828.310,-1172399.030,348.363,0.007
-443833.350,-1172386.360,348.482,0.008
-443833.200,-1172386.730,348.476,0.004
-443829.280,-1172394.910,348.313,0.007
-443829.030,-1172395.580,348.332,0.008
-443833.290,-1172386.000,348.542,0.008
-443832.309,-1172386.460,348.554,0.006
-443829.700,-1172393.300,348.404,0.006
-443829.569,-1172393.640,348.403,0.007
-443829.430,-1172393.990,348.471,0.009
-443829.170,-1172394.680,348.372,0.008
-443829.040,-1172395.030,348.411,0.009
-443828.909,-1172395.370,348.431,0.009
-443828.780,-1172395.690,348.393,0.007
-443828.640,-1172396.050,348.375,0.005
-443828.270,-1172397.040,348.373,0.007
-443832.680,-1172386.010,348.465,0.005
-443832.550,-1172386.370,348.463,0.007
-443832.420,-1172386.690,348.483,0.007
-443828.920,-1172393.760,348.321,0.009
-443828.520,-1172394.810,348.386,0.004
-443832.430,-1172386.130,348.504,0.006
-443828.749,-1172393.440,348.374,0.006
-443828.610,-1172393.820,348.443,0.007
-443828.480,-1172394.150,348.414,0.006
-443828.340,-1172394.520,348.425,0.005
-443828.100,-1172395.150,348.315,0.005
-443827.970,-1172395.490,348.356,0.004
-443827.840,-1172395.840,348.378,0.002
-443827.750,-1172394.430,348.321,0.009
-443819.599,-1172379.250,348.142,0.008
-443819.340,-1172379.949,348.063,0.007
-443819.680,-1172378.350,348.170,0.010
-443819.040,-1172380.050,348.113,0.007
-443818.910,-1172380.380,348.081,0.009
-443818.780,-1172380.740,348.062,0.008
-443819.360,-1172377.700,348.183,0.007
-443819.110,-1172378.360,348.133,0.007
-443818.850,-1172379.050,348.153,0.007
-443818.730,-1172379.380,348.125,0.005
-443818.350,-1172380.370,348.055,0.005
-443818.210,-1172380.730,348.075,0.005
-443818.970,-1172378.100,348.203,0.007
-443818.710,-1172378.770,348.171,0.009
-443818.440,-1172379.470,348.153,0.007
-443818.200,-1172380.100,348.104,0.006
-443818.070,-1172380.450,348.095,0.005
-443817.950,-1172380.770,348.064,0.006
-443818.120,-1172378.730,348.166,0.004
-443817.980,-1172379.080,348.173,0.007
-443817.860,-1172379.420,348.156,0.004
-443817.730,-1172379.760,348.117,0.003
-443817.590,-1172380.110,348.126,0.004
-443817.340,-1172380.780,348.086,0.004
-443798.990,-1172382.130,348.333,0.007
-443799.879,-1172379.750,348.331,0.009
-443799.750,-1172380.100,348.332,0.008
-443795.900,-1172391.080,351.892,0.008
-443800.070,-1172379.970,348.273,0.008
-443799.929,-1172380.340,348.330,0.010
-443799.160,-1172382.380,348.270,0.010
-443799.930,-1172382.090,348.363,0.007
-443801.390,-1172380.770,348.333,0.007
-443801.270,-1172381.090,348.322,0.008
-443800.880,-1172382.130,348.323,0.007
-443801.210,-1172382.040,348.311,0.009
-443802.540,-1172381.130,348.213,0.007
-443802.400,-1172381.490,348.214,0.006
-443802.020,-1172382.510,348.252,0.008
-443801.750,-1172382.310,348.342,0.008
-443802.659,-1172382.360,348.192,0.008
-443803.220,-1172381.700,348.191,0.009
-443804.310,-1172380.490,348.280,0.010
-443804.180,-1172380.850,348.261,0.009
-443804.930,-1172379.590,348.265,0.005
-443804.440,-1172380.900,348.160,0.010
-443803.900,-1172382.310,348.173,0.007
-443804.970,-1172380.790,348.244,0.006
-443804.580,-1172381.820,348.223,0.007
-443805.650,-1172379.500,348.235,0.005
-443805.129,-1172380.860,348.163,0.007
-443804.999,-1172381.220,348.203,0.007
-443806.000,-1172380.190,348.234,0.006
-443805.870,-1172380.540,348.254,0.006
-443805.240,-1172382.200,348.211,0.009
-443806.340,-1172380.170,348.191,0.009
-443807.190,-1172380.030,348.231,0.009
-443806.520,-1172381.780,348.201,0.009
-443808.549,-1172377.930,348.263,0.007
-443808.410,-1172378.290,348.262,0.008
-443807.760,-1172380.020,348.212,0.008
-443807.590,-1172381.170,348.202,0.008
-443807.450,-1172381.550,348.242,0.008
-443808.890,-1172377.750,348.293,0.007
-443808.630,-1172378.440,348.231,0.009
-443809.680,-1172377.080,348.325,0.005
-443809.310,-1172378.060,348.262,0.008
-443809.169,-1172378.410,348.303,0.007
-443808.790,-1172379.440,348.233,0.007
-443808.510,-1172380.170,348.265,0.005
-443809.030,-1172378.780,348.285,0.005
-443809.970,-1172377.080,348.271,0.009
-443809.840,-1172377.410,348.274,0.006
-443809.700,-1172377.779,348.294,0.006
-443809.570,-1172378.130,348.244,0.006
-443809.450,-1172378.460,348.233,0.007
-443809.320,-1172378.800,348.242,0.008
-443809.180,-1172379.160,348.267,0.003
-443808.800,-1172380.160,348.212,0.008
-443808.670,-1172380.490,348.213,0.007
-443808.550,-1172380.820,348.192,0.008
-443808.430,-1172381.140,348.182,0.008
-443808.290,-1172381.520,348.226,0.004
-443808.160,-1172381.840,348.201,0.009
-443810.599,-1172377.140,348.321,0.009
-443810.460,-1172377.490,348.282,0.008
-443810.340,-1172377.810,348.283,0.007
-443809.710,-1172379.480,348.246,0.004
-443809.570,-1172379.840,348.235,0.005
-443809.450,-1172380.170,348.235,0.005
-443809.199,-1172380.840,348.201,0.009
-443809.060,-1172381.200,348.244,0.006
-443808.930,-1172381.540,348.246,0.004
-443808.800,-1172381.880,348.223,0.007
-443825.420,-1172338.840,349.048,0.002
-443810.800,-1172377.470,348.284,0.006
-443810.680,-1172377.790,348.245,0.005
-443810.550,-1172378.110,348.245,0.005
-443810.420,-1172378.460,348.232,0.008
-443810.169,-1172379.130,348.223,0.007
-443810.040,-1172379.470,348.204,0.006
-443809.910,-1172379.810,348.195,0.005
-443809.780,-1172380.170,348.225,0.005
-443809.650,-1172380.500,348.172,0.008
-443809.399,-1172381.170,348.184,0.006
-443809.260,-1172381.530,348.197,0.003
-443809.130,-1172381.880,348.205,0.005
-443809.000,-1172382.220,348.114,0.006
-443811.520,-1172376.980,348.303,0.007
-443825.330,-1172340.500,349.075,0.005
-443825.200,-1172340.850,349.087,0.003
-443810.620,-1172379.350,348.261,0.009
-443810.220,-1172380.400,348.221,0.009
-443809.710,-1172381.760,348.175,0.005
-443809.580,-1172382.090,348.144,0.006
-443811.570,-1172377.470,348.244,0.006
-443811.450,-1172377.800,348.251,0.009
-443811.050,-1172378.860,348.221,0.009
-443810.910,-1172379.210,348.221,0.009
-443810.280,-1172380.880,348.134,0.006
-443810.140,-1172381.260,348.192,0.009
-443809.900,-1172381.900,348.111,0.009
-443825.500,-1172340.680,349.026,0.004
-443825.380,-1172341.000,349.036,0.004
-443811.850,-1172378.540,348.285,0.005
-443811.730,-1172378.850,348.253,0.007
-443810.949,-1172380.920,348.185,0.005
-443810.820,-1172381.250,348.164,0.006
-443812.330,-1172378.140,348.245,0.005
-443812.190,-1172378.500,348.233,0.007
-443812.070,-1172378.830,348.241,0.009
-443811.940,-1172379.160,348.193,0.007
-443811.810,-1172379.510,348.173,0.007
-443811.670,-1172379.870,348.185,0.005
-443811.290,-1172380.870,348.123,0.007
-443811.160,-1172381.220,348.147,0.003
-443813.940,-1172375.990,348.281,0.009
-443813.680,-1172376.680,348.254,0.006
-443812.149,-1172380.730,348.161,0.009
-443812.019,-1172381.070,348.100,0.010
-443811.890,-1172381.410,348.143,0.007
-443811.760,-1172381.750,348.112,0.008
-443812.639,-1172378.880,348.241,0.009
-443811.999,-1172380.580,348.193,0.007
-443811.869,-1172380.930,348.192,0.008
-443811.750,-1172381.230,348.174,0.006
-443811.620,-1172381.580,348.152,0.008
-443812.970,-1172380.260,348.094,0.006
-443812.839,-1172380.610,348.141,0.009
-443812.699,-1172380.950,348.170,0.010
-443812.570,-1172381.300,348.164,0.006
-443813.709,-1172379.069,348.120,0.010
-443813.580,-1172379.420,348.121,0.009
-443814.320,-1172379.090,348.153,0.007
-443814.180,-1172379.450,348.162,0.008
-443814.920,-1172378.140,348.180,0.010
-443814.409,-1172379.460,348.101,0.009
-443814.160,-1172380.140,348.111,0.009
-443814.690,-1172380.390,348.152,0.008
-443816.670,-1172375.740,348.273,0.007
-443816.410,-1172376.420,348.264,0.006
-443815.750,-1172378.150,348.192,0.008
-443815.370,-1172379.171,348.191,0.009
-443816.370,-1172375.960,348.342,0.008
-443815.610,-1172377.970,348.201,0.009
-443815.480,-1172378.320,348.195,0.005
-443817.210,-1172376.240,348.244,0.006
-443817.069,-1172376.600,348.210,0.010
-443816.830,-1172377.240,348.181,0.009
-443816.699,-1172377.580,348.200,0.010
-443816.570,-1172377.930,348.194,0.006
-443816.439,-1172378.270,348.184,0.006
-443815.540,-1172380.640,348.093,0.007
-443817.200,-1172375.710,348.270,0.010
-443817.070,-1172376.060,348.236,0.004
-443816.920,-1172376.430,348.284,0.006
-443816.800,-1172376.760,348.262,0.008
-443816.670,-1172377.100,348.243,0.007
-443816.280,-1172378.130,348.233,0.007
-443815.390,-1172380.470,348.143,0.007
-443818.480,-1172375.670,348.235,0.005
-443818.220,-1172376.370,348.245,0.005
-443817.830,-1172377.390,348.185,0.005
-443817.710,-1172377.710,348.187,0.003
-443817.580,-1172378.050,348.151,0.009
-443817.440,-1172378.420,348.192,0.008
-443817.300,-1172378.780,348.153,0.007
-443817.170,-1172379.120,348.145,0.005
-443816.920,-1172379.780,348.061,0.009
-443816.660,-1172380.470,348.083,0.007
-443818.000,-1172376.040,348.271,0.009
-443817.870,-1172376.360,348.263,0.007
-443817.740,-1172376.710,348.261,0.009
-443817.620,-1172377.040,348.243,0.007
-443817.490,-1172377.370,348.206,0.004
-443817.230,-1172378.040,348.213,0.007
-443817.090,-1172378.420,348.221,0.009
-443816.960,-1172378.770,348.193,0.007
-443816.840,-1172379.090,348.183,0.007
-443816.580,-1172379.770,348.165,0.005
-443816.450,-1172380.120,348.163,0.007
-443825.740,-1172356.570,349.026,0.004
-443818.960,-1172375.970,348.250,0.010
-443818.180,-1172378.040,348.203,0.007
-443818.050,-1172378.370,348.143,0.007
-443817.930,-1172378.690,348.167,0.003
-443817.670,-1172379.380,348.156,0.004
-443817.530,-1172379.750,348.145,0.005
-443817.140,-1172380.760,348.114,0.006
-443732.900,-1172388.700,349.254,0.006
-443732.770,-1172389.040,349.344,0.006
-443732.660,-1172389.360,349.365,0.005
-443732.530,-1172389.700,349.375,0.005
-443732.400,-1172390.060,349.366,0.004
-443733.200,-1172388.790,349.342,0.008
-443733.080,-1172389.110,349.316,0.004
-443732.950,-1172389.450,349.316,0.004
-443732.830,-1172389.780,349.327,0.003
-443730.170,-1172399.480,348.987,0.003
-443730.040,-1172399.840,349.023,0.007
-443729.910,-1172400.180,349.005,0.005
-443729.790,-1172400.510,348.966,0.004
-443733.750,-1172388.770,349.348,0.002
-443733.620,-1172389.120,349.326,0.004
-443733.500,-1172389.450,349.346,0.004
-443733.380,-1172389.790,349.355,0.005
-443733.250,-1172390.130,349.366,0.004
-443733.130,-1172390.460,349.366,0.004
-443733.010,-1172390.790,349.326,0.004
-443729.850,-1172399.420,348.989,0.001
-443734.210,-1172388.460,349.328,0.002
-443734.070,-1172388.830,349.338,0.002
-443733.820,-1172389.500,349.285,0.005
-443733.700,-1172389.840,349.284,0.006
-443733.570,-1172390.200,349.285,0.005
-443733.450,-1172390.530,349.305,0.005
-443733.340,-1172390.840,349.284,0.006
-443734.890,-1172389.350,349.278,0.002
-443734.760,-1172389.710,349.288,0.002
-443734.630,-1172390.070,349.316,0.004
-443734.510,-1172390.390,349.317,0.003
-443734.780,-1172388.650,349.368,0.002
-443734.660,-1172388.960,349.338,0.002
-443734.550,-1172389.270,349.308,0.002
-443734.430,-1172389.600,349.316,0.004
-443734.300,-1172389.960,349.345,0.005
-443734.170,-1172390.300,349.336,0.004
-443730.760,-1172399.610,349.021,0.009
-443730.390,-1172400.620,349.000,0.010
-443735.010,-1172389.020,349.277,0.003
-443730.220,-1172403.460,349.001,0.009
-443730.100,-1172403.780,348.972,0.008
-443730.230,-1172402.060,349.031,0.009
-443730.120,-1172402.370,348.964,0.006
-443730.000,-1172402.700,349.006,0.004
-443735.480,-1172389.130,349.328,0.002
-443735.350,-1172389.480,349.347,0.003
-443735.220,-1172389.830,349.326,0.004
-443735.100,-1172390.140,349.325,0.005
-443734.980,-1172390.470,349.355,0.005
-443730.350,-1172403.100,348.951,0.009
-443735.590,-1172390.940,349.297,0.003
-443735.640,-1172389.280,349.319,0.001
-443735.520,-1172389.610,349.297,0.003
-443735.400,-1172389.950,349.245,0.005
-443735.270,-1172390.290,349.305,0.005
-443735.160,-1172390.600,349.316,0.004
-443731.850,-1172399.620,348.981,0.009
-443730.380,-1172403.640,348.991,0.009
-443736.320,-1172388.930,349.344,0.006
-443736.080,-1172389.600,349.317,0.003
-443735.960,-1172389.920,349.304,0.006
-443735.830,-1172390.280,349.348,0.002
-443735.700,-1172390.620,349.317,0.003
-443733.099,-1172398.600,350.491,0.009
-443732.860,-1172399.260,350.504,0.006
-443731.160,-1172403.860,348.952,0.008
-443730.780,-1172404.920,349.022,0.008
-443732.860,-1172398.390,350.502,0.008
-443732.040,-1172400.610,349.033,0.007
-443730.690,-1172404.290,349.004,0.006
-443730.430,-1172404.990,349.033,0.007
-443730.300,-1172405.340,349.034,0.006
-443736.680,-1172388.820,349.256,0.004
-443736.560,-1172389.160,349.307,0.003
-443736.430,-1172389.500,349.307,0.003
-443736.310,-1172389.830,349.296,0.004
-443736.190,-1172390.170,349.304,0.006
-443736.050,-1172390.540,349.317,0.003
-443735.930,-1172390.860,349.267,0.003
-443733.220,-1172398.280,350.513,0.007
-443732.889,-1172400.390,350.561,0.009
-443737.220,-1172388.560,349.315,0.005
-443737.100,-1172388.900,349.335,0.005
-443736.960,-1172389.270,349.367,0.003
-443736.720,-1172389.940,349.338,0.002
-443736.580,-1172390.300,349.346,0.004
-443733.270,-1172399.350,350.546,0.004
-443733.140,-1172399.710,350.534,0.006
-443733.010,-1172400.050,350.543,0.007
-443737.780,-1172389.100,349.368,0.002
-443737.540,-1172389.770,349.338,0.002
-443737.360,-1172388.830,349.367,0.003
-443737.240,-1172389.130,349.306,0.004
-443737.130,-1172389.450,349.298,0.002
-443737.000,-1172389.800,349.308,0.002
-443736.880,-1172390.130,349.287,0.003
-443736.750,-1172390.490,349.323,0.007
-443733.669,-1172398.890,350.450,0.010
-443733.539,-1172399.230,350.482,0.008
-443733.419,-1172399.580,350.470,0.010
-443733.179,-1172400.229,350.472,0.008
-443732.930,-1172400.900,350.493,0.007
-443732.800,-1172401.260,350.505,0.005
-443732.680,-1172401.580,350.516,0.004
-443733.960,-1172399.530,350.480,0.010
-443733.590,-1172400.540,350.503,0.007
-443733.459,-1172400.890,350.512,0.008
-443733.340,-1172401.220,350.534,0.006
-443737.950,-1172389.370,349.367,0.003
-443737.710,-1172390.010,349.284,0.006
-443737.480,-1172390.650,349.240,0.010
-443737.410,-1172390.110,349.316,0.004
-443737.290,-1172390.440,349.303,0.007
-443734.629,-1172398.420,350.443,0.007
-443734.509,-1172398.760,350.470,0.010
-443734.260,-1172399.450,350.463,0.007
-443734.140,-1172399.770,350.462,0.008
-443734.010,-1172400.110,350.440,0.010
-443733.890,-1172400.440,350.462,0.008
-443733.770,-1172400.780,350.474,0.006
-443733.649,-1172401.110,350.461,0.009
-443733.159,-1172402.440,350.492,0.009
-443732.920,-1172403.090,350.532,0.008
-443738.490,-1172389.130,349.337,0.003
-443738.370,-1172389.460,349.346,0.004
-443738.250,-1172389.780,349.344,0.006
-443738.120,-1172390.130,349.355,0.005
-443737.999,-1172390.469,349.332,0.008
-443738.650,-1172389.230,349.336,0.004
-443738.520,-1172389.570,349.286,0.004
-443738.400,-1172389.910,349.323,0.007
-443738.280,-1172390.230,349.272,0.008
-443735.030,-1172398.570,350.482,0.008
-443734.910,-1172398.890,350.503,0.007
-443734.660,-1172399.580,350.492,0.008
-443734.430,-1172400.210,350.462,0.008
-443733.820,-1172401.880,350.481,0.009
-443733.690,-1172402.211,350.500,0.010
-443733.570,-1172402.540,350.503,0.007
-443733.439,-1172402.910,350.533,0.007
-443733.309,-1172403.250,350.543,0.007
-443733.199,-1172403.570,350.542,0.008
-443739.550,-1172388.320,349.328,0.002
-443739.430,-1172388.660,349.337,0.003
-443739.300,-1172389.010,349.316,0.004
-443739.170,-1172389.360,349.343,0.007
-443735.190,-1172398.680,350.464,0.006
-443734.820,-1172399.669,350.442,0.008
-443734.699,-1172399.999,350.441,0.009
-443734.580,-1172400.330,350.432,0.008
-443734.089,-1172401.670,350.442,0.008
-443733.970,-1172402.010,350.454,0.006
-443733.840,-1172402.340,350.443,0.007
-443733.710,-1172402.690,350.471,0.009
-443733.449,-1172403.400,350.492,0.008
-443733.729,-1172404.180,350.521,0.009
-443733.359,-1172405.200,350.551,0.009
-443733.230,-1172405.560,350.556,0.004
-443733.120,-1172405.860,350.526,0.004
-443739.780,-1172388.400,349.318,0.002
-443739.660,-1172388.730,349.278,0.002
-443739.520,-1172389.090,349.305,0.005
-443735.350,-1172399.780,350.481,0.009
-443735.230,-1172400.120,350.452,0.008
-443740.080,-1172388.870,349.314,0.006
-443739.960,-1172389.200,349.325,0.005
-443739.850,-1172389.510,349.346,0.004
-443739.710,-1172389.870,349.349,0.001
-443736.070,-1172398.510,350.451,0.009
-443735.460,-1172400.190,350.453,0.007
-443735.200,-1172400.900,350.453,0.007
-443735.080,-1172401.210,350.462,0.008
-443734.710,-1172402.210,350.470,0.010
-443734.589,-1172402.550,350.442,0.008
-443734.090,-1172403.920,350.503,0.007
-443733.970,-1172404.240,350.471,0.009
-443733.470,-1172405.590,350.498,0.002
-443733.350,-1172405.920,350.477,0.003
-443733.239,-1172406.240,350.514,0.006
-443733.119,-1172406.550,350.483,0.007
-443732.990,-1172406.910,350.515,0.005
-443732.870,-1172407.230,350.516,0.004
-443740.330,-1172388.200,349.338,0.002
-443740.210,-1172388.520,349.295,0.005
-443736.380,-1172398.970,350.481,0.009
-443735.770,-1172400.630,350.441,0.009
-443735.520,-1172401.290,350.462,0.008
-443735.390,-1172401.650,350.474,0.006
-443735.019,-1172402.650,350.460,0.010
-443733.679,-1172406.320,350.512,0.008
-443733.559,-1172406.650,350.521,0.009
-443733.430,-1172407.000,350.535,0.005
-443733.300,-1172407.340,350.556,0.004
-443733.179,-1172407.670,350.552,0.008
-443736.080,-1172400.370,350.430,0.010
-443735.710,-1172401.380,350.391,0.009
-443735.589,-1172401.700,350.411,0.009
-443735.230,-1172402.690,350.420,0.010
-443735.109,-1172403.030,350.413,0.007
-443734.490,-1172404.710,350.452,0.008
-443734.000,-1172406.050,350.441,0.009
-443733.760,-1172406.710,350.463,0.007
-443733.630,-1172407.060,350.473,0.007
-443733.500,-1172407.400,350.493,0.007
-443733.379,-1172407.750,350.512,0.008
-443740.530,-1172388.250,349.258,0.002
-443740.410,-1172388.580,349.275,0.005
-443740.290,-1172388.900,349.274,0.006
-443740.150,-1172389.270,349.284,0.006
-443740.030,-1172389.620,349.296,0.004
-443739.650,-1172390.630,349.240,0.010
-443741.100,-1172388.400,349.285,0.005
-443740.969,-1172388.770,349.302,0.008
-443740.729,-1172389.420,349.302,0.008
-443740.599,-1172389.770,349.342,0.008
-443740.470,-1172390.120,349.345,0.005
-443740.240,-1172390.740,349.265,0.005
-443737.140,-1172399.210,350.464,0.006
-443736.900,-1172399.860,350.481,0.009
-443735.560,-1172403.510,350.482,0.008
-443735.430,-1172403.850,350.451,0.009
-443734.929,-1172405.200,350.511,0.009
-443737.599,-1172398.840,350.441,0.009
-443737.470,-1172399.190,350.411,0.009
-443741.430,-1172388.400,349.224,0.006
-443740.940,-1172389.720,349.260,0.010
-443740.810,-1172390.080,349.304,0.006
-443736.500,-1172401.830,350.404,0.006
-443736.380,-1172402.140,350.402,0.008
-443735.760,-1172403.850,350.430,0.010
-443734.270,-1172407.900,350.472,0.008
-443741.500,-1172389.730,349.331,0.009
-443738.410,-1172398.170,350.483,0.007
-443738.280,-1172398.500,350.492,0.008
-443737.320,-1172401.140,350.396,0.004
-443736.440,-1172403.530,350.463,0.007
-443736.300,-1172403.900,350.491,0.009
-443735.949,-1172404.860,350.483,0.007
-443737.380,-1172401.570,350.341,0.009
-443736.880,-1172402.930,350.401,0.009
-443736.759,-1172403.250,350.411,0.009
-443736.640,-1172403.590,350.411,0.009
-443736.390,-1172404.270,350.411,0.009
-443742.070,-1172388.800,349.231,0.009
-443741.940,-1172389.140,349.271,0.009
-443741.830,-1172389.450,349.264,0.006
-443741.710,-1172389.780,349.261,0.009
-443737.760,-1172400.550,350.390,0.010
-443736.270,-1172404.610,350.422,0.008
-443736.140,-1172404.960,350.423,0.007
-443735.520,-1172406.650,350.455,0.005
-443735.400,-1172406.960,350.431,0.009
-443735.160,-1172407.610,350.434,0.006
-443742.350,-1172389.660,349.262,0.008
-443738.900,-1172399.050,350.475,0.005
-443738.519,-1172400.080,350.431,0.009
-443738.160,-1172401.070,350.403,0.007
-443738.040,-1172401.400,350.422,0.008
-443737.790,-1172402.090,350.413,0.007
-443742.650,-1172389.660,349.243,0.007
-443742.530,-1172389.980,349.262,0.008
-443739.190,-1172399.089,350.433,0.007
-443736.000,-1172407.760,350.422,0.008
-443739.840,-1172398.850,350.471,0.009
-443739.590,-1172399.530,350.443,0.007
-443739.470,-1172399.870,350.446,0.005
-443738.849,-1172401.540,350.422,0.008
-443737.380,-1172405.540,350.421,0.009
-443736.890,-1172406.880,350.442,0.008
-443740.180,-1172398.690,350.434,0.007
-443739.810,-1172399.700,350.393,0.007
-443739.689,-1172400.020,350.401,0.009
-443739.450,-1172400.680,350.390,0.010
-443738.720,-1172402.660,350.381,0.009
-443738.480,-1172403.320,350.383,0.007
-443738.110,-1172404.330,350.382,0.008
-443737.990,-1172404.650,350.362,0.008
-443737.610,-1172405.700,350.410,0.010
-443737.240,-1172406.700,350.404,0.006
-443737.110,-1172407.040,350.400,0.010
-443740.920,-1172398.490,350.433,0.007
-443740.790,-1172398.840,350.460,0.010
-443739.450,-1172402.470,350.401,0.009
-443739.200,-1172403.141,350.420,0.010
-443738.960,-1172403.810,350.400,0.010
-443741.080,-1172398.890,350.433,0.007
-443738.480,-1172405.950,350.414,0.006
-443738.360,-1172406.290,350.413,0.007
-443738.240,-1172406.610,350.411,0.009
-443741.830,-1172398.290,350.464,0.006
-443739.480,-1172404.670,350.391,0.009
-443739.370,-1172404.980,350.372,0.008
-443739.620,-1172404.850,350.351,0.009
-443738.890,-1172406.830,350.391,0.009
-443738.770,-1172407.160,350.392,0.008
-443738.530,-1172407.820,350.403,0.007
-443742.590,-1172398.460,350.464,0.006
-443742.220,-1172399.470,350.425,0.005
-443741.730,-1172400.800,350.403,0.007
-443741.470,-1172401.480,350.404,0.006
-443741.350,-1172401.820,350.395,0.005
-443741.220,-1172402.180,350.394,0.006
-443740.980,-1172402.820,350.383,0.007
-443740.860,-1172403.160,350.393,0.007
-443740.740,-1172403.490,350.384,0.006
-443740.610,-1172403.830,350.395,0.005
-443739.640,-1172406.470,350.402,0.008
-443742.530,-1172399.380,350.421,0.009
-443741.790,-1172401.400,350.393,0.007
-443741.660,-1172401.730,350.402,0.008
-443741.540,-1172402.070,350.362,0.008
-443741.180,-1172403.040,350.362,0.008
-443741.060,-1172403.360,350.373,0.007
-443739.570,-1172407.410,350.402,0.008
-443743.540,-1172398.120,350.452,0.008
-443743.310,-1172398.770,350.463,0.007
-443742.680,-1172400.480,350.453,0.007
-443742.440,-1172401.130,350.430,0.010
-443742.320,-1172401.450,350.455,0.005
-443741.590,-1172403.440,350.412,0.008
-443741.210,-1172404.460,350.393,0.007
-443740.460,-1172406.490,350.424,0.006
-443740.330,-1172406.840,350.423,0.007
-443740.100,-1172407.480,350.444,0.006
-443740.760,-1172406.200,350.394,0.006
-443740.630,-1172406.550,350.392,0.008
-443743.710,-1172398.190,350.423,0.007
-443743.570,-1172398.550,350.432,0.008
-443743.460,-1172398.850,350.440,0.010
-443742.490,-1172401.480,350.404,0.006
-443742.360,-1172401.840,350.414,0.006
-443742.120,-1172402.510,350.393,0.007
-443741.750,-1172403.500,350.350,0.010
-443743.880,-1172399.250,350.422,0.008
-443743.759,-1172399.580,350.463,0.007
-443743.020,-1172401.590,350.454,0.006
-443742.630,-1172402.630,350.433,0.007
-443742.270,-1172403.620,350.400,0.010
-443741.270,-1172406.340,350.421,0.009
-443741.150,-1172406.660,350.420,0.010
-443744.480,-1172398.280,350.410,0.010
-443744.350,-1172398.620,350.413,0.007
-443744.100,-1172399.300,350.404,0.006
-443743.970,-1172399.650,350.393,0.007
-443745.260,-1172397.570,350.491,0.009
-443744.639,-1172399.250,350.422,0.008
-443744.129,-1172400.630,350.453,0.008
-443744.009,-1172400.960,350.501,0.009
-443742.050,-1172406.290,350.460,0.010
-443741.690,-1172407.270,350.420,0.010
-443744.549,-1172400.190,350.430,0.010
-443744.419,-1172400.540,350.370,0.010
-443743.550,-1172402.910,350.432,0.008
-443743.420,-1172403.260,350.454,0.006
-443742.950,-1172404.540,350.450,0.010
-443742.700,-1172405.220,350.483,0.007
-443742.460,-1172405.880,350.432,0.008
-443742.340,-1172406.190,350.421,0.009
-443742.210,-1172406.550,350.446,0.004
-443741.970,-1172407.200,350.421,0.009
-443746.030,-1172397.840,350.462,0.008
-443745.780,-1172398.500,350.463,0.007
-443745.650,-1172398.840,350.445,0.005
-443745.420,-1172399.470,350.404,0.006
-443745.290,-1172399.850,350.452,0.008
-443745.160,-1172400.190,350.423,0.007
-443744.780,-1172401.220,350.433,0.007
-443744.670,-1172401.530,350.463,0.007
-443744.540,-1172401.880,350.463,0.007
-443744.420,-1172402.210,350.454,0.006
-443744.180,-1172402.860,350.471,0.009
-443744.050,-1172403.200,350.491,0.009
-443743.800,-1172403.870,350.491,0.009
-443743.690,-1172404.180,350.472,0.008
-443743.060,-1172405.880,350.493,0.007
-443746.140,-1172398.350,350.422,0.008
-443746.010,-1172398.700,350.412,0.008
-443745.640,-1172399.700,350.405,0.005
-443745.390,-1172400.390,350.412,0.008
-443745.150,-1172401.030,350.403,0.007
-443745.030,-1172401.370,350.414,0.006
-443744.910,-1172401.690,350.430,0.010
-443744.660,-1172402.350,350.414,0.006
-443744.540,-1172402.680,350.423,0.007
-443744.410,-1172403.030,350.444,0.006
-443744.300,-1172403.360,350.453,0.007
-443744.160,-1172403.720,350.463,0.007
-443744.040,-1172404.040,350.452,0.008
-443743.680,-1172405.040,350.442,0.008
-443743.550,-1172405.390,350.452,0.008
-443743.050,-1172406.750,350.453,0.007
-443742.930,-1172407.060,350.434,0.006
-443742.810,-1172407.390,350.443,0.007
-443744.449,-1172404.270,350.433,0.007
-443744.310,-1172404.650,350.472,0.008
-443744.190,-1172404.970,350.465,0.005
-443744.080,-1172405.280,350.474,0.006
-443743.960,-1172405.610,350.462,0.008
-443743.700,-1172406.300,350.464,0.006
-443746.540,-1172398.610,350.414,0.006
-443746.430,-1172398.910,350.415,0.005
-443746.310,-1172399.230,350.411,0.009
-443746.190,-1172399.560,350.434,0.006
-443746.060,-1172399.890,350.402,0.008
-443745.570,-1172401.230,350.403,0.007
-443745.460,-1172401.540,350.412,0.008
-443744.960,-1172402.890,350.443,0.007
-443746.790,-1172398.560,350.393,0.007
-443746.660,-1172398.910,350.411,0.009
-443746.430,-1172399.530,350.370,0.010
-443746.180,-1172400.220,350.404,0.006
-443746.060,-1172400.550,350.374,0.006
-443745.800,-1172401.230,350.392,0.008
-443745.559,-1172401.890,350.380,0.010
-443745.300,-1172402.601,350.391,0.009
-443745.180,-1172402.940,350.404,0.006
-443744.690,-1172404.260,350.403,0.007
-443744.560,-1172404.620,350.446,0.004
-443744.430,-1172404.960,350.424,0.006
-443744.310,-1172405.280,350.425,0.005
-443744.190,-1172405.620,350.423,0.007
-443743.930,-1172406.330,350.444,0.006
-443743.810,-1172406.650,350.455,0.005
-443743.560,-1172407.330,350.464,0.006
-443747.630,-1172397.850,350.465,0.005
-443747.510,-1172398.180,350.442,0.008
-443747.380,-1172398.520,350.443,0.007
-443746.770,-1172400.180,350.385,0.005
-443746.640,-1172400.530,350.394,0.006
-443746.510,-1172400.880,350.412,0.008
-443746.390,-1172401.220,350.363,0.007
-443746.130,-1172401.910,350.405,0.005
-443746.010,-1172402.230,350.401,0.009
-443745.630,-1172403.260,350.415,0.005
-443745.520,-1172403.570,350.414,0.006
-443745.260,-1172404.270,350.430,0.010
-443745.020,-1172404.930,350.431,0.009
-443744.889,-1172405.269,350.411,0.009
-443744.770,-1172405.610,350.421,0.009
-443744.640,-1172405.970,350.450,0.010
-443744.399,-1172406.610,350.440,0.010
-443747.950,-1172397.900,350.414,0.006
-443746.840,-1172400.930,350.381,0.009
-443746.710,-1172401.280,350.392,0.008
-443746.580,-1172401.620,350.392,0.008
-443745.960,-1172403.300,350.363,0.007
-443745.840,-1172403.650,350.363,0.007
-443745.580,-1172404.340,350.421,0.009
-443745.230,-1172405.300,350.411,0.009
-443745.100,-1172405.630,350.422,0.008
-443744.970,-1172405.990,350.444,0.006
-443744.860,-1172406.300,350.413,0.007
-443744.730,-1172406.640,350.442,0.008
-443747.540,-1172400.440,350.401,0.009
-443747.180,-1172401.440,350.410,0.010
-443746.930,-1172402.100,350.383,0.007
-443745.820,-1172405.120,350.440,0.010
-443745.580,-1172405.770,350.440,0.010
-443745.330,-1172406.450,350.440,0.010
-443747.870,-1172400.260,350.382,0.008
-443747.740,-1172400.600,350.372,0.008
-443747.620,-1172400.940,350.373,0.007
-443746.019,-1172405.270,350.410,0.010
-443745.900,-1172405.600,350.411,0.009
-443745.780,-1172405.920,350.401,0.009
-443745.400,-1172406.960,350.411,0.009
-443746.190,-1172406.410,350.433,0.007
-443746.080,-1172406.730,350.441,0.009
-443745.950,-1172407.070,350.440,0.010
-443749.290,-1172398.010,350.434,0.006
-443748.910,-1172399.040,350.423,0.007
-443748.800,-1172399.360,350.423,0.007
-443748.660,-1172399.720,350.402,0.008
-443748.190,-1172401.000,350.404,0.006
-443748.060,-1172401.360,350.384,0.006
-443747.940,-1172401.680,350.412,0.008
-443747.820,-1172402.010,350.431,0.009
-443747.690,-1172402.350,350.374,0.006
-443747.440,-1172403.020,350.411,0.009
-443749.650,-1172397.920,350.402,0.008
-443749.529,-1172398.250,350.391,0.009
-443749.409,-1172398.570,350.404,0.006
-443749.290,-1172398.900,350.414,0.006
-443749.169,-1172399.220,350.393,0.007
-443749.040,-1172399.560,350.394,0.006
-443748.560,-1172400.870,350.341,0.009
-443748.180,-1172401.910,350.363,0.007
-443748.060,-1172402.230,350.382,0.008
-443750.290,-1172397.830,350.423,0.007
-443750.170,-1172398.150,350.413,0.007
-443750.040,-1172398.500,350.423,0.007
-443749.920,-1172398.830,350.402,0.008
-443749.800,-1172399.160,350.451,0.009
-443749.550,-1172399.820,350.411,0.009
-443749.300,-1172400.510,350.404,0.006
-443749.180,-1172400.830,350.404,0.006
-443748.920,-1172401.520,350.393,0.007
-443748.800,-1172401.840,350.395,0.005
-443748.680,-1172402.190,350.405,0.005
-443748.540,-1172402.550,350.376,0.004
-443748.060,-1172403.870,350.340,0.010
-443747.170,-1172406.260,350.422,0.008
-443747.050,-1172406.590,350.405,0.005
-443746.930,-1172406.910,350.402,0.008
-443750.390,-1172398.460,350.353,0.007
-443750.260,-1172398.800,350.372,0.008
-443750.130,-1172399.160,350.361,0.009
-443750.010,-1172399.490,350.386,0.004
-443749.890,-1172399.810,350.353,0.007
-443749.390,-1172401.170,350.320,0.010
-443748.130,-1172404.560,350.340,0.010
-443751.250,-1172397.990,350.436,0.004
-443751.010,-1172398.660,350.393,0.007
-443750.880,-1172399.010,350.421,0.009
-443749.640,-1172402.370,350.361,0.009
-443748.880,-1172404.410,350.401,0.009
-443747.910,-1172407.050,350.415,0.005
-443751.630,-1172397.870,350.400,0.010
-443751.510,-1172398.200,350.413,0.007
-443751.260,-1172398.880,350.393,0.007
-443751.130,-1172399.210,350.392,0.008
-443751.020,-1172399.500,350.344,0.006
-443750.890,-1172399.860,350.355,0.005
-443750.020,-1172402.230,350.372,0.008
-443749.890,-1172402.570,350.373,0.007
-443749.149,-1172404.570,350.400,0.010
-443751.970,-1172398.300,350.441,0.009
-443751.710,-1172398.970,350.421,0.009
-443751.590,-1172399.310,350.442,0.008
-443751.230,-1172400.300,350.363,0.007
-443752.460,-1172397.500,350.423,0.007
-443752.329,-1172397.839,350.403,0.007
-443752.210,-1172398.170,350.402,0.008
-443751.960,-1172398.860,350.381,0.009
-443751.590,-1172399.850,350.352,0.008
-443749.670,-1172406.670,350.421,0.009
-443753.260,-1172397.890,350.451,0.009
-443753.020,-1172398.540,350.404,0.006
-443751.030,-1172403.900,350.371,0.009
-443750.770,-1172404.600,350.382,0.008
-443752.490,-1172401.430,350.441,0.009
-443751.240,-1172404.800,350.410,0.010
-443751.120,-1172405.130,350.413,0.007
-443751.000,-1172405.460,350.422,0.008
-443750.630,-1172406.440,350.434,0.006
-443750.500,-1172406.800,350.424,0.006
-443752.990,-1172400.060,350.463,0.007
-443751.910,-1172403.780,350.411,0.009
-443751.430,-1172405.090,350.392,0.008
-443751.310,-1172405.410,350.402,0.008
-443750.830,-1172406.720,350.373,0.007
-443754.120,-1172397.800,349.725,0.005
-443753.920,-1172398.350,350.482,0.008
-443753.170,-1172400.380,350.394,0.006
-443752.790,-1172401.390,350.410,0.010
-443752.990,-1172402.470,350.421,0.009
-443752.620,-1172403.450,350.462,0.008
-443751.880,-1172405.450,350.432,0.008
-443751.760,-1172405.780,350.423,0.007
-443751.630,-1172406.130,350.422,0.008
-443754.940,-1172397.190,349.750,0.010
-443754.810,-1172397.529,349.722,0.008
-443754.680,-1172397.890,349.732,0.008
-443754.560,-1172398.200,349.715,0.005
-443754.220,-1172399.860,349.611,0.009
-443753.400,-1172402.100,350.411,0.009
-443753.280,-1172402.420,350.412,0.008
-443753.140,-1172402.780,350.450,0.010
-443753.020,-1172403.110,350.392,0.008
-443752.900,-1172403.430,350.442,0.008
-443752.530,-1172404.450,350.412,0.008
-443752.400,-1172404.790,350.432,0.008
-443751.790,-1172406.450,350.412,0.008
-443754.960,-1172397.860,349.703,0.007
-443754.730,-1172399.780,349.634,0.006
-443754.610,-1172400.120,349.630,0.010
-443752.530,-1172405.740,350.423,0.007
-443755.470,-1172397.790,349.724,0.006
-443755.220,-1172398.460,349.701,0.009
-443755.460,-1172398.450,349.662,0.008
-443755.340,-1172398.780,349.671,0.009
-443754.860,-1172400.080,349.611,0.010
-443754.730,-1172400.430,349.614,0.006
-443752.650,-1172406.060,350.431,0.009
-443756.210,-1172397.990,349.722,0.008
-443756.090,-1172398.320,349.710,0.010
-443755.350,-1172400.310,349.641,0.009
-443755.110,-1172400.980,349.603,0.007
-443754.980,-1172401.320,349.604,0.006
-443754.850,-1172401.660,349.604,0.006
-443756.640,-1172397.610,349.711,0.009
-443756.390,-1172398.300,349.673,0.007
-443756.260,-1172398.640,349.682,0.008
-443755.640,-1172400.310,349.603,0.007
-443755.510,-1172400.670,349.606,0.004
-443755.390,-1172401.000,349.563,0.007
-443755.270,-1172401.310,349.577,0.003
-443755.150,-1172401.630,349.586,0.004
-443754.900,-1172402.320,349.545,0.005
-443754.400,-1172403.680,349.493,0.007
-443753.680,-1172405.620,350.442,0.008
-443753.560,-1172405.950,350.453,0.007
-443753.440,-1172406.280,350.444,0.006
-443757.170,-1172397.590,349.745,0.005
-443757.040,-1172397.940,349.714,0.006
-443756.540,-1172399.290,349.653,0.007
-443755.800,-1172401.290,349.586,0.004
-443755.670,-1172401.640,349.604,0.006
-443755.540,-1172401.990,349.564,0.006
-443755.430,-1172402.300,349.573,0.007
-443755.300,-1172402.640,349.573,0.007
-443755.180,-1172402.970,349.541,0.009
-443756.490,-1172400.110,349.613,0.007
-443756.120,-1172401.120,349.566,0.004
-443755.990,-1172401.470,349.554,0.006
-443755.870,-1172401.780,349.565,0.005
-443755.620,-1172402.450,349.534,0.006
-443755.390,-1172403.080,349.483,0.007
-443755.130,-1172403.770,349.482,0.008
-443754.900,-1172404.400,349.474,0.006
-443756.950,-1172400.740,349.613,0.007
-443756.840,-1172401.050,349.581,0.009
-443756.720,-1172401.380,349.590,0.010
-443755.980,-1172403.360,349.531,0.009
-443755.860,-1172403.700,349.520,0.010
-443755.600,-1172404.380,349.492,0.008
-443757.949,-1172398.049,349.711,0.009
-443757.820,-1172398.389,349.710,0.010
-443757.690,-1172398.739,349.680,0.010
-443757.560,-1172399.080,349.674,0.006
-443757.449,-1172399.399,349.623,0.008
-443757.320,-1172399.730,349.632,0.008
-443758.550,-1172397.370,349.723,0.008
-443758.180,-1172398.380,349.675,0.005
-443757.690,-1172399.690,349.624,0.006
-443757.460,-1172400.330,349.603,0.007
-443757.090,-1172401.320,349.543,0.007
-443756.710,-1172402.340,349.532,0.008
-443756.460,-1172403.010,349.525,0.005
-443756.220,-1172403.680,349.516,0.004
-443758.850,-1172398.140,349.713,0.007
-443758.480,-1172399.130,349.672,0.008
-443757.879,-1172400.770,349.612,0.008
-443757.630,-1172401.450,349.603,0.007
-443759.330,-1172397.430,349.732,0.008
-443757.970,-1172401.090,349.584,0.006
-443757.590,-1172402.130,349.540,0.010
-443758.720,-1172400.610,349.603,0.007
-443758.590,-1172400.940,349.602,0.008
-443758.470,-1172401.270,349.584,0.006
-443758.340,-1172401.620,349.582,0.008
-443758.100,-1172402.280,349.555,0.005
-443757.970,-1172402.640,349.562,0.008
-443757.720,-1172403.310,349.543,0.007
-443757.590,-1172403.640,349.534,0.006
-443759.830,-1172397.600,349.744,0.006
-443759.590,-1172398.260,349.716,0.004
-443760.120,-1172397.620,349.723,0.007
-443759.870,-1172398.300,349.672,0.008
-443759.610,-1172398.970,349.652,0.008
-443759.500,-1172399.290,349.641,0.009
-443759.380,-1172399.600,349.636,0.004
-443759.250,-1172399.950,349.616,0.004
-443759.120,-1172400.310,349.607,0.003
-443759.010,-1172400.620,349.584,0.006
-443758.880,-1172400.960,349.583,0.007
-443758.750,-1172401.300,349.553,0.007
-443758.620,-1172401.650,349.553,0.007
-443758.500,-1172401.969,349.564,0.006
-443758.370,-1172402.320,349.543,0.007
-443758.250,-1172402.640,349.534,0.006
-443758.010,-1172403.290,349.513,0.007
-443757.890,-1172403.630,349.494,0.006
-443757.770,-1172403.950,349.485,0.005
-443757.650,-1172404.270,349.471,0.009
-443760.720,-1172397.570,349.733,0.007
-443760.490,-1172398.199,349.713,0.007
-443760.350,-1172398.560,349.686,0.004
-443760.230,-1172398.880,349.662,0.008
-443759.850,-1172399.900,349.626,0.004
-443759.730,-1172400.240,349.617,0.003
-443759.480,-1172400.900,349.604,0.006
-443759.360,-1172401.240,349.585,0.005
-443759.240,-1172401.570,349.562,0.008
-443758.510,-1172403.540,349.532,0.008
-443758.260,-1172404.190,349.503,0.007
-443758.150,-1172404.510,349.473,0.007
-443760.500,-1172398.990,349.635,0.005
-443760.370,-1172399.330,349.632,0.009
-443760.250,-1172399.650,349.613,0.007
-443760.120,-1172400.000,349.593,0.007
-443760.000,-1172400.330,349.592,0.008
-443759.770,-1172400.960,349.595,0.005
-443759.650,-1172401.290,349.563,0.007
-443759.280,-1172402.270,349.551,0.009
-443759.150,-1172402.630,349.532,0.008
-443759.030,-1172402.950,349.523,0.007
-443758.910,-1172403.270,349.501,0.009
-443758.780,-1172403.630,349.504,0.006
-443761.120,-1172397.310,349.732,0.008
-443761.860,-1172397.150,349.734,0.006
-443761.740,-1172397.500,349.726,0.004
-443761.490,-1172398.170,349.695,0.005
-443761.240,-1172398.820,349.654,0.006
-443760.630,-1172400.470,349.611,0.009
-443760.270,-1172401.450,349.580,0.010
-443760.150,-1172401.760,349.562,0.008
-443759.890,-1172402.470,349.531,0.009
-443759.770,-1172402.790,349.532,0.008
-443759.520,-1172403.460,349.514,0.006
-443759.400,-1172403.800,349.513,0.007
-443759.270,-1172404.140,349.492,0.008
-443761.090,-1172400.100,349.615,0.005
-443760.970,-1172400.429,349.592,0.008
-443760.470,-1172401.770,349.562,0.008
-443760.090,-1172402.800,349.533,0.007
-443759.960,-1172403.150,349.494,0.006
-443759.720,-1172403.810,349.504,0.006
-443766.529,-1172385.440,349.051,0.009
-443766.390,-1172385.790,349.020,0.010
-443766.280,-1172386.110,349.041,0.009
-443766.150,-1172386.460,349.043,0.007
-443766.020,-1172386.800,349.056,0.004
-443761.820,-1172398.130,349.695,0.005
-443761.580,-1172398.790,349.643,0.007
-443761.459,-1172399.110,349.651,0.009
-443767.100,-1172385.290,349.045,0.005
-443766.730,-1172386.280,349.022,0.008
-443766.600,-1172386.630,349.044,0.006
-443766.480,-1172386.950,349.013,0.007
-443766.350,-1172387.290,349.050,0.010
-443766.229,-1172387.640,349.051,0.009
-443766.100,-1172387.980,349.030,0.010
-443765.970,-1172388.320,349.021,0.009
-443765.850,-1172388.640,349.004,0.006
-443762.630,-1172397.330,349.742,0.008
-443762.010,-1172399.000,349.662,0.008
-443761.770,-1172399.660,349.625,0.005
-443761.380,-1172400.690,349.592,0.008
-443761.130,-1172401.370,349.591,0.009
-443760.890,-1172402.030,349.552,0.008
-443760.650,-1172402.670,349.535,0.005
-443760.510,-1172403.040,349.515,0.005
-443760.400,-1172403.360,349.514,0.006
-443760.010,-1172404.380,349.461,0.009
-443762.950,-1172397.060,349.721,0.009
-443762.330,-1172398.729,349.652,0.008
-443761.700,-1172400.410,349.583,0.007
-443761.580,-1172400.739,349.593,0.007
-443761.460,-1172401.070,349.563,0.007
-443761.200,-1172401.760,349.563,0.007
-443761.080,-1172402.080,349.524,0.006
-443760.950,-1172402.430,349.540,0.010
-443760.830,-1172402.760,349.521,0.009
-443760.710,-1172403.090,349.511,0.009
-443760.580,-1172403.450,349.515,0.005
-443760.100,-1172404.730,349.382,0.008
-443767.050,-1172386.000,349.032,0.008
-443766.920,-1172386.350,349.054,0.006
-443766.790,-1172386.690,349.022,0.008
-443766.290,-1172388.050,348.994,0.006
-443766.159,-1172388.400,349.013,0.007
-443766.029,-1172388.740,349.024,0.006
-443765.900,-1172389.100,348.993,0.007
-443767.610,-1172386.160,349.040,0.010
-443767.220,-1172387.190,349.033,0.007
-443767.090,-1172387.550,349.046,0.004
-443766.850,-1172388.190,349.024,0.006
-443766.730,-1172388.530,349.032,0.008
-443766.600,-1172388.870,349.001,0.009
-443766.470,-1172389.220,349.002,0.008
-443763.380,-1172397.550,349.711,0.009
-443763.250,-1172397.900,349.692,0.008
-443762.770,-1172399.200,349.623,0.007
-443762.640,-1172399.540,349.635,0.005
-443762.390,-1172400.220,349.594,0.006
-443762.260,-1172400.550,349.574,0.006
-443762.010,-1172401.240,349.564,0.006
-443763.020,-1172399.520,349.613,0.007
-443762.650,-1172400.510,349.581,0.009
-443762.520,-1172400.860,349.580,0.010
-443762.390,-1172401.190,349.593,0.007
-443762.040,-1172402.150,349.570,0.010
-443761.910,-1172402.490,349.540,0.010
-443761.300,-1172404.140,349.463,0.007
-443767.490,-1172387.470,349.003,0.007
-443767.360,-1172387.800,349.022,0.008
-443766.970,-1172388.850,348.991,0.009
-443766.730,-1172389.520,348.981,0.009
-443763.510,-1172399.790,349.623,0.007
-443763.380,-1172400.140,349.613,0.007
-443763.260,-1172400.450,349.631,0.009
-443762.770,-1172401.770,349.591,0.009
-443762.520,-1172402.430,349.561,0.009
-443764.470,-1172397.950,349.673,0.007
-443764.350,-1172398.290,349.681,0.009
-443763.740,-1172399.910,349.593,0.007
-443763.620,-1172400.240,349.595,0.005
-443763.500,-1172400.580,349.575,0.006
-443763.120,-1172401.580,349.554,0.006
-443763.000,-1172401.930,349.554,0.006
-443762.880,-1172402.240,349.554,0.006
-443762.760,-1172402.560,349.524,0.006
-443762.630,-1172402.910,349.502,0.008
-443764.730,-1172397.270,349.692,0.008
-443768.160,-1172389.760,348.974,0.006
-443765.420,-1172397.120,349.753,0.007
-443765.060,-1172398.100,349.703,0.007
-443764.940,-1172398.430,349.695,0.005
-443764.690,-1172399.090,349.644,0.006
-443764.570,-1172399.410,349.631,0.009
-443764.439,-1172399.769,349.620,0.010
-443764.320,-1172400.100,349.612,0.008
-443764.200,-1172400.410,349.601,0.009
-443764.070,-1172400.760,349.614,0.006
-443763.820,-1172401.440,349.572,0.008
-443763.690,-1172401.790,349.591,0.009
-443763.560,-1172402.140,349.564,0.006
-443763.200,-1172403.120,349.562,0.008
-443765.750,-1172397.080,349.721,0.009
-443765.260,-1172398.400,349.654,0.006
-443764.890,-1172399.380,349.581,0.009
-443764.380,-1172400.760,349.564,0.006
-443764.130,-1172401.430,349.533,0.007
-443764.010,-1172401.760,349.523,0.007
-443763.890,-1172402.080,349.536,0.004
-443763.760,-1172402.430,349.524,0.006
-443763.520,-1172403.090,349.493,0.007
-443763.390,-1172403.420,349.503,0.007
-443766.050,-1172397.740,349.721,0.009
-443765.810,-1172398.400,349.681,0.009
-443765.430,-1172399.410,349.652,0.008
-443764.810,-1172401.080,349.591,0.010
-443764.680,-1172401.420,349.574,0.006
-443764.300,-1172402.450,349.561,0.009
-443763.920,-1172403.470,349.550,0.010
-443766.649,-1172396.790,349.731,0.009
-443766.390,-1172397.469,349.702,0.008
-443766.260,-1172397.830,349.671,0.009
-443765.899,-1172398.810,349.632,0.008
-443765.780,-1172399.130,349.621,0.009
-443765.520,-1172399.820,349.602,0.008
-443765.400,-1172400.140,349.590,0.010
-443765.150,-1172400.820,349.573,0.007
-443765.020,-1172401.170,349.572,0.008
-443764.520,-1172402.500,349.540,0.010
-443764.160,-1172403.480,349.503,0.007
-443767.020,-1172397.440,349.734,0.006
-443766.770,-1172398.110,349.712,0.008
-443766.640,-1172398.450,349.692,0.008
-443766.400,-1172399.110,349.661,0.009
-443765.900,-1172400.460,349.621,0.009
-443765.040,-1172402.770,349.572,0.008
-443767.400,-1172397.140,349.714,0.006
-443767.269,-1172397.480,349.694,0.006
-443766.770,-1172398.830,349.622,0.008
-443766.640,-1172399.170,349.621,0.009
-443766.530,-1172399.480,349.611,0.009
-443766.280,-1172400.160,349.603,0.007
-443766.040,-1172400.810,349.572,0.008
-443765.550,-1172402.120,349.553,0.007
-443765.290,-1172402.800,349.523,0.007
-443765.170,-1172403.140,349.526,0.004
-443764.920,-1172403.810,349.475,0.005
-443764.810,-1172404.110,349.464,0.006
-443767.910,-1172397.010,349.742,0.008
-443767.790,-1172397.350,349.722,0.008
-443767.660,-1172397.680,349.692,0.008
-443767.410,-1172398.350,349.672,0.008
-443766.930,-1172399.640,349.634,0.006
-443766.800,-1172399.990,349.621,0.009
-443766.430,-1172400.990,349.581,0.009
-443766.190,-1172401.650,349.563,0.007
-443766.060,-1172401.980,349.562,0.008
-443765.930,-1172402.330,349.570,0.010
-443765.430,-1172403.680,349.515,0.005
-443767.710,-1172398.060,349.623,0.007
-443767.600,-1172398.370,349.635,0.005
-443767.350,-1172399.050,349.604,0.006
-443767.220,-1172399.380,349.595,0.005
-443766.980,-1172400.030,349.563,0.007
-443766.610,-1172401.040,349.532,0.008
-443766.480,-1172401.370,349.523,0.007
-443765.839,-1172403.099,349.502,0.008
-443768.040,-1172398.880,349.633,0.007
-443767.920,-1172399.210,349.632,0.008
-443767.420,-1172400.550,349.596,0.004
-443766.920,-1172401.900,349.566,0.004
-443766.790,-1172402.240,349.556,0.004
-443766.670,-1172402.560,349.557,0.003
-443766.420,-1172403.240,349.526,0.004
-443766.300,-1172403.570,349.515,0.005
-443767.890,-1172400.080,349.565,0.005
-443767.780,-1172400.400,349.545,0.005
-443767.280,-1172401.740,349.536,0.004
-443767.150,-1172402.070,349.527,0.003
-443766.519,-1172403.759,349.452,0.008
-443769.380,-1172397.440,350.502,0.008
-443768.080,-1172400.910,349.594,0.006
-443767.830,-1172401.580,349.584,0.006
-443769.040,-1172398.820,350.457,0.003
-443768.380,-1172400.590,349.560,0.010
-443767.639,-1172402.579,349.500,0.010
-443770.450,-1172396.460,350.562,0.008
-443769.690,-1172398.510,350.511,0.009
-443768.049,-1172402.889,349.531,0.009
-443767.810,-1172403.550,349.504,0.006
-443769.890,-1172398.630,350.422,0.008
-443769.769,-1172398.959,350.433,0.007
-443768.370,-1172402.700,349.501,0.009
-443768.110,-1172403.380,349.453,0.007
-443770.930,-1172397.240,350.471,0.009
-443770.810,-1172397.560,350.482,0.008
-443770.320,-1172398.880,350.424,0.006
-443769.949,-1172399.869,350.381,0.009
-443769.820,-1172400.220,350.396,0.004
-443769.189,-1172401.910,350.353,0.007
-443768.400,-1172404.000,349.443,0.007
-443770.989,-1172397.870,350.432,0.008
-443770.870,-1172398.200,350.413,0.007
-443770.740,-1172398.550,350.411,0.009
-443770.620,-1172398.880,350.386,0.004
-443770.370,-1172399.550,350.394,0.006
-443770.250,-1172399.870,350.354,0.006
-443770.110,-1172400.230,350.361,0.009
-443769.989,-1172400.570,350.351,0.009
-443769.480,-1172401.920,350.344,0.006
-443769.840,-1172402.660,350.334,0.006
-443769.720,-1172403.010,350.315,0.005
-443769.600,-1172403.330,350.324,0.006
-443769.350,-1172404.000,350.265,0.005
-443772.100,-1172396.610,350.481,0.009
-443771.990,-1172396.920,350.483,0.007
-443770.850,-1172399.960,350.342,0.008
-443770.360,-1172401.290,350.314,0.006
-443770.220,-1172401.640,350.346,0.004
-443770.110,-1172401.960,350.333,0.007
-443769.750,-1172403.870,350.233,0.007
-443772.610,-1172396.190,350.500,0.010
-443772.360,-1172396.850,350.466,0.004
-443771.850,-1172398.230,350.400,0.010
-443771.609,-1172398.870,350.381,0.009
-443771.110,-1172400.210,350.361,0.009
-443770.850,-1172400.900,350.343,0.007
-443770.730,-1172401.239,350.341,0.009
-443770.600,-1172401.570,350.306,0.004
-443770.480,-1172401.910,350.327,0.003
-443770.360,-1172402.240,350.305,0.005
-443769.980,-1172403.240,350.320,0.010
-443769.870,-1172403.540,350.273,0.007
-443770.880,-1172402.820,350.277,0.003
-443770.750,-1172403.170,350.282,0.008
-443773.030,-1172396.460,350.502,0.008
-443772.900,-1172396.800,350.482,0.008
-443772.290,-1172398.430,350.420,0.010
-443771.910,-1172399.450,350.365,0.005
-443771.530,-1172400.470,350.315,0.005
-443771.030,-1172401.800,350.322,0.008
-443770.919,-1172402.110,350.321,0.009
-443770.790,-1172402.450,350.321,0.009
-443770.540,-1172403.110,350.306,0.005
-443770.430,-1172403.410,350.261,0.009
-443772.880,-1172397.479,350.431,0.009
-443771.640,-1172400.800,350.284,0.006
-443771.010,-1172404.060,350.247,0.003
-443770.380,-1172404.170,350.244,0.006
-443772.190,-1172401.730,350.271,0.009
-443771.930,-1172402.430,350.312,0.008
-443772.509,-1172400.039,350.362,0.008
-443771.270,-1172403.380,350.285,0.005
-443771.439,-1172403.750,350.261,0.009
-443771.310,-1172404.090,350.283,0.007
-443772.499,-1172402.390,350.302,0.008
-443773.320,-1172400.850,350.343,0.007
-443772.050,-1172404.230,350.240,0.010
-443773.420,-1172402.290,350.322,0.008
-443773.890,-1172402.040,350.322,0.008
-443709.580,-1172401.660,352.071,0.009
-443708.379,-1172402.850,352.161,0.009
-443709.149,-1172401.990,352.071,0.009
-443709.039,-1172402.310,352.112,0.008
-443708.919,-1172402.640,352.113,0.007
-443707.779,-1172401.970,352.202,0.008
-443707.539,-1172402.620,352.284,0.006
-443706.809,-1172399.820,352.462,0.008
-443706.689,-1172400.150,352.464,0.006
-443706.639,-1172399.600,352.523,0.007
-443706.519,-1172399.910,352.533,0.007
-443697.200,-1172345.860,353.093,0.007
-443838.419,-1172319.770,349.014,0.006
-443838.429,-1172318.360,349.023,0.007
-443838.300,-1172318.720,349.047,0.003
-443836.759,-1172320.530,349.164,0.006
-443838.289,-1172318.180,349.015,0.005
-443837.329,-1172318.420,349.160,0.010
-443836.929,-1172319.470,349.194,0.006
-443837.959,-1172317.380,349.171,0.009
-443836.690,-1172318.430,349.226,0.004
-443836.139,-1172319.890,349.261,0.009
-443835.509,-1172320.770,349.414,0.006
-443835.219,-1172319.830,349.325,0.005
-443797.180,-1172325.340,351.194,0.006
-443797.789,-1172325.970,351.231,0.009
-443797.260,-1172327.390,351.204,0.006
-443798.780,-1172326.000,351.322,0.008
-443803.280,-1172317.600,351.194,0.006
-443803.550,-1172317.690,351.081,0.009
-443804.140,-1172317.630,351.191,0.009
-443799.800,-1172329.260,351.313,0.007
-443799.540,-1172329.970,351.331,0.009
-443804.690,-1172318.540,351.163,0.007
-443741.750,-1172297.610,354.406,0.004
-443741.620,-1172297.970,354.436,0.004
-443741.390,-1172297.710,354.486,0.004
-443741.260,-1172298.060,354.438,0.002
-443743.440,-1172326.740,351.287,0.003
-443743.750,-1172326.520,351.225,0.005
-443743.620,-1172326.880,351.247,0.003
-443744.429,-1172326.149,351.272,0.008
-443743.799,-1172333.550,353.072,0.008
-443743.669,-1172333.900,353.155,0.005
-443744.489,-1172333.060,353.112,0.008
-443744.069,-1172334.940,353.135,0.005
-443744.939,-1172334.200,353.030,0.010
-443744.549,-1172335.270,353.114,0.006
-443744.049,-1172336.650,353.182,0.008
-443743.799,-1172337.330,353.224,0.006
-443743.540,-1172338.030,353.216,0.004
-443744.339,-1172336.780,353.124,0.006
-443744.219,-1172337.120,353.122,0.008
-443743.959,-1172337.820,353.174,0.006
-443743.829,-1172338.180,353.194,0.006
-443745.769,-1172334.170,352.941,0.010
-443746.070,-1172335.820,353.001,0.009
-443745.429,-1172337.550,353.072,0.008
-443746.449,-1172337.860,352.974,0.006
-443747.810,-1172335.790,352.795,0.005
-443747.679,-1172336.120,352.793,0.007
-443747.660,-1172337.010,352.804,0.006
-443747.529,-1172337.370,352.833,0.007
-443747.739,-1172337.960,352.812,0.008
-443747.939,-1172337.950,352.803,0.007
-443748.450,-1172337.870,352.755,0.005
-443748.609,-1172337.960,352.710,0.010
-443748.939,-1172338.160,352.752,0.008
-443749.770,-1172336.479,352.591,0.009
-443749.910,-1172337.630,352.640,0.010
-443759.480,-1172313.870,354.614,0.006
-443760.350,-1172316.250,354.702,0.008
-443772.920,-1172322.510,352.126,0.004
-443773.050,-1172322.140,352.117,0.003
-443773.330,-1172322.090,352.097,0.003
-443773.200,-1172322.450,352.077,0.003
-443720.989,-1172341.520,352.793,0.007
-443720.600,-1172338.710,352.916,0.004
-443720.480,-1172339.050,352.866,0.004
-443720.359,-1172339.380,352.915,0.005
-443720.270,-1172340.490,352.897,0.003
-443721.100,-1172339.390,352.828,0.002
-443720.980,-1172339.720,352.828,0.002
-443721.160,-1172339.780,352.758,0.002
-443721.030,-1172340.120,352.778,0.002
-443720.889,-1172340.490,352.814,0.006
-443718.980,-1172336.750,353.097,0.003
-443718.850,-1172337.110,353.166,0.004
-443718.600,-1172338.550,353.116,0.004
-443718.470,-1172338.900,353.121,0.009
-443719.380,-1172337.860,353.057,0.003
-443719.129,-1172338.550,353.185,0.005
-443719.009,-1172338.880,353.181,0.009
-443718.879,-1172339.230,353.175,0.005
-443719.089,-1172339.510,353.104,0.006
-443718.720,-1172340.540,353.161,0.009
-443720.449,-1172330.440,352.823,0.007
-443720.189,-1172331.130,352.846,0.004
-443720.069,-1172331.470,352.921,0.009
-443721.220,-1172329.300,352.636,0.004
-443720.309,-1172331.780,352.791,0.009
-443720.060,-1172332.480,352.876,0.004
-443718.639,-1172336.350,353.122,0.008
-443718.520,-1172336.680,353.143,0.007
-443719.289,-1172331.280,352.994,0.006
-443719.269,-1172332.150,352.932,0.008
-443718.100,-1172335.360,353.164,0.006
-443718.479,-1172331.070,353.071,0.009
-443718.360,-1172331.420,353.132,0.008
-443718.219,-1172331.780,353.142,0.008
-443718.470,-1172332.220,353.116,0.004
-443717.789,-1172331.450,353.176,0.004
-443717.669,-1172331.790,353.134,0.006
-443714.790,-1172337.510,351.294,0.006
-443717.979,-1172330.140,353.140,0.010
-443717.590,-1172331.210,353.171,0.009
-443716.830,-1172327.850,354.444,0.006
-443713.320,-1172337.400,351.295,0.005
-443699.330,-1172344.770,353.073,0.007
-443699.210,-1172345.090,353.074,0.006
-443699.150,-1172344.840,353.143,0.007
-443698.710,-1172344.440,353.161,0.009
-443698.690,-1172342.670,353.211,0.009
-443703.800,-1172327.350,352.645,0.005
-443697.340,-1172341.480,353.252,0.008
-443696.730,-1172341.060,353.311,0.009
-443852.140,-1172426.510,373.781,0.009
-443852.020,-1172426.840,373.792,0.008
-443851.630,-1172427.860,373.802,0.008
-443851.490,-1172428.200,373.803,0.007
-443851.990,-1172424.950,373.775,0.005
-443851.850,-1172425.290,373.792,0.008
-443851.480,-1172426.269,373.821,0.009
-443851.230,-1172426.920,373.802,0.008
-443851.860,-1172425.780,373.774,0.006
-443851.350,-1172427.100,373.793,0.007
-443851.570,-1172424.460,373.794,0.006
-443851.310,-1172425.110,373.750,0.010
-443849.600,-1172429.580,374.171,0.009
-443851.200,-1172423.140,373.811,0.009
-443849.980,-1172426.310,374.150,0.010
-443849.860,-1172426.620,374.121,0.009
-443851.310,-1172420.090,373.784,0.006
-443849.860,-1172423.880,374.141,0.009
-443849.220,-1172425.530,374.100,0.010
-443851.370,-1172421.840,373.823,0.007
-443851.250,-1172422.150,373.773,0.007
-443851.130,-1172422.480,373.842,0.008
-443847.090,-1172429.080,374.133,0.007
-443851.140,-1172420.000,373.792,0.008
-443848.280,-1172427.460,374.162,0.008
-443849.170,-1172423.040,374.153,0.007
-443847.620,-1172427.070,374.141,0.009
-443846.860,-1172429.050,374.194,0.006
-443847.860,-1172427.090,374.132,0.008
-443849.180,-1172421.020,374.112,0.008
-443848.410,-1172423.030,374.103,0.007
-443848.010,-1172424.080,374.122,0.008
-443847.500,-1172425.410,374.093,0.007
-443845.430,-1172430.780,374.153,0.007
-443851.140,-1172417.910,373.820,0.010
-443849.040,-1172420.640,374.137,0.003
-443848.920,-1172420.950,374.152,0.008
-443848.660,-1172421.620,374.121,0.009
-443847.889,-1172423.620,374.141,0.009
-443847.760,-1172423.970,374.152,0.008
-443847.390,-1172424.940,374.101,0.009
-443848.610,-1172420.010,374.101,0.009
-443848.470,-1172420.370,374.131,0.009
-443846.550,-1172425.350,374.104,0.006
-443851.179,-1172412.640,373.763,0.007
-443851.059,-1172412.960,373.772,0.008
-443847.710,-1172420.079,374.092,0.008
-443847.320,-1172421.100,374.111,0.009
-443846.810,-1172422.420,374.101,0.009
-443846.680,-1172422.760,374.103,0.007
-443846.420,-1172423.440,374.062,0.008
-443845.650,-1172425.450,374.122,0.008
-443846.690,-1172422.400,374.132,0.008
-443846.570,-1172422.710,374.113,0.007
-443846.310,-1172423.400,374.111,0.009
-443850.930,-1172410.010,373.754,0.006
-443850.670,-1172410.690,373.744,0.006
-443844.159,-1172427.630,374.112,0.008
-443850.849,-1172409.580,373.793,0.007
-443845.909,-1172422.460,374.111,0.009
-443845.120,-1172424.510,374.134,0.006
-443844.490,-1172426.170,374.153,0.007
-443842.950,-1172430.170,374.183,0.007
-443846.050,-1172420.520,374.050,0.010
-443845.450,-1172420.610,374.092,0.008
-443844.540,-1172422.990,374.106,0.004
-443844.420,-1172423.310,374.083,0.007
-443844.279,-1172423.660,374.093,0.007
-443842.650,-1172427.520,374.143,0.007
-443840.470,-1172431.610,374.172,0.008
-443845.739,-1172419.470,374.090,0.010
-443845.600,-1172419.830,374.140,0.010
-443844.310,-1172423.190,374.114,0.006
-443844.170,-1172423.550,374.132,0.008
-443848.320,-1172411.150,374.144,0.006
-443848.190,-1172411.490,374.080,0.010
-443843.550,-1172423.560,374.093,0.007
-443847.750,-1172412.270,374.131,0.009
-443847.619,-1172412.630,374.140,0.010
-443847.480,-1172412.990,374.141,0.009
-443843.359,-1172423.730,374.143,0.007
-443842.849,-1172425.050,374.140,0.010
-443844.820,-1172418.580,374.063,0.007
-443843.280,-1172422.580,374.093,0.007
-443843.150,-1172422.910,374.102,0.008
-443841.730,-1172426.620,374.110,0.010
-443841.610,-1172426.940,374.092,0.008
-443841.829,-1172425.940,374.142,0.008
-443841.700,-1172426.280,374.151,0.009
-443841.440,-1172426.960,374.141,0.009
-443844.660,-1172418.580,374.134,0.006
-443843.119,-1172422.579,374.132,0.009
-443842.359,-1172424.569,374.121,0.009
-443841.460,-1172425.440,374.150,0.010
-443844.400,-1172417.330,376.914,0.006
-443846.800,-1172409.510,374.080,0.010
-443846.660,-1172409.870,374.120,0.010
-443846.400,-1172410.540,374.071,0.009
-443845.760,-1172412.210,374.074,0.006
-443845.620,-1172412.580,374.102,0.008
-443845.370,-1172413.230,374.100,0.010
-443842.540,-1172420.600,374.093,0.007
-443842.410,-1172420.940,374.071,0.009
-443840.990,-1172424.660,374.171,0.009
-443839.730,-1172427.950,374.131,0.009
-443839.330,-1172428.970,374.163,0.007
-443839.210,-1172429.300,374.151,0.009
-443840.690,-1172424.640,374.153,0.007
-443840.560,-1172424.980,374.171,0.009
-443839.930,-1172426.640,374.142,0.008
-443839.540,-1172427.650,374.180,0.010
-443838.390,-1172430.650,374.190,0.010
-443838.260,-1172430.980,374.203,0.007
-443848.030,-1172405.490,374.142,0.008
-443846.629,-1172409.140,374.123,0.007
-443846.500,-1172409.490,374.135,0.005
-443845.440,-1172412.260,374.171,0.009
-443843.809,-1172416.530,376.953,0.007
-443843.680,-1172416.870,376.931,0.009
-443842.250,-1172420.580,374.134,0.006
-443841.520,-1172420.730,374.112,0.008
-443839.839,-1172425.100,374.145,0.005
-443839.460,-1172426.090,374.120,0.010
-443839.320,-1172426.440,374.111,0.009
-443839.060,-1172427.130,374.143,0.007
-443838.420,-1172428.800,374.141,0.009
-443838.050,-1172429.770,374.161,0.009
-443839.630,-1172425.030,374.161,0.009
-443838.870,-1172427.020,374.172,0.008
-443838.210,-1172428.730,374.160,0.010
-443838.090,-1172429.060,374.212,0.008
-443848.150,-1172402.810,374.120,0.010
-443847.500,-1172404.500,374.112,0.008
-443847.100,-1172405.540,374.162,0.008
-443845.930,-1172408.580,374.122,0.008
-443843.080,-1172416.070,377.414,0.006
-443841.310,-1172420.650,374.175,0.005
-443846.500,-1172405.680,374.100,0.010
-443844.180,-1172411.730,374.040,0.010
-443840.040,-1172422.540,374.314,0.006
-443837.610,-1172428.870,374.190,0.010
-443837.490,-1172429.190,374.160,0.010
-443837.360,-1172429.540,374.196,0.004
-443837.230,-1172429.880,374.194,0.006
-443838.630,-1172425.450,374.210,0.010
-443838.500,-1172425.800,374.204,0.006
-443837.989,-1172427.130,374.201,0.009
-443837.719,-1172427.820,374.212,0.008
-443837.460,-1172428.510,374.181,0.009
-443837.210,-1172429.170,374.251,0.009
-443848.060,-1172401.630,374.141,0.009
-443848.020,-1172400.960,374.151,0.009
-443847.880,-1172401.310,374.163,0.007
-443843.760,-1172412.070,374.121,0.009
-443839.060,-1172422.490,374.332,0.008
-443838.560,-1172423.770,374.155,0.005
-443838.420,-1172424.140,374.194,0.006
-443838.300,-1172424.450,374.162,0.008
-443838.060,-1172425.080,374.130,0.010
-443835.920,-1172430.660,373.841,0.009
-443835.799,-1172430.990,373.860,0.010
-443835.670,-1172431.320,373.823,0.007
-443835.520,-1172431.700,373.845,0.005
-443835.410,-1172432.000,373.875,0.005
-443837.800,-1172424.840,374.161,0.009
-443837.660,-1172425.190,374.192,0.008
-443847.450,-1172400.580,374.121,0.009
-443845.910,-1172404.590,374.103,0.007
-443847.990,-1172398.240,374.235,0.005
-443847.860,-1172398.580,374.261,0.009
-443845.150,-1172405.660,374.131,0.009
-443842.950,-1172411.390,374.125,0.005
-443838.680,-1172422.530,374.335,0.005
-443838.319,-1172423.480,374.172,0.008
-443837.330,-1172424.360,374.203,0.007
-443837.200,-1172424.690,374.173,0.007
-443847.900,-1172396.770,374.192,0.008
-443847.120,-1172398.820,374.253,0.007
-443845.190,-1172403.850,374.085,0.005
-443844.660,-1172405.230,374.080,0.010
-443843.000,-1172409.550,374.042,0.008
-443842.740,-1172410.230,374.080,0.010
-443842.480,-1172410.910,374.101,0.009
-443841.710,-1172412.930,374.090,0.010
-443841.580,-1172413.280,374.093,0.007
-443846.060,-1172400.690,374.131,0.009
-443845.410,-1172402.380,374.123,0.007
-443842.190,-1172410.780,374.104,0.007
-443839.980,-1172416.590,377.391,0.009
-443836.910,-1172424.580,374.214,0.006
-443836.780,-1172424.920,374.225,0.005
-443835.530,-1172428.160,373.855,0.006
-443837.949,-1172420.270,377.412,0.008
-443835.710,-1172426.090,373.823,0.007
-443835.450,-1172426.760,373.804,0.006
-443847.720,-1172396.360,374.210,0.010
-443847.590,-1172396.690,374.223,0.007
-443848.949,-1172391.520,374.222,0.008
-443847.900,-1172394.270,374.190,0.010
-443847.520,-1172395.270,374.231,0.009
-443846.860,-1172396.990,374.221,0.009
-443846.730,-1172397.330,374.224,0.006
-443846.600,-1172397.660,374.222,0.008
-443846.469,-1172398.010,374.231,0.009
-443846.339,-1172398.340,374.231,0.009
-443844.170,-1172404.010,374.105,0.005
-443843.770,-1172405.050,374.124,0.006
-443843.650,-1172405.360,374.072,0.008
-443843.259,-1172406.379,374.083,0.007
-443841.930,-1172409.380,374.101,0.009
-443837.800,-1172420.210,377.473,0.007
-443836.930,-1172422.450,374.213,0.007
-443835.560,-1172426.020,373.864,0.006
-443835.170,-1172427.050,373.831,0.009
-443848.930,-1172391.120,374.260,0.010
-443847.760,-1172394.160,374.241,0.009
-443847.230,-1172395.560,374.211,0.009
-443846.710,-1172396.900,374.241,0.009
-443846.580,-1172397.250,374.242,0.008
-443846.450,-1172397.580,374.233,0.007
-443846.320,-1172397.930,374.221,0.009
-443846.180,-1172398.290,374.281,0.009
-443845.410,-1172400.290,374.172,0.008
-443845.040,-1172401.270,374.183,0.007
-443844.920,-1172401.590,374.130,0.010
-443844.010,-1172403.970,374.143,0.007
-443843.640,-1172404.940,374.102,0.008
-443844.919,-1172400.340,374.195,0.005
-443844.410,-1172401.670,374.140,0.010
-443840.039,-1172413.069,374.081,0.009
-443837.310,-1172420.220,377.475,0.005
-443837.049,-1172420.900,377.471,0.009
-443836.080,-1172423.380,373.862,0.008
-443835.710,-1172424.370,373.823,0.007
-443837.080,-1172420.110,377.473,0.007
-443836.829,-1172420.790,377.461,0.009
-443836.700,-1172421.120,377.496,0.004
-443835.730,-1172423.620,373.875,0.005
-443835.470,-1172424.300,373.852,0.008
-443848.720,-1172389.700,374.241,0.009
-443847.800,-1172392.110,374.252,0.008
-443847.680,-1172392.420,374.231,0.009
-443845.740,-1172397.480,374.250,0.010
-443845.200,-1172398.891,374.281,0.009
-443844.050,-1172401.900,374.131,0.009
-443843.920,-1172402.230,374.140,0.010
-443843.800,-1172402.560,374.131,0.009
-443843.529,-1172403.250,374.140,0.010
-443843.160,-1172404.220,374.113,0.007
-443842.780,-1172405.210,374.110,0.010
-443841.350,-1172408.940,374.043,0.007
-443840.450,-1172411.290,374.121,0.009
-443840.320,-1172411.640,374.095,0.005
-443840.190,-1172411.980,374.125,0.005
-443839.930,-1172412.660,374.142,0.008
-443839.789,-1172413.020,374.151,0.009
-443836.240,-1172420.630,377.451,0.009
-443835.630,-1172422.160,373.857,0.003
-443835.510,-1172422.490,373.836,0.004
-443835.120,-1172423.500,373.823,0.007
-443848.650,-1172388.200,374.220,0.010
-443846.680,-1172393.330,374.192,0.008
-443846.040,-1172395.010,374.161,0.009
-443845.650,-1172396.020,374.192,0.008
-443845.400,-1172396.670,374.201,0.009
-443844.480,-1172399.070,374.231,0.009
-443842.930,-1172403.110,374.121,0.009
-443845.430,-1172396.000,374.250,0.010
-443841.580,-1172406.050,374.083,0.007
-443839.800,-1172410.710,374.102,0.008
-443839.530,-1172411.399,374.112,0.008
-443838.230,-1172414.800,374.140,0.010
-443838.100,-1172415.130,374.141,0.009
-443836.040,-1172420.560,377.471,0.009
-443835.910,-1172420.900,377.501,0.009
-443835.269,-1172421.040,377.463,0.008
-443851.040,-1172381.350,373.405,0.005
-443847.010,-1172391.880,374.221,0.009
-443846.490,-1172393.240,374.232,0.008
-443845.699,-1172395.280,374.182,0.008
-443845.570,-1172395.630,374.251,0.009
-443847.290,-1172389.620,374.203,0.007
-443847.170,-1172389.960,374.211,0.009
-443845.850,-1172393.390,374.224,0.006
-443845.600,-1172394.040,374.192,0.008
-443845.470,-1172394.390,374.191,0.009
-443845.339,-1172394.730,374.192,0.008
-443844.800,-1172396.130,374.212,0.008
-443844.680,-1172396.460,374.232,0.008
-443844.420,-1172397.120,374.233,0.007
-443840.430,-1172407.530,374.044,0.006
-443839.669,-1172409.530,374.063,0.007
-443839.290,-1172410.530,374.071,0.009
-443839.170,-1172410.840,374.053,0.007
-443839.020,-1172411.220,374.092,0.008
-443840.780,-1172405.830,374.090,0.010
-443840.130,-1172407.540,374.102,0.008
-443839.480,-1172409.220,374.092,0.008
-443839.340,-1172409.580,374.121,0.009
-443838.850,-1172410.880,374.131,0.009
-443838.710,-1172411.230,374.123,0.007
-443838.589,-1172411.550,374.140,0.010
-443838.209,-1172412.540,374.114,0.006
-443834.950,-1172421.090,377.523,0.007
-443851.070,-1172379.750,371.393,0.007
-443851.009,-1172379.070,371.411,0.009
-443850.750,-1172379.760,371.405,0.005
-443850.040,-1172381.630,373.790,0.010
-443849.920,-1172381.950,373.762,0.008
-443846.600,-1172390.630,374.231,0.009
-443845.940,-1172392.340,374.220,0.010
-443845.560,-1172393.350,374.224,0.006
-443845.290,-1172394.060,374.231,0.009
-443845.160,-1172394.400,374.254,0.006
-443845.020,-1172394.760,374.263,0.007
-443844.110,-1172397.130,374.302,0.008
-443843.980,-1172397.470,374.260,0.010
-443843.720,-1172398.160,374.280,0.010
-443841.160,-1172404.840,374.080,0.010
-443844.510,-1172394.400,374.233,0.007
-443844.380,-1172394.730,374.222,0.008
-443843.340,-1172397.460,374.221,0.009
-443843.200,-1172397.820,374.244,0.006
-443840.119,-1172405.850,374.031,0.009
-443838.690,-1172409.590,374.102,0.008
-443849.910,-1172380.310,373.742,0.008
-443847.370,-1172386.950,374.211,0.009
-443847.100,-1172387.630,374.203,0.007
-443846.970,-1172387.980,374.191,0.009
-443845.680,-1172391.350,374.210,0.010
-443847.250,-1172386.820,374.271,0.009
-443844.270,-1172394.580,374.271,0.009
-443841.420,-1172402.020,374.131,0.009
-443840.010,-1172405.700,374.103,0.007
-443839.890,-1172406.020,374.093,0.007
-443838.719,-1172409.070,374.120,0.010
-443838.460,-1172409.760,374.142,0.008
-443837.040,-1172413.470,374.200,0.010
-443839.590,-1172405.450,374.063,0.007
-443839.470,-1172405.770,374.066,0.004
-443839.080,-1172406.790,374.072,0.008
-443838.170,-1172409.170,374.061,0.009
-443833.780,-1172420.670,377.470,0.010
-443849.780,-1172380.210,373.801,0.009
-443849.539,-1172380.840,374.721,0.009
-443846.710,-1172386.870,374.222,0.008
-443846.040,-1172388.620,374.235,0.005
-443844.749,-1172391.980,374.171,0.009
-443843.590,-1172395.020,374.222,0.008
-443842.150,-1172398.770,374.231,0.009
-443842.020,-1172399.120,374.220,0.010
-443843.570,-1172394.750,374.261,0.009
-443843.450,-1172395.070,374.261,0.009
-443843.190,-1172395.750,374.253,0.007
-443840.360,-1172403.149,374.141,0.009
-443840.230,-1172403.480,374.134,0.006
-443840.100,-1172403.830,374.133,0.007
-443837.790,-1172409.850,374.142,0.008
-443833.050,-1172420.980,377.513,0.007
-443846.460,-1172387.210,374.261,0.009
-443846.180,-1172387.940,374.253,0.007
-443846.060,-1172388.260,374.261,0.009
-443845.800,-1172388.930,374.253,0.007
-443844.619,-1172391.999,374.212,0.008
-443845.459,-1172388.540,374.181,0.009
-443843.489,-1172393.680,374.241,0.009
-443842.710,-1172395.720,374.230,0.010
-443841.430,-1172399.060,374.240,0.010
-443839.760,-1172403.420,374.063,0.007
-443839.630,-1172403.760,374.073,0.007
-443838.720,-1172406.130,374.072,0.008
-443832.880,-1172421.150,377.564,0.006
-443848.440,-1172380.740,374.222,0.008
-443848.310,-1172381.110,374.211,0.009
-443848.400,-1172380.570,374.251,0.009
-443848.150,-1172381.240,374.270,0.010
-443847.750,-1172382.280,374.261,0.009
-443845.400,-1172388.420,374.232,0.008
-443842.670,-1172395.540,374.262,0.008
-443842.540,-1172395.880,374.270,0.010
-443842.139,-1172396.930,374.301,0.009
-443839.720,-1172403.250,374.123,0.007
-443839.590,-1172403.590,374.115,0.005
-443839.460,-1172403.940,374.122,0.008
-443838.960,-1172405.240,374.071,0.009
-443837.220,-1172408.390,374.101,0.009
-443848.620,-1172378.610,374.244,0.006
-443848.500,-1172378.930,374.222,0.008
-443847.990,-1172380.270,374.232,0.008
-443847.330,-1172381.990,374.202,0.008
-443847.200,-1172382.320,374.184,0.006
-443847.080,-1172382.650,374.235,0.005
-443846.940,-1172383.000,374.221,0.009
-443846.810,-1172383.350,374.211,0.009
-443845.760,-1172386.090,374.224,0.006
-443845.630,-1172386.420,374.211,0.009
-443845.500,-1172386.760,374.211,0.009
-443845.230,-1172387.470,374.222,0.008
-443844.980,-1172388.140,374.212,0.008
-443844.460,-1172389.480,374.202,0.008
-443844.340,-1172389.810,374.191,0.009
-443842.910,-1172393.530,374.245,0.005
-443842.780,-1172393.870,374.233,0.007
-443841.860,-1172396.260,374.244,0.006
-443841.730,-1172396.600,374.234,0.006
-443841.610,-1172396.930,374.256,0.004
-443841.470,-1172397.290,374.242,0.008
-443840.210,-1172400.590,374.132,0.008
-443839.690,-1172401.930,374.081,0.009
-443839.560,-1172402.270,374.085,0.005
-443839.050,-1172403.620,374.073,0.007
-443838.920,-1172403.940,374.051,0.009
-443838.790,-1172404.290,374.091,0.009
-443838.650,-1172404.650,374.061,0.009
-443838.520,-1172404.980,374.060,0.010
-443838.390,-1172405.340,374.063,0.007
-443838.260,-1172405.660,374.072,0.008
-443838.140,-1172405.991,374.060,0.010
-443838.450,-1172404.380,374.063,0.007
-443838.060,-1172405.380,374.115,0.005
-443837.930,-1172405.730,374.116,0.004
-443837.669,-1172406.420,374.091,0.009
-443837.519,-1172406.790,374.162,0.008
-443837.390,-1172407.130,374.132,0.008
-443835.130,-1172413.050,373.837,0.003
-443835.010,-1172413.360,373.784,0.006
-443848.280,-1172378.700,374.234,0.006
-443846.870,-1172382.380,374.233,0.007
-443846.730,-1172382.730,374.244,0.006
-443846.610,-1172383.060,374.233,0.007
-443846.460,-1172383.440,374.243,0.007
-443845.410,-1172386.180,374.235,0.005
-443845.290,-1172386.500,374.225,0.005
-443845.160,-1172386.860,374.272,0.008
-443845.030,-1172387.180,374.242,0.008
-443844.900,-1172387.530,374.260,0.010
-443844.640,-1172388.200,374.244,0.006
-443844.240,-1172389.250,374.253,0.007
-443844.110,-1172389.590,374.232,0.008
-443843.720,-1172390.600,374.243,0.007
-443843.590,-1172390.950,374.265,0.005
-443843.460,-1172391.280,374.262,0.008
-443843.340,-1172391.590,374.261,0.009
-443842.960,-1172392.600,374.275,0.005
-443842.820,-1172392.950,374.302,0.008
-443842.690,-1172393.290,374.275,0.005
-443842.570,-1172393.610,374.275,0.005
-443842.440,-1172393.950,374.267,0.003
-443842.300,-1172394.310,374.264,0.006
-443842.170,-1172394.650,374.272,0.008
-443842.050,-1172394.971,374.272,0.008
-443841.920,-1172395.320,374.280,0.010
-443841.640,-1172396.040,374.293,0.007
-443841.520,-1172396.360,374.265,0.005
-443841.010,-1172397.690,374.262,0.008
-443840.880,-1172398.040,374.254,0.006
-443840.740,-1172398.390,374.241,0.009
-443840.490,-1172399.060,374.262,0.008
-443837.000,-1172406.520,374.091,0.009
-443848.530,-1172376.400,374.193,0.007
-443848.400,-1172376.750,374.191,0.009
-443847.360,-1172379.470,374.203,0.007
-443847.089,-1172380.160,374.182,0.008
-443846.060,-1172382.860,374.181,0.009
-443845.670,-1172383.880,374.196,0.004
-443845.540,-1172384.210,374.216,0.004
-443845.280,-1172384.900,374.202,0.008
-443844.750,-1172386.280,374.223,0.007
-443844.620,-1172386.620,374.220,0.010
-443843.450,-1172389.680,374.202,0.008
-443841.630,-1172394.420,374.254,0.006
-443841.510,-1172394.740,374.224,0.006
-443841.370,-1172395.090,374.222,0.008
-443841.120,-1172395.760,374.241,0.009
-443840.450,-1172397.500,374.253,0.007
-443840.070,-1172398.500,374.232,0.008
-443839.940,-1172398.830,374.233,0.007
-443836.850,-1172406.420,374.130,0.010
-443836.730,-1172406.760,374.160,0.010
-443848.380,-1172376.300,374.263,0.007
-443848.260,-1172376.610,374.242,0.008
-443847.210,-1172379.360,374.240,0.010
-443847.070,-1172379.730,374.261,0.009
-443846.940,-1172380.070,374.241,0.009
-443846.810,-1172380.400,374.253,0.007
-443846.540,-1172381.110,374.241,0.009
-443845.890,-1172382.810,374.260,0.010
-443845.500,-1172383.820,374.252,0.008
-443845.390,-1172384.130,374.243,0.007
-443845.120,-1172384.831,374.251,0.009
-443844.470,-1172386.520,374.262,0.008
-443843.290,-1172389.610,374.251,0.009
-443841.220,-1172395.020,374.300,0.010
-443839.920,-1172398.410,374.301,0.009
-443839.790,-1172398.740,374.262,0.008
-443838.900,-1172401.070,374.113,0.007
-443847.860,-1172376.469,374.202,0.008
-443847.330,-1172377.830,374.216,0.004
-443846.280,-1172380.580,374.215,0.005
-443846.150,-1172380.930,374.223,0.007
-443845.760,-1172381.940,374.202,0.008
-443845.349,-1172383.010,374.230,0.010
-443844.450,-1172385.370,374.272,0.008
-443843.940,-1172386.690,374.233,0.007
-443843.810,-1172387.030,374.212,0.008
-443843.680,-1172387.380,374.224,0.006
-443843.160,-1172388.740,374.241,0.009
-443842.889,-1172389.440,374.253,0.007
-443842.759,-1172389.790,374.252,0.008
-443842.239,-1172391.160,374.254,0.006
-443842.110,-1172391.480,374.273,0.007
-443841.850,-1172392.161,374.221,0.009
-443841.060,-1172394.220,374.252,0.008
-443840.800,-1172394.900,374.260,0.010
-443840.680,-1172395.230,374.243,0.007
-443840.550,-1172395.560,374.275,0.005
-443840.300,-1172396.210,374.232,0.008
-443840.170,-1172396.550,374.261,0.009
-443840.050,-1172396.880,374.275,0.005
-443839.660,-1172397.890,374.252,0.008
-443839.530,-1172398.230,374.264,0.006
-443839.390,-1172398.590,374.270,0.010
-443838.129,-1172401.890,374.094,0.006
-443837.740,-1172402.910,374.073,0.007
-443837.600,-1172403.270,374.102,0.008
-443848.310,-1172374.700,374.261,0.009
-443847.680,-1172376.360,374.261,0.009
-443847.420,-1172377.050,374.253,0.007
-443847.290,-1172377.370,374.242,0.008
-443847.170,-1172377.690,374.242,0.008
-443847.030,-1172378.060,374.245,0.005
-443846.900,-1172378.400,374.252,0.008
-443846.380,-1172379.760,374.251,0.009
-443846.110,-1172380.450,374.232,0.008
-443845.980,-1172380.810,374.244,0.006
-443845.319,-1172382.510,374.271,0.009
-443844.800,-1172383.880,374.242,0.008
-443844.660,-1172384.250,374.271,0.009
-443843.760,-1172386.610,374.271,0.009
-443843.630,-1172386.950,374.301,0.009
-443843.500,-1172387.270,374.273,0.007
-443843.370,-1172387.610,374.262,0.008
-443843.250,-1172387.940,374.274,0.006
-443843.120,-1172388.290,374.283,0.007
-443842.990,-1172388.630,374.243,0.007
-443842.860,-1172388.960,374.291,0.009
-443842.730,-1172389.310,374.283,0.007
-443842.590,-1172389.660,374.282,0.008
-443842.460,-1172389.990,374.303,0.007
-443842.200,-1172390.670,374.280,0.010
-443842.070,-1172391.020,374.282,0.008
-443841.940,-1172391.350,374.273,0.007
-443840.630,-1172394.780,374.300,0.010
-443840.500,-1172395.110,374.273,0.007
-443840.370,-1172395.450,374.322,0.008
-443840.240,-1172395.810,374.297,0.003
-443840.120,-1172396.130,374.292,0.008
-443839.860,-1172396.790,374.274,0.006
-443839.350,-1172398.130,374.283,0.007
-443837.299,-1172403.480,374.161,0.009
-443847.170,-1172376.070,374.184,0.006
-443846.660,-1172377.410,374.175,0.005
-443846.280,-1172378.410,374.181,0.009
-443846.020,-1172379.080,374.195,0.005
-443844.050,-1172384.230,374.241,0.009
-443842.360,-1172388.630,374.222,0.008
-443842.220,-1172389.010,374.263,0.007
-443842.100,-1172389.320,374.232,0.008
-443841.840,-1172390.000,374.251,0.009
-443841.720,-1172390.330,374.243,0.007
-443841.580,-1172390.670,374.244,0.006
-443841.320,-1172391.360,374.251,0.009
-443841.190,-1172391.700,374.241,0.009
-443839.500,-1172396.120,374.231,0.009
-443839.350,-1172396.500,374.265,0.005
-443839.240,-1172396.810,374.255,0.005
-443838.980,-1172397.490,374.251,0.009
-443838.840,-1172397.850,374.272,0.008
-443838.340,-1172399.150,374.285,0.005
-443837.450,-1172401.480,374.115,0.005
-443837.330,-1172401.800,374.133,0.007
-443836.930,-1172402.820,374.122,0.008
-443836.800,-1172403.169,374.131,0.009
-443836.160,-1172404.830,374.134,0.006
-443848.230,-1172373.300,374.221,0.009
-443847.960,-1172374.020,374.234,0.006
-443847.260,-1172375.210,374.212,0.008
-443847.130,-1172375.550,374.195,0.005
-443846.460,-1172377.290,374.222,0.008
-443846.200,-1172377.970,374.233,0.007
-443846.070,-1172378.330,374.222,0.008
-443845.940,-1172378.650,374.203,0.007
-443845.690,-1172379.310,374.240,0.010
-443843.720,-1172384.450,374.221,0.009
-443842.810,-1172386.830,374.284,0.006
-443842.160,-1172388.540,374.262,0.008
-443842.020,-1172388.890,374.293,0.007
-443841.900,-1172389.220,374.281,0.009
-443841.640,-1172389.880,374.272,0.008
-443841.520,-1172390.210,374.273,0.007
-443841.390,-1172390.540,374.272,0.008
-443841.260,-1172390.870,374.280,0.010
-443841.130,-1172391.230,374.294,0.006
-443840.999,-1172391.560,374.293,0.007
-443840.879,-1172391.890,374.290,0.010
-443840.220,-1172393.590,374.283,0.007
-443839.180,-1172396.320,374.285,0.005
-443839.050,-1172396.660,374.294,0.006
-443838.930,-1172396.980,374.296,0.004
-443838.790,-1172397.340,374.292,0.008
-443838.650,-1172397.690,374.296,0.005
-443838.530,-1172398.020,374.244,0.006
-443838.399,-1172398.359,374.301,0.009
-443837.269,-1172401.320,374.141,0.009
-443836.500,-1172403.330,374.140,0.010
-443829.460,-1172420.140,377.544,0.006
-443848.170,-1172372.830,374.251,0.009
-443848.250,-1172371.000,374.210,0.010
-443847.080,-1172374.060,374.161,0.009
-443846.160,-1172376.460,374.141,0.009
-443845.900,-1172377.140,374.150,0.010
-443845.760,-1172377.510,374.141,0.009
-443843.160,-1172384.300,374.200,0.010
-443842.490,-1172386.040,374.211,0.009
-443842.360,-1172386.380,374.225,0.005
-443841.440,-1172388.790,374.231,0.009
-443841.320,-1172389.110,374.222,0.008
-443840.800,-1172390.460,374.223,0.007
-443840.420,-1172391.460,374.232,0.008
-443840.290,-1172391.800,374.222,0.008
-443839.380,-1172394.170,374.253,0.007
-443839.260,-1172394.500,374.273,0.007
-443839.130,-1172394.830,374.242,0.008
-443838.220,-1172397.200,374.241,0.009
-443838.080,-1172397.560,374.210,0.010
-443837.700,-1172398.570,374.220,0.010
-443837.560,-1172398.920,374.211,0.009
-443839.400,-1172393.220,374.280,0.010
-443839.020,-1172394.230,374.284,0.006
-443838.890,-1172394.570,374.281,0.009
-443837.710,-1172397.660,374.264,0.006
-443837.580,-1172398.000,374.283,0.007
-443837.450,-1172398.320,374.286,0.004
-443837.329,-1172398.660,374.285,0.005
-443837.200,-1172398.990,374.292,0.008
-443829.329,-1172419.590,377.641,0.009
-443847.860,-1172371.120,374.232,0.008
-443846.310,-1172375.170,374.212,0.008
-443846.180,-1172375.510,374.210,0.010
-443845.910,-1172376.220,374.211,0.009
-443845.380,-1172377.590,374.210,0.010
-443845.130,-1172378.250,374.180,0.010
-443844.330,-1172380.340,374.214,0.006
-443844.200,-1172380.690,374.223,0.007
-443843.169,-1172383.380,374.240,0.010
-443843.040,-1172383.720,374.252,0.008
-443842.780,-1172384.390,374.262,0.008
-443842.260,-1172385.760,374.291,0.009
-443842.130,-1172386.110,374.264,0.006
-443841.990,-1172386.460,374.281,0.009
-443841.720,-1172387.170,374.292,0.008
-443841.580,-1172387.520,374.291,0.009
-443841.080,-1172388.850,374.270,0.010
-443840.820,-1172389.530,374.293,0.007
-443840.690,-1172389.870,374.270,0.010
-443840.290,-1172390.900,374.310,0.010
-443840.160,-1172391.250,374.292,0.008
-443840.030,-1172391.580,374.291,0.009
-443839.650,-1172392.590,374.282,0.008
-443839.530,-1172392.900,374.282,0.008
-443843.260,-1172381.420,374.191,0.009
-443843.130,-1172381.770,374.201,0.009
-443842.600,-1172383.140,374.220,0.010
-443842.220,-1172384.130,374.212,0.008
-443841.970,-1172384.800,374.220,0.010
-443840.800,-1172387.850,374.244,0.006
-443840.660,-1172388.210,374.263,0.007
-443840.140,-1172389.580,374.251,0.009
-443840.020,-1172389.890,374.245,0.005
-443839.890,-1172390.240,374.252,0.008
-443839.750,-1172390.590,374.261,0.009
-443839.620,-1172390.930,374.272,0.008
-443838.840,-1172392.990,374.241,0.009
-443838.460,-1172393.970,374.240,0.010
-443836.920,-1172398.000,374.252,0.008
-443836.520,-1172399.040,374.241,0.009
-443846.660,-1172372.540,374.171,0.009
-443845.760,-1172374.870,374.171,0.009
-443845.370,-1172375.910,374.184,0.006
-443845.240,-1172376.260,374.153,0.007
-443844.180,-1172379.020,374.185,0.005
-443844.050,-1172379.350,374.193,0.007
-443843.800,-1172380.020,374.173,0.007
-443843.650,-1172380.390,374.181,0.009
-443846.470,-1172372.450,374.241,0.009
-443846.220,-1172373.120,374.210,0.010
-443845.190,-1172375.800,374.185,0.005
-443844.920,-1172376.500,374.203,0.007
-443843.470,-1172380.300,374.251,0.009
-443841.640,-1172385.080,374.300,0.010
-443840.490,-1172388.110,374.300,0.010
-443840.230,-1172388.780,374.291,0.009
-443837.750,-1172395.280,374.281,0.009
-443842.480,-1172381.300,374.194,0.006
-443842.340,-1172381.670,374.261,0.009
-443842.230,-1172381.950,374.193,0.007
-443842.100,-1172382.300,374.234,0.006
-443841.970,-1172382.650,374.231,0.009
-443841.440,-1172384.030,374.221,0.009
-443841.300,-1172384.390,374.231,0.009
-443841.040,-1172385.060,374.271,0.009
-443840.910,-1172385.400,374.263,0.007
-443840.779,-1172385.740,374.231,0.009
-443839.760,-1172388.420,374.252,0.008
-443839.630,-1172388.750,374.271,0.009
-443839.500,-1172389.100,374.261,0.009
-443839.359,-1172389.460,374.283,0.007
-443839.240,-1172389.780,374.282,0.008
-443838.580,-1172391.510,374.273,0.007
-443838.440,-1172391.860,374.250,0.010
-443838.320,-1172392.190,374.271,0.009
-443838.200,-1172392.510,374.254,0.006
-443838.070,-1172392.830,374.221,0.009
-443837.930,-1172393.190,374.240,0.010
-443837.810,-1172393.520,374.252,0.008
-443837.680,-1172393.860,374.251,0.009
-443837.540,-1172394.210,374.242,0.008
-443837.410,-1172394.550,374.233,0.007
-443837.150,-1172395.240,374.271,0.009
-443836.890,-1172395.910,374.255,0.005
-443836.760,-1172396.260,374.273,0.007
-443836.630,-1172396.600,374.272,0.008
-443836.510,-1172396.920,374.262,0.008
-443836.380,-1172397.240,374.261,0.009
-443834.750,-1172401.500,373.860,0.010
-443834.620,-1172401.850,373.882,0.008
-443836.230,-1172396.860,374.303,0.007
-443836.100,-1172397.210,374.331,0.009
-443846.279,-1172371.390,374.210,0.010
-443845.489,-1172373.440,374.183,0.007
-443844.970,-1172374.810,374.192,0.008
-443844.830,-1172375.160,374.160,0.010
-443844.700,-1172375.500,374.191,0.009
-443844.580,-1172375.820,374.181,0.009
-443844.450,-1172376.150,374.181,0.009
-443844.189,-1172376.830,374.142,0.008
-443843.270,-1172379.230,374.192,0.008
-443843.150,-1172379.550,374.205,0.005
-443843.020,-1172379.880,374.173,0.007
-443842.890,-1172380.240,374.181,0.009
-443842.750,-1172380.600,374.201,0.009
-443845.870,-1172371.660,374.271,0.009
-443845.740,-1172372.000,374.251,0.009
-443845.220,-1172373.360,374.261,0.009
-443844.950,-1172374.060,374.232,0.008
-443844.820,-1172374.390,374.251,0.009
-443844.300,-1172375.770,374.240,0.010
-443844.160,-1172376.120,374.233,0.007
-443844.040,-1172376.450,374.210,0.010
-443843.790,-1172377.110,374.191,0.009
-443842.620,-1172380.170,374.202,0.008
-443842.480,-1172380.520,374.202,0.008
-443841.170,-1172383.940,374.272,0.008
-443840.380,-1172386.020,374.301,0.009
-443839.480,-1172388.360,374.302,0.008
-443838.710,-1172390.380,374.291,0.009
-443838.050,-1172392.090,374.311,0.009
-443837.920,-1172392.430,374.300,0.010
-443837.530,-1172393.470,374.292,0.008
-443837.400,-1172393.800,374.311,0.009
-443840.400,-1172384.170,374.244,0.006
-443840.260,-1172384.530,374.254,0.006
-443839.739,-1172385.880,374.271,0.009
-443839.610,-1172386.230,374.264,0.006
-443839.490,-1172386.550,374.264,0.006
-443839.360,-1172386.900,374.274,0.006
-443839.219,-1172387.260,374.263,0.007
-443839.090,-1172387.590,374.252,0.008
-443838.070,-1172390.260,374.274,0.006
-443837.680,-1172391.270,374.261,0.009
-443837.040,-1172392.960,374.263,0.007
-443836.910,-1172393.300,374.265,0.005
-443835.989,-1172395.690,374.261,0.009
-443837.960,-1172389.940,374.322,0.008
-443837.460,-1172391.260,374.303,0.007
-443837.340,-1172391.570,374.274,0.006
-443836.690,-1172393.270,374.293,0.007
-443845.369,-1172371.190,374.251,0.009
-443845.230,-1172371.540,374.233,0.007
-443845.100,-1172371.870,374.204,0.006
-443844.980,-1172372.200,374.211,0.009
-443844.710,-1172372.890,374.213,0.007
-443844.050,-1172374.620,374.202,0.008
-443843.930,-1172374.930,374.183,0.007
-443843.800,-1172375.290,374.201,0.009
-443844.760,-1172372.160,374.252,0.008
-443844.500,-1172372.840,374.244,0.006
-443843.840,-1172374.570,374.261,0.009
-443843.720,-1172374.890,374.224,0.006
-443843.580,-1172375.230,374.193,0.007
-443843.450,-1172375.590,374.203,0.007
-443843.200,-1172376.250,374.191,0.009
-443839.530,-1172385.850,374.324,0.006
-443839.400,-1172386.180,374.294,0.006
-443839.280,-1172386.500,374.312,0.008
-443839.150,-1172386.840,374.283,0.007
-443838.750,-1172387.870,374.320,0.010
-443843.080,-1172375.030,374.213,0.007
-443842.960,-1172375.350,374.203,0.007
-443842.830,-1172375.670,374.172,0.008
-443842.290,-1172377.080,374.181,0.009
-443841.340,-1172379.610,377.481,0.009
-443841.070,-1172380.300,377.512,0.008
-443840.280,-1172382.370,377.505,0.005
-443840.160,-1172382.690,377.505,0.005
-443839.899,-1172383.370,377.494,0.006
-443839.779,-1172383.680,377.451,0.009
-443839.530,-1172384.340,377.491,0.009
-443839.390,-1172384.700,377.481,0.009
-443838.780,-1172386.270,374.272,0.008
-443838.650,-1172386.610,374.262,0.008
-443838.520,-1172386.950,374.292,0.008
-443838.250,-1172387.670,374.281,0.009
-443838.110,-1172388.020,374.292,0.008
-443837.990,-1172388.340,374.292,0.008
-443837.860,-1172388.680,374.293,0.007
-443837.730,-1172389.000,374.312,0.008
-443837.470,-1172389.700,374.281,0.009
-443837.340,-1172390.030,374.283,0.007
-443837.220,-1172390.360,374.264,0.006
-443837.080,-1172390.720,374.283,0.007
-443836.950,-1172391.070,374.244,0.006
-443836.820,-1172391.400,374.275,0.005
-443836.690,-1172391.740,374.251,0.009
-443836.309,-1172392.740,374.254,0.006
-443836.049,-1172393.400,374.253,0.007
-443835.930,-1172393.730,374.281,0.009
-443834.700,-1172396.950,373.835,0.005
-443838.990,-1172384.830,377.523,0.007
-443838.500,-1172386.060,374.333,0.007
-443838.250,-1172386.720,374.322,0.008
-443838.120,-1172387.070,374.313,0.007
-443837.990,-1172387.410,374.321,0.009
-443837.600,-1172388.440,374.313,0.007
-443837.080,-1172389.800,374.280,0.010
-443836.950,-1172390.130,374.302,0.008
-443836.690,-1172390.810,374.291,0.009
-443836.560,-1172391.150,374.286,0.004
-443836.300,-1172391.830,374.294,0.006
-443836.160,-1172392.190,374.320,0.010
-443835.779,-1172393.200,374.293,0.007
-443835.650,-1172393.540,374.285,0.005
-443834.690,-1172396.040,373.836,0.004
-443844.250,-1172371.970,374.235,0.005
-443844.120,-1172372.300,374.214,0.006
-443844.000,-1172372.620,374.210,0.010
-443843.860,-1172372.970,374.212,0.008
-443843.739,-1172373.310,374.191,0.009
-443834.480,-1172394.700,373.812,0.008
-443844.100,-1172371.410,374.253,0.007
-443843.980,-1172371.750,374.275,0.005
-443843.840,-1172372.100,374.234,0.006
-443843.720,-1172372.430,374.244,0.006
-443843.580,-1172372.780,374.245,0.005
-443842.560,-1172375.440,374.192,0.008
-443842.029,-1172376.820,374.220,0.010
-443841.909,-1172377.140,374.163,0.007
-443840.930,-1172379.750,377.551,0.009
-443840.810,-1172380.070,377.530,0.010
-443839.900,-1172382.450,377.524,0.006
-443839.760,-1172382.800,377.531,0.009
-443839.630,-1172383.140,377.501,0.009
-443839.370,-1172383.820,377.515,0.005
-443839.250,-1172384.140,377.515,0.005
-443843.400,-1172371.380,374.233,0.007
-443843.150,-1172372.050,374.211,0.009
-443843.010,-1172372.390,374.192,0.008
-443842.880,-1172372.750,374.201,0.009
-443841.980,-1172375.100,374.151,0.009
-443841.849,-1172375.440,374.131,0.009
-443841.590,-1172376.119,374.152,0.008
-443839.980,-1172380.370,377.491,0.009
-443839.850,-1172380.700,377.486,0.004
-443839.720,-1172381.050,377.473,0.007
-443839.190,-1172382.410,377.500,0.010
-443839.070,-1172382.730,377.461,0.009
-443838.940,-1172383.080,377.506,0.004
-443838.810,-1172383.430,377.484,0.006
-443838.680,-1172383.770,377.493,0.007
-443838.540,-1172384.120,377.512,0.008
-443837.540,-1172386.710,374.273,0.007
-443837.150,-1172387.720,374.292,0.008
-443837.030,-1172388.040,374.273,0.007
-443836.900,-1172388.390,374.303,0.007
-443836.760,-1172388.740,374.282,0.008
-443836.630,-1172389.090,374.291,0.009
-443836.510,-1172389.400,374.283,0.007
-443836.380,-1172389.750,374.291,0.009
-443836.110,-1172390.460,374.282,0.008
-443843.080,-1172371.410,374.262,0.008
-443842.690,-1172372.410,374.263,0.007
-443842.170,-1172373.790,374.232,0.008
-443841.259,-1172376.170,374.171,0.009
-443841.130,-1172376.500,374.194,0.006
-443841.010,-1172376.820,374.212,0.008
-443839.530,-1172380.720,377.533,0.007
-443839.400,-1172381.050,377.493,0.007
-443838.870,-1172382.440,377.512,0.008
-443838.740,-1172382.780,377.523,0.007
-443838.610,-1172383.110,377.521,0.009
-443838.350,-1172383.800,377.525,0.005
-443838.230,-1172384.120,377.554,0.006
-443838.100,-1172384.460,377.513,0.007
-443837.960,-1172384.820,377.524,0.006
-443837.830,-1172385.160,377.564,0.006
-443837.210,-1172386.750,374.322,0.008
-443837.090,-1172387.070,374.304,0.006
-443836.960,-1172387.410,374.302,0.008
-443836.580,-1172388.410,374.312,0.008
-443836.310,-1172389.100,374.323,0.007
-443836.190,-1172389.420,374.323,0.007
-443836.060,-1172389.770,374.331,0.009
-443834.550,-1172393.700,373.852,0.008
-443839.210,-1172380.030,377.491,0.009
-443839.080,-1172380.370,377.521,0.009
-443838.050,-1172383.070,377.502,0.008
-443837.920,-1172383.420,377.502,0.008
-443837.520,-1172384.470,377.514,0.006
-443837.390,-1172384.800,377.524,0.006
-443836.900,-1172386.050,374.287,0.003
-443836.380,-1172387.410,374.283,0.007
-443836.240,-1172387.770,374.295,0.005
-443836.120,-1172388.100,374.282,0.008
-443835.739,-1172389.080,374.311,0.009
-443837.060,-1172385.020,377.573,0.007
-443836.710,-1172385.920,374.337,0.003
-443836.570,-1172386.270,374.317,0.003
-443836.180,-1172387.300,374.336,0.004
-443836.050,-1172387.650,374.326,0.004
-443835.920,-1172387.990,374.315,0.005
-443835.659,-1172388.670,374.343,0.007
-443842.520,-1172371.360,374.230,0.010
-443842.390,-1172371.690,374.215,0.005
-443842.120,-1172372.410,374.213,0.007
-443841.980,-1172372.750,374.200,0.010
-443841.740,-1172373.400,374.201,0.009
-443841.340,-1172374.430,374.183,0.007
-443841.220,-1172374.750,374.173,0.007
-443840.950,-1172375.470,374.183,0.007
-443840.430,-1172376.820,374.151,0.009
-443835.739,-1172386.860,374.292,0.008
-443835.620,-1172387.180,374.305,0.005
-443835.490,-1172387.520,374.306,0.004
-443834.230,-1172390.790,373.866,0.004
-443834.120,-1172391.100,373.846,0.004
-443842.190,-1172371.570,374.264,0.006
-443842.060,-1172371.920,374.246,0.004
-443841.799,-1172372.590,374.262,0.008
-443841.670,-1172372.930,374.232,0.008
-443841.530,-1172373.300,374.253,0.007
-443841.269,-1172373.980,374.221,0.009
-443841.140,-1172374.330,374.224,0.006
-443841.010,-1172374.650,374.194,0.006
-443840.620,-1172375.670,374.213,0.007
-443840.490,-1172376.030,374.213,0.007
-443840.230,-1172376.690,374.202,0.008
-443839.139,-1172379.600,377.542,0.008
-443839.000,-1172379.950,377.534,0.006
-443838.630,-1172380.930,377.534,0.006
-443837.980,-1172382.620,377.543,0.007
-443837.860,-1172382.940,377.522,0.008
-443837.720,-1172383.310,377.553,0.007
-443837.590,-1172383.660,377.534,0.006
-443837.330,-1172384.320,377.571,0.009
-443837.200,-1172384.660,377.582,0.008
-443841.600,-1172371.500,374.223,0.007
-443841.470,-1172371.840,374.262,0.008
-443841.350,-1172372.160,374.233,0.007
-443841.230,-1172372.500,374.204,0.006
-443841.090,-1172372.840,374.203,0.007
-443840.960,-1172373.190,374.204,0.006
-443840.830,-1172373.530,374.201,0.009
-443840.700,-1172373.870,374.205,0.005
-443840.580,-1172374.200,374.194,0.006
-443840.170,-1172375.250,374.181,0.009
-443840.040,-1172375.610,374.170,0.010
-443839.910,-1172375.950,374.214,0.006
-443838.820,-1172378.829,377.530,0.010
-443838.300,-1172380.200,377.513,0.007
-443837.909,-1172381.210,377.531,0.009
-443836.890,-1172383.870,377.522,0.008
-443836.750,-1172384.240,377.535,0.005
-443836.130,-1172385.830,374.295,0.005
-443836.000,-1172386.180,374.313,0.007
-443834.620,-1172387.800,373.823,0.007
-443834.480,-1172388.160,373.820,0.010
-443834.350,-1172388.510,373.851,0.009
-443834.210,-1172388.870,373.874,0.006
-443834.080,-1172389.220,373.856,0.004
-443841.390,-1172371.580,374.262,0.008
-443841.020,-1172372.550,374.254,0.006
-443840.510,-1172373.890,374.232,0.008
-443840.380,-1172374.230,374.232,0.008
-443839.980,-1172375.270,374.240,0.010
-443839.860,-1172375.580,374.232,0.008
-443839.730,-1172375.920,374.234,0.006
-443838.110,-1172380.190,377.543,0.007
-443836.680,-1172383.940,377.563,0.007
-443836.550,-1172384.280,377.592,0.008
-443836.430,-1172384.600,377.603,0.007
-443836.300,-1172384.950,377.571,0.009
-443835.940,-1172385.850,374.345,0.005
-443835.809,-1172386.190,374.352,0.008
-443834.470,-1172387.320,373.884,0.006
-443834.340,-1172387.660,373.883,0.007
-443834.210,-1172388.000,373.875,0.005
-443834.070,-1172388.350,373.864,0.006
-443833.950,-1172388.680,373.856,0.004
-443840.790,-1172371.660,374.225,0.005
-443840.660,-1172371.990,374.226,0.004
-443840.530,-1172372.320,374.235,0.005
-443840.400,-1172372.680,374.203,0.007
-443840.270,-1172373.000,374.204,0.006
-443840.150,-1172373.330,374.197,0.003
-443840.020,-1172373.660,374.205,0.005
-443839.900,-1172373.990,374.161,0.009
-443839.640,-1172374.660,374.182,0.008
-443839.510,-1172375.000,374.215,0.005
-443839.370,-1172375.360,374.191,0.009
-443839.250,-1172375.680,374.170,0.010
-443839.110,-1172376.050,374.243,0.007
-443838.980,-1172376.390,374.215,0.005
-443838.850,-1172376.720,374.213,0.007
-443838.730,-1172377.040,374.182,0.008
-443837.890,-1172379.280,377.500,0.010
-443837.759,-1172379.630,377.522,0.008
-443837.629,-1172379.960,377.501,0.009
-443836.450,-1172383.030,377.530,0.010
-443836.330,-1172383.360,377.554,0.006
-443836.080,-1172384.030,377.500,0.010
-443835.930,-1172384.400,377.571,0.009
-443835.810,-1172384.720,377.551,0.009
-443834.270,-1172386.050,373.856,0.004
-443840.650,-1172371.140,374.265,0.005
-443840.510,-1172371.500,374.275,0.005
-443840.390,-1172371.820,374.274,0.006
-443840.260,-1172372.160,374.261,0.009
-443839.990,-1172372.870,374.244,0.006
-443839.870,-1172373.190,374.224,0.006
-443839.730,-1172373.550,374.225,0.005
-443839.340,-1172374.560,374.253,0.007
-443839.210,-1172374.900,374.253,0.007
-443839.079,-1172375.240,374.263,0.008
-443838.700,-1172376.240,374.254,0.006
-443838.570,-1172376.570,374.254,0.006
-443838.440,-1172376.910,374.234,0.006
-443837.490,-1172379.450,377.544,0.006
-443836.180,-1172382.870,377.572,0.008
-443836.050,-1172383.210,377.571,0.009
-443835.930,-1172383.540,377.572,0.008
-443835.660,-1172384.250,377.584,0.006
-443835.520,-1172384.590,377.594,0.006
-443834.120,-1172385.890,373.874,0.006
-443839.689,-1172371.880,374.242,0.008
-443839.569,-1172372.190,374.222,0.008
-443839.439,-1172372.540,374.212,0.008
-443839.300,-1172372.890,374.191,0.009
-443838.910,-1172373.920,374.191,0.009
-443838.650,-1172374.610,374.212,0.008
-443838.510,-1172374.950,374.214,0.006
-443838.380,-1172375.300,374.220,0.010
-443838.000,-1172376.300,374.222,0.008
-443837.870,-1172376.630,374.210,0.010
-443836.440,-1172380.370,374.222,0.008
-443835.480,-1172382.930,377.544,0.006
-443835.360,-1172383.250,377.533,0.007
-443835.109,-1172383.911,377.560,0.010
-443835.800,-1172380.200,374.277,0.003
-443839.670,-1172371.370,374.272,0.008
-443839.530,-1172371.720,374.292,0.008
-443839.400,-1172372.060,374.292,0.008
-443839.270,-1172372.410,374.284,0.006
-443839.130,-1172372.780,374.254,0.006
-443838.760,-1172373.740,374.253,0.007
-443838.620,-1172374.120,374.274,0.006
-443838.490,-1172374.460,374.283,0.007
-443838.360,-1172374.790,374.277,0.003
-443838.230,-1172375.130,374.253,0.007
-443838.090,-1172375.510,374.271,0.009
-443837.959,-1172375.850,374.292,0.008
-443837.830,-1172376.180,374.284,0.006
-443837.690,-1172376.540,374.294,0.006
-443837.569,-1172376.870,374.281,0.009
-443837.450,-1172377.180,374.251,0.009
-443837.310,-1172377.540,374.312,0.008
-443837.180,-1172377.891,374.311,0.009
-443837.050,-1172378.210,374.292,0.008
-443836.670,-1172379.221,374.311,0.009
-443836.550,-1172379.540,374.332,0.008
-443835.340,-1172382.740,377.574,0.006
-443835.210,-1172383.070,377.554,0.006
-443835.079,-1172383.420,377.573,0.007
-443837.690,-1172374.750,374.274,0.006
-443837.550,-1172375.100,374.285,0.005
-443837.420,-1172375.440,374.256,0.004
-443837.280,-1172375.800,374.302,0.008
-443837.160,-1172376.130,374.303,0.007
-443837.040,-1172376.450,374.284,0.006
-443836.640,-1172377.500,374.311,0.009
-443836.510,-1172377.830,374.302,0.008
-443836.380,-1172378.180,374.321,0.009
-443836.250,-1172378.520,374.312,0.008
-443835.850,-1172379.570,374.342,0.008
-443835.720,-1172379.890,374.315,0.005
-443835.590,-1172380.250,374.295,0.005
-443834.020,-1172384.400,377.612,0.008
-443839.050,-1172371.680,374.251,0.009
-443838.800,-1172372.350,374.263,0.007
-443838.540,-1172373.040,374.242,0.008
-443838.270,-1172373.730,374.221,0.009
-443838.140,-1172374.080,374.222,0.008
-443837.880,-1172374.770,374.243,0.007
-443837.740,-1172375.110,374.234,0.006
-443837.610,-1172375.450,374.257,0.003
-443837.490,-1172375.780,374.243,0.007
-443837.360,-1172376.130,374.243,0.007
-443836.960,-1172377.170,374.243,0.007
-443836.690,-1172377.860,374.265,0.005
-443836.560,-1172378.220,374.261,0.009
-443836.440,-1172378.530,374.284,0.006
-443836.180,-1172379.220,374.271,0.009
-443838.370,-1172371.390,374.263,0.007
-443838.239,-1172371.729,374.270,0.010
-443838.110,-1172372.060,374.231,0.009
-443837.990,-1172372.380,374.222,0.008
-443837.870,-1172372.700,374.233,0.007
-443837.600,-1172373.400,374.246,0.004
-443837.480,-1172373.730,374.244,0.006
-443837.350,-1172374.060,374.243,0.007
-443837.220,-1172374.410,374.235,0.005
-443836.829,-1172375.420,374.231,0.009
-443836.700,-1172375.770,374.244,0.006
-443836.560,-1172376.130,374.263,0.007
-443836.430,-1172376.460,374.254,0.006
-443836.160,-1172377.180,374.241,0.009
-443833.780,-1172383.440,377.570,0.010
-443833.660,-1172383.760,377.563,0.007
-443833.530,-1172384.100,377.582,0.008
-443833.149,-1172385.090,377.551,0.009
-443838.990,-1172371.340,374.322,0.008
-443838.080,-1172373.710,374.294,0.006
-443837.950,-1172374.050,374.281,0.009
-443837.740,-1172372.490,374.271,0.009
-443837.620,-1172372.810,374.273,0.007
-443837.480,-1172373.170,374.245,0.005
-443837.350,-1172373.510,374.265,0.005
-443837.230,-1172373.830,374.285,0.005
-443837.100,-1172374.160,374.285,0.005
-443836.970,-1172374.500,374.264,0.006
-443836.709,-1172375.180,374.281,0.009
-443836.589,-1172375.510,374.294,0.006
-443836.450,-1172375.860,374.262,0.008
-443836.320,-1172376.200,374.313,0.007
-443836.189,-1172376.539,374.283,0.007
-443835.930,-1172377.240,374.313,0.007
-443833.670,-1172383.180,377.580,0.010
-443833.540,-1172383.530,377.581,0.009
-443833.410,-1172383.860,377.612,0.008
-443833.280,-1172384.200,377.604,0.006
-443840.330,-1172366.220,370.393,0.007
-443837.360,-1172371.920,374.223,0.007
-443836.970,-1172372.950,374.224,0.006
-443836.840,-1172373.300,374.221,0.009
-443836.569,-1172373.990,374.230,0.010
-443836.449,-1172374.320,374.221,0.009
-443836.310,-1172374.680,374.232,0.008
-443836.180,-1172375.020,374.243,0.007
-443835.929,-1172375.670,374.251,0.009
-443835.810,-1172376.000,374.243,0.007
-443840.489,-1172365.240,370.412,0.008
-443840.100,-1172366.280,370.432,0.008
-443837.309,-1172371.289,374.291,0.010
-443837.050,-1172371.970,374.283,0.007
-443836.919,-1172372.310,374.281,0.009
-443836.799,-1172372.630,374.281,0.009
-443836.660,-1172372.980,374.265,0.005
-443836.530,-1172373.330,374.273,0.007
-443836.400,-1172373.670,374.312,0.008
-443836.260,-1172374.020,374.320,0.010
-443836.130,-1172374.370,374.291,0.009
-443835.990,-1172374.730,374.294,0.006
-443835.610,-1172375.740,374.322,0.008
-443835.469,-1172376.100,374.341,0.009
-443835.349,-1172376.420,374.321,0.009
-443834.250,-1172379.290,373.853,0.007
-443832.979,-1172382.660,377.622,0.008
-443832.849,-1172383.010,377.620,0.010
-443832.709,-1172383.370,377.613,0.007
-443832.469,-1172384.010,377.612,0.008
-443832.340,-1172384.340,377.641,0.009
-443832.200,-1172384.700,377.631,0.009
-443832.070,-1172385.040,377.623,0.007
-443840.100,-1172364.700,370.391,0.009
-443836.449,-1172371.900,374.250,0.010
-443836.170,-1172372.630,374.261,0.009
-443835.649,-1172373.990,374.262,0.008
-443835.529,-1172374.310,374.242,0.008
-443835.390,-1172374.660,374.273,0.007
-443831.719,-1172384.320,377.591,0.009
-443840.559,-1172362.720,370.421,0.009
-443839.899,-1172364.440,370.430,0.010
-443832.270,-1172382.390,377.624,0.006
-443832.129,-1172382.740,377.660,0.010
-443831.759,-1172383.729,377.621,0.009
-443831.490,-1172384.410,377.642,0.008
-443840.230,-1172361.960,370.371,0.009
-443840.099,-1172362.300,370.383,0.007
-443831.360,-1172383.170,377.591,0.009
-443831.229,-1172383.510,377.591,0.009
-443840.789,-1172359.980,370.402,0.008
-443840.649,-1172360.330,370.432,0.008
-443840.509,-1172360.700,370.433,0.007
-443840.129,-1172361.700,370.412,0.008
-443839.989,-1172362.070,370.402,0.008
-443838.640,-1172365.620,370.722,0.008
-443836.339,-1172371.670,374.274,0.006
-443836.220,-1172372.000,374.332,0.008
-443836.080,-1172372.360,374.292,0.008
-443835.939,-1172372.720,374.300,0.010
-443835.819,-1172373.040,374.322,0.008
-443835.700,-1172373.360,374.321,0.009
-443835.560,-1172373.730,374.312,0.008
-443835.419,-1172374.080,374.321,0.009
-443835.289,-1172374.420,374.303,0.008
-443840.249,-1172359.800,370.381,0.009
-443840.120,-1172360.120,370.385,0.005
-443839.860,-1172360.830,370.434,0.006
-443838.510,-1172364.370,370.633,0.007
-443838.380,-1172364.700,370.633,0.007
-443838.120,-1172365.380,370.673,0.007
-443837.850,-1172366.090,370.682,0.008
-443835.690,-1172371.800,374.251,0.009
-443835.560,-1172372.130,374.251,0.009
-443835.429,-1172372.470,374.272,0.008
-443835.290,-1172372.830,374.292,0.008
-443834.300,-1172375.420,373.842,0.008
-443834.160,-1172375.780,373.882,0.008
-443840.269,-1172358.920,370.472,0.008
-443839.760,-1172360.240,370.392,0.008
-443838.290,-1172364.110,370.693,0.007
-443838.150,-1172364.460,370.695,0.005
-443838.010,-1172364.840,370.722,0.008
-443837.880,-1172365.180,370.733,0.007
-443837.750,-1172365.530,370.710,0.010
-443837.610,-1172365.900,370.744,0.006
-443837.480,-1172366.230,370.711,0.009
-443835.310,-1172371.960,374.334,0.006
-443835.180,-1172372.310,374.353,0.007
-443833.959,-1172375.500,373.842,0.008
-443833.829,-1172375.850,373.871,0.009
-443830.989,-1172383.320,377.661,0.010
-443830.860,-1172383.660,377.652,0.008
-443830.489,-1172384.640,377.660,0.010
-443830.350,-1172385.000,377.644,0.006
-443830.230,-1172385.310,377.654,0.006
-443830.280,-1172383.370,377.581,0.009
-443830.010,-1172384.060,377.600,0.010
-443829.760,-1172384.730,377.610,0.010
-443829.959,-1172383.680,377.671,0.009
-443839.960,-1172357.890,370.360,0.010
-443840.430,-1172356.140,370.421,0.009
-443839.890,-1172357.560,370.442,0.008
-443833.829,-1172372.010,373.791,0.009
-443833.700,-1172372.360,373.832,0.008
-443829.970,-1172382.180,377.670,0.010
-443829.840,-1172382.510,377.635,0.005
-443829.710,-1172382.850,377.615,0.005
-443829.570,-1172383.220,377.644,0.006
-443829.440,-1172383.560,377.610,0.010
-443829.190,-1172384.210,377.613,0.007
-443829.070,-1172384.540,377.635,0.005
-443828.940,-1172384.880,377.637,0.003
-443828.800,-1172385.241,377.612,0.008
-443829.480,-1172382.530,377.681,0.009
-443829.350,-1172382.870,377.673,0.007
-443828.830,-1172384.240,377.692,0.008
-443828.700,-1172384.590,377.683,0.007
-443828.570,-1172384.940,377.690,0.010
-443840.179,-1172355.320,370.355,0.005
-443840.040,-1172355.670,370.403,0.007
-443839.920,-1172356.000,370.373,0.007
-443837.900,-1172361.280,370.614,0.006
-443837.650,-1172361.940,370.561,0.009
-443837.510,-1172362.310,370.637,0.003
-443837.380,-1172362.660,370.606,0.004
-443837.240,-1172363.030,370.628,0.002
-443837.120,-1172363.350,370.637,0.003
-443836.980,-1172363.720,370.615,0.005
-443836.850,-1172364.050,370.634,0.006
-443836.710,-1172364.410,370.643,0.007
-443836.590,-1172364.740,370.660,0.010
-443836.460,-1172365.080,370.651,0.009
-443836.330,-1172365.410,370.673,0.007
-443836.200,-1172365.750,370.696,0.004
-443836.070,-1172366.100,370.683,0.007
-443836.500,-1172364.060,370.692,0.008
-443836.370,-1172364.390,370.664,0.006
-443836.230,-1172364.750,370.705,0.005
-443836.100,-1172365.100,370.701,0.009
-443835.970,-1172365.430,370.715,0.005
-443835.710,-1172366.130,370.722,0.008
-443833.620,-1172371.650,373.853,0.007
-443840.209,-1172352.470,370.383,0.007
-443840.090,-1172352.790,370.364,0.006
-443839.959,-1172353.120,370.362,0.008
-443839.830,-1172353.480,370.384,0.006
-443838.090,-1172358.050,370.641,0.009
-443837.950,-1172358.390,370.632,0.008
-443837.570,-1172359.410,370.612,0.008
-443837.440,-1172359.740,370.646,0.004
-443837.300,-1172360.100,370.624,0.006
-443837.049,-1172360.770,370.571,0.009
-443836.920,-1172361.100,370.602,0.008
-443836.790,-1172361.460,370.583,0.007
-443836.650,-1172361.820,370.583,0.007
-443836.520,-1172362.160,370.613,0.007
-443836.380,-1172362.530,370.636,0.004
-443835.990,-1172363.540,370.626,0.004
-443835.860,-1172363.890,370.632,0.008
-443835.730,-1172364.240,370.635,0.005
-443835.590,-1172364.600,370.653,0.007
-443835.320,-1172365.300,370.684,0.006
-443835.190,-1172365.650,370.682,0.008
-443828.839,-1172382.380,377.641,0.009
-443828.720,-1172382.710,377.644,0.006
-443828.580,-1172383.060,377.645,0.005
-443828.450,-1172383.400,377.664,0.006
-443840.040,-1172352.030,370.404,0.006
-443839.890,-1172352.410,370.436,0.004
-443839.760,-1172352.740,370.421,0.009
-443836.980,-1172360.050,370.652,0.008
-443836.320,-1172361.770,370.651,0.009
-443836.060,-1172362.450,370.673,0.007
-443835.930,-1172362.810,370.672,0.008
-443835.520,-1172363.870,370.701,0.009
-443835.390,-1172364.220,370.684,0.006
-443835.140,-1172364.890,370.694,0.006
-443835.000,-1172365.240,370.731,0.009
-443834.610,-1172366.280,370.741,0.009
-443828.380,-1172382.690,377.706,0.004
-443828.260,-1172383.010,377.684,0.006
-443840.000,-1172350.650,370.387,0.003
-443839.880,-1172350.970,370.353,0.007
-443839.739,-1172351.340,370.372,0.008
-443839.609,-1172351.670,370.381,0.009
-443839.209,-1172352.730,370.391,0.009
-443837.330,-1172357.660,370.616,0.004
-443837.080,-1172358.330,370.580,0.010
-443836.680,-1172359.370,370.581,0.009
-443836.540,-1172359.730,370.613,0.007
-443836.420,-1172360.050,370.583,0.007
-443836.170,-1172360.710,370.583,0.007
-443836.030,-1172361.070,370.594,0.006
-443835.900,-1172361.410,370.615,0.005
-443835.780,-1172361.740,370.592,0.008
-443835.640,-1172362.090,370.600,0.010
-443835.510,-1172362.440,370.655,0.005
-443835.380,-1172362.790,370.612,0.008
-443835.120,-1172363.470,370.623,0.007
-443834.990,-1172363.810,370.632,0.008
-443834.850,-1172364.170,370.643,0.007
-443834.720,-1172364.510,370.645,0.005
-443834.590,-1172364.860,370.623,0.007
-443834.440,-1172365.240,370.654,0.006
-443834.189,-1172365.900,370.642,0.008
-443834.060,-1172366.250,370.691,0.009
-443840.010,-1172349.810,370.422,0.008
-443839.879,-1172350.150,370.431,0.010
-443839.760,-1172350.480,370.416,0.004
-443839.489,-1172351.180,370.442,0.008
-443836.710,-1172358.480,370.634,0.006
-443835.910,-1172360.570,370.651,0.009
-443835.780,-1172360.920,370.636,0.004
-443835.520,-1172361.600,370.652,0.008
-443835.270,-1172362.260,370.653,0.007
-443835.010,-1172362.960,370.683,0.007
-443834.880,-1172363.270,370.651,0.009
-443834.750,-1172363.630,370.664,0.006
-443834.480,-1172364.330,370.671,0.009
-443834.350,-1172364.690,370.692,0.008
-443834.210,-1172365.030,370.695,0.005
-443834.090,-1172365.370,370.741,0.009
-443833.960,-1172365.710,370.732,0.008
-443833.000,-1172365.850,370.731,0.009
-443832.880,-1172366.170,370.734,0.006
-443832.750,-1172366.510,370.743,0.007
-443839.880,-1172348.590,370.416,0.004
-443839.739,-1172348.960,370.412,0.008
-443839.609,-1172349.319,370.422,0.008
-443839.480,-1172349.640,370.412,0.008
-443839.350,-1172349.990,370.364,0.006
-443837.880,-1172353.860,370.645,0.005
-443837.750,-1172354.200,370.615,0.005
-443837.620,-1172354.530,370.626,0.004
-443837.490,-1172354.870,370.613,0.007
-443837.360,-1172355.210,370.615,0.005
-443837.220,-1172355.580,370.615,0.005
-443836.300,-1172358.010,370.612,0.008
-443836.170,-1172358.350,370.540,0.010
-443835.910,-1172359.020,370.612,0.008
-443835.780,-1172359.361,370.581,0.009
-443835.250,-1172360.760,370.596,0.004
-443834.850,-1172361.800,370.618,0.002
-443834.720,-1172362.160,370.614,0.006
-443834.590,-1172362.490,370.634,0.006
-443834.330,-1172363.180,370.624,0.006
-443834.200,-1172363.510,370.620,0.010
-443834.080,-1172363.840,370.633,0.007
-443833.950,-1172364.180,370.652,0.008
-443833.810,-1172364.550,370.657,0.003
-443833.690,-1172364.860,370.646,0.004
-443833.560,-1172365.190,370.655,0.005
-443833.420,-1172365.570,370.682,0.008
-443833.289,-1172365.900,370.692,0.008
-443833.160,-1172366.250,370.702,0.008
-443833.500,-1172363.070,370.614,0.006
-443833.370,-1172363.400,370.623,0.007
-443833.100,-1172364.120,370.623,0.007
-443832.960,-1172364.480,370.644,0.006
-443832.840,-1172364.810,370.653,0.007
-443832.710,-1172365.150,370.654,0.006
-443832.580,-1172365.490,370.672,0.008
-443832.440,-1172365.850,370.671,0.009
-443832.310,-1172366.190,370.684,0.006
-443839.990,-1172347.490,370.453,0.007
-443839.860,-1172347.830,370.452,0.008
-443839.730,-1172348.180,370.453,0.007
-443839.600,-1172348.530,370.434,0.006
-443837.980,-1172352.790,370.691,0.009
-443837.710,-1172353.480,370.682,0.008
-443837.450,-1172354.160,370.684,0.006
-443837.210,-1172354.800,370.662,0.008
-443836.030,-1172357.890,370.631,0.009
-443835.910,-1172358.230,370.633,0.008
-443835.630,-1172358.950,370.614,0.006
-443835.370,-1172359.650,370.632,0.008
-443835.230,-1172359.990,370.641,0.009
-443834.980,-1172360.650,370.633,0.007
-443834.050,-1172363.110,370.672,0.008
-443833.920,-1172363.450,370.673,0.007
-443833.790,-1172363.790,370.691,0.009
-443833.650,-1172364.160,370.702,0.008
-443833.520,-1172364.490,370.685,0.005
-443833.400,-1172364.820,370.715,0.005
-443833.280,-1172365.140,370.687,0.003
-443833.140,-1172365.490,370.705,0.005
-443834.420,-1172359.670,370.592,0.008
-443833.350,-1172362.460,370.602,0.008
-443833.090,-1172363.170,370.631,0.009
-443832.960,-1172363.500,370.646,0.004
-443832.830,-1172363.830,370.655,0.005
-443832.690,-1172364.190,370.646,0.005
-443832.560,-1172364.560,370.683,0.007
-443832.300,-1172365.230,370.692,0.008
-443832.030,-1172365.950,370.717,0.003
-443840.109,-1172345.720,370.391,0.009
-443839.970,-1172346.090,370.435,0.005
-443838.090,-1172351.030,370.642,0.008
-443837.690,-1172352.060,370.642,0.008
-443837.440,-1172352.730,370.623,0.007
-443836.510,-1172355.150,370.573,0.007
-443835.620,-1172357.500,370.541,0.009
-443834.700,-1172359.930,370.572,0.008
-443835.780,-1172354.460,370.583,0.007
-443834.990,-1172356.520,370.554,0.006
-443834.330,-1172358.260,370.532,0.008
-443834.200,-1172358.600,370.531,0.009
-443833.300,-1172360.950,370.510,0.010
-443833.040,-1172361.640,370.544,0.006
-443832.910,-1172362.000,370.544,0.006
-443832.770,-1172362.350,370.592,0.008
-443832.380,-1172363.380,370.581,0.009
-443831.970,-1172364.450,370.613,0.007
-443840.070,-1172344.810,370.421,0.009
-443839.800,-1172345.520,370.462,0.008
-443839.670,-1172345.870,370.461,0.009
-443839.540,-1172346.220,370.444,0.006
-443837.810,-1172350.750,370.664,0.006
-443837.540,-1172351.460,370.656,0.004
-443837.010,-1172352.850,370.673,0.007
-443836.090,-1172355.270,370.635,0.005
-443835.060,-1172357.980,370.604,0.006
-443834.930,-1172358.330,370.594,0.006
-443836.110,-1172352.940,370.622,0.008
-443835.980,-1172353.280,370.605,0.005
-443835.580,-1172354.350,370.634,0.006
-443834.930,-1172356.050,370.612,0.008
-443834.800,-1172356.390,370.605,0.005
-443834.660,-1172356.760,370.592,0.008
-443834.540,-1172357.090,370.573,0.007
-443833.240,-1172360.510,370.573,0.007
-443833.100,-1172360.860,370.584,0.006
-443832.840,-1172361.540,370.611,0.009
-443832.580,-1172362.240,370.612,0.008
-443832.319,-1172362.910,370.641,0.009
-443832.180,-1172363.290,370.631,0.009
-443831.920,-1172363.950,370.690,0.010
-443831.790,-1172364.300,370.664,0.006
-443831.650,-1172364.680,370.692,0.008
-443831.520,-1172365.020,370.661,0.009
-443831.390,-1172365.350,370.661,0.009
-443839.479,-1172344.730,370.412,0.008
-443837.490,-1172349.950,370.621,0.009
-443836.830,-1172351.680,370.603,0.007
-443836.710,-1172352.010,370.582,0.008
-443836.570,-1172352.380,370.602,0.008
-443836.310,-1172353.070,370.574,0.006
-443836.160,-1172353.450,370.573,0.007
-443833.780,-1172357.840,370.546,0.004
-443833.640,-1172358.200,370.553,0.007
-443832.850,-1172360.280,370.541,0.009
-443832.450,-1172361.330,370.583,0.007
-443832.070,-1172362.330,370.562,0.008
-443831.940,-1172362.670,370.596,0.004
-443831.800,-1172363.030,370.613,0.007
-443831.420,-1172364.040,370.604,0.006
-443831.290,-1172364.390,370.621,0.009
-443831.160,-1172364.730,370.602,0.008
-443831.010,-1172365.110,370.653,0.007
-443830.899,-1172365.420,370.630,0.010
-443839.829,-1172343.190,370.411,0.009
-443837.399,-1172349.560,370.691,0.009
-443837.020,-1172350.550,370.633,0.007
-443836.640,-1172351.570,370.663,0.007
-443836.510,-1172351.910,370.652,0.008
-443836.370,-1172352.260,370.631,0.009
-443836.250,-1172352.600,370.613,0.007
-443832.850,-1172359.640,370.612,0.008
-443832.320,-1172361.030,370.612,0.008
-443831.150,-1172364.100,370.651,0.009
-443831.020,-1172364.450,370.670,0.010
-443830.490,-1172365.840,370.711,0.009
-443839.589,-1172342.570,370.411,0.009
-443838.100,-1172346.500,370.643,0.007
-443837.970,-1172346.840,370.641,0.009
-443836.900,-1172349.639,370.632,0.008
-443836.650,-1172350.310,370.590,0.010
-443836.130,-1172351.660,370.600,0.010
-443836.000,-1172352.010,370.604,0.006
-443835.870,-1172352.350,370.581,0.009
-443835.740,-1172352.680,370.594,0.006
-443835.610,-1172353.020,370.580,0.010
-443835.350,-1172353.710,370.583,0.007
-443835.080,-1172354.410,370.585,0.005
-443834.960,-1172354.750,370.582,0.008
-443834.700,-1172355.430,370.574,0.006
-443834.560,-1172355.790,370.552,0.008
-443834.290,-1172356.490,370.544,0.006
-443834.160,-1172356.840,370.546,0.004
-443834.030,-1172357.190,370.554,0.006
-443830.860,-1172363.320,370.583,0.007
-443830.729,-1172363.670,370.561,0.009
-443830.340,-1172364.700,370.621,0.009
-443830.210,-1172365.050,370.642,0.008
-443829.950,-1172365.720,370.651,0.009
-443829.820,-1172366.070,370.674,0.006
-443829.690,-1172366.400,370.661,0.009
-443839.430,-1172342.320,370.454,0.006
-443837.160,-1172348.310,370.702,0.008
-443836.910,-1172348.970,370.701,0.009
-443835.980,-1172351.400,370.651,0.009
-443835.840,-1172351.760,370.645,0.005
-443835.720,-1172352.090,370.644,0.006
-443835.460,-1172352.780,370.653,0.007
-443834.940,-1172354.130,370.632,0.008
-443834.810,-1172354.470,370.625,0.005
-443834.430,-1172355.490,370.631,0.009
-443834.290,-1172355.840,370.580,0.010
-443834.160,-1172356.190,370.620,0.010
-443833.780,-1172357.200,370.576,0.004
-443839.819,-1172339.770,370.361,0.009
-443839.690,-1172340.120,370.396,0.004
-443838.080,-1172344.350,370.630,0.010
-443837.430,-1172346.070,370.622,0.008
-443837.160,-1172346.770,370.623,0.007
-443837.030,-1172347.110,370.621,0.009
-443836.900,-1172347.450,370.611,0.009
-443836.490,-1172348.520,370.645,0.005
-443836.350,-1172348.890,370.632,0.008
-443836.230,-1172349.220,370.642,0.008
-443835.850,-1172350.230,370.605,0.005
-443835.720,-1172350.560,370.580,0.010
-443835.580,-1172350.940,370.602,0.008
-443835.190,-1172351.960,370.562,0.008
-443835.050,-1172352.320,370.581,0.009
-443834.920,-1172352.670,370.604,0.006
-443834.790,-1172353.010,370.583,0.007
-443834.660,-1172353.350,370.591,0.009
-443834.520,-1172353.710,370.582,0.008
-443834.390,-1172354.040,370.594,0.006
-443834.270,-1172354.370,370.585,0.005
-443834.140,-1172354.700,370.553,0.007
-443834.010,-1172355.040,370.562,0.008
-443833.880,-1172355.390,370.531,0.009
-443833.750,-1172355.730,370.585,0.005
-443832.750,-1172358.390,373.174,0.006
-443832.620,-1172358.720,373.152,0.008
-443831.120,-1172362.640,370.574,0.006
-443830.990,-1172363.000,370.564,0.006
-443839.580,-1172339.760,370.420,0.010
-443839.450,-1172340.110,370.432,0.008
-443837.830,-1172344.370,370.692,0.008
-443837.440,-1172345.380,370.662,0.008
-443836.930,-1172346.730,370.644,0.006
-443836.790,-1172347.090,370.672,0.008
-443836.660,-1172347.430,370.620,0.010
-443836.400,-1172348.130,370.663,0.007
-443836.260,-1172348.500,370.674,0.006
-443836.010,-1172349.160,370.710,0.010
-443835.870,-1172349.520,370.680,0.010
-443835.600,-1172350.230,370.664,0.006
-443835.480,-1172350.550,370.632,0.008
-443835.330,-1172350.930,370.615,0.005
-443835.210,-1172351.260,370.621,0.009
-443834.959,-1172351.920,370.651,0.009
-443834.820,-1172352.280,370.622,0.008
-443834.680,-1172352.640,370.635,0.005
-443834.560,-1172352.970,370.653,0.007
-443834.430,-1172353.320,370.633,0.007
-443834.160,-1172354.030,370.633,0.007
-443834.030,-1172354.350,370.625,0.005
-443833.890,-1172354.710,370.605,0.005
-443833.770,-1172355.040,370.586,0.004
-443833.630,-1172355.410,370.621,0.009
-443832.650,-1172358.020,373.202,0.008
-443832.510,-1172358.370,373.205,0.005
-443832.390,-1172358.710,373.222,0.008
-443830.890,-1172362.610,370.642,0.008
-443830.759,-1172362.940,370.622,0.008
-443830.630,-1172363.300,370.641,0.009
-443830.499,-1172363.640,370.642,0.008
-443830.360,-1172364.020,370.670,0.010
-443829.960,-1172365.050,370.681,0.009
-443829.560,-1172366.100,370.731,0.009
-443829.440,-1172366.430,370.692,0.008
-443837.040,-1172345.090,370.591,0.009
-443836.900,-1172345.440,370.581,0.009
-443836.640,-1172346.120,370.561,0.009
-443834.820,-1172350.910,370.561,0.009
-443834.690,-1172351.270,370.570,0.010
-443834.280,-1172352.350,370.570,0.010
-443833.900,-1172353.330,370.551,0.009
-443833.760,-1172353.700,370.552,0.008
-443833.630,-1172354.050,370.564,0.006
-443833.510,-1172354.370,370.552,0.008
-443832.620,-1172356.730,373.164,0.006
-443831.720,-1172359.090,373.101,0.009
-443830.500,-1172362.290,370.563,0.007
-443830.089,-1172363.350,370.611,0.009
-443829.969,-1172363.680,370.602,0.008
-443829.700,-1172364.390,370.643,0.007
-443829.570,-1172364.730,370.632,0.008
-443829.440,-1172365.060,370.612,0.008
-443829.040,-1172366.130,370.651,0.009
-443834.700,-1172350.510,370.651,0.009
-443834.570,-1172350.850,370.642,0.008
-443834.440,-1172351.200,370.604,0.006
-443834.300,-1172351.560,370.621,0.009
-443834.180,-1172351.890,370.624,0.006
-443833.910,-1172352.580,370.602,0.008
-443833.780,-1172352.930,370.632,0.008
-443833.650,-1172353.280,370.614,0.006
-443833.370,-1172354.000,370.592,0.008
-443833.130,-1172354.650,370.564,0.006
-443832.510,-1172356.290,373.196,0.004
-443832.380,-1172356.640,373.195,0.005
-443832.110,-1172357.340,373.211,0.009
-443831.840,-1172358.050,373.201,0.009
-443831.720,-1172358.380,373.171,0.009
-443831.580,-1172358.740,373.193,0.007
-443830.380,-1172361.880,370.653,0.007
-443830.239,-1172362.240,370.641,0.009
-443829.849,-1172363.270,370.690,0.010
-443829.450,-1172364.320,370.661,0.009
-443829.320,-1172364.670,370.682,0.008
-443829.180,-1172365.030,370.683,0.007
-443829.060,-1172365.360,370.681,0.009
-443840.110,-1172337.020,370.421,0.009
-443839.199,-1172339.410,370.343,0.007
-443839.060,-1172339.770,370.364,0.006
-443833.110,-1172353.250,370.554,0.006
-443832.990,-1172353.580,370.586,0.004
-443832.860,-1172353.920,370.575,0.005
-443832.590,-1172354.610,370.530,0.010
-443831.710,-1172356.960,373.141,0.009
-443830.350,-1172360.510,370.564,0.006
-443830.220,-1172360.860,370.626,0.004
-443830.100,-1172361.190,370.615,0.005
-443829.970,-1172361.530,370.624,0.006
-443829.829,-1172361.880,370.612,0.008
-443829.440,-1172362.910,370.674,0.006
-443829.320,-1172363.230,370.653,0.007
-443829.189,-1172363.570,370.642,0.008
-443829.050,-1172363.950,370.685,0.005
-443828.920,-1172364.280,370.665,0.005
-443828.800,-1172364.590,370.645,0.005
-443828.670,-1172364.940,370.633,0.007
-443828.390,-1172365.670,370.655,0.005
-443828.260,-1172366.010,370.643,0.007
-443839.589,-1172337.660,370.460,0.010
-443839.069,-1172339.020,370.420,0.010
-443837.840,-1172342.260,370.681,0.009
-443837.180,-1172343.980,370.660,0.010
-443837.060,-1172344.310,370.653,0.007
-443836.920,-1172344.680,370.636,0.004
-443836.790,-1172345.020,370.643,0.007
-443836.670,-1172345.340,370.612,0.008
-443835.990,-1172347.120,370.633,0.007
-443835.860,-1172347.450,370.643,0.007
-443835.729,-1172347.800,370.642,0.008
-443835.610,-1172348.130,370.642,0.008
-443835.469,-1172348.490,370.660,0.010
-443835.340,-1172348.820,370.652,0.008
-443835.220,-1172349.160,370.680,0.010
-443835.090,-1172349.500,370.660,0.010
-443834.960,-1172349.840,370.644,0.007
-443830.190,-1172360.520,370.654,0.006
-443830.070,-1172360.860,370.636,0.004
-443829.940,-1172361.190,370.653,0.007
-443829.800,-1172361.570,370.664,0.006
-443829.670,-1172361.900,370.682,0.008
-443829.420,-1172362.570,370.701,0.009
-443829.290,-1172362.900,370.695,0.005
-443829.160,-1172363.250,370.702,0.008
-443829.030,-1172363.580,370.721,0.009
-443828.770,-1172364.270,370.685,0.005
-443828.650,-1172364.590,370.683,0.007
-443828.510,-1172364.940,370.702,0.008
-443828.240,-1172365.660,370.722,0.008
-443828.130,-1172365.960,370.732,0.008
-443839.440,-1172336.590,370.393,0.007
-443839.310,-1172336.950,370.412,0.008
-443839.170,-1172337.300,370.380,0.010
-443837.710,-1172341.160,370.653,0.007
-443836.120,-1172345.340,370.572,0.008
-443835.870,-1172345.990,370.582,0.008
-443835.340,-1172347.400,370.592,0.008
-443835.200,-1172347.770,370.592,0.008
-443834.790,-1172348.830,370.622,0.008
-443834.670,-1172349.160,370.614,0.006
-443834.410,-1172349.830,370.581,0.009
-443833.900,-1172351.180,370.561,0.009
-443833.760,-1172351.540,370.593,0.007
-443833.640,-1172351.860,370.561,0.009
-443839.830,-1172335.190,370.441,0.009
-443839.430,-1172336.230,370.442,0.008
-443839.310,-1172336.550,370.433,0.007
-443837.170,-1172342.190,370.662,0.008
-443836.500,-1172343.930,370.613,0.007
-443836.110,-1172344.960,370.620,0.010
-443835.850,-1172345.650,370.614,0.006
-443835.040,-1172347.770,370.651,0.009
-443834.790,-1172348.450,370.664,0.006
-443834.650,-1172348.820,370.683,0.007
-443834.260,-1172349.840,370.653,0.007
-443833.860,-1172350.880,370.652,0.008
-443833.730,-1172351.220,370.642,0.008
-443833.350,-1172352.210,370.661,0.009
-443832.970,-1172353.220,370.612,0.008
-443832.830,-1172353.580,370.616,0.004
-443832.700,-1172353.930,370.613,0.007
-443831.700,-1172356.590,373.213,0.007
-443831.570,-1172356.940,373.221,0.009
-443830.910,-1172358.680,373.200,0.010
-443839.280,-1172335.280,370.381,0.009
-443839.140,-1172335.660,370.422,0.008
-443836.210,-1172343.350,370.561,0.009
-443836.080,-1172343.690,370.572,0.008
-443835.160,-1172346.110,370.583,0.007
-443834.890,-1172346.820,370.605,0.005
-443834.760,-1172347.170,370.592,0.008
-443834.620,-1172347.530,370.592,0.008
-443834.480,-1172347.900,370.580,0.010
-443834.350,-1172348.230,370.604,0.006
-443834.230,-1172348.570,370.635,0.005
-443834.100,-1172348.910,370.624,0.006
-443833.960,-1172349.260,370.605,0.005
-443833.710,-1172349.940,370.605,0.005
-443833.570,-1172350.310,370.593,0.007
-443833.430,-1172350.670,370.614,0.006
-443833.300,-1172351.000,370.581,0.009
-443833.170,-1172351.350,370.612,0.008
-443833.040,-1172351.700,370.581,0.009
-443832.910,-1172352.030,370.581,0.009
-443832.770,-1172352.390,370.602,0.008
-443832.400,-1172353.380,370.571,0.009
-443832.010,-1172354.400,370.564,0.006
-443831.890,-1172354.720,370.566,0.004
-443831.270,-1172356.370,373.195,0.005
-443831.140,-1172356.710,373.144,0.006
-443831.010,-1172357.070,373.175,0.005
-443830.490,-1172358.430,373.131,0.009
-443829.640,-1172360.630,370.595,0.005
-443829.510,-1172360.980,370.624,0.006
-443829.380,-1172361.330,370.623,0.007
-443829.240,-1172361.700,370.613,0.007
-443829.110,-1172362.030,370.634,0.006
-443828.980,-1172362.380,370.647,0.003
-443828.850,-1172362.720,370.686,0.004
-443828.710,-1172363.080,370.683,0.007
-443828.470,-1172363.720,370.661,0.009
-443828.340,-1172364.070,370.682,0.008
-443828.209,-1172364.400,370.642,0.008
-443828.080,-1172364.750,370.673,0.007
-443827.950,-1172365.080,370.685,0.005
-443827.819,-1172365.420,370.672,0.008
-443827.679,-1172365.780,370.684,0.006
-443835.020,-1172345.700,370.622,0.008
-443834.890,-1172346.040,370.572,0.008
-443834.760,-1172346.390,370.593,0.007
-443834.620,-1172346.750,370.601,0.009
-443834.490,-1172347.090,370.616,0.004
-443834.360,-1172347.440,370.634,0.006
-443834.230,-1172347.790,370.641,0.009
-443834.090,-1172348.150,370.634,0.006
-443833.950,-1172348.510,370.644,0.006
-443833.810,-1172348.880,370.673,0.007
-443833.680,-1172349.230,370.675,0.005
-443833.420,-1172349.900,370.655,0.005
-443833.300,-1172350.230,370.616,0.004
-443833.030,-1172350.930,370.630,0.010
-443832.900,-1172351.280,370.623,0.007
-443832.770,-1172351.620,370.614,0.006
-443832.640,-1172351.960,370.604,0.006
-443832.510,-1172352.320,370.605,0.005
-443832.380,-1172352.660,370.614,0.006
-443832.240,-1172353.020,370.611,0.009
-443832.110,-1172353.340,370.603,0.007
-443831.849,-1172354.050,370.621,0.009
-443830.740,-1172357.000,373.186,0.004
-443830.600,-1172357.350,373.183,0.007
-443830.480,-1172357.680,373.181,0.009
-443830.210,-1172358.390,373.205,0.005
-443830.080,-1172358.720,373.186,0.004
-443829.960,-1172359.040,373.150,0.010
-443829.370,-1172360.580,370.644,0.006
-443829.239,-1172360.900,370.660,0.010
-443829.100,-1172361.270,370.665,0.005
-443828.970,-1172361.630,370.673,0.007
-443828.840,-1172361.960,370.694,0.006
-443828.710,-1172362.310,370.694,0.006
-443828.570,-1172362.670,370.706,0.004
-443828.430,-1172363.040,370.724,0.006
-443828.310,-1172363.350,370.682,0.008
-443828.170,-1172363.710,370.713,0.007
-443828.040,-1172364.060,370.705,0.005
-443827.909,-1172364.420,370.741,0.009
-443827.789,-1172364.730,370.732,0.008
-443827.660,-1172365.060,370.727,0.003
-443829.870,-1172357.530,373.143,0.007
-443829.610,-1172358.220,373.152,0.008
-443829.490,-1172358.550,373.166,0.004
-443829.350,-1172358.910,373.153,0.007
-443828.910,-1172360.040,370.613,0.007
-443828.770,-1172360.410,370.613,0.007
-443828.370,-1172361.460,370.642,0.008
-443828.240,-1172361.800,370.651,0.009
-443828.110,-1172362.140,370.640,0.010
-443827.990,-1172362.470,370.664,0.006
-443827.850,-1172362.830,370.685,0.005
-443839.400,-1172334.190,370.443,0.007
-443839.270,-1172334.520,370.452,0.008
-443839.140,-1172334.869,370.380,0.010
-443836.710,-1172341.250,370.624,0.006
-443836.580,-1172341.610,370.653,0.007
-443836.460,-1172341.920,370.592,0.008
-443836.320,-1172342.290,370.604,0.006
-443836.050,-1172342.990,370.612,0.008
-443835.930,-1172343.300,370.562,0.008
-443835.790,-1172343.660,370.602,0.008
-443835.670,-1172343.980,370.601,0.009
-443835.440,-1172342.840,370.563,0.007
-443835.310,-1172343.180,370.523,0.007
-443834.790,-1172344.550,370.541,0.009
-443834.530,-1172345.240,370.542,0.008
-443834.400,-1172345.570,370.555,0.005
-443834.280,-1172345.900,370.564,0.006
-443834.140,-1172346.260,370.572,0.008
-443834.010,-1172346.610,370.586,0.004
-443833.750,-1172347.280,370.580,0.010
-443832.300,-1172351.110,370.570,0.010
-443832.170,-1172351.470,370.606,0.004
-443832.040,-1172351.790,370.563,0.007
-443831.510,-1172353.190,370.563,0.007
-443831.380,-1172353.530,370.551,0.009
-443837.220,-1172337.460,370.612,0.008
-443836.690,-1172338.850,370.603,0.007
-443836.430,-1172339.530,370.613,0.007
-443835.620,-1172341.650,370.572,0.008
-443835.500,-1172341.970,370.573,0.007
-443835.370,-1172342.310,370.565,0.005
-443835.240,-1172342.650,370.545,0.005
-443834.970,-1172343.360,370.572,0.008
-443834.440,-1172344.760,370.572,0.008
-443834.170,-1172345.480,370.586,0.004
-443834.050,-1172345.790,370.575,0.005
-443833.900,-1172346.180,370.621,0.009
-443833.650,-1172346.840,370.602,0.008
-443833.520,-1172347.180,370.642,0.008
-443833.130,-1172348.210,370.642,0.008
-443833.010,-1172348.530,370.630,0.010
-443832.220,-1172350.610,370.631,0.009
-443831.950,-1172351.310,370.603,0.007
-443831.810,-1172351.680,370.604,0.006
-443831.690,-1172352.020,370.612,0.008
-443831.290,-1172353.050,370.611,0.009
-443830.020,-1172356.430,373.165,0.005
-443829.630,-1172357.450,373.172,0.008
-443829.500,-1172357.800,373.201,0.009
-443828.810,-1172359.590,370.713,0.007
-443828.540,-1172360.280,370.671,0.009
-443828.150,-1172361.310,370.720,0.010
-443828.020,-1172361.670,370.695,0.005
-443827.760,-1172362.360,370.735,0.005
-443827.620,-1172362.710,370.707,0.003
-443833.620,-1172345.350,370.540,0.010
-443831.130,-1172351.910,370.570,0.010
-443830.870,-1172352.590,370.591,0.009
-443830.610,-1172353.290,370.571,0.009
-443829.470,-1172356.300,373.161,0.009
-443828.500,-1172358.830,370.652,0.008
-443828.250,-1172359.500,370.643,0.007
-443828.120,-1172359.840,370.683,0.007
-443827.980,-1172360.200,370.695,0.005
-443827.860,-1172360.530,370.654,0.006
-443827.720,-1172360.880,370.704,0.006
-443830.419,-1172352.880,370.602,0.008
-443830.170,-1172353.530,370.602,0.008
-443829.480,-1172355.340,370.631,0.009
-443828.570,-1172357.740,370.683,0.007
-443828.439,-1172358.090,370.671,0.009
-443828.040,-1172359.150,370.710,0.010
-443827.909,-1172359.480,370.722,0.008
-443827.780,-1172359.830,370.714,0.006
-443827.650,-1172360.170,370.713,0.007
-443827.520,-1172360.500,370.714,0.006
-443837.170,-1172336.010,370.573,0.007
-443835.080,-1172341.510,370.551,0.009
-443828.449,-1172356.210,370.631,0.009
-443828.180,-1172356.940,370.645,0.005
-443828.050,-1172357.280,370.665,0.005
-443827.930,-1172357.590,370.624,0.006
-443827.800,-1172357.930,370.665,0.005
-443827.660,-1172358.300,370.651,0.009
-443827.399,-1172358.980,370.692,0.008
-443836.720,-1172336.290,370.581,0.009
-443835.290,-1172340.060,370.521,0.009
-443834.239,-1172342.820,370.550,0.010
-443834.110,-1172343.160,370.551,0.009
-443832.910,-1172346.320,370.561,0.009
-443836.080,-1172336.120,370.551,0.009
-443835.810,-1172336.830,370.564,0.006
-443835.680,-1172337.180,370.533,0.007
-443834.360,-1172340.650,370.523,0.007
-443834.250,-1172340.960,370.523,0.007
-443834.110,-1172341.310,370.523,0.007
-443833.850,-1172342.000,370.524,0.006
-443833.590,-1172342.700,370.512,0.008
-443833.460,-1172343.040,370.501,0.009
-443833.330,-1172343.380,370.531,0.009
-443833.060,-1172344.080,370.511,0.009
-443832.660,-1172345.130,370.535,0.005
-443832.260,-1172346.190,370.545,0.005
-443832.120,-1172346.550,370.553,0.007
-443831.860,-1172347.230,370.591,0.009
-443831.600,-1172347.940,370.593,0.007
-443831.460,-1172348.290,370.623,0.007
-443831.330,-1172348.640,370.625,0.005
-443830.670,-1172350.370,370.601,0.009
-443830.540,-1172350.720,370.572,0.008
-443830.410,-1172351.050,370.592,0.008
-443830.290,-1172351.380,370.607,0.003
-443830.030,-1172352.050,370.581,0.009
-443829.900,-1172352.410,370.581,0.009
-443829.770,-1172352.730,370.585,0.005
-443829.640,-1172353.090,370.602,0.008
-443829.510,-1172353.440,370.613,0.007
-443829.250,-1172354.120,370.593,0.007
-443829.110,-1172354.480,370.581,0.009
-443828.860,-1172355.140,370.626,0.004
-443828.720,-1172355.500,370.612,0.008
-443835.900,-1172335.910,370.580,0.010
-443835.370,-1172337.310,370.573,0.007
-443834.710,-1172339.040,370.571,0.009
-443834.190,-1172340.430,370.520,0.010
-443833.910,-1172341.140,370.521,0.009
-443833.670,-1172341.790,370.561,0.009
-443833.540,-1172342.130,370.535,0.005
-443833.410,-1172342.480,370.535,0.005
-443832.480,-1172344.910,370.571,0.009
-443832.350,-1172345.260,370.572,0.008
-443832.100,-1172345.930,370.563,0.007
-443831.960,-1172346.290,370.555,0.005
-443831.820,-1172346.660,370.603,0.007
-443831.680,-1172347.010,370.600,0.010
-443830.880,-1172349.130,370.682,0.008
-443830.489,-1172350.150,370.631,0.009
-443830.360,-1172350.510,370.622,0.008
-443830.229,-1172350.840,370.651,0.009
-443830.100,-1172351.180,370.603,0.007
-443829.970,-1172351.530,370.631,0.009
-443829.580,-1172352.540,370.610,0.010
-443829.450,-1172352.900,370.670,0.010
-443828.940,-1172354.240,370.640,0.010
-443828.540,-1172355.300,370.674,0.006
-443828.280,-1172355.970,370.680,0.010
-443828.020,-1172356.670,370.661,0.009
-443827.880,-1172357.030,370.674,0.006
-443827.750,-1172357.380,370.710,0.010
-443827.610,-1172357.750,370.715,0.005
-443827.469,-1172358.110,370.731,0.009
-443827.950,-1172354.680,370.690,0.010
-443827.810,-1172355.040,370.686,0.004
-443827.690,-1172355.380,370.694,0.006
-443827.559,-1172355.710,370.702,0.008
-443835.740,-1172334.820,370.553,0.007
-443835.600,-1172335.180,370.565,0.005
-443834.940,-1172336.910,370.532,0.008
-443834.800,-1172337.280,370.552,0.008
-443834.660,-1172337.650,370.552,0.008
-443834.530,-1172338.000,370.548,0.002
-443834.410,-1172338.320,370.535,0.005
-443834.280,-1172338.670,370.547,0.003
-443834.150,-1172339.010,370.536,0.004
-443834.010,-1172339.360,370.563,0.007
-443833.890,-1172339.700,370.520,0.010
-443833.490,-1172340.750,370.505,0.005
-443833.220,-1172341.460,370.525,0.005
-443833.090,-1172341.800,370.473,0.007
-443832.960,-1172342.130,370.513,0.007
-443832.820,-1172342.500,370.516,0.004
-443832.690,-1172342.850,370.546,0.004
-443832.570,-1172343.170,370.523,0.007
-443832.440,-1172343.510,370.536,0.004
-443832.310,-1172343.860,370.545,0.005
-443832.170,-1172344.220,370.521,0.009
-443832.050,-1172344.530,370.531,0.009
-443831.910,-1172344.900,370.563,0.007
-443831.780,-1172345.250,370.573,0.007
-443831.649,-1172345.580,370.573,0.007
-443831.520,-1172345.930,370.553,0.007
-443831.380,-1172346.300,370.556,0.004
-443831.130,-1172346.960,370.584,0.006
-443831.000,-1172347.310,370.576,0.004
-443830.860,-1172347.680,370.575,0.005
-443830.720,-1172348.040,370.571,0.009
-443830.590,-1172348.390,370.612,0.008
-443830.439,-1172348.781,370.661,0.009
-443830.310,-1172349.110,370.632,0.008
-443829.930,-1172350.110,370.581,0.009
-443829.800,-1172350.480,370.616,0.004
-443829.670,-1172350.800,370.606,0.004
-443829.540,-1172351.150,370.595,0.005
-443829.400,-1172351.520,370.595,0.005
-443829.270,-1172351.870,370.592,0.008
-443829.139,-1172352.200,370.561,0.009
-443829.010,-1172352.560,370.614,0.006
-443828.360,-1172354.250,370.613,0.007
-443828.239,-1172354.580,370.611,0.009
-443827.970,-1172355.280,370.643,0.007
-443827.850,-1172355.610,370.623,0.007
-443827.709,-1172355.960,370.632,0.008
-443829.070,-1172350.120,370.633,0.007
-443828.950,-1172350.460,370.624,0.006
-443828.810,-1172350.810,370.615,0.006
-443828.680,-1172351.160,370.613,0.007
-443828.550,-1172351.510,370.643,0.007
-443828.410,-1172351.880,370.645,0.005
-443828.270,-1172352.240,370.614,0.006
-443828.150,-1172352.550,370.621,0.009
-443828.020,-1172352.900,370.664,0.006
-443827.760,-1172353.600,370.654,0.006
-443827.620,-1172353.950,370.673,0.007
-443827.499,-1172354.280,370.631,0.009
-443835.460,-1172334.890,370.614,0.006
-443834.530,-1172337.340,370.602,0.008
-443834.280,-1172337.990,370.562,0.008
-443834.150,-1172338.340,370.566,0.004
-443834.010,-1172338.710,370.567,0.003
-443833.880,-1172339.060,370.564,0.006
-443833.480,-1172340.110,370.534,0.006
-443833.090,-1172341.150,370.541,0.009
-443832.960,-1172341.490,370.534,0.006
-443832.690,-1172342.200,370.574,0.006
-443832.560,-1172342.540,370.528,0.002
-443832.420,-1172342.910,370.567,0.003
-443832.020,-1172343.950,370.584,0.006
-443831.890,-1172344.300,370.561,0.009
-443831.760,-1172344.630,370.582,0.008
-443831.640,-1172344.970,370.593,0.007
-443831.500,-1172345.310,370.594,0.006
-443831.380,-1172345.650,370.621,0.009
-443831.240,-1172346.000,370.603,0.007
-443831.110,-1172346.350,370.621,0.009
-443830.850,-1172347.040,370.642,0.008
-443830.590,-1172347.730,370.616,0.004
-443830.450,-1172348.090,370.662,0.008
-443830.320,-1172348.430,370.662,0.008
-443830.050,-1172349.140,370.693,0.007
-443829.790,-1172349.820,370.676,0.005
-443829.660,-1172350.180,370.653,0.007
-443829.520,-1172350.550,370.653,0.007
-443829.270,-1172351.210,370.647,0.003
-443829.140,-1172351.560,370.662,0.008
-443829.010,-1172351.890,370.652,0.008
-443828.870,-1172352.250,370.672,0.008
-443828.750,-1172352.580,370.674,0.006
-443828.610,-1172352.950,370.672,0.008
-443828.210,-1172353.990,370.663,0.007
-443828.080,-1172354.340,370.663,0.007
-443828.880,-1172350.100,370.681,0.009
-443828.740,-1172350.460,370.675,0.005
-443828.610,-1172350.800,370.657,0.003
-443828.490,-1172351.140,370.645,0.005
-443828.360,-1172351.480,370.665,0.005
-443828.220,-1172351.840,370.683,0.007
-443828.090,-1172352.170,370.682,0.008
-443827.960,-1172352.520,370.704,0.006
-443827.830,-1172352.870,370.684,0.006
-443827.679,-1172353.260,370.711,0.009
-443827.559,-1172353.590,370.682,0.008
-443827.420,-1172353.940,370.703,0.007
-443834.860,-1172334.880,370.554,0.006
-443834.720,-1172335.240,370.543,0.007
-443834.590,-1172335.580,370.571,0.009
-443834.340,-1172336.250,370.586,0.004
-443834.210,-1172336.590,370.544,0.006
-443833.560,-1172338.290,370.521,0.009
-443833.290,-1172339.000,370.485,0.005
-443833.160,-1172339.350,370.516,0.004
-443833.040,-1172339.670,370.515,0.005
-443832.900,-1172340.040,370.515,0.005
-443832.100,-1172342.150,370.525,0.005
-443831.980,-1172342.460,370.503,0.007
-443831.840,-1172342.840,370.525,0.005
-443831.300,-1172344.260,370.547,0.003
-443831.170,-1172344.610,370.557,0.003
-443831.040,-1172344.940,370.552,0.008
-443830.900,-1172345.320,370.574,0.006
-443830.770,-1172345.650,370.563,0.007
-443830.510,-1172346.330,370.584,0.006
-443830.380,-1172346.670,370.587,0.003
-443830.250,-1172347.030,370.605,0.005
-443830.120,-1172347.350,370.592,0.008
-443829.990,-1172347.710,370.613,0.007
-443829.860,-1172348.060,370.605,0.005
-443829.730,-1172348.400,370.633,0.007
-443829.590,-1172348.750,370.642,0.008
-443829.469,-1172349.080,370.642,0.008
-443829.200,-1172349.790,370.632,0.008
-443828.260,-1172350.180,370.634,0.006
-443828.130,-1172350.520,370.643,0.007
-443827.990,-1172350.880,370.636,0.004
-443827.860,-1172351.220,370.646,0.004
-443827.740,-1172351.550,370.656,0.004
-443827.600,-1172351.910,370.673,0.007
-443827.469,-1172352.240,370.662,0.008
-443827.340,-1172352.590,370.656,0.004
-443834.800,-1172334.520,370.596,0.004
-443834.660,-1172334.860,370.555,0.005
-443834.520,-1172335.250,370.563,0.007
-443834.390,-1172335.600,370.603,0.007
-443834.260,-1172335.930,370.585,0.005
-443834.120,-1172336.290,370.575,0.005
-443834.000,-1172336.630,370.573,0.007
-443833.860,-1172336.970,370.582,0.008
-443833.740,-1172337.300,370.582,0.008
-443833.350,-1172338.320,370.571,0.009
-443833.220,-1172338.670,370.571,0.009
-443833.090,-1172339.010,370.535,0.005
-443832.960,-1172339.350,370.566,0.004
-443832.199,-1172341.390,373.185,0.005
-443832.070,-1172341.730,373.182,0.008
-443831.770,-1172342.490,370.583,0.007
-443831.630,-1172342.850,370.554,0.006
-443830.980,-1172344.580,370.587,0.003
-443830.840,-1172344.930,370.623,0.007
-443830.710,-1172345.270,370.602,0.008
-443830.580,-1172345.630,370.604,0.006
-443830.310,-1172346.340,370.614,0.006
-443830.180,-1172346.680,370.595,0.005
-443830.040,-1172347.050,370.645,0.005
-443829.920,-1172347.370,370.661,0.009
-443829.780,-1172347.730,370.653,0.007
-443829.650,-1172348.070,370.625,0.005
-443829.520,-1172348.410,370.665,0.005
-443829.400,-1172348.740,370.683,0.007
-443828.160,-1172349.510,370.625,0.005
-443828.030,-1172349.850,370.663,0.007
-443827.900,-1172350.190,370.647,0.003
-443827.770,-1172350.530,370.657,0.003
-443827.640,-1172350.890,370.656,0.004
-443827.510,-1172351.220,370.666,0.004
-443827.380,-1172351.560,370.697,0.003
-443827.260,-1172351.880,370.677,0.003
-443834.180,-1172334.580,370.532,0.008
-443834.060,-1172334.890,370.533,0.007
-443833.910,-1172335.270,370.554,0.006
-443833.520,-1172336.310,370.523,0.007
-443833.120,-1172337.350,370.504,0.006
-443832.990,-1172337.710,370.514,0.006
-443832.860,-1172338.060,370.505,0.005
-443832.230,-1172339.730,373.180,0.010
-443831.850,-1172340.750,373.171,0.009
-443831.720,-1172341.090,373.162,0.008
-443831.580,-1172341.440,373.192,0.008
-443830.349,-1172344.680,370.551,0.009
-443830.220,-1172345.000,370.595,0.005
-443830.100,-1172345.330,370.576,0.004
-443829.960,-1172345.680,370.574,0.006
-443829.830,-1172346.030,370.575,0.005
-443829.700,-1172346.380,370.575,0.005
-443829.570,-1172346.730,370.594,0.006
-443829.430,-1172347.080,370.606,0.004
-443829.290,-1172347.460,370.626,0.004
-443829.150,-1172347.820,370.657,0.003
-443829.030,-1172348.140,370.626,0.004
-443828.890,-1172348.500,370.626,0.004
-443828.770,-1172348.830,370.655,0.005
-443828.630,-1172349.190,370.634,0.006
-443828.500,-1172349.530,370.644,0.006
-443828.380,-1172349.850,370.634,0.006
-443828.310,-1172347.240,370.612,0.008
-443828.160,-1172347.620,370.644,0.006
-443827.910,-1172348.310,370.651,0.009
-443827.780,-1172348.640,370.641,0.009
-443827.650,-1172348.980,370.653,0.007
-443827.520,-1172349.330,370.634,0.006
-443827.380,-1172349.680,370.656,0.004
-443827.259,-1172350.020,370.621,0.009
-443833.840,-1172334.540,370.553,0.007
-443833.710,-1172334.890,370.561,0.009
-443833.570,-1172335.260,370.565,0.005
-443833.430,-1172335.610,370.554,0.006
-443833.300,-1172335.960,370.585,0.005
-443833.180,-1172336.290,370.575,0.005
-443833.050,-1172336.630,370.563,0.007
-443832.920,-1172336.960,370.511,0.009
-443832.020,-1172339.370,373.173,0.007
-443831.880,-1172339.730,373.203,0.007
-443831.750,-1172340.070,373.207,0.003
-443831.620,-1172340.430,373.186,0.004
-443831.490,-1172340.750,373.177,0.003
-443829.760,-1172345.300,370.597,0.003
-443829.620,-1172345.670,370.576,0.004
-443829.480,-1172346.030,370.617,0.003
-443829.350,-1172346.370,370.616,0.004
-443829.220,-1172346.710,370.624,0.006
-443829.090,-1172347.060,370.627,0.003
-443828.960,-1172347.400,370.635,0.005
-443828.830,-1172347.760,370.665,0.005
-443828.690,-1172348.110,370.666,0.004
-443828.560,-1172348.450,370.647,0.003
-443828.430,-1172348.800,370.678,0.002
-443829.600,-1172343.280,370.594,0.006
-443829.340,-1172343.950,370.613,0.007
-443829.220,-1172344.270,370.605,0.005
-443829.070,-1172344.660,370.641,0.009
-443828.950,-1172345.000,370.626,0.004
-443828.820,-1172345.320,370.626,0.004
-443828.680,-1172345.690,370.653,0.007
-443828.560,-1172346.030,370.651,0.009
-443828.420,-1172346.370,370.647,0.003
-443828.300,-1172346.710,370.636,0.004
-443828.150,-1172347.080,370.692,0.008
-443828.030,-1172347.410,370.674,0.006
-443827.899,-1172347.750,370.651,0.009
-443827.490,-1172348.840,370.684,0.006
-443827.359,-1172349.189,370.703,0.007
-443827.230,-1172349.530,370.685,0.005
-443833.040,-1172334.770,370.573,0.007
-443832.390,-1172336.470,370.524,0.006
-443831.620,-1172338.550,373.181,0.009
-443830.840,-1172340.600,373.172,0.008
-443830.700,-1172340.970,373.163,0.007
-443830.570,-1172341.300,373.165,0.005
-443830.150,-1172342.390,370.525,0.005
-443830.020,-1172342.740,370.565,0.005
-443829.890,-1172343.070,370.583,0.007
-443829.500,-1172344.100,370.573,0.007
-443829.360,-1172344.460,370.604,0.007
-443829.230,-1172344.810,370.604,0.006
-443829.100,-1172345.150,370.597,0.003
-443828.970,-1172345.500,370.597,0.003
-443828.840,-1172345.840,370.585,0.005
-443828.710,-1172346.190,370.593,0.007
-443828.570,-1172346.540,370.606,0.004
-443828.440,-1172346.900,370.644,0.006
-443829.770,-1172341.490,373.161,0.009
-443828.930,-1172343.660,370.582,0.008
-443828.800,-1172344.020,370.592,0.008
-443828.020,-1172346.060,370.610,0.010
-443827.770,-1172346.740,370.612,0.008
-443827.629,-1172347.090,370.641,0.009
-443827.499,-1172347.450,370.641,0.010
-443827.370,-1172347.780,370.655,0.005
-443832.900,-1172334.570,370.575,0.005
-443832.770,-1172334.920,370.572,0.008
-443832.639,-1172335.250,370.611,0.009
-443832.240,-1172336.310,370.573,0.007
-443831.480,-1172338.350,373.220,0.010
-443831.350,-1172338.690,373.213,0.007
-443831.210,-1172339.070,373.236,0.004
-443830.430,-1172341.110,373.181,0.009
-443830.299,-1172341.460,373.211,0.009
-443829.980,-1172342.250,370.565,0.005
-443829.850,-1172342.600,370.591,0.009
-443829.730,-1172342.930,370.582,0.008
-443832.070,-1172334.840,370.631,0.009
-443829.620,-1172341.310,373.241,0.009
-443828.779,-1172343.500,370.642,0.008
-443828.660,-1172343.820,370.643,0.007
-443828.520,-1172344.180,370.663,0.007
-443827.860,-1172345.940,370.702,0.008
-443827.720,-1172346.310,370.711,0.009
-443827.210,-1172347.650,370.725,0.005
-443832.360,-1172334.620,370.564,0.006
-443832.240,-1172334.950,370.554,0.006
-443831.840,-1172335.990,370.541,0.009
-443830.820,-1172338.720,373.214,0.006
-443831.520,-1172334.600,370.552,0.008
-443831.390,-1172334.970,370.554,0.006
-443831.250,-1172335.320,370.546,0.004
-443829.450,-1172340.100,373.221,0.009
-443829.190,-1172340.790,373.202,0.008
-443828.620,-1172342.250,370.625,0.005
-443828.490,-1172342.620,370.593,0.007
-443828.219,-1172343.320,370.632,0.008
-443828.090,-1172343.650,370.612,0.008
-443827.960,-1172344.010,370.633,0.007
-443827.830,-1172344.340,370.634,0.006
-443827.700,-1172344.700,370.644,0.006
-443827.560,-1172345.050,370.631,0.009
-443827.299,-1172345.740,370.671,0.009
-443827.159,-1172346.100,370.661,0.009
-443826.900,-1172346.800,370.676,0.004
-443826.979,-1172344.300,370.644,0.006
-443831.280,-1172334.610,370.612,0.008
-443831.030,-1172335.270,370.604,0.006
-443829.480,-1172339.400,373.221,0.009
-443829.340,-1172339.770,373.242,0.008
-443829.089,-1172340.420,373.241,0.009
-443828.950,-1172340.780,373.233,0.007
-443828.400,-1172342.200,370.635,0.005
-443828.139,-1172342.910,370.670,0.010
-443827.730,-1172343.970,370.682,0.008
-443827.610,-1172344.300,370.663,0.007
-443827.470,-1172344.670,370.693,0.007
-443827.330,-1172345.040,370.694,0.006
-443827.080,-1172345.700,370.710,0.010
-443830.310,-1172334.730,370.600,0.010
-443829.530,-1172336.810,370.563,0.007
-443828.649,-1172339.160,373.211,0.009
-443828.200,-1172340.320,370.634,0.006
-443828.070,-1172340.660,370.626,0.004
-443827.799,-1172341.380,370.662,0.008
-443827.659,-1172341.730,370.665,0.005
-443827.540,-1172342.060,370.684,0.006
-443827.409,-1172342.400,370.670,0.010
-443827.290,-1172342.720,370.652,0.008
-443827.149,-1172343.070,370.713,0.007
-443827.019,-1172343.430,370.723,0.007
-443830.540,-1172334.910,370.511,0.009
-443830.400,-1172335.280,370.534,0.006
-443829.750,-1172336.990,370.512,0.008
-443829.249,-1172338.340,373.163,0.008
-443829.130,-1172338.680,373.154,0.006
-443828.990,-1172339.030,373.161,0.009
-443828.850,-1172339.391,373.180,0.010
-443828.300,-1172340.840,370.606,0.004
-443827.900,-1172341.880,370.613,0.007
-443827.770,-1172342.220,370.622,0.008
-443827.650,-1172342.550,370.635,0.005
-443827.510,-1172342.910,370.646,0.004
-443827.100,-1172343.980,370.674,0.006
-443829.630,-1172334.840,370.596,0.004
-443829.510,-1172335.160,370.553,0.007
-443829.370,-1172335.540,370.561,0.009
-443829.250,-1172335.860,370.575,0.005
-443829.110,-1172336.220,370.564,0.006
-443828.970,-1172336.580,370.565,0.005
-443828.850,-1172336.910,370.532,0.008
-443828.450,-1172337.970,370.540,0.010
-443828.310,-1172338.320,370.541,0.009
-443828.170,-1172338.690,370.594,0.006
-443828.039,-1172339.049,370.571,0.009
-443827.909,-1172339.390,370.601,0.009
-443827.790,-1172339.710,370.572,0.008
-443827.379,-1172340.780,370.601,0.009
-443827.250,-1172341.120,370.656,0.004
-443827.119,-1172341.470,370.623,0.007
-443826.979,-1172341.850,370.651,0.009
-443828.770,-1172335.020,370.585,0.005
-443828.510,-1172335.690,370.583,0.007
-443828.390,-1172336.020,370.575,0.005
-443828.250,-1172336.370,370.584,0.006
-443828.119,-1172336.720,370.591,0.009
-443828.000,-1172337.050,370.602,0.008
-443827.730,-1172337.750,370.604,0.006
-443827.600,-1172338.090,370.604,0.006
-443827.480,-1172338.420,370.594,0.006
-443827.199,-1172339.140,370.644,0.006
-443827.070,-1172339.510,370.666,0.004
-443826.939,-1172339.840,370.674,0.006
-443829.360,-1172335.030,370.612,0.008
-443829.230,-1172335.370,370.651,0.009
-443829.110,-1172335.700,370.625,0.005
-443828.970,-1172336.050,370.626,0.004
-443828.840,-1172336.410,370.624,0.006
-443828.720,-1172336.720,370.601,0.009
-443828.580,-1172337.070,370.621,0.009
-443828.179,-1172338.130,370.630,0.010
-443828.059,-1172338.460,370.654,0.006
-443827.920,-1172338.810,370.653,0.007
-443827.780,-1172339.190,370.671,0.009
-443827.660,-1172339.520,370.652,0.008
-443827.120,-1172340.950,370.714,0.006
-443825.770,-1172339.590,371.112,0.008
-443827.740,-1172335.020,370.631,0.009
-443827.610,-1172335.380,370.630,0.010
-443827.469,-1172335.740,370.610,0.010
-443827.349,-1172336.060,370.632,0.008
-443827.209,-1172336.420,370.623,0.007
-443827.069,-1172336.790,370.624,0.006
-443826.940,-1172337.150,370.625,0.005
-443826.810,-1172337.490,370.655,0.005
-443826.670,-1172337.860,370.652,0.008
-443825.970,-1172339.720,371.082,0.008
-443828.430,-1172335.030,370.625,0.005
-443828.290,-1172335.390,370.653,0.007
-443828.160,-1172335.730,370.644,0.006
-443828.029,-1172336.070,370.673,0.007
-443827.900,-1172336.420,370.626,0.004
-443827.769,-1172336.780,370.653,0.007
-443827.639,-1172337.120,370.663,0.007
-443827.510,-1172337.460,370.653,0.007
-443827.249,-1172338.130,370.663,0.007
-443827.120,-1172338.470,370.694,0.006
-443826.979,-1172338.850,370.704,0.006
-443826.860,-1172339.180,370.704,0.006
-443826.980,-1172334.970,370.644,0.006
-443826.860,-1172335.310,370.634,0.006
-443826.719,-1172335.660,370.664,0.006
-443827.420,-1172335.250,370.683,0.007
-443827.269,-1172335.620,370.711,0.009
-443827.149,-1172335.940,370.702,0.009
-443827.030,-1172336.260,370.663,0.007
-443826.900,-1172336.610,370.674,0.006
-443826.759,-1172336.970,370.674,0.006
-443770.239,-1172434.009,361.303,0.007
-443770.000,-1172434.640,361.275,0.005
-443769.880,-1172434.960,361.253,0.007
-443769.740,-1172431.520,361.331,0.009
-443769.490,-1172432.180,361.352,0.008
-443769.130,-1172433.150,361.312,0.008
-443769.010,-1172433.460,361.295,0.005
-443768.890,-1172433.790,361.302,0.008
-443768.760,-1172434.129,361.281,0.009
-443768.280,-1172435.410,361.231,0.009
-443769.890,-1172432.490,361.361,0.009
-443769.780,-1172432.800,361.310,0.010
-443769.170,-1172434.440,361.280,0.010
-443768.800,-1172435.420,361.281,0.009
-443769.850,-1172433.480,361.271,0.010
-443768.740,-1172430.750,361.421,0.009
-443768.620,-1172431.080,361.413,0.007
-443768.240,-1172432.099,361.360,0.010
-443767.870,-1172433.070,361.333,0.007
-443767.760,-1172433.380,361.331,0.009
-443767.630,-1172433.730,361.301,0.009
-443769.930,-1172428.370,361.451,0.009
-443769.320,-1172430.000,361.401,0.009
-443768.930,-1172431.019,361.362,0.008
-443768.580,-1172431.970,361.340,0.010
-443768.080,-1172433.300,361.294,0.006
-443767.950,-1172433.649,361.300,0.010
-443769.800,-1172430.370,361.416,0.004
-443769.430,-1172431.380,361.384,0.006
-443769.050,-1172432.380,361.343,0.007
-443768.930,-1172432.710,361.350,0.010
-443768.800,-1172433.040,361.352,0.008
-443768.690,-1172433.350,361.312,0.008
-443769.230,-1172427.540,361.512,0.008
-443768.250,-1172430.160,361.444,0.006
-443768.009,-1172430.800,361.401,0.009
-443767.140,-1172433.110,361.331,0.009
-443769.850,-1172426.480,361.573,0.007
-443769.490,-1172427.460,361.501,0.009
-443769.120,-1172428.430,361.464,0.006
-443769.000,-1172428.760,361.492,0.008
-443768.890,-1172429.070,361.453,0.007
-443768.520,-1172430.030,361.422,0.008
-443768.400,-1172430.370,361.412,0.008
-443768.280,-1172430.690,361.371,0.009
-443768.150,-1172431.030,361.383,0.007
-443767.900,-1172431.690,361.353,0.007
-443767.660,-1172432.340,361.335,0.005
-443767.530,-1172432.670,361.323,0.007
-443767.410,-1172433.010,361.295,0.005
-443767.280,-1172433.350,361.291,0.009
-443766.550,-1172435.310,361.213,0.007
-443769.710,-1172428.160,361.513,0.007
-443769.480,-1172428.780,361.503,0.007
-443769.110,-1172429.769,361.462,0.008
-443767.100,-1172431.400,361.387,0.003
-443766.840,-1172432.080,361.382,0.008
-443766.730,-1172432.390,361.362,0.008
-443766.360,-1172433.370,361.320,0.010
-443766.250,-1172433.680,361.305,0.005
-443766.000,-1172434.330,361.304,0.006
-443765.880,-1172434.650,361.275,0.005
-443765.770,-1172434.960,361.295,0.005
-443769.600,-1172425.240,361.581,0.009
-443769.480,-1172425.570,361.594,0.006
-443769.340,-1172425.920,361.584,0.006
-443769.220,-1172426.259,361.540,0.010
-443769.090,-1172426.590,361.551,0.009
-443768.970,-1172426.920,361.522,0.008
-443768.230,-1172428.890,361.484,0.006
-443768.109,-1172429.220,361.454,0.006
-443767.250,-1172431.520,361.386,0.004
-443767.010,-1172432.150,361.342,0.008
-443766.890,-1172432.460,361.334,0.006
-443766.160,-1172434.420,361.264,0.006
-443766.030,-1172434.780,361.262,0.008
-443769.730,-1172426.200,361.571,0.009
-443769.520,-1172423.520,361.634,0.006
-443769.270,-1172424.180,361.626,0.004
-443768.420,-1172426.460,361.561,0.009
-443768.310,-1172426.770,361.541,0.009
-443767.930,-1172427.770,361.523,0.007
-443767.560,-1172428.760,361.484,0.006
-443767.440,-1172429.090,361.471,0.009
-443767.180,-1172429.780,361.451,0.009
-443766.450,-1172431.720,361.364,0.006
-443765.580,-1172434.040,361.281,0.009
-443765.470,-1172434.340,361.273,0.007
-443769.200,-1172425.790,361.603,0.007
-443768.580,-1172427.460,361.540,0.010
-443768.080,-1172428.780,361.493,0.007
-443767.970,-1172429.090,361.496,0.004
-443767.960,-1172424.890,361.632,0.008
-443767.829,-1172425.230,361.593,0.007
-443767.459,-1172426.220,361.551,0.009
-443767.340,-1172426.550,361.532,0.008
-443767.210,-1172426.890,361.521,0.009
-443766.610,-1172428.500,361.484,0.006
-443766.490,-1172428.820,361.491,0.009
-443766.250,-1172429.470,361.453,0.007
-443766.009,-1172430.110,361.392,0.009
-443765.390,-1172431.770,361.380,0.010
-443765.010,-1172432.780,361.301,0.009
-443764.410,-1172434.390,361.252,0.008
-443769.290,-1172423.110,361.661,0.009
-443768.660,-1172424.800,361.603,0.007
-443768.540,-1172425.120,361.607,0.003
-443768.290,-1172425.780,361.592,0.008
-443767.940,-1172426.720,361.555,0.005
-443767.570,-1172427.700,361.516,0.004
-443767.190,-1172428.710,361.483,0.007
-443767.080,-1172429.020,361.472,0.008
-443766.830,-1172429.670,361.452,0.008
-443766.320,-1172431.030,361.413,0.007
-443766.080,-1172431.670,361.385,0.005
-443765.720,-1172432.640,361.352,0.008
-443765.350,-1172433.640,361.301,0.009
-443764.970,-1172434.640,361.273,0.007
-443764.740,-1172435.270,361.223,0.007
-443764.610,-1172435.620,361.231,0.009
-443765.350,-1172429.920,361.420,0.010
-443765.110,-1172430.550,361.404,0.006
-443764.880,-1172431.190,361.374,0.006
-443764.520,-1172432.150,361.345,0.005
-443764.260,-1172432.840,361.332,0.008
-443763.900,-1172433.810,361.284,0.006
-443763.660,-1172434.450,361.263,0.007
-443763.400,-1172435.140,361.244,0.006
-443763.150,-1172435.820,361.261,0.009
-443768.430,-1172422.920,361.685,0.005
-443768.320,-1172423.230,361.682,0.008
-443768.190,-1172423.570,361.691,0.009
-443768.050,-1172423.930,361.670,0.010
-443767.940,-1172424.240,361.661,0.009
-443767.570,-1172425.220,361.621,0.009
-443767.070,-1172426.550,361.564,0.006
-443766.950,-1172426.870,361.565,0.005
-443766.220,-1172428.830,361.475,0.005
-443765.740,-1172430.120,361.446,0.004
-443765.250,-1172431.430,361.402,0.008
-443765.130,-1172431.750,361.393,0.007
-443765.010,-1172432.070,361.383,0.007
-443764.880,-1172432.400,361.361,0.009
-443764.640,-1172433.050,361.343,0.007
-443764.260,-1172434.070,361.303,0.007
-443764.020,-1172434.720,361.280,0.010
-443768.940,-1172422.260,361.703,0.007
-443768.820,-1172422.600,361.675,0.005
-443768.690,-1172422.930,361.644,0.006
-443768.570,-1172423.240,361.642,0.008
-443768.330,-1172423.889,361.633,0.008
-443768.200,-1172424.240,361.614,0.006
-443768.080,-1172424.550,361.603,0.007
-443762.800,-1172434.250,361.284,0.006
-443762.560,-1172434.900,361.265,0.005
-443762.310,-1172435.570,361.254,0.006
-443767.770,-1172422.660,361.724,0.006
-443767.650,-1172422.980,361.712,0.008
-443766.290,-1172426.620,361.565,0.005
-443766.170,-1172426.940,361.554,0.006
-443766.049,-1172427.250,361.552,0.008
-443765.920,-1172427.600,361.531,0.009
-443764.570,-1172431.210,361.403,0.007
-443764.450,-1172431.540,361.392,0.008
-443764.090,-1172432.510,361.391,0.009
-443763.970,-1172432.830,361.371,0.009
-443763.120,-1172435.110,361.252,0.008
-443763.000,-1172435.420,361.283,0.007
-443768.070,-1172422.640,361.683,0.007
-443766.470,-1172426.930,361.521,0.009
-443766.970,-1172422.320,361.695,0.005
-443766.710,-1172423.020,361.696,0.004
-443766.600,-1172423.330,361.694,0.006
-443766.220,-1172424.330,361.661,0.009
-443765.990,-1172424.950,361.631,0.009
-443765.260,-1172426.900,361.554,0.006
-443764.880,-1172427.910,361.534,0.006
-443764.770,-1172428.210,361.514,0.006
-443764.660,-1172428.520,361.513,0.007
-443763.900,-1172430.540,361.420,0.010
-443763.790,-1172430.840,361.423,0.007
-443763.670,-1172431.150,361.403,0.007
-443763.420,-1172431.840,361.381,0.009
-443763.170,-1172432.500,361.385,0.005
-443762.670,-1172433.820,361.315,0.005
-443762.430,-1172434.470,361.282,0.008
-443762.070,-1172435.440,361.293,0.007
-443767.200,-1172422.490,361.665,0.005
-443766.720,-1172423.770,361.612,0.008
-443766.600,-1172424.090,361.631,0.009
-443766.470,-1172424.440,361.611,0.009
-443766.230,-1172425.070,361.581,0.009
-443765.980,-1172425.740,361.562,0.008
-443765.730,-1172426.400,361.541,0.009
-443764.990,-1172428.400,361.474,0.006
-443764.870,-1172428.720,361.483,0.007
-443764.620,-1172429.380,361.453,0.007
-443764.510,-1172429.690,361.430,0.010
-443764.260,-1172430.360,361.403,0.007
-443763.890,-1172431.340,361.394,0.006
-443763.040,-1172433.610,361.315,0.005
-443762.920,-1172433.920,361.276,0.004
-443764.960,-1172425.090,361.592,0.008
-443764.830,-1172425.450,361.614,0.006
-443764.580,-1172426.100,361.585,0.005
-443764.340,-1172426.760,361.541,0.009
-443764.100,-1172427.390,361.523,0.007
-443763.980,-1172427.720,361.505,0.005
-443763.870,-1172428.020,361.493,0.007
-443763.490,-1172429.010,361.482,0.008
-443763.370,-1172429.340,361.454,0.006
-443763.260,-1172429.640,361.453,0.007
-443762.890,-1172430.640,361.410,0.010
-443762.140,-1172432.650,361.342,0.008
-443762.020,-1172432.970,361.344,0.006
-443761.650,-1172433.940,361.301,0.009
-443761.530,-1172434.270,361.280,0.010
-443761.290,-1172434.930,361.275,0.005
-443766.160,-1172422.880,361.656,0.004
-443765.900,-1172423.570,361.612,0.008
-443764.930,-1172426.170,361.512,0.008
-443764.810,-1172426.500,361.552,0.008
-443763.950,-1172428.790,361.441,0.009
-443763.080,-1172431.130,361.403,0.007
-443762.730,-1172432.080,361.354,0.006
-443762.360,-1172433.060,361.294,0.006
-443761.860,-1172434.390,361.254,0.006
-443761.490,-1172435.370,361.194,0.006
-443761.590,-1172431.760,361.390,0.010
-443761.100,-1172433.070,361.334,0.006
-443760.970,-1172433.390,361.335,0.005
-443760.610,-1172434.360,361.282,0.008
-443760.360,-1172435.040,361.261,0.009
-443760.230,-1172435.390,361.281,0.009
-443760.100,-1172435.730,361.291,0.009
-443765.350,-1172422.360,361.703,0.007
-443764.840,-1172423.700,361.646,0.004
-443764.480,-1172424.680,361.615,0.005
-443764.240,-1172425.330,361.575,0.005
-443763.990,-1172425.990,361.543,0.007
-443763.610,-1172427.010,361.533,0.007
-443763.370,-1172427.640,361.523,0.007
-443763.120,-1172428.300,361.463,0.007
-443762.889,-1172428.930,361.463,0.007
-443762.770,-1172429.260,361.466,0.004
-443762.530,-1172429.910,361.442,0.008
-443762.290,-1172430.530,361.396,0.004
-443761.180,-1172433.520,361.305,0.005
-443761.050,-1172433.849,361.301,0.009
-443760.810,-1172434.500,361.233,0.007
-443760.689,-1172434.820,361.243,0.007
-443760.570,-1172435.140,361.262,0.008
-443765.320,-1172424.120,361.615,0.005
-443765.210,-1172424.430,361.614,0.006
-443765.090,-1172424.760,361.602,0.008
-443764.470,-1172422.560,361.661,0.009
-443764.350,-1172422.880,361.663,0.008
-443764.220,-1172423.230,361.684,0.006
-443763.980,-1172423.870,361.644,0.006
-443763.850,-1172424.210,361.651,0.009
-443763.730,-1172424.540,361.603,0.007
-443763.610,-1172424.850,361.597,0.003
-443763.120,-1172426.180,361.544,0.006
-443762.990,-1172426.520,361.566,0.004
-443762.630,-1172427.500,361.534,0.006
-443762.510,-1172427.820,361.533,0.007
-443762.010,-1172429.150,361.472,0.008
-443761.880,-1172429.500,361.451,0.009
-443761.390,-1172430.800,361.403,0.007
-443761.150,-1172431.450,361.397,0.003
-443760.800,-1172432.400,361.350,0.010
-443760.670,-1172432.750,361.350,0.010
-443760.310,-1172433.710,361.324,0.006
-443760.190,-1172434.020,361.272,0.008
-443759.940,-1172434.699,361.282,0.008
-443759.570,-1172435.670,361.243,0.007
-443765.140,-1172422.230,361.711,0.009
-443765.030,-1172422.540,361.723,0.007
-443764.770,-1172423.230,361.665,0.005
-443764.650,-1172423.550,361.687,0.003
-443764.400,-1172424.210,361.642,0.008
-443764.280,-1172424.550,361.631,0.009
-443763.900,-1172425.570,361.596,0.004
-443763.660,-1172426.190,361.603,0.007
-443763.410,-1172426.870,361.555,0.005
-443763.170,-1172427.500,361.532,0.008
-443763.780,-1172422.020,361.713,0.007
-443763.650,-1172422.370,361.665,0.005
-443763.170,-1172423.670,361.613,0.007
-443762.930,-1172424.310,361.613,0.007
-443762.810,-1172424.630,361.624,0.006
-443762.690,-1172424.960,361.586,0.004
-443762.560,-1172425.290,361.592,0.008
-443762.450,-1172425.590,361.561,0.009
-443762.200,-1172426.260,361.540,0.010
-443762.089,-1172426.569,361.512,0.008
-443761.820,-1172427.270,361.523,0.007
-443761.600,-1172427.879,361.483,0.007
-443761.470,-1172428.220,361.485,0.005
-443760.730,-1172430.220,361.421,0.009
-443760.610,-1172430.520,361.400,0.010
-443760.480,-1172430.870,361.371,0.009
-443760.110,-1172431.860,361.365,0.005
-443759.990,-1172432.190,361.314,0.006
-443759.860,-1172432.540,361.353,0.007
-443759.740,-1172432.850,361.335,0.005
-443759.020,-1172434.790,361.271,0.009
-443758.780,-1172435.440,361.221,0.009
-443763.920,-1172423.220,361.665,0.005
-443763.190,-1172425.160,361.594,0.006
-443763.070,-1172425.490,361.584,0.006
-443762.820,-1172426.160,361.585,0.005
-443762.460,-1172427.130,361.546,0.004
-443761.720,-1172429.110,361.452,0.008
-443761.340,-1172430.110,361.423,0.007
-443761.220,-1172430.440,361.432,0.008
-443760.840,-1172431.450,361.404,0.006
-443760.600,-1172432.100,361.383,0.007
-443760.360,-1172432.760,361.352,0.008
-443760.240,-1172433.070,361.354,0.006
-443760.130,-1172433.380,361.313,0.007
-443759.760,-1172434.340,361.294,0.006
-443759.520,-1172434.990,361.273,0.007
-443759.400,-1172435.320,361.253,0.007
-443759.280,-1172435.640,361.264,0.006
-443761.180,-1172427.000,361.541,0.009
-443761.060,-1172427.320,361.532,0.008
-443760.700,-1172428.290,361.506,0.004
-443760.090,-1172429.920,361.440,0.010
-443759.730,-1172430.880,361.404,0.006
-443758.870,-1172433.210,361.324,0.006
-443758.750,-1172433.520,361.322,0.008
-443758.380,-1172434.510,361.262,0.008
-443762.940,-1172423.640,361.652,0.008
-443762.570,-1172424.630,361.614,0.006
-443762.090,-1172425.920,361.543,0.007
-443761.980,-1172426.230,361.573,0.007
-443761.860,-1172426.550,361.582,0.008
-443761.610,-1172427.220,361.530,0.010
-443761.490,-1172427.530,361.552,0.009
-443761.120,-1172428.520,361.484,0.006
-443761.000,-1172428.850,361.472,0.008
-443760.630,-1172429.840,361.472,0.008
-443760.510,-1172430.160,361.431,0.009
-443759.890,-1172431.820,361.394,0.006
-443759.400,-1172433.120,361.333,0.007
-443759.030,-1172434.130,361.291,0.009
-443762.650,-1172422.110,361.722,0.008
-443762.410,-1172422.750,361.683,0.007
-443762.280,-1172423.100,361.686,0.004
-443761.780,-1172424.430,361.615,0.005
-443761.660,-1172424.760,361.622,0.008
-443761.540,-1172425.070,361.604,0.006
-443761.170,-1172426.070,361.574,0.006
-443760.070,-1172429.020,361.494,0.006
-443759.710,-1172429.990,361.434,0.006
-443759.590,-1172430.310,361.462,0.008
-443759.340,-1172430.970,361.421,0.009
-443758.980,-1172431.960,361.373,0.007
-443758.610,-1172432.930,361.343,0.007
-443758.360,-1172433.600,361.314,0.006
-443758.110,-1172434.280,361.293,0.007
-443762.890,-1172422.430,361.724,0.006
-443762.660,-1172423.040,361.666,0.004
-443761.910,-1172425.030,361.604,0.006
-443761.790,-1172425.370,361.606,0.004
-443761.540,-1172426.030,361.554,0.006
-443761.420,-1172426.350,361.575,0.005
-443759.270,-1172428.670,361.500,0.010
-443759.160,-1172428.970,361.491,0.009
-443758.670,-1172430.290,361.442,0.008
-443758.420,-1172430.950,361.404,0.006
-443757.820,-1172432.550,361.353,0.007
-443757.700,-1172432.880,361.312,0.008
-443757.580,-1172433.210,361.342,0.008
-443757.210,-1172434.190,361.313,0.007
-443757.090,-1172434.520,361.286,0.004
-443756.960,-1172434.860,361.283,0.007
-443761.790,-1172422.710,361.651,0.009
-443761.550,-1172423.360,361.654,0.006
-443761.430,-1172423.670,361.654,0.006
-443761.180,-1172424.350,361.616,0.004
-443760.800,-1172425.370,361.584,0.006
-443760.560,-1172426.010,361.596,0.004
-443760.320,-1172426.660,361.533,0.007
-443760.190,-1172427.000,361.505,0.005
-443759.700,-1172428.330,361.493,0.007
-443759.450,-1172429.000,361.462,0.008
-443759.330,-1172429.310,361.452,0.008
-443759.210,-1172429.640,361.452,0.008
-443758.610,-1172431.250,361.393,0.007
-443758.490,-1172431.569,361.372,0.008
-443758.250,-1172432.220,361.363,0.007
-443758.000,-1172432.870,361.342,0.008
-443757.879,-1172433.209,361.321,0.009
-443757.520,-1172434.170,361.284,0.006
-443757.390,-1172434.510,361.266,0.004
-443757.260,-1172434.860,361.285,0.005
-443756.900,-1172435.840,361.242,0.008
-443761.070,-1172422.460,361.684,0.006
-443760.830,-1172423.100,361.654,0.006
-443760.710,-1172423.410,361.644,0.006
-443760.590,-1172423.740,361.646,0.004
-443759.990,-1172425.360,361.572,0.008
-443759.740,-1172426.030,361.544,0.006
-443759.610,-1172426.360,361.563,0.007
-443759.500,-1172426.670,361.532,0.008
-443758.990,-1172428.040,361.512,0.008
-443758.750,-1172428.680,361.463,0.007
-443758.520,-1172429.310,361.455,0.005
-443757.650,-1172431.640,361.362,0.008
-443757.280,-1172432.629,361.343,0.007
-443756.320,-1172435.200,361.233,0.007
-443761.480,-1172422.730,361.685,0.005
-443761.120,-1172423.720,361.673,0.007
-443760.520,-1172425.320,361.594,0.006
-443759.880,-1172427.030,361.554,0.006
-443759.650,-1172427.660,361.526,0.004
-443756.810,-1172431.820,361.371,0.009
-443756.580,-1172432.430,361.355,0.005
-443756.460,-1172432.760,361.325,0.005
-443755.719,-1172434.760,361.270,0.010
-443755.469,-1172435.430,361.253,0.007
-443755.360,-1172435.720,361.202,0.008
-443760.510,-1172423.300,361.684,0.006
-443760.380,-1172423.630,361.675,0.005
-443760.140,-1172424.280,361.646,0.004
-443760.030,-1172424.590,361.631,0.009
-443759.790,-1172425.230,361.612,0.008
-443759.670,-1172425.550,361.592,0.008
-443759.300,-1172426.540,361.575,0.005
-443758.930,-1172427.530,361.551,0.009
-443758.440,-1172428.840,361.483,0.007
-443758.070,-1172429.860,361.454,0.006
-443757.830,-1172430.480,361.452,0.008
-443757.720,-1172430.790,361.401,0.009
-443757.460,-1172431.480,361.404,0.006
-443757.220,-1172432.129,361.382,0.008
-443757.090,-1172432.470,361.362,0.008
-443756.240,-1172434.750,361.291,0.009
-443756.120,-1172435.070,361.270,0.010
-443756.010,-1172435.370,361.263,0.007
-443759.440,-1172424.260,361.662,0.008
-443759.319,-1172424.580,361.660,0.010
-443758.460,-1172426.900,361.564,0.006
-443757.250,-1172430.140,361.463,0.007
-443756.890,-1172431.110,361.421,0.009
-443756.640,-1172431.780,361.380,0.010
-443760.360,-1172422.290,361.702,0.008
-443760.250,-1172422.600,361.692,0.008
-443760.120,-1172422.940,361.671,0.009
-443759.990,-1172423.280,361.672,0.008
-443759.130,-1172425.590,361.590,0.010
-443758.660,-1172426.870,361.522,0.008
-443757.440,-1172430.130,361.443,0.007
-443757.070,-1172431.140,361.393,0.007
-443759.390,-1172423.100,361.653,0.007
-443759.130,-1172423.770,361.635,0.005
-443759.010,-1172424.110,361.652,0.008
-443758.880,-1172424.450,361.624,0.006
-443758.760,-1172424.770,361.603,0.007
-443758.160,-1172426.380,361.553,0.007
-443757.910,-1172427.070,361.520,0.010
-443757.780,-1172427.410,361.552,0.008
-443757.540,-1172428.050,361.484,0.006
-443757.420,-1172428.380,361.502,0.008
-443757.170,-1172429.040,361.472,0.008
-443756.820,-1172429.980,361.423,0.007
-443756.700,-1172430.320,361.423,0.007
-443756.340,-1172431.280,361.376,0.004
-443756.090,-1172431.950,361.363,0.007
-443755.730,-1172432.910,361.292,0.008
-443760.180,-1172422.270,361.732,0.008
-443759.930,-1172422.960,361.682,0.008
-443755.170,-1172431.950,361.344,0.006
-443754.810,-1172432.900,361.353,0.007
-443754.210,-1172434.520,361.243,0.007
-443754.089,-1172434.850,361.220,0.010
-443753.720,-1172435.830,361.203,0.007
-443759.280,-1172422.590,361.722,0.008
-443759.160,-1172422.910,361.693,0.007
-443759.030,-1172423.260,361.674,0.006
-443758.910,-1172423.580,361.675,0.005
-443758.160,-1172425.590,361.622,0.008
-443757.190,-1172428.200,361.522,0.008
-443757.060,-1172428.530,361.511,0.009
-443756.940,-1172428.880,361.511,0.009
-443756.210,-1172430.820,361.432,0.008
-443756.090,-1172431.130,361.423,0.007
-443755.850,-1172431.780,361.381,0.009
-443755.740,-1172432.090,361.376,0.004
-443755.620,-1172432.409,361.362,0.008
-443755.250,-1172433.410,361.333,0.007
-443755.000,-1172434.060,361.321,0.009
-443754.630,-1172435.060,361.272,0.008
-443754.510,-1172435.400,361.263,0.007
-443754.390,-1172435.720,361.243,0.007
-443757.800,-1172424.340,361.660,0.010
-443757.570,-1172424.970,361.632,0.008
-443757.200,-1172425.970,361.585,0.005
-443757.080,-1172426.300,361.594,0.006
-443756.710,-1172427.280,361.551,0.009
-443756.460,-1172427.950,361.524,0.006
-443756.329,-1172428.300,361.535,0.005
-443756.210,-1172428.620,361.510,0.010
-443755.970,-1172429.270,361.483,0.007
-443755.480,-1172430.590,361.452,0.008
-443755.240,-1172431.230,361.423,0.008
-443755.110,-1172431.580,361.395,0.005
-443754.990,-1172431.900,361.415,0.005
-443754.860,-1172432.240,361.373,0.007
-443754.750,-1172432.540,361.385,0.005
-443754.620,-1172432.890,361.363,0.007
-443754.020,-1172434.490,361.293,0.007
-443753.790,-1172435.110,361.261,0.009
-443753.660,-1172435.470,361.262,0.008
-443753.550,-1172435.770,361.261,0.009
-443753.430,-1172436.100,361.252,0.008
-443758.590,-1172422.749,361.651,0.009
-443758.470,-1172423.060,361.652,0.008
-443758.350,-1172423.390,361.630,0.010
-443758.230,-1172423.720,361.643,0.007
-443757.990,-1172424.350,361.600,0.010
-443757.860,-1172424.710,361.626,0.004
-443757.730,-1172425.050,361.584,0.006
-443757.610,-1172425.370,361.612,0.008
-443757.250,-1172426.350,361.543,0.007
-443757.120,-1172426.690,361.532,0.008
-443756.870,-1172427.370,361.492,0.008
-443756.640,-1172427.990,361.483,0.007
-443756.520,-1172428.310,361.462,0.008
-443756.390,-1172428.660,361.464,0.006
-443756.260,-1172429.000,361.461,0.009
-443755.779,-1172430.310,361.392,0.008
-443755.650,-1172430.639,361.382,0.008
-443755.520,-1172430.990,361.384,0.006
-443758.010,-1172422.540,361.724,0.006
-443757.890,-1172422.880,361.724,0.006
-443756.930,-1172425.450,361.604,0.006
-443756.800,-1172425.790,361.582,0.008
-443756.680,-1172426.110,361.573,0.007
-443756.320,-1172427.080,361.542,0.008
-443756.200,-1172427.410,361.532,0.008
-443755.950,-1172428.070,361.532,0.008
-443755.840,-1172428.380,361.480,0.010
-443755.460,-1172429.400,361.466,0.004
-443755.210,-1172430.070,361.461,0.009
-443754.730,-1172431.360,361.414,0.006
-443754.360,-1172432.350,361.361,0.009
-443754.240,-1172432.680,361.342,0.008
-443754.110,-1172433.030,361.325,0.005
-443754.000,-1172433.340,361.313,0.007
-443753.630,-1172434.330,361.282,0.008
-443753.510,-1172434.650,361.291,0.009
-443753.390,-1172434.970,361.273,0.007
-443753.270,-1172435.280,361.262,0.008
-443753.150,-1172435.600,361.261,0.009
-443756.780,-1172425.120,361.662,0.008
-443756.650,-1172425.470,361.634,0.006
-443756.530,-1172425.780,361.631,0.009
-443756.299,-1172426.420,361.601,0.009
-443755.930,-1172427.390,361.590,0.010
-443755.450,-1172428.690,361.531,0.009
-443755.320,-1172429.030,361.493,0.007
-443755.210,-1172429.350,361.503,0.007
-443754.710,-1172430.670,361.440,0.010
-443753.980,-1172432.650,361.401,0.009
-443753.860,-1172432.980,361.361,0.009
-443753.740,-1172433.280,361.353,0.007
-443753.610,-1172433.630,361.352,0.008
-443753.490,-1172433.970,361.331,0.009
-443753.370,-1172434.290,361.311,0.009
-443753.120,-1172434.950,361.311,0.009
-443752.880,-1172435.600,361.273,0.007
-443756.780,-1172423.480,361.680,0.010
-443756.660,-1172423.820,361.664,0.006
-443756.540,-1172424.130,361.635,0.005
-443756.420,-1172424.460,361.642,0.008
-443755.430,-1172427.110,361.563,0.007
-443755.320,-1172427.420,361.521,0.009
-443755.200,-1172427.730,361.530,0.010
-443755.080,-1172428.050,361.522,0.008
-443754.950,-1172428.400,361.504,0.006
-443754.350,-1172430.020,361.432,0.008
-443754.110,-1172430.680,361.401,0.009
-443753.990,-1172430.990,361.381,0.009
-443752.010,-1172434.200,361.262,0.008
-443751.880,-1172434.560,361.271,0.009
-443751.760,-1172434.870,361.242,0.008
-443751.640,-1172435.210,361.255,0.005
-443751.510,-1172435.570,361.234,0.006
-443751.390,-1172435.880,361.224,0.006
-443751.280,-1172436.190,361.252,0.008
-443756.810,-1172422.760,361.734,0.006
-443756.310,-1172424.090,361.655,0.005
-443756.180,-1172424.440,361.643,0.007
-443755.820,-1172425.400,361.642,0.008
-443755.200,-1172427.070,361.562,0.008
-443755.090,-1172427.380,361.562,0.008
-443754.710,-1172428.380,361.526,0.004
-443754.360,-1172429.330,361.487,0.003
-443754.000,-1172430.300,361.461,0.009
-443753.640,-1172431.270,361.431,0.009
-443752.660,-1172433.920,361.314,0.006
-443752.420,-1172432.280,361.373,0.007
-443752.290,-1172432.620,361.372,0.008
-443752.050,-1172433.260,361.331,0.009
-443751.560,-1172434.590,361.321,0.009
-443751.450,-1172434.890,361.303,0.007
-443751.200,-1172435.550,361.272,0.008
-443756.270,-1172422.760,361.683,0.007
-443755.160,-1172425.730,361.585,0.005
-443755.040,-1172426.060,361.574,0.006
-443754.930,-1172426.360,361.561,0.009
-443754.800,-1172426.700,361.543,0.007
-443754.560,-1172427.360,361.525,0.005
-443754.310,-1172428.040,361.503,0.007
-443754.180,-1172428.380,361.485,0.005
-443754.060,-1172428.690,361.484,0.006
-443753.940,-1172429.030,361.465,0.005
-443753.820,-1172429.350,361.472,0.008
-443753.580,-1172429.990,361.443,0.007
-443753.230,-1172430.940,361.405,0.005
-443753.100,-1172431.270,361.351,0.009
-443752.620,-1172432.560,361.331,0.009
-443752.499,-1172432.889,361.311,0.009
-443752.370,-1172433.250,361.311,0.009
-443752.140,-1172433.860,361.283,0.007
-443753.810,-1172426.820,361.543,0.007
-443753.060,-1172428.840,361.483,0.007
-443752.940,-1172429.160,361.484,0.006
-443752.700,-1172429.810,361.435,0.005
-443752.460,-1172430.460,361.415,0.005
-443752.210,-1172431.130,361.365,0.005
-443751.840,-1172432.130,361.366,0.004
-443751.720,-1172432.450,361.355,0.005
-443751.600,-1172432.770,361.335,0.005
-443751.480,-1172433.090,361.326,0.004
-443751.360,-1172433.410,361.313,0.007
-443751.000,-1172434.380,361.313,0.007
-443750.530,-1172435.660,361.222,0.008
-443750.400,-1172436.000,361.244,0.006
-443756.070,-1172422.460,361.712,0.008
-443755.700,-1172423.440,361.715,0.005
-443755.220,-1172424.740,361.634,0.006
-443755.099,-1172425.050,361.633,0.007
-443754.850,-1172425.740,361.591,0.009
-443754.600,-1172426.410,361.603,0.007
-443754.470,-1172426.750,361.553,0.007
-443754.350,-1172427.080,361.574,0.006
-443753.860,-1172428.390,361.522,0.008
-443753.500,-1172429.370,361.482,0.008
-443753.370,-1172429.700,361.462,0.008
-443753.010,-1172430.670,361.414,0.006
-443755.010,-1172422.800,361.710,0.010
-443754.890,-1172423.120,361.713,0.007
-443754.770,-1172423.469,361.681,0.009
-443752.840,-1172428.660,361.495,0.005
-443752.590,-1172429.330,361.472,0.008
-443752.460,-1172429.680,361.475,0.005
-443751.490,-1172432.270,361.352,0.008
-443751.240,-1172432.950,361.364,0.006
-443750.760,-1172434.250,361.312,0.008
-443750.640,-1172434.580,361.302,0.008
-443750.530,-1172434.880,361.301,0.009
-443750.400,-1172435.200,361.302,0.008
-443750.160,-1172435.870,361.275,0.005
-443750.050,-1172436.160,361.262,0.008
-443755.250,-1172422.930,361.641,0.009
-443755.130,-1172423.250,361.675,0.005
-443754.290,-1172425.520,361.603,0.007
-443754.170,-1172425.860,361.571,0.009
-443749.050,-1172436.310,361.253,0.007
-443754.420,-1172422.830,361.693,0.007
-443754.040,-1172423.840,361.654,0.006
-443753.800,-1172424.490,361.622,0.008
-443753.680,-1172424.810,361.614,0.006
-443753.550,-1172425.160,361.605,0.005
-443753.200,-1172426.100,361.560,0.010
-443752.960,-1172426.750,361.573,0.007
-443752.730,-1172427.390,361.510,0.010
-443752.600,-1172427.720,361.506,0.004
-443752.480,-1172428.040,361.527,0.003
-443752.360,-1172428.360,361.493,0.007
-443752.120,-1172429.030,361.463,0.007
-443751.500,-1172430.690,361.417,0.003
-443751.250,-1172431.350,361.381,0.009
-443751.020,-1172432.000,361.371,0.009
-443750.890,-1172432.320,361.354,0.006
-443750.650,-1172432.980,361.347,0.003
-443750.530,-1172433.310,361.337,0.003
-443750.400,-1172433.660,361.312,0.008
-443750.270,-1172433.990,361.313,0.007
-443750.150,-1172434.320,361.322,0.008
-443749.910,-1172434.960,361.282,0.008
-443749.790,-1172435.299,361.271,0.009
-443750.330,-1172431.230,361.400,0.010
-443749.840,-1172432.530,361.352,0.008
-443749.350,-1172433.870,361.312,0.008
-443749.220,-1172434.220,361.312,0.008
-443749.110,-1172434.520,361.301,0.009
-443748.990,-1172434.840,361.280,0.010
-443748.860,-1172435.170,361.283,0.007
-443753.300,-1172424.860,361.622,0.008
-443753.050,-1172425.520,361.601,0.009
-443752.800,-1172426.190,361.572,0.008
-443752.570,-1172426.830,361.543,0.007
-443751.850,-1172428.750,361.473,0.007
-443751.730,-1172429.070,361.493,0.007
-443751.490,-1172429.730,361.463,0.007
-443751.120,-1172430.720,361.414,0.006
-443751.000,-1172431.030,361.410,0.010
-443750.760,-1172431.700,361.394,0.006
-443750.380,-1172432.720,361.361,0.009
-443750.260,-1172433.040,361.345,0.005
-443750.020,-1172433.670,361.332,0.008
-443749.900,-1172434.000,361.315,0.005
-443749.660,-1172434.660,361.282,0.008
-443749.530,-1172434.990,361.282,0.008
-443752.180,-1172425.650,361.590,0.010
-443750.840,-1172429.260,361.483,0.007
-443749.990,-1172431.540,361.401,0.009
-443749.520,-1172432.820,361.371,0.009
-443749.270,-1172433.500,361.343,0.007
-443749.150,-1172433.820,361.315,0.005
-443749.040,-1172434.120,361.323,0.007
-443748.910,-1172434.450,361.311,0.009
-443748.779,-1172434.809,361.301,0.009
-443748.540,-1172435.460,361.265,0.005
-443752.750,-1172424.700,361.611,0.009
-443752.640,-1172425.010,361.601,0.009
-443752.510,-1172425.360,361.590,0.010
-443749.740,-1172429.990,361.462,0.008
-443749.490,-1172430.660,361.456,0.004
-443748.880,-1172432.300,361.380,0.010
-443748.510,-1172433.300,361.364,0.006
-443748.270,-1172433.930,361.315,0.005
-443748.160,-1172434.240,361.323,0.007
-443747.800,-1172435.210,361.253,0.007
-443747.680,-1172435.530,361.275,0.005
-443747.550,-1172435.870,361.284,0.007
-443747.430,-1172436.190,361.263,0.007
-443752.610,-1172423.120,361.705,0.005
-443752.380,-1172423.740,361.655,0.005
-443752.250,-1172424.079,361.634,0.006
-443752.130,-1172424.410,361.634,0.006
-443752.010,-1172424.740,361.626,0.004
-443751.890,-1172425.070,361.616,0.004
-443751.770,-1172425.400,361.611,0.009
-443750.910,-1172427.700,361.523,0.007
-443750.790,-1172428.020,361.494,0.006
-443750.669,-1172428.340,361.511,0.009
-443750.050,-1172430.010,361.473,0.007
-443749.930,-1172430.350,361.442,0.008
-443749.090,-1172432.600,361.363,0.007
-443748.980,-1172432.910,361.341,0.009
-443748.120,-1172435.210,361.265,0.005
-443747.890,-1172435.830,361.233,0.007
-443747.760,-1172436.190,361.242,0.008
-443751.300,-1172423.940,361.667,0.003
-443751.060,-1172424.600,361.632,0.008
-443750.710,-1172425.539,361.612,0.008
-443750.470,-1172426.200,361.573,0.007
-443750.350,-1172426.500,361.563,0.007
-443750.110,-1172427.170,361.544,0.006
-443749.990,-1172427.490,361.474,0.006
-443749.620,-1172428.470,361.492,0.008
-443748.760,-1172430.800,361.432,0.008
-443748.400,-1172431.780,361.385,0.005
-443748.030,-1172432.760,361.353,0.007
-443747.900,-1172433.110,361.343,0.007
-443747.670,-1172433.750,361.313,0.007
-443747.550,-1172434.060,361.305,0.005
-443746.950,-1172435.680,361.213,0.007
-443746.820,-1172436.020,361.243,0.007
-443746.710,-1172436.330,361.255,0.005
-443752.400,-1172422.810,361.711,0.009
-443752.270,-1172423.160,361.715,0.005
-443751.800,-1172424.420,361.640,0.010
-443751.680,-1172424.750,361.642,0.008
-443751.440,-1172425.390,361.593,0.007
-443751.320,-1172425.710,361.585,0.005
-443751.070,-1172426.380,361.595,0.005
-443750.830,-1172427.030,361.563,0.007
-443750.720,-1172427.350,361.563,0.007
-443750.590,-1172427.680,361.523,0.007
-443750.460,-1172428.030,361.525,0.005
-443749.849,-1172429.670,361.460,0.010
-443750.780,-1172424.540,361.632,0.008
-443750.660,-1172424.850,361.641,0.009
-443750.540,-1172425.180,361.642,0.008
-443750.290,-1172425.859,361.612,0.008
-443750.179,-1172426.160,361.592,0.008
-443749.460,-1172428.090,361.511,0.009
-443749.340,-1172428.420,361.524,0.006
-443749.220,-1172428.730,361.512,0.008
-443747.880,-1172432.340,361.374,0.006
-443747.760,-1172432.670,361.371,0.009
-443747.630,-1172433.030,361.373,0.007
-443747.510,-1172433.340,361.351,0.009
-443747.140,-1172434.350,361.313,0.007
-443747.020,-1172434.660,361.303,0.008
-443746.900,-1172434.990,361.292,0.008
-443746.770,-1172435.340,361.282,0.008
-443746.660,-1172435.640,361.263,0.007
-443746.530,-1172435.980,361.273,0.007
-443746.140,-1172434.710,361.301,0.009
-443746.020,-1172435.020,361.324,0.006
-443745.780,-1172435.660,361.262,0.008
-443745.660,-1172436.000,361.301,0.009
-443745.540,-1172436.320,361.262,0.008
-443750.910,-1172422.610,361.705,0.005
-443750.440,-1172423.890,361.655,0.005
-443750.320,-1172424.220,361.625,0.005
-443749.950,-1172425.220,361.604,0.006
-443749.580,-1172426.210,361.574,0.006
-443748.390,-1172429.430,361.442,0.008
-443748.140,-1172430.080,361.433,0.007
-443748.020,-1172430.430,361.446,0.004
-443747.290,-1172432.400,361.362,0.008
-443746.560,-1172434.360,361.286,0.004
-443746.440,-1172434.690,361.286,0.004
-443746.320,-1172434.999,361.274,0.006
-443746.060,-1172435.700,361.262,0.008
-443745.950,-1172436.020,361.244,0.006
-443745.830,-1172436.330,361.232,0.008
-443747.690,-1172429.000,361.501,0.009
-443747.200,-1172430.310,361.465,0.005
-443747.080,-1172430.650,361.462,0.008
-443746.730,-1172431.580,361.404,0.006
-443746.140,-1172433.200,361.340,0.010
-443746.020,-1172433.520,361.346,0.004
-443745.770,-1172434.180,361.335,0.005
-443745.160,-1172435.830,361.276,0.004
-443745.040,-1172436.160,361.223,0.007
-443744.910,-1172436.490,361.251,0.009
-443750.390,-1172423.240,361.701,0.009
-443750.150,-1172423.890,361.672,0.008
-443750.020,-1172424.240,361.673,0.007
-443749.660,-1172425.200,361.644,0.006
-443749.540,-1172425.520,361.624,0.006
-443749.420,-1172425.860,361.611,0.009
-443749.290,-1172426.200,361.625,0.005
-443748.080,-1172429.470,361.473,0.007
-443747.960,-1172429.790,361.502,0.008
-443747.479,-1172431.069,361.461,0.009
-443746.750,-1172433.050,361.365,0.005
-443746.630,-1172433.370,361.354,0.006
-443749.300,-1172424.060,361.691,0.009
-443748.930,-1172425.060,361.641,0.009
-443748.810,-1172425.390,361.632,0.008
-443748.450,-1172426.360,361.611,0.009
-443748.330,-1172426.680,361.573,0.007
-443748.200,-1172427.030,361.580,0.010
-443748.070,-1172427.380,361.553,0.007
-443747.950,-1172427.720,361.564,0.006
-443747.830,-1172428.030,361.542,0.008
-443747.600,-1172428.660,361.514,0.006
-443746.500,-1172431.620,361.422,0.008
-443745.780,-1172433.570,361.365,0.005
-443749.520,-1172424.049,361.641,0.009
-443749.040,-1172425.360,361.615,0.005
-443748.660,-1172426.370,361.571,0.009
-443748.550,-1172426.680,361.552,0.008
-443748.180,-1172427.670,361.535,0.005
-443748.060,-1172428.000,361.523,0.007
-443744.040,-1172435.760,361.264,0.006
-443743.920,-1172436.090,361.271,0.009
-443749.000,-1172423.320,361.671,0.009
-443748.760,-1172423.970,361.641,0.009
-443748.040,-1172425.900,361.591,0.009
-443747.790,-1172426.570,361.591,0.009
-443747.670,-1172426.910,361.564,0.006
-443747.060,-1172428.540,361.502,0.008
-443746.460,-1172430.180,361.460,0.010
-443745.850,-1172431.820,361.402,0.008
-443745.480,-1172432.820,361.343,0.007
-443745.360,-1172433.130,361.343,0.007
-443744.890,-1172434.410,361.295,0.005
-443744.640,-1172435.070,361.277,0.003
-443744.410,-1172435.700,361.265,0.005
-443744.170,-1172436.340,361.225,0.005
-443746.240,-1172427.960,361.502,0.008
-443746.120,-1172428.270,361.512,0.008
-443746.010,-1172428.580,361.503,0.007
-443745.880,-1172428.920,361.484,0.006
-443745.160,-1172430.880,361.431,0.009
-443745.040,-1172431.210,361.411,0.009
-443744.910,-1172431.550,361.373,0.007
-443744.310,-1172433.170,361.322,0.008
-443744.060,-1172433.850,361.312,0.008
-443743.940,-1172434.170,361.271,0.009
-443743.210,-1172436.150,361.227,0.003
-443743.090,-1172436.480,361.236,0.004
-443748.379,-1172424.030,361.681,0.009
-443748.269,-1172424.339,361.672,0.008
-443748.020,-1172425.000,361.640,0.010
-443747.910,-1172425.320,361.635,0.005
-443747.790,-1172425.629,361.612,0.008
-443747.549,-1172426.279,361.591,0.009
-443747.070,-1172427.580,361.562,0.008
-443746.700,-1172428.580,361.552,0.008
-443745.360,-1172432.190,361.383,0.007
-443744.760,-1172433.820,361.341,0.009
-443744.630,-1172434.160,361.330,0.010
-443744.390,-1172434.820,361.290,0.010
-443742.970,-1172434.720,361.291,0.009
-443742.370,-1172436.350,361.200,0.010
-443747.730,-1172423.240,361.702,0.008
-443747.370,-1172424.210,361.665,0.005
-443747.260,-1172424.530,361.654,0.006
-443747.130,-1172424.880,361.652,0.008
-443746.770,-1172425.850,361.632,0.008
-443746.640,-1172426.200,361.604,0.006
-443746.400,-1172426.860,361.560,0.010
-443746.030,-1172427.840,361.520,0.010
-443745.680,-1172428.780,361.512,0.008
-443744.600,-1172431.710,361.422,0.008
-443744.100,-1172433.040,361.351,0.009
-443743.860,-1172433.710,361.350,0.010
-443743.140,-1172435.650,361.264,0.006
-443743.010,-1172435.990,361.244,0.006
-443742.890,-1172436.340,361.244,0.006
-443747.330,-1172425.030,361.615,0.005
-443746.550,-1172424.250,361.671,0.009
-443745.690,-1172426.580,361.592,0.008
-443745.580,-1172426.880,361.581,0.009
-443745.340,-1172427.520,361.572,0.008
-443744.980,-1172428.500,361.523,0.007
-443744.600,-1172429.530,361.513,0.007
-443744.350,-1172430.180,361.476,0.004
-443743.880,-1172431.470,361.440,0.010
-443743.759,-1172431.780,361.420,0.010
-443743.159,-1172433.399,361.381,0.009
-443742.200,-1172436.010,361.233,0.007
-443747.220,-1172423.240,361.685,0.005
-443747.090,-1172423.580,361.674,0.006
-443746.970,-1172423.910,361.672,0.008
-443746.840,-1172424.260,361.650,0.010
-443746.720,-1172424.580,361.631,0.009
-443746.600,-1172424.920,361.644,0.006
-443746.480,-1172425.240,361.633,0.007
-443746.360,-1172425.570,361.625,0.005
-443746.240,-1172425.880,361.615,0.005
-443746.120,-1172426.210,361.585,0.005
-443745.990,-1172426.550,361.581,0.009
-443745.750,-1172427.200,361.544,0.006
-443745.630,-1172427.540,361.551,0.009
-443745.260,-1172428.520,361.496,0.004
-443745.020,-1172429.190,361.513,0.007
-443744.780,-1172429.830,361.462,0.008
-443744.670,-1172430.130,361.434,0.006
-443744.550,-1172430.440,361.446,0.004
-443744.430,-1172430.780,361.434,0.006
-443744.070,-1172431.760,361.405,0.005
-443743.950,-1172432.060,361.383,0.007
-443743.830,-1172432.400,361.364,0.006
-443743.340,-1172433.710,361.323,0.007
-443743.220,-1172434.050,361.323,0.007
-443741.360,-1172436.080,361.262,0.008
-443741.230,-1172436.430,361.232,0.008
-443741.100,-1172436.760,361.242,0.008
-443746.420,-1172423.040,361.726,0.004
-443746.310,-1172423.349,361.683,0.007
-443746.070,-1172424.000,361.653,0.007
-443745.820,-1172424.660,361.624,0.006
-443745.700,-1172424.990,361.642,0.008
-443745.580,-1172425.310,361.612,0.008
-443745.460,-1172425.640,361.591,0.009
-443745.210,-1172426.310,361.602,0.008
-443744.840,-1172427.310,361.574,0.006
-443744.720,-1172427.630,361.554,0.006
-443744.480,-1172428.280,361.490,0.010
-443744.359,-1172428.610,361.502,0.008
-443743.879,-1172429.910,361.442,0.008
-443743.270,-1172431.570,361.421,0.009
-443743.020,-1172432.230,361.372,0.008
-443742.909,-1172432.539,361.380,0.010
-443742.670,-1172433.180,361.346,0.004
-443742.560,-1172433.490,361.333,0.007
-443742.440,-1172433.810,361.302,0.008
-443742.319,-1172434.139,361.300,0.010
-443741.600,-1172436.080,361.213,0.007
-443741.480,-1172436.400,361.221,0.009
-443746.920,-1172423.260,361.724,0.006
-443744.359,-1172426.690,361.572,0.008
-443743.510,-1172428.970,361.511,0.009
-443742.660,-1172431.290,361.413,0.007
-443742.540,-1172431.600,361.390,0.010
-443742.430,-1172431.920,361.372,0.008
-443741.690,-1172433.910,361.320,0.010
-443740.970,-1172435.860,361.265,0.005
-443740.860,-1172436.160,361.224,0.006
-443745.690,-1172424.370,361.651,0.009
-443744.240,-1172428.280,361.521,0.009
-443744.120,-1172428.610,361.514,0.006
-443743.150,-1172431.240,361.432,0.008
-443742.900,-1172431.900,361.393,0.007
-443742.660,-1172432.560,361.394,0.006
-443742.540,-1172432.890,361.334,0.006
-443742.180,-1172433.870,361.332,0.008
-443742.050,-1172434.200,361.333,0.007
-443741.710,-1172435.120,361.271,0.009
-443745.280,-1172423.470,361.714,0.006
-443745.160,-1172423.790,361.691,0.009
-443745.040,-1172424.100,361.701,0.009
-443744.919,-1172424.429,361.661,0.009
-443744.430,-1172425.770,361.600,0.010
-443744.190,-1172426.420,361.614,0.006
-443743.950,-1172427.060,361.592,0.008
-443743.710,-1172427.700,361.574,0.006
-443742.380,-1172431.290,361.440,0.010
-443740.930,-1172435.230,361.271,0.009
-443740.810,-1172435.560,361.274,0.006
-443740.570,-1172436.200,361.244,0.006
-443745.560,-1172423.450,361.671,0.009
-443745.069,-1172424.759,361.650,0.010
-443744.950,-1172425.100,361.621,0.009
-443744.830,-1172425.410,361.626,0.004
-443740.170,-1172434.880,361.305,0.005
-443744.719,-1172423.390,361.693,0.007
-443744.469,-1172424.070,361.661,0.009
-443744.359,-1172424.370,361.630,0.010
-443743.989,-1172425.360,361.612,0.008
-443743.870,-1172425.690,361.604,0.006
-443743.750,-1172426.000,361.602,0.009
-443743.630,-1172426.340,361.581,0.009
-443743.500,-1172426.690,361.583,0.007
-443743.379,-1172427.010,361.581,0.009
-443743.140,-1172427.670,361.552,0.008
-443742.900,-1172428.320,361.516,0.004
-443742.780,-1172428.630,361.501,0.009
-443741.100,-1172433.170,361.334,0.006
-443740.980,-1172433.510,361.322,0.008
-443740.010,-1172436.120,361.234,0.006
-443742.370,-1172427.490,361.533,0.007
-443742.250,-1172427.810,361.511,0.009
-443742.130,-1172428.150,361.521,0.009
-443741.029,-1172431.110,361.421,0.009
-443740.330,-1172433.010,361.333,0.007
-443739.970,-1172433.990,361.300,0.010
-443739.490,-1172435.290,361.273,0.007
-443739.370,-1172435.610,361.233,0.007
-443744.530,-1172423.100,361.723,0.007
-443744.170,-1172424.070,361.694,0.006
-443743.790,-1172425.110,361.670,0.010
-443742.830,-1172427.700,361.541,0.009
-443742.700,-1172428.040,361.571,0.009
-443742.580,-1172428.370,361.543,0.007
-443742.340,-1172429.030,361.550,0.010
-443741.140,-1172432.260,361.403,0.007
-443740.910,-1172432.890,361.382,0.008
-443740.780,-1172433.240,361.385,0.005
-443740.660,-1172433.560,361.353,0.007
-443743.460,-1172423.620,361.723,0.007
-443743.340,-1172423.960,361.695,0.005
-443743.110,-1172424.580,361.663,0.007
-443742.980,-1172424.930,361.662,0.008
-443741.410,-1172429.170,361.524,0.006
-443741.160,-1172429.860,361.502,0.008
-443740.190,-1172432.480,361.401,0.009
-443739.240,-1172435.040,361.311,0.009
-443743.950,-1172423.210,361.696,0.004
-443743.830,-1172423.540,361.681,0.009
-443743.710,-1172423.880,361.674,0.006
-443743.220,-1172425.190,361.610,0.010
-443742.980,-1172425.840,361.602,0.008
-443739.870,-1172431.190,361.450,0.010
-443738.910,-1172433.790,361.341,0.009
-443738.070,-1172436.050,361.262,0.008
-443743.019,-1172423.210,361.691,0.009
-443742.670,-1172424.170,361.644,0.006
-443742.550,-1172424.500,361.652,0.008
-443742.430,-1172424.800,361.620,0.010
-443740.860,-1172429.060,361.482,0.008
-443739.410,-1172432.990,361.342,0.008
-443739.290,-1172433.320,361.323,0.007
-443738.810,-1172434.610,361.302,0.008
-443738.690,-1172434.930,361.281,0.009
-443738.460,-1172435.570,361.230,0.010
-443738.340,-1172435.880,361.221,0.009
-443738.220,-1172436.200,361.221,0.009
-443741.840,-1172424.520,361.653,0.007
-443741.720,-1172424.850,361.621,0.009
-443738.340,-1172434.000,361.321,0.009
-443737.860,-1172435.310,361.264,0.006
-443737.740,-1172435.640,361.262,0.008
-443743.010,-1172422.680,361.764,0.006
-443742.900,-1172423.000,361.742,0.008
-443742.780,-1172423.320,361.724,0.006
-443742.530,-1172424.000,361.666,0.004
-443742.410,-1172424.320,361.682,0.008
-443742.290,-1172424.630,361.652,0.008
-443742.170,-1172424.950,361.660,0.010
-443741.220,-1172427.540,361.592,0.008
-443740.979,-1172428.179,361.521,0.009
-443740.730,-1172428.870,361.532,0.008
-443740.610,-1172429.190,361.521,0.009
-443738.190,-1172431.650,361.391,0.009
-443738.070,-1172431.980,361.390,0.010
-443737.830,-1172432.620,361.352,0.008
-443737.580,-1172433.300,361.324,0.006
-443737.470,-1172433.610,361.333,0.007
-443737.350,-1172433.920,361.313,0.007
-443736.980,-1172434.930,361.281,0.009
-443736.730,-1172435.600,361.245,0.005
-443736.620,-1172435.910,361.234,0.006
-443736.500,-1172436.220,361.200,0.010
-443741.810,-1172423.710,361.713,0.007
-443741.690,-1172424.050,361.692,0.008
-443741.570,-1172424.380,361.701,0.009
-443741.090,-1172425.670,361.641,0.009
-443739.880,-1172428.950,361.514,0.006
-443736.050,-1172434.950,361.292,0.008
-443735.450,-1172436.570,361.212,0.008
-443740.990,-1172423.170,361.712,0.008
-443740.620,-1172424.160,361.673,0.007
-443740.500,-1172424.490,361.641,0.009
-443740.390,-1172424.800,361.644,0.006
-443740.270,-1172425.110,361.647,0.003
-443740.140,-1172425.470,361.656,0.004
-443740.010,-1172425.810,361.644,0.006
-443739.640,-1172426.809,361.582,0.008
-443739.420,-1172427.430,361.576,0.004
-443739.290,-1172427.760,361.574,0.006
-443739.160,-1172428.110,361.553,0.007
-443739.050,-1172428.430,361.542,0.008
-443738.810,-1172429.080,361.511,0.009
-443738.679,-1172429.430,361.501,0.009
-443738.560,-1172429.750,361.531,0.009
-443737.480,-1172432.680,361.390,0.010
-443737.130,-1172433.620,361.353,0.007
-443736.880,-1172434.290,361.312,0.008
-443736.400,-1172435.600,361.292,0.008
-443736.160,-1172436.250,361.230,0.010
-443740.840,-1172424.470,361.642,0.008
-443740.720,-1172424.810,361.633,0.007
-443740.600,-1172425.130,361.614,0.007
-443740.470,-1172425.470,361.593,0.007
-443740.350,-1172425.810,361.598,0.002
-443740.120,-1172426.430,361.582,0.008
-443739.750,-1172427.420,361.520,0.010
-443739.630,-1172427.760,361.531,0.009
-443739.500,-1172428.090,361.522,0.008
-443739.270,-1172428.740,361.491,0.009
-443738.890,-1172429.750,361.464,0.006
-443739.760,-1172424.000,361.681,0.009
-443739.640,-1172424.330,361.664,0.006
-443739.520,-1172424.650,361.683,0.007
-443739.280,-1172425.310,361.663,0.007
-443739.160,-1172425.640,361.653,0.007
-443738.920,-1172426.270,361.623,0.007
-443738.320,-1172427.910,361.574,0.006
-443738.200,-1172428.230,361.554,0.006
-443738.080,-1172428.560,361.543,0.007
-443737.830,-1172429.240,361.522,0.008
-443737.230,-1172430.860,361.451,0.009
-443736.500,-1172432.850,361.391,0.009
-443736.140,-1172433.830,361.342,0.008
-443736.020,-1172434.140,361.342,0.008
-443740.020,-1172424.190,361.651,0.009
-443739.660,-1172425.160,361.621,0.009
-443739.410,-1172425.840,361.613,0.007
-443739.290,-1172426.150,361.575,0.005
-443739.180,-1172426.470,361.583,0.007
-443739.050,-1172426.800,361.555,0.005
-443738.550,-1172428.150,361.534,0.006
-443738.320,-1172428.780,361.501,0.009
-443738.080,-1172429.430,361.473,0.007
-443737.710,-1172430.440,361.465,0.005
-443737.590,-1172430.760,361.443,0.007
-443736.640,-1172433.330,361.325,0.005
-443736.170,-1172434.620,361.314,0.006
-443738.270,-1172425.720,361.623,0.007
-443738.160,-1172426.040,361.592,0.008
-443738.040,-1172426.370,361.634,0.006
-443737.560,-1172427.650,361.563,0.007
-443736.730,-1172429.910,361.492,0.008
-443736.610,-1172430.240,361.491,0.009
-443735.400,-1172433.510,361.371,0.009
-443739.460,-1172423.220,361.692,0.008
-443739.330,-1172423.560,361.692,0.008
-443739.090,-1172424.230,361.672,0.008
-443738.970,-1172424.560,361.664,0.006
-443738.610,-1172425.530,361.612,0.008
-443738.360,-1172426.190,361.604,0.006
-443738.010,-1172427.160,361.551,0.009
-443737.290,-1172429.110,361.522,0.008
-443736.559,-1172431.089,361.420,0.010
-443736.080,-1172432.370,361.361,0.009
-443735.960,-1172432.700,361.390,0.010
-443735.350,-1172434.350,361.314,0.006
-443735.230,-1172434.680,361.311,0.009
-443735.110,-1172435.000,361.281,0.009
-443735.000,-1172435.320,361.285,0.005
-443737.260,-1172426.120,361.613,0.007
-443736.890,-1172427.130,361.573,0.007
-443734.329,-1172434.060,361.844,0.006
-443734.210,-1172434.410,361.792,0.008
-443738.660,-1172423.250,361.720,0.010
-443738.190,-1172424.550,361.661,0.009
-443737.940,-1172425.200,361.642,0.008
-443737.820,-1172425.550,361.643,0.007
-443737.570,-1172426.210,361.602,0.008
-443737.210,-1172427.190,361.562,0.008
-443736.850,-1172428.170,361.511,0.009
-443736.610,-1172428.810,361.500,0.010
-443736.380,-1172429.440,361.506,0.004
-443736.140,-1172430.090,361.462,0.008
-443735.540,-1172431.720,361.416,0.004
-443735.300,-1172432.359,361.373,0.007
-443734.930,-1172433.370,361.361,0.009
-443739.130,-1172423.410,361.712,0.008
-443739.009,-1172423.720,361.702,0.008
-443738.530,-1172425.040,361.652,0.008
-443734.760,-1172430.720,361.465,0.005
-443737.770,-1172423.200,361.681,0.009
-443734.870,-1172431.070,361.445,0.006
-443733.870,-1172433.770,361.836,0.004
-443733.750,-1172434.110,361.826,0.004
-443738.229,-1172423.490,361.691,0.009
-443736.030,-1172425.110,361.643,0.007
-443735.550,-1172426.399,361.601,0.009
-443735.440,-1172426.710,361.560,0.010
-443735.330,-1172427.020,361.592,0.008
-443735.200,-1172427.360,361.584,0.006
-443736.510,-1172424.630,361.641,0.009
-443736.400,-1172424.950,361.643,0.007
-443736.280,-1172425.270,361.634,0.006
-443736.040,-1172425.920,361.610,0.010
-443735.810,-1172426.550,361.562,0.008
-443735.450,-1172427.530,361.542,0.008
-443735.310,-1172427.880,361.544,0.006
-443734.960,-1172428.840,361.493,0.007
-443734.839,-1172429.170,361.493,0.007
-443737.170,-1172424.180,361.671,0.009
-443735.380,-1172424.550,361.681,0.009
-443734.900,-1172425.840,361.632,0.008
-443734.780,-1172426.160,361.605,0.006
-443735.549,-1172424.770,361.612,0.008
-443735.430,-1172425.100,361.641,0.009
-443735.180,-1172425.770,361.605,0.005
-443734.940,-1172426.420,361.574,0.006
-443736.390,-1172424.140,361.702,0.008
-443734.880,-1172423.850,361.700,0.010
-443734.630,-1172424.510,361.693,0.007
-443734.510,-1172424.840,361.654,0.006
-443734.399,-1172425.159,361.661,0.009
-443734.279,-1172423.420,361.735,0.005
-443734.460,-1172423.460,361.685,0.005
-443836.100,-1172333.190,370.613,0.007
-443835.840,-1172333.900,370.631,0.009
-443837.030,-1172331.430,370.654,0.006
-443836.770,-1172332.100,370.623,0.007
-443836.520,-1172332.780,370.611,0.009
-443836.130,-1172333.800,370.551,0.009
-443836.010,-1172334.120,370.562,0.008
-443837.220,-1172332.440,370.644,0.006
-443837.100,-1172332.760,370.634,0.006
-443836.960,-1172333.130,370.661,0.009
-443839.200,-1172330.660,370.392,0.008
-443839.490,-1172331.470,370.402,0.008
-443839.360,-1172331.810,370.402,0.008
-443839.219,-1172332.190,370.391,0.009
-443839.430,-1172332.350,370.384,0.006
-443839.160,-1172333.050,370.403,0.007
-443839.040,-1172333.370,370.404,0.006
-443839.789,-1172333.150,370.412,0.008
-443839.660,-1172333.490,370.416,0.004
-443839.520,-1172333.850,370.453,0.007
-443833.410,-1172331.859,370.620,0.010
-443833.269,-1172332.220,370.601,0.009
-443833.020,-1172332.890,370.564,0.006
-443832.750,-1172333.600,370.591,0.009
-443833.790,-1172332.210,370.622,0.008
-443833.540,-1172332.880,370.615,0.005
-443833.410,-1172333.220,370.614,0.006
-443833.290,-1172333.540,370.593,0.007
-443833.160,-1172333.880,370.595,0.005
-443833.030,-1172334.230,370.584,0.006
-443833.970,-1172332.330,370.595,0.005
-443833.710,-1172333.000,370.574,0.006
-443833.580,-1172333.340,370.555,0.005
-443833.440,-1172333.710,370.544,0.006
-443833.320,-1172334.040,370.563,0.007
-443833.180,-1172334.400,370.554,0.006
-443834.640,-1172332.440,370.603,0.007
-443834.500,-1172332.810,370.584,0.006
-443834.370,-1172333.160,370.582,0.008
-443834.240,-1172333.490,370.563,0.007
-443834.110,-1172333.830,370.605,0.005
-443835.110,-1172332.120,370.617,0.003
-443834.980,-1172332.470,370.584,0.006
-443834.840,-1172332.840,370.571,0.009
-443834.710,-1172333.180,370.551,0.009
-443834.440,-1172333.890,370.561,0.009
-443834.310,-1172334.240,370.566,0.004
-443835.570,-1172332.470,370.605,0.005
-443835.440,-1172332.820,370.611,0.009
-443835.320,-1172333.130,370.593,0.007
-443834.910,-1172334.200,370.594,0.006
-443835.650,-1172332.790,370.600,0.010
-443835.520,-1172333.150,370.573,0.007
-443835.250,-1172333.840,370.552,0.008
-443835.120,-1172334.190,370.555,0.005
-443836.760,-1172331.470,370.685,0.005
-443836.370,-1172332.510,370.633,0.007
-443836.230,-1172332.870,370.643,0.007
-443830.140,-1172332.960,370.641,0.009
-443830.020,-1172333.290,370.631,0.009
-443829.880,-1172333.660,370.620,0.010
-443829.620,-1172334.340,370.614,0.006
-443829.490,-1172334.680,370.616,0.004
-443830.400,-1172332.820,370.592,0.008
-443830.270,-1172333.150,370.593,0.007
-443830.150,-1172333.460,370.572,0.008
-443830.020,-1172333.800,370.571,0.009
-443829.890,-1172334.150,370.561,0.009
-443829.760,-1172334.500,370.565,0.005
-443830.980,-1172332.980,370.640,0.010
-443830.590,-1172334.010,370.623,0.007
-443830.460,-1172334.350,370.606,0.004
-443831.330,-1172332.830,370.575,0.005
-443831.200,-1172333.180,370.554,0.006
-443831.070,-1172333.530,370.573,0.007
-443830.940,-1172333.860,370.565,0.005
-443830.800,-1172334.220,370.563,0.007
-443832.340,-1172331.820,370.682,0.008
-443832.200,-1172332.180,370.670,0.010
-443832.080,-1172332.500,370.653,0.007
-443831.950,-1172332.840,370.643,0.007
-443831.820,-1172333.200,370.633,0.007
-443831.670,-1172333.570,370.613,0.007
-443831.550,-1172333.900,370.600,0.010
-443831.410,-1172334.260,370.621,0.009
-443832.430,-1172332.210,370.631,0.009
-443832.300,-1172332.550,370.573,0.007
-443832.049,-1172333.220,370.582,0.008
-443831.780,-1172333.930,370.593,0.007
-443833.130,-1172332.040,370.663,0.007
-443832.730,-1172333.080,370.642,0.008
-443832.600,-1172333.430,370.624,0.006
-443832.460,-1172333.800,370.652,0.008
-443832.330,-1172334.160,370.622,0.008
-443827.810,-1172331.930,370.703,0.007
-443827.690,-1172332.250,370.711,0.009
-443827.559,-1172332.610,370.701,0.009
-443827.180,-1172333.610,370.682,0.008
-443827.040,-1172333.960,370.692,0.008
-443826.909,-1172334.320,370.683,0.007
-443828.270,-1172331.570,370.711,0.009
-443827.900,-1172332.540,370.643,0.007
-443827.380,-1172333.940,370.636,0.004
-443827.250,-1172334.270,370.633,0.007
-443827.110,-1172334.630,370.632,0.008
-443828.739,-1172331.759,370.722,0.008
-443828.480,-1172332.430,370.703,0.007
-443828.340,-1172332.800,370.701,0.009
-443828.090,-1172333.460,370.663,0.007
-443827.819,-1172334.190,370.700,0.010
-443827.690,-1172334.520,370.655,0.005
-443827.560,-1172334.870,370.666,0.004
-443829.189,-1172331.199,370.682,0.008
-443829.050,-1172331.560,370.655,0.005
-443828.799,-1172332.230,370.642,0.008
-443828.659,-1172332.580,370.642,0.008
-443828.529,-1172332.939,370.620,0.010
-443827.869,-1172334.690,370.622,0.008
-443829.750,-1172331.550,370.692,0.008
-443829.620,-1172331.890,370.663,0.007
-443829.480,-1172332.250,370.662,0.008
-443829.340,-1172332.610,370.663,0.007
-443829.220,-1172332.940,370.653,0.007
-443829.090,-1172333.270,370.644,0.006
-443828.960,-1172333.620,370.663,0.007
-443828.830,-1172333.960,370.603,0.007
-443828.690,-1172334.330,370.645,0.005
-443828.570,-1172334.660,370.636,0.004
-443830.080,-1172331.560,370.674,0.006
-443829.840,-1172332.180,370.592,0.008
-443829.700,-1172332.560,370.602,0.008
-443829.570,-1172332.910,370.571,0.009
-443829.430,-1172333.260,370.595,0.005
-443829.300,-1172333.600,370.594,0.006
-443829.029,-1172334.320,370.593,0.007
-443828.910,-1172334.650,370.584,0.006
-443826.899,-1172331.839,370.752,0.008
-443826.770,-1172332.170,370.731,0.009
-443825.790,-1172334.780,371.124,0.006
-443827.320,-1172331.510,370.725,0.005
-443827.190,-1172331.840,370.684,0.006
-443827.050,-1172332.210,370.693,0.007
-443826.920,-1172332.560,370.676,0.004
-443826.790,-1172332.900,370.664,0.006
-443826.660,-1172333.250,370.665,0.005
-443827.940,-1172331.580,370.730,0.010
-443774.960,-1172317.730,357.332,0.008
-443774.130,-1172317.810,357.304,0.006
-443773.900,-1172317.780,357.358,0.002
-443772.670,-1172290.840,358.623,0.007
-443772.540,-1172291.200,358.634,0.006
-443772.010,-1172292.650,358.721,0.009
-443771.880,-1172292.990,358.743,0.007
-443770.850,-1172291.390,358.610,0.010
-443770.180,-1172293.201,358.751,0.009
-443771.350,-1172292.010,358.674,0.006
-443771.080,-1172292.751,358.720,0.010
-443770.020,-1172290.880,358.612,0.008
-443769.890,-1172291.220,358.563,0.007
-443769.380,-1172292.630,358.694,0.006
-443769.240,-1172293.010,358.723,0.007
-443769.260,-1172290.460,358.512,0.008
-443768.720,-1172291.940,358.663,0.007
-443768.590,-1172292.300,358.693,0.007
-443768.320,-1172293.040,358.721,0.009
-443768.770,-1172293.330,358.804,0.006
-443767.710,-1172292.241,358.682,0.008
-443767.580,-1172292.600,358.683,0.007
-443768.180,-1172292.540,358.733,0.007
-443767.480,-1172290.690,358.522,0.008
-443767.090,-1172291.760,358.623,0.007
-443766.960,-1172292.110,358.631,0.009
-443766.820,-1172292.480,358.672,0.008
-443766.420,-1172293.570,358.763,0.007
-443766.590,-1172290.620,358.521,0.009
-443766.310,-1172291.370,358.582,0.008
-443764.389,-1172291.340,357.241,0.009
-443764.270,-1172291.670,357.234,0.006
-443763.380,-1172294.100,357.184,0.006
-443763.120,-1172294.800,357.174,0.006
-443763.650,-1172292.550,357.213,0.007
-443763.279,-1172293.570,357.200,0.010
-443763.150,-1172293.920,357.203,0.007
-443763.340,-1172291.770,357.181,0.009
-443760.330,-1172292.220,359.111,0.009
-443760.200,-1172292.590,359.112,0.008
-443760.070,-1172292.930,359.120,0.010
-443759.800,-1172293.660,359.150,0.010
-443759.669,-1172294.020,359.151,0.009
-443759.840,-1172291.900,359.051,0.009
-443759.460,-1172292.960,359.081,0.009
-443760.010,-1172290.710,359.100,0.010
-443759.499,-1172292.101,359.101,0.009
-443759.360,-1172292.470,359.111,0.009
-443759.219,-1172292.860,359.132,0.009
-443759.100,-1172293.190,359.112,0.008
-443758.960,-1172293.570,359.151,0.009
-443757.490,-1172293.530,359.102,0.008
-443757.359,-1172293.890,359.110,0.010
-443757.090,-1172293.870,359.193,0.007
-443757.660,-1172291.000,359.042,0.008
-443757.530,-1172291.361,359.072,0.008
-443757.200,-1172291.340,359.092,0.008
-443715.380,-1172335.050,360.757,0.003
-443715.049,-1172333.850,360.773,0.007
-443714.589,-1172334.069,360.762,0.008
-443714.429,-1172333.970,360.824,0.006
-443714.140,-1172333.070,360.802,0.008
-443712.749,-1172335.810,360.883,0.007
-443712.629,-1172336.150,360.911,0.009
-443713.560,-1172331.600,360.793,0.007
-443713.050,-1172333.000,360.834,0.006
-443712.799,-1172333.690,360.910,0.010
-443714.359,-1172330.620,360.863,0.007
-443712.889,-1172332.860,360.882,0.008
-443712.629,-1172333.570,360.923,0.007
-443712.380,-1172334.240,360.921,0.009
-443711.820,-1172333.920,360.946,0.004
-443710.930,-1172336.350,361.063,0.007
-443712.040,-1172334.170,360.924,0.006
-443711.289,-1172336.230,361.022,0.008
-443711.030,-1172334.730,361.001,0.009
-443713.329,-1172329.800,360.810,0.010
-443713.199,-1172330.150,360.863,0.007
-443713.949,-1172326.039,360.531,0.009
-443712.259,-1172330.650,360.891,0.009
-443712.860,-1172327.910,360.903,0.007
-443712.730,-1172328.260,360.863,0.007
-443712.360,-1172329.290,360.884,0.006
-443712.230,-1172329.630,360.916,0.004
-443710.720,-1172333.770,361.032,0.008
-443711.860,-1172329.490,360.906,0.004
-443711.730,-1172329.861,360.961,0.009
-443711.359,-1172328.129,360.942,0.008
-443710.859,-1172329.500,361.001,0.009
-443710.749,-1172329.819,360.992,0.009
-443710.619,-1172330.150,361.041,0.009
-443711.999,-1172327.490,360.922,0.008
-443711.760,-1172328.150,360.910,0.010
-443711.259,-1172329.510,360.962,0.008
-443707.920,-1172336.190,360.904,0.006
-443707.800,-1172336.540,360.886,0.004
-443707.680,-1172336.860,360.851,0.009
-443710.649,-1172326.339,360.562,0.008
-443712.760,-1172318.700,360.522,0.008
-443707.340,-1172333.480,360.822,0.008
-443706.540,-1172329.610,360.785,0.005
-443705.500,-1172293.000,356.972,0.008
-443706.139,-1172292.320,356.881,0.009
-443705.620,-1172293.730,356.994,0.006
-443705.550,-1172292.110,356.912,0.008
-443705.280,-1172292.830,356.941,0.009
-443705.160,-1172293.150,356.944,0.006
-443705.760,-1172292.290,356.920,0.010
-443704.680,-1172292.350,356.885,0.006
-443702.580,-1172292.570,356.970,0.010
-443702.400,-1172291.100,356.872,0.008
-443701.720,-1172290.430,356.825,0.005
-443701.590,-1172290.780,356.831,0.009
-443700.580,-1172292.530,356.940,0.010
-443698.979,-1172291.550,356.942,0.008
-443698.720,-1172292.251,356.991,0.009
-443851.839,-1172305.749,348.372,0.008
-443825.920,-1172439.350,351.501,0.009
-443824.390,-1172439.420,351.530,0.010
-443824.020,-1172439.450,351.511,0.009
-443815.550,-1172439.750,351.534,0.006
-443834.620,-1172422.700,348.537,0.003
-443834.130,-1172422.660,348.505,0.005
-443834.700,-1172422.190,348.507,0.003
-443834.010,-1172422.410,348.563,0.007
-443833.640,-1172422.420,348.532,0.008
-443809.419,-1172440.099,351.541,0.009
-443806.210,-1172440.220,351.520,0.010
-443804.500,-1172440.170,351.540,0.010
-443812.990,-1172433.140,349.363,0.007
-443812.520,-1172433.140,349.360,0.010
-443811.990,-1172433.160,349.361,0.009
-443810.940,-1172433.270,349.351,0.009
-443811.190,-1172433.060,349.391,0.009
-443802.280,-1172436.280,351.505,0.005
-443806.240,-1172410.150,348.194,0.006
-443806.510,-1172409.930,348.174,0.006
-443806.790,-1172409.700,348.175,0.005
-443807.080,-1172409.460,348.162,0.008
-443806.960,-1172410.060,348.175,0.005
-443807.230,-1172409.830,348.151,0.009
-443805.850,-1172410.000,348.201,0.009
-443806.710,-1172409.300,348.161,0.009
-443807.260,-1172408.850,348.142,0.008
-443807.540,-1172408.620,348.131,0.009
-443806.010,-1172409.050,348.171,0.009
-443806.280,-1172408.840,348.154,0.006
-443806.560,-1172408.599,348.172,0.008
-443805.760,-1172409.670,348.203,0.007
-443806.050,-1172409.440,348.210,0.010
-443807.470,-1172408.270,348.141,0.009
-443804.170,-1172410.100,348.230,0.010
-443805.870,-1172408.710,348.191,0.009
-443806.170,-1172408.470,348.175,0.005
-443806.450,-1172408.231,348.171,0.009
-443806.660,-1172407.190,348.131,0.009
-443804.980,-1172408.960,348.223,0.007
-443805.250,-1172408.730,348.184,0.006
-443806.110,-1172408.030,348.154,0.006
-443805.320,-1172407.920,348.181,0.009
-443805.600,-1172407.700,348.196,0.004
-443805.870,-1172407.470,348.194,0.006
-443806.140,-1172407.250,348.171,0.009
-443805.820,-1172407.870,348.184,0.006
-443802.150,-1172405.500,348.152,0.008
-443802.680,-1172405.070,348.150,0.010
-443802.980,-1172404.830,348.141,0.009
-443801.270,-1172405.680,348.144,0.006
-443801.799,-1172405.250,348.150,0.010
-443802.100,-1172405.000,348.150,0.010
-443802.380,-1172404.770,348.144,0.006
-443802.660,-1172404.550,348.151,0.009
-443802.940,-1172404.320,348.111,0.009
-443801.100,-1172405.260,348.073,0.007
-443801.350,-1172405.060,348.152,0.008
-443801.930,-1172404.580,348.152,0.008
-443802.500,-1172404.120,348.135,0.006
-443802.790,-1172403.879,348.122,0.008
-443802.110,-1172406.310,348.123,0.007
-443802.370,-1172406.090,348.161,0.009
-443802.650,-1172405.860,348.121,0.009
-443803.210,-1172405.410,348.133,0.007
-443803.500,-1172405.170,348.105,0.005
-443803.789,-1172404.940,348.112,0.009
-443804.090,-1172404.690,348.100,0.010
-443804.380,-1172404.460,348.113,0.007
-443804.650,-1172404.240,348.106,0.004
-443802.060,-1172405.960,348.140,0.010
-443803.190,-1172405.040,348.126,0.004
-443804.310,-1172404.130,348.100,0.010
-443803.540,-1172404.370,348.123,0.007
-443803.660,-1172405.950,348.113,0.007
-443804.220,-1172405.490,348.111,0.009
-443804.520,-1172405.250,348.080,0.010
-443803.450,-1172405.660,348.112,0.008
-443803.730,-1172405.430,348.112,0.008
-443803.990,-1172405.210,348.112,0.008
-443804.290,-1172404.970,348.084,0.006
-443804.849,-1172404.510,348.123,0.007
-443805.130,-1172404.290,348.097,0.003
-443805.410,-1172404.050,348.121,0.009
-443804.430,-1172406.120,348.105,0.005
-443805.250,-1172405.450,348.102,0.008
-443805.530,-1172405.220,348.095,0.005
-443805.800,-1172404.990,348.085,0.005
-443806.349,-1172404.550,348.092,0.008
-443806.650,-1172404.310,348.101,0.009
-443807.210,-1172403.850,348.072,0.008
-443804.060,-1172406.020,348.140,0.010
-443804.350,-1172405.790,348.100,0.010
-443805.200,-1172405.090,348.103,0.007
-443805.450,-1172404.890,348.094,0.006
-443805.730,-1172404.660,348.111,0.009
-443806.010,-1172404.430,348.081,0.009
-443806.289,-1172404.200,348.102,0.008
-443806.130,-1172405.680,348.080,0.010
-443806.410,-1172405.460,348.086,0.004
-443806.700,-1172405.220,348.072,0.008
-443806.970,-1172405.000,348.085,0.005
-443807.260,-1172404.760,348.044,0.006
-443807.510,-1172404.560,348.064,0.006
-443804.890,-1172406.200,348.091,0.009
-443805.740,-1172405.510,348.091,0.009
-443806.030,-1172405.280,348.065,0.005
-443806.290,-1172405.060,348.066,0.004
-443806.570,-1172404.840,348.095,0.005
-443806.860,-1172404.600,348.083,0.007
-443807.150,-1172404.360,348.084,0.006
-443807.440,-1172404.130,348.064,0.006
-443803.890,-1172406.560,348.080,0.010
-443806.060,-1172406.420,348.075,0.005
-443806.350,-1172406.180,348.081,0.009
-443806.620,-1172405.960,348.082,0.008
-443806.910,-1172405.730,348.084,0.006
-443807.470,-1172405.270,348.071,0.009
-443805.540,-1172406.490,348.074,0.006
-443805.800,-1172406.280,348.084,0.006
-443806.080,-1172406.050,348.093,0.007
-443806.370,-1172405.820,348.092,0.008
-443806.650,-1172405.580,348.081,0.009
-443807.230,-1172405.120,348.084,0.006
-443804.690,-1172407.980,348.140,0.010
-443805.550,-1172407.280,348.192,0.008
-443806.690,-1172406.340,348.072,0.008
-443806.960,-1172406.120,348.093,0.007
-443807.240,-1172405.900,348.063,0.007
-443807.760,-1172405.470,348.101,0.009
-443790.870,-1172422.230,350.090,0.010
-443788.879,-1172423.450,350.121,0.009
-443790.550,-1172422.090,350.060,0.010
-443790.820,-1172421.860,350.031,0.009
-443792.470,-1172420.520,350.047,0.003
-443791.890,-1172420.580,350.042,0.008
-443792.150,-1172420.370,350.044,0.006
-443792.430,-1172420.140,350.014,0.006
-443789.010,-1172422.470,350.081,0.009
-443791.770,-1172420.220,350.062,0.008
-443792.350,-1172419.740,350.015,0.005
-443787.810,-1172422.970,350.133,0.007
-443788.099,-1172422.730,350.090,0.010
-443792.310,-1172419.300,349.974,0.006
-443788.350,-1172422.131,350.081,0.009
-443792.280,-1172418.920,350.007,0.003
-443792.550,-1172418.700,349.972,0.008
-443730.360,-1172410.170,349.042,0.008
-443731.450,-1172409.270,349.042,0.008
-443731.710,-1172409.060,349.040,0.010
-443730.490,-1172409.480,349.031,0.009
-443730.760,-1172409.260,349.020,0.010
-443730.250,-1172409.140,349.032,0.008
-443733.639,-1172409.570,350.482,0.008
-443735.000,-1172408.450,350.481,0.009
-443730.450,-1172411.600,349.013,0.007
-443732.630,-1172409.800,349.041,0.009
-443733.379,-1172409.190,350.531,0.009
-443733.649,-1172408.960,350.531,0.009
-443734.200,-1172408.510,350.515,0.005
-443730.260,-1172411.140,349.071,0.009
-443730.550,-1172410.900,349.042,0.008
-443731.690,-1172409.960,349.030,0.010
-443731.949,-1172409.739,349.022,0.009
-443732.470,-1172409.320,349.040,0.010
-443733.210,-1172408.710,350.574,0.006
-443733.509,-1172408.460,350.543,0.007
-443730.390,-1172410.580,349.034,0.006
-443730.949,-1172410.120,349.021,0.009
-443731.480,-1172409.680,349.023,0.007
-443733.280,-1172410.690,350.544,0.006
-443733.570,-1172410.450,350.511,0.009
-443733.830,-1172410.240,350.510,0.010
-443734.100,-1172410.020,350.511,0.009
-443734.390,-1172409.780,350.471,0.009
-443733.230,-1172410.330,350.530,0.010
-443733.469,-1172410.130,350.540,0.010
-443733.740,-1172409.911,350.512,0.008
-443735.140,-1172408.760,350.473,0.007
-443735.970,-1172408.070,350.454,0.006
-443730.590,-1172412.500,349.021,0.009
-443733.659,-1172411.430,350.540,0.010
-443735.330,-1172410.050,350.492,0.008
-443733.539,-1172411.260,350.541,0.009
-443735.190,-1172409.901,350.472,0.008
-443735.470,-1172409.670,350.461,0.009
-443733.590,-1172410.831,350.541,0.009
-443733.870,-1172410.590,350.520,0.010
-443734.170,-1172410.340,350.503,0.007
-443735.260,-1172409.450,350.455,0.005
-443735.530,-1172409.230,350.473,0.007
-443737.200,-1172407.850,350.451,0.009
-443734.220,-1172412.060,350.550,0.010
-443735.610,-1172410.920,350.484,0.006
-443735.860,-1172410.710,350.502,0.008
-443738.080,-1172408.890,350.442,0.008
-443738.370,-1172408.650,350.455,0.005
-443738.660,-1172408.410,350.415,0.005
-443738.920,-1172408.200,350.424,0.006
-443739.200,-1172407.970,350.424,0.006
-443730.389,-1172414.780,349.032,0.008
-443730.670,-1172414.550,349.022,0.008
-443730.940,-1172414.330,349.001,0.009
-443733.870,-1172411.930,350.550,0.010
-443734.670,-1172411.260,350.523,0.007
-443734.960,-1172411.030,350.492,0.008
-443735.220,-1172410.810,350.472,0.008
-443735.770,-1172410.360,350.506,0.004
-443736.039,-1172410.150,350.471,0.009
-443736.320,-1172409.910,350.473,0.007
-443736.610,-1172409.680,350.471,0.009
-443737.130,-1172409.240,350.451,0.009
-443738.550,-1172408.080,350.444,0.006
-443738.810,-1172407.870,350.425,0.005
-443733.840,-1172411.570,350.533,0.007
-443734.120,-1172411.340,350.521,0.009
-443734.939,-1172410.660,350.491,0.009
-443735.740,-1172410.010,350.480,0.010
-443736.020,-1172409.780,350.472,0.008
-443736.290,-1172409.560,350.454,0.006
-443735.040,-1172412.040,350.513,0.007
-443735.310,-1172411.820,350.532,0.008
-443736.410,-1172410.920,350.493,0.007
-443736.680,-1172410.700,350.453,0.007
-443738.050,-1172409.560,350.482,0.008
-443738.330,-1172409.340,350.461,0.009
-443739.160,-1172408.660,350.441,0.009
-443739.420,-1172408.440,350.412,0.008
-443739.670,-1172408.240,350.433,0.007
-443736.250,-1172410.680,350.471,0.009
-443738.170,-1172409.110,350.423,0.007
-443738.460,-1172408.880,350.442,0.008
-443739.280,-1172408.200,350.431,0.009
-443739.550,-1172407.980,350.433,0.007
-443730.590,-1172415.330,349.052,0.008
-443731.400,-1172414.670,349.034,0.006
-443734.570,-1172412.060,350.552,0.008
-443734.830,-1172411.850,350.554,0.006
-443735.110,-1172411.621,350.521,0.009
-443731.060,-1172414.650,349.033,0.007
-443731.330,-1172414.430,349.052,0.008
-443732.420,-1172413.530,349.062,0.008
-443733.950,-1172412.270,350.522,0.008
-443730.840,-1172416.400,349.041,0.009
-443732.490,-1172415.040,349.055,0.005
-443732.770,-1172414.810,349.031,0.009
-443733.609,-1172414.120,348.953,0.007
-443733.880,-1172413.900,348.944,0.006
-443734.160,-1172413.670,348.953,0.007
-443735.990,-1172412.170,350.514,0.006
-443736.250,-1172411.950,350.535,0.005
-443731.060,-1172415.730,349.051,0.009
-443732.410,-1172414.620,349.043,0.007
-443736.180,-1172411.531,350.512,0.008
-443737.570,-1172410.380,350.471,0.009
-443737.860,-1172410.140,350.482,0.008
-443738.650,-1172409.500,350.471,0.009
-443738.910,-1172409.290,350.472,0.008
-443739.470,-1172408.820,350.442,0.008
-443739.740,-1172408.610,350.440,0.010
-443740.030,-1172408.370,350.422,0.008
-443730.740,-1172415.570,349.051,0.009
-443731.000,-1172415.350,349.051,0.009
-443731.550,-1172414.910,349.042,0.008
-443739.410,-1172410.270,350.502,0.008
-443739.690,-1172410.040,350.453,0.007
-443739.950,-1172409.830,350.471,0.009
-443742.450,-1172407.780,350.481,0.009
-443742.730,-1172407.550,350.474,0.006
-443730.590,-1172416.980,349.053,0.007
-443730.870,-1172416.750,349.045,0.005
-443731.150,-1172416.530,349.035,0.005
-443731.410,-1172416.310,349.066,0.004
-443731.700,-1172416.070,349.048,0.002
-443732.540,-1172415.390,349.031,0.009
-443732.800,-1172415.170,349.024,0.006
-443733.080,-1172414.940,349.045,0.005
-443734.210,-1172414.020,348.914,0.006
-443737.640,-1172411.200,350.501,0.009
-443738.740,-1172410.300,350.506,0.004
-443739.000,-1172410.080,350.481,0.009
-443740.150,-1172409.140,350.430,0.010
-443741.790,-1172407.800,350.461,0.009
-443742.050,-1172407.580,350.452,0.008
-443737.340,-1172411.060,350.502,0.008
-443737.610,-1172410.840,350.482,0.008
-443738.710,-1172409.940,350.470,0.010
-443738.960,-1172409.730,350.472,0.008
-443739.250,-1172409.500,350.453,0.007
-443740.060,-1172408.830,350.450,0.010
-443741.480,-1172407.660,350.441,0.009
-443730.560,-1172416.620,349.074,0.006
-443738.310,-1172411.790,350.523,0.007
-443738.580,-1172411.570,350.503,0.007
-443738.860,-1172411.340,350.472,0.008
-443739.140,-1172411.110,350.474,0.006
-443739.410,-1172410.880,350.473,0.007
-443739.679,-1172410.660,350.481,0.009
-443740.250,-1172410.190,350.464,0.006
-443740.800,-1172409.740,350.463,0.007
-443741.080,-1172409.510,350.475,0.005
-443741.350,-1172409.290,350.446,0.004
-443741.620,-1172409.070,350.433,0.007
-443741.900,-1172408.840,350.434,0.006
-443742.160,-1172408.630,350.456,0.004
-443742.420,-1172408.420,350.453,0.007
-443742.680,-1172408.200,350.463,0.007
-443743.500,-1172407.530,350.484,0.006
-443743.790,-1172407.300,350.475,0.005
-443731.020,-1172417.770,349.025,0.005
-443731.290,-1172417.550,349.051,0.009
-443731.550,-1172417.339,349.033,0.007
-443732.940,-1172416.200,349.039,0.001
-443733.200,-1172415.980,349.078,0.002
-443730.470,-1172417.600,348.982,0.008
-443730.740,-1172417.390,349.081,0.009
-443731.020,-1172417.150,349.043,0.007
-443731.550,-1172416.720,349.045,0.005
-443732.370,-1172416.050,349.083,0.007
-443733.499,-1172415.120,348.991,0.009
-443734.060,-1172414.660,348.954,0.006
-443738.020,-1172411.410,350.511,0.009
-443738.320,-1172411.170,350.492,0.008
-443740.980,-1172410.800,350.463,0.007
-443741.250,-1172410.580,350.473,0.007
-443741.510,-1172410.370,350.475,0.005
-443741.790,-1172410.140,350.443,0.007
-443742.060,-1172409.920,350.481,0.009
-443742.340,-1172409.680,350.491,0.009
-443742.610,-1172409.460,350.452,0.008
-443744.000,-1172408.320,350.490,0.010
-443744.290,-1172408.080,350.446,0.004
-443745.390,-1172407.180,350.411,0.009
-443741.300,-1172410.000,350.475,0.006
-443741.570,-1172409.790,350.466,0.004
-443742.120,-1172409.330,350.471,0.009
-443744.030,-1172407.770,350.481,0.009
-443744.600,-1172407.300,350.453,0.007
-443731.010,-1172418.450,349.062,0.008
-443731.280,-1172418.220,349.053,0.007
-443732.900,-1172416.900,349.099,0.001
-443734.300,-1172415.080,348.954,0.006
-443734.570,-1172414.860,348.925,0.005
-443742.120,-1172410.880,350.462,0.008
-443744.870,-1172408.620,350.435,0.005
-443745.130,-1172408.410,350.444,0.006
-443745.420,-1172408.170,350.454,0.006
-443745.690,-1172407.950,350.435,0.005
-443745.970,-1172407.730,350.445,0.005
-443746.240,-1172407.500,350.422,0.008
-443746.510,-1172407.280,350.422,0.008
-443732.300,-1172418.430,349.058,0.002
-443741.260,-1172411.080,350.492,0.008
-443741.540,-1172410.850,350.496,0.005
-443741.820,-1172410.620,350.475,0.005
-443742.080,-1172410.410,350.464,0.006
-443742.350,-1172410.180,350.475,0.005
-443744.020,-1172408.810,350.461,0.009
-443745.400,-1172407.680,350.434,0.006
-443745.680,-1172407.450,350.435,0.005
-443745.970,-1172407.210,350.430,0.010
-443730.700,-1172419.740,349.003,0.007
-443731.230,-1172419.310,349.055,0.005
-443731.490,-1172419.090,349.047,0.003
-443732.040,-1172418.640,349.038,0.002
-443730.950,-1172419.030,349.058,0.002
-443731.230,-1172418.800,349.058,0.002
-443731.510,-1172418.570,349.047,0.003
-443731.750,-1172418.370,349.066,0.004
-443732.030,-1172418.140,349.046,0.004
-443732.300,-1172417.920,349.028,0.002
-443746.790,-1172407.910,350.430,0.010
-443747.049,-1172407.690,350.412,0.008
-443733.110,-1172418.780,349.048,0.002
-443745.110,-1172408.950,350.442,0.008
-443745.910,-1172408.290,350.444,0.006
-443731.760,-1172419.380,349.044,0.006
-443732.030,-1172419.160,349.057,0.003
-443732.590,-1172418.700,349.038,0.002
-443732.850,-1172418.480,349.028,0.002
-443744.250,-1172410.400,350.504,0.006
-443744.520,-1172410.170,350.505,0.005
-443745.640,-1172409.260,350.462,0.008
-443747.030,-1172408.120,350.433,0.007
-443744.300,-1172409.940,350.513,0.007
-443744.120,-1172411.460,350.582,0.008
-443745.270,-1172410.520,350.482,0.008
-443746.350,-1172409.630,350.444,0.006
-443746.630,-1172409.400,350.474,0.006
-443746.920,-1172409.160,350.452,0.008
-443747.190,-1172408.940,350.440,0.010
-443747.760,-1172408.480,350.453,0.007
-443748.300,-1172408.030,350.441,0.009
-443748.590,-1172407.800,350.440,0.010
-443746.580,-1172408.960,350.454,0.006
-443746.850,-1172408.740,350.453,0.007
-443747.960,-1172407.830,350.410,0.010
-443748.210,-1172407.620,350.435,0.005
-443748.490,-1172407.390,350.426,0.004
-443744.330,-1172410.800,350.512,0.008
-443744.900,-1172410.340,350.492,0.008
-443745.160,-1172410.120,350.473,0.007
-443745.740,-1172409.650,350.462,0.008
-443746.160,-1172410.190,350.501,0.009
-443747.290,-1172409.260,350.422,0.008
-443747.830,-1172408.820,350.443,0.007
-443750.000,-1172407.040,350.423,0.007
-443746.190,-1172410.560,350.476,0.004
-443746.470,-1172410.330,350.493,0.007
-443746.750,-1172410.110,350.471,0.009
-443747.030,-1172409.880,350.451,0.009
-443747.290,-1172409.670,350.474,0.006
-443748.920,-1172408.330,350.432,0.008
-443749.199,-1172408.100,350.413,0.007
-443749.740,-1172407.650,350.420,0.010
-443750.560,-1172406.980,350.412,0.008
-443750.850,-1172406.740,350.403,0.007
-443747.220,-1172410.740,350.512,0.008
-443748.310,-1172409.850,350.491,0.009
-443750.530,-1172408.020,350.441,0.009
-443750.810,-1172407.800,350.451,0.009
-443751.110,-1172407.550,350.424,0.006
-443746.080,-1172411.160,350.542,0.008
-443746.620,-1172410.710,350.501,0.009
-443746.880,-1172410.500,350.492,0.008
-443747.180,-1172410.250,350.473,0.007
-443749.360,-1172408.470,350.452,0.008
-443749.640,-1172408.240,350.441,0.009
-443749.920,-1172408.010,350.421,0.009
-443750.200,-1172407.780,350.441,0.009
-443751.310,-1172406.870,350.441,0.009
-443748.760,-1172410.530,350.512,0.008
-443749.330,-1172410.070,350.521,0.009
-443748.570,-1172410.160,350.491,0.009
-443749.939,-1172409.040,350.441,0.009
-443751.320,-1172407.910,350.451,0.009
-443751.620,-1172407.660,350.441,0.009
-443751.870,-1172407.450,350.445,0.005
-443752.150,-1172407.230,350.443,0.007
-443749.640,-1172410.420,350.510,0.010
-443750.460,-1172409.750,350.491,0.009
-443752.630,-1172407.970,350.463,0.007
-443753.720,-1172407.080,350.482,0.008
-443749.599,-1172409.850,350.480,0.010
-443749.890,-1172409.610,350.491,0.009
-443752.060,-1172407.830,350.460,0.010
-443749.710,-1172410.980,350.540,0.010
-443752.170,-1172408.970,350.481,0.009
-443751.700,-1172410.400,350.512,0.008
-443751.979,-1172410.170,350.471,0.009
-443752.230,-1172409.960,350.493,0.007
-443752.790,-1172409.500,350.513,0.007
-443752.000,-1172409.630,350.493,0.007
-443753.090,-1172408.740,350.483,0.007
-443753.350,-1172408.530,350.474,0.006
-443752.330,-1172410.500,350.522,0.008
-443753.810,-1172409.890,350.531,0.009
-443754.250,-1172410.990,350.570,0.010
-443770.730,-1172412.120,353.783,0.007
-443770.709,-1172412.380,353.782,0.008
-443770.989,-1172412.160,353.811,0.009
-443771.290,-1172411.910,353.775,0.005
-443770.749,-1172412.620,353.793,0.007
-443771.039,-1172412.380,353.774,0.006
-443770.460,-1172413.310,353.795,0.005
-443770.740,-1172413.080,353.765,0.005
-443771.040,-1172412.840,353.753,0.007
-443771.310,-1172412.610,353.750,0.010
-443772.060,-1172412.490,353.706,0.004
-443772.330,-1172412.270,353.694,0.006
-443772.589,-1172412.050,353.681,0.009
-443770.750,-1172414.000,353.785,0.005
-443772.129,-1172412.881,353.701,0.009
-443772.400,-1172412.650,353.692,0.008
-443772.980,-1172412.180,353.664,0.006
-443771.530,-1172413.830,353.753,0.007
-443771.830,-1172413.580,353.713,0.007
-443772.380,-1172413.130,353.694,0.006
-443772.650,-1172412.910,353.695,0.005
-443772.950,-1172412.670,353.632,0.008
-443773.530,-1172412.200,353.623,0.007
-443773.809,-1172411.970,353.613,0.007
-443770.460,-1172414.230,353.792,0.008
-443772.759,-1172413.390,353.653,0.007
-443773.040,-1172413.160,353.663,0.007
-443773.570,-1172412.720,353.592,0.008
-443773.860,-1172412.490,353.593,0.007
-443774.150,-1172412.250,353.604,0.006
-443772.189,-1172413.850,353.712,0.008
-443772.480,-1172413.620,353.673,0.007
-443771.709,-1172414.770,353.750,0.010
-443771.990,-1172414.540,353.753,0.007
-443773.390,-1172413.400,353.625,0.005
-443773.670,-1172413.170,353.636,0.004
-443773.960,-1172412.930,353.603,0.007
-443774.240,-1172412.710,353.592,0.008
-443774.510,-1172412.480,353.586,0.004
-443775.950,-1172412.220,353.492,0.008
-443776.220,-1172412.000,353.484,0.006
-443770.550,-1172416.170,353.804,0.006
-443771.360,-1172415.500,353.753,0.007
-443771.650,-1172415.270,353.741,0.009
-443772.209,-1172414.810,353.731,0.010
-443773.090,-1172414.100,353.661,0.009
-443773.360,-1172413.880,353.631,0.009
-443773.640,-1172413.650,353.623,0.007
-443773.910,-1172413.420,353.604,0.006
-443774.200,-1172413.190,353.606,0.004
-443774.460,-1172412.980,353.582,0.008
-443774.730,-1172412.750,353.552,0.008
-443775.000,-1172412.530,353.584,0.006
-443775.280,-1172412.300,353.554,0.006
-443775.560,-1172412.080,353.515,0.005
-443770.660,-1172416.540,353.797,0.003
-443770.930,-1172416.320,353.763,0.007
-443771.209,-1172416.090,353.751,0.009
-443771.779,-1172415.620,353.752,0.008
-443772.609,-1172414.950,353.683,0.007
-443772.899,-1172414.710,353.680,0.010
-443773.170,-1172414.490,353.652,0.008
-443773.439,-1172414.270,353.633,0.007
-443773.720,-1172414.040,353.633,0.007
-443773.979,-1172413.830,353.612,0.008
-443774.270,-1172413.590,353.593,0.007
-443774.540,-1172413.370,353.575,0.005
-443774.809,-1172413.150,353.561,0.009
-443775.100,-1172412.920,353.555,0.005
-443775.360,-1172412.700,353.556,0.004
-443775.660,-1172412.450,353.522,0.008
-443770.870,-1172416.990,353.785,0.005
-443771.150,-1172416.760,353.776,0.004
-443771.430,-1172416.520,353.743,0.007
-443772.260,-1172415.850,353.706,0.004
-443772.520,-1172415.640,353.706,0.004
-443773.360,-1172414.950,353.642,0.008
-443774.740,-1172413.820,353.573,0.007
-443775.320,-1172413.350,353.534,0.006
-443775.580,-1172413.140,353.516,0.004
-443775.859,-1172412.910,353.524,0.006
-443776.160,-1172412.670,353.501,0.009
-443770.770,-1172417.730,353.793,0.007
-443771.060,-1172417.490,353.775,0.005
-443771.870,-1172416.830,353.725,0.005
-443772.150,-1172416.600,353.717,0.003
-443772.440,-1172416.370,353.707,0.003
-443773.259,-1172415.700,353.682,0.008
-443773.530,-1172415.470,353.642,0.008
-443774.380,-1172414.790,353.613,0.007
-443775.230,-1172414.090,353.542,0.008
-443775.510,-1172413.860,353.534,0.006
-443775.800,-1172413.630,353.515,0.005
-443776.090,-1172413.390,353.493,0.007
-443770.900,-1172418.200,353.803,0.007
-443771.200,-1172417.950,353.792,0.008
-443772.860,-1172416.590,353.681,0.009
-443773.409,-1172416.150,353.653,0.007
-443773.979,-1172415.680,353.603,0.007
-443774.569,-1172415.200,353.591,0.009
-443774.849,-1172414.970,353.575,0.005
-443775.120,-1172414.750,353.544,0.006
-443775.389,-1172414.530,353.560,0.010
-443775.679,-1172414.300,353.520,0.010
-443775.939,-1172414.080,353.511,0.009
-443776.239,-1172413.840,353.461,0.009
-443771.449,-1172418.280,353.762,0.008
-443772.300,-1172417.590,353.725,0.005
-443772.570,-1172417.370,353.705,0.005
-443772.850,-1172417.140,353.682,0.008
-443773.139,-1172416.900,353.652,0.009
-443773.429,-1172416.670,353.672,0.008
-443774.269,-1172415.980,353.611,0.009
-443774.550,-1172415.760,353.584,0.006
-443774.799,-1172415.550,353.592,0.008
-443775.100,-1172415.300,353.564,0.006
-443775.400,-1172415.060,353.552,0.008
-443776.240,-1172414.380,353.505,0.005
-443770.860,-1172419.370,353.784,0.006
-443771.140,-1172419.140,353.775,0.005
-443771.400,-1172418.920,353.764,0.006
-443771.680,-1172418.700,353.755,0.005
-443771.970,-1172418.460,353.725,0.005
-443772.250,-1172418.230,353.727,0.003
-443772.540,-1172418.000,353.717,0.003
-443772.830,-1172417.760,353.684,0.006
-443773.119,-1172417.530,353.672,0.008
-443773.390,-1172417.300,353.632,0.008
-443773.670,-1172417.080,353.635,0.005
-443773.929,-1172416.870,353.642,0.008
-443774.500,-1172416.400,353.583,0.007
-443775.640,-1172415.470,353.513,0.007
-443775.910,-1172415.240,353.535,0.005
-443776.210,-1172415.000,353.500,0.010
-443771.640,-1172419.300,353.744,0.006
-443771.929,-1172419.070,353.742,0.008
-443772.190,-1172418.850,353.743,0.007
-443772.460,-1172418.630,353.715,0.005
-443774.440,-1172417.020,353.604,0.006
-443774.709,-1172416.800,353.602,0.008
-443772.189,-1172419.300,353.721,0.009
-443772.459,-1172419.070,353.703,0.007
-443773.589,-1172418.150,353.651,0.009
-443772.529,-1172419.500,353.704,0.006
-443773.380,-1172418.800,353.656,0.004
-443775.020,-1172417.460,353.581,0.009
-443775.569,-1172417.010,353.531,0.009
-443776.129,-1172416.560,353.510,0.010
-443772.470,-1172420.120,353.674,0.006
-443772.720,-1172419.910,353.736,0.004
-443772.989,-1172419.690,353.691,0.009
-443773.270,-1172419.460,353.675,0.005
-443773.540,-1172419.250,353.662,0.008
-443773.820,-1172419.021,353.650,0.010
-443774.080,-1172418.800,353.612,0.008
-443774.360,-1172418.580,353.634,0.006
-443774.640,-1172418.340,353.635,0.005
-443774.910,-1172418.120,353.583,0.007
-443775.190,-1172417.890,353.603,0.007
-443775.759,-1172417.430,353.542,0.008
-443776.310,-1172416.980,353.514,0.006
-443772.569,-1172420.620,353.711,0.009
-443772.829,-1172420.410,353.692,0.008
-443773.099,-1172420.190,353.692,0.008
-443773.660,-1172419.730,353.652,0.008
-443773.939,-1172419.500,353.642,0.008
-443774.510,-1172419.040,353.615,0.005
-443774.770,-1172418.830,353.604,0.006
-443775.060,-1172418.590,353.565,0.005
-443775.360,-1172418.350,353.573,0.007
-443775.640,-1172418.110,353.541,0.009
-443772.620,-1172421.060,353.733,0.007
-443773.750,-1172420.140,353.654,0.006
-443774.000,-1172419.940,353.644,0.006
-443775.140,-1172419.000,353.602,0.008
-443775.430,-1172418.760,353.584,0.006
-443775.719,-1172418.540,353.571,0.009
-443776.240,-1172418.110,353.511,0.009
-443776.540,-1172417.860,353.495,0.005
-443772.479,-1172421.599,353.702,0.008
-443772.739,-1172421.390,353.702,0.008
-443773.030,-1172421.160,353.674,0.006
-443773.319,-1172420.920,353.673,0.008
-443773.880,-1172420.460,353.642,0.008
-443774.190,-1172420.210,353.641,0.009
-443775.280,-1172419.320,353.565,0.005
-443775.560,-1172419.090,353.563,0.007
-443775.840,-1172418.860,353.531,0.009
-443776.420,-1172418.390,353.505,0.005
-443773.509,-1172421.240,353.681,0.009
-443774.060,-1172420.790,353.651,0.009
-443774.340,-1172420.560,353.631,0.009
-443774.639,-1172420.320,353.600,0.010
-443775.189,-1172419.860,353.581,0.009
-443776.590,-1172418.730,353.513,0.007
-443773.249,-1172421.860,353.672,0.008
-443774.379,-1172420.940,353.630,0.010
-443775.230,-1172420.250,353.584,0.006
-443776.600,-1172419.130,353.511,0.009
-443774.830,-1172420.890,353.611,0.009
-443775.350,-1172420.460,353.575,0.005
-443776.760,-1172419.310,353.501,0.009
-443777.029,-1172419.090,353.541,0.009
-443776.680,-1172420.130,353.496,0.004
-443772.509,-1172423.090,353.663,0.007
-443773.060,-1172422.640,353.662,0.008
-443773.330,-1172422.410,353.681,0.009
-443773.600,-1172422.190,353.643,0.007
-443774.690,-1172421.310,353.606,0.004
-443774.959,-1172421.090,353.570,0.010
-443775.249,-1172420.850,353.573,0.007
-443775.530,-1172420.630,353.562,0.008
-443775.810,-1172420.400,353.521,0.009
-443776.639,-1172419.720,353.482,0.008
-443776.910,-1172419.490,353.495,0.005
-443772.770,-1172423.320,353.712,0.008
-443773.320,-1172422.870,353.681,0.009
-443773.590,-1172422.650,353.693,0.007
-443773.859,-1172422.430,353.651,0.009
-443774.150,-1172422.200,353.631,0.009
-443775.000,-1172421.500,353.583,0.007
-443775.260,-1172421.290,353.594,0.006
-443775.530,-1172421.070,353.564,0.006
-443775.830,-1172420.830,353.521,0.009
-443776.390,-1172420.370,353.503,0.007
-443772.580,-1172423.960,353.696,0.004
-443772.860,-1172423.730,353.678,0.002
-443773.960,-1172422.820,353.636,0.004
-443774.230,-1172422.610,353.623,0.007
-443774.820,-1172422.130,353.584,0.006
-443775.099,-1172421.900,353.584,0.006
-443775.390,-1172421.660,353.573,0.007
-443775.680,-1172421.430,353.552,0.008
-443775.940,-1172421.210,353.545,0.005
-443776.210,-1172420.990,353.526,0.004
-443776.480,-1172420.770,353.521,0.009
-443776.780,-1172420.530,353.493,0.007
-443777.050,-1172420.310,353.512,0.008
-443772.850,-1172424.160,353.705,0.005
-443773.100,-1172423.950,353.676,0.004
-443773.400,-1172423.710,353.658,0.002
-443773.970,-1172423.240,353.653,0.007
-443774.260,-1172423.010,353.604,0.006
-443775.090,-1172422.330,353.574,0.006
-443775.350,-1172422.120,353.572,0.008
-443775.660,-1172421.870,353.541,0.009
-443775.940,-1172421.640,353.542,0.008
-443776.200,-1172421.430,353.536,0.004
-443776.490,-1172421.190,353.507,0.003
-443772.590,-1172424.810,353.654,0.006
-443772.850,-1172424.590,353.704,0.006
-443773.150,-1172424.350,353.675,0.005
-443773.410,-1172424.140,353.666,0.004
-443773.680,-1172423.920,353.656,0.004
-443773.950,-1172423.700,353.644,0.006
-443774.250,-1172423.460,353.626,0.004
-443774.530,-1172423.230,353.614,0.006
-443774.789,-1172423.010,353.603,0.007
-443775.080,-1172422.780,353.564,0.006
-443775.379,-1172422.530,353.553,0.007
-443775.660,-1172422.310,353.556,0.004
-443775.939,-1172422.080,353.512,0.008
-443776.230,-1172421.840,353.482,0.008
-443776.500,-1172421.620,353.505,0.005
-443776.770,-1172421.400,353.476,0.004
-443773.260,-1172424.740,353.674,0.006
-443773.540,-1172424.520,353.646,0.004
-443773.820,-1172424.280,353.674,0.006
-443774.109,-1172424.050,353.633,0.007
-443774.400,-1172423.820,353.606,0.004
-443774.660,-1172423.600,353.616,0.004
-443775.500,-1172422.920,353.583,0.007
-443775.780,-1172422.690,353.535,0.005
-443776.050,-1172422.460,353.526,0.004
-443776.319,-1172422.250,353.494,0.006
-443776.589,-1172422.030,353.475,0.005
-443776.890,-1172421.790,353.470,0.010
-443773.970,-1172424.620,353.630,0.010
-443774.230,-1172424.410,353.622,0.008
-443774.520,-1172424.170,353.622,0.008
-443774.800,-1172423.940,353.584,0.006
-443775.069,-1172423.720,353.541,0.009
-443775.610,-1172423.280,353.543,0.007
-443775.889,-1172423.050,353.531,0.009
-443776.150,-1172422.840,353.514,0.006
-443776.430,-1172422.610,353.506,0.004
-443776.720,-1172422.380,353.494,0.006
-443774.430,-1172424.560,353.613,0.007
-443774.999,-1172424.100,353.563,0.007
-443775.260,-1172423.880,353.592,0.008
-443776.670,-1172422.740,353.505,0.005
-443774.760,-1172424.690,353.587,0.003
-443775.040,-1172424.460,353.580,0.010
-443775.319,-1172424.230,353.593,0.007
-443775.780,-1172424.300,353.534,0.006
-443776.050,-1172424.080,353.554,0.006
-443776.309,-1172423.860,353.521,0.009
-443776.640,-1172424.200,353.496,0.004
-443776.680,-1172424.640,353.492,0.008
-443785.530,-1172419.060,349.932,0.008
-443785.780,-1172418.850,349.943,0.007
-443786.080,-1172418.610,349.934,0.006
-443785.740,-1172419.270,349.970,0.010
-443786.270,-1172418.830,349.945,0.005
-443786.630,-1172418.930,349.932,0.008
-443786.539,-1172419.440,349.962,0.008
-443786.830,-1172419.200,349.944,0.006
-443787.090,-1172419.000,349.971,0.009
-443787.380,-1172418.760,349.930,0.010
-443787.170,-1172419.790,350.001,0.009
-443787.990,-1172419.130,349.981,0.009
-443786.669,-1172420.600,350.012,0.008
-443787.489,-1172419.930,349.972,0.008
-443788.020,-1172419.500,350.013,0.007
-443788.309,-1172419.270,350.012,0.008
-443786.580,-1172421.140,350.052,0.008
-443790.230,-1172418.160,349.964,0.006
-443786.070,-1172422.370,350.123,0.007
-443788.060,-1172420.750,350.032,0.008
-443786.340,-1172422.510,350.051,0.009
-443791.380,-1172418.830,349.960,0.010
-443829.430,-1172399.320,348.316,0.004
-443828.530,-1172399.170,348.372,0.008
-443829.100,-1172398.710,348.335,0.005
-443829.620,-1172398.280,348.403,0.007
-443829.160,-1172399.090,348.384,0.006
-443829.440,-1172398.850,348.405,0.005
-443829.720,-1172398.630,348.373,0.007
-443828.220,-1172398.090,348.342,0.008
-443828.750,-1172397.660,348.385,0.005
-443829.900,-1172396.710,348.314,0.006
-443828.180,-1172398.540,348.381,0.009
-443828.500,-1172398.290,348.344,0.006
-443828.740,-1172398.090,348.403,0.007
-443829.030,-1172397.850,348.386,0.004
-443829.890,-1172397.140,348.393,0.007
-443828.160,-1172399.080,348.404,0.006
-443828.450,-1172398.850,348.421,0.009
-443828.740,-1172398.610,348.370,0.010
-443829.010,-1172398.390,348.395,0.005
-443829.290,-1172398.160,348.393,0.007
-443828.730,-1172396.970,348.390,0.010
-443829.020,-1172396.740,348.393,0.007
-443828.580,-1172397.400,348.403,0.007
-443828.860,-1172397.170,348.412,0.008
-443829.990,-1172396.240,348.394,0.006
-443828.480,-1172396.340,348.421,0.009
-443828.750,-1172396.120,348.422,0.008
-443829.040,-1172395.880,348.384,0.006
-443829.610,-1172395.420,348.364,0.006
-443829.020,-1172396.280,348.426,0.004
-443829.290,-1172396.050,348.403,0.007
-443829.890,-1172395.560,348.404,0.006
-443827.870,-1172396.050,348.398,0.002
-443828.180,-1172395.800,348.368,0.002
-443828.450,-1172395.570,348.377,0.003
-443828.730,-1172395.350,348.404,0.006
-443829.040,-1172395.101,348.362,0.008
-443829.330,-1172394.860,348.363,0.007
-443828.050,-1172396.310,348.373,0.007
-443828.320,-1172396.090,348.396,0.004
-443828.610,-1172395.850,348.426,0.004
-443828.879,-1172395.630,348.402,0.009
-443829.450,-1172395.160,348.406,0.004
-443828.550,-1172394.570,348.395,0.005
-443828.860,-1172394.320,348.367,0.003
-443829.410,-1172393.870,348.392,0.008
-443829.960,-1172393.420,348.434,0.006
-443827.910,-1172395.520,348.377,0.003
-443828.190,-1172395.290,348.365,0.005
-443828.760,-1172394.820,348.347,0.003
-443827.800,-1172394.890,348.382,0.008
-443828.100,-1172394.640,348.395,0.005
-443828.660,-1172394.190,348.425,0.005
-443828.940,-1172393.960,348.392,0.008
-443829.510,-1172393.490,348.435,0.005
-443827.980,-1172395.040,348.414,0.006
-443827.680,-1172394.310,348.331,0.009
-443828.769,-1172393.420,348.384,0.006
-443827.700,-1172394.700,348.383,0.007
-443828.540,-1172394.020,348.405,0.005
-443828.830,-1172393.780,348.373,0.007
-443833.270,-1172386.800,348.467,0.003
-443832.500,-1172386.490,348.513,0.007
-443832.790,-1172386.260,348.533,0.007
-443833.090,-1172386.020,348.513,0.007
-443833.140,-1172386.450,348.515,0.005
-443833.410,-1172386.230,348.513,0.007
-443832.500,-1172386.100,348.534,0.006
-443832.800,-1172385.860,348.494,0.006
-443825.250,-1172338.920,349.068,0.002
-443825.540,-1172338.690,349.056,0.004
-443825.120,-1172340.570,349.027,0.003
-443825.360,-1172341.060,349.047,0.003
-443799.120,-1172379.080,348.324,0.006
-443799.960,-1172379.940,348.311,0.009
-443800.250,-1172379.710,348.324,0.006
-443800.020,-1172380.360,348.306,0.004
-443800.580,-1172379.900,348.293,0.007
-443800.310,-1172380.120,348.304,0.006
-443798.840,-1172381.870,348.304,0.006
-443799.940,-1172380.970,348.322,0.008
-443800.230,-1172380.730,348.315,0.005
-443800.500,-1172380.510,348.323,0.007
-443800.250,-1172381.340,348.333,0.007
-443800.520,-1172381.120,348.303,0.007
-443799.410,-1172382.680,348.314,0.006
-443799.980,-1172382.220,348.324,0.006
-443800.260,-1172381.980,348.325,0.005
-443800.530,-1172381.760,348.325,0.005
-443800.830,-1172381.520,348.292,0.009
-443801.350,-1172381.090,348.341,0.009
-443801.650,-1172380.850,348.352,0.008
-443800.400,-1172382.420,348.325,0.005
-443800.670,-1172382.190,348.316,0.004
-443800.940,-1172381.970,348.334,0.006
-443801.780,-1172381.290,348.371,0.009
-443802.089,-1172381.030,348.332,0.008
-443801.460,-1172382.150,348.296,0.004
-443802.339,-1172381.430,348.254,0.006
-443802.630,-1172381.190,348.245,0.005
-443801.750,-1172382.510,348.323,0.007
-443802.030,-1172382.270,348.310,0.010
-443802.890,-1172381.580,348.223,0.007
-443805.170,-1172379.710,348.216,0.004
-443802.770,-1172382.310,348.213,0.007
-443804.470,-1172380.920,348.230,0.010
-443805.030,-1172380.470,348.230,0.010
-443805.860,-1172379.790,348.235,0.005
-443804.949,-1172381.040,348.225,0.005
-443805.239,-1172380.799,348.201,0.009
-443805.790,-1172380.350,348.261,0.009
-443806.070,-1172380.120,348.242,0.008
-443808.370,-1172378.250,348.283,0.007
-443808.650,-1172378.020,348.271,0.009
-443809.770,-1172377.100,348.294,0.006
-443805.919,-1172380.809,348.241,0.009
-443809.040,-1172378.260,348.283,0.007
-443809.900,-1172377.560,348.273,0.007
-443810.460,-1172377.090,348.303,0.007
-443810.750,-1172376.860,348.312,0.008
-443803.940,-1172382.430,348.222,0.008
-443805.480,-1172381.740,348.200,0.010
-443807.160,-1172380.380,348.235,0.005
-443807.440,-1172380.150,348.215,0.005
-443807.730,-1172379.900,348.242,0.008
-443808.580,-1172379.210,348.265,0.005
-443808.880,-1172378.970,348.274,0.006
-443809.140,-1172378.750,348.263,0.007
-443809.429,-1172378.520,348.262,0.008
-443809.710,-1172378.290,348.253,0.007
-443810.510,-1172377.630,348.292,0.008
-443811.090,-1172377.160,348.322,0.008
-443811.360,-1172376.940,348.301,0.009
-443812.790,-1172375.770,348.312,0.008
-443813.070,-1172375.550,348.315,0.005
-443805.770,-1172382.060,348.241,0.009
-443807.500,-1172380.650,348.262,0.008
-443809.170,-1172379.280,348.247,0.003
-443809.440,-1172379.060,348.262,0.008
-443810.540,-1172378.160,348.272,0.008
-443806.590,-1172381.720,348.181,0.009
-443807.440,-1172381.030,348.240,0.010
-443808.250,-1172380.370,348.242,0.008
-443811.400,-1172377.460,348.302,0.008
-443812.230,-1172376.780,348.312,0.008
-443813.130,-1172376.050,348.304,0.006
-443809.370,-1172379.460,348.237,0.003
-443809.940,-1172378.990,348.270,0.010
-443811.630,-1172377.610,348.285,0.005
-443813.080,-1172376.420,348.254,0.006
-443813.330,-1172376.220,348.302,0.008
-443811.550,-1172377.990,348.273,0.007
-443806.740,-1172381.920,348.232,0.008
-443807.290,-1172381.470,348.232,0.008
-443807.570,-1172381.240,348.251,0.009
-443808.130,-1172380.780,348.223,0.007
-443808.410,-1172380.550,348.255,0.005
-443808.690,-1172380.330,348.253,0.007
-443809.270,-1172379.850,348.223,0.007
-443809.540,-1172379.630,348.236,0.004
-443810.109,-1172379.160,348.251,0.009
-443807.460,-1172381.730,348.212,0.008
-443807.770,-1172381.480,348.184,0.006
-443808.040,-1172381.260,348.224,0.006
-443808.309,-1172381.040,348.221,0.009
-443808.580,-1172380.820,348.232,0.008
-443808.880,-1172380.580,348.231,0.009
-443809.170,-1172380.330,348.223,0.007
-443809.470,-1172380.090,348.226,0.005
-443809.750,-1172379.860,348.233,0.007
-443810.050,-1172379.620,348.224,0.006
-443811.160,-1172378.710,348.243,0.007
-443811.440,-1172378.480,348.253,0.007
-443811.730,-1172378.250,348.254,0.006
-443814.550,-1172375.950,348.282,0.008
-443808.500,-1172381.270,348.236,0.004
-443809.090,-1172380.790,348.240,0.010
-443809.650,-1172380.330,348.212,0.008
-443809.920,-1172380.110,348.202,0.008
-443810.780,-1172379.410,348.222,0.008
-443811.060,-1172379.180,348.243,0.007
-443811.350,-1172378.940,348.236,0.004
-443811.640,-1172378.700,348.256,0.004
-443814.990,-1172375.970,348.286,0.004
-443808.470,-1172381.550,348.215,0.005
-443808.760,-1172381.310,348.214,0.006
-443809.030,-1172381.090,348.213,0.007
-443809.309,-1172380.860,348.230,0.010
-443810.740,-1172379.690,348.243,0.007
-443811.040,-1172379.450,348.246,0.004
-443811.290,-1172379.250,348.247,0.003
-443812.120,-1172378.570,348.244,0.006
-443812.400,-1172378.340,348.265,0.005
-443814.120,-1172376.930,348.232,0.008
-443814.650,-1172376.500,348.251,0.009
-443808.250,-1172381.990,348.201,0.009
-443808.810,-1172381.530,348.217,0.003
-443809.100,-1172381.300,348.235,0.005
-443809.390,-1172381.060,348.204,0.006
-443809.940,-1172380.610,348.201,0.009
-443810.230,-1172380.380,348.211,0.009
-443810.500,-1172380.160,348.212,0.008
-443810.760,-1172379.940,348.222,0.008
-443811.050,-1172379.710,348.224,0.006
-443811.600,-1172379.250,348.235,0.005
-443811.880,-1172379.020,348.252,0.008
-443812.469,-1172378.549,348.234,0.006
-443811.010,-1172380.200,348.205,0.005
-443811.290,-1172379.970,348.170,0.010
-443812.140,-1172379.270,348.226,0.004
-443812.729,-1172378.800,348.172,0.008
-443815.270,-1172376.720,348.261,0.009
-443816.410,-1172375.780,348.291,0.009
-443808.789,-1172382.009,348.230,0.010
-443809.060,-1172381.790,348.195,0.005
-443809.330,-1172381.570,348.208,0.002
-443809.610,-1172381.340,348.193,0.007
-443809.880,-1172381.120,348.210,0.010
-443809.510,-1172381.910,348.185,0.005
-443809.800,-1172381.670,348.171,0.009
-443810.360,-1172381.220,348.204,0.006
-443810.650,-1172380.980,348.223,0.007
-443810.920,-1172380.760,348.202,0.008
-443811.490,-1172380.290,348.221,0.009
-443812.060,-1172379.830,348.213,0.007
-443813.780,-1172378.420,348.181,0.009
-443817.140,-1172375.680,348.314,0.006
-443810.160,-1172381.820,348.151,0.009
-443810.750,-1172381.340,348.186,0.004
-443811.040,-1172381.110,348.175,0.005
-443811.610,-1172380.640,348.173,0.007
-443816.109,-1172376.969,348.201,0.009
-443816.380,-1172376.750,348.264,0.006
-443816.940,-1172376.290,348.264,0.006
-443817.490,-1172375.840,348.283,0.007
-443814.150,-1172379.040,348.136,0.004
-443815.520,-1172377.920,348.234,0.006
-443816.640,-1172377.000,348.233,0.007
-443818.340,-1172375.610,348.283,0.007
-443811.000,-1172381.609,348.173,0.007
-443811.300,-1172381.360,348.186,0.004
-443811.860,-1172380.900,348.193,0.007
-443812.150,-1172380.670,348.182,0.008
-443812.439,-1172380.440,348.180,0.010
-443812.749,-1172380.180,348.072,0.008
-443813.580,-1172379.500,348.161,0.009
-443811.650,-1172381.640,348.180,0.010
-443811.940,-1172381.400,348.152,0.008
-443812.210,-1172381.190,348.172,0.008
-443812.500,-1172380.951,348.162,0.008
-443813.630,-1172380.030,348.105,0.005
-443814.439,-1172379.370,348.173,0.007
-443815.880,-1172378.190,348.174,0.006
-443816.410,-1172377.750,348.223,0.007
-443816.699,-1172377.520,348.210,0.010
-443817.000,-1172377.280,348.234,0.006
-443817.290,-1172377.040,348.214,0.006
-443817.580,-1172376.800,348.223,0.007
-443817.860,-1172376.570,348.233,0.007
-443818.690,-1172375.900,348.253,0.007
-443812.550,-1172381.440,348.181,0.009
-443813.400,-1172380.740,348.085,0.005
-443814.240,-1172380.060,348.162,0.008
-443816.530,-1172378.190,348.204,0.006
-443816.810,-1172377.960,348.215,0.005
-443812.000,-1172381.890,348.152,0.008
-443818.790,-1172376.340,348.254,0.006
-443819.080,-1172376.099,348.252,0.008
-443819.350,-1172375.890,348.245,0.005
-443814.490,-1172380.300,348.122,0.008
-443816.770,-1172378.440,348.183,0.007
-443817.920,-1172377.510,348.194,0.006
-443818.740,-1172376.830,348.195,0.005
-443814.870,-1172380.460,348.132,0.008
-443816.600,-1172379.040,348.181,0.009
-443816.870,-1172378.820,348.173,0.007
-443817.429,-1172378.360,348.191,0.009
-443818.000,-1172377.900,348.183,0.007
-443818.270,-1172377.680,348.201,0.009
-443815.380,-1172380.660,348.104,0.006
-443816.230,-1172379.970,348.135,0.005
-443816.480,-1172379.760,348.165,0.005
-443817.060,-1172379.290,348.162,0.008
-443817.340,-1172379.060,348.186,0.004
-443817.870,-1172378.620,348.177,0.003
-443818.440,-1172378.160,348.175,0.005
-443818.710,-1172377.940,348.174,0.006
-443816.960,-1172380.040,348.150,0.010
-443817.780,-1172379.370,348.166,0.004
-443817.090,-1172380.510,348.125,0.005
-443817.680,-1172380.030,348.115,0.005
-443817.950,-1172379.810,348.106,0.004
-443818.800,-1172379.110,348.154,0.006
-443819.090,-1172378.880,348.144,0.006
-443819.390,-1172378.630,348.151,0.009
-443816.820,-1172380.740,348.102,0.008
-443818.830,-1172379.630,348.134,0.006
-443817.380,-1172380.810,348.086,0.004
-443817.660,-1172380.580,348.126,0.004
-443817.960,-1172380.340,348.117,0.003
-443818.200,-1172380.750,348.085,0.005
-443818.460,-1172380.530,348.112,0.008
-443819.040,-1172380.060,348.114,0.006
-443819.270,-1172380.450,348.103,0.007
-443819.539,-1172380.230,348.090,0.010
-443819.529,-1172380.680,348.083,0.007
-443732.690,-1172389.050,349.334,0.006
-443732.950,-1172388.840,349.332,0.008
-443733.210,-1172388.620,349.314,0.006
-443732.650,-1172389.700,349.366,0.004
-443732.940,-1172389.460,349.356,0.004
-443733.210,-1172389.230,349.325,0.005
-443733.500,-1172389.000,349.316,0.004
-443733.780,-1172388.770,349.318,0.002
-443734.080,-1172388.520,349.299,0.001
-443732.860,-1172390.200,349.339,0.001
-443733.150,-1172389.960,349.337,0.003
-443733.420,-1172389.740,349.336,0.004
-443733.700,-1172389.500,349.315,0.005
-443734.260,-1172389.050,349.319,0.001
-443734.520,-1172388.830,349.318,0.002
-443734.770,-1172388.620,349.338,0.002
-443732.950,-1172390.600,349.357,0.003
-443733.220,-1172390.380,349.356,0.004
-443733.510,-1172390.140,349.335,0.005
-443733.770,-1172389.930,349.305,0.005
-443734.310,-1172389.480,349.326,0.004
-443734.590,-1172389.250,349.328,0.002
-443734.850,-1172389.030,349.298,0.002
-443733.130,-1172390.970,349.325,0.005
-443733.390,-1172390.760,349.343,0.007
-443734.220,-1172390.070,349.354,0.006
-443734.490,-1172389.850,349.325,0.005
-443734.780,-1172389.620,349.307,0.003
-443735.050,-1172389.390,349.318,0.002
-443735.590,-1172388.940,349.316,0.004
-443734.250,-1172390.550,349.357,0.003
-443734.540,-1172390.310,349.346,0.004
-443734.830,-1172390.070,349.346,0.004
-443735.100,-1172389.850,349.336,0.004
-443735.390,-1172389.610,349.327,0.003
-443735.680,-1172389.370,349.319,0.001
-443735.950,-1172389.150,349.318,0.002
-443736.200,-1172388.940,349.345,0.005
-443736.750,-1172388.480,349.365,0.005
-443734.830,-1172390.630,349.353,0.007
-443735.100,-1172390.410,349.327,0.003
-443735.370,-1172390.190,349.336,0.004
-443735.650,-1172389.960,349.316,0.004
-443735.940,-1172389.720,349.316,0.004
-443736.200,-1172389.510,349.337,0.003
-443736.480,-1172389.270,349.337,0.003
-443736.780,-1172389.020,349.306,0.004
-443737.050,-1172388.800,349.295,0.005
-443737.330,-1172388.570,349.286,0.004
-443735.260,-1172390.650,349.333,0.007
-443735.550,-1172390.410,349.328,0.002
-443735.840,-1172390.170,349.356,0.004
-443736.100,-1172389.950,349.354,0.006
-443736.380,-1172389.720,349.317,0.003
-443736.660,-1172389.490,349.348,0.002
-443736.940,-1172389.260,349.337,0.003
-443737.480,-1172388.820,349.316,0.004
-443737.760,-1172388.590,349.318,0.002
-443735.760,-1172390.670,349.317,0.003
-443736.050,-1172390.440,349.308,0.002
-443736.310,-1172390.220,349.335,0.005
-443736.580,-1172389.990,349.317,0.003
-443736.840,-1172389.780,349.318,0.002
-443737.110,-1172389.560,349.328,0.002
-443737.410,-1172389.310,349.307,0.003
-443736.710,-1172390.350,349.316,0.004
-443737.010,-1172390.110,349.318,0.002
-443737.270,-1172389.900,349.338,0.002
-443737.550,-1172389.670,349.328,0.002
-443737.400,-1172390.350,349.344,0.006
-443737.690,-1172390.110,349.325,0.005
-443737.980,-1172389.870,349.336,0.004
-443738.250,-1172389.640,349.365,0.005
-443737.950,-1172390.270,349.312,0.008
-443738.480,-1172389.830,349.334,0.006
-443738.760,-1172389.600,349.276,0.004
-443739.050,-1172389.360,349.303,0.007
-443739.310,-1172389.150,349.354,0.006
-443739.590,-1172388.910,349.307,0.003
-443739.880,-1172388.670,349.278,0.002
-443740.170,-1172388.440,349.317,0.003
-443739.030,-1172389.870,349.302,0.008
-443739.290,-1172389.650,349.321,0.009
-443739.570,-1172389.420,349.313,0.007
-443739.850,-1172389.190,349.326,0.004
-443740.120,-1172388.970,349.302,0.008
-443740.390,-1172388.740,349.295,0.005
-443740.660,-1172388.520,349.285,0.005
-443739.670,-1172389.860,349.339,0.001
-443739.930,-1172389.640,349.326,0.004
-443740.200,-1172389.420,349.334,0.006
-443740.470,-1172389.200,349.321,0.009
-443740.760,-1172388.960,349.292,0.008
-443741.019,-1172388.740,349.282,0.008
-443741.290,-1172388.520,349.303,0.007
-443740.180,-1172390.020,349.326,0.004
-443740.470,-1172389.780,349.323,0.007
-443740.719,-1172389.570,349.322,0.009
-443739.870,-1172390.670,349.284,0.006
-443741.870,-1172389.570,349.294,0.006
-443740.679,-1172390.000,349.344,0.006
-443740.949,-1172389.770,349.321,0.009
-443742.090,-1172388.840,349.271,0.009
-443729.830,-1172399.490,348.987,0.003
-443730.110,-1172399.250,349.005,0.005
-443741.590,-1172389.800,349.272,0.008
-443730.010,-1172399.900,348.973,0.007
-443742.890,-1172389.290,349.271,0.009
-443729.840,-1172400.700,349.017,0.003
-443730.130,-1172400.460,348.985,0.005
-443730.410,-1172400.230,349.012,0.008
-443730.690,-1172399.990,348.990,0.010
-443731.200,-1172399.570,349.014,0.006
-443730.019,-1172401.020,348.970,0.010
-443733.220,-1172398.380,350.514,0.006
-443734.630,-1172398.300,350.503,0.007
-443730.080,-1172402.050,349.032,0.008
-443730.630,-1172401.600,348.991,0.009
-443732.970,-1172399.670,350.533,0.007
-443733.250,-1172399.440,350.505,0.005
-443733.529,-1172399.210,350.512,0.008
-443729.990,-1172402.700,348.996,0.004
-443732.889,-1172400.310,350.511,0.009
-443733.169,-1172400.080,350.531,0.009
-443733.459,-1172399.840,350.513,0.008
-443734.020,-1172399.380,350.502,0.008
-443734.550,-1172398.940,350.513,0.007
-443734.810,-1172398.730,350.513,0.007
-443735.100,-1172398.490,350.484,0.006
-443730.140,-1172402.960,349.025,0.005
-443731.230,-1172402.070,349.042,0.008
-443734.170,-1172399.640,350.501,0.009
-443735.280,-1172398.730,350.496,0.004
-443735.560,-1172398.500,350.490,0.010
-443735.839,-1172398.270,350.492,0.008
-443730.020,-1172403.490,348.972,0.008
-443730.280,-1172403.270,348.985,0.005
-443732.940,-1172401.080,350.534,0.006
-443733.210,-1172400.860,350.520,0.010
-443733.780,-1172400.390,350.491,0.009
-443734.070,-1172400.150,350.471,0.009
-443734.340,-1172399.930,350.481,0.009
-443734.620,-1172399.700,350.482,0.008
-443734.879,-1172399.489,350.472,0.009
-443736.220,-1172398.379,350.492,0.008
-443732.980,-1172401.550,350.546,0.004
-443733.270,-1172401.320,350.503,0.007
-443733.540,-1172401.090,350.480,0.010
-443733.830,-1172400.860,350.472,0.008
-443734.649,-1172400.180,350.460,0.010
-443734.910,-1172399.960,350.443,0.007
-443735.170,-1172399.750,350.452,0.008
-443737.350,-1172397.960,350.481,0.009
-443730.040,-1172403.970,348.972,0.008
-443730.310,-1172403.750,349.011,0.009
-443736.930,-1172398.870,350.490,0.010
-443737.200,-1172398.640,350.461,0.009
-443730.450,-1172404.200,348.984,0.006
-443734.470,-1172400.900,350.470,0.010
-443734.740,-1172400.670,350.470,0.010
-443735.000,-1172400.460,350.451,0.009
-443735.280,-1172400.230,350.442,0.008
-443735.550,-1172400.010,350.453,0.007
-443730.170,-1172404.870,349.020,0.010
-443730.710,-1172404.420,348.981,0.009
-443734.170,-1172401.570,350.471,0.009
-443734.430,-1172401.360,350.492,0.008
-443735.540,-1172400.440,350.424,0.006
-443736.960,-1172399.270,350.453,0.007
-443737.220,-1172399.060,350.441,0.009
-443738.300,-1172398.170,350.455,0.005
-443730.030,-1172405.480,349.006,0.004
-443730.320,-1172405.250,348.994,0.006
-443730.570,-1172405.040,349.003,0.007
-443732.920,-1172403.100,350.482,0.008
-443733.180,-1172402.880,350.553,0.007
-443733.459,-1172402.650,350.502,0.008
-443733.749,-1172402.420,350.502,0.008
-443734.029,-1172402.190,350.481,0.009
-443734.560,-1172401.750,350.481,0.009
-443735.130,-1172401.280,350.492,0.008
-443735.420,-1172401.050,350.453,0.007
-443735.990,-1172400.580,350.451,0.009
-443736.240,-1172400.370,350.442,0.008
-443736.500,-1172400.150,350.454,0.006
-443730.880,-1172405.260,349.040,0.010
-443732.210,-1172404.161,349.050,0.010
-443732.960,-1172403.550,350.552,0.008
-443733.239,-1172403.320,350.542,0.008
-443735.200,-1172401.700,350.454,0.006
-443735.459,-1172401.490,350.440,0.010
-443736.300,-1172400.800,350.451,0.009
-443736.540,-1172400.600,350.450,0.010
-443733.489,-1172403.620,350.512,0.008
-443735.420,-1172402.021,350.451,0.009
-443738.970,-1172399.110,350.454,0.006
-443734.829,-1172402.840,350.490,0.010
-443738.390,-1172399.910,350.454,0.006
-443740.010,-1172398.580,350.452,0.008
-443733.479,-1172404.410,350.522,0.008
-443733.770,-1172404.170,350.511,0.009
-443734.060,-1172403.940,350.502,0.008
-443734.609,-1172403.480,350.480,0.010
-443735.170,-1172403.020,350.461,0.009
-443735.430,-1172402.810,350.471,0.009
-443735.690,-1172402.590,350.452,0.008
-443735.950,-1172402.380,350.461,0.009
-443736.510,-1172401.920,350.432,0.008
-443738.170,-1172400.560,350.420,0.010
-443738.690,-1172400.130,350.422,0.008
-443740.370,-1172398.750,350.443,0.007
-443740.899,-1172398.310,350.443,0.007
-443734.160,-1172404.360,350.481,0.009
-443735.230,-1172403.490,350.483,0.007
-443737.440,-1172401.670,350.391,0.009
-443737.980,-1172401.230,350.383,0.007
-443739.650,-1172399.860,350.424,0.006
-443739.900,-1172399.650,350.432,0.008
-443740.470,-1172399.180,350.424,0.006
-443741.590,-1172398.260,350.450,0.010
-443733.159,-1172405.790,350.564,0.006
-443733.710,-1172405.340,350.504,0.006
-443734.780,-1172404.460,350.492,0.008
-443735.340,-1172404.000,350.480,0.010
-443735.900,-1172403.540,350.472,0.008
-443736.160,-1172403.320,350.433,0.007
-443737.290,-1172402.400,350.432,0.008
-443737.580,-1172402.160,350.411,0.009
-443737.860,-1172401.930,350.401,0.009
-443738.390,-1172401.490,350.411,0.009
-443738.940,-1172401.040,350.392,0.008
-443741.430,-1172398.990,350.431,0.009
-443741.959,-1172398.560,350.430,0.010
-443742.230,-1172398.340,350.413,0.007
-443733.069,-1172406.310,350.534,0.006
-443733.360,-1172406.080,350.516,0.004
-443734.730,-1172404.940,350.511,0.009
-443736.400,-1172403.570,350.430,0.010
-443736.980,-1172403.100,350.442,0.008
-443738.610,-1172401.760,350.412,0.008
-443738.890,-1172401.520,350.401,0.009
-443742.720,-1172398.380,350.441,0.009
-443733.130,-1172406.780,350.534,0.006
-443733.420,-1172406.540,350.522,0.008
-443733.700,-1172406.300,350.500,0.010
-443734.240,-1172405.860,350.484,0.006
-443735.920,-1172404.480,350.452,0.008
-443736.730,-1172403.810,350.453,0.007
-443738.400,-1172402.440,350.420,0.010
-443739.230,-1172401.760,350.423,0.007
-443739.500,-1172401.540,350.421,0.009
-443742.220,-1172399.300,350.432,0.008
-443742.490,-1172399.080,350.461,0.009
-443743.590,-1172398.170,350.465,0.005
-443738.650,-1172402.770,350.402,0.008
-443739.170,-1172402.340,350.423,0.007
-443741.110,-1172400.750,350.390,0.010
-443742.200,-1172399.860,350.413,0.007
-443743.300,-1172398.950,350.481,0.009
-443743.570,-1172398.730,350.452,0.008
-443743.840,-1172398.510,350.452,0.008
-443744.120,-1172398.280,350.431,0.009
-443733.110,-1172407.330,350.535,0.005
-443733.379,-1172407.100,350.515,0.005
-443733.670,-1172406.870,350.494,0.007
-443733.940,-1172406.640,350.492,0.008
-443734.230,-1172406.410,350.460,0.010
-443736.170,-1172404.810,350.432,0.008
-443733.589,-1172407.509,350.523,0.007
-443733.870,-1172407.280,350.511,0.009
-443736.060,-1172405.480,350.462,0.008
-443736.340,-1172405.250,350.452,0.008
-443737.160,-1172404.571,350.410,0.010
-443737.720,-1172404.120,350.412,0.008
-443739.060,-1172403.010,350.402,0.008
-443739.310,-1172402.810,350.411,0.009
-443742.370,-1172400.300,350.431,0.009
-443743.450,-1172399.410,350.450,0.010
-443743.740,-1172399.170,350.461,0.009
-443744.280,-1172398.720,350.442,0.008
-443744.570,-1172398.490,350.442,0.008
-443733.599,-1172407.930,350.510,0.010
-443733.910,-1172407.680,350.490,0.010
-443737.180,-1172405.000,350.422,0.008
-443737.460,-1172404.770,350.401,0.009
-443738.000,-1172404.320,350.403,0.007
-443738.530,-1172403.890,350.394,0.006
-443740.200,-1172402.510,350.401,0.009
-443742.680,-1172400.480,350.433,0.007
-443743.230,-1172400.020,350.462,0.008
-443743.789,-1172399.570,350.433,0.007
-443744.080,-1172399.330,350.444,0.006
-443744.330,-1172399.120,350.414,0.006
-443744.620,-1172398.880,350.431,0.009
-443744.880,-1172398.670,350.442,0.008
-443742.570,-1172401.020,350.443,0.007
-443742.850,-1172400.780,350.453,0.007
-443743.919,-1172399.910,350.462,0.008
-443744.190,-1172399.690,350.444,0.006
-443745.270,-1172398.800,350.432,0.008
-443745.570,-1172398.550,350.435,0.005
-443746.100,-1172398.110,350.460,0.010
-443746.380,-1172397.880,350.442,0.008
-443735.700,-1172406.660,350.455,0.005
-443736.770,-1172405.780,350.451,0.009
-443737.050,-1172405.550,350.443,0.007
-443737.320,-1172405.330,350.431,0.009
-443738.160,-1172404.640,350.395,0.005
-443738.410,-1172404.430,350.411,0.009
-443738.710,-1172404.190,350.392,0.008
-443738.990,-1172403.960,350.392,0.008
-443739.550,-1172403.500,350.413,0.007
-443741.200,-1172402.140,350.404,0.006
-443741.470,-1172401.920,350.401,0.009
-443735.290,-1172407.610,350.464,0.006
-443736.639,-1172406.500,350.432,0.009
-443737.460,-1172405.830,350.441,0.009
-443737.740,-1172405.600,350.441,0.009
-443739.159,-1172404.430,350.370,0.010
-443740.260,-1172403.530,350.391,0.009
-443740.790,-1172403.090,350.401,0.009
-443742.460,-1172401.720,350.413,0.007
-443745.710,-1172399.050,350.434,0.006
-443745.990,-1172398.820,350.443,0.007
-443746.270,-1172398.590,350.442,0.008
-443746.540,-1172398.370,350.421,0.009
-443747.110,-1172397.900,350.451,0.009
-443736.099,-1172407.540,350.461,0.009
-443736.360,-1172407.330,350.471,0.009
-443736.950,-1172406.850,350.412,0.008
-443739.420,-1172404.820,350.372,0.008
-443740.530,-1172403.910,350.372,0.008
-443740.830,-1172403.660,350.363,0.007
-443741.090,-1172403.450,350.373,0.007
-443742.410,-1172402.360,350.431,0.009
-443744.350,-1172400.770,350.423,0.007
-443744.600,-1172400.560,350.423,0.007
-443745.450,-1172399.860,350.411,0.009
-443745.720,-1172399.640,350.423,0.007
-443746.020,-1172399.400,350.414,0.006
-443746.300,-1172399.170,350.432,0.008
-443746.820,-1172398.740,350.435,0.005
-443747.930,-1172397.830,350.424,0.006
-443737.090,-1172407.160,350.434,0.006
-443737.350,-1172406.940,350.435,0.005
-443737.610,-1172406.729,350.422,0.008
-443738.450,-1172406.040,350.394,0.006
-443739.570,-1172405.120,350.363,0.007
-443741.730,-1172403.340,350.392,0.008
-443742.550,-1172402.670,350.414,0.006
-443744.480,-1172401.090,350.455,0.005
-443744.750,-1172400.870,350.433,0.007
-443745.340,-1172400.380,350.411,0.009
-443745.860,-1172399.950,350.415,0.005
-443746.420,-1172399.490,350.411,0.009
-443746.690,-1172399.270,350.392,0.008
-443746.950,-1172399.060,350.413,0.007
-443744.020,-1172401.870,350.473,0.007
-443744.280,-1172401.660,350.461,0.009
-443744.550,-1172401.430,350.430,0.010
-443744.830,-1172401.200,350.406,0.004
-443745.120,-1172400.960,350.412,0.008
-443745.390,-1172400.740,350.404,0.006
-443745.660,-1172400.520,350.404,0.006
-443745.950,-1172400.280,350.394,0.006
-443746.230,-1172400.050,350.393,0.007
-443737.159,-1172407.510,350.420,0.010
-443738.270,-1172406.590,350.411,0.009
-443742.900,-1172402.790,350.422,0.008
-443746.510,-1172399.830,350.404,0.006
-443747.320,-1172399.160,350.420,0.010
-443742.400,-1172403.590,350.432,0.008
-443742.950,-1172403.130,350.441,0.009
-443744.030,-1172402.250,350.455,0.005
-443744.320,-1172402.010,350.474,0.006
-443744.590,-1172401.780,350.443,0.007
-443744.870,-1172401.550,350.433,0.007
-443745.160,-1172401.320,350.425,0.005
-443745.450,-1172401.080,350.414,0.006
-443746.550,-1172400.170,350.396,0.004
-443746.810,-1172399.970,350.394,0.006
-443748.430,-1172398.630,350.423,0.007
-443749.550,-1172397.720,350.426,0.004
-443742.850,-1172403.610,350.431,0.009
-443743.960,-1172402.700,350.461,0.009
-443744.250,-1172402.460,350.442,0.008
-443744.510,-1172402.250,350.444,0.006
-443745.060,-1172401.790,350.442,0.008
-443745.360,-1172401.550,350.424,0.006
-443745.610,-1172401.340,350.402,0.008
-443746.430,-1172400.680,350.404,0.006
-443746.700,-1172400.450,350.384,0.006
-443748.610,-1172398.880,350.422,0.008
-443749.150,-1172398.430,350.460,0.010
-443749.449,-1172398.190,350.451,0.009
-443749.740,-1172397.960,350.422,0.008
-443745.740,-1172401.500,350.421,0.009
-443747.390,-1172400.150,350.423,0.007
-443747.660,-1172399.930,350.411,0.009
-443748.200,-1172399.490,350.430,0.010
-443749.040,-1172398.790,350.434,0.006
-443749.329,-1172398.560,350.463,0.007
-443749.610,-1172398.330,350.410,0.010
-443750.130,-1172397.900,350.433,0.007
-443738.860,-1172407.150,350.432,0.008
-443739.150,-1172406.921,350.401,0.009
-443743.830,-1172403.080,350.481,0.009
-443744.100,-1172402.850,350.451,0.009
-443744.390,-1172402.610,350.463,0.007
-443744.660,-1172402.390,350.445,0.005
-443750.060,-1172398.250,350.402,0.008
-443750.340,-1172398.020,350.426,0.004
-443738.760,-1172407.530,350.411,0.009
-443739.049,-1172407.300,350.401,0.009
-443739.890,-1172406.610,350.404,0.006
-443740.140,-1172406.400,350.414,0.006
-443740.410,-1172406.180,350.403,0.007
-443742.090,-1172404.800,350.443,0.007
-443743.700,-1172403.470,350.481,0.009
-443744.249,-1172403.030,350.442,0.008
-443744.520,-1172402.800,350.445,0.005
-443744.790,-1172402.580,350.435,0.005
-443745.340,-1172402.130,350.441,0.009
-443745.900,-1172401.670,350.402,0.008
-443746.450,-1172401.220,350.393,0.007
-443746.720,-1172400.990,350.380,0.010
-443747.010,-1172400.760,350.371,0.009
-443747.290,-1172400.530,350.403,0.007
-443747.560,-1172400.300,350.393,0.007
-443748.400,-1172399.620,350.430,0.010
-443748.660,-1172399.400,350.413,0.007
-443748.930,-1172399.180,350.433,0.007
-443749.220,-1172398.940,350.415,0.005
-443749.500,-1172398.710,350.403,0.007
-443749.760,-1172398.500,350.416,0.004
-443739.070,-1172407.650,350.431,0.009
-443739.650,-1172407.180,350.392,0.008
-443739.910,-1172406.960,350.386,0.004
-443740.180,-1172406.750,350.407,0.003
-443740.470,-1172406.510,350.414,0.006
-443740.740,-1172406.280,350.436,0.004
-443741.020,-1172406.050,350.424,0.006
-443743.720,-1172403.840,350.473,0.007
-443744.260,-1172403.390,350.454,0.006
-443744.540,-1172403.160,350.445,0.005
-443744.810,-1172402.940,350.445,0.005
-443745.100,-1172402.700,350.413,0.007
-443745.370,-1172402.490,350.430,0.010
-443745.640,-1172402.260,350.423,0.007
-443745.930,-1172402.020,350.405,0.005
-443746.200,-1172401.800,350.405,0.005
-443746.780,-1172401.330,350.414,0.006
-443747.320,-1172400.880,350.392,0.008
-443747.600,-1172400.650,350.403,0.007
-443747.860,-1172400.440,350.403,0.007
-443748.690,-1172399.750,350.452,0.008
-443748.970,-1172399.520,350.414,0.006
-443749.240,-1172399.300,350.413,0.007
-443749.810,-1172398.840,350.432,0.008
-443750.080,-1172398.610,350.423,0.007
-443750.360,-1172398.390,350.412,0.008
-443750.650,-1172398.150,350.414,0.006
-443750.900,-1172397.940,350.424,0.006
-443741.670,-1172405.940,350.430,0.010
-443743.000,-1172404.850,350.483,0.007
-443744.100,-1172403.940,350.461,0.009
-443744.390,-1172403.710,350.440,0.010
-443745.230,-1172403.020,350.404,0.006
-443746.069,-1172402.330,350.392,0.008
-443746.610,-1172401.880,350.391,0.009
-443746.880,-1172401.660,350.394,0.006
-443747.170,-1172401.420,350.381,0.009
-443748.000,-1172400.750,350.393,0.007
-443749.100,-1172399.840,350.426,0.004
-443749.390,-1172399.600,350.403,0.007
-443750.180,-1172398.950,350.402,0.008
-443750.460,-1172398.720,350.411,0.009
-443750.750,-1172398.490,350.404,0.006
-443751.270,-1172398.060,350.426,0.004
-443751.550,-1172397.830,350.440,0.010
-443766.630,-1172385.450,349.026,0.004
-443767.450,-1172384.780,349.064,0.006
-443742.530,-1172405.530,350.453,0.007
-443743.060,-1172405.090,350.492,0.008
-443744.479,-1172403.930,350.461,0.009
-443745.300,-1172403.260,350.415,0.005
-443745.570,-1172403.040,350.412,0.008
-443746.970,-1172401.890,350.404,0.006
-443748.060,-1172400.990,350.396,0.004
-443748.340,-1172400.760,350.401,0.009
-443748.610,-1172400.540,350.430,0.010
-443748.900,-1172400.310,350.383,0.007
-443749.410,-1172399.890,350.394,0.006
-443749.710,-1172399.640,350.401,0.009
-443749.970,-1172399.430,350.404,0.006
-443750.220,-1172399.220,350.403,0.007
-443750.510,-1172398.980,350.423,0.007
-443750.790,-1172398.750,350.413,0.007
-443751.340,-1172398.300,350.415,0.005
-443751.610,-1172398.080,350.436,0.004
-443752.430,-1172397.410,350.454,0.006
-443766.380,-1172385.950,349.071,0.009
-443766.660,-1172385.730,349.031,0.009
-443766.920,-1172385.510,349.053,0.007
-443767.210,-1172385.270,349.022,0.008
-443767.480,-1172385.050,349.073,0.007
-443767.750,-1172384.830,349.044,0.006
-443740.090,-1172407.540,350.421,0.009
-443741.170,-1172406.650,350.430,0.010
-443766.250,-1172386.420,349.055,0.005
-443766.790,-1172385.980,349.070,0.010
-443767.060,-1172385.760,349.082,0.008
-443767.350,-1172385.520,349.083,0.007
-443767.640,-1172385.280,349.055,0.005
-443741.319,-1172406.880,350.420,0.010
-443742.680,-1172405.760,350.464,0.006
-443742.970,-1172405.530,350.475,0.005
-443743.260,-1172405.290,350.482,0.008
-443744.060,-1172404.640,350.485,0.005
-443744.340,-1172404.410,350.454,0.006
-443744.630,-1172404.170,350.442,0.008
-443745.180,-1172403.720,350.421,0.009
-443745.470,-1172403.480,350.414,0.006
-443745.729,-1172403.260,350.424,0.006
-443746.030,-1172403.019,350.361,0.009
-443746.590,-1172402.560,350.384,0.006
-443753.230,-1172397.530,350.453,0.007
-443747.930,-1172401.460,350.373,0.007
-443748.480,-1172401.010,350.391,0.009
-443749.010,-1172400.580,350.405,0.005
-443749.830,-1172399.900,350.424,0.006
-443750.390,-1172399.440,350.412,0.008
-443750.660,-1172399.220,350.413,0.007
-443750.930,-1172398.990,350.402,0.008
-443751.230,-1172398.750,350.411,0.009
-443751.520,-1172398.510,350.423,0.007
-443752.340,-1172397.839,350.443,0.007
-443752.600,-1172397.620,350.441,0.009
-443767.420,-1172385.890,349.063,0.007
-443741.370,-1172407.260,350.433,0.007
-443742.490,-1172406.340,350.446,0.004
-443743.050,-1172405.890,350.462,0.008
-443743.580,-1172405.450,350.475,0.005
-443743.870,-1172405.220,350.475,0.005
-443744.150,-1172404.980,350.465,0.005
-443744.410,-1172404.770,350.444,0.006
-443744.700,-1172404.530,350.445,0.005
-443744.990,-1172404.290,350.421,0.009
-443745.270,-1172404.070,350.434,0.006
-443745.529,-1172403.850,350.411,0.009
-443745.829,-1172403.600,350.394,0.007
-443746.090,-1172403.390,350.397,0.003
-443747.440,-1172402.290,350.406,0.004
-443747.720,-1172402.050,350.404,0.006
-443747.989,-1172401.830,350.404,0.006
-443748.260,-1172401.610,350.381,0.009
-443749.090,-1172400.930,350.383,0.007
-443749.370,-1172400.700,350.391,0.009
-443749.910,-1172400.260,350.392,0.008
-443750.190,-1172400.030,350.392,0.008
-443750.470,-1172399.799,350.400,0.010
-443750.750,-1172399.560,350.392,0.008
-443751.050,-1172399.320,350.413,0.007
-443751.590,-1172398.880,350.411,0.009
-443751.860,-1172398.660,350.430,0.010
-443752.130,-1172398.440,350.414,0.006
-443766.040,-1172387.020,349.056,0.004
-443766.310,-1172386.800,349.045,0.005
-443766.610,-1172386.550,349.055,0.005
-443766.890,-1172386.320,349.025,0.005
-443767.160,-1172386.100,349.023,0.007
-443741.750,-1172407.440,350.443,0.007
-443742.270,-1172407.020,350.432,0.008
-443743.090,-1172406.340,350.463,0.007
-443744.210,-1172405.420,350.442,0.008
-443744.500,-1172405.190,350.437,0.003
-443744.770,-1172404.960,350.447,0.003
-443747.210,-1172402.960,350.413,0.007
-443748.050,-1172402.270,350.392,0.008
-443748.310,-1172402.060,350.404,0.006
-443748.580,-1172401.840,350.416,0.004
-443749.149,-1172401.370,350.401,0.009
-443749.430,-1172401.140,350.390,0.010
-443750.270,-1172400.450,350.373,0.007
-443753.020,-1172398.190,350.472,0.008
-443753.290,-1172397.970,350.461,0.009
-443765.890,-1172388.020,348.961,0.009
-443766.150,-1172387.810,349.034,0.006
-443766.990,-1172387.120,349.031,0.009
-443742.900,-1172406.890,350.462,0.008
-443744.250,-1172405.780,350.454,0.006
-443744.520,-1172405.550,350.436,0.004
-443744.799,-1172405.320,350.422,0.008
-443745.050,-1172405.120,350.433,0.007
-443745.330,-1172404.890,350.420,0.010
-443766.090,-1172387.470,349.022,0.008
-443766.680,-1172386.990,349.001,0.009
-443766.950,-1172386.760,349.051,0.009
-443767.230,-1172386.530,349.043,0.007
-443767.530,-1172386.290,349.063,0.007
-443745.600,-1172404.670,350.404,0.006
-443748.370,-1172402.400,350.394,0.006
-443748.670,-1172402.150,350.384,0.006
-443750.320,-1172400.800,350.350,0.010
-443751.160,-1172400.110,350.371,0.009
-443751.690,-1172399.670,350.431,0.009
-443752.790,-1172398.770,350.432,0.008
-443753.060,-1172398.550,350.442,0.008
-443753.320,-1172398.340,350.441,0.009
-443742.990,-1172407.330,350.451,0.009
-443743.780,-1172406.680,350.476,0.004
-443744.060,-1172406.460,350.485,0.005
-443744.329,-1172406.230,350.451,0.009
-443744.610,-1172406.000,350.440,0.010
-443744.890,-1172405.780,350.420,0.010
-443745.150,-1172405.560,350.422,0.008
-443748.490,-1172402.820,350.370,0.010
-443751.270,-1172400.540,350.331,0.009
-443753.960,-1172398.340,350.481,0.009
-443754.700,-1172397.730,349.742,0.008
-443765.980,-1172388.470,349.015,0.005
-443766.260,-1172388.240,349.032,0.008
-443766.550,-1172388.000,349.004,0.006
-443767.090,-1172387.560,349.056,0.004
-443767.400,-1172387.310,349.005,0.005
-443744.330,-1172406.850,350.463,0.007
-443744.620,-1172406.610,350.441,0.009
-443745.720,-1172405.710,350.411,0.009
-443746.010,-1172405.470,350.414,0.006
-443746.290,-1172405.240,350.411,0.009
-443747.960,-1172403.870,350.352,0.008
-443748.780,-1172403.200,350.371,0.009
-443749.610,-1172402.520,350.373,0.007
-443749.880,-1172402.300,350.360,0.010
-443750.680,-1172401.640,350.453,0.007
-443755.010,-1172398.090,349.713,0.007
-443755.300,-1172397.850,349.713,0.007
-443766.000,-1172389.070,348.983,0.007
-443766.280,-1172388.840,348.982,0.008
-443767.390,-1172387.930,349.011,0.009
-443767.680,-1172387.700,349.032,0.008
-443746.250,-1172405.940,350.420,0.010
-443747.370,-1172405.020,350.392,0.008
-443748.220,-1172404.330,350.381,0.009
-443750.130,-1172402.760,350.342,0.008
-443750.660,-1172402.330,350.392,0.008
-443753.140,-1172400.290,350.431,0.009
-443753.420,-1172400.060,350.442,0.008
-443754.720,-1172399.000,349.673,0.007
-443755.270,-1172398.550,349.703,0.007
-443755.800,-1172398.110,349.721,0.009
-443767.090,-1172388.850,349.021,0.009
-443745.940,-1172406.740,350.414,0.006
-443746.220,-1172406.500,350.412,0.008
-443746.489,-1172406.280,350.421,0.010
-443748.680,-1172404.480,350.391,0.009
-443756.870,-1172397.770,349.737,0.003
-443757.140,-1172397.550,349.724,0.006
-443754.700,-1172400.059,349.641,0.009
-443756.330,-1172398.720,349.675,0.005
-443757.670,-1172397.620,349.733,0.007
-443746.229,-1172407.000,350.411,0.009
-443746.510,-1172406.770,350.410,0.010
-443746.770,-1172406.560,350.423,0.007
-443747.070,-1172406.310,350.423,0.007
-443749.240,-1172404.540,350.394,0.006
-443754.970,-1172400.340,349.621,0.009
-443756.310,-1172399.250,349.664,0.006
-443756.580,-1172399.030,349.664,0.006
-443756.860,-1172398.790,349.692,0.008
-443757.130,-1172398.580,349.676,0.004
-443757.960,-1172397.890,349.724,0.006
-443758.500,-1172397.450,349.721,0.009
-443767.570,-1172390.010,348.972,0.008
-443767.860,-1172389.770,348.984,0.006
-443747.030,-1172406.860,350.422,0.008
-443759.309,-1172397.300,349.742,0.008
-443754.720,-1172400.550,349.591,0.009
-443747.550,-1172406.940,350.392,0.008
-443750.600,-1172404.440,350.412,0.008
-443751.690,-1172403.550,350.421,0.009
-443752.800,-1172402.640,350.441,0.009
-443753.080,-1172402.410,350.421,0.009
-443753.350,-1172402.190,350.421,0.009
-443754.910,-1172400.910,349.613,0.007
-443755.460,-1172400.460,349.621,0.009
-443755.730,-1172400.240,349.625,0.005
-443756.000,-1172400.020,349.631,0.009
-443756.549,-1172399.560,349.661,0.009
-443756.840,-1172399.320,349.641,0.009
-443768.100,-1172390.100,348.980,0.010
-443768.360,-1172389.880,349.010,0.010
-443750.680,-1172404.710,350.394,0.006
-443751.500,-1172404.040,350.430,0.010
-443752.590,-1172403.150,350.442,0.008
-443752.850,-1172402.940,350.431,0.009
-443753.110,-1172402.730,350.431,0.009
-443754.980,-1172401.190,349.591,0.009
-443755.510,-1172400.760,349.625,0.005
-443755.790,-1172400.530,349.615,0.005
-443756.080,-1172400.290,349.642,0.008
-443757.470,-1172399.149,349.652,0.008
-443758.280,-1172398.480,349.675,0.005
-443751.970,-1172404.070,350.433,0.007
-443753.060,-1172403.180,350.420,0.010
-443755.200,-1172401.420,349.596,0.004
-443755.490,-1172401.190,349.607,0.003
-443755.770,-1172400.950,349.604,0.006
-443756.330,-1172400.500,349.605,0.005
-443757.410,-1172399.610,349.661,0.009
-443757.960,-1172399.160,349.635,0.005
-443750.970,-1172405.360,350.413,0.007
-443751.250,-1172405.130,350.394,0.006
-443751.509,-1172404.920,350.422,0.008
-443752.590,-1172404.030,350.450,0.010
-443754.760,-1172402.250,349.551,0.009
-443755.050,-1172402.010,349.584,0.006
-443755.330,-1172401.790,349.585,0.005
-443755.590,-1172401.570,349.585,0.005
-443755.860,-1172401.360,349.585,0.005
-443756.130,-1172401.130,349.596,0.004
-443756.420,-1172400.890,349.595,0.005
-443756.690,-1172400.680,349.624,0.006
-443757.530,-1172399.990,349.645,0.005
-443759.690,-1172398.210,349.693,0.007
-443760.250,-1172397.750,349.725,0.005
-443760.520,-1172397.530,349.744,0.006
-443760.780,-1172397.320,349.757,0.003
-443749.950,-1172406.680,350.412,0.008
-443751.030,-1172405.800,350.421,0.009
-443751.300,-1172405.570,350.402,0.008
-443752.410,-1172404.671,350.411,0.009
-443754.850,-1172402.660,349.563,0.007
-443755.120,-1172402.440,349.565,0.005
-443755.390,-1172402.220,349.584,0.006
-443755.940,-1172401.770,349.584,0.006
-443756.230,-1172401.530,349.596,0.004
-443756.510,-1172401.300,349.592,0.008
-443756.790,-1172401.070,349.602,0.008
-443757.070,-1172400.840,349.584,0.006
-443757.350,-1172400.620,349.623,0.007
-443757.600,-1172400.410,349.615,0.005
-443759.500,-1172398.850,349.675,0.006
-443761.140,-1172397.510,349.752,0.008
-443761.410,-1172397.290,349.735,0.005
-443751.380,-1172405.910,350.433,0.007
-443751.630,-1172405.700,350.405,0.005
-443751.930,-1172405.460,350.443,0.007
-443754.400,-1172403.430,350.553,0.007
-443754.900,-1172403.020,349.544,0.006
-443755.760,-1172402.320,349.535,0.005
-443757.110,-1172401.210,349.583,0.007
-443757.650,-1172400.770,349.616,0.004
-443757.910,-1172400.550,349.583,0.007
-443759.280,-1172399.430,349.643,0.007
-443759.560,-1172399.200,349.652,0.008
-443759.840,-1172398.970,349.662,0.008
-443751.130,-1172406.520,350.411,0.009
-443751.700,-1172406.050,350.422,0.008
-443752.790,-1172405.160,350.442,0.008
-443753.060,-1172404.940,350.452,0.008
-443754.960,-1172403.380,349.533,0.007
-443755.240,-1172403.150,349.543,0.007
-443757.140,-1172401.590,349.584,0.006
-443757.400,-1172401.380,349.585,0.005
-443757.660,-1172401.170,349.592,0.008
-443757.949,-1172400.930,349.593,0.007
-443758.220,-1172400.710,349.594,0.006
-443759.050,-1172400.030,349.614,0.006
-443759.590,-1172399.580,349.625,0.005
-443759.880,-1172399.350,349.632,0.008
-443760.160,-1172399.120,349.662,0.008
-443760.710,-1172398.660,349.675,0.005
-443751.849,-1172406.430,350.421,0.009
-443752.690,-1172405.740,350.431,0.009
-443755.110,-1172403.750,349.513,0.007
-443755.660,-1172403.310,349.532,0.008
-443756.460,-1172402.650,349.542,0.008
-443756.750,-1172402.410,349.573,0.007
-443758.100,-1172401.300,349.572,0.008
-443758.950,-1172400.610,349.615,0.005
-443759.240,-1172400.370,349.616,0.004
-443759.520,-1172400.150,349.616,0.004
-443759.800,-1172399.910,349.626,0.004
-443761.140,-1172398.820,349.674,0.006
-443761.440,-1172398.570,349.676,0.004
-443762.250,-1172397.910,349.715,0.005
-443763.340,-1172397.010,349.760,0.010
-443754.910,-1172404.440,349.473,0.007
-443755.170,-1172404.230,349.493,0.007
-443755.440,-1172404.000,349.523,0.007
-443756.550,-1172403.100,349.555,0.005
-443756.810,-1172402.880,349.545,0.005
-443757.650,-1172402.200,349.561,0.009
-443758.200,-1172401.740,349.594,0.006
-443758.760,-1172401.290,349.593,0.007
-443759.010,-1172401.070,349.583,0.007
-443759.280,-1172400.850,349.604,0.006
-443760.110,-1172400.170,349.633,0.007
-443762.320,-1172398.370,349.694,0.006
-443763.120,-1172397.710,349.725,0.006
-443757.320,-1172402.990,349.543,0.007
-443757.600,-1172402.770,349.551,0.009
-443758.400,-1172402.110,349.545,0.005
-443758.700,-1172401.860,349.575,0.005
-443758.970,-1172401.640,349.571,0.009
-443759.520,-1172401.190,349.575,0.005
-443760.080,-1172400.730,349.603,0.007
-443760.620,-1172400.290,349.610,0.010
-443761.430,-1172399.620,349.641,0.009
-443761.710,-1172399.400,349.653,0.007
-443761.990,-1172399.170,349.664,0.006
-443762.250,-1172398.950,349.654,0.006
-443762.520,-1172398.730,349.665,0.005
-443765.230,-1172397.050,349.742,0.008
-443765.490,-1172396.830,349.750,0.010
-443757.550,-1172403.340,349.515,0.005
-443758.370,-1172402.660,349.563,0.007
-443758.660,-1172402.420,349.552,0.008
-443758.920,-1172402.220,349.553,0.007
-443759.750,-1172401.530,349.592,0.008
-443760.020,-1172401.310,349.572,0.008
-443760.290,-1172401.090,349.601,0.009
-443760.820,-1172400.660,349.603,0.007
-443762.180,-1172399.540,349.646,0.004
-443761.120,-1172401.020,349.575,0.005
-443761.380,-1172400.810,349.584,0.006
-443761.650,-1172400.590,349.622,0.008
-443761.940,-1172400.350,349.605,0.005
-443762.220,-1172400.120,349.615,0.005
-443762.470,-1172399.910,349.614,0.006
-443763.050,-1172399.439,349.631,0.009
-443764.420,-1172398.320,349.702,0.008
-443764.680,-1172398.100,349.694,0.006
-443765.790,-1172397.190,349.730,0.010
-443758.760,-1172403.580,349.523,0.007
-443759.570,-1172402.910,349.542,0.008
-443761.220,-1172401.559,349.573,0.007
-443761.500,-1172401.330,349.583,0.007
-443761.790,-1172401.090,349.583,0.007
-443762.350,-1172400.640,349.614,0.006
-443765.380,-1172398.150,349.694,0.006
-443766.210,-1172397.470,349.733,0.007
-443766.480,-1172397.250,349.731,0.009
-443757.860,-1172403.690,349.514,0.006
-443758.390,-1172403.250,349.533,0.007
-443758.660,-1172403.030,349.553,0.007
-443759.220,-1172402.570,349.551,0.009
-443759.470,-1172402.370,349.553,0.007
-443760.010,-1172401.920,349.563,0.007
-443760.290,-1172401.690,349.561,0.009
-443759.920,-1172403.150,349.544,0.006
-443760.500,-1172402.680,349.547,0.003
-443760.760,-1172402.460,349.543,0.007
-443761.860,-1172401.560,349.572,0.008
-443762.690,-1172400.880,349.602,0.008
-443762.970,-1172400.660,349.573,0.007
-443763.260,-1172400.420,349.611,0.009
-443763.540,-1172400.190,349.605,0.005
-443763.800,-1172399.970,349.613,0.007
-443764.620,-1172399.300,349.631,0.009
-443765.450,-1172398.620,349.675,0.005
-443765.700,-1172398.420,349.685,0.005
-443765.970,-1172398.189,349.680,0.010
-443766.270,-1172397.950,349.702,0.008
-443766.530,-1172397.740,349.714,0.006
-443759.640,-1172403.900,349.493,0.007
-443760.200,-1172403.430,349.529,0.001
-443760.480,-1172403.200,349.517,0.003
-443760.750,-1172402.990,349.546,0.004
-443761.270,-1172402.560,349.552,0.008
-443761.560,-1172402.320,349.562,0.008
-443762.400,-1172401.640,349.562,0.008
-443763.790,-1172400.500,349.604,0.006
-443767.140,-1172398.360,349.683,0.007
-443767.440,-1172398.119,349.671,0.009
-443764.870,-1172399.610,349.622,0.008
-443765.680,-1172398.950,349.660,0.010
-443767.330,-1172397.600,349.715,0.005
-443767.610,-1172397.360,349.702,0.008
-443767.830,-1172398.400,349.665,0.005
-443768.380,-1172397.950,349.695,0.005
-443762.230,-1172402.390,349.551,0.009
-443762.780,-1172401.940,349.570,0.010
-443763.060,-1172401.710,349.563,0.007
-443763.330,-1172401.490,349.564,0.006
-443763.600,-1172401.270,349.583,0.007
-443764.130,-1172400.840,349.595,0.005
-443764.410,-1172400.600,349.603,0.007
-443765.499,-1172399.709,349.610,0.010
-443766.600,-1172398.810,349.652,0.008
-443763.090,-1172402.810,349.553,0.007
-443760.710,-1172404.240,349.494,0.006
-443761.530,-1172403.560,349.531,0.009
-443762.330,-1172402.910,349.561,0.009
-443763.150,-1172402.240,349.564,0.006
-443763.420,-1172402.010,349.561,0.009
-443763.690,-1172401.800,349.561,0.009
-443763.960,-1172401.570,349.573,0.007
-443764.230,-1172401.350,349.574,0.006
-443764.520,-1172401.120,349.595,0.005
-443768.360,-1172398.500,349.662,0.008
-443769.800,-1172397.310,350.496,0.004
-443770.060,-1172397.100,350.484,0.006
-443770.339,-1172396.870,350.471,0.009
-443770.890,-1172396.420,350.482,0.008
-443761.200,-1172404.360,349.485,0.005
-443761.470,-1172404.140,349.493,0.007
-443762.560,-1172403.240,349.546,0.004
-443763.280,-1172403.080,349.531,0.009
-443764.120,-1172402.400,349.554,0.006
-443764.950,-1172401.720,349.566,0.004
-443765.490,-1172401.270,349.572,0.008
-443766.050,-1172400.820,349.592,0.008
-443766.900,-1172400.120,349.591,0.009
-443767.180,-1172399.890,349.593,0.007
-443767.450,-1172399.670,349.625,0.005
-443768.000,-1172399.220,349.623,0.007
-443768.280,-1172398.990,349.634,0.006
-443769.960,-1172397.610,350.482,0.008
-443770.800,-1172396.930,350.471,0.009
-443771.080,-1172396.700,350.494,0.006
-443763.360,-1172402.590,349.552,0.008
-443763.660,-1172402.350,349.570,0.010
-443763.930,-1172402.120,349.555,0.005
-443764.200,-1172401.900,349.555,0.005
-443765.030,-1172401.220,349.602,0.008
-443765.310,-1172400.990,349.574,0.006
-443766.150,-1172400.310,349.603,0.007
-443766.410,-1172400.090,349.624,0.006
-443767.810,-1172398.950,349.645,0.005
-443763.610,-1172403.330,349.531,0.009
-443763.890,-1172403.110,349.522,0.008
-443764.140,-1172402.900,349.540,0.010
-443766.080,-1172401.310,349.571,0.009
-443767.600,-1172400.580,349.596,0.004
-443767.870,-1172400.360,349.601,0.009
-443768.150,-1172400.130,349.601,0.009
-443769.320,-1172399.170,350.442,0.008
-443770.460,-1172398.230,350.422,0.008
-443770.989,-1172397.799,350.472,0.008
-443771.270,-1172397.570,350.442,0.008
-443772.370,-1172396.670,350.502,0.008
-443772.650,-1172396.440,350.531,0.009
-443772.940,-1172396.200,350.502,0.008
-443766.650,-1172400.850,349.551,0.009
-443767.190,-1172400.400,349.593,0.007
-443767.450,-1172400.190,349.595,0.005
-443769.150,-1172398.800,350.447,0.003
-443770.830,-1172397.420,350.452,0.008
-443771.110,-1172397.190,350.455,0.005
-443771.690,-1172396.720,350.473,0.007
-443764.590,-1172403.530,349.504,0.006
-443764.880,-1172403.290,349.535,0.005
-443765.140,-1172403.080,349.517,0.003
-443765.390,-1172402.870,349.544,0.006
-443765.940,-1172402.420,349.540,0.010
-443766.480,-1172401.980,349.553,0.007
-443762.930,-1172404.400,349.471,0.009
-443763.480,-1172403.950,349.515,0.005
-443763.770,-1172403.710,349.521,0.009
-443764.030,-1172403.500,349.502,0.008
-443764.310,-1172403.270,349.524,0.006
-443764.600,-1172403.040,349.563,0.007
-443764.880,-1172402.800,349.542,0.008
-443765.700,-1172402.130,349.554,0.006
-443765.980,-1172401.900,349.562,0.008
-443766.240,-1172401.690,349.554,0.006
-443766.510,-1172401.469,349.561,0.009
-443766.780,-1172401.250,349.583,0.007
-443767.290,-1172401.320,349.563,0.007
-443767.580,-1172401.080,349.583,0.007
-443767.890,-1172400.830,349.594,0.006
-443769.060,-1172399.870,350.371,0.009
-443769.619,-1172399.409,350.450,0.010
-443770.150,-1172398.980,350.412,0.008
-443770.420,-1172398.750,350.424,0.006
-443770.710,-1172398.520,350.442,0.008
-443771.000,-1172398.280,350.414,0.006
-443771.260,-1172398.070,350.422,0.008
-443772.369,-1172397.160,350.472,0.008
-443772.670,-1172396.920,350.483,0.007
-443773.200,-1172396.480,350.493,0.007
-443767.000,-1172402.620,349.526,0.004
-443768.100,-1172401.710,349.556,0.004
-443769.830,-1172400.300,350.405,0.005
-443764.890,-1172403.760,349.505,0.005
-443765.980,-1172402.859,349.551,0.009
-443766.250,-1172402.640,349.543,0.007
-443767.090,-1172401.960,349.557,0.003
-443767.360,-1172401.740,349.553,0.007
-443767.640,-1172401.500,349.573,0.007
-443767.930,-1172401.270,349.562,0.008
-443768.500,-1172400.810,349.583,0.007
-443769.650,-1172399.860,350.412,0.008
-443769.939,-1172399.620,350.411,0.009
-443770.219,-1172399.390,350.393,0.008
-443770.790,-1172398.930,350.406,0.004
-443771.060,-1172398.700,350.417,0.003
-443770.120,-1172400.060,350.384,0.006
-443770.670,-1172399.610,350.373,0.007
-443771.489,-1172398.940,350.383,0.007
-443773.110,-1172397.610,350.450,0.010
-443766.150,-1172403.320,349.535,0.005
-443766.410,-1172403.100,349.525,0.005
-443767.310,-1172402.910,349.520,0.010
-443771.240,-1172399.690,350.383,0.007
-443771.800,-1172399.230,350.331,0.009
-443767.530,-1172403.130,349.521,0.009
-443769.260,-1172401.720,350.322,0.008
-443770.590,-1172400.630,350.364,0.006
-443771.180,-1172400.140,350.323,0.007
-443772.000,-1172399.470,350.354,0.006
-443767.810,-1172403.250,349.512,0.008
-443768.070,-1172403.040,349.512,0.008
-443768.340,-1172402.820,349.514,0.006
-443769.220,-1172402.100,350.354,0.006
-443769.500,-1172401.870,350.323,0.007
-443771.440,-1172400.280,350.334,0.006
-443772.010,-1172399.809,350.333,0.007
-443772.580,-1172399.350,350.384,0.006
-443771.290,-1172400.890,350.325,0.005
-443771.570,-1172400.660,350.315,0.005
-443772.650,-1172399.770,350.331,0.009
-443767.870,-1172403.680,349.474,0.006
-443768.430,-1172403.230,349.515,0.005
-443768.130,-1172403.990,349.465,0.005
-443769.859,-1172402.570,350.343,0.007
-443770.420,-1172402.110,350.333,0.007
-443770.700,-1172401.880,350.314,0.006
-443771.520,-1172401.210,350.321,0.009
-443772.640,-1172400.290,350.332,0.008
-443769.600,-1172402.260,350.321,0.009
-443770.150,-1172401.820,350.354,0.006
-443770.430,-1172401.590,350.324,0.006
-443769.810,-1172403.060,350.292,0.008
-443770.909,-1172402.150,350.312,0.008
-443771.200,-1172401.910,350.270,0.010
-443772.040,-1172401.230,350.322,0.008
-443772.320,-1172401.000,350.314,0.006
-443769.880,-1172403.450,350.304,0.006
-443770.430,-1172403.000,350.311,0.009
-443770.720,-1172402.760,350.302,0.008
-443771.270,-1172402.310,350.322,0.008
-443772.380,-1172401.400,350.291,0.009
-443773.170,-1172400.760,350.344,0.006
-443773.720,-1172400.310,350.374,0.006
-443770.430,-1172404.100,350.285,0.005
-443770.690,-1172403.890,350.264,0.006
-443770.960,-1172403.670,350.285,0.005
-443771.240,-1172403.430,350.295,0.005
-443772.330,-1172402.540,350.332,0.008
-443772.609,-1172402.319,350.341,0.009
-443773.440,-1172401.640,350.322,0.008
-443773.710,-1172401.410,350.343,0.007
-443769.729,-1172404.100,350.261,0.009
-443770.260,-1172403.660,350.321,0.009
-443770.820,-1172403.210,350.313,0.007
-443771.090,-1172402.990,350.283,0.007
-443773.840,-1172400.740,350.352,0.008
-443770.950,-1172404.130,350.287,0.003
-443771.220,-1172403.910,350.283,0.007
-443772.630,-1172402.760,350.310,0.010
-443772.900,-1172402.540,350.322,0.008
-443773.470,-1172402.070,350.311,0.009
-443771.480,-1172404.240,350.262,0.008
-443708.479,-1172402.790,352.141,0.009
-443708.770,-1172402.560,352.134,0.006
-443709.050,-1172402.320,352.103,0.007
-443707.679,-1172402.960,352.223,0.007
-443707.940,-1172402.740,352.246,0.004
-443709.070,-1172401.810,352.060,0.010
-443707.299,-1172402.790,352.322,0.008
-443707.570,-1172402.560,352.265,0.005
-443707.859,-1172402.320,352.226,0.004
-443708.949,-1172401.420,352.083,0.007
-443707.609,-1172401.880,352.232,0.008
-443708.449,-1172401.180,352.133,0.007
-443706.569,-1172400.040,352.513,0.007
-443706.869,-1172399.800,352.442,0.008
-443697.230,-1172345.670,353.122,0.008
-443838.139,-1172322.490,349.132,0.008
-443838.460,-1172322.240,349.073,0.007
-443838.769,-1172321.980,349.013,0.007
-443838.640,-1172322.700,349.083,0.007
-443837.109,-1172322.880,349.233,0.007
-443838.329,-1172321.880,349.081,0.009
-443838.629,-1172321.630,349.051,0.009
-443836.449,-1172322.980,349.304,0.006
-443836.760,-1172322.730,349.256,0.004
-443837.069,-1172322.470,349.231,0.010
-443837.660,-1172321.990,349.146,0.004
-443837.960,-1172321.740,349.136,0.004
-443836.000,-1172322.770,349.368,0.002
-443836.320,-1172322.500,349.316,0.004
-443836.610,-1172322.270,349.287,0.003
-443836.909,-1172322.020,349.214,0.006
-443837.509,-1172321.520,349.163,0.007
-443837.820,-1172321.270,349.115,0.005
-443836.379,-1172321.910,349.302,0.008
-443836.690,-1172321.660,349.226,0.004
-443837.300,-1172321.160,349.137,0.003
-443837.590,-1172320.920,349.115,0.005
-443837.880,-1172320.680,349.085,0.005
-443838.190,-1172320.420,349.047,0.003
-443838.480,-1172320.180,349.026,0.004
-443835.140,-1172322.410,349.467,0.003
-443836.070,-1172321.640,349.316,0.004
-443837.580,-1172320.400,349.116,0.004
-443837.870,-1172320.170,349.107,0.003
-443838.160,-1172319.920,349.067,0.003
-443838.459,-1172319.680,349.031,0.009
-443835.469,-1172321.680,349.332,0.008
-443835.789,-1172321.420,349.345,0.005
-443837.020,-1172320.410,349.196,0.004
-443837.310,-1172320.170,349.157,0.003
-443835.750,-1172320.840,349.346,0.004
-443836.319,-1172320.370,349.292,0.008
-443836.610,-1172320.130,349.246,0.004
-443837.259,-1172319.600,349.174,0.006
-443837.540,-1172319.370,349.126,0.004
-443837.859,-1172319.110,349.083,0.007
-443838.170,-1172318.850,349.057,0.003
-443835.249,-1172320.730,349.424,0.006
-443836.509,-1172319.690,349.242,0.008
-443836.819,-1172319.430,349.214,0.006
-443837.409,-1172318.950,349.133,0.007
-443837.710,-1172318.700,349.094,0.006
-443838.010,-1172318.450,349.077,0.003
-443838.320,-1172318.200,349.026,0.004
-443834.960,-1172320.490,349.457,0.003
-443835.560,-1172319.990,349.356,0.004
-443835.879,-1172319.730,349.333,0.007
-443836.779,-1172318.989,349.211,0.009
-443834.730,-1172320.340,349.449,0.001
-443835.299,-1172319.860,349.375,0.005
-443835.629,-1172319.600,349.340,0.010
-443835.909,-1172319.370,349.322,0.008
-443836.810,-1172318.620,349.207,0.003
-443837.119,-1172318.370,349.183,0.007
-443836.610,-1172318.280,349.246,0.004
-443836.900,-1172318.040,349.226,0.005
-443837.190,-1172317.800,349.186,0.004
-443837.500,-1172317.550,349.128,0.002
-443837.789,-1172317.300,349.121,0.009
-443835.409,-1172319.260,349.380,0.010
-443835.709,-1172319.020,349.344,0.006
-443836.009,-1172318.770,349.290,0.010
-443836.289,-1172318.540,349.271,0.009
-443835.080,-1172319.050,349.393,0.007
-443835.379,-1172318.800,349.394,0.006
-443835.700,-1172318.540,349.324,0.006
-443836.309,-1172318.039,349.253,0.007
-443836.590,-1172317.810,349.246,0.004
-443836.879,-1172317.570,349.214,0.006
-443837.160,-1172317.340,349.185,0.005
-443834.939,-1172318.660,349.433,0.007
-443835.859,-1172317.910,349.354,0.006
-443836.469,-1172317.410,349.294,0.006
-443834.950,-1172318.210,349.454,0.006
-443835.829,-1172317.480,349.372,0.008
-443797.140,-1172330.410,351.165,0.005
-443797.900,-1172325.910,351.233,0.007
-443797.630,-1172325.680,351.241,0.009
-443805.650,-1172317.880,351.196,0.004
-443804.300,-1172318.450,351.115,0.005
-443804.570,-1172318.230,351.131,0.009
-443805.430,-1172317.510,351.187,0.003
-443804.469,-1172317.790,351.123,0.007
-443804.770,-1172317.530,351.104,0.006
-443805.040,-1172317.310,351.116,0.004
-443803.680,-1172317.760,351.111,0.009
-443801.860,-1172316.910,350.928,0.002
-443798.400,-1172290.780,354.942,0.008
-443741.510,-1172297.850,354.477,0.003
-443741.780,-1172297.620,354.457,0.003
-443722.570,-1172330.160,352.445,0.005
-443721.669,-1172331.460,352.622,0.009
-443722.849,-1172330.980,352.390,0.010
-443742.740,-1172326.460,351.286,0.004
-443743.080,-1172326.730,351.264,0.006
-443743.360,-1172326.490,351.266,0.004
-443743.740,-1172326.630,351.276,0.004
-443744.030,-1172326.380,351.305,0.005
-443744.300,-1172326.150,351.297,0.003
-443743.129,-1172333.480,353.233,0.007
-443743.420,-1172333.230,353.187,0.003
-443743.980,-1172333.330,353.153,0.007
-443744.260,-1172333.090,353.134,0.006
-443744.549,-1172332.850,353.100,0.010
-443744.219,-1172333.630,353.102,0.008
-443744.529,-1172333.370,353.081,0.009
-443745.109,-1172332.890,353.032,0.008
-443745.389,-1172332.640,353.011,0.010
-443743.659,-1172334.750,353.211,0.009
-443743.719,-1172335.290,353.190,0.010
-443744.290,-1172334.811,353.102,0.008
-443744.590,-1172334.560,353.074,0.006
-443744.870,-1172334.330,353.053,0.007
-443745.449,-1172333.840,353.002,0.008
-443743.999,-1172335.490,353.193,0.007
-443744.300,-1172335.240,353.157,0.003
-443744.570,-1172335.010,353.115,0.005
-443744.860,-1172334.770,353.095,0.005
-443745.149,-1172334.530,353.072,0.008
-443745.699,-1172334.060,353.022,0.008
-443744.520,-1172335.480,353.135,0.005
-443744.800,-1172335.240,353.096,0.004
-443745.080,-1172335.000,353.036,0.004
-443744.830,-1172335.810,353.102,0.008
-443743.679,-1172337.370,353.204,0.006
-443743.959,-1172337.130,353.184,0.006
-443744.249,-1172336.890,353.143,0.007
-443745.660,-1172335.700,353.017,0.003
-443743.430,-1172338.080,353.264,0.006
-443743.710,-1172337.860,353.246,0.004
-443743.989,-1172337.620,353.223,0.007
-443744.300,-1172337.360,353.182,0.008
-443743.749,-1172338.240,353.231,0.009
-443744.049,-1172337.990,353.195,0.005
-443745.130,-1172337.590,353.103,0.007
-443745.449,-1172337.760,353.052,0.008
-443745.739,-1172337.510,353.012,0.008
-443747.149,-1172336.330,352.852,0.008
-443747.729,-1172335.840,352.783,0.007
-443748.000,-1172335.620,352.783,0.007
-443746.799,-1172337.070,352.940,0.010
-443747.369,-1172336.600,352.871,0.009
-443747.659,-1172336.350,352.823,0.007
-443746.379,-1172337.850,352.984,0.006
-443746.979,-1172337.350,352.932,0.008
-443747.979,-1172337.780,352.781,0.009
-443749.419,-1172336.560,352.655,0.005
-443749.710,-1172336.320,352.615,0.005
-443748.300,-1172338.150,352.771,0.009
-443748.569,-1172337.920,352.761,0.009
-443748.869,-1172337.670,352.732,0.008
-443748.910,-1172338.100,352.734,0.006
-443749.179,-1172337.880,352.710,0.010
-443749.469,-1172337.640,352.641,0.009
-443749.770,-1172337.390,352.614,0.006
-443782.849,-1172320.709,353.720,0.010
-443720.039,-1172340.030,352.975,0.005
-443720.940,-1172339.260,352.787,0.003
-443721.190,-1172339.560,352.818,0.002
-443719.919,-1172341.800,352.974,0.006
-443721.069,-1172340.830,352.802,0.008
-443720.939,-1172341.430,352.833,0.007
-443718.889,-1172339.140,353.124,0.007
-443719.079,-1172339.640,353.143,0.007
-443718.829,-1172340.470,353.153,0.007
-443720.570,-1172339.000,352.826,0.004
-443720.850,-1172338.770,352.867,0.003
-443719.530,-1172337.460,353.018,0.002
-443718.510,-1172338.880,353.191,0.009
-443718.810,-1172338.620,353.165,0.005
-443719.380,-1172338.140,353.076,0.004
-443719.660,-1172337.900,353.078,0.002
-443719.129,-1172335.470,353.084,0.007
-443718.749,-1172336.360,353.183,0.007
-443718.660,-1172336.980,353.155,0.005
-443718.960,-1172336.720,353.097,0.003
-443719.389,-1172333.910,352.992,0.008
-443719.399,-1172332.860,352.974,0.006
-443719.689,-1172332.610,352.951,0.009
-443719.979,-1172332.360,352.894,0.006
-443719.669,-1172333.160,352.964,0.006
-443719.969,-1172332.900,352.904,0.006
-443720.809,-1172332.190,352.771,0.009
-443720.119,-1172330.960,352.863,0.007
-443721.269,-1172329.980,352.710,0.010
-443719.839,-1172331.860,352.921,0.009
-443720.709,-1172331.110,352.791,0.009
-443718.929,-1172331.420,353.031,0.009
-443699.100,-1172345.150,353.161,0.009
-443699.380,-1172344.910,353.134,0.006
-443698.620,-1172344.490,353.172,0.008
-443698.940,-1172344.720,353.134,0.006
-443697.590,-1172341.979,353.230,0.010
-443703.860,-1172328.210,352.684,0.006
-443705.220,-1172290.450,353.822,0.008
-443851.570,-1172429.800,373.820,0.010
-443849.560,-1172430.520,374.242,0.008
-443847.460,-1172431.320,374.173,0.007
-443847.980,-1172430.890,374.193,0.007
-443849.900,-1172429.270,374.175,0.005
-443850.160,-1172429.050,374.184,0.006
-443851.640,-1172427.800,373.812,0.008
-443849.800,-1172429.730,374.213,0.007
-443851.539,-1172428.260,373.824,0.006
-443851.340,-1172426.940,373.812,0.008
-443851.900,-1172426.470,373.824,0.006
-443847.530,-1172430.610,374.203,0.007
-443847.810,-1172430.380,374.162,0.008
-443851.970,-1172426.880,373.842,0.008
-443847.300,-1172431.120,374.212,0.008
-443847.590,-1172430.880,374.215,0.005
-443845.660,-1172430.870,374.185,0.005
-443845.940,-1172430.630,374.162,0.008
-443848.120,-1172428.790,374.172,0.008
-443846.040,-1172430.960,374.130,0.010
-443846.560,-1172430.520,374.174,0.006
-443848.230,-1172429.120,374.145,0.005
-443844.619,-1172430.830,374.201,0.009
-443845.999,-1172429.680,374.162,0.008
-443846.280,-1172429.430,374.182,0.008
-443847.080,-1172428.770,374.162,0.008
-443851.820,-1172424.780,373.825,0.005
-443845.330,-1172430.780,374.172,0.008
-443845.600,-1172430.550,374.164,0.006
-443846.130,-1172430.110,374.133,0.007
-443847.209,-1172429.200,374.142,0.008
-443851.429,-1172425.651,373.761,0.009
-443848.100,-1172426.980,374.161,0.009
-443848.380,-1172426.740,374.180,0.010
-443849.429,-1172425.860,374.172,0.008
-443845.940,-1172429.240,374.152,0.008
-443846.480,-1172428.790,374.165,0.005
-443847.839,-1172427.650,374.163,0.007
-443848.110,-1172427.420,374.153,0.007
-443848.370,-1172427.200,374.173,0.007
-443849.450,-1172426.290,374.163,0.007
-443851.480,-1172424.590,373.824,0.006
-443851.769,-1172424.340,373.774,0.006
-443840.950,-1172431.620,374.213,0.007
-443844.770,-1172428.410,374.163,0.007
-443848.890,-1172424.960,374.133,0.007
-443851.190,-1172423.030,373.752,0.008
-443851.459,-1172422.800,373.802,0.008
-443841.360,-1172431.710,374.250,0.010
-443851.500,-1172422.030,373.801,0.009
-443840.500,-1172431.590,374.232,0.008
-443840.799,-1172431.340,374.233,0.007
-443849.820,-1172423.760,374.181,0.009
-443851.269,-1172422.550,373.871,0.009
-443851.560,-1172422.300,373.861,0.009
-443840.670,-1172431.860,374.212,0.008
-443847.490,-1172424.960,374.131,0.009
-443847.760,-1172424.740,374.151,0.009
-443844.000,-1172427.540,374.141,0.009
-443841.710,-1172428.930,374.182,0.008
-443843.050,-1172427.810,374.161,0.009
-443845.790,-1172425.510,374.133,0.007
-443846.070,-1172425.280,374.132,0.008
-443841.639,-1172429.220,374.170,0.010
-443843.530,-1172427.640,374.163,0.007
-443846.010,-1172425.560,374.151,0.009
-443847.670,-1172424.170,374.162,0.008
-443847.950,-1172423.930,374.151,0.009
-443838.700,-1172431.110,374.243,0.007
-443844.440,-1172426.290,374.133,0.007
-443847.470,-1172423.760,374.182,0.008
-443848.019,-1172423.289,374.171,0.009
-443848.290,-1172423.070,374.153,0.007
-443848.550,-1172422.850,374.150,0.010
-443838.150,-1172431.910,374.224,0.006
-443838.410,-1172431.700,374.223,0.007
-443838.680,-1172431.470,374.232,0.008
-443839.790,-1172430.540,374.185,0.005
-443849.220,-1172421.720,374.151,0.009
-443840.469,-1172429.320,374.170,0.010
-443851.240,-1172420.290,373.791,0.009
-443837.970,-1172430.910,374.203,0.007
-443838.230,-1172430.700,374.193,0.007
-443842.330,-1172427.260,374.152,0.008
-443837.990,-1172431.130,374.254,0.006
-443838.260,-1172430.900,374.203,0.007
-443840.430,-1172429.080,374.202,0.008
-443844.060,-1172426.040,374.121,0.009
-443844.310,-1172425.830,374.153,0.007
-443837.950,-1172430.510,374.202,0.008
-443838.210,-1172430.290,374.233,0.007
-443842.299,-1172426.870,374.131,0.009
-443842.560,-1172426.650,374.154,0.006
-443848.600,-1172421.600,374.151,0.009
-443851.430,-1172419.230,373.800,0.010
-443849.010,-1172420.440,374.144,0.006
-443835.590,-1172432.090,373.834,0.006
-443835.860,-1172431.870,373.881,0.009
-443838.250,-1172429.870,374.191,0.009
-443838.520,-1172429.640,374.231,0.009
-443839.350,-1172428.950,374.194,0.006
-443841.800,-1172426.890,374.122,0.008
-443842.050,-1172426.680,374.141,0.009
-443848.940,-1172420.920,374.132,0.008
-443849.740,-1172420.250,374.154,0.006
-443838.400,-1172428.921,374.221,0.009
-443838.710,-1172428.670,374.162,0.008
-443838.960,-1172428.460,374.174,0.006
-443841.430,-1172426.390,374.182,0.008
-443841.710,-1172426.150,374.176,0.004
-443848.280,-1172420.660,374.091,0.009
-443835.670,-1172431.600,373.845,0.005
-443835.950,-1172431.370,373.860,0.010
-443839.680,-1172428.240,374.211,0.009
-443841.340,-1172426.860,374.173,0.007
-443841.880,-1172426.400,374.162,0.008
-443837.409,-1172429.250,374.212,0.008
-443839.040,-1172427.880,374.192,0.008
-443840.420,-1172426.731,374.180,0.010
-443841.520,-1172425.800,374.164,0.006
-443841.810,-1172425.560,374.181,0.009
-443844.260,-1172423.510,374.133,0.007
-443844.520,-1172423.300,374.134,0.006
-443844.820,-1172423.040,374.103,0.007
-443845.890,-1172422.150,374.132,0.008
-443847.260,-1172421.000,374.131,0.010
-443851.230,-1172417.680,373.803,0.007
-443835.480,-1172431.370,373.862,0.008
-443835.740,-1172431.150,373.891,0.009
-443837.850,-1172429.390,374.202,0.008
-443847.540,-1172420.080,374.132,0.008
-443835.360,-1172430.570,373.792,0.008
-443838.770,-1172427.720,374.171,0.009
-443841.520,-1172425.420,374.161,0.009
-443843.209,-1172424.010,374.141,0.009
-443844.030,-1172423.320,374.114,0.006
-443844.580,-1172422.860,374.112,0.008
-443844.850,-1172422.640,374.103,0.007
-443851.220,-1172417.310,373.824,0.006
-443851.520,-1172417.060,373.811,0.009
-443843.360,-1172423.300,374.121,0.009
-443846.380,-1172420.770,374.090,0.010
-443837.420,-1172428.530,374.211,0.009
-443839.030,-1172427.190,374.182,0.008
-443839.280,-1172426.980,374.181,0.009
-443839.590,-1172426.720,374.151,0.009
-443842.070,-1172424.650,374.154,0.006
-443843.420,-1172423.520,374.144,0.006
-443837.620,-1172427.710,374.201,0.009
-443837.890,-1172427.481,374.200,0.010
-443839.270,-1172426.320,374.180,0.010
-443840.620,-1172425.200,374.180,0.010
-443843.370,-1172422.900,374.113,0.007
-443845.880,-1172420.810,374.071,0.009
-443846.410,-1172420.370,374.120,0.010
-443846.700,-1172420.120,374.112,0.008
-443837.330,-1172428.340,374.172,0.008
-443837.830,-1172427.150,374.202,0.008
-443840.610,-1172424.830,374.151,0.009
-443840.880,-1172424.610,374.172,0.008
-443843.050,-1172422.800,374.134,0.006
-443843.320,-1172422.570,374.112,0.008
-443846.360,-1172420.030,374.071,0.009
-443845.040,-1172420.470,374.073,0.007
-443846.130,-1172419.550,374.080,0.010
-443839.909,-1172425.080,374.161,0.009
-443840.470,-1172424.600,374.202,0.008
-443842.650,-1172422.790,374.130,0.010
-443845.390,-1172420.490,374.103,0.007
-443845.670,-1172420.270,374.142,0.008
-443845.960,-1172420.030,374.111,0.009
-443837.870,-1172426.050,374.212,0.008
-443846.129,-1172419.160,374.090,0.010
-443839.550,-1172425.050,374.161,0.009
-443835.420,-1172427.719,373.852,0.008
-443835.550,-1172427.980,373.833,0.007
-443842.610,-1172420.760,374.132,0.008
-443844.840,-1172418.890,374.103,0.007
-443838.100,-1172424.950,374.171,0.009
-443835.240,-1172426.450,373.796,0.004
-443835.510,-1172426.220,373.836,0.004
-443835.790,-1172425.990,373.850,0.010
-443837.070,-1172424.920,374.202,0.008
-443838.430,-1172423.790,374.184,0.006
-443840.930,-1172421.700,374.161,0.009
-443842.010,-1172420.810,374.173,0.007
-443842.270,-1172420.590,374.165,0.005
-443844.479,-1172418.740,374.100,0.010
-443835.300,-1172426.850,373.833,0.007
-443837.110,-1172425.340,374.253,0.007
-443837.400,-1172425.100,374.205,0.005
-443837.680,-1172424.860,374.192,0.008
-443838.230,-1172424.410,374.182,0.008
-443838.520,-1172424.160,374.184,0.006
-443838.800,-1172423.930,374.192,0.008
-443835.350,-1172425.930,373.864,0.006
-443836.900,-1172424.640,374.185,0.005
-443837.160,-1172424.420,374.221,0.009
-443838.280,-1172423.490,374.203,0.007
-443840.750,-1172421.430,374.214,0.006
-443841.040,-1172421.190,374.174,0.006
-443841.600,-1172420.720,374.152,0.008
-443842.130,-1172420.280,374.166,0.004
-443838.910,-1172422.570,374.352,0.008
-443844.330,-1172417.210,376.954,0.006
-443842.260,-1172419.290,377.370,0.010
-443844.190,-1172417.010,376.953,0.007
-443847.170,-1172414.530,374.160,0.010
-443837.670,-1172422.750,374.222,0.008
-443835.180,-1172424.240,373.831,0.009
-443835.730,-1172423.780,373.862,0.008
-443837.000,-1172422.720,374.195,0.005
-443842.990,-1172417.730,377.394,0.006
-443846.949,-1172414.440,374.131,0.009
-443835.150,-1172424.540,373.881,0.009
-443835.430,-1172424.300,373.871,0.009
-443835.710,-1172424.070,373.842,0.008
-443835.390,-1172423.630,373.863,0.007
-443836.940,-1172422.340,374.244,0.006
-443843.600,-1172416.800,376.981,0.009
-443843.859,-1172416.580,376.963,0.007
-443847.980,-1172413.150,374.163,0.007
-443846.260,-1172413.820,374.132,0.008
-443847.900,-1172412.450,374.172,0.008
-443847.590,-1172413.080,374.163,0.007
-443845.870,-1172413.820,374.110,0.010
-443835.610,-1172422.680,373.874,0.006
-443836.780,-1172420.890,377.474,0.006
-443837.610,-1172420.200,377.465,0.005
-443841.490,-1172416.970,377.372,0.008
-443845.690,-1172413.480,374.110,0.010
-443848.129,-1172411.450,374.180,0.010
-443835.500,-1172422.440,373.887,0.003
-443837.180,-1172420.130,377.454,0.006
-443843.829,-1172414.590,374.152,0.008
-443845.520,-1172413.190,374.091,0.009
-443845.800,-1172412.950,374.101,0.009
-443846.880,-1172412.060,374.132,0.008
-443848.229,-1172410.940,374.141,0.009
-443845.850,-1172412.270,374.124,0.006
-443835.960,-1172420.790,377.502,0.008
-443836.220,-1172420.570,377.482,0.008
-443837.079,-1172419.860,377.481,0.009
-443845.650,-1172412.730,374.122,0.008
-443846.510,-1172412.020,374.132,0.008
-443845.360,-1172412.190,374.120,0.010
-443836.130,-1172420.340,377.473,0.007
-443834.830,-1172420.950,377.510,0.010
-443839.789,-1172416.819,377.450,0.010
-443841.590,-1172413.950,374.104,0.006
-443841.850,-1172413.740,374.121,0.009
-443843.809,-1172412.110,374.132,0.008
-443846.820,-1172409.620,374.111,0.009
-443843.390,-1172411.900,374.110,0.010
-443843.670,-1172411.670,374.113,0.007
-443843.940,-1172411.440,374.131,0.009
-443832.970,-1172421.110,377.544,0.006
-443843.750,-1172411.140,374.120,0.010
-443844.019,-1172410.921,374.091,0.010
-443846.520,-1172408.840,374.132,0.008
-443832.840,-1172420.660,377.520,0.010
-443841.519,-1172412.640,374.111,0.009
-443842.920,-1172411.480,374.122,0.008
-443843.179,-1172411.270,374.102,0.008
-443846.240,-1172408.730,374.131,0.009
-443846.520,-1172408.500,374.122,0.008
-443836.979,-1172416.160,374.152,0.008
-443841.130,-1172412.720,374.104,0.006
-443842.770,-1172411.360,374.103,0.007
-443842.590,-1172411.080,374.123,0.007
-443844.230,-1172409.720,374.122,0.008
-443849.520,-1172405.330,374.161,0.009
-443842.120,-1172411.110,374.090,0.010
-443842.400,-1172410.870,374.092,0.008
-443843.210,-1172410.200,374.120,0.010
-443844.310,-1172409.290,374.111,0.009
-443849.560,-1172404.930,374.150,0.010
-443842.250,-1172410.660,374.103,0.007
-443842.830,-1172410.180,374.121,0.009
-443843.110,-1172409.950,374.092,0.008
-443839.890,-1172412.960,374.121,0.009
-443829.480,-1172421.240,377.583,0.007
-443830.020,-1172420.800,377.562,0.008
-443839.770,-1172412.720,374.134,0.006
-443841.700,-1172411.120,374.123,0.007
-443841.980,-1172410.880,374.123,0.007
-443843.500,-1172408.850,374.102,0.008
-443829.350,-1172421.040,377.603,0.007
-443829.650,-1172420.800,377.563,0.007
-443842.330,-1172409.450,374.075,0.005
-443829.350,-1172420.580,377.602,0.008
-443829.610,-1172420.360,377.592,0.008
-443839.890,-1172411.840,374.112,0.008
-443840.170,-1172411.610,374.125,0.005
-443842.399,-1172409.770,374.103,0.007
-443839.840,-1172411.510,374.100,0.010
-443840.110,-1172411.281,374.101,0.009
-443840.650,-1172410.840,374.111,0.009
-443847.290,-1172404.730,374.161,0.009
-443829.409,-1172419.830,377.581,0.009
-443838.279,-1172412.470,374.144,0.006
-443840.260,-1172410.840,374.100,0.010
-443842.150,-1172409.270,374.070,0.010
-443847.390,-1172404.260,374.145,0.005
-443829.259,-1172419.660,377.593,0.007
-443829.539,-1172419.420,377.553,0.007
-443829.820,-1172419.190,377.553,0.007
-443838.180,-1172412.280,374.142,0.008
-443838.459,-1172412.040,374.091,0.009
-443840.120,-1172410.670,374.091,0.009
-443840.420,-1172410.420,374.101,0.009
-443829.350,-1172419.190,377.574,0.006
-443838.230,-1172411.840,374.142,0.008
-443838.520,-1172411.600,374.152,0.008
-443838.809,-1172411.360,374.141,0.009
-443839.080,-1172411.140,374.101,0.009
-443839.610,-1172410.690,374.134,0.006
-443841.320,-1172409.280,374.090,0.010
-443838.530,-1172411.190,374.123,0.007
-443838.810,-1172410.950,374.135,0.005
-443839.100,-1172410.710,374.110,0.010
-443844.910,-1172405.900,374.134,0.006
-443845.190,-1172405.680,374.122,0.008
-443845.990,-1172405.010,374.130,0.010
-443845.100,-1172405.360,374.131,0.009
-443845.660,-1172404.911,374.110,0.010
-443846.470,-1172404.230,374.151,0.009
-443848.130,-1172402.860,374.140,0.010
-443834.850,-1172413.480,373.804,0.006
-443835.140,-1172413.240,373.806,0.004
-443838.349,-1172410.580,374.131,0.009
-443839.710,-1172409.460,374.097,0.003
-443843.880,-1172406.000,374.092,0.008
-443844.730,-1172405.300,374.133,0.007
-443846.390,-1172403.930,374.142,0.008
-443847.730,-1172402.820,374.132,0.008
-443848.020,-1172402.581,374.151,0.009
-443835.080,-1172412.780,373.845,0.005
-443838.589,-1172409.880,374.131,0.009
-443838.860,-1172409.660,374.115,0.005
-443839.130,-1172409.430,374.116,0.004
-443839.410,-1172409.200,374.081,0.009
-443843.830,-1172405.550,374.121,0.009
-443845.510,-1172404.160,374.160,0.010
-443847.970,-1172402.120,374.151,0.009
-443838.280,-1172409.640,374.092,0.008
-443838.550,-1172409.420,374.086,0.004
-443839.390,-1172408.720,374.075,0.005
-443842.120,-1172406.460,374.071,0.009
-443843.790,-1172405.080,374.124,0.006
-443844.079,-1172404.839,374.130,0.010
-443845.460,-1172403.700,374.106,0.004
-443839.280,-1172408.340,374.103,0.007
-443839.850,-1172407.870,374.071,0.009
-443840.120,-1172407.640,374.102,0.008
-443847.850,-1172401.250,374.163,0.007
-443839.670,-1172407.580,374.072,0.008
-443842.420,-1172405.310,374.095,0.005
-443842.690,-1172405.090,374.124,0.006
-443844.070,-1172403.950,374.114,0.006
-443844.340,-1172403.720,374.121,0.009
-443844.630,-1172403.480,374.123,0.007
-443847.400,-1172401.190,374.153,0.007
-443847.690,-1172400.950,374.155,0.005
-443841.540,-1172405.510,374.110,0.010
-443843.209,-1172404.130,374.123,0.007
-443844.290,-1172403.240,374.142,0.008
-443845.380,-1172402.340,374.162,0.008
-443845.680,-1172402.090,374.131,0.009
-443847.350,-1172400.710,374.162,0.008
-443839.889,-1172406.880,374.081,0.010
-443839.360,-1172406.870,374.063,0.007
-443840.220,-1172406.160,374.052,0.008
-443840.760,-1172405.710,374.073,0.007
-443842.720,-1172404.090,374.124,0.006
-443843.260,-1172403.640,374.120,0.010
-443837.340,-1172408.140,374.151,0.009
-443837.910,-1172407.660,374.124,0.006
-443839.030,-1172406.740,374.081,0.009
-443840.139,-1172405.830,374.071,0.009
-443840.710,-1172405.360,374.094,0.006
-443843.190,-1172403.310,374.140,0.010
-443843.480,-1172403.070,374.100,0.010
-443845.400,-1172401.480,374.130,0.010
-443845.670,-1172401.260,374.162,0.008
-443846.230,-1172400.800,374.172,0.008
-443839.650,-1172405.890,374.077,0.003
-443839.920,-1172405.670,374.083,0.007
-443841.290,-1172404.530,374.090,0.010
-443843.240,-1172402.920,374.116,0.004
-443843.810,-1172402.460,374.162,0.008
-443845.490,-1172401.070,374.121,0.009
-443837.950,-1172406.840,374.142,0.008
-443838.799,-1172406.130,374.112,0.008
-443839.330,-1172405.700,374.092,0.008
-443839.600,-1172405.480,374.102,0.008
-443841.250,-1172404.120,374.111,0.009
-443842.920,-1172402.730,374.142,0.008
-443844.579,-1172401.370,374.141,0.009
-443845.710,-1172400.440,374.165,0.005
-443847.630,-1172398.850,374.281,0.009
-443847.910,-1172398.620,374.271,0.009
-443844.289,-1172401.240,374.120,0.010
-443845.120,-1172400.560,374.185,0.005
-443845.400,-1172400.330,374.155,0.005
-443847.350,-1172398.730,374.255,0.005
-443847.620,-1172398.500,374.263,0.007
-443847.910,-1172398.260,374.234,0.006
-443837.080,-1172407.200,374.112,0.008
-443837.250,-1172406.770,374.151,0.009
-443837.530,-1172406.541,374.141,0.009
-443838.360,-1172405.860,374.076,0.004
-443846.930,-1172398.790,374.272,0.008
-443835.020,-1172408.430,373.820,0.010
-443837.140,-1172406.680,374.121,0.009
-443837.399,-1172406.460,374.133,0.007
-443837.700,-1172406.219,374.112,0.008
-443837.980,-1172405.990,374.113,0.007
-443838.270,-1172405.750,374.086,0.004
-443839.109,-1172405.060,374.100,0.010
-443840.180,-1172403.810,374.101,0.009
-443840.430,-1172403.590,374.101,0.009
-443840.690,-1172403.380,374.111,0.009
-443841.540,-1172402.680,374.111,0.009
-443842.090,-1172402.220,374.150,0.010
-443846.480,-1172398.610,374.262,0.008
-443834.720,-1172408.300,373.790,0.010
-443837.619,-1172405.920,374.143,0.007
-443837.920,-1172405.670,374.095,0.005
-443838.199,-1172405.440,374.100,0.010
-443838.740,-1172404.990,374.100,0.010
-443836.529,-1172406.460,374.140,0.010
-443837.630,-1172405.560,374.133,0.007
-443837.890,-1172405.340,374.102,0.008
-443838.449,-1172404.880,374.122,0.008
-443839.570,-1172403.950,374.082,0.008
-443840.130,-1172403.490,374.083,0.007
-443838.230,-1172404.660,374.122,0.008
-443838.520,-1172404.420,374.101,0.009
-443838.800,-1172404.190,374.113,0.007
-443839.910,-1172403.270,374.115,0.005
-443845.180,-1172398.921,374.291,0.009
-443845.439,-1172398.710,374.272,0.008
-443846.270,-1172398.020,374.275,0.005
-443846.540,-1172397.800,374.264,0.006
-443846.820,-1172397.570,374.243,0.007
-443847.640,-1172396.900,374.256,0.004
-443847.930,-1172396.660,374.254,0.006
-443849.050,-1172395.730,374.243,0.007
-443837.960,-1172404.540,374.120,0.010
-443838.219,-1172404.320,374.113,0.007
-443838.530,-1172404.070,374.063,0.007
-443838.790,-1172403.850,374.081,0.009
-443839.050,-1172403.640,374.064,0.006
-443839.590,-1172403.190,374.124,0.006
-443846.540,-1172397.460,374.243,0.007
-443847.100,-1172397.000,374.241,0.009
-443847.640,-1172396.560,374.232,0.008
-443845.460,-1172397.870,374.275,0.005
-443846.600,-1172396.930,374.264,0.006
-443847.160,-1172396.460,374.252,0.008
-443847.440,-1172396.230,374.262,0.008
-443848.020,-1172395.760,374.252,0.008
-443849.090,-1172394.880,374.261,0.009
-443844.010,-1172398.731,374.251,0.009
-443845.720,-1172397.320,374.243,0.007
-443846.269,-1172396.870,374.251,0.009
-443835.280,-1172406.250,373.920,0.010
-443847.400,-1172395.650,374.230,0.010
-443847.680,-1172395.430,374.240,0.010
-443836.310,-1172405.080,374.113,0.007
-443836.590,-1172404.850,374.151,0.009
-443836.290,-1172404.810,374.163,0.007
-443836.850,-1172404.350,374.143,0.007
-443839.660,-1172402.040,374.112,0.008
-443843.479,-1172398.890,374.292,0.008
-443844.050,-1172398.420,374.272,0.008
-443845.720,-1172397.040,374.262,0.008
-443836.380,-1172404.490,374.152,0.008
-443838.930,-1172402.390,374.051,0.009
-443847.230,-1172395.560,374.211,0.009
-443847.800,-1172395.090,374.241,0.009
-443837.140,-1172403.400,374.146,0.004
-443837.720,-1172402.930,374.134,0.006
-443838.560,-1172402.240,374.122,0.008
-443838.830,-1172402.010,374.101,0.009
-443843.540,-1172398.130,374.282,0.008
-443844.640,-1172397.220,374.252,0.008
-443844.920,-1172397.000,374.263,0.007
-443845.180,-1172396.790,374.251,0.009
-443845.470,-1172396.550,374.250,0.010
-443837.779,-1172402.380,374.140,0.010
-443839.450,-1172401.010,374.151,0.009
-443839.740,-1172400.770,374.124,0.006
-443842.200,-1172398.750,374.293,0.007
-443842.470,-1172398.520,374.282,0.008
-443843.320,-1172397.820,374.286,0.004
-443843.890,-1172397.350,374.280,0.010
-443844.460,-1172396.890,374.262,0.008
-443844.740,-1172396.660,374.254,0.006
-443845.010,-1172396.440,374.266,0.004
-443846.120,-1172395.520,374.241,0.009
-443846.390,-1172395.300,374.244,0.006
-443847.780,-1172394.160,374.222,0.008
-443842.440,-1172398.100,374.275,0.005
-443842.710,-1172397.870,374.282,0.008
-443842.970,-1172397.660,374.275,0.005
-443843.250,-1172397.430,374.283,0.007
-443843.530,-1172397.200,374.291,0.009
-443844.080,-1172396.750,374.273,0.007
-443844.660,-1172396.270,374.262,0.008
-443844.940,-1172396.040,374.274,0.006
-443845.220,-1172395.810,374.263,0.007
-443845.790,-1172395.340,374.231,0.009
-443846.620,-1172394.660,374.261,0.009
-443836.700,-1172403.270,374.162,0.008
-443836.980,-1172403.050,374.163,0.007
-443837.530,-1172402.590,374.102,0.008
-443838.819,-1172401.070,374.141,0.010
-443841.290,-1172399.040,374.293,0.007
-443841.850,-1172398.580,374.300,0.010
-443846.850,-1172393.530,374.223,0.007
-443837.229,-1172401.949,374.163,0.007
-443837.510,-1172401.730,374.152,0.008
-443842.720,-1172397.440,374.271,0.009
-443843.850,-1172396.511,374.291,0.009
-443845.540,-1172395.120,374.240,0.010
-443845.820,-1172394.890,374.231,0.009
-443847.580,-1172392.440,374.223,0.007
-443847.860,-1172392.210,374.232,0.008
-443840.130,-1172399.050,374.280,0.010
-443843.460,-1172396.310,374.271,0.009
-443844.599,-1172395.380,374.260,0.010
-443845.430,-1172394.690,374.253,0.007
-443848.830,-1172391.060,374.272,0.008
-443840.060,-1172398.640,374.260,0.010
-443840.330,-1172398.409,374.281,0.009
-443840.620,-1172398.180,374.284,0.006
-443840.880,-1172397.960,374.273,0.007
-443841.690,-1172397.300,374.282,0.008
-443841.980,-1172397.060,374.272,0.008
-443843.359,-1172395.910,374.241,0.009
-443844.770,-1172394.760,374.254,0.006
-443845.070,-1172394.510,374.235,0.005
-443845.350,-1172394.280,374.231,0.009
-443845.640,-1172394.040,374.212,0.008
-443839.320,-1172398.880,374.280,0.010
-443839.610,-1172398.650,374.282,0.008
-443840.170,-1172398.190,374.283,0.007
-443840.730,-1172397.730,374.303,0.007
-443841.550,-1172397.050,374.285,0.005
-443842.930,-1172395.910,374.273,0.007
-443844.330,-1172394.760,374.272,0.008
-443844.610,-1172394.530,374.273,0.007
-443844.900,-1172394.300,374.255,0.005
-443845.170,-1172394.070,374.254,0.006
-443845.730,-1172393.620,374.232,0.008
-443846.020,-1172393.370,374.234,0.006
-443846.320,-1172393.130,374.216,0.004
-443847.430,-1172392.210,374.247,0.003
-443847.700,-1172391.990,374.225,0.005
-443838.570,-1172399.170,374.286,0.004
-443839.150,-1172398.690,374.283,0.007
-443839.430,-1172398.460,374.262,0.008
-443840.830,-1172397.310,374.263,0.007
-443841.370,-1172396.860,374.280,0.010
-443841.660,-1172396.620,374.274,0.006
-443843.630,-1172395.010,374.254,0.006
-443844.170,-1172394.561,374.271,0.009
-443845.560,-1172393.420,374.235,0.005
-443845.830,-1172393.200,374.231,0.009
-443847.810,-1172391.570,374.234,0.006
-443848.920,-1172390.660,374.256,0.004
-443834.730,-1172401.810,373.901,0.009
-443838.479,-1172398.720,374.282,0.008
-443838.770,-1172398.490,374.282,0.008
-443839.600,-1172397.810,374.282,0.008
-443839.890,-1172397.570,374.282,0.008
-443840.190,-1172397.330,374.272,0.008
-443841.300,-1172396.410,374.280,0.010
-443841.560,-1172396.200,374.284,0.006
-443842.410,-1172395.490,374.252,0.008
-443843.540,-1172394.570,374.280,0.010
-443845.210,-1172393.200,374.243,0.007
-443846.870,-1172391.830,374.202,0.008
-443834.620,-1172401.380,373.894,0.006
-443837.280,-1172399.190,374.290,0.010
-443837.560,-1172398.960,374.270,0.010
-443838.370,-1172398.300,374.281,0.009
-443838.950,-1172397.820,374.262,0.008
-443839.200,-1172397.610,374.271,0.009
-443840.040,-1172396.930,374.285,0.005
-443841.180,-1172395.990,374.271,0.009
-443841.460,-1172395.760,374.281,0.009
-443842.290,-1172395.080,374.270,0.010
-443845.110,-1172392.770,374.250,0.010
-443847.050,-1172391.170,374.231,0.009
-443847.320,-1172390.950,374.231,0.009
-443848.720,-1172389.800,374.255,0.005
-443834.580,-1172400.960,373.862,0.008
-443836.700,-1172399.210,374.302,0.008
-443836.980,-1172398.990,374.304,0.006
-443837.260,-1172398.760,374.294,0.006
-443837.530,-1172398.530,374.285,0.005
-443838.350,-1172397.860,374.273,0.007
-443838.620,-1172397.640,374.297,0.003
-443839.720,-1172396.740,374.295,0.005
-443840.279,-1172396.280,374.281,0.009
-443840.560,-1172396.040,374.261,0.009
-443840.850,-1172395.800,374.290,0.010
-443841.680,-1172395.120,374.273,0.007
-443841.980,-1172394.880,374.283,0.007
-443843.120,-1172393.940,374.260,0.010
-443837.240,-1172398.320,374.275,0.005
-443837.530,-1172398.070,374.283,0.007
-443837.820,-1172397.840,374.251,0.009
-443838.640,-1172397.160,374.285,0.005
-443838.930,-1172396.930,374.272,0.008
-443839.200,-1172396.710,374.264,0.006
-443839.470,-1172396.480,374.264,0.006
-443840.000,-1172396.050,374.284,0.007
-443840.290,-1172395.810,374.286,0.004
-443840.560,-1172395.590,374.285,0.005
-443840.840,-1172395.360,374.271,0.009
-443841.379,-1172394.910,374.270,0.010
-443841.680,-1172394.670,374.284,0.006
-443842.230,-1172394.220,374.267,0.003
-443842.510,-1172393.990,374.284,0.006
-443842.800,-1172393.750,374.292,0.008
-443844.770,-1172392.130,374.232,0.008
-443845.920,-1172391.190,374.212,0.008
-443847.040,-1172390.260,374.231,0.009
-443847.310,-1172390.040,374.234,0.006
-443847.590,-1172389.810,374.234,0.006
-443836.980,-1172397.980,374.281,0.009
-443837.240,-1172397.770,374.294,0.006
-443837.520,-1172397.530,374.304,0.006
-443838.089,-1172397.070,374.291,0.009
-443838.960,-1172396.360,374.274,0.006
-443839.220,-1172396.140,374.272,0.008
-443840.320,-1172395.230,374.293,0.007
-443842.250,-1172393.650,374.293,0.007
-443842.520,-1172393.430,374.294,0.006
-443842.820,-1172393.180,374.283,0.007
-443847.050,-1172389.710,374.251,0.009
-443847.340,-1172389.470,374.232,0.008
-443847.620,-1172389.240,374.252,0.008
-443840.640,-1172394.510,374.271,0.009
-443841.200,-1172394.050,374.270,0.010
-443842.289,-1172393.160,374.290,0.010
-443842.840,-1172392.700,374.294,0.006
-443846.790,-1172389.460,374.230,0.010
-443839.560,-1172395.040,374.311,0.009
-443840.400,-1172394.350,374.301,0.009
-443842.390,-1172392.720,374.300,0.010
-443842.650,-1172392.500,374.291,0.009
-443842.940,-1172392.260,374.301,0.009
-443836.410,-1172397.360,374.293,0.007
-443837.800,-1172396.220,374.294,0.006
-443838.070,-1172396.000,374.280,0.010
-443842.570,-1172392.310,374.291,0.009
-443843.419,-1172391.611,374.241,0.009
-443846.950,-1172387.910,374.230,0.010
-443847.220,-1172387.690,374.245,0.005
-443847.489,-1172387.470,374.250,0.010
-443836.090,-1172397.240,374.302,0.008
-443836.650,-1172396.780,374.271,0.009
-443839.400,-1172394.520,374.324,0.006
-443840.250,-1172393.830,374.281,0.009
-443843.080,-1172391.510,374.262,0.008
-443843.360,-1172391.270,374.255,0.005
-443843.660,-1172391.030,374.233,0.007
-443843.940,-1172390.800,374.260,0.010
-443846.010,-1172388.310,374.251,0.009
-443846.290,-1172388.080,374.222,0.008
-443847.390,-1172387.180,374.253,0.007
-443836.049,-1172396.850,374.294,0.006
-443836.890,-1172396.160,374.284,0.006
-443838.810,-1172394.590,374.272,0.008
-443839.090,-1172394.360,374.296,0.004
-443843.030,-1172391.130,374.251,0.009
-443843.320,-1172390.890,374.243,0.007
-443843.590,-1172390.670,374.254,0.006
-443843.870,-1172390.440,374.242,0.008
-443844.450,-1172389.960,374.241,0.009
-443846.120,-1172388.600,374.234,0.006
-443846.160,-1172387.770,374.221,0.009
-443846.750,-1172387.290,374.231,0.009
-443847.300,-1172386.840,374.232,0.008
-443837.050,-1172395.660,374.302,0.008
-443837.870,-1172394.980,374.283,0.007
-443838.710,-1172394.300,374.292,0.008
-443838.970,-1172394.080,374.291,0.009
-443841.490,-1172392.020,374.284,0.006
-443842.340,-1172391.320,374.272,0.008
-443843.470,-1172390.390,374.265,0.005
-443843.760,-1172390.160,374.261,0.009
-443844.300,-1172389.710,374.253,0.007
-443844.600,-1172389.460,374.246,0.004
-443844.040,-1172388.990,374.250,0.010
-443836.100,-1172396.020,374.294,0.006
-443836.380,-1172395.790,374.272,0.008
-443837.210,-1172395.110,374.303,0.007
-443837.480,-1172394.890,374.281,0.009
-443838.350,-1172394.180,374.280,0.010
-443839.730,-1172393.050,374.281,0.009
-443843.350,-1172390.080,374.240,0.010
-443843.640,-1172389.840,374.243,0.007
-443843.910,-1172389.620,374.261,0.009
-443844.220,-1172389.360,374.224,0.006
-443844.780,-1172388.910,374.230,0.010
-443845.040,-1172388.690,374.231,0.009
-443845.310,-1172388.470,374.241,0.009
-443842.690,-1172389.590,374.275,0.005
-443842.959,-1172389.370,374.263,0.007
-443843.240,-1172389.150,374.261,0.009
-443844.090,-1172388.450,374.261,0.009
-443844.370,-1172388.210,374.244,0.006
-443844.640,-1172387.990,374.233,0.007
-443845.209,-1172387.530,374.252,0.008
-443845.490,-1172387.300,374.242,0.008
-443846.360,-1172386.580,374.233,0.007
-443834.670,-1172396.670,373.865,0.005
-443835.929,-1172395.630,374.331,0.009
-443837.610,-1172394.260,374.290,0.010
-443837.900,-1172394.020,374.301,0.009
-443839.030,-1172393.090,374.290,0.010
-443839.320,-1172392.850,374.294,0.006
-443839.590,-1172392.640,374.292,0.008
-443840.980,-1172391.500,374.262,0.008
-443841.820,-1172390.810,374.275,0.005
-443842.080,-1172390.590,374.272,0.008
-443842.359,-1172390.370,374.271,0.009
-443843.200,-1172389.670,374.263,0.007
-443839.600,-1172391.750,374.301,0.009
-443839.870,-1172391.530,374.303,0.007
-443840.160,-1172391.290,374.292,0.008
-443840.710,-1172390.840,374.281,0.009
-443841.010,-1172390.600,374.282,0.008
-443841.310,-1172390.350,374.282,0.008
-443841.590,-1172390.120,374.285,0.005
-443841.850,-1172389.910,374.302,0.008
-443842.150,-1172389.670,374.282,0.008
-443842.430,-1172389.430,374.285,0.005
-443842.700,-1172389.210,374.272,0.008
-443842.970,-1172388.990,374.292,0.008
-443843.260,-1172388.750,374.293,0.007
-443844.080,-1172388.080,374.264,0.006
-443844.360,-1172387.850,374.261,0.009
-443844.620,-1172387.630,374.271,0.009
-443844.910,-1172387.400,374.252,0.008
-443845.180,-1172387.180,374.272,0.008
-443834.410,-1172396.380,373.867,0.003
-443837.679,-1172393.700,374.282,0.008
-443837.950,-1172393.480,374.272,0.008
-443839.060,-1172392.570,374.290,0.010
-443839.330,-1172392.350,374.293,0.007
-443839.610,-1172392.120,374.291,0.009
-443840.190,-1172391.640,374.284,0.006
-443840.460,-1172391.420,374.283,0.007
-443840.760,-1172391.180,374.273,0.007
-443841.300,-1172390.730,374.285,0.005
-443841.580,-1172390.500,374.284,0.006
-443838.430,-1172392.390,374.272,0.008
-443839.860,-1172391.220,374.264,0.006
-443840.160,-1172390.980,374.262,0.008
-443841.530,-1172389.850,374.264,0.006
-443842.940,-1172388.690,374.241,0.009
-443843.800,-1172387.990,374.231,0.009
-443845.450,-1172386.640,374.221,0.009
-443834.700,-1172395.770,373.865,0.005
-443837.090,-1172393.810,374.303,0.007
-443837.620,-1172393.380,374.290,0.010
-443837.910,-1172393.130,374.301,0.009
-443838.480,-1172392.670,374.302,0.008
-443836.750,-1172393.310,374.293,0.007
-443837.040,-1172393.080,374.294,0.006
-443837.300,-1172392.860,374.291,0.009
-443837.590,-1172392.630,374.292,0.008
-443837.850,-1172392.410,374.291,0.009
-443839.530,-1172391.040,374.301,0.009
-443839.800,-1172390.820,374.295,0.005
-443840.090,-1172390.580,374.287,0.003
-443842.060,-1172388.970,374.283,0.007
-443842.350,-1172388.730,374.284,0.006
-443842.910,-1172388.270,374.283,0.007
-443843.210,-1172388.030,374.294,0.006
-443844.900,-1172386.640,374.254,0.006
-443845.170,-1172386.420,374.275,0.005
-443845.710,-1172385.970,374.261,0.009
-443837.320,-1172393.300,374.282,0.008
-443835.959,-1172393.520,374.291,0.009
-443836.240,-1172393.280,374.282,0.008
-443837.640,-1172392.140,374.301,0.009
-443839.830,-1172390.340,374.272,0.008
-443840.400,-1172389.880,374.296,0.004
-443840.960,-1172389.420,374.272,0.008
-443841.240,-1172389.190,374.292,0.008
-443841.530,-1172388.950,374.272,0.008
-443841.820,-1172388.720,374.261,0.009
-443842.110,-1172388.480,374.273,0.007
-443843.220,-1172387.570,374.271,0.009
-443843.500,-1172387.340,374.265,0.005
-443843.789,-1172387.100,374.243,0.007
-443844.360,-1172386.630,374.243,0.007
-443844.949,-1172386.150,374.231,0.009
-443845.200,-1172385.940,374.243,0.007
-443850.090,-1172381.940,373.783,0.007
-443850.790,-1172381.370,373.397,0.003
-443851.080,-1172381.130,373.381,0.009
-443834.650,-1172395.040,373.855,0.005
-443835.929,-1172393.990,374.305,0.005
-443835.809,-1172393.210,374.314,0.007
-443836.099,-1172392.970,374.311,0.009
-443836.390,-1172392.730,374.284,0.006
-443836.950,-1172392.270,374.292,0.008
-443837.220,-1172392.050,374.314,0.006
-443837.510,-1172391.820,374.301,0.009
-443837.790,-1172391.590,374.312,0.008
-443839.720,-1172390.010,374.290,0.010
-443840.020,-1172389.750,374.293,0.007
-443840.850,-1172389.080,374.282,0.008
-443845.350,-1172385.390,374.291,0.009
-443845.630,-1172385.160,374.272,0.008
-443845.920,-1172384.930,374.283,0.007
-443834.390,-1172394.800,373.853,0.007
-443836.590,-1172392.180,374.302,0.008
-443836.860,-1172391.950,374.301,0.009
-443837.430,-1172391.490,374.294,0.006
-443837.710,-1172391.260,374.261,0.009
-443837.990,-1172391.030,374.301,0.009
-443838.570,-1172390.560,374.291,0.009
-443839.389,-1172389.890,374.282,0.008
-443840.500,-1172388.980,374.272,0.008
-443841.060,-1172388.520,374.292,0.008
-443842.740,-1172387.139,374.280,0.010
-443843.020,-1172386.910,374.271,0.009
-443843.280,-1172386.700,374.271,0.009
-443843.580,-1172386.460,374.240,0.010
-443845.540,-1172384.850,374.251,0.009
-443834.490,-1172393.380,373.892,0.008
-443836.050,-1172392.100,374.312,0.008
-443836.340,-1172391.860,374.293,0.007
-443836.920,-1172391.390,374.305,0.005
-443837.210,-1172391.150,374.283,0.007
-443837.470,-1172390.930,374.281,0.009
-443838.019,-1172390.480,374.300,0.010
-443838.300,-1172390.250,374.294,0.006
-443839.429,-1172389.330,374.301,0.009
-443839.740,-1172389.080,374.292,0.008
-443840.010,-1172388.860,374.281,0.009
-443840.850,-1172388.170,374.285,0.005
-443841.120,-1172387.950,374.293,0.007
-443842.230,-1172387.040,374.273,0.007
-443842.490,-1172386.830,374.285,0.005
-443842.760,-1172386.610,374.284,0.006
-443844.740,-1172384.990,374.281,0.009
-443845.040,-1172384.740,374.261,0.009
-443845.320,-1172384.510,374.270,0.010
-443845.610,-1172384.270,374.255,0.005
-443846.180,-1172383.810,374.282,0.008
-443846.450,-1172383.590,374.243,0.007
-443846.720,-1172383.370,374.244,0.006
-443847.010,-1172383.130,374.253,0.007
-443847.870,-1172382.420,374.242,0.008
-443851.240,-1172379.670,371.390,0.010
-443836.049,-1172391.670,374.291,0.009
-443836.340,-1172391.440,374.290,0.010
-443836.620,-1172391.210,374.287,0.003
-443836.880,-1172390.990,374.284,0.006
-443837.180,-1172390.750,374.273,0.007
-443837.740,-1172390.290,374.291,0.009
-443838.030,-1172390.050,374.301,0.009
-443838.590,-1172389.600,374.293,0.007
-443838.860,-1172389.370,374.283,0.007
-443839.710,-1172388.670,374.285,0.005
-443839.980,-1172388.450,374.272,0.008
-443840.860,-1172387.730,374.282,0.008
-443841.130,-1172387.520,374.261,0.009
-443841.420,-1172387.280,374.273,0.007
-443841.680,-1172387.060,374.274,0.006
-443842.510,-1172386.380,374.263,0.007
-443845.590,-1172383.860,374.236,0.004
-443845.880,-1172383.630,374.243,0.007
-443846.450,-1172383.160,374.234,0.006
-443847.030,-1172382.680,374.237,0.003
-443847.310,-1172382.460,374.224,0.006
-443848.140,-1172381.780,374.240,0.010
-443849.430,-1172380.720,374.700,0.010
-443849.990,-1172380.260,373.791,0.009
-443851.249,-1172379.230,371.400,0.010
-443835.910,-1172391.400,374.330,0.010
-443836.430,-1172390.970,374.305,0.005
-443837.000,-1172390.500,374.314,0.006
-443837.290,-1172390.260,374.297,0.003
-443837.580,-1172390.030,374.315,0.005
-443838.400,-1172389.360,374.311,0.009
-443838.700,-1172389.110,374.315,0.005
-443839.560,-1172388.410,374.293,0.007
-443840.110,-1172387.960,374.292,0.008
-443842.110,-1172386.320,374.294,0.006
-443844.600,-1172384.290,374.274,0.006
-443845.440,-1172383.600,374.251,0.009
-443845.699,-1172383.390,374.270,0.010
-443846.300,-1172382.890,374.254,0.006
-443846.560,-1172382.680,374.234,0.006
-443846.830,-1172382.460,374.246,0.004
-443847.130,-1172382.220,374.264,0.006
-443847.420,-1172381.980,374.263,0.007
-443848.290,-1172381.260,374.262,0.008
-443848.560,-1172381.050,374.263,0.007
-443836.070,-1172390.970,374.311,0.009
-443836.339,-1172390.740,374.292,0.009
-443836.890,-1172390.290,374.304,0.006
-443837.160,-1172390.070,374.285,0.005
-443837.440,-1172389.840,374.301,0.009
-443837.730,-1172389.610,374.304,0.006
-443839.959,-1172387.780,374.280,0.010
-443840.240,-1172387.550,374.273,0.007
-443841.930,-1172386.170,374.285,0.005
-443844.220,-1172384.290,374.252,0.008
-443846.430,-1172382.490,374.230,0.010
-443848.390,-1172380.890,374.243,0.007
-443839.139,-1172387.990,374.290,0.010
-443844.520,-1172383.590,374.271,0.009
-443845.090,-1172383.120,374.262,0.008
-443846.740,-1172381.770,374.240,0.010
-443842.220,-1172385.090,374.274,0.006
-443843.090,-1172384.380,374.253,0.007
-443843.650,-1172383.920,374.252,0.008
-443843.920,-1172383.700,374.250,0.010
-443845.050,-1172382.780,374.262,0.008
-443845.339,-1172382.541,374.230,0.010
-443845.910,-1172382.070,374.231,0.009
-443846.469,-1172381.610,374.230,0.010
-443848.140,-1172380.250,374.244,0.006
-443836.079,-1172390.489,374.340,0.010
-443836.940,-1172389.790,374.332,0.008
-443837.200,-1172389.570,374.312,0.008
-443842.879,-1172384.170,374.261,0.009
-443843.760,-1172383.460,374.233,0.007
-443845.440,-1172382.080,374.240,0.010
-443846.300,-1172381.380,374.252,0.008
-443846.570,-1172381.150,374.250,0.010
-443847.150,-1172380.680,374.270,0.010
-443847.430,-1172380.450,374.261,0.009
-443847.700,-1172380.230,374.234,0.006
-443837.760,-1172388.741,374.321,0.009
-443838.850,-1172387.840,374.281,0.009
-443839.420,-1172387.380,374.261,0.009
-443834.310,-1172391.180,373.866,0.004
-443834.590,-1172390.950,373.885,0.005
-443835.630,-1172390.100,374.364,0.006
-443835.890,-1172389.890,374.341,0.009
-443836.150,-1172389.670,374.333,0.007
-443836.430,-1172389.450,374.334,0.006
-443836.720,-1172389.210,374.341,0.009
-443837.580,-1172388.510,374.313,0.007
-443837.870,-1172388.270,374.323,0.007
-443838.150,-1172388.040,374.322,0.008
-443838.710,-1172387.580,374.300,0.010
-443838.990,-1172387.351,374.310,0.010
-443839.260,-1172387.130,374.304,0.006
-443839.550,-1172386.900,374.292,0.008
-443840.940,-1172385.760,374.250,0.010
-443842.050,-1172384.850,374.281,0.009
-443842.610,-1172384.400,374.281,0.009
-443834.180,-1172390.890,373.865,0.005
-443835.720,-1172389.620,374.334,0.006
-443836.020,-1172389.380,374.292,0.008
-443836.300,-1172389.150,374.322,0.008
-443836.880,-1172388.680,374.311,0.009
-443837.980,-1172387.780,374.312,0.008
-443838.550,-1172387.310,374.301,0.009
-443838.840,-1172387.070,374.292,0.008
-443839.110,-1172386.850,374.295,0.005
-443839.410,-1172386.610,374.294,0.006
-443839.690,-1172386.380,374.287,0.003
-443839.970,-1172386.150,374.283,0.007
-443840.820,-1172385.460,374.273,0.007
-443841.080,-1172385.240,374.265,0.005
-443841.340,-1172385.020,374.272,0.008
-443841.630,-1172384.790,374.271,0.009
-443842.750,-1172383.870,374.251,0.009
-443843.030,-1172383.650,374.241,0.009
-443844.150,-1172382.730,374.211,0.009
-443835.749,-1172389.100,374.341,0.009
-443836.030,-1172388.870,374.331,0.009
-443836.290,-1172388.660,374.312,0.008
-443836.590,-1172388.420,374.312,0.008
-443836.870,-1172388.190,374.332,0.008
-443837.150,-1172387.950,374.322,0.008
-443838.010,-1172387.260,374.311,0.009
-443838.559,-1172386.800,374.301,0.009
-443838.850,-1172386.570,374.312,0.008
-443839.410,-1172386.110,374.302,0.008
-443839.699,-1172385.870,374.304,0.006
-443841.400,-1172384.480,374.273,0.007
-443842.490,-1172383.590,374.261,0.009
-443842.790,-1172383.350,374.263,0.007
-443843.060,-1172383.120,374.253,0.007
-443843.910,-1172382.430,374.231,0.009
-443845.900,-1172380.800,374.234,0.006
-443846.180,-1172380.570,374.241,0.009
-443846.460,-1172380.340,374.234,0.006
-443847.020,-1172379.880,374.242,0.008
-443847.290,-1172379.669,374.262,0.008
-443848.430,-1172378.740,374.261,0.009
-443836.400,-1172388.150,374.304,0.006
-443837.250,-1172387.460,374.301,0.009
-443838.060,-1172386.790,374.300,0.010
-443838.930,-1172386.080,374.293,0.007
-443841.190,-1172384.230,374.253,0.007
-443842.609,-1172383.071,374.220,0.010
-443845.680,-1172380.560,374.240,0.010
-443845.960,-1172380.330,374.231,0.009
-443846.240,-1172380.110,374.220,0.010
-443846.510,-1172379.890,374.231,0.009
-443847.080,-1172379.410,374.232,0.008
-443834.720,-1172389.230,373.881,0.009
-443837.640,-1172386.840,374.320,0.010
-443837.909,-1172386.620,374.300,0.010
-443838.490,-1172386.140,374.302,0.008
-443838.770,-1172385.920,374.294,0.006
-443845.810,-1172380.160,374.222,0.008
-443835.860,-1172388.020,374.335,0.005
-443836.140,-1172387.800,374.335,0.005
-443836.970,-1172387.120,374.317,0.003
-443837.240,-1172386.890,374.326,0.004
-443837.530,-1172386.660,374.325,0.005
-443837.800,-1172386.430,374.321,0.009
-443838.080,-1172386.210,374.311,0.009
-443838.350,-1172385.980,374.314,0.006
-443846.530,-1172379.300,374.241,0.009
-443842.850,-1172381.900,374.214,0.006
-443843.100,-1172381.690,374.251,0.009
-443843.380,-1172381.470,374.234,0.006
-443843.670,-1172381.230,374.232,0.008
-443843.960,-1172380.990,374.231,0.009
-443844.240,-1172380.770,374.212,0.008
-443844.540,-1172380.520,374.191,0.009
-443845.370,-1172379.840,374.222,0.008
-443845.950,-1172379.370,374.221,0.009
-443846.090,-1172378.820,374.212,0.008
-443846.360,-1172378.600,374.245,0.005
-443846.920,-1172378.140,374.233,0.007
-443847.200,-1172377.910,374.232,0.008
-443847.490,-1172377.680,374.231,0.009
-443848.299,-1172377.010,374.231,0.009
-443835.780,-1172387.680,374.337,0.003
-443836.070,-1172387.440,374.336,0.004
-443836.369,-1172387.190,374.332,0.008
-443837.200,-1172386.520,374.313,0.007
-443838.030,-1172385.840,374.318,0.002
-443838.310,-1172385.610,374.303,0.007
-443839.320,-1172384.780,377.520,0.010
-443834.370,-1172388.400,373.884,0.006
-443835.620,-1172387.370,374.345,0.005
-443835.930,-1172387.120,374.344,0.006
-443836.200,-1172386.900,374.333,0.007
-443837.060,-1172386.200,374.317,0.003
-443838.910,-1172384.680,377.503,0.007
-443839.190,-1172384.460,377.522,0.008
-443843.830,-1172380.670,374.215,0.005
-443844.110,-1172380.440,374.184,0.006
-443844.370,-1172380.220,374.203,0.007
-443834.090,-1172388.250,373.874,0.006
-443834.360,-1172388.030,373.862,0.008
-443834.620,-1172387.820,373.860,0.010
-443835.649,-1172386.980,374.351,0.009
-443835.940,-1172386.740,374.313,0.007
-443836.220,-1172386.510,374.314,0.006
-443836.480,-1172386.300,374.338,0.002
-443836.750,-1172386.080,374.317,0.003
-443837.060,-1172385.820,374.317,0.003
-443838.360,-1172384.760,377.545,0.005
-443838.660,-1172384.520,377.541,0.009
-443838.930,-1172384.300,377.522,0.008
-443839.470,-1172383.850,377.516,0.004
-443839.740,-1172383.630,377.535,0.005
-443843.830,-1172380.300,374.225,0.005
-443844.100,-1172380.070,374.214,0.006
-443844.390,-1172379.830,374.201,0.009
-443845.800,-1172378.690,374.243,0.007
-443846.080,-1172378.450,374.221,0.009
-443847.210,-1172377.530,374.231,0.009
-443834.270,-1172387.740,373.861,0.009
-443834.550,-1172387.510,373.862,0.008
-443836.120,-1172386.230,374.333,0.007
-443836.390,-1172386.010,374.318,0.002
-443836.690,-1172385.760,374.296,0.004
-443837.970,-1172384.710,377.543,0.007
-443838.279,-1172384.460,377.532,0.008
-443838.560,-1172384.230,377.541,0.009
-443838.850,-1172383.990,377.512,0.008
-443839.120,-1172383.770,377.523,0.007
-443839.680,-1172383.320,377.512,0.008
-443839.970,-1172383.080,377.514,0.006
-443842.860,-1172380.720,374.184,0.006
-443844.010,-1172379.780,374.191,0.009
-443844.280,-1172379.560,374.205,0.005
-443844.560,-1172379.330,374.201,0.009
-443844.840,-1172379.111,374.200,0.010
-443845.430,-1172378.620,374.206,0.004
-443845.710,-1172378.390,374.217,0.003
-443845.990,-1172378.160,374.233,0.007
-443846.280,-1172377.930,374.213,0.007
-443846.820,-1172377.490,374.215,0.005
-443847.410,-1172377.010,374.223,0.007
-443848.550,-1172376.080,374.252,0.008
-443835.920,-1172385.900,374.336,0.004
-443836.660,-1172385.290,377.603,0.007
-443836.950,-1172385.051,377.601,0.009
-443837.269,-1172384.790,377.565,0.005
-443837.540,-1172384.570,377.554,0.006
-443837.810,-1172384.350,377.556,0.004
-443838.090,-1172384.130,377.546,0.004
-443838.380,-1172383.890,377.535,0.005
-443838.660,-1172383.660,377.524,0.006
-443838.940,-1172383.430,377.513,0.007
-443839.520,-1172382.960,377.521,0.009
-443840.070,-1172382.510,377.523,0.007
-443842.980,-1172380.130,374.190,0.010
-443844.120,-1172379.200,374.194,0.006
-443844.400,-1172378.970,374.201,0.009
-443845.250,-1172378.270,374.192,0.008
-443846.090,-1172377.590,374.213,0.007
-443846.380,-1172377.350,374.222,0.008
-443846.960,-1172376.880,374.224,0.006
-443836.280,-1172385.140,377.590,0.010
-443836.560,-1172384.910,377.541,0.009
-443836.830,-1172384.690,377.555,0.005
-443837.120,-1172384.450,377.573,0.007
-443837.410,-1172384.210,377.542,0.008
-443837.990,-1172383.740,377.542,0.008
-443838.280,-1172383.500,377.552,0.008
-443838.820,-1172383.060,377.523,0.007
-443839.100,-1172382.830,377.522,0.008
-443839.390,-1172382.600,377.531,0.009
-443841.369,-1172380.980,377.522,0.008
-443842.930,-1172379.710,374.204,0.006
-443843.190,-1172379.500,374.203,0.007
-443843.470,-1172379.270,374.196,0.004
-443844.840,-1172378.140,374.181,0.009
-443845.690,-1172377.450,374.211,0.009
-443846.260,-1172376.980,374.210,0.010
-443835.930,-1172385.020,377.593,0.007
-443836.210,-1172384.800,377.594,0.006
-443836.770,-1172384.340,377.564,0.006
-443837.040,-1172384.120,377.574,0.006
-443837.340,-1172383.870,377.575,0.005
-443837.610,-1172383.650,377.563,0.007
-443837.890,-1172383.420,377.552,0.008
-443838.180,-1172383.190,377.533,0.007
-443838.460,-1172382.950,377.543,0.007
-443838.740,-1172382.720,377.535,0.005
-443839.040,-1172382.480,377.542,0.008
-443839.329,-1172382.240,377.531,0.009
-443841.290,-1172380.650,377.535,0.005
-443845.350,-1172377.330,374.223,0.007
-443846.190,-1172376.650,374.201,0.009
-443834.170,-1172386.050,373.885,0.005
-443835.340,-1172385.090,377.603,0.007
-443835.630,-1172384.860,377.592,0.008
-443835.920,-1172384.620,377.585,0.005
-443836.180,-1172384.410,377.581,0.009
-443836.450,-1172384.190,377.565,0.005
-443836.720,-1172383.960,377.554,0.006
-443837.020,-1172383.720,377.553,0.007
-443837.300,-1172383.500,377.574,0.006
-443837.560,-1172383.290,377.575,0.005
-443837.860,-1172383.040,377.535,0.005
-443838.700,-1172382.350,377.535,0.005
-443841.230,-1172380.280,377.562,0.008
-443841.500,-1172380.071,377.561,0.009
-443845.880,-1172376.490,374.202,0.008
-443846.730,-1172375.800,374.201,0.009
-443847.000,-1172375.580,374.192,0.008
-443847.280,-1172375.350,374.203,0.007
-443835.220,-1172384.740,377.573,0.007
-443835.500,-1172384.510,377.582,0.008
-443835.790,-1172384.270,377.583,0.007
-443836.070,-1172384.040,377.590,0.010
-443836.360,-1172383.810,377.582,0.008
-443836.629,-1172383.590,377.581,0.009
-443837.200,-1172383.120,377.561,0.009
-443837.460,-1172382.910,377.555,0.005
-443837.730,-1172382.690,377.545,0.005
-443838.009,-1172382.460,377.543,0.007
-443839.410,-1172381.310,377.531,0.009
-443839.690,-1172381.090,377.534,0.006
-443839.980,-1172380.850,377.533,0.007
-443840.260,-1172380.620,377.533,0.007
-443840.810,-1172380.170,377.552,0.008
-443841.100,-1172379.930,377.553,0.007
-443845.210,-1172376.580,374.213,0.007
-443845.510,-1172376.340,374.224,0.006
-443846.910,-1172375.200,374.210,0.010
-443835.160,-1172384.300,377.551,0.009
-443835.740,-1172383.830,377.562,0.008
-443836.010,-1172383.610,377.573,0.007
-443836.300,-1172383.380,377.575,0.005
-443836.600,-1172383.130,377.554,0.006
-443837.440,-1172382.439,377.560,0.010
-443839.100,-1172381.090,377.544,0.006
-443839.390,-1172380.850,377.505,0.005
-443839.659,-1172380.630,377.511,0.009
-443844.059,-1172377.040,374.191,0.009
-443844.320,-1172376.830,374.194,0.006
-443844.880,-1172376.380,374.163,0.007
-443845.160,-1172376.140,374.194,0.006
-443845.460,-1172375.900,374.180,0.010
-443845.720,-1172375.690,374.202,0.008
-443846.030,-1172375.440,374.201,0.009
-443846.310,-1172375.200,374.191,0.009
-443846.880,-1172374.750,374.194,0.006
-443847.990,-1172373.840,374.244,0.007
-443836.040,-1172383.190,377.571,0.009
-443836.300,-1172382.980,377.605,0.005
-443838.300,-1172381.340,377.551,0.009
-443839.140,-1172380.660,377.553,0.007
-443839.430,-1172380.420,377.541,0.009
-443844.610,-1172376.200,374.212,0.008
-443844.880,-1172375.980,374.203,0.007
-443845.750,-1172375.270,374.221,0.009
-443846.010,-1172375.050,374.214,0.006
-443846.290,-1172374.830,374.204,0.006
-443847.130,-1172374.140,374.212,0.008
-443847.730,-1172373.650,374.241,0.009
-443848.280,-1172373.210,374.272,0.008
-443838.020,-1172381.220,377.542,0.008
-443839.710,-1172379.840,377.530,0.010
-443840.290,-1172379.370,377.530,0.010
-443844.890,-1172375.610,374.184,0.006
-443846.040,-1172374.680,374.205,0.005
-443833.760,-1172385.060,377.620,0.010
-443835.180,-1172383.891,377.581,0.009
-443835.470,-1172383.660,377.581,0.009
-443839.650,-1172379.440,377.574,0.006
-443843.720,-1172376.110,374.190,0.010
-443844.830,-1172375.210,374.221,0.009
-443845.120,-1172374.970,374.214,0.006
-443846.820,-1172373.590,374.223,0.007
-443847.110,-1172373.350,374.232,0.008
-443848.240,-1172372.430,374.281,0.009
-443835.440,-1172383.320,377.583,0.007
-443835.730,-1172383.090,377.601,0.009
-443839.850,-1172378.830,377.563,0.007
-443841.419,-1172377.550,374.204,0.006
-443841.690,-1172377.330,374.203,0.007
-443842.000,-1172377.080,374.163,0.007
-443842.270,-1172376.860,374.191,0.009
-443843.970,-1172375.480,374.202,0.008
-443845.079,-1172374.560,374.192,0.008
-443832.900,-1172384.940,377.630,0.010
-443833.740,-1172384.250,377.582,0.008
-443834.010,-1172384.030,377.602,0.008
-443835.120,-1172383.130,377.584,0.006
-443835.410,-1172382.890,377.594,0.006
-443837.659,-1172381.060,377.590,0.010
-443838.520,-1172380.350,377.542,0.008
-443842.010,-1172376.720,374.213,0.007
-443843.440,-1172375.560,374.233,0.007
-443843.740,-1172375.310,374.212,0.008
-443844.010,-1172375.090,374.233,0.007
-443844.290,-1172374.860,374.225,0.005
-443845.140,-1172374.170,374.223,0.007
-443845.419,-1172373.940,374.242,0.008
-443845.960,-1172373.500,374.211,0.009
-443846.240,-1172373.270,374.231,0.009
-443846.810,-1172372.810,374.232,0.008
-443847.080,-1172372.590,374.232,0.008
-443831.969,-1172385.260,377.662,0.008
-443832.279,-1172385.010,377.613,0.008
-443832.860,-1172384.540,377.612,0.008
-443833.140,-1172384.310,377.602,0.008
-443833.419,-1172384.080,377.581,0.009
-443833.700,-1172383.850,377.595,0.005
-443835.070,-1172382.730,377.573,0.007
-443835.350,-1172382.500,377.563,0.007
-443837.579,-1172380.680,377.573,0.007
-443837.890,-1172380.430,377.541,0.009
-443838.180,-1172380.200,377.493,0.007
-443838.740,-1172379.740,377.543,0.007
-443843.730,-1172375.000,374.215,0.005
-443844.000,-1172374.770,374.212,0.008
-443844.310,-1172374.520,374.235,0.005
-443847.960,-1172371.540,374.210,0.010
-443833.440,-1172383.710,377.590,0.010
-443833.720,-1172383.480,377.582,0.008
-443837.910,-1172380.070,377.540,0.010
-443838.200,-1172379.830,377.572,0.008
-443838.490,-1172379.590,377.571,0.009
-443839.320,-1172378.910,377.592,0.008
-443845.920,-1172372.720,374.232,0.008
-443837.669,-1172379.930,377.561,0.009
-443837.950,-1172379.700,377.522,0.008
-443842.610,-1172375.910,374.241,0.009
-443844.870,-1172373.110,374.204,0.006
-443769.560,-1172435.020,361.273,0.007
-443769.830,-1172434.790,361.274,0.006
-443830.820,-1172385.030,377.643,0.007
-443831.120,-1172384.790,377.615,0.005
-443831.390,-1172384.570,377.622,0.008
-443831.649,-1172384.350,377.631,0.009
-443833.660,-1172382.720,377.581,0.009
-443836.000,-1172380.810,374.332,0.008
-443836.299,-1172380.570,374.323,0.007
-443837.340,-1172379.720,377.584,0.006
-443837.890,-1172379.270,377.570,0.010
-443840.810,-1172376.890,374.201,0.009
-443841.380,-1172376.420,374.224,0.006
-443841.669,-1172376.190,374.221,0.009
-443842.790,-1172375.270,374.201,0.009
-443843.080,-1172375.040,374.223,0.007
-443768.760,-1172435.200,361.270,0.010
-443830.090,-1172385.160,377.663,0.007
-443830.380,-1172384.930,377.642,0.008
-443831.200,-1172384.260,377.624,0.006
-443831.470,-1172384.040,377.644,0.006
-443832.869,-1172382.900,377.620,0.010
-443833.149,-1172382.670,377.612,0.008
-443833.449,-1172382.419,377.590,0.010
-443837.110,-1172379.440,377.574,0.006
-443837.389,-1172379.210,377.573,0.007
-443837.969,-1172378.739,377.591,0.009
-443840.350,-1172376.800,374.222,0.008
-443840.900,-1172376.350,374.224,0.006
-443841.180,-1172376.120,374.203,0.007
-443844.569,-1172373.360,374.233,0.007
-443769.510,-1172434.190,361.301,0.009
-443830.290,-1172384.600,377.671,0.009
-443831.130,-1172383.920,377.641,0.009
-443832.800,-1172382.560,377.621,0.009
-443833.070,-1172382.340,377.630,0.010
-443835.439,-1172380.410,374.322,0.008
-443835.720,-1172380.180,374.316,0.004
-443836.570,-1172379.490,374.302,0.008
-443837.290,-1172378.890,377.613,0.007
-443839.700,-1172376.930,374.241,0.009
-443840.290,-1172376.450,374.241,0.009
-443840.559,-1172376.230,374.233,0.007
-443840.840,-1172376.000,374.213,0.007
-443841.140,-1172375.750,374.226,0.004
-443841.669,-1172375.320,374.242,0.008
-443841.950,-1172375.100,374.221,0.009
-443843.900,-1172373.510,374.252,0.008
-443844.750,-1172372.810,374.243,0.007
-443829.030,-1172385.230,377.666,0.004
-443829.300,-1172385.010,377.660,0.010
-443830.150,-1172384.320,377.652,0.008
-443830.420,-1172384.090,377.652,0.008
-443831.300,-1172383.380,377.621,0.009
-443831.570,-1172383.160,377.625,0.005
-443831.860,-1172382.920,377.632,0.008
-443832.129,-1172382.710,377.600,0.010
-443832.410,-1172382.470,377.634,0.006
-443835.590,-1172379.890,374.306,0.004
-443836.150,-1172379.430,374.301,0.009
-443836.730,-1172378.960,374.273,0.007
-443839.270,-1172376.890,374.251,0.009
-443840.410,-1172375.950,374.206,0.004
-443840.710,-1172375.710,374.213,0.007
-443841.010,-1172375.470,374.203,0.007
-443841.850,-1172374.780,374.201,0.009
-443844.350,-1172372.740,374.225,0.005
-443844.610,-1172372.530,374.212,0.008
-443844.900,-1172372.300,374.251,0.009
-443845.480,-1172371.820,374.223,0.007
-443828.530,-1172385.170,377.701,0.009
-443828.830,-1172384.930,377.672,0.008
-443829.110,-1172384.700,377.676,0.004
-443829.400,-1172384.470,377.682,0.008
-443829.970,-1172384.010,377.661,0.009
-443830.230,-1172383.790,377.641,0.009
-443830.510,-1172383.560,377.654,0.006
-443830.800,-1172383.330,377.652,0.008
-443831.930,-1172382.400,377.645,0.005
-443835.400,-1172379.580,374.325,0.005
-443835.700,-1172379.340,374.320,0.010
-443836.530,-1172378.650,374.315,0.005
-443837.100,-1172378.190,374.293,0.007
-443837.950,-1172377.500,374.272,0.008
-443838.230,-1172377.270,374.276,0.004
-443838.520,-1172377.030,374.263,0.007
-443839.110,-1172376.550,374.255,0.005
-443839.660,-1172376.100,374.250,0.010
-443839.950,-1172375.860,374.242,0.008
-443840.219,-1172375.640,374.243,0.007
-443840.510,-1172375.410,374.231,0.009
-443840.810,-1172375.160,374.234,0.006
-443841.079,-1172374.940,374.224,0.006
-443841.370,-1172374.700,374.232,0.008
-443843.630,-1172372.870,374.232,0.008
-443843.890,-1172372.650,374.252,0.008
-443844.180,-1172372.420,374.252,0.008
-443844.730,-1172371.970,374.263,0.007
-443845.300,-1172371.500,374.274,0.006
-443845.560,-1172371.290,374.262,0.008
-443768.850,-1172434.320,361.294,0.006
-443769.910,-1172433.460,361.321,0.009
-443828.590,-1172384.680,377.691,0.009
-443828.890,-1172384.440,377.664,0.006
-443829.160,-1172384.210,377.663,0.007
-443829.420,-1172384.010,377.661,0.009
-443829.710,-1172383.770,377.661,0.009
-443830.870,-1172382.820,377.652,0.008
-443836.310,-1172378.380,374.320,0.010
-443836.600,-1172378.150,374.263,0.007
-443836.870,-1172377.930,374.304,0.006
-443838.000,-1172377.010,374.261,0.009
-443838.290,-1172376.770,374.254,0.006
-443838.850,-1172376.320,374.255,0.005
-443839.120,-1172376.090,374.235,0.005
-443839.420,-1172375.850,374.232,0.008
-443839.720,-1172375.610,374.213,0.007
-443840.000,-1172375.380,374.231,0.009
-443840.290,-1172375.140,374.233,0.007
-443840.840,-1172374.690,374.237,0.003
-443841.399,-1172374.240,374.221,0.009
-443843.120,-1172372.830,374.223,0.007
-443843.400,-1172372.610,374.236,0.004
-443843.690,-1172372.370,374.245,0.005
-443843.960,-1172372.150,374.254,0.006
-443844.250,-1172371.910,374.245,0.005
-443844.530,-1172371.680,374.242,0.008
-443845.070,-1172371.240,374.275,0.005
-443767.550,-1172434.920,361.280,0.010
-443768.920,-1172433.800,361.311,0.009
-443769.449,-1172433.370,361.340,0.010
-443830.810,-1172382.490,377.652,0.008
-443831.090,-1172382.260,377.654,0.006
-443836.610,-1172377.760,374.290,0.010
-443836.880,-1172377.540,374.290,0.010
-443837.150,-1172377.320,374.281,0.009
-443837.989,-1172376.630,374.262,0.008
-443838.260,-1172376.410,374.271,0.009
-443838.540,-1172376.180,374.254,0.006
-443838.840,-1172375.940,374.245,0.005
-443839.100,-1172375.730,374.260,0.010
-443839.390,-1172375.490,374.232,0.008
-443839.700,-1172375.240,374.231,0.009
-443839.970,-1172375.020,374.230,0.010
-443840.240,-1172374.800,374.242,0.008
-443840.520,-1172374.570,374.243,0.007
-443841.110,-1172374.090,374.243,0.007
-443841.400,-1172373.850,374.210,0.010
-443841.690,-1172373.610,374.243,0.007
-443841.970,-1172373.390,374.243,0.007
-443842.240,-1172373.170,374.250,0.010
-443843.110,-1172372.460,374.230,0.010
-443843.360,-1172372.260,374.260,0.010
-443843.650,-1172372.020,374.272,0.008
-443843.950,-1172371.780,374.263,0.007
-443844.230,-1172371.540,374.265,0.005
-443844.500,-1172371.330,374.283,0.007
-443766.530,-1172435.310,361.273,0.007
-443767.880,-1172434.210,361.281,0.009
-443768.160,-1172433.980,361.304,0.006
-443768.420,-1172433.770,361.303,0.007
-443768.700,-1172433.540,361.325,0.005
-443768.980,-1172433.320,361.303,0.007
-443769.260,-1172433.080,361.331,0.009
-443836.090,-1172377.800,374.301,0.009
-443836.380,-1172377.570,374.302,0.008
-443836.680,-1172377.320,374.291,0.009
-443837.240,-1172376.860,374.282,0.008
-443837.520,-1172376.640,374.272,0.008
-443837.810,-1172376.400,374.261,0.009
-443838.350,-1172375.960,374.263,0.007
-443838.630,-1172375.730,374.255,0.005
-443838.900,-1172375.510,374.243,0.007
-443839.190,-1172375.270,374.241,0.009
-443839.470,-1172375.050,374.245,0.005
-443839.750,-1172374.820,374.234,0.006
-443840.030,-1172374.590,374.231,0.009
-443840.890,-1172373.890,374.242,0.008
-443841.160,-1172373.670,374.215,0.005
-443841.430,-1172373.450,374.245,0.005
-443841.720,-1172373.210,374.232,0.008
-443842.020,-1172372.970,374.233,0.007
-443842.300,-1172372.730,374.223,0.007
-443842.600,-1172372.490,374.242,0.008
-443842.890,-1172372.260,374.231,0.009
-443843.150,-1172372.040,374.262,0.008
-443843.420,-1172371.820,374.263,0.007
-443843.990,-1172371.360,374.263,0.007
-443768.910,-1172432.980,361.342,0.008
-443769.190,-1172432.760,361.351,0.009
-443769.460,-1172432.530,361.364,0.006
-443828.570,-1172384.310,377.671,0.009
-443828.830,-1172384.100,377.661,0.009
-443829.120,-1172383.870,377.671,0.009
-443829.390,-1172383.640,377.682,0.008
-443829.690,-1172383.400,377.675,0.005
-443829.960,-1172383.180,377.664,0.006
-443837.150,-1172376.400,374.284,0.006
-443837.460,-1172376.150,374.274,0.006
-443838.300,-1172375.460,374.281,0.009
-443838.590,-1172375.230,374.256,0.004
-443839.150,-1172374.770,374.243,0.007
-443839.430,-1172374.540,374.234,0.006
-443840.260,-1172373.870,374.233,0.007
-443840.530,-1172373.640,374.231,0.009
-443841.100,-1172373.180,374.232,0.008
-443841.370,-1172372.960,374.263,0.007
-443841.670,-1172372.720,374.243,0.007
-443841.950,-1172372.490,374.253,0.007
-443842.220,-1172372.270,374.263,0.007
-443842.500,-1172372.040,374.265,0.005
-443843.070,-1172371.570,374.272,0.008
-443843.370,-1172371.330,374.272,0.008
-443767.600,-1172433.660,361.320,0.010
-443767.869,-1172433.440,361.312,0.008
-443768.710,-1172432.760,361.340,0.010
-443769.770,-1172431.900,361.364,0.006
-443829.480,-1172383.190,377.663,0.007
-443830.020,-1172382.750,377.652,0.008
-443834.249,-1172379.300,373.850,0.010
-443840.110,-1172373.440,374.246,0.004
-443840.650,-1172373.000,374.245,0.005
-443840.940,-1172372.760,374.235,0.005
-443841.220,-1172372.530,374.243,0.007
-443841.480,-1172372.320,374.256,0.004
-443842.340,-1172371.610,374.244,0.006
-443842.900,-1172371.160,374.274,0.006
-443764.850,-1172435.360,361.261,0.009
-443765.400,-1172434.920,361.293,0.007
-443765.660,-1172434.700,361.273,0.007
-443767.800,-1172432.960,361.364,0.006
-443768.880,-1172432.080,361.375,0.005
-443769.450,-1172431.610,361.384,0.006
-443769.720,-1172431.390,361.392,0.008
-443828.600,-1172383.370,377.686,0.004
-443828.880,-1172383.140,377.674,0.006
-443829.160,-1172382.910,377.661,0.009
-443829.700,-1172382.470,377.662,0.008
-443836.290,-1172377.100,374.301,0.009
-443764.130,-1172435.400,361.260,0.010
-443764.410,-1172435.170,361.253,0.007
-443764.700,-1172434.930,361.281,0.009
-443764.960,-1172434.720,361.264,0.006
-443765.770,-1172434.060,361.302,0.008
-443766.300,-1172433.630,361.304,0.006
-443768.160,-1172432.110,361.360,0.010
-443768.440,-1172431.880,361.372,0.008
-443769.799,-1172430.769,361.410,0.010
-443828.420,-1172382.970,377.673,0.007
-443828.710,-1172382.730,377.674,0.006
-443828.990,-1172382.500,377.643,0.007
-443835.580,-1172377.130,374.305,0.005
-443835.870,-1172376.900,374.285,0.005
-443836.149,-1172376.670,374.292,0.008
-443836.420,-1172376.440,374.264,0.006
-443836.690,-1172376.230,374.285,0.005
-443836.980,-1172375.990,374.284,0.006
-443837.280,-1172375.740,374.274,0.006
-443837.540,-1172375.530,374.258,0.002
-443837.840,-1172375.280,374.265,0.005
-443838.130,-1172375.050,374.254,0.006
-443838.430,-1172374.800,374.235,0.005
-443838.700,-1172374.580,374.232,0.008
-443838.990,-1172374.350,374.255,0.005
-443839.270,-1172374.120,374.236,0.004
-443766.530,-1172432.910,361.330,0.010
-443767.600,-1172432.040,361.371,0.009
-443768.400,-1172431.380,361.393,0.007
-443828.390,-1172382.470,377.671,0.009
-443836.410,-1172375.930,374.303,0.007
-443836.690,-1172375.700,374.275,0.005
-443836.980,-1172375.460,374.274,0.006
-443837.270,-1172375.230,374.274,0.006
-443837.530,-1172375.010,374.275,0.005
-443837.790,-1172374.800,374.264,0.006
-443838.090,-1172374.550,374.273,0.008
-443838.660,-1172374.090,374.254,0.006
-443838.950,-1172373.850,374.252,0.008
-443839.250,-1172373.610,374.254,0.006
-443839.810,-1172373.160,374.264,0.006
-443840.380,-1172372.690,374.273,0.007
-443840.660,-1172372.460,374.264,0.006
-443840.940,-1172372.240,374.253,0.007
-443841.210,-1172372.010,374.263,0.007
-443841.750,-1172371.570,374.273,0.007
-443842.040,-1172371.340,374.285,0.005
-443835.509,-1172376.180,374.292,0.008
-443835.790,-1172375.950,374.312,0.008
-443836.090,-1172375.710,374.300,0.010
-443836.640,-1172375.260,374.284,0.006
-443837.220,-1172374.790,374.262,0.008
-443837.510,-1172374.550,374.253,0.007
-443838.390,-1172373.840,374.253,0.007
-443839.770,-1172372.710,374.264,0.006
-443840.350,-1172372.240,374.264,0.006
-443840.920,-1172371.770,374.256,0.004
-443763.560,-1172435.330,361.272,0.008
-443764.640,-1172434.450,361.292,0.008
-443764.910,-1172434.240,361.302,0.008
-443765.460,-1172433.790,361.303,0.007
-443769.180,-1172429.680,361.451,0.009
-443835.210,-1172375.830,374.332,0.008
-443835.470,-1172375.610,374.312,0.008
-443836.320,-1172374.920,374.293,0.007
-443836.610,-1172374.690,374.284,0.006
-443836.890,-1172374.450,374.274,0.006
-443837.190,-1172374.220,374.273,0.007
-443837.470,-1172373.980,374.274,0.006
-443837.740,-1172373.760,374.263,0.007
-443838.030,-1172373.530,374.261,0.009
-443838.600,-1172373.060,374.251,0.009
-443839.190,-1172372.579,374.273,0.007
-443839.480,-1172372.349,374.272,0.008
-443839.740,-1172372.130,374.272,0.008
-443840.580,-1172371.450,374.285,0.005
-443762.440,-1172435.770,361.261,0.009
-443762.720,-1172435.540,361.242,0.008
-443762.980,-1172435.330,361.265,0.005
-443763.240,-1172435.120,361.253,0.007
-443764.359,-1172434.199,361.281,0.009
-443764.640,-1172433.980,361.302,0.008
-443765.970,-1172432.890,361.334,0.006
-443766.240,-1172432.670,361.342,0.008
-443766.520,-1172432.440,361.356,0.004
-443768.150,-1172431.120,361.405,0.005
-443768.400,-1172430.910,361.413,0.007
-443768.680,-1172430.680,361.423,0.007
-443768.949,-1172430.459,361.420,0.010
-443767.120,-1172430.910,361.411,0.009
-443767.660,-1172430.470,361.420,0.010
-443767.950,-1172430.240,361.431,0.009
-443769.310,-1172429.130,361.473,0.007
-443835.920,-1172374.800,374.304,0.006
-443836.199,-1172374.570,374.293,0.007
-443836.469,-1172374.350,374.281,0.009
-443837.050,-1172373.880,374.274,0.006
-443837.320,-1172373.660,374.264,0.006
-443837.610,-1172373.420,374.266,0.004
-443837.890,-1172373.190,374.246,0.004
-443838.170,-1172372.970,374.253,0.007
-443838.470,-1172372.720,374.235,0.005
-443839.000,-1172372.290,374.275,0.005
-443839.300,-1172372.050,374.272,0.008
-443839.579,-1172371.810,374.273,0.007
-443839.879,-1172371.570,374.291,0.009
-443840.160,-1172371.340,374.283,0.007
-443762.130,-1172435.430,361.272,0.008
-443762.640,-1172435.010,361.275,0.005
-443762.920,-1172434.780,361.283,0.007
-443763.470,-1172434.340,361.281,0.009
-443764.000,-1172433.900,361.327,0.003
-443764.260,-1172433.690,361.321,0.009
-443765.660,-1172432.550,361.361,0.009
-443767.260,-1172431.240,361.395,0.005
-443768.900,-1172429.900,361.454,0.006
-443765.700,-1172431.680,361.393,0.007
-443768.680,-1172429.240,361.500,0.010
-443768.960,-1172429.010,361.473,0.007
-443769.790,-1172428.340,361.492,0.008
-443835.630,-1172374.640,374.292,0.008
-443836.200,-1172374.170,374.311,0.009
-443836.760,-1172373.720,374.272,0.008
-443837.310,-1172373.270,374.286,0.004
-443837.580,-1172373.050,374.276,0.004
-443837.850,-1172372.830,374.273,0.007
-443838.160,-1172372.580,374.275,0.005
-443838.990,-1172371.900,374.290,0.010
-443839.260,-1172371.680,374.293,0.007
-443839.540,-1172371.450,374.294,0.006
-443762.530,-1172434.660,361.276,0.004
-443762.790,-1172434.450,361.284,0.006
-443763.070,-1172434.220,361.294,0.006
-443764.400,-1172433.130,361.323,0.007
-443765.210,-1172432.480,361.362,0.008
-443766.320,-1172431.560,361.395,0.005
-443763.080,-1172433.490,361.344,0.006
-443763.340,-1172433.280,361.325,0.005
-443763.890,-1172432.830,361.352,0.008
-443764.160,-1172432.610,361.341,0.009
-443764.420,-1172432.400,361.341,0.009
-443765.200,-1172431.759,361.383,0.007
-443766.290,-1172430.870,361.413,0.007
-443767.370,-1172430.000,361.455,0.005
-443767.630,-1172429.780,361.455,0.005
-443767.910,-1172429.550,361.473,0.007
-443769.810,-1172428.000,361.511,0.009
-443834.120,-1172375.550,373.851,0.009
-443836.820,-1172373.350,374.281,0.009
-443837.380,-1172372.890,374.255,0.005
-443837.650,-1172372.670,374.264,0.006
-443837.950,-1172372.430,374.262,0.008
-443838.210,-1172372.210,374.273,0.007
-443760.570,-1172435.860,361.261,0.009
-443761.120,-1172435.410,361.244,0.006
-443761.670,-1172434.960,361.295,0.005
-443761.950,-1172434.730,361.294,0.006
-443762.210,-1172434.520,361.286,0.004
-443762.760,-1172434.070,361.302,0.008
-443764.070,-1172433.000,361.342,0.008
-443764.350,-1172432.780,361.343,0.007
-443761.300,-1172434.490,361.305,0.005
-443761.850,-1172434.040,361.300,0.010
-443762.100,-1172433.840,361.323,0.007
-443762.370,-1172433.620,361.315,0.005
-443762.650,-1172433.390,361.332,0.008
-443764.830,-1172431.610,361.374,0.006
-443765.100,-1172431.390,361.394,0.006
-443765.890,-1172430.740,361.410,0.010
-443766.150,-1172430.530,361.402,0.008
-443766.700,-1172430.080,361.435,0.005
-443767.220,-1172429.660,361.451,0.009
-443768.300,-1172428.780,361.504,0.006
-443768.860,-1172428.320,361.504,0.006
-443833.650,-1172375.480,373.886,0.004
-443835.260,-1172374.170,374.312,0.008
-443835.529,-1172373.940,374.302,0.008
-443836.660,-1172373.020,374.275,0.005
-443836.950,-1172372.790,374.272,0.008
-443837.240,-1172372.550,374.292,0.008
-443760.369,-1172435.700,361.252,0.008
-443761.430,-1172434.840,361.276,0.004
-443761.980,-1172434.380,361.284,0.006
-443762.530,-1172433.940,361.306,0.004
-443759.270,-1172435.660,361.253,0.007
-443759.540,-1172435.440,361.254,0.006
-443759.800,-1172435.230,361.273,0.007
-443760.080,-1172435.000,361.282,0.008
-443760.350,-1172434.780,361.272,0.008
-443760.620,-1172434.560,361.292,0.008
-443761.410,-1172433.920,361.332,0.008
-443762.250,-1172433.230,361.326,0.004
-443762.800,-1172432.780,361.345,0.005
-443763.580,-1172432.140,361.382,0.008
-443764.420,-1172431.460,361.382,0.008
-443765.240,-1172430.790,361.401,0.009
-443765.779,-1172430.350,361.443,0.007
-443766.039,-1172430.140,361.432,0.009
-443766.590,-1172429.690,361.453,0.007
-443767.110,-1172429.270,361.481,0.009
-443767.650,-1172428.830,361.483,0.007
-443767.910,-1172428.610,361.501,0.009
-443768.180,-1172428.400,361.492,0.008
-443768.460,-1172428.160,361.502,0.008
-443768.999,-1172427.729,361.511,0.009
-443835.700,-1172373.330,374.281,0.009
-443836.850,-1172372.390,374.271,0.009
-443837.120,-1172372.170,374.261,0.009
-443837.390,-1172371.950,374.264,0.006
-443759.670,-1172435.820,361.243,0.007
-443759.930,-1172435.600,361.254,0.006
-443760.190,-1172435.390,361.243,0.007
-443760.469,-1172435.160,361.271,0.009
-443760.750,-1172434.930,361.264,0.006
-443761.030,-1172434.710,361.282,0.008
-443758.760,-1172435.640,361.262,0.008
-443759.280,-1172435.220,361.283,0.007
-443759.560,-1172434.990,361.262,0.008
-443760.080,-1172434.560,361.265,0.005
-443761.690,-1172433.260,361.335,0.005
-443762.230,-1172432.810,361.340,0.010
-443762.780,-1172432.370,361.356,0.004
-443763.310,-1172431.930,361.391,0.009
-443763.880,-1172431.460,361.394,0.006
-443764.150,-1172431.240,361.403,0.007
-443764.420,-1172431.030,361.413,0.007
-443764.940,-1172430.600,361.411,0.009
-443765.490,-1172430.150,361.435,0.005
-443765.770,-1172429.930,361.444,0.006
-443766.310,-1172429.480,361.483,0.007
-443766.870,-1172429.030,361.483,0.007
-443767.390,-1172428.600,361.506,0.004
-443768.459,-1172427.730,361.530,0.010
-443768.740,-1172427.510,361.552,0.008
-443835.400,-1172373.130,374.313,0.007
-443835.700,-1172372.890,374.300,0.010
-443835.999,-1172372.640,374.302,0.008
-443837.130,-1172371.720,374.271,0.009
-443837.420,-1172371.490,374.302,0.008
-443759.020,-1172435.000,361.282,0.008
-443759.570,-1172434.550,361.286,0.004
-443760.110,-1172434.120,361.295,0.005
-443760.660,-1172433.670,361.315,0.005
-443760.910,-1172433.460,361.315,0.005
-443761.430,-1172433.040,361.347,0.003
-443761.710,-1172432.810,361.362,0.008
-443761.970,-1172432.600,361.353,0.007
-443762.770,-1172431.940,361.375,0.005
-443763.590,-1172431.280,361.405,0.005
-443764.130,-1172430.830,361.384,0.006
-443765.250,-1172429.920,361.440,0.010
-443765.770,-1172429.500,361.467,0.003
-443766.850,-1172428.620,361.492,0.008
-443767.680,-1172427.940,361.533,0.007
-443767.940,-1172427.720,361.524,0.006
-443768.770,-1172427.050,361.543,0.007
-443769.030,-1172426.840,361.557,0.003
-443769.290,-1172426.620,361.562,0.008
-443836.000,-1172372.220,374.281,0.009
-443836.549,-1172371.770,374.281,0.009
-443759.450,-1172434.180,361.301,0.009
-443760.270,-1172433.510,361.324,0.006
-443761.350,-1172432.630,361.373,0.007
-443762.680,-1172431.540,361.393,0.007
-443764.290,-1172430.230,361.433,0.007
-443764.570,-1172430.000,361.455,0.005
-443765.090,-1172429.570,361.471,0.009
-443765.370,-1172429.340,361.481,0.009
-443765.940,-1172428.890,361.515,0.005
-443766.210,-1172428.670,361.506,0.004
-443766.490,-1172428.430,361.504,0.006
-443767.560,-1172427.560,361.543,0.007
-443767.840,-1172427.340,361.535,0.005
-443768.100,-1172427.120,361.534,0.006
-443768.380,-1172426.900,361.564,0.006
-443768.660,-1172426.670,361.576,0.004
-443769.200,-1172426.229,361.573,0.007
-443835.640,-1172372.030,374.301,0.009
-443836.200,-1172371.570,374.307,0.003
-443762.950,-1172430.870,361.405,0.005
-443763.219,-1172430.649,361.410,0.010
-443765.360,-1172428.910,361.483,0.007
-443766.160,-1172428.260,361.481,0.009
-443767.280,-1172427.340,361.541,0.009
-443768.080,-1172426.690,361.553,0.007
-443768.350,-1172426.470,361.561,0.009
-443768.630,-1172426.240,361.552,0.008
-443769.180,-1172425.800,361.574,0.006
-443769.460,-1172425.570,361.584,0.006
-443769.720,-1172425.350,361.594,0.006
-443760.880,-1172432.250,361.370,0.010
-443762.800,-1172430.690,361.411,0.009
-443763.330,-1172430.260,361.432,0.008
-443764.120,-1172429.610,361.450,0.010
-443766.240,-1172427.880,361.532,0.008
-443768.460,-1172426.070,361.581,0.009
-443769.010,-1172425.620,361.603,0.007
-443769.260,-1172425.420,361.612,0.008
-443769.540,-1172425.190,361.611,0.009
-443756.980,-1172435.740,361.243,0.007
-443757.260,-1172435.520,361.262,0.008
-443757.780,-1172435.090,361.271,0.009
-443758.900,-1172434.180,361.280,0.010
-443766.920,-1172427.010,361.554,0.006
-443769.080,-1172425.250,361.613,0.007
-443769.370,-1172425.010,361.592,0.008
-443769.650,-1172424.790,361.623,0.007
-443756.820,-1172435.570,361.272,0.008
-443757.330,-1172435.150,361.275,0.005
-443758.149,-1172434.480,361.301,0.009
-443760.610,-1172432.470,361.362,0.008
-443833.700,-1172372.120,373.870,0.010
-443756.130,-1172435.810,361.240,0.010
-443756.410,-1172435.580,361.263,0.007
-443757.480,-1172434.720,361.276,0.004
-443757.990,-1172434.300,361.294,0.006
-443758.270,-1172434.070,361.302,0.008
-443758.810,-1172433.630,361.305,0.005
-443760.150,-1172432.530,361.354,0.006
-443760.690,-1172432.090,361.384,0.006
-443762.600,-1172430.540,361.423,0.007
-443763.400,-1172429.880,361.472,0.008
-443764.510,-1172428.980,361.491,0.009
-443765.060,-1172428.530,361.473,0.007
-443766.110,-1172427.670,361.520,0.010
-443840.240,-1172366.310,370.431,0.009
-443755.820,-1172435.660,361.271,0.009
-443756.360,-1172435.220,361.274,0.006
-443756.640,-1172434.990,361.293,0.007
-443757.180,-1172434.550,361.287,0.003
-443758.260,-1172433.670,361.333,0.007
-443758.530,-1172433.450,361.323,0.007
-443758.790,-1172433.230,361.334,0.006
-443759.050,-1172433.020,361.322,0.008
-443759.320,-1172432.800,361.364,0.006
-443759.580,-1172432.590,361.353,0.007
-443761.200,-1172431.270,361.407,0.003
-443761.460,-1172431.060,361.433,0.007
-443761.750,-1172430.820,361.422,0.008
-443762.290,-1172430.380,361.444,0.006
-443762.860,-1172429.910,361.464,0.006
-443763.380,-1172429.490,361.464,0.006
-443763.650,-1172429.270,361.465,0.005
-443764.460,-1172428.610,361.495,0.005
-443764.760,-1172428.370,361.493,0.007
-443765.550,-1172427.720,361.523,0.007
-443766.910,-1172426.610,361.564,0.006
-443755.370,-1172435.539,361.272,0.008
-443757.250,-1172434.020,361.314,0.006
-443758.080,-1172433.340,361.320,0.010
-443758.870,-1172432.690,361.374,0.006
-443759.940,-1172431.820,361.344,0.006
-443760.470,-1172431.390,361.403,0.007
-443760.730,-1172431.170,361.393,0.007
-443761.000,-1172430.950,361.426,0.004
-443761.270,-1172430.740,361.425,0.005
-443762.630,-1172429.619,361.444,0.006
-443762.910,-1172429.400,361.465,0.005
-443763.190,-1172429.170,361.483,0.007
-443764.010,-1172428.500,361.502,0.008
-443764.280,-1172428.280,361.516,0.004
-443765.090,-1172427.620,361.511,0.009
-443765.910,-1172426.950,361.563,0.007
-443766.200,-1172426.710,361.533,0.007
-443766.740,-1172426.280,361.541,0.009
-443766.990,-1172426.060,361.583,0.007
-443767.550,-1172425.610,361.593,0.007
-443767.799,-1172425.410,361.603,0.007
-443833.550,-1172371.760,373.832,0.008
-443833.820,-1172371.540,373.892,0.008
-443761.140,-1172430.410,361.452,0.008
-443761.430,-1172430.180,361.452,0.008
-443762.220,-1172429.530,361.451,0.009
-443764.130,-1172427.980,361.525,0.005
-443765.500,-1172426.850,361.543,0.007
-443765.760,-1172426.640,361.582,0.008
-443766.040,-1172426.420,361.565,0.005
-443767.420,-1172425.290,361.622,0.008
-443767.690,-1172425.070,361.622,0.008
-443767.960,-1172424.850,361.612,0.008
-443768.220,-1172424.640,361.622,0.008
-443769.020,-1172423.990,361.675,0.005
-443769.290,-1172423.770,361.666,0.004
-443840.120,-1172365.980,370.424,0.006
-443840.389,-1172365.760,370.431,0.009
-443768.160,-1172424.210,361.645,0.005
-443768.420,-1172423.990,361.642,0.008
-443769.520,-1172423.100,361.674,0.006
-443840.330,-1172365.330,370.432,0.008
-443840.630,-1172365.090,370.437,0.003
-443754.930,-1172435.480,361.272,0.008
-443755.749,-1172434.810,361.310,0.010
-443757.370,-1172433.490,361.334,0.006
-443758.180,-1172432.830,361.353,0.007
-443759.280,-1172431.930,361.376,0.004
-443759.830,-1172431.480,361.394,0.006
-443840.470,-1172364.630,370.444,0.006
-443753.800,-1172435.920,361.252,0.008
-443754.050,-1172435.720,361.262,0.008
-443754.320,-1172435.490,361.262,0.008
-443754.590,-1172435.270,361.273,0.007
-443757.320,-1172433.050,361.361,0.009
-443757.590,-1172432.830,361.352,0.008
-443757.850,-1172432.620,361.353,0.007
-443758.100,-1172432.410,361.374,0.006
-443758.660,-1172431.960,361.382,0.008
-443758.920,-1172431.740,361.382,0.008
-443759.480,-1172431.290,361.413,0.007
-443759.760,-1172431.050,361.412,0.008
-443760.300,-1172430.620,361.432,0.008
-443761.090,-1172429.970,361.451,0.009
-443761.630,-1172429.530,361.471,0.009
-443762.160,-1172429.100,361.482,0.008
-443763.230,-1172428.230,361.504,0.006
-443763.520,-1172427.990,361.526,0.004
-443763.790,-1172427.770,361.514,0.006
-443764.310,-1172427.350,361.522,0.008
-443766.500,-1172425.560,361.602,0.008
-443767.049,-1172425.110,361.602,0.008
-443767.590,-1172424.670,361.631,0.009
-443754.470,-1172434.790,361.303,0.007
-443757.139,-1172432.610,361.372,0.008
-443758.800,-1172431.260,361.420,0.010
-443759.600,-1172430.600,361.435,0.005
-443759.880,-1172430.380,361.445,0.005
-443760.150,-1172430.160,361.452,0.008
-443761.780,-1172428.830,361.483,0.007
-443762.320,-1172428.390,361.521,0.009
-443763.090,-1172427.750,361.540,0.010
-443763.900,-1172427.100,361.553,0.007
-443764.730,-1172426.420,361.572,0.008
-443765.530,-1172425.760,361.594,0.006
-443765.810,-1172425.539,361.611,0.009
-443766.080,-1172425.320,361.600,0.010
-443766.370,-1172425.080,361.604,0.006
-443766.920,-1172424.630,361.641,0.009
-443768.270,-1172423.530,361.691,0.009
-443768.540,-1172423.310,361.673,0.007
-443753.210,-1172435.250,361.280,0.010
-443753.480,-1172435.020,361.275,0.005
-443753.740,-1172434.810,361.295,0.005
-443754.020,-1172434.589,361.303,0.007
-443754.280,-1172434.370,361.294,0.006
-443756.140,-1172432.850,361.353,0.007
-443756.400,-1172432.640,361.352,0.008
-443756.680,-1172432.410,361.385,0.005
-443756.940,-1172432.200,361.385,0.005
-443757.220,-1172431.970,361.403,0.007
-443757.760,-1172431.530,361.393,0.007
-443759.140,-1172430.409,361.431,0.009
-443759.410,-1172430.190,361.450,0.010
-443759.680,-1172429.970,361.434,0.006
-443761.030,-1172428.870,361.502,0.008
-443761.570,-1172428.430,361.506,0.004
-443762.120,-1172427.970,361.521,0.009
-443762.400,-1172427.750,361.533,0.007
-443762.670,-1172427.530,361.524,0.006
-443763.989,-1172426.449,361.562,0.008
-443765.610,-1172425.130,361.616,0.004
-443766.420,-1172424.470,361.610,0.010
-443766.700,-1172424.240,361.633,0.007
-443768.080,-1172423.120,361.674,0.006
-443768.340,-1172422.900,361.674,0.006
-443768.610,-1172422.690,361.684,0.006
-443768.890,-1172422.450,361.703,0.007
-443769.160,-1172422.230,361.710,0.010
-443839.969,-1172364.460,370.440,0.010
-443759.310,-1172429.790,361.475,0.005
-443759.580,-1172429.570,361.475,0.005
-443761.480,-1172428.020,361.514,0.006
-443763.410,-1172426.450,361.572,0.008
-443763.680,-1172426.220,361.563,0.007
-443763.950,-1172426.010,361.584,0.006
-443764.750,-1172425.350,361.615,0.005
-443765.020,-1172425.130,361.601,0.009
-443766.090,-1172424.260,361.644,0.006
-443767.440,-1172423.150,361.661,0.009
-443767.990,-1172422.710,361.681,0.009
-443768.270,-1172422.480,361.702,0.008
-443837.310,-1172366.140,370.726,0.004
-443837.610,-1172365.900,370.734,0.006
-443837.910,-1172365.650,370.741,0.009
-443838.190,-1172365.430,370.722,0.008
-443838.480,-1172365.190,370.705,0.005
-443839.970,-1172363.970,370.443,0.007
-443765.310,-1172424.460,361.627,0.003
-443766.640,-1172423.370,361.673,0.007
-443767.180,-1172422.930,361.706,0.004
-443767.440,-1172422.720,361.683,0.007
-443837.020,-1172365.940,370.723,0.007
-443837.900,-1172365.220,370.684,0.006
-443840.250,-1172363.300,370.433,0.007
-443751.220,-1172436.390,361.282,0.008
-443751.490,-1172436.170,361.261,0.009
-443751.770,-1172435.940,361.242,0.008
-443753.670,-1172434.390,361.301,0.009
-443753.930,-1172434.180,361.314,0.006
-443755.550,-1172432.860,361.370,0.010
-443757.180,-1172431.530,361.405,0.005
-443757.430,-1172431.330,361.413,0.007
-443757.970,-1172430.890,361.404,0.006
-443758.240,-1172430.670,361.443,0.007
-443835.980,-1172366.210,370.724,0.006
-443836.270,-1172365.980,370.685,0.005
-443836.560,-1172365.740,370.692,0.008
-443837.730,-1172364.780,370.693,0.007
-443838.000,-1172364.570,370.683,0.007
-443838.270,-1172364.340,370.684,0.006
-443751.760,-1172435.510,361.274,0.006
-443753.400,-1172434.170,361.333,0.007
-443755.850,-1172432.170,361.383,0.007
-443756.130,-1172431.950,361.390,0.010
-443756.390,-1172431.740,361.384,0.006
-443756.930,-1172431.300,361.410,0.010
-443758.000,-1172430.430,361.422,0.008
-443758.250,-1172430.220,361.470,0.010
-443758.510,-1172430.010,361.451,0.009
-443758.790,-1172429.770,361.473,0.007
-443759.050,-1172429.560,361.471,0.009
-443759.330,-1172429.340,361.482,0.008
-443760.130,-1172428.690,361.511,0.009
-443760.680,-1172428.230,361.504,0.006
-443760.970,-1172428.000,361.534,0.006
-443761.790,-1172427.330,361.542,0.008
-443762.050,-1172427.120,361.562,0.008
-443762.310,-1172426.910,361.553,0.007
-443762.870,-1172426.450,361.585,0.005
-443763.130,-1172426.240,361.563,0.007
-443763.410,-1172426.010,361.573,0.007
-443764.230,-1172425.340,361.605,0.005
-443764.770,-1172424.900,361.635,0.005
-443750.220,-1172436.200,361.263,0.007
-443750.480,-1172435.990,361.265,0.005
-443751.030,-1172435.540,361.283,0.007
-443753.450,-1172433.560,361.344,0.006
-443753.740,-1172433.320,361.343,0.007
-443754.020,-1172433.100,361.355,0.005
-443754.820,-1172432.450,361.372,0.008
-443755.350,-1172432.010,361.382,0.008
-443755.890,-1172431.570,361.404,0.006
-443756.170,-1172431.350,361.425,0.005
-443756.450,-1172431.110,361.406,0.004
-443757.260,-1172430.450,361.432,0.008
-443758.850,-1172429.160,361.494,0.006
-443759.120,-1172428.930,361.501,0.009
-443759.390,-1172428.720,361.491,0.009
-443760.190,-1172428.060,361.514,0.006
-443761.010,-1172427.390,361.553,0.007
-443761.269,-1172427.190,361.534,0.006
-443761.840,-1172426.720,361.561,0.009
-443762.380,-1172426.280,361.574,0.006
-443763.190,-1172425.620,361.612,0.008
-443763.450,-1172425.400,361.583,0.007
-443763.740,-1172425.160,361.616,0.004
-443764.550,-1172424.500,361.631,0.009
-443766.200,-1172423.160,361.666,0.004
-443766.460,-1172422.950,361.667,0.003
-443766.990,-1172422.510,361.707,0.003
-443767.260,-1172422.300,361.684,0.006
-443752.140,-1172434.030,361.313,0.007
-443752.420,-1172433.810,361.333,0.007
-443752.950,-1172433.380,361.351,0.009
-443753.490,-1172432.930,361.360,0.010
-443754.580,-1172432.040,361.392,0.008
-443755.150,-1172431.580,361.405,0.005
-443755.410,-1172431.360,361.412,0.008
-443756.200,-1172430.720,361.412,0.008
-443756.730,-1172430.280,361.453,0.007
-443757.300,-1172429.820,361.470,0.010
-443757.560,-1172429.610,361.483,0.007
-443757.830,-1172429.390,361.451,0.009
-443759.450,-1172428.070,361.525,0.005
-443760.510,-1172427.210,361.534,0.006
-443760.790,-1172426.980,361.552,0.008
-443761.050,-1172426.770,361.552,0.008
-443761.320,-1172426.540,361.573,0.007
-443761.850,-1172426.110,361.584,0.006
-443762.680,-1172425.430,361.612,0.008
-443762.960,-1172425.200,361.595,0.005
-443763.240,-1172424.970,361.617,0.003
-443763.520,-1172424.750,361.627,0.003
-443764.870,-1172423.650,361.656,0.004
-443765.130,-1172423.430,361.666,0.004
-443765.410,-1172423.210,361.674,0.006
-443765.680,-1172422.980,361.681,0.009
-443765.970,-1172422.750,361.680,0.010
-443766.230,-1172422.530,361.704,0.006
-443766.500,-1172422.310,361.743,0.007
-443836.030,-1172365.570,370.682,0.008
-443836.320,-1172365.330,370.693,0.007
-443836.610,-1172365.090,370.681,0.009
-443838.050,-1172363.920,370.683,0.007
-443840.390,-1172362.010,370.422,0.008
-443759.730,-1172427.300,361.536,0.004
-443759.990,-1172427.090,361.544,0.006
-443761.320,-1172426.000,361.595,0.005
-443762.130,-1172425.340,361.604,0.006
-443762.690,-1172424.890,361.625,0.005
-443762.940,-1172424.690,361.624,0.006
-443763.220,-1172424.450,361.626,0.004
-443763.780,-1172424.000,361.643,0.007
-443764.600,-1172423.320,361.675,0.005
-443764.870,-1172423.110,361.674,0.006
-443765.120,-1172422.900,361.681,0.009
-443765.420,-1172422.660,361.694,0.006
-443765.690,-1172422.440,361.672,0.008
-443835.220,-1172365.690,370.702,0.008
-443835.490,-1172365.470,370.684,0.006
-443835.780,-1172365.230,370.721,0.009
-443836.350,-1172364.770,370.680,0.010
-443836.630,-1172364.540,370.694,0.006
-443837.220,-1172364.060,370.662,0.008
-443839.850,-1172361.910,370.440,0.010
-443840.139,-1172361.680,370.432,0.008
-443749.750,-1172435.980,361.281,0.009
-443750.550,-1172435.330,361.291,0.009
-443750.820,-1172435.110,361.275,0.005
-443751.350,-1172434.680,361.280,0.010
-443833.940,-1172366.160,370.712,0.008
-443834.229,-1172365.920,370.693,0.007
-443835.370,-1172364.990,370.685,0.005
-443835.690,-1172364.730,370.657,0.003
-443835.950,-1172364.520,370.674,0.006
-443836.220,-1172364.300,370.661,0.009
-443836.500,-1172364.070,370.642,0.008
-443836.780,-1172363.840,370.664,0.006
-443837.060,-1172363.610,370.656,0.004
-443837.340,-1172363.390,370.644,0.006
-443839.970,-1172361.240,370.445,0.005
-443840.270,-1172360.990,370.400,0.010
-443749.180,-1172435.910,361.274,0.006
-443750.010,-1172435.240,361.283,0.007
-443750.270,-1172435.020,361.283,0.007
-443751.090,-1172434.360,361.323,0.007
-443751.870,-1172433.720,361.323,0.007
-443752.130,-1172433.500,361.335,0.005
-443752.420,-1172433.260,361.331,0.009
-443753.220,-1172432.620,361.360,0.010
-443753.760,-1172432.180,361.361,0.009
-443754.830,-1172431.300,361.404,0.006
-443755.100,-1172431.080,361.432,0.008
-443755.929,-1172430.400,361.451,0.009
-443756.470,-1172429.960,361.471,0.009
-443756.740,-1172429.740,361.451,0.009
-443758.390,-1172428.400,361.522,0.008
-443835.490,-1172364.220,370.684,0.006
-443835.760,-1172364.000,370.684,0.006
-443836.060,-1172363.760,370.685,0.005
-443836.330,-1172363.540,370.633,0.007
-443836.640,-1172363.290,370.631,0.009
-443837.170,-1172362.850,370.645,0.005
-443837.450,-1172362.630,370.646,0.004
-443839.809,-1172360.700,370.424,0.006
-443840.080,-1172360.480,370.405,0.005
-443840.350,-1172360.260,370.413,0.007
-443840.640,-1172360.020,370.393,0.007
-443748.220,-1172436.120,361.261,0.009
-443749.820,-1172434.810,361.304,0.006
-443750.380,-1172434.360,361.281,0.009
-443751.460,-1172433.480,361.342,0.008
-443752.010,-1172433.030,361.352,0.008
-443752.800,-1172432.380,361.374,0.006
-443753.060,-1172432.170,361.363,0.007
-443754.130,-1172431.300,361.401,0.009
-443754.390,-1172431.090,361.410,0.010
-443755.719,-1172430.000,361.481,0.009
-443757.120,-1172428.860,361.492,0.008
-443759.010,-1172427.320,361.544,0.006
-443760.640,-1172425.980,361.586,0.004
-443761.170,-1172425.550,361.606,0.004
-443761.440,-1172425.330,361.614,0.006
-443761.690,-1172425.130,361.605,0.005
-443762.250,-1172424.680,361.634,0.006
-443762.500,-1172424.470,361.624,0.006
-443763.320,-1172423.800,361.655,0.005
-443763.870,-1172423.350,361.675,0.005
-443764.140,-1172423.130,361.654,0.006
-443764.680,-1172422.690,361.694,0.006
-443765.260,-1172422.220,361.701,0.009
-443746.920,-1172436.520,361.273,0.007
-443747.190,-1172436.300,361.262,0.008
-443747.740,-1172435.850,361.263,0.007
-443748.020,-1172435.630,361.252,0.008
-443749.650,-1172434.300,361.310,0.010
-443750.190,-1172433.860,361.323,0.007
-443751.250,-1172432.990,361.354,0.006
-443751.530,-1172432.760,361.354,0.006
-443752.350,-1172432.090,361.393,0.007
-443753.170,-1172431.430,361.423,0.007
-443755.540,-1172429.480,361.486,0.004
-443755.830,-1172429.250,361.464,0.006
-443756.110,-1172429.019,361.484,0.006
-443756.370,-1172428.810,361.484,0.006
-443756.910,-1172428.370,361.511,0.009
-443757.190,-1172428.140,361.522,0.008
-443758.530,-1172427.050,361.574,0.006
-443758.800,-1172426.830,361.563,0.007
-443759.370,-1172426.360,361.551,0.009
-443760.180,-1172425.700,361.612,0.008
-443760.470,-1172425.470,361.604,0.006
-443761.540,-1172424.590,361.634,0.006
-443761.800,-1172424.380,361.634,0.006
-443762.870,-1172423.500,361.650,0.010
-443763.140,-1172423.290,361.664,0.006
-443833.200,-1172366.100,370.701,0.009
-443834.030,-1172365.420,370.700,0.010
-443834.330,-1172365.171,370.670,0.010
-443754.030,-1172430.100,361.443,0.007
-443755.070,-1172429.250,361.494,0.006
-443756.420,-1172428.160,361.491,0.009
-443759.410,-1172425.710,361.602,0.008
-443759.680,-1172425.500,361.622,0.008
-443759.950,-1172425.270,361.610,0.010
-443761.050,-1172424.370,361.635,0.005
-443761.330,-1172424.150,361.656,0.004
-443761.600,-1172423.920,361.666,0.004
-443761.880,-1172423.700,361.671,0.009
-443762.140,-1172423.490,361.661,0.009
-443762.420,-1172423.260,361.664,0.006
-443762.950,-1172422.830,361.686,0.004
-443832.100,-1172366.360,370.723,0.007
-443832.380,-1172366.140,370.714,0.006
-443832.970,-1172365.660,370.735,0.005
-443833.260,-1172365.420,370.707,0.003
-443833.550,-1172365.180,370.696,0.004
-443833.840,-1172364.950,370.695,0.005
-443834.670,-1172364.270,370.683,0.007
-443834.960,-1172364.030,370.693,0.007
-443836.410,-1172362.850,370.663,0.007
-443836.690,-1172362.620,370.643,0.007
-443840.430,-1172359.570,370.411,0.009
-443760.930,-1172424.020,361.647,0.003
-443761.210,-1172423.790,361.655,0.005
-443761.480,-1172423.570,361.656,0.004
-443761.740,-1172423.350,361.674,0.006
-443762.580,-1172422.670,361.674,0.006
-443763.130,-1172422.220,361.712,0.008
-443763.380,-1172422.020,361.721,0.009
-443831.740,-1172366.200,370.713,0.007
-443832.020,-1172365.970,370.707,0.003
-443832.320,-1172365.730,370.714,0.006
-443832.600,-1172365.500,370.702,0.008
-443833.180,-1172365.030,370.685,0.005
-443833.460,-1172364.800,370.685,0.005
-443833.730,-1172364.580,370.667,0.003
-443834.020,-1172364.340,370.665,0.005
-443834.310,-1172364.110,370.682,0.008
-443834.620,-1172363.850,370.674,0.006
-443834.900,-1172363.620,370.663,0.007
-443836.020,-1172362.710,370.632,0.008
-443836.620,-1172362.220,370.635,0.005
-443836.890,-1172362.000,370.643,0.007
-443837.770,-1172361.280,370.654,0.006
-443838.030,-1172361.070,370.644,0.006
-443746.720,-1172436.070,361.275,0.005
-443747.000,-1172435.850,361.285,0.005
-443747.260,-1172435.630,361.263,0.007
-443747.520,-1172435.420,361.304,0.006
-443747.810,-1172435.180,361.283,0.007
-443748.060,-1172434.980,361.291,0.009
-443749.130,-1172434.110,361.322,0.008
-443749.410,-1172433.880,361.332,0.008
-443749.700,-1172433.640,361.333,0.007
-443749.960,-1172433.420,361.344,0.006
-443750.240,-1172433.200,361.357,0.003
-443750.780,-1172432.760,361.373,0.007
-443752.400,-1172431.440,361.403,0.007
-443832.370,-1172365.240,370.684,0.006
-443832.660,-1172365.000,370.683,0.007
-443833.500,-1172364.310,370.682,0.009
-443834.060,-1172363.850,370.663,0.007
-443834.900,-1172363.170,370.662,0.008
-443835.200,-1172362.920,370.660,0.010
-443835.510,-1172362.670,370.682,0.008
-443835.780,-1172362.460,370.654,0.006
-443836.910,-1172361.530,370.633,0.007
-443837.190,-1172361.300,370.624,0.006
-443837.770,-1172360.830,370.641,0.009
-443838.050,-1172360.600,370.663,0.007
-443840.120,-1172358.910,370.443,0.007
-443745.840,-1172436.330,361.264,0.006
-443746.100,-1172436.120,361.265,0.005
-443746.370,-1172435.900,361.274,0.006
-443746.630,-1172435.690,361.284,0.006
-443747.190,-1172435.230,361.295,0.005
-443747.430,-1172435.030,361.282,0.008
-443747.700,-1172434.810,361.304,0.006
-443747.980,-1172434.590,361.284,0.006
-443749.300,-1172433.500,361.341,0.009
-443749.570,-1172433.289,361.363,0.007
-443750.120,-1172432.840,361.363,0.007
-443750.370,-1172432.630,361.352,0.008
-443750.650,-1172432.410,361.362,0.008
-443754.440,-1172429.310,361.496,0.004
-443754.730,-1172429.070,361.503,0.007
-443755.000,-1172428.850,361.512,0.008
-443755.530,-1172428.420,361.515,0.005
-443756.060,-1172427.990,361.544,0.006
-443756.320,-1172427.780,361.525,0.005
-443756.590,-1172427.550,361.542,0.008
-443756.870,-1172427.330,361.542,0.008
-443757.400,-1172426.890,361.555,0.005
-443758.220,-1172426.230,361.592,0.008
-443759.570,-1172425.120,361.625,0.005
-443840.060,-1172358.430,370.450,0.010
-443840.339,-1172358.200,370.411,0.009
-443745.310,-1172436.320,361.261,0.009
-443745.860,-1172435.870,361.272,0.008
-443746.110,-1172435.660,361.272,0.008
-443746.670,-1172435.200,361.302,0.008
-443747.480,-1172434.540,361.325,0.005
-443747.750,-1172434.320,361.316,0.004
-443748.020,-1172434.100,361.345,0.005
-443748.290,-1172433.880,361.321,0.009
-443749.610,-1172432.800,361.361,0.009
-443749.870,-1172432.590,361.362,0.008
-443750.400,-1172432.160,361.394,0.006
-443750.690,-1172431.930,361.383,0.007
-443752.320,-1172430.600,361.450,0.010
-443752.590,-1172430.370,361.444,0.006
-443752.870,-1172430.140,361.444,0.006
-443753.390,-1172429.710,361.472,0.008
-443753.650,-1172429.500,361.472,0.008
-443753.940,-1172429.270,361.485,0.005
-443754.210,-1172429.050,361.486,0.004
-443754.470,-1172428.840,361.483,0.007
-443757.170,-1172426.630,361.571,0.009
-443757.420,-1172426.430,361.583,0.007
-443757.710,-1172426.190,361.582,0.008
-443757.970,-1172425.980,361.582,0.008
-443759.850,-1172424.440,361.643,0.007
-443760.130,-1172424.210,361.632,0.008
-443760.700,-1172423.750,361.645,0.005
-443761.510,-1172423.090,361.676,0.004
-443761.780,-1172422.870,361.684,0.006
-443762.040,-1172422.650,361.685,0.005
-443762.600,-1172422.200,361.713,0.007
-443762.870,-1172421.980,361.705,0.005
-443750.600,-1172431.470,361.393,0.007
-443751.950,-1172430.370,361.452,0.008
-443752.750,-1172429.710,361.464,0.006
-443753.040,-1172429.480,361.466,0.004
-443753.310,-1172429.260,361.492,0.008
-443754.650,-1172428.170,361.525,0.005
-443755.200,-1172427.720,361.561,0.009
-443755.470,-1172427.500,361.544,0.006
-443755.750,-1172427.270,361.552,0.008
-443757.110,-1172426.160,361.596,0.004
-443757.380,-1172425.940,361.595,0.005
-443758.170,-1172425.290,361.632,0.008
-443758.420,-1172425.090,361.621,0.009
-443758.700,-1172424.860,361.650,0.010
-443758.980,-1172424.630,361.653,0.007
-443760.860,-1172423.090,361.684,0.006
-443832.340,-1172364.740,370.672,0.008
-443832.880,-1172364.300,370.675,0.005
-443834.000,-1172363.380,370.620,0.010
-443834.280,-1172363.150,370.641,0.009
-443835.429,-1172362.210,370.640,0.010
-443835.970,-1172361.770,370.641,0.009
-443837.139,-1172360.810,370.620,0.010
-443837.440,-1172360.570,370.641,0.009
-443759.460,-1172423.680,361.683,0.007
-443760.520,-1172422.810,361.713,0.007
-443761.060,-1172422.370,361.702,0.008
-443829.410,-1172366.560,370.712,0.008
-443829.700,-1172366.320,370.701,0.009
-443830.819,-1172365.400,370.670,0.010
-443831.110,-1172365.170,370.685,0.005
-443831.690,-1172364.700,370.640,0.010
-443831.970,-1172364.460,370.663,0.007
-443832.550,-1172363.990,370.664,0.006
-443832.830,-1172363.770,370.654,0.006
-443833.410,-1172363.290,370.633,0.007
-443834.510,-1172362.390,370.633,0.007
-443834.790,-1172362.160,370.623,0.007
-443835.090,-1172361.920,370.626,0.004
-443835.640,-1172361.470,370.625,0.005
-443835.930,-1172361.240,370.634,0.006
-443836.210,-1172361.010,370.633,0.007
-443836.490,-1172360.780,370.621,0.009
-443837.060,-1172360.310,370.632,0.008
-443837.330,-1172360.090,370.634,0.006
-443837.620,-1172359.850,370.644,0.006
-443840.280,-1172357.690,370.410,0.010
-443744.680,-1172436.310,361.234,0.006
-443745.500,-1172435.630,361.274,0.006
-443745.770,-1172435.420,361.282,0.008
-443746.030,-1172435.200,361.291,0.009
-443746.289,-1172434.990,361.294,0.006
-443747.650,-1172433.880,361.333,0.007
-443747.940,-1172433.640,361.343,0.007
-443748.480,-1172433.200,361.344,0.006
-443748.740,-1172432.990,361.352,0.008
-443749.800,-1172432.130,361.381,0.009
-443831.160,-1172364.660,370.661,0.009
-443831.720,-1172364.210,370.642,0.008
-443831.980,-1172363.990,370.661,0.009
-443833.440,-1172362.800,370.651,0.009
-443834.570,-1172361.870,370.646,0.004
-443834.860,-1172361.640,370.637,0.003
-443835.410,-1172361.180,370.624,0.006
-443835.960,-1172360.740,370.624,0.006
-443836.240,-1172360.510,370.652,0.008
-443836.530,-1172360.280,370.634,0.006
-443836.800,-1172360.050,370.642,0.008
-443837.080,-1172359.820,370.632,0.008
-443837.360,-1172359.600,370.643,0.007
-443839.740,-1172357.650,370.452,0.008
-443744.080,-1172436.240,361.237,0.003
-443745.960,-1172434.700,361.313,0.007
-443746.250,-1172434.460,361.304,0.006
-443747.580,-1172433.380,361.342,0.008
-443747.850,-1172433.160,361.352,0.008
-443748.130,-1172432.920,361.356,0.004
-443750.820,-1172430.730,361.411,0.009
-443752.140,-1172429.650,361.486,0.004
-443752.420,-1172429.420,361.484,0.006
-443753.240,-1172428.750,361.493,0.007
-443753.760,-1172428.330,361.503,0.007
-443754.040,-1172428.100,361.522,0.008
-443755.679,-1172426.769,361.571,0.009
-443756.220,-1172426.320,361.554,0.006
-443756.760,-1172425.880,361.614,0.006
-443757.030,-1172425.660,361.594,0.006
-443757.590,-1172425.200,361.621,0.009
-443758.130,-1172424.760,361.633,0.007
-443743.300,-1172436.410,361.234,0.006
-443744.360,-1172435.540,361.255,0.005
-443744.620,-1172435.330,361.286,0.004
-443744.880,-1172435.120,361.296,0.004
-443746.230,-1172434.010,361.321,0.009
-443746.480,-1172433.810,361.322,0.008
-443746.770,-1172433.570,361.352,0.008
-443747.050,-1172433.350,361.353,0.007
-443748.140,-1172432.450,361.364,0.006
-443748.660,-1172432.030,361.382,0.008
-443749.470,-1172431.370,361.414,0.006
-443749.750,-1172431.140,361.441,0.009
-443751.380,-1172429.810,361.481,0.009
-443752.180,-1172429.160,361.482,0.008
-443752.420,-1172428.960,361.493,0.007
-443752.720,-1172428.720,361.491,0.009
-443753.510,-1172428.070,361.502,0.008
-443754.580,-1172427.190,361.563,0.007
-443755.130,-1172426.750,361.584,0.006
-443755.410,-1172426.520,361.550,0.010
-443757.030,-1172425.200,361.621,0.009
-443758.950,-1172423.630,361.694,0.006
-443759.220,-1172423.410,361.674,0.006
-443759.770,-1172422.960,361.671,0.009
-443760.289,-1172422.540,361.690,0.010
-443829.150,-1172366.300,370.703,0.007
-443829.430,-1172366.070,370.692,0.008
-443829.690,-1172365.860,370.704,0.006
-443753.690,-1172427.480,361.544,0.006
-443754.490,-1172426.830,361.582,0.008
-443755.030,-1172426.390,361.583,0.007
-443755.300,-1172426.170,361.593,0.007
-443756.110,-1172425.510,361.602,0.008
-443758.270,-1172423.740,361.684,0.006
-443758.550,-1172423.510,361.674,0.006
-443758.840,-1172423.280,361.706,0.004
-443759.100,-1172423.070,361.673,0.007
-443759.950,-1172422.370,361.712,0.008
-443830.180,-1172365.010,370.662,0.008
-443830.470,-1172364.770,370.651,0.009
-443830.750,-1172364.540,370.610,0.010
-443831.020,-1172364.320,370.641,0.009
-443831.320,-1172364.080,370.653,0.007
-443831.610,-1172363.840,370.652,0.008
-443832.199,-1172363.360,370.653,0.007
-443833.330,-1172362.440,370.603,0.007
-443833.610,-1172362.210,370.623,0.007
-443833.889,-1172361.980,370.630,0.010
-443834.180,-1172361.750,370.600,0.010
-443835.330,-1172360.810,370.624,0.006
-443836.730,-1172359.660,370.624,0.006
-443838.100,-1172358.540,370.672,0.008
-443828.309,-1172366.050,370.723,0.007
-443828.600,-1172365.810,370.703,0.007
-443829.160,-1172365.360,370.702,0.008
-443829.430,-1172365.130,370.681,0.009
-443829.989,-1172364.680,370.693,0.007
-443831.980,-1172363.050,370.645,0.005
-443832.270,-1172362.820,370.621,0.009
-443832.850,-1172362.340,370.613,0.007
-443833.150,-1172362.100,370.594,0.006
-443833.730,-1172361.620,370.600,0.010
-443834.000,-1172361.400,370.591,0.009
-443834.840,-1172360.710,370.632,0.008
-443835.420,-1172360.240,370.620,0.010
-443836.570,-1172359.300,370.621,0.009
-443837.120,-1172358.850,370.643,0.007
-443840.000,-1172356.500,370.435,0.005
-443742.930,-1172436.270,361.264,0.006
-443743.750,-1172435.600,361.275,0.005
-443745.070,-1172434.520,361.294,0.006
-443746.400,-1172433.440,361.356,0.004
-443747.480,-1172432.550,361.384,0.006
-443747.740,-1172432.340,361.395,0.005
-443748.290,-1172431.890,361.415,0.005
-443748.570,-1172431.660,361.406,0.004
-443749.640,-1172430.790,361.446,0.004
-443750.180,-1172430.350,361.453,0.007
-443751.560,-1172429.220,361.481,0.009
-443751.830,-1172429.000,361.494,0.006
-443752.110,-1172428.770,361.474,0.006
-443840.019,-1172356.020,370.433,0.007
-443840.310,-1172355.790,370.383,0.007
-443742.200,-1172436.380,361.253,0.007
-443743.000,-1172435.720,361.273,0.007
-443743.830,-1172435.049,361.292,0.008
-443744.100,-1172434.830,361.291,0.009
-443744.360,-1172434.620,361.324,0.006
-443744.630,-1172434.400,361.314,0.006
-443744.920,-1172434.160,361.324,0.006
-443746.480,-1172432.890,361.375,0.005
-443747.030,-1172432.440,361.382,0.008
-443747.279,-1172432.230,361.391,0.009
-443748.100,-1172431.560,361.424,0.006
-443748.900,-1172430.910,361.446,0.004
-443749.180,-1172430.680,361.448,0.002
-443749.450,-1172430.460,361.447,0.003
-443750.280,-1172429.780,361.471,0.009
-443750.540,-1172429.570,361.472,0.008
-443751.080,-1172429.130,361.476,0.004
-443751.350,-1172428.910,361.476,0.004
-443751.630,-1172428.680,361.473,0.007
-443752.170,-1172428.240,361.523,0.007
-443752.440,-1172428.020,361.505,0.005
-443752.730,-1172427.780,361.523,0.007
-443753.520,-1172427.130,361.553,0.007
-443753.810,-1172426.900,361.573,0.007
-443754.080,-1172426.680,361.575,0.005
-443754.320,-1172426.480,361.575,0.005
-443754.590,-1172426.270,361.571,0.009
-443754.850,-1172426.050,361.603,0.007
-443755.930,-1172425.160,361.622,0.008
-443756.469,-1172424.730,361.632,0.008
-443756.750,-1172424.500,361.640,0.010
-443757.260,-1172424.080,361.651,0.009
-443758.940,-1172422.710,361.713,0.007
-443759.190,-1172422.510,361.710,0.010
-443747.309,-1172431.750,361.420,0.010
-443747.849,-1172431.320,361.420,0.010
-443748.380,-1172430.880,361.452,0.008
-443749.730,-1172429.780,361.493,0.007
-443750.550,-1172429.110,361.494,0.006
-443750.830,-1172428.880,361.491,0.009
-443751.900,-1172428.010,361.541,0.009
-443752.720,-1172427.340,361.561,0.009
-443754.340,-1172426.010,361.603,0.007
-443754.890,-1172425.560,361.611,0.009
-443755.680,-1172424.920,361.642,0.008
-443756.210,-1172424.490,361.684,0.006
-443757.580,-1172423.369,361.701,0.009
-443757.830,-1172423.160,361.701,0.009
-443758.649,-1172422.489,361.732,0.008
-443827.770,-1172366.030,370.712,0.008
-443828.070,-1172365.790,370.721,0.009
-443828.630,-1172365.330,370.711,0.009
-443829.200,-1172364.860,370.694,0.006
-443829.490,-1172364.620,370.683,0.007
-443829.760,-1172364.400,370.675,0.005
-443830.040,-1172364.170,370.660,0.010
-443830.319,-1172363.950,370.643,0.007
-443831.730,-1172362.800,370.643,0.007
-443832.300,-1172362.330,370.632,0.008
-443832.590,-1172362.090,370.634,0.006
-443833.159,-1172361.631,370.582,0.008
-443833.730,-1172361.160,370.584,0.006
-443834.030,-1172360.920,370.602,0.008
-443836.010,-1172359.300,370.621,0.009
-443836.880,-1172358.590,370.612,0.008
-443827.719,-1172365.800,370.723,0.007
-443828.290,-1172365.330,370.714,0.006
-443828.590,-1172365.090,370.670,0.010
-443828.860,-1172364.870,370.674,0.006
-443829.140,-1172364.640,370.693,0.007
-443829.440,-1172364.390,370.681,0.009
-443830.010,-1172363.930,370.642,0.008
-443830.300,-1172363.690,370.664,0.006
-443830.870,-1172363.220,370.620,0.010
-443831.150,-1172363.000,370.612,0.008
-443831.970,-1172362.330,370.622,0.008
-443832.550,-1172361.850,370.614,0.006
-443834.240,-1172360.470,370.604,0.006
-443835.390,-1172359.540,370.632,0.008
-443835.690,-1172359.290,370.623,0.007
-443835.990,-1172359.040,370.621,0.009
-443836.820,-1172358.360,370.614,0.006
-443837.090,-1172358.140,370.631,0.009
-443838.230,-1172357.210,370.682,0.008
-443840.030,-1172355.740,370.431,0.009
-443840.300,-1172355.520,370.393,0.007
-443741.120,-1172436.810,361.252,0.008
-443741.390,-1172436.590,361.242,0.008
-443742.500,-1172435.679,361.272,0.008
-443744.370,-1172434.159,361.341,0.009
-443744.650,-1172433.930,361.330,0.010
-443745.460,-1172433.270,361.353,0.007
-443833.720,-1172360.640,370.596,0.004
-443834.000,-1172360.410,370.605,0.005
-443834.280,-1172360.180,370.585,0.005
-443834.550,-1172359.960,370.613,0.007
-443834.840,-1172359.720,370.611,0.009
-443836.240,-1172358.570,370.592,0.008
-443837.120,-1172357.850,370.610,0.010
-443840.049,-1172355.470,370.411,0.009
-443741.070,-1172436.590,361.256,0.004
-443741.870,-1172435.930,361.275,0.005
-443742.670,-1172435.290,361.263,0.007
-443744.310,-1172433.950,361.344,0.006
-443745.370,-1172433.070,361.382,0.008
-443745.930,-1172432.620,361.383,0.007
-443750.210,-1172429.130,361.510,0.010
-443750.490,-1172428.900,361.493,0.007
-443752.930,-1172426.900,361.573,0.007
-443753.470,-1172426.460,361.580,0.010
-443755.120,-1172425.109,361.622,0.008
-443755.930,-1172424.450,361.654,0.006
-443756.190,-1172424.240,361.645,0.005
-443756.440,-1172424.030,361.664,0.006
-443756.700,-1172423.820,361.684,0.006
-443743.530,-1172434.330,361.311,0.009
-443743.800,-1172434.100,361.334,0.006
-443744.070,-1172433.880,361.312,0.008
-443745.440,-1172432.770,361.356,0.004
-443746.770,-1172431.680,361.413,0.007
-443747.040,-1172431.460,361.444,0.006
-443749.470,-1172429.480,361.482,0.008
-443750.250,-1172428.840,361.502,0.008
-443750.520,-1172428.610,361.504,0.006
-443751.589,-1172427.740,361.541,0.009
-443752.670,-1172426.860,361.562,0.008
-443754.310,-1172425.520,361.623,0.007
-443754.580,-1172425.300,361.614,0.006
-443755.130,-1172424.850,361.623,0.007
-443756.490,-1172423.740,361.654,0.006
-443756.750,-1172423.530,361.673,0.007
-443827.720,-1172365.530,370.712,0.008
-443828.020,-1172365.290,370.704,0.006
-443828.330,-1172365.040,370.695,0.005
-443828.609,-1172364.810,370.693,0.007
-443828.910,-1172364.570,370.666,0.004
-443829.180,-1172364.340,370.673,0.007
-443830.009,-1172363.660,370.662,0.008
-443830.330,-1172363.410,370.644,0.006
-443830.600,-1172363.180,370.632,0.008
-443830.890,-1172362.940,370.612,0.008
-443831.170,-1172362.710,370.622,0.008
-443757.920,-1172422.190,361.761,0.009
-443827.579,-1172365.270,370.712,0.008
-443827.870,-1172365.030,370.706,0.004
-443828.140,-1172364.810,370.714,0.006
-443828.420,-1172364.580,370.713,0.007
-443828.720,-1172364.330,370.684,0.006
-443829.290,-1172363.870,370.684,0.006
-443829.590,-1172363.620,370.691,0.009
-443830.730,-1172362.690,370.613,0.007
-443831.020,-1172362.460,370.593,0.007
-443832.460,-1172361.280,370.583,0.007
-443832.750,-1172361.040,370.595,0.005
-443833.040,-1172360.800,370.574,0.006
-443833.300,-1172360.590,370.585,0.005
-443833.600,-1172360.340,370.584,0.006
-443833.880,-1172360.120,370.592,0.008
-443834.420,-1172359.680,370.602,0.008
-443834.690,-1172359.460,370.631,0.009
-443835.530,-1172358.770,370.580,0.010
-443837.240,-1172357.380,370.625,0.005
-443837.520,-1172357.150,370.654,0.006
-443837.810,-1172356.910,370.662,0.008
-443838.100,-1172356.670,370.672,0.008
-443839.880,-1172355.210,370.414,0.006
-443840.179,-1172354.970,370.401,0.009
-443740.870,-1172436.500,361.265,0.005
-443741.390,-1172436.070,361.281,0.009
-443742.200,-1172435.420,361.286,0.004
-443742.990,-1172434.770,361.301,0.009
-443832.800,-1172360.590,370.592,0.008
-443833.090,-1172360.360,370.592,0.008
-443833.950,-1172359.650,370.591,0.009
-443834.250,-1172359.410,370.601,0.009
-443835.360,-1172358.500,370.580,0.010
-443835.900,-1172358.060,370.611,0.009
-443836.760,-1172357.360,370.622,0.008
-443837.300,-1172356.910,370.621,0.009
-443837.590,-1172356.670,370.640,0.010
-443740.680,-1172436.280,361.254,0.006
-443741.230,-1172435.830,361.266,0.004
-443742.010,-1172435.190,361.295,0.005
-443742.530,-1172434.760,361.302,0.008
-443742.790,-1172434.550,361.314,0.006
-443744.400,-1172433.230,361.362,0.008
-443745.210,-1172432.580,361.372,0.008
-443745.480,-1172432.360,361.383,0.007
-443746.030,-1172431.900,361.425,0.005
-443747.110,-1172431.020,361.447,0.003
-443747.370,-1172430.810,361.443,0.007
-443747.640,-1172430.590,361.455,0.005
-443747.910,-1172430.370,361.481,0.009
-443748.190,-1172430.140,361.463,0.007
-443749.820,-1172428.810,361.508,0.002
-443750.620,-1172428.160,361.546,0.005
-443750.880,-1172427.940,361.525,0.005
-443753.050,-1172426.170,361.571,0.009
-443754.400,-1172425.070,361.631,0.009
-443754.960,-1172424.610,361.641,0.009
-443756.300,-1172423.510,361.681,0.009
-443741.290,-1172435.380,361.293,0.007
-443741.570,-1172435.150,361.275,0.005
-443742.380,-1172434.490,361.313,0.007
-443742.640,-1172434.270,361.314,0.006
-443743.170,-1172433.840,361.346,0.004
-443743.430,-1172433.630,361.351,0.009
-443744.230,-1172432.980,361.352,0.008
-443745.840,-1172431.660,361.415,0.005
-443746.640,-1172431.010,361.454,0.006
-443746.920,-1172430.780,361.442,0.008
-443747.470,-1172430.330,361.464,0.006
-443747.750,-1172430.100,361.472,0.009
-443748.010,-1172429.890,361.482,0.008
-443748.270,-1172429.680,361.471,0.009
-443748.530,-1172429.460,361.481,0.009
-443749.620,-1172428.570,361.511,0.009
-443750.440,-1172427.900,361.545,0.005
-443750.980,-1172427.460,361.543,0.007
-443751.780,-1172426.810,361.571,0.009
-443752.300,-1172426.380,361.580,0.010
-443753.100,-1172425.730,361.615,0.005
-443753.650,-1172425.280,361.615,0.005
-443754.720,-1172424.400,361.663,0.007
-443757.170,-1172422.399,361.722,0.008
-443827.929,-1172364.570,370.720,0.010
-443828.250,-1172364.310,370.692,0.008
-443828.510,-1172364.100,370.684,0.006
-443829.090,-1172363.630,370.702,0.008
-443829.370,-1172363.390,370.672,0.008
-443829.640,-1172363.170,370.683,0.007
-443753.470,-1172425.110,361.611,0.009
-443754.810,-1172424.010,361.682,0.008
-443755.380,-1172423.550,361.676,0.004
-443755.630,-1172423.350,361.682,0.008
-443756.450,-1172422.670,361.725,0.005
-443827.800,-1172364.360,370.722,0.008
-443828.059,-1172364.140,370.704,0.006
-443828.340,-1172363.920,370.713,0.007
-443829.180,-1172363.230,370.683,0.007
-443829.480,-1172362.990,370.684,0.006
-443829.760,-1172362.761,370.691,0.009
-443830.350,-1172362.270,370.622,0.008
-443832.930,-1172360.170,370.580,0.010
-443834.930,-1172358.530,370.622,0.008
-443835.210,-1172358.310,370.592,0.008
-443836.340,-1172357.380,370.590,0.010
-443836.600,-1172357.170,370.645,0.005
-443837.440,-1172356.490,370.663,0.007
-443740.200,-1172436.270,361.253,0.007
-443741.010,-1172435.610,361.272,0.008
-443830.120,-1172362.120,370.634,0.006
-443830.400,-1172361.900,370.644,0.006
-443832.100,-1172360.500,370.603,0.007
-443832.400,-1172360.260,370.576,0.004
-443834.680,-1172358.400,370.593,0.007
-443835.240,-1172357.940,370.602,0.008
-443837.520,-1172356.080,370.652,0.008
-443740.020,-1172436.100,361.254,0.006
-443740.830,-1172435.440,361.291,0.009
-443743.270,-1172433.450,361.350,0.010
-443743.530,-1172433.230,361.363,0.007
-443744.080,-1172432.779,361.363,0.007
-443745.120,-1172431.930,361.412,0.008
-443745.910,-1172431.280,361.440,0.010
-443746.200,-1172431.050,361.441,0.009
-443746.450,-1172430.840,361.443,0.007
-443746.730,-1172430.620,361.445,0.005
-443747.260,-1172430.180,361.485,0.005
-443748.090,-1172429.510,361.497,0.003
-443749.680,-1172428.200,361.522,0.008
-443751.610,-1172426.630,361.573,0.007
-443753.220,-1172425.320,361.634,0.006
-443740.320,-1172435.520,361.283,0.007
-443740.580,-1172435.310,361.303,0.007
-443742.220,-1172433.970,361.355,0.005
-443742.480,-1172433.750,361.345,0.005
-443743.850,-1172432.630,361.394,0.006
-443744.910,-1172431.770,361.432,0.008
-443746.510,-1172430.460,361.462,0.008
-443747.040,-1172430.030,361.481,0.009
-443747.560,-1172429.600,361.503,0.007
-443747.850,-1172429.360,361.493,0.007
-443750.310,-1172427.360,361.555,0.005
-443750.830,-1172426.930,361.534,0.006
-443753.550,-1172424.700,361.634,0.006
-443754.090,-1172424.260,361.655,0.005
-443755.400,-1172423.200,361.713,0.007
-443755.670,-1172422.970,361.702,0.008
-443756.220,-1172422.520,361.722,0.008
-443827.860,-1172363.970,370.725,0.005
-443828.150,-1172363.730,370.684,0.006
-443828.980,-1172363.060,370.685,0.005
-443829.260,-1172362.820,370.684,0.006
-443752.420,-1172425.080,361.630,0.010
-443752.980,-1172424.620,361.631,0.009
-443754.070,-1172423.730,361.666,0.004
-443754.340,-1172423.510,361.691,0.009
-443754.600,-1172423.300,361.701,0.009
-443754.850,-1172423.090,361.710,0.010
-443827.830,-1172363.440,370.723,0.007
-443828.400,-1172362.980,370.715,0.005
-443828.700,-1172362.740,370.707,0.003
-443828.970,-1172362.510,370.698,0.002
-443829.270,-1172362.270,370.656,0.004
-443829.550,-1172362.040,370.671,0.009
-443829.820,-1172361.820,370.662,0.008
-443830.100,-1172361.590,370.638,0.002
-443830.380,-1172361.360,370.613,0.007
-443834.670,-1172357.860,370.592,0.008
-443834.940,-1172357.630,370.614,0.006
-443837.220,-1172355.770,370.631,0.009
-443839.830,-1172353.640,370.384,0.006
-443840.120,-1172353.400,370.394,0.006
-443829.150,-1172361.790,370.693,0.007
-443829.450,-1172361.540,370.653,0.007
-443829.710,-1172361.330,370.665,0.005
-443830.030,-1172361.070,370.616,0.004
-443830.290,-1172360.850,370.633,0.007
-443834.820,-1172357.150,370.601,0.009
-443837.370,-1172355.070,370.644,0.006
-443837.950,-1172354.600,370.674,0.006
-443840.010,-1172352.910,370.413,0.007
-443739.490,-1172435.640,361.276,0.004
-443741.640,-1172433.880,361.340,0.010
-443742.210,-1172433.420,361.370,0.010
-443742.480,-1172433.200,361.350,0.010
-443742.740,-1172432.990,361.352,0.008
-443744.080,-1172431.890,361.405,0.005
-443744.620,-1172431.450,361.422,0.008
-443745.450,-1172430.780,361.432,0.008
-443747.030,-1172429.480,361.503,0.007
-443747.300,-1172429.260,361.512,0.008
-443747.560,-1172429.050,361.513,0.007
-443747.830,-1172428.830,361.504,0.006
-443749.709,-1172427.290,361.561,0.009
-443750.000,-1172427.050,361.553,0.007
-443750.280,-1172426.830,361.553,0.007
-443751.090,-1172426.160,361.603,0.007
-443751.350,-1172425.950,361.603,0.007
-443751.600,-1172425.750,361.613,0.007
-443751.880,-1172425.510,361.631,0.009
-443738.060,-1172436.240,361.254,0.006
-443738.330,-1172436.030,361.280,0.010
-443739.390,-1172435.150,361.281,0.009
-443740.449,-1172434.289,361.331,0.010
-443741.240,-1172433.650,361.350,0.010
-443744.479,-1172431.000,361.455,0.005
-443745.030,-1172430.550,361.461,0.009
-443747.210,-1172428.770,361.511,0.009
-443747.470,-1172428.550,361.532,0.008
-443748.250,-1172427.910,361.532,0.008
-443749.050,-1172427.260,361.551,0.009
-443750.400,-1172426.160,361.582,0.008
-443750.950,-1172425.710,361.591,0.009
-443751.500,-1172425.260,361.632,0.008
-443751.780,-1172425.030,361.635,0.005
-443752.050,-1172424.810,361.635,0.005
-443752.310,-1172424.600,361.632,0.008
-443753.930,-1172423.270,361.700,0.010
-443754.490,-1172422.810,361.715,0.005
-443827.689,-1172362.980,370.711,0.009
-443827.980,-1172362.740,370.725,0.005
-443828.280,-1172362.500,370.717,0.003
-443828.560,-1172362.270,370.704,0.006
-443828.860,-1172362.030,370.683,0.007
-443747.090,-1172428.310,361.551,0.009
-443747.360,-1172428.080,361.523,0.007
-443747.620,-1172427.870,361.542,0.008
-443748.160,-1172427.430,361.553,0.007
-443751.630,-1172424.590,361.673,0.007
-443752.180,-1172424.149,361.653,0.007
-443752.450,-1172423.920,361.662,0.008
-443753.560,-1172423.020,361.682,0.008
-443828.760,-1172361.550,370.694,0.006
-443829.020,-1172361.340,370.686,0.004
-443829.330,-1172361.080,370.652,0.008
-443829.620,-1172360.840,370.654,0.006
-443829.890,-1172360.620,370.634,0.006
-443830.190,-1172360.380,370.623,0.007
-443832.510,-1172358.480,373.213,0.007
-443834.140,-1172357.150,370.585,0.005
-443834.440,-1172356.910,370.595,0.005
-443834.720,-1172356.680,370.600,0.010
-443836.440,-1172355.270,370.602,0.008
-443837.280,-1172354.580,370.642,0.008
-443837.560,-1172354.360,370.653,0.007
-443837.840,-1172354.130,370.685,0.005
-443839.639,-1172352.650,370.432,0.008
-443839.930,-1172352.420,370.426,0.004
-443827.910,-1172361.730,370.693,0.007
-443828.210,-1172361.480,370.682,0.008
-443828.780,-1172361.020,370.672,0.008
-443829.090,-1172360.770,370.664,0.006
-443831.170,-1172359.060,373.182,0.008
-443831.460,-1172358.830,373.173,0.007
-443831.750,-1172358.590,373.184,0.006
-443834.190,-1172356.600,370.593,0.007
-443834.770,-1172356.130,370.592,0.008
-443835.030,-1172355.910,370.590,0.010
-443835.890,-1172355.210,370.604,0.006
-443836.180,-1172354.970,370.615,0.005
-443836.460,-1172354.740,370.610,0.010
-443839.679,-1172352.110,370.421,0.009
-443839.950,-1172351.890,370.435,0.005
-443737.380,-1172436.240,361.251,0.009
-443738.470,-1172435.350,361.281,0.009
-443740.110,-1172434.010,361.324,0.006
-443740.890,-1172433.370,361.335,0.005
-443741.420,-1172432.940,361.362,0.008
-443742.220,-1172432.290,361.384,0.006
-443742.470,-1172432.080,361.403,0.007
-443743.290,-1172431.410,361.422,0.008
-443744.380,-1172430.520,361.476,0.004
-443744.660,-1172430.290,361.466,0.004
-443745.720,-1172429.420,361.483,0.007
-443746.260,-1172428.980,361.512,0.008
-443839.529,-1172351.590,370.461,0.009
-443839.820,-1172351.360,370.433,0.007
-443736.870,-1172436.160,361.241,0.009
-443738.750,-1172434.620,361.302,0.008
-443739.020,-1172434.400,361.302,0.008
-443740.360,-1172433.300,361.351,0.009
-443740.650,-1172433.070,361.364,0.006
-443740.910,-1172432.850,361.382,0.008
-443741.180,-1172432.640,361.380,0.010
-443742.760,-1172431.340,361.444,0.006
-443743.020,-1172431.130,361.450,0.010
-443743.830,-1172430.470,361.480,0.010
-443744.629,-1172429.809,361.502,0.008
-443744.900,-1172429.590,361.512,0.008
-443745.740,-1172428.910,361.532,0.008
-443746.010,-1172428.680,361.524,0.006
-443746.540,-1172428.250,361.534,0.006
-443747.350,-1172427.589,361.572,0.008
-443748.160,-1172426.930,361.573,0.007
-443748.449,-1172426.689,361.582,0.008
-443749.250,-1172426.040,361.606,0.004
-443751.110,-1172424.520,361.652,0.008
-443751.370,-1172424.300,361.653,0.007
-443752.470,-1172423.410,361.686,0.004
-443746.120,-1172427.960,361.541,0.009
-443746.960,-1172427.270,361.581,0.009
-443747.740,-1172426.630,361.581,0.009
-443748.010,-1172426.410,361.583,0.007
-443748.290,-1172426.180,361.601,0.009
-443749.660,-1172425.070,361.633,0.007
-443750.190,-1172424.630,361.665,0.005
-443750.470,-1172424.400,361.654,0.006
-443750.740,-1172424.180,361.664,0.006
-443750.990,-1172423.980,361.672,0.008
-443751.250,-1172423.770,361.653,0.007
-443827.770,-1172361.210,370.705,0.005
-443828.070,-1172360.960,370.712,0.008
-443828.899,-1172360.280,370.671,0.009
-443832.740,-1172357.140,373.210,0.010
-443835.760,-1172354.680,370.633,0.007
-443836.020,-1172354.460,370.624,0.006
-443836.320,-1172354.220,370.632,0.008
-443836.610,-1172353.980,370.626,0.004
-443836.890,-1172353.760,370.651,0.009
-443838.010,-1172352.840,370.691,0.009
-443829.879,-1172358.890,373.151,0.009
-443830.180,-1172358.640,373.144,0.006
-443830.460,-1172358.410,373.182,0.008
-443831.860,-1172357.270,373.184,0.006
-443832.150,-1172357.030,373.193,0.007
-443834.650,-1172354.990,370.601,0.009
-443834.920,-1172354.770,370.622,0.008
-443835.500,-1172354.300,370.615,0.005
-443836.040,-1172353.850,370.610,0.010
-443837.160,-1172352.940,370.635,0.005
-443837.710,-1172352.490,370.680,0.010
-443839.510,-1172351.020,370.443,0.007
-443839.809,-1172350.770,370.423,0.007
-443735.640,-1172436.530,361.251,0.009
-443735.920,-1172436.300,361.253,0.007
-443736.170,-1172436.090,361.253,0.007
-443738.340,-1172434.320,361.323,0.007
-443738.640,-1172434.070,361.322,0.008
-443739.390,-1172433.460,361.365,0.005
-443740.770,-1172432.330,361.401,0.009
-443742.110,-1172431.230,361.431,0.009
-443742.650,-1172430.800,361.460,0.010
-443745.050,-1172428.840,361.511,0.009
-443745.300,-1172428.630,361.514,0.006
-443735.870,-1172435.750,361.291,0.009
-443736.420,-1172435.300,361.291,0.009
-443737.480,-1172434.430,361.321,0.009
-443739.100,-1172433.110,361.363,0.007
-443739.660,-1172432.650,361.384,0.006
-443740.180,-1172432.230,361.402,0.008
-443740.720,-1172431.789,361.411,0.009
-443740.990,-1172431.570,361.432,0.008
-443749.060,-1172424.970,361.631,0.009
-443749.600,-1172424.530,361.671,0.009
-443750.170,-1172424.060,361.663,0.007
-443750.440,-1172423.840,361.683,0.007
-443752.039,-1172422.529,361.730,0.010
-443827.790,-1172360.590,370.724,0.006
-443828.060,-1172360.370,370.706,0.004
-443828.340,-1172360.150,370.697,0.003
-443827.600,-1172360.150,370.743,0.007
-443827.880,-1172359.920,370.723,0.007
-443828.170,-1172359.680,370.702,0.008
-443828.430,-1172359.470,370.706,0.004
-443828.710,-1172359.240,370.661,0.009
-443829.380,-1172358.690,373.175,0.005
-443829.660,-1172358.460,373.206,0.004
-443829.940,-1172358.230,373.195,0.005
-443830.230,-1172358.000,373.175,0.005
-443830.510,-1172357.770,373.201,0.009
-443831.960,-1172356.580,373.183,0.007
-443832.230,-1172356.360,373.205,0.005
-443833.870,-1172355.030,370.586,0.004
-443834.720,-1172354.330,370.624,0.006
-443835.590,-1172353.620,370.625,0.005
-443835.880,-1172353.380,370.623,0.007
-443836.140,-1172353.170,370.622,0.008
-443836.970,-1172352.490,370.664,0.006
-443837.250,-1172352.260,370.686,0.004
-443837.530,-1172352.030,370.693,0.007
-443839.610,-1172350.330,370.435,0.005
-443836.550,-1172352.290,370.641,0.009
-443836.840,-1172352.060,370.604,0.006
-443837.130,-1172351.820,370.626,0.004
-443837.410,-1172351.590,370.656,0.004
-443837.950,-1172351.140,370.693,0.007
-443839.720,-1172349.700,370.423,0.007
-443840.010,-1172349.460,370.412,0.008
-443735.140,-1172435.750,361.291,0.009
-443735.420,-1172435.520,361.280,0.010
-443736.470,-1172434.650,361.303,0.007
-443736.730,-1172434.440,361.323,0.007
-443739.960,-1172431.800,361.415,0.005
-443743.470,-1172428.930,361.521,0.009
-443744.280,-1172428.270,361.530,0.010
-443745.610,-1172427.180,361.574,0.006
-443746.120,-1172426.760,361.592,0.008
-443746.400,-1172426.540,361.611,0.009
-443746.950,-1172426.090,361.603,0.007
-443747.750,-1172425.430,361.645,0.005
-443748.300,-1172424.990,361.660,0.010
-443748.590,-1172424.750,361.621,0.009
-443749.670,-1172423.870,361.681,0.009
-443749.920,-1172423.660,361.682,0.008
-443750.190,-1172423.440,361.704,0.006
-443750.480,-1172423.210,361.700,0.010
-443745.180,-1172427.000,361.590,0.010
-443746.240,-1172426.130,361.615,0.005
-443746.500,-1172425.920,361.634,0.006
-443747.310,-1172425.260,361.624,0.006
-443747.590,-1172425.030,361.646,0.004
-443747.850,-1172424.820,361.655,0.005
-443748.120,-1172424.600,361.674,0.006
-443749.200,-1172423.720,361.682,0.008
-443749.490,-1172423.480,361.682,0.008
-443749.759,-1172423.259,361.690,0.010
-443750.030,-1172423.030,361.711,0.009
-443827.729,-1172359.500,370.704,0.006
-443829.790,-1172357.810,373.160,0.010
-443830.360,-1172357.350,373.175,0.005
-443830.620,-1172357.130,373.207,0.003
-443830.910,-1172356.890,373.185,0.005
-443831.200,-1172356.660,373.215,0.005
-443831.490,-1172356.420,373.204,0.006
-443833.140,-1172355.080,370.586,0.004
-443834.000,-1172354.370,370.604,0.006
-443834.290,-1172354.140,370.613,0.007
-443834.550,-1172353.930,370.643,0.007
-443834.810,-1172353.710,370.632,0.008
-443835.120,-1172353.460,370.630,0.010
-443835.690,-1172352.990,370.614,0.006
-443835.980,-1172352.760,370.615,0.005
-443836.270,-1172352.520,370.634,0.006
-443829.250,-1172357.600,373.144,0.006
-443829.530,-1172357.380,373.184,0.006
-443832.820,-1172354.690,370.594,0.006
-443833.110,-1172354.450,370.593,0.007
-443834.230,-1172353.530,370.633,0.007
-443835.940,-1172352.130,370.623,0.007
-443836.530,-1172351.650,370.642,0.008
-443836.800,-1172351.430,370.621,0.009
-443839.709,-1172349.050,370.462,0.008
-443839.989,-1172348.820,370.404,0.006
-443734.970,-1172435.350,361.264,0.006
-443736.590,-1172434.020,361.345,0.005
-443739.510,-1172431.640,361.412,0.008
-443741.680,-1172429.860,361.500,0.010
-443743.830,-1172428.100,361.551,0.009
-443738.950,-1172431.450,361.432,0.008
-443741.100,-1172429.690,361.482,0.008
-443742.719,-1172428.369,361.543,0.007
-443743.000,-1172428.140,361.525,0.005
-443743.530,-1172427.700,361.561,0.009
-443743.780,-1172427.500,361.552,0.008
-443744.059,-1172427.269,361.560,0.010
-443745.690,-1172425.940,361.620,0.010
-443746.230,-1172425.500,361.623,0.007
-443747.020,-1172424.850,361.653,0.007
-443747.290,-1172424.630,361.665,0.005
-443747.560,-1172424.410,361.646,0.004
-443748.360,-1172423.760,361.661,0.009
-443827.399,-1172359.120,370.735,0.005
-443827.700,-1172358.870,370.713,0.007
-443827.980,-1172358.640,370.680,0.010
-443827.710,-1172358.240,370.682,0.008
-443827.980,-1172358.010,370.676,0.004
-443828.550,-1172357.550,370.660,0.010
-443829.800,-1172356.530,373.183,0.007
-443831.970,-1172354.750,370.596,0.004
-443832.250,-1172354.530,370.594,0.006
-443832.810,-1172354.060,370.624,0.006
-443833.100,-1172353.830,370.597,0.003
-443833.649,-1172353.380,370.623,0.007
-443833.950,-1172353.140,370.622,0.008
-443834.510,-1172352.670,370.625,0.005
-443834.790,-1172352.450,370.633,0.007
-443835.080,-1172352.210,370.621,0.009
-443835.660,-1172351.730,370.625,0.005
-443835.970,-1172351.480,370.633,0.007
-443836.530,-1172351.020,370.641,0.009
-443837.360,-1172350.340,370.664,0.006
-443839.460,-1172348.630,370.424,0.006
-443839.730,-1172348.410,370.442,0.008
-443840.029,-1172348.160,370.406,0.004
-443736.000,-1172433.860,361.353,0.007
-443735.730,-1172433.470,361.371,0.009
-443735.990,-1172433.250,361.370,0.010
-443736.510,-1172432.820,361.382,0.008
-443741.330,-1172428.880,361.512,0.008
-443742.160,-1172428.200,361.521,0.009
-443742.950,-1172427.560,361.560,0.010
-443743.500,-1172427.110,361.592,0.008
-443745.400,-1172425.550,361.630,0.010
-443745.660,-1172425.340,361.642,0.008
-443745.940,-1172425.110,361.643,0.007
-443746.750,-1172424.450,361.672,0.008
-443747.050,-1172424.210,361.684,0.006
-443747.300,-1172424.000,361.663,0.007
-443748.100,-1172423.350,361.703,0.007
-443748.360,-1172423.130,361.694,0.006
-443827.449,-1172357.900,370.712,0.008
-443827.749,-1172357.650,370.684,0.006
-443828.050,-1172357.410,370.691,0.009
-443828.350,-1172357.170,370.664,0.006
-443828.639,-1172356.930,370.652,0.008
-443832.650,-1172353.650,370.613,0.007
-443832.910,-1172353.440,370.614,0.006
-443833.190,-1172353.200,370.621,0.009
-443833.730,-1172352.770,370.614,0.006
-443834.030,-1172352.520,370.641,0.009
-443834.320,-1172352.290,370.622,0.008
-443834.580,-1172352.070,370.642,0.008
-443835.450,-1172351.360,370.642,0.008
-443836.580,-1172350.440,370.662,0.008
-443837.150,-1172349.970,370.682,0.008
-443839.520,-1172348.030,370.431,0.009
-443839.810,-1172347.800,370.451,0.009
-443734.269,-1172434.120,361.833,0.007
-443735.969,-1172432.720,361.411,0.009
-443740.320,-1172429.170,361.504,0.006
-443740.600,-1172428.940,361.512,0.008
-443741.380,-1172428.300,361.521,0.009
-443741.900,-1172427.870,361.542,0.008
-443742.170,-1172427.650,361.531,0.009
-443743.250,-1172426.770,361.591,0.009
-443743.529,-1172426.540,361.603,0.007
-443744.040,-1172426.120,361.610,0.010
-443744.330,-1172425.890,361.621,0.009
-443744.880,-1172425.440,361.633,0.007
-443745.160,-1172425.210,361.633,0.007
-443745.700,-1172424.770,361.662,0.008
-443746.210,-1172424.350,361.673,0.007
-443746.500,-1172424.110,361.681,0.009
-443747.310,-1172423.450,361.707,0.003
-443747.600,-1172423.210,361.704,0.006
-443747.570,-1172422.780,361.726,0.004
-443747.850,-1172422.560,361.734,0.006
-443827.730,-1172357.210,370.692,0.008
-443828.040,-1172356.960,370.652,0.008
-443828.300,-1172356.750,370.675,0.005
-443828.570,-1172356.530,370.645,0.005
-443832.030,-1172353.700,370.623,0.007
-443832.600,-1172353.230,370.624,0.006
-443832.890,-1172352.990,370.614,0.006
-443834.030,-1172352.060,370.634,0.006
-443834.299,-1172351.840,370.623,0.007
-443834.840,-1172351.400,370.632,0.008
-443835.140,-1172351.160,370.633,0.007
-443835.410,-1172350.930,370.632,0.008
-443835.680,-1172350.710,370.651,0.009
-443837.100,-1172349.550,370.683,0.007
-443837.380,-1172349.320,370.692,0.008
-443833.880,-1172351.610,370.642,0.008
-443834.460,-1172351.140,370.654,0.006
-443834.750,-1172350.900,370.641,0.009
-443835.570,-1172350.220,370.654,0.006
-443835.840,-1172350.010,370.652,0.008
-443836.680,-1172349.320,370.701,0.009
-443735.990,-1172432.260,361.400,0.010
-443737.340,-1172431.150,361.451,0.009
-443738.430,-1172430.260,361.492,0.008
-443738.680,-1172430.050,361.502,0.008
-443738.940,-1172429.840,361.496,0.004
-443739.220,-1172429.610,361.506,0.004
-443740.840,-1172428.280,361.563,0.007
-443743.510,-1172426.110,361.610,0.010
-443743.780,-1172425.879,361.612,0.008
-443744.040,-1172425.670,361.633,0.007
-443746.770,-1172423.440,361.702,0.008
-443743.100,-1172425.870,361.622,0.008
-443745.770,-1172423.680,361.700,0.010
-443746.320,-1172423.240,361.733,0.007
-443746.600,-1172423.010,361.707,0.003
-443827.590,-1172356.760,370.704,0.006
-443828.430,-1172356.070,370.663,0.007
-443828.730,-1172355.820,370.673,0.007
-443829.030,-1172355.580,370.654,0.006
-443829.310,-1172355.340,370.632,0.008
-443831.600,-1172353.480,370.621,0.009
-443831.870,-1172353.260,370.623,0.007
-443832.180,-1172353.000,370.632,0.008
-443832.730,-1172352.550,370.630,0.010
-443833.330,-1172352.060,370.620,0.010
-443827.800,-1172356.050,370.654,0.006
-443828.080,-1172355.820,370.653,0.007
-443828.660,-1172355.350,370.623,0.007
-443828.930,-1172355.130,370.617,0.003
-443829.200,-1172354.900,370.605,0.005
-443829.500,-1172354.660,370.616,0.004
-443829.770,-1172354.440,370.603,0.007
-443831.490,-1172353.040,370.602,0.008
-443832.370,-1172352.320,370.595,0.005
-443832.650,-1172352.080,370.586,0.004
-443832.910,-1172351.870,370.611,0.009
-443834.040,-1172350.940,370.612,0.008
-443834.340,-1172350.700,370.612,0.008
-443836.600,-1172348.850,370.653,0.007
-443839.509,-1172346.480,370.444,0.006
-443839.790,-1172346.250,370.424,0.006
-443735.300,-1172432.250,361.400,0.010
-443735.570,-1172432.030,361.420,0.010
-443736.630,-1172431.170,361.440,0.010
-443738.530,-1172429.610,361.484,0.006
-443739.850,-1172428.530,361.535,0.005
-443735.210,-1172431.800,361.422,0.008
-443735.480,-1172431.580,361.424,0.006
-443738.130,-1172429.410,361.503,0.007
-443738.930,-1172428.760,361.531,0.009
-443739.199,-1172428.530,361.542,0.008
-443739.480,-1172428.310,361.525,0.005
-443739.760,-1172428.080,361.525,0.005
-443742.740,-1172425.640,361.611,0.009
-443744.329,-1172424.339,361.670,0.010
-443745.400,-1172423.460,361.703,0.007
-443745.660,-1172423.250,361.701,0.009
-443827.760,-1172355.620,370.671,0.009
-443828.030,-1172355.400,370.654,0.006
-443828.590,-1172354.940,370.652,0.008
-443829.140,-1172354.490,370.624,0.006
-443829.420,-1172354.270,370.644,0.006
-443829.710,-1172354.030,370.631,0.009
-443829.990,-1172353.800,370.651,0.009
-443830.550,-1172353.340,370.631,0.009
-443832.270,-1172351.930,370.602,0.008
-443832.540,-1172351.710,370.625,0.005
-443832.850,-1172351.460,370.613,0.007
-443833.700,-1172350.760,370.613,0.007
-443836.550,-1172348.430,370.676,0.004
-443839.449,-1172346.059,370.453,0.007
-443839.720,-1172345.840,370.453,0.007
-443833.460,-1172350.520,370.633,0.007
-443834.340,-1172349.800,370.631,0.009
-443834.890,-1172349.340,370.643,0.007
-443835.160,-1172349.120,370.662,0.008
-443835.450,-1172348.890,370.661,0.009
-443836.020,-1172348.420,370.674,0.006
-443836.320,-1172348.180,370.653,0.007
-443839.790,-1172345.340,370.441,0.009
-443736.480,-1172430.310,361.462,0.008
-443736.990,-1172429.890,361.504,0.006
-443737.520,-1172429.460,361.506,0.004
-443737.800,-1172429.230,361.492,0.008
-443739.130,-1172428.140,361.545,0.005
-443739.920,-1172427.490,361.570,0.010
-443740.210,-1172427.260,361.581,0.009
-443740.480,-1172427.040,361.572,0.008
-443742.900,-1172425.060,361.654,0.006
-443744.530,-1172423.720,361.682,0.008
-443744.810,-1172423.490,361.701,0.009
-443736.000,-1172430.260,361.491,0.009
-443736.260,-1172430.040,361.472,0.008
-443737.340,-1172429.170,361.504,0.006
-443738.120,-1172428.530,361.531,0.009
-443738.650,-1172428.090,361.545,0.005
-443738.920,-1172427.870,361.566,0.004
-443739.180,-1172427.660,361.566,0.004
-443739.450,-1172427.440,361.565,0.005
-443740.260,-1172426.770,361.582,0.008
-443740.530,-1172426.560,361.601,0.009
-443740.790,-1172426.340,361.601,0.009
-443741.620,-1172425.670,361.620,0.010
-443742.440,-1172424.990,361.663,0.007
-443742.950,-1172424.570,361.686,0.004
-443743.780,-1172423.900,361.684,0.006
-443744.600,-1172423.230,361.713,0.007
-443827.510,-1172355.380,370.665,0.005
-443827.800,-1172355.140,370.655,0.005
-443828.370,-1172354.680,370.631,0.009
-443828.940,-1172354.210,370.642,0.008
-443829.230,-1172353.980,370.624,0.006
-443829.510,-1172353.750,370.632,0.008
-443829.780,-1172353.520,370.644,0.006
-443830.060,-1172353.300,370.632,0.008
-443831.160,-1172352.400,370.642,0.008
-443831.460,-1172352.150,370.614,0.006
-443831.750,-1172351.920,370.613,0.007
-443832.030,-1172351.680,370.613,0.007
-443832.320,-1172351.450,370.615,0.005
-443832.870,-1172350.990,370.632,0.008
-443833.160,-1172350.760,370.623,0.007
-443827.540,-1172354.840,370.694,0.006
-443828.130,-1172354.350,370.644,0.006
-443828.410,-1172354.120,370.656,0.004
-443828.700,-1172353.880,370.663,0.007
-443829.860,-1172352.940,370.636,0.004
-443830.130,-1172352.720,370.636,0.004
-443830.969,-1172352.030,370.642,0.008
-443831.530,-1172351.570,370.616,0.004
-443831.830,-1172351.330,370.624,0.006
-443832.090,-1172351.110,370.642,0.008
-443832.360,-1172350.890,370.633,0.007
-443832.660,-1172350.650,370.633,0.007
-443832.940,-1172350.420,370.636,0.004
-443833.220,-1172350.180,370.647,0.003
-443834.070,-1172349.490,370.664,0.006
-443834.360,-1172349.260,370.655,0.005
-443834.640,-1172349.020,370.673,0.007
-443834.940,-1172348.780,370.684,0.006
-443835.520,-1172348.310,370.681,0.009
-443837.230,-1172346.910,370.671,0.009
-443839.870,-1172344.750,370.444,0.006
-443735.170,-1172430.940,361.463,0.007
-443834.260,-1172348.860,370.654,0.006
-443834.560,-1172348.610,370.654,0.006
-443835.700,-1172347.670,370.651,0.009
-443835.990,-1172347.440,370.655,0.005
-443836.580,-1172346.950,370.642,0.008
-443836.860,-1172346.720,370.646,0.004
-443837.400,-1172346.290,370.666,0.004
-443840.070,-1172344.100,370.422,0.008
-443734.940,-1172430.620,361.460,0.010
-443735.450,-1172430.200,361.462,0.008
-443735.710,-1172429.990,361.471,0.009
-443736.530,-1172429.320,361.506,0.004
-443738.160,-1172427.990,361.542,0.008
-443738.430,-1172427.760,361.542,0.008
-443738.960,-1172427.330,361.563,0.007
-443739.210,-1172427.120,361.584,0.006
-443739.740,-1172426.690,361.593,0.007
-443740.000,-1172426.469,361.612,0.008
-443740.270,-1172426.260,361.613,0.007
-443741.080,-1172425.590,361.641,0.009
-443742.710,-1172424.260,361.685,0.005
-443743.530,-1172423.590,361.702,0.008
-443743.790,-1172423.380,361.692,0.008
-443744.060,-1172423.150,361.716,0.004
-443738.590,-1172427.149,361.580,0.010
-443739.110,-1172426.720,361.603,0.007
-443739.660,-1172426.280,361.614,0.006
-443740.170,-1172425.850,361.626,0.004
-443740.440,-1172425.640,361.616,0.004
-443741.230,-1172424.990,361.641,0.009
-443742.050,-1172424.320,361.671,0.009
-443742.840,-1172423.670,361.725,0.005
-443743.130,-1172423.440,361.713,0.007
-443827.760,-1172354.170,370.655,0.005
-443828.030,-1172353.950,370.663,0.007
-443829.440,-1172352.790,370.641,0.009
-443829.740,-1172352.550,370.641,0.009
-443830.040,-1172352.310,370.613,0.007
-443830.330,-1172352.070,370.633,0.007
-443830.610,-1172351.840,370.622,0.008
-443830.900,-1172351.610,370.621,0.009
-443831.740,-1172350.910,370.623,0.007
-443832.020,-1172350.690,370.601,0.009
-443832.860,-1172350.000,370.612,0.008
-443833.130,-1172349.780,370.635,0.005
-443833.400,-1172349.550,370.655,0.005
-443833.700,-1172349.310,370.654,0.006
-443833.969,-1172349.090,370.664,0.006
-443827.750,-1172353.820,370.673,0.007
-443828.050,-1172353.580,370.630,0.010
-443829.200,-1172352.630,370.624,0.006
-443830.050,-1172351.940,370.610,0.010
-443830.350,-1172351.700,370.594,0.006
-443831.780,-1172350.520,370.614,0.006
-443832.070,-1172350.290,370.623,0.007
-443832.630,-1172349.830,370.632,0.008
-443832.910,-1172349.600,370.650,0.010
-443833.170,-1172349.390,370.651,0.009
-443833.440,-1172349.160,370.657,0.003
-443833.720,-1172348.940,370.675,0.005
-443834.020,-1172348.690,370.663,0.007
-443834.300,-1172348.470,370.665,0.005
-443835.420,-1172347.540,370.632,0.008
-443835.720,-1172347.300,370.634,0.006
-443836.010,-1172347.070,370.642,0.008
-443734.519,-1172430.480,361.513,0.007
-443734.800,-1172430.250,361.490,0.010
-443735.630,-1172429.570,361.513,0.007
-443736.170,-1172429.130,361.511,0.009
-443737.230,-1172428.260,361.551,0.009
-443737.770,-1172427.820,361.566,0.004
-443836.370,-1172346.371,370.650,0.010
-443734.780,-1172429.920,361.480,0.010
-443735.060,-1172429.690,361.481,0.009
-443735.580,-1172429.270,361.503,0.007
-443737.480,-1172427.710,361.545,0.005
-443738.030,-1172427.260,361.580,0.010
-443738.290,-1172427.050,361.581,0.009
-443738.540,-1172426.840,361.612,0.008
-443739.110,-1172426.370,361.622,0.008
-443740.460,-1172425.270,361.655,0.005
-443740.990,-1172424.840,361.672,0.008
-443741.240,-1172424.630,361.643,0.007
-443741.500,-1172424.420,361.663,0.007
-443741.779,-1172424.190,361.672,0.008
-443743.380,-1172422.880,361.745,0.005
-443740.520,-1172424.810,361.643,0.007
-443740.800,-1172424.580,361.661,0.009
-443741.590,-1172423.930,361.695,0.005
-443741.880,-1172423.700,361.694,0.006
-443827.239,-1172353.840,370.683,0.008
-443827.540,-1172353.600,370.677,0.003
-443827.809,-1172353.370,370.662,0.008
-443828.090,-1172353.140,370.675,0.005
-443828.400,-1172352.890,370.674,0.006
-443828.679,-1172352.660,370.633,0.007
-443829.240,-1172352.200,370.612,0.008
-443830.120,-1172351.480,370.631,0.009
-443830.420,-1172351.230,370.616,0.004
-443830.700,-1172351.000,370.614,0.006
-443830.970,-1172350.780,370.605,0.005
-443832.100,-1172349.860,370.642,0.008
-443832.400,-1172349.620,370.613,0.007
-443834.130,-1172348.200,370.634,0.006
-443835.230,-1172347.300,370.632,0.008
-443835.520,-1172347.060,370.642,0.008
-443827.510,-1172353.070,370.713,0.007
-443827.800,-1172352.830,370.683,0.007
-443828.070,-1172352.610,370.671,0.009
-443828.360,-1172352.370,370.654,0.006
-443828.650,-1172352.130,370.666,0.004
-443828.930,-1172351.910,370.655,0.005
-443829.210,-1172351.680,370.632,0.008
-443829.520,-1172351.420,370.626,0.004
-443829.810,-1172351.190,370.615,0.005
-443830.060,-1172350.980,370.631,0.009
-443830.370,-1172350.730,370.581,0.009
-443830.660,-1172350.490,370.613,0.007
-443831.240,-1172350.020,370.636,0.004
-443831.540,-1172349.770,370.633,0.007
-443832.650,-1172348.860,370.652,0.008
-443833.220,-1172348.400,370.650,0.010
-443833.810,-1172347.910,370.663,0.007
-443834.110,-1172347.670,370.643,0.007
-443834.370,-1172347.450,370.644,0.006
-443834.680,-1172347.200,370.633,0.007
-443834.960,-1172346.970,370.632,0.008
-443836.080,-1172346.050,370.636,0.004
-443836.350,-1172345.830,370.611,0.009
-443838.050,-1172344.440,370.690,0.010
-443839.570,-1172343.190,370.410,0.010
-443738.370,-1172426.570,361.592,0.008
-443738.640,-1172426.350,361.603,0.007
-443836.770,-1172344.900,370.622,0.008
-443839.379,-1172342.760,370.420,0.010
-443839.670,-1172342.530,370.434,0.006
-443839.950,-1172342.290,370.422,0.008
-443734.830,-1172428.930,361.515,0.005
-443735.090,-1172428.720,361.517,0.003
-443737.749,-1172426.540,361.610,0.010
-443738.020,-1172426.320,361.583,0.007
-443738.280,-1172426.110,361.614,0.006
-443738.570,-1172425.869,361.611,0.009
-443739.390,-1172425.200,361.622,0.008
-443739.660,-1172424.980,361.642,0.008
-443740.190,-1172424.550,361.650,0.010
-443738.130,-1172425.640,361.645,0.005
-443738.420,-1172425.410,361.653,0.007
-443738.940,-1172424.990,361.650,0.010
-443739.490,-1172424.530,361.674,0.006
-443739.769,-1172424.299,361.661,0.009
-443740.050,-1172424.070,361.673,0.007
-443827.370,-1172352.590,370.685,0.005
-443827.640,-1172352.370,370.694,0.006
-443827.920,-1172352.140,370.682,0.008
-443828.210,-1172351.910,370.663,0.007
-443828.490,-1172351.680,370.655,0.005
-443828.770,-1172351.450,370.652,0.008
-443829.060,-1172351.210,370.623,0.007
-443829.330,-1172350.990,370.635,0.005
-443829.620,-1172350.750,370.626,0.004
-443829.900,-1172350.520,370.626,0.004
-443831.330,-1172349.350,370.645,0.005
-443833.050,-1172347.940,370.615,0.005
-443833.340,-1172347.710,370.633,0.007
-443833.620,-1172347.480,370.643,0.007
-443834.190,-1172347.010,370.624,0.006
-443834.490,-1172346.770,370.633,0.007
-443834.790,-1172346.520,370.605,0.005
-443835.920,-1172345.600,370.623,0.007
-443836.210,-1172345.360,370.634,0.006
-443827.340,-1172352.140,370.694,0.006
-443827.610,-1172351.910,370.673,0.007
-443827.900,-1172351.680,370.664,0.006
-443828.180,-1172351.450,370.657,0.003
-443828.490,-1172351.200,370.634,0.006
-443828.760,-1172350.980,370.634,0.006
-443829.030,-1172350.760,370.636,0.004
-443829.310,-1172350.530,370.635,0.005
-443829.590,-1172350.300,370.622,0.008
-443829.869,-1172350.070,370.623,0.007
-443830.150,-1172349.840,370.635,0.005
-443830.430,-1172349.610,370.633,0.007
-443831.280,-1172348.910,370.660,0.010
-443831.580,-1172348.670,370.666,0.004
-443831.850,-1172348.440,370.647,0.003
-443832.120,-1172348.220,370.621,0.009
-443833.600,-1172347.010,370.622,0.008
-443833.890,-1172346.780,370.605,0.005
-443834.160,-1172346.560,370.594,0.006
-443834.440,-1172346.330,370.604,0.006
-443834.740,-1172346.080,370.614,0.006
-443835.890,-1172345.140,370.611,0.009
-443836.450,-1172344.680,370.624,0.006
-443837.010,-1172344.220,370.662,0.008
-443734.670,-1172428.480,361.536,0.004
-443827.320,-1172351.670,370.688,0.002
-443827.590,-1172351.450,370.685,0.005
-443827.890,-1172351.200,370.676,0.004
-443828.190,-1172350.950,370.657,0.003
-443828.480,-1172350.720,370.655,0.005
-443828.760,-1172350.490,370.635,0.005
-443829.040,-1172350.260,370.653,0.007
-443829.320,-1172350.030,370.652,0.008
-443830.440,-1172349.120,370.673,0.007
-443831.570,-1172348.190,370.634,0.006
-443831.850,-1172347.960,370.636,0.004
-443832.140,-1172347.720,370.622,0.008
-443833.580,-1172346.540,370.595,0.005
-443833.870,-1172346.310,370.593,0.007
-443834.170,-1172346.060,370.581,0.009
-443835.020,-1172345.370,370.611,0.009
-443835.290,-1172345.140,370.611,0.009
-443735.150,-1172427.610,361.551,0.009
-443735.430,-1172427.380,361.551,0.009
-443735.960,-1172426.950,361.603,0.007
-443738.630,-1172424.770,361.673,0.007
-443739.150,-1172424.330,361.664,0.006
-443739.430,-1172424.110,361.681,0.009
-443740.510,-1172423.220,361.715,0.005
-443830.620,-1172348.440,370.633,0.007
-443830.890,-1172348.220,370.625,0.005
-443831.170,-1172348.000,370.633,0.007
-443832.020,-1172347.300,370.614,0.006
-443833.140,-1172346.390,370.591,0.009
-443834.010,-1172345.670,370.574,0.006
-443834.280,-1172345.450,370.594,0.006
-443834.590,-1172345.200,370.593,0.007
-443836.580,-1172343.570,370.616,0.004
-443735.120,-1172427.150,361.582,0.008
-443735.410,-1172426.910,361.593,0.007
-443735.660,-1172426.710,361.603,0.007
-443735.940,-1172426.480,361.603,0.007
-443737.830,-1172424.940,361.660,0.010
-443739.140,-1172423.860,361.681,0.009
-443739.410,-1172423.640,361.712,0.008
-443834.540,-1172344.710,370.560,0.010
-443835.970,-1172343.540,370.581,0.009
-443836.840,-1172342.830,370.651,0.009
-443837.410,-1172342.360,370.634,0.006
-443837.950,-1172341.920,370.665,0.005
-443734.970,-1172426.770,361.583,0.007
-443736.590,-1172425.450,361.620,0.010
-443739.000,-1172423.470,361.691,0.009
-443739.270,-1172423.250,361.691,0.009
-443827.460,-1172351.030,370.667,0.003
-443827.740,-1172350.810,370.655,0.005
-443828.040,-1172350.560,370.643,0.007
-443828.330,-1172350.330,370.653,0.007
-443828.600,-1172350.100,370.643,0.007
-443828.890,-1172349.870,370.641,0.009
-443829.480,-1172349.380,370.663,0.007
-443830.030,-1172348.930,370.681,0.009
-443734.660,-1172426.510,361.591,0.009
-443735.200,-1172426.060,361.615,0.005
-443736.310,-1172425.160,361.634,0.006
-443736.820,-1172424.740,361.641,0.009
-443738.730,-1172423.170,361.711,0.009
-443827.420,-1172350.540,370.656,0.004
-443827.720,-1172350.290,370.657,0.003
-443828.010,-1172350.060,370.656,0.004
-443828.300,-1172349.820,370.635,0.005
-443828.570,-1172349.590,370.655,0.005
-443829.120,-1172349.150,370.662,0.008
-443829.710,-1172348.660,370.642,0.008
-443830.590,-1172347.950,370.613,0.007
-443830.880,-1172347.710,370.606,0.004
-443832.300,-1172346.550,370.583,0.007
-443832.840,-1172346.100,370.581,0.009
-443833.690,-1172345.400,370.570,0.010
-443737.170,-1172424.020,361.700,0.010
-443738.240,-1172423.150,361.733,0.007
-443827.540,-1172350.010,370.657,0.003
-443827.810,-1172349.780,370.647,0.003
-443828.090,-1172349.550,370.654,0.006
-443828.670,-1172349.080,370.675,0.005
-443829.560,-1172348.350,370.655,0.005
-443829.830,-1172348.130,370.634,0.006
-443830.110,-1172347.900,370.635,0.005
-443830.400,-1172347.660,370.616,0.004
-443830.690,-1172347.430,370.605,0.005
-443830.980,-1172347.190,370.593,0.007
-443831.260,-1172346.960,370.606,0.004
-443831.850,-1172346.470,370.583,0.007
-443832.140,-1172346.230,370.575,0.005
-443835.230,-1172343.710,370.573,0.007
-443836.080,-1172343.010,370.611,0.009
-443836.390,-1172342.759,370.610,0.010
-443839.610,-1172340.120,370.383,0.007
-443827.280,-1172349.690,370.683,0.007
-443827.560,-1172349.460,370.674,0.006
-443827.850,-1172349.230,370.683,0.007
-443828.130,-1172348.990,370.695,0.005
-443828.430,-1172348.750,370.668,0.002
-443828.700,-1172348.530,370.666,0.004
-443828.980,-1172348.300,370.676,0.004
-443829.280,-1172348.060,370.647,0.003
-443829.570,-1172347.820,370.655,0.005
-443829.870,-1172347.570,370.631,0.009
-443830.170,-1172347.330,370.623,0.007
-443831.590,-1172346.160,370.585,0.005
-443831.890,-1172345.920,370.554,0.006
-443832.740,-1172345.220,370.576,0.004
-443834.740,-1172343.590,370.554,0.006
-443835.010,-1172343.360,370.563,0.007
-443836.430,-1172342.200,370.613,0.007
-443734.469,-1172426.230,361.621,0.009
-443734.740,-1172426.020,361.623,0.007
-443735.810,-1172425.140,361.631,0.009
-443827.480,-1172348.930,370.684,0.006
-443827.750,-1172348.710,370.673,0.007
-443828.060,-1172348.460,370.675,0.005
-443828.330,-1172348.240,370.675,0.005
-443828.600,-1172348.010,370.676,0.004
-443828.890,-1172347.770,370.653,0.007
-443829.180,-1172347.540,370.656,0.004
-443829.480,-1172347.290,370.625,0.005
-443830.040,-1172346.830,370.636,0.004
-443830.330,-1172346.590,370.606,0.004
-443830.620,-1172346.360,370.604,0.006
-443831.510,-1172345.630,370.592,0.008
-443831.800,-1172345.390,370.575,0.005
-443832.080,-1172345.160,370.573,0.007
-443832.370,-1172344.930,370.563,0.007
-443832.639,-1172344.710,370.581,0.009
-443833.230,-1172344.220,370.565,0.005
-443833.500,-1172344.000,370.572,0.008
-443834.080,-1172343.520,370.561,0.009
-443834.660,-1172343.050,370.570,0.010
-443834.950,-1172342.810,370.555,0.005
-443835.220,-1172342.590,370.584,0.006
-443836.610,-1172341.450,370.625,0.005
-443838.000,-1172340.310,370.701,0.009
-443735.310,-1172425.020,361.661,0.009
-443828.270,-1172347.670,370.664,0.006
-443828.550,-1172347.430,370.663,0.007
-443828.830,-1172347.210,370.635,0.005
-443829.120,-1172346.970,370.636,0.004
-443829.390,-1172346.750,370.625,0.005
-443829.680,-1172346.510,370.615,0.005
-443829.980,-1172346.270,370.585,0.005
-443830.850,-1172345.550,370.582,0.008
-443831.120,-1172345.330,370.577,0.003
-443831.390,-1172345.110,370.574,0.006
-443831.690,-1172344.860,370.562,0.008
-443831.990,-1172344.620,370.562,0.008
-443832.280,-1172344.380,370.562,0.008
-443833.420,-1172343.450,370.552,0.008
-443833.710,-1172343.210,370.524,0.006
-443834.000,-1172342.970,370.544,0.006
-443835.430,-1172341.800,370.582,0.008
-443836.560,-1172340.870,370.612,0.008
-443837.380,-1172340.200,370.663,0.007
-443734.419,-1172425.159,361.671,0.009
-443734.690,-1172424.930,361.643,0.007
-443736.010,-1172423.850,361.683,0.007
-443827.770,-1172347.560,370.676,0.004
-443828.060,-1172347.320,370.661,0.009
-443828.320,-1172347.100,370.641,0.009
-443828.620,-1172346.860,370.645,0.005
-443828.910,-1172346.620,370.654,0.006
-443829.180,-1172346.400,370.644,0.006
-443829.450,-1172346.180,370.626,0.004
-443829.730,-1172345.950,370.615,0.005
-443830.040,-1172345.700,370.615,0.005
-443830.310,-1172345.480,370.605,0.005
-443830.880,-1172345.010,370.592,0.008
-443831.170,-1172344.770,370.577,0.003
-443831.450,-1172344.540,370.576,0.004
-443831.750,-1172344.300,370.572,0.008
-443832.040,-1172344.060,370.531,0.009
-443832.300,-1172343.840,370.555,0.005
-443832.590,-1172343.610,370.557,0.003
-443834.040,-1172342.420,370.564,0.006
-443835.740,-1172341.030,370.593,0.007
-443837.470,-1172339.610,370.675,0.005
-443734.310,-1172424.630,361.652,0.008
-443735.120,-1172423.960,361.694,0.006
-443734.520,-1172423.409,361.722,0.008
-443827.680,-1172347.100,370.641,0.009
-443827.950,-1172346.880,370.644,0.006
-443828.240,-1172346.640,370.647,0.003
-443828.540,-1172346.390,370.625,0.005
-443828.850,-1172346.150,370.624,0.006
-443829.120,-1172345.930,370.617,0.003
-443829.410,-1172345.690,370.626,0.004
-443829.690,-1172345.460,370.615,0.005
-443830.000,-1172345.200,370.575,0.005
-443830.260,-1172344.990,370.595,0.005
-443830.540,-1172344.760,370.574,0.006
-443830.830,-1172344.520,370.577,0.003
-443831.100,-1172344.300,370.567,0.003
-443831.680,-1172343.830,370.554,0.006
-443832.530,-1172343.130,370.513,0.007
-443832.820,-1172342.890,370.526,0.004
-443833.120,-1172342.640,370.516,0.004
-443833.380,-1172342.430,370.525,0.005
-443833.660,-1172342.200,370.505,0.005
-443833.960,-1172341.960,370.524,0.006
-443834.260,-1172341.710,370.527,0.003
-443835.950,-1172340.320,370.572,0.008
-443836.250,-1172340.090,370.592,0.008
-443839.450,-1172337.470,370.443,0.007
-443734.860,-1172423.660,361.691,0.009
-443735.140,-1172423.440,361.710,0.010
-443826.980,-1172347.050,370.705,0.005
-443827.280,-1172346.800,370.693,0.007
-443827.849,-1172346.330,370.661,0.009
-443828.129,-1172346.110,370.650,0.010
-443828.410,-1172345.880,370.663,0.007
-443828.700,-1172345.630,370.655,0.005
-443829.010,-1172345.380,370.616,0.004
-443829.280,-1172345.170,370.615,0.005
-443832.730,-1172342.340,370.535,0.005
-443833.010,-1172342.110,370.533,0.007
-443833.280,-1172341.880,370.554,0.006
-443833.850,-1172341.420,370.560,0.010
-443834.430,-1172340.940,370.546,0.004
-443834.710,-1172340.710,370.535,0.005
-443839.360,-1172336.900,370.452,0.008
-443839.659,-1172336.660,370.451,0.009
-443839.939,-1172336.430,370.432,0.008
-443827.250,-1172346.220,370.692,0.008
-443828.700,-1172345.030,370.637,0.003
-443828.970,-1172344.810,370.635,0.005
-443829.250,-1172344.570,370.644,0.006
-443829.550,-1172344.330,370.605,0.005
-443829.840,-1172344.090,370.615,0.005
-443831.590,-1172342.660,370.554,0.006
-443831.870,-1172342.430,370.523,0.007
-443833.000,-1172341.500,370.525,0.005
-443833.270,-1172341.280,370.525,0.005
-443833.570,-1172341.040,370.544,0.006
-443833.850,-1172340.810,370.532,0.008
-443834.110,-1172340.590,370.541,0.009
-443834.400,-1172340.350,370.545,0.005
-443834.980,-1172339.880,370.546,0.004
-443835.270,-1172339.650,370.551,0.009
-443839.330,-1172336.320,370.432,0.008
-443839.790,-1172334.870,370.402,0.008
-443828.500,-1172344.660,370.641,0.009
-443829.070,-1172344.190,370.634,0.006
-443829.370,-1172343.940,370.642,0.008
-443829.669,-1172343.690,370.621,0.009
-443831.380,-1172342.300,370.535,0.005
-443832.850,-1172341.090,370.531,0.009
-443833.410,-1172340.630,370.521,0.009
-443833.690,-1172340.410,370.543,0.007
-443833.970,-1172340.180,370.543,0.007
-443837.050,-1172337.650,370.641,0.009
-443837.340,-1172337.410,370.653,0.007
-443839.130,-1172334.879,370.440,0.010
-443839.399,-1172334.669,370.461,0.009
-443827.109,-1172345.260,370.680,0.010
-443827.400,-1172345.030,370.664,0.006
-443827.970,-1172344.560,370.634,0.006
-443828.540,-1172344.090,370.633,0.007
-443828.840,-1172343.850,370.623,0.007
-443829.120,-1172343.620,370.604,0.006
-443829.400,-1172343.390,370.615,0.005
-443831.740,-1172341.460,373.205,0.005
-443833.470,-1172340.060,370.493,0.007
-443839.200,-1172335.360,370.442,0.008
-443839.480,-1172335.130,370.443,0.007
-443834.050,-1172338.540,370.566,0.004
-443834.360,-1172338.290,370.545,0.005
-443835.500,-1172337.350,370.592,0.008
-443835.800,-1172337.110,370.566,0.004
-443839.240,-1172334.290,370.451,0.009
-443839.520,-1172334.060,370.433,0.007
-443827.060,-1172344.780,370.701,0.009
-443827.360,-1172344.530,370.666,0.004
-443827.630,-1172344.310,370.663,0.007
-443827.910,-1172344.080,370.664,0.006
-443828.210,-1172343.830,370.666,0.004
-443828.490,-1172343.610,370.664,0.006
-443829.650,-1172342.650,370.574,0.006
-443829.930,-1172342.420,370.575,0.005
-443831.420,-1172341.200,373.206,0.004
-443831.690,-1172340.980,373.223,0.007
-443831.980,-1172340.740,373.222,0.008
-443833.960,-1172339.120,370.543,0.007
-443834.250,-1172338.890,370.546,0.004
-443834.550,-1172338.640,370.546,0.004
-443836.220,-1172337.270,370.601,0.009
-443830.370,-1172341.140,373.203,0.007
-443830.660,-1172340.900,373.214,0.006
-443830.940,-1172340.680,373.226,0.004
-443831.220,-1172340.440,373.205,0.005
-443831.520,-1172340.200,373.236,0.004
-443831.800,-1172339.970,373.215,0.005
-443832.060,-1172339.750,373.232,0.008
-443833.500,-1172338.580,370.532,0.008
-443834.070,-1172338.110,370.554,0.006
-443834.650,-1172337.640,370.573,0.007
-443835.190,-1172337.190,370.576,0.004
-443835.790,-1172336.700,370.593,0.007
-443836.060,-1172336.480,370.584,0.006
-443836.640,-1172336.000,370.625,0.005
-443839.250,-1172333.870,370.434,0.006
-443827.190,-1172344.160,370.675,0.005
-443827.490,-1172343.920,370.674,0.006
-443827.770,-1172343.690,370.653,0.007
-443828.069,-1172343.440,370.640,0.010
-443828.349,-1172343.220,370.621,0.009
-443828.630,-1172342.990,370.613,0.007
-443829.479,-1172342.290,370.572,0.008
-443830.650,-1172341.320,373.205,0.005
-443830.930,-1172341.100,373.215,0.005
-443831.230,-1172340.850,373.187,0.003
-443831.520,-1172340.610,373.207,0.003
-443831.810,-1172340.380,373.193,0.007
-443832.100,-1172340.130,373.202,0.008
-443827.109,-1172343.410,370.681,0.010
-443827.680,-1172342.940,370.656,0.004
-443827.979,-1172342.700,370.660,0.010
-443828.260,-1172342.460,370.623,0.007
-443828.840,-1172341.990,370.652,0.008
-443829.480,-1172341.460,373.233,0.007
-443831.990,-1172339.410,373.224,0.006
-443833.440,-1172338.220,370.512,0.008
-443834.550,-1172337.310,370.572,0.008
-443834.840,-1172337.070,370.573,0.007
-443835.140,-1172336.820,370.585,0.005
-443826.899,-1172343.990,370.695,0.005
-443827.190,-1172343.750,370.665,0.005
-443827.480,-1172343.520,370.665,0.005
-443827.770,-1172343.270,370.643,0.007
-443828.359,-1172342.790,370.630,0.010
-443828.650,-1172342.550,370.605,0.005
-443827.039,-1172342.980,370.693,0.007
-443827.340,-1172342.730,370.671,0.009
-443827.630,-1172342.500,370.675,0.005
-443827.909,-1172342.270,370.672,0.008
-443828.200,-1172342.030,370.646,0.004
-443829.130,-1172341.270,373.215,0.005
-443831.960,-1172338.950,373.211,0.010
-443834.200,-1172337.110,370.581,0.009
-443827.490,-1172342.130,370.664,0.006
-443827.789,-1172341.880,370.654,0.006
-443828.090,-1172341.640,370.611,0.009
-443828.999,-1172340.890,373.221,0.009
-443830.720,-1172339.480,373.212,0.008
-443831.290,-1172339.010,373.225,0.005
-443831.590,-1172338.770,373.214,0.006
-443831.870,-1172338.530,373.183,0.007
-443833.810,-1172336.950,370.564,0.006
-443837.250,-1172334.130,370.644,0.006
-443827.270,-1172341.890,370.683,0.007
-443827.570,-1172341.650,370.677,0.003
-443829.080,-1172340.400,373.230,0.010
-443829.640,-1172339.950,373.212,0.008
-443830.500,-1172339.240,373.233,0.007
-443830.790,-1172339.010,373.222,0.008
-443831.390,-1172338.510,373.233,0.007
-443831.640,-1172338.300,373.242,0.008
-443833.620,-1172336.690,370.580,0.010
-443833.900,-1172336.460,370.574,0.006
-443834.190,-1172336.220,370.585,0.005
-443834.460,-1172336.000,370.575,0.005
-443834.740,-1172335.770,370.594,0.006
-443835.310,-1172335.300,370.591,0.009
-443835.600,-1172335.060,370.585,0.005
-443836.170,-1172334.590,370.601,0.009
-443832.730,-1172336.550,370.566,0.004
-443833.310,-1172336.070,370.564,0.006
-443833.599,-1172335.830,370.570,0.010
-443834.180,-1172335.360,370.583,0.007
-443835.330,-1172334.410,370.575,0.005
-443827.180,-1172341.610,370.702,0.008
-443827.490,-1172341.360,370.678,0.002
-443827.770,-1172341.130,370.663,0.007
-443828.050,-1172340.900,370.610,0.010
-443829.840,-1172339.430,373.211,0.009
-443830.990,-1172338.490,373.191,0.009
-443832.670,-1172337.110,370.541,0.009
-443834.400,-1172335.690,370.571,0.009
-443835.250,-1172335.000,370.584,0.006
-443835.520,-1172334.770,370.571,0.009
-443836.080,-1172334.310,370.581,0.009
-443836.370,-1172334.080,370.591,0.009
-443827.020,-1172340.710,370.706,0.004
-443827.869,-1172340.010,370.631,0.009
-443829.040,-1172339.050,373.211,0.009
-443829.610,-1172338.580,373.200,0.010
-443831.310,-1172337.200,370.570,0.010
-443832.440,-1172336.270,370.583,0.007
-443832.740,-1172336.020,370.565,0.005
-443833.870,-1172335.090,370.585,0.005
-443834.160,-1172334.860,370.563,0.007
-443834.440,-1172334.630,370.584,0.006
-443835.020,-1172334.150,370.603,0.007
-443827.289,-1172341.010,370.683,0.007
-443827.590,-1172340.760,370.643,0.007
-443827.860,-1172340.540,370.635,0.005
-443828.140,-1172340.310,370.596,0.004
-443829.330,-1172339.330,373.205,0.005
-443829.890,-1172338.870,373.211,0.009
-443826.990,-1172340.230,370.693,0.007
-443827.879,-1172339.500,370.641,0.009
-443828.190,-1172339.249,370.602,0.008
-443828.809,-1172338.740,373.202,0.008
-443829.080,-1172338.520,373.194,0.006
-443832.160,-1172335.990,370.565,0.005
-443833.590,-1172334.820,370.592,0.008
-443833.890,-1172334.570,370.602,0.008
-443827.399,-1172338.690,370.682,0.008
-443827.980,-1172338.220,370.603,0.007
-443828.820,-1172337.520,370.641,0.009
-443829.120,-1172337.280,370.594,0.006
-443829.420,-1172337.030,370.594,0.006
-443831.720,-1172335.150,370.574,0.006
-443832.550,-1172334.470,370.592,0.008
-443827.049,-1172339.650,370.685,0.005
-443827.340,-1172339.410,370.676,0.004
-443827.630,-1172339.170,370.643,0.007
-443827.929,-1172338.920,370.641,0.009
-443828.209,-1172338.690,370.632,0.008
-443829.950,-1172337.270,370.581,0.009
-443832.500,-1172335.180,370.584,0.006
-443832.780,-1172334.950,370.592,0.008
-443833.060,-1172334.710,370.575,0.005
-443833.640,-1172334.240,370.597,0.003
-443826.980,-1172337.880,370.675,0.005
-443827.280,-1172337.630,370.662,0.008
-443827.850,-1172337.160,370.623,0.007
-443828.169,-1172336.910,370.603,0.007
-443828.700,-1172336.460,370.593,0.007
-443829.010,-1172336.210,370.594,0.006
-443829.310,-1172335.970,370.586,0.004
-443829.590,-1172335.740,370.613,0.007
-443829.890,-1172335.490,370.592,0.008
-443830.190,-1172335.240,370.602,0.008
-443830.470,-1172335.010,370.602,0.008
-443826.069,-1172339.149,371.141,0.010
-443827.080,-1172338.320,370.666,0.004
-443827.359,-1172338.100,370.634,0.006
-443827.669,-1172337.840,370.633,0.007
-443828.550,-1172337.120,370.591,0.009
-443828.840,-1172336.880,370.593,0.007
-443829.130,-1172336.640,370.587,0.003
-443829.400,-1172336.420,370.597,0.003
-443829.670,-1172336.200,370.584,0.006
-443830.830,-1172335.250,370.576,0.004
-443831.140,-1172334.990,370.563,0.007
-443831.430,-1172334.760,370.582,0.008
-443831.700,-1172334.540,370.594,0.006
-443826.090,-1172339.760,371.144,0.006
-443826.789,-1172339.180,370.692,0.008
-443826.849,-1172336.670,370.675,0.005
-443827.139,-1172336.430,370.675,0.005
-443827.410,-1172336.210,370.643,0.007
-443827.710,-1172335.960,370.655,0.005
-443828.000,-1172335.720,370.624,0.006
-443828.279,-1172335.490,370.633,0.007
-443828.559,-1172335.260,370.622,0.008
-443828.860,-1172335.020,370.603,0.007
-443829.120,-1172334.800,370.606,0.004
-443826.950,-1172337.010,370.676,0.004
-443827.230,-1172336.780,370.663,0.007
-443827.520,-1172336.550,370.665,0.005
-443827.790,-1172336.320,370.655,0.005
-443828.079,-1172336.080,370.622,0.009
-443828.360,-1172335.850,370.623,0.007
-443828.630,-1172335.630,370.621,0.009
-443829.490,-1172334.930,370.614,0.006
-443829.770,-1172334.700,370.607,0.003
-443826.669,-1172337.740,370.671,0.009
-443826.940,-1172337.520,370.694,0.006
-443827.240,-1172337.270,370.665,0.005
-443827.520,-1172337.050,370.642,0.008
-443827.820,-1172336.800,370.634,0.006
-443828.090,-1172336.570,370.625,0.005
-443828.380,-1172336.340,370.623,0.007
-443828.660,-1172336.110,370.604,0.006
-443828.960,-1172335.860,370.605,0.005
-443829.260,-1172335.609,370.591,0.009
-443829.539,-1172335.390,370.590,0.010
-443829.810,-1172335.170,370.604,0.006
-443830.410,-1172334.670,370.592,0.008
-443827.070,-1172334.990,370.673,0.007
-443827.360,-1172334.750,370.676,0.004
-443826.800,-1172335.600,370.695,0.006
-443827.100,-1172335.350,370.673,0.007
-443827.390,-1172335.120,370.674,0.006
-443827.689,-1172334.870,370.674,0.006
-443826.930,-1172335.930,370.675,0.005
-443827.769,-1172335.240,370.641,0.009
-443828.070,-1172334.990,370.634,0.006
-443828.350,-1172334.760,370.634,0.006
-443826.680,-1172336.440,370.677,0.003
-443826.990,-1172336.180,370.673,0.007
-443827.269,-1172335.950,370.681,0.009
-443827.860,-1172335.470,370.645,0.005
-443828.160,-1172335.220,370.646,0.004
-443828.450,-1172334.980,370.626,0.004
-443828.730,-1172334.750,370.624,0.006
-443837.530,-1172333.900,370.641,0.009
-443839.310,-1172332.440,370.433,0.007
-443839.610,-1172332.190,370.424,0.006
-443839.150,-1172333.050,370.443,0.007
-443839.440,-1172332.820,370.441,0.009
-443839.200,-1172333.500,370.455,0.005
-443839.490,-1172333.260,370.444,0.006
-443839.540,-1172333.630,370.422,0.008
-443839.830,-1172333.390,370.427,0.003
-443834.820,-1172332.600,370.634,0.006
-443834.200,-1172333.780,370.595,0.005
-443835.090,-1172333.050,370.614,0.006
-443835.390,-1172332.810,370.582,0.008
-443835.660,-1172332.580,370.623,0.007
-443836.210,-1172332.130,370.634,0.006
-443836.790,-1172331.660,370.692,0.008
-443837.350,-1172331.200,370.685,0.005
-443834.460,-1172334.100,370.605,0.005
-443835.590,-1172333.180,370.592,0.008
-443837.050,-1172331.980,370.654,0.006
-443837.310,-1172331.760,370.672,0.008
-443835.310,-1172333.910,370.594,0.006
-443835.620,-1172333.660,370.591,0.009
-443835.900,-1172333.430,370.582,0.008
-443836.450,-1172332.970,370.620,0.010
-443837.030,-1172332.500,370.645,0.005
-443839.080,-1172330.820,370.415,0.005
-443835.900,-1172333.940,370.590,0.010
-443839.080,-1172331.340,370.410,0.010
-443839.360,-1172331.110,370.413,0.007
-443837.490,-1172333.160,370.664,0.006
-443839.300,-1172331.680,370.411,0.009
-443839.100,-1172332.190,370.433,0.007
-443839.380,-1172331.960,370.452,0.008
-443831.960,-1172332.480,370.634,0.006
-443832.530,-1172332.000,370.653,0.007
-443830.050,-1172334.460,370.607,0.003
-443830.360,-1172334.210,370.584,0.006
-443830.650,-1172333.980,370.603,0.007
-443830.920,-1172333.760,370.626,0.004
-443831.210,-1172333.520,370.614,0.006
-443831.490,-1172333.280,370.625,0.005
-443831.790,-1172333.040,370.614,0.006
-443832.069,-1172332.809,370.611,0.009
-443833.220,-1172331.860,370.633,0.007
-443830.700,-1172334.440,370.584,0.006
-443832.110,-1172333.280,370.611,0.009
-443832.700,-1172332.790,370.610,0.010
-443831.310,-1172334.330,370.621,0.009
-443831.610,-1172334.080,370.601,0.009
-443831.880,-1172333.860,370.593,0.007
-443832.480,-1172333.370,370.614,0.006
-443832.770,-1172333.130,370.601,0.009
-443833.040,-1172332.910,370.614,0.006
-443833.630,-1172332.430,370.613,0.007
-443834.180,-1172331.980,370.635,0.005
-443831.990,-1172334.300,370.592,0.008
-443832.570,-1172333.820,370.560,0.010
-443832.840,-1172333.600,370.595,0.005
-443833.670,-1172332.920,370.594,0.006
-443833.960,-1172332.680,370.615,0.005
-443834.240,-1172332.450,370.626,0.004
-443834.520,-1172332.220,370.633,0.007
-443834.800,-1172331.990,370.625,0.005
-443832.840,-1172334.220,370.602,0.008
-443833.100,-1172334.010,370.604,0.006
-443833.390,-1172333.780,370.584,0.006
-443833.690,-1172333.530,370.594,0.006
-443833.960,-1172333.310,370.604,0.006
-443829.180,-1172332.950,370.644,0.006
-443829.770,-1172332.470,370.651,0.009
-443830.060,-1172332.230,370.643,0.007
-443827.630,-1172334.530,370.684,0.006
-443828.520,-1172333.800,370.644,0.006
-443828.800,-1172333.570,370.643,0.007
-443829.090,-1172333.330,370.636,0.004
-443829.390,-1172333.090,370.633,0.007
-443829.680,-1172332.850,370.642,0.008
-443829.950,-1172332.630,370.615,0.005
-443830.220,-1172332.400,370.625,0.005
-443831.360,-1172331.470,370.683,0.007
-443828.000,-1172334.620,370.650,0.010
-443828.280,-1172334.390,370.643,0.007
-443828.550,-1172334.160,370.644,0.006
-443829.110,-1172333.700,370.642,0.008
-443829.410,-1172333.460,370.636,0.004
-443829.700,-1172333.220,370.633,0.007
-443829.990,-1172332.980,370.622,0.008
-443830.280,-1172332.740,370.644,0.006
-443830.570,-1172332.510,370.625,0.005
-443830.850,-1172332.270,370.664,0.006
-443828.620,-1172334.540,370.634,0.006
-443828.930,-1172334.280,370.623,0.007
-443829.230,-1172334.040,370.605,0.005
-443829.510,-1172333.810,370.622,0.008
-443829.790,-1172333.580,370.632,0.008
-443830.100,-1172333.330,370.611,0.009
-443830.370,-1172333.110,370.613,0.007
-443830.940,-1172332.640,370.640,0.010
-443831.489,-1172332.189,370.623,0.007
-443829.030,-1172334.500,370.625,0.005
-443829.310,-1172334.280,370.605,0.005
-443829.869,-1172333.820,370.622,0.008
-443830.160,-1172333.580,370.623,0.007
-443830.430,-1172333.360,370.617,0.003
-443831.280,-1172332.660,370.634,0.006
-443831.830,-1172332.210,370.645,0.005
-443832.409,-1172331.729,370.661,0.009
-443829.400,-1172334.570,370.597,0.003
-443829.970,-1172334.100,370.612,0.008
-443830.250,-1172333.880,370.615,0.005
-443830.550,-1172333.630,370.595,0.005
-443830.820,-1172333.410,370.616,0.004
-443831.110,-1172333.170,370.614,0.006
-443826.760,-1172333.460,370.696,0.004
-443827.030,-1172333.240,370.698,0.002
-443827.310,-1172333.000,370.685,0.005
-443827.910,-1172332.510,370.690,0.010
-443828.170,-1172332.290,370.693,0.007
-443828.780,-1172331.800,370.701,0.009
-443825.810,-1172334.650,371.093,0.007
-443826.820,-1172333.820,370.663,0.007
-443827.100,-1172333.590,370.684,0.006
-443828.270,-1172332.630,370.682,0.008
-443828.550,-1172332.400,370.662,0.008
-443829.390,-1172331.710,370.686,0.004
-443829.670,-1172331.480,370.685,0.005
-443826.590,-1172334.400,370.704,0.006
-443826.860,-1172334.180,370.703,0.007
-443827.150,-1172333.940,370.683,0.007
-443827.440,-1172333.700,370.651,0.009
-443828.280,-1172333.010,370.680,0.010
-443828.570,-1172332.770,370.673,0.007
-443828.850,-1172332.550,370.683,0.007
-443829.410,-1172332.080,370.685,0.005
-443827.039,-1172334.440,370.680,0.010
-443827.310,-1172334.210,370.673,0.007
-443828.160,-1172333.519,370.652,0.008
-443828.750,-1172333.030,370.663,0.007
-443829.010,-1172332.820,370.654,0.006
-443829.300,-1172332.580,370.642,0.008
-443827.170,-1172334.600,370.684,0.006
-443827.440,-1172334.380,370.675,0.005
-443827.749,-1172334.120,370.660,0.010
-443828.630,-1172333.410,370.643,0.007
-443828.900,-1172333.180,370.656,0.004
-443826.710,-1172331.850,370.755,0.005
-443827.000,-1172331.610,370.723,0.007
-443827.160,-1172332.100,370.724,0.006
-443827.750,-1172331.610,370.743,0.007
-443826.620,-1172333.150,370.693,0.007
-443826.890,-1172332.920,370.707,0.003
-443827.200,-1172332.670,370.697,0.003
-443827.500,-1172332.420,370.671,0.009
-443828.050,-1172331.970,370.693,0.007
-443828.620,-1172331.510,370.716,0.004
-443774.760,-1172317.620,357.385,0.005
-443774.090,-1172317.620,357.304,0.006
-443774.020,-1172292.410,358.765,0.005
-443772.490,-1172293.110,358.812,0.008
-443773.079,-1172292.620,358.782,0.008
-443771.129,-1172293.070,358.793,0.007
-443772.280,-1172292.101,358.740,0.010
-443770.140,-1172293.300,358.804,0.006
-443771.300,-1172292.320,358.723,0.007
-443772.750,-1172291.090,358.643,0.007
-443769.220,-1172292.951,358.732,0.008
-443770.370,-1172291.980,358.682,0.008
-443770.640,-1172291.750,358.673,0.007
-443770.930,-1172291.510,358.672,0.008
-443768.020,-1172293.290,358.801,0.009
-443768.300,-1172293.050,358.781,0.009
-443769.419,-1172292.100,358.720,0.010
-443768.340,-1172292.340,358.723,0.007
-443768.630,-1172292.090,358.681,0.009
-443769.780,-1172291.120,358.612,0.008
-443770.050,-1172290.880,358.604,0.006
-443770.330,-1172290.650,358.613,0.007
-443767.480,-1172292.550,358.734,0.006
-443768.950,-1172291.300,358.642,0.008
-443769.240,-1172291.060,358.633,0.007
-443769.830,-1172290.550,358.605,0.005
-443766.620,-1172292.730,358.712,0.008
-443769.230,-1172290.510,358.582,0.008
-443766.820,-1172291.930,358.682,0.008
-443767.100,-1172291.700,358.674,0.006
-443763.000,-1172294.510,357.197,0.003
-443767.370,-1172290.790,358.610,0.010
-443763.020,-1172293.930,357.245,0.005
-443763.299,-1172293.690,357.191,0.009
-443763.580,-1172292.900,357.265,0.005
-443763.890,-1172292.640,357.202,0.008
-443763.750,-1172291.630,357.260,0.010
-443762.970,-1172291.830,357.293,0.007
-443758.810,-1172293.710,359.121,0.009
-443759.080,-1172293.480,359.121,0.009
-443759.380,-1172293.230,359.131,0.009
-443759.670,-1172292.980,359.114,0.006
-443759.940,-1172292.750,359.114,0.006
-443760.220,-1172292.510,359.112,0.008
-443759.320,-1172292.770,359.153,0.007
-443759.610,-1172292.520,359.151,0.009
-443759.900,-1172292.280,359.131,0.009
-443757.340,-1172293.940,359.154,0.006
-443759.850,-1172291.110,359.124,0.006
-443713.559,-1172335.970,360.901,0.009
-443715.230,-1172335.100,360.761,0.009
-443716.069,-1172334.390,360.750,0.010
-443714.360,-1172333.190,360.831,0.009
-443711.269,-1172336.280,361.022,0.008
-443714.330,-1172333.680,360.862,0.008
-443714.489,-1172334.080,360.822,0.008
-443712.779,-1172336.100,360.902,0.008
-443715.020,-1172334.190,360.791,0.009
-443711.839,-1172334.290,361.004,0.006
-443713.759,-1172332.650,360.872,0.008
-443714.320,-1172332.170,360.831,0.009
-443712.849,-1172334.040,360.922,0.008
-443713.979,-1172333.080,360.812,0.008
-443714.650,-1172330.820,360.811,0.009
-443714.910,-1172330.590,360.822,0.008
-443710.830,-1172334.580,361.041,0.009
-443711.670,-1172333.860,360.991,0.009
-443711.469,-1172332.340,361.013,0.007
-443710.730,-1172333.650,361.065,0.005
-443714.379,-1172330.550,360.803,0.007
-443707.770,-1172336.680,360.881,0.009
-443713.219,-1172330.240,360.840,0.010
-443710.980,-1172331.150,360.961,0.009
-443712.059,-1172330.680,360.932,0.008
-443710.539,-1172330.330,361.051,0.009
-443711.389,-1172329.599,360.980,0.010
-443711.689,-1172329.350,360.954,0.006
-443712.800,-1172328.400,360.875,0.005
-443712.280,-1172329.440,360.885,0.005
-443714.640,-1172325.630,360.602,0.008
-443712.179,-1172328.300,360.912,0.008
-443713.360,-1172326.000,360.602,0.008
-443714.179,-1172325.300,360.652,0.008
-443711.529,-1172328.280,360.940,0.010
-443713.540,-1172325.280,360.665,0.005
-443706.380,-1172329.740,360.816,0.004
-443704.880,-1172294.271,357.020,0.010
-443705.449,-1172293.780,357.013,0.007
-443705.510,-1172293.280,356.972,0.008
-443705.799,-1172293.030,356.951,0.009
-443705.120,-1172292.920,356.963,0.007
-443705.370,-1172292.700,356.983,0.008
-443705.650,-1172292.460,356.951,0.009
-443703.870,-1172292.780,356.952,0.008
-443702.259,-1172292.020,356.932,0.008
-443700.920,-1172292.840,356.991,0.009
-443702.370,-1172291.590,356.883,0.007
-443700.490,-1172292.520,356.971,0.009
-443702.170,-1172291.050,356.864,0.006
-443702.440,-1172290.820,356.866,0.004
-443701.519,-1172291.160,356.890,0.010
-443700.540,-1172291.400,356.903,0.007
-443701.650,-1172290.430,356.833,0.007
-443700.670,-1172290.891,356.881,0.009
-443700.420,-1172290.431,356.851,0.009
-443698.999,-1172291.661,356.970,0.010
