-443842.200,-1172312.980,352.190,0.008
-443842.440,-1172312.380,352.500,0.006
-443841.750,-1172311.550,353.140,0.007
-443841.970,-1172310.980,353.500,0.008
-443842.080,-1172310.680,353.700,0.009
-443840.200,-1172313.090,352.190,0.005
-443840.530,-1172312.220,352.800,0.016
-443841.360,-1172311.270,353.400,0.007
-443841.470,-1172310.990,353.530,0.013
-443842.150,-1172309.230,354.750,0.008
-443841.570,-1172309.550,354.580,0.005
-443840.000,-1172311.480,353.330,0.007
-443840.110,-1172311.210,353.540,0.002
-443840.340,-1172310.630,353.940,0.011
-443840.680,-1172309.750,354.530,0.012
-443840.800,-1172309.450,354.680,0.017
-443840.910,-1172309.150,354.970,0.009
-443841.030,-1172308.850,355.180,0.007
-443840.180,-1172311.910,353.000,0.013
-443840.420,-1172311.290,353.380,0.006
-443840.770,-1172310.400,354.070,0.006
-443841.330,-1172308.950,354.980,0.006
-443841.440,-1172308.670,355.260,0.006
-443839.190,-1172313.570,351.830,0.010
-443839.310,-1172313.280,352.010,0.014
-443839.770,-1172312.090,352.980,0.016
-443839.880,-1172311.790,353.170,0.010
-443838.680,-1172313.650,351.830,0.005
-443839.020,-1172312.770,352.500,0.006
-443838.710,-1172312.770,352.530,0.006
-443839.510,-1172310.710,353.850,0.012
-443839.630,-1172310.410,354.090,0.008
-443839.740,-1172310.130,354.310,0.011
-443839.960,-1172309.560,354.700,0.012
-443838.020,-1172313.570,351.880,0.006
-443839.040,-1172310.930,353.780,0.008
-443839.490,-1172309.790,354.590,0.009
-443839.610,-1172309.490,354.850,0.008
-443839.720,-1172309.190,354.980,0.006
-443839.830,-1172308.910,355.170,0.013
-443839.120,-1172310.000,354.410,0.009
-443839.580,-1172308.830,355.280,0.005
-443837.130,-1172312.790,352.580,0.009
-443837.360,-1172312.210,353.050,0.005
-443837.150,-1172313.780,351.920,0.005
-443837.260,-1172313.510,352.190,0.005
-443837.710,-1172312.350,352.920,0.008
-443838.980,-1172309.070,355.310,0.014
-443838.280,-1172309.850,354.640,0.009
-443838.380,-1172309.570,354.850,0.016
-443836.320,-1172313.820,351.920,0.008
-443836.880,-1172312.360,353.060,0.009
-443837.130,-1172311.730,353.390,0.015
-443836.350,-1172313.070,352.380,0.008
-443836.460,-1172312.790,352.630,0.011
-443837.260,-1172310.740,354.090,0.023
-443837.380,-1172310.430,354.300,0.010
-443837.490,-1172310.140,354.460,0.006
-443837.720,-1172309.550,354.880,0.009
-443837.830,-1172309.270,355.180,0.009
-443837.940,-1172308.980,355.290,0.021
-443836.140,-1172312.540,352.900,0.009
-443836.600,-1172311.340,353.670,0.006
-443836.830,-1172310.750,354.090,0.007
-443835.650,-1172312.010,353.320,0.013
-443836.100,-1172310.850,354.250,0.018
-443836.450,-1172309.940,354.600,0.011
-443834.910,-1172313.050,352.600,0.014
-443835.020,-1172312.780,352.860,0.010
-443835.130,-1172312.490,352.940,0.008
-443836.170,-1172309.820,354.840,0.013
-443836.290,-1172309.510,355.030,0.015
-443836.410,-1172309.200,355.100,0.018
-443835.420,-1172310.430,354.490,0.005
-443835.750,-1172309.570,354.960,0.010
-443835.870,-1172309.270,355.250,0.016
-443834.850,-1172309.700,355.100,0.009
-443833.720,-1172313.690,352.200,0.015
-443833.830,-1172313.410,352.480,0.008
-443833.950,-1172313.110,352.720,0.010
-443834.300,-1172312.210,353.300,0.004
-443834.980,-1172310.450,354.480,0.003
-443833.600,-1172312.930,352.980,0.037
-443834.740,-1172309.990,354.920,0.011
-443833.530,-1172312.260,353.340,0.029
-443833.640,-1172311.970,353.700,0.040
-443833.880,-1172311.380,353.860,0.011
-443834.320,-1172310.230,354.690,0.008
-443834.660,-1172309.350,355.330,0.012
-443832.440,-1172313.980,352.110,0.005
-443832.550,-1172313.690,352.370,0.005
-443832.790,-1172313.080,352.840,0.005
-443832.900,-1172312.790,352.980,0.008
-443833.360,-1172311.620,353.850,0.026
-443833.810,-1172310.460,354.470,0.009
-443833.920,-1172310.180,354.790,0.008
-443834.150,-1172309.590,355.220,0.009
-443833.280,-1172310.910,354.510,0.047
-443833.510,-1172310.320,354.730,0.027
-443831.840,-1172313.670,352.350,0.008
-443833.560,-1172309.240,355.400,0.018
-443831.200,-1172314.480,351.860,0.011
-443831.310,-1172314.200,352.060,0.013
-443831.420,-1172313.920,352.240,0.007
-443831.540,-1172313.600,352.500,0.006
-443831.760,-1172313.020,352.870,0.012
-443831.880,-1172312.720,353.100,0.005
-443832.340,-1172311.550,353.940,0.013
-443832.570,-1172310.950,354.330,0.018
-443832.690,-1172310.640,354.510,0.013
-443832.810,-1172310.340,354.750,0.029
-443830.740,-1172314.390,352.000,0.015
-443831.670,-1172311.990,353.610,0.038
-443831.390,-1172311.710,353.810,0.008
-443832.190,-1172309.640,355.330,0.028
-443830.230,-1172314.690,352.000,0.042
-443830.710,-1172313.460,352.560,0.007
-443831.040,-1172312.610,353.180,0.008
-443829.970,-1172314.430,352.040,0.023
-443830.090,-1172314.130,352.170,0.029
-443830.200,-1172313.840,352.310,0.019
-443830.430,-1172313.240,352.790,0.019
-443830.550,-1172312.950,352.990,0.015
-443830.660,-1172312.660,353.190,0.012
-443830.770,-1172312.370,353.410,0.008
-443831.010,-1172311.760,353.830,0.008
-443831.120,-1172311.480,354.010,0.009
-443831.230,-1172311.190,354.250,0.010
-443831.570,-1172310.320,354.860,0.014
-443831.680,-1172310.030,355.090,0.007
-443830.630,-1172312.100,353.640,0.005
-443831.190,-1172310.660,354.660,0.017
-443831.300,-1172310.380,354.890,0.013
-443829.730,-1172313.480,352.690,0.006
-443830.730,-1172310.880,354.530,0.005
-443831.190,-1172309.720,355.360,0.003
-443829.240,-1172313.950,352.350,0.008
-443829.690,-1172312.790,353.190,0.009
-443830.720,-1172310.130,355.050,0.005
-443830.840,-1172309.820,355.230,0.007
-443830.220,-1172310.490,354.800,0.004
-443828.610,-1172314.630,351.990,0.007
-443828.730,-1172314.310,352.160,0.004
-443829.180,-1172313.160,352.900,0.006
-443829.640,-1172311.980,353.680,0.014
-443829.750,-1172311.690,353.970,0.008
-443828.570,-1172313.860,352.520,0.022
-443828.680,-1172313.570,352.690,0.022
-443829.030,-1172312.670,353.340,0.020
-443829.150,-1172312.350,353.550,0.009
-443829.270,-1172312.050,353.740,0.010
-443829.380,-1172311.760,353.960,0.010
-443829.480,-1172311.490,354.150,0.004
-443829.600,-1172311.200,354.340,0.003
-443829.710,-1172310.900,354.580,0.004
-443829.470,-1172310.200,355.040,0.007
-443827.720,-1172313.610,352.740,0.006
-443827.950,-1172313.020,353.140,0.011
-443828.190,-1172312.420,353.510,0.004
-443828.310,-1172312.110,353.760,0.004
-443828.410,-1172311.830,353.970,0.003
-443828.640,-1172311.250,354.420,0.013
-443828.760,-1172310.940,354.590,0.009
-443828.980,-1172310.370,354.980,0.012
-443829.090,-1172310.080,355.180,0.021
-443829.200,-1172309.810,355.400,0.018
-443827.600,-1172313.920,352.540,0.010
-443827.540,-1172313.090,353.130,0.020
-443828.000,-1172311.910,353.960,0.011
-443828.450,-1172310.750,354.760,0.003
-443828.560,-1172310.460,355.010,0.005
-443828.190,-1172310.620,354.910,0.004
-443828.310,-1172310.320,355.110,0.004
-443828.420,-1172310.040,355.330,0.005
-443827.070,-1172313.520,352.910,0.008
-443827.180,-1172313.240,353.070,0.005
-443827.510,-1172312.380,353.610,0.005
-443827.850,-1172311.510,354.250,0.009
-443827.190,-1172312.130,353.950,0.038
-443827.540,-1172311.230,354.480,0.005
-443827.770,-1172310.640,354.850,0.006
-443827.890,-1172310.330,355.130,0.004
-443828.000,-1172310.040,355.340,0.008
-443826.080,-1172314.050,352.530,0.005
-443826.190,-1172313.750,352.720,0.012
-443826.310,-1172313.460,352.980,0.008
-443826.420,-1172313.160,353.190,0.008
-443826.650,-1172312.590,353.540,0.014
-443827.120,-1172311.370,354.400,0.011
-443827.350,-1172310.790,354.780,0.022
-443827.450,-1172310.510,355.050,0.016
-443827.570,-1172310.220,355.230,0.011
-443825.490,-1172314.630,352.100,0.008
-443825.610,-1172314.330,352.350,0.003
-443825.720,-1172314.040,352.550,0.011
-443825.950,-1172313.450,353.010,0.010
-443826.060,-1172313.160,353.230,0.006
-443826.190,-1172312.830,353.410,0.005
-443826.760,-1172311.380,354.410,0.008
-443825.300,-1172314.170,352.510,0.006
-443825.530,-1172313.560,352.970,0.011
-443825.640,-1172313.280,353.160,0.021
-443826.450,-1172311.210,354.630,0.007
-443826.570,-1172310.910,354.830,0.007
-443826.670,-1172310.630,355.060,0.009
-443826.790,-1172310.320,355.170,0.006
-443824.720,-1172314.420,352.290,0.011
-443825.290,-1172312.950,353.380,0.006
-443825.520,-1172312.370,353.810,0.006
-443825.750,-1172311.760,354.220,0.014
-443825.870,-1172311.460,354.390,0.013
-443825.970,-1172311.190,354.660,0.012
-443824.580,-1172313.700,352.940,0.006
-443824.690,-1172313.420,353.120,0.003
-443824.810,-1172313.110,353.350,0.004
-443825.260,-1172311.950,354.100,0.008
-443825.480,-1172311.380,354.530,0.006
-443824.340,-1172313.400,353.170,0.007
-443824.670,-1172312.540,353.750,0.008
-443824.790,-1172312.250,353.970,0.010
-443824.910,-1172311.950,354.140,0.008
-443825.020,-1172311.670,354.360,0.006
-443825.120,-1172311.390,354.590,0.007
-443825.360,-1172310.780,354.990,0.003
-443825.470,-1172310.490,355.190,0.003
-443825.590,-1172310.200,355.410,0.007
-443824.350,-1172312.580,353.850,0.010
-443824.580,-1172311.980,354.220,0.005
-443824.690,-1172311.690,354.470,0.004
-443824.920,-1172311.100,354.810,0.009
-443825.160,-1172310.500,355.290,0.021
-443824.340,-1172311.650,354.490,0.004
-443824.460,-1172311.350,354.690,0.008
-443824.590,-1172311.030,354.890,0.009
-443824.690,-1172310.760,355.100,0.038
-443820.730,-1172315.750,353.200,0.017
-443820.850,-1172315.450,353.340,0.021
-443820.130,-1172314.580,353.940,0.006
-443820.240,-1172314.300,354.200,0.015
-443820.470,-1172313.700,354.570,0.009
-443820.830,-1172312.790,355.160,0.014
-443819.550,-1172315.110,353.630,0.016
-443819.790,-1172314.510,354.080,0.006
-443820.020,-1172313.900,354.440,0.017
-443820.250,-1172313.330,354.880,0.008
-443819.200,-1172315.090,353.660,0.013
-443819.320,-1172314.770,353.890,0.015
-443819.650,-1172313.920,354.520,0.013
-443819.990,-1172313.050,355.180,0.009
-443820.110,-1172312.730,355.330,0.008
-443819.060,-1172314.410,354.170,0.008
-443819.180,-1172314.100,354.370,0.015
-443819.300,-1172313.800,354.650,0.014
-443819.410,-1172313.510,354.810,0.009
-443818.060,-1172315.750,353.370,0.019
-443818.520,-1172314.550,354.170,0.008
-443818.980,-1172313.380,355.020,0.006
-443819.090,-1172313.080,355.200,0.009
-443817.590,-1172315.820,353.330,0.019
-443818.390,-1172313.780,354.710,0.009
-443817.690,-1172313.910,354.750,0.018
-443817.220,-1172315.890,353.280,0.011
-443817.560,-1172315.000,353.850,0.005
-443817.670,-1172314.730,354.080,0.019
-443817.780,-1172314.440,354.270,0.021
-443817.900,-1172314.120,354.470,0.013
-443818.240,-1172313.240,355.170,0.003
-443816.890,-1172315.960,353.300,0.004
-443817.240,-1172315.080,353.870,0.005
-443817.350,-1172314.790,354.090,0.018
-443817.470,-1172314.490,354.360,0.032
-443817.030,-1172314.540,354.250,0.026
-443817.380,-1172313.630,354.960,0.005
-443817.490,-1172313.340,355.100,0.007
-443817.600,-1172313.070,355.300,0.008
-443816.170,-1172314.950,353.990,0.016
-443815.480,-1172315.870,353.450,0.038
-443815.600,-1172315.560,353.650,0.004
-443815.710,-1172315.250,353.880,0.018
-443815.830,-1172314.970,354.120,0.021
-443815.940,-1172314.670,354.260,0.018
-443816.280,-1172313.800,354.920,0.009
-443816.390,-1172313.510,355.120,0.006
-443816.500,-1172313.230,355.320,0.003
-443814.850,-1172316.280,353.180,0.011
-443814.970,-1172315.970,353.380,0.007
-443815.990,-1172313.350,355.200,0.016
-443815.460,-1172313.690,355.080,0.010
-443815.580,-1172313.390,355.300,0.010
-443814.440,-1172316.310,353.140,0.011
-443814.110,-1172316.230,353.280,0.011
-443814.450,-1172315.350,353.750,0.011
-443814.490,-1172314.370,354.640,0.016
-443814.330,-1172313.750,355.030,0.013
-443812.950,-1172315.410,353.830,0.005
-443813.400,-1172314.240,354.740,0.009
-443813.740,-1172313.370,355.360,0.012
-443812.470,-1172315.590,353.750,0.017
-443812.590,-1172315.280,354.040,0.004
-443812.700,-1172315.000,354.230,0.002
-443812.810,-1172314.710,354.440,0.005
-443813.040,-1172314.140,354.870,0.003
-443811.640,-1172316.410,353.280,0.022
-443812.310,-1172314.690,354.470,0.010
-443812.540,-1172314.090,354.950,0.004
-443812.650,-1172313.810,355.100,0.009
-443812.760,-1172313.510,355.370,0.007
-443811.210,-1172316.200,353.530,0.009
-443812.020,-1172314.130,354.980,0.014
-443812.140,-1172313.830,355.170,0.011
-443812.260,-1172313.520,355.400,0.008
-443810.810,-1172316.250,353.590,0.010
-443810.920,-1172315.970,353.650,0.008
-443811.510,-1172314.470,354.910,0.039
-443810.620,-1172315.890,353.870,0.008
-443810.740,-1172315.580,354.020,0.014
-443810.860,-1172315.280,354.290,0.014
-443810.500,-1172315.250,354.310,0.020
-443810.610,-1172314.970,354.470,0.023
-443809.570,-1172316.710,351.810,0.086
-443809.670,-1172316.440,353.420,0.006
-443810.130,-1172315.250,354.410,0.008
-443809.960,-1172314.850,354.710,0.028
-443810.310,-1172313.970,355.260,0.006
-443809.290,-1172316.590,353.340,0.012
-443809.400,-1172316.310,353.480,0.011
-443809.520,-1172316.010,353.700,0.022
-443809.850,-1172315.150,354.590,0.019
-443809.020,-1172316.360,353.540,0.013
-443809.130,-1172316.080,353.760,0.019
-443809.930,-1172314.020,355.290,0.004
-443808.380,-1172316.900,353.250,0.009
-443808.490,-1172316.620,353.410,0.013
-443808.600,-1172316.340,353.580,0.010
-443808.840,-1172315.740,353.960,0.011
-443808.200,-1172316.310,353.620,0.013
-443808.890,-1172314.540,355.000,0.009
-443809.010,-1172314.220,355.150,0.006
-443809.120,-1172313.940,355.380,0.020
-443807.700,-1172316.790,353.200,0.015
-443807.810,-1172316.510,353.510,0.008
-443808.050,-1172315.890,353.930,0.010
-443808.620,-1172314.430,355.080,0.005
-443807.820,-1172315.770,354.100,0.006
-443808.050,-1172315.180,354.610,0.011
-443808.170,-1172314.880,354.770,0.017
-443807.370,-1172316.940,353.330,0.018
-443807.120,-1172316.700,353.510,0.009
-443807.590,-1172315.490,354.410,0.010
-443807.700,-1172315.190,354.600,0.011
-443807.820,-1172314.890,354.740,0.007
-443808.050,-1172314.310,355.170,0.009
-443806.950,-1172316.260,353.870,0.032
-443807.180,-1172315.670,354.290,0.013
-443807.300,-1172315.380,354.510,0.009
-443807.750,-1172314.220,355.350,0.009
-443806.320,-1172316.990,353.320,0.008
-443805.450,-1172317.060,353.340,0.009
-443806.150,-1172315.260,354.410,0.045
-443806.380,-1172314.660,355.170,0.018
-443806.060,-1172316.780,353.490,0.006
-443806.980,-1172314.410,355.200,0.010
-443805.100,-1172316.880,353.620,0.009
-443805.210,-1172316.580,353.800,0.009
-443805.560,-1172315.680,354.410,0.011
-443806.500,-1172314.340,355.230,0.016
-443804.340,-1172317.730,352.970,0.011
-443805.670,-1172315.400,354.550,0.026
-443805.900,-1172314.810,355.060,0.008
-443806.020,-1172314.500,355.220,0.012
-443804.480,-1172316.600,353.860,0.008
-443804.720,-1172315.980,354.290,0.053
-443804.460,-1172317.410,353.170,0.016
-443804.690,-1172316.830,353.620,0.018
-443804.910,-1172316.260,353.970,0.018
-443805.150,-1172315.650,354.530,0.019
-443805.370,-1172315.060,354.870,0.008
-443803.740,-1172317.270,353.250,0.015
-443803.850,-1172316.980,353.530,0.030
-443805.060,-1172315.110,354.890,0.007
-443805.170,-1172314.810,355.090,0.008
-443803.340,-1172317.350,353.400,0.012
-443803.670,-1172316.490,353.890,0.015
-443803.780,-1172316.200,354.140,0.013
-443804.350,-1172314.730,355.220,0.008
-443804.080,-1172316.380,353.870,0.024
-443804.200,-1172316.080,354.240,0.018
-443804.320,-1172315.780,354.440,0.010
-443804.530,-1172315.230,354.890,0.016
-443804.770,-1172314.620,355.260,0.009
-443803.140,-1172316.790,353.720,0.005
-443803.250,-1172316.500,353.940,0.010
-443803.480,-1172315.910,354.360,0.012
-443803.600,-1172315.600,354.560,0.006
-443803.820,-1172315.030,354.970,0.008
-443802.620,-1172317.290,353.400,0.017
-443802.740,-1172317.000,353.580,0.018
-443802.860,-1172316.680,353.910,0.006
-443802.970,-1172316.400,354.160,0.007
-443803.080,-1172316.120,354.260,0.009
-443803.200,-1172315.810,354.560,0.011
-443803.320,-1172315.500,354.740,0.009
-443802.330,-1172316.790,353.810,0.009
-443802.440,-1172316.490,354.080,0.008
-443802.800,-1172315.580,354.750,0.011
-443802.910,-1172315.290,354.920,0.009
-443803.020,-1172315.000,355.180,0.008
-443803.140,-1172314.700,355.280,0.008
-443802.140,-1172316.370,354.310,0.008
-443802.260,-1172316.060,354.400,0.007
-443802.380,-1172315.760,354.620,0.010
-443802.610,-1172315.170,355.180,0.018
-443802.730,-1172314.860,355.410,0.012
-443802.150,-1172314.770,355.420,0.008
-443719.880,-1172299.150,355.430,0.005
-443722.210,-1172299.210,355.270,0.024
-443722.280,-1172299.660,354.970,0.030
-443722.410,-1172299.340,355.010,0.034
-443723.040,-1172299.680,354.850,0.020
-443723.160,-1172299.370,355.050,0.010
-443724.070,-1172299.090,355.200,0.025
-443724.810,-1172298.680,355.360,0.028
-443725.000,-1172299.290,354.850,0.043
-443726.370,-1172298.640,355.350,0.004
-443727.030,-1172299.010,354.850,0.017
-443726.530,-1172299.120,354.970,0.013
-443727.410,-1172298.780,355.130,0.008
-443728.240,-1172298.630,355.260,0.015
-443728.390,-1172299.100,354.870,0.029
-443728.750,-1172298.210,355.430,0.017
-443728.710,-1172298.840,354.860,0.013
-443729.230,-1172298.660,354.990,0.012
-443729.340,-1172298.390,355.310,0.008
-443730.000,-1172298.530,355.040,0.022
-443720.940,-1172326.110,355.260,0.019
-443721.060,-1172325.820,355.510,0.010
-443721.680,-1172326.090,355.230,0.006
-443721.800,-1172325.790,355.470,0.008
-443734.190,-1172297.930,355.250,0.018
-443734.300,-1172297.630,355.440,0.010
-443734.600,-1172297.980,355.030,0.015
-443734.710,-1172297.690,355.280,0.005
-443734.820,-1172297.410,355.510,0.008
-443722.900,-1172326.020,355.280,0.005
-443723.300,-1172326.110,355.110,0.004
-443734.710,-1172298.410,354.940,0.026
-443734.940,-1172297.830,355.170,0.007
-443724.300,-1172325.600,355.480,0.018
-443724.570,-1172325.900,355.200,0.010
-443725.080,-1172325.910,355.200,0.023
-443725.240,-1172326.130,355.010,0.010
-443725.810,-1172325.960,355.140,0.037
-443726.060,-1172325.340,355.390,0.014
-443743.130,-1172296.520,355.510,0.042
-443759.970,-1172322.290,350.680,0.045
-443775.460,-1172321.460,355.330,0.067
-443774.870,-1172321.650,355.330,0.071
-443772.290,-1172321.980,355.320,0.067
-443719.960,-1172342.980,352.570,0.073
-443720.090,-1172326.790,355.010,0.015
-443719.650,-1172326.180,355.340,0.022
-443720.020,-1172326.030,355.470,0.010
-443718.140,-1172326.200,355.510,0.014
-443717.440,-1172326.320,355.470,0.033
-443717.010,-1172299.810,355.160,0.026
-443717.130,-1172299.500,355.460,0.059
-443714.120,-1172300.480,354.990,0.036
-443711.290,-1172300.080,353.690,0.010
-443711.620,-1172300.080,353.670,0.004
-443710.930,-1172300.030,353.770,0.095
-443708.230,-1172300.530,354.890,0.012
-443705.820,-1172300.720,354.780,0.040
-443846.680,-1172370.520,374.670,0.050
-443839.170,-1172370.890,374.310,0.032
-443837.490,-1172370.920,374.300,0.066
-443718.910,-1172296.060,357.390,0.004
-443719.310,-1172295.830,357.470,0.009
-443720.180,-1172294.900,357.940,0.014
-443722.070,-1172297.610,356.810,0.010
-443722.440,-1172297.630,356.760,0.019
-443722.790,-1172296.770,357.650,0.019
-443723.110,-1172297.560,356.750,0.010
-443723.480,-1172296.650,357.620,0.071
-443723.080,-1172298.700,355.680,0.021
-443723.200,-1172298.400,355.940,0.012
-443723.450,-1172297.770,356.480,0.010
-443723.800,-1172296.900,357.340,0.011
-443723.520,-1172298.470,355.810,0.012
-443724.130,-1172296.950,357.180,0.012
-443723.890,-1172298.660,355.640,0.012
-443724.240,-1172297.780,356.450,0.007
-443724.480,-1172297.180,356.940,0.008
-443725.330,-1172295.060,357.390,0.047
-443724.540,-1172297.920,356.220,0.008
-443724.770,-1172297.340,356.810,0.017
-443725.160,-1172297.800,356.330,0.011
-443726.490,-1172298.330,355.570,0.007
-443726.710,-1172297.770,356.120,0.031
-443726.960,-1172297.150,356.710,0.019
-443727.330,-1172296.210,357.570,0.030
-443726.370,-1172297.500,356.460,0.018
-443727.380,-1172298.140,355.690,0.017
-443727.480,-1172297.860,355.960,0.012
-443727.840,-1172296.970,356.730,0.018
-443727.720,-1172296.140,357.660,0.053
-443728.720,-1172297.430,356.210,0.009
-443728.180,-1172298.050,355.600,0.019
-443728.410,-1172297.470,356.190,0.009
-443729.000,-1172297.590,356.050,0.006
-443730.050,-1172297.360,356.240,0.017
-443730.290,-1172296.760,356.800,0.009
-443720.610,-1172322.540,357.980,0.012
-443720.730,-1172322.240,358.120,0.011
-443720.850,-1172321.940,358.370,0.020
-443721.090,-1172321.340,358.800,0.013
-443721.210,-1172321.020,358.910,0.022
-443720.860,-1172323.140,357.490,0.015
-443721.100,-1172322.540,357.820,0.014
-443721.000,-1172323.590,357.210,0.022
-443721.110,-1172323.300,357.360,0.015
-443721.230,-1172323.000,357.550,0.014
-443721.360,-1172322.670,357.760,0.012
-443721.480,-1172322.380,358.000,0.009
-443721.600,-1172322.080,358.260,0.012
-443720.940,-1172324.660,356.310,0.015
-443721.060,-1172324.360,356.730,0.047
-443721.210,-1172324.400,356.810,0.049
-443721.170,-1172325.540,355.720,0.007
-443721.290,-1172325.240,355.930,0.007
-443721.530,-1172324.640,356.300,0.020
-443721.650,-1172324.340,356.530,0.028
-443721.900,-1172323.720,356.900,0.015
-443722.010,-1172323.420,357.170,0.022
-443722.130,-1172323.130,357.340,0.019
-443722.250,-1172322.830,357.580,0.011
-443722.490,-1172322.220,357.960,0.014
-443734.370,-1172292.650,359.430,0.026
-443721.530,-1172325.310,355.890,0.016
-443723.200,-1172321.130,358.770,0.029
-443734.110,-1172293.980,358.490,0.016
-443734.350,-1172293.390,358.960,0.015
-443734.710,-1172292.470,359.660,0.029
-443721.920,-1172325.460,355.670,0.008
-443722.040,-1172325.180,355.870,0.014
-443722.410,-1172324.250,356.510,0.021
-443722.650,-1172323.640,356.900,0.024
-443722.770,-1172323.350,357.140,0.023
-443723.000,-1172322.770,357.610,0.014
-443723.110,-1172322.480,357.740,0.012
-443734.280,-1172294.690,357.870,0.016
-443734.400,-1172294.400,358.080,0.013
-443734.510,-1172294.120,358.340,0.027
-443734.630,-1172293.820,358.500,0.012
-443734.750,-1172293.510,358.790,0.014
-443734.860,-1172293.230,359.010,0.010
-443735.110,-1172292.610,359.490,0.044
-443734.360,-1172295.240,357.400,0.008
-443734.480,-1172294.940,357.680,0.005
-443734.600,-1172294.640,357.860,0.016
-443734.830,-1172294.050,358.320,0.006
-443734.940,-1172293.780,358.570,0.011
-443735.060,-1172293.490,358.770,0.001
-443735.180,-1172293.190,359.060,0.012
-443735.410,-1172292.610,359.460,0.013
-443734.470,-1172296.370,356.430,0.025
-443734.600,-1172296.050,356.640,0.017
-443734.830,-1172295.460,357.170,0.019
-443734.950,-1172295.160,357.420,0.008
-443735.200,-1172294.540,357.900,0.013
-443735.310,-1172294.270,358.070,0.016
-443735.440,-1172293.950,358.320,0.031
-443735.560,-1172293.650,358.510,0.021
-443735.670,-1172293.360,358.780,0.011
-443734.670,-1172296.710,356.190,0.004
-443735.030,-1172295.820,356.930,0.021
-443735.140,-1172295.530,357.100,0.009
-443735.260,-1172295.240,357.340,0.007
-443735.620,-1172294.330,358.030,0.007
-443735.740,-1172294.030,358.290,0.014
-443723.300,-1172324.160,356.540,0.010
-443723.670,-1172323.250,357.200,0.011
-443723.790,-1172322.940,357.390,0.004
-443723.910,-1172322.630,357.580,0.015
-443736.740,-1172292.600,359.290,0.013
-443736.860,-1172292.310,359.530,0.033
-443723.140,-1172325.430,355.670,0.014
-443723.760,-1172323.880,356.760,0.010
-443724.100,-1172323.010,357.360,0.006
-443724.840,-1172321.170,358.610,0.022
-443724.960,-1172320.870,358.850,0.032
-443736.840,-1172293.080,358.980,0.023
-443736.950,-1172292.790,359.190,0.014
-443737.080,-1172292.480,359.410,0.008
-443723.910,-1172324.580,356.180,0.012
-443724.260,-1172323.690,356.770,0.009
-443724.390,-1172323.380,357.030,0.028
-443724.990,-1172321.880,358.050,0.008
-443725.230,-1172321.260,358.480,0.012
-443734.950,-1172297.080,355.700,0.007
-443735.080,-1172296.770,356.030,0.007
-443735.190,-1172296.490,356.240,0.010
-443735.430,-1172295.900,356.730,0.013
-443724.620,-1172323.530,356.940,0.019
-443724.740,-1172323.240,357.090,0.017
-443735.420,-1172296.650,356.190,0.020
-443725.540,-1172323.480,356.820,0.020
-443725.660,-1172323.180,357.080,0.009
-443725.780,-1172322.880,357.260,0.015
-443725.890,-1172322.600,357.490,0.011
-443726.130,-1172322.000,357.920,0.014
-443726.250,-1172321.700,358.100,0.024
-443724.420,-1172325.300,355.620,0.013
-443724.530,-1172325.010,355.860,0.011
-443725.130,-1172323.520,356.830,0.013
-443725.330,-1172325.300,355.570,0.025
-443725.560,-1172324.700,355.930,0.019
-443725.690,-1172324.380,356.180,0.017
-443725.820,-1172324.060,356.390,0.015
-443725.930,-1172323.780,356.560,0.016
-443726.180,-1172323.160,357.000,0.014
-443726.410,-1172322.580,357.370,0.014
-443726.660,-1172321.970,357.780,0.011
-443724.950,-1172324.970,355.890,0.021
-443725.060,-1172324.680,356.090,0.012
-443725.190,-1172324.370,356.250,0.010
-443725.310,-1172324.070,356.440,0.014
-443726.700,-1172322.470,357.540,0.033
-443727.180,-1172323.260,356.970,0.045
-443726.300,-1172324.730,355.850,0.021
-443726.430,-1172324.410,356.090,0.014
-443726.550,-1172324.100,356.270,0.014
-443726.660,-1172323.820,356.460,0.021
-443726.780,-1172323.530,356.700,0.015
-443727.020,-1172322.920,357.140,0.016
-443727.140,-1172322.620,357.310,0.014
-443726.890,-1172325.050,355.600,0.017
-443727.010,-1172324.770,355.820,0.014
-443727.130,-1172324.460,356.000,0.018
-443727.250,-1172324.150,356.210,0.027
-443727.370,-1172323.860,356.380,0.022
-443740.080,-1172292.160,359.340,0.022
-443727.310,-1172324.630,355.860,0.019
-443741.210,-1172292.110,359.330,0.008
-443741.370,-1172292.780,358.700,0.003
-443741.480,-1172292.510,358.940,0.010
-443741.510,-1172293.070,358.480,0.008
-443741.620,-1172292.780,358.730,0.007
-443741.750,-1172292.480,358.930,0.009
-443741.970,-1172291.910,359.410,0.009
-443741.980,-1172293.180,358.340,0.008
-443742.570,-1172292.470,358.890,0.011
-443742.430,-1172293.800,357.920,0.018
-443731.500,-1172323.500,359.860,0.028
-443731.750,-1172322.860,360.200,0.014
-443731.980,-1172322.270,360.560,0.015
-443732.700,-1172320.480,361.680,0.016
-443732.810,-1172320.200,361.850,0.025
-443742.890,-1172295.100,356.700,0.036
-443732.190,-1172322.980,360.010,0.014
-443732.300,-1172322.710,360.260,0.018
-443732.770,-1172321.510,360.940,0.031
-443731.740,-1172324.930,358.880,0.017
-443732.100,-1172324.020,359.410,0.010
-443732.580,-1172322.810,360.150,0.007
-443732.830,-1172322.190,360.560,0.017
-443733.180,-1172321.310,361.100,0.017
-443733.540,-1172320.410,361.670,0.012
-443732.530,-1172325.060,358.740,0.014
-443733.000,-1172323.890,359.440,0.018
-443733.130,-1172323.580,359.620,0.019
-443734.050,-1172322.220,360.450,0.019
-443734.650,-1172320.720,361.360,0.020
-443734.770,-1172320.420,361.540,0.015
-443732.910,-1172325.620,358.340,0.018
-443733.030,-1172325.320,358.560,0.014
-443733.390,-1172324.420,359.040,0.006
-443733.870,-1172323.200,359.830,0.022
-443734.930,-1172320.530,361.540,0.012
-443735.040,-1172320.250,361.640,0.018
-443734.880,-1172321.920,360.480,0.050
-443734.160,-1172324.630,358.850,0.019
-443734.280,-1172324.330,359.060,0.012
-443734.400,-1172324.020,359.270,0.009
-443733.680,-1172325.840,358.250,0.031
-443733.800,-1172325.520,358.330,0.025
-443733.930,-1172325.220,358.500,0.013
-443735.640,-1172322.100,360.310,0.009
-443735.760,-1172321.800,360.540,0.025
-443735.030,-1172323.620,359.420,0.025
-443735.390,-1172322.730,359.930,0.022
-443734.580,-1172325.470,358.280,0.022
-443734.940,-1172324.570,358.810,0.020
-443735.170,-1172324.000,359.200,0.015
-443735.520,-1172323.100,359.720,0.019
-443736.820,-1172321.030,360.930,0.006
-443736.990,-1172322.140,360.230,0.005
-443737.810,-1172320.070,361.540,0.015
-443738.200,-1172319.570,361.820,0.058
-443738.660,-1172319.510,361.810,0.027
-443737.470,-1172323.330,359.400,0.025
-443739.000,-1172320.400,361.210,0.002
-443738.060,-1172325.730,358.770,0.026
-443740.540,-1172319.470,362.110,0.090
-443741.930,-1172317.590,360.790,0.010
-443741.410,-1172319.980,359.250,0.052
-443740.380,-1172323.450,360.040,0.006
-443743.240,-1172317.410,360.880,0.011
-443743.580,-1172318.690,359.780,0.023
-443743.270,-1172320.890,358.550,0.008
-443743.390,-1172320.580,358.770,0.017
-443743.630,-1172319.970,359.090,0.004
-443743.740,-1172319.690,359.230,0.006
-443743.510,-1172320.730,358.520,0.008
-443743.630,-1172320.430,358.820,0.005
-443741.690,-1172326.250,358.290,0.060
-443743.580,-1172321.520,357.870,0.035
-443744.780,-1172318.500,360.050,0.003
-443744.880,-1172319.160,359.610,0.023
-443745.000,-1172318.850,359.810,0.018
-443745.120,-1172318.560,359.960,0.009
-443745.350,-1172317.980,360.540,0.032
-443745.680,-1172318.250,360.080,0.007
-443745.100,-1172320.680,358.430,0.034
-443745.960,-1172319.750,359.100,0.009
-443746.540,-1172318.290,360.110,0.007
-443745.800,-1172321.200,357.870,0.038
-443745.920,-1172320.880,358.280,0.006
-443746.040,-1172320.580,358.480,0.006
-443747.150,-1172319.520,359.140,0.055
-443747.780,-1172319.040,359.440,0.002
-443747.890,-1172318.740,359.590,0.003
-443748.000,-1172320.770,358.300,0.015
-443748.130,-1172320.440,358.370,0.017
-443748.230,-1172320.180,358.630,0.015
-443765.360,-1172316.460,361.620,0.053
-443765.980,-1172318.660,360.260,0.016
-443766.590,-1172322.120,358.010,0.010
-443766.940,-1172322.150,358.050,0.012
-443770.160,-1172317.970,359.330,0.008
-443771.100,-1172315.570,361.680,0.010
-443770.070,-1172319.480,357.890,0.031
-443770.180,-1172319.190,358.120,0.010
-443770.430,-1172318.570,358.670,0.021
-443770.890,-1172317.380,359.830,0.006
-443770.260,-1172319.930,357.540,0.005
-443770.380,-1172319.630,357.730,0.006
-443771.190,-1172317.550,359.670,0.004
-443770.320,-1172320.820,356.740,0.022
-443770.670,-1172319.930,357.440,0.008
-443770.890,-1172319.350,357.940,0.055
-443771.010,-1172319.050,357.870,0.062
-443771.120,-1172318.760,358.390,0.080
-443771.460,-1172317.890,359.220,0.011
-443771.590,-1172317.570,359.550,0.012
-443772.050,-1172316.390,360.640,0.013
-443771.610,-1172318.400,358.830,0.009
-443771.030,-1172321.080,356.290,0.032
-443771.270,-1172320.460,356.830,0.019
-443771.500,-1172319.860,357.460,0.012
-443771.620,-1172319.560,357.580,0.013
-443771.860,-1172318.960,358.020,0.022
-443772.090,-1172318.380,358.730,0.007
-443771.580,-1172321.480,355.940,0.005
-443771.930,-1172320.580,356.730,0.009
-443772.290,-1172319.670,357.460,0.011
-443772.400,-1172319.380,357.690,0.016
-443772.510,-1172319.090,357.990,0.011
-443773.100,-1172317.600,359.340,0.014
-443773.790,-1172315.810,360.950,0.015
-443772.300,-1172320.630,356.670,0.012
-443772.630,-1172321.110,356.130,0.027
-443772.860,-1172320.520,356.680,0.006
-443773.430,-1172319.050,357.920,0.018
-443773.890,-1172317.870,359.360,0.083
-443774.130,-1172317.250,359.430,0.045
-443772.880,-1172321.270,356.150,0.020
-443773.690,-1172319.210,357.880,0.026
-443773.800,-1172318.930,357.920,0.024
-443774.250,-1172317.760,359.210,0.074
-443773.320,-1172321.230,355.960,0.012
-443775.390,-1172315.910,360.820,0.037
-443775.090,-1172317.620,359.260,0.021
-443774.590,-1172320.090,356.980,0.006
-443775.420,-1172317.980,358.840,0.010
-443775.060,-1172319.490,357.840,0.090
-443775.790,-1172318.530,358.260,0.010
-443775.910,-1172319.000,357.790,0.013
-443775.090,-1172320.320,356.640,0.026
-443776.030,-1172319.980,356.870,0.013
-443779.530,-1172317.450,359.380,0.003
-443780.990,-1172316.180,360.110,0.003
-443781.100,-1172315.910,360.260,0.009
-443780.640,-1172318.330,358.740,0.003
-443780.870,-1172317.740,359.030,0.006
-443781.790,-1172315.390,360.460,0.003
-443782.130,-1172314.510,360.860,0.024
-443781.540,-1172318.440,358.500,0.004
-443782.000,-1172317.280,359.250,0.006
-443783.910,-1172314.510,360.930,0.016
-443783.060,-1172319.140,357.990,0.006
-443784.900,-1172314.450,360.910,0.007
-443782.190,-1172320.000,357.520,0.016
-443782.420,-1172319.390,357.880,0.006
-443784.040,-1172315.260,360.380,0.003
-443783.130,-1172319.850,357.560,0.011
-443785.220,-1172314.510,360.750,0.005
-443785.660,-1172314.490,360.710,0.012
-443784.310,-1172319.930,357.430,0.075
-443784.430,-1172319.630,357.500,0.083
-443784.890,-1172318.440,358.350,0.007
-443785.250,-1172317.530,358.930,0.014
-443786.050,-1172316.120,359.690,0.005
-443786.510,-1172314.940,360.320,0.011
-443785.900,-1172317.470,358.880,0.006
-443788.000,-1172318.480,359.060,0.005
-443788.590,-1172318.810,358.680,0.004
-443790.320,-1172314.380,360.510,0.004
-443788.000,-1172319.290,358.390,0.012
-443788.110,-1172318.990,358.630,0.009
-443788.230,-1172318.690,358.820,0.005
-443788.690,-1172317.510,359.580,0.011
-443790.950,-1172313.930,360.850,0.012
-443791.930,-1172313.800,360.780,0.013
-443789.140,-1172319.990,357.970,0.006
-443790.420,-1172318.690,358.520,0.008
-443790.780,-1172317.770,359.060,0.005
-443793.100,-1172313.830,360.690,0.029
-443790.850,-1172318.480,358.700,0.009
-443792.030,-1172315.480,359.700,0.005
-443792.420,-1172316.370,359.080,0.014
-443793.240,-1172314.280,360.380,0.018
-443790.910,-1172319.450,358.070,0.007
-443793.980,-1172316.000,359.270,0.020
-443794.660,-1172314.240,360.250,0.039
-443794.770,-1172313.960,360.440,0.034
-443794.880,-1172313.670,360.680,0.012
-443795.310,-1172313.510,360.800,0.008
-443794.470,-1172317.650,358.140,0.009
-443794.130,-1172320.270,357.380,0.005
-443796.110,-1172315.220,359.610,0.003
-443796.910,-1172313.160,360.830,0.012
-443794.680,-1172319.760,357.490,0.034
-443796.640,-1172314.730,359.840,0.007
-443796.560,-1172315.870,359.160,0.008
-443797.120,-1172314.440,360.010,0.007
-443797.790,-1172317.630,358.120,0.014
-443802.260,-1172314.470,355.760,0.010
-443802.370,-1172314.180,355.900,0.011
-443802.710,-1172313.320,356.620,0.017
-443802.950,-1172312.700,357.000,0.006
-443802.040,-1172313.880,356.110,0.013
-443802.150,-1172313.600,356.320,0.015
-443802.840,-1172314.560,355.550,0.008
-443802.950,-1172314.280,355.720,0.004
-443803.070,-1172313.970,356.050,0.019
-443803.190,-1172313.680,356.190,0.016
-443803.300,-1172313.380,356.340,0.008
-443803.410,-1172313.090,356.580,0.007
-443803.640,-1172312.520,357.060,0.012
-443803.750,-1172312.240,357.220,0.014
-443803.860,-1172311.950,357.530,0.010
-443802.530,-1172314.460,355.590,0.008
-443802.640,-1172314.180,355.840,0.007
-443802.760,-1172313.890,356.040,0.012
-443802.870,-1172313.590,356.330,0.010
-443802.980,-1172313.320,356.430,0.013
-443803.090,-1172313.020,356.650,0.007
-443803.210,-1172312.720,356.850,0.009
-443803.320,-1172312.430,357.100,0.007
-443803.430,-1172312.150,357.280,0.005
-443803.250,-1172314.410,355.530,0.005
-443803.360,-1172314.120,355.820,0.006
-443803.830,-1172312.900,356.710,0.003
-443803.950,-1172312.620,356.950,0.012
-443804.060,-1172312.320,357.000,0.014
-443804.060,-1172314.420,355.460,0.008
-443804.170,-1172314.130,355.710,0.009
-443804.420,-1172313.500,356.150,0.003
-443804.530,-1172313.210,356.400,0.007
-443804.640,-1172312.930,356.520,0.007
-443804.750,-1172312.630,356.770,0.012
-443803.890,-1172314.030,355.890,0.012
-443804.000,-1172313.730,355.990,0.007
-443804.120,-1172313.430,356.330,0.010
-443804.240,-1172313.120,356.480,0.011
-443804.350,-1172312.840,356.690,0.006
-443804.470,-1172312.540,356.980,0.015
-443804.590,-1172312.230,357.130,0.015
-443804.700,-1172313.840,355.960,0.007
-443804.810,-1172313.540,356.110,0.006
-443805.400,-1172312.040,357.280,0.010
-443805.510,-1172313.960,355.860,0.020
-443805.620,-1172313.670,355.970,0.018
-443805.740,-1172313.360,356.170,0.012
-443805.840,-1172313.080,356.430,0.010
-443805.950,-1172312.800,356.630,0.012
-443806.070,-1172312.490,356.780,0.006
-443805.680,-1172312.280,356.900,0.012
-443805.830,-1172313.880,355.730,0.017
-443806.070,-1172313.270,356.240,0.008
-443806.180,-1172312.990,356.390,0.011
-443806.510,-1172312.120,357.080,0.008
-443807.190,-1172310.380,358.470,0.013
-443807.320,-1172310.060,358.640,0.015
-443807.170,-1172312.610,356.550,0.016
-443807.300,-1172312.280,356.730,0.017
-443807.990,-1172310.520,358.110,0.011
-443808.100,-1172310.230,358.390,0.009
-443806.130,-1172314.210,355.510,0.013
-443806.250,-1172313.910,355.620,0.006
-443806.480,-1172313.310,356.080,0.007
-443806.600,-1172313.020,356.380,0.004
-443806.710,-1172312.720,356.560,0.004
-443806.820,-1172312.430,356.750,0.004
-443806.940,-1172312.120,356.980,0.004
-443807.280,-1172311.270,357.780,0.040
-443807.500,-1172310.680,358.110,0.007
-443807.610,-1172310.400,358.280,0.009
-443807.220,-1172313.810,355.660,0.007
-443807.330,-1172313.500,355.910,0.005
-443807.560,-1172312.910,356.400,0.011
-443807.680,-1172312.620,356.620,0.015
-443807.900,-1172312.030,356.970,0.009
-443808.130,-1172311.450,357.640,0.014
-443808.250,-1172311.150,357.650,0.016
-443808.370,-1172310.850,357.910,0.013
-443808.480,-1172310.540,358.100,0.008
-443808.600,-1172310.250,358.360,0.008
-443808.710,-1172309.960,358.590,0.005
-443808.090,-1172313.340,356.010,0.007
-443808.210,-1172313.030,356.190,0.008
-443808.430,-1172312.450,356.660,0.017
-443808.670,-1172311.850,356.910,0.014
-443808.780,-1172311.550,357.350,0.011
-443809.020,-1172310.950,357.720,0.019
-443809.140,-1172310.640,357.960,0.009
-443809.240,-1172310.360,358.230,0.014
-443807.690,-1172313.480,355.810,0.010
-443808.040,-1172312.570,356.480,0.016
-443808.280,-1172311.960,356.980,0.021
-443808.390,-1172311.680,357.290,0.014
-443808.500,-1172311.390,357.390,0.029
-443808.620,-1172312.840,356.300,0.010
-443808.720,-1172312.570,356.510,0.007
-443808.830,-1172312.300,356.690,0.009
-443809.060,-1172311.690,357.200,0.013
-443809.180,-1172311.400,357.390,0.015
-443809.410,-1172310.790,357.820,0.009
-443809.630,-1172310.230,358.310,0.004
-443809.750,-1172309.920,358.530,0.007
-443808.970,-1172313.530,355.710,0.017
-443809.540,-1172312.070,356.850,0.017
-443809.660,-1172311.750,356.960,0.014
-443810.100,-1172310.620,357.980,0.006
-443810.220,-1172310.310,358.150,0.005
-443810.430,-1172309.760,358.590,0.009
-443808.630,-1172313.680,355.680,0.015
-443809.430,-1172311.640,357.060,0.013
-443809.540,-1172311.370,357.330,0.008
-443809.990,-1172310.200,358.280,0.003
-443809.230,-1172313.650,355.530,0.013
-443808.850,-1172313.830,355.490,0.010
-443811.650,-1172309.580,358.620,0.008
-443811.130,-1172309.830,358.650,0.039
-443812.020,-1172309.560,358.510,0.012
-443810.270,-1172313.150,356.000,0.011
-443810.380,-1172312.850,356.310,0.016
-443811.900,-1172312.620,356.120,0.024
-443812.010,-1172312.330,356.390,0.007
-443812.120,-1172312.030,356.560,0.004
-443812.240,-1172311.740,356.820,0.003
-443812.350,-1172311.440,357.030,0.006
-443812.570,-1172310.880,357.480,0.020
-443812.680,-1172310.590,357.640,0.014
-443813.140,-1172309.430,358.580,0.008
-443811.760,-1172312.020,356.650,0.007
-443811.860,-1172311.750,356.840,0.006
-443812.370,-1172313.220,355.650,0.003
-443812.490,-1172312.920,355.880,0.005
-443812.600,-1172312.640,356.060,0.007
-443813.060,-1172311.460,356.890,0.005
-443813.520,-1172310.260,357.890,0.023
-443813.860,-1172309.400,358.560,0.005
-443811.970,-1172313.290,355.590,0.007
-443812.080,-1172312.990,355.810,0.009
-443812.200,-1172312.690,356.030,0.006
-443812.310,-1172312.410,356.260,0.010
-443812.550,-1172311.790,356.670,0.007
-443812.660,-1172311.500,356.950,0.008
-443812.890,-1172310.910,357.350,0.006
-443813.340,-1172309.750,358.310,0.020
-443813.450,-1172309.480,358.490,0.008
-443813.490,-1172312.960,355.740,0.006
-443813.600,-1172312.680,355.910,0.006
-443813.720,-1172312.380,356.150,0.007
-443814.290,-1172310.900,357.270,0.005
-443814.860,-1172309.430,358.450,0.015
-443812.890,-1172313.190,355.560,0.008
-443813.000,-1172312.910,355.750,0.014
-443813.340,-1172312.020,356.430,0.007
-443813.460,-1172311.720,356.640,0.008
-443813.570,-1172311.420,356.910,0.006
-443813.690,-1172311.110,357.080,0.008
-443813.910,-1172310.550,357.540,0.016
-443814.140,-1172309.970,358.070,0.009
-443814.260,-1172309.660,358.260,0.006
-443814.370,-1172309.380,358.430,0.008
-443815.370,-1172310.100,357.840,0.008
-443814.190,-1172312.200,356.220,0.011
-443814.650,-1172311.030,357.120,0.011
-443815.110,-1172309.850,358.010,0.010
-443815.290,-1172312.320,356.100,0.006
-443815.520,-1172311.720,356.580,0.011
-443815.010,-1172311.980,356.340,0.009
-443815.460,-1172310.830,357.270,0.014
-443815.580,-1172310.530,357.420,0.016
-443815.680,-1172310.260,357.640,0.012
-443817.030,-1172310.680,357.200,0.004
-443815.800,-1172312.820,355.760,0.006
-443816.270,-1172311.610,356.610,0.006
-443816.390,-1172311.300,356.840,0.010
-443816.500,-1172311.010,357.030,0.012
-443816.610,-1172310.730,357.280,0.009
-443815.830,-1172311.790,356.440,0.011
-443816.840,-1172312.360,356.020,0.008
-443817.180,-1172311.490,356.610,0.005
-443817.420,-1172310.870,356.980,0.010
-443817.530,-1172310.590,357.110,0.020
-443816.210,-1172312.770,355.670,0.009
-443816.340,-1172312.450,355.850,0.008
-443816.670,-1172311.580,356.500,0.010
-443817.440,-1172312.570,355.730,0.004
-443817.900,-1172311.390,356.570,0.014
-443816.980,-1172312.870,355.570,0.004
-443817.100,-1172312.560,355.760,0.004
-443817.210,-1172312.270,355.950,0.004
-443817.540,-1172311.430,356.630,0.011
-443817.660,-1172311.120,356.840,0.012
-443817.870,-1172310.570,357.200,0.017
-443818.060,-1172311.900,356.150,0.016
-443818.170,-1172311.590,356.380,0.008
-443818.300,-1172311.280,356.560,0.010
-443818.460,-1172312.680,355.520,0.010
-443819.170,-1172310.860,356.890,0.006
-443819.270,-1172310.590,357.080,0.005
-443818.160,-1172312.700,355.680,0.009
-443818.610,-1172311.540,356.410,0.007
-443818.850,-1172310.940,356.920,0.009
-443818.960,-1172310.650,357.110,0.004
-443819.080,-1172310.350,357.310,0.007
-443819.310,-1172312.510,355.600,0.006
-443819.770,-1172311.340,356.480,0.005
-443819.880,-1172311.060,356.670,0.015
-443819.290,-1172311.460,356.400,0.011
-443820.340,-1172312.150,355.840,0.009
-443820.680,-1172311.270,356.480,0.028
-443819.870,-1172312.340,355.760,0.006
-443820.200,-1172311.490,356.330,0.006
-443820.320,-1172311.180,356.490,0.026
-443825.270,-1172310.200,355.480,0.020
-443825.390,-1172309.900,355.630,0.012
-443825.500,-1172309.620,355.910,0.008
-443827.130,-1172309.450,355.820,0.008
-443826.420,-1172310.030,355.430,0.007
-443826.540,-1172309.730,355.630,0.006
-443826.650,-1172309.440,355.880,0.006
-443826.170,-1172309.620,355.840,0.004
-443829.000,-1172308.550,356.360,0.009
-443829.120,-1172308.240,356.580,0.008
-443829.230,-1172307.950,356.810,0.003
-443829.340,-1172307.670,356.990,0.008
-443829.450,-1172307.400,357.220,0.005
-443828.120,-1172309.730,355.490,0.027
-443828.570,-1172308.580,356.350,0.011
-443827.680,-1172309.930,355.470,0.010
-443830.900,-1172308.730,356.070,0.007
-443831.250,-1172307.830,356.690,0.003
-443830.400,-1172309.130,355.810,0.008
-443830.520,-1172308.820,356.060,0.006
-443830.750,-1172308.240,356.450,0.009
-443830.970,-1172307.670,356.870,0.004
-443831.080,-1172307.390,357.070,0.007
-443831.180,-1172307.120,357.290,0.011
-443829.430,-1172309.220,355.780,0.004
-443829.540,-1172308.940,356.010,0.006
-443829.770,-1172308.350,356.440,0.006
-443829.880,-1172308.050,356.630,0.007
-443830.000,-1172307.760,356.850,0.008
-443830.110,-1172307.470,357.090,0.004
-443828.900,-1172309.590,355.560,0.006
-443829.020,-1172309.290,355.830,0.018
-443829.130,-1172308.990,356.030,0.018
-443829.350,-1172308.420,356.420,0.009
-443829.470,-1172308.110,356.600,0.008
-443829.580,-1172307.820,356.840,0.007
-443829.700,-1172307.530,357.030,0.006
-443832.300,-1172309.360,355.540,0.021
-443832.410,-1172309.080,355.750,0.014
-443833.090,-1172307.340,356.990,0.014
-443833.200,-1172307.060,357.230,0.011
-443831.990,-1172307.640,356.830,0.005
-443834.830,-1172307.840,356.380,0.006
-443835.060,-1172307.230,356.670,0.015
-443835.180,-1172306.940,357.060,0.010
-443833.960,-1172309.150,355.540,0.014
-443834.540,-1172307.670,356.570,0.003
-443834.760,-1172307.110,357.010,0.011
-443834.880,-1172306.800,357.090,0.011
-443834.350,-1172307.210,356.860,0.006
-443833.600,-1172308.300,356.190,0.024
-443833.830,-1172307.720,356.610,0.012
-443834.060,-1172307.130,357.030,0.006
-443833.270,-1172307.880,356.440,0.012
-443833.380,-1172307.590,356.730,0.013
-443833.590,-1172307.040,357.180,0.009
-443826.850,-1172331.000,370.830,0.029
-443835.780,-1172308.390,355.950,0.017
-443835.420,-1172308.240,355.930,0.028
-443835.640,-1172307.670,356.460,0.005
-443835.980,-1172306.800,357.160,0.007
-443834.770,-1172309.070,355.520,0.013
-443834.880,-1172308.790,355.690,0.011
-443835.000,-1172308.480,355.880,0.004
-443835.100,-1172308.210,356.180,0.026
-443828.500,-1172330.980,370.770,0.050
-443836.900,-1172308.780,355.530,0.014
-443837.080,-1172307.480,356.430,0.011
-443836.090,-1172308.700,355.670,0.009
-443836.790,-1172306.920,356.950,0.005
-443838.850,-1172308.380,355.730,0.013
-443838.490,-1172308.230,355.750,0.023
-443838.050,-1172308.700,355.530,0.025
-443840.720,-1172308.390,355.500,0.006
-443840.840,-1172308.100,355.640,0.005
-443840.630,-1172307.830,355.930,0.004
-443839.950,-1172308.600,355.400,0.003
-443840.070,-1172308.300,355.660,0.005
-443840.170,-1172308.020,355.840,0.006
-443839.690,-1172308.530,355.490,0.005
-443839.810,-1172308.230,355.740,0.006
-443839.930,-1172307.920,355.870,0.007
-443706.400,-1172297.180,358.460,0.037
-443711.260,-1172295.950,356.250,0.013
-443706.410,-1172323.520,361.430,0.019
-443706.530,-1172323.220,361.590,0.005
-443706.660,-1172322.910,361.850,0.015
-443716.990,-1172297.350,356.790,0.022
-443717.830,-1172295.250,357.980,0.013
-443704.930,-1172326.210,361.110,0.029
-443706.270,-1172322.870,361.850,0.039
-443717.210,-1172295.820,357.730,0.011
-443705.580,-1172326.190,361.100,0.058
-443706.890,-1172322.930,361.830,0.005
-443717.120,-1172297.640,356.580,0.020
-443717.830,-1172295.870,357.640,0.010
-443718.430,-1172297.260,356.590,0.016
-443707.400,-1172323.550,361.330,0.013
-443707.090,-1172323.460,361.410,0.016
-443707.450,-1172322.560,362.070,0.026
-443708.140,-1172323.500,361.280,0.011
-443708.500,-1172322.590,361.890,0.017
-443708.620,-1172322.300,362.140,0.024
-443709.210,-1172322.990,361.580,0.018
-443709.340,-1172322.670,361.840,0.013
-443709.470,-1172322.350,362.020,0.002
-443709.710,-1172323.290,361.350,0.023
-443710.490,-1172322.360,361.900,0.022
-443710.740,-1172322.660,361.680,0.046
-443711.020,-1172323.000,361.370,0.004
-443711.140,-1172322.690,361.600,0.035
-443711.260,-1172322.380,361.730,0.038
-443711.390,-1172322.080,361.970,0.034
-443711.470,-1172322.600,361.640,0.007
-443711.970,-1172322.630,361.490,0.022
-443712.100,-1172322.310,361.680,0.018
-443712.580,-1172323.040,361.190,0.011
-443712.700,-1172322.740,361.370,0.016
-443713.260,-1172321.960,361.940,0.013
-443713.470,-1172322.510,361.530,0.025
-443714.280,-1172322.470,361.460,0.006
-443714.030,-1172321.970,361.930,0.007
-443714.670,-1172322.360,361.530,0.006
-443715.280,-1172322.260,361.490,0.012
-443715.860,-1172321.930,361.790,0.008
-443715.980,-1172321.620,361.980,0.008
-443716.180,-1172322.790,361.180,0.022
-443716.520,-1172321.960,358.760,0.018
-443716.650,-1172321.650,358.890,0.007
-443717.110,-1172321.590,358.890,0.020
-443717.260,-1172323.240,357.680,0.032
-443717.380,-1172322.950,357.900,0.020
-443717.510,-1172322.630,358.090,0.017
-443717.630,-1172322.330,358.290,0.021
-443717.750,-1172322.030,358.520,0.010
-443717.350,-1172324.960,356.470,0.006
-443717.470,-1172324.680,356.670,0.004
-443717.590,-1172324.370,356.910,0.004
-443718.300,-1172322.590,358.040,0.009
-443718.410,-1172322.300,358.230,0.010
-443718.170,-1172324.490,356.690,0.017
-443718.290,-1172324.200,356.950,0.018
-443718.540,-1172323.570,357.300,0.022
-443718.770,-1172322.980,357.710,0.016
-443718.900,-1172322.660,357.950,0.020
-443719.030,-1172322.350,358.140,0.030
-443719.150,-1172322.050,358.330,0.023
-443719.260,-1172321.750,358.580,0.015
-443719.390,-1172321.450,358.750,0.020
-443717.910,-1172324.310,356.900,0.014
-443718.000,-1172325.460,356.090,0.029
-443719.090,-1172322.710,357.890,0.006
-443719.210,-1172322.430,358.100,0.003
-443719.330,-1172322.110,358.340,0.025
-443719.450,-1172321.800,358.540,0.024
-443719.580,-1172321.490,358.780,0.014
-443717.570,-1172326.010,355.700,0.070
-443717.690,-1172325.690,355.900,0.019
-443718.760,-1172325.440,356.070,0.007
-443718.880,-1172325.150,356.260,0.007
-443718.990,-1172324.850,356.440,0.005
-443719.120,-1172324.540,356.690,0.009
-443719.230,-1172324.260,356.850,0.014
-443719.360,-1172323.940,357.050,0.013
-443719.970,-1172322.420,358.070,0.005
-443720.210,-1172321.800,358.540,0.007
-443720.330,-1172321.490,358.700,0.011
-443718.510,-1172325.300,356.140,0.013
-443720.270,-1172325.400,355.950,0.020
-443720.390,-1172325.100,356.170,0.016
-443720.510,-1172324.800,356.330,0.006
-443719.300,-1172325.830,355.750,0.019
-443719.540,-1172325.220,356.120,0.021
-443719.660,-1172324.910,356.370,0.011
-443719.900,-1172324.310,356.720,0.024
-443720.020,-1172324.010,356.970,0.013
-443720.140,-1172323.720,357.160,0.013
-443720.260,-1172323.430,357.310,0.019
-443699.270,-1172345.980,353.010,0.036
-443842.020,-1172312.280,352.660,0.007
-443841.040,-1172313.110,352.140,0.015
-443840.550,-1172313.530,351.920,0.017
-443842.800,-1172312.040,352.700,0.009
-443842.560,-1172312.250,352.580,0.004
-443842.300,-1172312.470,352.460,0.006
-443842.640,-1172310.830,353.610,0.015
-443841.680,-1172311.640,353.060,0.010
-443841.430,-1172311.850,352.970,0.005
-443841.200,-1172312.050,352.850,0.003
-443840.720,-1172312.460,352.570,0.065
-443840.250,-1172312.860,352.320,0.004
-443840.010,-1172313.060,352.220,0.005
-443842.630,-1172310.320,353.930,0.015
-443842.150,-1172310.720,353.700,0.009
-443841.920,-1172310.920,353.590,0.011
-443841.450,-1172311.320,353.340,0.005
-443840.490,-1172312.130,352.790,0.016
-443839.040,-1172313.370,352.060,0.007
-443838.780,-1172313.590,351.920,0.006
-443840.450,-1172311.230,353.460,0.003
-443840.200,-1172311.440,353.360,0.008
-443839.730,-1172311.840,353.060,0.014
-443838.520,-1172312.870,352.470,0.005
-443837.780,-1172313.500,352.080,0.007
-443837.540,-1172313.700,351.960,0.006
-443841.850,-1172310.550,353.880,0.011
-443840.150,-1172311.990,352.940,0.012
-443839.910,-1172312.200,352.810,0.018
-443839.410,-1172312.620,352.550,0.013
-443838.460,-1172313.430,352.070,0.006
-443841.820,-1172308.900,355.030,0.009
-443840.620,-1172309.910,354.400,0.011
-443840.380,-1172310.120,354.260,0.004
-443842.120,-1172309.240,354.760,0.008
-443841.860,-1172309.460,354.630,0.006
-443840.640,-1172310.490,353.970,0.009
-443840.410,-1172310.690,353.850,0.011
-443839.920,-1172311.100,353.620,0.008
-443839.670,-1172311.310,353.510,0.008
-443839.190,-1172311.720,353.230,0.005
-443838.940,-1172311.930,353.080,0.004
-443838.700,-1172312.140,352.960,0.003
-443837.980,-1172312.750,352.580,0.004
-443837.500,-1172313.160,352.330,0.004
-443839.890,-1172310.530,354.030,0.010
-443837.970,-1172312.160,353.000,0.008
-443837.740,-1172312.360,352.880,0.008
-443836.290,-1172313.590,352.210,0.009
-443840.150,-1172309.480,354.790,0.009
-443839.910,-1172309.680,354.650,0.011
-443839.670,-1172309.880,354.550,0.009
-443841.490,-1172308.760,355.190,0.005
-443841.250,-1172308.960,355.060,0.007
-443841.010,-1172309.160,354.920,0.010
-443840.760,-1172309.380,354.770,0.016
-443839.790,-1172310.200,354.260,0.011
-443838.860,-1172310.990,353.770,0.008
-443838.600,-1172311.210,353.660,0.009
-443837.170,-1172312.420,352.880,0.006
-443836.920,-1172312.640,352.770,0.007
-443836.690,-1172312.830,352.640,0.005
-443837.260,-1172311.930,353.260,0.003
-443836.510,-1172312.560,352.880,0.004
-443836.270,-1172312.770,352.740,0.006
-443836.040,-1172312.960,352.650,0.012
-443835.310,-1172313.580,352.220,0.022
-443839.760,-1172308.890,355.220,0.006
-443837.820,-1172310.540,354.180,0.011
-443836.610,-1172311.570,353.530,0.006
-443835.870,-1172312.200,353.160,0.013
-443840.650,-1172308.620,355.370,0.002
-443840.170,-1172309.020,355.100,0.017
-443839.930,-1172309.230,354.970,0.013
-443839.690,-1172309.430,354.860,0.009
-443839.450,-1172309.640,354.670,0.010
-443839.210,-1172309.840,354.580,0.008
-443838.970,-1172310.040,354.470,0.011
-443838.730,-1172310.250,354.360,0.017
-443838.490,-1172310.450,354.140,0.013
-443837.500,-1172311.300,353.670,0.015
-443837.260,-1172311.490,353.550,0.021
-443836.060,-1172312.520,352.950,0.010
-443835.320,-1172313.140,352.510,0.010
-443835.070,-1172313.350,352.400,0.013
-443834.920,-1172313.010,352.630,0.014
-443833.970,-1172313.820,352.140,0.010
-443838.300,-1172309.310,355.100,0.008
-443838.050,-1172309.520,354.950,0.009
-443837.820,-1172309.720,354.830,0.009
-443836.390,-1172310.930,354.030,0.015
-443839.470,-1172308.770,355.350,0.006
-443839.230,-1172308.980,355.200,0.013
-443838.520,-1172309.580,354.710,0.023
-443838.280,-1172309.790,354.610,0.009
-443838.040,-1172309.990,354.550,0.016
-443837.790,-1172310.200,354.440,0.016
-443837.310,-1172310.610,354.140,0.022
-443837.060,-1172310.820,354.020,0.007
-443836.820,-1172311.030,353.910,0.006
-443836.340,-1172311.430,353.660,0.008
-443835.850,-1172311.850,353.390,0.008
-443835.150,-1172312.440,353.020,0.009
-443834.190,-1172313.260,352.490,0.004
-443833.940,-1172313.470,352.360,0.010
-443833.710,-1172313.660,352.260,0.013
-443834.230,-1172312.770,352.870,0.006
-443833.990,-1172312.970,352.760,0.013
-443833.740,-1172313.180,352.630,0.016
-443838.070,-1172309.010,355.340,0.035
-443837.840,-1172309.200,355.200,0.009
-443837.360,-1172309.610,354.950,0.007
-443836.890,-1172310.000,354.660,0.007
-443835.950,-1172310.810,354.140,0.017
-443834.480,-1172312.050,353.370,0.008
-443834.240,-1172312.260,353.230,0.003
-443833.500,-1172312.890,352.900,0.040
-443832.780,-1172313.490,352.550,0.005
-443832.050,-1172314.120,352.080,0.003
-443834.680,-1172311.020,354.080,0.006
-443834.440,-1172311.230,353.940,0.003
-443833.960,-1172311.640,353.700,0.007
-443833.710,-1172311.850,353.580,0.030
-443833.470,-1172312.060,353.440,0.043
-443833.240,-1172312.250,353.420,0.021
-443832.740,-1172312.680,353.170,0.009
-443831.790,-1172313.480,352.570,0.007
-443831.570,-1172313.670,352.430,0.004
-443830.850,-1172314.280,352.040,0.012
-443836.430,-1172309.890,354.770,0.011
-443836.190,-1172310.100,354.640,0.013
-443833.780,-1172312.140,353.340,0.026
-443831.120,-1172314.410,351.840,0.012
-443837.110,-1172308.960,355.430,0.017
-443836.890,-1172309.150,355.310,0.015
-443836.380,-1172309.580,354.980,0.005
-443835.650,-1172310.210,354.600,0.007
-443835.400,-1172310.420,354.480,0.005
-443834.950,-1172310.800,354.120,0.009
-443835.460,-1172309.600,355.040,0.014
-443834.990,-1172310.000,354.790,0.017
-443834.270,-1172310.610,354.380,0.006
-443834.030,-1172310.820,354.290,0.005
-443833.800,-1172311.020,354.170,0.009
-443833.320,-1172311.420,353.940,0.029
-443831.870,-1172312.650,353.150,0.004
-443836.320,-1172309.300,355.210,0.017
-443834.880,-1172310.520,354.430,0.003
-443834.620,-1172310.740,354.300,0.005
-443834.370,-1172310.950,354.160,0.004
-443834.140,-1172311.140,354.040,0.004
-443833.890,-1172311.360,353.870,0.008
-443833.410,-1172311.770,353.670,0.037
-443831.760,-1172313.170,352.790,0.010
-443830.320,-1172314.390,351.980,0.034
-443830.070,-1172314.600,351.870,0.044
-443830.910,-1172313.470,352.630,0.009
-443830.670,-1172313.680,352.460,0.011
-443830.410,-1172313.890,352.330,0.018
-443830.150,-1172314.110,352.210,0.026
-443834.840,-1172309.310,355.300,0.008
-443834.350,-1172309.720,355.040,0.014
-443834.120,-1172309.920,354.860,0.010
-443833.860,-1172310.140,354.810,0.008
-443833.620,-1172310.340,354.680,0.027
-443835.100,-1172309.480,355.150,0.006
-443834.860,-1172309.680,355.030,0.009
-443834.140,-1172310.290,354.650,0.006
-443833.910,-1172310.480,354.510,0.009
-443833.680,-1172310.680,354.380,0.027
-443830.940,-1172312.620,353.230,0.010
-443830.720,-1172312.810,353.120,0.010
-443830.480,-1172313.010,352.990,0.014
-443829.970,-1172313.440,352.740,0.007
-443829.740,-1172313.640,352.590,0.016
-443829.510,-1172313.840,352.480,0.009
-443829.260,-1172314.040,352.310,0.013
-443829.010,-1172314.260,352.180,0.009
-443828.780,-1172314.450,352.090,0.005
-443828.550,-1172314.650,351.900,0.008
-443834.020,-1172309.570,355.190,0.009
-443833.770,-1172309.790,355.090,0.019
-443830.620,-1172312.460,353.390,0.009
-443827.810,-1172313.780,352.560,0.011
-443833.530,-1172309.440,355.230,0.022
-443833.270,-1172309.660,355.140,0.037
-443832.790,-1172310.070,354.950,0.030
-443832.060,-1172310.690,354.600,0.017
-443831.810,-1172310.900,354.440,0.011
-443831.330,-1172311.310,354.140,0.009
-443831.100,-1172311.500,354.040,0.009
-443830.380,-1172312.110,353.620,0.007
-443830.150,-1172312.310,353.540,0.011
-443829.910,-1172312.510,353.390,0.009
-443829.660,-1172312.730,353.290,0.009
-443829.430,-1172312.930,353.110,0.008
-443829.200,-1172313.110,353.000,0.005
-443828.710,-1172313.530,352.740,0.022
-443827.500,-1172314.560,352.090,0.015
-443829.830,-1172311.160,354.370,0.004
-443829.610,-1172311.360,354.220,0.004
-443828.400,-1172312.380,353.570,0.008
-443828.150,-1172312.600,353.450,0.006
-443827.900,-1172312.800,353.310,0.009
-443827.670,-1172313.010,353.210,0.025
-443827.420,-1172313.210,353.060,0.019
-443827.170,-1172313.430,352.920,0.006
-443831.590,-1172310.070,355.050,0.006
-443830.630,-1172310.880,354.540,0.008
-443829.420,-1172311.910,353.920,0.018
-443829.180,-1172312.110,353.840,0.013
-443827.950,-1172313.160,353.070,0.010
-443829.240,-1172310.630,354.820,0.013
-443829.000,-1172310.830,354.610,0.016
-443828.770,-1172311.040,354.490,0.009
-443828.520,-1172311.240,354.400,0.010
-443828.280,-1172311.440,354.250,0.009
-443827.800,-1172311.850,354.020,0.027
-443825.900,-1172313.460,352.960,0.012
-443830.990,-1172309.640,355.440,0.006
-443828.310,-1172311.910,353.920,0.007
-443827.590,-1172312.520,353.560,0.005
-443826.410,-1172313.520,352.880,0.008
-443826.180,-1172313.720,352.800,0.012
-443825.690,-1172314.140,352.530,0.006
-443829.230,-1172310.170,355.120,0.009
-443829.000,-1172310.360,355.020,0.012
-443828.770,-1172310.560,354.870,0.006
-443828.540,-1172310.760,354.720,0.005
-443828.280,-1172310.970,354.630,0.006
-443829.090,-1172309.840,355.350,0.018
-443828.600,-1172310.240,355.120,0.006
-443828.370,-1172310.440,354.990,0.005
-443825.950,-1172312.500,353.680,0.006
-443827.940,-1172310.260,355.180,0.004
-443827.710,-1172310.450,355.040,0.010
-443826.480,-1172311.500,354.410,0.006
-443825.030,-1172312.730,353.600,0.004
-443824.300,-1172313.350,353.200,0.008
-443827.730,-1172309.970,355.390,0.007
-443826.760,-1172310.800,354.890,0.010
-443826.530,-1172310.990,354.760,0.006
-443825.800,-1172311.620,354.300,0.016
-443825.550,-1172311.830,354.210,0.012
-443825.300,-1172312.040,354.080,0.009
-443824.820,-1172312.450,353.830,0.007
-443824.570,-1172312.660,353.680,0.008
-443824.340,-1172312.860,353.590,0.004
-443827.040,-1172310.190,355.320,0.009
-443825.580,-1172311.430,354.530,0.011
-443825.100,-1172311.840,354.240,0.009
-443824.880,-1172312.030,354.140,0.006
-443824.630,-1172312.240,354.020,0.007
-443824.390,-1172312.440,353.880,0.006
-443820.710,-1172315.560,353.220,0.020
-443825.810,-1172310.810,354.980,0.008
-443825.350,-1172311.200,354.740,0.004
-443825.100,-1172311.410,354.590,0.006
-443824.860,-1172311.620,354.460,0.004
-443824.630,-1172311.810,354.350,0.004
-443825.810,-1172310.270,355.370,0.005
-443825.570,-1172310.470,355.240,0.002
-443825.330,-1172310.670,355.100,0.003
-443825.080,-1172310.890,354.950,0.003
-443824.860,-1172311.070,354.810,0.009
-443824.610,-1172311.290,354.760,0.010
-443824.350,-1172311.510,354.570,0.008
-443819.700,-1172315.450,353.400,0.026
-443819.470,-1172315.650,353.240,0.014
-443825.210,-1172310.200,355.430,0.020
-443824.740,-1172310.600,354.940,0.036
-443824.480,-1172310.820,355.020,0.039
-443819.850,-1172314.750,353.910,0.005
-443819.370,-1172315.160,353.650,0.013
-443820.600,-1172313.690,354.630,0.009
-443820.360,-1172313.890,354.600,0.016
-443819.170,-1172314.900,353.860,0.015
-443818.210,-1172315.710,353.230,0.012
-443820.690,-1172313.170,355.050,0.016
-443820.440,-1172313.390,354.880,0.008
-443820.200,-1172313.590,354.790,0.008
-443819.700,-1172314.010,354.470,0.014
-443820.140,-1172313.130,355.170,0.010
-443819.400,-1172313.760,354.710,0.011
-443818.900,-1172314.190,354.450,0.013
-443818.670,-1172314.390,354.230,0.008
-443817.220,-1172315.610,353.510,0.012
-443816.970,-1172315.830,353.330,0.006
-443816.710,-1172316.040,353.220,0.005
-443797.630,-1172331.680,350.830,0.030
-443818.420,-1172314.040,354.560,0.012
-443817.940,-1172314.440,354.320,0.022
-443817.680,-1172314.660,354.110,0.021
-443817.440,-1172314.870,354.030,0.019
-443817.210,-1172315.060,353.910,0.005
-443816.240,-1172315.890,353.320,0.015
-443819.160,-1172312.980,355.270,0.011
-443818.920,-1172313.190,355.220,0.008
-443818.420,-1172313.610,354.870,0.006
-443817.710,-1172314.220,354.490,0.009
-443817.000,-1172314.820,354.090,0.017
-443818.280,-1172313.290,355.130,0.005
-443818.030,-1172313.500,355.030,0.011
-443815.880,-1172315.330,353.770,0.011
-443815.650,-1172315.520,353.630,0.004
-443818.090,-1172313.060,355.360,0.003
-443815.930,-1172314.890,354.060,0.024
-443814.450,-1172316.140,353.340,0.012
-443815.820,-1172314.480,354.480,0.014
-443817.520,-1172313.030,355.420,0.006
-443817.290,-1172313.240,355.280,0.011
-443816.280,-1172313.730,355.020,0.007
-443816.040,-1172313.940,354.890,0.016
-443815.800,-1172314.140,354.740,0.042
-443815.060,-1172314.770,354.320,0.020
-443814.320,-1172315.390,353.860,0.016
-443816.340,-1172313.200,355.400,0.009
-443815.620,-1172313.820,354.950,0.015
-443815.750,-1172313.250,355.380,0.017
-443814.570,-1172314.250,354.660,0.012
-443814.320,-1172314.460,354.570,0.018
-443813.620,-1172315.050,354.130,0.009
-443812.840,-1172315.200,354.070,0.017
-443812.610,-1172315.400,353.910,0.004
-443812.360,-1172315.610,353.780,0.021
-443814.000,-1172313.920,354.980,0.007
-443813.040,-1172314.730,354.410,0.008
-443812.800,-1172314.930,354.290,0.011
-443812.560,-1172315.140,354.160,0.006
-443812.300,-1172315.360,354.030,0.018
-443813.220,-1172314.140,354.860,0.006
-443812.980,-1172314.340,354.720,0.005
-443812.740,-1172314.550,354.580,0.003
-443810.790,-1172316.200,353.570,0.009
-443812.480,-1172314.300,354.810,0.005
-443812.220,-1172314.520,354.650,0.008
-443811.990,-1172314.720,354.500,0.005
-443810.820,-1172315.710,353.920,0.008
-443812.700,-1172313.500,355.350,0.005
-443812.470,-1172313.690,355.210,0.008
-443812.230,-1172313.890,355.090,0.010
-443811.990,-1172314.100,354.940,0.014
-443811.510,-1172314.500,354.950,0.039
-443810.530,-1172315.340,354.180,0.020
-443809.560,-1172316.160,353.660,0.015
-443809.310,-1172316.370,353.470,0.010
-443809.060,-1172316.580,353.360,0.012
-443808.820,-1172316.790,353.170,0.011
-443808.350,-1172316.770,353.280,0.009
-443812.000,-1172313.670,355.330,0.018
-443810.540,-1172314.910,354.560,0.017
-443809.090,-1172316.140,353.750,0.018
-443808.850,-1172315.780,354.080,0.010
-443808.360,-1172316.200,353.740,0.013
-443808.110,-1172316.410,353.610,0.009
-443807.870,-1172316.610,353.490,0.014
-443807.630,-1172316.820,353.330,0.019
-443809.790,-1172314.400,355.000,0.008
-443808.080,-1172315.850,354.040,0.010
-443807.850,-1172316.050,353.910,0.006
-443807.130,-1172316.650,353.520,0.008
-443806.890,-1172316.860,353.380,0.006
-443806.650,-1172317.060,353.230,0.007
-443809.240,-1172314.280,355.100,0.006
-443808.980,-1172314.500,354.980,0.008
-443808.760,-1172314.690,354.860,0.010
-443807.570,-1172315.700,354.120,0.008
-443807.090,-1172316.100,353.900,0.027
-443806.860,-1172316.300,353.800,0.032
-443806.120,-1172316.930,353.340,0.008
-443808.820,-1172314.220,355.220,0.006
-443808.100,-1172314.820,354.820,0.007
-443807.600,-1172315.250,354.550,0.009
-443807.370,-1172315.440,354.420,0.009
-443805.900,-1172316.690,353.580,0.011
-443805.670,-1172316.890,353.460,0.007
-443808.620,-1172313.940,355.470,0.017
-443805.690,-1172316.420,353.810,0.022
-443805.470,-1172316.610,353.700,0.012
-443805.220,-1172316.830,353.520,0.008
-443807.780,-1172314.170,355.370,0.011
-443806.830,-1172314.970,354.770,0.010
-443804.630,-1172316.840,353.600,0.019
-443804.390,-1172317.040,353.490,0.019
-443804.790,-1172315.730,354.180,0.055
-443804.040,-1172316.360,353.880,0.023
-443807.260,-1172314.060,355.420,0.011
-443807.010,-1172314.280,355.300,0.008
-443806.760,-1172314.490,355.140,0.013
-443806.520,-1172314.690,355.000,0.015
-443806.280,-1172314.890,354.850,0.023
-443805.540,-1172315.520,354.480,0.013
-443805.310,-1172315.720,354.280,0.014
-443805.080,-1172315.920,354.180,0.043
-443804.840,-1172316.110,354.050,0.038
-443806.430,-1172314.340,355.340,0.017
-443806.190,-1172314.540,355.220,0.017
-443805.350,-1172314.700,355.140,0.007
-443805.100,-1172314.910,355.020,0.009
-443804.850,-1172315.120,354.870,0.010
-443804.600,-1172315.330,354.710,0.011
-443803.130,-1172316.580,353.950,0.005
-443804.950,-1172314.450,355.400,0.008
-443804.450,-1172314.880,355.120,0.010
-443803.950,-1172315.300,354.840,0.013
-443803.710,-1172315.510,354.710,0.005
-443803.480,-1172315.700,354.580,0.012
-443803.250,-1172315.900,354.430,0.007
-443802.990,-1172316.120,354.300,0.007
-443802.740,-1172316.330,354.220,0.007
-443802.510,-1172316.520,354.030,0.008
-443802.250,-1172316.740,353.930,0.008
-443804.160,-1172314.520,355.370,0.004
-443803.650,-1172314.950,355.100,0.013
-443802.670,-1172315.780,354.540,0.005
-443803.260,-1172314.900,355.170,0.011
-443803.000,-1172315.110,355.100,0.008
-443802.770,-1172315.310,354.980,0.015
-443802.520,-1172315.520,354.780,0.010
-443802.300,-1172315.710,354.660,0.007
-443802.950,-1172314.710,355.390,0.011
-443802.720,-1172314.900,355.280,0.013
-443802.480,-1172315.110,355.100,0.014
-443802.470,-1172314.660,355.490,0.018
-443719.650,-1172299.440,355.270,0.004
-443719.390,-1172299.650,355.150,0.007
-443723.230,-1172298.830,355.540,0.014
-443722.530,-1172299.410,355.000,0.033
-443722.290,-1172299.620,354.840,0.029
-443722.030,-1172299.830,354.830,0.038
-443722.330,-1172299.050,355.370,0.013
-443722.090,-1172299.250,355.290,0.020
-443722.880,-1172299.600,354.810,0.019
-443723.310,-1172299.630,354.830,0.009
-443724.400,-1172299.050,355.150,0.005
-443725.990,-1172298.580,355.480,0.023
-443725.010,-1172299.400,354.820,0.041
-443726.650,-1172298.850,355.090,0.011
-443726.400,-1172299.070,354.920,0.014
-443726.640,-1172298.490,355.450,0.006
-443726.410,-1172298.680,355.310,0.007
-443725.910,-1172299.100,354.960,0.013
-443727.260,-1172298.910,354.980,0.017
-443727.020,-1172299.100,354.840,0.016
-443726.790,-1172299.290,354.710,0.017
-443728.560,-1172298.230,355.520,0.015
-443727.580,-1172299.050,354.850,0.023
-443727.330,-1172299.250,354.750,0.029
-443729.070,-1172298.190,355.460,0.016
-443728.340,-1172298.790,354.970,0.027
-443728.620,-1172298.820,354.900,0.020
-443728.380,-1172299.020,354.810,0.029
-443729.250,-1172298.710,354.950,0.020
-443734.670,-1172297.490,355.490,0.006
-443734.420,-1172297.700,355.300,0.017
-443734.170,-1172297.900,355.180,0.018
-443734.760,-1172298.020,354.990,0.012
-443735.450,-1172297.920,355.050,0.012
-443774.830,-1172321.600,355.350,0.071
-443774.250,-1172321.740,355.350,0.061
-443770.630,-1172322.230,355.180,0.050
-443754.920,-1172334.020,355.100,0.095
-443726.910,-1172325.220,355.500,0.022
-443726.690,-1172325.410,355.380,0.015
-443725.020,-1172326.330,354.870,0.024
-443725.160,-1172325.800,355.180,0.019
-443724.630,-1172325.610,355.410,0.012
-443724.370,-1172325.830,355.290,0.010
-443724.130,-1172326.030,355.140,0.016
-443723.880,-1172326.240,355.010,0.018
-443723.640,-1172326.440,354.880,0.014
-443723.700,-1172326.030,355.150,0.013
-443722.970,-1172326.650,354.750,0.008
-443723.100,-1172325.640,355.480,0.011
-443722.070,-1172326.510,354.930,0.020
-443723.210,-1172325.910,355.280,0.005
-443722.970,-1172326.120,355.180,0.006
-443721.730,-1172327.150,354.480,0.034
-443721.500,-1172326.420,355.080,0.005
-443721.780,-1172325.910,355.400,0.006
-443721.530,-1172326.120,355.250,0.014
-443719.870,-1172342.930,352.740,0.073
-443721.260,-1172326.620,354.960,0.044
-443721.000,-1172326.840,354.830,0.032
-443720.950,-1172326.130,355.350,0.018
-443720.720,-1172326.330,355.210,0.020
-443720.460,-1172326.550,355.100,0.017
-443719.580,-1172326.240,355.360,0.022
-443721.290,-1172326.330,355.160,0.075
-443720.800,-1172326.740,354.870,0.006
-443719.600,-1172325.910,355.580,0.019
-443719.360,-1172326.110,355.470,0.014
-443720.890,-1172325.760,355.560,0.014
-443717.380,-1172326.410,355.440,0.032
-443719.150,-1172299.850,355.020,0.013
-443718.940,-1172299.630,355.200,0.009
-443718.700,-1172299.830,355.070,0.010
-443718.130,-1172299.840,355.150,0.014
-443718.330,-1172299.080,355.590,0.014
-443717.330,-1172299.920,355.140,0.028
-443717.380,-1172299.290,355.530,0.007
-443717.130,-1172299.500,355.420,0.059
-443716.170,-1172300.300,354.920,0.054
-443711.930,-1172300.170,353.630,0.008
-443711.800,-1172299.010,354.350,0.012
-443711.560,-1172299.210,354.240,0.010
-443709.430,-1172300.140,355.060,0.010
-443708.540,-1172299.850,355.420,0.013
-443706.960,-1172300.590,354.830,0.010
-443706.770,-1172300.380,355.080,0.011
-443705.730,-1172300.840,354.780,0.036
-443835.560,-1172338.490,370.950,0.088
-443837.510,-1172370.910,374.360,0.066
-443845.840,-1172370.420,374.630,0.094
-443845.600,-1172370.620,374.330,0.056
-443846.840,-1172370.530,374.370,0.099
-443720.170,-1172294.820,358.110,0.016
-443719.610,-1172297.000,356.780,0.010
-443720.550,-1172297.240,356.590,0.010
-443720.300,-1172297.450,356.450,0.018
-443722.370,-1172296.780,357.590,0.033
-443721.340,-1172298.030,356.030,0.017
-443722.800,-1172297.810,356.530,0.034
-443722.570,-1172298.010,356.360,0.019
-443722.450,-1172297.620,356.750,0.019
-443724.540,-1172297.210,356.910,0.020
-443724.050,-1172297.620,356.560,0.010
-443724.950,-1172297.400,356.660,0.005
-443724.100,-1172298.580,355.650,0.015
-443726.540,-1172296.940,356.930,0.013
-443727.870,-1172296.150,357.530,0.020
-443727.150,-1172296.750,357.030,0.006
-443726.650,-1172297.170,356.670,0.011
-443727.380,-1172297.030,356.780,0.008
-443727.150,-1172297.220,356.620,0.016
-443728.680,-1172296.330,357.340,0.015
-443726.950,-1172297.780,356.090,0.029
-443727.390,-1172297.860,355.960,0.011
-443734.250,-1172292.520,359.770,0.052
-443734.000,-1172292.730,359.540,0.030
-443728.360,-1172297.430,356.270,0.011
-443727.630,-1172298.040,355.750,0.021
-443729.000,-1172297.460,356.190,0.006
-443728.270,-1172298.060,355.680,0.015
-443728.800,-1172298.030,355.660,0.016
-443735.420,-1172292.510,359.640,0.037
-443735.180,-1172292.710,359.390,0.034
-443734.680,-1172293.130,359.120,0.013
-443734.430,-1172293.340,358.970,0.003
-443734.170,-1172293.550,358.860,0.020
-443736.180,-1172292.260,359.650,0.013
-443735.950,-1172292.450,359.550,0.019
-443735.450,-1172292.870,359.240,0.004
-443735.220,-1172293.060,359.070,0.007
-443734.970,-1172293.270,358.960,0.011
-443734.720,-1172293.480,358.790,0.014
-443734.470,-1172293.690,358.690,0.010
-443735.260,-1172293.280,358.900,0.003
-443735.010,-1172293.490,358.770,0.002
-443734.780,-1172293.680,358.650,0.011
-443734.540,-1172293.880,358.530,0.030
-443737.070,-1172292.200,359.640,0.039
-443736.600,-1172292.590,359.360,0.016
-443735.600,-1172293.420,358.760,0.021
-443735.350,-1172293.630,358.620,0.016
-443735.110,-1172293.830,358.470,0.003
-443734.650,-1172294.220,358.240,0.027
-443734.390,-1172294.430,358.060,0.013
-443734.160,-1172294.620,357.920,0.014
-443737.450,-1172292.280,359.540,0.016
-443736.970,-1172292.680,359.200,0.012
-443735.750,-1172293.700,358.520,0.020
-443735.500,-1172293.900,358.360,0.020
-443735.260,-1172294.110,358.250,0.019
-443734.510,-1172294.730,357.820,0.019
-443735.680,-1172294.220,358.040,0.007
-443735.420,-1172294.430,357.930,0.010
-443734.680,-1172295.050,357.510,0.009
-443734.420,-1172295.260,357.360,0.010
-443735.120,-1172295.090,357.410,0.010
-443734.640,-1172295.480,357.140,0.019
-443735.450,-1172295.400,357.120,0.016
-443735.200,-1172295.610,356.960,0.009
-443734.930,-1172295.830,356.830,0.011
-443734.670,-1172296.050,356.680,0.017
-443739.910,-1172292.170,359.360,0.007
-443734.540,-1172296.640,356.210,0.019
-443735.190,-1172296.620,356.130,0.011
-443740.800,-1172291.940,359.510,0.018
-443740.550,-1172292.150,359.320,0.016
-443740.290,-1172292.370,359.160,0.018
-443741.270,-1172291.990,359.410,0.011
-443735.150,-1172297.090,355.710,0.009
-443734.900,-1172297.290,355.610,0.009
-443741.390,-1172292.490,358.950,0.009
-443741.150,-1172292.690,358.810,0.009
-443740.930,-1172292.880,358.630,0.013
-443741.800,-1172292.620,358.850,0.008
-443741.550,-1172292.830,358.670,0.008
-443741.320,-1172293.030,358.550,0.008
-443742.540,-1172292.870,358.580,0.009
-443742.060,-1172293.270,358.290,0.013
-443742.530,-1172293.910,357.720,0.032
-443742.830,-1172295.070,356.710,0.035
-443742.830,-1172295.510,356.360,0.009
-443721.050,-1172321.230,358.840,0.024
-443721.120,-1172321.480,358.650,0.012
-443722.820,-1172321.110,358.960,0.025
-443721.850,-1172321.920,358.290,0.008
-443721.600,-1172322.130,358.140,0.010
-443723.590,-1172320.970,358.810,0.012
-443722.840,-1172321.590,358.420,0.007
-443722.340,-1172322.010,358.170,0.014
-443721.580,-1172322.640,357.770,0.005
-443721.350,-1172322.840,357.660,0.008
-443721.100,-1172323.050,357.510,0.014
-443723.540,-1172321.260,358.600,0.021
-443723.280,-1172321.480,358.510,0.025
-443722.550,-1172322.080,358.110,0.017
-443722.310,-1172322.290,357.980,0.014
-443721.300,-1172323.130,357.460,0.013
-443724.630,-1172320.860,358.830,0.018
-443722.900,-1172322.310,357.930,0.020
-443722.390,-1172322.740,357.640,0.014
-443722.140,-1172322.950,357.530,0.013
-443721.170,-1172323.760,357.000,0.011
-443724.160,-1172321.640,358.330,0.014
-443723.920,-1172321.850,358.210,0.020
-443723.190,-1172322.460,357.830,0.016
-443722.200,-1172323.290,357.310,0.038
-443721.950,-1172323.490,357.190,0.019
-443721.580,-1172324.250,356.610,0.025
-443725.010,-1172321.380,358.420,0.013
-443724.770,-1172321.580,358.290,0.027
-443723.550,-1172322.600,357.670,0.018
-443722.830,-1172323.210,357.270,0.020
-443725.010,-1172321.700,358.190,0.021
-443724.750,-1172321.910,358.060,0.026
-443724.490,-1172322.130,357.920,0.027
-443723.740,-1172322.760,357.530,0.016
-443722.540,-1172323.770,356.890,0.020
-443721.570,-1172324.570,356.350,0.021
-443721.320,-1172324.790,356.250,0.016
-443725.550,-1172321.850,358.000,0.030
-443724.820,-1172322.470,357.640,0.003
-443724.570,-1172322.680,357.510,0.005
-443724.330,-1172322.870,357.390,0.005
-443723.340,-1172323.700,356.860,0.030
-443722.110,-1172324.730,356.210,0.029
-443721.380,-1172325.350,355.840,0.007
-443726.160,-1172321.780,358.070,0.014
-443725.910,-1172321.980,357.910,0.019
-443725.390,-1172322.420,357.670,0.020
-443726.500,-1172321.960,357.870,0.013
-443725.760,-1172322.580,357.490,0.014
-443725.500,-1172322.800,357.340,0.022
-443724.780,-1172323.410,356.980,0.016
-443724.010,-1172324.050,356.580,0.011
-443723.750,-1172324.270,356.450,0.011
-443722.540,-1172325.280,355.760,0.011
-443726.680,-1172322.080,357.790,0.016
-443725.710,-1172322.890,357.290,0.019
-443724.730,-1172323.710,356.790,0.015
-443722.720,-1172325.400,355.700,0.009
-443723.360,-1172325.430,355.610,0.015
-443727.150,-1172322.620,357.380,0.014
-443726.900,-1172322.820,357.260,0.014
-443725.420,-1172324.060,356.480,0.006
-443725.150,-1172324.280,356.370,0.020
-443724.920,-1172324.480,356.220,0.014
-443724.200,-1172325.090,355.870,0.015
-443727.150,-1172323.140,356.920,0.048
-443726.660,-1172323.550,356.740,0.012
-443724.910,-1172325.020,355.800,0.011
-443724.670,-1172325.220,355.660,0.014
-443726.600,-1172323.960,356.470,0.024
-443726.160,-1172324.960,355.760,0.024
-443727.010,-1172324.660,355.920,0.015
-443733.020,-1172320.350,361.640,0.007
-443732.320,-1172321.440,361.090,0.017
-443731.340,-1172322.260,360.660,0.025
-443733.330,-1172321.410,361.020,0.007
-443734.830,-1172320.530,361.450,0.006
-443734.570,-1172320.750,361.340,0.018
-443734.330,-1172320.950,361.280,0.026
-443733.110,-1172321.980,360.660,0.002
-443732.840,-1172322.200,360.560,0.017
-443733.840,-1172322.020,360.580,0.015
-443731.380,-1172324.080,359.420,0.005
-443735.190,-1172321.380,360.890,0.014
-443733.980,-1172322.390,360.330,0.018
-443731.990,-1172324.070,359.400,0.008
-443736.440,-1172320.910,361.090,0.011
-443735.940,-1172321.330,360.850,0.021
-443735.230,-1172321.930,360.530,0.055
-443733.770,-1172323.150,359.870,0.022
-443733.540,-1172323.350,359.750,0.020
-443733.030,-1172323.770,359.520,0.015
-443732.790,-1172323.980,359.440,0.025
-443731.560,-1172325.010,358.840,0.031
-443736.630,-1172321.060,360.980,0.005
-443736.380,-1172321.270,360.840,0.011
-443735.640,-1172321.890,360.520,0.021
-443739.080,-1172319.580,361.740,0.015
-443735.630,-1172322.480,360.120,0.018
-443735.390,-1172322.680,360.070,0.023
-443733.410,-1172324.340,359.110,0.006
-443735.340,-1172323.180,359.710,0.021
-443734.350,-1172324.000,359.270,0.011
-443741.980,-1172318.240,360.420,0.072
-443739.510,-1172320.310,361.230,0.005
-443738.550,-1172321.120,360.760,0.010
-443736.600,-1172322.760,359.870,0.014
-443735.100,-1172324.020,359.190,0.016
-443734.130,-1172324.830,358.760,0.016
-443739.400,-1172320.840,360.880,0.013
-443738.170,-1172321.880,360.320,0.019
-443735.000,-1172324.540,358.880,0.020
-443733.750,-1172325.590,358.250,0.026
-443742.850,-1172317.950,360.590,0.012
-443742.370,-1172318.360,360.290,0.007
-443742.120,-1172318.560,360.190,0.022
-443743.680,-1172317.980,360.440,0.017
-443743.440,-1172318.180,360.350,0.024
-443742.220,-1172319.210,359.780,0.009
-443743.290,-1172318.720,360.010,0.032
-443736.410,-1172324.500,358.800,0.006
-443744.610,-1172318.100,360.310,0.013
-443741.680,-1172320.560,359.090,0.048
-443736.250,-1172325.120,358.420,0.006
-443742.920,-1172319.750,359.320,0.012
-443745.320,-1172318.320,360.090,0.013
-443745.080,-1172318.530,359.980,0.014
-443744.820,-1172318.750,359.850,0.011
-443744.330,-1172319.160,359.590,0.003
-443744.070,-1172319.380,359.470,0.003
-443742.100,-1172321.030,358.530,0.006
-443745.270,-1172318.750,359.830,0.017
-443744.780,-1172319.160,359.700,0.023
-443741.830,-1172321.640,358.060,0.049
-443746.490,-1172318.300,360.030,0.012
-443746.250,-1172318.500,359.900,0.011
-443743.560,-1172320.760,358.600,0.008
-443740.360,-1172323.460,360.090,0.006
-443743.310,-1172321.340,358.270,0.027
-443738.140,-1172325.690,358.820,0.026
-443740.870,-1172324.000,359.740,0.015
-443739.650,-1172325.030,359.090,0.027
-443739.470,-1172325.590,358.770,0.007
-443739.240,-1172325.780,358.680,0.013
-443745.770,-1172319.880,359.000,0.009
-443745.510,-1172320.100,358.890,0.009
-443744.790,-1172320.700,358.500,0.029
-443747.800,-1172318.580,359.740,0.016
-443744.850,-1172321.060,358.330,0.018
-443746.290,-1172320.410,358.600,0.006
-443745.560,-1172321.020,358.280,0.014
-443740.200,-1172325.540,358.760,0.006
-443746.480,-1172320.540,358.530,0.009
-443745.980,-1172320.960,358.290,0.009
-443748.830,-1172319.190,359.250,0.030
-443740.760,-1172325.980,358.450,0.022
-443748.490,-1172319.880,358.860,0.013
-443747.270,-1172320.900,358.260,0.022
-443749.080,-1172319.910,358.760,0.009
-443748.840,-1172320.120,358.620,0.007
-443748.330,-1172320.540,358.380,0.023
-443765.500,-1172316.470,361.650,0.054
-443766.410,-1172316.560,361.400,0.005
-443765.990,-1172317.290,360.980,0.010
-443768.740,-1172316.010,361.580,0.014
-443765.800,-1172319.410,359.810,0.015
-443769.880,-1172317.870,359.520,0.008
-443767.490,-1172320.840,358.870,0.022
-443767.230,-1172321.060,358.740,0.015
-443770.930,-1172317.530,359.690,0.004
-443770.440,-1172317.950,359.380,0.011
-443769.940,-1172318.360,359.080,0.007
-443773.250,-1172316.830,360.030,0.016
-443772.490,-1172317.470,359.540,0.015
-443770.810,-1172318.880,358.380,0.012
-443770.090,-1172319.490,357.910,0.031
-443768.620,-1172320.730,358.780,0.019
-443767.120,-1172322.000,358.150,0.009
-443773.150,-1172317.560,359.470,0.018
-443772.160,-1172318.400,358.760,0.005
-443770.930,-1172319.440,357.920,0.007
-443772.580,-1172319.100,358.060,0.012
-443772.320,-1172319.320,357.870,0.009
-443775.540,-1172316.050,360.760,0.018
-443772.600,-1172318.520,358.590,0.004
-443771.870,-1172319.140,358.090,0.024
-443771.630,-1172319.350,357.930,0.019
-443775.730,-1172316.440,360.350,0.008
-443776.000,-1172317.210,359.570,0.011
-443773.830,-1172319.040,357.930,0.026
-443773.110,-1172319.650,357.490,0.003
-443772.880,-1172319.840,357.320,0.002
-443775.980,-1172317.710,359.100,0.013
-443775.470,-1172318.140,358.700,0.012
-443772.820,-1172320.380,356.830,0.007
-443772.320,-1172320.800,356.530,0.015
-443771.600,-1172321.410,356.020,0.006
-443774.330,-1172319.670,357.360,0.011
-443773.340,-1172320.500,356.690,0.006
-443772.610,-1172321.120,356.200,0.027
-443776.070,-1172318.610,358.190,0.009
-443775.830,-1172318.810,358.040,0.009
-443775.330,-1172319.230,357.670,0.052
-443773.140,-1172321.090,356.160,0.017
-443772.890,-1172321.300,356.000,0.019
-443776.230,-1172319.100,357.720,0.011
-443774.780,-1172320.320,356.750,0.026
-443779.880,-1172316.490,360.010,0.002
-443775.290,-1172320.370,356.680,0.032
-443782.030,-1172315.160,360.630,0.003
-443781.770,-1172315.390,360.520,0.003
-443780.070,-1172316.820,359.750,0.006
-443776.160,-1172320.130,356.750,0.011
-443774.980,-1172321.120,355.940,0.011
-443781.170,-1172316.250,359.990,0.003
-443780.920,-1172316.460,359.870,0.003
-443780.430,-1172316.870,359.670,0.006
-443779.940,-1172317.290,359.400,0.007
-443779.710,-1172317.480,359.310,0.004
-443783.970,-1172314.480,361.090,0.015
-443783.730,-1172314.680,360.840,0.015
-443785.400,-1172314.150,361.060,0.005
-443785.160,-1172314.350,360.940,0.005
-443784.900,-1172314.570,360.800,0.007
-443784.660,-1172314.780,360.700,0.003
-443784.190,-1172315.170,360.470,0.003
-443783.440,-1172315.810,360.130,0.003
-443783.190,-1172316.010,360.000,0.003
-443782.940,-1172316.230,359.910,0.002
-443782.230,-1172316.830,359.550,0.008
-443781.980,-1172317.040,359.460,0.006
-443781.740,-1172317.240,359.310,0.005
-443781.500,-1172317.440,359.220,0.003
-443781.250,-1172317.660,359.100,0.006
-443780.990,-1172317.880,358.990,0.005
-443779.560,-1172319.080,358.330,0.005
-443785.420,-1172314.380,360.870,0.004
-443785.180,-1172314.580,360.760,0.004
-443784.210,-1172315.400,360.280,0.006
-443783.960,-1172315.610,360.170,0.003
-443783.730,-1172315.810,360.050,0.005
-443782.250,-1172317.060,359.360,0.010
-443782.010,-1172317.260,359.250,0.007
-443781.780,-1172317.460,359.140,0.003
-443781.540,-1172317.660,359.030,0.005
-443781.290,-1172317.870,358.930,0.007
-443781.030,-1172318.090,358.790,0.007
-443780.800,-1172318.280,358.690,0.005
-443780.560,-1172318.490,358.580,0.003
-443780.300,-1172318.710,358.470,0.003
-443780.050,-1172318.920,358.340,0.003
-443779.810,-1172319.120,358.250,0.005
-443779.560,-1172319.330,358.140,0.004
-443784.940,-1172315.670,360.050,0.016
-443784.710,-1172315.860,359.950,0.012
-443783.750,-1172316.670,359.510,0.003
-443781.570,-1172318.520,358.470,0.005
-443785.800,-1172314.530,360.770,0.013
-443783.180,-1172317.990,358.690,0.009
-443783.070,-1172319.070,357.980,0.006
-443785.970,-1172316.190,359.670,0.003
-443785.230,-1172316.820,359.340,0.007
-443784.970,-1172317.040,359.210,0.007
-443785.530,-1172317.470,358.870,0.006
-443785.280,-1172317.680,358.780,0.009
-443785.040,-1172317.880,358.630,0.004
-443784.950,-1172318.350,358.320,0.008
-443784.710,-1172318.550,358.200,0.006
-443783.250,-1172319.790,357.520,0.010
-443786.480,-1172316.660,359.350,0.011
-443786.240,-1172316.870,359.220,0.018
-443790.940,-1172313.940,360.790,0.007
-443790.690,-1172314.160,360.670,0.009
-443790.440,-1172314.370,360.570,0.005
-443791.670,-1172313.930,360.730,0.021
-443791.060,-1172315.470,359.750,0.010
-443789.370,-1172316.900,359.940,0.030
-443788.880,-1172317.310,359.810,0.013
-443788.650,-1172317.510,359.580,0.016
-443788.400,-1172317.730,359.440,0.004
-443792.300,-1172313.950,360.680,0.018
-443793.240,-1172313.620,360.820,0.028
-443792.040,-1172314.640,360.230,0.007
-443791.540,-1172315.060,360.010,0.012
-443788.060,-1172319.200,358.510,0.011
-443787.820,-1172319.400,358.410,0.007
-443787.330,-1172319.810,358.190,0.005
-443795.930,-1172313.070,360.980,0.013
-443795.470,-1172313.470,360.760,0.014
-443794.970,-1172313.890,360.550,0.013
-443794.730,-1172314.090,360.430,0.041
-443793.910,-1172315.880,359.340,0.022
-443790.790,-1172318.520,358.660,0.007
-443789.810,-1172319.350,358.440,0.022
-443789.060,-1172319.990,357.940,0.005
-443788.810,-1172320.200,357.800,0.004
-443789.770,-1172318.770,358.800,0.031
-443796.810,-1172313.980,360.300,0.007
-443795.320,-1172315.240,359.670,0.003
-443795.090,-1172315.440,359.540,0.004
-443794.850,-1172315.640,359.420,0.007
-443794.120,-1172316.260,359.070,0.002
-443796.830,-1172313.410,360.710,0.012
-443795.630,-1172314.420,360.170,0.022
-443797.520,-1172313.930,360.310,0.006
-443797.280,-1172314.140,360.230,0.006
-443796.300,-1172314.970,359.770,0.010
-443790.230,-1172320.110,357.740,0.027
-443789.990,-1172320.310,357.670,0.020
-443796.350,-1172316.000,359.080,0.005
-443796.810,-1172316.070,359.000,0.009
-443792.920,-1172320.150,357.500,0.010
-443795.500,-1172317.590,358.200,0.007
-443803.940,-1172312.450,356.980,0.013
-443803.710,-1172312.640,356.890,0.008
-443803.220,-1172313.060,356.640,0.007
-443802.980,-1172313.260,356.460,0.013
-443802.470,-1172313.690,356.220,0.013
-443802.000,-1172314.090,355.970,0.016
-443796.350,-1172318.880,357.310,0.009
-443803.930,-1172311.920,357.420,0.008
-443803.670,-1172312.130,357.320,0.008
-443803.430,-1172312.340,357.130,0.006
-443803.180,-1172312.550,357.000,0.007
-443802.950,-1172312.750,356.850,0.007
-443794.620,-1172319.800,357.500,0.033
-443794.140,-1172320.210,357.310,0.005
-443802.960,-1172314.250,355.760,0.005
-443802.710,-1172314.460,355.630,0.005
-443804.020,-1172312.800,356.760,0.006
-443803.790,-1172312.990,356.590,0.003
-443803.560,-1172313.190,356.460,0.006
-443803.310,-1172313.400,356.300,0.008
-443803.080,-1172313.600,356.170,0.015
-443802.830,-1172313.810,356.080,0.016
-443802.570,-1172314.030,355.930,0.013
-443802.330,-1172314.230,355.820,0.010
-443802.110,-1172314.420,355.710,0.009
-443808.510,-1172310.000,358.580,0.007
-443808.280,-1172310.190,358.420,0.009
-443808.050,-1172310.390,358.240,0.008
-443807.800,-1172310.600,358.160,0.008
-443807.550,-1172310.810,358.040,0.005
-443804.870,-1172313.080,356.440,0.007
-443804.630,-1172313.290,356.310,0.005
-443804.390,-1172313.490,356.170,0.003
-443804.140,-1172313.700,356.020,0.005
-443803.910,-1172313.900,355.940,0.007
-443803.670,-1172314.100,355.760,0.009
-443803.420,-1172314.310,355.660,0.009
-443803.180,-1172314.510,355.540,0.006
-443807.520,-1172310.380,358.340,0.011
-443807.290,-1172310.580,358.220,0.007
-443805.330,-1172312.230,357.110,0.008
-443804.620,-1172312.840,356.650,0.008
-443804.360,-1172313.060,356.530,0.007
-443803.430,-1172313.840,356.040,0.013
-443803.190,-1172314.050,355.880,0.014
-443809.680,-1172309.850,358.630,0.011
-443809.200,-1172310.250,358.230,0.013
-443808.970,-1172310.450,358.120,0.016
-443808.500,-1172310.840,357.860,0.014
-443808.260,-1172311.040,357.790,0.009
-443808.020,-1172311.250,357.620,0.015
-443807.070,-1172312.050,357.030,0.009
-443806.820,-1172312.270,356.890,0.008
-443806.570,-1172312.480,356.790,0.008
-443806.110,-1172312.870,356.430,0.012
-443805.850,-1172313.090,356.300,0.012
-443805.610,-1172313.300,356.150,0.008
-443804.860,-1172313.930,355.740,0.014
-443804.390,-1172314.330,355.500,0.004
-443808.600,-1172310.370,358.230,0.007
-443807.630,-1172311.190,357.890,0.018
-443806.920,-1172311.790,357.230,0.006
-443806.670,-1172312.010,357.130,0.007
-443805.930,-1172312.630,356.700,0.007
-443804.980,-1172313.440,356.160,0.005
-443804.710,-1172313.660,356.000,0.007
-443804.460,-1172313.880,355.860,0.008
-443804.240,-1172314.060,355.760,0.009
-443810.310,-1172311.050,357.580,0.005
-443809.570,-1172311.680,357.120,0.014
-443809.340,-1172311.870,357.000,0.011
-443808.880,-1172312.260,356.720,0.010
-443808.620,-1172312.480,356.610,0.014
-443806.910,-1172313.930,355.610,0.009
-443811.100,-1172309.830,358.700,0.039
-443810.150,-1172310.630,357.920,0.006
-443809.190,-1172311.450,357.310,0.015
-443808.440,-1172312.070,356.980,0.016
-443807.740,-1172312.680,356.460,0.017
-443806.780,-1172313.490,355.930,0.010
-443806.540,-1172313.690,355.810,0.006
-443806.280,-1172313.910,355.660,0.005
-443805.830,-1172314.290,355.560,0.012
-443809.250,-1172310.810,357.840,0.008
-443808.290,-1172311.620,357.320,0.016
-443807.120,-1172312.620,356.610,0.015
-443806.890,-1172312.810,356.480,0.007
-443806.640,-1172313.020,356.340,0.004
-443806.400,-1172313.230,356.190,0.005
-443805.910,-1172313.640,355.920,0.010
-443805.650,-1172313.860,355.820,0.017
-443805.420,-1172314.050,355.660,0.019
-443805.200,-1172314.240,355.520,0.011
-443811.740,-1172311.300,357.200,0.044
-443809.350,-1172313.320,355.890,0.011
-443813.330,-1172309.460,358.540,0.006
-443809.690,-1172312.000,356.820,0.019
-443808.940,-1172312.640,356.390,0.010
-443808.700,-1172312.840,356.260,0.014
-443808.460,-1172313.050,356.110,0.007
-443808.230,-1172313.240,355.990,0.005
-443813.660,-1172311.120,357.160,0.008
-443813.430,-1172311.310,357.030,0.009
-443813.190,-1172311.520,356.900,0.005
-443812.220,-1172312.340,356.350,0.008
-443811.970,-1172312.550,356.200,0.009
-443814.820,-1172309.550,358.310,0.007
-443814.340,-1172309.950,358.010,0.009
-443814.100,-1172310.160,357.880,0.010
-443813.850,-1172310.370,357.700,0.013
-443813.380,-1172310.770,357.430,0.006
-443812.390,-1172311.610,356.850,0.005
-443812.140,-1172311.820,356.740,0.005
-443811.910,-1172312.020,356.590,0.007
-443814.630,-1172309.290,358.560,0.018
-443814.370,-1172309.510,358.400,0.006
-443814.120,-1172309.720,358.260,0.006
-443813.630,-1172310.140,357.960,0.009
-443812.930,-1172310.730,357.530,0.012
-443812.690,-1172310.930,357.380,0.021
-443812.430,-1172311.150,357.200,0.038
-443811.690,-1172311.780,356.860,0.008
-443809.310,-1172313.800,355.510,0.015
-443814.150,-1172309.250,358.610,0.005
-443813.920,-1172309.450,358.490,0.002
-443812.460,-1172310.680,357.580,0.013
-443816.070,-1172310.630,357.310,0.012
-443814.870,-1172311.650,356.580,0.016
-443814.380,-1172312.070,356.290,0.012
-443814.130,-1172312.280,356.150,0.013
-443813.650,-1172312.690,355.870,0.006
-443813.420,-1172312.890,355.760,0.007
-443813.170,-1172313.100,355.610,0.009
-443812.930,-1172313.300,355.500,0.008
-443815.840,-1172310.410,357.540,0.016
-443815.350,-1172310.830,357.290,0.012
-443815.100,-1172311.040,357.130,0.014
-443814.620,-1172311.450,356.800,0.015
-443814.130,-1172311.860,356.540,0.007
-443813.900,-1172312.060,356.390,0.005
-443812.940,-1172312.870,355.850,0.012
-443812.730,-1172313.060,355.730,0.006
-443812.490,-1172313.260,355.580,0.002
-443815.620,-1172310.040,357.860,0.013
-443815.350,-1172310.270,357.740,0.014
-443814.180,-1172311.260,357.010,0.011
-443813.470,-1172311.860,356.600,0.007
-443813.240,-1172312.060,356.450,0.006
-443812.990,-1172312.270,356.310,0.004
-443812.500,-1172312.680,356.040,0.009
-443812.250,-1172312.890,355.900,0.008
-443812.030,-1172313.080,355.770,0.010
-443814.630,-1172310.300,357.740,0.007
-443814.150,-1172310.700,357.430,0.007
-443816.930,-1172311.730,356.380,0.017
-443816.460,-1172312.130,356.130,0.006
-443816.220,-1172312.330,356.000,0.009
-443815.980,-1172312.540,355.890,0.008
-443815.750,-1172312.730,355.750,0.007
-443817.850,-1172310.650,357.130,0.020
-443817.590,-1172310.870,357.050,0.023
-443817.370,-1172311.050,356.930,0.006
-443816.430,-1172311.850,356.360,0.006
-443816.190,-1172312.060,356.240,0.010
-443815.220,-1172312.880,355.660,0.006
-443814.970,-1172313.100,355.590,0.013
-443816.610,-1172311.260,356.800,0.011
-443816.380,-1172311.460,356.680,0.012
-443816.840,-1172310.600,357.300,0.010
-443816.600,-1172310.800,357.180,0.009
-443816.370,-1172311.010,357.050,0.011
-443820.490,-1172311.020,356.650,0.031
-443820.240,-1172311.230,356.530,0.016
-443819.750,-1172311.640,356.260,0.005
-443818.580,-1172312.640,355.560,0.011
-443818.340,-1172312.850,355.500,0.009
-443817.500,-1172312.700,355.650,0.003
-443819.490,-1172310.530,357.170,0.009
-443819.260,-1172310.730,357.000,0.005
-443819.020,-1172310.930,356.860,0.008
-443818.510,-1172311.360,356.580,0.007
-443818.270,-1172311.570,356.450,0.011
-443818.020,-1172311.770,356.320,0.017
-443817.080,-1172312.580,355.770,0.004
-443819.140,-1172310.370,357.310,0.011
-443817.930,-1172311.400,356.610,0.015
-443816.960,-1172312.220,356.060,0.005
-443816.240,-1172312.830,355.660,0.010
-443815.990,-1172313.040,355.540,0.009
-443817.660,-1172311.120,356.820,0.012
-443817.410,-1172311.320,356.670,0.005
-443817.180,-1172311.520,356.540,0.015
-443820.110,-1172312.600,355.540,0.005
-443820.710,-1172311.230,356.440,0.029
-443820.450,-1172311.450,356.360,0.008
-443820.220,-1172311.640,356.210,0.003
-443819.250,-1172312.470,355.690,0.003
-443818.990,-1172312.690,355.550,0.008
-443826.750,-1172309.470,355.880,0.004
-443826.520,-1172309.660,355.760,0.004
-443826.290,-1172309.860,355.660,0.006
-443826.040,-1172310.080,355.500,0.006
-443825.440,-1172310.010,355.570,0.009
-443825.480,-1172309.540,355.960,0.007
-443830.190,-1172307.510,357.050,0.006
-443829.700,-1172307.930,356.740,0.012
-443829.480,-1172308.120,356.670,0.004
-443829.230,-1172308.330,356.520,0.009
-443828.980,-1172308.540,356.370,0.009
-443827.540,-1172309.760,355.640,0.011
-443827.290,-1172309.970,355.470,0.006
-443829.670,-1172307.540,357.050,0.006
-443829.410,-1172307.750,356.950,0.007
-443829.190,-1172307.940,356.810,0.003
-443831.290,-1172307.410,357.060,0.005
-443831.050,-1172307.620,356.900,0.005
-443829.630,-1172308.820,356.100,0.005
-443829.380,-1172309.040,356.000,0.010
-443829.150,-1172309.230,355.820,0.021
-443828.680,-1172309.640,355.500,0.007
-443831.100,-1172307.120,357.260,0.009
-443829.920,-1172308.120,356.550,0.007
-443829.670,-1172308.330,356.470,0.005
-443827.980,-1172309.770,355.530,0.024
-443830.940,-1172308.720,356.090,0.007
-443830.700,-1172308.920,355.990,0.005
-443830.460,-1172309.120,355.790,0.009
-443830.220,-1172309.330,355.680,0.009
-443830.750,-1172308.430,356.330,0.007
-443829.560,-1172309.440,355.650,0.007
-443829.330,-1172309.630,355.480,0.019
-443833.380,-1172307.120,357.090,0.009
-443833.130,-1172307.330,356.950,0.011
-443832.870,-1172307.070,357.180,0.017
-443832.620,-1172307.290,357.110,0.015
-443831.660,-1172308.110,356.500,0.004
-443834.120,-1172306.970,357.150,0.008
-443833.880,-1172307.180,357.000,0.008
-443833.640,-1172307.380,356.890,0.007
-443833.410,-1172307.580,356.770,0.007
-443832.920,-1172307.990,356.590,0.027
-443832.200,-1172308.600,356.140,0.009
-443835.130,-1172306.660,357.280,0.008
-443834.890,-1172306.870,357.150,0.011
-443834.640,-1172307.080,357.020,0.016
-443834.390,-1172307.300,356.890,0.006
-443832.500,-1172308.900,355.950,0.024
-443832.250,-1172309.110,355.800,0.016
-443834.770,-1172307.860,356.380,0.006
-443833.580,-1172308.870,355.790,0.022
-443833.350,-1172309.070,355.620,0.037
-443834.950,-1172307.220,356.870,0.014
-443834.700,-1172307.430,356.750,0.004
-443834.450,-1172307.630,356.630,0.004
-443833.720,-1172308.250,356.210,0.025
-443832.530,-1172309.270,355.620,0.014
-443832.280,-1172309.480,355.530,0.025
-443836.420,-1172306.990,356.970,0.008
-443836.180,-1172307.190,356.810,0.014
-443835.690,-1172307.610,356.500,0.006
-443835.220,-1172308.000,356.240,0.014
-443834.970,-1172308.220,356.130,0.013
-443834.480,-1172308.630,355.850,0.012
-443834.220,-1172308.850,355.740,0.006
-443833.980,-1172309.050,355.540,0.013
-443836.240,-1172306.610,357.240,0.007
-443836.010,-1172306.810,357.090,0.008
-443837.450,-1172307.090,356.810,0.016
-443836.960,-1172307.500,356.510,0.008
-443837.120,-1172306.940,356.920,0.007
-443836.890,-1172307.140,356.810,0.005
-443836.650,-1172307.340,356.690,0.005
-443834.980,-1172308.760,355.700,0.009
-443834.730,-1172308.970,355.590,0.011
-443834.500,-1172309.170,355.480,0.005
-443836.540,-1172308.260,356.130,0.017
-443836.060,-1172308.660,355.690,0.008
-443835.810,-1172308.870,355.520,0.009
-443837.050,-1172308.680,355.610,0.013
-443838.800,-1172308.380,355.720,0.014
-443838.550,-1172308.590,355.590,0.017
-443838.590,-1172308.060,355.980,0.013
-443838.350,-1172308.270,355.850,0.021
-443839.760,-1172308.070,355.880,0.007
-443839.520,-1172308.280,355.770,0.006
-443839.280,-1172308.480,355.550,0.006
-443840.730,-1172308.070,355.710,0.004
-443840.490,-1172308.280,355.590,0.003
-443840.460,-1172307.930,355.870,0.004
-443839.980,-1172308.340,355.600,0.003
-443839.730,-1172308.560,355.480,0.004
-443841.130,-1172308.210,355.590,0.008
-443840.890,-1172308.410,355.480,0.005
-443827.120,-1172330.840,371.010,0.056
-443826.500,-1172330.930,370.960,0.020
-443703.010,-1172298.770,356.180,0.056
-443703.270,-1172298.130,356.850,0.028
-443706.390,-1172297.240,358.420,0.030
-443706.600,-1172299.250,356.270,0.017
-443711.450,-1172295.680,356.380,0.007
-443711.200,-1172295.890,356.300,0.016
-443710.950,-1172296.100,356.190,0.017
-443707.720,-1172298.780,356.670,0.031
-443718.070,-1172295.050,358.090,0.018
-443717.110,-1172295.860,357.670,0.010
-443718.280,-1172295.430,357.840,0.024
-443718.730,-1172296.370,357.200,0.004
-443718.490,-1172296.570,357.110,0.003
-443718.780,-1172296.790,356.980,0.024
-443718.520,-1172297.010,356.850,0.026
-443718.280,-1172297.210,356.750,0.024
-443718.250,-1172297.680,356.460,0.006
-443717.770,-1172298.080,356.270,0.013
-443717.530,-1172298.280,356.120,0.011
-443717.280,-1172298.490,356.050,0.026
-443718.360,-1172298.470,355.960,0.007
-443705.780,-1172323.220,361.840,0.058
-443706.510,-1172323.550,361.400,0.005
-443706.490,-1172322.970,361.820,0.026
-443706.010,-1172323.370,361.590,0.053
-443705.760,-1172323.570,361.660,0.047
-443707.910,-1172322.820,361.790,0.011
-443707.650,-1172323.040,361.660,0.011
-443707.420,-1172323.240,361.540,0.020
-443707.160,-1172323.460,361.450,0.021
-443707.740,-1172322.520,361.970,0.010
-443707.230,-1172322.940,361.730,0.007
-443707.000,-1172323.140,361.600,0.012
-443705.520,-1172326.230,361.110,0.055
-443709.270,-1172322.530,361.880,0.016
-443708.770,-1172322.940,361.560,0.019
-443708.510,-1172323.160,361.470,0.007
-443708.260,-1172323.370,361.350,0.010
-443708.040,-1172323.560,361.240,0.010
-443710.690,-1172322.360,361.890,0.025
-443709.720,-1172323.170,361.400,0.019
-443708.990,-1172323.330,361.430,0.030
-443710.760,-1172323.160,361.260,0.006
-443711.180,-1172322.430,361.760,0.038
-443710.960,-1172322.610,361.610,0.035
-443710.700,-1172322.830,361.500,0.015
-443713.320,-1172322.530,361.510,0.020
-443712.850,-1172322.920,361.270,0.010
-443712.590,-1172323.140,361.110,0.015
-443714.060,-1172321.910,361.900,0.007
-443713.570,-1172322.320,361.640,0.016
-443715.210,-1172321.700,361.960,0.007
-443714.490,-1172322.310,361.590,0.006
-443714.250,-1172322.510,361.460,0.009
-443714.000,-1172322.720,361.320,0.012
-443716.020,-1172321.940,361.720,0.016
-443716.110,-1172322.810,361.120,0.028
-443716.830,-1172321.610,358.910,0.020
-443718.020,-1172321.610,358.840,0.026
-443717.520,-1172322.020,358.600,0.008
-443718.350,-1172322.120,358.420,0.020
-443717.370,-1172322.940,357.920,0.018
-443718.530,-1172321.690,358.700,0.020
-443718.290,-1172321.890,358.590,0.020
-443718.060,-1172322.080,358.470,0.018
-443717.540,-1172322.510,358.200,0.022
-443717.280,-1172322.730,358.100,0.022
-443717.830,-1172323.460,357.540,0.015
-443717.350,-1172323.860,357.320,0.031
-443719.400,-1172321.810,358.540,0.017
-443719.150,-1172322.010,358.400,0.018
-443718.920,-1172322.210,358.290,0.022
-443717.940,-1172323.030,357.810,0.018
-443720.060,-1172322.060,358.310,0.009
-443719.820,-1172322.270,358.180,0.005
-443718.810,-1172323.110,357.670,0.018
-443718.550,-1172323.320,357.540,0.033
-443717.570,-1172324.140,357.070,0.030
-443720.290,-1172321.410,358.780,0.014
-443719.300,-1172322.230,358.270,0.025
-443719.060,-1172322.440,358.120,0.021
-443718.800,-1172322.650,358.030,0.023
-443720.650,-1172322.500,357.950,0.012
-443719.660,-1172323.330,357.430,0.004
-443718.900,-1172323.960,357.040,0.017
-443718.170,-1172324.570,356.670,0.014
-443717.920,-1172324.780,356.560,0.013
-443717.430,-1172325.190,356.300,0.038
-443720.870,-1172321.680,358.530,0.037
-443720.130,-1172322.300,358.120,0.002
-443719.870,-1172322.520,358.000,0.007
-443719.620,-1172322.730,357.860,0.016
-443719.370,-1172322.940,357.730,0.037
-443718.650,-1172323.550,357.400,0.021
-443718.400,-1172323.750,357.250,0.036
-443717.900,-1172324.170,357.000,0.004
-443717.650,-1172324.380,356.870,0.004
-443717.910,-1172325.220,356.270,0.029
-443717.650,-1172325.440,356.140,0.046
-443717.400,-1172325.650,356.030,0.052
-443718.860,-1172325.170,356.190,0.008
-443718.600,-1172325.390,356.080,0.017
-443720.850,-1172323.260,357.380,0.037
-443720.130,-1172323.860,357.000,0.012
-443719.870,-1172324.070,356.890,0.023
-443718.900,-1172324.890,356.390,0.009
-443720.690,-1172324.550,356.520,0.015
-443720.450,-1172324.750,356.410,0.016
-443718.910,-1172325.650,355.840,0.021
-443718.670,-1172325.850,355.750,0.005
-443720.560,-1172325.420,355.890,0.016
-443720.330,-1172325.610,355.770,0.009
-443720.830,-1172324.880,356.260,0.020
-443720.580,-1172325.090,356.130,0.011
-443720.330,-1172325.300,355.980,0.012
-443721.130,-1172325.560,355.730,0.007
-443772.480,-1172411.570,354.100,0.090
-443842.810,-1172310.380,353.920,0.013
-443840.260,-1172312.910,352.360,0.005
-443836.430,-1172312.900,352.570,0.013
-443836.070,-1172310.860,354.100,0.019
-443833.660,-1172314.000,352.040,0.026
-443834.530,-1172310.670,354.340,0.003
-443833.870,-1172311.160,354.130,0.009
-443833.540,-1172312.010,353.580,0.046
-443832.700,-1172312.760,353.040,0.008
-443832.210,-1172314.010,352.180,0.005
-443833.290,-1172309.770,355.310,0.036
-443831.840,-1172313.450,352.540,0.007
-443831.510,-1172313.080,352.940,0.013
-443831.000,-1172314.380,352.050,0.012
-443831.320,-1172312.360,353.380,0.016
-443830.800,-1172313.680,352.480,0.011
-443831.190,-1172311.360,354.190,0.009
-443831.020,-1172311.790,353.910,0.008
-443830.670,-1172312.660,353.310,0.008
-443830.500,-1172313.080,353.030,0.012
-443830.330,-1172313.520,352.740,0.017
-443830.160,-1172313.960,352.420,0.019
-443829.990,-1172314.390,352.180,0.019
-443830.450,-1172311.820,353.800,0.006
-443830.730,-1172310.060,355.190,0.008
-443829.680,-1172312.700,353.310,0.010
-443828.950,-1172314.550,351.970,0.005
-443830.150,-1172310.440,354.850,0.005
-443829.960,-1172310.900,354.550,0.003
-443829.600,-1172311.820,353.880,0.010
-443829.420,-1172312.260,353.540,0.004
-443829.080,-1172313.110,353.020,0.007
-443828.900,-1172313.580,352.690,0.004
-443828.550,-1172314.450,352.120,0.005
-443829.360,-1172309.770,355.210,0.018
-443829.200,-1172310.180,355.020,0.009
-443829.030,-1172310.600,354.740,0.012
-443828.870,-1172311.000,354.520,0.010
-443828.330,-1172312.370,353.540,0.008
-443828.140,-1172312.850,353.180,0.022
-443827.790,-1172313.720,352.580,0.011
-443828.610,-1172310.410,354.960,0.005
-443828.300,-1172311.190,354.530,0.006
-443827.950,-1172312.090,353.940,0.026
-443827.760,-1172312.560,353.480,0.006
-443827.600,-1172312.960,353.270,0.020
-443828.020,-1172310.420,355.090,0.004
-443827.030,-1172311.490,354.430,0.012
-443826.310,-1172313.300,353.130,0.007
-443826.850,-1172310.410,355.220,0.009
-443826.680,-1172310.840,354.930,0.009
-443826.500,-1172311.280,354.590,0.005
-443826.330,-1172311.720,354.340,0.008
-443825.950,-1172312.660,353.570,0.007
-443825.590,-1172313.560,353.000,0.010
-443825.860,-1172310.730,355.030,0.006
-443825.490,-1172311.660,354.300,0.010
-443824.930,-1172313.050,353.330,0.005
-443825.470,-1172310.490,355.230,0.002
-443825.120,-1172311.360,354.590,0.006
-443824.940,-1172311.810,354.330,0.008
-443824.740,-1172312.310,353.930,0.008
-443824.570,-1172312.730,353.600,0.007
-443824.580,-1172311.240,354.680,0.010
-443824.430,-1172311.630,354.540,0.003
-443820.840,-1172315.420,353.500,0.018
-443820.360,-1172313.310,354.970,0.008
-443818.810,-1172315.640,353.480,0.018
-443819.340,-1172313.120,355.220,0.009
-443819.000,-1172313.960,354.710,0.016
-443818.450,-1172315.340,353.650,0.008
-443818.250,-1172315.830,353.190,0.012
-443817.830,-1172315.640,353.460,0.015
-443817.720,-1172314.690,354.270,0.024
-443817.340,-1172315.620,353.600,0.019
-443816.520,-1172313.410,355.150,0.005
-443816.340,-1172313.860,354.850,0.009
-443815.820,-1172315.160,354.020,0.023
-443815.990,-1172313.380,355.140,0.015
-443814.940,-1172315.990,353.400,0.005
-443814.630,-1172314.290,354.630,0.016
-443814.260,-1172315.200,354.030,0.013
-443814.370,-1172313.610,355.300,0.016
-443813.080,-1172315.380,353.930,0.015
-443813.270,-1172313.880,354.990,0.009
-443813.110,-1172314.280,354.780,0.005
-443812.920,-1172314.760,354.400,0.007
-443812.730,-1172315.230,354.050,0.007
-443812.620,-1172314.350,354.740,0.004
-443812.250,-1172315.280,354.030,0.018
-443812.380,-1172313.790,355.280,0.010
-443812.180,-1172314.270,354.860,0.007
-443811.690,-1172315.500,354.220,0.048
-443811.680,-1172315.520,354.140,0.043
-443810.920,-1172314.870,354.660,0.019
-443810.730,-1172315.340,354.320,0.025
-443809.300,-1172316.430,353.480,0.010
-443808.000,-1172314.910,354.740,0.011
-443805.610,-1172317.090,353.290,0.007
-443805.450,-1172316.270,353.930,0.011
-443804.910,-1172316.380,354.020,0.017
-443804.530,-1172315.580,354.560,0.012
-443803.980,-1172316.950,353.540,0.026
-443803.930,-1172316.000,354.340,0.011
-443803.740,-1172316.470,354.000,0.018
-443803.500,-1172315.690,354.560,0.016
-443803.310,-1172316.150,354.230,0.014
-443803.130,-1172316.600,353.940,0.005
-443803.400,-1172314.870,355.280,0.013
-443803.220,-1172315.310,354.940,0.008
-443723.290,-1172299.490,354.870,0.010
-443722.680,-1172299.650,354.960,0.028
-443725.140,-1172299.420,354.790,0.037
-443726.990,-1172299.120,354.990,0.017
-443726.780,-1172299.050,354.930,0.021
-443727.530,-1172298.760,355.080,0.004
-443728.300,-1172298.700,355.090,0.030
-443727.560,-1172299.190,354.950,0.023
-443730.180,-1172298.740,355.030,0.029
-443729.940,-1172298.440,355.090,0.009
-443721.740,-1172327.080,354.710,0.032
-443722.900,-1172326.070,355.210,0.006
-443734.460,-1172297.990,355.200,0.017
-443724.250,-1172325.850,355.350,0.011
-443725.010,-1172325.780,355.430,0.026
-443725.120,-1172326.470,354.680,0.019
-443721.340,-1172326.150,355.440,0.020
-443720.950,-1172327.090,354.810,0.026
-443717.410,-1172299.940,355.180,0.026
-443840.290,-1172414.370,375.300,0.075
-443835.400,-1172308.450,356.000,0.020
-443827.140,-1172330.890,371.130,0.057
-443831.360,-1172309.520,355.450,0.005
-443832.430,-1172308.210,356.430,0.011
-443833.090,-1172307.900,356.640,0.017
-443832.530,-1172309.320,355.450,0.016
-443834.760,-1172308.910,355.690,0.011
-443829.110,-1172307.670,357.100,0.009
-443828.730,-1172308.640,356.270,0.015
-443829.700,-1172307.690,356.890,0.007
-443829.520,-1172308.120,356.650,0.004
-443829.040,-1172309.350,355.970,0.021
-443830.270,-1172307.500,356.980,0.006
-443830.090,-1172307.940,356.690,0.014
-443829.910,-1172308.400,356.350,0.005
-443829.740,-1172308.820,356.070,0.005
-443829.570,-1172309.260,355.710,0.007
-443831.400,-1172307.280,357.100,0.007
-443831.230,-1172307.710,356.840,0.004
-443830.850,-1172308.660,356.060,0.005
-443826.400,-1172309.380,355.980,0.014
-443826.220,-1172309.840,355.670,0.006
-443826.030,-1172310.310,355.330,0.005
-443826.800,-1172309.490,355.890,0.005
-443827.210,-1172309.510,355.840,0.010
-443819.180,-1172311.060,356.830,0.006
-443819.660,-1172311.080,356.730,0.006
-443819.100,-1172312.470,355.760,0.004
-443819.870,-1172311.790,356.140,0.005
-443820.620,-1172311.150,356.690,0.034
-443820.410,-1172311.660,356.170,0.010
-443818.130,-1172311.590,356.490,0.009
-443816.550,-1172310.830,357.290,0.009
-443816.360,-1172311.300,356.920,0.011
-443815.780,-1172312.740,355.790,0.007
-443817.110,-1172310.610,357.290,0.009
-443816.740,-1172311.520,356.590,0.009
-443816.560,-1172311.970,356.270,0.006
-443816.380,-1172312.420,355.980,0.008
-443817.070,-1172312.050,356.170,0.025
-443816.900,-1172312.490,355.890,0.008
-443815.170,-1172310.210,357.890,0.008
-443814.790,-1172311.140,357.150,0.009
-443815.680,-1172310.360,357.710,0.013
-443815.490,-1172310.840,357.330,0.013
-443816.120,-1172310.610,357.390,0.010
-443815.570,-1172311.960,356.390,0.008
-443813.480,-1172311.070,357.280,0.008
-443813.270,-1172311.570,356.880,0.006
-443813.110,-1172311.990,356.580,0.006
-443812.900,-1172312.490,356.150,0.006
-443812.730,-1172312.920,355.880,0.008
-443812.540,-1172313.380,355.500,0.002
-443814.650,-1172309.340,358.480,0.017
-443814.450,-1172309.830,358.090,0.007
-443814.300,-1172310.210,357.920,0.007
-443813.180,-1172312.970,355.780,0.012
-443814.580,-1172310.650,357.410,0.013
-443814.220,-1172311.540,356.850,0.015
-443814.040,-1172311.990,356.480,0.008
-443813.860,-1172312.450,356.170,0.010
-443812.690,-1172311.590,356.930,0.007
-443812.310,-1172312.520,356.250,0.007
-443812.110,-1172313.020,355.800,0.008
-443811.940,-1172313.440,355.570,0.008
-443813.670,-1172310.590,357.730,0.015
-443812.560,-1172309.570,358.560,0.010
-443812.800,-1172310.240,358.130,0.059
-443808.880,-1172313.920,355.560,0.011
-443811.030,-1172309.800,358.620,0.040
-443809.340,-1172313.960,355.440,0.015
-443809.510,-1172311.200,357.500,0.013
-443810.170,-1172310.760,357.850,0.006
-443809.610,-1172312.130,356.860,0.018
-443807.640,-1172313.270,356.010,0.009
-443809.050,-1172310.910,357.870,0.012
-443808.870,-1172311.340,357.580,0.019
-443808.830,-1172311.440,357.290,0.015
-443807.310,-1172310.490,358.350,0.014
-443807.720,-1172310.680,358.110,0.010
-443806.770,-1172313.030,356.260,0.008
-443806.600,-1172313.440,356.050,0.008
-443806.390,-1172313.950,355.590,0.006
-443804.140,-1172313.060,356.500,0.007
-443803.550,-1172314.490,355.400,0.017
-443804.460,-1172313.340,356.290,0.008
-443804.090,-1172314.260,355.660,0.013
-443802.420,-1172313.570,356.350,0.017
-443802.790,-1172313.940,356.100,0.012
-443803.560,-1172313.210,356.480,0.006
-443797.940,-1172317.490,358.130,0.019
-443797.560,-1172313.950,360.290,0.005
-443792.510,-1172315.050,359.970,0.006
-443791.480,-1172315.070,360.130,0.013
-443790.930,-1172315.340,359.950,0.005
-443790.680,-1172313.990,360.800,0.013
-443775.170,-1172319.300,357.840,0.071
-443768.510,-1172320.720,358.930,0.014
-443767.520,-1172320.830,359.020,0.027
-443741.540,-1172321.140,358.770,0.097
-443737.300,-1172320.480,361.400,0.011
-443735.690,-1172322.230,360.340,0.009
-443735.520,-1172322.620,360.190,0.021
-443734.750,-1172324.480,359.070,0.021
-443735.370,-1172322.280,360.280,0.009
-443734.040,-1172322.380,360.510,0.019
-443733.660,-1172323.290,359.950,0.022
-443734.710,-1172320.280,361.740,0.030
-443734.470,-1172320.860,361.100,0.025
-443732.860,-1172321.600,361.100,0.032
-443731.920,-1172323.170,360.050,0.009
-443742.870,-1172294.960,356.690,0.035
-443742.880,-1172293.750,357.850,0.022
-443742.240,-1172292.560,358.950,0.011
-443742.030,-1172293.040,358.540,0.008
-443741.460,-1172292.470,359.090,0.010
-443741.240,-1172293.000,358.570,0.009
-443726.740,-1172325.080,355.780,0.016
-443726.540,-1172325.560,355.440,0.018
-443726.990,-1172322.490,357.600,0.018
-443726.800,-1172322.960,357.280,0.015
-443726.590,-1172323.460,356.910,0.013
-443725.790,-1172325.380,355.550,0.016
-443727.360,-1172322.880,357.170,0.025
-443727.170,-1172323.340,356.870,0.036
-443726.590,-1172321.990,357.940,0.012
-443726.570,-1172322.050,357.780,0.014
-443725.600,-1172324.380,356.360,0.016
-443724.970,-1172323.810,356.630,0.015
-443724.600,-1172324.700,356.040,0.013
-443724.400,-1172325.190,355.760,0.012
-443725.640,-1172322.530,357.630,0.014
-443725.250,-1172323.460,357.040,0.016
-443724.650,-1172324.910,356.050,0.015
-443724.450,-1172325.380,355.710,0.013
-443724.870,-1172323.200,357.260,0.017
-443724.680,-1172323.650,356.950,0.018
-443724.490,-1172324.120,356.650,0.017
-443723.900,-1172325.540,355.630,0.016
-443735.050,-1172296.580,356.250,0.005
-443734.840,-1172297.080,355.860,0.006
-443734.650,-1172297.540,355.520,0.006
-443723.740,-1172324.070,356.710,0.012
-443723.140,-1172325.500,355.740,0.015
-443724.020,-1172324.620,356.060,0.014
-443736.020,-1172293.590,358.520,0.010
-443735.200,-1172295.570,357.000,0.010
-443734.810,-1172296.510,356.240,0.005
-443736.050,-1172292.390,359.660,0.013
-443735.480,-1172293.750,358.680,0.018
-443735.280,-1172294.240,358.310,0.019
-443734.860,-1172295.240,357.450,0.009
-443734.670,-1172295.710,357.140,0.021
-443723.550,-1172322.740,357.750,0.019
-443722.930,-1172324.210,356.660,0.015
-443722.530,-1172325.190,355.970,0.010
-443723.500,-1172320.950,358.970,0.014
-443722.920,-1172322.360,358.050,0.021
-443722.530,-1172323.290,357.400,0.017
-443721.950,-1172324.690,356.500,0.037
-443734.440,-1172293.770,358.620,0.008
-443722.260,-1172323.390,357.080,0.015
-443721.500,-1172325.220,355.940,0.017
-443735.090,-1172292.780,359.580,0.034
-443734.860,-1172293.320,359.060,0.011
-443734.660,-1172293.820,358.670,0.012
-443734.490,-1172294.230,358.450,0.025
-443734.280,-1172294.730,357.990,0.015
-443734.450,-1172292.780,359.530,0.028
-443734.090,-1172293.650,358.950,0.024
-443722.500,-1172321.830,358.320,0.003
-443721.190,-1172322.640,357.910,0.013
-443734.020,-1172292.900,359.370,0.015
-443722.090,-1172321.930,358.240,0.008
-443728.780,-1172298.330,355.530,0.015
-443727.960,-1172298.220,355.710,0.019
-443726.750,-1172297.920,356.240,0.033
-443725.780,-1172297.860,356.190,0.016
-443725.010,-1172297.630,356.490,0.007
-443724.790,-1172298.150,355.980,0.016
-443723.640,-1172296.790,357.450,0.011
-443722.780,-1172297.840,356.700,0.035
-443722.560,-1172297.590,356.610,0.036
-443720.650,-1172298.390,355.840,0.008
-443721.100,-1172324.310,356.630,0.044
-443720.880,-1172324.840,356.210,0.021
-443720.730,-1172326.110,355.500,0.019
-443719.310,-1172325.230,356.330,0.027
-443719.420,-1172326.140,355.530,0.013
-443721.000,-1172323.110,357.630,0.015
-443719.010,-1172323.880,357.210,0.018
-443719.010,-1172322.160,358.450,0.027
-443718.610,-1172323.120,357.810,0.018
-443718.040,-1172324.510,356.870,0.017
-443717.640,-1172325.460,356.270,0.045
-443719.710,-1172321.550,358.590,0.014
-443718.430,-1172321.490,358.970,0.017
-443717.840,-1172322.920,358.020,0.019
-443717.440,-1172323.880,357.350,0.031
-443717.460,-1172322.400,358.480,0.019
-443717.260,-1172322.890,358.160,0.020
-443717.080,-1172322.760,358.180,0.017
-443716.470,-1172322.550,361.260,0.033
-443716.660,-1172322.600,361.420,0.026
-443715.110,-1172322.610,361.400,0.010
-443713.440,-1172322.310,361.820,0.019
-443713.240,-1172322.790,361.480,0.022
-443711.800,-1172322.490,361.820,0.016
-443711.570,-1172323.040,361.310,0.005
-443711.210,-1172322.100,362.210,0.040
-443711.010,-1172322.590,361.910,0.038
-443710.500,-1172322.260,362.080,0.024
-443710.670,-1172322.870,361.600,0.017
-443718.290,-1172297.820,356.350,0.010
-443708.090,-1172323.500,361.380,0.012
-443717.500,-1172298.290,356.170,0.011
-443707.340,-1172323.250,361.500,0.024
-443707.440,-1172323.370,361.540,0.022
-443707.390,-1172323.470,361.270,0.015
-443706.390,-1172323.020,361.940,0.024
-443706.210,-1172323.470,361.700,0.045
-443707.140,-1172322.940,361.800,0.007
-443706.290,-1172322.650,362.080,0.043
-443842.850,-1172312.220,352.550,0.006
-443842.140,-1172312.530,352.420,0.006
-443842.430,-1172312.260,352.590,0.006
-443842.020,-1172312.210,352.650,0.005
-443840.580,-1172313.030,352.140,0.005
-443840.290,-1172312.890,352.290,0.005
-443841.590,-1172311.710,353.040,0.007
-443842.510,-1172310.880,353.550,0.016
-443842.810,-1172310.600,353.600,0.013
-443839.050,-1172313.580,351.920,0.007
-443840.340,-1172312.420,352.640,0.004
-443840.950,-1172311.860,352.990,0.006
-443841.900,-1172311.000,353.540,0.007
-443842.230,-1172310.700,353.730,0.008
-443842.560,-1172310.400,353.910,0.015
-443838.490,-1172313.520,351.970,0.006
-443839.760,-1172312.370,352.690,0.014
-443841.990,-1172310.340,353.960,0.010
-443837.690,-1172313.680,351.910,0.006
-443838.630,-1172312.830,352.470,0.006
-443839.880,-1172311.700,353.170,0.007
-443840.200,-1172311.410,353.360,0.008
-443842.440,-1172309.380,354.630,0.002
-443837.220,-1172313.740,351.980,0.004
-443837.520,-1172313.470,352.090,0.004
-443839.370,-1172311.780,353.140,0.011
-443840.020,-1172311.200,353.530,0.003
-443840.620,-1172310.660,353.850,0.009
-443841.260,-1172310.070,354.200,0.014
-443841.900,-1172309.490,354.590,0.006
-443837.530,-1172313.120,352.340,0.004
-443838.820,-1172311.950,353.100,0.007
-443840.090,-1172310.800,353.810,0.005
-443840.410,-1172310.500,354.010,0.009
-443837.970,-1172312.220,352.930,0.007
-443839.890,-1172310.470,354.020,0.008
-443840.200,-1172310.190,354.200,0.006
-443840.500,-1172309.920,354.360,0.010
-443840.820,-1172309.630,354.540,0.012
-443841.140,-1172309.340,354.710,0.011
-443841.460,-1172309.050,354.910,0.008
-443841.760,-1172308.780,355.090,0.006
-443836.960,-1172312.610,352.750,0.007
-443837.610,-1172312.020,353.100,0.003
-443839.510,-1172310.300,354.230,0.011
-443840.780,-1172309.140,354.930,0.013
-443841.120,-1172308.840,355.130,0.007
-443835.930,-1172313.030,352.490,0.012
-443836.260,-1172312.730,352.700,0.006
-443836.890,-1172312.160,353.050,0.008
-443837.190,-1172311.880,353.250,0.007
-443838.800,-1172310.430,354.140,0.013
-443839.110,-1172310.140,354.310,0.010
-443839.430,-1172309.850,354.550,0.010
-443839.760,-1172309.550,354.720,0.009
-443840.090,-1172309.250,354.890,0.015
-443835.060,-1172313.310,352.400,0.011
-443839.780,-1172309.030,355.180,0.005
-443840.080,-1172308.750,355.320,0.013
-443837.170,-1172310.790,354.030,0.007
-443837.790,-1172310.220,354.380,0.017
-443838.090,-1172309.950,354.570,0.015
-443838.420,-1172309.650,354.770,0.015
-443838.730,-1172309.370,354.940,0.018
-443839.040,-1172309.090,355.100,0.013
-443839.360,-1172308.800,355.330,0.006
-443833.660,-1172313.970,352.000,0.026
-443833.980,-1172313.690,352.160,0.022
-443834.610,-1172313.110,352.570,0.007
-443835.270,-1172312.510,352.930,0.036
-443835.910,-1172311.930,353.340,0.007
-443836.240,-1172311.640,353.490,0.004
-443836.540,-1172311.360,353.660,0.007
-443836.860,-1172311.070,353.840,0.007
-443833.450,-1172313.590,352.480,0.017
-443833.740,-1172313.320,352.520,0.018
-443834.060,-1172313.030,352.660,0.005
-443834.700,-1172312.460,353.030,0.015
-443834.990,-1172312.190,353.210,0.006
-443836.280,-1172311.020,353.940,0.012
-443833.660,-1172312.910,352.810,0.027
-443833.960,-1172312.640,352.920,0.026
-443834.280,-1172312.350,353.100,0.014
-443837.810,-1172309.150,355.170,0.008
-443838.140,-1172308.850,355.390,0.032
-443834.040,-1172312.150,353.340,0.007
-443834.660,-1172311.580,353.690,0.006
-443836.270,-1172310.120,354.600,0.010
-443836.580,-1172309.830,354.780,0.012
-443831.080,-1172314.320,351.920,0.012
-443831.400,-1172314.030,352.140,0.006
-443831.720,-1172313.740,352.310,0.007
-443832.700,-1172312.850,352.960,0.009
-443833.380,-1172312.230,353.460,0.025
-443833.630,-1172312.010,353.410,0.038
-443834.560,-1172311.150,353.930,0.004
-443834.870,-1172310.880,354.140,0.009
-443835.500,-1172310.300,354.480,0.004
-443834.300,-1172310.920,354.210,0.004
-443835.520,-1172309.800,354.920,0.015
-443836.160,-1172309.230,355.260,0.017
-443831.730,-1172313.250,352.720,0.012
-443830.150,-1172314.310,352.020,0.020
-443830.780,-1172313.740,352.390,0.010
-443832.740,-1172311.950,353.630,0.048
-443833.670,-1172311.110,354.050,0.019
-443834.970,-1172309.930,354.800,0.017
-443835.280,-1172309.650,355.000,0.017
-443835.590,-1172309.370,355.180,0.011
-443830.520,-1172313.550,352.600,0.018
-443830.840,-1172313.270,352.760,0.013
-443833.730,-1172310.640,354.450,0.020
-443834.050,-1172310.350,354.630,0.010
-443835.010,-1172309.480,355.200,0.009
-443828.730,-1172314.670,351.920,0.007
-443829.350,-1172314.110,352.170,0.016
-443830.610,-1172312.970,352.930,0.012
-443830.930,-1172312.680,353.170,0.010
-443831.220,-1172312.410,353.300,0.013
-443832.530,-1172311.220,354.070,0.018
-443833.470,-1172310.370,354.640,0.046
-443833.800,-1172310.070,354.810,0.008
-443834.120,-1172309.780,354.990,0.011
-443834.450,-1172309.480,355.170,0.008
-443830.650,-1172312.450,353.330,0.008
-443832.570,-1172310.710,354.610,0.025
-443828.720,-1172313.780,352.520,0.005
-443830.020,-1172312.600,353.250,0.006
-443831.000,-1172311.710,353.880,0.008
-443833.530,-1172309.420,355.360,0.020
-443827.600,-1172314.510,352.180,0.015
-443828.240,-1172313.930,352.510,0.007
-443828.580,-1172313.630,352.710,0.022
-443828.900,-1172313.330,352.880,0.008
-443829.230,-1172313.030,353.090,0.007
-443830.490,-1172311.890,353.800,0.009
-443831.140,-1172311.300,354.230,0.011
-443831.470,-1172311.000,354.420,0.018
-443827.120,-1172314.500,352.100,0.019
-443830.350,-1172311.560,354.030,0.004
-443832.310,-1172309.790,355.290,0.025
-443832.590,-1172309.530,355.390,0.021
-443826.830,-1172314.280,352.300,0.007
-443827.460,-1172313.700,352.710,0.006
-443829.050,-1172312.260,353.620,0.016
-443829.360,-1172311.990,353.760,0.012
-443831.650,-1172309.900,355.170,0.007
-443828.200,-1172312.560,353.420,0.007
-443829.470,-1172311.410,354.190,0.003
-443829.770,-1172311.140,354.360,0.004
-443825.320,-1172314.730,352.140,0.012
-443825.630,-1172314.440,352.310,0.005
-443826.300,-1172313.840,352.700,0.006
-443826.590,-1172313.570,352.830,0.003
-443826.950,-1172313.250,353.140,0.004
-443827.600,-1172312.660,353.460,0.008
-443828.230,-1172312.090,353.810,0.008
-443830.110,-1172310.380,354.920,0.004
-443825.320,-1172314.140,352.520,0.007
-443825.660,-1172313.830,352.730,0.011
-443825.990,-1172313.530,352.890,0.015
-443826.300,-1172313.250,353.070,0.007
-443827.250,-1172312.380,353.670,0.023
-443827.640,-1172312.030,354.090,0.042
-443828.540,-1172311.220,354.390,0.010
-443829.180,-1172310.630,354.750,0.013
-443824.490,-1172314.300,352.450,0.007
-443829.020,-1172310.180,355.150,0.009
-443829.330,-1172309.910,355.300,0.023
-443827.360,-1172311.240,354.520,0.010
-443828.340,-1172310.350,355.030,0.005
-443828.940,-1172309.810,355.360,0.007
-443824.890,-1172312.980,353.460,0.004
-443825.210,-1172312.690,353.670,0.006
-443826.450,-1172311.560,354.370,0.003
-443826.770,-1172311.280,354.580,0.006
-443827.420,-1172310.680,355.000,0.024
-443827.720,-1172310.410,355.100,0.011
-443828.040,-1172310.120,355.240,0.003
-443824.540,-1172312.660,353.670,0.006
-443824.870,-1172312.370,353.800,0.008
-443825.190,-1172312.080,354.030,0.009
-443825.820,-1172311.500,354.420,0.014
-443826.770,-1172310.640,354.960,0.006
-443824.680,-1172311.910,354.260,0.004
-443824.980,-1172311.630,354.430,0.005
-443825.320,-1172311.330,354.620,0.003
-443825.490,-1172310.620,355.130,0.003
-443825.810,-1172310.330,355.300,0.004
-443819.500,-1172315.500,353.450,0.023
-443824.470,-1172310.990,355.010,0.007
-443825.110,-1172310.410,355.330,0.022
-443818.010,-1172315.790,353.200,0.017
-443817.490,-1172315.870,353.160,0.010
-443817.850,-1172315.540,353.470,0.013
-443816.810,-1172316.080,353.150,0.005
-443819.080,-1172313.490,354.940,0.005
-443799.370,-1172331.400,351.240,0.071
-443814.330,-1172315.370,353.770,0.013
-443815.510,-1172313.870,354.910,0.013
-443813.590,-1172315.100,354.030,0.008
-443813.910,-1172314.810,354.270,0.011
-443814.310,-1172314.450,354.660,0.018
-443814.600,-1172314.190,354.650,0.012
-443811.500,-1172316.380,353.330,0.008
-443812.100,-1172315.840,353.630,0.049
-443812.430,-1172315.530,353.820,0.013
-443812.750,-1172315.250,354.020,0.007
-443813.060,-1172314.960,354.200,0.022
-443814.380,-1172313.770,355.000,0.015
-443814.700,-1172313.480,355.200,0.014
-443812.620,-1172314.880,354.290,0.005
-443812.910,-1172314.620,354.440,0.005
-443814.200,-1172313.450,355.250,0.018
-443812.360,-1172314.570,354.600,0.008
-443813.660,-1172313.380,355.400,0.012
-443809.800,-1172316.300,353.530,0.010
-443810.820,-1172315.380,354.150,0.013
-443812.060,-1172314.250,354.830,0.008
-443812.410,-1172313.930,355.050,0.008
-443812.750,-1172313.620,355.270,0.008
-443808.450,-1172316.950,353.190,0.009
-443808.740,-1172316.690,353.290,0.012
-443809.090,-1172316.370,353.540,0.014
-443809.400,-1172316.090,353.730,0.018
-443810.690,-1172314.920,354.450,0.022
-443812.030,-1172313.700,355.320,0.018
-443808.280,-1172316.720,353.320,0.008
-443807.840,-1172316.710,353.440,0.014
-443808.160,-1172316.410,353.590,0.008
-443806.930,-1172317.060,353.150,0.007
-443807.870,-1172316.200,353.730,0.009
-443805.700,-1172317.200,353.170,0.005
-443806.040,-1172316.890,353.410,0.008
-443806.350,-1172316.610,353.590,0.005
-443807.030,-1172316.000,354.000,0.024
-443807.350,-1172315.700,354.160,0.012
-443807.980,-1172315.130,354.550,0.012
-443808.650,-1172314.520,354.970,0.006
-443808.980,-1172314.220,355.170,0.006
-443809.320,-1172313.910,355.370,0.015
-443805.860,-1172316.620,353.640,0.009
-443807.780,-1172314.880,354.820,0.006
-443808.770,-1172313.980,355.420,0.010
-443804.630,-1172317.300,353.240,0.013
-443805.280,-1172316.710,353.600,0.008
-443805.630,-1172316.400,353.850,0.022
-443804.560,-1172316.950,353.520,0.019
-443805.170,-1172316.400,353.820,0.015
-443805.530,-1172316.080,354.110,0.008
-443807.180,-1172314.580,355.090,0.006
-443806.980,-1172314.430,355.150,0.006
-443803.720,-1172317.400,353.190,0.013
-443805.030,-1172316.210,353.950,0.018
-443803.540,-1172317.160,353.480,0.035
-443803.890,-1172316.850,353.680,0.023
-443804.850,-1172315.970,354.250,0.053
-443805.190,-1172315.660,354.470,0.017
-443805.500,-1172315.380,354.650,0.007
-443805.840,-1172315.070,354.850,0.025
-443806.150,-1172314.790,355.010,0.011
-443806.510,-1172314.460,355.270,0.017
-443803.680,-1172316.580,353.840,0.016
-443803.980,-1172316.300,353.980,0.025
-443805.270,-1172315.130,354.760,0.008
-443805.940,-1172314.520,355.270,0.009
-443806.260,-1172314.230,355.380,0.012
-443802.780,-1172316.880,353.760,0.012
-443803.100,-1172316.590,353.940,0.005
-443804.070,-1172315.700,354.520,0.009
-443804.700,-1172315.130,354.890,0.010
-443803.050,-1172316.160,354.210,0.011
-443803.680,-1172315.580,354.580,0.004
-443804.660,-1172314.690,355.170,0.008
-443805.010,-1172314.370,355.400,0.010
-443802.460,-1172316.210,354.320,0.008
-443803.130,-1172315.600,354.730,0.007
-443803.430,-1172315.330,354.860,0.006
-443803.750,-1172315.030,355.090,0.008
-443804.390,-1172314.450,355.430,0.005
-443802.310,-1172315.750,354.630,0.009
-443802.600,-1172315.480,354.780,0.009
-443802.960,-1172315.160,354.990,0.010
-443803.300,-1172314.850,355.210,0.010
-443802.720,-1172314.800,355.340,0.012
-443802.260,-1172314.700,355.460,0.014
-443775.450,-1172321.620,355.450,0.046
-443720.160,-1172299.630,355.110,0.022
-443721.920,-1172299.590,355.010,0.021
-443722.250,-1172299.280,355.220,0.023
-443724.260,-1172298.980,355.300,0.010
-443723.000,-1172299.620,354.790,0.020
-443723.320,-1172299.330,354.980,0.008
-443722.480,-1172299.470,354.980,0.034
-443726.280,-1172298.570,355.380,0.004
-443724.880,-1172299.320,354.890,0.048
-443726.930,-1172299.140,354.850,0.018
-443726.390,-1172299.280,354.830,0.011
-443726.700,-1172299.000,354.940,0.028
-443727.710,-1172299.020,354.810,0.020
-443728.390,-1172298.900,354.890,0.031
-443729.120,-1172298.240,355.470,0.016
-443728.860,-1172299.010,354.790,0.013
-443729.150,-1172298.740,354.930,0.018
-443729.500,-1172298.420,355.220,0.010
-443730.280,-1172298.540,355.000,0.021
-443734.940,-1172297.690,355.280,0.008
-443734.650,-1172297.560,355.410,0.006
-443721.150,-1172325.770,355.520,0.012
-443721.520,-1172325.870,355.460,0.027
-443721.700,-1172326.100,355.260,0.006
-443722.730,-1172325.590,355.540,0.003
-443723.020,-1172325.930,355.270,0.006
-443723.370,-1172325.600,355.480,0.015
-443722.850,-1172326.610,354.760,0.014
-443723.760,-1172326.240,355.000,0.018
-443724.450,-1172325.990,355.090,0.010
-443724.990,-1172325.900,355.170,0.023
-443725.200,-1172326.110,354.980,0.010
-443725.270,-1172326.390,354.730,0.014
-443727.480,-1172325.850,355.090,0.019
-443719.970,-1172343.070,352.730,0.073
-443720.810,-1172326.520,355.060,0.020
-443721.050,-1172327.130,354.540,0.024
-443719.490,-1172326.300,355.340,0.020
-443720.820,-1172326.070,355.370,0.014
-443718.560,-1172326.200,355.480,0.005
-443719.250,-1172326.050,355.550,0.024
-443717.400,-1172326.340,355.540,0.031
-443718.820,-1172299.780,355.140,0.009
-443717.160,-1172300.100,355.160,0.027
-443708.540,-1172300.460,354.860,0.011
-443707.060,-1172300.560,354.870,0.011
-443703.050,-1172300.090,355.070,0.067
-443844.980,-1172422.240,374.790,0.083
-443838.490,-1172370.500,374.630,0.062
-443835.500,-1172330.580,371.100,0.031
-443832.500,-1172330.840,370.810,0.031
-443828.250,-1172330.950,370.860,0.041
-443839.670,-1172308.520,355.490,0.005
-443840.010,-1172308.210,355.670,0.004
-443840.320,-1172307.930,355.870,0.006
-443840.410,-1172308.450,355.510,0.002
-443840.750,-1172308.150,355.710,0.003
-443838.450,-1172308.560,355.580,0.015
-443838.780,-1172308.260,355.750,0.012
-443835.970,-1172308.610,355.740,0.007
-443834.760,-1172308.720,355.760,0.007
-443835.410,-1172308.130,356.130,0.027
-443835.730,-1172307.840,356.320,0.008
-443835.080,-1172308.910,355.500,0.012
-443834.150,-1172308.860,355.680,0.009
-443834.780,-1172308.280,356.070,0.011
-443835.100,-1172307.990,356.210,0.014
-443835.440,-1172307.680,356.440,0.006
-443834.500,-1172307.790,356.460,0.013
-443834.820,-1172307.500,356.670,0.012
-443834.010,-1172308.690,355.910,0.009
-443834.360,-1172308.380,356.230,0.016
-443834.940,-1172307.840,356.420,0.007
-443836.210,-1172306.700,357.200,0.008
-443834.520,-1172307.300,356.880,0.007
-443834.830,-1172307.010,357.060,0.011
-443833.010,-1172307.740,356.780,0.017
-443833.310,-1172307.470,356.850,0.010
-443833.630,-1172307.180,357.050,0.008
-443833.960,-1172306.890,357.230,0.007
-443833.340,-1172307.900,356.510,0.010
-443833.630,-1172307.630,356.680,0.007
-443834.580,-1172306.770,357.260,0.011
-443830.480,-1172309.460,355.510,0.011
-443833.010,-1172307.150,357.110,0.014
-443833.300,-1172306.890,357.260,0.009
-443830.880,-1172308.040,356.520,0.007
-443831.210,-1172307.740,356.770,0.004
-443830.640,-1172308.710,356.140,0.006
-443831.930,-1172307.540,356.940,0.010
-443829.010,-1172309.240,355.900,0.022
-443829.340,-1172308.940,356.090,0.009
-443829.990,-1172308.350,356.440,0.006
-443831.250,-1172307.210,357.220,0.007
-443829.260,-1172309.510,355.580,0.004
-443829.590,-1172309.220,355.780,0.008
-443829.420,-1172307.600,356.970,0.007
-443828.960,-1172308.650,356.240,0.010
-443829.280,-1172308.360,356.400,0.008
-443829.650,-1172308.030,356.650,0.010
-443830.250,-1172307.480,357.050,0.007
-443825.090,-1172309.900,355.690,0.004
-443825.440,-1172310.100,355.570,0.009
-443826.090,-1172309.510,355.970,0.009
-443826.160,-1172310.010,355.520,0.002
-443826.470,-1172309.730,355.720,0.004
-443826.780,-1172309.440,355.880,0.005
-443819.070,-1172312.320,355.870,0.009
-443819.710,-1172311.740,356.260,0.004
-443820.030,-1172311.440,356.420,0.015
-443820.340,-1172311.170,356.590,0.028
-443820.200,-1172311.600,356.220,0.004
-443820.520,-1172311.310,356.420,0.026
-443820.800,-1172311.060,356.450,0.030
-443819.990,-1172312.140,355.940,0.010
-443816.190,-1172311.630,356.580,0.013
-443816.470,-1172311.380,356.690,0.013
-443816.360,-1172311.960,356.270,0.008
-443816.690,-1172311.670,356.490,0.007
-443816.890,-1172312.100,356.110,0.006
-443817.790,-1172311.800,356.300,0.083
-443818.120,-1172311.500,356.500,0.016
-443819.070,-1172310.640,357.100,0.007
-443819.380,-1172310.350,357.300,0.010
-443818.240,-1172311.820,356.190,0.017
-443819.200,-1172310.940,356.810,0.005
-443819.550,-1172310.990,356.790,0.007
-443812.140,-1172313.200,355.670,0.007
-443812.470,-1172312.910,355.820,0.007
-443812.790,-1172312.610,356.000,0.008
-443813.120,-1172312.310,356.230,0.003
-443813.450,-1172312.010,356.410,0.007
-443814.110,-1172311.410,356.830,0.009
-443815.430,-1172310.220,357.700,0.013
-443812.370,-1172313.390,355.510,0.005
-443812.690,-1172313.100,355.680,0.006
-443812.990,-1172312.830,355.850,0.013
-443813.310,-1172312.540,356.060,0.008
-443813.980,-1172311.930,356.480,0.006
-443815.320,-1172310.710,357.370,0.012
-443813.720,-1172312.740,355.810,0.008
-443814.360,-1172312.160,356.240,0.012
-443815.030,-1172311.550,356.660,0.011
-443816.240,-1172311.040,357.040,0.010
-443816.540,-1172310.760,357.220,0.009
-443816.860,-1172310.470,357.400,0.011
-443810.280,-1172313.030,355.990,0.013
-443810.620,-1172312.730,356.220,0.017
-443811.350,-1172312.070,356.890,0.053
-443812.580,-1172310.950,357.370,0.031
-443812.890,-1172310.670,357.530,0.012
-443813.550,-1172310.070,357.990,0.015
-443812.060,-1172311.840,356.740,0.005
-443812.400,-1172311.530,356.950,0.006
-443812.710,-1172311.250,357.140,0.017
-443813.660,-1172310.390,357.760,0.015
-443814.000,-1172310.080,357.990,0.009
-443814.310,-1172309.800,358.180,0.006
-443812.120,-1172312.340,356.320,0.009
-443813.080,-1172311.460,356.910,0.006
-443813.380,-1172311.190,357.100,0.007
-443814.380,-1172310.280,357.750,0.006
-443815.040,-1172309.690,358.140,0.008
-443812.010,-1172312.920,355.920,0.025
-443812.340,-1172312.610,356.110,0.007
-443813.330,-1172311.720,356.740,0.005
-443815.320,-1172309.910,358.020,0.010
-443812.530,-1172309.390,358.590,0.011
-443809.740,-1172312.240,356.680,0.014
-443809.110,-1172313.670,355.650,0.022
-443809.430,-1172313.370,355.850,0.009
-443807.230,-1172313.340,356.020,0.005
-443807.580,-1172313.030,356.230,0.010
-443807.900,-1172312.740,356.370,0.013
-443809.540,-1172311.240,357.420,0.020
-443810.210,-1172310.630,357.880,0.006
-443806.840,-1172314.160,355.480,0.009
-443807.480,-1172313.580,355.810,0.008
-443808.460,-1172312.690,356.460,0.013
-443808.790,-1172312.380,356.660,0.010
-443809.440,-1172311.800,357.030,0.013
-443811.740,-1172309.700,358.500,0.012
-443808.310,-1172313.220,355.980,0.012
-443808.960,-1172312.630,356.330,0.010
-443809.290,-1172312.330,356.580,0.007
-443809.620,-1172312.030,356.790,0.019
-443805.380,-1172313.550,356.050,0.007
-443805.720,-1172313.240,356.290,0.010
-443806.040,-1172312.950,356.420,0.012
-443806.700,-1172312.350,356.870,0.008
-443807.020,-1172312.060,357.080,0.006
-443808.310,-1172310.880,357.880,0.011
-443809.600,-1172309.720,358.720,0.011
-443805.650,-1172313.780,355.760,0.019
-443806.290,-1172313.200,356.190,0.005
-443806.630,-1172312.900,356.380,0.005
-443806.920,-1172312.630,356.570,0.008
-443808.240,-1172311.430,357.430,0.014
-443809.230,-1172310.540,358.020,0.007
-443806.630,-1172313.380,356.040,0.008
-443806.950,-1172313.080,356.260,0.008
-443808.270,-1172311.890,357.110,0.013
-443809.260,-1172310.980,357.690,0.012
-443803.060,-1172314.490,355.560,0.006
-443803.360,-1172314.220,355.680,0.003
-443803.670,-1172313.940,355.890,0.011
-443804.000,-1172313.640,356.060,0.005
-443804.340,-1172313.330,356.270,0.008
-443804.680,-1172313.020,356.470,0.006
-443807.300,-1172310.640,358.170,0.007
-443807.620,-1172310.350,358.330,0.009
-443804.280,-1172313.950,355.750,0.006
-443804.600,-1172313.660,355.990,0.006
-443804.920,-1172313.380,356.160,0.005
-443808.540,-1172310.080,358.450,0.007
-443802.310,-1172314.200,355.880,0.010
-443802.640,-1172313.900,356.110,0.008
-443802.950,-1172313.620,356.290,0.010
-443803.250,-1172313.340,356.450,0.006
-443803.570,-1172313.050,356.650,0.006
-443803.900,-1172312.750,356.830,0.005
-443802.580,-1172314.400,355.640,0.007
-443804.200,-1172312.930,356.590,0.006
-443804.530,-1172312.630,356.770,0.016
-443796.970,-1172317.800,357.920,0.006
-443796.410,-1172318.910,357.280,0.007
-443802.090,-1172313.740,356.390,0.014
-443802.340,-1172313.510,356.340,0.020
-443802.680,-1172313.200,356.560,0.022
-443803.000,-1172312.910,356.730,0.009
-443803.340,-1172312.610,356.940,0.009
-443803.650,-1172312.330,357.150,0.013
-443803.970,-1172312.030,357.310,0.011
-443798.240,-1172316.100,358.870,0.018
-443792.000,-1172320.510,357.330,0.004
-443792.500,-1172320.400,357.320,0.004
-443795.670,-1172316.850,358.560,0.010
-443796.600,-1172316.000,359.020,0.009
-443796.910,-1172315.720,359.160,0.006
-443795.900,-1172316.370,358.920,0.010
-443790.490,-1172320.310,357.550,0.010
-443796.570,-1172314.780,359.830,0.008
-443797.520,-1172313.910,360.300,0.006
-443794.050,-1172316.310,359.070,0.005
-443796.610,-1172313.980,360.350,0.005
-443790.260,-1172320.090,357.800,0.025
-443789.560,-1172319.920,357.880,0.007
-443789.900,-1172319.610,358.190,0.030
-443791.460,-1172318.200,358.720,0.007
-443795.590,-1172314.440,360.100,0.021
-443796.850,-1172313.290,360.720,0.010
-443788.280,-1172320.250,357.770,0.008
-443794.720,-1172314.390,360.240,0.031
-443788.820,-1172320.200,357.800,0.004
-443789.140,-1172319.910,357.960,0.006
-443793.180,-1172315.370,359.730,0.007
-443794.120,-1172314.520,360.210,0.009
-443794.490,-1172314.180,360.530,0.023
-443795.080,-1172313.650,360.710,0.010
-443791.750,-1172315.590,359.660,0.002
-443793.330,-1172314.150,360.490,0.015
-443788.770,-1172318.780,358.740,0.004
-443788.070,-1172318.380,359.030,0.008
-443791.590,-1172315.180,359.900,0.011
-443793.120,-1172313.780,360.680,0.030
-443793.430,-1172313.500,360.830,0.019
-443787.620,-1172319.340,358.440,0.007
-443787.940,-1172319.050,358.640,0.008
-443791.680,-1172314.710,360.240,0.003
-443791.980,-1172314.430,360.400,0.011
-443792.640,-1172313.840,360.770,0.012
-443784.470,-1172319.820,357.420,0.088
-443790.520,-1172314.310,360.580,0.007
-443790.830,-1172314.020,360.730,0.009
-443784.320,-1172319.560,357.650,0.006
-443783.310,-1172319.890,357.460,0.009
-443782.900,-1172319.780,357.570,0.013
-443781.980,-1172320.160,357.400,0.014
-443785.440,-1172317.000,359.160,0.009
-443787.350,-1172315.260,360.160,0.010
-443781.630,-1172318.430,358.570,0.004
-443783.870,-1172316.390,359.700,0.007
-443781.100,-1172318.340,358.630,0.006
-443782.640,-1172316.930,359.400,0.003
-443783.910,-1172315.780,360.050,0.002
-443784.240,-1172315.480,360.220,0.006
-443785.520,-1172314.320,360.880,0.006
-443779.480,-1172319.340,358.210,0.004
-443779.780,-1172319.070,358.330,0.003
-443780.110,-1172318.770,358.500,0.004
-443780.420,-1172318.480,358.610,0.003
-443780.750,-1172318.190,358.810,0.007
-443781.060,-1172317.900,358.950,0.007
-443781.400,-1172317.590,359.120,0.004
-443781.720,-1172317.300,359.300,0.005
-443784.560,-1172314.710,360.730,0.007
-443784.870,-1172314.440,360.900,0.006
-443784.030,-1172314.670,360.720,0.017
-443775.740,-1172321.360,355.560,0.068
-443781.030,-1172316.530,359.780,0.005
-443781.340,-1172316.260,359.960,0.004
-443775.120,-1172321.060,355.960,0.011
-443776.180,-1172320.100,356.770,0.010
-443780.730,-1172315.950,360.240,0.012
-443776.400,-1172320.330,356.480,0.017
-443779.400,-1172317.590,359.280,0.003
-443779.720,-1172317.300,359.460,0.004
-443780.020,-1172317.030,359.590,0.007
-443780.360,-1172316.720,359.800,0.007
-443780.660,-1172316.440,359.950,0.003
-443781.600,-1172315.590,360.390,0.002
-443781.920,-1172315.300,360.560,0.002
-443773.250,-1172321.210,356.040,0.024
-443773.950,-1172320.570,356.540,0.012
-443774.630,-1172319.960,357.070,0.013
-443776.360,-1172318.910,357.700,0.010
-443772.760,-1172321.060,356.210,0.023
-443775.590,-1172318.480,358.360,0.014
-443773.030,-1172320.390,356.820,0.008
-443770.480,-1172321.800,355.800,0.004
-443771.850,-1172320.550,356.810,0.009
-443772.910,-1172319.580,357.580,0.006
-443773.620,-1172318.930,358.150,0.026
-443775.090,-1172317.600,359.380,0.027
-443775.790,-1172316.960,359.840,0.012
-443771.530,-1172321.220,356.170,0.006
-443771.880,-1172320.130,357.140,0.014
-443776.040,-1172316.340,360.280,0.017
-443772.390,-1172319.400,357.800,0.009
-443772.750,-1172319.080,358.040,0.047
-443771.220,-1172319.590,357.720,0.009
-443771.590,-1172319.250,358.010,0.022
-443771.910,-1172318.960,358.210,0.019
-443770.830,-1172319.550,357.790,0.009
-443772.240,-1172318.260,358.800,0.004
-443772.960,-1172317.600,359.380,0.014
-443770.100,-1172319.490,357.920,0.031
-443770.770,-1172318.880,358.410,0.012
-443770.330,-1172319.760,357.710,0.006
-443772.770,-1172317.530,359.520,0.013
-443768.450,-1172320.660,358.860,0.014
-443771.260,-1172318.100,359.130,0.010
-443767.130,-1172322.190,358.090,0.008
-443767.560,-1172321.030,358.680,0.027
-443771.430,-1172317.490,359.630,0.008
-443771.020,-1172317.510,359.720,0.005
-443772.070,-1172316.550,360.520,0.009
-443772.770,-1172315.900,361.090,0.021
-443766.030,-1172321.400,358.650,0.009
-443769.760,-1172318.000,359.420,0.008
-443769.500,-1172315.810,361.620,0.018
-443765.940,-1172319.440,359.750,0.013
-443766.010,-1172317.320,360.970,0.009
-443766.960,-1172316.440,361.410,0.017
-443766.410,-1172316.200,361.680,0.025
-443766.290,-1172316.550,361.450,0.016
-443748.320,-1172320.540,358.370,0.022
-443748.980,-1172319.940,358.720,0.007
-443747.340,-1172320.350,358.590,0.008
-443747.570,-1172319.310,359.250,0.003
-443741.620,-1172324.210,359.410,0.091
-443747.470,-1172318.860,359.580,0.004
-443747.790,-1172318.570,359.780,0.016
-443740.570,-1172324.850,359.130,0.009
-443744.670,-1172321.090,358.250,0.019
-443745.010,-1172320.780,358.390,0.036
-443745.350,-1172320.470,358.630,0.019
-443745.960,-1172319.910,358.940,0.011
-443745.590,-1172319.900,359.000,0.007
-443739.510,-1172325.470,358.860,0.010
-443738.740,-1172325.360,358.960,0.011
-443743.220,-1172321.260,358.320,0.026
-443746.460,-1172318.290,360.030,0.011
-443743.490,-1172320.610,358.690,0.010
-443741.740,-1172321.730,357.870,0.039
-443743.790,-1172319.850,359.180,0.004
-443744.760,-1172318.960,359.680,0.025
-443745.110,-1172318.640,359.860,0.012
-443745.440,-1172318.340,360.040,0.012
-443745.750,-1172318.050,360.260,0.020
-443744.660,-1172318.260,360.200,0.010
-443736.090,-1172325.370,358.260,0.018
-443742.770,-1172318.990,359.830,0.013
-443743.740,-1172318.100,360.350,0.016
-443735.480,-1172325.150,358.430,0.007
-443737.390,-1172323.390,359.400,0.024
-443741.910,-1172319.260,359.750,0.051
-443742.870,-1172318.370,360.230,0.011
-443738.150,-1172322.230,360.050,0.013
-443742.960,-1172317.830,360.580,0.008
-443735.900,-1172324.300,358.910,0.005
-443733.670,-1172325.880,358.160,0.031
-443738.250,-1172321.680,360.470,0.021
-443739.500,-1172320.530,361.110,0.007
-443742.050,-1172318.200,360.440,0.074
-443739.650,-1172320.060,361.380,0.008
-443734.710,-1172324.590,358.840,0.019
-443733.920,-1172324.830,358.750,0.018
-443735.230,-1172323.620,359.430,0.034
-443737.540,-1172321.510,360.590,0.030
-443734.200,-1172324.190,359.130,0.011
-443739.100,-1172319.690,361.660,0.011
-443732.610,-1172325.650,358.330,0.023
-443736.820,-1172321.310,360.780,0.016
-443737.110,-1172321.030,360.920,0.013
-443735.850,-1172321.770,360.530,0.023
-443736.180,-1172321.470,360.710,0.016
-443736.500,-1172321.170,360.910,0.005
-443732.760,-1172324.010,359.380,0.023
-443733.710,-1172323.130,359.850,0.024
-443735.040,-1172321.910,360.560,0.057
-443732.050,-1172323.280,359.890,0.007
-443732.690,-1172322.690,360.250,0.006
-443732.290,-1172322.180,360.590,0.006
-443733.280,-1172321.270,361.130,0.016
-443731.240,-1172322.800,360.330,0.005
-443731.410,-1172322.230,360.660,0.023
-443732.410,-1172321.320,361.150,0.019
-443733.700,-1172320.130,361.810,0.011
-443726.950,-1172324.840,355.790,0.014
-443727.280,-1172324.200,356.230,0.026
-443724.810,-1172325.280,355.650,0.017
-443724.210,-1172325.360,355.600,0.019
-443724.570,-1172325.030,355.820,0.016
-443724.890,-1172324.730,356.010,0.021
-443725.230,-1172324.420,356.190,0.006
-443725.920,-1172323.780,356.610,0.017
-443726.590,-1172323.170,356.990,0.014
-443726.920,-1172322.860,357.180,0.013
-443727.260,-1172322.550,357.350,0.014
-443723.450,-1172324.930,356.010,0.011
-443723.780,-1172324.630,356.190,0.014
-443724.800,-1172323.690,356.780,0.027
-443725.820,-1172322.740,357.350,0.009
-443723.720,-1172324.240,356.470,0.012
-443724.050,-1172323.930,356.690,0.011
-443725.050,-1172323.010,357.230,0.013
-443726.100,-1172322.050,357.840,0.017
-443721.840,-1172325.570,355.650,0.013
-443722.860,-1172324.640,356.220,0.018
-443725.520,-1172322.180,357.810,0.015
-443724.210,-1172322.950,357.320,0.006
-443722.060,-1172324.390,356.460,0.052
-443722.390,-1172324.080,356.660,0.023
-443724.780,-1172321.890,358.060,0.025
-443722.560,-1172323.480,357.080,0.041
-443722.900,-1172323.160,357.300,0.018
-443724.900,-1172321.320,358.430,0.014
-443725.260,-1172320.990,358.660,0.010
-443721.940,-1172323.570,357.130,0.018
-443722.260,-1172323.280,357.280,0.037
-443723.300,-1172322.320,357.920,0.020
-443724.320,-1172321.380,358.500,0.016
-443724.990,-1172320.770,358.890,0.029
-443721.220,-1172323.750,357.000,0.010
-443722.210,-1172322.830,357.590,0.011
-443722.900,-1172322.200,357.990,0.020
-443723.250,-1172321.880,358.230,0.017
-443724.240,-1172320.960,358.780,0.030
-443724.580,-1172320.650,358.980,0.017
-443723.210,-1172321.380,358.570,0.028
-443723.510,-1172321.100,358.730,0.029
-443723.840,-1172320.790,358.920,0.016
-443721.460,-1172322.600,357.770,0.011
-443721.820,-1172322.270,357.990,0.008
-443722.480,-1172321.660,358.420,0.013
-443723.200,-1172321.010,358.850,0.025
-443721.310,-1172322.340,358.020,0.019
-443721.660,-1172322.010,358.230,0.012
-443743.020,-1172295.290,356.430,0.015
-443742.870,-1172295.000,356.750,0.035
-443742.680,-1172294.730,356.930,0.030
-443742.700,-1172293.820,357.720,0.030
-443742.170,-1172293.400,358.070,0.010
-443742.510,-1172293.090,358.380,0.018
-443741.510,-1172293.070,358.440,0.008
-443741.840,-1172292.760,358.700,0.011
-443741.230,-1172292.860,358.660,0.007
-443740.910,-1172292.730,358.800,0.022
-443741.940,-1172291.780,359.510,0.011
-443740.630,-1172292.440,359.040,0.019
-443741.330,-1172291.790,359.550,0.010
-443740.360,-1172292.290,359.200,0.015
-443740.720,-1172291.960,359.430,0.017
-443734.980,-1172297.250,355.600,0.009
-443734.960,-1172296.700,356.140,0.005
-443735.280,-1172296.410,356.330,0.012
-443740.000,-1172292.060,359.490,0.005
-443734.510,-1172296.560,356.250,0.021
-443734.850,-1172296.250,356.460,0.009
-443735.530,-1172295.620,356.860,0.013
-443734.400,-1172295.960,356.790,0.013
-443734.750,-1172295.640,357.010,0.018
-443735.080,-1172295.340,357.240,0.009
-443734.980,-1172295.020,357.480,0.008
-443735.320,-1172294.710,357.710,0.041
-443734.270,-1172295.230,357.460,0.006
-443734.590,-1172294.930,357.660,0.005
-443735.230,-1172294.340,358.080,0.014
-443735.550,-1172294.040,358.260,0.016
-443736.900,-1172292.800,359.150,0.014
-443734.390,-1172294.750,357.780,0.020
-443735.380,-1172293.840,358.410,0.017
-443735.720,-1172293.530,358.620,0.023
-443736.710,-1172292.610,359.310,0.013
-443737.030,-1172292.310,359.500,0.025
-443734.570,-1172294.050,358.320,0.026
-443734.910,-1172293.740,358.560,0.011
-443735.250,-1172293.430,358.770,0.013
-443734.610,-1172293.700,358.650,0.010
-443735.250,-1172293.100,359.050,0.006
-443735.930,-1172292.480,359.480,0.019
-443728.780,-1172298.040,355.620,0.014
-443734.160,-1172293.070,359.210,0.010
-443734.150,-1172293.590,358.820,0.023
-443734.830,-1172292.960,359.300,0.015
-443728.440,-1172297.400,356.250,0.012
-443728.960,-1172296.480,357.190,0.018
-443726.390,-1172297.520,356.360,0.017
-443726.750,-1172297.190,356.670,0.017
-443727.820,-1172296.190,357.510,0.017
-443726.610,-1172297.720,356.190,0.033
-443726.400,-1172297.000,356.920,0.015
-443725.420,-1172296.350,357.550,0.032
-443724.270,-1172297.810,356.380,0.007
-443724.970,-1172297.170,356.910,0.004
-443724.110,-1172297.090,357.140,0.010
-443722.910,-1172298.670,355.680,0.018
-443723.800,-1172296.860,357.320,0.011
-443722.240,-1172297.700,356.720,0.019
-443719.450,-1172297.200,356.640,0.005
-443719.450,-1172296.290,357.210,0.008
-443720.110,-1172294.800,358.170,0.021
-443720.510,-1172325.370,355.910,0.013
-443719.570,-1172325.750,355.740,0.014
-443720.580,-1172324.830,356.330,0.008
-443719.560,-1172325.270,356.050,0.021
-443717.950,-1172325.430,356.090,0.033
-443718.950,-1172324.510,356.670,0.011
-443720.320,-1172323.250,357.430,0.024
-443718.780,-1172325.070,356.260,0.007
-443719.100,-1172324.770,356.420,0.009
-443720.090,-1172323.860,356.990,0.013
-443720.460,-1172323.530,357.210,0.004
-443718.130,-1172324.370,356.790,0.017
-443718.470,-1172324.060,357.020,0.020
-443719.170,-1172323.880,357.060,0.019
-443720.530,-1172322.630,357.860,0.021
-443717.470,-1172324.640,356.680,0.005
-443718.460,-1172323.730,357.220,0.018
-443719.780,-1172322.510,357.960,0.008
-443717.620,-1172323.580,357.390,0.016
-443717.970,-1172323.250,357.630,0.018
-443718.940,-1172322.360,358.170,0.033
-443719.280,-1172322.050,358.320,0.025
-443717.780,-1172323.910,357.190,0.018
-443718.800,-1172322.970,357.760,0.016
-443719.140,-1172322.670,357.930,0.003
-443720.140,-1172321.740,358.520,0.011
-443717.220,-1172322.890,357.970,0.019
-443718.230,-1172321.960,358.490,0.020
-443718.560,-1172321.650,358.690,0.010
-443717.480,-1172322.140,358.520,0.024
-443717.800,-1172321.850,358.640,0.009
-443716.300,-1172322.750,361.090,0.023
-443714.370,-1172322.610,361.340,0.009
-443714.690,-1172322.310,361.560,0.006
-443715.330,-1172322.230,361.570,0.014
-443713.090,-1172322.840,361.270,0.021
-443713.420,-1172322.540,361.440,0.019
-443713.760,-1172322.230,361.670,0.014
-443714.110,-1172321.910,361.850,0.007
-443713.540,-1172322.800,361.290,0.022
-443713.900,-1172322.470,361.550,0.003
-443712.950,-1172322.560,361.530,0.011
-443711.610,-1172322.840,361.390,0.004
-443711.940,-1172322.540,361.590,0.024
-443712.620,-1172321.920,361.990,0.009
-443710.520,-1172323.050,361.420,0.026
-443710.830,-1172322.770,361.540,0.013
-443711.190,-1172322.430,361.780,0.038
-443711.520,-1172322.130,361.950,0.032
-443711.090,-1172322.950,361.330,0.005
-443711.440,-1172322.630,361.560,0.007
-443711.770,-1172322.330,361.760,0.016
-443709.850,-1172323.170,361.340,0.012
-443705.380,-1172326.370,361.010,0.052
-443709.160,-1172322.880,361.600,0.019
-443707.600,-1172323.440,361.350,0.014
-443709.270,-1172322.320,362.020,0.020
-443706.320,-1172323.660,361.320,0.010
-443707.020,-1172323.020,361.690,0.006
-443707.670,-1172322.420,362.010,0.022
-443706.060,-1172323.340,361.760,0.057
-443718.480,-1172297.190,356.730,0.018
-443718.470,-1172296.310,357.310,0.007
-443717.830,-1172295.820,357.650,0.011
-443709.230,-1172296.900,358.390,0.041
-443707.030,-1172299.440,356.100,0.045
-443707.760,-1172298.760,356.680,0.030
-443708.850,-1172297.760,357.590,0.025
-443711.530,-1172295.280,356.630,0.005
-443710.810,-1172294.880,356.940,0.016
-443706.610,-1172299.320,356.200,0.022
-443706.800,-1172297.220,358.330,0.023
-443804.580,-1172433.700,351.600,0.072
-443736.150,-1172437.050,351.010,0.060
-443736.040,-1172437.350,350.920,0.059
-443737.600,-1172437.700,347.440,0.044
-443737.630,-1172437.630,347.150,0.044
-443738.290,-1172437.440,347.160,0.029
-443740.470,-1172437.040,347.650,0.069
-443747.070,-1172437.010,347.550,0.080
-443747.980,-1172436.880,354.460,0.078
-443750.770,-1172436.620,354.470,0.066
-443751.160,-1172436.350,347.670,0.086
-443752.330,-1172436.910,347.210,0.038
-443754.430,-1172436.320,354.520,0.099
-443756.770,-1172435.990,347.680,0.087
-443758.150,-1172436.410,354.450,0.056
-443772.660,-1172411.500,353.750,0.094
-443772.930,-1172411.500,353.700,0.077
-443698.350,-1172346.140,353.030,0.057
-443842.580,-1172312.220,352.640,0.004
-443842.260,-1172313.070,352.040,0.008
-443842.230,-1172312.240,352.660,0.007
-443842.120,-1172310.050,354.170,0.011
-443841.910,-1172310.630,353.850,0.008
-443841.800,-1172310.900,353.640,0.015
-443841.600,-1172311.440,353.210,0.005
-443841.480,-1172311.750,353.060,0.005
-443841.380,-1172312.010,352.810,0.005
-443842.090,-1172310.720,353.670,0.009
-443841.760,-1172311.580,353.110,0.011
-443841.930,-1172309.210,354.790,0.009
-443841.820,-1172309.490,354.560,0.006
-443840.950,-1172311.780,353.050,0.008
-443840.840,-1172312.050,352.870,0.007
-443840.580,-1172312.200,352.820,0.015
-443840.480,-1172312.460,352.550,0.053
-443840.360,-1172312.760,352.400,0.005
-443840.250,-1172313.060,352.210,0.005
-443841.160,-1172308.990,355.070,0.011
-443841.070,-1172309.240,354.730,0.012
-443840.950,-1172309.550,354.630,0.017
-443840.540,-1172310.620,353.780,0.010
-443840.210,-1172311.490,353.330,0.008
-443840.110,-1172311.750,353.090,0.014
-443840.010,-1172312.020,352.890,0.014
-443840.510,-1172308.440,355.490,0.002
-443839.870,-1172310.110,354.350,0.011
-443839.760,-1172310.380,354.110,0.007
-443839.330,-1172311.520,353.340,0.010
-443838.590,-1172313.470,352.080,0.006
-443841.150,-1172308.410,355.440,0.006
-443840.390,-1172310.400,354.120,0.009
-443840.080,-1172311.210,353.520,0.004
-443839.980,-1172311.470,353.290,0.007
-443839.870,-1172311.750,353.160,0.010
-443839.770,-1172312.020,352.950,0.015
-443840.070,-1172308.800,355.220,0.016
-443839.840,-1172309.420,354.870,0.007
-443839.750,-1172309.650,354.630,0.009
-443839.530,-1172310.220,354.300,0.011
-443839.320,-1172310.770,353.870,0.012
-443839.200,-1172311.080,353.730,0.009
-443839.470,-1172308.690,355.470,0.005
-443838.840,-1172310.350,354.240,0.013
-443838.190,-1172312.050,353.090,0.005
-443838.090,-1172312.300,352.840,0.006
-443837.650,-1172313.440,352.090,0.006
-443839.230,-1172308.790,355.370,0.012
-443839.130,-1172309.050,355.120,0.012
-443838.690,-1172310.200,354.410,0.016
-443838.580,-1172310.490,354.250,0.014
-443838.390,-1172311.000,353.770,0.009
-443838.270,-1172311.290,353.590,0.011
-443837.940,-1172312.170,353.020,0.008
-443837.960,-1172309.670,354.790,0.011
-443837.860,-1172309.950,354.640,0.007
-443837.750,-1172310.210,354.450,0.006
-443837.650,-1172310.490,354.220,0.007
-443837.540,-1172310.780,354.050,0.029
-443837.220,-1172311.610,353.470,0.020
-443836.350,-1172313.880,351.930,0.008
-443838.620,-1172308.810,355.400,0.015
-443838.310,-1172309.640,354.820,0.012
-443837.680,-1172311.280,353.580,0.013
-443837.350,-1172312.140,353.070,0.005
-443836.610,-1172311.400,353.720,0.006
-443835.980,-1172313.050,352.560,0.012
-443835.800,-1172313.460,348.060,0.077
-443835.680,-1172313.770,347.890,0.077
-443836.960,-1172309.850,354.700,0.006
-443836.520,-1172310.990,353.940,0.006
-443836.300,-1172311.560,353.620,0.007
-443836.190,-1172311.850,353.390,0.005
-443835.980,-1172312.420,353.110,0.011
-443835.620,-1172313.310,348.100,0.077
-443836.270,-1172310.240,354.490,0.020
-443836.060,-1172310.790,354.110,0.018
-443836.370,-1172309.140,355.330,0.015
-443834.970,-1172312.800,352.820,0.015
-443834.880,-1172313.050,352.530,0.014
-443835.600,-1172309.430,355.240,0.011
-443835.510,-1172309.650,354.970,0.015
-443835.290,-1172310.250,354.630,0.003
-443834.750,-1172311.650,353.610,0.011
-443834.000,-1172313.620,352.250,0.022
-443833.900,-1172313.890,352.120,0.012
-443835.230,-1172309.630,354.990,0.017
-443835.110,-1172309.930,354.840,0.017
-443834.900,-1172310.480,354.420,0.003
-443834.800,-1172310.750,354.260,0.005
-443834.160,-1172312.440,353.090,0.005
-443834.040,-1172312.730,352.940,0.026
-443833.810,-1172313.340,352.580,0.007
-443833.700,-1172313.640,352.390,0.010
-443833.610,-1172313.870,352.140,0.013
-443834.860,-1172309.150,355.360,0.011
-443834.120,-1172311.100,354.050,0.005
-443833.680,-1172312.240,353.410,0.036
-443834.610,-1172309.090,355.490,0.010
-443834.290,-1172309.930,354.910,0.010
-443834.180,-1172310.210,354.680,0.009
-443833.860,-1172311.040,354.130,0.009
-443833.760,-1172311.330,353.940,0.017
-443833.530,-1172311.910,353.690,0.040
-443833.430,-1172312.180,353.470,0.037
-443833.020,-1172313.260,352.610,0.007
-443832.900,-1172313.560,352.440,0.008
-443832.800,-1172313.830,352.230,0.007
-443833.710,-1172309.950,354.920,0.022
-443833.600,-1172310.230,354.770,0.020
-443833.360,-1172310.870,354.500,0.039
-443833.260,-1172311.130,354.250,0.039
-443832.740,-1172312.490,353.210,0.009
-443832.640,-1172312.770,353.030,0.008
-443832.220,-1172313.880,352.230,0.006
-443832.110,-1172314.150,352.060,0.011
-443833.350,-1172310.320,354.920,0.028
-443832.730,-1172311.950,353.590,0.048
-443832.640,-1172310.670,354.530,0.013
-443832.520,-1172310.970,354.350,0.019
-443832.410,-1172311.260,354.170,0.021
-443832.310,-1172311.530,353.980,0.012
-443832.000,-1172312.360,353.400,0.005
-443831.890,-1172312.630,353.150,0.004
-443831.780,-1172312.910,352.980,0.005
-443831.560,-1172313.490,352.590,0.005
-443831.460,-1172313.770,352.360,0.007
-443831.350,-1172314.050,352.180,0.006
-443831.250,-1172314.330,351.970,0.012
-443831.140,-1172314.590,351.780,0.010
-443832.100,-1172311.200,354.170,0.016
-443831.770,-1172312.080,353.600,0.032
-443831.350,-1172313.170,352.820,0.022
-443830.920,-1172314.310,352.030,0.012
-443831.250,-1172311.790,353.810,0.007
-443830.930,-1172312.620,353.220,0.010
-443830.710,-1172313.200,352.820,0.014
-443830.390,-1172314.040,352.230,0.016
-443830.290,-1172314.310,352.040,0.021
-443831.470,-1172311.220,354.210,0.010
-443831.710,-1172310.070,355.000,0.006
-443831.610,-1172310.340,354.820,0.017
-443831.190,-1172311.440,354.080,0.007
-443831.080,-1172311.720,353.880,0.008
-443830.760,-1172312.550,353.270,0.008
-443830.640,-1172312.870,353.100,0.018
-443830.550,-1172313.120,352.890,0.014
-443830.450,-1172313.380,352.710,0.017
-443830.220,-1172313.970,352.310,0.016
-443830.110,-1172314.270,352.110,0.019
-443830.420,-1172312.140,353.620,0.007
-443830.320,-1172312.420,353.410,0.004
-443830.000,-1172313.250,352.820,0.006
-443829.890,-1172313.530,352.660,0.007
-443831.020,-1172309.860,355.270,0.009
-443830.910,-1172310.140,355.060,0.009
-443830.590,-1172310.990,354.470,0.008
-443830.480,-1172311.260,354.250,0.008
-443830.060,-1172312.380,353.470,0.007
-443829.960,-1172312.640,353.280,0.006
-443829.530,-1172313.760,352.540,0.010
-443829.430,-1172314.030,352.330,0.019
-443830.190,-1172310.330,354.940,0.003
-443829.880,-1172311.150,354.370,0.004
-443829.560,-1172311.980,353.760,0.007
-443829.450,-1172312.280,353.550,0.006
-443829.340,-1172312.580,353.390,0.020
-443829.130,-1172313.120,352.960,0.004
-443828.920,-1172313.680,352.590,0.003
-443828.600,-1172314.510,352.060,0.004
-443828.500,-1172314.770,351.850,0.009
-443829.680,-1172310.860,354.580,0.004
-443829.560,-1172311.170,354.390,0.004
-443829.460,-1172311.420,354.160,0.004
-443829.250,-1172311.970,353.840,0.015
-443829.140,-1172312.260,353.630,0.008
-443829.040,-1172312.540,353.430,0.018
-443828.820,-1172313.120,353.040,0.017
-443828.610,-1172313.670,352.650,0.021
-443828.500,-1172313.940,352.450,0.005
-443828.290,-1172314.510,352.090,0.010
-443829.240,-1172310.420,354.950,0.016
-443828.180,-1172313.200,352.980,0.014
-443827.640,-1172314.630,352.000,0.017
-443829.180,-1172309.670,355.500,0.018
-443829.070,-1172309.960,355.300,0.022
-443828.960,-1172310.240,355.110,0.008
-443828.860,-1172310.500,354.900,0.009
-443828.750,-1172310.790,354.740,0.009
-443828.650,-1172311.060,354.520,0.009
-443828.540,-1172311.350,354.330,0.010
-443828.430,-1172311.630,354.130,0.009
-443828.330,-1172311.900,353.950,0.003
-443828.220,-1172312.180,353.750,0.008
-443827.900,-1172313.030,353.150,0.010
-443827.680,-1172313.610,352.750,0.006
-443828.390,-1172310.050,355.280,0.006
-443828.280,-1172310.350,355.100,0.004
-443828.170,-1172310.620,354.890,0.004
-443827.870,-1172311.410,354.310,0.008
-443827.660,-1172311.970,353.890,0.041
-443827.560,-1172312.240,353.740,0.020
-443827.440,-1172312.530,353.530,0.006
-443827.230,-1172313.100,353.160,0.004
-443827.120,-1172313.390,352.970,0.004
-443828.160,-1172309.870,355.460,0.010
-443828.050,-1172310.160,355.250,0.003
-443827.320,-1172312.080,353.850,0.031
-443827.210,-1172312.370,353.710,0.021
-443827.110,-1172312.650,353.500,0.006
-443827.060,-1172311.230,354.530,0.007
-443826.520,-1172312.640,353.560,0.013
-443826.420,-1172312.900,353.360,0.007
-443826.320,-1172313.170,353.160,0.008
-443827.190,-1172309.870,355.560,0.005
-443827.090,-1172310.140,355.350,0.007
-443826.980,-1172310.420,355.140,0.010
-443826.780,-1172310.950,354.760,0.009
-443826.670,-1172311.240,354.580,0.005
-443826.560,-1172311.540,354.350,0.005
-443826.460,-1172311.800,354.170,0.006
-443826.020,-1172312.940,353.380,0.006
-443825.920,-1172313.220,353.170,0.016
-443825.820,-1172313.480,352.960,0.008
-443825.700,-1172313.780,352.790,0.011
-443825.500,-1172314.320,352.410,0.004
-443825.400,-1172314.590,352.210,0.006
-443826.420,-1172310.130,355.400,0.004
-443825.780,-1172311.820,354.190,0.013
-443824.710,-1172314.620,352.220,0.015
-443825.050,-1172313.020,353.400,0.005
-443824.950,-1172313.270,353.170,0.006
-443824.530,-1172314.390,352.400,0.008
-443826.120,-1172310.210,355.370,0.005
-443826.010,-1172310.480,355.180,0.004
-443825.800,-1172311.050,354.780,0.009
-443825.590,-1172311.610,354.400,0.010
-443825.480,-1172311.880,354.160,0.008
-443825.160,-1172312.740,353.560,0.007
-443825.580,-1172310.260,355.390,0.006
-443825.470,-1172310.550,355.200,0.002
-443825.370,-1172310.810,355.010,0.003
-443825.050,-1172311.640,354.390,0.005
-443824.940,-1172311.930,354.220,0.007
-443824.830,-1172312.220,353.980,0.010
-443824.730,-1172312.480,353.820,0.007
-443824.630,-1172312.750,353.630,0.007
-443825.260,-1172310.320,355.380,0.020
-443825.160,-1172310.580,355.190,0.004
-443825.050,-1172310.850,355.000,0.003
-443824.950,-1172311.120,354.790,0.006
-443824.740,-1172311.680,354.430,0.004
-443824.630,-1172311.970,354.260,0.005
-443824.540,-1172312.210,354.020,0.004
-443824.420,-1172312.520,353.870,0.007
-443824.320,-1172312.770,353.650,0.006
-443824.510,-1172310.640,355.210,0.033
-443824.410,-1172310.900,355.050,0.009
-443824.300,-1172311.180,354.820,0.011
-443821.140,-1172314.680,353.930,0.050
-443820.930,-1172315.210,353.510,0.054
-443820.830,-1172315.470,353.330,0.020
-443820.580,-1172314.610,354.000,0.006
-443820.470,-1172314.900,353.780,0.006
-443820.200,-1172313.060,355.100,0.009
-443819.880,-1172313.890,354.510,0.013
-443819.780,-1172314.170,354.340,0.012
-443819.470,-1172314.990,353.750,0.015
-443820.140,-1172312.620,355.470,0.005
-443820.030,-1172312.900,355.280,0.007
-443819.920,-1172313.210,355.080,0.009
-443819.600,-1172314.040,354.470,0.012
-443819.300,-1172314.840,353.880,0.016
-443819.190,-1172315.120,353.660,0.013
-443819.300,-1172313.520,354.880,0.007
-443819.200,-1172313.800,354.680,0.015
-443819.090,-1172314.060,354.490,0.015
-443818.550,-1172315.500,353.510,0.019
-443818.580,-1172314.500,354.160,0.010
-443818.990,-1172313.430,355.020,0.006
-443818.610,-1172312.770,355.480,0.013
-443818.300,-1172313.580,354.880,0.006
-443818.080,-1172314.160,354.490,0.014
-443817.340,-1172316.110,353.090,0.004
-443818.200,-1172312.950,355.370,0.007
-443818.090,-1172313.240,355.170,0.005
-443817.980,-1172313.530,355.020,0.013
-443817.780,-1172314.080,354.570,0.020
-443817.680,-1172314.340,354.340,0.019
-443817.360,-1172315.180,353.780,0.005
-443817.130,-1172315.770,353.370,0.014
-443817.600,-1172313.060,355.390,0.006
-443817.510,-1172313.300,355.170,0.007
-443817.400,-1172313.590,354.960,0.005
-443816.990,-1172314.670,354.160,0.021
-443817.050,-1172313.580,355.000,0.008
-443816.640,-1172313.180,355.350,0.004
-443816.530,-1172313.460,355.160,0.004
-443816.430,-1172313.730,354.940,0.006
-443816.320,-1172314.020,354.760,0.015
-443816.110,-1172314.560,354.310,0.011
-443816.010,-1172314.840,354.140,0.017
-443815.900,-1172315.120,353.910,0.022
-443815.600,-1172315.930,353.380,0.043
-443815.790,-1172314.670,354.240,0.014
-443815.570,-1172315.270,353.860,0.014
-443815.470,-1172315.520,353.660,0.004
-443815.990,-1172314.150,354.680,0.026
-443815.860,-1172313.210,355.380,0.017
-443815.760,-1172313.480,355.170,0.015
-443815.650,-1172313.770,354.980,0.014
-443814.810,-1172315.990,353.390,0.006
-443814.690,-1172316.300,353.210,0.014
-443814.490,-1172314.280,354.610,0.015
-443814.390,-1172314.550,354.400,0.019
-443814.080,-1172315.370,353.810,0.019
-443814.410,-1172313.660,355.090,0.016
-443813.990,-1172314.760,354.270,0.016
-443813.730,-1172314.030,354.900,0.011
-443803.050,-1172314.580,355.480,0.005
-443802.950,-1172314.830,355.280,0.011
-443802.850,-1172315.110,355.090,0.010
-443802.750,-1172315.370,354.860,0.014
-443802.640,-1172315.660,354.680,0.011
-443802.440,-1172316.210,354.240,0.008
-443802.320,-1172316.520,354.100,0.008
-443802.600,-1172314.860,355.270,0.017
-443802.490,-1172315.160,355.060,0.014
-443802.380,-1172315.440,354.860,0.009
-443803.640,-1172314.420,355.490,0.012
-443803.530,-1172314.710,355.310,0.015
-443803.430,-1172314.970,355.100,0.014
-443803.310,-1172315.280,354.950,0.006
-443803.220,-1172315.530,354.680,0.007
-443803.110,-1172315.830,354.490,0.010
-443803.000,-1172316.110,354.290,0.008
-443802.900,-1172316.390,354.090,0.006
-443802.790,-1172316.660,353.930,0.006
-443802.680,-1172316.960,353.720,0.015
-443802.590,-1172317.200,353.450,0.019
-443803.630,-1172315.040,355.030,0.010
-443803.530,-1172315.330,354.840,0.006
-443803.420,-1172315.610,354.650,0.009
-443803.320,-1172315.880,354.500,0.010
-443803.230,-1172316.120,354.210,0.016
-443803.010,-1172316.700,353.900,0.006
-443802.920,-1172316.950,353.640,0.012
-443803.910,-1172315.950,354.260,0.011
-443803.800,-1172316.250,354.160,0.013
-443803.700,-1172316.520,353.990,0.015
-443804.410,-1172314.620,355.320,0.005
-443804.310,-1172314.890,355.140,0.009
-443804.120,-1172315.400,354.720,0.019
-443804.710,-1172314.650,355.280,0.006
-443804.610,-1172314.910,355.060,0.012
-443804.510,-1172315.180,354.870,0.016
-443804.400,-1172315.470,354.720,0.021
-443804.300,-1172315.730,354.490,0.010
-443804.200,-1172316.000,354.220,0.017
-443804.090,-1172316.280,354.000,0.020
-443803.880,-1172316.840,353.670,0.023
-443803.770,-1172317.120,353.450,0.022
-443805.200,-1172314.840,355.030,0.008
-443805.110,-1172315.100,354.800,0.007
-443804.780,-1172315.970,354.310,0.055
-443804.360,-1172317.080,353.430,0.023
-443804.490,-1172316.720,351.560,0.019
-443804.380,-1172317.010,351.430,0.038
-443805.390,-1172314.970,354.890,0.009
-443805.170,-1172315.550,354.530,0.017
-443805.060,-1172315.820,354.270,0.048
-443804.750,-1172316.650,353.770,0.014
-443804.650,-1172316.910,353.480,0.015
-443804.540,-1172317.200,353.280,0.022
-443804.660,-1172316.880,351.520,0.032
-443806.340,-1172314.170,355.460,0.011
-443806.250,-1172314.430,355.200,0.016
-443806.140,-1172314.720,355.020,0.014
-443806.040,-1172314.980,354.820,0.027
-443805.510,-1172316.390,353.870,0.011
-443805.400,-1172316.690,353.660,0.014
-443805.290,-1172316.960,353.440,0.009
-443806.790,-1172313.970,355.550,0.008
-443806.680,-1172314.250,355.350,0.009
-443806.580,-1172314.510,355.100,0.016
-443806.480,-1172314.780,354.900,0.013
-443805.730,-1172316.780,353.590,0.009
-443807.210,-1172314.560,355.070,0.007
-443806.280,-1172317.000,353.250,0.008
-443807.140,-1172315.490,354.380,0.007
-443807.040,-1172315.760,354.170,0.023
-443806.830,-1172316.310,353.760,0.031
-443806.510,-1172317.150,353.220,0.008
-443808.070,-1172314.780,354.820,0.006
-443807.960,-1172315.060,354.660,0.011
-443807.860,-1172315.330,354.410,0.011
-443808.650,-1172313.980,355.480,0.015
-443808.550,-1172314.250,355.200,0.007
-443808.440,-1172314.540,355.040,0.005
-443808.030,-1172315.620,354.210,0.005
-443807.930,-1172315.900,353.980,0.006
-443807.710,-1172316.490,353.610,0.008
-443807.590,-1172316.780,353.400,0.020
-443809.190,-1172313.830,355.460,0.020
-443808.970,-1172314.410,355.080,0.009
-443808.230,-1172316.360,353.700,0.013
-443810.180,-1172313.740,355.450,0.009
-443810.070,-1172314.030,355.260,0.004
-443809.970,-1172314.290,355.030,0.006
-443809.340,-1172315.960,353.790,0.018
-443809.220,-1172316.280,353.650,0.012
-443809.120,-1172316.540,353.460,0.015
-443810.230,-1172314.620,354.800,0.016
-443810.120,-1172314.920,354.620,0.010
-443809.510,-1172316.530,353.420,0.009
-443810.950,-1172316.000,353.720,0.010
-443810.850,-1172316.270,353.490,0.011
-443810.830,-1172314.960,354.530,0.022
-443812.160,-1172313.400,355.530,0.006
-443812.050,-1172313.670,355.300,0.021
-443811.100,-1172316.190,353.530,0.011
-443812.660,-1172313.430,355.450,0.006
-443812.560,-1172313.710,355.230,0.008
-443812.460,-1172313.970,355.000,0.009
-443812.250,-1172314.520,354.600,0.008
-443812.150,-1172314.790,354.440,0.009
-443811.500,-1172316.510,353.250,0.007
-443811.210,-1172317.260,351.500,0.055
-443812.980,-1172313.360,355.490,0.006
-443812.770,-1172313.910,355.060,0.004
-443812.350,-1172315.030,354.270,0.006
-443812.240,-1172315.310,354.040,0.027
-443812.140,-1172315.570,353.830,0.020
-443811.940,-1172316.120,353.410,0.050
-443813.540,-1172313.610,355.240,0.008
-443813.220,-1172314.450,354.620,0.006
-443813.010,-1172314.990,354.190,0.021
-443812.910,-1172315.250,354.000,0.017
-443719.500,-1172299.350,355.330,0.003
-443721.770,-1172299.670,355.060,0.009
-443722.880,-1172299.360,355.020,0.017
-443722.280,-1172299.350,355.060,0.030
-443723.260,-1172299.460,354.890,0.010
-443724.150,-1172298.840,355.340,0.012
-443724.040,-1172299.140,355.170,0.025
-443725.380,-1172298.680,355.320,0.015
-443725.080,-1172299.480,354.630,0.039
-443726.440,-1172298.370,355.620,0.007
-443726.340,-1172298.630,355.390,0.004
-443726.080,-1172298.540,355.470,0.013
-443725.890,-1172299.060,355.020,0.011
-443726.660,-1172298.800,355.110,0.009
-443726.550,-1172299.090,354.900,0.012
-443726.820,-1172298.910,355.030,0.023
-443726.720,-1172299.170,354.890,0.022
-443727.200,-1172299.010,354.910,0.016
-443728.120,-1172298.060,355.650,0.017
-443727.470,-1172298.790,355.080,0.003
-443727.370,-1172299.060,354.830,0.035
-443728.840,-1172298.220,355.460,0.017
-443728.550,-1172298.990,354.770,0.020
-443729.900,-1172298.380,355.220,0.010
-443730.380,-1172298.570,354.890,0.021
-443721.590,-1172325.840,355.450,0.014
-443722.610,-1172325.520,355.620,0.020
-443722.510,-1172325.810,355.410,0.014
-443722.410,-1172326.070,355.220,0.019
-443722.200,-1172326.640,354.850,0.019
-443721.830,-1172326.670,354.820,0.018
-443723.070,-1172325.600,355.520,0.014
-443722.770,-1172326.420,354.950,0.026
-443723.430,-1172325.380,355.650,0.013
-443723.320,-1172325.660,355.440,0.005
-443723.230,-1172325.910,355.270,0.005
-443723.130,-1172326.190,355.050,0.007
-443723.020,-1172326.480,354.900,0.016
-443722.920,-1172326.760,354.670,0.009
-443724.220,-1172325.540,355.450,0.014
-443723.900,-1172326.400,354.860,0.015
-443723.980,-1172325.320,355.650,0.012
-443723.780,-1172325.870,355.220,0.009
-443723.580,-1172326.430,354.860,0.013
-443723.470,-1172326.700,354.660,0.023
-443734.540,-1172297.300,355.640,0.005
-443724.780,-1172325.240,355.640,0.017
-443724.680,-1172325.490,355.470,0.017
-443724.580,-1172325.760,355.230,0.012
-443724.470,-1172326.070,355.060,0.008
-443724.360,-1172326.350,354.870,0.012
-443735.000,-1172297.260,355.610,0.009
-443734.910,-1172297.510,355.390,0.007
-443734.700,-1172298.070,355.020,0.029
-443725.230,-1172326.090,355.000,0.010
-443735.870,-1172297.870,355.310,0.026
-443735.390,-1172298.300,354.740,0.027
-443726.480,-1172325.260,355.530,0.021
-443727.050,-1172325.000,355.640,0.042
-443743.010,-1172325.960,351.390,0.033
-443764.280,-1172294.660,354.480,0.061
-443769.280,-1172322.250,355.160,0.091
-443770.600,-1172322.390,355.080,0.049
-443771.580,-1172322.020,355.160,0.099
-443772.370,-1172321.910,355.190,0.075
-443719.850,-1172342.800,352.800,0.073
-443720.850,-1172327.040,354.700,0.031
-443721.500,-1172326.100,355.260,0.019
-443721.290,-1172326.660,354.870,0.012
-443721.190,-1172326.930,354.640,0.027
-443720.820,-1172325.830,355.570,0.015
-443720.730,-1172326.090,355.380,0.018
-443720.520,-1172326.650,354.990,0.016
-443719.550,-1172325.880,355.610,0.019
-443719.340,-1172326.450,355.290,0.018
-443717.450,-1172326.170,355.560,0.034
-443717.350,-1172326.450,355.390,0.032
-443718.870,-1172299.840,355.020,0.011
-443719.400,-1172299.640,355.180,0.007
-443718.660,-1172299.860,355.050,0.011
-443718.360,-1172299.060,355.600,0.013
-443718.040,-1172299.780,355.200,0.014
-443717.420,-1172299.940,355.100,0.019
-443717.750,-1172299.800,355.160,0.016
-443711.840,-1172300.170,353.600,0.008
-443711.490,-1172299.210,354.230,0.010
-443708.610,-1172300.480,354.830,0.010
-443708.360,-1172299.620,355.670,0.014
-443708.260,-1172299.890,355.490,0.008
-443708.080,-1172300.370,354.900,0.013
-443706.970,-1172300.580,354.860,0.010
-443706.700,-1172300.420,355.000,0.011
-443840.800,-1172428.640,374.240,0.087
-443835.070,-1172421.530,373.920,0.099
-443834.850,-1172421.940,358.510,0.083
-443841.250,-1172393.170,374.670,0.055
-443841.150,-1172393.420,374.350,0.063
-443846.620,-1172370.490,374.560,0.057
-443838.390,-1172370.800,374.370,0.043
-443836.320,-1172330.500,371.030,0.058
-443839.590,-1172308.380,355.640,0.007
-443840.280,-1172308.260,355.680,0.003
-443840.730,-1172307.870,355.880,0.009
-443840.610,-1172308.170,355.700,0.004
-443833.790,-1172330.860,370.780,0.035
-443829.100,-1172330.810,370.990,0.037
-443838.470,-1172308.340,355.890,0.023
-443839.330,-1172308.540,355.580,0.006
-443836.390,-1172306.590,357.170,0.008
-443835.930,-1172308.550,355.730,0.010
-443835.830,-1172308.840,355.590,0.010
-443834.930,-1172308.230,356.080,0.014
-443834.820,-1172308.540,355.900,0.003
-443835.300,-1172308.000,356.110,0.019
-443835.170,-1172308.340,356.010,0.027
-443835.070,-1172308.610,355.770,0.005
-443834.960,-1172308.880,355.590,0.010
-443826.700,-1172330.910,371.020,0.013
-443832.860,-1172307.040,357.310,0.016
-443832.760,-1172307.300,357.070,0.018
-443832.450,-1172308.130,356.400,0.011
-443833.030,-1172307.110,357.200,0.014
-443832.940,-1172307.360,356.910,0.019
-443833.680,-1172307.070,357.130,0.009
-443833.580,-1172307.320,356.840,0.008
-443833.470,-1172307.620,356.700,0.008
-443834.020,-1172307.050,357.070,0.004
-443833.820,-1172307.590,356.660,0.007
-443834.650,-1172306.910,357.160,0.010
-443833.910,-1172308.860,355.750,0.012
-443834.870,-1172306.930,357.180,0.011
-443834.780,-1172307.150,356.900,0.015
-443834.680,-1172307.420,356.740,0.004
-443834.560,-1172307.720,356.570,0.004
-443834.130,-1172308.850,355.670,0.010
-443829.340,-1172307.550,357.090,0.008
-443829.230,-1172307.840,356.890,0.008
-443829.130,-1172308.100,356.660,0.004
-443829.020,-1172308.390,356.500,0.008
-443828.910,-1172308.680,356.280,0.014
-443830.010,-1172307.490,357.050,0.005
-443829.800,-1172308.030,356.630,0.010
-443829.690,-1172308.330,356.490,0.005
-443829.480,-1172308.870,356.080,0.008
-443829.380,-1172309.150,355.870,0.007
-443829.270,-1172309.420,355.710,0.022
-443830.300,-1172307.650,356.890,0.009
-443829.990,-1172308.470,356.340,0.004
-443829.560,-1172309.580,355.560,0.006
-443831.060,-1172307.240,357.180,0.008
-443830.740,-1172308.060,356.560,0.008
-443830.430,-1172308.890,355.970,0.005
-443830.310,-1172309.190,355.800,0.005
-443831.370,-1172307.240,357.110,0.007
-443831.260,-1172307.520,356.950,0.005
-443831.160,-1172307.800,356.760,0.004
-443830.840,-1172308.620,356.160,0.006
-443830.740,-1172308.900,355.970,0.007
-443830.630,-1172309.190,355.730,0.011
-443832.110,-1172307.710,356.790,0.005
-443826.330,-1172309.660,355.800,0.004
-443826.220,-1172309.950,355.590,0.005
-443826.630,-1172309.570,355.800,0.004
-443826.530,-1172309.850,355.590,0.007
-443828.690,-1172308.500,356.460,0.010
-443825.570,-1172309.490,356.030,0.007
-443825.470,-1172309.760,355.780,0.007
-443825.360,-1172310.030,355.590,0.008
-443825.880,-1172309.470,355.990,0.011
-443820.660,-1172311.250,356.470,0.028
-443820.560,-1172311.510,356.280,0.008
-443820.340,-1172312.080,355.880,0.009
-443819.120,-1172310.540,357.200,0.009
-443819.020,-1172310.790,356.980,0.007
-443818.920,-1172311.050,356.760,0.006
-443818.400,-1172312.430,355.760,0.017
-443818.300,-1172312.710,355.590,0.009
-443819.430,-1172310.590,357.100,0.009
-443819.330,-1172310.850,356.900,0.009
-443819.020,-1172311.670,356.300,0.012
-443819.940,-1172310.910,356.850,0.010
-443819.320,-1172312.560,355.610,0.006
-443820.250,-1172311.000,356.720,0.026
-443820.040,-1172311.570,356.260,0.005
-443819.930,-1172311.860,356.110,0.005
-443817.590,-1172310.670,357.190,0.019
-443817.480,-1172310.950,356.980,0.010
-443817.360,-1172311.270,356.790,0.002
-443816.960,-1172312.330,355.960,0.006
-443818.330,-1172311.140,356.770,0.010
-443818.220,-1172311.410,356.580,0.009
-443818.120,-1172311.680,356.320,0.015
-443816.440,-1172310.780,357.200,0.009
-443816.340,-1172311.060,357.030,0.005
-443815.730,-1172312.680,355.820,0.007
-443816.910,-1172310.440,357.420,0.011
-443816.810,-1172310.700,357.240,0.009
-443816.700,-1172311.000,357.020,0.008
-443816.600,-1172311.260,356.820,0.010
-443816.500,-1172311.540,356.610,0.008
-443816.390,-1172311.810,356.400,0.005
-443816.290,-1172312.080,356.210,0.005
-443816.180,-1172312.370,356.040,0.009
-443816.080,-1172312.630,355.790,0.007
-443815.970,-1172312.930,355.620,0.010
-443817.250,-1172310.820,357.090,0.011
-443814.060,-1172312.210,356.290,0.010
-443813.960,-1172312.490,356.050,0.011
-443815.290,-1172309.890,358.010,0.010
-443815.180,-1172310.180,357.800,0.008
-443814.670,-1172311.530,356.760,0.014
-443815.750,-1172310.120,357.770,0.014
-443815.550,-1172310.640,357.320,0.013
-443815.440,-1172310.950,357.160,0.014
-443815.020,-1172312.040,356.290,0.006
-443815.940,-1172310.460,357.480,0.018
-443815.430,-1172311.810,356.460,0.013
-443812.470,-1172312.560,356.120,0.009
-443812.360,-1172312.870,355.950,0.007
-443812.250,-1172313.140,355.740,0.008
-443814.210,-1172309.350,358.570,0.006
-443814.110,-1172309.600,358.330,0.007
-443814.020,-1172309.860,358.140,0.006
-443813.810,-1172310.410,357.720,0.013
-443813.500,-1172311.210,357.120,0.007
-443813.410,-1172311.470,356.860,0.006
-443813.300,-1172311.760,356.680,0.006
-443813.190,-1172312.030,356.470,0.005
-443813.090,-1172312.310,356.290,0.003
-443812.990,-1172312.570,356.070,0.008
-443812.890,-1172312.850,355.870,0.012
-443812.780,-1172313.130,355.660,0.006
-443814.540,-1172309.240,358.600,0.012
-443814.430,-1172309.520,358.390,0.006
-443814.330,-1172309.780,358.200,0.006
-443814.230,-1172310.050,357.970,0.007
-443813.820,-1172311.140,357.140,0.009
-443813.510,-1172311.970,356.500,0.007
-443813.400,-1172312.240,356.280,0.005
-443813.090,-1172313.070,355.640,0.008
-443815.100,-1172309.480,358.380,0.019
-443815.000,-1172309.740,358.170,0.008
-443814.580,-1172310.840,357.310,0.009
-443814.170,-1172311.940,356.470,0.007
-443812.080,-1172311.650,356.870,0.006
-443811.970,-1172311.950,356.680,0.006
-443813.450,-1172309.410,358.570,0.009
-443813.350,-1172309.670,358.380,0.013
-443812.830,-1172311.030,357.290,0.006
-443812.520,-1172311.850,356.680,0.008
-443812.330,-1172312.370,356.230,0.010
-443812.100,-1172312.960,355.930,0.008
-443812.010,-1172313.200,355.700,0.008
-443813.590,-1172309.620,358.370,0.006
-443813.180,-1172310.690,357.540,0.009
-443812.880,-1172311.490,356.950,0.006
-443812.110,-1172309.640,358.500,0.013
-443811.250,-1172311.930,357.000,0.056
-443810.740,-1172313.260,355.860,0.007
-443811.840,-1172311.830,356.800,0.007
-443811.400,-1172313.010,356.120,0.038
-443809.380,-1172313.320,355.910,0.011
-443809.630,-1172313.340,355.860,0.006
-443811.730,-1172309.630,358.560,0.010
-443810.480,-1172312.940,356.080,0.019
-443810.360,-1172313.250,355.900,0.014
-443808.990,-1172310.580,358.130,0.010
-443808.580,-1172311.660,357.260,0.014
-443807.970,-1172313.300,355.990,0.011
-443807.860,-1172313.590,355.780,0.013
-443809.410,-1172311.220,357.490,0.013
-443809.310,-1172311.500,357.260,0.011
-443808.990,-1172312.330,356.620,0.007
-443808.890,-1172312.590,356.360,0.010
-443809.980,-1172310.440,358.090,0.005
-443809.470,-1172311.810,357.050,0.017
-443809.260,-1172312.360,356.620,0.007
-443807.800,-1172310.310,358.360,0.011
-443807.700,-1172310.580,358.130,0.009
-443807.080,-1172312.230,356.910,0.009
-443806.970,-1172312.500,356.710,0.009
-443806.870,-1172312.770,356.480,0.007
-443806.770,-1172313.030,356.280,0.008
-443806.670,-1172313.310,356.070,0.009
-443806.560,-1172313.610,355.860,0.009
-443806.450,-1172313.890,355.670,0.006
-443808.240,-1172310.130,358.500,0.008
-443808.660,-1172310.710,357.990,0.013
-443808.460,-1172311.220,357.560,0.025
-443808.340,-1172311.540,357.400,0.016
-443808.250,-1172311.800,357.130,0.011
-443808.140,-1172312.070,356.940,0.015
-443808.040,-1172312.350,356.700,0.013
-443807.930,-1172312.640,356.510,0.015
-443807.630,-1172313.440,355.930,0.009
-443807.510,-1172313.740,355.710,0.010
-443806.130,-1172312.390,356.910,0.009
-443806.030,-1172312.640,356.640,0.010
-443805.920,-1172312.940,356.530,0.015
-443805.830,-1172313.170,356.280,0.013
-443805.730,-1172313.440,356.050,0.008
-443805.620,-1172313.750,355.890,0.017
-443805.520,-1172314.010,355.710,0.021
-443806.520,-1172311.950,357.190,0.006
-443806.220,-1172312.750,356.540,0.009
-443806.110,-1172313.040,356.350,0.011
-443806.010,-1172313.310,356.170,0.010
-443805.910,-1172313.570,355.910,0.010
-443805.800,-1172313.880,355.740,0.018
-443804.260,-1172312.760,356.740,0.010
-443804.040,-1172313.360,356.350,0.010
-443803.840,-1172313.870,355.930,0.007
-443804.670,-1172312.290,357.070,0.015
-443804.570,-1172312.550,356.890,0.016
-443804.370,-1172313.080,356.420,0.008
-443804.250,-1172313.400,356.280,0.008
-443804.160,-1172313.640,356.070,0.005
-443803.940,-1172314.230,355.660,0.012
-443804.830,-1172313.500,356.110,0.006
-443804.730,-1172313.760,355.900,0.007
-443804.620,-1172314.060,355.710,0.011
-443803.730,-1172311.860,357.540,0.013
-443803.630,-1172312.120,357.290,0.008
-443803.220,-1172313.230,356.520,0.007
-443803.120,-1172313.490,356.320,0.011
-443803.020,-1172313.760,356.100,0.016
-443802.800,-1172314.330,355.710,0.005
-443803.900,-1172312.320,357.030,0.013
-443803.580,-1172313.160,356.500,0.007
-443803.470,-1172313.450,356.300,0.006
-443803.260,-1172314.020,355.920,0.014
-443803.160,-1172314.290,355.680,0.005
-443802.360,-1172313.760,356.170,0.018
-443798.270,-1172316.010,358.940,0.019
-443797.420,-1172314.120,360.210,0.005
-443796.770,-1172315.860,359.180,0.008
-443797.780,-1172315.530,359.340,0.007
-443796.990,-1172314.640,359.900,0.007
-443796.460,-1172316.050,359.060,0.006
-443796.130,-1172316.940,358.550,0.008
-443796.610,-1172313.280,360.790,0.012
-443795.870,-1172315.270,359.580,0.007
-443796.720,-1172313.840,360.410,0.006
-443796.300,-1172314.960,359.760,0.010
-443796.190,-1172315.250,359.610,0.004
-443795.550,-1172316.960,358.570,0.006
-443795.800,-1172312.980,361.070,0.018
-443795.490,-1172314.520,359.940,0.024
-443794.730,-1172316.570,358.870,0.010
-443791.740,-1172319.550,357.910,0.017
-443794.360,-1172314.230,360.300,0.017
-443794.260,-1172314.510,360.150,0.011
-443794.720,-1172314.240,360.310,0.037
-443794.620,-1172314.520,360.110,0.013
-443793.870,-1172316.510,358.920,0.004
-443793.180,-1172313.710,360.810,0.026
-443790.650,-1172320.500,357.440,0.013
-443793.550,-1172314.140,360.450,0.014
-443793.450,-1172314.410,360.280,0.012
-443792.220,-1172313.580,360.910,0.010
-443791.900,-1172314.430,360.370,0.011
-443790.640,-1172317.800,359.070,0.009
-443789.900,-1172319.810,357.970,0.042
-443792.340,-1172315.130,359.910,0.006
-443790.250,-1172314.090,360.810,0.028
-443788.760,-1172320.420,357.650,0.007
-443788.280,-1172318.840,358.750,0.004
-443788.170,-1172319.120,358.570,0.009
-443785.510,-1172316.720,359.380,0.011
-443784.880,-1172318.390,358.320,0.008
-443784.470,-1172319.500,357.600,0.005
-443784.350,-1172319.810,357.460,0.080
-443784.560,-1172314.790,360.660,0.003
-443784.460,-1172315.070,360.500,0.006
-443784.030,-1172316.210,359.800,0.010
-443783.930,-1172316.490,359.640,0.007
-443783.250,-1172319.070,357.960,0.013
-443783.850,-1172319.090,357.980,0.006
-443784.140,-1172314.430,360.910,0.017
-443782.110,-1172314.550,360.960,0.021
-443781.680,-1172315.730,360.320,0.003
-443780.990,-1172318.430,358.550,0.006
-443782.960,-1172314.490,360.990,0.004
-443782.330,-1172316.180,359.920,0.012
-443782.010,-1172317.040,359.360,0.008
-443780.270,-1172316.700,359.770,0.005
-443780.160,-1172317.000,359.630,0.008
-443775.960,-1172317.520,359.210,0.012
-443776.030,-1172318.680,358.070,0.011
-443775.920,-1172318.960,357.850,0.013
-443775.630,-1172319.760,357.100,0.010
-443775.150,-1172321.050,355.910,0.011
-443775.420,-1172318.180,358.690,0.011
-443774.830,-1172319.760,357.280,0.015
-443774.710,-1172317.740,359.240,0.051
-443773.340,-1172321.410,355.780,0.010
-443775.560,-1172316.140,360.650,0.018
-443775.070,-1172317.460,359.360,0.025
-443774.970,-1172317.720,359.220,0.020
-443774.380,-1172319.310,357.780,0.022
-443774.200,-1172319.810,357.230,0.025
-443773.900,-1172320.610,356.560,0.009
-443774.130,-1172317.190,359.490,0.052
-443773.720,-1172318.290,358.780,0.012
-443773.440,-1172319.040,357.920,0.018
-443772.940,-1172320.390,356.740,0.007
-443772.740,-1172320.930,356.330,0.026
-443772.640,-1172321.190,356.120,0.025
-443772.790,-1172319.240,357.770,0.039
-443772.680,-1172319.550,357.650,0.013
-443772.290,-1172320.590,356.640,0.012
-443772.360,-1172318.420,358.660,0.004
-443772.630,-1172319.200,357.870,0.042
-443772.440,-1172317.450,359.610,0.016
-443771.760,-1172319.270,357.960,0.017
-443771.470,-1172320.060,357.250,0.010
-443771.070,-1172321.110,356.310,0.032
-443771.110,-1172317.330,359.840,0.008
-443770.220,-1172319.710,357.780,0.031
-443771.550,-1172317.580,359.520,0.012
-443771.450,-1172317.840,359.310,0.009
-443770.670,-1172319.950,357.400,0.008
-443770.370,-1172320.750,356.680,0.022
-443770.000,-1172317.710,359.580,0.009
-443769.790,-1172318.270,359.170,0.006
-443770.370,-1172318.510,358.670,0.020
-443770.050,-1172316.820,360.460,0.004
-443768.600,-1172320.730,358.780,0.019
-443768.900,-1172315.940,361.560,0.015
-443768.790,-1172316.220,361.450,0.009
-443767.740,-1172320.690,358.960,0.022
-443767.640,-1172320.940,358.700,0.023
-443769.870,-1172315.730,361.590,0.033
-443766.330,-1172320.760,358.940,0.015
-443766.460,-1172321.950,358.240,0.011
-443765.930,-1172318.610,360.250,0.021
-443766.980,-1172316.350,361.380,0.017
-443765.420,-1172316.470,361.670,0.053
-443765.680,-1172317.330,361.100,0.007
-443748.450,-1172319.910,358.670,0.012
-443748.040,-1172321.010,357.820,0.046
-443747.550,-1172320.720,358.320,0.015
-443748.020,-1172318.680,359.630,0.003
-443747.910,-1172318.970,359.470,0.004
-443747.490,-1172320.100,358.750,0.006
-443747.390,-1172320.380,358.540,0.013
-443747.000,-1172319.210,359.300,0.009
-443746.020,-1172320.420,358.660,0.030
-443746.550,-1172318.360,359.990,0.012
-443745.840,-1172319.160,359.490,0.016
-443745.530,-1172319.990,358.920,0.007
-443745.020,-1172321.370,357.920,0.022
-443744.800,-1172321.140,358.260,0.022
-443745.160,-1172318.770,359.700,0.022
-443744.980,-1172318.500,359.960,0.009
-443744.770,-1172319.070,359.610,0.022
-443744.860,-1172317.570,360.670,0.046
-443743.340,-1172320.600,358.770,0.017
-443743.250,-1172320.860,358.570,0.008
-443742.960,-1172321.630,357.840,0.052
-443743.730,-1172318.010,360.380,0.017
-443742.480,-1172321.420,358.270,0.030
-443743.420,-1172318.000,360.410,0.014
-443743.210,-1172318.570,360.010,0.030
-443742.900,-1172319.410,359.500,0.006
-443742.370,-1172320.860,358.610,0.006
-443743.070,-1172317.590,360.790,0.006
-443742.960,-1172317.880,360.600,0.007
-443742.440,-1172319.290,359.700,0.013
-443740.670,-1172324.120,359.630,0.028
-443742.100,-1172319.320,359.700,0.009
-443739.310,-1172325.420,358.900,0.010
-443738.540,-1172321.700,360.400,0.012
-443737.680,-1172322.770,359.770,0.011
-443737.460,-1172323.350,359.410,0.024
-443737.780,-1172320.040,361.550,0.017
-443736.830,-1172320.660,361.200,0.003
-443736.720,-1172320.940,361.020,0.003
-443736.510,-1172321.510,360.660,0.024
-443735.930,-1172321.700,360.600,0.023
-443735.720,-1172322.270,360.220,0.008
-443735.620,-1172322.550,360.050,0.021
-443735.290,-1172323.440,359.540,0.035
-443735.080,-1172324.010,359.180,0.016
-443734.870,-1172324.580,358.850,0.020
-443734.560,-1172325.400,358.360,0.018
-443734.460,-1172325.690,358.200,0.035
-443735.350,-1172322.870,359.890,0.024
-443735.250,-1172323.130,359.720,0.019
-443735.140,-1172323.440,359.550,0.035
-443734.710,-1172324.600,358.830,0.019
-443735.990,-1172321.140,360.950,0.019
-443735.770,-1172321.740,360.590,0.023
-443735.660,-1172322.030,360.400,0.010
-443735.450,-1172322.600,360.070,0.022
-443735.430,-1172321.620,360.680,0.017
-443734.220,-1172324.210,359.130,0.011
-443734.110,-1172324.510,358.940,0.017
-443734.000,-1172324.810,358.770,0.017
-443733.790,-1172325.380,358.460,0.014
-443733.690,-1172325.650,358.260,0.028
-443735.160,-1172321.660,360.670,0.069
-443735.060,-1172321.930,360.500,0.062
-443735.170,-1172320.190,361.620,0.015
-443734.540,-1172321.900,360.700,0.023
-443734.090,-1172322.510,360.230,0.018
-443733.890,-1172323.070,359.860,0.013
-443733.790,-1172323.340,359.720,0.022
-443733.480,-1172324.190,359.190,0.007
-443733.380,-1172324.440,359.030,0.006
-443733.270,-1172324.740,358.850,0.005
-443732.950,-1172325.610,358.360,0.016
-443734.940,-1172320.230,361.620,0.024
-443734.840,-1172320.500,361.450,0.007
-443734.060,-1172321.270,361.080,0.017
-443733.230,-1172323.530,359.620,0.020
-443732.580,-1172324.390,359.130,0.017
-443743.070,-1172295.630,356.190,0.013
-443732.250,-1172323.690,359.610,0.005
-443732.140,-1172323.980,359.440,0.011
-443731.830,-1172324.840,358.910,0.013
-443732.110,-1172323.190,359.980,0.012
-443742.860,-1172293.730,357.850,0.022
-443742.620,-1172292.960,358.510,0.009
-443732.210,-1172321.480,361.050,0.017
-443731.890,-1172322.350,360.540,0.018
-443731.680,-1172322.920,360.200,0.019
-443731.470,-1172323.480,359.820,0.028
-443742.220,-1172292.950,358.540,0.007
-443742.030,-1172293.470,358.070,0.022
-443741.980,-1172292.000,359.290,0.010
-443741.680,-1172292.810,358.650,0.009
-443741.580,-1172293.080,358.440,0.008
-443741.530,-1172292.270,359.120,0.011
-443741.430,-1172292.550,358.920,0.008
-443741.340,-1172292.810,358.710,0.003
-443741.200,-1172291.780,359.580,0.017
-443740.110,-1172292.110,359.410,0.021
-443740.000,-1172292.400,359.220,0.024
-443727.460,-1172323.890,356.440,0.022
-443727.250,-1172324.450,356.040,0.021
-443727.320,-1172322.450,357.470,0.014
-443727.220,-1172322.730,357.240,0.017
-443727.120,-1172322.990,357.050,0.037
-443727.180,-1172323.340,356.870,0.036
-443726.780,-1172321.900,357.900,0.016
-443726.560,-1172322.480,357.510,0.020
-443726.360,-1172323.030,357.100,0.016
-443726.160,-1172323.560,356.740,0.006
-443725.850,-1172324.400,356.150,0.028
-443726.890,-1172322.470,357.450,0.016
-443726.570,-1172323.320,356.890,0.011
-443726.260,-1172324.170,356.290,0.010
-443725.410,-1172323.510,356.800,0.017
-443725.300,-1172323.830,356.640,0.017
-443725.090,-1172324.390,356.230,0.017
-443724.980,-1172324.680,356.050,0.013
-443724.870,-1172324.980,355.810,0.014
-443736.900,-1172292.710,359.200,0.013
-443725.290,-1172324.440,356.130,0.005
-443735.860,-1172293.730,358.430,0.006
-443735.750,-1172294.040,358.260,0.014
-443735.340,-1172295.140,357.380,0.012
-443735.250,-1172295.390,357.160,0.007
-443735.150,-1172295.660,356.960,0.010
-443734.940,-1172296.220,356.540,0.007
-443734.850,-1172296.470,356.290,0.005
-443734.750,-1172296.750,356.120,0.005
-443725.650,-1172321.670,358.150,0.020
-443725.450,-1172322.200,357.750,0.016
-443725.140,-1172323.030,357.200,0.013
-443724.930,-1172323.590,356.840,0.013
-443724.730,-1172324.150,356.440,0.026
-443724.430,-1172324.970,355.890,0.022
-443724.320,-1172325.260,355.680,0.011
-443736.720,-1172292.620,359.310,0.013
-443736.410,-1172293.440,358.620,0.029
-443735.310,-1172296.450,356.290,0.011
-443735.200,-1172296.720,356.050,0.010
-443735.100,-1172296.990,355.820,0.007
-443725.600,-1172323.000,357.180,0.019
-443725.510,-1172323.260,357.010,0.020
-443723.930,-1172324.010,356.590,0.010
-443723.830,-1172324.290,356.420,0.010
-443723.730,-1172324.560,356.250,0.016
-443723.630,-1172324.830,356.060,0.009
-443723.540,-1172325.090,355.830,0.008
-443735.630,-1172293.530,358.640,0.018
-443735.520,-1172293.810,358.450,0.020
-443735.420,-1172294.080,358.240,0.020
-443735.320,-1172294.350,358.020,0.014
-443735.020,-1172295.170,357.390,0.008
-443734.920,-1172295.440,357.180,0.017
-443734.820,-1172295.710,356.890,0.017
-443734.710,-1172296.020,356.720,0.017
-443734.610,-1172296.280,356.490,0.014
-443734.510,-1172296.540,356.290,0.021
-443734.420,-1172296.800,356.070,0.021
-443724.790,-1172323.130,357.150,0.017
-443724.700,-1172323.380,357.000,0.025
-443724.610,-1172323.630,356.760,0.019
-443723.680,-1172323.940,356.660,0.011
-443723.170,-1172325.330,355.700,0.014
-443735.450,-1172292.550,359.480,0.026
-443735.350,-1172292.830,359.270,0.005
-443735.250,-1172293.090,359.050,0.006
-443735.150,-1172293.370,358.870,0.010
-443735.060,-1172293.620,358.650,0.002
-443734.960,-1172293.880,358.450,0.011
-443734.860,-1172294.160,358.210,0.010
-443734.660,-1172294.680,357.780,0.006
-443734.560,-1172294.970,357.620,0.004
-443725.080,-1172320.910,358.650,0.026
-443724.970,-1172321.200,358.520,0.020
-443724.670,-1172322.020,357.900,0.022
-443724.560,-1172322.320,357.740,0.026
-443724.450,-1172322.610,357.540,0.005
-443724.040,-1172323.730,356.810,0.004
-443734.340,-1172293.510,358.860,0.018
-443724.370,-1172320.770,358.880,0.021
-443724.160,-1172321.330,358.540,0.020
-443724.060,-1172321.610,358.350,0.016
-443723.630,-1172322.760,357.570,0.018
-443723.440,-1172323.290,357.160,0.012
-443723.330,-1172323.570,357.000,0.035
-443723.030,-1172324.390,356.370,0.019
-443722.920,-1172324.680,356.170,0.015
-443722.820,-1172324.960,356.000,0.008
-443735.100,-1172292.760,359.360,0.037
-443735.000,-1172293.020,359.130,0.014
-443734.800,-1172293.560,358.720,0.008
-443734.700,-1172293.840,358.510,0.012
-443734.600,-1172294.120,358.320,0.028
-443734.410,-1172294.620,357.880,0.015
-443734.210,-1172295.170,357.440,0.006
-443722.120,-1172324.420,356.440,0.033
-443722.010,-1172324.720,356.230,0.033
-443721.800,-1172325.280,355.840,0.015
-443734.180,-1172292.980,359.240,0.010
-443734.070,-1172293.270,359.060,0.003
-443723.010,-1172321.200,358.680,0.014
-443722.900,-1172321.490,358.460,0.009
-443722.200,-1172323.390,357.150,0.015
-443723.440,-1172320.850,358.900,0.018
-443723.250,-1172321.370,358.520,0.026
-443723.040,-1172321.940,358.150,0.019
-443721.880,-1172321.860,358.310,0.010
-443721.790,-1172322.110,358.100,0.008
-443721.320,-1172321.090,358.860,0.021
-443721.220,-1172321.360,358.690,0.012
-443730.040,-1172295.920,357.590,0.058
-443727.490,-1172297.080,356.730,0.008
-443727.220,-1172296.260,357.580,0.025
-443727.620,-1172296.220,357.450,0.017
-443726.950,-1172298.010,355.780,0.010
-443726.220,-1172296.980,356.900,0.010
-443726.380,-1172297.730,356.170,0.016
-443726.280,-1172298.000,355.930,0.016
-443725.560,-1172298.200,355.840,0.010
-443725.010,-1172296.550,357.490,0.041
-443724.920,-1172296.770,357.220,0.019
-443724.720,-1172297.320,356.810,0.019
-443724.450,-1172298.060,356.050,0.008
-443724.270,-1172297.840,356.330,0.009
-443724.140,-1172297.090,357.090,0.008
-443722.970,-1172297.510,356.770,0.013
-443722.760,-1172298.060,356.300,0.013
-443722.560,-1172298.600,355.820,0.005
-443723.860,-1172296.730,357.450,0.018
-443723.470,-1172297.770,356.450,0.010
-443722.680,-1172297.230,357.080,0.007
-443722.480,-1172297.760,356.590,0.037
-443722.390,-1172298.010,356.350,0.021
-443722.870,-1172296.720,357.560,0.029
-443721.980,-1172296.760,357.750,0.057
-443720.900,-1172298.330,355.850,0.015
-443720.150,-1172297.610,356.320,0.020
-443720.130,-1172295.910,357.440,0.021
-443720.170,-1172294.830,358.110,0.015
-443719.330,-1172296.320,357.260,0.012
-443721.260,-1172323.540,357.140,0.009
-443720.860,-1172324.630,356.370,0.013
-443720.660,-1172325.160,356.010,0.015
-443720.550,-1172325.460,355.820,0.014
-443720.800,-1172322.510,357.890,0.009
-443720.690,-1172322.800,357.700,0.008
-443720.600,-1172323.060,357.530,0.006
-443720.490,-1172323.340,357.350,0.003
-443720.390,-1172323.610,357.170,0.004
-443720.180,-1172324.180,356.780,0.006
-443719.980,-1172324.730,356.360,0.008
-443719.660,-1172325.580,355.780,0.009
-443719.450,-1172322.430,358.090,0.007
-443719.260,-1172322.960,357.680,0.037
-443719.150,-1172323.250,357.540,0.032
-443718.950,-1172323.790,357.150,0.018
-443718.440,-1172325.170,356.180,0.014
-443720.370,-1172321.400,358.710,0.011
-443720.260,-1172321.680,358.530,0.009
-443719.750,-1172323.060,357.600,0.005
-443719.650,-1172323.350,357.400,0.006
-443719.240,-1172324.460,356.650,0.007
-443719.130,-1172324.750,356.430,0.009
-443718.920,-1172325.310,356.040,0.008
-443713.320,-1172336.990,360.630,0.098
-443719.000,-1172322.000,358.390,0.026
-443718.880,-1172322.300,358.210,0.032
-443718.470,-1172323.420,357.420,0.030
-443718.370,-1172323.690,357.240,0.023
-443718.160,-1172324.260,356.870,0.014
-443718.060,-1172324.540,356.730,0.016
-443717.960,-1172324.790,356.530,0.013
-443717.650,-1172325.630,355.970,0.032
-443717.560,-1172325.870,355.730,0.070
-443719.540,-1172321.540,358.690,0.018
-443719.330,-1172322.110,358.320,0.025
-443719.230,-1172322.380,358.110,0.003
-443719.130,-1172322.660,357.940,0.005
-443718.620,-1172324.030,357.000,0.008
-443717.620,-1172324.050,357.070,0.016
-443717.510,-1172324.340,356.850,0.016
-443717.400,-1172324.660,356.700,0.004
-443718.310,-1172323.320,357.490,0.025
-443718.200,-1172323.620,357.350,0.030
-443717.890,-1172324.450,356.750,0.016
-443717.680,-1172325.010,356.350,0.036
-443717.590,-1172325.260,356.060,0.047
-443718.370,-1172321.480,358.840,0.015
-443718.270,-1172321.760,358.650,0.017
-443718.170,-1172322.020,358.470,0.019
-443717.960,-1172322.610,358.060,0.015
-443717.860,-1172322.870,357.890,0.019
-443717.650,-1172323.450,357.500,0.012
-443717.550,-1172323.720,357.320,0.022
-443717.450,-1172323.970,357.060,0.030
-443716.450,-1172326.730,358.090,0.023
-443718.650,-1172321.280,358.960,0.016
-443718.540,-1172321.560,358.760,0.013
-443718.440,-1172321.840,358.600,0.016
-443718.340,-1172322.110,358.410,0.020
-443718.120,-1172322.700,358.010,0.015
-443718.020,-1172322.970,357.820,0.018
-443717.910,-1172323.260,357.660,0.016
-443717.820,-1172323.520,357.430,0.010
-443717.710,-1172323.810,357.260,0.018
-443717.880,-1172321.790,358.700,0.008
-443717.770,-1172322.070,358.480,0.010
-443717.670,-1172322.340,358.310,0.021
-443717.570,-1172322.610,358.120,0.004
-443717.470,-1172322.900,357.930,0.026
-443716.140,-1172326.520,358.400,0.015
-443717.500,-1172322.000,358.570,0.008
-443717.400,-1172322.290,358.390,0.018
-443717.300,-1172322.560,358.190,0.032
-443717.200,-1172322.830,358.030,0.019
-443716.600,-1172322.730,361.140,0.048
-443717.270,-1172321.440,358.960,0.033
-443716.960,-1172322.280,358.380,0.010
-443715.230,-1172322.560,361.300,0.011
-443708.900,-1172337.520,358.440,0.054
-443714.800,-1172322.620,361.320,0.007
-443714.520,-1172322.250,361.590,0.006
-443714.020,-1172321.990,361.850,0.007
-443713.720,-1172322.810,361.250,0.010
-443713.170,-1172321.900,361.930,0.011
-443712.950,-1172322.480,361.550,0.010
-443712.860,-1172322.740,361.380,0.009
-443712.760,-1172323.010,361.180,0.012
-443713.540,-1172322.220,361.700,0.018
-443713.440,-1172322.490,361.500,0.025
-443712.780,-1172321.900,362.000,0.011
-443712.670,-1172322.190,361.820,0.005
-443712.130,-1172322.320,361.760,0.018
-443712.030,-1172322.600,361.540,0.027
-443711.930,-1172322.870,361.350,0.014
-443711.840,-1172323.120,361.150,0.014
-443711.160,-1172323.070,361.240,0.009
-443711.840,-1172322.330,361.760,0.018
-443711.730,-1172322.620,361.560,0.014
-443711.630,-1172322.880,361.380,0.004
-443711.530,-1172323.150,361.180,0.031
-443711.130,-1172322.240,361.880,0.049
-443711.030,-1172322.510,361.690,0.039
-443710.940,-1172322.780,361.500,0.010
-443710.840,-1172323.040,361.330,0.008
-443710.630,-1172322.380,361.820,0.026
-443710.420,-1172322.950,361.380,0.026
-443710.510,-1172322.140,362.000,0.024
-443709.710,-1172323.350,361.250,0.016
-443709.180,-1172323.200,361.410,0.019
-443709.080,-1172323.470,361.200,0.014
-443718.800,-1172296.220,357.330,0.004
-443718.490,-1172297.060,356.830,0.019
-443718.270,-1172297.640,356.500,0.006
-443718.170,-1172297.910,356.270,0.006
-443708.280,-1172323.120,361.510,0.021
-443708.170,-1172323.400,361.310,0.009
-443718.680,-1172295.330,357.850,0.010
-443717.420,-1172298.740,355.860,0.040
-443708.740,-1172322.420,361.960,0.020
-443708.630,-1172322.710,361.720,0.009
-443708.520,-1172323.010,361.570,0.022
-443708.420,-1172323.270,361.390,0.005
-443718.440,-1172295.450,357.770,0.020
-443717.790,-1172297.190,356.770,0.013
-443717.270,-1172298.610,355.970,0.027
-443708.470,-1172322.590,361.890,0.018
-443718.060,-1172295.060,358.070,0.018
-443717.100,-1172297.630,356.520,0.020
-443707.860,-1172322.800,361.790,0.011
-443707.770,-1172323.050,361.570,0.009
-443707.660,-1172323.340,361.410,0.014
-443707.400,-1172322.560,361.970,0.025
-443707.290,-1172322.860,361.790,0.009
-443707.560,-1172322.550,362.010,0.026
-443707.240,-1172323.390,361.440,0.026
-443706.420,-1172323.610,361.330,0.009
-443705.450,-1172326.250,361.030,0.042
-443716.930,-1172295.760,357.710,0.014
-443706.970,-1172322.830,361.860,0.007
-443717.260,-1172295.720,357.750,0.012
-443716.950,-1172296.550,357.210,0.009
-443706.100,-1172323.280,361.620,0.048
-443705.990,-1172323.590,361.530,0.053
-443706.730,-1172322.790,361.870,0.006
-443706.620,-1172323.080,361.690,0.014
-443706.520,-1172323.350,361.520,0.022
-443705.950,-1172323.100,361.900,0.047
-443707.380,-1172298.600,356.760,0.029
-443706.990,-1172299.640,355.790,0.047
-443706.700,-1172299.260,356.270,0.022
-443703.080,-1172297.750,357.050,0.049
-443833.340,-1172421.720,348.700,0.087
-443804.560,-1172433.750,351.650,0.072
-443736.230,-1172437.200,351.000,0.060
-443738.050,-1172437.400,347.610,0.049
-443738.130,-1172437.320,350.930,0.024
-443771.280,-1172411.660,353.770,0.039
-443771.480,-1172411.500,354.000,0.042
-443745.880,-1172436.770,354.500,0.097
-443755.030,-1172436.720,350.840,0.066
-443755.280,-1172436.520,350.970,0.068
-443698.790,-1172346.020,353.010,0.091
-443699.440,-1172345.900,353.080,0.041
-443842.670,-1172312.290,352.590,0.005
-443840.590,-1172313.570,351.790,0.015
-443841.850,-1172312.530,352.500,0.008
-443842.090,-1172312.330,352.630,0.005
-443840.150,-1172313.340,352.060,0.012
-443840.420,-1172313.130,352.160,0.006
-443842.670,-1172311.270,353.340,0.007
-443840.280,-1172312.730,352.440,0.004
-443840.520,-1172312.520,352.570,0.053
-443840.750,-1172312.330,352.680,0.016
-443841.270,-1172311.910,352.930,0.004
-443841.500,-1172311.720,353.090,0.005
-443841.760,-1172311.500,353.200,0.007
-443842.530,-1172310.870,353.580,0.016
-443842.740,-1172310.690,353.760,0.013
-443838.820,-1172313.480,352.030,0.006
-443839.060,-1172313.280,352.140,0.008
-443840.840,-1172311.820,353.050,0.012
-443841.320,-1172311.420,353.310,0.006
-443842.050,-1172310.820,353.680,0.009
-443842.550,-1172310.410,353.960,0.015
-443838.590,-1172313.280,352.180,0.004
-443838.820,-1172313.090,352.320,0.003
-443839.820,-1172312.270,352.850,0.018
-443841.840,-1172310.600,353.850,0.011
-443842.100,-1172309.790,354.350,0.010
-443842.360,-1172309.580,354.490,0.002
-443837.310,-1172313.750,351.900,0.004
-443837.550,-1172313.550,352.080,0.004
-443837.820,-1172313.320,352.180,0.007
-443840.070,-1172311.470,353.340,0.006
-443837.990,-1172312.630,352.690,0.006
-443840.010,-1172310.970,353.720,0.004
-443840.270,-1172310.750,353.840,0.010
-443840.530,-1172310.540,353.990,0.009
-443840.770,-1172310.340,354.090,0.006
-443841.770,-1172309.510,354.610,0.006
-443835.700,-1172313.970,347.940,0.077
-443835.970,-1172313.740,347.940,0.077
-443836.210,-1172313.550,348.110,0.071
-443836.860,-1172313.000,352.520,0.009
-443837.120,-1172312.790,352.650,0.009
-443837.830,-1172312.210,353.030,0.006
-443838.100,-1172311.990,353.170,0.005
-443839.840,-1172310.550,354.060,0.011
-443840.340,-1172310.140,354.300,0.004
-443840.590,-1172309.930,354.430,0.011
-443840.850,-1172309.710,354.570,0.013
-443841.860,-1172308.880,355.070,0.007
-443835.770,-1172313.440,348.030,0.077
-443835.330,-1172313.790,352.060,0.019
-443836.090,-1172313.170,352.480,0.012
-443836.340,-1172312.960,352.580,0.011
-443836.860,-1172312.530,352.840,0.008
-443837.110,-1172312.320,352.950,0.009
-443837.340,-1172312.140,353.130,0.005
-443838.330,-1172311.320,353.620,0.011
-443838.590,-1172311.100,353.730,0.008
-443839.560,-1172310.300,354.270,0.011
-443839.830,-1172310.080,354.380,0.010
-443840.600,-1172309.450,354.760,0.012
-443840.830,-1172309.260,354.890,0.015
-443841.060,-1172309.070,355.030,0.011
-443841.320,-1172308.850,355.160,0.009
-443841.600,-1172308.620,355.290,0.004
-443837.160,-1172311.610,353.480,0.018
-443837.400,-1172311.410,353.610,0.016
-443838.670,-1172310.370,354.260,0.015
-443838.900,-1172310.170,354.420,0.012
-443839.150,-1172309.970,354.520,0.010
-443839.390,-1172309.770,354.630,0.008
-443839.640,-1172309.570,354.780,0.009
-443839.890,-1172309.360,354.910,0.007
-443840.130,-1172309.160,355.030,0.017
-443834.850,-1172312.940,352.710,0.014
-443835.120,-1172312.720,352.830,0.011
-443835.360,-1172312.510,353.000,0.044
-443836.380,-1172311.670,353.510,0.005
-443836.620,-1172311.470,353.620,0.006
-443837.120,-1172311.060,353.890,0.008
-443837.870,-1172310.440,354.270,0.019
-443839.630,-1172308.990,355.200,0.005
-443839.870,-1172308.790,355.320,0.006
-443837.720,-1172310.000,354.620,0.008
-443837.960,-1172309.810,354.760,0.009
-443838.240,-1172309.580,354.900,0.014
-443838.490,-1172309.370,355.010,0.020
-443838.970,-1172308.970,355.310,0.014
-443839.250,-1172308.740,355.420,0.006
-443833.870,-1172313.740,352.190,0.012
-443834.120,-1172313.540,352.320,0.018
-443833.730,-1172313.300,352.540,0.018
-443833.970,-1172313.090,352.670,0.005
-443834.960,-1172312.280,353.180,0.006
-443836.750,-1172310.800,354.100,0.007
-443836.990,-1172310.610,354.240,0.008
-443837.240,-1172310.400,354.360,0.007
-443832.700,-1172313.740,352.350,0.007
-443832.940,-1172313.540,352.470,0.008
-443833.950,-1172312.710,352.950,0.030
-443834.440,-1172312.310,353.190,0.016
-443837.680,-1172309.630,354.870,0.007
-443831.140,-1172314.440,351.870,0.012
-443834.640,-1172311.560,353.710,0.007
-443836.100,-1172310.350,354.450,0.017
-443831.420,-1172313.680,352.450,0.006
-443831.680,-1172313.470,352.590,0.006
-443832.650,-1172312.670,353.140,0.009
-443833.950,-1172311.600,353.730,0.007
-443834.440,-1172311.190,353.970,0.003
-443834.710,-1172310.960,354.070,0.005
-443834.940,-1172310.780,354.240,0.006
-443835.200,-1172310.560,354.370,0.006
-443835.430,-1172310.370,354.510,0.004
-443835.680,-1172310.160,354.620,0.007
-443836.900,-1172309.160,355.270,0.014
-443832.860,-1172311.980,353.600,0.046
-443833.850,-1172311.160,354.080,0.008
-443834.110,-1172310.940,354.220,0.007
-443835.620,-1172309.700,354.980,0.016
-443835.870,-1172309.490,355.120,0.010
-443836.120,-1172309.290,355.270,0.017
-443836.350,-1172309.100,355.380,0.020
-443830.070,-1172314.280,352.150,0.017
-443830.350,-1172314.050,352.270,0.018
-443830.850,-1172313.640,352.520,0.012
-443831.840,-1172312.820,353.050,0.004
-443830.070,-1172313.900,352.430,0.018
-443830.310,-1172313.700,352.530,0.025
-443830.820,-1172313.280,352.780,0.013
-443833.290,-1172311.240,354.200,0.030
-443833.570,-1172311.010,354.240,0.023
-443835.070,-1172309.770,355.010,0.016
-443828.380,-1172314.720,351.920,0.009
-443828.620,-1172314.520,352.070,0.004
-443828.900,-1172314.290,352.180,0.005
-443829.160,-1172314.080,352.320,0.012
-443829.380,-1172313.890,352.460,0.010
-443829.640,-1172313.680,352.610,0.010
-443830.380,-1172313.070,352.960,0.014
-443830.610,-1172312.880,353.110,0.019
-443830.890,-1172312.650,353.190,0.011
-443833.860,-1172310.200,354.770,0.009
-443834.110,-1172309.990,354.900,0.010
-443834.370,-1172309.770,355.020,0.012
-443831.150,-1172311.960,353.710,0.009
-443831.390,-1172311.760,353.830,0.008
-443832.590,-1172310.770,354.570,0.024
-443833.600,-1172309.930,355.000,0.025
-443833.860,-1172309.720,355.130,0.011
-443834.100,-1172309.520,355.270,0.007
-443831.360,-1172311.330,354.160,0.009
-443831.840,-1172310.930,354.440,0.009
-443832.580,-1172310.320,354.870,0.029
-443832.810,-1172310.130,354.980,0.028
-443833.580,-1172309.500,355.320,0.031
-443827.570,-1172314.460,352.200,0.016
-443828.600,-1172313.610,352.740,0.023
-443828.870,-1172313.380,352.860,0.008
-443829.110,-1172313.190,352.970,0.008
-443829.360,-1172312.980,353.090,0.007
-443829.880,-1172312.550,353.330,0.006
-443830.100,-1172312.370,353.510,0.007
-443830.340,-1172312.170,353.640,0.007
-443830.610,-1172311.950,353.760,0.009
-443830.870,-1172311.730,353.890,0.007
-443831.100,-1172311.540,354.050,0.009
-443831.370,-1172310.940,354.470,0.018
-443827.550,-1172313.520,352.850,0.005
-443828.270,-1172312.920,353.230,0.018
-443829.540,-1172311.870,353.880,0.010
-443830.550,-1172311.030,354.430,0.009
-443831.030,-1172310.640,354.700,0.002
-443831.280,-1172310.430,354.820,0.013
-443831.520,-1172310.230,354.970,0.011
-443832.260,-1172309.630,355.440,0.030
-443825.670,-1172314.560,352.210,0.006
-443826.170,-1172314.150,352.480,0.003
-443827.180,-1172313.320,352.990,0.005
-443827.410,-1172313.120,353.080,0.019
-443827.640,-1172312.930,353.240,0.020
-443827.900,-1172312.720,353.330,0.007
-443828.400,-1172312.310,353.600,0.008
-443829.630,-1172311.290,354.280,0.005
-443829.880,-1172311.080,354.380,0.003
-443825.400,-1172314.250,352.480,0.006
-443827.420,-1172312.580,353.520,0.006
-443827.640,-1172312.400,353.670,0.005
-443827.910,-1172312.170,353.780,0.012
-443828.170,-1172311.960,353.890,0.009
-443824.460,-1172314.550,352.320,0.009
-443825.470,-1172313.710,352.880,0.010
-443825.720,-1172313.510,353.030,0.009
-443825.970,-1172313.300,353.160,0.007
-443826.450,-1172312.900,353.390,0.007
-443827.420,-1172312.100,354.030,0.048
-443827.980,-1172311.640,354.200,0.009
-443828.470,-1172311.230,354.460,0.008
-443828.700,-1172311.040,354.620,0.009
-443828.980,-1172310.810,354.690,0.017
-443829.200,-1172310.630,354.850,0.013
-443827.430,-1172311.400,354.380,0.007
-443828.440,-1172310.560,354.920,0.006
-443828.940,-1172310.150,355.200,0.009
-443829.190,-1172309.940,355.330,0.020
-443825.960,-1172312.610,353.600,0.007
-443824.310,-1172313.350,353.240,0.008
-443825.060,-1172312.720,353.630,0.005
-443826.310,-1172311.690,354.300,0.008
-443826.580,-1172311.470,354.410,0.005
-443826.830,-1172311.260,354.550,0.006
-443827.320,-1172310.850,354.840,0.024
-443827.570,-1172310.650,354.950,0.015
-443827.800,-1172310.460,355.080,0.008
-443828.070,-1172310.240,355.200,0.003
-443828.560,-1172309.830,355.490,0.008
-443820.870,-1172315.610,353.210,0.020
-443824.450,-1172312.650,353.740,0.006
-443824.700,-1172312.440,353.900,0.009
-443824.940,-1172312.240,354.010,0.010
-443825.180,-1172312.040,354.140,0.010
-443825.440,-1172311.830,354.290,0.010
-443825.680,-1172311.630,354.420,0.014
-443825.920,-1172311.430,354.560,0.014
-443826.680,-1172310.810,354.920,0.009
-443826.920,-1172310.600,355.040,0.011
-443820.920,-1172315.140,353.630,0.051
-443824.550,-1172312.140,354.100,0.005
-443824.770,-1172311.960,354.240,0.004
-443825.030,-1172311.750,354.370,0.007
-443825.270,-1172311.540,354.480,0.005
-443826.000,-1172310.940,354.880,0.008
-443826.750,-1172310.320,355.280,0.005
-443827.020,-1172310.100,355.400,0.005
-443819.560,-1172315.680,353.220,0.015
-443820.540,-1172314.870,353.780,0.007
-443825.640,-1172310.640,355.080,0.003
-443825.890,-1172310.440,355.210,0.004
-443826.150,-1172310.230,355.320,0.005
-443826.380,-1172310.040,355.490,0.007
-443824.390,-1172311.160,354.870,0.012
-443825.170,-1172310.520,355.250,0.021
-443825.420,-1172310.310,355.410,0.006
-443817.920,-1172315.960,353.200,0.021
-443818.150,-1172315.770,353.290,0.011
-443819.110,-1172314.980,353.920,0.015
-443824.430,-1172310.570,355.310,0.009
-443819.000,-1172314.530,354.130,0.012
-443819.250,-1172314.320,354.300,0.011
-443819.730,-1172313.920,354.590,0.012
-443820.220,-1172313.520,354.860,0.007
-443820.460,-1172313.320,354.970,0.008
-443820.690,-1172313.130,355.110,0.015
-443817.510,-1172315.060,353.890,0.005
-443817.740,-1172314.870,354.030,0.017
-443818.750,-1172314.040,354.500,0.015
-443819.230,-1172313.640,354.870,0.010
-443819.500,-1172313.410,354.960,0.008
-443819.990,-1172313.010,355.280,0.007
-443815.600,-1172316.060,353.210,0.041
-443817.070,-1172314.850,354.110,0.018
-443817.560,-1172314.440,354.390,0.017
-443817.840,-1172314.210,354.490,0.012
-443818.090,-1172314.010,354.640,0.020
-443818.810,-1172313.410,355.030,0.003
-443819.050,-1172313.210,355.180,0.005
-443819.320,-1172312.990,355.290,0.009
-443815.100,-1172315.940,353.380,0.011
-443815.590,-1172315.530,353.640,0.004
-443815.820,-1172315.350,353.820,0.008
-443816.090,-1172315.120,353.880,0.011
-443818.050,-1172313.500,355.020,0.010
-443818.300,-1172313.290,355.130,0.004
-443814.310,-1172316.190,353.290,0.011
-443816.050,-1172314.750,354.210,0.021
-443816.490,-1172314.380,354.520,0.015
-443817.490,-1172313.550,354.970,0.005
-443818.230,-1172312.940,355.410,0.007
-443815.800,-1172314.420,354.500,0.014
-443816.060,-1172314.200,354.570,0.014
-443816.310,-1172314.000,354.760,0.015
-443817.260,-1172313.210,355.350,0.014
-443817.500,-1172313.010,355.420,0.006
-443814.150,-1172315.290,353.900,0.018
-443814.400,-1172315.080,354.030,0.016
-443816.630,-1172313.240,355.290,0.004
-443814.040,-1172314.860,354.260,0.017
-443814.540,-1172314.450,354.550,0.019
-443815.530,-1172313.630,355.070,0.011
-443815.770,-1172313.430,355.210,0.016
-443816.260,-1172313.020,355.510,0.008
-443811.620,-1172316.380,353.330,0.019
-443812.100,-1172315.980,353.560,0.052
-443812.610,-1172315.560,353.830,0.013
-443812.840,-1172315.370,353.950,0.008
-443812.800,-1172314.720,354.470,0.005
-443813.030,-1172314.530,354.570,0.006
-443813.990,-1172313.740,355.150,0.012
-443814.470,-1172313.330,355.450,0.024
-443811.080,-1172316.150,353.560,0.010
-443810.770,-1172315.810,353.830,0.009
-443812.050,-1172314.750,354.470,0.007
-443812.290,-1172314.540,354.610,0.008
-443812.530,-1172314.350,354.730,0.004
-443813.270,-1172313.730,355.150,0.005
-443813.750,-1172313.340,355.430,0.009
-443809.000,-1172316.700,353.310,0.009
-443809.250,-1172316.500,353.460,0.013
-443809.490,-1172316.300,353.600,0.012
-443809.710,-1172316.110,353.740,0.020
-443812.220,-1172314.030,355.060,0.010
-443812.460,-1172313.830,355.160,0.009
-443812.700,-1172313.630,355.310,0.008
-443812.970,-1172313.400,355.460,0.006
-443808.430,-1172316.730,353.390,0.010
-443808.680,-1172316.520,353.520,0.014
-443809.170,-1172316.110,353.770,0.017
-443810.390,-1172315.100,354.480,0.014
-443810.640,-1172314.900,354.570,0.022
-443812.150,-1172313.640,355.400,0.011
-443812.390,-1172313.440,355.500,0.005
-443807.600,-1172316.800,353.400,0.020
-443808.780,-1172315.830,354.130,0.013
-443810.260,-1172314.600,354.880,0.018
-443810.520,-1172314.390,354.980,0.010
-443806.460,-1172317.200,353.160,0.008
-443806.720,-1172316.980,353.290,0.007
-443806.960,-1172316.790,353.430,0.008
-443807.210,-1172316.580,353.560,0.008
-443807.950,-1172315.960,353.980,0.006
-443809.910,-1172314.340,355.040,0.008
-443805.710,-1172317.280,353.080,0.005
-443806.180,-1172316.890,353.470,0.009
-443807.160,-1172316.070,353.960,0.025
-443807.420,-1172315.860,354.080,0.012
-443808.890,-1172314.630,354.960,0.009
-443809.150,-1172314.420,355.070,0.008
-443805.220,-1172317.160,353.350,0.009
-443805.470,-1172316.950,353.480,0.010
-443805.730,-1172316.740,353.640,0.009
-443807.480,-1172315.280,354.540,0.010
-443807.950,-1172314.890,354.810,0.011
-443808.690,-1172314.280,355.230,0.007
-443808.940,-1172314.070,355.340,0.012
-443809.180,-1172313.870,355.520,0.020
-443804.410,-1172317.150,353.400,0.021
-443804.640,-1172316.960,353.550,0.015
-443805.370,-1172316.350,353.940,0.015
-443806.840,-1172315.130,354.760,0.010
-443803.280,-1172317.410,353.270,0.013
-443803.760,-1172317.000,353.560,0.030
-443804.970,-1172316.000,354.260,0.044
-443805.210,-1172315.800,354.380,0.016
-443805.470,-1172315.590,354.460,0.013
-443806.450,-1172314.770,355.010,0.012
-443806.690,-1172314.570,355.130,0.014
-443806.940,-1172314.360,355.270,0.010
-443807.180,-1172314.160,355.450,0.010
-443802.550,-1172317.470,353.330,0.017
-443802.780,-1172317.280,353.490,0.018
-443803.310,-1172316.840,353.720,0.006
-443803.540,-1172316.650,353.860,0.007
-443803.790,-1172316.440,353.980,0.021
-443804.530,-1172315.820,354.400,0.042
-443805.280,-1172315.200,354.800,0.008
-443805.770,-1172314.790,355.030,0.007
-443806.010,-1172314.600,355.190,0.009
-443806.230,-1172314.410,355.340,0.017
-443806.490,-1172314.200,355.470,0.012
-443802.280,-1172317.180,353.480,0.011
-443802.490,-1172317.010,353.750,0.013
-443802.770,-1172316.770,353.840,0.011
-443803.020,-1172316.570,353.960,0.007
-443804.230,-1172315.560,354.630,0.019
-443804.470,-1172315.360,354.780,0.019
-443804.740,-1172315.140,354.920,0.009
-443804.980,-1172314.940,355.040,0.008
-443805.230,-1172314.730,355.190,0.007
-443805.720,-1172314.330,355.480,0.012
-443802.340,-1172316.500,354.060,0.008
-443802.830,-1172316.090,354.350,0.007
-443803.070,-1172315.890,354.500,0.010
-443803.330,-1172315.670,354.590,0.011
-443803.600,-1172315.450,354.730,0.005
-443804.330,-1172314.850,355.110,0.010
-443804.580,-1172314.630,355.220,0.007
-443802.310,-1172315.930,354.540,0.008
-443802.560,-1172315.730,354.670,0.010
-443802.820,-1172315.510,354.780,0.011
-443803.300,-1172315.110,355.030,0.009
-443803.550,-1172314.900,355.170,0.013
-443804.060,-1172314.470,355.460,0.005
-443802.590,-1172315.180,355.070,0.014
-443802.820,-1172314.980,355.200,0.015
-443803.080,-1172314.770,355.330,0.012
-443803.330,-1172314.560,355.460,0.013
-443788.160,-1172320.540,354.650,0.086
-443719.040,-1172299.820,355.080,0.014
-443719.260,-1172299.630,355.220,0.008
-443719.500,-1172299.420,355.290,0.004
-443719.760,-1172299.200,355.430,0.003
-443722.160,-1172299.490,355.190,0.026
-443722.440,-1172299.250,355.220,0.025
-443722.980,-1172299.540,354.890,0.021
-443723.210,-1172299.330,355.040,0.010
-443725.970,-1172299.280,354.800,0.014
-443727.130,-1172298.290,355.610,0.006
-443725.100,-1172299.370,354.800,0.039
-443726.570,-1172299.170,354.850,0.011
-443726.810,-1172298.970,354.990,0.025
-443728.570,-1172298.570,355.200,0.022
-443729.030,-1172298.170,355.520,0.015
-443727.310,-1172299.120,354.810,0.033
-443727.550,-1172298.910,354.960,0.025
-443734.530,-1172297.730,355.290,0.017
-443734.780,-1172297.530,355.460,0.006
-443735.010,-1172297.330,355.570,0.007
-443721.080,-1172325.850,355.540,0.010
-443721.590,-1172325.990,355.410,0.017
-443721.830,-1172325.790,355.530,0.008
-443722.230,-1172326.500,354.970,0.020
-443723.190,-1172325.680,355.480,0.010
-443723.430,-1172325.480,355.620,0.013
-443721.390,-1172326.780,354.850,0.013
-443722.580,-1172325.760,355.470,0.015
-443723.040,-1172326.270,355.060,0.006
-443723.280,-1172326.060,355.220,0.005
-443723.980,-1172325.470,355.620,0.013
-443723.980,-1172326.010,355.200,0.014
-443724.210,-1172325.820,355.310,0.013
-443724.460,-1172325.610,355.430,0.022
-443724.710,-1172325.390,355.590,0.022
-443724.070,-1172326.510,354.800,0.014
-443725.020,-1172325.700,355.350,0.025
-443725.240,-1172325.510,355.480,0.038
-443725.490,-1172325.300,355.610,0.025
-443725.040,-1172326.220,354.970,0.021
-443725.300,-1172326.000,355.070,0.020
-443726.840,-1172325.240,355.520,0.015
-443750.080,-1172323.490,354.900,0.044
-443759.460,-1172322.060,350.950,0.065
-443760.030,-1172322.450,350.760,0.045
-443775.600,-1172321.460,355.500,0.061
-443720.930,-1172327.170,354.550,0.024
-443721.160,-1172326.980,354.680,0.027
-443720.850,-1172326.050,355.410,0.015
-443719.380,-1172326.290,355.440,0.022
-443719.630,-1172326.080,355.550,0.027
-443717.400,-1172300.020,355.070,0.026
-443717.660,-1172299.800,355.230,0.015
-443711.270,-1172300.170,353.690,0.012
-443709.230,-1172300.300,354.940,0.011
-443707.170,-1172300.450,354.970,0.011
-443706.750,-1172300.260,355.210,0.008
-443840.510,-1172432.420,369.150,0.055
-443842.110,-1172415.370,377.610,0.075
-443846.590,-1172370.450,374.610,0.072
-443844.840,-1172370.670,374.340,0.070
-443841.420,-1172370.770,374.350,0.099
-443829.870,-1172330.900,370.840,0.039
-443840.610,-1172308.180,355.690,0.004
-443840.850,-1172307.980,355.820,0.005
-443839.500,-1172308.540,355.560,0.006
-443839.730,-1172308.340,355.670,0.004
-443839.990,-1172308.130,355.810,0.006
-443838.080,-1172308.710,355.560,0.025
-443838.340,-1172308.500,355.680,0.020
-443838.580,-1172308.300,355.830,0.021
-443838.830,-1172308.090,355.950,0.011
-443836.840,-1172308.690,355.650,0.010
-443835.860,-1172308.540,355.840,0.010
-443837.100,-1172307.520,356.510,0.009
-443834.070,-1172309.090,355.590,0.009
-443834.320,-1172308.880,355.720,0.005
-443834.580,-1172308.670,355.810,0.011
-443834.820,-1172308.470,355.970,0.007
-443835.070,-1172308.260,356.100,0.016
-443835.330,-1172308.050,356.220,0.019
-443835.800,-1172307.660,356.510,0.005
-443836.080,-1172307.430,356.650,0.007
-443836.320,-1172307.230,356.800,0.009
-443834.600,-1172309.110,355.510,0.009
-443834.870,-1172308.880,355.630,0.010
-443835.120,-1172308.670,355.790,0.006
-443835.380,-1172308.460,355.910,0.019
-443837.100,-1172307.040,356.860,0.007
-443833.600,-1172309.100,355.620,0.012
-443833.850,-1172308.900,355.760,0.011
-443834.850,-1172308.080,356.280,0.011
-443835.090,-1172307.870,356.400,0.014
-443836.310,-1172306.860,357.080,0.010
-443834.860,-1172306.960,357.080,0.011
-443832.500,-1172309.420,355.590,0.016
-443834.490,-1172307.780,356.540,0.013
-443834.760,-1172307.560,356.630,0.003
-443835.010,-1172307.350,356.780,0.015
-443833.070,-1172307.900,356.600,0.017
-443833.330,-1172307.690,356.690,0.012
-443833.600,-1172307.470,356.840,0.009
-443833.840,-1172307.270,356.970,0.008
-443834.080,-1172307.070,357.100,0.006
-443830.410,-1172308.930,355.980,0.005
-443830.640,-1172308.730,356.130,0.006
-443830.900,-1172308.520,356.260,0.006
-443832.810,-1172306.940,357.440,0.024
-443833.160,-1172307.350,356.990,0.011
-443833.420,-1172307.140,357.150,0.009
-443827.930,-1172309.760,355.660,0.012
-443829.680,-1172308.320,356.500,0.005
-443829.940,-1172308.110,356.670,0.010
-443830.190,-1172307.890,356.810,0.013
-443828.810,-1172309.620,355.620,0.007
-443829.090,-1172309.390,355.690,0.021
-443829.350,-1172309.180,355.840,0.018
-443829.580,-1172308.990,355.980,0.003
-443830.800,-1172307.980,356.680,0.008
-443831.040,-1172307.780,356.810,0.005
-443831.280,-1172307.580,356.940,0.004
-443826.400,-1172309.500,355.910,0.003
-443829.360,-1172307.570,357.070,0.008
-443828.770,-1172308.640,356.340,0.016
-443829.000,-1172308.460,356.510,0.007
-443829.240,-1172308.260,356.590,0.009
-443829.490,-1172308.050,356.710,0.006
-443818.470,-1172312.740,355.570,0.010
-443819.720,-1172311.710,356.250,0.004
-443819.970,-1172311.500,356.380,0.006
-443820.220,-1172311.290,356.530,0.016
-443820.470,-1172311.090,356.640,0.034
-443819.060,-1172312.660,355.560,0.009
-443819.290,-1172312.470,355.710,0.003
-443820.290,-1172311.640,356.200,0.007
-443820.520,-1172311.450,356.350,0.011
-443819.800,-1172312.580,355.600,0.005
-443820.050,-1172312.380,355.740,0.004
-443820.300,-1172312.180,355.880,0.006
-443825.450,-1172309.730,355.880,0.007
-443825.720,-1172309.510,355.990,0.008
-443815.210,-1172312.130,356.220,0.009
-443815.680,-1172311.730,356.530,0.011
-443816.420,-1172311.120,356.930,0.007
-443816.680,-1172310.910,357.060,0.008
-443816.920,-1172310.700,357.210,0.007
-443815.230,-1172312.710,355.830,0.009
-443816.230,-1172311.880,356.400,0.006
-443816.480,-1172311.670,356.540,0.010
-443817.440,-1172310.870,357.070,0.023
-443816.040,-1172312.720,355.790,0.006
-443816.280,-1172312.510,355.910,0.008
-443817.510,-1172311.490,356.570,0.012
-443817.000,-1172312.410,355.920,0.007
-443818.240,-1172311.380,356.600,0.010
-443818.490,-1172311.170,356.740,0.007
-443818.960,-1172310.780,357.000,0.004
-443819.200,-1172310.580,357.120,0.005
-443817.350,-1172312.640,355.710,0.003
-443819.770,-1172310.640,357.050,0.014
-443811.320,-1172313.160,356.040,0.032
-443812.120,-1172312.500,356.240,0.012
-443812.380,-1172312.280,356.370,0.011
-443813.600,-1172311.270,357.070,0.008
-443813.840,-1172311.070,357.180,0.009
-443815.330,-1172309.840,358.070,0.007
-443812.030,-1172313.130,355.790,0.010
-443812.270,-1172312.930,355.910,0.008
-443812.540,-1172312.710,356.030,0.009
-443812.780,-1172312.510,356.170,0.005
-443813.020,-1172312.310,356.300,0.003
-443813.250,-1172312.120,356.440,0.006
-443813.500,-1172311.910,356.580,0.007
-443814.220,-1172311.310,357.000,0.011
-443815.220,-1172310.480,357.590,0.011
-443815.470,-1172310.270,357.730,0.013
-443815.720,-1172310.070,357.860,0.014
-443812.630,-1172313.240,355.610,0.004
-443812.880,-1172313.030,355.780,0.007
-443813.140,-1172312.820,355.900,0.011
-443813.370,-1172312.630,356.030,0.009
-443813.890,-1172312.200,356.310,0.008
-443814.140,-1172311.990,356.460,0.007
-443814.860,-1172311.390,356.880,0.016
-443815.090,-1172311.200,357.010,0.016
-443815.570,-1172310.800,357.330,0.017
-443816.050,-1172310.400,357.570,0.011
-443813.460,-1172313.000,355.710,0.007
-443813.700,-1172312.800,355.860,0.010
-443813.960,-1172312.580,356.000,0.013
-443814.210,-1172312.380,356.150,0.012
-443816.110,-1172310.800,357.280,0.009
-443809.640,-1172312.120,356.800,0.018
-443809.440,-1172313.650,355.630,0.014
-443809.680,-1172313.450,355.780,0.004
-443810.400,-1172312.860,356.240,0.016
-443810.660,-1172312.640,356.350,0.019
-443811.310,-1172312.100,356.930,0.051
-443811.880,-1172311.630,356.990,0.009
-443812.610,-1172311.020,357.370,0.032
-443812.860,-1172310.820,357.480,0.009
-443813.590,-1172310.200,357.920,0.010
-443814.060,-1172309.820,358.240,0.006
-443814.320,-1172309.600,358.350,0.009
-443812.090,-1172311.980,356.650,0.002
-443812.350,-1172311.760,356.790,0.005
-443812.570,-1172311.580,356.920,0.007
-443812.800,-1172311.380,357.040,0.007
-443813.810,-1172310.550,357.640,0.014
-443814.290,-1172310.150,357.950,0.007
-443815.030,-1172309.530,358.350,0.008
-443808.240,-1172311.590,357.340,0.015
-443808.460,-1172311.410,357.490,0.027
-443808.940,-1172311.010,357.790,0.025
-443809.210,-1172310.790,357.850,0.009
-443805.960,-1172314.120,355.570,0.012
-443806.230,-1172313.900,355.690,0.005
-443806.680,-1172313.520,356.010,0.010
-443806.920,-1172313.320,356.120,0.010
-443807.660,-1172312.710,356.510,0.017
-443808.390,-1172312.100,356.910,0.016
-443809.120,-1172311.500,357.370,0.012
-443809.610,-1172311.080,357.580,0.015
-443810.110,-1172310.670,357.930,0.006
-443811.040,-1172309.900,358.640,0.044
-443806.730,-1172313.990,355.580,0.008
-443807.460,-1172313.390,355.970,0.008
-443808.700,-1172312.360,356.660,0.015
-443809.440,-1172311.740,357.100,0.013
-443811.900,-1172309.700,358.480,0.009
-443812.160,-1172309.480,358.600,0.024
-443807.900,-1172313.560,355.850,0.012
-443808.170,-1172313.340,355.960,0.006
-443808.420,-1172313.130,356.110,0.004
-443808.680,-1172312.910,356.230,0.012
-443808.930,-1172312.710,356.380,0.011
-443804.070,-1172313.940,355.840,0.006
-443804.550,-1172313.540,356.120,0.006
-443804.810,-1172313.330,356.270,0.004
-443806.270,-1172312.110,357.110,0.008
-443808.750,-1172310.050,358.520,0.006
-443804.300,-1172314.270,355.600,0.007
-443804.560,-1172314.060,355.740,0.011
-443804.820,-1172313.840,355.810,0.009
-443805.520,-1172313.260,356.270,0.008
-443805.790,-1172313.040,356.420,0.014
-443806.020,-1172312.850,356.550,0.011
-443806.510,-1172312.440,356.850,0.009
-443806.770,-1172312.220,356.970,0.008
-443807.970,-1172311.220,357.680,0.026
-443808.200,-1172311.040,357.850,0.009
-443808.460,-1172310.820,357.910,0.012
-443809.670,-1172309.810,358.630,0.011
-443805.560,-1172313.820,355.780,0.017
-443806.300,-1172313.200,356.210,0.005
-443806.550,-1172313.000,356.380,0.003
-443806.780,-1172312.810,356.490,0.007
-443807.020,-1172312.600,356.670,0.014
-443802.250,-1172314.320,355.770,0.008
-443803.000,-1172313.700,356.190,0.017
-443803.240,-1172313.500,356.300,0.011
-443803.470,-1172313.310,356.430,0.006
-443803.710,-1172313.110,356.560,0.007
-443803.940,-1172312.910,356.710,0.004
-443804.210,-1172312.690,356.800,0.013
-443804.680,-1172312.300,357.110,0.015
-443807.410,-1172310.030,358.630,0.012
-443803.000,-1172314.320,355.710,0.005
-443803.260,-1172314.100,355.840,0.008
-443803.480,-1172313.920,355.990,0.012
-443803.720,-1172313.710,356.100,0.009
-443804.210,-1172313.310,356.380,0.009
-443804.470,-1172313.090,356.500,0.008
-443804.740,-1172312.870,356.630,0.007
-443805.450,-1172312.280,357.040,0.011
-443807.420,-1172310.640,358.170,0.006
-443807.660,-1172310.440,358.350,0.011
-443803.080,-1172312.660,356.980,0.005
-443803.340,-1172312.440,357.140,0.006
-443803.600,-1172312.230,357.270,0.010
-443803.850,-1172312.020,357.410,0.008
-443794.770,-1172319.970,357.480,0.037
-443797.440,-1172317.750,357.950,0.007
-443802.030,-1172313.940,356.080,0.012
-443802.280,-1172313.730,356.250,0.018
-443802.780,-1172313.310,356.500,0.018
-443803.020,-1172313.110,356.640,0.012
-443803.760,-1172312.490,357.030,0.014
-443804.000,-1172312.290,357.170,0.013
-443793.860,-1172320.330,357.270,0.009
-443794.350,-1172319.920,357.520,0.029
-443797.040,-1172317.680,358.050,0.008
-443795.480,-1172316.940,358.600,0.009
-443795.730,-1172316.730,358.710,0.009
-443796.510,-1172316.080,359.060,0.007
-443796.740,-1172315.890,359.170,0.008
-443790.130,-1172320.190,357.830,0.026
-443796.360,-1172314.990,359.720,0.005
-443796.590,-1172314.800,359.850,0.008
-443797.620,-1172313.940,360.310,0.005
-443796.570,-1172313.520,360.690,0.019
-443796.810,-1172313.320,360.780,0.011
-443789.490,-1172319.990,357.900,0.009
-443794.010,-1172316.230,359.100,0.005
-443796.490,-1172314.160,360.250,0.003
-443796.710,-1172313.980,360.350,0.005
-443787.460,-1172320.540,357.730,0.005
-443789.670,-1172318.700,358.810,0.030
-443790.460,-1172318.040,358.990,0.009
-443790.970,-1172317.620,359.200,0.005
-443792.410,-1172316.410,359.160,0.014
-443792.930,-1172315.980,359.380,0.008
-443794.670,-1172314.530,360.170,0.023
-443789.810,-1172319.160,358.520,0.033
-443791.960,-1172315.510,359.690,0.005
-443792.210,-1172315.300,359.820,0.005
-443793.440,-1172314.280,360.390,0.013
-443794.480,-1172314.070,360.600,0.022
-443788.240,-1172318.620,358.890,0.005
-443792.650,-1172313.810,360.780,0.012
-443791.700,-1172313.980,360.710,0.014
-443791.950,-1172313.770,360.810,0.013
-443792.180,-1172313.580,360.930,0.011
-443790.480,-1172314.340,360.590,0.005
-443790.730,-1172314.120,360.640,0.009
-443790.970,-1172313.920,360.790,0.012
-443783.330,-1172319.840,357.530,0.010
-443790.270,-1172314.040,360.830,0.030
-443785.380,-1172317.680,358.810,0.009
-443785.650,-1172317.460,358.890,0.005
-443786.140,-1172317.050,359.140,0.015
-443786.400,-1172316.830,359.280,0.018
-443786.660,-1172316.610,359.370,0.006
-443785.260,-1172316.810,359.320,0.005
-443786.020,-1172316.180,359.710,0.003
-443786.270,-1172315.960,359.810,0.003
-443787.500,-1172314.930,360.420,0.012
-443783.140,-1172319.080,358.020,0.012
-443782.050,-1172319.490,357.870,0.009
-443786.550,-1172314.890,360.510,0.013
-443786.790,-1172314.700,360.630,0.006
-443781.610,-1172318.490,358.510,0.004
-443783.850,-1172316.610,359.560,0.003
-443780.420,-1172318.860,358.390,0.004
-443780.680,-1172318.630,358.480,0.003
-443780.920,-1172318.430,358.610,0.007
-443780.070,-1172318.740,358.520,0.004
-443780.540,-1172318.350,358.730,0.003
-443781.050,-1172317.920,358.950,0.007
-443781.310,-1172317.700,359.060,0.004
-443781.550,-1172317.500,359.190,0.003
-443781.800,-1172317.290,359.280,0.006
-443782.040,-1172317.090,359.410,0.009
-443782.300,-1172316.870,359.530,0.008
-443783.080,-1172316.220,359.870,0.002
-443784.060,-1172315.400,360.330,0.003
-443784.310,-1172315.190,360.430,0.007
-443784.550,-1172314.990,360.570,0.003
-443784.810,-1172314.770,360.670,0.004
-443785.060,-1172314.560,360.800,0.004
-443785.310,-1172314.360,360.930,0.004
-443783.880,-1172314.520,360.980,0.014
-443780.670,-1172316.520,359.920,0.003
-443780.940,-1172316.290,360.030,0.003
-443781.670,-1172315.680,360.330,0.003
-443781.930,-1172315.460,360.440,0.002
-443782.160,-1172315.270,360.570,0.003
-443780.470,-1172316.100,360.190,0.006
-443780.970,-1172315.680,360.400,0.029
-443779.430,-1172317.560,359.320,0.003
-443779.670,-1172317.350,359.410,0.003
-443779.930,-1172317.140,359.550,0.007
-443773.270,-1172321.430,355.870,0.010
-443774.690,-1172320.240,356.900,0.023
-443776.070,-1172319.080,357.840,0.013
-443776.330,-1172318.860,357.940,0.009
-443773.930,-1172321.590,355.600,0.039
-443772.730,-1172321.160,356.160,0.027
-443774.380,-1172319.770,357.320,0.011
-443775.810,-1172318.580,358.270,0.010
-443772.740,-1172320.390,356.870,0.006
-443773.960,-1172319.370,357.700,0.023
-443775.340,-1172318.210,358.700,0.013
-443776.040,-1172317.620,359.240,0.011
-443771.960,-1172320.530,356.810,0.010
-443773.590,-1172319.160,357.930,0.025
-443773.850,-1172318.940,358.090,0.021
-443770.560,-1172320.580,356.850,0.012
-443771.070,-1172320.160,357.180,0.010
-443771.520,-1172319.780,357.500,0.012
-443770.330,-1172320.140,357.280,0.003
-443771.520,-1172319.150,358.110,0.025
-443771.750,-1172318.950,358.260,0.020
-443770.410,-1172319.590,357.810,0.007
-443770.870,-1172319.210,358.120,0.049
-443771.100,-1172319.020,358.270,0.017
-443771.810,-1172318.430,358.770,0.007
-443772.050,-1172318.220,358.920,0.006
-443767.540,-1172320.750,358.990,0.027
-443766.630,-1172322.130,358.170,0.011
-443768.340,-1172320.690,358.950,0.014
-443770.050,-1172317.980,359.420,0.008
-443770.770,-1172317.380,359.880,0.005
-443771.930,-1172316.400,360.730,0.010
-443770.250,-1172316.920,360.420,0.010
-443771.320,-1172315.580,361.570,0.008
-443769.940,-1172315.800,361.540,0.013
-443765.780,-1172318.780,360.190,0.015
-443766.040,-1172318.560,360.300,0.021
-443769.000,-1172316.070,361.540,0.016
-443767.120,-1172318.170,360.440,0.007
-443766.040,-1172317.370,360.990,0.009
-443767.560,-1172316.090,361.640,0.006
-443765.540,-1172317.360,361.060,0.007
-443750.330,-1172320.590,358.260,0.015
-443748.200,-1172320.700,358.310,0.026
-443748.920,-1172320.090,358.670,0.005
-443741.080,-1172325.490,358.730,0.017
-443747.460,-1172320.100,358.760,0.006
-443745.590,-1172321.010,358.320,0.011
-443748.080,-1172318.910,359.520,0.004
-443739.280,-1172325.910,358.610,0.009
-443740.300,-1172325.050,359.080,0.014
-443747.400,-1172319.040,359.490,0.002
-443747.870,-1172318.650,359.730,0.011
-443738.310,-1172326.240,358.530,0.024
-443739.530,-1172325.200,359.060,0.024
-443740.760,-1172324.160,359.680,0.026
-443744.230,-1172321.230,358.310,0.016
-443744.720,-1172320.810,358.520,0.029
-443745.690,-1172319.980,358.980,0.011
-443745.940,-1172319.780,359.120,0.009
-443738.590,-1172325.450,358.970,0.028
-443738.820,-1172325.250,359.070,0.016
-443743.110,-1172321.620,357.860,0.045
-443746.940,-1172318.380,359.940,0.007
-443743.410,-1172320.740,358.640,0.007
-443743.660,-1172320.530,358.760,0.009
-443743.910,-1172320.310,358.880,0.002
-443745.120,-1172319.290,359.480,0.021
-443745.870,-1172318.650,359.830,0.008
-443746.110,-1172318.450,359.970,0.007
-443746.600,-1172318.030,360.220,0.008
-443746.830,-1172317.840,360.350,0.010
-443744.810,-1172319.040,359.670,0.024
-443745.060,-1172318.830,359.770,0.018
-443745.290,-1172318.640,359.900,0.014
-443745.520,-1172318.440,360.000,0.014
-443743.670,-1172319.430,359.530,0.010
-443744.900,-1172318.380,360.110,0.008
-443745.360,-1172318.000,360.500,0.032
-443742.820,-1172319.520,359.500,0.009
-443742.280,-1172319.310,359.680,0.013
-443742.540,-1172319.080,359.810,0.012
-443742.760,-1172318.900,359.930,0.011
-443743.010,-1172318.690,360.060,0.017
-443743.720,-1172318.090,360.400,0.016
-443736.600,-1172324.120,359.020,0.009
-443737.090,-1172323.700,359.240,0.013
-443737.590,-1172323.280,359.480,0.019
-443734.510,-1172325.310,358.420,0.019
-443737.420,-1172322.840,359.780,0.011
-443738.650,-1172321.790,360.360,0.012
-443741.610,-1172319.290,359.790,0.074
-443742.850,-1172318.240,360.370,0.009
-443733.790,-1172325.360,358.470,0.014
-443736.260,-1172323.260,359.610,0.014
-443738.440,-1172321.410,360.610,0.011
-443739.420,-1172320.580,361.070,0.009
-443742.870,-1172317.660,360.770,0.007
-443743.110,-1172317.450,360.890,0.007
-443738.710,-1172320.560,361.150,0.009
-443738.950,-1172320.360,361.260,0.008
-443742.160,-1172317.640,360.850,0.014
-443732.810,-1172325.570,358.390,0.021
-443734.070,-1172324.500,358.990,0.024
-443734.320,-1172324.290,359.090,0.011
-443735.040,-1172323.670,359.450,0.025
-443735.290,-1172323.460,359.560,0.035
-443735.520,-1172323.270,359.680,0.017
-443736.790,-1172322.190,360.250,0.005
-443737.500,-1172321.590,360.580,0.028
-443737.740,-1172321.390,360.710,0.014
-443732.370,-1172325.330,358.590,0.036
-443735.580,-1172322.610,360.020,0.021
-443735.830,-1172321.860,360.550,0.022
-443736.070,-1172321.660,360.650,0.022
-443736.320,-1172321.440,360.750,0.011
-443736.570,-1172321.230,360.900,0.005
-443737.560,-1172320.390,361.340,0.035
-443738.530,-1172319.560,361.830,0.036
-443731.410,-1172325.040,358.870,0.034
-443733.090,-1172323.610,359.660,0.018
-443734.800,-1172322.160,360.450,0.012
-443735.060,-1172321.940,360.570,0.062
-443735.530,-1172321.540,360.790,0.017
-443736.790,-1172320.470,361.390,0.011
-443737.750,-1172319.650,361.840,0.015
-443731.950,-1172323.910,359.520,0.011
-443731.620,-1172323.520,359.830,0.023
-443731.880,-1172323.300,359.930,0.007
-443732.110,-1172323.100,360.030,0.015
-443732.870,-1172322.460,360.390,0.008
-443733.100,-1172322.260,360.480,0.004
-443731.780,-1172322.860,360.230,0.014
-443734.960,-1172320.160,361.720,0.022
-443732.190,-1172321.980,360.780,0.025
-443732.910,-1172321.360,361.130,0.040
-443733.410,-1172320.940,361.340,0.009
-443732.710,-1172320.900,361.430,0.012
-443731.480,-1172321.960,360.850,0.022
-443731.710,-1172321.750,360.970,0.026
-443732.820,-1172320.150,361.900,0.023
-443727.330,-1172324.820,355.790,0.022
-443726.970,-1172324.580,356.000,0.016
-443727.190,-1172324.390,356.120,0.017
-443726.200,-1172324.690,355.990,0.022
-443726.440,-1172324.490,356.110,0.015
-443727.400,-1172323.670,356.650,0.022
-443725.680,-1172324.560,356.090,0.017
-443726.390,-1172323.960,356.480,0.022
-443726.630,-1172323.760,356.610,0.020
-443726.860,-1172323.560,356.730,0.015
-443727.100,-1172323.350,356.850,0.036
-443727.340,-1172323.150,357.020,0.042
-443725.710,-1172324.000,356.480,0.018
-443725.940,-1172323.800,356.600,0.016
-443726.190,-1172323.590,356.750,0.005
-443726.660,-1172323.180,357.020,0.019
-443726.910,-1172322.980,357.150,0.016
-443727.140,-1172322.780,357.270,0.022
-443724.480,-1172325.050,355.850,0.015
-443724.720,-1172324.840,356.000,0.014
-443724.960,-1172324.630,356.100,0.011
-443725.220,-1172324.420,356.240,0.009
-443724.430,-1172324.630,356.170,0.007
-443725.130,-1172324.040,356.530,0.018
-443725.380,-1172323.820,356.640,0.015
-443726.840,-1172322.580,357.430,0.016
-443723.530,-1172324.960,355.990,0.010
-443723.760,-1172324.760,356.150,0.010
-443724.010,-1172324.540,356.260,0.014
-443724.490,-1172324.140,356.510,0.017
-443724.740,-1172323.930,356.620,0.027
-443724.980,-1172323.720,356.740,0.023
-443725.240,-1172323.500,356.880,0.014
-443725.490,-1172323.290,357.010,0.020
-443725.720,-1172323.090,357.160,0.011
-443722.790,-1172324.980,356.010,0.008
-443723.010,-1172324.780,356.140,0.012
-443723.730,-1172324.180,356.550,0.012
-443723.970,-1172323.970,356.670,0.009
-443724.940,-1172323.140,357.170,0.017
-443725.180,-1172322.940,357.320,0.019
-443725.670,-1172322.520,357.570,0.015
-443726.170,-1172322.100,357.870,0.015
-443726.410,-1172321.890,357.960,0.014
-443721.850,-1172325.200,355.910,0.014
-443721.170,-1172325.270,355.970,0.005
-443722.150,-1172324.440,356.480,0.050
-443722.400,-1172324.220,356.600,0.021
-443723.350,-1172323.410,357.140,0.040
-443723.590,-1172323.200,357.280,0.010
-443723.830,-1172323.000,357.400,0.004
-443724.070,-1172322.800,357.510,0.006
-443724.540,-1172322.400,357.730,0.006
-443724.800,-1172322.180,357.860,0.005
-443724.950,-1172321.540,358.360,0.024
-443725.180,-1172321.350,358.480,0.012
-443721.820,-1172324.210,356.680,0.050
-443722.780,-1172323.400,357.200,0.024
-443725.000,-1172320.810,358.860,0.031
-443721.870,-1172323.480,357.180,0.016
-443722.120,-1172323.270,357.310,0.025
-443723.300,-1172322.260,357.960,0.020
-443724.290,-1172321.420,358.460,0.015
-443723.470,-1172321.500,358.480,0.021
-443721.030,-1172323.580,357.210,0.020
-443722.260,-1172322.540,357.860,0.015
-443722.500,-1172322.330,357.990,0.015
-443721.170,-1172322.910,357.650,0.016
-443721.430,-1172322.690,357.790,0.011
-443722.390,-1172321.870,358.320,0.005
-443722.610,-1172321.680,358.430,0.006
-443722.860,-1172321.470,358.580,0.010
-443723.370,-1172321.040,358.820,0.018
-443723.610,-1172320.830,358.950,0.015
-443721.580,-1172322.110,358.220,0.013
-443721.810,-1172321.920,358.340,0.009
-443720.830,-1172321.550,358.640,0.016
-443721.060,-1172321.350,358.750,0.012
-443721.310,-1172321.140,358.900,0.016
-443742.870,-1172294.790,356.920,0.031
-443741.910,-1172293.400,358.170,0.015
-443742.590,-1172292.810,358.640,0.010
-443742.340,-1172292.460,358.950,0.012
-443741.100,-1172292.740,358.810,0.012
-443741.350,-1172292.530,358.960,0.009
-443742.040,-1172291.930,359.420,0.010
-443740.680,-1172292.450,359.070,0.019
-443734.960,-1172296.750,356.070,0.005
-443735.200,-1172296.530,356.200,0.010
-443740.180,-1172292.260,359.270,0.019
-443740.410,-1172292.060,359.400,0.021
-443734.520,-1172296.600,356.260,0.021
-443734.740,-1172296.410,356.390,0.005
-443735.470,-1172295.780,356.850,0.022
-443739.720,-1172292.130,359.440,0.038
-443739.960,-1172291.930,359.610,0.012
-443734.360,-1172296.080,356.720,0.013
-443734.600,-1172295.870,356.870,0.026
-443734.850,-1172295.660,357.020,0.020
-443735.070,-1172295.470,357.170,0.003
-443735.320,-1172295.250,357.290,0.007
-443734.640,-1172295.260,357.380,0.008
-443734.890,-1172295.040,357.510,0.009
-443735.370,-1172294.630,357.790,0.033
-443734.560,-1172294.670,357.870,0.014
-443735.260,-1172294.060,358.310,0.016
-443735.510,-1172293.850,358.440,0.020
-443735.770,-1172293.630,358.580,0.024
-443736.710,-1172292.810,359.210,0.024
-443736.940,-1172292.620,359.310,0.014
-443734.060,-1172294.590,358.020,0.015
-443734.540,-1172294.170,358.310,0.027
-443734.770,-1172293.970,358.430,0.012
-443735.000,-1172293.780,358.550,0.011
-443735.250,-1172293.560,358.700,0.015
-443734.270,-1172293.670,358.750,0.018
-443734.510,-1172293.460,358.870,0.003
-443734.730,-1172293.270,359.020,0.011
-443734.960,-1172293.080,359.160,0.013
-443735.440,-1172292.660,359.430,0.010
-443735.670,-1172292.460,359.560,0.018
-443734.390,-1172293.030,359.270,0.017
-443727.990,-1172297.950,355.840,0.020
-443729.650,-1172296.110,357.470,0.018
-443726.980,-1172297.750,356.120,0.029
-443726.420,-1172297.700,356.240,0.013
-443726.410,-1172297.070,356.820,0.015
-443727.330,-1172296.270,357.470,0.023
-443724.760,-1172297.250,356.860,0.017
-443724.140,-1172298.530,355.750,0.015
-443725.300,-1172295.120,357.400,0.047
-443722.330,-1172298.120,356.360,0.024
-443722.580,-1172297.900,356.490,0.038
-443723.040,-1172297.500,356.830,0.013
-443723.760,-1172296.890,357.320,0.011
-443723.450,-1172297.800,356.490,0.010
-443722.410,-1172297.620,356.830,0.020
-443720.140,-1172297.660,356.340,0.020
-443720.380,-1172297.450,356.490,0.017
-443719.990,-1172296.390,357.150,0.023
-443718.770,-1172297.450,356.570,0.021
-443718.860,-1172296.060,357.430,0.004
-443719.820,-1172295.230,357.900,0.010
-443714.360,-1172338.180,357.490,0.064
-443708.860,-1172337.440,358.470,0.051
-443720.340,-1172325.480,355.930,0.022
-443720.580,-1172325.270,356.070,0.015
-443718.810,-1172324.930,356.390,0.010
-443719.050,-1172324.720,356.540,0.007
-443719.270,-1172324.530,356.640,0.023
-443720.000,-1172323.910,357.030,0.014
-443718.900,-1172325.400,356.070,0.008
-443719.610,-1172324.800,356.450,0.019
-443720.080,-1172324.390,356.690,0.005
-443719.750,-1172323.070,357.610,0.005
-443720.720,-1172322.250,358.150,0.010
-443716.340,-1172326.580,358.300,0.019
-443718.400,-1172323.620,357.370,0.031
-443718.660,-1172323.400,357.470,0.025
-443719.860,-1172322.380,358.110,0.005
-443718.060,-1172324.520,356.740,0.016
-443718.290,-1172324.320,356.870,0.016
-443717.810,-1172322.920,357.960,0.019
-443718.040,-1172322.730,358.070,0.019
-443718.290,-1172322.510,358.200,0.012
-443718.530,-1172322.310,358.320,0.014
-443719.500,-1172321.480,358.820,0.021
-443718.010,-1172323.330,357.630,0.018
-443718.980,-1172322.500,358.100,0.021
-443720.190,-1172321.470,358.740,0.014
-443717.580,-1172322.400,358.290,0.019
-443717.800,-1172322.220,358.450,0.009
-443718.040,-1172322.000,358.560,0.019
-443718.520,-1172321.600,358.790,0.013
-443718.760,-1172321.390,358.910,0.017
-443716.420,-1172322.280,361.500,0.022
-443717.390,-1172321.460,358.970,0.035
-443714.480,-1172322.820,361.220,0.008
-443714.940,-1172322.430,361.490,0.008
-443715.180,-1172322.220,361.610,0.021
-443715.410,-1172322.690,361.280,0.013
-443713.820,-1172322.770,361.290,0.012
-443714.060,-1172322.560,361.430,0.009
-443714.990,-1172321.760,361.980,0.007
-443711.910,-1172323.170,361.190,0.016
-443712.660,-1172323.080,361.180,0.011
-443713.160,-1172322.660,361.410,0.021
-443713.380,-1172322.470,361.570,0.025
-443713.860,-1172322.060,361.830,0.008
-443714.090,-1172321.860,361.940,0.007
-443710.380,-1172323.200,361.300,0.008
-443710.860,-1172322.790,361.550,0.013
-443711.120,-1172322.570,361.680,0.038
-443711.590,-1172322.160,361.930,0.008
-443711.530,-1172322.810,361.470,0.004
-443711.780,-1172322.590,361.610,0.014
-443712.030,-1172322.380,361.730,0.019
-443712.490,-1172321.980,362.010,0.010
-443706.060,-1172326.310,360.950,0.072
-443710.720,-1172322.330,361.910,0.024
-443708.020,-1172323.570,361.260,0.011
-443708.270,-1172323.350,361.360,0.009
-443708.530,-1172323.130,361.510,0.019
-443709.210,-1172322.550,361.890,0.015
-443709.470,-1172322.330,361.980,0.003
-443705.520,-1172326.340,361.090,0.045
-443709.250,-1172323.140,361.480,0.020
-443707.420,-1172323.550,361.310,0.013
-443707.650,-1172323.350,361.430,0.013
-443707.880,-1172323.150,361.550,0.010
-443708.640,-1172322.510,361.910,0.014
-443705.950,-1172322.890,361.910,0.041
-443706.000,-1172323.630,361.450,0.054
-443706.500,-1172323.200,361.670,0.014
-443706.730,-1172323.000,361.800,0.006
-443717.320,-1172298.700,355.920,0.037
-443717.800,-1172298.280,356.120,0.009
-443717.120,-1172297.560,356.610,0.020
-443718.110,-1172296.700,357.090,0.006
-443718.610,-1172296.270,357.320,0.002
-443718.320,-1172297.230,356.700,0.021
-443717.400,-1172296.850,357.050,0.009
-443717.040,-1172295.860,357.690,0.015
-443707.060,-1172299.400,356.110,0.043
-443707.720,-1172298.820,356.610,0.029
-443710.880,-1172296.090,356.220,0.015
-443706.650,-1172299.330,356.250,0.022
-443709.320,-1172297.020,358.370,0.023
-443706.510,-1172297.230,358.400,0.017
