-443708.180,-1172321.200,361.460,0.026
-443708.060,-1172321.480,361.630,0.043
-443707.970,-1172321.720,361.840,0.037
-443708.290,-1172321.290,361.510,0.025
-443708.070,-1172321.830,361.910,0.012
-443707.350,-1172320.660,360.860,0.034
-443707.030,-1172321.460,361.520,0.028
-443706.830,-1172321.960,361.930,0.022
-443707.930,-1172320.420,360.770,0.033
-443707.800,-1172320.720,360.980,0.028
-443718.830,-1172294.270,357.930,0.028
-443708.110,-1172320.550,360.830,0.048
-443708.000,-1172320.820,361.040,0.039
-443707.680,-1172321.620,361.690,0.034
-443717.360,-1172294.350,357.860,0.029
-443706.660,-1172320.600,360.770,0.028
-443718.390,-1172293.590,357.460,0.039
-443718.280,-1172293.850,357.630,0.020
-443716.950,-1172293.280,357.170,0.034
-443706.330,-1172319.370,359.740,0.058
-443716.640,-1172294.470,357.890,0.034
-443706.580,-1172319.170,359.570,0.095
-443717.450,-1172293.480,357.350,0.018
-443706.720,-1172319.840,360.150,0.069
-443706.420,-1172320.580,360.790,0.031
-443718.270,-1172292.110,356.500,0.036
-443715.520,-1172293.640,357.280,0.022
-443716.570,-1172292.450,356.600,0.025
-443706.570,-1172316.990,357.650,0.022
-443706.060,-1172318.270,358.800,0.035
-443715.990,-1172294.670,357.960,0.049
-443706.890,-1172316.960,357.710,0.036
-443706.150,-1172318.810,359.200,0.036
-443706.040,-1172319.080,359.420,0.037
-443705.610,-1172320.140,360.410,0.090
-443718.080,-1172290.480,355.540,0.014
-443717.980,-1172290.750,355.700,0.031
-443717.620,-1172291.620,356.200,0.029
-443717.390,-1172292.190,356.550,0.042
-443713.690,-1172293.510,357.060,0.015
-443713.220,-1172294.650,357.720,0.026
-443714.670,-1172292.520,356.540,0.025
-443713.890,-1172294.460,357.670,0.019
-443715.860,-1172291.240,355.870,0.015
-443715.060,-1172293.230,357.010,0.022
-443705.390,-1172316.960,357.680,0.077
-443715.420,-1172293.230,357.070,0.019
-443710.960,-1172293.620,356.970,0.013
-443712.120,-1172292.070,356.080,0.017
-443711.780,-1172292.900,356.670,0.010
-443711.430,-1172293.770,357.110,0.023
-443713.440,-1172292.250,356.310,0.025
-443710.940,-1172291.720,355.810,0.023
-443708.310,-1172296.490,358.290,0.043
-443698.480,-1172291.130,358.070,0.020
-443805.430,-1172433.820,350.210,0.083
-443798.980,-1172410.000,352.530,0.040
-443741.870,-1172423.120,350.820,0.030
-443746.180,-1172422.790,347.050,0.044
-443756.130,-1172422.560,347.530,0.043
-443768.360,-1172422.120,354.430,0.026
-443769.250,-1172422.010,354.410,0.027
-443771.570,-1172425.370,354.010,0.047
-443772.450,-1172425.100,353.740,0.089
-443841.210,-1172306.060,355.090,0.010
-443841.450,-1172305.840,354.960,0.013
-443841.690,-1172305.620,354.810,0.013
-443841.900,-1172305.430,354.680,0.009
-443842.120,-1172305.230,354.500,0.013
-443840.220,-1172306.540,355.340,0.017
-443840.440,-1172306.340,355.210,0.014
-443840.890,-1172305.920,354.920,0.010
-443841.120,-1172305.720,354.800,0.012
-443841.340,-1172305.510,354.680,0.014
-443841.570,-1172305.310,354.540,0.092
-443841.810,-1172305.090,354.400,0.016
-443840.200,-1172306.040,355.010,0.020
-443840.670,-1172305.610,354.720,0.014
-443840.880,-1172305.420,354.580,0.012
-443841.350,-1172305.000,354.340,0.022
-443841.800,-1172304.580,354.060,0.011
-443842.010,-1172304.390,353.920,0.008
-443839.120,-1172306.540,355.320,0.014
-443839.570,-1172306.130,355.030,0.018
-443840.250,-1172305.520,354.610,0.015
-443840.490,-1172305.300,354.470,0.020
-443840.710,-1172305.090,354.340,0.016
-443840.950,-1172304.880,354.190,0.019
-443841.420,-1172304.450,353.950,0.020
-443838.790,-1172306.460,355.230,0.010
-443839.010,-1172306.260,355.130,0.013
-443839.700,-1172305.630,354.690,0.024
-443839.930,-1172305.420,354.540,0.015
-443840.160,-1172305.220,354.390,0.012
-443840.410,-1172304.990,354.250,0.022
-443841.070,-1172304.390,353.880,0.020
-443837.990,-1172306.780,355.410,0.016
-443838.220,-1172306.570,355.270,0.015
-443838.440,-1172306.360,355.140,0.013
-443838.890,-1172305.950,354.870,0.011
-443839.120,-1172305.750,354.700,0.013
-443839.340,-1172305.550,354.580,0.013
-443839.580,-1172305.330,354.440,0.014
-443839.800,-1172305.130,354.280,0.010
-443840.020,-1172304.930,354.150,0.021
-443840.250,-1172304.720,354.010,0.020
-443840.500,-1172304.490,353.900,0.019
-443840.740,-1172304.280,353.780,0.017
-443840.950,-1172304.080,353.620,0.013
-443841.440,-1172303.630,353.360,0.014
-443841.660,-1172303.440,353.220,0.018
-443841.070,-1172303.470,353.220,0.011
-443837.900,-1172306.340,355.130,0.006
-443838.130,-1172306.140,354.990,0.005
-443838.580,-1172305.730,354.690,0.021
-443839.010,-1172305.340,354.420,0.009
-443840.400,-1172304.070,353.620,0.017
-443840.840,-1172303.670,353.350,0.008
-443838.200,-1172305.590,354.590,0.005
-443838.430,-1172305.380,354.420,0.015
-443838.650,-1172305.190,354.290,0.010
-443838.870,-1172304.980,354.120,0.014
-443839.100,-1172304.770,354.020,0.013
-443840.230,-1172303.750,353.370,0.017
-443840.450,-1172303.550,353.210,0.010
-443840.690,-1172303.330,353.070,0.011
-443840.910,-1172303.130,352.960,0.012
-443841.150,-1172302.910,352.830,0.014
-443841.390,-1172302.690,352.690,0.015
-443838.060,-1172305.300,354.350,0.010
-443838.290,-1172305.090,354.240,0.014
-443838.530,-1172304.870,354.070,0.016
-443838.990,-1172304.460,353.790,0.019
-443839.220,-1172304.240,353.650,0.018
-443841.050,-1172302.590,352.600,0.027
-443840.350,-1172302.930,352.740,0.015
-443840.590,-1172302.710,352.660,0.018
-443840.820,-1172302.500,352.510,0.022
-443841.490,-1172301.890,352.150,0.030
-443841.710,-1172301.690,351.960,0.030
-443837.830,-1172305.220,354.260,0.009
-443838.280,-1172304.810,353.980,0.021
-443838.500,-1172304.610,353.850,0.027
-443838.970,-1172304.190,353.560,0.016
-443839.200,-1172303.980,353.460,0.017
-443839.200,-1172303.520,353.160,0.017
-443841.270,-1172301.650,351.930,0.018
-443837.850,-1172304.270,353.590,0.010
-443838.080,-1172304.060,353.470,0.006
-443838.300,-1172303.860,353.310,0.005
-443838.540,-1172303.640,353.170,0.013
-443839.490,-1172302.780,352.630,0.014
-443839.710,-1172302.580,352.500,0.009
-443839.940,-1172302.370,352.390,0.010
-443840.160,-1172302.170,352.240,0.010
-443840.410,-1172301.950,352.100,0.024
-443840.630,-1172301.740,351.970,0.009
-443837.980,-1172303.680,353.150,0.011
-443838.210,-1172303.470,353.050,0.008
-443838.430,-1172303.270,352.880,0.018
-443838.660,-1172303.060,352.720,0.015
-443839.120,-1172302.640,352.480,0.019
-443839.600,-1172302.210,352.230,0.009
-443839.840,-1172301.990,352.070,0.013
-443840.070,-1172301.780,351.940,0.039
-443837.840,-1172303.360,352.940,0.013
-443838.750,-1172302.530,352.380,0.019
-443838.970,-1172302.330,352.260,0.025
-443837.350,-1172303.210,355.380,0.016
-443838.120,-1172302.510,352.360,0.022
-443838.570,-1172302.100,352.100,0.028
-443836.780,-1172303.130,355.300,0.024
-443837.250,-1172302.710,355.000,0.014
-443837.590,-1172302.400,352.260,0.016
-443838.040,-1172301.980,351.990,0.017
-443836.120,-1172303.280,355.360,0.019
-443836.600,-1172302.850,355.080,0.029
-443837.060,-1172302.420,354.820,0.025
-443837.270,-1172302.230,354.650,0.020
-443835.280,-1172303.540,355.430,0.014
-443835.520,-1172303.330,355.300,0.019
-443835.740,-1172303.130,355.180,0.029
-443835.970,-1172302.910,355.040,0.028
-443836.660,-1172302.290,354.670,0.036
-443836.900,-1172302.070,354.490,0.025
-443834.630,-1172303.500,355.370,0.015
-443835.520,-1172302.690,354.860,0.015
-443835.760,-1172302.470,354.730,0.020
-443836.000,-1172302.260,354.620,0.026
-443834.040,-1172303.400,355.260,0.027
-443834.520,-1172302.970,355.010,0.009
-443834.740,-1172302.770,354.860,0.011
-443834.960,-1172302.560,354.730,0.014
-443833.070,-1172303.720,355.410,0.015
-443833.300,-1172303.520,355.290,0.017
-443833.740,-1172303.120,355.040,0.019
-443833.990,-1172302.890,354.890,0.012
-443834.210,-1172302.690,354.740,0.018
-443834.440,-1172302.480,354.660,0.022
-443834.680,-1172302.270,354.480,0.022
-443832.570,-1172303.620,355.380,0.029
-443833.020,-1172303.210,355.020,0.015
-443833.500,-1172302.780,354.760,0.034
-443833.750,-1172302.550,354.660,0.021
-443827.380,-1172307.810,355.290,0.026
-443827.600,-1172307.610,355.160,0.034
-443826.650,-1172307.940,355.350,0.009
-443826.870,-1172307.740,355.190,0.015
-443827.130,-1172307.510,355.090,0.048
-443831.210,-1172303.800,355.290,0.011
-443831.670,-1172303.380,355.060,0.011
-443831.890,-1172303.180,354.900,0.015
-443826.140,-1172308.000,355.320,0.013
-443826.370,-1172307.800,355.240,0.011
-443826.840,-1172307.370,354.990,0.014
-443827.070,-1172307.150,354.820,0.016
-443827.310,-1172306.940,354.720,0.022
-443830.690,-1172303.860,355.330,0.025
-443830.930,-1172303.650,355.220,0.015
-443831.160,-1172303.440,355.060,0.013
-443831.380,-1172303.240,354.930,0.011
-443825.490,-1172308.180,355.440,0.019
-443825.720,-1172307.980,355.280,0.012
-443825.950,-1172307.760,355.170,0.013
-443826.170,-1172307.560,355.050,0.011
-443826.390,-1172307.360,354.930,0.014
-443826.620,-1172307.160,354.790,0.010
-443827.080,-1172306.740,354.530,0.021
-443830.010,-1172304.080,355.440,0.019
-443830.470,-1172303.660,355.130,0.010
-443830.930,-1172303.240,354.870,0.028
-443825.090,-1172308.020,355.350,0.021
-443825.550,-1172307.600,355.060,0.017
-443825.770,-1172307.410,354.910,0.015
-443826.230,-1172306.980,354.640,0.008
-443829.340,-1172304.150,355.390,0.022
-443829.580,-1172303.940,355.280,0.014
-443829.810,-1172303.730,355.170,0.017
-443830.050,-1172303.510,355.040,0.016
-443825.070,-1172307.530,354.940,0.025
-443825.290,-1172307.320,354.810,0.027
-443825.760,-1172306.900,354.550,0.018
-443825.990,-1172306.680,354.390,0.024
-443826.230,-1172306.470,354.280,0.024
-443826.920,-1172305.840,353.880,0.018
-443828.900,-1172304.040,355.320,0.020
-443829.340,-1172303.640,355.090,0.008
-443829.570,-1172303.430,354.930,0.013
-443830.040,-1172303.010,354.660,0.023
-443830.270,-1172302.790,354.510,0.048
-443824.620,-1172307.580,354.920,0.062
-443824.880,-1172307.350,354.810,0.025
-443825.110,-1172307.140,354.680,0.057
-443825.320,-1172306.950,354.520,0.011
-443825.550,-1172306.740,354.400,0.014
-443826.010,-1172306.320,354.150,0.019
-443826.720,-1172305.680,353.730,0.012
-443826.940,-1172305.480,353.610,0.014
-443828.250,-1172304.280,355.420,0.046
-443828.470,-1172304.080,355.290,0.019
-443828.710,-1172303.870,355.130,0.022
-443828.940,-1172303.650,355.010,0.044
-443829.160,-1172303.460,354.890,0.048
-443829.620,-1172303.040,354.680,0.021
-443824.150,-1172307.700,354.990,0.027
-443825.540,-1172306.440,354.160,0.025
-443825.790,-1172306.200,354.030,0.018
-443826.690,-1172305.380,353.490,0.016
-443826.910,-1172305.180,353.370,0.015
-443828.010,-1172304.180,355.330,0.023
-443828.460,-1172303.780,355.050,0.020
-443824.660,-1172306.800,354.390,0.025
-443824.870,-1172306.610,354.240,0.018
-443825.110,-1172306.390,354.130,0.039
-443825.350,-1172306.170,353.980,0.028
-443825.570,-1172305.970,353.850,0.025
-443826.510,-1172305.120,353.320,0.014
-443826.730,-1172304.920,353.150,0.042
-443828.730,-1172303.100,354.600,0.048
-443828.960,-1172302.890,354.480,0.059
-443824.200,-1172307.220,354.680,0.019
-443824.420,-1172307.020,354.540,0.031
-443826.070,-1172305.060,353.260,0.006
-443826.290,-1172304.850,353.120,0.010
-443828.070,-1172303.240,354.700,0.021
-443827.720,-1172303.550,352.400,0.059
-443823.340,-1172307.550,354.890,0.011
-443823.560,-1172307.340,354.720,0.009
-443823.790,-1172307.130,354.600,0.011
-443824.220,-1172306.740,354.330,0.025
-443824.450,-1172306.530,354.190,0.013
-443824.670,-1172306.330,354.030,0.012
-443824.910,-1172306.110,353.910,0.008
-443825.130,-1172305.910,353.790,0.008
-443827.280,-1172303.590,352.240,0.024
-443827.500,-1172303.390,352.130,0.033
-443823.410,-1172307.110,354.560,0.043
-443823.640,-1172306.900,354.410,0.014
-443824.320,-1172306.290,354.000,0.016
-443824.570,-1172306.060,353.860,0.011
-443824.780,-1172305.870,353.740,0.016
-443824.990,-1172305.670,353.580,0.012
-443825.220,-1172305.460,353.470,0.014
-443825.440,-1172305.260,353.310,0.016
-443825.680,-1172305.050,353.220,0.013
-443826.380,-1172304.410,352.780,0.013
-443826.580,-1172304.230,352.660,0.022
-443826.820,-1172304.010,352.530,0.016
-443823.600,-1172306.510,354.120,0.012
-443823.830,-1172306.310,354.010,0.012
-443824.050,-1172306.100,353.830,0.009
-443824.540,-1172305.660,353.590,0.019
-443824.750,-1172305.470,353.430,0.029
-443825.210,-1172305.040,353.160,0.012
-443825.440,-1172304.840,353.010,0.009
-443826.570,-1172303.810,352.370,0.013
-443823.480,-1172306.110,353.810,0.017
-443823.930,-1172305.700,353.560,0.015
-443824.160,-1172305.490,353.400,0.013
-443824.610,-1172305.080,353.150,0.032
-443825.100,-1172304.630,352.870,0.018
-443825.340,-1172304.420,352.750,0.024
-443825.560,-1172304.220,352.600,0.013
-443825.800,-1172304.000,352.450,0.021
-443826.250,-1172303.590,352.200,0.021
-443823.330,-1172305.620,353.470,0.017
-443823.570,-1172305.410,353.330,0.022
-443823.790,-1172305.200,353.180,0.023
-443824.700,-1172304.380,352.630,0.018
-443824.930,-1172304.170,352.500,0.016
-443825.630,-1172303.530,352.110,0.017
-443825.870,-1172303.310,351.960,0.017
-443823.270,-1172305.200,353.150,0.021
-443823.470,-1172305.010,353.000,0.012
-443824.160,-1172304.380,352.560,0.013
-443824.420,-1172304.150,352.460,0.020
-443823.320,-1172304.590,352.680,0.025
-443823.780,-1172304.170,352.410,0.027
-443820.030,-1172307.000,355.450,0.028
-443823.170,-1172304.140,352.370,0.049
-443819.530,-1172306.880,355.330,0.017
-443819.760,-1172306.670,355.190,0.022
-443818.790,-1172307.160,355.450,0.013
-443819.020,-1172306.950,355.310,0.013
-443819.250,-1172306.740,355.190,0.009
-443819.490,-1172306.530,355.030,0.013
-443819.700,-1172306.330,354.890,0.015
-443819.930,-1172306.120,354.760,0.013
-443818.340,-1172307.160,355.400,0.008
-443818.780,-1172306.760,355.120,0.006
-443819.000,-1172306.560,355.000,0.005
-443819.220,-1172306.360,354.860,0.009
-443819.470,-1172306.130,354.720,0.005
-443819.680,-1172305.940,354.570,0.010
-443819.910,-1172305.730,354.470,0.024
-443817.750,-1172307.220,355.360,0.018
-443818.250,-1172306.760,355.140,0.011
-443819.150,-1172305.940,354.560,0.015
-443819.370,-1172305.740,354.420,0.033
-443819.810,-1172305.340,354.180,0.017
-443820.030,-1172305.140,354.030,0.019
-443817.270,-1172307.110,355.290,0.015
-443817.480,-1172306.910,355.140,0.017
-443817.730,-1172306.690,355.020,0.017
-443818.180,-1172306.280,354.730,0.021
-443818.650,-1172305.840,354.450,0.016
-443818.890,-1172305.630,354.320,0.016
-443819.120,-1172305.420,354.190,0.029
-443819.350,-1172305.210,354.040,0.008
-443819.570,-1172305.010,353.880,0.010
-443818.860,-1172305.230,354.000,0.013
-443819.080,-1172305.030,353.880,0.013
-443819.310,-1172304.820,353.730,0.016
-443819.530,-1172304.620,353.580,0.009
-443816.540,-1172307.340,355.420,0.012
-443816.770,-1172307.130,355.300,0.016
-443817.000,-1172306.920,355.130,0.029
-443817.710,-1172306.280,354.700,0.022
-443817.930,-1172306.070,354.560,0.014
-443818.170,-1172305.850,354.440,0.015
-443818.380,-1172305.670,354.290,0.011
-443818.610,-1172305.450,354.160,0.015
-443816.020,-1172307.380,355.430,0.015
-443816.230,-1172307.190,355.250,0.020
-443816.460,-1172306.980,355.100,0.023
-443816.690,-1172306.770,354.980,0.022
-443816.930,-1172306.550,354.850,0.019
-443817.160,-1172306.340,354.680,0.023
-443817.590,-1172305.950,354.400,0.016
-443817.840,-1172305.730,354.280,0.017
-443818.070,-1172305.520,354.110,0.014
-443818.320,-1172305.290,354.010,0.017
-443818.780,-1172304.870,353.690,0.016
-443815.910,-1172307.040,355.120,0.012
-443816.590,-1172306.430,354.700,0.025
-443816.820,-1172306.210,354.560,0.025
-443817.030,-1172306.020,354.390,0.030
-443817.280,-1172305.800,354.280,0.024
-443817.970,-1172305.170,353.840,0.027
-443818.190,-1172304.970,353.730,0.030
-443818.410,-1172304.770,353.590,0.026
-443815.720,-1172306.810,354.950,0.016
-443815.960,-1172306.590,354.810,0.012
-443816.170,-1172306.390,354.660,0.013
-443816.400,-1172306.180,354.520,0.021
-443816.630,-1172305.970,354.390,0.028
-443817.070,-1172305.570,354.130,0.023
-443817.290,-1172305.370,353.980,0.022
-443817.740,-1172304.960,353.690,0.025
-443817.980,-1172304.750,353.580,0.023
-443818.680,-1172304.110,353.200,0.030
-443815.710,-1172306.490,354.720,0.012
-443815.950,-1172306.270,354.570,0.009
-443816.190,-1172306.050,354.420,0.011
-443816.420,-1172305.850,354.250,0.015
-443816.880,-1172305.420,354.000,0.017
-443817.100,-1172305.220,353.860,0.012
-443817.330,-1172305.020,353.720,0.016
-443817.550,-1172304.820,353.590,0.015
-443818.460,-1172303.980,353.070,0.021
-443815.880,-1172305.930,354.290,0.007
-443816.130,-1172305.710,354.130,0.010
-443816.360,-1172305.500,354.010,0.013
-443816.580,-1172305.300,353.870,0.017
-443816.810,-1172305.090,353.720,0.020
-443817.050,-1172304.870,353.580,0.013
-443817.750,-1172304.230,353.200,0.043
-443815.810,-1172305.530,354.000,0.009
-443816.060,-1172305.310,353.870,0.009
-443816.290,-1172305.100,353.720,0.011
-443816.500,-1172304.910,353.590,0.025
-443817.200,-1172304.270,353.220,0.040
-443815.870,-1172304.960,353.590,0.015
-443815.430,-1172304.880,353.500,0.028
-443815.910,-1172304.450,353.230,0.022
-443815.500,-1172304.340,352.960,0.014
-443804.740,-1172308.590,355.450,0.024
-443805.170,-1172308.200,355.190,0.021
-443805.420,-1172307.970,355.050,0.014
-443804.740,-1172308.320,355.200,0.018
-443804.970,-1172308.110,355.090,0.022
-443803.700,-1172308.750,355.470,0.016
-443803.940,-1172308.530,355.370,0.012
-443804.160,-1172308.330,355.230,0.012
-443804.400,-1172308.110,355.110,0.012
-443803.350,-1172308.600,355.370,0.023
-443803.580,-1172308.380,355.230,0.012
-443803.830,-1172308.160,355.110,0.009
-443805.190,-1172306.920,354.260,0.023
-443802.780,-1172308.700,355.390,0.017
-443802.990,-1172308.510,355.250,0.021
-443803.210,-1172308.300,355.120,0.011
-443803.450,-1172308.090,354.990,0.012
-443803.920,-1172307.660,354.760,0.032
-443805.080,-1172306.610,354.020,0.031
-443805.980,-1172305.780,353.410,0.020
-443802.400,-1172308.700,355.350,0.009
-443803.110,-1172308.060,354.900,0.009
-443803.830,-1172307.400,354.600,0.027
-443804.040,-1172307.210,354.400,0.016
-443805.950,-1172305.470,355.450,0.017
-443805.870,-1172305.540,353.240,0.017
-443806.090,-1172305.350,353.030,0.021
-443802.010,-1172308.590,355.250,0.012
-443802.250,-1172308.370,355.110,0.010
-443802.480,-1172308.160,354.980,0.009
-443802.690,-1172307.970,354.800,0.009
-443804.560,-1172306.260,353.690,0.014
-443805.470,-1172305.440,353.160,0.014
-443802.040,-1172308.160,354.930,0.016
-443802.260,-1172307.960,354.810,0.018
-443802.500,-1172307.740,354.650,0.010
-443802.710,-1172307.540,354.520,0.015
-443803.870,-1172306.490,353.840,0.019
-443804.320,-1172306.080,353.530,0.014
-443804.560,-1172305.870,353.400,0.015
-443804.790,-1172305.650,353.270,0.016
-443805.030,-1172305.430,353.130,0.015
-443801.540,-1172308.180,354.960,0.020
-443801.760,-1172307.980,354.780,0.024
-443801.980,-1172307.770,354.650,0.025
-443802.220,-1172307.560,354.500,0.015
-443802.440,-1172307.350,354.380,0.012
-443802.660,-1172307.160,354.230,0.014
-443802.880,-1172306.950,354.100,0.017
-443803.100,-1172306.760,353.930,0.013
-443803.350,-1172306.530,353.850,0.016
-443803.550,-1172306.340,353.670,0.018
-443803.780,-1172306.130,353.540,0.007
-443804.020,-1172305.910,353.400,0.010
-443804.250,-1172305.710,353.310,0.013
-443804.470,-1172305.510,353.100,0.013
-443801.630,-1172307.680,354.500,0.022
-443801.880,-1172307.450,354.410,0.023
-443802.120,-1172307.240,354.260,0.021
-443802.330,-1172307.040,354.110,0.017
-443802.570,-1172306.820,353.980,0.010
-443803.240,-1172306.210,353.550,0.014
-443803.480,-1172306.000,353.440,0.007
-443803.700,-1172305.800,353.280,0.006
-443803.920,-1172305.590,353.130,0.005
-443802.160,-1172306.590,353.790,0.011
-443802.390,-1172306.380,353.630,0.031
-443802.870,-1172305.940,353.340,0.010
-443803.080,-1172305.750,353.190,0.007
-443801.850,-1172306.380,353.570,0.032
-443802.310,-1172305.970,353.320,0.010
-443802.530,-1172305.760,353.140,0.006
-443801.300,-1172306.340,353.550,0.042
-443801.530,-1172306.120,353.330,0.050
-443801.210,-1172306.030,353.220,0.044
-443786.500,-1172308.540,351.220,0.043
-443786.290,-1172308.310,351.200,0.046
-443785.550,-1172308.440,351.230,0.044
-443748.690,-1172335.170,352.610,0.048
-443721.400,-1172315.200,355.230,0.006
-443721.830,-1172315.180,355.230,0.008
-443722.130,-1172315.470,355.480,0.010
-443722.360,-1172315.260,355.330,0.036
-443722.580,-1172315.060,355.210,0.036
-443722.990,-1172315.180,355.280,0.019
-443723.270,-1172315.390,355.480,0.014
-443723.820,-1172315.300,355.480,0.012
-443724.050,-1172315.090,355.320,0.026
-443725.060,-1172315.170,355.440,0.026
-443725.290,-1172314.960,355.330,0.022
-443725.560,-1172315.210,355.560,0.021
-443726.250,-1172314.580,355.140,0.028
-443726.120,-1172315.130,355.540,0.026
-443726.350,-1172314.920,355.370,0.022
-443747.330,-1172312.540,352.310,0.061
-443747.070,-1172312.780,352.380,0.067
-443717.410,-1172290.580,355.570,0.047
-443716.650,-1172290.550,355.500,0.021
-443714.070,-1172290.510,355.350,0.016
-443708.820,-1172292.680,354.640,0.014
-443710.850,-1172290.450,355.060,0.029
-443707.600,-1172292.990,354.800,0.035
-443707.820,-1172292.790,354.590,0.036
-443841.970,-1172421.550,375.270,0.091
-443766.800,-1172436.560,361.450,0.056
-443759.870,-1172437.230,361.830,0.061
-443833.880,-1172366.900,370.990,0.048
-443833.500,-1172366.890,370.950,0.055
-443747.050,-1172437.840,361.790,0.066
-443743.670,-1172437.640,361.440,0.089
-443739.760,-1172437.800,361.430,0.045
-443737.200,-1172438.380,361.820,0.079
-443736.220,-1172438.440,361.750,0.069
-443835.770,-1172337.810,370.810,0.029
-443839.890,-1172307.250,355.900,0.021
-443840.110,-1172307.060,355.750,0.014
-443840.320,-1172306.870,355.630,0.028
-443840.750,-1172306.970,355.720,0.016
-443840.970,-1172306.760,355.590,0.016
-443839.540,-1172307.150,355.800,0.008
-443839.770,-1172306.940,355.640,0.024
-443840.000,-1172306.730,355.520,0.024
-443838.650,-1172306.970,355.620,0.011
-443838.890,-1172306.750,355.470,0.009
-443838.820,-1172307.290,355.860,0.014
-443839.050,-1172307.080,355.720,0.008
-443839.280,-1172306.870,355.600,0.016
-443838.100,-1172307.090,355.680,0.015
-443838.320,-1172306.890,355.540,0.016
-443836.190,-1172305.780,357.180,0.009
-443836.420,-1172305.570,357.060,0.015
-443836.640,-1172305.370,356.940,0.007
-443836.850,-1172305.180,356.790,0.008
-443837.100,-1172304.950,356.660,0.010
-443835.000,-1172305.940,357.160,0.011
-443835.220,-1172305.730,357.020,0.012
-443835.460,-1172305.520,356.900,0.017
-443835.700,-1172305.300,356.780,0.026
-443835.920,-1172305.100,356.610,0.016
-443836.150,-1172304.890,356.480,0.016
-443836.640,-1172304.450,356.230,0.015
-443836.870,-1172304.240,356.130,0.016
-443837.090,-1172304.030,355.960,0.017
-443837.310,-1172303.830,355.840,0.016
-443835.620,-1172305.820,357.120,0.007
-443835.860,-1172305.600,357.000,0.016
-443836.100,-1172305.390,356.860,0.014
-443836.330,-1172305.180,356.740,0.013
-443836.540,-1172304.990,356.610,0.010
-443836.780,-1172304.770,356.450,0.012
-443834.560,-1172305.750,357.000,0.015
-443835.270,-1172305.100,356.590,0.016
-443835.740,-1172304.670,356.330,0.007
-443836.180,-1172304.270,356.090,0.010
-443836.420,-1172304.060,355.920,0.011
-443836.660,-1172303.840,355.800,0.012
-443837.110,-1172303.420,355.550,0.021
-443833.150,-1172305.980,357.060,0.012
-443833.360,-1172305.790,356.950,0.017
-443833.600,-1172305.580,356.830,0.009
-443833.830,-1172305.360,356.650,0.008
-443834.050,-1172305.160,356.540,0.017
-443835.200,-1172304.120,355.880,0.021
-443835.430,-1172303.910,355.750,0.019
-443835.660,-1172303.700,355.620,0.006
-443835.890,-1172303.490,355.500,0.010
-443833.550,-1172306.070,357.180,0.013
-443833.780,-1172305.860,357.020,0.008
-443834.020,-1172305.650,356.910,0.008
-443834.240,-1172305.440,356.760,0.018
-443834.480,-1172305.220,356.630,0.011
-443834.700,-1172305.030,356.480,0.017
-443834.930,-1172304.810,356.380,0.017
-443835.410,-1172304.380,356.110,0.006
-443835.650,-1172304.170,355.980,0.008
-443835.880,-1172303.950,355.830,0.006
-443836.120,-1172303.730,355.700,0.008
-443836.340,-1172303.530,355.570,0.009
-443836.570,-1172303.330,355.440,0.019
-443833.250,-1172305.390,356.630,0.009
-443833.470,-1172305.180,356.490,0.015
-443833.720,-1172304.960,356.370,0.016
-443833.920,-1172304.770,356.230,0.016
-443835.050,-1172303.750,355.570,0.022
-443830.790,-1172306.360,357.120,0.040
-443831.030,-1172306.140,357.010,0.018
-443831.250,-1172305.940,356.840,0.018
-443831.740,-1172305.490,356.620,0.022
-443831.960,-1172305.290,356.450,0.017
-443832.460,-1172304.840,356.280,0.030
-443833.110,-1172304.250,355.810,0.012
-443833.350,-1172304.030,355.670,0.013
-443833.570,-1172303.830,355.530,0.010
-443831.400,-1172306.430,357.250,0.017
-443831.640,-1172306.210,357.080,0.011
-443832.090,-1172305.810,356.840,0.027
-443833.480,-1172304.540,356.040,0.012
-443833.710,-1172304.330,355.900,0.011
-443834.170,-1172303.910,355.640,0.022
-443826.480,-1172308.640,355.870,0.023
-443826.700,-1172308.440,355.710,0.014
-443826.940,-1172308.210,355.560,0.012
-443827.170,-1172308.000,355.450,0.021
-443829.170,-1172306.190,356.920,0.060
-443829.400,-1172305.980,356.740,0.018
-443829.630,-1172305.770,356.590,0.026
-443830.090,-1172305.350,356.310,0.031
-443831.220,-1172304.320,355.680,0.049
-443827.130,-1172308.570,355.850,0.020
-443827.350,-1172308.370,355.730,0.019
-443827.590,-1172308.150,355.580,0.026
-443829.820,-1172306.120,356.890,0.020
-443830.950,-1172305.100,356.250,0.042
-443831.170,-1172304.890,356.100,0.018
-443831.410,-1172304.680,355.950,0.023
-443831.630,-1172304.480,355.820,0.024
-443831.870,-1172304.260,355.730,0.025
-443832.350,-1172303.820,355.510,0.071
-443829.820,-1172306.680,357.290,0.019
-443830.050,-1172306.470,357.130,0.024
-443830.510,-1172306.060,356.860,0.036
-443830.730,-1172305.860,356.720,0.023
-443831.210,-1172305.420,356.490,0.025
-443831.880,-1172304.810,356.110,0.018
-443827.770,-1172304.410,355.470,0.037
-443827.770,-1172305.070,355.990,0.016
-443827.990,-1172304.870,355.860,0.017
-443828.220,-1172304.660,355.710,0.051
-443824.840,-1172308.250,355.470,0.077
-443827.760,-1172305.600,356.350,0.029
-443827.970,-1172305.400,356.230,0.033
-443828.660,-1172304.780,355.830,0.019
-443828.890,-1172304.560,355.680,0.015
-443829.130,-1172304.350,355.560,0.014
-443825.270,-1172308.390,355.580,0.021
-443827.920,-1172305.980,356.650,0.009
-443828.850,-1172305.130,356.100,0.018
-443829.060,-1172304.940,355.950,0.014
-443829.290,-1172304.730,355.830,0.047
-443829.760,-1172304.300,355.550,0.017
-443825.260,-1172308.810,355.890,0.020
-443825.470,-1172308.610,355.770,0.017
-443825.690,-1172308.410,355.660,0.013
-443828.370,-1172305.970,356.680,0.011
-443828.600,-1172305.770,356.510,0.023
-443828.830,-1172305.560,356.410,0.021
-443829.550,-1172304.900,356.010,0.046
-443829.770,-1172304.710,355.860,0.017
-443830.000,-1172304.490,355.730,0.006
-443830.220,-1172304.290,355.580,0.010
-443825.740,-1172308.770,355.930,0.016
-443825.970,-1172308.570,355.780,0.028
-443826.200,-1172308.350,355.630,0.035
-443826.420,-1172308.150,355.470,0.016
-443828.460,-1172306.300,356.930,0.017
-443828.670,-1172306.110,356.760,0.013
-443828.890,-1172305.910,356.620,0.022
-443829.110,-1172305.710,356.510,0.022
-443829.360,-1172305.480,356.390,0.010
-443829.580,-1172305.280,356.210,0.010
-443829.820,-1172305.060,356.140,0.016
-443830.530,-1172304.420,355.700,0.013
-443830.750,-1172304.210,355.590,0.019
-443818.350,-1172309.120,356.920,0.031
-443818.590,-1172308.900,356.760,0.017
-443818.820,-1172308.690,356.610,0.013
-443819.040,-1172308.490,356.470,0.016
-443819.260,-1172308.290,356.330,0.012
-443819.490,-1172308.080,356.240,0.023
-443819.720,-1172307.870,356.050,0.021
-443819.950,-1172307.660,355.920,0.015
-443818.320,-1172309.700,357.400,0.018
-443818.520,-1172309.510,357.210,0.022
-443818.740,-1172309.320,357.100,0.020
-443818.990,-1172309.090,356.950,0.018
-443819.220,-1172308.880,356.810,0.039
-443819.670,-1172308.470,356.520,0.009
-443819.910,-1172308.250,356.380,0.013
-443819.060,-1172309.510,357.310,0.024
-443819.290,-1172309.300,357.120,0.020
-443819.960,-1172308.690,356.710,0.012
-443816.510,-1172308.820,356.550,0.013
-443816.730,-1172308.620,356.410,0.013
-443816.960,-1172308.420,356.230,0.009
-443817.190,-1172308.210,356.110,0.012
-443817.650,-1172307.790,355.830,0.012
-443817.870,-1172307.580,355.670,0.013
-443818.100,-1172307.380,355.540,0.009
-443816.100,-1172309.610,357.170,0.012
-443816.310,-1172309.420,357.000,0.015
-443816.540,-1172309.210,356.870,0.013
-443816.780,-1172308.990,356.690,0.014
-443816.990,-1172308.800,356.560,0.015
-443817.230,-1172308.580,356.420,0.018
-443817.460,-1172308.370,356.260,0.018
-443817.670,-1172308.180,356.130,0.016
-443817.890,-1172307.980,356.010,0.013
-443818.100,-1172307.790,355.870,0.010
-443818.350,-1172307.560,355.720,0.008
-443818.570,-1172307.360,355.580,0.012
-443816.350,-1172309.770,357.270,0.014
-443816.590,-1172309.560,357.160,0.010
-443816.800,-1172309.370,357.010,0.012
-443817.020,-1172309.170,356.850,0.019
-443817.240,-1172308.960,356.740,0.022
-443817.470,-1172308.760,356.580,0.019
-443817.700,-1172308.550,356.440,0.021
-443817.910,-1172308.350,356.300,0.019
-443818.150,-1172308.140,356.140,0.025
-443818.370,-1172307.940,356.010,0.024
-443818.600,-1172307.720,355.860,0.009
-443818.840,-1172307.510,355.720,0.011
-443819.080,-1172307.290,355.610,0.014
-443819.290,-1172307.100,355.470,0.014
-443816.820,-1172309.920,357.440,0.038
-443817.050,-1172309.710,357.300,0.026
-443817.270,-1172309.510,357.180,0.021
-443817.730,-1172309.100,356.860,0.017
-443817.960,-1172308.880,356.710,0.029
-443818.400,-1172308.490,356.420,0.033
-443818.870,-1172308.060,356.140,0.016
-443819.090,-1172307.850,356.000,0.019
-443819.350,-1172307.620,355.870,0.014
-443819.580,-1172307.410,355.710,0.013
-443817.880,-1172309.540,357.190,0.020
-443816.090,-1172307.750,355.700,0.014
-443816.320,-1172307.550,355.550,0.013
-443815.890,-1172308.360,356.150,0.010
-443816.120,-1172308.150,355.990,0.011
-443816.360,-1172307.940,355.860,0.012
-443816.590,-1172307.720,355.710,0.012
-443816.170,-1172308.650,356.390,0.012
-443816.400,-1172308.450,356.270,0.017
-443817.060,-1172307.840,355.830,0.027
-443817.530,-1172307.410,355.550,0.017
-443816.270,-1172309.040,356.680,0.016
-443813.530,-1172308.470,358.400,0.016
-443813.740,-1172308.280,358.280,0.015
-443813.980,-1172308.060,358.130,0.019
-443814.450,-1172307.640,357.850,0.016
-443815.150,-1172307.000,357.400,0.015
-443815.360,-1172306.810,357.290,0.023
-443815.580,-1172306.610,357.160,0.025
-443813.770,-1172308.580,358.490,0.023
-443814.440,-1172307.970,358.060,0.029
-443814.660,-1172307.770,357.960,0.018
-443814.900,-1172307.550,357.830,0.039
-443815.130,-1172307.340,357.660,0.045
-443815.360,-1172307.140,357.540,0.020
-443815.590,-1172306.920,357.380,0.029
-443815.800,-1172306.730,357.170,0.024
-443814.210,-1172308.590,358.550,0.021
-443814.430,-1172308.390,358.410,0.020
-443814.650,-1172308.190,358.260,0.023
-443814.900,-1172307.970,358.140,0.022
-443811.650,-1172308.810,358.530,0.024
-443811.880,-1172308.600,358.400,0.019
-443812.120,-1172308.380,358.250,0.027
-443812.790,-1172307.770,357.750,0.028
-443814.380,-1172306.320,356.830,0.020
-443814.590,-1172306.130,356.680,0.034
-443815.060,-1172305.700,356.430,0.012
-443812.290,-1172308.740,358.550,0.022
-443812.510,-1172308.540,358.390,0.017
-443812.730,-1172308.340,358.230,0.021
-443812.960,-1172308.130,358.120,0.023
-443813.190,-1172307.920,357.950,0.019
-443814.080,-1172307.110,357.400,0.021
-443814.530,-1172306.700,357.130,0.020
-443814.760,-1172306.490,357.000,0.012
-443815.010,-1172306.270,356.870,0.013
-443815.240,-1172306.060,356.740,0.025
-443813.020,-1172308.540,358.390,0.017
-443813.240,-1172308.340,358.240,0.018
-443813.690,-1172307.930,357.980,0.010
-443813.940,-1172307.710,357.850,0.013
-443814.160,-1172307.510,357.670,0.010
-443814.370,-1172307.310,357.540,0.012
-443814.600,-1172307.100,357.400,0.017
-443815.080,-1172306.670,357.130,0.012
-443815.320,-1172306.450,357.020,0.016
-443813.040,-1172305.980,356.410,0.035
-443813.270,-1172305.770,356.290,0.036
-443813.730,-1172305.360,356.040,0.013
-443813.970,-1172305.140,355.890,0.018
-443810.370,-1172309.010,358.560,0.032
-443810.880,-1172308.550,358.460,0.051
-443811.510,-1172307.970,357.840,0.031
-443811.980,-1172307.550,357.530,0.029
-443814.500,-1172305.250,356.000,0.020
-443811.670,-1172308.310,358.160,0.017
-443812.130,-1172307.890,357.840,0.016
-443812.350,-1172307.700,357.690,0.016
-443814.430,-1172305.800,356.460,0.022
-443814.650,-1172305.600,356.310,0.016
-443814.850,-1172305.410,356.170,0.018
-443815.080,-1172305.210,356.060,0.021
-443809.180,-1172308.400,357.960,0.017
-443809.410,-1172308.200,357.830,0.017
-443809.650,-1172307.970,357.700,0.023
-443809.870,-1172307.780,357.580,0.014
-443810.100,-1172307.570,357.420,0.010
-443811.430,-1172306.350,356.570,0.017
-443811.660,-1172306.150,356.450,0.016
-443812.140,-1172305.710,356.180,0.022
-443812.350,-1172305.520,356.020,0.023
-443812.580,-1172305.310,355.890,0.024
-443809.240,-1172308.870,358.300,0.011
-443809.480,-1172308.660,358.220,0.014
-443811.500,-1172306.810,356.950,0.023
-443811.730,-1172306.600,356.820,0.023
-443812.650,-1172305.770,356.260,0.019
-443812.890,-1172305.550,356.130,0.019
-443809.700,-1172306.810,356.780,0.017
-443809.960,-1172306.580,356.670,0.017
-443810.690,-1172305.910,356.430,0.043
-443805.690,-1172311.120,357.460,0.007
-443807.630,-1172309.350,358.560,0.013
-443807.870,-1172309.140,358.430,0.009
-443808.080,-1172308.940,358.260,0.011
-443808.310,-1172308.730,358.150,0.015
-443808.530,-1172308.540,358.010,0.014
-443809.450,-1172307.700,357.400,0.021
-443809.690,-1172307.480,357.270,0.024
-443811.280,-1172306.030,356.300,0.020
-443811.500,-1172305.840,356.160,0.018
-443811.970,-1172305.410,355.900,0.030
-443808.250,-1172309.250,358.550,0.023
-443808.480,-1172309.040,358.380,0.020
-443808.720,-1172308.820,358.240,0.013
-443808.940,-1172308.620,358.090,0.013
-443804.580,-1172310.880,357.190,0.021
-443805.480,-1172310.060,356.620,0.012
-443807.160,-1172308.530,357.880,0.015
-443809.250,-1172306.620,356.640,0.009
-443809.480,-1172306.420,356.490,0.016
-443809.710,-1172306.210,356.380,0.039
-443809.930,-1172306.010,356.250,0.040
-443810.140,-1172305.810,356.090,0.023
-443805.020,-1172311.080,357.350,0.013
-443805.700,-1172310.450,356.960,0.008
-443807.420,-1172308.900,358.200,0.019
-443807.640,-1172308.690,358.050,0.016
-443807.870,-1172308.480,357.910,0.023
-443809.470,-1172307.030,356.930,0.016
-443807.970,-1172306.800,356.640,0.018
-443808.880,-1172305.970,356.080,0.022
-443809.110,-1172305.770,355.960,0.022
-443809.590,-1172305.330,355.690,0.008
-443809.810,-1172305.130,355.550,0.011
-443803.460,-1172311.350,357.460,0.018
-443803.680,-1172311.150,357.310,0.020
-443803.930,-1172310.930,357.140,0.024
-443804.150,-1172310.730,357.010,0.030
-443804.370,-1172310.530,356.880,0.024
-443804.620,-1172310.300,356.750,0.015
-443804.860,-1172310.080,356.600,0.016
-443805.300,-1172309.680,356.310,0.017
-443806.990,-1172308.140,357.580,0.007
-443807.220,-1172307.930,357.460,0.007
-443808.580,-1172306.700,356.620,0.019
-443808.830,-1172306.470,356.490,0.013
-443809.040,-1172306.280,356.330,0.011
-443809.500,-1172305.860,356.070,0.045
-443802.970,-1172310.870,357.080,0.021
-443803.180,-1172310.680,356.930,0.012
-443803.400,-1172310.480,356.790,0.012
-443803.860,-1172310.060,356.450,0.011
-443804.110,-1172309.830,356.350,0.015
-443804.340,-1172309.620,356.190,0.016
-443804.590,-1172309.400,356.070,0.010
-443805.010,-1172309.010,355.770,0.017
-443805.230,-1172308.810,355.630,0.018
-443806.270,-1172307.860,357.310,0.016
-443806.490,-1172307.670,357.170,0.019
-443806.720,-1172307.460,357.030,0.011
-443807.410,-1172306.830,356.630,0.016
-443807.650,-1172306.610,356.450,0.026
-443807.890,-1172306.400,356.360,0.014
-443808.120,-1172306.190,356.210,0.016
-443808.330,-1172305.990,356.060,0.011
-443808.570,-1172305.770,355.950,0.014
-443808.790,-1172305.570,355.820,0.016
-443809.000,-1172305.380,355.690,0.015
-443809.230,-1172305.170,355.510,0.009
-443803.330,-1172311.030,357.200,0.023
-443803.560,-1172310.820,357.060,0.020
-443803.780,-1172310.620,356.900,0.023
-443803.990,-1172310.430,356.730,0.017
-443804.210,-1172310.230,356.620,0.009
-443804.460,-1172310.000,356.510,0.011
-443804.690,-1172309.790,356.340,0.013
-443804.910,-1172309.590,356.220,0.019
-443805.150,-1172309.370,356.070,0.020
-443805.950,-1172308.640,357.940,0.018
-443805.380,-1172309.160,355.920,0.013
-443806.380,-1172308.260,357.550,0.012
-443806.620,-1172308.030,357.460,0.012
-443806.850,-1172307.820,357.310,0.006
-443802.660,-1172310.800,356.960,0.017
-443803.120,-1172310.380,356.690,0.012
-443803.340,-1172310.180,356.540,0.011
-443803.570,-1172309.970,356.410,0.012
-443804.030,-1172309.550,356.120,0.015
-443804.250,-1172309.350,355.980,0.010
-443804.490,-1172309.130,355.850,0.011
-443804.720,-1172308.920,355.690,0.015
-443804.960,-1172308.710,355.530,0.013
-443806.430,-1172307.360,356.970,0.014
-443806.640,-1172307.170,356.800,0.018
-443806.880,-1172306.950,356.670,0.009
-443807.340,-1172306.540,356.380,0.030
-443807.820,-1172306.100,356.130,0.009
-443802.720,-1172310.160,356.490,0.019
-443803.630,-1172309.330,355.910,0.015
-443803.850,-1172309.130,355.770,0.016
-443804.070,-1172308.930,355.630,0.012
-443806.230,-1172306.970,356.630,0.020
-443806.450,-1172306.760,356.470,0.028
-443806.670,-1172306.560,356.340,0.025
-443806.900,-1172306.360,356.220,0.022
-443807.130,-1172306.140,356.050,0.015
-443807.620,-1172305.700,355.820,0.008
-443807.850,-1172305.490,355.660,0.013
-443808.090,-1172305.270,355.520,0.013
-443803.130,-1172310.050,356.440,0.018
-443803.360,-1172309.840,356.320,0.017
-443803.580,-1172309.640,356.160,0.013
-443804.040,-1172309.220,355.870,0.011
-443804.260,-1172309.030,355.740,0.013
-443806.440,-1172307.040,356.720,0.020
-443806.680,-1172306.820,356.610,0.009
-443806.910,-1172306.610,356.410,0.017
-443807.830,-1172305.780,355.910,0.010
-443808.060,-1172305.560,355.770,0.015
-443808.280,-1172305.370,355.650,0.013
-443802.090,-1172310.210,356.530,0.018
-443802.310,-1172310.010,356.340,0.018
-443802.550,-1172309.800,356.220,0.019
-443802.780,-1172309.590,356.090,0.018
-443803.000,-1172309.380,355.910,0.009
-443803.250,-1172309.160,355.820,0.013
-443803.480,-1172308.950,355.670,0.013
-443806.510,-1172306.190,356.120,0.015
-443806.770,-1172305.960,356.000,0.013
-443806.980,-1172305.760,355.850,0.012
-443807.210,-1172305.550,355.690,0.005
-443807.440,-1172305.350,355.530,0.005
-443801.840,-1172309.550,355.970,0.024
-443802.050,-1172309.360,355.800,0.021
-443802.550,-1172308.910,355.530,0.011
-443805.870,-1172305.890,355.860,0.020
-443806.070,-1172305.710,355.690,0.017
-443806.320,-1172305.480,355.570,0.012
-443801.990,-1172309.840,356.180,0.013
-443802.200,-1172309.640,356.040,0.015
-443802.430,-1172309.440,355.920,0.014
-443802.650,-1172309.240,355.770,0.006
-443802.890,-1172309.010,355.650,0.012
-443803.130,-1172308.790,355.530,0.015
-443805.970,-1172306.210,356.090,0.020
-443806.190,-1172306.010,355.950,0.025
-443806.660,-1172305.580,355.690,0.012
-443806.870,-1172305.390,355.530,0.007
-443801.710,-1172309.330,355.740,0.028
-443801.940,-1172309.130,355.600,0.014
-443802.170,-1172308.910,355.500,0.012
-443798.190,-1172310.200,359.650,0.038
-443796.490,-1172312.360,360.930,0.024
-443796.020,-1172311.700,360.460,0.018
-443796.260,-1172311.480,360.360,0.023
-443794.550,-1172312.490,360.870,0.013
-443794.990,-1172312.080,360.650,0.032
-443796.430,-1172310.770,359.900,0.011
-443797.830,-1172309.490,359.220,0.022
-443796.000,-1172310.220,359.530,0.019
-443796.250,-1172310.000,359.400,0.021
-443796.490,-1172309.780,359.310,0.016
-443797.420,-1172308.930,358.810,0.019
-443797.660,-1172308.720,358.690,0.019
-443794.140,-1172311.450,360.200,0.008
-443794.840,-1172310.820,359.840,0.014
-443795.760,-1172309.980,359.370,0.022
-443793.470,-1172312.540,360.830,0.015
-443794.600,-1172310.590,359.680,0.028
-443796.230,-1172309.110,358.860,0.049
-443796.440,-1172308.910,358.750,0.046
-443795.030,-1172309.810,359.210,0.026
-443795.510,-1172309.380,358.960,0.028
-443795.990,-1172308.940,358.700,0.057
-443793.420,-1172310.690,359.650,0.027
-443795.300,-1172308.970,358.660,0.021
-443796.020,-1172308.320,358.350,0.021
-443796.490,-1172307.890,358.090,0.026
-443792.010,-1172311.480,360.070,0.031
-443792.700,-1172310.840,359.720,0.020
-443792.940,-1172310.630,359.580,0.027
-443794.110,-1172309.560,359.030,0.017
-443796.000,-1172307.840,358.050,0.016
-443789.990,-1172312.860,360.800,0.016
-443790.220,-1172312.650,360.660,0.015
-443790.910,-1172312.020,360.290,0.020
-443793.490,-1172309.670,359.000,0.022
-443795.370,-1172307.960,358.080,0.027
-443791.780,-1172310.870,359.650,0.029
-443794.570,-1172308.320,358.250,0.028
-443789.260,-1172312.660,360.810,0.041
-443789.930,-1172312.050,360.280,0.017
-443790.420,-1172311.600,360.050,0.022
-443790.880,-1172311.180,359.790,0.027
-443791.110,-1172310.970,359.670,0.021
-443791.580,-1172310.540,359.470,0.020
-443789.010,-1172312.520,360.610,0.062
-443790.630,-1172311.030,359.680,0.021
-443791.100,-1172310.610,359.410,0.028
-443791.370,-1172310.360,359.340,0.022
-443791.820,-1172309.950,359.080,0.026
-443792.280,-1172309.530,358.830,0.025
-443794.200,-1172307.790,357.930,0.024
-443794.660,-1172307.370,357.660,0.016
-443787.880,-1172313.090,360.850,0.013
-443788.110,-1172312.890,360.750,0.012
-443788.350,-1172312.660,360.620,0.022
-443790.660,-1172310.560,359.410,0.025
-443786.620,-1172313.310,360.920,0.013
-443787.330,-1172312.660,360.540,0.009
-443787.560,-1172312.460,360.410,0.012
-443787.780,-1172312.260,360.320,0.011
-443789.670,-1172310.530,359.310,0.008
-443789.910,-1172310.310,359.170,0.012
-443790.380,-1172309.880,358.970,0.009
-443790.830,-1172309.480,358.700,0.015
-443791.540,-1172308.830,358.340,0.012
-443791.760,-1172308.620,358.250,0.019
-443786.200,-1172313.220,360.830,0.007
-443786.430,-1172313.010,360.700,0.023
-443785.860,-1172313.010,360.650,0.023
-443786.330,-1172312.580,360.390,0.020
-443786.560,-1172312.370,360.280,0.026
-443787.280,-1172311.710,359.960,0.016
-443787.500,-1172311.510,359.830,0.028
-443787.740,-1172311.290,359.700,0.026
-443788.220,-1172310.850,359.480,0.016
-443790.340,-1172308.920,358.360,0.022
-443790.580,-1172308.700,358.220,0.024
-443791.530,-1172307.840,357.790,0.022
-443787.310,-1172311.340,359.690,0.024
-443790.620,-1172308.330,357.970,0.029
-443784.620,-1172312.830,360.510,0.012
-443784.840,-1172312.640,360.360,0.008
-443785.320,-1172312.200,360.080,0.018
-443786.280,-1172311.320,359.610,0.015
-443787.220,-1172310.470,359.140,0.023
-443784.380,-1172313.480,360.960,0.014
-443785.290,-1172312.650,360.380,0.014
-443786.000,-1172312.010,360.030,0.022
-443786.460,-1172311.590,359.770,0.017
-443786.690,-1172311.380,359.640,0.015
-443787.390,-1172310.740,359.320,0.020
-443787.850,-1172310.320,359.100,0.017
-443788.080,-1172310.110,358.970,0.020
-443789.970,-1172308.390,358.000,0.015
-443784.050,-1172312.930,360.520,0.010
-443784.530,-1172312.500,360.280,0.010
-443785.010,-1172312.060,359.990,0.009
-443788.300,-1172309.060,358.350,0.028
-443783.940,-1172313.460,360.890,0.022
-443785.900,-1172310.210,358.890,0.034
-443786.390,-1172309.770,358.630,0.017
-443786.630,-1172309.550,358.510,0.015
-443787.800,-1172308.490,357.970,0.011
-443788.750,-1172307.620,357.430,0.035
-443783.230,-1172313.290,360.720,0.009
-443783.450,-1172313.080,360.590,0.008
-443783.690,-1172312.870,360.470,0.007
-443783.920,-1172312.660,360.350,0.029
-443784.160,-1172312.440,360.240,0.020
-443784.620,-1172312.020,359.950,0.004
-443784.850,-1172311.810,359.850,0.004
-443788.680,-1172308.320,357.990,0.030
-443781.920,-1172313.310,360.620,0.032
-443782.160,-1172313.090,360.500,0.026
-443784.240,-1172311.200,359.390,0.014
-443786.590,-1172309.050,358.190,0.027
-443788.240,-1172307.550,357.340,0.018
-443782.640,-1172313.180,360.570,0.043
-443786.520,-1172308.090,357.610,0.013
-443781.360,-1172313.220,360.510,0.008
-443783.000,-1172311.720,359.640,0.012
-443783.720,-1172311.070,359.290,0.017
-443784.640,-1172310.230,358.800,0.027
-443784.870,-1172310.020,358.710,0.025
-443785.090,-1172309.820,358.560,0.022
-443785.340,-1172309.600,358.440,0.017
-443786.040,-1172308.960,358.090,0.013
-443786.750,-1172308.310,357.770,0.010
-443786.980,-1172308.100,357.640,0.009
-443787.210,-1172307.890,357.530,0.012
-443787.650,-1172307.490,357.130,0.022
-443780.360,-1172313.170,360.410,0.010
-443780.620,-1172312.930,360.290,0.008
-443780.850,-1172312.730,360.160,0.011
-443781.080,-1172312.520,360.040,0.016
-443781.100,-1172313.030,360.370,0.012
-443781.580,-1172312.590,360.090,0.014
-443782.300,-1172311.940,359.730,0.016
-443782.540,-1172311.720,359.630,0.017
-443782.750,-1172311.530,359.480,0.018
-443783.480,-1172310.870,359.130,0.023
-443783.700,-1172310.660,359.040,0.021
-443785.230,-1172307.960,357.460,0.016
-443785.430,-1172307.780,357.230,0.009
-443779.980,-1172313.130,360.350,0.025
-443780.440,-1172312.720,360.120,0.012
-443781.380,-1172311.860,359.650,0.007
-443781.600,-1172311.660,359.510,0.007
-443783.970,-1172309.500,358.290,0.010
-443785.640,-1172307.970,357.500,0.011
-443785.880,-1172307.760,357.340,0.010
-443780.770,-1172311.770,359.520,0.008
-443781.000,-1172311.550,359.370,0.011
-443782.390,-1172310.290,358.670,0.011
-443780.070,-1172312.670,360.050,0.012
-443781.000,-1172311.820,359.590,0.008
-443781.220,-1172311.610,359.450,0.011
-443783.800,-1172309.270,358.130,0.010
-443784.050,-1172309.030,358.010,0.014
-443779.720,-1172312.210,359.710,0.014
-443781.630,-1172310.480,358.800,0.008
-443782.100,-1172310.040,358.530,0.011
-443782.800,-1172309.410,358.180,0.009
-443783.030,-1172309.200,358.050,0.016
-443783.950,-1172308.360,357.580,0.011
-443784.200,-1172308.130,357.480,0.025
-443784.390,-1172307.960,357.260,0.022
-443783.450,-1172308.040,357.280,0.042
-443780.580,-1172311.060,359.060,0.015
-443781.980,-1172309.780,358.370,0.010
-443783.180,-1172308.690,357.780,0.021
-443783.420,-1172308.470,357.680,0.032
-443783.640,-1172308.270,357.550,0.028
-443783.860,-1172308.060,357.380,0.029
-443784.070,-1172307.870,357.220,0.022
-443778.750,-1172312.070,359.570,0.013
-443779.220,-1172311.650,359.340,0.016
-443779.450,-1172311.440,359.190,0.016
-443779.690,-1172311.220,359.090,0.016
-443779.910,-1172311.020,358.950,0.011
-443780.400,-1172310.570,358.710,0.010
-443782.990,-1172308.210,357.410,0.042
-443778.950,-1172312.140,359.620,0.012
-443779.890,-1172311.280,359.160,0.013
-443780.150,-1172311.050,359.020,0.013
-443780.870,-1172310.390,358.640,0.013
-443781.340,-1172309.960,358.420,0.014
-443781.560,-1172309.760,358.280,0.013
-443782.050,-1172309.320,358.090,0.013
-443783.000,-1172308.450,357.610,0.029
-443782.380,-1172308.290,357.430,0.023
-443781.630,-1172308.640,357.620,0.009
-443781.850,-1172308.430,357.510,0.010
-443782.090,-1172308.210,357.340,0.013
-443781.330,-1172308.460,357.470,0.021
-443781.550,-1172308.260,357.350,0.015
-443778.850,-1172309.710,358.050,0.014
-443780.920,-1172308.470,357.450,0.030
-443773.290,-1172314.250,361.270,0.009
-443779.450,-1172308.640,357.450,0.011
-443773.870,-1172314.250,361.330,0.020
-443774.110,-1172314.030,361.230,0.027
-443774.820,-1172313.380,360.840,0.053
-443771.990,-1172314.850,361.580,0.013
-443772.230,-1172314.630,361.470,0.019
-443772.450,-1172314.430,361.340,0.014
-443772.690,-1172314.220,361.210,0.017
-443772.920,-1172314.010,361.070,0.035
-443773.160,-1172313.790,360.950,0.029
-443773.410,-1172313.560,360.840,0.020
-443773.890,-1172313.120,360.600,0.009
-443774.590,-1172312.490,360.250,0.016
-443774.830,-1172312.260,360.180,0.020
-443775.310,-1172311.830,359.930,0.015
-443778.620,-1172308.800,357.450,0.014
-443773.660,-1172312.400,360.150,0.011
-443774.380,-1172311.740,359.800,0.014
-443771.810,-1172314.690,361.460,0.016
-443772.050,-1172314.470,361.330,0.013
-443778.440,-1172308.630,357.320,0.013
-443772.680,-1172312.910,360.390,0.025
-443770.870,-1172314.940,361.560,0.050
-443771.100,-1172314.730,361.440,0.012
-443771.330,-1172314.520,361.320,0.010
-443771.570,-1172314.300,361.180,0.011
-443771.800,-1172314.090,361.060,0.014
-443772.030,-1172313.890,360.960,0.015
-443772.950,-1172313.040,360.500,0.026
-443773.430,-1172312.600,360.240,0.007
-443769.990,-1172314.860,361.450,0.037
-443770.230,-1172314.640,361.330,0.015
-443770.480,-1172314.420,361.210,0.017
-443773.060,-1172312.060,359.870,0.014
-443773.300,-1172311.840,359.790,0.022
-443773.760,-1172311.420,359.540,0.021
-443774.460,-1172310.780,359.230,0.013
-443774.700,-1172310.570,359.110,0.013
-443770.180,-1172314.420,361.170,0.017
-443770.410,-1172314.210,361.030,0.032
-443770.910,-1172313.760,360.800,0.017
-443772.060,-1172312.710,360.150,0.016
-443773.300,-1172310.660,359.020,0.049
-443771.060,-1172313.040,360.340,0.027
-443773.680,-1172310.660,359.060,0.017
-443774.900,-1172309.540,358.470,0.018
-443767.670,-1172315.280,361.570,0.018
-443768.380,-1172314.640,361.180,0.018
-443768.840,-1172314.220,360.950,0.024
-443769.090,-1172313.990,360.810,0.017
-443769.560,-1172313.560,360.550,0.012
-443769.780,-1172313.360,360.460,0.010
-443770.240,-1172312.940,360.210,0.016
-443770.700,-1172312.520,359.990,0.014
-443773.810,-1172309.680,358.450,0.029
-443774.490,-1172309.060,358.120,0.017
-443768.840,-1172314.730,361.290,0.042
-443769.290,-1172314.320,361.060,0.020
-443769.750,-1172313.900,360.810,0.036
-443770.680,-1172313.050,360.320,0.024
-443773.590,-1172309.650,358.430,0.027
-443774.060,-1172309.220,358.210,0.032
-443774.290,-1172309.010,358.030,0.027
-443767.430,-1172315.510,361.700,0.018
-443766.560,-1172315.510,361.670,0.047
-443767.250,-1172314.880,361.300,0.013
-443767.490,-1172314.660,361.160,0.017
-443767.730,-1172314.450,361.040,0.024
-443767.960,-1172314.230,360.910,0.024
-443768.220,-1172314.000,360.770,0.015
-443768.450,-1172313.780,360.660,0.016
-443769.140,-1172313.160,360.310,0.040
-443769.370,-1172312.940,360.180,0.044
-443770.330,-1172312.070,359.680,0.010
-443773.380,-1172309.290,358.190,0.020
-443766.690,-1172315.140,361.420,0.017
-443766.920,-1172314.930,361.320,0.017
-443767.150,-1172314.720,361.220,0.015
-443768.320,-1172313.650,360.590,0.010
-443769.040,-1172313.000,360.180,0.038
-443769.530,-1172312.550,359.940,0.025
-443771.410,-1172310.830,359.000,0.029
-443771.650,-1172310.610,358.890,0.025
-443772.840,-1172309.530,358.310,0.028
-443773.260,-1172309.140,358.030,0.024
-443765.630,-1172315.650,361.700,0.008
-443765.860,-1172315.440,361.590,0.009
-443766.090,-1172315.230,361.440,0.013
-443766.330,-1172315.020,361.320,0.018
-443767.000,-1172314.400,360.970,0.017
-443767.940,-1172313.540,360.480,0.018
-443768.170,-1172313.340,360.340,0.014
-443770.550,-1172311.170,359.150,0.021
-443770.780,-1172310.950,359.050,0.011
-443772.200,-1172309.660,358.340,0.018
-443772.460,-1172309.420,358.220,0.028
-443772.670,-1172309.230,358.060,0.026
-443767.970,-1172313.280,360.260,0.025
-443768.450,-1172312.840,360.040,0.038
-443770.010,-1172310.220,358.560,0.028
-443770.230,-1172310.020,358.430,0.022
-443770.490,-1172309.790,358.320,0.027
-443765.770,-1172314.570,361.030,0.014
-443766.250,-1172314.130,360.760,0.018
-443766.480,-1172313.920,360.640,0.015
-443766.730,-1172313.690,360.510,0.017
-443767.190,-1172313.280,360.250,0.017
-443767.410,-1172313.070,360.140,0.015
-443768.340,-1172312.230,359.670,0.013
-443766.050,-1172313.200,360.140,0.013
-443766.750,-1172312.560,359.770,0.023
-443767.240,-1172312.120,359.550,0.011
-443767.480,-1172311.900,359.410,0.005
-443767.690,-1172311.700,359.280,0.013
-443769.370,-1172310.170,358.440,0.048
-443769.610,-1172309.950,358.370,0.021
-443769.830,-1172309.750,358.220,0.022
-443770.050,-1172309.540,358.090,0.021
-443766.190,-1172312.110,359.460,0.018
-443768.550,-1172309.950,358.250,0.037
-443768.770,-1172309.740,358.120,0.043
-443765.650,-1172313.220,360.130,0.019
-443765.880,-1172313.020,360.000,0.027
-443766.580,-1172312.380,359.630,0.024
-443769.450,-1172309.760,358.210,0.044
-443769.650,-1172309.580,358.020,0.039
-443766.490,-1172310.990,358.800,0.011
-443766.960,-1172310.570,358.550,0.015
-443767.200,-1172310.340,358.440,0.010
-443767.420,-1172310.140,358.340,0.010
-443767.650,-1172309.930,358.210,0.023
-443764.940,-1172312.920,360.040,0.078
-443767.920,-1172310.190,358.400,0.014
-443766.850,-1172309.760,357.920,0.013
-443765.640,-1172311.450,359.010,0.018
-443767.290,-1172309.940,358.190,0.011
-443767.510,-1172309.750,358.010,0.016
-443765.000,-1172311.050,358.740,0.065
-443766.390,-1172309.780,357.890,0.029
-443766.390,-1172310.180,358.260,0.030
-443764.750,-1172310.430,358.310,0.031
-443765.080,-1172310.430,358.350,0.018
-443765.530,-1172310.030,358.050,0.017
-443774.160,-1172293.460,359.010,0.039
-443773.520,-1172293.520,359.050,0.100
-443773.090,-1172293.500,358.960,0.063
-443770.960,-1172293.820,359.090,0.032
-443771.170,-1172293.630,358.840,0.091
-443745.750,-1172316.260,360.750,0.030
-443746.690,-1172315.400,360.260,0.025
-443747.070,-1172314.520,359.730,0.016
-443744.180,-1172316.710,361.020,0.033
-443744.410,-1172316.490,360.830,0.018
-443744.650,-1172316.280,360.690,0.012
-443744.880,-1172316.070,360.560,0.014
-443745.350,-1172315.630,360.320,0.036
-443745.820,-1172315.200,360.060,0.012
-443746.060,-1172314.990,359.960,0.014
-443746.280,-1172314.780,359.840,0.021
-443746.510,-1172314.570,359.710,0.018
-443746.740,-1172314.360,359.620,0.015
-443746.980,-1172314.140,359.480,0.018
-443747.670,-1172313.510,359.110,0.009
-443747.340,-1172313.350,358.980,0.011
-443747.590,-1172313.120,358.870,0.017
-443748.030,-1172312.720,358.640,0.015
-443748.270,-1172312.500,358.480,0.017
-443768.450,-1172294.000,358.990,0.034
-443743.810,-1172316.590,360.800,0.031
-443744.510,-1172315.940,360.440,0.010
-443744.990,-1172315.500,360.200,0.012
-443745.470,-1172315.060,359.920,0.011
-443746.170,-1172314.420,359.600,0.012
-443746.430,-1172314.180,359.480,0.014
-443743.750,-1172316.300,360.620,0.028
-443743.990,-1172316.090,360.470,0.017
-443747.070,-1172313.260,358.880,0.012
-443747.540,-1172312.830,358.630,0.018
-443768.100,-1172293.980,358.800,0.048
-443745.830,-1172313.900,359.200,0.011
-443746.070,-1172313.680,359.110,0.013
-443746.330,-1172313.450,358.980,0.019
-443767.410,-1172294.120,359.000,0.040
-443740.930,-1172318.390,361.850,0.055
-443742.770,-1172316.710,360.830,0.020
-443744.180,-1172315.420,360.110,0.016
-443745.150,-1172314.530,359.580,0.018
-443745.400,-1172314.300,359.460,0.015
-443740.250,-1172318.640,361.820,0.021
-443740.740,-1172318.190,361.600,0.084
-443744.250,-1172314.970,359.780,0.029
-443744.960,-1172314.320,359.410,0.019
-443745.190,-1172314.110,359.300,0.030
-443745.680,-1172313.660,359.060,0.018
-443745.920,-1172313.440,358.910,0.027
-443740.100,-1172318.290,361.600,0.027
-443742.220,-1172316.350,360.560,0.016
-443742.700,-1172315.910,360.300,0.022
-443742.940,-1172315.690,360.190,0.021
-443743.160,-1172315.490,360.050,0.021
-443743.840,-1172314.870,359.690,0.009
-443744.080,-1172314.650,359.580,0.017
-443744.560,-1172314.210,359.340,0.017
-443744.790,-1172313.990,359.240,0.035
-443745.010,-1172313.790,359.090,0.039
-443745.270,-1172313.560,358.980,0.011
-443745.960,-1172312.920,358.620,0.008
-443746.200,-1172312.710,358.460,0.009
-443739.220,-1172318.680,361.780,0.030
-443739.700,-1172318.240,361.540,0.015
-443742.080,-1172316.060,360.350,0.008
-443742.310,-1172315.840,360.220,0.014
-443742.560,-1172315.620,360.100,0.018
-443742.800,-1172315.390,359.940,0.015
-443743.490,-1172314.760,359.590,0.007
-443741.050,-1172316.400,360.520,0.014
-443742.930,-1172314.690,359.530,0.012
-443743.430,-1172314.220,359.270,0.020
-443744.140,-1172313.570,358.910,0.026
-443744.360,-1172313.380,358.790,0.025
-443742.140,-1172314.870,359.580,0.011
-443743.070,-1172314.020,359.120,0.015
-443743.320,-1172313.800,358.980,0.020
-443743.560,-1172313.580,358.850,0.018
-443743.780,-1172313.370,358.750,0.027
-443744.040,-1172313.140,358.630,0.027
-443744.270,-1172312.920,358.500,0.029
-443744.520,-1172312.700,358.380,0.052
-443738.250,-1172317.950,361.250,0.029
-443738.510,-1172317.720,361.120,0.018
-443739.430,-1172316.870,360.630,0.032
-443740.130,-1172316.230,360.260,0.058
-443741.550,-1172314.930,359.590,0.018
-443742.010,-1172314.510,359.330,0.013
-443742.740,-1172313.840,358.970,0.020
-443742.990,-1172313.610,358.830,0.022
-443743.680,-1172312.970,358.480,0.024
-443743.910,-1172312.770,358.340,0.050
-443744.150,-1172312.540,358.260,0.035
-443737.930,-1172317.880,361.170,0.020
-443740.970,-1172315.090,359.600,0.024
-443741.230,-1172314.850,359.510,0.028
-443741.680,-1172314.440,359.260,0.014
-443741.910,-1172314.230,359.110,0.015
-443742.150,-1172314.010,359.020,0.016
-443742.390,-1172313.790,358.880,0.015
-443743.580,-1172312.700,358.290,0.038
-443738.800,-1172316.620,360.440,0.014
-443739.280,-1172316.170,360.190,0.019
-443740.500,-1172315.050,359.660,0.034
-443740.960,-1172314.630,359.360,0.016
-443741.180,-1172314.430,359.240,0.011
-443736.440,-1172318.780,361.700,0.026
-443736.900,-1172318.350,361.420,0.012
-443738.570,-1172316.830,360.570,0.015
-443735.670,-1172319.080,361.840,0.012
-443737.080,-1172317.790,361.100,0.034
-443738.030,-1172316.920,360.620,0.010
-443738.970,-1172316.050,360.100,0.023
-443741.820,-1172313.450,358.660,0.014
-443742.760,-1172312.580,358.210,0.026
-443735.950,-1172318.480,361.450,0.018
-443736.180,-1172318.270,361.340,0.034
-443736.880,-1172317.630,360.950,0.016
-443738.530,-1172316.110,360.120,0.021
-443739.500,-1172315.230,359.610,0.019
-443741.390,-1172313.490,358.640,0.016
-443742.110,-1172312.830,358.300,0.017
-443734.790,-1172319.130,361.790,0.026
-443735.280,-1172318.680,361.550,0.023
-443735.530,-1172318.460,361.420,0.031
-443737.360,-1172316.770,360.430,0.033
-443737.610,-1172316.550,360.300,0.040
-443738.770,-1172315.480,359.680,0.024
-443739.020,-1172315.250,359.550,0.024
-443739.970,-1172314.380,359.100,0.027
-443740.930,-1172313.500,358.630,0.014
-443741.640,-1172312.850,358.280,0.030
-443734.090,-1172319.210,361.790,0.016
-443736.450,-1172317.050,360.550,0.019
-443736.680,-1172316.840,360.420,0.017
-443736.910,-1172316.620,360.310,0.023
-443737.160,-1172316.390,360.140,0.024
-443737.380,-1172316.190,360.040,0.020
-443737.610,-1172315.980,359.930,0.016
-443738.310,-1172315.340,359.560,0.015
-443739.740,-1172314.030,358.850,0.028
-443739.960,-1172313.830,358.740,0.028
-443733.440,-1172319.280,361.790,0.031
-443735.570,-1172317.330,360.680,0.017
-443735.800,-1172317.120,360.530,0.026
-443736.050,-1172316.890,360.430,0.023
-443736.280,-1172316.680,360.280,0.023
-443736.760,-1172316.240,360.030,0.013
-443737.010,-1172316.010,359.930,0.013
-443737.240,-1172315.810,359.800,0.016
-443737.480,-1172315.580,359.680,0.067
-443737.700,-1172315.380,359.540,0.029
-443738.410,-1172314.730,359.200,0.020
-443739.820,-1172313.440,358.480,0.027
-443740.040,-1172313.230,358.370,0.048
-443732.930,-1172319.340,361.810,0.050
-443733.170,-1172319.130,361.680,0.030
-443733.420,-1172318.890,361.560,0.027
-443734.360,-1172318.030,361.050,0.013
-443734.570,-1172317.840,360.940,0.020
-443734.810,-1172317.620,360.800,0.017
-443735.080,-1172317.370,360.660,0.011
-443735.310,-1172317.160,360.540,0.019
-443735.540,-1172316.940,360.440,0.018
-443736.020,-1172316.510,360.160,0.017
-443736.240,-1172316.310,360.060,0.017
-443736.460,-1172316.100,359.930,0.018
-443736.710,-1172315.880,359.780,0.017
-443736.960,-1172315.640,359.660,0.014
-443738.380,-1172314.340,358.940,0.014
-443739.770,-1172313.070,358.230,0.036
-443739.980,-1172312.870,358.020,0.023
-443732.590,-1172319.310,361.760,0.017
-443732.990,-1172318.540,361.300,0.020
-443735.310,-1172316.410,360.060,0.021
-443736.480,-1172315.340,359.450,0.023
-443738.870,-1172313.150,358.240,0.061
-443731.950,-1172319.080,361.570,0.028
-443732.440,-1172318.630,361.310,0.034
-443732.670,-1172318.430,361.190,0.026
-443732.910,-1172318.200,361.060,0.028
-443733.850,-1172317.340,360.560,0.019
-443734.090,-1172317.120,360.440,0.016
-443734.560,-1172316.690,360.190,0.028
-443734.780,-1172316.490,360.050,0.022
-443735.480,-1172315.850,359.690,0.010
-443735.710,-1172315.640,359.550,0.011
-443733.230,-1172317.530,360.620,0.026
-443734.640,-1172316.240,359.880,0.027
-443736.750,-1172314.300,358.800,0.028
-443732.890,-1172317.370,360.510,0.027
-443733.130,-1172317.160,360.350,0.029
-443733.820,-1172316.520,359.980,0.021
-443735.020,-1172315.420,359.380,0.022
-443735.730,-1172314.770,359.000,0.020
-443735.960,-1172314.560,358.880,0.024
-443734.700,-1172315.190,359.210,0.023
-443735.890,-1172314.090,358.600,0.013
-443736.150,-1172313.860,358.480,0.009
-443732.610,-1172316.510,359.920,0.021
-443735.460,-1172313.890,358.460,0.073
-443731.050,-1172317.500,360.460,0.031
-443731.280,-1172317.290,360.320,0.017
-443731.520,-1172317.060,360.230,0.019
-443731.740,-1172316.860,360.080,0.017
-443732.190,-1172316.450,359.850,0.034
-443732.680,-1172316.000,359.600,0.016
-443733.610,-1172315.140,359.120,0.031
-443733.850,-1172314.930,358.980,0.037
-443734.320,-1172314.490,358.750,0.025
-443734.800,-1172314.050,358.510,0.026
-443730.720,-1172317.410,360.320,0.034
-443731.450,-1172316.730,359.950,0.018
-443732.630,-1172315.650,359.360,0.028
-443730.600,-1172317.080,360.160,0.032
-443730.820,-1172316.870,360.030,0.037
-443732.000,-1172315.790,359.410,0.031
-443732.710,-1172315.140,359.030,0.029
-443733.650,-1172314.280,358.530,0.042
-443730.770,-1172316.380,359.690,0.017
-443731.020,-1172316.150,359.570,0.029
-443731.240,-1172315.950,359.430,0.025
-443731.950,-1172315.300,359.090,0.025
-443732.180,-1172315.080,358.950,0.024
-443732.420,-1172314.870,358.830,0.023
-443731.420,-1172315.320,359.060,0.069
-443731.660,-1172315.110,358.950,0.034
-443732.590,-1172314.260,358.470,0.035
-443732.830,-1172314.030,358.340,0.072
-443731.260,-1172315.000,358.800,0.031
-443732.470,-1172313.890,358.240,0.057
-443730.590,-1172315.130,358.860,0.038
-443731.070,-1172314.690,358.610,0.030
-443731.770,-1172314.040,358.260,0.031
-443725.160,-1172319.580,358.700,0.037
-443730.610,-1172314.570,358.510,0.019
-443731.320,-1172313.920,358.200,0.027
-443724.270,-1172320.020,358.900,0.025
-443724.500,-1172319.800,358.800,0.021
-443724.720,-1172319.600,358.620,0.018
-443725.190,-1172319.170,358.360,0.025
-443725.410,-1172318.970,358.240,0.022
-443725.910,-1172318.510,357.950,0.032
-443726.130,-1172318.310,357.860,0.024
-443726.340,-1172318.120,357.700,0.014
-443726.590,-1172317.880,357.570,0.015
-443723.810,-1172320.040,358.880,0.032
-443724.030,-1172319.830,358.730,0.029
-443724.280,-1172319.600,358.610,0.022
-443725.170,-1172318.790,358.050,0.023
-443725.410,-1172318.570,357.920,0.023
-443726.330,-1172317.720,357.400,0.023
-443723.350,-1172320.030,358.870,0.029
-443723.560,-1172319.840,358.730,0.029
-443724.050,-1172319.390,358.430,0.026
-443724.490,-1172318.980,358.150,0.037
-443724.760,-1172318.740,358.030,0.017
-443723.360,-1172319.560,358.520,0.027
-443723.590,-1172319.350,358.400,0.023
-443724.520,-1172318.490,357.840,0.024
-443724.760,-1172318.270,357.670,0.024
-443725.010,-1172318.040,357.550,0.032
-443725.470,-1172317.620,357.290,0.047
-443722.480,-1172320.030,358.770,0.024
-443722.730,-1172319.800,358.660,0.027
-443723.440,-1172319.150,358.220,0.025
-443723.670,-1172318.930,358.080,0.024
-443723.920,-1172318.700,357.950,0.017
-443724.140,-1172318.510,357.810,0.021
-443724.830,-1172317.870,357.400,0.022
-443725.290,-1172317.450,357.140,0.017
-443725.780,-1172317.000,356.870,0.023
-443726.010,-1172316.790,356.730,0.016
-443726.240,-1172316.580,356.580,0.012
-443721.860,-1172320.150,358.810,0.021
-443722.770,-1172319.320,358.250,0.029
-443723.020,-1172319.090,358.130,0.035
-443723.700,-1172318.460,357.730,0.031
-443723.940,-1172318.250,357.570,0.021
-443724.900,-1172317.360,357.000,0.024
-443725.350,-1172316.950,356.760,0.037
-443725.580,-1172316.740,356.640,0.024
-443725.810,-1172316.520,356.490,0.025
-443726.280,-1172316.090,356.200,0.024
-443720.880,-1172320.570,359.000,0.057
-443721.820,-1172319.700,358.470,0.040
-443722.050,-1172319.500,358.330,0.041
-443722.500,-1172319.080,358.080,0.026
-443722.740,-1172318.860,357.970,0.022
-443723.170,-1172318.460,357.660,0.031
-443723.410,-1172318.250,357.530,0.031
-443723.660,-1172318.020,357.390,0.016
-443724.110,-1172317.600,357.130,0.032
-443724.370,-1172317.360,357.000,0.019
-443724.580,-1172317.170,356.850,0.017
-443725.290,-1172316.520,356.430,0.023
-443725.530,-1172316.300,356.320,0.026
-443725.760,-1172316.090,356.160,0.031
-443721.240,-1172319.610,358.350,0.023
-443721.470,-1172319.400,358.220,0.025
-443722.410,-1172318.540,357.700,0.022
-443722.650,-1172318.320,357.580,0.030
-443722.870,-1172318.120,357.440,0.034
-443723.090,-1172317.910,357.310,0.031
-443723.310,-1172317.720,357.150,0.023
-443723.550,-1172317.500,357.010,0.029
-443724.000,-1172317.080,356.740,0.028
-443724.240,-1172316.860,356.630,0.034
-443724.480,-1172316.640,356.510,0.024
-443724.710,-1172316.420,356.360,0.023
-443724.950,-1172316.210,356.220,0.034
-443725.160,-1172316.010,356.050,0.032
-443725.650,-1172315.570,355.810,0.022
-443725.880,-1172315.350,355.680,0.030
-443722.800,-1172317.750,357.170,0.024
-443723.030,-1172317.540,357.050,0.026
-443723.500,-1172317.110,356.750,0.025
-443723.710,-1172316.910,356.620,0.021
-443723.930,-1172316.710,356.490,0.018
-443723.000,-1172317.070,356.670,0.021
-443723.670,-1172316.450,356.260,0.025
-443724.140,-1172316.020,355.970,0.033
-443724.590,-1172315.600,355.710,0.015
-443724.810,-1172315.400,355.590,0.035
-443722.820,-1172316.760,356.430,0.045
-443723.780,-1172315.880,355.890,0.035
-443724.010,-1172315.660,355.730,0.020
-443722.190,-1172316.800,356.420,0.020
-443722.660,-1172316.360,356.160,0.021
-443723.120,-1172315.950,355.870,0.025
-443723.340,-1172315.740,355.750,0.030
-443723.580,-1172315.520,355.620,0.024
-443722.120,-1172316.450,356.170,0.019
-443722.340,-1172316.240,356.040,0.021
-443722.560,-1172316.040,355.900,0.022
-443722.820,-1172315.810,355.750,0.030
-443723.040,-1172315.610,355.620,0.027
-443722.290,-1172315.820,355.740,0.020
-443722.520,-1172315.610,355.580,0.022
-443742.380,-1172290.830,359.510,0.016
-443741.590,-1172291.160,359.680,0.056
-443741.820,-1172290.950,359.530,0.039
-443742.040,-1172290.740,359.370,0.021
-443742.290,-1172290.510,359.240,0.018
-443741.060,-1172291.080,359.510,0.061
-443741.520,-1172290.660,359.230,0.027
-443741.760,-1172290.440,359.080,0.018
-443740.140,-1172291.360,359.640,0.039
-443740.800,-1172290.760,359.220,0.026
-443741.030,-1172290.550,359.090,0.026
-443739.560,-1172291.200,359.500,0.031
-443739.110,-1172291.210,359.440,0.054
-443739.540,-1172290.810,359.170,0.030
-443738.590,-1172291.250,359.400,0.030
-443737.850,-1172291.550,359.590,0.027
-443738.100,-1172291.330,359.460,0.018
-443738.320,-1172291.120,359.290,0.027
-443738.790,-1172290.690,359.040,0.034
-443739.010,-1172290.490,358.870,0.051
-443737.350,-1172291.490,359.490,0.024
-443737.570,-1172291.290,359.360,0.025
-443737.800,-1172291.080,359.220,0.022
-443738.020,-1172290.870,359.090,0.021
-443738.480,-1172290.450,358.800,0.031
-443736.260,-1172291.640,359.510,0.027
-443736.480,-1172291.440,359.360,0.028
-443736.700,-1172291.240,359.220,0.021
-443737.160,-1172290.810,358.910,0.036
-443737.010,-1172291.480,359.450,0.023
-443737.460,-1172291.070,359.150,0.031
-443735.600,-1172291.740,359.520,0.039
-443735.850,-1172291.520,359.390,0.031
-443736.060,-1172291.320,359.220,0.021
-443736.300,-1172291.100,359.080,0.022
-443736.530,-1172290.880,358.940,0.024
-443736.770,-1172290.660,358.770,0.044
-443736.050,-1172291.840,359.640,0.040
-443734.840,-1172291.850,359.550,0.036
-443735.290,-1172291.430,359.250,0.023
-443736.200,-1172290.600,358.680,0.027
-443734.000,-1172291.830,359.460,0.030
-443734.370,-1172291.920,359.600,0.014
-443735.030,-1172291.320,359.120,0.045
-443735.240,-1172291.120,359.000,0.030
-443735.470,-1172290.910,358.830,0.028
-443735.700,-1172290.700,358.700,0.017
-443733.700,-1172291.720,359.400,0.024
-443733.930,-1172291.510,359.250,0.025
-443734.150,-1172291.310,359.100,0.035
-443734.360,-1172291.110,358.940,0.020
-443733.800,-1172290.680,358.550,0.013
-443734.150,-1172290.760,358.640,0.023
-443733.550,-1172290.400,358.260,0.010
-443725.300,-1172295.990,357.490,0.078
-443723.880,-1172296.190,357.600,0.059
-443723.340,-1172296.210,357.510,0.050
-443719.540,-1172294.240,358.030,0.019
-443719.780,-1172294.020,357.880,0.025
-443720.020,-1172293.810,357.780,0.049
-443720.280,-1172293.560,357.680,0.041
-443720.260,-1172293.140,357.380,0.044
-443718.780,-1172294.090,357.860,0.026
-443720.890,-1172292.140,356.820,0.046
-443719.600,-1172292.810,357.170,0.039
-443720.550,-1172291.940,356.660,0.024
-443720.100,-1172291.800,356.560,0.020
-443719.450,-1172291.480,356.270,0.033
-443719.940,-1172291.030,356.000,0.036
-443720.410,-1172290.590,355.790,0.040
-443719.940,-1172290.500,355.710,0.025
-443719.470,-1172290.930,355.940,0.024
-443719.700,-1172290.720,355.820,0.020
-443719.380,-1172290.450,355.640,0.019
-443718.810,-1172290.550,355.650,0.032
-443714.980,-1172326.490,360.610,0.058
-443719.570,-1172317.250,358.590,0.042
-443716.440,-1172320.700,361.860,0.058
-443715.220,-1172320.880,361.830,0.024
-443715.440,-1172320.680,361.680,0.026
-443715.650,-1172320.480,361.510,0.015
-443715.870,-1172320.280,361.350,0.024
-443719.110,-1172317.310,358.600,0.013
-443720.090,-1172316.410,358.090,0.046
-443715.420,-1172321.070,361.980,0.031
-443715.640,-1172320.870,361.820,0.029
-443715.850,-1172320.680,361.660,0.020
-443715.290,-1172319.960,361.050,0.067
-443718.550,-1172316.960,358.350,0.021
-443714.490,-1172321.140,361.930,0.014
-443714.710,-1172320.940,361.790,0.023
-443714.920,-1172320.750,361.620,0.025
-443715.380,-1172320.310,361.320,0.017
-443718.860,-1172317.120,358.440,0.025
-443719.330,-1172316.690,358.180,0.017
-443720.020,-1172316.050,357.810,0.022
-443720.260,-1172315.820,357.670,0.053
-443713.630,-1172320.980,361.750,0.047
-443713.850,-1172320.780,361.600,0.049
-443714.310,-1172320.350,361.300,0.022
-443714.760,-1172319.940,360.980,0.030
-443715.000,-1172319.720,360.840,0.026
-443715.700,-1172319.080,360.340,0.026
-443718.060,-1172316.900,358.260,0.038
-443718.300,-1172316.680,358.130,0.023
-443718.540,-1172316.470,357.990,0.020
-443719.220,-1172315.840,357.610,0.026
-443713.900,-1172321.230,361.990,0.032
-443714.840,-1172320.370,361.360,0.024
-443712.810,-1172320.940,361.650,0.028
-443713.940,-1172319.900,360.920,0.037
-443715.730,-1172318.260,359.630,0.033
-443713.150,-1172321.050,361.770,0.039
-443713.590,-1172320.650,361.500,0.055
-443714.030,-1172320.240,361.160,0.038
-443714.250,-1172320.040,361.030,0.032
-443714.480,-1172319.820,360.860,0.027
-443715.400,-1172318.980,360.280,0.026
-443715.620,-1172318.780,360.110,0.028
-443718.260,-1172316.350,357.900,0.021
-443718.490,-1172316.130,357.770,0.027
-443711.860,-1172320.750,361.430,0.030
-443712.080,-1172320.550,361.250,0.021
-443712.320,-1172320.330,361.100,0.024
-443712.760,-1172319.920,360.810,0.027
-443715.710,-1172317.210,358.800,0.049
-443715.940,-1172317.000,358.700,0.047
-443711.720,-1172321.450,361.990,0.026
-443712.180,-1172321.030,361.670,0.051
-443716.040,-1172317.480,359.130,0.071
-443711.390,-1172320.370,361.050,0.029
-443711.620,-1172320.150,360.840,0.026
-443711.540,-1172320.680,361.330,0.044
-443712.000,-1172320.270,361.030,0.031
-443712.210,-1172320.070,360.880,0.017
-443709.450,-1172321.720,362.000,0.046
-443709.930,-1172321.280,361.710,0.035
-443710.390,-1172320.860,361.440,0.024
-443710.600,-1172320.670,361.250,0.020
-443711.280,-1172320.040,360.820,0.032
-443715.560,-1172316.100,357.870,0.040
-443711.160,-1172320.570,361.180,0.045
-443714.030,-1172315.990,357.470,0.027
-443708.460,-1172321.690,361.910,0.036
-443709.380,-1172320.840,361.260,0.044
-443709.610,-1172320.630,361.100,0.018
-443709.840,-1172320.420,360.950,0.023
-443709.050,-1172321.550,361.840,0.034
-443709.730,-1172320.920,361.380,0.049
-443709.950,-1172320.720,361.220,0.038
-443710.180,-1172320.500,361.080,0.039
-443710.410,-1172320.290,360.920,0.041
-443706.800,-1172322.100,362.030,0.027
-443707.030,-1172321.880,361.930,0.033
-443707.460,-1172321.490,361.620,0.030
-443707.910,-1172321.080,361.320,0.031
-443708.130,-1172320.870,361.150,0.040
-443708.360,-1172320.660,361.020,0.044
-443707.930,-1172321.610,361.740,0.047
-443708.170,-1172321.400,361.580,0.029
-443708.620,-1172320.980,361.280,0.029
-443708.860,-1172320.760,361.120,0.032
-443709.300,-1172320.350,360.850,0.039
-443706.390,-1172320.920,361.040,0.032
-443706.610,-1172320.720,360.910,0.039
-443706.850,-1172320.510,360.780,0.054
-443706.420,-1172321.350,361.440,0.035
-443706.870,-1172320.930,361.110,0.052
-443706.430,-1172321.740,361.760,0.033
-443707.560,-1172320.700,360.980,0.024
-443707.800,-1172320.480,360.850,0.031
-443705.910,-1172320.160,360.410,0.025
-443706.370,-1172319.750,360.110,0.035
-443706.250,-1172320.160,360.450,0.025
-443706.490,-1172319.950,360.290,0.026
-443706.720,-1172317.000,357.740,0.028
-443705.920,-1172318.160,358.710,0.024
-443706.110,-1172318.940,359.380,0.038
-443705.670,-1172319.850,360.230,0.028
-443706.300,-1172319.280,359.650,0.073
-443705.520,-1172317.170,357.960,0.038
-443705.730,-1172316.980,357.730,0.064
-443716.150,-1172294.520,357.870,0.046
-443717.330,-1172293.440,357.330,0.025
-443715.710,-1172294.400,357.810,0.025
-443718.290,-1172292.030,356.490,0.029
-443714.680,-1172294.780,357.960,0.023
-443714.900,-1172294.580,357.830,0.019
-443715.860,-1172293.700,357.400,0.020
-443716.080,-1172293.500,357.290,0.018
-443717.290,-1172292.380,356.690,0.056
-443717.460,-1172292.220,356.380,0.038
-443716.900,-1172292.310,356.620,0.034
-443713.230,-1172294.860,357.930,0.021
-443713.470,-1172294.630,357.800,0.019
-443714.390,-1172293.780,357.350,0.026
-443714.850,-1172293.350,357.120,0.020
-443717.720,-1172290.710,355.710,0.029
-443714.770,-1172293.870,357.400,0.032
-443715.470,-1172293.230,357.050,0.018
-443713.660,-1172294.040,357.410,0.017
-443715.530,-1172292.310,356.540,0.010
-443717.180,-1172290.790,355.710,0.039
-443713.360,-1172293.080,356.840,0.016
-443714.320,-1172292.190,356.380,0.052
-443715.720,-1172291.410,355.950,0.011
-443715.950,-1172291.190,355.840,0.017
-443712.440,-1172293.370,356.980,0.022
-443712.670,-1172293.160,356.860,0.025
-443711.600,-1172293.700,357.140,0.021
-443707.630,-1172296.460,358.360,0.034
-443712.430,-1172292.020,356.140,0.025
-443708.150,-1172296.470,358.380,0.047
-443708.600,-1172296.060,357.990,0.024
-443712.530,-1172291.330,355.700,0.015
-443710.560,-1172292.660,356.420,0.027
-443711.790,-1172291.520,355.810,0.023
-443710.590,-1172291.580,355.750,0.026
-443698.490,-1172291.060,358.120,0.019
-443772.540,-1172425.340,354.010,0.095
-443841.480,-1172305.070,354.820,0.093
-443838.380,-1172306.730,355.360,0.016
-443834.200,-1172303.480,355.520,0.024
-443832.530,-1172303.310,355.230,0.036
-443831.920,-1172303.330,354.980,0.014
-443831.730,-1172303.840,355.270,0.014
-443831.680,-1172303.030,354.760,0.013
-443831.180,-1172304.370,355.480,0.046
-443830.830,-1172303.560,355.080,0.015
-443830.680,-1172303.970,355.260,0.025
-443830.660,-1172303.240,354.920,0.023
-443829.920,-1172303.650,355.200,0.017
-443829.950,-1172303.570,355.000,0.018
-443829.750,-1172304.080,355.380,0.020
-443828.850,-1172303.670,355.060,0.048
-443828.670,-1172304.160,355.440,0.022
-443827.760,-1172306.540,354.380,0.023
-443828.870,-1172302.900,354.760,0.061
-443828.370,-1172304.240,355.450,0.049
-443827.600,-1172306.270,354.280,0.018
-443827.200,-1172307.350,355.200,0.048
-443828.040,-1172303.720,354.880,0.028
-443827.690,-1172304.660,355.490,0.031
-443827.230,-1172305.850,354.010,0.026
-443827.280,-1172305.730,353.700,0.028
-443826.700,-1172307.260,354.810,0.012
-443826.340,-1172308.220,355.490,0.022
-443827.740,-1172303.730,355.020,0.050
-443827.310,-1172304.840,353.130,0.018
-443827.120,-1172305.340,353.560,0.016
-443826.950,-1172305.810,353.860,0.024
-443826.770,-1172306.290,354.260,0.028
-443827.050,-1172303.850,352.420,0.011
-443826.880,-1172304.310,352.700,0.016
-443826.140,-1172306.280,354.040,0.015
-443825.980,-1172306.710,354.270,0.024
-443825.790,-1172307.250,354.730,0.017
-443825.600,-1172307.730,355.060,0.017
-443825.420,-1172308.240,355.490,0.019
-443826.790,-1172303.900,352.540,0.013
-443826.060,-1172305.860,353.870,0.013
-443825.700,-1172306.830,354.620,0.016
-443826.210,-1172304.130,352.570,0.029
-443825.860,-1172305.060,353.190,0.009
-443825.700,-1172305.510,353.420,0.021
-443825.350,-1172306.420,353.990,0.040
-443825.160,-1172306.950,354.480,0.035
-443824.980,-1172307.420,354.720,0.025
-443824.790,-1172307.950,355.150,0.039
-443825.990,-1172304.000,352.630,0.028
-443826.030,-1172303.900,352.360,0.025
-443825.650,-1172304.920,353.140,0.010
-443825.460,-1172305.420,353.540,0.022
-443825.100,-1172306.380,354.240,0.040
-443825.510,-1172303.730,352.290,0.016
-443825.330,-1172304.230,352.590,0.014
-443825.130,-1172304.740,352.970,0.016
-443824.770,-1172305.720,353.710,0.018
-443824.580,-1172306.220,354.020,0.012
-443824.420,-1172306.670,354.290,0.024
-443824.230,-1172307.160,354.670,0.014
-443824.070,-1172307.580,354.830,0.031
-443825.050,-1172304.270,352.700,0.019
-443824.870,-1172304.730,352.980,0.022
-443824.670,-1172305.270,353.450,0.031
-443823.950,-1172307.210,354.710,0.019
-443824.530,-1172304.080,352.290,0.023
-443824.340,-1172304.610,352.700,0.016
-443823.970,-1172305.600,353.520,0.014
-443823.800,-1172306.060,353.790,0.018
-443823.620,-1172306.540,354.090,0.012
-443823.940,-1172304.710,353.140,0.054
-443823.810,-1172305.050,353.080,0.025
-443823.640,-1172305.520,353.360,0.007
-443823.450,-1172306.020,353.690,0.016
-443823.490,-1172304.280,352.610,0.034
-443823.320,-1172304.740,352.860,0.017
-443823.340,-1172304.680,352.700,0.018
-443823.200,-1172304.440,352.660,0.025
-443820.060,-1172305.540,354.460,0.027
-443819.900,-1172305.960,354.620,0.019
-443819.690,-1172306.540,355.190,0.022
-443819.540,-1172306.930,355.350,0.011
-443819.610,-1172305.240,354.050,0.013
-443819.060,-1172306.720,355.130,0.010
-443819.580,-1172304.580,353.640,0.011
-443819.220,-1172305.550,354.390,0.035
-443819.020,-1172306.080,354.770,0.017
-443818.870,-1172306.480,354.930,0.013
-443818.680,-1172306.980,355.380,0.009
-443819.180,-1172304.340,353.450,0.015
-443818.840,-1172305.260,353.960,0.016
-443818.630,-1172305.820,354.480,0.016
-443818.470,-1172306.260,354.720,0.022
-443818.280,-1172306.770,355.110,0.011
-443818.660,-1172304.830,353.680,0.020
-443818.080,-1172306.400,354.980,0.027
-443818.110,-1172306.300,354.720,0.021
-443817.740,-1172307.300,355.510,0.018
-443817.040,-1172307.500,355.350,0.042
-443817.950,-1172304.190,353.420,0.058
-443817.250,-1172306.090,354.650,0.029
-443817.050,-1172306.630,355.090,0.031
-443816.880,-1172307.090,355.380,0.021
-443817.080,-1172305.080,353.810,0.024
-443816.920,-1172305.510,353.990,0.016
-443816.740,-1172305.970,354.310,0.025
-443816.530,-1172306.550,354.850,0.019
-443816.380,-1172306.940,354.950,0.024
-443801.720,-1172306.170,353.700,0.035
-443801.750,-1172308.380,355.190,0.023
-443816.180,-1172304.800,353.350,0.022
-443816.640,-1172305.320,353.960,0.019
-443718.850,-1172290.490,355.600,0.032
-443722.650,-1172315.120,355.340,0.037
-443723.320,-1172315.580,355.630,0.029
-443722.830,-1172315.600,355.500,0.025
-443723.680,-1172315.400,355.500,0.017
-443723.530,-1172315.810,355.670,0.030
-443725.300,-1172314.890,355.350,0.022
-443725.480,-1172315.200,355.510,0.030
-443726.180,-1172314.800,355.340,0.027
-443719.280,-1172328.880,352.670,0.050
-443718.630,-1172290.400,355.570,0.028
-443716.740,-1172290.720,355.680,0.023
-443710.850,-1172290.800,355.280,0.027
-443841.760,-1172399.810,374.300,0.063
-443770.350,-1172436.640,361.760,0.092
-443768.350,-1172436.610,361.830,0.075
-443761.800,-1172436.930,361.400,0.086
-443762.550,-1172436.630,361.930,0.096
-443748.910,-1172437.670,361.720,0.097
-443746.930,-1172437.560,361.480,0.059
-443738.500,-1172437.970,361.370,0.087
-443834.020,-1172303.950,355.790,0.016
-443831.120,-1172304.540,355.920,0.019
-443830.560,-1172306.040,357.010,0.032
-443830.390,-1172306.490,357.280,0.022
-443831.370,-1172304.800,355.980,0.020
-443831.190,-1172305.280,356.260,0.021
-443830.990,-1172305.820,356.690,0.017
-443831.810,-1172305.220,356.450,0.014
-443831.480,-1172306.110,356.960,0.015
-443832.450,-1172304.360,356.000,0.040
-443832.140,-1172305.180,356.400,0.021
-443831.960,-1172305.660,356.700,0.019
-443828.320,-1172304.360,355.750,0.055
-443827.970,-1172305.300,356.310,0.033
-443827.200,-1172308.060,355.580,0.019
-443827.020,-1172308.530,355.870,0.022
-443828.980,-1172305.140,356.230,0.021
-443828.800,-1172305.620,356.570,0.027
-443828.620,-1172306.100,356.820,0.013
-443829.590,-1172304.520,355.600,0.014
-443829.450,-1172304.910,355.720,0.045
-443829.210,-1172305.530,356.410,0.010
-443830.290,-1172304.240,355.620,0.010
-443830.330,-1172304.910,355.800,0.062
-443830.120,-1172305.460,356.300,0.033
-443829.910,-1172306.040,356.780,0.033
-443829.720,-1172306.540,357.140,0.013
-443824.700,-1172308.190,355.790,0.085
-443825.270,-1172308.630,355.660,0.024
-443827.650,-1172304.760,355.760,0.023
-443826.140,-1172308.780,356.050,0.019
-443826.190,-1172308.630,355.670,0.025
-443819.350,-1172307.450,355.760,0.013
-443819.170,-1172307.940,356.110,0.027
-443818.980,-1172308.440,356.460,0.015
-443818.790,-1172308.960,356.860,0.015
-443819.630,-1172307.650,355.940,0.021
-443819.100,-1172309.080,357.020,0.040
-443818.930,-1172309.530,357.200,0.020
-443819.890,-1172308.480,356.580,0.017
-443817.740,-1172308.200,356.090,0.017
-443817.570,-1172308.660,356.410,0.020
-443817.390,-1172309.170,356.850,0.013
-443818.510,-1172307.430,355.640,0.011
-443818.310,-1172308.000,356.210,0.024
-443818.150,-1172308.410,356.320,0.022
-443818.690,-1172307.710,355.890,0.011
-443818.540,-1172308.110,356.070,0.025
-443818.350,-1172308.610,356.380,0.035
-443818.180,-1172309.090,356.750,0.024
-443816.510,-1172308.070,356.000,0.018
-443817.000,-1172307.610,355.640,0.047
-443816.640,-1172308.590,356.290,0.012
-443817.360,-1172308.320,356.250,0.015
-443817.000,-1172309.290,356.950,0.020
-443816.790,-1172309.850,357.510,0.038
-443815.350,-1172306.270,357.010,0.014
-443814.980,-1172307.280,357.790,0.046
-443815.010,-1172307.200,357.580,0.038
-443814.820,-1172307.710,358.020,0.023
-443814.620,-1172308.240,358.420,0.022
-443814.640,-1172308.200,358.320,0.026
-443814.440,-1172305.340,356.140,0.017
-443814.280,-1172305.750,356.270,0.028
-443814.800,-1172305.760,356.510,0.015
-443814.660,-1172306.140,356.520,0.037
-443814.420,-1172306.800,357.300,0.025
-443814.250,-1172307.240,357.520,0.013
-443815.240,-1172305.170,356.020,0.017
-443814.700,-1172306.620,357.080,0.012
-443814.530,-1172307.090,357.390,0.018
-443814.330,-1172307.630,357.880,0.014
-443814.180,-1172308.040,357.990,0.034
-443813.980,-1172308.580,358.470,0.032
-443812.720,-1172308.010,357.930,0.019
-443814.340,-1172305.140,355.950,0.013
-443814.150,-1172305.640,356.340,0.026
-443813.240,-1172308.100,358.200,0.018
-443811.750,-1172307.680,357.500,0.035
-443812.290,-1172308.130,358.240,0.030
-443811.640,-1172305.240,355.790,0.100
-443810.720,-1172307.720,357.620,0.048
-443811.710,-1172305.790,356.160,0.023
-443812.230,-1172305.700,356.190,0.027
-443812.060,-1172306.170,356.570,0.031
-443811.870,-1172306.670,357.030,0.022
-443811.660,-1172307.240,357.530,0.051
-443810.670,-1172306.060,356.500,0.054
-443809.610,-1172308.920,358.420,0.015
-443804.320,-1172311.210,357.840,0.071
-443806.360,-1172307.130,356.630,0.017
-443796.590,-1172311.580,360.510,0.020
-443796.610,-1172311.500,360.310,0.018
-443796.750,-1172307.770,357.950,0.030
-443796.770,-1172308.710,358.690,0.029
-443795.650,-1172309.020,358.770,0.034
-443794.960,-1172310.900,359.990,0.016
-443792.630,-1172312.460,360.770,0.018
-443792.450,-1172308.110,358.060,0.020
-443792.140,-1172308.950,358.390,0.029
-443791.950,-1172309.480,358.820,0.024
-443790.960,-1172312.180,360.520,0.010
-443792.710,-1172309.770,359.120,0.015
-443792.560,-1172310.180,359.330,0.035
-443788.940,-1172312.560,360.580,0.055
-443790.180,-1172311.140,359.840,0.025
-443791.860,-1172307.540,357.590,0.024
-443792.250,-1172308.110,358.080,0.023
-443791.600,-1172309.870,359.060,0.036
-443790.920,-1172311.720,360.220,0.025
-443785.640,-1172312.650,360.440,0.035
-443787.080,-1172310.350,358.980,0.024
-443786.530,-1172309.450,358.510,0.015
-443783.700,-1172308.290,357.540,0.029
-443780.510,-1172311.190,359.090,0.013
-443774.810,-1172313.340,360.970,0.053
-443774.740,-1172311.190,359.600,0.020
-443773.120,-1172313.890,361.110,0.035
-443772.940,-1172314.390,361.560,0.034
-443774.660,-1172309.110,358.250,0.022
-443773.760,-1172309.300,358.270,0.035
-443770.790,-1172314.830,361.740,0.054
-443772.330,-1172311.360,359.420,0.031
-443771.540,-1172313.540,360.560,0.024
-443768.350,-1172312.610,359.790,0.025
-443768.040,-1172315.230,361.740,0.042
-443766.360,-1172315.510,361.680,0.043
-443767.170,-1172313.940,360.890,0.054
-443766.580,-1172315.560,361.580,0.047
-443766.660,-1172312.540,359.930,0.026
-443765.760,-1172310.910,358.810,0.022
-443765.540,-1172312.130,359.580,0.043
-443771.490,-1172294.050,358.850,0.096
-443770.510,-1172293.690,358.900,0.060
-443746.150,-1172316.070,360.770,0.019
-443745.880,-1172316.070,360.740,0.036
-443743.930,-1172312.780,358.340,0.059
-443740.380,-1172317.490,361.070,0.040
-443740.210,-1172317.950,361.400,0.053
-443741.830,-1172312.670,358.170,0.022
-443739.830,-1172316.900,360.690,0.034
-443741.020,-1172312.910,358.340,0.055
-443739.910,-1172315.980,360.110,0.032
-443739.590,-1172316.860,360.620,0.028
-443739.430,-1172317.320,360.930,0.024
-443739.270,-1172317.750,361.250,0.052
-443738.920,-1172318.710,362.060,0.070
-443739.860,-1172314.810,359.430,0.031
-443738.430,-1172318.770,361.800,0.050
-443748.520,-1172290.620,358.920,0.063
-443740.310,-1172313.060,358.460,0.048
-443740.170,-1172313.450,358.640,0.053
-443739.860,-1172314.310,359.100,0.027
-443739.220,-1172316.080,360.110,0.017
-443738.740,-1172317.410,361.010,0.020
-443738.570,-1172317.880,361.360,0.028
-443738.260,-1172318.740,361.840,0.045
-443739.740,-1172313.430,358.460,0.028
-443739.430,-1172314.260,358.840,0.027
-443739.110,-1172315.160,359.480,0.029
-443737.980,-1172318.270,361.380,0.023
-443739.420,-1172313.520,358.580,0.018
-443739.270,-1172313.940,358.740,0.028
-443738.800,-1172315.240,359.550,0.026
-443738.140,-1172317.050,360.760,0.014
-443737.500,-1172318.820,361.850,0.014
-443738.180,-1172315.530,359.700,0.020
-443737.550,-1172317.260,360.720,0.025
-443738.940,-1172313.020,358.320,0.083
-443738.480,-1172314.300,358.970,0.016
-443736.910,-1172318.620,361.600,0.023
-443737.290,-1172316.510,360.710,0.099
-443736.900,-1172317.600,360.930,0.016
-443736.940,-1172316.800,360.520,0.031
-443736.460,-1172318.120,361.250,0.037
-443736.630,-1172316.170,360.040,0.022
-443736.150,-1172317.490,360.860,0.027
-443735.850,-1172318.320,361.300,0.022
-443737.020,-1172314.480,359.080,0.033
-443736.870,-1172314.890,359.230,0.026
-443735.900,-1172317.560,360.930,0.036
-443735.580,-1172318.460,361.430,0.033
-443736.290,-1172315.130,359.320,0.027
-443736.140,-1172315.560,359.550,0.032
-443735.660,-1172316.880,360.370,0.020
-443735.340,-1172317.770,360.960,0.025
-443735.210,-1172318.120,361.030,0.040
-443736.110,-1172314.720,359.100,0.016
-443735.810,-1172315.540,359.530,0.013
-443735.660,-1172315.980,359.850,0.025
-443735.170,-1172317.310,360.730,0.018
-443735.020,-1172317.730,360.930,0.048
-443735.770,-1172314.050,358.550,0.015
-443735.450,-1172314.920,359.070,0.021
-443735.280,-1172315.380,359.360,0.023
-443734.970,-1172316.260,359.950,0.021
-443734.810,-1172316.700,360.240,0.030
-443734.190,-1172318.400,361.230,0.025
-443734.020,-1172318.880,361.630,0.020
-443735.250,-1172314.580,358.940,0.021
-443733.640,-1172319.010,361.790,0.025
-443734.490,-1172314.120,358.650,0.029
-443733.550,-1172316.710,360.110,0.021
-443733.380,-1172317.180,360.520,0.037
-443733.980,-1172313.890,358.450,0.085
-443733.210,-1172316.020,359.610,0.024
-443733.040,-1172316.480,359.950,0.031
-443733.640,-1172313.860,358.380,0.046
-443733.510,-1172314.220,358.460,0.018
-443732.350,-1172316.000,359.550,0.022
-443732.200,-1172316.430,359.830,0.013
-443731.880,-1172317.300,360.330,0.025
-443731.390,-1172318.660,361.230,0.043
-443731.830,-1172314.770,358.720,0.024
-443741.140,-1172290.880,359.330,0.024
-443732.130,-1172315.520,359.320,0.022
-443731.820,-1172316.370,359.880,0.035
-443740.200,-1172290.990,359.450,0.027
-443731.830,-1172313.850,358.270,0.027
-443731.360,-1172315.160,359.220,0.065
-443731.380,-1172315.090,359.010,0.059
-443730.910,-1172316.400,359.790,0.016
-443730.570,-1172317.340,360.430,0.036
-443740.480,-1172291.100,359.420,0.036
-443730.830,-1172314.710,358.750,0.033
-443730.500,-1172315.610,359.350,0.036
-443739.850,-1172290.740,359.140,0.047
-443730.380,-1172316.640,359.850,0.035
-443739.030,-1172290.470,359.080,0.054
-443730.210,-1172314.560,358.600,0.027
-443730.230,-1172315.040,358.850,0.022
-443738.600,-1172290.450,358.890,0.033
-443738.450,-1172290.850,359.050,0.023
-443738.130,-1172290.870,359.130,0.022
-443736.730,-1172290.510,358.870,0.044
-443736.400,-1172291.430,359.470,0.036
-443736.770,-1172291.250,359.240,0.017
-443726.320,-1172316.720,356.740,0.022
-443725.830,-1172318.090,357.770,0.027
-443725.500,-1172318.990,358.380,0.028
-443735.850,-1172291.480,359.370,0.032
-443726.240,-1172317.700,357.390,0.027
-443725.920,-1172318.600,357.930,0.034
-443735.360,-1172290.720,358.840,0.030
-443735.220,-1172291.100,358.890,0.025
-443735.070,-1172291.520,359.170,0.043
-443725.890,-1172316.570,356.560,0.022
-443725.250,-1172318.340,357.790,0.024
-443725.100,-1172318.750,357.990,0.026
-443724.780,-1172319.640,358.630,0.018
-443735.800,-1172290.830,358.880,0.025
-443735.610,-1172291.370,359.380,0.034
-443734.980,-1172290.780,358.980,0.070
-443726.000,-1172315.300,355.770,0.029
-443725.840,-1172315.740,356.030,0.029
-443725.670,-1172316.210,356.390,0.029
-443725.500,-1172316.670,356.750,0.022
-443725.190,-1172317.530,357.240,0.019
-443724.870,-1172318.420,357.820,0.019
-443724.790,-1172316.300,356.390,0.028
-443724.490,-1172317.150,356.860,0.018
-443724.320,-1172317.610,357.290,0.031
-443734.510,-1172290.570,358.450,0.024
-443734.280,-1172291.200,359.140,0.030
-443734.140,-1172291.580,359.310,0.034
-443725.140,-1172316.150,356.260,0.034
-443724.840,-1172316.990,356.720,0.026
-443724.330,-1172318.400,357.790,0.025
-443723.820,-1172319.800,358.840,0.038
-443723.890,-1172316.340,356.350,0.024
-443723.720,-1172316.820,356.690,0.020
-443723.550,-1172317.280,357.020,0.022
-443723.240,-1172318.140,357.610,0.026
-443723.070,-1172318.610,357.910,0.026
-443722.900,-1172319.060,358.220,0.033
-443722.730,-1172319.540,358.580,0.024
-443722.570,-1172319.990,358.850,0.028
-443724.580,-1172315.550,355.680,0.018
-443724.090,-1172316.900,356.580,0.036
-443723.740,-1172317.890,357.410,0.025
-443723.580,-1172318.310,357.620,0.024
-443723.140,-1172316.070,356.070,0.042
-443722.830,-1172316.930,356.660,0.028
-443722.680,-1172317.350,356.900,0.032
-443722.170,-1172318.770,358.070,0.052
-443721.860,-1172319.620,358.550,0.039
-443723.350,-1172316.300,356.060,0.027
-443723.200,-1172316.720,356.350,0.045
-443723.030,-1172317.210,356.790,0.019
-443722.880,-1172317.610,356.920,0.024
-443722.680,-1172318.150,357.550,0.029
-443722.220,-1172319.420,358.200,0.027
-443722.500,-1172316.520,356.170,0.021
-443722.340,-1172316.970,356.550,0.031
-443721.530,-1172319.210,358.020,0.024
-443721.220,-1172320.060,358.630,0.028
-443728.660,-1172295.570,357.800,0.071
-443727.070,-1172295.870,357.750,0.083
-443725.240,-1172295.930,357.720,0.040
-443723.090,-1172296.110,357.820,0.090
-443720.600,-1172293.640,357.740,0.029
-443720.440,-1172294.100,358.050,0.031
-443720.450,-1172292.490,357.000,0.015
-443719.980,-1172293.780,357.700,0.040
-443719.910,-1172293.190,357.490,0.030
-443719.610,-1172294.010,357.840,0.024
-443720.480,-1172290.410,355.750,0.039
-443719.690,-1172292.570,356.970,0.014
-443719.810,-1172316.490,358.180,0.024
-443719.530,-1172317.280,358.490,0.046
-443720.520,-1172315.600,357.620,0.065
-443719.590,-1172316.300,358.010,0.021
-443718.860,-1172316.520,358.050,0.025
-443718.860,-1172317.110,358.410,0.023
-443718.510,-1172316.470,357.980,0.020
-443715.910,-1172320.700,361.730,0.017
-443717.110,-1172316.290,357.830,0.027
-443715.520,-1172320.670,361.650,0.032
-443717.520,-1172316.270,357.790,0.022
-443716.750,-1172316.100,357.670,0.022
-443715.650,-1172319.170,360.530,0.021
-443715.140,-1172320.560,361.610,0.023
-443714.980,-1172321.010,361.950,0.021
-443715.430,-1172318.120,359.540,0.028
-443714.770,-1172319.950,360.920,0.029
-443714.590,-1172320.440,361.410,0.030
-443715.430,-1172315.680,357.600,0.025
-443713.920,-1172319.830,360.840,0.033
-443714.400,-1172319.870,360.840,0.041
-443714.220,-1172320.340,361.300,0.032
-443715.050,-1172315.650,357.640,0.067
-443713.540,-1172319.810,360.760,0.032
-443713.180,-1172320.800,361.670,0.057
-443712.650,-1172320.930,361.650,0.028
-443712.170,-1172320.320,361.160,0.038
-443711.860,-1172321.170,361.730,0.038
-443712.710,-1172319.950,360.810,0.027
-443711.870,-1172320.220,361.120,0.039
-443711.700,-1172320.710,361.530,0.046
-443711.520,-1172321.180,361.850,0.028
-443711.340,-1172320.430,361.110,0.031
-443710.530,-1172320.300,360.890,0.053
-443710.080,-1172320.730,361.190,0.037
-443709.740,-1172321.690,362.000,0.057
-443709.700,-1172321.020,361.560,0.048
-443709.730,-1172320.940,361.320,0.048
-443709.560,-1172321.390,361.630,0.033
-443709.500,-1172320.330,360.720,0.035
-443709.310,-1172320.860,361.290,0.059
-443709.120,-1172321.380,361.820,0.031
-443709.170,-1172321.230,361.380,0.039
-443708.980,-1172321.770,362.010,0.032
-443708.990,-1172321.740,361.910,0.039
-443708.820,-1172320.770,361.210,0.028
-443708.650,-1172321.250,361.630,0.019
-443710.910,-1172315.940,360.300,0.079
-443709.150,-1172320.750,361.420,0.053
-443708.850,-1172321.580,361.870,0.032
-443708.560,-1172320.910,361.330,0.024
-443708.360,-1172321.460,361.930,0.037
-443708.140,-1172320.540,361.030,0.037
-443718.220,-1172293.520,357.450,0.058
-443708.300,-1172320.530,361.020,0.050
-443707.670,-1172320.940,361.270,0.037
-443707.530,-1172321.310,361.370,0.036
-443718.350,-1172292.740,357.090,0.039
-443708.170,-1172316.210,360.150,0.074
-443716.880,-1172293.380,357.340,0.049
-443706.780,-1172320.840,361.210,0.055
-443706.590,-1172321.360,361.710,0.044
-443706.450,-1172321.740,361.890,0.033
-443706.210,-1172319.290,359.810,0.065
-443706.540,-1172320.030,360.370,0.056
-443706.350,-1172320.550,360.820,0.029
-443714.670,-1172293.420,357.040,0.025
-443705.990,-1172318.110,358.680,0.029
-443706.000,-1172319.020,359.510,0.037
-443712.620,-1172293.130,356.810,0.022
-443712.440,-1172293.630,357.200,0.022
-443713.120,-1172293.700,357.210,0.014
-443713.230,-1172294.550,357.710,0.027
-443710.690,-1172292.420,356.270,0.033
-443710.620,-1172293.540,356.950,0.017
-443840.120,-1172306.510,355.380,0.019
-443840.450,-1172306.230,355.210,0.015
-443840.790,-1172305.950,355.010,0.009
-443841.140,-1172305.670,354.840,0.012
-443841.510,-1172305.360,354.630,0.099
-443841.860,-1172305.070,354.470,0.016
-443839.540,-1172306.470,355.350,0.025
-443840.640,-1172305.560,354.730,0.012
-443841.000,-1172305.270,354.530,0.015
-443841.350,-1172304.970,354.370,0.022
-443840.480,-1172305.310,354.480,0.020
-443840.820,-1172305.030,354.300,0.019
-443841.520,-1172304.460,353.960,0.016
-443841.860,-1172304.170,353.780,0.020
-443838.710,-1172306.770,355.440,0.014
-443839.050,-1172306.490,355.280,0.017
-443839.400,-1172306.200,355.050,0.022
-443838.740,-1172306.170,355.070,0.011
-443839.100,-1172305.880,354.860,0.018
-443840.140,-1172305.020,354.280,0.016
-443840.490,-1172304.720,354.100,0.021
-443841.170,-1172304.170,353.780,0.022
-443841.520,-1172303.870,353.580,0.025
-443841.120,-1172303.730,353.440,0.010
-443841.460,-1172303.450,353.280,0.020
-443838.870,-1172305.130,354.380,0.011
-443839.230,-1172304.830,354.140,0.013
-443840.320,-1172303.930,353.590,0.015
-443840.660,-1172303.660,353.400,0.008
-443841.000,-1172303.370,353.210,0.013
-443841.720,-1172302.780,352.880,0.013
-443838.790,-1172304.820,354.070,0.023
-443840.210,-1172303.650,353.290,0.027
-443840.560,-1172303.370,353.130,0.014
-443840.910,-1172303.080,352.960,0.015
-443841.280,-1172302.780,352.790,0.018
-443838.610,-1172304.390,353.730,0.038
-443838.940,-1172304.110,353.600,0.016
-443840.400,-1172302.910,352.810,0.017
-443840.730,-1172302.640,352.700,0.029
-443838.670,-1172303.830,353.340,0.015
-443839.010,-1172303.550,353.230,0.018
-443839.710,-1172302.970,352.820,0.014
-443841.150,-1172301.790,352.100,0.014
-443841.510,-1172301.490,351.920,0.018
-443838.950,-1172303.060,352.820,0.027
-443839.310,-1172302.760,352.670,0.015
-443839.670,-1172302.470,352.450,0.009
-443840.000,-1172302.190,352.280,0.010
-443840.350,-1172301.900,352.140,0.027
-443840.720,-1172301.600,351.960,0.008
-443838.680,-1172302.800,352.600,0.016
-443839.030,-1172302.510,352.410,0.024
-443840.060,-1172301.660,351.850,0.037
-443838.670,-1172302.110,352.160,0.025
-443838.990,-1172301.850,351.990,0.024
-443836.430,-1172303.330,355.460,0.014
-443836.760,-1172303.050,355.290,0.036
-443837.130,-1172302.750,355.090,0.012
-443835.520,-1172303.500,355.460,0.014
-443835.880,-1172303.200,355.300,0.021
-443836.230,-1172302.910,355.120,0.040
-443836.580,-1172302.620,354.950,0.037
-443835.880,-1172302.770,354.980,0.024
-443836.200,-1172302.510,354.860,0.024
-443836.570,-1172302.200,354.560,0.034
-443834.280,-1172303.500,355.410,0.024
-443835.280,-1172302.680,354.930,0.012
-443835.650,-1172302.370,354.750,0.017
-443835.990,-1172302.090,354.570,0.026
-443833.550,-1172303.590,355.380,0.023
-443834.270,-1172302.990,355.040,0.008
-443834.600,-1172302.720,354.840,0.022
-443827.600,-1172307.950,355.500,0.026
-443827.940,-1172307.670,355.350,0.028
-443833.230,-1172303.290,355.170,0.022
-443833.570,-1172303.020,354.960,0.027
-443833.900,-1172302.750,354.840,0.022
-443834.270,-1172302.440,354.660,0.021
-443827.010,-1172307.900,355.360,0.017
-443831.900,-1172303.860,355.490,0.037
-443832.950,-1172302.990,354.920,0.026
-443826.670,-1172307.480,355.090,0.014
-443831.260,-1172303.690,355.260,0.011
-443831.590,-1172303.410,355.110,0.012
-443831.960,-1172303.110,354.910,0.016
-443825.710,-1172307.700,355.130,0.016
-443826.070,-1172307.400,354.950,0.017
-443826.790,-1172306.800,354.560,0.021
-443827.480,-1172306.230,354.220,0.020
-443830.010,-1172304.140,355.440,0.019
-443830.690,-1172303.580,355.140,0.014
-443831.020,-1172303.300,354.960,0.024
-443824.910,-1172307.810,355.200,0.036
-443825.990,-1172306.920,354.620,0.018
-443826.340,-1172306.630,354.440,0.007
-443826.670,-1172306.360,354.270,0.019
-443827.360,-1172305.790,353.940,0.023
-443829.550,-1172303.980,355.370,0.014
-443830.260,-1172303.390,354.940,0.013
-443825.120,-1172307.240,354.770,0.025
-443825.450,-1172306.970,354.590,0.017
-443826.150,-1172306.390,354.210,0.025
-443826.480,-1172306.110,354.060,0.017
-443826.830,-1172305.830,353.870,0.013
-443827.190,-1172305.530,353.700,0.022
-443829.370,-1172303.720,355.090,0.006
-443824.740,-1172307.020,354.630,0.052
-443825.450,-1172306.430,354.210,0.036
-443825.780,-1172306.150,354.060,0.018
-443826.800,-1172305.310,353.540,0.015
-443827.140,-1172305.030,353.390,0.018
-443829.600,-1172302.990,354.680,0.030
-443827.920,-1172303.890,355.160,0.038
-443828.280,-1172303.600,354.990,0.034
-443828.950,-1172303.040,354.660,0.061
-443823.700,-1172307.390,354.790,0.015
-443824.030,-1172307.110,354.600,0.018
-443824.750,-1172306.520,354.240,0.013
-443825.090,-1172306.230,354.050,0.030
-443825.460,-1172305.930,353.860,0.023
-443825.840,-1172305.620,353.600,0.012
-443824.580,-1172306.140,353.960,0.012
-443824.920,-1172305.850,353.770,0.014
-443825.250,-1172305.580,353.600,0.014
-443825.970,-1172304.980,353.220,0.007
-443826.310,-1172304.700,353.060,0.015
-443827.020,-1172304.110,352.700,0.016
-443823.270,-1172307.220,354.370,0.053
-443823.850,-1172306.740,354.390,0.024
-443824.210,-1172306.440,354.170,0.011
-443823.470,-1172306.570,354.170,0.032
-443824.530,-1172305.690,353.610,0.019
-443825.240,-1172305.100,353.210,0.014
-443826.610,-1172303.970,352.520,0.017
-443827.420,-1172303.290,354.630,0.038
-443823.410,-1172305.930,353.720,0.015
-443823.790,-1172305.620,353.520,0.015
-443824.480,-1172305.050,353.130,0.011
-443824.850,-1172304.740,352.900,0.020
-443825.190,-1172304.460,352.730,0.020
-443825.510,-1172304.200,352.600,0.011
-443825.880,-1172303.890,352.410,0.026
-443826.240,-1172303.590,352.210,0.021
-443826.580,-1172303.310,352.050,0.013
-443823.130,-1172305.560,353.240,0.025
-443823.410,-1172305.340,353.280,0.020
-443823.740,-1172305.060,353.110,0.023
-443824.450,-1172304.470,352.720,0.016
-443824.780,-1172304.200,352.560,0.020
-443824.010,-1172304.260,352.540,0.016
-443820.200,-1172306.960,355.470,0.041
-443823.150,-1172304.520,352.570,0.023
-443823.490,-1172304.250,352.450,0.035
-443819.320,-1172307.090,355.510,0.014
-443819.670,-1172306.800,355.300,0.017
-443823.040,-1172304.010,352.070,0.034
-443818.750,-1172307.000,355.380,0.014
-443819.100,-1172306.720,355.190,0.010
-443819.430,-1172306.440,354.990,0.013
-443819.790,-1172306.150,354.830,0.010
-443818.360,-1172306.780,355.140,0.013
-443818.710,-1172306.490,354.930,0.017
-443819.050,-1172306.200,354.770,0.017
-443820.040,-1172305.390,354.280,0.022
-443817.670,-1172306.820,355.110,0.019
-443818.010,-1172306.540,354.910,0.027
-443818.380,-1172306.240,354.700,0.015
-443818.720,-1172305.950,354.540,0.019
-443819.780,-1172305.080,353.960,0.019
-443817.240,-1172306.500,354.850,0.035
-443817.910,-1172305.950,354.500,0.016
-443818.270,-1172305.650,354.260,0.016
-443818.610,-1172305.370,354.100,0.019
-443819.300,-1172304.790,353.750,0.016
-443816.660,-1172306.300,354.630,0.020
-443816.970,-1172306.040,354.520,0.024
-443817.330,-1172305.740,354.310,0.022
-443818.050,-1172305.140,353.930,0.027
-443818.420,-1172304.840,353.720,0.031
-443818.780,-1172304.540,353.530,0.023
-443819.420,-1172304.010,353.250,0.018
-443817.350,-1172305.180,353.890,0.020
-443816.590,-1172305.300,353.850,0.017
-443816.880,-1172305.060,353.760,0.020
-443817.250,-1172304.760,353.530,0.025
-443817.910,-1172304.210,353.270,0.058
-443817.040,-1172304.290,353.310,0.037
-443804.710,-1172308.720,355.530,0.024
-443805.400,-1172308.140,355.150,0.015
-443809.050,-1172305.110,355.530,0.009
-443803.980,-1172308.660,355.530,0.016
-443804.650,-1172308.100,355.150,0.017
-443805.010,-1172307.800,354.970,0.018
-443803.150,-1172308.620,355.410,0.024
-443803.830,-1172308.060,355.040,0.012
-443805.200,-1172306.910,354.310,0.022
-443802.520,-1172308.580,355.350,0.012
-443803.860,-1172307.460,354.710,0.027
-443804.970,-1172306.540,354.030,0.030
-443805.660,-1172305.960,353.620,0.021
-443805.980,-1172305.690,353.520,0.020
-443802.270,-1172308.200,354.960,0.013
-443802.620,-1172307.920,354.790,0.011
-443803.960,-1172306.800,354.190,0.029
-443804.320,-1172306.500,353.870,0.038
-443804.690,-1172306.190,353.670,0.015
-443805.360,-1172305.630,353.340,0.011
-443802.340,-1172307.530,354.550,0.011
-443802.700,-1172307.230,354.360,0.014
-443803.010,-1172306.970,354.250,0.015
-443803.740,-1172306.360,353.790,0.021
-443804.100,-1172306.070,353.580,0.012
-443804.760,-1172305.520,353.330,0.013
-443801.270,-1172307.760,354.550,0.018
-443801.560,-1172307.520,354.490,0.016
-443802.270,-1172306.930,354.070,0.014
-443803.300,-1172306.070,353.540,0.011
-443803.650,-1172305.780,353.340,0.006
-443803.090,-1172305.710,353.230,0.007
-443801.380,-1172305.920,353.340,0.045
-443801.800,-1172306.200,353.390,0.044
-443729.400,-1172293.260,355.150,0.042
-443722.620,-1172315.250,355.420,0.039
-443723.200,-1172315.370,355.550,0.016
-443723.500,-1172315.110,355.390,0.022
-443724.460,-1172314.960,355.320,0.028
-443725.610,-1172314.440,355.130,0.021
-443726.060,-1172315.160,355.610,0.032
-443748.630,-1172335.090,352.540,0.039
-443744.770,-1172338.780,353.350,0.035
-443718.860,-1172328.940,352.880,0.043
-443716.790,-1172290.550,355.600,0.016
-443708.560,-1172292.930,354.900,0.016
-443707.880,-1172292.720,354.620,0.037
-443840.720,-1172427.790,375.110,0.085
-443840.130,-1172413.550,374.800,0.097
-443843.930,-1172399.620,374.550,0.028
-443748.850,-1172437.310,361.530,0.044
-443744.410,-1172437.500,361.490,0.087
-443829.730,-1172366.870,370.790,0.037
-443835.630,-1172337.760,370.750,0.021
-443840.030,-1172307.100,355.880,0.018
-443838.470,-1172307.350,355.940,0.015
-443838.840,-1172307.040,355.750,0.016
-443839.200,-1172306.750,355.570,0.016
-443836.570,-1172305.550,357.120,0.008
-443836.920,-1172305.260,356.920,0.007
-443837.270,-1172304.980,356.740,0.008
-443835.520,-1172305.890,357.220,0.006
-443835.880,-1172305.580,357.040,0.019
-443836.200,-1172305.320,356.890,0.014
-443836.540,-1172305.040,356.670,0.011
-443836.880,-1172304.760,356.550,0.011
-443837.220,-1172304.480,356.370,0.015
-443834.820,-1172305.280,356.750,0.009
-443835.160,-1172305.000,356.550,0.016
-443835.500,-1172304.730,356.380,0.008
-443835.860,-1172304.430,356.230,0.005
-443836.560,-1172303.850,355.830,0.012
-443836.930,-1172303.540,355.630,0.021
-443837.270,-1172303.260,355.500,0.019
-443834.840,-1172305.960,357.200,0.013
-443835.170,-1172305.690,357.010,0.010
-443835.540,-1172305.390,356.830,0.018
-443835.910,-1172305.080,356.650,0.016
-443837.010,-1172304.180,355.980,0.015
-443837.290,-1172303.940,355.960,0.015
-443832.050,-1172305.940,357.010,0.023
-443833.440,-1172304.790,356.250,0.012
-443833.760,-1172304.530,356.090,0.017
-443834.480,-1172303.930,355.690,0.011
-443834.820,-1172303.650,355.520,0.012
-443832.060,-1172306.350,357.280,0.026
-443833.430,-1172305.220,356.550,0.014
-443833.770,-1172304.940,356.370,0.016
-443834.110,-1172304.660,356.200,0.021
-443835.180,-1172303.770,355.640,0.021
-443833.280,-1172305.930,357.070,0.013
-443833.620,-1172305.650,356.880,0.010
-443833.960,-1172305.360,356.710,0.012
-443834.320,-1172305.060,356.520,0.016
-443835.400,-1172304.180,355.990,0.008
-443835.760,-1172303.880,355.790,0.008
-443836.080,-1172303.610,355.640,0.009
-443829.370,-1172306.490,357.120,0.022
-443829.730,-1172306.190,356.930,0.020
-443831.100,-1172305.060,356.260,0.024
-443831.450,-1172304.770,356.070,0.018
-443832.490,-1172303.910,355.640,0.041
-443827.540,-1172308.550,355.940,0.023
-443830.040,-1172306.490,357.160,0.024
-443830.760,-1172305.900,356.820,0.025
-443831.450,-1172305.320,356.480,0.029
-443832.440,-1172304.500,356.050,0.038
-443830.760,-1172306.410,357.230,0.052
-443831.120,-1172306.110,357.070,0.015
-443831.810,-1172305.540,356.730,0.015
-443833.250,-1172304.350,355.950,0.015
-443833.580,-1172304.080,355.780,0.011
-443827.910,-1172304.930,355.890,0.016
-443828.290,-1172304.610,355.690,0.060
-443827.820,-1172305.410,356.240,0.028
-443828.820,-1172304.580,355.750,0.018
-443829.170,-1172304.290,355.570,0.014
-443825.000,-1172308.280,355.520,0.022
-443827.900,-1172305.890,356.570,0.009
-443828.930,-1172305.030,356.040,0.018
-443829.300,-1172304.720,355.830,0.047
-443829.640,-1172304.440,355.630,0.016
-443825.300,-1172308.620,355.820,0.020
-443825.660,-1172308.320,355.640,0.015
-443828.500,-1172305.970,356.720,0.012
-443828.840,-1172305.690,356.550,0.026
-443829.550,-1172305.100,356.170,0.018
-443829.900,-1172304.810,355.960,0.022
-443825.940,-1172308.780,355.940,0.034
-443826.290,-1172308.500,355.770,0.026
-443826.640,-1172308.210,355.600,0.018
-443829.110,-1172306.170,356.880,0.072
-443829.480,-1172305.860,356.690,0.029
-443830.130,-1172305.320,356.350,0.031
-443831.190,-1172304.440,355.820,0.050
-443826.910,-1172308.520,355.840,0.025
-443827.260,-1172308.230,355.660,0.021
-443817.520,-1172309.630,357.310,0.017
-443817.900,-1172309.310,357.090,0.019
-443818.270,-1172309.010,356.870,0.027
-443818.610,-1172308.730,356.710,0.018
-443819.360,-1172308.110,356.260,0.028
-443819.690,-1172307.840,356.100,0.021
-443820.020,-1172307.560,355.880,0.018
-443819.750,-1172308.360,356.510,0.010
-443820.130,-1172308.050,356.300,0.016
-443819.150,-1172309.450,357.300,0.025
-443817.300,-1172307.650,355.750,0.025
-443816.670,-1172308.720,356.530,0.017
-443817.030,-1172308.430,356.320,0.010
-443817.370,-1172308.150,356.140,0.015
-443817.710,-1172307.870,355.980,0.017
-443818.390,-1172307.300,355.570,0.006
-443816.520,-1172309.410,357.050,0.012
-443816.880,-1172309.110,356.830,0.015
-443817.210,-1172308.830,356.670,0.016
-443817.580,-1172308.520,356.420,0.022
-443817.930,-1172308.240,356.260,0.018
-443818.250,-1172307.970,356.090,0.022
-443818.620,-1172307.670,355.870,0.009
-443818.930,-1172307.400,355.720,0.012
-443817.020,-1172309.600,357.210,0.019
-443817.380,-1172309.300,356.990,0.024
-443817.730,-1172309.010,356.810,0.015
-443818.780,-1172308.140,356.220,0.024
-443819.130,-1172307.850,356.030,0.027
-443819.840,-1172307.260,355.620,0.018
-443813.970,-1172308.520,358.540,0.030
-443814.670,-1172307.940,358.140,0.020
-443815.400,-1172307.340,357.740,0.028
-443816.620,-1172307.700,355.680,0.013
-443811.930,-1172308.520,358.410,0.015
-443812.280,-1172308.230,358.220,0.030
-443812.970,-1172307.660,357.810,0.026
-443814.400,-1172306.480,357.040,0.018
-443814.770,-1172306.170,356.830,0.026
-443815.080,-1172305.910,356.660,0.008
-443812.510,-1172308.680,358.530,0.016
-443812.890,-1172308.370,358.270,0.020
-443813.260,-1172308.060,358.100,0.023
-443813.950,-1172307.480,357.660,0.015
-443814.290,-1172307.200,357.490,0.015
-443814.980,-1172306.630,357.130,0.010
-443815.310,-1172306.360,356.960,0.015
-443813.350,-1172308.490,358.470,0.015
-443813.660,-1172308.230,358.290,0.011
-443814.020,-1172307.940,358.070,0.020
-443814.360,-1172307.650,357.900,0.014
-443815.380,-1172306.810,357.350,0.023
-443813.840,-1172305.300,356.010,0.013
-443810.150,-1172308.890,358.500,0.021
-443814.710,-1172305.100,356.030,0.013
-443812.270,-1172307.650,357.690,0.016
-443814.730,-1172305.610,356.340,0.014
-443815.050,-1172305.340,356.210,0.015
-443808.580,-1172309.050,358.490,0.016
-443808.930,-1172308.760,358.290,0.014
-443809.270,-1172308.480,358.080,0.012
-443809.620,-1172308.190,357.910,0.016
-443809.990,-1172307.880,357.700,0.012
-443811.390,-1172306.730,356.920,0.015
-443811.750,-1172306.420,356.690,0.015
-443812.760,-1172305.580,356.150,0.016
-443809.350,-1172309.030,358.510,0.009
-443809.700,-1172308.740,358.290,0.019
-443810.050,-1172308.450,358.080,0.020
-443811.390,-1172307.340,357.370,0.042
-443811.770,-1172307.030,357.130,0.024
-443804.990,-1172311.070,357.430,0.015
-443805.670,-1172310.500,357.040,0.007
-443806.010,-1172310.220,356.840,0.010
-443807.200,-1172309.230,358.470,0.011
-443807.560,-1172308.930,358.290,0.010
-443807.910,-1172308.640,358.090,0.010
-443809.660,-1172307.190,357.130,0.016
-443811.390,-1172305.750,356.190,0.020
-443811.740,-1172305.460,356.020,0.044
-443805.630,-1172310.940,357.370,0.007
-443805.990,-1172310.640,357.120,0.004
-443807.950,-1172309.010,358.340,0.010
-443808.290,-1172308.730,358.190,0.015
-443809.650,-1172307.590,357.430,0.020
-443811.430,-1172306.120,356.430,0.018
-443811.780,-1172305.830,356.250,0.017
-443812.130,-1172305.540,356.050,0.022
-443812.490,-1172305.240,355.860,0.021
-443806.440,-1172308.910,358.200,0.038
-443806.780,-1172308.630,358.030,0.016
-443807.120,-1172308.350,357.830,0.014
-443809.850,-1172306.080,356.350,0.036
-443811.530,-1172304.680,355.630,0.043
-443804.250,-1172311.260,357.500,0.075
-443804.610,-1172310.960,357.280,0.016
-443804.970,-1172310.660,357.070,0.016
-443805.330,-1172310.360,356.860,0.016
-443805.680,-1172310.070,356.660,0.009
-443809.640,-1172306.780,356.810,0.013
-443809.970,-1172306.500,356.630,0.015
-443810.600,-1172305.980,356.430,0.057
-443803.510,-1172310.760,357.060,0.020
-443803.880,-1172310.450,356.830,0.016
-443804.230,-1172310.160,356.650,0.009
-443804.600,-1172309.850,356.440,0.010
-443805.290,-1172309.280,356.050,0.018
-443805.610,-1172309.010,355.920,0.028
-443805.930,-1172308.750,355.750,0.023
-443806.150,-1172308.560,357.890,0.018
-443806.510,-1172308.260,357.640,0.012
-443806.870,-1172307.960,357.460,0.009
-443808.950,-1172306.240,356.330,0.017
-443803.820,-1172311.100,357.380,0.018
-443804.150,-1172310.830,357.200,0.028
-443804.480,-1172310.550,357.040,0.028
-443805.190,-1172309.960,356.590,0.015
-443805.540,-1172309.670,356.430,0.016
-443805.890,-1172309.380,356.240,0.008
-443803.320,-1172309.870,356.320,0.017
-443804.360,-1172309.010,355.740,0.013
-443806.650,-1172307.100,356.750,0.021
-443806.990,-1172306.820,356.590,0.010
-443808.010,-1172305.970,356.020,0.008
-443808.720,-1172305.380,355.660,0.008
-443802.810,-1172310.840,357.020,0.025
-443803.160,-1172310.550,356.850,0.013
-443803.510,-1172310.260,356.670,0.012
-443803.850,-1172309.970,356.450,0.011
-443804.220,-1172309.670,356.230,0.018
-443804.560,-1172309.390,356.070,0.010
-443804.890,-1172309.110,355.920,0.012
-443805.240,-1172308.820,355.700,0.017
-443806.150,-1172308.060,357.500,0.011
-443806.500,-1172307.770,357.270,0.017
-443806.820,-1172307.510,357.140,0.008
-443808.580,-1172306.040,356.150,0.016
-443808.940,-1172305.740,356.030,0.023
-443809.260,-1172305.470,355.850,0.021
-443809.640,-1172305.160,355.610,0.014
-443802.260,-1172310.090,356.460,0.022
-443802.600,-1172309.810,356.320,0.021
-443802.930,-1172309.530,356.110,0.014
-443803.310,-1172309.210,355.870,0.013
-443803.650,-1172308.930,355.690,0.021
-443806.240,-1172306.780,356.550,0.028
-443806.570,-1172306.500,356.380,0.026
-443807.240,-1172305.940,356.040,0.014
-443807.610,-1172305.630,355.810,0.008
-443807.960,-1172305.340,355.670,0.012
-443801.840,-1172309.150,355.710,0.013
-443802.160,-1172308.880,355.600,0.012
-443805.830,-1172305.820,355.820,0.019
-443806.140,-1172305.550,355.690,0.013
-443801.740,-1172309.800,356.210,0.021
-443802.090,-1172309.510,356.030,0.021
-443802.770,-1172308.930,355.620,0.015
-443805.740,-1172306.460,356.240,0.025
-443806.060,-1172306.200,356.130,0.022
-443806.730,-1172305.640,355.770,0.016
-443807.080,-1172305.350,355.580,0.008
-443795.310,-1172311.590,360.370,0.020
-443795.980,-1172311.040,360.050,0.034
-443796.660,-1172310.470,359.760,0.021
-443797.690,-1172309.610,359.230,0.016
-443794.280,-1172311.830,360.510,0.011
-443796.610,-1172309.890,359.470,0.023
-443796.940,-1172309.610,359.290,0.021
-443794.670,-1172310.840,359.900,0.015
-443795.640,-1172310.030,359.460,0.026
-443791.970,-1172312.180,360.540,0.030
-443792.650,-1172311.610,360.210,0.029
-443793.300,-1172311.070,359.910,0.031
-443793.960,-1172310.510,359.590,0.024
-443794.970,-1172309.670,359.140,0.022
-443794.330,-1172310.650,359.800,0.025
-443792.170,-1172311.530,360.160,0.027
-443793.170,-1172310.700,359.730,0.027
-443796.520,-1172307.900,358.200,0.025
-443797.530,-1172307.060,357.760,0.019
-443790.280,-1172312.610,360.680,0.015
-443790.600,-1172312.350,360.530,0.016
-443790.930,-1172312.070,360.380,0.012
-443792.230,-1172310.990,359.800,0.024
-443793.890,-1172309.600,359.030,0.017
-443794.550,-1172309.050,358.740,0.016
-443795.920,-1172307.910,358.140,0.016
-443796.550,-1172307.380,357.850,0.033
-443793.300,-1172309.750,359.150,0.028
-443794.310,-1172308.900,358.630,0.024
-443795.620,-1172307.810,358.080,0.025
-443791.070,-1172311.120,359.750,0.030
-443791.730,-1172310.570,359.460,0.028
-443792.070,-1172310.280,359.290,0.038
-443792.720,-1172309.740,359.050,0.015
-443788.250,-1172312.930,360.860,0.017
-443790.610,-1172310.960,359.740,0.019
-443791.270,-1172310.410,359.430,0.022
-443791.940,-1172309.850,359.110,0.032
-443789.680,-1172310.700,359.520,0.012
-443793.670,-1172307.370,357.730,0.032
-443786.420,-1172312.940,360.660,0.024
-443792.680,-1172307.710,357.760,0.032
-443787.060,-1172312.890,360.790,0.022
-443787.380,-1172312.620,360.620,0.013
-443787.700,-1172312.350,360.480,0.011
-443788.970,-1172311.300,359.990,0.041
-443786.000,-1172312.750,360.620,0.023
-443787.330,-1172311.640,359.990,0.014
-443788.340,-1172310.800,359.550,0.017
-443791.960,-1172307.770,357.840,0.015
-443792.290,-1172307.490,357.690,0.028
-443785.990,-1172312.060,360.100,0.034
-443788.320,-1172310.120,359.020,0.013
-443789.690,-1172308.980,358.340,0.025
-443790.340,-1172308.430,358.050,0.025
-443783.630,-1172313.450,360.920,0.033
-443783.950,-1172313.180,360.790,0.020
-443784.310,-1172312.890,360.570,0.013
-443786.280,-1172311.240,359.650,0.015
-443787.310,-1172310.380,359.140,0.023
-443783.220,-1172313.090,360.560,0.012
-443784.190,-1172312.280,360.100,0.017
-443788.790,-1172308.430,358.090,0.058
-443782.160,-1172313.250,360.630,0.030
-443783.490,-1172312.140,360.020,0.017
-443783.810,-1172311.870,359.880,0.010
-443785.790,-1172310.220,358.950,0.037
-443787.740,-1172308.580,358.100,0.010
-443782.420,-1172311.760,359.710,0.013
-443783.440,-1172310.900,359.280,0.022
-443785.090,-1172309.520,358.510,0.015
-443785.410,-1172309.250,358.340,0.011
-443786.090,-1172308.690,358.050,0.015
-443786.750,-1172308.130,357.740,0.009
-443787.090,-1172307.850,357.590,0.011
-443782.930,-1172311.850,359.780,0.012
-443784.930,-1172310.180,358.940,0.025
-443785.270,-1172309.900,358.700,0.018
-443783.060,-1172310.670,359.000,0.038
-443780.780,-1172313.130,360.520,0.008
-443781.110,-1172312.860,360.340,0.010
-443781.410,-1172312.600,360.220,0.011
-443782.090,-1172312.030,359.880,0.010
-443781.070,-1172311.770,359.630,0.008
-443784.350,-1172309.020,358.110,0.012
-443785.680,-1172307.910,357.560,0.011
-443783.750,-1172308.410,357.670,0.029
-443784.080,-1172308.140,357.530,0.020
-443784.410,-1172307.860,357.420,0.022
-443785.020,-1172307.830,357.410,0.017
-443778.950,-1172311.790,359.410,0.013
-443779.290,-1172311.510,359.280,0.013
-443779.620,-1172311.230,359.110,0.016
-443780.610,-1172310.400,358.640,0.010
-443781.600,-1172309.570,358.200,0.011
-443781.920,-1172309.300,358.040,0.012
-443782.600,-1172308.730,357.730,0.036
-443782.940,-1172308.450,357.590,0.031
-443783.240,-1172308.190,357.460,0.052
-443780.060,-1172310.240,358.580,0.013
-443782.380,-1172308.300,357.510,0.024
-443773.820,-1172314.380,361.510,0.026
-443774.150,-1172314.100,361.340,0.025
-443781.240,-1172308.160,357.410,0.018
-443774.640,-1172313.240,360.740,0.037
-443778.850,-1172309.700,358.060,0.014
-443773.720,-1172313.570,360.940,0.019
-443775.010,-1172312.490,360.400,0.010
-443775.350,-1172312.200,360.250,0.013
-443771.670,-1172314.350,361.280,0.010
-443772.690,-1172313.490,360.790,0.031
-443774.930,-1172311.610,359.840,0.023
-443778.470,-1172308.640,357.450,0.013
-443771.990,-1172314.510,361.410,0.016
-443770.800,-1172314.560,361.320,0.009
-443768.180,-1172315.140,361.570,0.052
-443769.180,-1172314.300,361.110,0.016
-443770.800,-1172312.940,360.370,0.026
-443774.050,-1172310.210,358.910,0.036
-443775.060,-1172309.360,358.460,0.021
-443768.980,-1172314.030,360.860,0.021
-443769.650,-1172313.470,360.550,0.012
-443770.300,-1172312.920,360.230,0.015
-443771.290,-1172312.090,359.770,0.009
-443772.220,-1172311.310,359.370,0.031
-443767.370,-1172314.780,361.340,0.014
-443773.910,-1172309.290,358.340,0.037
-443774.230,-1172309.020,358.150,0.026
-443765.860,-1172315.400,361.590,0.009
-443766.170,-1172315.140,361.440,0.013
-443767.820,-1172313.760,360.650,0.015
-443768.160,-1172313.470,360.510,0.013
-443768.830,-1172312.910,360.160,0.045
-443770.790,-1172311.260,359.260,0.015
-443773.090,-1172309.330,358.240,0.025
-443773.400,-1172309.070,358.160,0.019
-443772.600,-1172309.220,358.160,0.028
-443765.650,-1172313.880,360.640,0.021
-443766.310,-1172313.330,360.340,0.022
-443769.530,-1172310.610,358.830,0.013
-443770.510,-1172309.790,358.390,0.027
-443770.850,-1172309.500,358.230,0.029
-443771.170,-1172309.240,358.100,0.018
-443765.220,-1172314.860,361.210,0.093
-443766.540,-1172313.750,360.520,0.017
-443767.180,-1172313.210,360.240,0.017
-443769.350,-1172310.090,358.450,0.048
-443769.660,-1172309.830,358.310,0.022
-443769.980,-1172309.570,358.130,0.029
-443765.760,-1172312.070,359.410,0.034
-443768.060,-1172310.140,358.370,0.016
-443766.770,-1172309.960,358.140,0.016
-443767.070,-1172309.700,358.070,0.013
-443766.160,-1172311.140,358.930,0.017
-443766.800,-1172310.600,358.620,0.018
-443767.120,-1172310.330,358.470,0.013
-443767.790,-1172309.770,358.180,0.021
-443766.330,-1172309.790,358.040,0.029
-443764.910,-1172310.420,358.350,0.039
-443746.130,-1172316.040,360.690,0.021
-443744.580,-1172316.210,360.610,0.010
-443745.230,-1172315.660,360.350,0.032
-443745.850,-1172315.140,360.030,0.012
-443746.500,-1172314.580,359.730,0.018
-443746.800,-1172314.330,359.580,0.011
-443747.110,-1172314.070,359.460,0.019
-443747.770,-1172313.500,359.110,0.010
-443748.100,-1172313.230,358.970,0.016
-443748.430,-1172312.950,358.820,0.011
-443743.220,-1172316.740,360.960,0.028
-443744.210,-1172315.900,360.470,0.015
-443745.180,-1172315.080,360.030,0.015
-443746.470,-1172313.990,359.430,0.014
-443747.090,-1172313.460,359.100,0.027
-443747.410,-1172313.190,358.960,0.013
-443748.060,-1172312.640,358.670,0.016
-443740.330,-1172318.580,361.820,0.024
-443742.580,-1172316.670,360.850,0.018
-443743.250,-1172316.100,360.490,0.006
-443743.560,-1172315.850,360.350,0.015
-443744.190,-1172315.310,360.030,0.021
-443745.160,-1172314.490,359.570,0.018
-443745.480,-1172314.220,359.460,0.010
-443746.150,-1172313.650,359.140,0.015
-443746.470,-1172313.370,358.970,0.015
-443746.790,-1172313.110,358.830,0.008
-443769.510,-1172293.840,359.010,0.039
-443743.450,-1172315.400,360.080,0.017
-443742.390,-1172315.720,360.180,0.013
-443742.700,-1172315.450,360.020,0.011
-443743.670,-1172314.630,359.560,0.010
-443768.040,-1172293.960,358.880,0.038
-443740.170,-1172317.600,361.200,0.053
-443741.730,-1172316.280,360.490,0.009
-443742.050,-1172316.010,360.360,0.010
-443737.960,-1172318.800,361.820,0.040
-443739.240,-1172317.720,361.240,0.052
-443740.520,-1172316.630,360.680,0.051
-443743.060,-1172314.480,359.470,0.014
-443744.350,-1172313.380,358.830,0.025
-443745.010,-1172312.820,358.510,0.035
-443745.610,-1172312.310,358.290,0.034
-443737.120,-1172318.840,361.800,0.019
-443737.450,-1172318.560,361.660,0.015
-443737.780,-1172318.290,361.500,0.017
-443740.990,-1172315.560,360.020,0.012
-443741.340,-1172315.270,359.820,0.015
-443743.570,-1172313.370,358.770,0.027
-443743.890,-1172313.100,358.600,0.019
-443744.530,-1172312.560,358.350,0.063
-443737.230,-1172318.240,361.420,0.038
-443739.190,-1172316.570,360.500,0.029
-443739.830,-1172316.020,360.180,0.041
-443741.080,-1172314.960,359.630,0.024
-443741.750,-1172314.400,359.320,0.013
-443742.070,-1172314.120,359.120,0.015
-443742.400,-1172313.850,358.990,0.016
-443742.740,-1172313.560,358.840,0.024
-443743.360,-1172313.030,358.550,0.018
-443743.710,-1172312.730,358.390,0.056
-443739.930,-1172315.410,359.780,0.018
-443740.260,-1172315.120,359.660,0.041
-443742.850,-1172312.930,358.420,0.018
-443743.150,-1172312.670,358.310,0.019
-443734.800,-1172319.130,361.870,0.028
-443735.790,-1172318.290,361.400,0.031
-443736.090,-1172318.030,361.230,0.024
-443737.680,-1172316.690,360.490,0.027
-443739.890,-1172314.810,359.440,0.032
-443740.220,-1172314.530,359.310,0.033
-443741.500,-1172313.440,358.730,0.018
-443742.170,-1172312.880,358.390,0.018
-443742.480,-1172312.610,358.280,0.031
-443733.980,-1172319.160,361.810,0.026
-443734.630,-1172318.610,361.470,0.017
-443735.890,-1172317.540,360.890,0.031
-443736.540,-1172316.990,360.560,0.019
-443736.870,-1172316.710,360.420,0.031
-443738.470,-1172315.350,359.650,0.020
-443738.810,-1172315.060,359.490,0.021
-443740.680,-1172313.470,358.630,0.019
-443740.990,-1172313.210,358.490,0.024
-443741.610,-1172312.680,358.260,0.030
-443737.610,-1172315.520,359.680,0.087
-443739.220,-1172314.160,358.970,0.028
-443739.560,-1172313.870,358.810,0.018
-443733.410,-1172319.090,361.750,0.044
-443734.040,-1172318.560,361.430,0.031
-443735.010,-1172317.730,360.970,0.051
-443735.700,-1172317.150,360.600,0.024
-443736.320,-1172316.620,360.310,0.023
-443734.550,-1172317.590,360.800,0.027
-443735.200,-1172317.030,360.450,0.021
-443736.150,-1172316.220,360.000,0.020
-443736.490,-1172315.940,359.840,0.015
-443738.410,-1172314.310,358.940,0.016
-443732.820,-1172318.490,361.290,0.026
-443733.770,-1172317.680,360.830,0.053
-443734.080,-1172317.410,360.690,0.046
-443736.960,-1172314.960,359.290,0.033
-443739.220,-1172313.040,358.240,0.065
-443732.770,-1172317.980,360.940,0.032
-443732.530,-1172317.730,360.790,0.033
-443733.490,-1172316.910,360.340,0.023
-443735.760,-1172314.980,359.260,0.017
-443736.090,-1172314.700,359.090,0.015
-443736.710,-1172314.170,358.770,0.027
-443737.020,-1172313.910,358.630,0.025
-443733.060,-1172316.220,359.820,0.035
-443733.370,-1172315.960,359.710,0.027
-443733.710,-1172315.670,359.540,0.030
-443734.370,-1172315.110,359.190,0.034
-443735.320,-1172314.300,358.780,0.034
-443735.960,-1172313.750,358.470,0.019
-443731.140,-1172317.860,360.770,0.021
-443730.450,-1172317.860,360.700,0.025
-443731.390,-1172317.060,360.220,0.016
-443732.040,-1172316.510,359.910,0.038
-443732.660,-1172315.980,359.640,0.016
-443732.980,-1172315.710,359.450,0.034
-443733.650,-1172315.140,359.140,0.032
-443734.930,-1172314.060,358.540,0.029
-443735.260,-1172313.770,358.360,0.092
-443731.460,-1172316.500,359.900,0.019
-443734.280,-1172314.100,358.560,0.028
-443734.940,-1172313.540,358.290,0.032
-443730.910,-1172316.460,359.770,0.026
-443732.520,-1172315.090,359.020,0.023
-443732.850,-1172314.810,358.860,0.018
-443733.160,-1172314.540,358.690,0.018
-443733.470,-1172314.280,358.550,0.041
-443733.790,-1172314.010,358.410,0.064
-443733.170,-1172313.850,358.360,0.068
-443733.490,-1172313.580,358.260,0.052
-443724.700,-1172319.900,358.940,0.033
-443723.830,-1172320.190,359.020,0.031
-443724.160,-1172319.910,358.850,0.035
-443725.160,-1172319.060,358.330,0.031
-443726.440,-1172317.970,357.630,0.012
-443725.160,-1172318.450,357.910,0.019
-443725.490,-1172318.170,357.760,0.027
-443725.830,-1172317.890,357.570,0.026
-443730.040,-1172314.290,358.380,0.031
-443723.220,-1172320.110,358.960,0.034
-443723.510,-1172319.860,358.820,0.032
-443724.200,-1172319.270,358.450,0.024
-443722.390,-1172320.210,358.920,0.019
-443723.650,-1172319.150,358.280,0.041
-443723.980,-1172318.860,358.090,0.038
-443724.290,-1172318.590,357.930,0.024
-443724.620,-1172318.320,357.740,0.023
-443724.960,-1172318.030,357.550,0.028
-443725.900,-1172317.220,357.080,0.023
-443726.230,-1172316.940,356.920,0.047
-443722.480,-1172319.510,358.480,0.055
-443722.810,-1172319.230,358.360,0.031
-443723.780,-1172318.410,357.770,0.023
-443725.380,-1172317.040,356.930,0.027
-443726.020,-1172316.500,356.560,0.021
-443724.480,-1172317.230,356.920,0.021
-443724.790,-1172316.960,356.770,0.030
-443725.440,-1172316.410,356.410,0.025
-443725.750,-1172316.150,356.230,0.032
-443721.540,-1172319.730,358.480,0.029
-443721.840,-1172319.480,358.370,0.039
-443723.150,-1172318.370,357.650,0.026
-443723.490,-1172318.070,357.470,0.033
-443723.110,-1172317.680,357.200,0.025
-443723.450,-1172317.390,357.000,0.028
-443724.110,-1172316.830,356.670,0.036
-443724.440,-1172316.540,356.440,0.024
-443724.770,-1172316.260,356.300,0.023
-443725.080,-1172315.990,356.110,0.029
-443725.420,-1172315.710,355.980,0.021
-443723.010,-1172316.660,356.480,0.056
-443723.340,-1172316.370,356.260,0.025
-443724.020,-1172315.800,355.900,0.023
-443724.360,-1172315.510,355.710,0.013
-443723.450,-1172316.810,356.580,0.031
-443723.770,-1172316.540,356.430,0.030
-443724.080,-1172316.270,356.290,0.027
-443724.760,-1172315.690,355.860,0.023
-443722.490,-1172316.650,356.420,0.031
-443722.850,-1172316.340,356.220,0.043
-443723.480,-1172315.800,355.870,0.030
-443723.830,-1172315.500,355.660,0.017
-443722.860,-1172315.660,355.740,0.028
-443742.490,-1172290.900,359.630,0.013
-443742.840,-1172290.600,359.460,0.098
-443741.760,-1172290.900,359.570,0.034
-443741.460,-1172290.640,359.230,0.022
-443740.240,-1172291.030,359.460,0.027
-443740.580,-1172290.730,359.280,0.026
-443740.950,-1172290.420,359.060,0.030
-443739.330,-1172291.220,359.520,0.035
-443739.670,-1172290.930,359.310,0.031
-443739.990,-1172290.660,359.130,0.042
-443738.180,-1172291.050,359.260,0.022
-443738.510,-1172290.760,359.080,0.024
-443738.840,-1172290.480,358.850,0.037
-443736.830,-1172291.470,359.510,0.021
-443735.950,-1172291.680,359.530,0.027
-443736.290,-1172291.390,359.350,0.023
-443736.620,-1172291.110,359.180,0.014
-443735.940,-1172291.110,359.140,0.028
-443736.300,-1172290.810,358.960,0.019
-443736.640,-1172290.520,358.740,0.036
-443735.300,-1172291.250,359.150,0.025
-443735.980,-1172290.660,358.730,0.023
-443733.750,-1172291.920,359.640,0.024
-443734.100,-1172291.620,359.450,0.035
-443734.800,-1172291.020,358.980,0.063
-443735.120,-1172290.740,358.790,0.066
-443733.990,-1172291.190,358.990,0.026
-443734.310,-1172290.910,358.790,0.017
-443734.640,-1172290.620,358.600,0.018
-443725.650,-1172295.900,357.540,0.042
-443727.830,-1172294.030,355.760,0.026
-443720.340,-1172293.560,357.760,0.047
-443719.210,-1172293.990,357.910,0.038
-443720.160,-1172293.170,357.510,0.042
-443720.790,-1172292.630,357.220,0.018
-443718.540,-1172292.750,357.070,0.043
-443719.790,-1172291.670,356.480,0.026
-443720.260,-1172290.760,355.990,0.025
-443720.570,-1172290.490,355.810,0.042
-443719.450,-1172290.900,355.990,0.026
-443719.770,-1172290.620,355.820,0.020
-443719.140,-1172290.780,355.840,0.030
-443718.310,-1172290.810,355.840,0.011
-443718.610,-1172290.550,355.710,0.022
-443719.370,-1172317.350,358.720,0.042
-443719.690,-1172317.070,358.540,0.045
-443716.390,-1172320.570,361.900,0.052
-443714.480,-1172320.970,361.860,0.024
-443714.820,-1172320.680,361.670,0.031
-443716.080,-1172319.600,360.940,0.097
-443715.500,-1172320.660,361.700,0.031
-443715.850,-1172320.360,361.460,0.020
-443713.040,-1172320.930,361.730,0.036
-443714.320,-1172319.830,360.930,0.042
-443718.150,-1172316.550,358.100,0.020
-443718.480,-1172316.270,357.920,0.024
-443713.300,-1172321.290,362.020,0.058
-443714.980,-1172319.850,361.000,0.028
-443715.300,-1172319.580,360.820,0.034
-443718.110,-1172317.170,358.510,0.066
-443711.960,-1172320.820,361.510,0.036
-443712.290,-1172320.530,361.320,0.042
-443715.600,-1172317.700,359.240,0.019
-443715.920,-1172317.430,359.120,0.034
-443712.060,-1172321.170,361.870,0.055
-443712.740,-1172320.590,361.460,0.045
-443713.730,-1172319.750,360.850,0.031
-443717.560,-1172316.470,358.010,0.025
-443711.930,-1172320.220,361.050,0.038
-443708.300,-1172321.660,361.900,0.040
-443709.310,-1172320.790,361.250,0.038
-443708.980,-1172321.630,361.960,0.043
-443709.330,-1172321.330,361.750,0.044
-443709.680,-1172321.030,361.520,0.048
-443709.990,-1172320.760,361.370,0.038
-443710.340,-1172320.450,361.090,0.049
-443711.030,-1172320.450,361.130,0.031
-443711.370,-1172320.170,360.940,0.021
-443707.450,-1172320.980,361.310,0.038
-443707.960,-1172321.160,361.500,0.034
-443708.580,-1172320.630,361.120,0.032
-443708.930,-1172320.340,360.900,0.042
-443706.160,-1172319.060,359.600,0.070
-443705.630,-1172320.180,360.430,0.090
-443705.910,-1172317.520,358.250,0.084
-443706.100,-1172317.890,358.600,0.068
-443716.650,-1172294.390,357.950,0.037
-443715.810,-1172294.600,358.040,0.052
-443717.110,-1172293.480,357.460,0.029
-443714.130,-1172294.420,357.750,0.020
-443715.420,-1172293.310,357.160,0.026
-443716.690,-1172292.210,356.590,0.038
-443715.600,-1172293.840,357.510,0.017
-443714.470,-1172293.570,357.280,0.023
-443717.940,-1172290.570,355.670,0.031
-443716.480,-1172291.240,355.930,0.014
-443712.630,-1172294.150,357.550,0.031
-443712.950,-1172293.870,357.370,0.020
-443712.320,-1172293.290,357.000,0.023
-443712.640,-1172293.010,356.850,0.023
-443712.950,-1172293.230,357.000,0.017
-443714.260,-1172292.100,356.360,0.047
-443708.430,-1172296.030,358.070,0.024
-443707.290,-1172296.550,358.510,0.027
-443711.580,-1172292.020,356.130,0.034
-443711.840,-1172291.280,355.740,0.026
-443703.360,-1172295.150,357.940,0.099
-443698.000,-1172292.060,359.090,0.023
-443698.310,-1172291.790,358.930,0.018
-443698.610,-1172290.910,358.060,0.019
