-443805.360,-1172433.800,350.320,0.083
-443810.810,-1172433.450,350.270,0.038
-443821.920,-1172433.020,350.350,0.085
-443822.220,-1172433.100,350.330,0.080
-443829.890,-1172417.800,348.170,0.059
-443771.420,-1172425.240,353.870,0.041
-443773.030,-1172425.120,353.710,0.079
-443773.370,-1172425.130,353.690,0.071
-443841.370,-1172305.960,355.070,0.012
-443841.490,-1172305.640,354.860,0.013
-443841.620,-1172305.320,354.590,0.091
-443841.640,-1172303.590,353.300,0.019
-443841.760,-1172303.290,353.170,0.021
-443841.270,-1172305.250,354.470,0.023
-443840.530,-1172306.400,355.320,0.015
-443840.170,-1172306.040,354.870,0.020
-443841.140,-1172303.590,353.310,0.011
-443841.510,-1172302.660,352.720,0.008
-443839.570,-1172306.540,355.390,0.020
-443839.690,-1172306.230,355.100,0.011
-443840.050,-1172305.330,354.510,0.015
-443841.030,-1172302.850,352.750,0.022
-443841.400,-1172301.900,352.260,0.027
-443839.210,-1172306.410,355.150,0.019
-443839.690,-1172305.190,354.330,0.008
-443841.060,-1172301.730,351.950,0.012
-443839.800,-1172303.190,353.050,0.014
-443840.300,-1172301.910,352.060,0.028
-443840.430,-1172301.610,351.840,0.028
-443839.250,-1172305.660,354.670,0.014
-443839.360,-1172305.370,354.490,0.005
-443839.870,-1172304.080,353.590,0.030
-443840.860,-1172301.580,351.830,0.011
-443838.690,-1172306.000,354.880,0.014
-443839.070,-1172305.040,354.230,0.013
-443838.770,-1172304.980,354.100,0.018
-443838.900,-1172304.650,353.820,0.017
-443839.760,-1172302.460,352.480,0.008
-443839.880,-1172302.170,352.270,0.007
-443840.120,-1172301.560,351.870,0.032
-443838.800,-1172303.150,352.960,0.027
-443839.300,-1172301.870,352.060,0.023
-443838.100,-1172305.720,354.680,0.003
-443838.230,-1172305.400,354.420,0.008
-443838.360,-1172305.080,354.240,0.014
-443838.470,-1172304.790,353.990,0.019
-443838.720,-1172304.160,353.550,0.029
-443839.090,-1172303.230,352.900,0.027
-443839.570,-1172302.010,352.120,0.016
-443838.080,-1172304.960,354.150,0.017
-443838.160,-1172303.460,353.050,0.016
-443838.650,-1172302.220,352.250,0.017
-443838.780,-1172301.890,351.820,0.026
-443837.620,-1172302.680,352.400,0.018
-443837.750,-1172302.340,352.220,0.025
-443837.460,-1172302.250,352.080,0.021
-443837.010,-1172302.300,354.640,0.024
-443837.110,-1172302.030,354.480,0.026
-443836.330,-1172303.110,355.290,0.029
-443836.450,-1172302.810,355.050,0.037
-443836.580,-1172302.490,354.750,0.036
-443836.270,-1172302.340,354.720,0.022
-443835.620,-1172303.170,355.160,0.017
-443835.980,-1172302.240,354.620,0.026
-443835.300,-1172302.710,354.900,0.012
-443834.040,-1172302.440,354.560,0.025
-443833.310,-1172303.530,355.280,0.017
-443833.430,-1172303.210,355.190,0.017
-443833.160,-1172302.980,354.910,0.019
-443832.900,-1172302.760,354.750,0.023
-443831.690,-1172303.450,355.110,0.012
-443831.270,-1172302.770,354.660,0.022
-443830.160,-1172303.600,355.120,0.016
-443830.180,-1172302.640,354.600,0.050
-443827.370,-1172307.610,355.250,0.049
-443827.490,-1172307.310,355.020,0.044
-443828.910,-1172303.680,355.060,0.045
-443829.280,-1172302.740,354.560,0.043
-443827.620,-1172305.930,353.970,0.014
-443828.440,-1172303.840,355.170,0.018
-443828.800,-1172302.930,354.590,0.049
-443826.780,-1172307.170,354.820,0.010
-443826.900,-1172306.860,354.650,0.015
-443826.090,-1172308.100,355.400,0.013
-443826.350,-1172307.460,354.970,0.011
-443826.470,-1172307.150,354.760,0.010
-443826.590,-1172306.850,354.550,0.007
-443825.750,-1172308.060,355.400,0.016
-443826.240,-1172306.810,354.500,0.018
-443826.360,-1172306.510,354.320,0.010
-443826.480,-1172306.210,354.030,0.017
-443826.950,-1172305.010,353.270,0.012
-443825.380,-1172308.060,355.310,0.018
-443825.860,-1172306.840,354.510,0.032
-443826.100,-1172306.220,354.020,0.012
-443826.220,-1172305.920,353.830,0.025
-443826.590,-1172304.990,353.150,0.042
-443826.840,-1172304.360,352.770,0.015
-443825.600,-1172306.660,354.390,0.014
-443824.620,-1172308.180,355.390,0.024
-443824.880,-1172307.530,354.940,0.075
-443825.110,-1172306.940,354.420,0.037
-443825.360,-1172306.300,354.120,0.037
-443825.490,-1172305.990,353.840,0.024
-443825.740,-1172305.340,353.380,0.017
-443825.980,-1172304.750,353.000,0.046
-443826.590,-1172303.190,351.950,0.017
-443824.890,-1172306.330,354.080,0.016
-443823.880,-1172307.710,354.960,0.038
-443824.490,-1172306.140,353.860,0.013
-443824.620,-1172305.810,353.650,0.018
-443824.740,-1172305.520,353.410,0.032
-443824.870,-1172305.200,353.190,0.026
-443825.110,-1172304.580,352.750,0.022
-443823.610,-1172306.650,354.160,0.014
-443823.970,-1172305.740,353.510,0.014
-443824.100,-1172305.430,353.360,0.012
-443824.210,-1172305.140,353.130,0.007
-443824.340,-1172304.820,352.890,0.011
-443824.590,-1172304.200,352.450,0.021
-443823.560,-1172307.570,354.910,0.021
-443823.940,-1172306.610,354.200,0.022
-443824.060,-1172306.310,353.970,0.010
-443824.540,-1172305.090,353.070,0.015
-443824.900,-1172304.170,352.500,0.018
-443823.670,-1172305.540,353.450,0.010
-443823.800,-1172305.230,353.180,0.023
-443823.460,-1172305.140,353.100,0.013
-443823.830,-1172304.200,352.480,0.025
-443823.460,-1172304.220,352.490,0.031
-443823.110,-1172304.090,352.300,0.044
-443822.980,-1172305.440,353.360,0.024
-443823.000,-1172304.390,352.480,0.020
-443817.170,-1172314.190,352.560,0.066
-443820.070,-1172306.760,355.310,0.014
-443820.200,-1172306.440,355.020,0.013
-443820.310,-1172306.150,354.850,0.017
-443819.810,-1172306.540,355.050,0.020
-443819.930,-1172306.230,354.770,0.012
-443819.340,-1172306.850,355.350,0.014
-443819.460,-1172306.540,355.060,0.013
-443819.570,-1172306.260,354.860,0.009
-443819.700,-1172305.940,354.630,0.011
-443819.950,-1172305.310,354.190,0.021
-443820.070,-1172305.000,353.860,0.015
-443818.980,-1172306.900,355.240,0.014
-443819.110,-1172306.580,355.030,0.006
-443819.230,-1172306.270,354.780,0.013
-443819.350,-1172305.960,354.580,0.015
-443819.470,-1172305.650,354.320,0.032
-443818.600,-1172306.680,355.100,0.009
-443819.080,-1172305.470,354.200,0.015
-443818.300,-1172306.440,354.820,0.029
-443818.660,-1172305.540,354.180,0.012
-443818.780,-1172305.240,353.940,0.016
-443818.900,-1172304.920,353.720,0.017
-443817.970,-1172306.350,354.760,0.026
-443818.220,-1172305.720,354.300,0.016
-443818.460,-1172305.100,353.880,0.014
-443817.300,-1172307.200,355.330,0.015
-443817.660,-1172306.280,354.640,0.026
-443817.790,-1172305.960,354.360,0.021
-443818.160,-1172305.010,353.710,0.021
-443818.290,-1172304.690,353.510,0.028
-443817.030,-1172306.860,355.120,0.028
-443817.150,-1172306.550,354.890,0.023
-443817.280,-1172306.220,354.630,0.032
-443817.410,-1172305.900,354.410,0.030
-443816.230,-1172307.020,355.220,0.021
-443816.840,-1172305.480,354.090,0.018
-443817.090,-1172304.850,353.660,0.016
-443816.000,-1172306.580,354.790,0.016
-443816.480,-1172305.370,353.900,0.014
-443816.590,-1172305.070,353.670,0.018
-443815.730,-1172305.950,354.330,0.011
-443816.090,-1172305.030,353.700,0.014
-443815.830,-1172304.430,353.230,0.025
-443805.130,-1172307.850,354.920,0.020
-443805.120,-1172307.190,354.430,0.028
-443805.370,-1172306.580,353.960,0.040
-443805.490,-1172306.280,353.670,0.018
-443805.800,-1172305.450,355.340,0.019
-443804.300,-1172308.130,355.110,0.011
-443804.520,-1172306.650,354.090,0.023
-443804.640,-1172306.350,353.730,0.028
-443805.020,-1172306.320,353.860,0.034
-443803.320,-1172308.640,355.360,0.023
-443803.800,-1172307.420,354.580,0.027
-443804.160,-1172306.500,353.950,0.035
-443804.280,-1172306.200,353.780,0.036
-443802.980,-1172308.680,355.250,0.021
-443802.480,-1172308.650,355.360,0.014
-443803.710,-1172306.840,354.110,0.019
-443803.830,-1172306.520,354.020,0.020
-443803.140,-1172305.920,353.360,0.009
-443803.260,-1172305.610,353.130,0.007
-443801.850,-1172308.150,354.830,0.016
-443802.220,-1172307.210,354.250,0.018
-443801.520,-1172307.190,354.210,0.008
-443801.490,-1172308.240,354.920,0.020
-443801.610,-1172307.940,354.730,0.023
-443801.280,-1172306.900,353.980,0.034
-443729.560,-1172293.440,355.150,0.029
-443721.900,-1172315.250,355.280,0.008
-443721.970,-1172315.580,355.540,0.010
-443722.090,-1172315.280,355.300,0.009
-443722.600,-1172315.130,355.080,0.033
-443726.130,-1172315.000,355.450,0.024
-443739.610,-1172312.960,350.730,0.087
-443748.910,-1172334.960,352.500,0.025
-443718.810,-1172329.070,352.730,0.039
-443715.150,-1172290.500,355.510,0.024
-443708.690,-1172292.600,354.570,0.021
-443708.240,-1172292.690,354.540,0.023
-443707.380,-1172292.930,354.820,0.027
-443706.830,-1172291.730,353.930,0.029
-443738.050,-1172438.320,361.800,0.059
-443739.810,-1172438.170,361.840,0.040
-443744.820,-1172437.670,361.490,0.077
-443745.670,-1172437.720,361.780,0.093
-443746.960,-1172437.780,361.820,0.064
-443747.880,-1172437.490,361.450,0.051
-443749.340,-1172437.470,361.470,0.051
-443753.630,-1172437.360,361.790,0.075
-443757.550,-1172437.090,361.490,0.056
-443760.320,-1172436.950,361.460,0.037
-443761.240,-1172437.190,361.790,0.080
-443766.950,-1172436.560,361.440,0.074
-443831.330,-1172337.880,370.610,0.090
-443838.670,-1172415.900,374.690,0.078
-443844.340,-1172399.710,374.510,0.039
-443841.680,-1172399.700,374.430,0.062
-443837.720,-1172366.780,371.030,0.028
-443835.180,-1172366.800,370.880,0.032
-443835.370,-1172366.850,370.910,0.032
-443832.790,-1172366.850,371.000,0.035
-443832.070,-1172366.870,370.770,0.048
-443719.380,-1172290.460,355.640,0.019
-443719.170,-1172291.940,356.580,0.018
-443720.020,-1172290.460,355.620,0.022
-443720.440,-1172290.420,355.680,0.038
-443719.400,-1172293.840,357.690,0.030
-443719.750,-1172293.970,357.880,0.028
-443723.720,-1172296.050,357.120,0.059
-443724.720,-1172295.480,356.760,0.043
-443724.960,-1172295.990,357.550,0.058
-443725.220,-1172295.360,356.700,0.046
-443725.490,-1172295.550,357.020,0.062
-443726.340,-1172294.870,356.380,0.026
-443727.390,-1172294.410,356.060,0.043
-443727.220,-1172295.410,357.060,0.045
-443727.710,-1172294.200,355.740,0.030
-443729.190,-1172294.330,356.140,0.025
-443729.690,-1172295.030,357.020,0.019
-443729.920,-1172294.450,356.340,0.024
-443722.110,-1172316.320,356.170,0.018
-443722.230,-1172316.040,355.890,0.019
-443722.360,-1172315.710,355.680,0.018
-443722.670,-1172316.760,356.430,0.031
-443723.140,-1172315.590,355.680,0.024
-443722.360,-1172316.470,356.210,0.022
-443721.820,-1172319.530,358.330,0.039
-443722.180,-1172318.640,357.770,0.031
-443722.660,-1172317.460,356.930,0.030
-443723.140,-1172316.260,356.060,0.030
-443723.260,-1172315.960,355.860,0.036
-443723.390,-1172315.660,355.680,0.031
-443733.330,-1172290.890,358.760,0.010
-443733.450,-1172290.600,358.420,0.010
-443722.880,-1172318.110,357.410,0.031
-443723.370,-1172316.900,356.600,0.027
-443733.560,-1172291.550,359.220,0.016
-443733.920,-1172290.640,358.570,0.018
-443722.310,-1172320.290,358.960,0.021
-443722.910,-1172318.830,357.900,0.019
-443723.270,-1172317.940,357.270,0.027
-443723.630,-1172317.050,356.690,0.026
-443724.000,-1172316.140,356.030,0.025
-443733.700,-1172291.980,359.600,0.027
-443733.820,-1172291.680,359.340,0.028
-443733.930,-1172291.400,359.140,0.020
-443734.180,-1172290.800,358.670,0.024
-443734.310,-1172290.480,358.310,0.027
-443734.140,-1172291.790,359.550,0.021
-443734.260,-1172291.500,359.310,0.041
-443734.370,-1172291.220,359.050,0.027
-443734.630,-1172290.600,358.600,0.018
-443723.620,-1172318.390,357.640,0.026
-443723.850,-1172317.810,357.220,0.024
-443734.280,-1172291.840,359.530,0.016
-443734.770,-1172290.630,358.510,0.015
-443723.460,-1172319.800,358.700,0.025
-443723.700,-1172319.200,358.310,0.043
-443724.310,-1172317.710,357.240,0.031
-443724.430,-1172317.410,357.070,0.019
-443724.550,-1172317.110,356.870,0.019
-443724.770,-1172316.550,356.500,0.037
-443734.730,-1172291.750,359.430,0.021
-443725.250,-1172316.050,356.090,0.026
-443734.950,-1172291.870,359.530,0.034
-443735.440,-1172290.680,358.630,0.036
-443724.190,-1172319.800,358.730,0.030
-443724.560,-1172318.880,358.160,0.038
-443725.520,-1172316.510,356.500,0.029
-443726.010,-1172315.290,355.700,0.023
-443735.590,-1172291.420,359.240,0.037
-443724.390,-1172320.030,358.970,0.031
-443725.360,-1172317.640,357.320,0.044
-443736.010,-1172291.110,359.110,0.028
-443725.220,-1172319.370,358.570,0.025
-443725.580,-1172318.490,357.940,0.030
-443725.700,-1172318.180,357.750,0.028
-443726.050,-1172317.310,357.150,0.025
-443726.180,-1172316.990,356.890,0.043
-443726.310,-1172316.680,356.720,0.022
-443726.430,-1172316.380,356.500,0.018
-443736.610,-1172291.020,359.090,0.019
-443736.860,-1172290.410,358.620,0.037
-443725.910,-1172318.500,357.950,0.032
-443726.020,-1172318.220,357.790,0.035
-443726.260,-1172317.630,357.320,0.026
-443736.920,-1172291.080,359.140,0.016
-443737.340,-1172291.110,359.230,0.041
-443737.580,-1172290.520,358.730,0.032
-443725.780,-1172318.820,358.140,0.036
-443726.670,-1172317.690,357.470,0.014
-443738.070,-1172291.270,359.440,0.017
-443738.190,-1172290.970,359.170,0.024
-443738.480,-1172291.240,359.300,0.032
-443739.830,-1172290.980,359.400,0.041
-443739.250,-1172291.180,359.400,0.037
-443739.490,-1172290.580,358.960,0.043
-443730.640,-1172314.600,358.520,0.023
-443730.020,-1172317.190,360.270,0.033
-443731.080,-1172314.580,358.600,0.031
-443740.560,-1172290.950,359.420,0.032
-443740.680,-1172290.650,359.130,0.031
-443740.800,-1172290.370,358.950,0.027
-443731.490,-1172314.160,358.310,0.023
-443740.840,-1172290.880,359.330,0.019
-443740.960,-1172290.570,359.080,0.032
-443730.600,-1172317.690,360.600,0.027
-443730.730,-1172317.380,360.420,0.033
-443731.690,-1172314.990,358.910,0.022
-443741.510,-1172290.520,359.170,0.021
-443731.050,-1172317.430,360.460,0.026
-443731.300,-1172317.860,360.770,0.025
-443731.910,-1172316.340,359.820,0.035
-443742.200,-1172290.710,359.450,0.011
-443731.320,-1172318.460,361.100,0.031
-443733.460,-1172314.420,358.700,0.054
-443731.920,-1172318.990,361.510,0.031
-443732.480,-1172318.570,361.300,0.025
-443733.100,-1172317.050,360.310,0.025
-443733.920,-1172314.990,359.050,0.064
-443734.160,-1172314.420,358.710,0.030
-443734.140,-1172314.980,359.020,0.057
-443743.580,-1172291.430,360.510,0.094
-443733.280,-1172319.020,361.620,0.025
-443734.370,-1172316.310,359.950,0.027
-443734.490,-1172316.010,359.730,0.023
-443733.740,-1172319.090,361.710,0.031
-443733.980,-1172318.510,361.350,0.023
-443735.890,-1172313.760,358.380,0.024
-443736.010,-1172313.460,358.030,0.043
-443734.020,-1172319.200,361.800,0.014
-443735.760,-1172316.990,360.430,0.020
-443736.450,-1172316.230,360.030,0.024
-443736.410,-1172318.090,361.240,0.036
-443748.560,-1172290.520,358.930,0.059
-443738.550,-1172318.680,361.750,0.035
-443739.360,-1172317.760,361.190,0.054
-443739.470,-1172317.470,361.060,0.033
-443739.720,-1172316.860,360.630,0.035
-443739.750,-1172317.620,361.130,0.017
-443740.670,-1172316.220,360.430,0.025
-443741.250,-1172314.760,359.510,0.023
-443743.190,-1172312.880,358.370,0.012
-443742.760,-1172315.510,360.090,0.018
-443744.030,-1172313.410,358.850,0.028
-443745.150,-1172312.660,358.430,0.091
-443744.880,-1172314.210,359.330,0.024
-443745.000,-1172313.890,359.090,0.038
-443745.010,-1172313.890,359.000,0.039
-443747.490,-1172312.620,358.470,0.020
-443768.000,-1172294.040,359.110,0.052
-443765.010,-1172311.170,358.870,0.072
-443766.200,-1172309.960,358.020,0.038
-443772.710,-1172293.490,358.850,0.050
-443774.230,-1172293.350,358.950,0.037
-443765.730,-1172315.540,361.630,0.009
-443766.200,-1172314.360,360.910,0.015
-443767.270,-1172314.570,361.140,0.013
-443768.410,-1172314.540,361.170,0.015
-443768.900,-1172315.330,361.720,0.035
-443770.670,-1172313.760,360.820,0.013
-443770.940,-1172314.850,361.530,0.043
-443773.220,-1172309.110,358.070,0.024
-443773.600,-1172309.260,358.080,0.035
-443773.720,-1172308.960,357.960,0.026
-443771.940,-1172314.690,361.520,0.014
-443772.420,-1172313.490,360.750,0.026
-443773.480,-1172310.810,359.160,0.052
-443774.090,-1172309.290,358.300,0.033
-443774.210,-1172308.980,358.030,0.023
-443774.150,-1172310.050,358.650,0.025
-443774.510,-1172309.140,358.200,0.017
-443774.900,-1172309.190,358.310,0.033
-443773.700,-1172314.270,361.350,0.015
-443773.890,-1172314.480,361.470,0.026
-443779.200,-1172308.390,357.280,0.011
-443779.330,-1172309.550,358.030,0.015
-443780.040,-1172308.510,357.160,0.038
-443781.630,-1172308.440,357.490,0.006
-443780.240,-1172313.040,360.300,0.016
-443782.180,-1172308.160,357.460,0.017
-443780.870,-1172313.030,360.420,0.008
-443782.780,-1172308.210,357.490,0.025
-443783.090,-1172308.440,357.520,0.043
-443783.210,-1172308.140,357.340,0.055
-443784.090,-1172308.330,357.580,0.013
-443785.680,-1172307.950,357.530,0.011
-443784.230,-1172312.470,360.130,0.021
-443785.180,-1172310.070,358.720,0.022
-443786.420,-1172309.240,358.250,0.023
-443787.860,-1172307.830,357.560,0.016
-443787.990,-1172307.510,357.240,0.022
-443788.310,-1172307.800,357.580,0.019
-443788.420,-1172307.510,357.370,0.024
-443787.000,-1172313.060,360.780,0.027
-443789.910,-1172310.620,359.440,0.013
-443789.600,-1172310.430,359.260,0.008
-443791.200,-1172308.320,358.050,0.020
-443792.230,-1172308.520,358.260,0.040
-443792.240,-1172309.530,358.870,0.020
-443794.860,-1172312.310,360.750,0.031
-443794.360,-1172312.490,360.830,0.018
-443795.940,-1172310.980,360.000,0.034
-443796.530,-1172311.400,360.320,0.019
-443796.570,-1172312.270,360.900,0.022
-443797.640,-1172309.560,359.240,0.012
-443798.000,-1172310.390,359.770,0.032
-443801.680,-1172309.600,355.840,0.023
-443801.920,-1172308.990,355.520,0.013
-443802.370,-1172310.230,356.490,0.017
-443802.480,-1172309.940,356.220,0.017
-443803.080,-1172310.280,356.590,0.012
-443803.570,-1172309.060,355.610,0.016
-443803.540,-1172311.200,357.300,0.015
-443803.660,-1172310.890,357.060,0.025
-443804.020,-1172309.970,356.390,0.010
-443804.390,-1172309.040,355.790,0.011
-443803.690,-1172309.680,356.210,0.012
-443804.220,-1172311.040,357.300,0.021
-443804.330,-1172310.740,356.930,0.027
-443804.700,-1172309.820,356.320,0.014
-443804.940,-1172309.200,355.850,0.013
-443805.880,-1172306.800,356.410,0.017
-443806.130,-1172306.180,355.990,0.022
-443803.790,-1172311.230,357.420,0.013
-443803.910,-1172310.940,357.120,0.025
-443804.270,-1172310.010,356.500,0.009
-443804.770,-1172308.770,355.610,0.021
-443805.960,-1172305.730,355.760,0.017
-443804.630,-1172310.860,357.340,0.015
-443804.990,-1172309.950,356.550,0.013
-443805.480,-1172308.720,355.580,0.033
-443806.780,-1172305.400,355.480,0.007
-443805.340,-1172311.130,357.510,0.007
-443805.450,-1172310.840,357.250,0.011
-443806.380,-1172308.470,357.790,0.015
-443806.860,-1172307.260,356.920,0.006
-443806.980,-1172306.940,356.680,0.005
-443807.110,-1172306.630,356.430,0.030
-443805.180,-1172310.720,357.010,0.018
-443805.300,-1172310.420,356.840,0.020
-443805.410,-1172310.130,356.610,0.013
-443805.770,-1172309.220,356.000,0.019
-443806.100,-1172308.370,357.690,0.011
-443806.210,-1172308.080,357.420,0.015
-443806.460,-1172307.450,357.020,0.015
-443807.340,-1172308.040,357.550,0.014
-443805.860,-1172310.870,357.290,0.006
-443806.560,-1172309.070,358.090,0.032
-443806.930,-1172308.140,357.590,0.007
-443807.350,-1172309.220,358.380,0.012
-443807.710,-1172308.300,357.640,0.021
-443808.330,-1172306.740,356.500,0.021
-443808.690,-1172305.830,355.920,0.016
-443808.210,-1172308.890,358.260,0.017
-443809.670,-1172305.180,355.590,0.015
-443807.790,-1172308.850,358.170,0.010
-443807.910,-1172308.550,357.990,0.015
-443809.260,-1172305.130,355.490,0.009
-443808.800,-1172308.450,357.930,0.013
-443809.770,-1172305.990,356.280,0.040
-443809.900,-1172305.660,356.050,0.013
-443810.030,-1172305.340,355.640,0.013
-443810.030,-1172307.470,357.370,0.015
-443810.630,-1172305.970,356.390,0.049
-443809.420,-1172308.160,357.700,0.018
-443809.830,-1172308.870,358.300,0.017
-443810.680,-1172306.710,357.020,0.036
-443810.110,-1172309.000,358.600,0.014
-443811.220,-1172306.210,356.490,0.018
-443811.330,-1172305.920,356.160,0.020
-443811.570,-1172305.320,355.830,0.040
-443810.910,-1172308.530,358.460,0.051
-443811.900,-1172306.040,356.350,0.031
-443812.020,-1172305.740,356.180,0.025
-443811.310,-1172306.840,356.920,0.014
-443811.430,-1172306.530,356.650,0.018
-443811.680,-1172305.920,356.340,0.018
-443811.790,-1172307.100,357.140,0.033
-443812.030,-1172306.500,356.750,0.033
-443812.160,-1172306.170,356.380,0.024
-443812.400,-1172305.560,356.030,0.022
-443812.010,-1172308.670,358.360,0.015
-443812.250,-1172308.060,357.880,0.026
-443812.380,-1172307.730,357.660,0.016
-443811.600,-1172308.640,358.410,0.023
-443811.720,-1172308.340,358.160,0.017
-443811.840,-1172308.040,357.940,0.013
-443811.960,-1172307.730,357.740,0.028
-443812.380,-1172308.650,358.490,0.015
-443812.620,-1172308.030,358.020,0.033
-443813.480,-1172305.860,356.270,0.033
-443813.010,-1172308.780,358.690,0.062
-443813.130,-1172308.490,358.410,0.016
-443814.360,-1172305.380,356.160,0.010
-443812.770,-1172308.470,358.420,0.018
-443812.890,-1172308.170,358.170,0.025
-443813.750,-1172305.990,356.530,0.042
-443813.490,-1172308.520,358.450,0.019
-443813.610,-1172308.210,358.190,0.012
-443813.730,-1172307.910,357.950,0.011
-443813.980,-1172307.290,357.450,0.022
-443814.480,-1172306.020,356.630,0.028
-443814.710,-1172305.430,356.180,0.017
-443814.210,-1172308.510,358.430,0.019
-443814.330,-1172308.200,358.160,0.029
-443814.570,-1172307.590,357.820,0.017
-443815.300,-1172305.740,356.460,0.030
-443815.410,-1172305.450,356.280,0.010
-443815.540,-1172305.140,356.010,0.015
-443813.800,-1172308.570,358.580,0.024
-443814.850,-1172308.160,358.300,0.022
-443815.330,-1172306.930,357.320,0.023
-443816.050,-1172309.330,356.960,0.012
-443816.170,-1172309.030,356.720,0.012
-443816.290,-1172308.730,356.550,0.014
-443816.650,-1172307.800,355.840,0.013
-443816.780,-1172307.490,355.590,0.038
-443815.860,-1172308.860,356.540,0.012
-443815.980,-1172308.550,356.280,0.013
-443816.110,-1172308.230,356.080,0.010
-443816.360,-1172307.590,355.590,0.014
-443815.860,-1172307.970,355.820,0.013
-443816.650,-1172309.690,357.250,0.016
-443816.770,-1172309.390,357.010,0.012
-443816.900,-1172309.060,356.710,0.019
-443817.010,-1172308.790,356.490,0.013
-443816.220,-1172309.930,357.320,0.014
-443816.330,-1172309.640,357.140,0.015
-443816.450,-1172309.350,356.900,0.013
-443816.570,-1172309.040,356.670,0.012
-443816.810,-1172308.430,356.270,0.012
-443817.060,-1172307.810,355.660,0.024
-443815.930,-1172309.630,357.160,0.012
-443817.500,-1172309.480,357.190,0.019
-443818.110,-1172307.930,356.020,0.017
-443818.230,-1172307.620,355.780,0.007
-443816.960,-1172309.830,357.360,0.037
-443817.080,-1172309.530,357.130,0.018
-443817.200,-1172309.230,356.860,0.017
-443817.330,-1172308.910,356.670,0.020
-443817.450,-1172308.590,356.390,0.019
-443817.570,-1172308.280,356.160,0.013
-443817.810,-1172307.670,355.690,0.013
-443817.950,-1172307.340,355.440,0.015
-443819.090,-1172307.470,355.680,0.013
-443818.000,-1172309.380,357.140,0.016
-443818.130,-1172309.040,356.810,0.027
-443818.490,-1172308.140,356.220,0.022
-443818.580,-1172309.640,357.400,0.016
-443818.830,-1172309.020,356.870,0.019
-443819.070,-1172308.420,356.400,0.016
-443819.190,-1172308.100,356.210,0.025
-443819.550,-1172307.180,355.510,0.008
-443818.350,-1172309.340,357.170,0.015
-443818.590,-1172308.740,356.700,0.027
-443818.970,-1172307.770,355.950,0.006
-443819.680,-1172308.820,356.760,0.012
-443819.920,-1172308.220,356.340,0.012
-443820.040,-1172307.910,356.100,0.015
-443818.980,-1172309.510,357.330,0.020
-443819.230,-1172308.900,356.880,0.036
-443819.460,-1172308.310,356.390,0.007
-443819.830,-1172307.380,355.740,0.017
-443819.940,-1172307.090,355.450,0.022
-443820.120,-1172308.440,356.600,0.012
-443820.230,-1172308.150,356.370,0.018
-443826.180,-1172308.680,355.920,0.033
-443827.590,-1172305.070,355.980,0.016
-443827.720,-1172304.760,355.750,0.023
-443825.850,-1172308.720,355.830,0.027
-443827.510,-1172304.500,355.430,0.033
-443825.630,-1172308.350,355.640,0.012
-443825.260,-1172308.350,355.550,0.022
-443828.390,-1172306.210,356.810,0.013
-443828.640,-1172305.600,356.310,0.022
-443829.140,-1172304.320,355.480,0.016
-443828.060,-1172305.850,356.620,0.008
-443828.190,-1172304.450,355.520,0.044
-443829.930,-1172306.170,356.880,0.017
-443830.060,-1172305.840,356.670,0.030
-443830.430,-1172304.910,355.990,0.057
-443829.380,-1172306.490,357.160,0.023
-443829.520,-1172306.150,356.920,0.014
-443829.180,-1172306.070,356.820,0.014
-443829.430,-1172305.460,356.380,0.009
-443828.700,-1172306.380,356.970,0.021
-443828.950,-1172305.760,356.580,0.021
-443829.320,-1172304.810,355.890,0.044
-443832.540,-1172304.550,356.130,0.028
-443832.520,-1172303.720,355.530,0.036
-443830.940,-1172306.420,357.210,0.035
-443831.180,-1172305.800,356.790,0.020
-443831.300,-1172305.500,356.580,0.023
-443831.930,-1172303.920,355.530,0.022
-443830.710,-1172305.930,356.810,0.031
-443831.080,-1172305.010,356.150,0.025
-443831.320,-1172304.390,355.730,0.051
-443834.190,-1172305.530,356.850,0.012
-443834.310,-1172305.220,356.480,0.016
-443834.910,-1172303.690,355.630,0.024
-443833.800,-1172305.530,356.860,0.005
-443833.920,-1172305.210,356.600,0.016
-443834.540,-1172303.650,355.520,0.021
-443833.170,-1172306.200,357.260,0.010
-443833.550,-1172305.250,356.540,0.013
-443833.780,-1172304.670,356.090,0.012
-443832.910,-1172306.240,357.260,0.018
-443833.280,-1172305.300,356.550,0.014
-443833.400,-1172305.000,356.290,0.015
-443832.570,-1172306.160,357.220,0.090
-443832.830,-1172305.510,356.840,0.039
-443833.560,-1172303.670,355.410,0.017
-443833.070,-1172304.130,355.790,0.013
-443836.650,-1172304.260,356.070,0.013
-443836.900,-1172303.640,355.680,0.018
-443835.640,-1172305.770,357.190,0.007
-443836.510,-1172303.550,355.510,0.008
-443835.360,-1172305.570,356.940,0.015
-443835.490,-1172305.250,356.640,0.023
-443836.210,-1172303.410,355.440,0.009
-443835.410,-1172304.500,356.200,0.006
-443835.670,-1172303.860,355.800,0.008
-443835.890,-1172303.300,355.460,0.010
-443834.520,-1172305.950,357.060,0.017
-443834.880,-1172305.040,356.550,0.013
-443835.240,-1172304.120,355.920,0.018
-443836.570,-1172305.300,356.860,0.008
-443836.690,-1172304.990,356.690,0.011
-443837.910,-1172307.150,355.800,0.009
-443838.040,-1172306.810,355.490,0.018
-443838.950,-1172307.050,355.670,0.009
-443838.750,-1172306.910,355.600,0.011
-443838.320,-1172306.930,355.480,0.016
-443840.530,-1172307.110,355.850,0.009
-443840.270,-1172307.050,355.820,0.016
-443840.400,-1172306.730,355.620,0.026
-443698.250,-1172290.790,357.780,0.016
-443707.050,-1172294.770,356.560,0.008
-443707.100,-1172296.470,358.390,0.021
-443708.070,-1172294.100,356.000,0.014
-443706.640,-1172296.590,358.440,0.028
-443706.770,-1172296.270,358.020,0.007
-443707.500,-1172294.490,356.260,0.019
-443707.500,-1172296.520,358.390,0.030
-443708.100,-1172295.050,356.930,0.029
-443708.800,-1172295.480,357.390,0.024
-443708.920,-1172295.180,357.330,0.023
-443711.370,-1172292.740,356.620,0.013
-443711.640,-1172291.240,355.620,0.017
-443712.340,-1172293.270,356.900,0.022
-443715.190,-1172293.390,357.150,0.016
-443717.040,-1172291.570,356.120,0.043
-443705.300,-1172319.550,360.050,0.036
-443705.890,-1172318.090,358.540,0.028
-443706.010,-1172317.800,358.360,0.028
-443705.540,-1172317.290,357.980,0.076
-443706.290,-1172319.830,360.140,0.043
-443705.850,-1172320.010,360.270,0.029
-443705.970,-1172319.720,360.060,0.037
-443706.210,-1172319.110,359.570,0.050
-443717.050,-1172292.300,356.600,0.026
-443705.830,-1172319.280,359.670,0.054
-443705.960,-1172318.980,359.430,0.034
-443706.070,-1172318.700,359.220,0.022
-443706.280,-1172321.870,361.880,0.027
-443706.400,-1172321.570,361.610,0.045
-443706.530,-1172321.260,361.420,0.041
-443706.650,-1172320.970,361.150,0.048
-443706.760,-1172320.700,360.880,0.043
-443705.840,-1172321.720,361.760,0.060
-443706.070,-1172321.150,361.220,0.030
-443706.300,-1172320.590,360.840,0.021
-443706.420,-1172320.290,360.540,0.014
-443707.150,-1172321.690,361.710,0.018
-443707.260,-1172321.410,361.530,0.028
-443707.380,-1172321.120,361.360,0.039
-443707.610,-1172320.550,360.840,0.026
-443706.980,-1172321.120,361.140,0.040
-443707.370,-1172321.740,361.830,0.023
-443707.740,-1172320.840,361.090,0.043
-443707.860,-1172320.530,360.810,0.029
-443708.580,-1172320.630,360.960,0.033
-443708.700,-1172320.330,360.780,0.033
-443707.920,-1172321.400,361.600,0.047
-443708.040,-1172321.100,361.320,0.032
-443708.170,-1172320.790,361.020,0.039
-443708.280,-1172320.510,360.850,0.055
-443708.870,-1172321.680,361.910,0.033
-443708.980,-1172321.400,361.640,0.029
-443708.690,-1172321.330,361.660,0.024
-443708.920,-1172320.780,361.150,0.055
-443709.040,-1172320.490,360.880,0.028
-443709.480,-1172321.380,361.750,0.038
-443709.590,-1172321.110,361.540,0.053
-443709.840,-1172320.500,361.020,0.027
-443709.830,-1172321.460,361.810,0.034
-443709.950,-1172321.170,361.500,0.034
-443710.670,-1172320.910,361.370,0.017
-443710.900,-1172320.340,360.970,0.027
-443711.080,-1172320.910,361.450,0.042
-443711.450,-1172320.900,361.480,0.045
-443711.560,-1172320.620,361.240,0.046
-443711.690,-1172320.310,361.020,0.040
-443711.750,-1172321.180,361.790,0.030
-443711.980,-1172320.600,361.320,0.028
-443712.110,-1172320.290,361.080,0.031
-443711.950,-1172321.410,361.990,0.029
-443712.190,-1172320.820,361.490,0.035
-443712.320,-1172320.520,361.230,0.039
-443712.440,-1172320.210,361.030,0.023
-443712.470,-1172321.390,362.060,0.055
-443712.580,-1172321.100,361.780,0.034
-443712.690,-1172320.830,361.590,0.041
-443712.810,-1172320.550,361.340,0.051
-443712.940,-1172320.220,361.110,0.026
-443713.060,-1172319.930,360.880,0.018
-443713.060,-1172320.880,361.590,0.037
-443715.210,-1172315.570,357.460,0.036
-443715.330,-1172315.280,357.240,0.020
-443713.430,-1172320.930,361.700,0.038
-443713.540,-1172320.660,361.490,0.053
-443713.650,-1172320.380,361.270,0.036
-443713.910,-1172319.750,360.830,0.019
-443715.350,-1172316.190,357.940,0.021
-443715.740,-1172316.900,358.670,0.058
-443713.620,-1172321.070,361.880,0.032
-443713.860,-1172320.490,361.400,0.023
-443714.090,-1172319.910,360.830,0.037
-443715.420,-1172316.660,358.310,0.028
-443714.520,-1172320.760,361.540,0.031
-443714.640,-1172320.470,361.360,0.027
-443714.760,-1172320.170,361.070,0.025
-443715.340,-1172318.730,359.970,0.022
-443715.460,-1172318.440,359.880,0.016
-443715.580,-1172318.160,359.470,0.035
-443714.070,-1172321.000,361.860,0.018
-443714.290,-1172320.450,361.340,0.029
-443714.420,-1172320.150,361.140,0.033
-443714.880,-1172320.980,361.850,0.019
-443715.000,-1172320.680,361.640,0.026
-443715.120,-1172320.390,361.390,0.021
-443715.240,-1172320.100,361.150,0.023
-443715.480,-1172319.490,360.660,0.033
-443715.600,-1172319.190,360.410,0.024
-443715.390,-1172320.570,361.500,0.024
-443715.750,-1172319.680,360.800,0.038
-443717.700,-1172316.310,357.860,0.018
-443713.940,-1172326.690,360.590,0.047
-443719.190,-1172317.320,358.590,0.033
-443806.450,-1172433.680,350.330,0.080
-443807.960,-1172433.680,350.410,0.079
-443808.460,-1172433.660,350.390,0.069
-443810.780,-1172433.500,350.340,0.038
-443829.980,-1172418.190,348.300,0.068
-443771.640,-1172425.260,354.050,0.044
-443841.820,-1172305.320,354.650,0.016
-443841.580,-1172305.520,354.770,0.014
-443840.570,-1172306.380,355.300,0.016
-443841.290,-1172305.420,354.670,0.015
-443841.020,-1172305.640,354.800,0.013
-443840.280,-1172306.270,355.220,0.011
-443840.020,-1172306.490,355.360,0.021
-443840.670,-1172305.180,354.480,0.017
-443839.410,-1172306.250,355.180,0.017
-443839.160,-1172306.460,355.330,0.011
-443841.000,-1172305.320,354.580,0.011
-443840.750,-1172305.530,354.700,0.013
-443840.270,-1172305.940,354.980,0.020
-443839.760,-1172306.370,355.300,0.014
-443839.510,-1172306.580,355.440,0.019
-443841.780,-1172303.410,353.320,0.021
-443839.740,-1172305.150,354.360,0.008
-443839.520,-1172305.340,354.490,0.012
-443839.270,-1172305.550,354.670,0.013
-443838.770,-1172305.970,354.780,0.013
-443838.510,-1172306.190,355.090,0.009
-443840.300,-1172305.060,354.370,0.020
-443840.050,-1172305.270,354.500,0.015
-443839.810,-1172305.480,354.740,0.022
-443838.770,-1172306.360,355.250,0.010
-443841.700,-1172302.510,352.640,0.012
-443840.450,-1172303.560,353.300,0.010
-443840.210,-1172303.760,353.430,0.017
-443838.940,-1172304.850,354.120,0.018
-443838.690,-1172305.060,354.280,0.011
-443837.940,-1172305.690,354.700,0.006
-443841.190,-1172303.490,353.310,0.011
-443839.440,-1172304.980,354.250,0.008
-443838.170,-1172306.050,354.980,0.005
-443841.490,-1172301.660,351.980,0.024
-443841.240,-1172301.870,352.150,0.014
-443838.760,-1172303.980,353.470,0.025
-443838.330,-1172304.850,354.110,0.019
-443838.070,-1172305.070,354.260,0.011
-443837.820,-1172305.280,354.430,0.008
-443841.210,-1172301.510,351.870,0.015
-443840.960,-1172301.720,352.040,0.008
-443839.240,-1172303.180,352.910,0.027
-443839.950,-1172301.540,351.860,0.034
-443839.680,-1172301.770,352.050,0.016
-443838.180,-1172303.040,352.820,0.019
-443837.930,-1172303.260,352.940,0.018
-443840.470,-1172301.590,351.840,0.028
-443840.220,-1172301.800,352.060,0.033
-443838.190,-1172303.520,353.130,0.009
-443837.690,-1172303.950,353.400,0.013
-443839.200,-1172301.710,351.900,0.021
-443838.710,-1172302.120,352.190,0.024
-443837.680,-1172302.990,352.750,0.021
-443838.020,-1172302.250,352.240,0.029
-443837.520,-1172302.680,352.520,0.018
-443836.920,-1172303.180,355.410,0.019
-443837.380,-1172302.240,352.180,0.019
-443837.020,-1172302.550,354.950,0.026
-443837.100,-1172302.020,354.560,0.028
-443836.590,-1172302.450,354.890,0.031
-443836.350,-1172302.660,355.040,0.048
-443835.590,-1172303.310,355.370,0.017
-443836.390,-1172302.250,354.690,0.022
-443836.120,-1172302.480,354.850,0.022
-443834.890,-1172303.520,355.420,0.012
-443836.130,-1172302.050,354.490,0.028
-443835.380,-1172302.690,354.930,0.013
-443834.890,-1172302.560,354.830,0.015
-443834.630,-1172302.780,354.940,0.013
-443834.370,-1172303.000,355.060,0.007
-443834.060,-1172302.690,354.800,0.015
-443833.050,-1172303.550,355.390,0.012
-443833.110,-1172303.070,354.970,0.017
-443827.450,-1172307.870,355.460,0.017
-443832.680,-1172302.990,354.970,0.030
-443832.440,-1172303.200,355.220,0.062
-443827.280,-1172307.570,355.250,0.051
-443831.650,-1172303.360,355.110,0.013
-443827.000,-1172307.310,355.010,0.029
-443826.520,-1172307.160,354.830,0.010
-443826.010,-1172307.600,355.150,0.013
-443830.220,-1172303.600,355.160,0.017
-443826.530,-1172306.730,354.530,0.010
-443825.780,-1172307.360,354.950,0.017
-443825.280,-1172307.790,355.240,0.020
-443825.030,-1172308.000,355.370,0.025
-443827.140,-1172305.770,353.920,0.028
-443826.390,-1172306.400,354.260,0.018
-443825.890,-1172306.830,354.570,0.028
-443829.870,-1172303.060,354.760,0.020
-443828.880,-1172303.900,355.280,0.013
-443826.710,-1172305.740,353.840,0.014
-443826.470,-1172305.950,353.950,0.018
-443825.250,-1172306.980,354.610,0.035
-443824.740,-1172307.410,354.890,0.070
-443828.530,-1172303.690,355.090,0.026
-443826.910,-1172305.070,353.360,0.014
-443825.920,-1172305.910,353.880,0.015
-443825.660,-1172306.130,354.050,0.011
-443825.160,-1172306.550,354.320,0.032
-443829.030,-1172302.910,354.590,0.067
-443826.400,-1172305.140,353.360,0.016
-443825.390,-1172306.000,353.880,0.023
-443825.140,-1172306.210,354.040,0.030
-443824.890,-1172306.420,354.140,0.017
-443824.620,-1172306.650,354.340,0.010
-443827.260,-1172303.940,352.590,0.014
-443825.240,-1172305.650,353.590,0.013
-443824.480,-1172306.300,354.080,0.013
-443824.230,-1172306.510,354.210,0.024
-443823.970,-1172306.730,354.390,0.027
-443823.220,-1172307.360,354.750,0.024
-443824.900,-1172305.480,353.490,0.026
-443824.650,-1172305.700,353.660,0.018
-443823.890,-1172306.340,354.040,0.009
-443823.640,-1172306.550,354.190,0.015
-443823.380,-1172306.770,354.320,0.033
-443826.140,-1172303.920,352.520,0.031
-443824.890,-1172304.980,353.160,0.017
-443824.630,-1172305.200,353.310,0.033
-443824.130,-1172305.630,353.570,0.013
-443823.410,-1172306.240,353.950,0.014
-443823.160,-1172306.450,354.110,0.028
-443824.860,-1172304.700,352.890,0.024
-443824.620,-1172304.900,353.070,0.020
-443823.880,-1172305.530,353.480,0.013
-443823.830,-1172305.140,353.350,0.025
-443823.330,-1172305.560,353.460,0.018
-443824.350,-1172304.230,352.570,0.017
-443823.840,-1172304.670,352.850,0.047
-443823.590,-1172304.880,352.940,0.008
-443823.070,-1172305.320,353.280,0.025
-443823.580,-1172304.260,352.570,0.037
-443823.360,-1172304.030,352.300,0.049
-443820.090,-1172306.810,355.380,0.022
-443819.880,-1172306.430,355.080,0.020
-443819.630,-1172306.640,355.220,0.018
-443819.390,-1172306.840,355.330,0.016
-443819.610,-1172306.070,354.740,0.008
-443819.360,-1172306.280,354.880,0.009
-443819.090,-1172306.510,355.030,0.006
-443818.840,-1172306.730,355.170,0.007
-443819.330,-1172305.720,354.510,0.036
-443819.090,-1172305.930,354.620,0.016
-443818.580,-1172306.360,354.920,0.019
-443818.080,-1172306.790,355.200,0.016
-443819.400,-1172305.240,354.140,0.023
-443818.630,-1172305.900,354.570,0.020
-443818.120,-1172306.320,354.830,0.021
-443817.640,-1172306.730,355.110,0.019
-443818.700,-1172305.390,354.170,0.014
-443818.440,-1172305.610,354.320,0.014
-443818.210,-1172305.800,354.440,0.012
-443816.970,-1172306.860,355.140,0.029
-443816.730,-1172307.060,355.280,0.018
-443818.400,-1172305.160,353.980,0.017
-443817.650,-1172305.800,354.400,0.020
-443817.400,-1172306.010,354.550,0.033
-443817.130,-1172306.230,354.700,0.025
-443816.890,-1172306.440,354.810,0.021
-443816.130,-1172307.080,355.260,0.019
-443818.360,-1172304.650,353.670,0.026
-443816.850,-1172305.930,354.470,0.031
-443816.590,-1172306.150,354.640,0.029
-443816.330,-1172306.370,354.780,0.022
-443816.090,-1172306.580,354.920,0.016
-443815.850,-1172306.780,355.040,0.017
-443818.540,-1172304.070,353.270,0.030
-443817.520,-1172304.930,353.700,0.016
-443815.780,-1172306.410,354.680,0.012
-443817.890,-1172304.070,353.190,0.044
-443816.380,-1172305.350,353.970,0.013
-443805.090,-1172308.000,355.150,0.020
-443804.500,-1172308.020,355.070,0.013
-443804.240,-1172308.240,355.220,0.008
-443803.810,-1172307.490,354.700,0.026
-443807.180,-1172305.190,355.460,0.004
-443803.250,-1172308.530,355.370,0.022
-443805.330,-1172306.210,353.790,0.033
-443805.080,-1172306.420,354.110,0.037
-443802.570,-1172308.550,355.330,0.014
-443802.330,-1172308.750,355.460,0.011
-443805.600,-1172305.360,353.230,0.013
-443805.340,-1172305.580,353.360,0.011
-443804.590,-1172306.220,353.770,0.028
-443802.080,-1172308.340,355.150,0.017
-443803.930,-1172306.290,353.740,0.020
-443803.430,-1172306.720,354.060,0.017
-443802.690,-1172307.340,354.430,0.016
-443801.980,-1172307.950,354.840,0.023
-443801.720,-1172308.170,355.010,0.013
-443804.320,-1172305.420,353.130,0.010
-443804.080,-1172305.620,353.310,0.010
-443803.820,-1172305.850,353.410,0.007
-443803.340,-1172306.250,353.690,0.011
-443802.360,-1172307.080,354.240,0.019
-443802.130,-1172307.280,354.360,0.020
-443801.620,-1172307.710,354.670,0.027
-443801.370,-1172307.920,354.810,0.016
-443803.450,-1172305.590,353.130,0.005
-443802.960,-1172306.010,353.440,0.014
-443802.700,-1172306.220,353.880,0.046
-443801.470,-1172307.270,354.290,0.018
-443801.210,-1172307.490,354.430,0.016
-443801.980,-1172306.220,353.580,0.026
-443801.730,-1172306.430,353.730,0.054
-443801.220,-1172306.870,354.000,0.034
-443801.990,-1172305.750,353.170,0.025
-443801.750,-1172305.950,353.280,0.043
-443728.720,-1172293.730,355.580,0.046
-443722.090,-1172315.190,355.350,0.010
-443744.800,-1172338.710,353.380,0.031
-443748.630,-1172334.960,352.480,0.034
-443716.710,-1172290.500,355.550,0.016
-443715.670,-1172290.460,355.450,0.020
-443715.400,-1172290.680,355.560,0.020
-443715.020,-1172290.480,355.440,0.017
-443711.980,-1172290.440,355.210,0.019
-443708.640,-1172292.610,354.640,0.021
-443707.880,-1172292.690,354.680,0.034
-443707.640,-1172292.890,354.830,0.030
-443707.390,-1172293.100,355.000,0.029
-443706.420,-1172292.200,354.500,0.052
-443835.960,-1172337.760,370.850,0.070
-443828.070,-1172367.010,371.070,0.029
-443832.690,-1172366.850,371.010,0.037
-443833.850,-1172366.850,370.980,0.023
-443835.440,-1172366.840,371.050,0.039
-443753.450,-1172437.310,361.810,0.043
-443838.550,-1172366.580,370.840,0.040
-443757.530,-1172437.230,361.850,0.043
-443758.350,-1172437.000,361.550,0.078
-443760.100,-1172437.110,361.850,0.051
-443762.150,-1172436.810,361.540,0.039
-443767.020,-1172436.540,361.500,0.073
-443839.960,-1172432.250,374.360,0.088
-443841.490,-1172407.130,375.010,0.100
-443843.720,-1172399.660,374.590,0.034
-443841.390,-1172399.800,374.670,0.047
-443718.600,-1172290.540,355.700,0.023
-443719.620,-1172290.640,355.820,0.014
-443720.520,-1172290.440,355.810,0.043
-443719.990,-1172293.070,357.410,0.023
-443718.770,-1172294.090,357.920,0.030
-443724.070,-1172295.760,357.230,0.038
-443723.570,-1172296.180,357.630,0.036
-443725.050,-1172295.940,357.510,0.039
-443725.420,-1172295.140,356.710,0.039
-443733.330,-1172290.420,358.320,0.010
-443733.930,-1172290.390,358.370,0.020
-443733.700,-1172290.580,358.510,0.010
-443733.450,-1172290.790,358.660,0.013
-443734.410,-1172290.380,358.400,0.028
-443734.150,-1172290.600,358.560,0.026
-443733.650,-1172291.010,358.880,0.013
-443734.760,-1172290.410,358.480,0.021
-443734.510,-1172290.620,358.630,0.021
-443734.270,-1172290.820,358.790,0.019
-443734.010,-1172291.040,358.930,0.024
-443733.760,-1172291.240,359.090,0.014
-443733.520,-1172291.450,359.220,0.016
-443730.070,-1172294.320,356.400,0.035
-443734.750,-1172290.890,358.830,0.051
-443734.530,-1172291.070,359.000,0.015
-443733.790,-1172291.690,359.400,0.031
-443733.540,-1172291.900,359.570,0.023
-443734.070,-1172291.850,359.570,0.027
-443729.660,-1172295.520,357.600,0.063
-443735.540,-1172290.620,358.660,0.027
-443735.510,-1172291.100,359.090,0.021
-443735.250,-1172291.310,359.230,0.023
-443734.990,-1172291.530,359.380,0.035
-443734.740,-1172291.740,359.560,0.023
-443734.510,-1172291.930,359.710,0.016
-443736.230,-1172290.870,358.980,0.020
-443735.970,-1172291.080,359.150,0.028
-443735.000,-1172291.890,359.700,0.038
-443737.110,-1172290.690,358.900,0.021
-443736.870,-1172290.900,359.060,0.014
-443736.610,-1172291.110,359.210,0.015
-443736.120,-1172291.520,359.480,0.024
-443737.620,-1172290.670,358.930,0.037
-443737.380,-1172290.870,359.060,0.029
-443737.130,-1172291.080,359.200,0.026
-443736.890,-1172291.290,359.340,0.018
-443738.380,-1172290.420,358.840,0.027
-443738.130,-1172290.630,358.980,0.031
-443737.140,-1172291.450,359.530,0.025
-443737.700,-1172291.240,359.380,0.023
-443737.450,-1172291.460,359.550,0.028
-443739.050,-1172290.540,358.970,0.054
-443738.310,-1172291.160,359.400,0.028
-443739.460,-1172290.600,359.050,0.041
-443739.600,-1172290.950,359.370,0.030
-443740.740,-1172290.390,359.050,0.025
-443740.490,-1172290.600,359.180,0.022
-443740.240,-1172290.810,359.300,0.029
-443740.000,-1172291.010,359.470,0.039
-443741.320,-1172290.510,359.210,0.029
-443741.630,-1172290.730,359.400,0.024
-443742.280,-1172290.710,359.470,0.014
-443742.480,-1172290.970,359.700,0.011
-443748.710,-1172290.600,358.950,0.032
-443722.530,-1172315.590,355.620,0.024
-443722.850,-1172315.700,355.750,0.023
-443722.120,-1172316.320,356.160,0.018
-443723.920,-1172315.680,355.810,0.019
-443723.680,-1172315.880,355.940,0.036
-443722.250,-1172317.070,356.740,0.040
-443724.420,-1172315.860,356.000,0.045
-443723.900,-1172316.290,356.280,0.025
-443723.190,-1172316.890,356.640,0.025
-443722.920,-1172317.110,356.780,0.021
-443725.360,-1172315.470,355.760,0.064
-443723.900,-1172316.690,356.490,0.018
-443723.400,-1172317.100,356.770,0.024
-443725.410,-1172315.930,356.110,0.031
-443725.160,-1172316.140,356.280,0.029
-443724.400,-1172316.770,356.670,0.026
-443722.680,-1172318.210,357.560,0.038
-443722.180,-1172318.630,357.820,0.028
-443725.710,-1172315.960,356.180,0.031
-443722.280,-1172318.830,357.960,0.044
-443725.790,-1172316.460,356.530,0.024
-443725.540,-1172316.670,356.660,0.023
-443724.590,-1172317.470,357.150,0.025
-443724.080,-1172317.890,357.450,0.025
-443723.360,-1172318.500,357.830,0.034
-443723.100,-1172318.710,357.960,0.028
-443722.850,-1172318.920,358.120,0.021
-443722.340,-1172319.350,358.380,0.050
-443726.400,-1172316.290,356.420,0.021
-443726.170,-1172316.490,356.560,0.016
-443726.180,-1172316.950,356.930,0.043
-443725.430,-1172317.570,357.320,0.044
-443724.470,-1172318.370,357.790,0.028
-443723.760,-1172318.970,358.170,0.036
-443722.800,-1172319.780,358.730,0.028
-443723.780,-1172319.250,358.370,0.046
-443726.530,-1172317.580,357.430,0.021
-443726.030,-1172317.990,357.700,0.026
-443725.060,-1172318.810,358.160,0.028
-443730.690,-1172314.530,358.560,0.017
-443730.430,-1172314.740,358.680,0.031
-443726.300,-1172318.200,357.820,0.021
-443731.660,-1172314.210,358.450,0.034
-443730.520,-1172315.940,359.480,0.014
-443733.460,-1172313.860,358.230,0.053
-443733.860,-1172313.970,358.440,0.067
-443733.600,-1172314.190,358.590,0.042
-443730.920,-1172316.430,359.830,0.030
-443730.680,-1172316.630,360.020,0.038
-443733.360,-1172314.710,358.880,0.027
-443730.870,-1172316.790,360.090,0.035
-443733.910,-1172314.850,359.140,0.055
-443735.960,-1172313.570,358.150,0.051
-443734.240,-1172315.010,359.150,0.031
-443737.000,-1172313.430,358.130,0.079
-443736.610,-1172314.330,358.880,0.039
-443736.120,-1172314.740,359.100,0.019
-443731.480,-1172318.630,361.350,0.029
-443736.990,-1172314.370,358.910,0.028
-443738.450,-1172313.670,358.610,0.023
-443736.970,-1172314.910,359.310,0.032
-443732.080,-1172319.020,361.630,0.033
-443739.880,-1172312.830,358.170,0.024
-443740.410,-1172313.020,358.350,0.038
-443738.450,-1172314.670,359.250,0.023
-443737.470,-1172315.490,359.690,0.066
-443734.800,-1172317.720,361.040,0.034
-443733.070,-1172319.180,361.900,0.044
-443740.270,-1172313.540,358.710,0.070
-443738.050,-1172315.400,359.670,0.015
-443737.810,-1172315.610,359.770,0.062
-443733.440,-1172319.280,361.840,0.031
-443741.680,-1172312.840,358.330,0.014
-443738.940,-1172315.140,359.600,0.025
-443734.090,-1172319.210,361.880,0.013
-443739.140,-1172315.220,359.690,0.027
-443742.090,-1172313.240,358.610,0.009
-443738.690,-1172316.100,360.160,0.020
-443735.240,-1172318.990,361.940,0.054
-443740.920,-1172315.030,359.700,0.026
-443737.520,-1172317.890,361.270,0.030
-443737.020,-1172318.310,361.480,0.032
-443743.640,-1172312.760,358.390,0.047
-443736.790,-1172318.890,361.870,0.023
-443741.410,-1172315.010,359.700,0.022
-443745.090,-1172312.580,358.400,0.056
-443744.120,-1172313.390,358.870,0.027
-443767.760,-1172294.030,359.090,0.051
-443768.560,-1172293.940,359.030,0.054
-443743.040,-1172315.370,360.030,0.015
-443739.150,-1172318.640,361.800,0.070
-443742.730,-1172316.510,360.770,0.020
-443740.290,-1172318.570,361.850,0.023
-443747.100,-1172313.300,358.970,0.012
-443745.650,-1172315.150,360.120,0.010
-443745.170,-1172315.560,360.330,0.031
-443747.100,-1172313.940,359.430,0.032
-443771.740,-1172293.670,359.140,0.098
-443774.010,-1172293.390,359.060,0.087
-443765.900,-1172309.780,358.020,0.035
-443764.910,-1172310.610,358.520,0.043
-443766.400,-1172309.750,357.990,0.029
-443766.130,-1172309.980,358.150,0.041
-443748.490,-1172324.840,355.620,0.012
-443767.270,-1172309.660,357.970,0.015
-443767.030,-1172309.850,358.120,0.015
-443748.910,-1172325.120,355.750,0.009
-443768.260,-1172309.740,358.170,0.022
-443768.780,-1172309.660,358.180,0.038
-443768.520,-1172309.880,358.320,0.037
-443765.070,-1172312.790,359.930,0.068
-443766.140,-1172312.930,360.060,0.025
-443770.420,-1172309.780,358.380,0.019
-443765.540,-1172313.890,360.650,0.018
-443765.280,-1172314.970,361.310,0.035
-443773.250,-1172309.080,358.070,0.024
-443769.350,-1172312.380,359.910,0.023
-443768.830,-1172312.820,360.150,0.062
-443767.620,-1172313.840,360.710,0.026
-443773.490,-1172309.210,358.230,0.019
-443765.870,-1172315.640,361.760,0.010
-443774.080,-1172309.220,358.250,0.032
-443768.700,-1172313.760,360.730,0.024
-443775.010,-1172309.300,358.360,0.028
-443770.550,-1172313.060,360.410,0.022
-443768.610,-1172314.700,361.350,0.034
-443779.570,-1172308.390,357.300,0.026
-443779.320,-1172308.600,357.470,0.013
-443772.460,-1172314.400,361.360,0.014
-443772.190,-1172314.620,361.540,0.017
-443780.540,-1172308.520,357.530,0.032
-443780.300,-1172308.730,357.650,0.024
-443779.330,-1172309.550,358.090,0.013
-443774.900,-1172313.290,360.850,0.053
-443773.670,-1172314.330,361.420,0.017
-443773.170,-1172314.750,361.650,0.029
-443780.020,-1172308.450,357.410,0.044
-443774.280,-1172314.150,361.390,0.021
-443782.690,-1172307.990,357.270,0.026
-443783.810,-1172307.890,357.320,0.028
-443783.320,-1172308.310,357.650,0.037
-443785.330,-1172307.760,357.340,0.014
-443780.650,-1172311.720,359.520,0.009
-443786.040,-1172307.730,357.370,0.012
-443785.790,-1172307.930,357.500,0.011
-443781.120,-1172311.890,359.680,0.007
-443782.350,-1172311.840,359.730,0.013
-443788.230,-1172307.350,357.330,0.019
-443788.000,-1172307.550,357.430,0.021
-443787.310,-1172307.640,357.420,0.019
-443785.590,-1172310.150,358.920,0.026
-443782.880,-1172312.850,360.510,0.040
-443788.190,-1172308.980,358.340,0.028
-443783.020,-1172313.360,360.780,0.014
-443786.980,-1172310.480,359.180,0.027
-443790.120,-1172308.320,358.010,0.023
-443787.660,-1172310.400,359.180,0.013
-443784.920,-1172312.720,360.490,0.010
-443786.270,-1172311.930,360.100,0.021
-443785.950,-1172312.810,360.600,0.022
-443790.600,-1172308.870,358.400,0.020
-443786.610,-1172313.120,360.840,0.019
-443792.530,-1172308.110,358.040,0.021
-443789.810,-1172310.420,359.270,0.007
-443789.560,-1172310.630,359.420,0.012
-443787.560,-1172312.320,360.400,0.012
-443787.600,-1172312.530,360.570,0.012
-443792.160,-1172310.020,359.230,0.031
-443791.920,-1172310.220,359.330,0.036
-443792.970,-1172309.710,359.100,0.019
-443792.480,-1172310.120,359.360,0.039
-443789.290,-1172312.830,361.020,0.049
-443793.090,-1172310.590,359.660,0.030
-443797.740,-1172307.130,357.820,0.022
-443795.600,-1172310.000,359.430,0.024
-443794.980,-1172312.160,360.910,0.044
-443806.210,-1172306.020,356.030,0.025
-443805.970,-1172306.220,356.150,0.022
-443805.700,-1172306.450,356.330,0.025
-443803.010,-1172308.730,355.540,0.015
-443802.010,-1172309.570,356.090,0.025
-443801.770,-1172309.770,356.200,0.021
-443806.020,-1172305.630,355.660,0.019
-443801.560,-1172309.400,355.850,0.013
-443807.640,-1172305.370,355.630,0.008
-443807.130,-1172305.790,355.900,0.009
-443806.390,-1172306.420,356.320,0.026
-443805.920,-1172306.820,356.560,0.016
-443803.500,-1172308.860,355.650,0.014
-443803.250,-1172309.080,355.750,0.010
-443802.990,-1172309.300,355.910,0.008
-443802.230,-1172309.940,356.350,0.018
-443804.990,-1172308.680,355.600,0.012
-443804.730,-1172308.900,355.740,0.015
-443804.490,-1172309.100,355.890,0.011
-443804.000,-1172309.520,356.160,0.015
-443803.760,-1172309.720,356.290,0.011
-443803.520,-1172309.930,356.450,0.012
-443803.280,-1172310.130,356.590,0.011
-443806.750,-1172306.590,356.480,0.016
-443806.260,-1172307.010,356.780,0.021
-443803.610,-1172309.250,355.960,0.015
-443803.370,-1172309.450,356.120,0.012
-443802.610,-1172310.090,356.550,0.024
-443809.650,-1172305.190,355.670,0.015
-443808.400,-1172306.250,356.350,0.022
-443807.910,-1172306.660,356.600,0.020
-443806.400,-1172307.950,357.460,0.019
-443806.150,-1172308.150,357.590,0.012
-443804.960,-1172309.160,355.990,0.013
-443804.710,-1172309.370,356.120,0.013
-443804.220,-1172309.790,356.380,0.011
-443803.960,-1172310.010,356.540,0.011
-443803.460,-1172310.430,356.830,0.011
-443809.190,-1172305.130,355.530,0.008
-443808.150,-1172306.000,356.150,0.005
-443807.180,-1172306.820,356.670,0.012
-443806.930,-1172307.040,356.820,0.009
-443806.180,-1172307.670,357.250,0.016
-443805.920,-1172307.890,357.390,0.012
-443809.990,-1172305.310,355.750,0.015
-443809.760,-1172305.510,355.890,0.012
-443806.810,-1172308.010,357.530,0.013
-443806.300,-1172308.440,357.800,0.015
-443805.580,-1172309.050,355.940,0.028
-443805.110,-1172309.450,356.210,0.019
-443804.860,-1172309.660,356.330,0.023
-443804.600,-1172309.880,356.500,0.011
-443803.850,-1172310.520,356.880,0.023
-443803.600,-1172310.730,357.070,0.019
-443810.560,-1172305.760,356.330,0.035
-443810.060,-1172306.180,356.420,0.013
-443809.300,-1172306.830,356.840,0.022
-443807.570,-1172308.300,357.800,0.022
-443805.410,-1172310.130,356.760,0.015
-443805.150,-1172310.340,356.910,0.022
-443804.660,-1172310.760,357.180,0.022
-443804.150,-1172311.190,357.460,0.058
-443810.570,-1172305.190,355.740,0.018
-443809.560,-1172306.050,356.290,0.037
-443807.370,-1172307.900,357.490,0.020
-443806.870,-1172308.330,357.770,0.010
-443806.610,-1172308.550,357.970,0.015
-443805.160,-1172309.770,356.480,0.022
-443804.910,-1172309.990,356.640,0.012
-443803.930,-1172310.820,357.210,0.026
-443803.680,-1172311.030,357.320,0.027
-443805.650,-1172310.990,357.420,0.007
-443810.070,-1172306.710,356.860,0.015
-443807.810,-1172308.630,358.090,0.013
-443807.550,-1172308.840,358.240,0.015
-443805.160,-1172310.870,357.320,0.011
-443812.120,-1172305.930,356.400,0.033
-443811.880,-1172306.140,356.560,0.027
-443811.380,-1172306.570,356.840,0.020
-443809.400,-1172308.240,357.980,0.017
-443809.140,-1172308.460,358.100,0.014
-443808.880,-1172308.680,358.230,0.013
-443808.370,-1172309.110,358.540,0.022
-443811.800,-1172305.780,356.250,0.022
-443811.540,-1172306.010,356.390,0.018
-443809.310,-1172307.900,357.650,0.023
-443808.800,-1172308.330,357.930,0.011
-443808.320,-1172308.740,358.210,0.015
-443807.790,-1172309.180,358.470,0.011
-443807.550,-1172309.390,358.680,0.026
-443805.880,-1172310.800,357.310,0.006
-443811.950,-1172307.080,357.250,0.017
-443811.200,-1172307.720,357.690,0.048
-443809.500,-1172309.150,358.640,0.018
-443811.960,-1172306.620,356.880,0.031
-443811.470,-1172307.030,357.150,0.011
-443810.730,-1172307.660,357.850,0.056
-443809.000,-1172309.120,358.560,0.015
-443815.180,-1172305.180,356.130,0.014
-443814.680,-1172305.610,356.410,0.016
-443812.400,-1172307.530,357.650,0.022
-443812.160,-1172307.740,357.790,0.022
-443811.920,-1172307.950,357.950,0.019
-443811.680,-1172308.140,358.100,0.016
-443813.770,-1172305.990,356.570,0.046
-443812.020,-1172307.470,357.540,0.026
-443811.770,-1172307.680,357.710,0.040
-443811.520,-1172307.900,357.850,0.029
-443810.270,-1172308.950,358.590,0.027
-443810.010,-1172309.170,358.750,0.012
-443813.830,-1172307.510,357.720,0.016
-443813.590,-1172307.710,357.880,0.023
-443813.350,-1172307.920,358.060,0.019
-443812.610,-1172308.550,358.480,0.019
-443815.430,-1172305.570,356.380,0.009
-443815.200,-1172305.770,356.510,0.008
-443814.450,-1172306.400,356.940,0.015
-443814.220,-1172306.590,357.090,0.031
-443812.470,-1172308.080,358.040,0.039
-443812.220,-1172308.290,358.220,0.031
-443811.950,-1172308.520,358.370,0.016
-443811.690,-1172308.740,358.540,0.025
-443814.820,-1172308.200,358.370,0.025
-443814.310,-1172308.630,358.670,0.029
-443815.540,-1172307.040,357.590,0.020
-443814.270,-1172308.120,358.270,0.027
-443814.010,-1172308.340,358.450,0.023
-443813.780,-1172308.540,358.590,0.026
-443815.200,-1172306.900,357.370,0.014
-443813.940,-1172307.970,358.090,0.017
-443813.720,-1172308.160,358.200,0.010
-443813.470,-1172308.370,358.360,0.013
-443813.230,-1172308.570,358.500,0.014
-443817.320,-1172307.430,355.640,0.016
-443817.060,-1172307.650,355.780,0.028
-443816.820,-1172307.850,355.930,0.029
-443816.560,-1172308.070,356.060,0.018
-443816.330,-1172308.270,356.200,0.013
-443816.080,-1172308.480,356.360,0.014
-443816.660,-1172307.560,355.610,0.012
-443816.410,-1172307.770,355.790,0.013
-443815.910,-1172308.200,356.080,0.010
-443816.220,-1172307.490,355.590,0.015
-443815.980,-1172307.700,355.730,0.015
-443819.330,-1172307.450,355.770,0.013
-443819.080,-1172307.670,355.930,0.011
-443818.840,-1172307.870,356.080,0.009
-443818.600,-1172308.070,356.200,0.028
-443818.090,-1172308.510,356.510,0.022
-443817.830,-1172308.730,356.640,0.017
-443817.560,-1172308.950,356.800,0.014
-443817.320,-1172309.160,356.960,0.020
-443817.080,-1172309.360,357.100,0.017
-443816.830,-1172309.580,357.230,0.017
-443816.580,-1172309.780,357.370,0.020
-443818.370,-1172307.710,355.910,0.010
-443818.110,-1172307.930,356.060,0.018
-443817.630,-1172308.330,356.340,0.023
-443817.390,-1172308.540,356.480,0.017
-443816.870,-1172308.980,356.770,0.015
-443816.640,-1172309.180,356.920,0.015
-443816.380,-1172309.400,357.080,0.015
-443816.110,-1172309.620,357.250,0.013
-443818.110,-1172307.340,355.530,0.009
-443817.860,-1172307.560,355.730,0.013
-443817.600,-1172307.780,355.890,0.012
-443817.090,-1172308.200,356.130,0.012
-443816.850,-1172308.410,356.310,0.011
-443816.590,-1172308.630,356.450,0.017
-443816.340,-1172308.840,356.590,0.013
-443816.090,-1172309.050,356.790,0.012
-443820.280,-1172308.150,356.390,0.018
-443819.770,-1172308.580,356.700,0.010
-443819.510,-1172308.800,356.820,0.009
-443819.270,-1172309.010,356.990,0.033
-443818.770,-1172309.430,357.260,0.020
-443818.520,-1172309.640,357.410,0.016
-443820.040,-1172307.890,356.170,0.007
-443819.790,-1172308.100,356.300,0.014
-443819.530,-1172308.320,356.470,0.007
-443819.290,-1172308.530,356.590,0.008
-443819.060,-1172308.720,356.750,0.032
-443818.550,-1172309.150,357.050,0.016
-443818.320,-1172309.350,357.150,0.014
-443819.810,-1172307.460,355.890,0.020
-443818.570,-1172308.520,356.580,0.034
-443818.310,-1172308.740,356.750,0.041
-443817.810,-1172309.160,357.030,0.021
-443817.580,-1172309.360,357.180,0.020
-443828.380,-1172304.330,355.580,0.056
-443827.630,-1172304.960,355.980,0.010
-443831.170,-1172304.270,355.710,0.044
-443829.670,-1172305.550,356.510,0.022
-443829.430,-1172305.760,356.670,0.021
-443829.190,-1172305.960,356.800,0.016
-443826.800,-1172307.980,355.470,0.017
-443826.030,-1172308.640,355.890,0.031
-443829.920,-1172304.830,356.020,0.022
-443828.420,-1172306.100,356.780,0.014
-443826.010,-1172308.150,355.540,0.016
-443829.690,-1172304.470,355.740,0.016
-443829.440,-1172304.680,355.910,0.053
-443828.950,-1172304.670,355.810,0.014
-443824.790,-1172308.210,355.520,0.083
-443828.330,-1172304.760,355.840,0.019
-443827.830,-1172305.190,356.090,0.020
-443831.900,-1172305.100,356.380,0.020
-443830.900,-1172305.940,356.950,0.030
-443827.960,-1172308.450,355.940,0.057
-443832.560,-1172303.970,355.680,0.035
-443831.800,-1172304.610,356.060,0.019
-443830.050,-1172306.100,356.960,0.027
-443829.800,-1172306.310,357.120,0.019
-443827.400,-1172308.350,355.830,0.019
-443830.840,-1172304.990,356.210,0.028
-443834.640,-1172303.740,355.600,0.009
-443834.390,-1172303.950,355.720,0.011
-443833.620,-1172304.600,356.160,0.010
-443832.140,-1172305.860,357.000,0.024
-443834.360,-1172303.550,355.450,0.020
-443832.630,-1172305.020,356.420,0.039
-443833.660,-1172303.610,355.480,0.013
-443832.920,-1172304.230,355.850,0.015
-443832.660,-1172304.450,356.030,0.023
-443835.040,-1172304.230,356.000,0.021
-443833.760,-1172305.320,356.700,0.013
-443834.810,-1172303.960,355.800,0.023
-443834.560,-1172304.180,356.050,0.021
-443833.330,-1172305.220,356.610,0.014
-443836.690,-1172303.390,355.550,0.017
-443836.450,-1172303.590,355.680,0.008
-443834.950,-1172304.860,356.470,0.020
-443834.680,-1172305.090,356.610,0.012
-443834.200,-1172305.500,356.840,0.012
-443833.940,-1172305.710,357.010,0.005
-443833.430,-1172306.150,357.280,0.011
-443836.800,-1172304.210,356.170,0.016
-443836.540,-1172304.430,356.310,0.011
-443835.310,-1172305.480,356.980,0.014
-443835.060,-1172305.690,357.080,0.012
-443834.580,-1172306.100,357.350,0.016
-443837.080,-1172303.510,355.660,0.022
-443835.100,-1172305.180,356.710,0.016
-443834.340,-1172305.830,357.130,0.014
-443834.120,-1172306.020,357.250,0.010
-443837.100,-1172304.450,356.330,0.019
-443835.830,-1172305.530,356.990,0.020
-443835.560,-1172305.750,357.160,0.010
-443837.370,-1172304.770,356.600,0.010
-443837.110,-1172304.990,356.730,0.009
-443836.600,-1172305.420,357.030,0.007
-443837.750,-1172306.840,355.550,0.014
-443838.040,-1172306.980,355.680,0.015
-443839.280,-1172306.780,355.570,0.015
-443839.020,-1172307.000,355.700,0.009
-443838.770,-1172307.210,355.830,0.014
-443838.400,-1172307.100,355.770,0.017
-443838.140,-1172307.330,355.910,0.010
-443839.780,-1172306.700,355.540,0.032
-443839.550,-1172306.890,355.670,0.020
-443840.780,-1172306.700,355.570,0.020
-443840.540,-1172306.910,355.710,0.018
-443840.310,-1172306.600,355.480,0.022
-443840.050,-1172306.820,355.650,0.030
-443698.350,-1172290.720,357.860,0.022
-443698.600,-1172290.900,358.060,0.016
-443698.210,-1172291.730,358.860,0.015
-443698.530,-1172291.850,358.860,0.023
-443707.160,-1172293.840,355.650,0.013
-443708.180,-1172294.940,356.930,0.028
-443707.680,-1172295.350,357.240,0.008
-443706.920,-1172295.990,357.850,0.007
-443706.440,-1172296.390,358.190,0.020
-443707.430,-1172295.100,357.040,0.013
-443708.830,-1172295.210,357.310,0.024
-443714.250,-1172291.110,355.800,0.052
-443709.080,-1172295.410,357.540,0.023
-443708.600,-1172295.810,357.950,0.014
-443708.360,-1172296.010,358.070,0.019
-443708.100,-1172296.230,358.290,0.021
-443707.850,-1172296.430,358.470,0.029
-443714.270,-1172292.100,356.370,0.047
-443708.990,-1172296.010,358.100,0.025
-443714.750,-1172292.130,356.420,0.064
-443715.940,-1172293.700,357.470,0.022
-443705.710,-1172317.660,358.390,0.060
-443705.670,-1172316.910,357.910,0.064
-443705.930,-1172319.030,359.550,0.035
-443705.890,-1172318.200,358.850,0.019
-443706.530,-1172320.020,360.420,0.055
-443706.280,-1172320.230,360.550,0.014
-443706.050,-1172320.420,360.820,0.031
-443706.150,-1172319.260,359.800,0.067
-443705.900,-1172319.460,359.930,0.067
-443707.150,-1172320.460,360.930,0.051
-443706.910,-1172320.660,361.050,0.057
-443706.150,-1172321.290,361.430,0.016
-443705.920,-1172321.480,361.610,0.022
-443706.660,-1172320.430,360.810,0.038
-443708.700,-1172320.250,360.820,0.035
-443707.980,-1172320.860,361.200,0.043
-443706.980,-1172321.690,361.810,0.023
-443707.510,-1172320.770,360.960,0.026
-443707.040,-1172321.160,361.430,0.035
-443706.780,-1172321.370,361.570,0.042
-443706.540,-1172321.580,361.730,0.052
-443706.310,-1172321.770,361.850,0.032
-443709.630,-1172320.340,360.930,0.027
-443709.400,-1172320.530,361.080,0.018
-443709.150,-1172320.740,361.230,0.048
-443708.680,-1172321.140,361.520,0.022
-443708.450,-1172321.330,361.660,0.046
-443707.960,-1172321.740,361.980,0.028
-443715.300,-1172315.280,357.240,0.020
-443715.070,-1172315.470,357.410,0.031
-443709.210,-1172320.360,360.930,0.037
-443708.730,-1172320.760,361.210,0.034
-443708.500,-1172320.960,361.370,0.025
-443708.250,-1172321.160,361.520,0.028
-443708.000,-1172321.370,361.690,0.046
-443710.850,-1172320.370,361.110,0.024
-443709.880,-1172321.180,361.680,0.039
-443715.530,-1172316.010,357.910,0.041
-443710.410,-1172320.290,361.130,0.056
-443709.670,-1172320.910,361.430,0.049
-443708.700,-1172321.720,362.030,0.029
-443712.200,-1172320.080,360.990,0.023
-443711.710,-1172320.480,361.270,0.046
-443710.250,-1172321.710,362.160,0.071
-443716.690,-1172316.010,357.630,0.021
-443711.830,-1172320.070,360.950,0.030
-443709.870,-1172321.710,361.910,0.050
-443715.580,-1172318.270,359.730,0.030
-443711.900,-1172321.340,361.970,0.030
-443715.580,-1172317.830,359.390,0.028
-443713.130,-1172319.870,360.890,0.018
-443712.150,-1172320.690,361.470,0.025
-443711.440,-1172321.290,361.900,0.032
-443715.620,-1172318.720,360.160,0.026
-443715.380,-1172318.920,360.290,0.025
-443714.150,-1172319.940,361.090,0.036
-443713.640,-1172320.370,361.090,0.044
-443712.700,-1172321.160,361.920,0.028
-443715.960,-1172319.430,360.780,0.085
-443714.780,-1172320.410,361.480,0.025
-443714.290,-1172320.830,361.520,0.035
-443714.050,-1172321.030,361.950,0.027
-443718.820,-1172316.440,358.090,0.025
-443715.670,-1172319.070,360.430,0.027
-443714.690,-1172319.880,361.010,0.041
-443714.450,-1172320.080,361.150,0.027
-443714.210,-1172320.290,361.340,0.033
-443713.940,-1172320.510,361.540,0.042
-443719.500,-1172316.930,358.460,0.022
-443715.330,-1172320.420,361.500,0.018
-443715.090,-1172320.620,361.630,0.027
-443714.840,-1172320.830,361.790,0.019
-443714.370,-1172321.220,362.110,0.017
-443715.770,-1172320.480,361.610,0.016
-443715.550,-1172320.670,361.710,0.032
-443715.290,-1172320.880,361.880,0.022
-443720.290,-1172320.500,358.990,0.021
-443705.960,-1172337.340,360.910,0.083
-443741.840,-1172423.180,350.780,0.030
-443754.090,-1172422.780,350.850,0.023
-443756.300,-1172422.410,347.440,0.038
-443756.170,-1172422.720,347.580,0.059
-443765.150,-1172422.390,354.470,0.080
-443768.290,-1172421.960,350.840,0.036
-443773.630,-1172425.060,353.690,0.089
-443737.650,-1172397.670,347.710,0.094
-443737.520,-1172397.990,347.840,0.090
-443842.090,-1172305.420,354.640,0.007
-443841.390,-1172305.680,354.750,0.013
-443841.810,-1172303.380,353.130,0.021
-443841.500,-1172304.190,353.680,0.024
-443840.980,-1172305.530,354.700,0.011
-443841.620,-1172302.620,352.640,0.011
-443840.780,-1172304.800,354.130,0.019
-443840.570,-1172305.340,354.440,0.020
-443840.460,-1172305.630,354.630,0.015
-443840.260,-1172306.160,355.010,0.020
-443840.990,-1172302.840,352.680,0.023
-443840.890,-1172303.090,352.940,0.017
-443840.040,-1172305.280,354.410,0.012
-443839.950,-1172305.520,354.650,0.020
-443839.630,-1172306.360,355.150,0.014
-443841.410,-1172301.750,351.920,0.024
-443839.860,-1172304.110,353.590,0.031
-443839.010,-1172306.310,355.110,0.012
-443840.180,-1172301.830,351.780,0.032
-443840.090,-1172302.070,352.130,0.026
-443838.490,-1172306.180,354.990,0.011
-443838.400,-1172306.440,355.210,0.012
-443839.050,-1172303.210,352.720,0.026
-443838.640,-1172304.290,353.570,0.024
-443838.410,-1172304.860,353.940,0.018
-443838.920,-1172302.060,351.970,0.029
-443838.400,-1172303.410,352.920,0.013
-443838.300,-1172303.650,353.150,0.005
-443838.070,-1172304.240,353.510,0.014
-443837.770,-1172305.030,354.110,0.016
-443837.960,-1172303.000,352.600,0.020
-443837.770,-1172302.350,352.150,0.025
-443837.310,-1172302.360,352.190,0.024
-443836.770,-1172302.400,354.650,0.038
-443836.560,-1172302.940,354.970,0.029
-443836.470,-1172303.190,355.280,0.021
-443835.900,-1172303.120,355.160,0.024
-443835.630,-1172302.600,354.850,0.018
-443834.270,-1172303.520,355.290,0.020
-443833.480,-1172303.070,354.910,0.021
-443832.960,-1172303.300,355.080,0.011
-443832.560,-1172303.090,354.860,0.026
-443831.760,-1172303.700,355.290,0.017
-443830.190,-1172303.500,354.990,0.017
-443829.490,-1172303.720,355.080,0.008
-443829.070,-1172303.750,355.070,0.012
-443828.950,-1172304.040,355.280,0.019
-443827.600,-1172307.450,355.020,0.028
-443827.500,-1172307.710,355.250,0.026
-443828.540,-1172303.960,355.190,0.021
-443827.490,-1172306.600,354.420,0.022
-443827.170,-1172307.410,354.960,0.048
-443828.430,-1172303.000,354.460,0.013
-443828.330,-1172303.270,354.690,0.017
-443828.110,-1172303.820,355.050,0.017
-443826.740,-1172307.270,354.860,0.012
-443826.630,-1172307.550,355.030,0.011
-443827.700,-1172303.330,352.100,0.046
-443827.790,-1172303.140,354.620,0.015
-443826.410,-1172306.620,354.360,0.009
-443825.870,-1172307.990,355.320,0.014
-443826.970,-1172303.900,352.450,0.014
-443826.420,-1172305.290,353.390,0.023
-443826.220,-1172305.800,353.750,0.026
-443825.780,-1172306.930,354.530,0.018
-443825.460,-1172307.740,355.060,0.021
-443825.650,-1172305.910,353.780,0.027
-443825.440,-1172306.450,354.160,0.035
-443825.220,-1172307.000,354.530,0.036
-443825.000,-1172307.560,354.920,0.023
-443824.890,-1172307.850,355.110,0.036
-443824.780,-1172308.130,355.290,0.035
-443825.310,-1172305.470,353.400,0.021
-443824.990,-1172306.290,353.980,0.027
-443824.780,-1172306.820,354.380,0.032
-443824.360,-1172307.890,355.150,0.028
-443825.280,-1172304.230,352.540,0.013
-443825.060,-1172304.800,352.930,0.018
-443824.530,-1172306.140,353.880,0.010
-443824.320,-1172306.670,354.250,0.025
-443824.580,-1172305.050,353.070,0.017
-443824.350,-1172305.620,353.500,0.011
-443824.030,-1172306.440,354.070,0.009
-443823.920,-1172306.710,354.260,0.024
-443823.610,-1172307.510,354.820,0.011
-443824.450,-1172304.330,352.540,0.024
-443823.590,-1172306.500,354.060,0.012
-443823.370,-1172305.730,353.540,0.016
-443823.370,-1172304.180,352.360,0.035
-443820.410,-1172306.770,355.230,0.026
-443820.300,-1172306.130,354.720,0.016
-443820.190,-1172306.420,354.930,0.015
-443820.070,-1172306.700,355.140,0.020
-443820.290,-1172305.160,354.010,0.014
-443820.180,-1172305.430,354.220,0.022
-443819.970,-1172305.960,354.620,0.020
-443819.870,-1172306.220,354.790,0.011
-443819.760,-1172306.500,355.010,0.022
-443819.650,-1172306.770,355.200,0.017
-443819.860,-1172305.070,353.910,0.019
-443819.750,-1172305.330,354.100,0.018
-443819.430,-1172306.130,354.710,0.006
-443819.200,-1172306.710,355.100,0.010
-443819.770,-1172303.920,353.120,0.016
-443819.340,-1172304.990,353.850,0.009
-443818.690,-1172306.620,355.000,0.011
-443818.880,-1172304.970,353.770,0.021
-443818.780,-1172305.210,353.960,0.016
-443818.670,-1172305.490,354.110,0.015
-443818.560,-1172305.770,354.340,0.017
-443818.360,-1172306.280,354.720,0.015
-443818.250,-1172306.550,354.920,0.023
-443818.140,-1172306.830,355.120,0.016
-443817.980,-1172305.930,354.410,0.021
-443817.880,-1172306.180,354.610,0.016
-443818.130,-1172304.210,353.150,0.047
-443817.700,-1172305.290,353.920,0.029
-443817.360,-1172306.140,354.490,0.032
-443817.580,-1172304.160,353.040,0.044
-443817.150,-1172305.240,353.840,0.011
-443817.040,-1172305.510,354.020,0.021
-443816.820,-1172306.050,354.400,0.031
-443816.710,-1172306.330,354.630,0.020
-443816.610,-1172306.590,354.800,0.019
-443816.500,-1172306.860,354.990,0.027
-443816.390,-1172307.140,355.210,0.022
-443816.420,-1172306.040,354.320,0.024
-443816.320,-1172306.280,354.540,0.021
-443816.220,-1172306.530,354.740,0.016
-443816.120,-1172306.790,354.920,0.026
-443816.000,-1172307.080,355.140,0.013
-443816.390,-1172304.960,353.530,0.017
-443816.280,-1172305.230,353.750,0.011
-443816.180,-1172305.470,353.960,0.010
-443815.960,-1172306.030,354.330,0.010
-443815.850,-1172306.300,354.540,0.005
-443815.740,-1172306.580,354.710,0.015
-443815.630,-1172306.850,354.960,0.015
-443815.710,-1172305.460,353.890,0.008
-443815.320,-1172305.000,353.600,0.029
-443806.190,-1172305.520,353.190,0.022
-443806.090,-1172305.760,353.410,0.021
-443786.160,-1172308.050,351.090,0.099
-443786.610,-1172308.370,351.220,0.044
-443801.640,-1172307.220,354.220,0.020
-443802.730,-1172306.910,354.070,0.016
-443802.130,-1172307.100,354.010,0.018
-443803.290,-1172306.760,353.920,0.010
-443804.020,-1172306.490,353.760,0.037
-443803.920,-1172306.750,353.970,0.034
-443803.180,-1172308.600,355.330,0.025
-443804.070,-1172307.580,354.620,0.033
-443803.640,-1172308.650,355.330,0.017
-443805.560,-1172305.790,353.340,0.015
-443805.340,-1172306.330,353.700,0.034
-443804.960,-1172306.460,353.900,0.032
-443729.780,-1172293.260,355.020,0.034
-443729.690,-1172293.490,355.300,0.022
-443721.890,-1172315.110,355.150,0.008
-443721.780,-1172315.370,355.330,0.010
-443722.550,-1172315.230,355.260,0.038
-443723.420,-1172315.200,355.310,0.027
-443739.570,-1172312.770,350.880,0.087
-443747.570,-1172313.030,352.440,0.079
-443748.740,-1172334.980,352.410,0.024
-443785.730,-1172308.440,351.230,0.046
-443715.310,-1172290.470,355.390,0.026
-443714.960,-1172290.360,355.280,0.014
-443708.610,-1172292.790,354.670,0.012
-443708.270,-1172292.840,354.690,0.016
-443707.770,-1172292.900,354.570,0.031
-443707.570,-1172292.760,354.560,0.034
-443707.460,-1172293.020,354.750,0.036
-443707.360,-1172293.280,355.040,0.023
-443844.030,-1172399.740,374.540,0.037
-443850.830,-1172370.790,373.630,0.096
-443837.370,-1172366.780,370.910,0.048
-443834.800,-1172366.830,370.820,0.042
-443832.080,-1172366.880,370.790,0.044
-443767.140,-1172436.850,361.740,0.078
-443760.670,-1172437.300,361.860,0.050
-443758.020,-1172437.420,361.850,0.030
-443837.080,-1172330.240,370.360,0.093
-443840.040,-1172306.720,355.380,0.022
-443839.940,-1172306.970,355.600,0.019
-443840.550,-1172306.640,355.420,0.027
-443833.620,-1172303.770,355.540,0.010
-443833.310,-1172304.590,356.050,0.008
-443834.070,-1172304.040,355.710,0.017
-443833.320,-1172305.980,357.020,0.013
-443833.220,-1172306.240,357.280,0.010
-443834.790,-1172303.570,355.380,0.011
-443834.140,-1172305.230,356.540,0.018
-443834.980,-1172304.280,355.930,0.022
-443835.610,-1172305.400,356.760,0.018
-443836.840,-1172303.590,355.620,0.019
-443836.010,-1172305.740,357.080,0.017
-443830.490,-1172304.160,355.490,0.020
-443829.730,-1172306.110,356.780,0.016
-443831.440,-1172304.520,355.820,0.024
-443830.910,-1172305.870,356.780,0.017
-443830.690,-1172306.430,357.160,0.056
-443831.380,-1172306.090,356.940,0.012
-443833.060,-1172304.150,355.640,0.013
-443826.210,-1172308.610,355.810,0.031
-443828.220,-1172304.780,355.780,0.014
-443827.900,-1172305.600,356.350,0.030
-443826.970,-1172307.930,355.360,0.020
-443828.520,-1172305.130,356.020,0.013
-443828.220,-1172305.910,356.600,0.010
-443828.760,-1172305.600,356.360,0.022
-443827.830,-1172307.950,355.430,0.022
-443829.550,-1172305.130,356.100,0.017
-443829.120,-1172306.230,356.850,0.072
-443820.320,-1172308.180,356.280,0.020
-443819.540,-1172307.040,355.390,0.011
-443819.330,-1172307.590,355.770,0.014
-443819.220,-1172307.850,356.010,0.032
-443818.790,-1172308.940,356.790,0.034
-443818.590,-1172309.450,357.180,0.023
-443819.970,-1172306.960,355.370,0.014
-443819.870,-1172307.220,355.550,0.020
-443819.750,-1172307.510,355.780,0.016
-443819.440,-1172308.290,356.340,0.012
-443819.340,-1172308.550,356.550,0.008
-443819.240,-1172308.810,356.720,0.036
-443819.130,-1172309.070,356.910,0.039
-443818.920,-1172309.620,357.320,0.018
-443820.300,-1172307.050,355.440,0.047
-443820.000,-1172307.820,356.030,0.009
-443819.780,-1172308.360,356.420,0.010
-443819.680,-1172308.620,356.640,0.010
-443817.930,-1172307.370,355.480,0.014
-443817.820,-1172307.650,355.680,0.013
-443817.720,-1172307.900,355.920,0.015
-443817.500,-1172308.440,356.290,0.020
-443817.380,-1172308.750,356.500,0.019
-443817.170,-1172309.290,356.880,0.015
-443817.070,-1172309.540,357.110,0.018
-443816.960,-1172309.810,357.280,0.028
-443818.360,-1172307.460,355.590,0.009
-443818.250,-1172307.730,355.810,0.007
-443818.140,-1172308.010,356.020,0.023
-443817.830,-1172308.790,356.590,0.013
-443817.730,-1172309.060,356.800,0.016
-443817.620,-1172309.340,357.000,0.019
-443817.510,-1172309.600,357.180,0.016
-443818.880,-1172307.510,355.680,0.012
-443818.680,-1172308.030,356.070,0.021
-443818.460,-1172308.580,356.480,0.035
-443818.350,-1172308.850,356.680,0.038
-443818.250,-1172309.110,356.890,0.028
-443818.130,-1172309.410,357.080,0.013
-443817.920,-1172309.930,357.460,0.040
-443816.170,-1172307.690,355.580,0.014
-443815.960,-1172308.210,356.010,0.010
-443816.730,-1172307.730,355.670,0.028
-443816.520,-1172308.250,356.050,0.013
-443816.420,-1172308.510,356.260,0.018
-443816.300,-1172308.790,356.430,0.015
-443816.200,-1172309.050,356.670,0.012
-443816.090,-1172309.320,356.840,0.010
-443816.000,-1172309.560,357.100,0.013
-443817.450,-1172307.260,355.370,0.018
-443817.030,-1172308.310,356.130,0.012
-443816.920,-1172308.590,356.370,0.017
-443816.710,-1172309.120,356.760,0.012
-443816.610,-1172309.370,356.940,0.012
-443816.500,-1172309.650,357.180,0.012
-443815.690,-1172306.730,357.220,0.028
-443815.580,-1172307.000,357.380,0.023
-443815.370,-1172307.540,357.790,0.024
-443815.260,-1172307.820,357.980,0.016
-443815.160,-1172305.430,356.170,0.014
-443815.060,-1172305.670,356.390,0.009
-443814.420,-1172307.290,357.530,0.013
-443814.310,-1172307.550,357.730,0.012
-443814.090,-1172308.120,358.130,0.021
-443813.870,-1172308.670,358.540,0.032
-443815.770,-1172305.350,356.150,0.013
-443815.660,-1172305.630,356.360,0.029
-443815.560,-1172305.880,356.550,0.040
-443815.460,-1172306.130,356.770,0.050
-443815.120,-1172306.980,357.350,0.015
-443815.010,-1172307.260,357.520,0.038
-443814.900,-1172307.530,357.740,0.042
-443814.700,-1172308.050,358.110,0.020
-443814.590,-1172308.310,358.330,0.023
-443814.490,-1172308.570,358.560,0.028
-443813.990,-1172305.970,356.420,0.023
-443813.160,-1172308.070,358.020,0.021
-443812.950,-1172308.610,358.390,0.017
-443814.800,-1172305.250,355.990,0.015
-443814.680,-1172305.520,356.200,0.018
-443814.480,-1172306.050,356.560,0.028
-443814.260,-1172306.590,356.910,0.022
-443813.830,-1172307.660,357.720,0.013
-443813.730,-1172307.910,357.920,0.008
-443813.630,-1172308.170,358.140,0.013
-443813.510,-1172308.460,358.330,0.016
-443813.410,-1172308.730,358.520,0.017
-443812.270,-1172307.710,357.630,0.016
-443812.170,-1172307.960,357.860,0.014
-443812.060,-1172308.230,358.050,0.032
-443811.840,-1172308.770,358.430,0.022
-443813.750,-1172305.390,356.000,0.013
-443813.540,-1172305.930,356.390,0.035
-443812.680,-1172308.090,357.920,0.019
-443812.590,-1172308.320,358.180,0.030
-443812.480,-1172308.590,358.340,0.016
-443812.480,-1172306.170,356.450,0.023
-443812.060,-1172307.220,357.270,0.019
-443811.850,-1172307.760,357.670,0.028
-443811.630,-1172308.290,358.070,0.016
-443811.520,-1172308.580,358.240,0.014
-443811.410,-1172308.850,358.510,0.019
-443811.640,-1172305.890,356.190,0.017
-443811.530,-1172306.170,356.430,0.016
-443811.430,-1172306.410,356.600,0.020
-443811.320,-1172306.700,356.800,0.014
-443810.440,-1172308.890,358.390,0.034
-443810.350,-1172309.110,358.660,0.034
-443812.020,-1172306.150,356.440,0.023
-443811.910,-1172306.410,356.620,0.033
-443811.800,-1172306.690,356.830,0.018
-443811.580,-1172307.240,357.210,0.034
-443811.180,-1172308.260,358.160,0.025
-443809.270,-1172309.270,358.640,0.067
-443810.710,-1172306.780,357.050,0.042
-443809.930,-1172308.720,358.220,0.022
-443809.930,-1172305.180,355.620,0.012
-443808.520,-1172308.710,358.060,0.013
-443808.420,-1172308.960,358.280,0.019
-443808.320,-1172309.230,358.470,0.019
-443809.470,-1172307.570,357.260,0.026
-443809.170,-1172308.340,357.870,0.018
-443809.070,-1172308.600,358.060,0.014
-443807.350,-1172308.650,357.870,0.013
-443807.840,-1172308.390,357.700,0.021
-443809.500,-1172305.040,355.450,0.009
-443806.390,-1172307.500,356.940,0.016
-443806.280,-1172307.780,357.160,0.018
-443806.190,-1172308.010,357.430,0.017
-443807.200,-1172306.560,356.400,0.030
-443806.670,-1172307.890,357.310,0.010
-443806.560,-1172308.150,357.520,0.013
-443805.440,-1172310.920,357.310,0.010
-443806.730,-1172309.140,358.250,0.036
-443805.920,-1172306.210,356.030,0.020
-443804.020,-1172310.920,357.120,0.024
-443805.230,-1172309.080,355.810,0.015
-443803.540,-1172308.910,355.590,0.014
-443802.770,-1172310.820,356.960,0.023
-443803.540,-1172310.000,356.430,0.014
-443803.100,-1172311.090,357.120,0.027
-443802.200,-1172309.470,355.800,0.022
-443802.110,-1172309.700,356.080,0.017
-443792.470,-1172308.480,358.170,0.037
-443791.020,-1172312.060,360.310,0.014
-443792.260,-1172310.120,359.210,0.041
-443791.120,-1172312.930,360.890,0.033
-443790.230,-1172310.490,359.280,0.021
-443789.740,-1172310.460,359.270,0.007
-443788.250,-1172307.700,357.410,0.018
-443785.930,-1172310.090,358.650,0.033
-443783.460,-1172308.320,357.360,0.039
-443784.080,-1172308.070,357.300,0.025
-443781.940,-1172313.310,360.570,0.032
-443780.850,-1172312.540,359.960,0.024
-443780.490,-1172308.750,357.570,0.028
-443780.160,-1172308.570,357.300,0.042
-443775.040,-1172309.190,358.150,0.027
-443772.130,-1172314.530,361.330,0.012
-443774.830,-1172309.080,358.060,0.022
-443772.650,-1172314.380,361.300,0.029
-443771.030,-1172314.650,361.370,0.013
-443769.160,-1172314.730,361.300,0.038
-443768.930,-1172315.280,361.640,0.015
-443771.520,-1172310.290,358.680,0.023
-443767.850,-1172315.210,361.530,0.029
-443769.070,-1172313.150,360.260,0.035
-443766.280,-1172315.590,361.680,0.030
-443769.070,-1172310.000,358.330,0.047
-443767.400,-1172314.780,361.210,0.014
-443766.780,-1172312.430,359.670,0.026
-443768.670,-1172309.800,357.990,0.035
-443768.570,-1172310.050,358.280,0.030
-443767.180,-1172313.420,360.320,0.017
-443765.490,-1172313.240,360.130,0.016
-443765.430,-1172314.130,360.710,0.022
-443767.590,-1172310.050,358.230,0.023
-443766.200,-1172310.110,357.970,0.041
-443771.080,-1172293.750,359.010,0.083
-443766.380,-1172294.210,358.980,0.068
-443766.700,-1172294.230,358.880,0.054
-443747.460,-1172312.630,358.440,0.020
-443745.900,-1172315.070,359.950,0.013
-443745.790,-1172313.620,358.970,0.019
-443744.530,-1172312.710,358.340,0.052
-443744.180,-1172313.570,358.840,0.026
-443742.910,-1172316.630,360.700,0.025
-443743.560,-1172312.870,358.340,0.040
-443742.790,-1172313.170,355.590,0.054
-443741.260,-1172315.000,359.580,0.024
-443740.900,-1172313.260,358.410,0.019
-443740.680,-1172313.800,358.790,0.016
-443738.600,-1172318.840,361.790,0.015
-443739.420,-1172316.360,360.280,0.029
-443740.360,-1172313.060,358.200,0.039
-443739.660,-1172314.750,359.240,0.024
-443737.950,-1172318.910,361.780,0.033
-443737.780,-1172316.470,360.220,0.035
-443736.760,-1172318.940,361.860,0.020
-443738.640,-1172313.250,358.300,0.059
-443736.340,-1172318.070,361.160,0.027
-443736.430,-1172316.130,359.900,0.015
-443736.410,-1172315.110,359.240,0.020
-443734.970,-1172316.500,360.030,0.017
-443734.170,-1172318.460,361.280,0.019
-443733.940,-1172319.020,361.610,0.031
-443736.120,-1172313.710,358.320,0.044
-443734.630,-1172316.610,360.080,0.024
-443733.840,-1172318.540,361.310,0.016
-443733.130,-1172319.130,361.630,0.032
-443734.480,-1172314.070,358.480,0.029
-443733.810,-1172314.970,358.990,0.044
-443732.660,-1172317.770,360.700,0.026
-443732.100,-1172319.130,361.560,0.031
-443733.940,-1172314.090,358.440,0.059
-443733.480,-1172313.730,358.230,0.056
-443732.020,-1172316.580,359.880,0.038
-443741.830,-1172291.010,359.500,0.039
-443731.310,-1172315.080,358.870,0.059
-443730.740,-1172316.490,359.730,0.025
-443741.620,-1172290.450,359.040,0.017
-443741.500,-1172290.740,359.240,0.024
-443730.480,-1172317.430,360.350,0.031
-443740.930,-1172290.740,359.200,0.026
-443740.810,-1172291.020,359.360,0.016
-443731.060,-1172314.640,358.570,0.028
-443741.420,-1172290.600,359.170,0.019
-443741.300,-1172290.890,359.350,0.025
-443740.130,-1172290.660,359.000,0.033
-443739.910,-1172291.190,359.440,0.037
-443740.710,-1172290.540,358.970,0.025
-443740.620,-1172290.770,359.220,0.023
-443740.510,-1172291.050,359.390,0.037
-443730.200,-1172316.020,359.470,0.038
-443739.510,-1172290.670,358.970,0.045
-443739.790,-1172290.940,359.190,0.040
-443738.870,-1172290.420,358.750,0.036
-443738.210,-1172290.830,359.010,0.033
-443737.990,-1172291.370,359.390,0.014
-443737.890,-1172291.620,359.620,0.034
-443738.690,-1172290.530,358.890,0.018
-443738.460,-1172291.090,359.230,0.027
-443738.360,-1172291.330,359.440,0.027
-443726.420,-1172317.570,357.280,0.021
-443737.630,-1172291.580,359.530,0.014
-443737.320,-1172290.460,358.620,0.019
-443737.200,-1172290.740,358.810,0.023
-443737.090,-1172291.010,359.070,0.027
-443736.980,-1172291.270,359.240,0.015
-443725.960,-1172318.050,357.590,0.028
-443737.540,-1172290.550,358.690,0.032
-443737.320,-1172291.110,359.050,0.035
-443737.110,-1172291.620,359.510,0.024
-443736.860,-1172290.390,358.520,0.032
-443736.750,-1172290.660,358.710,0.044
-443736.540,-1172291.190,359.110,0.016
-443736.430,-1172291.460,359.320,0.031
-443726.380,-1172315.820,355.950,0.024
-443726.280,-1172316.080,356.140,0.022
-443726.050,-1172316.640,356.540,0.020
-443725.830,-1172317.190,356.900,0.019
-443724.830,-1172319.630,358.620,0.021
-443724.720,-1172319.900,358.790,0.033
-443724.460,-1172318.600,357.820,0.025
-443724.130,-1172319.420,358.410,0.025
-443724.020,-1172319.690,358.590,0.032
-443736.350,-1172290.870,358.820,0.020
-443736.240,-1172291.130,359.080,0.022
-443725.770,-1172316.570,356.510,0.023
-443725.260,-1172316.070,356.100,0.023
-443724.810,-1172317.180,356.880,0.022
-443724.690,-1172317.470,357.040,0.017
-443724.360,-1172318.280,357.610,0.021
-443723.910,-1172319.390,358.380,0.027
-443736.020,-1172290.490,358.490,0.023
-443735.920,-1172290.740,358.690,0.027
-443725.460,-1172316.150,356.120,0.031
-443725.250,-1172316.650,356.520,0.030
-443725.130,-1172316.950,356.690,0.018
-443735.300,-1172290.700,358.620,0.043
-443735.070,-1172291.250,359.060,0.048
-443734.860,-1172291.790,359.430,0.023
-443725.060,-1172315.580,355.700,0.062
-443724.730,-1172316.380,356.220,0.027
-443724.070,-1172318.000,357.380,0.032
-443722.970,-1172318.310,357.530,0.031
-443722.860,-1172318.580,357.740,0.020
-443722.310,-1172319.930,358.620,0.031
-443735.000,-1172290.500,358.410,0.017
-443734.810,-1172290.990,358.850,0.056
-443734.580,-1172291.550,359.280,0.022
-443734.470,-1172291.800,359.470,0.017
-443723.780,-1172317.800,357.210,0.024
-443723.660,-1172318.080,357.400,0.020
-443723.560,-1172318.330,357.590,0.030
-443733.970,-1172290.750,358.580,0.022
-443723.060,-1172317.290,356.800,0.017
-443722.840,-1172317.830,357.180,0.028
-443722.720,-1172318.130,357.360,0.028
-443722.500,-1172318.670,357.730,0.020
-443722.160,-1172319.490,358.310,0.044
-443734.430,-1172290.430,358.320,0.028
-443734.210,-1172290.980,358.750,0.023
-443734.100,-1172291.240,358.980,0.028
-443733.990,-1172291.520,359.160,0.026
-443724.090,-1172315.560,355.640,0.017
-443723.410,-1172317.240,356.760,0.023
-443722.930,-1172315.530,355.520,0.027
-443722.820,-1172315.800,355.760,0.030
-443722.710,-1172316.060,355.910,0.025
-443733.540,-1172290.600,358.390,0.010
-443723.320,-1172315.450,355.500,0.014
-443722.120,-1172316.290,356.050,0.017
-443730.060,-1172294.430,356.360,0.025
-443728.980,-1172295.250,357.080,0.044
-443727.530,-1172294.450,355.930,0.034
-443728.060,-1172294.210,355.860,0.046
-443727.650,-1172295.220,356.890,0.036
-443726.460,-1172294.850,356.270,0.023
-443727.160,-1172294.490,356.010,0.038
-443726.860,-1172295.240,356.740,0.049
-443726.670,-1172295.700,357.300,0.031
-443727.630,-1172294.180,355.770,0.040
-443725.420,-1172295.230,356.550,0.039
-443726.120,-1172294.910,356.350,0.033
-443725.920,-1172295.410,356.830,0.012
-443724.990,-1172295.360,356.720,0.047
-443724.270,-1172295.790,357.050,0.028
-443720.400,-1172290.380,355.550,0.030
-443720.180,-1172290.930,355.960,0.039
-443719.860,-1172291.120,356.010,0.054
-443719.410,-1172291.060,355.930,0.032
-443719.390,-1172290.470,355.610,0.019
-443718.950,-1172290.420,355.480,0.017
-443720.910,-1172320.490,358.930,0.058
-443719.760,-1172316.220,357.880,0.020
-443718.150,-1172316.520,357.970,0.017
-443716.060,-1172319.510,360.670,0.086
-443715.850,-1172320.050,361.100,0.048
-443715.740,-1172320.300,361.340,0.018
-443715.630,-1172320.580,361.520,0.025
-443715.520,-1172320.870,361.740,0.031
-443715.420,-1172321.100,361.950,0.031
-443717.640,-1172316.400,357.820,0.021
-443714.810,-1172320.290,361.210,0.020
-443714.710,-1172320.540,361.420,0.024
-443714.500,-1172321.050,361.860,0.016
-443715.660,-1172319.090,360.270,0.026
-443715.570,-1172319.330,360.480,0.021
-443715.460,-1172319.590,360.700,0.038
-443715.250,-1172320.110,361.130,0.023
-443715.140,-1172320.390,361.320,0.019
-443714.920,-1172320.930,361.710,0.024
-443714.810,-1172321.190,361.960,0.025
-443715.390,-1172317.510,358.990,0.035
-443714.430,-1172319.890,360.850,0.030
-443714.320,-1172320.150,361.060,0.034
-443714.220,-1172320.410,361.260,0.024
-443713.990,-1172320.950,361.690,0.052
-443713.890,-1172321.220,361.920,0.035
-443715.680,-1172318.140,359.540,0.035
-443715.470,-1172318.650,359.960,0.023
-443715.560,-1172316.550,358.250,0.034
-443715.450,-1172316.810,358.430,0.046
-443714.180,-1172319.960,360.940,0.035
-443713.960,-1172320.500,361.340,0.035
-443713.850,-1172320.760,361.550,0.052
-443713.630,-1172321.320,361.930,0.036
-443715.420,-1172315.820,357.630,0.048
-443715.310,-1172316.090,357.810,0.033
-443713.600,-1172320.320,361.120,0.049
-443713.480,-1172320.600,361.310,0.045
-443713.380,-1172320.850,361.520,0.058
-443713.270,-1172321.120,361.720,0.035
-443715.200,-1172315.590,357.440,0.036
-443712.390,-1172320.360,361.060,0.027
-443712.280,-1172320.620,361.270,0.044
-443712.190,-1172320.860,361.490,0.050
-443712.450,-1172320.890,361.500,0.052
-443711.980,-1172320.200,360.910,0.032
-443711.770,-1172320.730,361.320,0.044
-443711.560,-1172321.240,361.730,0.029
-443712.990,-1172316.080,357.500,0.071
-443711.190,-1172320.550,361.090,0.048
-443711.840,-1172320.020,360.810,0.023
-443711.720,-1172320.290,361.000,0.038
-443711.240,-1172320.120,360.790,0.032
-443711.130,-1172320.380,360.990,0.024
-443711.010,-1172320.690,361.180,0.041
-443710.510,-1172320.310,360.890,0.053
-443710.290,-1172320.860,361.300,0.027
-443710.180,-1172321.120,361.510,0.064
-443710.800,-1172320.230,360.840,0.034
-443710.690,-1172320.510,361.040,0.024
-443710.590,-1172320.760,361.270,0.020
-443709.720,-1172320.510,360.960,0.022
-443709.610,-1172320.790,361.140,0.025
-443709.410,-1172321.290,361.610,0.057
-443709.300,-1172321.550,361.780,0.037
-443707.530,-1172325.870,360.650,0.079
-443709.920,-1172320.500,360.970,0.025
-443709.820,-1172320.770,361.200,0.033
-443709.700,-1172321.070,361.370,0.043
-443709.600,-1172321.310,361.600,0.042
-443709.490,-1172321.580,361.840,0.034
-443708.780,-1172321.150,361.390,0.025
-443708.690,-1172321.380,361.590,0.020
-443710.840,-1172316.740,358.270,0.075
-443708.280,-1172320.950,361.220,0.031
-443708.180,-1172321.200,361.460,0.026
-443708.060,-1172321.480,361.630,0.043
-443707.970,-1172321.720,361.840,0.037
-443708.290,-1172321.290,361.510,0.025
-443707.350,-1172320.660,360.860,0.034
-443707.030,-1172321.460,361.520,0.028
-443706.930,-1172321.720,361.720,0.021
-443707.800,-1172320.720,360.980,0.028
-443707.700,-1172320.990,361.180,0.044
-443707.480,-1172321.520,361.610,0.033
-443707.370,-1172321.790,361.820,0.027
-443708.110,-1172320.550,360.830,0.048
-443708.000,-1172320.820,361.040,0.039
-443706.230,-1172321.660,361.630,0.030
-443706.660,-1172321.740,361.740,0.026
-443706.240,-1172319.590,359.960,0.027
-443706.020,-1172320.140,360.400,0.031
-443716.640,-1172294.470,357.890,0.034
-443706.250,-1172319.980,360.190,0.036
-443706.040,-1172320.490,360.670,0.032
-443706.720,-1172319.840,360.150,0.069
-443706.520,-1172320.340,360.560,0.017
-443706.200,-1172321.120,361.220,0.022
-443718.270,-1172292.110,356.500,0.036
-443705.860,-1172317.340,357.980,0.029
-443705.800,-1172317.490,358.440,0.058
-443705.760,-1172317.590,358.180,0.050
-443706.570,-1172316.990,357.650,0.022
-443706.060,-1172318.270,358.800,0.035
-443705.950,-1172318.530,359.020,0.013
-443705.850,-1172318.770,359.260,0.015
-443706.890,-1172316.960,357.710,0.036
-443706.150,-1172318.810,359.200,0.036
-443706.040,-1172319.080,359.420,0.037
-443705.720,-1172319.860,360.180,0.032
-443717.620,-1172291.620,356.200,0.029
-443714.670,-1172292.520,356.540,0.025
-443715.060,-1172293.230,357.010,0.022
-443709.120,-1172295.510,357.550,0.023
-443708.060,-1172296.420,358.290,0.022
-443708.420,-1172296.230,358.120,0.036
-443708.310,-1172296.490,358.290,0.043
-443707.560,-1172294.600,356.390,0.026
-443706.880,-1172295.120,356.790,0.015
-443698.480,-1172291.130,358.070,0.020
-443806.400,-1172433.810,350.270,0.080
-443805.430,-1172433.820,350.210,0.083
-443741.050,-1172423.180,350.800,0.066
-443741.870,-1172423.120,350.820,0.030
-443750.580,-1172422.850,354.440,0.020
-443753.900,-1172422.870,350.900,0.024
-443756.130,-1172422.560,347.530,0.043
-443765.040,-1172422.440,354.520,0.081
-443765.450,-1172422.070,347.520,0.055
-443768.360,-1172422.120,354.430,0.026
-443769.250,-1172422.010,354.410,0.027
-443772.450,-1172425.100,353.740,0.089
-443841.450,-1172305.840,354.960,0.013
-443841.690,-1172305.620,354.810,0.013
-443841.900,-1172305.430,354.680,0.009
-443840.440,-1172306.340,355.210,0.014
-443841.120,-1172305.720,354.800,0.012
-443841.340,-1172305.510,354.680,0.014
-443841.570,-1172305.310,354.540,0.092
-443839.970,-1172306.250,355.150,0.018
-443840.200,-1172306.040,355.010,0.020
-443840.670,-1172305.610,354.720,0.014
-443840.880,-1172305.420,354.580,0.012
-443839.120,-1172306.540,355.320,0.014
-443839.360,-1172306.320,355.160,0.015
-443840.250,-1172305.520,354.610,0.015
-443840.490,-1172305.300,354.470,0.020
-443839.010,-1172306.260,355.130,0.013
-443839.930,-1172305.420,354.540,0.015
-443840.160,-1172305.220,354.390,0.012
-443838.670,-1172306.150,354.990,0.011
-443839.580,-1172305.330,354.440,0.014
-443839.800,-1172305.130,354.280,0.010
-443841.880,-1172303.240,353.090,0.019
-443841.070,-1172303.470,353.220,0.011
-443838.130,-1172306.140,354.990,0.005
-443838.580,-1172305.730,354.690,0.021
-443839.240,-1172305.130,354.280,0.010
-443837.980,-1172305.790,354.730,0.006
-443838.430,-1172305.380,354.420,0.015
-443838.650,-1172305.190,354.290,0.010
-443838.870,-1172304.980,354.120,0.014
-443840.020,-1172303.940,353.520,0.017
-443840.230,-1172303.750,353.370,0.017
-443840.450,-1172303.550,353.210,0.010
-443840.910,-1172303.130,352.960,0.012
-443841.150,-1172302.910,352.830,0.014
-443841.620,-1172302.480,352.570,0.012
-443838.060,-1172305.300,354.350,0.010
-443838.290,-1172305.090,354.240,0.014
-443838.530,-1172304.870,354.070,0.016
-443838.750,-1172304.670,353.930,0.017
-443839.920,-1172303.330,353.080,0.015
-443840.590,-1172302.710,352.660,0.018
-443840.820,-1172302.500,352.510,0.022
-443841.490,-1172301.890,352.150,0.030
-443841.710,-1172301.690,351.960,0.030
-443837.610,-1172305.420,354.420,0.008
-443837.830,-1172305.220,354.260,0.009
-443838.280,-1172304.810,353.980,0.021
-443838.970,-1172304.190,353.560,0.016
-443838.730,-1172303.950,353.400,0.018
-443841.040,-1172301.850,352.090,0.016
-443841.270,-1172301.650,351.930,0.018
-443837.850,-1172304.270,353.590,0.010
-443838.540,-1172303.640,353.170,0.013
-443839.000,-1172303.220,352.870,0.025
-443840.410,-1172301.950,352.100,0.024
-443840.630,-1172301.740,351.970,0.009
-443840.850,-1172301.540,351.790,0.011
-443838.210,-1172303.470,353.050,0.008
-443839.840,-1172301.990,352.070,0.013
-443840.070,-1172301.780,351.940,0.039
-443837.900,-1172302.710,352.490,0.026
-443838.570,-1172302.100,352.100,0.028
-443838.780,-1172301.910,351.930,0.028
-443837.590,-1172302.400,352.260,0.016
-443837.810,-1172302.190,352.110,0.024
-443838.040,-1172301.980,351.990,0.017
-443836.370,-1172303.060,355.220,0.029
-443837.270,-1172302.230,354.650,0.020
-443837.380,-1172302.140,352.050,0.021
-443835.280,-1172303.540,355.430,0.014
-443835.740,-1172303.130,355.180,0.029
-443836.430,-1172302.490,354.770,0.033
-443836.660,-1172302.290,354.670,0.036
-443836.900,-1172302.070,354.490,0.025
-443834.630,-1172303.500,355.370,0.015
-443835.520,-1172302.690,354.860,0.015
-443836.000,-1172302.260,354.620,0.026
-443834.520,-1172302.970,355.010,0.009
-443834.960,-1172302.560,354.730,0.014
-443833.300,-1172303.520,355.290,0.017
-443833.740,-1172303.120,355.040,0.019
-443834.210,-1172302.690,354.740,0.018
-443832.570,-1172303.620,355.380,0.029
-443833.260,-1172303.000,354.910,0.025
-443833.950,-1172302.370,354.460,0.023
-443827.600,-1172307.610,355.160,0.034
-443832.390,-1172303.260,355.170,0.065
-443826.650,-1172307.940,355.350,0.009
-443826.840,-1172307.370,354.990,0.014
-443831.160,-1172303.440,355.060,0.013
-443825.490,-1172308.180,355.440,0.019
-443826.390,-1172307.360,354.930,0.014
-443826.620,-1172307.160,354.790,0.010
-443825.770,-1172307.410,354.910,0.015
-443826.460,-1172306.770,354.510,0.007
-443829.810,-1172303.730,355.170,0.017
-443830.050,-1172303.510,355.040,0.016
-443824.400,-1172308.140,355.400,0.013
-443825.070,-1172307.530,354.940,0.025
-443825.760,-1172306.900,354.550,0.018
-443826.920,-1172305.840,353.880,0.018
-443829.340,-1172303.640,355.090,0.008
-443830.040,-1172303.010,354.660,0.023
-443824.390,-1172307.800,355.080,0.032
-443825.550,-1172306.740,354.400,0.014
-443828.250,-1172304.280,355.420,0.046
-443828.710,-1172303.870,355.130,0.022
-443828.940,-1172303.650,355.010,0.044
-443829.620,-1172303.040,354.680,0.021
-443824.150,-1172307.700,354.990,0.027
-443825.790,-1172306.200,354.030,0.018
-443826.250,-1172305.790,353.730,0.027
-443826.690,-1172305.380,353.490,0.016
-443826.910,-1172305.180,353.370,0.015
-443828.240,-1172303.980,355.220,0.012
-443828.460,-1172303.780,355.050,0.020
-443825.570,-1172305.970,353.850,0.025
-443826.730,-1172304.920,353.150,0.042
-443828.960,-1172302.890,354.480,0.059
-443823.980,-1172307.420,354.820,0.022
-443828.070,-1172303.240,354.700,0.021
-443828.290,-1172303.040,354.460,0.013
-443824.220,-1172306.740,354.330,0.025
-443827.880,-1172303.050,354.440,0.011
-443823.640,-1172306.900,354.410,0.014
-443824.090,-1172306.500,354.150,0.012
-443824.320,-1172306.290,354.000,0.016
-443824.570,-1172306.060,353.860,0.011
-443824.990,-1172305.670,353.580,0.012
-443825.220,-1172305.460,353.470,0.014
-443826.580,-1172304.230,352.660,0.022
-443823.600,-1172306.510,354.120,0.012
-443824.540,-1172305.660,353.590,0.019
-443825.210,-1172305.040,353.160,0.012
-443824.160,-1172305.490,353.400,0.013
-443824.610,-1172305.080,353.150,0.032
-443825.560,-1172304.220,352.600,0.013
-443823.330,-1172305.620,353.470,0.017
-443823.790,-1172305.200,353.180,0.023
-443824.930,-1172304.170,352.500,0.016
-443823.960,-1172304.570,352.740,0.012
-443824.420,-1172304.150,352.460,0.020
-443823.550,-1172304.380,352.560,0.027
-443823.780,-1172304.170,352.410,0.027
-443820.250,-1172306.810,355.280,0.017
-443823.170,-1172304.140,352.370,0.049
-443820.220,-1172306.250,354.860,0.017
-443818.790,-1172307.160,355.450,0.013
-443819.490,-1172306.530,355.030,0.013
-443819.700,-1172306.330,354.890,0.015
-443818.780,-1172306.760,355.120,0.006
-443819.000,-1172306.560,355.000,0.005
-443819.470,-1172306.130,354.720,0.005
-443819.680,-1172305.940,354.570,0.010
-443819.910,-1172305.730,354.470,0.024
-443817.750,-1172307.220,355.360,0.018
-443818.440,-1172306.580,354.960,0.021
-443819.150,-1172305.940,354.560,0.015
-443819.370,-1172305.740,354.420,0.033
-443820.030,-1172305.140,354.030,0.019
-443817.270,-1172307.110,355.290,0.015
-443818.180,-1172306.280,354.730,0.021
-443818.890,-1172305.630,354.320,0.016
-443819.120,-1172305.420,354.190,0.029
-443819.350,-1172305.210,354.040,0.008
-443818.860,-1172305.230,354.000,0.013
-443819.530,-1172304.620,353.580,0.009
-443817.000,-1172306.920,355.130,0.029
-443818.380,-1172305.670,354.290,0.011
-443818.610,-1172305.450,354.160,0.015
-443816.020,-1172307.380,355.430,0.015
-443816.230,-1172307.190,355.250,0.020
-443816.460,-1172306.980,355.100,0.023
-443816.930,-1172306.550,354.850,0.019
-443817.380,-1172306.150,354.540,0.035
-443818.550,-1172305.080,353.860,0.012
-443818.780,-1172304.870,353.690,0.016
-443816.820,-1172306.210,354.560,0.025
-443817.030,-1172306.020,354.390,0.030
-443817.970,-1172305.170,353.840,0.027
-443818.410,-1172304.770,353.590,0.026
-443815.720,-1172306.810,354.950,0.016
-443815.960,-1172306.590,354.810,0.012
-443816.170,-1172306.390,354.660,0.013
-443816.400,-1172306.180,354.520,0.021
-443816.630,-1172305.970,354.390,0.028
-443817.290,-1172305.370,353.980,0.022
-443817.520,-1172305.160,353.820,0.024
-443817.980,-1172304.750,353.580,0.023
-443815.710,-1172306.490,354.720,0.012
-443815.950,-1172306.270,354.570,0.009
-443816.190,-1172306.050,354.420,0.011
-443816.880,-1172305.420,354.000,0.017
-443817.330,-1172305.020,353.720,0.016
-443818.230,-1172304.190,353.240,0.050
-443817.970,-1172304.030,353.040,0.034
-443815.670,-1172306.130,354.420,0.009
-443816.360,-1172305.500,354.010,0.013
-443816.580,-1172305.300,353.870,0.017
-443817.050,-1172304.870,353.580,0.013
-443817.750,-1172304.230,353.200,0.043
-443815.810,-1172305.530,354.000,0.009
-443816.290,-1172305.100,353.720,0.011
-443815.870,-1172304.960,353.590,0.015
-443815.270,-1172305.030,353.890,0.042
-443815.430,-1172304.880,353.500,0.028
-443815.500,-1172304.340,352.960,0.014
-443804.740,-1172308.590,355.450,0.024
-443804.960,-1172308.390,355.330,0.023
-443804.740,-1172308.320,355.200,0.018
-443804.970,-1172308.110,355.090,0.022
-443804.400,-1172308.110,355.110,0.012
-443803.350,-1172308.600,355.370,0.023
-443805.190,-1172306.920,354.260,0.023
-443802.780,-1172308.700,355.390,0.017
-443802.990,-1172308.510,355.250,0.021
-443805.980,-1172305.780,353.410,0.020
-443806.200,-1172305.590,353.280,0.022
-443802.400,-1172308.700,355.350,0.009
-443803.830,-1172307.400,354.600,0.027
-443804.040,-1172307.210,354.400,0.016
-443804.940,-1172306.390,353.800,0.032
-443805.950,-1172305.470,355.450,0.017
-443805.640,-1172305.750,353.370,0.014
-443805.870,-1172305.540,353.240,0.017
-443806.090,-1172305.350,353.030,0.021
-443802.250,-1172308.370,355.110,0.010
-443802.480,-1172308.160,354.980,0.009
-443804.330,-1172306.470,353.830,0.032
-443805.230,-1172305.650,353.280,0.014
-443805.470,-1172305.440,353.160,0.014
-443801.820,-1172308.360,355.080,0.017
-443802.040,-1172308.160,354.930,0.016
-443803.650,-1172306.690,354.030,0.022
-443803.870,-1172306.490,353.840,0.019
-443804.100,-1172306.280,353.680,0.019
-443804.320,-1172306.080,353.530,0.014
-443801.540,-1172308.180,354.960,0.020
-443801.760,-1172307.980,354.780,0.024
-443801.980,-1172307.770,354.650,0.025
-443802.440,-1172307.350,354.380,0.012
-443802.880,-1172306.950,354.100,0.017
-443803.100,-1172306.760,353.930,0.013
-443803.350,-1172306.530,353.850,0.016
-443803.550,-1172306.340,353.670,0.018
-443803.780,-1172306.130,353.540,0.007
-443802.120,-1172307.240,354.260,0.021
-443803.700,-1172305.800,353.280,0.006
-443803.920,-1172305.590,353.130,0.005
-443801.690,-1172307.020,354.010,0.039
-443802.640,-1172306.150,353.510,0.031
-443802.870,-1172305.940,353.340,0.010
-443802.080,-1172306.180,353.430,0.020
-443802.310,-1172305.970,353.320,0.010
-443802.530,-1172305.760,353.140,0.006
-443801.530,-1172306.120,353.330,0.050
-443801.760,-1172305.920,353.170,0.029
-443785.550,-1172308.440,351.230,0.044
-443756.730,-1172328.770,353.460,0.070
-443748.690,-1172335.170,352.610,0.048
-443748.900,-1172334.980,352.430,0.025
-443748.590,-1172334.890,352.400,0.029
-443747.920,-1172324.520,355.370,0.100
-443718.570,-1172290.360,355.510,0.019
-443729.680,-1172293.460,355.300,0.021
-443722.360,-1172315.260,355.330,0.036
-443722.580,-1172315.060,355.210,0.036
-443722.990,-1172315.180,355.280,0.019
-443723.270,-1172315.390,355.480,0.014
-443723.520,-1172315.160,355.330,0.021
-443723.820,-1172315.300,355.480,0.012
-443726.250,-1172314.580,355.140,0.028
-443726.120,-1172315.130,355.540,0.026
-443726.350,-1172314.920,355.370,0.022
-443747.070,-1172312.780,352.380,0.067
-443718.150,-1172328.970,352.740,0.044
-443717.410,-1172290.580,355.570,0.047
-443715.520,-1172290.530,355.450,0.021
-443715.120,-1172290.450,355.400,0.020
-443709.000,-1172293.050,354.930,0.015
-443708.590,-1172292.890,354.790,0.013
-443708.820,-1172292.680,354.640,0.014
-443707.160,-1172293.860,355.590,0.013
-443708.280,-1172292.820,354.710,0.017
-443707.370,-1172293.200,354.930,0.029
-443707.600,-1172292.990,354.800,0.035
-443707.820,-1172292.790,354.590,0.036
-443841.810,-1172399.840,374.710,0.045
-443765.310,-1172436.700,361.470,0.046
-443764.080,-1172436.940,361.770,0.083
-443760.930,-1172437.150,361.810,0.089
-443760.540,-1172436.990,361.490,0.056
-443833.500,-1172366.890,370.950,0.055
-443832.370,-1172366.950,371.040,0.036
-443747.050,-1172437.840,361.790,0.066
-443743.670,-1172437.640,361.440,0.089
-443742.950,-1172437.750,361.530,0.065
-443740.300,-1172437.840,361.480,0.051
-443738.630,-1172437.950,361.530,0.065
-443736.930,-1172438.190,361.780,0.086
-443736.220,-1172438.440,361.750,0.069
-443736.700,-1172438.010,361.450,0.070
-443839.890,-1172307.250,355.900,0.021
-443840.110,-1172307.060,355.750,0.014
-443840.320,-1172306.870,355.630,0.028
-443840.550,-1172306.660,355.510,0.025
-443840.520,-1172307.170,355.880,0.009
-443840.750,-1172306.970,355.720,0.016
-443840.000,-1172306.730,355.520,0.024
-443838.180,-1172307.400,355.880,0.014
-443838.420,-1172307.180,355.750,0.015
-443838.650,-1172306.970,355.620,0.011
-443838.890,-1172306.750,355.470,0.009
-443839.050,-1172307.080,355.720,0.008
-443838.100,-1172307.090,355.680,0.015
-443838.320,-1172306.890,355.540,0.016
-443836.640,-1172305.370,356.940,0.007
-443837.100,-1172304.950,356.660,0.010
-443837.310,-1172304.760,356.510,0.014
-443837.510,-1172304.580,356.260,0.010
-443835.460,-1172305.520,356.900,0.017
-443836.640,-1172304.450,356.230,0.015
-443836.870,-1172304.240,356.130,0.016
-443837.090,-1172304.030,355.960,0.017
-443835.620,-1172305.820,357.120,0.007
-443835.860,-1172305.600,357.000,0.016
-443836.540,-1172304.990,356.610,0.010
-443836.780,-1172304.770,356.450,0.012
-443834.560,-1172305.750,357.000,0.015
-443835.050,-1172305.300,356.740,0.012
-443836.180,-1172304.270,356.090,0.010
-443836.420,-1172304.060,355.920,0.011
-443836.880,-1172303.630,355.690,0.018
-443832.940,-1172306.170,357.220,0.014
-443833.150,-1172305.980,357.060,0.012
-443833.830,-1172305.360,356.650,0.008
-443835.200,-1172304.120,355.880,0.021
-443833.550,-1172306.070,357.180,0.013
-443834.020,-1172305.650,356.910,0.008
-443834.240,-1172305.440,356.760,0.018
-443834.480,-1172305.220,356.630,0.011
-443834.700,-1172305.030,356.480,0.017
-443835.410,-1172304.380,356.110,0.006
-443836.120,-1172303.730,355.700,0.008
-443836.340,-1172303.530,355.570,0.009
-443836.570,-1172303.330,355.440,0.019
-443833.250,-1172305.390,356.630,0.009
-443833.920,-1172304.770,356.230,0.016
-443834.610,-1172304.150,355.910,0.018
-443830.790,-1172306.360,357.120,0.040
-443831.250,-1172305.940,356.840,0.018
-443831.960,-1172305.290,356.450,0.017
-443832.670,-1172304.650,356.140,0.022
-443832.880,-1172304.460,355.960,0.007
-443833.110,-1172304.250,355.810,0.012
-443833.570,-1172303.830,355.530,0.010
-443834.400,-1172303.710,355.500,0.019
-443826.480,-1172308.640,355.870,0.023
-443829.170,-1172306.190,356.920,0.060
-443829.820,-1172306.120,356.890,0.020
-443830.950,-1172305.100,356.250,0.042
-443830.730,-1172305.860,356.720,0.023
-443827.770,-1172305.070,355.990,0.016
-443827.990,-1172304.870,355.860,0.017
-443828.220,-1172304.660,355.710,0.051
-443824.840,-1172308.250,355.470,0.077
-443827.760,-1172305.600,356.350,0.029
-443828.660,-1172304.780,355.830,0.019
-443828.890,-1172304.560,355.680,0.015
-443829.130,-1172304.350,355.560,0.014
-443828.850,-1172305.130,356.100,0.018
-443829.060,-1172304.940,355.950,0.014
-443829.290,-1172304.730,355.830,0.047
-443825.260,-1172308.810,355.890,0.020
-443825.930,-1172308.190,355.520,0.013
-443828.600,-1172305.770,356.510,0.023
-443828.830,-1172305.560,356.410,0.021
-443829.550,-1172304.900,356.010,0.046
-443829.770,-1172304.710,355.860,0.017
-443830.000,-1172304.490,355.730,0.006
-443830.450,-1172304.080,355.470,0.018
-443826.420,-1172308.150,355.470,0.016
-443828.460,-1172306.300,356.930,0.017
-443829.110,-1172305.710,356.510,0.022
-443830.750,-1172304.210,355.590,0.019
-443818.120,-1172309.330,357.050,0.027
-443818.350,-1172309.120,356.920,0.031
-443818.590,-1172308.900,356.760,0.017
-443818.820,-1172308.690,356.610,0.013
-443818.520,-1172309.510,357.210,0.022
-443818.740,-1172309.320,357.100,0.020
-443819.220,-1172308.880,356.810,0.039
-443819.670,-1172308.470,356.520,0.009
-443820.140,-1172308.050,356.240,0.022
-443819.060,-1172309.510,357.310,0.024
-443816.510,-1172308.820,356.550,0.013
-443816.960,-1172308.420,356.230,0.009
-443817.650,-1172307.790,355.830,0.012
-443817.870,-1172307.580,355.670,0.013
-443818.100,-1172307.380,355.540,0.009
-443816.100,-1172309.610,357.170,0.012
-443816.310,-1172309.420,357.000,0.015
-443816.540,-1172309.210,356.870,0.013
-443816.780,-1172308.990,356.690,0.014
-443816.990,-1172308.800,356.560,0.015
-443817.230,-1172308.580,356.420,0.018
-443817.460,-1172308.370,356.260,0.018
-443818.100,-1172307.790,355.870,0.010
-443818.350,-1172307.560,355.720,0.008
-443818.570,-1172307.360,355.580,0.012
-443816.350,-1172309.770,357.270,0.014
-443816.590,-1172309.560,357.160,0.010
-443816.800,-1172309.370,357.010,0.012
-443817.020,-1172309.170,356.850,0.019
-443817.470,-1172308.760,356.580,0.019
-443817.910,-1172308.350,356.300,0.019
-443818.370,-1172307.940,356.010,0.024
-443817.050,-1172309.710,357.300,0.026
-443817.730,-1172309.100,356.860,0.017
-443818.170,-1172308.690,356.530,0.025
-443818.400,-1172308.490,356.420,0.033
-443818.870,-1172308.060,356.140,0.016
-443819.090,-1172307.850,356.000,0.019
-443819.350,-1172307.620,355.870,0.014
-443819.580,-1172307.410,355.710,0.013
-443819.820,-1172307.200,355.590,0.017
-443817.880,-1172309.540,357.190,0.020
-443815.860,-1172307.960,355.830,0.013
-443816.320,-1172307.550,355.550,0.013
-443815.890,-1172308.360,356.150,0.010
-443816.120,-1172308.150,355.990,0.011
-443816.360,-1172307.940,355.860,0.012
-443816.590,-1172307.720,355.710,0.012
-443815.720,-1172309.060,356.760,0.006
-443815.950,-1172308.860,356.550,0.012
-443816.400,-1172308.450,356.270,0.017
-443816.620,-1172308.240,356.110,0.018
-443817.060,-1172307.840,355.830,0.027
-443817.530,-1172307.410,355.550,0.017
-443815.830,-1172309.440,357.020,0.011
-443816.040,-1172309.250,356.850,0.009
-443816.270,-1172309.040,356.680,0.016
-443813.310,-1172308.680,358.540,0.017
-443813.530,-1172308.470,358.400,0.016
-443813.740,-1172308.280,358.280,0.015
-443813.980,-1172308.060,358.130,0.019
-443814.920,-1172307.210,357.550,0.027
-443815.150,-1172307.000,357.400,0.015
-443815.580,-1172306.610,357.160,0.025
-443813.770,-1172308.580,358.490,0.023
-443813.990,-1172308.380,358.360,0.022
-443814.220,-1172308.170,358.220,0.024
-443814.900,-1172307.550,357.830,0.039
-443815.130,-1172307.340,357.660,0.045
-443815.360,-1172307.140,357.540,0.020
-443815.800,-1172306.730,357.170,0.024
-443814.210,-1172308.590,358.550,0.021
-443814.430,-1172308.390,358.410,0.020
-443814.650,-1172308.190,358.260,0.023
-443814.900,-1172307.970,358.140,0.022
-443815.350,-1172307.560,357.810,0.026
-443811.650,-1172308.810,358.530,0.024
-443811.880,-1172308.600,358.400,0.019
-443812.570,-1172307.970,357.940,0.031
-443815.060,-1172305.700,356.430,0.012
-443815.280,-1172305.500,356.290,0.012
-443812.290,-1172308.740,358.550,0.022
-443812.730,-1172308.340,358.230,0.021
-443812.960,-1172308.130,358.120,0.023
-443813.190,-1172307.920,357.950,0.019
-443814.530,-1172306.700,357.130,0.020
-443815.450,-1172305.870,356.600,0.040
-443813.020,-1172308.540,358.390,0.017
-443813.480,-1172308.120,358.150,0.019
-443813.690,-1172307.930,357.980,0.010
-443813.940,-1172307.710,357.850,0.013
-443814.370,-1172307.310,357.540,0.012
-443813.040,-1172305.980,356.410,0.035
-443813.270,-1172305.770,356.290,0.036
-443813.730,-1172305.360,356.040,0.013
-443810.880,-1172308.550,358.460,0.051
-443811.510,-1172307.970,357.840,0.031
-443811.740,-1172307.760,357.670,0.045
-443811.980,-1172307.550,357.530,0.029
-443813.800,-1172305.890,356.410,0.045
-443811.670,-1172308.310,358.160,0.017
-443811.890,-1172308.110,357.990,0.013
-443812.130,-1172307.890,357.840,0.016
-443812.350,-1172307.700,357.690,0.016
-443814.650,-1172305.600,356.310,0.016
-443814.850,-1172305.410,356.170,0.018
-443815.080,-1172305.210,356.060,0.021
-443809.180,-1172308.400,357.960,0.017
-443810.100,-1172307.570,357.420,0.010
-443811.430,-1172306.350,356.570,0.017
-443811.660,-1172306.150,356.450,0.016
-443811.900,-1172305.930,356.310,0.029
-443812.140,-1172305.710,356.180,0.022
-443812.350,-1172305.520,356.020,0.023
-443812.580,-1172305.310,355.890,0.024
-443811.730,-1172306.600,356.820,0.023
-443811.950,-1172306.400,356.690,0.038
-443809.860,-1172308.880,358.420,0.012
-443811.660,-1172307.240,357.280,0.034
-443809.700,-1172306.810,356.780,0.017
-443810.690,-1172305.910,356.430,0.043
-443811.100,-1172305.540,355.960,0.047
-443805.690,-1172311.120,357.460,0.007
-443807.630,-1172309.350,358.560,0.013
-443807.870,-1172309.140,358.430,0.009
-443808.310,-1172308.730,358.150,0.015
-443809.940,-1172307.250,357.190,0.046
-443811.280,-1172306.030,356.300,0.020
-443811.500,-1172305.840,356.160,0.018
-443808.480,-1172309.040,358.380,0.020
-443808.720,-1172308.820,358.240,0.013
-443808.940,-1172308.620,358.090,0.013
-443804.580,-1172310.880,357.190,0.021
-443804.800,-1172310.680,357.000,0.031
-443809.710,-1172306.210,356.380,0.039
-443805.700,-1172310.450,356.960,0.008
-443807.420,-1172308.900,358.200,0.019
-443807.640,-1172308.690,358.050,0.016
-443807.870,-1172308.480,357.910,0.023
-443809.470,-1172307.030,356.930,0.016
-443808.880,-1172305.970,356.080,0.022
-443809.590,-1172305.330,355.690,0.008
-443803.680,-1172311.150,357.310,0.020
-443803.930,-1172310.930,357.140,0.024
-443804.150,-1172310.730,357.010,0.030
-443804.860,-1172310.080,356.600,0.016
-443805.070,-1172309.890,356.440,0.017
-443805.300,-1172309.680,356.310,0.017
-443806.540,-1172308.550,357.870,0.014
-443806.990,-1172308.140,357.580,0.007
-443807.220,-1172307.930,357.460,0.007
-443809.260,-1172306.070,356.220,0.037
-443809.970,-1172305.430,355.770,0.010
-443803.180,-1172310.680,356.930,0.012
-443803.400,-1172310.480,356.790,0.012
-443803.630,-1172310.270,356.640,0.012
-443803.860,-1172310.060,356.450,0.011
-443804.110,-1172309.830,356.350,0.015
-443804.810,-1172309.200,355.920,0.009
-443805.010,-1172309.010,355.770,0.017
-443806.040,-1172308.080,357.480,0.015
-443806.270,-1172307.860,357.310,0.016
-443806.490,-1172307.670,357.170,0.019
-443806.720,-1172307.460,357.030,0.011
-443807.410,-1172306.830,356.630,0.016
-443808.330,-1172305.990,356.060,0.011
-443808.570,-1172305.770,355.950,0.014
-443809.230,-1172305.170,355.510,0.009
-443803.330,-1172311.030,357.200,0.023
-443803.560,-1172310.820,357.060,0.020
-443803.780,-1172310.620,356.900,0.023
-443804.210,-1172310.230,356.620,0.009
-443804.690,-1172309.790,356.340,0.013
-443805.150,-1172309.370,356.070,0.020
-443805.380,-1172309.160,355.920,0.013
-443806.380,-1172308.260,357.550,0.012
-443803.340,-1172310.180,356.540,0.011
-443803.570,-1172309.970,356.410,0.012
-443803.800,-1172309.760,356.230,0.011
-443804.030,-1172309.550,356.120,0.015
-443804.490,-1172309.130,355.850,0.011
-443804.720,-1172308.920,355.690,0.015
-443804.960,-1172308.710,355.530,0.013
-443805.990,-1172307.770,357.250,0.015
-443806.430,-1172307.360,356.970,0.014
-443803.400,-1172309.540,356.030,0.012
-443803.630,-1172309.330,355.910,0.015
-443806.900,-1172306.360,356.220,0.022
-443807.130,-1172306.140,356.050,0.015
-443803.360,-1172309.840,356.320,0.017
-443804.260,-1172309.030,355.740,0.013
-443804.500,-1172308.810,355.600,0.020
-443806.910,-1172306.610,356.410,0.017
-443807.830,-1172305.780,355.910,0.010
-443802.090,-1172310.210,356.530,0.018
-443802.310,-1172310.010,356.340,0.018
-443802.550,-1172309.800,356.220,0.019
-443803.000,-1172309.380,355.910,0.009
-443803.250,-1172309.160,355.820,0.013
-443803.480,-1172308.950,355.670,0.013
-443806.510,-1172306.190,356.120,0.015
-443801.840,-1172309.550,355.970,0.024
-443802.050,-1172309.360,355.800,0.021
-443806.070,-1172305.710,355.690,0.017
-443806.320,-1172305.480,355.570,0.012
-443802.200,-1172309.640,356.040,0.015
-443802.890,-1172309.010,355.650,0.012
-443803.130,-1172308.790,355.530,0.015
-443805.970,-1172306.210,356.090,0.020
-443806.190,-1172306.010,355.950,0.025
-443806.870,-1172305.390,355.530,0.007
-443802.170,-1172308.910,355.500,0.012
-443796.020,-1172311.700,360.460,0.018
-443796.260,-1172311.480,360.360,0.023
-443796.250,-1172310.000,359.400,0.021
-443796.230,-1172309.110,358.860,0.049
-443795.030,-1172309.810,359.210,0.026
-443795.990,-1172308.940,358.700,0.057
-443791.070,-1172312.830,360.830,0.028
-443792.940,-1172310.630,359.580,0.027
-443796.000,-1172307.840,358.050,0.016
-443790.220,-1172312.650,360.660,0.015
-443789.930,-1172312.050,360.280,0.017
-443790.870,-1172310.810,359.560,0.028
-443788.110,-1172312.890,360.750,0.012
-443787.560,-1172312.460,360.410,0.012
-443791.540,-1172308.830,358.340,0.012
-443786.430,-1172313.010,360.700,0.023
-443785.690,-1172312.820,360.480,0.030
-443784.620,-1172312.830,360.510,0.012
-443786.390,-1172309.770,358.630,0.017
-443788.750,-1172307.620,357.430,0.035
-443784.160,-1172312.440,360.240,0.020
-443784.850,-1172311.810,359.850,0.004
-443781.920,-1172313.310,360.620,0.032
-443784.240,-1172311.200,359.390,0.014
-443788.010,-1172307.760,357.490,0.015
-443788.240,-1172307.550,357.340,0.018
-443786.520,-1172308.090,357.610,0.013
-443784.870,-1172310.020,358.710,0.025
-443787.440,-1172307.680,357.400,0.019
-443787.650,-1172307.490,357.130,0.022
-443780.850,-1172312.730,360.160,0.011
-443781.080,-1172312.520,360.040,0.016
-443781.100,-1172313.030,360.370,0.012
-443785.430,-1172307.780,357.230,0.009
-443785.640,-1172307.970,357.500,0.011
-443785.880,-1172307.760,357.340,0.010
-443781.000,-1172311.820,359.590,0.008
-443784.390,-1172307.960,357.260,0.022
-443783.860,-1172308.060,357.380,0.029
-443784.070,-1172307.870,357.220,0.022
-443782.990,-1172308.210,357.410,0.042
-443778.950,-1172312.140,359.620,0.012
-443782.610,-1172308.080,357.210,0.026
-443778.850,-1172309.710,358.050,0.014
-443780.240,-1172308.440,357.350,0.052
-443773.080,-1172314.450,361.420,0.032
-443779.450,-1172308.640,357.450,0.011
-443774.820,-1172313.380,360.840,0.053
-443772.450,-1172314.430,361.340,0.014
-443774.830,-1172312.260,360.180,0.020
-443772.050,-1172314.470,361.330,0.013
-443772.060,-1172312.710,360.150,0.016
-443773.300,-1172310.660,359.020,0.049
-443774.960,-1172309.150,358.190,0.026
-443775.180,-1172308.940,358.020,0.025
-443771.060,-1172313.040,360.340,0.027
-443773.810,-1172309.680,358.450,0.029
-443770.680,-1172313.050,360.320,0.024
-443774.060,-1172309.220,358.210,0.032
-443774.290,-1172309.010,358.030,0.027
-443766.560,-1172315.510,361.670,0.047
-443767.490,-1172314.660,361.160,0.017
-443769.140,-1172313.160,360.310,0.040
-443773.380,-1172309.290,358.190,0.020
-443773.600,-1172309.080,358.050,0.034
-443766.220,-1172315.570,361.650,0.028
-443767.150,-1172314.720,361.220,0.015
-443769.530,-1172312.550,359.940,0.025
-443773.260,-1172309.140,358.030,0.024
-443765.630,-1172315.650,361.700,0.008
-443765.310,-1172314.990,361.320,0.035
-443769.830,-1172309.750,358.220,0.022
-443766.660,-1172311.670,359.230,0.015
-443768.550,-1172309.950,358.250,0.037
-443768.770,-1172309.740,358.120,0.043
-443765.650,-1172313.220,360.130,0.019
-443766.580,-1172312.380,359.630,0.024
-443767.650,-1172309.930,358.210,0.023
-443765.140,-1172312.730,359.850,0.070
-443767.510,-1172309.750,358.010,0.016
-443765.940,-1172310.190,358.230,0.033
-443766.150,-1172310.000,358.080,0.041
-443766.390,-1172309.780,357.890,0.029
-443766.390,-1172310.180,358.260,0.030
-443774.160,-1172293.460,359.010,0.039
-443770.960,-1172293.820,359.090,0.032
-443747.340,-1172313.350,358.980,0.011
-443768.450,-1172294.000,358.990,0.034
-443745.470,-1172315.060,359.920,0.011
-443747.070,-1172313.260,358.880,0.012
-443767.930,-1172294.140,359.090,0.065
-443768.100,-1172293.980,358.800,0.048
-443746.070,-1172313.680,359.110,0.013
-443767.410,-1172294.120,359.000,0.040
-443742.770,-1172316.710,360.830,0.020
-443740.250,-1172318.640,361.820,0.021
-443740.740,-1172318.190,361.600,0.084
-443745.680,-1172313.660,359.060,0.018
-443742.940,-1172315.690,360.190,0.021
-443744.790,-1172313.990,359.240,0.035
-443766.390,-1172294.190,358.890,0.064
-443744.140,-1172313.570,358.910,0.026
-443743.070,-1172314.020,359.120,0.015
-443743.780,-1172313.370,358.750,0.027
-443744.520,-1172312.700,358.380,0.052
-443738.510,-1172317.720,361.120,0.018
-443739.430,-1172316.870,360.630,0.032
-443736.760,-1172318.950,361.830,0.018
-443743.580,-1172312.700,358.290,0.038
-443739.280,-1172316.170,360.190,0.019
-443742.770,-1172312.980,355.550,0.052
-443736.440,-1172318.780,361.700,0.026
-443735.500,-1172318.890,361.720,0.032
-443735.950,-1172318.480,361.450,0.018
-443736.880,-1172317.630,360.950,0.016
-443741.390,-1172313.490,358.640,0.016
-443742.110,-1172312.830,358.300,0.017
-443735.530,-1172318.460,361.420,0.031
-443737.360,-1172316.770,360.430,0.033
-443739.720,-1172314.610,359.220,0.022
-443739.970,-1172314.380,359.100,0.027
-443740.930,-1172313.500,358.630,0.014
-443734.090,-1172319.210,361.790,0.016
-443733.440,-1172319.280,361.790,0.031
-443733.670,-1172319.070,361.680,0.026
-443735.100,-1172317.760,360.910,0.049
-443737.480,-1172315.580,359.680,0.067
-443737.700,-1172315.380,359.540,0.029
-443732.930,-1172319.340,361.810,0.050
-443733.170,-1172319.130,361.680,0.030
-443734.810,-1172317.620,360.800,0.017
-443735.540,-1172316.940,360.440,0.018
-443736.460,-1172316.100,359.930,0.018
-443739.980,-1172312.870,358.020,0.023
-443738.870,-1172313.150,358.240,0.061
-443734.560,-1172316.690,360.190,0.028
-443737.920,-1172313.230,358.200,0.073
-443733.230,-1172317.530,360.620,0.026
-443735.020,-1172315.420,359.380,0.022
-443734.280,-1172314.970,359.040,0.035
-443731.050,-1172317.500,360.460,0.031
-443731.280,-1172317.290,360.320,0.017
-443732.190,-1172316.450,359.850,0.034
-443733.610,-1172315.140,359.120,0.031
-443733.850,-1172314.930,358.980,0.037
-443734.800,-1172314.050,358.510,0.026
-443730.500,-1172317.610,360.460,0.028
-443730.720,-1172317.410,360.320,0.034
-443730.820,-1172316.870,360.030,0.037
-443733.650,-1172314.280,358.530,0.042
-443733.880,-1172314.060,358.440,0.063
-443731.240,-1172315.950,359.430,0.025
-443731.660,-1172315.110,358.950,0.034
-443724.690,-1172320.010,358.970,0.045
-443724.930,-1172319.800,358.810,0.038
-443730.610,-1172314.570,358.510,0.019
-443724.500,-1172319.800,358.800,0.021
-443725.410,-1172318.970,358.240,0.022
-443725.910,-1172318.510,357.950,0.032
-443726.340,-1172318.120,357.700,0.014
-443726.590,-1172317.880,357.570,0.015
-443724.280,-1172319.600,358.610,0.022
-443724.500,-1172319.400,358.460,0.021
-443726.570,-1172317.500,357.250,0.018
-443723.560,-1172319.840,358.730,0.029
-443723.810,-1172319.610,358.580,0.033
-443724.050,-1172319.390,358.430,0.026
-443722.910,-1172319.970,358.790,0.032
-443723.140,-1172319.760,358.650,0.023
-443723.590,-1172319.350,358.400,0.023
-443724.520,-1172318.490,357.840,0.024
-443725.230,-1172317.840,357.420,0.050
-443725.470,-1172317.620,357.290,0.047
-443726.170,-1172316.980,356.890,0.043
-443722.730,-1172319.800,358.660,0.027
-443726.010,-1172316.790,356.730,0.016
-443726.240,-1172316.580,356.580,0.012
-443722.090,-1172319.950,358.670,0.029
-443723.940,-1172318.250,357.570,0.021
-443724.410,-1172317.810,357.290,0.040
-443725.580,-1172316.740,356.640,0.024
-443726.280,-1172316.090,356.200,0.024
-443720.880,-1172320.570,359.000,0.057
-443722.050,-1172319.500,358.330,0.041
-443722.740,-1172318.860,357.970,0.022
-443723.410,-1172318.250,357.530,0.031
-443723.660,-1172318.020,357.390,0.016
-443723.870,-1172317.820,357.240,0.024
-443724.370,-1172317.360,357.000,0.019
-443724.580,-1172317.170,356.850,0.017
-443725.290,-1172316.520,356.430,0.023
-443725.530,-1172316.300,356.320,0.026
-443725.760,-1172316.090,356.160,0.031
-443722.410,-1172318.540,357.700,0.022
-443722.870,-1172318.120,357.440,0.034
-443724.710,-1172316.420,356.360,0.023
-443724.950,-1172316.210,356.220,0.034
-443725.160,-1172316.010,356.050,0.032
-443722.800,-1172317.750,357.170,0.024
-443723.710,-1172316.910,356.620,0.021
-443723.930,-1172316.710,356.490,0.018
-443722.820,-1172316.760,356.430,0.045
-443722.190,-1172316.800,356.420,0.020
-443723.340,-1172315.740,355.750,0.030
-443722.820,-1172315.810,355.750,0.030
-443722.290,-1172315.820,355.740,0.020
-443722.520,-1172315.610,355.580,0.022
-443720.510,-1172315.600,357.570,0.056
-443741.820,-1172290.950,359.530,0.039
-443742.290,-1172290.510,359.240,0.018
-443741.060,-1172291.080,359.510,0.061
-443741.520,-1172290.660,359.230,0.027
-443741.760,-1172290.440,359.080,0.018
-443740.380,-1172291.150,359.500,0.032
-443740.580,-1172290.960,359.340,0.031
-443740.800,-1172290.760,359.220,0.026
-443739.560,-1172291.200,359.500,0.031
-443739.790,-1172290.990,359.330,0.036
-443738.880,-1172291.420,359.580,0.032
-443739.770,-1172290.590,359.010,0.035
-443738.590,-1172291.250,359.400,0.030
-443738.820,-1172291.030,359.250,0.046
-443737.570,-1172291.290,359.360,0.025
-443738.480,-1172290.450,358.800,0.031
-443736.260,-1172291.640,359.510,0.027
-443736.700,-1172291.240,359.220,0.021
-443736.950,-1172291.010,359.070,0.020
-443737.160,-1172290.810,358.910,0.036
-443737.010,-1172291.480,359.450,0.023
-443737.700,-1172290.850,359.000,0.039
-443737.920,-1172290.640,358.860,0.033
-443735.600,-1172291.740,359.520,0.039
-443735.850,-1172291.520,359.390,0.031
-443736.060,-1172291.320,359.220,0.021
-443736.300,-1172291.100,359.080,0.022
-443736.530,-1172290.880,358.940,0.024
-443736.770,-1172290.660,358.770,0.044
-443736.990,-1172290.470,358.620,0.040
-443734.840,-1172291.850,359.550,0.036
-443735.290,-1172291.430,359.250,0.023
-443736.200,-1172290.600,358.680,0.027
-443734.000,-1172291.830,359.460,0.030
-443734.230,-1172291.620,359.310,0.031
-443734.690,-1172291.190,359.010,0.031
-443735.130,-1172290.790,358.700,0.069
-443734.370,-1172291.920,359.600,0.014
-443734.580,-1172291.720,359.450,0.020
-443735.030,-1172291.320,359.120,0.045
-443735.240,-1172291.120,359.000,0.030
-443735.920,-1172290.500,358.560,0.017
-443734.150,-1172291.310,359.100,0.035
-443734.360,-1172291.110,358.940,0.020
-443734.600,-1172290.890,358.780,0.009
-443734.820,-1172290.690,358.620,0.021
-443735.050,-1172290.480,358.450,0.031
-443729.680,-1172294.480,356.440,0.042
-443729.880,-1172294.300,356.210,0.049
-443733.570,-1172290.890,358.710,0.012
-443733.800,-1172290.680,358.550,0.013
-443734.150,-1172290.760,358.640,0.023
-443734.580,-1172290.370,358.350,0.023
-443733.550,-1172290.400,358.260,0.010
-443727.840,-1172294.120,355.770,0.026
-443726.460,-1172295.800,357.400,0.032
-443725.300,-1172295.990,357.490,0.078
-443725.330,-1172295.450,356.980,0.070
-443725.970,-1172294.860,356.350,0.032
-443724.280,-1172295.830,357.170,0.040
-443723.340,-1172296.210,357.510,0.050
-443719.540,-1172294.240,358.030,0.019
-443719.780,-1172294.020,357.880,0.025
-443720.990,-1172292.470,357.040,0.028
-443719.380,-1172290.450,355.640,0.019
-443718.810,-1172290.550,355.650,0.032
-443715.220,-1172320.880,361.830,0.024
-443715.440,-1172320.680,361.680,0.026
-443715.650,-1172320.480,361.510,0.015
-443715.870,-1172320.280,361.350,0.024
-443720.090,-1172316.410,358.090,0.046
-443715.420,-1172321.070,361.980,0.031
-443715.640,-1172320.870,361.820,0.029
-443715.850,-1172320.680,361.660,0.020
-443714.490,-1172321.140,361.930,0.014
-443714.710,-1172320.940,361.790,0.023
-443715.160,-1172320.520,361.480,0.023
-443715.600,-1172320.110,361.180,0.037
-443716.070,-1172319.680,360.850,0.071
-443713.630,-1172320.980,361.750,0.047
-443713.850,-1172320.780,361.600,0.049
-443714.310,-1172320.350,361.300,0.022
-443714.530,-1172320.150,361.140,0.018
-443714.760,-1172319.940,360.980,0.030
-443715.700,-1172319.080,360.340,0.026
-443718.540,-1172316.470,357.990,0.020
-443719.220,-1172315.840,357.610,0.026
-443714.150,-1172321.000,361.850,0.028
-443714.370,-1172320.800,361.660,0.030
-443714.840,-1172320.370,361.360,0.024
-443712.810,-1172320.940,361.650,0.028
-443715.500,-1172318.470,359.820,0.024
-443713.590,-1172320.650,361.500,0.055
-443714.250,-1172320.040,361.030,0.032
-443715.400,-1172318.980,360.280,0.026
-443715.620,-1172318.780,360.110,0.028
-443712.320,-1172320.330,361.100,0.024
-443712.530,-1172320.140,360.930,0.023
-443715.940,-1172317.000,358.700,0.047
-443711.940,-1172321.250,361.820,0.033
-443712.180,-1172321.030,361.670,0.051
-443713.100,-1172320.180,361.060,0.024
-443715.360,-1172318.100,359.550,0.026
-443715.560,-1172317.920,359.340,0.026
-443711.390,-1172320.370,361.050,0.029
-443711.620,-1172320.150,360.840,0.026
-443715.490,-1172316.590,358.270,0.031
-443711.300,-1172320.900,361.480,0.043
-443712.210,-1172320.070,360.880,0.017
-443709.450,-1172321.720,362.000,0.046
-443709.680,-1172321.510,361.840,0.034
-443709.930,-1172321.280,361.710,0.035
-443710.150,-1172321.080,361.550,0.064
-443711.050,-1172320.250,360.940,0.026
-443711.280,-1172320.040,360.820,0.032
-443711.160,-1172320.570,361.180,0.045
-443713.800,-1172316.210,357.520,0.051
-443708.460,-1172321.690,361.910,0.036
-443708.680,-1172321.480,361.720,0.019
-443709.380,-1172320.840,361.260,0.044
-443709.610,-1172320.630,361.100,0.018
-443709.840,-1172320.420,360.950,0.023
-443715.050,-1172315.620,357.490,0.065
-443715.250,-1172315.430,357.300,0.022
-443709.050,-1172321.550,361.840,0.034
-443709.260,-1172321.350,361.700,0.049
-443709.730,-1172320.920,361.380,0.049
-443709.950,-1172320.720,361.220,0.038
-443710.410,-1172320.290,360.920,0.041
-443707.030,-1172321.880,361.930,0.033
-443707.250,-1172321.690,361.780,0.021
-443707.460,-1172321.490,361.620,0.030
-443707.910,-1172321.080,361.320,0.031
-443708.130,-1172320.870,361.150,0.040
-443708.360,-1172320.660,361.020,0.044
-443713.090,-1172316.310,357.580,0.065
-443707.930,-1172321.610,361.740,0.047
-443708.170,-1172321.400,361.580,0.029
-443708.620,-1172320.980,361.280,0.029
-443708.860,-1172320.760,361.120,0.032
-443709.080,-1172320.560,360.980,0.032
-443709.300,-1172320.350,360.850,0.039
-443706.160,-1172321.130,361.220,0.018
-443706.390,-1172320.920,361.040,0.032
-443706.850,-1172320.510,360.780,0.054
-443706.420,-1172321.350,361.440,0.035
-443706.640,-1172321.140,361.270,0.040
-443706.870,-1172320.930,361.110,0.052
-443706.200,-1172321.960,361.930,0.018
-443706.430,-1172321.740,361.760,0.033
-443706.660,-1172321.530,361.600,0.045
-443707.560,-1172320.700,360.980,0.024
-443707.800,-1172320.480,360.850,0.031
-443705.910,-1172320.160,360.410,0.025
-443706.370,-1172319.750,360.110,0.035
-443706.250,-1172320.160,360.450,0.025
-443706.570,-1172320.400,360.690,0.018
-443706.720,-1172317.000,357.740,0.028
-443706.970,-1172316.770,357.690,0.034
-443705.920,-1172318.160,358.710,0.024
-443705.580,-1172318.830,359.320,0.044
-443705.800,-1172318.630,359.120,0.010
-443706.020,-1172318.430,358.920,0.029
-443706.110,-1172318.940,359.380,0.038
-443705.670,-1172319.850,360.230,0.028
-443705.880,-1172319.660,360.000,0.034
-443706.080,-1172319.470,359.810,0.043
-443706.300,-1172319.280,359.650,0.073
-443705.190,-1172316.570,357.290,0.046
-443705.520,-1172317.170,357.960,0.038
-443705.730,-1172316.980,357.730,0.064
-443716.150,-1172294.520,357.870,0.046
-443718.290,-1172292.030,356.490,0.029
-443715.860,-1172293.700,357.400,0.020
-443717.290,-1172292.380,356.690,0.056
-443713.230,-1172294.860,357.930,0.021
-443713.190,-1172294.470,357.670,0.030
-443714.320,-1172292.190,356.380,0.052
-443712.440,-1172293.370,356.980,0.022
-443708.710,-1172296.370,358.420,0.040
-443708.930,-1172295.260,357.330,0.028
-443708.150,-1172296.470,358.380,0.047
-443708.380,-1172296.260,358.200,0.036
-443708.600,-1172296.060,357.990,0.024
-443709.250,-1172295.450,357.370,0.021
-443706.490,-1172296.420,358.160,0.019
-443706.710,-1172296.220,357.980,0.008
-443706.920,-1172296.020,357.840,0.007
-443707.360,-1172295.620,357.450,0.017
-443708.670,-1172294.410,356.440,0.020
-443706.820,-1172295.060,356.820,0.015
-443707.480,-1172294.450,356.280,0.019
-443708.150,-1172293.830,355.730,0.013
-443710.590,-1172291.580,355.750,0.026
-443707.270,-1172294.110,355.890,0.017
-443698.420,-1172291.880,358.770,0.022
-443698.490,-1172291.060,358.120,0.019
-443771.700,-1172425.210,354.080,0.048
-443772.540,-1172425.340,354.010,0.095
-443831.920,-1172303.330,354.980,0.014
-443831.730,-1172303.840,355.270,0.014
-443830.660,-1172303.240,354.920,0.023
-443829.920,-1172303.650,355.200,0.017
-443829.950,-1172303.570,355.000,0.018
-443828.850,-1172303.670,355.060,0.048
-443828.670,-1172304.160,355.440,0.022
-443827.400,-1172307.510,355.000,0.054
-443828.870,-1172302.900,354.760,0.061
-443828.370,-1172304.240,355.450,0.049
-443827.200,-1172307.350,355.200,0.048
-443827.230,-1172307.260,354.970,0.042
-443826.700,-1172307.260,354.810,0.012
-443826.340,-1172308.220,355.490,0.022
-443827.740,-1172303.730,355.020,0.050
-443827.860,-1172303.370,352.160,0.035
-443827.310,-1172304.840,353.130,0.018
-443826.950,-1172305.810,353.860,0.024
-443826.590,-1172306.760,354.510,0.018
-443826.400,-1172307.270,354.900,0.013
-443827.050,-1172303.850,352.420,0.011
-443826.880,-1172304.310,352.700,0.016
-443826.530,-1172305.240,353.330,0.011
-443826.140,-1172306.280,354.040,0.015
-443825.600,-1172307.730,355.060,0.017
-443825.420,-1172308.240,355.490,0.019
-443825.530,-1172305.960,353.690,0.022
-443825.350,-1172306.420,353.990,0.040
-443825.160,-1172306.950,354.480,0.035
-443824.980,-1172307.420,354.720,0.025
-443824.790,-1172307.950,355.150,0.039
-443825.990,-1172304.000,352.630,0.028
-443826.030,-1172303.900,352.360,0.025
-443825.460,-1172305.420,353.540,0.022
-443824.700,-1172307.450,355.180,0.069
-443825.330,-1172304.230,352.590,0.014
-443824.770,-1172305.720,353.710,0.018
-443824.420,-1172306.670,354.290,0.024
-443824.230,-1172307.160,354.670,0.014
-443824.070,-1172307.580,354.830,0.031
-443824.870,-1172304.730,352.980,0.022
-443824.510,-1172305.710,353.680,0.018
-443824.130,-1172306.730,354.470,0.031
-443824.160,-1172305.090,353.090,0.006
-443823.970,-1172305.600,353.520,0.014
-443823.620,-1172306.540,354.090,0.012
-443824.180,-1172304.080,352.380,0.019
-443824.010,-1172304.520,352.650,0.012
-443823.810,-1172305.050,353.080,0.025
-443823.640,-1172305.520,353.360,0.007
-443823.490,-1172304.280,352.610,0.034
-443823.530,-1172304.150,352.260,0.034
-443823.320,-1172304.740,352.860,0.017
-443823.340,-1172304.680,352.700,0.018
-443823.370,-1172303.980,352.380,0.035
-443819.900,-1172305.960,354.620,0.019
-443819.690,-1172306.540,355.190,0.022
-443819.760,-1172304.840,353.870,0.013
-443819.610,-1172305.240,354.050,0.013
-443819.470,-1172305.620,354.180,0.035
-443818.900,-1172307.140,355.400,0.012
-443819.220,-1172305.550,354.390,0.035
-443819.020,-1172306.080,354.770,0.017
-443819.180,-1172304.340,353.450,0.015
-443818.470,-1172306.260,354.720,0.022
-443818.660,-1172304.830,353.680,0.020
-443818.480,-1172305.320,354.090,0.018
-443818.080,-1172306.400,354.980,0.027
-443818.110,-1172306.300,354.720,0.021
-443817.890,-1172305.200,353.910,0.027
-443817.630,-1172305.060,353.830,0.027
-443817.250,-1172306.090,354.650,0.029
-443817.280,-1172306.000,354.420,0.030
-443816.880,-1172307.090,355.380,0.021
-443816.920,-1172305.510,353.990,0.016
-443816.530,-1172306.550,354.850,0.019
-443816.380,-1172306.940,354.950,0.024
-443801.540,-1172306.640,354.050,0.048
-443816.640,-1172305.320,353.960,0.019
-443718.850,-1172290.490,355.600,0.032
-443722.650,-1172315.120,355.340,0.037
-443722.830,-1172315.600,355.500,0.025
-443718.410,-1172328.970,352.730,0.051
-443836.400,-1172366.730,371.170,0.090
-443834.410,-1172366.790,371.180,0.089
-443770.350,-1172436.640,361.760,0.092
-443762.550,-1172436.630,361.930,0.096
-443755.570,-1172437.230,361.460,0.069
-443746.930,-1172437.560,361.480,0.059
-443745.020,-1172437.730,361.450,0.066
-443834.020,-1172303.950,355.790,0.016
-443831.120,-1172304.540,355.920,0.019
-443831.810,-1172305.220,356.450,0.014
-443831.480,-1172306.110,356.960,0.015
-443828.320,-1172304.360,355.750,0.055
-443829.590,-1172304.520,355.600,0.014
-443829.450,-1172304.910,355.720,0.045
-443829.210,-1172305.530,356.410,0.010
-443829.050,-1172305.970,356.650,0.014
-443829.570,-1172306.150,356.900,0.014
-443830.330,-1172304.910,355.800,0.062
-443826.030,-1172308.260,355.620,0.015
-443827.650,-1172304.760,355.760,0.023
-443826.190,-1172308.630,355.670,0.025
-443820.340,-1172308.170,356.280,0.020
-443819.350,-1172307.450,355.760,0.013
-443819.170,-1172307.940,356.110,0.027
-443818.790,-1172308.960,356.860,0.015
-443819.630,-1172307.650,355.940,0.021
-443819.100,-1172309.080,357.020,0.040
-443818.930,-1172309.530,357.200,0.020
-443820.410,-1172307.090,355.720,0.044
-443819.890,-1172308.480,356.580,0.017
-443817.740,-1172308.200,356.090,0.017
-443818.510,-1172307.430,355.640,0.011
-443818.310,-1172308.000,356.210,0.024
-443818.690,-1172307.710,355.890,0.011
-443818.540,-1172308.110,356.070,0.025
-443818.350,-1172308.610,356.380,0.035
-443817.000,-1172307.610,355.640,0.047
-443817.540,-1172307.840,355.920,0.013
-443817.360,-1172308.320,356.250,0.015
-443816.820,-1172309.770,357.300,0.026
-443815.520,-1172305.820,356.820,0.040
-443814.980,-1172307.280,357.790,0.046
-443815.010,-1172307.200,357.580,0.038
-443814.620,-1172308.240,358.420,0.022
-443814.640,-1172308.200,358.320,0.026
-443814.440,-1172305.340,356.140,0.017
-443814.610,-1172306.270,356.850,0.030
-443814.660,-1172306.140,356.520,0.037
-443815.240,-1172305.170,356.020,0.017
-443814.330,-1172307.630,357.880,0.014
-443813.950,-1172308.660,358.690,0.046
-443813.980,-1172308.580,358.470,0.032
-443812.720,-1172308.010,357.930,0.019
-443811.750,-1172307.680,357.500,0.035
-443812.290,-1172308.130,358.240,0.030
-443811.710,-1172305.790,356.160,0.023
-443812.060,-1172306.170,356.570,0.031
-443809.610,-1172308.920,358.420,0.015
-443806.360,-1172307.130,356.630,0.017
-443795.650,-1172309.020,358.770,0.034
-443794.960,-1172310.900,359.990,0.016
-443792.630,-1172312.460,360.770,0.018
-443792.560,-1172310.180,359.330,0.035
-443788.940,-1172312.560,360.580,0.055
-443790.920,-1172311.720,360.220,0.025
-443787.040,-1172310.470,359.310,0.026
-443787.080,-1172310.350,358.980,0.024
-443774.810,-1172313.340,360.970,0.053
-443774.660,-1172309.110,358.250,0.022
-443773.760,-1172309.300,358.270,0.035
-443766.360,-1172315.510,361.680,0.043
-443766.580,-1172315.560,361.580,0.047
-443773.690,-1172293.370,359.140,0.098
-443765.540,-1172312.130,359.580,0.043
-443770.510,-1172293.690,358.900,0.060
-443746.150,-1172316.070,360.770,0.019
-443739.830,-1172316.900,360.690,0.034
-443739.910,-1172315.980,360.110,0.032
-443739.590,-1172316.860,360.620,0.028
-443748.520,-1172290.620,358.920,0.063
-443739.220,-1172316.080,360.110,0.017
-443738.570,-1172317.880,361.360,0.028
-443739.110,-1172315.160,359.480,0.029
-443738.460,-1172316.950,360.580,0.020
-443738.800,-1172315.240,359.550,0.026
-443738.140,-1172317.050,360.760,0.014
-443737.840,-1172317.900,361.210,0.017
-443738.180,-1172315.530,359.700,0.020
-443738.940,-1172313.020,358.320,0.083
-443736.900,-1172317.600,360.930,0.016
-443736.460,-1172318.120,361.250,0.037
-443735.900,-1172317.560,360.930,0.036
-443735.660,-1172316.880,360.370,0.020
-443735.340,-1172317.770,360.960,0.025
-443736.110,-1172314.720,359.100,0.016
-443735.320,-1172316.910,360.460,0.021
-443735.020,-1172317.730,360.930,0.048
-443733.640,-1172319.010,361.790,0.025
-443735.030,-1172313.710,358.310,0.026
-443733.980,-1172313.890,358.450,0.085
-443733.210,-1172316.020,359.610,0.024
-443731.390,-1172318.660,361.230,0.043
-443731.380,-1172315.090,359.010,0.059
-443730.570,-1172317.340,360.430,0.036
-443740.480,-1172291.100,359.420,0.036
-443739.650,-1172290.570,359.110,0.037
-443739.850,-1172290.740,359.140,0.047
-443739.030,-1172290.470,359.080,0.054
-443738.850,-1172290.960,359.440,0.049
-443730.230,-1172315.040,358.850,0.022
-443738.600,-1172290.450,358.890,0.033
-443738.450,-1172290.850,359.050,0.023
-443738.270,-1172291.370,359.480,0.029
-443737.220,-1172291.260,359.410,0.029
-443736.730,-1172290.510,358.870,0.044
-443736.770,-1172291.250,359.240,0.017
-443726.320,-1172316.720,356.740,0.022
-443735.850,-1172291.480,359.370,0.032
-443726.240,-1172317.700,357.390,0.027
-443726.080,-1172318.150,357.730,0.035
-443735.360,-1172290.720,358.840,0.030
-443735.070,-1172291.520,359.170,0.043
-443726.050,-1172316.140,356.290,0.031
-443725.730,-1172317.010,356.860,0.022
-443725.420,-1172317.870,357.470,0.055
-443735.610,-1172291.370,359.380,0.034
-443725.500,-1172316.670,356.750,0.022
-443725.190,-1172317.530,357.240,0.019
-443733.980,-1172291.220,358.940,0.027
-443724.790,-1172316.300,356.390,0.028
-443724.490,-1172317.150,356.860,0.018
-443724.000,-1172318.500,357.800,0.019
-443734.510,-1172290.570,358.450,0.024
-443734.140,-1172291.580,359.310,0.034
-443725.140,-1172316.150,356.260,0.034
-443724.820,-1172317.030,356.830,0.026
-443724.330,-1172318.400,357.790,0.025
-443723.820,-1172319.800,358.840,0.038
-443723.890,-1172316.340,356.350,0.024
-443723.550,-1172317.280,357.020,0.022
-443724.090,-1172316.900,356.580,0.036
-443723.580,-1172318.310,357.620,0.024
-443723.200,-1172316.720,356.350,0.045
-443723.030,-1172317.210,356.790,0.019
-443722.680,-1172318.150,357.550,0.029
-443722.720,-1172318.060,357.290,0.025
-443727.560,-1172295.330,356.880,0.040
-443725.240,-1172295.930,357.720,0.040
-443723.090,-1172296.110,357.820,0.090
-443720.240,-1172293.980,357.900,0.040
-443719.690,-1172292.570,356.970,0.014
-443720.040,-1172291.070,356.240,0.044
-443720.520,-1172315.600,357.620,0.065
-443718.860,-1172316.520,358.050,0.025
-443718.690,-1172316.980,358.360,0.025
-443718.510,-1172316.470,357.980,0.020
-443715.910,-1172320.700,361.730,0.017
-443717.110,-1172316.290,357.830,0.027
-443715.720,-1172320.110,360.980,0.035
-443715.520,-1172320.670,361.650,0.032
-443717.520,-1172316.270,357.790,0.022
-443716.750,-1172316.100,357.670,0.022
-443715.650,-1172319.170,360.530,0.021
-443715.140,-1172320.560,361.610,0.023
-443714.980,-1172321.010,361.950,0.021
-443715.430,-1172318.120,359.540,0.028
-443714.770,-1172319.950,360.920,0.029
-443714.590,-1172320.440,361.410,0.030
-443714.420,-1172320.910,361.740,0.033
-443714.430,-1172320.880,361.660,0.032
-443715.430,-1172315.680,357.600,0.025
-443713.920,-1172319.830,360.840,0.033
-443714.400,-1172319.870,360.840,0.041
-443714.220,-1172320.340,361.300,0.032
-443715.050,-1172315.650,357.640,0.067
-443712.970,-1172320.040,361.010,0.020
-443712.790,-1172320.530,361.410,0.046
-443712.650,-1172320.930,361.650,0.028
-443711.860,-1172321.170,361.730,0.038
-443711.870,-1172320.220,361.120,0.039
-443711.700,-1172320.710,361.530,0.046
-443711.520,-1172321.180,361.850,0.028
-443711.340,-1172320.430,361.110,0.031
-443710.530,-1172320.300,360.890,0.053
-443710.080,-1172320.730,361.190,0.037
-443709.730,-1172320.940,361.320,0.048
-443709.530,-1172321.490,361.930,0.035
-443709.120,-1172321.380,361.820,0.031
-443709.170,-1172321.230,361.380,0.039
-443708.980,-1172321.770,362.010,0.032
-443708.820,-1172320.770,361.210,0.028
-443708.650,-1172321.250,361.630,0.019
-443709.150,-1172320.750,361.420,0.053
-443708.850,-1172321.580,361.870,0.032
-443708.730,-1172320.440,361.000,0.033
-443708.360,-1172321.460,361.930,0.037
-443707.970,-1172321.440,361.740,0.054
-443707.670,-1172320.940,361.270,0.037
-443718.350,-1172292.740,357.090,0.039
-443706.850,-1172321.240,361.460,0.037
-443707.430,-1172320.890,361.250,0.029
-443706.410,-1172321.000,361.100,0.033
-443706.780,-1172320.840,361.210,0.055
-443706.800,-1172320.770,360.980,0.049
-443706.590,-1172321.360,361.710,0.044
-443706.620,-1172321.280,361.480,0.046
-443706.450,-1172321.740,361.890,0.033
-443706.250,-1172319.210,359.550,0.067
-443706.030,-1172319.790,360.290,0.038
-443705.890,-1172320.190,360.540,0.025
-443706.270,-1172319.810,360.170,0.043
-443706.090,-1172320.290,360.500,0.038
-443706.350,-1172320.550,360.820,0.029
-443714.670,-1172293.420,357.040,0.025
-443705.990,-1172318.110,358.680,0.029
-443705.810,-1172318.600,359.120,0.010
-443705.650,-1172319.060,359.420,0.028
-443706.000,-1172319.020,359.510,0.037
-443705.800,-1172319.570,360.100,0.042
-443713.230,-1172294.550,357.710,0.027
-443835.260,-1172317.370,349.150,0.066
-443840.120,-1172306.510,355.380,0.019
-443841.140,-1172305.670,354.840,0.012
-443839.540,-1172306.470,355.350,0.025
-443839.910,-1172306.160,355.120,0.015
-443840.640,-1172305.560,354.730,0.012
-443840.480,-1172305.310,354.480,0.020
-443840.820,-1172305.030,354.300,0.019
-443841.520,-1172304.460,353.960,0.016
-443839.050,-1172306.490,355.280,0.017
-443839.400,-1172306.200,355.050,0.022
-443838.740,-1172306.170,355.070,0.011
-443839.780,-1172305.310,354.440,0.011
-443840.140,-1172305.020,354.280,0.016
-443838.310,-1172306.050,354.970,0.005
-443839.380,-1172305.160,354.370,0.008
-443838.870,-1172305.130,354.380,0.011
-443839.230,-1172304.830,354.140,0.013
-443838.450,-1172305.100,354.210,0.015
-443840.210,-1172303.650,353.290,0.027
-443840.910,-1172303.080,352.960,0.015
-443841.630,-1172302.480,352.610,0.012
-443841.150,-1172301.790,352.100,0.014
-443841.510,-1172301.490,351.920,0.018
-443840.350,-1172301.900,352.140,0.027
-443840.720,-1172301.600,351.960,0.008
-443839.700,-1172301.960,352.100,0.017
-443840.060,-1172301.660,351.850,0.037
-443838.670,-1172302.110,352.160,0.025
-443838.990,-1172301.850,351.990,0.024
-443836.580,-1172302.620,354.950,0.037
-443836.570,-1172302.200,354.560,0.034
-443835.280,-1172302.680,354.930,0.012
-443835.990,-1172302.090,354.570,0.026
-443834.270,-1172302.990,355.040,0.008
-443827.600,-1172307.950,355.500,0.026
-443833.230,-1172303.290,355.170,0.022
-443827.010,-1172307.900,355.360,0.017
-443827.360,-1172307.610,355.180,0.052
-443831.900,-1172303.860,355.490,0.037
-443832.950,-1172302.990,354.920,0.026
-443827.020,-1172307.200,354.920,0.033
-443826.430,-1172307.110,354.770,0.009
-443826.790,-1172306.800,354.560,0.021
-443824.910,-1172307.810,355.200,0.036
-443825.990,-1172306.920,354.620,0.018
-443824.430,-1172307.810,355.160,0.034
-443824.770,-1172307.530,354.950,0.076
-443825.790,-1172306.680,354.410,0.031
-443826.480,-1172306.110,354.060,0.017
-443827.190,-1172305.530,353.700,0.022
-443825.450,-1172306.430,354.210,0.036
-443825.780,-1172306.150,354.060,0.018
-443826.140,-1172305.860,353.890,0.024
-443827.140,-1172305.030,353.390,0.018
-443829.600,-1172302.990,354.680,0.030
-443827.920,-1172303.890,355.160,0.038
-443828.950,-1172303.040,354.660,0.061
-443823.700,-1172307.390,354.790,0.015
-443825.460,-1172305.930,353.860,0.023
-443825.250,-1172305.580,353.600,0.014
-443827.790,-1172303.480,352.080,0.039
-443828.120,-1172303.200,354.680,0.021
-443823.850,-1172306.740,354.390,0.024
-443823.470,-1172306.570,354.170,0.032
-443824.530,-1172305.690,353.610,0.019
-443825.240,-1172305.100,353.210,0.014
-443823.790,-1172305.620,353.520,0.015
-443824.480,-1172305.050,353.130,0.011
-443824.850,-1172304.740,352.900,0.020
-443825.510,-1172304.200,352.600,0.011
-443823.130,-1172305.560,353.240,0.025
-443823.740,-1172305.060,353.110,0.023
-443824.010,-1172304.260,352.540,0.016
-443820.200,-1172306.960,355.470,0.041
-443819.990,-1172306.530,355.150,0.021
-443818.750,-1172307.000,355.380,0.014
-443819.430,-1172306.440,354.990,0.013
-443819.790,-1172306.150,354.830,0.010
-443818.360,-1172306.780,355.140,0.013
-443819.400,-1172305.920,354.580,0.019
-443820.040,-1172305.390,354.280,0.022
-443816.950,-1172307.420,355.500,0.050
-443817.310,-1172307.120,355.280,0.013
-443817.670,-1172306.820,355.110,0.019
-443818.010,-1172306.540,354.910,0.027
-443818.380,-1172306.240,354.700,0.015
-443817.240,-1172306.500,354.850,0.035
-443818.270,-1172305.650,354.260,0.016
-443818.610,-1172305.370,354.100,0.019
-443816.660,-1172306.300,354.630,0.020
-443817.330,-1172305.740,354.310,0.022
-443818.420,-1172304.840,353.720,0.031
-443817.350,-1172305.180,353.890,0.020
-443816.590,-1172305.300,353.850,0.017
-443804.710,-1172308.720,355.530,0.024
-443805.050,-1172308.440,355.330,0.023
-443809.050,-1172305.110,355.530,0.009
-443804.650,-1172308.100,355.150,0.017
-443803.150,-1172308.620,355.410,0.024
-443805.200,-1172306.910,354.310,0.022
-443802.520,-1172308.580,355.350,0.012
-443802.830,-1172308.320,355.170,0.012
-443803.860,-1172307.460,354.710,0.027
-443805.290,-1172306.270,353.850,0.035
-443805.660,-1172305.960,353.620,0.021
-443805.980,-1172305.690,353.520,0.020
-443804.320,-1172306.500,353.870,0.038
-443804.690,-1172306.190,353.670,0.015
-443805.360,-1172305.630,353.340,0.011
-443801.650,-1172308.100,354.930,0.018
-443802.340,-1172307.530,354.550,0.011
-443803.740,-1172306.360,353.790,0.021
-443804.760,-1172305.520,353.330,0.013
-443801.270,-1172307.760,354.550,0.018
-443801.920,-1172307.220,354.310,0.019
-443803.650,-1172305.780,353.340,0.006
-443802.750,-1172305.990,353.440,0.027
-443801.800,-1172306.200,353.390,0.044
-443802.150,-1172305.900,353.220,0.019
-443722.620,-1172315.250,355.420,0.039
-443723.500,-1172315.110,355.390,0.022
-443749.290,-1172324.690,355.510,0.014
-443748.630,-1172335.090,352.540,0.039
-443718.860,-1172328.940,352.880,0.043
-443715.540,-1172290.500,355.510,0.021
-443714.970,-1172290.360,355.390,0.016
-443708.560,-1172292.930,354.900,0.016
-443708.880,-1172292.650,354.720,0.014
-443707.540,-1172293.020,354.820,0.030
-443707.880,-1172292.720,354.620,0.037
-443843.930,-1172399.620,374.550,0.028
-443763.720,-1172436.830,361.760,0.057
-443755.250,-1172437.150,361.690,0.061
-443748.850,-1172437.310,361.530,0.044
-443746.920,-1172437.760,361.680,0.073
-443829.730,-1172366.870,370.790,0.037
-443840.400,-1172306.800,355.650,0.019
-443838.470,-1172307.350,355.940,0.015
-443838.840,-1172307.040,355.750,0.016
-443839.370,-1172307.120,355.790,0.014
-443839.730,-1172306.820,355.620,0.029
-443837.270,-1172304.980,356.740,0.008
-443835.520,-1172305.890,357.220,0.006
-443835.880,-1172305.580,357.040,0.019
-443836.200,-1172305.320,356.890,0.014
-443836.540,-1172305.040,356.670,0.011
-443837.220,-1172304.480,356.370,0.015
-443835.540,-1172305.390,356.830,0.018
-443832.720,-1172305.380,356.700,0.062
-443833.440,-1172304.790,356.250,0.012
-443833.760,-1172304.530,356.090,0.017
-443834.480,-1172303.930,355.690,0.011
-443834.820,-1172303.650,355.520,0.012
-443833.080,-1172305.510,356.750,0.011
-443833.430,-1172305.220,356.550,0.014
-443834.820,-1172304.070,355.890,0.026
-443832.920,-1172306.220,357.290,0.018
-443833.280,-1172305.930,357.070,0.013
-443833.960,-1172305.360,356.710,0.012
-443835.400,-1172304.180,355.990,0.008
-443829.370,-1172306.490,357.120,0.022
-443831.450,-1172304.770,356.070,0.018
-443832.490,-1172303.910,355.640,0.041
-443830.040,-1172306.490,357.160,0.024
-443830.760,-1172305.900,356.820,0.025
-443833.250,-1172304.350,355.950,0.015
-443827.910,-1172304.930,355.890,0.016
-443828.140,-1172305.140,356.100,0.034
-443829.170,-1172304.290,355.570,0.014
-443828.240,-1172305.610,356.380,0.021
-443829.300,-1172304.720,355.830,0.047
-443829.640,-1172304.440,355.630,0.016
-443825.300,-1172308.620,355.820,0.020
-443828.500,-1172305.970,356.720,0.012
-443829.900,-1172304.810,355.960,0.022
-443825.940,-1172308.780,355.940,0.034
-443826.290,-1172308.500,355.770,0.026
-443829.110,-1172306.170,356.880,0.072
-443829.480,-1172305.860,356.690,0.029
-443831.190,-1172304.440,355.820,0.050
-443817.520,-1172309.630,357.310,0.017
-443818.610,-1172308.730,356.710,0.018
-443819.360,-1172308.110,356.260,0.028
-443818.370,-1172309.500,357.220,0.017
-443819.050,-1172308.940,356.910,0.046
-443819.750,-1172308.360,356.510,0.010
-443820.130,-1172308.050,356.300,0.016
-443819.150,-1172309.450,357.300,0.025
-443816.600,-1172308.240,356.110,0.018
-443816.950,-1172307.950,355.960,0.027
-443817.300,-1172307.650,355.750,0.025
-443817.650,-1172307.370,355.550,0.021
-443816.670,-1172308.720,356.530,0.017
-443817.030,-1172308.430,356.320,0.010
-443817.370,-1172308.150,356.140,0.015
-443817.710,-1172307.870,355.980,0.017
-443818.390,-1172307.300,355.570,0.006
-443816.520,-1172309.410,357.050,0.012
-443816.880,-1172309.110,356.830,0.015
-443817.580,-1172308.520,356.420,0.022
-443817.930,-1172308.240,356.260,0.018
-443818.250,-1172307.970,356.090,0.022
-443818.620,-1172307.670,355.870,0.009
-443818.930,-1172307.400,355.720,0.012
-443817.020,-1172309.600,357.210,0.019
-443817.380,-1172309.300,356.990,0.024
-443817.730,-1172309.010,356.810,0.015
-443818.090,-1172308.710,356.610,0.037
-443819.130,-1172307.850,356.030,0.027
-443819.840,-1172307.260,355.620,0.018
-443813.970,-1172308.520,358.540,0.030
-443816.620,-1172307.700,355.680,0.013
-443811.590,-1172308.810,358.610,0.018
-443811.930,-1172308.520,358.410,0.015
-443812.280,-1172308.230,358.220,0.030
-443812.610,-1172307.960,358.030,0.032
-443814.400,-1172306.480,357.040,0.018
-443814.770,-1172306.170,356.830,0.026
-443815.440,-1172305.610,356.480,0.027
-443813.260,-1172308.060,358.100,0.023
-443813.580,-1172307.790,357.880,0.023
-443814.290,-1172307.200,357.490,0.015
-443812.990,-1172308.790,358.680,0.061
-443813.350,-1172308.490,358.470,0.015
-443814.020,-1172307.940,358.070,0.020
-443814.360,-1172307.650,357.900,0.014
-443810.150,-1172308.890,358.500,0.021
-443811.550,-1172308.250,358.130,0.019
-443811.920,-1172307.940,357.890,0.019
-443812.270,-1172307.650,357.690,0.016
-443814.370,-1172305.910,356.530,0.039
-443815.050,-1172305.340,356.210,0.015
-443808.930,-1172308.760,358.290,0.014
-443809.620,-1172308.190,357.910,0.016
-443811.390,-1172306.730,356.920,0.015
-443812.080,-1172306.150,356.550,0.033
-443809.700,-1172308.740,358.290,0.019
-443805.670,-1172310.500,357.040,0.007
-443807.200,-1172309.230,358.470,0.011
-443807.910,-1172308.640,358.090,0.010
-443809.660,-1172307.190,357.130,0.016
-443811.740,-1172305.460,356.020,0.044
-443805.630,-1172310.940,357.370,0.007
-443805.990,-1172310.640,357.120,0.004
-443807.570,-1172309.330,358.550,0.011
-443808.290,-1172308.730,358.190,0.015
-443811.430,-1172306.120,356.430,0.018
-443811.780,-1172305.830,356.250,0.017
-443812.130,-1172305.540,356.050,0.022
-443806.440,-1172308.910,358.200,0.038
-443806.780,-1172308.630,358.030,0.016
-443807.120,-1172308.350,357.830,0.014
-443809.850,-1172306.080,356.350,0.036
-443804.610,-1172310.960,357.280,0.016
-443804.970,-1172310.660,357.070,0.016
-443806.890,-1172309.060,358.220,0.029
-443807.580,-1172308.490,357.890,0.023
-443803.170,-1172311.040,357.240,0.021
-443803.510,-1172310.760,357.060,0.020
-443803.880,-1172310.450,356.830,0.016
-443804.600,-1172309.850,356.440,0.010
-443805.610,-1172309.010,355.920,0.028
-443806.870,-1172307.960,357.460,0.009
-443809.270,-1172305.970,356.170,0.043
-443809.950,-1172305.400,355.800,0.010
-443803.820,-1172311.100,357.380,0.018
-443804.150,-1172310.830,357.200,0.028
-443804.480,-1172310.550,357.040,0.028
-443805.190,-1172309.960,356.590,0.015
-443803.320,-1172309.870,356.320,0.017
-443806.990,-1172306.820,356.590,0.010
-443802.810,-1172310.840,357.020,0.025
-443803.160,-1172310.550,356.850,0.013
-443803.510,-1172310.260,356.670,0.012
-443803.850,-1172309.970,356.450,0.011
-443804.890,-1172309.110,355.920,0.012
-443806.150,-1172308.060,357.500,0.011
-443806.500,-1172307.770,357.270,0.017
-443808.580,-1172306.040,356.150,0.016
-443809.640,-1172305.160,355.610,0.014
-443802.260,-1172310.090,356.460,0.022
-443802.930,-1172309.530,356.110,0.014
-443803.310,-1172309.210,355.870,0.013
-443803.650,-1172308.930,355.690,0.021
-443805.890,-1172307.070,356.710,0.020
-443806.570,-1172306.500,356.380,0.026
-443802.160,-1172308.880,355.600,0.012
-443806.140,-1172305.550,355.690,0.013
-443801.740,-1172309.800,356.210,0.021
-443802.090,-1172309.510,356.030,0.021
-443802.770,-1172308.930,355.620,0.015
-443805.740,-1172306.460,356.240,0.025
-443806.060,-1172306.200,356.130,0.022
-443807.080,-1172305.350,355.580,0.008
-443795.980,-1172311.040,360.050,0.034
-443793.300,-1172311.070,359.910,0.031
-443794.970,-1172309.670,359.140,0.022
-443793.170,-1172310.700,359.730,0.027
-443790.280,-1172312.610,360.680,0.015
-443794.550,-1172309.050,358.740,0.016
-443795.620,-1172307.810,358.080,0.025
-443793.670,-1172307.370,357.730,0.032
-443792.680,-1172307.710,357.760,0.032
-443787.330,-1172311.640,359.990,0.014
-443791.310,-1172308.310,358.110,0.026
-443792.290,-1172307.490,357.690,0.028
-443784.190,-1172312.280,360.100,0.017
-443788.790,-1172308.430,358.090,0.058
-443787.740,-1172308.580,358.100,0.010
-443788.710,-1172307.780,357.750,0.029
-443787.400,-1172307.590,357.460,0.019
-443787.890,-1172307.700,357.510,0.016
-443783.060,-1172310.670,359.000,0.038
-443781.070,-1172311.770,359.630,0.008
-443785.680,-1172307.910,357.560,0.011
-443784.080,-1172308.140,357.530,0.020
-443784.410,-1172307.860,357.420,0.022
-443783.240,-1172308.190,357.460,0.052
-443782.380,-1172308.300,357.510,0.024
-443782.710,-1172308.020,357.390,0.026
-443773.820,-1172314.380,361.510,0.026
-443774.150,-1172314.100,361.340,0.025
-443778.850,-1172309.700,358.060,0.014
-443780.150,-1172308.610,357.510,0.043
-443779.930,-1172308.360,357.410,0.043
-443769.820,-1172313.760,360.840,0.029
-443775.060,-1172309.360,358.460,0.021
-443771.320,-1172312.930,360.290,0.012
-443769.650,-1172313.470,360.550,0.012
-443774.830,-1172309.110,358.180,0.027
-443766.370,-1172315.630,361.830,0.041
-443767.370,-1172314.780,361.340,0.014
-443774.230,-1172309.020,358.150,0.026
-443766.170,-1172315.140,361.440,0.013
-443768.830,-1172312.910,360.160,0.045
-443773.400,-1172309.070,358.160,0.019
-443772.600,-1172309.220,358.160,0.028
-443766.310,-1172313.330,360.340,0.022
-443765.220,-1172314.860,361.210,0.093
-443765.720,-1172313.150,360.140,0.018
-443769.660,-1172309.830,358.310,0.022
-443766.100,-1172311.790,359.270,0.018
-443767.070,-1172309.700,358.070,0.013
-443765.990,-1172310.070,358.230,0.036
-443766.330,-1172309.790,358.040,0.029
-443747.770,-1172313.500,359.110,0.010
-443747.410,-1172313.190,358.960,0.013
-443743.560,-1172315.850,360.350,0.015
-443768.040,-1172293.960,358.880,0.038
-443738.910,-1172318.670,361.750,0.055
-443740.170,-1172317.600,361.200,0.053
-443741.730,-1172316.280,360.490,0.009
-443745.010,-1172312.820,358.510,0.035
-443737.230,-1172318.240,361.420,0.038
-443738.850,-1172316.860,360.620,0.023
-443739.830,-1172316.020,360.180,0.041
-443743.360,-1172313.030,358.550,0.018
-443734.800,-1172319.130,361.870,0.028
-443736.090,-1172318.030,361.230,0.024
-443742.170,-1172312.880,358.390,0.018
-443735.890,-1172317.540,360.890,0.031
-443736.540,-1172316.990,360.560,0.019
-443737.610,-1172315.520,359.680,0.087
-443739.220,-1172314.160,358.970,0.028
-443733.410,-1172319.090,361.750,0.044
-443734.040,-1172318.560,361.430,0.031
-443735.010,-1172317.730,360.970,0.051
-443739.220,-1172313.040,358.240,0.065
-443733.830,-1172316.620,360.180,0.028
-443733.060,-1172316.220,359.820,0.035
-443734.370,-1172315.110,359.190,0.034
-443735.960,-1172313.750,358.470,0.019
-443732.040,-1172316.510,359.910,0.038
-443733.650,-1172315.140,359.140,0.032
-443731.460,-1172316.500,359.900,0.019
-443734.940,-1172313.540,358.290,0.032
-443730.910,-1172316.460,359.770,0.026
-443732.520,-1172315.090,359.020,0.023
-443732.850,-1172314.810,358.860,0.018
-443733.470,-1172314.280,358.550,0.041
-443733.790,-1172314.010,358.410,0.064
-443733.170,-1172313.850,358.360,0.068
-443733.490,-1172313.580,358.260,0.052
-443724.700,-1172319.900,358.940,0.033
-443725.160,-1172319.060,358.330,0.031
-443725.160,-1172318.450,357.910,0.019
-443723.220,-1172320.110,358.960,0.034
-443722.390,-1172320.210,358.920,0.019
-443723.650,-1172319.150,358.280,0.041
-443723.980,-1172318.860,358.090,0.038
-443724.960,-1172318.030,357.550,0.028
-443725.900,-1172317.220,357.080,0.023
-443722.480,-1172319.510,358.480,0.055
-443723.780,-1172318.410,357.770,0.023
-443725.380,-1172317.040,356.930,0.027
-443726.020,-1172316.500,356.560,0.021
-443726.350,-1172316.220,356.380,0.021
-443723.840,-1172317.770,357.260,0.024
-443721.840,-1172319.480,358.370,0.039
-443722.500,-1172318.910,358.000,0.048
-443723.490,-1172318.070,357.470,0.033
-443722.790,-1172317.960,357.370,0.026
-443724.110,-1172316.830,356.670,0.036
-443724.440,-1172316.540,356.440,0.024
-443724.770,-1172316.260,356.300,0.023
-443725.080,-1172315.990,356.110,0.029
-443725.420,-1172315.710,355.980,0.021
-443723.010,-1172316.660,356.480,0.056
-443724.080,-1172316.270,356.290,0.027
-443725.070,-1172315.430,355.720,0.067
-443722.850,-1172316.340,356.220,0.043
-443723.480,-1172315.800,355.870,0.030
-443722.860,-1172315.660,355.740,0.028
-443741.760,-1172290.900,359.570,0.034
-443741.460,-1172290.640,359.230,0.022
-443740.950,-1172290.420,359.060,0.030
-443739.670,-1172290.930,359.310,0.031
-443739.990,-1172290.660,359.130,0.042
-443738.940,-1172290.900,359.270,0.048
-443738.180,-1172291.050,359.260,0.022
-443738.510,-1172290.760,359.080,0.024
-443738.840,-1172290.480,358.850,0.037
-443737.150,-1172291.190,359.310,0.026
-443736.620,-1172291.110,359.180,0.014
-443736.960,-1172290.820,358.950,0.034
-443735.940,-1172291.110,359.140,0.028
-443736.300,-1172290.810,358.960,0.019
-443736.640,-1172290.520,358.740,0.036
-443734.600,-1172291.850,359.610,0.020
-443734.960,-1172291.540,359.390,0.032
-443735.980,-1172290.660,358.730,0.023
-443729.620,-1172295.480,357.630,0.053
-443733.750,-1172291.920,359.640,0.024
-443734.100,-1172291.620,359.450,0.035
-443735.120,-1172290.740,358.790,0.066
-443733.630,-1172291.490,359.240,0.018
-443733.990,-1172291.190,358.990,0.026
-443734.310,-1172290.910,358.790,0.017
-443734.640,-1172290.620,358.600,0.018
-443733.420,-1172290.540,358.370,0.010
-443733.670,-1172290.820,358.710,0.015
-443734.000,-1172290.530,358.550,0.023
-443724.780,-1172296.000,357.600,0.033
-443726.230,-1172294.750,356.420,0.026
-443725.650,-1172295.900,357.540,0.042
-443727.500,-1172294.310,355.990,0.028
-443720.160,-1172293.170,357.510,0.042
-443720.660,-1172292.050,356.830,0.036
-443719.940,-1172291.030,356.130,0.050
-443719.140,-1172290.780,355.840,0.030
-443719.450,-1172290.510,355.700,0.019
-443718.310,-1172290.810,355.840,0.011
-443714.480,-1172320.970,361.860,0.024
-443715.150,-1172320.400,361.440,0.018
-443715.460,-1172320.140,361.230,0.040
-443716.080,-1172319.600,360.940,0.097
-443719.240,-1172316.910,358.370,0.017
-443720.230,-1172316.060,357.890,0.039
-443715.500,-1172320.660,361.700,0.031
-443712.700,-1172321.220,361.910,0.028
-443714.320,-1172319.830,360.930,0.042
-443715.330,-1172318.960,360.280,0.025
-443715.670,-1172318.670,360.090,0.033
-443714.630,-1172320.150,361.200,0.022
-443714.980,-1172319.850,361.000,0.028
-443715.300,-1172319.580,360.820,0.034
-443712.290,-1172320.530,361.320,0.042
-443715.920,-1172317.430,359.120,0.034
-443712.060,-1172321.170,361.870,0.055
-443711.610,-1172320.490,361.230,0.052
-443711.930,-1172320.220,361.050,0.038
-443712.260,-1172319.940,360.860,0.019
-443708.300,-1172321.660,361.900,0.040
-443708.640,-1172321.370,361.680,0.021
-443709.310,-1172320.790,361.250,0.038
-443709.630,-1172320.510,361.060,0.021
-443708.980,-1172321.630,361.960,0.043
-443709.330,-1172321.330,361.750,0.044
-443710.340,-1172320.450,361.090,0.049
-443710.660,-1172320.180,360.940,0.047
-443711.370,-1172320.170,360.940,0.021
-443707.770,-1172320.700,361.110,0.030
-443707.320,-1172321.710,361.890,0.027
-443708.270,-1172320.900,361.320,0.031
-443708.580,-1172320.630,361.120,0.032
-443708.930,-1172320.340,360.900,0.042
-443706.700,-1172320.990,361.240,0.047
-443705.910,-1172319.940,360.320,0.038
-443706.230,-1172319.660,360.090,0.041
-443705.910,-1172317.520,358.250,0.084
-443705.790,-1172318.890,359.370,0.018
-443705.480,-1172317.310,358.130,0.092
-443717.110,-1172293.480,357.460,0.029
-443714.470,-1172293.570,357.280,0.023
-443717.940,-1172290.570,355.670,0.031
-443712.320,-1172293.290,357.000,0.023
-443714.260,-1172292.100,356.360,0.047
-443708.430,-1172296.030,358.070,0.024
-443714.020,-1172291.180,355.820,0.074
-443708.940,-1172296.220,358.400,0.032
-443707.290,-1172296.550,358.510,0.027
-443709.060,-1172295.010,357.210,0.019
-443706.930,-1172296.060,357.910,0.009
-443705.840,-1172295.760,357.890,0.090
-443708.050,-1172293.850,355.790,0.010
-443707.320,-1172295.200,357.090,0.011
-443711.840,-1172291.280,355.740,0.026
-443707.150,-1172294.160,355.980,0.018
-443698.310,-1172291.790,358.930,0.018
-443698.610,-1172290.910,358.060,0.019
