-443850.410,-1172299.430,348.290,0.023
-443850.530,-1172299.120,348.050,0.023
-443850.370,-1172300.250,348.730,0.009
-443850.490,-1172299.950,348.590,0.014
-443850.480,-1172301.130,349.220,0.013
-443850.850,-1172300.190,348.740,0.010
-443850.980,-1172299.880,348.600,0.007
-443851.110,-1172299.550,348.450,0.033
-443850.820,-1172300.950,349.080,0.008
-443850.950,-1172300.630,348.830,0.018
-443851.060,-1172300.360,348.740,0.014
-443851.190,-1172300.020,348.650,0.009
-443851.250,-1172300.940,349.180,0.016
-443851.370,-1172300.630,348.950,0.020
-443851.730,-1172299.720,348.570,0.016
-443851.860,-1172299.390,348.390,0.017
-443851.570,-1172300.990,349.200,0.016
-443851.690,-1172300.680,348.970,0.010
-443851.820,-1172300.360,348.770,0.009
-443851.930,-1172300.070,348.710,0.008
-443852.060,-1172299.760,348.550,0.009
-443852.180,-1172299.450,348.380,0.011
-443852.290,-1172299.170,348.260,0.006
-443852.070,-1172300.940,349.220,0.009
-443852.330,-1172300.300,348.910,0.020
-443852.450,-1172300.000,348.660,0.012
-443852.700,-1172299.360,348.330,0.021
-443852.260,-1172300.950,349.140,0.007
-443852.380,-1172300.650,349.040,0.016
-443852.510,-1172300.320,348.900,0.016
-443852.750,-1172299.700,348.530,0.020
-443852.880,-1172299.370,348.320,0.018
-443852.610,-1172300.920,349.130,0.010
-443852.830,-1172301.030,349.170,0.012
-443811.210,-1172433.740,350.490,0.045
-443795.170,-1172410.170,352.660,0.024
-443795.490,-1172411.260,353.020,0.047
-443793.670,-1172410.280,352.720,0.032
-443738.480,-1172423.500,347.560,0.033
-443772.130,-1172409.510,349.440,0.011
-443788.620,-1172417.680,349.880,0.045
-443785.470,-1172417.790,349.730,0.033
-443848.110,-1172301.180,349.190,0.013
-443848.220,-1172300.880,349.010,0.007
-443848.350,-1172300.560,348.870,0.008
-443848.480,-1172300.240,348.690,0.023
-443848.710,-1172299.650,348.440,0.009
-443848.840,-1172299.320,348.240,0.005
-443848.510,-1172301.160,349.140,0.016
-443848.630,-1172300.850,348.990,0.007
-443848.760,-1172300.520,348.840,0.024
-443848.870,-1172300.240,348.730,0.018
-443849.240,-1172299.310,348.200,0.009
-443849.040,-1172301.170,349.230,0.008
-443849.170,-1172300.850,349.040,0.016
-443849.290,-1172300.550,348.880,0.013
-443849.410,-1172300.250,348.740,0.016
-443849.530,-1172299.950,348.540,0.017
-443849.640,-1172299.650,348.480,0.012
-443849.770,-1172299.330,348.290,0.015
-443849.890,-1172299.030,348.210,0.014
-443849.660,-1172301.330,349.220,0.006
-443849.790,-1172301.010,349.110,0.008
-443849.910,-1172300.690,349.010,0.007
-443850.030,-1172300.390,348.730,0.013
-443849.310,-1172301.240,349.240,0.009
-443849.440,-1172300.930,349.040,0.009
-443849.560,-1172300.610,348.910,0.012
-443849.690,-1172300.290,348.770,0.015
-443849.810,-1172299.980,348.570,0.012
-443849.930,-1172299.690,348.420,0.013
-443850.060,-1172299.360,348.300,0.015
-443850.160,-1172300.070,348.680,0.012
-443850.000,-1172301.180,349.190,0.009
-443850.120,-1172300.880,349.000,0.009
-443850.250,-1172300.560,348.830,0.015
-443847.780,-1172300.840,348.930,0.013
-443848.150,-1172299.890,348.530,0.011
-443848.410,-1172299.230,348.190,0.008
-443847.400,-1172301.000,349.040,0.009
-443847.520,-1172300.700,348.950,0.012
-443847.630,-1172300.390,348.820,0.008
-443847.760,-1172300.080,348.630,0.008
-443847.880,-1172299.770,348.450,0.013
-443848.010,-1172299.450,348.300,0.009
-443846.770,-1172301.360,349.230,0.010
-443846.900,-1172301.040,349.090,0.009
-443847.030,-1172300.720,348.890,0.012
-443847.150,-1172300.420,348.690,0.011
-443847.520,-1172299.460,348.290,0.010
-443846.470,-1172301.290,349.150,0.012
-443846.590,-1172300.960,349.020,0.020
-443846.710,-1172300.680,348.850,0.013
-443846.830,-1172300.350,348.720,0.014
-443846.950,-1172300.050,348.510,0.007
-443847.200,-1172299.430,348.230,0.010
-443846.170,-1172301.030,348.970,0.022
-443846.290,-1172300.730,348.860,0.016
-443846.410,-1172300.450,348.760,0.013
-443846.520,-1172300.150,348.570,0.007
-443846.650,-1172299.830,348.420,0.012
-443846.100,-1172299.250,348.140,0.016
-443846.110,-1172300.480,348.740,0.012
-443846.220,-1172300.190,348.600,0.008
-443846.350,-1172299.870,348.440,0.010
-443841.240,-1172306.280,355.310,0.007
-443841.270,-1172302.230,352.410,0.020
-443839.820,-1172304.870,354.030,0.017
-443839.940,-1172304.550,353.830,0.026
-443840.060,-1172304.250,353.780,0.031
-443840.810,-1172302.350,352.390,0.015
-443840.930,-1172302.040,352.260,0.008
-443840.050,-1172302.550,352.480,0.011
-443838.870,-1172306.610,355.330,0.014
-443839.740,-1172304.410,353.710,0.039
-443840.610,-1172302.210,352.280,0.012
-443838.610,-1172304.450,353.770,0.042
-443838.310,-1172304.360,353.710,0.028
-443837.790,-1172304.400,353.770,0.022
-443836.630,-1172303.250,355.330,0.020
-443834.660,-1172303.350,355.280,0.015
-443833.270,-1172302.700,354.700,0.032
-443832.650,-1172303.400,355.240,0.034
-443832.410,-1172302.690,354.750,0.079
-443831.940,-1172302.820,354.690,0.031
-443831.530,-1172302.870,354.710,0.034
-443831.650,-1172302.580,354.620,0.030
-443830.720,-1172303.110,354.730,0.033
-443830.040,-1172303.910,355.270,0.019
-443830.400,-1172302.990,354.780,0.019
-443829.030,-1172303.380,354.900,0.055
-443828.550,-1172303.550,354.850,0.027
-443828.200,-1172303.540,354.890,0.022
-443827.870,-1172303.580,354.860,0.024
-443826.830,-1172306.230,354.130,0.030
-443826.340,-1172305.610,353.590,0.032
-443826.710,-1172304.690,353.040,0.049
-443826.960,-1172304.050,352.570,0.015
-443827.210,-1172303.410,352.180,0.028
-443827.340,-1172303.100,352.000,0.018
-443826.090,-1172305.410,353.510,0.021
-443824.520,-1172307.270,354.730,0.033
-443825.470,-1172303.680,352.170,0.019
-443825.140,-1172303.570,352.150,0.021
-443825.270,-1172303.240,352.010,0.019
-443823.500,-1172306.950,354.430,0.047
-443823.730,-1172306.360,354.030,0.011
-443823.850,-1172306.060,353.790,0.016
-443824.460,-1172304.520,352.700,0.014
-443824.710,-1172303.880,352.280,0.019
-443824.170,-1172306.010,353.760,0.009
-443823.920,-1172304.920,352.990,0.049
-443824.290,-1172303.990,352.340,0.030
-443824.420,-1172303.660,352.200,0.022
-443824.540,-1172303.340,352.040,0.025
-443823.590,-1172303.900,352.210,0.050
-443823.710,-1172303.590,352.130,0.030
-443819.680,-1172306.860,355.290,0.012
-443819.830,-1172305.610,354.380,0.031
-443819.560,-1172304.250,353.410,0.013
-443819.270,-1172303.990,353.170,0.021
-443818.700,-1172304.490,353.450,0.011
-443818.040,-1172305.320,353.960,0.018
-443817.590,-1172304.490,353.390,0.031
-443816.970,-1172305.160,353.830,0.019
-443817.210,-1172304.540,353.420,0.033
-443816.210,-1172304.730,353.480,0.022
-443815.700,-1172304.750,353.450,0.016
-443799.950,-1172324.140,350.980,0.037
-443804.760,-1172306.040,353.550,0.014
-443729.690,-1172293.130,354.890,0.048
-443721.630,-1172315.070,355.150,0.011
-443722.010,-1172314.970,355.070,0.017
-443722.220,-1172314.970,355.040,0.030
-443722.960,-1172315.000,355.190,0.043
-443723.370,-1172315.020,355.300,0.034
-443723.490,-1172314.720,355.180,0.037
-443723.630,-1172315.060,355.270,0.030
-443724.590,-1172314.660,355.110,0.011
-443724.910,-1172314.790,355.230,0.016
-443725.030,-1172314.500,355.080,0.023
-443724.790,-1172315.080,355.450,0.018
-443724.930,-1172315.150,355.360,0.029
-443725.040,-1172314.870,355.230,0.020
-443725.160,-1172314.570,354.990,0.020
-443725.600,-1172315.180,355.510,0.015
-443725.840,-1172314.590,355.180,0.024
-443726.250,-1172314.700,355.220,0.031
-443744.630,-1172338.760,353.240,0.054
-443749.290,-1172334.970,352.420,0.023
-443749.730,-1172334.930,352.470,0.070
-443719.400,-1172328.920,352.660,0.030
-443718.080,-1172328.900,352.680,0.050
-443716.260,-1172290.770,355.520,0.031
-443714.680,-1172290.740,355.510,0.018
-443713.430,-1172290.600,355.290,0.017
-443713.320,-1172290.880,355.550,0.019
-443713.060,-1172290.550,355.300,0.018
-443712.940,-1172290.850,355.470,0.014
-443712.520,-1172290.790,355.400,0.018
-443711.760,-1172290.950,355.380,0.028
-443711.890,-1172290.650,355.280,0.028
-443711.150,-1172290.560,355.170,0.022
-443711.270,-1172291.210,355.540,0.023
-443711.390,-1172290.910,355.470,0.018
-443707.920,-1172292.660,354.470,0.032
-443735.410,-1172437.910,361.430,0.052
-443737.200,-1172437.830,361.380,0.022
-443738.270,-1172437.750,361.370,0.053
-443739.610,-1172437.710,361.420,0.041
-443747.770,-1172437.760,361.830,0.060
-443748.950,-1172437.290,361.450,0.045
-443750.460,-1172437.330,361.440,0.082
-443753.260,-1172437.400,361.750,0.096
-443757.860,-1172437.370,361.830,0.022
-443762.530,-1172436.720,361.410,0.058
-443763.860,-1172437.040,361.800,0.073
-443765.450,-1172436.620,361.400,0.033
-443768.910,-1172436.440,361.430,0.061
-443768.220,-1172436.460,361.430,0.058
-443830.720,-1172335.810,370.720,0.045
-443832.070,-1172337.730,370.570,0.051
-443830.990,-1172342.560,370.570,0.072
-443844.800,-1172432.270,374.240,0.069
-443848.100,-1172417.540,374.260,0.064
-443841.920,-1172406.880,374.100,0.096
-443844.040,-1172399.560,374.380,0.019
-443842.050,-1172399.700,374.410,0.048
-443841.150,-1172392.420,374.720,0.080
-443840.480,-1172377.080,374.210,0.099
-443837.450,-1172366.610,370.780,0.049
-443835.770,-1172366.890,371.050,0.059
-443834.590,-1172366.920,371.030,0.086
-443833.600,-1172366.780,370.760,0.046
-443836.390,-1172355.880,370.780,0.032
-443830.800,-1172366.810,370.760,0.078
-443830.460,-1172367.090,371.100,0.062
-443830.580,-1172366.790,370.750,0.042
-443831.390,-1172360.640,370.650,0.043
-443831.220,-1172353.820,370.800,0.037
-443835.580,-1172337.680,370.590,0.039
-443707.330,-1172395.530,359.620,0.030
-443718.220,-1172291.110,356.000,0.026
-443718.190,-1172292.420,356.810,0.033
-443718.660,-1172292.230,356.860,0.029
-443719.260,-1172290.750,355.790,0.018
-443718.320,-1172294.030,357.800,0.016
-443718.450,-1172293.730,357.590,0.021
-443718.560,-1172293.440,357.470,0.012
-443718.680,-1172293.150,357.290,0.043
-443719.050,-1172292.240,356.760,0.024
-443719.420,-1172291.330,356.220,0.042
-443718.430,-1172294.380,357.960,0.027
-443718.550,-1172294.080,357.820,0.024
-443718.680,-1172293.770,357.600,0.020
-443718.810,-1172293.450,357.460,0.032
-443718.930,-1172293.150,357.320,0.039
-443719.050,-1172292.850,357.110,0.032
-443719.290,-1172292.270,356.760,0.026
-443719.400,-1172291.980,356.630,0.036
-443719.530,-1172291.660,356.370,0.022
-443719.660,-1172291.360,356.300,0.038
-443718.860,-1172294.310,358.020,0.025
-443719.100,-1172293.730,357.670,0.030
-443719.230,-1172293.410,357.420,0.028
-443719.470,-1172292.830,357.200,0.040
-443719.840,-1172291.920,356.570,0.028
-443719.290,-1172294.120,357.910,0.026
-443719.650,-1172293.240,357.450,0.026
-443720.380,-1172291.450,356.280,0.030
-443719.870,-1172293.670,357.720,0.030
-443720.340,-1172292.520,357.090,0.018
-443720.710,-1172291.620,356.440,0.027
-443720.950,-1172291.030,356.110,0.022
-443720.410,-1172294.310,358.190,0.028
-443720.770,-1172293.420,357.580,0.023
-443721.030,-1172292.790,357.380,0.026
-443720.430,-1172316.100,357.840,0.038
-443720.540,-1172315.820,357.660,0.072
-443720.780,-1172315.230,357.420,0.038
-443720.150,-1172316.050,357.870,0.037
-443720.380,-1172315.500,357.540,0.030
-443721.190,-1172315.410,357.520,0.077
-443721.320,-1172315.100,357.410,0.076
-443720.700,-1172319.820,358.520,0.016
-443721.940,-1172318.550,357.700,0.029
-443721.050,-1172319.720,358.360,0.024
-443721.930,-1172319.240,358.140,0.020
-443722.900,-1172316.870,356.510,0.045
-443723.020,-1172316.560,356.300,0.045
-443722.160,-1172319.890,358.740,0.044
-443722.640,-1172318.700,357.850,0.022
-443722.760,-1172318.400,357.660,0.022
-443723.730,-1172316.030,355.980,0.023
-443723.750,-1172316.750,356.490,0.025
-443722.990,-1172319.530,358.470,0.026
-443723.110,-1172319.240,358.340,0.025
-443723.460,-1172318.360,357.710,0.031
-443723.820,-1172317.490,357.050,0.021
-443723.140,-1172319.580,358.480,0.025
-443723.260,-1172319.260,358.270,0.021
-443723.500,-1172318.670,357.820,0.027
-443724.440,-1172316.350,356.240,0.030
-443734.170,-1172292.130,359.720,0.058
-443724.070,-1172318.300,357.690,0.020
-443724.190,-1172318.000,357.470,0.024
-443725.130,-1172315.680,355.870,0.026
-443735.110,-1172290.820,358.820,0.081
-443723.570,-1172320.210,358.960,0.039
-443724.400,-1172318.150,357.490,0.029
-443724.890,-1172316.950,356.700,0.028
-443725.130,-1172316.350,356.350,0.021
-443725.890,-1172315.580,355.880,0.023
-443725.230,-1172317.940,357.460,0.027
-443725.830,-1172316.460,356.410,0.024
-443725.100,-1172319.660,358.750,0.049
-443737.090,-1172291.730,359.660,0.061
-443726.320,-1172318.570,357.980,0.052
-443739.710,-1172291.290,359.620,0.035
-443730.500,-1172314.240,358.340,0.027
-443730.610,-1172315.750,359.310,0.028
-443730.840,-1172315.170,358.990,0.031
-443731.330,-1172313.950,358.240,0.027
-443730.180,-1172317.410,360.380,0.023
-443730.670,-1172316.220,359.560,0.017
-443730.790,-1172315.920,359.390,0.026
-443731.140,-1172315.050,358.880,0.027
-443731.250,-1172314.760,358.680,0.033
-443731.610,-1172313.880,358.120,0.024
-443730.480,-1172317.980,360.800,0.022
-443730.850,-1172317.080,360.230,0.035
-443731.210,-1172316.170,359.660,0.036
-443731.450,-1172315.590,359.290,0.016
-443731.810,-1172314.690,358.720,0.018
-443731.930,-1172314.400,358.570,0.023
-443732.050,-1172314.100,358.370,0.024
-443732.170,-1172313.820,358.230,0.029
-443730.920,-1172317.740,360.600,0.018
-443731.170,-1172317.120,360.200,0.024
-443731.400,-1172316.550,359.840,0.015
-443731.520,-1172316.270,359.620,0.026
-443731.770,-1172315.650,359.290,0.021
-443731.880,-1172315.360,359.090,0.028
-443732.370,-1172314.150,358.360,0.019
-443741.570,-1172291.220,359.670,0.077
-443731.060,-1172318.440,361.140,0.029
-443731.190,-1172318.130,360.950,0.031
-443731.540,-1172317.250,360.360,0.020
-443731.790,-1172316.650,359.970,0.037
-443732.040,-1172316.020,359.620,0.031
-443732.150,-1172315.750,359.430,0.028
-443732.270,-1172315.460,359.250,0.024
-443732.630,-1172314.560,358.720,0.028
-443732.740,-1172314.280,358.530,0.040
-443731.550,-1172317.870,360.750,0.033
-443731.920,-1172316.970,360.170,0.015
-443732.030,-1172316.690,359.980,0.030
-443732.270,-1172316.090,359.670,0.024
-443732.520,-1172315.480,359.210,0.024
-443732.640,-1172315.170,359.110,0.036
-443732.770,-1172314.870,358.850,0.018
-443732.140,-1172317.680,360.710,0.013
-443732.750,-1172316.180,359.780,0.022
-443732.860,-1172315.910,359.590,0.046
-443733.230,-1172314.990,359.050,0.019
-443733.830,-1172313.490,358.010,0.041
-443731.670,-1172318.850,361.430,0.018
-443731.800,-1172318.530,361.240,0.030
-443732.160,-1172318.410,361.130,0.026
-443732.290,-1172318.090,360.930,0.024
-443732.400,-1172317.800,360.760,0.028
-443732.530,-1172317.500,360.590,0.027
-443732.640,-1172317.220,360.350,0.015
-443732.880,-1172316.630,360.030,0.041
-443732.990,-1172316.360,359.830,0.025
-443733.110,-1172316.060,359.660,0.027
-443733.230,-1172315.760,359.460,0.033
-443733.340,-1172315.470,359.310,0.022
-443732.130,-1172319.440,361.830,0.021
-443732.250,-1172319.150,361.650,0.019
-443732.360,-1172318.870,361.490,0.034
-443732.610,-1172318.250,361.100,0.024
-443732.840,-1172317.670,360.710,0.030
-443733.210,-1172316.760,360.150,0.020
-443733.330,-1172316.470,359.960,0.028
-443733.800,-1172315.290,359.220,0.034
-443733.540,-1172316.470,359.970,0.022
-443732.460,-1172319.140,361.610,0.024
-443733.060,-1172317.670,360.710,0.035
-443732.740,-1172319.520,361.950,0.051
-443733.090,-1172318.640,361.380,0.009
-443733.220,-1172318.330,361.180,0.013
-443733.340,-1172318.020,361.050,0.027
-443733.580,-1172317.420,360.630,0.013
-443733.830,-1172316.810,360.250,0.023
-443734.180,-1172315.930,359.670,0.016
-443734.300,-1172315.630,359.520,0.020
-443734.420,-1172315.340,359.330,0.029
-443734.540,-1172315.040,359.130,0.036
-443734.790,-1172314.420,358.770,0.028
-443735.030,-1172313.820,358.360,0.026
-443733.160,-1172319.330,361.820,0.038
-443733.520,-1172318.420,361.240,0.010
-443733.640,-1172318.120,360.980,0.038
-443734.250,-1172316.620,360.110,0.021
-443735.210,-1172314.240,358.680,0.039
-443734.330,-1172317.620,360.840,0.046
-443734.440,-1172317.350,360.620,0.042
-443734.560,-1172317.050,360.460,0.043
-443734.930,-1172316.150,359.900,0.020
-443735.040,-1172315.860,359.740,0.023
-443735.160,-1172315.560,359.560,0.032
-443735.280,-1172315.260,359.320,0.019
-443735.530,-1172314.650,358.950,0.020
-443735.780,-1172314.040,358.590,0.018
-443734.140,-1172318.900,361.580,0.021
-443734.730,-1172317.440,360.700,0.016
-443734.840,-1172317.160,360.470,0.025
-443734.970,-1172316.840,360.290,0.032
-443735.440,-1172315.690,359.560,0.014
-443735.560,-1172315.380,359.400,0.016
-443735.920,-1172314.490,358.850,0.014
-443735.030,-1172318.030,361.160,0.052
-443735.280,-1172317.420,360.720,0.022
-443735.390,-1172317.150,360.590,0.019
-443735.640,-1172316.540,360.200,0.016
-443735.750,-1172316.260,360.050,0.022
-443735.860,-1172315.980,359.830,0.036
-443736.230,-1172315.060,359.320,0.025
-443736.470,-1172314.480,358.960,0.033
-443736.700,-1172313.900,358.550,0.037
-443735.030,-1172318.800,361.580,0.021
-443735.150,-1172318.500,361.430,0.023
-443735.510,-1172317.610,360.830,0.011
-443735.990,-1172316.400,360.100,0.018
-443736.230,-1172315.810,359.730,0.035
-443736.350,-1172315.520,359.550,0.026
-443736.470,-1172315.220,359.390,0.027
-443736.700,-1172314.650,359.000,0.016
-443735.250,-1172319.230,361.890,0.095
-443735.620,-1172318.310,361.230,0.032
-443735.730,-1172318.030,361.130,0.028
-443736.210,-1172316.840,360.390,0.021
-443736.690,-1172315.630,359.650,0.024
-443736.810,-1172315.330,359.500,0.030
-443737.180,-1172314.430,358.910,0.028
-443737.290,-1172314.140,358.740,0.025
-443737.410,-1172313.850,358.570,0.033
-443735.400,-1172319.340,361.950,0.091
-443736.050,-1172318.980,361.760,0.017
-443736.170,-1172318.690,361.590,0.032
-443736.530,-1172317.800,361.060,0.022
-443736.650,-1172317.480,360.900,0.021
-443736.770,-1172317.190,360.660,0.032
-443736.880,-1172316.910,360.480,0.035
-443737.260,-1172315.990,359.910,0.015
-443737.380,-1172315.690,359.740,0.014
-443737.620,-1172315.070,359.330,0.030
-443737.730,-1172314.800,359.210,0.013
-443737.850,-1172314.520,359.040,0.021
-443737.970,-1172314.200,358.820,0.020
-443738.100,-1172313.890,358.610,0.017
-443738.210,-1172313.610,358.500,0.037
-443736.550,-1172318.620,361.580,0.030
-443736.790,-1172318.040,361.270,0.021
-443737.510,-1172316.250,360.130,0.022
-443738.350,-1172314.150,358.810,0.019
-443738.470,-1172313.850,358.630,0.021
-443737.070,-1172318.500,361.580,0.031
-443737.320,-1172317.890,361.240,0.047
-443737.430,-1172317.620,361.050,0.025
-443737.540,-1172317.330,360.880,0.024
-443737.660,-1172317.030,360.610,0.020
-443737.780,-1172316.740,360.490,0.024
-443738.140,-1172315.850,359.960,0.033
-443738.370,-1172315.280,359.550,0.017
-443738.490,-1172314.970,359.380,0.028
-443738.980,-1172313.770,358.660,0.013
-443739.100,-1172313.460,358.500,0.021
-443737.320,-1172318.580,361.580,0.015
-443737.680,-1172317.680,361.040,0.018
-443737.810,-1172317.370,360.880,0.017
-443738.510,-1172315.630,359.790,0.021
-443737.780,-1172318.620,361.640,0.022
-443738.030,-1172318.010,361.330,0.021
-443738.140,-1172317.720,361.120,0.024
-443738.380,-1172317.120,360.760,0.022
-443738.630,-1172316.510,360.370,0.011
-443738.740,-1172316.230,360.220,0.020
-443738.870,-1172315.910,360.030,0.024
-443738.990,-1172315.620,359.820,0.017
-443739.110,-1172315.330,359.700,0.028
-443739.220,-1172315.040,359.470,0.023
-443739.570,-1172314.160,358.960,0.031
-443738.030,-1172318.660,361.680,0.053
-443739.360,-1172315.360,359.670,0.024
-443738.290,-1172318.870,361.910,0.035
-443738.400,-1172318.590,361.680,0.041
-443738.760,-1172317.680,361.140,0.019
-443739.130,-1172316.770,360.620,0.023
-443739.250,-1172316.470,360.420,0.028
-443739.480,-1172315.900,360.040,0.018
-443739.600,-1172315.600,359.860,0.014
-443739.720,-1172315.310,359.650,0.027
-443739.840,-1172315.000,359.510,0.022
-443740.330,-1172313.790,358.900,0.061
-443740.690,-1172312.900,358.130,0.045
-443738.680,-1172318.380,361.540,0.018
-443738.800,-1172318.080,361.350,0.026
-443739.390,-1172316.590,360.470,0.023
-443739.890,-1172315.370,359.750,0.026
-443740.000,-1172315.080,359.560,0.029
-443740.360,-1172314.190,359.120,0.045
-443740.600,-1172313.590,358.640,0.018
-443740.850,-1172312.980,358.130,0.044
-443740.970,-1172312.670,358.070,0.041
-443738.890,-1172318.920,361.910,0.079
-443739.120,-1172318.360,361.570,0.028
-443739.240,-1172318.050,361.380,0.057
-443739.600,-1172317.160,360.880,0.028
-443739.840,-1172316.560,360.430,0.038
-443739.960,-1172316.270,360.280,0.045
-443740.690,-1172314.450,359.250,0.013
-443740.810,-1172314.160,359.070,0.016
-443739.510,-1172318.200,361.450,0.042
-443739.630,-1172317.920,361.320,0.019
-443739.860,-1172317.340,360.990,0.014
-443741.050,-1172314.380,359.120,0.013
-443741.300,-1172313.770,358.860,0.011
-443740.200,-1172317.380,361.060,0.014
-443740.560,-1172316.490,360.680,0.046
-443740.780,-1172315.940,360.220,0.010
-443740.900,-1172315.640,360.010,0.007
-443741.030,-1172315.320,359.780,0.025
-443741.500,-1172314.160,359.040,0.007
-443739.720,-1172318.590,361.810,0.026
-443740.830,-1172316.550,360.660,0.039
-443741.430,-1172315.060,359.680,0.016
-443741.900,-1172313.890,358.980,0.010
-443742.010,-1172313.610,358.810,0.009
-443742.510,-1172313.590,358.830,0.016
-443742.750,-1172313.000,358.420,0.017
-443740.600,-1172318.350,361.760,0.044
-443740.970,-1172317.440,361.100,0.025
-443741.070,-1172317.180,361.020,0.024
-443741.810,-1172315.350,359.900,0.011
-443741.920,-1172315.070,359.700,0.008
-443742.160,-1172314.480,359.370,0.016
-443742.100,-1172315.600,360.000,0.009
-443742.220,-1172315.290,359.840,0.012
-443742.590,-1172314.380,359.290,0.013
-443743.310,-1172312.580,358.120,0.024
-443742.690,-1172315.030,359.680,0.011
-443742.880,-1172315.210,359.840,0.018
-443743.130,-1172314.590,359.460,0.012
-443743.180,-1172315.530,360.170,0.020
-443743.430,-1172314.900,359.700,0.010
-443743.790,-1172314.010,359.150,0.013
-443743.910,-1172313.700,359.030,0.010
-443744.400,-1172312.500,358.120,0.052
-443743.020,-1172316.830,360.910,0.044
-443743.960,-1172314.490,359.480,0.013
-443744.320,-1172313.590,358.980,0.011
-443743.970,-1172315.590,360.210,0.013
-443744.670,-1172313.850,359.150,0.030
-443744.800,-1172313.530,358.850,0.018
-443745.030,-1172312.970,358.570,0.007
-443745.230,-1172313.320,358.790,0.014
-443745.350,-1172313.030,358.720,0.009
-443745.620,-1172313.580,359.050,0.018
-443745.740,-1172313.280,358.860,0.035
-443745.980,-1172312.680,358.470,0.013
-443746.100,-1172312.380,358.260,0.011
-443746.210,-1172312.110,358.120,0.010
-443744.800,-1172316.350,360.790,0.013
-443745.050,-1172315.740,360.350,0.012
-443745.530,-1172314.540,359.640,0.015
-443746.010,-1172313.350,358.860,0.020
-443745.040,-1172316.440,360.790,0.013
-443745.510,-1172315.250,360.120,0.029
-443745.760,-1172314.630,359.720,0.016
-443745.890,-1172314.320,359.520,0.017
-443746.010,-1172314.020,359.360,0.013
-443746.480,-1172312.850,358.610,0.019
-443746.610,-1172312.530,358.360,0.025
-443746.720,-1172312.230,358.240,0.026
-443746.730,-1172312.650,358.530,0.017
-443746.840,-1172312.380,358.320,0.033
-443745.970,-1172315.510,360.360,0.018
-443746.200,-1172314.930,359.920,0.034
-443746.670,-1172313.750,359.220,0.026
-443747.040,-1172312.850,358.620,0.008
-443747.160,-1172312.540,358.460,0.014
-443747.280,-1172312.230,358.300,0.029
-443745.950,-1172316.460,360.900,0.025
-443746.310,-1172315.560,360.330,0.023
-443746.430,-1172315.270,360.010,0.029
-443746.900,-1172314.100,359.390,0.018
-443747.140,-1172313.500,359.120,0.027
-443747.350,-1172314.050,359.470,0.022
-443747.940,-1172312.590,358.520,0.017
-443748.180,-1172311.980,358.130,0.030
-443747.600,-1172314.380,359.670,0.017
-443747.730,-1172314.070,359.540,0.019
-443747.960,-1172313.480,359.130,0.020
-443748.440,-1172312.280,358.390,0.032
-443748.700,-1172312.870,358.780,0.030
-443748.820,-1172312.580,358.630,0.025
-443748.940,-1172312.260,358.390,0.045
-443749.060,-1172311.960,358.280,0.041
-443766.530,-1172294.540,359.130,0.046
-443768.340,-1172294.070,359.120,0.036
-443769.220,-1172293.950,359.040,0.071
-443770.700,-1172293.910,359.090,0.045
-443765.130,-1172310.850,358.610,0.036
-443765.040,-1172310.140,358.160,0.013
-443764.800,-1172310.030,358.110,0.016
-443765.140,-1172312.620,359.820,0.084
-443765.370,-1172312.040,359.370,0.021
-443765.490,-1172311.750,359.230,0.030
-443765.840,-1172310.860,358.740,0.020
-443765.960,-1172310.550,358.530,0.017
-443766.090,-1172310.250,358.370,0.019
-443765.170,-1172311.520,358.990,0.012
-443765.540,-1172310.590,358.530,0.019
-443765.350,-1172314.640,361.030,0.048
-443765.460,-1172314.340,360.910,0.019
-443765.940,-1172313.130,360.100,0.010
-443766.070,-1172312.810,359.970,0.027
-443766.200,-1172312.500,359.750,0.026
-443766.550,-1172311.610,359.200,0.019
-443766.660,-1172311.320,359.050,0.011
-443766.790,-1172311.020,358.830,0.010
-443766.910,-1172310.700,358.680,0.006
-443765.200,-1172314.070,360.750,0.059
-443765.430,-1172313.490,360.310,0.017
-443765.670,-1172312.890,359.980,0.010
-443765.910,-1172312.290,359.620,0.024
-443766.030,-1172311.970,359.460,0.025
-443766.150,-1172311.670,359.180,0.014
-443766.280,-1172311.360,359.030,0.019
-443766.390,-1172311.070,358.880,0.018
-443766.630,-1172310.460,358.560,0.017
-443765.580,-1172312.190,359.440,0.031
-443765.710,-1172311.870,359.140,0.024
-443765.820,-1172311.570,359.100,0.026
-443765.940,-1172311.280,358.930,0.017
-443766.060,-1172310.980,358.730,0.017
-443766.300,-1172310.380,358.320,0.020
-443766.150,-1172315.410,361.620,0.011
-443766.280,-1172315.100,361.420,0.014
-443766.390,-1172314.820,361.270,0.023
-443766.510,-1172314.500,361.060,0.023
-443766.630,-1172314.210,360.940,0.015
-443766.760,-1172313.900,360.660,0.015
-443767.220,-1172312.730,359.970,0.017
-443767.700,-1172311.530,359.260,0.016
-443767.810,-1172311.230,359.020,0.014
-443767.930,-1172310.940,358.870,0.036
-443768.060,-1172310.630,358.720,0.040
-443768.170,-1172310.340,358.530,0.012
-443768.290,-1172310.040,358.380,0.012
-443765.840,-1172315.270,361.480,0.011
-443766.080,-1172314.650,361.130,0.019
-443766.420,-1172313.790,360.550,0.020
-443766.560,-1172313.460,360.260,0.015
-443766.660,-1172313.190,360.190,0.021
-443767.620,-1172310.790,358.710,0.016
-443767.750,-1172310.470,358.540,0.015
-443765.690,-1172314.920,361.190,0.022
-443765.930,-1172314.330,360.910,0.018
-443766.050,-1172314.020,360.700,0.028
-443766.170,-1172313.730,360.520,0.017
-443766.770,-1172312.220,359.600,0.015
-443767.010,-1172311.610,359.160,0.029
-443767.260,-1172310.980,358.920,0.024
-443767.380,-1172310.690,358.710,0.020
-443774.100,-1172293.670,359.130,0.039
-443767.370,-1172315.130,361.480,0.011
-443768.330,-1172312.700,359.950,0.031
-443768.690,-1172311.800,359.440,0.007
-443768.820,-1172311.470,359.210,0.020
-443768.950,-1172311.160,358.970,0.028
-443769.550,-1172309.650,358.060,0.042
-443767.040,-1172315.140,361.430,0.010
-443767.390,-1172314.260,360.950,0.041
-443767.870,-1172313.050,360.210,0.018
-443768.120,-1172312.430,359.790,0.015
-443768.240,-1172312.130,359.610,0.009
-443768.360,-1172311.820,359.420,0.005
-443768.470,-1172311.530,359.250,0.016
-443768.710,-1172310.930,358.970,0.026
-443768.830,-1172310.640,358.800,0.016
-443768.940,-1172310.360,358.570,0.045
-443766.510,-1172315.350,361.550,0.022
-443766.640,-1172315.040,361.300,0.012
-443766.880,-1172314.430,361.000,0.022
-443767.000,-1172314.130,360.790,0.040
-443767.240,-1172313.510,360.480,0.027
-443767.480,-1172312.920,360.100,0.017
-443767.600,-1172312.610,359.840,0.016
-443767.720,-1172312.310,359.710,0.011
-443768.300,-1172310.850,358.780,0.037
-443768.420,-1172310.550,358.650,0.027
-443768.550,-1172310.230,358.460,0.015
-443768.530,-1172314.230,360.910,0.028
-443768.650,-1172313.940,360.750,0.021
-443769.130,-1172312.740,360.040,0.067
-443769.370,-1172312.120,359.650,0.023
-443769.500,-1172311.810,359.520,0.016
-443769.860,-1172310.900,358.940,0.012
-443769.980,-1172310.600,358.760,0.016
-443770.090,-1172310.310,358.620,0.024
-443767.820,-1172315.000,361.360,0.014
-443767.940,-1172314.680,361.250,0.011
-443768.060,-1172314.400,361.100,0.008
-443768.170,-1172314.100,360.880,0.014
-443768.300,-1172313.800,360.680,0.012
-443768.420,-1172313.490,360.480,0.007
-443768.900,-1172312.270,359.800,0.012
-443769.260,-1172311.380,359.250,0.010
-443769.380,-1172311.070,359.010,0.011
-443769.500,-1172310.780,358.830,0.010
-443769.620,-1172310.460,358.670,0.011
-443769.750,-1172310.150,358.520,0.010
-443769.730,-1172313.240,360.460,0.022
-443769.840,-1172312.950,360.280,0.029
-443770.200,-1172312.050,359.650,0.008
-443770.310,-1172311.770,359.510,0.019
-443770.430,-1172311.470,359.300,0.030
-443770.560,-1172311.150,359.160,0.022
-443770.680,-1172310.850,358.980,0.010
-443770.800,-1172310.550,358.780,0.014
-443770.910,-1172310.250,358.610,0.015
-443771.030,-1172309.950,358.500,0.015
-443771.150,-1172309.650,358.300,0.022
-443768.680,-1172315.050,361.530,0.021
-443769.270,-1172313.570,360.630,0.020
-443769.380,-1172313.280,360.410,0.022
-443769.500,-1172312.990,360.250,0.026
-443769.620,-1172312.680,360.160,0.023
-443769.740,-1172312.380,359.960,0.021
-443769.860,-1172312.070,359.670,0.012
-443769.980,-1172311.770,359.460,0.018
-443770.100,-1172311.480,359.420,0.027
-443770.220,-1172311.180,359.240,0.023
-443770.460,-1172310.560,358.830,0.015
-443770.580,-1172310.250,358.660,0.017
-443770.710,-1172309.940,358.440,0.022
-443769.400,-1172314.990,361.580,0.025
-443769.510,-1172314.700,361.370,0.015
-443769.880,-1172313.770,360.770,0.029
-443770.360,-1172312.570,359.980,0.015
-443770.480,-1172312.270,359.870,0.017
-443770.590,-1172311.990,359.610,0.015
-443770.820,-1172311.400,359.420,0.013
-443770.940,-1172311.100,359.170,0.010
-443771.060,-1172310.800,358.960,0.015
-443771.180,-1172310.510,358.800,0.028
-443769.640,-1172315.290,361.670,0.062
-443770.220,-1172313.820,360.770,0.017
-443770.350,-1172313.500,360.650,0.028
-443770.470,-1172313.200,360.480,0.020
-443770.590,-1172312.900,360.220,0.030
-443770.710,-1172312.600,360.050,0.021
-443770.830,-1172312.280,359.900,0.017
-443770.960,-1172311.980,359.660,0.014
-443771.070,-1172311.690,359.510,0.013
-443771.540,-1172310.490,358.840,0.029
-443771.900,-1172309.590,358.290,0.018
-443772.020,-1172309.310,358.080,0.014
-443770.770,-1172314.300,361.140,0.019
-443770.890,-1172314.000,361.000,0.017
-443771.000,-1172313.730,360.690,0.026
-443771.120,-1172313.420,360.660,0.017
-443771.490,-1172312.500,360.030,0.024
-443771.620,-1172312.170,359.830,0.016
-443771.850,-1172311.590,359.440,0.012
-443771.960,-1172311.300,359.320,0.022
-443772.090,-1172310.980,359.130,0.020
-443772.210,-1172310.670,358.880,0.021
-443772.450,-1172310.070,358.590,0.010
-443772.580,-1172309.750,358.380,0.009
-443770.420,-1172314.400,361.150,0.024
-443770.790,-1172313.460,360.570,0.016
-443770.900,-1172313.170,360.510,0.012
-443771.130,-1172312.590,360.030,0.017
-443771.250,-1172312.280,359.950,0.015
-443771.380,-1172311.980,359.760,0.010
-443771.500,-1172311.670,359.550,0.016
-443771.620,-1172311.370,359.430,0.015
-443771.740,-1172311.060,359.160,0.017
-443771.860,-1172310.760,358.980,0.013
-443771.980,-1172310.460,358.830,0.015
-443772.100,-1172310.150,358.640,0.012
-443772.350,-1172309.540,358.330,0.015
-443771.420,-1172313.660,360.820,0.027
-443771.540,-1172313.350,360.590,0.022
-443771.890,-1172312.460,359.990,0.020
-443772.020,-1172312.140,359.890,0.021
-443772.260,-1172311.530,359.600,0.024
-443772.510,-1172310.900,359.150,0.020
-443772.630,-1172310.610,359.000,0.021
-443772.750,-1172310.310,358.710,0.018
-443771.440,-1172314.690,361.470,0.010
-443771.800,-1172313.780,360.820,0.011
-443772.040,-1172313.200,360.510,0.007
-443772.530,-1172311.960,359.780,0.016
-443772.640,-1172311.690,359.580,0.015
-443772.870,-1172311.090,359.280,0.017
-443773.120,-1172310.470,358.900,0.007
-443773.250,-1172310.150,358.750,0.008
-443773.490,-1172309.540,358.380,0.012
-443772.180,-1172314.090,361.170,0.023
-443772.770,-1172312.620,360.280,0.019
-443772.890,-1172312.300,360.070,0.015
-443773.120,-1172311.730,359.730,0.027
-443773.360,-1172311.120,359.410,0.019
-443773.840,-1172309.910,358.600,0.028
-443773.960,-1172309.600,358.560,0.025
-443772.250,-1172314.840,361.690,0.016
-443772.610,-1172313.930,361.030,0.025
-443772.730,-1172313.620,360.850,0.018
-443773.090,-1172312.730,360.270,0.016
-443773.210,-1172312.420,360.080,0.006
-443773.320,-1172312.140,359.950,0.011
-443773.670,-1172311.260,359.440,0.021
-443773.910,-1172310.650,359.160,0.016
-443774.030,-1172310.360,359.010,0.027
-443774.270,-1172309.750,358.550,0.030
-443773.360,-1172313.080,360.510,0.020
-443773.480,-1172312.760,360.400,0.023
-443773.720,-1172312.160,360.050,0.013
-443774.080,-1172311.250,359.620,0.021
-443774.200,-1172310.950,359.350,0.017
-443774.550,-1172310.080,358.830,0.033
-443773.000,-1172314.850,361.640,0.032
-443773.120,-1172314.550,361.510,0.027
-443773.850,-1172312.720,360.340,0.008
-443774.330,-1172311.510,359.640,0.027
-443774.570,-1172310.900,359.290,0.013
-443774.930,-1172310.000,358.810,0.011
-443773.470,-1172314.840,361.680,0.046
-443773.580,-1172314.550,361.620,0.035
-443773.820,-1172313.950,361.140,0.028
-443773.940,-1172313.640,361.100,0.026
-443774.070,-1172313.330,360.790,0.023
-443774.190,-1172313.020,360.620,0.022
-443774.430,-1172312.420,360.170,0.026
-443774.540,-1172312.130,360.120,0.026
-443774.790,-1172311.520,359.720,0.029
-443774.910,-1172311.210,359.580,0.018
-443775.020,-1172310.920,359.360,0.014
-443775.150,-1172310.610,359.220,0.011
-443773.770,-1172314.790,361.690,0.020
-443774.130,-1172313.870,361.050,0.033
-443774.260,-1172313.560,360.810,0.025
-443774.490,-1172312.970,360.490,0.024
-443774.730,-1172312.360,360.190,0.023
-443774.860,-1172312.040,359.930,0.022
-443774.980,-1172311.720,359.830,0.027
-443775.110,-1172311.420,359.610,0.015
-443774.490,-1172314.040,361.250,0.024
-443774.960,-1172312.850,360.600,0.010
-443775.080,-1172312.550,360.410,0.011
-443775.220,-1172313.190,360.730,0.042
-443778.840,-1172309.310,357.850,0.016
-443778.950,-1172309.600,357.960,0.021
-443779.070,-1172309.300,357.850,0.014
-443779.190,-1172308.990,357.650,0.008
-443778.850,-1172310.750,358.750,0.011
-443778.970,-1172310.460,358.540,0.009
-443779.080,-1172310.180,358.410,0.013
-443779.210,-1172309.860,358.270,0.016
-443779.460,-1172309.230,357.810,0.011
-443779.580,-1172308.920,357.640,0.015
-443778.840,-1172311.540,359.170,0.009
-443778.970,-1172311.220,359.030,0.012
-443779.320,-1172310.340,358.590,0.016
-443779.560,-1172309.720,358.160,0.013
-443778.960,-1172312.520,359.820,0.013
-443779.080,-1172312.230,359.740,0.009
-443779.200,-1172311.910,359.460,0.015
-443779.560,-1172311.010,358.930,0.010
-443779.790,-1172310.430,358.570,0.009
-443779.240,-1172312.570,359.930,0.015
-443779.370,-1172312.250,359.740,0.008
-443779.490,-1172311.950,359.560,0.013
-443780.100,-1172310.420,358.620,0.007
-443780.210,-1172310.130,358.350,0.014
-443780.570,-1172309.230,357.950,0.010
-443780.680,-1172308.940,357.850,0.020
-443779.780,-1172312.330,359.900,0.016
-443780.130,-1172311.430,359.310,0.010
-443780.370,-1172310.830,358.880,0.014
-443780.490,-1172310.520,358.770,0.014
-443781.100,-1172308.980,357.810,0.015
-443780.050,-1172312.440,359.920,0.014
-443780.170,-1172312.110,359.740,0.018
-443780.300,-1172311.800,359.620,0.013
-443780.420,-1172311.500,359.330,0.011
-443780.670,-1172310.860,358.900,0.015
-443780.790,-1172310.570,358.770,0.013
-443781.020,-1172309.990,358.390,0.018
-443781.370,-1172309.090,357.790,0.020
-443780.300,-1172313.420,360.580,0.018
-443780.660,-1172312.530,360.080,0.019
-443780.780,-1172312.220,359.720,0.031
-443781.500,-1172310.390,358.720,0.007
-443782.100,-1172308.890,357.810,0.023
-443782.230,-1172308.570,357.750,0.020
-443780.610,-1172312.130,359.790,0.030
-443780.850,-1172311.520,359.320,0.010
-443780.960,-1172311.240,359.240,0.015
-443781.580,-1172309.680,358.290,0.013
-443781.930,-1172308.800,357.830,0.019
-443780.630,-1172313.640,360.700,0.014
-443780.760,-1172313.320,360.570,0.012
-443781.230,-1172312.130,359.850,0.018
-443781.460,-1172311.540,359.460,0.008
-443781.580,-1172311.230,359.330,0.010
-443781.810,-1172310.650,358.890,0.009
-443781.930,-1172310.350,358.750,0.007
-443782.180,-1172309.730,358.320,0.012
-443782.300,-1172309.430,358.200,0.009
-443782.410,-1172309.140,358.000,0.019
-443782.530,-1172308.840,357.850,0.032
-443781.300,-1172312.960,360.320,0.011
-443781.900,-1172311.450,359.390,0.007
-443782.010,-1172311.160,359.220,0.007
-443782.490,-1172309.960,358.530,0.012
-443782.840,-1172309.070,357.930,0.017
-443781.610,-1172313.700,360.830,0.020
-443782.090,-1172312.490,360.120,0.018
-443782.210,-1172312.180,359.980,0.016
-443782.580,-1172311.260,359.350,0.014
-443782.940,-1172310.340,358.730,0.007
-443783.530,-1172308.860,357.880,0.014
-443783.640,-1172308.570,357.720,0.012
-443784.050,-1172309.670,358.390,0.009
-443784.540,-1172308.430,357.750,0.015
-443781.920,-1172313.810,360.920,0.019
-443782.040,-1172313.510,360.700,0.030
-443782.520,-1172312.290,359.940,0.019
-443783.840,-1172308.950,357.890,0.013
-443783.970,-1172308.630,357.840,0.015
-443783.450,-1172312.220,359.990,0.021
-443784.050,-1172310.680,359.040,0.020
-443784.170,-1172310.380,358.860,0.022
-443784.290,-1172310.070,358.770,0.012
-443784.530,-1172309.470,358.370,0.006
-443784.650,-1172309.190,358.130,0.009
-443782.970,-1172312.390,360.120,0.022
-443784.110,-1172311.900,359.840,0.007
-443784.230,-1172311.600,359.670,0.015
-443785.200,-1172309.150,358.190,0.006
-443785.440,-1172308.540,357.830,0.019
-443785.560,-1172308.250,357.750,0.015
-443785.530,-1172309.170,358.200,0.012
-443785.780,-1172308.540,357.810,0.012
-443785.910,-1172308.220,357.740,0.011
-443784.390,-1172313.290,360.750,0.019
-443786.180,-1172308.780,357.980,0.032
-443786.300,-1172308.470,357.840,0.015
-443784.860,-1172313.160,360.720,0.009
-443785.710,-1172311.020,359.430,0.036
-443786.660,-1172308.630,357.960,0.029
-443785.390,-1172313.210,360.810,0.032
-443785.630,-1172312.600,360.320,0.029
-443786.220,-1172311.100,359.460,0.019
-443786.830,-1172309.560,358.580,0.012
-443786.950,-1172309.260,358.430,0.012
-443787.300,-1172308.380,357.900,0.016
-443787.420,-1172308.080,357.750,0.018
-443787.540,-1172307.780,357.610,0.013
-443785.690,-1172313.310,360.820,0.025
-443785.940,-1172312.690,360.460,0.035
-443786.540,-1172311.170,359.500,0.018
-443786.660,-1172310.870,359.380,0.016
-443787.140,-1172309.650,358.630,0.004
-443787.750,-1172308.110,357.760,0.013
-443787.740,-1172310.180,358.890,0.016
-443787.860,-1172309.870,358.760,0.017
-443786.600,-1172312.100,360.100,0.023
-443786.970,-1172311.160,359.570,0.011
-443787.090,-1172310.860,359.430,0.016
-443787.340,-1172310.240,359.030,0.020
-443787.450,-1172309.960,358.940,0.014
-443788.060,-1172308.430,357.930,0.014
-443787.580,-1172311.580,359.920,0.021
-443788.790,-1172308.530,358.250,0.056
-443789.160,-1172307.600,357.420,0.025
-443786.410,-1172313.530,361.080,0.023
-443788.020,-1172312.060,360.200,0.015
-443789.330,-1172308.760,358.210,0.018
-443789.930,-1172307.230,357.390,0.029
-443789.360,-1172307.730,357.510,0.009
-443790.570,-1172307.980,357.760,0.026
-443790.690,-1172307.680,357.610,0.023
-443790.810,-1172307.380,357.460,0.028
-443788.320,-1172312.320,360.390,0.015
-443788.440,-1172312.030,360.190,0.028
-443789.550,-1172309.220,358.580,0.024
-443790.000,-1172308.070,357.810,0.019
-443789.670,-1172311.230,359.820,0.012
-443789.790,-1172310.930,359.670,0.014
-443790.260,-1172309.740,358.880,0.007
-443790.380,-1172309.420,358.770,0.015
-443790.870,-1172308.180,357.900,0.023
-443791.000,-1172307.870,357.790,0.025
-443791.110,-1172307.590,357.630,0.022
-443791.230,-1172307.280,357.520,0.018
-443788.520,-1172313.170,360.990,0.028
-443788.640,-1172312.860,360.680,0.034
-443789.120,-1172311.640,360.220,0.062
-443789.850,-1172309.820,358.890,0.029
-443789.970,-1172309.510,358.660,0.028
-443790.340,-1172308.580,358.120,0.015
-443790.240,-1172311.680,360.020,0.028
-443790.360,-1172311.370,359.890,0.026
-443790.830,-1172310.170,359.080,0.028
-443791.430,-1172308.650,358.210,0.011
-443791.560,-1172308.330,358.040,0.030
-443791.810,-1172307.700,357.660,0.023
-443792.040,-1172307.120,357.470,0.020
-443789.870,-1172311.670,360.040,0.022
-443789.980,-1172311.380,359.890,0.020
-443790.100,-1172311.090,359.730,0.023
-443790.220,-1172310.780,359.510,0.016
-443790.720,-1172309.520,358.790,0.014
-443790.840,-1172309.220,358.510,0.021
-443790.950,-1172308.940,358.400,0.015
-443791.070,-1172308.640,358.270,0.016
-443791.320,-1172308.010,357.850,0.033
-443791.430,-1172307.720,357.670,0.012
-443791.560,-1172307.410,357.530,0.029
-443791.690,-1172307.070,357.360,0.027
-443790.930,-1172311.810,360.160,0.026
-443791.040,-1172311.510,359.980,0.025
-443792.000,-1172309.100,358.620,0.029
-443792.110,-1172308.810,358.430,0.041
-443792.350,-1172308.210,358.040,0.025
-443792.480,-1172307.890,357.890,0.029
-443790.360,-1172312.470,360.520,0.021
-443790.600,-1172311.850,360.190,0.016
-443790.820,-1172311.280,359.870,0.021
-443790.940,-1172310.990,359.660,0.018
-443791.180,-1172310.380,359.290,0.024
-443791.420,-1172309.780,358.890,0.021
-443791.540,-1172309.470,358.730,0.026
-443791.650,-1172309.190,358.600,0.020
-443792.130,-1172307.970,357.820,0.018
-443792.260,-1172307.650,357.690,0.027
-443792.390,-1172307.330,357.500,0.024
-443792.510,-1172307.030,357.350,0.020
-443790.920,-1172312.870,360.890,0.019
-443791.040,-1172312.570,360.630,0.030
-443791.510,-1172311.370,359.930,0.023
-443791.630,-1172311.060,359.820,0.031
-443791.760,-1172310.740,359.600,0.034
-443791.880,-1172310.430,359.440,0.022
-443792.130,-1172309.820,359.010,0.030
-443792.710,-1172308.340,358.210,0.032
-443793.070,-1172307.430,357.640,0.015
-443793.180,-1172307.140,357.480,0.014
-443792.890,-1172310.440,359.370,0.027
-443793.000,-1172310.150,359.350,0.022
-443793.120,-1172309.860,359.180,0.024
-443793.240,-1172309.540,358.950,0.020
-443793.370,-1172309.230,358.760,0.012
-443793.480,-1172308.940,358.590,0.024
-443793.610,-1172308.620,358.420,0.029
-443794.100,-1172307.380,357.650,0.017
-443794.210,-1172307.090,357.480,0.020
-443794.330,-1172306.780,357.360,0.031
-443791.310,-1172313.030,360.900,0.043
-443791.550,-1172312.410,360.570,0.017
-443792.270,-1172310.590,359.500,0.030
-443792.760,-1172309.360,358.760,0.018
-443793.240,-1172308.140,358.090,0.016
-443792.280,-1172312.910,360.940,0.018
-443792.400,-1172312.620,360.820,0.017
-443792.520,-1172312.300,360.590,0.029
-443792.640,-1172312.000,360.450,0.023
-443793.000,-1172311.090,359.900,0.029
-443793.120,-1172310.790,359.690,0.029
-443793.610,-1172309.540,358.990,0.016
-443793.850,-1172308.930,358.560,0.034
-443793.970,-1172308.640,358.410,0.023
-443794.090,-1172308.350,358.260,0.028
-443794.570,-1172307.120,357.540,0.020
-443791.920,-1172312.880,360.970,0.023
-443792.040,-1172312.590,360.760,0.028
-443792.150,-1172312.300,360.620,0.029
-443792.400,-1172311.680,360.240,0.027
-443792.520,-1172311.370,359.970,0.024
-443794.020,-1172310.410,359.530,0.023
-443794.140,-1172310.110,359.350,0.021
-443794.270,-1172309.790,359.110,0.015
-443794.380,-1172309.510,359.070,0.027
-443794.500,-1172309.200,358.870,0.020
-443794.630,-1172308.870,358.590,0.014
-443794.740,-1172308.580,358.500,0.015
-443794.980,-1172307.980,358.110,0.024
-443795.230,-1172307.350,357.710,0.015
-443795.350,-1172307.040,357.630,0.032
-443795.480,-1172306.710,357.320,0.027
-443792.880,-1172312.420,360.690,0.018
-443793.230,-1172311.520,360.180,0.034
-443793.590,-1172310.630,359.630,0.023
-443793.710,-1172310.310,359.450,0.024
-443793.840,-1172309.990,359.280,0.010
-443793.950,-1172309.710,359.130,0.016
-443794.560,-1172308.160,358.140,0.028
-443794.690,-1172307.840,357.980,0.009
-443794.810,-1172307.540,357.820,0.015
-443795.030,-1172306.960,357.530,0.015
-443793.580,-1172312.630,360.900,0.017
-443793.940,-1172311.710,360.360,0.012
-443794.060,-1172311.390,360.140,0.005
-443794.180,-1172311.100,359.950,0.020
-443794.530,-1172310.210,359.470,0.035
-443794.770,-1172309.610,359.000,0.023
-443794.900,-1172309.290,358.860,0.024
-443795.130,-1172308.710,358.460,0.023
-443795.250,-1172308.380,358.280,0.018
-443795.370,-1172308.100,358.220,0.027
-443795.610,-1172307.480,357.760,0.033
-443793.660,-1172311.310,360.090,0.031
-443793.790,-1172311.000,359.900,0.044
-443796.280,-1172307.630,357.850,0.024
-443796.400,-1172307.330,357.690,0.027
-443796.510,-1172307.050,357.600,0.028
-443796.630,-1172306.740,357.520,0.033
-443793.810,-1172312.810,360.940,0.015
-443793.930,-1172312.520,360.870,0.016
-443794.060,-1172312.200,360.670,0.011
-443794.910,-1172310.050,359.380,0.024
-443795.150,-1172309.430,358.990,0.011
-443795.260,-1172309.150,358.800,0.016
-443796.090,-1172307.050,357.580,0.021
-443794.980,-1172312.000,360.540,0.017
-443795.220,-1172311.410,360.220,0.008
-443795.350,-1172311.080,360.010,0.012
-443795.490,-1172310.730,359.760,0.017
-443795.710,-1172310.160,359.480,0.017
-443795.950,-1172309.560,359.120,0.022
-443796.070,-1172309.260,358.950,0.026
-443796.440,-1172308.320,358.360,0.018
-443796.560,-1172308.020,358.210,0.030
-443796.800,-1172307.410,357.790,0.018
-443796.920,-1172307.100,357.650,0.021
-443797.040,-1172306.810,357.500,0.021
-443794.480,-1172312.180,360.650,0.010
-443794.600,-1172311.890,360.490,0.008
-443794.710,-1172311.600,360.300,0.023
-443795.190,-1172310.390,359.610,0.039
-443795.310,-1172310.070,359.380,0.023
-443795.560,-1172309.450,358.990,0.031
-443795.680,-1172309.160,358.800,0.029
-443795.800,-1172308.840,358.680,0.043
-443795.920,-1172308.540,358.520,0.028
-443796.040,-1172308.230,358.350,0.018
-443795.470,-1172312.180,360.650,0.016
-443796.070,-1172310.660,359.800,0.050
-443796.560,-1172309.420,359.080,0.016
-443796.680,-1172309.120,358.890,0.014
-443796.910,-1172308.530,358.480,0.026
-443797.280,-1172307.600,357.990,0.024
-443795.890,-1172312.040,360.670,0.022
-443796.250,-1172311.140,360.090,0.019
-443796.370,-1172310.830,359.970,0.018
-443796.610,-1172310.220,359.610,0.012
-443796.730,-1172309.930,359.480,0.019
-443797.220,-1172308.680,358.630,0.015
-443797.470,-1172308.060,358.300,0.017
-443797.580,-1172307.770,358.170,0.017
-443797.700,-1172307.470,358.000,0.022
-443797.930,-1172306.870,357.600,0.023
-443798.000,-1172308.660,358.740,0.017
-443796.300,-1172311.980,360.680,0.017
-443796.650,-1172311.110,360.170,0.019
-443796.770,-1172310.790,359.960,0.023
-443796.890,-1172310.500,359.770,0.027
-443797.250,-1172309.590,359.280,0.015
-443797.370,-1172309.290,359.010,0.013
-443797.490,-1172308.970,358.920,0.020
-443797.730,-1172308.360,358.470,0.013
-443797.970,-1172307.760,358.140,0.021
-443797.090,-1172312.030,360.680,0.074
-443797.210,-1172311.720,360.510,0.022
-443797.450,-1172311.100,360.210,0.016
-443797.580,-1172310.780,359.930,0.010
-443797.690,-1172310.500,359.860,0.011
-443797.930,-1172309.890,359.460,0.030
-443796.690,-1172311.960,360.660,0.034
-443796.810,-1172311.660,360.480,0.015
-443797.170,-1172310.740,359.930,0.015
-443797.760,-1172309.270,359.080,0.013
-443797.870,-1172308.990,358.880,0.019
-443797.630,-1172311.330,360.260,0.027
-443797.750,-1172311.030,360.130,0.034
-443798.110,-1172310.110,359.480,0.036
-443804.880,-1172310.230,356.780,0.017
-443807.230,-1172306.330,356.290,0.029
-443804.940,-1172311.330,357.540,0.067
-443808.450,-1172306.440,356.310,0.027
-443807.960,-1172309.520,358.680,0.043
-443811.120,-1172304.730,355.530,0.022
-443811.280,-1172305.190,355.730,0.014
-443811.400,-1172304.900,355.540,0.017
-443811.930,-1172305.270,355.790,0.026
-443812.050,-1172304.970,355.710,0.017
-443812.170,-1172304.660,355.530,0.012
-443811.700,-1172304.980,355.700,0.077
-443811.530,-1172306.970,357.080,0.007
-443812.260,-1172305.140,355.780,0.018
-443812.380,-1172304.810,355.630,0.015
-443810.330,-1172309.320,358.780,0.082
-443811.670,-1172307.410,357.410,0.050
-443812.770,-1172304.620,355.610,0.020
-443812.960,-1172306.270,357.460,0.017
-443813.080,-1172305.970,357.300,0.014
-443813.340,-1172305.310,355.970,0.010
-443813.450,-1172305.020,355.750,0.015
-443813.580,-1172304.710,355.610,0.015
-443812.690,-1172305.870,356.260,0.017
-443813.050,-1172304.970,355.730,0.017
-443812.260,-1172308.950,358.730,0.035
-443813.950,-1172304.660,355.670,0.014
-443813.510,-1172307.520,357.720,0.015
-443814.480,-1172305.070,355.880,0.033
-443814.610,-1172304.750,355.750,0.035
-443814.730,-1172304.440,355.610,0.019
-443814.240,-1172304.760,355.710,0.024
-443813.360,-1172308.840,358.690,0.049
-443814.960,-1172304.810,355.700,0.021
-443815.080,-1172304.500,355.640,0.028
-443814.090,-1172308.800,358.690,0.031
-443815.380,-1172304.560,355.700,0.026
-443819.560,-1172309.120,357.040,0.015
-443819.700,-1172307.700,355.990,0.021
-443825.970,-1172308.410,355.610,0.028
-443825.380,-1172308.990,356.060,0.073
-443829.020,-1172304.630,355.740,0.008
-443828.420,-1172304.920,355.940,0.018
-443828.540,-1172304.630,355.610,0.044
-443828.670,-1172304.300,355.490,0.024
-443829.690,-1172306.780,357.320,0.028
-443827.790,-1172308.710,356.060,0.023
-443829.430,-1172304.530,355.700,0.041
-443831.780,-1172305.590,356.670,0.020
-443830.840,-1172305.600,356.580,0.019
-443831.440,-1172304.080,355.560,0.036
-443830.420,-1172305.680,356.630,0.023
-443832.700,-1172305.840,357.080,0.037
-443835.110,-1172306.210,357.350,0.026
-443835.180,-1172305.090,356.530,0.013
-443838.080,-1172307.550,355.980,0.016
-443840.410,-1172307.430,356.040,0.031
-443704.880,-1172296.480,358.530,0.067
-443710.540,-1172292.980,356.580,0.030
-443710.660,-1172292.690,356.440,0.032
-443711.030,-1172291.790,355.830,0.019
-443711.150,-1172291.490,355.650,0.019
-443710.550,-1172292.030,356.000,0.039
-443710.660,-1172291.740,355.890,0.030
-443710.790,-1172291.440,355.600,0.026
-443711.430,-1172293.480,356.930,0.032
-443712.030,-1172291.990,356.070,0.019
-443712.160,-1172291.670,355.950,0.019
-443712.410,-1172291.080,355.580,0.025
-443711.850,-1172291.560,355.830,0.018
-443710.550,-1172293.930,357.150,0.029
-443710.780,-1172293.350,356.810,0.025
-443712.560,-1172295.010,358.050,0.008
-443712.690,-1172294.710,357.840,0.004
-443712.820,-1172294.390,357.660,0.010
-443712.940,-1172294.090,357.510,0.024
-443713.300,-1172293.210,357.000,0.017
-443714.030,-1172291.410,355.900,0.069
-443712.680,-1172293.910,357.260,0.030
-443712.810,-1172293.600,357.120,0.019
-443713.170,-1172292.700,356.550,0.034
-443712.470,-1172293.800,357.230,0.027
-443712.580,-1172293.510,357.120,0.020
-443712.830,-1172292.920,356.690,0.023
-443712.950,-1172292.610,356.580,0.028
-443713.310,-1172291.740,355.940,0.050
-443713.420,-1172291.450,355.840,0.017
-443712.100,-1172293.850,357.160,0.065
-443712.220,-1172293.570,357.080,0.033
-443712.460,-1172292.980,356.690,0.024
-443712.820,-1172292.100,356.180,0.026
-443712.940,-1172291.790,356.020,0.033
-443713.060,-1172291.500,355.870,0.023
-443713.190,-1172291.200,355.760,0.019
-443711.850,-1172293.530,357.050,0.018
-443711.960,-1172293.250,356.920,0.019
-443712.080,-1172292.960,356.750,0.015
-443712.200,-1172292.660,356.530,0.044
-443712.330,-1172292.350,356.280,0.017
-443712.450,-1172292.050,356.180,0.024
-443714.570,-1172294.920,358.010,0.027
-443714.700,-1172294.610,357.840,0.020
-443714.820,-1172294.300,357.600,0.022
-443714.950,-1172293.990,357.470,0.034
-443715.070,-1172293.700,357.310,0.030
-443715.900,-1172291.650,356.150,0.011
-443716.030,-1172291.340,355.940,0.016
-443714.160,-1172294.910,358.000,0.020
-443714.290,-1172294.610,357.870,0.015
-443714.410,-1172294.300,357.710,0.019
-443714.650,-1172293.720,357.320,0.019
-443714.890,-1172293.120,356.970,0.022
-443715.000,-1172292.850,356.840,0.017
-443715.120,-1172292.550,356.710,0.024
-443715.490,-1172291.660,356.130,0.012
-443715.860,-1172290.750,355.580,0.024
-443713.660,-1172294.980,358.040,0.042
-443714.380,-1172293.220,356.990,0.025
-443714.500,-1172292.920,356.810,0.017
-443715.360,-1172290.790,355.580,0.020
-443713.440,-1172294.700,357.840,0.020
-443713.570,-1172294.390,357.660,0.023
-443713.810,-1172293.800,357.290,0.014
-443713.930,-1172293.500,357.140,0.015
-443714.060,-1172293.190,357.000,0.021
-443714.420,-1172292.310,356.460,0.056
-443714.670,-1172291.680,356.140,0.030
-443714.790,-1172291.380,355.950,0.022
-443714.920,-1172291.080,355.770,0.018
-443713.090,-1172294.630,357.820,0.013
-443713.210,-1172294.360,357.480,0.031
-443713.330,-1172294.050,357.410,0.026
-443713.450,-1172293.750,357.270,0.016
-443713.580,-1172293.440,357.120,0.016
-443713.830,-1172292.830,356.760,0.022
-443714.070,-1172292.230,356.340,0.021
-443714.190,-1172291.940,356.160,0.036
-443715.690,-1172294.870,358.010,0.048
-443715.930,-1172294.280,357.710,0.032
-443716.060,-1172293.960,357.600,0.033
-443716.180,-1172293.670,357.410,0.021
-443716.430,-1172293.050,357.050,0.037
-443716.560,-1172292.750,356.850,0.019
-443716.670,-1172292.460,356.670,0.030
-443716.910,-1172291.870,356.370,0.013
-443717.280,-1172290.980,355.820,0.054
-443715.280,-1172294.850,358.010,0.026
-443715.410,-1172294.540,357.850,0.020
-443715.530,-1172294.230,357.680,0.017
-443715.650,-1172293.940,357.500,0.020
-443715.770,-1172293.660,357.370,0.021
-443715.880,-1172293.370,357.180,0.027
-443716.250,-1172292.460,356.660,0.029
-443716.380,-1172292.150,356.480,0.026
-443716.500,-1172291.840,356.250,0.013
-443716.750,-1172291.250,355.940,0.015
-443716.590,-1172290.900,355.730,0.021
-443717.970,-1172290.930,355.900,0.031
-443716.200,-1172294.400,357.800,0.025
-443716.800,-1172292.930,356.900,0.027
-443716.920,-1172292.620,356.800,0.025
-443717.540,-1172291.100,355.900,0.017
-443717.800,-1172294.340,357.960,0.025
-443718.050,-1172293.730,357.520,0.026
-443717.710,-1172293.610,357.520,0.027
-443717.950,-1172293.020,357.160,0.020
-443716.900,-1172294.360,357.940,0.016
-443717.150,-1172293.760,357.590,0.024
-443717.500,-1172292.890,357.080,0.017
-443709.410,-1172316.110,360.020,0.036
-443718.200,-1172294.330,358.020,0.026
-443708.890,-1172316.400,360.090,0.067
-443707.250,-1172322.040,362.010,0.070
-443709.660,-1172316.100,360.040,0.048
-443709.470,-1172320.210,360.720,0.040
-443709.150,-1172320.210,360.720,0.039
-443710.850,-1172316.000,359.980,0.069
-443709.970,-1172320.190,360.760,0.019
-443712.510,-1172315.760,360.100,0.073
-443709.710,-1172321.750,361.990,0.040
-443712.090,-1172315.870,360.140,0.070
-443711.630,-1172321.470,362.030,0.017
-443713.900,-1172315.870,360.220,0.044
-443712.550,-1172319.930,360.770,0.016
-443712.810,-1172321.490,362.050,0.061
-443714.220,-1172319.590,360.680,0.024
-443715.660,-1172316.050,357.900,0.046
-443714.990,-1172319.600,360.700,0.028
-443715.110,-1172319.310,360.470,0.040
-443716.290,-1172316.390,357.740,0.048
-443716.540,-1172315.790,357.420,0.036
-443707.570,-1172337.150,360.920,0.033
-443714.180,-1172320.730,361.560,0.040
-443714.540,-1172319.850,360.800,0.034
-443714.650,-1172319.580,360.670,0.028
-443716.790,-1172316.270,357.750,0.025
-443716.900,-1172316.010,357.580,0.050
-443717.020,-1172315.710,357.480,0.035
-443715.640,-1172319.960,361.060,0.093
-443717.070,-1172316.450,357.830,0.029
-443717.190,-1172316.140,357.690,0.021
-443717.310,-1172315.860,357.500,0.013
-443717.820,-1172316.020,357.650,0.030
-443717.930,-1172315.730,357.470,0.023
-443718.250,-1172317.090,358.370,0.043
-443718.360,-1172316.820,358.200,0.020
-443718.730,-1172315.900,357.680,0.026
-443718.270,-1172315.970,357.590,0.024
-443718.390,-1172315.690,357.480,0.021
-443718.550,-1172316.910,358.260,0.020
-443718.680,-1172316.590,358.060,0.027
-443718.800,-1172316.290,357.860,0.024
-443719.040,-1172315.720,357.550,0.023
-443718.770,-1172317.460,358.670,0.031
-443719.500,-1172315.670,357.590,0.036
-443718.950,-1172317.900,358.950,0.030
-443719.070,-1172317.620,358.790,0.028
-443719.310,-1172317.030,358.420,0.018
-443719.660,-1172316.150,357.820,0.024
-443719.790,-1172315.840,357.630,0.035
-443719.910,-1172315.530,357.510,0.049
-443713.980,-1172336.510,361.010,0.023
-443714.990,-1172336.500,361.040,0.063
-443851.090,-1172299.270,348.330,0.017
-443852.010,-1172298.970,348.200,0.006
-443851.750,-1172299.190,348.280,0.006
-443851.500,-1172299.400,348.380,0.034
-443851.250,-1172299.610,348.480,0.030
-443851.000,-1172299.830,348.570,0.023
-443850.720,-1172300.060,348.690,0.004
-443852.220,-1172299.230,348.290,0.006
-443851.950,-1172299.450,348.410,0.020
-443851.720,-1172299.650,348.470,0.019
-443851.230,-1172300.070,348.690,0.010
-443850.970,-1172300.280,348.790,0.018
-443852.600,-1172299.320,348.360,0.010
-443852.370,-1172299.520,348.490,0.012
-443852.130,-1172299.720,348.550,0.012
-443851.090,-1172300.600,348.970,0.019
-443850.820,-1172300.830,349.070,0.017
-443852.920,-1172299.460,348.490,0.020
-443852.680,-1172299.670,348.580,0.019
-443852.440,-1172299.880,348.660,0.013
-443852.180,-1172300.090,348.760,0.007
-443851.940,-1172300.300,348.850,0.013
-443851.670,-1172300.520,348.970,0.014
-443851.430,-1172300.740,349.110,0.015
-443852.660,-1172300.280,348.890,0.015
-443852.420,-1172300.490,348.970,0.017
-443852.180,-1172300.690,349.060,0.010
-443851.910,-1172300.920,349.160,0.008
-443851.670,-1172301.120,349.270,0.014
-443852.680,-1172300.850,349.160,0.009
-443852.420,-1172301.070,349.250,0.010
-443799.640,-1172410.000,352.740,0.024
-443798.900,-1172410.190,352.840,0.053
-443796.870,-1172411.240,353.100,0.022
-443798.430,-1172410.240,352.970,0.067
-443796.950,-1172411.500,353.200,0.016
-443795.410,-1172412.020,353.350,0.010
-443795.160,-1172411.390,353.140,0.033
-443772.030,-1172409.630,349.470,0.013
-443788.680,-1172417.720,349.880,0.051
-443785.520,-1172417.840,349.800,0.037
-443776.040,-1172425.040,354.040,0.030
-443850.350,-1172301.230,349.270,0.008
-443850.200,-1172300.940,349.110,0.011
-443849.940,-1172301.160,349.220,0.008
-443850.490,-1172300.260,348.780,0.003
-443850.230,-1172300.480,348.890,0.013
-443849.990,-1172300.690,349.010,0.010
-443849.720,-1172300.910,349.070,0.006
-443849.240,-1172301.320,349.320,0.009
-443850.350,-1172299.540,348.450,0.021
-443850.110,-1172299.740,348.520,0.013
-443849.860,-1172299.950,348.650,0.011
-443849.600,-1172300.170,348.730,0.018
-443849.370,-1172300.370,348.810,0.016
-443848.840,-1172300.820,349.060,0.009
-443850.100,-1172300.120,348.690,0.012
-443849.860,-1172300.320,348.840,0.013
-443849.600,-1172300.540,348.920,0.012
-443849.350,-1172300.750,349.040,0.015
-443849.100,-1172300.960,349.130,0.014
-443848.860,-1172301.170,349.250,0.012
-443848.600,-1172301.020,349.150,0.011
-443848.360,-1172301.220,349.260,0.019
-443849.700,-1172299.130,348.210,0.013
-443850.160,-1172299.240,348.240,0.013
-443849.900,-1172299.460,348.370,0.008
-443849.660,-1172299.660,348.480,0.012
-443848.900,-1172300.310,348.800,0.018
-443848.640,-1172300.530,348.890,0.019
-443848.390,-1172300.740,348.980,0.008
-443848.120,-1172300.970,349.100,0.009
-443847.630,-1172301.380,349.320,0.015
-443847.210,-1172300.740,348.950,0.012
-443846.950,-1172300.960,349.070,0.009
-443846.710,-1172301.170,349.180,0.007
-443846.470,-1172301.370,349.270,0.017
-443849.440,-1172299.350,348.280,0.010
-443849.180,-1172299.570,348.420,0.009
-443848.950,-1172299.770,348.470,0.011
-443848.700,-1172299.980,348.600,0.009
-443848.450,-1172300.190,348.720,0.022
-443848.190,-1172300.410,348.840,0.009
-443847.930,-1172300.630,348.920,0.011
-443847.690,-1172300.840,349.030,0.013
-443847.440,-1172301.050,349.090,0.009
-443847.180,-1172301.270,349.240,0.008
-443848.980,-1172299.240,348.250,0.007
-443848.730,-1172299.450,348.360,0.004
-443848.210,-1172299.890,348.560,0.013
-443847.950,-1172300.110,348.680,0.007
-443847.710,-1172300.320,348.750,0.007
-443847.920,-1172299.440,348.310,0.009
-443847.670,-1172299.660,348.420,0.009
-443847.420,-1172299.870,348.540,0.006
-443847.180,-1172300.070,348.600,0.011
-443846.920,-1172300.290,348.700,0.014
-443846.680,-1172300.500,348.840,0.014
-443846.420,-1172300.720,348.960,0.013
-443846.170,-1172300.930,349.030,0.023
-443848.430,-1172299.360,348.310,0.008
-443847.940,-1172299.770,348.500,0.013
-443847.690,-1172299.980,348.590,0.008
-443847.450,-1172300.190,348.690,0.008
-443847.210,-1172300.380,348.790,0.011
-443846.960,-1172300.600,348.880,0.021
-443846.700,-1172300.820,348.970,0.014
-443846.460,-1172301.020,349.050,0.021
-443846.230,-1172301.220,349.180,0.016
-443841.490,-1172304.900,354.320,0.016
-443841.250,-1172305.110,354.440,0.020
-443847.840,-1172299.090,348.150,0.011
-443847.580,-1172299.310,348.240,0.012
-443847.320,-1172299.540,348.350,0.010
-443847.080,-1172299.730,348.450,0.011
-443846.820,-1172299.960,348.560,0.008
-443846.580,-1172300.160,348.640,0.008
-443846.310,-1172300.390,348.780,0.015
-443846.060,-1172300.600,348.890,0.016
-443840.280,-1172304.690,354.080,0.022
-443847.200,-1172299.200,348.190,0.010
-443846.940,-1172299.430,348.300,0.011
-443846.680,-1172299.650,348.420,0.014
-443846.420,-1172299.860,348.490,0.012
-443846.170,-1172300.080,348.570,0.008
-443840.800,-1172304.630,354.100,0.020
-443839.690,-1172304.210,353.850,0.033
-443838.440,-1172305.270,354.420,0.016
-443846.070,-1172299.350,348.190,0.014
-443840.680,-1172303.930,353.570,0.011
-443840.420,-1172304.140,353.690,0.014
-443839.940,-1172304.550,353.960,0.026
-443839.690,-1172304.760,354.090,0.018
-443838.930,-1172305.410,354.540,0.019
-443838.510,-1172304.190,353.740,0.031
-443841.570,-1172302.090,352.380,0.023
-443837.720,-1172304.470,353.810,0.018
-443838.960,-1172302.860,352.720,0.029
-443838.700,-1172303.080,352.830,0.029
-443838.440,-1172302.350,352.320,0.017
-443834.860,-1172303.130,355.180,0.018
-443833.170,-1172302.580,354.690,0.031
-443832.410,-1172302.720,354.700,0.079
-443826.740,-1172307.530,355.120,0.011
-443826.480,-1172307.750,355.270,0.009
-443826.250,-1172307.950,355.400,0.012
-443831.410,-1172303.010,354.850,0.021
-443830.680,-1172303.630,355.190,0.023
-443830.420,-1172303.850,355.360,0.019
-443831.230,-1172302.740,354.670,0.026
-443830.970,-1172302.960,354.790,0.041
-443829.960,-1172303.820,355.300,0.019
-443830.330,-1172303.060,354.750,0.019
-443825.660,-1172307.020,354.690,0.017
-443825.410,-1172307.240,354.780,0.013
-443824.920,-1172307.650,355.100,0.070
-443825.990,-1172306.350,354.220,0.025
-443824.990,-1172307.200,354.770,0.039
-443829.550,-1172302.830,354.560,0.029
-443829.290,-1172303.050,354.720,0.022
-443829.030,-1172303.270,354.840,0.062
-443826.410,-1172305.490,353.610,0.035
-443828.560,-1172303.310,354.860,0.030
-443826.760,-1172304.370,352.870,0.021
-443826.350,-1172303.440,352.160,0.026
-443825.570,-1172303.660,352.260,0.015
-443824.090,-1172304.910,353.020,0.048
-443825.370,-1172303.370,352.060,0.023
-443825.100,-1172303.600,352.200,0.020
-443824.340,-1172303.620,352.170,0.029
-443824.590,-1172303.410,352.060,0.027
-443823.850,-1172303.620,352.100,0.033
-443823.610,-1172303.820,352.190,0.041
-443799.810,-1172324.020,351.030,0.035
-443817.140,-1172307.160,355.380,0.043
-443819.610,-1172304.130,353.360,0.017
-443819.360,-1172303.800,353.120,0.016
-443819.120,-1172304.010,353.220,0.021
-443818.860,-1172304.230,353.350,0.023
-443817.770,-1172304.730,353.590,0.016
-443817.390,-1172304.490,353.440,0.033
-443817.130,-1172304.710,353.550,0.031
-443816.740,-1172304.460,353.340,0.024
-443816.480,-1172304.680,353.470,0.017
-443804.600,-1172308.410,355.420,0.022
-443804.730,-1172307.830,354.950,0.031
-443804.530,-1172307.440,354.830,0.031
-443801.840,-1172308.550,355.300,0.009
-443728.990,-1172293.510,355.360,0.043
-443722.160,-1172314.710,355.000,0.020
-443721.920,-1172314.920,355.020,0.023
-443723.550,-1172314.730,355.120,0.038
-443724.080,-1172314.680,355.080,0.019
-443723.840,-1172314.880,355.240,0.026
-443724.790,-1172314.610,355.140,0.024
-443725.160,-1172314.640,355.160,0.026
-443724.910,-1172314.850,355.310,0.020
-443724.680,-1172315.050,355.420,0.024
-443724.420,-1172315.260,355.560,0.023
-443725.890,-1172314.630,355.240,0.024
-443749.200,-1172334.990,352.510,0.034
-443745.030,-1172338.520,353.190,0.096
-443719.470,-1172329.040,352.880,0.047
-443719.330,-1172328.800,352.710,0.055
-443718.330,-1172328.800,352.760,0.025
-443716.210,-1172290.490,355.510,0.025
-443714.250,-1172290.700,355.520,0.024
-443713.740,-1172290.770,355.540,0.027
-443713.330,-1172290.660,355.450,0.020
-443713.100,-1172290.850,355.550,0.017
-443712.900,-1172290.560,355.370,0.014
-443712.640,-1172290.770,355.480,0.018
-443712.400,-1172290.970,355.560,0.026
-443712.160,-1172290.740,355.390,0.025
-443711.910,-1172290.940,355.490,0.032
-443711.500,-1172290.840,355.420,0.020
-443711.080,-1172290.580,355.240,0.029
-443708.370,-1172292.280,354.410,0.009
-443708.120,-1172292.490,354.530,0.022
-443707.880,-1172292.230,354.340,0.018
-443707.620,-1172292.450,354.420,0.014
-443830.730,-1172342.590,370.600,0.037
-443735.250,-1172437.930,361.460,0.047
-443736.190,-1172437.920,361.520,0.022
-443738.880,-1172437.750,361.480,0.034
-443739.410,-1172437.760,361.480,0.038
-443739.590,-1172437.970,361.840,0.040
-443740.310,-1172437.700,361.500,0.044
-443828.320,-1172366.800,370.800,0.018
-443746.450,-1172437.730,361.840,0.066
-443748.330,-1172437.580,361.840,0.064
-443831.250,-1172366.760,370.750,0.046
-443833.300,-1172366.790,370.830,0.034
-443751.620,-1172437.410,361.850,0.098
-443834.220,-1172366.950,371.120,0.072
-443752.450,-1172437.200,361.490,0.050
-443758.000,-1172436.830,361.420,0.054
-443757.890,-1172437.400,361.870,0.022
-443837.630,-1172432.170,374.290,0.057
-443844.850,-1172421.370,374.840,0.041
-443839.490,-1172414.960,374.310,0.021
-443831.480,-1172418.990,377.640,0.045
-443844.340,-1172406.950,374.770,0.059
-443844.580,-1172399.400,374.430,0.050
-443843.950,-1172399.460,374.440,0.024
-443707.330,-1172395.300,359.630,0.034
-443718.770,-1172290.770,355.880,0.030
-443719.500,-1172291.290,356.260,0.040
-443721.030,-1172290.490,355.780,0.032
-443720.280,-1172291.120,356.180,0.035
-443720.040,-1172291.310,356.310,0.045
-443719.540,-1172291.730,356.520,0.026
-443719.040,-1172292.150,356.790,0.026
-443718.770,-1172292.370,356.890,0.038
-443720.930,-1172290.980,356.140,0.022
-443720.200,-1172291.580,356.510,0.025
-443719.450,-1172292.210,356.840,0.028
-443719.200,-1172292.420,356.970,0.029
-443720.880,-1172291.450,356.450,0.037
-443720.640,-1172291.650,356.550,0.030
-443719.670,-1172292.460,356.970,0.018
-443719.440,-1172292.650,357.100,0.046
-443718.940,-1172293.070,357.300,0.042
-443718.710,-1172293.260,357.420,0.046
-443719.800,-1172292.820,357.220,0.015
-443719.560,-1172293.010,357.310,0.021
-443718.850,-1172293.610,357.600,0.024
-443719.270,-1172293.670,357.720,0.031
-443721.030,-1172292.590,357.210,0.033
-443720.050,-1172293.400,357.610,0.030
-443719.800,-1172293.620,357.740,0.034
-443719.570,-1172293.810,357.840,0.029
-443719.310,-1172294.030,357.940,0.032
-443719.060,-1172294.230,358.060,0.029
-443720.750,-1172293.370,357.680,0.023
-443728.350,-1172295.760,357.760,0.058
-443739.510,-1172291.430,359.740,0.050
-443740.310,-1172291.350,359.760,0.060
-443741.800,-1172291.110,359.770,0.063
-443748.250,-1172290.550,358.990,0.045
-443720.890,-1172315.310,357.480,0.035
-443721.460,-1172315.300,357.480,0.087
-443721.210,-1172315.510,357.620,0.085
-443720.970,-1172315.710,357.720,0.023
-443720.730,-1172315.910,357.840,0.056
-443720.490,-1172316.110,357.960,0.041
-443722.620,-1172315.900,355.890,0.022
-443723.220,-1172316.270,356.200,0.027
-443725.610,-1172315.260,355.630,0.021
-443725.120,-1172315.670,355.890,0.028
-443724.130,-1172316.490,356.380,0.016
-443723.150,-1172317.320,356.930,0.014
-443725.890,-1172315.530,355.870,0.022
-443723.680,-1172317.380,357.030,0.025
-443721.200,-1172319.450,358.330,0.038
-443725.950,-1172315.760,356.010,0.023
-443725.230,-1172316.360,356.430,0.012
-443724.970,-1172316.580,356.560,0.022
-443724.720,-1172316.790,356.680,0.032
-443722.750,-1172318.440,357.720,0.028
-443722.510,-1172318.640,357.850,0.025
-443721.280,-1172319.670,358.480,0.023
-443721.120,-1172320.370,358.700,0.042
-443725.670,-1172316.900,356.820,0.027
-443725.430,-1172317.100,356.980,0.022
-443724.470,-1172317.900,357.420,0.023
-443724.230,-1172318.110,357.560,0.029
-443723.010,-1172319.130,358.220,0.028
-443722.270,-1172319.750,358.640,0.042
-443722.590,-1172320.250,359.010,0.025
-443730.950,-1172313.880,358.160,0.022
-443730.690,-1172314.100,358.300,0.009
-443730.450,-1172314.300,358.390,0.034
-443725.800,-1172318.190,357.840,0.028
-443724.570,-1172319.220,358.450,0.037
-443731.430,-1172313.910,358.200,0.025
-443731.200,-1172314.100,358.320,0.035
-443725.540,-1172318.840,358.210,0.026
-443732.160,-1172313.780,358.210,0.029
-443730.450,-1172315.220,359.010,0.027
-443729.940,-1172315.650,359.190,0.015
-443725.570,-1172319.310,358.580,0.041
-443725.060,-1172319.730,358.870,0.052
-443731.400,-1172314.680,358.730,0.036
-443730.890,-1172315.100,358.950,0.031
-443730.410,-1172315.510,359.210,0.035
-443732.730,-1172314.090,358.450,0.051
-443732.000,-1172314.690,358.780,0.026
-443731.740,-1172314.910,358.890,0.026
-443730.760,-1172315.730,359.330,0.034
-443733.950,-1172313.450,358.050,0.034
-443732.500,-1172314.660,358.760,0.016
-443732.020,-1172315.060,359.010,0.030
-443731.770,-1172315.270,359.100,0.025
-443731.540,-1172315.470,359.230,0.020
-443731.300,-1172315.670,359.330,0.021
-443730.810,-1172316.080,359.570,0.033
-443734.340,-1172313.570,358.040,0.055
-443731.410,-1172316.020,359.580,0.026
-443731.180,-1172316.220,359.720,0.028
-443734.070,-1172314.110,358.550,0.023
-443733.830,-1172314.310,358.690,0.023
-443732.610,-1172315.340,359.260,0.029
-443732.370,-1172315.540,359.350,0.021
-443731.860,-1172315.960,359.600,0.037
-443731.370,-1172316.370,359.810,0.027
-443731.140,-1172316.570,359.940,0.016
-443730.170,-1172317.370,360.400,0.022
-443734.660,-1172314.220,358.700,0.028
-443731.940,-1172316.500,360.060,0.035
-443731.700,-1172316.710,360.080,0.032
-443735.710,-1172313.780,358.450,0.016
-443734.750,-1172314.580,358.890,0.018
-443734.490,-1172314.800,359.000,0.032
-443733.270,-1172315.820,359.600,0.041
-443733.010,-1172316.040,359.710,0.022
-443732.760,-1172316.250,359.830,0.018
-443732.040,-1172316.860,360.170,0.016
-443731.550,-1172317.260,360.390,0.020
-443730.810,-1172317.890,360.770,0.016
-443735.560,-1172314.380,358.870,0.035
-443735.330,-1172314.570,358.970,0.018
-443734.590,-1172315.190,359.300,0.034
-443734.370,-1172315.380,359.420,0.021
-443733.630,-1172315.990,359.760,0.033
-443733.390,-1172316.190,359.890,0.028
-443732.880,-1172316.620,360.120,0.039
-443732.660,-1172316.810,360.220,0.030
-443732.410,-1172317.020,360.320,0.016
-443731.660,-1172317.650,360.720,0.035
-443731.160,-1172318.070,360.960,0.030
-443734.540,-1172315.500,359.460,0.025
-443734.300,-1172315.700,359.580,0.017
-443734.070,-1172315.890,359.680,0.022
-443733.820,-1172316.100,359.790,0.025
-443733.570,-1172316.310,359.940,0.027
-443733.340,-1172316.500,360.060,0.023
-443733.100,-1172316.700,360.170,0.026
-443732.840,-1172316.920,360.260,0.022
-443732.100,-1172317.540,360.620,0.016
-443731.630,-1172317.940,360.850,0.032
-443736.500,-1172313.850,358.570,0.021
-443735.750,-1172314.480,358.910,0.023
-443735.510,-1172314.680,359.020,0.019
-443735.270,-1172314.890,359.120,0.013
-443735.020,-1172315.090,359.240,0.019
-443737.320,-1172313.730,358.540,0.032
-443736.740,-1172314.580,359.030,0.027
-443736.480,-1172314.800,359.140,0.015
-443736.230,-1172315.000,359.340,0.023
-443735.980,-1172315.210,359.360,0.018
-443735.750,-1172315.410,359.450,0.011
-443735.500,-1172315.610,359.610,0.011
-443735.270,-1172315.810,359.700,0.016
-443735.010,-1172316.020,359.830,0.018
-443734.530,-1172316.430,359.970,0.021
-443734.280,-1172316.640,360.170,0.026
-443734.020,-1172316.850,360.300,0.019
-443733.780,-1172317.060,360.410,0.011
-443733.530,-1172317.270,360.530,0.020
-443733.040,-1172317.680,360.760,0.033
-443732.800,-1172317.890,360.880,0.031
-443732.560,-1172318.090,361.020,0.024
-443732.320,-1172318.280,361.120,0.026
-443731.850,-1172318.680,361.330,0.019
-443737.480,-1172313.960,358.680,0.022
-443737.250,-1172314.150,358.770,0.022
-443738.220,-1172313.870,358.720,0.022
-443737.970,-1172314.080,358.820,0.023
-443737.720,-1172314.290,358.950,0.019
-443736.740,-1172315.110,359.420,0.026
-443736.000,-1172315.730,359.760,0.039
-443735.760,-1172315.930,359.880,0.036
-443734.540,-1172316.950,360.450,0.042
-443733.550,-1172317.780,360.920,0.064
-443739.110,-1172313.480,358.490,0.022
-443738.890,-1172313.660,358.610,0.016
-443738.640,-1172313.870,358.730,0.020
-443738.400,-1172314.070,358.830,0.019
-443737.930,-1172314.470,359.050,0.026
-443737.690,-1172314.670,359.160,0.015
-443737.200,-1172315.080,359.390,0.017
-443736.960,-1172315.280,359.500,0.022
-443736.720,-1172315.480,359.630,0.025
-443736.470,-1172315.690,359.740,0.018
-443736.210,-1172315.910,359.840,0.026
-443735.730,-1172316.310,360.060,0.023
-443735.500,-1172316.500,360.180,0.019
-443734.740,-1172317.150,360.610,0.031
-443734.230,-1172317.570,360.770,0.047
-443734.000,-1172317.760,360.900,0.052
-443733.530,-1172318.160,361.140,0.025
-443733.270,-1172318.370,361.270,0.014
-443733.020,-1172318.590,361.340,0.008
-443732.790,-1172318.780,361.430,0.026
-443732.530,-1172318.990,361.620,0.022
-443732.280,-1172319.210,361.700,0.017
-443732.030,-1172319.410,361.850,0.019
-443740.890,-1172312.620,358.110,0.041
-443740.640,-1172312.830,358.150,0.037
-443738.680,-1172314.470,359.120,0.016
-443736.260,-1172316.500,360.230,0.026
-443735.540,-1172317.110,360.600,0.016
-443735.280,-1172317.320,360.730,0.023
-443734.300,-1172318.150,361.200,0.027
-443734.060,-1172318.350,361.120,0.030
-443733.810,-1172318.550,361.370,0.016
-443741.030,-1172312.910,358.140,0.058
-443740.520,-1172313.340,358.520,0.023
-443739.290,-1172314.370,359.080,0.031
-443739.050,-1172314.570,359.200,0.018
-443738.800,-1172314.780,359.300,0.027
-443738.550,-1172314.990,359.440,0.025
-443737.070,-1172316.230,360.110,0.015
-443736.580,-1172316.640,360.330,0.015
-443735.870,-1172317.240,360.690,0.026
-443735.370,-1172317.650,360.920,0.022
-443734.910,-1172318.040,361.150,0.045
-443734.650,-1172318.260,361.290,0.009
-443734.410,-1172318.460,361.390,0.013
-443733.910,-1172318.880,361.490,0.024
-443733.190,-1172319.480,361.960,0.059
-443740.220,-1172314.070,359.120,0.044
-443738.700,-1172315.340,359.740,0.023
-443738.240,-1172315.730,359.900,0.034
-443737.970,-1172315.950,360.030,0.035
-443736.730,-1172316.990,360.630,0.030
-443736.250,-1172317.400,360.850,0.032
-443735.770,-1172317.800,361.110,0.028
-443735.530,-1172318.000,361.190,0.026
-443734.820,-1172318.600,361.540,0.023
-443737.160,-1172316.870,360.560,0.035
-443736.680,-1172317.280,360.790,0.027
-443736.430,-1172317.490,360.920,0.011
-443736.180,-1172317.700,361.050,0.016
-443735.680,-1172318.120,361.270,0.035
-443735.430,-1172318.330,361.380,0.026
-443735.190,-1172318.530,361.500,0.021
-443734.220,-1172319.350,361.960,0.016
-443741.570,-1172313.180,358.530,0.014
-443740.360,-1172314.190,359.130,0.045
-443738.900,-1172315.420,359.730,0.027
-443738.650,-1172315.630,359.870,0.024
-443742.330,-1172313.040,358.480,0.012
-443741.340,-1172313.870,358.960,0.014
-443741.120,-1172314.060,359.090,0.013
-443740.860,-1172314.280,359.170,0.017
-443740.390,-1172314.670,359.500,0.035
-443739.920,-1172315.070,359.620,0.023
-443738.930,-1172315.900,360.060,0.028
-443738.450,-1172316.300,360.280,0.008
-443737.950,-1172316.720,360.460,0.018
-443737.470,-1172317.120,360.760,0.027
-443736.710,-1172317.760,361.080,0.018
-443742.680,-1172313.080,358.520,0.010
-443742.190,-1172313.490,358.760,0.007
-443741.700,-1172313.900,359.000,0.011
-443741.190,-1172314.330,359.210,0.015
-443740.950,-1172314.540,359.350,0.018
-443740.710,-1172314.730,359.480,0.022
-443740.460,-1172314.950,359.590,0.040
-443739.970,-1172315.360,359.770,0.025
-443739.730,-1172315.560,359.880,0.012
-443739.250,-1172315.960,360.110,0.022
-443739.010,-1172316.160,360.220,0.013
-443738.770,-1172316.370,360.320,0.010
-443738.530,-1172316.570,360.430,0.008
-443738.290,-1172316.770,360.540,0.009
-443737.800,-1172317.180,360.770,0.016
-443737.060,-1172317.800,361.220,0.034
-443736.820,-1172318.000,361.230,0.032
-443736.080,-1172318.630,361.680,0.021
-443735.820,-1172318.840,361.710,0.015
-443735.330,-1172319.250,362.070,0.089
-443739.920,-1172315.870,360.100,0.028
-443738.240,-1172317.290,360.930,0.025
-443737.750,-1172317.700,360.980,0.012
-443744.110,-1172312.360,358.110,0.033
-443740.930,-1172315.410,359.940,0.018
-443740.700,-1172315.600,360.050,0.020
-443739.700,-1172316.440,360.480,0.043
-443739.450,-1172316.650,360.550,0.025
-443739.200,-1172316.860,360.700,0.023
-443738.710,-1172317.270,360.930,0.028
-443738.480,-1172317.470,361.020,0.024
-443738.220,-1172317.690,361.170,0.022
-443737.750,-1172318.080,361.380,0.016
-443737.020,-1172318.690,361.730,0.028
-443743.400,-1172313.340,358.760,0.030
-443743.140,-1172313.550,358.900,0.021
-443742.670,-1172313.950,359.110,0.014
-443742.170,-1172314.370,359.360,0.015
-443741.910,-1172314.590,359.470,0.010
-443738.720,-1172317.930,361.360,0.035
-443738.470,-1172318.140,361.470,0.028
-443738.210,-1172318.350,361.610,0.037
-443737.980,-1172318.550,361.700,0.043
-443745.570,-1172312.180,358.110,0.072
-443742.410,-1172314.830,359.660,0.017
-443742.160,-1172315.040,359.790,0.010
-443741.680,-1172315.440,360.030,0.017
-443741.180,-1172315.860,360.270,0.008
-443739.720,-1172317.090,360.870,0.034
-443739.460,-1172317.300,361.030,0.026
-443746.220,-1172312.110,358.150,0.010
-443745.950,-1172312.340,358.310,0.020
-443744.970,-1172313.160,358.760,0.010
-443744.710,-1172313.380,358.880,0.011
-443744.480,-1172313.580,359.010,0.016
-443742.790,-1172315.000,359.790,0.010
-443742.300,-1172315.410,359.970,0.012
-443740.080,-1172317.270,360.990,0.017
-443739.580,-1172317.690,361.290,0.022
-443739.090,-1172318.100,361.560,0.051
-443738.860,-1172318.300,361.580,0.022
-443738.610,-1172318.510,361.690,0.013
-443768.310,-1172294.150,359.160,0.026
-443746.740,-1172312.260,358.350,0.026
-443745.770,-1172313.080,358.750,0.020
-443742.100,-1172316.160,360.480,0.010
-443738.910,-1172318.840,361.940,0.067
-443739.830,-1172318.370,361.680,0.018
-443747.170,-1172312.200,358.310,0.024
-443746.680,-1172312.610,358.530,0.022
-443746.440,-1172312.820,358.620,0.016
-443746.200,-1172313.020,358.760,0.013
-443745.940,-1172313.240,358.850,0.029
-443745.680,-1172313.450,359.010,0.021
-443744.470,-1172314.470,359.570,0.021
-443744.230,-1172314.680,359.680,0.019
-443743.730,-1172315.100,359.910,0.008
-443743.230,-1172315.520,360.140,0.020
-443742.970,-1172315.730,360.260,0.022
-443742.730,-1172315.930,360.390,0.020
-443742.480,-1172316.140,360.510,0.014
-443742.240,-1172316.340,360.640,0.014
-443742.000,-1172316.550,360.760,0.024
-443741.520,-1172316.960,361.010,0.026
-443741.040,-1172317.350,361.120,0.023
-443742.960,-1172316.320,360.590,0.020
-443742.220,-1172316.940,361.020,0.020
-443740.770,-1172318.160,361.780,0.064
-443748.120,-1172311.980,358.290,0.029
-443747.640,-1172312.390,358.420,0.027
-443747.160,-1172312.790,358.670,0.013
-443748.300,-1172312.280,358.420,0.032
-443747.340,-1172313.100,358.880,0.016
-443746.860,-1172313.500,359.100,0.024
-443746.370,-1172313.910,359.340,0.012
-443745.640,-1172314.530,359.670,0.017
-443745.390,-1172314.730,359.780,0.008
-443745.140,-1172314.950,359.900,0.020
-443744.900,-1172315.140,360.010,0.013
-443744.660,-1172315.350,360.110,0.018
-443744.410,-1172315.560,360.240,0.006
-443742.930,-1172316.800,360.990,0.022
-443745.420,-1172315.350,360.220,0.036
-443748.340,-1172312.890,358.820,0.010
-443748.460,-1172313.230,359.090,0.031
-443748.230,-1172313.430,359.200,0.026
-443747.990,-1172313.630,359.310,0.023
-443747.730,-1172313.850,359.410,0.017
-443746.250,-1172315.090,360.130,0.037
-443744.800,-1172316.310,360.800,0.014
-443772.570,-1172293.700,359.150,0.042
-443773.450,-1172293.370,358.940,0.083
-443746.220,-1172316.260,360.840,0.025
-443774.250,-1172293.180,358.840,0.042
-443774.060,-1172293.560,359.160,0.039
-443764.860,-1172310.100,358.180,0.017
-443765.410,-1172310.580,358.520,0.018
-443765.170,-1172310.790,358.650,0.036
-443766.190,-1172311.040,358.840,0.016
-443765.460,-1172311.650,359.210,0.024
-443765.220,-1172311.860,359.300,0.010
-443765.810,-1172310.890,358.750,0.020
-443765.570,-1172311.090,358.850,0.022
-443765.320,-1172311.300,358.980,0.015
-443766.270,-1172311.420,359.110,0.023
-443767.770,-1172310.510,358.650,0.017
-443767.540,-1172310.710,358.770,0.017
-443767.050,-1172311.120,358.980,0.020
-443766.790,-1172311.340,359.080,0.019
-443766.560,-1172311.540,359.200,0.020
-443766.050,-1172311.960,359.440,0.025
-443765.800,-1172312.180,359.580,0.029
-443769.120,-1172310.410,358.670,0.038
-443768.890,-1172310.610,358.770,0.016
-443768.630,-1172310.820,358.850,0.015
-443768.130,-1172311.240,359.120,0.016
-443766.390,-1172312.710,359.910,0.022
-443765.910,-1172313.120,360.150,0.015
-443765.670,-1172313.320,360.290,0.020
-443764.920,-1172313.950,360.730,0.056
-443768.440,-1172310.530,358.700,0.025
-443768.200,-1172310.740,358.820,0.047
-443767.930,-1172310.960,358.940,0.032
-443767.670,-1172311.180,359.030,0.010
-443767.430,-1172311.380,359.150,0.017
-443765.220,-1172313.250,360.200,0.023
-443769.940,-1172310.180,358.560,0.024
-443769.690,-1172310.390,358.690,0.011
-443768.730,-1172311.200,359.140,0.034
-443766.760,-1172312.860,360.060,0.025
-443770.820,-1172309.770,358.410,0.018
-443770.560,-1172309.990,358.510,0.024
-443770.070,-1172310.400,358.740,0.018
-443769.810,-1172310.620,358.840,0.012
-443769.570,-1172310.830,358.960,0.009
-443769.330,-1172311.030,359.080,0.019
-443769.080,-1172311.240,359.160,0.021
-443768.830,-1172311.450,359.280,0.015
-443768.590,-1172311.660,359.390,0.007
-443768.340,-1172311.860,359.480,0.007
-443768.110,-1172312.060,359.630,0.007
-443767.870,-1172312.260,359.730,0.012
-443767.630,-1172312.460,359.860,0.016
-443767.390,-1172312.670,359.950,0.020
-443767.140,-1172312.880,360.070,0.015
-443766.650,-1172313.290,360.310,0.017
-443766.410,-1172313.490,360.420,0.019
-443766.160,-1172313.710,360.550,0.017
-443765.910,-1172313.920,360.760,0.023
-443765.670,-1172314.120,360.850,0.016
-443765.430,-1172314.320,360.920,0.018
-443771.930,-1172309.360,358.190,0.016
-443770.650,-1172310.440,358.780,0.010
-443766.250,-1172314.150,360.830,0.017
-443771.240,-1172310.330,358.760,0.034
-443771.000,-1172310.530,358.840,0.014
-443770.750,-1172310.740,358.960,0.016
-443770.490,-1172310.960,359.090,0.013
-443770.240,-1172311.170,359.200,0.020
-443769.730,-1172311.600,359.430,0.021
-443769.500,-1172311.800,359.540,0.016
-443769.260,-1172311.990,359.650,0.018
-443769.020,-1172312.200,359.790,0.014
-443768.280,-1172312.820,360.120,0.028
-443768.020,-1172313.040,360.260,0.021
-443767.770,-1172313.250,360.340,0.019
-443767.520,-1172313.470,360.450,0.028
-443767.280,-1172313.670,360.580,0.024
-443766.540,-1172314.300,360.950,0.021
-443766.060,-1172314.700,361.190,0.020
-443765.820,-1172314.900,361.290,0.027
-443772.530,-1172309.690,358.440,0.011
-443772.060,-1172310.090,358.680,0.012
-443771.810,-1172310.300,358.780,0.014
-443771.320,-1172310.710,358.990,0.030
-443771.090,-1172310.910,359.080,0.021
-443770.350,-1172311.530,359.450,0.026
-443770.110,-1172311.740,359.520,0.023
-443767.380,-1172314.040,360.920,0.065
-443767.120,-1172314.260,360.940,0.042
-443766.870,-1172314.470,361.050,0.025
-443765.890,-1172315.300,361.550,0.011
-443772.990,-1172309.630,358.440,0.018
-443772.750,-1172309.830,358.550,0.018
-443772.490,-1172310.050,358.660,0.009
-443772.010,-1172310.460,358.880,0.017
-443771.760,-1172310.670,358.980,0.009
-443770.800,-1172311.480,359.410,0.013
-443770.560,-1172311.670,359.520,0.023
-443770.320,-1172311.880,359.610,0.015
-443770.070,-1172312.090,359.740,0.009
-443769.330,-1172312.710,360.130,0.060
-443769.080,-1172312.920,360.310,0.058
-443768.850,-1172313.120,360.340,0.032
-443768.600,-1172313.340,360.430,0.019
-443767.590,-1172314.190,361.020,0.042
-443767.350,-1172314.390,360.910,0.039
-443766.870,-1172314.790,361.260,0.015
-443766.620,-1172315.010,361.400,0.013
-443766.360,-1172315.220,361.530,0.012
-443766.130,-1172315.420,361.630,0.012
-443772.600,-1172310.470,358.900,0.018
-443772.360,-1172310.670,359.040,0.024
-443772.110,-1172310.880,359.140,0.025
-443771.840,-1172311.110,359.240,0.020
-443771.610,-1172311.310,359.360,0.012
-443771.360,-1172311.510,359.460,0.011
-443771.130,-1172311.710,359.600,0.011
-443770.860,-1172311.940,359.690,0.020
-443770.390,-1172312.330,359.890,0.015
-443769.660,-1172312.950,360.270,0.030
-443768.450,-1172313.980,360.860,0.026
-443768.180,-1172314.200,360.980,0.015
-443767.200,-1172315.030,361.470,0.013
-443766.950,-1172315.240,361.570,0.016
-443766.710,-1172315.440,361.680,0.023
-443774.390,-1172309.390,358.390,0.009
-443774.140,-1172309.600,358.510,0.020
-443773.890,-1172309.810,358.630,0.025
-443773.630,-1172310.030,358.730,0.018
-443773.380,-1172310.250,358.840,0.007
-443772.890,-1172310.660,359.020,0.008
-443772.670,-1172310.850,359.160,0.012
-443771.910,-1172311.480,359.470,0.025
-443771.660,-1172311.690,359.600,0.011
-443771.410,-1172311.900,359.710,0.008
-443770.660,-1172312.540,360.080,0.009
-443769.700,-1172313.350,360.520,0.019
-443768.730,-1172314.170,361.080,0.023
-443768.490,-1172314.370,361.100,0.028
-443768.240,-1172314.580,361.220,0.010
-443768.000,-1172314.790,361.320,0.012
-443767.760,-1172314.990,361.440,0.010
-443767.510,-1172315.200,361.490,0.008
-443767.260,-1172315.410,361.670,0.011
-443767.020,-1172315.610,361.830,0.038
-443769.880,-1172314.010,361.060,0.039
-443769.630,-1172314.220,361.100,0.035
-443769.370,-1172314.440,361.230,0.013
-443768.890,-1172314.840,361.430,0.039
-443768.640,-1172315.060,361.580,0.021
-443768.400,-1172315.260,361.690,0.037
-443772.760,-1172311.200,359.370,0.022
-443772.510,-1172311.410,359.480,0.032
-443772.280,-1172311.600,359.600,0.021
-443771.550,-1172312.220,359.920,0.016
-443771.300,-1172312.430,360.050,0.020
-443771.050,-1172312.640,360.150,0.022
-443770.290,-1172313.280,360.520,0.021
-443770.050,-1172313.490,360.640,0.018
-443768.840,-1172314.510,361.190,0.037
-443773.470,-1172311.520,359.650,0.020
-443773.230,-1172311.720,359.750,0.023
-443771.990,-1172312.770,360.320,0.019
-443771.750,-1172312.970,360.410,0.010
-443771.510,-1172313.180,360.530,0.019
-443771.240,-1172313.400,360.660,0.026
-443770.010,-1172314.450,361.240,0.016
-443769.780,-1172314.640,361.350,0.010
-443769.530,-1172314.850,361.490,0.027
-443769.030,-1172315.270,361.580,0.029
-443774.810,-1172309.850,358.760,0.022
-443774.550,-1172310.060,358.870,0.035
-443774.320,-1172310.260,358.980,0.029
-443774.080,-1172310.460,359.070,0.024
-443773.820,-1172310.680,359.180,0.015
-443773.340,-1172311.090,359.390,0.021
-443773.080,-1172311.310,359.490,0.025
-443772.840,-1172311.510,359.610,0.017
-443772.590,-1172311.720,359.700,0.016
-443772.360,-1172311.920,359.800,0.019
-443772.100,-1172312.130,359.950,0.020
-443771.840,-1172312.350,360.040,0.027
-443771.590,-1172312.560,360.180,0.025
-443770.860,-1172313.180,360.490,0.015
-443770.630,-1172313.380,360.630,0.015
-443775.100,-1172310.640,359.220,0.012
-443774.830,-1172310.860,359.350,0.010
-443774.340,-1172311.280,359.560,0.019
-443773.380,-1172312.090,359.970,0.011
-443773.140,-1172312.290,360.070,0.007
-443772.910,-1172312.490,360.180,0.009
-443772.660,-1172312.700,360.310,0.020
-443772.180,-1172313.110,360.510,0.010
-443770.950,-1172314.140,361.100,0.016
-443770.710,-1172314.340,361.220,0.020
-443769.690,-1172315.200,361.530,0.066
-443774.950,-1172311.310,359.610,0.016
-443773.220,-1172312.770,360.370,0.019
-443775.340,-1172311.360,359.720,0.013
-443775.070,-1172311.590,359.820,0.019
-443774.820,-1172311.800,359.930,0.027
-443774.590,-1172312.000,360.060,0.029
-443774.350,-1172312.190,360.170,0.023
-443774.110,-1172312.400,360.270,0.018
-443773.860,-1172312.610,360.370,0.009
-443772.860,-1172313.450,360.810,0.021
-443772.610,-1172313.660,360.940,0.015
-443772.370,-1172313.870,361.040,0.013
-443772.120,-1172314.080,361.140,0.023
-443774.610,-1172313.030,360.680,0.028
-443774.350,-1172313.240,360.800,0.024
-443774.110,-1172313.450,360.920,0.033
-443773.860,-1172313.660,361.000,0.025
-443773.610,-1172313.870,361.140,0.026
-443772.640,-1172314.690,361.580,0.028
-443772.390,-1172314.900,361.670,0.046
-443778.590,-1172309.220,357.830,0.015
-443774.160,-1172312.960,360.590,0.021
-443775.380,-1172312.880,360.680,0.037
-443772.930,-1172314.960,361.800,0.033
-443779.530,-1172308.870,357.680,0.011
-443779.020,-1172309.300,357.860,0.015
-443778.770,-1172309.510,357.990,0.017
-443775.090,-1172312.620,360.460,0.011
-443774.850,-1172312.820,360.600,0.014
-443780.450,-1172308.930,357.820,0.018
-443780.220,-1172309.130,357.890,0.015
-443779.970,-1172309.340,358.030,0.015
-443779.720,-1172309.550,358.120,0.014
-443779.470,-1172309.770,358.270,0.014
-443779.210,-1172309.980,358.380,0.017
-443778.950,-1172310.200,358.480,0.015
-443778.700,-1172310.420,358.600,0.005
-443774.780,-1172313.730,361.170,0.032
-443774.540,-1172313.930,361.260,0.035
-443773.810,-1172314.550,361.580,0.027
-443780.990,-1172309.030,357.890,0.015
-443780.740,-1172309.240,357.970,0.010
-443779.500,-1172310.290,358.540,0.012
-443781.680,-1172308.840,357.850,0.019
-443781.450,-1172309.040,357.920,0.019
-443780.960,-1172309.460,358.140,0.008
-443779.750,-1172310.480,358.660,0.008
-443779.500,-1172310.690,358.830,0.011
-443779.250,-1172310.900,358.940,0.011
-443778.760,-1172311.310,359.140,0.012
-443782.310,-1172309.160,358.080,0.018
-443780.340,-1172310.830,358.990,0.014
-443779.100,-1172311.880,359.560,0.014
-443782.660,-1172308.520,357.680,0.027
-443782.410,-1172308.730,357.820,0.034
-443782.170,-1172308.930,357.900,0.025
-443781.410,-1172309.570,358.240,0.010
-443780.920,-1172309.990,358.490,0.016
-443780.660,-1172310.210,358.570,0.013
-443780.430,-1172310.400,358.670,0.009
-443783.700,-1172308.650,357.830,0.012
-443783.450,-1172308.860,357.910,0.015
-443783.210,-1172309.070,358.030,0.012
-443782.960,-1172309.270,358.150,0.011
-443782.710,-1172309.490,358.250,0.008
-443781.950,-1172310.130,358.620,0.010
-443780.480,-1172311.370,359.310,0.013
-443779.220,-1172312.440,359.890,0.011
-443782.810,-1172308.740,357.860,0.034
-443782.560,-1172308.950,357.990,0.028
-443784.840,-1172308.180,357.590,0.015
-443784.600,-1172308.380,357.690,0.014
-443784.360,-1172308.590,357.850,0.019
-443782.890,-1172309.820,358.480,0.008
-443782.150,-1172310.450,358.840,0.008
-443781.910,-1172310.660,358.930,0.008
-443781.670,-1172310.860,359.050,0.010
-443781.160,-1172311.290,359.290,0.012
-443780.390,-1172311.940,359.630,0.014
-443780.160,-1172312.140,359.780,0.016
-443779.920,-1172312.340,359.900,0.018
-443779.690,-1172312.530,359.970,0.017
-443779.430,-1172312.750,360.080,0.017
-443785.540,-1172308.150,357.680,0.014
-443785.300,-1172308.350,357.760,0.023
-443785.040,-1172308.570,357.870,0.022
-443784.550,-1172308.990,358.080,0.011
-443784.310,-1172309.190,358.190,0.012
-443783.580,-1172309.800,358.520,0.007
-443782.830,-1172310.440,358.870,0.008
-443782.610,-1172310.620,358.980,0.007
-443781.870,-1172311.260,359.300,0.009
-443781.630,-1172311.450,359.430,0.007
-443780.880,-1172312.090,359.820,0.026
-443783.340,-1172311.010,359.280,0.042
-443782.090,-1172312.060,359.860,0.012
-443785.960,-1172308.180,357.710,0.010
-443785.730,-1172308.380,357.830,0.012
-443785.480,-1172308.580,357.910,0.018
-443785.230,-1172308.790,358.020,0.012
-443784.970,-1172309.020,358.150,0.005
-443784.730,-1172309.220,358.230,0.005
-443784.480,-1172309.430,358.340,0.006
-443784.230,-1172309.640,358.480,0.009
-443783.740,-1172310.060,358.720,0.006
-443783.490,-1172310.270,358.840,0.009
-443783.240,-1172310.480,358.940,0.012
-443782.510,-1172311.100,359.280,0.007
-443782.270,-1172311.300,359.400,0.009
-443782.030,-1172311.500,359.480,0.007
-443781.540,-1172311.920,359.760,0.007
-443781.290,-1172312.130,359.860,0.018
-443780.810,-1172312.530,360.080,0.014
-443787.500,-1172307.970,357.680,0.015
-443787.260,-1172308.170,357.860,0.015
-443786.280,-1172309.000,358.240,0.032
-443786.010,-1172309.230,358.380,0.017
-443785.780,-1172309.430,358.450,0.018
-443784.270,-1172310.700,359.180,0.017
-443783.780,-1172311.110,359.410,0.014
-443783.550,-1172311.310,359.510,0.012
-443782.300,-1172312.370,360.130,0.017
-443782.050,-1172312.580,360.220,0.015
-443781.550,-1172313.000,360.460,0.012
-443781.060,-1172313.410,360.690,0.010
-443780.830,-1172313.610,360.820,0.013
-443786.330,-1172308.470,357.880,0.016
-443786.070,-1172308.690,358.010,0.015
-443785.560,-1172309.130,358.230,0.014
-443783.590,-1172311.830,359.840,0.010
-443783.330,-1172312.060,359.970,0.014
-443783.080,-1172312.270,360.060,0.015
-443789.040,-1172307.640,357.560,0.018
-443787.530,-1172308.920,358.260,0.012
-443786.800,-1172309.540,358.590,0.012
-443785.830,-1172310.360,359.030,0.012
-443784.610,-1172311.390,359.630,0.013
-443784.360,-1172311.600,359.740,0.014
-443784.110,-1172311.810,359.880,0.009
-443781.880,-1172313.700,360.960,0.020
-443781.650,-1172313.890,361.040,0.018
-443789.940,-1172307.500,357.500,0.030
-443789.690,-1172307.720,357.560,0.012
-443789.430,-1172307.940,357.700,0.004
-443785.710,-1172311.080,359.470,0.023
-443785.220,-1172311.500,359.700,0.009
-443784.970,-1172311.710,359.810,0.006
-443782.770,-1172313.570,360.990,0.017
-443782.530,-1172313.770,361.000,0.023
-443790.710,-1172307.330,357.460,0.025
-443790.450,-1172307.550,357.570,0.017
-443790.210,-1172307.740,357.630,0.013
-443789.700,-1172308.180,357.880,0.014
-443789.460,-1172308.380,358.000,0.012
-443787.720,-1172309.860,358.860,0.016
-443786.720,-1172310.700,359.410,0.018
-443786.230,-1172311.110,359.520,0.020
-443785.240,-1172311.960,360.000,0.016
-443784.270,-1172312.780,360.500,0.023
-443783.800,-1172313.170,360.700,0.013
-443791.570,-1172307.100,357.420,0.032
-443791.330,-1172307.290,357.500,0.020
-443791.090,-1172307.500,357.590,0.028
-443790.600,-1172307.910,357.810,0.028
-443788.880,-1172309.370,358.750,0.029
-443787.140,-1172310.840,359.460,0.021
-443785.930,-1172311.870,359.990,0.009
-443784.420,-1172313.140,360.720,0.014
-443791.950,-1172307.130,357.490,0.026
-443791.700,-1172307.340,357.610,0.031
-443791.440,-1172307.560,357.670,0.029
-443790.940,-1172307.980,357.920,0.025
-443790.720,-1172308.170,357.990,0.029
-443790.460,-1172308.390,358.110,0.022
-443790.220,-1172308.590,358.220,0.017
-443789.980,-1172308.790,358.340,0.017
-443789.510,-1172309.190,358.560,0.027
-443788.030,-1172310.450,359.290,0.020
-443785.540,-1172312.550,360.450,0.029
-443785.060,-1172312.960,360.710,0.010
-443784.800,-1172313.180,360.700,0.009
-443785.430,-1172313.250,360.900,0.032
-443787.980,-1172311.530,359.940,0.011
-443787.740,-1172311.730,360.020,0.015
-443787.510,-1172311.930,360.130,0.007
-443787.250,-1172312.150,360.280,0.013
-443787.020,-1172312.350,360.380,0.018
-443786.780,-1172312.550,360.510,0.033
-443786.530,-1172312.760,360.610,0.029
-443792.580,-1172307.200,357.550,0.025
-443792.350,-1172307.390,357.610,0.038
-443791.360,-1172308.220,358.070,0.036
-443791.090,-1172308.450,358.180,0.018
-443789.610,-1172309.700,358.860,0.022
-443793.420,-1172306.930,357.370,0.022
-443793.190,-1172307.130,357.530,0.014
-443792.950,-1172307.330,357.620,0.022
-443792.690,-1172307.540,357.710,0.035
-443792.440,-1172307.760,357.820,0.035
-443792.190,-1172307.970,357.930,0.029
-443791.930,-1172308.190,358.050,0.016
-443791.670,-1172308.410,358.160,0.013
-443791.440,-1172308.610,358.280,0.011
-443791.200,-1172308.810,358.380,0.014
-443790.960,-1172309.010,358.490,0.018
-443790.710,-1172309.220,358.620,0.021
-443790.460,-1172309.440,358.750,0.020
-443789.960,-1172309.860,358.970,0.024
-443794.520,-1172306.680,357.390,0.033
-443794.260,-1172306.900,357.490,0.023
-443794.020,-1172307.090,357.570,0.014
-443793.780,-1172307.300,357.660,0.024
-443793.540,-1172307.500,357.760,0.034
-443793.300,-1172307.700,357.860,0.033
-443793.050,-1172307.920,357.990,0.016
-443792.070,-1172308.740,358.430,0.042
-443791.570,-1172309.170,358.700,0.023
-443791.330,-1172309.370,358.800,0.026
-443791.090,-1172309.580,358.920,0.027
-443790.590,-1172310.000,359.130,0.035
-443790.330,-1172310.220,359.260,0.023
-443789.590,-1172310.850,359.580,0.028
-443788.350,-1172311.900,360.260,0.029
-443788.100,-1172312.110,360.320,0.016
-443786.600,-1172313.380,361.060,0.012
-443795.170,-1172306.590,357.380,0.029
-443794.420,-1172307.230,357.620,0.015
-443793.920,-1172307.650,357.880,0.022
-443792.930,-1172308.490,358.350,0.019
-443790.490,-1172310.560,359.460,0.027
-443790.240,-1172310.770,359.570,0.012
-443790.000,-1172310.970,359.660,0.021
-443789.760,-1172311.170,359.790,0.015
-443789.500,-1172311.390,359.920,0.015
-443795.520,-1172306.710,357.430,0.032
-443795.280,-1172306.920,357.550,0.030
-443795.040,-1172307.120,357.660,0.025
-443794.530,-1172307.550,357.890,0.012
-443793.520,-1172308.400,358.340,0.028
-443792.530,-1172309.240,358.780,0.016
-443792.060,-1172309.640,359.030,0.027
-443791.820,-1172309.850,359.090,0.032
-443791.090,-1172310.460,359.440,0.026
-443790.850,-1172310.660,359.570,0.030
-443790.600,-1172310.880,359.700,0.022
-443789.860,-1172311.510,360.000,0.018
-443789.130,-1172312.130,360.580,0.077
-443788.620,-1172312.560,360.680,0.026
-443788.360,-1172312.770,360.780,0.027
-443787.870,-1172313.190,361.050,0.013
-443795.660,-1172307.060,357.660,0.026
-443795.410,-1172307.270,357.730,0.028
-443795.140,-1172307.500,357.870,0.014
-443794.880,-1172307.720,357.970,0.022
-443794.640,-1172307.920,358.100,0.019
-443794.400,-1172308.130,358.200,0.028
-443793.910,-1172308.540,358.390,0.026
-443793.680,-1172308.740,358.550,0.036
-443793.410,-1172308.970,358.680,0.013
-443789.980,-1172311.860,360.230,0.021
-443789.740,-1172312.070,360.340,0.013
-443789.240,-1172312.490,360.750,0.087
-443788.490,-1172313.130,361.010,0.030
-443788.270,-1172313.320,361.110,0.047
-443796.450,-1172306.760,357.570,0.038
-443795.720,-1172307.380,357.860,0.036
-443795.460,-1172307.600,357.970,0.040
-443794.960,-1172308.030,358.200,0.030
-443794.720,-1172308.220,358.300,0.025
-443794.470,-1172308.440,358.420,0.017
-443794.220,-1172308.650,358.530,0.023
-443793.960,-1172308.870,358.670,0.035
-443793.710,-1172309.080,358.770,0.024
-443793.450,-1172309.300,358.870,0.015
-443793.210,-1172309.510,359.010,0.021
-443792.230,-1172310.340,359.440,0.044
-443791.740,-1172310.760,359.700,0.038
-443791.490,-1172310.970,359.800,0.022
-443791.220,-1172311.190,359.940,0.030
-443790.990,-1172311.380,360.030,0.028
-443797.240,-1172306.650,357.480,0.024
-443796.970,-1172306.880,357.580,0.019
-443796.740,-1172307.080,357.690,0.014
-443796.270,-1172307.470,357.950,0.027
-443795.540,-1172308.100,358.250,0.027
-443795.290,-1172308.310,358.350,0.029
-443795.030,-1172308.530,358.480,0.027
-443793.300,-1172309.990,359.270,0.021
-443792.800,-1172310.410,359.540,0.026
-443791.830,-1172311.230,359.940,0.027
-443791.310,-1172311.670,360.170,0.017
-443790.320,-1172312.520,360.670,0.023
-443797.510,-1172306.850,357.660,0.027
-443797.260,-1172307.060,357.760,0.025
-443796.510,-1172307.690,358.080,0.038
-443794.810,-1172309.140,358.860,0.021
-443794.060,-1172309.770,359.190,0.013
-443793.830,-1172309.970,359.330,0.010
-443793.570,-1172310.180,359.440,0.015
-443793.310,-1172310.400,359.560,0.027
-443792.600,-1172311.010,359.910,0.024
-443792.340,-1172311.230,360.010,0.030
-443791.580,-1172311.870,360.320,0.017
-443791.330,-1172312.080,360.470,0.013
-443790.860,-1172312.470,360.680,0.017
-443796.260,-1172308.380,358.470,0.013
-443796.000,-1172308.600,358.570,0.048
-443795.760,-1172308.810,358.710,0.043
-443795.520,-1172309.010,358.820,0.023
-443795.260,-1172309.230,358.920,0.016
-443794.290,-1172310.060,359.410,0.032
-443794.050,-1172310.250,359.510,0.030
-443793.080,-1172311.080,359.970,0.028
-443792.340,-1172311.710,360.300,0.029
-443797.660,-1172307.590,358.090,0.026
-443797.150,-1172308.020,358.350,0.035
-443796.920,-1172308.220,358.470,0.040
-443795.430,-1172309.480,359.090,0.035
-443794.930,-1172309.910,359.370,0.028
-443794.680,-1172310.110,359.510,0.030
-443794.430,-1172310.330,359.620,0.043
-443794.180,-1172310.530,359.720,0.041
-443793.220,-1172311.350,360.170,0.034
-443792.980,-1172311.550,360.310,0.030
-443792.730,-1172311.770,360.410,0.038
-443792.490,-1172311.970,360.520,0.034
-443792.000,-1172312.390,360.720,0.034
-443791.250,-1172313.020,361.110,0.072
-443797.820,-1172308.120,358.390,0.013
-443797.590,-1172308.320,358.500,0.012
-443797.340,-1172308.530,358.610,0.015
-443796.570,-1172309.170,358.970,0.011
-443796.310,-1172309.400,359.090,0.014
-443796.070,-1172309.600,359.190,0.016
-443795.090,-1172310.430,359.660,0.041
-443794.080,-1172311.280,360.120,0.013
-443793.600,-1172311.690,360.360,0.027
-443793.350,-1172311.900,360.490,0.016
-443792.620,-1172312.520,360.820,0.025
-443792.380,-1172312.720,360.920,0.014
-443792.150,-1172312.920,361.000,0.021
-443798.090,-1172308.490,358.610,0.015
-443797.840,-1172308.690,358.800,0.022
-443797.590,-1172308.910,358.910,0.026
-443797.360,-1172309.110,358.980,0.022
-443796.110,-1172310.160,359.570,0.022
-443795.860,-1172310.370,359.690,0.022
-443795.350,-1172310.800,359.920,0.022
-443795.100,-1172311.020,360.050,0.015
-443794.850,-1172311.230,360.140,0.024
-443798.180,-1172308.970,358.860,0.017
-443797.950,-1172309.170,359.050,0.017
-443797.720,-1172309.360,359.180,0.015
-443797.460,-1172309.580,359.280,0.010
-443797.210,-1172309.790,359.430,0.028
-443796.980,-1172309.990,359.510,0.025
-443796.740,-1172310.190,359.620,0.021
-443796.490,-1172310.410,359.760,0.013
-443795.750,-1172311.030,360.060,0.012
-443795.500,-1172311.250,360.180,0.011
-443794.740,-1172311.890,360.560,0.013
-443794.480,-1172312.110,360.690,0.010
-443794.240,-1172312.310,360.780,0.010
-443794.000,-1172312.510,360.930,0.022
-443793.760,-1172312.720,361.010,0.011
-443797.900,-1172309.680,359.420,0.024
-443796.950,-1172310.490,359.860,0.028
-443796.690,-1172310.700,359.940,0.021
-443796.460,-1172310.900,360.100,0.018
-443796.210,-1172311.110,360.180,0.020
-443795.470,-1172311.740,360.530,0.018
-443797.810,-1172310.940,360.270,0.029
-443796.800,-1172311.790,360.630,0.012
-443796.550,-1172312.010,360.750,0.013
-443797.630,-1172310.520,359.880,0.011
-443796.900,-1172311.150,360.230,0.012
-443796.410,-1172311.560,360.480,0.021
-443796.180,-1172311.750,360.570,0.012
-443795.930,-1172311.960,360.720,0.013
-443801.520,-1172309.990,356.360,0.022
-443801.820,-1172309.180,355.760,0.019
-443807.510,-1172305.950,356.070,0.010
-443806.490,-1172306.810,356.610,0.018
-443809.520,-1172305.720,356.040,0.041
-443808.530,-1172306.550,356.550,0.025
-443812.550,-1172304.610,355.520,0.017
-443812.320,-1172304.800,355.630,0.013
-443811.830,-1172305.220,355.850,0.080
-443808.310,-1172308.200,357.860,0.028
-443811.800,-1172304.710,355.520,0.023
-443811.280,-1172305.150,355.790,0.013
-443813.600,-1172304.680,355.660,0.015
-443813.330,-1172304.910,355.800,0.016
-443808.130,-1172309.320,358.680,0.031
-443813.280,-1172304.530,355.560,0.015
-443813.050,-1172304.730,355.650,0.022
-443812.560,-1172305.140,355.830,0.025
-443813.180,-1172306.040,357.380,0.024
-443812.940,-1172306.240,357.550,0.025
-443813.960,-1172304.920,355.810,0.014
-443813.720,-1172305.120,355.910,0.014
-443811.710,-1172306.830,357.030,0.017
-443815.280,-1172304.710,355.780,0.038
-443814.950,-1172304.530,355.650,0.024
-443814.700,-1172304.750,355.790,0.041
-443814.570,-1172306.880,357.340,0.019
-443812.100,-1172308.970,358.770,0.031
-443816.910,-1172307.360,355.520,0.043
-443816.330,-1172310.000,357.540,0.028
-443831.430,-1172304.060,355.560,0.011
-443830.170,-1172305.120,356.220,0.031
-443829.420,-1172305.260,356.250,0.011
-443829.180,-1172305.460,356.400,0.014
-443828.690,-1172305.880,356.670,0.021
-443824.990,-1172308.460,355.680,0.020
-443828.820,-1172304.340,355.580,0.013
-443828.570,-1172304.560,355.710,0.044
-443830.550,-1172305.670,356.710,0.024
-443829.280,-1172306.750,357.390,0.026
-443827.150,-1172308.560,355.980,0.021
-443826.890,-1172308.780,356.100,0.043
-443829.830,-1172305.850,356.700,0.023
-443829.570,-1172306.070,356.880,0.019
-443826.200,-1172308.930,356.130,0.021
-443834.790,-1172304.440,356.140,0.018
-443834.520,-1172304.670,356.290,0.016
-443833.260,-1172305.740,356.960,0.014
-443831.810,-1172306.510,357.450,0.040
-443833.160,-1172306.370,357.460,0.032
-443833.850,-1172306.250,357.400,0.012
-443835.070,-1172306.170,357.410,0.021
-443838.260,-1172307.650,356.160,0.022
-443838.800,-1172307.530,356.070,0.034
-443839.310,-1172307.450,356.060,0.023
-443698.340,-1172291.110,358.180,0.015
-443701.930,-1172293.820,357.130,0.034
-443710.990,-1172291.270,355.650,0.038
-443710.750,-1172291.460,355.750,0.024
-443710.920,-1172291.770,355.940,0.019
-443710.670,-1172291.980,356.080,0.028
-443712.360,-1172291.470,355.830,0.023
-443712.120,-1172291.670,355.960,0.018
-443711.900,-1172291.850,356.070,0.020
-443712.140,-1172291.190,355.690,0.029
-443710.660,-1172292.420,356.350,0.039
-443706.220,-1172296.100,357.960,0.061
-443713.240,-1172291.180,355.740,0.020
-443712.750,-1172291.590,356.000,0.020
-443710.550,-1172293.410,356.950,0.015
-443712.860,-1172291.050,355.620,0.018
-443713.260,-1172291.520,355.940,0.022
-443712.760,-1172291.940,356.160,0.022
-443712.500,-1172292.160,356.280,0.021
-443712.260,-1172292.350,356.410,0.034
-443712.020,-1172292.550,356.510,0.039
-443711.520,-1172292.970,356.760,0.024
-443711.050,-1172293.360,356.920,0.025
-443710.560,-1172293.770,357.140,0.015
-443714.000,-1172291.330,355.930,0.077
-443713.260,-1172291.940,356.250,0.053
-443713.030,-1172292.130,356.320,0.044
-443712.280,-1172292.750,356.670,0.050
-443712.030,-1172292.960,356.790,0.017
-443711.770,-1172293.180,356.920,0.024
-443711.280,-1172293.580,357.100,0.031
-443711.030,-1172293.790,357.210,0.031
-443712.530,-1172293.550,357.160,0.018
-443712.270,-1172293.760,357.270,0.047
-443715.170,-1172290.880,355.700,0.018
-443714.920,-1172291.080,355.800,0.018
-443714.180,-1172291.690,356.120,0.021
-443713.930,-1172291.900,356.220,0.022
-443712.910,-1172292.750,356.660,0.027
-443712.670,-1172292.950,356.810,0.033
-443712.440,-1172293.150,356.900,0.027
-443712.200,-1172293.340,356.990,0.030
-443711.940,-1172293.550,357.110,0.033
-443715.720,-1172291.320,355.970,0.012
-443714.990,-1172291.930,356.310,0.025
-443714.510,-1172292.330,356.510,0.059
-443714.260,-1172292.540,356.640,0.016
-443714.010,-1172292.740,356.740,0.013
-443713.770,-1172292.950,356.870,0.020
-443713.530,-1172293.150,356.970,0.014
-443713.300,-1172293.340,357.050,0.013
-443713.030,-1172293.560,357.170,0.014
-443712.770,-1172293.770,357.300,0.022
-443715.980,-1172290.680,355.620,0.028
-443715.740,-1172290.880,355.740,0.015
-443715.500,-1172291.080,355.830,0.013
-443715.250,-1172291.290,355.950,0.015
-443715.010,-1172291.490,356.080,0.022
-443714.770,-1172291.680,356.150,0.032
-443716.730,-1172290.820,355.750,0.017
-443716.480,-1172291.040,355.860,0.012
-443716.230,-1172291.250,355.990,0.014
-443715.990,-1172291.440,356.090,0.013
-443715.730,-1172291.650,356.210,0.013
-443715.480,-1172291.870,356.330,0.017
-443715.230,-1172292.080,356.430,0.014
-443714.730,-1172292.490,356.640,0.023
-443714.490,-1172292.690,356.750,0.026
-443714.240,-1172292.900,356.870,0.018
-443714.000,-1172293.090,356.990,0.020
-443713.760,-1172293.300,357.070,0.018
-443713.530,-1172293.490,357.170,0.018
-443713.280,-1172293.690,357.260,0.013
-443713.030,-1172293.910,357.400,0.012
-443717.330,-1172290.790,355.740,0.053
-443717.090,-1172290.990,355.870,0.014
-443715.130,-1172292.620,356.750,0.028
-443714.860,-1172292.840,356.860,0.021
-443713.620,-1172293.870,357.390,0.015
-443713.380,-1172294.070,357.490,0.029
-443713.130,-1172294.280,357.600,0.027
-443712.890,-1172294.480,357.720,0.007
-443717.830,-1172290.780,355.770,0.037
-443716.850,-1172291.600,356.230,0.018
-443716.590,-1172291.810,356.340,0.013
-443716.340,-1172292.020,356.470,0.020
-443716.080,-1172292.230,356.580,0.018
-443715.110,-1172293.040,356.990,0.027
-443714.860,-1172293.240,357.100,0.025
-443714.370,-1172293.660,357.340,0.015
-443713.620,-1172294.280,357.660,0.024
-443713.120,-1172294.700,357.870,0.015
-443712.630,-1172295.100,358.120,0.030
-443716.890,-1172291.960,356.480,0.028
-443716.630,-1172292.180,356.590,0.032
-443716.400,-1172292.370,356.710,0.023
-443714.880,-1172293.630,357.330,0.019
-443714.650,-1172293.820,357.460,0.035
-443714.420,-1172294.010,357.550,0.023
-443716.440,-1172293.280,357.270,0.028
-443715.450,-1172294.110,357.680,0.021
-443715.210,-1172294.310,357.790,0.017
-443714.470,-1172294.920,358.110,0.033
-443714.220,-1172295.130,358.230,0.028
-443717.070,-1172292.180,356.650,0.031
-443716.590,-1172292.580,356.860,0.030
-443716.340,-1172292.790,356.980,0.030
-443716.100,-1172292.990,357.060,0.031
-443715.840,-1172293.210,357.190,0.026
-443715.600,-1172293.410,357.290,0.028
-443715.350,-1172293.610,357.380,0.040
-443715.110,-1172293.810,357.500,0.032
-443714.850,-1172294.020,357.620,0.032
-443714.610,-1172294.230,357.700,0.033
-443714.350,-1172294.440,357.830,0.021
-443714.090,-1172294.660,357.930,0.020
-443713.840,-1172294.860,358.050,0.017
-443713.600,-1172295.070,358.160,0.046
-443718.040,-1172292.510,356.900,0.047
-443717.780,-1172292.720,357.000,0.026
-443717.530,-1172292.930,357.130,0.020
-443717.030,-1172293.340,357.330,0.035
-443716.290,-1172293.960,357.680,0.029
-443716.060,-1172294.160,357.750,0.035
-443715.580,-1172294.550,357.970,0.033
-443715.340,-1172294.750,358.050,0.025
-443715.080,-1172294.970,358.180,0.045
-443717.400,-1172292.490,356.880,0.036
-443718.530,-1172292.570,356.980,0.041
-443718.040,-1172292.970,357.170,0.022
-443717.310,-1172293.580,357.530,0.026
-443717.060,-1172293.790,357.610,0.024
-443715.810,-1172294.830,358.200,0.086
-443718.200,-1172293.680,357.640,0.031
-443717.960,-1172293.880,357.730,0.026
-443717.720,-1172294.090,357.850,0.026
-443717.210,-1172294.510,358.070,0.025
-443716.950,-1172294.730,358.200,0.032
-443718.470,-1172293.020,357.270,0.023
-443717.950,-1172293.460,357.500,0.024
-443717.700,-1172293.660,357.600,0.021
-443717.440,-1172293.880,357.720,0.028
-443717.210,-1172294.070,357.820,0.024
-443716.970,-1172294.270,357.940,0.016
-443716.730,-1172294.470,358.020,0.038
-443718.350,-1172294.020,357.840,0.021
-443718.110,-1172294.220,357.940,0.026
-443718.530,-1172294.280,358.040,0.033
-443718.290,-1172294.480,358.130,0.039
-443699.050,-1172316.200,360.540,0.049
-443709.390,-1172316.140,360.020,0.036
-443708.750,-1172316.230,360.070,0.071
-443707.750,-1172316.230,360.050,0.044
-443710.860,-1172315.910,360.010,0.058
-443710.620,-1172316.110,360.180,0.034
-443712.340,-1172315.690,360.030,0.073
-443712.090,-1172315.890,360.130,0.076
-443706.430,-1172320.620,360.900,0.024
-443706.490,-1172322.100,362.060,0.032
-443709.460,-1172320.150,360.800,0.043
-443711.360,-1172319.950,360.790,0.030
-443717.570,-1172315.590,357.430,0.047
-443717.330,-1172315.790,357.530,0.050
-443716.830,-1172316.210,357.770,0.031
-443715.840,-1172317.030,358.880,0.044
-443712.660,-1172319.690,360.720,0.025
-443712.440,-1172319.880,360.850,0.020
-443716.940,-1172315.800,357.520,0.040
-443714.100,-1172319.510,360.650,0.022
-443712.900,-1172320.510,361.480,0.043
-443718.260,-1172315.590,357.500,0.018
-443718.030,-1172315.780,357.580,0.020
-443717.540,-1172316.190,357.800,0.034
-443713.390,-1172319.660,360.760,0.022
-443719.250,-1172315.680,357.610,0.028
-443718.510,-1172316.310,357.960,0.020
-443714.650,-1172319.530,360.720,0.033
-443718.970,-1172315.440,357.400,0.021
-443718.710,-1172315.650,357.510,0.027
-443718.480,-1172315.850,357.640,0.030
-443718.010,-1172316.240,357.870,0.020
-443717.770,-1172316.440,357.970,0.019
-443719.390,-1172316.570,358.190,0.016
-443720.280,-1172315.210,357.340,0.040
-443720.040,-1172315.410,357.490,0.041
-443719.780,-1172315.630,357.600,0.050
-443719.540,-1172315.830,357.730,0.026
-443719.310,-1172316.020,357.840,0.030
-443719.080,-1172316.220,357.950,0.028
-443718.330,-1172316.840,358.320,0.022
-443715.300,-1172321.140,362.120,0.028
-443719.940,-1172317.000,358.510,0.050
-443718.960,-1172317.820,359.000,0.025
-443718.160,-1172320.150,358.940,0.017
-443718.790,-1172320.560,359.130,0.035
-443720.730,-1172319.840,358.560,0.021
-443720.260,-1172320.240,358.800,0.028
-443713.480,-1172336.500,361.010,0.061
-443851.190,-1172299.940,348.550,0.022
-443852.260,-1172299.660,348.430,0.013
-443851.940,-1172300.500,348.860,0.011
-443851.830,-1172300.800,349.010,0.013
-443851.940,-1172299.080,348.170,0.006
-443851.820,-1172299.380,348.320,0.015
-443851.710,-1172299.690,348.370,0.019
-443851.510,-1172300.210,348.750,0.007
-443852.920,-1172299.560,348.350,0.017
-443852.380,-1172300.970,349.140,0.008
-443797.450,-1172411.290,353.030,0.017
-443798.500,-1172410.190,352.680,0.065
-443809.810,-1172433.700,349.360,0.055
-443771.170,-1172425.320,353.950,0.017
-443771.790,-1172425.140,353.750,0.058
-443771.680,-1172425.410,354.010,0.086
-443773.540,-1172425.290,353.980,0.093
-443850.860,-1172300.810,348.970,0.019
-443850.740,-1172300.040,348.590,0.008
-443850.640,-1172300.310,348.820,0.010
-443850.400,-1172300.940,349.010,0.009
-443850.290,-1172301.210,349.170,0.011
-443850.550,-1172299.180,348.100,0.025
-443850.450,-1172299.460,348.340,0.022
-443850.330,-1172299.780,348.460,0.018
-443850.010,-1172300.600,348.910,0.014
-443849.790,-1172301.180,349.210,0.006
-443849.680,-1172299.950,348.540,0.020
-443849.560,-1172300.260,348.670,0.014
-443849.450,-1172300.540,348.870,0.017
-443849.340,-1172300.850,348.970,0.014
-443849.410,-1172299.340,348.230,0.010
-443849.310,-1172299.620,348.400,0.011
-443849.190,-1172299.930,348.530,0.010
-443848.970,-1172300.500,348.810,0.023
-443848.190,-1172301.170,349.080,0.014
-443848.090,-1172301.430,349.240,0.025
-443848.130,-1172299.970,348.500,0.009
-443847.800,-1172300.810,348.960,0.013
-443847.590,-1172301.360,349.270,0.011
-443847.860,-1172299.300,348.180,0.010
-443847.740,-1172299.610,348.290,0.012
-443847.310,-1172300.750,348.890,0.011
-443847.460,-1172299.320,348.140,0.009
-443847.240,-1172299.890,348.470,0.009
-443847.010,-1172300.480,348.720,0.018
-443846.900,-1172300.790,348.870,0.013
-443846.790,-1172301.060,349.080,0.010
-443846.680,-1172301.350,349.230,0.008
-443847.120,-1172299.180,348.110,0.010
-443847.000,-1172299.490,348.230,0.008
-443846.330,-1172301.230,349.040,0.021
-443841.410,-1172303.170,353.020,0.014
-443840.610,-1172302.190,352.290,0.012
-443840.490,-1172302.490,352.440,0.021
-443839.760,-1172304.380,353.760,0.036
-443838.820,-1172305.350,354.400,0.020
-443838.700,-1172305.640,354.490,0.025
-443838.530,-1172304.560,353.820,0.044
-443837.980,-1172304.480,353.720,0.024
-443837.870,-1172304.760,353.850,0.019
-443834.890,-1172303.300,355.190,0.019
-443833.830,-1172303.250,355.150,0.018
-443832.090,-1172302.850,354.680,0.034
-443831.640,-1172302.720,354.590,0.034
-443831.530,-1172303.020,354.760,0.014
-443831.020,-1172302.810,354.600,0.045
-443830.910,-1172303.080,354.720,0.032
-443830.700,-1172303.620,355.120,0.023
-443830.390,-1172302.990,354.640,0.046
-443829.390,-1172302.930,354.530,0.022
-443828.770,-1172303.390,354.820,0.068
-443828.220,-1172303.550,354.870,0.021
-443827.180,-1172306.160,354.090,0.022
-443827.290,-1172303.080,352.020,0.018
-443827.180,-1172303.370,352.080,0.029
-443827.070,-1172303.650,352.230,0.019
-443826.650,-1172304.720,352.970,0.050
-443826.310,-1172305.560,353.520,0.031
-443826.100,-1172306.100,353.930,0.016
-443825.990,-1172306.380,354.150,0.027
-443825.560,-1172307.480,354.910,0.018
-443825.730,-1172304.400,352.680,0.018
-443824.560,-1172307.370,354.740,0.033
-443825.500,-1172303.680,352.170,0.017
-443825.220,-1172303.430,352.030,0.023
-443823.820,-1172306.970,354.430,0.016
-443824.670,-1172303.760,352.150,0.019
-443823.590,-1172303.640,352.000,0.036
-443823.480,-1172303.910,352.160,0.041
-443819.660,-1172304.200,353.280,0.019
-443819.310,-1172303.890,353.090,0.019
-443819.210,-1172304.140,353.230,0.023
-443819.100,-1172304.420,353.410,0.023
-443818.630,-1172304.290,353.280,0.027
-443817.770,-1172306.450,354.810,0.024
-443818.030,-1172304.460,353.350,0.062
-443817.480,-1172304.410,353.290,0.046
-443817.360,-1172304.700,353.450,0.019
-443816.990,-1172304.610,353.370,0.027
-443816.040,-1172304.660,353.350,0.021
-443721.620,-1172314.990,355.100,0.011
-443722.390,-1172314.970,355.100,0.032
-443723.150,-1172314.980,355.170,0.026
-443724.080,-1172314.790,355.130,0.033
-443725.000,-1172314.800,355.170,0.025
-443725.800,-1172314.750,355.190,0.026
-443744.820,-1172338.610,353.140,0.041
-443745.090,-1172338.580,353.130,0.098
-443748.640,-1172335.240,352.620,0.056
-443749.380,-1172335.000,352.480,0.030
-443719.540,-1172328.950,352.670,0.030
-443718.580,-1172328.930,352.720,0.054
-443713.460,-1172290.620,355.310,0.017
-443713.110,-1172290.720,355.360,0.018
-443712.460,-1172290.730,355.320,0.020
-443711.840,-1172290.630,355.210,0.025
-443711.730,-1172290.910,355.390,0.030
-443710.870,-1172291.170,355.450,0.030
-443710.610,-1172290.790,355.200,0.029
-443707.880,-1172292.610,354.440,0.033
-443707.670,-1172292.500,354.330,0.015
-443844.810,-1172432.240,374.260,0.069
-443843.150,-1172432.150,374.240,0.095
-443837.370,-1172417.840,374.210,0.051
-443841.770,-1172399.640,374.380,0.081
-443841.300,-1172399.610,374.330,0.021
-443843.440,-1172392.220,374.280,0.089
-443843.650,-1172384.860,374.270,0.085
-443835.820,-1172366.670,370.740,0.064
-443835.280,-1172366.710,370.770,0.033
-443835.190,-1172366.950,371.000,0.071
-443834.380,-1172366.780,370.740,0.034
-443834.300,-1172367.000,371.030,0.084
-443830.380,-1172366.750,370.710,0.050
-443829.880,-1172366.760,370.700,0.040
-443829.240,-1172366.840,370.720,0.048
-443831.030,-1172353.880,370.730,0.047
-443835.850,-1172337.660,370.570,0.052
-443765.620,-1172436.630,361.400,0.032
-443766.020,-1172436.970,361.820,0.084
-443758.210,-1172436.930,361.390,0.040
-443753.340,-1172437.170,361.430,0.057
-443751.810,-1172437.510,361.800,0.092
-443750.930,-1172437.300,361.430,0.096
-443748.580,-1172437.770,361.850,0.074
-443745.380,-1172437.460,361.400,0.059
-443745.850,-1172437.470,361.400,0.071
-443739.540,-1172437.770,361.400,0.041
-443739.990,-1172437.810,361.420,0.050
-443738.010,-1172437.860,361.410,0.065
-443737.180,-1172437.770,361.370,0.023
-443708.890,-1172395.320,359.560,0.027
-443839.220,-1172307.420,355.980,0.020
-443832.780,-1172305.950,357.030,0.029
-443834.440,-1172305.660,356.850,0.014
-443834.240,-1172306.170,357.320,0.014
-443829.830,-1172305.840,356.600,0.025
-443831.100,-1172304.110,355.510,0.040
-443830.460,-1172305.760,356.620,0.022
-443831.010,-1172305.600,356.590,0.019
-443831.480,-1172305.840,356.750,0.019
-443831.160,-1172306.650,357.310,0.034
-443832.530,-1172304.390,355.890,0.035
-443831.690,-1172306.550,357.300,0.033
-443826.110,-1172308.890,355.970,0.025
-443828.850,-1172304.310,355.450,0.018
-443827.510,-1172308.770,355.990,0.026
-443825.140,-1172308.560,355.670,0.021
-443820.200,-1172307.300,355.640,0.049
-443819.360,-1172309.430,357.180,0.026
-443819.250,-1172309.690,357.420,0.054
-443816.860,-1172310.060,357.490,0.052
-443814.520,-1172307.040,357.340,0.013
-443814.440,-1172304.860,355.720,0.037
-443813.380,-1172307.520,357.670,0.017
-443815.130,-1172304.420,355.530,0.024
-443815.010,-1172304.700,355.680,0.024
-443813.130,-1172305.540,356.080,0.010
-443812.920,-1172306.090,357.320,0.020
-443811.740,-1172309.030,358.640,0.036
-443814.100,-1172304.530,355.530,0.015
-443813.990,-1172304.810,355.690,0.017
-443813.040,-1172304.770,355.580,0.022
-443812.590,-1172305.890,356.260,0.019
-443813.470,-1172304.700,355.540,0.017
-443813.360,-1172304.980,355.720,0.016
-443812.090,-1172304.780,355.580,0.012
-443812.460,-1172305.050,355.740,0.019
-443812.340,-1172305.340,355.830,0.020
-443812.120,-1172305.910,356.220,0.026
-443811.470,-1172307.510,357.460,0.044
-443810.870,-1172305.270,355.740,0.035
-443811.430,-1172304.970,355.590,0.017
-443811.320,-1172305.250,355.770,0.017
-443808.740,-1172308.170,357.710,0.010
-443808.340,-1172306.170,356.170,0.018
-443806.620,-1172306.930,356.630,0.019
-443805.280,-1172310.230,356.750,0.012
-443807.310,-1172306.300,356.150,0.025
-443806.840,-1172308.870,358.030,0.026
-443803.810,-1172311.430,357.560,0.034
-443802.420,-1172310.480,356.710,0.027
-443798.160,-1172310.010,359.480,0.036
-443798.050,-1172310.280,359.620,0.039
-443797.830,-1172310.820,360.000,0.026
-443797.720,-1172311.080,360.160,0.033
-443797.600,-1172311.380,360.300,0.031
-443797.720,-1172309.090,358.930,0.020
-443797.610,-1172309.370,359.100,0.011
-443797.030,-1172310.800,359.890,0.016
-443796.800,-1172311.350,360.250,0.013
-443796.590,-1172311.880,360.590,0.011
-443797.950,-1172309.670,359.330,0.017
-443797.830,-1172309.950,359.450,0.029
-443797.610,-1172310.500,359.780,0.011
-443797.500,-1172310.780,359.940,0.010
-443797.390,-1172311.040,360.100,0.011
-443797.280,-1172311.310,360.230,0.016
-443797.160,-1172311.610,360.410,0.017
-443796.260,-1172310.400,359.650,0.014
-443795.920,-1172311.230,360.150,0.016
-443795.580,-1172312.080,360.650,0.024
-443797.850,-1172307.790,358.080,0.020
-443797.740,-1172308.050,358.290,0.016
-443797.630,-1172308.320,358.470,0.013
-443797.290,-1172309.170,358.990,0.016
-443797.180,-1172309.450,359.110,0.018
-443797.060,-1172309.740,359.260,0.023
-443796.940,-1172310.030,359.410,0.025
-443796.600,-1172310.870,359.940,0.018
-443796.490,-1172311.160,360.090,0.019
-443796.150,-1172311.980,360.640,0.018
-443795.460,-1172310.370,359.560,0.012
-443795.340,-1172310.660,359.720,0.016
-443795.120,-1172311.210,360.070,0.015
-443795.010,-1172311.480,360.230,0.016
-443794.900,-1172311.760,360.420,0.014
-443794.780,-1172312.050,360.590,0.008
-443797.400,-1172306.840,357.520,0.025
-443797.280,-1172307.110,357.650,0.025
-443797.070,-1172307.630,357.970,0.032
-443796.960,-1172307.920,358.170,0.036
-443796.840,-1172308.210,358.310,0.027
-443796.740,-1172308.450,358.490,0.031
-443796.620,-1172308.760,358.610,0.023
-443796.400,-1172309.310,358.950,0.012
-443796.280,-1172309.590,359.110,0.009
-443795.950,-1172310.400,359.640,0.022
-443795.830,-1172310.710,359.770,0.056
-443795.360,-1172311.860,360.490,0.019
-443797.280,-1172307.870,358.140,0.019
-443797.060,-1172308.430,358.480,0.021
-443794.150,-1172311.040,359.890,0.026
-443794.040,-1172311.300,360.040,0.013
-443793.930,-1172311.560,360.250,0.009
-443793.490,-1172312.660,360.930,0.024
-443796.490,-1172306.800,357.480,0.034
-443796.370,-1172307.100,357.610,0.027
-443796.260,-1172307.360,357.760,0.031
-443795.680,-1172308.810,358.560,0.040
-443795.450,-1172309.360,358.920,0.023
-443795.240,-1172309.880,359.270,0.030
-443795.130,-1172310.160,359.430,0.023
-443795.020,-1172310.440,359.550,0.045
-443794.900,-1172310.720,359.700,0.031
-443794.350,-1172312.090,360.620,0.010
-443794.230,-1172312.390,360.740,0.010
-443796.910,-1172306.790,357.450,0.017
-443796.800,-1172307.060,357.620,0.018
-443796.690,-1172307.340,357.770,0.023
-443796.570,-1172307.620,357.930,0.035
-443796.350,-1172308.180,358.250,0.020
-443793.090,-1172311.140,359.820,0.023
-443792.870,-1172311.680,360.180,0.027
-443792.750,-1172311.970,360.360,0.032
-443792.630,-1172312.260,360.520,0.021
-443792.410,-1172312.820,360.860,0.015
-443795.410,-1172306.870,357.340,0.027
-443795.300,-1172307.140,357.550,0.029
-443795.190,-1172307.430,357.730,0.014
-443795.070,-1172307.720,357.880,0.016
-443794.950,-1172308.010,358.050,0.027
-443794.380,-1172309.400,358.880,0.025
-443794.280,-1172309.660,359.040,0.021
-443794.170,-1172309.940,359.200,0.019
-443794.040,-1172310.250,359.370,0.022
-443793.600,-1172311.340,360.100,0.041
-443793.260,-1172312.180,360.530,0.017
-443795.730,-1172307.140,357.560,0.030
-443795.620,-1172307.410,357.730,0.029
-443795.510,-1172307.680,357.870,0.032
-443795.280,-1172308.250,358.220,0.029
-443795.050,-1172308.810,358.550,0.027
-443794.930,-1172309.110,358.720,0.018
-443794.810,-1172309.390,358.890,0.026
-443794.700,-1172309.660,359.040,0.022
-443793.380,-1172308.010,357.940,0.022
-443792.810,-1172309.400,358.770,0.019
-443792.370,-1172310.490,359.480,0.041
-443792.250,-1172310.790,359.570,0.030
-443791.670,-1172312.230,360.460,0.023
-443791.340,-1172313.030,360.940,0.044
-443794.440,-1172306.730,357.360,0.033
-443794.320,-1172307.010,357.490,0.022
-443793.850,-1172308.170,358.040,0.031
-443793.750,-1172308.430,358.250,0.032
-443793.620,-1172308.740,358.330,0.028
-443793.410,-1172309.260,358.770,0.010
-443793.170,-1172309.830,359.050,0.025
-443793.060,-1172310.120,359.240,0.019
-443792.930,-1172310.430,359.400,0.027
-443792.710,-1172310.970,359.760,0.031
-443792.480,-1172311.540,360.080,0.018
-443792.260,-1172312.080,360.410,0.023
-443792.140,-1172312.380,360.560,0.029
-443792.040,-1172312.630,360.780,0.023
-443791.930,-1172312.910,360.920,0.023
-443794.350,-1172308.020,358.060,0.028
-443794.230,-1172308.320,358.110,0.027
-443794.120,-1172308.590,358.350,0.028
-443794.010,-1172308.870,358.520,0.030
-443793.890,-1172309.160,358.690,0.028
-443793.770,-1172309.460,358.850,0.020
-443793.430,-1172310.280,359.360,0.021
-443791.000,-1172311.020,359.650,0.019
-443790.790,-1172311.550,359.970,0.028
-443790.680,-1172311.830,360.160,0.021
-443790.570,-1172312.080,360.340,0.018
-443790.450,-1172312.370,360.460,0.018
-443792.700,-1172307.910,357.830,0.033
-443792.360,-1172308.750,358.340,0.043
-443792.240,-1172309.040,358.510,0.031
-443791.800,-1172310.130,359.170,0.031
-443791.690,-1172310.410,359.320,0.020
-443791.580,-1172310.680,359.470,0.020
-443791.350,-1172311.230,359.800,0.026
-443791.240,-1172311.500,359.980,0.031
-443791.120,-1172311.800,360.130,0.022
-443790.910,-1172312.320,360.520,0.014
-443790.780,-1172312.640,360.650,0.014
-443790.570,-1172313.160,361.000,0.038
-443793.500,-1172307.060,357.400,0.020
-443793.150,-1172307.930,357.920,0.017
-443793.050,-1172308.180,358.110,0.019
-443792.920,-1172308.500,358.180,0.021
-443792.470,-1172309.590,358.850,0.017
-443792.360,-1172309.880,359.030,0.021
-443792.020,-1172310.700,359.500,0.037
-443791.800,-1172311.240,359.840,0.035
-443791.680,-1172311.540,360.020,0.018
-443791.460,-1172312.070,360.370,0.010
-443791.350,-1172312.350,360.530,0.017
-443791.230,-1172312.660,360.660,0.023
-443791.590,-1172307.130,357.320,0.029
-443791.490,-1172307.400,357.450,0.030
-443791.360,-1172307.690,357.610,0.016
-443791.250,-1172307.990,357.800,0.029
-443791.040,-1172308.500,358.130,0.019
-443790.910,-1172308.810,358.260,0.019
-443790.570,-1172309.660,358.830,0.017
-443790.440,-1172309.960,358.960,0.018
-443790.330,-1172310.240,359.090,0.023
-443789.770,-1172311.610,359.950,0.016
-443791.750,-1172307.610,357.600,0.028
-443791.510,-1172308.210,357.860,0.032
-443791.290,-1172308.760,358.290,0.015
-443790.840,-1172309.860,358.910,0.029
-443790.720,-1172310.150,359.110,0.026
-443790.270,-1172311.260,359.830,0.028
-443790.150,-1172311.560,359.930,0.024
-443790.030,-1172311.840,360.100,0.024
-443789.810,-1172312.390,360.450,0.022
-443792.610,-1172307.080,357.360,0.023
-443792.490,-1172307.370,357.520,0.030
-443791.690,-1172309.320,358.650,0.026
-443791.570,-1172309.620,358.820,0.024
-443791.350,-1172310.160,359.150,0.025
-443789.750,-1172307.790,357.560,0.017
-443789.510,-1172308.380,357.940,0.010
-443789.400,-1172308.660,358.090,0.016
-443790.070,-1172307.640,357.490,0.026
-443789.730,-1172308.480,357.960,0.020
-443789.610,-1172308.770,358.120,0.021
-443789.390,-1172309.310,358.460,0.029
-443788.270,-1172312.050,360.190,0.023
-443790.660,-1172307.350,357.430,0.023
-443790.550,-1172307.620,357.550,0.018
-443790.440,-1172307.890,357.720,0.025
-443790.310,-1172308.200,357.800,0.024
-443790.100,-1172308.730,358.180,0.015
-443789.770,-1172309.550,358.690,0.026
-443790.540,-1172308.490,358.060,0.022
-443789.970,-1172309.890,358.900,0.022
-443789.850,-1172310.190,359.060,0.008
-443789.500,-1172311.050,359.620,0.030
-443788.030,-1172308.260,357.830,0.015
-443788.900,-1172307.600,357.430,0.042
-443787.300,-1172311.540,359.760,0.020
-443789.220,-1172307.850,357.600,0.009
-443785.510,-1172312.170,360.070,0.018
-443787.730,-1172308.140,357.710,0.013
-443787.600,-1172308.450,357.830,0.017
-443787.380,-1172309.000,358.170,0.018
-443787.160,-1172309.540,358.580,0.009
-443786.700,-1172310.660,359.310,0.019
-443785.890,-1172312.660,360.350,0.036
-443785.330,-1172308.380,357.730,0.023
-443785.200,-1172308.680,357.870,0.024
-443784.410,-1172310.620,359.040,0.014
-443785.750,-1172308.470,357.810,0.012
-443784.480,-1172311.590,359.620,0.012
-443785.950,-1172308.640,357.950,0.013
-443784.200,-1172308.750,357.800,0.018
-443783.380,-1172312.220,359.970,0.021
-443782.810,-1172313.620,360.830,0.019
-443783.250,-1172308.830,357.820,0.021
-443781.110,-1172314.070,361.100,0.040
-443781.490,-1172310.260,358.600,0.011
-443780.560,-1172312.510,359.960,0.017
-443782.550,-1172308.380,357.450,0.026
-443782.330,-1172308.920,357.790,0.038
-443781.980,-1172309.760,358.300,0.013
-443782.350,-1172310.070,358.480,0.013
-443781.010,-1172313.350,360.570,0.008
-443779.700,-1172310.690,358.740,0.010
-443779.020,-1172312.350,359.800,0.009
-443781.130,-1172308.860,357.720,0.014
-443780.910,-1172310.520,358.710,0.011
-443780.230,-1172312.190,359.700,0.017
-443779.610,-1172309.910,358.230,0.014
-443779.510,-1172310.160,358.410,0.015
-443778.850,-1172309.370,357.790,0.016
-443779.250,-1172309.410,357.860,0.017
-443775.210,-1172312.860,360.600,0.028
-443775.090,-1172313.170,360.720,0.029
-443774.970,-1172313.460,360.880,0.057
-443775.380,-1172310.600,359.130,0.011
-443775.260,-1172310.890,359.260,0.014
-443774.910,-1172311.730,359.770,0.033
-443774.810,-1172311.990,359.950,0.026
-443774.360,-1172313.090,360.600,0.022
-443774.250,-1172313.350,360.770,0.025
-443774.140,-1172313.620,360.950,0.034
-443774.020,-1172313.920,361.070,0.031
-443775.360,-1172311.790,359.860,0.017
-443775.030,-1172312.610,360.390,0.012
-443774.920,-1172312.880,360.540,0.011
-443774.800,-1172313.170,360.650,0.033
-443774.670,-1172313.480,360.800,0.035
-443774.110,-1172314.830,361.760,0.055
-443775.190,-1172310.160,358.880,0.008
-443775.060,-1172310.460,359.030,0.009
-443774.830,-1172311.020,359.350,0.014
-443774.710,-1172311.310,359.530,0.024
-443774.250,-1172312.440,360.200,0.024
-443773.680,-1172313.820,361.020,0.029
-443773.230,-1172314.930,361.610,0.051
-443774.720,-1172309.990,358.700,0.026
-443774.130,-1172311.430,359.530,0.022
-443773.330,-1172313.360,360.750,0.016
-443773.500,-1172311.190,359.320,0.017
-443773.390,-1172311.450,359.470,0.020
-443773.050,-1172312.280,360.040,0.012
-443772.930,-1172312.570,360.160,0.013
-443772.810,-1172312.880,360.290,0.017
-443772.690,-1172313.150,360.500,0.041
-443772.370,-1172313.940,361.030,0.018
-443772.240,-1172314.250,361.120,0.018
-443774.370,-1172310.190,358.760,0.044
-443774.150,-1172310.730,359.120,0.018
-443773.800,-1172311.580,359.630,0.014
-443773.450,-1172312.430,360.120,0.013
-443773.230,-1172312.970,360.470,0.021
-443772.990,-1172313.540,360.780,0.015
-443772.420,-1172314.950,361.660,0.056
-443773.590,-1172309.960,358.630,0.020
-443773.480,-1172310.230,358.780,0.009
-443772.330,-1172313.030,360.360,0.012
-443772.100,-1172313.580,360.720,0.012
-443771.520,-1172315.000,361.600,0.027
-443774.200,-1172309.480,358.380,0.019
-443772.630,-1172309.820,358.450,0.014
-443772.280,-1172310.680,358.960,0.022
-443772.150,-1172310.970,359.090,0.027
-443772.030,-1172311.270,359.210,0.015
-443771.930,-1172311.520,359.410,0.025
-443771.700,-1172312.080,359.800,0.013
-443771.590,-1172312.350,359.910,0.027
-443771.360,-1172312.890,360.220,0.015
-443771.030,-1172313.710,360.730,0.025
-443770.800,-1172314.270,361.090,0.019
-443770.450,-1172315.120,361.580,0.047
-443772.840,-1172310.240,358.660,0.020
-443772.730,-1172310.500,358.850,0.021
-443772.620,-1172310.780,359.030,0.013
-443772.170,-1172311.890,359.630,0.018
-443772.060,-1172312.150,359.840,0.023
-443771.940,-1172312.430,360.000,0.023
-443771.490,-1172313.530,360.660,0.034
-443771.250,-1172314.100,360.980,0.021
-443770.940,-1172311.700,359.460,0.014
-443770.820,-1172311.990,359.650,0.021
-443770.700,-1172312.280,359.780,0.019
-443770.590,-1172312.540,359.970,0.016
-443770.130,-1172313.660,360.650,0.027
-443769.900,-1172314.230,360.990,0.031
-443769.780,-1172314.510,361.170,0.013
-443769.570,-1172315.040,361.520,0.048
-443769.460,-1172315.300,361.700,0.043
-443772.180,-1172309.550,358.200,0.017
-443771.390,-1172311.480,359.370,0.009
-443771.270,-1172311.780,359.550,0.014
-443770.580,-1172313.460,360.540,0.020
-443769.030,-1172314.370,361.070,0.035
-443771.240,-1172309.670,358.260,0.017
-443771.120,-1172309.970,358.390,0.014
-443770.900,-1172310.510,358.790,0.013
-443770.080,-1172312.500,359.900,0.022
-443769.960,-1172312.790,360.020,0.027
-443769.730,-1172313.340,360.410,0.020
-443769.050,-1172314.990,361.460,0.037
-443771.750,-1172309.720,358.340,0.015
-443771.630,-1172310.020,358.490,0.020
-443771.380,-1172310.620,358.720,0.032
-443768.420,-1172313.830,360.680,0.018
-443768.310,-1172314.100,360.830,0.011
-443767.960,-1172314.950,361.300,0.033
-443770.200,-1172310.400,358.590,0.023
-443770.110,-1172310.630,358.810,0.016
-443769.980,-1172310.950,358.940,0.013
-443769.530,-1172312.040,359.620,0.020
-443769.170,-1172312.910,360.010,0.068
-443770.870,-1172309.910,358.360,0.021
-443770.750,-1172310.190,358.510,0.016
-443770.640,-1172310.460,358.670,0.011
-443770.290,-1172311.300,359.180,0.025
-443770.180,-1172311.590,359.330,0.028
-443770.080,-1172311.830,359.550,0.010
-443769.960,-1172312.100,359.690,0.007
-443769.830,-1172312.420,359.850,0.015
-443769.720,-1172312.700,360.000,0.034
-443769.600,-1172312.980,360.160,0.030
-443769.480,-1172313.280,360.340,0.023
-443769.370,-1172313.550,360.570,0.012
-443769.140,-1172314.100,360.840,0.017
-443768.840,-1172310.550,358.660,0.014
-443768.720,-1172310.840,358.820,0.016
-443768.610,-1172311.120,358.990,0.022
-443768.370,-1172311.680,359.340,0.013
-443768.250,-1172311.970,359.490,0.007
-443767.680,-1172313.370,360.320,0.019
-443767.570,-1172313.640,360.490,0.029
-443767.340,-1172314.180,360.790,0.049
-443766.900,-1172315.260,361.480,0.020
-443769.230,-1172310.340,358.560,0.045
-443768.980,-1172310.940,358.850,0.030
-443768.870,-1172311.210,359.050,0.028
-443768.770,-1172311.470,359.270,0.017
-443768.650,-1172311.760,359.410,0.006
-443768.410,-1172312.330,359.720,0.019
-443768.200,-1172312.850,360.080,0.021
-443768.080,-1172313.140,360.200,0.021
-443767.970,-1172313.400,360.380,0.024
-443767.630,-1172314.230,360.870,0.040
-443767.290,-1172315.050,361.440,0.013
-443767.170,-1172315.360,361.550,0.014
-443767.050,-1172315.630,361.710,0.032
-443770.020,-1172309.940,358.330,0.018
-443769.900,-1172310.230,358.520,0.021
-443769.790,-1172310.510,358.690,0.012
-443768.880,-1172312.710,359.950,0.045
-443768.660,-1172313.250,360.320,0.017
-443767.710,-1172310.180,358.380,0.012
-443767.470,-1172310.770,358.670,0.020
-443766.190,-1172313.850,360.520,0.020
-443766.090,-1172314.110,360.690,0.031
-443765.970,-1172314.380,360.860,0.015
-443765.740,-1172314.950,361.210,0.023
-443768.010,-1172310.650,358.630,0.039
-443767.900,-1172310.910,358.780,0.042
-443767.660,-1172311.490,359.100,0.018
-443767.200,-1172312.620,359.800,0.021
-443767.090,-1172312.890,359.990,0.017
-443766.520,-1172314.270,360.850,0.023
-443766.390,-1172314.570,361.000,0.020
-443766.280,-1172314.860,361.210,0.016
-443766.050,-1172315.400,361.520,0.013
-443768.450,-1172310.330,358.490,0.013
-443768.330,-1172310.620,358.660,0.038
-443768.210,-1172310.910,358.800,0.044
-443767.640,-1172312.290,359.640,0.013
-443767.530,-1172312.570,359.800,0.021
-443766.720,-1172314.540,360.990,0.026
-443766.390,-1172315.330,361.510,0.021
-443766.410,-1172311.030,358.790,0.022
-443766.280,-1172311.340,358.890,0.018
-443765.940,-1172312.150,359.460,0.030
-443765.820,-1172312.460,359.580,0.033
-443765.610,-1172312.970,359.930,0.012
-443765.170,-1172314.020,360.730,0.061
-443766.790,-1172310.830,358.710,0.012
-443766.670,-1172311.110,358.830,0.010
-443766.440,-1172311.670,359.150,0.016
-443765.660,-1172313.570,360.340,0.021
-443765.540,-1172313.870,360.480,0.016
-443767.480,-1172310.310,358.400,0.011
-443767.380,-1172310.550,358.580,0.015
-443767.260,-1172310.840,358.730,0.021
-443767.140,-1172311.130,358.930,0.021
-443767.020,-1172311.430,359.000,0.024
-443766.910,-1172311.690,359.140,0.024
-443766.800,-1172311.960,359.410,0.016
-443766.130,-1172313.600,360.460,0.022
-443766.000,-1172313.910,360.590,0.023
-443765.880,-1172314.190,360.790,0.023
-443765.120,-1172310.810,358.560,0.037
-443765.800,-1172310.390,358.330,0.017
-443765.680,-1172310.670,358.510,0.015
-443765.450,-1172311.250,358.810,0.016
-443765.220,-1172311.790,359.210,0.014
-443766.110,-1172310.330,358.310,0.016
-443766.000,-1172310.600,358.450,0.019
-443765.770,-1172311.140,358.770,0.024
-443765.540,-1172311.710,359.140,0.033
-443769.460,-1172294.070,359.130,0.049
-443768.400,-1172294.130,359.100,0.038
-443768.090,-1172293.930,358.770,0.044
-443767.990,-1172294.190,359.080,0.056
-443767.250,-1172294.030,358.790,0.054
-443766.270,-1172294.480,359.140,0.031
-443766.600,-1172294.470,359.130,0.070
-443749.250,-1172312.290,358.350,0.015
-443748.640,-1172312.330,358.300,0.035
-443748.470,-1172312.100,358.230,0.039
-443747.660,-1172314.070,359.450,0.018
-443747.550,-1172314.340,359.560,0.019
-443746.440,-1172315.830,360.430,0.022
-443746.430,-1172315.130,360.050,0.035
-443746.300,-1172315.430,360.160,0.034
-443746.430,-1172313.270,358.800,0.017
-443745.850,-1172314.670,359.670,0.021
-443745.740,-1172314.940,359.850,0.019
-443745.470,-1172315.580,360.100,0.041
-443746.240,-1172312.530,358.330,0.014
-443746.010,-1172313.080,358.650,0.017
-443745.900,-1172313.350,358.800,0.031
-443745.220,-1172314.990,359.900,0.020
-443746.030,-1172312.310,358.190,0.021
-443745.690,-1172313.150,358.700,0.020
-443744.790,-1172315.330,360.040,0.015
-443745.050,-1172313.340,358.790,0.013
-443744.700,-1172313.520,358.910,0.013
-443744.580,-1172313.830,359.040,0.017
-443744.230,-1172314.670,359.550,0.021
-443743.770,-1172315.780,360.260,0.022
-443743.430,-1172316.600,360.670,0.027
-443744.150,-1172312.970,358.460,0.033
-443743.550,-1172314.400,359.340,0.008
-443742.970,-1172315.800,360.150,0.022
-443742.870,-1172316.040,360.380,0.015
-443742.760,-1172316.320,360.550,0.014
-443742.630,-1172316.620,360.680,0.019
-443742.520,-1172316.900,360.900,0.024
-443742.230,-1172316.470,360.600,0.017
-443743.680,-1172312.580,358.180,0.059
-443743.350,-1172313.390,358.720,0.029
-443743.230,-1172313.670,358.860,0.026
-443742.650,-1172315.080,359.710,0.011
-443740.920,-1172318.390,361.730,0.055
-443742.260,-1172314.490,359.360,0.015
-443742.040,-1172315.030,359.700,0.010
-443741.810,-1172315.560,360.010,0.016
-443741.690,-1172315.870,360.130,0.015
-443741.120,-1172317.230,361.070,0.030
-443741.000,-1172317.530,361.210,0.027
-443742.280,-1172313.150,358.430,0.014
-443740.780,-1172316.770,360.680,0.033
-443740.100,-1172318.430,361.640,0.019
-443740.670,-1172316.440,360.450,0.035
-443739.760,-1172318.650,361.760,0.024
-443739.810,-1172317.520,361.030,0.013
-443739.710,-1172317.790,361.200,0.019
-443739.580,-1172318.080,361.370,0.047
-443739.240,-1172318.910,361.850,0.048
-443741.560,-1172313.300,358.470,0.020
-443740.640,-1172315.520,359.920,0.036
-443740.910,-1172314.290,359.080,0.015
-443740.800,-1172314.550,359.300,0.020
-443739.970,-1172316.550,360.440,0.040
-443739.640,-1172317.360,360.930,0.022
-443739.520,-1172317.650,361.120,0.030
-443739.290,-1172318.200,361.440,0.055
-443739.170,-1172318.500,361.620,0.015
-443739.760,-1172316.020,360.100,0.019
-443739.640,-1172316.320,360.250,0.028
-443739.520,-1172316.610,360.420,0.025
-443738.720,-1172318.560,361.630,0.012
-443740.330,-1172314.160,358.920,0.052
-443740.100,-1172314.710,359.270,0.026
-443739.980,-1172315.010,359.430,0.024
-443739.880,-1172315.250,359.590,0.028
-443739.770,-1172315.520,359.770,0.017
-443739.650,-1172315.820,359.950,0.013
-443739.530,-1172316.090,360.100,0.025
-443739.180,-1172316.940,360.620,0.030
-443739.080,-1172317.190,360.780,0.020
-443738.960,-1172317.480,360.940,0.010
-443738.830,-1172317.790,361.140,0.030
-443738.490,-1172318.630,361.660,0.036
-443740.120,-1172313.640,358.550,0.046
-443739.320,-1172315.580,359.760,0.016
-443738.070,-1172318.610,361.610,0.048
-443738.530,-1172316.710,360.430,0.008
-443738.190,-1172317.530,360.950,0.026
-443738.080,-1172317.800,361.100,0.020
-443737.960,-1172318.080,361.290,0.022
-443737.850,-1172318.360,361.450,0.019
-443737.740,-1172318.620,361.620,0.020
-443737.620,-1172318.920,361.810,0.027
-443739.670,-1172313.930,358.750,0.021
-443739.560,-1172314.200,358.910,0.030
-443739.200,-1172315.060,359.420,0.022
-443738.980,-1172315.610,359.780,0.018
-443738.860,-1172315.890,359.930,0.022
-443738.750,-1172316.180,360.130,0.021
-443738.640,-1172316.440,360.290,0.011
-443738.780,-1172314.760,359.190,0.019
-443738.670,-1172315.040,359.350,0.026
-443737.970,-1172316.720,360.420,0.013
-443737.740,-1172317.290,360.760,0.017
-443737.630,-1172317.560,360.930,0.018
-443737.290,-1172318.380,361.430,0.025
-443738.940,-1172313.660,358.520,0.021
-443738.830,-1172313.920,358.670,0.012
-443738.590,-1172314.510,359.030,0.015
-443738.360,-1172315.080,359.370,0.027
-443738.120,-1172315.640,359.720,0.026
-443738.020,-1172315.900,359.860,0.034
-443737.910,-1172316.170,360.040,0.027
-443737.570,-1172316.990,360.570,0.024
-443737.440,-1172317.300,360.740,0.020
-443737.320,-1172317.600,360.930,0.019
-443737.200,-1172317.870,361.080,0.045
-443737.090,-1172318.140,361.260,0.039
-443736.970,-1172318.430,361.460,0.020
-443737.240,-1172316.650,360.280,0.030
-443737.010,-1172317.200,360.610,0.027
-443736.900,-1172317.470,360.800,0.024
-443736.440,-1172318.590,361.510,0.038
-443736.000,-1172318.900,361.690,0.016
-443738.180,-1172313.610,358.440,0.028
-443738.070,-1172313.870,358.590,0.017
-443737.830,-1172314.440,358.930,0.019
-443737.730,-1172314.700,359.090,0.017
-443737.600,-1172314.990,359.240,0.010
-443737.260,-1172315.830,359.800,0.017
-443737.040,-1172316.370,360.110,0.015
-443736.910,-1172316.670,360.280,0.026
-443736.800,-1172316.940,360.490,0.032
-443736.680,-1172317.230,360.660,0.024
-443736.560,-1172317.530,360.840,0.014
-443736.450,-1172317.800,361.020,0.022
-443736.230,-1172318.330,361.340,0.037
-443736.110,-1172318.620,361.510,0.026
-443737.000,-1172315.210,359.360,0.027
-443736.890,-1172315.490,359.530,0.018
-443737.450,-1172314.120,358.700,0.022
-443737.330,-1172313.930,358.560,0.026
-443737.210,-1172314.210,358.700,0.021
-443736.870,-1172315.040,359.230,0.030
-443736.650,-1172315.600,359.580,0.021
-443736.530,-1172315.870,359.740,0.013
-443736.080,-1172316.960,360.420,0.021
-443735.510,-1172318.350,361.250,0.030
-443735.290,-1172318.900,361.650,0.037
-443736.630,-1172314.570,358.900,0.022
-443736.520,-1172314.840,359.080,0.018
-443736.170,-1172315.700,359.580,0.036
-443736.060,-1172315.970,359.740,0.036
-443735.940,-1172316.250,359.920,0.018
-443735.830,-1172316.520,360.110,0.022
-443735.160,-1172318.160,361.150,0.040
-443736.520,-1172314.060,358.600,0.035
-443736.060,-1172315.160,359.250,0.029
-443735.950,-1172315.430,359.430,0.008
-443735.600,-1172316.280,359.940,0.020
-443735.490,-1172316.570,360.130,0.016
-443735.260,-1172317.120,360.500,0.026
-443734.810,-1172318.220,361.200,0.020
-443735.300,-1172315.690,359.550,0.017
-443734.740,-1172317.070,360.400,0.045
-443734.630,-1172317.340,360.580,0.021
-443734.050,-1172318.750,361.450,0.028
-443735.780,-1172314.540,358.860,0.023
-443735.560,-1172314.350,358.690,0.034
-443735.450,-1172314.630,358.870,0.028
-443735.210,-1172315.200,359.230,0.021
-443734.990,-1172315.740,359.570,0.025
-443734.860,-1172316.060,359.710,0.021
-443734.070,-1172317.990,360.950,0.026
-443733.950,-1172318.280,361.150,0.028
-443733.720,-1172318.830,361.480,0.022
-443733.480,-1172319.410,361.840,0.037
-443734.630,-1172315.500,359.350,0.033
-443734.170,-1172316.610,360.030,0.027
-443734.050,-1172316.900,360.220,0.016
-443733.940,-1172317.180,360.420,0.013
-443733.790,-1172316.960,360.270,0.016
-443733.210,-1172318.370,361.120,0.016
-443733.100,-1172318.640,361.310,0.016
-443732.860,-1172319.210,361.670,0.040
-443734.810,-1172314.460,358.760,0.028
-443734.250,-1172315.850,359.560,0.016
-443734.130,-1172316.120,359.750,0.024
-443734.010,-1172316.410,359.910,0.030
-443732.550,-1172318.930,361.440,0.034
-443732.440,-1172319.190,361.640,0.024
-443733.440,-1172316.600,360.020,0.017
-443732.430,-1172319.060,361.560,0.027
-443732.180,-1172319.670,361.860,0.026
-443734.150,-1172314.140,358.470,0.017
-443734.030,-1172314.430,358.650,0.018
-443733.120,-1172316.660,360.000,0.031
-443732.990,-1172316.950,360.170,0.017
-443732.770,-1172317.510,360.530,0.029
-443731.980,-1172319.430,361.700,0.041
-443732.080,-1172318.620,361.190,0.030
-443731.970,-1172318.880,361.370,0.033
-443734.150,-1172313.590,358.080,0.062
-443733.810,-1172314.410,358.600,0.026
-443733.690,-1172314.700,358.770,0.019
-443733.460,-1172315.260,359.150,0.037
-443733.340,-1172315.550,359.330,0.021
-443733.230,-1172315.820,359.470,0.040
-443733.120,-1172316.100,359.610,0.027
-443732.890,-1172316.650,359.990,0.041
-443732.540,-1172317.500,360.530,0.029
-443732.430,-1172317.770,360.690,0.027
-443742.580,-1172291.020,359.640,0.052
-443732.930,-1172314.370,358.520,0.016
-443732.700,-1172314.920,358.860,0.016
-443732.590,-1172315.200,359.030,0.034
-443732.480,-1172315.460,359.220,0.024
-443732.350,-1172315.770,359.370,0.015
-443732.140,-1172316.290,359.750,0.016
-443731.540,-1172317.750,360.580,0.032
-443731.220,-1172318.540,361.120,0.049
-443732.400,-1172313.830,358.100,0.039
-443732.280,-1172314.120,358.290,0.023
-443732.170,-1172314.390,358.460,0.022
-443731.940,-1172314.960,358.820,0.027
-443731.720,-1172315.500,359.160,0.023
-443731.590,-1172315.800,359.340,0.012
-443731.480,-1172316.070,359.520,0.026
-443731.370,-1172316.330,359.680,0.029
-443731.150,-1172316.870,360.040,0.021
-443731.040,-1172317.150,360.210,0.030
-443730.820,-1172317.680,360.570,0.020
-443730.580,-1172318.260,360.890,0.026
-443730.850,-1172316.210,359.540,0.033
-443730.390,-1172317.330,360.310,0.032
-443731.620,-1172314.640,358.620,0.036
-443731.160,-1172315.770,359.310,0.020
-443731.290,-1172314.070,358.250,0.029
-443730.830,-1172315.200,358.900,0.029
-443730.710,-1172315.480,359.080,0.022
-443730.600,-1172315.770,359.260,0.028
-443739.800,-1172291.460,359.640,0.086
-443730.400,-1172314.250,358.310,0.027
-443730.530,-1172315.220,358.880,0.031
-443739.570,-1172291.480,359.600,0.039
-443738.760,-1172290.710,358.940,0.015
-443725.970,-1172318.660,358.020,0.039
-443725.840,-1172318.330,357.770,0.037
-443725.630,-1172318.850,358.120,0.027
-443725.510,-1172319.130,358.310,0.028
-443725.660,-1172316.830,356.700,0.027
-443725.550,-1172317.100,356.870,0.023
-443725.430,-1172317.400,357.050,0.026
-443725.320,-1172317.670,357.250,0.052
-443724.770,-1172319.030,358.190,0.054
-443725.150,-1172316.360,356.310,0.017
-443724.480,-1172318.000,357.430,0.021
-443724.120,-1172318.870,358.000,0.019
-443735.180,-1172290.990,358.820,0.071
-443722.400,-1172318.930,357.940,0.038
-443733.780,-1172292.020,359.570,0.051
-443723.520,-1172316.960,356.580,0.025
-443721.480,-1172319.090,358.010,0.027
-443721.140,-1172319.940,358.540,0.018
-443721.030,-1172320.200,358.730,0.052
-443722.980,-1172316.290,356.080,0.024
-443722.090,-1172318.480,357.630,0.036
-443720.770,-1172315.780,357.650,0.017
-443720.650,-1172316.070,357.790,0.025
-443720.690,-1172315.450,357.450,0.053
-443727.280,-1172294.200,355.800,0.041
-443727.750,-1172293.910,355.620,0.020
-443720.990,-1172292.880,357.280,0.029
-443720.760,-1172293.450,357.610,0.021
-443720.640,-1172293.740,357.740,0.036
-443720.520,-1172294.030,357.860,0.037
-443720.960,-1172291.280,356.200,0.025
-443720.850,-1172291.530,356.410,0.043
-443720.390,-1172292.670,357.120,0.017
-443720.150,-1172293.270,357.400,0.046
-443720.050,-1172293.520,357.570,0.034
-443719.930,-1172293.800,357.720,0.025
-443720.790,-1172290.630,355.810,0.036
-443720.670,-1172290.900,356.000,0.025
-443720.560,-1172291.170,356.150,0.027
-443720.450,-1172291.450,356.340,0.040
-443719.880,-1172292.850,357.160,0.022
-443719.760,-1172293.150,357.320,0.025
-443720.340,-1172291.360,356.250,0.030
-443719.670,-1172293.010,357.270,0.015
-443719.210,-1172294.150,357.880,0.033
-443719.090,-1172294.430,358.080,0.075
-443719.840,-1172291.760,356.450,0.022
-443719.720,-1172292.060,356.590,0.025
-443719.610,-1172292.330,356.780,0.037
-443719.380,-1172292.900,357.030,0.041
-443719.280,-1172293.140,357.260,0.046
-443718.950,-1172293.360,357.360,0.042
-443718.840,-1172293.640,357.540,0.024
-443719.750,-1172291.390,356.190,0.048
-443719.640,-1172291.660,356.440,0.017
-443719.410,-1172292.230,356.720,0.033
-443719.290,-1172292.520,356.940,0.028
-443719.270,-1172290.760,355.760,0.018
-443715.280,-1172336.260,360.810,0.050
-443720.660,-1172319.870,358.490,0.023
-443713.120,-1172336.530,360.950,0.031
-443720.580,-1172315.730,357.630,0.066
-443720.470,-1172316.010,357.820,0.033
-443720.330,-1172316.340,357.930,0.030
-443720.220,-1172316.610,358.160,0.026
-443720.100,-1172315.390,357.390,0.041
-443719.650,-1172316.500,358.090,0.023
-443719.420,-1172317.060,358.400,0.022
-443719.620,-1172317.150,358.480,0.035
-443719.440,-1172315.780,357.570,0.033
-443719.330,-1172316.050,357.750,0.023
-443719.220,-1172316.320,357.910,0.020
-443718.390,-1172316.780,358.150,0.022
-443718.270,-1172317.070,358.320,0.045
-443719.380,-1172315.400,357.390,0.028
-443719.250,-1172315.730,357.520,0.028
-443719.030,-1172316.260,357.850,0.024
-443718.700,-1172317.090,358.400,0.028
-443718.470,-1172315.730,357.460,0.023
-443718.360,-1172316.000,357.610,0.026
-443717.410,-1172316.170,357.670,0.040
-443717.310,-1172316.430,357.820,0.021
-443717.870,-1172315.820,357.500,0.037
-443717.750,-1172316.120,357.640,0.034
-443714.400,-1172321.310,362.050,0.069
-443716.930,-1172315.960,357.510,0.050
-443716.820,-1172316.220,357.690,0.033
-443714.550,-1172319.590,360.680,0.026
-443715.150,-1172319.450,360.600,0.042
-443706.530,-1172337.560,360.930,0.089
-443714.280,-1172319.700,360.730,0.021
-443713.930,-1172319.510,360.600,0.037
-443713.700,-1172320.060,360.910,0.026
-443713.580,-1172319.590,360.600,0.036
-443712.830,-1172321.450,361.980,0.058
-443712.620,-1172319.800,360.670,0.022
-443711.960,-1172321.420,361.920,0.076
-443711.450,-1172321.530,361.930,0.024
-443711.410,-1172319.990,360.750,0.030
-443712.360,-1172315.770,359.960,0.065
-443710.030,-1172320.240,360.780,0.017
-443709.110,-1172320.340,360.740,0.030
-443707.470,-1172320.380,360.670,0.028
-443718.620,-1172294.170,357.870,0.029
-443707.260,-1172322.060,362.010,0.074
-443718.710,-1172294.550,358.090,0.060
-443717.590,-1172293.790,357.520,0.030
-443718.460,-1172292.760,356.920,0.045
-443718.350,-1172293.040,357.110,0.031
-443718.250,-1172293.290,357.320,0.052
-443718.010,-1172293.880,357.600,0.023
-443717.890,-1172294.170,357.800,0.028
-443717.780,-1172294.440,357.980,0.028
-443707.200,-1172320.410,360.650,0.043
-443707.100,-1172320.660,360.880,0.050
-443706.550,-1172322.010,361.950,0.017
-443716.620,-1172294.110,357.650,0.040
-443717.440,-1172292.500,356.760,0.036
-443707.530,-1172316.810,357.540,0.023
-443717.570,-1172293.200,357.180,0.019
-443717.340,-1172293.770,357.510,0.026
-443717.220,-1172294.070,357.690,0.023
-443717.100,-1172294.350,357.870,0.023
-443716.980,-1172294.640,358.020,0.014
-443706.620,-1172320.090,360.350,0.052
-443716.560,-1172291.080,355.780,0.015
-443716.440,-1172291.370,355.950,0.012
-443716.210,-1172291.940,356.310,0.019
-443716.080,-1172292.250,356.430,0.014
-443715.980,-1172292.500,356.680,0.028
-443715.640,-1172293.360,357.100,0.023
-443715.310,-1172294.170,357.680,0.021
-443715.060,-1172294.770,357.970,0.021
-443717.270,-1172290.730,355.680,0.047
-443717.140,-1172291.030,355.820,0.021
-443717.020,-1172291.330,355.920,0.045
-443716.690,-1172292.140,356.460,0.018
-443716.470,-1172292.690,356.820,0.027
-443716.220,-1172293.300,357.130,0.023
-443715.890,-1172294.130,357.620,0.029
-443716.650,-1172293.020,356.990,0.032
-443716.530,-1172293.310,357.120,0.027
-443716.200,-1172294.120,357.650,0.040
-443714.490,-1172290.740,355.470,0.019
-443714.380,-1172291.020,355.580,0.016
-443714.160,-1172291.570,355.950,0.018
-443714.040,-1172291.860,356.120,0.024
-443713.930,-1172292.150,356.310,0.021
-443713.480,-1172293.260,356.970,0.022
-443713.360,-1172293.560,357.110,0.014
-443713.240,-1172293.840,357.280,0.014
-443712.790,-1172294.960,357.980,0.012
-443714.490,-1172291.520,355.980,0.023
-443713.920,-1172292.920,356.800,0.018
-443713.800,-1172293.220,356.920,0.018
-443713.570,-1172293.800,357.240,0.013
-443713.110,-1172294.920,357.910,0.028
-443715.090,-1172291.030,355.700,0.022
-443714.610,-1172292.200,356.330,0.070
-443714.510,-1172292.460,356.500,0.055
-443714.390,-1172292.740,356.700,0.023
-443714.270,-1172293.040,356.820,0.017
-443714.150,-1172293.330,357.000,0.022
-443713.940,-1172293.870,357.360,0.019
-443713.820,-1172294.170,357.490,0.016
-443713.700,-1172294.450,357.620,0.017
-443713.610,-1172294.690,357.810,0.022
-443713.480,-1172294.990,357.940,0.038
-443715.390,-1172290.750,355.690,0.019
-443715.250,-1172291.100,355.720,0.024
-443715.010,-1172291.670,356.020,0.023
-443714.900,-1172291.940,356.230,0.035
-443714.340,-1172293.350,357.010,0.022
-443714.110,-1172293.910,357.330,0.018
-443713.660,-1172295.010,358.000,0.042
-443715.620,-1172291.210,355.850,0.012
-443715.280,-1172292.060,356.280,0.015
-443715.050,-1172292.620,356.630,0.020
-443714.940,-1172292.890,356.790,0.022
-443714.830,-1172293.170,356.910,0.024
-443714.600,-1172293.720,357.290,0.024
-443714.490,-1172294.020,357.440,0.026
-443714.370,-1172294.300,357.610,0.025
-443714.260,-1172294.580,357.760,0.021
-443714.150,-1172294.850,357.960,0.019
-443714.040,-1172295.130,358.110,0.022
-443716.070,-1172290.720,355.500,0.026
-443715.630,-1172291.810,356.200,0.011
-443715.170,-1172292.950,356.810,0.019
-443714.720,-1172294.070,357.480,0.038
-443714.600,-1172294.360,357.660,0.017
-443714.480,-1172294.660,357.820,0.021
-443714.360,-1172294.950,357.990,0.020
-443716.340,-1172290.950,355.720,0.023
-443716.230,-1172291.240,355.890,0.013
-443716.000,-1172291.810,356.230,0.009
-443715.770,-1172292.380,356.540,0.017
-443715.650,-1172292.670,356.710,0.025
-443714.720,-1172294.950,358.000,0.028
-443711.770,-1172291.590,355.840,0.027
-443710.860,-1172293.870,357.140,0.032
-443712.350,-1172291.000,355.490,0.026
-443712.220,-1172291.310,355.630,0.023
-443712.110,-1172291.600,355.840,0.015
-443711.990,-1172291.890,355.990,0.027
-443711.900,-1172292.120,356.220,0.016
-443711.310,-1172293.570,356.940,0.029
-443712.460,-1172291.220,355.570,0.021
-443712.350,-1172291.480,355.780,0.023
-443712.240,-1172291.760,355.950,0.021
-443711.890,-1172292.620,356.440,0.042
-443711.670,-1172293.180,356.850,0.028
-443713.000,-1172290.970,355.510,0.020
-443712.650,-1172291.850,356.040,0.030
-443712.550,-1172292.110,356.190,0.020
-443712.310,-1172292.700,356.500,0.044
-443712.200,-1172292.980,356.700,0.022
-443712.080,-1172293.270,356.820,0.026
-443711.970,-1172293.530,357.020,0.028
-443711.870,-1172293.800,357.190,0.055
-443713.130,-1172291.450,355.830,0.025
-443712.900,-1172292.010,356.160,0.038
-443712.790,-1172292.290,356.310,0.021
-443712.680,-1172292.560,356.450,0.019
-443713.700,-1172290.980,355.590,0.029
-443713.360,-1172291.830,356.020,0.062
-443713.240,-1172292.120,356.210,0.037
-443713.130,-1172292.400,356.370,0.022
-443713.020,-1172292.680,356.530,0.030
-443712.670,-1172293.530,357.040,0.021
-443712.560,-1172293.810,357.220,0.016
-443714.010,-1172290.840,355.500,0.023
-443712.870,-1172293.670,357.120,0.019
-443710.760,-1172291.450,355.640,0.023
-443710.650,-1172291.720,355.810,0.035
-443711.160,-1172291.170,355.490,0.028
-443711.050,-1172291.440,355.640,0.024
-443710.700,-1172293.440,356.830,0.019
-443699.860,-1172316.670,360.750,0.046
-443702.660,-1172295.720,358.420,0.048
-443702.580,-1172295.460,358.410,0.056
-443850.470,-1172299.320,348.280,0.026
-443850.580,-1172299.730,348.490,0.021
-443850.810,-1172299.520,348.370,0.019
-443851.050,-1172299.300,348.240,0.019
-443851.300,-1172299.070,348.210,0.010
-443850.550,-1172300.270,348.770,0.007
-443850.780,-1172300.070,348.670,0.010
-443851.010,-1172299.850,348.550,0.020
-443851.250,-1172299.640,348.440,0.030
-443851.500,-1172299.410,348.350,0.034
-443851.730,-1172299.200,348.230,0.006
-443851.960,-1172298.990,348.130,0.006
-443850.720,-1172300.640,348.950,0.019
-443851.200,-1172300.210,348.750,0.010
-443851.430,-1172300.000,348.640,0.007
-443851.670,-1172299.780,348.510,0.026
-443852.180,-1172299.320,348.340,0.009
-443852.410,-1172299.110,348.210,0.006
-443850.770,-1172301.100,349.150,0.012
-443851.510,-1172300.430,348.830,0.011
-443851.770,-1172300.190,348.770,0.009
-443852.000,-1172299.980,348.640,0.011
-443852.220,-1172299.780,348.480,0.012
-443852.470,-1172299.560,348.420,0.013
-443852.700,-1172299.350,348.330,0.021
-443851.320,-1172300.940,349.060,0.019
-443851.590,-1172300.700,348.970,0.014
-443851.820,-1172300.480,348.880,0.010
-443852.300,-1172300.050,348.660,0.010
-443852.790,-1172299.610,348.460,0.019
-443851.620,-1172301.040,349.190,0.013
-443851.860,-1172300.830,349.040,0.010
-443852.100,-1172300.610,348.950,0.017
-443852.340,-1172300.390,348.870,0.019
-443852.570,-1172300.180,348.750,0.018
-443852.170,-1172301.110,349.220,0.007
-443852.410,-1172300.890,349.120,0.008
-443811.290,-1172433.700,350.450,0.045
-443797.310,-1172413.790,353.950,0.022
-443799.380,-1172410.880,353.010,0.022
-443800.170,-1172410.180,352.780,0.023
-443800.440,-1172410.450,352.880,0.042
-443798.500,-1172411.310,353.130,0.052
-443798.760,-1172410.200,352.740,0.037
-443795.410,-1172412.720,353.540,0.013
-443771.170,-1172425.320,353.980,0.017
-443771.370,-1172425.140,353.750,0.043
-443771.770,-1172425.190,353.760,0.058
-443772.260,-1172425.270,354.000,0.081
-443773.050,-1172425.050,353.660,0.074
-443773.020,-1172425.410,354.040,0.092
-443792.770,-1172410.260,352.630,0.036
-443793.610,-1172410.410,352.740,0.017
-443710.460,-1172403.420,352.200,0.016
-443850.540,-1172301.310,349.260,0.014
-443850.010,-1172301.290,349.290,0.008
-443850.250,-1172301.070,349.150,0.010
-443850.480,-1172300.860,349.020,0.012
-443849.610,-1172301.130,349.180,0.005
-443849.840,-1172300.920,349.080,0.007
-443850.070,-1172300.710,348.980,0.013
-443850.320,-1172300.490,348.870,0.012
-443848.920,-1172301.230,349.180,0.011
-443849.170,-1172301.000,349.050,0.013
-443849.420,-1172300.790,349.010,0.012
-443849.650,-1172300.580,348.900,0.006
-443849.880,-1172300.370,348.770,0.013
-443850.140,-1172300.130,348.690,0.011
-443848.300,-1172301.290,349.210,0.018
-443848.540,-1172301.070,349.120,0.013
-443848.780,-1172300.850,349.010,0.009
-443849.020,-1172300.640,348.870,0.023
-443849.260,-1172300.420,348.760,0.017
-443849.500,-1172300.200,348.690,0.018
-443849.750,-1172299.980,348.570,0.020
-443849.990,-1172299.760,348.470,0.013
-443850.220,-1172299.550,348.360,0.017
-443847.570,-1172301.340,349.250,0.012
-443848.060,-1172300.900,349.020,0.009
-443848.300,-1172300.680,348.900,0.009
-443848.550,-1172300.460,348.790,0.021
-443848.780,-1172300.240,348.690,0.021
-443849.220,-1172299.840,348.470,0.012
-443849.470,-1172299.620,348.360,0.012
-443849.730,-1172299.380,348.290,0.014
-443849.970,-1172299.170,348.180,0.014
-443846.970,-1172301.310,349.210,0.010
-443847.230,-1172301.080,349.120,0.010
-443847.450,-1172300.880,349.010,0.012
-443847.670,-1172300.670,348.850,0.012
-443847.940,-1172300.430,348.790,0.008
-443848.390,-1172300.020,348.550,0.011
-443848.640,-1172299.800,348.460,0.010
-443848.880,-1172299.570,348.370,0.005
-443849.130,-1172299.350,348.270,0.007
-443846.350,-1172301.390,349.260,0.014
-443846.570,-1172301.190,349.160,0.013
-443846.800,-1172300.980,349.010,0.007
-443847.040,-1172300.760,348.960,0.011
-443847.260,-1172300.560,348.810,0.013
-443847.500,-1172300.340,348.740,0.008
-443847.740,-1172300.120,348.630,0.005
-443847.970,-1172299.910,348.520,0.010
-443848.440,-1172299.480,348.320,0.009
-443848.700,-1172299.260,348.200,0.007
-443846.250,-1172301.050,349.060,0.021
-443846.460,-1172300.860,348.920,0.017
-443846.710,-1172300.630,348.850,0.013
-443846.940,-1172300.420,348.730,0.017
-443847.190,-1172300.200,348.620,0.011
-443847.420,-1172299.990,348.520,0.007
-443847.650,-1172299.780,348.400,0.008
-443847.890,-1172299.560,348.320,0.010
-443847.690,-1172299.230,348.160,0.009
-443841.590,-1172304.780,354.200,0.015
-443846.230,-1172300.560,348.780,0.013
-443846.460,-1172300.350,348.680,0.007
-443846.700,-1172300.130,348.570,0.007
-443846.960,-1172299.900,348.460,0.007
-443847.440,-1172299.460,348.290,0.011
-443840.020,-1172305.730,354.750,0.028
-443846.090,-1172300.200,348.610,0.008
-443846.320,-1172299.990,348.480,0.004
-443846.810,-1172299.550,348.330,0.012
-443847.050,-1172299.330,348.200,0.009
-443847.270,-1172299.130,348.070,0.010
-443840.640,-1172304.780,354.110,0.015
-443840.850,-1172304.590,354.010,0.018
-443841.310,-1172304.170,353.710,0.015
-443846.140,-1172299.370,348.180,0.016
-443841.320,-1172303.240,353.080,0.013
-443841.550,-1172303.030,352.960,0.017
-443839.930,-1172304.500,353.870,0.033
-443840.640,-1172303.860,353.490,0.008
-443839.570,-1172304.350,353.820,0.038
-443840.580,-1172303.010,352.880,0.011
-443841.040,-1172302.300,352.350,0.020
-443838.740,-1172304.400,353.700,0.034
-443838.020,-1172304.590,353.840,0.018
-443838.270,-1172304.370,353.690,0.029
-443840.110,-1172302.690,352.610,0.014
-443840.340,-1172302.490,352.470,0.014
-443840.570,-1172302.280,352.340,0.012
-443840.820,-1172302.050,352.220,0.009
-443838.510,-1172302.750,352.520,0.014
-443838.350,-1172302.300,352.240,0.018
-443834.850,-1172303.300,355.230,0.019
-443835.300,-1172302.890,354.970,0.017
-443831.460,-1172303.570,355.200,0.016
-443832.340,-1172302.770,354.690,0.086
-443826.610,-1172307.580,355.130,0.012
-443831.870,-1172302.790,354.680,0.033
-443832.090,-1172302.600,354.540,0.091
-443830.710,-1172303.440,355.020,0.019
-443831.370,-1172302.830,354.600,0.026
-443831.620,-1172302.610,354.500,0.029
-443826.010,-1172307.190,354.750,0.014
-443826.920,-1172306.360,354.230,0.037
-443827.130,-1172306.160,354.080,0.022
-443830.770,-1172302.860,354.670,0.059
-443825.770,-1172306.540,354.230,0.020
-443826.240,-1172306.110,354.000,0.017
-443829.360,-1172303.270,354.740,0.018
-443824.620,-1172307.270,354.710,0.038
-443825.310,-1172306.640,354.300,0.017
-443828.710,-1172303.550,354.960,0.070
-443829.400,-1172302.920,354.520,0.024
-443828.250,-1172303.530,354.880,0.021
-443828.500,-1172303.310,354.780,0.026
-443824.020,-1172306.920,354.510,0.029
-443827.760,-1172303.160,352.010,0.023
-443825.900,-1172304.850,353.060,0.034
-443824.300,-1172305.880,353.730,0.009
-443826.110,-1172304.230,352.610,0.024
-443827.020,-1172303.400,352.100,0.019
-443827.260,-1172303.190,351.970,0.019
-443824.030,-1172304.980,353.020,0.049
-443824.480,-1172304.570,352.780,0.013
-443825.170,-1172303.950,352.350,0.016
-443825.390,-1172303.740,352.250,0.024
-443824.660,-1172303.930,352.320,0.018
-443825.110,-1172303.520,352.060,0.024
-443825.330,-1172303.320,351.900,0.019
-443824.240,-1172303.760,352.140,0.023
-443824.470,-1172303.550,352.020,0.026
-443823.390,-1172303.950,352.190,0.050
-443823.640,-1172303.720,352.090,0.033
-443817.050,-1172307.310,355.430,0.039
-443818.410,-1172306.060,354.590,0.010
-443819.790,-1172304.380,353.450,0.034
-443817.480,-1172306.480,354.820,0.023
-443819.240,-1172304.450,353.460,0.019
-443818.890,-1172304.330,353.330,0.024
-443819.130,-1172304.110,353.220,0.021
-443819.360,-1172303.900,353.080,0.016
-443818.210,-1172304.540,353.440,0.047
-443818.440,-1172304.330,353.310,0.042
-443817.790,-1172304.600,353.480,0.018
-443817.280,-1172304.660,353.440,0.021
-443817.520,-1172304.450,353.330,0.029
-443816.960,-1172304.490,353.330,0.026
-443816.110,-1172304.740,353.460,0.021
-443812.020,-1172304.700,355.450,0.018
-443804.620,-1172307.910,354.960,0.023
-443749.810,-1172335.090,352.470,0.033
-443744.960,-1172338.580,353.130,0.047
-443744.740,-1172338.780,353.340,0.034
-443744.460,-1172338.660,353.220,0.058
-443721.620,-1172315.000,355.060,0.011
-443722.760,-1172315.390,355.430,0.023
-443723.210,-1172314.980,355.170,0.030
-443723.780,-1172314.930,355.200,0.031
-443724.530,-1172314.640,355.090,0.015
-443724.470,-1172315.240,355.460,0.026
-443724.710,-1172315.020,355.350,0.024
-443724.940,-1172314.800,355.200,0.023
-443725.160,-1172314.610,355.070,0.026
-443725.510,-1172314.750,355.210,0.026
-443725.740,-1172314.550,355.030,0.027
-443726.030,-1172314.780,355.270,0.020
-443718.900,-1172329.110,352.910,0.059
-443717.950,-1172290.500,355.570,0.020
-443717.070,-1172290.580,355.550,0.013
-443717.280,-1172290.390,355.440,0.014
-443715.990,-1172290.650,355.540,0.028
-443716.230,-1172290.430,355.450,0.024
-443715.300,-1172290.730,355.570,0.030
-443713.850,-1172290.720,355.450,0.016
-443712.790,-1172291.090,355.580,0.015
-443713.040,-1172290.860,355.490,0.014
-443713.290,-1172290.630,355.370,0.021
-443712.240,-1172291.110,355.560,0.026
-443712.470,-1172290.890,355.470,0.025
-443711.600,-1172291.190,355.570,0.023
-443711.840,-1172290.980,355.440,0.032
-443712.080,-1172290.750,355.330,0.024
-443712.320,-1172290.520,355.200,0.016
-443711.520,-1172290.720,355.280,0.015
-443711.750,-1172290.500,355.170,0.019
-443710.610,-1172290.670,355.170,0.032
-443708.070,-1172292.560,354.470,0.023
-443708.320,-1172292.330,354.370,0.009
-443707.580,-1172292.480,354.440,0.012
-443707.820,-1172292.260,354.280,0.018
-443850.460,-1172431.880,374.260,0.090
-443839.610,-1172432.250,374.220,0.054
-443844.840,-1172421.450,374.810,0.044
-443848.170,-1172417.570,374.210,0.047
-443847.140,-1172406.600,374.300,0.062
-443842.000,-1172399.680,374.440,0.041
-443768.880,-1172436.530,361.430,0.054
-443762.690,-1172436.770,361.410,0.054
-443760.290,-1172436.850,361.430,0.034
-443759.290,-1172436.940,361.430,0.063
-443757.790,-1172437.350,361.840,0.026
-443834.880,-1172366.950,371.080,0.054
-443757.740,-1172436.920,361.390,0.029
-443834.100,-1172366.700,370.740,0.029
-443833.690,-1172366.710,370.740,0.051
-443832.110,-1172366.770,370.780,0.052
-443831.650,-1172366.830,370.730,0.026
-443830.590,-1172366.770,370.700,0.043
-443830.150,-1172366.810,370.720,0.041
-443751.970,-1172437.220,361.390,0.029
-443828.660,-1172366.870,370.760,0.042
-443828.290,-1172366.840,370.740,0.015
-443750.450,-1172437.330,361.450,0.084
-443831.240,-1172360.790,370.700,0.042
-443836.270,-1172355.750,370.680,0.014
-443745.740,-1172437.870,361.800,0.038
-443830.860,-1172353.840,370.780,0.047
-443835.510,-1172337.730,370.620,0.020
-443832.050,-1172337.680,370.560,0.051
-443830.410,-1172335.680,370.600,0.039
-443707.340,-1172395.270,359.540,0.030
-443839.300,-1172307.370,355.940,0.018
-443835.980,-1172305.980,357.320,0.026
-443834.120,-1172306.150,357.280,0.015
-443834.510,-1172304.740,356.260,0.014
-443834.750,-1172304.530,356.160,0.020
-443833.240,-1172304.760,356.180,0.009
-443826.250,-1172308.840,355.990,0.016
-443826.890,-1172308.790,355.990,0.041
-443829.130,-1172306.750,357.270,0.040
-443830.040,-1172305.930,356.720,0.037
-443830.960,-1172305.650,356.630,0.014
-443828.370,-1172305.570,356.350,0.026
-443828.600,-1172305.350,356.210,0.015
-443825.500,-1172308.990,356.010,0.023
-443816.850,-1172308.040,356.000,0.016
-443813.960,-1172308.820,358.700,0.060
-443815.590,-1172307.340,357.710,0.024
-443812.040,-1172308.970,358.690,0.031
-443812.560,-1172308.960,358.680,0.021
-443813.030,-1172306.000,357.290,0.013
-443814.200,-1172304.930,355.770,0.010
-443814.670,-1172304.500,355.520,0.019
-443814.020,-1172305.680,356.250,0.022
-443814.730,-1172305.040,355.850,0.038
-443814.960,-1172304.830,355.740,0.021
-443815.210,-1172304.600,355.650,0.030
-443812.570,-1172307.490,357.570,0.030
-443812.810,-1172305.100,355.760,0.024
-443813.060,-1172304.870,355.680,0.022
-443813.280,-1172304.670,355.560,0.019
-443813.350,-1172305.130,355.820,0.012
-443813.580,-1172304.920,355.730,0.022
-443814.030,-1172304.510,355.480,0.013
-443811.440,-1172307.440,357.420,0.044
-443811.810,-1172304.890,355.590,0.075
-443809.000,-1172308.110,357.700,0.012
-443809.200,-1172307.920,357.540,0.014
-443811.730,-1172305.630,356.040,0.047
-443812.410,-1172305.000,355.670,0.015
-443804.120,-1172311.300,357.470,0.088
-443805.030,-1172310.470,356.900,0.018
-443806.500,-1172309.130,358.350,0.043
-443806.710,-1172308.940,358.170,0.032
-443807.620,-1172308.120,357.590,0.024
-443810.850,-1172305.170,355.700,0.033
-443811.090,-1172304.950,355.570,0.019
-443808.430,-1172306.390,356.370,0.025
-443806.330,-1172308.740,357.990,0.029
-443802.500,-1172310.360,356.630,0.014
-443802.680,-1172310.470,356.700,0.016
-443802.910,-1172310.260,356.580,0.016
-443807.150,-1172306.400,356.310,0.035
-443807.570,-1172306.010,356.030,0.010
-443797.040,-1172312.280,360.900,0.089
-443797.180,-1172311.730,360.530,0.017
-443797.630,-1172311.320,360.300,0.027
-443798.100,-1172310.900,360.070,0.037
-443798.330,-1172310.680,359.980,0.018
-443795.560,-1172312.120,360.700,0.024
-443795.790,-1172311.910,360.570,0.013
-443796.490,-1172311.270,360.210,0.024
-443796.720,-1172311.060,360.070,0.020
-443796.960,-1172310.840,359.960,0.016
-443797.190,-1172310.630,359.840,0.018
-443797.690,-1172310.180,359.640,0.035
-443796.090,-1172312.110,360.730,0.023
-443796.330,-1172311.900,360.630,0.013
-443796.580,-1172311.670,360.500,0.018
-443796.800,-1172311.470,360.360,0.017
-443797.050,-1172311.240,360.260,0.016
-443797.250,-1172311.060,360.110,0.013
-443797.510,-1172310.820,360.030,0.008
-443797.740,-1172310.610,359.900,0.011
-443794.290,-1172312.720,360.990,0.030
-443795.220,-1172311.870,360.500,0.021
-443795.950,-1172311.210,360.130,0.017
-443796.210,-1172310.970,360.030,0.016
-443797.590,-1172309.710,359.330,0.015
-443798.070,-1172309.270,359.060,0.019
-443796.710,-1172309.580,359.160,0.020
-443797.200,-1172309.140,358.950,0.016
-443793.770,-1172312.800,361.030,0.015
-443794.230,-1172312.380,360.780,0.010
-443794.460,-1172312.180,360.660,0.010
-443794.680,-1172311.980,360.530,0.008
-443794.920,-1172311.760,360.410,0.014
-443795.150,-1172311.550,360.310,0.012
-443795.400,-1172311.320,360.180,0.009
-443795.640,-1172311.100,360.070,0.009
-443796.330,-1172310.480,359.680,0.013
-443796.570,-1172310.260,359.570,0.013
-443796.820,-1172310.030,359.490,0.022
-443797.060,-1172309.810,359.340,0.023
-443797.310,-1172309.580,359.230,0.012
-443797.540,-1172309.370,359.130,0.012
-443797.750,-1172309.180,358.980,0.014
-443797.980,-1172308.970,358.880,0.019
-443792.470,-1172312.970,361.020,0.025
-443792.720,-1172312.750,360.900,0.015
-443792.950,-1172312.540,360.790,0.013
-443793.190,-1172312.320,360.680,0.014
-443793.430,-1172312.100,360.560,0.017
-443793.690,-1172311.870,360.460,0.015
-443793.900,-1172311.670,360.320,0.009
-443795.060,-1172310.610,359.740,0.034
-443795.280,-1172310.410,359.590,0.033
-443795.970,-1172309.780,359.250,0.017
-443796.210,-1172309.570,359.130,0.009
-443796.460,-1172309.340,359.020,0.012
-443797.170,-1172308.690,358.660,0.014
-443797.400,-1172308.480,358.560,0.014
-443797.620,-1172308.280,358.460,0.012
-443794.830,-1172311.290,360.120,0.020
-443795.080,-1172311.070,360.000,0.015
-443792.000,-1172312.960,360.990,0.024
-443792.220,-1172312.750,360.870,0.015
-443793.160,-1172311.900,360.420,0.022
-443793.410,-1172311.680,360.310,0.030
-443793.650,-1172311.450,360.160,0.029
-443793.860,-1172311.260,360.050,0.028
-443794.120,-1172311.030,359.930,0.026
-443794.810,-1172310.390,359.550,0.041
-443795.060,-1172310.170,359.410,0.020
-443795.300,-1172309.950,359.330,0.026
-443795.750,-1172309.540,359.070,0.025
-443796.680,-1172308.690,358.640,0.026
-443797.150,-1172308.270,358.370,0.026
-443797.620,-1172307.840,358.180,0.018
-443797.870,-1172307.610,358.060,0.020
-443791.490,-1172313.040,360.960,0.039
-443792.200,-1172312.390,360.610,0.024
-443792.430,-1172312.180,360.510,0.031
-443792.670,-1172311.960,360.400,0.026
-443792.910,-1172311.740,360.270,0.026
-443793.150,-1172311.520,360.150,0.037
-443793.400,-1172311.300,360.020,0.046
-443793.630,-1172311.090,359.890,0.038
-443793.850,-1172310.880,359.780,0.045
-443794.090,-1172310.660,359.670,0.031
-443794.320,-1172310.460,359.560,0.036
-443794.560,-1172310.240,359.410,0.036
-443795.260,-1172309.600,359.050,0.013
-443796.230,-1172308.720,358.610,0.049
-443796.690,-1172308.300,358.330,0.036
-443796.930,-1172308.080,358.280,0.030
-443797.610,-1172307.460,357.920,0.017
-443791.290,-1172312.630,360.670,0.025
-443791.530,-1172312.410,360.590,0.019
-443792.000,-1172311.980,360.340,0.033
-443792.230,-1172311.770,360.240,0.022
-443792.490,-1172311.540,360.120,0.018
-443792.730,-1172311.320,360.010,0.026
-443792.940,-1172311.120,359.890,0.031
-443793.170,-1172310.920,359.780,0.029
-443793.660,-1172310.470,359.520,0.028
-443793.900,-1172310.250,359.400,0.018
-443794.150,-1172310.020,359.300,0.023
-443794.380,-1172309.810,359.150,0.018
-443794.610,-1172309.600,359.060,0.031
-443794.840,-1172309.390,358.960,0.028
-443797.440,-1172307.030,357.630,0.022
-443790.850,-1172312.530,360.650,0.016
-443791.320,-1172312.100,360.420,0.013
-443791.550,-1172311.890,360.290,0.017
-443792.240,-1172311.260,359.940,0.028
-443792.470,-1172311.060,359.810,0.021
-443793.160,-1172310.430,359.450,0.032
-443793.880,-1172309.770,359.120,0.014
-443794.830,-1172308.910,358.630,0.015
-443795.080,-1172308.680,358.530,0.021
-443796.250,-1172307.610,357.940,0.022
-443796.710,-1172307.190,357.690,0.018
-443796.970,-1172306.960,357.610,0.021
-443797.220,-1172306.730,357.520,0.023
-443791.170,-1172311.780,360.170,0.022
-443791.650,-1172311.340,359.940,0.027
-443791.880,-1172311.140,359.820,0.041
-443792.350,-1172310.710,359.580,0.026
-443792.570,-1172310.510,359.490,0.018
-443792.800,-1172310.300,359.380,0.024
-443793.030,-1172310.090,359.250,0.022
-443793.720,-1172309.460,358.900,0.017
-443793.970,-1172309.240,358.760,0.031
-443794.670,-1172308.590,358.410,0.020
-443794.910,-1172308.370,358.300,0.026
-443795.620,-1172307.730,357.940,0.033
-443796.100,-1172307.290,357.740,0.025
-443789.910,-1172312.570,360.600,0.024
-443790.120,-1172312.380,360.450,0.025
-443790.590,-1172311.950,360.260,0.013
-443791.070,-1172311.520,359.990,0.027
-443791.300,-1172311.310,359.900,0.027
-443791.540,-1172311.090,359.770,0.020
-443792.030,-1172310.640,359.550,0.025
-443792.250,-1172310.440,359.410,0.048
-443792.720,-1172310.010,359.200,0.018
-443793.190,-1172309.590,358.920,0.021
-443793.420,-1172309.370,358.830,0.016
-443793.640,-1172309.170,358.720,0.019
-443793.860,-1172308.970,358.590,0.029
-443794.110,-1172308.740,358.490,0.026
-443794.810,-1172308.110,358.130,0.025
-443795.040,-1172307.900,358.010,0.022
-443795.280,-1172307.680,357.880,0.033
-443795.520,-1172307.460,357.770,0.028
-443795.750,-1172307.250,357.680,0.028
-443795.990,-1172307.030,357.580,0.027
-443790.160,-1172311.840,360.130,0.021
-443791.820,-1172310.320,359.320,0.019
-443793.020,-1172309.230,358.740,0.017
-443793.470,-1172308.820,358.490,0.027
-443793.720,-1172308.590,358.410,0.026
-443794.400,-1172307.970,358.060,0.028
-443794.640,-1172307.750,357.930,0.012
-443794.890,-1172307.530,357.820,0.015
-443795.090,-1172307.340,357.670,0.017
-443795.330,-1172307.120,357.610,0.030
-443795.580,-1172306.900,357.460,0.037
-443788.540,-1172312.940,360.790,0.028
-443789.940,-1172311.670,360.040,0.023
-443790.160,-1172311.470,359.910,0.026
-443790.390,-1172311.250,359.800,0.028
-443792.520,-1172309.310,358.730,0.016
-443792.770,-1172309.080,358.620,0.021
-443793.250,-1172308.650,358.390,0.025
-443793.720,-1172308.220,358.150,0.023
-443795.130,-1172306.930,357.480,0.033
-443795.350,-1172306.740,357.350,0.030
-443787.660,-1172313.300,360.990,0.024
-443789.710,-1172311.420,359.890,0.012
-443789.940,-1172311.220,359.750,0.018
-443790.420,-1172310.780,359.510,0.031
-443790.890,-1172310.350,359.270,0.023
-443791.590,-1172309.710,358.930,0.026
-443792.080,-1172309.270,358.660,0.019
-443792.560,-1172308.830,358.420,0.026
-443792.800,-1172308.610,358.310,0.025
-443793.020,-1172308.410,358.210,0.020
-443793.240,-1172308.210,358.110,0.013
-443793.500,-1172307.970,357.990,0.011
-443793.750,-1172307.750,357.850,0.023
-443793.960,-1172307.550,357.720,0.019
-443794.210,-1172307.330,357.650,0.014
-443794.450,-1172307.110,357.490,0.020
-443794.920,-1172306.680,357.310,0.028
-443787.220,-1172313.340,361.000,0.021
-443787.460,-1172313.120,360.870,0.014
-443787.680,-1172312.920,360.720,0.012
-443788.170,-1172312.470,360.490,0.013
-443788.400,-1172312.260,360.320,0.016
-443789.570,-1172311.200,359.750,0.027
-443789.800,-1172310.990,359.620,0.015
-443790.010,-1172310.800,359.480,0.014
-443790.240,-1172310.580,359.370,0.019
-443790.710,-1172310.160,359.140,0.028
-443790.950,-1172309.940,359.020,0.029
-443791.180,-1172309.730,358.890,0.029
-443791.400,-1172309.530,358.780,0.026
-443791.660,-1172309.300,358.680,0.029
-443791.900,-1172309.080,358.540,0.030
-443792.350,-1172308.670,358.300,0.031
-443792.590,-1172308.450,358.180,0.028
-443793.070,-1172308.010,357.950,0.014
-443793.320,-1172307.780,357.840,0.034
-443793.790,-1172307.350,357.580,0.024
-443794.030,-1172307.140,357.510,0.014
-443794.250,-1172306.930,357.410,0.023
-443786.380,-1172313.530,361.040,0.023
-443788.020,-1172312.030,360.180,0.013
-443790.600,-1172309.690,358.850,0.024
-443792.480,-1172307.970,357.900,0.035
-443792.940,-1172307.550,357.670,0.019
-443793.170,-1172307.340,357.540,0.008
-443793.430,-1172307.110,357.460,0.020
-443793.650,-1172306.910,357.300,0.019
-443787.390,-1172312.130,360.230,0.008
-443787.630,-1172311.920,360.110,0.006
-443788.100,-1172311.480,359.890,0.014
-443789.730,-1172310.000,358.970,0.024
-443789.990,-1172309.770,358.860,0.028
-443790.920,-1172308.920,358.390,0.016
-443791.150,-1172308.710,358.290,0.014
-443791.370,-1172308.500,358.170,0.015
-443791.600,-1172308.300,358.060,0.028
-443791.830,-1172308.090,357.930,0.026
-443792.060,-1172307.880,357.810,0.026
-443792.290,-1172307.670,357.700,0.030
-443792.530,-1172307.460,357.580,0.029
-443792.780,-1172307.220,357.520,0.023
-443785.630,-1172313.220,360.770,0.024
-443788.980,-1172310.170,359.220,0.027
-443789.630,-1172309.570,358.700,0.020
-443789.870,-1172309.360,358.590,0.029
-443790.080,-1172309.160,358.480,0.034
-443791.300,-1172308.050,357.870,0.032
-443791.750,-1172307.630,357.630,0.026
-443792.460,-1172306.990,357.350,0.014
-443790.460,-1172307.940,357.750,0.023
-443790.690,-1172307.740,357.640,0.024
-443790.920,-1172307.520,357.540,0.028
-443791.160,-1172307.300,357.430,0.020
-443791.390,-1172307.090,357.310,0.014
-443785.920,-1172312.610,360.390,0.035
-443789.450,-1172309.390,358.550,0.018
-443789.670,-1172309.190,358.430,0.024
-443790.130,-1172308.770,358.200,0.014
-443790.840,-1172308.130,357.840,0.023
-443791.090,-1172307.900,357.740,0.026
-443791.330,-1172307.680,357.630,0.016
-443791.580,-1172307.450,357.530,0.026
-443784.170,-1172313.250,360.730,0.017
-443784.400,-1172313.040,360.630,0.013
-443785.090,-1172312.410,360.250,0.009
-443785.550,-1172311.990,360.010,0.018
-443786.030,-1172311.550,359.730,0.014
-443786.750,-1172310.890,359.420,0.015
-443787.440,-1172310.260,359.030,0.020
-443787.670,-1172310.060,358.900,0.017
-443787.910,-1172309.840,358.800,0.013
-443789.280,-1172308.590,358.070,0.014
-443789.530,-1172308.360,357.930,0.011
-443790.010,-1172307.930,357.720,0.014
-443790.230,-1172307.720,357.610,0.013
-443790.480,-1172307.500,357.480,0.016
-443784.820,-1172313.080,360.660,0.010
-443788.840,-1172309.420,358.720,0.028
-443790.220,-1172308.160,357.860,0.019
-443783.110,-1172313.790,361.030,0.027
-443783.350,-1172313.570,360.880,0.022
-443783.800,-1172313.160,360.660,0.011
-443785.230,-1172311.860,359.880,0.014
-443788.780,-1172308.630,358.220,0.056
-443789.450,-1172308.010,357.740,0.003
-443789.660,-1172307.820,357.620,0.005
-443789.910,-1172307.590,357.510,0.023
-443790.150,-1172307.370,357.410,0.020
-443785.670,-1172310.420,359.030,0.021
-443786.880,-1172309.330,358.430,0.012
-443787.100,-1172309.120,358.300,0.019
-443787.340,-1172308.910,358.180,0.018
-443788.050,-1172308.260,357.830,0.015
-443782.760,-1172313.710,360.970,0.019
-443785.090,-1172311.600,359.710,0.006
-443785.330,-1172311.370,359.570,0.015
-443785.580,-1172311.140,359.470,0.034
-443786.750,-1172310.080,358.910,0.011
-443786.980,-1172309.870,358.730,0.010
-443789.340,-1172307.720,357.540,0.009
-443781.450,-1172313.740,360.840,0.012
-443782.870,-1172312.450,360.120,0.024
-443783.100,-1172312.240,359.990,0.015
-443783.340,-1172312.020,359.880,0.012
-443783.560,-1172311.810,359.760,0.008
-443785.900,-1172309.690,358.570,0.026
-443786.350,-1172309.270,358.330,0.017
-443787.330,-1172308.380,357.870,0.013
-443787.560,-1172308.170,357.740,0.015
-443787.790,-1172307.960,357.620,0.012
-443781.710,-1172314.030,361.070,0.021
-443781.950,-1172313.820,360.930,0.019
-443783.330,-1172312.560,360.220,0.015
-443784.030,-1172311.920,359.860,0.008
-443784.250,-1172311.720,359.750,0.012
-443784.490,-1172311.500,359.610,0.014
-443784.190,-1172310.220,358.770,0.012
-443784.430,-1172310.000,358.640,0.013
-443784.660,-1172309.790,358.540,0.010
-443785.120,-1172309.370,358.290,0.011
-443785.370,-1172309.150,358.190,0.009
-443785.820,-1172308.730,357.960,0.015
-443786.050,-1172308.520,357.850,0.014
-443786.280,-1172308.310,357.730,0.011
-443781.580,-1172313.020,360.380,0.012
-443782.040,-1172312.600,360.120,0.015
-443782.300,-1172312.370,360.030,0.018
-443782.530,-1172312.160,359.880,0.016
-443784.180,-1172310.650,359.040,0.023
-443785.560,-1172309.400,358.340,0.017
-443786.270,-1172308.750,357.990,0.037
-443782.260,-1172311.440,359.420,0.008
-443782.510,-1172311.220,359.310,0.013
-443782.750,-1172311.000,359.190,0.028
-443783.220,-1172310.570,358.940,0.011
-443784.160,-1172309.710,358.470,0.007
-443784.370,-1172309.520,358.310,0.008
-443784.620,-1172309.290,358.240,0.009
-443785.110,-1172308.840,357.970,0.016
-443785.330,-1172308.640,357.870,0.018
-443785.570,-1172308.420,357.750,0.020
-443785.820,-1172308.190,357.640,0.014
-443780.650,-1172313.450,360.610,0.014
-443780.880,-1172313.230,360.500,0.007
-443783.240,-1172311.090,359.290,0.037
-443780.910,-1172312.290,359.860,0.030
-443781.850,-1172311.440,359.380,0.006
-443783.030,-1172310.360,358.800,0.007
-443783.510,-1172309.910,358.550,0.008
-443783.760,-1172309.690,358.420,0.008
-443784.200,-1172309.290,358.180,0.010
-443784.430,-1172309.080,358.060,0.010
-443785.160,-1172308.420,357.730,0.025
-443780.040,-1172312.430,359.850,0.017
-443781.700,-1172310.920,359.020,0.011
-443781.930,-1172310.700,358.920,0.010
-443782.160,-1172310.500,358.800,0.008
-443782.870,-1172309.850,358.450,0.008
-443783.560,-1172309.230,358.090,0.011
-443783.800,-1172309.000,357.960,0.011
-443784.050,-1172308.780,357.850,0.013
-443784.280,-1172308.570,357.750,0.019
-443784.740,-1172308.140,357.500,0.015
-443780.770,-1172312.020,359.690,0.023
-443784.290,-1172308.820,357.930,0.019
-443784.520,-1172308.600,357.780,0.019
-443779.280,-1172312.620,359.940,0.014
-443779.500,-1172312.420,359.830,0.013
-443780.200,-1172311.780,359.490,0.012
-443780.920,-1172311.130,359.140,0.014
-443781.860,-1172310.270,358.630,0.007
-443782.340,-1172309.830,358.390,0.012
-443782.560,-1172309.620,358.290,0.005
-443783.250,-1172309.000,357.940,0.013
-443783.490,-1172308.780,357.820,0.014
-443783.720,-1172308.570,357.700,0.011
-443779.610,-1172311.940,359.540,0.012
-443779.850,-1172311.720,359.440,0.010
-443780.100,-1172311.490,359.300,0.010
-443780.350,-1172311.270,359.190,0.012
-443781.510,-1172310.210,358.590,0.011
-443782.220,-1172309.560,358.240,0.013
-443782.690,-1172309.130,357.990,0.013
-443782.940,-1172308.900,357.880,0.018
-443780.860,-1172310.150,358.470,0.016
-443782.080,-1172309.040,357.900,0.024
-443782.310,-1172308.830,357.790,0.035
-443782.530,-1172308.640,357.650,0.034
-443782.760,-1172308.430,357.530,0.030
-443779.210,-1172311.910,359.510,0.014
-443780.380,-1172310.840,358.910,0.014
-443780.610,-1172310.630,358.770,0.015
-443781.790,-1172309.560,358.160,0.015
-443778.880,-1172311.480,359.210,0.009
-443779.110,-1172311.270,359.070,0.006
-443779.340,-1172311.060,358.970,0.009
-443779.570,-1172310.860,358.860,0.010
-443779.800,-1172310.640,358.750,0.009
-443780.050,-1172310.420,358.630,0.007
-443780.270,-1172310.210,358.520,0.012
-443780.740,-1172309.790,358.260,0.012
-443781.440,-1172309.140,357.910,0.019
-443781.690,-1172308.920,357.800,0.020
-443778.830,-1172311.190,359.040,0.012
-443779.770,-1172310.330,358.570,0.009
-443779.990,-1172310.140,358.410,0.013
-443780.690,-1172309.490,358.120,0.007
-443780.930,-1172309.280,357.980,0.011
-443781.160,-1172309.070,357.850,0.019
-443778.980,-1172310.610,358.670,0.008
-443779.230,-1172310.380,358.540,0.014
-443779.700,-1172309.950,358.290,0.011
-443780.180,-1172309.520,358.040,0.010
-443780.410,-1172309.310,357.970,0.008
-443780.650,-1172309.090,357.830,0.012
-443779.330,-1172309.270,357.830,0.013
-443779.580,-1172309.040,357.730,0.015
-443778.560,-1172310.630,358.710,0.008
-443778.800,-1172310.410,358.530,0.006
-443779.020,-1172310.210,358.410,0.014
-443779.250,-1172310.000,358.290,0.019
-443779.480,-1172309.790,358.180,0.014
-443779.710,-1172309.580,358.050,0.014
-443780.190,-1172309.140,357.840,0.015
-443773.520,-1172314.050,361.150,0.017
-443773.750,-1172313.840,361.050,0.025
-443774.000,-1172313.610,360.950,0.030
-443774.240,-1172313.390,360.800,0.020
-443774.460,-1172313.190,360.700,0.027
-443774.960,-1172312.730,360.480,0.011
-443775.200,-1172312.510,360.360,0.013
-443778.510,-1172309.490,357.930,0.011
-443778.750,-1172309.270,357.800,0.013
-443772.930,-1172315.110,361.820,0.024
-443773.150,-1172314.900,361.680,0.035
-443773.390,-1172314.690,361.590,0.047
-443774.140,-1172311.950,359.890,0.010
-443774.850,-1172311.310,359.570,0.019
-443775.100,-1172311.080,359.470,0.015
-443772.260,-1172314.270,361.210,0.014
-443772.480,-1172314.070,361.060,0.013
-443772.960,-1172313.630,360.820,0.020
-443773.680,-1172312.980,360.490,0.017
-443773.900,-1172312.780,360.370,0.008
-443774.150,-1172312.550,360.260,0.019
-443774.400,-1172312.320,360.140,0.025
-443774.640,-1172312.100,360.030,0.028
-443774.880,-1172311.880,359.900,0.027
-443775.130,-1172311.650,359.780,0.019
-443775.350,-1172311.450,359.670,0.014
-443770.300,-1172315.080,361.630,0.023
-443770.540,-1172314.870,361.510,0.046
-443770.790,-1172314.640,361.380,0.011
-443771.010,-1172314.430,361.270,0.013
-443771.250,-1172314.210,361.130,0.012
-443771.740,-1172313.760,360.890,0.016
-443771.970,-1172313.560,360.780,0.011
-443772.210,-1172313.340,360.650,0.019
-443772.430,-1172313.140,360.520,0.040
-443772.910,-1172312.700,360.300,0.014
-443773.130,-1172312.500,360.170,0.008
-443773.360,-1172312.290,360.080,0.007
-443773.600,-1172312.070,359.970,0.017
-443774.060,-1172311.650,359.730,0.007
-443774.290,-1172311.440,359.620,0.017
-443774.770,-1172311.010,359.420,0.018
-443775.020,-1172310.780,359.310,0.011
-443775.250,-1172310.560,359.160,0.011
-443773.180,-1172312.840,360.380,0.020
-443769.760,-1172315.070,361.600,0.060
-443770.700,-1172314.210,361.080,0.019
-443770.930,-1172314.000,360.980,0.012
-443771.400,-1172313.580,360.710,0.033
-443771.860,-1172313.160,360.450,0.008
-443772.090,-1172312.950,360.340,0.016
-443774.230,-1172310.990,359.310,0.017
-443775.160,-1172310.150,358.870,0.010
-443769.480,-1172315.060,361.520,0.021
-443769.730,-1172314.840,361.410,0.036
-443771.140,-1172313.550,360.660,0.034
-443771.380,-1172313.330,360.520,0.019
-443773.270,-1172311.600,359.590,0.024
-443773.510,-1172311.380,359.470,0.019
-443773.750,-1172311.170,359.360,0.015
-443774.000,-1172310.940,359.260,0.015
-443774.930,-1172310.090,358.820,0.018
-443772.340,-1172311.540,359.480,0.028
-443772.580,-1172311.320,359.360,0.022
-443772.820,-1172311.100,359.230,0.013
-443773.530,-1172310.450,358.920,0.015
-443774.010,-1172310.020,358.700,0.026
-443774.250,-1172309.800,358.570,0.030
-443774.720,-1172309.370,358.350,0.016
-443768.750,-1172315.150,361.570,0.022
-443768.970,-1172314.950,361.450,0.041
-443769.430,-1172314.530,361.190,0.013
-443769.660,-1172314.320,361.070,0.032
-443769.900,-1172314.100,360.950,0.039
-443770.370,-1172313.680,360.700,0.022
-443770.610,-1172313.450,360.580,0.019
-443770.840,-1172313.250,360.470,0.016
-443771.550,-1172312.600,360.090,0.025
-443771.790,-1172312.380,359.980,0.021
-443772.030,-1172312.160,359.840,0.021
-443772.280,-1172311.930,359.700,0.019
-443772.500,-1172311.730,359.620,0.021
-443772.730,-1172311.520,359.510,0.016
-443773.450,-1172310.860,359.170,0.064
-443774.180,-1172310.200,358.830,0.035
-443768.130,-1172314.870,361.320,0.028
-443768.630,-1172314.410,361.060,0.037
-443770.020,-1172313.140,360.340,0.017
-443770.480,-1172312.720,360.130,0.024
-443770.940,-1172312.300,359.850,0.017
-443771.400,-1172311.880,359.630,0.008
-443771.640,-1172311.660,359.520,0.013
-443771.890,-1172311.440,359.380,0.020
-443772.570,-1172310.810,359.030,0.016
-443772.820,-1172310.580,358.910,0.017
-443773.310,-1172310.140,358.690,0.019
-443773.560,-1172309.910,358.570,0.026
-443774.040,-1172309.470,358.350,0.026
-443768.600,-1172314.950,361.430,0.026
-443769.990,-1172313.690,360.680,0.027
-443770.210,-1172313.480,360.560,0.023
-443770.450,-1172313.270,360.440,0.020
-443771.150,-1172312.620,360.080,0.018
-443771.400,-1172312.400,359.940,0.020
-443771.620,-1172312.190,359.820,0.014
-443771.850,-1172311.990,359.730,0.019
-443767.230,-1172315.450,361.650,0.012
-443767.470,-1172315.240,361.490,0.008
-443767.720,-1172315.000,361.390,0.010
-443767.950,-1172314.790,361.270,0.008
-443768.180,-1172314.590,361.160,0.010
-443768.650,-1172314.160,360.890,0.024
-443768.880,-1172313.950,360.770,0.022
-443769.350,-1172313.510,360.540,0.015
-443769.590,-1172313.300,360.400,0.021
-443770.310,-1172312.640,360.040,0.010
-443770.540,-1172312.440,359.930,0.016
-443771.010,-1172312.010,359.690,0.012
-443771.470,-1172311.580,359.470,0.013
-443771.700,-1172311.380,359.350,0.016
-443771.950,-1172311.150,359.220,0.018
-443772.390,-1172310.740,359.000,0.027
-443772.640,-1172310.520,358.900,0.017
-443772.860,-1172310.310,358.780,0.021
-443766.790,-1172315.300,361.530,0.025
-443767.020,-1172315.090,361.420,0.013
-443768.900,-1172313.380,360.420,0.020
-443769.610,-1172312.720,360.060,0.028
-443769.850,-1172312.510,359.950,0.034
-443770.090,-1172312.280,359.810,0.011
-443771.050,-1172311.420,359.350,0.017
-443771.750,-1172310.770,358.990,0.009
-443771.970,-1172310.570,358.860,0.016
-443772.200,-1172310.360,358.780,0.019
-443772.680,-1172309.920,358.520,0.014
-443772.910,-1172309.710,358.440,0.018
-443773.140,-1172309.510,358.320,0.014
-443766.450,-1172315.350,361.560,0.022
-443767.370,-1172314.520,361.050,0.015
-443767.620,-1172314.290,360.920,0.041
-443769.290,-1172312.760,360.080,0.057
-443769.750,-1172312.350,359.820,0.017
-443769.980,-1172312.140,359.720,0.005
-443770.210,-1172311.920,359.600,0.006
-443770.450,-1172311.710,359.470,0.022
-443770.690,-1172311.490,359.360,0.025
-443771.170,-1172311.050,359.100,0.019
-443771.890,-1172310.400,358.770,0.013
-443772.130,-1172310.180,358.660,0.012
-443772.350,-1172309.970,358.550,0.009
-443772.590,-1172309.750,358.410,0.012
-443767.250,-1172314.180,360.830,0.047
-443767.690,-1172313.770,360.600,0.017
-443768.400,-1172313.130,360.230,0.026
-443768.890,-1172312.680,359.990,0.045
-443769.120,-1172312.470,359.880,0.029
-443769.350,-1172312.260,359.770,0.022
-443769.580,-1172312.050,359.620,0.017
-443769.840,-1172311.820,359.500,0.010
-443770.090,-1172311.590,359.410,0.025
-443770.310,-1172311.380,359.280,0.036
-443771.000,-1172310.760,358.920,0.017
-443771.240,-1172310.540,358.810,0.029
-443769.980,-1172310.730,358.850,0.010
-443770.240,-1172310.490,358.730,0.015
-443770.470,-1172310.280,358.620,0.024
-443770.690,-1172310.080,358.500,0.014
-443770.920,-1172309.870,358.380,0.024
-443771.170,-1172309.640,358.240,0.018
-443765.430,-1172315.590,361.700,0.033
-443765.900,-1172315.170,361.380,0.014
-443766.130,-1172314.950,361.240,0.015
-443766.360,-1172314.740,361.120,0.024
-443766.600,-1172314.530,360.990,0.029
-443766.840,-1172314.310,360.890,0.021
-443767.520,-1172313.680,360.470,0.027
-443768.220,-1172313.050,360.140,0.020
-443768.920,-1172312.410,359.790,0.026
-443769.150,-1172312.200,359.680,0.016
-443769.400,-1172311.980,359.570,0.016
-443769.860,-1172311.560,359.320,0.025
-443770.090,-1172311.340,359.210,0.029
-443770.330,-1172311.120,359.080,0.018
-443770.570,-1172310.910,358.940,0.012
-443771.060,-1172310.450,358.720,0.027
-443771.540,-1172310.020,358.490,0.020
-443771.770,-1172309.810,358.410,0.018
-443772.240,-1172309.380,358.150,0.022
-443772.470,-1172309.170,357.980,0.030
-443765.570,-1172314.270,360.840,0.014
-443765.800,-1172314.070,360.720,0.020
-443766.030,-1172313.860,360.600,0.024
-443766.260,-1172313.640,360.490,0.016
-443766.480,-1172313.440,360.340,0.016
-443766.730,-1172313.210,360.230,0.017
-443766.960,-1172313.010,360.090,0.012
-443767.190,-1172312.800,359.950,0.016
-443767.440,-1172312.560,359.860,0.020
-443767.680,-1172312.350,359.710,0.012
-443767.910,-1172312.140,359.610,0.011
-443768.150,-1172311.920,359.460,0.010
-443768.380,-1172311.710,359.380,0.006
-443768.620,-1172311.490,359.240,0.017
-443769.070,-1172311.080,359.010,0.027
-443769.780,-1172310.440,358.660,0.012
-443767.890,-1172312.630,359.880,0.010
-443768.120,-1172312.430,359.790,0.015
-443768.820,-1172311.790,359.440,0.006
-443769.260,-1172311.380,359.200,0.011
-443769.520,-1172311.150,359.080,0.012
-443765.580,-1172313.630,360.400,0.022
-443766.970,-1172312.360,359.650,0.011
-443768.180,-1172311.250,359.050,0.016
-443768.650,-1172310.830,358.820,0.016
-443768.910,-1172310.590,358.720,0.016
-443769.140,-1172310.380,358.590,0.038
-443765.710,-1172312.540,359.700,0.028
-443767.130,-1172311.240,358.980,0.020
-443767.610,-1172310.810,358.770,0.016
-443768.110,-1172310.350,358.510,0.012
-443764.980,-1172313.840,360.630,0.052
-443766.100,-1172312.820,359.880,0.025
-443766.820,-1172312.160,359.530,0.016
-443767.550,-1172311.490,359.150,0.013
-443767.760,-1172311.300,359.050,0.015
-443768.000,-1172311.080,358.930,0.020
-443768.250,-1172310.860,358.800,0.043
-443768.490,-1172310.640,358.690,0.014
-443768.960,-1172310.210,358.450,0.044
-443765.350,-1172312.030,359.390,0.021
-443765.570,-1172311.840,359.260,0.030
-443765.790,-1172311.630,359.130,0.029
-443766.040,-1172311.410,359.040,0.019
-443766.710,-1172310.790,358.660,0.014
-443765.590,-1172312.320,359.570,0.027
-443765.810,-1172312.120,359.450,0.030
-443766.050,-1172311.900,359.340,0.017
-443766.290,-1172311.690,359.230,0.019
-443766.760,-1172311.260,358.960,0.014
-443767.220,-1172310.830,358.730,0.016
-443767.470,-1172310.610,358.620,0.018
-443765.180,-1172311.870,359.280,0.009
-443765.400,-1172311.670,359.160,0.026
-443765.890,-1172311.220,358.900,0.017
-443766.130,-1172311.000,358.770,0.010
-443766.600,-1172310.580,358.540,0.018
-443766.830,-1172310.370,358.410,0.020
-443765.480,-1172310.610,358.470,0.017
-443765.720,-1172310.390,358.350,0.014
-443765.220,-1172311.250,358.900,0.030
-443765.920,-1172310.610,358.500,0.015
-443766.160,-1172310.390,358.400,0.019
-443764.980,-1172310.210,358.220,0.011
-443771.790,-1172293.890,359.130,0.077
-443771.600,-1172293.570,358.820,0.062
-443745.700,-1172316.560,360.960,0.034
-443745.940,-1172316.340,360.830,0.025
-443746.640,-1172315.710,360.480,0.022
-443746.920,-1172315.180,360.130,0.020
-443770.330,-1172293.740,358.820,0.068
-443744.980,-1172316.440,360.800,0.011
-443745.220,-1172316.220,360.670,0.016
-443745.660,-1172315.820,360.450,0.033
-443745.890,-1172315.610,360.320,0.017
-443746.370,-1172315.170,360.090,0.033
-443747.790,-1172313.860,359.360,0.017
-443748.010,-1172313.660,359.250,0.023
-443748.250,-1172313.440,359.110,0.025
-443748.490,-1172313.230,358.980,0.029
-443769.820,-1172293.680,358.800,0.049
-443747.430,-1172313.730,359.240,0.012
-443748.150,-1172313.070,358.850,0.015
-443748.850,-1172312.430,358.520,0.025
-443747.110,-1172313.560,359.140,0.029
-443748.500,-1172312.280,358.380,0.033
-443748.990,-1172311.840,358.150,0.029
-443768.220,-1172294.210,359.150,0.026
-443744.740,-1172315.730,360.300,0.012
-443745.230,-1172315.280,360.080,0.029
-443745.710,-1172314.840,359.830,0.018
-443746.640,-1172313.990,359.320,0.015
-443746.870,-1172313.780,359.250,0.028
-443744.720,-1172315.410,360.100,0.013
-443744.950,-1172315.210,359.990,0.015
-443745.170,-1172315.000,359.870,0.020
-443745.400,-1172314.790,359.760,0.008
-443745.650,-1172314.570,359.620,0.017
-443745.890,-1172314.350,359.480,0.017
-443746.360,-1172313.910,359.260,0.013
-443746.850,-1172313.470,359.010,0.025
-443748.460,-1172311.990,358.160,0.035
-443746.790,-1172313.030,358.720,0.006
-443747.030,-1172312.800,358.620,0.008
-443747.270,-1172312.590,358.460,0.012
-443742.540,-1172316.920,360.960,0.031
-443743.010,-1172316.490,360.700,0.023
-443743.720,-1172315.840,360.300,0.020
-443742.170,-1172316.870,360.910,0.012
-443742.620,-1172316.460,360.680,0.021
-443742.850,-1172316.260,360.540,0.010
-443746.390,-1172313.010,358.670,0.011
-443746.620,-1172312.800,358.550,0.016
-443746.850,-1172312.590,358.450,0.023
-443747.340,-1172312.140,358.210,0.026
-443767.240,-1172293.900,358.790,0.051
-443741.520,-1172316.990,360.950,0.026
-443744.320,-1172314.420,359.440,0.018
-443745.720,-1172313.140,358.740,0.020
-443746.690,-1172312.250,358.250,0.026
-443740.920,-1172317.120,360.990,0.025
-443743.270,-1172314.970,359.720,0.008
-443743.740,-1172314.540,359.460,0.008
-443743.970,-1172314.320,359.350,0.009
-443744.190,-1172314.120,359.230,0.010
-443744.420,-1172313.910,359.100,0.014
-443744.650,-1172313.700,358.990,0.027
-443744.900,-1172313.480,358.860,0.021
-443745.130,-1172313.270,358.770,0.011
-443745.360,-1172313.060,358.640,0.008
-443746.070,-1172312.400,358.300,0.011
-443738.680,-1172318.580,361.690,0.010
-443738.910,-1172318.360,361.580,0.019
-443739.140,-1172318.160,361.430,0.051
-443739.370,-1172317.950,361.330,0.048
-443739.620,-1172317.710,361.210,0.021
-443740.080,-1172317.290,360.970,0.017
-443740.820,-1172316.620,360.660,0.036
-443741.990,-1172315.540,360.020,0.014
-443742.230,-1172315.320,359.890,0.012
-443742.470,-1172315.110,359.760,0.012
-443743.890,-1172313.800,359.020,0.010
-443737.670,-1172318.970,361.890,0.028
-443737.900,-1172318.760,361.750,0.041
-443738.150,-1172318.540,361.630,0.041
-443738.370,-1172318.330,361.510,0.030
-443738.820,-1172317.920,361.260,0.036
-443739.520,-1172317.280,360.900,0.025
-443739.760,-1172317.060,360.810,0.034
-443741.900,-1172315.090,359.720,0.008
-443737.550,-1172318.600,361.620,0.017
-443737.800,-1172318.370,361.500,0.019
-443738.030,-1172318.160,361.370,0.025
-443738.740,-1172317.510,361.010,0.016
-443738.970,-1172317.290,360.900,0.015
-443739.660,-1172316.660,360.530,0.018
-443739.880,-1172316.460,360.410,0.041
-443740.610,-1172315.790,360.130,0.028
-443740.830,-1172315.590,359.960,0.011
-443741.320,-1172315.140,359.720,0.020
-443742.260,-1172314.280,359.210,0.017
-443743.220,-1172313.400,358.700,0.023
-443743.450,-1172313.180,358.610,0.032
-443744.370,-1172312.350,358.030,0.048
-443737.680,-1172318.110,361.310,0.017
-443738.160,-1172317.670,361.050,0.025
-443738.390,-1172317.460,360.930,0.025
-443738.870,-1172317.020,360.670,0.025
-443739.110,-1172316.790,360.540,0.030
-443739.340,-1172316.580,360.410,0.021
-443739.600,-1172316.350,360.310,0.028
-443740.540,-1172315.490,359.910,0.048
-443743.320,-1172312.930,358.380,0.014
-443739.750,-1172315.740,359.940,0.012
-443741.410,-1172314.220,359.120,0.014
-443742.550,-1172313.170,358.510,0.013
-443743.040,-1172312.720,358.300,0.020
-443743.280,-1172312.510,358.170,0.025
-443736.670,-1172318.560,361.550,0.034
-443737.150,-1172318.130,361.320,0.043
-443737.390,-1172317.900,361.160,0.044
-443737.650,-1172317.670,361.060,0.020
-443737.870,-1172317.460,360.920,0.014
-443738.100,-1172317.260,360.810,0.015
-443738.340,-1172317.040,360.690,0.014
-443735.900,-1172318.870,361.740,0.013
-443736.140,-1172318.650,361.600,0.027
-443736.850,-1172318.000,361.200,0.031
-443737.310,-1172317.580,361.000,0.016
-443737.540,-1172317.370,360.870,0.025
-443738.260,-1172316.700,360.470,0.009
-443738.510,-1172316.480,360.350,0.008
-443738.740,-1172316.260,360.230,0.011
-443739.190,-1172315.860,359.980,0.016
-443739.910,-1172315.190,359.640,0.031
-443740.440,-1172314.710,359.480,0.035
-443740.660,-1172314.510,359.280,0.009
-443741.120,-1172314.080,359.030,0.018
-443741.350,-1172313.880,358.910,0.014
-443741.590,-1172313.650,358.770,0.014
-443742.280,-1172313.020,358.430,0.012
-443737.590,-1172316.980,360.590,0.024
-443737.820,-1172316.760,360.460,0.022
-443738.300,-1172316.330,360.230,0.021
-443738.770,-1172315.890,359.980,0.017
-443739.260,-1172315.450,359.720,0.022
-443739.730,-1172315.020,359.510,0.020
-443739.960,-1172314.800,359.380,0.031
-443740.680,-1172314.140,359.030,0.013
-443741.150,-1172313.710,358.780,0.014
-443741.640,-1172313.260,358.520,0.017
-443734.560,-1172319.340,361.900,0.023
-443735.990,-1172318.030,361.160,0.019
-443736.210,-1172317.830,361.020,0.018
-443736.460,-1172317.600,360.900,0.014
-443736.900,-1172317.190,360.660,0.031
-443737.140,-1172316.980,360.550,0.029
-443738.540,-1172315.690,359.840,0.018
-443739.240,-1172315.050,359.440,0.022
-443741.150,-1172313.290,358.480,0.024
-443734.770,-1172318.590,361.410,0.025
-443735.260,-1172318.130,361.170,0.039
-443737.840,-1172315.770,359.800,0.066
-443738.070,-1172315.560,359.690,0.023
-443738.770,-1172314.920,359.330,0.027
-443739.230,-1172314.490,359.100,0.017
-443739.470,-1172314.280,358.950,0.028
-443740.440,-1172313.390,358.550,0.032
-443733.220,-1172319.490,361.910,0.050
-443733.920,-1172318.850,361.530,0.024
-443734.650,-1172318.180,361.170,0.010
-443734.880,-1172317.960,361.050,0.036
-443735.340,-1172317.540,360.800,0.022
-443738.630,-1172314.520,359.080,0.015
-443732.720,-1172319.540,361.910,0.051
-443733.630,-1172318.700,361.420,0.016
-443733.880,-1172318.480,361.310,0.029
-443737.670,-1172314.990,359.290,0.019
-443737.920,-1172314.770,359.190,0.016
-443738.860,-1172313.900,358.690,0.014
-443739.070,-1172313.710,358.570,0.013
-443735.370,-1172316.760,360.260,0.014
-443735.600,-1172316.550,360.170,0.013
-443735.840,-1172316.330,360.020,0.020
-443736.080,-1172316.110,359.870,0.022
-443736.330,-1172315.890,359.770,0.017
-443736.580,-1172315.660,359.610,0.019
-443736.820,-1172315.440,359.520,0.023
-443737.050,-1172315.230,359.390,0.022
-443737.270,-1172315.020,359.280,0.016
-443737.750,-1172314.590,359.040,0.022
-443737.980,-1172314.370,358.900,0.024
-443738.220,-1172314.150,358.820,0.020
-443738.460,-1172313.930,358.660,0.020
-443738.950,-1172313.480,358.420,0.021
-443732.820,-1172319.110,361.640,0.010
-443733.040,-1172318.900,361.510,0.006
-443733.270,-1172318.690,361.400,0.009
-443733.500,-1172318.480,361.280,0.006
-443733.970,-1172318.050,361.030,0.024
-443734.190,-1172317.850,360.900,0.026
-443734.660,-1172317.420,360.650,0.020
-443734.900,-1172317.190,360.510,0.024
-443732.280,-1172319.190,361.670,0.020
-443732.530,-1172318.960,361.540,0.022
-443732.750,-1172318.770,361.430,0.026
-443733.240,-1172318.320,361.170,0.022
-443733.470,-1172318.110,361.040,0.027
-443734.370,-1172317.270,360.570,0.035
-443734.620,-1172317.050,360.450,0.036
-443735.790,-1172315.970,359.810,0.037
-443736.040,-1172315.750,359.690,0.034
-443737.710,-1172314.210,358.830,0.014
-443737.930,-1172314.010,358.710,0.013
-443738.150,-1172313.800,358.610,0.019
-443738.400,-1172313.580,358.480,0.032
-443736.190,-1172315.190,359.340,0.024
-443736.900,-1172314.550,358.960,0.025
-443737.130,-1172314.340,358.850,0.033
-443737.360,-1172314.120,358.740,0.025
-443737.850,-1172313.670,358.490,0.011
-443731.800,-1172318.850,361.380,0.014
-443732.050,-1172318.620,361.250,0.029
-443732.300,-1172318.390,361.110,0.024
-443732.530,-1172318.180,361.010,0.022
-443733.460,-1172317.320,360.510,0.023
-443733.940,-1172316.880,360.270,0.019
-443734.180,-1172316.660,360.120,0.022
-443734.420,-1172316.440,359.990,0.029
-443735.120,-1172315.800,359.650,0.015
-443735.350,-1172315.590,359.520,0.020
-443735.590,-1172315.370,359.400,0.014
-443735.820,-1172315.150,359.270,0.013
-443736.050,-1172314.940,359.170,0.023
-443736.270,-1172314.740,359.040,0.020
-443736.510,-1172314.520,358.910,0.032
-443736.970,-1172314.100,358.690,0.023
-443737.450,-1172313.660,358.430,0.029
-443732.160,-1172318.050,360.870,0.018
-443732.410,-1172317.820,360.730,0.022
-443734.060,-1172316.300,359.860,0.030
-443735.250,-1172315.210,359.230,0.021
-443736.430,-1172314.130,358.640,0.027
-443736.660,-1172313.920,358.530,0.028
-443731.630,-1172318.010,360.830,0.019
-443732.110,-1172317.560,360.580,0.016
-443732.800,-1172316.930,360.200,0.020
-443733.040,-1172316.710,360.070,0.027
-443733.290,-1172316.480,359.990,0.027
-443734.240,-1172315.610,359.470,0.021
-443734.940,-1172314.970,359.120,0.021
-443735.180,-1172314.740,358.970,0.020
-443735.420,-1172314.520,358.850,0.033
-443731.220,-1172317.780,360.660,0.028
-443731.680,-1172317.350,360.400,0.019
-443733.100,-1172316.050,359.660,0.027
-443734.530,-1172314.740,358.930,0.033
-443734.780,-1172314.510,358.800,0.021
-443730.830,-1172317.700,360.590,0.021
-443731.980,-1172316.640,359.980,0.032
-443732.900,-1172315.800,359.500,0.033
-443734.090,-1172314.710,358.880,0.045
-443734.560,-1172314.270,358.630,0.029
-443735.050,-1172313.830,358.390,0.025
-443730.970,-1172317.180,360.210,0.037
-443731.200,-1172316.960,360.080,0.027
-443731.930,-1172316.290,359.690,0.021
-443732.150,-1172316.090,359.570,0.028
-443732.400,-1172315.870,359.460,0.027
-443733.310,-1172315.030,359.010,0.017
-443733.770,-1172314.610,358.740,0.026
-443734.010,-1172314.380,358.640,0.020
-443734.960,-1172313.510,358.140,0.032
-443731.040,-1172316.670,359.910,0.018
-443731.530,-1172316.220,359.650,0.026
-443732.490,-1172315.340,359.160,0.024
-443730.290,-1172316.820,359.950,0.045
-443731.480,-1172315.730,359.330,0.017
-443731.710,-1172315.520,359.200,0.020
-443732.670,-1172314.640,358.720,0.023
-443732.900,-1172314.420,358.590,0.017
-443733.140,-1172314.200,358.440,0.020
-443730.230,-1172316.420,359.720,0.046
-443730.470,-1172316.200,359.600,0.062
-443730.690,-1172316.000,359.460,0.024
-443730.320,-1172315.860,359.320,0.025
-443730.800,-1172315.420,359.070,0.022
-443731.030,-1172315.210,358.950,0.025
-443731.500,-1172314.780,358.720,0.030
-443731.740,-1172314.560,358.580,0.034
-443731.970,-1172314.350,358.440,0.029
-443730.130,-1172315.550,359.130,0.020
-443731.290,-1172314.480,358.480,0.036
-443724.450,-1172320.230,359.090,0.085
-443725.610,-1172319.170,358.400,0.042
-443726.100,-1172318.710,358.130,0.045
-443726.340,-1172318.500,358.010,0.060
-443730.840,-1172314.360,358.400,0.019
-443724.050,-1172320.220,359.040,0.052
-443730.420,-1172314.360,358.350,0.033
-443730.920,-1172313.910,358.110,0.022
-443723.570,-1172320.260,359.020,0.051
-443724.970,-1172318.540,357.890,0.015
-443725.900,-1172317.690,357.390,0.018
-443722.440,-1172320.400,359.080,0.029
-443722.670,-1172320.190,358.940,0.027
-443724.070,-1172318.910,358.080,0.019
-443724.360,-1172318.300,357.660,0.024
-443722.310,-1172319.750,358.530,0.050
-443723.470,-1172318.670,357.860,0.026
-443724.170,-1172318.030,357.420,0.026
-443724.650,-1172317.590,357.160,0.026
-443721.130,-1172320.350,358.880,0.042
-443725.040,-1172316.740,356.600,0.033
-443721.010,-1172319.830,358.510,0.022
-443725.400,-1172315.790,355.950,0.018
-443721.620,-1172318.830,357.840,0.030
-443721.850,-1172318.620,357.710,0.026
-443722.100,-1172318.390,357.580,0.035
-443724.170,-1172316.490,356.360,0.019
-443725.110,-1172315.630,355.820,0.032
-443725.320,-1172315.430,355.690,0.067
-443722.600,-1172316.960,356.610,0.025
-443723.300,-1172316.310,356.180,0.025
-443723.540,-1172316.100,356.030,0.022
-443720.510,-1172316.390,358.070,0.036
-443720.720,-1172316.190,357.960,0.033
-443720.310,-1172316.200,357.930,0.037
-443720.530,-1172316.000,357.820,0.056
-443720.760,-1172315.780,357.710,0.050
-443721.240,-1172315.340,357.420,0.085
-443720.740,-1172315.390,357.420,0.053
-443739.050,-1172290.820,359.080,0.056
-443738.550,-1172290.910,359.160,0.021
-443734.920,-1172290.990,358.850,0.066
-443728.390,-1172295.670,357.570,0.051
-443727.240,-1172294.190,355.810,0.045
-443723.750,-1172295.830,357.160,0.067
-443720.890,-1172294.080,358.030,0.030
-443720.060,-1172294.320,358.110,0.024
-443720.540,-1172293.890,357.900,0.037
-443719.120,-1172294.200,357.930,0.037
-443719.340,-1172293.990,357.850,0.028
-443719.560,-1172293.780,357.720,0.029
-443720.040,-1172293.350,357.520,0.032
-443718.530,-1172294.320,357.960,0.028
-443719.250,-1172293.650,357.630,0.032
-443719.730,-1172293.210,357.380,0.016
-443719.970,-1172292.990,357.270,0.027
-443720.430,-1172292.560,357.040,0.014
-443720.650,-1172292.360,356.930,0.015
-443718.620,-1172293.720,357.610,0.018
-443718.880,-1172293.480,357.500,0.021
-443719.150,-1172292.680,357.040,0.054
-443718.490,-1172292.820,357.050,0.042
-443718.980,-1172292.370,356.840,0.020
-443719.700,-1172291.710,356.450,0.027
-443719.920,-1172291.500,356.350,0.025
-443720.160,-1172291.280,356.220,0.035
-443719.690,-1172291.260,356.150,0.046
-443720.190,-1172290.800,355.910,0.025
-443719.240,-1172291.150,356.090,0.032
-443718.560,-1172290.780,355.790,0.027
-443713.830,-1172336.550,360.890,0.037
-443707.070,-1172337.230,360.850,0.037
-443720.290,-1172320.490,358.880,0.020
-443713.100,-1172326.680,360.600,0.076
-443719.800,-1172317.050,358.470,0.050
-443720.020,-1172316.840,358.360,0.041
-443718.850,-1172317.540,358.730,0.028
-443719.350,-1172317.080,358.460,0.025
-443719.100,-1172317.690,358.850,0.031
-443719.340,-1172317.460,358.720,0.028
-443719.020,-1172316.520,358.080,0.022
-443719.250,-1172316.320,357.950,0.021
-443719.470,-1172316.110,357.810,0.017
-443719.700,-1172315.900,357.690,0.017
-443720.180,-1172315.460,357.430,0.045
-443719.570,-1172316.470,358.060,0.023
-443718.970,-1172315.690,357.500,0.027
-443719.200,-1172315.480,357.360,0.030
-443713.180,-1172321.400,362.050,0.040
-443715.240,-1172319.500,360.690,0.025
-443719.000,-1172316.040,357.770,0.031
-443714.160,-1172319.700,360.760,0.018
-443717.920,-1172316.240,357.800,0.022
-443718.630,-1172315.590,357.430,0.017
-443713.370,-1172320.850,361.620,0.040
-443714.720,-1172319.600,360.760,0.023
-443714.960,-1172319.380,360.600,0.032
-443717.780,-1172316.790,358.160,0.024
-443712.990,-1172319.710,360.670,0.020
-443716.960,-1172316.060,357.580,0.041
-443711.490,-1172321.670,362.070,0.083
-443713.560,-1172319.760,360.760,0.032
-443717.520,-1172316.110,357.690,0.034
-443717.760,-1172315.890,357.540,0.034
-443718.000,-1172315.670,357.440,0.015
-443711.770,-1172320.470,361.170,0.029
-443712.460,-1172319.840,360.750,0.016
-443711.500,-1172319.840,360.650,0.024
-443709.160,-1172321.050,361.410,0.054
-443710.050,-1172320.230,360.850,0.019
-443707.090,-1172320.730,360.970,0.035
-443712.320,-1172315.910,360.100,0.091
-443708.010,-1172320.290,360.700,0.037
-443709.690,-1172316.150,359.970,0.048
-443710.830,-1172315.940,360.000,0.069
-443705.830,-1172317.820,358.400,0.057
-443718.290,-1172294.540,358.060,0.034
-443717.700,-1172294.570,358.100,0.017
-443717.940,-1172294.350,357.940,0.028
-443718.390,-1172293.930,357.730,0.023
-443717.030,-1172294.640,358.120,0.015
-443717.250,-1172294.440,357.970,0.023
-443717.970,-1172293.770,357.580,0.024
-443716.630,-1172294.080,357.690,0.042
-443716.860,-1172293.870,357.560,0.035
-443717.090,-1172293.660,357.450,0.024
-443717.550,-1172293.230,357.210,0.017
-443717.790,-1172293.010,357.080,0.019
-443716.840,-1172294.350,357.900,0.026
-443717.070,-1172294.130,357.790,0.017
-443717.300,-1172293.920,357.650,0.025
-443718.240,-1172293.050,357.190,0.022
-443715.210,-1172294.860,358.050,0.026
-443715.470,-1172294.630,357.940,0.030
-443715.950,-1172294.180,357.700,0.034
-443716.170,-1172293.980,357.570,0.035
-443717.120,-1172293.100,357.120,0.028
-443717.590,-1172292.670,356.880,0.029
-443717.820,-1172292.460,356.780,0.036
-443714.430,-1172295.020,358.080,0.035
-443715.360,-1172294.160,357.640,0.018
-443716.330,-1172293.270,357.160,0.023
-443716.810,-1172292.820,356.920,0.022
-443717.050,-1172292.600,356.820,0.025
-443716.200,-1172292.550,356.700,0.023
-443716.440,-1172292.330,356.570,0.024
-443716.660,-1172292.120,356.450,0.019
-443716.900,-1172291.900,356.360,0.013
-443717.130,-1172291.690,356.240,0.028
-443714.040,-1172294.950,358.020,0.019
-443714.280,-1172294.740,357.910,0.020
-443714.510,-1172294.520,357.780,0.021
-443714.750,-1172294.300,357.670,0.022
-443715.720,-1172293.400,357.190,0.021
-443715.950,-1172293.190,357.080,0.021
-443716.650,-1172292.540,356.750,0.029
-443717.140,-1172292.090,356.500,0.044
-443717.370,-1172291.880,356.380,0.034
-443718.090,-1172291.210,356.020,0.028
-443712.980,-1172295.080,358.070,0.056
-443713.680,-1172294.430,357.680,0.019
-443714.610,-1172293.580,357.210,0.022
-443715.100,-1172293.130,357.000,0.021
-443715.570,-1172292.690,356.790,0.026
-443715.810,-1172292.470,356.650,0.018
-443716.040,-1172292.250,356.540,0.017
-443716.280,-1172292.040,356.430,0.016
-443716.510,-1172291.830,356.270,0.012
-443717.470,-1172290.940,355.800,0.065
-443713.570,-1172294.980,358.000,0.034
-443714.520,-1172294.100,357.530,0.032
-443714.990,-1172293.670,357.300,0.021
-443715.950,-1172292.780,356.830,0.046
-443712.480,-1172295.130,358.100,0.021
-443712.720,-1172294.910,357.950,0.006
-443713.890,-1172293.830,357.330,0.016
-443714.370,-1172293.390,357.120,0.024
-443714.600,-1172293.170,356.990,0.021
-443714.830,-1172292.960,356.880,0.020
-443715.760,-1172292.100,356.430,0.013
-443716.230,-1172291.670,356.170,0.008
-443716.710,-1172291.220,355.940,0.015
-443716.950,-1172291.000,355.820,0.013
-443712.820,-1172294.510,357.700,0.008
-443713.290,-1172294.070,357.430,0.029
-443713.530,-1172293.850,357.310,0.014
-443713.760,-1172293.630,357.200,0.016
-443714.010,-1172293.410,357.080,0.020
-443714.260,-1172293.170,356.970,0.022
-443714.480,-1172292.970,356.840,0.018
-443714.720,-1172292.750,356.730,0.018
-443714.960,-1172292.530,356.610,0.022
-443715.210,-1172292.290,356.490,0.015
-443715.430,-1172292.090,356.370,0.014
-443715.650,-1172291.890,356.270,0.011
-443715.890,-1172291.670,356.150,0.011
-443716.130,-1172291.450,356.040,0.014
-443716.350,-1172291.240,355.890,0.012
-443716.820,-1172290.810,355.690,0.013
-443712.860,-1172293.540,357.080,0.020
-443713.610,-1172292.850,356.750,0.019
-443714.100,-1172292.390,356.510,0.017
-443714.550,-1172291.980,356.260,0.040
-443715.030,-1172291.540,356.030,0.022
-443715.270,-1172291.320,355.910,0.015
-443715.480,-1172291.120,355.790,0.013
-443715.750,-1172290.870,355.670,0.017
-443713.120,-1172293.810,357.260,0.014
-443713.350,-1172293.600,357.160,0.009
-443713.810,-1172293.170,356.920,0.015
-443714.050,-1172292.950,356.820,0.016
-443714.300,-1172292.720,356.680,0.019
-443714.520,-1172292.510,356.570,0.052
-443714.760,-1172292.300,356.430,0.060
-443715.490,-1172291.620,356.090,0.011
-443711.970,-1172293.800,357.230,0.048
-443712.200,-1172293.590,357.120,0.033
-443713.170,-1172292.700,356.630,0.035
-443714.110,-1172291.830,356.150,0.027
-443714.840,-1172291.160,355.800,0.016
-443715.070,-1172290.940,355.670,0.015
-443712.740,-1172292.240,356.280,0.020
-443712.970,-1172292.020,356.140,0.040
-443713.200,-1172291.810,356.040,0.061
-443713.410,-1172291.610,355.910,0.038
-443712.060,-1172293.280,356.900,0.021
-443712.290,-1172293.070,356.780,0.025
-443712.510,-1172292.860,356.680,0.026
-443712.760,-1172292.630,356.540,0.021
-443712.990,-1172292.420,356.420,0.022
-443713.210,-1172292.210,356.300,0.036
-443714.180,-1172291.320,355.850,0.043
-443714.390,-1172291.120,355.730,0.017
-443710.550,-1172293.760,357.120,0.013
-443710.760,-1172293.560,356.970,0.022
-443710.990,-1172293.350,356.850,0.027
-443711.710,-1172292.680,356.550,0.014
-443711.950,-1172292.460,356.410,0.037
-443712.670,-1172291.800,356.020,0.027
-443713.380,-1172291.150,355.680,0.021
-443711.090,-1172293.760,357.120,0.026
-443711.330,-1172293.540,356.980,0.027
-443711.800,-1172293.100,356.780,0.018
-443712.030,-1172292.890,356.630,0.017
-443712.260,-1172292.670,356.510,0.046
-443712.500,-1172292.450,356.400,0.027
-443710.650,-1172293.070,356.660,0.036
-443711.840,-1172291.970,356.080,0.022
-443712.070,-1172291.750,355.950,0.019
-443712.310,-1172291.530,355.820,0.018
-443710.650,-1172292.070,356.040,0.035
-443710.880,-1172291.860,355.900,0.018
-443711.130,-1172291.620,355.790,0.018
-443711.360,-1172291.420,355.660,0.027
-443712.010,-1172291.320,355.690,0.020
-443710.800,-1172291.380,355.620,0.028
-443706.110,-1172296.270,358.070,0.063
-443698.230,-1172292.060,359.020,0.043
-443851.130,-1172299.020,348.180,0.014
-443852.440,-1172300.440,348.790,0.018
-443795.430,-1172412.680,353.580,0.013
-443797.790,-1172411.040,353.110,0.027
-443796.950,-1172413.260,353.790,0.015
-443797.310,-1172410.590,352.890,0.019
-443798.980,-1172410.160,352.850,0.058
-443797.430,-1172412.850,353.660,0.048
-443846.900,-1172299.870,348.450,0.010
-443832.090,-1172302.860,354.690,0.029
-443831.480,-1172303.580,355.200,0.016
-443831.150,-1172302.730,354.730,0.034
-443831.010,-1172303.090,354.740,0.035
-443830.810,-1172302.850,354.780,0.038
-443830.480,-1172303.740,355.260,0.016
-443830.110,-1172303.130,354.750,0.016
-443829.030,-1172303.190,354.790,0.038
-443827.080,-1172306.240,354.060,0.024
-443826.520,-1172307.750,355.230,0.009
-443827.250,-1172303.330,352.060,0.025
-443826.720,-1172304.740,352.970,0.049
-443826.360,-1172305.700,353.550,0.025
-443826.240,-1172305.370,353.550,0.037
-443826.170,-1172303.520,352.240,0.019
-443825.840,-1172304.410,352.720,0.017
-443824.760,-1172307.290,354.760,0.051
-443824.600,-1172307.720,355.000,0.089
-443824.390,-1172308.300,355.560,0.028
-443825.400,-1172303.310,352.070,0.019
-443825.230,-1172303.790,352.360,0.024
-443824.700,-1172303.640,352.120,0.020
-443823.440,-1172307.020,354.420,0.046
-443824.330,-1172303.670,352.230,0.025
-443823.690,-1172303.730,352.110,0.030
-443823.520,-1172303.580,352.180,0.033
-443819.750,-1172304.110,353.350,0.019
-443819.350,-1172303.880,353.160,0.019
-443818.970,-1172303.980,353.270,0.027
-443818.230,-1172304.290,353.480,0.069
-443817.180,-1172307.130,355.310,0.037
-443817.810,-1172304.560,353.410,0.022
-443817.470,-1172305.490,354.100,0.022
-443817.400,-1172304.220,353.400,0.031
-443817.260,-1172304.580,353.420,0.024
-443816.970,-1172304.430,353.430,0.024
-443724.750,-1172315.090,355.320,0.018
-443745.050,-1172338.600,353.100,0.096
-443748.770,-1172335.150,352.740,0.052
-443717.380,-1172290.570,355.540,0.013
-443712.460,-1172290.960,355.550,0.025
-443711.750,-1172290.460,355.110,0.019
-443711.140,-1172290.670,355.110,0.027
-443710.960,-1172291.150,355.540,0.027
-443710.670,-1172291.260,355.610,0.028
-443707.730,-1172292.200,354.260,0.014
-443841.330,-1172432.580,374.660,0.080
-443841.890,-1172399.470,374.270,0.029
-443838.470,-1172366.560,370.680,0.055
-443836.650,-1172366.590,370.650,0.055
-443835.770,-1172366.900,371.060,0.060
-443835.820,-1172366.740,370.630,0.059
-443835.450,-1172366.800,370.760,0.030
-443834.790,-1172366.700,370.710,0.038
-443832.070,-1172366.840,370.670,0.051
-443830.370,-1172366.810,370.650,0.045
-443828.770,-1172366.820,370.660,0.040
-443831.030,-1172353.740,370.650,0.025
-443757.880,-1172437.220,361.820,0.097
-443749.740,-1172437.780,361.750,0.087
-443739.910,-1172437.980,361.820,0.098
-443735.530,-1172437.950,361.450,0.059
-443707.510,-1172395.250,359.670,0.031
-443831.640,-1172305.690,356.730,0.021
-443828.170,-1172304.760,355.880,0.014
-443828.490,-1172304.620,355.720,0.050
-443828.300,-1172305.130,356.000,0.017
-443827.680,-1172308.590,356.000,0.030
-443829.920,-1172305.240,356.350,0.020
-443829.380,-1172306.670,357.330,0.020
-443830.460,-1172304.560,355.780,0.038
-443825.150,-1172308.290,355.610,0.015
-443813.940,-1172304.730,355.690,0.016
-443814.480,-1172304.770,355.900,0.037
-443812.670,-1172305.190,355.730,0.028
-443813.410,-1172305.110,355.860,0.014
-443813.050,-1172306.080,357.440,0.022
-443812.410,-1172305.230,355.900,0.021
-443811.020,-1172305.120,355.810,0.030
-443810.910,-1172305.420,355.730,0.044
-443797.990,-1172309.580,359.350,0.023
-443797.000,-1172312.250,360.850,0.086
-443798.160,-1172309.940,359.480,0.027
-443797.820,-1172310.860,360.000,0.029
-443797.650,-1172311.320,360.300,0.025
-443797.920,-1172307.230,357.820,0.022
-443797.590,-1172308.130,358.430,0.018
-443797.430,-1172308.560,358.600,0.012
-443796.780,-1172310.330,359.640,0.025
-443796.590,-1172310.830,359.990,0.018
-443796.260,-1172311.730,360.570,0.014
-443797.440,-1172309.260,359.040,0.013
-443796.960,-1172310.560,359.750,0.023
-443796.770,-1172311.070,360.130,0.020
-443797.060,-1172306.930,357.660,0.021
-443795.710,-1172310.580,359.820,0.052
-443795.250,-1172311.840,360.480,0.021
-443797.080,-1172307.870,358.190,0.030
-443795.230,-1172308.150,358.220,0.029
-443795.070,-1172308.590,358.440,0.027
-443794.730,-1172309.500,358.960,0.033
-443796.160,-1172307.060,357.570,0.040
-443795.600,-1172308.590,358.720,0.038
-443795.130,-1172309.840,359.370,0.036
-443794.950,-1172310.340,359.730,0.044
-443794.300,-1172312.100,360.660,0.011
-443796.320,-1172307.190,357.620,0.026
-443795.480,-1172309.480,359.040,0.035
-443795.300,-1172309.960,359.340,0.026
-443795.140,-1172310.390,359.520,0.041
-443794.640,-1172311.770,360.440,0.012
-443794.480,-1172312.200,360.650,0.010
-443794.280,-1172307.990,358.150,0.033
-443793.980,-1172308.810,358.460,0.028
-443792.810,-1172311.970,360.400,0.033
-443794.420,-1172309.500,359.030,0.027
-443793.920,-1172310.880,359.940,0.045
-443793.220,-1172312.770,361.110,0.041
-443795.380,-1172307.730,358.000,0.037
-443792.650,-1172307.570,357.580,0.028
-443792.270,-1172308.620,358.460,0.042
-443791.620,-1172310.370,359.400,0.019
-443791.290,-1172311.260,359.870,0.028
-443791.130,-1172311.700,360.100,0.027
-443790.800,-1172312.590,360.630,0.014
-443790.610,-1172313.120,361.070,0.036
-443793.450,-1172306.970,357.360,0.020
-443792.110,-1172310.610,359.580,0.032
-443791.440,-1172312.420,360.660,0.020
-443793.400,-1172307.880,357.860,0.021
-443794.370,-1172306.900,357.360,0.032
-443792.870,-1172310.980,359.910,0.039
-443792.240,-1172312.700,360.860,0.014
-443789.440,-1172311.200,359.700,0.028
-443791.500,-1172307.550,357.580,0.026
-443790.860,-1172309.290,358.600,0.016
-443790.700,-1172309.710,358.810,0.024
-443790.030,-1172311.560,360.020,0.030
-443792.010,-1172307.130,357.430,0.025
-443791.550,-1172308.400,358.040,0.032
-443790.720,-1172310.640,359.350,0.021
-443790.380,-1172311.570,359.930,0.020
-443792.610,-1172307.130,357.450,0.023
-443792.410,-1172307.680,357.880,0.025
-443791.780,-1172309.390,358.700,0.029
-443791.080,-1172311.290,359.950,0.034
-443789.440,-1172308.330,357.960,0.012
-443790.040,-1172307.430,357.360,0.029
-443789.380,-1172309.240,358.510,0.029
-443790.580,-1172307.410,357.540,0.027
-443790.430,-1172307.810,357.730,0.020
-443790.280,-1172308.230,357.820,0.021
-443789.920,-1172309.220,358.580,0.032
-443789.760,-1172309.660,358.800,0.030
-443790.740,-1172307.650,357.580,0.024
-443790.400,-1172308.570,358.130,0.019
-443790.100,-1172309.390,358.480,0.031
-443789.930,-1172309.850,358.810,0.029
-443788.090,-1172310.370,359.280,0.018
-443785.290,-1172308.670,357.800,0.018
-443786.010,-1172308.420,357.850,0.013
-443785.150,-1172310.780,359.490,0.065
-443785.550,-1172312.110,359.960,0.018
-443784.330,-1172308.530,357.800,0.017
-443784.560,-1172308.760,357.830,0.017
-443783.710,-1172311.070,359.430,0.017
-443781.470,-1172309.220,357.950,0.016
-443782.190,-1172308.920,357.950,0.029
-443781.520,-1172310.750,359.050,0.010
-443782.570,-1172308.770,357.700,0.041
-443781.720,-1172311.080,359.210,0.012
-443779.690,-1172311.960,359.530,0.013
-443778.900,-1172311.520,359.260,0.009
-443779.370,-1172311.870,359.570,0.014
-443779.180,-1172310.130,358.510,0.019
-443774.930,-1172310.680,359.230,0.011
-443774.130,-1172313.650,360.960,0.036
-443773.790,-1172314.570,361.550,0.026
-443774.430,-1172310.300,358.910,0.032
-443773.760,-1172312.130,360.030,0.019
-443773.290,-1172313.430,360.770,0.016
-443772.280,-1172310.730,359.100,0.031
-443772.020,-1172312.210,359.830,0.024
-443771.940,-1172309.260,358.150,0.016
-443769.540,-1172312.030,359.730,0.018
-443769.240,-1172312.850,360.040,0.055
-443770.940,-1172309.750,358.340,0.024
-443770.600,-1172310.690,358.880,0.017
-443768.970,-1172315.140,361.540,0.021
-443768.780,-1172310.830,358.870,0.020
-443769.460,-1172309.570,358.030,0.049
-443767.360,-1172315.340,361.590,0.015
-443768.130,-1172310.630,358.890,0.047
-443767.520,-1172312.980,360.110,0.014
-443767.340,-1172313.490,360.580,0.028
-443765.640,-1172313.320,360.330,0.020
-443765.310,-1172314.220,360.860,0.073
-443765.470,-1172314.510,360.920,0.013
-443766.180,-1172313.860,360.700,0.036
-443765.250,-1172312.310,359.770,0.041
-443768.490,-1172294.120,359.050,0.059
-443747.330,-1172312.060,358.260,0.026
-443745.660,-1172314.260,359.450,0.009
-443740.660,-1172316.710,360.770,0.041
-443740.060,-1172318.370,361.600,0.025
-443741.050,-1172314.810,359.420,0.024
-443739.770,-1172318.350,361.680,0.021
-443740.610,-1172314.730,359.360,0.028
-443739.370,-1172318.170,361.410,0.063
-443739.220,-1172318.570,361.600,0.016
-443739.740,-1172316.460,360.460,0.044
-443739.120,-1172318.160,361.420,0.051
-443738.970,-1172318.570,361.660,0.018
-443740.340,-1172313.470,358.540,0.045
-443739.550,-1172315.680,359.910,0.014
-443739.080,-1172316.970,360.630,0.030
-443738.890,-1172317.480,361.030,0.037
-443748.700,-1172290.620,358.890,0.040
-443739.370,-1172315.660,359.870,0.015
-443738.890,-1172316.980,360.740,0.028
-443738.410,-1172318.300,361.560,0.036
-443739.590,-1172313.830,358.680,0.018
-443739.410,-1172314.320,359.030,0.029
-443738.950,-1172315.590,359.780,0.020
-443738.610,-1172316.520,360.380,0.011
-443738.290,-1172317.410,360.860,0.024
-443737.830,-1172318.700,361.640,0.029
-443739.560,-1172313.140,358.440,0.028
-443737.680,-1172318.320,361.470,0.015
-443738.800,-1172313.820,358.650,0.016
-443738.460,-1172314.750,359.370,0.031
-443738.330,-1172315.110,359.410,0.020
-443738.010,-1172315.980,359.970,0.038
-443737.700,-1172316.860,360.560,0.028
-443737.220,-1172318.160,361.290,0.048
-443737.050,-1172318.650,361.710,0.027
-443738.640,-1172313.840,358.680,0.018
-443738.170,-1172315.150,359.430,0.025
-443737.520,-1172316.940,360.650,0.024
-443737.380,-1172317.330,360.830,0.021
-443737.200,-1172317.820,361.240,0.051
-443738.340,-1172313.620,358.480,0.037
-443737.530,-1172315.850,359.850,0.012
-443737.360,-1172316.320,360.180,0.033
-443736.730,-1172318.070,361.250,0.024
-443736.580,-1172318.460,361.410,0.037
-443738.070,-1172313.680,358.510,0.014
-443737.750,-1172314.570,359.000,0.022
-443737.580,-1172315.030,359.360,0.026
-443737.280,-1172315.850,359.830,0.016
-443736.800,-1172317.180,360.630,0.032
-443736.620,-1172317.670,361.050,0.023
-443737.440,-1172313.950,358.680,0.031
-443737.290,-1172314.340,358.860,0.029
-443737.130,-1172314.790,359.160,0.044
-443737.350,-1172313.580,358.450,0.024
-443737.180,-1172314.040,358.760,0.023
-443736.700,-1172315.360,359.530,0.026
-443736.560,-1172315.760,359.720,0.017
-443736.230,-1172316.660,360.340,0.026
-443735.750,-1172318.000,361.150,0.024
-443736.770,-1172313.830,358.510,0.023
-443736.640,-1172314.180,358.560,0.036
-443736.460,-1172314.690,359.000,0.026
-443735.990,-1172315.980,359.760,0.038
-443735.820,-1172316.440,360.190,0.025
-443735.490,-1172317.360,360.730,0.021
-443735.020,-1172318.640,361.470,0.023
-443736.430,-1172313.850,358.560,0.021
-443735.960,-1172315.140,359.290,0.017
-443735.490,-1172316.450,360.150,0.021
-443735.600,-1172314.510,358.870,0.027
-443735.130,-1172315.810,359.640,0.014
-443734.650,-1172317.150,360.540,0.033
-443734.500,-1172317.560,360.760,0.033
-443733.870,-1172319.300,361.880,0.023
-443735.100,-1172315.010,359.160,0.020
-443734.600,-1172316.380,360.080,0.022
-443734.120,-1172317.710,361.000,0.029
-443733.960,-1172318.150,361.210,0.032
-443733.800,-1172318.590,361.490,0.023
-443734.740,-1172314.530,358.740,0.019
-443734.410,-1172315.430,359.320,0.022
-443734.240,-1172315.890,359.650,0.018
-443733.760,-1172317.230,360.460,0.013
-443733.450,-1172318.090,361.030,0.029
-443733.280,-1172318.550,361.310,0.013
-443732.940,-1172319.490,362.060,0.055
-443734.150,-1172315.050,359.290,0.056
-443733.680,-1172316.330,359.940,0.023
-443732.890,-1172318.520,361.350,0.027
-443732.720,-1172318.980,361.650,0.018
-443733.830,-1172314.310,358.650,0.023
-443733.690,-1172314.700,358.820,0.019
-443733.360,-1172315.610,359.430,0.029
-443732.870,-1172316.960,360.260,0.021
-443732.410,-1172318.250,361.050,0.023
-443733.330,-1172314.730,358.960,0.026
-443733.000,-1172315.650,359.600,0.034
-443732.850,-1172316.050,359.770,0.026
-443732.670,-1172316.540,360.120,0.032
-443732.530,-1172316.920,360.240,0.020
-443732.220,-1172317.800,360.820,0.022
-443731.890,-1172318.700,361.370,0.023
-443732.820,-1172314.720,358.780,0.017
-443732.660,-1172315.160,359.070,0.037
-443732.510,-1172315.560,359.280,0.024
-443731.720,-1172317.740,360.630,0.031
-443731.560,-1172318.190,360.930,0.018
-443731.990,-1172314.320,358.450,0.031
-443731.670,-1172315.210,358.990,0.029
-443731.180,-1172316.550,359.850,0.019
-443730.550,-1172318.280,360.950,0.036
-443732.450,-1172314.650,358.830,0.020
-443731.980,-1172315.950,359.630,0.032
-443731.680,-1172316.770,360.040,0.031
-443731.520,-1172317.210,360.370,0.021
-443731.360,-1172317.660,360.670,0.035
-443731.200,-1172318.100,360.960,0.023
-443730.240,-1172317.050,359.960,0.037
-443731.680,-1172314.270,358.560,0.040
-443731.540,-1172314.670,358.760,0.034
-443730.980,-1172314.280,358.480,0.024
-443730.680,-1172315.110,358.950,0.038
-443730.210,-1172316.410,359.630,0.047
-443731.170,-1172314.460,358.460,0.035
-443731.000,-1172314.960,358.890,0.026
-443730.860,-1172315.330,358.950,0.036
-443730.700,-1172315.780,359.250,0.030
-443730.350,-1172314.180,358.420,0.033
-443739.170,-1172290.580,359.060,0.056
-443730.070,-1172315.480,359.060,0.016
-443738.120,-1172291.760,359.610,0.048
-443729.930,-1172314.150,358.190,0.026
-443736.240,-1172291.860,359.730,0.057
-443725.660,-1172318.550,358.080,0.033
-443725.450,-1172317.790,357.220,0.050
-443724.950,-1172319.180,358.280,0.053
-443725.340,-1172317.130,357.030,0.023
-443724.550,-1172319.290,358.430,0.037
-443724.980,-1172315.790,355.930,0.028
-443724.640,-1172316.720,356.630,0.030
-443724.160,-1172318.060,357.570,0.030
-443724.490,-1172317.940,357.460,0.020
-443724.160,-1172318.860,358.090,0.019
-443723.660,-1172320.230,359.150,0.047
-443724.250,-1172316.470,356.400,0.021
-443723.120,-1172319.590,358.430,0.025
-443722.970,-1172316.540,356.510,0.053
-443722.360,-1172318.230,357.500,0.033
-443722.380,-1172318.980,357.900,0.038
-443722.050,-1172319.900,358.630,0.052
-443721.030,-1172319.590,358.330,0.030
-443722.670,-1172316.050,355.810,0.023
-443721.360,-1172319.660,358.410,0.021
-443721.480,-1172315.200,357.560,0.085
-443721.040,-1172315.870,357.760,0.024
-443725.260,-1172295.130,356.630,0.045
-443723.150,-1172295.950,357.390,0.027
-443720.920,-1172292.790,357.370,0.029
-443720.780,-1172291.580,356.360,0.042
-443720.130,-1172293.360,357.530,0.037
-443720.890,-1172290.510,355.880,0.035
-443720.730,-1172290.960,356.140,0.031
-443720.080,-1172292.730,357.190,0.019
-443719.760,-1172291.850,356.480,0.037
-443719.590,-1172292.320,356.820,0.037
-443719.400,-1172292.830,357.240,0.041
-443719.550,-1172291.550,356.310,0.029
-443719.050,-1172292.930,357.250,0.020
-443719.290,-1172291.680,356.360,0.017
-443720.250,-1172320.260,358.710,0.029
-443713.510,-1172336.470,361.120,0.059
-443713.690,-1172336.540,361.090,0.066
-443720.660,-1172315.770,357.770,0.067
-443720.660,-1172315.230,357.590,0.051
-443720.490,-1172315.680,357.860,0.065
-443719.890,-1172315.470,357.650,0.037
-443719.090,-1172317.670,358.920,0.028
-443719.160,-1172315.690,357.590,0.026
-443719.000,-1172316.120,357.890,0.031
-443718.540,-1172317.410,358.670,0.049
-443719.020,-1172316.660,358.050,0.029
-443718.460,-1172315.740,357.570,0.028
-443717.970,-1172317.090,358.540,0.051
-443717.930,-1172315.850,357.530,0.038
-443717.780,-1172316.260,357.760,0.034
-443717.140,-1172316.210,357.590,0.022
-443715.310,-1172320.080,361.220,0.044
-443713.850,-1172321.370,362.200,0.085
-443712.450,-1172321.470,362.200,0.078
-443712.350,-1172319.810,360.690,0.021
-443711.520,-1172319.920,360.630,0.025
-443711.290,-1172320.020,360.730,0.047
-443712.450,-1172315.860,360.260,0.088
-443712.250,-1172315.760,360.200,0.089
-443710.270,-1172320.220,360.740,0.017
-443710.060,-1172320.030,360.670,0.023
-443710.610,-1172315.890,360.050,0.065
-443709.020,-1172320.220,360.630,0.032
-443709.360,-1172320.160,360.690,0.045
-443718.770,-1172293.120,357.490,0.041
-443718.330,-1172294.320,357.960,0.033
-443718.250,-1172293.430,357.200,0.049
-443709.920,-1172316.110,360.100,0.040
-443707.790,-1172321.930,362.200,0.070
-443717.730,-1172293.580,357.470,0.023
-443707.860,-1172320.410,360.680,0.028
-443707.300,-1172321.950,362.220,0.082
-443717.720,-1172294.470,358.090,0.020
-443707.200,-1172320.280,360.650,0.051
-443717.510,-1172293.470,357.410,0.027
-443717.430,-1172291.040,355.880,0.021
-443717.120,-1172291.890,356.370,0.025
-443716.940,-1172292.380,356.760,0.026
-443717.830,-1172290.800,355.910,0.041
-443706.950,-1172320.360,360.820,0.055
-443715.450,-1172294.230,357.710,0.022
-443715.300,-1172294.650,357.930,0.022
-443715.970,-1172293.470,357.230,0.022
-443715.810,-1172293.890,357.500,0.020
-443715.670,-1172294.300,357.660,0.016
-443717.210,-1172291.050,355.930,0.025
-443716.900,-1172291.900,356.410,0.013
-443713.890,-1172294.680,357.900,0.021
-443714.810,-1172293.030,356.930,0.019
-443714.480,-1172293.930,357.550,0.026
-443705.620,-1172317.960,358.480,0.050
-443715.220,-1172293.110,356.920,0.016
-443714.730,-1172294.430,357.710,0.025
-443714.550,-1172294.910,358.070,0.026
-443715.970,-1172292.820,356.750,0.047
-443715.770,-1172293.360,357.230,0.020
-443715.610,-1172293.800,357.500,0.022
-443711.900,-1172291.590,355.980,0.024
-443711.970,-1172292.310,356.510,0.044
-443711.840,-1172292.640,356.550,0.034
-443711.670,-1172293.110,356.830,0.021
-443712.590,-1172291.980,356.250,0.017
-443712.430,-1172292.400,356.400,0.024
-443712.310,-1172292.740,356.390,0.047
-443712.100,-1172293.310,357.020,0.028
-443713.250,-1172291.400,355.820,0.020
-443713.080,-1172291.870,356.200,0.051
-443712.820,-1172293.700,357.230,0.020
-443713.260,-1172293.330,357.070,0.011
-443713.860,-1172292.830,356.750,0.024
-443713.710,-1172293.240,356.960,0.018
-443713.550,-1172293.690,357.240,0.021
-443713.040,-1172295.070,358.250,0.061
-443711.260,-1172291.790,355.890,0.040
-443710.790,-1172293.820,357.220,0.026
-443705.050,-1172291.360,356.940,0.070
-443850.430,-1172299.140,348.210,0.021
-443850.660,-1172299.350,348.370,0.030
-443850.600,-1172299.960,348.590,0.012
-443851.210,-1172299.460,348.500,0.032
-443851.900,-1172298.900,348.160,0.005
-443850.980,-1172300.230,348.810,0.017
-443851.330,-1172299.940,348.650,0.006
-443851.640,-1172299.690,348.570,0.017
-443851.990,-1172299.400,348.400,0.013
-443852.330,-1172299.120,348.250,0.005
-443850.590,-1172301.220,349.270,0.013
-443850.920,-1172300.950,349.120,0.013
-443851.630,-1172300.370,348.840,0.009
-443851.960,-1172300.100,348.700,0.007
-443852.290,-1172299.820,348.590,0.014
-443852.640,-1172299.540,348.470,0.024
-443851.410,-1172301.020,349.200,0.016
-443851.770,-1172300.730,349.040,0.013
-443852.100,-1172300.460,348.910,0.022
-443852.450,-1172300.170,348.790,0.018
-443852.370,-1172300.790,349.100,0.008
-443852.710,-1172300.510,348.980,0.015
-443852.570,-1172301.180,349.310,0.020
-443852.880,-1172300.930,349.220,0.010
-443793.710,-1172410.280,352.720,0.031
-443795.850,-1172410.100,352.790,0.061
-443795.120,-1172410.130,352.720,0.030
-443800.040,-1172410.160,352.830,0.023
-443785.610,-1172417.890,349.940,0.038
-443788.810,-1172417.590,349.820,0.049
-443849.990,-1172301.050,349.170,0.008
-443849.240,-1172301.090,349.160,0.013
-443849.560,-1172300.820,349.050,0.007
-443849.920,-1172300.520,348.900,0.014
-443850.240,-1172300.260,348.760,0.012
-443848.260,-1172301.330,349.280,0.022
-443848.580,-1172301.060,349.150,0.014
-443848.930,-1172300.770,349.040,0.012
-443849.280,-1172300.490,348.930,0.013
-443849.610,-1172300.210,348.780,0.015
-443849.950,-1172299.930,348.640,0.010
-443850.310,-1172299.630,348.480,0.019
-443847.690,-1172301.390,349.310,0.016
-443848.060,-1172301.090,349.110,0.012
-443848.390,-1172300.820,348.990,0.010
-443848.740,-1172300.530,348.880,0.024
-443849.090,-1172300.240,348.740,0.020
-443849.440,-1172299.950,348.610,0.017
-443849.770,-1172299.680,348.440,0.014
-443850.100,-1172299.400,348.320,0.009
-443841.480,-1172305.910,355.070,0.017
-443847.170,-1172301.230,349.200,0.008
-443847.510,-1172300.950,349.090,0.012
-443847.840,-1172300.680,348.950,0.010
-443848.200,-1172300.380,348.810,0.009
-443848.530,-1172300.110,348.690,0.015
-443848.870,-1172299.830,348.550,0.010
-443849.210,-1172299.550,348.420,0.010
-443849.880,-1172299.000,348.170,0.014
-443847.180,-1172300.700,348.900,0.014
-443847.530,-1172300.410,348.790,0.010
-443848.180,-1172299.870,348.520,0.013
-443848.540,-1172299.570,348.380,0.008
-443848.860,-1172299.310,348.270,0.006
-443846.020,-1172301.140,349.110,0.013
-443846.340,-1172300.870,349.020,0.021
-443846.700,-1172300.570,348.870,0.013
-443847.010,-1172300.320,348.750,0.013
-443847.370,-1172300.020,348.570,0.007
-443846.170,-1172300.630,348.790,0.016
-443846.490,-1172300.360,348.700,0.007
-443847.530,-1172299.510,348.290,0.011
-443847.860,-1172299.230,348.190,0.009
-443846.120,-1172300.090,348.580,0.007
-443846.470,-1172299.810,348.440,0.013
-443846.770,-1172299.560,348.350,0.013
-443847.120,-1172299.270,348.180,0.010
-443839.750,-1172304.860,354.130,0.017
-443840.100,-1172304.570,354.000,0.021
-443840.470,-1172304.270,353.750,0.017
-443839.570,-1172304.550,353.970,0.034
-443841.420,-1172302.070,352.320,0.017
-443840.430,-1172302.380,352.490,0.016
-443838.330,-1172302.390,352.260,0.015
-443835.500,-1172303.090,355.180,0.019
-443834.620,-1172303.220,355.230,0.009
-443834.960,-1172302.940,355.070,0.012
-443833.910,-1172303.290,355.170,0.013
-443833.310,-1172302.690,354.750,0.031
-443826.340,-1172307.760,355.240,0.011
-443832.300,-1172302.830,354.750,0.086
-443831.350,-1172303.030,354.840,0.026
-443825.290,-1172307.510,354.980,0.017
-443827.010,-1172306.080,354.150,0.024
-443829.890,-1172303.690,355.210,0.019
-443830.590,-1172303.120,354.830,0.030
-443830.950,-1172302.820,354.700,0.045
-443830.050,-1172303.160,354.810,0.015
-443830.370,-1172302.890,354.660,0.046
-443828.940,-1172303.540,355.010,0.061
-443829.270,-1172303.260,354.860,0.019
-443828.600,-1172303.330,354.860,0.027
-443824.150,-1172306.000,353.820,0.010
-443825.600,-1172304.800,353.040,0.032
-443826.280,-1172304.240,352.670,0.028
-443827.330,-1172303.370,352.200,0.026
-443825.480,-1172303.620,352.180,0.017
-443823.320,-1172304.830,352.870,0.015
-443823.680,-1172304.530,352.730,0.017
-443824.360,-1172303.970,352.360,0.030
-443824.710,-1172303.680,352.200,0.016
-443824.530,-1172303.380,351.960,0.026
-443823.600,-1172303.550,352.080,0.036
-443819.440,-1172305.360,354.130,0.028
-443819.090,-1172304.280,353.410,0.022
-443818.380,-1172304.320,353.380,0.036
-443801.900,-1172308.520,355.240,0.010
-443805.040,-1172305.900,353.500,0.014
-443722.950,-1172314.960,355.220,0.043
-443723.810,-1172314.850,355.220,0.027
-443724.770,-1172314.700,355.210,0.016
-443726.070,-1172314.570,355.180,0.020
-443724.990,-1172314.960,355.370,0.028
-443745.080,-1172338.520,353.240,0.098
-443746.480,-1172338.430,353.130,0.079
-443715.850,-1172290.720,355.640,0.024
-443716.160,-1172290.450,355.510,0.024
-443713.920,-1172290.800,355.570,0.022
-443712.880,-1172290.900,355.520,0.014
-443713.200,-1172290.620,355.380,0.021
-443712.180,-1172290.990,355.580,0.026
-443712.510,-1172290.700,355.420,0.020
-443711.480,-1172290.880,355.430,0.020
-443711.800,-1172290.590,355.280,0.025
-443710.550,-1172291.210,355.560,0.028
-443707.910,-1172292.230,354.340,0.015
-443845.480,-1172432.340,374.770,0.086
-443844.610,-1172406.950,374.760,0.069
-443844.580,-1172399.420,374.410,0.048
-443841.800,-1172399.570,374.470,0.081
-443850.800,-1172370.790,373.490,0.060
-443840.390,-1172377.230,374.740,0.036
-443760.450,-1172436.790,361.490,0.040
-443757.920,-1172437.240,361.780,0.096
-443752.990,-1172437.060,361.490,0.095
-443837.710,-1172366.870,371.150,0.038
-443751.800,-1172437.550,361.790,0.092
-443836.740,-1172366.600,370.790,0.055
-443835.400,-1172366.690,370.800,0.033
-443832.290,-1172366.830,370.860,0.059
-443828.550,-1172366.790,370.750,0.052
-443741.250,-1172437.640,361.470,0.052
-443739.650,-1172438.010,361.800,0.038
-443739.680,-1172437.730,361.480,0.044
-443738.080,-1172437.690,361.420,0.056
-443831.210,-1172360.680,370.630,0.032
-443836.470,-1172355.800,370.790,0.026
-443736.780,-1172437.850,361.470,0.057
-443736.110,-1172437.840,361.440,0.025
-443734.880,-1172438.280,361.640,0.088
-443831.280,-1172353.740,370.800,0.031
-443708.760,-1172397.160,360.180,0.018
-443711.100,-1172395.220,359.600,0.026
-443839.680,-1172307.390,356.050,0.024
-443838.140,-1172307.620,356.080,0.021
-443839.010,-1172307.420,356.010,0.022
-443835.160,-1172306.180,357.410,0.024
-443833.760,-1172306.160,357.290,0.016
-443834.490,-1172305.550,356.910,0.014
-443836.220,-1172304.120,356.010,0.010
-443832.670,-1172305.850,357.130,0.032
-443830.410,-1172305.620,356.570,0.023
-443827.880,-1172308.280,355.760,0.031
-443831.450,-1172305.840,356.860,0.015
-443829.210,-1172305.380,356.300,0.014
-443819.480,-1172309.180,357.130,0.017
-443816.680,-1172309.880,357.450,0.038
-443813.620,-1172308.810,358.740,0.059
-443813.330,-1172307.360,357.650,0.017
-443814.650,-1172306.900,357.320,0.019
-443814.170,-1172305.040,355.900,0.015
-443814.490,-1172304.770,355.740,0.038
-443814.840,-1172304.480,355.620,0.018
-443815.040,-1172304.830,355.880,0.025
-443808.220,-1172309.350,358.680,0.041
-443812.430,-1172305.860,356.340,0.026
-443813.440,-1172305.020,355.840,0.012
-443814.080,-1172304.490,355.590,0.015
-443813.140,-1172305.890,357.310,0.013
-443812.420,-1172304.890,355.680,0.007
-443812.750,-1172304.620,355.610,0.020
-443812.790,-1172304.990,355.740,0.023
-443810.900,-1172305.210,355.760,0.032
-443811.240,-1172304.930,355.630,0.026
-443811.740,-1172305.030,355.670,0.071
-443812.060,-1172304.770,355.600,0.013
-443803.460,-1172311.390,357.580,0.047
-443804.820,-1172310.260,356.830,0.016
-443802.630,-1172310.450,356.690,0.017
-443807.350,-1172306.520,356.360,0.031
-443807.690,-1172306.240,356.200,0.011
-443808.360,-1172305.680,355.860,0.009
-443807.890,-1172306.610,356.530,0.022
-443808.220,-1172306.340,356.370,0.021
-443806.900,-1172306.230,356.190,0.016
-443802.420,-1172309.230,355.800,0.018
-443796.560,-1172311.680,360.530,0.018
-443796.920,-1172311.380,360.350,0.018
-443797.270,-1172311.090,360.170,0.017
-443797.910,-1172310.550,359.920,0.024
-443797.020,-1172311.950,360.720,0.069
-443796.670,-1172311.050,360.140,0.020
-443796.970,-1172310.800,360.000,0.017
-443794.320,-1172312.420,360.840,0.017
-443794.980,-1172311.870,360.530,0.019
-443793.640,-1172312.360,360.820,0.013
-443793.970,-1172312.080,360.660,0.012
-443794.620,-1172311.540,360.360,0.023
-443795.270,-1172311.000,360.060,0.013
-443795.930,-1172310.450,359.740,0.017
-443796.280,-1172310.160,359.610,0.023
-443797.610,-1172309.050,359.000,0.021
-443795.000,-1172310.090,359.490,0.040
-443796.620,-1172308.740,358.740,0.017
-443796.930,-1172308.480,358.610,0.030
-443797.290,-1172308.180,358.430,0.020
-443797.600,-1172307.920,358.310,0.019
-443792.340,-1172312.780,360.970,0.011
-443793.350,-1172311.940,360.510,0.015
-443794.010,-1172311.390,360.180,0.007
-443795.000,-1172310.560,359.720,0.036
-443795.310,-1172310.300,359.590,0.032
-443795.990,-1172309.740,359.280,0.018
-443796.300,-1172309.480,359.140,0.014
-443796.610,-1172309.220,359.030,0.013
-443796.960,-1172308.930,358.890,0.010
-443797.280,-1172308.660,358.730,0.019
-443797.610,-1172308.380,358.580,0.016
-443797.960,-1172308.090,358.420,0.013
-443791.310,-1172312.730,360.790,0.033
-443794.290,-1172310.240,359.450,0.029
-443795.980,-1172308.830,358.660,0.057
-443796.980,-1172307.990,358.230,0.038
-443797.620,-1172307.460,357.960,0.017
-443791.990,-1172312.600,360.830,0.021
-443792.990,-1172311.760,360.400,0.028
-443793.300,-1172311.500,360.250,0.034
-443793.650,-1172311.210,360.100,0.031
-443793.990,-1172310.930,359.970,0.041
-443791.170,-1172312.370,360.610,0.018
-443792.840,-1172310.970,359.870,0.040
-443793.860,-1172310.120,359.420,0.018
-443794.200,-1172309.840,359.260,0.016
-443794.530,-1172309.570,359.110,0.034
-443794.850,-1172309.300,358.940,0.020
-443795.850,-1172308.460,358.500,0.035
-443796.160,-1172308.200,358.370,0.018
-443791.580,-1172311.530,360.060,0.016
-443791.900,-1172311.260,359.960,0.027
-443792.880,-1172310.440,359.500,0.027
-443794.900,-1172308.760,358.560,0.023
-443796.890,-1172307.100,357.680,0.021
-443790.050,-1172312.460,360.620,0.024
-443790.710,-1172311.910,360.300,0.018
-443791.370,-1172311.360,360.020,0.024
-443791.700,-1172311.080,359.840,0.034
-443792.000,-1172310.830,359.730,0.048
-443792.650,-1172310.290,359.430,0.024
-443792.990,-1172310.010,359.290,0.016
-443793.970,-1172309.190,358.840,0.031
-443794.630,-1172308.640,358.530,0.018
-443794.980,-1172308.340,358.380,0.028
-443795.300,-1172308.080,358.230,0.031
-443795.960,-1172307.530,357.920,0.026
-443796.650,-1172306.950,357.640,0.017
-443790.710,-1172311.420,359.940,0.023
-443793.360,-1172309.200,358.730,0.012
-443794.000,-1172308.670,358.480,0.023
-443794.680,-1172308.110,358.140,0.021
-443795.000,-1172307.840,357.970,0.021
-443795.330,-1172307.560,357.860,0.027
-443795.650,-1172307.290,357.680,0.032
-443795.990,-1172307.010,357.580,0.030
-443794.660,-1172306.950,357.500,0.031
-443794.990,-1172306.680,357.390,0.028
-443787.930,-1172313.200,361.030,0.012
-443789.230,-1172312.120,360.560,0.074
-443789.970,-1172311.500,360.020,0.023
-443790.300,-1172311.220,359.850,0.028
-443792.280,-1172309.560,358.940,0.019
-443792.620,-1172309.280,358.800,0.019
-443793.630,-1172308.440,358.350,0.030
-443793.950,-1172308.180,358.220,0.044
-443795.250,-1172307.090,357.650,0.029
-443795.570,-1172306.820,357.510,0.037
-443790.380,-1172310.120,359.200,0.024
-443790.710,-1172309.840,359.010,0.024
-443791.350,-1172309.300,358.740,0.022
-443791.700,-1172309.010,358.590,0.017
-443792.720,-1172308.160,358.120,0.027
-443793.360,-1172307.630,357.840,0.033
-443794.020,-1172307.080,357.550,0.014
-443794.350,-1172306.800,357.460,0.032
-443787.000,-1172313.350,361.030,0.016
-443787.650,-1172312.810,360.720,0.010
-443788.330,-1172312.240,360.350,0.015
-443788.950,-1172311.720,360.230,0.056
-443789.650,-1172311.140,359.730,0.026
-443790.000,-1172310.840,359.580,0.014
-443790.350,-1172310.550,359.390,0.018
-443790.690,-1172310.270,359.210,0.037
-443791.020,-1172309.990,359.090,0.025
-443791.370,-1172309.700,358.930,0.025
-443791.710,-1172309.420,358.720,0.025
-443792.010,-1172309.170,358.620,0.031
-443792.320,-1172308.900,358.510,0.045
-443792.670,-1172308.620,358.360,0.029
-443793.000,-1172308.330,358.200,0.023
-443794.030,-1172307.480,357.700,0.016
-443794.350,-1172307.210,357.580,0.015
-443786.750,-1172312.660,360.550,0.032
-443787.410,-1172312.110,360.210,0.006
-443788.400,-1172311.280,359.780,0.011
-443789.720,-1172310.180,359.080,0.009
-443790.380,-1172309.620,358.780,0.015
-443791.340,-1172308.820,358.370,0.010
-443791.700,-1172308.530,358.180,0.013
-443792.360,-1172307.970,357.880,0.040
-443793.350,-1172307.150,357.490,0.015
-443786.400,-1172313.440,361.100,0.026
-443788.050,-1172312.070,360.290,0.017
-443786.320,-1172312.480,360.460,0.035
-443789.690,-1172309.670,358.890,0.025
-443790.970,-1172308.590,358.270,0.013
-443792.610,-1172307.220,357.560,0.025
-443784.640,-1172313.200,360.770,0.013
-443786.990,-1172311.230,359.640,0.011
-443787.320,-1172310.960,359.500,0.007
-443787.650,-1172310.680,359.310,0.015
-443787.980,-1172310.410,359.190,0.020
-443790.000,-1172308.710,358.220,0.018
-443790.990,-1172307.890,357.800,0.025
-443791.320,-1172307.610,357.640,0.021
-443791.630,-1172307.350,357.520,0.027
-443791.930,-1172307.100,357.410,0.026
-443783.310,-1172313.720,361.070,0.032
-443784.640,-1172312.610,360.400,0.009
-443785.290,-1172312.070,360.110,0.019
-443785.960,-1172311.500,359.760,0.014
-443789.640,-1172308.430,358.060,0.021
-443789.970,-1172308.160,357.910,0.019
-443790.300,-1172307.880,357.770,0.020
-443790.640,-1172307.590,357.650,0.019
-443791.280,-1172307.060,357.380,0.019
-443782.560,-1172313.640,360.870,0.022
-443782.880,-1172313.380,360.730,0.034
-443783.540,-1172312.830,360.400,0.007
-443784.500,-1172312.020,359.970,0.004
-443785.180,-1172311.460,359.620,0.008
-443785.490,-1172311.190,359.480,0.030
-443786.840,-1172310.070,358.870,0.009
-443787.800,-1172309.260,358.440,0.008
-443789.500,-1172307.840,357.620,0.004
-443789.820,-1172307.570,357.480,0.018
-443790.150,-1172307.300,357.360,0.020
-443781.490,-1172313.820,360.970,0.016
-443781.820,-1172313.540,360.850,0.031
-443783.150,-1172312.430,360.210,0.016
-443784.170,-1172311.570,359.720,0.015
-443787.090,-1172309.130,358.380,0.018
-443787.410,-1172308.860,358.280,0.016
-443788.110,-1172308.280,357.880,0.016
-443786.430,-1172308.400,357.900,0.014
-443781.300,-1172313.210,360.540,0.010
-443781.640,-1172312.930,360.370,0.011
-443781.970,-1172312.650,360.210,0.015
-443782.300,-1172312.380,360.050,0.018
-443783.610,-1172311.280,359.490,0.012
-443783.950,-1172311.000,359.290,0.016
-443784.280,-1172310.720,359.140,0.015
-443785.630,-1172309.590,358.490,0.014
-443785.940,-1172309.330,358.370,0.013
-443786.590,-1172308.780,358.070,0.034
-443787.220,-1172308.260,357.840,0.014
-443787.560,-1172307.980,357.670,0.015
-443780.760,-1172312.600,360.090,0.013
-443781.420,-1172312.040,359.760,0.007
-443782.070,-1172311.490,359.470,0.008
-443782.410,-1172311.220,359.320,0.007
-443783.390,-1172310.390,358.850,0.009
-443783.720,-1172310.110,358.710,0.008
-443784.420,-1172309.530,358.360,0.006
-443784.750,-1172309.250,358.210,0.005
-443785.080,-1172308.970,358.070,0.008
-443785.400,-1172308.710,357.940,0.015
-443785.710,-1172308.450,357.780,0.012
-443786.040,-1172308.170,357.670,0.007
-443780.750,-1172312.030,359.780,0.023
-443784.030,-1172309.290,358.270,0.012
-443784.670,-1172308.750,357.940,0.012
-443785.010,-1172308.470,357.800,0.023
-443779.480,-1172311.990,359.610,0.014
-443779.800,-1172311.720,359.490,0.012
-443780.140,-1172311.440,359.350,0.010
-443780.470,-1172311.160,359.180,0.012
-443781.490,-1172310.310,358.700,0.010
-443781.810,-1172310.040,358.580,0.009
-443782.150,-1172309.750,358.410,0.013
-443782.450,-1172309.500,358.270,0.007
-443782.800,-1172309.210,358.120,0.016
-443783.120,-1172308.940,357.990,0.016
-443783.430,-1172308.680,357.850,0.014
-443779.430,-1172312.510,359.980,0.012
-443780.120,-1172311.930,359.620,0.014
-443780.430,-1172311.670,359.490,0.011
-443780.770,-1172311.380,359.310,0.012
-443781.090,-1172311.120,359.180,0.014
-443781.430,-1172310.830,359.040,0.010
-443781.740,-1172310.570,358.890,0.010
-443782.400,-1172310.020,358.580,0.013
-443782.710,-1172309.760,358.430,0.006
-443783.040,-1172309.480,358.290,0.009
-443783.360,-1172309.210,358.120,0.014
-443783.690,-1172308.940,358.000,0.015
-443784.340,-1172308.400,357.700,0.014
-443784.690,-1172308.100,357.530,0.014
-443780.290,-1172310.670,358.800,0.011
-443782.240,-1172309.030,357.920,0.025
-443779.140,-1172312.270,359.790,0.011
-443778.750,-1172311.340,359.170,0.012
-443779.100,-1172311.050,359.040,0.009
-443779.430,-1172310.770,358.870,0.010
-443780.750,-1172309.660,358.280,0.011
-443781.420,-1172309.110,357.950,0.019
-443781.750,-1172308.830,357.840,0.013
-443773.160,-1172314.930,361.820,0.042
-443778.670,-1172310.320,358.510,0.005
-443778.980,-1172310.050,358.390,0.011
-443779.310,-1172309.780,358.260,0.011
-443779.630,-1172309.510,358.100,0.016
-443779.960,-1172309.230,357.940,0.014
-443780.270,-1172308.970,357.820,0.017
-443778.750,-1172310.680,358.720,0.011
-443779.070,-1172310.410,358.550,0.015
-443779.400,-1172310.130,358.420,0.019
-443779.720,-1172309.870,358.260,0.012
-443780.070,-1172309.570,358.090,0.009
-443780.400,-1172309.300,357.990,0.010
-443780.710,-1172309.040,357.830,0.013
-443772.990,-1172314.620,361.530,0.035
-443773.950,-1172313.810,361.070,0.025
-443774.300,-1172313.520,360.920,0.026
-443774.970,-1172312.960,360.610,0.015
-443779.510,-1172309.150,357.800,0.011
-443779.850,-1172308.870,357.600,0.013
-443772.090,-1172314.940,361.730,0.015
-443774.040,-1172313.300,360.820,0.022
-443774.380,-1172313.010,360.690,0.023
-443778.600,-1172309.470,358.010,0.014
-443778.910,-1172309.220,357.860,0.016
-443779.250,-1172308.930,357.720,0.008
-443772.360,-1172313.760,360.980,0.015
-443773.000,-1172313.230,360.670,0.021
-443774.630,-1172311.860,359.970,0.035
-443775.260,-1172311.330,359.650,0.015
-443771.330,-1172315.060,361.730,0.037
-443772.310,-1172314.230,361.210,0.013
-443772.670,-1172313.930,361.030,0.025
-443772.970,-1172313.680,360.910,0.029
-443773.290,-1172313.410,360.770,0.016
-443773.910,-1172312.890,360.510,0.010
-443774.250,-1172312.610,360.370,0.015
-443774.870,-1172312.090,360.100,0.024
-443775.210,-1172311.800,359.970,0.024
-443770.120,-1172315.130,361.620,0.049
-443771.100,-1172314.310,361.170,0.012
-443771.760,-1172313.760,360.850,0.011
-443772.430,-1172313.190,360.530,0.041
-443772.730,-1172312.940,360.410,0.021
-443773.090,-1172312.640,360.240,0.015
-443773.420,-1172312.360,360.090,0.007
-443773.740,-1172312.090,359.950,0.019
-443774.700,-1172311.280,359.560,0.024
-443775.040,-1172311.000,359.370,0.013
-443775.350,-1172310.740,359.280,0.012
-443773.300,-1172311.270,359.420,0.025
-443773.630,-1172311.000,359.270,0.015
-443773.940,-1172310.730,359.150,0.015
-443774.890,-1172309.930,358.760,0.014
-443769.580,-1172314.990,361.550,0.048
-443770.250,-1172314.430,361.220,0.015
-443771.220,-1172313.610,360.800,0.039
-443771.570,-1172313.320,360.590,0.021
-443771.910,-1172313.040,360.450,0.011
-443774.180,-1172311.130,359.440,0.028
-443774.500,-1172310.860,359.340,0.015
-443775.160,-1172310.310,359.040,0.008
-443767.870,-1172315.400,361.750,0.068
-443768.520,-1172314.850,361.480,0.028
-443770.140,-1172313.490,360.690,0.026
-443770.440,-1172313.240,360.520,0.020
-443771.120,-1172312.670,360.200,0.030
-443771.770,-1172312.130,359.900,0.027
-443772.430,-1172311.570,359.590,0.026
-443772.750,-1172311.300,359.450,0.031
-443769.670,-1172314.310,361.070,0.032
-443770.330,-1172313.770,360.760,0.019
-443770.650,-1172313.490,360.620,0.013
-443770.970,-1172313.220,360.470,0.013
-443771.640,-1172312.660,360.160,0.020
-443771.960,-1172312.390,360.000,0.023
-443772.290,-1172312.120,359.840,0.021
-443772.620,-1172311.840,359.710,0.017
-443772.970,-1172311.550,359.530,0.021
-443767.980,-1172314.870,361.340,0.031
-443768.650,-1172314.310,361.030,0.029
-443769.980,-1172313.190,360.380,0.016
-443770.630,-1172312.650,360.070,0.022
-443771.590,-1172311.840,359.630,0.009
-443773.830,-1172309.950,358.670,0.028
-443774.170,-1172309.670,358.470,0.028
-443766.700,-1172315.350,361.660,0.021
-443767.030,-1172315.070,361.490,0.013
-443768.060,-1172314.210,360.980,0.016
-443768.380,-1172313.940,360.830,0.014
-443768.700,-1172313.670,360.700,0.025
-443769.690,-1172312.830,360.190,0.029
-443770.010,-1172312.570,360.050,0.022
-443770.340,-1172312.290,359.900,0.014
-443770.680,-1172312.010,359.760,0.017
-443771.030,-1172311.710,359.580,0.013
-443771.320,-1172311.460,359.470,0.011
-443772.330,-1172310.620,359.020,0.020
-443767.480,-1172314.040,360.810,0.063
-443769.480,-1172312.360,359.870,0.020
-443769.800,-1172312.090,359.740,0.018
-443770.120,-1172311.820,359.570,0.014
-443770.460,-1172311.540,359.430,0.026
-443772.110,-1172310.150,358.690,0.012
-443772.430,-1172309.880,358.500,0.011
-443771.090,-1172309.920,358.440,0.014
-443771.430,-1172309.640,358.290,0.008
-443771.750,-1172309.380,358.180,0.011
-443766.040,-1172314.740,361.200,0.019
-443766.380,-1172314.460,361.070,0.019
-443766.690,-1172314.200,360.910,0.014
-443767.360,-1172313.630,360.580,0.023
-443767.670,-1172313.370,360.430,0.026
-443768.010,-1172313.090,360.260,0.019
-443768.970,-1172312.280,359.800,0.013
-443769.310,-1172312.000,359.660,0.018
-443770.320,-1172311.140,359.210,0.014
-443770.650,-1172310.860,359.030,0.013
-443770.990,-1172310.580,358.900,0.013
-443771.300,-1172310.320,358.770,0.034
-443772.290,-1172309.490,358.320,0.016
-443767.300,-1172312.490,359.860,0.019
-443767.620,-1172312.220,359.710,0.014
-443768.250,-1172311.690,359.400,0.007
-443768.560,-1172311.440,359.290,0.017
-443768.900,-1172311.140,359.130,0.027
-443769.870,-1172310.330,358.690,0.017
-443765.560,-1172314.580,361.000,0.017
-443765.890,-1172314.300,360.870,0.019
-443766.230,-1172314.010,360.710,0.034
-443767.510,-1172312.940,360.070,0.014
-443768.150,-1172312.400,359.770,0.016
-443768.470,-1172312.130,359.630,0.012
-443768.800,-1172311.850,359.450,0.007
-443769.110,-1172311.590,359.330,0.009
-443769.810,-1172311.010,359.020,0.011
-443770.110,-1172310.760,358.890,0.008
-443770.410,-1172310.500,358.760,0.016
-443770.760,-1172310.200,358.570,0.013
-443766.070,-1172312.860,359.970,0.029
-443767.720,-1172311.460,359.180,0.019
-443768.040,-1172311.190,359.040,0.018
-443768.380,-1172310.910,358.910,0.039
-443768.690,-1172310.650,358.770,0.018
-443765.130,-1172312.600,359.740,0.088
-443765.440,-1172312.340,359.570,0.044
-443766.770,-1172311.220,358.930,0.014
-443767.100,-1172310.940,358.790,0.011
-443767.450,-1172310.650,358.640,0.020
-443765.570,-1172312.770,359.920,0.011
-443765.910,-1172312.480,359.760,0.035
-443766.580,-1172311.920,359.460,0.014
-443766.890,-1172311.670,359.300,0.024
-443767.880,-1172310.830,358.870,0.041
-443768.180,-1172310.580,358.710,0.039
-443768.520,-1172310.290,358.560,0.010
-443769.500,-1172309.460,358.120,0.037
-443766.110,-1172310.510,358.460,0.017
-443765.510,-1172311.690,359.220,0.031
-443766.490,-1172310.860,358.780,0.012
-443765.350,-1172310.610,358.550,0.019
-443765.220,-1172310.150,358.190,0.014
-443774.160,-1172293.610,359.150,0.039
-443746.440,-1172315.780,360.560,0.022
-443744.890,-1172316.510,360.900,0.023
-443746.510,-1172315.140,360.190,0.036
-443747.470,-1172314.320,359.720,0.016
-443749.050,-1172312.420,358.530,0.014
-443745.520,-1172314.790,359.840,0.011
-443745.810,-1172314.550,359.750,0.021
-443746.780,-1172313.720,359.260,0.029
-443749.000,-1172311.840,358.250,0.030
-443770.540,-1172293.580,358.910,0.072
-443742.910,-1172316.390,360.670,0.021
-443747.120,-1172312.830,358.660,0.010
-443747.450,-1172312.550,358.500,0.020
-443747.750,-1172312.290,358.370,0.026
-443748.060,-1172312.030,358.270,0.029
-443739.620,-1172318.640,361.830,0.021
-443739.920,-1172318.390,361.730,0.019
-443740.560,-1172317.840,361.430,0.061
-443741.820,-1172316.780,360.910,0.020
-443742.470,-1172316.230,360.580,0.012
-443743.130,-1172315.670,360.230,0.021
-443743.790,-1172315.100,359.920,0.008
-443744.440,-1172314.550,359.620,0.021
-443746.040,-1172313.200,358.880,0.019
-443746.370,-1172312.920,358.700,0.011
-443746.700,-1172312.640,358.540,0.017
-443747.010,-1172312.370,358.410,0.025
-443747.330,-1172312.110,358.340,0.026
-443744.010,-1172314.350,359.390,0.008
-443744.310,-1172314.090,359.250,0.010
-443744.620,-1172313.820,359.100,0.015
-443744.950,-1172313.550,358.980,0.021
-443745.290,-1172313.260,358.790,0.014
-443745.960,-1172312.700,358.480,0.012
-443746.290,-1172312.410,358.340,0.014
-443738.550,-1172318.970,361.990,0.025
-443739.240,-1172318.390,361.620,0.029
-443739.870,-1172317.860,361.300,0.038
-443740.780,-1172317.090,361.000,0.022
-443741.100,-1172316.810,360.830,0.011
-443737.630,-1172319.080,362.010,0.025
-443738.260,-1172318.540,361.690,0.043
-443741.800,-1172315.540,360.050,0.016
-443742.130,-1172315.270,359.870,0.012
-443742.440,-1172315.000,359.750,0.019
-443738.110,-1172318.000,361.320,0.025
-443738.780,-1172317.430,361.010,0.020
-443739.090,-1172317.170,360.840,0.020
-443739.700,-1172316.650,360.580,0.016
-443740.670,-1172315.830,360.170,0.016
-443742.320,-1172314.430,359.380,0.015
-443742.610,-1172314.180,359.230,0.011
-443744.200,-1172312.840,358.460,0.021
-443766.290,-1172294.080,358.870,0.081
-443737.550,-1172317.960,361.270,0.025
-443744.000,-1172312.480,358.310,0.050
-443735.480,-1172319.180,361.920,0.055
-443736.120,-1172318.640,361.580,0.027
-443736.430,-1172318.370,361.440,0.045
-443736.750,-1172318.100,361.290,0.017
-443737.380,-1172317.570,361.010,0.017
-443737.700,-1172317.300,360.830,0.018
-443738.010,-1172317.030,360.700,0.010
-443738.340,-1172316.750,360.500,0.006
-443738.650,-1172316.490,360.370,0.011
-443739.320,-1172315.920,360.060,0.019
-443739.610,-1172315.670,359.920,0.014
-443740.570,-1172314.860,359.530,0.043
-443740.910,-1172314.570,359.340,0.020
-443741.240,-1172314.290,359.180,0.014
-443741.580,-1172314.000,359.010,0.011
-443741.890,-1172313.740,358.880,0.007
-443742.520,-1172313.200,358.570,0.011
-443734.490,-1172319.400,362.010,0.034
-443735.440,-1172318.580,361.570,0.024
-443736.420,-1172317.750,361.060,0.022
-443738.940,-1172315.620,359.890,0.019
-443739.590,-1172315.060,359.560,0.024
-443740.850,-1172313.990,359.020,0.010
-443741.840,-1172313.160,358.530,0.015
-443733.640,-1172319.450,361.970,0.050
-443737.190,-1172316.440,360.240,0.034
-443738.160,-1172315.610,359.800,0.032
-443738.260,-1172314.980,359.420,0.023
-443738.900,-1172314.430,359.090,0.016
-443739.850,-1172313.620,358.670,0.028
-443733.740,-1172318.810,361.550,0.040
-443735.340,-1172317.450,360.810,0.020
-443736.010,-1172316.880,360.490,0.020
-443737.280,-1172315.810,359.860,0.017
-443732.950,-1172318.950,361.540,0.010
-443733.290,-1172318.660,361.390,0.009
-443733.890,-1172318.140,361.110,0.029
-443734.230,-1172317.860,360.950,0.031
-443736.830,-1172315.650,359.680,0.023
-443737.160,-1172315.370,359.520,0.012
-443737.790,-1172314.830,359.210,0.013
-443739.080,-1172313.740,358.620,0.013
-443739.710,-1172313.200,358.330,0.032
-443732.180,-1172319.030,361.640,0.029
-443735.990,-1172315.790,359.760,0.035
-443736.310,-1172315.520,359.620,0.029
-443737.260,-1172314.710,359.180,0.038
-443737.910,-1172314.160,358.860,0.019
-443731.790,-1172318.820,361.410,0.014
-443732.110,-1172318.540,361.260,0.028
-443732.440,-1172318.260,361.100,0.021
-443733.390,-1172317.450,360.650,0.034
-443733.730,-1172317.170,360.480,0.013
-443734.040,-1172316.900,360.330,0.016
-443734.380,-1172316.610,360.160,0.030
-443734.690,-1172316.350,360.010,0.017
-443735.000,-1172316.090,359.840,0.019
-443735.320,-1172315.820,359.680,0.017
-443735.620,-1172315.560,359.560,0.011
-443735.960,-1172315.270,359.400,0.012
-443736.260,-1172315.010,359.260,0.024
-443736.900,-1172314.470,358.940,0.028
-443737.200,-1172314.210,358.820,0.021
-443737.860,-1172313.650,358.520,0.011
-443732.210,-1172318.000,360.940,0.022
-443732.860,-1172317.450,360.630,0.028
-443735.150,-1172315.500,359.520,0.030
-443736.400,-1172314.440,358.960,0.037
-443737.350,-1172313.630,358.520,0.027
-443731.570,-1172318.100,360.930,0.022
-443732.210,-1172317.560,360.630,0.018
-443732.870,-1172317.000,360.280,0.018
-443733.190,-1172316.730,360.160,0.024
-443733.520,-1172316.440,360.010,0.022
-443733.840,-1172316.170,359.870,0.021
-443734.150,-1172315.910,359.690,0.010
-443734.460,-1172315.650,359.550,0.022
-443735.120,-1172315.090,359.220,0.017
-443735.430,-1172314.820,359.080,0.019
-443735.750,-1172314.550,358.940,0.025
-443736.420,-1172313.970,358.600,0.025
-443731.780,-1172317.310,360.450,0.024
-443734.590,-1172314.340,358.720,0.034
-443730.810,-1172317.050,360.220,0.041
-443731.110,-1172316.790,360.080,0.022
-443732.070,-1172315.980,359.610,0.031
-443733.330,-1172314.900,359.000,0.021
-443733.980,-1172314.360,358.710,0.021
-443730.280,-1172317.000,360.060,0.038
-443731.240,-1172316.180,359.610,0.037
-443731.590,-1172315.880,359.440,0.021
-443730.300,-1172316.290,359.720,0.048
-443730.910,-1172315.780,359.400,0.021
-443731.890,-1172314.940,358.950,0.023
-443732.890,-1172314.090,358.460,0.029
-443730.470,-1172315.530,359.150,0.037
-443730.800,-1172315.250,358.990,0.035
-443731.470,-1172314.680,358.650,0.034
-443732.080,-1172314.160,358.390,0.021
-443726.000,-1172318.790,358.260,0.041
-443730.230,-1172315.180,358.980,0.018
-443730.560,-1172314.900,358.820,0.027
-443724.840,-1172319.330,358.480,0.031
-443725.780,-1172318.530,358.010,0.043
-443726.090,-1172318.260,357.830,0.029
-443730.620,-1172314.400,358.430,0.016
-443726.150,-1172317.610,357.410,0.029
-443725.270,-1172317.760,357.380,0.055
-443722.160,-1172319.790,358.660,0.052
-443723.460,-1172318.670,357.960,0.031
-443724.110,-1172318.120,357.570,0.029
-443725.680,-1172316.780,356.760,0.025
-443721.230,-1172320.000,358.620,0.024
-443721.520,-1172319.040,358.030,0.030
-443721.850,-1172318.750,357.880,0.024
-443722.160,-1172318.490,357.670,0.015
-443723.160,-1172316.070,356.020,0.039
-443720.630,-1172316.270,358.070,0.034
-443720.560,-1172315.770,357.700,0.068
-443721.200,-1172315.230,357.440,0.078
-443737.920,-1172291.780,359.850,0.052
-443738.250,-1172291.490,359.660,0.038
-443737.530,-1172291.610,359.620,0.020
-443736.480,-1172291.770,359.710,0.053
-443735.620,-1172291.970,359.760,0.086
-443734.940,-1172291.980,359.800,0.039
-443725.220,-1172295.200,356.690,0.046
-443721.030,-1172293.710,357.900,0.016
-443719.360,-1172294.410,358.210,0.028
-443720.650,-1172293.300,357.620,0.024
-443718.890,-1172294.270,358.070,0.025
-443719.840,-1172293.450,357.640,0.033
-443718.720,-1172293.730,357.710,0.022
-443719.390,-1172293.150,357.420,0.019
-443719.710,-1172292.870,357.260,0.019
-443720.350,-1172292.330,356.990,0.017
-443718.710,-1172293.290,357.390,0.038
-443719.370,-1172292.720,357.120,0.046
-443719.670,-1172292.450,356.970,0.018
-443720.640,-1172291.610,356.510,0.032
-443720.770,-1172290.820,356.030,0.035
-443721.050,-1172290.580,355.980,0.032
-443719.150,-1172292.220,356.820,0.025
-443720.140,-1172291.370,356.320,0.039
-443718.650,-1172292.150,356.840,0.028
-443719.300,-1172291.590,356.430,0.014
-443713.530,-1172336.540,361.010,0.063
-443720.570,-1172320.560,359.000,0.032
-443719.060,-1172317.620,358.850,0.027
-443720.000,-1172316.810,358.420,0.041
-443715.790,-1172319.850,361.030,0.061
-443718.630,-1172317.420,358.680,0.049
-443719.570,-1172316.620,358.230,0.028
-443714.870,-1172321.190,362.070,0.043
-443714.660,-1172319.540,360.740,0.033
-443717.850,-1172316.810,358.230,0.018
-443719.400,-1172315.490,357.490,0.036
-443714.290,-1172320.440,361.450,0.042
-443718.410,-1172316.920,358.370,0.019
-443718.730,-1172316.650,358.210,0.020
-443719.070,-1172316.360,358.020,0.035
-443719.370,-1172316.100,357.880,0.027
-443719.700,-1172315.820,357.740,0.018
-443720.020,-1172315.540,357.560,0.047
-443713.270,-1172319.700,360.720,0.015
-443717.080,-1172316.440,357.900,0.028
-443717.390,-1172316.170,357.740,0.037
-443717.700,-1172315.900,357.620,0.034
-443718.020,-1172315.630,357.460,0.014
-443711.750,-1172321.440,362.030,0.020
-443717.890,-1172316.180,357.820,0.027
-443718.190,-1172315.930,357.690,0.020
-443718.510,-1172315.650,357.540,0.021
-443718.800,-1172315.400,357.440,0.018
-443716.970,-1172315.900,357.560,0.037
-443709.420,-1172321.840,362.070,0.052
-443706.440,-1172321.840,361.940,0.023
-443705.240,-1172317.120,357.760,0.074
-443705.550,-1172316.850,357.690,0.086
-443697.950,-1172316.800,360.980,0.063
-443717.770,-1172294.100,357.840,0.025
-443717.780,-1172294.550,358.160,0.026
-443718.090,-1172294.270,358.000,0.028
-443717.280,-1172293.840,357.650,0.028
-443717.920,-1172293.290,357.340,0.035
-443717.130,-1172294.650,358.130,0.019
-443716.110,-1172294.340,357.910,0.024
-443717.730,-1172292.950,357.160,0.017
-443714.980,-1172294.770,358.060,0.021
-443715.640,-1172294.190,357.750,0.022
-443717.510,-1172292.580,356.920,0.031
-443713.500,-1172294.970,358.060,0.031
-443714.470,-1172294.130,357.590,0.028
-443715.090,-1172293.600,357.320,0.032
-443715.920,-1172293.560,357.340,0.026
-443716.230,-1172293.290,357.200,0.028
-443716.900,-1172292.710,356.910,0.027
-443712.900,-1172294.940,358.000,0.038
-443713.230,-1172294.650,357.850,0.015
-443713.520,-1172294.400,357.710,0.021
-443713.850,-1172294.110,357.560,0.019
-443715.080,-1172293.040,356.980,0.027
-443715.710,-1172292.500,356.710,0.021
-443716.360,-1172291.940,356.410,0.013
-443717.640,-1172290.830,355.810,0.074
-443713.330,-1172293.970,357.420,0.019
-443713.650,-1172293.690,357.270,0.015
-443714.280,-1172293.140,356.990,0.023
-443714.600,-1172292.860,356.850,0.015
-443714.920,-1172292.590,356.670,0.024
-443715.230,-1172292.320,356.550,0.023
-443715.560,-1172292.030,356.370,0.015
-443715.870,-1172291.760,356.210,0.008
-443716.160,-1172291.520,356.110,0.013
-443716.810,-1172290.950,355.820,0.015
-443713.270,-1172293.600,357.220,0.009
-443713.890,-1172293.070,356.920,0.014
-443714.220,-1172292.770,356.770,0.014
-443714.520,-1172292.510,356.670,0.052
-443715.180,-1172291.950,356.340,0.015
-443715.510,-1172291.660,356.190,0.012
-443716.150,-1172291.110,355.880,0.016
-443712.010,-1172293.560,357.160,0.036
-443712.970,-1172292.730,356.700,0.037
-443713.910,-1172291.910,356.280,0.022
-443714.240,-1172291.620,356.120,0.015
-443714.900,-1172291.050,355.810,0.016
-443712.300,-1172293.790,357.310,0.038
-443712.640,-1172293.510,357.120,0.022
-443714.880,-1172291.570,356.100,0.023
-443715.200,-1172291.290,355.950,0.016
-443715.520,-1172291.010,355.800,0.013
-443710.880,-1172293.910,357.280,0.030
-443711.210,-1172293.620,357.090,0.029
-443711.800,-1172293.110,356.850,0.018
-443712.450,-1172292.540,356.530,0.054
-443712.760,-1172292.280,356.380,0.018
-443713.060,-1172292.020,356.230,0.040
-443714.350,-1172290.900,355.650,0.019
-443710.770,-1172293.530,356.990,0.022
-443712.060,-1172292.420,356.420,0.045
-443712.360,-1172292.150,356.290,0.028
-443712.690,-1172291.870,356.120,0.030
-443712.990,-1172291.600,355.980,0.023
-443713.310,-1172291.330,355.810,0.020
-443713.620,-1172291.060,355.700,0.059
-443711.900,-1172291.750,355.990,0.025
-443712.580,-1172291.160,355.670,0.016
-443710.830,-1172291.430,355.700,0.020
-443710.600,-1172292.360,356.320,0.041
-443702.940,-1172295.510,358.450,0.037
-443705.050,-1172291.330,356.880,0.066
