-443794.991,-1172385.670,351.922,0.008
-443794.761,-1172388.150,351.882,0.008
-443734.610,-1172405.290,350.511,0.009
-443753.811,-1172398.300,350.481,0.009
-443833.100,-1172422.760,348.563,0.007
-443797.301,-1172408.669,351.952,0.008
-443776.610,-1172412.590,353.563,0.008
-443793.571,-1172407.140,351.521,0.009
-443808.400,-1172379.600,348.292,0.008
-443795.611,-1172390.790,351.981,0.009
-443795.751,-1172392.460,351.944,0.006
-443795.781,-1172392.960,351.940,0.010
-443795.931,-1172394.790,351.942,0.008
-443732.781,-1172398.910,350.562,0.008
-443732.970,-1172405.320,350.582,0.008
-443738.550,-1172403.780,350.424,0.006
-443753.580,-1172401.780,350.461,0.009
-443752.340,-1172402.840,350.462,0.008
-443758.970,-1172397.200,349.764,0.006
-443761.340,-1172400.630,349.631,0.009
-443797.540,-1172330.500,351.201,0.009
-443759.891,-1172319.510,354.615,0.005
-443829.010,-1172349.190,370.694,0.006
-443833.670,-1172350.590,370.654,0.006
-443838.151,-1172353.540,370.741,0.009
-443832.790,-1172358.090,373.221,0.009
-443835.200,-1172426.130,373.885,0.005
-443835.210,-1172423.910,373.893,0.007
-443841.471,-1172405.340,374.120,0.010
-443837.741,-1172407.640,374.161,0.009
-443848.991,-1172389.910,374.271,0.009
-443848.651,-1172378.210,374.271,0.009
-443840.781,-1172380.620,377.571,0.009
-443706.341,-1172330.380,360.840,0.010
-443761.580,-1172321.200,354.763,0.007
-443845.701,-1172425.120,374.170,0.010
-443843.020,-1172410.120,374.121,0.009
-443838.620,-1172397.130,374.314,0.006
-443836.900,-1172401.750,374.181,0.009
-443714.291,-1172332.910,360.760,0.010
-443714.270,-1172333.740,360.833,0.007
-443707.540,-1172336.700,360.891,0.009
-443706.531,-1172333.500,360.833,0.008
-443707.340,-1172326.820,360.876,0.004
-443703.730,-1172292.590,356.931,0.009
-443811.430,-1172433.230,349.343,0.007
-443807.410,-1172410.120,348.080,0.010
-443804.580,-1172410.120,348.200,0.010
-443804.540,-1172406.260,348.056,0.004
-443796.811,-1172404.010,351.862,0.008
-443793.421,-1172406.720,351.452,0.008
-443795.501,-1172404.850,351.701,0.009
-443795.791,-1172404.590,351.721,0.009
-443796.691,-1172403.779,351.871,0.009
-443793.981,-1172405.730,351.531,0.009
-443794.291,-1172405.460,351.585,0.005
-443793.511,-1172405.230,351.480,0.010
-443794.781,-1172403.600,351.644,0.006
-443796.141,-1172405.919,351.791,0.009
-443795.841,-1172405.760,351.760,0.010
-443796.730,-1172404.960,351.851,0.009
-443793.471,-1172407.380,351.453,0.007
-443793.751,-1172410.280,351.443,0.007
-443794.031,-1172410.030,351.493,0.008
-443793.811,-1172409.830,351.443,0.007
-443795.611,-1172408.210,351.712,0.008
-443793.772,-1172409.360,351.461,0.009
-443794.071,-1172409.090,351.501,0.009
-443794.671,-1172408.550,351.591,0.009
-443795.241,-1172408.040,351.661,0.009
-443793.981,-1172408.640,351.483,0.007
-443796.141,-1172408.540,351.781,0.009
-443801.460,-1172405.440,348.102,0.008
-443797.031,-1172409.410,351.896,0.004
-443791.631,-1172422.850,350.084,0.006
-443791.531,-1172422.590,350.032,0.008
-443791.420,-1172422.320,350.081,0.009
-443790.631,-1172422.190,350.011,0.009
-443731.490,-1172410.060,348.972,0.008
-443730.650,-1172409.630,348.964,0.006
-443733.990,-1172409.350,350.431,0.009
-443731.170,-1172414.400,349.004,0.006
-443737.141,-1172410.540,350.422,0.008
-443730.610,-1172415.940,349.046,0.004
-443742.230,-1172407.570,350.421,0.009
-443740.160,-1172408.420,350.384,0.006
-443737.280,-1172411.030,350.441,0.009
-443738.740,-1172411.610,350.471,0.009
-443742.060,-1172408.100,350.413,0.007
-443742.350,-1172407.840,350.391,0.009
-443745.550,-1172407.790,350.385,0.005
-443745.840,-1172408.830,350.426,0.004
-443749.191,-1172407.280,350.371,0.009
-443745.100,-1172410.510,350.452,0.008
-443746.500,-1172409.250,350.405,0.005
-443748.220,-1172407.690,350.396,0.004
-443751.231,-1172406.890,350.394,0.006
-443749.821,-1172407.770,350.364,0.006
-443751.020,-1172407.570,350.394,0.006
-443746.960,-1172410.760,350.453,0.007
-443749.071,-1172409.840,350.463,0.007
-443751.680,-1172409.020,350.421,0.009
-443753.660,-1172407.230,350.415,0.005
-443754.251,-1172406.700,350.452,0.008
-443752.921,-1172408.410,350.413,0.007
-443753.771,-1172407.640,350.412,0.008
-443751.240,-1172409.930,350.450,0.010
-443751.801,-1172409.420,350.441,0.009
-443752.501,-1172409.360,350.423,0.007
-443752.290,-1172410.240,350.451,0.009
-443789.781,-1172404.520,351.053,0.007
-443789.931,-1172404.730,351.072,0.008
-443790.101,-1172404.990,351.085,0.005
-443790.711,-1172404.450,351.151,0.009
-443791.611,-1172403.640,351.275,0.005
-443790.341,-1172407.020,351.063,0.007
-443790.671,-1172406.720,351.142,0.008
-443791.780,-1172406.300,351.223,0.007
-443791.411,-1172407.110,351.210,0.010
-443791.711,-1172406.840,351.254,0.006
-443792.031,-1172406.560,351.294,0.006
-443792.081,-1172406.920,351.231,0.009
-443776.980,-1172421.020,353.513,0.007
-443790.781,-1172409.100,351.120,0.010
-443793.131,-1172406.990,351.384,0.006
-443791.471,-1172408.810,351.190,0.010
-443793.240,-1172407.220,351.424,0.006
-443791.681,-1172408.990,351.212,0.008
-443793.191,-1172407.630,351.444,0.006
-443791.940,-1172409.270,351.223,0.007
-443792.851,-1172408.450,351.371,0.009
-443791.051,-1172410.490,351.113,0.007
-443791.361,-1172410.210,351.151,0.009
-443792.191,-1172410.240,351.264,0.006
-443792.331,-1172410.660,351.292,0.008
-443793.501,-1172409.600,351.431,0.009
-443793.511,-1172410.100,351.401,0.009
-443785.840,-1172418.740,349.915,0.005
-443787.620,-1172418.890,349.903,0.007
-443787.640,-1172419.690,349.963,0.007
-443792.621,-1172377.620,351.714,0.006
-443792.941,-1172377.870,351.712,0.008
-443792.961,-1172378.230,351.753,0.007
-443791.701,-1172379.890,351.542,0.008
-443791.421,-1172380.640,351.474,0.006
-443792.321,-1172379.830,351.590,0.010
-443792.621,-1172379.550,351.683,0.007
-443792.901,-1172379.300,351.704,0.006
-443794.081,-1172378.230,351.871,0.009
-443792.691,-1172380.030,351.642,0.009
-443794.121,-1172378.740,351.853,0.007
-443792.981,-1172380.109,351.704,0.007
-443794.521,-1172381.960,351.811,0.009
-443794.821,-1172381.680,351.852,0.008
-443794.041,-1172383.600,351.804,0.006
-443798.850,-1172381.530,348.273,0.007
-443794.571,-1172385.750,351.867,0.003
-443794.380,-1172386.320,351.772,0.008
-443794.940,-1172385.810,351.875,0.005
-443800.820,-1172380.950,348.292,0.008
-443801.410,-1172380.920,348.313,0.007
-443794.781,-1172388.150,351.852,0.009
-443804.111,-1172380.640,348.213,0.007
-443804.781,-1172380.460,348.211,0.009
-443808.161,-1172377.940,348.281,0.009
-443795.191,-1172390.190,351.850,0.010
-443810.420,-1172376.910,348.286,0.004
-443795.551,-1172390.850,351.874,0.006
-443805.371,-1172381.460,348.162,0.008
-443807.851,-1172379.760,348.203,0.007
-443793.491,-1172393.270,351.601,0.009
-443808.401,-1172379.830,348.241,0.009
-443809.790,-1172378.580,348.235,0.005
-443812.880,-1172375.790,348.265,0.005
-443793.241,-1172394.100,351.570,0.010
-443794.421,-1172393.480,351.715,0.005
-443794.721,-1172393.210,351.751,0.009
-443795.601,-1172392.410,351.876,0.004
-443806.220,-1172382.390,348.220,0.010
-443806.480,-1172382.160,348.181,0.009
-443812.090,-1172377.550,348.243,0.007
-443813.490,-1172376.280,348.255,0.005
-443794.291,-1172394.100,351.672,0.008
-443794.581,-1172393.840,351.725,0.005
-443794.890,-1172393.560,351.767,0.003
-443795.771,-1172392.770,351.872,0.009
-443808.880,-1172380.940,348.184,0.006
-443815.260,-1172375.760,348.262,0.008
-443793.371,-1172395.500,351.573,0.007
-443794.280,-1172394.680,351.717,0.003
-443795.151,-1172393.890,351.774,0.006
-443795.441,-1172393.630,351.830,0.010
-443793.931,-1172395.569,351.610,0.010
-443794.241,-1172395.300,351.652,0.008
-443794.811,-1172394.780,351.763,0.007
-443795.681,-1172393.990,351.862,0.008
-443808.560,-1172381.800,348.184,0.006
-443809.930,-1172381.150,348.141,0.009
-443816.190,-1172375.930,348.283,0.007
-443793.171,-1172396.670,351.550,0.010
-443795.761,-1172394.350,351.851,0.009
-443796.001,-1172394.540,351.892,0.008
-443792.771,-1172397.450,351.504,0.006
-443793.061,-1172397.180,351.513,0.007
-443793.351,-1172396.920,351.546,0.004
-443793.521,-1172397.300,351.571,0.009
-443793.831,-1172397.019,351.613,0.007
-443811.530,-1172381.070,348.154,0.006
-443813.070,-1172380.130,348.066,0.004
-443794.011,-1172397.300,351.635,0.005
-443794.181,-1172397.560,351.664,0.006
-443812.530,-1172381.400,348.112,0.008
-443815.020,-1172379.160,348.125,0.005
-443815.580,-1172378.650,348.141,0.009
-443793.541,-1172398.980,351.561,0.009
-443814.360,-1172380.680,348.053,0.007
-443818.920,-1172377.760,348.144,0.006
-443819.491,-1172377.240,348.161,0.009
-443794.271,-1172399.950,351.633,0.007
-443794.231,-1172400.519,351.601,0.009
-443794.392,-1172400.719,351.661,0.009
-443794.291,-1172401.220,351.631,0.009
-443793.131,-1172402.730,351.504,0.006
-443794.591,-1172401.410,351.671,0.009
-443796.031,-1172400.120,351.843,0.007
-443819.240,-1172378.760,348.121,0.009
-443793.411,-1172402.960,351.522,0.008
-443793.681,-1172402.720,351.524,0.006
-443796.051,-1172400.589,351.851,0.009
-443795.120,-1172402.720,351.734,0.006
-443739.430,-1172390.010,349.325,0.005
-443741.530,-1172389.230,349.233,0.007
-443741.640,-1172390.170,349.242,0.008
-443730.750,-1172400.660,348.951,0.009
-443730.560,-1172401.740,348.963,0.007
-443731.111,-1172401.240,348.972,0.008
-443731.451,-1172401.410,348.970,0.010
-443730.170,-1172403.710,348.923,0.007
-443735.720,-1172400.440,350.404,0.006
-443731.790,-1172404.480,348.984,0.006
-443736.640,-1172400.080,350.392,0.008
-443737.781,-1172399.040,350.391,0.009
-443735.991,-1172401.600,350.382,0.008
-443737.111,-1172400.570,350.362,0.008
-443737.400,-1172400.310,350.361,0.009
-443738.570,-1172399.250,350.412,0.008
-443738.100,-1172400.160,350.393,0.007
-443738.390,-1172399.890,350.383,0.007
-443736.410,-1172402.260,350.362,0.008
-443738.910,-1172400.600,350.351,0.009
-443740.370,-1172399.270,350.415,0.005
-443741.490,-1172398.250,350.401,0.009
-443735.820,-1172403.900,350.414,0.006
-443741.240,-1172398.980,350.404,0.006
-443734.260,-1172405.840,350.412,0.008
-443740.650,-1172400.560,350.365,0.005
-443743.240,-1172398.210,350.390,0.010
-443743.260,-1172398.690,350.412,0.008
-443743.250,-1172399.030,350.401,0.009
-443741.470,-1172401.010,350.367,0.003
-443743.190,-1172399.450,350.380,0.010
-443741.140,-1172401.870,350.368,0.002
-443741.420,-1172401.610,350.355,0.005
-443742.261,-1172400.850,350.372,0.008
-443742.860,-1172400.310,350.422,0.008
-443740.920,-1172403.450,350.342,0.008
-443741.480,-1172402.940,350.341,0.009
-443742.090,-1172402.390,350.361,0.009
-443740.040,-1172404.730,350.343,0.007
-443741.220,-1172403.660,350.343,0.007
-443739.900,-1172405.290,350.301,0.009
-443740.861,-1172404.740,350.350,0.010
-443742.021,-1172403.700,350.360,0.010
-443743.181,-1172402.640,350.411,0.009
-443746.860,-1172399.300,350.362,0.008
-443747.160,-1172399.030,350.373,0.007
-443748.390,-1172398.270,350.391,0.009
-443739.201,-1172406.610,350.332,0.008
-443740.950,-1172405.020,350.362,0.008
-443746.961,-1172399.570,350.364,0.006
-443741.290,-1172405.750,350.374,0.006
-443743.320,-1172403.910,350.424,0.006
-443748.360,-1172399.830,350.372,0.008
-443743.240,-1172404.480,350.436,0.004
-443742.320,-1172405.840,350.402,0.008
-443742.590,-1172405.600,350.403,0.007
-443748.300,-1172400.410,350.350,0.010
-443749.740,-1172399.110,350.350,0.010
-443750.910,-1172398.050,350.364,0.006
-443751.190,-1172397.800,350.385,0.005
-443742.770,-1172406.060,350.423,0.007
-443743.360,-1172405.520,350.443,0.007
-443742.850,-1172406.590,350.395,0.005
-443743.440,-1172406.060,350.415,0.005
-443746.540,-1172403.240,350.345,0.005
-443746.830,-1172402.980,350.354,0.006
-443746.760,-1172403.460,350.341,0.009
-443766.440,-1172385.990,348.992,0.008
-443767.840,-1172384.720,349.042,0.008
-443743.190,-1172407.080,350.391,0.009
-443751.380,-1172399.280,350.395,0.005
-443752.070,-1172399.030,350.372,0.008
-443752.360,-1172398.760,350.374,0.006
-443752.651,-1172398.500,350.390,0.010
-443753.811,-1172397.440,350.451,0.009
-443750.151,-1172401.270,350.361,0.009
-443752.730,-1172398.930,350.382,0.008
-443768.180,-1172384.920,349.047,0.003
-443752.141,-1172399.940,350.331,0.009
-443750.230,-1172402.060,350.332,0.008
-443752.260,-1172400.230,350.360,0.010
-443767.290,-1172386.200,349.015,0.005
-443752.981,-1172400.020,350.382,0.008
-443756.060,-1172397.750,349.682,0.008
-443752.430,-1172401.540,350.361,0.009
-443756.790,-1172397.590,349.685,0.005
-443753.181,-1172401.300,350.411,0.009
-443750.001,-1172404.560,350.343,0.007
-443753.161,-1172401.700,350.361,0.009
-443753.450,-1172401.430,350.373,0.007
-443747.860,-1172407.000,350.397,0.003
-443751.261,-1172403.920,350.382,0.008
-443751.550,-1172403.660,350.384,0.006
-443751.091,-1172404.600,350.330,0.010
-443752.241,-1172403.560,350.362,0.008
-443752.530,-1172403.290,350.404,0.006
-443751.961,-1172404.300,350.400,0.010
-443752.250,-1172404.040,350.406,0.004
-443752.540,-1172403.780,350.382,0.008
-443758.100,-1172399.210,349.625,0.005
-443768.010,-1172389.760,348.977,0.003
-443768.271,-1172389.530,348.981,0.009
-443752.711,-1172404.610,350.392,0.008
-443751.250,-1172406.480,350.362,0.008
-443752.090,-1172406.120,350.392,0.008
-443752.680,-1172405.580,350.384,0.006
-443753.541,-1172404.800,350.421,0.009
-443753.861,-1172404.510,350.464,0.006
-443754.141,-1172404.250,350.452,0.008
-443757.000,-1172401.660,349.535,0.006
-443758.710,-1172400.120,349.574,0.006
-443758.990,-1172399.860,349.584,0.006
-443753.640,-1172405.190,350.433,0.007
-443753.931,-1172404.930,350.443,0.007
-443753.100,-1172406.190,350.401,0.009
-443753.680,-1172405.660,350.423,0.007
-443753.981,-1172405.390,350.452,0.008
-443754.272,-1172405.120,350.480,0.010
-443755.660,-1172403.870,349.481,0.009
-443754.021,-1172405.940,350.452,0.008
-443754.310,-1172405.680,350.494,0.007
-443761.700,-1172398.980,349.601,0.009
-443753.911,-1172406.490,350.420,0.010
-443754.211,-1172406.230,350.452,0.008
-443757.270,-1172403.460,349.480,0.010
-443759.030,-1172401.860,349.524,0.006
-443760.760,-1172400.290,349.562,0.008
-443760.910,-1172401.170,349.543,0.007
-443760.830,-1172402.510,349.483,0.007
-443761.420,-1172401.970,349.502,0.008
-443761.990,-1172401.460,349.533,0.007
-443766.870,-1172397.430,349.715,0.005
-443759.970,-1172403.670,349.497,0.003
-443760.540,-1172403.150,349.496,0.004
-443760.830,-1172402.890,349.515,0.005
-443761.700,-1172402.110,349.532,0.008
-443763.161,-1172400.780,349.573,0.007
-443762.680,-1172401.700,349.501,0.009
-443762.530,-1172402.190,349.520,0.010
-443763.680,-1172401.150,349.522,0.008
-443764.830,-1172400.110,349.562,0.008
-443768.300,-1172396.980,349.700,0.010
-443764.680,-1172400.730,349.531,0.009
-443768.460,-1172397.310,349.724,0.006
-443787.681,-1172380.420,351.084,0.006
-443766.900,-1172399.220,349.593,0.007
-443768.060,-1172398.180,349.665,0.005
-443769.160,-1172397.180,350.466,0.004
-443769.420,-1172396.940,350.485,0.005
-443769.731,-1172396.670,350.501,0.009
-443770.010,-1172396.410,350.514,0.006
-443788.471,-1172380.970,351.150,0.010
-443764.430,-1172402.340,349.512,0.009
-443787.691,-1172382.070,351.043,0.007
-443765.030,-1172402.180,349.500,0.010
-443788.571,-1172381.280,351.162,0.008
-443788.871,-1172381.000,351.161,0.009
-443764.240,-1172403.280,349.483,0.007
-443764.810,-1172402.770,349.503,0.007
-443767.110,-1172400.690,349.554,0.006
-443788.001,-1172382.340,351.054,0.006
-443767.390,-1172401.350,349.524,0.006
-443771.651,-1172397.500,350.413,0.007
-443788.481,-1172383.300,351.135,0.005
-443772.690,-1172397.080,350.415,0.005
-443788.141,-1172383.100,351.051,0.009
-443788.731,-1172382.570,351.143,0.007
-443788.560,-1172383.760,351.081,0.009
-443788.871,-1172383.489,351.122,0.008
-443769.290,-1172400.650,350.332,0.008
-443767.930,-1172402.420,349.473,0.007
-443767.700,-1172402.970,349.490,0.010
-443770.550,-1172400.380,350.341,0.009
-443771.991,-1172399.090,350.351,0.009
-443790.171,-1172383.510,351.301,0.009
-443790.440,-1172383.260,351.336,0.004
-443772.911,-1172399.110,350.332,0.008
-443790.441,-1172382.780,351.321,0.009
-443790.731,-1172382.520,351.361,0.009
-443771.810,-1172400.570,350.284,0.006
-443772.420,-1172401.430,350.252,0.008
-443773.000,-1172400.910,350.291,0.009
-443789.581,-1172386.420,351.245,0.005
-443788.231,-1172387.140,351.053,0.007
-443788.521,-1172386.880,351.083,0.007
-443788.832,-1172386.600,351.171,0.010
-443789.130,-1172386.320,351.196,0.004
-443789.820,-1172386.560,351.254,0.006
-443770.590,-1172404.320,350.277,0.003
-443789.671,-1172389.820,351.153,0.007
-443789.951,-1172390.320,351.192,0.009
-443789.881,-1172389.989,351.213,0.008
-443791.101,-1172391.000,351.343,0.007
-443791.181,-1172391.930,351.313,0.007
-443790.991,-1172391.560,351.322,0.008
-443791.271,-1172391.310,351.364,0.006
-443791.581,-1172391.040,351.425,0.005
-443791.861,-1172390.780,351.484,0.006
-443791.701,-1172390.460,351.393,0.007
-443790.871,-1172393.010,351.291,0.009
-443791.071,-1172393.900,351.291,0.009
-443789.381,-1172394.880,351.091,0.009
-443789.691,-1172394.590,351.172,0.008
-443790.871,-1172393.530,351.303,0.007
-443790.311,-1172396.740,351.201,0.009
-443789.721,-1172396.670,351.165,0.005
-443790.011,-1172396.410,351.181,0.009
-443790.311,-1172396.140,351.192,0.008
-443789.391,-1172396.400,351.084,0.006
-443789.271,-1172398.620,351.053,0.007
-443789.441,-1172397.970,351.100,0.010
-443791.351,-1172399.710,351.283,0.008
-443792.221,-1172398.920,351.391,0.009
-443791.191,-1172399.400,351.286,0.005
-443792.491,-1172397.700,351.473,0.007
-443791.991,-1172397.740,351.381,0.009
-443792.271,-1172397.490,351.432,0.008
-443791.880,-1172397.420,351.374,0.006
-443793.111,-1172403.240,351.441,0.009
-443791.901,-1172401.610,351.331,0.009
-443791.751,-1172401.390,351.333,0.007
-443791.532,-1172401.240,351.291,0.009
-443789.991,-1172402.180,351.131,0.009
-443790.280,-1172401.920,351.163,0.007
-443789.851,-1172401.830,351.081,0.009
-443791.961,-1172399.930,351.385,0.005
-443792.401,-1172399.170,351.444,0.006
-443801.010,-1172330.850,351.341,0.009
-443801.110,-1172330.350,351.383,0.007
-443800.061,-1172330.260,351.331,0.010
-443800.130,-1172329.850,351.303,0.007
-443800.411,-1172329.600,351.304,0.006
-443829.850,-1172302.510,351.384,0.006
-443830.120,-1172302.270,351.384,0.006
-443800.210,-1172329.460,351.311,0.009
-443799.491,-1172329.680,351.273,0.007
-443797.621,-1172330.560,351.121,0.009
-443797.350,-1172329.870,351.122,0.008
-443797.530,-1172328.050,351.191,0.009
-443797.820,-1172327.790,351.212,0.008
-443796.670,-1172328.250,351.124,0.006
-443797.230,-1172327.730,351.176,0.004
-443796.491,-1172327.830,351.094,0.006
-443796.781,-1172327.570,351.150,0.010
-443797.061,-1172327.320,351.184,0.006
-443797.340,-1172327.060,351.182,0.008
-443797.601,-1172326.820,351.193,0.007
-443798.421,-1172326.070,351.232,0.008
-443798.701,-1172325.820,351.261,0.009
-443798.190,-1172325.890,351.203,0.007
-443798.750,-1172325.390,351.263,0.007
-443796.371,-1172326.120,351.151,0.009
-443761.671,-1172321.280,354.735,0.005
-443759.791,-1172321.690,354.562,0.008
-443760.371,-1172321.160,354.603,0.007
-443760.010,-1172321.240,354.563,0.007
-443760.281,-1172321.000,354.594,0.006
-443759.841,-1172319.510,354.571,0.009
-443762.841,-1172316.130,354.862,0.008
-443763.111,-1172315.890,354.871,0.009
-443762.981,-1172315.670,354.860,0.010
-443763.261,-1172315.410,354.892,0.008
-443762.921,-1172315.090,354.851,0.009
-443762.560,-1172315.090,354.843,0.007
-443760.220,-1172316.410,354.611,0.009
-443758.481,-1172317.410,354.471,0.009
-443759.020,-1172316.920,354.512,0.008
-443758.860,-1172316.660,354.493,0.007
-443759.131,-1172316.410,354.503,0.007
-443759.440,-1172316.140,354.552,0.008
-443760.121,-1172314.660,354.602,0.008
-443759.821,-1172314.500,354.611,0.009
-443759.430,-1172314.000,354.592,0.008
-443760.530,-1172312.990,354.672,0.008
-443760.801,-1172312.750,354.713,0.007
-443762.230,-1172311.440,354.892,0.008
-443760.531,-1172312.420,354.714,0.006
-443757.281,-1172313.650,354.433,0.007
-443716.360,-1172327.680,354.415,0.005
-443716.660,-1172327.400,354.425,0.005
-443716.950,-1172327.130,354.436,0.004
-443850.110,-1172428.560,374.157,0.003
-443851.660,-1172427.200,373.743,0.007
-443850.270,-1172428.830,374.176,0.004
-443850.331,-1172425.340,374.141,0.009
-443848.251,-1172427.700,374.152,0.008
-443845.011,-1172430.870,374.163,0.007
-443846.100,-1172429.050,374.143,0.007
-443844.970,-1172428.450,374.120,0.010
-443845.270,-1172428.180,374.130,0.010
-443847.260,-1172425.160,374.080,0.010
-443843.701,-1172427.770,374.111,0.009
-443844.460,-1172426.260,374.123,0.007
-443845.581,-1172425.270,374.121,0.009
-443849.230,-1172422.060,374.120,0.010
-443838.490,-1172431.180,374.191,0.009
-443850.990,-1172420.170,373.773,0.007
-443848.711,-1172421.170,374.100,0.010
-443849.061,-1172421.340,374.103,0.007
-443850.180,-1172420.340,374.135,0.005
-443846.650,-1172422.460,374.062,0.008
-443841.980,-1172427.100,374.122,0.008
-443845.860,-1172423.680,374.051,0.009
-443846.150,-1172423.430,374.063,0.007
-443851.170,-1172417.210,373.782,0.008
-443837.780,-1172429.420,374.155,0.005
-443839.441,-1172427.950,374.161,0.009
-443841.121,-1172426.480,374.141,0.009
-443848.141,-1172420.290,374.093,0.007
-443843.021,-1172423.960,374.111,0.009
-443847.251,-1172420.240,374.032,0.008
-443835.470,-1172431.040,373.881,0.009
-443842.600,-1172424.760,374.120,0.010
-443846.571,-1172419.920,374.030,0.010
-443846.731,-1172418.830,374.072,0.008
-443846.830,-1172419.210,374.065,0.005
-443840.590,-1172424.250,374.131,0.009
-443845.030,-1172418.650,374.062,0.008
-443838.241,-1172424.840,374.140,0.010
-443842.701,-1172420.910,374.102,0.008
-443835.401,-1172427.150,373.802,0.008
-443835.520,-1172426.520,373.816,0.004
-443835.800,-1172426.270,373.803,0.007
-443842.631,-1172419.350,377.354,0.006
-443848.121,-1172412.530,374.132,0.008
-443851.030,-1172409.960,373.733,0.007
-443851.301,-1172409.720,373.740,0.010
-443847.340,-1172412.830,374.093,0.007
-443845.901,-1172412.970,374.081,0.009
-443846.200,-1172412.710,374.071,0.009
-443846.741,-1172412.230,374.091,0.009
-443841.701,-1172416.680,377.392,0.008
-443840.381,-1172416.920,377.393,0.007
-443846.391,-1172409.150,374.101,0.009
-443843.470,-1172412.090,374.044,0.006
-443843.640,-1172411.580,374.083,0.007
-443849.580,-1172404.440,374.102,0.008
-443843.540,-1172408.990,374.022,0.008
-443847.691,-1172405.320,374.072,0.008
-443830.121,-1172420.449,377.551,0.010
-443846.730,-1172405.340,374.064,0.006
-443838.020,-1172412.230,374.092,0.008
-443839.150,-1172411.230,374.093,0.007
-443845.760,-1172404.920,374.105,0.005
-443846.280,-1172404.450,374.105,0.005
-443847.970,-1172402.170,374.092,0.008
-443838.770,-1172410.310,374.041,0.009
-443842.980,-1172406.580,374.071,0.009
-443845.720,-1172403.200,374.103,0.007
-443847.920,-1172401.260,374.123,0.007
-443843.670,-1172404.670,374.070,0.010
-443835.060,-1172412.650,373.796,0.004
-443839.300,-1172408.890,374.056,0.004
-443840.411,-1172407.910,374.061,0.009
-443845.700,-1172402.120,374.062,0.008
-443847.660,-1172400.380,374.116,0.004
-443840.371,-1172406.390,374.022,0.008
-443841.210,-1172405.650,374.044,0.006
-443848.250,-1172398.660,374.240,0.010
-443840.680,-1172405.730,374.013,0.007
-443842.650,-1172403.980,374.070,0.010
-443843.720,-1172401.790,374.111,0.009
-443837.681,-1172407.600,374.100,0.010
-443834.711,-1172409.790,373.751,0.009
-443838.430,-1172405.830,374.075,0.005
-443841.761,-1172402.430,374.052,0.008
-443848.181,-1172396.740,374.183,0.007
-443841.920,-1172401.830,374.115,0.005
-443846.081,-1172398.140,374.232,0.008
-443848.030,-1172396.410,374.225,0.005
-443839.960,-1172403.570,374.094,0.006
-443838.580,-1172404.390,374.061,0.009
-443839.170,-1172403.870,374.062,0.008
-443847.510,-1172395.600,374.191,0.009
-443840.021,-1172401.790,374.072,0.008
-443839.960,-1172401.480,374.082,0.008
-443843.300,-1172398.520,374.235,0.005
-443849.111,-1172393.360,374.182,0.008
-443834.951,-1172406.300,373.840,0.010
-443836.870,-1172403.910,374.101,0.009
-443835.070,-1172405.010,373.892,0.008
-443838.210,-1172402.210,374.082,0.008
-443847.630,-1172393.840,374.172,0.008
-443838.950,-1172401.110,374.103,0.007
-443845.870,-1172394.960,374.201,0.009
-443846.140,-1172394.720,374.192,0.008
-443844.770,-1172395.570,374.180,0.010
-443846.650,-1172393.890,374.151,0.009
-443848.061,-1172392.640,374.151,0.009
-443836.491,-1172402.570,374.091,0.009
-443848.930,-1172390.490,374.235,0.005
-443840.140,-1172398.310,374.250,0.010
-443841.220,-1172397.350,374.261,0.009
-443845.370,-1172393.660,374.215,0.005
-443847.030,-1172392.180,374.193,0.007
-443847.570,-1172391.700,374.206,0.004
-443838.650,-1172399.230,374.234,0.006
-443839.190,-1172398.740,374.212,0.008
-443841.090,-1172397.050,374.233,0.007
-443847.190,-1172391.630,374.164,0.006
-443847.461,-1172391.390,374.160,0.010
-443849.111,-1172389.920,374.201,0.009
-443840.331,-1172397.340,374.251,0.009
-443837.571,-1172399.370,374.230,0.010
-443839.260,-1172397.870,374.214,0.006
-443837.870,-1172398.670,374.254,0.006
-443838.151,-1172398.430,374.241,0.009
-443839.260,-1172397.440,374.242,0.008
-443840.921,-1172395.960,374.250,0.010
-443847.800,-1172389.840,374.212,0.008
-443846.620,-1172390.540,374.163,0.007
-443838.250,-1172397.600,374.252,0.008
-443838.550,-1172397.330,374.265,0.005
-443839.640,-1172396.360,374.266,0.004
-443840.070,-1172395.480,374.231,0.009
-443841.460,-1172394.250,374.232,0.008
-443842.860,-1172393.000,374.231,0.009
-443838.990,-1172396.450,374.232,0.008
-443846.880,-1172388.040,374.181,0.009
-443839.210,-1172394.870,374.232,0.008
-443839.550,-1172394.140,374.264,0.006
-443843.430,-1172390.680,374.234,0.006
-443842.610,-1172391.140,374.222,0.008
-443844.010,-1172389.890,374.191,0.009
-443840.241,-1172392.930,374.263,0.007
-443843.820,-1172389.740,374.201,0.009
-443844.090,-1172389.500,374.203,0.007
-443844.920,-1172388.770,374.191,0.009
-443841.370,-1172391.500,374.202,0.008
-443840.540,-1172391.690,374.243,0.007
-443842.160,-1172390.250,374.235,0.005
-443840.750,-1172390.620,374.253,0.007
-443842.680,-1172388.900,374.254,0.006
-443850.931,-1172380.450,371.313,0.007
-443841.541,-1172389.400,374.201,0.009
-443844.010,-1172387.200,374.214,0.006
-443845.360,-1172385.990,374.202,0.008
-443848.680,-1172383.040,374.205,0.006
-443848.950,-1172382.790,374.201,0.009
-443836.471,-1172393.350,374.241,0.009
-443837.270,-1172392.640,374.242,0.008
-443840.300,-1172389.940,374.256,0.004
-443841.950,-1172388.470,374.231,0.009
-443844.170,-1172386.480,374.212,0.008
-443846.061,-1172384.800,374.223,0.007
-443837.090,-1172392.350,374.230,0.010
-443837.380,-1172392.080,374.233,0.007
-443837.040,-1172391.940,374.250,0.010
-443840.840,-1172388.550,374.212,0.008
-443846.080,-1172383.870,374.204,0.006
-443842.340,-1172386.770,374.244,0.006
-443836.520,-1172391.460,374.263,0.007
-443837.890,-1172390.230,374.271,0.009
-443838.450,-1172389.740,374.272,0.008
-443842.550,-1172386.080,374.242,0.008
-443847.771,-1172381.420,374.211,0.010
-443848.872,-1172380.440,374.231,0.009
-443837.640,-1172390.150,374.274,0.006
-443837.940,-1172389.890,374.251,0.009
-443842.581,-1172385.740,374.233,0.007
-443844.760,-1172383.800,374.203,0.007
-443843.430,-1172384.260,374.171,0.009
-443844.521,-1172383.290,374.190,0.010
-443846.120,-1172381.850,374.182,0.008
-443843.720,-1172383.510,374.212,0.008
-443847.791,-1172379.880,374.212,0.008
-443848.620,-1172379.140,374.224,0.006
-443844.330,-1172382.640,374.172,0.008
-443839.820,-1172386.270,374.257,0.003
-443846.670,-1172380.150,374.203,0.007
-443845.660,-1172380.580,374.183,0.007
-443845.930,-1172380.340,374.163,0.007
-443848.421,-1172378.120,374.193,0.007
-443847.101,-1172378.850,374.211,0.009
-443848.481,-1172377.610,374.212,0.008
-443844.670,-1172380.690,374.152,0.008
-443846.480,-1172378.130,374.171,0.009
-443847.040,-1172377.630,374.174,0.007
-443842.940,-1172381.830,374.203,0.007
-443846.180,-1172378.930,374.185,0.005
-443848.251,-1172375.990,374.223,0.007
-443848.531,-1172375.750,374.203,0.007
-443843.770,-1172380.550,374.177,0.003
-443845.890,-1172377.630,374.140,0.010
-443847.511,-1172376.190,374.171,0.009
-443834.160,-1172388.590,373.835,0.005
-443847.090,-1172376.110,374.180,0.010
-443840.170,-1172381.200,377.474,0.006
-443840.721,-1172380.710,377.491,0.009
-443845.400,-1172376.520,374.193,0.007
-443846.791,-1172375.280,374.160,0.010
-443847.600,-1172374.550,374.192,0.008
-443847.890,-1172374.290,374.214,0.006
-443848.150,-1172374.060,374.226,0.004
-443848.440,-1172373.800,374.245,0.005
-443845.210,-1172376.290,374.163,0.007
-443847.710,-1172374.050,374.183,0.007
-443848.240,-1172373.580,374.202,0.008
-443848.521,-1172373.330,374.214,0.006
-443834.071,-1172386.660,373.830,0.010
-443848.601,-1172372.830,374.255,0.005
-443847.221,-1172373.560,374.160,0.010
-443848.631,-1172372.310,374.231,0.010
-443840.591,-1172380.000,377.482,0.008
-443843.921,-1172376.040,374.150,0.010
-443844.201,-1172375.790,374.152,0.008
-443842.760,-1172376.730,374.121,0.009
-443833.830,-1172384.350,377.562,0.008
-443845.640,-1172373.770,374.171,0.009
-443845.900,-1172373.530,374.182,0.008
-443848.120,-1172371.550,374.211,0.009
-443835.260,-1172382.650,377.523,0.007
-443843.220,-1172375.510,374.185,0.005
-443843.510,-1172375.260,374.162,0.008
-443838.210,-1172379.570,377.513,0.007
-443844.830,-1172373.640,374.180,0.010
-443846.190,-1172372.420,374.192,0.008
-443832.830,-1172384.820,377.562,0.008
-443845.061,-1172373.130,374.182,0.008
-443831.460,-1172383.600,377.575,0.005
-443832.810,-1172382.390,377.581,0.009
-443836.430,-1172379.140,374.245,0.005
-443839.170,-1172376.690,374.183,0.007
-443844.860,-1172371.590,374.181,0.009
-443829.920,-1172384.550,377.631,0.009
-443838.490,-1172375.810,374.205,0.005
-443842.350,-1172372.350,374.227,0.003
-443843.150,-1172371.630,374.233,0.007
-443830.510,-1172383.490,377.605,0.005
-443842.250,-1172372.070,374.236,0.004
-443828.361,-1172384.900,377.652,0.008
-443834.170,-1172378.920,373.811,0.009
-443828.170,-1172383.330,377.683,0.007
-443836.110,-1172376.200,374.274,0.006
-443838.570,-1172373.990,374.226,0.004
-443839.380,-1172373.270,374.224,0.006
-443839.650,-1172373.030,374.202,0.008
-443841.000,-1172371.820,374.213,0.007
-443841.260,-1172371.580,374.215,0.005
-443837.540,-1172374.500,374.234,0.006
-443828.120,-1172382.540,377.682,0.008
-443768.510,-1172435.030,361.242,0.008
-443835.970,-1172374.460,374.256,0.004
-443838.130,-1172372.520,374.226,0.004
-443838.681,-1172372.030,374.230,0.010
-443835.960,-1172374.090,374.252,0.008
-443837.020,-1172373.140,374.233,0.007
-443837.770,-1172371.620,374.224,0.006
-443766.750,-1172434.940,361.221,0.009
-443767.030,-1172434.690,361.233,0.007
-443836.981,-1172371.860,374.221,0.009
-443768.100,-1172434.190,361.245,0.005
-443768.410,-1172433.920,361.254,0.006
-443768.240,-1172433.200,361.283,0.007
-443769.970,-1172431.650,361.343,0.007
-443767.700,-1172432.790,361.284,0.006
-443768.880,-1172431.730,361.332,0.008
-443765.830,-1172433.940,361.273,0.007
-443768.480,-1172431.150,361.364,0.006
-443769.930,-1172429.850,361.404,0.006
-443763.620,-1172435.160,361.201,0.009
-443764.790,-1172434.110,361.264,0.006
-443768.560,-1172430.710,361.374,0.006
-443764.250,-1172433.650,361.264,0.006
-443768.030,-1172430.250,361.381,0.009
-443768.320,-1172429.990,361.415,0.005
-443769.270,-1172428.770,361.464,0.006
-443766.240,-1172430.690,361.394,0.007
-443760.880,-1172434.990,361.212,0.008
-443767.900,-1172428.670,361.445,0.005
-443838.781,-1172364.010,370.641,0.009
-443840.061,-1172362.860,370.391,0.009
-443837.750,-1172364.370,370.642,0.008
-443768.760,-1172425.910,361.534,0.006
-443759.431,-1172434.300,361.231,0.009
-443764.980,-1172429.300,361.414,0.006
-443834.210,-1172366.250,370.707,0.003
-443836.630,-1172364.070,370.631,0.009
-443758.270,-1172434.940,361.233,0.007
-443835.530,-1172364.570,370.661,0.009
-443763.090,-1172429.770,361.433,0.007
-443763.960,-1172428.980,361.443,0.007
-443765.710,-1172427.410,361.496,0.004
-443766.300,-1172426.880,361.524,0.006
-443768.350,-1172425.040,361.591,0.009
-443768.640,-1172424.770,361.602,0.008
-443769.821,-1172423.710,361.632,0.008
-443833.880,-1172365.590,370.670,0.010
-443834.710,-1172364.840,370.655,0.005
-443757.930,-1172433.550,361.294,0.006
-443767.280,-1172425.130,361.571,0.009
-443835.090,-1172364.090,370.623,0.007
-443835.360,-1172363.840,370.643,0.007
-443836.180,-1172363.110,370.604,0.006
-443836.990,-1172362.380,370.604,0.006
-443763.960,-1172427.770,361.475,0.005
-443832.720,-1172365.870,370.674,0.006
-443834.090,-1172364.620,370.657,0.003
-443834.370,-1172364.370,370.622,0.008
-443835.160,-1172363.670,370.633,0.007
-443837.610,-1172361.460,370.601,0.009
-443838.150,-1172360.970,370.594,0.006
-443838.421,-1172360.730,370.601,0.009
-443831.650,-1172366.300,370.652,0.008
-443833.000,-1172365.080,370.676,0.004
-443834.630,-1172363.620,370.614,0.006
-443837.370,-1172361.150,370.583,0.007
-443837.641,-1172360.900,370.592,0.008
-443838.471,-1172360.160,370.623,0.007
-443840.001,-1172358.780,370.391,0.009
-443756.970,-1172434.070,361.262,0.008
-443835.420,-1172362.420,370.614,0.006
-443836.810,-1172361.180,370.592,0.008
-443838.161,-1172359.960,370.612,0.008
-443754.390,-1172435.860,361.203,0.007
-443757.920,-1172432.690,361.313,0.007
-443758.760,-1172431.930,361.343,0.007
-443764.880,-1172426.420,361.491,0.009
-443766.620,-1172424.850,361.554,0.006
-443768.070,-1172423.550,361.633,0.007
-443763.110,-1172427.540,361.484,0.006
-443765.440,-1172425.440,361.546,0.004
-443768.080,-1172423.070,361.624,0.006
-443832.730,-1172364.850,370.663,0.007
-443834.330,-1172363.410,370.602,0.008
-443761.820,-1172428.350,361.464,0.006
-443832.080,-1172364.730,370.631,0.009
-443837.440,-1172359.440,370.613,0.007
-443837.700,-1172359.200,370.644,0.006
-443760.760,-1172428.960,361.433,0.007
-443761.920,-1172427.920,361.453,0.007
-443763.320,-1172426.200,361.525,0.005
-443759.700,-1172428.990,361.433,0.007
-443760.590,-1172428.190,361.463,0.007
-443762.641,-1172426.350,361.534,0.006
-443834.330,-1172361.770,370.575,0.005
-443835.700,-1172360.530,370.581,0.009
-443830.960,-1172364.430,370.602,0.008
-443834.220,-1172361.500,370.592,0.008
-443834.470,-1172361.270,370.573,0.007
-443836.960,-1172359.030,370.601,0.009
-443837.760,-1172358.300,370.611,0.009
-443834.850,-1172360.510,370.572,0.008
-443837.310,-1172358.290,370.592,0.008
-443838.411,-1172357.300,370.641,0.009
-443762.520,-1172426.090,361.533,0.007
-443762.830,-1172425.810,361.554,0.006
-443766.580,-1172422.430,361.694,0.006
-443758.850,-1172428.990,361.452,0.008
-443763.800,-1172424.530,361.581,0.009
-443765.270,-1172423.200,361.636,0.004
-443765.840,-1172422.690,361.614,0.006
-443833.300,-1172361.460,370.562,0.008
-443833.570,-1172361.220,370.564,0.006
-443833.850,-1172360.960,370.577,0.003
-443834.941,-1172359.970,370.573,0.007
-443835.220,-1172359.730,370.583,0.007
-443836.580,-1172358.500,370.596,0.004
-443831.240,-1172362.780,370.582,0.008
-443833.390,-1172360.850,370.553,0.007
-443833.640,-1172360.610,370.576,0.004
-443834.190,-1172360.120,370.556,0.004
-443836.661,-1172357.900,370.592,0.008
-443837.731,-1172356.930,370.603,0.007
-443755.800,-1172431.290,361.393,0.007
-443750.090,-1172435.910,361.202,0.008
-443752.400,-1172433.830,361.285,0.005
-443755.940,-1172430.640,361.383,0.007
-443759.750,-1172427.210,361.514,0.006
-443763.450,-1172423.870,361.606,0.004
-443763.760,-1172423.600,361.616,0.004
-443836.991,-1172357.190,370.601,0.009
-443837.260,-1172356.950,370.600,0.010
-443837.841,-1172356.420,370.610,0.010
-443828.460,-1172364.450,370.654,0.006
-443835.790,-1172357.850,370.564,0.007
-443840.030,-1172354.020,370.342,0.008
-443750.110,-1172435.490,361.231,0.009
-443833.360,-1172359.460,370.532,0.008
-443835.000,-1172357.970,370.566,0.004
-443837.430,-1172355.780,370.601,0.009
-443837.700,-1172355.540,370.595,0.005
-443756.240,-1172428.970,361.453,0.007
-443828.781,-1172363.590,370.672,0.008
-443761.550,-1172423.620,361.636,0.004
-443761.820,-1172423.370,361.605,0.005
-443762.710,-1172422.570,361.653,0.007
-443835.011,-1172357.390,370.552,0.008
-443837.720,-1172354.950,370.613,0.007
-443838.000,-1172354.700,370.601,0.009
-443838.261,-1172354.460,370.623,0.007
-443835.140,-1172356.780,370.570,0.010
-443836.781,-1172355.290,370.604,0.006
-443837.050,-1172355.050,370.603,0.007
-443837.870,-1172354.310,370.634,0.006
-443838.140,-1172354.070,370.655,0.005
-443838.410,-1172353.830,370.664,0.006
-443749.860,-1172434.160,361.263,0.007
-443753.830,-1172430.080,361.405,0.005
-443755.310,-1172428.740,361.474,0.006
-443760.800,-1172423.790,361.625,0.005
-443761.990,-1172422.720,361.656,0.004
-443759.660,-1172424.380,361.633,0.007
-443832.080,-1172359.080,373.184,0.006
-443834.000,-1172357.360,370.574,0.006
-443835.380,-1172356.110,370.566,0.004
-443828.330,-1172361.870,370.660,0.010
-443833.690,-1172357.040,370.554,0.006
-443833.980,-1172356.770,370.564,0.006
-443835.350,-1172355.540,370.562,0.008
-443837.271,-1172353.810,370.603,0.007
-443750.060,-1172432.440,361.332,0.008
-443751.510,-1172431.130,361.360,0.010
-443755.610,-1172427.430,361.511,0.009
-443757.340,-1172425.310,361.583,0.007
-443833.940,-1172356.240,370.544,0.006
-443836.120,-1172354.280,370.573,0.007
-443837.250,-1172353.260,370.613,0.007
-443837.501,-1172353.030,370.614,0.006
-443837.760,-1172352.790,370.624,0.006
-443838.030,-1172352.560,370.624,0.006
-443838.320,-1172352.300,370.654,0.006
-443830.470,-1172358.830,373.136,0.004
-443836.190,-1172353.680,370.594,0.006
-443836.450,-1172353.440,370.584,0.006
-443837.830,-1172352.200,370.633,0.007
-443838.121,-1172351.930,370.655,0.005
-443748.670,-1172432.600,361.323,0.007
-443748.970,-1172432.330,361.361,0.009
-443756.230,-1172425.780,361.582,0.008
-443756.530,-1172425.510,361.572,0.008
-443759.750,-1172422.610,361.673,0.007
-443832.730,-1172356.340,373.164,0.006
-443836.280,-1172353.140,370.584,0.006
-443836.550,-1172352.900,370.595,0.005
-443838.181,-1172351.420,370.641,0.009
-443833.410,-1172355.170,370.567,0.003
-443834.240,-1172354.430,370.595,0.005
-443836.940,-1172352.000,370.624,0.006
-443754.200,-1172426.610,361.525,0.005
-443755.370,-1172425.550,361.584,0.006
-443831.200,-1172357.170,373.163,0.007
-443758.270,-1172422.430,361.684,0.006
-443830.370,-1172357.400,373.165,0.005
-443833.670,-1172354.420,370.566,0.004
-443833.930,-1172354.180,370.574,0.006
-443836.941,-1172351.470,370.611,0.009
-443837.210,-1172351.220,370.624,0.006
-443837.470,-1172350.990,370.625,0.005
-443837.360,-1172350.660,370.615,0.005
-443837.910,-1172350.150,370.668,0.002
-443745.620,-1172433.410,361.325,0.005
-443749.720,-1172429.710,361.441,0.009
-443752.640,-1172427.070,361.502,0.008
-443753.240,-1172426.530,361.545,0.005
-443755.880,-1172424.150,361.623,0.007
-443756.180,-1172423.880,361.655,0.005
-443833.810,-1172353.850,370.583,0.007
-443834.101,-1172353.590,370.581,0.009
-443834.180,-1172353.150,370.561,0.009
-443835.551,-1172351.910,370.585,0.005
-443837.730,-1172349.950,370.634,0.006
-443748.500,-1172429.910,361.464,0.006
-443750.260,-1172428.320,361.503,0.007
-443750.840,-1172427.800,361.516,0.004
-443753.720,-1172425.200,361.575,0.005
-443832.340,-1172354.260,370.570,0.010
-443834.500,-1172352.320,370.605,0.005
-443835.860,-1172351.090,370.611,0.009
-443838.060,-1172349.110,370.665,0.005
-443832.460,-1172353.690,370.543,0.007
-443833.541,-1172352.710,370.561,0.009
-443834.331,-1172352.000,370.571,0.009
-443741.760,-1172436.000,361.267,0.003
-443740.720,-1172436.470,361.225,0.005
-443745.980,-1172431.730,361.374,0.006
-443753.880,-1172424.600,361.572,0.008
-443838.160,-1172347.760,370.632,0.008
-443746.940,-1172430.090,361.412,0.008
-443828.160,-1172356.790,370.624,0.006
-443754.550,-1172422.720,361.664,0.006
-443832.160,-1172352.670,370.576,0.004
-443833.261,-1172351.680,370.604,0.006
-443837.060,-1172348.250,370.645,0.005
-443837.870,-1172347.520,370.685,0.005
-443741.650,-1172434.360,361.294,0.006
-443741.940,-1172434.100,361.305,0.005
-443742.240,-1172433.830,361.331,0.009
-443742.840,-1172433.290,361.327,0.003
-443743.150,-1172433.010,361.356,0.004
-443745.180,-1172431.170,361.372,0.008
-443746.661,-1172429.840,361.450,0.010
-443749.550,-1172427.230,361.523,0.007
-443750.720,-1172426.180,361.562,0.008
-443751.320,-1172425.640,361.597,0.003
-443741.971,-1172433.650,361.261,0.009
-443744.640,-1172431.230,361.361,0.009
-443753.680,-1172423.080,361.631,0.009
-443833.510,-1172351.010,370.583,0.007
-443835.691,-1172349.050,370.621,0.009
-443837.601,-1172347.320,370.601,0.009
-443832.040,-1172351.940,370.600,0.010
-443833.650,-1172350.490,370.584,0.006
-443833.950,-1172350.220,370.611,0.009
-443834.780,-1172349.470,370.626,0.004
-443836.380,-1172348.030,370.611,0.009
-443835.090,-1172348.820,370.615,0.005
-443837.541,-1172346.610,370.623,0.007
-443836.560,-1172346.980,370.633,0.007
-443837.100,-1172346.490,370.615,0.005
-443742.470,-1172431.930,361.373,0.007
-443750.050,-1172425.090,361.585,0.005
-443751.830,-1172423.480,361.664,0.006
-443743.290,-1172430.710,361.402,0.008
-443744.170,-1172429.920,361.446,0.004
-443746.750,-1172427.590,361.495,0.005
-443749.420,-1172425.180,361.575,0.005
-443750.560,-1172424.140,361.604,0.006
-443750.860,-1172423.880,361.592,0.008
-443752.330,-1172422.550,361.650,0.010
-443833.251,-1172349.480,370.621,0.009
-443833.500,-1172349.250,370.625,0.005
-443835.360,-1172347.580,370.602,0.008
-443836.980,-1172346.110,370.605,0.005
-443837.250,-1172345.870,370.612,0.008
-443833.300,-1172349.000,370.634,0.006
-443833.581,-1172348.740,370.621,0.009
-443835.450,-1172347.060,370.601,0.009
-443837.050,-1172345.610,370.613,0.007
-443837.310,-1172345.370,370.633,0.007
-443837.890,-1172344.850,370.632,0.008
-443736.620,-1172436.290,361.212,0.009
-443742.200,-1172431.260,361.381,0.009
-443835.980,-1172346.210,370.581,0.009
-443837.021,-1172345.270,370.590,0.010
-443837.560,-1172344.790,370.592,0.008
-443832.590,-1172348.790,370.627,0.003
-443835.020,-1172346.600,370.595,0.005
-443835.290,-1172346.350,370.606,0.004
-443836.650,-1172345.120,370.604,0.006
-443837.190,-1172344.640,370.612,0.008
-443837.440,-1172344.410,370.616,0.004
-443837.720,-1172344.160,370.624,0.006
-443837.981,-1172343.920,370.635,0.005
-443741.040,-1172431.970,361.362,0.008
-443830.690,-1172350.510,370.574,0.006
-443830.950,-1172350.270,370.583,0.007
-443835.710,-1172345.490,370.583,0.007
-443836.530,-1172344.760,370.573,0.007
-443837.361,-1172344.000,370.591,0.010
-443837.631,-1172343.760,370.613,0.007
-443834.841,-1172345.900,370.572,0.008
-443836.471,-1172344.440,370.601,0.009
-443836.741,-1172344.190,370.605,0.005
-443735.220,-1172436.270,361.200,0.010
-443747.570,-1172425.120,361.607,0.003
-443749.021,-1172423.810,361.612,0.008
-443750.170,-1172422.770,361.652,0.008
-443834.580,-1172345.770,370.534,0.006
-443836.760,-1172343.800,370.585,0.005
-443837.040,-1172343.550,370.585,0.005
-443836.330,-1172343.690,370.576,0.004
-443837.410,-1172342.710,370.625,0.005
-443837.980,-1172342.200,370.622,0.008
-443840.050,-1172340.320,370.391,0.009
-443741.880,-1172429.030,361.452,0.008
-443745.090,-1172426.130,361.561,0.009
-443832.750,-1172346.370,370.531,0.009
-443835.161,-1172344.190,370.523,0.007
-443835.700,-1172343.700,370.545,0.005
-443837.321,-1172342.240,370.582,0.008
-443837.860,-1172341.750,370.646,0.004
-443837.900,-1172341.260,370.635,0.005
-443738.290,-1172431.720,361.342,0.008
-443742.420,-1172427.990,361.484,0.006
-443742.730,-1172427.710,361.503,0.007
-443745.370,-1172425.330,361.572,0.008
-443746.210,-1172424.560,361.615,0.005
-443830.080,-1172348.330,370.605,0.005
-443835.491,-1172343.440,370.554,0.006
-443837.630,-1172341.510,370.643,0.007
-443834.870,-1172343.580,370.533,0.007
-443835.420,-1172343.090,370.543,0.007
-443835.960,-1172342.600,370.554,0.006
-443837.031,-1172341.630,370.571,0.009
-443837.310,-1172341.380,370.604,0.006
-443837.840,-1172340.900,370.613,0.008
-443835.910,-1172342.170,370.577,0.003
-443836.180,-1172341.930,370.587,0.003
-443837.010,-1172341.180,370.624,0.006
-443837.280,-1172340.930,370.634,0.006
-443737.181,-1172431.870,361.361,0.009
-443736.540,-1172431.980,361.371,0.009
-443737.440,-1172431.170,361.404,0.006
-443739.190,-1172429.580,361.464,0.006
-443743.541,-1172425.660,361.601,0.009
-443745.900,-1172423.520,361.664,0.006
-443834.300,-1172343.630,370.541,0.009
-443835.040,-1172342.470,370.534,0.006
-443835.841,-1172341.750,370.532,0.008
-443836.100,-1172341.510,370.567,0.003
-443836.390,-1172341.250,370.573,0.007
-443836.930,-1172340.760,370.603,0.007
-443837.490,-1172340.260,370.634,0.006
-443837.780,-1172339.990,370.655,0.005
-443833.890,-1172343.130,370.523,0.007
-443834.971,-1172342.160,370.540,0.010
-443835.231,-1172341.920,370.542,0.008
-443835.510,-1172341.670,370.542,0.008
-443836.070,-1172341.170,370.573,0.007
-443836.890,-1172340.430,370.595,0.005
-443837.710,-1172339.680,370.633,0.007
-443837.981,-1172339.430,370.681,0.009
-443737.980,-1172430.210,361.415,0.005
-443742.081,-1172426.500,361.530,0.010
-443742.380,-1172426.230,361.542,0.008
-443742.940,-1172425.730,361.552,0.008
-443743.540,-1172425.190,361.592,0.008
-443744.700,-1172424.130,361.634,0.006
-443837.910,-1172339.150,370.643,0.007
-443738.260,-1172429.580,361.483,0.007
-443741.480,-1172426.670,361.560,0.010
-443738.190,-1172429.310,361.451,0.009
-443830.070,-1172346.240,370.556,0.004
-443836.521,-1172340.410,370.552,0.008
-443836.800,-1172340.160,370.586,0.004
-443837.070,-1172339.910,370.573,0.007
-443832.140,-1172343.830,370.514,0.006
-443833.780,-1172342.350,370.526,0.004
-443836.160,-1172340.200,370.563,0.007
-443836.730,-1172339.690,370.584,0.006
-443836.990,-1172339.450,370.595,0.005
-443837.250,-1172339.210,370.606,0.004
-443837.540,-1172338.950,370.627,0.004
-443837.820,-1172338.700,370.666,0.004
-443836.930,-1172339.000,370.613,0.007
-443837.200,-1172338.750,370.604,0.006
-443837.470,-1172338.510,370.636,0.004
-443837.760,-1172338.250,370.647,0.003
-443735.550,-1172431.160,361.401,0.009
-443739.911,-1172427.220,361.510,0.010
-443740.210,-1172426.940,361.545,0.005
-443741.380,-1172425.890,361.570,0.010
-443741.660,-1172425.640,361.572,0.008
-443735.811,-1172430.430,361.441,0.009
-443738.700,-1172427.820,361.513,0.007
-443738.990,-1172427.560,361.535,0.005
-443739.120,-1172426.920,361.574,0.006
-443740.890,-1172425.320,361.594,0.006
-443834.030,-1172341.100,370.504,0.006
-443837.311,-1172338.140,370.634,0.006
-443837.571,-1172337.900,370.624,0.006
-443835.090,-1172339.220,370.503,0.007
-443741.470,-1172424.430,361.633,0.007
-443735.640,-1172429.160,361.463,0.007
-443737.120,-1172427.810,361.513,0.007
-443738.300,-1172426.750,361.544,0.006
-443741.501,-1172423.860,361.640,0.010
-443740.270,-1172424.570,361.594,0.006
-443827.750,-1172345.440,370.581,0.009
-443833.350,-1172340.380,370.464,0.006
-443834.620,-1172338.850,370.524,0.006
-443837.361,-1172336.380,370.602,0.008
-443828.260,-1172344.290,370.624,0.006
-443837.371,-1172336.040,370.592,0.008
-443837.660,-1172335.790,370.621,0.009
-443740.510,-1172423.980,361.655,0.005
-443833.690,-1172338.800,370.526,0.004
-443836.080,-1172336.640,370.546,0.004
-443836.350,-1172336.400,370.565,0.005
-443837.451,-1172335.400,370.600,0.010
-443837.711,-1172335.170,370.613,0.007
-443832.130,-1172339.710,373.182,0.008
-443833.780,-1172338.220,370.527,0.003
-443836.470,-1172335.790,370.564,0.006
-443836.720,-1172335.560,370.565,0.005
-443831.710,-1172339.610,373.155,0.005
-443834.180,-1172337.380,370.512,0.008
-443835.280,-1172336.380,370.544,0.006
-443836.620,-1172335.170,370.606,0.004
-443837.141,-1172334.690,370.561,0.009
-443834.521,-1172336.690,370.520,0.010
-443738.650,-1172423.810,361.632,0.008
-443736.010,-1172425.360,361.602,0.008
-443736.620,-1172424.810,361.625,0.005
-443737.831,-1172423.720,361.661,0.009
-443833.320,-1172337.290,370.517,0.003
-443833.830,-1172336.820,370.533,0.007
-443834.660,-1172336.070,370.564,0.006
-443834.940,-1172335.830,370.542,0.008
-443835.750,-1172335.090,370.567,0.003
-443836.010,-1172334.860,370.563,0.007
-443836.830,-1172334.110,370.595,0.005
-443834.171,-1172335.770,370.562,0.008
-443834.960,-1172335.050,370.585,0.005
-443736.320,-1172424.700,361.621,0.009
-443830.860,-1172339.120,373.175,0.005
-443831.150,-1172338.870,373.185,0.005
-443830.221,-1172339.000,373.151,0.009
-443832.390,-1172335.960,370.524,0.006
-443735.000,-1172424.630,361.645,0.005
-443834.700,-1172334.380,370.546,0.004
-443734.800,-1172423.810,361.642,0.008
-443735.091,-1172423.540,361.650,0.010
-443832.311,-1172335.520,370.521,0.009
-443735.740,-1172423.460,361.642,0.008
-443829.650,-1172336.880,370.552,0.008
-443831.790,-1172334.930,370.553,0.007
-443837.100,-1172333.870,370.617,0.003
-443837.370,-1172333.620,370.593,0.007
-443837.650,-1172333.370,370.614,0.006
-443836.700,-1172333.130,370.593,0.007
-443837.511,-1172332.400,370.591,0.009
-443837.680,-1172332.590,370.621,0.009
-443836.820,-1172333.730,370.584,0.006
-443837.080,-1172333.500,370.590,0.010
-443837.350,-1172333.250,370.613,0.007
-443837.600,-1172333.020,370.603,0.007
-443835.900,-1172332.790,370.561,0.009
-443836.170,-1172332.540,370.583,0.007
-443836.700,-1172332.060,370.591,0.009
-443833.940,-1172334.040,370.555,0.005
-443834.460,-1172333.570,370.542,0.008
-443835.280,-1172332.830,370.554,0.006
-443832.670,-1172332.730,370.563,0.007
-443830.880,-1172332.820,370.601,0.009
-443831.360,-1172333.370,370.595,0.005
-443828.220,-1172331.830,370.664,0.006
-443763.370,-1172294.910,357.191,0.009
-443763.320,-1172294.590,357.161,0.009
-443758.281,-1172294.510,359.122,0.008
-443758.511,-1172293.840,359.112,0.008
-443758.770,-1172293.600,359.081,0.009
-443759.091,-1172292.770,359.103,0.007
-443760.141,-1172291.810,359.062,0.008
-443760.681,-1172291.310,359.062,0.008
-443757.880,-1172293.280,359.102,0.008
-443759.880,-1172291.000,359.041,0.009
-443710.790,-1172334.750,361.013,0.007
-443707.761,-1172336.120,360.873,0.007
-443707.030,-1172333.800,360.824,0.006
-443706.661,-1172327.909,360.791,0.010
-443835.751,-1172429.970,352.565,0.005
-443835.631,-1172430.300,352.567,0.003
-443833.000,-1172422.410,348.486,0.004
-443815.201,-1172438.380,352.012,0.008
-443794.421,-1172408.750,351.583,0.008
-443794.971,-1172403.600,351.710,0.010
-443794.841,-1172403.950,351.702,0.008
-443794.322,-1172405.320,351.621,0.009
-443794.201,-1172405.630,351.581,0.009
-443794.681,-1172403.550,351.673,0.007
-443794.550,-1172403.890,351.657,0.003
-443796.211,-1172408.500,351.811,0.010
-443796.201,-1172406.160,351.812,0.008
-443794.721,-1172408.480,351.622,0.008
-443794.591,-1172408.820,351.594,0.006
-443797.261,-1172408.540,351.954,0.006
-443796.891,-1172409.520,351.873,0.007
-443801.100,-1172405.140,348.133,0.007
-443803.900,-1172404.180,348.111,0.009
-443805.520,-1172404.580,348.122,0.008
-443805.560,-1172405.040,348.086,0.004
-443733.050,-1172411.210,350.461,0.009
-443732.830,-1172411.790,349.036,0.004
-443732.721,-1172412.100,348.991,0.009
-443730.620,-1172417.820,349.002,0.008
-443732.100,-1172415.920,349.001,0.009
-443731.380,-1172417.880,349.053,0.007
-443730.900,-1172419.200,349.014,0.006
-443732.290,-1172417.030,349.077,0.003
-443732.170,-1172417.360,349.067,0.003
-443732.700,-1172419.030,349.125,0.005
-443735.390,-1172410.950,350.482,0.008
-443733.300,-1172419.190,349.116,0.004
-443741.550,-1172407.630,350.432,0.008
-443741.311,-1172408.280,350.450,0.010
-443740.940,-1172409.290,350.481,0.009
-443741.330,-1172410.590,350.474,0.006
-443742.440,-1172407.570,350.461,0.009
-443742.310,-1172407.910,350.451,0.009
-443742.230,-1172410.290,350.486,0.004
-443747.410,-1172409.300,350.454,0.006
-443747.170,-1172409.950,350.472,0.008
-443749.770,-1172407.310,350.382,0.008
-443751.031,-1172409.790,350.492,0.008
-443752.401,-1172408.300,350.471,0.009
-443753.600,-1172407.250,350.464,0.006
-443753.230,-1172408.240,350.491,0.009
-443752.220,-1172410.970,350.522,0.008
-443753.920,-1172407.060,350.472,0.008
-443753.660,-1172407.760,350.441,0.009
-443752.920,-1172409.780,350.495,0.005
-443752.410,-1172411.140,350.521,0.009
-443754.121,-1172408.400,350.511,0.009
-443753.371,-1172410.410,350.480,0.010
-443753.740,-1172410.370,350.496,0.004
-443771.560,-1172419.900,353.711,0.009
-443776.411,-1172412.660,353.522,0.008
-443776.461,-1172417.330,353.520,0.010
-443776.330,-1172417.660,353.524,0.006
-443789.951,-1172404.800,351.094,0.006
-443789.822,-1172405.130,351.100,0.010
-443790.710,-1172404.140,351.202,0.008
-443790.460,-1172404.800,351.210,0.010
-443790.761,-1172406.460,351.160,0.010
-443790.631,-1172406.790,351.151,0.009
-443791.270,-1172406.090,351.201,0.009
-443791.011,-1172406.790,351.202,0.008
-443791.790,-1172406.250,351.284,0.006
-443791.671,-1172406.570,351.271,0.010
-443791.541,-1172406.910,351.270,0.010
-443786.890,-1172419.240,349.944,0.006
-443791.791,-1172408.740,351.292,0.008
-443791.661,-1172409.070,351.252,0.008
-443791.280,-1172410.070,351.233,0.007
-443791.921,-1172409.320,351.270,0.010
-443793.431,-1172405.319,351.482,0.008
-443793.531,-1172406.580,351.511,0.009
-443793.411,-1172406.890,351.471,0.009
-443793.291,-1172407.230,351.451,0.009
-443793.171,-1172407.540,351.445,0.005
-443792.911,-1172408.230,351.403,0.007
-443792.401,-1172409.580,351.343,0.007
-443792.151,-1172410.240,351.314,0.006
-443792.021,-1172410.570,351.282,0.008
-443793.581,-1172407.280,351.513,0.007
-443793.451,-1172407.630,351.470,0.010
-443793.331,-1172407.950,351.401,0.009
-443793.901,-1172408.840,351.543,0.007
-443793.661,-1172409.480,351.421,0.009
-443791.960,-1172419.730,350.014,0.006
-443791.621,-1172422.700,350.073,0.007
-443791.730,-1172423.140,350.073,0.007
-443792.640,-1172422.900,350.156,0.004
-443792.520,-1172423.200,350.142,0.008
-443792.240,-1172423.200,350.163,0.007
-443829.980,-1172398.800,348.375,0.005
-443829.800,-1172397.480,348.354,0.006
-443829.410,-1172398.510,348.336,0.004
-443830.040,-1172396.310,348.393,0.007
-443829.960,-1172395.230,348.403,0.007
-443830.140,-1172394.250,348.455,0.005
-443819.551,-1172378.700,348.161,0.009
-443819.430,-1172379.010,348.131,0.009
-443826.080,-1172359.360,349.067,0.003
-443826.140,-1172357.600,349.077,0.003
-443826.010,-1172357.950,349.037,0.003
-443825.870,-1172358.320,349.037,0.003
-443825.740,-1172358.650,349.038,0.002
-443825.610,-1172358.990,349.008,0.002
-443791.751,-1172379.450,351.580,0.010
-443792.991,-1172377.630,351.782,0.008
-443792.701,-1172379.360,351.704,0.006
-443792.571,-1172379.700,351.693,0.007
-443793.921,-1172378.459,351.863,0.008
-443794.911,-1172381.890,351.925,0.005
-443794.311,-1172385.959,351.812,0.008
-443794.701,-1172385.630,351.863,0.007
-443794.590,-1172385.940,351.856,0.004
-443795.171,-1172386.600,351.911,0.009
-443793.541,-1172392.830,351.621,0.009
-443793.051,-1172394.140,351.531,0.009
-443795.161,-1172390.159,351.891,0.009
-443794.731,-1172393.480,351.784,0.006
-443794.611,-1172393.790,351.754,0.006
-443794.481,-1172394.150,351.783,0.007
-443794.350,-1172394.480,351.716,0.004
-443793.971,-1172395.490,351.662,0.008
-443793.471,-1172396.830,351.603,0.007
-443793.341,-1172397.160,351.552,0.008
-443793.211,-1172397.500,351.582,0.008
-443795.401,-1172392.400,351.862,0.008
-443794.531,-1172394.730,351.732,0.008
-443794.271,-1172395.410,351.712,0.008
-443793.631,-1172397.100,351.622,0.008
-443795.661,-1172393.450,351.910,0.010
-443795.541,-1172393.790,351.882,0.008
-443795.401,-1172394.150,351.881,0.009
-443794.261,-1172397.160,351.730,0.010
-443794.141,-1172397.500,351.703,0.007
-443793.631,-1172398.830,351.621,0.009
-443800.850,-1172380.660,348.282,0.008
-443800.590,-1172380.350,348.301,0.009
-443795.671,-1172394.440,351.840,0.010
-443795.541,-1172394.790,351.881,0.009
-443794.061,-1172400.250,351.681,0.009
-443793.531,-1172402.450,351.553,0.007
-443794.671,-1172401.099,351.733,0.007
-443796.041,-1172399.940,351.871,0.009
-443796.211,-1172400.310,351.921,0.009
-443796.091,-1172400.630,351.882,0.008
-443795.341,-1172402.630,351.774,0.006
-443802.960,-1172382.390,348.143,0.007
-443805.360,-1172379.750,348.243,0.007
-443805.370,-1172381.870,348.220,0.010
-443806.401,-1172382.120,348.180,0.010
-443807.880,-1172379.680,348.203,0.007
-443807.370,-1172381.040,348.231,0.009
-443807.240,-1172381.390,348.193,0.007
-443825.100,-1172338.850,349.058,0.002
-443824.960,-1172339.210,349.038,0.002
-443825.280,-1172339.210,349.048,0.002
-443825.150,-1172339.550,349.039,0.001
-443825.020,-1172339.910,349.018,0.002
-443825.601,-1172339.790,349.092,0.008
-443825.460,-1172340.170,349.096,0.004
-443825.761,-1172339.990,349.062,0.008
-443825.240,-1172341.370,349.026,0.004
-443826.071,-1172340.990,349.102,0.009
-443825.940,-1172341.330,349.095,0.005
-443812.900,-1172375.770,348.275,0.005
-443826.171,-1172343.220,351.376,0.004
-443826.041,-1172343.570,351.314,0.006
-443825.911,-1172343.900,351.255,0.006
-443826.291,-1172343.430,351.334,0.006
-443826.161,-1172343.770,351.324,0.006
-443813.310,-1172380.120,348.126,0.004
-443815.080,-1172379.360,348.202,0.008
-443825.600,-1172356.920,349.017,0.003
-443825.470,-1172357.280,349.018,0.002
-443826.070,-1172357.250,349.067,0.003
-443825.950,-1172357.570,349.068,0.002
-443825.830,-1172357.900,349.046,0.004
-443825.680,-1172358.280,349.068,0.002
-443825.560,-1172358.610,349.008,0.002
-443732.700,-1172390.140,349.337,0.003
-443732.580,-1172390.480,349.325,0.005
-443733.950,-1172389.170,349.316,0.004
-443734.050,-1172390.630,349.357,0.003
-443730.520,-1172400.260,349.001,0.009
-443731.811,-1172399.130,349.004,0.006
-443731.081,-1172401.130,349.042,0.008
-443730.830,-1172401.800,349.015,0.005
-443731.121,-1172401.600,349.011,0.009
-443730.510,-1172403.280,348.950,0.010
-443730.000,-1172404.680,349.003,0.007
-443732.510,-1172400.180,349.043,0.007
-443732.390,-1172400.510,348.971,0.009
-443732.631,-1172399.020,350.481,0.009
-443732.411,-1172399.580,348.980,0.010
-443732.671,-1172400.970,349.082,0.008
-443732.551,-1172401.290,349.063,0.007
-443732.430,-1172401.620,349.056,0.004
-443731.430,-1172404.330,349.000,0.010
-443737.660,-1172389.420,349.328,0.002
-443732.700,-1172401.500,349.088,0.002
-443737.840,-1172389.680,349.306,0.004
-443737.590,-1172390.340,349.292,0.008
-443732.601,-1172405.170,349.041,0.009
-443732.751,-1172405.300,349.074,0.006
-443733.950,-1172407.880,350.482,0.008
-443735.510,-1172404.520,350.421,0.009
-443741.570,-1172390.140,349.270,0.010
-443737.511,-1172401.230,350.362,0.008
-443741.610,-1172401.110,350.404,0.006
-443740.940,-1172403.700,350.343,0.007
-443743.430,-1172398.440,350.473,0.007
-443742.930,-1172399.800,350.471,0.009
-443741.090,-1172404.780,350.421,0.009
-443740.980,-1172405.100,350.422,0.008
-443743.080,-1172399.880,350.442,0.008
-443742.970,-1172400.180,350.422,0.008
-443742.860,-1172400.490,350.412,0.008
-443742.730,-1172400.850,350.412,0.008
-443742.891,-1172401.940,350.441,0.009
-443741.890,-1172404.640,350.470,0.010
-443741.400,-1172405.990,350.451,0.009
-443742.231,-1172404.370,350.401,0.009
-443743.271,-1172402.970,350.430,0.010
-443742.521,-1172405.000,350.450,0.010
-443743.191,-1172403.900,350.451,0.009
-443742.820,-1172404.890,350.463,0.007
-443742.570,-1172407.210,350.442,0.008
-443747.260,-1172398.840,350.413,0.007
-443747.130,-1172399.200,350.423,0.007
-443747.011,-1172399.520,350.401,0.009
-443748.300,-1172398.400,350.413,0.007
-443748.490,-1172398.570,350.423,0.007
-443746.760,-1172403.260,350.364,0.006
-443747.270,-1172406.900,350.390,0.010
-443751.370,-1172397.670,350.423,0.007
-443750.141,-1172401.010,350.331,0.009
-443750.380,-1172401.250,350.423,0.007
-443750.261,-1172401.580,350.402,0.008
-443750.141,-1172401.890,350.362,0.008
-443752.161,-1172399.940,350.391,0.009
-443750.790,-1172403.660,350.403,0.007
-443752.520,-1172399.870,350.403,0.007
-443752.730,-1172400.760,350.453,0.007
-443752.610,-1172401.100,350.432,0.008
-443751.740,-1172403.440,350.404,0.006
-443751.620,-1172403.780,350.431,0.009
-443752.170,-1172403.090,350.414,0.006
-443753.110,-1172402.130,350.443,0.007
-443752.380,-1172404.120,350.423,0.007
-443752.260,-1172404.450,350.430,0.010
-443751.510,-1172406.450,350.431,0.009
-443752.650,-1172405.410,350.434,0.006
-443755.470,-1172399.990,349.651,0.009
-443753.890,-1172404.290,350.490,0.010
-443753.761,-1172404.610,350.472,0.008
-443753.641,-1172404.960,350.472,0.008
-443755.900,-1172399.630,349.623,0.007
-443754.171,-1172404.290,350.480,0.010
-443754.051,-1172404.640,350.490,0.010
-443753.931,-1172404.970,350.483,0.007
-443754.281,-1172406.080,350.512,0.008
-443757.580,-1172400.000,349.595,0.005
-443757.330,-1172400.680,349.583,0.007
-443757.210,-1172401.000,349.576,0.004
-443756.591,-1172402.670,349.531,0.009
-443759.840,-1172403.480,349.505,0.005
-443761.891,-1172401.560,349.562,0.008
-443763.151,-1172400.750,349.583,0.007
-443768.271,-1172389.450,349.031,0.009
-443763.081,-1172403.440,349.522,0.008
-443767.290,-1172398.690,349.654,0.006
-443769.071,-1172396.120,350.471,0.009
-443769.191,-1172396.600,350.484,0.006
-443769.070,-1172396.940,350.447,0.003
-443768.961,-1172397.240,350.405,0.005
-443767.400,-1172401.410,349.534,0.006
-443769.871,-1172396.100,350.540,0.010
-443769.920,-1172396.470,350.513,0.007
-443769.801,-1172396.800,350.520,0.010
-443769.540,-1172397.480,350.443,0.007
-443768.250,-1172400.940,349.562,0.008
-443769.400,-1172399.950,350.383,0.007
-443770.430,-1172398.570,350.444,0.006
-443768.660,-1172403.330,349.494,0.006
-443769.250,-1172402.560,350.266,0.004
-443772.420,-1172398.090,350.421,0.009
-443772.031,-1172399.130,350.391,0.009
-443771.760,-1172400.470,350.274,0.006
-443771.510,-1172401.140,350.280,0.010
-443772.450,-1172401.030,350.303,0.007
-443771.801,-1172402.760,350.301,0.009
-443772.311,-1172403.550,350.252,0.008
-443773.920,-1172400.960,350.395,0.005
-443787.841,-1172382.110,351.025,0.005
-443788.661,-1172382.309,351.171,0.009
-443788.541,-1172382.620,351.153,0.007
-443788.281,-1172383.330,351.101,0.009
-443788.520,-1172381.270,351.113,0.007
-443787.881,-1172382.970,351.041,0.009
-443788.961,-1172382.370,351.151,0.009
-443788.821,-1172382.730,351.173,0.007
-443788.701,-1172383.060,351.122,0.008
-443788.570,-1172383.390,351.133,0.007
-443790.041,-1172383.260,351.241,0.009
-443788.881,-1172386.340,351.160,0.010
-443791.631,-1172379.790,351.584,0.006
-443791.511,-1172380.110,351.522,0.008
-443791.381,-1172380.450,351.522,0.008
-443791.261,-1172380.770,351.501,0.009
-443790.501,-1172382.790,351.380,0.010
-443790.391,-1172383.100,351.365,0.005
-443790.251,-1172383.450,351.330,0.010
-443789.241,-1172386.150,351.180,0.010
-443789.111,-1172386.490,351.172,0.008
-443789.581,-1172386.710,351.242,0.008
-443789.462,-1172387.020,351.230,0.010
-443789.651,-1172389.830,351.193,0.007
-443788.641,-1172392.520,351.071,0.009
-443789.381,-1172396.580,351.095,0.005
-443789.641,-1172394.320,351.140,0.010
-443789.521,-1172394.640,351.112,0.008
-443790.281,-1172396.660,351.262,0.008
-443789.511,-1172398.690,351.155,0.005
-443789.391,-1172399.020,351.134,0.006
-443791.991,-1172390.610,351.484,0.006
-443791.111,-1172392.930,351.321,0.009
-443790.981,-1172393.290,351.335,0.005
-443790.850,-1172393.620,351.307,0.003
-443789.740,-1172396.580,351.146,0.004
-443789.371,-1172397.580,351.101,0.009
-443789.242,-1172397.910,351.071,0.010
-443791.651,-1172390.560,351.460,0.010
-443791.521,-1172390.899,351.411,0.009
-443791.391,-1172391.250,351.424,0.006
-443791.261,-1172391.579,351.391,0.009
-443791.130,-1172391.930,351.354,0.006
-443790.771,-1172392.900,351.292,0.008
-443790.641,-1172393.240,351.251,0.009
-443790.681,-1172396.320,351.293,0.007
-443792.411,-1172391.000,351.530,0.010
-443790.151,-1172401.830,351.162,0.008
-443790.011,-1172402.200,351.173,0.007
-443792.801,-1172394.150,351.523,0.007
-443789.911,-1172401.830,351.141,0.009
-443789.792,-1172402.160,351.121,0.009
-443793.170,-1172402.590,351.515,0.005
-443793.051,-1172402.920,351.503,0.007
-443792.591,-1172399.160,351.473,0.007
-443791.701,-1172401.520,351.360,0.010
-443792.971,-1172396.790,351.510,0.010
-443792.711,-1172397.470,351.514,0.006
-443792.081,-1172399.150,351.391,0.009
-443791.821,-1172399.820,351.363,0.007
-443791.321,-1172401.150,351.270,0.010
-443792.401,-1172397.470,351.462,0.008
-443791.901,-1172398.820,351.441,0.009
-443791.531,-1172399.800,351.311,0.009
-443696.670,-1172345.740,353.072,0.008
-443796.211,-1172325.860,351.145,0.005
-443796.971,-1172327.350,351.183,0.007
-443801.610,-1172315.710,350.893,0.007
-443798.541,-1172325.710,351.263,0.007
-443798.421,-1172326.040,351.262,0.009
-443797.901,-1172327.420,351.201,0.009
-443802.220,-1172316.760,350.917,0.003
-443802.100,-1172317.080,350.908,0.002
-443801.960,-1172317.460,350.905,0.005
-443798.910,-1172325.650,351.283,0.007
-443802.121,-1172316.080,350.931,0.009
-443801.870,-1172316.770,350.897,0.003
-443797.360,-1172329.780,351.192,0.008
-443797.110,-1172330.470,351.170,0.010
-443797.680,-1172330.340,351.191,0.009
-443798.780,-1172328.010,351.290,0.010
-443800.541,-1172330.650,351.380,0.010
-443805.070,-1172317.530,351.136,0.004
-443804.950,-1172317.840,351.154,0.006
-443805.410,-1172317.600,351.146,0.004
-443731.021,-1172323.530,352.883,0.007
-443730.891,-1172323.870,352.821,0.009
-443730.771,-1172324.220,352.763,0.007
-443731.421,-1172323.520,352.884,0.006
-443743.570,-1172326.380,351.275,0.005
-443743.870,-1172326.190,351.246,0.004
-443756.591,-1172293.870,355.372,0.008
-443756.461,-1172294.210,355.350,0.010
-443757.371,-1172313.520,354.482,0.008
-443757.250,-1172313.860,354.473,0.007
-443757.511,-1172313.670,354.482,0.008
-443758.220,-1172317.340,354.510,0.010
-443760.751,-1172312.750,354.733,0.007
-443759.121,-1172317.210,354.560,0.010
-443760.230,-1172316.590,354.643,0.007
-443761.310,-1172314.580,354.694,0.006
-443761.770,-1172315.090,354.812,0.008
-443763.570,-1172312.580,355.024,0.006
-443763.441,-1172312.940,355.005,0.005
-443762.700,-1172314.950,354.895,0.005
-443762.431,-1172315.670,354.843,0.007
-443763.981,-1172312.050,355.054,0.006
-443763.730,-1172312.730,355.022,0.008
-443763.601,-1172313.100,355.032,0.009
-443762.851,-1172315.150,354.882,0.008
-443762.721,-1172315.490,354.861,0.009
-443764.291,-1172312.760,355.113,0.007
-443764.161,-1172313.110,355.102,0.008
-443763.911,-1172313.790,355.042,0.009
-443763.791,-1172314.120,355.034,0.006
-443763.670,-1172314.460,355.005,0.005
-443763.541,-1172314.790,354.982,0.008
-443763.420,-1172315.130,354.975,0.005
-443763.301,-1172315.460,354.964,0.006
-443761.281,-1172320.950,354.740,0.010
-443764.401,-1172313.350,355.053,0.008
-443764.281,-1172313.680,355.031,0.009
-443764.161,-1172314.010,354.993,0.007
-443764.031,-1172314.350,355.020,0.010
-443763.780,-1172315.030,354.995,0.005
-443763.660,-1172315.360,354.965,0.005
-443761.511,-1172321.210,354.732,0.008
-443764.331,-1172314.750,355.083,0.007
-443764.212,-1172315.090,355.031,0.009
-443764.070,-1172315.460,355.013,0.007
-443763.961,-1172315.770,355.003,0.007
-443763.831,-1172316.120,355.020,0.010
-443763.701,-1172316.480,354.992,0.008
-443763.571,-1172316.820,354.952,0.008
-443763.450,-1172317.160,354.945,0.005
-443763.321,-1172317.520,354.942,0.008
-443764.601,-1172314.640,355.084,0.007
-443764.471,-1172314.980,355.082,0.008
-443764.351,-1172315.320,354.994,0.006
-443764.211,-1172315.690,355.023,0.007
-443764.091,-1172316.020,354.962,0.008
-443763.971,-1172316.360,354.962,0.008
-443763.711,-1172317.060,354.973,0.007
-443763.590,-1172317.380,354.966,0.004
-443764.771,-1172315.630,355.084,0.006
-443764.631,-1172316.000,355.143,0.007
-443764.261,-1172317.010,355.004,0.006
-443764.131,-1172317.350,354.961,0.009
-443764.001,-1172317.720,354.971,0.009
-443764.801,-1172316.260,355.072,0.008
-443764.680,-1172316.590,355.045,0.005
-443764.551,-1172316.940,355.025,0.006
-443764.431,-1172317.270,355.013,0.007
-443764.301,-1172317.630,355.013,0.007
-443764.171,-1172317.960,354.983,0.007
-443764.861,-1172317.380,355.084,0.006
-443764.721,-1172317.760,355.114,0.006
-443764.600,-1172318.090,355.085,0.005
-443765.001,-1172317.530,355.105,0.005
-443764.621,-1172318.570,355.052,0.008
-443765.030,-1172319.030,355.086,0.004
-443764.900,-1172319.380,355.096,0.004
-443764.781,-1172319.720,355.095,0.005
-443765.100,-1172319.500,355.087,0.003
-443764.981,-1172319.840,355.084,0.006
-443782.770,-1172320.330,353.752,0.008
-443716.910,-1172327.090,354.506,0.004
-443716.530,-1172326.980,354.416,0.004
-443698.820,-1172342.930,353.183,0.007
-443704.240,-1172328.230,352.666,0.004
-443704.140,-1172327.890,352.695,0.005
-443704.010,-1172328.250,352.664,0.006
-443704.130,-1172327.060,352.643,0.007
-443704.000,-1172327.430,352.654,0.006
-443703.880,-1172327.740,352.616,0.004
-443703.760,-1172328.070,352.615,0.005
-443698.210,-1172342.530,353.171,0.009
-443703.501,-1172327.220,352.654,0.006
-443703.380,-1172327.530,352.597,0.003
-443697.561,-1172342.670,353.202,0.008
-443851.720,-1172425.630,373.793,0.007
-443849.211,-1172430.580,374.200,0.010
-443850.371,-1172425.310,374.192,0.008
-443850.110,-1172425.980,374.123,0.007
-443848.311,-1172427.910,374.144,0.006
-443847.671,-1172429.570,374.150,0.010
-443851.411,-1172419.310,373.801,0.009
-443848.151,-1172427.790,374.152,0.008
-443848.531,-1172424.700,374.120,0.010
-443846.230,-1172430.700,374.190,0.010
-443849.051,-1172421.360,374.111,0.009
-443846.070,-1172429.120,374.123,0.007
-443849.160,-1172420.310,374.135,0.005
-443848.180,-1172420.470,374.103,0.007
-443847.210,-1172421.040,374.083,0.007
-443850.790,-1172410.360,373.744,0.006
-443846.330,-1172412.740,374.122,0.008
-443840.950,-1172426.770,374.123,0.007
-443849.580,-1172404.270,374.132,0.008
-443846.151,-1172412.760,374.161,0.009
-443845.760,-1172413.780,374.142,0.008
-443840.230,-1172426.630,374.124,0.006
-443838.420,-1172431.340,374.191,0.009
-443839.410,-1172427.970,374.172,0.009
-443842.740,-1172419.330,377.394,0.006
-443843.871,-1172414.590,374.762,0.008
-443842.901,-1172417.140,377.393,0.007
-443841.111,-1172421.780,374.171,0.010
-443838.190,-1172424.750,374.142,0.008
-443835.540,-1172430.720,373.863,0.007
-443835.410,-1172431.060,373.822,0.008
-443849.150,-1172396.160,374.203,0.007
-443847.591,-1172400.220,374.163,0.007
-443846.291,-1172403.620,374.130,0.010
-443845.660,-1172405.270,374.121,0.009
-443835.970,-1172427.900,373.843,0.007
-443849.060,-1172393.750,374.210,0.010
-443848.030,-1172396.440,374.203,0.007
-443844.530,-1172405.560,374.091,0.009
-443843.130,-1172409.220,374.043,0.007
-443845.800,-1172401.350,374.141,0.009
-443845.271,-1172402.750,374.131,0.009
-443842.321,-1172410.440,374.101,0.009
-443835.580,-1172426.410,373.815,0.005
-443835.321,-1172427.110,373.821,0.009
-443847.981,-1172395.680,374.231,0.009
-443847.390,-1172395.600,374.181,0.009
-443847.251,-1172395.970,374.230,0.010
-443849.181,-1172390.460,374.232,0.008
-443848.151,-1172393.150,374.241,0.009
-443835.070,-1172426.040,373.835,0.005
-443848.940,-1172389.830,374.221,0.009
-443835.261,-1172423.140,373.811,0.009
-443835.000,-1172423.820,373.816,0.004
-443847.210,-1172391.960,374.194,0.006
-443845.270,-1172397.030,374.212,0.008
-443835.441,-1172422.090,373.863,0.007
-443851.291,-1172380.660,371.464,0.006
-443847.790,-1172389.820,374.262,0.008
-443847.130,-1172391.550,374.225,0.005
-443846.350,-1172393.590,374.261,0.009
-443841.210,-1172405.500,374.060,0.010
-443850.930,-1172380.100,371.363,0.007
-443850.800,-1172380.450,371.355,0.005
-443847.620,-1172387.970,374.260,0.010
-443846.470,-1172390.970,374.231,0.009
-443841.540,-1172402.140,374.091,0.009
-443848.930,-1172382.860,374.231,0.009
-443843.080,-1172397.690,374.274,0.006
-443833.910,-1172420.330,377.461,0.009
-443848.690,-1172383.040,374.255,0.006
-443845.930,-1172388.580,374.253,0.007
-443836.840,-1172409.390,374.111,0.009
-443848.751,-1172378.270,374.231,0.009
-443844.590,-1172389.140,374.201,0.009
-443841.340,-1172397.630,374.231,0.009
-443841.080,-1172398.310,374.252,0.008
-443840.070,-1172400.930,374.071,0.009
-443839.181,-1172403.270,374.062,0.008
-443848.411,-1172378.360,374.241,0.009
-443846.081,-1172384.450,374.261,0.009
-443845.941,-1172384.800,374.252,0.008
-443841.251,-1172397.050,374.273,0.007
-443841.130,-1172397.370,374.273,0.007
-443844.100,-1172387.980,374.224,0.006
-443840.330,-1172397.830,374.201,0.009
-443839.181,-1172400.829,374.100,0.010
-443848.651,-1172375.610,374.243,0.007
-443843.950,-1172387.880,374.252,0.008
-443841.481,-1172394.340,374.302,0.008
-443841.350,-1172394.660,374.260,0.010
-443840.440,-1172397.050,374.282,0.008
-443838.510,-1172402.090,374.101,0.009
-443830.881,-1172420.859,377.662,0.008
-443848.120,-1172375.790,374.182,0.008
-443834.900,-1172408.120,373.791,0.009
-443830.211,-1172420.419,377.622,0.008
-443847.430,-1172375.390,374.183,0.007
-443846.910,-1172376.750,374.193,0.007
-443846.781,-1172377.090,374.210,0.010
-443846.140,-1172378.770,374.204,0.006
-443848.601,-1172372.349,374.291,0.009
-443848.480,-1172372.660,374.244,0.006
-443848.350,-1172372.980,374.244,0.006
-443847.830,-1172374.340,374.224,0.006
-443847.770,-1172373.870,374.233,0.007
-443847.651,-1172374.200,374.241,0.009
-443847.000,-1172375.900,374.213,0.007
-443846.330,-1172377.650,374.206,0.004
-443829.330,-1172420.470,377.522,0.008
-443848.120,-1172371.340,374.224,0.006
-443847.211,-1172373.720,374.171,0.009
-443846.420,-1172375.790,374.181,0.009
-443846.021,-1172376.830,374.171,0.009
-443845.490,-1172378.200,374.185,0.005
-443844.971,-1172379.560,374.152,0.008
-443844.841,-1172379.900,374.152,0.008
-443844.590,-1172380.560,374.183,0.007
-443843.291,-1172383.960,374.211,0.009
-443842.620,-1172385.710,374.255,0.005
-443841.190,-1172389.450,374.233,0.007
-443844.730,-1172379.300,374.231,0.009
-443840.950,-1172389.190,374.281,0.009
-443838.970,-1172389.710,374.322,0.008
-443837.290,-1172392.300,374.271,0.009
-443837.161,-1172392.630,374.220,0.010
-443837.850,-1172390.240,374.314,0.007
-443837.581,-1172390.930,374.311,0.009
-443837.210,-1172391.900,374.280,0.010
-443837.070,-1172392.260,374.283,0.007
-443840.940,-1172380.650,377.541,0.009
-443835.071,-1172395.960,373.841,0.009
-443834.820,-1172396.610,373.845,0.005
-443837.470,-1172388.780,374.321,0.009
-443834.430,-1172396.710,373.866,0.004
-443840.550,-1172380.740,377.511,0.009
-443842.560,-1172372.750,374.252,0.008
-443842.250,-1172372.040,374.226,0.004
-443833.960,-1172389.530,373.868,0.002
-443841.280,-1172371.870,374.244,0.006
-443838.250,-1172379.840,377.543,0.007
-443833.900,-1172387.020,373.804,0.006
-443833.781,-1172387.350,373.854,0.006
-443833.861,-1172386.570,373.852,0.009
-443834.381,-1172378.940,373.890,0.010
-443840.000,-1172360.450,370.405,0.005
-443837.990,-1172365.730,370.673,0.007
-443833.571,-1172372.690,373.804,0.006
-443829.230,-1172383.200,377.682,0.008
-443838.170,-1172360.580,370.603,0.007
-443837.680,-1172360.950,370.673,0.007
-443837.551,-1172361.300,370.652,0.008
-443837.030,-1172362.660,370.664,0.006
-443838.340,-1172357.390,370.662,0.008
-443838.221,-1172357.710,370.632,0.008
-443837.830,-1172358.720,370.625,0.005
-443837.700,-1172359.050,370.603,0.007
-443837.110,-1172359.700,370.643,0.007
-443828.131,-1172383.350,377.664,0.006
-443838.371,-1172354.940,370.662,0.008
-443836.940,-1172358.690,370.592,0.008
-443836.811,-1172359.040,370.630,0.010
-443827.951,-1172382.360,377.622,0.008
-443827.831,-1172382.690,377.636,0.004
-443838.411,-1172354.020,370.712,0.008
-443838.281,-1172354.360,370.712,0.008
-443838.161,-1172354.670,370.632,0.008
-443838.020,-1172355.050,370.683,0.007
-443837.750,-1172355.740,370.665,0.005
-443837.621,-1172356.100,370.660,0.010
-443837.230,-1172357.120,370.651,0.009
-443835.660,-1172361.250,370.627,0.003
-443835.400,-1172361.920,370.662,0.008
-443838.140,-1172353.180,370.631,0.009
-443838.240,-1172352.110,370.716,0.004
-443838.110,-1172352.430,370.694,0.006
-443837.590,-1172353.810,370.674,0.006
-443837.070,-1172355.160,370.643,0.007
-443834.800,-1172358.650,370.585,0.005
-443834.540,-1172359.350,370.602,0.008
-443834.280,-1172360.020,370.586,0.004
-443834.140,-1172360.390,370.595,0.005
-443834.020,-1172360.720,370.585,0.005
-443833.890,-1172361.060,370.614,0.006
-443833.490,-1172362.120,370.604,0.006
-443838.211,-1172350.690,370.642,0.008
-443837.300,-1172353.080,370.593,0.007
-443837.171,-1172353.430,370.613,0.007
-443834.560,-1172360.290,370.571,0.009
-443835.390,-1172355.480,370.552,0.008
-443835.260,-1172355.810,370.542,0.008
-443835.120,-1172356.190,370.553,0.007
-443833.690,-1172359.930,370.521,0.009
-443833.430,-1172360.610,370.556,0.004
-443838.080,-1172350.060,370.693,0.007
-443837.680,-1172351.110,370.692,0.008
-443837.270,-1172352.170,370.645,0.005
-443836.760,-1172353.520,370.643,0.007
-443837.740,-1172349.290,370.654,0.006
-443837.360,-1172350.300,370.614,0.006
-443837.230,-1172350.630,370.603,0.007
-443837.090,-1172351.010,370.613,0.007
-443836.960,-1172351.350,370.623,0.007
-443836.440,-1172352.710,370.584,0.006
-443836.030,-1172353.780,370.561,0.009
-443833.900,-1172357.510,370.545,0.005
-443836.780,-1172351.200,370.640,0.010
-443832.720,-1172359.980,370.592,0.008
-443837.830,-1172346.540,370.691,0.009
-443837.561,-1172347.260,370.691,0.009
-443834.560,-1172355.140,370.613,0.007
-443833.910,-1172356.850,370.604,0.006
-443837.940,-1172344.720,370.651,0.009
-443837.290,-1172346.430,370.635,0.005
-443837.691,-1172344.730,370.660,0.010
-443837.570,-1172345.050,370.652,0.008
-443837.050,-1172346.410,370.655,0.005
-443837.160,-1172344.760,370.604,0.006
-443834.150,-1172352.680,370.541,0.009
-443832.740,-1172356.400,373.175,0.005
-443832.101,-1172358.090,373.132,0.008
-443831.970,-1172358.430,373.145,0.005
-443829.300,-1172365.430,370.631,0.009
-443837.580,-1172342.940,370.660,0.010
-443837.310,-1172343.650,370.632,0.008
-443837.840,-1172340.820,370.640,0.010
-443837.571,-1172341.520,370.620,0.010
-443836.790,-1172343.570,370.594,0.006
-443836.650,-1172343.940,370.581,0.009
-443836.521,-1172344.280,370.563,0.007
-443835.990,-1172345.670,370.583,0.007
-443834.280,-1172350.180,370.615,0.005
-443837.930,-1172340.170,370.684,0.006
-443837.811,-1172340.500,370.711,0.009
-443837.680,-1172340.830,370.672,0.008
-443837.550,-1172341.170,370.656,0.004
-443836.250,-1172344.600,370.642,0.008
-443835.980,-1172345.310,370.621,0.009
-443835.190,-1172347.400,370.642,0.008
-443838.041,-1172338.550,370.680,0.010
-443837.781,-1172339.230,370.642,0.008
-443837.651,-1172339.580,370.643,0.007
-443837.510,-1172339.950,370.634,0.006
-443837.250,-1172340.620,370.581,0.009
-443837.110,-1172340.990,370.635,0.005
-443837.901,-1172338.130,370.683,0.007
-443837.760,-1172338.490,370.668,0.002
-443837.630,-1172338.830,370.686,0.004
-443837.510,-1172339.150,370.645,0.005
-443837.390,-1172339.480,370.645,0.005
-443837.250,-1172339.850,370.633,0.007
-443837.111,-1172340.200,370.642,0.008
-443836.850,-1172340.880,370.584,0.006
-443836.190,-1172342.630,370.614,0.006
-443826.581,-1172365.350,359.744,0.007
-443837.701,-1172336.890,370.611,0.009
-443837.570,-1172337.250,370.613,0.007
-443837.301,-1172337.960,370.611,0.009
-443837.181,-1172338.280,370.611,0.009
-443837.040,-1172338.640,370.604,0.006
-443836.770,-1172339.350,370.584,0.006
-443836.631,-1172339.710,370.581,0.009
-443836.501,-1172340.070,370.582,0.008
-443836.120,-1172341.070,370.592,0.008
-443835.980,-1172341.420,370.554,0.006
-443835.850,-1172341.780,370.553,0.007
-443835.720,-1172342.110,370.553,0.007
-443835.580,-1172342.470,370.555,0.005
-443835.190,-1172343.520,370.533,0.007
-443833.481,-1172348.000,370.602,0.008
-443833.091,-1172349.040,370.630,0.010
-443837.341,-1172337.130,370.641,0.009
-443836.300,-1172339.880,370.603,0.007
-443835.890,-1172340.940,370.613,0.007
-443832.090,-1172350.960,370.632,0.008
-443829.900,-1172356.740,373.185,0.005
-443834.280,-1172343.630,370.541,0.009
-443833.220,-1172346.410,370.551,0.009
-443831.791,-1172350.170,370.590,0.010
-443837.730,-1172336.110,370.652,0.008
-443837.561,-1172334.980,370.610,0.010
-443837.031,-1172336.380,370.591,0.009
-443835.881,-1172339.410,370.531,0.009
-443834.490,-1172340.310,370.504,0.006
-443833.190,-1172343.730,370.520,0.010
-443832.800,-1172344.770,370.531,0.009
-443830.760,-1172349.440,370.652,0.008
-443833.620,-1172340.400,370.523,0.007
-443835.590,-1172334.550,370.601,0.009
-443833.740,-1172339.430,370.562,0.008
-443832.830,-1172341.830,370.543,0.007
-443832.290,-1172343.240,370.565,0.005
-443830.990,-1172346.680,370.622,0.008
-443832.291,-1172338.670,373.191,0.009
-443831.360,-1172341.110,373.197,0.003
-443832.370,-1172335.980,370.553,0.007
-443829.790,-1172336.110,370.562,0.008
-443829.660,-1172336.460,370.575,0.005
-443828.421,-1172340.520,370.601,0.009
-443825.840,-1172340.060,371.114,0.006
-443768.401,-1172435.100,361.230,0.010
-443770.081,-1172432.850,361.312,0.008
-443770.040,-1172429.750,361.445,0.005
-443768.550,-1172433.700,361.323,0.007
-443768.730,-1172428.880,361.490,0.010
-443766.130,-1172433.980,361.315,0.005
-443766.650,-1172433.120,361.325,0.005
-443766.400,-1172433.780,361.305,0.005
-443769.640,-1172423.210,361.643,0.007
-443768.670,-1172425.780,361.562,0.008
-443765.350,-1172434.670,361.274,0.006
-443769.031,-1172423.810,361.631,0.009
-443765.850,-1172432.300,361.330,0.010
-443765.500,-1172430.760,361.421,0.009
-443762.680,-1172434.590,361.255,0.005
-443762.190,-1172435.120,361.271,0.009
-443761.780,-1172433.600,361.325,0.005
-443766.400,-1172422.240,361.662,0.008
-443765.410,-1172424.890,361.595,0.005
-443763.830,-1172429.120,361.442,0.008
-443762.961,-1172431.450,361.383,0.007
-443761.970,-1172434.090,361.261,0.009
-443765.820,-1172422.800,361.691,0.009
-443759.700,-1172435.340,361.235,0.005
-443762.550,-1172429.180,361.463,0.007
-443761.340,-1172428.570,361.485,0.005
-443761.220,-1172428.900,361.471,0.009
-443764.281,-1172422.240,361.701,0.009
-443763.800,-1172423.540,361.675,0.005
-443763.320,-1172424.820,361.607,0.003
-443762.700,-1172426.480,361.582,0.008
-443762.580,-1172426.800,361.546,0.004
-443760.580,-1172428.610,361.494,0.006
-443759.610,-1172431.220,361.394,0.006
-443759.350,-1172431.900,361.351,0.009
-443758.630,-1172433.850,361.295,0.005
-443758.260,-1172434.840,361.262,0.008
-443760.680,-1172427.400,361.542,0.008
-443760.561,-1172427.720,361.491,0.009
-443762.040,-1172424.700,361.602,0.008
-443758.180,-1172431.600,361.403,0.007
-443760.680,-1172425.690,361.576,0.004
-443760.070,-1172427.330,361.556,0.004
-443759.090,-1172429.970,361.444,0.006
-443760.750,-1172424.690,361.624,0.006
-443755.770,-1172436.030,361.243,0.007
-443756.260,-1172432.800,361.373,0.007
-443755.531,-1172434.750,361.311,0.009
-443759.620,-1172424.280,361.624,0.007
-443754.500,-1172433.210,361.371,0.009
-443754.960,-1172427.720,361.562,0.008
-443754.480,-1172429.000,361.483,0.007
-443751.810,-1172433.900,361.321,0.009
-443756.140,-1172423.090,361.692,0.008
-443754.531,-1172424.100,361.661,0.009
-443749.170,-1172435.980,361.243,0.007
-443754.540,-1172422.510,361.691,0.009
-443751.141,-1172431.670,361.381,0.009
-443750.770,-1172432.660,361.365,0.005
-443751.970,-1172428.440,361.484,0.006
-443751.700,-1172426.950,361.531,0.009
-443748.410,-1172435.810,361.260,0.010
-443749.500,-1172428.820,361.492,0.008
-443747.070,-1172435.360,361.273,0.007
-443751.920,-1172424.110,361.662,0.008
-443751.200,-1172426.040,361.595,0.005
-443750.950,-1172426.720,361.573,0.007
-443750.910,-1172424.180,361.651,0.009
-443747.400,-1172433.650,361.335,0.005
-443746.870,-1172432.720,361.386,0.004
-443747.560,-1172427.210,361.552,0.008
-443746.700,-1172429.530,361.490,0.010
-443745.600,-1172432.490,361.367,0.003
-443745.120,-1172433.790,361.324,0.006
-443746.970,-1172426.000,361.592,0.008
-443745.120,-1172432.830,361.362,0.008
-443744.150,-1172435.450,361.301,0.009
-443745.550,-1172429.120,361.522,0.008
-443747.210,-1172425.350,361.621,0.009
-443740.740,-1172436.470,361.225,0.005
-443745.330,-1172425.340,361.642,0.008
-443745.211,-1172425.660,361.611,0.009
-443744.970,-1172426.310,361.602,0.008
-443744.730,-1172426.970,361.563,0.007
-443743.470,-1172428.350,361.514,0.006
-443739.240,-1172435.960,361.232,0.008
-443738.991,-1172436.620,361.221,0.009
-443740.310,-1172432.160,361.421,0.009
-443740.870,-1172427.160,361.561,0.009
-443739.320,-1172431.370,361.421,0.009
-443742.660,-1172423.650,361.702,0.008
-443737.951,-1172432.300,361.363,0.007
-443737.230,-1172434.260,361.302,0.008
-443738.781,-1172430.050,361.462,0.008
-443735.910,-1172434.450,361.324,0.006
-443738.680,-1172427.820,361.543,0.007
-443737.961,-1172429.770,361.450,0.010
-443737.230,-1172431.740,361.391,0.009
-443736.970,-1172429.250,361.514,0.006
-443736.730,-1172428.490,361.513,0.007
-443735.680,-1172426.890,361.571,0.009
-443735.001,-1172423.520,361.710,0.010
-443835.710,-1172334.220,370.620,0.010
-443836.830,-1172333.470,370.613,0.007
-443837.661,-1172331.970,370.670,0.010
-443837.540,-1172332.300,370.620,0.010
-443837.400,-1172332.660,370.611,0.010
-443837.270,-1172333.010,370.635,0.005
-443837.010,-1172333.690,370.625,0.005
-443836.870,-1172334.050,370.594,0.006
-443839.301,-1172332.690,370.382,0.008
-443828.150,-1172331.890,370.673,0.007
-443760.580,-1172291.520,359.111,0.009
-443710.770,-1172334.720,361.042,0.008
-443708.870,-1172336.030,360.984,0.006
-443709.060,-1172329.890,361.002,0.008
-443706.291,-1172330.280,360.812,0.008
-443835.951,-1172430.460,352.567,0.003
-443835.671,-1172430.300,352.537,0.003
-443835.421,-1172430.200,352.476,0.004
-443835.641,-1172430.010,352.596,0.004
-443815.461,-1172438.630,352.081,0.009
-443815.261,-1172438.360,352.012,0.008
-443833.170,-1172422.330,348.504,0.006
-443804.581,-1172410.220,348.232,0.008
-443796.061,-1172404.800,351.811,0.009
-443794.330,-1172405.740,351.633,0.007
-443795.681,-1172404.639,351.800,0.010
-443796.791,-1172403.730,351.905,0.005
-443793.501,-1172405.350,351.494,0.006
-443794.821,-1172403.860,351.693,0.007
-443794.631,-1172403.540,351.662,0.008
-443794.901,-1172403.310,351.711,0.009
-443796.261,-1172406.440,351.822,0.008
-443795.751,-1172405.920,351.780,0.010
-443796.011,-1172405.710,351.812,0.008
-443796.281,-1172405.500,351.851,0.009
-443796.292,-1172405.040,351.880,0.010
-443796.571,-1172404.820,351.891,0.009
-443793.621,-1172407.230,351.512,0.008
-443795.311,-1172408.370,351.671,0.009
-443795.581,-1172408.160,351.772,0.008
-443793.721,-1172409.680,351.461,0.009
-443794.771,-1172408.810,351.640,0.010
-443793.821,-1172409.150,351.511,0.009
-443794.661,-1172408.470,351.601,0.009
-443795.171,-1172408.050,351.691,0.009
-443793.792,-1172408.780,351.511,0.009
-443796.901,-1172409.240,351.870,0.010
-443801.530,-1172405.470,348.161,0.009
-443802.930,-1172405.640,348.131,0.009
-443797.261,-1172409.490,351.921,0.009
-443805.360,-1172404.560,348.093,0.007
-443803.500,-1172406.470,348.113,0.007
-443803.801,-1172406.230,348.101,0.009
-443792.950,-1172423.370,350.175,0.005
-443792.560,-1172423.420,350.181,0.009
-443791.830,-1172423.150,350.093,0.007
-443791.531,-1172423.030,350.101,0.009
-443791.801,-1172422.810,350.133,0.007
-443792.010,-1172422.270,350.116,0.004
-443791.831,-1172421.920,350.063,0.007
-443792.010,-1172419.540,350.014,0.006
-443792.610,-1172419.050,349.944,0.006
-443732.901,-1172409.580,349.074,0.006
-443732.861,-1172411.430,349.050,0.010
-443732.811,-1172411.080,349.022,0.008
-443732.821,-1172412.410,349.043,0.007
-443732.920,-1172412.030,349.066,0.004
-443732.791,-1172411.870,349.004,0.006
-443736.860,-1172409.470,350.450,0.010
-443736.530,-1172410.460,350.463,0.007
-443731.140,-1172414.880,349.011,0.009
-443737.310,-1172410.600,350.490,0.010
-443741.630,-1172408.440,350.461,0.009
-443738.420,-1172410.170,350.482,0.009
-443743.230,-1172407.750,350.450,0.010
-443730.480,-1172418.220,348.977,0.003
-443730.720,-1172418.010,349.065,0.005
-443732.120,-1172416.870,349.037,0.003
-443732.660,-1172416.420,349.043,0.007
-443731.280,-1172416.940,349.056,0.004
-443741.851,-1172409.560,350.480,0.010
-443730.720,-1172418.680,349.075,0.005
-443731.550,-1172418.000,349.055,0.005
-443732.090,-1172417.560,349.066,0.004
-443732.630,-1172417.120,349.078,0.002
-443742.410,-1172410.650,350.485,0.005
-443742.660,-1172410.440,350.481,0.009
-443746.760,-1172407.070,350.422,0.008
-443732.580,-1172418.200,349.059,0.001
-443732.840,-1172417.980,349.069,0.001
-443730.670,-1172419.250,349.035,0.005
-443732.570,-1172417.700,349.029,0.001
-443732.840,-1172419.010,349.035,0.005
-443732.320,-1172418.920,349.027,0.003
-443733.120,-1172418.260,349.058,0.002
-443749.131,-1172407.350,350.442,0.008
-443749.091,-1172409.740,350.500,0.010
-443752.351,-1172408.200,350.451,0.009
-443753.450,-1172407.300,350.463,0.007
-443753.990,-1172406.860,350.471,0.009
-443754.261,-1172406.630,350.501,0.009
-443752.350,-1172407.600,350.441,0.009
-443751.421,-1172410.110,350.491,0.009
-443750.540,-1172410.300,350.501,0.009
-443751.641,-1172409.410,350.491,0.009
-443754.171,-1172408.370,350.501,0.009
-443789.781,-1172404.510,351.093,0.007
-443773.300,-1172417.950,353.660,0.010
-443789.741,-1172404.980,351.053,0.007
-443790.021,-1172404.750,351.122,0.008
-443790.091,-1172405.179,351.122,0.008
-443776.710,-1172418.150,353.474,0.006
-443790.291,-1172407.080,351.133,0.007
-443790.821,-1172406.640,351.185,0.005
-443791.391,-1172406.180,351.251,0.009
-443791.291,-1172406.740,351.272,0.009
-443791.551,-1172406.520,351.291,0.009
-443791.831,-1172406.300,351.313,0.007
-443792.031,-1172406.860,351.331,0.009
-443793.372,-1172407.000,351.470,0.010
-443790.911,-1172409.010,351.161,0.009
-443793.331,-1172407.460,351.464,0.006
-443792.801,-1172408.330,351.393,0.007
-443791.280,-1172410.050,351.203,0.007
-443791.171,-1172410.600,351.193,0.007
-443791.451,-1172410.370,351.190,0.010
-443791.901,-1172410.320,351.291,0.009
-443792.171,-1172410.100,351.311,0.009
-443792.201,-1172410.470,351.302,0.008
-443793.551,-1172409.370,351.472,0.008
-443791.921,-1172410.700,351.300,0.010
-443792.320,-1172410.820,351.353,0.007
-443777.190,-1172423.750,353.513,0.007
-443787.320,-1172419.270,349.954,0.006
-443787.600,-1172419.040,349.943,0.007
-443787.711,-1172419.350,349.974,0.006
-443787.770,-1172419.700,349.981,0.009
-443788.001,-1172419.980,349.972,0.008
-443829.980,-1172398.870,348.416,0.004
-443830.040,-1172399.270,348.396,0.004
-443828.471,-1172397.880,348.412,0.008
-443829.310,-1172397.190,348.401,0.009
-443829.851,-1172397.700,348.382,0.008
-443830.131,-1172397.470,348.403,0.007
-443828.460,-1172397.190,348.323,0.007
-443829.880,-1172395.190,348.323,0.007
-443829.600,-1172395.800,348.415,0.005
-443829.590,-1172394.640,348.398,0.002
-443829.870,-1172394.410,348.402,0.008
-443829.900,-1172393.890,348.365,0.005
-443829.221,-1172393.730,348.410,0.010
-443828.000,-1172394.460,348.355,0.005
-443828.260,-1172394.240,348.395,0.005
-443829.130,-1172393.540,348.345,0.005
-443824.960,-1172338.660,349.048,0.002
-443824.960,-1172339.160,349.059,0.001
-443825.801,-1172338.470,349.071,0.009
-443825.010,-1172339.520,349.029,0.001
-443825.570,-1172339.050,349.078,0.002
-443825.840,-1172338.830,349.125,0.005
-443825.090,-1172339.970,349.038,0.002
-443825.380,-1172339.730,349.058,0.002
-443825.691,-1172340.110,349.062,0.008
-443825.590,-1172341.400,349.077,0.003
-443825.650,-1172340.810,349.056,0.004
-443825.911,-1172340.600,349.083,0.007
-443825.980,-1172343.380,351.285,0.005
-443826.231,-1172343.180,351.386,0.004
-443826.081,-1172343.780,351.314,0.006
-443826.331,-1172343.580,351.415,0.005
-443792.941,-1172377.830,351.782,0.009
-443791.731,-1172379.780,351.573,0.007
-443791.481,-1172380.510,351.533,0.007
-443791.761,-1172380.289,351.580,0.010
-443792.031,-1172380.060,351.620,0.010
-443792.301,-1172379.850,351.663,0.007
-443792.561,-1172379.630,351.675,0.006
-443792.820,-1172379.410,351.716,0.004
-443793.891,-1172378.540,351.872,0.008
-443792.711,-1172380.020,351.694,0.006
-443794.551,-1172381.850,351.882,0.008
-443825.750,-1172356.320,349.022,0.008
-443825.730,-1172356.860,349.047,0.003
-443825.990,-1172356.650,349.047,0.003
-443793.901,-1172383.340,351.820,0.010
-443825.640,-1172357.380,349.018,0.002
-443825.930,-1172357.140,349.048,0.002
-443794.021,-1172383.700,351.802,0.008
-443794.280,-1172383.490,351.831,0.009
-443825.690,-1172357.790,349.048,0.002
-443825.960,-1172357.580,349.038,0.002
-443825.780,-1172358.260,349.067,0.003
-443826.050,-1172358.040,349.087,0.003
-443825.650,-1172358.940,349.018,0.002
-443825.930,-1172358.710,349.069,0.001
-443825.650,-1172359.400,349.028,0.002
-443825.950,-1172359.150,349.057,0.003
-443826.160,-1172359.530,349.057,0.003
-443794.470,-1172385.440,351.871,0.009
-443794.740,-1172385.840,351.877,0.003
-443795.001,-1172385.629,351.921,0.009
-443799.670,-1172381.820,348.306,0.004
-443800.810,-1172380.890,348.345,0.005
-443795.201,-1172386.660,351.921,0.010
-443801.240,-1172381.730,348.320,0.010
-443802.950,-1172380.330,348.253,0.007
-443804.031,-1172380.640,348.232,0.008
-443794.621,-1172388.330,351.851,0.010
-443803.310,-1172382.380,348.213,0.007
-443805.361,-1172381.260,348.202,0.008
-443808.750,-1172378.490,348.286,0.004
-443810.180,-1172377.330,348.293,0.007
-443809.981,-1172378.070,348.271,0.009
-443810.250,-1172377.850,348.282,0.008
-443809.720,-1172378.830,348.272,0.008
-443795.511,-1172390.440,351.953,0.007
-443795.461,-1172390.819,351.901,0.009
-443807.990,-1172380.580,348.232,0.008
-443811.980,-1172376.990,348.295,0.005
-443813.700,-1172375.570,348.303,0.007
-443806.480,-1172382.130,348.211,0.009
-443812.080,-1172377.560,348.303,0.007
-443793.621,-1172393.040,351.661,0.009
-443807.850,-1172381.010,348.203,0.007
-443808.800,-1172381.020,348.224,0.006
-443813.860,-1172376.880,348.255,0.005
-443815.250,-1172375.750,348.292,0.008
-443793.531,-1172393.490,351.603,0.007
-443792.951,-1172394.220,351.563,0.007
-443794.601,-1172393.141,351.801,0.009
-443795.411,-1172392.470,351.880,0.010
-443795.691,-1172392.250,351.923,0.007
-443814.950,-1172376.260,348.283,0.007
-443808.530,-1172381.760,348.255,0.005
-443794.300,-1172393.840,351.726,0.004
-443794.561,-1172393.630,351.765,0.005
-443795.662,-1172392.730,351.901,0.009
-443793.962,-1172394.600,351.711,0.010
-443794.251,-1172394.370,351.723,0.007
-443794.501,-1172394.160,351.760,0.010
-443794.771,-1172393.940,351.780,0.010
-443795.031,-1172393.730,351.823,0.007
-443811.320,-1172380.880,348.184,0.006
-443813.041,-1172379.479,348.081,0.009
-443813.890,-1172378.780,348.184,0.006
-443814.720,-1172378.100,348.224,0.006
-443794.320,-1172394.760,351.721,0.009
-443794.561,-1172394.560,351.771,0.009
-443795.671,-1172393.660,351.901,0.009
-443793.751,-1172395.690,351.660,0.010
-443794.021,-1172395.469,351.711,0.009
-443794.851,-1172394.790,351.792,0.008
-443795.391,-1172394.350,351.860,0.010
-443813.310,-1172379.720,348.145,0.005
-443815.001,-1172378.910,348.190,0.010
-443814.540,-1172379.810,348.151,0.009
-443793.021,-1172396.850,351.561,0.009
-443793.281,-1172396.640,351.591,0.009
-443795.961,-1172394.450,351.922,0.008
-443793.101,-1172397.310,351.571,0.009
-443793.351,-1172397.100,351.612,0.008
-443793.821,-1172397.170,351.654,0.007
-443794.101,-1172396.950,351.692,0.008
-443794.191,-1172397.330,351.700,0.010
-443819.101,-1172377.000,348.233,0.007
-443819.561,-1172377.250,348.261,0.009
-443817.250,-1172379.800,348.151,0.009
-443793.791,-1172398.940,351.641,0.009
-443818.230,-1172379.580,348.123,0.007
-443818.530,-1172379.340,348.134,0.006
-443793.891,-1172400.580,351.642,0.008
-443795.931,-1172399.930,351.892,0.008
-443793.271,-1172402.580,351.533,0.007
-443793.541,-1172402.360,351.563,0.007
-443793.201,-1172403.210,351.512,0.008
-443793.461,-1172402.990,351.560,0.010
-443793.721,-1172402.780,351.592,0.008
-443795.011,-1172402.799,351.760,0.010
-443795.291,-1172402.570,351.773,0.007
-443733.970,-1172389.290,349.318,0.002
-443734.020,-1172389.720,349.314,0.006
-443735.320,-1172389.160,349.318,0.002
-443737.210,-1172389.040,349.306,0.004
-443737.660,-1172389.100,349.337,0.003
-443739.410,-1172390.080,349.325,0.005
-443741.570,-1172388.860,349.283,0.007
-443741.540,-1172389.290,349.303,0.007
-443731.490,-1172399.340,349.021,0.009
-443731.751,-1172399.120,349.064,0.006
-443730.910,-1172401.370,348.981,0.009
-443731.161,-1172401.160,349.021,0.009
-443730.250,-1172402.490,348.994,0.006
-443732.420,-1172400.700,349.062,0.008
-443733.741,-1172399.610,350.521,0.009
-443732.591,-1172400.950,349.061,0.009
-443732.480,-1172401.460,349.037,0.003
-443732.740,-1172401.250,349.078,0.002
-443732.760,-1172401.740,349.097,0.003
-443730.720,-1172403.980,348.985,0.005
-443730.990,-1172404.190,348.982,0.008
-443736.790,-1172399.920,350.461,0.009
-443731.690,-1172404.590,349.033,0.007
-443734.070,-1172402.630,350.512,0.008
-443738.750,-1172398.780,350.473,0.007
-443732.741,-1172404.240,349.063,0.008
-443735.981,-1172401.560,350.442,0.008
-443732.441,-1172404.810,349.010,0.010
-443738.100,-1172400.150,350.423,0.007
-443739.530,-1172399.430,350.434,0.006
-443732.861,-1172405.440,349.054,0.007
-443739.100,-1172400.310,350.454,0.006
-443742.490,-1172398.120,350.433,0.007
-443735.850,-1172404.030,350.451,0.009
-443741.070,-1172399.730,350.415,0.005
-443740.581,-1172400.650,350.401,0.009
-443740.840,-1172400.440,350.415,0.005
-443738.920,-1172402.550,350.413,0.007
-443741.381,-1172400.530,350.381,0.009
-443741.640,-1172400.320,350.432,0.008
-443738.800,-1172403.230,350.402,0.008
-443739.881,-1172402.340,350.401,0.009
-443740.150,-1172402.120,350.404,0.006
-443741.530,-1172400.980,350.404,0.006
-443742.641,-1172400.070,350.440,0.010
-443742.910,-1172399.850,350.451,0.009
-443739.640,-1172402.980,350.403,0.007
-443741.320,-1172401.600,350.376,0.004
-443742.391,-1172400.710,350.421,0.009
-443742.960,-1172400.250,350.452,0.008
-443742.031,-1172401.460,350.412,0.008
-443739.980,-1172404.350,350.393,0.007
-443740.270,-1172404.120,350.372,0.008
-443741.631,-1172403.000,350.381,0.009
-443742.701,-1172402.120,350.422,0.008
-443742.960,-1172401.910,350.441,0.009
-443741.201,-1172403.780,350.391,0.009
-443747.240,-1172398.820,350.432,0.008
-443739.900,-1172405.250,350.361,0.009
-443746.780,-1172399.600,350.393,0.007
-443747.061,-1172399.370,350.431,0.009
-443748.411,-1172398.260,350.430,0.010
-443740.471,-1172405.170,350.391,0.009
-443740.741,-1172404.950,350.411,0.009
-443741.020,-1172404.720,350.390,0.010
-443741.290,-1172404.490,350.401,0.009
-443749.261,-1172397.950,350.422,0.008
-443740.651,-1172405.420,350.390,0.010
-443740.931,-1172405.190,350.403,0.007
-443746.281,-1172401.060,350.402,0.008
-443748.770,-1172399.020,350.443,0.007
-443739.700,-1172406.470,350.410,0.010
-443739.961,-1172406.250,350.430,0.010
-443740.260,-1172406.010,350.432,0.008
-443742.171,-1172404.440,350.451,0.009
-443743.560,-1172403.300,350.462,0.008
-443743.181,-1172403.900,350.461,0.009
-443741.280,-1172405.840,350.432,0.008
-443743.450,-1172404.060,350.484,0.006
-443746.500,-1172401.550,350.395,0.005
-443751.170,-1172397.720,350.424,0.006
-443740.860,-1172406.600,350.413,0.007
-443741.110,-1172406.400,350.424,0.006
-443741.920,-1172405.730,350.410,0.010
-443742.730,-1172405.070,350.473,0.007
-443743.281,-1172404.620,350.463,0.007
-443748.290,-1172400.500,350.382,0.008
-443751.010,-1172398.270,350.412,0.008
-443751.820,-1172397.610,350.450,0.010
-443742.810,-1172405.300,350.484,0.006
-443743.330,-1172404.870,350.501,0.009
-443767.920,-1172385.050,349.046,0.004
-443742.790,-1172406.100,350.453,0.007
-443743.300,-1172405.680,350.496,0.004
-443742.560,-1172406.780,350.411,0.009
-443746.680,-1172403.400,350.372,0.008
-443748.880,-1172401.590,350.386,0.004
-443750.821,-1172400.000,350.373,0.007
-443752.481,-1172398.640,350.420,0.010
-443753.580,-1172398.120,350.452,0.008
-443745.440,-1172405.330,350.454,0.006
-443750.161,-1172401.450,350.361,0.009
-443750.430,-1172401.230,350.393,0.007
-443752.060,-1172399.890,350.381,0.009
-443750.160,-1172402.060,350.402,0.008
-443745.720,-1172406.380,350.443,0.007
-443766.830,-1172389.070,349.003,0.007
-443753.100,-1172400.860,350.441,0.009
-443756.600,-1172397.990,349.721,0.009
-443767.840,-1172389.270,349.001,0.009
-443768.161,-1172389.530,348.980,0.010
-443750.641,-1172403.890,350.381,0.009
-443751.970,-1172403.320,350.413,0.007
-443752.260,-1172403.080,350.401,0.009
-443751.211,-1172404.280,350.424,0.006
-443753.390,-1172402.490,350.453,0.007
-443754.690,-1172401.430,349.572,0.008
-443750.640,-1172405.160,350.374,0.006
-443750.900,-1172404.950,350.387,0.003
-443751.181,-1172404.720,350.420,0.010
-443749.630,-1172406.460,350.402,0.008
-443750.430,-1172405.800,350.392,0.008
-443750.700,-1172405.580,350.423,0.007
-443757.810,-1172399.760,349.634,0.006
-443751.580,-1172405.340,350.421,0.009
-443757.900,-1172400.160,349.625,0.005
-443752.490,-1172405.000,350.435,0.005
-443753.320,-1172404.320,350.483,0.007
-443760.100,-1172398.760,349.682,0.008
-443753.791,-1172404.840,350.475,0.006
-443755.390,-1172403.530,349.504,0.006
-443758.390,-1172401.070,349.595,0.005
-443760.890,-1172399.020,349.663,0.007
-443753.581,-1172405.530,350.461,0.009
-443753.840,-1172405.310,350.472,0.008
-443757.930,-1172401.960,349.555,0.005
-443753.761,-1172405.910,350.481,0.009
-443754.021,-1172405.700,350.480,0.010
-443764.950,-1172397.270,349.744,0.006
-443754.241,-1172406.040,350.522,0.008
-443754.500,-1172405.830,350.543,0.007
-443761.100,-1172400.430,349.612,0.008
-443761.360,-1172400.210,349.603,0.007
-443757.010,-1172404.380,349.502,0.008
-443759.740,-1172402.150,349.564,0.006
-443787.631,-1172380.450,351.102,0.008
-443761.590,-1172401.780,349.561,0.009
-443764.370,-1172399.500,349.632,0.008
-443765.190,-1172398.840,349.666,0.004
-443759.930,-1172403.650,349.527,0.003
-443768.260,-1172397.450,349.724,0.006
-443768.530,-1172397.230,349.734,0.006
-443768.900,-1172396.930,350.448,0.002
-443769.181,-1172396.690,350.484,0.006
-443769.731,-1172396.250,350.501,0.009
-443769.111,-1172396.140,350.470,0.010
-443769.360,-1172395.930,350.513,0.007
-443765.620,-1172400.210,349.614,0.006
-443765.891,-1172399.990,349.600,0.010
-443768.110,-1172398.170,349.685,0.005
-443769.041,-1172397.410,350.452,0.008
-443769.300,-1172397.200,350.493,0.007
-443788.611,-1172381.390,351.203,0.007
-443762.070,-1172403.120,349.551,0.009
-443788.031,-1172382.380,351.084,0.006
-443788.281,-1172382.180,351.111,0.009
-443765.890,-1172400.520,349.593,0.007
-443788.231,-1172383.170,351.082,0.008
-443788.781,-1172382.730,351.156,0.004
-443789.041,-1172382.510,351.233,0.007
-443787.922,-1172382.910,351.091,0.009
-443791.181,-1172380.230,351.511,0.009
-443766.761,-1172401.750,349.554,0.006
-443788.381,-1172383.560,351.122,0.008
-443788.641,-1172383.350,351.151,0.009
-443763.200,-1172404.180,349.493,0.007
-443767.040,-1172401.030,349.572,0.008
-443767.040,-1172401.520,349.564,0.006
-443790.051,-1172383.170,351.324,0.006
-443766.540,-1172402.400,349.546,0.004
-443769.110,-1172400.300,350.393,0.007
-443790.161,-1172383.660,351.340,0.010
-443790.461,-1172383.420,351.363,0.007
-443770.431,-1172400.350,350.362,0.008
-443770.960,-1172399.920,350.383,0.007
-443771.840,-1172400.430,350.311,0.009
-443772.110,-1172400.210,350.331,0.009
-443772.370,-1172400.000,350.363,0.007
-443788.621,-1172386.700,351.131,0.009
-443788.881,-1172386.490,351.172,0.008
-443789.140,-1172386.280,351.217,0.003
-443769.310,-1172403.020,350.316,0.004
-443771.810,-1172400.970,350.315,0.005
-443769.270,-1172403.500,350.296,0.004
-443769.320,-1172403.910,350.288,0.002
-443772.640,-1172401.190,350.326,0.004
-443772.920,-1172400.960,350.343,0.007
-443788.421,-1172388.809,351.082,0.009
-443773.560,-1172400.970,350.351,0.009
-443773.180,-1172402.310,350.311,0.009
-443789.881,-1172389.820,351.253,0.008
-443772.331,-1172403.540,350.272,0.008
-443791.081,-1172391.220,351.333,0.007
-443791.342,-1172391.010,351.430,0.010
-443791.631,-1172390.770,351.432,0.008
-443790.791,-1172393.170,351.291,0.009
-443791.041,-1172392.960,351.391,0.010
-443789.521,-1172394.780,351.143,0.007
-443789.791,-1172394.560,351.151,0.009
-443790.871,-1172393.680,351.325,0.006
-443791.161,-1172393.440,351.343,0.007
-443789.701,-1172396.620,351.175,0.005
-443789.981,-1172396.390,351.200,0.010
-443790.281,-1172396.150,351.212,0.008
-443789.271,-1172396.590,351.135,0.005
-443790.021,-1172396.880,351.202,0.008
-443790.561,-1172396.440,351.271,0.009
-443789.951,-1172396.680,351.193,0.007
-443790.231,-1172396.440,351.241,0.009
-443790.512,-1172396.220,351.271,0.009
-443789.431,-1172398.750,351.133,0.007
-443789.372,-1172398.350,351.131,0.009
-443791.931,-1172397.740,351.401,0.009
-443792.490,-1172399.340,351.484,0.006
-443791.251,-1172399.730,351.305,0.005
-443791.511,-1172399.520,351.342,0.008
-443792.321,-1172398.860,351.431,0.009
-443792.561,-1172397.750,351.503,0.007
-443793.000,-1172402.800,351.505,0.005
-443789.981,-1172402.050,351.163,0.007
-443801.021,-1172330.490,351.390,0.010
-443800.011,-1172330.240,351.320,0.010
-443799.260,-1172329.590,351.285,0.005
-443797.680,-1172330.360,351.200,0.010
-443797.260,-1172329.780,351.164,0.007
-443796.880,-1172329.090,351.200,0.010
-443797.600,-1172327.990,351.222,0.008
-443797.870,-1172327.780,351.252,0.008
-443796.571,-1172328.180,351.153,0.007
-443796.840,-1172327.960,351.203,0.007
-443796.971,-1172327.250,351.221,0.009
-443797.240,-1172327.020,351.220,0.010
-443797.521,-1172326.800,351.223,0.007
-443799.190,-1172325.410,351.331,0.009
-443796.491,-1172326.020,351.211,0.009
-443797.340,-1172325.320,351.233,0.007
-443803.051,-1172317.600,351.145,0.005
-443801.871,-1172318.040,350.864,0.006
-443802.141,-1172317.820,350.944,0.006
-443801.920,-1172317.480,350.905,0.005
-443802.200,-1172317.250,350.916,0.004
-443802.160,-1172316.660,350.897,0.003
-443801.710,-1172316.430,350.885,0.005
-443801.990,-1172316.210,350.926,0.004
-443801.620,-1172315.990,350.847,0.003
-443801.870,-1172315.780,350.943,0.007
-443801.620,-1172315.480,350.883,0.007
-443801.900,-1172315.240,350.915,0.005
-443756.441,-1172294.019,355.341,0.009
-443756.701,-1172293.800,355.432,0.008
-443730.771,-1172323.729,352.744,0.006
-443731.011,-1172323.530,352.853,0.007
-443730.781,-1172324.240,352.763,0.007
-443731.021,-1172324.040,352.843,0.007
-443757.031,-1172313.780,354.452,0.008
-443757.321,-1172313.530,354.454,0.006
-443760.441,-1172312.520,354.735,0.005
-443762.261,-1172311.420,354.931,0.009
-443759.281,-1172313.940,354.602,0.008
-443759.801,-1172314.730,354.612,0.008
-443760.071,-1172314.510,354.662,0.008
-443757.731,-1172317.580,354.444,0.006
-443758.001,-1172317.360,354.471,0.009
-443759.091,-1172316.440,354.553,0.007
-443759.351,-1172316.220,354.583,0.007
-443761.300,-1172314.570,354.764,0.006
-443764.320,-1172312.020,355.086,0.004
-443758.701,-1172317.430,354.535,0.005
-443758.990,-1172317.190,354.544,0.006
-443761.731,-1172314.880,354.812,0.008
-443763.931,-1172313.020,355.060,0.010
-443760.171,-1172316.800,354.640,0.010
-443762.621,-1172314.730,354.871,0.009
-443764.522,-1172313.130,355.081,0.009
-443762.841,-1172315.090,354.892,0.009
-443763.361,-1172314.650,354.973,0.007
-443763.640,-1172314.410,355.005,0.005
-443763.901,-1172314.190,355.051,0.009
-443764.171,-1172313.960,355.072,0.008
-443764.441,-1172313.740,355.092,0.008
-443762.751,-1172315.659,354.892,0.008
-443763.021,-1172315.440,354.931,0.009
-443763.291,-1172315.210,354.954,0.006
-443764.111,-1172314.510,355.055,0.005
-443763.611,-1172315.610,354.992,0.008
-443763.901,-1172315.360,354.993,0.007
-443764.451,-1172314.900,355.105,0.005
-443759.571,-1172319.630,354.560,0.010
-443759.831,-1172319.420,354.596,0.004
-443763.941,-1172315.960,354.992,0.008
-443764.221,-1172315.720,355.046,0.004
-443764.491,-1172315.490,355.073,0.007
-443764.751,-1172315.270,355.104,0.006
-443763.381,-1172317.000,354.941,0.009
-443763.651,-1172316.770,354.984,0.006
-443764.191,-1172316.310,355.045,0.005
-443764.470,-1172316.080,355.085,0.005
-443764.741,-1172315.850,355.114,0.006
-443763.600,-1172317.320,354.945,0.005
-443763.871,-1172317.090,354.992,0.008
-443764.430,-1172316.620,355.054,0.006
-443763.881,-1172317.730,355.021,0.009
-443764.441,-1172317.260,355.033,0.007
-443764.721,-1172317.030,355.106,0.004
-443760.121,-1172321.490,354.610,0.010
-443764.231,-1172318.040,354.995,0.005
-443764.471,-1172317.830,355.044,0.006
-443764.731,-1172317.620,355.095,0.005
-443764.452,-1172318.290,355.050,0.010
-443764.711,-1172318.070,355.075,0.005
-443764.981,-1172317.850,355.132,0.008
-443764.960,-1172318.290,355.093,0.007
-443764.731,-1172319.080,355.104,0.006
-443764.711,-1172319.690,355.045,0.005
-443764.990,-1172319.460,355.097,0.003
-443764.821,-1172320.540,355.080,0.010
-443765.010,-1172320.890,355.116,0.004
-443699.650,-1172344.680,353.145,0.005
-443704.140,-1172327.970,352.645,0.005
-443703.670,-1172327.930,352.645,0.005
-443703.930,-1172327.710,352.664,0.006
-443704.210,-1172327.470,352.624,0.006
-443703.440,-1172327.500,352.666,0.004
-443703.740,-1172327.250,352.653,0.007
-443850.270,-1172428.620,374.206,0.004
-443849.610,-1172429.520,374.181,0.009
-443849.980,-1172428.550,374.165,0.005
-443848.411,-1172428.550,374.190,0.010
-443851.810,-1172425.700,373.793,0.007
-443847.690,-1172429.570,374.141,0.009
-443846.800,-1172429.000,374.152,0.008
-443851.570,-1172424.990,373.805,0.005
-443848.570,-1172428.060,374.164,0.006
-443848.440,-1172424.920,374.150,0.010
-443843.721,-1172427.770,374.143,0.007
-443839.740,-1172430.810,374.234,0.006
-443847.381,-1172424.400,374.150,0.010
-443838.420,-1172431.340,374.261,0.009
-443844.300,-1172426.110,374.133,0.007
-443842.360,-1172427.460,374.163,0.007
-443847.270,-1172422.710,374.130,0.010
-443848.890,-1172421.360,374.140,0.010
-443849.950,-1172420.470,374.182,0.008
-443849.280,-1172420.210,374.155,0.005
-443848.401,-1172421.370,374.121,0.009
-443839.490,-1172428.010,374.191,0.009
-443837.130,-1172429.480,374.233,0.007
-443842.641,-1172424.870,374.162,0.008
-443843.740,-1172423.950,374.130,0.010
-443847.830,-1172420.530,374.131,0.009
-443848.111,-1172420.290,374.113,0.007
-443843.751,-1172423.560,374.120,0.010
-443841.790,-1172424.880,374.161,0.009
-443846.641,-1172419.800,374.081,0.009
-443846.780,-1172419.340,374.125,0.005
-443847.030,-1172419.130,374.111,0.009
-443839.291,-1172425.260,374.142,0.008
-443845.500,-1172419.310,374.080,0.010
-443835.270,-1172428.220,373.844,0.006
-443838.311,-1172425.030,374.183,0.007
-443847.651,-1172417.240,374.153,0.007
-443841.221,-1172421.910,374.222,0.008
-443835.431,-1172427.170,373.851,0.009
-443835.721,-1172426.930,373.841,0.009
-443835.580,-1172426.620,373.844,0.006
-443835.860,-1172426.380,373.833,0.007
-443851.020,-1172410.220,373.755,0.005
-443835.660,-1172423.410,373.882,0.008
-443842.921,-1172417.360,377.413,0.007
-443847.360,-1172412.900,374.165,0.005
-443842.820,-1172417.050,377.405,0.005
-443848.131,-1172412.630,374.123,0.007
-443835.300,-1172422.120,373.883,0.007
-443846.060,-1172412.740,374.132,0.008
-443843.450,-1172414.560,374.145,0.005
-443840.091,-1172416.570,377.432,0.008
-443834.010,-1172420.700,377.523,0.007
-443845.851,-1172408.810,374.141,0.009
-443844.580,-1172409.070,374.092,0.008
-443830.441,-1172420.790,377.554,0.006
-443843.260,-1172409.510,374.091,0.009
-443847.640,-1172405.420,374.161,0.009
-443841.621,-1172410.880,374.090,0.010
-443846.760,-1172405.770,374.122,0.008
-443846.611,-1172405.580,374.120,0.010
-443847.100,-1172404.500,374.134,0.006
-443837.900,-1172412.510,374.141,0.009
-443841.050,-1172409.100,374.095,0.005
-443845.721,-1172405.230,374.122,0.008
-443838.440,-1172410.880,374.142,0.008
-443844.840,-1172405.590,374.124,0.006
-443846.200,-1172404.460,374.123,0.007
-443847.860,-1172403.080,374.131,0.009
-443838.890,-1172410.140,374.111,0.009
-443848.140,-1172401.010,374.153,0.007
-443840.420,-1172406.430,374.102,0.008
-443844.890,-1172402.300,374.122,0.008
-443842.980,-1172403.870,374.112,0.008
-443837.641,-1172407.890,374.131,0.009
-443840.410,-1172405.600,374.062,0.008
-443837.721,-1172407.480,374.120,0.010
-443843.530,-1172402.690,374.134,0.006
-443844.650,-1172401.760,374.143,0.007
-443845.760,-1172400.840,374.150,0.010
-443846.051,-1172400.610,374.161,0.009
-443840.990,-1172404.330,374.113,0.007
-443848.190,-1172398.380,374.245,0.005
-443843.721,-1172401.720,374.161,0.009
-443835.300,-1172408.200,373.804,0.006
-443838.560,-1172405.510,374.074,0.006
-443841.800,-1172402.470,374.143,0.007
-443848.141,-1172396.890,374.232,0.008
-443838.740,-1172404.640,374.114,0.006
-443839.031,-1172404.400,374.061,0.009
-443839.850,-1172403.720,374.083,0.007
-443839.070,-1172403.960,374.093,0.007
-443839.350,-1172403.730,374.105,0.005
-443840.190,-1172403.040,374.111,0.009
-443839.320,-1172403.420,374.108,0.002
-443845.990,-1172397.920,374.262,0.008
-443849.020,-1172395.430,374.224,0.006
-443835.021,-1172406.470,373.892,0.008
-443847.970,-1172395.190,374.240,0.010
-443834.721,-1172406.390,373.803,0.007
-443839.930,-1172401.820,374.131,0.009
-443836.930,-1172404.030,374.127,0.003
-443845.260,-1172397.180,374.242,0.008
-443836.890,-1172403.610,374.134,0.006
-443843.250,-1172398.380,374.275,0.005
-443845.740,-1172396.320,374.252,0.008
-443849.131,-1172393.530,374.233,0.007
-443845.840,-1172395.750,374.234,0.006
-443843.810,-1172396.970,374.282,0.008
-443846.340,-1172394.880,374.221,0.009
-443846.391,-1172394.420,374.231,0.009
-443847.771,-1172393.290,374.242,0.008
-443840.450,-1172397.960,374.291,0.009
-443841.010,-1172397.500,374.283,0.007
-443839.720,-1172398.220,374.273,0.007
-443839.990,-1172397.990,374.275,0.005
-443840.271,-1172397.770,374.271,0.009
-443840.530,-1172397.550,374.262,0.008
-443841.111,-1172397.070,374.273,0.007
-443841.950,-1172396.380,374.265,0.005
-443843.081,-1172395.460,374.263,0.007
-443847.250,-1172392.030,374.216,0.004
-443849.191,-1172390.430,374.252,0.008
-443839.050,-1172398.260,374.283,0.007
-443839.320,-1172398.030,374.273,0.007
-443847.150,-1172391.600,374.225,0.005
-443847.451,-1172391.360,374.250,0.010
-443838.111,-1172398.520,374.282,0.008
-443839.450,-1172396.960,374.284,0.006
-443836.690,-1172398.770,374.292,0.008
-443838.080,-1172397.630,374.281,0.009
-443838.380,-1172397.380,374.263,0.007
-443843.080,-1172393.520,374.273,0.007
-443847.871,-1172389.590,374.240,0.010
-443841.431,-1172394.320,374.271,0.009
-443849.021,-1172388.090,374.262,0.008
-443839.140,-1172394.740,374.290,0.010
-443846.560,-1172387.850,374.241,0.009
-443846.860,-1172387.610,374.262,0.008
-443847.130,-1172387.390,374.251,0.009
-443839.651,-1172393.900,374.291,0.009
-443845.740,-1172388.530,374.254,0.006
-443839.991,-1172392.830,374.281,0.009
-443840.271,-1172392.600,374.302,0.008
-443841.930,-1172391.240,374.273,0.007
-443834.380,-1172396.900,373.865,0.005
-443840.680,-1172390.540,374.253,0.007
-443841.250,-1172390.080,374.274,0.006
-443842.670,-1172388.920,374.244,0.006
-443845.720,-1172386.420,374.212,0.008
-443836.790,-1172394.050,374.311,0.009
-443837.370,-1172393.580,374.303,0.007
-443843.780,-1172387.560,374.252,0.008
-443845.450,-1172386.190,374.264,0.006
-443838.170,-1172392.600,374.281,0.009
-443836.810,-1172392.820,374.273,0.007
-443840.120,-1172390.110,374.296,0.004
-443834.940,-1172394.800,373.864,0.006
-443849.951,-1172381.630,373.813,0.007
-443851.261,-1172380.550,371.403,0.007
-443850.940,-1172380.820,373.414,0.006
-443845.840,-1172384.610,374.264,0.006
-443846.131,-1172384.370,374.281,0.009
-443834.210,-1172393.600,373.834,0.006
-443845.910,-1172384.030,374.242,0.008
-443837.461,-1172390.510,374.282,0.008
-443842.790,-1172386.150,374.253,0.007
-443846.160,-1172383.400,374.242,0.008
-443848.430,-1172381.540,374.234,0.006
-443836.740,-1172390.720,374.312,0.008
-443837.850,-1172389.810,374.311,0.009
-443841.230,-1172387.050,374.312,0.008
-443841.520,-1172386.800,374.291,0.009
-443842.651,-1172385.880,374.294,0.006
-443849.281,-1172380.460,374.713,0.007
-443841.370,-1172386.620,374.291,0.009
-443842.500,-1172385.700,374.281,0.009
-443844.780,-1172383.840,374.253,0.007
-443845.591,-1172383.170,374.231,0.009
-443846.701,-1172382.270,374.234,0.006
-443844.880,-1172382.530,374.242,0.008
-443848.421,-1172379.240,374.230,0.010
-443848.701,-1172379.010,374.252,0.008
-443837.270,-1172388.760,374.313,0.007
-443841.751,-1172385.090,374.281,0.009
-443834.450,-1172390.660,373.872,0.008
-443837.700,-1172388.010,374.304,0.007
-443846.420,-1172380.870,374.213,0.007
-443846.740,-1172380.120,374.243,0.007
-443839.230,-1172385.840,374.298,0.002
-443846.810,-1172379.640,374.242,0.008
-443848.491,-1172378.260,374.240,0.010
-443846.940,-1172379.240,374.250,0.010
-443836.430,-1172387.550,374.337,0.003
-443847.091,-1172378.840,374.231,0.009
-443846.230,-1172379.140,374.225,0.005
-443846.500,-1172378.910,374.232,0.008
-443834.010,-1172389.530,373.878,0.002
-443834.290,-1172389.300,373.894,0.006
-443846.650,-1172378.360,374.234,0.006
-443847.761,-1172377.460,374.251,0.010
-443834.240,-1172388.940,373.864,0.006
-443839.880,-1172384.330,377.522,0.008
-443844.941,-1172379.760,374.212,0.008
-443839.210,-1172384.070,377.493,0.007
-443846.350,-1172378.240,374.240,0.010
-443847.791,-1172377.060,374.230,0.010
-443848.061,-1172376.840,374.242,0.008
-443848.350,-1172376.600,374.231,0.009
-443834.010,-1172387.950,373.845,0.005
-443843.161,-1172380.480,374.212,0.008
-443847.670,-1172376.790,374.231,0.009
-443847.971,-1172376.550,374.211,0.009
-443848.250,-1172376.320,374.234,0.006
-443834.110,-1172387.370,373.883,0.007
-443843.280,-1172379.890,374.202,0.008
-443845.520,-1172378.050,374.210,0.010
-443847.240,-1172376.660,374.224,0.006
-443847.511,-1172376.430,374.224,0.006
-443848.360,-1172375.740,374.234,0.006
-443847.120,-1172376.290,374.221,0.009
-443847.410,-1172376.050,374.201,0.009
-443833.961,-1172386.630,373.822,0.009
-443834.230,-1172386.410,373.884,0.006
-443834.521,-1172386.170,373.872,0.008
-443845.080,-1172377.550,374.201,0.009
-443847.610,-1172375.490,374.243,0.007
-443834.461,-1172385.810,373.851,0.009
-443838.420,-1172382.580,377.535,0.005
-443840.120,-1172381.190,377.513,0.007
-443840.420,-1172380.950,377.507,0.003
-443840.691,-1172380.720,377.513,0.007
-443845.050,-1172377.170,374.210,0.010
-443845.350,-1172376.930,374.221,0.009
-443846.170,-1172376.250,374.181,0.009
-443846.440,-1172376.030,374.232,0.008
-443847.840,-1172374.890,374.211,0.009
-443840.530,-1172380.400,377.520,0.010
-443845.790,-1172376.110,374.202,0.008
-443846.070,-1172375.880,374.211,0.009
-443848.280,-1172374.080,374.273,0.007
-443835.450,-1172384.070,377.583,0.007
-443839.940,-1172380.410,377.523,0.007
-443840.780,-1172379.720,377.550,0.010
-443847.710,-1172374.060,374.243,0.007
-443848.530,-1172373.400,374.255,0.005
-443845.180,-1172375.730,374.213,0.007
-443838.570,-1172380.770,377.522,0.008
-443847.450,-1172373.530,374.214,0.006
-443848.011,-1172373.070,374.243,0.007
-443848.300,-1172372.830,374.245,0.005
-443848.581,-1172372.600,374.272,0.008
-443848.511,-1172372.200,374.300,0.010
-443833.500,-1172384.910,377.591,0.009
-443843.150,-1172375.790,374.194,0.006
-443845.700,-1172373.720,374.233,0.007
-443842.910,-1172375.660,374.215,0.005
-443843.190,-1172375.430,374.186,0.004
-443843.460,-1172375.210,374.215,0.005
-443846.020,-1172373.120,374.194,0.006
-443846.590,-1172372.660,374.211,0.009
-443846.850,-1172372.440,374.223,0.007
-443847.120,-1172372.230,374.234,0.006
-443845.061,-1172373.420,374.221,0.009
-443847.910,-1172371.100,374.245,0.005
-443833.480,-1172383.350,377.591,0.009
-443769.280,-1172435.240,361.280,0.010
-443832.260,-1172383.860,377.611,0.009
-443842.520,-1172375.500,374.192,0.008
-443768.500,-1172435.420,361.264,0.006
-443769.590,-1172434.520,361.292,0.009
-443830.020,-1172384.830,377.674,0.006
-443836.440,-1172379.190,374.305,0.005
-443845.741,-1172371.610,374.231,0.009
-443836.820,-1172378.420,374.306,0.004
-443767.790,-1172435.180,361.260,0.010
-443769.120,-1172434.110,361.293,0.007
-443840.590,-1172374.900,374.217,0.003
-443766.800,-1172435.090,361.262,0.008
-443769.520,-1172432.870,361.333,0.007
-443838.880,-1172374.990,374.245,0.005
-443842.790,-1172371.800,374.245,0.005
-443766.791,-1172434.330,361.291,0.009
-443767.070,-1172434.100,361.304,0.006
-443767.340,-1172433.880,361.302,0.008
-443768.150,-1172433.210,361.322,0.008
-443768.430,-1172432.990,361.332,0.008
-443770.050,-1172431.660,361.384,0.006
-443769.180,-1172431.830,361.385,0.005
-443834.170,-1172378.830,373.835,0.005
-443834.450,-1172378.600,373.853,0.007
-443765.490,-1172434.290,361.283,0.007
-443767.900,-1172432.320,361.345,0.005
-443828.130,-1172383.200,377.693,0.007
-443829.271,-1172382.270,377.662,0.008
-443769.770,-1172430.270,361.435,0.005
-443828.100,-1172382.700,377.694,0.006
-443835.810,-1172376.420,374.321,0.009
-443838.390,-1172374.310,374.273,0.007
-443839.540,-1172373.370,374.254,0.006
-443840.100,-1172372.920,374.264,0.006
-443841.490,-1172371.780,374.281,0.009
-443836.370,-1172375.480,374.286,0.004
-443763.830,-1172435.120,361.271,0.009
-443769.580,-1172428.910,361.492,0.008
-443762.380,-1172435.220,361.272,0.008
-443765.370,-1172432.780,361.332,0.008
-443765.930,-1172432.330,361.351,0.009
-443769.500,-1172428.570,361.492,0.008
-443761.211,-1172435.730,361.223,0.007
-443763.750,-1172432.490,361.351,0.009
-443766.420,-1172430.310,361.423,0.007
-443767.780,-1172429.210,361.474,0.006
-443836.090,-1172373.490,374.292,0.008
-443836.380,-1172373.250,374.284,0.006
-443760.910,-1172435.260,361.283,0.007
-443761.170,-1172435.050,361.274,0.006
-443762.250,-1172434.170,361.297,0.003
-443760.890,-1172434.340,361.294,0.006
-443761.151,-1172434.130,361.310,0.010
-443761.700,-1172433.680,361.315,0.005
-443762.530,-1172433.000,361.345,0.005
-443763.060,-1172432.570,361.354,0.006
-443759.010,-1172435.430,361.244,0.006
-443759.310,-1172434.760,361.274,0.006
-443768.220,-1172427.500,361.533,0.008
-443836.851,-1172371.520,374.273,0.008
-443761.090,-1172432.840,361.343,0.007
-443835.930,-1172371.800,374.295,0.005
-443760.230,-1172433.090,361.323,0.007
-443760.510,-1172432.860,361.310,0.010
-443767.820,-1172426.900,361.544,0.006
-443768.910,-1172426.010,361.574,0.006
-443765.200,-1172428.730,361.484,0.006
-443833.621,-1172372.910,373.871,0.009
-443762.880,-1172430.310,361.433,0.007
-443760.380,-1172431.940,361.386,0.004
-443760.670,-1172431.700,361.403,0.007
-443760.950,-1172431.470,361.414,0.006
-443763.120,-1172429.710,361.465,0.005
-443763.920,-1172429.050,361.505,0.005
-443767.980,-1172425.740,361.591,0.009
-443768.600,-1172424.750,361.611,0.009
-443769.680,-1172423.880,361.665,0.005
-443760.640,-1172430.820,361.413,0.007
-443760.890,-1172430.610,361.422,0.008
-443762.491,-1172429.310,361.470,0.010
-443754.400,-1172435.910,361.273,0.007
-443757.100,-1172433.710,361.333,0.007
-443757.650,-1172433.260,361.343,0.007
-443757.920,-1172433.040,361.363,0.007
-443760.420,-1172429.930,361.451,0.009
-443765.000,-1172426.200,361.571,0.009
-443765.280,-1172425.970,361.583,0.007
-443758.020,-1172431.320,361.403,0.007
-443758.590,-1172430.860,361.412,0.008
-443760.770,-1172429.080,361.483,0.007
-443761.860,-1172428.190,361.503,0.007
-443759.050,-1172430.010,361.465,0.005
-443765.820,-1172424.480,361.635,0.005
-443767.200,-1172423.360,361.685,0.005
-443765.850,-1172424.020,361.655,0.005
-443766.370,-1172423.590,361.664,0.006
-443839.960,-1172363.540,370.444,0.006
-443838.560,-1172364.100,370.680,0.010
-443840.071,-1172362.870,370.431,0.009
-443750.971,-1172436.160,361.261,0.009
-443753.940,-1172433.730,361.333,0.007
-443759.870,-1172428.890,361.493,0.007
-443755.630,-1172431.780,361.402,0.008
-443760.750,-1172427.610,361.552,0.008
-443753.750,-1172432.720,361.350,0.010
-443761.600,-1172426.320,361.564,0.006
-443764.040,-1172424.330,361.633,0.007
-443766.770,-1172422.100,361.694,0.006
-443837.750,-1172364.170,370.673,0.007
-443761.050,-1172426.230,361.595,0.005
-443763.510,-1172424.220,361.636,0.004
-443764.340,-1172423.540,361.682,0.008
-443838.061,-1172363.370,370.651,0.009
-443838.340,-1172363.140,370.683,0.007
-443834.540,-1172365.670,370.691,0.009
-443835.100,-1172365.220,370.692,0.008
-443754.031,-1172431.950,361.371,0.009
-443759.480,-1172427.510,361.531,0.009
-443836.901,-1172363.070,370.663,0.008
-443748.270,-1172435.420,361.271,0.009
-443748.540,-1172435.200,361.282,0.008
-443753.430,-1172431.210,361.413,0.007
-443762.070,-1172424.160,361.646,0.004
-443833.750,-1172365.650,370.692,0.008
-443834.900,-1172364.700,370.695,0.005
-443753.770,-1172430.320,361.442,0.008
-443758.330,-1172426.600,361.591,0.009
-443760.780,-1172424.600,361.651,0.009
-443832.670,-1172365.900,370.713,0.007
-443836.981,-1172362.380,370.643,0.007
-443837.820,-1172361.700,370.652,0.008
-443831.480,-1172366.410,370.710,0.010
-443838.330,-1172360.820,370.644,0.006
-443748.870,-1172434.320,361.320,0.010
-443751.040,-1172432.550,361.384,0.006
-443751.310,-1172432.330,361.382,0.008
-443834.360,-1172363.610,370.681,0.009
-443837.501,-1172361.050,370.621,0.009
-443838.340,-1172360.360,370.665,0.005
-443745.580,-1172436.100,361.260,0.010
-443746.960,-1172434.970,361.290,0.010
-443759.590,-1172424.660,361.643,0.007
-443760.400,-1172423.990,361.652,0.008
-443754.390,-1172428.380,361.535,0.005
-443756.850,-1172426.370,361.593,0.007
-443760.000,-1172423.230,361.671,0.009
-443831.410,-1172364.920,370.653,0.007
-443837.910,-1172359.620,370.642,0.008
-443747.380,-1172434.100,361.334,0.006
-443834.300,-1172362.090,370.613,0.007
-443835.690,-1172360.960,370.636,0.004
-443748.400,-1172432.710,361.346,0.004
-443754.870,-1172427.420,361.553,0.007
-443743.831,-1172435.970,361.261,0.009
-443751.641,-1172429.590,361.484,0.006
-443753.780,-1172427.850,361.522,0.008
-443754.061,-1172427.620,361.531,0.009
-443756.240,-1172425.840,361.612,0.008
-443760.550,-1172422.320,361.702,0.008
-443754.220,-1172427.050,361.563,0.007
-443829.590,-1172365.490,370.720,0.010
-443834.470,-1172361.510,370.624,0.006
-443835.611,-1172360.570,370.632,0.008
-443837.570,-1172358.980,370.671,0.009
-443834.270,-1172361.180,370.620,0.010
-443834.551,-1172360.950,370.621,0.009
-443836.280,-1172359.540,370.641,0.009
-443836.860,-1172359.070,370.651,0.009
-443837.690,-1172358.380,370.651,0.009
-443838.231,-1172357.950,370.691,0.009
-443749.130,-1172431.210,361.417,0.003
-443837.161,-1172358.360,370.642,0.008
-443741.960,-1172436.580,361.241,0.009
-443745.970,-1172433.300,361.362,0.008
-443751.900,-1172428.460,361.514,0.006
-443755.640,-1172425.400,361.623,0.007
-443828.940,-1172365.080,370.675,0.005
-443833.440,-1172361.400,370.581,0.009
-443834.601,-1172360.450,370.611,0.009
-443831.440,-1172362.760,370.612,0.008
-443832.270,-1172362.080,370.605,0.005
-443833.690,-1172360.920,370.596,0.004
-443833.970,-1172360.690,370.585,0.005
-443834.521,-1172360.240,370.612,0.008
-443834.810,-1172360.000,370.632,0.008
-443836.530,-1172358.600,370.603,0.007
-443837.380,-1172357.910,370.633,0.007
-443837.661,-1172357.680,370.642,0.008
-443833.440,-1172360.860,370.574,0.006
-443835.111,-1172359.490,370.602,0.008
-443835.700,-1172359.020,370.606,0.004
-443836.540,-1172358.330,370.613,0.007
-443837.410,-1172357.620,370.626,0.004
-443837.700,-1172357.380,370.633,0.007
-443837.971,-1172357.160,370.673,0.007
-443749.670,-1172429.570,361.470,0.010
-443745.700,-1172432.550,361.398,0.002
-443753.230,-1172426.400,361.565,0.005
-443754.070,-1172425.720,361.590,0.010
-443757.401,-1172422.620,361.702,0.008
-443836.401,-1172358.060,370.603,0.007
-443836.691,-1172357.820,370.611,0.009
-443741.140,-1172436.280,361.251,0.009
-443742.450,-1172435.210,361.276,0.004
-443743.250,-1172434.550,361.313,0.007
-443837.030,-1172357.140,370.640,0.010
-443837.880,-1172356.440,370.663,0.007
-443746.590,-1172431.450,361.422,0.008
-443749.550,-1172429.030,361.502,0.008
-443750.100,-1172428.580,361.486,0.004
-443756.020,-1172423.740,361.654,0.006
-443750.180,-1172428.120,361.533,0.007
-443754.561,-1172424.220,361.651,0.009
-443756.730,-1172422.450,361.725,0.005
-443834.331,-1172359.020,370.602,0.008
-443834.640,-1172358.770,370.592,0.008
-443835.770,-1172357.850,370.614,0.006
-443838.001,-1172356.030,370.671,0.009
-443833.280,-1172359.540,370.553,0.007
-443834.380,-1172358.640,370.585,0.005
-443834.970,-1172358.160,370.605,0.005
-443835.841,-1172357.450,370.582,0.008
-443739.240,-1172436.400,361.253,0.007
-443745.720,-1172431.110,361.430,0.010
-443748.140,-1172429.130,361.505,0.005
-443748.931,-1172428.480,361.530,0.010
-443749.210,-1172428.250,361.523,0.007
-443750.050,-1172427.570,361.554,0.006
-443754.590,-1172423.860,361.671,0.009
-443753.800,-1172423.950,361.680,0.010
-443755.660,-1172422.430,361.724,0.006
-443837.510,-1172355.540,370.635,0.005
-443837.791,-1172355.310,370.655,0.005
-443838.070,-1172355.070,370.682,0.008
-443838.341,-1172354.860,370.672,0.008
-443837.670,-1172354.820,370.641,0.009
-443838.230,-1172354.360,370.673,0.007
-443741.941,-1172433.640,361.331,0.009
-443744.360,-1172431.670,361.413,0.007
-443743.420,-1172431.870,361.421,0.009
-443748.700,-1172426.990,361.582,0.008
-443748.970,-1172426.770,361.582,0.008
-443749.770,-1172426.120,361.594,0.006
-443750.020,-1172425.910,361.602,0.008
-443831.961,-1172358.930,373.182,0.008
-443832.230,-1172358.710,373.194,0.006
-443835.280,-1172356.220,370.606,0.004
-443836.720,-1172355.040,370.633,0.007
-443837.020,-1172354.800,370.642,0.008
-443838.110,-1172353.900,370.684,0.006
-443832.030,-1172358.360,373.164,0.006
-443832.300,-1172358.140,373.223,0.007
-443834.490,-1172356.360,370.594,0.006
-443835.320,-1172355.670,370.603,0.007
-443837.300,-1172354.050,370.653,0.007
-443837.610,-1172353.810,370.664,0.006
-443737.660,-1172436.010,361.262,0.008
-443737.950,-1172435.780,361.273,0.007
-443738.760,-1172435.110,361.294,0.006
-443739.030,-1172434.890,361.304,0.006
-443739.290,-1172434.680,361.293,0.008
-443739.560,-1172434.460,361.311,0.009
-443740.360,-1172433.810,361.322,0.008
-443742.760,-1172431.850,361.424,0.006
-443748.990,-1172426.250,361.604,0.006
-443746.680,-1172427.500,361.583,0.007
-443751.790,-1172423.320,361.711,0.009
-443752.050,-1172423.110,361.704,0.006
-443830.451,-1172359.010,373.153,0.007
-443834.090,-1172356.040,370.602,0.008
-443837.170,-1172353.520,370.651,0.009
-443837.440,-1172353.300,370.663,0.007
-443837.730,-1172353.070,370.671,0.009
-443832.720,-1172356.570,373.195,0.005
-443834.091,-1172355.450,370.611,0.010
-443836.320,-1172353.620,370.635,0.005
-443836.620,-1172353.380,370.654,0.006
-443837.440,-1172352.710,370.661,0.009
-443838.000,-1172352.250,370.672,0.008
-443741.040,-1172432.110,361.402,0.008
-443744.230,-1172429.500,361.483,0.007
-443744.500,-1172429.280,361.502,0.008
-443739.920,-1172432.440,361.396,0.004
-443744.730,-1172428.510,361.530,0.010
-443749.880,-1172424.300,361.655,0.005
-443831.080,-1172357.300,373.201,0.009
-443834.430,-1172354.560,370.640,0.010
-443836.450,-1172352.920,370.643,0.007
-443836.720,-1172352.700,370.643,0.007
-443838.080,-1172351.580,370.700,0.010
-443838.361,-1172351.350,370.711,0.009
-443735.960,-1172435.080,361.284,0.006
-443737.000,-1172434.220,361.322,0.008
-443737.260,-1172434.010,361.333,0.007
-443745.870,-1172426.980,361.595,0.005
-443747.220,-1172425.870,361.632,0.008
-443747.490,-1172425.650,361.643,0.007
-443744.380,-1172427.650,361.562,0.008
-443750.310,-1172422.810,361.710,0.010
-443833.420,-1172354.840,370.603,0.007
-443833.700,-1172354.620,370.615,0.005
-443830.900,-1172356.250,373.173,0.007
-443834.540,-1172353.280,370.613,0.007
-443836.230,-1172351.900,370.646,0.004
-443837.080,-1172351.200,370.673,0.007
-443837.390,-1172350.950,370.654,0.006
-443837.680,-1172350.710,370.656,0.004
-443837.940,-1172350.500,370.676,0.004
-443736.050,-1172434.460,361.312,0.008
-443738.170,-1172432.080,361.405,0.005
-443738.440,-1172431.870,361.404,0.006
-443739.220,-1172431.230,361.441,0.009
-443739.501,-1172431.000,361.430,0.010
-443740.830,-1172429.910,361.466,0.004
-443742.171,-1172428.810,361.511,0.009
-443834.230,-1172352.900,370.622,0.008
-443835.370,-1172351.970,370.614,0.006
-443837.090,-1172350.570,370.633,0.007
-443837.660,-1172350.100,370.677,0.003
-443837.930,-1172349.880,370.662,0.008
-443736.260,-1172433.030,361.373,0.007
-443737.071,-1172432.370,361.402,0.008
-443741.070,-1172429.100,361.524,0.006
-443742.410,-1172428.000,361.544,0.006
-443742.680,-1172427.780,361.552,0.008
-443748.620,-1172422.920,361.703,0.007
-443835.741,-1172351.130,370.643,0.007
-443836.001,-1172350.910,370.662,0.008
-443742.440,-1172427.430,361.552,0.008
-443833.740,-1172352.300,370.635,0.005
-443835.981,-1172350.460,370.632,0.008
-443836.260,-1172350.240,370.645,0.005
-443835.300,-1172350.440,370.650,0.010
-443836.411,-1172349.540,370.711,0.009
-443735.710,-1172432.490,361.383,0.007
-443737.890,-1172430.700,361.435,0.005
-443738.170,-1172430.470,361.475,0.005
-443742.040,-1172426.740,361.594,0.006
-443742.310,-1172426.520,361.603,0.007
-443743.360,-1172425.660,361.624,0.006
-443743.620,-1172425.440,361.655,0.005
-443832.080,-1172352.550,370.595,0.005
-443833.190,-1172351.640,370.592,0.008
-443833.480,-1172351.410,370.614,0.006
-443740.951,-1172427.630,361.540,0.010
-443738.410,-1172429.180,361.521,0.009
-443740.840,-1172427.190,361.551,0.009
-443744.600,-1172424.120,361.663,0.007
-443833.430,-1172350.990,370.632,0.008
-443834.260,-1172350.310,370.650,0.010
-443834.540,-1172350.070,370.643,0.007
-443839.510,-1172345.560,370.434,0.006
-443744.000,-1172424.160,361.672,0.008
-443742.700,-1172424.780,361.654,0.006
-443830.901,-1172352.610,370.622,0.008
-443832.610,-1172351.210,370.623,0.007
-443837.511,-1172346.680,370.682,0.008
-443835.400,-1172347.920,370.655,0.005
-443836.290,-1172347.190,370.645,0.005
-443837.130,-1172346.510,370.656,0.004
-443837.691,-1172346.050,370.682,0.008
-443736.270,-1172429.530,361.502,0.008
-443737.090,-1172428.860,361.513,0.007
-443741.890,-1172424.930,361.643,0.007
-443836.570,-1172346.610,370.630,0.010
-443736.970,-1172428.130,361.536,0.004
-443739.380,-1172426.160,361.625,0.005
-443739.660,-1172425.930,361.595,0.005
-443739.940,-1172425.700,361.614,0.006
-443742.581,-1172423.540,361.711,0.009
-443739.980,-1172425.260,361.615,0.005
-443740.250,-1172425.040,361.637,0.003
-443741.341,-1172424.140,361.660,0.010
-443831.841,-1172350.070,370.601,0.009
-443834.680,-1172347.750,370.633,0.008
-443830.950,-1172350.250,370.633,0.007
-443833.510,-1172348.160,370.652,0.008
-443835.250,-1172346.740,370.645,0.005
-443837.190,-1172345.140,370.662,0.008
-443837.481,-1172344.900,370.653,0.007
-443837.761,-1172344.680,370.660,0.010
-443837.310,-1172344.460,370.644,0.006
-443837.600,-1172344.220,370.675,0.005
-443837.881,-1172343.990,370.664,0.006
-443739.930,-1172424.760,361.651,0.009
-443831.610,-1172349.120,370.656,0.004
-443835.360,-1172346.050,370.613,0.007
-443833.020,-1172347.490,370.603,0.007
-443835.590,-1172345.390,370.633,0.007
-443836.750,-1172344.440,370.645,0.005
-443837.310,-1172343.970,370.630,0.010
-443837.861,-1172343.520,370.661,0.009
-443834.470,-1172345.820,370.573,0.007
-443834.751,-1172345.590,370.602,0.008
-443836.141,-1172344.440,370.624,0.006
-443836.430,-1172344.210,370.611,0.009
-443836.720,-1172343.970,370.633,0.007
-443837.010,-1172343.730,370.635,0.005
-443734.880,-1172427.830,361.544,0.006
-443737.820,-1172425.430,361.642,0.008
-443740.790,-1172422.990,361.714,0.006
-443836.300,-1172343.800,370.624,0.006
-443837.161,-1172343.090,370.630,0.010
-443837.430,-1172342.870,370.654,0.006
-443835.131,-1172344.230,370.563,0.008
-443835.410,-1172344.000,370.573,0.007
-443835.680,-1172343.780,370.583,0.007
-443837.130,-1172342.590,370.632,0.008
-443839.780,-1172340.420,370.415,0.005
-443738.750,-1172423.680,361.690,0.010
-443829.750,-1172349.160,370.675,0.005
-443736.030,-1172425.380,361.632,0.008
-443832.570,-1172346.320,370.573,0.007
-443737.970,-1172423.370,361.713,0.007
-443832.430,-1172346.000,370.573,0.007
-443835.810,-1172343.230,370.592,0.008
-443836.930,-1172342.310,370.630,0.010
-443837.810,-1172341.590,370.676,0.004
-443831.010,-1172346.640,370.602,0.008
-443834.470,-1172343.810,370.564,0.006
-443835.590,-1172342.890,370.594,0.006
-443835.850,-1172342.670,370.594,0.006
-443836.120,-1172342.450,370.613,0.007
-443837.551,-1172341.280,370.661,0.009
-443830.910,-1172346.120,370.602,0.008
-443835.790,-1172342.130,370.604,0.006
-443836.060,-1172341.900,370.605,0.005
-443836.330,-1172341.680,370.626,0.004
-443836.910,-1172341.200,370.625,0.005
-443837.170,-1172340.990,370.655,0.005
-443837.450,-1172340.760,370.646,0.004
-443837.750,-1172340.520,370.672,0.008
-443734.780,-1172425.450,361.632,0.008
-443736.650,-1172423.920,361.691,0.009
-443736.921,-1172423.710,361.711,0.009
-443835.710,-1172341.570,370.591,0.009
-443836.010,-1172341.320,370.575,0.005
-443836.281,-1172341.110,370.603,0.007
-443836.840,-1172340.650,370.635,0.005
-443837.670,-1172339.960,370.645,0.005
-443837.941,-1172339.740,370.704,0.006
-443734.950,-1172424.720,361.666,0.004
-443735.220,-1172424.500,361.674,0.006
-443836.620,-1172340.310,370.625,0.005
-443836.900,-1172340.080,370.623,0.007
-443837.170,-1172339.860,370.644,0.006
-443837.740,-1172339.390,370.682,0.008
-443735.380,-1172423.750,361.705,0.005
-443735.660,-1172423.520,361.692,0.008
-443835.670,-1172340.560,370.573,0.007
-443836.540,-1172339.850,370.592,0.008
-443836.800,-1172339.630,370.605,0.005
-443837.100,-1172339.390,370.646,0.004
-443837.390,-1172339.150,370.645,0.005
-443834.140,-1172341.180,370.554,0.006
-443835.561,-1172340.020,370.580,0.010
-443835.871,-1172339.760,370.574,0.006
-443837.000,-1172338.840,370.614,0.006
-443837.270,-1172338.620,370.656,0.004
-443837.550,-1172338.380,370.667,0.003
-443837.840,-1172338.150,370.688,0.002
-443827.540,-1172345.980,370.675,0.005
-443836.980,-1172338.250,370.641,0.009
-443837.541,-1172337.790,370.655,0.005
-443837.831,-1172337.550,370.643,0.007
-443827.640,-1172345.360,370.671,0.009
-443835.090,-1172339.260,370.563,0.007
-443837.630,-1172337.180,370.644,0.006
-443837.911,-1172336.950,370.683,0.007
-443837.340,-1172336.350,370.645,0.005
-443828.250,-1172344.330,370.634,0.006
-443837.100,-1172337.080,370.622,0.008
-443833.500,-1172338.990,370.544,0.006
-443833.770,-1172338.770,370.576,0.004
-443834.910,-1172337.830,370.564,0.006
-443836.080,-1172336.880,370.576,0.004
-443836.360,-1172336.640,370.606,0.004
-443837.741,-1172335.510,370.661,0.009
-443833.390,-1172339.590,370.523,0.007
-443837.071,-1172336.580,370.631,0.009
-443830.070,-1172341.380,373.214,0.006
-443833.790,-1172338.340,370.556,0.004
-443834.920,-1172337.420,370.584,0.006
-443837.501,-1172335.300,370.641,0.009
-443837.771,-1172335.070,370.693,0.007
-443830.880,-1172340.320,373.211,0.009
-443831.430,-1172339.860,373.215,0.005
-443831.730,-1172339.620,373.194,0.006
-443833.960,-1172337.790,370.555,0.005
-443836.270,-1172335.900,370.584,0.006
-443832.240,-1172338.720,373.205,0.005
-443835.350,-1172336.170,370.583,0.007
-443836.521,-1172335.210,370.613,0.007
-443832.150,-1172338.310,373.211,0.009
-443833.520,-1172337.190,370.554,0.006
-443835.790,-1172335.320,370.583,0.007
-443828.430,-1172340.940,370.601,0.009
-443831.090,-1172338.760,373.216,0.004
-443835.870,-1172334.840,370.594,0.006
-443836.730,-1172334.130,370.614,0.006
-443835.611,-1172334.180,370.582,0.008
-443828.630,-1172340.430,370.621,0.009
-443831.270,-1172338.260,373.200,0.010
-443833.830,-1172336.160,370.592,0.008
-443834.750,-1172334.370,370.575,0.005
-443830.190,-1172338.630,373.203,0.007
-443830.470,-1172338.400,373.212,0.008
-443832.450,-1172335.760,370.593,0.007
-443833.290,-1172335.060,370.592,0.008
-443831.440,-1172335.380,370.575,0.005
-443833.360,-1172334.470,370.595,0.005
-443831.010,-1172334.580,370.603,0.007
-443835.390,-1172332.130,370.594,0.006
-443833.910,-1172334.020,370.596,0.004
-443834.510,-1172333.530,370.582,0.008
-443836.170,-1172332.700,370.632,0.008
-443836.450,-1172332.470,370.623,0.007
-443836.750,-1172332.730,370.632,0.008
-443837.290,-1172332.800,370.625,0.005
-443837.570,-1172332.570,370.643,0.007
-443837.841,-1172332.350,370.670,0.010
-443836.920,-1172333.620,370.614,0.006
-443837.770,-1172332.930,370.661,0.009
-443837.000,-1172333.910,370.627,0.003
-443837.310,-1172333.660,370.643,0.007
-443837.591,-1172333.430,370.674,0.006
-443830.990,-1172334.200,370.606,0.004
-443831.290,-1172333.950,370.597,0.003
-443832.410,-1172333.030,370.582,0.008
-443833.570,-1172332.080,370.640,0.010
-443832.180,-1172333.620,370.595,0.005
-443833.120,-1172333.370,370.615,0.005
-443830.340,-1172332.000,370.662,0.008
-443830.660,-1172332.870,370.621,0.009
-443828.330,-1172331.750,370.706,0.004
-443774.220,-1172318.080,357.335,0.005
-443768.060,-1172319.220,358.124,0.006
-443763.300,-1172294.920,357.231,0.009
-443764.520,-1172291.530,357.221,0.009
-443758.521,-1172293.960,359.110,0.010
-443757.900,-1172293.460,359.133,0.007
-443759.041,-1172292.490,359.111,0.009
-443759.310,-1172292.250,359.134,0.006
-443760.160,-1172291.540,359.092,0.008
-443757.830,-1172291.180,359.080,0.010
-443757.220,-1172291.090,359.103,0.007
-443713.151,-1172329.300,360.881,0.009
-443707.060,-1172333.900,360.832,0.008
-443707.330,-1172333.660,360.872,0.008
-443707.181,-1172331.990,360.851,0.010
-443701.590,-1172291.560,356.901,0.009
