-443814.610,-1172439.850,351.530,0.035
-443820.540,-1172433.710,351.570,0.023
-443823.770,-1172433.360,351.540,0.086
-443826.720,-1172434.570,351.550,0.014
-443826.690,-1172435.250,351.560,0.038
-443834.500,-1172415.370,351.000,0.001
-443826.920,-1172435.420,351.550,0.010
-443834.740,-1172415.510,351.000,0.001
-443827.020,-1172437.280,351.570,0.033
-443827.270,-1172438.560,351.600,0.099
-443834.950,-1172422.970,348.500,0.033
-443851.940,-1172415.620,349.560,0.079
-443852.570,-1172415.820,349.600,0.086
-443801.100,-1172404.790,348.100,0.028
-443795.130,-1172419.970,353.640,0.055
-443796.420,-1172416.670,354.140,0.062
-443796.270,-1172415.980,354.000,0.052
-443800.840,-1172404.360,348.060,0.031
-443800.960,-1172404.050,348.130,0.021
-443795.620,-1172417.000,353.810,0.063
-443795.990,-1172416.060,353.990,0.034
-443796.110,-1172415.760,354.000,0.025
-443796.570,-1172414.570,354.180,0.026
-443794.580,-1172416.780,353.450,0.027
-443794.410,-1172418.200,353.370,0.035
-443796.520,-1172408.640,351.870,0.011
-443796.610,-1172409.510,351.840,0.012
-443796.730,-1172409.200,351.860,0.017
-443797.070,-1172408.330,351.920,0.019
-443797.190,-1172408.030,351.930,0.011
-443797.300,-1172407.730,351.910,0.013
-443797.020,-1172409.770,351.880,0.015
-443797.140,-1172409.470,351.900,0.009
-443797.260,-1172409.160,351.950,0.005
-443795.390,-1172409.640,351.660,0.019
-443795.510,-1172409.330,351.680,0.015
-443795.640,-1172409.000,351.720,0.016
-443796.000,-1172408.080,351.790,0.010
-443796.110,-1172407.790,351.810,0.029
-443796.220,-1172407.500,351.850,0.024
-443796.340,-1172407.190,351.860,0.018
-443796.470,-1172406.880,351.860,0.015
-443796.700,-1172406.290,351.890,0.011
-443796.820,-1172405.980,351.900,0.015
-443797.060,-1172405.360,351.930,0.015
-443795.550,-1172410.040,351.710,0.011
-443795.910,-1172409.130,351.750,0.013
-443796.030,-1172408.840,351.770,0.017
-443796.150,-1172408.510,351.810,0.009
-443796.500,-1172407.630,351.840,0.019
-443796.750,-1172406.980,351.890,0.014
-443796.870,-1172406.690,351.860,0.015
-443794.190,-1172414.570,353.310,0.015
-443796.290,-1172409.220,351.810,0.015
-443794.360,-1172408.530,351.580,0.013
-443794.480,-1172408.230,351.570,0.026
-443794.590,-1172407.940,351.570,0.017
-443794.830,-1172407.340,351.640,0.014
-443795.310,-1172406.110,351.720,0.013
-443794.040,-1172410.150,351.510,0.008
-443794.170,-1172409.820,351.530,0.016
-443794.300,-1172409.500,351.560,0.027
-443794.410,-1172409.210,351.570,0.018
-443794.530,-1172408.920,351.590,0.006
-443794.760,-1172408.300,351.640,0.016
-443794.880,-1172408.000,351.650,0.014
-443795.000,-1172407.700,351.650,0.022
-443795.120,-1172407.400,351.700,0.018
-443795.230,-1172407.120,351.700,0.012
-443795.340,-1172406.840,351.700,0.019
-443795.470,-1172406.500,351.740,0.021
-443795.580,-1172406.220,351.760,0.012
-443795.810,-1172405.620,351.770,0.016
-443795.930,-1172405.320,351.800,0.024
-443796.410,-1172404.110,351.870,0.016
-443793.660,-1172412.050,353.270,0.020
-443794.590,-1172409.680,351.620,0.019
-443794.720,-1172409.370,351.650,0.011
-443795.080,-1172408.450,351.670,0.007
-443795.320,-1172407.830,351.690,0.012
-443795.670,-1172406.930,351.760,0.015
-443795.790,-1172406.630,351.780,0.012
-443796.140,-1172405.740,351.830,0.012
-443796.250,-1172405.460,351.830,0.008
-443796.370,-1172405.140,351.860,0.008
-443795.470,-1172408.330,351.720,0.011
-443795.580,-1172408.040,351.720,0.010
-443793.170,-1172404.250,351.390,0.026
-443793.290,-1172403.930,351.510,0.032
-443793.180,-1172405.070,351.480,0.008
-443793.670,-1172403.820,351.530,0.018
-443793.350,-1172405.580,351.460,0.017
-443793.230,-1172406.650,351.440,0.012
-443793.350,-1172406.350,351.500,0.013
-443793.580,-1172405.750,351.520,0.019
-443793.700,-1172405.450,351.540,0.011
-443793.810,-1172405.170,351.550,0.015
-443794.050,-1172404.550,351.580,0.020
-443794.160,-1172404.260,351.610,0.030
-443794.280,-1172403.950,351.630,0.024
-443793.340,-1172407.320,351.460,0.007
-443794.060,-1172405.480,351.570,0.013
-443794.170,-1172405.190,351.580,0.012
-443794.290,-1172404.890,351.610,0.012
-443794.750,-1172403.720,351.680,0.007
-443793.370,-1172407.860,351.450,0.009
-443793.590,-1172407.290,351.490,0.007
-443793.960,-1172406.360,351.500,0.019
-443794.070,-1172406.060,351.550,0.012
-443794.200,-1172405.750,351.570,0.008
-443794.320,-1172405.430,351.610,0.006
-443794.430,-1172405.150,351.650,0.008
-443794.550,-1172404.830,351.650,0.011
-443794.670,-1172404.540,351.630,0.020
-443794.790,-1172404.220,351.650,0.013
-443795.020,-1172403.640,351.730,0.011
-443794.000,-1172407.190,351.570,0.016
-443794.120,-1172406.880,351.570,0.018
-443794.230,-1172406.600,351.570,0.032
-443794.340,-1172406.300,351.600,0.026
-443794.460,-1172406.010,351.640,0.018
-443794.940,-1172404.780,351.660,0.029
-443795.060,-1172404.470,351.700,0.032
-443795.180,-1172404.160,351.710,0.032
-443793.760,-1172408.770,351.500,0.014
-443793.990,-1172408.190,351.510,0.026
-443794.460,-1172406.980,351.610,0.021
-443794.580,-1172406.670,351.620,0.027
-443794.710,-1172406.360,351.650,0.016
-443795.190,-1172405.120,351.720,0.020
-443795.300,-1172404.840,351.720,0.022
-443795.420,-1172404.530,351.740,0.017
-443795.540,-1172404.240,351.760,0.015
-443795.780,-1172403.620,351.810,0.014
-443793.780,-1172410.020,351.510,0.005
-443793.890,-1172409.730,351.500,0.012
-443794.240,-1172408.830,351.560,0.009
-443732.780,-1172410.740,349.050,0.013
-443732.900,-1172410.450,349.040,0.009
-443733.020,-1172410.150,349.070,0.013
-443731.360,-1172413.540,349.040,0.028
-443732.780,-1172409.940,349.020,0.005
-443732.900,-1172409.640,349.030,0.005
-443733.110,-1172412.030,349.060,0.015
-443733.220,-1172411.750,349.050,0.016
-443740.360,-1172410.680,350.450,0.013
-443743.020,-1172409.360,350.470,0.012
-443754.180,-1172409.150,350.500,0.040
-443754.300,-1172408.850,350.520,0.010
-443754.430,-1172409.480,350.520,0.013
-443775.080,-1172415.900,353.550,0.054
-443776.620,-1172411.960,353.490,0.014
-443776.710,-1172412.660,353.550,0.019
-443776.680,-1172414.950,353.450,0.034
-443776.800,-1172414.640,353.480,0.034
-443777.160,-1172420.200,354.090,0.014
-443777.270,-1172419.900,354.070,0.017
-443776.970,-1172421.930,353.470,0.063
-443777.110,-1172422.580,353.470,0.081
-443777.250,-1172423.150,353.510,0.033
-443789.430,-1172404.550,351.030,0.008
-443789.550,-1172404.230,350.970,0.012
-443789.910,-1172404.560,351.110,0.013
-443789.670,-1172405.180,351.050,0.014
-443794.300,-1172422.090,353.310,0.031
-443793.380,-1172422.730,352.960,0.037
-443793.540,-1172417.340,353.120,0.027
-443793.450,-1172415.400,353.110,0.021
-443793.240,-1172414.010,353.030,0.032
-443793.360,-1172413.720,353.030,0.032
-443792.720,-1172412.720,352.850,0.050
-443793.190,-1172411.500,353.050,0.073
-443793.300,-1172409.960,351.390,0.020
-443788.540,-1172421.140,350.060,0.032
-443792.530,-1172410.000,351.360,0.008
-443792.760,-1172409.420,351.350,0.017
-443792.890,-1172409.100,351.400,0.016
-443793.010,-1172408.770,351.390,0.013
-443792.150,-1172410.360,351.320,0.007
-443792.270,-1172410.050,351.310,0.010
-443792.400,-1172409.730,351.300,0.009
-443792.520,-1172409.420,351.350,0.013
-443792.980,-1172408.230,351.430,0.007
-443793.220,-1172407.630,351.470,0.006
-443791.690,-1172410.590,351.230,0.013
-443791.810,-1172410.280,351.250,0.011
-443792.040,-1172409.700,351.250,0.019
-443792.160,-1172409.370,351.300,0.008
-443792.280,-1172409.070,351.290,0.013
-443792.400,-1172408.770,351.340,0.016
-443792.760,-1172407.840,351.400,0.029
-443792.880,-1172407.550,351.380,0.025
-443792.990,-1172407.260,351.420,0.018
-443793.120,-1172406.920,351.430,0.007
-443792.530,-1172407.670,351.330,0.035
-443790.950,-1172410.770,351.170,0.010
-443791.070,-1172410.460,351.170,0.007
-443791.550,-1172409.250,351.180,0.016
-443791.780,-1172408.670,351.280,0.012
-443791.890,-1172408.380,351.250,0.013
-443792.010,-1172408.070,351.310,0.010
-443792.590,-1172406.580,351.330,0.020
-443792.710,-1172406.270,351.390,0.019
-443790.920,-1172410.000,351.170,0.017
-443791.150,-1172409.390,351.170,0.035
-443791.380,-1172408.810,351.240,0.009
-443791.510,-1172408.490,351.190,0.016
-443791.620,-1172408.200,351.230,0.015
-443791.740,-1172407.900,351.280,0.016
-443792.460,-1172406.060,351.380,0.020
-443792.700,-1172405.430,351.420,0.016
-443792.810,-1172405.160,351.400,0.023
-443792.930,-1172404.860,351.420,0.018
-443790.660,-1172409.330,351.120,0.013
-443790.890,-1172408.740,351.170,0.010
-443791.240,-1172407.820,351.220,0.017
-443791.360,-1172407.520,351.230,0.016
-443791.610,-1172406.880,351.270,0.007
-443791.960,-1172406.010,351.310,0.012
-443792.310,-1172405.100,351.380,0.009
-443792.440,-1172404.770,351.380,0.013
-443792.560,-1172404.460,351.440,0.016
-443790.190,-1172409.470,351.030,0.010
-443790.560,-1172408.530,351.080,0.020
-443791.020,-1172407.350,351.150,0.017
-443791.150,-1172407.020,351.210,0.014
-443791.270,-1172406.710,351.250,0.036
-443791.380,-1172406.420,351.260,0.042
-443791.500,-1172406.110,351.290,0.010
-443791.620,-1172405.800,351.300,0.011
-443791.750,-1172405.490,351.260,0.015
-443791.980,-1172404.890,351.350,0.017
-443792.220,-1172404.280,351.380,0.018
-443790.120,-1172408.640,351.080,0.021
-443790.250,-1172408.310,351.050,0.019
-443790.480,-1172407.730,351.150,0.010
-443790.840,-1172406.800,351.180,0.007
-443790.020,-1172408.150,351.000,0.010
-443790.250,-1172407.540,351.120,0.012
-443790.490,-1172406.930,351.160,0.007
-443790.720,-1172406.350,351.190,0.011
-443790.840,-1172406.050,351.170,0.013
-443791.300,-1172404.860,351.230,0.016
-443791.540,-1172404.270,351.290,0.018
-443790.040,-1172407.010,351.080,0.012
-443790.160,-1172406.700,351.100,0.015
-443790.280,-1172406.400,351.110,0.016
-443790.390,-1172406.110,351.150,0.008
-443790.510,-1172405.800,351.140,0.014
-443790.620,-1172405.510,351.170,0.017
-443790.750,-1172405.180,351.170,0.013
-443791.100,-1172404.300,351.240,0.014
-443791.220,-1172403.980,351.240,0.017
-443789.860,-1172406.560,351.040,0.014
-443789.970,-1172406.280,351.090,0.019
-443790.080,-1172405.980,351.080,0.018
-443789.850,-1172405.640,351.070,0.012
-443789.970,-1172405.330,351.060,0.015
-443790.090,-1172405.030,351.100,0.007
-443790.200,-1172404.760,351.140,0.010
-443790.450,-1172404.120,351.200,0.004
-443791.070,-1172378.210,351.500,0.033
-443791.190,-1172377.900,351.560,0.047
-443791.300,-1172377.610,351.490,0.044
-443791.080,-1172379.040,351.470,0.013
-443791.190,-1172378.760,351.500,0.014
-443791.420,-1172378.150,351.580,0.017
-443791.550,-1172377.840,351.550,0.034
-443791.060,-1172379.960,351.490,0.092
-443791.420,-1172379.050,351.560,0.016
-443791.650,-1172378.450,351.620,0.014
-443791.780,-1172378.140,351.610,0.010
-443791.900,-1172377.820,351.650,0.019
-443791.090,-1172380.800,351.500,0.013
-443791.210,-1172380.500,351.510,0.012
-443791.340,-1172380.170,351.520,0.007
-443791.450,-1172379.870,351.540,0.014
-443791.570,-1172379.570,351.580,0.015
-443791.700,-1172379.250,351.590,0.015
-443791.820,-1172378.930,351.590,0.031
-443791.930,-1172378.640,351.620,0.028
-443792.160,-1172378.060,351.700,0.014
-443792.290,-1172377.740,351.680,0.013
-443791.190,-1172381.630,351.460,0.022
-443791.300,-1172381.340,351.500,0.018
-443791.650,-1172380.430,351.540,0.007
-443792.130,-1172379.230,351.640,0.009
-443792.330,-1172379.440,351.650,0.008
-443792.690,-1172378.510,351.680,0.013
-443793.040,-1172377.620,351.780,0.008
-443791.280,-1172382.120,351.480,0.015
-443791.400,-1172381.810,351.460,0.014
-443791.290,-1172383.000,351.460,0.011
-443791.650,-1172382.080,351.510,0.016
-443792.010,-1172381.160,351.560,0.015
-443792.360,-1172380.280,351.580,0.015
-443792.820,-1172379.090,351.720,0.009
-443791.770,-1172382.880,351.510,0.015
-443792.000,-1172382.310,351.520,0.015
-443792.110,-1172382.010,351.580,0.013
-443792.950,-1172379.860,351.740,0.010
-443793.190,-1172379.270,351.760,0.019
-443793.310,-1172378.950,351.770,0.020
-443792.670,-1172381.840,351.640,0.009
-443792.790,-1172381.530,351.690,0.013
-443792.900,-1172381.240,351.690,0.017
-443793.260,-1172380.330,351.770,0.012
-443793.370,-1172380.030,351.760,0.012
-443793.490,-1172379.730,351.780,0.027
-443793.730,-1172379.110,351.800,0.016
-443793.850,-1172378.810,351.850,0.010
-443793.970,-1172378.510,351.850,0.008
-443791.480,-1172384.880,351.530,0.013
-443791.590,-1172384.590,351.530,0.016
-443791.710,-1172384.280,351.530,0.020
-443791.950,-1172383.680,351.580,0.014
-443792.060,-1172383.380,351.620,0.015
-443792.180,-1172383.080,351.610,0.022
-443792.300,-1172382.760,351.590,0.031
-443792.550,-1172382.140,351.610,0.015
-443791.500,-1172385.840,351.480,0.014
-443792.200,-1172384.040,351.610,0.014
-443792.320,-1172383.750,351.610,0.013
-443792.550,-1172383.160,351.620,0.013
-443792.660,-1172382.870,351.640,0.015
-443792.910,-1172382.250,351.700,0.017
-443793.020,-1172381.950,351.670,0.012
-443793.140,-1172381.650,351.720,0.012
-443793.260,-1172381.350,351.700,0.019
-443793.500,-1172380.720,351.770,0.027
-443793.740,-1172380.110,351.810,0.011
-443793.850,-1172379.820,351.810,0.017
-443792.110,-1172385.220,351.570,0.012
-443793.150,-1172382.550,351.690,0.011
-443791.730,-1172387.130,351.470,0.026
-443791.840,-1172386.830,351.510,0.027
-443792.070,-1172386.250,351.570,0.025
-443792.310,-1172385.640,351.530,0.020
-443792.670,-1172384.710,351.630,0.013
-443792.790,-1172384.420,351.630,0.013
-443792.910,-1172384.110,351.650,0.017
-443793.030,-1172383.800,351.690,0.017
-443793.140,-1172383.510,351.690,0.029
-443793.260,-1172383.210,351.700,0.014
-443793.380,-1172382.910,351.740,0.014
-443793.610,-1172382.320,351.760,0.019
-443793.840,-1172381.710,351.770,0.031
-443793.960,-1172381.430,351.820,0.030
-443794.310,-1172380.530,351.850,0.026
-443794.430,-1172380.220,351.870,0.025
-443794.550,-1172379.920,351.930,0.031
-443794.670,-1172379.610,351.930,0.044
-443794.270,-1172381.590,351.840,0.020
-443791.900,-1172387.650,351.510,0.027
-443792.140,-1172387.050,351.550,0.039
-443792.260,-1172386.740,351.560,0.020
-443792.740,-1172385.520,351.650,0.029
-443792.850,-1172385.230,351.700,0.026
-443792.970,-1172384.930,351.650,0.018
-443793.320,-1172384.020,351.730,0.018
-443793.440,-1172383.710,351.770,0.038
-443793.570,-1172383.400,351.750,0.028
-443793.800,-1172382.800,351.770,0.017
-443794.040,-1172382.190,351.810,0.028
-443792.450,-1172387.050,351.600,0.035
-443792.570,-1172386.730,351.590,0.012
-443792.690,-1172386.430,351.590,0.020
-443793.040,-1172385.540,351.690,0.013
-443793.280,-1172384.910,351.710,0.015
-443793.750,-1172383.700,351.760,0.011
-443793.870,-1172383.410,351.800,0.010
-443794.110,-1172382.790,351.830,0.006
-443794.230,-1172382.480,351.840,0.011
-443794.350,-1172382.190,351.840,0.016
-443791.850,-1172388.560,351.470,0.013
-443791.840,-1172389.550,351.500,0.011
-443791.960,-1172389.230,351.470,0.012
-443792.200,-1172388.630,351.520,0.010
-443792.310,-1172388.340,351.530,0.012
-443792.430,-1172388.040,351.590,0.013
-443793.010,-1172386.570,351.650,0.012
-443793.130,-1172386.260,351.690,0.010
-443793.240,-1172385.960,351.700,0.012
-443793.490,-1172385.340,351.720,0.015
-443793.600,-1172385.050,351.750,0.014
-443793.720,-1172384.750,351.800,0.018
-443793.830,-1172384.450,351.830,0.018
-443794.080,-1172383.820,351.810,0.010
-443792.340,-1172389.460,351.520,0.013
-443793.180,-1172387.320,351.670,0.016
-443793.420,-1172386.700,351.730,0.019
-443794.110,-1172384.940,351.790,0.019
-443794.230,-1172384.630,351.820,0.025
-443794.710,-1172383.410,351.870,0.013
-443794.820,-1172383.130,351.890,0.017
-443792.010,-1172391.510,351.450,0.019
-443792.360,-1172390.610,351.470,0.010
-443792.600,-1172389.990,351.540,0.014
-443792.720,-1172389.670,351.580,0.020
-443792.960,-1172389.080,351.590,0.019
-443793.190,-1172388.490,351.650,0.021
-443793.310,-1172388.180,351.660,0.011
-443793.430,-1172387.880,351.680,0.007
-443793.550,-1172387.570,351.700,0.010
-443793.670,-1172387.260,351.760,0.015
-443793.790,-1172386.950,351.770,0.015
-443793.910,-1172386.640,351.780,0.010
-443794.020,-1172386.350,351.800,0.014
-443794.260,-1172385.750,351.790,0.019
-443794.380,-1172385.430,351.860,0.014
-443794.500,-1172385.140,351.860,0.015
-443794.960,-1172383.960,351.910,0.026
-443792.120,-1172392.160,351.470,0.022
-443792.590,-1172390.960,351.540,0.008
-443793.060,-1172389.760,351.610,0.021
-443793.180,-1172389.450,351.630,0.020
-443793.430,-1172388.820,351.690,0.015
-443793.540,-1172388.520,351.680,0.024
-443793.660,-1172388.220,351.690,0.011
-443793.780,-1172387.910,351.750,0.012
-443794.740,-1172385.470,351.880,0.010
-443792.400,-1172392.310,351.550,0.019
-443792.510,-1172392.030,351.540,0.021
-443792.620,-1172391.740,351.530,0.030
-443793.090,-1172390.540,351.640,0.013
-443793.450,-1172389.630,351.640,0.025
-443793.570,-1172389.310,351.710,0.018
-443793.690,-1172389.020,351.740,0.016
-443793.800,-1172388.730,351.750,0.012
-443794.170,-1172387.790,351.810,0.015
-443794.290,-1172387.490,351.820,0.018
-443794.400,-1172387.180,351.820,0.028
-443794.990,-1172385.670,351.930,0.008
-443795.230,-1172385.080,351.940,0.018
-443792.160,-1172393.860,351.420,0.026
-443792.990,-1172391.720,351.580,0.019
-443793.110,-1172391.410,351.620,0.011
-443793.240,-1172391.100,351.610,0.018
-443793.580,-1172390.220,351.690,0.014
-443793.690,-1172389.930,351.680,0.021
-443793.810,-1172389.630,351.690,0.022
-443793.930,-1172389.340,351.730,0.019
-443794.170,-1172388.730,351.780,0.014
-443794.270,-1172388.450,351.800,0.019
-443795.120,-1172386.290,351.940,0.015
-443792.410,-1172394.170,351.480,0.012
-443792.640,-1172393.570,351.580,0.038
-443792.990,-1172392.660,351.590,0.038
-443793.110,-1172392.360,351.570,0.020
-443793.230,-1172392.060,351.610,0.022
-443793.350,-1172391.750,351.640,0.012
-443793.470,-1172391.440,351.660,0.016
-443793.590,-1172391.140,351.680,0.011
-443793.710,-1172390.840,351.710,0.020
-443793.830,-1172390.520,351.720,0.007
-443793.940,-1172390.230,351.730,0.007
-443794.060,-1172389.920,351.740,0.013
-443794.180,-1172389.640,351.730,0.013
-443794.290,-1172389.340,351.770,0.012
-443794.410,-1172389.050,351.790,0.013
-443794.650,-1172388.430,351.840,0.009
-443794.760,-1172388.150,351.890,0.008
-443794.870,-1172387.860,351.850,0.016
-443795.100,-1172387.260,351.890,0.013
-443795.230,-1172386.950,351.940,0.015
-443793.550,-1172392.020,351.640,0.018
-443793.670,-1172391.730,351.690,0.054
-443794.610,-1172389.310,351.820,0.017
-443794.730,-1172389.010,351.840,0.018
-443794.970,-1172388.400,351.900,0.021
-443793.310,-1172392.650,351.620,0.017
-443792.500,-1172395.640,351.480,0.028
-443793.090,-1172394.150,351.570,0.008
-443793.200,-1172393.850,351.600,0.015
-443793.320,-1172393.550,351.620,0.019
-443793.920,-1172392.030,351.700,0.016
-443794.160,-1172391.400,351.700,0.018
-443794.280,-1172391.090,351.760,0.028
-443794.390,-1172390.800,351.790,0.035
-443794.620,-1172390.220,351.840,0.016
-443794.860,-1172389.600,351.860,0.017
-443795.230,-1172388.680,351.900,0.017
-443795.340,-1172388.380,351.940,0.019
-443800.060,-1172377.410,348.360,0.028
-443792.740,-1172396.080,351.540,0.029
-443792.850,-1172395.790,351.500,0.018
-443792.980,-1172395.460,351.530,0.012
-443793.450,-1172394.270,351.640,0.014
-443793.670,-1172393.710,351.620,0.011
-443793.790,-1172393.380,351.670,0.016
-443794.020,-1172392.810,351.680,0.012
-443794.140,-1172392.500,351.730,0.010
-443794.380,-1172391.880,351.760,0.017
-443794.730,-1172390.980,351.810,0.015
-443794.850,-1172390.680,351.840,0.023
-443795.090,-1172390.070,351.870,0.008
-443792.970,-1172396.740,351.550,0.010
-443793.090,-1172396.420,351.550,0.020
-443793.220,-1172396.110,351.570,0.012
-443793.440,-1172395.520,351.600,0.009
-443793.570,-1172395.200,351.630,0.009
-443793.810,-1172394.600,351.650,0.012
-443793.930,-1172394.280,351.660,0.015
-443794.050,-1172393.990,351.680,0.015
-443794.280,-1172393.390,351.730,0.015
-443794.390,-1172393.110,351.710,0.011
-443794.510,-1172392.800,351.730,0.013
-443794.620,-1172392.510,351.760,0.014
-443794.740,-1172392.210,351.820,0.015
-443794.970,-1172391.610,351.810,0.021
-443795.100,-1172391.300,351.830,0.011
-443795.330,-1172390.700,351.880,0.013
-443795.450,-1172390.390,351.910,0.010
-443799.450,-1172380.210,348.330,0.020
-443826.220,-1172357.970,349.060,0.003
-443826.510,-1172358.600,349.080,0.010
-443826.350,-1172366.500,347.710,0.023
-443826.190,-1172365.660,347.700,0.053
-443826.510,-1172364.800,351.370,0.010
-443826.290,-1172367.120,347.720,0.044
-443826.410,-1172366.820,347.730,0.047
-443826.530,-1172366.520,347.720,0.048
-443826.640,-1172366.230,347.730,0.030
-443833.850,-1172395.030,353.900,0.006
-443833.740,-1172394.480,353.850,0.022
-443833.860,-1172394.170,353.860,0.009
-443833.910,-1172398.640,353.800,0.002
-443834.030,-1172399.310,353.870,0.008
-443816.190,-1172377.480,348.220,0.064
-443825.830,-1172343.950,351.340,0.006
-443825.860,-1172343.900,348.510,0.019
-443825.670,-1172339.260,349.080,0.012
-443808.520,-1172376.150,348.360,0.045
-443796.770,-1172403.180,351.900,0.022
-443796.490,-1172401.790,351.920,0.027
-443796.740,-1172401.170,351.910,0.015
-443795.660,-1172402.950,351.810,0.033
-443795.770,-1172402.660,351.810,0.031
-443796.000,-1172402.080,351.820,0.010
-443796.110,-1172401.790,351.850,0.020
-443796.230,-1172401.470,351.890,0.032
-443795.140,-1172403.340,351.740,0.011
-443795.480,-1172402.460,351.780,0.010
-443795.600,-1172402.150,351.800,0.016
-443795.830,-1172401.570,351.830,0.011
-443796.080,-1172400.930,351.860,0.026
-443796.190,-1172400.650,351.880,0.013
-443795.340,-1172402.200,351.750,0.016
-443796.300,-1172399.760,351.950,0.010
-443796.410,-1172399.470,351.940,0.019
-443794.860,-1172403.420,351.680,0.007
-443794.520,-1172403.340,351.660,0.017
-443794.640,-1172403.050,351.670,0.021
-443794.760,-1172402.740,351.720,0.019
-443795.000,-1172402.110,351.730,0.011
-443795.240,-1172401.500,351.780,0.016
-443795.720,-1172400.290,351.870,0.016
-443796.190,-1172399.070,351.870,0.020
-443796.310,-1172398.770,351.940,0.024
-443794.430,-1172402.820,351.650,0.016
-443795.020,-1172401.320,351.770,0.011
-443795.380,-1172400.400,351.800,0.017
-443795.610,-1172399.800,351.850,0.006
-443795.740,-1172399.490,351.850,0.013
-443794.490,-1172401.720,351.680,0.010
-443794.740,-1172401.080,351.700,0.012
-443794.970,-1172400.490,351.750,0.018
-443795.090,-1172400.180,351.790,0.019
-443795.210,-1172399.890,351.790,0.007
-443795.330,-1172399.590,351.770,0.012
-443795.440,-1172399.300,351.800,0.010
-443795.550,-1172399.010,351.840,0.016
-443795.670,-1172398.720,351.860,0.020
-443795.910,-1172398.110,351.890,0.015
-443794.260,-1172402.310,351.640,0.022
-443794.370,-1172402.030,351.650,0.012
-443793.650,-1172403.020,351.560,0.010
-443793.760,-1172402.730,351.580,0.011
-443794.010,-1172402.100,351.610,0.019
-443794.120,-1172401.820,351.620,0.007
-443794.350,-1172401.210,351.650,0.009
-443794.470,-1172400.920,351.700,0.008
-443794.820,-1172400.020,351.710,0.024
-443794.930,-1172399.730,351.730,0.016
-443795.410,-1172398.520,351.830,0.021
-443795.640,-1172397.930,351.840,0.012
-443795.880,-1172397.310,351.860,0.021
-443796.000,-1172397.010,351.900,0.025
-443796.120,-1172396.700,351.870,0.010
-443793.380,-1172402.360,351.540,0.011
-443793.730,-1172401.460,351.600,0.038
-443794.320,-1172399.970,351.660,0.010
-443795.150,-1172397.830,351.780,0.021
-443795.270,-1172397.520,351.830,0.016
-443795.390,-1172397.220,351.830,0.013
-443795.510,-1172396.920,351.890,0.017
-443795.620,-1172396.640,351.890,0.018
-443792.910,-1172402.510,351.500,0.010
-443793.020,-1172402.220,351.500,0.011
-443793.150,-1172401.910,351.550,0.016
-443793.260,-1172401.610,351.550,0.020
-443793.380,-1172401.310,351.520,0.010
-443793.510,-1172400.990,351.570,0.011
-443793.620,-1172400.700,351.590,0.010
-443793.730,-1172400.420,351.580,0.013
-443793.850,-1172400.100,351.600,0.017
-443793.980,-1172399.790,351.640,0.019
-443794.100,-1172399.460,351.630,0.018
-443794.220,-1172399.170,351.660,0.020
-443794.340,-1172398.850,351.720,0.032
-443794.460,-1172398.560,351.720,0.032
-443794.570,-1172398.270,351.710,0.013
-443794.810,-1172397.670,351.750,0.013
-443794.930,-1172397.350,351.770,0.010
-443795.050,-1172397.050,351.780,0.016
-443795.280,-1172396.440,351.820,0.026
-443795.410,-1172396.120,351.870,0.032
-443795.640,-1172395.530,351.800,0.030
-443795.760,-1172395.230,351.910,0.022
-443795.880,-1172394.920,351.880,0.012
-443795.990,-1172394.630,351.930,0.009
-443794.750,-1172396.810,351.740,0.018
-443795.100,-1172395.900,351.790,0.014
-443794.270,-1172397.270,351.690,0.011
-443794.740,-1172396.080,351.770,0.017
-443794.960,-1172395.510,351.820,0.013
-443792.960,-1172400.620,351.520,0.010
-443793.440,-1172399.400,351.590,0.014
-443793.560,-1172399.090,351.560,0.011
-443793.680,-1172398.770,351.620,0.008
-443793.920,-1172398.160,351.670,0.017
-443792.770,-1172400.030,351.450,0.018
-443793.010,-1172399.410,351.540,0.016
-443793.120,-1172399.130,351.490,0.013
-443793.240,-1172398.810,351.550,0.011
-443793.360,-1172398.510,351.590,0.011
-443793.590,-1172397.940,351.620,0.030
-443793.700,-1172397.640,351.630,0.020
-443793.820,-1172397.330,351.640,0.007
-443793.940,-1172397.040,351.670,0.007
-443794.050,-1172396.740,351.710,0.011
-443794.180,-1172396.430,351.680,0.015
-443794.290,-1172396.130,351.730,0.022
-443794.410,-1172395.840,351.750,0.011
-443794.760,-1172394.940,351.770,0.012
-443794.880,-1172394.630,351.770,0.013
-443795.010,-1172394.310,351.800,0.014
-443795.130,-1172393.990,351.810,0.008
-443795.250,-1172393.690,351.820,0.007
-443795.360,-1172393.390,351.820,0.016
-443795.830,-1172392.200,351.930,0.007
-443793.520,-1172397.190,351.590,0.006
-443793.630,-1172396.910,351.630,0.012
-443794.110,-1172395.670,351.680,0.013
-443800.350,-1172378.860,348.370,0.030
-443800.470,-1172378.540,348.280,0.023
-443792.570,-1172398.700,351.480,0.011
-443793.040,-1172397.500,351.560,0.007
-443793.280,-1172396.890,351.570,0.005
-443793.400,-1172396.570,351.620,0.010
-443793.530,-1172396.250,351.630,0.017
-443793.640,-1172395.960,351.610,0.016
-443793.750,-1172395.680,351.620,0.009
-443793.870,-1172395.380,351.670,0.007
-443793.990,-1172395.060,351.670,0.018
-443794.220,-1172394.480,351.730,0.005
-443794.340,-1172394.150,351.730,0.007
-443794.470,-1172393.830,351.760,0.006
-443794.700,-1172393.240,351.790,0.008
-443795.400,-1172391.450,351.890,0.011
-443795.520,-1172391.160,351.890,0.010
-443795.640,-1172390.840,351.930,0.008
-443732.440,-1172399.240,349.040,0.016
-443732.560,-1172398.930,349.060,0.017
-443732.580,-1172399.610,349.090,0.015
-443732.530,-1172401.520,349.040,0.003
-443732.650,-1172401.220,349.080,0.005
-443734.280,-1172398.230,350.500,0.017
-443732.680,-1172404.150,349.010,0.007
-443732.680,-1172406.400,349.040,0.022
-443735.590,-1172399.030,350.480,0.061
-443732.950,-1172408.410,349.030,0.035
-443733.100,-1172408.030,350.540,0.086
-443742.070,-1172397.410,350.500,0.067
-443741.560,-1172400.860,350.400,0.006
-443743.450,-1172401.530,350.480,0.006
-443743.450,-1172402.830,350.430,0.014
-443749.760,-1172396.950,350.450,0.050
-443752.290,-1172401.510,350.400,0.010
-443752.640,-1172400.630,350.410,0.010
-443753.830,-1172397.590,350.440,0.017
-443753.850,-1172400.200,350.430,0.013
-443753.840,-1172401.590,350.460,0.013
-443753.870,-1172403.450,350.490,0.009
-443754.000,-1172403.130,350.500,0.020
-443753.640,-1172404.970,350.460,0.007
-443753.990,-1172404.100,350.500,0.018
-443754.110,-1172403.790,350.520,0.014
-443754.230,-1172403.480,350.510,0.021
-443754.350,-1172403.180,350.520,0.024
-443754.250,-1172404.550,350.530,0.014
-443754.240,-1172405.390,350.520,0.009
-443760.190,-1172396.740,349.740,0.034
-443761.050,-1172396.430,349.760,0.073
-443768.180,-1172384.790,349.080,0.009
-443768.870,-1172396.570,350.450,0.004
-443768.900,-1172397.600,350.400,0.007
-443769.020,-1172397.280,350.470,0.005
-443768.650,-1172398.250,349.670,0.017
-443769.010,-1172399.410,349.690,0.071
-443768.780,-1172400.660,349.580,0.032
-443787.320,-1172378.500,351.080,0.029
-443787.430,-1172378.220,351.070,0.039
-443787.130,-1172380.340,350.980,0.014
-443787.240,-1172380.040,351.010,0.019
-443787.590,-1172379.150,351.110,0.032
-443787.940,-1172378.260,351.160,0.021
-443787.950,-1172379.250,351.120,0.024
-443788.070,-1172378.960,351.200,0.024
-443787.360,-1172380.760,350.960,0.010
-443787.490,-1172380.450,351.040,0.013
-443787.600,-1172380.170,351.060,0.011
-443787.630,-1172381.010,351.070,0.022
-443788.590,-1172378.550,351.210,0.022
-443788.700,-1172378.280,351.220,0.041
-443787.560,-1172382.140,351.060,0.007
-443787.680,-1172381.810,351.070,0.006
-443787.800,-1172381.520,351.070,0.009
-443787.920,-1172381.210,351.100,0.021
-443788.050,-1172380.890,351.120,0.020
-443788.170,-1172380.570,351.160,0.017
-443788.280,-1172380.290,351.160,0.014
-443788.510,-1172379.700,351.150,0.012
-443788.630,-1172379.390,351.210,0.016
-443788.870,-1172378.790,351.240,0.009
-443789.110,-1172378.170,351.270,0.023
-443789.820,-1172378.250,351.340,0.011
-443789.940,-1172377.950,351.410,0.025
-443787.500,-1172383.340,350.940,0.014
-443787.850,-1172382.440,351.060,0.009
-443788.210,-1172381.520,351.110,0.014
-443789.270,-1172378.800,351.360,0.016
-443789.630,-1172377.890,351.280,0.037
-443789.900,-1172378.990,351.390,0.021
-443790.020,-1172378.690,351.370,0.018
-443790.250,-1172378.100,351.430,0.012
-443787.700,-1172383.660,351.010,0.011
-443787.810,-1172383.380,350.990,0.015
-443788.270,-1172382.200,351.120,0.009
-443788.390,-1172381.910,351.170,0.016
-443788.520,-1172381.580,351.170,0.007
-443788.630,-1172381.300,351.170,0.008
-443788.740,-1172381.010,351.220,0.009
-443789.570,-1172378.890,351.350,0.018
-443789.690,-1172378.570,351.350,0.018
-443789.270,-1172381.620,351.230,0.012
-443789.500,-1172381.030,351.270,0.010
-443789.850,-1172380.130,351.350,0.011
-443790.080,-1172379.550,351.370,0.017
-443790.420,-1172378.670,351.400,0.011
-443790.550,-1172378.340,351.460,0.014
-443790.660,-1172378.050,351.430,0.012
-443788.140,-1172383.490,351.090,0.010
-443788.260,-1172383.180,351.090,0.008
-443788.380,-1172382.880,351.130,0.023
-443788.500,-1172382.580,351.130,0.023
-443788.610,-1172382.280,351.200,0.008
-443788.730,-1172381.970,351.180,0.016
-443788.850,-1172381.670,351.200,0.012
-443788.960,-1172381.390,351.240,0.016
-443789.190,-1172380.800,351.270,0.015
-443789.310,-1172380.500,351.250,0.026
-443789.540,-1172379.910,351.320,0.039
-443788.120,-1172385.760,351.080,0.011
-443788.350,-1172385.160,351.100,0.019
-443788.460,-1172384.870,351.120,0.017
-443788.590,-1172384.550,351.110,0.018
-443788.710,-1172384.240,351.140,0.014
-443788.830,-1172383.930,351.170,0.013
-443789.070,-1172383.310,351.190,0.034
-443789.190,-1172383.020,351.220,0.039
-443789.420,-1172382.430,351.250,0.016
-443789.660,-1172381.810,351.290,0.014
-443789.770,-1172381.520,351.320,0.014
-443790.140,-1172380.590,351.350,0.013
-443790.490,-1172379.690,351.430,0.023
-443787.960,-1172384.960,351.050,0.019
-443788.200,-1172384.350,351.090,0.009
-443788.670,-1172383.150,351.150,0.008
-443789.150,-1172381.930,351.180,0.014
-443787.880,-1172387.210,351.000,0.005
-443788.000,-1172386.910,351.000,0.009
-443788.120,-1172386.610,351.000,0.016
-443788.820,-1172384.810,351.140,0.015
-443788.940,-1172384.510,351.180,0.010
-443789.050,-1172384.230,351.180,0.011
-443789.170,-1172383.920,351.190,0.010
-443789.290,-1172383.620,351.200,0.018
-443789.400,-1172383.330,351.260,0.021
-443789.890,-1172382.080,351.310,0.005
-443790.240,-1172381.180,351.350,0.022
-443790.600,-1172380.280,351.350,0.035
-443790.710,-1172379.980,351.420,0.032
-443790.830,-1172379.680,351.480,0.017
-443787.760,-1172386.680,351.010,0.011
-443787.880,-1172386.350,350.990,0.017
-443788.110,-1172387.510,351.060,0.012
-443788.350,-1172386.900,351.090,0.007
-443788.710,-1172385.980,351.160,0.021
-443788.940,-1172385.400,351.220,0.020
-443789.050,-1172385.110,351.180,0.022
-443789.290,-1172384.500,351.230,0.026
-443789.520,-1172383.920,351.260,0.014
-443790.000,-1172382.690,351.330,0.025
-443790.470,-1172381.490,351.400,0.009
-443790.950,-1172380.260,351.490,0.018
-443788.270,-1172388.000,351.060,0.035
-443788.500,-1172387.430,351.050,0.015
-443788.860,-1172386.510,351.160,0.008
-443788.980,-1172386.210,351.190,0.014
-443789.340,-1172385.280,351.210,0.021
-443789.460,-1172384.980,351.230,0.014
-443789.580,-1172384.670,351.260,0.019
-443789.920,-1172383.790,351.260,0.020
-443790.040,-1172383.480,351.290,0.013
-443790.150,-1172383.200,351.340,0.007
-443790.270,-1172382.890,351.350,0.016
-443790.390,-1172382.590,351.360,0.017
-443790.620,-1172381.990,351.410,0.011
-443789.870,-1172385.750,351.270,0.012
-443790.210,-1172384.870,351.330,0.013
-443790.330,-1172384.550,351.370,0.024
-443790.680,-1172383.650,351.440,0.015
-443788.240,-1172389.180,351.030,0.012
-443788.710,-1172387.970,351.120,0.013
-443788.830,-1172387.660,351.130,0.015
-443789.180,-1172386.750,351.210,0.014
-443789.770,-1172385.240,351.280,0.015
-443790.370,-1172383.710,351.360,0.009
-443790.490,-1172383.410,351.370,0.007
-443790.840,-1172382.520,351.440,0.011
-443790.950,-1172382.230,351.440,0.008
-443788.230,-1172390.840,351.010,0.016
-443788.350,-1172390.530,351.060,0.021
-443788.460,-1172390.240,351.040,0.009
-443788.590,-1172389.920,351.100,0.014
-443788.930,-1172389.040,351.100,0.018
-443789.160,-1172388.440,351.160,0.018
-443789.520,-1172387.540,351.250,0.019
-443789.990,-1172386.340,351.280,0.017
-443790.340,-1172385.430,351.320,0.020
-443790.460,-1172385.120,351.370,0.007
-443790.820,-1172384.200,351.420,0.031
-443790.940,-1172383.910,351.450,0.017
-443791.050,-1172383.610,351.450,0.011
-443791.170,-1172383.310,351.470,0.011
-443788.080,-1172390.320,350.870,0.021
-443788.430,-1172389.400,351.040,0.014
-443788.790,-1172388.500,351.100,0.015
-443788.910,-1172388.200,351.130,0.012
-443789.030,-1172387.880,351.170,0.013
-443789.150,-1172387.590,351.220,0.013
-443789.500,-1172386.670,351.210,0.008
-443788.230,-1172391.950,350.980,0.011
-443788.340,-1172391.670,350.960,0.011
-443788.450,-1172391.390,351.010,0.015
-443788.570,-1172391.070,351.060,0.012
-443788.700,-1172390.740,351.090,0.022
-443788.930,-1172390.150,351.120,0.018
-443789.290,-1172389.230,351.150,0.017
-443790.100,-1172387.150,351.280,0.011
-443790.220,-1172386.850,351.330,0.025
-443790.460,-1172386.250,351.430,0.020
-443790.690,-1172385.650,351.370,0.025
-443788.540,-1172393.420,351.040,0.017
-443788.650,-1172393.130,351.050,0.009
-443788.770,-1172392.820,351.090,0.012
-443788.890,-1172392.520,351.100,0.011
-443789.000,-1172392.230,351.130,0.012
-443789.250,-1172391.590,351.130,0.016
-443789.360,-1172391.310,351.150,0.009
-443789.480,-1172391.020,351.170,0.007
-443789.600,-1172390.690,351.190,0.009
-443789.720,-1172390.390,351.200,0.012
-443789.840,-1172390.080,351.210,0.006
-443789.960,-1172389.770,351.250,0.010
-443790.090,-1172389.450,351.220,0.014
-443790.310,-1172388.880,351.280,0.020
-443790.430,-1172388.580,351.310,0.021
-443790.550,-1172388.260,351.350,0.024
-443790.670,-1172387.950,351.340,0.018
-443790.780,-1172387.670,351.370,0.011
-443790.910,-1172387.350,351.370,0.011
-443791.030,-1172387.050,351.380,0.020
-443791.150,-1172386.740,351.440,0.027
-443791.390,-1172386.120,351.440,0.020
-443788.520,-1172392.440,351.040,0.010
-443788.650,-1172392.120,351.070,0.014
-443789.350,-1172390.310,351.200,0.018
-443789.590,-1172389.700,351.160,0.011
-443790.070,-1172388.470,351.280,0.014
-443790.190,-1172388.170,351.310,0.019
-443790.310,-1172387.860,351.330,0.026
-443790.420,-1172387.570,351.330,0.016
-443790.540,-1172387.270,351.320,0.015
-443790.890,-1172386.380,351.380,0.015
-443791.010,-1172386.090,351.420,0.019
-443790.770,-1172389.580,351.330,0.023
-443790.890,-1172389.270,351.310,0.009
-443791.000,-1172388.980,351.360,0.014
-443791.480,-1172387.760,351.450,0.018
-443788.560,-1172394.290,351.100,0.014
-443788.680,-1172393.990,351.040,0.024
-443789.490,-1172391.920,351.160,0.033
-443789.610,-1172391.600,351.200,0.028
-443790.680,-1172388.860,351.320,0.010
-443788.850,-1172395.470,351.050,0.008
-443789.310,-1172394.290,351.140,0.015
-443789.430,-1172393.970,351.180,0.022
-443789.550,-1172393.660,351.170,0.021
-443790.150,-1172392.140,351.240,0.014
-443790.260,-1172391.840,351.260,0.016
-443790.620,-1172390.930,351.310,0.007
-443790.730,-1172390.650,351.300,0.024
-443790.840,-1172390.360,351.310,0.021
-443790.960,-1172390.060,351.360,0.013
-443791.080,-1172389.760,351.390,0.021
-443791.430,-1172388.860,351.440,0.018
-443791.540,-1172388.570,351.420,0.021
-443791.670,-1172388.260,351.470,0.034
-443789.490,-1172392.860,351.160,0.027
-443789.710,-1172392.280,351.180,0.020
-443789.950,-1172391.680,351.190,0.027
-443790.060,-1172391.390,351.220,0.019
-443790.180,-1172391.080,351.270,0.018
-443790.300,-1172390.790,351.250,0.019
-443789.110,-1172396.520,351.090,0.010
-443789.820,-1172394.700,351.200,0.009
-443790.050,-1172394.120,351.230,0.011
-443790.300,-1172393.490,351.260,0.012
-443791.130,-1172391.370,351.390,0.006
-443791.250,-1172391.060,351.380,0.006
-443791.360,-1172390.780,351.420,0.017
-443791.490,-1172390.450,351.420,0.016
-443791.610,-1172390.150,351.420,0.012
-443791.730,-1172389.840,351.470,0.006
-443788.900,-1172396.100,351.050,0.012
-443789.140,-1172395.500,351.110,0.011
-443789.250,-1172395.210,351.140,0.015
-443789.500,-1172394.580,351.170,0.010
-443789.620,-1172394.270,351.170,0.016
-443789.980,-1172393.360,351.210,0.022
-443790.090,-1172393.070,351.200,0.017
-443790.690,-1172391.540,351.320,0.030
-443791.040,-1172390.630,351.350,0.017
-443791.170,-1172390.310,351.390,0.016
-443791.400,-1172389.730,351.420,0.019
-443790.830,-1172395.470,351.260,0.033
-443791.310,-1172394.240,351.340,0.024
-443791.420,-1172393.960,351.360,0.012
-443791.540,-1172393.650,351.330,0.027
-443791.770,-1172393.060,351.440,0.021
-443789.190,-1172398.720,351.060,0.006
-443789.300,-1172398.430,351.110,0.009
-443789.410,-1172398.140,351.130,0.007
-443789.530,-1172397.850,351.130,0.009
-443789.650,-1172397.540,351.150,0.013
-443789.770,-1172397.220,351.160,0.010
-443790.010,-1172396.620,351.180,0.006
-443790.490,-1172395.390,351.240,0.020
-443790.950,-1172394.200,351.310,0.017
-443791.530,-1172392.730,351.400,0.015
-443791.650,-1172392.410,351.380,0.016
-443791.770,-1172392.130,351.420,0.024
-443791.890,-1172391.810,351.470,0.017
-443789.280,-1172397.290,351.080,0.015
-443789.400,-1172396.980,351.090,0.012
-443789.520,-1172396.670,351.160,0.013
-443789.630,-1172396.390,351.150,0.013
-443790.100,-1172395.200,351.210,0.013
-443790.340,-1172394.580,351.220,0.018
-443790.800,-1172393.390,351.310,0.009
-443790.920,-1172393.100,351.320,0.008
-443791.040,-1172392.780,351.330,0.015
-443791.160,-1172392.480,351.330,0.011
-443791.280,-1172392.190,351.350,0.013
-443789.450,-1172400.790,351.080,0.017
-443789.680,-1172400.180,351.120,0.024
-443791.330,-1172395.970,351.370,0.008
-443791.450,-1172395.660,351.330,0.011
-443791.580,-1172395.340,351.400,0.011
-443791.700,-1172395.040,351.410,0.008
-443789.080,-1172400.800,351.010,0.018
-443789.200,-1172400.490,351.040,0.026
-443789.320,-1172400.190,351.050,0.050
-443789.430,-1172399.900,351.110,0.016
-443789.910,-1172398.670,351.220,0.027
-443790.030,-1172398.380,351.190,0.016
-443790.260,-1172397.780,351.250,0.018
-443790.380,-1172397.470,351.250,0.011
-443790.630,-1172396.840,351.260,0.023
-443791.090,-1172395.660,351.350,0.014
-443791.330,-1172395.050,351.390,0.027
-443791.450,-1172394.740,351.380,0.016
-443789.400,-1172399.130,351.100,0.015
-443789.520,-1172398.810,351.130,0.018
-443789.630,-1172398.520,351.130,0.013
-443789.760,-1172398.200,351.120,0.014
-443790.000,-1172397.570,351.190,0.019
-443790.470,-1172396.390,351.240,0.013
-443790.580,-1172396.090,351.250,0.005
-443790.700,-1172395.780,351.240,0.017
-443791.670,-1172398.810,351.370,0.012
-443791.790,-1172398.500,351.410,0.017
-443791.900,-1172398.220,351.380,0.017
-443792.010,-1172397.930,351.430,0.011
-443792.140,-1172397.600,351.420,0.008
-443792.260,-1172397.300,351.450,0.016
-443792.370,-1172397.030,351.410,0.023
-443789.300,-1172403.830,351.030,0.032
-443789.420,-1172403.510,350.970,0.037
-443790.010,-1172402.010,351.160,0.010
-443790.250,-1172401.390,351.180,0.026
-443790.500,-1172400.770,351.180,0.017
-443790.740,-1172400.160,351.240,0.025
-443790.970,-1172399.570,351.290,0.016
-443791.210,-1172398.950,351.320,0.025
-443791.320,-1172398.660,351.310,0.019
-443791.560,-1172398.040,351.330,0.022
-443791.690,-1172397.720,351.380,0.014
-443791.800,-1172397.430,351.420,0.010
-443792.040,-1172396.830,351.390,0.019
-443789.400,-1172402.640,351.020,0.008
-443789.650,-1172402.000,351.120,0.011
-443789.770,-1172401.700,351.140,0.010
-443789.890,-1172401.390,351.160,0.013
-443790.010,-1172401.090,351.150,0.023
-443790.120,-1172400.810,351.190,0.023
-443790.230,-1172400.520,351.210,0.021
-443790.590,-1172399.590,351.240,0.020
-443790.950,-1172398.670,351.300,0.026
-443791.540,-1172397.170,351.340,0.018
-443791.890,-1172396.280,351.420,0.015
-443792.000,-1172395.990,351.410,0.014
-443789.450,-1172401.720,351.110,0.019
-443789.560,-1172401.440,351.070,0.016
-443789.930,-1172400.500,351.160,0.023
-443790.280,-1172399.600,351.180,0.009
-443790.510,-1172399.000,351.260,0.011
-443790.860,-1172398.120,351.320,0.024
-443790.980,-1172397.810,351.310,0.021
-443791.100,-1172397.510,351.330,0.014
-443791.210,-1172397.220,351.310,0.020
-443791.450,-1172396.620,351.360,0.017
-443791.570,-1172396.310,351.410,0.020
-443792.160,-1172394.790,351.440,0.014
-443791.160,-1172402.300,351.270,0.030
-443791.270,-1172402.000,351.280,0.035
-443791.400,-1172401.680,351.310,0.023
-443791.510,-1172401.410,351.330,0.014
-443791.620,-1172401.110,351.340,0.011
-443791.740,-1172400.810,351.370,0.009
-443791.850,-1172400.520,351.390,0.011
-443791.980,-1172400.200,351.420,0.005
-443792.330,-1172399.310,351.450,0.006
-443790.560,-1172403.840,351.190,0.013
-443790.680,-1172403.530,351.190,0.017
-443790.930,-1172402.890,351.240,0.008
-443790.920,-1172403.840,351.230,0.019
-443792.230,-1172400.490,351.430,0.015
-443791.340,-1172403.690,351.280,0.014
-443791.460,-1172403.370,351.300,0.013
-443791.710,-1172402.740,351.340,0.013
-443791.820,-1172402.460,351.330,0.019
-443792.050,-1172401.860,351.390,0.011
-443792.170,-1172401.550,351.410,0.015
-443792.290,-1172401.250,351.430,0.016
-443792.410,-1172400.940,351.440,0.017
-443791.780,-1172403.640,351.330,0.009
-443791.900,-1172403.340,351.390,0.010
-443792.130,-1172402.750,351.370,0.016
-443792.490,-1172401.810,351.430,0.020
-443792.620,-1172401.500,351.490,0.009
-443792.730,-1172401.200,351.480,0.010
-443792.600,-1172402.300,351.450,0.018
-443792.450,-1172403.690,351.400,0.023
-443792.800,-1172402.790,351.470,0.012
-443791.080,-1172401.560,351.260,0.018
-443791.430,-1172400.660,351.340,0.013
-443791.670,-1172400.060,351.350,0.010
-443791.790,-1172399.760,351.340,0.008
-443791.900,-1172399.460,351.410,0.011
-443792.020,-1172399.160,351.370,0.010
-443789.890,-1172403.370,351.100,0.016
-443790.010,-1172403.060,351.140,0.016
-443790.240,-1172402.470,351.170,0.021
-443790.480,-1172401.850,351.200,0.016
-443790.710,-1172401.260,351.240,0.012
-443790.840,-1172400.950,351.250,0.012
-443790.950,-1172400.660,351.210,0.015
-443791.190,-1172400.050,351.280,0.015
-443791.310,-1172399.730,351.320,0.007
-443791.550,-1172399.130,351.340,0.013
-443712.580,-1172403.670,352.480,0.028
-443712.700,-1172403.370,352.490,0.032
-443712.200,-1172403.390,352.430,0.027
-443712.570,-1172402.450,352.470,0.024
-443711.600,-1172402.790,352.280,0.019
-443711.830,-1172402.220,352.300,0.021
-443711.920,-1172403.090,352.290,0.019
-443712.290,-1172402.150,352.440,0.017
-443712.420,-1172401.830,352.490,0.015
-443712.650,-1172401.240,352.540,0.011
-443711.380,-1172402.390,352.170,0.014
-443711.500,-1172402.090,352.260,0.018
-443711.050,-1172402.260,352.190,0.027
-443711.180,-1172401.940,352.190,0.008
-443712.350,-1172399.960,352.550,0.031
-443711.290,-1172401.660,352.180,0.018
-443711.410,-1172401.350,352.270,0.021
-443710.680,-1172402.710,352.150,0.022
-443710.800,-1172402.400,352.090,0.024
-443710.920,-1172402.120,352.120,0.020
-443711.040,-1172401.820,352.160,0.009
-443711.280,-1172401.210,352.180,0.027
-443711.050,-1172401.120,352.080,0.032
-443710.620,-1172401.410,352.070,0.024
-443710.030,-1172401.690,352.050,0.012
-443823.290,-1172309.200,355.060,0.007
-443801.150,-1172329.340,351.420,0.011
-443801.270,-1172329.040,351.430,0.011
-443800.530,-1172329.610,351.350,0.008
-443799.820,-1172330.370,351.320,0.010
-443799.930,-1172330.070,351.330,0.007
-443800.510,-1172328.600,351.380,0.016
-443800.630,-1172328.290,351.410,0.011
-443800.940,-1172326.410,351.430,0.023
-443798.830,-1172331.030,351.250,0.009
-443800.020,-1172328.000,351.360,0.013
-443798.920,-1172329.590,351.270,0.018
-443800.110,-1172326.550,351.360,0.020
-443800.580,-1172325.350,351.420,0.014
-443800.690,-1172325.060,351.400,0.056
-443803.170,-1172318.730,351.060,0.043
-443802.650,-1172319.120,350.950,0.021
-443799.230,-1172327.850,351.290,0.017
-443799.580,-1172326.950,351.310,0.018
-443799.700,-1172326.640,351.330,0.046
-443798.570,-1172328.460,351.260,0.009
-443799.580,-1172325.070,351.340,0.013
-443797.630,-1172328.790,351.210,0.049
-443801.890,-1172317.930,350.860,0.005
-443802.250,-1172317.030,350.910,0.009
-443796.630,-1172330.460,351.170,0.038
-443798.050,-1172326.830,351.240,0.038
-443797.270,-1172326.110,351.210,0.037
-443801.760,-1172314.670,350.840,0.014
-443796.560,-1172327.920,351.180,0.008
-443796.680,-1172327.620,351.160,0.013
-443796.190,-1172327.940,351.120,0.006
-443796.190,-1172326.050,351.150,0.007
-443791.560,-1172320.840,351.280,0.037
-443721.970,-1172327.530,352.500,0.031
-443730.830,-1172324.360,352.850,0.007
-443730.960,-1172324.050,352.810,0.007
-443756.540,-1172294.250,355.380,0.010
-443756.660,-1172293.950,355.390,0.008
-443743.430,-1172337.330,353.230,0.038
-443748.790,-1172323.830,354.640,0.042
-443743.300,-1172338.640,353.230,0.076
-443756.100,-1172312.010,354.380,0.026
-443756.220,-1172311.700,354.420,0.043
-443750.760,-1172325.500,351.200,0.008
-443750.840,-1172326.090,351.190,0.006
-443751.090,-1172325.480,351.240,0.009
-443755.830,-1172313.500,354.300,0.020
-443756.070,-1172312.900,354.340,0.010
-443756.190,-1172312.610,354.360,0.013
-443756.340,-1172314.090,354.380,0.030
-443756.510,-1172314.810,354.400,0.030
-443756.630,-1172314.510,354.380,0.023
-443757.220,-1172313.030,354.410,0.016
-443757.340,-1172312.730,354.460,0.025
-443757.590,-1172312.090,354.500,0.009
-443757.700,-1172311.820,354.520,0.012
-443757.830,-1172311.500,354.520,0.035
-443756.530,-1172315.730,354.380,0.017
-443756.640,-1172315.450,354.360,0.016
-443756.890,-1172314.830,354.420,0.014
-443756.660,-1172316.350,354.380,0.017
-443757.010,-1172315.460,354.370,0.014
-443757.480,-1172314.270,354.410,0.014
-443757.600,-1172313.970,354.490,0.012
-443757.970,-1172313.050,354.470,0.016
-443758.320,-1172312.150,354.560,0.011
-443758.450,-1172311.840,354.560,0.011
-443756.630,-1172317.510,354.360,0.022
-443758.520,-1172312.740,354.550,0.014
-443756.880,-1172317.970,354.360,0.016
-443757.120,-1172317.360,354.350,0.020
-443757.720,-1172315.840,354.450,0.012
-443757.850,-1172315.530,354.480,0.012
-443758.190,-1172314.650,354.520,0.016
-443758.310,-1172314.360,354.500,0.023
-443758.550,-1172313.760,354.570,0.013
-443758.660,-1172313.470,354.560,0.013
-443758.780,-1172313.170,354.550,0.016
-443759.140,-1172312.270,354.630,0.012
-443759.260,-1172311.960,354.630,0.018
-443756.820,-1172319.080,354.350,0.025
-443757.810,-1172317.580,354.440,0.006
-443757.930,-1172317.270,354.480,0.014
-443758.180,-1172316.650,354.480,0.026
-443758.300,-1172316.340,354.490,0.022
-443758.530,-1172315.760,354.530,0.025
-443758.650,-1172315.470,354.560,0.011
-443758.770,-1172315.160,354.500,0.025
-443758.890,-1172314.850,354.570,0.022
-443759.130,-1172314.250,354.570,0.015
-443759.250,-1172313.930,354.590,0.017
-443759.490,-1172313.340,354.610,0.012
-443759.610,-1172313.030,354.660,0.013
-443759.730,-1172312.740,354.660,0.022
-443759.850,-1172312.440,354.690,0.016
-443760.080,-1172311.860,354.700,0.025
-443760.190,-1172311.570,354.720,0.023
-443760.310,-1172311.270,354.760,0.059
-443757.080,-1172320.460,354.370,0.011
-443757.190,-1172320.180,354.400,0.016
-443760.170,-1172312.680,354.670,0.012
-443757.110,-1172321.550,354.400,0.017
-443758.190,-1172318.840,354.460,0.014
-443758.530,-1172317.970,354.460,0.006
-443758.770,-1172317.370,354.520,0.007
-443758.880,-1172317.080,354.510,0.008
-443759.120,-1172316.480,354.560,0.007
-443759.720,-1172314.980,354.570,0.013
-443760.210,-1172313.750,354.630,0.015
-443760.320,-1172313.450,354.710,0.011
-443760.800,-1172312.250,354.770,0.010
-443760.920,-1172311.950,354.760,0.030
-443761.160,-1172311.350,354.800,0.038
-443757.220,-1172322.180,354.370,0.012
-443757.340,-1172321.880,354.390,0.015
-443758.170,-1172319.780,354.430,0.009
-443760.900,-1172312.880,354.750,0.005
-443761.500,-1172311.370,354.830,0.026
-443758.050,-1172321.110,354.420,0.039
-443758.520,-1172319.920,354.480,0.013
-443759.110,-1172318.420,354.550,0.017
-443759.600,-1172317.190,354.570,0.011
-443759.710,-1172316.910,354.620,0.011
-443759.950,-1172316.320,354.610,0.011
-443760.060,-1172316.020,354.660,0.016
-443760.650,-1172314.550,354.700,0.028
-443760.760,-1172314.250,354.720,0.015
-443760.880,-1172313.960,354.720,0.016
-443761.130,-1172313.340,354.780,0.030
-443761.480,-1172312.440,354.780,0.021
-443762.080,-1172310.930,354.920,0.028
-443758.690,-1172320.570,354.450,0.010
-443759.430,-1172318.730,354.490,0.013
-443759.650,-1172318.150,354.570,0.007
-443762.260,-1172311.560,354.950,0.007
-443758.480,-1172322.250,354.490,0.023
-443758.950,-1172321.060,354.520,0.028
-443759.070,-1172320.760,354.480,0.017
-443759.310,-1172320.160,354.540,0.022
-443759.550,-1172319.560,354.540,0.009
-443759.780,-1172318.970,354.590,0.019
-443759.900,-1172318.650,354.600,0.028
-443760.270,-1172317.720,354.640,0.033
-443760.620,-1172316.850,354.680,0.024
-443760.740,-1172316.540,354.680,0.026
-443760.970,-1172315.950,354.700,0.021
-443761.220,-1172315.330,354.710,0.039
-443761.340,-1172315.020,354.740,0.026
-443761.460,-1172314.730,354.750,0.017
-443761.580,-1172314.420,354.770,0.012
-443762.050,-1172313.240,354.870,0.029
-443758.750,-1172322.240,354.500,0.007
-443758.990,-1172321.650,354.530,0.010
-443759.220,-1172321.060,354.570,0.017
-443759.460,-1172320.450,354.590,0.010
-443759.810,-1172319.580,354.600,0.004
-443759.920,-1172319.290,354.600,0.004
-443760.040,-1172318.980,354.640,0.012
-443760.280,-1172318.380,354.590,0.033
-443760.520,-1172317.780,354.660,0.018
-443760.640,-1172317.470,354.650,0.029
-443760.760,-1172317.170,354.690,0.010
-443760.890,-1172316.850,354.720,0.021
-443761.010,-1172316.540,354.710,0.018
-443761.120,-1172316.260,354.710,0.014
-443761.350,-1172315.670,354.750,0.022
-443761.600,-1172315.050,354.800,0.029
-443761.840,-1172314.450,354.800,0.010
-443761.960,-1172314.130,354.810,0.015
-443762.080,-1172313.840,354.800,0.012
-443762.320,-1172313.220,354.890,0.027
-443762.430,-1172312.940,354.910,0.011
-443762.550,-1172312.640,354.920,0.018
-443763.140,-1172311.150,354.990,0.027
-443760.770,-1172318.100,354.650,0.021
-443763.160,-1172312.060,354.990,0.011
-443759.000,-1172322.590,354.530,0.011
-443759.480,-1172321.360,354.570,0.015
-443762.310,-1172315.140,354.870,0.016
-443762.430,-1172314.840,354.850,0.014
-443762.560,-1172314.510,354.880,0.015
-443762.680,-1172314.200,354.880,0.012
-443762.800,-1172313.900,354.920,0.008
-443762.920,-1172313.610,354.890,0.021
-443763.030,-1172313.310,354.940,0.019
-443763.150,-1172313.030,354.940,0.012
-443763.270,-1172312.730,354.990,0.025
-443763.390,-1172312.400,355.000,0.018
-443763.510,-1172312.110,355.020,0.014
-443763.630,-1172311.820,355.010,0.028
-443763.880,-1172311.180,355.020,0.014
-443763.990,-1172310.900,355.080,0.031
-443759.590,-1172322.010,354.560,0.014
-443760.440,-1172319.880,354.650,0.021
-443760.550,-1172319.600,354.640,0.014
-443760.790,-1172318.990,354.700,0.023
-443761.010,-1172318.420,354.700,0.016
-443761.130,-1172318.120,354.710,0.017
-443761.370,-1172317.520,354.720,0.019
-443761.720,-1172316.630,354.790,0.014
-443761.840,-1172316.330,354.770,0.021
-443762.080,-1172315.720,354.810,0.029
-443762.660,-1172315.450,354.870,0.010
-443764.340,-1172311.210,355.040,0.018
-443760.920,-1172320.590,354.680,0.009
-443761.050,-1172320.270,354.670,0.011
-443761.160,-1172319.990,354.720,0.016
-443761.280,-1172319.690,354.720,0.026
-443761.750,-1172318.490,354.760,0.012
-443762.000,-1172317.870,354.770,0.019
-443762.470,-1172316.680,354.860,0.025
-443762.820,-1172315.790,354.880,0.007
-443763.050,-1172315.200,354.920,0.009
-443763.170,-1172314.910,354.940,0.006
-443763.530,-1172314.000,354.970,0.013
-443763.640,-1172313.720,355.000,0.015
-443764.000,-1172312.810,355.020,0.010
-443764.110,-1172312.530,355.030,0.018
-443764.360,-1172311.890,355.080,0.004
-443764.480,-1172311.590,355.120,0.010
-443761.730,-1172319.500,354.720,0.012
-443762.550,-1172317.410,354.830,0.029
-443763.160,-1172315.880,354.940,0.009
-443763.740,-1172314.400,354.990,0.006
-443763.860,-1172314.110,355.010,0.009
-443764.440,-1172312.640,355.090,0.012
-443764.560,-1172312.320,355.110,0.009
-443761.060,-1172321.960,354.690,0.096
-443761.290,-1172321.370,354.730,0.009
-443761.760,-1172320.180,354.770,0.015
-443761.890,-1172319.850,354.780,0.008
-443762.010,-1172319.560,354.770,0.017
-443762.120,-1172319.280,354.770,0.019
-443762.240,-1172318.970,354.810,0.028
-443762.370,-1172318.650,354.820,0.024
-443763.070,-1172316.870,354.930,0.038
-443764.270,-1172313.820,355.110,0.008
-443764.380,-1172313.550,355.100,0.007
-443764.500,-1172313.240,355.100,0.013
-443764.620,-1172312.960,355.090,0.012
-443764.730,-1172312.670,355.120,0.010
-443771.620,-1172322.400,352.580,0.028
-443765.280,-1172321.500,355.110,0.025
-443765.300,-1172320.420,355.140,0.022
-443764.840,-1172320.780,355.040,0.008
-443765.300,-1172319.610,355.100,0.012
-443765.410,-1172319.320,355.170,0.019
-443764.200,-1172321.270,354.990,0.028
-443764.310,-1172320.980,355.020,0.018
-443764.550,-1172320.380,354.940,0.014
-443764.660,-1172320.090,355.060,0.013
-443764.770,-1172319.810,355.070,0.006
-443764.890,-1172319.510,355.090,0.006
-443763.700,-1172321.670,354.950,0.013
-443763.820,-1172321.380,354.990,0.009
-443764.170,-1172320.490,354.960,0.012
-443764.290,-1172320.180,354.970,0.031
-443764.410,-1172319.880,355.040,0.021
-443764.530,-1172319.590,354.980,0.008
-443764.640,-1172319.300,355.040,0.006
-443764.770,-1172318.980,355.090,0.004
-443763.740,-1172320.650,354.940,0.018
-443764.930,-1172317.620,355.110,0.005
-443765.050,-1172317.320,355.140,0.012
-443763.130,-1172321.470,354.920,0.021
-443763.250,-1172321.160,354.910,0.008
-443763.500,-1172320.540,354.910,0.010
-443763.620,-1172320.230,354.930,0.012
-443763.740,-1172319.940,354.920,0.015
-443763.850,-1172319.640,354.970,0.012
-443763.960,-1172319.360,354.990,0.017
-443764.090,-1172319.050,354.990,0.020
-443764.320,-1172318.450,355.030,0.013
-443764.450,-1172318.140,355.050,0.003
-443764.570,-1172317.830,355.050,0.006
-443764.690,-1172317.530,355.040,0.004
-443764.800,-1172317.230,355.070,0.006
-443764.920,-1172316.930,355.080,0.025
-443765.040,-1172316.630,355.120,0.025
-443762.550,-1172321.760,354.810,0.041
-443764.920,-1172315.780,355.140,0.027
-443762.030,-1172322.130,354.840,0.042
-443762.160,-1172321.820,354.840,0.020
-443762.390,-1172321.220,354.790,0.021
-443762.510,-1172320.920,354.830,0.012
-443762.630,-1172320.610,354.860,0.020
-443762.750,-1172320.320,354.830,0.022
-443762.870,-1172320.010,354.870,0.020
-443763.340,-1172318.830,354.900,0.021
-443763.460,-1172318.520,354.910,0.014
-443763.570,-1172318.250,354.930,0.021
-443763.690,-1172317.940,354.950,0.010
-443764.280,-1172316.450,355.010,0.004
-443764.400,-1172316.130,355.060,0.006
-443764.510,-1172315.860,355.070,0.006
-443764.630,-1172315.560,355.080,0.005
-443764.750,-1172315.250,355.090,0.006
-443764.880,-1172314.940,355.120,0.006
-443764.770,-1172314.270,355.120,0.014
-443762.760,-1172319.360,354.870,0.008
-443763.350,-1172317.880,354.900,0.014
-443763.820,-1172316.680,354.980,0.033
-443764.070,-1172316.050,355.010,0.009
-443764.190,-1172315.750,355.000,0.004
-443764.310,-1172315.440,355.040,0.007
-443764.660,-1172314.550,355.120,0.015
-443761.620,-1172321.580,354.760,0.010
-443761.960,-1172320.720,354.760,0.020
-443762.080,-1172320.410,354.820,0.016
-443762.550,-1172319.230,354.840,0.008
-443762.910,-1172318.320,354.830,0.017
-443763.030,-1172318.020,354.870,0.026
-443763.750,-1172316.190,354.950,0.014
-443763.870,-1172315.890,354.980,0.012
-443764.100,-1172315.300,355.040,0.012
-443764.220,-1172314.990,355.060,0.012
-443764.340,-1172314.690,355.080,0.007
-443764.710,-1172313.770,355.140,0.011
-443718.990,-1172341.730,353.140,0.052
-443718.240,-1172339.470,353.160,0.068
-443718.710,-1172341.800,353.140,0.053
-443698.850,-1172344.000,353.160,0.017
-443698.960,-1172343.720,353.200,0.019
-443698.740,-1172341.630,353.230,0.033
-443703.460,-1172328.970,352.610,0.071
-443703.820,-1172329.060,352.620,0.066
-443733.730,-1172429.310,361.790,0.096
-443733.890,-1172432.460,361.800,0.093
-443737.260,-1172431.940,361.410,0.013
-443737.380,-1172431.650,361.420,0.012
-443739.400,-1172430.240,361.470,0.035
-443769.750,-1172422.010,361.710,0.014
-443767.210,-1172427.510,361.530,0.049
-443770.020,-1172423.900,361.690,0.032
-443770.260,-1172423.300,361.800,0.026
-443770.620,-1172422.370,361.890,0.062
-443769.770,-1172423.230,361.660,0.019
-443769.900,-1172422.900,361.710,0.026
-443770.260,-1172424.310,361.780,0.044
-443770.390,-1172424.000,361.790,0.041
-443770.410,-1172426.850,361.810,0.081
-443770.640,-1172429.090,361.820,0.046
-443770.200,-1172432.260,361.360,0.049
-443770.680,-1172431.030,361.800,0.010
-443770.690,-1172430.150,361.820,0.019
-443770.930,-1172436.020,361.820,0.068
-443770.800,-1172435.230,361.830,0.044
-443770.410,-1172435.330,361.280,0.046
-443770.700,-1172433.850,361.830,0.025
-443770.480,-1172433.340,361.320,0.017
-443825.610,-1172337.400,371.040,0.023
-443825.920,-1172336.660,365.360,0.015
-443826.000,-1172336.420,368.160,0.010
-443825.530,-1172336.940,356.980,0.087
-443825.610,-1172336.590,368.170,0.015
-443825.650,-1172336.530,365.380,0.011
-443825.690,-1172336.470,362.540,0.005
-443825.690,-1172336.350,371.120,0.052
-443825.730,-1172336.290,368.170,0.039
-443825.770,-1172336.230,365.360,0.010
-443825.890,-1172335.920,365.340,0.063
-443825.930,-1172335.860,362.570,0.072
-443825.680,-1172340.160,364.770,0.089
-443825.710,-1172342.740,371.070,0.061
-443825.820,-1172342.450,371.110,0.045
-443826.040,-1172339.910,362.020,0.072
-443825.950,-1172344.210,362.550,0.011
-443826.190,-1172343.600,362.580,0.021
-443826.220,-1172343.550,359.800,0.014
-443826.240,-1172343.410,368.170,0.028
-443825.850,-1172343.780,359.770,0.013
-443825.890,-1172343.730,356.930,0.011
-443825.840,-1172343.670,371.040,0.028
-443825.870,-1172343.620,368.160,0.026
-443825.910,-1172343.580,365.360,0.015
-443825.940,-1172343.530,362.620,0.020
-443826.000,-1172343.310,368.130,0.027
-443828.380,-1172339.670,370.610,0.019
-443828.500,-1172339.370,370.590,0.032
-443825.850,-1172345.340,371.040,0.016
-443828.440,-1172338.750,370.620,0.030
-443828.620,-1172341.190,370.600,0.011
-443828.740,-1172340.870,370.630,0.012
-443825.870,-1172347.440,359.760,0.084
-443825.900,-1172347.400,356.950,0.063
-443825.930,-1172347.230,365.440,0.095
-443825.960,-1172347.180,362.590,0.051
-443825.990,-1172347.140,359.780,0.061
-443828.790,-1172339.870,370.640,0.022
-443826.230,-1172347.330,365.370,0.096
-443826.260,-1172347.290,362.590,0.060
-443826.290,-1172347.250,359.800,0.064
-443826.300,-1172350.820,362.530,0.010
-443826.100,-1172352.920,371.080,0.011
-443826.360,-1172354.390,368.150,0.027
-443826.480,-1172354.080,368.140,0.023
-443826.510,-1172354.050,365.310,0.024
-443850.990,-1172431.250,374.750,0.073
-443850.480,-1172429.440,374.220,0.016
-443850.720,-1172428.830,374.720,0.085
-443850.890,-1172429.500,374.690,0.045
-443850.390,-1172427.030,374.180,0.048
-443850.580,-1172428.620,374.170,0.063
-443847.810,-1172432.270,374.760,0.072
-443848.140,-1172431.420,374.180,0.032
-443850.340,-1172423.050,374.130,0.036
-443846.720,-1172432.240,374.740,0.091
-443849.820,-1172425.300,374.120,0.061
-443850.400,-1172423.810,374.740,0.069
-443850.140,-1172421.720,374.150,0.014
-443850.260,-1172421.440,374.160,0.017
-443849.760,-1172423.360,374.120,0.015
-443849.880,-1172423.060,374.110,0.020
-443851.530,-1172418.890,373.790,0.041
-443850.120,-1172419.970,374.130,0.026
-443845.430,-1172427.990,374.150,0.011
-443845.800,-1172427.950,374.790,0.024
-443845.800,-1172427.970,374.220,0.007
-443850.240,-1172416.680,374.660,0.027
-443848.120,-1172420.090,374.120,0.012
-443849.290,-1172417.110,374.320,0.012
-443850.210,-1172414.770,374.730,0.036
-443848.980,-1172417.300,374.310,0.027
-443849.320,-1172416.430,374.270,0.051
-443850.910,-1172413.000,374.640,0.030
-443848.220,-1172418.270,374.340,0.023
-443844.380,-1172428.030,374.070,0.014
-443844.610,-1172427.460,374.130,0.020
-443847.520,-1172419.020,374.250,0.019
-443849.160,-1172414.850,374.250,0.028
-443850.100,-1172412.460,374.680,0.046
-443847.880,-1172419.130,374.270,0.014
-443847.990,-1172418.840,374.340,0.023
-443844.760,-1172424.680,374.110,0.007
-443845.240,-1172423.470,374.100,0.030
-443847.090,-1172418.760,374.100,0.020
-443847.560,-1172417.570,374.180,0.026
-443848.730,-1172414.580,374.200,0.029
-443848.860,-1172414.280,374.240,0.040
-443849.090,-1172413.680,374.290,0.045
-443842.430,-1172430.610,374.070,0.017
-443848.710,-1172413.790,374.160,0.041
-443849.860,-1172410.880,374.110,0.018
-443849.990,-1172410.560,374.160,0.020
-443848.600,-1172413.210,374.160,0.011
-443848.710,-1172412.930,374.210,0.012
-443848.840,-1172412.620,374.280,0.048
-443849.890,-1172409.930,374.110,0.045
-443850.000,-1172409.660,374.180,0.044
-443850.720,-1172407.840,374.700,0.013
-443843.600,-1172425.080,374.120,0.019
-443848.960,-1172411.440,374.300,0.026
-443848.250,-1172412.380,374.140,0.011
-443848.950,-1172410.600,374.330,0.074
-443849.770,-1172408.520,374.130,0.013
-443850.020,-1172408.760,374.700,0.023
-443844.260,-1172421.790,374.800,0.012
-443844.380,-1172421.480,374.810,0.078
-443848.580,-1172410.820,374.180,0.032
-443848.930,-1172409.920,374.330,0.086
-443849.960,-1172407.290,374.160,0.031
-443850.080,-1172406.980,374.710,0.016
-443851.370,-1172403.720,373.980,0.045
-443841.000,-1172430.090,374.160,0.050
-443848.550,-1172409.980,374.160,0.034
-443848.790,-1172409.390,374.330,0.050
-443849.960,-1172406.410,374.100,0.072
-443850.780,-1172404.320,374.660,0.042
-443842.370,-1172425.710,374.150,0.014
-443844.140,-1172422.100,374.830,0.034
-443844.020,-1172421.520,374.070,0.023
-443844.820,-1172417.010,374.110,0.025
-443844.940,-1172416.710,374.120,0.022
-443848.840,-1172408.030,374.340,0.024
-443849.780,-1172405.640,374.180,0.056
-443845.170,-1172416.110,374.120,0.015
-443849.840,-1172404.220,374.690,0.088
-443848.870,-1172405.680,374.290,0.039
-443849.570,-1172403.920,374.140,0.014
-443849.680,-1172403.630,374.120,0.051
-443847.010,-1172410.420,374.120,0.012
-443849.500,-1172403.090,374.120,0.013
-443849.620,-1172402.780,374.120,0.051
-443848.750,-1172403.840,374.260,0.032
-443846.830,-1172407.670,374.280,0.023
-443849.520,-1172400.830,374.150,0.025
-443844.040,-1172414.760,374.790,0.016
-443843.830,-1172414.340,374.740,0.010
-443846.730,-1172406.960,374.980,0.048
-443848.610,-1172402.180,374.250,0.048
-443848.720,-1172401.880,374.300,0.048
-443841.870,-1172418.370,377.480,0.030
-443848.610,-1172401.240,374.340,0.050
-443848.410,-1172400.600,374.180,0.055
-443841.440,-1172418.320,377.390,0.033
-443841.670,-1172417.720,377.440,0.018
-443849.410,-1172396.950,374.240,0.019
-443849.530,-1172396.660,374.290,0.027
-443845.220,-1172406.650,374.130,0.013
-443845.330,-1172406.370,374.160,0.027
-443836.250,-1172429.470,373.820,0.054
-443836.720,-1172428.280,374.220,0.045
-443849.410,-1172395.970,374.270,0.009
-443849.520,-1172395.700,374.290,0.014
-443848.370,-1172397.810,374.250,0.021
-443848.490,-1172397.500,374.360,0.040
-443849.420,-1172395.120,374.260,0.016
-443836.370,-1172428.340,373.810,0.090
-443838.100,-1172422.910,374.190,0.020
-443838.330,-1172422.340,374.300,0.010
-443838.440,-1172422.040,374.260,0.013
-443838.810,-1172421.070,377.450,0.020
-443838.930,-1172420.760,377.470,0.020
-443840.430,-1172416.940,377.450,0.013
-443838.740,-1172420.390,377.440,0.046
-443838.960,-1172419.830,377.530,0.042
-443839.300,-1172418.950,377.710,0.088
-443849.400,-1172394.160,374.270,0.053
-443848.390,-1172395.860,374.320,0.051
-443849.340,-1172393.450,374.260,0.009
-443835.330,-1172429.110,373.870,0.026
-443836.150,-1172427.010,373.830,0.068
-443843.620,-1172407.240,374.710,0.033
-443836.030,-1172426.550,373.830,0.018
-443840.360,-1172416.260,377.470,0.017
-443840.480,-1172415.950,377.470,0.034
-443840.940,-1172414.800,376.360,0.021
-443848.400,-1172395.080,374.380,0.084
-443849.310,-1172392.750,374.250,0.009
-443849.280,-1172392.080,374.220,0.015
-443848.320,-1172393.420,374.250,0.016
-443835.640,-1172425.710,373.830,0.014
-443835.870,-1172425.110,373.850,0.016
-443840.860,-1172412.400,374.100,0.020
-443842.620,-1172407.920,374.080,0.049
-443849.250,-1172389.950,374.260,0.082
-443836.070,-1172423.480,374.760,0.071
-443838.530,-1172417.220,374.180,0.073
-443839.790,-1172414.000,374.800,0.012
-443835.980,-1172422.750,373.840,0.037
-443847.370,-1172394.730,374.200,0.031
-443848.080,-1172392.920,374.240,0.011
-443848.190,-1172392.630,374.290,0.025
-443848.310,-1172392.340,374.310,0.027
-443839.480,-1172413.850,374.160,0.038
-443849.140,-1172388.510,374.230,0.021
-443838.190,-1172416.400,374.160,0.052
-443838.310,-1172416.090,374.140,0.019
-443839.830,-1172412.220,374.120,0.041
-443848.110,-1172391.880,374.210,0.028
-443848.220,-1172391.580,374.320,0.029
-443848.340,-1172391.280,374.270,0.033
-443847.990,-1172391.450,374.240,0.013
-443848.100,-1172391.160,374.240,0.023
-443848.210,-1172390.890,374.310,0.038
-443849.030,-1172388.810,374.230,0.033
-443851.230,-1172382.200,371.460,0.019
-443848.130,-1172389.150,374.260,0.022
-443835.200,-1172422.050,373.860,0.047
-443836.370,-1172419.050,377.530,0.031
-443848.060,-1172390.240,374.240,0.027
-443848.180,-1172389.930,374.320,0.027
-443849.010,-1172387.840,374.240,0.008
-443849.130,-1172387.530,374.240,0.018
-443850.820,-1172382.350,371.360,0.061
-443841.040,-1172407.200,374.810,0.055
-443840.770,-1172407.070,374.080,0.021
-443840.520,-1172406.840,374.030,0.026
-443851.160,-1172380.660,371.400,0.007
-443851.270,-1172380.370,371.410,0.005
-443843.430,-1172400.280,374.160,0.076
-443836.130,-1172416.830,374.710,0.044
-443848.820,-1172383.460,374.240,0.011
-443848.930,-1172383.180,374.250,0.007
-443835.650,-1172416.970,374.670,0.031
-443837.390,-1172411.550,374.120,0.096
-443838.900,-1172407.710,374.090,0.020
-443834.940,-1172417.800,373.800,0.061
-443835.990,-1172415.120,374.710,0.021
-443835.760,-1172414.790,373.830,0.026
-443835.980,-1172414.210,374.710,0.027
-443835.520,-1172415.400,373.830,0.012
-443835.640,-1172415.080,373.820,0.032
-443835.510,-1172414.240,373.840,0.025
-443835.630,-1172413.940,373.830,0.028
-443842.510,-1172397.610,374.260,0.015
-443834.830,-1172415.040,373.820,0.014
-443846.590,-1172386.040,374.260,0.024
-443846.700,-1172385.750,374.280,0.037
-443849.260,-1172379.250,374.710,0.079
-443849.370,-1172378.970,374.690,0.080
-443833.650,-1172418.930,377.470,0.023
-443834.700,-1172416.310,373.760,0.004
-443835.630,-1172412.980,374.670,0.020
-443835.870,-1172412.380,374.730,0.046
-443839.130,-1172404.080,374.090,0.008
-443834.580,-1172414.900,373.760,0.013
-443834.700,-1172414.600,373.850,0.032
-443835.620,-1172412.270,373.860,0.017
-443846.700,-1172384.810,374.360,0.016
-443848.910,-1172379.200,374.270,0.014
-443850.890,-1172374.170,373.920,0.090
-443843.180,-1172393.000,374.270,0.018
-443846.330,-1172384.970,374.320,0.015
-443846.440,-1172384.690,374.310,0.011
-443848.830,-1172378.020,374.220,0.025
-443835.910,-1172410.900,374.710,0.045
-443846.140,-1172384.850,374.250,0.016
-443846.270,-1172384.540,374.310,0.020
-443847.720,-1172379.800,374.230,0.004
-443848.870,-1172376.860,374.230,0.035
-443834.670,-1172413.010,373.770,0.010
-443834.800,-1172412.690,373.800,0.013
-443835.730,-1172410.300,374.710,0.051
-443848.620,-1172376.540,374.230,0.010
-443848.730,-1172376.250,374.250,0.027
-443848.850,-1172375.940,374.280,0.033
-443830.830,-1172420.680,377.670,0.019
-443831.290,-1172419.510,377.730,0.018
-443848.630,-1172375.410,374.230,0.010
-443848.740,-1172375.110,374.260,0.016
-443834.420,-1172411.570,373.650,0.043
-443834.540,-1172411.280,373.710,0.048
-443834.880,-1172410.400,373.810,0.016
-443835.570,-1172408.650,374.700,0.039
-443835.690,-1172408.320,374.710,0.042
-443850.360,-1172370.230,373.370,0.045
-443834.720,-1172410.010,373.770,0.011
-443830.670,-1172420.290,377.620,0.016
-443848.730,-1172373.150,374.280,0.038
-443834.520,-1172409.320,373.750,0.011
-443834.760,-1172408.710,373.770,0.022
-443835.460,-1172406.920,374.690,0.011
-443835.570,-1172406.640,374.700,0.027
-443835.700,-1172406.320,374.730,0.025
-443829.980,-1172420.080,377.580,0.027
-443829.130,-1172421.360,377.590,0.084
-443848.590,-1172372.750,374.260,0.006
-443834.620,-1172408.310,373.810,0.013
-443848.560,-1172371.930,374.280,0.008
-443834.590,-1172407.510,373.870,0.016
-443835.620,-1172404.860,374.670,0.066
-443834.720,-1172406.510,373.840,0.006
-443835.420,-1172404.730,373.800,0.037
-443835.550,-1172404.400,374.650,0.063
-443835.780,-1172403.800,374.700,0.046
-443840.300,-1172392.960,374.290,0.016
-443843.300,-1172385.300,374.700,0.019
-443840.090,-1172392.850,374.280,0.006
-443848.590,-1172371.220,374.280,0.045
-443829.350,-1172418.840,377.580,0.061
-443834.800,-1172404.990,373.870,0.014
-443835.260,-1172403.830,374.650,0.041
-443835.260,-1172403.840,373.850,0.016
-443834.450,-1172404.870,373.870,0.032
-443834.560,-1172404.570,373.860,0.034
-443835.040,-1172403.360,373.880,0.012
-443847.360,-1172372.000,374.240,0.018
-443834.710,-1172403.030,373.820,0.022
-443834.820,-1172402.760,373.860,0.027
-443834.930,-1172402.460,373.830,0.042
-443835.050,-1172402.170,373.760,0.035
-443835.280,-1172401.570,374.680,0.025
-443846.100,-1172374.010,374.200,0.036
-443834.510,-1172402.740,373.860,0.020
-443835.090,-1172401.260,373.830,0.042
-443835.440,-1172400.340,374.690,0.074
-443835.030,-1172400.200,373.900,0.014
-443835.210,-1172398.900,374.720,0.032
-443835.440,-1172398.300,374.740,0.042
-443842.760,-1172378.730,374.240,0.049
-443842.880,-1172378.430,374.660,0.021
-443843.000,-1172378.130,374.660,0.033
-443834.500,-1172399.770,373.880,0.006
-443835.090,-1172396.380,373.870,0.064
-443835.180,-1172394.150,374.730,0.032
-443834.940,-1172393.990,374.680,0.022
-443835.070,-1172393.670,374.710,0.018
-443838.310,-1172385.390,377.570,0.077
-443834.010,-1172395.310,362.370,0.011
-443834.880,-1172392.170,374.710,0.059
-443835.000,-1172391.870,373.860,0.032
-443838.600,-1172381.830,377.530,0.031
-443840.010,-1172378.290,374.240,0.066
-443840.250,-1172377.680,374.710,0.035
-443833.850,-1172394.090,362.370,0.034
-443834.770,-1172391.610,374.720,0.005
-443835.000,-1172391.020,374.740,0.024
-443835.120,-1172390.730,374.770,0.079
-443839.910,-1172378.040,374.250,0.044
-443834.780,-1172390.040,374.770,0.011
-443835.130,-1172389.140,374.780,0.031
-443834.860,-1172388.970,374.760,0.051
-443834.860,-1172388.980,373.900,0.013
-443834.750,-1172389.260,374.770,0.026
-443837.020,-1172379.880,374.290,0.034
-443837.590,-1172378.390,377.580,0.030
-443834.030,-1172388.290,370.840,0.010
-443833.770,-1172388.210,370.820,0.010
-443834.030,-1172387.630,363.240,0.058
-443836.910,-1172378.710,374.300,0.039
-443840.370,-1172370.500,374.710,0.054
-443834.440,-1172383.760,377.590,0.016
-443834.450,-1172384.930,377.630,0.034
-443840.840,-1172365.520,370.410,0.085
-443840.950,-1172365.250,370.400,0.064
-443834.260,-1172383.350,377.600,0.022
-443834.150,-1172382.470,377.610,0.047
-443833.700,-1172381.690,356.750,0.002
-443834.680,-1172378.990,373.900,0.035
-443833.290,-1172380.510,356.720,0.002
-443834.390,-1172377.490,374.710,0.045
-443834.500,-1172377.210,374.730,0.063
-443833.490,-1172381.320,356.660,0.002
-443833.610,-1172381.010,356.680,0.002
-443833.720,-1172380.720,356.710,0.002
-443833.880,-1172380.110,373.890,0.045
-443839.160,-1172366.700,371.110,0.038
-443839.400,-1172366.110,371.140,0.026
-443839.510,-1172365.810,371.130,0.039
-443838.670,-1172364.370,370.690,0.020
-443838.780,-1172364.090,370.680,0.021
-443838.940,-1172365.240,370.720,0.056
-443839.410,-1172364.040,371.120,0.020
-443838.740,-1172363.320,370.670,0.021
-443838.860,-1172363.030,370.670,0.025
-443839.480,-1172362.310,371.130,0.014
-443838.590,-1172362.440,370.640,0.014
-443833.160,-1172376.390,359.620,0.016
-443834.280,-1172374.640,373.850,0.024
-443834.390,-1172374.360,373.840,0.018
-443838.760,-1172361.350,370.650,0.011
-443839.220,-1172360.170,371.110,0.018
-443839.340,-1172359.870,371.140,0.022
-443833.490,-1172374.720,373.840,0.019
-443834.420,-1172372.370,374.750,0.050
-443834.420,-1172372.360,373.850,0.027
-443834.260,-1172373.420,373.860,0.017
-443838.660,-1172360.230,370.710,0.019
-443839.120,-1172359.050,371.130,0.019
-443839.230,-1172358.760,371.140,0.019
-443834.310,-1172371.270,373.850,0.030
-443834.430,-1172370.970,373.810,0.071
-443838.420,-1172359.100,370.680,0.014
-443838.530,-1172358.810,370.690,0.019
-443839.210,-1172357.070,371.110,0.018
-443838.330,-1172358.780,370.670,0.018
-443838.450,-1172358.490,370.680,0.012
-443838.490,-1172356.120,370.680,0.027
-443838.610,-1172355.820,370.700,0.054
-443838.690,-1172356.490,370.720,0.035
-443839.030,-1172355.620,371.110,0.027
-443839.160,-1172355.300,371.120,0.011
-443828.050,-1172383.530,377.640,0.014
-443838.370,-1172355.250,370.680,0.013
-443839.050,-1172353.510,371.120,0.015
-443827.610,-1172382.580,377.610,0.004
-443839.090,-1172351.500,371.120,0.029
-443838.490,-1172354.330,370.690,0.019
-443838.390,-1172353.280,370.700,0.024
-443838.250,-1172351.830,370.680,0.010
-443838.950,-1172350.060,371.110,0.036
-443838.990,-1172351.070,371.120,0.040
-443838.870,-1172348.150,371.140,0.032
-443837.110,-1172354.060,370.630,0.008
-443838.370,-1172350.840,370.680,0.015
-443838.950,-1172349.360,371.100,0.019
-443835.380,-1172356.280,370.590,0.007
-443838.300,-1172348.860,370.700,0.009
-443838.420,-1172348.550,370.700,0.024
-443838.380,-1172346.910,370.680,0.020
-443831.160,-1172361.240,370.830,0.045
-443831.250,-1172361.580,370.870,0.032
-443833.210,-1172356.560,373.240,0.031
-443838.160,-1172343.400,370.660,0.031
-443838.210,-1172341.070,370.690,0.027
-443838.240,-1172341.830,370.700,0.020
-443838.700,-1172340.640,371.130,0.033
-443839.290,-1172339.140,370.410,0.017
-443830.530,-1172361.450,370.630,0.018
-443838.100,-1172340.190,370.680,0.016
-443838.740,-1172336.660,371.140,0.041
-443838.050,-1172339.670,370.670,0.011
-443838.170,-1172339.360,370.700,0.035
-443838.050,-1172337.780,370.650,0.032
-443836.530,-1172340.770,370.600,0.013
-443838.060,-1172336.850,370.660,0.011
-443838.520,-1172335.680,371.130,0.031
-443837.980,-1172336.580,370.670,0.014
-443838.550,-1172335.140,371.090,0.078
-443829.090,-1172358.010,370.650,0.012
-443829.190,-1172357.740,370.660,0.013
-443829.310,-1172357.430,370.650,0.010
-443834.710,-1172342.800,370.550,0.011
-443834.950,-1172342.190,370.540,0.009
-443836.000,-1172339.510,370.560,0.006
-443837.630,-1172335.370,370.650,0.010
-443826.770,-1172362.080,362.600,0.027
-443830.400,-1172353.800,370.640,0.028
-443826.520,-1172361.950,368.160,0.012
-443826.640,-1172361.650,368.160,0.007
-443826.680,-1172361.620,362.600,0.025
-443826.700,-1172361.600,359.800,0.014
-443826.800,-1172361.320,362.590,0.019
-443826.320,-1172361.390,359.750,0.008
-443826.190,-1172357.810,367.550,0.056
-443720.760,-1172294.390,358.200,0.059
-443728.580,-1172295.840,357.700,0.097
-443721.440,-1172320.440,359.810,0.065
-443739.300,-1172296.860,359.660,0.076
-443752.550,-1172294.140,358.470,0.072
-443744.080,-1172318.150,361.550,0.068
-443757.890,-1172293.650,359.120,0.008
-443758.120,-1172293.050,359.110,0.012
-443760.720,-1172291.110,359.090,0.020
-443760.950,-1172292.430,359.150,0.025
-443761.310,-1172291.540,359.260,0.014
-443761.420,-1172291.250,359.310,0.045
-443761.120,-1172292.760,359.200,0.043
-443761.240,-1172292.460,359.260,0.070
-443761.360,-1172292.160,359.260,0.053
-443761.010,-1172294.020,359.160,0.021
-443761.250,-1172293.430,359.230,0.023
-443761.490,-1172292.830,359.260,0.052
-443761.270,-1172294.530,359.220,0.036
-443761.740,-1172294.520,359.240,0.046
-443772.270,-1172291.880,358.700,0.009
-443774.710,-1172292.140,358.750,0.090
-443774.840,-1172290.660,359.150,0.010
-443774.440,-1172290.730,358.650,0.006
-443774.840,-1172292.530,358.800,0.060
-443775.070,-1172291.940,359.150,0.024
-443775.110,-1172317.600,357.330,0.023
-443784.140,-1172313.930,361.850,0.024
-443789.490,-1172315.450,361.560,0.020
-443808.160,-1172307.910,357.750,0.041
-443811.050,-1172311.110,359.140,0.025
-443812.530,-1172309.090,358.790,0.080
-443825.540,-1172333.280,371.080,0.010
-443825.650,-1172333.090,362.550,0.013
-443825.660,-1172332.960,371.110,0.008
-443825.520,-1172332.520,368.140,0.022
-443825.640,-1172332.220,368.180,0.023
-443825.760,-1172332.020,359.790,0.019
-443825.540,-1172334.330,371.090,0.021
-443825.820,-1172333.750,359.820,0.040
-443825.930,-1172333.470,359.790,0.019
-443825.940,-1172333.360,368.190,0.029
-443826.050,-1172333.160,359.760,0.012
-443838.380,-1172331.710,371.110,0.019
-443838.560,-1172332.990,371.120,0.028
-443838.520,-1172333.980,371.090,0.033
-443837.920,-1172332.870,370.660,0.060
-443701.590,-1172295.490,358.610,0.096
-443701.720,-1172296.410,358.220,0.023
-443712.350,-1172294.100,357.330,0.085
-443704.460,-1172327.380,360.740,0.032
-443704.730,-1172328.290,360.760,0.009
-443704.620,-1172327.970,360.730,0.027
-443704.740,-1172330.150,360.750,0.034
-443705.950,-1172327.160,360.800,0.016
-443704.790,-1172329.160,360.730,0.010
-443704.970,-1172330.590,360.720,0.025
-443705.080,-1172330.300,360.750,0.014
-443705.150,-1172332.140,360.750,0.022
-443705.390,-1172331.540,360.750,0.021
-443705.500,-1172331.260,360.790,0.015
-443706.360,-1172329.150,360.800,0.021
-443706.480,-1172328.840,360.840,0.018
-443706.950,-1172327.670,360.820,0.025
-443707.070,-1172327.380,360.860,0.034
-443707.300,-1172326.790,360.870,0.005
-443705.010,-1172331.250,360.750,0.063
-443706.210,-1172328.290,360.820,0.012
-443706.100,-1172330.710,360.820,0.019
-443705.310,-1172333.620,360.760,0.013
-443705.430,-1172333.330,360.760,0.012
-443706.150,-1172331.540,360.800,0.017
-443706.370,-1172330.970,360.810,0.030
-443707.000,-1172329.420,360.840,0.059
-443707.230,-1172328.860,360.870,0.026
-443707.340,-1172328.570,360.850,0.008
-443707.470,-1172328.250,360.870,0.009
-443708.190,-1172326.460,360.930,0.015
-443708.200,-1172328.050,360.890,0.020
-443708.440,-1172327.450,360.940,0.023
-443708.570,-1172327.130,360.980,0.027
-443708.690,-1172326.820,360.980,0.020
-443705.280,-1172334.300,360.790,0.031
-443707.310,-1172329.250,360.880,0.088
-443707.800,-1172328.030,360.900,0.019
-443706.650,-1172332.810,360.840,0.032
-443709.040,-1172326.880,360.980,0.027
-443709.170,-1172326.570,361.010,0.027
-443709.650,-1172325.370,360.650,0.027
-443711.110,-1172321.740,362.170,0.076
-443707.240,-1172330.430,360.890,0.021
-443707.350,-1172330.150,360.870,0.020
-443707.480,-1172329.850,360.890,0.019
-443705.490,-1172336.730,360.710,0.022
-443706.580,-1172334.030,360.830,0.016
-443710.050,-1172325.400,360.690,0.062
-443705.440,-1172335.810,360.750,0.023
-443705.810,-1172334.890,360.770,0.015
-443706.410,-1172333.420,360.770,0.005
-443706.530,-1172333.130,360.800,0.019
-443707.750,-1172331.860,360.920,0.031
-443708.230,-1172330.670,360.880,0.050
-443709.430,-1172327.690,361.000,0.023
-443709.540,-1172327.400,361.020,0.015
-443706.100,-1172337.210,360.800,0.033
-443706.340,-1172336.610,360.800,0.020
-443706.940,-1172336.060,360.810,0.026
-443707.900,-1172333.680,360.900,0.014
-443708.140,-1172333.100,360.910,0.033
-443708.970,-1172331.020,360.970,0.019
-443709.090,-1172330.740,361.010,0.038
-443709.210,-1172330.430,360.990,0.039
-443707.630,-1172335.970,360.880,0.019
-443707.750,-1172335.670,360.910,0.038
-443709.310,-1172331.800,361.010,0.013
-443708.420,-1172335.040,360.900,0.020
-443709.100,-1172334.220,360.940,0.028
-443709.230,-1172333.910,360.990,0.023
-443709.710,-1172332.710,361.050,0.023
-443709.830,-1172332.420,361.040,0.020
-443709.900,-1172335.640,360.990,0.024
-443711.570,-1172331.500,361.010,0.045
-443710.100,-1172336.230,361.020,0.025
-443709.530,-1172336.560,360.980,0.016
-443718.360,-1172319.370,358.700,0.043
-443713.390,-1172330.810,360.850,0.046
-443719.100,-1172319.390,359.090,0.090
-443712.440,-1172337.130,361.090,0.039
-443793.420,-1172403.860,351.560,0.027
-443794.650,-1172416.600,353.460,0.031
-443795.860,-1172416.800,353.680,0.087
-443796.830,-1172416.850,354.310,0.022
-443796.880,-1172417.320,354.310,0.027
-443795.140,-1172419.860,353.620,0.054
-443796.820,-1172418.800,354.310,0.019
-443795.820,-1172419.650,353.880,0.026
-443795.830,-1172421.090,353.870,0.028
-443820.370,-1172433.530,351.580,0.054
-443826.950,-1172435.440,351.570,0.008
-443851.870,-1172415.420,349.590,0.070
-443852.520,-1172415.920,349.630,0.087
-443827.010,-1172438.500,351.590,0.053
-443827.170,-1172440.480,351.560,0.059
-443851.990,-1172430.430,354.130,0.095
-443794.320,-1172415.400,353.580,0.053
-443795.200,-1172413.330,353.790,0.027
-443797.230,-1172409.260,351.930,0.004
-443796.970,-1172409.480,351.890,0.009
-443796.720,-1172409.690,351.880,0.016
-443796.470,-1172409.910,351.850,0.014
-443797.100,-1172409.740,351.940,0.011
-443796.870,-1172409.940,351.910,0.016
-443796.110,-1172408.860,351.840,0.016
-443795.910,-1172409.030,351.800,0.018
-443795.670,-1172409.230,351.750,0.015
-443795.420,-1172409.450,351.740,0.019
-443796.180,-1172409.200,351.850,0.012
-443795.930,-1172409.420,351.810,0.014
-443795.690,-1172409.620,351.740,0.018
-443796.610,-1172409.270,351.870,0.016
-443796.660,-1172407.560,351.960,0.018
-443796.150,-1172407.990,351.860,0.012
-443795.920,-1172408.180,351.810,0.011
-443795.170,-1172408.820,351.720,0.018
-443794.940,-1172409.010,351.670,0.021
-443794.690,-1172409.230,351.630,0.011
-443801.130,-1172404.270,348.170,0.026
-443797.260,-1172407.560,351.960,0.012
-443796.780,-1172407.960,351.890,0.010
-443796.290,-1172408.370,351.830,0.013
-443796.050,-1172408.580,351.810,0.012
-443795.810,-1172408.780,351.780,0.016
-443795.070,-1172409.410,351.920,0.065
-443794.810,-1172409.630,351.640,0.015
-443794.570,-1172409.830,351.640,0.015
-443794.330,-1172410.040,351.590,0.010
-443801.010,-1172404.710,348.120,0.025
-443797.120,-1172408.010,351.950,0.009
-443796.870,-1172408.220,351.920,0.023
-443796.350,-1172405.790,351.900,0.014
-443796.130,-1172405.990,351.850,0.011
-443795.860,-1172406.210,351.820,0.012
-443795.610,-1172406.430,351.790,0.017
-443795.120,-1172406.840,351.720,0.021
-443794.140,-1172407.670,351.580,0.023
-443793.890,-1172407.880,351.580,0.032
-443797.000,-1172405.840,351.950,0.010
-443796.740,-1172406.050,351.920,0.010
-443796.500,-1172406.260,351.870,0.012
-443796.260,-1172406.460,351.860,0.007
-443795.780,-1172406.870,351.820,0.013
-443795.520,-1172407.090,351.770,0.015
-443795.270,-1172407.300,351.740,0.011
-443795.040,-1172407.500,351.690,0.026
-443794.780,-1172407.720,351.670,0.021
-443794.530,-1172407.930,351.610,0.021
-443794.280,-1172408.140,351.610,0.018
-443794.030,-1172408.350,351.560,0.016
-443793.780,-1172408.570,351.500,0.021
-443796.950,-1172406.330,351.960,0.017
-443796.460,-1172406.740,351.910,0.015
-443795.690,-1172407.390,351.830,0.012
-443795.450,-1172407.600,351.750,0.015
-443794.960,-1172408.020,351.710,0.013
-443794.730,-1172408.210,351.640,0.019
-443794.470,-1172408.430,351.640,0.016
-443794.210,-1172408.650,351.600,0.012
-443793.970,-1172408.850,351.540,0.009
-443796.710,-1172407.030,351.930,0.012
-443796.460,-1172407.250,351.890,0.018
-443796.210,-1172407.460,351.810,0.034
-443795.980,-1172407.650,351.850,0.030
-443795.720,-1172407.870,351.790,0.016
-443795.470,-1172408.090,351.750,0.011
-443795.220,-1172408.300,351.740,0.007
-443794.970,-1172408.510,351.680,0.006
-443794.470,-1172408.940,351.590,0.010
-443793.530,-1172404.220,351.550,0.014
-443794.750,-1172403.710,351.680,0.006
-443794.240,-1172404.140,351.640,0.029
-443794.000,-1172404.340,351.590,0.011
-443793.750,-1172404.560,351.590,0.022
-443793.510,-1172404.760,351.540,0.007
-443793.960,-1172404.740,351.580,0.021
-443794.950,-1172403.890,351.740,0.008
-443794.210,-1172404.520,351.640,0.013
-443795.510,-1172403.860,351.800,0.049
-443795.270,-1172404.070,351.780,0.034
-443794.500,-1172404.720,351.690,0.015
-443794.260,-1172404.920,351.640,0.013
-443794.020,-1172405.120,351.600,0.018
-443793.790,-1172405.320,351.550,0.013
-443793.530,-1172405.550,351.530,0.012
-443795.730,-1172404.170,351.850,0.011
-443795.480,-1172404.390,351.800,0.017
-443795.210,-1172404.620,351.770,0.024
-443794.980,-1172404.810,351.710,0.028
-443794.230,-1172405.450,351.640,0.008
-443793.980,-1172405.660,351.610,0.008
-443793.730,-1172405.870,351.560,0.014
-443796.640,-1172404.070,351.900,0.006
-443796.410,-1172404.270,351.900,0.015
-443795.670,-1172404.890,351.800,0.012
-443795.420,-1172405.110,351.750,0.017
-443794.930,-1172405.520,351.690,0.027
-443794.430,-1172405.940,351.630,0.018
-443793.940,-1172406.360,351.570,0.021
-443796.510,-1172404.650,351.900,0.010
-443796.260,-1172404.870,351.880,0.007
-443796.040,-1172405.050,351.840,0.022
-443795.540,-1172405.470,351.780,0.020
-443795.060,-1172405.880,351.700,0.012
-443794.330,-1172406.500,351.650,0.028
-443794.090,-1172406.700,351.540,0.030
-443793.830,-1172406.930,351.570,0.011
-443796.250,-1172405.380,351.860,0.010
-443796.000,-1172405.590,351.820,0.006
-443795.040,-1172406.410,351.720,0.008
-443794.550,-1172406.820,351.640,0.027
-443794.300,-1172407.040,351.610,0.020
-443794.060,-1172407.240,351.590,0.013
-443732.900,-1172410.860,349.090,0.011
-443732.980,-1172411.300,349.040,0.014
-443743.230,-1172408.630,350.480,0.016
-443748.960,-1172409.770,350.490,0.027
-443789.480,-1172404.460,351.010,0.010
-443789.870,-1172404.560,351.120,0.013
-443789.630,-1172404.760,351.080,0.007
-443790.250,-1172404.660,351.160,0.010
-443790.010,-1172404.860,351.140,0.005
-443789.770,-1172405.070,351.120,0.008
-443791.600,-1172404.000,351.320,0.006
-443791.100,-1172404.430,351.290,0.017
-443790.850,-1172404.640,351.210,0.014
-443790.110,-1172405.260,351.150,0.008
-443789.870,-1172405.470,351.120,0.011
-443792.350,-1172403.920,351.420,0.023
-443791.620,-1172404.540,351.330,0.025
-443791.360,-1172404.760,351.310,0.021
-443791.130,-1172404.950,351.270,0.016
-443790.360,-1172405.610,351.180,0.015
-443789.870,-1172406.020,351.110,0.014
-443792.340,-1172404.330,351.420,0.021
-443790.090,-1172406.230,351.110,0.022
-443793.170,-1172404.080,351.520,0.028
-443791.680,-1172405.340,351.330,0.018
-443790.190,-1172406.600,351.130,0.016
-443789.950,-1172406.810,351.110,0.010
-443792.180,-1172418.150,349.970,0.012
-443794.190,-1172417.390,353.350,0.024
-443791.900,-1172419.330,350.010,0.008
-443792.370,-1172424.870,347.640,0.050
-443793.790,-1172412.180,353.280,0.015
-443792.700,-1172412.580,352.970,0.048
-443792.450,-1172412.790,353.000,0.078
-443793.740,-1172409.550,351.490,0.012
-443793.000,-1172410.180,351.430,0.017
-443793.730,-1172409.060,351.530,0.007
-443793.470,-1172409.280,351.460,0.021
-443792.030,-1172410.490,352.740,0.041
-443793.530,-1172408.770,351.460,0.014
-443793.290,-1172408.980,351.430,0.023
-443792.330,-1172409.800,351.330,0.010
-443792.070,-1172410.010,351.320,0.015
-443791.830,-1172410.210,351.260,0.008
-443791.590,-1172410.420,351.240,0.014
-443791.110,-1172410.830,351.200,0.012
-443777.410,-1172422.440,354.090,0.044
-443792.430,-1172409.120,351.350,0.009
-443792.190,-1172409.320,351.310,0.010
-443790.940,-1172410.380,351.180,0.008
-443790.440,-1172410.800,351.130,0.012
-443793.070,-1172408.080,351.450,0.013
-443791.330,-1172409.560,351.240,0.026
-443791.070,-1172409.780,351.200,0.028
-443790.830,-1172409.970,351.190,0.020
-443790.600,-1172410.170,351.140,0.024
-443793.570,-1172407.140,351.530,0.009
-443793.340,-1172407.340,351.500,0.007
-443793.100,-1172407.540,351.470,0.004
-443792.830,-1172407.770,351.440,0.019
-443792.080,-1172408.400,351.330,0.009
-443791.590,-1172408.820,351.250,0.009
-443791.700,-1172408.260,351.280,0.019
-443791.470,-1172408.450,351.240,0.016
-443790.950,-1172408.890,351.180,0.010
-443790.450,-1172409.310,351.130,0.008
-443790.200,-1172409.530,351.080,0.011
-443777.270,-1172420.490,346.890,0.052
-443793.430,-1172406.790,351.520,0.007
-443793.180,-1172407.000,351.470,0.007
-443791.950,-1172408.040,351.330,0.012
-443793.470,-1172406.090,351.490,0.022
-443792.240,-1172407.130,351.360,0.010
-443792.020,-1172407.330,351.310,0.024
-443791.500,-1172407.770,351.290,0.019
-443791.250,-1172407.980,351.250,0.023
-443790.750,-1172408.400,351.180,0.015
-443790.510,-1172408.600,351.190,0.019
-443777.080,-1172419.990,354.070,0.017
-443792.530,-1172406.390,351.400,0.015
-443792.040,-1172406.800,351.340,0.012
-443791.280,-1172407.440,351.230,0.018
-443791.050,-1172407.640,351.230,0.017
-443790.080,-1172408.470,351.090,0.012
-443792.720,-1172405.790,351.450,0.017
-443792.470,-1172406.010,351.380,0.022
-443791.760,-1172406.600,351.290,0.011
-443790.280,-1172407.850,351.160,0.010
-443789.780,-1172408.280,350.980,0.011
-443791.310,-1172406.620,351.240,0.036
-443791.070,-1172406.820,351.210,0.008
-443790.320,-1172407.460,351.120,0.012
-443793.250,-1172404.980,351.490,0.007
-443793.020,-1172405.170,351.480,0.015
-443792.780,-1172405.380,351.460,0.022
-443792.040,-1172406.000,351.340,0.012
-443793.280,-1172404.440,351.500,0.020
-443792.050,-1172405.480,351.380,0.010
-443791.570,-1172405.880,351.290,0.013
-443790.840,-1172406.500,351.210,0.007
-443790.580,-1172406.720,351.170,0.012
-443790.320,-1172406.950,351.130,0.008
-443790.070,-1172407.160,351.120,0.009
-443825.670,-1172336.350,351.350,0.031
-443825.860,-1172339.400,349.140,0.018
-443825.630,-1172339.600,349.090,0.007
-443825.850,-1172340.400,349.100,0.005
-443825.830,-1172343.160,348.570,0.037
-443825.820,-1172343.680,348.570,0.019
-443826.010,-1172347.070,348.590,0.039
-443791.530,-1172377.630,351.580,0.033
-443791.290,-1172377.830,351.610,0.042
-443792.100,-1172377.710,351.700,0.018
-443791.850,-1172377.920,351.650,0.016
-443791.600,-1172378.130,351.620,0.018
-443791.350,-1172378.350,351.600,0.015
-443792.940,-1172378.040,351.780,0.010
-443792.460,-1172378.450,351.640,0.014
-443791.710,-1172379.090,351.640,0.016
-443791.470,-1172379.290,351.560,0.023
-443793.010,-1172378.360,351.780,0.007
-443792.760,-1172378.570,351.770,0.009
-443792.270,-1172378.990,351.700,0.018
-443793.830,-1172378.190,351.900,0.017
-443793.350,-1172378.590,351.950,0.030
-443791.620,-1172380.060,351.610,0.007
-443793.980,-1172378.510,351.900,0.008
-443793.740,-1172378.710,351.860,0.017
-443791.790,-1172380.360,351.600,0.013
-443791.540,-1172380.580,351.550,0.005
-443792.680,-1172380.030,351.710,0.009
-443792.460,-1172380.220,351.690,0.016
-443792.220,-1172380.420,351.660,0.020
-443791.720,-1172380.840,351.570,0.013
-443794.400,-1172378.570,351.910,0.019
-443793.910,-1172378.980,351.870,0.009
-443793.660,-1172379.200,351.840,0.020
-443793.460,-1172379.730,351.810,0.026
-443792.970,-1172380.150,351.760,0.010
-443791.740,-1172381.190,351.580,0.016
-443793.970,-1172379.850,351.850,0.014
-443793.730,-1172380.050,351.850,0.010
-443793.230,-1172380.470,351.780,0.012
-443792.990,-1172380.680,351.750,0.023
-443792.240,-1172381.310,351.650,0.012
-443794.550,-1172379.840,351.920,0.031
-443825.440,-1172353.140,347.380,0.013
-443793.450,-1172381.220,351.790,0.026
-443793.200,-1172381.430,351.760,0.017
-443792.950,-1172381.640,351.710,0.012
-443792.700,-1172381.850,351.670,0.009
-443792.440,-1172382.070,351.630,0.013
-443792.190,-1172382.280,351.620,0.021
-443791.970,-1172382.480,351.600,0.019
-443791.730,-1172382.680,351.550,0.016
-443794.400,-1172380.800,351.910,0.034
-443794.170,-1172381.000,352.020,0.047
-443792.930,-1172382.050,351.700,0.010
-443791.930,-1172382.900,351.610,0.020
-443794.480,-1172381.250,351.910,0.041
-443794.240,-1172381.460,351.880,0.024
-443794.000,-1172381.660,351.840,0.022
-443793.530,-1172382.060,351.780,0.024
-443793.020,-1172382.490,351.700,0.013
-443792.790,-1172382.690,351.680,0.022
-443792.270,-1172383.130,351.620,0.019
-443792.050,-1172383.320,351.580,0.020
-443791.800,-1172383.520,351.550,0.014
-443793.660,-1172382.440,351.810,0.021
-443793.180,-1172382.840,351.740,0.009
-443800.150,-1172377.420,348.450,0.023
-443794.770,-1172381.990,351.900,0.010
-443794.510,-1172382.210,351.920,0.014
-443794.250,-1172382.430,351.860,0.014
-443794.010,-1172382.630,351.850,0.013
-443793.770,-1172382.830,351.780,0.016
-443793.520,-1172383.040,351.780,0.009
-443793.270,-1172383.260,351.720,0.013
-443793.030,-1172383.460,351.690,0.015
-443792.320,-1172384.070,351.660,0.017
-443792.070,-1172384.280,351.590,0.024
-443794.190,-1172382.940,351.870,0.005
-443792.930,-1172384.000,351.700,0.024
-443794.860,-1172382.980,351.940,0.016
-443794.600,-1172383.210,351.910,0.019
-443794.110,-1172383.620,351.840,0.007
-443792.890,-1172384.660,351.680,0.007
-443792.630,-1172384.880,351.650,0.011
-443792.380,-1172385.080,351.590,0.011
-443792.140,-1172385.300,351.600,0.009
-443791.880,-1172385.510,351.570,0.012
-443794.910,-1172383.480,351.940,0.013
-443794.660,-1172383.690,351.920,0.017
-443794.400,-1172383.910,351.890,0.023
-443794.140,-1172384.130,351.870,0.020
-443793.900,-1172384.340,351.800,0.021
-443793.640,-1172384.560,351.790,0.016
-443793.400,-1172384.760,351.760,0.015
-443792.680,-1172385.370,351.660,0.026
-443792.420,-1172385.590,351.630,0.020
-443794.910,-1172383.930,351.970,0.019
-443794.650,-1172384.140,351.940,0.021
-443794.400,-1172384.360,351.900,0.029
-443793.670,-1172384.980,351.800,0.015
-443793.430,-1172385.180,351.740,0.015
-443794.550,-1172384.620,351.910,0.022
-443794.330,-1172384.810,351.890,0.027
-443792.840,-1172386.080,351.640,0.027
-443826.320,-1172357.270,349.080,0.090
-443794.370,-1172385.270,351.850,0.016
-443794.130,-1172385.480,351.870,0.022
-443792.900,-1172386.520,351.680,0.016
-443792.660,-1172386.720,351.650,0.014
-443800.970,-1172379.670,348.320,0.013
-443795.170,-1172385.080,351.980,0.016
-443794.920,-1172385.290,351.940,0.015
-443794.190,-1172385.910,351.850,0.018
-443793.940,-1172386.130,351.820,0.014
-443793.700,-1172386.330,351.760,0.013
-443792.980,-1172386.940,351.670,0.010
-443792.490,-1172387.350,351.610,0.027
-443792.260,-1172387.550,351.570,0.016
-443826.290,-1172358.190,349.090,0.003
-443793.920,-1172386.600,351.790,0.010
-443793.690,-1172386.790,351.780,0.013
-443793.440,-1172387.010,351.740,0.022
-443792.480,-1172387.830,351.620,0.016
-443792.220,-1172388.040,351.570,0.013
-443826.380,-1172358.600,349.090,0.011
-443794.690,-1172386.390,352.050,0.038
-443793.700,-1172387.240,351.770,0.015
-443793.430,-1172387.460,351.730,0.015
-443793.180,-1172387.680,351.700,0.016
-443792.190,-1172388.510,351.550,0.014
-443794.170,-1172387.410,351.830,0.017
-443793.940,-1172387.610,351.790,0.014
-443793.700,-1172387.810,351.740,0.010
-443792.190,-1172389.090,351.530,0.015
-443795.260,-1172387.020,351.930,0.015
-443794.770,-1172387.440,351.920,0.021
-443793.520,-1172388.500,351.730,0.023
-443793.040,-1172388.910,351.660,0.017
-443792.790,-1172389.120,351.620,0.017
-443792.300,-1172389.530,351.540,0.012
-443808.480,-1172375.800,348.360,0.039
-443792.710,-1172389.640,351.610,0.020
-443792.480,-1172389.840,351.530,0.016
-443792.240,-1172390.030,351.560,0.015
-443794.970,-1172387.720,351.900,0.020
-443794.440,-1172388.170,351.840,0.011
-443794.220,-1172388.360,351.830,0.015
-443793.990,-1172388.550,351.780,0.017
-443793.720,-1172388.780,351.750,0.021
-443793.460,-1172389.000,351.700,0.018
-443793.230,-1172389.200,351.690,0.014
-443792.540,-1172390.120,351.600,0.015
-443792.290,-1172390.340,351.540,0.017
-443795.340,-1172388.180,351.950,0.028
-443795.120,-1172388.370,351.930,0.027
-443794.860,-1172388.590,351.900,0.017
-443794.610,-1172388.800,351.850,0.015
-443794.380,-1172389.000,351.830,0.011
-443794.150,-1172389.190,351.780,0.013
-443793.640,-1172389.620,351.750,0.027
-443792.920,-1172390.240,351.640,0.013
-443792.430,-1172390.650,351.570,0.009
-443794.910,-1172388.950,351.890,0.022
-443794.430,-1172389.360,351.850,0.018
-443794.170,-1172389.580,351.810,0.015
-443793.210,-1172390.380,351.650,0.024
-443792.970,-1172390.600,351.620,0.017
-443792.480,-1172391.010,351.560,0.009
-443795.110,-1172389.210,351.930,0.022
-443794.860,-1172389.420,351.870,0.017
-443794.610,-1172389.630,351.840,0.016
-443794.360,-1172389.840,351.790,0.020
-443793.850,-1172390.280,351.740,0.009
-443793.620,-1172390.480,351.710,0.009
-443793.120,-1172390.900,351.650,0.013
-443794.990,-1172389.670,351.910,0.008
-443794.510,-1172390.070,351.840,0.017
-443794.010,-1172390.500,351.750,0.016
-443793.760,-1172390.710,351.720,0.024
-443793.510,-1172390.920,351.690,0.032
-443793.000,-1172391.350,351.600,0.015
-443794.720,-1172390.380,351.860,0.018
-443794.230,-1172390.800,351.780,0.025
-443793.740,-1172391.210,351.720,0.027
-443793.240,-1172391.640,351.660,0.016
-443792.750,-1172392.050,351.580,0.037
-443792.500,-1172392.260,351.550,0.024
-443795.510,-1172390.170,351.950,0.013
-443795.250,-1172390.390,351.910,0.012
-443794.760,-1172390.800,351.860,0.024
-443794.520,-1172391.010,351.820,0.010
-443794.270,-1172391.220,351.760,0.014
-443794.010,-1172391.440,351.750,0.048
-443793.510,-1172391.870,351.680,0.016
-443793.260,-1172392.080,351.640,0.019
-443792.540,-1172392.690,351.570,0.021
-443794.440,-1172391.440,351.820,0.016
-443793.920,-1172391.880,351.750,0.014
-443793.700,-1172392.070,351.700,0.020
-443793.190,-1172392.500,351.630,0.013
-443792.940,-1172392.710,351.620,0.041
-443795.410,-1172390.620,351.920,0.013
-443795.610,-1172390.790,351.990,0.009
-443795.370,-1172390.990,351.920,0.013
-443795.140,-1172391.190,351.890,0.012
-443794.160,-1172392.010,351.730,0.012
-443792.690,-1172393.260,351.560,0.031
-443795.340,-1172391.470,351.920,0.012
-443795.100,-1172391.680,351.890,0.007
-443794.840,-1172391.900,351.830,0.016
-443794.610,-1172392.090,351.820,0.021
-443794.120,-1172392.510,351.770,0.010
-443793.890,-1172392.700,351.700,0.007
-443793.400,-1172393.120,351.640,0.017
-443793.160,-1172393.320,351.600,0.027
-443792.680,-1172393.730,351.600,0.041
-443826.530,-1172365.020,351.350,0.010
-443795.380,-1172391.930,351.920,0.019
-443795.130,-1172392.140,351.880,0.018
-443794.870,-1172392.360,351.840,0.013
-443793.650,-1172393.390,351.660,0.008
-443793.410,-1172393.600,351.640,0.009
-443793.180,-1172393.800,351.630,0.015
-443792.930,-1172394.000,351.580,0.019
-443826.360,-1172365.650,347.750,0.053
-443794.310,-1172393.260,351.750,0.016
-443794.040,-1172393.480,351.740,0.021
-443793.300,-1172394.110,351.650,0.014
-443792.820,-1172394.520,351.550,0.035
-443826.490,-1172366.390,347.740,0.030
-443795.530,-1172393.170,351.910,0.013
-443795.290,-1172393.380,351.880,0.014
-443794.280,-1172394.230,351.760,0.008
-443794.030,-1172394.440,351.690,0.009
-443793.780,-1172394.650,351.690,0.013
-443793.530,-1172394.860,351.640,0.012
-443792.820,-1172395.470,351.540,0.009
-443826.740,-1172366.700,347.750,0.046
-443826.500,-1172366.900,347.750,0.045
-443826.240,-1172367.120,347.750,0.044
-443795.480,-1172393.770,351.880,0.007
-443795.240,-1172393.980,351.860,0.007
-443794.990,-1172394.190,351.820,0.016
-443794.260,-1172394.800,351.740,0.015
-443794.010,-1172395.020,351.690,0.018
-443793.750,-1172395.240,351.680,0.006
-443793.500,-1172395.450,351.620,0.006
-443793.250,-1172395.670,351.600,0.014
-443792.990,-1172395.890,351.560,0.019
-443792.750,-1172396.080,351.530,0.029
-443794.980,-1172394.640,351.830,0.013
-443793.730,-1172395.700,351.670,0.008
-443793.490,-1172395.900,351.650,0.013
-443793.260,-1172396.090,351.610,0.014
-443793.010,-1172396.310,351.590,0.022
-443795.010,-1172395.040,351.820,0.009
-443794.770,-1172395.250,351.770,0.011
-443794.530,-1172395.450,351.770,0.010
-443793.540,-1172396.280,351.640,0.015
-443793.310,-1172396.480,351.620,0.012
-443793.050,-1172396.700,351.590,0.010
-443795.930,-1172394.790,351.950,0.008
-443795.670,-1172395.020,351.890,0.014
-443794.430,-1172396.070,351.730,0.025
-443794.200,-1172396.260,351.720,0.019
-443795.810,-1172395.430,351.990,0.025
-443795.310,-1172395.850,351.850,0.016
-443794.050,-1172396.910,351.700,0.010
-443793.820,-1172397.110,351.670,0.007
-443793.090,-1172397.740,351.570,0.021
-443795.880,-1172395.810,351.950,0.012
-443795.610,-1172396.030,351.910,0.019
-443795.380,-1172396.220,351.880,0.030
-443794.900,-1172396.630,351.860,0.023
-443794.160,-1172397.260,351.710,0.007
-443793.890,-1172397.490,351.680,0.009
-443793.650,-1172397.700,351.650,0.025
-443795.250,-1172396.780,351.840,0.013
-443794.990,-1172397.000,351.820,0.016
-443794.270,-1172397.610,351.710,0.013
-443793.520,-1172398.250,351.630,0.014
-443793.260,-1172398.460,351.600,0.011
-443796.280,-1172396.420,351.990,0.014
-443796.030,-1172396.630,351.930,0.010
-443795.530,-1172397.060,351.900,0.014
-443794.280,-1172398.110,351.730,0.017
-443794.030,-1172398.330,351.700,0.016
-443793.780,-1172398.540,351.640,0.010
-443793.310,-1172398.940,351.620,0.013
-443793.060,-1172399.150,351.590,0.013
-443796.280,-1172396.910,351.980,0.015
-443796.060,-1172397.100,351.940,0.022
-443795.570,-1172397.520,351.900,0.016
-443795.330,-1172397.720,351.860,0.019
-443794.580,-1172398.360,351.760,0.012
-443794.350,-1172398.560,351.710,0.033
-443793.840,-1172398.980,351.660,0.017
-443793.580,-1172399.210,351.650,0.011
-443793.340,-1172399.410,351.570,0.010
-443793.080,-1172399.630,351.520,0.016
-443795.910,-1172397.620,351.930,0.015
-443795.680,-1172397.820,351.880,0.016
-443795.440,-1172398.020,351.870,0.012
-443795.170,-1172398.250,351.840,0.016
-443794.710,-1172398.640,351.740,0.021
-443794.450,-1172398.860,351.730,0.031
-443794.210,-1172399.070,351.690,0.018
-443793.460,-1172399.700,351.600,0.022
-443795.960,-1172397.980,351.940,0.015
-443794.500,-1172399.220,351.740,0.015
-443794.260,-1172399.430,351.700,0.012
-443794.010,-1172399.640,351.670,0.019
-443793.770,-1172399.840,351.630,0.018
-443795.890,-1172398.510,351.900,0.011
-443795.650,-1172398.720,351.880,0.022
-443795.380,-1172398.940,351.860,0.015
-443794.400,-1172399.770,351.740,0.012
-443794.140,-1172399.990,351.690,0.011
-443793.910,-1172400.190,351.670,0.010
-443793.670,-1172400.390,351.600,0.015
-443796.380,-1172398.610,351.950,0.025
-443795.660,-1172399.220,351.880,0.007
-443795.400,-1172399.440,351.820,0.012
-443795.160,-1172399.650,351.810,0.011
-443794.900,-1172399.860,351.770,0.023
-443793.670,-1172400.910,351.610,0.008
-443793.410,-1172401.130,351.600,0.011
-443796.280,-1172399.120,351.940,0.018
-443795.790,-1172399.540,351.890,0.014
-443795.520,-1172399.760,351.850,0.006
-443795.060,-1172400.150,351.830,0.019
-443794.820,-1172400.360,351.760,0.012
-443794.300,-1172400.800,351.700,0.013
-443794.070,-1172400.990,351.680,0.012
-443793.550,-1172401.430,351.620,0.021
-443793.300,-1172401.650,351.570,0.016
-443794.930,-1172400.690,351.790,0.014
-443794.430,-1172401.110,351.690,0.008
-443793.560,-1172402.330,351.600,0.007
-443793.330,-1172402.530,351.570,0.008
-443796.550,-1172400.360,351.970,0.021
-443796.070,-1172400.770,351.900,0.017
-443795.580,-1172401.180,351.840,0.010
-443795.080,-1172401.610,351.780,0.018
-443794.850,-1172401.810,351.760,0.018
-443794.100,-1172402.440,351.660,0.025
-443793.860,-1172402.650,351.610,0.017
-443793.610,-1172402.860,351.610,0.008
-443795.760,-1172401.430,351.870,0.012
-443795.290,-1172401.820,351.790,0.019
-443796.600,-1172401.170,351.940,0.020
-443795.590,-1172402.030,351.840,0.018
-443795.360,-1172402.220,351.810,0.016
-443794.860,-1172402.640,351.740,0.020
-443794.630,-1172402.840,351.700,0.015
-443793.660,-1172403.660,351.600,0.020
-443796.750,-1172402.810,351.960,0.027
-443796.250,-1172403.240,351.920,0.010
-443796.010,-1172403.440,351.860,0.009
-443796.440,-1172402.630,351.900,0.011
-443796.220,-1172402.460,351.890,0.018
-443795.750,-1172402.860,351.850,0.029
-443795.240,-1172403.290,351.750,0.011
-443795.000,-1172403.490,351.740,0.010
-443796.230,-1172401.930,351.890,0.024
-443794.490,-1172403.410,351.670,0.020
-443741.410,-1172390.580,349.320,0.036
-443734.720,-1172397.720,350.550,0.055
-443732.740,-1172399.770,350.560,0.074
-443732.580,-1172400.830,349.060,0.011
-443732.510,-1172401.710,349.050,0.004
-443732.510,-1172402.310,349.050,0.014
-443732.740,-1172404.640,349.080,0.010
-443740.930,-1172397.680,350.520,0.014
-443743.150,-1172399.000,350.470,0.015
-443733.100,-1172408.010,350.590,0.060
-443732.790,-1172408.280,349.070,0.035
-443752.720,-1172398.310,350.450,0.016
-443753.790,-1172399.660,350.480,0.017
-443754.020,-1172400.000,350.510,0.012
-443753.770,-1172400.210,350.470,0.009
-443752.290,-1172401.470,350.410,0.010
-443754.080,-1172401.360,350.520,0.016
-443760.180,-1172396.590,349.800,0.032
-443753.930,-1172402.800,350.500,0.008
-443753.930,-1172403.800,350.510,0.017
-443753.810,-1172404.840,350.510,0.005
-443754.150,-1172405.370,350.510,0.008
-443753.910,-1172405.570,350.500,0.011
-443787.400,-1172377.980,351.120,0.033
-443787.710,-1172378.240,351.170,0.038
-443787.470,-1172378.440,351.150,0.030
-443787.830,-1172378.620,351.170,0.014
-443787.840,-1172379.010,351.180,0.022
-443789.380,-1172378.180,351.370,0.010
-443788.890,-1172378.600,351.300,0.013
-443787.640,-1172379.660,351.150,0.010
-443787.160,-1172380.060,350.930,0.019
-443789.310,-1172378.680,351.320,0.017
-443789.070,-1172378.880,351.300,0.010
-443788.810,-1172379.100,351.260,0.013
-443788.560,-1172379.310,351.260,0.015
-443787.570,-1172380.160,351.110,0.007
-443787.320,-1172380.360,351.060,0.012
-443789.950,-1172378.560,351.410,0.018
-443788.430,-1172379.850,351.220,0.011
-443788.200,-1172380.040,351.170,0.019
-443787.700,-1172380.470,351.110,0.006
-443790.560,-1172378.450,351.480,0.009
-443788.580,-1172380.130,351.220,0.020
-443788.080,-1172380.550,351.180,0.017
-443787.590,-1172380.970,351.100,0.024
-443787.350,-1172381.180,351.050,0.012
-443791.110,-1172378.550,351.540,0.022
-443790.400,-1172379.150,351.450,0.019
-443789.670,-1172379.780,351.480,0.039
-443789.410,-1172379.990,351.340,0.054
-443789.190,-1172380.190,351.320,0.030
-443788.200,-1172381.030,351.140,0.018
-443787.940,-1172381.240,351.110,0.019
-443789.220,-1172380.690,351.270,0.019
-443788.990,-1172380.890,351.250,0.009
-443788.750,-1172381.090,351.210,0.009
-443788.260,-1172381.510,351.150,0.010
-443787.750,-1172381.940,351.070,0.012
-443787.510,-1172382.140,351.020,0.010
-443791.170,-1172379.030,351.540,0.019
-443790.190,-1172379.870,351.420,0.013
-443789.960,-1172380.070,351.390,0.013
-443789.710,-1172380.270,351.370,0.015
-443791.230,-1172379.490,351.560,0.016
-443790.970,-1172379.710,351.500,0.019
-443790.710,-1172379.930,351.500,0.021
-443790.240,-1172380.340,351.430,0.028
-443789.990,-1172380.550,351.390,0.010
-443788.780,-1172381.570,351.190,0.007
-443788.540,-1172381.780,351.180,0.013
-443788.290,-1172381.990,351.170,0.019
-443788.040,-1172382.200,351.120,0.009
-443787.800,-1172382.410,351.080,0.005
-443791.030,-1172380.050,351.800,0.073
-443790.790,-1172380.250,351.550,0.026
-443789.530,-1172381.320,351.310,0.007
-443788.550,-1172382.150,351.190,0.017
-443788.290,-1172382.370,351.160,0.008
-443787.810,-1172382.770,351.090,0.014
-443789.390,-1172381.950,351.290,0.007
-443789.140,-1172382.160,351.250,0.023
-443788.390,-1172382.800,351.180,0.021
-443788.140,-1172383.020,351.130,0.010
-443787.890,-1172383.230,351.090,0.014
-443787.660,-1172383.420,351.030,0.015
-443768.710,-1172399.510,349.640,0.024
-443768.880,-1172399.810,349.730,0.056
-443768.810,-1172400.290,349.680,0.026
-443791.300,-1172380.780,351.540,0.010
-443791.060,-1172380.980,351.520,0.016
-443790.810,-1172381.200,351.500,0.015
-443790.550,-1172381.410,351.430,0.013
-443790.300,-1172381.630,351.400,0.010
-443789.800,-1172382.060,351.320,0.004
-443789.560,-1172382.260,351.290,0.015
-443788.820,-1172382.880,351.200,0.007
-443788.570,-1172383.100,351.170,0.008
-443788.330,-1172383.300,351.140,0.005
-443788.080,-1172383.510,351.110,0.012
-443787.830,-1172383.730,351.070,0.010
-443791.490,-1172381.040,351.550,0.012
-443790.500,-1172381.880,351.390,0.011
-443789.760,-1172382.510,351.310,0.026
-443789.250,-1172382.940,351.250,0.039
-443788.990,-1172383.160,351.220,0.026
-443788.750,-1172383.370,351.200,0.007
-443787.790,-1172384.180,351.070,0.027
-443791.510,-1172381.390,351.530,0.016
-443791.270,-1172381.590,351.500,0.019
-443790.780,-1172382.010,351.470,0.025
-443790.530,-1172382.210,351.410,0.015
-443790.280,-1172382.420,351.370,0.026
-443789.790,-1172382.840,351.310,0.031
-443789.300,-1172383.260,351.260,0.024
-443791.510,-1172381.930,351.550,0.016
-443791.250,-1172382.160,351.520,0.016
-443791.010,-1172382.360,351.460,0.007
-443790.300,-1172382.960,351.360,0.012
-443789.810,-1172383.380,351.290,0.016
-443789.080,-1172384.000,351.210,0.014
-443788.830,-1172384.210,351.180,0.016
-443788.570,-1172384.430,351.160,0.016
-443788.100,-1172384.830,351.100,0.014
-443773.560,-1172397.170,350.440,0.026
-443768.830,-1172401.180,349.640,0.032
-443788.400,-1172385.060,351.130,0.017
-443788.160,-1172385.260,351.110,0.011
-443790.330,-1172383.420,351.360,0.009
-443790.100,-1172383.620,351.360,0.011
-443789.850,-1172383.830,351.340,0.015
-443788.890,-1172384.640,351.200,0.016
-443788.650,-1172384.850,351.180,0.017
-443791.210,-1172383.120,351.490,0.014
-443790.980,-1172383.310,351.450,0.014
-443790.740,-1172383.520,351.430,0.012
-443790.470,-1172383.740,351.390,0.011
-443790.220,-1172383.960,351.370,0.012
-443789.480,-1172384.580,351.260,0.019
-443789.240,-1172384.790,351.270,0.023
-443788.040,-1172385.810,351.110,0.018
-443790.700,-1172383.940,351.400,0.013
-443790.450,-1172384.150,351.410,0.028
-443789.460,-1172385.000,351.250,0.014
-443789.200,-1172385.220,351.250,0.022
-443788.970,-1172385.420,351.190,0.020
-443788.710,-1172385.630,351.170,0.022
-443787.740,-1172386.460,350.970,0.015
-443791.560,-1172383.730,351.510,0.027
-443790.790,-1172384.380,351.440,0.028
-443790.520,-1172384.610,351.420,0.015
-443790.290,-1172384.810,351.380,0.016
-443789.830,-1172385.200,351.320,0.015
-443789.560,-1172385.430,351.290,0.015
-443788.820,-1172386.060,351.180,0.019
-443788.310,-1172386.490,351.140,0.019
-443788.080,-1172386.680,351.080,0.014
-443787.820,-1172386.910,350.980,0.009
-443791.710,-1172384.090,351.510,0.028
-443791.450,-1172384.310,351.470,0.023
-443791.210,-1172384.510,351.490,0.016
-443790.470,-1172385.140,351.380,0.009
-443789.470,-1172385.990,351.270,0.018
-443788.740,-1172386.610,351.180,0.009
-443788.490,-1172386.830,351.130,0.010
-443788.250,-1172387.020,351.100,0.008
-443787.990,-1172387.240,351.030,0.007
-443791.110,-1172385.100,351.460,0.025
-443790.840,-1172385.320,351.430,0.022
-443790.590,-1172385.540,351.390,0.026
-443788.840,-1172387.020,351.200,0.015
-443788.600,-1172387.220,351.100,0.012
-443791.230,-1172385.440,351.500,0.019
-443791.000,-1172385.640,351.460,0.033
-443790.270,-1172386.260,351.380,0.020
-443789.520,-1172386.900,351.250,0.012
-443789.030,-1172387.310,351.180,0.012
-443788.790,-1172387.520,351.140,0.012
-443788.290,-1172387.940,351.110,0.024
-443791.630,-1172385.720,351.530,0.012
-443791.400,-1172385.920,351.500,0.017
-443791.150,-1172386.130,351.480,0.017
-443790.900,-1172386.350,351.440,0.014
-443790.660,-1172386.550,351.380,0.015
-443790.430,-1172386.740,351.370,0.025
-443790.190,-1172386.940,351.300,0.026
-443788.960,-1172387.990,351.190,0.012
-443788.710,-1172388.200,351.110,0.014
-443791.430,-1172386.430,351.500,0.027
-443789.970,-1172387.670,351.290,0.020
-443789.710,-1172387.890,351.260,0.022
-443788.750,-1172388.710,351.120,0.017
-443788.500,-1172388.920,351.120,0.011
-443788.260,-1172389.120,351.060,0.016
-443788.010,-1172389.340,350.960,0.010
-443791.930,-1172386.450,351.550,0.034
-443791.190,-1172387.080,351.430,0.024
-443790.700,-1172387.500,351.390,0.013
-443790.450,-1172387.710,351.350,0.018
-443790.200,-1172387.920,351.300,0.021
-443789.460,-1172388.550,351.240,0.016
-443789.220,-1172388.760,351.200,0.012
-443788.990,-1172388.950,351.150,0.013
-443788.500,-1172389.360,351.090,0.013
-443788.250,-1172389.580,351.060,0.015
-443790.610,-1172387.960,351.420,0.018
-443789.110,-1172389.240,351.190,0.016
-443788.630,-1172389.650,351.120,0.019
-443791.920,-1172387.350,351.500,0.035
-443789.700,-1172389.240,351.270,0.014
-443789.430,-1172389.470,351.200,0.017
-443788.690,-1172390.090,351.120,0.011
-443788.430,-1172390.310,351.060,0.016
-443788.190,-1172390.520,351.030,0.020
-443790.250,-1172389.710,351.300,0.010
-443789.530,-1172390.330,351.240,0.015
-443789.030,-1172390.750,351.160,0.014
-443788.770,-1172390.970,351.110,0.014
-443788.510,-1172391.190,351.100,0.014
-443788.280,-1172391.390,351.060,0.012
-443791.750,-1172387.980,351.520,0.030
-443791.020,-1172388.600,351.400,0.022
-443790.770,-1172388.810,351.350,0.008
-443790.270,-1172389.240,351.340,0.019
-443789.760,-1172389.670,351.250,0.013
-443789.510,-1172389.890,351.200,0.011
-443789.270,-1172390.080,351.190,0.016
-443789.030,-1172390.290,351.150,0.018
-443788.790,-1172390.500,351.120,0.016
-443788.540,-1172390.710,351.100,0.018
-443788.290,-1172390.920,351.030,0.016
-443791.960,-1172388.710,351.500,0.018
-443791.000,-1172389.530,351.370,0.016
-443790.020,-1172390.360,351.240,0.010
-443789.770,-1172390.570,351.230,0.013
-443789.520,-1172390.790,351.210,0.014
-443788.780,-1172391.410,351.110,0.014
-443788.530,-1172391.630,351.080,0.013
-443788.280,-1172391.830,350.980,0.010
-443791.500,-1172388.650,351.490,0.021
-443791.260,-1172388.860,351.430,0.017
-443791.010,-1172389.070,351.420,0.011
-443790.780,-1172389.260,351.340,0.019
-443791.960,-1172389.290,351.520,0.011
-443791.700,-1172389.510,351.470,0.011
-443791.460,-1172389.710,351.450,0.015
-443790.980,-1172390.120,351.390,0.016
-443790.720,-1172390.340,351.360,0.023
-443790.480,-1172390.540,351.320,0.018
-443789.270,-1172391.560,351.180,0.017
-443788.520,-1172392.200,351.060,0.009
-443788.280,-1172392.400,351.030,0.006
-443791.780,-1172389.970,351.500,0.015
-443791.290,-1172390.390,351.420,0.018
-443791.040,-1172390.600,351.390,0.017
-443790.540,-1172391.020,351.330,0.006
-443790.310,-1172391.220,351.290,0.009
-443790.070,-1172391.420,351.260,0.018
-443789.830,-1172391.620,351.240,0.028
-443789.600,-1172391.820,351.200,0.037
-443789.340,-1172392.040,351.180,0.023
-443788.870,-1172392.440,351.110,0.008
-443788.610,-1172392.660,351.090,0.010
-443788.370,-1172392.860,351.040,0.008
-443791.770,-1172390.780,351.470,0.006
-443791.290,-1172391.180,351.380,0.008
-443791.040,-1172391.390,351.380,0.008
-443790.800,-1172391.590,351.350,0.028
-443788.800,-1172393.290,351.120,0.021
-443788.570,-1172393.490,351.090,0.017
-443791.740,-1172390.460,351.470,0.006
-443791.500,-1172390.670,351.460,0.015
-443791.250,-1172390.870,351.440,0.012
-443790.740,-1172391.310,351.370,0.031
-443790.500,-1172391.510,351.300,0.029
-443790.250,-1172391.730,351.270,0.011
-443789.750,-1172392.150,351.240,0.020
-443789.510,-1172392.350,351.180,0.013
-443788.790,-1172392.960,351.130,0.014
-443788.550,-1172393.160,351.020,0.010
-443791.920,-1172391.080,351.500,0.009
-443790.920,-1172391.930,351.370,0.010
-443790.430,-1172392.350,351.330,0.014
-443789.710,-1172392.960,351.310,0.025
-443789.200,-1172393.390,351.160,0.018
-443791.440,-1172392.320,351.470,0.015
-443791.170,-1172392.550,351.400,0.011
-443790.940,-1172392.750,351.370,0.009
-443790.700,-1172392.950,351.310,0.009
-443790.180,-1172393.390,351.260,0.015
-443789.440,-1172394.020,351.180,0.022
-443792.230,-1172391.220,351.550,0.020
-443792.000,-1172391.420,351.510,0.022
-443791.480,-1172391.850,351.410,0.018
-443791.250,-1172392.050,351.400,0.011
-443791.010,-1172392.260,351.370,0.014
-443790.750,-1172392.470,351.340,0.021
-443790.250,-1172392.900,351.300,0.014
-443789.500,-1172393.540,351.200,0.013
-443789.260,-1172393.740,351.150,0.016
-443788.760,-1172394.160,351.080,0.021
-443788.510,-1172394.370,351.020,0.015
-443788.830,-1172395.380,351.070,0.006
-443792.030,-1172392.180,351.470,0.025
-443791.310,-1172392.790,351.380,0.014
-443791.070,-1172392.990,351.380,0.010
-443790.820,-1172393.210,351.330,0.006
-443789.080,-1172394.670,351.130,0.012
-443791.790,-1172393.320,351.460,0.041
-443791.540,-1172393.530,351.430,0.029
-443791.290,-1172393.750,351.380,0.020
-443790.050,-1172394.800,351.240,0.017
-443789.810,-1172395.000,351.200,0.008
-443789.090,-1172395.610,351.130,0.009
-443788.840,-1172395.830,351.080,0.009
-443791.750,-1172392.900,351.450,0.014
-443790.790,-1172393.720,351.330,0.012
-443790.050,-1172394.340,351.260,0.013
-443789.810,-1172394.540,351.220,0.008
-443790.950,-1172394.740,351.350,0.020
-443792.180,-1172393.360,351.510,0.028
-443791.710,-1172393.760,351.490,0.027
-443791.470,-1172393.960,351.410,0.026
-443790.970,-1172394.380,351.360,0.024
-443790.730,-1172394.590,351.330,0.016
-443790.460,-1172394.810,351.290,0.012
-443788.980,-1172396.070,351.100,0.011
-443792.210,-1172394.620,351.470,0.016
-443791.710,-1172395.040,351.440,0.008
-443791.460,-1172395.250,351.380,0.016
-443791.200,-1172395.470,351.350,0.029
-443790.220,-1172396.300,351.240,0.007
-443789.960,-1172396.520,351.200,0.006
-443789.460,-1172396.950,351.170,0.012
-443789.210,-1172397.160,351.120,0.013
-443790.670,-1172395.440,351.310,0.024
-443790.400,-1172395.660,351.250,0.017
-443789.950,-1172396.050,351.210,0.018
-443790.310,-1172397.070,351.250,0.011
-443790.070,-1172397.280,351.200,0.013
-443789.570,-1172397.700,351.170,0.017
-443792.580,-1172394.720,351.510,0.028
-443792.330,-1172394.930,351.510,0.007
-443792.100,-1172395.130,351.490,0.007
-443791.360,-1172395.760,351.390,0.012
-443791.130,-1172395.950,351.340,0.014
-443790.870,-1172396.170,351.320,0.012
-443790.630,-1172396.370,351.290,0.008
-443790.140,-1172396.790,351.230,0.008
-443789.650,-1172397.210,351.180,0.010
-443789.400,-1172397.420,351.150,0.009
-443791.740,-1172397.390,351.410,0.011
-443791.510,-1172397.580,351.370,0.017
-443791.020,-1172398.000,351.370,0.027
-443790.010,-1172398.850,351.210,0.021
-443789.760,-1172399.070,351.180,0.024
-443792.020,-1172396.710,351.460,0.016
-443791.020,-1172397.560,351.330,0.012
-443790.280,-1172398.190,351.240,0.010
-443790.030,-1172398.390,351.220,0.016
-443789.790,-1172398.600,351.210,0.012
-443789.310,-1172399.010,351.120,0.007
-443792.070,-1172396.110,351.490,0.012
-443791.810,-1172396.330,351.440,0.024
-443791.550,-1172396.550,351.400,0.034
-443791.070,-1172396.950,351.350,0.020
-443790.560,-1172397.380,351.290,0.011
-443790.340,-1172397.580,351.250,0.020
-443789.370,-1172398.400,351.120,0.009
-443791.620,-1172398.980,351.410,0.013
-443790.630,-1172399.810,351.260,0.027
-443790.140,-1172400.230,351.220,0.014
-443789.900,-1172400.440,351.170,0.014
-443789.390,-1172400.870,351.110,0.013
-443792.500,-1172397.700,351.520,0.006
-443792.260,-1172397.900,351.480,0.011
-443791.990,-1172398.130,351.460,0.013
-443791.740,-1172398.340,351.400,0.019
-443791.510,-1172398.540,351.390,0.013
-443791.270,-1172398.740,351.370,0.025
-443790.510,-1172399.390,351.250,0.018
-443790.260,-1172399.610,351.230,0.009
-443789.280,-1172400.430,351.190,0.035
-443792.550,-1172397.120,351.510,0.022
-443792.320,-1172397.320,351.470,0.016
-443791.560,-1172397.960,351.410,0.018
-443792.750,-1172396.530,351.520,0.019
-443792.490,-1172396.750,351.500,0.016
-443792.240,-1172396.960,351.500,0.021
-443790.850,-1172401.520,351.260,0.019
-443790.620,-1172401.720,351.240,0.017
-443789.630,-1172402.560,351.110,0.014
-443792.060,-1172400.000,351.450,0.007
-443791.810,-1172400.210,351.370,0.010
-443791.560,-1172400.420,351.400,0.015
-443791.310,-1172400.630,351.320,0.016
-443791.060,-1172400.850,351.300,0.010
-443790.090,-1172401.670,351.200,0.010
-443789.860,-1172401.870,351.170,0.009
-443789.610,-1172402.070,351.120,0.008
-443792.280,-1172399.300,351.470,0.009
-443791.790,-1172399.710,351.410,0.010
-443790.330,-1172400.950,351.230,0.018
-443790.080,-1172401.160,351.210,0.021
-443789.850,-1172401.360,351.150,0.016
-443792.410,-1172398.740,351.500,0.013
-443791.690,-1172399.350,351.380,0.014
-443791.460,-1172399.550,351.370,0.009
-443790.720,-1172400.180,351.260,0.025
-443790.220,-1172400.600,351.210,0.019
-443792.850,-1172397.930,351.580,0.020
-443792.600,-1172398.150,351.530,0.016
-443792.110,-1172398.560,351.450,0.016
-443793.100,-1172403.290,351.510,0.009
-443792.840,-1172402.940,351.480,0.013
-443792.950,-1172402.370,351.510,0.013
-443792.200,-1172403.000,351.380,0.014
-443791.950,-1172403.220,351.400,0.012
-443791.460,-1172403.630,351.320,0.008
-443791.220,-1172403.840,351.300,0.012
-443793.070,-1172401.840,351.520,0.019
-443792.320,-1172402.480,351.430,0.011
-443792.080,-1172402.680,351.420,0.015
-443791.360,-1172403.290,351.320,0.013
-443790.860,-1172403.710,351.250,0.023
-443790.630,-1172403.910,351.210,0.012
-443792.460,-1172401.940,351.450,0.023
-443792.200,-1172402.150,351.440,0.017
-443791.480,-1172402.770,351.350,0.015
-443790.730,-1172403.400,351.290,0.016
-443790.480,-1172403.610,351.220,0.014
-443789.990,-1172404.030,351.170,0.010
-443792.700,-1172401.210,351.510,0.010
-443792.450,-1172401.420,351.480,0.009
-443792.210,-1172401.630,351.430,0.011
-443791.970,-1172401.840,351.400,0.014
-443790.990,-1172402.670,351.310,0.014
-443790.720,-1172402.890,351.260,0.010
-443790.470,-1172403.100,351.210,0.013
-443790.230,-1172403.310,351.190,0.013
-443789.970,-1172403.530,351.170,0.011
-443789.710,-1172403.750,351.120,0.015
-443792.530,-1172400.900,351.500,0.018
-443792.290,-1172401.100,351.450,0.024
-443792.060,-1172401.300,351.410,0.017
-443791.540,-1172401.730,351.330,0.019
-443792.970,-1172400.110,351.550,0.020
-443792.730,-1172400.320,351.520,0.015
-443792.460,-1172400.550,351.500,0.015
-443791.710,-1172401.180,351.390,0.011
-443791.480,-1172401.380,351.330,0.015
-443790.730,-1172402.020,351.280,0.017
-443790.490,-1172402.220,351.240,0.019
-443789.990,-1172402.650,351.190,0.015
-443789.720,-1172402.870,351.120,0.012
-443792.840,-1172399.840,351.540,0.013
-443712.480,-1172403.070,352.530,0.035
-443712.410,-1172403.580,352.530,0.021
-443712.070,-1172403.030,352.390,0.019
-443711.820,-1172403.230,352.370,0.019
-443711.990,-1172402.580,352.370,0.020
-443711.490,-1172403.000,352.260,0.050
-443712.050,-1172401.680,352.410,0.015
-443711.540,-1172402.120,352.220,0.019
-443710.570,-1172402.940,352.140,0.040
-443711.700,-1172401.520,352.270,0.026
-443711.450,-1172401.740,352.250,0.017
-443711.190,-1172401.960,352.160,0.008
-443710.950,-1172402.160,352.150,0.020
-443711.130,-1172401.190,352.210,0.021
-443710.880,-1172401.390,352.150,0.028
-443710.630,-1172401.610,352.150,0.010
-443712.090,-1172399.930,352.550,0.032
-443801.240,-1172330.550,351.440,0.012
-443801.040,-1172330.290,351.410,0.011
-443801.340,-1172329.590,351.450,0.012
-443800.550,-1172329.770,351.380,0.009
-443800.070,-1172330.170,351.360,0.013
-443799.850,-1172330.360,351.330,0.010
-443798.880,-1172331.180,351.300,0.021
-443811.670,-1172319.340,351.500,0.087
-443800.360,-1172328.940,351.410,0.017
-443798.900,-1172330.180,351.310,0.025
-443797.890,-1172331.040,351.240,0.014
-443797.010,-1172331.340,351.190,0.009
-443799.220,-1172329.470,351.310,0.012
-443799.760,-1172328.620,351.330,0.011
-443796.830,-1172331.100,351.110,0.015
-443801.160,-1172326.560,351.530,0.097
-443800.890,-1172326.790,351.530,0.032
-443799.410,-1172328.040,351.320,0.020
-443796.490,-1172330.520,351.100,0.035
-443809.240,-1172319.710,351.470,0.055
-443808.580,-1172319.790,351.490,0.066
-443800.220,-1172326.880,351.370,0.017
-443799.260,-1172327.700,351.340,0.015
-443798.530,-1172328.320,351.280,0.008
-443800.880,-1172325.870,351.460,0.011
-443800.610,-1172326.090,351.430,0.015
-443800.150,-1172326.480,351.380,0.022
-443796.690,-1172328.910,351.180,0.018
-443799.380,-1172326.320,351.400,0.037
-443800.550,-1172324.890,351.440,0.013
-443800.790,-1172324.230,351.450,0.043
-443799.800,-1172325.060,351.420,0.015
-443796.620,-1172327.760,351.220,0.011
-443796.380,-1172327.960,351.140,0.007
-443798.100,-1172325.460,351.290,0.009
-443797.120,-1172326.290,351.290,0.033
-443796.620,-1172326.720,351.240,0.022
-443796.150,-1172327.120,351.120,0.019
-443796.360,-1172325.790,351.160,0.005
-443796.120,-1172326.000,351.100,0.007
-443802.570,-1172319.070,350.940,0.021
-443802.950,-1172317.720,351.150,0.007
-443802.230,-1172317.350,350.930,0.007
-443801.740,-1172317.760,350.860,0.004
-443802.310,-1172316.690,350.930,0.009
-443801.650,-1172316.260,350.920,0.003
-443812.380,-1172304.220,352.640,0.058
-443789.690,-1172321.040,351.120,0.006
-443779.150,-1172319.430,351.900,0.086
-443772.320,-1172322.400,352.890,0.098
-443771.430,-1172322.120,352.600,0.028
-443782.240,-1172307.420,353.760,0.054
-443765.420,-1172320.340,355.160,0.023
-443765.160,-1172320.560,355.130,0.016
-443764.920,-1172320.760,355.120,0.008
-443764.670,-1172320.970,355.080,0.010
-443764.420,-1172321.180,355.060,0.028
-443763.920,-1172321.600,355.020,0.022
-443765.320,-1172319.820,355.160,0.022
-443762.880,-1172321.870,354.910,0.028
-443765.420,-1172319.350,355.140,0.019
-443765.170,-1172319.560,355.150,0.006
-443764.690,-1172319.960,355.090,0.008
-443763.240,-1172321.190,354.960,0.018
-443762.990,-1172321.400,354.910,0.017
-443762.740,-1172321.610,354.890,0.020
-443762.250,-1172322.020,354.850,0.017
-443762.010,-1172322.220,354.820,0.033
-443743.340,-1172337.990,353.250,0.039
-443775.720,-1172310.100,351.020,0.007
-443765.110,-1172319.060,355.140,0.013
-443764.870,-1172319.270,355.100,0.004
-443764.640,-1172319.470,355.040,0.005
-443763.400,-1172320.510,354.980,0.020
-443762.410,-1172321.350,354.850,0.016
-443762.160,-1172321.560,354.820,0.019
-443765.200,-1172318.500,355.150,0.021
-443764.940,-1172318.720,355.130,0.006
-443764.680,-1172318.940,355.070,0.009
-443764.460,-1172319.130,355.050,0.011
-443763.700,-1172319.760,354.970,0.017
-443763.460,-1172319.970,354.930,0.020
-443762.710,-1172320.600,354.860,0.023
-443762.480,-1172320.800,354.860,0.011
-443762.240,-1172321.000,354.840,0.030
-443760.990,-1172322.050,354.730,0.033
-443764.300,-1172318.710,355.030,0.014
-443763.780,-1172319.150,354.970,0.022
-443761.830,-1172320.790,354.810,0.015
-443765.220,-1172317.560,355.160,0.022
-443764.960,-1172317.770,355.140,0.009
-443764.720,-1172317.980,355.070,0.005
-443764.490,-1172318.170,355.080,0.004
-443764.260,-1172318.360,355.030,0.010
-443764.850,-1172317.440,355.110,0.006
-443762.020,-1172320.260,354.810,0.013
-443764.360,-1172317.850,355.060,0.006
-443763.600,-1172318.500,354.970,0.014
-443763.360,-1172318.690,354.920,0.011
-443762.620,-1172319.320,354.880,0.007
-443761.180,-1172320.540,354.740,0.008
-443760.950,-1172320.730,354.710,0.007
-443760.200,-1172321.360,354.630,0.007
-443759.710,-1172321.780,354.600,0.015
-443764.810,-1172317.040,355.100,0.006
-443764.540,-1172317.270,355.080,0.004
-443764.300,-1172317.470,355.050,0.007
-443763.810,-1172317.880,355.000,0.011
-443763.570,-1172318.090,354.960,0.017
-443762.360,-1172319.100,354.850,0.030
-443762.120,-1172319.310,354.860,0.020
-443761.870,-1172319.520,354.800,0.013
-443760.170,-1172320.950,354.610,0.011
-443743.210,-1172335.260,353.100,0.039
-443764.930,-1172316.420,355.110,0.006
-443763.000,-1172318.050,354.940,0.026
-443762.760,-1172318.260,354.880,0.015
-443761.530,-1172319.290,354.750,0.024
-443760.280,-1172320.340,354.670,0.026
-443758.810,-1172321.590,354.540,0.025
-443764.990,-1172316.050,355.150,0.035
-443764.030,-1172316.870,355.030,0.036
-443761.790,-1172318.760,354.800,0.013
-443761.540,-1172318.970,354.780,0.023
-443759.330,-1172320.830,354.590,0.015
-443759.070,-1172321.050,354.570,0.018
-443758.820,-1172321.260,354.540,0.023
-443758.090,-1172321.880,354.470,0.011
-443764.920,-1172315.660,355.120,0.004
-443764.420,-1172316.080,355.090,0.007
-443764.170,-1172316.290,355.050,0.007
-443763.920,-1172316.500,355.010,0.031
-443763.200,-1172317.110,354.950,0.036
-443762.950,-1172317.320,354.910,0.014
-443762.170,-1172317.970,354.820,0.008
-443761.710,-1172318.370,354.800,0.014
-443760.720,-1172319.200,354.710,0.026
-443759.740,-1172320.030,354.640,0.009
-443759.480,-1172320.250,354.590,0.019
-443758.270,-1172321.260,354.490,0.012
-443764.600,-1172315.540,355.110,0.005
-443764.350,-1172315.750,355.070,0.005
-443764.100,-1172315.950,355.040,0.006
-443763.850,-1172316.160,355.020,0.010
-443763.590,-1172316.390,354.970,0.009
-443763.340,-1172316.600,354.950,0.034
-443763.100,-1172316.800,354.920,0.033
-443762.380,-1172317.410,354.860,0.028
-443759.670,-1172319.700,354.590,0.009
-443758.690,-1172320.520,354.530,0.009
-443757.230,-1172321.760,354.430,0.014
-443764.720,-1172314.910,355.120,0.006
-443762.510,-1172316.780,354.860,0.019
-443758.850,-1172319.860,354.550,0.013
-443758.610,-1172320.070,354.520,0.009
-443758.360,-1172320.280,354.500,0.017
-443742.880,-1172333.330,353.270,0.072
-443750.880,-1172326.260,351.290,0.006
-443764.850,-1172314.480,355.180,0.012
-443764.610,-1172314.680,355.130,0.007
-443764.110,-1172315.100,355.030,0.011
-443763.870,-1172315.300,355.040,0.007
-443763.120,-1172315.940,354.920,0.011
-443762.880,-1172316.140,354.890,0.007
-443762.370,-1172316.560,354.870,0.047
-443761.900,-1172316.960,354.810,0.015
-443761.650,-1172317.170,354.790,0.020
-443761.410,-1172317.380,354.760,0.014
-443760.440,-1172318.190,354.690,0.015
-443760.220,-1172318.380,354.660,0.016
-443758.980,-1172319.430,354.550,0.014
-443758.740,-1172319.630,354.540,0.018
-443764.230,-1172314.530,355.080,0.005
-443763.970,-1172314.750,355.030,0.005
-443762.990,-1172315.570,354.930,0.010
-443761.790,-1172316.590,354.790,0.011
-443760.580,-1172317.610,354.680,0.026
-443760.320,-1172317.830,354.660,0.020
-443759.590,-1172318.440,354.570,0.011
-443757.130,-1172320.520,354.430,0.011
-443764.520,-1172313.840,355.120,0.008
-443764.020,-1172314.260,355.080,0.008
-443763.790,-1172314.450,355.020,0.006
-443763.560,-1172314.650,355.010,0.006
-443763.320,-1172314.850,354.970,0.007
-443763.080,-1172315.050,354.940,0.007
-443762.100,-1172315.880,354.860,0.019
-443761.860,-1172316.070,354.820,0.033
-443761.120,-1172316.700,354.750,0.014
-443760.890,-1172316.900,354.710,0.023
-443759.140,-1172318.370,354.550,0.028
-443757.170,-1172320.030,354.430,0.012
-443743.170,-1172331.840,352.980,0.039
-443764.390,-1172313.370,355.120,0.008
-443763.660,-1172313.980,355.040,0.012
-443763.420,-1172314.180,355.000,0.009
-443762.440,-1172315.000,354.880,0.014
-443758.230,-1172318.550,354.500,0.011
-443764.610,-1172312.820,355.150,0.010
-443764.120,-1172313.230,355.060,0.011
-443763.870,-1172313.440,355.070,0.009
-443763.650,-1172313.630,355.040,0.015
-443762.660,-1172314.460,354.940,0.013
-443762.410,-1172314.670,354.890,0.007
-443761.390,-1172315.530,354.790,0.021
-443759.940,-1172316.750,354.650,0.012
-443759.690,-1172316.960,354.620,0.010
-443764.520,-1172312.440,355.130,0.010
-443764.270,-1172312.660,355.090,0.016
-443764.040,-1172312.850,355.080,0.010
-443762.790,-1172313.910,354.910,0.009
-443762.540,-1172314.110,354.900,0.012
-443761.560,-1172314.940,354.810,0.026
-443761.310,-1172315.150,354.800,0.041
-443760.080,-1172316.190,354.680,0.018
-443759.820,-1172316.400,354.650,0.014
-443763.360,-1172312.940,355.000,0.009
-443763.120,-1172313.150,354.970,0.019
-443762.880,-1172313.350,354.960,0.027
-443762.140,-1172313.970,354.870,0.007
-443761.900,-1172314.170,354.830,0.019
-443761.660,-1172314.380,354.820,0.008
-443761.400,-1172314.600,354.780,0.010
-443760.660,-1172315.220,354.720,0.029
-443760.420,-1172315.420,354.680,0.013
-443757.740,-1172317.680,354.470,0.008
-443756.760,-1172318.510,354.420,0.017
-443764.430,-1172311.400,355.150,0.010
-443763.950,-1172311.820,355.070,0.016
-443763.700,-1172312.020,355.070,0.016
-443761.970,-1172313.480,354.860,0.027
-443760.980,-1172314.310,354.740,0.011
-443760.760,-1172314.500,354.710,0.022
-443759.800,-1172315.310,354.640,0.020
-443759.550,-1172315.520,354.630,0.013
-443759.310,-1172315.720,354.620,0.013
-443758.320,-1172316.560,354.530,0.017
-443758.090,-1172316.750,354.500,0.019
-443757.850,-1172316.950,354.490,0.024
-443758.570,-1172315.950,354.550,0.026
-443758.310,-1172316.170,354.530,0.019
-443758.070,-1172316.370,354.490,0.024
-443757.830,-1172316.580,354.500,0.027
-443757.110,-1172317.190,354.430,0.016
-443748.750,-1172324.230,354.690,0.060
-443764.200,-1172311.210,355.140,0.017
-443763.960,-1172311.410,355.110,0.009
-443763.210,-1172312.040,355.000,0.015
-443762.710,-1172312.470,354.940,0.023
-443762.480,-1172312.660,354.900,0.018
-443761.010,-1172313.890,354.780,0.015
-443760.790,-1172314.080,354.730,0.019
-443759.810,-1172314.910,354.650,0.010
-443760.230,-1172313.990,354.720,0.015
-443758.740,-1172315.250,354.580,0.021
-443761.760,-1172312.250,354.870,0.017
-443761.520,-1172312.460,354.850,0.022
-443760.780,-1172313.080,354.780,0.007
-443760.290,-1172313.500,354.720,0.013
-443758.810,-1172314.740,354.600,0.021
-443757.820,-1172315.580,354.510,0.009
-443756.590,-1172316.620,354.440,0.016
-443763.460,-1172310.830,355.080,0.027
-443756.930,-1172315.700,354.430,0.011
-443756.440,-1172316.110,354.380,0.017
-443761.710,-1172311.290,354.920,0.010
-443761.230,-1172311.700,354.850,0.028
-443760.990,-1172311.900,354.920,0.027
-443760.740,-1172312.110,354.680,0.014
-443759.750,-1172312.940,354.660,0.014
-443759.510,-1172313.150,354.660,0.010
-443758.280,-1172314.180,354.530,0.016
-443756.600,-1172315.600,354.420,0.021
-443761.130,-1172311.220,354.850,0.047
-443759.890,-1172312.260,354.700,0.020
-443759.640,-1172312.470,354.690,0.033
-443757.470,-1172314.300,354.480,0.013
-443756.480,-1172315.140,354.390,0.024
-443756.370,-1172314.770,354.400,0.034
-443760.520,-1172311.280,354.800,0.016
-443760.040,-1172311.680,354.740,0.028
-443758.830,-1172312.700,354.630,0.012
-443757.600,-1172313.740,354.480,0.009
-443756.620,-1172314.560,354.420,0.031
-443759.400,-1172311.560,354.700,0.013
-443756.180,-1172314.270,354.370,0.015
-443759.160,-1172311.420,354.670,0.050
-443758.160,-1172312.260,354.570,0.020
-443757.410,-1172312.890,354.510,0.033
-443757.190,-1172313.080,354.490,0.014
-443756.210,-1172313.910,354.400,0.036
-443758.550,-1172311.400,354.640,0.094
-443757.690,-1172311.730,354.540,0.018
-443756.710,-1172312.550,354.440,0.013
-443755.990,-1172313.160,354.320,0.019
-443756.040,-1172312.490,354.420,0.014
-443756.140,-1172312.120,354.400,0.017
-443721.960,-1172327.490,352.530,0.031
-443699.130,-1172343.970,353.210,0.017
-443703.750,-1172329.020,352.870,0.069
-443703.670,-1172328.700,352.650,0.070
-443825.630,-1172336.830,356.900,0.091
-443825.760,-1172336.270,371.160,0.057
-443825.820,-1172336.220,368.200,0.040
-443825.870,-1172336.180,365.400,0.010
-443825.680,-1172336.340,362.600,0.005
-443825.670,-1172335.790,365.360,0.063
-443825.700,-1172337.560,371.110,0.021
-443825.770,-1172340.000,364.780,0.089
-443829.830,-1172336.030,370.620,0.041
-443828.580,-1172338.890,370.670,0.029
-443830.850,-1172337.990,373.250,0.068
-443828.450,-1172340.020,370.600,0.015
-443828.620,-1172340.800,370.620,0.014
-443825.900,-1172343.110,359.760,0.019
-443825.950,-1172343.070,356.940,0.016
-443825.960,-1172343.570,371.100,0.033
-443826.010,-1172343.530,368.170,0.029
-443826.050,-1172343.490,365.380,0.016
-443826.100,-1172343.450,362.600,0.019
-443825.830,-1172343.680,362.540,0.018
-443825.870,-1172343.640,359.770,0.014
-443825.920,-1172343.600,356.970,0.011
-443828.980,-1172341.820,373.270,0.065
-443733.510,-1172422.890,361.830,0.099
-443825.990,-1172343.970,365.380,0.014
-443826.040,-1172343.930,362.570,0.011
-443832.330,-1172338.980,373.240,0.008
-443837.750,-1172335.230,370.690,0.009
-443837.800,-1172334.680,370.670,0.009
-443837.860,-1172335.670,370.670,0.022
-443735.110,-1172422.900,361.760,0.044
-443838.640,-1172335.480,371.140,0.023
-443837.990,-1172336.430,370.690,0.017
-443838.540,-1172336.440,371.160,0.037
-443838.070,-1172336.840,370.700,0.011
-443826.220,-1172346.910,368.150,0.010
-443825.960,-1172347.120,368.200,0.097
-443826.040,-1172347.050,362.580,0.052
-443826.080,-1172347.020,359.790,0.062
-443838.710,-1172336.740,371.260,0.041
-443826.240,-1172347.330,362.590,0.059
-443826.060,-1172347.480,356.970,0.064
-443838.550,-1172338.290,371.180,0.037
-443838.060,-1172338.700,370.720,0.013
-443838.180,-1172339.130,370.740,0.011
-443837.930,-1172339.340,370.710,0.008
-443838.680,-1172339.210,371.190,0.013
-443837.960,-1172339.820,370.700,0.009
-443826.240,-1172350.670,368.180,0.008
-443826.100,-1172350.790,359.750,0.006
-443838.040,-1172340.140,370.720,0.018
-443838.590,-1172340.190,371.150,0.019
-443838.120,-1172340.580,370.720,0.029
-443838.060,-1172341.090,370.700,0.019
-443826.100,-1172351.240,356.950,0.016
-443838.190,-1172341.390,370.720,0.024
-443838.650,-1172341.000,371.150,0.023
-443838.740,-1172341.850,371.150,0.058
-443838.270,-1172342.250,370.710,0.009
-443838.360,-1172342.660,370.760,0.017
-443838.730,-1172342.790,371.140,0.013
-443826.440,-1172354.130,368.220,0.028
-443826.270,-1172354.270,362.590,0.096
-443826.300,-1172354.250,359.760,0.037
-443826.390,-1172354.660,368.200,0.016
-443826.420,-1172354.630,365.370,0.030
-443838.820,-1172344.600,371.160,0.044
-443838.340,-1172345.020,370.720,0.054
-443737.320,-1172431.810,361.430,0.016
-443838.250,-1172346.700,370.710,0.024
-443838.890,-1172347.000,371.170,0.013
-443838.320,-1172348.460,370.720,0.025
-443826.440,-1172358.550,371.170,0.043
-443826.410,-1172359.040,371.160,0.066
-443838.270,-1172348.970,370.720,0.009
-443829.070,-1172357.800,370.660,0.014
-443838.400,-1172350.420,370.710,0.033
-443826.560,-1172360.920,362.610,0.015
-443740.620,-1172434.170,361.330,0.054
-443838.340,-1172350.920,370.700,0.011
-443826.530,-1172361.290,368.200,0.004
-443826.570,-1172361.250,362.600,0.021
-443826.380,-1172361.850,371.120,0.057
-443826.400,-1172361.830,368.210,0.006
-443826.420,-1172361.810,365.400,0.016
-443838.300,-1172351.740,370.710,0.009
-443839.060,-1172351.490,371.230,0.029
-443829.160,-1172359.900,370.690,0.041
-443833.170,-1172356.920,373.270,0.013
-443838.390,-1172352.860,370.710,0.020
-443838.390,-1172353.340,370.730,0.023
-443835.490,-1172355.800,370.630,0.013
-443838.900,-1172353.370,371.100,0.011
-443833.330,-1172358.100,373.260,0.011
-443839.050,-1172353.600,371.180,0.015
-443839.060,-1172353.930,371.150,0.031
-443838.600,-1172355.280,370.760,0.049
-443826.540,-1172365.500,359.780,0.009
-443838.460,-1172356.250,370.740,0.016
-443838.480,-1172356.750,370.720,0.024
-443839.170,-1172356.720,371.170,0.023
-443839.160,-1172357.170,371.170,0.013
-443839.230,-1172357.550,371.190,0.018
-443838.510,-1172358.160,370.730,0.022
-443838.440,-1172358.750,370.700,0.015
-443839.020,-1172358.790,371.110,0.025
-443839.090,-1172359.160,371.150,0.023
-443838.480,-1172360.120,370.670,0.008
-443839.220,-1172360.000,371.180,0.017
-443838.770,-1172360.390,370.710,0.017
-443839.320,-1172360.430,371.170,0.015
-443839.180,-1172360.940,371.160,0.029
-443839.250,-1172361.280,371.160,0.029
-443838.680,-1172362.750,370.680,0.029
-443839.300,-1172362.640,371.170,0.017
-443838.810,-1172363.060,370.710,0.026
-443839.450,-1172362.950,371.140,0.014
-443838.720,-1172363.570,370.680,0.021
-443769.710,-1172422.070,361.720,0.014
-443763.020,-1172428.790,361.500,0.014
-443838.830,-1172363.960,370.720,0.020
-443839.370,-1172364.060,371.160,0.020
-443838.620,-1172364.700,370.700,0.011
-443770.370,-1172422.560,361.820,0.032
-443769.850,-1172423.400,361.690,0.016
-443770.330,-1172423.900,361.850,0.048
-443834.420,-1172371.390,374.780,0.086
-443770.540,-1172425.540,361.840,0.019
-443834.480,-1172372.990,373.900,0.007
-443834.120,-1172373.780,373.880,0.018
-443770.450,-1172427.750,361.850,0.033
-443834.460,-1172374.530,374.700,0.022
-443834.720,-1172373.860,374.770,0.084
-443770.590,-1172428.230,361.850,0.040
-443833.600,-1172376.760,373.860,0.035
-443834.430,-1172375.540,373.870,0.068
-443834.620,-1172377.050,374.760,0.083
-443827.910,-1172383.640,377.650,0.009
-443828.090,-1172383.890,377.660,0.014
-443770.720,-1172433.410,361.860,0.016
-443770.690,-1172432.980,361.860,0.042
-443834.010,-1172380.100,374.030,0.049
-443833.530,-1172380.490,356.770,0.002
-443833.500,-1172380.200,356.760,0.002
-443833.730,-1172380.680,356.770,0.002
-443833.500,-1172380.870,356.690,0.002
-443770.760,-1172434.050,361.840,0.010
-443833.770,-1172381.080,356.840,0.002
-443833.530,-1172381.290,356.740,0.002
-443836.960,-1172378.900,374.310,0.052
-443833.810,-1172381.560,356.750,0.002
-443770.790,-1172434.970,361.840,0.049
-443770.820,-1172435.320,361.850,0.038
-443851.110,-1172431.170,374.700,0.083
-443850.500,-1172429.640,374.220,0.017
-443850.450,-1172427.540,374.230,0.015
-443850.500,-1172426.670,374.240,0.020
-443850.470,-1172427.030,374.230,0.048
-443850.360,-1172425.280,374.180,0.008
-443850.590,-1172424.160,374.730,0.065
-443845.510,-1172427.980,374.220,0.010
-443839.980,-1172432.660,374.790,0.068
-443850.080,-1172422.860,374.170,0.022
-443849.820,-1172423.080,374.160,0.022
-443844.610,-1172427.910,374.170,0.016
-443848.450,-1172424.660,374.140,0.012
-443850.240,-1172422.120,374.190,0.038
-443850.210,-1172421.530,374.180,0.016
-443850.180,-1172419.930,374.200,0.025
-443848.710,-1172421.180,374.150,0.008
-443836.020,-1172431.350,373.890,0.027
-443851.370,-1172418.930,373.590,0.044
-443846.830,-1172421.290,374.110,0.015
-443836.110,-1172429.240,373.990,0.058
-443836.210,-1172428.180,373.880,0.095
-443835.980,-1172428.380,373.960,0.024
-443850.530,-1172416.070,374.660,0.035
-443849.330,-1172417.090,374.360,0.012
-443849.080,-1172417.300,374.320,0.030
-443847.110,-1172418.970,374.110,0.013
-443836.080,-1172428.780,373.870,0.018
-443848.990,-1172417.870,374.400,0.024
-443848.260,-1172418.490,374.310,0.023
-443847.760,-1172418.910,374.280,0.036
-443847.530,-1172419.100,374.320,0.015
-443847.590,-1172417.470,374.160,0.025
-443836.040,-1172427.760,373.850,0.042
-443850.090,-1172415.890,374.190,0.031
-443847.660,-1172417.940,374.170,0.035
-443849.020,-1172414.440,374.420,0.075
-443846.350,-1172417.220,374.140,0.011
-443850.010,-1172413.200,374.200,0.044
-443848.790,-1172414.230,374.180,0.016
-443835.680,-1172425.720,373.870,0.012
-443850.130,-1172412.640,374.680,0.053
-443838.500,-1172422.480,374.390,0.011
-443839.030,-1172421.030,377.590,0.053
-443836.110,-1172423.500,374.810,0.071
-443850.130,-1172411.640,374.680,0.046
-443848.660,-1172412.880,374.180,0.011
-443838.360,-1172422.090,374.300,0.018
-443838.110,-1172422.290,374.230,0.012
-443850.230,-1172412.040,374.690,0.051
-443848.770,-1172413.280,374.190,0.031
-443847.330,-1172414.500,374.130,0.011
-443845.440,-1172415.260,374.210,0.043
-443841.830,-1172418.320,377.510,0.023
-443838.930,-1172420.770,377.470,0.029
-443838.750,-1172420.010,377.420,0.055
-443841.690,-1172418.060,377.510,0.030
-443841.450,-1172418.260,377.470,0.034
-443840.970,-1172418.670,377.540,0.079
-443836.580,-1172422.380,374.250,0.035
-443848.660,-1172412.160,374.170,0.026
-443846.740,-1172413.780,374.430,0.088
-443849.800,-1172410.660,374.160,0.022
-443850.230,-1172408.840,374.760,0.027
-443843.900,-1172414.630,374.760,0.009
-443840.330,-1172417.650,377.400,0.014
-443835.190,-1172422.000,373.800,0.048
-443840.440,-1172416.580,377.480,0.011
-443840.550,-1172417.030,377.480,0.015
-443840.450,-1172416.020,377.520,0.033
-443849.840,-1172408.630,374.180,0.013
-443848.860,-1172409.450,374.370,0.057
-443849.770,-1172407.700,374.180,0.027
-443848.800,-1172408.510,374.360,0.041
-443849.850,-1172408.070,374.220,0.019
-443850.080,-1172407.010,374.740,0.015
-443849.850,-1172407.210,374.220,0.036
-443848.860,-1172408.040,374.380,0.024
-443847.430,-1172409.250,374.150,0.024
-443847.190,-1172409.450,374.130,0.013
-443840.910,-1172414.770,376.360,0.021
-443838.520,-1172416.270,374.180,0.054
-443834.690,-1172419.510,377.650,0.043
-443838.000,-1172417.230,374.170,0.026
-443850.090,-1172405.540,374.730,0.053
-443835.000,-1172417.830,373.810,0.053
-443848.850,-1172405.560,374.310,0.047
-443840.850,-1172412.330,374.110,0.023
-443835.880,-1172415.650,374.730,0.021
-443834.890,-1172416.490,373.810,0.009
-443829.200,-1172421.310,377.590,0.097
-443849.690,-1172403.970,374.140,0.011
-443848.700,-1172404.800,374.230,0.043
-443836.010,-1172415.150,374.780,0.022
-443830.770,-1172419.590,378.770,0.047
-443829.040,-1172421.050,377.620,0.077
-443848.560,-1172404.530,374.140,0.025
-443845.450,-1172407.160,374.140,0.025
-443835.850,-1172414.130,374.750,0.020
-443834.870,-1172414.960,373.850,0.017
-443849.680,-1172402.990,374.170,0.028
-443849.440,-1172403.200,374.170,0.015
-443848.720,-1172403.810,374.270,0.027
-443848.490,-1172404.000,374.080,0.030
-443845.330,-1172406.670,374.130,0.026
-443848.450,-1172403.470,374.170,0.028
-443843.590,-1172407.580,374.130,0.018
-443835.810,-1172413.270,374.750,0.051
-443835.560,-1172413.480,373.870,0.013
-443848.300,-1172402.190,374.160,0.024
-443849.540,-1172400.720,374.140,0.029
-443848.590,-1172401.520,374.250,0.048
-443848.350,-1172401.730,374.170,0.016
-443841.230,-1172407.340,374.660,0.053
-443840.730,-1172407.770,374.100,0.013
-443835.910,-1172411.850,374.770,0.042
-443834.720,-1172412.860,373.840,0.012
-443840.660,-1172406.900,374.090,0.025
-443835.560,-1172411.220,374.610,0.038
-443835.070,-1172411.630,373.840,0.022
-443849.420,-1172399.010,374.230,0.080
-443835.610,-1172410.700,374.660,0.044
-443834.660,-1172411.500,373.940,0.052
-443850.070,-1172398.940,374.970,0.086
-443851.600,-1172396.770,373.950,0.075
-443849.460,-1172398.580,374.290,0.018
-443835.810,-1172409.770,374.850,0.058
-443834.840,-1172410.590,373.830,0.013
-443841.610,-1172404.360,374.120,0.017
-443834.560,-1172409.900,373.720,0.010
-443849.340,-1172397.390,374.270,0.015
-443835.680,-1172408.540,374.740,0.046
-443834.960,-1172409.140,373.840,0.022
-443834.710,-1172409.360,373.820,0.014
-443834.450,-1172409.570,373.700,0.008
-443834.840,-1172408.810,373.820,0.019
-443849.470,-1172396.860,374.280,0.016
-443835.790,-1172407.390,374.770,0.052
-443849.320,-1172395.940,374.270,0.015
-443848.370,-1172396.740,374.290,0.042
-443834.560,-1172407.420,373.870,0.014
-443835.760,-1172406.400,374.750,0.020
-443850.150,-1172393.810,374.750,0.057
-443849.340,-1172393.970,374.290,0.048
-443848.150,-1172394.980,374.250,0.046
-443834.830,-1172405.810,373.900,0.035
-443835.620,-1172404.690,374.770,0.030
-443834.640,-1172405.510,373.880,0.025
-443848.400,-1172393.870,374.390,0.057
-443847.450,-1172394.670,374.140,0.041
-443849.360,-1172393.510,374.280,0.005
-443848.380,-1172394.340,374.140,0.048
-443835.670,-1172404.220,374.780,0.063
-443835.410,-1172403.780,374.690,0.047
-443834.680,-1172404.400,373.900,0.046
-443834.450,-1172404.590,373.880,0.034
-443834.690,-1172405.050,373.900,0.012
-443849.200,-1172392.770,374.270,0.008
-443848.150,-1172392.440,374.250,0.019
-443834.610,-1172403.910,373.880,0.020
-443848.270,-1172391.800,374.340,0.035
-443834.970,-1172402.710,373.910,0.043
-443848.250,-1172391.460,374.280,0.029
-443848.020,-1172391.660,374.250,0.034
-443835.060,-1172402.110,373.900,0.035
-443835.450,-1172401.380,374.770,0.032
-443835.190,-1172401.590,373.960,0.036
-443849.240,-1172389.700,374.290,0.013
-443835.490,-1172400.880,374.760,0.048
-443835.250,-1172401.090,374.610,0.063
-443834.990,-1172401.300,373.910,0.043
-443848.050,-1172390.250,374.240,0.027
-443848.110,-1172389.820,374.270,0.033
-443843.170,-1172392.990,374.320,0.018
-443848.050,-1172389.310,374.260,0.025
-443835.330,-1172398.860,374.740,0.051
-443848.250,-1172387.360,374.420,0.055
-443840.190,-1172393.240,374.300,0.033
-443849.130,-1172385.670,374.300,0.021
-443840.180,-1172392.840,374.310,0.008
-443846.690,-1172385.750,374.330,0.034
-443848.830,-1172383.530,374.270,0.015
-443846.450,-1172384.500,374.400,0.016
-443835.080,-1172394.130,374.740,0.029
-443851.280,-1172380.400,373.410,0.087
-443851.290,-1172380.390,371.430,0.005
-443851.040,-1172380.610,371.430,0.008
-443846.460,-1172384.950,374.350,0.016
-443846.230,-1172385.150,374.350,0.021
-443848.840,-1172382.030,374.270,0.021
-443845.970,-1172384.470,374.270,0.009
-443835.080,-1172393.690,374.740,0.018
-443849.000,-1172381.520,374.240,0.035
-443835.070,-1172392.280,374.770,0.080
-443848.880,-1172380.580,374.270,0.005
-443849.170,-1172380.810,374.730,0.015
-443834.850,-1172392.000,373.940,0.032
-443834.800,-1172391.660,373.900,0.040
-443848.970,-1172379.110,374.320,0.017
-443848.880,-1172378.010,374.300,0.025
-443848.910,-1172378.330,374.300,0.021
-443834.910,-1172388.860,374.740,0.034
-443840.800,-1172382.410,377.520,0.014
-443835.030,-1172386.860,374.810,0.025
-443834.800,-1172387.060,374.720,0.019
-443848.820,-1172375.180,374.340,0.013
-443848.670,-1172374.880,374.280,0.009
-443848.770,-1172373.840,374.290,0.032
-443842.900,-1172378.330,374.680,0.021
-443848.640,-1172372.960,374.300,0.036
-443834.230,-1172384.800,377.600,0.017
-443848.680,-1172372.050,374.350,0.081
-443840.480,-1172378.180,382.260,0.085
-443848.800,-1172370.180,374.760,0.082
-443840.080,-1172377.570,374.720,0.028
-443770.780,-1172435.790,361.840,0.042
-443836.930,-1172379.740,374.320,0.031
-443734.000,-1172292.350,359.860,0.053
-443738.940,-1172294.540,359.820,0.078
-443739.100,-1172296.340,359.840,0.045
-443747.040,-1172290.980,359.050,0.014
-443721.290,-1172320.570,359.830,0.062
-443760.680,-1172290.680,359.110,0.022
-443760.730,-1172291.020,359.120,0.019
-443761.350,-1172290.950,359.300,0.051
-443760.870,-1172291.350,359.170,0.050
-443760.880,-1172292.260,359.140,0.038
-443760.960,-1172292.620,359.170,0.021
-443762.720,-1172291.140,357.300,0.044
-443761.460,-1172292.200,359.340,0.053
-443761.080,-1172293.000,359.240,0.035
-443760.340,-1172293.610,359.160,0.010
-443761.300,-1172293.080,359.290,0.035
-443761.400,-1172293.550,359.290,0.008
-443761.030,-1172294.210,359.170,0.017
-443761.490,-1172294.360,359.280,0.054
-443761.700,-1172294.530,359.280,0.043
-443732.330,-1172319.800,362.090,0.047
-443764.400,-1172294.020,357.220,0.025
-443735.810,-1172319.330,362.750,0.026
-443739.810,-1172318.970,362.080,0.043
-443774.810,-1172290.660,359.160,0.010
-443784.040,-1172313.820,361.800,0.024
-443795.810,-1172312.640,361.820,0.042
-443795.100,-1172314.260,361.700,0.078
-443794.840,-1172314.480,361.690,0.078
-443803.640,-1172311.620,357.690,0.044
-443810.160,-1172309.440,358.910,0.056
-443825.780,-1172333.320,368.200,0.022
-443825.840,-1172333.270,365.430,0.024
-443825.660,-1172333.050,371.130,0.011
-443825.590,-1172333.110,362.590,0.013
-443825.800,-1172332.470,368.200,0.023
-443825.710,-1172332.040,359.810,0.019
-443825.680,-1172330.620,371.140,0.010
-443825.770,-1172334.280,371.150,0.029
-443825.740,-1172333.760,371.140,0.013
-443825.740,-1172333.760,359.820,0.041
-443835.610,-1172330.180,371.100,0.077
-443838.400,-1172331.570,371.150,0.014
-443838.510,-1172334.080,371.160,0.022
-443838.590,-1172332.840,371.150,0.033
-443837.830,-1172332.980,370.670,0.015
-443701.590,-1172295.420,358.680,0.084
-443711.120,-1172319.100,360.380,0.072
-443712.130,-1172318.850,360.580,0.045
-443704.530,-1172327.500,360.740,0.036
-443705.870,-1172327.250,360.810,0.020
-443704.570,-1172327.950,360.770,0.030
-443709.890,-1172325.400,360.690,0.026
-443706.930,-1172327.860,360.880,0.017
-443706.680,-1172328.080,360.830,0.012
-443707.980,-1172326.560,360.960,0.013
-443707.000,-1172327.380,360.890,0.037
-443704.810,-1172329.210,360.730,0.014
-443704.890,-1172330.330,360.730,0.017
-443707.680,-1172327.510,360.930,0.021
-443707.450,-1172328.590,360.890,0.012
-443707.200,-1172328.790,360.890,0.020
-443705.220,-1172330.450,360.780,0.009
-443704.730,-1172330.850,360.920,0.054
-443709.590,-1172326.400,361.050,0.009
-443709.340,-1172326.610,361.040,0.022
-443709.100,-1172326.810,361.030,0.026
-443709.510,-1172327.730,361.030,0.021
-443709.850,-1172327.100,361.050,0.011
-443709.380,-1172327.490,361.070,0.026
-443708.890,-1172327.900,360.980,0.017
-443708.160,-1172328.510,360.950,0.036
-443707.420,-1172329.130,360.900,0.043
-443709.230,-1172328.560,361.020,0.022
-443707.270,-1172330.200,360.900,0.026
-443706.760,-1172331.530,360.850,0.013
-443705.070,-1172332.940,360.750,0.016
-443706.520,-1172331.220,360.860,0.018
-443706.040,-1172331.630,360.820,0.028
-443707.920,-1172331.410,360.940,0.019
-443705.460,-1172333.470,360.780,0.010
-443709.310,-1172330.600,361.160,0.032
-443706.590,-1172332.870,360.860,0.033
-443705.370,-1172333.890,360.760,0.018
-443714.290,-1172326.080,360.560,0.009
-443707.660,-1172332.740,360.910,0.027
-443716.420,-1172325.110,360.640,0.014
-443705.350,-1172334.370,360.730,0.030
-443716.730,-1172325.780,360.540,0.020
-443709.650,-1172331.700,361.040,0.014
-443708.400,-1172332.750,360.960,0.019
-443707.910,-1172333.160,360.910,0.024
-443706.710,-1172334.160,360.860,0.020
-443705.750,-1172334.970,360.820,0.014
-443705.490,-1172335.190,360.770,0.016
-443709.630,-1172332.650,361.010,0.020
-443709.120,-1172333.080,361.000,0.032
-443709.150,-1172332.560,361.010,0.023
-443708.900,-1172332.770,360.960,0.032
-443707.900,-1172333.600,360.920,0.014
-443709.460,-1172333.560,361.020,0.018
-443705.750,-1172336.670,360.760,0.011
-443705.520,-1172336.870,360.760,0.024
-443708.880,-1172333.540,361.000,0.024
-443707.680,-1172335.900,360.880,0.021
-443706.040,-1172336.820,360.820,0.019
-443705.780,-1172337.040,360.780,0.016
-443710.150,-1172334.760,361.030,0.014
-443708.670,-1172335.990,360.940,0.011
-443708.270,-1172336.760,360.940,0.023
-443794.210,-1172405.370,351.570,0.012
-443794.350,-1172403.550,351.570,0.010
-443794.190,-1172403.960,351.470,0.021
-443794.050,-1172404.300,351.540,0.010
-443793.900,-1172404.680,351.470,0.023
-443796.050,-1172408.910,351.760,0.019
-443795.890,-1172409.290,351.710,0.015
-443796.680,-1172406.060,351.810,0.013
-443796.400,-1172406.780,351.750,0.019
-443796.250,-1172407.150,351.720,0.016
-443796.100,-1172407.540,351.690,0.026
-443795.530,-1172409.000,351.650,0.015
-443796.300,-1172405.560,351.840,0.012
-443796.160,-1172405.920,351.820,0.010
-443795.720,-1172407.030,351.680,0.020
-443795.430,-1172407.770,351.690,0.013
-443795.000,-1172408.870,351.570,0.022
-443794.860,-1172409.220,351.630,0.017
-443794.420,-1172410.360,351.530,0.010
-443796.000,-1172404.770,351.800,0.011
-443795.430,-1172406.230,351.670,0.017
-443794.860,-1172407.680,351.560,0.024
-443794.720,-1172408.030,351.560,0.016
-443794.580,-1172408.400,351.550,0.019
-443796.030,-1172403.410,351.850,0.009
-443795.890,-1172403.780,351.830,0.016
-443795.750,-1172404.110,351.820,0.011
-443795.430,-1172404.930,351.690,0.011
-443794.160,-1172408.160,351.510,0.015
-443795.470,-1172403.630,351.630,0.035
-443795.330,-1172403.980,351.630,0.031
-443795.190,-1172404.320,351.640,0.023
-443794.470,-1172406.150,351.560,0.017
-443794.320,-1172406.520,351.530,0.024
-443794.180,-1172406.890,351.520,0.021
-443793.880,-1172407.660,351.410,0.032
-443794.940,-1172403.510,351.680,0.007
-443794.790,-1172403.880,351.690,0.007
-443794.490,-1172404.640,351.650,0.017
-443797.020,-1172409.220,351.860,0.009
-443794.630,-1172415.340,353.450,0.044
-443797.200,-1172407.190,351.920,0.011
-443797.050,-1172407.570,351.850,0.014
-443796.620,-1172408.680,351.830,0.013
-443796.330,-1172409.420,351.770,0.012
-443796.180,-1172409.790,351.700,0.019
-443796.040,-1172410.160,351.700,0.016
-443796.900,-1172406.720,351.880,0.015
-443796.760,-1172407.090,351.860,0.018
-443796.620,-1172407.440,351.870,0.018
-443795.920,-1172416.810,353.840,0.083
-443817.260,-1172433.640,350.480,0.029
-443819.260,-1172440.500,351.410,0.024
-443826.980,-1172435.100,351.540,0.044
-443826.630,-1172434.800,350.740,0.046
-443827.030,-1172436.370,351.600,0.077
-443826.900,-1172436.730,351.640,0.058
-443827.400,-1172438.300,351.530,0.056
-443732.900,-1172410.240,349.000,0.022
-443732.750,-1172410.610,348.970,0.011
-443732.820,-1172412.430,349.050,0.006
-443748.480,-1172408.930,350.380,0.016
-443749.810,-1172411.480,350.540,0.042
-443772.090,-1172411.380,349.740,0.047
-443776.790,-1172412.660,353.490,0.018
-443776.640,-1172413.050,353.410,0.019
-443776.670,-1172415.220,353.450,0.047
-443776.900,-1172415.660,353.410,0.067
-443776.760,-1172416.010,353.420,0.066
-443777.290,-1172419.830,354.080,0.018
-443777.570,-1172420.600,347.020,0.052
-443777.130,-1172421.760,353.440,0.048
-443790.580,-1172403.640,351.150,0.014
-443790.280,-1172404.390,351.150,0.012
-443790.960,-1172404.170,351.160,0.014
-443791.020,-1172405.570,351.140,0.030
-443790.740,-1172406.270,351.140,0.012
-443790.590,-1172406.660,351.100,0.011
-443792.840,-1172403.780,351.410,0.022
-443790.840,-1172408.830,351.120,0.010
-443790.690,-1172409.210,351.130,0.013
-443792.980,-1172404.720,351.370,0.019
-443792.840,-1172405.080,351.370,0.014
-443792.690,-1172405.470,351.310,0.025
-443792.400,-1172406.190,351.300,0.012
-443791.690,-1172407.990,351.200,0.015
-443791.540,-1172408.380,351.140,0.016
-443790.940,-1172409.900,351.070,0.027
-443790.810,-1172410.230,351.080,0.017
-443793.480,-1172405.770,351.440,0.019
-443793.320,-1172406.170,351.380,0.018
-443791.110,-1172410.610,351.170,0.007
-443792.740,-1172407.630,351.280,0.029
-443791.720,-1172410.210,351.190,0.012
-443793.590,-1172408.400,351.340,0.030
-443788.560,-1172421.150,349.980,0.032
-443793.710,-1172410.610,351.370,0.005
-443793.220,-1172414.880,352.920,0.040
-443793.760,-1172415.980,353.150,0.016
-443794.290,-1172419.390,353.290,0.016
-443791.450,-1172378.280,351.510,0.016
-443791.630,-1172378.800,351.430,0.033
-443792.900,-1172378.130,351.710,0.010
-443792.770,-1172378.470,351.710,0.014
-443792.090,-1172381.440,351.550,0.011
-443792.670,-1172379.990,351.690,0.006
-443792.510,-1172380.370,351.640,0.019
-443792.380,-1172380.700,351.620,0.012
-443792.230,-1172381.080,351.600,0.014
-443792.210,-1172382.410,351.580,0.019
-443791.910,-1172383.170,351.500,0.019
-443794.330,-1172378.650,351.870,0.015
-443793.760,-1172380.070,351.790,0.011
-443793.310,-1172381.210,351.690,0.021
-443793.170,-1172381.560,351.690,0.012
-443793.030,-1172381.900,351.690,0.012
-443792.310,-1172383.700,351.560,0.011
-443794.610,-1172379.320,351.800,0.032
-443793.470,-1172382.190,351.670,0.019
-443793.170,-1172382.920,351.630,0.010
-443792.880,-1172383.650,351.600,0.015
-443792.730,-1172384.030,351.540,0.028
-443792.450,-1172384.740,351.530,0.018
-443794.190,-1172381.430,351.770,0.023
-443793.770,-1172382.480,351.710,0.018
-443793.620,-1172382.870,351.700,0.016
-443793.340,-1172383.570,351.600,0.031
-443792.930,-1172384.590,351.670,0.007
-443792.500,-1172385.680,351.560,0.020
-443794.630,-1172381.350,351.790,0.024
-443794.230,-1172382.360,351.770,0.015
-443793.660,-1172383.790,351.700,0.023
-443793.370,-1172384.510,351.650,0.021
-443793.240,-1172384.850,351.720,0.018
-443792.650,-1172386.340,351.520,0.020
-443794.530,-1172382.940,351.770,0.022
-443794.100,-1172384.010,351.760,0.016
-443793.220,-1172386.220,351.670,0.010
-443793.080,-1172386.590,351.610,0.013
-443792.650,-1172387.670,351.540,0.016
-443792.510,-1172388.020,351.540,0.017
-443794.840,-1172383.520,351.900,0.010
-443794.550,-1172384.260,351.840,0.016
-443794.400,-1172384.630,351.770,0.023
-443794.250,-1172384.990,351.760,0.011
-443794.130,-1172385.310,351.760,0.014
-443793.830,-1172386.060,351.720,0.021
-443793.530,-1172386.800,351.630,0.019
-443793.390,-1172387.170,351.610,0.016
-443792.660,-1172388.980,351.510,0.014
-443795.000,-1172384.470,351.880,0.012
-443793.560,-1172388.100,351.690,0.010
-443793.410,-1172388.460,351.650,0.022
-443793.270,-1172388.810,351.640,0.017
-443793.130,-1172389.160,351.600,0.019
-443792.980,-1172389.540,351.550,0.023
-443792.560,-1172390.610,351.530,0.009
-443793.850,-1172388.720,351.680,0.013
-443793.410,-1172389.820,351.570,0.027
-443793.120,-1172390.550,351.540,0.013
-443792.680,-1172391.650,351.460,0.018
-443794.540,-1172386.970,351.720,0.024
-443795.270,-1172386.660,351.900,0.007
-443794.820,-1172387.780,351.810,0.019
-443794.680,-1172388.140,351.830,0.007
-443794.250,-1172389.220,351.730,0.013
-443793.950,-1172389.970,351.700,0.009
-443793.800,-1172390.350,351.650,0.008
-443793.500,-1172391.110,351.570,0.017
-443793.230,-1172391.770,351.550,0.015
-443792.910,-1172392.580,351.410,0.044
-443794.990,-1172388.650,351.840,0.020
-443794.560,-1172389.730,351.750,0.015
-443794.110,-1172390.880,351.600,0.030
-443793.680,-1172391.940,351.600,0.017
-443792.820,-1172394.100,351.500,0.008
-443795.120,-1172389.470,351.880,0.009
-443794.970,-1172389.850,351.800,0.008
-443794.670,-1172390.610,351.700,0.020
-443794.530,-1172390.950,351.780,0.011
-443794.390,-1172391.310,351.740,0.008
-443794.250,-1172391.670,351.710,0.014
-443793.960,-1172392.410,351.680,0.006
-443793.810,-1172392.760,351.640,0.005
-443793.680,-1172393.090,351.630,0.006
-443793.540,-1172393.450,351.630,0.008
-443793.260,-1172394.170,351.590,0.013
-443794.030,-1172393.340,351.620,0.018
-443793.460,-1172394.790,351.590,0.013
-443793.310,-1172395.170,351.520,0.011
-443793.180,-1172395.480,351.570,0.011
-443793.030,-1172395.880,351.500,0.018
-443794.750,-1172393.120,351.740,0.013
-443794.470,-1172393.810,351.730,0.006
-443794.010,-1172394.970,351.580,0.018
-443793.590,-1172396.040,351.570,0.015
-443793.170,-1172397.100,351.570,0.008
-443793.010,-1172397.490,351.510,0.007
-443795.860,-1172391.800,351.900,0.015
-443795.730,-1172392.130,351.900,0.010
-443795.420,-1172392.900,351.820,0.014
-443795.270,-1172393.280,351.760,0.017
-443794.120,-1172396.180,351.590,0.023
-443793.830,-1172396.910,351.600,0.013
-443793.530,-1172397.670,351.480,0.032
-443793.260,-1172398.360,351.510,0.014
-443793.120,-1172398.710,351.530,0.013
-443794.070,-1172397.850,351.650,0.018
-443793.780,-1172398.590,351.600,0.009
-443793.630,-1172398.960,351.590,0.013
-443793.510,-1172399.280,351.600,0.011
-443795.790,-1172393.510,351.880,0.011
-443795.650,-1172393.870,351.850,0.008
-443794.770,-1172396.080,351.740,0.018
-443794.630,-1172396.430,351.720,0.022
-443795.810,-1172394.780,351.860,0.009
-443795.670,-1172395.160,351.800,0.021
-443795.240,-1172396.240,351.700,0.033
-443794.970,-1172396.920,351.720,0.023
-443794.540,-1172397.990,351.710,0.023
-443794.240,-1172398.750,351.530,0.032
-443793.820,-1172399.830,351.540,0.021
-443793.670,-1172400.190,351.530,0.013
-443793.530,-1172400.570,351.500,0.012
-443796.170,-1172395.350,351.880,0.015
-443795.300,-1172397.530,351.760,0.016
-443795.160,-1172397.890,351.770,0.017
-443795.020,-1172398.260,351.710,0.018
-443794.440,-1172399.710,351.690,0.013
-443793.870,-1172401.170,351.620,0.007
-443796.160,-1172396.670,351.900,0.014
-443796.000,-1172397.070,351.780,0.027
-443795.860,-1172397.420,351.830,0.014
-443795.720,-1172397.800,351.820,0.019
-443795.280,-1172398.910,351.730,0.029
-443794.850,-1172399.990,351.650,0.016
-443793.430,-1172402.280,351.510,0.009
-443794.120,-1172401.830,351.580,0.007
-443793.970,-1172402.210,351.500,0.018
-443793.840,-1172402.550,351.570,0.012
-443796.010,-1172398.180,351.860,0.017
-443795.730,-1172398.910,351.830,0.013
-443794.850,-1172401.140,351.700,0.014
-443795.620,-1172400.320,351.750,0.016
-443795.060,-1172401.760,351.650,0.018
-443794.770,-1172402.490,351.600,0.024
-443794.640,-1172402.820,351.600,0.020
-443796.510,-1172399.520,351.920,0.011
-443795.810,-1172401.290,351.870,0.010
-443795.520,-1172402.030,351.820,0.020
-443796.200,-1172401.750,351.760,0.020
-443796.180,-1172403.030,351.850,0.017
-443796.720,-1172402.950,351.840,0.027
-443808.450,-1172376.000,348.250,0.044
-443732.510,-1172402.290,348.950,0.014
-443734.680,-1172397.790,350.400,0.055
-443735.200,-1172397.810,350.470,0.092
-443732.870,-1172408.180,348.970,0.026
-443741.370,-1172390.460,349.310,0.036
-443737.900,-1172406.390,350.350,0.080
-443745.890,-1172397.260,350.460,0.032
-443754.070,-1172401.090,350.400,0.020
-443753.930,-1172401.430,350.400,0.015
-443753.630,-1172402.150,350.390,0.011
-443753.990,-1172402.400,350.430,0.012
-443754.130,-1172403.180,350.390,0.019
-443754.230,-1172403.610,350.510,0.013
-443754.090,-1172403.980,350.490,0.016
-443758.620,-1172396.800,349.700,0.047
-443755.800,-1172403.680,349.460,0.009
-443769.050,-1172399.610,349.570,0.079
-443768.920,-1172399.940,349.550,0.047
-443768.860,-1172402.620,349.470,0.023
-443768.980,-1172400.910,349.530,0.054
-443787.430,-1172378.270,350.950,0.042
-443787.840,-1172378.320,351.090,0.019
-443788.100,-1172379.110,351.100,0.021
-443787.970,-1172379.440,351.110,0.022
-443788.780,-1172378.800,351.180,0.012
-443788.500,-1172379.510,351.160,0.014
-443788.350,-1172379.890,351.100,0.015
-443787.760,-1172381.360,351.020,0.021
-443789.710,-1172379.020,351.320,0.016
-443789.560,-1172379.390,351.260,0.012
-443789.270,-1172380.120,351.200,0.024
-443789.130,-1172380.460,351.200,0.025
-443789.000,-1172380.800,351.190,0.018
-443788.840,-1172381.180,351.160,0.012
-443788.710,-1172381.530,351.140,0.009
-443788.550,-1172381.920,351.080,0.018
-443788.410,-1172382.270,351.100,0.008
-443788.250,-1172382.670,350.970,0.026
-443787.970,-1172383.360,351.000,0.011
-443789.530,-1172378.250,351.320,0.082
-443789.380,-1172378.640,351.250,0.017
-443788.250,-1172381.460,351.120,0.011
-443788.090,-1172381.840,351.030,0.013
-443790.390,-1172378.700,351.420,0.014
-443788.640,-1172383.070,351.120,0.008
-443788.490,-1172383.440,351.130,0.006
-443790.130,-1172377.970,351.350,0.013
-443789.990,-1172378.330,351.360,0.007
-443791.270,-1172377.730,351.420,0.041
-443791.130,-1172378.070,351.400,0.046
-443790.560,-1172379.510,351.350,0.025
-443789.970,-1172380.990,351.260,0.024
-443789.090,-1172383.170,351.080,0.027
-443788.810,-1172383.870,351.100,0.014
-443788.510,-1172384.620,351.070,0.013
-443788.370,-1172384.990,351.020,0.015
-443788.230,-1172385.330,351.050,0.019
-443791.360,-1172379.480,351.470,0.018
-443791.230,-1172379.820,351.450,0.020
-443790.790,-1172380.920,351.370,0.013
-443790.640,-1172381.290,351.350,0.011
-443790.350,-1172382.020,351.350,0.014
-443790.050,-1172382.770,351.240,0.019
-443789.920,-1172383.100,351.280,0.014
-443789.490,-1172384.160,351.230,0.014
-443789.350,-1172384.520,351.170,0.026
-443789.050,-1172385.270,351.080,0.023
-443788.630,-1172386.310,351.100,0.011
-443788.350,-1172387.020,351.070,0.007
-443791.320,-1172378.630,351.560,0.019
-443790.720,-1172380.120,351.450,0.030
-443789.690,-1172382.680,351.180,0.024
-443789.120,-1172384.110,351.200,0.010
-443788.400,-1172385.910,351.050,0.012
-443788.270,-1172386.220,351.140,0.020
-443790.060,-1172386.520,351.280,0.012
-443789.040,-1172389.080,351.100,0.014
-443788.750,-1172389.800,351.100,0.013
-443788.600,-1172390.160,351.020,0.012
-443789.000,-1172387.890,351.110,0.015
-443791.330,-1172382.070,351.400,0.014
-443790.890,-1172383.160,351.350,0.018
-443790.330,-1172384.570,351.300,0.029
-443790.180,-1172384.940,351.290,0.012
-443789.460,-1172386.750,351.230,0.009
-443790.660,-1172382.450,351.390,0.012
-443790.360,-1172383.190,351.350,0.003
-443790.230,-1172383.530,351.320,0.009
-443789.340,-1172385.740,351.130,0.025
-443788.920,-1172386.800,351.120,0.015
-443788.770,-1172387.180,351.110,0.013
-443788.330,-1172388.260,351.090,0.015
-443791.440,-1172385.890,351.420,0.019
-443790.450,-1172386.800,351.210,0.026
-443790.180,-1172387.500,351.240,0.014
-443790.030,-1172387.880,351.180,0.029
-443789.890,-1172388.230,351.180,0.025
-443789.470,-1172389.280,351.100,0.016
-443789.050,-1172390.330,351.100,0.018
-443788.890,-1172390.710,351.060,0.016
-443791.770,-1172383.500,351.490,0.013
-443791.620,-1172383.890,351.390,0.024
-443791.190,-1172384.950,351.390,0.015
-443791.040,-1172385.330,351.320,0.027
-443790.900,-1172385.680,351.330,0.023
-443791.650,-1172382.530,351.470,0.014
-443791.060,-1172384.000,351.400,0.028
-443790.900,-1172384.400,351.330,0.021
-443790.200,-1172386.170,351.250,0.025
-443790.730,-1172389.050,351.290,0.017
-443790.600,-1172389.390,351.250,0.014
-443789.700,-1172391.620,351.090,0.030
-443789.570,-1172391.970,351.080,0.026
-443789.000,-1172393.400,351.020,0.016
-443791.000,-1172386.980,351.330,0.019
-443790.730,-1172387.660,351.330,0.012
-443790.290,-1172388.770,351.170,0.017
-443789.860,-1172389.830,351.200,0.008
-443789.560,-1172390.580,351.110,0.017
-443789.290,-1172391.270,351.130,0.011
-443788.980,-1172392.050,351.060,0.017
-443790.370,-1172394.760,351.210,0.020
-443789.920,-1172395.880,351.110,0.041
-443789.650,-1172396.550,351.130,0.005
-443792.210,-1172388.760,351.450,0.013
-443791.920,-1172389.490,351.460,0.011
-443791.210,-1172391.280,351.380,0.005
-443790.920,-1172392.000,351.330,0.013
-443790.640,-1172392.720,351.280,0.012
-443790.360,-1172393.410,351.250,0.016
-443790.060,-1172394.160,351.160,0.011
-443789.910,-1172394.540,351.160,0.012
-443789.770,-1172394.900,351.120,0.008
-443791.050,-1172390.340,351.320,0.025
-443790.600,-1172391.470,351.160,0.031
-443790.320,-1172392.180,351.200,0.012
-443790.040,-1172392.890,351.190,0.017
-443789.890,-1172393.250,351.130,0.021
-443789.610,-1172393.960,351.100,0.017
-443789.480,-1172394.290,351.140,0.015
-443789.040,-1172395.390,351.060,0.010
-443792.050,-1172386.810,351.470,0.017
-443791.910,-1172387.160,351.400,0.022
-443791.620,-1172387.880,351.380,0.018
-443791.330,-1172388.610,351.350,0.018
-443791.180,-1172389.000,351.330,0.012
-443790.880,-1172389.730,351.250,0.023
-443790.750,-1172390.060,351.260,0.016
-443790.320,-1172391.150,351.250,0.006
-443789.870,-1172392.270,351.160,0.013
-443789.720,-1172392.640,351.110,0.012
-443789.600,-1172392.960,351.170,0.027
-443789.300,-1172393.710,351.070,0.015
-443789.150,-1172394.080,351.050,0.014
-443789.650,-1172402.090,351.080,0.006
-443792.640,-1172393.270,351.420,0.030
-443792.480,-1172393.670,351.360,0.035
-443792.340,-1172394.010,351.400,0.013
-443791.500,-1172396.130,351.370,0.021
-443790.780,-1172397.950,351.190,0.023
-443790.070,-1172399.750,351.140,0.016
-443789.930,-1172400.100,351.110,0.016
-443789.760,-1172400.500,351.050,0.032
-443792.530,-1172392.040,351.400,0.024
-443792.240,-1172392.770,351.390,0.023
-443791.950,-1172393.500,351.330,0.032
-443791.090,-1172395.660,351.260,0.014
-443790.930,-1172396.050,351.210,0.015
-443790.360,-1172397.480,351.160,0.012
-443790.220,-1172397.840,351.140,0.016
-443789.940,-1172398.540,351.110,0.019
-443792.420,-1172390.950,351.500,0.013
-443791.970,-1172392.090,351.360,0.024
-443791.680,-1172392.820,351.340,0.010
-443791.530,-1172393.200,351.300,0.025
-443791.240,-1172393.930,351.290,0.016
-443791.090,-1172394.310,351.280,0.019
-443790.820,-1172394.980,351.260,0.014
-443790.670,-1172395.370,351.180,0.025
-443790.520,-1172395.740,351.170,0.015
-443790.240,-1172396.430,351.180,0.009
-443789.790,-1172397.560,351.090,0.015
-443789.500,-1172398.290,351.100,0.011
-443789.360,-1172398.640,351.080,0.007
-443789.500,-1172396.940,351.070,0.012
-443792.240,-1172390.050,351.460,0.014
-443791.520,-1172391.850,351.300,0.017
-443791.240,-1172392.560,351.320,0.012
-443792.990,-1172403.380,351.450,0.011
-443793.080,-1172401.710,351.410,0.019
-443792.940,-1172402.060,351.430,0.007
-443792.650,-1172402.780,351.340,0.017
-443792.520,-1172403.120,351.380,0.008
-443792.780,-1172401.120,351.470,0.014
-443792.630,-1172401.490,351.440,0.009
-443792.480,-1172401.870,351.350,0.021
-443792.340,-1172402.220,351.360,0.016
-443791.900,-1172403.330,351.320,0.010
-443792.970,-1172399.100,351.450,0.016
-443792.260,-1172400.890,351.360,0.021
-443791.980,-1172401.600,351.330,0.010
-443791.530,-1172402.720,351.260,0.013
-443791.260,-1172403.410,351.240,0.012
-443792.720,-1172398.220,351.440,0.016
-443792.430,-1172398.970,351.430,0.012
-443792.300,-1172399.300,351.440,0.009
-443792.000,-1172400.040,351.380,0.005
-443791.850,-1172400.420,351.370,0.009
-443791.710,-1172400.780,351.300,0.009
-443791.570,-1172401.140,351.270,0.011
-443791.430,-1172401.500,351.260,0.013
-443791.290,-1172401.840,351.240,0.026
-443792.580,-1172397.000,351.450,0.025
-443792.300,-1172397.710,351.440,0.012
-443791.580,-1172399.540,351.330,0.009
-443790.990,-1172401.020,351.240,0.011
-443790.700,-1172401.750,351.150,0.017
-443790.550,-1172402.120,351.180,0.011
-443790.400,-1172402.510,351.100,0.021
-443790.130,-1172403.180,351.110,0.014
-443790.000,-1172403.530,351.110,0.011
-443792.690,-1172395.590,351.480,0.011
-443792.540,-1172395.980,351.440,0.021
-443791.820,-1172397.800,351.400,0.011
-443791.670,-1172398.170,351.350,0.013
-443791.510,-1172398.570,351.300,0.011
-443791.230,-1172399.290,351.320,0.008
-443791.540,-1172397.330,351.330,0.015
-443790.950,-1172398.830,351.170,0.024
-443790.510,-1172399.940,351.110,0.017
-443790.220,-1172400.650,351.100,0.022
-443790.090,-1172401.000,351.110,0.018
-443789.940,-1172401.370,351.060,0.016
-443711.500,-1172395.870,352.420,0.039
-443801.300,-1172328.930,351.380,0.011
-443801.160,-1172329.280,351.390,0.008
-443800.640,-1172328.140,351.340,0.013
-443798.960,-1172331.080,351.270,0.012
-443800.640,-1172326.910,351.370,0.028
-443800.730,-1172324.940,351.370,0.059
-443800.310,-1172325.990,351.290,0.021
-443797.940,-1172330.780,351.200,0.018
-443802.740,-1172318.910,350.920,0.022
-443799.600,-1172326.680,351.280,0.030
-443799.190,-1172327.700,351.280,0.012
-443798.220,-1172330.100,351.180,0.017
-443798.590,-1172327.800,351.240,0.016
-443797.180,-1172331.270,351.120,0.018
-443796.970,-1172330.700,351.200,0.020
-443797.350,-1172326.020,351.170,0.029
-443796.670,-1172327.700,351.140,0.009
-443756.950,-1172312.880,354.330,0.023
-443757.710,-1172311.630,354.470,0.038
-443757.570,-1172311.970,354.470,0.011
-443756.600,-1172315.460,354.330,0.016
-443756.680,-1172315.920,354.400,0.016
-443758.140,-1172312.430,354.550,0.021
-443756.950,-1172315.270,354.400,0.020
-443757.720,-1172314.960,354.390,0.017
-443758.500,-1172313.900,354.480,0.014
-443758.350,-1172314.270,354.450,0.025
-443758.200,-1172314.620,354.450,0.016
-443760.260,-1172311.330,354.710,0.059
-443759.970,-1172312.020,354.670,0.020
-443759.830,-1172312.370,354.690,0.019
-443759.520,-1172313.100,354.590,0.011
-443759.390,-1172313.420,354.640,0.016
-443759.250,-1172313.750,354.630,0.018
-443758.680,-1172315.130,354.530,0.022
-443758.540,-1172315.470,354.500,0.018
-443758.370,-1172315.880,354.360,0.043
-443758.100,-1172316.520,354.470,0.030
-443757.810,-1172317.210,354.460,0.019
-443760.940,-1172312.030,354.770,0.028
-443760.500,-1172313.070,354.710,0.012
-443760.200,-1172313.790,354.650,0.015
-443758.900,-1172316.920,354.550,0.011
-443758.610,-1172317.630,354.500,0.007
-443758.320,-1172318.320,354.520,0.012
-443758.980,-1172319.240,354.520,0.011
-443758.830,-1172319.590,354.460,0.015
-443758.260,-1172320.960,354.470,0.008
-443761.980,-1172311.040,354.820,0.040
-443758.200,-1172320.130,354.390,0.026
-443762.030,-1172311.900,354.900,0.009
-443761.880,-1172312.260,354.860,0.021
-443761.560,-1172313.030,354.700,0.031
-443761.440,-1172313.320,354.810,0.031
-443760.710,-1172315.090,354.630,0.030
-443760.560,-1172315.440,354.650,0.011
-443759.970,-1172316.850,354.590,0.011
-443759.840,-1172317.170,354.600,0.013
-443762.990,-1172311.170,354.940,0.024
-443761.980,-1172313.610,354.790,0.020
-443758.920,-1172320.960,354.430,0.020
-443763.450,-1172310.960,355.030,0.028
-443763.140,-1172311.720,354.900,0.021
-443762.270,-1172313.800,354.870,0.010
-443761.550,-1172315.530,354.740,0.007
-443761.270,-1172316.220,354.730,0.009
-443761.110,-1172316.590,354.640,0.013
-443760.980,-1172316.900,354.720,0.015
-443760.390,-1172318.330,354.600,0.011
-443759.820,-1172319.700,354.590,0.006
-443759.660,-1172320.090,354.530,0.014
-443759.370,-1172320.780,354.550,0.010
-443763.510,-1172311.920,354.950,0.016
-443763.070,-1172312.980,354.870,0.013
-443762.790,-1172313.650,354.850,0.022
-443762.500,-1172314.360,354.780,0.017
-443761.910,-1172315.770,354.650,0.040
-443764.180,-1172310.830,355.020,0.033
-443763.760,-1172311.840,355.030,0.023
-443763.340,-1172312.850,355.010,0.018
-443763.050,-1172313.550,354.930,0.021
-443762.620,-1172314.580,354.890,0.016
-443762.330,-1172315.290,354.870,0.024
-443762.040,-1172315.990,354.820,0.027
-443761.900,-1172316.330,354.820,0.021
-443761.150,-1172318.130,354.690,0.017
-443761.010,-1172318.460,354.700,0.016
-443760.870,-1172318.800,354.670,0.022
-443760.720,-1172319.150,354.680,0.027
-443760.590,-1172319.480,354.700,0.022
-443760.430,-1172319.860,354.630,0.021
-443760.140,-1172320.560,354.620,0.023
-443764.100,-1172312.410,354.930,0.019
-443763.810,-1172313.100,354.960,0.013
-443763.520,-1172313.800,354.900,0.020
-443762.940,-1172315.190,354.880,0.006
-443761.770,-1172318.010,354.680,0.024
-443763.980,-1172313.520,355.030,0.010
-443763.670,-1172314.250,354.960,0.006
-443763.540,-1172314.570,354.980,0.006
-443763.400,-1172314.900,354.950,0.007
-443762.960,-1172315.960,354.900,0.010
-443762.350,-1172317.440,354.660,0.029
-443762.080,-1172318.080,354.800,0.013
-443761.780,-1172318.800,354.770,0.016
-443761.500,-1172319.470,354.670,0.016
-443760.940,-1172320.830,354.690,0.007
-443763.090,-1172316.890,354.750,0.045
-443762.100,-1172319.250,354.740,0.019
-443761.240,-1172321.330,354.660,0.008
-443764.020,-1172315.330,355.000,0.010
-443763.730,-1172316.030,354.930,0.018
-443763.600,-1172316.340,355.000,0.010
-443763.450,-1172316.700,354.900,0.030
-443763.320,-1172317.010,354.990,0.030
-443762.890,-1172318.060,354.880,0.032
-443762.450,-1172319.100,354.810,0.024
-443761.880,-1172320.480,354.790,0.023
-443761.430,-1172321.570,354.720,0.012
-443761.140,-1172322.270,354.760,0.027
-443762.790,-1172319.690,354.770,0.026
-443762.490,-1172320.420,354.740,0.023
-443763.660,-1172318.330,354.980,0.015
-443763.070,-1172319.750,354.870,0.019
-443762.790,-1172320.440,354.880,0.021
-443762.640,-1172320.790,354.830,0.011
-443762.500,-1172321.130,354.860,0.019
-443762.190,-1172321.880,354.750,0.018
-443763.350,-1172320.220,354.800,0.022
-443762.770,-1172321.620,354.750,0.034
-443763.880,-1172319.370,354.940,0.018
-443763.730,-1172319.720,354.890,0.019
-443763.590,-1172320.060,354.910,0.018
-443763.450,-1172320.390,354.920,0.019
-443763.310,-1172320.740,354.900,0.023
-443763.020,-1172321.430,354.820,0.026
-443762.880,-1172321.760,354.870,0.022
-443764.360,-1172320.160,354.960,0.029
-443763.790,-1172321.530,354.970,0.018
-443764.280,-1172321.500,354.990,0.021
-443852.380,-1172429.990,360.840,0.077
-443851.730,-1172429.600,368.340,0.036
-443850.460,-1172429.370,374.140,0.020
-443850.880,-1172429.380,374.810,0.039
-443850.780,-1172429.640,374.180,0.019
-443850.580,-1172427.380,374.210,0.037
-443850.390,-1172425.150,374.180,0.009
-443848.090,-1172431.510,374.200,0.067
-443850.180,-1172421.760,374.110,0.015
-443850.660,-1172421.790,374.820,0.061
-443851.490,-1172416.640,373.810,0.009
-443851.510,-1172415.260,356.940,0.080
-443851.390,-1172415.600,356.990,0.079
-443850.540,-1172416.440,374.740,0.033
-443849.630,-1172418.960,375.580,0.052
-443849.940,-1172415.630,374.150,0.024
-443848.850,-1172418.650,374.400,0.021
-443845.340,-1172428.320,374.180,0.059
-443850.140,-1172416.320,374.130,0.016
-443850.940,-1172412.900,374.720,0.027
-443850.080,-1172413.050,374.180,0.040
-443848.640,-1172417.020,374.080,0.027
-443849.930,-1172410.920,374.180,0.016
-443849.070,-1172413.290,374.280,0.038
-443848.800,-1172414.020,374.190,0.023
-443848.540,-1172414.720,374.180,0.033
-443847.110,-1172418.650,374.120,0.020
-443850.100,-1172409.330,374.110,0.055
-443849.970,-1172409.700,374.100,0.044
-443848.690,-1172413.200,374.180,0.012
-443849.860,-1172408.380,374.210,0.018
-443845.330,-1172419.580,374.050,0.023
-443850.850,-1172405.580,368.290,0.081
-443851.070,-1172405.050,373.830,0.015
-443848.480,-1172409.690,374.140,0.020
-443844.110,-1172421.680,374.200,0.020
-443841.010,-1172430.170,374.200,0.048
-443851.160,-1172403.560,373.750,0.049
-443849.740,-1172406.230,374.180,0.051
-443849.610,-1172406.570,374.180,0.029
-443845.450,-1172415.240,374.170,0.043
-443844.930,-1172416.680,374.150,0.021
-443840.170,-1172428.220,374.170,0.030
-443849.690,-1172403.630,374.150,0.051
-443848.790,-1172406.090,374.180,0.045
-443849.810,-1172401.810,374.120,0.048
-443848.670,-1172404.960,374.060,0.058
-443848.550,-1172405.290,374.110,0.039
-443848.420,-1172405.640,374.110,0.010
-443848.640,-1172403.510,374.180,0.037
-443848.590,-1172402.300,374.120,0.038
-443849.440,-1172398.380,374.270,0.037
-443848.650,-1172400.550,374.170,0.052
-443848.390,-1172401.260,374.170,0.033
-443845.650,-1172407.330,374.060,0.024
-443845.520,-1172407.680,374.060,0.018
-443841.660,-1172418.260,377.380,0.032
-443845.390,-1172406.610,374.120,0.025
-443836.420,-1172431.080,373.840,0.022
-443849.390,-1172397.100,374.210,0.018
-443851.830,-1172389.010,374.330,0.086
-443849.580,-1172393.950,374.180,0.058
-443849.330,-1172394.640,374.200,0.033
-443848.180,-1172396.040,374.260,0.032
-443838.770,-1172420.180,377.280,0.048
-443836.570,-1172424.490,374.780,0.030
-443836.160,-1172425.600,373.830,0.022
-443835.850,-1172425.160,373.790,0.018
-443849.370,-1172389.590,374.260,0.016
-443849.240,-1172389.940,374.260,0.082
-443848.220,-1172392.730,374.260,0.019
-443849.180,-1172388.840,374.190,0.034
-443848.170,-1172391.610,374.180,0.035
-443849.350,-1172386.580,374.230,0.017
-443849.100,-1172387.250,374.280,0.021
-443848.210,-1172389.690,374.260,0.021
-443848.070,-1172390.050,374.250,0.026
-443839.310,-1172413.910,374.120,0.035
-443838.400,-1172416.390,374.160,0.050
-443838.270,-1172416.760,374.170,0.044
-443838.530,-1172414.700,374.110,0.029
-443849.210,-1172385.630,374.230,0.026
-443848.080,-1172388.700,374.200,0.026
-443849.140,-1172384.610,374.800,0.074
-443840.550,-1172407.090,373.960,0.028
-443849.170,-1172382.290,374.270,0.038
-443848.790,-1172383.330,374.260,0.010
-443836.110,-1172414.970,374.750,0.032
-443834.930,-1172418.160,373.730,0.054
-443849.210,-1172380.880,374.720,0.015
-443848.880,-1172381.770,374.200,0.029
-443848.760,-1172382.110,374.210,0.023
-443848.640,-1172382.440,374.210,0.010
-443851.170,-1172374.100,373.960,0.082
-443848.930,-1172380.210,374.250,0.008
-443848.800,-1172380.550,374.240,0.005
-443835.630,-1172414.960,373.760,0.084
-443835.890,-1172412.680,374.740,0.041
-443851.380,-1172372.250,373.390,0.093
-443848.970,-1172378.800,374.220,0.014
-443848.850,-1172379.140,374.230,0.014
-443849.260,-1172376.460,374.690,0.070
-443848.940,-1172377.310,374.250,0.036
-443846.130,-1172384.950,374.260,0.023
-443843.180,-1172392.930,374.310,0.020
-443840.640,-1172399.820,374.450,0.069
-443848.860,-1172376.140,374.220,0.029
-443848.740,-1172376.470,374.220,0.011
-443835.450,-1172411.230,373.830,0.038
-443835.460,-1172410.050,373.780,0.016
-443834.920,-1172411.520,373.680,0.027
-443848.790,-1172375.150,374.260,0.014
-443848.660,-1172375.510,374.250,0.008
-443848.800,-1172373.970,374.220,0.034
-443848.670,-1172374.330,374.210,0.041
-443835.780,-1172407.610,374.760,0.037
-443835.650,-1172407.940,374.840,0.041
-443848.700,-1172372.700,374.290,0.004
-443848.580,-1172373.020,374.270,0.040
-443834.780,-1172408.790,373.810,0.017
-443848.510,-1172371.750,374.250,0.016
-443840.170,-1172392.950,374.310,0.009
-443835.560,-1172404.110,374.540,0.066
-443847.490,-1172371.940,374.180,0.023
-443835.760,-1172401.960,374.760,0.056
-443835.500,-1172402.640,374.740,0.041
-443834.950,-1172401.270,373.920,0.049
-443843.150,-1172378.070,374.670,0.031
-443835.540,-1172398.550,374.780,0.022
-443835.350,-1172397.600,374.800,0.063
-443835.250,-1172396.530,373.740,0.053
-443835.280,-1172396.450,374.780,0.025
-443838.370,-1172385.540,377.650,0.084
-443835.030,-1172391.050,374.760,0.014
-443834.760,-1172390.330,373.870,0.047
-443836.810,-1172380.000,374.240,0.032
-443840.350,-1172370.550,374.710,0.064
-443841.010,-1172365.430,370.350,0.074
-443834.190,-1172383.700,377.540,0.020
-443834.700,-1172379.190,373.790,0.048
-443834.570,-1172379.530,373.810,0.055
-443834.730,-1172376.920,374.760,0.059
-443838.780,-1172366.110,370.670,0.030
-443839.450,-1172362.820,371.170,0.011
-443838.840,-1172364.410,370.660,0.018
-443838.710,-1172364.760,370.680,0.022
-443834.140,-1172373.950,373.860,0.013
-443839.360,-1172361.510,371.060,0.013
-443838.760,-1172363.100,370.620,0.020
-443839.300,-1172358.960,371.070,0.020
-443839.170,-1172359.300,371.070,0.026
-443838.850,-1172360.130,370.650,0.043
-443838.720,-1172360.470,370.600,0.019
-443838.600,-1172360.800,370.620,0.015
-443834.260,-1172372.320,373.790,0.028
-443839.130,-1172357.930,371.110,0.014
-443838.540,-1172359.490,370.670,0.018
-443838.630,-1172357.860,370.630,0.016
-443838.500,-1172358.200,370.640,0.018
-443838.370,-1172358.560,370.600,0.016
-443838.240,-1172358.900,370.590,0.016
-443839.130,-1172355.400,371.130,0.012
-443838.670,-1172356.600,370.660,0.038
-443838.560,-1172356.900,370.690,0.040
-443838.530,-1172355.840,370.630,0.029
-443838.400,-1172356.180,370.620,0.018
-443838.940,-1172353.350,371.130,0.012
-443838.490,-1172354.560,370.690,0.019
-443838.400,-1172353.240,370.640,0.018
-443838.500,-1172351.490,370.690,0.015
-443838.370,-1172351.840,370.700,0.022
-443832.550,-1172367.150,371.080,0.060
-443839.030,-1172348.600,371.110,0.027
-443838.440,-1172350.150,370.630,0.039
-443838.830,-1172347.450,371.130,0.010
-443838.380,-1172348.620,370.690,0.012
-443838.240,-1172348.980,370.690,0.007
-443835.370,-1172356.520,370.580,0.014
-443838.490,-1172346.770,370.660,0.033
-443833.300,-1172357.850,373.190,0.014
-443833.160,-1172358.200,373.140,0.015
-443833.030,-1172358.540,373.180,0.008
-443838.790,-1172344.690,371.140,0.047
-443838.340,-1172345.890,370.680,0.030
-443831.240,-1172361.600,370.810,0.035
-443838.970,-1172342.950,371.110,0.013
-443838.240,-1172344.860,370.640,0.011
-443838.130,-1172343.560,370.640,0.020
-443833.150,-1172356.620,373.190,0.033
-443838.780,-1172340.120,371.090,0.015
-443838.210,-1172341.620,370.660,0.025
-443838.070,-1172341.980,370.650,0.005
-443838.560,-1172335.680,371.140,0.031
-443838.440,-1172336.000,371.110,0.031
-443837.980,-1172337.200,370.670,0.029
-443837.850,-1172337.540,370.640,0.007
-443829.780,-1172356.010,373.090,0.053
-443838.530,-1172334.320,371.090,0.018
-443837.950,-1172335.840,370.600,0.032
-443837.910,-1172334.800,370.640,0.006
-443836.890,-1172337.460,370.620,0.006
-443835.030,-1172338.290,370.500,0.049
-443830.110,-1172343.400,370.560,0.039
-443832.440,-1172338.480,373.210,0.017
-443832.290,-1172338.850,373.200,0.011
-443828.400,-1172339.280,370.560,0.032
-443826.100,-1172342.720,371.140,0.064
-443770.540,-1172431.650,361.330,0.071
-443770.380,-1172433.280,361.310,0.019
-443770.770,-1172434.940,361.830,0.047
-443770.270,-1172429.010,361.460,0.091
-443770.680,-1172430.270,361.830,0.023
-443770.540,-1172430.630,361.840,0.030
-443770.030,-1172426.980,361.520,0.013
-443769.900,-1172427.310,361.520,0.009
-443769.920,-1172424.510,361.610,0.021
-443769.830,-1172422.180,361.700,0.020
-443769.190,-1172424.850,361.570,0.091
-443742.290,-1172435.370,361.280,0.079
-443738.420,-1172436.870,361.190,0.022
-443737.320,-1172431.730,361.410,0.016
-443838.640,-1172332.920,371.140,0.014
-443837.970,-1172332.160,370.650,0.023
-443835.690,-1172333.860,370.570,0.007
-443827.370,-1172330.300,370.850,0.094
-443813.030,-1172307.210,357.580,0.041
-443804.260,-1172311.480,357.550,0.045
-443795.910,-1172312.580,361.740,0.048
-443775.110,-1172318.440,357.240,0.021
-443774.470,-1172318.650,357.270,0.023
-443775.530,-1172292.520,359.050,0.096
-443774.690,-1172291.800,358.700,0.025
-443774.860,-1172292.550,358.720,0.060
-443769.780,-1172292.320,358.650,0.016
-443761.750,-1172294.480,359.260,0.046
-443749.710,-1172324.850,356.780,0.061
-443761.240,-1172294.790,359.190,0.072
-443761.000,-1172293.810,359.170,0.025
-443761.020,-1172293.300,359.070,0.033
-443761.410,-1172291.250,359.260,0.045
-443760.950,-1172292.350,359.110,0.028
-443760.660,-1172290.830,359.070,0.023
-443738.390,-1172323.790,359.330,0.076
-443720.300,-1172294.570,358.240,0.074
-443719.150,-1172319.750,359.070,0.029
-443711.860,-1172330.530,360.980,0.049
-443710.160,-1172334.660,361.040,0.013
-443710.220,-1172332.380,361.070,0.013
-443709.640,-1172333.780,361.050,0.017
-443709.740,-1172331.330,361.010,0.022
-443709.300,-1172332.410,361.030,0.021
-443708.990,-1172333.160,360.980,0.035
-443708.850,-1172333.490,360.970,0.022
-443708.120,-1172335.260,360.920,0.022
-443707.830,-1172335.980,360.930,0.019
-443709.300,-1172331.860,360.910,0.016
-443708.710,-1172333.290,360.830,0.021
-443707.700,-1172335.770,360.800,0.021
-443707.550,-1172336.130,360.820,0.013
-443708.480,-1172332.050,360.890,0.030
-443708.330,-1172332.410,360.840,0.025
-443708.040,-1172333.130,360.810,0.025
-443707.030,-1172335.580,360.760,0.018
-443709.270,-1172330.870,360.970,0.035
-443708.980,-1172331.580,360.940,0.021
-443708.410,-1172332.980,360.910,0.032
-443708.110,-1172333.700,360.900,0.013
-443707.540,-1172335.100,360.910,0.022
-443707.380,-1172335.500,360.870,0.018
-443707.230,-1172335.860,360.850,0.017
-443709.810,-1172327.330,361.030,0.010
-443709.670,-1172327.680,361.070,0.017
-443709.370,-1172328.410,361.020,0.022
-443709.090,-1172329.100,361.000,0.014
-443708.950,-1172329.440,360.980,0.011
-443708.350,-1172330.890,360.940,0.012
-443709.530,-1172327.350,360.970,0.015
-443708.220,-1172330.540,360.900,0.060
-443707.770,-1172331.630,360.800,0.025
-443707.640,-1172331.960,360.850,0.022
-443706.600,-1172334.490,360.750,0.015
-443705.750,-1172336.560,360.720,0.015
-443709.630,-1172325.400,360.600,0.027
-443709.100,-1172326.700,360.860,0.030
-443706.500,-1172333.040,360.720,0.023
-443709.290,-1172326.770,361.000,0.024
-443708.720,-1172328.160,360.980,0.021
-443705.650,-1172335.650,360.770,0.018
-443708.570,-1172326.940,360.950,0.032
-443708.420,-1172327.290,360.900,0.042
-443708.290,-1172327.630,360.970,0.029
-443707.420,-1172329.730,360.860,0.033
-443707.280,-1172330.080,360.910,0.021
-443708.090,-1172326.860,360.900,0.097
-443707.820,-1172327.510,360.940,0.025
-443707.520,-1172328.240,360.870,0.009
-443707.380,-1172328.590,360.900,0.008
-443707.210,-1172328.980,360.770,0.027
-443706.350,-1172331.100,360.800,0.029
-443705.450,-1172331.430,360.770,0.024
-443707.640,-1172327.310,360.810,0.018
-443705.270,-1172330.400,360.780,0.008
-443705.380,-1172331.110,360.690,0.031
-443707.340,-1172326.820,360.880,0.004
-443707.050,-1172327.520,360.870,0.040
-443706.910,-1172327.880,360.890,0.015
-443705.860,-1172327.210,360.800,0.018
-443706.680,-1172326.940,360.730,0.037
-443705.990,-1172328.640,360.780,0.021
-443705.050,-1172328.840,360.700,0.025
-443704.630,-1172327.320,360.790,0.021
-443704.610,-1172326.750,360.650,0.030
-443827.190,-1172440.580,351.490,0.054
-443850.780,-1172419.330,348.560,0.009
-443826.640,-1172439.220,351.550,0.041
-443852.130,-1172415.920,349.470,0.091
-443852.190,-1172415.540,349.580,0.090
-443827.030,-1172436.650,351.460,0.058
-443827.010,-1172435.420,351.530,0.009
-443819.160,-1172440.580,351.410,0.024
-443807.350,-1172434.050,351.560,0.081
-443795.700,-1172420.190,353.740,0.029
-443796.890,-1172417.430,354.270,0.048
-443796.520,-1172416.620,354.090,0.069
-443796.920,-1172416.560,354.260,0.083
-443795.570,-1172416.740,353.720,0.067
-443796.040,-1172415.350,353.950,0.010
-443794.370,-1172406.570,351.540,0.028
-443795.280,-1172405.750,351.700,0.008
-443795.570,-1172405.490,351.720,0.022
-443796.150,-1172404.960,351.790,0.011
-443796.460,-1172404.680,351.860,0.011
-443793.540,-1172406.950,351.480,0.012
-443794.130,-1172406.420,351.540,0.023
-443795.010,-1172405.630,351.680,0.020
-443796.230,-1172404.540,351.820,0.011
-443793.420,-1172406.720,351.460,0.008
-443794.880,-1172405.410,351.590,0.027
-443795.200,-1172405.130,351.670,0.020
-443796.070,-1172404.340,351.770,0.018
-443793.410,-1172406.250,351.450,0.018
-443793.690,-1172405.990,351.490,0.012
-443794.290,-1172405.460,351.590,0.005
-443795.150,-1172404.680,351.710,0.028
-443795.440,-1172404.420,351.720,0.014
-443795.750,-1172404.140,351.770,0.011
-443793.600,-1172405.560,351.460,0.011
-443793.900,-1172405.290,351.490,0.013
-443794.190,-1172405.020,351.540,0.009
-443794.490,-1172404.760,351.590,0.015
-443795.080,-1172404.230,351.670,0.027
-443795.640,-1172403.720,351.720,0.035
-443795.940,-1172403.450,351.800,0.008
-443796.240,-1172403.180,351.820,0.012
-443795.580,-1172403.360,351.770,0.048
-443794.170,-1172404.140,351.570,0.030
-443794.490,-1172403.860,351.630,0.022
-443794.780,-1172403.600,351.650,0.006
-443795.070,-1172403.340,351.700,0.014
-443793.320,-1172404.340,351.490,0.027
-443793.550,-1172403.590,351.500,0.032
-443794.850,-1172407.850,351.640,0.026
-443795.140,-1172407.600,351.630,0.018
-443795.440,-1172407.330,351.710,0.007
-443795.720,-1172407.070,351.730,0.020
-443796.620,-1172406.270,351.840,0.008
-443796.930,-1172405.990,351.890,0.012
-443797.200,-1172405.750,351.890,0.012
-443793.690,-1172408.490,351.440,0.026
-443795.160,-1172407.170,351.670,0.016
-443795.760,-1172406.630,351.760,0.010
-443796.020,-1172406.400,351.770,0.012
-443794.050,-1172407.800,351.510,0.022
-443794.340,-1172407.540,351.530,0.011
-443795.560,-1172406.440,351.720,0.016
-443796.440,-1172405.650,351.800,0.014
-443796.140,-1172405.490,351.810,0.011
-443793.470,-1172407.380,351.460,0.007
-443793.770,-1172407.100,351.480,0.015
-443794.080,-1172406.830,351.530,0.018
-443793.750,-1172410.280,351.450,0.007
-443794.030,-1172410.030,351.500,0.008
-443794.320,-1172409.770,351.490,0.021
-443794.640,-1172409.480,351.550,0.014
-443796.420,-1172407.880,351.810,0.015
-443797.310,-1172407.080,351.910,0.017
-443794.410,-1172409.280,351.550,0.018
-443795.610,-1172408.210,351.720,0.008
-443795.910,-1172407.940,351.740,0.012
-443796.210,-1172407.670,351.790,0.032
-443796.520,-1172407.390,351.830,0.015
-443793.770,-1172409.360,351.470,0.009
-443794.960,-1172408.290,351.630,0.010
-443795.550,-1172407.760,351.680,0.010
-443796.430,-1172406.970,351.810,0.028
-443793.690,-1172408.900,351.440,0.012
-443793.980,-1172408.640,351.490,0.007
-443794.250,-1172408.400,351.490,0.019
-443795.480,-1172409.600,351.660,0.017
-443795.770,-1172409.340,351.710,0.012
-443796.070,-1172409.070,351.750,0.015
-443796.940,-1172408.290,351.830,0.020
-443801.060,-1172404.590,348.060,0.030
-443794.060,-1172410.400,351.500,0.006
-443795.520,-1172409.090,351.670,0.019
-443795.850,-1172408.790,351.680,0.016
-443796.730,-1172408.000,351.840,0.011
-443797.050,-1172407.720,351.880,0.010
-443796.090,-1172409.890,351.750,0.017
-443796.380,-1172409.620,351.800,0.016
-443795.570,-1172410.000,351.710,0.011
-443796.720,-1172408.970,351.840,0.016
-443797.230,-1172409.730,351.860,0.011
-443796.160,-1172410.200,351.780,0.015
-443796.420,-1172409.960,351.780,0.016
-443796.720,-1172409.700,351.830,0.016
-443797.030,-1172409.410,351.900,0.004
-443797.330,-1172409.150,351.910,0.005
-443794.500,-1172412.710,353.440,0.033
-443793.340,-1172422.710,352.890,0.032
-443794.290,-1172421.860,353.250,0.024
-443794.430,-1172421.320,353.290,0.024
-443793.850,-1172421.340,353.090,0.061
-443790.410,-1172423.600,350.090,0.031
-443794.300,-1172419.330,353.270,0.016
-443789.230,-1172419.990,349.960,0.008
-443754.100,-1172408.250,350.470,0.011
-443754.290,-1172410.630,350.530,0.016
-443776.630,-1172413.370,353.500,0.026
-443789.510,-1172403.760,350.970,0.030
-443789.540,-1172404.210,351.020,0.012
-443790.160,-1172403.660,351.110,0.013
-443789.780,-1172404.520,351.060,0.007
-443790.360,-1172404.000,351.120,0.010
-443790.660,-1172403.730,351.170,0.016
-443789.930,-1172404.730,351.080,0.008
-443789.790,-1172405.270,351.040,0.014
-443790.100,-1172404.990,351.090,0.005
-443791.020,-1172404.160,351.220,0.014
-443791.320,-1172403.890,351.240,0.012
-443791.610,-1172403.640,351.280,0.005
-443791.320,-1172404.350,351.240,0.015
-443791.630,-1172404.080,351.280,0.009
-443789.870,-1172405.660,351.070,0.013
-443790.440,-1172405.640,351.120,0.015
-443791.020,-1172405.110,351.170,0.017
-443791.340,-1172404.830,351.240,0.013
-443792.510,-1172403.780,351.340,0.021
-443790.020,-1172406.360,351.050,0.021
-443792.330,-1172404.280,351.360,0.020
-443790.040,-1172406.760,351.030,0.014
-443790.610,-1172406.240,351.120,0.012
-443792.060,-1172404.930,351.290,0.015
-443792.660,-1172404.400,351.370,0.009
-443790.080,-1172407.250,351.070,0.006
-443790.340,-1172407.020,351.070,0.007
-443791.530,-1172405.950,351.240,0.014
-443791.830,-1172405.670,351.310,0.016
-443790.310,-1172407.620,351.060,0.014
-443792.700,-1172405.470,351.360,0.025
-443793.000,-1172405.200,351.390,0.015
-443791.120,-1172407.370,351.180,0.016
-443791.710,-1172406.840,351.260,0.006
-443792.030,-1172406.560,351.300,0.006
-443792.870,-1172405.800,351.400,0.017
-443777.270,-1172419.840,354.050,0.018
-443791.210,-1172407.700,351.140,0.017
-443791.510,-1172407.440,351.220,0.009
-443792.080,-1172406.920,351.240,0.009
-443792.690,-1172406.370,351.360,0.014
-443790.320,-1172408.510,351.050,0.023
-443777.250,-1172420.780,346.830,0.046
-443777.580,-1172420.480,347.040,0.052
-443790.410,-1172408.940,351.100,0.015
-443790.180,-1172409.640,351.050,0.013
-443790.470,-1172409.370,351.070,0.009
-443791.670,-1172408.290,351.210,0.018
-443791.970,-1172408.030,351.260,0.012
-443791.470,-1172408.810,351.200,0.010
-443791.770,-1172408.550,351.270,0.020
-443792.050,-1172408.290,351.270,0.014
-443792.640,-1172407.760,351.340,0.042
-443792.920,-1172407.510,351.390,0.027
-443791.110,-1172409.490,351.160,0.036
-443792.890,-1172407.900,351.340,0.026
-443793.190,-1172407.630,351.450,0.006
-443777.480,-1172422.270,354.020,0.050
-443791.070,-1172410.060,351.150,0.019
-443777.490,-1172422.680,354.030,0.048
-443791.960,-1172409.680,351.190,0.026
-443792.270,-1172409.400,351.260,0.010
-443792.850,-1172408.880,351.310,0.014
-443791.310,-1172410.630,351.190,0.013
-443791.590,-1172410.380,351.210,0.013
-443791.870,-1172410.130,351.220,0.018
-443792.180,-1172409.850,351.250,0.020
-443792.760,-1172409.330,351.330,0.012
-443791.590,-1172410.790,351.190,0.016
-443791.890,-1172410.520,351.230,0.012
-443792.190,-1172410.240,351.270,0.006
-443792.500,-1172409.960,351.300,0.008
-443792.790,-1172409.710,351.330,0.024
-443793.090,-1172409.440,351.380,0.015
-443793.220,-1172410.360,351.380,0.009
-443793.820,-1172413.320,353.160,0.042
-443793.300,-1172414.200,353.020,0.036
-443793.230,-1172414.680,352.980,0.048
-443790.100,-1172417.970,349.900,0.015
-443792.860,-1172415.500,352.850,0.035
-443791.350,-1172377.980,351.560,0.045
-443791.120,-1172378.570,351.460,0.021
-443791.400,-1172378.320,351.480,0.014
-443791.690,-1172378.060,351.590,0.009
-443791.960,-1172377.820,351.580,0.017
-443791.200,-1172379.450,351.500,0.015
-443791.470,-1172379.200,351.550,0.018
-443791.780,-1172378.920,351.590,0.033
-443791.170,-1172378.930,351.510,0.012
-443791.750,-1172378.400,351.570,0.011
-443792.080,-1172378.650,351.600,0.035
-443791.770,-1172379.310,351.580,0.015
-443792.060,-1172379.040,351.570,0.015
-443792.660,-1172378.500,351.700,0.016
-443792.960,-1172378.230,351.760,0.007
-443793.130,-1172378.590,351.730,0.036
-443793.710,-1172378.070,351.750,0.015
-443792.320,-1172379.830,351.600,0.010
-443792.620,-1172379.550,351.690,0.007
-443791.500,-1172381.110,351.460,0.015
-443792.690,-1172380.030,351.650,0.009
-443793.830,-1172379.000,351.800,0.013
-443794.400,-1172378.480,351.830,0.019
-443793.570,-1172379.570,351.760,0.031
-443794.170,-1172379.030,351.860,0.015
-443794.440,-1172378.790,351.900,0.018
-443791.580,-1172381.750,351.480,0.007
-443792.150,-1172381.230,351.550,0.014
-443792.450,-1172380.960,351.610,0.009
-443792.740,-1172380.700,351.600,0.019
-443793.320,-1172380.170,351.720,0.014
-443793.630,-1172379.890,351.750,0.009
-443793.910,-1172379.640,351.790,0.017
-443791.620,-1172382.200,351.510,0.015
-443791.890,-1172381.950,351.520,0.012
-443794.570,-1172379.530,351.860,0.045
-443794.600,-1172379.970,351.880,0.031
-443791.940,-1172382.370,351.500,0.013
-443792.840,-1172381.560,351.630,0.012
-443793.140,-1172381.290,351.670,0.014
-443791.710,-1172382.990,351.500,0.020
-443792.860,-1172381.960,351.640,0.011
-443793.170,-1172381.670,351.680,0.017
-443794.060,-1172380.870,351.830,0.047
-443794.350,-1172380.600,351.820,0.031
-443791.970,-1172383.210,351.490,0.019
-443793.740,-1172381.610,351.720,0.030
-443791.680,-1172383.470,351.460,0.016
-443791.770,-1172383.940,351.540,0.021
-443792.070,-1172383.670,351.560,0.010
-443792.960,-1172382.870,351.700,0.011
-443793.230,-1172382.620,351.700,0.009
-443793.540,-1172382.350,351.720,0.017
-443793.820,-1172382.090,351.760,0.022
-443794.380,-1172381.580,351.850,0.017
-443794.660,-1172381.330,351.840,0.023
-443794.230,-1172382.220,351.780,0.028
-443792.230,-1172384.030,351.530,0.014
-443793.080,-1172383.260,351.640,0.016
-443793.380,-1172382.990,351.720,0.014
-443792.990,-1172383.700,351.670,0.015
-443793.590,-1172383.160,351.720,0.014
-443793.880,-1172382.900,351.780,0.017
-443794.760,-1172382.110,351.900,0.014
-443791.870,-1172385.090,351.480,0.018
-443792.770,-1172384.270,351.630,0.024
-443793.070,-1172384.010,351.660,0.016
-443793.640,-1172383.490,351.730,0.032
-443792.580,-1172384.920,351.610,0.018
-443792.870,-1172384.660,351.630,0.006
-443793.490,-1172384.090,351.740,0.013
-443794.040,-1172383.600,351.810,0.006
-443794.630,-1172383.070,351.830,0.020
-443792.450,-1172385.530,351.530,0.023
-443792.740,-1172385.260,351.580,0.025
-443793.020,-1172385.010,351.640,0.021
-443793.600,-1172384.480,351.690,0.018
-443794.790,-1172383.410,351.840,0.013
-443792.130,-1172386.160,351.540,0.025
-443792.420,-1172385.900,351.550,0.014
-443792.720,-1172385.630,351.620,0.029
-443793.330,-1172385.080,351.690,0.013
-443793.630,-1172384.810,351.750,0.016
-443793.910,-1172384.550,351.770,0.024
-443794.190,-1172384.300,351.780,0.023
-443794.500,-1172384.020,351.830,0.019
-443794.780,-1172383.770,351.870,0.017
-443800.370,-1172378.720,348.330,0.025
-443800.660,-1172378.460,348.390,0.021
-443792.940,-1172385.870,351.600,0.025
-443793.250,-1172385.590,351.670,0.015
-443793.540,-1172385.320,351.710,0.015
-443794.390,-1172384.560,351.800,0.025
-443794.960,-1172384.040,351.860,0.014
-443791.870,-1172387.320,351.470,0.038
-443793.040,-1172386.260,351.640,0.009
-443793.330,-1172386.000,351.680,0.011
-443794.480,-1172384.960,351.830,0.018
-443801.070,-1172379.530,348.310,0.009
-443792.020,-1172387.700,351.480,0.033
-443792.590,-1172387.190,351.530,0.028
-443793.180,-1172386.660,351.630,0.012
-443794.060,-1172385.860,351.760,0.022
-443794.360,-1172385.580,351.820,0.010
-443792.190,-1172387.910,351.490,0.015
-443792.470,-1172387.650,351.540,0.014
-443793.930,-1172386.330,351.740,0.012
-443794.570,-1172385.750,351.870,0.003
-443794.860,-1172385.500,351.870,0.009
-443792.000,-1172388.470,351.440,0.016
-443792.300,-1172388.200,351.500,0.009
-443792.590,-1172387.940,351.550,0.014
-443792.880,-1172387.670,351.580,0.017
-443793.490,-1172387.130,351.660,0.017
-443793.800,-1172386.840,351.740,0.017
-443792.000,-1172388.910,351.480,0.010
-443792.320,-1172388.620,351.540,0.014
-443793.200,-1172387.820,351.620,0.012
-443793.490,-1172387.560,351.680,0.009
-443792.920,-1172388.580,351.590,0.014
-443793.520,-1172388.040,351.700,0.010
-443793.800,-1172387.780,351.700,0.010
-443794.110,-1172387.510,351.730,0.017
-443792.400,-1172389.420,351.500,0.011
-443793.280,-1172388.630,351.600,0.022
-443793.610,-1172388.330,351.680,0.017
-443794.180,-1172387.810,351.780,0.015
-443794.750,-1172387.300,351.840,0.019
-443795.030,-1172387.050,351.900,0.016
-443795.320,-1172386.780,351.930,0.009
-443792.290,-1172389.930,351.490,0.013
-443792.590,-1172389.650,351.520,0.018
-443793.180,-1172389.130,351.590,0.014
-443794.910,-1172387.560,351.820,0.021
-443795.200,-1172387.300,351.900,0.021
-443793.890,-1172388.950,351.750,0.018
-443794.780,-1172388.150,351.860,0.009
-443795.050,-1172387.900,351.880,0.022
-443792.150,-1172390.520,351.480,0.011
-443792.430,-1172390.270,351.530,0.012
-443792.350,-1172390.870,351.490,0.014
-443792.640,-1172390.620,351.540,0.011
-443792.920,-1172390.360,351.540,0.015
-443793.520,-1172389.820,351.640,0.024
-443793.820,-1172389.550,351.670,0.024
-443794.100,-1172389.290,351.700,0.020
-443794.400,-1172389.020,351.790,0.012
-443794.700,-1172388.750,351.820,0.016
-443794.990,-1172388.490,351.840,0.027
-443795.200,-1172388.670,351.910,0.017
-443792.240,-1172391.340,351.490,0.024
-443792.540,-1172391.070,351.520,0.009
-443792.820,-1172390.820,351.570,0.010
-443793.120,-1172390.550,351.620,0.012
-443793.420,-1172390.280,351.630,0.015
-443793.710,-1172390.020,351.670,0.008
-443794.010,-1172389.750,351.710,0.018
-443792.940,-1172391.140,351.540,0.018
-443793.250,-1172390.870,351.580,0.022
-443793.830,-1172390.340,351.690,0.008
-443794.110,-1172390.090,351.730,0.015
-443794.420,-1172389.810,351.780,0.021
-443794.720,-1172389.540,351.820,0.020
-443795.000,-1172389.290,351.830,0.029
-443795.300,-1172389.020,351.890,0.047
-443792.380,-1172392.170,351.520,0.020
-443792.640,-1172391.940,351.530,0.025
-443792.920,-1172391.680,351.550,0.017
-443793.250,-1172391.390,351.620,0.009
-443793.530,-1172391.130,351.630,0.014
-443794.440,-1172390.320,351.770,0.029
-443794.730,-1172390.050,351.800,0.018
-443795.020,-1172389.790,351.870,0.008
-443794.330,-1172390.970,351.750,0.027
-443794.610,-1172390.710,351.760,0.024
-443794.900,-1172390.450,351.800,0.023
-443792.420,-1172393.130,351.460,0.031
-443793.000,-1172392.620,351.540,0.041
-443793.310,-1172392.340,351.580,0.029
-443794.460,-1172391.300,351.770,0.008
-443794.750,-1172391.040,351.780,0.015
-443795.330,-1172390.510,351.900,0.012
-443795.550,-1172390.850,351.880,0.006
-443792.350,-1172393.740,351.470,0.038
-443792.630,-1172393.480,351.500,0.044
-443793.800,-1172392.430,351.660,0.010
-443794.070,-1172392.180,351.670,0.010
-443794.370,-1172391.910,351.710,0.017
-443793.490,-1172393.270,351.610,0.009
-443793.810,-1172392.990,351.670,0.005
-443794.100,-1172392.720,351.710,0.016
-443794.680,-1172392.200,351.780,0.019
-443794.970,-1172391.940,351.810,0.016
-443795.270,-1172391.670,351.860,0.010
-443793.240,-1172394.100,351.580,0.010
-443793.810,-1172393.580,351.650,0.021
-443795.310,-1172392.230,351.840,0.017
-443794.420,-1172393.480,351.720,0.005
-443794.720,-1172393.210,351.760,0.009
-443795.010,-1172392.950,351.770,0.016
-443795.300,-1172392.680,351.810,0.014
-443795.600,-1172392.410,351.880,0.004
-443792.530,-1172395.680,351.450,0.021
-443793.110,-1172395.160,351.500,0.012
-443793.680,-1172394.650,351.600,0.014
-443794.000,-1172394.360,351.640,0.012
-443794.290,-1172394.100,351.680,0.008
-443795.770,-1172392.770,351.880,0.009
-443792.790,-1172396.020,351.460,0.030
-443793.060,-1172395.780,351.490,0.016
-443793.370,-1172395.500,351.580,0.007
-443793.980,-1172394.950,351.630,0.020
-443795.150,-1172393.890,351.780,0.006
-443795.720,-1172393.380,351.850,0.011
-443793.070,-1172396.350,351.530,0.019
-443793.650,-1172395.830,351.580,0.015
-443794.810,-1172394.780,351.770,0.007
-443795.090,-1172394.530,351.770,0.014
-443792.870,-1172396.950,351.490,0.012
-443793.170,-1172396.670,351.560,0.010
-443793.440,-1172396.440,351.570,0.010
-443794.600,-1172395.390,351.730,0.016
-443794.900,-1172395.120,351.760,0.013
-443796.000,-1172394.540,351.900,0.008
-443793.060,-1172397.180,351.520,0.007
-443793.350,-1172396.920,351.550,0.004
-443793.630,-1172396.680,351.590,0.016
-443794.210,-1172396.150,351.630,0.019
-443795.690,-1172394.820,351.840,0.013
-443792.930,-1172397.830,351.450,0.013
-443795.010,-1172395.950,351.760,0.011
-443795.610,-1172395.420,351.830,0.031
-443793.700,-1172397.590,351.570,0.024
-443794.010,-1172397.300,351.640,0.005
-443794.910,-1172396.490,351.720,0.023
-443795.200,-1172396.230,351.770,0.028
-443795.480,-1172395.980,351.780,0.027
-443793.020,-1172398.610,351.510,0.013
-443793.600,-1172398.080,351.610,0.020
-443794.480,-1172397.290,351.730,0.018
-443795.370,-1172396.490,351.810,0.025
-443795.770,-1172395.720,351.860,0.031
-443793.120,-1172398.890,351.530,0.016
-443794.300,-1172397.820,351.660,0.017
-443794.900,-1172397.280,351.730,0.015
-443795.190,-1172397.020,351.770,0.013
-443795.500,-1172396.740,351.810,0.018
-443795.780,-1172396.490,351.830,0.016
-443793.240,-1172399.240,351.530,0.015
-443793.860,-1172398.690,351.620,0.009
-443795.020,-1172397.650,351.730,0.017
-443796.180,-1172396.600,351.930,0.018
-443793.010,-1172399.910,351.480,0.013
-443794.190,-1172398.850,351.650,0.032
-443794.470,-1172398.600,351.660,0.036
-443795.330,-1172397.820,351.770,0.015
-443795.630,-1172397.550,351.830,0.016
-443795.930,-1172397.280,351.880,0.026
-443796.220,-1172397.020,351.930,0.027
-443792.930,-1172400.330,351.480,0.016
-443794.090,-1172399.280,351.640,0.028
-443795.250,-1172398.230,351.800,0.012
-443795.550,-1172397.970,351.800,0.013
-443795.840,-1172397.700,351.860,0.019
-443793.070,-1172400.550,351.510,0.007
-443793.940,-1172399.770,351.590,0.019
-443794.240,-1172399.500,351.640,0.017
-443794.830,-1172398.970,351.700,0.021
-443795.730,-1172398.160,351.830,0.012
-443793.650,-1172400.510,351.570,0.014
-443793.970,-1172400.220,351.630,0.010
-443795.460,-1172398.880,351.790,0.027
-443793.040,-1172401.590,351.450,0.019
-443793.340,-1172401.310,351.490,0.010
-443793.640,-1172401.040,351.550,0.009
-443794.820,-1172399.990,351.720,0.017
-443795.110,-1172399.720,351.760,0.016
-443795.420,-1172399.450,351.790,0.012
-443793.220,-1172401.770,351.540,0.019
-443793.490,-1172401.530,351.540,0.025
-443794.670,-1172400.470,351.670,0.018
-443795.000,-1172400.170,351.740,0.015
-443793.080,-1172402.310,351.480,0.012
-443794.590,-1172400.950,351.690,0.014
-443794.870,-1172400.700,351.730,0.016
-443796.290,-1172399.420,351.850,0.021
-443794.310,-1172401.660,351.650,0.010
-443794.590,-1172401.410,351.680,0.009
-443794.870,-1172401.160,351.710,0.011
-443796.030,-1172400.120,351.850,0.007
-443793.410,-1172402.960,351.530,0.008
-443793.680,-1172402.720,351.530,0.006
-443793.980,-1172402.450,351.560,0.021
-443794.280,-1172402.180,351.600,0.021
-443795.160,-1172401.390,351.720,0.012
-443795.600,-1172401.340,351.780,0.011
-443793.850,-1172403.330,351.540,0.020
-443794.450,-1172402.790,351.610,0.014
-443794.760,-1172402.510,351.660,0.025
-443795.070,-1172402.220,351.720,0.012
-443795.660,-1172401.700,351.780,0.011
-443794.820,-1172402.990,351.680,0.016
-443795.410,-1172402.460,351.760,0.012
-443796.300,-1172401.660,351.890,0.030
-443795.870,-1172403.100,351.790,0.048
-443796.530,-1172402.920,351.860,0.016
-443741.360,-1172390.420,349.250,0.034
-443731.110,-1172401.240,348.980,0.008
-443731.000,-1172406.600,348.970,0.015
-443749.570,-1172397.200,350.440,0.040
-443753.700,-1172396.750,347.080,0.084
-443753.760,-1172399.840,350.410,0.012
-443768.320,-1172387.950,348.980,0.021
-443754.160,-1172401.290,350.460,0.026
-443753.680,-1172402.250,350.400,0.011
-443754.000,-1172402.460,350.460,0.011
-443754.070,-1172402.860,350.460,0.025
-443753.850,-1172403.580,350.440,0.014
-443754.160,-1172403.300,350.490,0.025
-443754.430,-1172403.050,350.510,0.025
-443754.120,-1172403.880,350.450,0.013
-443753.860,-1172404.510,350.470,0.006
-443754.140,-1172404.250,350.460,0.008
-443754.230,-1172404.660,350.480,0.014
-443754.510,-1172404.400,350.510,0.025
-443753.980,-1172405.390,350.460,0.008
-443754.270,-1172405.120,350.490,0.010
-443787.380,-1172378.110,351.040,0.039
-443787.350,-1172378.500,351.050,0.030
-443787.640,-1172378.240,351.080,0.037
-443788.210,-1172378.110,351.150,0.064
-443787.780,-1172378.980,351.060,0.029
-443788.660,-1172378.190,351.150,0.047
-443788.270,-1172378.910,351.170,0.017
-443789.120,-1172378.140,351.260,0.020
-443787.510,-1172380.070,351.030,0.012
-443788.660,-1172379.030,351.210,0.015
-443788.940,-1172378.780,351.220,0.010
-443789.530,-1172378.250,351.290,0.082
-443789.810,-1172377.990,351.340,0.032
-443788.190,-1172380.540,351.120,0.017
-443788.460,-1172380.290,351.140,0.016
-443787.680,-1172380.420,351.090,0.006
-443789.710,-1172378.590,351.350,0.018
-443790.020,-1172378.310,351.400,0.011
-443788.100,-1172380.930,351.080,0.022
-443789.540,-1172379.620,351.290,0.041
-443789.050,-1172380.440,351.190,0.019
-443789.340,-1172380.180,351.210,0.021
-443789.640,-1172379.910,351.250,0.037
-443787.690,-1172382.070,351.050,0.007
-443787.970,-1172381.820,351.100,0.012
-443790.530,-1172379.110,351.360,0.017
-443788.580,-1172381.810,351.150,0.015
-443790.010,-1172380.520,351.310,0.010
-443788.250,-1172381.560,351.110,0.013
-443789.450,-1172380.480,351.280,0.022
-443790.870,-1172380.120,351.400,0.022
-443788.000,-1172382.340,351.060,0.006
-443788.300,-1172382.070,351.090,0.019
-443789.310,-1172382.040,351.210,0.015
-443789.610,-1172381.770,351.250,0.012
-443790.170,-1172381.270,351.310,0.018
-443788.550,-1172382.220,351.160,0.019
-443789.420,-1172381.430,351.270,0.011
-443789.710,-1172381.170,351.270,0.012
-443790.590,-1172380.370,351.420,0.026
-443787.900,-1172383.820,351.020,0.007
-443788.190,-1172383.560,351.070,0.011
-443788.480,-1172383.300,351.140,0.005
-443789.660,-1172382.230,351.270,0.010
-443790.270,-1172381.680,351.330,0.008
-443790.570,-1172381.410,351.410,0.012
-443787.840,-1172383.370,350.990,0.015
-443788.430,-1172382.850,351.090,0.023
-443789.010,-1172382.310,351.160,0.011
-443790.830,-1172381.170,351.430,0.019
-443791.130,-1172380.900,351.470,0.015
-443789.160,-1172383.220,351.150,0.036
-443789.440,-1172382.970,351.170,0.026
-443790.610,-1172381.910,351.330,0.011
-443791.190,-1172381.390,351.400,0.018
-443768.810,-1172401.620,349.500,0.034
-443788.060,-1172384.560,351.080,0.018
-443788.610,-1172384.060,351.130,0.014
-443788.900,-1172383.800,351.140,0.015
-443789.780,-1172383.000,351.300,0.016
-443790.090,-1172382.720,351.330,0.016
-443790.370,-1172382.470,351.300,0.021
-443788.140,-1172385.340,351.040,0.008
-443788.420,-1172385.080,351.110,0.019
-443788.740,-1172384.800,351.150,0.013
-443789.890,-1172383.760,351.290,0.022
-443788.660,-1172384.390,351.100,0.016
-443788.970,-1172384.110,351.130,0.016
-443789.850,-1172383.310,351.270,0.013
-443790.150,-1172383.040,351.310,0.016
-443790.730,-1172382.520,351.370,0.009
-443791.000,-1172382.270,351.400,0.008
-443789.320,-1172384.740,351.170,0.023
-443790.200,-1172383.940,351.310,0.013
-443790.490,-1172383.690,351.330,0.010
-443791.080,-1172383.160,351.400,0.012
-443791.380,-1172382.880,351.450,0.014
-443788.760,-1172385.660,351.120,0.015
-443790.500,-1172384.080,351.330,0.020
-443791.120,-1172383.530,351.410,0.015
-443788.140,-1172386.670,351.010,0.014
-443788.460,-1172386.380,351.080,0.014
-443788.750,-1172386.120,351.100,0.016
-443789.310,-1172385.610,351.160,0.020
-443789.610,-1172385.340,351.180,0.014
-443790.210,-1172384.800,351.250,0.019
-443790.520,-1172384.520,351.310,0.021
-443790.820,-1172384.250,351.320,0.026
-443791.100,-1172384.000,351.360,0.027
-443788.990,-1172386.950,351.120,0.019
-443791.360,-1172384.810,351.440,0.015
-443788.230,-1172387.140,351.060,0.007
-443788.520,-1172386.880,351.090,0.007
-443788.830,-1172386.600,351.180,0.010
-443789.440,-1172386.050,351.240,0.014
-443788.330,-1172387.910,351.050,0.024
-443788.920,-1172387.380,351.130,0.010
-443790.420,-1172386.020,351.340,0.018
-443791.000,-1172385.500,351.410,0.031
-443791.300,-1172385.230,351.460,0.027
-443788.760,-1172388.360,351.060,0.012
-443789.060,-1172388.100,351.120,0.011
-443790.510,-1172386.780,351.330,0.024
-443790.790,-1172386.530,351.350,0.016
-443791.400,-1172385.980,351.410,0.017
-443791.680,-1172385.730,351.480,0.013
-443788.400,-1172388.230,351.040,0.022
-443788.690,-1172387.960,351.050,0.013
-443788.980,-1172387.700,351.110,0.011
-443789.280,-1172387.430,351.130,0.011
-443789.570,-1172387.170,351.180,0.014
-443791.000,-1172385.870,351.360,0.027
-443791.600,-1172385.340,351.450,0.017
-443788.310,-1172389.260,351.020,0.014
-443788.890,-1172388.730,351.070,0.012
-443790.370,-1172387.400,351.270,0.014
-443790.650,-1172387.150,351.300,0.011
-443791.240,-1172386.620,351.370,0.020
-443791.550,-1172386.330,351.430,0.024
-443788.890,-1172389.080,351.070,0.017
-443789.210,-1172388.800,351.150,0.011
-443789.480,-1172388.550,351.200,0.014
-443789.770,-1172388.290,351.240,0.025
-443790.060,-1172388.030,351.220,0.026
-443790.360,-1172387.760,351.280,0.021
-443790.660,-1172387.490,351.330,0.012
-443790.970,-1172387.210,351.360,0.013
-443788.330,-1172390.520,351.030,0.021
-443788.620,-1172390.250,351.070,0.007
-443789.500,-1172389.460,351.180,0.017
-443788.500,-1172389.870,351.020,0.015
-443789.110,-1172389.330,351.110,0.017
-443789.420,-1172389.050,351.160,0.016
-443790.000,-1172388.520,351.200,0.014
-443788.480,-1172390.900,351.000,0.023
-443788.780,-1172390.630,351.020,0.020
-443789.080,-1172390.350,351.070,0.019
-443789.370,-1172390.100,351.120,0.019
-443790.280,-1172389.270,351.230,0.021
-443790.860,-1172388.750,351.300,0.010
-443788.500,-1172391.630,350.980,0.012
-443789.670,-1172390.580,351.160,0.012
-443789.950,-1172390.320,351.200,0.009
-443791.130,-1172389.260,351.370,0.011
-443791.410,-1172389.000,351.400,0.016
-443788.380,-1172391.340,350.990,0.014
-443788.690,-1172391.070,351.040,0.012
-443789.000,-1172390.790,351.100,0.013
-443790.170,-1172389.730,351.250,0.011
-443791.020,-1172388.960,351.370,0.013
-443791.320,-1172388.690,351.370,0.019
-443791.590,-1172388.450,351.410,0.024
-443788.780,-1172392.320,351.000,0.012
-443789.070,-1172392.050,351.080,0.010
-443790.240,-1172391.000,351.220,0.018
-443790.550,-1172390.720,351.250,0.017
-443790.840,-1172390.460,351.270,0.031
-443791.150,-1172390.170,351.340,0.017
-443791.460,-1172389.900,351.390,0.014
-443788.480,-1172392.090,351.050,0.011
-443789.340,-1172391.310,351.130,0.010
-443790.230,-1172390.510,351.250,0.011
-443790.840,-1172389.960,351.330,0.024
-443791.110,-1172389.710,351.340,0.022
-443791.700,-1172389.180,351.430,0.011
-443788.740,-1172393.130,351.020,0.011
-443789.920,-1172392.070,351.170,0.022
-443790.200,-1172391.810,351.200,0.015
-443790.520,-1172391.520,351.280,0.029
-443791.390,-1172390.730,351.360,0.016
-443791.790,-1172389.970,351.440,0.015
-443788.540,-1172392.910,351.030,0.010
-443789.450,-1172392.080,351.170,0.028
-443790.040,-1172391.550,351.180,0.029
-443790.360,-1172391.260,351.260,0.009
-443790.630,-1172391.010,351.320,0.015
-443790.930,-1172390.750,351.340,0.016
-443791.200,-1172390.500,351.320,0.023
-443789.450,-1172393.490,351.130,0.015
-443790.320,-1172392.700,351.200,0.012
-443790.890,-1172392.190,351.250,0.016
-443789.490,-1172392.920,351.130,0.028
-443789.780,-1172392.650,351.170,0.023
-443790.100,-1172392.370,351.230,0.010
-443790.400,-1172392.090,351.290,0.013
-443790.670,-1172391.860,351.290,0.007
-443790.990,-1172391.560,351.330,0.008
-443791.270,-1172391.310,351.370,0.006
-443791.860,-1172390.780,351.490,0.006
-443788.820,-1172394.860,351.040,0.014
-443789.100,-1172394.600,351.060,0.011
-443790.560,-1172393.290,351.240,0.011
-443790.870,-1172393.010,351.300,0.009
-443791.470,-1172392.470,351.390,0.016
-443791.740,-1172392.230,351.390,0.027
-443789.320,-1172393.980,351.090,0.022
-443789.620,-1172393.700,351.180,0.018
-443789.900,-1172393.450,351.180,0.022
-443790.780,-1172392.660,351.320,0.011
-443791.060,-1172392.400,351.320,0.016
-443791.350,-1172392.150,351.370,0.019
-443791.630,-1172391.890,351.400,0.014
-443789.180,-1172396.060,351.070,0.015
-443789.480,-1172395.790,351.100,0.030
-443790.330,-1172395.020,351.210,0.013
-443790.940,-1172394.470,351.300,0.025
-443791.530,-1172393.940,351.390,0.024
-443791.820,-1172393.680,351.420,0.045
-443792.120,-1172393.400,351.420,0.033
-443789.880,-1172394.980,351.150,0.013
-443790.170,-1172394.710,351.150,0.017
-443791.360,-1172393.640,351.330,0.016
-443788.810,-1172395.390,351.050,0.006
-443789.990,-1172394.320,351.180,0.010
-443791.470,-1172392.990,351.390,0.019
-443791.770,-1172392.720,351.440,0.015
-443790.310,-1172396.740,351.210,0.009
-443791.180,-1172395.950,351.310,0.012
-443791.460,-1172395.700,351.330,0.010
-443792.340,-1172394.910,351.450,0.011
-443789.120,-1172397.220,351.040,0.019
-443789.410,-1172396.950,351.090,0.012
-443789.090,-1172396.680,351.060,0.011
-443790.580,-1172395.330,351.210,0.019
-443790.880,-1172395.060,351.290,0.012
-443792.080,-1172393.980,351.450,0.025
-443790.100,-1172398.440,351.140,0.016
-443790.420,-1172398.160,351.210,0.012
-443790.730,-1172397.880,351.250,0.023
-443791.010,-1172397.620,351.250,0.008
-443791.890,-1172396.830,351.370,0.020
-443792.180,-1172396.570,351.420,0.012
-443792.470,-1172396.300,351.430,0.011
-443789.270,-1172398.620,351.060,0.007
-443789.570,-1172398.360,351.130,0.010
-443790.450,-1172397.560,351.210,0.015
-443791.020,-1172397.040,351.240,0.015
-443791.310,-1172396.780,351.300,0.014
-443791.610,-1172396.510,351.330,0.028
-443791.930,-1172396.230,351.390,0.006
-443789.690,-1172397.740,351.120,0.016
-443789.990,-1172397.470,351.150,0.015
-443790.590,-1172396.930,351.230,0.019
-443790.870,-1172396.680,351.250,0.018
-443789.160,-1172397.770,351.100,0.016
-443789.750,-1172397.240,351.180,0.013
-443790.020,-1172397.000,351.160,0.010
-443789.900,-1172401.010,351.090,0.021
-443790.200,-1172400.740,351.160,0.023
-443790.480,-1172400.490,351.190,0.018
-443791.350,-1172399.710,351.290,0.008
-443791.630,-1172399.450,351.310,0.014
-443791.940,-1172399.170,351.380,0.013
-443792.520,-1172398.650,351.420,0.015
-443789.440,-1172400.970,351.080,0.014
-443789.740,-1172400.710,351.100,0.020
-443789.840,-1172400.090,351.140,0.011
-443790.440,-1172399.540,351.190,0.011
-443790.720,-1172399.300,351.200,0.021
-443791.030,-1172399.020,351.230,0.028
-443791.310,-1172398.760,351.310,0.015
-443791.610,-1172398.490,351.320,0.012
-443792.490,-1172397.700,351.480,0.007
-443789.320,-1172400.150,351.020,0.051
-443789.630,-1172399.870,351.100,0.011
-443791.090,-1172398.560,351.310,0.031
-443791.700,-1172398.010,351.350,0.013
-443791.990,-1172397.740,351.390,0.009
-443792.270,-1172397.490,351.440,0.008
-443792.570,-1172397.220,351.470,0.013
-443790.120,-1172399.010,351.180,0.022
-443791.560,-1172397.710,351.320,0.017
-443792.160,-1172397.170,351.410,0.013
-443792.440,-1172396.920,351.400,0.020
-443793.110,-1172403.240,351.450,0.009
-443792.840,-1172402.980,351.490,0.015
-443791.900,-1172403.380,351.330,0.014
-443792.790,-1172402.570,351.450,0.018
-443791.400,-1172403.410,351.290,0.011
-443791.710,-1172403.130,351.300,0.017
-443792.320,-1172402.580,351.380,0.012
-443792.630,-1172402.310,351.450,0.018
-443792.940,-1172402.030,351.490,0.007
-443791.540,-1172402.930,351.270,0.019
-443790.740,-1172403.130,351.210,0.010
-443791.030,-1172402.870,351.250,0.010
-443791.890,-1172402.100,351.320,0.016
-443792.190,-1172401.820,351.360,0.015
-443792.480,-1172401.570,351.400,0.014
-443790.430,-1172402.940,351.130,0.017
-443791.020,-1172402.400,351.230,0.036
-443791.330,-1172402.130,351.250,0.031
-443791.900,-1172401.610,351.340,0.009
-443792.190,-1172401.340,351.370,0.018
-443792.470,-1172401.090,351.400,0.015
-443791.440,-1172401.670,351.260,0.023
-443792.330,-1172400.870,351.360,0.024
-443792.620,-1172400.600,351.420,0.014
-443792.700,-1172400.190,351.410,0.016
-443790.620,-1172402.060,351.190,0.016
-443791.530,-1172401.240,351.300,0.009
-443791.820,-1172400.990,351.310,0.016
-443789.680,-1172402.450,351.100,0.013
-443791.770,-1172400.570,351.350,0.010
-443792.060,-1172400.310,351.380,0.006
-443789.850,-1172401.830,351.090,0.009
-443790.170,-1172401.550,351.160,0.019
-443791.030,-1172400.770,351.220,0.010
-443791.960,-1172399.930,351.390,0.005
-443792.250,-1172399.670,351.380,0.011
-443789.450,-1172401.830,351.050,0.016
-443790.040,-1172401.300,351.150,0.027
-443791.800,-1172399.710,351.370,0.010
-443792.110,-1172399.430,351.400,0.012
-443792.700,-1172398.900,351.460,0.016
-443712.680,-1172403.290,352.430,0.035
-443712.580,-1172403.770,352.500,0.021
-443711.990,-1172403.440,352.280,0.028
-443711.310,-1172402.650,352.180,0.023
-443711.610,-1172402.380,352.230,0.017
-443711.890,-1172402.120,352.260,0.024
-443712.510,-1172401.980,352.440,0.013
-443711.180,-1172401.940,352.170,0.008
-443711.600,-1172401.950,352.180,0.019
-443712.550,-1172401.080,352.460,0.018
-443711.310,-1172401.100,352.190,0.026
-443710.340,-1172402.370,352.050,0.013
-443710.940,-1172401.830,352.100,0.008
-443711.240,-1172401.550,352.120,0.021
-443711.540,-1172401.280,352.150,0.020
-443711.650,-1172399.810,352.480,0.015
-443712.290,-1172399.740,352.410,0.045
-443801.290,-1172329.650,351.380,0.012
-443800.060,-1172330.260,351.340,0.010
-443801.170,-1172329.250,351.410,0.007
-443798.760,-1172331.100,351.220,0.024
-443799.040,-1172330.840,351.230,0.009
-443797.150,-1172331.350,351.140,0.026
-443797.980,-1172330.610,351.180,0.020
-443797.050,-1172331.080,351.120,0.017
-443798.430,-1172329.830,351.170,0.011
-443800.110,-1172327.360,351.290,0.014
-443800.690,-1172326.830,351.350,0.029
-443801.210,-1172325.740,351.420,0.015
-443799.590,-1172326.730,351.290,0.032
-443798.920,-1172326.790,351.250,0.019
-443796.490,-1172327.830,351.100,0.006
-443796.780,-1172327.570,351.160,0.010
-443797.060,-1172327.320,351.190,0.006
-443798.420,-1172326.070,351.240,0.008
-443796.320,-1172327.180,351.130,0.024
-443796.540,-1172326.510,351.120,0.019
-443798.060,-1172324.580,351.340,0.020
-443763.660,-1172321.520,354.900,0.021
-443775.860,-1172310.010,351.020,0.007
-443762.010,-1172322.140,354.790,0.040
-443763.130,-1172321.120,354.860,0.013
-443763.420,-1172320.860,354.930,0.025
-443762.020,-1172321.870,354.730,0.022
-443763.450,-1172320.570,354.890,0.018
-443762.370,-1172320.970,354.780,0.025
-443762.640,-1172320.730,354.790,0.014
-443763.470,-1172319.970,354.900,0.020
-443763.770,-1172319.700,354.900,0.018
-443761.390,-1172321.530,354.700,0.013
-443762.810,-1172320.240,354.830,0.017
-443743.390,-1172338.300,353.250,0.074
-443761.770,-1172320.670,354.700,0.022
-443762.050,-1172320.420,354.750,0.012
-443762.630,-1172319.890,354.770,0.027
-443762.880,-1172319.650,354.790,0.019
-443759.670,-1172322.350,354.570,0.055
-443761.880,-1172320.340,354.730,0.021
-443759.520,-1172321.940,354.550,0.018
-443759.790,-1172321.690,354.570,0.008
-443760.370,-1172321.160,354.610,0.007
-443761.220,-1172320.390,354.670,0.010
-443761.790,-1172319.870,354.760,0.006
-443759.060,-1172321.660,354.520,0.009
-443760.210,-1172320.610,354.580,0.022
-443761.050,-1172319.840,354.690,0.022
-443761.600,-1172319.340,354.690,0.015
-443763.030,-1172318.030,354.850,0.026
-443760.830,-1172319.080,354.620,0.017
-443761.690,-1172318.290,354.750,0.024
-443761.980,-1172318.030,354.760,0.017
-443762.290,-1172317.750,354.790,0.028
-443762.570,-1172317.490,354.840,0.028
-443762.830,-1172317.260,354.820,0.014
-443763.120,-1172317.000,354.860,0.042
-443743.090,-1172335.280,353.220,0.039
-443759.440,-1172320.360,354.560,0.018
-443757.350,-1172321.780,354.380,0.013
-443758.200,-1172321.000,354.440,0.026
-443759.570,-1172319.750,354.540,0.019
-443759.840,-1172319.510,354.580,0.009
-443760.960,-1172318.480,354.670,0.016
-443758.650,-1172319.950,354.470,0.013
-443758.940,-1172319.700,354.510,0.016
-443759.760,-1172318.940,354.530,0.019
-443760.320,-1172318.440,354.610,0.032
-443761.400,-1172317.440,354.690,0.016
-443761.690,-1172317.180,354.730,0.020
-443762.250,-1172316.670,354.780,0.040
-443762.840,-1172316.130,354.870,0.008
-443763.110,-1172315.890,354.880,0.009
-443758.790,-1172319.500,354.470,0.016
-443759.070,-1172319.240,354.510,0.009
-443760.490,-1172317.950,354.610,0.021
-443760.760,-1172317.690,354.640,0.007
-443757.110,-1172321.030,354.340,0.009
-443759.550,-1172318.170,354.540,0.011
-443760.990,-1172316.860,354.690,0.016
-443761.820,-1172316.090,354.740,0.037
-443762.100,-1172315.840,354.780,0.020
-443762.370,-1172315.590,354.800,0.007
-443762.920,-1172315.090,354.860,0.009
-443763.190,-1172314.840,354.880,0.012
-443742.940,-1172333.340,353.250,0.072
-443750.860,-1172326.100,351.170,0.006
-443757.190,-1172319.990,354.360,0.012
-443760.850,-1172316.650,354.660,0.031
-443761.160,-1172316.370,354.710,0.014
-443762.290,-1172315.340,354.800,0.024
-443760.940,-1172316.070,354.670,0.019
-443761.470,-1172315.580,354.740,0.013
-443762.600,-1172314.550,354.870,0.014
-443758.540,-1172317.930,354.490,0.007
-443761.340,-1172315.380,354.710,0.044
-443761.640,-1172315.110,354.780,0.025
-443762.510,-1172314.310,354.860,0.015
-443762.790,-1172314.060,354.880,0.005
-443743.240,-1172331.910,353.000,0.039
-443758.750,-1172317.160,354.520,0.012
-443759.860,-1172316.150,354.610,0.021
-443760.390,-1172315.670,354.650,0.009
-443761.530,-1172314.620,354.780,0.009
-443761.810,-1172314.370,354.810,0.009
-443762.090,-1172314.120,354.810,0.011
-443763.240,-1172313.060,354.940,0.011
-443757.730,-1172317.690,354.430,0.009
-443759.130,-1172316.410,354.510,0.007
-443762.190,-1172313.620,354.810,0.022
-443763.320,-1172312.590,354.950,0.022
-443757.930,-1172316.970,354.420,0.020
-443758.230,-1172316.700,354.460,0.017
-443758.490,-1172316.460,354.450,0.022
-443760.770,-1172314.380,354.700,0.013
-443761.050,-1172314.120,354.720,0.013
-443761.310,-1172313.890,354.710,0.019
-443762.150,-1172313.120,354.810,0.026
-443762.420,-1172312.870,354.850,0.016
-443762.670,-1172312.640,354.870,0.019
-443762.970,-1172312.360,354.920,0.011
-443756.740,-1172317.750,354.310,0.022
-443759.270,-1172315.440,354.540,0.018
-443759.850,-1172314.900,354.590,0.010
-443760.120,-1172314.660,354.610,0.008
-443758.660,-1172315.550,354.510,0.014
-443760.090,-1172314.250,354.640,0.016
-443761.500,-1172312.960,354.780,0.030
-443758.750,-1172315.210,354.520,0.020
-443760.150,-1172313.930,354.640,0.018
-443760.440,-1172313.660,354.670,0.011
-443763.550,-1172310.820,354.980,0.019
-443756.640,-1172316.550,354.330,0.029
-443757.770,-1172315.520,354.440,0.019
-443759.130,-1172314.270,354.510,0.015
-443760.230,-1172313.270,354.630,0.006
-443761.930,-1172311.710,354.850,0.011
-443756.600,-1172316.010,354.350,0.022
-443758.040,-1172314.700,354.480,0.020
-443758.300,-1172314.460,354.500,0.025
-443759.150,-1172313.680,354.570,0.025
-443759.420,-1172313.440,354.620,0.014
-443759.690,-1172313.190,354.640,0.012
-443760.240,-1172312.690,354.660,0.012
-443760.800,-1172312.170,354.760,0.014
-443761.370,-1172311.660,354.810,0.010
-443761.630,-1172311.410,354.860,0.019
-443756.960,-1172315.240,354.380,0.020
-443759.770,-1172312.670,354.640,0.018
-443759.800,-1172312.150,354.640,0.026
-443760.350,-1172311.650,354.720,0.016
-443756.320,-1172315.050,354.290,0.025
-443759.270,-1172311.830,354.630,0.015
-443756.290,-1172314.150,354.330,0.025
-443756.120,-1172311.820,354.350,0.047
-443756.170,-1172312.280,354.350,0.010
-443755.850,-1172313.020,354.280,0.011
-443756.130,-1172312.760,354.350,0.016
-443756.410,-1172312.500,354.410,0.017
-443756.700,-1172312.240,354.410,0.010
-443756.980,-1172311.980,354.440,0.011
-443756.360,-1172313.570,354.370,0.024
-443756.920,-1172313.050,354.420,0.027
-443757.180,-1172312.810,354.420,0.032
-443757.450,-1172312.570,354.450,0.011
-443757.730,-1172312.310,354.490,0.017
-443697.780,-1172343.990,353.140,0.023
-443698.950,-1172343.690,353.150,0.021
-443851.320,-1172430.290,356.990,0.053
-443851.610,-1172430.040,356.970,0.066
-443851.210,-1172431.210,357.110,0.050
-443850.540,-1172429.980,374.130,0.014
-443849.970,-1172430.890,374.230,0.012
-443850.560,-1172430.980,374.170,0.060
-443850.500,-1172426.980,374.180,0.047
-443846.650,-1172430.920,374.130,0.038
-443850.570,-1172427.470,374.150,0.014
-443850.820,-1172426.300,374.730,0.020
-443845.170,-1172431.660,374.160,0.049
-443850.330,-1172425.340,374.150,0.009
-443851.230,-1172423.460,356.940,0.023
-443851.510,-1172423.210,356.990,0.025
-443842.710,-1172430.430,374.160,0.012
-443842.990,-1172430.180,374.140,0.016
-443842.690,-1172429.530,374.130,0.013
-443844.370,-1172428.060,374.100,0.014
-443850.840,-1172422.350,357.060,0.096
-443850.060,-1172422.700,374.090,0.016
-443850.240,-1172421.600,374.140,0.019
-443850.180,-1172422.070,374.120,0.012
-443851.270,-1172420.260,359.780,0.027
-443851.740,-1172419.840,356.990,0.053
-443850.810,-1172419.780,359.840,0.098
-443851.000,-1172419.610,356.980,0.035
-443851.260,-1172419.390,356.930,0.045
-443850.840,-1172420.290,356.980,0.041
-443851.120,-1172420.050,356.980,0.047
-443848.710,-1172421.170,374.110,0.010
-443850.120,-1172419.930,374.140,0.026
-443850.750,-1172419.370,359.850,0.011
-443850.950,-1172419.190,357.010,0.035
-443848.190,-1172422.100,374.120,0.009
-443851.690,-1172419.020,373.760,0.036
-443845.260,-1172423.690,374.080,0.008
-443844.740,-1172424.670,374.070,0.008
-443845.240,-1172423.360,374.080,0.029
-443849.480,-1172419.110,375.580,0.048
-443851.590,-1172416.410,373.780,0.014
-443851.070,-1172415.470,356.970,0.075
-443848.900,-1172417.870,374.300,0.025
-443850.670,-1172416.310,374.650,0.041
-443851.620,-1172415.460,356.920,0.077
-443847.570,-1172418.100,374.090,0.047
-443850.650,-1172415.370,357.000,0.066
-443843.760,-1172421.920,374.080,0.015
-443844.260,-1172421.480,374.730,0.045
-443847.110,-1172418.970,374.060,0.013
-443848.850,-1172417.430,374.240,0.043
-443849.140,-1172417.180,374.260,0.018
-443848.310,-1172417.140,374.080,0.039
-443848.570,-1172416.910,374.060,0.026
-443850.030,-1172415.620,374.140,0.022
-443835.980,-1172428.320,373.830,0.022
-443849.000,-1172416.050,374.110,0.019
-443848.670,-1172414.550,374.120,0.030
-443850.090,-1172413.300,374.200,0.035
-443837.610,-1172423.780,374.160,0.017
-443845.550,-1172415.790,374.090,0.073
-443850.000,-1172411.870,374.180,0.071
-443848.750,-1172412.540,374.130,0.044
-443841.690,-1172418.210,377.490,0.034
-443848.120,-1172412.530,374.140,0.008
-443849.010,-1172411.740,374.290,0.041
-443836.370,-1172423.470,374.770,0.090
-443838.960,-1172421.180,377.450,0.025
-443849.760,-1172410.060,374.140,0.041
-443841.460,-1172418.020,377.330,0.028
-443849.880,-1172410.580,374.140,0.022
-443838.780,-1172419.750,377.370,0.040
-443848.600,-1172411.080,374.100,0.031
-443840.440,-1172417.210,377.390,0.006
-443848.550,-1172410.040,374.100,0.034
-443840.310,-1172417.910,377.380,0.012
-443848.490,-1172409.760,374.090,0.023
-443840.410,-1172416.340,377.400,0.016
-443845.180,-1172412.120,374.070,0.048
-443848.530,-1172409.160,374.110,0.025
-443848.860,-1172408.870,374.250,0.050
-443849.620,-1172408.210,374.110,0.019
-443840.320,-1172416.040,377.390,0.034
-443849.820,-1172407.640,374.170,0.019
-443849.840,-1172407.210,374.110,0.036
-443849.620,-1172406.660,374.140,0.027
-443849.770,-1172406.160,374.150,0.050
-443849.830,-1172405.740,374.140,0.045
-443849.770,-1172405.570,374.100,0.060
-443838.090,-1172416.120,374.120,0.025
-443851.300,-1172403.780,373.750,0.045
-443838.370,-1172415.650,374.120,0.060
-443838.360,-1172415.220,374.110,0.027
-443835.030,-1172417.760,373.740,0.053
-443836.200,-1172416.720,374.680,0.045
-443839.390,-1172413.900,374.100,0.030
-443846.030,-1172407.580,374.290,0.049
-443848.760,-1172405.170,374.120,0.050
-443830.820,-1172420.710,377.650,0.018
-443848.630,-1172404.960,374.110,0.052
-443851.050,-1172402.820,373.770,0.011
-443849.640,-1172403.590,374.100,0.052
-443848.500,-1172404.190,374.140,0.018
-443848.650,-1172403.650,374.100,0.027
-443849.760,-1172402.670,374.100,0.036
-443852.200,-1172400.500,373.910,0.072
-443830.830,-1172419.820,378.860,0.039
-443831.240,-1172419.460,377.620,0.019
-443848.500,-1172403.450,374.110,0.028
-443848.340,-1172403.090,374.130,0.022
-443848.360,-1172402.230,374.080,0.030
-443848.660,-1172401.960,374.140,0.044
-443848.530,-1172401.670,374.110,0.040
-443829.390,-1172419.030,377.540,0.066
-443848.330,-1172401.370,374.090,0.018
-443848.620,-1172401.120,374.120,0.053
-443848.470,-1172400.760,374.120,0.034
-443839.490,-1172408.370,374.060,0.018
-443848.410,-1172400.470,374.120,0.058
-443835.900,-1172411.900,374.690,0.035
-443840.770,-1172406.910,374.060,0.022
-443835.830,-1172411.610,374.710,0.058
-443835.860,-1172410.830,374.720,0.048
-443849.350,-1172398.880,374.220,0.057
-443849.630,-1172398.630,374.250,0.091
-443849.610,-1172397.800,374.210,0.039
-443834.630,-1172411.480,373.650,0.052
-443834.960,-1172411.180,373.790,0.030
-443848.290,-1172398.200,374.220,0.029
-443849.390,-1172397.220,374.220,0.012
-443834.790,-1172410.600,373.770,0.011
-443848.490,-1172397.570,374.330,0.033
-443834.710,-1172409.790,373.760,0.009
-443834.930,-1172409.270,373.760,0.018
-443835.780,-1172408.510,374.720,0.056
-443849.300,-1172395.750,374.190,0.016
-443834.660,-1172409.180,373.700,0.016
-443849.440,-1172395.160,374.260,0.015
-443835.840,-1172407.690,374.720,0.031
-443849.460,-1172394.740,374.230,0.031
-443835.690,-1172407.360,374.720,0.050
-443850.010,-1172393.880,374.640,0.075
-443849.440,-1172393.890,374.200,0.045
-443848.350,-1172394.400,374.210,0.050
-443849.380,-1172393.120,374.180,0.015
-443834.950,-1172406.300,373.850,0.010
-443840.920,-1172400.310,374.650,0.039
-443848.190,-1172393.350,374.170,0.013
-443834.690,-1172404.890,373.880,0.032
-443848.090,-1172392.980,374.210,0.007
-443849.200,-1172392.000,374.230,0.017
-443848.060,-1172392.640,374.160,0.009
-443848.110,-1172392.250,374.210,0.021
-443835.520,-1172403.790,374.700,0.044
-443846.930,-1172392.780,374.160,0.031
-443848.120,-1172391.210,374.220,0.023
-443849.210,-1172390.250,374.230,0.012
-443846.760,-1172392.420,374.210,0.027
-443849.110,-1172389.920,374.210,0.009
-443849.380,-1172389.680,374.250,0.011
-443835.470,-1172401.660,374.750,0.024
-443848.080,-1172390.020,374.180,0.026
-443849.190,-1172389.030,374.200,0.038
-443835.020,-1172401.210,373.840,0.050
-443838.150,-1172398.430,374.250,0.009
-443848.080,-1172389.590,374.210,0.017
-443849.190,-1172388.600,374.240,0.039
-443848.170,-1172388.770,374.240,0.028
-443843.130,-1172392.760,374.260,0.013
-443849.150,-1172387.410,374.210,0.026
-443848.170,-1172387.790,374.200,0.038
-443851.560,-1172384.760,373.830,0.099
-443848.210,-1172387.180,374.200,0.065
-443847.840,-1172386.480,374.250,0.014
-443835.350,-1172397.880,374.800,0.052
-443835.340,-1172397.620,374.770,0.064
-443840.240,-1172392.930,374.270,0.007
-443851.440,-1172381.080,373.420,0.072
-443846.760,-1172385.730,374.200,0.037
-443846.500,-1172385.490,374.260,0.009
-443846.350,-1172384.540,374.310,0.018
-443848.800,-1172382.360,374.230,0.019
-443850.590,-1172378.900,359.390,0.064
-443843.230,-1172385.470,374.700,0.027
-443848.870,-1172380.440,374.240,0.009
-443848.890,-1172379.380,374.210,0.044
-443848.890,-1172378.890,374.230,0.012
-443848.840,-1172378.200,374.250,0.019
-443848.800,-1172377.000,374.190,0.035
-443847.100,-1172378.850,374.220,0.009
-443848.680,-1172376.160,374.220,0.032
-443848.580,-1172375.230,374.190,0.011
-443848.900,-1172374.940,374.230,0.013
-443837.360,-1172385.270,377.560,0.028
-443834.930,-1172386.980,374.840,0.025
-443848.730,-1172373.540,374.260,0.012
-443842.940,-1172378.320,374.600,0.024
-443848.600,-1172372.830,374.260,0.005
-443838.680,-1172381.720,377.500,0.025
-443846.130,-1172374.060,374.210,0.038
-443848.520,-1172371.570,374.200,0.021
-443834.390,-1172383.840,377.590,0.015
-443847.580,-1172372.030,374.240,0.031
-443834.190,-1172383.600,377.560,0.021
-443840.580,-1172377.880,382.290,0.096
-443839.830,-1172377.080,374.180,0.055
-443837.630,-1172378.500,377.520,0.033
-443842.720,-1172373.940,374.620,0.022
-443770.860,-1172436.110,361.770,0.066
-443828.150,-1172383.830,377.710,0.018
-443770.740,-1172434.860,361.760,0.054
-443770.760,-1172434.020,361.770,0.010
-443834.120,-1172374.430,373.810,0.018
-443834.110,-1172374.030,373.790,0.016
-443834.450,-1172373.310,374.730,0.081
-443770.040,-1172428.960,361.510,0.069
-443770.040,-1172427.760,361.500,0.036
-443770.020,-1172427.280,361.530,0.036
-443838.790,-1172364.910,370.660,0.022
-443838.690,-1172364.590,370.650,0.010
-443838.780,-1172364.010,370.650,0.009
-443839.450,-1172363.410,371.120,0.073
-443838.820,-1172363.400,370.650,0.021
-443839.500,-1172362.800,371.090,0.011
-443769.910,-1172424.870,361.560,0.014
-443770.280,-1172424.540,361.770,0.034
-443838.750,-1172362.930,370.610,0.024
-443838.690,-1172362.570,370.640,0.032
-443839.220,-1172361.250,371.080,0.029
-443769.790,-1172423.280,361.640,0.017
-443765.530,-1172426.700,361.530,0.050
-443769.910,-1172422.760,361.670,0.029
-443838.570,-1172360.950,370.620,0.015
-443838.690,-1172360.490,370.660,0.015
-443770.120,-1172421.700,361.770,0.029
-443838.740,-1172359.920,370.650,0.036
-443839.150,-1172359.550,371.070,0.019
-443838.420,-1172359.720,370.620,0.012
-443839.120,-1172359.090,371.070,0.019
-443839.230,-1172358.630,371.120,0.041
-443838.330,-1172359.090,370.660,0.015
-443838.570,-1172357.570,370.680,0.023
-443839.250,-1172356.960,371.110,0.022
-443838.510,-1172356.760,370.660,0.026
-443838.560,-1172356.190,370.660,0.033
-443838.510,-1172355.390,370.660,0.042
-443839.200,-1172354.770,371.100,0.017
-443830.650,-1172361.330,370.570,0.034
-443838.530,-1172354.230,370.650,0.020
-443838.660,-1172353.600,370.660,0.027
-443838.390,-1172353.400,370.670,0.021
-443838.370,-1172352.820,370.640,0.023
-443839.030,-1172352.220,371.120,0.032
-443833.160,-1172356.950,373.180,0.013
-443838.390,-1172351.690,370.670,0.015
-443830.840,-1172358.050,373.180,0.024
-443838.450,-1172351.180,370.670,0.011
-443838.290,-1172350.780,370.690,0.013
-443838.960,-1172350.170,371.090,0.041
-443838.930,-1172349.680,371.100,0.015
-443839.210,-1172349.430,371.060,0.012
-443838.320,-1172348.880,370.690,0.009
-443838.420,-1172348.310,370.670,0.022
-443838.770,-1172346.700,371.080,0.013
-443838.380,-1172346.610,370.660,0.035
-443838.360,-1172345.870,370.670,0.033
-443838.870,-1172344.900,371.130,0.019
-443838.370,-1172344.860,370.650,0.038
-443839.020,-1172344.270,371.090,0.017
-443838.820,-1172344.010,371.100,0.020
-443838.360,-1172344.060,370.640,0.056
-443838.180,-1172343.270,370.650,0.023
-443838.110,-1172342.580,370.640,0.011
-443838.170,-1172341.020,370.680,0.026
-443838.840,-1172340.410,371.110,0.016
-443838.120,-1172340.640,370.670,0.015
-443838.090,-1172340.200,370.680,0.016
-443834.770,-1172342.720,370.540,0.012
-443836.100,-1172341.510,370.570,0.003
-443838.030,-1172339.770,370.660,0.019
-443834.970,-1172342.160,370.550,0.010
-443837.980,-1172339.430,370.690,0.009
-443838.690,-1172337.400,371.150,0.015
-443838.080,-1172336.510,370.670,0.015
-443830.180,-1172343.250,370.550,0.055
-443836.890,-1172337.180,370.580,0.011
-443837.990,-1172336.190,370.640,0.017
-443838.670,-1172335.570,371.110,0.024
-443830.090,-1172342.950,370.580,0.034
-443834.950,-1172338.240,370.540,0.044
-443837.710,-1172335.170,370.620,0.007
-443837.970,-1172334.930,370.660,0.012
-443837.820,-1172334.570,370.640,0.019
-443837.140,-1172334.690,370.570,0.009
-443830.050,-1172339.860,373.180,0.014
-443828.900,-1172340.200,373.200,0.040
-443837.920,-1172333.120,370.640,0.031
-443838.610,-1172333.370,371.120,0.030
-443837.870,-1172332.780,370.610,0.031
-443803.220,-1172311.570,357.520,0.038
-443788.280,-1172313.550,361.140,0.090
-443775.140,-1172292.030,359.090,0.022
-443774.630,-1172292.090,358.720,0.012
-443774.760,-1172291.480,358.740,0.060
-443740.270,-1172319.000,362.290,0.060
-443739.760,-1172319.090,361.970,0.049
-443761.580,-1172294.960,359.280,0.094
-443761.680,-1172294.460,359.160,0.046
-443761.460,-1172293.570,359.220,0.054
-443761.160,-1172293.420,359.110,0.022
-443761.370,-1172292.890,359.230,0.054
-443761.360,-1172292.080,359.240,0.052
-443760.950,-1172292.070,359.050,0.037
-443760.940,-1172291.610,359.060,0.056
-443760.140,-1172291.810,359.070,0.008
-443760.680,-1172291.310,359.070,0.008
-443757.730,-1172294.030,359.130,0.014
-443760.570,-1172290.820,359.050,0.016
-443742.910,-1172291.780,360.520,0.038
-443721.610,-1172295.580,357.830,0.055
-443709.640,-1172336.780,360.940,0.032
-443709.670,-1172335.770,360.940,0.012
-443709.950,-1172335.520,360.990,0.026
-443707.600,-1172335.730,360.820,0.025
-443709.300,-1172334.170,360.950,0.022
-443707.470,-1172336.390,360.780,0.017
-443705.790,-1172337.020,360.720,0.016
-443706.070,-1172336.760,360.680,0.020
-443707.470,-1172335.470,360.800,0.015
-443708.310,-1172334.690,360.850,0.022
-443708.590,-1172334.440,360.890,0.041
-443710.010,-1172333.130,360.990,0.014
-443708.790,-1172333.420,360.910,0.024
-443709.660,-1172332.630,360.990,0.020
-443709.920,-1172332.390,360.980,0.016
-443710.200,-1172332.130,361.010,0.013
-443705.590,-1172336.800,360.700,0.021
-443705.850,-1172336.550,360.700,0.023
-443708.260,-1172333.110,360.870,0.029
-443708.550,-1172332.840,360.910,0.016
-443705.610,-1172335.110,360.740,0.015
-443706.730,-1172334.080,360.760,0.018
-443708.450,-1172332.490,360.890,0.019
-443713.390,-1172327.940,360.810,0.089
-443705.420,-1172334.170,360.730,0.024
-443705.710,-1172333.910,360.740,0.071
-443706.550,-1172333.130,360.800,0.019
-443707.930,-1172331.860,360.870,0.022
-443709.350,-1172330.560,360.940,0.035
-443709.020,-1172331.490,360.930,0.020
-443709.620,-1172330.940,360.970,0.027
-443709.900,-1172330.680,361.000,0.023
-443705.400,-1172333.760,360.730,0.017
-443707.670,-1172331.680,360.850,0.025
-443707.950,-1172331.410,360.900,0.019
-443709.640,-1172329.860,361.010,0.015
-443707.390,-1172330.960,360.850,0.010
-443707.300,-1172330.090,360.840,0.021
-443705.320,-1172332.330,360.770,0.020
-443705.870,-1172331.820,360.750,0.027
-443706.180,-1172331.530,360.800,0.017
-443708.140,-1172329.720,360.900,0.018
-443708.680,-1172329.230,360.870,0.033
-443709.300,-1172328.660,360.980,0.014
-443705.030,-1172331.210,360.700,0.058
-443709.830,-1172326.790,361.030,0.014
-443705.370,-1172331.400,360.690,0.021
-443706.520,-1172330.340,360.820,0.011
-443709.930,-1172327.200,361.020,0.009
-443709.110,-1172326.510,360.970,0.028
-443704.760,-1172330.890,360.650,0.042
-443705.080,-1172330.600,360.740,0.027
-443707.310,-1172328.540,360.870,0.008
-443707.600,-1172328.280,360.920,0.007
-443707.880,-1172328.020,360.880,0.016
-443709.280,-1172326.720,361.000,0.024
-443709.570,-1172326.460,361.040,0.011
-443717.420,-1172318.000,358.150,0.041
-443707.830,-1172327.270,360.920,0.017
-443709.900,-1172325.360,360.630,0.023
-443705.440,-1172329.900,360.710,0.019
-443705.750,-1172329.610,360.750,0.040
-443706.310,-1172329.100,360.750,0.014
-443707.730,-1172327.790,360.840,0.019
-443708.530,-1172327.050,360.900,0.030
-443705.040,-1172328.900,360.760,0.018
-443707.330,-1172326.790,360.910,0.004
-443706.090,-1172328.440,360.780,0.016
-443706.920,-1172327.670,360.770,0.027
-443707.190,-1172327.420,360.830,0.025
-443708.050,-1172326.630,360.880,0.013
-443716.860,-1172317.220,357.930,0.043
-443711.580,-1172316.140,360.180,0.054
-443707.010,-1172319.150,360.410,0.055
-443707.480,-1172317.670,360.280,0.029
-443711.120,-1172294.150,357.320,0.056
-443701.090,-1172298.480,358.180,0.036
-443701.620,-1172296.780,358.110,0.050
-443701.400,-1172297.510,358.170,0.048
-443852.170,-1172306.390,346.110,0.044
-443835.750,-1172429.970,352.570,0.005
-443835.630,-1172430.300,352.570,0.003
-443835.490,-1172430.650,352.500,0.003
-443835.140,-1172429.840,352.470,0.012
-443835.020,-1172430.150,352.410,0.006
-443827.250,-1172438.800,351.640,0.092
-443826.890,-1172439.760,351.510,0.022
-443826.450,-1172439.260,351.550,0.032
-443826.940,-1172435.020,351.540,0.051
-443826.630,-1172435.830,350.930,0.042
-443826.830,-1172434.510,351.570,0.016
-443823.950,-1172433.400,350.500,0.078
-443819.350,-1172440.780,351.950,0.044
-443818.640,-1172433.580,351.460,0.099
-443803.560,-1172434.230,350.550,0.048
-443802.350,-1172437.390,347.560,0.035
-443802.220,-1172436.380,347.520,0.004
-443801.970,-1172437.060,347.480,0.037
-443801.960,-1172436.350,347.540,0.003
-443795.420,-1172406.090,351.730,0.014
-443795.050,-1172407.090,351.710,0.016
-443794.930,-1172407.410,351.690,0.020
-443794.800,-1172407.740,351.660,0.023
-443794.680,-1172408.070,351.670,0.016
-443794.550,-1172408.410,351.620,0.016
-443794.180,-1172409.390,351.560,0.032
-443796.050,-1172404.440,351.800,0.016
-443796.030,-1172403.200,351.820,0.017
-443795.890,-1172403.570,351.820,0.014
-443795.770,-1172403.890,351.770,0.021
-443795.650,-1172404.210,351.780,0.010
-443795.390,-1172404.910,351.760,0.012
-443795.260,-1172405.230,351.700,0.015
-443795.140,-1172405.560,351.700,0.020
-443794.510,-1172407.210,351.600,0.012
-443794.390,-1172407.540,351.610,0.011
-443794.020,-1172408.530,351.530,0.012
-443794.140,-1172407.460,351.580,0.015
-443794.020,-1172407.780,351.570,0.024
-443795.650,-1172403.460,351.790,0.053
-443795.520,-1172403.800,351.830,0.044
-443795.410,-1172404.110,351.780,0.025
-443795.280,-1172404.450,351.770,0.020
-443794.900,-1172405.450,351.730,0.024
-443794.520,-1172406.460,351.670,0.025
-443794.380,-1172406.820,351.700,0.025
-443795.090,-1172403.290,351.760,0.010
-443794.970,-1172403.600,351.720,0.010
-443794.840,-1172403.950,351.710,0.008
-443794.450,-1172404.980,351.640,0.012
-443794.320,-1172405.320,351.630,0.009
-443794.200,-1172405.630,351.590,0.009
-443794.080,-1172405.960,351.610,0.011
-443793.950,-1172406.290,351.580,0.019
-443794.680,-1172403.550,351.680,0.007
-443794.420,-1172404.240,351.720,0.017
-443794.050,-1172405.220,351.590,0.013
-443793.920,-1172405.550,351.560,0.014
-443793.780,-1172405.910,351.570,0.012
-443793.780,-1172403.460,351.600,0.022
-443793.660,-1172403.770,351.580,0.020
-443796.850,-1172406.810,351.920,0.014
-443796.600,-1172407.480,351.900,0.017
-443796.100,-1172408.800,351.800,0.017
-443795.970,-1172409.150,351.780,0.014
-443796.500,-1172406.240,351.870,0.009
-443795.880,-1172407.890,351.790,0.012
-443795.750,-1172408.230,351.750,0.010
-443796.200,-1172406.160,351.820,0.008
-443796.070,-1172406.510,351.860,0.012
-443795.940,-1172406.840,351.820,0.014
-443795.430,-1172408.200,351.680,0.011
-443795.190,-1172408.840,351.710,0.018
-443796.720,-1172403.200,351.920,0.020
-443796.340,-1172404.200,351.880,0.016
-443796.230,-1172404.480,351.780,0.013
-443796.100,-1172404.830,351.800,0.012
-443795.980,-1172405.150,351.760,0.025
-443795.850,-1172405.480,351.750,0.021
-443795.730,-1172405.800,351.730,0.014
-443795.600,-1172406.150,351.770,0.014
-443795.470,-1172406.480,351.700,0.021
-443795.360,-1172406.780,351.660,0.017
-443795.230,-1172407.130,351.670,0.013
-443795.090,-1172407.500,351.700,0.019
-443794.970,-1172407.810,351.670,0.016
-443794.850,-1172408.120,351.650,0.015
-443794.720,-1172408.480,351.630,0.008
-443794.470,-1172409.150,351.560,0.015
-443794.340,-1172409.480,351.510,0.025
-443795.380,-1172413.540,353.820,0.028
-443797.150,-1172408.110,351.930,0.014
-443797.030,-1172408.420,351.900,0.022
-443796.660,-1172409.410,351.870,0.011
-443796.540,-1172409.730,351.780,0.021
-443795.160,-1172413.410,353.710,0.025
-443796.580,-1172408.140,351.860,0.025
-443796.080,-1172409.450,351.770,0.017
-443796.040,-1172415.670,354.010,0.021
-443795.920,-1172415.980,353.970,0.020
-443801.180,-1172404.280,348.180,0.026
-443795.780,-1172421.040,353.800,0.013
-443801.240,-1172404.760,348.110,0.029
-443796.330,-1172420.440,354.020,0.020
-443731.730,-1172411.600,349.060,0.019
-443733.190,-1172410.810,349.070,0.007
-443733.070,-1172411.140,349.050,0.012
-443732.950,-1172411.460,349.080,0.014
-443732.720,-1172412.100,349.000,0.009
-443732.850,-1172410.850,349.060,0.011
-443733.220,-1172409.850,349.100,0.009
-443733.100,-1172410.180,349.080,0.013
-443754.230,-1172409.050,350.510,0.034
-443776.530,-1172412.320,353.510,0.012
-443776.590,-1172413.140,353.460,0.023
-443776.770,-1172414.900,353.530,0.041
-443777.010,-1172415.860,354.090,0.075
-443776.830,-1172416.340,353.520,0.013
-443776.960,-1172418.910,353.500,0.080
-443777.100,-1172419.970,354.070,0.017
-443777.470,-1172419.960,354.060,0.017
-443777.560,-1172422.050,354.090,0.069
-443789.400,-1172403.820,351.010,0.032
-443789.760,-1172404.490,351.020,0.010
-443790.070,-1172404.480,351.130,0.014
-443789.820,-1172405.130,351.110,0.010
-443789.960,-1172406.120,351.130,0.019
-443790.880,-1172404.400,351.220,0.015
-443790.370,-1172405.740,351.160,0.016
-443790.120,-1172406.420,351.140,0.019
-443789.990,-1172406.750,351.080,0.011
-443791.510,-1172404.460,351.320,0.017
-443791.250,-1172405.160,351.280,0.020
-443791.130,-1172405.480,351.280,0.025
-443791.010,-1172405.800,351.250,0.030
-443790.890,-1172406.120,351.240,0.012
-443790.760,-1172406.460,351.170,0.010
-443790.630,-1172406.790,351.160,0.009
-443790.370,-1172407.480,351.180,0.014
-443790.250,-1172407.800,351.090,0.013
-443791.400,-1172405.750,351.240,0.020
-443791.140,-1172406.440,351.210,0.037
-443791.010,-1172406.790,351.210,0.008
-443790.270,-1172408.740,351.080,0.019
-443790.040,-1172409.360,350.980,0.009
-443792.550,-1172404.240,351.450,0.010
-443792.300,-1172404.900,351.400,0.013
-443792.170,-1172405.240,351.330,0.010
-443791.290,-1172407.580,351.270,0.017
-443790.810,-1172408.860,351.120,0.014
-443790.680,-1172409.200,351.200,0.013
-443792.020,-1172406.440,351.320,0.011
-443790.520,-1172410.410,351.120,0.014
-443793.540,-1172404.090,351.540,0.017
-443793.420,-1172404.400,351.500,0.020
-443793.300,-1172404.740,351.510,0.012
-443793.170,-1172405.090,351.490,0.010
-443792.670,-1172406.390,351.430,0.014
-443791.540,-1172409.410,351.200,0.011
-443791.180,-1172410.360,351.170,0.011
-443788.510,-1172418.330,349.870,0.012
-443792.540,-1172407.670,351.340,0.037
-443792.290,-1172408.330,351.340,0.009
-443793.660,-1172406.250,351.510,0.015
-443793.410,-1172406.890,351.480,0.009
-443793.290,-1172407.230,351.460,0.009
-443793.170,-1172407.540,351.450,0.005
-443792.910,-1172408.230,351.410,0.007
-443792.530,-1172409.230,351.390,0.011
-443792.400,-1172409.580,351.350,0.007
-443792.280,-1172409.900,351.320,0.011
-443792.150,-1172410.240,351.320,0.006
-443793.580,-1172407.280,351.520,0.007
-443792.940,-1172408.960,351.360,0.013
-443792.830,-1172409.270,351.350,0.015
-443792.700,-1172409.620,351.350,0.013
-443792.280,-1172410.750,352.850,0.023
-443790.120,-1172418.090,349.980,0.016
-443793.890,-1172408.120,351.510,0.025
-443793.770,-1172408.430,351.480,0.022
-443793.650,-1172408.750,351.480,0.014
-443793.530,-1172409.080,351.480,0.023
-443793.410,-1172409.400,351.450,0.025
-443793.280,-1172409.730,351.400,0.029
-443793.900,-1172408.840,351.550,0.007
-443793.660,-1172409.480,351.430,0.009
-443793.520,-1172409.830,351.430,0.012
-443793.600,-1172413.050,353.210,0.075
-443793.370,-1172413.670,353.070,0.032
-443792.770,-1172415.240,352.880,0.027
-443792.710,-1172416.290,352.800,0.015
-443792.800,-1172417.540,352.800,0.032
-443792.670,-1172417.870,352.820,0.020
-443793.750,-1172415.620,353.210,0.027
-443792.660,-1172419.970,349.960,0.014
-443792.620,-1172420.780,350.030,0.020
-443793.830,-1172421.490,353.130,0.059
-443833.760,-1172394.040,353.950,0.009
-443826.630,-1172365.770,347.780,0.052
-443826.120,-1172367.120,347.630,0.042
-443826.740,-1172364.810,351.430,0.010
-443826.420,-1172365.640,347.750,0.053
-443827.080,-1172361.480,354.190,0.034
-443826.270,-1172357.250,349.070,0.090
-443792.160,-1172377.630,351.700,0.013
-443791.770,-1172378.640,351.610,0.025
-443791.650,-1172378.970,351.600,0.032
-443792.990,-1172377.630,351.790,0.008
-443792.740,-1172378.290,351.720,0.015
-443792.610,-1172378.640,351.720,0.018
-443792.240,-1172379.610,351.600,0.012
-443793.070,-1172378.360,351.780,0.009
-443792.320,-1172380.350,351.610,0.019
-443792.060,-1172381.050,351.540,0.016
-443791.930,-1172381.410,351.610,0.016
-443792.110,-1172382.390,351.590,0.016
-443791.980,-1172382.740,351.570,0.017
-443793.740,-1172378.030,351.870,0.018
-443793.630,-1172378.350,351.860,0.018
-443794.040,-1172378.130,351.920,0.013
-443793.790,-1172378.790,351.830,0.015
-443793.670,-1172379.130,351.790,0.020
-443793.550,-1172379.450,351.740,0.026
-443793.300,-1172380.120,351.760,0.016
-443793.040,-1172380.810,351.740,0.017
-443792.790,-1172381.470,351.670,0.013
-443792.530,-1172382.150,351.620,0.015
-443792.730,-1172380.730,351.720,0.021
-443792.350,-1172384.300,351.630,0.024
-443792.100,-1172384.950,351.520,0.017
-443794.490,-1172378.610,351.920,0.016
-443794.350,-1172378.970,351.930,0.015
-443794.100,-1172379.630,351.920,0.020
-443793.970,-1172379.990,351.880,0.014
-443793.090,-1172382.320,351.740,0.014
-443792.970,-1172382.630,351.670,0.016
-443794.020,-1172380.770,351.810,0.012
-443793.640,-1172381.790,351.810,0.022
-443793.400,-1172382.420,351.740,0.012
-443793.270,-1172382.760,351.700,0.009
-443793.030,-1172383.420,351.630,0.015
-443792.890,-1172383.770,351.630,0.025
-443794.270,-1172381.410,351.830,0.020
-443794.140,-1172381.770,351.880,0.011
-443793.760,-1172382.770,351.840,0.016
-443793.500,-1172383.450,351.800,0.027
-443793.240,-1172384.140,351.730,0.009
-443793.000,-1172384.790,351.670,0.017
-443792.870,-1172385.140,351.720,0.029
-443792.740,-1172385.470,351.690,0.030
-443792.240,-1172386.810,351.590,0.020
-443794.560,-1172381.240,351.860,0.038
-443794.170,-1172382.280,351.810,0.028
-443793.900,-1172382.990,351.790,0.016
-443793.540,-1172383.950,351.700,0.018
-443793.280,-1172384.650,351.690,0.018
-443792.650,-1172386.330,351.600,0.020
-443794.540,-1172382.870,351.870,0.021
-443794.150,-1172383.920,351.860,0.013
-443793.520,-1172385.590,351.780,0.015
-443793.390,-1172385.930,351.690,0.012
-443793.260,-1172386.270,351.740,0.010
-443793.150,-1172386.580,351.700,0.012
-443793.030,-1172386.900,351.690,0.013
-443792.900,-1172387.230,351.630,0.015
-443792.650,-1172387.900,351.630,0.017
-443794.880,-1172382.920,351.890,0.014
-443794.750,-1172383.260,351.910,0.016
-443794.500,-1172383.950,351.890,0.021
-443794.260,-1172384.570,351.790,0.023
-443794.560,-1172385.290,351.890,0.013
-443793.410,-1172388.330,351.700,0.017
-443793.150,-1172389.020,351.660,0.015
-443793.030,-1172389.340,351.660,0.022
-443792.900,-1172389.690,351.670,0.024
-443792.790,-1172389.980,351.570,0.018
-443793.130,-1172387.580,351.650,0.014
-443792.760,-1172388.560,351.590,0.013
-443792.500,-1172389.250,351.570,0.011
-443794.450,-1172386.310,351.860,0.041
-443794.080,-1172387.290,351.700,0.019
-443793.940,-1172387.670,351.700,0.015
-443793.820,-1172387.980,351.710,0.011
-443792.930,-1172390.350,351.590,0.015
-443792.810,-1172390.670,351.560,0.011
-443794.820,-1172386.820,351.890,0.023
-443794.690,-1172387.170,351.840,0.027
-443794.560,-1172387.510,351.880,0.016
-443794.440,-1172387.840,351.860,0.011
-443794.300,-1172388.190,351.820,0.014
-443794.180,-1172388.530,351.790,0.018
-443793.680,-1172389.850,351.690,0.024
-443793.550,-1172390.180,351.640,0.015
-443793.060,-1172391.480,351.600,0.015
-443794.160,-1172389.280,351.780,0.019
-443794.050,-1172389.580,351.660,0.018
-443793.910,-1172389.940,351.730,0.009
-443793.800,-1172390.250,351.690,0.010
-443793.550,-1172390.910,351.650,0.033
-443793.420,-1172391.240,351.630,0.018
-443793.300,-1172391.570,351.600,0.013
-443792.910,-1172392.600,351.570,0.044
-443795.170,-1172386.600,351.920,0.009
-443794.910,-1172387.290,351.880,0.023
-443794.530,-1172388.300,351.880,0.017
-443794.690,-1172389.140,351.870,0.021
-443794.570,-1172389.470,351.820,0.020
-443794.440,-1172389.800,351.810,0.021
-443794.310,-1172390.140,351.800,0.018
-443793.690,-1172391.790,351.670,0.045
-443795.190,-1172388.460,351.940,0.026
-443795.060,-1172388.800,351.840,0.024
-443794.810,-1172389.470,351.860,0.016
-443794.550,-1172390.150,351.820,0.018
-443794.310,-1172390.780,351.720,0.029
-443794.180,-1172391.150,351.740,0.032
-443794.050,-1172391.490,351.730,0.049
-443793.920,-1172391.820,351.690,0.035
-443793.430,-1172393.140,351.630,0.016
-443793.300,-1172393.480,351.560,0.018
-443793.170,-1172393.830,351.540,0.015
-443793.050,-1172394.140,351.540,0.009
-443792.910,-1172394.500,351.520,0.035
-443799.960,-1172377.390,348.410,0.032
-443795.290,-1172389.820,351.920,0.012
-443794.900,-1172390.850,351.880,0.013
-443794.530,-1172391.840,351.800,0.016
-443793.520,-1172394.520,351.650,0.015
-443793.280,-1172395.160,351.560,0.011
-443793.140,-1172395.520,351.610,0.011
-443793.020,-1172395.850,351.610,0.020
-443793.590,-1172395.130,351.570,0.011
-443793.100,-1172396.440,351.510,0.020
-443795.590,-1172389.820,351.970,0.043
-443795.470,-1172390.140,351.920,0.013
-443795.340,-1172390.480,351.900,0.011
-443795.090,-1172391.150,351.860,0.013
-443794.960,-1172391.490,351.850,0.025
-443794.840,-1172391.830,351.820,0.026
-443794.710,-1172392.170,351.750,0.019
-443794.580,-1172392.510,351.790,0.019
-443794.460,-1172392.830,351.730,0.019
-443794.330,-1172393.160,351.730,0.013
-443794.200,-1172393.520,351.730,0.014
-443793.970,-1172394.130,351.650,0.018
-443795.220,-1172392.190,351.890,0.018
-443794.970,-1172392.830,351.860,0.013
-443794.730,-1172393.480,351.790,0.006
-443794.480,-1172394.150,351.790,0.007
-443794.230,-1172394.790,351.740,0.016
-443794.100,-1172395.140,351.740,0.019
-443793.850,-1172395.820,351.680,0.012
-443793.470,-1172396.830,351.610,0.007
-443793.340,-1172397.160,351.560,0.008
-443800.390,-1172378.400,348.380,0.024
-443800.270,-1172378.740,348.390,0.025
-443794.140,-1172395.750,351.670,0.013
-443800.690,-1172378.320,348.380,0.021
-443795.660,-1172393.450,351.920,0.010
-443795.540,-1172393.790,351.890,0.008
-443795.400,-1172394.150,351.890,0.009
-443795.270,-1172394.490,351.850,0.012
-443794.900,-1172395.490,351.840,0.013
-443794.790,-1172395.780,351.770,0.019
-443794.650,-1172396.130,351.780,0.016
-443794.260,-1172397.160,351.740,0.010
-443793.760,-1172398.500,351.650,0.012
-443793.500,-1172399.180,351.630,0.011
-443793.390,-1172399.490,351.590,0.011
-443795.670,-1172394.440,351.850,0.010
-443795.160,-1172395.800,351.830,0.014
-443794.900,-1172396.470,351.750,0.025
-443794.770,-1172396.820,351.760,0.019
-443794.380,-1172397.850,351.800,0.014
-443794.270,-1172398.140,351.680,0.017
-443793.540,-1172400.080,351.560,0.015
-443795.820,-1172395.580,351.900,0.026
-443795.690,-1172395.920,351.890,0.017
-443795.560,-1172396.260,351.870,0.030
-443795.430,-1172396.610,351.850,0.023
-443795.070,-1172397.570,351.810,0.014
-443794.690,-1172398.560,351.770,0.015
-443794.440,-1172399.240,351.760,0.014
-443794.190,-1172399.890,351.660,0.010
-443793.550,-1172401.580,351.600,0.032
-443796.030,-1172395.820,351.950,0.011
-443795.540,-1172397.120,351.850,0.014
-443795.430,-1172397.420,351.820,0.015
-443795.290,-1172397.770,351.780,0.020
-443795.170,-1172398.090,351.750,0.018
-443795.040,-1172398.440,351.800,0.014
-443794.780,-1172399.130,351.760,0.019
-443794.270,-1172400.480,351.700,0.010
-443796.180,-1172397.100,351.980,0.029
-443795.930,-1172397.750,351.910,0.014
-443795.810,-1172398.090,351.910,0.015
-443795.670,-1172398.440,351.890,0.022
-443795.540,-1172398.790,351.870,0.028
-443795.420,-1172399.120,351.840,0.017
-443795.170,-1172399.770,351.810,0.010
-443795.050,-1172400.090,351.780,0.015
-443794.920,-1172400.430,351.770,0.016
-443794.790,-1172400.770,351.770,0.014
-443794.540,-1172401.440,351.700,0.010
-443794.420,-1172401.770,351.670,0.010
-443794.280,-1172402.130,351.680,0.012
-443796.300,-1172397.710,351.890,0.015
-443795.930,-1172398.690,351.880,0.010
-443795.170,-1172400.710,351.760,0.012
-443794.910,-1172401.390,351.730,0.011
-443796.420,-1172398.930,351.940,0.029
-443796.300,-1172399.250,351.900,0.022
-443796.040,-1172399.940,351.880,0.009
-443795.920,-1172400.270,351.900,0.013
-443795.540,-1172401.250,351.790,0.008
-443795.300,-1172401.890,351.810,0.018
-443795.170,-1172402.240,351.760,0.014
-443795.040,-1172402.580,351.780,0.013
-443796.460,-1172399.650,351.940,0.016
-443796.210,-1172400.310,351.930,0.009
-443796.090,-1172400.630,351.890,0.008
-443795.970,-1172400.950,351.850,0.020
-443795.840,-1172401.300,351.890,0.010
-443795.480,-1172402.250,351.710,0.015
-443796.670,-1172400.760,351.940,0.037
-443796.410,-1172401.450,351.970,0.014
-443795.910,-1172402.770,351.880,0.040
-443795.780,-1172403.120,351.840,0.052
-443796.770,-1172401.250,351.960,0.015
-443796.390,-1172402.250,351.880,0.014
-443796.840,-1172402.870,351.950,0.025
-443826.090,-1172336.250,351.390,0.006
-443825.840,-1172336.920,351.360,0.020
-443826.170,-1172336.890,351.370,0.019
-443825.900,-1172339.620,349.070,0.017
-443826.170,-1172343.220,351.380,0.004
-443826.040,-1172343.570,351.320,0.006
-443825.910,-1172343.900,351.260,0.006
-443826.140,-1172343.270,348.560,0.019
-443826.000,-1172343.640,348.600,0.020
-443826.290,-1172343.430,351.340,0.006
-443826.160,-1172343.770,351.330,0.006
-443826.260,-1172343.470,348.570,0.017
-443826.130,-1172343.820,348.530,0.019
-443826.630,-1172346.650,351.430,0.011
-443826.470,-1172347.040,348.600,0.040
-443825.720,-1172353.230,347.340,0.013
-443816.200,-1172378.910,348.150,0.040
-443825.470,-1172357.280,349.020,0.002
-443826.340,-1172356.550,349.090,0.059
-443732.650,-1172398.950,349.090,0.014
-443732.530,-1172399.280,349.050,0.015
-443732.550,-1172401.290,349.070,0.007
-443732.430,-1172401.620,349.060,0.004
-443733.880,-1172397.700,350.590,0.027
-443732.880,-1172402.450,349.090,0.010
-443732.760,-1172402.770,349.040,0.023
-443732.650,-1172403.090,349.020,0.030
-443732.840,-1172404.520,349.140,0.009
-443733.060,-1172408.000,350.570,0.059
-443733.090,-1172407.900,349.080,0.015
-443732.960,-1172408.260,349.090,0.027
-443742.200,-1172397.290,350.550,0.072
-443749.660,-1172397.020,350.520,0.047
-443752.760,-1172398.310,350.450,0.016
-443753.860,-1172400.100,350.480,0.014
-443754.150,-1172401.370,350.480,0.025
-443754.030,-1172401.690,350.470,0.021
-443753.910,-1172402.000,350.480,0.016
-443753.890,-1172402.700,350.450,0.013
-443753.760,-1172403.060,350.450,0.012
-443754.130,-1172403.620,350.520,0.013
-443753.640,-1172404.960,350.480,0.008
-443754.460,-1172404.930,350.560,0.021
-443760.200,-1172396.610,349.850,0.032
-443768.110,-1172384.790,349.070,0.011
-443768.270,-1172389.450,349.040,0.009
-443769.070,-1172396.940,350.450,0.003
-443768.960,-1172397.240,350.410,0.005
-443768.890,-1172399.230,349.640,0.065
-443768.760,-1172399.580,349.610,0.036
-443769.030,-1172400.270,349.700,0.066
-443768.680,-1172401.220,349.590,0.021
-443773.260,-1172398.030,350.410,0.009
-443787.550,-1172378.480,351.120,0.030
-443787.150,-1172378.200,351.110,0.040
-443787.630,-1172380.200,351.060,0.013
-443787.160,-1172380.120,351.050,0.015
-443788.580,-1172378.440,351.220,0.028
-443787.830,-1172380.450,351.080,0.012
-443789.340,-1172378.130,351.340,0.021
-443789.200,-1172378.480,351.320,0.015
-443789.080,-1172378.800,351.300,0.013
-443788.590,-1172380.120,351.230,0.020
-443788.090,-1172381.440,351.150,0.010
-443787.720,-1172382.440,351.050,0.014
-443790.040,-1172378.610,351.410,0.016
-443789.670,-1172379.620,351.340,0.036
-443789.540,-1172379.950,351.330,0.044
-443789.280,-1172380.650,351.360,0.018
-443789.030,-1172381.310,351.230,0.014
-443788.280,-1172383.330,351.110,0.009
-443788.160,-1172383.650,351.090,0.011
-443789.600,-1172378.370,351.640,0.080
-443788.130,-1172382.290,351.090,0.011
-443787.880,-1172382.970,351.050,0.009
-443787.640,-1172383.610,350.930,0.012
-443790.170,-1172378.290,351.430,0.008
-443788.880,-1172384.180,351.180,0.016
-443788.760,-1172384.510,351.190,0.018
-443788.630,-1172384.850,351.140,0.018
-443788.510,-1172385.180,351.180,0.021
-443788.380,-1172385.500,351.120,0.016
-443788.130,-1172386.170,351.120,0.019
-443788.010,-1172386.510,351.090,0.020
-443791.270,-1172377.820,351.590,0.041
-443789.470,-1172381.010,351.290,0.010
-443788.700,-1172383.060,351.130,0.008
-443789.880,-1172382.440,351.290,0.028
-443789.750,-1172382.760,351.300,0.034
-443789.630,-1172383.090,351.230,0.013
-443789.380,-1172383.760,351.250,0.022
-443789.250,-1172384.100,351.210,0.010
-443789.140,-1172384.410,351.170,0.015
-443789.000,-1172384.780,351.210,0.021
-443788.870,-1172385.110,351.150,0.023
-443788.760,-1172385.430,351.120,0.017
-443788.630,-1172385.750,351.120,0.023
-443788.120,-1172387.130,351.030,0.003
-443787.980,-1172387.490,351.030,0.012
-443791.380,-1172378.440,351.550,0.017
-443791.250,-1172378.790,351.570,0.013
-443791.130,-1172379.100,351.510,0.010
-443791.000,-1172379.440,351.490,0.019
-443790.740,-1172380.140,351.440,0.030
-443790.250,-1172381.450,351.310,0.012
-443790.010,-1172381.170,351.340,0.023
-443789.750,-1172381.870,351.300,0.010
-443789.240,-1172383.230,351.280,0.034
-443789.130,-1172383.520,351.190,0.020
-443789.000,-1172383.850,351.210,0.016
-443791.520,-1172379.320,351.600,0.025
-443791.390,-1172379.670,351.570,0.026
-443791.150,-1172380.310,351.520,0.011
-443791.030,-1172380.630,351.440,0.011
-443790.780,-1172381.290,351.470,0.021
-443790.530,-1172381.950,351.370,0.014
-443790.400,-1172382.290,351.410,0.019
-443790.040,-1172383.260,351.250,0.009
-443789.520,-1172384.650,351.350,0.021
-443789.400,-1172384.960,351.280,0.022
-443789.280,-1172385.290,351.200,0.024
-443789.010,-1172386.010,351.220,0.022
-443788.640,-1172387.000,351.140,0.011
-443788.390,-1172387.650,351.110,0.027
-443788.960,-1172388.340,351.160,0.020
-443788.840,-1172388.660,351.140,0.012
-443788.350,-1172389.970,351.000,0.010
-443788.220,-1172390.320,351.040,0.024
-443791.260,-1172380.770,351.510,0.009
-443790.630,-1172382.450,351.360,0.013
-443790.390,-1172383.100,351.370,0.005
-443789.610,-1172385.170,351.290,0.015
-443789.490,-1172385.470,351.270,0.021
-443788.730,-1172387.520,351.160,0.011
-443788.350,-1172388.520,351.080,0.011
-443788.100,-1172389.190,351.060,0.009
-443791.310,-1172383.060,351.480,0.009
-443791.180,-1172383.390,351.460,0.008
-443790.920,-1172384.080,351.450,0.033
-443790.680,-1172384.740,351.370,0.011
-443790.170,-1172386.080,351.290,0.022
-443790.050,-1172386.400,351.280,0.017
-443789.190,-1172388.710,351.140,0.016
-443789.060,-1172389.050,351.150,0.013
-443788.690,-1172390.020,351.060,0.010
-443788.440,-1172390.690,350.940,0.017
-443788.300,-1172391.060,350.970,0.021
-443791.480,-1172381.640,351.530,0.009
-443791.350,-1172381.970,351.500,0.016
-443791.230,-1172382.310,351.480,0.016
-443790.970,-1172382.980,351.360,0.020
-443790.710,-1172383.680,351.430,0.015
-443790.600,-1172383.970,351.350,0.018
-443790.470,-1172384.330,351.360,0.028
-443790.340,-1172384.670,351.360,0.021
-443790.220,-1172384.990,351.340,0.013
-443789.830,-1172386.040,351.300,0.013
-443789.710,-1172386.340,351.250,0.015
-443789.580,-1172386.710,351.250,0.008
-443789.460,-1172387.020,351.240,0.010
-443789.330,-1172387.370,351.240,0.013
-443789.210,-1172387.690,351.170,0.014
-443789.080,-1172388.010,351.150,0.013
-443791.900,-1172383.820,351.580,0.014
-443791.780,-1172384.140,351.540,0.027
-443791.660,-1172384.470,351.490,0.022
-443791.530,-1172384.810,351.470,0.019
-443791.840,-1172383.100,351.590,0.018
-443791.730,-1172383.400,351.550,0.026
-443791.600,-1172383.740,351.500,0.028
-443791.460,-1172384.100,351.540,0.027
-443791.340,-1172384.430,351.500,0.022
-443791.100,-1172385.070,351.480,0.023
-443790.970,-1172385.410,351.470,0.031
-443790.470,-1172386.750,351.420,0.025
-443790.230,-1172387.380,351.350,0.014
-443790.100,-1172387.730,351.300,0.022
-443789.960,-1172388.090,351.320,0.026
-443789.600,-1172389.060,351.210,0.019
-443789.470,-1172389.400,351.210,0.015
-443789.210,-1172390.090,351.180,0.018
-443789.080,-1172390.450,351.170,0.015
-443788.960,-1172390.760,351.150,0.014
-443788.720,-1172391.400,351.100,0.013
-443788.580,-1172391.760,351.090,0.010
-443791.810,-1172381.720,351.550,0.014
-443789.570,-1172391.690,351.230,0.035
-443789.440,-1172392.040,351.190,0.026
-443788.700,-1172394.000,351.090,0.024
-443791.960,-1172385.310,351.530,0.009
-443791.720,-1172385.950,351.540,0.028
-443791.460,-1172386.660,351.490,0.028
-443790.720,-1172388.630,351.300,0.013
-443790.200,-1172390.010,351.270,0.012
-443790.070,-1172390.360,351.280,0.013
-443791.040,-1172386.120,351.410,0.018
-443788.750,-1172392.210,351.090,0.014
-443788.640,-1172392.520,351.080,0.009
-443788.510,-1172392.850,351.020,0.010
-443788.380,-1172393.190,351.040,0.011
-443791.860,-1172387.810,351.490,0.031
-443791.730,-1172388.160,351.540,0.033
-443791.620,-1172388.470,351.440,0.021
-443791.120,-1172389.790,351.400,0.021
-443790.990,-1172390.120,351.370,0.016
-443790.870,-1172390.460,351.370,0.029
-443790.120,-1172392.460,351.240,0.012
-443790.000,-1172392.780,351.220,0.021
-443789.100,-1172395.160,351.140,0.012
-443788.980,-1172395.470,351.110,0.012
-443788.860,-1172395.790,351.080,0.009
-443790.870,-1172389.160,351.330,0.013
-443790.000,-1172391.470,351.210,0.028
-443789.750,-1172392.140,351.210,0.019
-443790.000,-1172394.940,351.210,0.015
-443789.380,-1172396.580,351.100,0.005
-443789.130,-1172397.250,351.070,0.012
-443792.020,-1172388.000,351.510,0.026
-443791.780,-1172388.630,351.470,0.020
-443791.280,-1172389.960,351.410,0.011
-443791.150,-1172390.300,351.390,0.017
-443791.020,-1172390.640,351.350,0.017
-443790.530,-1172391.950,351.240,0.013
-443790.260,-1172392.670,351.260,0.015
-443790.140,-1172393.010,351.220,0.018
-443790.010,-1172393.340,351.190,0.023
-443789.520,-1172394.640,351.120,0.008
-443789.130,-1172395.690,351.100,0.010
-443789.000,-1172396.010,351.060,0.020
-443790.900,-1172395.010,351.350,0.017
-443790.790,-1172395.310,351.320,0.021
-443790.660,-1172395.650,351.330,0.025
-443790.520,-1172396.000,351.280,0.012
-443790.410,-1172396.310,351.250,0.014
-443790.280,-1172396.660,351.270,0.008
-443790.140,-1172397.020,351.260,0.011
-443789.780,-1172397.980,351.190,0.015
-443789.510,-1172398.690,351.160,0.005
-443789.390,-1172399.020,351.140,0.006
-443792.250,-1172389.920,351.470,0.017
-443792.110,-1172390.280,351.470,0.013
-443791.490,-1172391.930,351.420,0.016
-443791.230,-1172392.610,351.400,0.011
-443790.980,-1172393.290,351.340,0.005
-443790.480,-1172394.620,351.270,0.018
-443790.360,-1172394.940,351.240,0.013
-443790.120,-1172395.580,351.180,0.030
-443789.990,-1172395.930,351.230,0.014
-443789.860,-1172396.270,351.190,0.012
-443789.620,-1172396.900,351.160,0.013
-443789.490,-1172397.240,351.110,0.013
-443789.240,-1172397.910,351.080,0.010
-443792.280,-1172388.890,351.560,0.012
-443792.160,-1172389.210,351.520,0.013
-443792.020,-1172389.570,351.520,0.011
-443791.650,-1172390.560,351.470,0.010
-443791.390,-1172391.250,351.430,0.006
-443790.890,-1172392.570,351.330,0.013
-443790.770,-1172392.900,351.300,0.008
-443790.260,-1172394.250,351.280,0.016
-443792.560,-1172392.820,351.550,0.022
-443791.670,-1172395.170,351.410,0.012
-443791.160,-1172396.520,351.350,0.018
-443790.800,-1172397.510,351.290,0.009
-443790.660,-1172397.870,351.330,0.023
-443790.150,-1172399.220,351.240,0.017
-443789.900,-1172399.890,351.220,0.018
-443789.530,-1172400.880,351.150,0.016
-443792.180,-1172392.340,351.460,0.016
-443790.940,-1172395.630,351.260,0.020
-443790.810,-1172395.970,351.280,0.016
-443790.680,-1172396.320,351.300,0.007
-443789.410,-1172399.680,351.140,0.030
-443789.170,-1172400.320,351.020,0.042
-443792.530,-1172390.670,351.570,0.012
-443792.410,-1172391.000,351.540,0.010
-443791.770,-1172392.690,351.450,0.015
-443791.650,-1172393.010,351.450,0.022
-443791.510,-1172393.370,351.430,0.033
-443791.280,-1172394.000,351.390,0.015
-443791.160,-1172394.320,351.390,0.020
-443790.760,-1172401.830,351.280,0.018
-443790.640,-1172402.150,351.190,0.011
-443790.380,-1172402.850,351.170,0.024
-443790.130,-1172403.520,351.180,0.017
-443792.030,-1172396.840,351.440,0.018
-443791.660,-1172397.810,351.370,0.016
-443791.530,-1172398.170,351.400,0.024
-443791.280,-1172398.820,351.350,0.015
-443790.780,-1172400.170,351.270,0.015
-443792.790,-1172394.840,351.480,0.017
-443792.410,-1172395.840,351.420,0.029
-443792.800,-1172394.150,351.530,0.007
-443792.670,-1172394.500,351.560,0.027
-443791.910,-1172396.530,351.450,0.018
-443791.650,-1172397.230,351.450,0.015
-443791.160,-1172398.520,351.320,0.014
-443791.040,-1172398.820,351.300,0.027
-443790.660,-1172399.840,351.270,0.031
-443790.550,-1172400.130,351.230,0.022
-443790.410,-1172400.500,351.240,0.016
-443790.290,-1172400.830,351.240,0.020
-443790.160,-1172401.170,351.230,0.024
-443789.910,-1172401.830,351.150,0.009
-443789.790,-1172402.160,351.130,0.009
-443789.650,-1172402.510,351.180,0.015
-443789.530,-1172402.830,351.110,0.016
-443792.540,-1172393.590,351.510,0.042
-443792.410,-1172393.930,351.510,0.040
-443791.280,-1172396.940,351.360,0.012
-443791.020,-1172397.620,351.310,0.008
-443790.520,-1172398.940,351.210,0.011
-443790.270,-1172399.620,351.180,0.009
-443789.530,-1172401.570,351.110,0.021
-443793.400,-1172402.790,351.520,0.010
-443793.310,-1172402.230,351.530,0.013
-443792.520,-1172402.770,351.430,0.015
-443792.400,-1172403.110,351.420,0.010
-443792.260,-1172403.470,351.410,0.011
-443793.260,-1172399.810,351.570,0.020
-443792.890,-1172400.800,351.530,0.011
-443792.760,-1172401.140,351.540,0.011
-443792.640,-1172401.470,351.500,0.011
-443792.520,-1172401.790,351.490,0.020
-443792.140,-1172402.790,351.360,0.017
-443792.020,-1172403.110,351.400,0.015
-443791.900,-1172403.440,351.350,0.011
-443792.240,-1172400.790,351.440,0.022
-443792.120,-1172401.110,351.420,0.020
-443791.510,-1172402.740,351.360,0.013
-443791.260,-1172403.400,351.270,0.012
-443793.080,-1172397.860,351.600,0.024
-443792.840,-1172398.500,351.540,0.011
-443792.710,-1172398.830,351.560,0.012
-443792.350,-1172399.800,351.410,0.012
-443792.070,-1172400.520,351.420,0.006
-443791.950,-1172400.850,351.350,0.013
-443791.830,-1172401.160,351.380,0.020
-443791.700,-1172401.520,351.370,0.010
-443792.970,-1172396.790,351.520,0.010
-443792.460,-1172398.130,351.460,0.015
-443791.950,-1172399.490,351.370,0.010
-443791.820,-1172399.820,351.370,0.007
-443791.580,-1172400.460,351.300,0.012
-443790.700,-1172402.810,351.180,0.014
-443792.900,-1172396.160,351.590,0.029
-443792.650,-1172396.830,351.540,0.017
-443792.520,-1172397.160,351.550,0.017
-443792.400,-1172397.470,351.470,0.008
-443792.270,-1172397.820,351.510,0.010
-443792.020,-1172398.500,351.480,0.014
-443791.640,-1172399.490,351.390,0.012
-443712.550,-1172403.210,352.510,0.034
-443712.440,-1172403.520,352.420,0.023
-443712.320,-1172400.690,352.480,0.028
-443712.210,-1172401.010,352.430,0.034
-443711.970,-1172401.650,352.380,0.015
-443711.490,-1172402.970,352.200,0.052
-443712.410,-1172401.340,352.490,0.019
-443712.210,-1172399.520,352.530,0.035
-443712.100,-1172399.820,352.440,0.034
-443711.400,-1172401.720,352.230,0.016
-443711.270,-1172402.070,352.200,0.010
-443711.320,-1172401.220,352.220,0.025
-443711.210,-1172401.550,352.180,0.021
-443710.960,-1172402.220,352.240,0.025
-443710.850,-1172402.530,352.210,0.034
-443710.770,-1172401.240,352.180,0.033
-443710.650,-1172401.550,352.110,0.008
-443710.410,-1172402.210,352.100,0.021
-443710.290,-1172402.530,352.120,0.015
-443823.390,-1172309.410,355.060,0.012
-443796.210,-1172325.860,351.150,0.005
-443796.490,-1172326.530,351.150,0.017
-443796.380,-1172326.850,351.090,0.018
-443796.670,-1172326.730,351.200,0.022
-443796.620,-1172329.100,351.180,0.011
-443796.970,-1172327.350,351.190,0.007
-443798.420,-1172326.040,351.270,0.009
-443798.030,-1172327.070,351.230,0.011
-443798.580,-1172327.940,351.270,0.014
-443798.070,-1172329.290,351.210,0.011
-443802.490,-1172318.070,350.930,0.018
-443797.890,-1172330.400,351.190,0.021
-443802.780,-1172318.930,350.920,0.022
-443800.770,-1172325.140,351.440,0.063
-443800.520,-1172325.820,351.370,0.018
-443800.250,-1172326.540,351.390,0.018
-443799.220,-1172329.310,351.280,0.021
-443800.700,-1172326.860,351.450,0.028
-443799.280,-1172330.660,351.320,0.015
-443730.890,-1172323.870,352.830,0.009
-443730.770,-1172324.220,352.770,0.007
-443731.160,-1172324.230,352.840,0.022
-443731.290,-1172323.890,352.870,0.020
-443756.590,-1172293.870,355.380,0.008
-443756.530,-1172293.980,351.850,0.057
-443742.860,-1172333.460,353.210,0.063
-443743.430,-1172338.340,353.230,0.074
-443756.080,-1172313.210,354.410,0.023
-443756.200,-1172313.680,354.380,0.022
-443757.630,-1172311.510,354.520,0.039
-443757.130,-1172312.870,354.420,0.022
-443756.750,-1172313.920,354.400,0.027
-443756.500,-1172314.580,354.230,0.034
-443756.360,-1172314.960,354.380,0.027
-443756.920,-1172312.900,354.420,0.023
-443756.300,-1172314.590,354.310,0.041
-443756.860,-1172314.910,354.450,0.016
-443756.620,-1172315.560,354.370,0.022
-443756.490,-1172315.920,354.360,0.021
-443757.640,-1172313.310,354.460,0.019
-443756.880,-1172315.410,354.380,0.018
-443756.650,-1172317.710,354.350,0.019
-443759.540,-1172311.360,354.660,0.073
-443758.550,-1172314.070,354.550,0.013
-443757.030,-1172318.220,354.420,0.019
-443756.900,-1172318.570,354.400,0.014
-443756.790,-1172318.870,354.330,0.015
-443758.530,-1172315.060,354.470,0.022
-443758.010,-1172316.490,354.480,0.029
-443760.490,-1172311.140,354.810,0.016
-443757.090,-1172320.400,354.390,0.013
-443760.990,-1172312.100,354.840,0.031
-443760.500,-1172313.450,354.720,0.026
-443757.150,-1172321.010,354.380,0.017
-443760.100,-1172314.520,354.700,0.010
-443759.990,-1172314.830,354.650,0.011
-443759.860,-1172315.170,354.650,0.022
-443761.970,-1172311.860,354.860,0.010
-443760.720,-1172315.260,354.790,0.024
-443760.090,-1172316.970,354.700,0.015
-443759.590,-1172318.330,354.600,0.008
-443759.460,-1172318.690,354.600,0.013
-443758.650,-1172321.840,354.470,0.032
-443762.780,-1172312.350,354.970,0.022
-443762.650,-1172312.700,354.940,0.018
-443762.270,-1172313.720,354.870,0.013
-443762.150,-1172314.050,354.840,0.011
-443761.640,-1172315.460,354.790,0.007
-443761.260,-1172316.490,354.760,0.012
-443760.760,-1172317.850,354.680,0.019
-443759.500,-1172321.290,354.610,0.016
-443759.380,-1172321.620,354.610,0.013
-443760.340,-1172319.990,354.620,0.023
-443760.090,-1172320.680,354.580,0.016
-443759.600,-1172322.020,354.510,0.011
-443763.390,-1172310.680,355.070,0.029
-443763.270,-1172311.010,355.050,0.024
-443763.150,-1172311.330,355.020,0.016
-443761.220,-1172317.620,354.680,0.028
-443760.960,-1172318.320,354.680,0.018
-443760.460,-1172319.670,354.630,0.017
-443764.200,-1172310.860,355.150,0.033
-443764.090,-1172311.160,355.090,0.023
-443763.950,-1172311.530,355.090,0.017
-443763.820,-1172311.890,355.080,0.011
-443763.440,-1172312.940,355.010,0.005
-443763.310,-1172313.280,355.010,0.007
-443760.310,-1172321.450,354.650,0.016
-443764.350,-1172311.050,355.130,0.018
-443762.850,-1172315.150,354.890,0.008
-443762.350,-1172316.510,354.830,0.046
-443762.230,-1172316.830,354.810,0.031
-443761.980,-1172317.500,354.760,0.023
-443761.600,-1172318.530,354.730,0.018
-443761.100,-1172319.900,354.670,0.020
-443760.980,-1172320.230,354.650,0.013
-443760.590,-1172321.300,354.640,0.016
-443760.330,-1172322.010,354.610,0.031
-443764.560,-1172312.020,355.080,0.008
-443764.430,-1172312.380,355.080,0.016
-443764.290,-1172312.760,355.120,0.007
-443763.790,-1172314.120,355.040,0.006
-443763.540,-1172314.790,354.990,0.008
-443762.560,-1172317.470,354.830,0.027
-443761.930,-1172319.200,354.770,0.017
-443761.790,-1172319.570,354.810,0.013
-443761.530,-1172320.280,354.780,0.014
-443761.280,-1172320.950,354.750,0.010
-443761.030,-1172321.640,354.740,0.011
-443764.650,-1172312.670,355.120,0.010
-443764.510,-1172313.030,355.120,0.011
-443764.400,-1172313.350,355.060,0.008
-443763.030,-1172317.080,354.910,0.043
-443762.130,-1172319.540,354.860,0.018
-443761.890,-1172320.170,354.800,0.019
-443761.750,-1172320.550,354.740,0.030
-443761.510,-1172321.210,354.740,0.008
-443761.380,-1172321.580,354.720,0.014
-443764.690,-1172313.770,355.210,0.011
-443764.450,-1172314.420,355.100,0.011
-443764.330,-1172314.750,355.090,0.007
-443764.210,-1172315.090,355.040,0.009
-443763.060,-1172318.230,354.960,0.017
-443764.730,-1172314.270,355.030,0.016
-443764.600,-1172314.640,355.090,0.007
-443764.350,-1172315.320,355.000,0.006
-443764.090,-1172316.020,354.970,0.008
-443763.830,-1172316.720,354.950,0.030
-443762.950,-1172319.130,354.900,0.022
-443764.770,-1172315.630,355.090,0.006
-443764.930,-1172315.920,355.110,0.038
-443764.300,-1172317.630,355.020,0.007
-443763.440,-1172319.960,354.910,0.020
-443763.190,-1172320.640,354.820,0.031
-443763.060,-1172321.020,354.900,0.024
-443762.930,-1172321.360,354.860,0.028
-443762.810,-1172321.690,354.850,0.032
-443764.860,-1172317.380,355.090,0.006
-443764.720,-1172317.760,355.120,0.006
-443763.730,-1172320.460,354.940,0.008
-443765.000,-1172317.530,355.110,0.005
-443764.510,-1172318.880,355.000,0.011
-443763.490,-1172321.650,354.920,0.035
-443765.150,-1172318.700,355.160,0.016
-443764.780,-1172319.720,355.100,0.005
-443764.540,-1172320.380,355.050,0.014
-443764.410,-1172320.720,355.010,0.011
-443764.270,-1172321.110,355.060,0.024
-443765.230,-1172319.160,355.110,0.014
-443764.850,-1172320.190,355.040,0.011
-443764.730,-1172320.520,355.020,0.013
-443765.300,-1172320.260,355.070,0.020
-443718.710,-1172341.800,353.040,0.053
-443718.470,-1172338.140,353.180,0.033
-443719.530,-1172328.190,352.690,0.033
-443699.090,-1172344.150,353.220,0.015
-443698.960,-1172343.770,353.190,0.019
-443698.840,-1172344.100,353.160,0.019
-443704.660,-1172328.290,352.710,0.013
-443706.080,-1172323.250,355.370,0.019
-443705.970,-1172323.570,355.350,0.018
-443704.490,-1172327.530,352.710,0.010
-443704.370,-1172327.860,352.670,0.014
-443705.850,-1172323.280,355.370,0.019
-443705.730,-1172323.620,355.350,0.018
-443704.260,-1172327.560,352.710,0.012
-443703.760,-1172328.930,352.620,0.075
-443705.580,-1172323.170,355.320,0.031
-443850.490,-1172431.390,374.190,0.019
-443850.390,-1172429.600,374.190,0.020
-443849.630,-1172431.590,374.170,0.029
-443850.540,-1172430.670,374.190,0.016
-443850.660,-1172428.910,374.190,0.071
-443850.530,-1172429.250,374.170,0.020
-443850.630,-1172426.430,374.730,0.021
-443850.570,-1172426.580,374.180,0.019
-443850.450,-1172426.910,374.160,0.049
-443849.530,-1172429.290,374.210,0.012
-443850.480,-1172427.290,374.200,0.043
-443850.500,-1172424.970,374.180,0.020
-443850.370,-1172425.310,374.200,0.008
-443846.680,-1172432.140,374.760,0.091
-443851.800,-1172418.280,373.850,0.011
-443851.540,-1172418.970,373.810,0.046
-443850.060,-1172422.820,374.210,0.016
-443849.820,-1172423.450,374.120,0.010
-443851.650,-1172416.570,373.820,0.008
-443850.330,-1172420.020,374.210,0.022
-443850.200,-1172420.350,374.190,0.036
-443849.650,-1172419.060,375.450,0.044
-443845.570,-1172429.670,374.140,0.009
-443850.890,-1172416.570,373.770,0.036
-443845.510,-1172428.060,374.130,0.009
-443845.390,-1172428.390,374.200,0.059
-443851.060,-1172412.960,374.710,0.027
-443849.990,-1172415.740,374.180,0.021
-443850.340,-1172413.240,374.700,0.088
-443850.210,-1172413.570,374.670,0.014
-443849.240,-1172416.100,374.260,0.036
-443850.030,-1172413.690,374.200,0.047
-443850.290,-1172411.660,374.680,0.056
-443850.020,-1172412.390,374.720,0.051
-443849.040,-1172414.910,374.250,0.028
-443850.020,-1172411.750,374.200,0.086
-443849.900,-1172412.080,374.160,0.039
-443848.970,-1172414.490,374.250,0.063
-443847.560,-1172418.160,374.150,0.028
-443849.920,-1172410.430,374.100,0.019
-443849.010,-1172412.820,374.230,0.056
-443848.750,-1172413.490,374.190,0.037
-443850.830,-1172407.800,374.780,0.014
-443849.990,-1172410.000,374.210,0.044
-443849.950,-1172408.900,374.170,0.058
-443847.260,-1172415.900,374.110,0.059
-443840.020,-1172432.770,374.630,0.062
-443849.990,-1172408.390,374.220,0.015
-443851.210,-1172403.610,373.790,0.045
-443849.860,-1172407.130,374.210,0.039
-443849.750,-1172407.430,374.130,0.032
-443848.580,-1172410.470,374.150,0.032
-443844.380,-1172421.430,374.770,0.073
-443844.240,-1172421.780,374.780,0.012
-443848.530,-1172410.270,374.190,0.028
-443844.150,-1172421.670,374.100,0.018
-443839.980,-1172432.540,374.710,0.083
-443849.850,-1172405.460,374.150,0.046
-443849.720,-1172405.810,374.130,0.053
-443848.420,-1172409.180,374.160,0.026
-443849.820,-1172405.120,374.160,0.019
-443845.060,-1172416.060,374.050,0.042
-443840.120,-1172428.490,374.190,0.036
-443849.760,-1172403.810,374.690,0.060
-443849.700,-1172403.940,374.150,0.013
-443848.500,-1172407.070,374.330,0.015
-443849.640,-1172403.650,374.170,0.050
-443848.870,-1172405.660,374.250,0.039
-443848.390,-1172406.920,374.960,0.044
-443849.630,-1172402.130,374.160,0.016
-443848.430,-1172404.470,374.150,0.008
-443846.810,-1172406.930,374.970,0.048
-443846.880,-1172406.750,374.410,0.067
-443843.870,-1172414.590,374.770,0.008
-443841.110,-1172421.780,374.180,0.010
-443848.590,-1172402.280,374.270,0.038
-443848.470,-1172402.590,374.150,0.032
-443848.400,-1172402.130,374.190,0.029
-443843.750,-1172414.270,374.160,0.017
-443841.700,-1172418.240,377.480,0.034
-443836.350,-1172431.410,373.900,0.020
-443848.440,-1172400.640,374.130,0.051
-443849.430,-1172397.270,374.300,0.012
-443849.290,-1172397.620,374.300,0.015
-443845.560,-1172407.370,374.170,0.023
-443845.430,-1172407.720,374.170,0.031
-443836.780,-1172428.410,374.190,0.047
-443835.670,-1172431.190,359.810,0.023
-443849.540,-1172395.150,374.270,0.013
-443849.400,-1172395.500,374.220,0.024
-443848.490,-1172397.880,374.260,0.024
-443849.400,-1172394.560,374.300,0.040
-443840.510,-1172416.090,377.430,0.028
-443840.390,-1172416.410,377.410,0.014
-443839.110,-1172419.730,377.500,0.043
-443838.090,-1172422.370,374.220,0.014
-443836.090,-1172427.580,373.830,0.038
-443849.330,-1172393.060,374.230,0.016
-443848.290,-1172395.770,374.200,0.025
-443838.690,-1172419.970,377.460,0.054
-443836.160,-1172426.520,373.880,0.017
-443835.290,-1172428.790,373.780,0.030
-443836.570,-1172423.830,374.210,0.052
-443836.080,-1172425.110,373.860,0.016
-443849.280,-1172392.270,374.260,0.012
-443848.110,-1172395.340,374.240,0.016
-443849.210,-1172390.850,374.270,0.053
-443835.940,-1172425.030,373.890,0.012
-443835.800,-1172425.250,359.900,0.064
-443835.350,-1172425.150,359.620,0.061
-443848.280,-1172392.800,374.270,0.019
-443836.100,-1172423.350,374.730,0.062
-443836.210,-1172423.060,373.840,0.036
-443838.520,-1172416.340,374.220,0.054
-443835.980,-1172422.960,373.870,0.036
-443835.630,-1172423.820,369.370,0.012
-443848.170,-1172391.850,374.220,0.034
-443849.110,-1172388.690,374.270,0.035
-443839.410,-1172414.000,374.140,0.033
-443841.180,-1172407.690,374.750,0.047
-443835.150,-1172423.390,369.310,0.013
-443848.110,-1172389.620,374.270,0.019
-443841.070,-1172407.390,374.140,0.026
-443851.290,-1172380.660,371.470,0.006
-443848.180,-1172388.820,374.280,0.042
-443848.190,-1172387.280,374.220,0.054
-443841.600,-1172404.490,374.130,0.012
-443840.690,-1172406.860,374.060,0.027
-443843.190,-1172399.540,374.410,0.025
-443835.930,-1172416.810,374.620,0.044
-443848.800,-1172383.200,374.220,0.011
-443835.910,-1172415.070,374.700,0.030
-443836.160,-1172414.120,374.770,0.046
-443847.080,-1172385.600,374.410,0.041
-443840.850,-1172400.590,374.720,0.032
-443835.700,-1172414.020,374.630,0.021
-443835.680,-1172414.080,373.820,0.034
-443834.780,-1172416.410,373.740,0.007
-443835.640,-1172413.930,373.880,0.028
-443850.960,-1172374.180,373.910,0.090
-443846.840,-1172384.930,374.370,0.019
-443849.380,-1172378.030,374.730,0.077
-443848.920,-1172379.220,374.290,0.014
-443848.800,-1172379.550,374.280,0.044
-443835.880,-1172411.890,374.710,0.035
-443834.830,-1172414.630,373.820,0.034
-443834.710,-1172414.950,373.750,0.015
-443848.890,-1172377.910,374.230,0.029
-443846.390,-1172384.440,374.320,0.018
-443846.150,-1172385.060,374.240,0.024
-443843.160,-1172392.870,374.290,0.017
-443835.790,-1172411.340,374.700,0.031
-443832.620,-1172419.640,377.650,0.033
-443849.140,-1172376.440,374.730,0.067
-443848.810,-1172377.320,374.270,0.035
-443846.080,-1172384.450,374.270,0.009
-443843.080,-1172392.280,374.270,0.030
-443834.700,-1172412.530,373.800,0.015
-443834.590,-1172412.800,373.670,0.012
-443848.670,-1172376.050,374.210,0.028
-443835.870,-1172408.990,374.760,0.046
-443848.780,-1172375.260,374.300,0.012
-443848.650,-1172375.610,374.250,0.007
-443834.940,-1172410.220,373.820,0.013
-443834.810,-1172410.550,373.780,0.014
-443834.780,-1172410.060,373.770,0.013
-443835.070,-1172409.270,369.340,0.099
-443834.950,-1172409.590,369.330,0.091
-443834.980,-1172409.470,363.710,0.016
-443830.720,-1172420.700,377.610,0.015
-443834.410,-1172409.400,373.740,0.009
-443834.700,-1172408.600,369.280,0.023
-443834.590,-1172408.910,369.240,0.026
-443834.440,-1172409.290,369.320,0.020
-443840.730,-1172392.900,374.730,0.017
-443835.710,-1172406.030,374.700,0.098
-443834.590,-1172408.320,373.810,0.013
-443830.140,-1172419.980,377.680,0.018
-443840.550,-1172392.750,374.760,0.026
-443835.720,-1172403.740,374.660,0.035
-443835.580,-1172404.110,374.680,0.066
-443834.890,-1172405.880,371.850,0.010
-443828.950,-1172421.450,377.460,0.075
-443835.350,-1172403.830,374.660,0.041
-443834.920,-1172404.940,373.950,0.012
-443847.470,-1172372.140,374.290,0.034
-443835.370,-1172401.490,374.740,0.024
-443834.840,-1172402.880,373.940,0.032
-443835.530,-1172398.690,374.790,0.021
-443842.530,-1172377.990,374.250,0.070
-443840.520,-1172381.750,377.700,0.043
-443835.020,-1172393.300,374.720,0.018
-443834.890,-1172393.650,374.700,0.018
-443834.130,-1172395.500,362.360,0.013
-443840.620,-1172378.690,377.630,0.023
-443835.090,-1172392.310,374.730,0.080
-443838.570,-1172381.710,377.510,0.030
-443835.160,-1172390.590,374.750,0.080
-443834.980,-1172390.460,374.710,0.079
-443834.910,-1172389.020,374.730,0.051
-443834.770,-1172389.390,374.740,0.028
-443834.880,-1172389.090,373.880,0.011
-443834.740,-1172386.620,374.720,0.015
-443834.540,-1172384.830,377.690,0.047
-443834.170,-1172382.430,377.570,0.048
-443841.180,-1172365.560,370.600,0.062
-443841.060,-1172365.870,370.520,0.040
-443839.430,-1172365.690,371.150,0.039
-443838.910,-1172367.050,371.120,0.057
-443834.420,-1172377.240,374.710,0.063
-443834.560,-1172376.340,373.910,0.023
-443833.890,-1172376.460,371.020,0.078
-443839.280,-1172361.520,371.100,0.013
-443834.610,-1172373.790,374.770,0.087
-443834.050,-1172375.240,371.170,0.005
-443834.410,-1172372.490,374.720,0.044
-443833.510,-1172374.850,373.810,0.019
-443834.070,-1172372.700,357.060,0.094
-443839.330,-1172359.560,371.090,0.008
-443839.200,-1172359.890,371.090,0.016
-443838.600,-1172361.460,370.630,0.012
-443839.280,-1172359.170,371.170,0.016
-443839.160,-1172359.490,371.110,0.025
-443834.240,-1172370.950,374.700,0.098
-443833.570,-1172372.690,373.810,0.006
-443839.420,-1172357.320,371.170,0.015
-443838.550,-1172359.590,370.690,0.019
-443828.200,-1172384.070,377.620,0.022
-443838.460,-1172358.890,370.740,0.012
-443839.330,-1172354.800,371.130,0.017
-443839.190,-1172355.150,371.110,0.028
-443839.060,-1172355.500,371.090,0.010
-443839.140,-1172354.380,371.150,0.043
-443838.400,-1172356.330,370.720,0.014
-443828.010,-1172383.680,377.640,0.011
-443838.990,-1172353.300,371.100,0.012
-443838.500,-1172354.580,370.700,0.019
-443827.950,-1172382.360,377.630,0.008
-443827.830,-1172382.690,377.640,0.004
-443839.010,-1172352.450,371.110,0.028
-443838.500,-1172351.410,370.720,0.011
-443838.370,-1172351.770,370.710,0.022
-443838.200,-1172349.730,370.700,0.015
-443838.980,-1172346.040,371.110,0.043
-443838.460,-1172346.790,370.720,0.033
-443838.960,-1172344.240,371.140,0.017
-443838.830,-1172344.570,371.120,0.043
-443838.350,-1172345.830,370.660,0.043
-443833.550,-1172357.810,373.260,0.017
-443833.280,-1172356.370,373.260,0.034
-443833.150,-1172356.690,373.220,0.033
-443830.640,-1172361.200,370.620,0.027
-443838.700,-1172340.720,371.070,0.033
-443838.820,-1172338.250,371.100,0.034
-443838.100,-1172340.140,370.680,0.017
-443838.670,-1172338.240,371.190,0.034
-443838.550,-1172338.560,371.050,0.087
-443838.070,-1172339.810,370.700,0.022
-443838.770,-1172336.640,371.130,0.039
-443826.610,-1172366.090,371.080,0.022
-443826.490,-1172366.420,371.100,0.013
-443826.940,-1172365.120,359.840,0.005
-443826.580,-1172365.350,359.750,0.007
-443837.960,-1172336.220,370.660,0.016
-443837.860,-1172335.760,370.660,0.018
-443826.950,-1172361.970,368.230,0.033
-443827.050,-1172361.670,365.440,0.017
-443827.130,-1172361.430,359.840,0.012
-443826.310,-1172361.870,371.050,0.057
-443826.410,-1172361.520,365.340,0.016
-443826.330,-1172359.620,371.110,0.078
-443826.620,-1172354.470,368.160,0.021
-443826.420,-1172354.070,368.180,0.023
-443826.300,-1172354.390,368.140,0.027
-443832.410,-1172338.340,373.240,0.017
-443826.780,-1172350.680,368.220,0.010
-443826.650,-1172351.020,368.180,0.014
-443826.750,-1172350.720,365.400,0.008
-443826.740,-1172350.730,362.570,0.008
-443826.610,-1172351.070,362.580,0.040
-443826.700,-1172350.750,357.030,0.007
-443826.590,-1172351.060,356.950,0.016
-443826.380,-1172350.360,368.150,0.004
-443826.260,-1172350.690,368.160,0.008
-443826.350,-1172350.380,362.560,0.006
-443826.210,-1172350.750,362.540,0.009
-443826.080,-1172351.090,362.540,0.039
-443826.190,-1172350.770,359.710,0.006
-443826.170,-1172350.790,356.940,0.007
-443830.920,-1172337.890,373.300,0.060
-443826.460,-1172347.240,362.580,0.058
-443826.440,-1172347.260,359.800,0.064
-443825.880,-1172347.180,368.070,0.097
-443826.230,-1172346.220,365.450,0.040
-443825.930,-1172346.930,356.940,0.037
-443825.810,-1172347.240,356.910,0.051
-443828.900,-1172340.880,370.790,0.011
-443828.790,-1172341.180,370.680,0.022
-443826.610,-1172346.890,368.230,0.011
-443826.490,-1172347.230,368.200,0.012
-443826.590,-1172346.920,365.420,0.012
-443826.140,-1172343.490,368.180,0.028
-443826.120,-1172343.510,365.400,0.016
-443826.370,-1172342.810,362.620,0.021
-443826.250,-1172343.140,362.610,0.017
-443826.120,-1172343.490,362.610,0.020
-443826.000,-1172343.800,362.470,0.018
-443826.110,-1172343.480,359.790,0.013
-443825.980,-1172343.820,359.710,0.017
-443826.220,-1172343.160,356.970,0.007
-443826.090,-1172343.490,356.950,0.008
-443825.950,-1172343.870,357.000,0.012
-443826.280,-1172343.660,368.150,0.027
-443825.760,-1172345.060,371.060,0.012
-443826.140,-1172344.000,365.320,0.014
-443826.380,-1172343.330,362.570,0.012
-443826.250,-1172343.680,362.570,0.021
-443826.120,-1172344.020,362.530,0.012
-443826.360,-1172343.340,359.730,0.014
-443826.230,-1172343.690,359.760,0.016
-443826.100,-1172344.030,359.740,0.010
-443826.330,-1172343.390,357.030,0.008
-443826.210,-1172343.720,356.950,0.011
-443825.780,-1172342.800,362.570,0.023
-443825.780,-1172340.130,364.750,0.089
-443825.770,-1172340.120,361.930,0.072
-443826.210,-1172336.140,368.230,0.006
-443826.160,-1172336.190,362.600,0.005
-443826.040,-1172336.510,362.580,0.006
-443826.140,-1172336.180,356.970,0.030
-443825.820,-1172335.460,371.110,0.045
-443825.710,-1172335.770,371.060,0.065
-443825.690,-1172335.740,365.370,0.063
-443825.560,-1172336.090,365.340,0.054
-443825.680,-1172335.730,362.540,0.069
-443825.550,-1172336.070,362.510,0.058
-443770.490,-1172433.330,361.330,0.017
-443770.830,-1172434.580,361.830,0.025
-443770.700,-1172434.930,361.820,0.051
-443770.830,-1172435.360,361.830,0.053
-443770.700,-1172430.360,361.840,0.025
-443770.530,-1172431.660,361.820,0.020
-443770.330,-1172432.180,361.380,0.044
-443770.050,-1172428.040,361.510,0.059
-443769.980,-1172426.150,361.560,0.023
-443770.320,-1172424.630,361.820,0.036
-443769.960,-1172425.590,361.610,0.042
-443770.130,-1172421.900,361.800,0.022
-443769.880,-1172422.560,361.700,0.024
-443770.520,-1172422.260,361.850,0.067
-443770.400,-1172422.590,361.850,0.025
-443769.930,-1172423.840,361.680,0.030
-443736.160,-1172424.770,361.670,0.059
-443837.790,-1172331.640,370.700,0.034
-443838.500,-1172331.600,371.140,0.027
-443838.380,-1172331.910,371.090,0.026
-443837.900,-1172333.180,370.700,0.029
-443839.740,-1172330.800,370.390,0.024
-443825.940,-1172332.180,368.240,0.044
-443825.920,-1172332.180,365.410,0.023
-443825.920,-1172332.160,362.620,0.015
-443826.010,-1172331.880,359.880,0.019
-443825.900,-1172332.180,359.830,0.021
-443825.620,-1172332.890,356.970,0.091
-443825.650,-1172333.720,371.050,0.011
-443826.040,-1172332.640,368.180,0.026
-443825.520,-1172334.050,371.020,0.028
-443825.790,-1172333.310,368.130,0.022
-443825.620,-1172331.550,371.080,0.013
-443832.560,-1172306.530,357.450,0.035
-443795.970,-1172312.530,361.770,0.048
-443795.320,-1172312.650,361.770,0.053
-443789.570,-1172315.390,361.600,0.022
-443784.060,-1172313.760,361.860,0.024
-443775.090,-1172317.380,357.360,0.022
-443774.880,-1172290.690,359.110,0.010
-443765.680,-1172291.420,358.590,0.052
-443761.600,-1172294.350,359.130,0.050
-443761.250,-1172292.700,359.210,0.051
-443761.010,-1172293.350,359.120,0.034
-443761.360,-1172291.650,359.340,0.015
-443761.010,-1172292.610,359.150,0.050
-443747.130,-1172291.010,358.950,0.017
-443746.990,-1172291.000,358.980,0.018
-443735.550,-1172319.160,362.650,0.017
-443718.860,-1172320.170,358.930,0.038
-443719.080,-1172318.510,359.080,0.059
-443712.170,-1172335.400,360.930,0.059
-443713.030,-1172329.270,360.810,0.034
-443709.610,-1172336.780,361.000,0.028
-443710.090,-1172334.340,361.000,0.028
-443709.840,-1172335.000,361.020,0.011
-443709.750,-1172332.540,361.020,0.018
-443710.240,-1172332.300,361.040,0.010
-443708.910,-1172333.490,360.970,0.023
-443708.540,-1172334.520,360.970,0.048
-443708.410,-1172334.870,360.940,0.019
-443708.480,-1172332.280,360.980,0.024
-443708.240,-1172332.930,360.950,0.035
-443708.130,-1172333.230,360.890,0.030
-443708.010,-1172333.560,360.880,0.013
-443707.790,-1172335.480,360.950,0.038
-443707.540,-1172336.160,360.870,0.017
-443709.810,-1172326.750,361.120,0.015
-443709.450,-1172327.730,361.020,0.023
-443709.080,-1172328.740,360.980,0.031
-443708.970,-1172329.050,360.910,0.027
-443708.320,-1172330.800,360.940,0.015
-443706.110,-1172336.830,360.780,0.016
-443705.990,-1172337.160,360.810,0.032
-443706.740,-1172332.950,360.820,0.032
-443706.620,-1172333.290,360.850,0.016
-443709.490,-1172326.710,361.010,0.009
-443705.650,-1172337.170,360.730,0.032
-443708.120,-1172328.650,360.950,0.033
-443706.520,-1172332.990,360.860,0.025
-443709.090,-1172326.570,360.950,0.028
-443710.370,-1172321.830,362.220,0.082
-443708.400,-1172327.170,360.930,0.035
-443707.520,-1172329.580,360.890,0.023
-443707.390,-1172329.910,360.880,0.026
-443707.260,-1172330.270,360.910,0.023
-443706.790,-1172331.560,360.810,0.013
-443705.560,-1172334.900,360.700,0.017
-443707.780,-1172327.940,360.900,0.020
-443705.430,-1172334.340,360.720,0.028
-443707.620,-1172329.030,360.930,0.066
-443707.240,-1172330.050,360.860,0.022
-443706.370,-1172332.420,360.860,0.018
-443705.400,-1172335.060,360.720,0.026
-443708.280,-1172326.420,360.980,0.012
-443707.670,-1172328.070,360.890,0.013
-443705.920,-1172332.830,360.830,0.027
-443705.420,-1172334.190,360.770,0.024
-443705.300,-1172334.500,360.740,0.029
-443707.620,-1172327.420,360.900,0.021
-443706.510,-1172330.460,360.810,0.017
-443706.130,-1172331.480,360.810,0.017
-443705.620,-1172330.890,360.800,0.046
-443705.490,-1172331.230,360.760,0.016
-443705.160,-1172333.340,360.750,0.015
-443705.340,-1172331.090,360.760,0.029
-443705.110,-1172331.730,360.780,0.026
-443706.840,-1172327.550,360.850,0.025
-443705.640,-1172329.420,360.740,0.028
-443705.510,-1172329.760,360.760,0.020
-443705.250,-1172330.460,360.790,0.004
-443705.120,-1172330.250,360.780,0.015
-443705.000,-1172330.560,360.730,0.030
-443705.040,-1172328.940,360.720,0.016
-443704.790,-1172329.610,360.760,0.034
-443705.950,-1172326.910,360.810,0.019
-443705.340,-1172328.560,360.760,0.018
-443704.840,-1172327.910,360.770,0.014
-443704.710,-1172328.250,360.780,0.011
-443705.210,-1172327.600,360.760,0.023
-443704.470,-1172327.100,360.700,0.019
-443706.780,-1172317.780,360.320,0.049
-443707.390,-1172316.770,360.180,0.031
-443710.980,-1172294.090,357.280,0.055
-443712.290,-1172294.030,357.360,0.070
-443705.240,-1172296.710,358.590,0.095
-443826.410,-1172439.340,351.550,0.026
-443827.170,-1172438.700,351.680,0.096
-443827.030,-1172438.430,351.580,0.063
-443835.660,-1172430.700,352.580,0.003
-443835.950,-1172430.460,352.570,0.003
-443835.410,-1172430.520,352.480,0.003
-443835.670,-1172430.300,352.540,0.003
-443827.100,-1172437.150,351.610,0.027
-443835.420,-1172430.200,352.480,0.004
-443835.640,-1172430.010,352.600,0.004
-443835.950,-1172429.760,352.550,0.011
-443827.030,-1172436.940,351.580,0.052
-443835.350,-1172429.980,352.450,0.009
-443835.590,-1172429.780,352.530,0.012
-443826.800,-1172435.290,351.500,0.035
-443819.380,-1172440.840,352.020,0.043
-443826.600,-1172434.810,350.750,0.046
-443826.740,-1172434.420,351.450,0.017
-443826.060,-1172433.680,350.570,0.014
-443824.270,-1172433.320,351.530,0.037
-443814.400,-1172440.000,351.540,0.025
-443820.420,-1172433.410,351.580,0.061
-443810.490,-1172434.010,350.510,0.082
-443809.830,-1172434.180,350.520,0.033
-443807.190,-1172433.890,351.570,0.082
-443802.430,-1172437.370,347.640,0.035
-443802.210,-1172437.150,347.180,0.038
-443802.360,-1172437.030,347.590,0.036
-443802.200,-1172436.810,347.510,0.036
-443802.190,-1172436.360,347.460,0.003
-443802.430,-1172436.160,347.600,0.003
-443804.330,-1172433.950,351.580,0.058
-443800.320,-1172424.320,347.570,0.030
-443800.610,-1172424.090,347.590,0.029
-443796.270,-1172420.380,354.040,0.020
-443795.810,-1172419.900,353.860,0.022
-443796.960,-1172419.410,354.320,0.043
-443794.420,-1172406.140,351.660,0.017
-443795.520,-1172405.250,351.800,0.016
-443795.790,-1172405.020,351.810,0.026
-443796.060,-1172404.800,351.820,0.009
-443796.350,-1172404.570,351.870,0.010
-443793.510,-1172406.410,351.500,0.016
-443794.890,-1172405.290,351.690,0.030
-443795.140,-1172405.080,351.700,0.018
-443796.520,-1172403.960,351.860,0.013
-443796.790,-1172403.730,351.910,0.005
-443793.780,-1172405.740,351.550,0.014
-443794.050,-1172405.520,351.580,0.013
-443794.320,-1172405.300,351.620,0.011
-443795.150,-1172404.630,351.720,0.025
-443795.420,-1172404.400,351.750,0.017
-443795.690,-1172404.180,351.810,0.010
-443796.040,-1172403.590,351.850,0.005
-443796.600,-1172403.130,351.930,0.020
-443793.340,-1172405.790,351.540,0.015
-443793.610,-1172405.570,351.540,0.012
-443793.870,-1172405.360,351.590,0.012
-443794.140,-1172405.140,351.600,0.012
-443794.400,-1172404.920,351.650,0.013
-443795.470,-1172404.050,351.810,0.029
-443795.760,-1172403.810,351.840,0.019
-443793.760,-1172405.140,351.550,0.017
-443794.020,-1172404.930,351.580,0.019
-443794.280,-1172404.710,351.600,0.016
-443794.820,-1172404.280,351.700,0.012
-443795.600,-1172403.630,351.820,0.035
-443794.260,-1172404.320,351.630,0.017
-443794.820,-1172403.860,351.700,0.007
-443795.590,-1172403.230,351.820,0.028
-443793.290,-1172404.630,351.490,0.018
-443793.350,-1172403.670,351.540,0.019
-443793.630,-1172403.450,351.560,0.027
-443796.480,-1172406.580,351.880,0.015
-443796.750,-1172406.370,351.940,0.013
-443793.570,-1172408.630,351.500,0.025
-443793.830,-1172408.420,351.520,0.023
-443794.080,-1172408.220,351.580,0.014
-443794.360,-1172407.990,351.590,0.016
-443794.900,-1172407.550,351.640,0.027
-443795.180,-1172407.320,351.720,0.017
-443795.440,-1172407.110,351.730,0.013
-443795.700,-1172406.900,351.790,0.015
-443795.980,-1172406.670,351.800,0.010
-443796.550,-1172406.210,351.890,0.012
-443796.820,-1172405.980,351.910,0.015
-443797.090,-1172405.770,351.960,0.009
-443793.730,-1172408.050,351.510,0.022
-443793.980,-1172407.850,351.550,0.027
-443795.580,-1172406.540,351.750,0.018
-443795.850,-1172406.320,351.830,0.012
-443794.170,-1172407.220,351.560,0.016
-443795.470,-1172406.150,351.760,0.013
-443796.010,-1172405.710,351.820,0.008
-443796.280,-1172405.500,351.860,0.009
-443795.790,-1172405.460,351.820,0.021
-443796.050,-1172405.250,351.810,0.023
-443796.290,-1172405.040,351.890,0.010
-443794.420,-1172406.570,351.650,0.028
-443794.720,-1172406.330,351.660,0.017
-443795.240,-1172405.910,351.740,0.007
-443794.140,-1172406.370,351.620,0.024
-443795.630,-1172409.190,351.750,0.015
-443794.290,-1172409.810,351.570,0.017
-443794.570,-1172409.580,351.600,0.017
-443796.460,-1172408.040,351.850,0.019
-443797.240,-1172407.400,351.950,0.014
-443795.050,-1172408.590,351.680,0.013
-443795.310,-1172408.370,351.680,0.009
-443795.580,-1172408.160,351.780,0.008
-443795.870,-1172407.920,351.780,0.012
-443796.130,-1172407.710,351.840,0.030
-443796.680,-1172407.260,351.940,0.018
-443793.720,-1172409.680,351.470,0.009
-443794.220,-1172409.260,351.600,0.028
-443794.380,-1172408.690,351.600,0.011
-443794.660,-1172408.470,351.610,0.009
-443794.910,-1172408.260,351.650,0.011
-443795.710,-1172407.610,351.770,0.022
-443796.540,-1172406.930,351.870,0.016
-443793.790,-1172408.780,351.520,0.009
-443794.060,-1172408.560,351.550,0.012
-443794.860,-1172407.900,351.660,0.025
-443796.360,-1172409.680,351.820,0.016
-443796.600,-1172409.480,351.890,0.012
-443797.180,-1172409.010,351.930,0.013
-443795.650,-1172409.710,351.730,0.013
-443795.920,-1172409.480,351.790,0.014
-443796.180,-1172409.270,351.800,0.016
-443796.460,-1172409.050,351.860,0.013
-443796.730,-1172408.830,351.910,0.010
-443797.260,-1172408.390,351.950,0.012
-443795.910,-1172408.970,351.780,0.016
-443796.980,-1172408.100,351.930,0.010
-443801.120,-1172404.720,347.960,0.029
-443795.380,-1172413.490,353.820,0.024
-443795.580,-1172413.790,353.880,0.019
-443794.390,-1172415.590,353.450,0.050
-443796.390,-1172414.310,354.140,0.026
-443793.230,-1172423.150,350.190,0.017
-443793.080,-1172422.990,350.170,0.016
-443794.240,-1172422.050,353.310,0.023
-443793.030,-1172422.620,350.180,0.022
-443794.430,-1172421.470,353.370,0.025
-443790.320,-1172423.650,350.120,0.028
-443794.250,-1172420.430,353.310,0.068
-443794.350,-1172419.860,353.370,0.039
-443792.730,-1172420.310,350.050,0.023
-443793.110,-1172420.000,352.920,0.014
-443732.900,-1172410.170,349.070,0.008
-443733.190,-1172409.940,349.080,0.011
-443732.880,-1172408.540,349.070,0.034
-443733.110,-1172411.210,349.080,0.012
-443733.090,-1172410.850,349.090,0.007
-443732.760,-1172410.720,349.040,0.014
-443733.010,-1172410.510,349.090,0.016
-443733.240,-1172410.320,349.230,0.012
-443732.820,-1172412.410,349.050,0.007
-443733.180,-1172411.820,349.090,0.016
-443733.060,-1172411.650,349.040,0.010
-443733.310,-1172411.450,349.200,0.012
-443732.000,-1172413.080,349.020,0.017
-443730.480,-1172418.220,348.980,0.003
-443776.720,-1172412.210,353.540,0.013
-443776.520,-1172413.610,353.480,0.018
-443775.070,-1172415.930,353.570,0.054
-443789.540,-1172404.120,351.010,0.013
-443789.810,-1172403.910,351.130,0.010
-443790.080,-1172403.690,351.170,0.011
-443789.780,-1172404.510,351.100,0.007
-443790.020,-1172404.750,351.130,0.008
-443791.390,-1172403.630,351.310,0.012
-443790.890,-1172404.520,351.220,0.015
-443791.670,-1172403.880,351.340,0.007
-443791.940,-1172403.660,351.370,0.012
-443790.780,-1172405.180,351.210,0.012
-443791.040,-1172404.970,351.240,0.011
-443791.300,-1172404.760,351.310,0.016
-443791.590,-1172404.530,351.330,0.018
-443792.400,-1172403.870,351.440,0.022
-443792.640,-1172403.660,351.470,0.022
-443789.840,-1172406.540,351.050,0.013
-443790.100,-1172406.330,351.090,0.021
-443790.380,-1172406.100,351.150,0.009
-443791.990,-1172404.790,351.350,0.020
-443792.260,-1172404.560,351.380,0.012
-443793.080,-1172403.890,351.480,0.020
-443789.900,-1172406.970,351.040,0.006
-443790.130,-1172406.780,351.140,0.014
-443791.510,-1172405.660,351.280,0.015
-443791.770,-1172405.450,351.320,0.014
-443792.030,-1172405.230,351.340,0.010
-443792.310,-1172405.000,351.400,0.013
-443793.140,-1172404.330,351.520,0.029
-443790.290,-1172407.080,351.140,0.007
-443790.560,-1172406.860,351.130,0.010
-443790.820,-1172406.640,351.190,0.005
-443791.390,-1172406.180,351.260,0.009
-443791.660,-1172405.960,351.300,0.012
-443793.000,-1172404.860,351.480,0.017
-443791.030,-1172406.950,351.220,0.015
-443791.290,-1172406.740,351.280,0.009
-443792.370,-1172405.860,351.370,0.016
-443792.910,-1172405.420,351.470,0.025
-443790.000,-1172408.210,351.010,0.010
-443791.050,-1172407.350,351.180,0.017
-443792.410,-1172406.240,351.370,0.014
-443792.670,-1172406.020,351.430,0.023
-443793.210,-1172405.580,351.470,0.012
-443777.170,-1172418.980,354.070,0.059
-443789.900,-1172408.600,350.930,0.014
-443791.210,-1172407.530,351.220,0.017
-443792.030,-1172406.860,351.340,0.009
-443792.540,-1172406.440,351.400,0.020
-443790.320,-1172408.560,351.090,0.018
-443790.570,-1172408.360,351.140,0.022
-443792.180,-1172407.050,351.350,0.010
-443792.440,-1172406.840,351.350,0.011
-443792.690,-1172406.630,351.430,0.018
-443793.240,-1172406.180,351.480,0.018
-443792.150,-1172407.520,351.300,0.022
-443793.220,-1172406.650,351.470,0.012
-443791.470,-1172408.550,351.230,0.015
-443791.730,-1172408.340,351.290,0.019
-443791.980,-1172408.130,351.310,0.016
-443792.260,-1172407.910,351.350,0.014
-443792.550,-1172407.670,351.350,0.023
-443792.830,-1172407.440,351.400,0.029
-443793.100,-1172407.220,351.440,0.014
-443793.370,-1172407.000,351.480,0.010
-443777.180,-1172420.200,354.060,0.014
-443777.450,-1172419.980,354.150,0.017
-443790.370,-1172409.450,351.120,0.007
-443790.650,-1172409.220,351.140,0.011
-443792.270,-1172408.330,351.350,0.009
-443792.810,-1172407.880,351.400,0.027
-443793.050,-1172407.690,351.440,0.018
-443790.920,-1172409.860,351.170,0.031
-443793.080,-1172408.100,351.430,0.013
-443792.120,-1172409.370,351.310,0.013
-443792.380,-1172409.150,351.330,0.011
-443791.170,-1172410.600,351.200,0.007
-443791.980,-1172409.940,351.290,0.017
-443792.250,-1172409.710,351.330,0.013
-443792.520,-1172409.500,351.360,0.015
-443792.770,-1172409.290,351.390,0.012
-443793.030,-1172409.080,351.430,0.021
-443793.290,-1172408.870,351.450,0.022
-443791.390,-1172410.740,351.250,0.015
-443791.640,-1172410.530,351.270,0.015
-443791.900,-1172410.320,351.300,0.009
-443792.170,-1172410.100,351.320,0.009
-443792.450,-1172409.870,351.320,0.010
-443792.710,-1172409.660,351.390,0.010
-443792.960,-1172409.460,351.450,0.017
-443793.240,-1172409.230,351.440,0.029
-443793.500,-1172409.010,351.490,0.025
-443774.150,-1172424.790,353.660,0.038
-443793.550,-1172409.370,351.480,0.008
-443791.920,-1172410.700,351.310,0.010
-443793.430,-1172409.910,351.460,0.012
-443793.380,-1172411.560,353.160,0.036
-443793.370,-1172415.130,353.110,0.018
-443834.040,-1172399.310,353.830,0.008
-443834.790,-1172394.040,354.210,0.084
-443825.880,-1172336.380,351.350,0.006
-443826.230,-1172336.530,351.510,0.006
-443826.050,-1172336.970,351.400,0.019
-443825.670,-1172339.500,349.080,0.012
-443825.690,-1172340.110,349.070,0.008
-443825.910,-1172340.600,349.090,0.007
-443826.030,-1172342.920,351.330,0.025
-443826.220,-1172343.190,348.600,0.019
-443826.230,-1172343.180,351.390,0.004
-443826.500,-1172342.960,351.410,0.022
-443826.050,-1172343.810,348.500,0.019
-443826.290,-1172343.610,348.630,0.017
-443826.080,-1172343.780,351.320,0.006
-443826.330,-1172343.580,351.420,0.005
-443826.410,-1172344.000,351.430,0.004
-443826.250,-1172347.050,348.570,0.043
-443791.130,-1172378.100,351.520,0.026
-443791.380,-1172377.890,351.610,0.029
-443791.200,-1172378.660,351.540,0.022
-443791.470,-1172378.440,351.580,0.018
-443791.730,-1172378.220,351.650,0.012
-443792.010,-1172378.000,351.670,0.016
-443792.270,-1172377.790,351.710,0.015
-443826.500,-1172350.350,351.550,0.007
-443826.580,-1172350.290,354.270,0.090
-443791.310,-1172379.180,351.570,0.023
-443791.600,-1172378.930,351.580,0.033
-443791.300,-1172379.710,351.540,0.021
-443791.560,-1172379.500,351.580,0.016
-443792.640,-1172378.610,351.710,0.011
-443792.900,-1172378.390,351.750,0.013
-443791.470,-1172380.000,351.560,0.013
-443793.360,-1172378.450,351.830,0.029
-443793.650,-1172378.210,351.850,0.018
-443793.900,-1172378.010,351.870,0.021
-443792.560,-1172379.630,351.680,0.006
-443793.890,-1172378.540,351.880,0.008
-443791.650,-1172380.890,351.560,0.011
-443792.170,-1172380.460,351.640,0.021
-443792.420,-1172380.260,351.680,0.014
-443794.050,-1172378.920,351.900,0.007
-443794.330,-1172378.690,351.910,0.013
-443825.310,-1172352.820,347.390,0.024
-443791.600,-1172381.420,351.550,0.015
-443792.140,-1172380.970,351.630,0.014
-443792.420,-1172380.740,351.620,0.015
-443825.450,-1172353.220,347.400,0.013
-443792.660,-1172380.550,351.710,0.021
-443793.490,-1172379.870,351.780,0.011
-443793.750,-1172379.650,351.830,0.015
-443791.920,-1172381.630,351.620,0.015
-443792.200,-1172381.400,351.620,0.010
-443793.010,-1172380.740,351.750,0.023
-443793.840,-1172380.060,351.870,0.011
-443794.120,-1172379.830,351.890,0.016
-443794.640,-1172379.400,351.990,0.032
-443792.060,-1172382.100,351.580,0.017
-443792.620,-1172381.650,351.670,0.018
-443792.900,-1172381.420,351.710,0.016
-443793.200,-1172381.170,351.760,0.019
-443793.440,-1172380.970,351.810,0.023
-443794.260,-1172380.300,351.880,0.024
-443791.590,-1172383.040,351.510,0.012
-443791.860,-1172382.810,351.560,0.009
-443792.140,-1172382.580,351.620,0.019
-443792.400,-1172382.370,351.640,0.017
-443792.660,-1172382.160,351.670,0.017
-443792.930,-1172381.930,351.690,0.010
-443794.580,-1172380.590,351.940,0.036
-443791.770,-1172383.290,351.570,0.022
-443793.710,-1172381.710,351.790,0.030
-443793.960,-1172381.500,351.830,0.032
-443791.790,-1172383.630,351.570,0.012
-443792.070,-1172383.400,351.630,0.015
-443792.610,-1172382.950,351.630,0.016
-443792.880,-1172382.730,351.650,0.018
-443793.410,-1172382.300,351.780,0.016
-443791.870,-1172384.040,351.540,0.028
-443792.150,-1172383.820,351.600,0.015
-443793.490,-1172382.720,351.750,0.013
-443793.730,-1172382.520,351.790,0.018
-443794.000,-1172382.300,351.840,0.033
-443800.040,-1172377.360,348.380,0.028
-443826.270,-1172356.420,349.080,0.058
-443792.380,-1172384.150,351.630,0.023
-443793.180,-1172383.490,351.720,0.030
-443793.440,-1172383.280,351.760,0.020
-443794.270,-1172382.600,351.860,0.013
-443792.830,-1172384.220,351.690,0.022
-443793.110,-1172383.990,351.710,0.014
-443793.900,-1172383.340,351.830,0.010
-443826.190,-1172356.930,349.080,0.016
-443791.830,-1172385.490,351.520,0.013
-443792.370,-1172385.050,351.610,0.012
-443792.630,-1172384.840,351.620,0.010
-443792.910,-1172384.610,351.680,0.006
-443794.020,-1172383.700,351.810,0.008
-443794.550,-1172383.270,351.890,0.018
-443800.580,-1172378.340,348.330,0.022
-443794.930,-1172383.490,351.960,0.014
-443826.330,-1172357.810,349.110,0.010
-443792.470,-1172385.500,351.650,0.023
-443792.760,-1172385.260,351.680,0.027
-443793.020,-1172385.050,351.720,0.021
-443793.280,-1172384.840,351.740,0.014
-443793.550,-1172384.620,351.760,0.016
-443793.830,-1172384.390,351.840,0.019
-443794.110,-1172384.160,351.830,0.023
-443794.360,-1172383.950,351.880,0.023
-443794.650,-1172383.710,351.900,0.017
-443826.190,-1172358.490,349.060,0.011
-443793.170,-1172385.500,351.710,0.013
-443793.440,-1172385.280,351.760,0.014
-443794.260,-1172384.610,351.880,0.025
-443794.530,-1172384.390,351.910,0.022
-443794.820,-1172384.150,351.920,0.014
-443792.360,-1172386.620,351.560,0.022
-443792.640,-1172386.390,351.620,0.020
-443792.930,-1172386.150,351.650,0.017
-443793.180,-1172385.950,351.720,0.012
-443794.270,-1172385.050,351.860,0.011
-443794.540,-1172384.840,351.870,0.020
-443792.590,-1172386.970,351.630,0.030
-443793.140,-1172386.520,351.670,0.015
-443793.650,-1172386.110,351.790,0.015
-443793.920,-1172385.890,351.830,0.024
-443794.200,-1172385.660,351.850,0.020
-443793.650,-1172386.740,351.720,0.014
-443793.920,-1172386.520,351.800,0.011
-443792.060,-1172388.680,351.540,0.011
-443793.120,-1172387.820,351.680,0.014
-443793.410,-1172387.580,351.700,0.008
-443793.690,-1172387.350,351.750,0.020
-443794.490,-1172386.700,351.850,0.021
-443792.200,-1172389.110,351.550,0.015
-443793.010,-1172388.450,351.660,0.020
-443793.280,-1172388.230,351.680,0.016
-443793.560,-1172388.000,351.720,0.010
-443793.850,-1172387.770,351.780,0.010
-443794.130,-1172387.530,351.770,0.018
-443794.380,-1172387.330,351.860,0.019
-443794.660,-1172387.100,351.860,0.024
-443795.200,-1172386.660,351.930,0.010
-443808.550,-1172375.750,348.480,0.037
-443792.440,-1172389.520,351.560,0.007
-443792.720,-1172389.290,351.600,0.018
-443792.990,-1172389.070,351.660,0.014
-443793.270,-1172388.840,351.690,0.019
-443794.060,-1172388.200,351.780,0.021
-443794.330,-1172387.980,351.840,0.010
-443795.160,-1172387.300,351.940,0.014
-443826.730,-1172361.480,354.180,0.034
-443792.200,-1172390.310,351.510,0.017
-443792.440,-1172390.110,351.560,0.014
-443792.970,-1172389.680,351.630,0.024
-443793.780,-1172389.020,351.770,0.015
-443794.620,-1172388.330,351.860,0.010
-443792.310,-1172390.860,351.520,0.011
-443792.590,-1172390.630,351.580,0.009
-443793.680,-1172389.740,351.720,0.028
-443794.230,-1172389.290,351.790,0.013
-443794.480,-1172389.080,351.840,0.013
-443795.290,-1172388.420,351.950,0.020
-443793.110,-1172390.710,351.650,0.016
-443793.370,-1172390.500,351.680,0.011
-443793.640,-1172390.280,351.700,0.011
-443793.910,-1172390.060,351.740,0.010
-443794.430,-1172389.630,351.800,0.013
-443795.230,-1172388.980,351.950,0.052
-443795.480,-1172388.770,351.960,0.064
-443794.170,-1172389.840,351.790,0.014
-443792.940,-1172391.410,351.580,0.017
-443793.730,-1172390.760,351.710,0.021
-443794.000,-1172390.540,351.740,0.016
-443794.540,-1172390.100,351.810,0.017
-443794.810,-1172389.880,351.840,0.011
-443795.070,-1172389.660,351.900,0.008
-443792.480,-1172392.360,351.520,0.021
-443793.290,-1172391.700,351.630,0.016
-443793.530,-1172391.500,351.710,0.020
-443794.100,-1172391.040,351.760,0.034
-443794.350,-1172390.830,351.800,0.025
-443794.610,-1172390.620,351.840,0.021
-443826.750,-1172364.910,351.380,0.010
-443827.010,-1172364.700,351.450,0.009
-443792.510,-1172392.890,351.570,0.022
-443793.050,-1172392.450,351.620,0.049
-443793.320,-1172392.230,351.650,0.026
-443793.580,-1172392.010,351.690,0.018
-443793.850,-1172391.800,351.730,0.052
-443794.130,-1172391.570,351.760,0.023
-443794.390,-1172391.350,351.830,0.009
-443794.670,-1172391.120,351.830,0.014
-443795.240,-1172390.650,351.910,0.013
-443795.510,-1172390.440,351.960,0.007
-443826.950,-1172365.080,351.400,0.010
-443793.270,-1172392.600,351.660,0.018
-443826.290,-1172365.630,347.750,0.053
-443792.360,-1172393.660,351.520,0.035
-443792.640,-1172393.440,351.530,0.044
-443793.990,-1172392.330,351.710,0.007
-443794.260,-1172392.110,351.760,0.017
-443794.800,-1172391.670,351.830,0.025
-443795.070,-1172391.450,351.860,0.008
-443795.350,-1172391.220,351.930,0.014
-443792.530,-1172393.930,351.530,0.032
-443793.070,-1172393.480,351.600,0.029
-443793.340,-1172393.270,351.630,0.021
-443793.620,-1172393.040,351.670,0.009
-443793.900,-1172392.810,351.710,0.010
-443794.180,-1172392.580,351.760,0.011
-443794.710,-1172392.140,351.810,0.019
-443794.970,-1172391.930,351.870,0.013
-443794.860,-1172392.410,351.850,0.013
-443826.560,-1172366.510,347.750,0.046
-443792.700,-1172394.170,351.530,0.018
-443792.990,-1172393.930,351.580,0.023
-443793.290,-1172393.690,351.600,0.009
-443793.530,-1172393.490,351.610,0.007
-443826.290,-1172367.000,347.520,0.043
-443792.420,-1172394.660,351.510,0.015
-443792.690,-1172394.440,351.530,0.026
-443793.210,-1172394.010,351.620,0.010
-443793.470,-1172393.800,351.650,0.009
-443793.720,-1172393.590,351.700,0.012
-443794.020,-1172393.350,351.690,0.018
-443794.280,-1172393.140,351.740,0.016
-443795.360,-1172392.250,351.890,0.017
-443792.720,-1172394.670,351.560,0.029
-443793.240,-1172394.250,351.580,0.013
-443794.330,-1172393.360,351.780,0.015
-443795.690,-1172392.250,351.930,0.007
-443793.220,-1172394.720,351.580,0.016
-443793.470,-1172394.520,351.660,0.015
-443794.010,-1172394.080,351.740,0.018
-443795.400,-1172392.940,351.890,0.014
-443795.660,-1172392.730,351.910,0.009
-443792.850,-1172395.510,351.560,0.011
-443793.140,-1172395.280,351.560,0.011
-443793.400,-1172395.060,351.610,0.011
-443793.960,-1172394.600,351.720,0.010
-443794.250,-1172394.370,351.730,0.007
-443795.300,-1172393.510,351.880,0.010
-443795.590,-1172393.280,351.900,0.014
-443792.680,-1172396.090,351.540,0.023
-443792.970,-1172395.860,351.580,0.018
-443793.240,-1172395.640,351.590,0.013
-443793.500,-1172395.430,351.620,0.006
-443793.760,-1172395.220,351.660,0.012
-443794.040,-1172394.990,351.730,0.018
-443794.850,-1172394.320,351.820,0.014
-443795.140,-1172394.090,351.840,0.007
-443795.420,-1172393.860,351.860,0.007
-443816.100,-1172377.440,348.160,0.089
-443792.660,-1172396.580,351.500,0.012
-443792.930,-1172396.360,351.570,0.021
-443793.750,-1172395.690,351.670,0.010
-443795.110,-1172394.580,351.840,0.014
-443792.730,-1172397.090,351.530,0.019
-443794.890,-1172395.330,351.770,0.012
-443795.960,-1172394.450,351.930,0.008
-443793.100,-1172397.310,351.580,0.009
-443793.350,-1172397.100,351.620,0.008
-443793.620,-1172396.880,351.630,0.013
-443794.420,-1172396.230,351.740,0.017
-443794.950,-1172395.800,351.810,0.013
-443795.760,-1172395.140,351.900,0.013
-443793.820,-1172397.170,351.660,0.007
-443794.100,-1172396.950,351.700,0.008
-443794.630,-1172396.510,351.730,0.023
-443795.710,-1172395.630,351.890,0.029
-443816.190,-1172378.920,348.160,0.042
-443792.750,-1172398.050,351.520,0.020
-443792.850,-1172398.420,351.520,0.012
-443793.660,-1172397.760,351.650,0.023
-443793.930,-1172397.540,351.670,0.012
-443794.190,-1172397.330,351.710,0.010
-443794.750,-1172396.870,351.770,0.025
-443795.020,-1172396.650,351.800,0.027
-443795.290,-1172396.440,351.890,0.026
-443793.300,-1172398.680,351.610,0.008
-443794.140,-1172397.990,351.660,0.025
-443794.410,-1172397.780,351.710,0.022
-443795.210,-1172397.120,351.840,0.013
-443795.460,-1172396.910,351.860,0.017
-443793.520,-1172399.160,351.610,0.010
-443793.790,-1172398.940,351.650,0.009
-443794.580,-1172398.300,351.750,0.013
-443795.150,-1172397.840,351.780,0.021
-443795.400,-1172397.630,351.860,0.015
-443795.960,-1172397.180,351.920,0.025
-443796.250,-1172396.940,351.930,0.026
-443794.190,-1172399.190,351.710,0.020
-443794.480,-1172398.960,351.730,0.016
-443795.020,-1172398.520,351.790,0.013
-443795.290,-1172398.300,351.840,0.026
-443795.580,-1172398.060,351.860,0.010
-443795.820,-1172397.860,351.920,0.017
-443793.650,-1172400.170,351.640,0.013
-443793.930,-1172399.940,351.650,0.015
-443794.210,-1172399.720,351.700,0.013
-443795.290,-1172398.840,351.850,0.026
-443795.820,-1172398.400,351.880,0.013
-443796.070,-1172398.190,351.920,0.018
-443793.610,-1172400.800,351.590,0.011
-443795.470,-1172399.290,351.830,0.010
-443796.010,-1172398.850,351.920,0.011
-443793.010,-1172401.870,351.510,0.020
-443793.280,-1172401.650,351.550,0.014
-443793.530,-1172401.450,351.610,0.027
-443793.810,-1172401.220,351.630,0.020
-443794.330,-1172400.800,351.650,0.012
-443794.600,-1172400.580,351.710,0.019
-443794.850,-1172400.370,351.780,0.015
-443795.130,-1172400.140,351.770,0.019
-443795.660,-1172399.710,351.860,0.012
-443796.220,-1172399.250,351.910,0.029
-443794.590,-1172401.020,351.690,0.012
-443794.840,-1172400.820,351.770,0.016
-443795.410,-1172400.350,351.820,0.017
-443795.670,-1172400.140,351.850,0.015
-443795.930,-1172399.930,351.900,0.008
-443796.210,-1172399.700,351.930,0.013
-443796.480,-1172399.470,351.930,0.017
-443794.350,-1172401.690,351.680,0.012
-443793.540,-1172402.360,351.570,0.007
-443793.200,-1172403.210,351.520,0.008
-443793.460,-1172402.990,351.570,0.010
-443793.720,-1172402.780,351.600,0.008
-443794.560,-1172402.100,351.730,0.013
-443795.110,-1172401.650,351.790,0.018
-443795.380,-1172401.430,351.840,0.010
-443795.650,-1172401.210,351.830,0.007
-443795.890,-1172401.010,351.870,0.020
-443796.180,-1172400.780,351.900,0.019
-443796.470,-1172400.540,351.930,0.020
-443794.430,-1172402.790,351.660,0.014
-443794.680,-1172402.590,351.720,0.029
-443794.970,-1172402.360,351.720,0.018
-443796.610,-1172401.020,351.950,0.023
-443794.750,-1172403.020,351.720,0.021
-443796.370,-1172401.690,351.940,0.030
-443796.130,-1172402.790,351.890,0.017
-443796.370,-1172402.590,351.930,0.009
-443796.430,-1172402.960,351.920,0.021
-443733.740,-1172397.940,350.570,0.025
-443732.770,-1172399.290,349.240,0.012
-443734.380,-1172397.970,350.550,0.046
-443734.640,-1172397.750,350.550,0.060
-443732.760,-1172401.740,349.100,0.003
-443732.640,-1172402.400,349.050,0.011
-443732.740,-1172404.240,349.070,0.008
-443732.720,-1172404.580,349.070,0.010
-443732.980,-1172404.370,349.120,0.008
-443733.090,-1172407.930,349.080,0.017
-443742.470,-1172405.290,350.480,0.013
-443753.840,-1172397.520,350.490,0.013
-443753.860,-1172397.890,350.500,0.015
-443753.970,-1172398.940,350.490,0.013
-443753.720,-1172399.820,350.450,0.013
-443753.970,-1172399.610,350.510,0.012
-443750.640,-1172403.890,350.390,0.009
-443753.950,-1172401.180,350.490,0.021
-443753.880,-1172401.750,350.470,0.015
-443754.150,-1172401.530,350.510,0.016
-443753.670,-1172402.270,350.470,0.011
-443753.920,-1172402.060,350.510,0.012
-443753.880,-1172402.500,350.490,0.015
-443753.800,-1172403.520,350.470,0.009
-443754.080,-1172403.300,350.530,0.024
-443754.130,-1172403.650,350.530,0.012
-443753.790,-1172404.840,350.480,0.006
-443753.320,-1172405.740,350.470,0.011
-443754.100,-1172405.100,350.520,0.012
-443787.500,-1172378.260,351.130,0.038
-443787.320,-1172380.180,351.000,0.013
-443788.650,-1172379.090,351.260,0.015
-443788.920,-1172378.870,351.290,0.012
-443787.700,-1172379.240,351.140,0.029
-443788.530,-1172378.560,351.230,0.018
-443789.370,-1172377.870,351.330,0.036
-443787.630,-1172380.450,351.110,0.008
-443788.440,-1172379.790,351.210,0.011
-443789.540,-1172378.880,351.400,0.018
-443787.370,-1172381.180,350.980,0.012
-443788.180,-1172380.520,351.150,0.020
-443788.450,-1172380.290,351.210,0.016
-443788.990,-1172379.850,351.250,0.014
-443789.530,-1172379.410,351.350,0.012
-443790.590,-1172378.550,351.480,0.007
-443769.040,-1172397.410,350.460,0.008
-443787.710,-1172381.520,351.080,0.010
-443787.990,-1172381.290,351.120,0.020
-443788.800,-1172380.630,351.240,0.013
-443789.060,-1172380.420,351.300,0.017
-443789.310,-1172380.210,351.310,0.024
-443789.580,-1172379.990,351.320,0.043
-443790.110,-1172379.550,351.420,0.017
-443787.550,-1172382.250,351.010,0.007
-443788.330,-1172381.610,351.140,0.010
-443788.880,-1172381.160,351.220,0.010
-443789.950,-1172380.280,351.390,0.012
-443790.770,-1172379.620,351.490,0.018
-443791.040,-1172379.390,351.520,0.014
-443768.640,-1172398.260,349.680,0.017
-443788.030,-1172382.380,351.090,0.006
-443788.280,-1172382.180,351.120,0.009
-443788.560,-1172381.950,351.160,0.019
-443789.650,-1172381.060,351.290,0.017
-443789.910,-1172380.850,351.350,0.020
-443790.190,-1172380.620,351.370,0.018
-443790.740,-1172380.170,351.460,0.031
-443787.670,-1172383.630,351.010,0.011
-443787.950,-1172383.400,351.080,0.011
-443788.230,-1172383.170,351.090,0.008
-443789.040,-1172382.510,351.240,0.007
-443789.300,-1172382.300,351.260,0.015
-443789.850,-1172381.850,351.340,0.015
-443790.380,-1172381.410,351.410,0.017
-443791.230,-1172380.720,351.500,0.012
-443787.920,-1172382.910,351.100,0.009
-443788.200,-1172382.680,351.110,0.028
-443789.850,-1172381.330,351.340,0.017
-443791.180,-1172380.230,351.520,0.009
-443768.700,-1172399.680,349.640,0.025
-443768.950,-1172399.470,349.740,0.074
-443788.370,-1172384.060,351.130,0.011
-443789.210,-1172383.380,351.230,0.035
-443789.740,-1172382.940,351.280,0.036
-443790.000,-1172382.730,351.370,0.020
-443790.540,-1172382.280,351.400,0.012
-443790.800,-1172382.070,351.430,0.023
-443791.330,-1172381.640,351.500,0.012
-443789.200,-1172382.890,351.240,0.035
-443790.560,-1172381.780,351.420,0.010
-443768.950,-1172399.960,349.770,0.039
-443788.980,-1172384.040,351.210,0.012
-443789.250,-1172383.820,351.250,0.009
-443789.780,-1172383.380,351.290,0.016
-443790.310,-1172382.950,351.380,0.011
-443790.590,-1172382.720,351.390,0.012
-443790.860,-1172382.500,351.430,0.011
-443791.110,-1172382.300,351.470,0.012
-443791.380,-1172382.070,351.510,0.015
-443788.040,-1172385.400,351.070,0.012
-443788.330,-1172385.160,351.110,0.015
-443788.830,-1172384.750,351.180,0.016
-443789.900,-1172383.870,351.310,0.016
-443790.160,-1172383.660,351.350,0.010
-443790.460,-1172383.420,351.370,0.007
-443790.990,-1172382.980,351.420,0.019
-443791.270,-1172382.750,351.480,0.016
-443788.060,-1172385.920,351.080,0.023
-443788.860,-1172385.270,351.180,0.024
-443789.410,-1172384.820,351.230,0.027
-443789.660,-1172384.610,351.300,0.021
-443790.750,-1172383.720,351.420,0.016
-443791.030,-1172383.490,351.450,0.009
-443791.310,-1172383.260,351.490,0.012
-443768.680,-1172401.780,349.570,0.031
-443787.970,-1172386.400,351.040,0.019
-443788.790,-1172385.730,351.180,0.018
-443789.320,-1172385.300,351.230,0.024
-443789.600,-1172385.070,351.270,0.018
-443790.160,-1172384.610,351.320,0.022
-443790.440,-1172384.380,351.390,0.029
-443790.970,-1172383.950,351.460,0.017
-443787.980,-1172386.750,351.060,0.010
-443788.230,-1172386.540,351.120,0.016
-443788.500,-1172386.320,351.140,0.020
-443788.780,-1172386.090,351.210,0.020
-443789.630,-1172385.390,351.280,0.012
-443789.890,-1172385.180,351.350,0.013
-443790.170,-1172384.950,351.320,0.012
-443790.420,-1172384.750,351.350,0.019
-443790.970,-1172384.300,351.470,0.029
-443788.070,-1172387.150,351.060,0.003
-443788.350,-1172386.930,351.110,0.005
-443788.880,-1172386.490,351.180,0.008
-443791.070,-1172384.700,351.440,0.016
-443788.080,-1172387.660,350.970,0.021
-443788.320,-1172387.470,351.090,0.015
-443788.860,-1172387.020,351.180,0.015
-443789.400,-1172386.580,351.250,0.011
-443789.960,-1172386.130,351.330,0.024
-443790.510,-1172385.670,351.370,0.021
-443790.780,-1172385.450,351.390,0.037
-443791.060,-1172385.230,351.450,0.028
-443791.320,-1172385.010,351.460,0.015
-443791.570,-1172384.810,351.520,0.021
-443788.800,-1172387.510,351.150,0.013
-443790.150,-1172386.410,351.350,0.021
-443790.430,-1172386.190,351.350,0.025
-443790.950,-1172385.760,351.430,0.019
-443791.200,-1172385.560,351.470,0.029
-443788.330,-1172388.350,351.090,0.013
-443788.610,-1172388.130,351.110,0.015
-443788.870,-1172387.910,351.160,0.012
-443789.160,-1172387.680,351.220,0.016
-443790.200,-1172386.830,351.340,0.024
-443791.020,-1172386.160,351.410,0.016
-443791.550,-1172385.720,351.500,0.013
-443788.180,-1172389.010,351.000,0.015
-443788.960,-1172388.370,351.150,0.020
-443790.290,-1172387.290,351.320,0.013
-443790.570,-1172387.060,351.380,0.029
-443791.360,-1172386.410,351.490,0.021
-443788.570,-1172389.720,351.070,0.015
-443789.090,-1172389.290,351.180,0.021
-443789.930,-1172388.610,351.260,0.010
-443790.760,-1172387.930,351.390,0.018
-443788.290,-1172389.490,351.080,0.013
-443788.560,-1172389.270,351.120,0.016
-443789.360,-1172388.620,351.180,0.014
-443789.640,-1172388.380,351.230,0.016
-443789.920,-1172388.160,351.260,0.026
-443790.170,-1172387.950,351.320,0.024
-443790.720,-1172387.510,351.390,0.010
-443791.000,-1172387.270,351.390,0.010
-443791.270,-1172387.050,351.460,0.022
-443788.250,-1172390.520,350.980,0.020
-443788.530,-1172390.290,351.060,0.009
-443788.800,-1172390.070,351.120,0.009
-443789.360,-1172389.610,351.190,0.016
-443790.140,-1172388.980,351.280,0.024
-443790.440,-1172388.740,351.290,0.016
-443791.520,-1172387.850,351.460,0.018
-443791.790,-1172387.630,351.520,0.026
-443788.290,-1172391.120,350.970,0.019
-443788.540,-1172390.910,351.070,0.022
-443788.820,-1172390.690,351.090,0.016
-443789.060,-1172390.490,351.150,0.021
-443789.340,-1172390.260,351.180,0.024
-443789.620,-1172390.030,351.210,0.013
-443789.880,-1172389.820,351.260,0.008
-443790.160,-1172389.590,351.260,0.014
-443790.870,-1172390.200,351.370,0.016
-443791.390,-1172389.780,351.410,0.018
-443791.660,-1172389.560,351.460,0.010
-443791.930,-1172389.330,351.510,0.011
-443789.660,-1172390.650,351.210,0.012
-443791.000,-1172389.550,351.380,0.025
-443791.800,-1172388.900,351.470,0.008
-443790.980,-1172388.920,351.390,0.014
-443791.260,-1172388.690,351.390,0.020
-443791.510,-1172388.480,351.450,0.024
-443788.430,-1172392.800,350.980,0.008
-443788.470,-1172392.160,351.000,0.010
-443788.990,-1172391.740,351.150,0.016
-443789.250,-1172391.520,351.180,0.017
-443788.640,-1172393.220,351.090,0.019
-443789.710,-1172392.340,351.210,0.021
-443790.270,-1172391.890,351.270,0.022
-443790.790,-1172391.460,351.370,0.028
-443791.080,-1172391.220,351.340,0.007
-443791.340,-1172391.010,351.440,0.010
-443791.630,-1172390.770,351.440,0.008
-443788.680,-1172392.600,351.070,0.009
-443788.930,-1172392.390,351.130,0.009
-443789.200,-1172392.170,351.140,0.013
-443789.460,-1172391.960,351.200,0.024
-443790.000,-1172391.510,351.240,0.024
-443790.250,-1172391.310,351.310,0.009
-443790.540,-1172391.070,351.320,0.014
-443791.070,-1172390.640,351.440,0.021
-443791.340,-1172390.420,351.460,0.018
-443789.560,-1172393.610,351.210,0.014
-443789.840,-1172393.380,351.220,0.021
-443790.130,-1172393.140,351.270,0.015
-443790.390,-1172392.940,351.310,0.013
-443790.660,-1172392.720,351.270,0.012
-443791.200,-1172392.270,351.380,0.019
-443791.730,-1172391.840,351.430,0.022
-443792.020,-1172391.600,351.460,0.018
-443788.540,-1172393.940,350.940,0.023
-443789.330,-1172393.290,351.140,0.013
-443789.400,-1172394.300,351.190,0.014
-443790.230,-1172393.620,351.250,0.013
-443790.790,-1172393.170,351.300,0.009
-443791.040,-1172392.960,351.400,0.010
-443791.320,-1172392.730,351.430,0.013
-443791.880,-1172392.270,351.440,0.029
-443792.130,-1172392.070,351.490,0.017
-443789.150,-1172394.500,351.130,0.016
-443789.010,-1172395.750,351.120,0.013
-443789.830,-1172395.070,351.200,0.015
-443790.380,-1172394.630,351.260,0.016
-443790.630,-1172394.430,351.310,0.011
-443790.890,-1172394.210,351.340,0.018
-443791.160,-1172393.990,351.380,0.019
-443791.430,-1172393.770,351.410,0.023
-443792.230,-1172393.110,351.500,0.021
-443788.710,-1172395.440,351.000,0.006
-443788.970,-1172395.230,351.120,0.012
-443789.790,-1172394.560,351.160,0.009
-443790.070,-1172394.330,351.220,0.013
-443791.420,-1172393.230,351.410,0.025
-443791.670,-1172393.020,351.450,0.022
-443789.090,-1172396.330,351.110,0.012
-443790.180,-1172395.450,351.230,0.029
-443791.000,-1172394.770,351.340,0.022
-443791.270,-1172394.550,351.340,0.020
-443791.520,-1172394.350,351.410,0.014
-443791.800,-1172394.120,351.450,0.020
-443788.950,-1172396.130,351.090,0.012
-443791.640,-1172393.940,351.410,0.031
-443792.190,-1172393.490,351.490,0.021
-443789.180,-1172397.050,351.100,0.010
-443789.700,-1172396.620,351.180,0.005
-443790.540,-1172395.930,351.280,0.017
-443791.360,-1172395.270,351.350,0.024
-443791.610,-1172395.060,351.390,0.016
-443789.010,-1172396.810,351.070,0.010
-443789.830,-1172396.140,351.180,0.018
-443790.640,-1172395.470,351.260,0.028
-443790.900,-1172395.260,351.310,0.019
-443791.460,-1172394.810,351.390,0.015
-443791.750,-1172394.570,351.410,0.008
-443789.200,-1172397.550,351.150,0.021
-443789.480,-1172397.320,351.120,0.006
-443789.750,-1172397.100,351.190,0.011
-443790.020,-1172396.880,351.210,0.008
-443790.300,-1172396.650,351.240,0.010
-443790.560,-1172396.440,351.280,0.009
-443790.840,-1172396.210,351.310,0.013
-443791.110,-1172395.990,351.340,0.014
-443791.390,-1172395.760,351.380,0.012
-443791.660,-1172395.540,351.410,0.012
-443792.180,-1172395.120,351.480,0.014
-443789.170,-1172397.310,351.120,0.014
-443789.430,-1172397.100,351.140,0.013
-443789.680,-1172396.890,351.170,0.013
-443789.950,-1172396.680,351.200,0.007
-443790.230,-1172396.440,351.250,0.009
-443790.510,-1172396.220,351.280,0.009
-443791.340,-1172395.540,351.380,0.024
-443791.600,-1172395.330,351.420,0.011
-443791.870,-1172395.110,351.410,0.009
-443792.150,-1172394.880,351.480,0.016
-443789.430,-1172398.750,351.140,0.007
-443789.690,-1172398.540,351.180,0.013
-443790.230,-1172398.090,351.240,0.014
-443790.480,-1172397.890,351.280,0.023
-443790.770,-1172397.660,351.300,0.020
-443791.050,-1172397.420,351.350,0.019
-443791.860,-1172396.770,351.420,0.018
-443792.140,-1172396.530,351.460,0.012
-443789.370,-1172398.350,351.140,0.009
-443789.640,-1172398.140,351.180,0.013
-443790.430,-1172397.490,351.260,0.010
-443791.230,-1172396.830,351.340,0.018
-443791.780,-1172396.390,351.420,0.024
-443792.050,-1172396.170,351.460,0.012
-443790.010,-1172397.350,351.210,0.018
-443790.270,-1172397.140,351.250,0.010
-443790.800,-1172396.700,351.320,0.021
-443789.740,-1172399.530,351.160,0.017
-443791.360,-1172398.200,351.360,0.027
-443791.930,-1172397.740,351.410,0.009
-443792.190,-1172397.520,351.450,0.006
-443792.450,-1172397.320,351.520,0.011
-443789.470,-1172399.750,351.120,0.013
-443789.400,-1172399.240,351.110,0.018
-443789.950,-1172398.790,351.190,0.021
-443790.210,-1172398.580,351.270,0.016
-443791.030,-1172397.910,351.320,0.024
-443792.400,-1172396.790,351.470,0.014
-443790.350,-1172401.080,351.210,0.017
-443791.940,-1172399.790,351.410,0.012
-443790.720,-1172400.160,351.270,0.025
-443791.510,-1172399.520,351.350,0.008
-443791.770,-1172399.300,351.380,0.013
-443792.040,-1172399.080,351.430,0.011
-443792.570,-1172398.650,351.500,0.012
-443789.510,-1172400.690,351.110,0.019
-443789.800,-1172400.460,351.120,0.015
-443790.610,-1172399.800,351.240,0.026
-443789.300,-1172400.410,351.070,0.036
-443789.840,-1172399.970,351.170,0.017
-443790.920,-1172399.090,351.320,0.029
-443791.180,-1172398.880,351.360,0.024
-443791.740,-1172398.420,351.400,0.017
-443792.560,-1172397.750,351.510,0.007
-443792.470,-1172403.230,351.470,0.013
-443792.740,-1172403.010,351.460,0.018
-443792.180,-1172402.980,351.420,0.014
-443792.990,-1172402.330,351.510,0.010
-443791.370,-1172403.210,351.310,0.017
-443792.460,-1172402.320,351.440,0.019
-443792.750,-1172402.090,351.460,0.012
-443790.640,-1172403.230,351.210,0.012
-443790.930,-1172403.000,351.270,0.006
-443789.860,-1172403.270,351.140,0.017
-443790.390,-1172402.830,351.200,0.025
-443790.660,-1172402.610,351.240,0.021
-443790.950,-1172402.380,351.260,0.036
-443791.220,-1172402.160,351.340,0.032
-443791.500,-1172401.930,351.340,0.022
-443792.040,-1172401.490,351.410,0.016
-443792.310,-1172401.260,351.440,0.016
-443792.560,-1172401.060,351.480,0.014
-443792.830,-1172400.840,351.540,0.011
-443790.690,-1172402.050,351.240,0.016
-443791.500,-1172401.390,351.320,0.014
-443791.770,-1172401.170,351.380,0.011
-443792.310,-1172400.730,351.470,0.027
-443792.600,-1172400.490,351.490,0.019
-443792.850,-1172400.290,351.520,0.016
-443789.470,-1172402.470,351.070,0.009
-443789.720,-1172402.270,351.140,0.011
-443790.520,-1172401.610,351.250,0.019
-443791.890,-1172400.500,351.380,0.011
-443789.550,-1172401.740,351.120,0.017
-443789.820,-1172401.520,351.140,0.016
-443712.450,-1172403.710,352.530,0.021
-443712.090,-1172403.480,352.380,0.024
-443711.800,-1172403.180,352.310,0.021
-443712.060,-1172402.960,352.370,0.019
-443712.320,-1172402.750,352.460,0.021
-443711.350,-1172402.320,352.210,0.011
-443711.390,-1172402.850,352.230,0.055
-443710.930,-1172402.160,352.180,0.020
-443711.180,-1172401.950,352.220,0.008
-443711.460,-1172401.720,352.190,0.016
-443710.930,-1172401.770,352.150,0.010
-443711.210,-1172401.540,352.160,0.021
-443711.440,-1172401.340,352.260,0.020
-443710.740,-1172401.410,352.150,0.026
-443711.010,-1172401.180,352.190,0.026
-443711.990,-1172399.880,352.330,0.026
-443712.220,-1172399.690,352.520,0.041
-443801.190,-1172329.800,351.440,0.011
-443798.890,-1172331.160,351.300,0.025
-443800.010,-1172330.240,351.330,0.010
-443801.140,-1172329.300,351.420,0.008
-443801.420,-1172329.070,351.460,0.009
-443797.850,-1172330.760,351.220,0.020
-443800.660,-1172328.430,351.400,0.011
-443801.050,-1172327.170,351.450,0.014
-443798.850,-1172328.990,351.280,0.025
-443799.660,-1172328.320,351.330,0.009
-443800.350,-1172327.220,351.430,0.021
-443809.180,-1172319.420,351.400,0.090
-443798.880,-1172327.430,351.300,0.025
-443796.420,-1172327.700,351.160,0.011
-443796.970,-1172327.250,351.230,0.009
-443798.630,-1172325.870,351.300,0.008
-443799.750,-1172324.940,351.370,0.019
-443796.260,-1172326.820,351.040,0.018
-443796.510,-1172326.610,351.180,0.024
-443796.790,-1172326.380,351.190,0.025
-443797.060,-1172326.160,351.240,0.035
-443803.050,-1172317.600,351.150,0.005
-443801.870,-1172318.040,350.870,0.006
-443802.430,-1172317.570,350.930,0.009
-443802.290,-1172315.950,350.910,0.036
-443802.160,-1172315.540,350.930,0.033
-443791.570,-1172320.710,351.300,0.037
-443756.750,-1172294.450,355.420,0.008
-443756.980,-1172294.250,355.530,0.004
-443756.700,-1172293.800,355.440,0.008
-443730.780,-1172324.240,352.770,0.007
-443731.020,-1172324.040,352.850,0.007
-443731.280,-1172323.820,352.920,0.020
-443755.890,-1172311.870,354.260,0.029
-443756.400,-1172311.440,354.470,0.034
-443756.250,-1172312.000,354.390,0.018
-443758.760,-1172311.200,354.650,0.083
-443756.000,-1172312.890,354.310,0.014
-443756.820,-1172312.190,354.450,0.013
-443757.640,-1172311.500,354.530,0.039
-443758.230,-1172312.230,354.590,0.017
-443759.570,-1172311.100,354.740,0.075
-443756.760,-1172314.000,354.430,0.021
-443757.320,-1172313.530,354.460,0.006
-443757.580,-1172313.310,354.490,0.018
-443761.400,-1172311.260,354.890,0.027
-443761.930,-1172310.800,354.960,0.042
-443756.460,-1172314.870,354.430,0.034
-443756.730,-1172314.640,354.420,0.031
-443759.720,-1172312.120,354.700,0.026
-443759.990,-1172311.890,354.740,0.027
-443760.260,-1172311.660,354.790,0.018
-443760.560,-1172311.410,354.800,0.018
-443758.390,-1172313.790,354.500,0.012
-443758.650,-1172313.580,354.540,0.011
-443759.760,-1172312.640,354.690,0.020
-443756.860,-1172315.540,354.420,0.017
-443757.960,-1172314.620,354.530,0.018
-443758.800,-1172313.910,354.600,0.013
-443759.090,-1172313.660,354.620,0.025
-443759.340,-1172313.450,354.630,0.016
-443759.610,-1172313.220,354.650,0.011
-443760.710,-1172312.290,354.760,0.011
-443761.000,-1172312.050,354.830,0.029
-443761.270,-1172311.820,354.850,0.024
-443757.360,-1172316.160,354.460,0.033
-443758.750,-1172314.990,354.600,0.021
-443760.070,-1172314.510,354.670,0.008
-443761.390,-1172313.390,354.810,0.030
-443763.880,-1172311.280,355.090,0.009
-443764.150,-1172311.060,355.130,0.025
-443760.410,-1172313.590,354.700,0.012
-443761.460,-1172312.700,354.840,0.023
-443763.110,-1172311.310,355.020,0.015
-443748.850,-1172323.970,354.590,0.043
-443756.990,-1172317.670,354.410,0.025
-443758.090,-1172316.740,354.500,0.023
-443758.340,-1172316.530,354.550,0.017
-443759.420,-1172315.620,354.620,0.007
-443760.790,-1172314.460,354.730,0.023
-443763.520,-1172312.160,355.070,0.013
-443763.800,-1172311.930,355.070,0.015
-443756.940,-1172318.250,354.370,0.016
-443757.730,-1172317.580,354.450,0.006
-443759.090,-1172316.440,354.560,0.007
-443759.350,-1172316.220,354.590,0.007
-443760.740,-1172315.040,354.700,0.026
-443761.580,-1172314.330,354.790,0.010
-443761.860,-1172314.090,354.800,0.019
-443762.120,-1172313.880,354.870,0.007
-443763.220,-1172312.950,355.000,0.025
-443763.470,-1172312.740,355.010,0.017
-443757.050,-1172318.820,354.420,0.011
-443758.700,-1172317.430,354.540,0.005
-443759.790,-1172316.510,354.650,0.014
-443760.090,-1172316.260,354.660,0.012
-443761.450,-1172315.110,354.800,0.026
-443762.560,-1172314.180,354.890,0.012
-443762.830,-1172313.950,354.940,0.013
-443763.120,-1172313.710,354.980,0.022
-443764.500,-1172312.540,355.120,0.009
-443758.220,-1172318.440,354.500,0.015
-443759.610,-1172317.260,354.590,0.011
-443759.890,-1172317.030,354.620,0.016
-443761.270,-1172315.870,354.720,0.011
-443761.520,-1172315.650,354.780,0.008
-443762.370,-1172314.940,354.850,0.015
-443763.460,-1172314.020,354.990,0.014
-443763.710,-1172313.810,354.990,0.012
-443763.980,-1172313.580,355.050,0.010
-443764.520,-1172313.130,355.090,0.009
-443757.040,-1172319.970,354.410,0.016
-443762.020,-1172315.770,354.820,0.025
-443762.290,-1172315.550,354.850,0.013
-443763.090,-1172314.870,354.930,0.011
-443763.360,-1172314.650,354.980,0.007
-443764.440,-1172313.740,355.100,0.008
-443760.320,-1172317.710,354.640,0.034
-443760.580,-1172317.490,354.680,0.028
-443761.950,-1172316.330,354.810,0.019
-443763.020,-1172315.440,354.940,0.009
-443763.290,-1172315.210,354.960,0.006
-443758.440,-1172319.970,354.510,0.016
-443758.720,-1172319.730,354.560,0.020
-443759.820,-1172318.800,354.620,0.028
-443760.380,-1172318.330,354.640,0.010
-443761.720,-1172317.200,354.770,0.018
-443762.250,-1172316.750,354.850,0.034
-443762.520,-1172316.530,354.890,0.034
-443762.800,-1172316.290,354.910,0.014
-443763.900,-1172315.360,355.000,0.007
-443764.170,-1172315.140,355.060,0.012
-443764.450,-1172314.900,355.110,0.005
-443764.740,-1172314.660,355.140,0.016
-443764.980,-1172314.450,355.230,0.011
-443759.570,-1172319.630,354.570,0.010
-443759.830,-1172319.420,354.600,0.004
-443760.910,-1172318.500,354.680,0.016
-443763.380,-1172316.430,354.930,0.039
-443763.670,-1172316.180,354.960,0.015
-443764.490,-1172315.490,355.080,0.007
-443764.750,-1172315.270,355.110,0.006
-443763.120,-1172317.210,354.920,0.017
-443763.920,-1172316.540,355.000,0.028
-443764.190,-1172316.310,355.050,0.005
-443758.190,-1172321.360,354.470,0.011
-443759.540,-1172320.230,354.590,0.017
-443759.810,-1172320.000,354.600,0.009
-443760.900,-1172319.080,354.710,0.015
-443761.700,-1172318.410,354.800,0.011
-443761.990,-1172318.160,354.820,0.013
-443762.260,-1172317.930,354.850,0.007
-443758.650,-1172322.140,354.530,0.018
-443759.470,-1172321.440,354.620,0.017
-443760.330,-1172320.720,354.650,0.008
-443761.170,-1172320.010,354.730,0.016
-443761.700,-1172319.570,354.760,0.011
-443757.840,-1172322.170,354.440,0.010
-443758.900,-1172321.270,354.540,0.023
-443759.190,-1172321.030,354.570,0.016
-443760.290,-1172320.110,354.640,0.033
-443764.980,-1172316.810,355.130,0.032
-443743.090,-1172335.230,353.240,0.038
-443762.790,-1172318.650,354.880,0.005
-443763.620,-1172317.950,355.000,0.011
-443764.180,-1172317.480,355.060,0.010
-443764.720,-1172317.030,355.110,0.004
-443759.540,-1172321.980,354.580,0.012
-443760.120,-1172321.490,354.620,0.010
-443760.390,-1172321.270,354.630,0.013
-443760.920,-1172320.820,354.680,0.009
-443761.740,-1172320.130,354.770,0.015
-443762.580,-1172319.420,354.860,0.007
-443763.140,-1172318.950,354.930,0.019
-443763.400,-1172318.730,354.930,0.009
-443763.680,-1172318.500,354.970,0.011
-443764.230,-1172318.040,355.000,0.005
-443764.470,-1172317.830,355.050,0.006
-443764.730,-1172317.620,355.100,0.005
-443765.030,-1172317.370,355.110,0.013
-443759.580,-1172322.390,354.390,0.054
-443761.740,-1172320.570,354.780,0.028
-443762.000,-1172320.350,354.840,0.014
-443763.090,-1172319.430,354.900,0.014
-443763.360,-1172319.210,354.960,0.016
-443764.170,-1172318.530,355.040,0.012
-443764.450,-1172318.290,355.060,0.010
-443764.710,-1172318.070,355.080,0.005
-443765.270,-1172317.600,355.160,0.020
-443761.950,-1172320.820,354.780,0.021
-443763.860,-1172319.220,354.970,0.018
-443764.140,-1172318.980,355.010,0.017
-443743.400,-1172337.610,353.250,0.036
-443761.170,-1172322.070,354.760,0.027
-443761.450,-1172321.840,354.770,0.014
-443762.550,-1172320.910,354.830,0.012
-443763.380,-1172320.210,354.900,0.025
-443763.630,-1172320.010,354.990,0.013
-443764.730,-1172319.080,355.110,0.006
-443762.850,-1172321.770,354.920,0.024
-443763.140,-1172321.530,354.930,0.038
-443762.250,-1172321.760,354.830,0.033
-443763.070,-1172321.070,354.900,0.018
-443763.640,-1172320.590,354.960,0.010
-443764.190,-1172320.130,355.010,0.034
-443764.460,-1172319.900,355.000,0.019
-443764.710,-1172319.690,355.050,0.005
-443765.280,-1172319.210,355.120,0.014
-443764.220,-1172320.620,355.010,0.007
-443764.500,-1172320.380,355.060,0.014
-443763.430,-1172321.710,354.980,0.039
-443763.700,-1172321.480,354.960,0.019
-443764.270,-1172321.000,355.040,0.017
-443764.820,-1172320.540,355.090,0.010
-443765.090,-1172320.310,355.120,0.007
-443765.490,-1172321.380,355.170,0.029
-443764.470,-1172321.780,355.020,0.050
-443764.990,-1172321.340,355.080,0.012
-443765.270,-1172321.110,355.120,0.007
-443771.490,-1172322.200,352.640,0.030
-443718.650,-1172341.710,352.960,0.046
-443712.260,-1172337.630,354.450,0.016
-443698.880,-1172343.770,353.160,0.019
-443703.660,-1172328.970,352.630,0.073
-443704.450,-1172328.290,352.690,0.015
-443704.390,-1172327.760,352.670,0.014
-443706.220,-1172323.450,355.430,0.018
-443850.550,-1172431.590,374.280,0.016
-443850.740,-1172432.050,374.810,0.044
-443850.660,-1172429.590,374.260,0.014
-443850.840,-1172429.440,374.650,0.033
-443850.430,-1172428.830,374.200,0.056
-443850.460,-1172427.680,374.210,0.019
-443845.110,-1172431.330,374.210,0.042
-443850.410,-1172427.280,374.180,0.014
-443846.940,-1172429.420,374.150,0.067
-443850.520,-1172424.950,374.210,0.020
-443845.690,-1172428.080,374.250,0.009
-443845.830,-1172427.960,374.830,0.026
-443850.330,-1172423.020,374.170,0.039
-443839.990,-1172432.420,374.750,0.036
-443849.940,-1172422.900,374.170,0.020
-443844.610,-1172427.820,374.140,0.017
-443845.690,-1172426.910,374.170,0.054
-443840.970,-1172430.080,374.180,0.054
-443850.250,-1172422.290,374.170,0.031
-443850.190,-1172421.820,374.170,0.015
-443847.380,-1172424.400,374.160,0.010
-443850.240,-1172421.430,374.160,0.015
-443850.230,-1172420.230,374.180,0.024
-443845.150,-1172423.670,374.140,0.012
-443840.170,-1172428.260,374.220,0.030
-443845.260,-1172423.180,374.110,0.028
-443836.190,-1172431.170,373.910,0.023
-443847.000,-1172421.220,374.130,0.012
-443849.640,-1172419.010,375.520,0.052
-443835.400,-1172431.430,359.640,0.021
-443835.890,-1172431.020,359.860,0.021
-443848.100,-1172419.920,374.090,0.090
-443850.430,-1172417.970,374.710,0.014
-443850.690,-1172417.750,374.800,0.030
-443851.670,-1172416.350,373.880,0.013
-443840.900,-1172424.970,374.180,0.029
-443848.920,-1172417.550,374.350,0.036
-443835.480,-1172429.120,373.780,0.011
-443844.230,-1172421.810,374.800,0.011
-443847.170,-1172419.350,374.130,0.019
-443848.250,-1172418.450,374.300,0.023
-443849.050,-1172417.780,374.390,0.019
-443844.250,-1172421.450,374.260,0.035
-443847.490,-1172418.010,374.130,0.016
-443849.140,-1172416.640,374.210,0.046
-443849.390,-1172416.430,374.320,0.052
-443847.650,-1172417.520,374.140,0.024
-443836.080,-1172427.540,373.840,0.063
-443849.040,-1172415.820,374.180,0.031
-443841.220,-1172421.910,374.230,0.008
-443849.140,-1172414.850,374.310,0.028
-443835.620,-1172425.700,373.880,0.014
-443848.730,-1172414.780,374.190,0.031
-443848.980,-1172414.570,374.260,0.069
-443836.050,-1172424.950,373.860,0.012
-443838.140,-1172423.220,374.210,0.023
-443848.620,-1172414.470,374.150,0.020
-443849.120,-1172414.060,374.330,0.050
-443848.630,-1172413.620,374.180,0.040
-443835.960,-1172424.540,359.910,0.095
-443836.200,-1172424.340,374.560,0.039
-443838.410,-1172422.500,374.350,0.010
-443845.210,-1172416.150,374.160,0.014
-443847.440,-1172414.300,374.170,0.015
-443850.280,-1172411.930,374.720,0.054
-443838.910,-1172421.130,377.420,0.019
-443845.020,-1172416.040,374.070,0.041
-443848.600,-1172413.060,374.170,0.010
-443849.940,-1172411.950,374.170,0.039
-443835.860,-1172423.250,359.890,0.006
-443835.500,-1172423.540,369.380,0.014
-443840.480,-1172419.400,377.470,0.018
-443841.800,-1172418.300,377.530,0.024
-443835.890,-1172423.650,359.910,0.025
-443849.840,-1172410.840,374.170,0.018
-443835.710,-1172422.970,359.870,0.069
-443835.980,-1172422.740,359.910,0.068
-443836.070,-1172422.670,373.930,0.034
-443841.450,-1172418.190,377.490,0.035
-443841.710,-1172417.970,377.500,0.029
-443848.680,-1172412.170,374.170,0.026
-443849.990,-1172410.390,374.170,0.019
-443838.790,-1172420.030,377.400,0.059
-443839.010,-1172419.850,377.540,0.038
-443838.950,-1172419.080,377.560,0.018
-443844.140,-1172414.770,374.780,0.016
-443848.920,-1172410.790,374.310,0.037
-443848.910,-1172410.020,374.340,0.058
-443850.190,-1172408.960,374.690,0.027
-443840.180,-1172417.630,377.390,0.023
-443840.430,-1172417.420,377.430,0.012
-443843.950,-1172414.500,374.790,0.009
-443849.980,-1172408.830,374.170,0.054
-443850.120,-1172408.720,374.690,0.023
-443840.350,-1172417.140,377.380,0.011
-443840.580,-1172416.940,377.450,0.013
-443843.730,-1172414.330,374.160,0.017
-443844.540,-1172412.870,374.110,0.088
-443848.430,-1172409.640,374.110,0.021
-443840.260,-1172416.910,377.380,0.010
-443840.300,-1172415.940,377.430,0.027
-443848.360,-1172409.240,374.160,0.035
-443849.780,-1172408.060,374.180,0.015
-443849.780,-1172407.600,374.170,0.026
-443850.170,-1172407.270,374.740,0.023
-443838.520,-1172416.500,374.170,0.040
-443848.700,-1172408.050,374.340,0.026
-443849.860,-1172407.090,374.190,0.039
-443850.000,-1172406.970,374.600,0.015
-443850.230,-1172406.780,374.750,0.021
-443838.240,-1172415.710,374.150,0.059
-443849.800,-1172406.120,374.170,0.042
-443838.530,-1172415.130,374.160,0.040
-443849.820,-1172405.760,374.190,0.040
-443849.690,-1172405.620,374.180,0.037
-443846.980,-1172407.450,374.340,0.023
-443849.790,-1172405.120,374.170,0.019
-443851.260,-1172403.890,373.820,0.042
-443844.020,-1172409.530,374.100,0.011
-443848.720,-1172405.630,374.170,0.028
-443851.080,-1172403.680,373.810,0.049
-443849.710,-1172404.470,374.180,0.066
-443845.500,-1172407.660,374.110,0.018
-443834.920,-1172416.740,373.800,0.009
-443836.020,-1172415.830,374.730,0.069
-443849.980,-1172403.480,374.690,0.077
-443831.260,-1172419.460,377.650,0.019
-443848.670,-1172404.190,374.160,0.024
-443829.900,-1172420.120,377.570,0.026
-443830.120,-1172419.940,377.710,0.014
-443835.590,-1172415.410,373.850,0.021
-443835.900,-1172415.150,374.660,0.027
-443836.160,-1172414.940,374.780,0.032
-443848.540,-1172403.980,374.150,0.029
-443834.930,-1172414.970,373.810,0.017
-443835.840,-1172414.210,374.560,0.024
-443836.050,-1172414.030,374.770,0.043
-443848.520,-1172402.910,374.180,0.021
-443849.630,-1172402.000,374.160,0.048
-443835.550,-1172414.060,373.860,0.034
-443843.760,-1172407.260,374.170,0.017
-443843.860,-1172407.180,374.750,0.042
-443835.600,-1172413.610,373.820,0.024
-443835.700,-1172413.530,374.430,0.046
-443835.830,-1172413.040,374.660,0.025
-443848.310,-1172402.350,374.150,0.029
-443848.580,-1172402.120,374.180,0.049
-443834.810,-1172413.000,373.810,0.014
-443848.540,-1172401.650,374.160,0.044
-443834.750,-1172412.560,373.770,0.014
-443840.760,-1172407.590,374.050,0.036
-443835.180,-1172411.720,373.830,0.015
-443835.430,-1172411.510,373.860,0.042
-443840.640,-1172407.210,374.110,0.021
-443848.420,-1172400.780,374.170,0.035
-443834.780,-1172411.630,373.760,0.071
-443835.570,-1172410.970,373.820,0.041
-443835.880,-1172410.720,374.760,0.050
-443840.520,-1172406.880,374.070,0.029
-443848.260,-1172400.490,374.140,0.039
-443835.820,-1172410.240,374.750,0.048
-443835.850,-1172409.770,374.770,0.061
-443835.100,-1172409.990,369.360,0.006
-443848.400,-1172399.000,374.280,0.047
-443834.910,-1172409.800,369.290,0.092
-443835.140,-1172409.610,369.440,0.089
-443834.750,-1172409.930,373.800,0.015
-443848.460,-1172397.810,374.270,0.025
-443834.840,-1172409.410,369.280,0.098
-443834.720,-1172409.510,373.790,0.010
-443835.820,-1172408.600,374.770,0.048
-443835.060,-1172408.870,369.340,0.025
-443834.450,-1172409.370,373.660,0.011
-443834.690,-1172409.170,373.750,0.016
-443834.740,-1172408.850,369.170,0.026
-443834.830,-1172408.770,373.850,0.019
-443835.690,-1172408.060,374.740,0.037
-443849.450,-1172396.700,374.290,0.025
-443834.750,-1172408.650,373.810,0.024
-443848.220,-1172397.540,374.240,0.029
-443849.540,-1172396.080,374.310,0.043
-443849.290,-1172395.940,374.250,0.016
-443835.570,-1172407.250,374.630,0.036
-443848.210,-1172396.430,374.260,0.025
-443835.820,-1172406.300,374.750,0.022
-443848.180,-1172396.120,374.250,0.025
-443849.370,-1172394.650,374.280,0.032
-443849.350,-1172394.330,374.260,0.021
-443849.380,-1172394.020,374.290,0.055
-443834.980,-1172406.180,373.890,0.013
-443835.580,-1172405.680,374.690,0.038
-443834.820,-1172405.770,371.920,0.009
-443834.820,-1172405.770,373.930,0.039
-443840.920,-1172400.300,374.650,0.039
-443848.260,-1172394.250,374.260,0.059
-443849.130,-1172393.530,374.240,0.007
-443848.270,-1172393.300,374.250,0.015
-443835.110,-1172404.590,359.820,0.069
-443834.590,-1172405.020,373.780,0.028
-443835.690,-1172404.100,374.800,0.051
-443848.320,-1172392.840,374.250,0.025
-443834.530,-1172404.600,373.660,0.034
-443834.750,-1172404.420,373.830,0.043
-443842.440,-1172397.670,374.280,0.014
-443834.930,-1172403.330,373.930,0.015
-443834.560,-1172403.160,373.890,0.019
-443835.090,-1172402.720,374.020,0.042
-443834.690,-1172402.690,373.910,0.027
-443834.970,-1172402.460,373.930,0.042
-443835.370,-1172402.140,374.490,0.071
-443835.550,-1172401.980,374.770,0.088
-443835.430,-1172401.750,374.630,0.020
-443849.130,-1172389.980,374.260,0.078
-443849.860,-1172388.400,374.990,0.074
-443834.840,-1172400.290,373.930,0.011
-443843.110,-1172392.950,374.300,0.021
-443848.180,-1172388.780,374.290,0.029
-443849.090,-1172387.210,374.290,0.018
-443835.240,-1172398.950,374.590,0.037
-443848.170,-1172387.710,374.270,0.033
-443835.280,-1172398.550,374.650,0.028
-443835.530,-1172398.350,374.780,0.021
-443848.240,-1172387.910,374.290,0.049
-443848.100,-1172387.380,374.270,0.055
-443849.220,-1172385.270,374.280,0.028
-443840.270,-1172392.600,374.310,0.008
-443846.600,-1172386.020,374.270,0.027
-443848.790,-1172383.450,374.280,0.009
-443834.700,-1172395.450,373.860,0.012
-443835.240,-1172394.100,374.770,0.034
-443846.300,-1172385.050,374.360,0.017
-443838.920,-1172390.660,374.300,0.017
-443846.460,-1172384.490,374.390,0.018
-443851.260,-1172380.550,371.410,0.007
-443834.000,-1172395.120,362.330,0.009
-443834.870,-1172393.590,362.640,0.069
-443849.150,-1172380.950,374.690,0.014
-443842.930,-1172385.650,374.310,0.047
-443843.360,-1172385.300,374.740,0.022
-443834.790,-1172392.010,373.880,0.029
-443848.960,-1172380.420,374.270,0.008
-443848.980,-1172379.940,374.300,0.015
-443835.100,-1172391.290,374.770,0.027
-443848.810,-1172379.330,374.280,0.012
-443835.140,-1172389.180,374.790,0.030
-443848.770,-1172378.040,374.270,0.025
-443847.090,-1172378.840,374.240,0.009
-443848.850,-1172376.570,374.280,0.013
-443834.950,-1172387.550,374.760,0.033
-443848.890,-1172376.160,374.280,0.027
-443848.810,-1172375.860,374.270,0.032
-443847.510,-1172376.430,374.230,0.006
-443848.640,-1172375.510,374.260,0.010
-443840.490,-1172381.700,377.620,0.048
-443848.530,-1172375.130,374.240,0.013
-443851.000,-1172372.720,373.400,0.055
-443843.090,-1172378.310,374.690,0.037
-443848.580,-1172372.960,374.280,0.035
-443848.580,-1172372.600,374.280,0.008
-443770.940,-1172435.970,361.840,0.069
-443834.290,-1172383.810,377.610,0.017
-443770.410,-1172435.500,361.290,0.027
-443770.810,-1172435.180,361.830,0.074
-443847.390,-1172372.010,374.260,0.019
-443848.500,-1172371.100,374.270,0.033
-443770.460,-1172435.100,361.260,0.040
-443770.870,-1172434.770,361.870,0.031
-443834.310,-1172383.000,377.610,0.019
-443848.880,-1172370.310,374.730,0.080
-443770.760,-1172434.030,361.850,0.010
-443834.230,-1172382.250,377.620,0.058
-443834.740,-1172381.840,377.720,0.083
-443836.990,-1172378.740,374.310,0.040
-443842.390,-1172374.340,374.240,0.030
-443842.660,-1172373.650,374.660,0.029
-443770.670,-1172432.370,361.860,0.015
-443833.860,-1172380.000,373.960,0.046
-443770.330,-1172432.210,361.360,0.047
-443828.080,-1172382.240,377.700,0.013
-443769.950,-1172429.050,361.540,0.032
-443770.530,-1172427.730,361.840,0.035
-443833.400,-1172376.470,359.590,0.021
-443833.710,-1172376.210,371.230,0.077
-443834.330,-1172375.700,373.850,0.013
-443833.510,-1172376.050,371.030,0.056
-443770.080,-1172426.410,361.590,0.050
-443770.570,-1172425.590,361.850,0.014
-443834.200,-1172373.680,373.860,0.015
-443837.460,-1172370.550,374.750,0.048
-443834.240,-1172372.740,357.000,0.029
-443834.220,-1172372.750,359.950,0.022
-443834.370,-1172372.610,373.880,0.020
-443770.290,-1172424.580,361.860,0.034
-443834.180,-1172372.160,357.010,0.051
-443834.270,-1172371.650,373.880,0.011
-443833.870,-1172372.000,357.050,0.050
-443834.370,-1172371.090,373.930,0.030
-443769.830,-1172423.320,361.700,0.026
-443770.270,-1172422.490,361.840,0.034
-443770.540,-1172422.270,361.900,0.067
-443838.670,-1172366.090,370.740,0.023
-443769.910,-1172422.200,361.730,0.034
-443769.710,-1172421.790,361.720,0.012
-443769.980,-1172421.570,361.770,0.026
-443838.770,-1172365.430,370.720,0.043
-443838.780,-1172364.940,370.700,0.020
-443838.750,-1172364.530,370.710,0.029
-443838.830,-1172363.880,370.710,0.022
-443838.630,-1172363.450,370.680,0.020
-443839.300,-1172362.900,371.150,0.010
-443839.280,-1172361.130,371.160,0.035
-443838.600,-1172360.600,370.670,0.015
-443837.500,-1172361.050,370.630,0.009
-443838.640,-1172360.120,370.680,0.019
-443837.720,-1172360.340,370.660,0.012
-443838.550,-1172359.670,370.690,0.018
-443761.890,-1172421.700,361.750,0.041
-443838.490,-1172359.150,370.710,0.016
-443839.190,-1172358.570,371.150,0.036
-443838.220,-1172358.900,370.680,0.017
-443838.480,-1172358.680,370.710,0.021
-443838.400,-1172358.300,370.700,0.013
-443839.200,-1172357.160,371.170,0.010
-443838.520,-1172356.980,370.710,0.030
-443827.130,-1172365.650,359.890,0.009
-443839.100,-1172355.860,371.160,0.035
-443838.430,-1172355.990,370.700,0.028
-443826.900,-1172365.430,357.010,0.007
-443827.170,-1172365.210,357.080,0.007
-443827.000,-1172365.340,365.440,0.006
-443827.040,-1172365.000,359.880,0.003
-443839.010,-1172355.200,371.140,0.027
-443831.170,-1172361.260,370.890,0.047
-443839.040,-1172354.290,371.140,0.038
-443833.070,-1172358.020,373.220,0.019
-443833.330,-1172357.810,373.290,0.017
-443838.450,-1172353.110,370.690,0.028
-443826.790,-1172362.020,359.820,0.027
-443827.080,-1172361.780,365.580,0.017
-443826.850,-1172361.960,368.210,0.012
-443827.090,-1172361.770,368.360,0.007
-443833.280,-1172356.700,373.280,0.031
-443838.300,-1172352.600,370.710,0.015
-443826.780,-1172361.440,359.820,0.012
-443826.800,-1172361.420,362.640,0.026
-443826.600,-1172361.570,365.280,0.016
-443826.860,-1172361.360,365.430,0.009
-443826.610,-1172361.570,368.150,0.007
-443826.850,-1172361.370,368.240,0.006
-443826.630,-1172360.950,362.560,0.015
-443829.140,-1172357.690,370.710,0.015
-443838.940,-1172349.680,371.140,0.015
-443838.950,-1172349.040,371.140,0.018
-443838.970,-1172348.020,371.180,0.041
-443838.260,-1172348.600,370.700,0.010
-443838.390,-1172347.920,370.710,0.033
-443830.350,-1172353.970,370.630,0.021
-443838.230,-1172347.060,370.720,0.018
-443838.310,-1172346.550,370.700,0.036
-443735.660,-1172430.980,361.460,0.023
-443826.750,-1172354.650,362.700,0.018
-443826.750,-1172354.650,365.550,0.026
-443826.500,-1172354.850,368.180,0.013
-443838.810,-1172344.370,371.160,0.019
-443826.600,-1172354.370,368.190,0.029
-443838.150,-1172343.770,370.710,0.017
-443838.130,-1172343.300,370.690,0.023
-443838.230,-1172341.690,370.720,0.022
-443826.720,-1172351.130,357.080,0.016
-443826.690,-1172351.150,362.710,0.037
-443826.710,-1172351.120,368.310,0.013
-443826.520,-1172350.850,357.030,0.007
-443826.580,-1172350.800,362.640,0.010
-443826.580,-1172350.800,365.450,0.008
-443826.560,-1172350.810,368.240,0.012
-443826.340,-1172350.470,359.750,0.007
-443826.360,-1172350.450,362.550,0.006
-443826.370,-1172350.440,365.360,0.008
-443838.100,-1172340.830,370.710,0.010
-443837.940,-1172339.740,370.710,0.006
-443838.000,-1172339.180,370.710,0.010
-443826.550,-1172347.400,368.350,0.011
-443835.870,-1172339.760,370.580,0.006
-443837.840,-1172338.150,370.690,0.002
-443826.300,-1172347.000,356.980,0.041
-443826.310,-1172346.990,362.580,0.053
-443826.290,-1172347.000,365.400,0.015
-443826.550,-1172346.790,365.500,0.012
-443826.310,-1172346.990,368.160,0.015
-443837.540,-1172337.790,370.660,0.005
-443837.830,-1172337.550,370.650,0.007
-443826.380,-1172346.400,357.020,0.011
-443837.900,-1172335.890,370.670,0.034
-443829.980,-1172342.910,370.590,0.031
-443836.830,-1172337.300,370.600,0.013
-443837.950,-1172336.380,370.670,0.017
-443838.020,-1172335.290,370.700,0.036
-443826.120,-1172343.740,359.750,0.015
-443826.350,-1172343.560,359.880,0.013
-443826.080,-1172343.770,362.550,0.018
-443826.350,-1172343.550,362.670,0.017
-443826.080,-1172343.770,365.340,0.013
-443826.360,-1172343.540,365.440,0.014
-443826.100,-1172343.750,368.120,0.029
-443826.350,-1172343.550,368.260,0.027
-443826.400,-1172344.000,357.030,0.006
-443826.390,-1172344.010,359.900,0.013
-443826.150,-1172344.200,362.550,0.010
-443826.410,-1172343.990,362.640,0.010
-443826.420,-1172343.980,368.240,0.007
-443826.280,-1172343.140,357.010,0.007
-443826.030,-1172343.340,359.690,0.010
-443826.280,-1172343.130,362.630,0.017
-443826.040,-1172343.320,367.970,0.027
-443828.670,-1172341.160,370.670,0.011
-443832.410,-1172338.090,373.240,0.014
-443826.110,-1172343.750,356.940,0.011
-443826.360,-1172343.550,357.050,0.010
-443826.100,-1172342.860,362.540,0.023
-443828.700,-1172340.720,370.700,0.012
-443828.470,-1172339.530,370.580,0.027
-443826.550,-1172340.060,362.030,0.072
-443826.550,-1172340.060,364.840,0.085
-443826.060,-1172339.800,361.980,0.071
-443825.930,-1172336.330,356.940,0.005
-443825.910,-1172336.340,362.570,0.005
-443826.170,-1172336.130,362.640,0.005
-443825.880,-1172336.360,365.320,0.011
-443826.150,-1172336.140,365.450,0.008
-443825.880,-1172336.360,368.110,0.010
-443826.130,-1172336.150,368.230,0.007
-443825.880,-1172336.360,370.910,0.063
-443826.220,-1172336.520,362.670,0.005
-443826.020,-1172336.980,365.370,0.074
-443826.300,-1172336.750,368.270,0.021
-443825.880,-1172335.980,356.950,0.038
-443825.900,-1172335.960,362.540,0.072
-443825.900,-1172335.960,365.370,0.057
-443838.510,-1172333.090,371.140,0.028
-443837.880,-1172331.300,370.690,0.028
-443837.840,-1172332.350,370.680,0.010
-443837.880,-1172333.190,370.660,0.025
-443826.070,-1172332.380,368.280,0.027
-443825.990,-1172333.080,357.040,0.004
-443825.760,-1172333.260,359.740,0.014
-443825.730,-1172333.270,368.020,0.022
-443825.770,-1172333.860,359.690,0.037
-443825.980,-1172333.690,359.870,0.040
-443826.250,-1172333.470,359.910,0.019
-443825.820,-1172334.230,370.940,0.034
-443825.740,-1172332.210,359.770,0.021
-443825.980,-1172332.000,359.860,0.020
-443825.740,-1172332.200,362.520,0.016
-443825.990,-1172331.990,365.450,0.024
-443825.750,-1172332.180,368.020,0.041
-443825.820,-1172332.580,368.210,0.031
-443828.190,-1172309.130,357.180,0.021
-443795.070,-1172314.190,361.690,0.078
-443780.860,-1172314.340,361.220,0.067
-443775.080,-1172317.360,357.330,0.022
-443775.230,-1172317.790,357.400,0.016
-443765.650,-1172316.230,362.380,0.081
-443775.260,-1172292.040,359.210,0.020
-443774.610,-1172291.920,358.740,0.022
-443775.030,-1172291.560,359.170,0.067
-443739.710,-1172319.100,362.020,0.028
-443735.760,-1172319.480,362.760,0.027
-443760.950,-1172294.000,359.170,0.019
-443761.210,-1172293.780,359.190,0.011
-443761.470,-1172293.560,359.260,0.008
-443761.010,-1172293.500,359.170,0.033
-443760.730,-1172292.670,359.150,0.009
-443762.690,-1172291.000,357.320,0.053
-443760.800,-1172292.020,359.110,0.037
-443761.340,-1172291.550,359.260,0.014
-443760.710,-1172291.070,359.090,0.020
-443721.280,-1172320.540,359.840,0.060
-443739.080,-1172296.410,359.790,0.044
-443741.130,-1172291.440,359.850,0.067
-443733.980,-1172292.390,359.860,0.053
-443720.800,-1172294.380,358.260,0.099
-443721.330,-1172293.450,357.800,0.063
-443710.450,-1172335.470,361.080,0.029
-443709.940,-1172334.830,361.030,0.012
-443710.200,-1172334.610,361.090,0.017
-443713.430,-1172330.670,360.870,0.019
-443707.250,-1172336.620,360.840,0.019
-443708.580,-1172335.990,360.950,0.015
-443705.600,-1172336.740,360.730,0.022
-443705.850,-1172336.530,360.780,0.024
-443705.810,-1172337.170,360.810,0.036
-443707.160,-1172336.010,360.870,0.020
-443707.710,-1172335.550,360.930,0.039
-443705.570,-1172336.210,360.790,0.021
-443708.810,-1172333.450,360.980,0.022
-443705.440,-1172335.280,360.770,0.022
-443705.720,-1172335.040,360.800,0.016
-443707.880,-1172333.200,360.930,0.025
-443708.170,-1172332.940,360.920,0.025
-443708.440,-1172332.720,360.960,0.018
-443709.490,-1172331.820,361.030,0.022
-443713.640,-1172328.280,360.830,0.019
-443705.400,-1172334.090,360.800,0.023
-443705.670,-1172333.860,360.810,0.069
-443706.470,-1172333.180,360.780,0.018
-443706.720,-1172332.970,360.880,0.029
-443708.870,-1172331.130,361.020,0.027
-443709.140,-1172329.610,361.020,0.052
-443705.290,-1172333.610,360.740,0.012
-443707.690,-1172331.560,360.930,0.020
-443708.230,-1172331.100,360.930,0.021
-443707.270,-1172330.100,360.900,0.020
-443710.750,-1172327.130,361.120,0.068
-443704.870,-1172331.700,360.640,0.018
-443705.410,-1172331.240,360.780,0.016
-443706.480,-1172330.320,360.820,0.011
-443707.570,-1172329.390,360.910,0.034
-443707.800,-1172329.200,361.080,0.077
-443709.460,-1172327.780,361.070,0.025
-443706.470,-1172330.780,360.870,0.031
-443704.950,-1172330.350,360.760,0.018
-443705.200,-1172330.140,360.780,0.017
-443705.470,-1172329.910,360.790,0.018
-443705.740,-1172329.680,360.810,0.037
-443706.540,-1172328.990,360.860,0.021
-443709.260,-1172326.660,361.030,0.025
-443709.510,-1172326.450,361.080,0.009
-443707.160,-1172329.080,360.900,0.026
-443709.850,-1172326.780,361.090,0.014
-443707.070,-1172327.310,360.890,0.033
-443704.840,-1172329.770,360.800,0.035
-443706.710,-1172328.180,360.830,0.010
-443707.760,-1172327.280,360.930,0.015
-443704.810,-1172327.970,360.760,0.014
-443705.860,-1172327.080,360.830,0.017
-443710.560,-1172321.390,362.080,0.078
-443706.950,-1172319.050,360.530,0.050
-443706.770,-1172317.310,360.210,0.033
-443714.000,-1172295.230,358.220,0.068
