-443729.92,-1172314.43,358.38
-443730.04,-1172314.14,358.28
-443730.05,-1172316.08,359.45
-443730.17,-1172315.78,359.26
-443730.29,-1172315.47,359.06
-443730.41,-1172315.18,358.87
-443730.52,-1172314.90,358.66
-443730.64,-1172314.60,358.52
-443730.77,-1172314.28,358.34
-443730.90,-1172313.97,358.19
-443730.02,-1172315.42,359.05
-443730.14,-1172315.13,358.87
-443730.26,-1172314.83,358.70
-443730.38,-1172314.53,358.55
-443730.50,-1172314.24,358.34
-443730.13,-1172316.92,360.04
-443730.25,-1172316.63,359.89
-443730.48,-1172316.05,359.50
-443730.61,-1172315.75,359.31
-443730.73,-1172315.45,359.16
-443730.84,-1172315.17,358.99
-443730.96,-1172314.87,358.79
-443731.08,-1172314.58,358.60
-443731.21,-1172314.26,358.44
-443731.33,-1172313.95,358.24
-443730.18,-1172317.41,360.38
-443730.31,-1172317.09,360.17
-443730.55,-1172316.50,359.79
-443730.67,-1172316.22,359.56
-443730.79,-1172315.92,359.39
-443730.90,-1172315.62,359.24
-443731.02,-1172315.34,359.04
-443731.14,-1172315.05,358.88
-443731.25,-1172314.76,358.68
-443731.38,-1172314.45,358.50
-443731.49,-1172314.16,358.31
-443731.61,-1172313.88,358.12
-443730.48,-1172317.98,360.80
-443730.60,-1172317.69,360.60
-443730.73,-1172317.38,360.42
-443730.85,-1172317.08,360.23
-443730.96,-1172316.80,360.03
-443731.09,-1172316.48,359.81
-443731.21,-1172316.17,359.66
-443731.33,-1172315.88,359.45
-443731.45,-1172315.59,359.29
-443731.69,-1172314.99,358.91
-443731.81,-1172314.69,358.72
-443731.93,-1172314.40,358.57
-443732.17,-1172313.82,358.23
-443730.68,-1172318.34,360.97
-443730.80,-1172318.04,360.81
-443730.92,-1172317.74,360.60
-443731.05,-1172317.43,360.46
-443731.17,-1172317.12,360.20
-443731.29,-1172316.83,360.03
-443731.40,-1172316.55,359.84
-443731.52,-1172316.27,359.62
-443731.64,-1172315.96,359.47
-443731.77,-1172315.65,359.29
-443731.88,-1172315.36,359.09
-443732.01,-1172315.05,358.90
-443732.13,-1172314.74,358.73
-443732.25,-1172314.44,358.53
-443732.37,-1172314.15,358.36
-443731.06,-1172318.44,361.14
-443731.19,-1172318.13,360.95
-443731.30,-1172317.86,360.77
-443731.42,-1172317.57,360.58
-443731.54,-1172317.25,360.36
-443731.67,-1172316.95,360.16
-443731.79,-1172316.65,359.97
-443731.91,-1172316.34,359.82
-443732.04,-1172316.02,359.62
-443732.15,-1172315.75,359.43
-443732.27,-1172315.46,359.25
-443732.39,-1172315.16,359.06
-443732.51,-1172314.85,358.88
-443732.63,-1172314.56,358.72
-443732.74,-1172314.28,358.53
-443731.32,-1172318.46,361.10
-443731.55,-1172317.87,360.75
-443731.67,-1172317.59,360.56
-443731.79,-1172317.28,360.34
-443731.92,-1172316.97,360.17
-443732.03,-1172316.69,359.98
-443732.15,-1172316.40,359.84
-443732.27,-1172316.09,359.67
-443732.40,-1172315.79,359.43
-443732.52,-1172315.48,359.21
-443732.64,-1172315.17,359.11
-443732.77,-1172314.87,358.85
-443732.88,-1172314.58,358.67
-443733.00,-1172314.30,358.50
-443732.03,-1172317.96,360.88
-443732.14,-1172317.68,360.71
-443732.27,-1172317.37,360.52
-443732.39,-1172317.07,360.30
-443732.50,-1172316.79,360.15
-443732.61,-1172316.51,359.95
-443732.75,-1172316.18,359.78
-443732.86,-1172315.91,359.59
-443732.98,-1172315.61,359.41
-443733.11,-1172315.29,359.24
-443733.23,-1172314.99,359.05
-443733.33,-1172314.72,358.89
-443733.46,-1172314.42,358.70
-443733.58,-1172314.10,358.47
-443733.83,-1172313.49,358.01
-443731.67,-1172318.85,361.43
-443731.80,-1172318.53,361.24
-443731.92,-1172318.23,361.08
-443731.92,-1172318.99,361.51
-443732.05,-1172318.69,361.31
-443732.16,-1172318.41,361.13
-443732.29,-1172318.09,360.93
-443732.40,-1172317.80,360.76
-443732.53,-1172317.50,360.59
-443732.64,-1172317.22,360.35
-443732.76,-1172316.93,360.17
-443732.88,-1172316.63,360.03
-443732.99,-1172316.36,359.83
-443733.11,-1172316.06,359.66
-443733.23,-1172315.76,359.46
-443733.34,-1172315.47,359.31
-443733.47,-1172315.17,359.07
-443733.58,-1172314.88,358.92
-443733.83,-1172314.27,358.60
-443734.07,-1172313.68,358.03
-443732.13,-1172319.44,361.83
-443732.25,-1172319.15,361.65
-443732.36,-1172318.87,361.49
-443732.48,-1172318.57,361.30
-443732.61,-1172318.25,361.10
-443732.73,-1172317.96,360.99
-443732.84,-1172317.67,360.71
-443732.97,-1172317.36,360.55
-443733.10,-1172317.05,360.31
-443733.21,-1172316.76,360.15
-443733.33,-1172316.47,359.96
-443733.45,-1172316.17,359.79
-443733.57,-1172315.86,359.62
-443733.69,-1172315.58,359.45
-443733.80,-1172315.29,359.22
-443733.92,-1172314.99,359.05
-443734.04,-1172314.71,358.89
-443734.16,-1172314.42,358.71
-443734.28,-1172314.12,358.57
-443733.18,-1172317.37,360.55
-443733.30,-1172317.06,360.36
-443733.42,-1172316.77,360.16
-443733.54,-1172316.47,359.97
-443733.66,-1172316.17,359.78
-443733.79,-1172315.86,359.59
-443733.90,-1172315.57,359.38
-443734.14,-1172314.98,359.02
-443734.27,-1172314.67,358.88
-443734.39,-1172314.37,358.70
-443734.50,-1172314.09,358.51
-443732.34,-1172319.45,361.77
-443732.46,-1172319.14,361.61
-443732.59,-1172318.84,361.49
-443732.71,-1172318.53,361.27
-443732.83,-1172318.24,361.05
-443732.94,-1172317.95,360.90
-443733.06,-1172317.67,360.71
-443732.74,-1172319.52,361.95
-443732.86,-1172319.20,361.72
-443732.98,-1172318.91,361.51
-443733.09,-1172318.64,361.38
-443733.22,-1172318.33,361.18
-443733.34,-1172318.02,361.05
-443733.58,-1172317.42,360.63
-443733.71,-1172317.11,360.43
-443733.83,-1172316.81,360.25
-443733.94,-1172316.53,360.06
-443734.05,-1172316.25,359.87
-443734.18,-1172315.93,359.67
-443734.30,-1172315.63,359.52
-443734.42,-1172315.34,359.33
-443734.54,-1172315.04,359.13
-443734.67,-1172314.73,358.97
-443734.79,-1172314.42,358.77
-443734.90,-1172314.14,358.63
-443735.03,-1172313.82,358.36
-443733.16,-1172319.33,361.82
-443733.40,-1172318.73,361.46
-443733.52,-1172318.42,361.24
-443733.64,-1172318.12,360.98
-443733.76,-1172317.83,360.77
-443733.88,-1172317.54,360.72
-443734.12,-1172316.93,360.29
-443734.25,-1172316.62,360.11
-443734.37,-1172316.31,359.95
-443734.49,-1172316.01,359.73
-443734.61,-1172315.72,359.54
-443734.73,-1172315.43,359.39
-443734.84,-1172315.15,359.20
-443734.96,-1172314.84,359.04
-443735.09,-1172314.53,358.85
-443735.21,-1172314.24,358.68
-443735.33,-1172313.93,358.45
-443733.62,-1172319.38,361.92
-443733.74,-1172319.09,361.71
-443733.86,-1172318.79,361.54
-443733.98,-1172318.51,361.35
-443734.09,-1172318.23,361.19
-443734.21,-1172317.93,360.98
-443734.33,-1172317.62,360.84
-443734.44,-1172317.35,360.62
-443734.56,-1172317.05,360.46
-443734.68,-1172316.75,360.27
-443734.81,-1172316.44,360.08
-443734.93,-1172316.15,359.90
-443735.04,-1172315.86,359.74
-443735.16,-1172315.56,359.56
-443735.28,-1172315.26,359.32
-443735.40,-1172314.97,359.17
-443735.53,-1172314.65,358.95
-443735.78,-1172314.04,358.59
-443735.89,-1172313.76,358.38
-443736.01,-1172313.46,358.03
-443736.04,-1172314.18,358.71
-443736.17,-1172313.87,358.54
-443734.02,-1172319.20,361.80
-443734.14,-1172318.90,361.58
-443734.26,-1172318.62,361.46
-443734.38,-1172318.31,361.25
-443734.49,-1172318.02,361.06
-443734.61,-1172317.73,360.88
-443734.73,-1172317.44,360.70
-443734.84,-1172317.16,360.47
-443734.97,-1172316.84,360.29
-443735.08,-1172316.56,360.14
-443735.20,-1172316.27,359.95
-443735.32,-1172315.97,359.78
-443735.44,-1172315.69,359.56
-443735.56,-1172315.38,359.40
-443735.69,-1172315.06,359.23
-443735.80,-1172314.78,359.05
-443735.92,-1172314.49,358.85
-443734.55,-1172319.23,361.86
-443734.67,-1172318.94,361.69
-443734.79,-1172318.63,361.55
-443734.91,-1172318.33,361.36
-443735.03,-1172318.03,361.16
-443735.28,-1172317.42,360.72
-443735.39,-1172317.15,360.59
-443735.52,-1172316.84,360.37
-443735.64,-1172316.54,360.20
-443735.75,-1172316.26,360.05
-443735.86,-1172315.98,359.83
-443735.98,-1172315.68,359.72
-443736.11,-1172315.37,359.50
-443736.23,-1172315.06,359.32
-443736.34,-1172314.80,359.13
-443736.47,-1172314.48,358.96
-443736.58,-1172314.20,358.72
-443736.70,-1172313.90,358.55
-443736.82,-1172313.59,358.40
-443734.91,-1172319.09,361.75
-443735.03,-1172318.80,361.58
-443735.15,-1172318.50,361.43
-443735.27,-1172318.19,361.24
-443735.39,-1172317.91,361.02
-443735.51,-1172317.61,360.83
-443735.63,-1172317.29,360.65
-443735.76,-1172316.99,360.43
-443735.87,-1172316.71,360.23
-443735.99,-1172316.40,360.10
-443736.11,-1172316.11,359.91
-443736.23,-1172315.81,359.73
-443736.35,-1172315.52,359.55
-443736.47,-1172315.22,359.39
-443736.58,-1172314.94,359.17
-443736.70,-1172314.65,359.00
-443736.82,-1172314.35,358.80
-443736.94,-1172314.05,358.64
-443737.05,-1172313.77,358.47
-443737.18,-1172313.46,358.04
-443735.25,-1172319.23,361.89
-443735.49,-1172318.61,361.44
-443735.62,-1172318.31,361.23
-443735.73,-1172318.03,361.13
-443735.85,-1172317.73,361.00
-443735.97,-1172317.43,360.74
-443736.09,-1172317.13,360.57
-443736.21,-1172316.84,360.39
-443736.32,-1172316.55,360.19
-443736.45,-1172316.23,360.03
-443736.57,-1172315.95,359.84
-443736.69,-1172315.63,359.65
-443736.81,-1172315.33,359.50
-443736.94,-1172315.02,359.29
-443737.05,-1172314.75,359.11
-443737.18,-1172314.43,358.91
-443737.29,-1172314.14,358.74
-443737.41,-1172313.85,358.57
-443735.40,-1172319.34,361.95
-443735.64,-1172318.75,361.60
-443735.76,-1172318.46,361.44
-443735.88,-1172318.16,361.25
-443736.00,-1172317.85,361.07
-443736.13,-1172317.54,360.91
-443736.25,-1172317.23,360.69
-443736.37,-1172316.93,360.51
-443736.49,-1172316.64,360.30
-443736.61,-1172316.35,360.14
-443736.72,-1172316.07,359.94
-443736.85,-1172315.76,359.77
-443736.97,-1172315.45,359.60
-443737.09,-1172315.16,359.40
-443737.21,-1172314.86,359.23
-443737.33,-1172314.55,359.01
-443737.46,-1172314.25,358.83
-443737.57,-1172313.95,358.66
-443737.81,-1172313.36,358.03
-443736.05,-1172318.98,361.76
-443736.17,-1172318.69,361.59
-443736.41,-1172318.09,361.24
-443736.53,-1172317.80,361.06
-443736.65,-1172317.48,360.90
-443736.77,-1172317.19,360.66
-443736.88,-1172316.91,360.48
-443737.00,-1172316.61,360.32
-443737.14,-1172316.29,360.13
-443737.26,-1172315.99,359.91
-443737.38,-1172315.69,359.74
-443737.50,-1172315.38,359.56
-443737.62,-1172315.07,359.33
-443737.73,-1172314.80,359.21
-443737.85,-1172314.52,359.04
-443737.97,-1172314.20,358.82
-443738.10,-1172313.89,358.61
-443738.21,-1172313.61,358.50
-443736.55,-1172318.62,361.58
-443736.67,-1172318.33,361.39
-443736.79,-1172318.04,361.27
-443736.91,-1172317.73,361.07
-443737.03,-1172317.44,360.82
-443737.14,-1172317.16,360.69
-443737.27,-1172316.84,360.50
-443737.38,-1172316.57,360.31
-443737.51,-1172316.25,360.13
-443737.62,-1172315.96,359.94
-443737.75,-1172315.65,359.77
-443737.86,-1172315.37,359.58
-443737.98,-1172315.06,359.36
-443738.10,-1172314.77,359.20
-443738.23,-1172314.45,359.07
-443738.35,-1172314.15,358.81
-443738.47,-1172313.85,358.63
-443736.95,-1172318.80,361.76
-443737.07,-1172318.50,361.58
-443737.19,-1172318.21,361.38
-443737.32,-1172317.89,361.24
-443737.54,-1172317.33,360.88
-443737.66,-1172317.03,360.61
-443737.78,-1172316.74,360.49
-443737.90,-1172316.46,360.31
-443738.01,-1172316.16,360.17
-443738.14,-1172315.85,359.96
-443738.26,-1172315.56,359.75
-443738.37,-1172315.28,359.55
-443738.49,-1172314.97,359.38
-443738.62,-1172314.65,359.18
-443738.73,-1172314.37,359.00
-443738.85,-1172314.09,358.89
-443738.98,-1172313.77,358.66
-443739.10,-1172313.46,358.50
-443739.22,-1172313.17,358.05
-443737.20,-1172318.89,361.84
-443737.32,-1172318.58,361.58
-443737.45,-1172318.27,361.43
-443737.57,-1172317.96,361.22
-443737.68,-1172317.68,361.04
-443737.81,-1172317.37,360.88
-443737.93,-1172317.07,360.69
-443738.05,-1172316.78,360.52
-443738.16,-1172316.49,360.29
-443738.28,-1172316.20,360.15
-443738.39,-1172315.91,359.96
-443738.51,-1172315.63,359.79
-443738.63,-1172315.32,359.62
-443738.75,-1172315.03,359.40
-443738.86,-1172314.75,359.26
-443738.99,-1172314.44,359.06
-443739.10,-1172314.15,358.89
-443739.23,-1172313.83,358.73
-443739.35,-1172313.53,358.52
-443739.47,-1172313.24,358.33
-443737.67,-1172318.90,361.88
-443737.78,-1172318.62,361.64
-443737.90,-1172318.33,361.53
-443738.03,-1172318.01,361.33
-443738.14,-1172317.72,361.12
-443738.26,-1172317.43,361.01
-443738.38,-1172317.12,360.76
-443738.51,-1172316.81,360.58
-443738.63,-1172316.51,360.37
-443738.74,-1172316.23,360.22
-443738.87,-1172315.91,360.03
-443738.99,-1172315.62,359.82
-443739.11,-1172315.33,359.70
-443739.22,-1172315.04,359.47
-443739.34,-1172314.73,359.31
-443739.46,-1172314.46,359.15
-443739.57,-1172314.16,358.96
-443739.70,-1172313.85,358.77
-443739.82,-1172313.55,358.60
-443739.93,-1172313.28,358.40
-443737.91,-1172318.96,361.82
-443738.03,-1172318.66,361.68
-443738.16,-1172318.35,361.56
-443738.28,-1172318.05,361.38
-443738.40,-1172317.76,361.14
-443738.51,-1172317.48,360.95
-443738.62,-1172317.19,360.74
-443738.75,-1172316.88,360.63
-443738.87,-1172316.57,360.43
-443738.99,-1172316.28,360.24
-443739.11,-1172315.98,360.05
-443739.24,-1172315.67,359.88
-443739.36,-1172315.36,359.67
-443739.48,-1172315.08,359.49
-443739.60,-1172314.77,359.34
-443739.72,-1172314.47,359.12
-443739.84,-1172314.17,358.97
-443739.96,-1172313.88,358.79
-443740.07,-1172313.59,358.65
-443738.29,-1172318.87,361.91
-443738.40,-1172318.59,361.68
-443738.52,-1172318.29,361.49
-443738.64,-1172318.00,361.30
-443738.76,-1172317.68,361.14
-443738.88,-1172317.40,360.97
-443739.00,-1172317.10,360.77
-443739.13,-1172316.77,360.62
-443739.25,-1172316.47,360.42
-443739.36,-1172316.19,360.25
-443739.48,-1172315.90,360.04
-443739.60,-1172315.60,359.86
-443739.72,-1172315.31,359.65
-443739.84,-1172315.00,359.51
-443739.96,-1172314.71,359.30
-443740.09,-1172314.39,359.20
-443740.33,-1172313.79,358.90
-443740.57,-1172313.19,358.48
-443740.69,-1172312.90,358.13
-443738.55,-1172318.68,361.75
-443738.68,-1172318.38,361.54
-443738.80,-1172318.08,361.35
-443738.91,-1172317.79,361.19
-443739.04,-1172317.48,361.00
-443739.16,-1172317.19,360.87
-443739.27,-1172316.90,360.64
-443739.39,-1172316.59,360.47
-443739.52,-1172316.29,360.28
-443739.64,-1172315.98,360.15
-443739.76,-1172315.67,359.93
-443739.89,-1172315.37,359.75
-443740.00,-1172315.08,359.56
-443740.12,-1172314.78,359.41
-443740.36,-1172314.19,359.12
-443740.60,-1172313.59,358.64
-443740.72,-1172313.30,358.45
-443740.85,-1172312.98,358.13
-443738.89,-1172318.92,361.91
-443739.00,-1172318.64,361.69
-443739.12,-1172318.36,361.57
-443739.24,-1172318.05,361.38
-443739.36,-1172317.76,361.19
-443739.47,-1172317.47,361.06
-443739.60,-1172317.16,360.88
-443739.72,-1172316.86,360.63
-443739.84,-1172316.56,360.43
-443739.96,-1172316.27,360.28
-443740.08,-1172315.98,360.14
-443740.44,-1172315.07,359.68
-443740.69,-1172314.45,359.25
-443740.81,-1172314.16,359.07
-443740.93,-1172313.87,358.92
-443741.04,-1172313.57,358.76
-443741.16,-1172313.28,358.46
-443739.27,-1172318.80,361.88
-443739.39,-1172318.50,361.67
-443739.51,-1172318.20,361.45
-443739.63,-1172317.92,361.32
-443739.75,-1172317.62,361.13
-443739.86,-1172317.34,360.99
-443739.98,-1172317.05,360.79
-443740.22,-1172316.46,360.36
-443740.45,-1172315.86,360.13
-443740.57,-1172315.57,359.95
-443740.82,-1172314.96,359.54
-443740.93,-1172314.67,359.40
-443741.05,-1172314.38,359.12
-443741.30,-1172313.77,358.86
-443741.67,-1172312.83,358.17
-443740.08,-1172317.69,361.24
-443740.20,-1172317.38,361.06
-443740.31,-1172317.11,360.93
-443740.56,-1172316.49,360.68
-443740.67,-1172316.22,360.43
-443740.78,-1172315.94,360.22
-443740.90,-1172315.64,360.01
-443741.03,-1172315.32,359.78
-443741.14,-1172315.05,359.76
-443741.25,-1172314.76,359.51
-443741.38,-1172314.45,359.28
-443741.50,-1172314.16,359.04
-443741.74,-1172313.56,358.70
-443741.86,-1172313.25,358.57
-443741.98,-1172312.96,358.36
-443742.10,-1172312.67,358.10
-443739.72,-1172318.59,361.81
-443739.83,-1172318.30,361.59
-443739.96,-1172317.99,361.38
-443740.23,-1172318.04,361.50
-443740.59,-1172317.14,361.05
-443740.72,-1172316.83,360.81
-443740.83,-1172316.55,360.66
-443740.96,-1172316.23,360.44
-443741.07,-1172315.95,360.28
-443741.31,-1172315.35,359.82
-443741.43,-1172315.06,359.68
-443741.54,-1172314.78,359.48
-443741.78,-1172314.18,359.14
-443741.90,-1172313.89,358.98
-443742.01,-1172313.61,358.81
-443742.14,-1172313.30,358.55
-443742.26,-1172313.00,358.37
-443742.38,-1172312.70,358.12
-443739.99,-1172318.65,361.82
-443740.12,-1172318.34,361.63
-443742.40,-1172313.88,358.94
-443742.51,-1172313.59,358.83
-443742.63,-1172313.30,358.54
-443742.75,-1172313.00,358.42
-443742.88,-1172312.69,358.12
-443740.97,-1172317.44,361.10
-443741.07,-1172317.18,361.02
-443741.19,-1172316.88,360.89
-443741.56,-1172315.97,360.30
-443741.81,-1172315.35,359.90
-443741.92,-1172315.07,359.70
-443742.04,-1172314.77,359.55
-443742.16,-1172314.48,359.37
-443742.29,-1172314.16,359.15
-443741.63,-1172316.76,360.79
-443741.75,-1172316.46,360.75
-443742.10,-1172315.60,360.00
-443742.22,-1172315.29,359.84
-443742.35,-1172314.98,359.69
-443742.59,-1172314.38,359.29
-443742.83,-1172313.77,358.96
-443742.95,-1172313.49,358.83
-443743.19,-1172312.88,358.37
-443743.31,-1172312.58,358.12
-443741.95,-1172316.87,360.92
-443742.08,-1172316.55,360.67
-443742.21,-1172316.23,360.50
-443742.33,-1172315.93,360.34
-443742.57,-1172315.33,359.91
-443742.69,-1172315.03,359.68
-443742.92,-1172314.47,359.39
-443743.28,-1172313.56,358.80
-443743.41,-1172313.25,358.67
-443743.54,-1172312.93,358.43
-443742.28,-1172316.71,360.82
-443742.65,-1172315.81,360.33
-443742.76,-1172315.51,360.09
-443742.88,-1172315.21,359.84
-443743.13,-1172314.59,359.46
-443743.26,-1172314.28,359.36
-443743.49,-1172313.69,358.98
-443743.61,-1172313.40,358.79
-443743.73,-1172313.12,358.55
-443743.97,-1172312.50,358.13
-443743.18,-1172315.53,360.17
-443743.30,-1172315.22,359.90
-443743.43,-1172314.90,359.70
-443743.79,-1172314.01,359.15
-443743.91,-1172313.70,359.03
-443744.03,-1172313.41,358.85
-443744.15,-1172313.11,358.60
-443744.28,-1172312.79,358.27
-443744.40,-1172312.50,358.12
-443743.02,-1172316.83,360.91
-443743.25,-1172316.26,360.61
-443743.36,-1172315.97,360.46
-443743.48,-1172315.68,360.25
-443743.60,-1172315.38,359.98
-443743.83,-1172314.81,359.66
-443743.96,-1172314.49,359.48
-443744.07,-1172314.20,359.35
-443744.32,-1172313.59,358.98
-443743.73,-1172316.21,360.59
-443743.85,-1172315.91,360.34
-443743.97,-1172315.59,360.21
-443744.08,-1172315.32,360.01
-443744.21,-1172315.01,359.84
-443744.44,-1172314.42,359.44
-443744.55,-1172314.15,359.27
-443744.67,-1172313.85,359.15
-443744.15,-1172316.02,360.51
-443744.40,-1172315.40,360.14
-443744.52,-1172315.09,359.94
-443744.64,-1172314.80,359.67
-443744.88,-1172314.21,359.33
-443745.00,-1172313.89,359.09
-443745.01,-1172313.89,359.00
-443745.23,-1172313.32,358.79
-443745.35,-1172313.03,358.72
-443744.77,-1172315.70,360.34
-443744.89,-1172315.40,360.06
-443745.26,-1172314.48,359.64
-443745.38,-1172314.19,359.38
-443745.50,-1172313.88,359.22
-443745.62,-1172313.58,359.05
-443745.74,-1172313.28,358.86
-443745.98,-1172312.68,358.47
-443746.10,-1172312.38,358.26
-443746.21,-1172312.11,358.12
-443744.80,-1172316.35,360.79
-443744.92,-1172316.04,360.51
-443745.05,-1172315.74,360.35
-443745.29,-1172315.12,359.99
-443745.53,-1172314.54,359.64
-443745.76,-1172313.96,359.27
-443745.89,-1172313.64,359.07
-443746.01,-1172313.35,358.86
-443746.25,-1172312.74,358.50
-443746.37,-1172312.43,358.29
-443746.49,-1172312.14,358.20
-443745.04,-1172316.44,360.79
-443745.51,-1172315.25,360.12
-443745.76,-1172314.63,359.72
-443745.89,-1172314.32,359.52
-443746.01,-1172314.02,359.36
-443746.12,-1172313.73,359.21
-443746.25,-1172313.43,358.91
-443746.48,-1172312.85,358.61
-443746.61,-1172312.53,358.36
-443746.72,-1172312.23,358.24
-443745.16,-1172316.57,360.91
-443745.27,-1172316.28,360.75
-443745.52,-1172315.67,360.32
-443745.88,-1172314.77,359.73
-443745.99,-1172314.49,359.65
-443746.11,-1172314.20,359.46
-443746.23,-1172313.89,359.23
-443746.36,-1172313.58,359.05
-443746.48,-1172313.27,358.86
-443746.60,-1172312.97,358.67
-443746.73,-1172312.65,358.53
-443746.84,-1172312.38,358.32
-443745.97,-1172315.51,360.36
-443746.08,-1172315.23,360.12
-443746.20,-1172314.93,359.92
-443746.80,-1172313.42,359.07
-443746.92,-1172313.13,358.78
-443747.04,-1172312.85,358.62
-443747.16,-1172312.54,358.46
-443747.28,-1172312.23,358.30
-443745.95,-1172316.46,360.90
-443746.07,-1172316.15,360.68
-443746.19,-1172315.87,360.52
-443746.31,-1172315.56,360.33
-443746.43,-1172315.27,360.01
-443746.55,-1172314.96,359.93
-443746.78,-1172314.39,359.59
-443746.90,-1172314.10,359.39
-443747.14,-1172313.50,359.12
-443747.25,-1172313.21,358.85
-443747.49,-1172312.62,358.47
-443747.24,-1172314.34,359.61
-443747.35,-1172314.05,359.47
-443747.48,-1172313.74,359.27
-443747.83,-1172312.87,358.69
-443747.94,-1172312.59,358.52
-443748.06,-1172312.28,358.31
-443748.18,-1172311.98,358.13
-443747.60,-1172314.38,359.67
-443747.73,-1172314.07,359.54
-443747.85,-1172313.77,359.35
-443747.96,-1172313.48,359.13
-443748.20,-1172312.88,358.70
-443748.33,-1172312.57,358.61
-443748.44,-1172312.28,358.39
-443748.56,-1172311.99,358.27
-443748.70,-1172312.87,358.78
-443748.82,-1172312.58,358.63
-443748.94,-1172312.26,358.39
-443749.06,-1172311.96,358.28
-443729.96,-1172314.08,358.21
-443730.95,-1172313.88,358.16
-443730.69,-1172314.10,358.30
-443730.45,-1172314.30,358.39
-443730.22,-1172314.49,358.54
-443729.97,-1172314.70,358.63
-443731.43,-1172313.91,358.20
-443731.20,-1172314.10,358.32
-443730.95,-1172314.31,358.43
-443730.69,-1172314.53,358.56
-443730.43,-1172314.74,358.68
-443730.20,-1172314.94,358.80
-443732.16,-1172313.78,358.21
-443731.90,-1172314.00,358.33
-443731.66,-1172314.21,358.45
-443731.43,-1172314.40,358.57
-443731.20,-1172314.59,358.68
-443730.93,-1172314.82,358.79
-443730.68,-1172315.02,358.90
-443730.45,-1172315.22,359.01
-443730.20,-1172315.43,359.15
-443729.94,-1172315.65,359.19
-443732.37,-1172313.86,358.18
-443731.91,-1172314.26,358.48
-443731.65,-1172314.47,358.60
-443731.40,-1172314.68,358.73
-443731.15,-1172314.89,358.84
-443730.89,-1172315.10,358.95
-443730.64,-1172315.32,359.07
-443730.41,-1172315.51,359.21
-443730.17,-1172315.71,359.31
-443732.73,-1172314.09,358.45
-443732.23,-1172314.50,358.66
-443732.00,-1172314.69,358.78
-443731.74,-1172314.91,358.89
-443731.25,-1172315.32,359.13
-443731.03,-1172315.51,359.25
-443730.76,-1172315.73,359.33
-443730.27,-1172316.14,359.61
-443733.95,-1172313.45,358.05
-443733.22,-1172314.06,358.40
-443732.50,-1172314.66,358.76
-443732.26,-1172314.87,358.88
-443732.02,-1172315.06,359.01
-443731.77,-1172315.27,359.10
-443731.54,-1172315.47,359.23
-443731.30,-1172315.67,359.33
-443731.04,-1172315.89,359.46
-443730.81,-1172316.08,359.57
-443730.30,-1172316.50,359.84
-443734.34,-1172313.57,358.04
-443733.86,-1172313.97,358.44
-443733.60,-1172314.19,358.59
-443733.11,-1172314.60,358.80
-443732.87,-1172314.80,358.93
-443732.61,-1172315.02,359.05
-443732.37,-1172315.22,359.16
-443732.13,-1172315.42,359.26
-443731.89,-1172315.62,359.39
-443731.65,-1172315.83,359.49
-443731.41,-1172316.02,359.58
-443731.18,-1172316.22,359.72
-443730.92,-1172316.43,359.83
-443730.46,-1172316.82,360.07
-443730.21,-1172317.03,360.18
-443734.07,-1172314.11,358.55
-443733.83,-1172314.31,358.69
-443733.36,-1172314.71,358.88
-443733.11,-1172314.91,359.01
-443732.85,-1172315.13,359.15
-443732.61,-1172315.34,359.26
-443732.37,-1172315.54,359.35
-443732.11,-1172315.75,359.50
-443731.86,-1172315.96,359.60
-443731.62,-1172316.16,359.71
-443731.37,-1172316.37,359.81
-443731.14,-1172316.57,359.94
-443730.65,-1172316.98,360.21
-443730.41,-1172317.18,360.30
-443730.17,-1172317.37,360.40
-443734.33,-1172313.89,358.44
-443735.65,-1172313.40,358.04
-443735.15,-1172313.81,358.47
-443734.92,-1172314.01,358.60
-443734.66,-1172314.22,358.70
-443734.41,-1172314.43,358.82
-443734.17,-1172314.63,358.94
-443733.66,-1172315.07,359.22
-443733.17,-1172315.47,359.37
-443732.93,-1172315.68,359.50
-443732.45,-1172316.08,359.74
-443732.20,-1172316.29,359.75
-443731.94,-1172316.50,360.06
-443731.70,-1172316.71,360.08
-443731.46,-1172316.91,360.20
-443731.20,-1172317.12,360.33
-443730.95,-1172317.33,360.43
-443730.71,-1172317.53,360.57
-443730.47,-1172317.73,360.68
-443736.20,-1172313.37,358.04
-443735.71,-1172313.78,358.45
-443735.47,-1172313.98,358.57
-443735.24,-1172314.17,358.69
-443734.99,-1172314.38,358.81
-443734.75,-1172314.58,358.89
-443734.49,-1172314.80,359.00
-443734.24,-1172315.01,359.15
-443733.51,-1172315.62,359.46
-443733.27,-1172315.82,359.60
-443733.01,-1172316.04,359.71
-443732.76,-1172316.25,359.83
-443732.50,-1172316.46,359.96
-443732.27,-1172316.66,360.07
-443732.04,-1172316.86,360.17
-443731.80,-1172317.06,360.29
-443731.55,-1172317.26,360.39
-443731.06,-1172317.67,360.65
-443730.81,-1172317.89,360.77
-443736.29,-1172313.77,358.48
-443736.06,-1172313.96,358.60
-443735.80,-1172314.18,358.73
-443735.56,-1172314.38,358.87
-443735.33,-1172314.57,358.97
-443735.10,-1172314.77,359.06
-443734.84,-1172314.98,359.20
-443734.59,-1172315.19,359.30
-443734.37,-1172315.38,359.42
-443734.13,-1172315.58,359.52
-443733.87,-1172315.80,359.65
-443733.63,-1172315.99,359.76
-443733.39,-1172316.19,359.89
-443733.13,-1172316.41,360.00
-443732.88,-1172316.62,360.12
-443732.66,-1172316.81,360.22
-443732.41,-1172317.02,360.32
-443732.15,-1172317.23,360.45
-443731.66,-1172317.65,360.72
-443731.16,-1172318.07,360.96
-443730.92,-1172318.26,361.04
-443734.77,-1172315.31,359.36
-443734.54,-1172315.50,359.46
-443734.07,-1172315.89,359.68
-443733.82,-1172316.10,359.79
-443733.57,-1172316.31,359.94
-443733.34,-1172316.50,360.06
-443733.10,-1172316.70,360.17
-443732.84,-1172316.92,360.26
-443732.60,-1172317.12,360.37
-443732.36,-1172317.33,360.51
-443732.10,-1172317.54,360.62
-443731.87,-1172317.74,360.75
-443731.63,-1172317.94,360.85
-443737.25,-1172313.23,358.04
-443736.01,-1172314.27,358.78
-443735.75,-1172314.48,358.91
-443735.51,-1172314.68,359.02
-443735.27,-1172314.89,359.12
-443735.02,-1172315.09,359.24
-443737.32,-1172313.73,358.54
-443737.09,-1172313.92,358.64
-443736.61,-1172314.33,358.88
-443736.37,-1172314.53,358.99
-443736.12,-1172314.74,359.10
-443735.88,-1172314.94,359.22
-443735.62,-1172315.15,359.33
-443735.37,-1172315.36,359.46
-443734.87,-1172315.78,359.67
-443734.63,-1172315.99,359.81
-443734.40,-1172316.18,359.92
-443734.14,-1172316.39,360.05
-443733.90,-1172316.60,360.15
-443733.67,-1172316.79,360.28
-443733.44,-1172316.99,360.40
-443733.19,-1172317.19,360.52
-443732.93,-1172317.41,360.61
-443732.71,-1172317.60,360.74
-443732.48,-1172317.79,360.80
-443732.21,-1172318.01,360.98
-443731.97,-1172318.21,361.06
-443731.73,-1172318.41,361.20
-443731.48,-1172318.63,361.35
-443736.74,-1172314.58,359.03
-443736.48,-1172314.80,359.14
-443736.23,-1172315.00,359.34
-443735.98,-1172315.21,359.36
-443735.75,-1172315.41,359.45
-443735.50,-1172315.61,359.61
-443735.27,-1172315.81,359.70
-443735.01,-1172316.02,359.83
-443734.76,-1172316.24,359.94
-443734.53,-1172316.43,359.97
-443734.28,-1172316.64,360.17
-443734.02,-1172316.85,360.30
-443733.78,-1172317.06,360.41
-443733.53,-1172317.27,360.53
-443733.28,-1172317.48,360.67
-443733.04,-1172317.68,360.76
-443732.80,-1172317.89,360.88
-443732.56,-1172318.09,361.02
-443732.32,-1172318.28,361.12
-443731.85,-1172318.68,361.33
-443731.59,-1172318.89,361.45
-443738.46,-1172313.14,358.04
-443738.22,-1172313.33,358.09
-443737.97,-1172313.55,358.41
-443737.72,-1172313.75,358.56
-443737.48,-1172313.96,358.68
-443737.25,-1172314.15,358.77
-443736.99,-1172314.37,358.91
-443739.41,-1172312.87,358.10
-443739.18,-1172313.06,358.09
-443738.69,-1172313.47,358.44
-443738.45,-1172313.67,358.61
-443738.22,-1172313.87,358.72
-443737.97,-1172314.08,358.82
-443737.72,-1172314.29,358.95
-443737.49,-1172314.48,359.05
-443737.24,-1172314.69,359.17
-443736.97,-1172314.91,359.31
-443736.74,-1172315.11,359.42
-443736.51,-1172315.30,359.51
-443736.26,-1172315.51,359.65
-443736.00,-1172315.73,359.76
-443735.76,-1172315.93,359.88
-443735.51,-1172316.14,359.98
-443735.24,-1172316.37,360.13
-443735.01,-1172316.56,360.23
-443734.78,-1172316.75,360.35
-443734.54,-1172316.95,360.45
-443734.29,-1172317.17,360.59
-443734.03,-1172317.38,360.73
-443733.55,-1172317.78,360.92
-443733.28,-1172318.01,361.03
-443733.05,-1172318.21,361.15
-443732.81,-1172318.41,361.26
-443732.56,-1172318.62,361.41
-443732.31,-1172318.83,361.50
-443732.08,-1172319.02,361.63
-443731.84,-1172319.22,361.73
-443739.62,-1172313.05,358.24
-443739.11,-1172313.48,358.49
-443738.89,-1172313.66,358.61
-443738.64,-1172313.87,358.73
-443738.40,-1172314.07,358.83
-443738.17,-1172314.27,358.95
-443737.93,-1172314.47,359.05
-443737.69,-1172314.67,359.16
-443737.20,-1172315.08,359.39
-443736.96,-1172315.28,359.50
-443736.72,-1172315.48,359.63
-443736.47,-1172315.69,359.74
-443736.21,-1172315.91,359.84
-443735.97,-1172316.11,359.97
-443735.73,-1172316.31,360.06
-443735.50,-1172316.50,360.18
-443735.24,-1172316.72,360.32
-443734.74,-1172317.15,360.61
-443734.48,-1172317.36,360.71
-443734.23,-1172317.57,360.77
-443734.00,-1172317.76,360.90
-443733.77,-1172317.96,361.03
-443733.53,-1172318.16,361.14
-443733.27,-1172318.37,361.27
-443733.02,-1172318.59,361.34
-443732.79,-1172318.78,361.43
-443732.53,-1172318.99,361.62
-443732.28,-1172319.21,361.70
-443740.64,-1172312.83,358.15
-443740.17,-1172313.22,358.52
-443739.92,-1172313.43,358.59
-443739.66,-1172313.65,358.69
-443739.44,-1172313.84,358.78
-443739.18,-1172314.05,358.90
-443738.93,-1172314.27,359.02
-443738.68,-1172314.47,359.12
-443738.45,-1172314.67,359.25
-443738.19,-1172314.88,359.35
-443737.94,-1172315.09,359.47
-443737.70,-1172315.29,359.59
-443737.22,-1172315.70,359.81
-443736.99,-1172315.89,359.91
-443736.75,-1172316.09,360.02
-443736.51,-1172316.30,360.13
-443736.26,-1172316.50,360.23
-443736.02,-1172316.71,360.36
-443735.77,-1172316.91,360.48
-443735.54,-1172317.11,360.60
-443735.28,-1172317.32,360.73
-443735.03,-1172317.54,360.83
-443734.80,-1172317.72,361.04
-443734.56,-1172317.93,361.09
-443734.30,-1172318.15,361.20
-443734.06,-1172318.35,361.12
-443733.81,-1172318.55,361.37
-443733.55,-1172318.77,361.46
-443733.30,-1172318.99,361.53
-443733.07,-1172319.18,361.90
-443732.83,-1172319.38,361.90
-443741.26,-1172312.71,358.11
-443741.03,-1172312.91,358.14
-443740.77,-1172313.13,358.40
-443740.52,-1172313.34,358.52
-443740.01,-1172313.76,358.77
-443739.76,-1172313.97,358.87
-443739.53,-1172314.17,359.00
-443739.29,-1172314.37,359.08
-443739.05,-1172314.57,359.20
-443738.80,-1172314.78,359.30
-443738.55,-1172314.99,359.44
-443738.30,-1172315.20,359.54
-443738.05,-1172315.40,359.67
-443737.81,-1172315.61,359.77
-443737.56,-1172315.82,359.88
-443737.32,-1172316.02,360.00
-443737.07,-1172316.23,360.11
-443736.83,-1172316.43,360.23
-443736.58,-1172316.64,360.33
-443736.33,-1172316.85,360.46
-443736.10,-1172317.04,360.57
-443735.87,-1172317.24,360.69
-443735.63,-1172317.44,360.80
-443735.37,-1172317.65,360.92
-443735.14,-1172317.85,361.11
-443734.65,-1172318.26,361.29
-443734.41,-1172318.46,361.39
-443734.16,-1172318.67,361.49
-443733.91,-1172318.88,361.49
-443733.67,-1172319.08,361.61
-443733.44,-1172319.28,361.84
-443733.19,-1172319.48,361.96
-443741.92,-1172312.64,358.12
-443741.68,-1172312.84,358.33
-443741.42,-1172313.06,358.48
-443741.19,-1172313.25,358.55
-443740.94,-1172313.46,358.70
-443740.68,-1172313.68,358.76
-443740.22,-1172314.07,359.12
-443739.95,-1172314.29,359.14
-443739.70,-1172314.50,359.24
-443739.45,-1172314.71,359.36
-443739.20,-1172314.92,359.45
-443738.70,-1172315.34,359.74
-443738.47,-1172315.53,359.82
-443738.24,-1172315.73,359.90
-443737.97,-1172315.95,360.03
-443737.72,-1172316.16,360.03
-443737.50,-1172316.34,360.26
-443736.98,-1172316.78,360.51
-443736.73,-1172316.99,360.63
-443736.50,-1172317.19,360.74
-443736.25,-1172317.40,360.85
-443736.01,-1172317.60,360.98
-443735.77,-1172317.80,361.11
-443735.53,-1172318.00,361.19
-443735.28,-1172318.21,361.31
-443735.05,-1172318.41,361.43
-443734.82,-1172318.60,361.54
-443734.57,-1172318.81,361.67
-443734.32,-1172319.02,361.62
-443733.85,-1172319.41,362.01
-443738.14,-1172316.05,359.94
-443737.88,-1172316.27,360.20
-443737.64,-1172316.48,360.28
-443737.40,-1172316.67,360.24
-443737.16,-1172316.87,360.56
-443736.93,-1172317.07,360.69
-443736.68,-1172317.28,360.79
-443736.43,-1172317.49,360.92
-443736.18,-1172317.70,361.05
-443735.93,-1172317.91,361.14
-443735.68,-1172318.12,361.27
-443735.43,-1172318.33,361.38
-443735.19,-1172318.53,361.50
-443734.94,-1172318.74,361.61
-443734.71,-1172318.94,361.73
-443734.45,-1172319.15,361.85
-443734.22,-1172319.35,361.96
-443742.29,-1172312.57,358.13
-443742.05,-1172312.77,358.18
-443741.81,-1172312.97,358.42
-443741.57,-1172313.18,358.53
-443741.33,-1172313.37,358.65
-443741.10,-1172313.57,358.72
-443740.84,-1172313.78,358.87
-443740.60,-1172313.99,358.98
-443740.36,-1172314.19,359.13
-443740.11,-1172314.40,359.19
-443739.88,-1172314.59,359.31
-443739.62,-1172314.81,359.42
-443739.38,-1172315.02,359.51
-443739.14,-1172315.22,359.69
-443738.90,-1172315.42,359.73
-443738.65,-1172315.63,359.87
-443738.39,-1172315.84,359.88
-443742.83,-1172312.62,358.14
-443742.59,-1172312.82,358.40
-443742.33,-1172313.04,358.48
-443742.09,-1172313.24,358.61
-443741.85,-1172313.45,358.74
-443741.60,-1172313.65,358.84
-443741.34,-1172313.87,358.96
-443740.86,-1172314.28,359.17
-443740.61,-1172314.48,359.31
-443740.39,-1172314.67,359.50
-443739.92,-1172315.07,359.62
-443739.66,-1172315.29,359.72
-443739.42,-1172315.48,359.82
-443739.19,-1172315.68,359.93
-443738.93,-1172315.90,360.06
-443738.69,-1172316.10,360.16
-443738.45,-1172316.30,360.28
-443738.20,-1172316.51,360.37
-443737.95,-1172316.72,360.46
-443737.71,-1172316.92,360.63
-443737.47,-1172317.12,360.76
-443737.22,-1172317.33,360.87
-443736.96,-1172317.55,360.97
-443736.71,-1172317.76,361.08
-443736.22,-1172318.17,361.46
-443735.98,-1172318.37,361.45
-443735.76,-1172318.56,361.56
-443735.50,-1172318.78,361.68
-443743.16,-1172312.68,358.21
-443742.92,-1172312.88,358.42
-443742.68,-1172313.08,358.52
-443742.45,-1172313.28,358.62
-443742.19,-1172313.49,358.76
-443741.95,-1172313.70,358.89
-443741.70,-1172313.90,359.00
-443741.45,-1172314.12,359.11
-443741.19,-1172314.33,359.21
-443740.95,-1172314.54,359.35
-443740.71,-1172314.73,359.48
-443740.46,-1172314.95,359.59
-443740.22,-1172315.14,359.67
-443739.97,-1172315.36,359.77
-443739.73,-1172315.56,359.88
-443739.50,-1172315.76,359.98
-443739.25,-1172315.96,360.11
-443739.01,-1172316.16,360.22
-443738.77,-1172316.37,360.32
-443738.53,-1172316.57,360.43
-443738.29,-1172316.77,360.54
-443738.04,-1172316.98,360.67
-443737.80,-1172317.18,360.77
-443737.55,-1172317.39,360.91
-443737.30,-1172317.60,361.06
-443737.06,-1172317.80,361.22
-443736.82,-1172318.00,361.23
-443736.58,-1172318.21,361.36
-443736.08,-1172318.63,361.68
-443735.82,-1172318.84,361.71
-443735.33,-1172319.25,362.07
-443743.13,-1172313.18,358.64
-443742.88,-1172313.39,358.77
-443742.62,-1172313.61,358.90
-443742.37,-1172313.82,359.01
-443742.15,-1172314.01,359.13
-443741.91,-1172314.21,359.24
-443741.66,-1172314.42,359.35
-443741.41,-1172314.62,359.46
-443741.16,-1172314.83,359.57
-443740.43,-1172315.45,360.01
-443739.92,-1172315.87,360.10
-443739.68,-1172316.08,360.23
-443739.44,-1172316.28,360.33
-443739.19,-1172316.48,360.47
-443738.94,-1172316.70,360.56
-443738.71,-1172316.89,360.68
-443738.49,-1172317.08,360.80
-443738.24,-1172317.29,360.93
-443737.98,-1172317.51,361.02
-443737.75,-1172317.70,360.98
-443737.52,-1172317.89,361.27
-443737.26,-1172318.10,361.36
-443737.02,-1172318.31,361.48
-443744.11,-1172312.36,358.11
-443743.88,-1172312.55,358.22
-443743.64,-1172312.76,358.39
-443743.38,-1172312.97,358.52
-443740.93,-1172315.41,359.94
-443740.70,-1172315.60,360.05
-443740.44,-1172315.82,360.22
-443740.20,-1172316.03,360.30
-443739.70,-1172316.44,360.48
-443739.45,-1172316.65,360.55
-443739.20,-1172316.86,360.70
-443738.96,-1172317.06,360.81
-443738.71,-1172317.27,360.93
-443738.48,-1172317.47,361.02
-443738.22,-1172317.69,361.17
-443737.98,-1172317.88,361.27
-443737.75,-1172318.08,361.38
-443737.51,-1172318.28,361.49
-443737.27,-1172318.48,361.61
-443737.02,-1172318.69,361.73
-443736.79,-1172318.89,361.87
-443744.38,-1172312.51,358.21
-443744.14,-1172312.71,358.43
-443743.65,-1172313.13,358.66
-443743.40,-1172313.34,358.76
-443743.14,-1172313.55,358.90
-443742.91,-1172313.75,358.99
-443742.67,-1172313.95,359.11
-443742.17,-1172314.37,359.36
-443741.91,-1172314.59,359.47
-443741.66,-1172314.80,359.59
-443741.41,-1172315.01,359.70
-443741.17,-1172315.21,359.86
-443738.97,-1172317.72,361.26
-443738.72,-1172317.93,361.36
-443738.47,-1172318.14,361.47
-443738.21,-1172318.35,361.61
-443737.98,-1172318.55,361.70
-443737.73,-1172318.76,361.83
-443744.35,-1172313.20,358.76
-443744.12,-1172313.39,358.87
-443743.88,-1172313.59,358.96
-443743.39,-1172314.00,359.21
-443743.15,-1172314.21,359.32
-443742.90,-1172314.42,359.43
-443742.41,-1172314.83,359.66
-443742.16,-1172315.04,359.79
-443741.91,-1172315.25,359.93
-443741.68,-1172315.44,360.03
-443741.18,-1172315.86,360.27
-443740.91,-1172316.09,360.36
-443740.67,-1172316.29,360.53
-443739.94,-1172316.91,360.80
-443739.72,-1172317.09,360.87
-443739.46,-1172317.30,361.03
-443739.21,-1172317.52,361.20
-443746.22,-1172312.11,358.15
-443745.95,-1172312.34,358.31
-443744.97,-1172313.16,358.76
-443744.71,-1172313.38,358.88
-443744.48,-1172313.58,359.01
-443743.26,-1172314.60,359.53
-443742.79,-1172315.00,359.79
-443742.53,-1172315.22,359.89
-443742.30,-1172315.41,359.97
-443741.06,-1172316.45,360.62
-443740.83,-1172316.64,360.75
-443740.59,-1172316.85,360.88
-443740.34,-1172317.06,360.92
-443740.08,-1172317.27,360.99
-443739.83,-1172317.48,361.14
-443739.58,-1172317.69,361.29
-443739.09,-1172318.10,361.56
-443738.86,-1172318.30,361.58
-443738.61,-1172318.51,361.69
-443738.37,-1172318.71,361.80
-443738.13,-1172318.92,361.73
-443746.74,-1172312.26,358.35
-443746.48,-1172312.48,358.43
-443746.24,-1172312.68,358.51
-443746.01,-1172312.88,358.64
-443745.77,-1172313.08,358.75
-443745.52,-1172313.28,358.86
-443745.28,-1172313.49,358.97
-443745.02,-1172313.71,359.09
-443744.78,-1172313.91,359.22
-443744.53,-1172314.12,359.32
-443744.28,-1172314.33,359.44
-443744.03,-1172314.54,359.56
-443743.78,-1172314.75,359.67
-443743.54,-1172314.95,359.79
-443743.31,-1172315.15,359.90
-443743.04,-1172315.37,360.03
-443742.81,-1172315.56,360.14
-443742.58,-1172315.76,360.27
-443742.34,-1172315.96,360.39
-443742.10,-1172316.16,360.48
-443741.86,-1172316.37,360.62
-443741.62,-1172316.56,360.78
-443741.38,-1172316.77,360.85
-443741.11,-1172316.99,360.99
-443740.89,-1172317.18,361.09
-443740.64,-1172317.39,361.22
-443739.91,-1172318.00,361.46
-443739.66,-1172318.21,361.59
-443738.91,-1172318.84,361.94
-443740.07,-1172318.17,361.57
-443739.83,-1172318.37,361.68
-443739.58,-1172318.58,361.80
-443739.33,-1172318.80,362.02
-443746.92,-1172312.41,358.40
-443746.68,-1172312.61,358.53
-443746.44,-1172312.82,358.62
-443746.20,-1172313.02,358.76
-443745.94,-1172313.24,358.85
-443745.68,-1172313.45,359.01
-443745.44,-1172313.66,359.08
-443745.19,-1172313.87,359.24
-443744.94,-1172314.08,359.35
-443744.70,-1172314.28,359.45
-443744.47,-1172314.47,359.57
-443744.23,-1172314.68,359.68
-443743.96,-1172314.90,359.82
-443743.73,-1172315.10,359.91
-443743.47,-1172315.31,360.00
-443743.23,-1172315.52,360.14
-443742.97,-1172315.73,360.26
-443742.73,-1172315.93,360.39
-443742.48,-1172316.14,360.51
-443742.24,-1172316.34,360.64
-443742.00,-1172316.55,360.76
-443741.76,-1172316.75,360.89
-443741.52,-1172316.96,361.01
-443741.04,-1172317.35,361.12
-443740.79,-1172317.56,361.24
-443743.71,-1172315.69,360.27
-443743.48,-1172315.89,360.40
-443743.22,-1172316.10,360.51
-443742.96,-1172316.32,360.59
-443742.73,-1172316.51,360.77
-443742.49,-1172316.72,360.92
-443742.22,-1172316.94,361.02
-443748.12,-1172311.98,358.29
-443747.89,-1172312.18,358.36
-443747.64,-1172312.39,358.42
-443747.39,-1172312.60,358.56
-443747.16,-1172312.79,358.67
-443746.93,-1172312.99,358.76
-443746.66,-1172313.22,358.91
-443746.43,-1172313.41,359.01
-443746.18,-1172313.62,359.15
-443745.92,-1172313.84,359.25
-443745.68,-1172314.03,359.37
-443745.45,-1172314.23,359.50
-443745.20,-1172314.44,359.60
-443744.69,-1172314.87,359.84
-443744.45,-1172315.08,360.05
-443743.94,-1172315.50,360.25
-443748.55,-1172312.08,358.33
-443748.30,-1172312.28,358.42
-443748.06,-1172312.49,358.51
-443747.81,-1172312.70,358.64
-443747.57,-1172312.90,358.76
-443747.34,-1172313.10,358.88
-443747.10,-1172313.30,358.97
-443746.86,-1172313.50,359.10
-443746.37,-1172313.91,359.34
-443746.13,-1172314.11,359.43
-443745.88,-1172314.32,359.55
-443745.64,-1172314.53,359.67
-443745.39,-1172314.73,359.78
-443745.14,-1172314.95,359.90
-443744.90,-1172315.14,360.01
-443744.66,-1172315.35,360.11
-443744.41,-1172315.56,360.24
-443743.91,-1172315.98,360.52
-443742.93,-1172316.80,360.99
-443745.89,-1172314.95,359.99
-443745.65,-1172315.15,360.12
-443745.42,-1172315.35,360.22
-443745.17,-1172315.56,360.33
-443744.92,-1172315.77,360.45
-443743.94,-1172316.59,360.92
-443748.82,-1172312.49,358.61
-443748.58,-1172312.69,358.73
-443748.34,-1172312.89,358.82
-443748.08,-1172313.11,358.96
-443747.82,-1172313.33,359.09
-443747.59,-1172313.52,359.19
-443747.35,-1172313.73,359.32
-443747.10,-1172313.94,359.43
-443746.84,-1172314.15,359.56
-443746.62,-1172314.34,359.63
-443746.36,-1172314.56,359.78
-443748.46,-1172313.23,359.09
-443748.23,-1172313.43,359.20
-443747.99,-1172313.63,359.31
-443747.73,-1172313.85,359.41
-443747.48,-1172314.06,359.53
-443747.24,-1172314.26,359.65
-443746.49,-1172314.89,360.01
-443746.25,-1172315.09,360.13
-443746.00,-1172315.31,360.24
-443745.77,-1172315.50,360.34
-443745.27,-1172315.92,360.57
-443745.03,-1172316.12,360.69
-443744.80,-1172316.31,360.80
-443746.62,-1172315.51,360.41
-443746.36,-1172315.73,360.54
-443746.11,-1172315.94,360.64
-443745.86,-1172316.15,360.77
-443745.62,-1172316.35,360.88
-443745.37,-1172316.56,360.98
-443746.22,-1172316.26,360.84
-443749.25,-1172312.29,358.35
-443748.64,-1172312.33,358.30
-443748.53,-1172312.60,358.48
-443748.31,-1172313.13,358.88
-443748.19,-1172313.42,359.01
-443748.47,-1172312.10,358.23
-443747.66,-1172314.07,359.45
-443747.55,-1172314.34,359.56
-443747.44,-1172314.59,359.77
-443747.94,-1172312.22,358.20
-443747.82,-1172312.49,358.36
-443747.49,-1172313.30,358.93
-443747.24,-1172313.90,359.24
-443747.13,-1172314.17,359.47
-443746.44,-1172315.83,360.43
-443746.08,-1172315.96,360.57
-443747.46,-1172312.63,358.44
-443747.23,-1172313.18,358.82
-443746.77,-1172314.29,359.51
-443746.53,-1172314.87,359.79
-443746.43,-1172315.13,360.05
-443746.30,-1172315.43,360.16
-443747.05,-1172312.30,358.19
-443746.95,-1172312.55,358.44
-443746.13,-1172314.52,359.62
-443745.90,-1172315.07,359.95
-443745.66,-1172315.65,360.27
-443745.44,-1172316.20,360.63
-443745.28,-1172316.05,360.54
-443746.77,-1172312.43,358.30
-443746.66,-1172312.71,358.45
-443746.43,-1172313.27,358.80
-443746.30,-1172313.57,358.98
-443745.85,-1172314.67,359.67
-443745.74,-1172314.94,359.85
-443745.47,-1172315.58,360.10
-443746.24,-1172312.53,358.33
-443746.01,-1172313.08,358.65
-443745.90,-1172313.35,358.80
-443745.79,-1172313.62,358.97
-443745.44,-1172314.45,359.54
-443745.22,-1172314.99,359.90
-443746.03,-1172312.31,358.19
-443745.91,-1172312.62,358.34
-443745.69,-1172313.15,358.70
-443745.57,-1172313.44,358.83
-443745.36,-1172313.95,359.22
-443744.79,-1172315.33,360.04
-443744.67,-1172315.60,360.24
-443744.21,-1172316.72,360.89
-443745.05,-1172313.34,358.79
-443744.82,-1172313.89,359.15
-443744.70,-1172314.17,359.27
-443744.47,-1172314.73,359.59
-443744.36,-1172315.00,359.78
-443744.14,-1172315.52,360.14
-443743.90,-1172316.10,360.42
-443744.70,-1172313.52,358.91
-443744.58,-1172313.83,359.04
-443744.46,-1172314.11,359.20
-443744.34,-1172314.40,359.38
-443744.23,-1172314.67,359.55
-443743.89,-1172315.49,360.10
-443743.77,-1172315.78,360.26
-443744.29,-1172313.31,358.62
-443743.72,-1172314.68,359.52
-443743.03,-1172316.35,360.57
-443742.91,-1172316.63,360.70
-443744.26,-1172312.69,358.32
-443744.15,-1172312.97,358.46
-443743.67,-1172314.11,359.19
-443743.55,-1172314.40,359.34
-443743.21,-1172315.22,359.81
-443743.10,-1172315.50,359.98
-443742.97,-1172315.80,360.15
-443742.87,-1172316.04,360.38
-443742.76,-1172316.32,360.55
-443742.63,-1172316.62,360.68
-443742.52,-1172316.90,360.90
-443743.60,-1172313.13,358.50
-443743.49,-1172313.41,358.63
-443743.04,-1172314.49,359.39
-443742.44,-1172315.95,360.24
-443742.23,-1172316.47,360.60
-443743.68,-1172312.58,358.18
-443743.56,-1172312.87,358.34
-443743.45,-1172313.14,358.52
-443743.35,-1172313.39,358.72
-443743.23,-1172313.67,358.86
-443742.89,-1172314.50,359.37
-443742.65,-1172315.08,359.71
-443742.53,-1172315.37,359.87
-443742.87,-1172313.67,358.78
-443741.63,-1172316.69,360.68
-443742.95,-1172312.80,358.31
-443742.83,-1172313.10,358.51
-443742.60,-1172313.66,358.78
-443742.26,-1172314.49,359.36
-443742.04,-1172315.03,359.70
-443741.81,-1172315.56,360.01
-443741.69,-1172315.87,360.13
-443741.24,-1172316.94,360.87
-443741.12,-1172317.23,361.07
-443741.00,-1172317.53,361.21
-443742.28,-1172313.15,358.43
-443741.83,-1172314.25,359.20
-443741.13,-1172315.93,360.22
-443741.01,-1172316.21,360.37
-443740.91,-1172316.46,360.57
-443740.78,-1172316.77,360.68
-443740.68,-1172317.03,360.86
-443740.44,-1172317.60,361.14
-443740.10,-1172318.43,361.64
-443739.98,-1172318.71,361.81
-443742.19,-1172312.77,358.29
-443741.37,-1172314.76,359.39
-443740.91,-1172315.86,360.15
-443740.80,-1172316.12,360.31
-443740.67,-1172316.44,360.45
-443740.56,-1172316.72,360.60
-443740.44,-1172316.99,360.77
-443740.21,-1172317.55,361.08
-443740.11,-1172317.81,361.25
-443740.00,-1172318.08,361.38
-443739.88,-1172318.37,361.59
-443739.76,-1172318.65,361.76
-443740.05,-1172316.95,360.66
-443739.81,-1172317.52,361.03
-443739.71,-1172317.79,361.20
-443739.58,-1172318.08,361.37
-443739.35,-1172318.64,361.73
-443739.24,-1172318.91,361.85
-443741.56,-1172313.30,358.47
-443741.46,-1172313.54,358.69
-443741.32,-1172313.87,358.83
-443740.64,-1172315.52,359.92
-443741.25,-1172313.44,358.56
-443740.91,-1172314.29,359.08
-443740.80,-1172314.55,359.30
-443740.68,-1172314.84,359.41
-443740.57,-1172315.11,359.58
-443740.45,-1172315.39,359.77
-443740.09,-1172316.26,360.26
-443739.97,-1172316.55,360.44
-443739.86,-1172316.81,360.59
-443739.76,-1172317.08,360.75
-443739.64,-1172317.36,360.93
-443739.52,-1172317.65,361.12
-443739.41,-1172317.92,361.26
-443739.29,-1172318.20,361.44
-443739.17,-1172318.50,361.62
-443741.01,-1172312.99,358.21
-443740.90,-1172313.26,358.41
-443740.79,-1172313.52,358.60
-443740.68,-1172313.80,358.79
-443740.57,-1172314.06,358.98
-443740.46,-1172314.33,359.12
-443740.34,-1172314.62,359.27
-443740.10,-1172315.20,359.59
-443739.98,-1172315.49,359.72
-443739.87,-1172315.75,359.93
-443739.76,-1172316.02,360.10
-443739.64,-1172316.32,360.25
-443739.52,-1172316.61,360.42
-443739.40,-1172316.89,360.59
-443739.29,-1172317.17,360.80
-443739.17,-1172317.46,360.97
-443739.05,-1172317.74,361.13
-443738.83,-1172318.28,361.46
-443738.72,-1172318.56,361.63
-443738.60,-1172318.84,361.79
-443740.78,-1172313.06,358.27
-443740.68,-1172313.30,358.47
-443740.33,-1172314.16,358.92
-443740.22,-1172314.42,359.11
-443740.10,-1172314.71,359.27
-443739.98,-1172315.01,359.43
-443739.88,-1172315.25,359.59
-443739.77,-1172315.52,359.77
-443739.65,-1172315.82,359.95
-443739.53,-1172316.09,360.10
-443739.42,-1172316.36,360.28
-443739.18,-1172316.94,360.62
-443739.08,-1172317.19,360.78
-443738.96,-1172317.48,360.94
-443738.83,-1172317.79,361.14
-443738.61,-1172318.33,361.49
-443738.49,-1172318.63,361.66
-443738.37,-1172318.90,361.83
-443740.24,-1172313.35,358.38
-443740.12,-1172313.64,358.55
-443740.00,-1172313.92,358.75
-443739.90,-1172314.18,358.91
-443739.78,-1172314.47,359.10
-443739.66,-1172314.75,359.24
-443739.55,-1172315.03,359.44
-443739.44,-1172315.29,359.61
-443739.32,-1172315.58,359.76
-443739.21,-1172315.85,359.91
-443739.10,-1172316.11,360.09
-443738.98,-1172316.40,360.26
-443738.87,-1172316.67,360.41
-443738.76,-1172316.94,360.59
-443738.64,-1172317.23,360.77
-443738.53,-1172317.49,360.94
-443738.41,-1172317.79,361.11
-443738.29,-1172318.07,361.28
-443738.19,-1172318.33,361.48
-443738.07,-1172318.61,361.61
-443737.95,-1172318.91,361.78
-443738.53,-1172316.71,360.43
-443738.42,-1172316.97,360.62
-443738.31,-1172317.24,360.79
-443738.19,-1172317.53,360.95
-443738.08,-1172317.80,361.10
-443737.96,-1172318.08,361.29
-443737.85,-1172318.36,361.45
-443737.74,-1172318.62,361.62
-443737.62,-1172318.92,361.81
-443740.02,-1172313.09,358.22
-443739.91,-1172313.35,358.40
-443739.79,-1172313.64,358.57
-443739.67,-1172313.93,358.75
-443739.56,-1172314.20,358.91
-443739.45,-1172314.47,359.08
-443739.32,-1172314.77,359.27
-443739.20,-1172315.06,359.42
-443739.10,-1172315.33,359.62
-443738.98,-1172315.61,359.78
-443738.86,-1172315.89,359.93
-443738.75,-1172316.18,360.13
-443738.64,-1172316.44,360.29
-443739.36,-1172313.36,358.34
-443739.24,-1172313.65,358.51
-443739.12,-1172313.93,358.70
-443739.01,-1172314.21,358.89
-443738.89,-1172314.49,359.03
-443738.78,-1172314.76,359.19
-443738.67,-1172315.04,359.35
-443738.56,-1172315.31,359.55
-443738.44,-1172315.60,359.72
-443738.32,-1172315.87,359.89
-443738.20,-1172316.16,360.04
-443738.09,-1172316.45,360.23
-443737.97,-1172316.72,360.42
-443737.86,-1172317.00,360.57
-443737.74,-1172317.29,360.76
-443737.63,-1172317.56,360.93
-443737.51,-1172317.85,361.09
-443737.40,-1172318.12,361.26
-443737.29,-1172318.38,361.43
-443737.18,-1172318.64,361.62
-443737.07,-1172318.92,361.77
-443739.17,-1172313.11,358.15
-443738.94,-1172313.66,358.52
-443738.83,-1172313.92,358.67
-443738.71,-1172314.22,358.85
-443738.59,-1172314.51,359.03
-443738.48,-1172314.77,359.21
-443738.36,-1172315.08,359.37
-443738.23,-1172315.37,359.56
-443738.12,-1172315.64,359.72
-443738.02,-1172315.90,359.86
-443737.91,-1172316.17,360.04
-443737.78,-1172316.47,360.22
-443737.67,-1172316.74,360.40
-443737.57,-1172316.99,360.57
-443737.44,-1172317.30,360.74
-443737.32,-1172317.60,360.93
-443737.09,-1172318.14,361.26
-443736.97,-1172318.43,361.46
-443736.86,-1172318.70,361.59
-443738.64,-1172313.25,358.30
-443738.40,-1172313.83,358.57
-443738.29,-1172314.10,358.73
-443738.17,-1172314.39,358.91
-443738.05,-1172314.68,359.07
-443737.94,-1172314.96,359.23
-443737.83,-1172315.22,359.41
-443737.70,-1172315.52,359.58
-443737.59,-1172315.79,359.76
-443737.47,-1172316.08,359.93
-443737.36,-1172316.37,360.12
-443737.24,-1172316.65,360.28
-443737.13,-1172316.92,360.46
-443737.01,-1172317.20,360.61
-443736.90,-1172317.47,360.80
-443736.79,-1172317.75,360.97
-443736.67,-1172318.03,361.14
-443736.56,-1172318.30,361.32
-443736.44,-1172318.59,361.51
-443736.32,-1172318.88,361.64
-443736.00,-1172318.90,361.69
-443738.18,-1172313.61,358.44
-443738.07,-1172313.87,358.59
-443737.95,-1172314.16,358.77
-443737.83,-1172314.44,358.93
-443737.73,-1172314.70,359.09
-443737.60,-1172314.99,359.24
-443737.49,-1172315.27,359.42
-443737.37,-1172315.55,359.62
-443737.26,-1172315.83,359.80
-443737.15,-1172316.10,359.93
-443737.04,-1172316.37,360.11
-443736.91,-1172316.67,360.28
-443736.80,-1172316.94,360.49
-443736.68,-1172317.23,360.66
-443736.56,-1172317.53,360.84
-443736.45,-1172317.80,361.02
-443736.34,-1172318.07,361.16
-443736.23,-1172318.33,361.34
-443736.11,-1172318.62,361.51
-443737.34,-1172314.40,358.85
-443737.23,-1172314.67,359.02
-443737.12,-1172314.94,359.18
-443737.00,-1172315.21,359.36
-443736.89,-1172315.49,359.53
-443736.78,-1172315.75,359.69
-443736.67,-1172316.03,359.87
-443736.55,-1172316.30,360.05
-443736.43,-1172316.60,360.20
-443736.32,-1172316.87,360.36
-443736.21,-1172317.15,360.57
-443736.09,-1172317.43,360.73
-443735.98,-1172317.69,360.89
-443735.87,-1172317.98,361.06
-443735.75,-1172318.26,361.25
-443735.63,-1172318.55,361.44
-443735.51,-1172318.84,361.59
-443735.39,-1172319.12,361.78
-443737.80,-1172313.27,358.20
-443737.68,-1172313.56,358.35
-443737.57,-1172313.84,358.50
-443737.45,-1172314.12,358.70
-443737.33,-1172313.93,358.56
-443737.21,-1172314.21,358.70
-443737.11,-1172314.48,358.88
-443736.98,-1172314.79,359.07
-443736.87,-1172315.04,359.23
-443736.76,-1172315.31,359.40
-443736.65,-1172315.60,359.58
-443736.53,-1172315.87,359.74
-443736.43,-1172316.13,359.90
-443736.32,-1172316.39,360.08
-443736.20,-1172316.69,360.25
-443736.08,-1172316.96,360.42
-443735.98,-1172317.21,360.59
-443735.86,-1172317.51,360.76
-443735.75,-1172317.77,360.96
-443735.51,-1172318.35,361.25
-443735.40,-1172318.62,361.46
-443735.29,-1172318.90,361.65
-443735.17,-1172319.19,361.80
-443736.98,-1172313.73,358.37
-443736.87,-1172313.98,358.55
-443736.76,-1172314.27,358.74
-443736.63,-1172314.57,358.90
-443736.52,-1172314.84,359.08
-443736.41,-1172315.11,359.24
-443736.29,-1172315.40,359.42
-443736.17,-1172315.70,359.58
-443736.06,-1172315.97,359.74
-443735.94,-1172316.25,359.92
-443735.83,-1172316.52,360.11
-443735.71,-1172316.82,360.26
-443735.61,-1172317.07,360.47
-443735.49,-1172317.34,360.62
-443735.38,-1172317.61,360.80
-443735.27,-1172317.88,360.96
-443735.16,-1172318.16,361.15
-443735.04,-1172318.43,361.30
-443734.94,-1172318.69,361.50
-443734.81,-1172318.99,361.66
-443734.71,-1172319.25,361.84
-443736.64,-1172313.77,358.41
-443736.52,-1172314.06,358.60
-443736.41,-1172314.33,358.78
-443736.29,-1172314.61,358.93
-443736.18,-1172314.89,359.10
-443736.06,-1172315.16,359.25
-443735.95,-1172315.43,359.43
-443735.83,-1172315.72,359.61
-443735.72,-1172315.99,359.81
-443735.60,-1172316.28,359.94
-443735.49,-1172316.57,360.13
-443735.37,-1172316.86,360.32
-443735.26,-1172317.12,360.50
-443735.15,-1172317.39,360.67
-443734.81,-1172318.22,361.20
-443734.69,-1172318.49,361.35
-443734.58,-1172318.77,361.51
-443734.47,-1172319.05,361.66
-443734.36,-1172319.32,361.85
-443735.54,-1172315.11,359.19
-443735.43,-1172315.40,359.38
-443735.30,-1172315.69,359.55
-443735.20,-1172315.96,359.72
-443735.09,-1172316.22,359.89
-443734.97,-1172316.50,360.03
-443734.74,-1172317.07,360.40
-443734.63,-1172317.34,360.58
-443734.51,-1172317.63,360.73
-443734.39,-1172317.91,360.94
-443734.27,-1172318.20,361.10
-443734.17,-1172318.46,361.28
-443734.05,-1172318.75,361.45
-443733.94,-1172319.02,361.61
-443733.82,-1172319.30,361.80
-443736.01,-1172313.97,358.53
-443735.89,-1172314.26,358.67
-443735.78,-1172314.54,358.86
-443735.66,-1172314.84,359.01
-443735.80,-1172313.78,358.37
-443735.67,-1172314.09,358.53
-443735.56,-1172314.35,358.69
-443735.45,-1172314.63,358.87
-443735.21,-1172315.20,359.23
-443735.11,-1172315.46,359.38
-443734.99,-1172315.74,359.57
-443734.86,-1172316.06,359.71
-443734.75,-1172316.33,359.91
-443734.63,-1172316.61,360.08
-443734.52,-1172316.89,360.28
-443734.40,-1172317.18,360.44
-443734.29,-1172317.44,360.60
-443734.19,-1172317.69,360.77
-443734.07,-1172317.99,360.95
-443733.95,-1172318.28,361.15
-443733.84,-1172318.54,361.31
-443733.72,-1172318.83,361.48
-443733.60,-1172319.13,361.67
-443733.48,-1172319.41,361.84
-443735.31,-1172313.84,358.36
-443735.20,-1172314.11,358.52
-443735.08,-1172314.40,358.68
-443734.97,-1172314.67,358.87
-443734.74,-1172315.24,359.18
-443734.63,-1172315.50,359.35
-443734.51,-1172315.79,359.54
-443734.39,-1172316.08,359.72
-443734.28,-1172316.34,359.88
-443734.17,-1172316.61,360.03
-443734.05,-1172316.90,360.22
-443733.94,-1172317.18,360.42
-443733.82,-1172317.46,360.59
-443733.70,-1172317.75,360.75
-443733.58,-1172318.05,360.92
-443733.48,-1172318.30,361.13
-443733.37,-1172318.56,361.28
-443733.26,-1172318.84,361.46
-443733.13,-1172319.13,361.63
-443733.02,-1172319.41,361.80
-443733.79,-1172316.96,360.27
-443733.67,-1172317.26,360.45
-443733.56,-1172317.51,360.63
-443733.33,-1172318.08,360.95
-443733.21,-1172318.37,361.12
-443733.10,-1172318.64,361.31
-443732.99,-1172318.91,361.48
-443732.86,-1172319.21,361.67
-443732.75,-1172319.48,361.83
-443735.04,-1172313.92,358.40
-443734.91,-1172314.22,358.55
-443734.81,-1172314.46,358.76
-443734.70,-1172314.74,358.89
-443734.59,-1172315.02,359.07
-443734.48,-1172315.28,359.24
-443734.36,-1172315.57,359.40
-443734.25,-1172315.85,359.56
-443734.13,-1172316.12,359.75
-443734.01,-1172316.41,359.91
-443733.91,-1172316.66,360.08
-443734.48,-1172314.23,358.55
-443734.36,-1172314.51,358.72
-443734.25,-1172314.78,358.90
-443734.13,-1172315.08,359.07
-443733.91,-1172315.63,359.41
-443733.79,-1172315.91,359.57
-443733.68,-1172316.18,359.73
-443733.58,-1172316.43,359.93
-443733.46,-1172316.71,360.08
-443733.23,-1172317.27,360.41
-443733.13,-1172317.53,360.58
-443733.01,-1172317.82,360.77
-443732.90,-1172318.09,360.94
-443732.78,-1172318.37,361.11
-443732.66,-1172318.67,361.28
-443732.55,-1172318.93,361.44
-443732.44,-1172319.19,361.64
-443732.32,-1172319.49,361.78
-443734.48,-1172314.07,358.48
-443734.36,-1172314.37,358.65
-443734.24,-1172314.65,358.81
-443734.13,-1172314.91,358.97
-443733.89,-1172315.50,359.32
-443733.78,-1172315.78,359.49
-443733.67,-1172316.05,359.66
-443733.55,-1172316.34,359.87
-443733.44,-1172316.60,360.02
-443733.33,-1172316.87,360.19
-443733.10,-1172317.43,360.52
-443732.99,-1172317.70,360.69
-443732.88,-1172317.96,360.86
-443732.77,-1172318.24,361.06
-443732.65,-1172318.54,361.20
-443732.43,-1172319.06,361.56
-443732.31,-1172319.35,361.73
-443732.18,-1172319.67,361.86
-443734.15,-1172314.14,358.47
-443734.03,-1172314.43,358.65
-443733.92,-1172314.71,358.78
-443733.81,-1172314.97,358.99
-443733.69,-1172315.26,359.11
-443733.57,-1172315.54,359.28
-443733.46,-1172315.81,359.50
-443733.36,-1172316.08,359.69
-443733.23,-1172316.37,359.85
-443733.12,-1172316.66,360.00
-443732.99,-1172316.95,360.17
-443732.89,-1172317.22,360.37
-443732.77,-1172317.51,360.53
-443732.66,-1172317.77,360.70
-443732.54,-1172318.06,360.88
-443732.43,-1172318.32,361.06
-443732.32,-1172318.59,361.21
-443732.10,-1172319.13,361.56
-443731.98,-1172319.43,361.70
-443732.08,-1172318.62,361.19
-443731.97,-1172318.88,361.37
-443734.15,-1172313.59,358.08
-443733.81,-1172314.41,358.60
-443733.69,-1172314.70,358.77
-443733.58,-1172314.97,358.96
-443733.46,-1172315.26,359.15
-443733.34,-1172315.55,359.33
-443733.23,-1172315.82,359.47
-443733.12,-1172316.10,359.61
-443733.01,-1172316.36,359.82
-443732.89,-1172316.65,359.99
-443732.77,-1172316.93,360.15
-443732.66,-1172317.20,360.34
-443732.54,-1172317.50,360.53
-443732.43,-1172317.77,360.69
-443732.31,-1172318.05,360.87
-443732.20,-1172318.33,361.04
-443733.48,-1172313.73,358.23
-443733.23,-1172314.33,358.50
-443733.12,-1172314.60,358.69
-443732.89,-1172315.16,359.01
-443732.66,-1172315.71,359.37
-443732.55,-1172316.00,359.56
-443732.43,-1172316.29,359.73
-443732.31,-1172316.58,359.92
-443732.19,-1172316.86,360.09
-443732.08,-1172317.13,360.27
-443731.97,-1172317.40,360.42
-443731.86,-1172317.66,360.60
-443731.74,-1172317.96,360.76
-443731.63,-1172318.24,360.95
-443731.52,-1172318.51,361.11
-443732.93,-1172314.37,358.52
-443732.81,-1172314.65,358.70
-443732.70,-1172314.92,358.86
-443732.59,-1172315.20,359.03
-443732.48,-1172315.46,359.22
-443732.35,-1172315.77,359.37
-443732.24,-1172316.05,359.55
-443732.14,-1172316.29,359.75
-443732.02,-1172316.58,359.88
-443731.90,-1172316.88,360.07
-443731.79,-1172317.15,360.25
-443731.67,-1172317.43,360.43
-443731.54,-1172317.75,360.58
-443731.22,-1172318.54,361.12
-443731.88,-1172315.67,359.29
-443731.65,-1172316.23,359.62
-443731.54,-1172316.50,359.79
-443731.43,-1172316.78,359.99
-443731.31,-1172317.06,360.15
-443731.20,-1172317.34,360.32
-443731.08,-1172317.63,360.50
-443730.97,-1172317.90,360.68
-443730.86,-1172318.16,360.82
-443732.20,-1172314.88,358.77
-443732.09,-1172315.15,358.93
-443731.99,-1172315.40,359.12
-443732.40,-1172313.83,358.10
-443732.28,-1172314.12,358.29
-443732.17,-1172314.39,358.46
-443732.05,-1172314.68,358.65
-443731.94,-1172314.96,358.82
-443731.72,-1172315.50,359.16
-443731.59,-1172315.80,359.34
-443731.48,-1172316.07,359.52
-443731.37,-1172316.33,359.68
-443731.27,-1172316.59,359.83
-443731.15,-1172316.87,360.04
-443731.04,-1172317.15,360.21
-443730.82,-1172317.68,360.57
-443730.70,-1172317.97,360.73
-443730.58,-1172318.26,360.89
-443731.77,-1172313.95,358.18
-443731.65,-1172314.25,358.37
-443731.53,-1172314.54,358.52
-443731.41,-1172314.83,358.68
-443731.09,-1172315.63,359.21
-443730.97,-1172315.91,359.37
-443730.85,-1172316.21,359.54
-443730.74,-1172316.49,359.73
-443730.62,-1172316.76,359.90
-443730.51,-1172317.05,360.06
-443730.39,-1172317.33,360.31
-443731.85,-1172314.08,358.25
-443731.74,-1172314.35,358.43
-443731.62,-1172314.64,358.62
-443731.50,-1172314.94,358.77
-443731.27,-1172315.49,359.13
-443731.16,-1172315.77,359.31
-443731.04,-1172316.06,359.48
-443730.93,-1172316.33,359.64
-443730.81,-1172316.62,359.83
-443730.70,-1172316.89,360.01
-443730.58,-1172317.19,360.17
-443730.48,-1172317.43,360.35
-443730.37,-1172317.69,360.56
-443731.29,-1172314.07,358.25
-443731.16,-1172314.38,358.38
-443731.06,-1172314.64,358.57
-443730.95,-1172314.91,358.72
-443730.83,-1172315.20,358.90
-443730.71,-1172315.48,359.08
-443730.60,-1172315.77,359.26
-443730.36,-1172316.35,359.61
-443730.25,-1172316.62,359.78
-443730.40,-1172314.25,358.31
-443730.28,-1172314.54,358.43
-443730.17,-1172314.80,358.61
-443730.07,-1172315.06,358.80
-443730.99,-1172314.10,358.22
-443730.88,-1172314.37,358.38
-443730.76,-1172314.66,358.56
-443730.65,-1172314.92,358.72
-443730.53,-1172315.22,358.88
-443730.41,-1172315.52,359.06
-443730.30,-1172315.77,359.28
-443730.20,-1172316.02,359.47
-443730.17,-1172314.28,358.28
-443730.06,-1172314.54,358.54
-443745.70,-1172316.56,360.96
-443745.94,-1172316.34,360.83
-443746.17,-1172316.13,360.71
-443746.39,-1172315.93,360.56
-443746.64,-1172315.71,360.48
-443745.51,-1172316.47,360.86
-443745.75,-1172316.26,360.75
-443745.97,-1172316.06,360.61
-443746.21,-1172315.83,360.49
-443746.44,-1172315.62,360.39
-443746.92,-1172315.18,360.13
-443747.15,-1172314.97,360.00
-443747.39,-1172314.75,359.87
-443747.62,-1172314.55,359.76
-443744.98,-1172316.44,360.80
-443745.22,-1172316.22,360.67
-443745.43,-1172316.02,360.54
-443745.66,-1172315.82,360.45
-443745.89,-1172315.61,360.32
-443746.14,-1172315.38,360.20
-443746.37,-1172315.17,360.09
-443746.59,-1172314.96,359.99
-443747.31,-1172314.31,359.60
-443747.54,-1172314.09,359.47
-443747.79,-1172313.86,359.36
-443748.01,-1172313.66,359.25
-443748.25,-1172313.44,359.11
-443748.49,-1172313.23,358.98
-443744.18,-1172316.71,361.02
-443744.65,-1172316.28,360.69
-443744.88,-1172316.07,360.56
-443745.11,-1172315.86,360.44
-443745.35,-1172315.63,360.32
-443745.58,-1172315.42,360.21
-443745.82,-1172315.20,360.06
-443746.06,-1172314.99,359.96
-443746.28,-1172314.78,359.84
-443746.51,-1172314.57,359.71
-443746.74,-1172314.36,359.62
-443746.98,-1172314.14,359.48
-443747.21,-1172313.93,359.36
-443747.43,-1172313.73,359.24
-443747.67,-1172313.51,359.11
-443747.90,-1172313.30,358.98
-443748.15,-1172313.07,358.85
-443748.39,-1172312.85,358.75
-443748.62,-1172312.64,358.64
-443748.85,-1172312.43,358.52
-443747.11,-1172313.56,359.14
-443747.34,-1172313.35,358.98
-443747.59,-1172313.12,358.87
-443747.80,-1172312.93,358.75
-443748.03,-1172312.72,358.64
-443748.27,-1172312.50,358.48
-443748.50,-1172312.28,358.38
-443748.99,-1172311.84,358.15
-443743.81,-1172316.59,360.80
-443744.74,-1172315.73,360.30
-443744.99,-1172315.50,360.20
-443745.23,-1172315.28,360.08
-443745.71,-1172314.84,359.83
-443745.95,-1172314.62,359.70
-443746.17,-1172314.42,359.60
-443746.64,-1172313.99,359.32
-443743.75,-1172316.30,360.62
-443743.99,-1172316.09,360.47
-443744.23,-1172315.87,360.35
-443744.47,-1172315.64,360.21
-443744.72,-1172315.41,360.10
-443744.95,-1172315.21,359.99
-443745.17,-1172315.00,359.87
-443745.40,-1172314.79,359.76
-443745.65,-1172314.57,359.62
-443745.89,-1172314.35,359.48
-443746.11,-1172314.15,359.37
-443746.36,-1172313.91,359.26
-443746.85,-1172313.47,359.01
-443747.07,-1172313.26,358.88
-443747.30,-1172313.05,358.75
-443747.54,-1172312.83,358.63
-443747.78,-1172312.61,358.51
-443748.01,-1172312.40,358.39
-443748.25,-1172312.18,358.31
-443748.46,-1172311.99,358.16
-443745.62,-1172314.10,359.33
-443745.83,-1172313.90,359.20
-443746.07,-1172313.68,359.11
-443746.33,-1172313.45,358.98
-443746.56,-1172313.24,358.85
-443746.79,-1172313.03,358.72
-443747.03,-1172312.80,358.62
-443747.27,-1172312.59,358.46
-443742.54,-1172316.92,360.96
-443742.77,-1172316.71,360.83
-443743.01,-1172316.49,360.70
-443743.23,-1172316.29,360.58
-443743.48,-1172316.06,360.45
-443743.72,-1172315.84,360.30
-443743.94,-1172315.64,360.18
-443744.18,-1172315.42,360.11
-443744.42,-1172315.20,359.97
-443744.67,-1172314.97,359.85
-443744.91,-1172314.75,359.70
-443745.15,-1172314.53,359.58
-443745.40,-1172314.30,359.46
-443742.17,-1172316.87,360.91
-443742.62,-1172316.46,360.68
-443742.85,-1172316.26,360.54
-443744.01,-1172315.19,359.91
-443744.25,-1172314.97,359.78
-443744.49,-1172314.75,359.67
-443744.96,-1172314.32,359.41
-443745.19,-1172314.11,359.30
-443745.44,-1172313.89,359.18
-443745.68,-1172313.66,359.06
-443745.92,-1172313.44,358.91
-443746.16,-1172313.22,358.79
-443746.39,-1172313.01,358.67
-443746.62,-1172312.80,358.55
-443746.85,-1172312.59,358.45
-443739.61,-1172318.74,361.84
-443739.86,-1172318.51,361.72
-443740.10,-1172318.29,361.60
-443740.31,-1172318.10,361.51
-443740.53,-1172317.90,361.35
-443741.52,-1172316.99,360.95
-443741.77,-1172316.76,360.82
-443742.01,-1172316.55,360.70
-443742.22,-1172316.35,360.56
-443742.47,-1172316.12,360.45
-443742.70,-1172315.91,360.30
-443742.94,-1172315.69,360.19
-443743.16,-1172315.49,360.05
-443743.39,-1172315.27,359.93
-443743.63,-1172315.06,359.81
-443743.84,-1172314.87,359.69
-443744.08,-1172314.65,359.58
-443744.32,-1172314.42,359.44
-443744.56,-1172314.21,359.34
-443744.79,-1172313.99,359.24
-443745.01,-1172313.79,359.09
-443745.27,-1172313.56,358.98
-443745.51,-1172313.34,358.86
-443745.72,-1172313.14,358.74
-443745.96,-1172312.92,358.62
-443746.20,-1172312.71,358.46
-443746.45,-1172312.48,358.37
-443746.69,-1172312.25,358.25
-443739.22,-1172318.68,361.78
-443739.45,-1172318.47,361.65
-443739.70,-1172318.24,361.54
-443739.93,-1172318.03,361.41
-443740.92,-1172317.12,360.99
-443741.13,-1172316.92,360.83
-443741.37,-1172316.71,360.74
-443741.61,-1172316.49,360.61
-443742.08,-1172316.06,360.35
-443742.31,-1172315.84,360.22
-443742.56,-1172315.62,360.10
-443742.80,-1172315.39,359.94
-443743.02,-1172315.20,359.83
-443743.27,-1172314.97,359.72
-443743.49,-1172314.76,359.59
-443743.74,-1172314.54,359.46
-443743.97,-1172314.32,359.35
-443744.19,-1172314.12,359.23
-443744.42,-1172313.91,359.10
-443744.65,-1172313.70,358.99
-443744.90,-1172313.48,358.86
-443745.13,-1172313.27,358.77
-443745.36,-1172313.06,358.64
-443745.81,-1172312.64,358.38
-443746.07,-1172312.40,358.30
-443746.31,-1172312.18,358.16
-443738.44,-1172318.79,361.82
-443738.68,-1172318.58,361.69
-443738.91,-1172318.36,361.58
-443739.14,-1172318.16,361.43
-443739.62,-1172317.71,361.21
-443739.86,-1172317.49,361.07
-443740.08,-1172317.29,360.97
-443740.82,-1172316.62,360.66
-443741.29,-1172316.18,360.39
-443741.55,-1172315.95,360.25
-443741.77,-1172315.75,360.15
-443741.99,-1172315.54,360.02
-443742.23,-1172315.32,359.89
-443742.47,-1172315.11,359.76
-443742.70,-1172314.89,359.65
-443742.93,-1172314.69,359.53
-443743.18,-1172314.45,359.40
-443743.43,-1172314.22,359.27
-443743.65,-1172314.02,359.14
-443743.89,-1172313.80,359.02
-443744.36,-1172313.38,358.79
-443737.90,-1172318.76,361.75
-443738.15,-1172318.54,361.63
-443738.82,-1172317.92,361.26
-443739.06,-1172317.70,361.16
-443739.29,-1172317.48,361.02
-443739.52,-1172317.28,360.90
-443739.76,-1172317.06,360.81
-443739.99,-1172316.85,360.64
-443740.73,-1172316.17,360.36
-443740.94,-1172315.97,360.22
-443741.18,-1172315.76,360.12
-443741.90,-1172315.09,359.72
-443742.14,-1172314.87,359.58
-443743.56,-1172313.58,358.85
-443744.04,-1172313.14,358.63
-443744.27,-1172312.92,358.50
-443737.08,-1172319.03,361.89
-443737.30,-1172318.82,361.76
-443737.55,-1172318.60,361.62
-443737.80,-1172318.37,361.50
-443738.03,-1172318.16,361.37
-443738.25,-1172317.95,361.25
-443738.51,-1172317.72,361.12
-443738.74,-1172317.51,361.01
-443738.97,-1172317.29,360.90
-443739.19,-1172317.09,360.75
-443739.43,-1172316.87,360.63
-443739.66,-1172316.66,360.53
-443739.88,-1172316.46,360.41
-443740.13,-1172316.23,360.26
-443740.61,-1172315.79,360.13
-443740.83,-1172315.59,359.96
-443741.07,-1172315.37,359.84
-443741.32,-1172315.14,359.72
-443741.55,-1172314.93,359.59
-443741.77,-1172314.72,359.46
-443742.01,-1172314.51,359.33
-443742.26,-1172314.28,359.21
-443742.49,-1172314.07,359.09
-443742.74,-1172313.84,358.97
-443742.99,-1172313.61,358.83
-443743.22,-1172313.40,358.70
-443743.45,-1172313.18,358.61
-443743.68,-1172312.97,358.48
-443743.91,-1172312.77,358.34
-443744.15,-1172312.54,358.26
-443744.37,-1172312.35,358.03
-443737.00,-1172318.73,361.67
-443737.22,-1172318.53,361.52
-443737.45,-1172318.32,361.43
-443737.68,-1172318.11,361.31
-443737.93,-1172317.88,361.17
-443738.16,-1172317.67,361.05
-443738.39,-1172317.46,360.93
-443738.63,-1172317.24,360.82
-443738.87,-1172317.02,360.67
-443739.11,-1172316.79,360.54
-443739.34,-1172316.58,360.41
-443739.60,-1172316.35,360.31
-443739.81,-1172316.16,360.17
-443740.05,-1172315.93,360.04
-443740.54,-1172315.49,359.91
-443740.97,-1172315.09,359.60
-443741.23,-1172314.85,359.51
-443741.45,-1172314.65,359.38
-443741.68,-1172314.44,359.26
-443741.91,-1172314.23,359.11
-443742.15,-1172314.01,359.02
-443742.39,-1172313.79,358.88
-443742.64,-1172313.56,358.76
-443742.86,-1172313.36,358.62
-443743.32,-1172312.93,358.38
-443743.58,-1172312.70,358.29
-443743.82,-1172312.48,358.13
-443738.80,-1172316.62,360.44
-443739.04,-1172316.39,360.32
-443739.28,-1172316.17,360.19
-443739.52,-1172315.95,360.07
-443739.75,-1172315.74,359.94
-443740.01,-1172315.51,359.83
-443740.50,-1172315.05,359.66
-443740.71,-1172314.86,359.50
-443740.96,-1172314.63,359.36
-443741.18,-1172314.43,359.24
-443741.41,-1172314.22,359.12
-443741.63,-1172314.02,359.00
-443741.86,-1172313.80,358.88
-443742.11,-1172313.57,358.77
-443742.34,-1172313.37,358.65
-443742.55,-1172313.17,358.51
-443742.81,-1172312.93,358.40
-443743.04,-1172312.72,358.30
-443743.28,-1172312.51,358.17
-443736.44,-1172318.78,361.70
-443736.67,-1172318.56,361.55
-443736.90,-1172318.35,361.42
-443737.15,-1172318.13,361.32
-443737.39,-1172317.90,361.16
-443737.65,-1172317.67,361.06
-443737.87,-1172317.46,360.92
-443738.10,-1172317.26,360.81
-443738.34,-1172317.04,360.69
-443738.57,-1172316.83,360.57
-443735.90,-1172318.87,361.74
-443736.14,-1172318.65,361.60
-443736.60,-1172318.23,361.34
-443736.85,-1172318.00,361.20
-443737.08,-1172317.79,361.10
-443737.31,-1172317.58,361.00
-443737.54,-1172317.37,360.87
-443737.79,-1172317.14,360.73
-443738.03,-1172316.92,360.62
-443738.26,-1172316.70,360.47
-443738.51,-1172316.48,360.35
-443738.74,-1172316.26,360.23
-443738.97,-1172316.05,360.10
-443739.19,-1172315.86,359.98
-443739.45,-1172315.62,359.88
-443739.68,-1172315.40,359.74
-443739.91,-1172315.19,359.64
-443740.16,-1172314.97,359.51
-443740.44,-1172314.71,359.48
-443740.66,-1172314.51,359.28
-443740.88,-1172314.31,359.17
-443741.35,-1172313.88,358.91
-443741.59,-1172313.65,358.77
-443741.82,-1172313.45,358.66
-443742.06,-1172313.23,358.55
-443742.28,-1172313.02,358.43
-443742.50,-1172312.81,358.31
-443735.27,-1172319.10,361.81
-443735.50,-1172318.89,361.72
-443735.74,-1172318.67,361.60
-443735.95,-1172318.48,361.45
-443736.18,-1172318.27,361.34
-443736.66,-1172317.83,361.09
-443736.88,-1172317.63,360.95
-443737.12,-1172317.41,360.84
-443737.35,-1172317.20,360.71
-443737.59,-1172316.98,360.59
-443737.82,-1172316.76,360.46
-443738.06,-1172316.54,360.36
-443738.30,-1172316.33,360.23
-443738.53,-1172316.11,360.12
-443738.77,-1172315.89,359.98
-443739.01,-1172315.67,359.86
-443739.26,-1172315.45,359.72
-443739.50,-1172315.23,359.61
-443739.73,-1172315.02,359.51
-443739.96,-1172314.80,359.38
-443740.21,-1172314.58,359.27
-443740.44,-1172314.36,359.19
-443740.68,-1172314.14,359.03
-443740.91,-1172313.93,358.91
-443741.15,-1172313.71,358.78
-443741.39,-1172313.49,358.64
-443741.64,-1172313.26,358.52
-443741.87,-1172313.05,358.41
-443742.11,-1172312.83,358.30
-443742.34,-1172312.62,358.17
-443734.56,-1172319.34,361.90
-443734.79,-1172319.13,361.79
-443735.05,-1172318.89,361.67
-443735.28,-1172318.68,361.55
-443735.53,-1172318.46,361.42
-443735.74,-1172318.25,361.29
-443735.99,-1172318.03,361.16
-443736.21,-1172317.83,361.02
-443736.46,-1172317.60,360.90
-443736.69,-1172317.39,360.80
-443736.90,-1172317.19,360.66
-443737.14,-1172316.98,360.55
-443737.36,-1172316.77,360.43
-443737.61,-1172316.55,360.30
-443737.84,-1172316.34,360.18
-443738.06,-1172316.13,360.06
-443738.31,-1172315.90,359.94
-443738.54,-1172315.69,359.84
-443738.77,-1172315.48,359.68
-443739.02,-1172315.25,359.55
-443739.24,-1172315.05,359.44
-443739.48,-1172314.83,359.34
-443740.71,-1172313.70,358.75
-443740.93,-1172313.50,358.63
-443741.15,-1172313.29,358.48
-443741.39,-1172313.08,358.39
-443741.64,-1172312.85,358.28
-443733.86,-1172319.42,361.93
-443734.09,-1172319.21,361.79
-443734.31,-1172319.01,361.64
-443734.56,-1172318.78,361.55
-443734.77,-1172318.59,361.41
-443735.01,-1172318.37,361.31
-443735.26,-1172318.13,361.17
-443735.49,-1172317.92,361.04
-443735.73,-1172317.71,360.92
-443735.97,-1172317.49,360.79
-443736.22,-1172317.26,360.65
-443736.45,-1172317.05,360.55
-443736.68,-1172316.84,360.42
-443736.91,-1172316.62,360.31
-443737.16,-1172316.39,360.14
-443737.38,-1172316.19,360.04
-443737.61,-1172315.98,359.93
-443737.84,-1172315.77,359.80
-443738.07,-1172315.56,359.69
-443738.31,-1172315.34,359.56
-443738.52,-1172315.14,359.44
-443738.77,-1172314.92,359.33
-443739.01,-1172314.70,359.20
-443739.23,-1172314.49,359.10
-443739.47,-1172314.28,358.95
-443739.74,-1172314.03,358.85
-443739.96,-1172313.83,358.74
-443740.18,-1172313.62,358.64
-443740.44,-1172313.39,358.55
-443740.92,-1172312.95,358.26
-443733.22,-1172319.49,361.91
-443733.44,-1172319.28,361.79
-443733.67,-1172319.07,361.68
-443733.92,-1172318.85,361.53
-443734.15,-1172318.64,361.40
-443734.40,-1172318.41,361.29
-443734.65,-1172318.18,361.17
-443734.88,-1172317.96,361.05
-443735.10,-1172317.76,360.91
-443735.34,-1172317.54,360.80
-443735.57,-1172317.33,360.68
-443735.80,-1172317.12,360.53
-443736.05,-1172316.89,360.43
-443736.28,-1172316.68,360.28
-443736.53,-1172316.45,360.17
-443736.76,-1172316.24,360.03
-443737.01,-1172316.01,359.93
-443737.24,-1172315.81,359.80
-443737.48,-1172315.58,359.68
-443737.70,-1172315.38,359.54
-443738.17,-1172314.94,359.31
-443738.41,-1172314.73,359.20
-443738.63,-1172314.52,359.08
-443738.86,-1172314.31,358.95
-443739.11,-1172314.08,358.81
-443739.34,-1172313.88,358.69
-443739.57,-1172313.66,358.60
-443739.82,-1172313.44,358.48
-443740.04,-1172313.23,358.37
-443732.72,-1172319.54,361.91
-443733.17,-1172319.13,361.68
-443733.42,-1172318.89,361.56
-443733.63,-1172318.70,361.42
-443733.88,-1172318.48,361.31
-443734.13,-1172318.24,361.16
-443734.36,-1172318.03,361.05
-443734.57,-1172317.84,360.94
-443734.81,-1172317.62,360.80
-443735.08,-1172317.37,360.66
-443735.31,-1172317.16,360.54
-443735.54,-1172316.94,360.44
-443735.79,-1172316.72,360.28
-443736.02,-1172316.51,360.16
-443736.24,-1172316.31,360.06
-443736.46,-1172316.10,359.93
-443736.71,-1172315.88,359.78
-443736.96,-1172315.64,359.66
-443737.19,-1172315.44,359.56
-443737.42,-1172315.22,359.44
-443737.67,-1172314.99,359.29
-443737.92,-1172314.77,359.19
-443738.14,-1172314.57,359.06
-443738.38,-1172314.34,358.94
-443738.62,-1172314.12,358.81
-443738.86,-1172313.90,358.69
-443739.07,-1172313.71,358.57
-443739.32,-1172313.48,358.48
-443739.54,-1172313.28,358.33
-443739.77,-1172313.07,358.23
-443735.15,-1172316.96,360.40
-443735.37,-1172316.76,360.26
-443735.84,-1172316.33,360.02
-443736.08,-1172316.11,359.87
-443736.33,-1172315.89,359.77
-443736.58,-1172315.66,359.61
-443736.82,-1172315.44,359.52
-443737.05,-1172315.23,359.39
-443737.27,-1172315.02,359.28
-443737.75,-1172314.59,359.04
-443737.98,-1172314.37,358.90
-443738.22,-1172314.15,358.82
-443738.46,-1172313.93,358.66
-443738.71,-1172313.70,358.55
-443738.95,-1172313.48,358.42
-443732.35,-1172319.54,361.89
-443732.59,-1172319.31,361.76
-443732.82,-1172319.11,361.64
-443733.04,-1172318.90,361.51
-443733.27,-1172318.69,361.40
-443733.50,-1172318.48,361.28
-443733.97,-1172318.05,361.03
-443734.19,-1172317.85,360.90
-443734.44,-1172317.62,360.77
-443734.66,-1172317.42,360.65
-443734.90,-1172317.19,360.51
-443732.28,-1172319.19,361.67
-443732.53,-1172318.96,361.54
-443732.75,-1172318.77,361.43
-443732.99,-1172318.54,361.30
-443733.24,-1172318.32,361.17
-443733.47,-1172318.11,361.04
-443733.69,-1172317.90,360.94
-443733.92,-1172317.69,360.81
-443734.16,-1172317.47,360.66
-443734.37,-1172317.27,360.57
-443734.62,-1172317.05,360.45
-443734.84,-1172316.84,360.31
-443735.08,-1172316.62,360.21
-443735.31,-1172316.41,360.06
-443735.53,-1172316.21,359.96
-443735.79,-1172315.97,359.81
-443736.04,-1172315.75,359.69
-443736.25,-1172315.55,359.56
-443736.48,-1172315.34,359.45
-443736.73,-1172315.11,359.32
-443736.97,-1172314.89,359.20
-443737.20,-1172314.68,359.07
-443737.45,-1172314.45,358.93
-443737.71,-1172314.21,358.83
-443737.93,-1172314.01,358.71
-443738.15,-1172313.80,358.61
-443738.40,-1172313.58,358.48
-443738.63,-1172313.36,358.35
-443731.95,-1172319.08,361.57
-443732.20,-1172318.86,361.46
-443732.44,-1172318.63,361.31
-443732.67,-1172318.43,361.19
-443732.91,-1172318.20,361.06
-443733.14,-1172317.99,360.93
-443733.39,-1172317.77,360.80
-443733.62,-1172317.55,360.70
-443733.85,-1172317.34,360.56
-443734.09,-1172317.12,360.44
-443734.33,-1172316.90,360.30
-443734.56,-1172316.69,360.19
-443734.78,-1172316.49,360.05
-443735.01,-1172316.28,359.95
-443735.24,-1172316.06,359.83
-443735.48,-1172315.85,359.69
-443735.71,-1172315.64,359.55
-443735.95,-1172315.42,359.47
-443736.19,-1172315.19,359.34
-443736.41,-1172314.99,359.21
-443736.66,-1172314.77,359.10
-443736.90,-1172314.55,358.96
-443737.13,-1172314.34,358.85
-443737.36,-1172314.12,358.74
-443737.60,-1172313.90,358.62
-443737.85,-1172313.67,358.49
-443731.57,-1172319.05,361.51
-443731.80,-1172318.85,361.38
-443732.05,-1172318.62,361.25
-443732.30,-1172318.39,361.11
-443732.53,-1172318.18,361.01
-443732.74,-1172317.98,360.87
-443732.98,-1172317.76,360.75
-443733.23,-1172317.53,360.62
-443733.46,-1172317.32,360.51
-443733.69,-1172317.11,360.39
-443733.94,-1172316.88,360.27
-443734.18,-1172316.66,360.12
-443734.42,-1172316.44,359.99
-443734.64,-1172316.24,359.88
-443734.89,-1172316.00,359.74
-443735.12,-1172315.80,359.65
-443735.35,-1172315.59,359.52
-443735.59,-1172315.37,359.40
-443735.82,-1172315.15,359.27
-443736.05,-1172314.94,359.17
-443736.27,-1172314.74,359.04
-443736.51,-1172314.52,358.91
-443736.75,-1172314.30,358.80
-443736.97,-1172314.10,358.69
-443737.21,-1172313.88,358.57
-443737.45,-1172313.66,358.43
-443731.47,-1172318.68,361.24
-443731.68,-1172318.49,361.11
-443731.92,-1172318.27,361.00
-443732.16,-1172318.05,360.87
-443732.41,-1172317.82,360.73
-443732.65,-1172317.60,360.61
-443732.89,-1172317.37,360.51
-443733.13,-1172317.16,360.35
-443733.60,-1172316.73,360.14
-443733.82,-1172316.52,359.98
-443734.06,-1172316.30,359.86
-443734.30,-1172316.08,359.74
-443734.52,-1172315.88,359.62
-443734.77,-1172315.65,359.49
-443735.02,-1172315.42,359.38
-443735.25,-1172315.21,359.23
-443735.48,-1172315.00,359.11
-443735.73,-1172314.77,359.00
-443735.96,-1172314.56,358.88
-443736.20,-1172314.34,358.74
-443736.43,-1172314.13,358.64
-443736.66,-1172313.92,358.53
-443736.89,-1172313.70,358.43
-443731.63,-1172318.01,360.83
-443731.87,-1172317.79,360.71
-443732.11,-1172317.56,360.58
-443732.34,-1172317.35,360.45
-443732.56,-1172317.15,360.33
-443732.80,-1172316.93,360.20
-443733.04,-1172316.71,360.07
-443733.29,-1172316.48,359.99
-443733.53,-1172316.26,359.84
-443733.78,-1172316.03,359.71
-443734.01,-1172315.82,359.58
-443734.24,-1172315.61,359.47
-443734.47,-1172315.40,359.33
-443734.70,-1172315.19,359.21
-443734.94,-1172314.97,359.12
-443735.18,-1172314.74,358.97
-443735.42,-1172314.52,358.85
-443735.89,-1172314.09,358.60
-443736.15,-1172313.86,358.48
-443730.75,-1172318.21,360.88
-443731.00,-1172317.98,360.79
-443731.22,-1172317.78,360.66
-443731.45,-1172317.57,360.52
-443731.68,-1172317.35,360.40
-443731.92,-1172317.14,360.28
-443732.14,-1172316.93,360.16
-443732.38,-1172316.71,360.04
-443732.61,-1172316.51,359.92
-443732.86,-1172316.28,359.79
-443733.10,-1172316.05,359.66
-443733.33,-1172315.85,359.54
-443733.55,-1172315.64,359.41
-443733.80,-1172315.41,359.29
-443734.28,-1172314.97,359.04
-443734.53,-1172314.74,358.93
-443734.78,-1172314.51,358.80
-443735.00,-1172314.31,358.70
-443735.23,-1172314.10,358.58
-443735.46,-1172313.89,358.46
-443730.83,-1172317.70,360.59
-443731.05,-1172317.50,360.46
-443731.28,-1172317.29,360.32
-443731.52,-1172317.06,360.23
-443731.74,-1172316.86,360.08
-443731.98,-1172316.64,359.98
-443732.19,-1172316.45,359.85
-443732.45,-1172316.21,359.73
-443732.68,-1172316.00,359.60
-443732.90,-1172315.80,359.50
-443733.15,-1172315.57,359.37
-443733.61,-1172315.14,359.12
-443734.09,-1172314.71,358.88
-443734.32,-1172314.49,358.75
-443734.56,-1172314.27,358.63
-443734.80,-1172314.05,358.51
-443735.05,-1172313.83,358.39
-443735.30,-1172313.59,358.26
-443730.36,-1172318.13,360.89
-443730.58,-1172317.93,360.71
-443730.50,-1172317.61,360.46
-443730.72,-1172317.41,360.32
-443730.97,-1172317.18,360.21
-443731.20,-1172316.96,360.08
-443731.45,-1172316.73,359.95
-443731.68,-1172316.52,359.84
-443731.93,-1172316.29,359.69
-443732.15,-1172316.09,359.57
-443732.40,-1172315.87,359.46
-443732.63,-1172315.65,359.36
-443732.85,-1172315.45,359.23
-443733.07,-1172315.24,359.11
-443733.31,-1172315.03,359.01
-443733.77,-1172314.61,358.74
-443734.01,-1172314.38,358.64
-443734.25,-1172314.16,358.50
-443734.96,-1172313.51,358.14
-443730.36,-1172317.30,360.28
-443730.60,-1172317.08,360.16
-443730.82,-1172316.87,360.03
-443731.04,-1172316.67,359.91
-443731.28,-1172316.45,359.80
-443731.53,-1172316.22,359.65
-443731.75,-1172316.01,359.52
-443732.00,-1172315.79,359.41
-443732.24,-1172315.57,359.27
-443732.49,-1172315.34,359.16
-443732.71,-1172315.14,359.03
-443732.96,-1172314.91,358.93
-443730.29,-1172316.82,359.95
-443730.53,-1172316.60,359.83
-443730.77,-1172316.38,359.69
-443731.02,-1172316.15,359.57
-443731.24,-1172315.95,359.43
-443731.48,-1172315.73,359.33
-443731.71,-1172315.52,359.20
-443731.95,-1172315.30,359.09
-443732.18,-1172315.08,358.95
-443732.42,-1172314.87,358.83
-443732.67,-1172314.64,358.72
-443732.90,-1172314.42,358.59
-443733.14,-1172314.20,358.44
-443733.38,-1172313.99,358.33
-443730.23,-1172316.42,359.72
-443730.47,-1172316.20,359.60
-443730.69,-1172316.00,359.46
-443730.92,-1172315.78,359.33
-443731.18,-1172315.55,359.21
-443731.42,-1172315.32,359.06
-443731.66,-1172315.11,358.95
-443731.90,-1172314.89,358.82
-443732.13,-1172314.67,358.70
-443732.59,-1172314.26,358.47
-443730.10,-1172316.07,359.51
-443730.32,-1172315.86,359.32
-443730.56,-1172315.64,359.21
-443730.80,-1172315.42,359.07
-443731.03,-1172315.21,358.95
-443731.26,-1172315.00,358.80
-443731.50,-1172314.78,358.72
-443731.74,-1172314.56,358.58
-443731.97,-1172314.35,358.44
-443732.47,-1172313.89,358.24
-443730.13,-1172315.55,359.13
-443730.36,-1172315.34,358.99
-443730.59,-1172315.13,358.86
-443730.83,-1172314.91,358.74
-443731.07,-1172314.69,358.61
-443731.29,-1172314.48,358.48
-443731.52,-1172314.27,358.38
-443731.77,-1172314.04,358.26
-443731.99,-1172313.84,358.06
-443730.15,-1172314.99,358.77
-443730.41,-1172314.76,358.66
-443730.61,-1172314.57,358.51
-443730.84,-1172314.36,358.40
-443731.08,-1172314.14,358.28
-443731.32,-1172313.92,358.20
-443729.95,-1172314.79,358.61
-443730.19,-1172314.57,358.49
-443730.42,-1172314.36,358.35
-443730.66,-1172314.14,358.23
-443730.92,-1172313.91,358.11
-443729.94,-1172314.40,358.38
-443730.18,-1172314.18,358.24
-443748.63,-1172312.65,358.61
-443746.32,-1172315.59,360.35
-443746.15,-1172316.07,360.77
-443745.88,-1172316.07,360.74
-443745.66,-1172314.26,359.45
-443743.93,-1172312.78,358.34
-443743.42,-1172313.46,358.84
-443743.26,-1172313.91,359.13
-443740.38,-1172317.49,361.07
-443740.21,-1172317.95,361.40
-443740.06,-1172318.37,361.60
-443739.89,-1172318.84,361.87
-443741.83,-1172312.67,358.17
-443741.05,-1172314.81,359.42
-443740.25,-1172317.03,360.84
-443740.10,-1172317.44,361.05
-443739.94,-1172317.87,361.33
-443739.77,-1172318.35,361.68
-443740.61,-1172314.73,359.36
-443740.42,-1172315.28,359.93
-443740.16,-1172315.99,360.04
-443740.00,-1172316.44,360.37
-443739.83,-1172316.90,360.69
-443739.68,-1172317.32,360.93
-443739.50,-1172317.82,361.32
-443739.37,-1172318.17,361.41
-443739.22,-1172318.57,361.60
-443741.02,-1172312.91,358.34
-443740.54,-1172314.24,359.15
-443740.39,-1172314.67,359.36
-443740.23,-1172315.10,359.55
-443740.06,-1172315.58,359.90
-443739.91,-1172315.98,360.11
-443739.74,-1172316.46,360.46
-443739.57,-1172316.94,360.85
-443739.59,-1172316.86,360.62
-443739.43,-1172317.32,360.93
-443739.27,-1172317.75,361.25
-443739.12,-1172318.16,361.42
-443738.97,-1172318.57,361.66
-443740.34,-1172313.47,358.54
-443740.17,-1172313.96,358.91
-443739.86,-1172314.81,359.43
-443739.72,-1172315.20,359.58
-443739.55,-1172315.68,359.91
-443739.40,-1172316.09,360.07
-443739.23,-1172316.54,360.43
-443739.08,-1172316.97,360.63
-443738.89,-1172317.48,361.03
-443738.73,-1172317.92,361.28
-443738.59,-1172318.31,361.50
-443738.43,-1172318.77,361.80
-443740.31,-1172313.06,358.46
-443740.17,-1172313.45,358.64
-443739.86,-1172314.31,359.10
-443739.69,-1172314.77,359.40
-443739.53,-1172315.23,359.70
-443739.37,-1172315.66,359.87
-443739.22,-1172316.08,360.11
-443739.05,-1172316.54,360.46
-443738.89,-1172316.98,360.74
-443738.74,-1172317.41,361.01
-443738.57,-1172317.88,361.36
-443738.41,-1172318.30,361.56
-443738.26,-1172318.74,361.84
-443738.29,-1172318.63,361.54
-443739.87,-1172313.05,358.38
-443739.74,-1172313.43,358.46
-443739.59,-1172313.83,358.68
-443739.41,-1172314.32,359.03
-443739.43,-1172314.26,358.84
-443739.27,-1172314.72,359.17
-443739.11,-1172315.16,359.48
-443738.95,-1172315.59,359.78
-443738.79,-1172316.03,359.97
-443738.61,-1172316.52,360.38
-443738.46,-1172316.95,360.58
-443738.29,-1172317.41,360.86
-443738.13,-1172317.86,361.14
-443737.98,-1172318.27,361.38
-443737.83,-1172318.70,361.64
-443739.56,-1172313.14,358.44
-443739.42,-1172313.52,358.58
-443739.27,-1172313.94,358.74
-443739.11,-1172314.39,359.08
-443738.96,-1172314.79,359.28
-443738.80,-1172315.24,359.55
-443738.64,-1172315.69,359.85
-443738.46,-1172316.16,360.22
-443738.32,-1172316.56,360.35
-443738.14,-1172317.05,360.76
-443738.00,-1172317.45,360.94
-443737.84,-1172317.90,361.21
-443737.68,-1172318.32,361.47
-443737.50,-1172318.82,361.85
-443738.95,-1172313.40,358.43
-443738.80,-1172313.82,358.65
-443738.64,-1172314.26,358.95
-443738.46,-1172314.75,359.37
-443738.33,-1172315.11,359.41
-443738.18,-1172315.53,359.70
-443738.01,-1172315.98,359.97
-443737.87,-1172316.39,360.17
-443737.70,-1172316.86,360.56
-443737.55,-1172317.26,360.72
-443737.39,-1172317.70,361.01
-443737.22,-1172318.16,361.29
-443737.05,-1172318.65,361.71
-443738.79,-1172313.45,358.54
-443738.64,-1172313.84,358.68
-443738.48,-1172314.30,358.97
-443738.31,-1172314.75,359.26
-443738.17,-1172315.15,359.43
-443737.83,-1172316.08,360.09
-443737.67,-1172316.54,360.45
-443737.70,-1172316.46,360.20
-443737.52,-1172316.94,360.65
-443737.38,-1172317.33,360.83
-443737.20,-1172317.82,361.24
-443737.05,-1172318.23,361.42
-443737.08,-1172318.15,361.19
-443736.91,-1172318.62,361.60
-443738.34,-1172313.62,358.48
-443738.18,-1172314.06,358.72
-443738.01,-1172314.53,359.08
-443737.86,-1172314.93,359.24
-443737.71,-1172315.36,359.43
-443737.53,-1172315.85,359.85
-443737.36,-1172316.32,360.18
-443737.04,-1172317.21,360.77
-443736.90,-1172317.60,360.93
-443736.73,-1172318.07,361.25
-443736.58,-1172318.46,361.41
-443738.20,-1172313.31,358.46
-443738.07,-1172313.68,358.51
-443737.90,-1172314.13,358.80
-443737.75,-1172314.57,359.00
-443737.58,-1172315.03,359.36
-443737.43,-1172315.45,359.64
-443737.28,-1172315.85,359.83
-443737.11,-1172316.33,360.17
-443736.94,-1172316.80,360.52
-443736.80,-1172317.18,360.63
-443736.62,-1172317.67,361.05
-443736.46,-1172318.12,361.25
-443737.59,-1172313.52,358.44
-443737.44,-1172313.95,358.68
-443737.29,-1172314.34,358.86
-443737.13,-1172314.79,359.16
-443736.97,-1172315.25,359.43
-443736.79,-1172315.73,359.76
-443736.63,-1172316.17,360.04
-443736.47,-1172316.61,360.30
-443736.15,-1172317.49,360.86
-443736.02,-1172317.86,361.02
-443735.85,-1172318.32,361.30
-443737.35,-1172313.58,358.45
-443737.18,-1172314.04,358.76
-443737.02,-1172314.48,359.08
-443736.87,-1172314.89,359.23
-443736.70,-1172315.36,359.53
-443736.56,-1172315.76,359.72
-443736.39,-1172316.23,360.14
-443736.23,-1172316.66,360.34
-443736.05,-1172317.17,360.76
-443735.90,-1172317.56,360.93
-443735.75,-1172318.00,361.15
-443735.58,-1172318.46,361.43
-443736.77,-1172313.83,358.51
-443736.64,-1172314.18,358.56
-443736.46,-1172314.69,359.00
-443736.29,-1172315.13,359.32
-443736.14,-1172315.56,359.55
-443735.99,-1172315.98,359.76
-443735.82,-1172316.44,360.19
-443735.49,-1172317.36,360.73
-443735.34,-1172317.77,360.96
-443735.21,-1172318.12,361.03
-443735.02,-1172318.64,361.47
-443734.86,-1172319.09,361.78
-443736.11,-1172314.72,359.10
-443735.96,-1172315.14,359.29
-443735.81,-1172315.54,359.53
-443735.66,-1172315.98,359.85
-443735.49,-1172316.45,360.15
-443735.32,-1172316.91,360.46
-443735.17,-1172317.31,360.73
-443735.00,-1172317.80,361.12
-443735.02,-1172317.73,360.93
-443734.70,-1172318.63,361.50
-443734.55,-1172319.04,361.68
-443735.77,-1172314.05,358.55
-443735.60,-1172314.51,358.87
-443735.45,-1172314.92,359.07
-443735.28,-1172315.38,359.36
-443735.13,-1172315.81,359.64
-443734.97,-1172316.26,359.95
-443734.81,-1172316.70,360.24
-443734.65,-1172317.15,360.54
-443734.50,-1172317.56,360.76
-443734.35,-1172317.97,361.02
-443734.19,-1172318.40,361.23
-443734.02,-1172318.88,361.63
-443733.87,-1172319.30,361.88
-443735.40,-1172314.17,358.81
-443735.25,-1172314.58,358.94
-443735.10,-1172315.01,359.16
-443734.77,-1172315.91,359.78
-443734.60,-1172316.38,360.08
-443734.43,-1172316.84,360.41
-443734.27,-1172317.29,360.73
-443734.12,-1172317.71,361.00
-443733.96,-1172318.15,361.21
-443733.80,-1172318.59,361.49
-443733.64,-1172319.01,361.79
-443733.48,-1172319.46,362.11
-443735.03,-1172313.71,358.31
-443734.89,-1172314.11,358.50
-443734.74,-1172314.53,358.74
-443734.59,-1172314.93,358.91
-443734.41,-1172315.43,359.32
-443734.24,-1172315.89,359.65
-443734.10,-1172316.29,359.84
-443733.92,-1172316.78,360.20
-443733.76,-1172317.23,360.46
-443733.61,-1172317.65,360.71
-443733.45,-1172318.09,361.03
-443733.28,-1172318.55,361.31
-443733.13,-1172318.96,361.52
-443732.94,-1172319.49,362.06
-443732.97,-1172319.40,361.79
-443734.49,-1172314.12,358.65
-443734.33,-1172314.54,358.87
-443734.15,-1172315.05,359.29
-443734.01,-1172315.43,359.36
-443733.85,-1172315.88,359.66
-443733.68,-1172316.33,359.94
-443733.55,-1172316.71,360.11
-443733.38,-1172317.18,360.52
-443733.21,-1172317.65,360.86
-443733.05,-1172318.10,361.08
-443732.89,-1172318.52,361.35
-443733.83,-1172314.31,358.65
-443733.69,-1172314.70,358.82
-443733.53,-1172315.14,359.13
-443733.36,-1172315.61,359.43
-443733.21,-1172316.02,359.61
-443733.04,-1172316.48,359.95
-443732.87,-1172316.96,360.26
-443732.70,-1172317.44,360.62
-443732.55,-1172317.85,360.89
-443732.41,-1172318.25,361.05
-443732.24,-1172318.71,361.43
-443732.08,-1172319.16,361.67
-443733.64,-1172313.86,358.38
-443733.51,-1172314.22,358.46
-443733.33,-1172314.73,358.96
-443733.17,-1172315.18,359.17
-443733.00,-1172315.65,359.60
-443732.85,-1172316.05,359.77
-443732.67,-1172316.54,360.12
-443732.53,-1172316.92,360.24
-443732.38,-1172317.34,360.53
-443732.22,-1172317.80,360.82
-443731.89,-1172318.70,361.37
-443732.82,-1172314.72,358.78
-443732.66,-1172315.16,359.07
-443732.51,-1172315.56,359.28
-443732.35,-1172316.00,359.55
-443732.20,-1172316.43,359.83
-443732.03,-1172316.90,360.15
-443731.88,-1172317.30,360.33
-443731.72,-1172317.74,360.63
-443731.56,-1172318.19,360.93
-443731.39,-1172318.66,361.23
-443732.13,-1172313.93,358.29
-443731.99,-1172314.32,358.45
-443731.83,-1172314.77,358.72
-443731.67,-1172315.21,358.99
-443731.49,-1172315.68,359.29
-443731.33,-1172316.13,359.63
-443731.18,-1172316.55,359.85
-443731.03,-1172316.97,360.12
-443730.55,-1172318.28,360.95
-443732.60,-1172314.24,358.66
-443732.45,-1172314.65,358.83
-443732.29,-1172315.08,359.08
-443732.13,-1172315.52,359.32
-443731.98,-1172315.95,359.63
-443731.82,-1172316.37,359.88
-443731.68,-1172316.77,360.04
-443731.52,-1172317.21,360.37
-443731.36,-1172317.66,360.67
-443731.20,-1172318.10,360.96
-443730.24,-1172317.05,359.96
-443731.83,-1172313.85,358.27
-443731.68,-1172314.27,358.56
-443731.54,-1172314.67,358.76
-443731.36,-1172315.16,359.22
-443731.22,-1172315.56,359.32
-443731.05,-1172316.02,359.66
-443730.91,-1172316.40,359.79
-443730.73,-1172316.91,360.19
-443730.57,-1172317.34,360.43
-443730.40,-1172317.80,360.77
-443731.13,-1172313.88,358.32
-443730.98,-1172314.28,358.48
-443730.83,-1172314.71,358.75
-443730.68,-1172315.11,358.95
-443730.21,-1172316.41,359.63
-443731.17,-1172314.46,358.46
-443731.00,-1172314.96,358.89
-443730.86,-1172315.33,358.95
-443730.70,-1172315.78,359.25
-443730.38,-1172316.64,359.85
-443730.35,-1172314.18,358.42
-443730.21,-1172314.56,358.60
-443730.40,-1172314.58,358.45
-443730.23,-1172315.04,358.85
-443730.07,-1172315.48,359.06
-443729.93,-1172314.15,358.19
-443746.13,-1172316.04,360.69
-443746.44,-1172315.78,360.56
-443744.89,-1172316.51,360.90
-443745.23,-1172316.22,360.77
-443745.54,-1172315.95,360.62
-443746.18,-1172315.41,360.30
-443746.51,-1172315.14,360.19
-443747.47,-1172314.32,359.72
-443744.58,-1172316.21,360.61
-443744.91,-1172315.93,360.48
-443745.23,-1172315.66,360.35
-443745.52,-1172315.41,360.20
-443745.85,-1172315.14,360.03
-443746.16,-1172314.87,359.90
-443746.50,-1172314.58,359.73
-443746.80,-1172314.33,359.58
-443747.11,-1172314.07,359.46
-443747.45,-1172313.78,359.30
-443747.77,-1172313.50,359.11
-443748.10,-1172313.23,358.97
-443748.43,-1172312.95,358.82
-443748.74,-1172312.69,358.70
-443743.22,-1172316.74,360.96
-443743.88,-1172316.18,360.62
-443744.21,-1172315.90,360.47
-443744.53,-1172315.63,360.33
-443744.86,-1172315.35,360.18
-443745.18,-1172315.08,360.03
-443745.52,-1172314.79,359.84
-443745.81,-1172314.55,359.75
-443746.16,-1172314.25,359.56
-443746.47,-1172313.99,359.43
-443747.09,-1172313.46,359.10
-443747.41,-1172313.19,358.96
-443747.74,-1172312.91,358.83
-443748.06,-1172312.64,358.67
-443748.36,-1172312.38,358.51
-443748.68,-1172312.11,358.40
-443749.00,-1172311.84,358.25
-443742.58,-1172316.67,360.85
-443742.91,-1172316.39,360.67
-443743.25,-1172316.10,360.49
-443743.56,-1172315.85,360.35
-443743.87,-1172315.58,360.20
-443744.19,-1172315.31,360.03
-443744.51,-1172315.04,359.92
-443744.84,-1172314.76,359.75
-443745.16,-1172314.49,359.57
-443745.48,-1172314.22,359.46
-443745.81,-1172313.93,359.30
-443746.15,-1172313.65,359.14
-443746.47,-1172313.37,358.97
-443746.79,-1172313.11,358.83
-443747.12,-1172312.83,358.66
-443747.45,-1172312.55,358.50
-443747.75,-1172312.29,358.37
-443748.06,-1172312.03,358.27
-443739.62,-1172318.64,361.83
-443739.92,-1172318.39,361.73
-443740.56,-1172317.84,361.43
-443741.82,-1172316.78,360.91
-443742.13,-1172316.51,360.77
-443742.47,-1172316.23,360.58
-443742.79,-1172315.96,360.42
-443743.13,-1172315.67,360.23
-443743.45,-1172315.40,360.08
-443743.79,-1172315.10,359.92
-443744.12,-1172314.83,359.80
-443744.44,-1172314.55,359.62
-443744.76,-1172314.28,359.46
-443745.07,-1172314.02,359.34
-443745.38,-1172313.76,359.19
-443745.71,-1172313.48,359.02
-443746.04,-1172313.20,358.88
-443746.37,-1172312.92,358.70
-443746.70,-1172312.64,358.54
-443747.01,-1172312.37,358.41
-443742.70,-1172315.45,360.02
-443743.02,-1172315.18,359.87
-443743.33,-1172314.92,359.74
-443743.67,-1172314.63,359.56
-443744.01,-1172314.35,359.39
-443744.31,-1172314.09,359.25
-443744.62,-1172313.82,359.10
-443744.95,-1172313.55,358.98
-443745.29,-1172313.26,358.79
-443745.63,-1172312.97,358.61
-443745.96,-1172312.70,358.48
-443746.29,-1172312.41,358.34
-443746.57,-1172312.17,358.27
-443738.55,-1172318.97,361.99
-443739.24,-1172318.39,361.62
-443739.53,-1172318.14,361.50
-443739.87,-1172317.86,361.30
-443740.17,-1172317.60,361.20
-443740.78,-1172317.09,361.00
-443741.10,-1172316.81,360.83
-443741.42,-1172316.54,360.68
-443742.05,-1172316.01,360.36
-443737.63,-1172319.08,362.01
-443737.96,-1172318.80,361.82
-443738.26,-1172318.54,361.69
-443738.57,-1172318.28,361.53
-443738.90,-1172318.00,361.40
-443739.24,-1172317.72,361.24
-443739.54,-1172317.46,361.07
-443739.88,-1172317.17,360.92
-443740.20,-1172316.90,360.78
-443740.52,-1172316.63,360.68
-443741.16,-1172316.08,360.38
-443741.48,-1172315.81,360.21
-443741.80,-1172315.54,360.05
-443742.13,-1172315.27,359.87
-443742.44,-1172315.00,359.75
-443742.75,-1172314.73,359.59
-443743.06,-1172314.48,359.47
-443743.39,-1172314.20,359.30
-443743.71,-1172313.92,359.13
-443744.03,-1172313.65,358.98
-443744.35,-1172313.38,358.83
-443737.12,-1172318.84,361.80
-443737.45,-1172318.56,361.66
-443737.78,-1172318.29,361.50
-443738.11,-1172318.00,361.32
-443738.45,-1172317.71,361.16
-443738.78,-1172317.43,361.01
-443739.09,-1172317.17,360.84
-443739.39,-1172316.91,360.72
-443739.70,-1172316.65,360.58
-443740.67,-1172315.83,360.17
-443740.99,-1172315.56,360.02
-443741.34,-1172315.27,359.82
-443741.67,-1172314.98,359.67
-443741.97,-1172314.73,359.55
-443742.32,-1172314.43,359.38
-443742.61,-1172314.18,359.23
-443742.95,-1172313.90,359.06
-443743.28,-1172313.62,358.89
-443743.57,-1172313.37,358.77
-443743.89,-1172313.10,358.60
-443744.20,-1172312.84,358.46
-443744.53,-1172312.56,358.35
-443736.92,-1172318.49,361.59
-443737.23,-1172318.24,361.42
-443737.55,-1172317.96,361.27
-443737.91,-1172317.66,361.07
-443738.20,-1172317.41,360.98
-443738.50,-1172317.16,360.84
-443738.85,-1172316.86,360.62
-443739.19,-1172316.57,360.50
-443739.50,-1172316.31,360.36
-443739.83,-1172316.02,360.18
-443741.08,-1172314.96,359.63
-443741.43,-1172314.67,359.47
-443741.75,-1172314.40,359.32
-443742.07,-1172314.12,359.12
-443742.40,-1172313.85,358.99
-443742.74,-1172313.56,358.84
-443743.07,-1172313.28,358.68
-443743.36,-1172313.03,358.55
-443743.71,-1172312.73,358.39
-443744.00,-1172312.48,358.31
-443735.48,-1172319.18,361.92
-443736.12,-1172318.64,361.58
-443736.43,-1172318.37,361.44
-443736.75,-1172318.10,361.29
-443737.05,-1172317.84,361.13
-443737.38,-1172317.57,361.01
-443737.70,-1172317.30,360.83
-443738.01,-1172317.03,360.70
-443738.34,-1172316.75,360.50
-443738.65,-1172316.49,360.37
-443738.99,-1172316.20,360.22
-443739.32,-1172315.92,360.06
-443739.61,-1172315.67,359.92
-443739.93,-1172315.41,359.78
-443740.26,-1172315.12,359.66
-443740.57,-1172314.86,359.53
-443740.91,-1172314.57,359.34
-443741.24,-1172314.29,359.18
-443741.58,-1172314.00,359.01
-443741.89,-1172313.74,358.88
-443742.21,-1172313.47,358.72
-443742.52,-1172313.20,358.57
-443742.85,-1172312.93,358.42
-443743.15,-1172312.67,358.31
-443734.49,-1172319.40,362.01
-443734.80,-1172319.13,361.87
-443735.11,-1172318.86,361.75
-443735.44,-1172318.58,361.57
-443735.79,-1172318.29,361.40
-443736.09,-1172318.03,361.23
-443736.42,-1172317.75,361.06
-443736.74,-1172317.49,360.90
-443737.06,-1172317.21,360.77
-443737.37,-1172316.95,360.63
-443737.68,-1172316.69,360.49
-443738.00,-1172316.41,360.33
-443738.31,-1172316.15,360.18
-443738.63,-1172315.88,360.02
-443738.94,-1172315.62,359.89
-443739.26,-1172315.34,359.74
-443739.59,-1172315.06,359.56
-443739.89,-1172314.81,359.44
-443740.22,-1172314.53,359.31
-443740.54,-1172314.26,359.18
-443740.85,-1172313.99,359.02
-443741.17,-1172313.72,358.83
-443741.50,-1172313.44,358.73
-443741.84,-1172313.16,358.53
-443742.17,-1172312.88,358.39
-443742.48,-1172312.61,358.28
-443733.64,-1172319.45,361.97
-443733.98,-1172319.16,361.81
-443734.30,-1172318.89,361.67
-443734.63,-1172318.61,361.47
-443734.94,-1172318.34,361.33
-443735.26,-1172318.08,361.18
-443735.56,-1172317.82,361.02
-443735.89,-1172317.54,360.89
-443736.22,-1172317.26,360.73
-443736.54,-1172316.99,360.56
-443736.87,-1172316.71,360.42
-443737.19,-1172316.44,360.24
-443737.52,-1172316.15,360.12
-443738.16,-1172315.61,359.80
-443738.47,-1172315.35,359.65
-443738.81,-1172315.06,359.49
-443739.12,-1172314.80,359.35
-443739.43,-1172314.53,359.19
-443739.75,-1172314.27,359.05
-443740.35,-1172313.75,358.86
-443740.68,-1172313.47,358.63
-443740.99,-1172313.21,358.49
-443741.61,-1172312.68,358.26
-443737.61,-1172315.52,359.68
-443737.92,-1172315.26,359.56
-443738.26,-1172314.98,359.42
-443738.57,-1172314.71,359.25
-443738.90,-1172314.43,359.09
-443739.22,-1172314.16,358.97
-443739.56,-1172313.87,358.81
-443739.85,-1172313.62,358.67
-443740.80,-1172312.82,358.26
-443733.07,-1172319.38,361.91
-443733.41,-1172319.09,361.75
-443733.74,-1172318.81,361.55
-443734.04,-1172318.56,361.43
-443734.36,-1172318.29,361.28
-443735.01,-1172317.73,360.97
-443735.34,-1172317.45,360.81
-443735.70,-1172317.15,360.60
-443736.01,-1172316.88,360.49
-443736.32,-1172316.62,360.31
-443736.63,-1172316.36,360.18
-443736.95,-1172316.08,360.02
-443737.28,-1172315.81,359.86
-443732.34,-1172319.46,361.83
-443732.63,-1172319.22,361.72
-443732.95,-1172318.95,361.54
-443733.29,-1172318.66,361.39
-443733.59,-1172318.40,361.25
-443733.89,-1172318.14,361.11
-443734.23,-1172317.86,360.95
-443734.55,-1172317.59,360.80
-443734.87,-1172317.31,360.61
-443735.20,-1172317.03,360.45
-443735.52,-1172316.76,360.29
-443735.84,-1172316.49,360.13
-443736.15,-1172316.22,360.00
-443736.49,-1172315.94,359.84
-443736.83,-1172315.65,359.68
-443737.16,-1172315.37,359.52
-443737.48,-1172315.10,359.37
-443737.79,-1172314.83,359.21
-443738.11,-1172314.56,359.08
-443738.41,-1172314.31,358.94
-443738.74,-1172314.03,358.78
-443739.08,-1172313.74,358.62
-443739.40,-1172313.47,358.46
-443739.71,-1172313.20,358.33
-443731.87,-1172319.29,361.76
-443732.18,-1172319.03,361.64
-443732.52,-1172318.74,361.45
-443732.82,-1172318.49,361.29
-443733.14,-1172318.21,361.12
-443733.46,-1172317.94,360.97
-443733.77,-1172317.68,360.83
-443734.08,-1172317.41,360.69
-443734.38,-1172317.15,360.55
-443734.72,-1172316.87,360.42
-443735.03,-1172316.61,360.24
-443735.33,-1172316.35,360.09
-443735.66,-1172316.07,359.92
-443735.99,-1172315.79,359.76
-443736.31,-1172315.52,359.62
-443736.63,-1172315.25,359.47
-443736.96,-1172314.96,359.29
-443737.26,-1172314.71,359.18
-443737.59,-1172314.43,359.01
-443737.91,-1172314.16,358.86
-443738.26,-1172313.86,358.70
-443738.57,-1172313.59,358.56
-443738.91,-1172313.31,358.40
-443739.22,-1172313.04,358.24
-443731.79,-1172318.82,361.41
-443732.11,-1172318.54,361.26
-443732.44,-1172318.26,361.10
-443732.77,-1172317.98,360.94
-443733.09,-1172317.71,360.80
-443733.39,-1172317.45,360.65
-443733.73,-1172317.17,360.48
-443734.04,-1172316.90,360.33
-443734.38,-1172316.61,360.16
-443734.69,-1172316.35,360.01
-443735.00,-1172316.09,359.84
-443735.32,-1172315.82,359.68
-443735.62,-1172315.56,359.56
-443735.96,-1172315.27,359.40
-443736.26,-1172315.01,359.26
-443736.58,-1172314.75,359.11
-443736.90,-1172314.47,358.94
-443737.20,-1172314.21,358.82
-443737.53,-1172313.93,358.68
-443737.86,-1172313.65,358.52
-443738.49,-1172313.12,358.22
-443731.60,-1172318.52,361.27
-443731.90,-1172318.26,361.11
-443732.21,-1172318.00,360.94
-443732.53,-1172317.73,360.79
-443732.86,-1172317.45,360.63
-443733.18,-1172317.18,360.49
-443733.49,-1172316.91,360.34
-443733.83,-1172316.62,360.18
-443734.16,-1172316.34,360.02
-443734.49,-1172316.06,359.83
-443734.80,-1172315.79,359.70
-443735.15,-1172315.50,359.52
-443735.43,-1172315.26,359.40
-443735.76,-1172314.98,359.26
-443736.09,-1172314.70,359.09
-443736.40,-1172314.44,358.96
-443736.71,-1172314.17,358.77
-443737.02,-1172313.91,358.63
-443737.35,-1172313.63,358.52
-443731.57,-1172318.10,360.93
-443731.87,-1172317.85,360.79
-443732.21,-1172317.56,360.63
-443732.53,-1172317.28,360.48
-443732.87,-1172317.00,360.28
-443733.19,-1172316.73,360.16
-443733.52,-1172316.44,360.01
-443733.84,-1172316.17,359.87
-443734.15,-1172315.91,359.69
-443734.46,-1172315.65,359.55
-443734.79,-1172315.36,359.40
-443735.12,-1172315.09,359.22
-443735.43,-1172314.82,359.08
-443735.75,-1172314.55,358.94
-443736.10,-1172314.25,358.76
-443736.42,-1172313.97,358.60
-443736.73,-1172313.72,358.47
-443732.10,-1172317.04,360.28
-443732.43,-1172316.76,360.13
-443732.74,-1172316.49,360.00
-443733.06,-1172316.22,359.82
-443733.37,-1172315.96,359.71
-443733.71,-1172315.67,359.54
-443734.37,-1172315.11,359.19
-443734.70,-1172314.83,359.05
-443735.02,-1172314.56,358.89
-443735.32,-1172314.30,358.78
-443735.63,-1172314.03,358.60
-443735.96,-1172313.75,358.47
-443730.83,-1172318.12,360.90
-443731.14,-1172317.86,360.77
-443731.47,-1172317.57,360.60
-443731.78,-1172317.31,360.45
-443730.45,-1172317.86,360.70
-443730.76,-1172317.60,360.56
-443731.09,-1172317.32,360.37
-443731.39,-1172317.06,360.22
-443731.73,-1172316.78,360.06
-443732.04,-1172316.51,359.91
-443732.34,-1172316.25,359.78
-443732.66,-1172315.98,359.64
-443732.98,-1172315.71,359.45
-443733.32,-1172315.42,359.28
-443733.65,-1172315.14,359.14
-443733.96,-1172314.88,359.00
-443734.27,-1172314.62,358.83
-443734.59,-1172314.34,358.72
-443734.93,-1172314.06,358.54
-443735.26,-1172313.77,358.36
-443730.48,-1172317.34,360.39
-443730.81,-1172317.05,360.22
-443731.11,-1172316.79,360.08
-443731.46,-1172316.50,359.90
-443732.07,-1172315.98,359.61
-443732.39,-1172315.71,359.46
-443732.70,-1172315.45,359.32
-443733.02,-1172315.17,359.17
-443733.33,-1172314.90,359.00
-443733.98,-1172314.36,358.71
-443734.28,-1172314.10,358.56
-443734.94,-1172313.54,358.29
-443730.28,-1172317.00,360.06
-443730.57,-1172316.75,359.96
-443730.91,-1172316.46,359.77
-443731.24,-1172316.18,359.61
-443731.59,-1172315.88,359.44
-443732.21,-1172315.35,359.15
-443732.52,-1172315.09,359.02
-443732.85,-1172314.81,358.86
-443733.16,-1172314.54,358.69
-443730.30,-1172316.29,359.72
-443730.91,-1172315.78,359.40
-443731.23,-1172315.50,359.25
-443731.89,-1172314.94,358.95
-443732.21,-1172314.66,358.78
-443732.55,-1172314.38,358.63
-443730.14,-1172315.81,359.33
-443730.47,-1172315.53,359.15
-443730.80,-1172315.25,358.99
-443731.13,-1172314.97,358.85
-443731.47,-1172314.68,358.65
-443731.76,-1172314.43,358.56
-443732.08,-1172314.16,358.39
-443732.38,-1172313.90,358.25
-443730.23,-1172315.18,358.98
-443730.56,-1172314.90,358.82
-443730.86,-1172314.64,358.66
-443731.17,-1172314.38,358.50
-443731.51,-1172314.09,358.37
-443731.85,-1172313.80,358.15
-443730.02,-1172314.91,358.67
-443730.62,-1172314.40,358.43
-443730.95,-1172314.12,358.26
-443730.04,-1172314.29,358.38
