-443720.66,-1172315.52,357.70
-443721.50,-1172315.36,357.49
-443720.57,-1172320.90,358.88
-443722.20,-1172320.58,358.92
-443722.51,-1172320.72,358.90
-443722.65,-1172320.77,358.92
-443723.22,-1172320.40,358.94
-443723.44,-1172320.52,358.93
-443723.96,-1172320.37,358.92
-443724.27,-1172320.33,358.90
-443724.87,-1172320.24,358.79
-443706.89,-1172318.32,360.33
-443707.02,-1172318.00,360.32
-443707.14,-1172317.71,360.30
-443707.26,-1172317.41,360.26
-443707.38,-1172317.11,360.23
-443707.50,-1172316.82,360.21
-443706.93,-1172317.33,360.23
-443707.05,-1172317.02,360.22
-443707.18,-1172316.70,360.20
-443707.12,-1172319.81,360.56
-443707.23,-1172319.53,360.53
-443707.35,-1172319.24,360.50
-443707.48,-1172318.92,360.46
-443707.59,-1172318.65,360.43
-443707.70,-1172318.37,360.40
-443707.83,-1172318.06,360.36
-443707.94,-1172317.77,360.32
-443708.06,-1172317.47,360.29
-443708.19,-1172317.16,360.25
-443708.31,-1172316.86,360.23
-443708.42,-1172316.59,360.21
-443707.02,-1172318.81,360.40
-443707.14,-1172318.50,360.39
-443707.26,-1172318.21,360.38
-443707.37,-1172317.94,360.34
-443707.50,-1172317.62,360.29
-443707.75,-1172317.01,360.23
-443707.87,-1172316.70,360.21
-443707.99,-1172316.40,360.19
-443706.90,-1172322.30,361.94
-443707.74,-1172320.23,360.66
-443707.86,-1172319.94,360.61
-443707.98,-1172319.63,360.58
-443708.10,-1172319.35,360.54
-443708.22,-1172319.04,360.49
-443708.34,-1172318.74,360.46
-443708.47,-1172318.44,360.42
-443708.58,-1172318.15,360.38
-443708.71,-1172317.83,360.34
-443708.82,-1172317.55,360.31
-443708.94,-1172317.27,360.28
-443709.05,-1172316.98,360.25
-443709.17,-1172316.69,360.22
-443709.30,-1172316.38,360.21
-443704.57,-1172327.10,360.74
-443704.69,-1172326.79,360.76
-443707.35,-1172320.22,360.65
-443707.47,-1172319.93,360.60
-443707.59,-1172319.61,360.57
-443707.71,-1172319.32,360.53
-443707.83,-1172319.03,360.49
-443707.95,-1172318.73,360.46
-443708.06,-1172318.45,360.42
-443708.18,-1172318.17,360.38
-443708.29,-1172317.88,360.34
-443708.42,-1172317.57,360.31
-443708.54,-1172317.27,360.27
-443708.65,-1172316.99,360.25
-443708.77,-1172316.69,360.22
-443708.52,-1172319.91,360.62
-443708.65,-1172319.61,360.58
-443708.77,-1172319.31,360.54
-443708.89,-1172319.00,360.49
-443709.02,-1172318.69,360.45
-443709.13,-1172318.40,360.41
-443709.25,-1172318.13,360.38
-443709.36,-1172317.84,360.35
-443709.49,-1172317.52,360.31
-443709.61,-1172317.23,360.27
-443709.72,-1172316.94,360.24
-443709.85,-1172316.62,360.22
-443704.61,-1172328.59,360.73
-443704.73,-1172328.29,360.74
-443704.85,-1172328.02,360.76
-443704.97,-1172327.70,360.77
-443705.10,-1172327.40,360.78
-443705.22,-1172327.09,360.79
-443705.34,-1172326.79,360.81
-443707.13,-1172322.33,361.95
-443707.98,-1172320.25,360.66
-443708.10,-1172319.96,360.62
-443708.21,-1172319.68,360.59
-443708.33,-1172319.38,360.54
-443708.46,-1172319.07,360.49
-443708.57,-1172318.78,360.46
-443708.70,-1172318.48,360.42
-443708.82,-1172318.17,360.38
-443708.95,-1172317.86,360.35
-443709.06,-1172317.56,360.31
-443709.18,-1172317.26,360.28
-443709.30,-1172316.98,360.25
-443709.42,-1172316.68,360.22
-443709.54,-1172316.39,360.21
-443704.74,-1172327.66,360.76
-443704.86,-1172327.36,360.76
-443704.98,-1172327.08,360.78
-443705.10,-1172326.78,360.79
-443704.74,-1172330.15,360.74
-443704.98,-1172329.57,360.75
-443705.10,-1172329.27,360.76
-443705.22,-1172328.96,360.76
-443705.34,-1172328.66,360.77
-443705.46,-1172328.37,360.78
-443705.58,-1172328.08,360.78
-443705.70,-1172327.77,360.79
-443705.82,-1172327.47,360.80
-443705.95,-1172327.16,360.81
-443706.07,-1172326.86,360.82
-443706.20,-1172326.54,360.83
-443706.79,-1172325.07,360.82
-443707.04,-1172324.45,360.97
-443707.15,-1172324.17,361.03
-443708.82,-1172320.04,360.64
-443708.94,-1172319.74,360.60
-443709.06,-1172319.44,360.55
-443709.19,-1172319.13,360.52
-443709.30,-1172318.85,360.47
-443709.42,-1172318.55,360.44
-443709.54,-1172318.25,360.39
-443709.67,-1172317.93,360.36
-443709.80,-1172317.62,360.32
-443709.92,-1172317.33,360.29
-443710.03,-1172317.04,360.26
-443710.15,-1172316.75,360.23
-443710.26,-1172316.47,360.21
-443704.79,-1172329.16,360.75
-443704.92,-1172328.85,360.76
-443705.05,-1172328.53,360.76
-443705.17,-1172328.23,360.77
-443705.29,-1172327.94,360.77
-443705.41,-1172327.63,360.78
-443705.53,-1172327.34,360.79
-443705.64,-1172327.07,360.81
-443705.76,-1172326.76,360.82
-443706.01,-1172326.15,360.84
-443706.25,-1172325.55,360.83
-443706.61,-1172324.64,360.93
-443706.73,-1172324.35,361.00
-443706.86,-1172324.03,361.09
-443707.56,-1172322.28,361.93
-443707.90,-1172324.08,361.02
-443709.58,-1172319.92,360.64
-443709.69,-1172319.64,360.60
-443709.81,-1172319.36,360.55
-443709.93,-1172319.07,360.52
-443710.05,-1172318.77,360.48
-443710.17,-1172318.47,360.44
-443710.28,-1172318.18,360.40
-443710.41,-1172317.88,360.37
-443710.52,-1172317.60,360.34
-443710.65,-1172317.29,360.30
-443710.77,-1172316.99,360.26
-443710.89,-1172316.69,360.23
-443711.00,-1172316.40,360.22
-443704.97,-1172330.59,360.75
-443705.08,-1172330.30,360.76
-443705.19,-1172330.03,360.76
-443705.31,-1172329.74,360.76
-443705.43,-1172329.44,360.77
-443705.56,-1172329.13,360.78
-443705.67,-1172328.85,360.78
-443705.78,-1172328.56,360.79
-443705.91,-1172328.25,360.80
-443706.02,-1172327.96,360.80
-443706.15,-1172327.66,360.81
-443706.27,-1172327.35,360.82
-443706.39,-1172327.05,360.83
-443706.51,-1172326.77,360.84
-443707.00,-1172325.56,360.80
-443707.12,-1172325.24,360.79
-443707.24,-1172324.94,360.82
-443707.36,-1172324.65,360.88
-443707.47,-1172324.38,360.95
-443707.59,-1172324.07,361.03
-443709.27,-1172319.91,360.63
-443709.39,-1172319.62,360.60
-443709.51,-1172319.32,360.55
-443709.63,-1172319.02,360.50
-443709.75,-1172318.74,360.47
-443709.87,-1172318.42,360.43
-443710.00,-1172318.11,360.39
-443710.11,-1172317.84,360.36
-443710.22,-1172317.55,360.33
-443710.35,-1172317.24,360.28
-443710.47,-1172316.94,360.25
-443710.60,-1172316.63,360.23
-443710.73,-1172316.32,360.21
-443705.27,-1172331.83,360.77
-443705.39,-1172331.54,360.77
-443705.62,-1172330.96,360.78
-443705.87,-1172330.35,360.79
-443705.99,-1172330.05,360.80
-443706.11,-1172329.75,360.81
-443706.24,-1172329.43,360.81
-443706.36,-1172329.15,360.82
-443706.48,-1172328.84,360.82
-443706.59,-1172328.56,360.82
-443706.72,-1172328.24,360.84
-443706.84,-1172327.96,360.84
-443706.95,-1172327.67,360.86
-443707.19,-1172327.09,360.88
-443707.30,-1172326.79,360.90
-443707.42,-1172326.50,360.91
-443707.54,-1172326.21,360.92
-443707.78,-1172325.62,360.80
-443707.90,-1172325.32,360.78
-443708.03,-1172324.99,360.78
-443708.14,-1172324.71,360.81
-443708.26,-1172324.43,360.88
-443708.38,-1172324.12,360.96
-443709.23,-1172321.99,361.94
-443710.08,-1172319.91,360.64
-443710.20,-1172319.60,360.60
-443710.32,-1172319.31,360.57
-443710.44,-1172319.01,360.53
-443710.56,-1172318.72,360.49
-443710.68,-1172318.43,360.45
-443710.90,-1172317.87,360.38
-443711.03,-1172317.56,360.35
-443711.15,-1172317.26,360.31
-443711.27,-1172316.97,360.27
-443711.39,-1172316.67,360.25
-443711.51,-1172316.38,360.23
-443705.13,-1172330.95,360.76
-443705.26,-1172330.64,360.76
-443705.37,-1172330.36,360.76
-443705.49,-1172330.05,360.77
-443705.62,-1172329.75,360.78
-443705.74,-1172329.44,360.79
-443705.86,-1172329.16,360.79
-443705.97,-1172328.87,360.79
-443706.09,-1172328.58,360.80
-443706.21,-1172328.29,360.81
-443706.33,-1172327.99,360.81
-443706.45,-1172327.69,360.82
-443706.56,-1172327.41,360.83
-443706.69,-1172327.10,360.84
-443706.80,-1172326.82,360.86
-443706.93,-1172326.51,360.87
-443707.28,-1172325.63,360.78
-443707.53,-1172325.01,360.80
-443707.65,-1172324.70,360.85
-443707.78,-1172324.40,360.94
-443711.31,-1172318.73,360.49
-443711.43,-1172318.44,360.46
-443711.56,-1172318.12,360.41
-443711.67,-1172317.84,360.38
-443711.80,-1172317.53,360.35
-443711.92,-1172317.23,360.31
-443712.04,-1172316.92,360.28
-443712.15,-1172316.65,360.25
-443712.28,-1172316.33,360.24
-443712.40,-1172316.04,360.23
-443705.25,-1172332.82,360.76
-443705.37,-1172332.54,360.77
-443705.50,-1172332.22,360.78
-443705.62,-1172331.92,360.78
-443705.74,-1172331.62,360.79
-443705.87,-1172331.30,360.80
-443705.99,-1172330.99,360.80
-443706.10,-1172330.71,360.81
-443706.22,-1172330.43,360.81
-443706.34,-1172330.13,360.82
-443706.46,-1172329.82,360.82
-443706.58,-1172329.52,360.83
-443706.70,-1172329.23,360.84
-443706.82,-1172328.93,360.84
-443706.95,-1172328.62,360.85
-443707.07,-1172328.31,360.86
-443707.19,-1172328.01,360.87
-443707.31,-1172327.71,360.88
-443707.43,-1172327.42,360.89
-443707.55,-1172327.12,360.90
-443707.67,-1172326.82,360.92
-443707.79,-1172326.54,360.93
-443708.02,-1172325.96,360.94
-443708.26,-1172325.37,360.78
-443708.50,-1172324.78,360.80
-443708.61,-1172324.48,360.86
-443708.86,-1172323.88,361.00
-443709.59,-1172322.05,361.95
-443710.55,-1172319.69,360.62
-443710.79,-1172319.08,360.54
-443710.91,-1172318.78,360.50
-443711.03,-1172318.50,360.46
-443711.15,-1172318.20,360.42
-443711.27,-1172317.90,360.39
-443711.39,-1172317.61,360.35
-443711.50,-1172317.32,360.32
-443711.62,-1172317.03,360.29
-443711.74,-1172316.74,360.26
-443711.86,-1172316.45,360.24
-443711.98,-1172316.15,360.22
-443709.12,-1172324.76,360.80
-443709.24,-1172324.46,360.85
-443709.36,-1172324.16,360.92
-443709.48,-1172323.86,361.00
-443710.07,-1172322.39,361.92
-443710.31,-1172321.79,362.04
-443711.15,-1172319.72,360.64
-443711.28,-1172319.41,360.59
-443711.40,-1172319.11,360.55
-443711.52,-1172318.81,360.51
-443711.64,-1172318.52,360.46
-443711.75,-1172318.24,360.44
-443711.87,-1172317.95,360.40
-443712.00,-1172317.64,360.36
-443712.12,-1172317.33,360.33
-443712.23,-1172317.04,360.29
-443712.36,-1172316.74,360.26
-443712.48,-1172316.43,360.25
-443712.60,-1172316.13,360.24
-443712.72,-1172315.84,360.22
-443705.43,-1172333.33,360.77
-443705.54,-1172333.04,360.78
-443705.66,-1172332.74,360.78
-443705.79,-1172332.43,360.78
-443705.90,-1172332.15,360.79
-443706.02,-1172331.84,360.80
-443706.27,-1172331.24,360.82
-443706.37,-1172330.97,360.82
-443706.50,-1172330.66,360.83
-443706.63,-1172330.35,360.84
-443706.75,-1172330.04,360.84
-443706.87,-1172329.73,360.85
-443707.00,-1172329.42,360.86
-443707.12,-1172329.13,360.86
-443707.23,-1172328.86,360.87
-443707.34,-1172328.57,360.88
-443707.47,-1172328.25,360.89
-443707.60,-1172327.94,360.90
-443707.70,-1172327.67,360.90
-443707.83,-1172327.36,360.91
-443707.96,-1172327.04,360.93
-443708.08,-1172326.74,360.94
-443708.19,-1172326.46,360.95
-443708.32,-1172326.14,360.95
-443708.44,-1172325.85,360.94
-443708.56,-1172325.56,360.80
-443708.67,-1172325.27,360.77
-443708.79,-1172324.98,360.78
-443708.91,-1172324.68,360.81
-443709.02,-1172324.40,360.86
-443709.15,-1172324.09,360.95
-443709.28,-1172323.77,361.04
-443709.98,-1172322.00,361.97
-443710.95,-1172319.63,360.61
-443711.07,-1172319.33,360.58
-443711.19,-1172319.03,360.53
-443707.95,-1172328.66,360.92
-443708.08,-1172328.36,360.93
-443708.20,-1172328.05,360.93
-443708.32,-1172327.75,360.94
-443708.44,-1172327.45,360.95
-443708.57,-1172327.13,360.96
-443708.69,-1172326.82,360.97
-443708.81,-1172326.55,360.98
-443709.05,-1172325.95,360.98
-443709.17,-1172325.65,360.89
-443709.28,-1172325.37,360.78
-443709.40,-1172325.07,360.78
-443709.53,-1172324.75,360.81
-443709.77,-1172324.16,360.92
-443711.56,-1172319.72,360.64
-443711.68,-1172319.42,360.59
-443711.80,-1172319.13,360.55
-443711.92,-1172318.83,360.52
-443712.04,-1172318.52,360.47
-443712.17,-1172318.22,360.43
-443712.41,-1172317.61,360.36
-443712.53,-1172317.31,360.33
-443712.76,-1172316.75,360.27
-443712.88,-1172316.44,360.25
-443713.13,-1172315.83,360.23
-443705.40,-1172333.98,360.77
-443705.52,-1172333.70,360.77
-443705.64,-1172333.40,360.78
-443705.76,-1172333.10,360.78
-443705.88,-1172332.81,360.78
-443705.99,-1172332.52,360.80
-443706.11,-1172332.23,360.81
-443706.23,-1172331.93,360.81
-443706.35,-1172331.64,360.82
-443706.46,-1172331.35,360.83
-443706.59,-1172331.04,360.84
-443706.70,-1172330.76,360.84
-443706.83,-1172330.44,360.85
-443706.95,-1172330.14,360.86
-443707.07,-1172329.85,360.87
-443707.18,-1172329.57,360.87
-443707.31,-1172329.25,360.87
-443707.43,-1172328.96,360.89
-443707.55,-1172328.65,360.89
-443707.68,-1172328.34,360.90
-443707.80,-1172328.03,360.91
-443707.92,-1172327.75,360.92
-443708.03,-1172327.46,360.92
-443708.15,-1172327.17,360.93
-443708.27,-1172326.86,360.95
-443708.40,-1172326.55,360.96
-443708.51,-1172326.27,360.97
-443708.64,-1172325.95,360.96
-443708.88,-1172325.36,360.78
-443709.00,-1172325.06,360.78
-443706.65,-1172332.81,360.82
-443706.77,-1172332.51,360.84
-443706.90,-1172332.20,360.84
-443707.02,-1172331.91,360.85
-443707.13,-1172331.62,360.85
-443707.25,-1172331.32,360.87
-443707.38,-1172331.01,360.87
-443707.50,-1172330.72,360.88
-443707.61,-1172330.44,360.89
-443707.72,-1172330.15,360.90
-443707.84,-1172329.86,360.91
-443707.96,-1172329.56,360.92
-443708.08,-1172329.26,360.92
-443708.20,-1172328.97,360.93
-443708.33,-1172328.66,360.93
-443708.44,-1172328.38,360.95
-443708.56,-1172328.08,360.95
-443708.69,-1172327.76,360.96
-443708.80,-1172327.47,360.97
-443708.92,-1172327.19,360.98
-443709.04,-1172326.88,360.99
-443709.17,-1172326.57,361.00
-443709.29,-1172326.26,361.01
-443709.41,-1172325.96,361.00
-443709.54,-1172325.65,360.77
-443709.65,-1172325.37,360.77
-443710.14,-1172324.17,360.90
-443710.25,-1172323.88,360.96
-443711.11,-1172321.74,362.03
-443711.92,-1172319.74,360.65
-443712.04,-1172319.44,360.60
-443712.16,-1172319.16,360.57
-443712.28,-1172318.85,360.52
-443712.41,-1172318.54,360.48
-443712.52,-1172318.26,360.44
-443712.64,-1172317.96,360.41
-443712.77,-1172317.65,360.38
-443712.89,-1172317.35,360.34
-443713.01,-1172317.05,360.32
-443713.14,-1172316.73,360.28
-443713.26,-1172316.42,360.26
-443713.37,-1172316.15,360.25
-443713.49,-1172315.85,360.24
-443705.57,-1172334.58,360.77
-443705.67,-1172334.32,360.77
-443705.80,-1172334.00,360.77
-443705.93,-1172333.68,360.78
-443706.05,-1172333.39,360.79
-443706.16,-1172333.11,360.80
-443706.30,-1172332.78,360.81
-443706.41,-1172332.48,360.82
-443706.53,-1172332.19,360.82
-443706.65,-1172331.91,360.83
-443706.76,-1172331.61,360.84
-443706.88,-1172331.32,360.84
-443707.00,-1172331.04,360.85
-443707.12,-1172330.74,360.86
-443707.24,-1172330.43,360.87
-443707.35,-1172330.15,360.88
-443707.48,-1172329.85,360.89
-443707.59,-1172329.56,360.90
-443705.49,-1172336.73,360.75
-443705.61,-1172336.42,360.76
-443705.72,-1172336.15,360.76
-443705.85,-1172335.84,360.77
-443705.98,-1172335.52,360.78
-443706.09,-1172335.24,360.78
-443706.20,-1172334.96,360.80
-443706.33,-1172334.64,360.80
-443706.46,-1172334.33,360.81
-443706.58,-1172334.03,360.81
-443706.70,-1172333.71,360.82
-443706.83,-1172333.40,360.83
-443706.95,-1172333.11,360.84
-443707.05,-1172332.84,360.84
-443707.17,-1172332.55,360.85
-443707.30,-1172332.23,360.86
-443707.42,-1172331.93,360.87
-443707.54,-1172331.65,360.87
-443707.66,-1172331.33,360.88
-443707.79,-1172331.02,360.89
-443707.91,-1172330.72,360.91
-443708.02,-1172330.44,360.92
-443708.15,-1172330.12,360.93
-443708.27,-1172329.83,360.94
-443708.38,-1172329.54,360.95
-443708.50,-1172329.24,360.96
-443708.63,-1172328.94,360.96
-443708.74,-1172328.66,360.97
-443708.85,-1172328.38,360.97
-443708.98,-1172328.07,360.98
-443709.10,-1172327.77,360.99
-443709.21,-1172327.49,361.00
-443709.33,-1172327.19,361.01
-443709.46,-1172326.88,361.02
-443709.58,-1172326.58,361.02
-443709.69,-1172326.29,361.01
-443710.05,-1172325.40,360.74
-443710.17,-1172325.10,360.76
-443710.30,-1172324.79,360.80
-443710.43,-1172324.47,360.85
-443710.54,-1172324.18,360.89
-443710.66,-1172323.89,360.93
-443711.51,-1172321.77,361.98
-443712.45,-1172319.44,360.60
-443712.58,-1172319.13,360.56
-443712.70,-1172318.84,360.52
-443712.81,-1172318.56,360.48
-443712.93,-1172318.27,360.45
-443713.06,-1172317.95,360.42
-443713.17,-1172317.66,360.38
-443713.29,-1172317.36,360.35
-443713.41,-1172317.06,360.33
-443713.54,-1172316.76,360.29
-443713.65,-1172316.48,360.27
-443713.77,-1172316.18,360.25
-443705.44,-1172335.81,360.75
-443705.57,-1172335.50,360.76
-443705.69,-1172335.19,360.77
-443705.81,-1172334.89,360.77
-443705.93,-1172334.61,360.78
-443706.05,-1172334.31,360.78
-443706.28,-1172333.73,360.80
-443706.41,-1172333.42,360.81
-443706.53,-1172333.13,360.82
-443705.71,-1172336.93,360.78
-443705.82,-1172336.64,360.77
-443705.94,-1172336.36,360.77
-443706.06,-1172336.05,360.78
-443706.17,-1172335.77,360.79
-443706.30,-1172335.46,360.79
-443706.42,-1172335.16,360.80
-443706.53,-1172334.88,360.81
-443706.65,-1172334.57,360.81
-443706.78,-1172334.26,360.83
-443706.90,-1172333.97,360.83
-443707.01,-1172333.68,360.84
-443707.14,-1172333.37,360.85
-443707.26,-1172333.07,360.85
-443707.38,-1172332.77,360.86
-443707.51,-1172332.46,360.87
-443707.63,-1172332.14,360.88
-443707.75,-1172331.86,360.88
-443707.86,-1172331.57,360.90
-443707.98,-1172331.28,360.91
-443708.10,-1172330.97,360.92
-443708.23,-1172330.67,360.93
-443708.34,-1172330.38,360.94
-443708.47,-1172330.07,360.95
-443708.59,-1172329.77,360.96
-443708.72,-1172329.46,360.97
-443708.83,-1172329.17,360.98
-443708.95,-1172328.86,360.98
-443709.07,-1172328.58,360.99
-443709.19,-1172328.27,361.00
-443709.31,-1172327.97,361.01
-443709.43,-1172327.69,361.02
-443709.54,-1172327.40,361.03
-443709.66,-1172327.10,361.03
-443709.78,-1172326.80,361.02
-443709.90,-1172326.51,361.02
-443710.02,-1172326.22,360.98
-443710.25,-1172325.64,360.73
-443710.38,-1172325.33,360.74
-443710.50,-1172325.02,360.76
-443710.62,-1172324.72,360.80
-443710.74,-1172324.43,360.85
-443710.86,-1172324.14,360.88
-443710.98,-1172323.83,360.93
-443711.11,-1172323.51,360.99
-443711.83,-1172321.71,361.93
-443712.79,-1172319.34,360.59
-443712.92,-1172319.03,360.55
-443713.03,-1172318.75,360.51
-443713.15,-1172318.45,360.48
-443713.27,-1172318.16,360.44
-443713.38,-1172317.88,360.41
-443713.50,-1172317.58,360.39
-443713.62,-1172317.29,360.35
-443713.74,-1172317.00,360.33
-443713.86,-1172316.69,360.29
-443713.98,-1172316.41,360.27
-443714.10,-1172316.10,360.25
-443706.10,-1172337.21,360.82
-443706.21,-1172336.92,360.81
-443706.34,-1172336.61,360.80
-443706.46,-1172336.31,360.80
-443706.57,-1172336.02,360.80
-443706.70,-1172335.72,360.81
-443706.81,-1172335.43,360.82
-443706.93,-1172335.15,360.83
-443707.04,-1172334.87,360.84
-443707.17,-1172334.55,360.85
-443707.28,-1172334.26,360.85
-443707.40,-1172333.98,360.86
-443707.52,-1172333.67,360.87
-443707.64,-1172333.37,360.87
-443707.77,-1172333.07,360.88
-443707.89,-1172332.76,360.89
-443708.00,-1172332.48,360.91
-443708.12,-1172332.18,360.92
-443708.24,-1172331.88,360.93
-443708.36,-1172331.59,360.93
-443708.49,-1172331.26,360.94
-443708.62,-1172330.95,360.95
-443708.73,-1172330.66,360.97
-443708.85,-1172330.38,360.97
-443708.97,-1172330.07,360.98
-443709.09,-1172329.78,360.99
-443709.21,-1172329.49,361.00
-443709.33,-1172329.17,361.01
-443709.46,-1172328.87,361.02
-443709.57,-1172328.58,361.02
-443709.70,-1172328.27,361.03
-443709.82,-1172327.96,361.03
-443709.94,-1172327.66,361.03
-443710.06,-1172327.37,361.03
-443710.17,-1172327.09,361.03
-443710.53,-1172326.21,360.69
-443710.65,-1172325.92,360.69
-443710.77,-1172325.61,360.70
-443710.89,-1172325.32,360.73
-443711.00,-1172325.03,360.77
-443711.12,-1172324.73,360.81
-443711.25,-1172324.42,360.84
-443711.36,-1172324.14,360.87
-443711.48,-1172323.83,360.92
-443711.61,-1172323.51,360.96
-443712.34,-1172321.70,361.92
-443713.29,-1172319.35,360.59
-443713.42,-1172319.03,360.55
-443713.54,-1172318.73,360.51
-443713.65,-1172318.45,360.49
-443713.79,-1172318.13,360.45
-443713.90,-1172317.84,360.42
-443714.02,-1172317.55,360.39
-443714.13,-1172317.27,360.36
-443714.26,-1172316.96,360.32
-443706.22,-1172337.85,360.87
-443706.46,-1172337.26,360.83
-443706.58,-1172336.96,360.84
-443706.70,-1172336.67,360.83
-443706.82,-1172336.37,360.82
-443706.94,-1172336.06,360.82
-443707.07,-1172335.74,360.83
-443707.18,-1172335.47,360.84
-443707.31,-1172335.15,360.85
-443707.42,-1172334.87,360.86
-443707.55,-1172334.56,360.87
-443707.66,-1172334.27,360.87
-443707.78,-1172333.98,360.88
-443707.90,-1172333.68,360.88
-443708.01,-1172333.41,360.89
-443708.14,-1172333.10,360.91
-443708.25,-1172332.81,360.92
-443708.37,-1172332.52,360.93
-443708.49,-1172332.21,360.94
-443708.61,-1172331.93,360.95
-443708.73,-1172331.62,360.96
-443708.86,-1172331.31,360.97
-443708.97,-1172331.02,360.98
-443709.09,-1172330.74,360.98
-443709.33,-1172330.13,361.01
-443709.46,-1172329.82,361.01
-443709.58,-1172329.50,361.02
-443709.71,-1172329.19,361.03
-443709.82,-1172328.92,361.03
-443709.94,-1172328.63,361.03
-443710.05,-1172328.33,361.03
-443710.18,-1172328.03,361.03
-443710.30,-1172327.72,361.03
-443710.42,-1172327.43,361.03
-443710.54,-1172327.12,361.02
-443710.66,-1172326.83,360.98
-443710.79,-1172326.52,360.67
-443710.90,-1172326.23,360.65
-443711.02,-1172325.93,360.65
-443711.14,-1172325.65,360.68
-443711.26,-1172325.34,360.72
-443711.39,-1172325.03,360.75
-443711.50,-1172324.75,360.79
-443711.61,-1172324.46,360.83
-443711.73,-1172324.18,360.86
-443711.85,-1172323.87,360.89
-443711.97,-1172323.58,360.94
-443713.77,-1172319.12,360.57
-443713.89,-1172318.81,360.52
-443714.02,-1172318.50,360.49
-443714.13,-1172318.22,360.46
-443714.26,-1172317.91,360.43
-443714.38,-1172317.60,360.39
-443706.71,-1172337.63,360.92
-443706.94,-1172337.05,360.87
-443707.06,-1172336.75,360.86
-443707.18,-1172336.44,360.85
-443707.30,-1172336.15,360.86
-443707.42,-1172335.86,360.86
-443707.54,-1172335.55,360.87
-443707.67,-1172335.24,360.88
-443707.78,-1172334.95,360.88
-443707.91,-1172334.64,360.89
-443708.03,-1172334.34,360.90
-443708.15,-1172334.04,360.91
-443708.39,-1172333.44,360.92
-443708.51,-1172333.15,360.93
-443708.62,-1172332.87,360.95
-443708.74,-1172332.59,360.97
-443708.86,-1172332.28,360.97
-443708.99,-1172331.97,360.98
-443709.10,-1172331.69,360.98
-443709.21,-1172331.40,360.99
-443709.34,-1172331.09,361.00
-443709.46,-1172330.80,361.01
-443709.58,-1172330.50,361.01
-443709.70,-1172330.19,361.02
-443709.82,-1172329.89,361.04
-443709.94,-1172329.61,361.04
-443710.06,-1172329.31,361.04
-443710.31,-1172328.69,361.03
-443710.55,-1172328.08,361.02
-443710.67,-1172327.78,361.01
-443710.79,-1172327.49,361.00
-443710.90,-1172327.22,360.98
-443711.15,-1172326.60,360.64
-443711.27,-1172326.31,360.63
-443711.38,-1172326.02,360.63
-443711.51,-1172325.71,360.65
-443711.64,-1172325.39,360.69
-443711.75,-1172325.10,360.74
-443711.87,-1172324.81,360.77
-443711.99,-1172324.51,360.80
-443712.12,-1172324.20,360.84
-443712.23,-1172323.92,360.88
-443712.35,-1172323.63,360.93
-443713.17,-1172321.56,361.91
-443714.02,-1172319.47,360.62
-443714.15,-1172319.16,360.58
-443714.28,-1172318.84,360.53
-443714.39,-1172318.55,360.49
-443714.50,-1172318.28,360.45
-443706.90,-1172337.77,361.01
-443707.01,-1172337.50,360.90
-443707.13,-1172337.19,360.89
-443707.26,-1172336.87,360.87
-443707.38,-1172336.57,360.87
-443707.51,-1172336.26,360.87
-443707.63,-1172335.97,360.87
-443707.75,-1172335.67,360.88
-443707.86,-1172335.38,360.88
-443707.98,-1172335.10,360.90
-443708.10,-1172334.78,360.91
-443708.23,-1172334.48,360.91
-443708.34,-1172334.18,360.92
-443708.47,-1172333.88,360.92
-443708.59,-1172333.57,360.93
-443708.71,-1172333.27,360.94
-443708.83,-1172332.98,360.96
-443708.95,-1172332.67,360.97
-443709.07,-1172332.38,360.98
-443709.19,-1172332.07,360.99
-443709.31,-1172331.80,360.99
-443709.43,-1172331.50,361.00
-443709.54,-1172331.21,361.01
-443709.66,-1172330.92,361.02
-443709.78,-1172330.62,361.02
-443709.90,-1172330.32,361.02
-443710.02,-1172330.03,361.03
-443710.14,-1172329.73,361.04
-443710.25,-1172329.44,361.03
-443710.38,-1172329.14,361.03
-443710.50,-1172328.83,361.03
-443710.73,-1172328.25,361.01
-443710.86,-1172327.94,360.99
-443710.98,-1172327.64,360.99
-443711.11,-1172327.33,360.97
-443711.22,-1172327.03,360.96
-443711.46,-1172326.44,360.63
-443711.58,-1172326.15,360.62
-443711.70,-1172325.86,360.64
-443711.83,-1172325.54,360.67
-443711.94,-1172325.25,360.70
-443712.06,-1172324.96,360.74
-443712.18,-1172324.66,360.78
-443712.31,-1172324.34,360.82
-443712.43,-1172324.03,360.85
-443712.55,-1172323.75,360.90
-443713.38,-1172321.67,361.91
-443714.33,-1172319.32,360.60
-443714.45,-1172319.02,360.56
-443714.58,-1172318.72,360.50
-443707.34,-1172337.74,361.00
-443707.45,-1172337.45,360.92
-443707.70,-1172336.85,360.90
-443707.82,-1172336.54,360.89
-443707.93,-1172336.26,360.89
-443708.05,-1172335.96,360.90
-443708.17,-1172335.66,360.91
-443708.42,-1172335.04,360.93
-443708.55,-1172334.74,360.93
-443708.66,-1172334.44,360.94
-443708.79,-1172334.14,360.94
-443708.90,-1172333.86,360.96
-443709.02,-1172333.56,360.97
-443709.14,-1172333.25,360.99
-443709.26,-1172332.95,360.99
-443709.38,-1172332.66,361.00
-443709.51,-1172332.35,361.01
-443709.64,-1172332.03,361.01
-443709.75,-1172331.75,361.02
-443709.87,-1172331.45,361.02
-443709.99,-1172331.16,361.02
-443710.11,-1172330.84,361.02
-443710.23,-1172330.56,361.02
-443710.34,-1172330.28,361.03
-443710.46,-1172329.97,361.02
-443710.58,-1172329.68,361.02
-443710.70,-1172329.38,361.02
-443710.81,-1172329.11,361.01
-443710.94,-1172328.80,360.99
-443711.06,-1172328.49,360.98
-443711.17,-1172328.22,360.98
-443711.30,-1172327.91,360.97
-443711.43,-1172327.58,360.96
-443711.65,-1172327.03,360.94
-443711.90,-1172326.41,360.62
-443712.02,-1172326.11,360.62
-443712.14,-1172325.80,360.64
-443712.27,-1172325.48,360.67
-443712.39,-1172325.20,360.70
-443712.50,-1172324.92,360.74
-443712.62,-1172324.63,360.77
-443712.74,-1172324.31,360.81
-443712.87,-1172324.01,360.85
-443712.98,-1172323.72,360.88
-443713.83,-1172321.59,361.88
-443713.31,-1172324.88,360.71
-443713.42,-1172324.60,360.74
-443713.55,-1172324.30,360.78
-443713.66,-1172324.00,360.83
-443713.79,-1172323.70,360.87
-443713.91,-1172323.40,360.92
-443716.54,-1172316.89,358.00
-443707.78,-1172337.49,360.98
-443708.02,-1172336.90,360.91
-443708.14,-1172336.60,360.91
-443708.27,-1172336.29,360.92
-443708.38,-1172336.01,360.93
-443708.51,-1172335.70,360.93
-443708.62,-1172335.41,360.94
-443708.74,-1172335.11,360.94
-443708.86,-1172334.82,360.95
-443708.99,-1172334.51,360.96
-443709.10,-1172334.22,360.97
-443709.23,-1172333.91,360.98
-443709.36,-1172333.59,360.99
-443709.48,-1172333.29,361.00
-443709.59,-1172333.00,361.00
-443709.71,-1172332.71,361.01
-443709.83,-1172332.42,361.02
-443709.95,-1172332.11,361.03
-443710.07,-1172331.81,361.03
-443710.19,-1172331.52,361.02
-443710.31,-1172331.21,361.02
-443710.44,-1172330.91,361.02
-443710.56,-1172330.60,361.01
-443710.68,-1172330.31,361.01
-443710.80,-1172330.00,361.01
-443710.91,-1172329.72,361.00
-443711.04,-1172329.40,360.99
-443711.16,-1172329.12,360.99
-443711.27,-1172328.83,360.97
-443711.50,-1172328.26,360.95
-443711.63,-1172327.95,360.95
-443711.74,-1172327.66,360.95
-443711.86,-1172327.37,360.95
-443711.98,-1172327.06,360.93
-443712.22,-1172326.48,360.61
-443712.34,-1172326.17,360.62
-443712.46,-1172325.88,360.63
-443712.58,-1172325.60,360.64
-443712.70,-1172325.28,360.68
-443712.83,-1172324.97,360.72
-443712.95,-1172324.67,360.75
-443713.07,-1172324.36,360.80
-443713.19,-1172324.06,360.83
-443713.31,-1172323.77,360.87
-443713.43,-1172323.47,360.93
-443714.28,-1172321.35,361.91
-443711.80,-1172329.50,360.94
-443712.04,-1172328.91,360.92
-443712.16,-1172328.60,360.92
-443712.28,-1172328.30,360.91
-443712.40,-1172328.00,360.91
-443712.53,-1172327.69,360.91
-443712.65,-1172327.40,360.91
-443712.89,-1172326.79,360.83
-443713.00,-1172326.51,360.62
-443713.12,-1172326.23,360.61
-443713.23,-1172325.94,360.61
-443713.35,-1172325.66,360.62
-443713.47,-1172325.35,360.65
-443713.59,-1172325.05,360.68
-443713.71,-1172324.77,360.71
-443713.83,-1172324.46,360.75
-443713.94,-1172324.17,360.79
-443714.07,-1172323.86,360.83
-443714.19,-1172323.56,360.88
-443715.04,-1172321.43,361.89
-443716.72,-1172317.31,358.13
-443708.28,-1172337.36,360.97
-443708.41,-1172337.04,360.94
-443708.52,-1172336.77,360.94
-443708.63,-1172336.49,360.94
-443708.76,-1172336.19,360.94
-443708.87,-1172335.90,360.95
-443708.99,-1172335.62,360.95
-443709.11,-1172335.32,360.97
-443709.23,-1172335.01,360.97
-443709.35,-1172334.72,360.99
-443709.46,-1172334.44,360.99
-443709.59,-1172334.12,361.00
-443709.71,-1172333.81,361.01
-443709.82,-1172333.54,361.02
-443709.94,-1172333.24,361.03
-443710.07,-1172332.93,361.03
-443710.20,-1172332.62,361.03
-443710.31,-1172332.32,361.04
-443710.44,-1172332.01,361.03
-443710.57,-1172331.69,361.02
-443710.79,-1172331.14,361.01
-443710.91,-1172330.84,361.00
-443711.04,-1172330.52,360.99
-443711.16,-1172330.23,360.99
-443711.27,-1172329.95,360.97
-443711.40,-1172329.63,360.97
-443711.52,-1172329.32,360.96
-443711.64,-1172329.03,360.94
-443711.76,-1172328.74,360.94
-443711.89,-1172328.42,360.93
-443712.00,-1172328.13,360.93
-443712.12,-1172327.83,360.93
-443712.24,-1172327.54,360.93
-443712.36,-1172327.25,360.92
-443712.58,-1172326.69,360.70
-443712.71,-1172326.37,360.62
-443712.83,-1172326.08,360.61
-443712.94,-1172325.80,360.62
-443713.06,-1172325.49,360.64
-443713.19,-1172325.19,360.68
-443709.65,-1172336.25,361.00
-443709.78,-1172335.94,361.00
-443709.90,-1172335.64,361.01
-443710.02,-1172335.35,361.02
-443710.15,-1172335.03,361.02
-443710.26,-1172334.75,361.02
-443710.38,-1172334.46,361.03
-443710.49,-1172334.17,361.03
-443710.62,-1172333.87,361.02
-443710.73,-1172333.57,361.03
-443710.84,-1172333.30,361.02
-443710.97,-1172332.98,361.01
-443711.20,-1172332.40,361.01
-443711.32,-1172332.11,361.00
-443711.44,-1172331.81,361.00
-443711.57,-1172331.50,360.99
-443711.69,-1172331.20,360.98
-443711.80,-1172330.92,360.97
-443711.92,-1172330.62,360.94
-443712.05,-1172330.31,360.91
-443712.16,-1172330.02,360.90
-443712.29,-1172329.71,360.90
-443712.42,-1172329.39,360.89
-443712.54,-1172329.09,360.88
-443712.77,-1172328.51,360.87
-443712.89,-1172328.22,360.87
-443713.01,-1172327.93,360.87
-443713.13,-1172327.63,360.87
-443713.25,-1172327.33,360.87
-443713.49,-1172326.72,360.81
-443713.62,-1172326.41,360.62
-443713.74,-1172326.11,360.60
-443713.86,-1172325.82,360.61
-443713.97,-1172325.53,360.62
-443714.10,-1172325.21,360.65
-443714.22,-1172324.93,360.67
-443714.33,-1172324.65,360.72
-443714.45,-1172324.35,360.75
-443714.57,-1172324.05,360.79
-443714.69,-1172323.75,360.84
-443714.80,-1172323.47,360.89
-443714.92,-1172323.17,360.96
-443708.57,-1172337.52,361.00
-443708.69,-1172337.21,360.97
-443708.81,-1172336.93,360.97
-443708.93,-1172336.63,360.97
-443709.05,-1172336.34,360.96
-443709.17,-1172336.03,360.96
-443709.29,-1172335.74,360.97
-443709.40,-1172335.46,360.98
-443709.52,-1172335.16,360.99
-443709.64,-1172334.87,361.00
-443709.76,-1172334.57,361.00
-443709.88,-1172334.28,361.01
-443709.99,-1172333.99,361.02
-443710.11,-1172333.69,361.02
-443710.23,-1172333.41,361.03
-443710.35,-1172333.10,361.04
-443710.48,-1172332.78,361.04
-443710.70,-1172332.22,361.03
-443710.83,-1172331.91,361.02
-443710.95,-1172331.60,361.01
-443711.08,-1172331.29,361.00
-443711.20,-1172330.98,360.99
-443711.56,-1172330.10,360.95
-443711.67,-1172329.81,360.94
-443717.51,-1172318.92,358.53
-443709.63,-1172337.40,361.05
-443709.75,-1172337.09,361.03
-443709.99,-1172336.52,361.02
-443710.10,-1172336.23,361.02
-443710.23,-1172335.92,361.02
-443710.35,-1172335.61,361.03
-443710.47,-1172335.32,361.04
-443710.59,-1172335.03,361.03
-443710.71,-1172334.71,361.03
-443710.84,-1172334.41,361.02
-443710.95,-1172334.12,361.02
-443711.07,-1172333.81,361.01
-443711.19,-1172333.52,361.00
-443711.32,-1172333.21,361.00
-443711.43,-1172332.93,360.99
-443711.55,-1172332.64,360.98
-443711.66,-1172332.35,360.98
-443711.78,-1172332.07,360.99
-443712.14,-1172331.17,360.95
-443712.26,-1172330.87,360.92
-443712.37,-1172330.59,360.91
-443712.50,-1172330.28,360.89
-443712.62,-1172329.97,360.88
-443712.86,-1172329.39,360.87
-443712.98,-1172329.09,360.86
-443713.10,-1172328.78,360.86
-443713.22,-1172328.48,360.85
-443713.35,-1172328.17,360.85
-443713.47,-1172327.86,360.85
-443713.59,-1172327.57,360.85
-443713.70,-1172327.28,360.84
-443714.18,-1172326.10,360.60
-443714.31,-1172325.79,360.60
-443714.43,-1172325.48,360.62
-443714.55,-1172325.18,360.64
-443714.67,-1172324.89,360.67
-443714.79,-1172324.58,360.71
-443714.91,-1172324.29,360.75
-443715.03,-1172323.98,360.80
-443715.15,-1172323.69,360.83
-443715.27,-1172323.41,360.88
-443716.81,-1172319.58,358.75
-443717.19,-1172318.66,358.42
-443709.17,-1172337.46,361.04
-443709.30,-1172337.14,361.01
-443709.42,-1172336.84,361.00
-443709.53,-1172336.56,361.00
-443715.43,-1172324.64,360.69
-443715.56,-1172324.33,360.73
-443715.68,-1172324.03,360.77
-443715.80,-1172323.73,360.83
-443715.92,-1172323.42,360.88
-443717.23,-1172320.19,358.91
-443717.35,-1172319.90,358.79
-443717.46,-1172319.61,358.69
-443717.59,-1172319.30,358.62
-443717.70,-1172319.02,358.58
-443710.09,-1172337.35,361.06
-443710.21,-1172337.04,361.06
-443710.33,-1172336.74,361.05
-443710.46,-1172336.43,361.04
-443710.58,-1172336.12,361.04
-443710.71,-1172335.81,361.04
-443710.82,-1172335.53,361.04
-443710.93,-1172335.24,361.03
-443711.05,-1172334.95,361.03
-443711.18,-1172334.64,361.02
-443711.42,-1172334.04,360.99
-443711.54,-1172333.73,360.98
-443711.66,-1172333.43,360.97
-443711.79,-1172333.12,360.96
-443711.90,-1172332.84,360.96
-443712.03,-1172332.52,360.96
-443712.14,-1172332.24,360.96
-443712.26,-1172331.93,360.95
-443712.39,-1172331.61,360.93
-443712.61,-1172331.07,360.90
-443712.72,-1172330.79,360.89
-443712.86,-1172330.46,360.88
-443712.97,-1172330.18,360.87
-443713.08,-1172329.91,360.86
-443713.21,-1172329.59,360.85
-443713.32,-1172329.30,360.85
-443713.45,-1172329.00,360.84
-443713.57,-1172328.69,360.84
-443713.68,-1172328.41,360.83
-443713.81,-1172328.10,360.83
-443713.92,-1172327.81,360.82
-443714.05,-1172327.50,360.83
-443714.17,-1172327.19,360.82
-443714.53,-1172326.30,360.60
-443714.65,-1172326.00,360.59
-443714.77,-1172325.71,360.60
-443714.88,-1172325.43,360.61
-443715.01,-1172325.11,360.64
-443715.13,-1172324.81,360.67
-443715.25,-1172324.52,360.71
-443715.37,-1172324.21,360.76
-443715.50,-1172323.89,360.81
-443715.62,-1172323.60,360.85
-443715.74,-1172323.31,360.91
-443717.16,-1172319.79,358.76
-443713.64,-1172330.20,360.84
-443713.75,-1172329.91,360.83
-443713.88,-1172329.61,360.83
-443714.00,-1172329.29,360.81
-443714.11,-1172329.01,360.81
-443714.23,-1172328.73,360.80
-443714.35,-1172328.44,360.80
-443714.46,-1172328.15,360.79
-443714.59,-1172327.84,360.79
-443714.70,-1172327.56,360.79
-443714.82,-1172327.25,360.78
-443714.94,-1172326.96,360.75
-443715.18,-1172326.38,360.58
-443715.31,-1172326.05,360.57
-443715.42,-1172325.76,360.58
-443715.53,-1172325.49,360.59
-443715.67,-1172325.15,360.62
-443715.79,-1172324.86,360.65
-443715.91,-1172324.56,360.70
-443716.03,-1172324.26,360.75
-443716.16,-1172323.94,360.80
-443716.27,-1172323.65,360.83
-443716.50,-1172323.08,360.88
-443717.35,-1172321.00,359.02
-443717.48,-1172320.68,359.00
-443717.59,-1172320.39,358.95
-443717.95,-1172319.50,358.72
-443718.06,-1172319.23,358.69
-443710.27,-1172337.46,361.07
-443710.40,-1172337.15,361.06
-443710.52,-1172336.85,361.06
-443710.75,-1172336.27,361.04
-443710.88,-1172335.96,361.04
-443710.99,-1172335.67,361.04
-443711.12,-1172335.35,361.03
-443711.25,-1172335.03,361.01
-443711.37,-1172334.74,361.00
-443711.48,-1172334.45,360.99
-443711.60,-1172334.16,360.97
-443711.72,-1172333.87,360.97
-443711.84,-1172333.56,360.95
-443711.97,-1172333.25,360.95
-443712.08,-1172332.97,360.94
-443712.33,-1172332.36,360.93
-443712.45,-1172332.05,360.93
-443712.69,-1172331.45,360.91
-443712.81,-1172331.16,360.89
-443713.05,-1172330.57,360.87
-443713.16,-1172330.28,360.86
-443713.28,-1172329.99,360.85
-443713.39,-1172329.71,360.85
-443713.52,-1172329.40,360.84
-443713.63,-1172329.12,360.83
-443713.75,-1172328.82,360.83
-443713.87,-1172328.51,360.82
-443713.99,-1172328.22,360.81
-443714.11,-1172327.92,360.81
-443714.24,-1172327.61,360.81
-443714.35,-1172327.33,360.81
-443714.47,-1172327.02,360.79
-443714.71,-1172326.43,360.61
-443714.84,-1172326.11,360.59
-443714.96,-1172325.81,360.59
-443715.09,-1172325.50,360.60
-443715.20,-1172325.22,360.62
-443715.32,-1172324.92,360.65
-443711.17,-1172337.21,361.07
-443711.29,-1172336.92,361.06
-443711.41,-1172336.63,361.04
-443711.52,-1172336.34,361.03
-443711.63,-1172336.06,361.01
-443711.77,-1172335.72,360.99
-443711.88,-1172335.46,360.98
-443711.99,-1172335.18,360.97
-443712.11,-1172334.87,360.95
-443712.23,-1172334.58,360.94
-443712.35,-1172334.27,360.94
-443712.48,-1172333.97,360.93
-443712.59,-1172333.68,360.91
-443712.71,-1172333.39,360.90
-443712.83,-1172333.09,360.89
-443712.95,-1172332.78,360.89
-443713.08,-1172332.47,360.87
-443713.20,-1172332.16,360.87
-443713.32,-1172331.86,360.87
-443713.44,-1172331.57,360.86
-443713.56,-1172331.28,360.85
-443713.67,-1172330.99,360.85
-443713.80,-1172330.69,360.84
-443714.04,-1172330.09,360.82
-443714.16,-1172329.77,360.81
-443714.28,-1172329.48,360.80
-443714.41,-1172329.17,360.79
-443714.52,-1172328.88,360.79
-443714.64,-1172328.59,360.78
-443714.76,-1172328.29,360.78
-443714.88,-1172327.98,360.78
-443715.00,-1172327.69,360.77
-443715.12,-1172327.41,360.77
-443715.59,-1172326.24,360.55
-443715.70,-1172325.95,360.56
-443715.83,-1172325.64,360.57
-443715.95,-1172325.34,360.59
-443716.07,-1172325.05,360.64
-443716.19,-1172324.73,360.69
-443716.31,-1172324.44,360.71
-443716.42,-1172324.16,360.74
-443717.75,-1172320.88,359.01
-443717.87,-1172320.58,358.99
-443718.13,-1172319.95,358.86
-443718.24,-1172319.67,358.82
-443710.74,-1172337.39,361.07
-443710.87,-1172337.07,361.06
-443710.99,-1172336.79,361.06
-443711.10,-1172336.50,361.04
-443711.23,-1172336.19,361.03
-443711.35,-1172335.89,361.02
-443711.59,-1172335.30,361.00
-443711.71,-1172335.00,360.98
-443711.82,-1172334.70,360.97
-443711.94,-1172334.41,360.96
-443712.06,-1172334.11,360.95
-443712.20,-1172333.78,360.94
-443712.32,-1172333.48,360.93
-443712.44,-1172333.18,360.91
-443712.56,-1172332.89,360.91
-443712.67,-1172332.60,360.91
-443712.78,-1172332.32,360.89
-443712.91,-1172332.01,360.89
-443713.04,-1172331.69,360.89
-443713.15,-1172331.41,360.87
-443713.27,-1172331.11,360.87
-443713.39,-1172330.81,360.85
-443713.52,-1172330.49,360.85
-443718.49,-1172320.89,359.00
-443718.74,-1172320.29,359.02
-443719.10,-1172319.39,358.93
-443719.21,-1172319.10,358.93
-443720.06,-1172316.99,358.29
-443711.65,-1172337.15,361.03
-443711.77,-1172336.85,361.03
-443711.89,-1172336.55,361.02
-443712.00,-1172336.27,361.00
-443712.13,-1172335.96,360.97
-443712.25,-1172335.67,360.95
-443712.36,-1172335.38,360.94
-443712.48,-1172335.10,360.93
-443712.60,-1172334.80,360.93
-443712.72,-1172334.49,360.91
-443712.84,-1172334.20,360.90
-443712.95,-1172333.93,360.90
-443713.07,-1172333.61,360.88
-443713.19,-1172333.33,360.88
-443713.31,-1172333.03,360.86
-443713.44,-1172332.72,360.86
-443713.56,-1172332.41,360.85
-443713.67,-1172332.14,360.85
-443713.79,-1172331.84,360.84
-443713.91,-1172331.53,360.84
-443714.04,-1172331.22,360.83
-443714.16,-1172330.92,360.82
-443714.28,-1172330.61,360.81
-443714.40,-1172330.31,360.80
-443714.52,-1172330.03,360.79
-443714.63,-1172329.75,360.79
-443714.76,-1172329.44,360.77
-443714.88,-1172329.12,360.77
-443714.99,-1172328.84,360.77
-443715.12,-1172328.54,360.76
-443715.24,-1172328.22,360.76
-443715.96,-1172326.45,360.52
-443716.07,-1172326.16,360.52
-443716.19,-1172325.87,360.54
-443716.31,-1172325.57,360.56
-443716.43,-1172325.28,360.59
-443716.55,-1172324.99,360.64
-443716.79,-1172324.39,360.69
-443716.90,-1172324.10,360.69
-443717.03,-1172323.79,358.00
-443718.11,-1172321.11,359.00
-443718.23,-1172320.82,359.00
-443719.08,-1172318.71,358.90
-443714.00,-1172333.25,360.83
-443714.11,-1172332.97,360.82
-443714.23,-1172332.67,360.82
-443714.35,-1172332.38,360.82
-443714.47,-1172332.08,360.81
-443714.58,-1172331.80,360.81
-443714.70,-1172331.50,360.80
-443714.83,-1172331.19,360.79
-443714.95,-1172330.90,360.78
-443715.06,-1172330.61,360.77
-443715.19,-1172330.28,360.76
-443715.31,-1172330.01,360.76
-443715.42,-1172329.71,360.75
-443716.51,-1172327.01,360.41
-443716.63,-1172326.70,360.43
-443716.75,-1172326.41,360.44
-443717.00,-1172325.79,360.49
-443717.12,-1172325.49,360.50
-443719.02,-1172320.80,359.01
-443719.26,-1172320.19,359.01
-443711.90,-1172337.24,361.00
-443712.03,-1172336.93,361.00
-443712.15,-1172336.64,360.99
-443712.26,-1172336.35,360.98
-443712.39,-1172336.03,360.95
-443712.51,-1172335.73,360.93
-443712.75,-1172335.13,360.91
-443712.87,-1172334.84,360.90
-443712.99,-1172334.53,360.90
-443713.11,-1172334.25,360.89
-443713.23,-1172333.96,360.88
-443713.34,-1172333.67,360.86
-443713.45,-1172333.39,360.86
-443713.58,-1172333.08,360.85
-443713.70,-1172332.79,360.84
-443713.83,-1172332.47,360.84
-443713.94,-1172332.19,360.83
-443714.05,-1172331.91,360.83
-443714.18,-1172331.60,360.82
-443714.30,-1172331.29,360.81
-443714.41,-1172331.01,360.81
-443714.53,-1172330.71,360.80
-443714.66,-1172330.40,360.79
-443714.78,-1172330.10,360.78
-443714.90,-1172329.79,360.77
-443715.02,-1172329.49,360.76
-443715.15,-1172329.18,360.76
-443715.27,-1172328.89,360.75
-443715.38,-1172328.60,360.74
-443715.50,-1172328.31,360.74
-443716.11,-1172326.80,360.47
-443716.23,-1172326.50,360.49
-443716.35,-1172326.21,360.51
-443716.47,-1172325.90,360.52
-443716.58,-1172325.62,360.55
-443716.94,-1172324.73,360.61
-443719.62,-1172320.86,358.97
-443712.74,-1172337.10,360.88
-443712.86,-1172336.80,360.91
-443712.99,-1172336.48,360.92
-443713.11,-1172336.18,360.92
-443713.23,-1172335.88,360.90
-443713.35,-1172335.59,360.88
-443713.47,-1172335.29,360.87
-443713.59,-1172334.99,360.86
-443713.71,-1172334.70,360.84
-443713.83,-1172334.40,360.84
-443713.95,-1172334.11,360.83
-443714.07,-1172333.80,360.82
-443714.19,-1172333.49,360.82
-443714.32,-1172333.18,360.81
-443714.44,-1172332.89,360.81
-443714.56,-1172332.59,360.81
-443714.67,-1172332.31,360.80
-443714.80,-1172331.99,360.80
-443714.91,-1172331.71,360.79
-443715.03,-1172331.42,360.78
-443715.15,-1172331.13,360.77
-443715.26,-1172330.83,360.77
-443715.39,-1172330.53,360.76
-443715.50,-1172330.26,360.75
-443715.62,-1172329.96,360.75
-443717.07,-1172326.35,360.35
-443717.19,-1172326.06,358.01
-443719.33,-1172320.74,359.00
-443712.44,-1172337.13,360.91
-443712.56,-1172336.83,360.94
-443712.67,-1172336.54,360.95
-443712.79,-1172336.26,360.94
-443712.92,-1172335.94,360.92
-443713.04,-1172335.64,360.90
-443713.16,-1172335.34,360.89
-443713.28,-1172335.04,360.88
-443713.41,-1172334.72,360.87
-443713.52,-1172334.44,360.86
-443713.64,-1172334.15,360.84
-443713.76,-1172333.85,360.84
-443713.89,-1172333.53,360.83
-443720.32,-1172320.76,358.91
-443713.45,-1172336.69,360.89
-443713.69,-1172336.11,360.88
-443713.81,-1172335.80,360.87
-443713.94,-1172335.49,360.84
-443714.05,-1172335.21,360.83
-443714.17,-1172334.92,360.83
-443714.29,-1172334.61,360.81
-443714.41,-1172334.31,360.81
-443714.54,-1172334.00,360.80
-443714.79,-1172333.38,360.79
-443714.90,-1172333.09,360.79
-443715.02,-1172332.81,360.78
-443715.14,-1172332.51,360.78
-443715.26,-1172332.20,360.77
-443715.38,-1172331.91,360.77
-443715.49,-1172331.63,360.76
-443713.13,-1172336.97,360.88
-443713.50,-1172336.07,360.89
-443713.61,-1172335.78,360.88
-443713.74,-1172335.46,360.86
-443713.86,-1172335.16,360.84
-443713.99,-1172334.86,360.83
-443714.11,-1172334.54,360.82
-443714.24,-1172334.23,360.81
-443714.35,-1172333.96,360.81
-443714.47,-1172333.66,360.81
-443714.58,-1172333.37,360.80
-443714.71,-1172333.06,360.79
-443714.94,-1172332.47,360.78
-443715.07,-1172332.15,360.78
-443715.31,-1172331.55,360.77
-443715.43,-1172331.26,360.76
-443715.56,-1172330.95,360.76
-443715.48,-1172334.61,360.76
-443715.60,-1172334.31,360.76
-443715.71,-1172334.01,360.75
-443715.83,-1172333.73,360.75
-443715.94,-1172333.45,360.74
-443714.35,-1172336.36,360.85
-443714.47,-1172336.05,360.85
-443714.70,-1172335.48,360.81
-443714.82,-1172335.19,360.79
-443714.93,-1172334.90,360.78
-443715.06,-1172334.60,360.78
-443715.17,-1172334.31,360.78
-443715.29,-1172334.01,360.77
-443715.42,-1172333.70,360.77
-443715.53,-1172333.43,360.76
-443715.65,-1172333.12,360.75
-443715.78,-1172332.81,360.75
-443715.89,-1172332.52,360.75
-443714.09,-1172336.23,360.88
-443714.20,-1172335.94,360.86
-443714.32,-1172335.64,360.83
-443714.45,-1172335.33,360.82
-443714.56,-1172335.06,360.80
-443714.68,-1172334.75,360.80
-443714.80,-1172334.45,360.79
-443714.93,-1172334.14,360.78
-443715.04,-1172333.85,360.78
-443715.16,-1172333.56,360.77
-443715.28,-1172333.26,360.77
-443715.40,-1172332.96,360.77
-443715.52,-1172332.66,360.76
-443715.65,-1172332.35,360.76
-443715.77,-1172332.04,360.75
-443715.89,-1172331.74,360.75
-443716.04,-1172336.79,360.95
-443716.39,-1172335.92,360.75
-443715.72,-1172336.67,360.83
-443715.84,-1172336.37,360.78
-443716.08,-1172335.79,360.75
-443716.20,-1172335.49,360.74
-443715.34,-1172336.84,360.85
-443715.46,-1172336.53,360.84
-443715.71,-1172335.92,360.77
-443715.83,-1172335.62,360.76
-443715.95,-1172335.33,360.75
-443716.07,-1172335.03,360.74
-443716.18,-1172334.75,360.74
-443714.87,-1172336.78,360.82
-443715.24,-1172335.88,360.80
-443715.35,-1172335.60,360.78
-443715.47,-1172335.29,360.77
-443715.60,-1172334.98,360.76
-443715.72,-1172334.67,360.75
-443715.84,-1172334.38,360.75
-443715.96,-1172334.07,360.74
-443714.63,-1172336.70,360.84
-443714.88,-1172336.09,360.82
-443715.00,-1172335.79,360.80
-443715.12,-1172335.50,360.78
-443715.25,-1172335.17,360.77
-443715.36,-1172334.90,360.77
-443716.20,-1172336.81,360.94
-443721.04,-1172320.78,358.88
-443722.35,-1172320.45,358.91
-443722.12,-1172320.64,358.92
-443723.09,-1172320.45,358.92
-443722.85,-1172320.66,358.94
-443723.59,-1172320.47,358.92
-443724.56,-1172320.15,358.87
-443724.30,-1172320.37,358.90
-443724.77,-1172320.23,358.83
-443707.25,-1172316.64,360.20
-443707.00,-1172316.85,360.20
-443706.75,-1172317.05,360.20
-443707.42,-1172316.24,360.17
-443707.18,-1172316.44,360.18
-443708.68,-1172316.74,360.22
-443708.42,-1172316.96,360.23
-443708.17,-1172317.16,360.25
-443707.93,-1172317.36,360.26
-443707.19,-1172317.98,360.33
-443706.96,-1172318.17,360.35
-443708.50,-1172316.43,360.20
-443708.02,-1172316.83,360.22
-443707.77,-1172317.04,360.23
-443707.52,-1172317.25,360.24
-443707.27,-1172317.46,360.27
-443707.01,-1172317.67,360.28
-443708.11,-1172316.35,360.19
-443707.85,-1172316.56,360.20
-443707.63,-1172316.74,360.21
-443707.40,-1172316.94,360.22
-443707.15,-1172317.15,360.23
-443706.90,-1172317.35,360.22
-443707.51,-1172316.42,360.18
-443710.92,-1172316.35,360.21
-443710.67,-1172316.56,360.22
-443710.43,-1172316.76,360.23
-443710.19,-1172316.96,360.25
-443709.95,-1172317.16,360.27
-443709.69,-1172317.38,360.30
-443709.45,-1172317.58,360.32
-443709.21,-1172317.78,360.34
-443708.96,-1172317.99,360.36
-443708.71,-1172318.20,360.39
-443708.46,-1172318.41,360.42
-443708.22,-1172318.61,360.44
-443707.96,-1172318.82,360.46
-443707.73,-1172319.01,360.48
-443707.48,-1172319.22,360.50
-443707.25,-1172319.42,360.51
-443710.35,-1172316.33,360.20
-443710.11,-1172316.53,360.21
-443709.87,-1172316.74,360.23
-443709.62,-1172316.95,360.24
-443709.36,-1172317.17,360.27
-443709.12,-1172317.36,360.29
-443708.88,-1172317.56,360.31
-443708.63,-1172317.77,360.33
-443708.38,-1172317.98,360.36
-443708.15,-1172318.17,360.38
-443707.91,-1172318.37,360.40
-443707.66,-1172318.58,360.43
-443707.43,-1172318.77,360.44
-443707.18,-1172318.98,360.45
-443709.55,-1172316.42,360.21
-443709.30,-1172316.63,360.22
-443709.06,-1172316.82,360.24
-443708.83,-1172317.02,360.25
-443708.60,-1172317.21,360.27
-443708.36,-1172317.42,360.29
-443708.10,-1172317.63,360.30
-443707.87,-1172317.82,360.33
-443707.63,-1172318.02,360.35
-443707.37,-1172318.24,360.39
-443707.14,-1172318.43,360.39
-443706.89,-1172318.64,360.37
-443712.76,-1172315.78,360.22
-443712.52,-1172315.98,360.22
-443712.28,-1172316.18,360.23
-443712.04,-1172316.37,360.24
-443711.82,-1172316.56,360.25
-443711.56,-1172316.78,360.26
-443711.32,-1172316.98,360.27
-443711.09,-1172317.17,360.30
-443710.83,-1172317.38,360.31
-443710.59,-1172317.59,360.33
-443710.34,-1172317.80,360.36
-443710.09,-1172318.01,360.38
-443709.86,-1172318.20,360.40
-443709.61,-1172318.40,360.42
-443709.36,-1172318.61,360.45
-443709.11,-1172318.82,360.47
-443708.86,-1172319.03,360.49
-443708.60,-1172319.25,360.52
-443708.35,-1172319.45,360.55
-443708.13,-1172319.64,360.58
-443707.88,-1172319.85,360.61
-443707.65,-1172320.04,360.62
-443707.40,-1172320.25,360.65
-443711.60,-1172316.31,360.23
-443711.35,-1172316.51,360.23
-443711.11,-1172316.71,360.24
-443710.87,-1172316.91,360.26
-443710.36,-1172317.34,360.30
-443710.11,-1172317.55,360.32
-443709.86,-1172317.76,360.35
-443709.62,-1172317.96,360.37
-443709.37,-1172318.16,360.39
-443709.14,-1172318.35,360.40
-443708.90,-1172318.56,360.43
-443708.63,-1172318.78,360.46
-443708.39,-1172318.98,360.48
-443708.15,-1172319.18,360.52
-443707.40,-1172319.81,360.58
-443707.16,-1172320.01,360.60
-443713.60,-1172316.16,360.25
-443713.34,-1172316.38,360.26
-443713.09,-1172316.59,360.26
-443712.85,-1172316.79,360.28
-443712.60,-1172317.00,360.29
-443712.35,-1172317.21,360.32
-443712.09,-1172317.42,360.34
-443711.87,-1172317.61,360.36
-443711.60,-1172317.83,360.38
-443711.37,-1172318.02,360.40
-443711.12,-1172318.24,360.42
-443710.87,-1172318.44,360.45
-443710.64,-1172318.63,360.47
-443710.41,-1172318.83,360.50
-443710.17,-1172319.02,360.51
-443709.92,-1172319.24,360.54
-443709.68,-1172319.44,360.57
-443709.44,-1172319.63,360.60
-443709.19,-1172319.85,360.62
-443708.96,-1172320.04,360.64
-443713.14,-1172316.07,360.24
-443712.90,-1172316.27,360.24
-443712.65,-1172316.47,360.25
-443712.40,-1172316.69,360.26
-443712.15,-1172316.89,360.27
-443711.92,-1172317.08,360.29
-443711.68,-1172317.29,360.32
-443711.43,-1172317.49,360.33
-443711.21,-1172317.68,360.36
-443710.96,-1172317.89,360.38
-443710.71,-1172318.09,360.40
-443710.46,-1172318.30,360.41
-443710.22,-1172318.50,360.45
-443710.00,-1172318.69,360.47
-443709.74,-1172318.90,360.48
-443709.48,-1172319.12,360.52
-443709.25,-1172319.31,360.54
-443709.00,-1172319.52,360.57
-443708.75,-1172319.73,360.59
-443708.50,-1172319.94,360.62
-443708.25,-1172320.14,360.64
-443714.32,-1172316.43,360.26
-443714.07,-1172316.64,360.28
-443713.83,-1172316.83,360.31
-443713.59,-1172317.03,360.33
-443713.33,-1172317.25,360.34
-443713.10,-1172317.45,360.35
-443712.84,-1172317.66,360.38
-443712.59,-1172317.87,360.39
-443712.33,-1172318.09,360.42
-443712.10,-1172318.28,360.44
-443711.86,-1172318.48,360.46
-443711.62,-1172318.68,360.49
-443711.37,-1172318.89,360.52
-443711.12,-1172319.10,360.55
-443710.63,-1172319.51,360.60
-443710.38,-1172319.72,360.62
-443710.12,-1172319.93,360.65
-443714.10,-1172316.28,360.26
-443713.85,-1172316.49,360.27
-443713.59,-1172316.71,360.28
-443713.35,-1172316.91,360.31
-443713.12,-1172317.10,360.32
-443712.89,-1172317.29,360.33
-443712.62,-1172317.52,360.35
-443712.37,-1172317.72,360.38
-443712.14,-1172317.91,360.39
-443711.89,-1172318.13,360.42
-443711.63,-1172318.34,360.45
-443711.38,-1172318.55,360.47
-443711.15,-1172318.74,360.50
-443710.89,-1172318.96,360.52
-443710.65,-1172319.16,360.55
-443710.41,-1172319.36,360.58
-443710.17,-1172319.56,360.60
-443709.92,-1172319.77,360.62
-443709.69,-1172319.96,360.64
-443707.02,-1172322.19,361.95
-443706.78,-1172322.39,361.96
-443706.90,-1172324.18,361.04
-443706.65,-1172324.39,360.99
-443716.47,-1172315.68,357.58
-443714.27,-1172317.51,360.38
-443714.03,-1172317.71,360.40
-443713.80,-1172317.91,360.42
-443713.54,-1172318.12,360.44
-443713.31,-1172318.32,360.46
-443713.08,-1172318.51,360.48
-443712.82,-1172318.72,360.51
-443712.58,-1172318.93,360.53
-443712.33,-1172319.13,360.56
-443712.08,-1172319.35,360.59
-443711.85,-1172319.54,360.61
-443711.60,-1172319.74,360.65
-443708.66,-1172322.20,361.93
-443706.44,-1172324.05,361.10
-443706.20,-1172324.25,361.05
-443705.95,-1172324.46,360.99
-443714.11,-1172317.20,360.35
-443713.87,-1172317.40,360.37
-443713.60,-1172317.62,360.39
-443713.36,-1172317.83,360.41
-443712.88,-1172318.23,360.44
-443712.63,-1172318.44,360.47
-443712.13,-1172318.85,360.52
-443711.86,-1172319.08,360.55
-443711.61,-1172319.28,360.58
-443711.38,-1172319.48,360.60
-443711.15,-1172319.67,360.62
-443710.90,-1172319.88,360.66
-443708.20,-1172322.14,361.92
-443706.26,-1172325.61,360.83
-443705.04,-1172326.63,360.78
-443704.78,-1172326.85,360.77
-443716.32,-1172316.63,357.91
-443714.39,-1172318.25,360.45
-443714.14,-1172318.46,360.48
-443713.88,-1172318.67,360.51
-443713.65,-1172318.87,360.53
-443713.40,-1172319.08,360.56
-443713.16,-1172319.28,360.58
-443712.90,-1172319.49,360.60
-443710.51,-1172321.49,362.04
-443710.02,-1172321.90,361.99
-443707.28,-1172324.19,361.01
-443707.03,-1172324.39,360.98
-443706.80,-1172324.59,360.94
-443717.17,-1172315.61,357.58
-443714.48,-1172317.85,360.40
-443714.25,-1172318.05,360.44
-443714.00,-1172318.25,360.46
-443713.75,-1172318.46,360.48
-443713.53,-1172318.65,360.51
-443713.29,-1172318.85,360.52
-443713.05,-1172319.05,360.55
-443712.79,-1172319.27,360.58
-443712.55,-1172319.47,360.60
-443712.33,-1172319.65,360.64
-443709.61,-1172321.92,361.96
-443714.33,-1172319.31,360.60
-443711.42,-1172321.75,361.99
-443711.16,-1172321.96,362.00
-443708.47,-1172324.20,360.94
-443708.24,-1172324.40,360.88
-443708.00,-1172324.60,360.85
-443707.74,-1172324.82,360.82
-443707.49,-1172325.02,360.80
-443707.24,-1172325.24,360.80
-443706.99,-1172325.45,360.80
-443706.73,-1172325.66,360.81
-443706.49,-1172325.86,360.83
-443705.77,-1172326.46,360.82
-443705.52,-1172326.67,360.82
-443705.28,-1172326.87,360.79
-443705.03,-1172327.08,360.78
-443704.78,-1172327.29,360.76
-443704.53,-1172327.50,360.73
-443714.60,-1172318.64,360.49
-443714.38,-1172318.83,360.52
-443714.13,-1172319.04,360.56
-443710.96,-1172321.69,362.06
-443710.72,-1172321.89,362.04
-443709.98,-1172322.51,361.90
-443708.24,-1172323.96,361.02
-443707.74,-1172324.38,360.94
-443707.48,-1172324.59,360.89
-443707.24,-1172324.79,360.85
-443707.01,-1172324.98,360.83
-443706.78,-1172325.18,360.82
-443709.99,-1172323.81,360.98
-443709.76,-1172324.00,360.95
-443709.50,-1172324.22,360.90
-443709.27,-1172324.41,360.86
-443709.01,-1172324.63,360.81
-443708.78,-1172324.82,360.80
-443708.54,-1172325.02,360.78
-443708.30,-1172325.23,360.78
-443708.07,-1172325.42,360.78
-443707.81,-1172325.63,360.80
-443707.35,-1172326.02,360.88
-443706.60,-1172326.64,360.85
-443706.34,-1172326.86,360.84
-443706.12,-1172327.05,360.82
-443705.87,-1172327.25,360.81
-443705.63,-1172327.46,360.79
-443705.36,-1172327.68,360.78
-443704.61,-1172328.30,360.73
-443716.82,-1172317.72,358.21
-443716.57,-1172317.93,358.27
-443709.48,-1172323.85,361.00
-443709.25,-1172324.04,360.96
-443709.01,-1172324.24,360.91
-443708.76,-1172324.45,360.86
-443708.51,-1172324.65,360.82
-443708.27,-1172324.86,360.80
-443708.04,-1172325.05,360.78
-443707.51,-1172325.49,360.77
-443706.04,-1172326.72,360.82
-443705.78,-1172326.94,360.82
-443705.54,-1172327.13,360.80
-443705.32,-1172327.32,360.78
-443705.08,-1172327.53,360.77
-443704.81,-1172327.75,360.76
-443716.78,-1172317.26,358.11
-443717.19,-1172318.40,358.38
-443713.57,-1172321.43,361.90
-443713.31,-1172321.65,361.92
-443710.59,-1172323.91,360.92
-443710.34,-1172324.12,360.91
-443709.60,-1172324.74,360.81
-443709.35,-1172324.95,360.79
-443709.10,-1172325.16,360.77
-443708.85,-1172325.37,360.78
-443708.38,-1172325.76,360.93
-443707.64,-1172326.38,360.93
-443707.41,-1172326.57,360.91
-443707.17,-1172326.77,360.89
-443706.91,-1172326.99,360.87
-443706.67,-1172327.19,360.84
-443706.45,-1172327.37,360.82
-443706.19,-1172327.59,360.81
-443705.94,-1172327.80,360.80
-443705.69,-1172328.01,360.79
-443704.96,-1172328.62,360.76
-443704.71,-1172328.82,360.75
-443716.84,-1172318.08,358.29
-443712.73,-1172321.52,361.92
-443712.48,-1172321.73,361.92
-443711.87,-1172323.74,360.92
-443711.63,-1172323.94,360.89
-443711.37,-1172324.16,360.87
-443711.12,-1172324.36,360.86
-443710.89,-1172324.56,360.83
-443710.65,-1172324.76,360.80
-443710.38,-1172324.98,360.77
-443710.15,-1172325.18,360.75
-443708.66,-1172326.42,360.98
-443708.42,-1172326.62,360.97
-443707.67,-1172327.25,360.90
-443707.43,-1172327.45,360.89
-443707.17,-1172327.66,360.87
-443706.93,-1172327.86,360.85
-443706.68,-1172328.08,360.84
-443706.45,-1172328.27,360.82
-443706.19,-1172328.49,360.81
-443705.95,-1172328.69,360.79
-443705.71,-1172328.88,360.78
-443705.48,-1172329.08,360.77
-443705.24,-1172329.28,360.76
-443704.98,-1172329.50,360.75
-443704.75,-1172329.68,360.74
-443717.52,-1172318.59,358.48
-443717.29,-1172318.78,358.50
-443713.90,-1172321.61,361.88
-443711.69,-1172323.47,360.97
-443711.44,-1172323.67,360.94
-443711.18,-1172323.89,360.91
-443710.93,-1172324.09,360.88
-443710.68,-1172324.31,360.87
-443709.46,-1172325.33,360.76
-443708.98,-1172325.73,360.96
-443708.72,-1172325.94,360.97
-443708.47,-1172326.15,360.96
-443708.22,-1172326.36,360.96
-443707.98,-1172326.56,360.94
-443707.72,-1172326.78,360.93
-443707.49,-1172326.97,360.90
-443707.23,-1172327.19,360.88
-443707.00,-1172327.38,360.86
-443706.76,-1172327.58,360.84
-443706.52,-1172327.78,360.82
-443706.28,-1172327.98,360.81
-443706.03,-1172328.19,360.80
-443705.55,-1172328.59,360.78
-443705.30,-1172328.81,360.77
-443705.07,-1172329.00,360.76
-443704.81,-1172329.21,360.75
-443707.61,-1172328.06,360.90
-443706.87,-1172328.67,360.84
-443706.64,-1172328.86,360.82
-443706.39,-1172329.07,360.82
-443705.89,-1172329.49,360.79
-443705.65,-1172329.70,360.78
-443705.38,-1172329.92,360.76
-443705.13,-1172330.13,360.76
-443704.89,-1172330.33,360.75
-443718.95,-1172318.09,358.81
-443715.06,-1172321.34,361.88
-443712.33,-1172323.63,360.93
-443712.10,-1172323.82,360.89
-443711.86,-1172324.02,360.87
-443711.62,-1172324.22,360.85
-443711.37,-1172324.43,360.83
-443711.13,-1172324.63,360.82
-443710.90,-1172324.82,360.80
-443710.64,-1172325.04,360.77
-443710.40,-1172325.24,360.74
-443710.15,-1172325.45,360.73
-443709.42,-1172326.06,361.00
-443708.92,-1172326.47,360.99
-443708.16,-1172327.11,360.94
-443707.68,-1172327.51,360.90
-443707.45,-1172327.71,360.89
-443707.20,-1172327.91,360.87
-443706.45,-1172328.54,360.82
-443706.20,-1172328.75,360.80
-443705.93,-1172328.98,360.79
-443705.70,-1172329.17,360.78
-443705.45,-1172329.37,360.77
-443705.22,-1172329.57,360.76
-443704.96,-1172329.79,360.75
-443717.71,-1172318.86,358.56
-443717.47,-1172319.06,358.55
-443717.22,-1172319.27,358.60
-443716.96,-1172319.49,358.69
-443714.56,-1172321.50,361.91
-443713.55,-1172323.48,360.93
-443713.32,-1172323.67,360.88
-443713.08,-1172323.88,360.86
-443712.82,-1172324.09,360.84
-443712.58,-1172324.30,360.82
-443712.33,-1172324.50,360.79
-443712.07,-1172324.72,360.77
-443711.82,-1172324.93,360.75
-443711.58,-1172325.13,360.73
-443711.33,-1172325.33,360.72
-443711.09,-1172325.54,360.69
-443710.84,-1172325.74,360.69
-443710.60,-1172325.95,360.69
-443710.36,-1172326.15,360.72
-443709.89,-1172326.54,361.02
-443709.65,-1172326.74,361.02
-443709.41,-1172326.95,361.01
-443709.16,-1172327.15,361.00
-443708.91,-1172327.36,360.97
-443708.67,-1172327.56,360.95
-443708.43,-1172327.77,360.95
-443708.17,-1172327.98,360.93
-443707.92,-1172328.19,360.91
-443707.68,-1172328.39,360.90
-443707.45,-1172328.59,360.89
-443707.20,-1172328.79,360.87
-443706.94,-1172329.01,360.85
-443706.69,-1172329.22,360.84
-443705.95,-1172329.83,360.80
-443705.71,-1172330.04,360.78
-443705.47,-1172330.23,360.77
-443705.22,-1172330.45,360.76
-443704.97,-1172330.65,360.75
-443719.12,-1172318.43,358.88
-443717.90,-1172319.45,358.70
-443717.67,-1172319.65,358.71
-443717.19,-1172320.05,358.87
-443715.73,-1172321.27,361.89
-443712.99,-1172323.56,360.92
-443712.74,-1172323.76,360.88
-443712.50,-1172323.97,360.86
-443712.25,-1172324.18,360.84
-443712.02,-1172324.37,360.83
-443711.76,-1172324.59,360.80
-443711.52,-1172324.79,360.79
-443711.28,-1172324.99,360.76
-443711.06,-1172325.18,360.74
-443710.81,-1172325.38,360.73
-443710.55,-1172325.60,360.71
-443709.83,-1172326.20,361.00
-443709.59,-1172326.40,361.02
-443709.34,-1172326.61,361.02
-443708.86,-1172327.01,360.98
-443708.61,-1172327.22,360.96
-443708.11,-1172327.64,360.93
-443707.85,-1172327.86,360.91
-443710.00,-1172327.32,361.03
-443709.74,-1172327.53,361.03
-443709.25,-1172327.94,361.00
-443709.01,-1172328.14,360.99
-443708.76,-1172328.36,360.97
-443708.53,-1172328.55,360.95
-443708.28,-1172328.76,360.93
-443708.05,-1172328.95,360.92
-443707.32,-1172329.56,360.88
-443707.08,-1172329.76,360.86
-443706.83,-1172329.97,360.85
-443706.59,-1172330.17,360.84
-443706.34,-1172330.38,360.82
-443705.85,-1172330.79,360.80
-443705.35,-1172331.21,360.76
-443719.16,-1172319.32,358.91
-443717.92,-1172320.36,358.94
-443717.69,-1172320.54,359.00
-443717.43,-1172320.76,359.01
-443714.30,-1172323.38,360.92
-443714.05,-1172323.59,360.88
-443713.79,-1172323.81,360.84
-443713.54,-1172324.02,360.83
-443713.30,-1172324.22,360.80
-443713.05,-1172324.43,360.78
-443712.80,-1172324.64,360.76
-443712.56,-1172324.84,360.74
-443712.33,-1172325.03,360.73
-443712.08,-1172325.24,360.71
-443711.81,-1172325.46,360.69
-443711.58,-1172325.66,360.66
-443711.34,-1172325.86,360.64
-443711.08,-1172326.08,360.64
-443710.81,-1172326.30,360.65
-443710.59,-1172326.49,360.69
-443710.10,-1172326.90,361.03
-443709.85,-1172327.10,361.03
-443709.62,-1172327.29,361.03
-443709.38,-1172327.49,361.01
-443709.13,-1172327.70,361.00
-443708.89,-1172327.90,360.97
-443708.65,-1172328.11,360.95
-443708.16,-1172328.51,360.92
-443707.91,-1172328.72,360.91
-443707.69,-1172328.91,360.90
-443707.42,-1172329.13,360.88
-443706.71,-1172329.73,360.84
-443706.44,-1172329.96,360.82
-443705.95,-1172330.36,360.80
-443705.42,-1172330.81,360.77
-443719.16,-1172318.79,358.90
-443718.18,-1172319.61,358.79
-443717.94,-1172319.81,358.79
-443717.47,-1172320.21,358.90
-443717.23,-1172320.40,358.99
-443719.28,-1172320.15,359.00
-443718.53,-1172320.78,359.00
-443718.29,-1172320.99,359.00
-443715.35,-1172323.44,360.87
-443715.13,-1172323.63,360.84
-443714.87,-1172323.84,360.81
-443714.64,-1172324.04,360.79
-443714.40,-1172324.23,360.77
-443714.16,-1172324.44,360.74
-443713.91,-1172324.64,360.72
-443713.67,-1172324.84,360.70
-443713.43,-1172325.05,360.68
-443713.19,-1172325.25,360.66
-443712.93,-1172325.47,360.64
-443712.68,-1172325.68,360.63
-443712.45,-1172325.87,360.63
-443712.21,-1172326.07,360.62
-443711.95,-1172326.29,360.62
-443711.70,-1172326.49,360.62
-443710.94,-1172327.13,360.97
-443710.71,-1172327.32,361.00
-443710.48,-1172327.51,361.02
-443710.23,-1172327.72,361.03
-443709.97,-1172327.94,361.03
-443709.74,-1172328.13,361.03
-443709.23,-1172328.56,361.00
-443708.98,-1172328.76,360.98
-443708.74,-1172328.97,360.97
-443708.50,-1172329.17,360.95
-443708.23,-1172329.39,360.93
-443708.01,-1172329.58,360.92
-443707.76,-1172329.79,360.91
-443707.50,-1172330.00,360.89
-443707.27,-1172330.20,360.87
-443707.04,-1172330.39,360.86
-443706.81,-1172330.58,360.85
-443706.54,-1172330.81,360.83
-443706.31,-1172331.00,360.82
-443706.08,-1172331.20,360.81
-443705.81,-1172331.42,360.80
-443705.58,-1172331.61,360.78
-443705.33,-1172331.82,360.77
-443718.57,-1172320.16,358.99
-443718.31,-1172320.37,358.99
-443718.07,-1172320.57,358.98
-443717.82,-1172320.78,359.00
-443717.58,-1172320.99,359.01
-443717.31,-1172321.21,359.03
-443714.92,-1172323.20,360.94
-443714.68,-1172323.41,360.89
-443714.43,-1172323.62,360.87
-443714.19,-1172323.82,360.83
-443713.94,-1172324.02,360.81
-443713.69,-1172324.24,360.79
-443713.45,-1172324.44,360.76
-443713.22,-1172324.63,360.74
-443712.96,-1172324.84,360.73
-443712.71,-1172325.06,360.71
-443712.45,-1172325.27,360.69
-443712.20,-1172325.48,360.67
-443711.95,-1172325.69,360.65
-443711.71,-1172325.89,360.63
-443711.48,-1172326.08,360.62
-443711.24,-1172326.28,360.63
-443710.98,-1172326.50,360.64
-443710.73,-1172326.71,360.95
-443710.25,-1172327.11,361.03
-443713.86,-1172325.59,360.62
-443713.62,-1172325.79,360.61
-443713.39,-1172325.99,360.61
-443713.14,-1172326.19,360.61
-443712.91,-1172326.39,360.61
-443712.68,-1172326.58,360.63
-443711.94,-1172327.20,360.93
-443711.70,-1172327.40,360.95
-443711.47,-1172327.59,360.96
-443711.20,-1172327.81,360.97
-443710.96,-1172328.02,360.99
-443710.48,-1172328.42,361.02
-443710.21,-1172328.65,361.03
-443709.98,-1172328.84,361.04
-443709.46,-1172329.27,361.02
-443708.75,-1172329.87,360.97
-443708.50,-1172330.08,360.95
-443708.25,-1172330.28,360.93
-443707.50,-1172330.91,360.88
-443707.26,-1172331.11,360.87
-443707.01,-1172331.32,360.85
-443706.76,-1172331.53,360.84
-443706.50,-1172331.74,360.83
-443706.28,-1172331.93,360.81
-443706.02,-1172332.15,360.80
-443705.78,-1172332.35,360.79
-443705.55,-1172332.55,360.78
-443705.32,-1172332.74,360.77
-443705.07,-1172332.94,360.75
-443719.26,-1172320.57,359.00
-443719.03,-1172320.76,359.01
-443718.77,-1172320.98,359.00
-443716.34,-1172323.01,360.93
-443716.08,-1172323.23,360.91
-443715.83,-1172323.43,360.88
-443715.58,-1172323.65,360.84
-443715.34,-1172323.85,360.81
-443715.08,-1172324.06,360.78
-443714.85,-1172324.26,360.76
-443714.59,-1172324.47,360.73
-443714.36,-1172324.67,360.71
-443714.12,-1172324.87,360.68
-443713.88,-1172325.07,360.67
-443713.64,-1172325.27,360.66
-443713.39,-1172325.48,360.64
-443713.15,-1172325.68,360.62
-443712.91,-1172325.88,360.62
-443712.66,-1172326.09,360.61
-443712.43,-1172326.28,360.61
-443712.17,-1172326.50,360.62
-443711.44,-1172327.11,360.95
-443711.19,-1172327.31,360.97
-443710.69,-1172327.74,361.01
-443710.44,-1172327.94,361.03
-443709.96,-1172328.35,361.03
-443709.71,-1172328.56,361.03
-443709.48,-1172328.75,361.02
-443709.22,-1172328.96,361.00
-443708.73,-1172329.37,360.97
-443708.48,-1172329.58,360.95
-443708.22,-1172329.80,360.93
-443707.97,-1172330.01,360.92
-443707.73,-1172330.21,360.90
-443707.48,-1172330.42,360.88
-443707.24,-1172330.62,360.87
-443706.99,-1172330.83,360.86
-443706.75,-1172331.03,360.84
-443706.52,-1172331.22,360.83
-443706.28,-1172331.42,360.81
-443706.04,-1172331.63,360.80
-443705.79,-1172331.83,360.79
-443705.55,-1172332.04,360.78
-443705.31,-1172332.24,360.77
-443708.43,-1172330.99,360.94
-443708.18,-1172331.19,360.92
-443707.92,-1172331.41,360.91
-443706.91,-1172332.25,360.84
-443706.69,-1172332.44,360.83
-443706.45,-1172332.64,360.82
-443706.20,-1172332.84,360.80
-443705.70,-1172333.27,360.78
-443705.46,-1172333.47,360.77
-443720.06,-1172320.70,358.95
-443719.81,-1172320.90,358.96
-443716.42,-1172323.73,360.81
-443716.17,-1172323.95,360.80
-443715.91,-1172324.16,360.76
-443715.66,-1172324.38,360.73
-443715.41,-1172324.58,360.70
-443715.18,-1172324.78,360.68
-443714.93,-1172324.98,360.65
-443714.69,-1172325.18,360.64
-443714.44,-1172325.39,360.62
-443714.20,-1172325.60,360.61
-443713.95,-1172325.80,360.61
-443713.70,-1172326.01,360.61
-443713.45,-1172326.22,360.60
-443713.20,-1172326.43,360.61
-443712.72,-1172326.84,360.87
-443712.22,-1172327.25,360.92
-443711.98,-1172327.45,360.93
-443711.75,-1172327.64,360.95
-443711.52,-1172327.84,360.96
-443711.27,-1172328.05,360.97
-443711.02,-1172328.25,360.98
-443710.55,-1172328.65,361.02
-443710.29,-1172328.86,361.03
-443710.05,-1172329.07,361.04
-443709.81,-1172329.27,361.03
-443709.08,-1172329.88,360.99
-443708.83,-1172330.09,360.97
-443707.82,-1172330.93,360.90
-443707.34,-1172331.33,360.87
-443707.10,-1172331.53,360.85
-443706.85,-1172331.74,360.84
-443706.59,-1172331.96,360.83
-443706.36,-1172332.16,360.82
-443706.11,-1172332.36,360.81
-443705.85,-1172332.58,360.79
-443705.60,-1172332.79,360.78
-443705.36,-1172332.99,360.77
-443719.53,-1172320.85,358.98
-443716.57,-1172323.32,360.84
-443716.35,-1172323.51,360.84
-443716.11,-1172323.71,360.83
-443715.85,-1172323.93,360.79
-443715.59,-1172324.15,360.76
-443715.37,-1172324.33,360.74
-443715.10,-1172324.55,360.71
-443714.85,-1172324.77,360.68
-443714.60,-1172324.97,360.66
-443714.37,-1172325.16,360.64
-443714.11,-1172325.38,360.63
-443716.66,-1172324.44,360.69
-443716.41,-1172324.65,360.69
-443716.17,-1172324.85,360.66
-443715.92,-1172325.06,360.64
-443715.67,-1172325.27,360.61
-443715.43,-1172325.47,360.60
-443715.19,-1172325.67,360.59
-443714.95,-1172325.88,360.59
-443714.69,-1172326.09,360.59
-443714.43,-1172326.31,360.61
-443713.23,-1172327.32,360.86
-443712.97,-1172327.54,360.88
-443712.24,-1172328.15,360.92
-443711.97,-1172328.36,360.93
-443711.73,-1172328.57,360.94
-443711.49,-1172328.77,360.95
-443711.24,-1172328.98,360.98
-443711.00,-1172329.18,360.99
-443710.75,-1172329.39,361.01
-443710.52,-1172329.58,361.03
-443710.28,-1172329.79,361.03
-443710.04,-1172329.99,361.03
-443709.80,-1172330.18,361.02
-443709.55,-1172330.40,361.01
-443709.31,-1172330.60,361.00
-443708.81,-1172331.01,360.97
-443708.59,-1172331.20,360.95
-443708.33,-1172331.41,360.93
-443708.07,-1172331.63,360.92
-443707.84,-1172331.83,360.89
-443707.60,-1172332.02,360.87
-443707.35,-1172332.24,360.86
-443707.08,-1172332.46,360.84
-443706.84,-1172332.66,360.84
-443706.59,-1172332.87,360.82
-443706.34,-1172333.08,360.81
-443706.10,-1172333.28,360.79
-443705.86,-1172333.48,360.78
-443705.62,-1172333.68,360.77
-443705.37,-1172333.89,360.76
-443720.65,-1172320.76,358.87
-443716.49,-1172324.24,360.73
-443716.27,-1172324.43,360.71
-443716.02,-1172324.64,360.69
-443715.76,-1172324.85,360.65
-443715.51,-1172325.06,360.64
-443715.28,-1172325.25,360.62
-443715.01,-1172325.48,360.61
-443714.76,-1172325.69,360.59
-443714.53,-1172325.88,360.60
-443714.29,-1172326.08,360.59
-443714.04,-1172326.29,360.61
-443713.05,-1172327.12,360.88
-443712.81,-1172327.32,360.89
-443712.55,-1172327.54,360.91
-443712.31,-1172327.74,360.92
-443712.05,-1172327.95,360.93
-443711.83,-1172328.14,360.94
-443711.57,-1172328.36,360.95
-443711.33,-1172328.56,360.96
-443711.10,-1172328.75,360.98
-443710.87,-1172328.95,360.99
-443710.62,-1172329.15,361.02
-443710.36,-1172329.37,361.03
-443710.14,-1172329.56,361.04
-443709.91,-1172329.75,361.04
-443709.64,-1172329.97,361.02
-443709.41,-1172330.17,361.01
-443709.16,-1172330.38,360.99
-443708.90,-1172330.59,360.97
-443714.05,-1172327.40,360.83
-443713.79,-1172327.61,360.83
-443713.54,-1172327.82,360.85
-443713.30,-1172328.02,360.85
-443713.06,-1172328.22,360.86
-443712.81,-1172328.43,360.87
-443712.56,-1172328.64,360.89
-443712.31,-1172328.85,360.90
-443711.32,-1172329.68,360.97
-443711.10,-1172329.87,360.99
-443710.83,-1172330.09,361.00
-443710.59,-1172330.29,361.02
-443710.35,-1172330.49,361.02
-443710.10,-1172330.70,361.02
-443709.84,-1172330.92,361.02
-443709.59,-1172331.13,361.01
-443709.35,-1172331.33,361.00
-443709.10,-1172331.53,360.98
-443708.86,-1172331.73,360.97
-443708.61,-1172331.94,360.95
-443708.37,-1172332.14,360.93
-443708.13,-1172332.35,360.92
-443707.90,-1172332.54,360.90
-443707.66,-1172332.74,360.88
-443707.42,-1172332.95,360.86
-443707.16,-1172333.16,360.85
-443706.93,-1172333.35,360.84
-443706.69,-1172333.56,360.82
-443706.44,-1172333.76,360.81
-443705.47,-1172334.58,360.76
-443716.89,-1172324.72,360.63
-443716.42,-1172325.11,360.62
-443716.16,-1172325.33,360.60
-443715.92,-1172325.53,360.57
-443715.70,-1172325.72,360.56
-443715.43,-1172325.93,360.56
-443715.19,-1172326.14,360.58
-443713.97,-1172327.16,360.82
-443713.73,-1172327.36,360.83
-443712.48,-1172328.41,360.89
-443712.24,-1172328.60,360.91
-443712.00,-1172328.80,360.92
-443711.74,-1172329.02,360.93
-443711.49,-1172329.23,360.96
-443711.25,-1172329.43,360.98
-443711.01,-1172329.64,360.99
-443710.74,-1172329.86,361.01
-443710.50,-1172330.06,361.02
-443710.27,-1172330.26,361.03
-443710.03,-1172330.46,361.02
-443709.76,-1172330.68,361.02
-443709.53,-1172330.87,361.01
-443709.30,-1172331.07,361.00
-443709.06,-1172331.26,360.98
-443708.82,-1172331.47,360.97
-443708.57,-1172331.68,360.94
-443708.08,-1172332.08,360.92
-443707.84,-1172332.29,360.89
-443707.60,-1172332.49,360.87
-443707.35,-1172332.70,360.86
-443707.09,-1172332.91,360.84
-443706.62,-1172333.31,360.82
-443706.37,-1172333.52,360.81
-443705.61,-1172334.15,360.77
-443707.41,-1172334.01,360.86
-443707.16,-1172334.22,360.85
-443706.93,-1172334.42,360.83
-443706.67,-1172334.63,360.81
-443706.44,-1172334.83,360.80
-443706.19,-1172335.03,360.79
-443705.95,-1172335.23,360.77
-443705.72,-1172335.43,360.77
-443705.47,-1172335.64,360.76
-443716.73,-1172325.78,360.51
-443716.48,-1172325.99,360.51
-443716.24,-1172326.19,360.52
-443715.98,-1172326.40,360.52
-443715.03,-1172327.20,360.76
-443714.80,-1172327.40,360.78
-443714.56,-1172327.60,360.79
-443714.30,-1172327.82,360.81
-443714.07,-1172328.01,360.81
-443713.84,-1172328.20,360.82
-443713.57,-1172328.42,360.84
-443713.34,-1172328.62,360.85
-443713.09,-1172328.82,360.86
-443712.36,-1172329.43,360.89
-443712.12,-1172329.64,360.91
-443711.85,-1172329.86,360.92
-443711.60,-1172330.07,360.95
-443711.36,-1172330.27,360.97
-443710.86,-1172330.69,361.00
-443710.62,-1172330.89,361.01
-443710.40,-1172331.08,361.02
-443710.14,-1172331.29,361.02
-443709.88,-1172331.51,361.02
-443709.65,-1172331.70,361.02
-443709.41,-1172331.90,361.00
-443709.14,-1172332.13,360.99
-443708.88,-1172332.35,360.97
-443708.65,-1172332.54,360.95
-443708.15,-1172332.95,360.91
-443707.91,-1172333.16,360.89
-443707.67,-1172333.36,360.88
-443707.44,-1172333.55,360.86
-443707.20,-1172333.76,360.85
-443706.96,-1172333.96,360.84
-443706.71,-1172334.16,360.82
-443706.47,-1172334.37,360.81
-443706.23,-1172334.56,360.80
-443705.98,-1172334.77,360.78
-443705.75,-1172334.97,360.77
-443705.49,-1172335.19,360.76
-443716.69,-1172325.18,360.58
-443716.46,-1172325.38,360.58
-443716.20,-1172325.59,360.56
-443715.96,-1172325.79,360.55
-443715.73,-1172325.99,360.55
-443715.50,-1172326.19,360.56
-443714.28,-1172327.20,360.81
-443715.26,-1172327.94,360.75
-443715.01,-1172328.14,360.77
-443714.76,-1172328.35,360.78
-443714.50,-1172328.58,360.79
-443714.26,-1172328.77,360.80
-443714.02,-1172328.97,360.82
-443713.78,-1172329.18,360.83
-443713.53,-1172329.39,360.84
-443713.30,-1172329.58,360.85
-443713.06,-1172329.77,360.86
-443712.82,-1172329.98,360.87
-443712.58,-1172330.18,360.89
-443712.33,-1172330.39,360.90
-443711.85,-1172330.79,360.96
-443711.60,-1172331.00,360.98
-443711.37,-1172331.19,360.99
-443711.12,-1172331.40,361.00
-443710.39,-1172332.01,361.03
-443710.14,-1172332.23,361.03
-443709.87,-1172332.45,361.03
-443709.63,-1172332.65,361.01
-443709.38,-1172332.86,361.00
-443709.12,-1172333.08,360.99
-443708.66,-1172333.46,360.93
-443708.42,-1172333.66,360.92
-443708.16,-1172333.88,360.91
-443707.68,-1172334.28,360.87
-443707.42,-1172334.50,360.86
-443707.15,-1172334.72,360.85
-443706.91,-1172334.92,360.83
-443706.67,-1172335.12,360.81
-443706.42,-1172335.34,360.80
-443706.18,-1172335.54,360.79
-443705.93,-1172335.74,360.77
-443705.69,-1172335.94,360.76
-443716.75,-1172326.20,360.47
-443716.50,-1172326.41,360.47
-443716.24,-1172326.62,360.48
-443715.25,-1172327.45,360.75
-443715.02,-1172327.64,360.77
-443714.76,-1172327.86,360.78
-443714.53,-1172328.05,360.79
-443714.27,-1172328.27,360.80
-443714.04,-1172328.47,360.81
-443713.79,-1172328.67,360.82
-443713.56,-1172328.87,360.84
-443713.32,-1172329.07,360.85
-443713.08,-1172329.27,360.85
-443712.83,-1172329.48,360.87
-443712.60,-1172329.67,360.88
-443712.35,-1172329.88,360.89
-443712.11,-1172330.08,360.91
-443711.85,-1172330.30,360.93
-443711.13,-1172330.90,360.99
-443710.87,-1172331.11,361.00
-443710.63,-1172331.32,361.02
-443710.13,-1172331.74,361.03
-443709.87,-1172331.96,361.02
-443709.39,-1172332.35,361.00
-443709.15,-1172332.56,360.99
-443708.90,-1172332.77,360.97
-443708.65,-1172332.98,360.94
-443708.41,-1172333.18,360.92
-443708.16,-1172333.39,360.91
-443707.90,-1172333.60,360.88
-443707.66,-1172333.81,360.87
-443715.07,-1172328.87,360.76
-443714.83,-1172329.07,360.77
-443714.10,-1172329.68,360.81
-443713.86,-1172329.88,360.83
-443713.61,-1172330.09,360.84
-443713.12,-1172330.50,360.86
-443712.87,-1172330.71,360.88
-443712.60,-1172330.94,360.90
-443712.36,-1172331.14,360.92
-443711.89,-1172331.53,360.97
-443711.39,-1172331.95,361.00
-443711.15,-1172332.15,361.01
-443710.91,-1172332.35,361.02
-443710.67,-1172332.55,361.03
-443710.44,-1172332.74,361.04
-443710.19,-1172332.95,361.04
-443709.70,-1172333.36,361.01
-443709.46,-1172333.56,361.00
-443709.22,-1172333.77,360.98
-443708.96,-1172333.98,360.96
-443708.48,-1172334.39,360.93
-443708.24,-1172334.58,360.91
-443707.97,-1172334.81,360.90
-443706.50,-1172336.04,360.80
-443706.25,-1172336.25,360.79
-443706.00,-1172336.46,360.77
-443705.75,-1172336.67,360.76
-443705.52,-1172336.87,360.76
-443715.22,-1172328.23,360.76
-443714.99,-1172328.42,360.77
-443714.75,-1172328.62,360.78
-443714.50,-1172328.83,360.79
-443714.24,-1172329.04,360.80
-443713.76,-1172329.45,360.83
-443713.51,-1172329.66,360.84
-443713.24,-1172329.88,360.85
-443713.02,-1172330.07,360.86
-443712.76,-1172330.28,360.88
-443712.52,-1172330.48,360.89
-443712.27,-1172330.70,360.91
-443712.03,-1172330.89,360.94
-443711.80,-1172331.09,360.97
-443711.33,-1172331.48,361.00
-443711.07,-1172331.70,361.01
-443710.83,-1172331.90,361.02
-443710.59,-1172332.10,361.03
-443710.34,-1172332.31,361.03
-443710.11,-1172332.50,361.03
-443709.86,-1172332.72,361.03
-443709.60,-1172332.93,361.01
-443709.37,-1172333.13,360.99
-443709.13,-1172333.33,360.98
-443708.37,-1172333.96,360.92
-443707.63,-1172334.58,360.87
-443707.39,-1172334.78,360.86
-443707.15,-1172334.98,360.84
-443706.90,-1172335.19,360.82
-443706.14,-1172335.82,360.78
-443705.90,-1172336.03,360.76
-443705.65,-1172336.24,360.76
-443713.30,-1172331.19,360.86
-443713.06,-1172331.39,360.88
-443712.07,-1172332.22,360.97
-443711.83,-1172332.42,360.98
-443711.58,-1172332.63,360.98
-443711.10,-1172333.03,361.01
-443710.83,-1172333.25,361.02
-443710.59,-1172333.46,361.03
-443710.35,-1172333.66,361.03
-443710.10,-1172333.87,361.02
-443709.83,-1172334.09,361.01
-443709.61,-1172334.28,361.00
-443709.36,-1172334.49,360.98
-443709.11,-1172334.70,360.96
-443708.88,-1172334.89,360.95
-443708.65,-1172335.08,360.94
-443708.41,-1172335.28,360.93
-443708.15,-1172335.50,360.91
-443707.91,-1172335.71,360.89
-443707.68,-1172335.90,360.88
-443707.42,-1172336.12,360.86
-443707.17,-1172336.32,360.85
-443706.93,-1172336.53,360.84
-443706.43,-1172336.94,360.82
-443706.20,-1172337.14,360.81
-443715.37,-1172329.01,360.75
-443715.12,-1172329.22,360.76
-443714.88,-1172329.41,360.77
-443714.64,-1172329.62,360.78
-443714.40,-1172329.82,360.80
-443714.14,-1172330.04,360.81
-443713.64,-1172330.46,360.85
-443712.91,-1172331.07,360.89
-443712.43,-1172331.47,360.93
-443711.68,-1172332.10,360.99
-443711.43,-1172332.31,361.00
-443711.18,-1172332.52,361.01
-443710.94,-1172332.72,361.02
-443710.69,-1172332.93,361.03
-443710.45,-1172333.13,361.03
-443710.20,-1172333.34,361.03
-443709.96,-1172333.54,361.02
-443709.72,-1172333.73,361.01
-443709.48,-1172333.94,360.99
-443709.24,-1172334.14,360.98
-443708.99,-1172334.35,360.96
-443708.75,-1172334.55,360.94
-443708.52,-1172334.74,360.93
-443708.26,-1172334.96,360.92
-443708.03,-1172335.15,360.90
-443707.78,-1172335.36,360.88
-443707.28,-1172335.78,360.85
-443707.05,-1172335.97,360.83
-443706.79,-1172336.19,360.82
-443706.54,-1172336.40,360.80
-443706.29,-1172336.61,360.79
-443706.04,-1172336.82,360.78
-443705.78,-1172337.04,360.78
-443715.59,-1172328.43,360.74
-443715.32,-1172328.65,360.75
-443715.28,-1172330.46,360.76
-443715.04,-1172330.66,360.77
-443714.78,-1172330.88,360.79
-443714.55,-1172331.07,360.80
-443714.32,-1172331.26,360.81
-443714.08,-1172331.46,360.83
-443713.82,-1172331.68,360.84
-443713.59,-1172331.88,360.85
-443713.37,-1172332.06,360.86
-443713.11,-1172332.28,360.87
-443712.86,-1172332.48,360.89
-443712.61,-1172332.70,360.90
-443712.37,-1172332.90,360.93
-443711.89,-1172333.30,360.95
-443711.64,-1172333.51,360.97
-443711.39,-1172333.72,360.99
-443710.88,-1172334.14,361.02
-443710.15,-1172334.76,361.02
-443709.92,-1172334.95,361.01
-443709.67,-1172335.16,361.00
-443709.40,-1172335.38,360.98
-443708.92,-1172335.79,360.95
-443708.67,-1172335.99,360.94
-443708.41,-1172336.21,360.93
-443708.17,-1172336.41,360.91
-443707.93,-1172336.61,360.90
-443707.69,-1172336.81,360.89
-443707.42,-1172337.04,360.89
-443706.97,-1172337.42,360.89
-443706.72,-1172337.63,360.92
-443706.48,-1172337.83,360.95
-443715.23,-1172329.89,360.76
-443714.99,-1172330.09,360.77
-443714.75,-1172330.29,360.78
-443714.50,-1172330.50,360.80
-443714.03,-1172330.89,360.83
-443713.78,-1172331.11,360.84
-443713.54,-1172331.31,360.85
-443713.28,-1172331.52,360.87
-443712.56,-1172332.13,360.92
-443712.30,-1172332.34,360.94
-443711.55,-1172332.98,360.98
-443711.30,-1172333.18,361.00
-443710.83,-1172333.58,361.02
-443710.59,-1172333.78,361.03
-443710.34,-1172333.99,361.03
-443710.08,-1172334.21,361.02
-443709.59,-1172334.62,361.00
-443709.34,-1172334.82,360.98
-443709.09,-1172335.03,360.97
-443708.85,-1172335.23,360.95
-443708.60,-1172335.44,360.94
-443708.36,-1172335.64,360.93
-443708.10,-1172335.86,360.91
-443707.87,-1172336.05,360.89
-443707.63,-1172336.26,360.88
-443707.39,-1172336.45,360.87
-443707.15,-1172336.66,360.86
-443706.90,-1172336.86,360.86
-443706.66,-1172337.06,360.85
-443715.25,-1172329.56,360.75
-443715.02,-1172329.75,360.76
-443714.79,-1172329.94,360.77
-443714.53,-1172330.16,360.79
-443714.28,-1172330.37,360.81
-443714.05,-1172330.56,360.82
-443713.81,-1172330.77,360.84
-443713.54,-1172330.99,360.85
-443715.49,-1172331.19,360.76
-443715.25,-1172331.39,360.77
-443714.75,-1172331.81,360.80
-443714.50,-1172332.02,360.81
-443714.26,-1172332.23,360.82
-443713.99,-1172332.44,360.83
-443713.75,-1172332.65,360.84
-443713.51,-1172332.85,360.85
-443713.27,-1172333.05,360.87
-443713.01,-1172333.27,360.88
-443712.78,-1172333.46,360.89
-443712.55,-1172333.65,360.91
-443712.31,-1172333.86,360.94
-443712.06,-1172334.07,360.95
-443711.82,-1172334.27,360.96
-443711.58,-1172334.47,360.98
-443711.34,-1172334.67,361.00
-443711.08,-1172334.89,361.02
-443710.86,-1172335.07,361.04
-443710.61,-1172335.28,361.04
-443710.10,-1172335.70,361.02
-443709.88,-1172335.89,361.01
-443709.62,-1172336.11,360.99
-443709.36,-1172336.33,360.98
-443708.88,-1172336.73,360.97
-443708.61,-1172336.95,360.95
-443707.91,-1172337.54,360.98
-443715.62,-1172330.60,360.76
-443715.37,-1172330.82,360.76
-443715.11,-1172331.03,360.77
-443714.88,-1172331.23,360.79
-443714.63,-1172331.44,360.81
-443714.39,-1172331.64,360.82
-443714.13,-1172331.85,360.83
-443713.90,-1172332.05,360.83
-443713.66,-1172332.25,360.85
-443713.41,-1172332.46,360.86
-443713.19,-1172332.64,360.87
-443712.93,-1172332.86,360.89
-443712.46,-1172333.25,360.91
-443712.21,-1172333.47,360.94
-443711.98,-1172333.66,360.95
-443711.73,-1172333.87,360.96
-443711.46,-1172334.09,360.99
-443711.23,-1172334.28,361.00
-443711.00,-1172334.48,361.02
-443710.74,-1172334.69,361.03
-443710.24,-1172335.11,361.03
-443709.99,-1172335.33,361.01
-443709.74,-1172335.54,361.00
-443709.49,-1172335.74,360.98
-443709.26,-1172335.94,360.97
-443709.02,-1172336.14,360.95
-443708.76,-1172336.35,360.94
-443708.52,-1172336.56,360.94
-443708.27,-1172336.76,360.93
-443708.03,-1172336.97,360.92
-443707.52,-1172337.39,360.91
-443707.29,-1172337.59,360.93
-443707.03,-1172337.80,361.01
-443715.77,-1172330.05,360.73
-443715.51,-1172330.26,360.75
-443715.80,-1172331.77,360.75
-443715.55,-1172331.97,360.76
-443715.05,-1172332.40,360.78
-443714.79,-1172332.61,360.79
-443714.07,-1172333.22,360.82
-443713.83,-1172333.42,360.83
-443713.59,-1172333.62,360.85
-443712.84,-1172334.25,360.90
-443712.60,-1172334.45,360.92
-443712.34,-1172334.66,360.94
-443712.10,-1172334.87,360.95
-443711.85,-1172335.07,360.97
-443711.61,-1172335.27,360.99
-443711.35,-1172335.49,361.02
-443711.12,-1172335.69,361.02
-443710.89,-1172335.88,361.04
-443710.65,-1172336.08,361.04
-443710.40,-1172336.29,361.04
-443710.16,-1172336.50,361.04
-443709.93,-1172336.69,361.03
-443709.43,-1172337.11,361.03
-443709.19,-1172337.30,361.01
-443708.95,-1172337.50,361.04
-443714.95,-1172331.91,360.79
-443714.71,-1172332.12,360.80
-443714.47,-1172332.31,360.81
-443714.23,-1172332.52,360.82
-443713.48,-1172333.14,360.85
-443713.24,-1172333.35,360.87
-443712.97,-1172333.57,360.89
-443712.74,-1172333.77,360.90
-443712.49,-1172333.97,360.93
-443712.25,-1172334.17,360.94
-443712.00,-1172334.39,360.95
-443711.77,-1172334.58,360.97
-443711.53,-1172334.78,360.99
-443711.29,-1172334.98,361.01
-443711.05,-1172335.18,361.03
-443710.80,-1172335.39,361.04
-443710.32,-1172335.79,361.03
-443709.83,-1172336.20,361.00
-443709.59,-1172336.41,361.00
-443709.09,-1172336.83,360.98
-443715.86,-1172332.97,360.75
-443715.62,-1172333.17,360.75
-443715.39,-1172333.36,360.77
-443715.15,-1172333.57,360.77
-443714.91,-1172333.76,360.78
-443714.67,-1172333.97,360.79
-443714.42,-1172334.18,360.81
-443714.18,-1172334.37,360.81
-443713.93,-1172334.59,360.83
-443713.70,-1172334.78,360.85
-443713.45,-1172334.99,360.87
-443713.20,-1172335.20,360.89
-443712.96,-1172335.40,360.90
-443712.73,-1172335.59,360.92
-443712.47,-1172335.81,360.94
-443711.71,-1172336.45,361.03
-443711.00,-1172337.05,361.06
-443710.75,-1172337.25,361.07
-443715.92,-1172332.56,360.75
-443715.68,-1172332.76,360.75
-443715.45,-1172332.96,360.76
-443715.20,-1172333.17,360.77
-443714.95,-1172333.37,360.78
-443714.72,-1172333.56,360.79
-443714.46,-1172333.79,360.81
-443713.97,-1172334.19,360.83
-443713.74,-1172334.39,360.84
-443713.48,-1172334.61,360.86
-443713.22,-1172334.82,360.88
-443712.98,-1172335.02,360.90
-443712.73,-1172335.24,360.91
-443712.01,-1172335.84,360.98
-443711.76,-1172336.05,361.00
-443711.51,-1172336.26,361.03
-443710.76,-1172336.88,361.06
-443710.51,-1172337.10,361.06
-443710.27,-1172337.30,361.06
-443715.68,-1172332.23,360.76
-443715.44,-1172332.43,360.76
-443715.19,-1172332.64,360.77
-443714.70,-1172333.05,360.79
-443714.47,-1172333.25,360.81
-443714.20,-1172333.47,360.82
-443713.95,-1172333.68,360.83
-443712.96,-1172334.51,360.90
-443712.72,-1172334.71,360.91
-443712.49,-1172334.90,360.93
-443712.23,-1172335.12,360.95
-443711.98,-1172335.33,360.97
-443711.49,-1172335.74,361.02
-443711.24,-1172335.95,361.03
-443710.99,-1172336.16,361.04
-443710.75,-1172336.36,361.04
-443710.50,-1172336.57,361.05
-443710.26,-1172336.77,361.05
-443710.00,-1172336.99,361.05
-443709.77,-1172337.19,361.05
-443709.54,-1172337.38,361.05
-443715.41,-1172335.63,360.78
-443714.94,-1172336.02,360.82
-443713.95,-1172336.86,360.85
-443716.12,-1172334.52,360.74
-443715.88,-1172334.73,360.75
-443715.11,-1172335.37,360.78
-443714.86,-1172335.58,360.80
-443714.39,-1172335.98,360.85
-443714.16,-1172336.17,360.87
-443713.42,-1172336.79,360.89
-443715.94,-1172334.43,360.74
-443715.71,-1172334.62,360.75
-443715.47,-1172334.83,360.76
-443715.21,-1172335.04,360.77
-443714.22,-1172335.88,360.85
-443713.98,-1172336.08,360.88
-443713.24,-1172336.69,360.89
-443713.00,-1172336.89,360.89
-443716.03,-1172333.87,360.74
-443715.29,-1172334.50,360.77
-443715.04,-1172334.70,360.78
-443714.78,-1172334.92,360.79
-443714.54,-1172335.13,360.81
-443714.30,-1172335.33,360.82
-443714.05,-1172335.53,360.84
-443713.81,-1172335.74,360.87
-443713.56,-1172335.94,360.89
-443713.33,-1172336.13,360.91
-443713.10,-1172336.33,360.92
-443712.86,-1172336.53,360.93
-443712.61,-1172336.74,360.95
-443712.37,-1172336.94,360.95
-443715.89,-1172333.58,360.75
-443715.67,-1172333.76,360.75
-443715.40,-1172333.99,360.77
-443715.16,-1172334.19,360.78
-443714.92,-1172334.39,360.78
-443714.68,-1172334.59,360.80
-443714.43,-1172334.80,360.81
-443714.21,-1172334.99,360.82
-443713.98,-1172335.18,360.84
-443713.73,-1172335.39,360.85
-443713.48,-1172335.60,360.88
-443713.24,-1172335.80,360.89
-443712.99,-1172336.01,360.91
-443712.75,-1172336.21,360.94
-443712.50,-1172336.42,360.96
-443712.25,-1172336.63,360.98
-443711.78,-1172337.03,361.02
-443716.42,-1172335.98,360.75
-443715.71,-1172336.57,360.82
-443715.44,-1172336.80,360.88
-443716.40,-1172335.61,360.74
-443716.16,-1172335.81,360.75
-443715.20,-1172336.61,360.85
-443716.23,-1172335.27,360.74
-443715.98,-1172335.49,360.75
-443715.74,-1172335.69,360.77
-443715.50,-1172335.89,360.78
-443715.25,-1172336.10,360.81
-443716.15,-1172335.00,360.74
-443715.92,-1172335.20,360.74
-443715.67,-1172335.41,360.76
-443724.61,-1172320.17,358.86
-443724.50,-1172320.43,358.88
-443723.67,-1172320.53,358.93
-443724.20,-1172320.41,358.92
-443723.46,-1172320.50,358.94
-443723.05,-1172320.49,358.92
-443722.67,-1172320.52,358.92
-443715.93,-1172335.48,360.75
-443715.79,-1172335.82,360.77
-443715.40,-1172336.76,360.87
-443716.10,-1172336.52,360.78
-443715.90,-1172332.72,360.75
-443715.77,-1172333.04,360.75
-443715.63,-1172333.37,360.76
-443715.49,-1172333.70,360.76
-443715.33,-1172334.10,360.77
-443715.21,-1172334.39,360.77
-443715.07,-1172334.73,360.78
-443714.92,-1172335.09,360.78
-443714.77,-1172335.45,360.80
-443714.64,-1172335.78,360.83
-443714.50,-1172336.11,360.85
-443714.37,-1172336.44,360.85
-443716.04,-1172333.24,360.74
-443715.90,-1172333.59,360.74
-443715.62,-1172334.26,360.76
-443715.47,-1172334.63,360.76
-443715.32,-1172334.99,360.77
-443715.19,-1172335.32,360.78
-443715.04,-1172335.68,360.80
-443714.90,-1172336.02,360.82
-443714.64,-1172336.65,360.85
-443716.00,-1172334.53,360.74
-443715.83,-1172334.92,360.75
-443715.69,-1172335.28,360.75
-443715.56,-1172335.60,360.77
-443715.41,-1172335.94,360.79
-443715.17,-1172336.54,360.85
-443715.03,-1172336.88,360.85
-443716.06,-1172335.15,360.74
-443715.63,-1172331.52,360.76
-443715.47,-1172331.90,360.77
-443715.35,-1172332.20,360.77
-443715.19,-1172332.58,360.77
-443715.04,-1172332.94,360.78
-443714.90,-1172333.28,360.79
-443714.76,-1172333.64,360.79
-443714.63,-1172333.96,360.80
-443714.47,-1172334.33,360.81
-443714.32,-1172334.69,360.81
-443714.18,-1172335.03,360.83
-443714.05,-1172335.36,360.84
-443713.90,-1172335.73,360.87
-443713.77,-1172336.04,360.88
-443713.64,-1172336.37,360.89
-443713.38,-1172336.98,360.86
-443720.33,-1172320.69,358.91
-443715.89,-1172331.52,360.75
-443715.75,-1172331.86,360.75
-443715.60,-1172332.23,360.76
-443715.32,-1172332.91,360.77
-443715.17,-1172333.28,360.77
-443715.03,-1172333.62,360.78
-443714.88,-1172333.98,360.79
-443714.75,-1172334.30,360.79
-443714.61,-1172334.63,360.80
-443714.46,-1172334.99,360.81
-443714.33,-1172335.31,360.82
-443714.18,-1172335.67,360.84
-443714.05,-1172336.00,360.87
-443713.92,-1172336.31,360.88
-443713.79,-1172336.64,360.88
-443713.67,-1172336.92,360.86
-443717.10,-1172326.06,360.38
-443716.79,-1172326.83,360.38
-443715.57,-1172329.80,360.75
-443715.43,-1172330.15,360.76
-443715.29,-1172330.48,360.76
-443715.14,-1172330.85,360.77
-443715.01,-1172331.17,360.78
-443714.86,-1172331.53,360.80
-443714.58,-1172332.21,360.81
-443714.43,-1172332.57,360.81
-443714.29,-1172332.91,360.82
-443714.14,-1172333.27,360.82
-443714.00,-1172333.62,360.83
-443713.70,-1172334.35,360.84
-443713.56,-1172334.68,360.86
-443713.43,-1172335.01,360.87
-443713.30,-1172335.32,360.88
-443713.14,-1172335.71,360.90
-443713.00,-1172336.05,360.91
-443712.87,-1172336.38,360.93
-443712.59,-1172337.05,360.91
-443719.57,-1172320.81,358.98
-443715.55,-1172330.62,360.76
-443715.42,-1172330.94,360.76
-443715.12,-1172331.66,360.78
-443714.97,-1172332.02,360.79
-443714.83,-1172332.36,360.79
-443714.68,-1172332.73,360.80
-443714.53,-1172333.09,360.81
-443714.40,-1172333.42,360.81
-443714.27,-1172333.74,360.81
-443713.97,-1172334.45,360.83
-443713.69,-1172335.15,360.85
-443713.54,-1172335.50,360.87
-443713.40,-1172335.85,360.89
-443713.27,-1172336.17,360.91
-443713.00,-1172336.84,360.91
-443720.06,-1172320.71,358.95
-443713.25,-1172333.65,360.87
-443713.11,-1172333.98,360.88
-443712.97,-1172334.33,360.90
-443712.82,-1172334.70,360.90
-443712.68,-1172335.03,360.92
-443712.55,-1172335.35,360.92
-443712.41,-1172335.69,360.94
-443712.25,-1172336.07,360.96
-443712.11,-1172336.42,361.00
-443711.97,-1172336.76,361.01
-443711.84,-1172337.08,361.01
-443719.15,-1172319.75,358.93
-443718.74,-1172320.75,359.01
-443716.68,-1172325.77,360.52
-443716.54,-1172326.11,360.50
-443716.40,-1172326.46,360.47
-443716.25,-1172326.84,360.46
-443715.43,-1172328.82,360.74
-443715.29,-1172329.17,360.75
-443715.15,-1172329.52,360.76
-443715.00,-1172329.87,360.77
-443714.87,-1172330.20,360.77
-443714.72,-1172330.54,360.79
-443714.59,-1172330.88,360.80
-443714.45,-1172331.20,360.81
-443714.31,-1172331.56,360.82
-443714.16,-1172331.91,360.83
-443714.03,-1172332.24,360.83
-443713.89,-1172332.58,360.84
-443713.75,-1172332.92,360.84
-443713.60,-1172333.28,360.85
-443713.45,-1172333.64,360.86
-443713.31,-1172333.98,360.87
-443713.18,-1172334.31,360.89
-443713.03,-1172334.67,360.90
-443712.89,-1172335.02,360.90
-443712.73,-1172335.39,360.91
-443712.59,-1172335.73,360.93
-443712.45,-1172336.09,360.95
-443712.31,-1172336.41,360.98
-443712.18,-1172336.75,360.99
-443712.05,-1172337.05,361.00
-443719.30,-1172320.70,359.00
-443718.26,-1172320.45,358.99
-443718.13,-1172320.78,359.00
-443718.00,-1172321.10,359.00
-443716.87,-1172323.86,360.72
-443716.57,-1172324.61,360.69
-443716.26,-1172325.35,360.59
-443716.11,-1172325.72,360.55
-443715.96,-1172326.08,360.53
-443715.43,-1172327.39,360.73
-443715.27,-1172327.77,360.75
-443715.13,-1172328.12,360.77
-443714.99,-1172328.46,360.77
-443714.85,-1172328.79,360.78
-443714.72,-1172329.12,360.78
-443714.42,-1172329.84,360.80
-443714.28,-1172330.18,360.81
-443714.14,-1172330.52,360.81
-443713.99,-1172330.89,360.83
-443713.84,-1172331.26,360.84
-443713.71,-1172331.56,360.85
-443713.43,-1172332.25,360.86
-443713.28,-1172332.62,360.86
-443713.14,-1172332.96,360.88
-443713.00,-1172333.30,360.88
-443712.73,-1172333.95,360.91
-443712.58,-1172334.32,360.92
-443712.45,-1172334.64,360.93
-443712.31,-1172334.97,360.94
-443712.16,-1172335.34,360.96
-443711.73,-1172336.39,361.03
-443711.46,-1172337.04,361.05
-443719.22,-1172319.06,358.93
-443718.77,-1172320.17,359.00
-443718.64,-1172320.48,359.02
-443718.52,-1172320.77,359.00
-443716.47,-1172325.80,360.54
-443716.33,-1172326.15,360.51
-443716.18,-1172326.49,360.50
-443715.37,-1172328.49,360.75
-443715.08,-1172329.18,360.76
-443714.93,-1172329.54,360.77
-443714.79,-1172329.89,360.77
-443714.65,-1172330.22,360.79
-443714.52,-1172330.55,360.80
-443714.22,-1172331.27,360.82
-443714.09,-1172331.60,360.83
-443713.95,-1172331.93,360.83
-443713.81,-1172332.28,360.84
-443713.53,-1172332.96,360.85
-443713.39,-1172333.31,360.86
-443713.42,-1172330.49,360.85
-443713.28,-1172330.84,360.86
-443713.13,-1172331.19,360.87
-443712.99,-1172331.53,360.89
-443712.72,-1172332.20,360.91
-443712.58,-1172332.54,360.91
-443712.42,-1172332.93,360.92
-443712.29,-1172333.24,360.93
-443712.15,-1172333.59,360.94
-443711.99,-1172333.98,360.95
-443711.85,-1172334.32,360.96
-443711.72,-1172334.63,360.98
-443711.57,-1172335.00,360.99
-443711.43,-1172335.32,361.01
-443711.15,-1172336.02,361.03
-443711.01,-1172336.36,361.04
-443710.73,-1172337.04,361.06
-443710.59,-1172337.38,361.07
-443718.31,-1172319.76,358.85
-443718.18,-1172320.08,358.90
-443718.07,-1172320.37,358.95
-443717.95,-1172320.65,359.00
-443717.82,-1172320.98,359.01
-443716.66,-1172323.83,360.75
-443716.51,-1172324.18,360.74
-443716.35,-1172324.56,360.70
-443716.21,-1172324.92,360.65
-443716.06,-1172325.27,360.60
-443715.91,-1172325.64,360.56
-443715.77,-1172325.98,360.55
-443715.23,-1172327.30,360.75
-443715.09,-1172327.64,360.77
-443714.95,-1172327.98,360.77
-443714.80,-1172328.36,360.78
-443714.66,-1172328.69,360.78
-443714.52,-1172329.04,360.79
-443714.37,-1172329.41,360.80
-443714.21,-1172329.78,360.81
-443714.08,-1172330.10,360.82
-443713.95,-1172330.43,360.82
-443713.81,-1172330.77,360.84
-443713.67,-1172331.10,360.85
-443713.52,-1172331.47,360.86
-443713.38,-1172331.81,360.86
-443713.23,-1172332.18,360.87
-443713.08,-1172332.53,360.88
-443712.94,-1172332.88,360.89
-443712.79,-1172333.25,360.89
-443712.65,-1172333.59,360.90
-443712.51,-1172333.92,360.93
-443712.37,-1172334.26,360.94
-443712.23,-1172334.62,360.95
-443712.09,-1172334.95,360.96
-443711.96,-1172335.27,360.97
-443711.83,-1172335.59,360.99
-443711.67,-1172335.98,361.00
-443711.53,-1172336.30,361.03
-443711.40,-1172336.62,361.04
-443711.26,-1172336.98,361.06
-443711.12,-1172337.30,361.07
-443719.13,-1172318.34,358.87
-443717.87,-1172319.10,358.62
-443717.74,-1172319.42,358.69
-443717.49,-1172320.03,358.85
-443717.36,-1172320.36,358.96
-443717.24,-1172320.66,359.02
-443716.27,-1172323.03,360.94
-443716.11,-1172323.43,360.87
-443715.96,-1172323.80,360.82
-443715.82,-1172324.15,360.76
-443715.66,-1172324.53,360.71
-443715.50,-1172324.92,360.65
-443715.35,-1172325.29,360.62
-443715.21,-1172325.63,360.59
-443715.05,-1172326.02,360.58
-443714.53,-1172327.29,360.80
-443714.39,-1172327.63,360.81
-443714.26,-1172327.95,360.80
-443714.11,-1172328.31,360.81
-443713.96,-1172328.66,360.82
-443713.83,-1172328.99,360.82
-443713.69,-1172329.34,360.83
-443713.54,-1172329.70,360.84
-443713.39,-1172330.05,360.85
-443713.25,-1172330.40,360.86
-443713.11,-1172330.73,360.87
-443712.98,-1172331.07,360.88
-443712.55,-1172332.12,360.93
-443712.39,-1172332.49,360.93
-443712.24,-1172332.86,360.93
-443712.11,-1172333.17,360.94
-443711.97,-1172333.52,360.95
-443711.70,-1172334.19,360.97
-443711.55,-1172334.55,360.99
-443711.41,-1172334.90,361.00
-443711.26,-1172335.24,361.02
-443711.12,-1172335.60,361.03
-443710.98,-1172335.94,361.04
-443710.82,-1172336.33,361.04
-443710.67,-1172336.68,361.05
-443710.54,-1172336.99,361.06
-443718.05,-1172319.17,358.66
-443717.93,-1172319.48,358.71
-443717.53,-1172320.44,358.98
-443717.27,-1172321.08,359.04
-443716.45,-1172323.11,360.88
-443716.28,-1172323.53,360.84
-443716.14,-1172323.87,360.80
-443715.98,-1172324.26,360.75
-443715.83,-1172324.63,360.69
-443715.67,-1172325.00,360.64
-443715.52,-1172325.37,360.60
-443715.38,-1172325.71,360.58
-443715.24,-1172326.05,360.57
-443714.72,-1172327.32,360.79
-443714.57,-1172327.70,360.79
-443714.43,-1172328.03,360.79
-443714.29,-1172328.37,360.80
-443714.14,-1172328.73,360.80
-443714.00,-1172329.09,360.82
-443713.72,-1172329.76,360.83
-443713.57,-1172330.12,360.84
-443713.19,-1172328.67,360.85
-443712.90,-1172329.36,360.87
-443712.61,-1172330.09,360.88
-443712.48,-1172330.39,360.89
-443712.35,-1172330.71,360.91
-443712.02,-1172331.51,360.97
-443711.78,-1172332.09,360.99
-443711.64,-1172332.44,360.98
-443711.50,-1172332.78,360.98
-443711.07,-1172333.83,361.01
-443710.93,-1172334.17,361.02
-443710.80,-1172334.49,361.03
-443710.64,-1172334.88,361.03
-443710.49,-1172335.25,361.04
-443710.34,-1172335.61,361.03
-443710.20,-1172335.95,361.02
-443710.04,-1172336.33,361.02
-443709.91,-1172336.66,361.02
-443709.64,-1172337.31,361.04
-443717.45,-1172319.06,358.56
-443717.21,-1172319.65,358.71
-443717.08,-1172319.97,358.86
-443715.72,-1172323.32,360.90
-443715.56,-1172323.70,360.83
-443715.42,-1172324.05,360.78
-443715.27,-1172324.42,360.72
-443715.12,-1172324.78,360.67
-443714.97,-1172325.15,360.63
-443714.81,-1172325.53,360.61
-443714.67,-1172325.88,360.59
-443714.52,-1172326.24,360.59
-443713.99,-1172327.55,360.83
-443713.85,-1172327.89,360.82
-443713.70,-1172328.25,360.83
-443713.57,-1172328.57,360.84
-443713.42,-1172328.92,360.84
-443713.29,-1172329.24,360.85
-443713.15,-1172329.59,360.85
-443712.99,-1172329.97,360.87
-443712.87,-1172330.28,360.87
-443712.72,-1172330.63,360.89
-443712.58,-1172330.98,360.90
-443712.24,-1172331.80,360.95
-443711.88,-1172332.67,360.96
-443711.74,-1172333.04,360.97
-443711.58,-1172333.40,360.98
-443711.44,-1172333.76,360.99
-443711.30,-1172334.10,361.00
-443711.16,-1172334.43,361.01
-443711.01,-1172334.81,361.02
-443710.88,-1172335.12,361.04
-443710.59,-1172335.83,361.04
-443710.42,-1172336.23,361.04
-443710.29,-1172336.56,361.05
-443710.14,-1172336.93,361.05
-443710.01,-1172337.25,361.06
-443709.86,-1172337.60,361.08
-443715.65,-1172321.30,361.90
-443714.74,-1172323.51,360.88
-443714.58,-1172323.89,360.82
-443714.42,-1172324.28,360.76
-443714.28,-1172324.62,360.72
-443714.13,-1172325.00,360.67
-443713.98,-1172325.37,360.63
-443713.83,-1172325.72,360.61
-443713.68,-1172326.10,360.61
-443713.53,-1172326.46,360.62
-443713.15,-1172327.40,360.87
-443713.01,-1172327.73,360.87
-443712.86,-1172328.09,360.87
-443712.72,-1172328.44,360.87
-443712.59,-1172328.76,360.88
-443712.42,-1172329.15,360.89
-443712.29,-1172329.49,360.90
-443712.14,-1172329.85,360.90
-443712.01,-1172330.17,360.92
-443711.73,-1172330.85,360.97
-443711.58,-1172331.22,360.98
-443711.44,-1172331.56,360.99
-443711.16,-1172332.23,361.01
-443711.03,-1172332.55,361.01
-443710.89,-1172332.90,361.02
-443710.75,-1172333.23,361.02
-443710.61,-1172333.58,361.03
-443710.45,-1172333.97,361.03
-443710.31,-1172334.29,361.03
-443710.02,-1172335.02,361.02
-443709.88,-1172335.36,361.00
-443709.73,-1172335.72,361.00
-443709.58,-1172336.08,360.99
-443709.43,-1172336.45,360.99
-443709.01,-1172337.47,361.04
-443717.33,-1172318.53,358.42
-443717.22,-1172318.81,358.50
-443717.08,-1172319.15,358.57
-443716.96,-1172319.44,358.68
-443715.35,-1172323.38,360.88
-443715.19,-1172323.77,360.82
-443715.04,-1172324.14,360.77
-443714.89,-1172324.53,360.72
-443714.73,-1172324.90,360.66
-443714.58,-1172325.27,360.63
-443714.44,-1172325.61,360.61
-443714.29,-1172325.98,360.60
-443713.76,-1172327.27,360.83
-443713.61,-1172327.64,360.85
-443713.47,-1172327.97,360.85
-443713.32,-1172328.35,360.85
-443711.22,-1172329.93,360.98
-443711.08,-1172330.28,360.99
-443710.95,-1172330.60,361.00
-443710.65,-1172331.33,361.02
-443710.52,-1172331.65,361.02
-443710.37,-1172332.01,361.03
-443710.22,-1172332.38,361.03
-443710.07,-1172332.73,361.03
-443709.94,-1172333.06,361.03
-443709.78,-1172333.44,361.02
-443709.64,-1172333.78,361.00
-443709.49,-1172334.16,360.99
-443709.34,-1172334.52,360.98
-443709.20,-1172334.86,360.98
-443709.06,-1172335.20,360.97
-443708.92,-1172335.54,360.95
-443708.78,-1172335.89,360.94
-443708.63,-1172336.25,360.94
-443708.49,-1172336.60,360.94
-443708.33,-1172336.98,360.94
-443708.21,-1172337.27,360.96
-443708.08,-1172337.58,361.00
-443716.77,-1172317.74,358.22
-443716.65,-1172318.04,358.29
-443715.31,-1172321.38,361.89
-443714.52,-1172323.27,360.94
-443714.37,-1172323.64,360.86
-443714.22,-1172324.00,360.81
-443714.09,-1172324.33,360.77
-443713.94,-1172324.71,360.72
-443713.78,-1172325.08,360.67
-443713.63,-1172325.45,360.64
-443713.48,-1172325.81,360.61
-443713.34,-1172326.17,360.61
-443713.19,-1172326.53,360.62
-443712.81,-1172327.45,360.89
-443712.65,-1172327.84,360.90
-443712.52,-1172328.17,360.89
-443712.38,-1172328.51,360.90
-443712.23,-1172328.87,360.91
-443712.10,-1172329.18,360.92
-443711.96,-1172329.53,360.93
-443711.80,-1172329.91,360.93
-443711.65,-1172330.28,360.94
-443711.52,-1172330.59,360.96
-443711.23,-1172331.31,361.00
-443711.08,-1172331.67,361.01
-443710.95,-1172331.98,361.02
-443710.82,-1172332.31,361.02
-443710.66,-1172332.69,361.03
-443710.52,-1172333.03,361.04
-443710.39,-1172333.35,361.03
-443710.25,-1172333.70,361.03
-443710.09,-1172334.08,361.02
-443709.94,-1172334.44,361.01
-443709.82,-1172334.74,361.01
-443709.67,-1172335.10,361.00
-443709.52,-1172335.48,360.99
-443709.39,-1172335.80,360.98
-443709.06,-1172336.58,360.97
-443708.94,-1172336.90,360.97
-443708.82,-1172337.18,360.98
-443714.28,-1172321.60,361.90
-443713.46,-1172323.57,360.89
-443713.31,-1172323.96,360.84
-443713.16,-1172324.31,360.80
-443713.02,-1172324.66,360.75
-443712.86,-1172325.03,360.71
-443712.72,-1172325.39,360.67
-443712.57,-1172325.74,360.63
-443712.42,-1172326.11,360.62
-443712.28,-1172326.46,360.62
-443711.93,-1172327.31,360.94
-443711.76,-1172327.72,360.95
-443711.63,-1172328.05,360.95
-443711.35,-1172328.73,360.97
-443711.20,-1172329.09,360.98
-443711.08,-1172329.39,360.99
-443710.93,-1172329.76,361.00
-443710.78,-1172330.13,361.01
-443710.63,-1172330.49,361.01
-443710.35,-1172331.17,361.02
-443710.19,-1172331.55,361.03
-443710.05,-1172331.89,361.03
-443709.92,-1172332.21,361.03
-443709.76,-1172332.59,361.03
-443709.61,-1172332.96,361.01
-443709.47,-1172333.30,361.00
-443709.17,-1172334.05,360.98
-443709.02,-1172334.41,360.96
-443708.89,-1172334.73,360.95
-443708.74,-1172335.08,360.94
-443708.59,-1172335.46,360.94
-443708.44,-1172335.82,360.93
-443708.30,-1172336.16,360.92
-443708.16,-1172336.51,360.91
-443708.01,-1172336.87,360.92
-443707.77,-1172337.45,360.97
-443716.56,-1172316.86,358.00
-443714.70,-1172321.47,361.90
-443713.92,-1172323.35,360.93
-443713.77,-1172323.71,360.86
-443713.63,-1172324.07,360.81
-443713.49,-1172324.41,360.77
-443713.34,-1172324.77,360.73
-443713.18,-1172325.16,360.68
-443713.04,-1172325.51,360.64
-443712.89,-1172325.86,360.62
-443712.74,-1172326.24,360.62
-443712.60,-1172326.57,360.63
-443712.39,-1172327.09,360.91
-443712.22,-1172327.50,360.93
-443712.08,-1172327.83,360.93
-443711.93,-1172328.19,360.93
-443711.79,-1172328.55,360.93
-443711.65,-1172328.89,360.94
-443711.50,-1172329.25,360.96
-443714.67,-1172319.28,360.60
-443712.87,-1172323.70,360.89
-443712.71,-1172324.07,360.84
-443712.56,-1172324.45,360.79
-443712.41,-1172324.81,360.75
-443712.25,-1172325.19,360.70
-443712.10,-1172325.57,360.66
-443711.96,-1172325.91,360.63
-443711.80,-1172326.30,360.62
-443711.31,-1172327.49,360.97
-443711.17,-1172327.85,360.98
-443711.02,-1172328.21,360.98
-443710.88,-1172328.55,360.99
-443710.73,-1172328.90,361.01
-443710.47,-1172329.55,361.03
-443710.32,-1172329.90,361.03
-443710.17,-1172330.28,361.03
-443710.03,-1172330.62,361.02
-443709.89,-1172330.96,361.02
-443709.74,-1172331.33,361.02
-443709.59,-1172331.68,361.01
-443709.44,-1172332.05,361.00
-443709.30,-1172332.41,360.99
-443709.14,-1172332.78,360.99
-443708.99,-1172333.16,360.97
-443708.85,-1172333.49,360.96
-443708.71,-1172333.83,360.94
-443708.57,-1172334.18,360.93
-443708.42,-1172334.54,360.93
-443708.26,-1172334.93,360.92
-443708.12,-1172335.26,360.91
-443707.98,-1172335.62,360.89
-443707.83,-1172335.98,360.89
-443707.67,-1172336.36,360.88
-443707.54,-1172336.70,360.88
-443707.38,-1172337.07,360.89
-443707.14,-1172337.66,360.99
-443707.08,-1172336.22,360.84
-443706.93,-1172336.59,360.84
-443706.80,-1172336.91,360.86
-443706.42,-1172337.84,360.93
-443714.53,-1172319.10,360.58
-443714.39,-1172319.42,360.62
-443713.53,-1172321.56,361.90
-443712.72,-1172323.51,360.94
-443712.57,-1172323.89,360.87
-443712.42,-1172324.25,360.83
-443712.27,-1172324.61,360.78
-443712.13,-1172324.95,360.74
-443711.97,-1172325.34,360.69
-443711.82,-1172325.72,360.65
-443711.68,-1172326.06,360.62
-443711.52,-1172326.43,360.63
-443711.17,-1172327.30,360.97
-443711.01,-1172327.69,360.99
-443710.87,-1172328.03,360.99
-443710.73,-1172328.38,361.01
-443710.59,-1172328.72,361.02
-443710.31,-1172329.40,361.03
-443710.17,-1172329.73,361.04
-443710.03,-1172330.07,361.03
-443709.89,-1172330.43,361.02
-443709.75,-1172330.77,361.02
-443709.59,-1172331.15,361.01
-443709.46,-1172331.48,361.00
-443709.30,-1172331.86,360.99
-443709.15,-1172332.23,360.99
-443709.01,-1172332.56,360.98
-443708.87,-1172332.90,360.97
-443708.71,-1172333.29,360.94
-443708.57,-1172333.64,360.93
-443708.43,-1172333.99,360.92
-443708.27,-1172334.38,360.91
-443708.12,-1172334.73,360.91
-443707.98,-1172335.07,360.90
-443707.84,-1172335.43,360.88
-443707.70,-1172335.77,360.88
-443707.55,-1172336.13,360.87
-443707.26,-1172336.83,360.87
-443707.11,-1172337.19,360.89
-443707.00,-1172337.47,360.89
-443706.87,-1172337.78,361.02
-443709.63,-1172329.24,361.02
-443709.49,-1172329.59,361.02
-443709.35,-1172329.93,361.01
-443709.20,-1172330.30,361.00
-443709.05,-1172330.67,360.98
-443708.91,-1172331.01,360.97
-443708.75,-1172331.38,360.96
-443708.62,-1172331.71,360.95
-443708.48,-1172332.05,360.94
-443708.33,-1172332.41,360.93
-443708.19,-1172332.75,360.92
-443708.04,-1172333.13,360.91
-443707.90,-1172333.46,360.89
-443707.76,-1172333.80,360.88
-443707.61,-1172334.16,360.87
-443707.47,-1172334.50,360.86
-443707.32,-1172334.88,360.86
-443707.18,-1172335.23,360.84
-443707.03,-1172335.58,360.83
-443706.89,-1172335.94,360.82
-443706.74,-1172336.29,360.82
-443706.60,-1172336.64,360.82
-443706.44,-1172337.02,360.83
-443714.47,-1172318.18,360.44
-443714.33,-1172318.53,360.49
-443714.19,-1172318.85,360.53
-443714.06,-1172319.19,360.58
-443713.07,-1172321.63,361.91
-443712.14,-1172323.89,360.88
-443711.99,-1172324.25,360.84
-443711.83,-1172324.63,360.79
-443711.67,-1172325.02,360.74
-443711.52,-1172325.40,360.70
-443711.37,-1172325.75,360.65
-443711.22,-1172326.11,360.63
-443711.09,-1172326.45,360.64
-443710.74,-1172327.29,361.00
-443710.57,-1172327.72,361.02
-443710.28,-1172328.41,361.03
-443710.14,-1172328.76,361.04
-443709.99,-1172329.13,361.04
-443709.56,-1172330.16,361.02
-443709.41,-1172330.53,361.01
-443709.27,-1172330.87,361.00
-443709.14,-1172331.21,360.99
-443708.98,-1172331.58,360.98
-443708.85,-1172331.90,360.97
-443708.70,-1172332.27,360.96
-443708.55,-1172332.62,360.94
-443708.41,-1172332.98,360.93
-443708.26,-1172333.34,360.91
-443708.11,-1172333.70,360.91
-443707.83,-1172334.39,360.88
-443707.68,-1172334.76,360.88
-443707.54,-1172335.10,360.87
-443707.38,-1172335.50,360.86
-443707.23,-1172335.86,360.85
-443711.23,-1172323.86,360.92
-443711.09,-1172324.22,360.87
-443710.94,-1172324.59,360.82
-443710.78,-1172324.97,360.77
-443710.64,-1172325.31,360.73
-443710.48,-1172325.70,360.71
-443710.11,-1172326.59,361.02
-443709.81,-1172327.33,361.03
-443709.67,-1172327.68,361.03
-443709.37,-1172328.41,361.02
-443709.21,-1172328.79,361.00
-443709.09,-1172329.10,360.99
-443708.95,-1172329.44,360.98
-443708.79,-1172329.81,360.97
-443708.64,-1172330.19,360.96
-443708.50,-1172330.53,360.95
-443708.35,-1172330.89,360.93
-443708.21,-1172331.24,360.92
-443708.05,-1172331.61,360.92
-443707.92,-1172331.95,360.89
-443707.77,-1172332.31,360.88
-443707.61,-1172332.70,360.87
-443707.46,-1172333.06,360.86
-443707.34,-1172333.37,360.85
-443707.19,-1172333.72,360.85
-443707.05,-1172334.06,360.84
-443706.91,-1172334.39,360.83
-443706.76,-1172334.76,360.82
-443706.61,-1172335.13,360.81
-443706.47,-1172335.48,360.80
-443706.33,-1172335.82,360.79
-443706.18,-1172336.19,360.78
-443706.03,-1172336.55,360.78
-443705.88,-1172336.91,360.78
-443714.41,-1172317.58,360.38
-443714.25,-1172317.95,360.44
-443714.13,-1172318.26,360.46
-443713.99,-1172318.59,360.50
-443713.84,-1172318.95,360.55
-443713.70,-1172319.30,360.60
-443712.71,-1172321.74,361.92
-443711.93,-1172323.63,360.94
-443711.78,-1172323.99,360.88
-443711.62,-1172324.38,360.84
-443711.48,-1172324.74,360.80
-443711.33,-1172325.09,360.74
-443711.17,-1172325.48,360.70
-443711.02,-1172325.85,360.65
-443710.87,-1172326.22,360.65
-443710.73,-1172326.57,360.69
-443710.51,-1172327.11,361.02
-443710.37,-1172327.44,361.03
-443710.08,-1172328.15,361.03
-443709.93,-1172328.51,361.03
-443709.80,-1172328.84,361.03
-443714.12,-1172316.12,360.25
-443713.98,-1172316.47,360.27
-443713.83,-1172316.84,360.31
-443713.70,-1172317.16,360.34
-443713.57,-1172317.47,360.37
-443713.42,-1172317.83,360.41
-443713.28,-1172318.18,360.44
-443713.15,-1172318.50,360.48
-443713.01,-1172318.84,360.52
-443712.86,-1172319.19,360.58
-443712.73,-1172319.51,360.61
-443711.85,-1172321.70,361.93
-443711.09,-1172323.55,360.99
-443710.93,-1172323.93,360.92
-443710.78,-1172324.28,360.87
-443710.63,-1172324.65,360.82
-443710.49,-1172325.00,360.77
-443710.35,-1172325.33,360.74
-443709.67,-1172327.01,361.03
-443709.53,-1172327.35,361.03
-443709.38,-1172327.70,361.02
-443709.24,-1172328.04,361.00
-443709.08,-1172328.43,361.00
-443708.95,-1172328.77,360.98
-443708.80,-1172329.13,360.98
-443708.65,-1172329.50,360.97
-443708.50,-1172329.86,360.96
-443708.36,-1172330.20,360.95
-443708.22,-1172330.54,360.93
-443708.07,-1172330.91,360.92
-443707.93,-1172331.25,360.91
-443707.77,-1172331.63,360.89
-443707.64,-1172331.96,360.87
-443707.48,-1172332.34,360.87
-443707.34,-1172332.68,360.86
-443707.19,-1172333.06,360.85
-443707.04,-1172333.41,360.84
-443706.90,-1172333.77,360.83
-443706.76,-1172334.10,360.83
-443706.60,-1172334.49,360.81
-443706.45,-1172334.85,360.80
-443706.31,-1172335.19,360.80
-443706.18,-1172335.50,360.79
-443706.05,-1172335.84,360.77
-443705.90,-1172336.21,360.77
-443705.75,-1172336.56,360.76
-443714.12,-1172316.81,360.30
-443713.98,-1172317.14,360.34
-443713.83,-1172317.50,360.38
-443713.69,-1172317.85,360.41
-443713.56,-1172318.16,360.44
-443713.44,-1172318.47,360.48
-443713.30,-1172318.80,360.52
-443713.16,-1172319.16,360.57
-443713.02,-1172319.48,360.60
-443709.63,-1172325.40,360.76
-443709.43,-1172325.91,360.99
-443709.27,-1172326.29,361.01
-443709.10,-1172326.70,361.00
-443708.98,-1172327.01,360.98
-443708.82,-1172327.38,360.97
-443708.70,-1172327.68,360.96
-443708.57,-1172328.01,360.95
-443708.40,-1172328.41,360.94
-443707.83,-1172329.80,360.91
-443707.69,-1172330.15,360.90
-443707.54,-1172330.51,360.89
-443707.40,-1172330.86,360.87
-443707.25,-1172331.21,360.86
-443707.11,-1172331.56,360.85
-443706.96,-1172331.92,360.84
-443706.80,-1172332.30,360.84
-443706.66,-1172332.67,360.82
-443706.50,-1172333.04,360.82
-443706.37,-1172333.37,360.81
-443706.22,-1172333.72,360.80
-443706.08,-1172334.06,360.79
-443705.94,-1172334.43,360.78
-443705.79,-1172334.78,360.77
-443705.65,-1172335.13,360.77
-443713.72,-1172315.95,360.24
-443713.59,-1172316.27,360.25
-443713.46,-1172316.58,360.28
-443713.32,-1172316.92,360.31
-443713.18,-1172317.26,360.34
-443713.05,-1172317.59,360.38
-443712.91,-1172317.93,360.41
-443712.77,-1172318.26,360.45
-443712.64,-1172318.59,360.50
-443712.51,-1172318.91,360.53
-443712.37,-1172319.25,360.58
-443712.23,-1172319.60,360.63
-443711.34,-1172321.79,362.01
-443710.57,-1172323.65,361.00
-443710.42,-1172324.02,360.92
-443710.27,-1172324.38,360.86
-443709.44,-1172326.40,361.02
-443709.29,-1172326.77,361.01
-443709.15,-1172327.11,361.00
-443709.01,-1172327.46,360.98
-443708.86,-1172327.81,360.97
-443708.72,-1172328.16,360.96
-443708.56,-1172328.55,360.96
-443708.41,-1172328.91,360.94
-443708.29,-1172329.22,360.93
-443708.00,-1172329.93,360.92
-443707.85,-1172330.29,360.91
-443707.70,-1172330.67,360.89
-443707.54,-1172331.04,360.88
-443707.39,-1172331.41,360.87
-443707.25,-1172331.74,360.86
-443707.11,-1172332.10,360.85
-443706.97,-1172332.45,360.84
-443706.83,-1172332.79,360.83
-443706.67,-1172333.16,360.82
-443706.53,-1172333.50,360.81
-443706.38,-1172333.88,360.81
-443706.23,-1172334.23,360.80
-443705.94,-1172334.94,360.77
-443705.80,-1172335.30,360.77
-443705.65,-1172335.65,360.76
-443713.01,-1172316.08,360.24
-443712.88,-1172316.41,360.25
-443712.74,-1172316.75,360.27
-443712.60,-1172317.09,360.31
-443712.47,-1172317.41,360.34
-443712.33,-1172317.74,360.38
-443712.20,-1172318.06,360.41
-443712.07,-1172318.39,360.46
-443711.93,-1172318.72,360.49
-443711.81,-1172319.03,360.54
-443711.67,-1172319.37,360.59
-443711.54,-1172319.69,360.64
-443710.66,-1172321.85,362.04
-443709.72,-1172324.13,360.92
-443709.56,-1172324.51,360.84
-443709.41,-1172324.88,360.81
-443708.72,-1172326.57,360.98
-443708.57,-1172326.94,360.96
-443708.42,-1172327.29,360.95
-443708.29,-1172327.63,360.94
-443708.15,-1172327.97,360.93
-443707.99,-1172328.35,360.92
-443707.85,-1172328.68,360.90
-443707.42,-1172329.73,360.89
-443707.28,-1172330.08,360.87
-443707.13,-1172330.45,360.86
-443707.00,-1172330.76,360.86
-443706.85,-1172331.13,360.84
-443706.71,-1172331.48,360.84
-443706.56,-1172331.84,360.83
-443706.41,-1172332.20,360.82
-443706.27,-1172332.55,360.81
-443706.12,-1172332.91,360.80
-443705.98,-1172333.26,360.78
-443705.67,-1172334.00,360.77
-443713.54,-1172315.83,360.24
-443713.28,-1172316.47,360.26
-443713.15,-1172316.80,360.29
-443713.02,-1172317.12,360.32
-443712.89,-1172317.43,360.35
-443712.75,-1172317.78,360.39
-443712.61,-1172318.12,360.43
-443712.48,-1172318.44,360.47
-443712.34,-1172318.78,360.51
-443712.21,-1172319.10,360.56
-443712.07,-1172319.45,360.60
-443711.94,-1172319.76,360.66
-443711.18,-1172321.65,362.03
-443711.06,-1172321.94,362.03
-443710.27,-1172323.85,360.97
-443710.11,-1172324.23,360.89
-443709.28,-1172323.96,360.97
-443709.11,-1172324.36,360.87
-443708.96,-1172324.74,360.80
-443708.80,-1172325.11,360.77
-443708.63,-1172325.53,360.80
-443708.26,-1172326.45,360.95
-443708.09,-1172326.86,360.94
-443707.95,-1172327.18,360.92
-443707.82,-1172327.51,360.91
-443707.68,-1172327.86,360.90
-443707.52,-1172328.24,360.89
-443707.38,-1172328.59,360.89
-443707.21,-1172328.98,360.86
-443707.09,-1172329.30,360.86
-443706.93,-1172329.67,360.86
-443706.80,-1172330.00,360.85
-443706.50,-1172330.74,360.83
-443706.35,-1172331.10,360.82
-443706.20,-1172331.45,360.81
-443706.07,-1172331.78,360.80
-443705.92,-1172332.14,360.80
-443705.79,-1172332.47,360.78
-443705.63,-1172332.85,360.78
-443705.49,-1172333.19,360.78
-443705.36,-1172333.52,360.77
-443712.83,-1172316.21,360.24
-443712.70,-1172316.54,360.26
-443712.57,-1172316.87,360.29
-443712.42,-1172317.23,360.32
-443712.28,-1172317.57,360.36
-443712.15,-1172317.89,360.39
-443712.01,-1172318.22,360.44
-443711.87,-1172318.58,360.47
-443711.74,-1172318.88,360.52
-443711.61,-1172319.22,360.58
-443711.47,-1172319.55,360.61
-443711.34,-1172319.86,360.67
-443709.69,-1172323.91,360.98
-443709.53,-1172324.29,360.89
-443709.36,-1172324.71,360.82
-443709.20,-1172325.10,360.77
-443709.05,-1172325.48,360.77
-443708.84,-1172325.99,360.98
-443708.67,-1172326.39,360.98
-443708.53,-1172326.73,360.97
-443708.38,-1172327.12,360.95
-443708.24,-1172327.45,360.94
-443708.10,-1172327.79,360.93
-443707.95,-1172328.14,360.92
-443707.79,-1172328.55,360.91
-443707.65,-1172328.88,360.90
-443707.49,-1172329.27,360.89
-443707.36,-1172329.59,360.88
-443707.20,-1172329.97,360.87
-443707.08,-1172330.29,360.86
-443706.94,-1172330.63,360.85
-443706.79,-1172330.99,360.84
-443706.65,-1172331.32,360.84
-443706.51,-1172331.68,360.83
-443706.37,-1172332.01,360.82
-443706.22,-1172332.37,360.81
-443706.07,-1172332.75,360.80
-443705.93,-1172333.08,360.78
-443705.78,-1172333.44,360.78
-443705.63,-1172333.82,360.77
-443706.47,-1172328.93,360.82
-443706.33,-1172329.29,360.81
-443706.17,-1172329.68,360.81
-443706.02,-1172330.04,360.80
-443705.87,-1172330.40,360.80
-443705.72,-1172330.76,360.79
-443705.45,-1172331.43,360.77
-443705.30,-1172331.79,360.77
-443712.25,-1172316.05,360.22
-443712.11,-1172316.39,360.24
-443711.97,-1172316.72,360.26
-443711.83,-1172317.08,360.29
-443711.68,-1172317.43,360.33
-443711.55,-1172317.77,360.38
-443711.42,-1172318.07,360.41
-443711.28,-1172318.41,360.46
-443711.15,-1172318.73,360.50
-443711.02,-1172319.05,360.54
-443710.88,-1172319.40,360.59
-443710.75,-1172319.73,360.63
-443708.95,-1172324.12,360.93
-443708.80,-1172324.49,360.85
-443708.48,-1172325.27,360.77
-443708.34,-1172325.61,360.81
-443707.95,-1172326.56,360.94
-443707.80,-1172326.92,360.93
-443707.64,-1172327.31,360.90
-443707.50,-1172327.67,360.89
-443707.35,-1172328.03,360.89
-443707.20,-1172328.39,360.87
-443707.05,-1172328.75,360.86
-443706.92,-1172329.09,360.85
-443706.78,-1172329.41,360.84
-443706.63,-1172329.79,360.83
-443706.48,-1172330.14,360.82
-443706.34,-1172330.49,360.82
-443706.19,-1172330.86,360.81
-443706.04,-1172331.24,360.80
-443705.88,-1172331.62,360.80
-443705.76,-1172331.92,360.79
-443705.61,-1172332.29,360.78
-443705.46,-1172332.64,360.78
-443712.53,-1172316.00,360.22
-443712.40,-1172316.31,360.24
-443712.27,-1172316.63,360.25
-443712.14,-1172316.95,360.28
-443712.01,-1172317.27,360.33
-443711.87,-1172317.61,360.36
-443711.73,-1172317.95,360.40
-443711.60,-1172318.28,360.44
-443711.45,-1172318.63,360.48
-443711.32,-1172318.96,360.52
-443711.18,-1172319.30,360.57
-443711.05,-1172319.63,360.62
-443705.27,-1172330.40,360.76
-443705.12,-1172330.75,360.75
-443711.30,-1172316.64,360.25
-443711.18,-1172316.94,360.27
-443711.04,-1172317.27,360.31
-443710.90,-1172317.62,360.35
-443710.76,-1172317.96,360.39
-443710.63,-1172318.28,360.43
-443710.49,-1172318.62,360.47
-443710.36,-1172318.95,360.51
-443710.23,-1172319.26,360.56
-443710.10,-1172319.59,360.60
-443709.08,-1172322.11,361.96
-443708.29,-1172324.01,361.01
-443708.13,-1172324.40,360.89
-443707.98,-1172324.78,360.81
-443707.64,-1172325.60,360.78
-443706.98,-1172327.22,360.87
-443706.84,-1172327.55,360.85
-443706.70,-1172327.89,360.84
-443706.56,-1172328.24,360.82
-443706.41,-1172328.60,360.82
-443706.26,-1172328.96,360.81
-443706.11,-1172329.35,360.81
-443705.97,-1172329.66,360.80
-443705.83,-1172330.02,360.79
-443705.67,-1172330.40,360.79
-443705.52,-1172330.77,360.78
-443705.38,-1172331.11,360.77
-443705.23,-1172331.49,360.76
-443711.65,-1172316.26,360.22
-443711.52,-1172316.59,360.24
-443711.37,-1172316.94,360.27
-443711.23,-1172317.29,360.31
-443711.10,-1172317.61,360.35
-443710.97,-1172317.93,360.38
-443710.83,-1172318.28,360.43
-443710.69,-1172318.61,360.47
-443710.56,-1172318.94,360.52
-443710.42,-1172319.29,360.56
-443710.28,-1172319.63,360.61
-443710.15,-1172319.95,360.66
-443709.27,-1172322.11,361.96
-443708.34,-1172324.37,360.89
-443708.19,-1172324.75,360.81
-443708.03,-1172325.12,360.78
-443707.34,-1172326.82,360.90
-443707.20,-1172327.16,360.88
-443707.05,-1172327.52,360.86
-443706.91,-1172327.88,360.85
-443706.76,-1172328.24,360.84
-443706.63,-1172328.56,360.83
-443706.01,-1172326.85,360.82
-443705.86,-1172327.21,360.81
-443705.72,-1172327.55,360.79
-443705.58,-1172327.89,360.78
-443705.42,-1172328.28,360.78
-443705.28,-1172328.64,360.77
-443705.13,-1172328.99,360.76
-443704.99,-1172329.34,360.75
-443710.83,-1172316.11,360.19
-443710.69,-1172316.46,360.21
-443710.57,-1172316.76,360.23
-443710.43,-1172317.10,360.27
-443710.30,-1172317.43,360.31
-443710.15,-1172317.78,360.35
-443710.03,-1172318.09,360.39
-443709.90,-1172318.40,360.43
-443709.76,-1172318.73,360.47
-443709.63,-1172319.05,360.51
-443709.50,-1172319.39,360.56
-443709.36,-1172319.71,360.61
-443709.24,-1172320.03,360.65
-443707.57,-1172324.10,361.01
-443707.42,-1172324.48,360.92
-443707.26,-1172324.86,360.83
-443707.09,-1172325.28,360.79
-443706.93,-1172325.66,360.79
-443706.37,-1172327.03,360.83
-443706.24,-1172327.34,360.82
-443706.08,-1172327.73,360.81
-443705.95,-1172328.05,360.80
-443705.80,-1172328.41,360.79
-443705.67,-1172328.75,360.78
-443705.38,-1172329.45,360.77
-443705.24,-1172329.79,360.76
-443705.09,-1172330.15,360.76
-443711.01,-1172316.34,360.21
-443710.88,-1172316.67,360.23
-443710.76,-1172316.97,360.26
-443710.62,-1172317.30,360.30
-443710.49,-1172317.63,360.34
-443710.35,-1172317.97,360.38
-443710.22,-1172318.30,360.42
-443710.09,-1172318.62,360.46
-443709.95,-1172318.96,360.50
-443709.82,-1172319.28,360.55
-443709.67,-1172319.63,360.60
-443709.54,-1172319.96,360.64
-443707.90,-1172323.98,361.05
-443707.74,-1172324.37,360.95
-443707.57,-1172324.78,360.83
-443707.41,-1172325.16,360.78
-443707.02,-1172326.12,360.86
-443706.68,-1172326.94,360.85
-443706.55,-1172327.26,360.83
-443706.42,-1172327.58,360.82
-443706.25,-1172327.99,360.81
-443706.14,-1172328.27,360.81
-443705.99,-1172328.64,360.80
-443705.84,-1172328.99,360.79
-443705.70,-1172329.33,360.78
-443705.56,-1172329.67,360.78
-443705.41,-1172330.05,360.77
-443705.55,-1172326.82,360.81
-443705.41,-1172327.16,360.79
-443705.26,-1172327.52,360.78
-443705.11,-1172327.88,360.77
-443704.96,-1172328.26,360.76
-443704.79,-1172328.66,360.75
-443710.23,-1172316.16,360.19
-443710.09,-1172316.51,360.21
-443709.95,-1172316.84,360.24
-443709.82,-1172317.16,360.27
-443709.69,-1172317.48,360.31
-443709.55,-1172317.82,360.35
-443709.41,-1172318.17,360.39
-443709.28,-1172318.48,360.43
-443709.15,-1172318.82,360.47
-443709.00,-1172319.17,360.52
-443708.86,-1172319.52,360.57
-443708.73,-1172319.83,360.62
-443708.60,-1172320.15,360.66
-443707.74,-1172322.28,361.93
-443706.97,-1172324.14,361.06
-443706.81,-1172324.55,360.94
-443706.66,-1172324.92,360.86
-443706.51,-1172325.26,360.82
-443706.36,-1172325.64,360.81
-443705.92,-1172326.72,360.82
-443705.75,-1172327.13,360.81
-443705.63,-1172327.42,360.79
-443705.49,-1172327.77,360.78
-443705.34,-1172328.13,360.78
-443705.18,-1172328.51,360.77
-443705.05,-1172328.84,360.76
-443704.91,-1172329.17,360.75
-443710.32,-1172316.30,360.20
-443710.18,-1172316.64,360.22
-443710.06,-1172316.94,360.24
-443709.92,-1172317.29,360.28
-443709.77,-1172317.64,360.33
-443709.63,-1172317.98,360.37
-443709.50,-1172318.30,360.40
-443709.37,-1172318.64,360.45
-443709.23,-1172318.97,360.49
-443709.09,-1172319.31,360.54
-443708.96,-1172319.64,360.59
-443708.83,-1172319.95,360.63
-443707.96,-1172322.11,361.93
-443707.05,-1172324.31,360.99
-443706.88,-1172324.71,360.91
-443706.71,-1172325.14,360.82
-443706.44,-1172325.80,360.82
-443708.00,-1172319.06,360.50
-443707.87,-1172319.38,360.55
-443707.74,-1172319.70,360.58
-443707.60,-1172320.04,360.62
-443704.77,-1172326.99,360.77
-443704.63,-1172327.32,360.74
-443709.54,-1172316.46,360.21
-443709.39,-1172316.82,360.23
-443709.25,-1172317.17,360.27
-443709.12,-1172317.49,360.31
-443708.99,-1172317.80,360.34
-443708.84,-1172318.16,360.38
-443708.71,-1172318.51,360.42
-443708.57,-1172318.84,360.47
-443708.43,-1172319.19,360.52
-443708.28,-1172319.54,360.57
-443708.16,-1172319.85,360.61
-443707.15,-1172322.33,361.95
-443705.34,-1172326.74,360.81
-443705.21,-1172327.07,360.79
-443705.05,-1172327.44,360.77
-443709.73,-1172316.58,360.21
-443709.59,-1172316.92,360.24
-443709.45,-1172317.26,360.28
-443709.31,-1172317.60,360.32
-443709.17,-1172317.94,360.36
-443709.03,-1172318.28,360.39
-443708.90,-1172318.61,360.45
-443708.77,-1172318.93,360.48
-443708.64,-1172319.25,360.52
-443708.50,-1172319.59,360.58
-443708.37,-1172319.92,360.62
-443708.25,-1172316.69,360.21
-443708.12,-1172317.01,360.24
-443707.98,-1172317.37,360.27
-443707.85,-1172317.68,360.31
-443707.71,-1172318.02,360.36
-443707.58,-1172318.33,360.39
-443707.45,-1172318.66,360.43
-443707.32,-1172318.98,360.46
-443708.67,-1172316.81,360.23
-443708.53,-1172317.15,360.26
-443708.39,-1172317.48,360.29
-443708.27,-1172317.78,360.33
-443708.14,-1172318.09,360.37
-443708.00,-1172318.45,360.41
-443707.87,-1172318.77,360.46
-443707.74,-1172319.08,360.50
-443707.60,-1172319.42,360.54
-443707.46,-1172319.76,360.57
-443707.33,-1172320.10,360.62
-443704.61,-1172326.75,360.76
-443709.08,-1172316.43,360.21
-443708.95,-1172316.73,360.23
-443708.81,-1172317.08,360.25
-443708.68,-1172317.40,360.29
-443708.55,-1172317.72,360.33
-443708.42,-1172318.05,360.37
-443708.28,-1172318.39,360.41
-443708.14,-1172318.73,360.46
-443707.54,-1172316.42,360.18
-443707.40,-1172316.74,360.21
-443707.28,-1172317.06,360.23
-443707.14,-1172317.39,360.26
-443707.00,-1172317.75,360.30
-443707.67,-1172316.50,360.19
-443707.54,-1172316.83,360.21
-443707.39,-1172317.18,360.23
-443707.27,-1172317.48,360.28
-443707.14,-1172317.81,360.31
-443707.01,-1172318.12,360.34
-443706.87,-1172318.46,360.36
-443708.01,-1172316.67,360.21
-443707.88,-1172317.00,360.23
-443707.75,-1172317.32,360.26
-443707.60,-1172317.67,360.31
-443707.47,-1172317.99,360.35
-443707.33,-1172318.35,360.39
-443707.19,-1172318.68,360.41
-443707.06,-1172319.02,360.43
-443706.89,-1172317.00,360.20
-443723.80,-1172320.45,358.94
-443723.34,-1172320.47,358.92
-443722.57,-1172320.75,358.91
-443722.86,-1172320.49,358.92
-443722.18,-1172320.64,358.92
-443720.97,-1172315.97,357.73
-443721.23,-1172315.73,357.62
-443721.69,-1172315.31,357.46
-443716.31,-1172334.61,360.73
-443715.20,-1172336.04,360.81
-443715.47,-1172335.79,360.78
-443715.76,-1172335.52,360.76
-443716.02,-1172335.28,360.74
-443715.08,-1172336.67,360.83
-443715.81,-1172335.99,360.77
-443716.10,-1172335.73,360.75
-443715.56,-1172336.78,360.90
-443715.84,-1172336.53,360.80
-443712.11,-1172336.94,360.99
-443712.89,-1172336.22,360.93
-443713.17,-1172335.96,360.90
-443713.43,-1172335.72,360.88
-443713.69,-1172335.48,360.86
-443714.25,-1172334.97,360.82
-443714.52,-1172334.72,360.80
-443714.81,-1172334.46,360.79
-443715.09,-1172334.20,360.78
-443715.34,-1172333.97,360.77
-443715.63,-1172333.70,360.75
-443715.89,-1172333.47,360.74
-443712.46,-1172336.99,360.95
-443712.74,-1172336.74,360.93
-443712.97,-1172336.52,360.92
-443713.26,-1172336.25,360.91
-443713.54,-1172336.00,360.89
-443713.81,-1172335.75,360.87
-443714.08,-1172335.50,360.84
-443714.34,-1172335.26,360.82
-443714.59,-1172335.03,360.80
-443714.89,-1172334.76,360.78
-443715.17,-1172334.50,360.78
-443715.43,-1172334.26,360.77
-443715.70,-1172334.01,360.75
-443713.05,-1172336.86,360.90
-443713.52,-1172336.43,360.89
-443713.81,-1172336.16,360.88
-443714.10,-1172335.90,360.86
-443714.36,-1172335.66,360.83
-443714.62,-1172335.42,360.81
-443714.92,-1172335.14,360.78
-443715.19,-1172334.90,360.77
-443715.46,-1172334.65,360.76
-443715.74,-1172334.39,360.75
-443716.00,-1172334.15,360.73
-443713.60,-1172336.76,360.88
-443714.36,-1172336.06,360.85
-443714.64,-1172335.81,360.82
-443714.89,-1172335.57,360.80
-443715.18,-1172335.31,360.78
-443715.45,-1172335.06,360.77
-443715.71,-1172334.82,360.75
-443715.98,-1172334.57,360.75
-443713.99,-1172336.74,360.87
-443714.44,-1172336.33,360.85
-443714.70,-1172336.08,360.83
-443714.97,-1172335.84,360.81
-443715.23,-1172335.60,360.78
-443715.52,-1172335.33,360.77
-443715.78,-1172335.10,360.75
-443716.06,-1172334.84,360.74
-443709.87,-1172337.40,361.06
-443710.12,-1172337.17,361.06
-443710.38,-1172336.93,361.06
-443710.64,-1172336.69,361.05
-443710.93,-1172336.42,361.04
-443711.21,-1172336.16,361.03
-443711.47,-1172335.93,361.01
-443711.75,-1172335.67,360.99
-443712.02,-1172335.42,360.96
-443712.31,-1172335.16,360.95
-443712.56,-1172334.93,360.93
-443713.11,-1172334.42,360.89
-443713.39,-1172334.17,360.87
-443713.66,-1172333.91,360.84
-443713.93,-1172333.67,360.83
-443714.19,-1172333.43,360.82
-443714.45,-1172333.18,360.81
-443714.73,-1172332.93,360.79
-443715.00,-1172332.69,360.78
-443715.26,-1172332.44,360.77
-443715.54,-1172332.19,360.76
-443715.81,-1172331.93,360.75
-443710.77,-1172337.18,361.07
-443711.04,-1172336.93,361.06
-443711.30,-1172336.69,361.05
-443711.56,-1172336.45,361.03
-443711.83,-1172336.20,361.01
-443712.09,-1172335.96,360.98
-443712.37,-1172335.70,360.94
-443712.65,-1172335.44,360.92
-443712.91,-1172335.21,360.91
-443713.16,-1172334.98,360.89
-443713.43,-1172334.73,360.87
-443713.72,-1172334.47,360.84
-443713.99,-1172334.22,360.83
-443714.24,-1172333.99,360.82
-443714.52,-1172333.72,360.80
-443714.79,-1172333.48,360.79
-443715.07,-1172333.23,360.78
-443715.35,-1172332.97,360.77
-443715.62,-1172332.72,360.76
-443715.88,-1172332.48,360.75
-443711.29,-1172337.22,361.06
-443711.56,-1172336.97,361.03
-443711.82,-1172336.74,361.02
-443712.07,-1172336.51,361.00
-443712.32,-1172336.28,360.97
-443712.61,-1172336.01,360.94
-443712.87,-1172335.77,360.91
-443713.13,-1172335.53,360.89
-443713.40,-1172335.28,360.87
-443713.67,-1172335.04,360.86
-443713.94,-1172334.78,360.83
-443714.21,-1172334.54,360.82
-443714.50,-1172334.27,360.81
-443714.76,-1172334.03,360.79
-443715.06,-1172333.76,360.78
-443715.32,-1172333.52,360.77
-443715.60,-1172333.26,360.75
-443715.88,-1172333.00,360.75
-443708.87,-1172337.49,361.03
-443709.13,-1172337.25,361.00
-443709.93,-1172336.51,361.02
-443710.24,-1172336.23,361.03
-443710.50,-1172335.98,361.04
-443710.78,-1172335.73,361.04
-443711.07,-1172335.47,361.03
-443711.35,-1172335.20,361.02
-443711.62,-1172334.96,360.99
-443711.89,-1172334.71,360.97
-443712.17,-1172334.45,360.95
-443712.44,-1172334.20,360.93
-443712.70,-1172333.96,360.91
-443712.96,-1172333.73,360.89
-443713.22,-1172333.48,360.87
-443713.51,-1172333.22,360.85
-443713.79,-1172332.96,360.84
-443714.07,-1172332.71,360.82
-443714.35,-1172332.45,360.82
-443714.63,-1172332.19,360.80
-443714.89,-1172331.96,360.80
-443715.18,-1172331.68,360.78
-443709.41,-1172337.38,361.04
-443709.70,-1172337.12,361.03
-443709.93,-1172336.90,361.04
-443710.24,-1172336.62,361.05
-443710.52,-1172336.36,361.04
-443710.83,-1172336.08,361.04
-443711.09,-1172335.85,361.03
-443711.35,-1172335.60,361.02
-443711.60,-1172335.37,361.00
-443711.89,-1172335.11,360.97
-443712.17,-1172334.85,360.95
-443712.43,-1172334.61,360.93
-443712.73,-1172334.33,360.91
-443712.99,-1172334.10,360.90
-443713.27,-1172333.84,360.87
-443713.54,-1172333.59,360.86
-443713.81,-1172333.35,360.84
-443714.05,-1172333.12,360.83
-443714.36,-1172332.84,360.81
-443714.64,-1172332.58,360.81
-443714.88,-1172332.36,360.79
-443715.14,-1172332.12,360.78
-443715.42,-1172331.87,360.77
-443715.70,-1172331.61,360.75
-443707.75,-1172337.54,361.00
-443708.54,-1172336.81,360.94
-443708.84,-1172336.54,360.96
-443709.09,-1172336.31,360.96
-443709.41,-1172336.02,360.98
-443709.67,-1172335.77,361.00
-443709.95,-1172335.52,361.01
-443710.22,-1172335.27,361.03
-443710.49,-1172335.02,361.03
-443710.79,-1172334.75,361.03
-443711.06,-1172334.50,361.02
-443711.31,-1172334.27,361.00
-443711.59,-1172334.01,360.98
-443711.86,-1172333.76,360.96
-443712.13,-1172333.51,360.94
-443712.40,-1172333.26,360.92
-443712.67,-1172333.02,360.90
-443712.95,-1172332.76,360.89
-443713.21,-1172332.52,360.87
-443713.49,-1172332.26,360.86
-443713.77,-1172332.00,360.84
-443714.05,-1172331.74,360.83
-443714.33,-1172331.49,360.82
-443714.60,-1172331.25,360.81
-443714.87,-1172331.00,360.79
-443715.12,-1172330.77,360.77
-443715.40,-1172330.51,360.76
-443715.68,-1172330.25,360.74
-443708.76,-1172337.15,360.97
-443709.01,-1172336.93,360.98
-443709.28,-1172336.68,360.99
-443709.58,-1172336.40,361.00
-443709.85,-1172336.15,361.00
-443710.13,-1172335.89,361.02
-443710.40,-1172335.64,361.03
-443710.71,-1172335.36,361.04
-443710.97,-1172335.12,361.03
-443711.24,-1172334.87,361.02
-443711.52,-1172334.61,360.99
-443711.80,-1172334.36,360.97
-443712.05,-1172334.13,360.95
-443712.32,-1172333.88,360.94
-443712.62,-1172333.60,360.91
-443712.88,-1172333.36,360.89
-443713.16,-1172333.11,360.87
-443713.44,-1172332.85,360.86
-443713.71,-1172332.60,360.84
-443713.98,-1172332.35,360.83
-443714.24,-1172332.11,360.82
-443714.81,-1172331.59,360.80
-443715.06,-1172331.36,360.78
-443715.34,-1172331.10,360.76
-443706.58,-1172337.69,360.95
-443707.35,-1172336.98,360.88
-443707.66,-1172336.70,360.89
-443707.94,-1172336.44,360.90
-443708.21,-1172336.19,360.92
-443708.48,-1172335.94,360.93
-443708.77,-1172335.67,360.94
-443709.05,-1172335.42,360.97
-443709.35,-1172335.14,360.98
-443709.61,-1172334.90,361.00
-443709.89,-1172334.64,361.01
-443710.22,-1172334.34,361.02
-443710.49,-1172334.09,361.03
-443710.77,-1172333.83,361.02
-443711.05,-1172333.58,361.01
-443711.30,-1172333.34,361.00
-443711.60,-1172333.07,360.97
-443711.83,-1172332.86,360.96
-443712.12,-1172332.59,360.94
-443712.37,-1172332.36,360.93
-443712.65,-1172332.11,360.91
-443712.92,-1172331.86,360.90
-443713.19,-1172331.61,360.87
-443713.45,-1172331.37,360.86
-443713.74,-1172331.10,360.85
-443713.99,-1172330.87,360.83
-443714.28,-1172330.61,360.81
-443714.55,-1172330.36,360.80
-443714.81,-1172330.12,360.78
-443715.08,-1172329.87,360.76
-443715.35,-1172329.63,360.75
-443707.21,-1172337.58,360.93
-443707.48,-1172337.34,360.90
-443707.70,-1172337.14,360.91
-443707.96,-1172336.90,360.91
-443708.26,-1172336.62,360.93
-443708.53,-1172336.37,360.93
-443708.83,-1172336.10,360.94
-443709.12,-1172335.83,360.97
-443709.43,-1172335.54,360.98
-443709.69,-1172335.31,361.00
-443709.98,-1172335.04,361.02
-443710.27,-1172334.77,361.02
-443710.55,-1172334.51,361.03
-443710.81,-1172334.28,361.02
-443711.07,-1172334.03,361.01
-443711.61,-1172333.54,360.97
-443711.88,-1172333.30,360.95
-443712.41,-1172332.80,360.92
-443712.67,-1172332.56,360.90
-443712.94,-1172332.32,360.89
-443713.22,-1172332.06,360.87
-443713.52,-1172331.78,360.86
-443713.78,-1172331.55,360.85
-443714.03,-1172331.31,360.83
-443714.30,-1172331.06,360.81
-443714.59,-1172330.80,360.80
-443714.87,-1172330.55,360.78
-443715.14,-1172330.29,360.77
-443715.44,-1172330.02,360.75
-443707.03,-1172336.25,360.84
-443707.29,-1172336.01,360.86
-443707.60,-1172335.73,360.87
-443707.88,-1172335.47,360.89
-443708.16,-1172335.21,360.91
-443708.45,-1172334.94,360.93
-443708.74,-1172334.67,360.94
-443709.01,-1172334.43,360.96
-443709.30,-1172334.17,360.98
-443709.60,-1172333.88,361.00
-443709.88,-1172333.63,361.02
-443710.16,-1172333.37,361.04
-443710.49,-1172333.07,361.04
-443710.73,-1172332.85,361.03
-443711.00,-1172332.60,361.01
-443711.27,-1172332.35,361.01
-443711.53,-1172332.11,361.00
-443712.02,-1172331.66,360.97
-443712.22,-1172331.47,360.94
-443712.65,-1172331.09,360.90
-443713.18,-1172330.60,360.86
-443713.44,-1172330.35,360.85
-443713.72,-1172330.10,360.84
-443714.00,-1172329.84,360.82
-443714.24,-1172329.62,360.81
-443714.53,-1172329.36,360.79
-443714.79,-1172329.12,360.78
-443715.05,-1172328.87,360.77
-443715.33,-1172328.62,360.75
-443706.16,-1172337.59,360.83
-443706.90,-1172336.91,360.86
-443707.21,-1172336.62,360.86
-443707.47,-1172336.39,360.87
-443707.76,-1172336.12,360.88
-443708.05,-1172335.86,360.90
-443708.35,-1172335.58,360.93
-443708.65,-1172335.30,360.94
-443708.95,-1172335.03,360.95
-443709.23,-1172334.77,360.98
-443709.50,-1172334.52,361.00
-443709.76,-1172334.28,361.01
-443710.03,-1172334.03,361.02
-443710.34,-1172333.74,361.03
-443710.63,-1172333.48,361.03
-443710.88,-1172333.25,361.02
-443711.46,-1172332.71,360.99
-443711.72,-1172332.48,360.98
-443712.00,-1172332.22,360.97
-443712.29,-1172331.96,360.94
-443713.06,-1172331.25,360.88
-443713.34,-1172330.99,360.86
-443713.61,-1172330.74,360.85
-443713.87,-1172330.50,360.83
-443714.14,-1172330.25,360.82
-443714.41,-1172330.00,360.80
-443714.67,-1172329.76,360.78
-443714.94,-1172329.51,360.77
-443715.21,-1172329.27,360.75
-443715.50,-1172329.00,360.74
-443714.46,-1172328.63,360.79
-443714.74,-1172328.37,360.78
-443715.04,-1172328.10,360.77
-443716.31,-1172326.94,360.45
-443716.58,-1172326.68,360.44
-443705.79,-1172337.02,360.78
-443706.07,-1172336.76,360.79
-443706.36,-1172336.49,360.80
-443706.64,-1172336.23,360.81
-443706.92,-1172335.97,360.82
-443707.21,-1172335.71,360.85
-443707.47,-1172335.47,360.87
-443707.74,-1172335.22,360.88
-443708.05,-1172334.94,360.90
-443708.31,-1172334.69,360.92
-443708.59,-1172334.44,360.93
-443708.87,-1172334.18,360.95
-443709.16,-1172333.91,360.98
-443709.46,-1172333.63,361.00
-443709.73,-1172333.39,361.01
-443710.01,-1172333.13,361.03
-443710.30,-1172332.86,361.04
-443710.59,-1172332.59,361.03
-443710.85,-1172332.36,361.02
-443711.14,-1172332.10,361.01
-443711.45,-1172331.81,361.00
-443712.22,-1172331.09,360.94
-443712.49,-1172330.85,360.90
-443712.77,-1172330.59,360.89
-443713.03,-1172330.36,360.87
-443713.30,-1172330.10,360.85
-443713.58,-1172329.84,360.84
-443713.85,-1172329.60,360.83
-443714.14,-1172329.33,360.81
-443714.41,-1172329.08,360.80
-443714.68,-1172328.84,360.78
-443714.95,-1172328.59,360.77
-443715.23,-1172328.33,360.76
-443706.20,-1172337.01,360.81
-443706.47,-1172336.77,360.82
-443706.76,-1172336.50,360.82
-443705.95,-1172336.04,360.77
-443706.24,-1172335.78,360.79
-443706.51,-1172335.52,360.80
-443706.81,-1172335.25,360.82
-443707.09,-1172335.00,360.84
-443707.38,-1172334.72,360.86
-443707.69,-1172334.44,360.88
-443707.96,-1172334.19,360.89
-443708.25,-1172333.93,360.91
-443708.55,-1172333.65,360.93
-443708.79,-1172333.42,360.95
-443709.10,-1172333.14,360.98
-443709.38,-1172332.88,361.00
-443709.66,-1172332.63,361.02
-443709.92,-1172332.39,361.03
-443710.20,-1172332.13,361.03
-443710.49,-1172331.86,361.03
-443710.74,-1172331.63,361.02
-443711.00,-1172331.39,361.01
-443711.29,-1172331.13,360.99
-443711.55,-1172330.89,360.97
-443711.83,-1172330.63,360.94
-443712.11,-1172330.37,360.91
-443712.37,-1172330.13,360.89
-443712.65,-1172329.88,360.88
-443712.90,-1172329.64,360.86
-443713.19,-1172329.38,360.85
-443713.49,-1172329.10,360.84
-443713.76,-1172328.85,360.83
-443714.03,-1172328.61,360.81
-443714.30,-1172328.36,360.80
-443714.57,-1172328.11,360.79
-443714.83,-1172327.87,360.78
-443715.11,-1172327.61,360.77
-443715.38,-1172327.37,360.74
-443716.12,-1172326.68,360.49
-443716.42,-1172326.41,360.49
-443717.00,-1172325.88,360.47
-443705.59,-1172336.80,360.76
-443705.85,-1172336.55,360.77
-443706.16,-1172336.27,360.78
-443706.45,-1172336.00,360.80
-443706.73,-1172335.75,360.81
-443707.03,-1172335.47,360.83
-443707.28,-1172335.24,360.85
-443707.57,-1172334.97,360.87
-443707.86,-1172334.70,360.88
-443708.14,-1172334.45,360.91
-443708.43,-1172334.19,360.92
-443708.70,-1172333.93,360.94
-443708.97,-1172333.69,360.97
-443709.28,-1172333.40,360.99
-443709.53,-1172333.17,361.00
-443709.81,-1172332.91,361.02
-443710.11,-1172332.64,361.04
-443710.38,-1172332.38,361.04
-443710.68,-1172332.11,361.03
-443710.95,-1172331.87,361.02
-443711.20,-1172331.63,361.01
-443711.45,-1172331.40,360.99
-443711.74,-1172331.14,360.98
-443712.03,-1172330.87,360.94
-443712.30,-1172330.62,360.91
-443712.57,-1172330.38,360.89
-443712.84,-1172330.12,360.87
-443713.12,-1172329.87,360.86
-443713.37,-1172329.64,360.85
-443713.64,-1172329.39,360.84
-443713.91,-1172329.14,360.82
-443714.21,-1172328.87,360.80
-443707.43,-1172333.87,360.86
-443707.72,-1172333.61,360.88
-443707.99,-1172333.36,360.89
-443708.26,-1172333.11,360.91
-443708.55,-1172332.84,360.94
-443708.82,-1172332.60,360.97
-443709.12,-1172332.32,360.99
-443709.41,-1172332.06,361.00
-443709.70,-1172331.79,361.02
-443709.98,-1172331.53,361.02
-443710.27,-1172331.26,361.02
-443710.55,-1172331.01,361.02
-443710.81,-1172330.77,361.01
-443711.08,-1172330.52,360.99
-443711.34,-1172330.28,360.97
-443711.62,-1172330.02,360.94
-443711.88,-1172329.78,360.93
-443712.14,-1172329.54,360.91
-443712.40,-1172329.30,360.89
-443712.69,-1172329.03,360.87
-443712.95,-1172328.80,360.86
-443713.20,-1172328.57,360.85
-443713.48,-1172328.31,360.84
-443713.76,-1172328.05,360.83
-443714.04,-1172327.79,360.81
-443714.32,-1172327.54,360.81
-443714.59,-1172327.28,360.80
-443714.84,-1172327.06,360.78
-443715.89,-1172326.09,360.54
-443716.19,-1172325.82,360.55
-443716.46,-1172325.57,360.56
-443716.74,-1172325.31,360.56
-443705.81,-1172335.70,360.77
-443706.12,-1172335.42,360.79
-443706.40,-1172335.16,360.80
-443706.68,-1172334.90,360.81
-443706.94,-1172334.66,360.83
-443707.22,-1172334.40,360.85
-443707.52,-1172334.13,360.86
-443707.82,-1172333.86,360.88
-443708.08,-1172333.61,360.90
-443708.38,-1172333.33,360.92
-443708.67,-1172333.06,360.94
-443708.97,-1172332.79,360.97
-443709.22,-1172332.56,360.99
-443709.54,-1172332.27,361.01
-443709.80,-1172332.03,361.02
-443710.10,-1172331.75,361.03
-443710.37,-1172331.50,361.02
-443710.62,-1172331.27,361.02
-443710.88,-1172331.04,361.00
-443711.14,-1172330.79,360.99
-443711.42,-1172330.54,360.97
-443711.70,-1172330.28,360.94
-443711.96,-1172330.04,360.92
-443712.22,-1172329.80,360.90
-443712.50,-1172329.55,360.88
-443712.79,-1172329.28,360.87
-443713.05,-1172329.04,360.86
-443713.32,-1172328.79,360.85
-443713.59,-1172328.54,360.84
-443713.88,-1172328.28,360.82
-443714.14,-1172328.03,360.81
-443714.43,-1172327.77,360.80
-443714.72,-1172327.51,360.79
-443714.98,-1172327.26,360.77
-443715.99,-1172326.33,360.52
-443716.27,-1172326.07,360.52
-443716.55,-1172325.82,360.53
-443711.83,-1172328.89,360.93
-443712.06,-1172328.69,360.92
-443712.36,-1172328.41,360.90
-443712.64,-1172328.15,360.88
-443712.92,-1172327.90,360.87
-443713.19,-1172327.65,360.87
-443713.48,-1172327.38,360.85
-443714.72,-1172326.24,360.59
-443714.97,-1172326.01,360.58
-443715.27,-1172325.73,360.58
-443715.56,-1172325.47,360.59
-443715.83,-1172325.22,360.62
-443716.11,-1172324.96,360.65
-443716.70,-1172324.42,360.69
-443720.63,-1172320.80,358.88
-443705.61,-1172335.11,360.77
-443705.89,-1172334.85,360.77
-443706.17,-1172334.59,360.79
-443706.45,-1172334.34,360.81
-443706.73,-1172334.08,360.83
-443707.03,-1172333.80,360.84
-443707.31,-1172333.55,360.85
-443707.57,-1172333.31,360.87
-443707.85,-1172333.04,360.89
-443708.16,-1172332.76,360.91
-443708.45,-1172332.49,360.93
-443708.75,-1172332.21,360.96
-443709.03,-1172331.96,360.98
-443709.32,-1172331.70,360.99
-443709.59,-1172331.45,361.01
-443709.86,-1172331.20,361.02
-443710.15,-1172330.93,361.02
-443710.44,-1172330.67,361.02
-443710.70,-1172330.43,361.01
-443710.96,-1172330.19,361.00
-443711.24,-1172329.93,360.98
-443711.54,-1172329.65,360.96
-443711.79,-1172329.42,360.94
-443712.07,-1172329.16,360.92
-443712.33,-1172328.93,360.90
-443712.61,-1172328.67,360.88
-443712.88,-1172328.42,360.87
-443713.14,-1172328.17,360.86
-443713.39,-1172327.94,360.85
-443713.68,-1172327.68,360.84
-443713.95,-1172327.43,360.83
-443714.21,-1172327.20,360.81
-443715.51,-1172326.00,360.56
-443715.79,-1172325.74,360.56
-443716.05,-1172325.50,360.57
-443716.36,-1172325.22,360.61
-443705.70,-1172335.47,360.77
-443705.97,-1172335.23,360.78
-443706.27,-1172334.95,360.80
-443706.56,-1172334.67,360.81
-443706.83,-1172334.43,360.83
-443707.14,-1172334.15,360.84
-443716.20,-1172323.82,360.81
-443716.49,-1172323.55,360.83
-443716.77,-1172323.30,360.82
-443719.51,-1172320.78,358.99
-443705.42,-1172334.17,360.76
-443705.98,-1172333.66,360.78
-443706.27,-1172333.39,360.80
-443706.55,-1172333.13,360.82
-443706.82,-1172332.89,360.83
-443707.09,-1172332.64,360.85
-443707.37,-1172332.38,360.86
-443707.66,-1172332.12,360.88
-443707.93,-1172331.86,360.91
-443708.21,-1172331.61,360.93
-443708.51,-1172331.33,360.94
-443708.77,-1172331.10,360.96
-443709.05,-1172330.83,360.98
-443709.35,-1172330.56,361.01
-443709.63,-1172330.30,361.02
-443709.89,-1172330.06,361.03
-443710.20,-1172329.78,361.04
-443710.49,-1172329.51,361.03
-443710.75,-1172329.26,361.01
-443711.04,-1172329.01,360.99
-443711.31,-1172328.76,360.97
-443711.56,-1172328.52,360.95
-443711.83,-1172328.28,360.93
-443712.09,-1172328.03,360.92
-443712.36,-1172327.79,360.92
-443712.65,-1172327.52,360.90
-443712.92,-1172327.27,360.88
-443713.92,-1172326.35,360.62
-443714.20,-1172326.09,360.60
-443714.49,-1172325.82,360.60
-443714.78,-1172325.56,360.61
-443715.05,-1172325.31,360.62
-443715.32,-1172325.06,360.64
-443715.60,-1172324.81,360.66
-443715.88,-1172324.55,360.70
-443716.17,-1172324.28,360.74
-443720.06,-1172320.70,358.95
-443705.67,-1172334.57,360.77
-443705.92,-1172334.34,360.78
-443706.20,-1172334.09,360.80
-443706.48,-1172333.82,360.81
-443706.78,-1172333.55,360.83
-443707.07,-1172333.28,360.84
-443707.31,-1172333.06,360.86
-443707.61,-1172332.79,360.87
-443707.87,-1172332.54,360.89
-443708.17,-1172332.26,360.92
-443708.48,-1172331.98,360.94
-443708.75,-1172331.74,360.96
-443709.32,-1172331.21,361.00
-443709.62,-1172330.94,361.02
-443709.90,-1172330.68,361.02
-443710.20,-1172330.40,361.03
-443710.48,-1172330.14,361.03
-443710.74,-1172329.90,361.01
-443711.00,-1172329.67,360.99
-443711.26,-1172329.42,360.98
-443711.54,-1172329.17,360.95
-443705.47,-1172333.20,360.77
-443705.76,-1172332.93,360.78
-443706.05,-1172332.66,360.80
-443706.32,-1172332.41,360.81
-443706.62,-1172332.14,360.83
-443706.90,-1172331.88,360.84
-443707.20,-1172331.60,360.86
-443707.46,-1172331.36,360.87
-443707.76,-1172331.09,360.89
-443708.02,-1172330.85,360.92
-443708.33,-1172330.56,360.94
-443708.61,-1172330.31,360.96
-443708.88,-1172330.05,360.98
-443709.44,-1172329.54,361.01
-443709.71,-1172329.29,361.03
-443710.00,-1172329.03,361.03
-443710.25,-1172328.79,361.03
-443710.54,-1172328.53,361.02
-443710.80,-1172328.29,361.00
-443711.07,-1172328.04,360.98
-443711.35,-1172327.78,360.97
-443711.60,-1172327.55,360.96
-443711.88,-1172327.29,360.95
-443712.61,-1172326.63,360.63
-443712.89,-1172326.36,360.61
-443713.19,-1172326.09,360.61
-443713.46,-1172325.84,360.61
-443713.73,-1172325.59,360.62
-443714.01,-1172325.34,360.64
-443714.30,-1172325.07,360.66
-443714.60,-1172324.79,360.68
-443714.86,-1172324.55,360.72
-443715.16,-1172324.27,360.75
-443715.76,-1172323.72,360.83
-443716.04,-1172323.47,360.86
-443716.34,-1172323.19,360.89
-443718.76,-1172320.97,359.00
-443719.02,-1172320.72,359.02
-443719.32,-1172320.45,359.02
-443705.40,-1172333.76,360.76
-443705.68,-1172333.50,360.78
-443705.97,-1172333.24,360.78
-443706.28,-1172332.95,360.81
-443706.54,-1172332.72,360.82
-443706.83,-1172332.45,360.84
-443707.10,-1172332.20,360.85
-443707.41,-1172331.91,360.87
-443707.67,-1172331.68,360.88
-443707.95,-1172331.41,360.91
-443708.22,-1172331.16,360.92
-443708.50,-1172330.91,360.95
-443708.78,-1172330.65,360.97
-443709.05,-1172330.40,360.98
-443709.34,-1172330.13,361.01
-443709.64,-1172329.86,361.03
-443709.91,-1172329.61,361.04
-443710.20,-1172329.35,361.04
-443710.48,-1172329.09,361.03
-443710.72,-1172328.86,361.01
-443710.99,-1172328.62,360.99
-443711.27,-1172328.36,360.97
-443711.56,-1172328.09,360.95
-443711.81,-1172327.86,360.95
-443712.11,-1172327.59,360.93
-443712.39,-1172327.32,360.92
-443712.68,-1172327.06,360.89
-443713.36,-1172326.43,360.62
-443713.64,-1172326.18,360.61
-443713.91,-1172325.93,360.60
-443714.21,-1172325.66,360.61
-443714.50,-1172325.39,360.62
-443714.79,-1172325.12,360.64
-443715.06,-1172324.87,360.67
-443715.36,-1172324.59,360.70
-443715.64,-1172324.34,360.73
-443715.92,-1172324.08,360.77
-443709.86,-1172328.14,361.03
-443710.15,-1172327.88,361.03
-443710.40,-1172327.64,361.02
-443710.68,-1172327.39,361.00
-443710.98,-1172327.11,360.97
-443711.34,-1172326.78,360.64
-443711.62,-1172326.53,360.63
-443711.90,-1172326.26,360.62
-443712.19,-1172326.00,360.62
-443712.46,-1172325.75,360.64
-443712.75,-1172325.49,360.65
-443713.02,-1172325.23,360.68
-443713.32,-1172324.96,360.70
-443713.62,-1172324.69,360.73
-443713.89,-1172324.43,360.75
-443714.16,-1172324.18,360.79
-443714.47,-1172323.90,360.82
-443714.75,-1172323.64,360.85
-443715.04,-1172323.37,360.90
-443717.55,-1172321.06,359.01
-443718.07,-1172320.59,358.98
-443718.30,-1172320.37,358.99
-443719.17,-1172319.57,358.93
-443705.39,-1172332.80,360.77
-443705.69,-1172332.53,360.78
-443705.99,-1172332.25,360.80
-443706.26,-1172332.00,360.81
-443706.53,-1172331.75,360.83
-443706.80,-1172331.50,360.84
-443707.09,-1172331.24,360.85
-443707.39,-1172330.96,360.87
-443707.66,-1172330.71,360.89
-443707.96,-1172330.43,360.92
-443708.23,-1172330.18,360.93
-443708.54,-1172329.90,360.96
-443708.80,-1172329.66,360.97
-443709.11,-1172329.38,361.00
-443709.39,-1172329.12,361.01
-443709.67,-1172328.86,361.03
-443709.94,-1172328.61,361.03
-443710.22,-1172328.35,361.04
-443710.47,-1172328.12,361.02
-443710.72,-1172327.89,361.01
-443711.00,-1172327.63,360.99
-443711.28,-1172327.37,360.96
-443711.57,-1172327.11,360.95
-443711.84,-1172326.86,360.90
-443712.26,-1172326.48,360.61
-443712.53,-1172326.23,360.62
-443712.80,-1172325.97,360.61
-443713.09,-1172325.71,360.62
-443713.38,-1172325.45,360.65
-443713.67,-1172325.18,360.67
-443713.96,-1172324.91,360.69
-443714.26,-1172324.63,360.72
-443714.55,-1172324.36,360.75
-443714.81,-1172324.12,360.78
-443715.10,-1172323.86,360.82
-443715.39,-1172323.59,360.85
-443715.68,-1172323.32,360.90
-443718.16,-1172321.04,359.00
-443718.42,-1172320.80,359.00
-443719.24,-1172320.05,358.97
-443716.36,-1172321.28,361.75
-443717.28,-1172320.43,358.98
-443717.52,-1172320.21,358.90
-443718.02,-1172319.76,358.79
-443705.31,-1172331.93,360.77
-443705.60,-1172331.66,360.78
-443705.87,-1172331.41,360.80
-443706.17,-1172331.14,360.81
-443706.45,-1172330.88,360.83
-443706.72,-1172330.63,360.84
-443707.02,-1172330.35,360.86
-443707.30,-1172330.09,360.88
-443707.58,-1172329.83,360.90
-443707.85,-1172329.58,360.91
-443708.19,-1172329.28,360.93
-443708.45,-1172329.03,360.95
-443708.73,-1172328.78,360.97
-443709.00,-1172328.52,360.99
-443709.27,-1172328.27,361.01
-443709.58,-1172327.99,361.02
-443709.87,-1172327.73,361.04
-443710.16,-1172327.46,361.03
-443710.42,-1172327.22,361.03
-443710.85,-1172326.83,360.95
-443711.11,-1172326.59,360.64
-443711.41,-1172326.31,360.62
-443711.66,-1172326.07,360.62
-443711.97,-1172325.79,360.64
-443712.25,-1172325.53,360.66
-443712.51,-1172325.30,360.69
-443712.78,-1172325.05,360.71
-443713.07,-1172324.78,360.74
-443713.37,-1172324.50,360.76
-443713.63,-1172324.27,360.78
-443713.90,-1172324.01,360.83
-443714.22,-1172323.72,360.85
-443714.48,-1172323.48,360.89
-443717.03,-1172321.13,359.09
-443717.78,-1172320.45,358.96
-443718.01,-1172320.23,358.92
-443718.27,-1172319.99,358.88
-443719.19,-1172319.15,358.92
-443705.32,-1172332.33,360.77
-443705.59,-1172332.08,360.78
-443705.87,-1172331.82,360.80
-443706.74,-1172331.02,360.84
-443707.03,-1172330.75,360.86
-443707.31,-1172330.49,360.87
-443707.59,-1172330.23,360.89
-443707.88,-1172329.97,360.91
-443708.44,-1172329.45,360.95
-443708.68,-1172329.23,360.97
-443709.01,-1172328.92,360.99
-443709.30,-1172328.66,361.01
-443709.59,-1172328.39,361.03
-443705.03,-1172331.21,360.75
-443705.31,-1172330.95,360.76
-443705.60,-1172330.69,360.78
-443705.88,-1172330.43,360.80
-443706.14,-1172330.19,360.81
-443706.42,-1172329.93,360.82
-443706.72,-1172329.66,360.84
-443706.99,-1172329.41,360.85
-443707.25,-1172329.17,360.87
-443707.54,-1172328.90,360.89
-443707.82,-1172328.64,360.90
-443708.12,-1172328.37,360.93
-443708.40,-1172328.11,360.95
-443708.66,-1172327.87,360.95
-443708.95,-1172327.60,360.98
-443709.23,-1172327.34,361.00
-443709.53,-1172327.07,361.02
-443709.83,-1172326.79,361.02
-443710.12,-1172326.52,361.01
-443710.81,-1172325.89,360.67
-443711.08,-1172325.64,360.68
-443711.37,-1172325.38,360.70
-443711.66,-1172325.10,360.73
-443711.95,-1172324.84,360.76
-443712.23,-1172324.58,360.79
-443712.52,-1172324.32,360.82
-443712.83,-1172324.03,360.85
-443713.11,-1172323.77,360.88
-443713.39,-1172323.51,360.92
-443717.38,-1172319.84,358.76
-443717.64,-1172319.60,358.70
-443717.89,-1172319.37,358.69
-443719.12,-1172318.24,358.85
-443705.12,-1172331.63,360.76
-443705.68,-1172331.11,360.78
-443705.95,-1172330.86,360.80
-443706.23,-1172330.61,360.81
-443706.52,-1172330.34,360.83
-443706.79,-1172330.10,360.85
-443707.08,-1172329.82,360.87
-443707.37,-1172329.56,360.89
-443707.93,-1172329.04,360.92
-443708.21,-1172328.79,360.93
-443708.49,-1172328.52,360.95
-443708.77,-1172328.26,360.97
-443709.09,-1172327.98,360.99
-443709.36,-1172327.73,361.01
-443709.66,-1172327.45,361.03
-443709.93,-1172327.20,361.03
-443710.20,-1172326.95,361.03
-443710.62,-1172326.57,360.72
-443710.89,-1172326.32,360.65
-443711.18,-1172326.05,360.63
-443711.48,-1172325.77,360.65
-443711.77,-1172325.51,360.68
-443712.04,-1172325.25,360.70
-443712.34,-1172324.98,360.74
-443712.61,-1172324.73,360.75
-443712.91,-1172324.46,360.78
-443713.18,-1172324.21,360.81
-443713.46,-1172323.95,360.84
-443713.73,-1172323.70,360.87
-443714.02,-1172323.44,360.92
-443709.11,-1172326.51,361.00
-443709.37,-1172326.27,361.01
-443709.66,-1172326.00,361.00
-443710.16,-1172325.55,360.73
-443710.41,-1172325.31,360.74
-443710.69,-1172325.06,360.76
-443710.97,-1172324.80,360.80
-443711.25,-1172324.55,360.82
-443711.55,-1172324.26,360.85
-443711.85,-1172323.99,360.88
-443712.15,-1172323.71,360.91
-443717.16,-1172319.10,358.55
-443717.41,-1172318.87,358.52
-443704.76,-1172330.89,360.75
-443705.08,-1172330.60,360.75
-443705.36,-1172330.34,360.76
-443705.63,-1172330.09,360.78
-443705.93,-1172329.82,360.79
-443706.20,-1172329.56,360.81
-443706.49,-1172329.29,360.82
-443706.75,-1172329.06,360.84
-443707.03,-1172328.80,360.86
-443707.31,-1172328.54,360.88
-443707.60,-1172328.28,360.90
-443707.88,-1172328.02,360.91
-443708.15,-1172327.77,360.93
-443708.41,-1172327.53,360.95
-443708.71,-1172327.25,360.97
-443708.97,-1172327.01,360.98
-443709.28,-1172326.72,361.01
-443709.57,-1172326.46,361.02
-443709.85,-1172326.20,361.00
-443710.29,-1172325.80,360.72
-443710.57,-1172325.54,360.72
-443710.87,-1172325.26,360.73
-443711.16,-1172324.99,360.77
-443711.45,-1172324.73,360.80
-443711.72,-1172324.48,360.82
-443712.01,-1172324.21,360.85
-443712.28,-1172323.96,360.88
-443712.57,-1172323.70,360.91
-443715.17,-1172321.30,361.88
-443717.08,-1172319.55,358.69
-443717.59,-1172319.07,358.56
-443717.17,-1172318.23,358.35
-443719.95,-1172315.67,357.74
-443704.98,-1172329.90,360.75
-443705.26,-1172329.64,360.76
-443705.54,-1172329.38,360.78
-443705.82,-1172329.13,360.79
-443706.10,-1172328.87,360.80
-443706.38,-1172328.61,360.81
-443706.67,-1172328.34,360.83
-443706.94,-1172328.09,360.85
-443707.24,-1172327.82,360.88
-443707.53,-1172327.55,360.90
-443707.83,-1172327.27,360.91
-443708.10,-1172327.03,360.94
-443708.38,-1172326.77,360.96
-443708.67,-1172326.50,360.98
-443709.26,-1172325.96,360.99
-443709.52,-1172325.72,360.78
-443710.24,-1172325.06,360.77
-443710.51,-1172324.80,360.80
-443710.78,-1172324.55,360.84
-443711.36,-1172324.02,360.89
-443711.66,-1172323.75,360.92
-443714.01,-1172321.58,361.91
-443714.26,-1172321.35,361.90
-443717.20,-1172318.65,358.42
-443717.45,-1172318.42,358.42
-443705.16,-1172330.15,360.76
-443705.44,-1172329.90,360.77
-443705.75,-1172329.61,360.79
-443706.03,-1172329.35,360.80
-443706.31,-1172329.10,360.81
-443706.60,-1172328.83,360.82
-443706.89,-1172328.56,360.84
-443707.14,-1172328.33,360.87
-443707.44,-1172328.05,360.89
-443707.73,-1172327.79,360.90
-443708.00,-1172327.54,360.92
-443708.25,-1172327.30,360.95
-443708.53,-1172327.05,360.96
-443708.83,-1172326.77,360.98
-443704.72,-1172329.19,360.74
-443705.04,-1172328.90,360.76
-443705.31,-1172328.66,360.77
-443705.60,-1172328.38,360.78
-443705.86,-1172328.15,360.80
-443706.13,-1172327.89,360.81
-443706.43,-1172327.62,360.82
-443706.73,-1172327.35,360.84
-443707.03,-1172327.07,360.87
-443707.33,-1172326.79,360.90
-443707.59,-1172326.55,360.92
-443707.86,-1172326.30,360.94
-443708.17,-1172326.02,360.94
-443708.45,-1172325.75,360.93
-443708.86,-1172325.38,360.78
-443709.47,-1172324.82,360.81
-443709.78,-1172324.53,360.84
-443710.08,-1172324.26,360.89
-443710.36,-1172324.00,360.93
-443710.65,-1172323.73,360.96
-443712.94,-1172321.62,361.90
-443716.66,-1172318.19,358.31
-443716.93,-1172317.95,358.26
-443704.93,-1172329.50,360.75
-443705.20,-1172329.26,360.76
-443705.51,-1172328.97,360.78
-443705.81,-1172328.69,360.79
-443706.09,-1172328.44,360.80
-443706.37,-1172328.18,360.82
-443706.92,-1172327.67,360.85
-443707.19,-1172327.42,360.87
-443707.49,-1172327.14,360.90
-443707.79,-1172326.87,360.93
-443708.05,-1172326.63,360.95
-443708.34,-1172326.36,360.96
-443708.65,-1172326.08,360.97
-443708.98,-1172325.77,360.97
-443709.37,-1172325.42,360.77
-443710.26,-1172324.59,360.83
-443710.53,-1172324.35,360.86
-443710.82,-1172324.08,360.90
-443711.09,-1172323.83,360.92
-443711.38,-1172323.57,360.96
-443707.77,-1172325.59,360.79
-443708.06,-1172325.32,360.78
-443708.33,-1172325.07,360.78
-443708.95,-1172324.50,360.85
-443709.25,-1172324.22,360.91
-443714.38,-1172319.50,360.65
-443716.86,-1172317.22,358.10
-443704.78,-1172328.77,360.75
-443705.07,-1172328.50,360.76
-443705.34,-1172328.25,360.78
-443705.62,-1172327.99,360.79
-443705.89,-1172327.74,360.80
-443706.16,-1172327.49,360.81
-443706.47,-1172327.21,360.83
-443706.77,-1172326.93,360.86
-443707.02,-1172326.70,360.88
-443707.30,-1172326.44,360.90
-443707.94,-1172325.85,360.92
-443708.35,-1172325.48,360.78
-443708.66,-1172325.19,360.77
-443708.94,-1172324.93,360.78
-443709.22,-1172324.67,360.82
-443709.51,-1172324.40,360.87
-443709.82,-1172324.12,360.92
-443710.12,-1172323.85,360.98
-443712.44,-1172321.71,361.92
-443716.66,-1172317.82,358.23
-443713.24,-1172319.49,360.61
-443713.51,-1172319.23,360.58
-443713.78,-1172318.99,360.55
-443714.04,-1172318.75,360.51
-443714.32,-1172318.49,360.48
-443716.45,-1172316.53,357.87
-443704.71,-1172327.92,360.75
-443704.98,-1172327.67,360.77
-443705.28,-1172327.38,360.78
-443705.56,-1172327.13,360.80
-443705.84,-1172326.88,360.82
-443707.12,-1172325.69,360.78
-443707.71,-1172325.15,360.78
-443708.00,-1172324.88,360.80
-443708.29,-1172324.61,360.84
-443708.59,-1172324.33,360.88
-443708.90,-1172324.05,360.96
-443714.32,-1172319.05,360.57
-443704.80,-1172328.33,360.75
-443705.08,-1172328.06,360.77
-443705.32,-1172327.84,360.78
-443705.61,-1172327.58,360.79
-443705.88,-1172327.33,360.80
-443706.18,-1172327.05,360.82
-443706.43,-1172326.82,360.84
-443707.06,-1172326.24,360.87
-443712.09,-1172319.72,360.66
-443712.35,-1172319.47,360.60
-443712.62,-1172319.23,360.58
-443712.87,-1172319.00,360.55
-443713.15,-1172318.74,360.51
-443713.42,-1172318.49,360.48
-443713.69,-1172318.24,360.45
-443713.96,-1172318.00,360.44
-443714.24,-1172317.73,360.40
-443704.76,-1172326.94,360.77
-443705.02,-1172326.70,360.78
-443706.68,-1172325.17,360.82
-443706.97,-1172324.90,360.85
-443707.28,-1172324.62,360.89
-443707.58,-1172324.34,360.95
-443707.88,-1172324.06,361.03
-443710.17,-1172321.95,362.01
-443712.70,-1172319.62,360.64
-443712.98,-1172319.36,360.59
-443713.23,-1172319.13,360.56
-443713.50,-1172318.88,360.53
-443713.77,-1172318.63,360.50
-443714.01,-1172318.41,360.48
-443714.29,-1172318.16,360.45
-443704.71,-1172327.35,360.76
-443705.00,-1172327.08,360.78
-443705.28,-1172326.81,360.80
-443705.58,-1172326.54,360.82
-443706.38,-1172325.80,360.83
-443706.92,-1172325.30,360.81
-443707.23,-1172325.02,360.81
-443707.53,-1172324.75,360.85
-443707.81,-1172324.49,360.89
-443708.10,-1172324.22,360.95
-443710.05,-1172322.42,361.92
-443710.68,-1172321.84,362.04
-443712.98,-1172317.92,360.41
-443713.24,-1172317.68,360.39
-443713.50,-1172317.44,360.36
-443713.77,-1172317.19,360.34
-443714.03,-1172316.95,360.32
-443706.63,-1172324.32,361.01
-443711.74,-1172319.61,360.62
-443712.02,-1172319.36,360.59
-443712.27,-1172319.13,360.56
-443712.53,-1172318.89,360.53
-443712.81,-1172318.63,360.50
-443713.05,-1172318.41,360.47
-443713.33,-1172318.15,360.44
-443713.62,-1172317.88,360.42
-443713.87,-1172317.65,360.39
-443714.12,-1172317.42,360.38
-443706.67,-1172324.72,360.89
-443706.96,-1172324.44,360.96
-443707.27,-1172324.16,361.03
-443710.34,-1172319.40,360.58
-443710.61,-1172319.15,360.55
-443710.87,-1172318.91,360.52
-443711.13,-1172318.67,360.48
-443711.39,-1172318.43,360.46
-443711.66,-1172318.18,360.42
-443711.94,-1172317.93,360.40
-443712.19,-1172317.69,360.38
-443712.47,-1172317.43,360.35
-443712.74,-1172317.18,360.33
-443713.02,-1172316.93,360.30
-443713.27,-1172316.69,360.29
-443713.55,-1172316.44,360.27
-443713.84,-1172316.17,360.25
-443714.11,-1172315.93,360.25
-443708.00,-1172322.11,361.93
-443710.55,-1172319.76,360.62
-443710.82,-1172319.52,360.60
-443711.35,-1172319.02,360.53
-443711.65,-1172318.76,360.50
-443711.88,-1172318.54,360.47
-443712.15,-1172318.29,360.44
-443712.42,-1172318.04,360.41
-443712.70,-1172317.79,360.39
-443712.94,-1172317.56,360.37
-443713.20,-1172317.32,360.34
-443713.47,-1172317.08,360.33
-443713.73,-1172316.84,360.31
-443714.01,-1172316.58,360.28
-443714.26,-1172316.35,360.26
-443711.16,-1172319.60,360.61
-443711.41,-1172319.37,360.59
-443711.68,-1172319.12,360.55
-443712.44,-1172318.42,360.46
-443712.71,-1172318.17,360.44
-443709.30,-1172319.10,360.51
-443709.58,-1172318.84,360.48
-443709.83,-1172318.60,360.45
-443710.10,-1172318.36,360.43
-443710.38,-1172318.10,360.40
-443710.65,-1172317.85,360.37
-443710.89,-1172317.64,360.35
-443711.17,-1172317.38,360.32
-443711.45,-1172317.11,360.29
-443711.71,-1172316.87,360.27
-443711.99,-1172316.61,360.25
-443712.28,-1172316.35,360.24
-443712.55,-1172316.10,360.23
-443706.56,-1172322.32,361.95
-443709.05,-1172320.03,360.64
-443709.32,-1172319.78,360.62
-443709.60,-1172319.52,360.58
-443709.85,-1172319.29,360.55
-443710.11,-1172319.05,360.52
-443710.40,-1172318.79,360.49
-443710.67,-1172318.53,360.46
-443710.93,-1172318.29,360.43
-443711.20,-1172318.05,360.41
-443711.48,-1172317.79,360.38
-443711.74,-1172317.55,360.35
-443712.00,-1172317.31,360.33
-443712.26,-1172317.06,360.30
-443712.53,-1172316.82,360.28
-443712.81,-1172316.56,360.26
-443713.07,-1172316.32,360.25
-443713.62,-1172315.82,360.24
-443709.80,-1172319.90,360.63
-443710.06,-1172319.65,360.61
-443707.34,-1172320.05,360.62
-443707.62,-1172319.79,360.59
-443707.87,-1172319.56,360.57
-443708.15,-1172319.30,360.53
-443708.42,-1172319.05,360.49
-443708.69,-1172318.80,360.46
-443708.95,-1172318.57,360.43
-443709.22,-1172318.31,360.40
-443709.48,-1172318.08,360.38
-443709.76,-1172317.82,360.35
-443710.01,-1172317.59,360.33
-443710.27,-1172317.35,360.30
-443710.52,-1172317.12,360.27
-443710.79,-1172316.87,360.25
-443711.05,-1172316.63,360.23
-443711.32,-1172316.38,360.23
-443711.58,-1172316.14,360.22
-443707.57,-1172320.28,360.67
-443707.82,-1172320.05,360.63
-443708.09,-1172319.80,360.60
-443708.37,-1172319.55,360.57
-443708.62,-1172319.32,360.54
-443708.89,-1172319.07,360.51
-443709.15,-1172318.83,360.47
-443709.42,-1172318.58,360.44
-443709.66,-1172318.36,360.41
-443709.93,-1172318.11,360.39
-443710.21,-1172317.85,360.36
-443710.46,-1172317.62,360.34
-443710.72,-1172317.39,360.31
-443711.00,-1172317.12,360.29
-443711.26,-1172316.88,360.26
-443711.53,-1172316.63,360.25
-443711.79,-1172316.39,360.23
-443712.08,-1172316.13,360.22
-443705.79,-1172322.33,362.00
-443708.25,-1172320.07,360.64
-443708.51,-1172319.82,360.61
-443708.78,-1172319.58,360.58
-443709.04,-1172319.34,360.54
-443707.07,-1172318.56,360.39
-443707.35,-1172318.31,360.39
-443707.60,-1172318.07,360.36
-443707.87,-1172317.83,360.33
-443708.14,-1172317.58,360.30
-443708.41,-1172317.33,360.28
-443708.65,-1172317.10,360.25
-443708.95,-1172316.83,360.24
-443709.21,-1172316.59,360.21
-443707.30,-1172318.88,360.44
-443707.56,-1172318.65,360.43
-443707.83,-1172318.39,360.41
-443708.10,-1172318.15,360.38
-443708.35,-1172317.92,360.35
-443708.62,-1172317.67,360.32
-443708.88,-1172317.42,360.29
-443709.19,-1172317.14,360.27
-443709.44,-1172316.91,360.24
-443709.71,-1172316.66,360.22
-443709.98,-1172316.41,360.21
-443710.23,-1172316.19,360.19
-443707.37,-1172319.13,360.49
-443707.65,-1172318.88,360.46
-443707.90,-1172318.64,360.44
-443708.18,-1172318.38,360.40
-443708.46,-1172318.13,360.38
-443708.73,-1172317.88,360.35
-443708.96,-1172317.66,360.32
-443709.24,-1172317.41,360.30
-443709.51,-1172317.16,360.27
-443709.78,-1172316.91,360.24
-443710.03,-1172316.68,360.23
-443710.32,-1172316.41,360.21
-443707.37,-1172319.66,360.56
-443707.63,-1172319.42,360.55
-443707.87,-1172319.20,360.52
-443708.15,-1172318.94,360.48
-443708.41,-1172318.70,360.45
-443708.68,-1172318.45,360.42
-443708.93,-1172318.22,360.39
-443709.22,-1172317.95,360.36
-443709.50,-1172317.70,360.34
-443709.76,-1172317.46,360.31
-443710.03,-1172317.21,360.27
-443710.31,-1172316.95,360.26
-443710.57,-1172316.71,360.23
-443710.83,-1172316.47,360.22
-443711.34,-1172316.00,360.21
-443706.94,-1172316.79,360.20
-443707.19,-1172316.56,360.19
-443706.98,-1172317.18,360.22
-443707.22,-1172316.96,360.22
-443707.50,-1172316.70,360.21
-443707.00,-1172317.52,360.26
-443707.28,-1172317.26,360.24
-443707.53,-1172317.03,360.23
-443707.81,-1172316.77,360.21
-443706.98,-1172318.13,360.34
-443707.23,-1172317.91,360.33
-443707.48,-1172317.67,360.30
-443707.76,-1172317.42,360.28
-443708.02,-1172317.18,360.25
-443708.28,-1172316.94,360.23
-443708.53,-1172316.71,360.23
-443709.05,-1172316.22,360.19
-443724.59,-1172320.16,358.87
-443724.47,-1172320.49,358.88
-443722.40,-1172320.45,358.92
-443722.77,-1172320.55,358.92
-443716.30,-1172335.66,360.74
-443716.00,-1172336.47,360.78
-443715.76,-1172334.03,360.75
-443715.63,-1172334.38,360.76
-443715.51,-1172334.71,360.76
-443715.38,-1172335.05,360.77
-443715.26,-1172335.40,360.78
-443715.13,-1172335.74,360.80
-443715.02,-1172336.06,360.82
-443714.85,-1172336.53,360.84
-443721.02,-1172320.61,358.88
-443715.98,-1172334.41,360.74
-443715.85,-1172334.77,360.75
-443715.72,-1172335.12,360.75
-443715.59,-1172335.47,360.76
-443715.47,-1172335.80,360.78
-443715.33,-1172336.18,360.81
-443715.18,-1172336.59,360.84
-443716.10,-1172335.40,360.74
-443715.97,-1172335.74,360.76
-443715.69,-1172336.54,360.81
-443715.80,-1172331.81,360.75
-443715.68,-1172332.12,360.76
-443715.56,-1172332.46,360.76
-443715.42,-1172332.83,360.76
-443715.30,-1172333.17,360.77
-443715.18,-1172333.49,360.77
-443715.05,-1172333.85,360.78
-443714.92,-1172334.19,360.78
-443714.80,-1172334.53,360.79
-443714.68,-1172334.86,360.80
-443714.56,-1172335.20,360.81
-443714.43,-1172335.55,360.82
-443714.31,-1172335.88,360.85
-443714.19,-1172336.19,360.87
-443714.03,-1172336.64,360.87
-443720.08,-1172320.73,358.95
-443719.97,-1172321.04,358.92
-443715.89,-1172332.22,360.75
-443715.77,-1172332.54,360.75
-443715.64,-1172332.89,360.76
-443715.52,-1172333.23,360.76
-443715.40,-1172333.54,360.77
-443715.28,-1172333.87,360.77
-443715.15,-1172334.23,360.78
-443715.02,-1172334.57,360.78
-443714.90,-1172334.91,360.78
-443714.79,-1172335.22,360.79
-443714.53,-1172335.93,360.83
-443714.40,-1172336.28,360.85
-443720.57,-1172320.86,358.88
-443716.01,-1172333.34,360.74
-443715.88,-1172333.70,360.75
-443713.66,-1172336.07,360.89
-443713.39,-1172336.81,360.89
-443719.41,-1172320.88,359.00
-443715.46,-1172331.70,360.76
-443715.34,-1172332.02,360.77
-443715.22,-1172332.34,360.77
-443715.10,-1172332.68,360.78
-443714.97,-1172333.03,360.78
-443714.84,-1172333.38,360.79
-443714.72,-1172333.72,360.79
-443714.59,-1172334.07,360.80
-443714.46,-1172334.43,360.81
-443714.33,-1172334.77,360.81
-443714.21,-1172335.10,360.83
-443714.09,-1172335.45,360.84
-443713.95,-1172335.81,360.87
-443713.83,-1172336.14,360.88
-443719.87,-1172320.66,358.97
-443719.75,-1172320.97,358.96
-443717.07,-1172325.61,360.50
-443716.72,-1172326.56,360.42
-443716.60,-1172326.90,360.40
-443715.55,-1172329.76,360.74
-443715.44,-1172330.07,360.75
-443715.31,-1172330.42,360.76
-443715.19,-1172330.76,360.77
-443715.06,-1172331.11,360.78
-443714.94,-1172331.44,360.79
-443714.82,-1172331.75,360.80
-443714.69,-1172332.11,360.80
-443714.55,-1172332.50,360.81
-443714.44,-1172332.80,360.81
-443714.32,-1172333.14,360.81
-443714.19,-1172333.49,360.82
-443714.06,-1172333.84,360.82
-443713.93,-1172334.20,360.83
-443713.80,-1172334.54,360.84
-443713.66,-1172334.91,360.85
-443713.55,-1172335.22,360.86
-443713.42,-1172335.57,360.88
-443713.30,-1172335.90,360.89
-443713.18,-1172336.25,360.91
-443713.03,-1172336.67,360.91
-443719.38,-1172320.43,359.02
-443719.24,-1172320.80,359.00
-443715.56,-1172330.87,360.76
-443715.43,-1172331.23,360.76
-443715.30,-1172331.60,360.77
-443715.18,-1172331.93,360.78
-443715.05,-1172332.27,360.78
-443714.92,-1172332.64,360.78
-443714.67,-1172333.32,360.80
-443714.43,-1172333.97,360.81
-443714.30,-1172334.33,360.81
-443714.17,-1172334.67,360.82
-443714.05,-1172335.00,360.83
-443713.92,-1172335.37,360.84
-443713.79,-1172335.71,360.87
-443720.20,-1172316.49,358.07
-443719.21,-1172319.21,358.91
-443718.71,-1172320.56,359.03
-443718.59,-1172320.90,359.00
-443717.14,-1172324.89,360.54
-443716.78,-1172325.87,360.50
-443716.67,-1172326.17,360.48
-443716.55,-1172326.48,360.46
-443715.63,-1172329.01,360.74
-443715.50,-1172329.35,360.74
-443715.37,-1172329.71,360.75
-443715.26,-1172330.00,360.76
-443715.13,-1172330.38,360.77
-443715.00,-1172330.71,360.78
-443714.88,-1172331.05,360.79
-443714.76,-1172331.38,360.80
-443714.64,-1172331.70,360.81
-443714.51,-1172332.07,360.81
-443714.39,-1172332.40,360.81
-443714.27,-1172332.70,360.82
-443714.14,-1172333.07,360.82
-443714.02,-1172333.41,360.82
-443713.89,-1172333.75,360.83
-443713.76,-1172334.12,360.84
-443713.64,-1172334.43,360.85
-443713.51,-1172334.79,360.86
-443713.40,-1172335.11,360.87
-443713.26,-1172335.48,360.89
-443713.12,-1172335.86,360.90
-443712.99,-1172336.21,360.92
-443712.86,-1172336.58,360.93
-443712.73,-1172336.93,360.92
-443719.26,-1172319.60,358.93
-443718.76,-1172320.99,359.00
-443713.60,-1172332.69,360.85
-443713.49,-1172332.99,360.86
-443713.35,-1172333.37,360.86
-443713.23,-1172333.69,360.87
-443713.11,-1172334.03,360.88
-443712.99,-1172334.37,360.89
-443712.87,-1172334.69,360.90
-443712.73,-1172335.06,360.91
-443712.50,-1172335.70,360.93
-443712.36,-1172336.08,360.96
-443712.24,-1172336.41,360.98
-443712.10,-1172336.80,361.00
-443719.08,-1172318.51,358.88
-443718.46,-1172320.19,358.96
-443718.32,-1172320.58,359.00
-443718.20,-1172320.92,359.00
-443716.89,-1172324.53,360.66
-443716.76,-1172324.87,360.63
-443716.65,-1172325.17,360.60
-443716.54,-1172325.47,360.57
-443716.41,-1172325.82,360.54
-443716.29,-1172326.16,360.52
-443716.16,-1172326.50,360.50
-443716.05,-1172326.80,360.48
-443715.51,-1172328.28,360.74
-443715.38,-1172328.64,360.75
-443715.25,-1172328.99,360.75
-443715.13,-1172329.31,360.76
-443715.01,-1172329.66,360.76
-443714.87,-1172330.03,360.77
-443714.74,-1172330.38,360.78
-443714.62,-1172330.71,360.80
-443714.49,-1172331.07,360.81
-443714.37,-1172331.39,360.82
-443714.24,-1172331.75,360.82
-443714.12,-1172332.07,360.83
-443714.00,-1172332.40,360.83
-443713.88,-1172332.74,360.84
-443713.75,-1172333.08,360.84
-443713.62,-1172333.43,360.85
-443713.51,-1172333.76,360.86
-443713.38,-1172334.10,360.87
-443713.26,-1172334.42,360.88
-443713.14,-1172334.77,360.89
-443713.00,-1172335.13,360.90
-443712.88,-1172335.48,360.91
-443712.75,-1172335.81,360.92
-443712.63,-1172336.15,360.95
-443712.51,-1172336.48,360.96
-443712.35,-1172336.90,360.96
-443716.08,-1172324.73,360.68
-443715.96,-1172325.05,360.64
-443715.84,-1172325.39,360.59
-443715.72,-1172325.71,360.56
-443715.60,-1172326.04,360.56
-443715.07,-1172327.48,360.77
-443714.94,-1172327.84,360.77
-443714.82,-1172328.16,360.78
-443714.70,-1172328.50,360.78
-443714.57,-1172328.85,360.78
-443714.44,-1172329.19,360.79
-443714.31,-1172329.55,360.80
-443714.19,-1172329.87,360.81
-443714.05,-1172330.27,360.82
-443713.93,-1172330.59,360.83
-443713.82,-1172330.91,360.84
-443713.69,-1172331.25,360.85
-443713.56,-1172331.60,360.85
-443713.43,-1172331.95,360.86
-443713.31,-1172332.28,360.86
-443713.18,-1172332.64,360.87
-443713.05,-1172333.00,360.88
-443712.93,-1172333.34,360.89
-443712.80,-1172333.69,360.90
-443712.67,-1172334.04,360.91
-443712.55,-1172334.36,360.93
-443712.42,-1172334.71,360.94
-443712.30,-1172335.05,360.95
-443712.17,-1172335.40,360.96
-443712.05,-1172335.72,360.97
-443711.94,-1172336.04,360.99
-443711.81,-1172336.40,361.02
-443711.68,-1172336.75,361.03
-443711.56,-1172337.08,361.03
-443718.95,-1172318.04,358.80
-443718.07,-1172320.45,358.96
-443716.86,-1172323.79,360.72
-443716.40,-1172325.05,360.64
-443716.28,-1172325.37,360.59
-443716.15,-1172325.71,360.55
-443716.03,-1172326.04,360.54
-443715.91,-1172326.37,360.52
-443715.25,-1172328.19,360.76
-443715.11,-1172328.57,360.76
-443714.99,-1172328.90,360.77
-443714.87,-1172329.22,360.77
-443714.74,-1172329.57,360.78
-443714.62,-1172329.90,360.79
-443714.49,-1172330.26,360.80
-443714.36,-1172330.62,360.81
-443714.23,-1172330.96,360.82
-443714.11,-1172331.29,360.83
-443713.98,-1172331.64,360.83
-443713.86,-1172331.99,360.84
-443713.73,-1172332.33,360.84
-443717.91,-1172319.11,358.62
-443717.77,-1172319.50,358.70
-443717.62,-1172319.90,358.79
-443717.47,-1172320.31,358.93
-443717.21,-1172321.02,359.05
-443716.25,-1172323.67,360.83
-443716.14,-1172323.99,360.79
-443716.01,-1172324.32,360.74
-443715.90,-1172324.65,360.69
-443715.77,-1172325.00,360.64
-443715.65,-1172325.30,360.60
-443715.53,-1172325.63,360.58
-443715.41,-1172325.96,360.56
-443715.02,-1172327.03,360.75
-443714.89,-1172327.39,360.78
-443714.76,-1172327.74,360.78
-443714.65,-1172328.04,360.78
-443714.52,-1172328.40,360.79
-443714.40,-1172328.74,360.79
-443714.27,-1172329.07,360.80
-443714.14,-1172329.44,360.81
-443713.90,-1172330.11,360.82
-443713.77,-1172330.44,360.84
-443713.64,-1172330.81,360.85
-443713.51,-1172331.16,360.85
-443713.38,-1172331.53,360.86
-443713.25,-1172331.87,360.87
-443713.13,-1172332.21,360.87
-443713.01,-1172332.54,360.88
-443712.89,-1172332.86,360.89
-443712.76,-1172333.22,360.89
-443712.63,-1172333.57,360.90
-443712.50,-1172333.91,360.93
-443712.38,-1172334.24,360.94
-443712.25,-1172334.60,360.94
-443712.11,-1172334.99,360.96
-443711.99,-1172335.31,360.97
-443711.87,-1172335.63,360.98
-443711.74,-1172335.99,361.00
-443711.61,-1172336.34,361.03
-443711.49,-1172336.68,361.04
-443711.37,-1172337.01,361.06
-443717.93,-1172319.63,358.74
-443717.66,-1172320.38,358.95
-443717.51,-1172320.79,359.01
-443716.66,-1172323.14,360.84
-443716.43,-1172323.78,360.79
-443716.30,-1172324.12,360.75
-443716.19,-1172324.42,360.72
-443712.08,-1172333.22,360.94
-443711.94,-1172333.58,360.95
-443711.82,-1172333.92,360.96
-443711.68,-1172334.29,360.97
-443711.56,-1172334.63,360.99
-443711.42,-1172335.01,361.00
-443711.30,-1172335.34,361.02
-443711.18,-1172335.67,361.02
-443711.05,-1172336.01,361.03
-443710.93,-1172336.35,361.04
-443710.80,-1172336.69,361.06
-443710.68,-1172337.03,361.06
-443710.55,-1172337.37,361.08
-443716.03,-1172323.27,360.89
-443715.81,-1172323.88,360.81
-443715.68,-1172324.22,360.75
-443715.56,-1172324.56,360.70
-443715.45,-1172324.87,360.65
-443715.32,-1172325.22,360.62
-443715.20,-1172325.54,360.59
-443715.08,-1172325.88,360.58
-443714.67,-1172326.99,360.78
-443714.55,-1172327.33,360.80
-443714.42,-1172327.67,360.80
-443714.30,-1172328.00,360.80
-443714.18,-1172328.34,360.81
-443714.06,-1172328.65,360.81
-443713.93,-1172329.01,360.82
-443713.81,-1172329.34,360.83
-443713.68,-1172329.69,360.83
-443713.56,-1172330.02,360.84
-443713.43,-1172330.39,360.85
-443713.31,-1172330.72,360.86
-443713.18,-1172331.07,360.87
-443713.06,-1172331.40,360.89
-443712.93,-1172331.75,360.89
-443712.80,-1172332.10,360.90
-443712.67,-1172332.44,360.90
-443712.54,-1172332.80,360.91
-443712.42,-1172333.14,360.91
-443712.29,-1172333.49,360.93
-443712.18,-1172333.80,360.94
-443712.04,-1172334.17,360.95
-443711.92,-1172334.49,360.96
-443711.80,-1172334.84,360.97
-443711.67,-1172335.19,360.99
-443711.54,-1172335.53,361.01
-443711.42,-1172335.87,361.02
-443711.29,-1172336.23,361.03
-443711.14,-1172336.62,361.05
-443711.03,-1172336.93,361.06
-443710.90,-1172337.29,361.07
-443714.07,-1172326.42,360.61
-443713.66,-1172327.55,360.84
-443713.54,-1172327.88,360.85
-443713.41,-1172328.24,360.85
-443713.28,-1172328.59,360.85
-443713.15,-1172328.94,360.85
-443713.03,-1172329.27,360.86
-443712.90,-1172329.62,360.86
-443712.79,-1172329.94,360.87
-443712.65,-1172330.30,360.88
-443712.53,-1172330.63,360.89
-443712.41,-1172330.97,360.91
-443712.23,-1172331.48,360.94
-443712.03,-1172332.02,360.97
-443711.91,-1172332.32,360.97
-443711.80,-1172332.64,360.97
-443711.66,-1172333.02,360.97
-443711.54,-1172333.35,360.98
-443711.42,-1172333.67,360.99
-443711.28,-1172334.05,361.00
-443711.16,-1172334.38,361.01
-443711.03,-1172334.73,361.02
-443710.90,-1172335.08,361.04
-443710.78,-1172335.43,361.04
-443710.64,-1172335.80,361.04
-443710.52,-1172336.12,361.04
-443710.40,-1172336.45,361.05
-443710.27,-1172336.82,361.06
-443710.15,-1172337.15,361.06
-443717.50,-1172318.37,358.42
-443717.35,-1172318.78,358.50
-443717.22,-1172319.15,358.56
-443717.09,-1172319.51,358.69
-443715.69,-1172323.34,360.89
-443715.57,-1172323.68,360.83
-443715.45,-1172324.01,360.78
-443715.33,-1172324.34,360.73
-443715.21,-1172324.66,360.69
-443715.09,-1172324.99,360.65
-443714.98,-1172325.29,360.62
-443714.85,-1172325.64,360.60
-443714.72,-1172325.99,360.59
-443714.32,-1172327.10,360.81
-443714.18,-1172327.48,360.81
-443714.06,-1172327.79,360.81
-443713.93,-1172328.15,360.81
-443713.81,-1172328.47,360.82
-443713.69,-1172328.82,360.83
-443713.57,-1172329.13,360.83
-443713.44,-1172329.48,360.84
-443713.33,-1172329.80,360.85
-443713.20,-1172330.15,360.85
-443713.08,-1172330.48,360.86
-443712.95,-1172330.82,360.88
-443712.82,-1172331.17,360.89
-443712.57,-1172331.88,360.91
-443712.45,-1172332.19,360.93
-443712.31,-1172332.57,360.93
-443712.19,-1172332.89,360.94
-443715.74,-1172321.20,361.89
-443714.91,-1172323.43,360.88
-443714.79,-1172323.75,360.84
-443714.67,-1172324.10,360.78
-443714.55,-1172324.41,360.74
-443714.43,-1172324.74,360.70
-443714.30,-1172325.08,360.66
-443714.18,-1172325.41,360.62
-443714.07,-1172325.71,360.61
-443713.95,-1172326.04,360.60
-443713.83,-1172326.38,360.60
-443713.53,-1172327.20,360.85
-443713.40,-1172327.56,360.86
-443713.27,-1172327.90,360.86
-443713.15,-1172328.24,360.86
-443713.04,-1172328.54,360.86
-443712.90,-1172328.91,360.86
-443712.78,-1172329.23,360.87
-443712.52,-1172329.94,360.89
-443712.39,-1172330.31,360.90
-443712.26,-1172330.65,360.91
-443712.15,-1172330.97,360.94
-443711.75,-1172332.04,360.99
-443711.64,-1172332.34,360.98
-443711.51,-1172332.70,360.98
-443711.39,-1172333.02,360.99
-443711.27,-1172333.36,361.00
-443711.02,-1172334.05,361.01
-443710.89,-1172334.39,361.02
-443710.77,-1172334.72,361.03
-443710.65,-1172335.07,361.03
-443710.51,-1172335.44,361.04
-443710.40,-1172335.74,361.03
-443710.28,-1172336.07,361.03
-443710.16,-1172336.39,361.03
-443710.02,-1172336.76,361.04
-443709.89,-1172337.12,361.05
-443709.77,-1172337.45,361.06
-443717.09,-1172318.15,358.31
-443716.96,-1172318.51,358.39
-443716.00,-1172321.18,361.88
-443715.16,-1172323.46,360.88
-443715.04,-1172323.78,360.82
-443714.93,-1172324.10,360.78
-443714.80,-1172324.45,360.74
-443714.68,-1172324.76,360.68
-443714.56,-1172325.10,360.65
-443714.43,-1172325.44,360.62
-443714.31,-1172325.79,360.60
-443714.20,-1172326.09,360.60
-443716.70,-1172317.40,358.15
-443715.33,-1172321.18,361.88
-443714.48,-1172323.50,360.89
-443714.37,-1172323.81,360.84
-443714.24,-1172324.15,360.78
-443714.12,-1172324.47,360.74
-443714.01,-1172324.78,360.71
-443713.90,-1172325.08,360.67
-443713.77,-1172325.43,360.64
-443713.65,-1172325.75,360.61
-443713.53,-1172326.09,360.61
-443713.41,-1172326.41,360.61
-443713.12,-1172327.22,360.88
-443713.00,-1172327.54,360.88
-443712.86,-1172327.91,360.88
-443712.73,-1172328.26,360.88
-443712.61,-1172328.61,360.88
-443712.49,-1172328.94,360.89
-443712.36,-1172329.29,360.89
-443712.23,-1172329.63,360.90
-443712.11,-1172329.95,360.90
-443711.98,-1172330.31,360.92
-443711.86,-1172330.64,360.94
-443711.73,-1172331.00,360.97
-443711.60,-1172331.36,360.98
-443711.47,-1172331.71,361.00
-443711.34,-1172332.08,361.00
-443711.22,-1172332.41,361.01
-443710.97,-1172333.09,361.01
-443710.84,-1172333.44,361.02
-443710.72,-1172333.77,361.02
-443710.60,-1172334.09,361.02
-443710.47,-1172334.43,361.03
-443710.36,-1172334.75,361.03
-443710.23,-1172335.09,361.03
-443710.11,-1172335.42,361.02
-443709.99,-1172335.76,361.01
-443709.87,-1172336.08,361.00
-443709.75,-1172336.41,361.01
-443709.48,-1172337.15,361.03
-443709.36,-1172337.47,361.05
-443716.97,-1172317.76,358.23
-443710.11,-1172332.66,361.03
-443710.00,-1172332.96,361.03
-443709.88,-1172333.29,361.02
-443709.75,-1172333.63,361.01
-443709.63,-1172333.97,361.00
-443709.50,-1172334.31,360.99
-443709.38,-1172334.64,360.99
-443709.25,-1172335.00,360.98
-443709.12,-1172335.34,360.97
-443709.00,-1172335.67,360.96
-443708.87,-1172336.03,360.94
-443708.75,-1172336.36,360.94
-443708.64,-1172336.66,360.94
-443716.48,-1172316.84,357.99
-443714.84,-1172321.39,361.88
-443714.10,-1172323.40,360.92
-443713.97,-1172323.73,360.86
-443713.86,-1172324.05,360.82
-443713.73,-1172324.39,360.77
-443713.62,-1172324.69,360.73
-443713.51,-1172325.00,360.69
-443713.38,-1172325.34,360.66
-443713.27,-1172325.65,360.63
-443713.14,-1172326.00,360.61
-443713.03,-1172326.31,360.61
-443712.84,-1172326.83,360.85
-443712.61,-1172327.44,360.91
-443712.49,-1172327.79,360.91
-443712.36,-1172328.14,360.90
-443712.24,-1172328.47,360.90
-443712.11,-1172328.81,360.92
-443711.98,-1172329.16,360.93
-443711.86,-1172329.49,360.93
-443711.73,-1172329.86,360.94
-443711.60,-1172330.22,360.95
-443711.46,-1172330.58,360.96
-443711.34,-1172330.91,360.98
-443711.23,-1172331.23,360.99
-443711.10,-1172331.59,361.01
-443710.97,-1172331.91,361.02
-443710.84,-1172332.29,361.02
-443710.72,-1172332.61,361.03
-443710.59,-1172332.97,361.03
-443710.46,-1172333.33,361.03
-443710.33,-1172333.68,361.03
-443710.21,-1172334.01,361.02
-443710.09,-1172334.34,361.02
-443709.97,-1172334.64,361.02
-443709.84,-1172335.00,361.01
-443709.72,-1172335.33,361.00
-443709.60,-1172335.67,360.99
-443709.48,-1172335.99,360.98
-443709.37,-1172336.30,360.98
-443709.24,-1172336.66,360.98
-443708.98,-1172337.35,361.01
-443713.00,-1172323.68,360.89
-443712.89,-1172323.98,360.85
-443712.77,-1172324.31,360.81
-443712.64,-1172324.65,360.76
-443712.52,-1172324.99,360.73
-443712.40,-1172325.30,360.69
-443712.28,-1172325.64,360.65
-443712.15,-1172325.98,360.62
-443712.03,-1172326.31,360.62
-443711.85,-1172326.82,360.88
-443711.72,-1172327.15,360.95
-443711.62,-1172327.45,360.95
-443711.48,-1172327.81,360.96
-443711.36,-1172328.13,360.97
-443711.12,-1172328.80,360.98
-443710.99,-1172329.14,360.99
-443710.86,-1172329.50,361.01
-443710.75,-1172329.82,361.01
-443710.62,-1172330.15,361.02
-443710.49,-1172330.52,361.02
-443710.36,-1172330.87,361.02
-443710.23,-1172331.22,361.02
-443710.11,-1172331.54,361.02
-443709.99,-1172331.88,361.03
-443709.87,-1172332.21,361.02
-443709.75,-1172332.54,361.02
-443709.62,-1172332.88,361.01
-443709.49,-1172333.25,361.00
-443709.36,-1172333.60,360.99
-443709.24,-1172333.92,360.98
-443709.12,-1172334.26,360.97
-443708.99,-1172334.60,360.96
-443708.88,-1172334.90,360.95
-443708.76,-1172335.23,360.94
-443708.63,-1172335.59,360.94
-443708.50,-1172335.94,360.93
-443708.37,-1172336.28,360.92
-443708.25,-1172336.62,360.93
-443707.87,-1172337.65,361.02
-443714.24,-1172321.40,361.90
-443713.50,-1172323.39,360.94
-443713.38,-1172323.72,360.88
-443713.27,-1172324.02,360.84
-443713.15,-1172324.36,360.80
-443713.03,-1172324.70,360.75
-443712.90,-1172325.04,360.71
-443712.79,-1172325.35,360.67
-443712.66,-1172325.70,360.63
-443712.54,-1172326.02,360.61
-443712.42,-1172326.36,360.61
-443712.24,-1172326.86,360.89
-443712.13,-1172327.15,360.93
-443712.00,-1172327.49,360.94
-443711.88,-1172327.82,360.94
-443711.76,-1172328.15,360.94
-443711.64,-1172328.47,360.95
-443711.51,-1172328.85,360.95
-443711.38,-1172329.19,360.97
-443711.26,-1172329.51,360.98
-443711.14,-1172329.85,360.98
-443711.01,-1172330.20,360.99
-443710.89,-1172330.53,361.00
-443710.77,-1172330.86,361.01
-443710.63,-1172331.24,361.02
-443710.50,-1172331.58,361.02
-443710.37,-1172331.94,361.03
-443710.24,-1172332.30,361.03
-443714.58,-1172318.02,360.41
-443714.44,-1172318.41,360.46
-443714.32,-1172318.73,360.51
-443714.19,-1172319.09,360.56
-443713.27,-1172321.64,361.91
-443712.53,-1172323.62,360.92
-443712.41,-1172323.96,360.87
-443712.29,-1172324.29,360.82
-443712.16,-1172324.63,360.78
-443712.04,-1172324.95,360.74
-443711.93,-1172325.26,360.70
-443711.81,-1172325.58,360.66
-443711.69,-1172325.92,360.62
-443711.57,-1172326.24,360.62
-443711.45,-1172326.57,360.62
-443711.26,-1172327.09,360.96
-443711.14,-1172327.43,360.97
-443711.01,-1172327.78,360.99
-443710.89,-1172328.10,360.99
-443710.76,-1172328.46,361.00
-443710.63,-1172328.80,361.01
-443710.51,-1172329.15,361.02
-443710.39,-1172329.46,361.03
-443710.27,-1172329.80,361.03
-443710.14,-1172330.16,361.03
-443710.03,-1172330.46,361.02
-443709.90,-1172330.80,361.02
-443709.77,-1172331.14,361.02
-443709.65,-1172331.48,361.01
-443709.53,-1172331.82,361.01
-443709.41,-1172332.13,361.00
-443709.15,-1172332.84,360.99
-443709.04,-1172333.15,360.98
-443708.91,-1172333.49,360.96
-443708.79,-1172333.83,360.94
-443708.67,-1172334.16,360.94
-443708.54,-1172334.52,360.93
-443708.41,-1172334.87,360.93
-443708.27,-1172335.23,360.92
-443708.17,-1172335.51,360.91
-443708.04,-1172335.87,360.90
-443707.92,-1172336.19,360.89
-443707.80,-1172336.54,360.89
-443707.68,-1172336.86,360.89
-443707.52,-1172337.30,360.89
-443707.40,-1172337.63,360.97
-443708.61,-1172331.93,360.95
-443708.48,-1172332.28,360.94
-443708.36,-1172332.59,360.93
-443708.24,-1172332.93,360.92
-443708.13,-1172333.23,360.91
-443708.01,-1172333.56,360.89
-443707.87,-1172333.93,360.88
-443707.76,-1172334.24,360.88
-443707.64,-1172334.55,360.87
-443707.51,-1172334.90,360.87
-443707.39,-1172335.25,360.86
-443707.27,-1172335.58,360.85
-443707.14,-1172335.92,360.84
-443707.01,-1172336.28,360.83
-443706.89,-1172336.60,360.84
-443706.78,-1172336.91,360.85
-443706.49,-1172337.71,360.89
-443714.35,-1172317.61,360.39
-443714.20,-1172318.01,360.44
-443714.07,-1172318.36,360.47
-443713.94,-1172318.73,360.51
-443713.81,-1172319.08,360.56
-443713.68,-1172319.44,360.61
-443712.88,-1172321.62,361.91
-443712.15,-1172323.59,360.93
-443712.03,-1172323.93,360.88
-443711.91,-1172324.24,360.84
-443711.80,-1172324.56,360.80
-443711.67,-1172324.90,360.75
-443711.56,-1172325.22,360.72
-443711.43,-1172325.57,360.67
-443711.31,-1172325.90,360.64
-443711.19,-1172326.23,360.64
-443711.07,-1172326.54,360.64
-443710.88,-1172327.07,360.97
-443710.77,-1172327.38,361.00
-443710.64,-1172327.72,361.01
-443710.51,-1172328.08,361.02
-443710.39,-1172328.41,361.03
-443710.26,-1172328.76,361.03
-443710.13,-1172329.10,361.03
-443710.00,-1172329.46,361.04
-443709.88,-1172329.80,361.04
-443709.75,-1172330.14,361.02
-443709.64,-1172330.45,361.02
-443709.50,-1172330.83,361.01
-443709.39,-1172331.13,361.00
-443709.27,-1172331.46,360.99
-443709.15,-1172331.78,360.99
-443709.03,-1172332.12,360.98
-443708.90,-1172332.46,360.97
-443708.79,-1172332.78,360.96
-443708.66,-1172333.12,360.94
-443708.54,-1172333.45,360.93
-443708.41,-1172333.79,360.92
-443708.29,-1172334.12,360.91
-443708.16,-1172334.48,360.91
-443708.04,-1172334.80,360.90
-443707.92,-1172335.12,360.89
-443707.79,-1172335.48,360.88
-443707.54,-1172336.16,360.87
-443707.42,-1172336.51,360.87
-443707.28,-1172336.87,360.87
-443707.02,-1172337.59,360.93
-443710.96,-1172324.72,360.81
-443710.84,-1172325.03,360.76
-443710.73,-1172325.34,360.73
-443710.60,-1172325.69,360.71
-443710.48,-1172326.00,360.69
-443710.18,-1172326.85,361.03
-443710.05,-1172327.18,361.03
-443709.94,-1172327.50,361.04
-443709.81,-1172327.86,361.03
-443709.69,-1172328.18,361.03
-443709.55,-1172328.55,361.02
-443709.43,-1172328.89,361.02
-443709.30,-1172329.23,361.01
-443709.19,-1172329.55,361.00
-443709.06,-1172329.89,360.99
-443708.94,-1172330.22,360.98
-443708.82,-1172330.54,360.97
-443708.69,-1172330.89,360.96
-443708.57,-1172331.23,360.95
-443708.44,-1172331.58,360.94
-443708.31,-1172331.92,360.93
-443708.20,-1172332.24,360.92
-443708.07,-1172332.59,360.91
-443707.94,-1172332.93,360.89
-443707.82,-1172333.25,360.88
-443707.69,-1172333.61,360.88
-443707.57,-1172333.94,360.86
-443707.46,-1172334.26,360.86
-443707.33,-1172334.60,360.85
-443707.21,-1172334.93,360.85
-443707.09,-1172335.26,360.83
-443706.96,-1172335.60,360.82
-443706.85,-1172335.92,360.82
-443706.72,-1172336.27,360.82
-443706.60,-1172336.58,360.82
-443706.47,-1172336.93,360.82
-443706.19,-1172337.70,360.84
-443714.31,-1172316.38,360.25
-443714.18,-1172316.71,360.29
-443714.05,-1172317.08,360.33
-443713.92,-1172317.42,360.38
-443713.80,-1172317.76,360.40
-443713.67,-1172318.11,360.44
-443713.54,-1172318.46,360.49
-443713.41,-1172318.83,360.52
-443713.28,-1172319.18,360.58
-443711.61,-1172323.73,360.92
-443711.50,-1172324.04,360.88
-443711.38,-1172324.37,360.84
-443711.26,-1172324.69,360.80
-443711.13,-1172325.04,360.76
-443711.01,-1172325.37,360.72
-443710.90,-1172325.67,360.69
-443710.78,-1172325.98,360.65
-443710.65,-1172326.34,360.68
-443710.53,-1172326.67,360.98
-443710.34,-1172327.19,361.03
-443710.22,-1172327.54,361.03
-443710.09,-1172327.89,361.03
-443709.97,-1172328.20,361.03
-443709.85,-1172328.54,361.03
-443709.73,-1172328.87,361.03
-443709.60,-1172329.23,361.02
-443709.47,-1172329.56,361.01
-443709.36,-1172329.89,361.01
-443709.23,-1172330.24,361.00
-443709.10,-1172330.57,360.99
-443708.98,-1172330.91,360.98
-443708.86,-1172331.24,360.97
-443708.73,-1172331.59,360.95
-443713.67,-1172316.22,360.25
-443713.54,-1172316.56,360.27
-443713.42,-1172316.89,360.31
-443713.28,-1172317.28,360.34
-443713.15,-1172317.63,360.38
-443713.03,-1172317.98,360.41
-443712.90,-1172318.33,360.46
-443712.76,-1172318.70,360.51
-443712.63,-1172319.07,360.55
-443712.49,-1172319.43,360.60
-443710.82,-1172323.99,360.92
-443710.71,-1172324.31,360.87
-443710.58,-1172324.65,360.82
-443710.46,-1172324.96,360.77
-443710.35,-1172325.27,360.74
-443710.23,-1172325.59,360.73
-443709.94,-1172326.40,361.01
-443709.81,-1172326.75,361.02
-443709.70,-1172327.04,361.03
-443709.57,-1172327.40,361.03
-443709.45,-1172327.73,361.02
-443709.32,-1172328.07,361.01
-443709.20,-1172328.41,361.00
-443709.08,-1172328.74,360.99
-443708.97,-1172329.05,360.98
-443708.83,-1172329.42,360.97
-443708.70,-1172329.77,360.97
-443708.58,-1172330.11,360.96
-443708.45,-1172330.46,360.94
-443708.32,-1172330.80,360.93
-443708.20,-1172331.13,360.92
-443708.09,-1172331.44,360.92
-443707.96,-1172331.79,360.90
-443707.84,-1172332.11,360.89
-443707.71,-1172332.47,360.88
-443707.59,-1172332.80,360.87
-443707.46,-1172333.15,360.86
-443707.34,-1172333.48,360.86
-443707.21,-1172333.83,360.85
-443707.09,-1172334.16,360.84
-443706.97,-1172334.50,360.84
-443706.84,-1172334.83,360.83
-443706.72,-1172335.18,360.81
-443706.59,-1172335.52,360.81
-443706.48,-1172335.83,360.80
-443706.35,-1172336.17,360.79
-443706.23,-1172336.49,360.79
-443706.11,-1172336.83,360.79
-443705.99,-1172337.16,360.80
-443714.29,-1172315.63,360.20
-443714.04,-1172316.30,360.27
-443713.91,-1172316.66,360.29
-443713.77,-1172317.04,360.33
-443713.64,-1172317.39,360.36
-443713.51,-1172317.75,360.40
-443713.37,-1172318.12,360.44
-443713.23,-1172318.51,360.48
-443713.11,-1172318.83,360.52
-443712.99,-1172319.18,360.57
-443712.86,-1172319.52,360.61
-443711.31,-1172323.75,360.93
-443711.20,-1172324.06,360.89
-443711.08,-1172324.38,360.85
-443707.74,-1172330.23,360.90
-443707.62,-1172330.57,360.89
-443707.50,-1172330.90,360.88
-443707.37,-1172331.25,360.87
-443707.24,-1172331.59,360.86
-443707.13,-1172331.90,360.85
-443707.01,-1172332.23,360.84
-443706.87,-1172332.60,360.84
-443706.74,-1172332.95,360.83
-443706.62,-1172333.29,360.82
-443706.49,-1172333.63,360.81
-443706.37,-1172333.97,360.80
-443706.25,-1172334.28,360.80
-443706.13,-1172334.61,360.79
-443706.00,-1172334.96,360.78
-443705.87,-1172335.31,360.77
-443705.75,-1172335.65,360.77
-443705.63,-1172335.98,360.76
-443713.46,-1172315.88,360.24
-443713.34,-1172316.21,360.25
-443713.22,-1172316.54,360.26
-443713.09,-1172316.90,360.29
-443712.96,-1172317.26,360.33
-443712.83,-1172317.59,360.37
-443712.70,-1172317.94,360.41
-443712.57,-1172318.30,360.45
-443712.44,-1172318.66,360.50
-443712.31,-1172319.02,360.54
-443712.17,-1172319.40,360.60
-443710.61,-1172323.64,361.00
-443710.50,-1172323.95,360.92
-443710.38,-1172324.28,360.88
-443710.03,-1172325.24,360.75
-443709.84,-1172325.75,360.76
-443709.73,-1172326.05,361.00
-443709.61,-1172326.39,361.02
-443709.49,-1172326.71,361.02
-443709.37,-1172327.03,361.01
-443709.24,-1172327.38,361.00
-443709.13,-1172327.68,361.00
-443709.00,-1172328.04,360.99
-443708.87,-1172328.38,360.97
-443708.76,-1172328.71,360.97
-443708.63,-1172329.05,360.96
-443708.51,-1172329.38,360.96
-443708.38,-1172329.73,360.95
-443708.25,-1172330.07,360.94
-443708.13,-1172330.40,360.93
-443708.01,-1172330.73,360.92
-443707.89,-1172331.05,360.90
-443707.76,-1172331.41,360.89
-443707.63,-1172331.76,360.87
-443707.50,-1172332.11,360.87
-443707.37,-1172332.48,360.86
-443707.26,-1172332.77,360.85
-443707.14,-1172333.11,360.85
-443707.02,-1172333.43,360.84
-443706.89,-1172333.79,360.83
-443706.77,-1172334.12,360.83
-443706.65,-1172334.45,360.82
-443706.51,-1172334.82,360.81
-443706.38,-1172335.16,360.80
-443706.27,-1172335.48,360.79
-443706.14,-1172335.83,360.78
-443706.01,-1172336.17,360.77
-443705.89,-1172336.49,360.77
-443705.77,-1172336.83,360.78
-443705.65,-1172337.17,360.78
-443713.80,-1172315.87,360.24
-443709.88,-1172323.86,360.98
-443709.76,-1172324.19,360.91
-443709.64,-1172324.52,360.84
-443709.52,-1172324.82,360.80
-443709.41,-1172325.12,360.78
-443709.24,-1172325.60,360.79
-443709.12,-1172325.93,360.98
-443708.99,-1172326.28,361.00
-443708.87,-1172326.59,360.99
-443708.75,-1172326.94,360.97
-443708.62,-1172327.30,360.96
-443708.49,-1172327.64,360.95
-443708.37,-1172327.97,360.94
-443708.24,-1172328.32,360.93
-443708.12,-1172328.65,360.92
-443707.75,-1172329.65,360.91
-443707.63,-1172329.99,360.90
-443707.52,-1172330.29,360.89
-443707.39,-1172330.63,360.88
-443707.26,-1172330.98,360.87
-443707.14,-1172331.31,360.86
-443707.02,-1172331.63,360.85
-443706.90,-1172331.95,360.84
-443706.77,-1172332.33,360.83
-443706.64,-1172332.67,360.82
-443706.52,-1172332.99,360.82
-443706.41,-1172333.31,360.81
-443706.27,-1172333.67,360.80
-443706.02,-1172334.35,360.78
-443705.90,-1172334.69,360.78
-443705.77,-1172335.03,360.77
-443705.66,-1172335.34,360.77
-443705.54,-1172335.67,360.76
-443712.94,-1172316.05,360.24
-443712.81,-1172316.41,360.25
-443712.68,-1172316.76,360.27
-443712.55,-1172317.11,360.31
-443712.43,-1172317.46,360.35
-443712.30,-1172317.80,360.38
-443712.18,-1172318.14,360.42
-443712.04,-1172318.51,360.47
-443711.78,-1172319.23,360.58
-443711.65,-1172319.57,360.62
-443710.85,-1172321.79,362.04
-443710.10,-1172323.81,360.99
-443709.98,-1172324.14,360.91
-443709.86,-1172324.45,360.85
-443709.75,-1172324.76,360.82
-443709.63,-1172325.09,360.78
-443709.44,-1172325.60,360.77
-443709.51,-1172325.40,360.77
-443709.33,-1172325.91,360.98
-443709.20,-1172326.25,361.00
-443709.09,-1172326.57,361.00
-443708.96,-1172326.91,360.98
-443708.84,-1172327.23,360.98
-443708.71,-1172327.60,360.96
-443708.59,-1172327.92,360.95
-443708.48,-1172328.23,360.95
-443708.35,-1172328.56,360.94
-443708.23,-1172328.89,360.93
-443708.10,-1172329.25,360.92
-443707.99,-1172329.56,360.92
-443707.87,-1172329.88,360.91
-443712.49,-1172316.04,360.23
-443712.36,-1172316.38,360.24
-443712.23,-1172316.74,360.26
-443712.10,-1172317.08,360.30
-443711.97,-1172317.45,360.34
-443711.83,-1172317.82,360.38
-443711.69,-1172318.20,360.42
-443711.57,-1172318.54,360.47
-443711.43,-1172318.91,360.52
-443711.31,-1172319.25,360.57
-443711.17,-1172319.63,360.62
-443711.05,-1172319.96,360.69
-443710.51,-1172321.45,362.04
-443710.37,-1172321.83,362.04
-443710.16,-1172322.39,361.91
-443709.53,-1172324.09,360.94
-443709.41,-1172324.41,360.86
-443709.29,-1172324.74,360.81
-443709.18,-1172325.05,360.77
-443709.05,-1172325.40,360.74
-443708.87,-1172325.89,360.98
-443708.75,-1172326.21,360.98
-443708.63,-1172326.53,360.98
-443708.52,-1172326.86,360.96
-443708.40,-1172327.17,360.95
-443708.26,-1172327.55,360.94
-443708.15,-1172327.86,360.93
-443708.02,-1172328.22,360.92
-443707.89,-1172328.57,360.91
-443707.76,-1172328.92,360.90
-443707.52,-1172329.58,360.89
-443707.39,-1172329.91,360.88
-443707.26,-1172330.27,360.87
-443707.15,-1172330.58,360.87
-443707.03,-1172330.90,360.86
-443706.91,-1172331.24,360.84
-443706.79,-1172331.56,360.84
-443706.66,-1172331.90,360.83
-443706.54,-1172332.23,360.82
-443706.42,-1172332.56,360.82
-443706.30,-1172332.90,360.81
-443706.18,-1172333.22,360.80
-443706.04,-1172333.59,360.79
-443705.91,-1172333.94,360.78
-443705.80,-1172334.24,360.78
-443705.68,-1172334.57,360.77
-443705.56,-1172334.90,360.77
-443712.85,-1172315.76,360.22
-443712.59,-1172316.47,360.25
-443712.45,-1172316.84,360.28
-443712.32,-1172317.19,360.32
-443712.20,-1172317.54,360.35
-443712.07,-1172317.87,360.39
-443711.93,-1172318.26,360.44
-443711.80,-1172318.62,360.49
-443711.68,-1172318.94,360.53
-443711.55,-1172319.29,360.58
-443711.42,-1172319.64,360.63
-443710.76,-1172321.47,362.06
-443710.62,-1172321.85,362.04
-443708.41,-1172326.23,360.96
-443708.27,-1172326.60,360.95
-443708.03,-1172327.26,360.93
-443707.91,-1172327.59,360.92
-443707.78,-1172327.94,360.91
-443707.66,-1172328.26,360.90
-443707.53,-1172328.61,360.89
-443707.40,-1172328.98,360.88
-443707.27,-1172329.32,360.87
-443707.15,-1172329.64,360.87
-443707.04,-1172329.96,360.86
-443706.91,-1172330.30,360.85
-443706.79,-1172330.64,360.85
-443706.67,-1172330.97,360.84
-443706.54,-1172331.31,360.83
-443706.41,-1172331.66,360.82
-443706.29,-1172332.00,360.82
-443706.16,-1172332.35,360.81
-443706.03,-1172332.70,360.80
-443705.90,-1172333.04,360.78
-443705.79,-1172333.35,360.78
-443705.67,-1172333.69,360.78
-443705.54,-1172334.05,360.77
-443705.43,-1172334.34,360.77
-443712.33,-1172316.20,360.24
-443712.19,-1172316.57,360.25
-443712.06,-1172316.92,360.27
-443711.93,-1172317.28,360.32
-443711.82,-1172317.60,360.36
-443711.68,-1172317.97,360.40
-443711.54,-1172318.34,360.45
-443711.42,-1172318.67,360.48
-443711.29,-1172319.05,360.54
-443711.15,-1172319.42,360.59
-443711.01,-1172319.80,360.64
-443710.22,-1172321.97,362.00
-443710.00,-1172322.57,361.88
-443709.49,-1172323.93,360.98
-443709.38,-1172324.23,360.91
-443709.26,-1172324.56,360.83
-443709.14,-1172324.88,360.78
-443709.03,-1172325.19,360.77
-443708.73,-1172326.00,360.97
-443708.61,-1172326.33,360.98
-443708.49,-1172326.66,360.97
-443708.36,-1172327.02,360.95
-443708.23,-1172327.37,360.94
-443708.11,-1172327.69,360.93
-443707.99,-1172328.02,360.92
-443707.86,-1172328.36,360.91
-443707.74,-1172328.70,360.90
-443707.62,-1172329.03,360.89
-443707.37,-1172329.72,360.88
-443707.24,-1172330.05,360.88
-443707.11,-1172330.41,360.86
-443706.99,-1172330.74,360.86
-443706.86,-1172331.09,360.85
-443706.74,-1172331.41,360.84
-443706.62,-1172331.74,360.83
-443706.49,-1172332.08,360.82
-443706.37,-1172332.42,360.81
-443706.25,-1172332.75,360.81
-443706.14,-1172333.05,360.80
-443706.01,-1172333.41,360.78
-443705.64,-1172334.41,360.77
-443705.52,-1172334.73,360.77
-443711.48,-1172317.71,360.37
-443711.36,-1172318.04,360.40
-443711.23,-1172318.38,360.45
-443711.10,-1172318.75,360.50
-443710.96,-1172319.12,360.55
-443710.83,-1172319.48,360.60
-443709.14,-1172324.08,360.95
-443709.03,-1172324.36,360.88
-443708.91,-1172324.68,360.81
-443708.80,-1172324.98,360.78
-443708.69,-1172325.29,360.78
-443708.52,-1172325.78,360.94
-443708.41,-1172326.07,360.96
-443708.28,-1172326.42,360.96
-443708.16,-1172326.74,360.95
-443708.04,-1172327.06,360.93
-443707.91,-1172327.42,360.92
-443707.79,-1172327.74,360.91
-443707.67,-1172328.07,360.90
-443707.55,-1172328.41,360.90
-443707.42,-1172328.74,360.89
-443707.29,-1172329.10,360.87
-443707.17,-1172329.43,360.87
-443707.05,-1172329.76,360.86
-443706.92,-1172330.12,360.86
-443706.78,-1172330.49,360.85
-443706.66,-1172330.82,360.84
-443706.54,-1172331.15,360.83
-443706.42,-1172331.48,360.82
-443706.30,-1172331.80,360.81
-443706.18,-1172332.13,360.81
-443706.05,-1172332.48,360.80
-443705.92,-1172332.83,360.79
-443705.80,-1172333.16,360.78
-443705.67,-1172333.51,360.78
-443705.54,-1172333.86,360.77
-443705.42,-1172334.19,360.76
-443705.30,-1172334.50,360.76
-443712.12,-1172316.12,360.22
-443712.00,-1172316.46,360.24
-443711.88,-1172316.79,360.26
-443711.74,-1172317.16,360.30
-443711.60,-1172317.54,360.35
-443711.47,-1172317.90,360.39
-443711.34,-1172318.24,360.44
-443711.20,-1172318.62,360.48
-443711.07,-1172318.98,360.52
-443710.95,-1172319.31,360.57
-443710.83,-1172319.64,360.61
-443710.00,-1172321.92,361.99
-443709.27,-1172323.90,360.97
-443709.15,-1172324.21,360.91
-443709.04,-1172324.50,360.84
-443708.93,-1172324.81,360.78
-443708.81,-1172325.13,360.77
-443708.52,-1172325.94,360.95
-443711.71,-1172316.29,360.23
-443711.59,-1172316.62,360.25
-443711.45,-1172317.00,360.27
-443711.33,-1172317.34,360.32
-443711.19,-1172317.70,360.36
-443711.06,-1172318.06,360.40
-443710.94,-1172318.40,360.45
-443710.80,-1172318.77,360.49
-443710.67,-1172319.13,360.55
-443710.54,-1172319.48,360.59
-443710.42,-1172319.82,360.63
-443708.86,-1172324.06,360.96
-443708.74,-1172324.39,360.87
-443708.62,-1172324.70,360.81
-443708.51,-1172325.01,360.78
-443708.39,-1172325.34,360.78
-443708.21,-1172325.82,360.93
-443707.99,-1172326.43,360.95
-443707.86,-1172326.79,360.93
-443707.74,-1172327.11,360.91
-443707.62,-1172327.42,360.90
-443707.49,-1172327.78,360.89
-443707.37,-1172328.10,360.89
-443707.26,-1172328.41,360.88
-443707.13,-1172328.76,360.86
-443707.00,-1172329.10,360.85
-443706.89,-1172329.42,360.85
-443706.76,-1172329.78,360.84
-443706.63,-1172330.11,360.84
-443706.51,-1172330.46,360.83
-443706.26,-1172331.14,360.82
-443706.13,-1172331.48,360.81
-443706.01,-1172331.82,360.80
-443705.87,-1172332.18,360.79
-443705.76,-1172332.50,360.78
-443705.64,-1172332.82,360.78
-443705.52,-1172333.15,360.78
-443705.39,-1172333.50,360.77
-443712.12,-1172315.95,360.22
-443712.01,-1172316.27,360.23
-443711.88,-1172316.62,360.25
-443711.76,-1172316.95,360.28
-443711.61,-1172317.34,360.32
-443706.34,-1172328.92,360.81
-443706.23,-1172329.23,360.81
-443706.10,-1172329.58,360.80
-443705.97,-1172329.92,360.80
-443705.85,-1172330.26,360.79
-443705.74,-1172330.57,360.79
-443705.37,-1172331.57,360.77
-443705.25,-1172331.88,360.77
-443711.48,-1172316.17,360.22
-443711.35,-1172316.51,360.23
-443711.22,-1172316.88,360.26
-443711.09,-1172317.23,360.30
-443710.96,-1172317.58,360.35
-443710.83,-1172317.93,360.38
-443710.70,-1172318.28,360.43
-443710.59,-1172318.59,360.47
-443710.45,-1172318.97,360.52
-443710.32,-1172319.31,360.57
-443710.19,-1172319.67,360.61
-443709.38,-1172321.90,361.95
-443708.63,-1172323.92,361.01
-443708.52,-1172324.23,360.93
-443708.40,-1172324.53,360.85
-443708.29,-1172324.85,360.80
-443707.76,-1172326.28,360.94
-443707.63,-1172326.63,360.93
-443707.51,-1172326.97,360.91
-443707.38,-1172327.31,360.89
-443707.27,-1172327.62,360.88
-443707.14,-1172327.98,360.87
-443707.02,-1172328.31,360.86
-443706.90,-1172328.62,360.84
-443706.78,-1172328.95,360.84
-443706.66,-1172329.26,360.84
-443706.54,-1172329.61,360.82
-443706.41,-1172329.94,360.82
-443706.29,-1172330.28,360.82
-443706.16,-1172330.64,360.81
-443706.04,-1172330.95,360.80
-443705.92,-1172331.29,360.80
-443705.78,-1172331.67,360.79
-443705.67,-1172331.98,360.79
-443705.55,-1172332.30,360.78
-443705.42,-1172332.66,360.77
-443705.28,-1172333.01,360.76
-443707.73,-1172324.61,360.87
-443707.20,-1172326.05,360.87
-443707.08,-1172326.36,360.88
-443706.97,-1172326.67,360.87
-443706.84,-1172327.01,360.86
-443706.72,-1172327.35,360.84
-443706.60,-1172327.68,360.83
-443706.48,-1172328.01,360.82
-443706.34,-1172328.38,360.82
-443706.23,-1172328.69,360.81
-443706.10,-1172329.04,360.80
-443705.97,-1172329.38,360.79
-443705.84,-1172329.74,360.79
-443705.72,-1172330.07,360.78
-443705.59,-1172330.41,360.78
-443705.47,-1172330.73,360.77
-443705.34,-1172331.09,360.76
-443705.23,-1172331.38,360.76
-443705.11,-1172331.73,360.75
-443710.94,-1172316.40,360.21
-443710.81,-1172316.76,360.24
-443710.67,-1172317.14,360.28
-443710.53,-1172317.52,360.32
-443710.41,-1172317.85,360.36
-443710.28,-1172318.21,360.41
-443710.15,-1172318.56,360.46
-443710.02,-1172318.93,360.50
-443709.89,-1172319.27,360.55
-443709.76,-1172319.63,360.60
-443709.64,-1172319.96,360.64
-443708.09,-1172324.16,360.97
-443707.98,-1172324.47,360.88
-443707.86,-1172324.80,360.81
-443707.73,-1172325.13,360.78
-443707.22,-1172326.53,360.89
-443707.10,-1172326.86,360.88
-443706.98,-1172327.19,360.86
-443706.84,-1172327.55,360.85
-443706.72,-1172327.89,360.84
-443706.60,-1172328.23,360.83
-443706.47,-1172328.57,360.82
-443710.47,-1172316.29,360.20
-443710.34,-1172316.63,360.22
-443710.20,-1172317.01,360.26
-443710.07,-1172317.38,360.30
-443709.93,-1172317.74,360.34
-443709.81,-1172318.09,360.38
-443709.68,-1172318.42,360.43
-443709.55,-1172318.78,360.47
-443709.42,-1172319.14,360.52
-443709.28,-1172319.51,360.57
-443709.15,-1172319.86,360.62
-443708.33,-1172322.13,361.92
-443707.60,-1172324.08,361.03
-443707.49,-1172324.38,360.95
-443707.38,-1172324.68,360.87
-443707.26,-1172325.01,360.81
-443707.15,-1172325.30,360.80
-443706.63,-1172326.72,360.85
-443706.50,-1172327.07,360.84
-443706.37,-1172327.42,360.82
-443706.25,-1172327.75,360.81
-443706.12,-1172328.10,360.81
-443706.00,-1172328.44,360.80
-443705.88,-1172328.77,360.79
-443705.75,-1172329.11,360.79
-443705.64,-1172329.42,360.78
-443705.51,-1172329.76,360.78
-443705.37,-1172330.14,360.76
-443705.25,-1172330.46,360.76
-443705.13,-1172330.81,360.75
-443705.00,-1172331.14,360.75
-443710.80,-1172316.25,360.20
-443710.68,-1172316.57,360.22
-443710.55,-1172316.93,360.25
-443710.41,-1172317.30,360.29
-443710.28,-1172317.66,360.34
-443710.16,-1172317.99,360.37
-443710.02,-1172318.37,360.42
-443709.89,-1172318.73,360.47
-443709.75,-1172319.10,360.52
-443709.62,-1172319.45,360.57
-443709.49,-1172319.82,360.62
-443705.20,-1172328.93,360.76
-443705.08,-1172329.26,360.76
-443704.96,-1172329.58,360.75
-443710.20,-1172316.42,360.21
-443710.07,-1172316.78,360.23
-443709.94,-1172317.13,360.27
-443709.81,-1172317.48,360.31
-443709.68,-1172317.84,360.35
-443709.55,-1172318.21,360.39
-443709.41,-1172318.59,360.44
-443709.28,-1172318.94,360.48
-443709.14,-1172319.30,360.54
-443709.01,-1172319.67,360.58
-443708.88,-1172320.01,360.64
-443708.08,-1172322.21,361.91
-443707.23,-1172324.52,360.93
-443707.11,-1172324.83,360.85
-443707.00,-1172325.13,360.82
-443706.89,-1172325.44,360.80
-443706.61,-1172326.20,360.84
-443706.49,-1172326.52,360.84
-443706.38,-1172326.83,360.84
-443706.24,-1172327.19,360.82
-443706.11,-1172327.55,360.81
-443706.00,-1172327.86,360.80
-443705.88,-1172328.18,360.80
-443705.75,-1172328.54,360.78
-443705.62,-1172328.89,360.78
-443705.50,-1172329.22,360.78
-443705.37,-1172329.57,360.77
-443705.23,-1172329.94,360.76
-443705.12,-1172330.25,360.76
-443705.00,-1172330.56,360.75
-443704.88,-1172330.90,360.75
-443708.84,-1172318.63,360.45
-443708.70,-1172318.99,360.49
-443708.57,-1172319.35,360.54
-443708.44,-1172319.71,360.59
-443708.31,-1172320.06,360.64
-443707.51,-1172322.26,361.93
-443706.75,-1172324.29,361.01
-443706.65,-1172324.59,360.94
-443706.27,-1172325.61,360.82
-443705.89,-1172326.64,360.82
-443705.77,-1172326.97,360.81
-443705.66,-1172327.27,360.80
-443705.52,-1172327.63,360.78
-443705.41,-1172327.94,360.78
-443705.29,-1172328.26,360.77
-443705.16,-1172328.61,360.76
-443705.04,-1172328.94,360.76
-443704.92,-1172329.28,360.75
-443704.79,-1172329.61,360.75
-443709.78,-1172316.48,360.21
-443709.67,-1172316.79,360.23
-443709.53,-1172317.16,360.27
-443709.40,-1172317.52,360.31
-443709.27,-1172317.88,360.36
-443709.13,-1172318.24,360.39
-443709.01,-1172318.59,360.44
-443708.87,-1172318.95,360.48
-443708.74,-1172319.32,360.54
-443708.61,-1172319.68,360.59
-443708.47,-1172320.04,360.64
-443707.67,-1172322.26,361.93
-443706.92,-1172324.27,361.01
-443706.80,-1172324.59,360.94
-443706.69,-1172324.89,360.86
-443706.57,-1172325.21,360.82
-443706.32,-1172325.89,360.84
-443706.08,-1172326.54,360.83
-443705.95,-1172326.91,360.82
-443705.83,-1172327.22,360.81
-443705.71,-1172327.54,360.79
-443705.58,-1172327.90,360.79
-443705.46,-1172328.23,360.78
-443705.34,-1172328.56,360.77
-443705.21,-1172326.90,360.79
-443705.09,-1172327.22,360.78
-443704.97,-1172327.56,360.77
-443704.84,-1172327.91,360.76
-443704.71,-1172328.25,360.74
-443704.60,-1172328.57,360.73
-443709.40,-1172316.23,360.19
-443709.29,-1172316.54,360.21
-443709.15,-1172316.90,360.24
-443709.03,-1172317.23,360.28
-443708.90,-1172317.60,360.31
-443708.77,-1172317.94,360.36
-443708.64,-1172318.29,360.39
-443708.51,-1172318.63,360.45
-443708.39,-1172318.98,360.48
-443708.25,-1172319.36,360.54
-443708.12,-1172319.69,360.59
-443708.00,-1172320.03,360.63
-443705.58,-1172326.62,360.82
-443705.45,-1172326.95,360.81
-443705.34,-1172327.25,360.79
-443705.21,-1172327.60,360.77
-443705.09,-1172327.94,360.77
-443704.96,-1172328.30,360.76
-443704.84,-1172328.60,360.75
-443704.72,-1172328.93,360.75
-443709.60,-1172316.54,360.21
-443709.48,-1172316.87,360.24
-443709.36,-1172317.21,360.27
-443709.23,-1172317.57,360.31
-443709.09,-1172317.94,360.36
-443708.97,-1172318.28,360.39
-443708.64,-1172316.37,360.20
-443708.52,-1172316.70,360.22
-443708.38,-1172317.07,360.24
-443708.26,-1172317.39,360.28
-443708.13,-1172317.76,360.32
-443708.00,-1172318.11,360.37
-443707.86,-1172318.48,360.42
-443707.73,-1172318.84,360.46
-443707.60,-1172319.20,360.51
-443707.46,-1172319.57,360.56
-443707.33,-1172319.93,360.60
-443706.41,-1172322.44,361.95
-443704.81,-1172326.78,360.77
-443704.68,-1172327.12,360.76
-443704.57,-1172327.43,360.74
-443709.05,-1172316.46,360.21
-443708.92,-1172316.82,360.23
-443708.79,-1172317.19,360.26
-443708.65,-1172317.56,360.31
-443708.53,-1172317.89,360.35
-443708.39,-1172318.26,360.39
-443708.26,-1172318.61,360.44
-443708.12,-1172318.99,360.49
-443708.00,-1172319.33,360.53
-443707.88,-1172319.66,360.58
-443707.75,-1172320.01,360.62
-443707.63,-1172320.34,360.68
-443706.94,-1172322.22,361.95
-443705.67,-1172322.40,362.00
-443707.90,-1172316.94,360.23
-443707.64,-1172317.63,360.30
-443707.51,-1172318.00,360.35
-443707.37,-1172318.37,360.40
-443707.24,-1172318.73,360.43
-443708.28,-1172316.75,360.21
-443708.15,-1172317.10,360.24
-443708.02,-1172317.45,360.28
-443707.88,-1172317.84,360.33
-443707.75,-1172318.19,360.38
-443707.63,-1172318.52,360.42
-443707.51,-1172318.85,360.46
-443707.36,-1172319.24,360.50
-443707.23,-1172319.60,360.54
-443707.11,-1172319.94,360.59
-443707.29,-1172316.38,360.17
-443707.17,-1172316.70,360.20
-443706.90,-1172317.43,360.23
-443707.50,-1172316.46,360.19
-443707.39,-1172316.77,360.21
-443707.26,-1172317.12,360.23
-443707.13,-1172317.48,360.26
-443707.00,-1172317.82,360.30
-443707.68,-1172316.93,360.22
-443707.56,-1172317.26,360.24
-443707.43,-1172317.62,360.29
-443707.29,-1172317.98,360.34
-443707.16,-1172318.34,360.38
-443707.03,-1172318.70,360.40
-443724.10,-1172320.41,358.91
-443723.25,-1172320.68,358.92
-443723.49,-1172320.48,358.94
-443722.60,-1172320.64,358.90
-443716.16,-1172336.64,360.81
-443712.42,-1172336.94,360.95
-443713.30,-1172336.19,360.91
-443713.56,-1172335.97,360.89
-443713.84,-1172335.73,360.87
-443714.12,-1172335.49,360.84
-443714.40,-1172335.26,360.82
-443714.65,-1172335.04,360.80
-443714.93,-1172334.81,360.78
-443715.22,-1172334.56,360.77
-443715.48,-1172334.33,360.76
-443715.75,-1172334.11,360.75
-443716.03,-1172333.87,360.74
-443713.24,-1172336.79,360.89
-443713.84,-1172336.29,360.88
-443714.12,-1172336.04,360.87
-443714.96,-1172335.33,360.79
-443715.23,-1172335.10,360.78
-443715.50,-1172334.87,360.76
-443715.80,-1172334.62,360.75
-443716.07,-1172334.39,360.74
-443714.67,-1172336.23,360.84
-443714.93,-1172336.01,360.82
-443715.23,-1172335.76,360.79
-443715.52,-1172335.51,360.77
-443715.80,-1172335.27,360.75
-443716.09,-1172335.03,360.74
-443714.78,-1172336.76,360.83
-443715.03,-1172336.55,360.83
-443715.67,-1172336.01,360.78
-443715.93,-1172335.79,360.76
-443716.20,-1172335.56,360.74
-443715.59,-1172336.61,360.85
-443715.85,-1172336.39,360.79
-443712.93,-1172334.41,360.90
-443713.22,-1172334.16,360.88
-443713.50,-1172333.92,360.86
-443713.78,-1172333.69,360.83
-443714.07,-1172333.44,360.82
-443714.36,-1172333.19,360.81
-443714.63,-1172332.96,360.81
-443715.18,-1172332.50,360.77
-443715.45,-1172332.26,360.76
-443715.73,-1172332.03,360.75
-443710.15,-1172337.23,361.06
-443710.41,-1172337.00,361.06
-443710.70,-1172336.76,361.06
-443710.97,-1172336.53,361.05
-443711.27,-1172336.28,361.03
-443711.55,-1172336.04,361.01
-443711.82,-1172335.81,360.99
-443712.09,-1172335.58,360.96
-443712.39,-1172335.33,360.94
-443712.66,-1172335.09,360.92
-443712.95,-1172334.84,360.90
-443713.24,-1172334.60,360.88
-443713.53,-1172334.35,360.86
-443713.80,-1172334.12,360.84
-443714.07,-1172333.90,360.82
-443714.33,-1172333.68,360.81
-443714.61,-1172333.43,360.80
-443714.91,-1172333.18,360.79
-443715.17,-1172332.96,360.77
-443715.46,-1172332.71,360.76
-443715.76,-1172332.46,360.75
-443710.84,-1172337.18,361.07
-443711.11,-1172336.95,361.06
-443711.68,-1172336.46,361.03
-443711.97,-1172336.21,361.00
-443712.26,-1172335.97,360.96
-443712.55,-1172335.72,360.93
-443712.81,-1172335.50,360.91
-443713.08,-1172335.27,360.90
-443713.35,-1172335.05,360.88
-443713.63,-1172334.81,360.85
-443713.93,-1172334.55,360.83
-443714.20,-1172334.32,360.81
-443714.49,-1172334.08,360.81
-443714.76,-1172333.85,360.79
-443715.05,-1172333.60,360.78
-443715.34,-1172333.35,360.77
-443715.61,-1172333.12,360.75
-443715.87,-1172332.90,360.75
-443711.63,-1172337.08,361.03
-443711.90,-1172336.84,361.01
-443712.20,-1172336.59,360.98
-443712.49,-1172336.35,360.96
-443712.78,-1172336.10,360.93
-443713.05,-1172335.87,360.91
-443713.33,-1172335.63,360.88
-443713.62,-1172335.39,360.87
-443713.92,-1172335.13,360.84
-443714.18,-1172334.91,360.83
-443714.48,-1172334.66,360.81
-443714.72,-1172334.45,360.80
-443715.02,-1172334.19,360.78
-443715.30,-1172333.96,360.77
-443715.55,-1172333.74,360.76
-443715.82,-1172333.51,360.75
-443709.64,-1172336.16,360.99
-443709.92,-1172335.92,361.01
-443710.18,-1172335.70,361.02
-443710.45,-1172335.47,361.04
-443710.73,-1172335.24,361.04
-443711.03,-1172334.98,361.03
-443711.30,-1172334.75,361.01
-443711.57,-1172334.52,360.98
-443711.84,-1172334.29,360.96
-443712.14,-1172334.03,360.94
-443712.40,-1172333.81,360.93
-443712.67,-1172333.58,360.90
-443712.94,-1172333.35,360.89
-443713.23,-1172333.11,360.87
-443713.49,-1172332.88,360.85
-443713.76,-1172332.65,360.84
-443714.04,-1172332.41,360.83
-443714.32,-1172332.17,360.82
-443714.87,-1172331.71,360.80
-443715.16,-1172331.47,360.78
-443715.41,-1172331.25,360.76
-443709.85,-1172336.59,361.02
-443710.12,-1172336.36,361.03
-443710.38,-1172336.15,361.03
-443710.66,-1172335.90,361.04
-443710.93,-1172335.67,361.04
-443711.23,-1172335.42,361.02
-443711.75,-1172334.98,360.98
-443712.02,-1172334.74,360.96
-443712.30,-1172334.51,360.94
-443712.58,-1172334.27,360.92
-443712.85,-1172334.04,360.90
-443713.13,-1172333.80,360.88
-443713.41,-1172333.56,360.86
-443713.68,-1172333.33,360.84
-443713.98,-1172333.08,360.83
-443714.25,-1172332.85,360.82
-443714.51,-1172332.63,360.81
-443714.78,-1172332.39,360.79
-443715.08,-1172332.14,360.78
-443715.37,-1172331.89,360.77
-443715.63,-1172331.67,360.75
-443709.64,-1172337.20,361.03
-443709.91,-1172336.97,361.04
-443710.20,-1172336.73,361.05
-443710.46,-1172336.51,361.05
-443710.71,-1172336.29,361.04
-443711.01,-1172336.04,361.03
-443711.28,-1172335.82,361.03
-443711.53,-1172335.60,361.01
-443711.82,-1172335.35,360.98
-443712.11,-1172335.11,360.96
-443712.39,-1172334.87,360.94
-443712.66,-1172334.64,360.92
-443709.37,-1172335.32,360.98
-443709.66,-1172335.06,361.00
-443709.94,-1172334.83,361.02
-443710.20,-1172334.61,361.02
-443710.49,-1172334.36,361.03
-443710.76,-1172334.13,361.02
-443711.04,-1172333.89,361.01
-443711.30,-1172333.67,360.99
-443711.58,-1172333.43,360.97
-443711.87,-1172333.19,360.95
-443712.15,-1172332.95,360.94
-443712.42,-1172332.72,360.92
-443712.72,-1172332.46,360.90
-443712.99,-1172332.23,360.88
-443713.26,-1172332.00,360.87
-443713.55,-1172331.75,360.86
-443713.84,-1172331.51,360.84
-443714.12,-1172331.27,360.83
-443714.37,-1172331.05,360.81
-443714.65,-1172330.82,360.80
-443714.91,-1172330.59,360.78
-443715.19,-1172330.36,360.76
-443715.47,-1172330.12,360.75
-443707.25,-1172337.63,360.96
-443707.53,-1172337.39,360.91
-443707.83,-1172337.13,360.92
-443708.10,-1172336.90,360.92
-443708.38,-1172336.66,360.93
-443708.66,-1172336.43,360.94
-443708.94,-1172336.19,360.95
-443709.20,-1172335.97,360.97
-443709.49,-1172335.72,360.98
-443709.74,-1172335.50,361.00
-443710.00,-1172335.28,361.01
-443710.26,-1172335.06,361.03
-443710.55,-1172334.81,361.03
-443710.83,-1172334.58,361.03
-443711.10,-1172334.35,361.02
-443711.39,-1172334.10,360.99
-443711.67,-1172333.86,360.97
-443711.97,-1172333.60,360.95
-443712.24,-1172333.38,360.94
-443712.53,-1172333.13,360.91
-443712.80,-1172332.90,360.89
-443713.09,-1172332.66,360.88
-443713.35,-1172332.44,360.86
-443713.61,-1172332.21,360.85
-443713.88,-1172331.98,360.84
-443714.15,-1172331.75,360.82
-443714.45,-1172331.50,360.81
-443714.71,-1172331.27,360.80
-443714.97,-1172331.05,360.78
-443715.27,-1172330.80,360.77
-443715.53,-1172330.58,360.76
-443708.58,-1172337.06,360.94
-443708.85,-1172336.83,360.97
-443709.11,-1172336.61,360.97
-443709.36,-1172336.40,360.98
-443709.29,-1172334.20,360.98
-443709.54,-1172333.98,361.00
-443709.82,-1172333.75,361.01
-443710.08,-1172333.52,361.03
-443710.34,-1172333.30,361.03
-443710.63,-1172333.05,361.03
-443710.90,-1172332.82,361.02
-443711.18,-1172332.59,361.00
-443711.47,-1172332.34,361.00
-443711.76,-1172332.09,360.99
-443712.47,-1172331.49,360.93
-443712.88,-1172331.14,360.89
-443713.15,-1172330.91,360.87
-443713.43,-1172330.67,360.85
-443713.71,-1172330.43,360.84
-443714.00,-1172330.18,360.82
-443714.26,-1172329.96,360.81
-443714.55,-1172329.72,360.79
-443714.84,-1172329.47,360.77
-443715.13,-1172329.22,360.76
-443715.39,-1172329.00,360.75
-443706.10,-1172337.60,360.82
-443706.71,-1172337.08,360.86
-443706.98,-1172336.85,360.86
-443707.25,-1172336.62,360.86
-443707.51,-1172336.40,360.87
-443707.77,-1172336.18,360.88
-443708.04,-1172335.94,360.90
-443708.30,-1172335.73,360.93
-443708.55,-1172335.51,360.94
-443708.84,-1172335.27,360.95
-443709.09,-1172335.05,360.97
-443709.37,-1172334.81,360.98
-443709.65,-1172334.57,361.00
-443709.92,-1172334.35,361.02
-443710.17,-1172334.13,361.02
-443710.47,-1172333.88,361.03
-443710.73,-1172333.65,361.02
-443711.02,-1172333.41,361.01
-443711.30,-1172333.17,361.00
-443711.60,-1172332.92,360.98
-443711.87,-1172332.68,360.96
-443712.13,-1172332.46,360.95
-443712.40,-1172332.23,360.93
-443712.69,-1172331.98,360.91
-443712.98,-1172331.74,360.89
-443713.24,-1172331.51,360.87
-443713.53,-1172331.27,360.85
-443713.81,-1172331.03,360.84
-443714.10,-1172330.79,360.82
-443714.38,-1172330.55,360.81
-443714.68,-1172330.29,360.79
-443714.94,-1172330.07,360.77
-443715.21,-1172329.84,360.76
-443706.62,-1172337.66,360.94
-443707.48,-1172336.92,360.89
-443707.77,-1172336.68,360.89
-443708.02,-1172336.46,360.90
-443708.28,-1172336.24,360.92
-443708.58,-1172335.99,360.93
-443708.85,-1172335.76,360.95
-443709.10,-1172335.55,360.96
-443714.00,-1172329.02,360.82
-443714.30,-1172328.77,360.80
-443714.60,-1172328.51,360.78
-443714.87,-1172328.28,360.78
-443715.13,-1172328.06,360.76
-443716.62,-1172326.79,360.42
-443716.87,-1172326.57,360.39
-443717.12,-1172326.36,360.33
-443705.60,-1172336.74,360.76
-443705.85,-1172336.53,360.77
-443706.11,-1172336.31,360.78
-443706.39,-1172336.06,360.79
-443706.66,-1172335.83,360.81
-443706.92,-1172335.61,360.82
-443707.21,-1172335.36,360.85
-443707.47,-1172335.14,360.87
-443707.74,-1172334.91,360.88
-443708.01,-1172334.68,360.90
-443708.30,-1172334.43,360.92
-443708.55,-1172334.23,360.93
-443708.83,-1172333.98,360.95
-443709.09,-1172333.76,360.98
-443709.35,-1172333.54,360.99
-443709.60,-1172333.32,361.00
-443709.86,-1172333.11,361.03
-443710.14,-1172332.87,361.04
-443710.40,-1172332.64,361.04
-443710.66,-1172332.42,361.03
-443710.96,-1172332.17,361.02
-443711.23,-1172331.94,361.01
-443711.50,-1172331.71,361.00
-443712.35,-1172330.98,360.92
-443712.63,-1172330.74,360.89
-443712.92,-1172330.50,360.88
-443713.22,-1172330.24,360.86
-443713.51,-1172329.99,360.84
-443713.77,-1172329.77,360.83
-443714.04,-1172329.54,360.81
-443714.32,-1172329.30,360.80
-443714.58,-1172329.08,360.79
-443714.87,-1172328.83,360.78
-443715.16,-1172328.59,360.76
-443715.43,-1172328.35,360.75
-443705.81,-1172337.17,360.78
-443706.07,-1172336.94,360.80
-443706.35,-1172336.71,360.81
-443706.64,-1172336.46,360.82
-443706.89,-1172336.25,360.82
-443707.16,-1172336.01,360.85
-443707.43,-1172335.78,360.86
-443707.71,-1172335.55,360.88
-443707.97,-1172335.33,360.89
-443708.23,-1172335.11,360.92
-443708.49,-1172334.88,360.93
-443708.75,-1172334.66,360.94
-443709.02,-1172334.43,360.96
-443705.55,-1172335.79,360.76
-443705.79,-1172335.58,360.77
-443706.05,-1172335.35,360.78
-443706.33,-1172335.12,360.80
-443706.59,-1172334.89,360.81
-443706.88,-1172334.64,360.83
-443707.17,-1172334.40,360.85
-443707.43,-1172334.18,360.86
-443707.68,-1172333.96,360.87
-443707.95,-1172333.73,360.89
-443708.21,-1172333.51,360.91
-443708.50,-1172333.27,360.93
-443708.77,-1172333.03,360.95
-443709.03,-1172332.81,360.98
-443709.31,-1172332.57,360.99
-443709.59,-1172332.34,361.01
-443709.86,-1172332.10,361.02
-443710.12,-1172331.88,361.03
-443710.42,-1172331.62,361.03
-443710.69,-1172331.40,361.02
-443710.98,-1172331.15,361.00
-443711.23,-1172330.94,360.99
-443711.78,-1172330.47,360.93
-443712.04,-1172330.25,360.91
-443712.34,-1172329.99,360.89
-443712.61,-1172329.76,360.88
-443712.86,-1172329.54,360.87
-443713.15,-1172329.30,360.85
-443713.41,-1172329.08,360.84
-443713.70,-1172328.83,360.83
-443714.02,-1172328.56,360.81
-443714.27,-1172328.34,360.80
-443714.54,-1172328.12,360.79
-443714.82,-1172327.88,360.78
-443715.10,-1172327.63,360.77
-443715.41,-1172327.37,360.73
-443716.05,-1172326.82,360.48
-443716.31,-1172326.60,360.47
-443716.57,-1172326.38,360.47
-443716.81,-1172326.18,360.46
-443717.06,-1172325.96,360.45
-443705.57,-1172336.21,360.75
-443705.84,-1172335.98,360.76
-443706.12,-1172335.74,360.78
-443706.40,-1172335.50,360.80
-443706.66,-1172335.28,360.81
-443706.91,-1172335.07,360.83
-443707.18,-1172334.84,360.85
-443707.45,-1172334.60,360.86
-443707.72,-1172334.37,360.88
-443707.98,-1172334.15,360.89
-443708.25,-1172333.92,360.91
-443708.52,-1172333.69,360.93
-443708.81,-1172333.45,360.95
-443709.06,-1172333.23,360.98
-443709.35,-1172332.98,360.99
-443709.61,-1172332.77,361.01
-443709.88,-1172332.54,361.03
-443710.14,-1172332.32,361.03
-443710.41,-1172332.08,361.03
-443710.68,-1172331.86,361.02
-443710.93,-1172331.63,361.01
-443711.22,-1172331.39,361.00
-443711.50,-1172331.15,360.98
-443711.76,-1172330.93,360.97
-443712.06,-1172330.68,360.93
-443712.33,-1172330.45,360.90
-443712.63,-1172330.19,360.88
-443712.90,-1172329.96,360.87
-443713.17,-1172329.73,360.85
-443713.44,-1172329.50,360.84
-443713.73,-1172329.25,360.83
-443707.56,-1172332.87,360.87
-443707.81,-1172332.66,360.89
-443708.09,-1172332.42,360.92
-443708.36,-1172332.19,360.93
-443708.64,-1172331.95,360.95
-443708.93,-1172331.71,360.97
-443709.20,-1172331.47,360.99
-443709.46,-1172331.25,361.00
-443709.72,-1172331.03,361.02
-443709.98,-1172330.80,361.02
-443710.26,-1172330.57,361.02
-443710.54,-1172330.33,361.02
-443710.83,-1172330.08,361.01
-443711.11,-1172329.84,360.99
-443711.39,-1172329.60,360.97
-443711.69,-1172329.35,360.94
-443711.96,-1172329.12,360.92
-443712.24,-1172328.88,360.91
-443712.50,-1172328.65,360.88
-443712.80,-1172328.40,360.87
-443713.07,-1172328.17,360.86
-443713.32,-1172327.96,360.85
-443713.60,-1172327.72,360.84
-443713.86,-1172327.49,360.83
-443714.15,-1172327.25,360.81
-443714.43,-1172327.01,360.79
-443715.58,-1172326.02,360.56
-443715.88,-1172325.77,360.55
-443716.14,-1172325.55,360.56
-443716.39,-1172325.34,360.59
-443716.66,-1172325.11,360.61
-443705.44,-1172335.28,360.76
-443705.72,-1172335.04,360.77
-443705.97,-1172334.82,360.78
-443706.25,-1172334.59,360.80
-443706.53,-1172334.35,360.81
-443706.79,-1172334.13,360.83
-443707.06,-1172333.90,360.84
-443707.33,-1172333.66,360.85
-443707.61,-1172333.43,360.87
-443707.88,-1172333.20,360.88
-443708.17,-1172332.94,360.91
-443708.68,-1172332.51,360.95
-443708.95,-1172332.28,360.98
-443709.22,-1172332.05,360.99
-443709.49,-1172331.82,361.01
-443709.76,-1172331.59,361.02
-443710.04,-1172331.35,361.02
-443710.31,-1172331.12,361.02
-443710.59,-1172330.88,361.01
-443710.88,-1172330.64,361.00
-443711.16,-1172330.39,360.98
-443711.70,-1172329.93,360.94
-443712.00,-1172329.68,360.92
-443712.28,-1172329.44,360.90
-443712.54,-1172329.22,360.88
-443712.79,-1172329.00,360.87
-443713.06,-1172328.78,360.86
-443713.37,-1172328.51,360.85
-443713.64,-1172328.28,360.83
-443713.88,-1172328.07,360.82
-443714.19,-1172327.81,360.81
-443714.45,-1172327.58,360.80
-443714.74,-1172327.34,360.79
-443715.02,-1172327.10,360.75
-443715.91,-1172326.34,360.52
-443716.19,-1172326.10,360.52
-443716.48,-1172325.86,360.52
-443712.35,-1172327.58,360.92
-443712.62,-1172327.35,360.91
-443712.90,-1172327.12,360.88
-443713.42,-1172326.67,360.79
-443713.82,-1172326.32,360.61
-443714.11,-1172326.08,360.60
-443714.37,-1172325.85,360.60
-443714.64,-1172325.63,360.60
-443714.93,-1172325.38,360.62
-443715.18,-1172325.16,360.63
-443715.46,-1172324.93,360.65
-443715.73,-1172324.70,360.69
-443715.97,-1172324.49,360.71
-443716.22,-1172324.28,360.74
-443716.75,-1172323.82,360.75
-443720.25,-1172320.84,358.91
-443705.40,-1172334.09,360.77
-443705.95,-1172333.62,360.78
-443706.21,-1172333.40,360.80
-443706.47,-1172333.18,360.81
-443707.00,-1172332.72,360.84
-443707.26,-1172332.50,360.85
-443707.51,-1172332.29,360.87
-443707.79,-1172332.05,360.89
-443708.06,-1172331.82,360.92
-443708.33,-1172331.59,360.93
-443708.60,-1172331.36,360.95
-443708.87,-1172331.13,360.97
-443709.13,-1172330.90,360.98
-443709.40,-1172330.67,361.01
-443709.68,-1172330.44,361.02
-443709.96,-1172330.20,361.03
-443710.24,-1172329.96,361.03
-443710.51,-1172329.73,361.02
-443710.78,-1172329.50,361.01
-443711.07,-1172329.25,360.99
-443711.32,-1172329.04,360.97
-443711.61,-1172328.79,360.94
-443711.91,-1172328.54,360.93
-443712.18,-1172328.30,360.92
-443712.47,-1172328.06,360.90
-443712.75,-1172327.82,360.89
-443713.05,-1172327.56,360.88
-443713.31,-1172327.34,360.86
-443714.75,-1172326.11,360.59
-443715.01,-1172325.89,360.58
-443715.27,-1172325.66,360.58
-443715.54,-1172325.43,360.60
-443715.80,-1172325.21,360.62
-443716.07,-1172324.98,360.65
-443716.85,-1172324.31,360.69
-443705.41,-1172334.71,360.76
-443705.70,-1172334.46,360.77
-443705.95,-1172334.25,360.78
-443706.48,-1172333.79,360.81
-443706.74,-1172333.57,360.83
-443707.02,-1172333.34,360.84
-443707.30,-1172333.09,360.86
-443718.59,-1172320.96,359.00
-443718.89,-1172320.70,359.02
-443705.40,-1172332.80,360.77
-443705.66,-1172332.58,360.78
-443705.94,-1172332.34,360.80
-443706.22,-1172332.10,360.81
-443706.50,-1172331.86,360.82
-443706.76,-1172331.64,360.84
-443707.02,-1172331.41,360.85
-443707.29,-1172331.19,360.87
-443707.57,-1172330.95,360.88
-443707.84,-1172330.72,360.91
-443708.09,-1172330.51,360.92
-443708.35,-1172330.28,360.94
-443708.61,-1172330.06,360.96
-443708.89,-1172329.82,360.98
-443709.14,-1172329.61,360.99
-443709.40,-1172329.38,361.01
-443709.68,-1172329.14,361.03
-443709.94,-1172328.92,361.03
-443710.21,-1172328.69,361.04
-443710.52,-1172328.43,361.02
-443710.79,-1172328.20,361.00
-443711.05,-1172327.97,360.99
-443711.33,-1172327.73,360.97
-443711.63,-1172327.48,360.95
-443711.91,-1172327.24,360.93
-443712.16,-1172327.03,360.91
-443712.85,-1172326.44,360.62
-443713.10,-1172326.22,360.61
-443713.36,-1172326.00,360.61
-443713.65,-1172325.75,360.61
-443713.92,-1172325.52,360.62
-443714.18,-1172325.30,360.64
-443714.46,-1172325.06,360.66
-443714.75,-1172324.82,360.67
-443715.01,-1172324.59,360.70
-443715.26,-1172324.38,360.73
-443715.54,-1172324.14,360.76
-443715.81,-1172323.91,360.80
-443716.08,-1172323.68,360.84
-443716.33,-1172323.46,360.84
-443716.59,-1172323.24,360.85
-443719.25,-1172320.97,359.00
-443705.57,-1172333.37,360.78
-443705.84,-1172333.15,360.78
-443706.09,-1172332.93,360.80
-443706.37,-1172332.69,360.81
-443706.62,-1172332.47,360.83
-443706.91,-1172332.23,360.84
-443707.18,-1172331.99,360.85
-443707.44,-1172331.77,360.87
-443707.69,-1172331.56,360.88
-443707.96,-1172331.33,360.91
-443708.23,-1172331.10,360.92
-443708.49,-1172330.88,360.94
-443708.76,-1172330.64,360.97
-443709.04,-1172330.41,360.98
-443709.28,-1172330.20,361.00
-443709.56,-1172329.96,361.02
-443709.84,-1172329.73,361.04
-443710.09,-1172329.51,361.03
-443710.37,-1172329.28,361.03
-443710.67,-1172329.02,361.01
-443710.93,-1172328.79,360.99
-443711.23,-1172328.54,360.97
-443711.53,-1172328.28,360.95
-443711.82,-1172328.04,360.94
-443712.07,-1172327.82,360.93
-443706.98,-1172330.35,360.86
-443707.27,-1172330.10,360.87
-443707.55,-1172329.87,360.90
-443707.80,-1172329.65,360.91
-443708.07,-1172329.42,360.92
-443708.36,-1172329.17,360.94
-443708.64,-1172328.93,360.96
-443708.90,-1172328.71,360.98
-443709.17,-1172328.48,361.00
-443709.43,-1172328.25,361.02
-443709.71,-1172328.02,361.03
-443709.96,-1172327.80,361.03
-443710.22,-1172327.58,361.03
-443710.51,-1172327.33,361.02
-443710.75,-1172327.13,360.99
-443711.45,-1172326.53,360.62
-443711.71,-1172326.31,360.62
-443711.97,-1172326.08,360.62
-443712.23,-1172325.86,360.63
-443712.50,-1172325.63,360.64
-443712.79,-1172325.38,360.67
-443713.05,-1172325.17,360.68
-443713.30,-1172324.95,360.70
-443713.59,-1172324.70,360.73
-443713.87,-1172324.46,360.74
-443714.14,-1172324.23,360.77
-443714.41,-1172324.00,360.81
-443714.68,-1172323.77,360.83
-443714.93,-1172323.55,360.87
-443715.18,-1172323.34,360.89
-443717.88,-1172321.04,359.00
-443718.19,-1172320.77,359.00
-443718.46,-1172320.54,359.00
-443719.26,-1172319.85,358.95
-443705.30,-1172332.32,360.76
-443705.55,-1172332.10,360.78
-443705.81,-1172331.88,360.79
-443706.10,-1172331.63,360.80
-443706.37,-1172331.40,360.82
-443706.63,-1172331.18,360.84
-443706.92,-1172330.93,360.85
-443707.19,-1172330.70,360.87
-443707.44,-1172330.48,360.88
-443707.71,-1172330.26,360.90
-443707.98,-1172330.02,360.92
-443708.25,-1172329.79,360.94
-443708.53,-1172329.56,360.96
-443708.78,-1172329.34,360.97
-443709.05,-1172329.11,360.99
-443709.31,-1172328.89,361.01
-443709.57,-1172328.67,361.02
-443709.84,-1172328.43,361.03
-443710.12,-1172328.20,361.03
-443710.39,-1172327.97,361.03
-443710.66,-1172327.74,361.01
-443710.93,-1172327.51,360.99
-443711.21,-1172327.26,360.96
-443711.48,-1172327.03,360.93
-443712.14,-1172326.47,360.62
-443712.43,-1172326.22,360.62
-443712.70,-1172325.99,360.62
-443712.98,-1172325.75,360.62
-443713.26,-1172325.51,360.64
-443713.54,-1172325.28,360.66
-443713.80,-1172325.05,360.67
-443714.07,-1172324.82,360.69
-443714.32,-1172324.60,360.73
-443714.60,-1172324.37,360.75
-443714.87,-1172324.14,360.77
-443715.13,-1172323.91,360.80
-443715.40,-1172323.68,360.83
-443715.67,-1172323.45,360.87
-443712.15,-1172324.81,360.75
-443712.41,-1172324.59,360.78
-443712.67,-1172324.37,360.80
-443712.92,-1172324.15,360.83
-443713.20,-1172323.91,360.85
-443713.46,-1172323.69,360.88
-443713.72,-1172323.47,360.92
-443716.41,-1172321.17,361.69
-443718.17,-1172319.66,358.80
-443719.18,-1172318.80,358.90
-443705.12,-1172331.49,360.75
-443705.65,-1172331.03,360.78
-443705.92,-1172330.80,360.80
-443706.21,-1172330.56,360.81
-443706.48,-1172330.32,360.83
-443706.76,-1172330.09,360.84
-443707.03,-1172329.86,360.86
-443707.31,-1172329.62,360.88
-443707.57,-1172329.39,360.89
-443708.09,-1172328.95,360.92
-443708.37,-1172328.71,360.94
-443708.64,-1172328.48,360.96
-443708.90,-1172328.25,360.98
-443709.18,-1172328.02,361.00
-443709.46,-1172327.78,361.02
-443709.72,-1172327.55,361.03
-443709.98,-1172327.33,361.04
-443710.27,-1172327.09,361.03
-443710.67,-1172326.74,360.97
-443710.94,-1172326.51,360.65
-443711.20,-1172326.29,360.63
-443711.47,-1172326.06,360.62
-443711.74,-1172325.83,360.64
-443711.97,-1172325.63,360.65
-443712.26,-1172325.38,360.68
-443712.52,-1172325.16,360.70
-443712.78,-1172324.94,360.73
-443713.06,-1172324.70,360.74
-443713.31,-1172324.48,360.77
-443713.59,-1172324.25,360.80
-443713.87,-1172324.01,360.83
-443714.12,-1172323.79,360.84
-443714.38,-1172323.57,360.88
-443714.66,-1172323.34,360.92
-443717.33,-1172321.05,359.03
-443717.64,-1172320.79,359.01
-443718.25,-1172320.26,358.94
-443705.38,-1172331.72,360.77
-443705.66,-1172331.48,360.78
-443705.93,-1172331.25,360.80
-443706.21,-1172331.01,360.81
-443706.47,-1172330.78,360.83
-443706.73,-1172330.56,360.84
-443717.48,-1172318.97,358.53
-443704.95,-1172330.35,360.75
-443705.20,-1172330.14,360.76
-443705.47,-1172329.91,360.77
-443705.74,-1172329.68,360.79
-443706.01,-1172329.45,360.80
-443706.27,-1172329.23,360.81
-443706.54,-1172328.99,360.82
-443706.81,-1172328.76,360.84
-443707.09,-1172328.52,360.86
-443707.36,-1172328.29,360.88
-443707.62,-1172328.07,360.90
-443707.87,-1172327.85,360.91
-443708.15,-1172327.61,360.93
-443708.71,-1172327.14,360.97
-443708.99,-1172326.90,360.98
-443709.26,-1172326.66,361.01
-443709.51,-1172326.45,361.02
-443709.77,-1172326.23,361.01
-443710.42,-1172325.67,360.72
-443710.70,-1172325.43,360.72
-443710.96,-1172325.21,360.74
-443711.23,-1172324.98,360.77
-443711.51,-1172324.74,360.79
-443711.79,-1172324.50,360.81
-443712.05,-1172324.28,360.83
-443712.32,-1172324.05,360.85
-443712.58,-1172323.83,360.88
-443712.86,-1172323.59,360.92
-443717.54,-1172319.58,358.69
-443717.86,-1172319.32,358.66
-443719.07,-1172318.27,358.85
-443705.01,-1172330.92,360.75
-443705.28,-1172330.69,360.76
-443705.55,-1172330.46,360.78
-443705.80,-1172330.24,360.79
-443706.09,-1172330.00,360.80
-443706.38,-1172329.74,360.82
-443706.64,-1172329.53,360.84
-443706.88,-1172329.32,360.85
-443707.16,-1172329.08,360.86
-443707.44,-1172328.84,360.89
-443707.71,-1172328.61,360.90
-443708.28,-1172328.12,360.93
-443708.53,-1172327.91,360.95
-443708.78,-1172327.70,360.97
-443709.04,-1172327.48,360.98
-443709.33,-1172327.22,361.01
-443709.61,-1172326.99,361.02
-443709.85,-1172326.78,361.02
-443710.14,-1172326.53,361.01
-443710.82,-1172325.95,360.65
-443711.08,-1172325.73,360.66
-443711.36,-1172325.49,360.69
-443711.62,-1172325.27,360.71
-443711.89,-1172325.04,360.74
-443705.48,-1172328.68,360.78
-443705.73,-1172328.46,360.79
-443706.03,-1172328.21,360.80
-443706.27,-1172328.00,360.81
-443706.55,-1172327.76,360.83
-443706.81,-1172327.54,360.84
-443707.07,-1172327.31,360.87
-443707.33,-1172327.10,360.89
-443707.59,-1172326.87,360.91
-443707.88,-1172326.62,360.94
-443708.13,-1172326.41,360.95
-443708.39,-1172326.19,360.96
-443708.64,-1172325.97,360.96
-443708.91,-1172325.74,360.96
-443709.30,-1172325.40,360.78
-443709.57,-1172325.17,360.77
-443710.33,-1172324.53,360.84
-443710.60,-1172324.30,360.87
-443710.89,-1172324.05,360.89
-443711.16,-1172323.82,360.92
-443711.42,-1172323.59,360.96
-443713.83,-1172321.52,361.89
-443717.33,-1172318.54,358.42
-443704.84,-1172329.77,360.75
-443705.12,-1172329.54,360.76
-443705.39,-1172329.30,360.77
-443705.63,-1172329.10,360.78
-443705.91,-1172328.86,360.79
-443706.17,-1172328.64,360.81
-443706.42,-1172328.43,360.82
-443706.71,-1172328.18,360.84
-443706.96,-1172327.96,360.85
-443707.22,-1172327.74,360.87
-443707.49,-1172327.51,360.89
-443707.76,-1172327.28,360.91
-443708.04,-1172327.04,360.93
-443708.33,-1172326.80,360.95
-443708.57,-1172326.59,360.98
-443708.82,-1172326.37,360.98
-443709.11,-1172326.13,361.00
-443709.38,-1172325.89,360.99
-443710.31,-1172325.10,360.76
-443710.55,-1172324.89,360.79
-443710.81,-1172324.67,360.81
-443711.08,-1172324.44,360.84
-443711.35,-1172324.21,360.86
-443711.62,-1172323.98,360.88
-443711.88,-1172323.75,360.92
-443714.55,-1172321.47,361.91
-443717.18,-1172319.23,358.58
-443712.05,-1172321.77,361.93
-443716.78,-1172317.73,358.21
-443704.86,-1172328.51,360.75
-443705.16,-1172328.26,360.77
-443705.43,-1172328.03,360.78
-443705.69,-1172327.81,360.79
-443705.98,-1172327.56,360.80
-443706.25,-1172327.32,360.82
-443706.52,-1172327.10,360.84
-443706.78,-1172326.87,360.86
-443707.07,-1172326.62,360.88
-443707.31,-1172326.42,360.90
-443708.47,-1172325.42,360.78
-443708.72,-1172325.21,360.77
-443708.99,-1172324.98,360.78
-443709.25,-1172324.75,360.81
-443709.49,-1172324.55,360.84
-443709.77,-1172324.31,360.88
-443710.02,-1172324.10,360.92
-443710.28,-1172323.88,360.96
-443710.55,-1172323.64,361.00
-443712.74,-1172321.77,361.91
-443712.97,-1172321.57,361.92
-443717.10,-1172318.04,358.29
-443704.92,-1172329.16,360.75
-443705.20,-1172328.91,360.76
-443713.85,-1172319.19,360.58
-443714.14,-1172318.95,360.55
-443714.40,-1172318.72,360.50
-443714.68,-1172318.48,360.46
-443716.55,-1172316.88,358.00
-443704.71,-1172327.47,360.76
-443704.98,-1172327.24,360.77
-443705.25,-1172327.01,360.79
-443705.53,-1172326.77,360.81
-443706.95,-1172325.56,360.80
-443707.20,-1172325.34,360.78
-443707.47,-1172325.11,360.80
-443707.72,-1172324.89,360.80
-443708.00,-1172324.66,360.83
-443708.25,-1172324.44,360.88
-443708.52,-1172324.20,360.93
-443708.78,-1172323.99,360.98
-443711.17,-1172321.94,362.01
-443711.42,-1172321.72,361.99
-443714.08,-1172319.45,360.62
-443714.35,-1172319.21,360.59
-443714.64,-1172318.97,360.55
-443716.73,-1172317.18,358.09
-443704.81,-1172327.97,360.76
-443705.06,-1172327.76,360.77
-443705.34,-1172327.52,360.78
-443705.61,-1172327.29,360.79
-443705.86,-1172327.08,360.81
-443706.14,-1172326.83,360.83
-443706.42,-1172326.59,360.84
-443707.59,-1172325.59,360.78
-443708.12,-1172325.14,360.78
-443708.37,-1172324.93,360.79
-443708.64,-1172324.70,360.82
-443708.89,-1172324.48,360.85
-443709.13,-1172324.27,360.90
-443709.38,-1172324.06,360.95
-443709.66,-1172323.82,361.00
-443712.01,-1172319.62,360.63
-443712.29,-1172319.37,360.59
-443712.58,-1172319.13,360.56
-443712.86,-1172318.89,360.52
-443713.14,-1172318.65,360.50
-443713.41,-1172318.41,360.47
-443713.70,-1172318.17,360.44
-443713.96,-1172317.94,360.43
-443714.23,-1172317.71,360.40
-443716.40,-1172315.85,357.68
-443706.75,-1172324.66,360.91
-443706.99,-1172324.45,360.95
-443707.24,-1172324.23,361.00
-443709.95,-1172321.91,361.97
-443712.58,-1172319.66,360.65
-443712.86,-1172319.42,360.60
-443713.13,-1172319.19,360.58
-443713.40,-1172318.96,360.55
-443713.68,-1172318.72,360.51
-443713.97,-1172318.47,360.49
-443714.24,-1172318.24,360.45
-443714.52,-1172318.00,360.42
-443704.76,-1172326.98,360.77
-443705.03,-1172326.75,360.78
-443706.98,-1172325.08,360.82
-443707.24,-1172324.86,360.83
-443707.50,-1172324.63,360.88
-443707.76,-1172324.41,360.93
-443708.25,-1172323.99,361.01
-443710.72,-1172321.88,362.04
-443710.57,-1172319.71,360.61
-443710.85,-1172319.48,360.59
-443711.15,-1172319.22,360.56
-443711.45,-1172318.95,360.53
-443711.73,-1172318.72,360.49
-443712.00,-1172318.48,360.46
-443712.27,-1172318.25,360.44
-443712.55,-1172318.02,360.41
-443712.84,-1172317.77,360.39
-443713.12,-1172317.52,360.36
-443713.40,-1172317.29,360.34
-443713.69,-1172317.04,360.33
-443713.98,-1172316.79,360.31
-443708.36,-1172322.16,361.92
-443710.96,-1172319.93,360.67
-443711.54,-1172319.43,360.59
-443711.85,-1172319.17,360.56
-443712.11,-1172318.95,360.54
-443712.40,-1172318.69,360.50
-443712.70,-1172318.44,360.47
-443712.99,-1172318.19,360.44
-443713.25,-1172317.96,360.42
-443713.54,-1172317.71,360.40
-443713.82,-1172317.48,360.38
-443714.11,-1172317.23,360.35
-443709.12,-1172322.09,361.96
-443705.82,-1172322.37,361.96
-443708.73,-1172319.88,360.62
-443708.99,-1172319.65,360.58
-443709.26,-1172319.42,360.55
-443709.54,-1172319.18,360.53
-443709.81,-1172318.95,360.50
-443710.10,-1172318.70,360.47
-443710.37,-1172318.47,360.44
-443710.64,-1172318.23,360.41
-443710.95,-1172317.97,360.38
-443711.20,-1172317.76,360.37
-443711.50,-1172317.50,360.34
-443711.79,-1172317.25,360.31
-443712.07,-1172317.01,360.29
-443712.33,-1172316.78,360.26
-443712.62,-1172316.54,360.25
-443712.92,-1172316.28,360.24
-443713.19,-1172316.05,360.24
-443713.49,-1172315.79,360.24
-443709.26,-1172320.05,360.65
-443709.54,-1172319.82,360.62
-443709.83,-1172319.57,360.59
-443710.09,-1172319.34,360.56
-443710.39,-1172319.08,360.53
-443710.68,-1172318.84,360.50
-443710.94,-1172318.61,360.47
-443711.22,-1172318.37,360.45
-443711.52,-1172318.12,360.41
-443711.80,-1172317.88,360.38
-443712.09,-1172317.63,360.36
-443712.39,-1172317.37,360.34
-443712.68,-1172317.12,360.32
-443712.94,-1172316.90,360.29
-443713.21,-1172316.66,360.27
-443713.48,-1172316.43,360.26
-443713.78,-1172316.18,360.25
-443707.67,-1172322.20,361.93
-443707.32,-1172319.95,360.60
-443707.61,-1172319.71,360.58
-443707.87,-1172319.48,360.56
-443708.14,-1172319.25,360.52
-443708.43,-1172319.00,360.48
-443708.73,-1172318.74,360.45
-443709.01,-1172318.50,360.42
-443709.29,-1172318.26,360.40
-443709.59,-1172318.00,360.37
-443709.87,-1172317.76,360.35
-443710.14,-1172317.53,360.32
-443710.44,-1172317.27,360.28
-443710.71,-1172317.04,360.27
-443711.00,-1172316.79,360.24
-443711.27,-1172316.56,360.24
-443711.54,-1172316.33,360.23
-443711.80,-1172316.10,360.22
-443707.67,-1172320.16,360.64
-443707.97,-1172319.91,360.61
-443708.27,-1172319.65,360.58
-443708.55,-1172319.41,360.54
-443708.81,-1172319.18,360.52
-443709.13,-1172318.91,360.48
-443709.37,-1172318.70,360.45
-443709.67,-1172318.44,360.43
-443709.94,-1172318.21,360.40
-443710.22,-1172317.97,360.37
-443710.49,-1172317.74,360.36
-443710.75,-1172317.51,360.33
-443711.05,-1172317.26,360.31
-443711.32,-1172317.03,360.28
-443711.59,-1172316.80,360.26
-443711.89,-1172316.54,360.25
-443712.16,-1172316.30,360.23
-443712.75,-1172315.80,360.22
-443707.03,-1172318.32,360.36
-443707.30,-1172318.08,360.35
-443707.61,-1172317.82,360.32
-443707.87,-1172317.60,360.29
-443708.16,-1172317.35,360.27
-443708.46,-1172317.09,360.25
-443708.72,-1172316.87,360.23
-443709.00,-1172316.62,360.22
-443709.28,-1172316.38,360.21
-443707.26,-1172318.78,360.43
-443707.52,-1172318.56,360.42
-443707.79,-1172318.32,360.40
-443708.08,-1172318.08,360.37
-443708.36,-1172317.83,360.33
-443708.66,-1172317.57,360.31
-443708.95,-1172317.33,360.29
-443709.24,-1172317.08,360.26
-443709.51,-1172316.85,360.24
-443709.78,-1172316.61,360.21
-443710.06,-1172316.37,360.20
-443707.28,-1172319.33,360.50
-443707.58,-1172319.07,360.50
-443707.87,-1172318.82,360.46
-443708.15,-1172318.59,360.44
-443708.42,-1172318.35,360.40
-443708.71,-1172318.11,360.38
-443708.98,-1172317.87,360.35
-443709.25,-1172317.64,360.32
-443709.55,-1172317.38,360.30
-443709.84,-1172317.14,360.27
-443710.12,-1172316.89,360.24
-443710.40,-1172316.65,360.22
-443710.69,-1172316.40,360.21
-443707.34,-1172316.30,360.17
-443707.31,-1172316.84,360.21
-443707.88,-1172316.35,360.18
-443706.92,-1172317.92,360.31
-443707.18,-1172317.69,360.30
-443707.45,-1172317.46,360.27
-443707.73,-1172317.22,360.24
-443707.99,-1172316.99,360.23
-443708.30,-1172316.73,360.22
-443708.85,-1172316.26,360.19
