-579425.36,-1266116.44,175.15
-579425.56,-1266116.15,175.16
-579425.53,-1266115.89,175.18
-579424.69,-1266117.12,175.10
-579425.10,-1266116.52,175.14
-579425.32,-1266116.20,175.16
-579424.28,-1266117.09,175.06
-579424.49,-1266116.79,175.07
-579424.71,-1266116.47,175.12
-579424.91,-1266116.18,175.13
-579425.12,-1266115.87,175.15
-579425.34,-1266115.55,175.18
-579424.03,-1266117.09,175.03
-579424.23,-1266116.79,175.05
-579424.43,-1266116.50,175.07
-579424.64,-1266116.19,175.11
-579424.86,-1266115.87,175.13
-579425.06,-1266115.58,175.15
-579425.27,-1266115.26,175.17
-579425.49,-1266114.95,175.18
-579425.04,-1266114.58,175.18
-579425.24,-1266114.30,175.19
-579423.46,-1266117.31,174.95
-579423.67,-1266117.01,174.98
-579423.87,-1266116.72,175.01
-579424.09,-1266116.40,175.05
-579424.29,-1266116.11,175.06
-579424.48,-1266115.82,175.09
-579424.70,-1266115.50,175.12
-579424.92,-1266115.19,175.15
-579425.11,-1266114.90,175.18
-579425.33,-1266114.58,175.19
-579423.19,-1266117.30,174.93
-579423.39,-1266117.02,174.95
-579423.59,-1266116.71,174.97
-579423.80,-1266116.40,175.00
-579424.00,-1266116.12,175.03
-579424.21,-1266115.80,175.05
-579424.42,-1266115.51,175.08
-579424.61,-1266115.22,175.12
-579424.83,-1266114.90,175.15
-579423.04,-1266116.94,174.92
-579423.23,-1266116.65,174.94
-579423.43,-1266116.36,174.97
-579423.63,-1266116.07,174.99
-579423.84,-1266115.75,175.03
-579424.04,-1266115.46,175.05
-579424.26,-1266115.14,175.07
-579424.45,-1266114.86,175.11
-579424.65,-1266114.57,175.15
-579424.87,-1266114.25,175.17
-579425.08,-1266113.94,175.19
-579425.28,-1266113.65,175.20
-579422.53,-1266117.24,174.84
-579422.74,-1266116.92,174.88
-579422.96,-1266116.60,174.92
-579423.15,-1266116.32,174.94
-579423.35,-1266116.03,174.97
-579423.55,-1266115.73,175.00
-579423.75,-1266115.44,175.02
-579423.96,-1266115.13,175.06
-579424.16,-1266114.84,175.08
-579424.37,-1266114.52,175.11
-579424.57,-1266114.23,175.15
-579424.77,-1266113.94,175.17
-579424.98,-1266113.63,175.19
-579425.20,-1266113.31,175.20
-579421.99,-1266117.52,174.78
-579422.20,-1266117.22,174.81
-579422.40,-1266116.92,174.84
-579422.62,-1266116.61,174.87
-579422.83,-1266116.30,174.90
-579423.05,-1266115.98,174.94
-579423.25,-1266115.68,174.97
-579423.44,-1266115.39,174.99
-579423.84,-1266114.80,175.05
-579424.05,-1266114.50,175.08
-579424.25,-1266114.21,175.11
-579424.47,-1266113.88,175.14
-579424.66,-1266113.60,175.16
-579424.86,-1266113.31,175.20
-579425.08,-1266112.99,175.20
-579421.67,-1266117.53,174.76
-579421.86,-1266117.25,174.78
-579422.08,-1266116.93,174.81
-579422.30,-1266116.61,174.84
-579422.49,-1266116.32,174.86
-579422.71,-1266116.01,174.90
-579422.92,-1266115.69,174.94
-579423.14,-1266115.38,174.97
-579423.34,-1266115.08,174.99
-579423.53,-1266114.80,175.02
-579423.73,-1266114.50,175.05
-579423.93,-1266114.21,175.07
-579424.14,-1266113.90,175.10
-579424.34,-1266113.60,175.13
-579424.56,-1266113.29,175.16
-579424.75,-1266113.00,175.20
-579421.55,-1266117.20,174.74
-579421.75,-1266116.92,174.78
-579421.94,-1266116.64,174.80
-579422.16,-1266116.32,174.82
-579422.37,-1266116.01,174.86
-579422.57,-1266115.72,174.88
-579422.79,-1266115.39,174.93
-579423.00,-1266115.08,174.97
-579423.21,-1266114.77,174.99
-579423.42,-1266114.47,175.01
-579423.62,-1266114.18,175.05
-579423.81,-1266113.90,175.07
-579424.01,-1266113.60,175.10
-579424.22,-1266113.29,175.13
-579424.42,-1266113.01,175.16
-579424.84,-1266112.39,175.21
-579421.10,-1266117.16,174.71
-579421.30,-1266116.87,174.73
-579421.52,-1266116.54,174.75
-579421.71,-1266116.27,174.78
-579421.91,-1266115.97,174.80
-579422.13,-1266115.65,174.84
-579422.34,-1266115.34,174.87
-579422.54,-1266115.05,174.90
-579422.76,-1266114.72,174.94
-579422.96,-1266114.42,174.97
-579423.18,-1266114.09,175.00
-579423.38,-1266113.80,175.03
-579423.58,-1266113.52,175.05
-579423.78,-1266113.22,175.08
-579423.98,-1266112.92,175.11
-579424.18,-1266112.62,175.13
-579424.39,-1266112.32,175.16
-579424.60,-1266112.01,175.20
-579424.79,-1266111.73,175.21
-579420.81,-1266117.19,174.71
-579421.01,-1266116.90,174.71
-579421.23,-1266116.59,174.73
-579421.42,-1266116.30,174.76
-579421.64,-1266115.98,174.78
-579421.84,-1266115.68,174.81
-579422.03,-1266115.40,174.84
-579422.25,-1266115.08,174.87
-579422.47,-1266114.76,174.90
-579422.66,-1266114.47,174.94
-579422.88,-1266114.15,174.97
-579423.09,-1266113.83,175.00
-579423.31,-1266113.52,175.03
-579423.50,-1266113.23,175.05
-579423.70,-1266112.94,175.08
-579423.90,-1266112.64,175.12
-579424.10,-1266112.36,175.13
-579424.31,-1266112.05,175.16
-579424.51,-1266111.75,175.21
-579424.72,-1266111.44,175.21
-579423.22,-1266112.62,175.05
-579423.43,-1266112.30,175.07
-579423.63,-1266112.01,175.10
-579423.83,-1266111.72,175.13
-579424.03,-1266111.43,175.16
-579424.22,-1266111.14,175.17
-579424.43,-1266110.82,175.21
-579420.51,-1266117.17,174.69
-579420.70,-1266116.89,174.70
-579420.90,-1266116.61,174.71
-579421.10,-1266116.31,174.73
-579421.31,-1266115.99,174.74
-579421.51,-1266115.71,174.78
-579421.73,-1266115.38,174.80
-579421.93,-1266115.09,174.82
-579422.12,-1266114.81,174.87
-579422.34,-1266114.48,174.89
-579422.55,-1266114.16,174.94
-579422.74,-1266113.88,174.97
-579422.96,-1266113.56,175.00
-579423.18,-1266113.25,175.03
-579423.39,-1266112.94,175.05
-579423.59,-1266112.64,175.07
-579423.79,-1266112.35,175.12
-579423.98,-1266112.07,175.13
-579424.18,-1266111.77,175.16
-579424.40,-1266111.45,175.19
-579424.59,-1266111.16,175.21
-579420.54,-1266116.56,174.70
-579420.74,-1266116.26,174.70
-579420.94,-1266115.97,174.72
-579421.14,-1266115.68,174.74
-579421.36,-1266115.35,174.77
-579421.55,-1266115.07,174.79
-579421.76,-1266114.76,174.82
-579421.97,-1266114.45,174.86
-579422.16,-1266114.17,174.89
-579422.38,-1266113.85,174.91
-579422.79,-1266113.24,174.99
-579423.00,-1266112.93,175.00
-579420.58,-1266115.90,174.70
-579420.78,-1266115.61,174.72
-579420.97,-1266115.32,174.73
-579421.17,-1266115.02,174.77
-579421.39,-1266114.70,174.79
-579421.58,-1266114.42,174.82
-579421.80,-1266114.10,174.85
-579422.19,-1266113.52,174.90
-579422.41,-1266113.20,174.94
-579422.63,-1266112.88,174.97
-579422.82,-1266112.60,175.00
-579423.03,-1266112.28,175.03
-579423.25,-1266111.97,175.06
-579423.46,-1266111.65,175.08
-579423.66,-1266111.36,175.11
-579423.86,-1266111.07,175.15
-579424.05,-1266110.78,175.16
-579424.25,-1266110.49,175.19
-579424.46,-1266110.18,175.22
-579420.86,-1266114.98,174.73
-579421.06,-1266114.69,174.76
-579421.26,-1266114.40,174.78
-579421.47,-1266114.08,174.82
-579421.67,-1266113.79,174.84
-579421.88,-1266113.47,174.87
-579422.08,-1266113.18,174.91
-579422.28,-1266112.89,174.93
-579422.50,-1266112.57,174.95
-579422.70,-1266112.27,174.99
-579422.90,-1266111.97,175.01
-579423.12,-1266111.65,175.06
-579423.33,-1266111.35,175.08
-579423.54,-1266111.03,175.11
-579423.74,-1266110.73,175.14
-579423.93,-1266110.45,175.16
-579424.13,-1266110.16,175.18
-579424.33,-1266109.87,175.22
-579424.54,-1266109.56,175.22
-579420.34,-1266115.27,174.69
-579420.56,-1266114.97,174.72
-579420.75,-1266114.67,174.73
-579420.95,-1266114.38,174.75
-579421.35,-1266113.79,174.80
-579421.57,-1266113.48,174.84
-579421.76,-1266113.19,174.86
-579421.97,-1266112.87,174.89
-579422.17,-1266112.58,174.93
-579422.37,-1266112.29,174.95
-579422.58,-1266111.98,174.98
-579422.80,-1266111.66,175.00
-579423.00,-1266111.37,175.04
-579423.20,-1266111.06,175.07
-579423.42,-1266110.74,175.09
-579423.64,-1266110.43,175.13
-579420.46,-1266115.57,174.70
-579420.66,-1266115.27,174.72
-579423.83,-1266110.14,175.15
-579424.03,-1266109.84,175.16
-579424.23,-1266109.56,175.21
-579424.42,-1266109.27,175.22
-579421.38,-1266113.14,174.82
-579421.59,-1266112.83,174.86
-579421.80,-1266112.53,174.89
-579422.01,-1266112.22,174.92
-579422.20,-1266111.94,174.94
-579422.40,-1266111.64,174.97
-579422.62,-1266111.32,175.00
-579422.83,-1266111.02,175.02
-579423.03,-1266110.72,175.06
-579423.24,-1266110.40,175.07
-579423.45,-1266110.10,175.11
-579423.67,-1266109.77,175.14
-579423.86,-1266109.48,175.16
-579424.05,-1266109.21,175.18
-579424.26,-1266108.91,175.20
-579424.45,-1266108.62,175.21
-579420.24,-1266114.29,174.70
-579420.45,-1266113.97,174.72
-579420.67,-1266113.65,174.75
-579420.86,-1266113.37,174.77
-579421.06,-1266113.07,174.80
-579421.26,-1266112.77,174.83
-579421.46,-1266112.49,174.85
-579421.67,-1266112.17,174.89
-579421.87,-1266111.87,174.92
-579422.08,-1266111.56,174.93
-579422.28,-1266111.27,174.97
-579422.48,-1266110.98,174.99
-579422.69,-1266110.67,175.02
-579422.90,-1266110.36,175.04
-579423.10,-1266110.06,175.07
-579423.31,-1266109.75,175.10
-579423.53,-1266109.44,175.14
-579423.74,-1266109.12,175.16
-579420.16,-1266114.94,174.69
-579420.37,-1266114.64,174.71
-579420.79,-1266114.02,174.75
-579420.98,-1266113.73,174.77
-579421.18,-1266113.44,174.80
-579423.93,-1266108.84,175.18
-579424.13,-1266108.55,175.20
-579424.33,-1266108.24,175.22
-579420.54,-1266113.35,174.75
-579420.75,-1266113.03,174.77
-579420.95,-1266112.74,174.79
-579421.14,-1266112.45,174.82
-579421.34,-1266112.16,174.85
-579421.54,-1266111.86,174.88
-579421.75,-1266111.55,174.91
-579421.95,-1266111.26,174.94
-579422.16,-1266110.95,174.96
-579422.36,-1266110.66,174.99
-579422.56,-1266110.36,175.01
-579422.77,-1266110.05,175.04
-579422.98,-1266109.74,175.06
-579423.18,-1266109.45,175.09
-579423.39,-1266109.14,175.12
-579423.60,-1266108.82,175.15
-579423.81,-1266108.51,175.17
-579424.01,-1266108.22,175.20
-579424.21,-1266107.93,175.22
-579420.00,-1266113.66,174.71
-579420.20,-1266113.36,174.73
-579420.41,-1266113.05,174.74
-579420.63,-1266112.74,174.77
-579420.84,-1266112.42,174.78
-579421.04,-1266112.13,174.81
-579421.24,-1266111.84,174.85
-579421.44,-1266111.54,174.87
-579421.64,-1266111.25,174.89
-579421.84,-1266110.94,174.93
-579422.05,-1266110.64,174.95
-579423.51,-1266107.85,175.15
-579423.72,-1266107.53,175.18
-579423.93,-1266107.22,175.20
-579424.12,-1266106.94,175.20
-579420.11,-1266113.98,174.71
-579420.32,-1266113.66,174.73
-579422.26,-1266110.33,174.97
-579422.45,-1266110.05,175.00
-579422.65,-1266109.75,175.03
-579422.87,-1266109.44,175.05
-579423.07,-1266109.13,175.09
-579423.27,-1266108.83,175.11
-579423.49,-1266108.52,175.15
-579423.70,-1266108.21,175.17
-579423.91,-1266107.90,175.19
-579424.11,-1266107.61,175.21
-579424.30,-1266107.32,175.21
-579420.03,-1266112.97,174.73
-579420.44,-1266112.37,174.76
-579420.66,-1266112.06,174.77
-579420.86,-1266111.75,174.80
-579421.26,-1266111.16,174.86
-579421.45,-1266110.88,174.87
-579422.06,-1266109.98,174.96
-579422.28,-1266109.66,174.98
-579422.48,-1266109.36,175.02
-579422.67,-1266109.08,175.04
-579423.10,-1266108.45,175.10
-579419.97,-1266111.97,174.73
-579420.19,-1266111.65,174.74
-579420.38,-1266111.36,174.75
-579420.59,-1266111.05,174.76
-579420.81,-1266110.73,174.79
-579421.03,-1266110.41,174.83
-579421.22,-1266110.13,174.85
-579421.42,-1266109.84,174.87
-579421.62,-1266109.55,174.90
-579421.81,-1266109.26,174.94
-579422.02,-1266108.95,174.96
-579422.22,-1266108.65,174.98
-579422.43,-1266108.34,175.02
-579422.63,-1266108.05,175.04
-579422.83,-1266107.76,175.07
-579423.04,-1266107.44,175.10
-579423.25,-1266107.13,175.12
-579423.44,-1266106.84,175.15
-579423.66,-1266106.53,175.17
-579424.08,-1266105.90,175.20
-579420.06,-1266112.28,174.74
-579420.26,-1266111.99,174.75
-579420.48,-1266111.66,174.76
-579420.69,-1266111.35,174.78
-579420.90,-1266111.04,174.80
-579421.10,-1266110.74,174.84
-579421.30,-1266110.45,174.86
-579421.49,-1266110.17,174.88
-579421.69,-1266109.87,174.92
-579421.90,-1266109.56,174.94
-579422.10,-1266109.27,174.97
-579422.31,-1266108.95,174.98
-579422.51,-1266108.66,175.03
-579422.71,-1266108.37,175.04
-579422.92,-1266108.05,175.09
-579423.13,-1266107.75,175.11
-579423.33,-1266107.46,175.14
-579423.54,-1266107.14,175.15
-579423.75,-1266106.83,175.19
-579423.97,-1266106.51,175.20
-579420.04,-1266111.31,174.73
-579420.25,-1266111.00,174.74
-579420.44,-1266110.71,174.75
-579420.66,-1266110.39,174.79
-579420.87,-1266110.07,174.82
-579421.08,-1266109.76,174.84
-579421.28,-1266109.47,174.87
-579421.48,-1266109.18,174.90
-579421.67,-1266108.89,174.91
-579421.87,-1266108.59,174.94
-579422.09,-1266108.28,174.98
-579422.28,-1266108.00,175.01
-579422.49,-1266107.68,175.03
-579422.69,-1266107.38,175.05
-579422.89,-1266107.10,175.09
-579423.10,-1266106.78,175.12
-579423.31,-1266106.47,175.14
-579423.50,-1266106.18,175.17
-579423.72,-1266105.87,175.20
-579423.93,-1266105.56,175.20
-579419.55,-1266111.55,174.71
-579419.76,-1266110.61,174.73
-579419.95,-1266110.31,174.73
-579420.16,-1266110.00,174.74
-579420.38,-1266109.68,174.77
-579420.57,-1266109.40,174.79
-579420.78,-1266109.09,174.82
-579421.00,-1266108.77,174.86
-579421.21,-1266108.45,174.88
-579421.41,-1266108.16,174.91
-579421.61,-1266107.87,174.93
-579421.80,-1266107.57,174.96
-579422.00,-1266107.29,174.99
-579422.21,-1266106.97,175.01
-579422.41,-1266106.68,175.03
-579422.62,-1266106.37,175.07
-579422.81,-1266106.08,175.09
-579423.01,-1266105.79,175.12
-579423.22,-1266105.48,175.15
-579423.43,-1266105.17,175.19
-579423.63,-1266104.87,175.20
-579423.84,-1266104.56,175.20
-579419.82,-1266111.63,174.72
-579419.93,-1266110.99,174.73
-579420.14,-1266110.68,174.74
-579420.35,-1266110.37,174.76
-579420.56,-1266110.07,174.79
-579420.76,-1266109.76,174.81
-579420.98,-1266109.45,174.84
-579421.20,-1266109.12,174.87
-579421.39,-1266108.84,174.90
-579421.58,-1266108.55,174.91
-579421.79,-1266108.25,174.95
-579421.98,-1266107.96,174.98
-579422.19,-1266107.65,175.00
-579422.39,-1266107.35,175.03
-579422.60,-1266107.05,175.06
-579422.79,-1266106.76,175.08
-579422.99,-1266106.47,175.11
-579423.20,-1266106.16,175.13
-579423.41,-1266105.85,175.16
-579423.61,-1266105.55,175.19
-579423.82,-1266105.24,175.19
-579419.86,-1266110.01,174.73
-579420.06,-1266109.71,174.74
-579420.27,-1266109.40,174.76
-579420.48,-1266109.09,174.78
-579420.68,-1266108.79,174.81
-579420.90,-1266108.47,174.85
-579421.10,-1266108.17,174.87
-579421.32,-1266107.85,174.90
-579421.52,-1266107.56,174.92
-579421.71,-1266107.27,174.96
-579421.91,-1266106.98,174.98
-579422.10,-1266106.69,174.99
-579422.31,-1266106.38,175.03
-579422.51,-1266106.08,175.05
-579422.72,-1266105.77,175.08
-579422.92,-1266105.49,175.11
-579423.12,-1266105.19,175.15
-579423.33,-1266104.88,175.18
-579423.54,-1266104.57,175.20
-579423.74,-1266104.27,175.20
-579419.35,-1266109.65,174.69
-579419.54,-1266109.37,174.70
-579419.75,-1266109.06,174.72
-579419.95,-1266108.76,174.73
-579420.15,-1266108.47,174.76
-579420.36,-1266108.16,174.79
-579420.77,-1266107.55,174.85
-579420.98,-1266107.24,174.86
-579421.19,-1266106.92,174.90
-579421.40,-1266106.61,174.93
-579421.60,-1266106.33,174.96
-579421.80,-1266106.03,174.98
-579422.00,-1266105.73,175.00
-579422.18,-1266105.45,175.03
-579422.40,-1266105.13,175.07
-579422.60,-1266104.84,175.09
-579422.80,-1266104.53,175.12
-579423.00,-1266104.24,175.16
-579423.20,-1266103.94,175.19
-579423.41,-1266103.64,175.20
-579419.46,-1266110.60,174.71
-579419.66,-1266110.30,174.72
-579421.02,-1266106.59,174.88
-579421.23,-1266106.27,174.92
-579421.44,-1266105.97,174.94
-579421.64,-1266105.67,174.97
-579421.84,-1266105.37,175.00
-579422.03,-1266105.09,175.03
-579422.23,-1266104.80,175.05
-579422.44,-1266104.48,175.08
-579422.63,-1266104.19,175.11
-579422.84,-1266103.88,175.15
-579423.05,-1266103.58,175.18
-579423.45,-1266102.99,175.21
-579419.71,-1266109.69,174.72
-579419.91,-1266109.40,174.73
-579420.11,-1266109.10,174.74
-579420.32,-1266108.79,174.77
-579420.53,-1266108.47,174.81
-579420.73,-1266108.18,174.82
-579420.94,-1266107.86,174.86
-579421.15,-1266107.55,174.88
-579421.36,-1266107.24,174.91
-579421.56,-1266106.95,174.93
-579421.76,-1266106.66,174.96
-579421.95,-1266106.37,174.99
-579422.15,-1266106.08,175.01
-579422.36,-1266105.76,175.04
-579422.55,-1266105.47,175.08
-579422.77,-1266105.16,175.10
-579422.96,-1266104.87,175.13
-579423.16,-1266104.58,175.16
-579423.37,-1266104.26,175.19
-579423.58,-1266103.94,175.21
-579423.62,-1266103.32,175.21
-579419.39,-1266109.00,174.69
-579419.58,-1266108.73,174.71
-579419.79,-1266108.40,174.72
-579420.18,-1266107.83,174.78
-579420.40,-1266107.51,174.81
-579420.61,-1266107.19,174.83
-579420.80,-1266106.91,174.85
-579420.49,-1266106.88,174.81
-579420.69,-1266106.57,174.85
-579420.89,-1266106.28,174.87
-579421.10,-1266105.96,174.90
-579421.31,-1266105.65,174.93
-579421.53,-1266105.34,174.96
-579421.72,-1266105.04,174.99
-579421.92,-1266104.75,175.02
-579422.12,-1266104.46,175.05
-579422.31,-1266104.17,175.07
-579422.52,-1266103.85,175.10
-579422.72,-1266103.56,175.13
-579423.12,-1266102.96,175.20
-579423.32,-1266102.67,175.21
-579423.53,-1266102.35,175.21
-579419.00,-1266108.01,174.68
-579419.19,-1266107.73,174.69
-579419.39,-1266107.43,174.71
-579419.60,-1266107.12,174.72
-579419.80,-1266106.83,174.72
-579420.01,-1266106.51,174.77
-579420.20,-1266106.22,174.78
-579420.40,-1266105.93,174.81
-579420.62,-1266105.61,174.85
-579420.83,-1266105.30,174.88
-579421.02,-1266105.01,174.90
-579421.24,-1266104.69,174.95
-579421.45,-1266104.38,174.97
-579421.65,-1266104.07,174.99
-579421.85,-1266103.77,175.03
-579422.05,-1266103.49,175.06
-579422.24,-1266103.20,175.08
-579422.44,-1266102.90,175.10
-579419.26,-1266108.70,174.69
-579419.88,-1266107.78,174.75
-579420.08,-1266107.48,174.77
-579420.27,-1266107.19,174.79
-579419.84,-1266106.16,174.76
-579420.05,-1266105.84,174.78
-579420.25,-1266105.56,174.81
-579420.45,-1266105.26,174.84
-579420.66,-1266104.94,174.87
-579420.87,-1266104.63,174.90
-579421.06,-1266104.34,174.93
-579421.28,-1266104.02,174.97
-579421.49,-1266103.71,174.99
-579421.70,-1266103.40,175.03
-579421.90,-1266103.10,175.06
-579422.09,-1266102.81,175.08
-579422.28,-1266102.53,175.10
-579422.48,-1266102.23,175.14
-579422.69,-1266101.92,175.17
-579422.88,-1266101.64,175.19
-579423.10,-1266101.32,175.21
-579419.33,-1266108.06,174.69
-579419.74,-1266107.45,174.73
-579419.95,-1266107.14,174.75
-579420.15,-1266106.84,174.78
-579420.35,-1266106.55,174.80
-579420.55,-1266106.24,174.83
-579420.77,-1266105.92,174.86
-579421.18,-1266105.32,174.93
-579421.39,-1266105.00,174.97
-579421.60,-1266104.69,174.98
-579421.79,-1266104.39,175.01
-579421.99,-1266104.11,175.03
-579422.19,-1266103.82,175.07
-579422.38,-1266103.53,175.09
-579422.59,-1266103.21,175.13
-579422.79,-1266102.92,175.16
-579423.00,-1266102.61,175.19
-579423.19,-1266102.32,175.21
-579423.39,-1266102.03,175.21
-579422.65,-1266102.59,175.15
-579422.84,-1266102.31,175.18
-579423.06,-1266101.99,175.20
-579423.25,-1266101.70,175.21
-579419.24,-1266107.06,174.70
-579419.43,-1266106.76,174.71
-579419.64,-1266106.45,174.73
-579419.34,-1266106.43,174.71
-579419.54,-1266106.13,174.72
-579419.75,-1266105.82,174.76
-579419.94,-1266105.53,174.78
-579420.16,-1266105.21,174.81
-579420.36,-1266104.92,174.84
-579420.55,-1266104.63,174.86
-579420.76,-1266104.32,174.89
-579420.97,-1266104.01,174.93
-579421.17,-1266103.71,174.96
-579421.38,-1266103.40,174.98
-579421.59,-1266103.08,175.02
-579421.81,-1266102.76,175.06
-579422.00,-1266102.48,175.08
-579422.20,-1266102.19,175.11
-579422.39,-1266101.89,175.13
-579422.58,-1266101.61,175.16
-579422.79,-1266101.30,175.19
-579419.15,-1266106.72,174.69
-579418.73,-1266105.71,174.69
-579418.94,-1266105.40,174.71
-579419.14,-1266105.11,174.72
-579419.33,-1266104.82,174.74
-579419.53,-1266104.53,174.77
-579419.73,-1266104.23,174.78
-579419.94,-1266103.92,174.82
-579420.13,-1266103.63,174.85
-579420.34,-1266103.32,174.87
-579420.54,-1266103.03,174.91
-579420.74,-1266102.73,174.93
-579420.94,-1266102.42,174.97
-579421.16,-1266102.10,174.99
-579421.35,-1266101.81,175.02
-579421.56,-1266101.50,175.06
-579418.83,-1266106.67,174.68
-579419.02,-1266106.39,174.69
-579419.22,-1266106.09,174.71
-579419.41,-1266105.80,174.73
-579419.61,-1266105.50,174.74
-579419.82,-1266105.19,174.77
-579420.02,-1266104.91,174.80
-579420.23,-1266104.59,174.83
-579420.43,-1266104.29,174.86
-579420.62,-1266104.01,174.88
-579420.83,-1266103.69,174.92
-579421.04,-1266103.38,174.96
-579421.24,-1266103.08,174.97
-579421.45,-1266102.77,175.01
-579421.66,-1266102.45,175.05
-579421.88,-1266102.13,175.07
-579422.07,-1266101.85,175.10
-579422.26,-1266101.56,175.13
-579422.46,-1266101.27,175.16
-579418.65,-1266105.42,174.69
-579418.86,-1266105.10,174.71
-579419.07,-1266104.80,174.72
-579419.26,-1266104.51,174.74
-579419.46,-1266104.21,174.77
-579419.65,-1266103.92,174.78
-579419.85,-1266103.64,174.81
-579420.06,-1266103.32,174.84
-579420.26,-1266103.02,174.87
-579420.47,-1266102.71,174.90
-579420.66,-1266102.42,174.93
-579420.86,-1266102.13,174.96
-579421.07,-1266101.82,174.99
-579421.28,-1266101.50,175.01
-579418.88,-1266106.06,174.69
-579419.08,-1266105.76,174.71
-579419.27,-1266105.48,174.73
-579419.47,-1266105.18,174.76
-579419.66,-1266104.89,174.77
-579419.87,-1266104.58,174.80
-579420.07,-1266104.28,174.83
-579420.28,-1266103.96,174.85
-579420.47,-1266103.69,174.87
-579420.67,-1266103.39,174.90
-579420.89,-1266103.07,174.95
-579421.09,-1266102.77,174.97
-579421.29,-1266102.46,174.99
-579421.50,-1266102.15,175.04
-579421.71,-1266101.85,175.06
-579421.92,-1266101.52,175.10
-579422.12,-1266101.23,175.12
-579418.53,-1266105.06,174.69
-579418.73,-1266104.76,174.70
-579418.95,-1266104.44,174.72
-579419.16,-1266104.13,174.74
-579419.35,-1266103.84,174.77
-579419.55,-1266103.54,174.79
-579419.74,-1266103.26,174.81
-579419.93,-1266102.98,174.84
-579420.15,-1266102.65,174.87
-579420.35,-1266102.35,174.90
-579420.55,-1266102.05,174.94
-579420.75,-1266101.75,174.96
-579420.95,-1266101.46,174.99
-579418.82,-1266104.08,174.72
-579419.03,-1266103.77,174.74
-579419.24,-1266103.46,174.76
-579419.44,-1266103.16,174.79
-579419.63,-1266102.88,174.81
-579419.82,-1266102.58,174.84
-579420.02,-1266102.29,174.87
-579420.23,-1266101.97,174.90
-579420.43,-1266101.69,174.93
-579420.64,-1266101.37,174.96
-579418.61,-1266104.40,174.71
-579418.52,-1266104.05,174.70
-579418.72,-1266103.76,174.72
-579418.93,-1266103.44,174.74
-579419.14,-1266103.14,174.75
-579419.35,-1266102.81,174.79
-579419.55,-1266102.52,174.80
-579419.74,-1266102.23,174.84
-579419.93,-1266101.94,174.87
-579420.13,-1266101.65,174.91
-579420.34,-1266101.34,174.92
-579418.40,-1266103.70,174.70
-579418.61,-1266103.39,174.72
-579418.81,-1266103.09,174.74
-579419.02,-1266102.78,174.75
-579419.22,-1266102.48,174.78
-579419.44,-1266102.15,174.81
-579419.63,-1266101.86,174.84
-579419.82,-1266101.57,174.87
-579418.34,-1266103.39,174.70
-579418.55,-1266103.08,174.71
-579418.76,-1266102.76,174.74
-579418.95,-1266102.47,174.75
-579419.16,-1266102.16,174.77
-579419.37,-1266101.84,174.81
-579419.59,-1266101.52,174.84
-579418.26,-1266103.04,174.69
-579418.45,-1266102.76,174.72
-579418.66,-1266102.44,174.74
-579418.87,-1266102.13,174.75
-579419.07,-1266101.83,174.77
-579419.28,-1266101.51,174.80
-579418.33,-1266102.35,174.72
-579418.52,-1266102.07,174.75
-579418.73,-1266101.75,174.75
-579418.94,-1266101.43,174.78
-579418.21,-1266102.00,174.72
-579418.40,-1266101.70,174.74
-579418.60,-1266101.41,174.75
-579418.16,-1266101.72,174.72
-579418.37,-1266101.41,174.73
-579423.29,-1266101.02,175.21
-579422.99,-1266101.00,175.21
-579423.20,-1266100.69,175.22
-579422.65,-1266100.98,175.17
-579422.86,-1266100.67,175.21
-579423.06,-1266100.38,175.21
-579421.48,-1266101.21,175.05
-579421.68,-1266100.90,175.07
-579421.90,-1266100.58,175.11
-579422.11,-1266100.27,175.13
-579422.30,-1266099.98,175.16
-579422.49,-1266099.69,175.18
-579422.69,-1266099.40,175.21
-579422.88,-1266099.11,175.21
-579422.31,-1266100.95,175.15
-579422.51,-1266100.66,175.17
-579422.70,-1266100.36,175.20
-579422.91,-1266100.06,175.21
-579423.11,-1266099.76,175.21
-579421.15,-1266101.15,175.01
-579421.37,-1266100.83,175.05
-579421.56,-1266100.54,175.07
-579421.77,-1266100.24,175.11
-579421.98,-1266099.92,175.13
-579422.19,-1266099.60,175.16
-579422.38,-1266099.32,175.17
-579422.58,-1266099.02,175.21
-579422.78,-1266098.73,175.21
-579422.97,-1266098.45,175.22
-579421.78,-1266101.18,175.08
-579421.98,-1266100.88,175.12
-579422.18,-1266100.58,175.14
-579422.37,-1266100.29,175.17
-579422.57,-1266100.00,175.19
-579422.76,-1266099.71,175.21
-579422.97,-1266099.40,175.21
-579420.83,-1266101.08,174.99
-579421.02,-1266100.79,175.01
-579421.24,-1266100.48,175.05
-579421.45,-1266100.16,175.07
-579421.64,-1266099.88,175.09
-579421.85,-1266099.55,175.12
-579422.06,-1266099.24,175.16
-579422.27,-1266098.94,175.17
-579422.47,-1266098.64,175.19
-579422.66,-1266098.36,175.22
-579422.85,-1266098.07,175.22
-579420.75,-1266100.72,174.99
-579420.94,-1266100.44,175.00
-579421.13,-1266100.16,175.03
-579421.35,-1266099.83,175.06
-579421.56,-1266099.52,175.08
-579421.75,-1266099.24,175.11
-579421.96,-1266098.91,175.15
-579422.17,-1266098.61,175.17
-579422.37,-1266098.30,175.19
-579422.57,-1266098.01,175.22
-579422.77,-1266097.71,175.22
-579422.66,-1266097.34,175.22
-579420.54,-1266101.05,174.96
-579420.02,-1266101.28,174.89
-579420.22,-1266100.98,174.91
-579420.42,-1266100.68,174.95
-579420.62,-1266100.38,174.97
-579420.84,-1266100.06,175.00
-579421.02,-1266099.78,175.02
-579421.22,-1266099.49,175.05
-579421.43,-1266099.18,175.08
-579421.64,-1266098.87,175.11
-579421.83,-1266098.58,175.15
-579422.05,-1266098.26,175.16
-579422.25,-1266097.96,175.19
-579422.46,-1266097.63,175.22
-579419.78,-1266101.23,174.86
-579419.97,-1266100.95,174.89
-579420.17,-1266100.65,174.92
-579420.36,-1266100.36,174.95
-579420.57,-1266100.05,174.96
-579420.77,-1266099.76,175.00
-579420.98,-1266099.44,175.03
-579421.17,-1266099.16,175.05
-579421.36,-1266098.87,175.07
-579421.58,-1266098.55,175.11
-579421.78,-1266098.25,175.15
-579421.98,-1266097.96,175.16
-579422.19,-1266097.63,175.18
-579422.40,-1266097.32,175.22
-579422.60,-1266097.01,175.22
-579419.49,-1266101.20,174.84
-579419.70,-1266100.89,174.87
-579419.89,-1266100.60,174.88
-579420.09,-1266100.31,174.91
-579420.28,-1266100.02,174.94
-579420.47,-1266099.73,174.96
-579420.69,-1266099.42,174.99
-579420.88,-1266099.12,175.02
-579421.09,-1266098.81,175.05
-579421.28,-1266098.53,175.06
-579421.48,-1266098.23,175.10
-579421.69,-1266097.92,175.14
-579421.90,-1266097.61,175.16
-579422.09,-1266097.31,175.18
-579422.30,-1266097.00,175.22
-579422.51,-1266096.69,175.22
-579422.44,-1266095.66,175.22
-579419.14,-1266101.14,174.79
-579419.35,-1266100.83,174.84
-579419.56,-1266100.51,174.87
-579419.77,-1266100.20,174.89
-579419.96,-1266099.91,174.92
-579420.16,-1266099.62,174.95
-579420.35,-1266099.33,174.96
-579420.54,-1266099.04,174.99
-579420.75,-1266098.72,175.02
-579420.95,-1266098.43,175.05
-579421.16,-1266098.12,175.06
-579421.55,-1266097.54,175.13
-579421.75,-1266097.23,175.15
-579421.96,-1266096.92,175.19
-579422.16,-1266096.62,175.22
-579422.37,-1266096.31,175.22
-579421.18,-1266097.20,175.08
-579421.38,-1266096.89,175.12
-579421.58,-1266096.61,175.14
-579421.78,-1266096.30,175.17
-579421.98,-1266095.99,175.20
-579422.19,-1266095.68,175.22
-579423.26,-1266094.00,175.95
-579418.80,-1266101.11,174.77
-579419.02,-1266100.77,174.79
-579419.21,-1266100.49,174.83
-579419.42,-1266100.18,174.86
-579419.64,-1266099.86,174.88
-579419.84,-1266099.55,174.91
-579420.03,-1266099.27,174.94
-579420.23,-1266098.97,174.96
-579420.42,-1266098.68,174.98
-579420.61,-1266098.40,175.01
-579420.83,-1266098.08,175.04
-579421.23,-1266097.48,175.10
-579421.42,-1266097.18,175.13
-579421.62,-1266096.89,175.15
-579421.82,-1266096.59,175.17
-579422.03,-1266096.27,175.21
-579422.23,-1266095.97,175.22
-579419.85,-1266098.60,174.93
-579420.05,-1266098.30,174.95
-579420.25,-1266098.00,174.97
-579420.45,-1266097.70,175.00
-579420.63,-1266097.43,175.03
-579420.83,-1266097.13,175.05
-579421.04,-1266096.81,175.09
-579421.23,-1266096.53,175.11
-579421.44,-1266096.22,175.15
-579421.64,-1266095.92,175.17
-579421.83,-1266095.64,175.21
-579418.56,-1266101.11,174.75
-579418.76,-1266100.82,174.76
-579418.96,-1266100.51,174.79
-579419.37,-1266099.91,174.85
-579419.58,-1266099.60,174.87
-579419.79,-1266099.28,174.90
-579420.00,-1266098.97,174.93
-579420.19,-1266098.68,174.96
-579420.38,-1266098.39,174.97
-579420.58,-1266098.09,175.01
-579420.77,-1266097.81,175.04
-579420.98,-1266097.49,175.06
-579418.34,-1266100.40,174.75
-579418.55,-1266100.08,174.76
-579418.74,-1266099.80,174.78
-579418.94,-1266099.51,174.80
-579419.15,-1266099.19,174.84
-579419.36,-1266098.88,174.86
-579419.55,-1266098.59,174.88
-579419.76,-1266098.27,174.93
-579419.97,-1266097.96,174.96
-579420.18,-1266097.64,174.97
-579420.37,-1266097.36,175.02
-579420.57,-1266097.06,175.02
-579420.76,-1266096.78,175.06
-579420.95,-1266096.49,175.07
-579421.17,-1266096.16,175.12
-579421.36,-1266095.88,175.14
-579421.56,-1266095.57,175.19
-579423.02,-1266093.30,175.94
-579420.45,-1266096.40,175.02
-579420.64,-1266096.10,175.05
-579420.84,-1266095.81,175.08
-579423.08,-1266092.36,175.94
-579418.02,-1266101.33,174.72
-579418.21,-1266101.05,174.73
-579418.43,-1266100.73,174.74
-579418.62,-1266100.44,174.76
-579418.81,-1266100.15,174.78
-579419.02,-1266099.84,174.81
-579419.23,-1266099.52,174.85
-579419.42,-1266099.24,174.86
-579419.64,-1266098.92,174.89
-579417.86,-1266100.63,174.72
-579418.05,-1266100.35,174.73
-579418.26,-1266100.04,174.74
-579418.45,-1266099.75,174.76
-579418.67,-1266099.42,174.77
-579418.86,-1266099.14,174.80
-579419.05,-1266098.86,174.84
-579419.26,-1266098.53,174.85
-579419.47,-1266098.22,174.88
-579419.66,-1266097.94,174.92
-579419.87,-1266097.62,174.94
-579420.08,-1266097.30,174.97
-579420.29,-1266097.00,175.00
-579420.49,-1266096.70,175.02
-579420.68,-1266096.41,175.06
-579420.87,-1266096.13,175.08
-579421.07,-1266095.83,175.12
-579418.25,-1266099.08,174.75
-579418.46,-1266098.78,174.78
-579418.66,-1266098.48,174.80
-579418.87,-1266098.15,174.83
-579419.06,-1266097.87,174.85
-579419.25,-1266097.58,174.87
-579419.46,-1266097.26,174.92
-579419.67,-1266096.96,174.94
-579419.86,-1266096.66,174.95
-579420.07,-1266096.35,174.98
-579420.28,-1266096.04,175.02
-579422.91,-1266092.00,175.94
-579417.94,-1266100.99,174.72
-579418.15,-1266100.69,174.73
-579417.82,-1266100.33,174.72
-579418.02,-1266100.05,174.74
-579418.21,-1266099.75,174.74
-579418.42,-1266099.45,174.76
-579418.61,-1266099.15,174.77
-579418.82,-1266098.84,174.80
-579419.01,-1266098.55,174.84
-579419.21,-1266098.25,174.85
-579419.42,-1266097.94,174.87
-579419.63,-1266097.63,174.92
-579419.82,-1266097.34,174.94
-579420.03,-1266097.02,174.97
-579420.24,-1266096.71,175.00
-579417.75,-1266099.31,174.74
-579417.94,-1266099.02,174.75
-579418.33,-1266098.43,174.76
-579418.54,-1266098.12,174.80
-579418.73,-1266097.83,174.82
-579418.94,-1266097.52,174.84
-579419.13,-1266097.22,174.86
-579419.33,-1266096.93,174.90
-579419.54,-1266096.62,174.94
-579419.75,-1266096.31,174.95
-579419.94,-1266096.01,174.99
-579422.99,-1266091.35,175.94
-579417.86,-1266099.66,174.72
-579418.06,-1266099.37,174.74
-579417.67,-1266098.99,174.74
-579418.07,-1266098.39,174.75
-579418.26,-1266098.12,174.76
-579418.45,-1266097.82,174.78
-579418.66,-1266097.51,174.82
-579418.85,-1266097.22,174.84
-579419.06,-1266096.90,174.85
-579419.26,-1266096.61,174.90
-579419.45,-1266096.32,174.92
-579419.66,-1266096.01,174.94
-579417.62,-1266098.71,174.74
-579417.83,-1266098.38,174.74
-579418.02,-1266098.10,174.75
-579418.21,-1266097.82,174.76
-579418.40,-1266097.52,174.78
-579418.60,-1266097.23,174.81
-579418.81,-1266096.92,174.83
-579419.00,-1266096.62,174.85
-579419.21,-1266096.32,174.88
-579419.40,-1266096.02,174.93
-579419.60,-1266095.73,174.96
-579422.64,-1266091.06,175.94
-579422.74,-1266089.77,175.95
-579422.43,-1266089.46,175.95
-579417.48,-1266098.36,174.73
-579417.89,-1266097.75,174.75
-579418.09,-1266097.45,174.76
-579418.28,-1266097.17,174.77
-579418.47,-1266096.88,174.80
-579418.67,-1266096.58,174.82
-579418.87,-1266096.28,174.85
-579419.07,-1266095.98,174.88
-579422.70,-1266090.42,175.95
-579417.90,-1266096.85,174.75
-579418.12,-1266096.53,174.76
-579418.31,-1266096.24,174.80
-579418.50,-1266095.95,174.82
-579417.43,-1266096.48,174.72
-579417.84,-1266095.87,174.75
-579417.52,-1266097.72,174.74
-579417.73,-1266097.40,174.75
-579417.93,-1266097.09,174.75
-579418.13,-1266096.80,174.76
-579418.33,-1266096.50,174.80
-579418.51,-1266096.22,174.82
-579418.71,-1266095.93,174.84
-579417.41,-1266097.12,174.72
-579417.60,-1266096.84,174.73
-579417.81,-1266096.52,174.73
-579418.02,-1266096.21,174.75
-579418.23,-1266095.89,174.79
-579417.13,-1266096.46,174.70
-579417.49,-1266097.47,174.73
-579417.70,-1266097.16,174.74
-579422.25,-1266087.91,175.95
-579422.45,-1266088.81,175.95
-579422.28,-1266088.20,175.95
-579416.81,-1266095.53,174.67
-579417.02,-1266095.21,174.69
-579417.54,-1266095.85,174.72
-579417.73,-1266095.56,174.74
-579422.36,-1266088.46,175.95
-579417.22,-1266095.61,174.70
-579422.07,-1266086.55,175.94
-579417.46,-1266095.57,174.72
-579421.81,-1266085.61,175.95
-579416.96,-1266094.94,174.67
-579421.64,-1266084.96,175.93
-579422.05,-1266086.27,175.93
-579421.68,-1266083.94,175.96
-579421.73,-1266084.28,175.95
-579421.57,-1266083.59,175.95
-579416.24,-1266090.53,174.65
-579415.93,-1266090.43,174.62
-579416.11,-1266090.17,174.64
-579415.56,-1266087.78,174.64
-579415.75,-1266087.50,174.68
-579415.10,-1266085.50,174.64
-579415.30,-1266085.19,174.65
-579415.61,-1266086.15,174.66
-579415.24,-1266085.86,174.62
-579415.45,-1266085.55,174.65
-579415.30,-1266086.14,174.64
-579415.50,-1266085.82,174.65
-579421.41,-1266082.52,175.95
-579421.24,-1266081.85,175.95
-579421.29,-1266082.13,175.95
-579421.10,-1266081.17,175.94
-579418.47,-1266079.05,176.16
-579418.66,-1266078.74,176.17
-579418.82,-1266079.14,176.18
-579419.01,-1266078.85,176.22
-579419.20,-1266078.55,176.23
-579415.91,-1266079.86,175.76
-579416.11,-1266079.55,175.82
-579416.31,-1266079.23,175.88
-579416.51,-1266078.92,175.90
-579416.43,-1266079.58,175.84
-579416.62,-1266079.29,175.89
-579416.80,-1266079.00,175.92
-579416.91,-1266079.39,175.91
-579417.10,-1266079.10,175.96
-579417.31,-1266078.78,176.00
-579417.97,-1266079.34,176.06
-579418.17,-1266079.03,176.10
-579418.36,-1266078.74,176.12
-579417.20,-1266079.50,175.93
-579417.39,-1266079.20,175.99
-579417.59,-1266078.90,176.02
-579417.50,-1266079.56,175.96
-579417.69,-1266079.27,176.02
-579417.88,-1266078.98,176.06
-579418.08,-1266078.67,176.10
-579418.90,-1266079.48,176.16
-579419.08,-1266079.19,176.20
-579419.27,-1266078.89,176.23
-579419.46,-1266078.60,176.26
-579419.22,-1266079.57,176.18
-579419.40,-1266079.29,176.24
-579419.60,-1266078.97,176.26
-579414.55,-1266079.21,175.72
-579414.66,-1266079.59,175.72
-579414.86,-1266079.27,175.73
-579415.05,-1266078.99,175.74
-579414.98,-1266079.67,175.74
-579415.19,-1266079.34,175.75
-579415.38,-1266079.05,175.78
-579415.33,-1266079.74,175.75
-579415.51,-1266079.46,175.77
-579415.71,-1266079.14,175.80
-579415.61,-1266079.80,175.75
-579415.81,-1266079.49,175.80
-579416.00,-1266079.19,175.83
-579416.20,-1266078.88,175.86
-579419.65,-1266078.30,176.26
-579419.38,-1266078.27,176.25
-579419.57,-1266077.97,176.26
-579418.87,-1266078.43,176.19
-579419.06,-1266078.13,176.22
-579419.24,-1266077.85,176.25
-579419.43,-1266077.56,176.26
-579419.62,-1266077.26,176.26
-579418.56,-1266078.42,176.16
-579418.77,-1266078.10,176.19
-579418.96,-1266077.79,176.22
-579419.15,-1266077.51,176.25
-579419.34,-1266077.21,176.26
-579419.53,-1266076.91,176.26
-579418.46,-1266078.07,176.16
-579418.67,-1266077.75,176.18
-579418.87,-1266077.43,176.22
-579419.07,-1266077.13,176.25
-579419.26,-1266076.83,176.26
-579418.28,-1266078.35,176.12
-579417.78,-1266078.60,176.06
-579417.97,-1266078.30,176.09
-579418.16,-1266078.00,176.12
-579418.37,-1266077.68,176.16
-579418.56,-1266077.39,176.18
-579418.75,-1266077.08,176.22
-579418.96,-1266076.76,176.24
-579419.16,-1266076.45,176.26
-579419.34,-1266076.16,176.26
-579418.86,-1266076.35,176.24
-579419.05,-1266076.06,176.26
-579419.26,-1266075.73,176.26
-579417.49,-1266078.49,176.03
-579417.69,-1266078.18,176.06
-579417.88,-1266077.89,176.09
-579418.06,-1266077.60,176.11
-579418.27,-1266077.28,176.16
-579418.47,-1266076.97,176.18
-579418.65,-1266076.68,176.21
-579416.99,-1266078.70,175.96
-579417.18,-1266078.41,176.00
-579417.37,-1266078.10,176.02
-579417.56,-1266077.80,176.05
-579417.76,-1266077.49,176.09
-579417.95,-1266077.20,176.11
-579418.14,-1266076.91,176.14
-579418.34,-1266076.60,176.18
-579418.54,-1266076.28,176.21
-579418.72,-1266075.99,176.22
-579418.92,-1266075.69,176.25
-579419.13,-1266075.36,176.26
-579418.42,-1266075.93,176.19
-579418.62,-1266075.62,176.22
-579418.80,-1266075.33,176.24
-579419.01,-1266075.01,176.25
-579416.70,-1266078.63,175.92
-579416.88,-1266078.33,175.97
-579417.07,-1266078.04,176.00
-579417.26,-1266077.75,176.02
-579417.46,-1266077.43,176.05
-579417.85,-1266076.83,176.11
-579418.03,-1266076.54,176.15
-579418.22,-1266076.25,176.16
-579416.41,-1266078.56,175.90
-579416.61,-1266078.25,175.92
-579416.79,-1266077.96,175.97
-579416.98,-1266077.65,175.99
-579417.17,-1266077.37,176.01
-579417.35,-1266077.08,176.04
-579417.56,-1266076.76,176.07
-579417.74,-1266076.47,176.10
-579417.94,-1266076.16,176.14
-579418.13,-1266075.86,176.16
-579418.31,-1266075.58,176.19
-579418.51,-1266075.27,176.23
-579418.71,-1266074.95,176.25
-579418.90,-1266074.66,176.26
-579419.10,-1266074.34,176.26
-579418.81,-1266074.29,176.26
-579418.99,-1266074.00,176.26
-579415.92,-1266078.81,175.84
-579416.10,-1266078.53,175.86
-579416.31,-1266078.21,175.90
-579416.51,-1266077.89,175.92
-579416.70,-1266077.58,175.97
-579416.89,-1266077.29,175.99
-579417.08,-1266076.99,176.02
-579417.26,-1266076.71,176.03
-579417.45,-1266076.41,176.07
-579417.65,-1266076.10,176.10
-579418.04,-1266075.49,176.15
-579418.22,-1266075.21,176.19
-579418.40,-1266074.92,176.21
-579418.61,-1266074.59,176.24
-579415.56,-1266078.77,175.79
-579415.76,-1266078.44,175.83
-579415.96,-1266078.13,175.85
-579416.35,-1266077.53,175.91
-579416.55,-1266077.21,175.96
-579416.75,-1266076.89,175.98
-579416.94,-1266076.61,176.00
-579417.13,-1266076.31,176.03
-579417.31,-1266076.02,176.07
-579417.49,-1266075.73,176.08
-579417.70,-1266075.42,176.12
-579417.88,-1266075.12,176.15
-579418.08,-1266074.81,176.18
-579418.27,-1266074.52,176.21
-579418.46,-1266074.22,176.24
-579418.65,-1266073.92,176.26
-579418.85,-1266073.61,176.26
-579417.94,-1266074.44,176.16
-579418.14,-1266074.14,176.20
-579418.33,-1266073.84,176.23
-579418.52,-1266073.55,176.24
-579418.71,-1266073.25,176.26
-579415.25,-1266078.68,175.78
-579415.44,-1266078.37,175.79
-579415.62,-1266078.08,175.82
-579415.82,-1266077.78,175.84
-579416.03,-1266077.45,175.88
-579416.21,-1266077.16,175.90
-579416.41,-1266076.85,175.93
-579416.62,-1266076.53,175.98
-579416.82,-1266076.22,176.00
-579417.00,-1266075.93,176.03
-579417.19,-1266075.63,176.06
-579417.37,-1266075.34,176.07
-579417.55,-1266075.06,176.10
-579417.76,-1266074.73,176.15
-579414.73,-1266078.94,175.72
-579414.93,-1266078.62,175.74
-579415.32,-1266078.01,175.78
-579415.51,-1266077.72,175.81
-579415.69,-1266077.43,175.83
-579415.90,-1266077.11,175.87
-579416.09,-1266076.80,175.90
-579416.28,-1266076.50,175.92
-579416.48,-1266076.19,175.96
-579416.68,-1266075.88,175.99
-579416.89,-1266075.56,176.02
-579417.07,-1266075.27,176.05
-579417.25,-1266074.98,176.07
-579417.44,-1266074.68,176.10
-579417.63,-1266074.40,176.13
-579417.82,-1266074.08,176.16
-579418.01,-1266073.80,176.19
-579418.21,-1266073.47,176.22
-579418.39,-1266073.19,176.23
-579418.58,-1266072.90,176.26
-579418.78,-1266072.58,176.26
-579416.14,-1266076.09,175.91
-579416.52,-1266075.49,175.98
-579416.72,-1266075.17,176.00
-579416.92,-1266074.85,176.05
-579417.10,-1266074.57,176.07
-579417.29,-1266074.27,176.09
-579417.48,-1266073.97,176.13
-579417.66,-1266073.70,176.15
-579417.86,-1266073.38,176.18
-579418.24,-1266072.78,176.23
-579418.43,-1266072.49,176.26
-579418.62,-1266072.19,176.26
-579414.59,-1266078.52,175.73
-579414.98,-1266077.91,175.75
-579415.16,-1266077.62,175.78
-579415.36,-1266077.31,175.80
-579415.55,-1266077.01,175.83
-579415.74,-1266076.72,175.87
-579415.93,-1266076.41,175.87
-579414.52,-1266078.18,175.72
-579414.71,-1266077.88,175.74
-579414.89,-1266077.59,175.75
-579415.09,-1266077.28,175.78
-579415.29,-1266076.98,175.81
-579415.48,-1266076.67,175.83
-579415.67,-1266076.38,175.86
-579415.85,-1266076.08,175.89
-579416.05,-1266075.77,175.91
-579416.25,-1266075.46,175.95
-579416.44,-1266075.16,175.98
-579416.64,-1266074.85,175.99
-579416.84,-1266074.54,176.03
-579417.04,-1266074.22,176.06
-579417.23,-1266073.93,176.08
-579417.41,-1266073.64,176.12
-579417.60,-1266073.34,176.15
-579417.78,-1266073.06,176.16
-579417.98,-1266072.75,176.20
-579418.16,-1266072.46,176.22
-579418.36,-1266072.14,176.25
-579418.55,-1266071.85,176.26
-579415.29,-1266076.28,175.81
-579415.67,-1266075.68,175.87
-579415.86,-1266075.38,175.90
-579416.05,-1266075.08,175.93
-579416.25,-1266074.76,175.96
-579416.44,-1266074.47,175.98
-579416.64,-1266074.15,176.01
-579416.84,-1266073.84,176.04
-579417.04,-1266073.52,176.07
-579417.23,-1266073.23,176.11
-579417.41,-1266072.94,176.13
-579417.60,-1266072.65,176.16
-579417.78,-1266072.35,176.19
-579417.98,-1266072.04,176.21
-579418.17,-1266071.75,176.24
-579418.37,-1266071.43,176.26
-579418.55,-1266071.15,176.27
-579414.34,-1266077.76,175.72
-579414.52,-1266077.48,175.73
-579414.71,-1266077.18,175.75
-579414.90,-1266076.90,175.75
-579415.10,-1266076.58,175.78
-579414.19,-1266077.40,175.72
-579414.38,-1266077.11,175.73
-579414.57,-1266076.82,175.74
-579414.75,-1266076.53,175.75
-579414.94,-1266076.24,175.76
-579415.14,-1266075.92,175.80
-579415.32,-1266075.64,175.82
-579415.71,-1266075.03,175.89
-579415.89,-1266074.74,175.91
-579416.09,-1266074.42,175.95
-579416.29,-1266074.11,175.98
-579416.47,-1266073.82,175.99
-579416.68,-1266073.50,176.03
-579416.87,-1266073.19,176.06
-579417.07,-1266072.88,176.08
-579417.26,-1266072.58,176.12
-579417.44,-1266072.29,176.13
-579417.63,-1266072.00,176.17
-579417.82,-1266071.70,176.19
-579418.02,-1266071.39,176.24
-579418.19,-1266071.11,176.26
-579418.40,-1266070.78,176.27
-579414.22,-1266076.69,175.72
-579414.40,-1266076.40,175.74
-579414.58,-1266076.12,175.75
-579414.77,-1266075.82,175.77
-579414.96,-1266075.53,175.79
-579415.15,-1266075.22,175.81
-579415.34,-1266074.93,175.84
-579415.54,-1266074.61,175.88
-579415.72,-1266074.33,175.90
-579415.91,-1266074.02,175.93
-579416.11,-1266073.71,175.96
-579416.30,-1266073.40,175.98
-579416.49,-1266073.10,176.01
-579416.70,-1266072.79,176.04
-579416.89,-1266072.48,176.06
-579417.09,-1266072.16,176.11
-579417.28,-1266071.87,176.13
-579417.46,-1266071.58,176.17
-579417.64,-1266071.29,176.19
-579417.83,-1266070.99,176.22
-579418.02,-1266070.69,176.26
-579418.21,-1266070.40,176.28
-579418.41,-1266070.08,176.28
-579414.08,-1266076.35,175.72
-579414.28,-1266076.04,175.73
-579414.47,-1266075.75,175.75
-579414.65,-1266075.46,175.76
-579414.84,-1266075.16,175.79
-579415.03,-1266074.87,175.80
-579415.22,-1266074.56,175.84
-579415.41,-1266074.26,175.86
-579415.61,-1266073.95,175.89
-579415.98,-1266073.37,175.95
-579416.18,-1266073.05,175.98
-579416.38,-1266072.74,176.01
-579416.56,-1266072.45,176.03
-579416.76,-1266072.14,176.06
-579416.96,-1266071.81,176.09
-579417.16,-1266071.51,176.14
-579417.34,-1266071.21,176.16
-579417.53,-1266070.92,176.19
-579417.71,-1266070.64,176.22
-579417.90,-1266070.34,176.24
-579418.10,-1266070.02,176.28
-579418.28,-1266069.74,176.28
-579414.14,-1266075.69,175.73
-579414.34,-1266075.37,175.75
-579414.53,-1266075.07,175.77
-579414.71,-1266074.79,175.78
-579414.90,-1266074.49,175.81
-579415.08,-1266074.19,175.83
-579415.28,-1266073.88,175.84
-579415.47,-1266073.60,175.88
-579415.67,-1266073.27,175.91
-579415.85,-1266072.99,175.93
-579416.03,-1266072.70,175.97
-579416.23,-1266072.38,175.99
-579416.43,-1266072.07,176.02
-579416.61,-1266071.78,176.06
-579416.82,-1266071.46,176.07
-579417.01,-1266071.15,176.11
-579417.21,-1266070.84,176.15
-579417.40,-1266070.54,176.16
-579417.58,-1266070.25,176.21
-579417.77,-1266069.96,176.23
-579417.95,-1266069.66,176.26
-579418.15,-1266069.36,176.27
-579414.15,-1266074.98,175.75
-579414.35,-1266074.66,175.75
-579414.53,-1266074.37,175.77
-579414.72,-1266074.09,175.78
-579414.90,-1266073.79,175.81
-579415.09,-1266073.50,175.84
-579415.28,-1266073.19,175.86
-579415.67,-1266072.58,175.92
-579415.85,-1266072.29,175.94
-579416.04,-1266071.99,175.98
-579416.24,-1266071.68,176.00
-579416.43,-1266071.37,176.04
-579416.62,-1266071.07,176.07
-579416.82,-1266070.76,176.09
-579417.02,-1266070.44,176.14
-579417.22,-1266070.13,176.16
-579417.40,-1266069.85,176.19
-579417.58,-1266069.55,176.22
-579417.77,-1266069.26,176.25
-579417.95,-1266068.97,176.26
-579418.15,-1266068.65,176.27
-579414.20,-1266074.25,175.75
-579414.40,-1266073.94,175.77
-579414.59,-1266073.64,175.78
-579414.77,-1266073.35,175.79
-579414.96,-1266073.06,175.83
-579415.14,-1266072.77,175.85
-579415.34,-1266072.45,175.88
-579415.53,-1266072.16,175.92
-579415.73,-1266071.84,175.94
-579415.91,-1266071.55,175.97
-579416.09,-1266071.27,176.00
-579416.30,-1266070.94,176.03
-579416.49,-1266070.63,176.06
-579416.67,-1266070.35,176.08
-579416.88,-1266070.02,176.12
-579417.07,-1266069.71,176.14
-579417.27,-1266069.40,176.18
-579417.45,-1266069.11,176.21
-579417.64,-1266068.82,176.23
-579414.01,-1266073.84,175.74
-579414.21,-1266073.53,175.75
-579414.41,-1266073.22,175.77
-579414.60,-1266072.92,175.79
-579414.78,-1266072.63,175.81
-579414.96,-1266072.34,175.84
-579415.15,-1266072.05,175.86
-579415.35,-1266071.73,175.88
-579415.53,-1266071.44,175.92
-579415.73,-1266071.12,175.94
-579415.91,-1266070.83,175.98
-579416.10,-1266070.54,176.02
-579416.30,-1266070.23,176.04
-579416.50,-1266069.91,176.08
-579416.68,-1266069.62,176.11
-579416.88,-1266069.31,176.14
-579417.08,-1266068.99,176.17
-579413.93,-1266073.50,175.72
-579414.13,-1266073.19,175.75
-579414.33,-1266072.87,175.77
-579414.52,-1266072.56,175.78
-579414.71,-1266072.26,175.81
-579414.90,-1266071.97,175.84
-579415.08,-1266071.68,175.86
-579415.26,-1266071.39,175.88
-579415.46,-1266071.07,175.93
-579415.65,-1266070.78,175.94
-579415.84,-1266070.47,175.99
-579416.03,-1266070.17,176.02
-579416.21,-1266069.88,176.04
-579416.41,-1266069.57,176.07
-579416.61,-1266069.25,176.10
-579416.79,-1266068.96,176.13
-579414.10,-1266072.43,175.75
-579414.30,-1266072.12,175.76
-579414.50,-1266071.79,175.78
-579414.68,-1266071.51,175.81
-579414.86,-1266071.22,175.84
-579415.05,-1266070.92,175.87
-579415.23,-1266070.63,175.89
-579415.43,-1266070.32,175.92
-579415.61,-1266070.02,175.95
-579415.99,-1266069.42,176.02
-579416.18,-1266069.12,176.04
-579416.38,-1266068.81,176.08
-579413.72,-1266073.03,175.74
-579413.90,-1266072.74,175.74
-579413.82,-1266072.33,175.74
-579414.01,-1266072.03,175.75
-579414.20,-1266071.73,175.76
-579414.40,-1266071.41,175.80
-579414.61,-1266071.09,175.82
-579414.78,-1266070.81,175.84
-579414.97,-1266070.51,175.88
-579415.16,-1266070.22,175.90
-579415.34,-1266069.93,175.92
-579415.54,-1266069.62,175.95
-579415.72,-1266069.32,175.99
-579415.92,-1266069.01,176.01
-579413.60,-1266071.88,175.73
-579413.80,-1266071.57,175.74
-579413.98,-1266071.28,175.76
-579414.19,-1266070.96,175.78
-579414.38,-1266070.65,175.81
-579414.58,-1266070.34,175.82
-579414.76,-1266070.05,175.86
-579414.95,-1266069.75,175.89
-579415.13,-1266069.47,175.91
-579415.32,-1266069.17,175.94
-579415.52,-1266068.84,175.98
-579413.54,-1266071.53,175.73
-579413.74,-1266071.21,175.74
-579413.93,-1266070.90,175.76
-579414.12,-1266070.60,175.77
-579414.32,-1266070.28,175.81
-579414.51,-1266069.98,175.82
-579414.71,-1266069.67,175.87
-579414.90,-1266069.36,175.89
-579415.08,-1266069.07,175.92
-579415.26,-1266068.78,175.95
-579413.50,-1266070.76,175.72
-579413.70,-1266070.45,175.75
-579413.90,-1266070.13,175.76
-579414.08,-1266069.84,175.78
-579414.28,-1266069.53,175.81
-579414.49,-1266069.20,175.83
-579414.68,-1266068.89,175.88
-579413.56,-1266070.06,175.74
-579413.76,-1266069.73,175.75
-579413.96,-1266069.42,175.78
-579414.14,-1266069.13,175.80
-579413.39,-1266069.63,175.73
-579413.58,-1266069.33,175.75
-579413.77,-1266069.02,175.76
-579413.30,-1266069.23,175.73
-579413.49,-1266068.94,175.75
-579413.62,-1266072.66,175.73
-579413.75,-1266073.78,175.72
-579413.20,-1266069.93,175.71
-579413.20,-1266070.62,175.71
-579413.37,-1266070.35,175.72
-579413.32,-1266071.05,175.71
-579413.36,-1266071.81,175.72
-579412.95,-1266069.11,175.71
-579423.72,-1266067.83,175.73
-579418.01,-1266068.23,176.27
-579417.82,-1266068.53,176.26
-579417.28,-1266068.67,176.20
-579417.46,-1266068.39,176.22
-579417.64,-1266068.10,176.26
-579417.83,-1266067.80,176.28
-579418.01,-1266067.51,176.28
-579416.99,-1266068.65,176.16
-579417.19,-1266068.33,176.19
-579417.39,-1266068.02,176.22
-579417.57,-1266067.73,176.24
-579417.75,-1266067.44,176.28
-579417.94,-1266067.15,176.27
-579416.57,-1266068.50,176.11
-579416.76,-1266068.20,176.15
-579416.96,-1266067.89,176.17
-579417.15,-1266067.58,176.21
-579417.36,-1266067.26,176.23
-579417.54,-1266066.97,176.26
-579417.72,-1266066.68,176.27
-579416.10,-1266068.72,176.06
-579416.29,-1266068.42,176.08
-579416.48,-1266068.11,176.10
-579416.68,-1266067.80,176.15
-579416.87,-1266067.50,176.17
-579417.06,-1266067.19,176.21
-579417.26,-1266066.87,176.23
-579417.46,-1266066.56,176.26
-579417.64,-1266066.28,176.28
-579417.82,-1266065.98,176.28
-579415.69,-1266068.56,176.00
-579415.89,-1266068.25,176.03
-579416.08,-1266067.95,176.06
-579416.26,-1266067.67,176.09
-579416.46,-1266067.35,176.14
-579416.66,-1266067.03,176.16
-579416.84,-1266066.75,176.19
-579417.03,-1266066.43,176.21
-579417.24,-1266066.11,176.24
-579417.43,-1266065.81,176.27
-579417.61,-1266065.51,176.27
-579415.45,-1266068.48,175.97
-579415.65,-1266068.17,176.00
-579415.83,-1266067.89,176.03
-579416.03,-1266067.56,176.07
-579416.21,-1266067.28,176.09
-579416.39,-1266066.99,176.13
-579416.59,-1266066.67,176.16
-579416.79,-1266066.36,176.19
-579416.97,-1266066.07,176.21
-579417.17,-1266065.75,176.24
-579417.37,-1266065.44,176.26
-579417.56,-1266065.12,176.26
-579414.86,-1266068.60,175.89
-579415.05,-1266068.30,175.93
-579415.23,-1266068.02,175.96
-579415.41,-1266067.73,175.99
-579415.61,-1266067.40,176.02
-579415.79,-1266067.12,176.05
-579415.99,-1266066.81,176.08
-579416.18,-1266066.51,176.11
-579416.36,-1266066.22,176.13
-579416.55,-1266065.91,176.16
-579416.75,-1266065.59,176.19
-579416.93,-1266065.31,176.21
-579417.13,-1266064.99,176.25
-579417.32,-1266064.68,176.26
-579417.53,-1266064.36,176.28
-579414.34,-1266068.81,175.83
-579414.53,-1266068.50,175.87
-579414.73,-1266068.18,175.89
-579414.91,-1266067.89,175.93
-579415.10,-1266067.60,175.95
-579415.28,-1266067.30,175.98
-579415.46,-1266067.01,176.01
-579415.66,-1266066.70,176.03
-579415.85,-1266066.41,176.06
-579416.04,-1266066.10,176.09
-579416.22,-1266065.80,176.13
-579416.41,-1266065.51,176.15
-579416.60,-1266065.21,176.18
-579416.80,-1266064.88,176.21
-579416.98,-1266064.59,176.25
-579417.18,-1266064.29,176.27
-579417.38,-1266063.97,176.28
-579414.15,-1266068.41,175.81
-579414.35,-1266068.10,175.83
-579414.55,-1266067.78,175.88
-579414.75,-1266067.47,175.91
-579415.11,-1266066.88,175.97
-579415.30,-1266066.59,176.00
-579415.48,-1266066.30,176.03
-579415.68,-1266065.98,176.05
-579415.86,-1266065.70,176.09
-579416.06,-1266065.38,176.11
-579416.24,-1266065.09,176.13
-579416.42,-1266064.80,176.18
-579416.62,-1266064.48,176.20
-579416.81,-1266064.17,176.24
-579416.99,-1266063.88,176.26
-579417.19,-1266063.56,176.28
-579417.39,-1266063.25,176.29
-579413.97,-1266068.71,175.79
-579416.71,-1266063.79,176.23
-579416.90,-1266063.48,176.26
-579417.09,-1266063.18,176.28
-579417.28,-1266062.87,176.28
-579413.67,-1266068.65,175.77
-579413.87,-1266068.33,175.79
-579414.06,-1266068.02,175.82
-579414.25,-1266067.72,175.85
-579414.44,-1266067.40,175.88
-579414.64,-1266067.10,175.90
-579414.84,-1266066.77,175.93
-579415.02,-1266066.48,175.96
-579415.20,-1266066.20,175.98
-579415.39,-1266065.90,176.02
-579415.57,-1266065.61,176.04
-579415.76,-1266065.31,176.07
-579415.95,-1266065.00,176.11
-579416.14,-1266064.69,176.14
-579416.32,-1266064.40,176.17
-579416.51,-1266064.10,176.20
-579413.33,-1266068.51,175.74
-579413.51,-1266068.21,175.76
-579413.70,-1266067.92,175.78
-579413.89,-1266067.61,175.80
-579414.09,-1266067.29,175.83
-579414.27,-1266067.00,175.86
-579414.47,-1266066.69,175.88
-579414.67,-1266066.37,175.92
-579414.86,-1266066.06,175.96
-579415.05,-1266065.77,175.98
-579415.23,-1266065.47,176.00
-579415.41,-1266065.19,176.04
-579415.59,-1266064.89,176.05
-579415.79,-1266064.57,176.09
-579415.97,-1266064.29,176.12
-579416.17,-1266063.97,176.15
-579416.35,-1266063.68,176.19
-579416.53,-1266063.39,176.22
-579416.73,-1266063.07,176.25
-579416.93,-1266062.75,176.27
-579417.10,-1266062.48,176.28
-579413.36,-1266067.76,175.75
-579413.54,-1266067.48,175.77
-579413.72,-1266067.18,175.79
-579413.93,-1266066.86,175.82
-579414.12,-1266066.56,175.85
-579414.30,-1266066.26,175.87
-579414.50,-1266065.94,175.90
-579414.89,-1266065.32,175.96
-579415.08,-1266065.02,175.99
-579415.26,-1266064.73,176.03
-579415.44,-1266064.44,176.05
-579415.62,-1266064.14,176.08
-579415.82,-1266063.84,176.12
-579416.00,-1266063.54,176.14
-579416.20,-1266063.22,176.17
-579416.38,-1266062.94,176.20
-579416.56,-1266062.64,176.21
-579416.76,-1266062.33,176.26
-579416.95,-1266062.02,176.28
-579413.17,-1266067.35,175.75
-579413.36,-1266067.04,175.77
-579413.55,-1266066.74,175.78
-579413.73,-1266066.45,175.79
-579413.92,-1266066.14,175.82
-579414.30,-1266065.53,175.89
-579414.50,-1266065.22,175.92
-579414.70,-1266064.90,175.95
-579414.90,-1266064.58,175.99
-579415.07,-1266064.30,176.01
-579415.26,-1266064.00,176.04
-579415.44,-1266063.71,176.07
-579415.62,-1266063.42,176.10
-579415.82,-1266063.10,176.13
-579416.00,-1266062.82,176.15
-579416.19,-1266062.50,176.19
-579416.38,-1266062.21,176.20
-579416.56,-1266061.92,176.25
-579416.75,-1266061.61,176.27
-579416.95,-1266061.30,176.28
-579413.06,-1266066.96,175.74
-579413.24,-1266066.67,175.75
-579413.44,-1266066.35,175.77
-579413.62,-1266066.06,175.79
-579413.80,-1266065.77,175.82
-579414.00,-1266065.45,175.85
-579414.20,-1266065.14,175.88
-579414.38,-1266064.85,175.92
-579414.57,-1266064.53,175.94
-579414.77,-1266064.21,175.97
-579414.97,-1266063.90,176.01
-579415.15,-1266063.61,176.05
-579415.33,-1266063.31,176.06
-579415.51,-1266063.03,176.10
-579415.69,-1266062.74,176.12
-579415.89,-1266062.42,176.14
-579416.07,-1266062.13,176.17
-579416.27,-1266061.82,176.20
-579416.45,-1266061.52,176.23
-579416.63,-1266061.23,176.27
-579416.83,-1266060.92,176.28
-579413.13,-1266066.27,175.75
-579413.32,-1266065.97,175.77
-579413.51,-1266065.66,175.78
-579413.69,-1266065.37,175.82
-579413.88,-1266065.07,175.86
-579414.07,-1266064.77,175.87
-579414.27,-1266064.45,175.91
-579414.46,-1266064.15,175.94
-579414.65,-1266063.84,175.97
-579414.84,-1266063.52,176.01
-579415.04,-1266063.21,176.03
-579415.22,-1266062.92,176.06
-579415.40,-1266062.62,176.08
-579415.58,-1266062.34,176.12
-579415.77,-1266062.05,176.14
-579415.96,-1266061.73,176.16
-579416.14,-1266061.44,176.20
-579416.34,-1266061.13,176.23
-579416.52,-1266060.83,176.27
-579416.70,-1266060.55,176.28
-579416.90,-1266060.23,176.28
-579411.96,-1266054.66,175.88
-579412.03,-1266055.08,175.84
-579412.20,-1266054.80,175.89
-579412.40,-1266054.48,175.93
-579411.97,-1266055.90,175.81
-579412.34,-1266055.28,175.88
-579412.51,-1266055.00,175.90
-579412.69,-1266054.71,175.93
-579412.08,-1266056.40,175.83
-579412.27,-1266056.08,175.86
-579412.45,-1266055.79,175.89
-579412.63,-1266055.49,175.90
-579412.82,-1266055.18,175.93
-579413.02,-1266054.86,175.96
-579413.20,-1266054.57,175.99
-579413.59,-1266054.35,176.05
-579412.08,-1266056.81,175.81
-579412.27,-1266056.50,175.85
-579412.45,-1266056.21,175.88
-579412.64,-1266055.91,175.90
-579412.84,-1266055.58,175.92
-579413.01,-1266055.30,175.96
-579413.20,-1266054.99,175.97
-579413.40,-1266054.67,176.01
-579412.19,-1266057.29,175.81
-579412.37,-1266057.00,175.85
-579412.57,-1266056.68,175.88
-579412.76,-1266056.37,175.91
-579412.94,-1266056.08,175.94
-579413.14,-1266055.75,175.96
-579413.32,-1266055.45,175.98
-579413.52,-1266055.12,176.01
-579413.70,-1266054.83,176.03
-579413.87,-1266054.56,176.06
-579414.05,-1266054.26,176.12
-579412.26,-1266057.78,175.81
-579412.45,-1266057.46,175.84
-579412.64,-1266057.15,175.88
-579412.83,-1266056.85,175.89
-579413.01,-1266056.55,175.92
-579413.21,-1266056.23,175.96
-579413.41,-1266055.90,175.98
-579413.58,-1266055.62,176.01
-579413.76,-1266055.34,176.03
-579413.94,-1266055.03,176.06
-579414.12,-1266054.76,176.09
-579414.31,-1266054.44,176.12
-579412.36,-1266058.22,175.81
-579412.73,-1266057.61,175.87
-579412.92,-1266057.30,175.90
-579413.12,-1266056.98,175.94
-579413.31,-1266056.68,175.96
-579413.49,-1266056.38,176.00
-579413.67,-1266056.08,176.01
-579413.84,-1266055.80,176.04
-579414.03,-1266055.50,176.07
-579414.22,-1266055.19,176.09
-579414.40,-1266054.90,176.11
-579414.59,-1266054.58,176.13
-579414.77,-1266054.29,176.18
-579412.40,-1266058.65,175.80
-579412.58,-1266058.36,175.82
-579412.78,-1266058.04,175.86
-579412.97,-1266057.73,175.90
-579413.16,-1266057.41,175.93
-579413.35,-1266057.11,175.95
-579413.53,-1266056.83,176.00
-579413.70,-1266056.54,176.01
-579413.88,-1266056.24,176.03
-579414.08,-1266055.93,176.06
-579414.25,-1266055.64,176.08
-579414.45,-1266055.33,176.11
-579414.63,-1266055.03,176.13
-579414.80,-1266054.75,176.16
-579415.00,-1266054.43,176.21
-579415.19,-1266054.12,176.25
-579412.35,-1266059.43,175.77
-579412.53,-1266059.16,175.81
-579412.73,-1266058.83,175.84
-579412.92,-1266058.52,175.87
-579413.12,-1266058.20,175.90
-579413.29,-1266057.91,175.93
-579413.47,-1266057.62,175.96
-579413.65,-1266057.33,175.99
-579413.83,-1266057.03,176.01
-579414.03,-1266056.72,176.05
-579414.21,-1266056.43,176.07
-579414.40,-1266056.11,176.11
-579414.58,-1266055.82,176.12
-579414.76,-1266055.53,176.15
-579415.14,-1266054.91,176.21
-579415.32,-1266054.61,176.23
-579415.52,-1266054.30,176.27
-579415.71,-1266054.00,176.28
-579412.45,-1266059.93,175.79
-579412.64,-1266059.61,175.82
-579412.83,-1266059.30,175.84
-579413.03,-1266058.98,175.87
-579413.21,-1266058.69,175.90
-579413.39,-1266058.40,175.92
-579413.57,-1266058.10,175.96
-579413.75,-1266057.81,175.99
-579413.94,-1266057.50,176.01
-579414.12,-1266057.20,176.04
-579414.31,-1266056.90,176.08
-579414.50,-1266056.59,176.11
-579414.67,-1266056.31,176.13
-579414.86,-1266056.00,176.16
-579415.06,-1266055.68,176.19
-579415.24,-1266055.39,176.22
-579415.43,-1266055.08,176.23
-579415.63,-1266054.76,176.26
-579415.82,-1266054.45,176.27
-579412.54,-1266060.33,175.78
-579412.74,-1266060.01,175.82
-579412.92,-1266059.71,175.84
-579413.11,-1266059.41,175.88
-579413.29,-1266059.12,175.90
-579413.46,-1266058.83,175.93
-579413.65,-1266058.54,175.96
-579413.84,-1266058.22,175.99
-579414.02,-1266057.94,176.01
-579414.40,-1266057.32,176.07
-579414.57,-1266057.03,176.11
-579414.77,-1266056.71,176.13
-579414.97,-1266056.40,176.16
-579415.14,-1266056.12,176.20
-579415.34,-1266055.79,176.22
-579415.53,-1266055.48,176.25
-579415.72,-1266055.18,176.27
-579415.90,-1266054.88,176.28
-579414.99,-1266056.83,176.15
-579415.19,-1266056.51,176.19
-579415.38,-1266056.19,176.21
-579415.57,-1266055.89,176.23
-579415.75,-1266055.59,176.26
-579415.94,-1266055.29,176.27
-579412.58,-1266060.73,175.78
-579412.78,-1266060.41,175.82
-579412.96,-1266060.12,175.83
-579413.13,-1266059.83,175.86
-579413.31,-1266059.54,175.90
-579413.50,-1266059.25,175.91
-579413.69,-1266058.93,175.95
-579413.87,-1266058.64,175.99
-579414.07,-1266058.32,176.01
-579414.24,-1266058.04,176.03
-579414.42,-1266057.74,176.06
-579414.62,-1266057.43,176.10
-579414.81,-1266057.11,176.12
-579412.55,-1266061.48,175.77
-579412.74,-1266061.16,175.80
-579412.92,-1266060.87,175.82
-579413.10,-1266060.58,175.84
-579413.28,-1266060.29,175.87
-579413.46,-1266060.00,175.90
-579413.66,-1266059.68,175.93
-579413.84,-1266059.39,175.95
-579414.03,-1266059.08,175.99
-579414.21,-1266058.78,176.01
-579414.39,-1266058.49,176.04
-579414.59,-1266058.18,176.08
-579414.78,-1266057.86,176.11
-579414.96,-1266057.57,176.13
-579415.16,-1266057.25,176.16
-579415.35,-1266056.95,176.19
-579415.55,-1266056.63,176.23
-579415.73,-1266056.34,176.25
-579415.90,-1266056.06,176.26
-579416.08,-1266055.75,176.27
-579412.64,-1266061.91,175.77
-579412.81,-1266061.63,175.78
-579413.00,-1266061.33,175.82
-579413.18,-1266061.04,175.84
-579413.35,-1266060.75,175.87
-579413.55,-1266060.43,175.91
-579413.73,-1266060.14,175.93
-579413.92,-1266059.83,175.95
-579414.11,-1266059.54,175.99
-579414.29,-1266059.24,176.02
-579414.48,-1266058.94,176.06
-579414.68,-1266058.62,176.08
-579414.86,-1266058.32,176.11
-579415.05,-1266058.01,176.13
-579415.24,-1266057.70,176.16
-579415.44,-1266057.38,176.20
-579415.62,-1266057.10,176.23
-579415.80,-1266056.80,176.25
-579415.98,-1266056.50,176.26
-579412.61,-1266062.66,175.76
-579412.79,-1266062.36,175.78
-579412.97,-1266062.08,175.81
-579413.15,-1266061.78,175.82
-579413.33,-1266061.48,175.86
-579413.53,-1266061.18,175.89
-579413.71,-1266060.88,175.91
-579413.91,-1266060.56,175.95
-579414.08,-1266060.28,175.97
-579414.26,-1266059.98,176.00
-579414.46,-1266059.67,176.03
-579414.66,-1266059.35,176.06
-579414.83,-1266059.07,176.10
-579415.03,-1266058.75,176.12
-579415.23,-1266058.44,176.15
-579415.42,-1266058.12,176.17
-579415.60,-1266057.83,176.21
-579415.78,-1266057.54,176.23
-579415.96,-1266057.26,176.26
-579416.14,-1266056.96,176.27
-579412.69,-1266063.08,175.76
-579412.87,-1266062.78,175.78
-579413.05,-1266062.50,175.80
-579413.23,-1266062.20,175.82
-579413.43,-1266061.88,175.86
-579413.60,-1266061.60,175.89
-579413.80,-1266061.28,175.91
-579413.98,-1266060.99,175.94
-579414.16,-1266060.70,175.97
-579414.36,-1266060.38,176.01
-579414.55,-1266060.07,176.04
-579414.73,-1266059.77,176.06
-579414.93,-1266059.45,176.09
-579415.12,-1266059.15,176.12
-579415.32,-1266058.83,176.14
-579415.50,-1266058.55,176.17
-579415.68,-1266058.25,176.21
-579415.86,-1266057.96,176.22
-579416.04,-1266057.67,176.26
-579416.23,-1266057.36,176.27
-579416.41,-1266057.06,176.27
-579412.81,-1266063.51,175.76
-579412.99,-1266063.21,175.79
-579413.17,-1266062.92,175.81
-579413.37,-1266062.61,175.84
-579413.55,-1266062.31,175.86
-579413.75,-1266062.00,175.89
-579413.93,-1266061.71,175.93
-579414.11,-1266061.41,175.95
-579414.30,-1266061.10,175.99
-579414.50,-1266060.79,176.01
-579414.68,-1266060.49,176.05
-579414.88,-1266060.18,176.08
-579415.07,-1266059.87,176.11
-579415.27,-1266059.55,176.13
-579415.45,-1266059.26,176.16
-579415.62,-1266058.98,176.18
-579415.81,-1266058.68,176.21
-579415.99,-1266058.39,176.24
-579416.18,-1266058.08,176.26
-579416.36,-1266057.79,176.27
-579412.91,-1266063.96,175.76
-579413.09,-1266063.68,175.79
-579413.29,-1266063.36,175.81
-579413.47,-1266063.07,175.84
-579413.66,-1266062.76,175.87
-579413.84,-1266062.46,175.89
-579414.03,-1266062.17,175.93
-579414.22,-1266061.86,175.96
-579414.42,-1266061.54,175.98
-579414.60,-1266061.24,176.01
-579414.79,-1266060.93,176.04
-579414.99,-1266060.62,176.06
-579415.19,-1266060.30,176.11
-579415.36,-1266060.01,176.12
-579415.54,-1266059.73,176.17
-579415.73,-1266059.43,176.20
-579415.91,-1266059.14,176.21
-579416.10,-1266058.83,176.25
-579416.28,-1266058.54,176.26
-579416.48,-1266058.22,176.26
-579412.89,-1266064.69,175.75
-579413.08,-1266064.38,175.77
-579413.27,-1266064.08,175.80
-579413.45,-1266063.79,175.82
-579413.65,-1266063.46,175.86
-579413.83,-1266063.18,175.88
-579414.01,-1266062.89,175.92
-579414.21,-1266062.57,175.93
-579414.40,-1266062.25,175.97
-579414.58,-1266061.96,176.00
-579414.78,-1266061.65,176.03
-579414.97,-1266061.33,176.06
-579415.17,-1266061.02,176.09
-579415.35,-1266060.73,176.11
-579415.53,-1266060.43,176.14
-579415.71,-1266060.15,176.17
-579415.89,-1266059.86,176.22
-579416.09,-1266059.54,176.23
-579416.27,-1266059.25,176.26
-579416.46,-1266058.94,176.28
-579416.64,-1266058.64,176.28
-579413.01,-1266065.10,175.75
-579413.20,-1266064.78,175.78
-579413.38,-1266064.49,175.80
-579413.58,-1266064.17,175.83
-579413.76,-1266063.88,175.86
-579413.94,-1266063.59,175.88
-579414.14,-1266063.28,175.92
-579414.34,-1266062.96,175.94
-579414.52,-1266062.67,175.98
-579414.71,-1266062.35,176.00
-579414.91,-1266062.04,176.04
-579415.10,-1266061.73,176.07
-579415.28,-1266061.44,176.10
-579415.47,-1266061.14,176.12
-579415.65,-1266060.85,176.15
-579415.82,-1266060.56,176.17
-579416.02,-1266060.24,176.22
-579416.20,-1266059.96,176.24
-579416.40,-1266059.65,176.27
-579416.58,-1266059.35,176.28
-579412.98,-1266065.84,175.74
-579413.18,-1266065.52,175.77
-579413.36,-1266065.23,175.78
-579413.56,-1266064.91,175.80
-579413.74,-1266064.62,175.85
-579413.92,-1266064.33,175.86
-579414.12,-1266064.02,175.90
-579414.31,-1266063.71,175.93
-579414.50,-1266063.41,175.96
-579414.70,-1266063.09,176.00
-579414.89,-1266062.78,176.02
-579415.09,-1266062.46,176.06
-579415.27,-1266062.17,176.08
-579415.45,-1266061.89,176.11
-579415.63,-1266061.59,176.14
-579415.81,-1266061.30,176.17
-579416.19,-1266060.69,176.23
-579416.39,-1266060.38,176.27
-579416.56,-1266060.10,176.27
-579416.75,-1266059.80,176.28
-579413.14,-1266068.81,175.73
-579413.16,-1266068.08,175.74
-579412.86,-1266067.27,175.72
-579412.79,-1266067.96,175.72
-579412.99,-1266067.64,175.73
-579412.76,-1266066.87,175.71
-579412.94,-1266066.59,175.72
-579412.46,-1266065.96,175.71
-579412.65,-1266065.67,175.72
-579412.82,-1266065.39,175.74
-579412.62,-1266066.43,175.72
-579412.80,-1266066.13,175.73
-579412.53,-1266065.26,175.72
-579412.71,-1266064.98,175.74
-579412.37,-1266064.84,175.73
-579412.54,-1266064.55,175.74
-579412.73,-1266064.25,175.75
-579412.25,-1266064.40,175.74
-579412.45,-1266064.08,175.74
-579412.63,-1266063.79,175.75
-579412.12,-1266063.99,175.73
-579412.31,-1266063.69,175.74
-579412.51,-1266063.37,175.75
-579412.22,-1266063.28,175.74
-579412.41,-1266062.97,175.75
-579412.05,-1266062.86,175.72
-579412.24,-1266062.55,175.74
-579412.44,-1266062.23,175.76
-579411.98,-1266062.39,175.72
-579412.15,-1266062.11,175.74
-579412.35,-1266061.80,175.76
-579412.01,-1266061.65,175.73
-579412.39,-1266061.04,175.76
-579411.97,-1266061.25,175.74
-579412.16,-1266060.94,175.74
-579412.34,-1266060.64,175.76
-579411.88,-1266060.85,175.74
-579412.07,-1266060.53,175.75
-579412.27,-1266060.21,175.77
-579411.78,-1266060.36,175.73
-579411.96,-1266060.08,175.74
-579412.16,-1266059.76,175.76
-579411.83,-1266059.57,175.73
-579412.01,-1266059.28,175.75
-579412.21,-1266058.96,175.77
-579411.81,-1266059.12,175.74
-579411.98,-1266058.83,175.76
-579412.16,-1266058.54,175.77
-579412.08,-1266058.07,175.78
-579411.70,-1266058.68,175.75
-579411.82,-1266057.89,175.76
-579412.02,-1266057.58,175.79
-579411.72,-1266057.40,175.76
-579411.90,-1266057.12,175.79
-579411.71,-1266057.00,175.78
-579411.90,-1266056.68,175.81
-579411.59,-1266056.51,175.78
-579411.77,-1266056.21,175.78
-579411.65,-1266055.70,175.78
-579411.83,-1266055.40,175.80
-579411.47,-1266055.99,175.76
-579411.61,-1266055.24,175.79
-579411.79,-1266054.94,175.80
-579411.70,-1266061.13,175.73
-579411.60,-1266060.64,175.72
-579411.66,-1266059.86,175.73
-579411.43,-1266059.72,175.72
-579411.61,-1266059.44,175.72
-579411.52,-1266058.98,175.72
-579411.34,-1266058.02,175.74
-579411.53,-1266057.71,175.75
-579411.35,-1266057.59,175.75
-579411.53,-1266057.30,175.76
-579411.06,-1266057.37,175.74
-579411.24,-1266057.08,175.75
-579411.42,-1266056.79,175.76
-579411.12,-1266056.57,175.74
-579411.30,-1266056.27,175.75
-579410.86,-1266056.45,175.74
-579411.06,-1266056.14,175.75
-579411.25,-1266055.82,175.75
-579411.42,-1266055.54,175.77
-579410.83,-1266056.01,175.75
-579411.02,-1266055.71,175.75
-579411.21,-1266055.39,175.77
-579411.41,-1266055.06,175.78
-579410.77,-1266055.55,175.74
-579410.93,-1266055.27,175.76
-579411.13,-1266054.96,175.79
-579411.32,-1266054.64,175.83
-579416.19,-1266090.41,174.65
-579422.30,-1266088.42,175.94
-579416.16,-1266090.83,174.65
-579422.51,-1266089.04,175.94
-579422.52,-1266089.50,175.93
-579422.74,-1266090.58,175.95
-579422.78,-1266091.13,175.94
-579423.03,-1266091.89,175.95
-579422.95,-1266092.14,175.94
-579423.01,-1266092.74,175.95
-579417.19,-1266095.02,174.69
-579416.88,-1266095.15,174.66
-579423.24,-1266093.51,175.96
-579417.76,-1266095.66,174.75
-579417.44,-1266095.79,174.72
-579418.30,-1266095.77,174.82
-579418.01,-1266095.88,174.77
-579417.70,-1266096.01,174.74
-579419.55,-1266095.74,174.95
-579419.21,-1266095.87,174.91
-579418.89,-1266096.00,174.86
-579418.59,-1266096.12,174.83
-579418.28,-1266096.24,174.79
-579417.98,-1266096.36,174.75
-579420.80,-1266095.76,175.09
-579420.47,-1266095.90,175.05
-579420.14,-1266096.03,175.01
-579419.85,-1266096.15,174.96
-579419.52,-1266096.28,174.92
-579419.19,-1266096.41,174.88
-579418.87,-1266096.54,174.84
-579418.57,-1266096.66,174.82
-579418.26,-1266096.78,174.78
-579417.97,-1266096.90,174.75
-579417.65,-1266097.02,174.74
-579417.33,-1266097.15,174.72
-579422.30,-1266095.45,175.23
-579421.97,-1266095.58,175.22
-579421.67,-1266095.70,175.18
-579421.34,-1266095.83,175.14
-579421.04,-1266095.96,175.11
-579420.74,-1266096.07,175.06
-579420.41,-1266096.20,175.02
-579420.08,-1266096.34,174.99
-579419.78,-1266096.45,174.94
-579419.46,-1266096.58,174.92
-579419.13,-1266096.71,174.86
-579418.80,-1266096.84,174.83
-579418.50,-1266096.96,174.80
-579418.21,-1266097.08,174.77
-579417.90,-1266097.21,174.75
-579417.59,-1266097.33,174.74
-579422.26,-1266095.90,175.22
-579421.93,-1266096.04,175.20
-579421.63,-1266096.15,175.16
-579421.30,-1266096.28,175.12
-579420.99,-1266096.41,175.09
-579420.70,-1266096.52,175.05
-579420.38,-1266096.65,175.02
-579420.04,-1266096.78,174.97
-579419.74,-1266096.91,174.94
-579419.42,-1266097.03,174.89
-579419.09,-1266097.16,174.87
-579418.76,-1266097.30,174.83
-579418.46,-1266097.42,174.78
-579418.16,-1266097.53,174.76
-579417.86,-1266097.65,174.75
-579422.58,-1266096.24,175.22
-579422.27,-1266096.37,175.22
-579421.96,-1266096.49,175.20
-579421.65,-1266096.61,175.15
-579421.32,-1266096.74,175.12
-579421.03,-1266096.86,175.08
-579420.71,-1266096.98,175.05
-579420.38,-1266097.12,175.01
-579420.07,-1266097.24,174.97
-579419.76,-1266097.36,174.94
-579419.43,-1266097.49,174.89
-579419.11,-1266097.62,174.85
-579418.78,-1266097.75,174.83
-579418.48,-1266097.87,174.78
-579418.18,-1266097.99,174.75
-579417.57,-1266098.24,174.74
-579422.53,-1266096.68,175.22
-579422.24,-1266096.80,175.22
-579421.91,-1266096.93,175.17
-579421.60,-1266097.05,175.14
-579421.29,-1266097.18,175.10
-579420.98,-1266097.30,175.06
-579420.67,-1266097.42,175.03
-579420.35,-1266097.55,175.00
-579420.02,-1266097.68,174.96
-579419.72,-1266097.80,174.92
-579419.40,-1266097.93,174.87
-579419.08,-1266098.05,174.85
-579418.74,-1266098.19,174.80
-579418.44,-1266098.31,174.77
-579417.83,-1266098.55,174.74
-579417.54,-1266098.67,174.74
-579422.50,-1266097.07,175.22
-579422.20,-1266097.19,175.20
-579421.87,-1266097.32,175.16
-579421.58,-1266097.44,175.14
-579421.25,-1266097.57,175.07
-579420.94,-1266097.69,175.05
-579420.64,-1266097.81,175.02
-579420.31,-1266097.94,174.97
-579419.98,-1266098.07,174.94
-579419.69,-1266098.19,174.92
-579419.36,-1266098.32,174.86
-579419.03,-1266098.45,174.84
-579418.71,-1266098.58,174.79
-579418.41,-1266098.70,174.76
-579418.10,-1266098.82,174.75
-579417.81,-1266098.94,174.74
-579422.49,-1266097.56,175.22
-579422.19,-1266097.68,175.18
-579421.87,-1266097.81,175.16
-579421.56,-1266097.93,175.11
-579421.24,-1266098.06,175.07
-579420.94,-1266098.18,175.05
-579420.63,-1266098.30,175.01
-579420.31,-1266098.43,174.97
-579419.98,-1266098.56,174.93
-579419.68,-1266098.68,174.89
-579419.36,-1266098.81,174.86
-579419.02,-1266098.94,174.83
-579418.70,-1266099.07,174.79
-579418.40,-1266099.19,174.76
-579418.09,-1266099.31,174.74
-579422.77,-1266097.84,175.22
-579422.47,-1266097.96,175.22
-579422.17,-1266098.08,175.17
-579421.84,-1266098.22,175.15
-579421.54,-1266098.33,175.11
-579421.22,-1266098.46,175.07
-579420.91,-1266098.58,175.03
-579420.61,-1266098.70,175.00
-579420.29,-1266098.83,174.96
-579419.96,-1266098.96,174.93
-579419.66,-1266099.08,174.89
-579419.33,-1266099.21,174.85
-579419.01,-1266099.34,174.80
-579418.68,-1266099.47,174.76
-579418.37,-1266099.60,174.75
-579418.08,-1266099.71,174.74
-579417.77,-1266099.84,174.72
-579422.72,-1266098.32,175.22
-579422.42,-1266098.45,175.19
-579422.12,-1266098.56,175.17
-579421.79,-1266098.70,175.13
-579421.48,-1266098.82,175.07
-579421.17,-1266098.94,175.05
-579420.86,-1266099.07,175.03
-579420.56,-1266099.19,174.99
-579420.24,-1266099.31,174.96
-579419.91,-1266099.44,174.91
-579419.60,-1266099.57,174.87
-579419.28,-1266099.69,174.84
-579418.96,-1266099.82,174.80
-579418.62,-1266099.96,174.76
-579418.33,-1266100.07,174.75
-579418.02,-1266100.20,174.73
-579422.96,-1266098.61,175.22
-579422.66,-1266098.73,175.21
-579422.36,-1266098.84,175.18
-579422.05,-1266098.97,175.15
-579421.73,-1266099.10,175.11
-579421.43,-1266099.22,175.07
-579421.10,-1266099.35,175.04
-579420.80,-1266099.47,175.00
-579420.50,-1266099.58,174.96
-579420.17,-1266099.72,174.93
-579419.85,-1266099.85,174.90
-579419.55,-1266099.97,174.86
-579418.89,-1266100.23,174.78
-579418.57,-1266100.35,174.76
-579418.26,-1266100.48,174.74
-579417.96,-1266100.60,174.72
-579421.66,-1266099.54,175.09
-579421.36,-1266099.66,175.07
-579421.03,-1266099.79,175.02
-579420.73,-1266099.91,174.99
-579420.43,-1266100.03,174.96
-579420.10,-1266100.17,174.92
-579419.78,-1266100.29,174.88
-579419.48,-1266100.41,174.86
-579419.15,-1266100.54,174.82
-579418.82,-1266100.67,174.77
-579418.49,-1266100.80,174.74
-579418.20,-1266100.92,174.73
-579417.89,-1266101.04,174.72
-579422.89,-1266099.05,175.21
-579422.60,-1266099.17,175.21
-579422.29,-1266099.29,175.17
-579421.99,-1266099.41,175.15
-579420.71,-1266100.40,174.98
-579420.40,-1266100.53,174.94
-579420.07,-1266100.66,174.90
-579419.75,-1266100.79,174.87
-579419.45,-1266100.91,174.84
-579418.80,-1266101.17,174.77
-579418.47,-1266101.30,174.75
-579418.17,-1266101.42,174.72
-579422.86,-1266099.55,175.21
-579422.56,-1266099.67,175.19
-579422.26,-1266099.79,175.16
-579421.96,-1266099.91,175.13
-579421.63,-1266100.04,175.08
-579421.33,-1266100.16,175.06
-579421.01,-1266100.29,175.01
-579422.80,-1266099.97,175.21
-579422.49,-1266100.09,175.18
-579422.19,-1266100.21,175.15
-579421.89,-1266100.33,175.12
-579421.57,-1266100.46,175.08
-579421.26,-1266100.58,175.03
-579420.94,-1266100.71,175.01
-579420.64,-1266100.83,174.97
-579420.33,-1266100.95,174.92
-579420.01,-1266101.08,174.89
-579419.68,-1266101.21,174.86
-579419.37,-1266101.33,174.82
-579419.06,-1266101.46,174.79
-579418.72,-1266101.59,174.75
-579418.40,-1266101.72,174.74
-579418.10,-1266101.84,174.72
-579423.05,-1266100.28,175.21
-579422.74,-1266100.41,175.20
-579422.44,-1266100.53,175.17
-579422.14,-1266100.65,175.13
-579421.83,-1266100.77,175.10
-579421.51,-1266100.90,175.06
-579421.21,-1266101.01,175.03
-579420.88,-1266101.15,174.99
-579420.58,-1266101.27,174.95
-579420.29,-1266101.38,174.91
-579419.95,-1266101.52,174.88
-579419.63,-1266101.65,174.84
-579419.33,-1266101.76,174.81
-579419.00,-1266101.90,174.77
-579418.67,-1266102.03,174.75
-579418.36,-1266102.15,174.72
-579418.05,-1266102.28,174.71
-579423.30,-1266100.62,175.22
-579422.98,-1266100.74,175.21
-579422.67,-1266100.86,175.18
-579422.37,-1266100.98,175.15
-579422.07,-1266101.10,175.13
-579421.77,-1266101.22,175.08
-579421.44,-1266101.36,175.05
-579421.14,-1266101.47,175.01
-579420.82,-1266101.60,174.97
-579420.51,-1266101.73,174.92
-579420.22,-1266101.84,174.90
-579419.89,-1266101.98,174.86
-579419.56,-1266102.11,174.83
-579419.26,-1266102.22,174.79
-579418.94,-1266102.35,174.75
-579418.61,-1266102.48,174.73
-579418.29,-1266102.61,174.71
-579423.24,-1266101.04,175.21
-579422.92,-1266101.16,175.20
-579422.63,-1266101.28,175.17
-579422.32,-1266101.40,175.13
-579422.02,-1266101.52,175.11
-579421.72,-1266101.64,175.07
-579421.39,-1266101.78,175.03
-579421.09,-1266101.89,174.99
-579420.77,-1266102.02,174.96
-579420.46,-1266102.15,174.91
-579420.16,-1266102.26,174.87
-579419.84,-1266102.39,174.84
-579419.52,-1266102.52,174.80
-579419.21,-1266102.64,174.77
-579418.88,-1266102.78,174.74
-579418.56,-1266102.90,174.72
-579418.23,-1266103.03,174.69
-579423.17,-1266101.45,175.21
-579422.84,-1266101.58,175.18
-579422.55,-1266101.70,175.15
-579422.24,-1266101.82,175.11
-579421.93,-1266101.94,175.09
-579421.64,-1266102.06,175.06
-579421.01,-1266102.31,174.97
-579420.68,-1266102.44,174.93
-579420.38,-1266102.56,174.90
-579420.08,-1266102.68,174.86
-579419.76,-1266102.81,174.82
-579419.43,-1266102.94,174.78
-579419.12,-1266103.06,174.75
-579418.81,-1266103.19,174.74
-579418.48,-1266103.32,174.71
-579423.45,-1266101.83,175.21
-579423.14,-1266101.96,175.21
-579422.50,-1266102.21,175.14
-579422.20,-1266102.33,175.10
-579421.91,-1266102.45,175.07
-579421.60,-1266102.57,175.04
-579421.28,-1266102.70,174.99
-579420.98,-1266102.82,174.95
-579420.65,-1266102.95,174.93
-579420.35,-1266103.07,174.87
-579420.05,-1266103.19,174.85
-579419.73,-1266103.32,174.81
-579419.39,-1266103.45,174.78
-579419.10,-1266103.56,174.75
-579418.77,-1266103.69,174.72
-579418.44,-1266103.83,174.70
-579423.38,-1266102.31,175.22
-579423.06,-1266102.44,175.20
-579422.73,-1266102.57,175.16
-579422.43,-1266102.69,175.11
-579422.13,-1266102.81,175.08
-579421.83,-1266102.93,175.06
-579421.53,-1266103.05,175.01
-579421.20,-1266103.18,174.97
-579420.90,-1266103.30,174.94
-579420.58,-1266103.43,174.89
-579420.27,-1266103.55,174.86
-579419.97,-1266103.67,174.82
-579419.65,-1266103.80,174.80
-579419.32,-1266103.93,174.75
-579419.02,-1266104.05,174.74
-579418.70,-1266104.18,174.71
-579422.65,-1266103.01,175.13
-579422.36,-1266103.12,175.09
-579422.06,-1266103.24,175.07
-579421.76,-1266103.37,175.04
-579421.46,-1266103.48,174.99
-579421.14,-1266103.61,174.96
-579420.83,-1266103.74,174.90
-579420.50,-1266103.86,174.87
-579420.21,-1266103.98,174.85
-579419.90,-1266104.11,174.81
-579419.57,-1266104.24,174.77
-579419.25,-1266104.36,174.74
-579418.95,-1266104.48,174.72
-579418.62,-1266104.62,174.70
-579423.31,-1266102.75,175.21
-579422.99,-1266102.87,175.19
-579423.50,-1266103.02,175.21
-579423.18,-1266103.14,175.20
-579422.85,-1266103.27,175.15
-579422.52,-1266103.40,175.11
-579422.23,-1266103.52,175.07
-579421.93,-1266103.64,175.05
-579421.62,-1266103.76,175.01
-579421.33,-1266103.88,174.97
-579421.00,-1266104.01,174.93
-579420.70,-1266104.13,174.89
-579420.38,-1266104.26,174.86
-579420.07,-1266104.38,174.82
-579419.77,-1266104.50,174.78
-579419.45,-1266104.63,174.76
-579419.12,-1266104.76,174.74
-579418.82,-1266104.88,174.71
-579418.49,-1266105.01,174.69
-579423.47,-1266103.51,175.21
-579423.13,-1266103.64,175.19
-579422.81,-1266103.77,175.13
-579422.49,-1266103.89,175.09
-579422.18,-1266104.02,175.06
-579421.88,-1266104.14,175.03
-579421.59,-1266104.25,174.98
-579421.28,-1266104.38,174.96
-579420.95,-1266104.51,174.91
-579420.66,-1266104.63,174.88
-579420.33,-1266104.76,174.84
-579420.02,-1266104.88,174.80
-579419.73,-1266105.00,174.77
-579419.40,-1266105.13,174.74
-579419.07,-1266105.26,174.72
-579418.78,-1266105.38,174.69
-579423.68,-1266103.85,175.21
-579423.39,-1266103.96,175.20
-579423.07,-1266104.09,175.18
-579422.73,-1266104.22,175.11
-579422.42,-1266104.35,175.08
-579422.11,-1266104.47,175.03
-579421.81,-1266104.59,175.01
-579421.51,-1266104.71,174.97
-579421.21,-1266104.83,174.95
-579420.88,-1266104.96,174.89
-579420.58,-1266105.08,174.86
-579420.26,-1266105.21,174.83
-579419.95,-1266105.33,174.78
-579419.65,-1266105.45,174.76
-579419.33,-1266105.58,174.72
-579419.00,-1266105.71,174.70
-579423.65,-1266104.29,175.20
-579423.34,-1266104.41,175.19
-579423.02,-1266104.54,175.15
-579422.70,-1266104.67,175.11
-579422.37,-1266104.80,175.07
-579422.06,-1266104.92,175.03
-579421.77,-1266105.04,174.99
-579421.46,-1266105.17,174.96
-579421.16,-1266105.28,174.93
-579420.84,-1266105.41,174.88
-579420.53,-1266105.54,174.84
-579420.21,-1266105.66,174.80
-579419.91,-1266105.78,174.77
-579419.61,-1266105.90,174.74
-579419.28,-1266106.03,174.72
-579418.96,-1266106.16,174.69
-579423.59,-1266104.79,175.20
-579423.28,-1266104.91,175.16
-579422.96,-1266105.04,175.12
-579422.63,-1266105.17,175.09
-579422.01,-1266105.42,175.00
-579421.70,-1266105.54,174.97
-579421.40,-1266105.66,174.95
-579421.11,-1266105.78,174.91
-579420.78,-1266105.91,174.87
-579420.47,-1266106.03,174.81
-579420.16,-1266106.15,174.79
-579419.85,-1266106.28,174.75
-579419.55,-1266106.40,174.72
-579419.23,-1266106.53,174.69
-579418.90,-1266106.66,174.68
-579423.83,-1266105.06,175.20
-579423.51,-1266105.19,175.19
-579423.22,-1266105.30,175.15
-579422.89,-1266105.43,175.11
-579422.55,-1266105.57,175.07
-579422.24,-1266105.69,175.03
-579421.94,-1266105.81,174.99
-579421.63,-1266105.94,174.96
-579421.34,-1266106.05,174.93
-579421.03,-1266106.17,174.89
-579420.70,-1266106.30,174.85
-579420.41,-1266106.42,174.81
-579420.08,-1266106.55,174.78
-579419.78,-1266106.67,174.73
-579419.48,-1266106.79,174.72
-579419.15,-1266106.92,174.69
-579423.76,-1266105.48,175.20
-579423.44,-1266105.61,175.16
-579423.13,-1266105.73,175.13
-579422.81,-1266105.86,175.09
-579422.48,-1266105.99,175.06
-579422.16,-1266106.12,175.01
-579421.86,-1266106.24,174.99
-579421.55,-1266106.36,174.94
-579421.26,-1266106.48,174.92
-579420.95,-1266106.60,174.87
-579420.63,-1266106.73,174.84
-579420.33,-1266106.85,174.79
-579420.00,-1266106.98,174.76
-579419.70,-1266107.10,174.72
-579419.40,-1266107.22,174.71
-579424.03,-1266105.84,175.20
-579423.70,-1266105.97,175.19
-579423.37,-1266106.10,175.15
-579423.08,-1266106.22,175.11
-579422.75,-1266106.35,175.09
-579422.43,-1266106.48,175.03
-579422.10,-1266106.61,174.99
-579421.80,-1266106.73,174.97
-579421.50,-1266106.85,174.93
-579421.20,-1266106.97,174.90
-579420.90,-1266107.09,174.86
-579420.58,-1266107.22,174.82
-579420.27,-1266107.34,174.78
-579419.95,-1266107.47,174.75
-579419.65,-1266107.59,174.72
-579419.34,-1266107.71,174.71
-579419.02,-1266107.84,174.68
-579423.95,-1266106.28,175.20
-579423.63,-1266106.41,175.19
-579423.30,-1266106.55,175.13
-579422.99,-1266106.67,175.11
-579422.67,-1266106.79,175.06
-579422.35,-1266106.92,175.03
-579422.01,-1266107.06,174.98
-579421.73,-1266107.17,174.96
-579421.42,-1266107.29,174.92
-579421.12,-1266107.41,174.89
-579420.83,-1266107.53,174.86
-579420.49,-1266107.66,174.82
-579420.19,-1266107.78,174.78
-579419.88,-1266107.91,174.75
-579419.26,-1266108.15,174.69
-579423.91,-1266106.86,175.20
-579423.59,-1266106.98,175.16
-579423.27,-1266107.11,175.12
-579422.96,-1266107.24,175.09
-579422.63,-1266107.36,175.05
-579422.31,-1266107.49,175.01
-579421.99,-1266107.62,174.97
-579421.68,-1266107.74,174.94
-579421.38,-1266107.87,174.90
-579421.08,-1266107.98,174.87
-579420.78,-1266108.10,174.84
-579420.45,-1266108.23,174.80
-579420.17,-1266108.35,174.78
-579419.83,-1266108.48,174.72
-579419.53,-1266108.60,174.70
-579419.24,-1266108.72,174.69
-579424.10,-1266107.15,175.21
-579423.79,-1266107.27,175.19
-579423.47,-1266107.40,175.15
-579423.15,-1266107.53,175.12
-579422.84,-1266107.65,175.07
-579422.52,-1266107.78,175.03
-579422.20,-1266107.91,174.99
-579421.87,-1266108.04,174.96
-579421.57,-1266108.16,174.92
-579421.27,-1266108.28,174.88
-579420.96,-1266108.40,174.85
-579420.66,-1266108.52,174.82
-579420.34,-1266108.65,174.78
-579420.04,-1266108.77,174.75
-579419.71,-1266108.90,174.72
-579419.42,-1266109.02,174.70
-579424.30,-1266107.43,175.21
-579423.99,-1266107.55,175.20
-579423.70,-1266107.67,175.17
-579423.36,-1266107.81,175.13
-579423.04,-1266107.93,175.10
-579422.75,-1266108.05,175.06
-579422.42,-1266108.18,175.03
-579422.09,-1266108.31,174.98
-579421.78,-1266108.44,174.94
-579421.47,-1266108.56,174.91
-579421.16,-1266108.68,174.87
-579420.87,-1266108.80,174.84
-579420.57,-1266108.92,174.80
-579420.24,-1266109.05,174.77
-579419.95,-1266109.16,174.73
-579419.62,-1266109.30,174.72
-579419.31,-1266109.42,174.69
-579424.20,-1266107.94,175.21
-579423.91,-1266108.05,175.19
-579423.61,-1266108.17,175.16
-579423.28,-1266108.31,175.13
-579422.96,-1266108.43,175.09
-579422.66,-1266108.55,175.04
-579422.32,-1266108.69,174.99
-579422.00,-1266108.82,174.96
-579421.68,-1266108.94,174.91
-579421.38,-1266109.07,174.88
-579421.08,-1266109.18,174.86
-579420.78,-1266109.30,174.82
-579420.47,-1266109.43,174.78
-579420.15,-1266109.55,174.74
-579419.85,-1266109.67,174.73
-579419.52,-1266109.80,174.70
-579424.47,-1266108.35,175.22
-579424.15,-1266108.47,175.21
-579423.85,-1266108.59,175.17
-579423.54,-1266108.72,175.15
-579423.23,-1266108.84,175.11
-579422.59,-1266109.10,175.03
-579422.28,-1266109.22,174.98
-579421.94,-1266109.35,174.94
-579421.62,-1266109.48,174.91
-579421.33,-1266109.60,174.87
-579421.02,-1266109.72,174.84
-579420.72,-1266109.84,174.80
-579420.42,-1266109.96,174.77
-579420.09,-1266110.09,174.73
-579419.79,-1266110.21,174.72
-579419.47,-1266110.34,174.69
-579424.37,-1266108.77,175.21
-579424.04,-1266108.90,175.19
-579423.74,-1266109.02,175.16
-579423.44,-1266109.14,175.13
-579423.11,-1266109.27,175.09
-579422.78,-1266109.40,175.04
-579422.49,-1266109.52,175.02
-579422.17,-1266109.64,174.97
-579421.83,-1266109.78,174.94
-579421.51,-1266109.91,174.87
-579421.22,-1266110.02,174.86
-579420.91,-1266110.15,174.81
-579420.61,-1266110.26,174.79
-579420.31,-1266110.39,174.75
-579419.98,-1266110.52,174.73
-579419.68,-1266110.64,174.72
-579424.57,-1266109.09,175.22
-579424.27,-1266109.21,175.22
-579423.96,-1266109.33,175.17
-579423.65,-1266109.46,175.15
-579423.34,-1266109.58,175.11
-579423.03,-1266109.70,175.08
-579422.69,-1266109.84,175.04
-579422.39,-1266109.96,175.01
-579422.08,-1266110.08,174.97
-579421.74,-1266110.21,174.92
-579421.42,-1266110.35,174.87
-579421.12,-1266110.46,174.85
-579420.82,-1266110.59,174.80
-579420.51,-1266110.71,174.77
-579420.22,-1266110.82,174.75
-579419.89,-1266110.95,174.73
-579424.45,-1266109.56,175.22
-579424.16,-1266109.68,175.19
-579423.83,-1266109.81,175.16
-579423.53,-1266109.93,175.13
-579423.23,-1266110.05,175.09
-579422.90,-1266110.18,175.04
-579422.58,-1266110.31,175.02
-579422.28,-1266110.43,174.97
-579421.95,-1266110.56,174.95
-579421.63,-1266110.69,174.91
-579421.00,-1266110.94,174.81
-579420.70,-1266111.06,174.78
-579420.40,-1266111.18,174.75
-579420.10,-1266111.30,174.73
-579424.41,-1266110.07,175.22
-579424.10,-1266110.20,175.17
-579423.77,-1266110.33,175.14
-579423.48,-1266110.44,175.10
-579423.17,-1266110.57,175.06
-579422.85,-1266110.70,175.04
-579422.53,-1266110.82,175.00
-579422.22,-1266110.95,174.96
-579421.90,-1266111.08,174.93
-579421.57,-1266111.20,174.88
-579421.24,-1266111.34,174.85
-579420.95,-1266111.45,174.79
-579420.65,-1266111.57,174.77
-579420.34,-1266111.69,174.75
-579420.04,-1266111.81,174.73
-579419.72,-1266111.94,174.71
-579424.60,-1266110.33,175.22
-579424.27,-1266110.46,175.20
-579423.97,-1266110.58,175.16
-579423.65,-1266110.71,175.13
-579423.34,-1266110.83,175.08
-579423.04,-1266110.95,175.06
-579422.72,-1266111.08,175.01
-579422.39,-1266111.21,174.97
-579422.09,-1266111.33,174.94
-579421.77,-1266111.46,174.92
-579421.44,-1266111.59,174.87
-579421.11,-1266111.72,174.83
-579420.82,-1266111.84,174.79
-579420.52,-1266111.95,174.77
-579420.21,-1266112.08,174.75
-579419.92,-1266112.20,174.72
-579424.47,-1266110.81,175.21
-579424.17,-1266110.93,175.18
-579423.86,-1266111.05,175.15
-579423.53,-1266111.18,175.10
-579423.24,-1266111.30,175.07
-579422.93,-1266111.42,175.03
-579422.60,-1266111.55,175.00
-579422.28,-1266111.68,174.95
-579421.98,-1266111.80,174.93
-579421.65,-1266111.93,174.89
-579421.33,-1266112.06,174.85
-579421.00,-1266112.19,174.81
-579420.70,-1266112.31,174.78
-579420.40,-1266112.43,174.76
-579420.10,-1266112.55,174.73
-579424.67,-1266111.25,175.21
-579424.37,-1266111.37,175.19
-579424.04,-1266111.50,175.16
-579423.75,-1266111.62,175.12
-579423.42,-1266111.75,175.07
-579423.11,-1266111.87,175.05
-579422.82,-1266111.99,175.00
-579422.49,-1266112.12,174.97
-579422.17,-1266112.25,174.93
-579421.87,-1266112.37,174.90
-579421.54,-1266112.50,174.85
-579421.22,-1266112.63,174.81
-579420.90,-1266112.75,174.78
-579420.59,-1266112.88,174.76
-579420.29,-1266112.99,174.73
-579424.56,-1266111.69,175.21
-579424.25,-1266111.81,175.17
-579423.93,-1266111.94,175.13
-579423.63,-1266112.06,175.09
-579423.30,-1266112.19,175.06
-579423.00,-1266112.31,175.02
-579422.71,-1266112.43,174.98
-579422.38,-1266112.56,174.94
-579422.05,-1266112.69,174.91
-579421.75,-1266112.81,174.87
-579421.43,-1266112.94,174.84
-579421.10,-1266113.07,174.80
-579420.78,-1266113.20,174.76
-579420.48,-1266113.31,174.75
-579420.17,-1266113.44,174.71
-579425.01,-1266111.91,175.21
-579424.72,-1266112.02,175.21
-579424.42,-1266112.14,175.19
-579424.11,-1266112.27,175.14
-579423.79,-1266112.39,175.10
-579423.49,-1266112.51,175.07
-579423.16,-1266112.65,175.03
-579422.87,-1266112.76,175.00
-579422.57,-1266112.88,174.97
-579422.23,-1266113.02,174.93
-579421.91,-1266113.14,174.89
-579421.61,-1266113.26,174.84
-579421.28,-1266113.39,174.81
-579420.96,-1266113.52,174.77
-579420.64,-1266113.65,174.75
-579420.33,-1266113.77,174.72
-579420.04,-1266113.89,174.70
-579424.90,-1266112.29,175.21
-579424.60,-1266112.41,175.20
-579424.31,-1266112.52,175.17
-579424.00,-1266112.65,175.12
-579423.68,-1266112.77,175.10
-579423.38,-1266112.89,175.06
-579423.05,-1266113.03,175.01
-579422.45,-1266113.26,174.94
-579422.13,-1266113.39,174.90
-579421.80,-1266113.52,174.86
-579421.50,-1266113.64,174.83
-579421.18,-1266113.77,174.79
-579420.85,-1266113.90,174.76
-579420.53,-1266114.03,174.73
-579420.23,-1266114.15,174.70
-579425.15,-1266112.80,175.21
-579424.84,-1266112.92,175.20
-579424.55,-1266113.04,175.16
-579424.25,-1266113.16,175.14
-579423.62,-1266113.41,175.05
-579423.32,-1266113.53,175.03
-579422.99,-1266113.66,174.99
-579422.70,-1266113.78,174.95
-579422.40,-1266113.90,174.91
-579422.06,-1266114.03,174.87
-579421.75,-1266114.16,174.84
-579421.45,-1266114.27,174.80
-579421.12,-1266114.40,174.77
-579420.80,-1266114.53,174.73
-579420.47,-1266114.66,174.71
-579420.17,-1266114.79,174.69
-579425.04,-1266113.18,175.20
-579424.75,-1266113.30,175.19
-579424.44,-1266113.42,175.15
-579424.14,-1266113.54,175.12
-579423.84,-1266113.66,175.08
-579423.51,-1266113.79,175.05
-579423.21,-1266113.91,175.01
-579422.89,-1266114.04,174.97
-579422.59,-1266114.16,174.95
-579422.29,-1266114.28,174.90
-579421.97,-1266114.41,174.87
-579421.64,-1266114.54,174.82
-579421.33,-1266114.66,174.78
-579421.01,-1266114.79,174.75
-579420.69,-1266114.92,174.72
-579420.36,-1266115.05,174.69
-579424.93,-1266113.66,175.19
-579424.62,-1266113.78,175.16
-579424.32,-1266113.90,175.12
-579424.03,-1266114.02,175.08
-579423.72,-1266114.14,175.05
-579423.39,-1266114.27,175.01
-579423.11,-1266114.39,174.99
-579422.77,-1266114.52,174.95
-579422.47,-1266114.64,174.92
-579422.17,-1266114.76,174.87
-579421.85,-1266114.89,174.82
-579421.52,-1266115.02,174.79
-579421.22,-1266115.14,174.77
-579420.90,-1266115.27,174.73
-579420.57,-1266115.40,174.70
-579420.24,-1266115.53,174.69
-579425.24,-1266113.54,175.20
-579425.16,-1266113.95,175.19
-579424.84,-1266114.07,175.17
-579424.54,-1266114.19,175.13
-579424.23,-1266114.31,175.11
-579423.93,-1266114.44,175.07
-579423.64,-1266114.55,175.03
-579423.31,-1266114.68,175.00
-579423.00,-1266114.80,174.97
-579422.38,-1266115.05,174.88
-579422.08,-1266115.17,174.84
-579421.76,-1266115.30,174.81
-579421.43,-1266115.43,174.78
-579420.81,-1266115.68,174.71
-579425.37,-1266114.37,175.20
-579425.04,-1266114.49,175.18
-579424.72,-1266114.62,175.14
-579424.42,-1266114.74,175.10
-579424.12,-1266114.86,175.08
-579423.82,-1266114.98,175.05
-579423.52,-1266115.10,175.00
-579423.19,-1266115.23,174.97
-579422.90,-1266115.35,174.94
-579421.97,-1266115.72,174.82
-579421.64,-1266115.85,174.78
-579421.32,-1266115.98,174.74
-579421.02,-1266116.10,174.71
-579420.69,-1266116.23,174.70
-579424.95,-1266114.92,175.16
-579424.61,-1266115.05,175.12
-579424.32,-1266115.17,175.09
-579424.02,-1266115.29,175.05
-579423.71,-1266115.41,175.02
-579423.42,-1266115.53,174.99
-579423.09,-1266115.66,174.95
-579422.79,-1266115.78,174.90
-579422.47,-1266115.91,174.87
-579422.17,-1266116.02,174.84
-579421.87,-1266116.14,174.80
-579421.54,-1266116.28,174.78
-579421.22,-1266116.40,174.73
-579420.91,-1266116.52,174.71
-579420.59,-1266116.66,174.70
-579425.43,-1266115.12,175.18
-579425.12,-1266115.24,175.17
-579424.79,-1266115.37,175.14
-579424.46,-1266115.50,175.09
-579424.17,-1266115.62,175.06
-579423.86,-1266115.74,175.03
-579423.56,-1266115.86,174.98
-579423.27,-1266115.98,174.96
-579422.94,-1266116.11,174.93
-579422.64,-1266116.23,174.88
-579422.32,-1266116.36,174.84
-579422.01,-1266116.48,174.80
-579421.71,-1266116.60,174.78
-579421.39,-1266116.73,174.75
-579421.06,-1266116.86,174.71
-579420.76,-1266116.98,174.70
-579420.44,-1266117.11,174.68
-579422.19,-1266116.84,174.81
-579421.90,-1266116.96,174.79
-579421.60,-1266117.08,174.75
-579421.26,-1266117.21,174.72
-579420.94,-1266117.34,174.71
-579425.32,-1266115.59,175.18
-579425.00,-1266115.72,175.15
-579424.68,-1266115.85,175.12
-579424.36,-1266115.98,175.07
-579424.05,-1266116.10,175.03
-579423.75,-1266116.22,175.00
-579423.45,-1266116.34,174.97
-579423.15,-1266116.46,174.94
-579422.83,-1266116.59,174.90
-579422.53,-1266116.71,174.86
-579425.50,-1266115.95,175.17
-579425.19,-1266116.07,175.15
-579424.87,-1266116.20,175.13
-579424.55,-1266116.33,175.10
-579424.22,-1266116.46,175.06
-579423.92,-1266116.58,175.02
-579423.62,-1266116.70,174.97
-579423.32,-1266116.82,174.94
-579423.03,-1266116.94,174.92
-579422.70,-1266117.07,174.87
-579422.40,-1266117.19,174.84
-579422.07,-1266117.32,174.79
-579421.77,-1266117.44,174.77
-579421.47,-1266117.56,174.74
-579425.42,-1266116.48,175.15
-579425.11,-1266116.60,175.13
-579424.79,-1266116.73,175.11
-579424.47,-1266116.86,175.06
-579424.15,-1266116.99,175.04
-579423.54,-1266117.23,174.96
-579425.57,-1266116.65,175.16
-579424.62,-1266117.03,175.09
-579422.34,-1266087.99,175.95
-579415.30,-1266085.14,174.65
-579415.73,-1266085.67,174.69
-579415.41,-1266085.80,174.65
-579415.50,-1266085.45,174.66
-579415.22,-1266085.56,174.64
-579421.51,-1266083.76,175.95
-579415.65,-1266086.07,174.67
-579415.32,-1266086.19,174.64
-579421.69,-1266084.46,175.93
-579421.84,-1266085.11,175.94
-579415.67,-1266087.54,174.68
-579421.80,-1266085.60,175.95
-579422.02,-1266085.82,175.93
-579422.14,-1266087.35,175.94
-579419.54,-1266078.63,176.26
-579419.25,-1266078.74,176.24
-579418.94,-1266078.87,176.20
-579418.61,-1266079.00,176.17
-579418.29,-1266079.13,176.11
-579417.98,-1266079.25,176.07
-579417.67,-1266079.37,176.01
-579417.33,-1266079.51,175.96
-579419.07,-1266078.57,176.22
-579418.73,-1266078.70,176.18
-579418.40,-1266078.83,176.12
-579418.11,-1266078.95,176.09
-579417.78,-1266079.08,176.04
-579417.46,-1266079.21,175.99
-579417.13,-1266079.34,175.96
-579416.83,-1266079.46,175.91
-579416.52,-1266079.58,175.87
-579416.22,-1266079.70,175.82
-579415.92,-1266079.82,175.78
-579415.59,-1266079.95,175.74
-579417.85,-1266078.66,176.07
-579417.52,-1266078.79,176.03
-579417.20,-1266078.92,175.99
-579416.90,-1266079.04,175.93
-579416.59,-1266079.16,175.91
-579416.30,-1266079.28,175.86
-579416.00,-1266079.40,175.83
-579415.66,-1266079.53,175.78
-579415.37,-1266079.65,175.75
-579415.04,-1266079.78,175.74
-579416.71,-1266078.79,175.92
-579416.40,-1266078.92,175.89
-579416.10,-1266079.03,175.84
-579415.77,-1266079.17,175.80
-579415.46,-1266079.29,175.76
-579415.15,-1266079.41,175.75
-579414.84,-1266079.54,175.73
-579415.59,-1266078.91,175.78
-579415.26,-1266079.04,175.75
-579414.95,-1266079.17,175.74
-579414.66,-1266079.28,175.72
-579419.29,-1266079.42,176.21
-579419.00,-1266079.53,176.17
-579419.81,-1266078.98,176.26
-579419.48,-1266079.11,176.26
-579419.17,-1266079.23,176.22
-579418.87,-1266079.35,176.17
-579421.14,-1266081.13,175.94
-579421.21,-1266080.73,175.94
-579421.02,-1266080.53,175.93
-579421.38,-1266082.05,175.95
-579421.48,-1266082.70,175.95
-579412.35,-1266056.15,175.87
-579412.04,-1266056.27,175.83
-579413.44,-1266056.04,175.99
-579413.12,-1266056.18,175.94
-579412.80,-1266056.30,175.92
-579412.48,-1266056.43,175.87
-579412.18,-1266056.55,175.83
-579414.58,-1266055.98,176.12
-579414.25,-1266056.11,176.09
-579413.92,-1266056.24,176.04
-579413.62,-1266056.36,176.01
-579413.28,-1266056.50,175.97
-579412.96,-1266056.63,175.92
-579412.63,-1266056.76,175.89
-579412.32,-1266056.89,175.84
-579414.98,-1266056.01,176.16
-579414.68,-1266056.13,176.12
-579414.37,-1266056.25,176.10
-579414.05,-1266056.38,176.05
-579413.71,-1266056.52,176.00
-579413.41,-1266056.64,175.97
-579413.08,-1266056.77,175.93
-579412.75,-1266056.90,175.89
-579412.42,-1266057.04,175.85
-579412.12,-1266057.16,175.80
-579416.08,-1266055.94,176.27
-579415.78,-1266056.07,176.26
-579415.45,-1266056.20,176.22
-579415.16,-1266056.32,176.20
-579414.81,-1266056.46,176.13
-579414.51,-1266056.58,176.11
-579414.21,-1266056.70,176.07
-579413.88,-1266056.83,176.02
-579413.55,-1266056.96,175.99
-579413.25,-1266057.09,175.94
-579412.92,-1266057.22,175.90
-579412.59,-1266057.35,175.87
-579412.26,-1266057.48,175.81
-579415.96,-1266056.35,176.26
-579415.65,-1266056.47,176.23
-579415.32,-1266056.61,176.21
-579415.02,-1266056.72,176.16
-579414.69,-1266056.86,176.12
-579414.38,-1266056.98,176.09
-579414.08,-1266057.10,176.04
-579413.76,-1266057.23,176.00
-579413.42,-1266057.37,175.96
-579413.12,-1266057.49,175.91
-579412.79,-1266057.62,175.89
-579412.46,-1266057.75,175.84
-579412.13,-1266057.89,175.80
-579416.11,-1266056.69,176.27
-579415.82,-1266056.81,176.25
-579415.51,-1266056.93,176.23
-579415.17,-1266057.07,176.17
-579414.88,-1266057.18,176.13
-579414.55,-1266057.32,176.09
-579414.24,-1266057.44,176.06
-579413.94,-1266057.56,176.01
-579413.61,-1266057.69,175.97
-579413.28,-1266057.82,175.93
-579412.98,-1266057.95,175.90
-579412.65,-1266058.08,175.85
-579412.32,-1266058.21,175.80
-579416.21,-1266056.80,176.27
-579415.61,-1266057.04,176.23
-579415.30,-1266057.16,176.19
-579414.97,-1266057.30,176.13
-579414.67,-1266057.42,176.10
-579413.73,-1266057.80,175.99
-579413.40,-1266057.93,175.93
-579413.07,-1266058.06,175.90
-579412.78,-1266058.18,175.87
-579412.45,-1266058.31,175.82
-579416.36,-1266057.03,176.27
-579416.06,-1266057.15,176.27
-579415.75,-1266057.27,176.24
-579415.45,-1266057.39,176.20
-579415.14,-1266057.52,176.15
-579414.81,-1266057.65,176.12
-579414.51,-1266057.77,176.09
-579414.19,-1266057.90,176.03
-579413.88,-1266058.03,176.00
-579413.58,-1266058.14,175.96
-579413.25,-1266058.28,175.91
-579412.91,-1266058.41,175.88
-579412.61,-1266058.54,175.82
-579412.29,-1266058.66,175.80
-579414.39,-1266058.23,176.05
-579414.07,-1266058.37,176.01
-579413.77,-1266058.48,175.98
-579413.46,-1266058.61,175.93
-579413.13,-1266058.74,175.89
-579412.81,-1266058.87,175.85
-579412.50,-1266059.00,175.81
-579416.24,-1266057.49,176.27
-579415.94,-1266057.61,176.24
-579415.64,-1266057.73,176.21
-579415.33,-1266057.86,176.18
-579415.03,-1266057.98,176.13
-579414.70,-1266058.11,176.09
-579416.43,-1266057.76,176.27
-579416.10,-1266057.90,176.26
-579415.81,-1266058.01,176.21
-579415.18,-1266058.26,176.13
-579414.89,-1266058.38,176.11
-579414.55,-1266058.52,176.06
-579414.25,-1266058.64,176.01
-579413.93,-1266058.77,175.99
-579413.62,-1266058.89,175.94
-579413.32,-1266059.01,175.91
-579412.99,-1266059.15,175.85
-579412.66,-1266059.28,175.82
-579412.35,-1266059.40,175.78
-579416.27,-1266058.08,176.26
-579415.94,-1266058.21,176.23
-579415.63,-1266058.33,176.19
-579415.34,-1266058.45,176.15
-579415.03,-1266058.58,176.12
-579414.72,-1266058.70,176.09
-579414.40,-1266058.83,176.04
-579414.09,-1266058.95,175.99
-579413.76,-1266059.09,175.95
-579413.46,-1266059.21,175.91
-579413.15,-1266059.33,175.88
-579412.83,-1266059.46,175.84
-579412.49,-1266059.60,175.80
-579416.41,-1266058.26,176.26
-579416.09,-1266058.39,176.26
-579415.76,-1266058.52,176.21
-579415.45,-1266058.64,176.17
-579415.15,-1266058.77,176.12
-579414.84,-1266058.89,176.11
-579414.54,-1266059.01,176.06
-579414.21,-1266059.14,176.01
-579413.91,-1266059.26,175.97
-579413.57,-1266059.40,175.92
-579413.28,-1266059.52,175.89
-579412.97,-1266059.64,175.85
-579412.64,-1266059.77,175.81
-579416.61,-1266058.59,176.28
-579416.28,-1266058.72,176.26
-579415.95,-1266058.85,176.22
-579415.63,-1266058.98,176.18
-579415.32,-1266059.10,176.15
-579415.01,-1266059.23,176.11
-579414.72,-1266059.35,176.06
-579414.40,-1266059.47,176.03
-579414.07,-1266059.61,175.99
-579413.78,-1266059.72,175.94
-579413.45,-1266059.86,175.90
-579413.14,-1266059.98,175.86
-579412.85,-1266060.10,175.83
-579412.51,-1266060.24,175.78
-579416.43,-1266058.96,176.28
-579416.10,-1266059.10,176.24
-579415.78,-1266059.22,176.20
-579415.45,-1266059.36,176.15
-579415.14,-1266059.48,176.11
-579414.85,-1266059.60,176.08
-579414.54,-1266059.73,176.05
-579414.23,-1266059.85,176.01
-579413.91,-1266059.98,175.95
-579413.60,-1266060.10,175.91
-579413.27,-1266060.24,175.86
-579412.97,-1266060.35,175.83
-579412.67,-1266060.48,175.81
-579416.58,-1266059.22,176.28
-579416.28,-1266059.34,176.26
-579415.95,-1266059.47,176.22
-579415.62,-1266059.60,176.17
-579415.29,-1266059.73,176.12
-579414.99,-1266059.86,176.09
-579414.68,-1266059.98,176.06
-579414.38,-1266060.10,176.02
-579414.08,-1266060.22,175.97
-579413.75,-1266060.35,175.93
-579413.45,-1266060.48,175.88
-579413.12,-1266060.61,175.84
-579412.81,-1266060.73,175.81
-579412.51,-1266060.85,175.77
-579416.72,-1266059.36,176.28
-579416.40,-1266059.49,176.27
-579416.10,-1266059.61,176.22
-579415.44,-1266059.88,176.14
-579415.12,-1266060.00,176.11
-579414.81,-1266060.13,176.07
-579414.50,-1266060.25,176.03
-579414.21,-1266060.37,175.99
-579413.90,-1266060.49,175.95
-579413.56,-1266060.63,175.91
-579413.27,-1266060.74,175.86
-579412.93,-1266060.88,175.82
-579412.63,-1266061.00,175.79
-579416.63,-1266059.84,176.27
-579416.31,-1266059.97,176.26
-579416.00,-1266060.10,176.22
-579415.68,-1266060.23,176.17
-579415.34,-1266060.36,176.11
-579415.02,-1266060.49,176.08
-579414.72,-1266060.61,176.05
-579414.41,-1266060.74,176.00
-579414.11,-1266060.86,175.96
-579413.81,-1266060.98,175.93
-579413.47,-1266061.11,175.87
-579413.17,-1266061.23,175.84
-579412.85,-1266061.36,175.81
-579412.54,-1266061.49,175.77
-579416.82,-1266060.02,176.28
-579416.48,-1266060.16,176.27
-579416.16,-1266060.29,176.23
-579415.86,-1266060.41,176.19
-579415.52,-1266060.55,176.14
-579415.20,-1266060.68,176.11
-579414.87,-1266060.81,176.06
-579414.57,-1266060.93,176.02
-579414.26,-1266061.05,175.98
-579413.96,-1266061.17,175.94
-579413.66,-1266061.29,175.90
-579413.32,-1266061.43,175.86
-579413.02,-1266061.55,175.82
-579412.69,-1266061.68,175.78
-579416.68,-1266060.41,176.28
-579416.35,-1266060.54,176.24
-579416.02,-1266060.67,176.20
-579415.71,-1266060.80,176.16
-579415.39,-1266060.93,176.11
-579415.06,-1266061.06,176.06
-579414.73,-1266061.19,176.03
-579414.43,-1266061.31,175.98
-579414.12,-1266061.44,175.95
-579413.82,-1266061.56,175.91
-579413.52,-1266061.68,175.87
-579413.20,-1266061.81,175.83
-579412.88,-1266061.93,175.78
-579412.56,-1266062.06,175.76
-579415.51,-1266061.02,176.14
-579415.19,-1266061.15,176.09
-579414.86,-1266061.28,176.06
-579414.53,-1266061.41,176.00
-579414.24,-1266061.53,175.96
-579413.92,-1266061.66,175.92
-579413.62,-1266061.78,175.89
-579413.32,-1266061.90,175.84
-579412.99,-1266062.03,175.81
-579412.68,-1266062.16,175.77
-579416.78,-1266060.51,176.28
-579416.48,-1266060.63,176.27
-579416.15,-1266060.76,176.22
-579415.82,-1266060.90,176.17
-579417.00,-1266060.94,176.28
-579416.70,-1266061.06,176.27
-579416.40,-1266061.18,176.24
-579416.07,-1266061.32,176.19
-579415.75,-1266061.44,176.14
-579415.43,-1266061.57,176.11
-579415.10,-1266061.70,176.07
-579414.79,-1266061.83,176.03
-579414.45,-1266061.97,175.97
-579414.15,-1266062.09,175.93
-579413.85,-1266062.20,175.89
-579413.54,-1266062.33,175.86
-579413.24,-1266062.45,175.82
-579412.92,-1266062.58,175.78
-579416.84,-1266061.25,176.28
-579416.53,-1266061.37,176.25
-579416.23,-1266061.49,176.21
-579415.91,-1266061.62,176.17
-579415.57,-1266061.76,176.13
-579415.27,-1266061.88,176.10
-579414.94,-1266062.01,176.04
-579414.61,-1266062.14,176.00
-579414.28,-1266062.28,175.95
-579413.98,-1266062.39,175.91
-579413.68,-1266062.52,175.87
-579413.37,-1266062.64,175.83
-579413.07,-1266062.76,175.80
-579412.74,-1266062.89,175.76
-579416.99,-1266061.47,176.28
-579416.65,-1266061.60,176.26
-579416.35,-1266061.72,176.21
-579416.05,-1266061.84,176.17
-579415.72,-1266061.98,176.14
-579415.39,-1266062.11,176.10
-579415.09,-1266062.23,176.05
-579414.76,-1266062.36,176.01
-579414.43,-1266062.49,175.96
-579414.11,-1266062.62,175.92
-579413.80,-1266062.74,175.88
-579413.50,-1266062.87,175.84
-579413.20,-1266062.99,175.81
-579412.89,-1266063.11,175.78
-579417.13,-1266061.65,176.28
-579416.82,-1266061.77,176.27
-579416.50,-1266061.90,176.23
-579416.19,-1266062.02,176.19
-579415.89,-1266062.15,176.15
-579415.56,-1266062.28,176.11
-579415.23,-1266062.41,176.07
-579414.93,-1266062.53,176.03
-579414.60,-1266062.66,175.99
-579414.27,-1266062.79,175.94
-579413.94,-1266062.93,175.89
-579413.64,-1266063.05,175.86
-579413.34,-1266063.17,175.82
-579413.03,-1266063.29,175.79
-579412.73,-1266063.41,175.76
-579416.98,-1266062.06,176.28
-579416.68,-1266062.18,176.25
-579416.34,-1266062.31,176.20
-579416.04,-1266062.43,176.16
-579415.74,-1266062.55,176.12
-579415.40,-1266062.69,176.08
-579415.07,-1266062.82,176.05
-579414.78,-1266062.94,176.01
-579414.44,-1266063.07,175.96
-579414.11,-1266063.20,175.92
-579413.79,-1266063.33,175.87
-579413.49,-1266063.46,175.82
-579413.18,-1266063.58,175.80
-579412.88,-1266063.70,175.78
-579417.16,-1266062.33,176.28
-579416.84,-1266062.46,176.27
-579416.53,-1266062.58,176.21
-579416.20,-1266062.72,176.18
-579415.91,-1266062.83,176.14
-579415.60,-1266062.96,176.10
-579415.27,-1266063.09,176.06
-579414.95,-1266063.22,176.02
-579414.64,-1266063.35,175.98
-579414.31,-1266063.47,175.93
-579413.99,-1266063.61,175.89
-579413.66,-1266063.74,175.85
-579413.35,-1266063.86,175.80
-579413.05,-1266063.98,175.78
-579417.33,-1266062.54,176.28
-579417.03,-1266062.66,176.28
-579416.70,-1266062.79,176.24
-579416.40,-1266062.91,176.20
-579416.07,-1266063.04,176.15
-579415.76,-1266063.17,176.12
-579415.46,-1266063.28,176.09
-579415.13,-1266063.42,176.03
-579414.80,-1266063.55,176.01
-579414.51,-1266063.67,175.96
-579414.17,-1266063.80,175.90
-579413.85,-1266063.93,175.86
-579413.52,-1266064.07,175.82
-579413.22,-1266064.18,175.79
-579412.91,-1266064.31,175.76
-579417.17,-1266062.83,176.28
-579416.85,-1266062.96,176.26
-579416.53,-1266063.09,176.22
-579416.23,-1266063.21,176.19
-579415.90,-1266063.34,176.14
-579415.59,-1266063.46,176.09
-579415.29,-1266063.58,176.06
-579414.96,-1266063.71,176.01
-579414.63,-1266063.85,175.96
-579414.34,-1266063.97,175.93
-579414.00,-1266064.10,175.89
-579413.67,-1266064.23,175.84
-579413.35,-1266064.36,175.80
-579413.05,-1266064.48,175.77
-579417.31,-1266063.10,176.29
-579417.01,-1266063.22,176.28
-579416.71,-1266063.34,176.24
-579416.38,-1266063.47,176.20
-579416.08,-1266063.59,176.15
-579415.75,-1266063.72,176.11
-579415.45,-1266063.84,176.07
-579415.14,-1266063.97,176.02
-579414.82,-1266064.10,175.98
-579414.49,-1266064.23,175.94
-579414.18,-1266064.35,175.89
-579413.86,-1266064.48,175.86
-579413.53,-1266064.61,175.82
-579413.20,-1266064.75,175.78
-579412.90,-1266064.87,175.74
-579417.18,-1266063.51,176.28
-579416.89,-1266063.63,176.26
-579416.59,-1266063.75,176.22
-579416.24,-1266063.89,176.16
-579415.96,-1266064.00,176.13
-579415.62,-1266064.13,176.08
-579415.32,-1266064.26,176.05
-579415.02,-1266064.37,176.01
-579414.69,-1266064.51,175.95
-579414.36,-1266064.64,175.92
-579414.06,-1266064.76,175.87
-579413.40,-1266065.02,175.78
-579413.07,-1266065.16,175.75
-579417.36,-1266063.74,176.28
-579417.06,-1266063.86,176.26
-579416.75,-1266063.99,176.23
-579416.45,-1266064.11,176.20
-579416.12,-1266064.24,176.14
-579415.82,-1266064.36,176.10
-579415.50,-1266064.49,176.05
-579415.20,-1266064.61,176.01
-579414.89,-1266064.73,175.98
-579414.56,-1266064.86,175.94
-579414.24,-1266064.99,175.88
-579413.93,-1266065.12,175.86
-579413.60,-1266065.25,175.80
-579413.28,-1266065.38,175.77
-579412.95,-1266065.51,175.74
-579419.67,-1266078.33,176.26
-579419.36,-1266078.45,176.25
-579419.74,-1266077.91,176.26
-579419.43,-1266078.03,176.26
-579419.15,-1266078.14,176.24
-579418.81,-1266078.28,176.18
-579418.47,-1266078.41,176.16
-579418.19,-1266078.53,176.10
-579419.54,-1266077.66,176.26
-579419.24,-1266077.78,176.26
-579418.92,-1266077.91,176.22
-579418.59,-1266078.04,176.17
-579418.28,-1266078.16,176.13
-579417.96,-1266078.29,176.09
-579417.63,-1266078.42,176.05
-579417.30,-1266078.56,176.00
-579417.01,-1266078.67,175.97
-579419.37,-1266077.41,176.26
-579419.03,-1266077.54,176.24
-579418.71,-1266077.67,176.18
-579418.41,-1266077.79,176.16
-579418.08,-1266077.92,176.11
-579417.75,-1266078.05,176.07
-579417.42,-1266078.18,176.02
-579417.13,-1266078.30,176.00
-579416.82,-1266078.42,175.96
-579416.52,-1266078.54,175.92
-579416.22,-1266078.66,175.87
-579415.88,-1266078.80,175.83
-579419.45,-1266077.04,176.26
-579419.14,-1266077.16,176.25
-579418.80,-1266077.30,176.21
-579418.50,-1266077.42,176.17
-579418.18,-1266077.55,176.13
-579417.85,-1266077.68,176.09
-579417.52,-1266077.81,176.05
-579417.22,-1266077.93,176.00
-579416.92,-1266078.05,175.98
-579416.61,-1266078.17,175.92
-579416.31,-1266078.29,175.90
-579415.99,-1266078.42,175.85
-579415.68,-1266078.54,175.82
-579415.36,-1266078.67,175.78
-579415.06,-1266078.79,175.74
-579414.75,-1266078.92,175.73
-579419.27,-1266076.90,176.26
-579418.94,-1266077.04,176.24
-579418.64,-1266077.16,176.19
-579418.32,-1266077.28,176.16
-579417.98,-1266077.42,176.11
-579417.66,-1266077.54,176.06
-579417.37,-1266077.66,176.02
-579417.06,-1266077.79,176.00
-579416.75,-1266077.91,175.97
-579416.46,-1266078.03,175.92
-579416.13,-1266078.16,175.88
-579415.82,-1266078.28,175.83
-579415.50,-1266078.41,175.79
-579415.20,-1266078.53,175.75
-579414.88,-1266078.65,175.73
-579414.57,-1266078.78,175.72
-579419.35,-1266076.30,176.26
-579419.03,-1266076.43,176.25
-579418.73,-1266076.55,176.22
-579418.39,-1266076.68,176.18
-579418.07,-1266076.81,176.14
-579417.74,-1266076.94,176.09
-579417.44,-1266077.06,176.05
-579417.14,-1266077.18,176.01
-579416.83,-1266077.31,175.98
-579416.53,-1266077.43,175.95
-579416.21,-1266077.55,175.90
-579415.90,-1266077.68,175.85
-579415.58,-1266077.81,175.82
-579415.28,-1266077.92,175.78
-579414.97,-1266078.05,175.75
-579414.64,-1266078.18,175.73
-579414.78,-1266077.93,175.74
-579419.15,-1266076.19,176.26
-579418.85,-1266076.31,176.24
-579418.53,-1266076.44,176.19
-579418.20,-1266076.57,176.17
-579417.87,-1266076.70,176.11
-579417.57,-1266076.82,176.07
-579417.27,-1266076.94,176.03
-579416.96,-1266077.06,176.00
-579416.67,-1266077.18,175.98
-579416.33,-1266077.31,175.91
-579416.03,-1266077.44,175.88
-579415.71,-1266077.56,175.83
-579415.40,-1266077.69,175.81
-579415.10,-1266077.81,175.77
-579415.17,-1266077.31,175.78
-579414.84,-1266077.45,175.75
-579414.53,-1266077.57,175.73
-579419.23,-1266075.69,176.26
-579418.92,-1266075.82,176.25
-579418.59,-1266075.95,176.22
-579418.27,-1266076.08,176.17
-579417.94,-1266076.21,176.12
-579417.64,-1266076.33,176.09
-579417.34,-1266076.45,176.06
-579417.03,-1266076.57,176.02
-579416.73,-1266076.69,175.98
-579416.41,-1266076.82,175.93
-579416.11,-1266076.94,175.90
-579415.77,-1266077.07,175.84
-579415.48,-1266077.19,175.82
-579418.42,-1266075.89,176.19
-579418.09,-1266076.02,176.16
-579417.79,-1266076.15,176.10
-579417.49,-1266076.27,176.07
-579417.19,-1266076.38,176.03
-579416.88,-1266076.51,176.00
-579416.56,-1266076.64,175.96
-579416.25,-1266076.76,175.91
-579415.93,-1266076.89,175.87
-579415.62,-1266077.01,175.83
-579415.32,-1266077.13,175.80
-579414.99,-1266077.26,175.75
-579414.68,-1266077.39,175.75
-579414.37,-1266077.51,175.72
-579419.09,-1266075.63,176.26
-579418.75,-1266075.76,176.22
-579419.14,-1266075.09,176.25
-579418.81,-1266075.22,176.25
-579418.49,-1266075.35,176.22
-579418.16,-1266075.48,176.18
-579417.85,-1266075.60,176.13
-579417.56,-1266075.72,176.09
-579417.25,-1266075.84,176.06
-579416.95,-1266075.96,176.02
-579416.63,-1266076.09,175.98
-579416.31,-1266076.21,175.92
-579415.99,-1266076.34,175.89
-579415.69,-1266076.46,175.86
-579415.38,-1266076.59,175.81
-579415.06,-1266076.71,175.76
-579414.74,-1266076.84,175.74
-579414.43,-1266076.97,175.72
-579418.93,-1266074.96,176.26
-579418.61,-1266075.08,176.24
-579418.28,-1266075.22,176.19
-579417.97,-1266075.34,176.15
-579417.68,-1266075.46,176.12
-579417.37,-1266075.58,176.07
-579417.07,-1266075.70,176.03
-579416.75,-1266075.83,175.99
-579416.43,-1266075.96,175.95
-579416.11,-1266076.09,175.91
-579415.82,-1266076.20,175.87
-579415.18,-1266076.46,175.80
-579414.86,-1266076.59,175.75
-579414.54,-1266076.71,175.74
-579414.22,-1266076.84,175.72
-579418.02,-1266074.83,176.17
-579417.72,-1266074.94,176.13
-579417.42,-1266075.07,176.08
-579417.11,-1266075.19,176.06
-579416.79,-1266075.32,176.01
-579416.48,-1266075.44,175.97
-579416.16,-1266075.57,175.93
-579415.86,-1266075.69,175.89
-579415.56,-1266075.81,175.86
-579415.23,-1266075.94,175.80
-579414.90,-1266076.08,175.76
-579414.61,-1266076.19,175.74
-579414.27,-1266076.32,175.73
-579418.97,-1266074.45,176.26
-579418.66,-1266074.57,176.25
-579418.32,-1266074.71,176.21
-579418.79,-1266074.29,176.26
-579418.45,-1266074.43,176.23
-579418.16,-1266074.54,176.18
-579417.86,-1266074.66,176.16
-579417.55,-1266074.79,176.11
-579417.26,-1266074.90,176.07
-579416.92,-1266075.04,176.03
-579416.62,-1266075.16,175.99
-579416.30,-1266075.29,175.96
-579415.99,-1266075.41,175.91
-579415.68,-1266075.53,175.87
-579415.35,-1266075.66,175.82
-579415.03,-1266075.79,175.79
-579414.73,-1266075.91,175.76
-579414.40,-1266076.05,175.74
-579414.08,-1266076.17,175.72
-579418.91,-1266073.85,176.27
-579418.58,-1266073.98,176.24
-579418.27,-1266074.11,176.21
-579417.97,-1266074.23,176.16
-579417.67,-1266074.35,176.15
-579417.36,-1266074.47,176.09
-579417.04,-1266074.60,176.05
-579416.73,-1266074.72,176.01
-579416.40,-1266074.85,175.96
-579416.11,-1266074.97,175.93
-579415.80,-1266075.09,175.89
-579415.47,-1266075.22,175.86
-579415.15,-1266075.35,175.80
-579414.85,-1266075.47,175.79
-579414.51,-1266075.60,175.75
-579414.19,-1266075.73,175.73
-579419.02,-1266073.50,176.27
-579418.69,-1266073.63,176.26
-579418.39,-1266073.75,176.23
-579418.09,-1266073.87,176.19
-579417.78,-1266073.99,176.15
-579417.48,-1266074.11,176.12
-579417.16,-1266074.24,176.07
-579416.85,-1266074.36,176.04
-579416.52,-1266074.49,175.99
-579416.23,-1266074.61,175.96
-579415.91,-1266074.74,175.90
-579415.59,-1266074.87,175.87
-579415.27,-1266074.99,175.83
-579414.96,-1266075.12,175.80
-579414.63,-1266075.25,175.77
-579414.31,-1266075.38,175.75
-579418.78,-1266073.22,176.26
-579418.47,-1266073.34,176.24
-579418.18,-1266073.46,176.21
-579417.88,-1266073.58,176.18
-579417.56,-1266073.71,176.13
-579417.25,-1266073.83,176.09
-579416.94,-1266073.95,176.05
-579416.61,-1266074.09,176.01
-579416.31,-1266074.20,175.97
-579416.01,-1266074.33,175.94
-579415.68,-1266074.46,175.89
-579415.35,-1266074.59,175.86
-579415.05,-1266074.71,175.81
-579414.73,-1266074.84,175.78
-579414.39,-1266074.97,175.76
-579414.07,-1266075.10,175.75
-579418.56,-1266072.98,176.25
-579418.27,-1266073.09,176.23
-579417.96,-1266073.22,176.18
-579417.65,-1266073.34,176.16
-579417.34,-1266073.47,176.12
-579417.02,-1266073.59,176.06
-579416.70,-1266073.72,176.03
-579416.41,-1266073.84,175.98
-579416.09,-1266073.97,175.96
-579415.77,-1266074.10,175.90
-579415.44,-1266074.23,175.86
-579415.14,-1266074.35,175.83
-579414.81,-1266074.48,175.79
-579414.48,-1266074.61,175.76
-579414.16,-1266074.74,175.74
-579418.67,-1266072.60,176.26
-579418.37,-1266072.71,176.24
-579418.07,-1266072.84,176.21
-579417.76,-1266072.96,176.17
-579417.44,-1266073.09,176.12
-579417.14,-1266073.21,176.09
-579416.81,-1266073.34,176.04
-579416.50,-1266073.46,176.00
-579416.20,-1266073.58,175.96
-579415.87,-1266073.71,175.94
-579415.54,-1266073.85,175.87
-579415.25,-1266073.96,175.84
-579414.92,-1266074.10,175.81
-579414.59,-1266074.23,175.77
-579414.27,-1266074.35,175.75
-579413.96,-1266074.48,175.72
-579418.74,-1266072.13,176.26
-579418.45,-1266072.24,176.25
-579418.13,-1266072.37,176.22
-579417.83,-1266072.49,176.19
-579417.51,-1266072.62,176.14
-579417.20,-1266072.74,176.11
-579416.87,-1266072.87,176.06
-579416.58,-1266072.99,176.03
-579416.27,-1266073.11,175.99
-579415.94,-1266073.24,175.94
-579415.62,-1266073.37,175.91
-579415.32,-1266073.49,175.86
-579414.98,-1266073.63,175.81
-579414.67,-1266073.75,175.78
-579414.33,-1266073.89,175.75
-579414.02,-1266074.01,175.73
-579418.56,-1266071.95,176.26
-579418.26,-1266072.07,176.24
-579417.95,-1266072.19,176.21
-579417.62,-1266072.33,176.17
-579417.33,-1266072.44,176.12
-579417.00,-1266072.58,176.08
-579416.69,-1266072.70,176.04
-579416.40,-1266072.81,176.01
-579416.06,-1266072.95,175.97
-579415.73,-1266073.08,175.92
-579415.44,-1266073.20,175.87
-579415.11,-1266073.33,175.84
-579414.78,-1266073.46,175.79
-579414.46,-1266073.59,175.76
-579414.15,-1266073.72,175.75
-579413.85,-1266073.84,175.72
-579418.64,-1266071.52,176.26
-579418.34,-1266071.64,176.26
-579418.04,-1266071.76,176.22
-579417.71,-1266071.89,176.18
-579417.41,-1266072.02,176.14
-579417.08,-1266072.15,176.10
-579416.78,-1266072.27,176.06
-579416.47,-1266072.39,176.02
-579416.15,-1266072.52,175.98
-579415.82,-1266072.65,175.93
-579415.52,-1266072.77,175.88
-579415.19,-1266072.90,175.85
-579414.87,-1266073.03,175.81
-579414.55,-1266073.16,175.77
-579414.24,-1266073.29,175.75
-579418.46,-1266071.29,176.27
-579418.15,-1266071.41,176.25
-579417.83,-1266071.54,176.21
-579417.53,-1266071.66,176.17
-579417.19,-1266071.80,176.12
-579416.90,-1266071.91,176.08
-579416.59,-1266072.03,176.05
-579416.26,-1266072.17,175.99
-579415.94,-1266072.29,175.95
-579415.64,-1266072.41,175.92
-579415.31,-1266072.54,175.87
-579414.98,-1266072.68,175.84
-579414.66,-1266072.81,175.79
-579414.36,-1266072.93,175.77
-579414.05,-1266073.05,175.74
-579413.75,-1266073.17,175.73
-579418.53,-1266070.88,176.27
-579418.23,-1266071.00,176.27
-579417.91,-1266071.12,176.22
-579417.60,-1266071.25,176.19
-579417.27,-1266071.38,176.15
-579416.98,-1266071.50,176.10
-579416.67,-1266071.62,176.06
-579416.35,-1266071.75,176.03
-579416.02,-1266071.88,175.99
-579415.72,-1266072.00,175.93
-579415.39,-1266072.13,175.89
-579415.06,-1266072.26,175.85
-579414.74,-1266072.39,175.80
-579414.43,-1266072.52,175.78
-579414.13,-1266072.64,175.75
-579413.83,-1266072.75,175.74
-579418.36,-1266070.67,176.28
-579418.03,-1266070.80,176.24
-579417.73,-1266070.92,176.21
-579417.40,-1266071.05,176.17
-579417.10,-1266071.17,176.12
-579416.80,-1266071.29,176.08
-579416.47,-1266071.43,176.04
-579416.14,-1266071.56,175.99
-579415.85,-1266071.67,175.96
-579415.52,-1266071.81,175.92
-579415.19,-1266071.94,175.87
-579414.86,-1266072.07,175.82
-579414.56,-1266072.19,175.79
-579414.26,-1266072.31,175.76
-579413.96,-1266072.43,175.74
-579418.47,-1266070.34,176.28
-579418.16,-1266070.46,176.26
-579417.85,-1266070.59,176.23
-579417.51,-1266070.72,176.18
-579417.22,-1266070.84,176.15
-579416.92,-1266070.96,176.10
-579416.58,-1266071.09,176.06
-579416.27,-1266071.22,176.02
-579415.96,-1266071.34,175.98
-579415.63,-1266071.47,175.93
-579415.31,-1266071.60,175.88
-579414.98,-1266071.74,175.84
-579414.67,-1266071.86,175.81
-579414.38,-1266071.98,175.77
-579414.07,-1266072.10,175.75
-579413.76,-1266072.22,175.74
-579418.26,-1266070.05,176.28
-579417.97,-1266070.16,176.26
-579417.63,-1266070.30,176.21
-579417.33,-1266070.42,176.18
-579417.03,-1266070.54,176.14
-579416.70,-1266070.67,176.08
-579416.37,-1266070.80,176.04
-579416.07,-1266070.92,176.00
-579415.75,-1266071.05,175.97
-579415.41,-1266071.19,175.91
-579415.09,-1266071.31,175.87
-579414.79,-1266071.43,175.83
-579414.48,-1266071.56,175.80
-579414.19,-1266071.67,175.76
-579413.88,-1266071.80,175.75
-579418.37,-1266069.65,176.28
-579418.05,-1266069.78,176.26
-579417.73,-1266069.91,176.24
-579417.43,-1266070.03,176.20
-579417.12,-1266070.15,176.16
-579416.80,-1266070.28,176.12
-579416.47,-1266070.41,176.07
-579416.16,-1266070.54,176.03
-579415.84,-1266070.66,175.99
-579415.19,-1266070.92,175.89
-579414.88,-1266071.05,175.84
-579414.59,-1266071.17,175.82
-579414.28,-1266071.29,175.79
-579413.97,-1266071.41,175.75
-579413.65,-1266071.54,175.74
-579418.18,-1266069.45,176.27
-579417.84,-1266069.59,176.26
-579417.54,-1266069.71,176.20
-579417.24,-1266069.83,176.17
-579416.91,-1266069.96,176.12
-579416.59,-1266070.09,176.08
-579416.28,-1266070.21,176.04
-579415.95,-1266070.34,176.00
-579415.63,-1266070.47,175.95
-579415.31,-1266070.60,175.90
-579415.00,-1266070.73,175.87
-579414.70,-1266070.84,175.82
-579414.40,-1266070.96,175.81
-579414.09,-1266071.09,175.76
-579413.76,-1266071.22,175.74
-579417.99,-1266069.29,176.26
-579417.69,-1266069.41,176.22
-579417.38,-1266069.54,176.19
-579417.06,-1266069.66,176.14
-579416.72,-1266069.80,176.10
-579416.42,-1266069.92,176.06
-579416.10,-1266070.04,176.03
-579415.77,-1266070.18,175.97
-579415.45,-1266070.31,175.92
-579415.14,-1266070.43,175.88
-579414.84,-1266070.55,175.84
-579414.53,-1266070.67,175.82
-579414.23,-1266070.79,175.78
-579413.90,-1266070.93,175.75
-579413.60,-1266071.05,175.72
-579418.11,-1266068.86,176.27
-579417.81,-1266068.97,176.25
-579417.50,-1266069.10,176.21
-579417.18,-1266069.23,176.18
-579416.86,-1266069.36,176.13
-579416.55,-1266069.48,176.09
-579416.22,-1266069.61,176.04
-579415.90,-1266069.74,176.00
-579415.57,-1266069.87,175.96
-579415.26,-1266069.99,175.91
-579414.96,-1266070.11,175.88
-579414.66,-1266070.23,175.84
-579414.35,-1266070.36,175.81
-579413.73,-1266070.61,175.75
-579417.91,-1266068.58,176.26
-579417.61,-1266068.70,176.23
-579417.29,-1266068.83,176.19
-579416.95,-1266068.96,176.15
-579416.66,-1266069.08,176.11
-579416.34,-1266069.21,176.07
-579416.00,-1266069.34,176.03
-579415.68,-1266069.47,175.99
-579415.38,-1266069.59,175.94
-579415.07,-1266069.71,175.90
-579414.77,-1266069.84,175.87
-579414.47,-1266069.96,175.82
-579414.14,-1266070.09,175.78
-579413.83,-1266070.21,175.75
-579413.51,-1266070.34,175.73
-579418.05,-1266068.28,176.27
-579417.74,-1266068.40,176.26
-579417.42,-1266068.54,176.22
-579417.10,-1266068.66,176.17
-579416.78,-1266068.79,176.14
-579416.46,-1266068.92,176.09
-579416.14,-1266069.05,176.06
-579415.81,-1266069.18,176.00
-579415.50,-1266069.30,175.96
-579415.20,-1266069.42,175.92
-579414.90,-1266069.54,175.88
-579414.59,-1266069.66,175.84
-579414.27,-1266069.80,175.81
-579413.97,-1266069.92,175.77
-579413.64,-1266070.05,175.75
-579418.14,-1266067.89,176.28
-579417.85,-1266068.01,176.26
-579417.53,-1266068.14,176.23
-579417.19,-1266068.27,176.19
-579416.89,-1266068.39,176.16
-579416.56,-1266068.52,176.10
-579416.23,-1266068.66,176.06
-579415.91,-1266068.79,176.02
-579415.61,-1266068.91,175.97
-579415.30,-1266069.03,175.94
-579415.00,-1266069.15,175.91
-579414.69,-1266069.27,175.86
-579414.37,-1266069.40,175.82
-579414.07,-1266069.52,175.78
-579413.74,-1266069.66,175.75
-579413.43,-1266069.78,175.72
-579417.99,-1266067.71,176.28
-579417.67,-1266067.84,176.25
-579417.34,-1266067.97,176.22
-579417.04,-1266068.09,176.19
-579416.71,-1266068.23,176.14
-579416.39,-1266068.35,176.09
-579416.06,-1266068.49,176.05
-579415.75,-1266068.61,176.00
-579415.46,-1266068.73,175.97
-579415.15,-1266068.85,175.93
-579414.85,-1266068.97,175.89
-579414.52,-1266069.10,175.83
-579414.22,-1266069.22,175.81
-579413.89,-1266069.35,175.76
-579413.59,-1266069.48,175.74
-579417.75,-1266067.43,176.28
-579417.43,-1266067.56,176.23
-579417.12,-1266067.68,176.21
-579416.80,-1266067.81,176.16
-579416.47,-1266067.94,176.12
-579416.14,-1266068.08,176.06
-579415.84,-1266068.19,176.02
-579415.54,-1266068.31,175.99
-579415.23,-1266068.44,175.94
-579414.94,-1266068.56,175.91
-579414.61,-1266068.69,175.86
-579414.30,-1266068.81,175.82
-579413.98,-1266068.94,175.79
-579413.67,-1266069.06,175.75
-579413.37,-1266069.18,175.74
-579417.90,-1266067.21,176.28
-579417.57,-1266067.34,176.26
-579417.26,-1266067.47,176.22
-579416.94,-1266067.60,176.17
-579416.61,-1266067.73,176.15
-579416.29,-1266067.86,176.09
-579415.98,-1266067.98,176.06
-579415.68,-1266068.10,176.01
-579415.38,-1266068.22,175.97
-579415.07,-1266068.34,175.93
-579414.75,-1266068.47,175.89
-579414.44,-1266068.60,175.84
-579414.11,-1266068.73,175.80
-579413.81,-1266068.85,175.78
-579413.51,-1266068.97,175.75
-579417.99,-1266066.77,176.28
-579417.66,-1266066.90,176.27
-579417.35,-1266067.03,176.23
-579417.03,-1266067.16,176.21
-579416.70,-1266067.29,176.16
-579416.36,-1266067.42,176.11
-579416.08,-1266067.54,176.07
-579415.46,-1266067.79,176.00
-579415.17,-1266067.90,175.95
-579414.83,-1266068.04,175.90
-579414.53,-1266068.16,175.87
-579414.21,-1266068.28,175.82
-579413.90,-1266068.41,175.79
-579413.60,-1266068.53,175.76
-579413.27,-1266068.66,175.73
-579417.80,-1266066.61,176.27
-579417.48,-1266066.74,176.26
-579417.16,-1266066.87,176.22
-579416.84,-1266067.00,176.17
-579416.50,-1266067.13,176.13
-579416.20,-1266067.25,176.09
-579415.90,-1266067.37,176.06
-579415.59,-1266067.49,176.02
-579415.29,-1266067.62,175.98
-579414.97,-1266067.75,175.93
-579414.66,-1266067.87,175.88
-579414.33,-1266068.00,175.84
-579414.04,-1266068.12,175.81
-579413.73,-1266068.24,175.78
-579413.40,-1266068.37,175.74
-579417.87,-1266066.15,176.28
-579417.57,-1266066.26,176.27
-579417.26,-1266066.39,176.25
-579416.91,-1266066.53,176.19
-579416.59,-1266066.66,176.16
-579416.29,-1266066.78,176.11
-579415.98,-1266066.90,176.08
-579415.68,-1266067.02,176.03
-579415.38,-1266067.14,175.98
-579415.05,-1266067.27,175.94
-579414.75,-1266067.40,175.92
-579414.42,-1266067.52,175.87
-579414.11,-1266067.65,175.83
-579413.81,-1266067.77,175.79
-579413.48,-1266067.90,175.75
-579413.16,-1266068.03,175.74
-579414.58,-1266067.26,175.89
-579414.28,-1266067.38,175.85
-579413.97,-1266067.50,175.81
-579413.64,-1266067.63,175.78
-579413.32,-1266067.76,175.75
-579417.73,-1266066.00,176.28
-579417.41,-1266066.13,176.26
-579417.09,-1266066.25,176.22
-579416.75,-1266066.39,176.17
-579416.44,-1266066.51,176.13
-579416.15,-1266066.63,176.09
-579415.84,-1266066.76,176.06
-579415.54,-1266066.88,176.02
-579415.22,-1266067.00,175.97
-579417.52,-1266065.84,176.27
-579417.20,-1266065.97,176.23
-579416.87,-1266066.10,176.19
-579416.56,-1266066.23,176.15
-579416.27,-1266066.34,176.11
-579415.96,-1266066.47,176.07
-579415.65,-1266066.59,176.03
-579415.34,-1266066.71,175.99
-579415.02,-1266066.84,175.96
-579414.69,-1266066.98,175.91
-579414.40,-1266067.09,175.87
-579414.09,-1266067.21,175.83
-579413.76,-1266067.35,175.79
-579413.44,-1266067.47,175.76
-579413.14,-1266067.60,175.73
-579417.62,-1266065.38,176.27
-579417.29,-1266065.51,176.26
-579416.96,-1266065.64,176.21
-579416.66,-1266065.77,176.17
-579416.36,-1266065.88,176.14
-579416.05,-1266066.01,176.10
-579415.75,-1266066.13,176.05
-579415.43,-1266066.26,176.03
-579415.12,-1266066.38,175.98
-579414.79,-1266066.51,175.93
-579414.50,-1266066.63,175.89
-579414.18,-1266066.76,175.85
-579413.86,-1266066.89,175.81
-579413.53,-1266067.02,175.78
-579413.23,-1266067.14,175.75
-579417.70,-1266065.04,176.27
-579417.38,-1266065.17,176.26
-579417.04,-1266065.30,176.23
-579416.75,-1266065.42,176.19
-579416.45,-1266065.54,176.15
-579416.13,-1266065.67,176.11
-579415.84,-1266065.78,176.07
-579415.51,-1266065.91,176.04
-579415.20,-1266066.04,175.99
-579414.88,-1266066.17,175.96
-579414.58,-1266066.29,175.92
-579414.27,-1266066.41,175.87
-579413.94,-1266066.54,175.82
-579413.62,-1266066.67,175.78
-579413.31,-1266066.80,175.77
-579417.48,-1266064.89,176.27
-579417.16,-1266065.02,176.26
-579416.85,-1266065.14,176.21
-579416.55,-1266065.27,176.16
-579416.25,-1266065.39,176.13
-579415.94,-1266065.51,176.09
-579415.62,-1266065.64,176.05
-579415.32,-1266065.76,176.02
-579414.98,-1266065.89,175.97
-579414.68,-1266066.01,175.93
-579414.38,-1266066.14,175.88
-579414.05,-1266066.27,175.84
-579413.72,-1266066.40,175.79
-579413.42,-1266066.52,175.77
-579413.09,-1266066.65,175.74
-579417.60,-1266064.53,176.28
-579417.27,-1266064.67,176.26
-579416.97,-1266064.79,176.24
-579416.66,-1266064.91,176.19
-579416.35,-1266065.03,176.15
-579416.06,-1266065.15,176.12
-579415.73,-1266065.28,176.07
-579415.41,-1266065.41,176.03
-579415.10,-1266065.53,175.98
-579414.79,-1266065.66,175.95
-579414.48,-1266065.78,175.90
-579414.17,-1266065.90,175.86
-579413.83,-1266066.04,175.81
-579413.53,-1266066.16,175.78
-579413.21,-1266066.29,175.75
-579417.38,-1266064.27,176.27
-579417.08,-1266064.39,176.26
-579416.79,-1266064.51,176.21
-579416.47,-1266064.63,176.18
-579416.17,-1266064.75,176.14
-579415.85,-1266064.89,176.10
-579415.54,-1266065.01,176.05
-579415.21,-1266065.14,176.01
-579414.92,-1266065.26,175.97
-579414.61,-1266065.38,175.93
-579414.28,-1266065.51,175.88
-579413.65,-1266065.76,175.79
-579413.32,-1266065.90,175.77
-579413.00,-1266066.03,175.74
-579417.51,-1266063.91,176.28
-579417.22,-1266064.03,176.27
-579416.90,-1266064.15,176.24
-579416.60,-1266064.27,176.20
-579416.30,-1266064.39,176.16
-579415.97,-1266064.53,176.12
-579415.67,-1266064.65,176.07
-579415.35,-1266064.77,176.03
-579415.04,-1266064.90,175.99
-579414.73,-1266065.02,175.95
-579414.42,-1266065.15,175.92
-579414.08,-1266065.28,175.86
-579413.78,-1266065.40,175.82
-579413.45,-1266065.53,175.78
-579413.12,-1266065.67,175.77
-579411.58,-1266056.16,175.77
-579411.27,-1266056.28,175.75
-579410.95,-1266056.41,175.74
-579411.74,-1266056.39,175.78
-579411.41,-1266056.53,175.75
-579411.10,-1266056.66,175.74
-579411.88,-1266056.67,175.80
-579411.57,-1266056.80,175.77
-579411.24,-1266056.93,175.75
-579412.02,-1266057.01,175.80
-579411.73,-1266057.12,175.78
-579411.41,-1266057.25,175.76
-579411.08,-1266057.39,175.74
-579411.81,-1266057.28,175.77
-579411.52,-1266057.40,175.76
-579411.21,-1266057.52,175.75
-579411.96,-1266057.60,175.78
-579411.65,-1266057.73,175.76
-579411.83,-1266058.01,175.76
-579412.00,-1266058.34,175.76
-579412.11,-1266058.45,175.76
-579411.79,-1266058.58,175.75
-579411.95,-1266058.80,175.75
-579411.62,-1266058.93,175.73
-579411.33,-1266059.05,175.72
-579412.17,-1266059.13,175.76
-579411.85,-1266059.25,175.74
-579411.51,-1266059.39,175.72
-579412.19,-1266059.72,175.76
-579411.86,-1266059.85,175.74
-579411.54,-1266059.98,175.72
-579412.03,-1266059.53,175.75
-579411.70,-1266059.66,175.72
-579412.32,-1266059.90,175.77
-579412.00,-1266060.03,175.74
-579411.68,-1266060.16,175.73
-579412.18,-1266060.37,175.76
-579411.88,-1266060.49,175.74
-579411.55,-1266060.62,175.72
-579412.33,-1266060.61,175.76
-579412.01,-1266060.74,175.74
-579411.70,-1266060.86,175.73
-579412.18,-1266060.98,175.74
-579411.85,-1266061.12,175.73
-579412.34,-1266061.12,175.76
-579411.99,-1266061.26,175.74
-579411.67,-1266061.39,175.72
-579412.24,-1266061.61,175.74
-579411.91,-1266061.74,175.72
-579412.39,-1266061.80,175.76
-579412.09,-1266061.92,175.73
-579412.26,-1266062.18,175.75
-579411.95,-1266062.31,175.71
-579412.36,-1266062.28,175.75
-579412.05,-1266062.41,175.72
-579412.60,-1266062.71,175.75
-579412.28,-1266062.84,175.75
-579412.43,-1266063.02,175.75
-579412.11,-1266063.15,175.72
-579412.56,-1266063.25,175.75
-579412.27,-1266063.36,175.74
-579412.40,-1266063.55,175.75
-579412.57,-1266063.82,175.75
-579412.24,-1266063.95,175.74
-579412.75,-1266064.10,175.75
-579412.43,-1266064.23,175.74
-579412.60,-1266064.43,175.74
-579412.31,-1266064.55,175.73
-579412.59,-1266064.99,175.74
-579412.74,-1266064.61,175.75
-579412.45,-1266064.73,175.74
-579412.77,-1266065.28,175.74
-579412.47,-1266065.40,175.72
-579412.79,-1266065.80,175.73
-579412.50,-1266065.92,175.71
-579412.64,-1266065.64,175.72
-579412.33,-1266065.76,175.71
-579412.88,-1266066.43,175.73
-579412.77,-1266066.78,175.71
-579412.98,-1266066.93,175.73
-579412.66,-1266067.06,175.71
-579412.90,-1266067.27,175.72
-579412.81,-1266067.73,175.71
-579413.02,-1266067.88,175.73
-579412.85,-1266068.15,175.72
-579413.08,-1266068.50,175.72
-579413.18,-1266069.10,175.73
-579413.04,-1266069.31,175.71
-579413.28,-1266069.60,175.72
-579413.14,-1266069.90,175.71
-579413.34,-1266070.17,175.72
-579413.21,-1266070.46,175.71
-579413.39,-1266070.74,175.72
-579413.46,-1266071.34,175.72
-579413.34,-1266071.66,175.72
-579413.54,-1266071.93,175.72
-579413.73,-1266074.13,175.72
-579413.85,-1266074.86,175.72
-579412.65,-1266054.42,175.97
-579412.32,-1266054.55,175.92
-579412.02,-1266054.67,175.89
-579412.77,-1266054.67,175.94
-579412.46,-1266054.80,175.91
-579412.11,-1266054.94,175.85
-579411.83,-1266055.05,175.83
-579414.01,-1266054.17,176.12
-579413.67,-1266054.31,176.06
-579413.06,-1266054.55,175.97
-579414.15,-1266054.43,176.11
-579413.83,-1266054.55,176.06
-579413.49,-1266054.69,176.01
-579413.19,-1266054.81,175.97
-579412.88,-1266054.94,175.93
-579412.57,-1266055.06,175.91
-579412.28,-1266055.18,175.88
-579411.94,-1266055.32,175.82
-579415.10,-1266054.04,176.25
-579414.48,-1266054.29,176.13
-579415.57,-1266054.23,176.27
-579415.28,-1266054.34,176.23
-579414.93,-1266054.48,176.18
-579414.62,-1266054.61,176.14
-579414.30,-1266054.74,176.10
-579413.98,-1266054.87,176.06
-579413.65,-1266055.00,176.03
-579413.31,-1266055.14,175.98
-579413.02,-1266055.25,175.95
-579412.71,-1266055.38,175.92
-579412.40,-1266055.50,175.89
-579412.10,-1266055.63,175.84
-579415.69,-1266054.50,176.26
-579415.39,-1266054.62,176.24
-579415.08,-1266054.75,176.21
-579414.75,-1266054.88,176.15
-579414.42,-1266055.01,176.12
-579414.12,-1266055.13,176.07
-579413.79,-1266055.26,176.04
-579413.46,-1266055.40,176.01
-579413.12,-1266055.54,175.96
-579412.82,-1266055.65,175.92
-579412.51,-1266055.78,175.89
-579412.21,-1266055.90,175.85
-579415.84,-1266054.75,176.27
-579415.52,-1266054.87,176.26
-579415.21,-1266055.00,176.22
-579414.91,-1266055.12,176.16
-579414.58,-1266055.25,176.13
-579414.25,-1266055.39,176.09
-579413.94,-1266055.51,176.05
-579413.61,-1266055.64,176.01
-579413.29,-1266055.77,175.97
-579412.96,-1266055.91,175.94
-579412.65,-1266056.03,175.90
-579415.98,-1266055.02,176.27
-579415.68,-1266055.15,176.27
-579415.35,-1266055.28,176.23
-579415.04,-1266055.40,176.19
-579414.74,-1266055.52,176.15
-579414.41,-1266055.65,176.11
-579414.08,-1266055.79,176.07
-579413.78,-1266055.91,176.03
-579416.15,-1266055.35,176.27
-579415.83,-1266055.47,176.27
-579415.52,-1266055.60,176.23
-579415.19,-1266055.73,176.21
-579414.89,-1266055.85,176.16
-579415.94,-1266055.62,176.27
-579415.62,-1266055.75,176.24
-579415.32,-1266055.87,176.22
-579411.27,-1266054.69,175.80
-579411.38,-1266054.93,175.79
-579411.08,-1266055.05,175.78
-579410.74,-1266055.19,175.75
-579411.69,-1266054.80,175.84
-579411.49,-1266055.19,175.78
-579410.88,-1266055.43,175.75
-579411.63,-1266055.44,175.78
-579411.31,-1266055.57,175.76
-579411.00,-1266055.69,175.75
-579411.76,-1266055.76,175.79
-579411.46,-1266055.88,175.77
-579411.14,-1266056.01,175.75
-579410.82,-1266056.14,175.74
-579411.91,-1266056.02,175.80
