-443721.320,-1172315.120,357.520
-443721.630,-1172315.070,357.460
-443721.900,-1172315.250,356.660
-443722.010,-1172314.970,355.535
-443721.970,-1172315.580,357.335
-443722.090,-1172315.280,355.760
-443722.220,-1172314.970,355.430
-443722.480,-1172315.410,355.680
-443722.600,-1172315.130,355.470
-443722.710,-1172314.850,355.340
-443722.850,-1172315.280,355.510
-443722.960,-1172315.000,355.365
-443723.260,-1172315.300,355.515
-443723.370,-1172315.020,355.425
-443723.490,-1172314.720,355.320
-443723.500,-1172315.370,355.555
-443723.630,-1172315.060,355.450
-443723.740,-1172314.770,355.340
-443724.090,-1172315.120,355.480
-443724.220,-1172314.820,355.365
-443724.350,-1172315.260,355.610
-443724.470,-1172314.970,355.445
-443724.590,-1172314.660,355.355
-443724.910,-1172314.790,355.420
-443725.030,-1172314.500,355.350
-443724.790,-1172315.080,355.510
-443724.930,-1172315.150,355.540
-443725.040,-1172314.870,355.445
-443725.160,-1172314.570,355.350
-443720.940,-1172326.110,355.335
-443721.060,-1172325.820,355.520
-443725.370,-1172315.080,355.540
-443725.490,-1172314.790,355.445
-443725.610,-1172314.480,355.360
-443721.050,-1172326.520,355.145
-443721.170,-1172326.230,355.250
-443721.290,-1172325.920,355.460
-443725.600,-1172315.180,355.590
-443725.720,-1172314.890,355.510
-443725.840,-1172314.590,355.380
-443721.310,-1172326.990,354.870
-443721.430,-1172326.700,355.020
-443721.550,-1172326.390,355.120
-443721.680,-1172326.090,355.280
-443721.800,-1172325.790,355.490
-443726.130,-1172315.000,355.540
-443726.250,-1172314.700,355.490
-443721.510,-1172327.260,354.830
-443721.630,-1172326.940,354.870
-443721.750,-1172326.640,355.000
-443721.870,-1172326.330,355.100
-443721.990,-1172326.040,355.280
-443722.110,-1172325.740,355.470
-443722.220,-1172326.880,354.850
-443722.330,-1172326.590,354.970
-443722.450,-1172326.300,355.080
-443722.580,-1172325.980,355.290
-443722.710,-1172325.660,355.480
-443722.540,-1172326.940,354.840
-443722.650,-1172326.650,354.955
-443722.780,-1172326.330,355.070
-443722.900,-1172326.020,355.220
-443723.020,-1172325.730,355.455
-443722.940,-1172327.000,354.790
-443723.060,-1172326.710,354.880
-443723.180,-1172326.400,355.020
-443723.300,-1172326.110,355.200
-443723.420,-1172325.810,355.345
-443723.540,-1172325.500,355.600
-443723.310,-1172326.830,354.870
-443723.420,-1172326.530,354.960
-443723.540,-1172326.230,355.060
-443723.660,-1172325.940,355.270
-443723.770,-1172325.660,355.440
-443723.810,-1172326.820,354.800
-443723.940,-1172326.510,354.950
-443724.050,-1172326.230,355.050
-443724.180,-1172325.900,355.235
-443724.300,-1172325.600,355.450
-443724.210,-1172326.820,354.805
-443724.330,-1172326.520,354.950
-443724.460,-1172326.190,355.060
-443724.570,-1172325.900,355.210
-443724.700,-1172325.600,355.415
-443724.730,-1172326.800,354.805
-443724.860,-1172326.480,354.980
-443724.970,-1172326.200,355.125
-443725.080,-1172325.910,355.295
-443725.200,-1172325.610,355.425
-443725.000,-1172326.740,354.880
-443725.120,-1172326.440,355.000
-443725.240,-1172326.130,355.170
-443725.370,-1172325.820,355.310
-443725.490,-1172325.500,355.470
-443725.810,-1172325.960,355.300
-443725.930,-1172325.650,355.395
-443726.060,-1172325.340,355.540
-443726.090,-1172325.990,355.340
-443726.210,-1172325.680,355.400
-443726.330,-1172325.390,355.540
-443726.650,-1172325.660,355.405
-443726.770,-1172325.350,355.500
-443726.830,-1172325.820,355.380
-443726.950,-1172325.530,355.420
-443727.070,-1172325.220,355.525
-443727.370,-1172325.810,355.350
-443727.500,-1172325.490,355.400
-443727.620,-1172325.170,355.410
-443720.800,-1172327.150,354.870
-443720.930,-1172326.830,355.020
-443720.200,-1172326.500,355.285
-443720.330,-1172326.180,355.440
-443720.460,-1172325.860,355.570
-443720.580,-1172327.020,355.060
-443720.700,-1172326.720,355.130
-443720.820,-1172326.420,355.210
-443719.410,-1172326.790,355.320
-443719.540,-1172326.470,355.360
-443719.650,-1172326.180,355.515
-443720.360,-1172326.510,355.240
-443720.480,-1172326.210,355.345
-443720.600,-1172325.920,355.500
-443718.700,-1172326.640,355.360
-443718.820,-1172326.350,355.490
-443718.940,-1172326.040,355.640
-443719.770,-1172326.650,355.300
-443719.900,-1172326.340,355.370
-443720.020,-1172326.030,355.535
-443717.910,-1172326.790,355.440
-443718.030,-1172326.490,355.500
-443718.140,-1172326.200,355.610
-443718.930,-1172326.750,355.335
-443719.050,-1172326.460,355.450
-443719.170,-1172326.140,355.555
-443718.170,-1172326.910,355.340
-443718.280,-1172326.630,355.425
-443718.400,-1172326.340,355.505
-443717.510,-1172326.660,355.680
-443717.640,-1172326.350,355.770
-443717.320,-1172326.630,355.815
-443717.440,-1172326.320,355.905
-443720.190,-1172316.680,358.160
-443720.300,-1172316.400,358.010
-443720.430,-1172316.100,357.870
-443720.540,-1172315.820,357.790
-443720.660,-1172315.520,357.700
-443720.780,-1172315.230,357.620
-443720.150,-1172316.050,357.885
-443720.270,-1172315.770,357.805
-443720.380,-1172315.500,357.710
-443720.500,-1172315.190,357.620
-443720.300,-1172318.350,358.480
-443720.420,-1172318.050,358.400
-443720.540,-1172317.730,358.315
-443720.670,-1172317.420,358.205
-443720.780,-1172317.150,358.110
-443720.900,-1172316.850,357.980
-443721.020,-1172316.560,357.870
-443721.140,-1172316.260,357.750
-443721.260,-1172315.960,357.630
-443721.380,-1172315.670,357.560
-443721.500,-1172315.360,357.490
-443720.220,-1172317.800,358.480
-443720.350,-1172317.500,358.340
-443720.470,-1172317.190,358.220
-443720.590,-1172316.890,358.110
-443720.710,-1172316.590,357.975
-443720.830,-1172316.290,357.850
-443720.950,-1172315.990,357.745
-443721.080,-1172315.690,357.635
-443721.190,-1172315.410,357.570
-443721.320,-1172315.100,357.520
-443720.330,-1172319.110,358.520
-443720.450,-1172318.800,358.420
-443720.560,-1172318.530,358.335
-443720.690,-1172318.210,358.260
-443720.810,-1172317.900,358.170
-443720.930,-1172317.610,358.100
-443721.040,-1172317.340,358.030
-443721.170,-1172317.020,357.940
-443721.290,-1172316.720,357.820
-443721.410,-1172316.430,357.720
-443721.540,-1172316.120,357.590
-443721.660,-1172315.800,357.510
-443721.780,-1172315.500,357.450
-443721.890,-1172315.230,356.615
-443720.410,-1172319.430,358.580
-443720.520,-1172319.140,358.480
-443720.650,-1172318.840,358.340
-443720.770,-1172318.540,358.260
-443720.880,-1172318.260,358.170
-443721.010,-1172317.950,358.080
-443721.120,-1172317.670,357.990
-443721.240,-1172317.360,357.945
-443721.370,-1172317.050,357.830
-443721.480,-1172316.760,357.750
-443721.600,-1172316.480,357.650
-443721.720,-1172316.170,357.550
-443721.850,-1172315.870,357.460
-443721.970,-1172315.560,357.310
-443720.440,-1172320.450,358.890
-443720.570,-1172320.120,358.790
-443720.700,-1172319.820,358.630
-443720.810,-1172319.550,358.490
-443720.930,-1172319.240,358.370
-443721.050,-1172318.940,358.220
-443721.170,-1172318.650,358.130
-443721.290,-1172318.370,358.000
-443721.410,-1172318.060,357.890
-443721.530,-1172317.770,357.790
-443721.640,-1172317.500,357.730
-443721.760,-1172317.190,357.610
-443721.880,-1172316.890,357.560
-443721.990,-1172316.610,357.510
-443722.110,-1172316.310,357.415
-443722.110,-1172316.320,357.430
-443722.230,-1172316.040,356.430
-443722.360,-1172315.710,355.915
-443720.620,-1172321.840,358.400
-443720.720,-1172321.570,358.550
-443720.850,-1172321.260,358.840
-443720.980,-1172320.930,358.880
-443721.100,-1172320.620,358.880
-443721.220,-1172320.330,358.840
-443721.350,-1172320.030,358.660
-443721.470,-1172319.730,358.470
-443721.580,-1172319.450,358.290
-443721.690,-1172319.180,358.165
-443721.820,-1172318.860,357.990
-443721.940,-1172318.550,357.850
-443722.060,-1172318.270,357.725
-443722.180,-1172317.970,357.590
-443722.310,-1172317.650,357.460
-443722.430,-1172317.350,357.280
-443722.540,-1172317.070,356.930
-443722.670,-1172316.760,356.610
-443722.790,-1172316.460,356.320
-443722.910,-1172316.160,356.070
-443723.020,-1172315.880,355.860
-443723.140,-1172315.590,355.665
-443720.570,-1172320.900,358.880
-443720.690,-1172320.610,358.880
-443720.810,-1172320.310,358.830
-443720.930,-1172320.010,358.660
-443721.050,-1172319.720,358.520
-443721.170,-1172319.410,358.360
-443721.290,-1172319.110,358.200
-443721.420,-1172318.810,358.090
-443721.540,-1172318.510,357.960
-443721.660,-1172318.210,357.840
-443721.780,-1172317.920,357.730
-443721.900,-1172317.620,357.605
-443722.020,-1172317.320,357.510
-443722.130,-1172317.040,357.450
-443722.240,-1172316.770,357.160
-443722.360,-1172316.470,356.640
-443722.490,-1172316.160,356.280
-443722.600,-1172315.880,356.030
-443722.720,-1172315.600,355.750
-443720.610,-1172322.540,357.930
-443720.730,-1172322.240,358.140
-443720.850,-1172321.940,358.350
-443720.960,-1172321.650,358.525
-443721.090,-1172321.340,358.765
-443721.210,-1172321.020,358.870
-443721.440,-1172320.450,358.890
-443721.690,-1172319.840,358.565
-443721.820,-1172319.530,358.330
-443721.930,-1172319.240,358.130
-443722.060,-1172318.920,357.980
-443722.180,-1172318.640,357.840
-443722.290,-1172318.360,357.690
-443722.410,-1172318.070,357.580
-443722.530,-1172317.770,357.445
-443722.660,-1172317.460,357.165
-443722.770,-1172317.170,356.920
-443722.900,-1172316.870,356.620
-443723.020,-1172316.560,356.370
-443723.140,-1172316.260,356.080
-443723.260,-1172315.960,355.900
-443723.390,-1172315.660,355.695
-443720.730,-1172323.460,357.250
-443720.860,-1172323.140,357.525
-443720.980,-1172322.850,357.665
-443721.100,-1172322.540,357.900
-443721.210,-1172322.260,358.080
-443721.340,-1172321.950,358.270
-443721.450,-1172321.660,358.480
-443721.560,-1172321.390,358.685
-443721.690,-1172321.070,358.880
-443721.920,-1172320.490,358.900
-443722.040,-1172320.190,358.850
-443722.160,-1172319.890,358.645
-443722.290,-1172319.580,358.440
-443722.410,-1172319.290,358.220
-443722.520,-1172319.000,358.070
-443722.640,-1172318.700,357.840
-443722.760,-1172318.400,357.630
-443722.880,-1172318.110,357.490
-443723.010,-1172317.800,357.260
-443723.140,-1172317.490,357.010
-443723.260,-1172317.190,356.790
-443723.370,-1172316.900,356.580
-443723.490,-1172316.610,356.385
-443723.610,-1172316.310,356.220
-443723.730,-1172316.030,356.020
-443723.850,-1172315.720,355.750
-443723.970,-1172315.430,355.635
-443720.750,-1172324.220,356.810
-443720.870,-1172323.910,356.940
-443721.000,-1172323.590,357.180
-443721.110,-1172323.300,357.380
-443721.230,-1172323.000,357.580
-443721.360,-1172322.670,357.790
-443721.480,-1172322.380,357.955
-443721.600,-1172322.080,358.140
-443721.720,-1172321.780,358.345
-443721.840,-1172321.480,358.550
-443721.960,-1172321.170,358.800
-443722.200,-1172320.580,358.920
-443722.310,-1172320.290,358.900
-443722.430,-1172320.010,358.810
-443722.550,-1172319.720,358.620
-443722.670,-1172319.420,358.380
-443722.780,-1172319.140,358.190
-443722.910,-1172318.830,357.980
-443723.020,-1172318.550,357.770
-443723.150,-1172318.230,357.550
-443723.270,-1172317.940,357.340
-443723.380,-1172317.650,357.135
-443723.500,-1172317.370,356.940
-443723.630,-1172317.050,356.740
-443723.750,-1172316.750,356.510
-443723.870,-1172316.460,356.350
-443724.000,-1172316.140,356.090
-443724.120,-1172315.840,355.920
-443724.240,-1172315.550,355.720
-443720.810,-1172324.970,356.170
-443720.940,-1172324.660,356.380
-443721.060,-1172324.360,356.615
-443721.190,-1172324.030,356.860
-443721.320,-1172323.710,357.070
-443721.430,-1172323.430,357.265
-443721.540,-1172323.150,357.420
-443721.660,-1172322.850,357.635
-443721.790,-1172322.540,357.820
-443721.900,-1172322.240,358.020
-443722.020,-1172321.940,358.240
-443722.150,-1172321.630,358.425
-443722.270,-1172321.320,358.680
-443722.390,-1172321.020,358.870
-443722.510,-1172320.720,358.900
-443722.640,-1172320.410,358.920
-443722.750,-1172320.130,358.890
-443722.870,-1172319.830,358.715
-443722.990,-1172319.530,358.480
-443723.110,-1172319.240,358.310
-443723.220,-1172318.960,358.090
-443723.340,-1172318.680,357.915
-443723.460,-1172318.360,357.675
-443723.580,-1172318.080,357.480
-443723.690,-1172317.800,357.280
-443723.820,-1172317.490,357.040
-443723.940,-1172317.190,356.855
-443724.060,-1172316.890,356.640
-443724.180,-1172316.590,356.450
-443724.300,-1172316.300,356.260
-443724.420,-1172316.010,356.045
-443724.540,-1172315.710,355.860
-443724.660,-1172315.410,355.660
-443720.840,-1172325.320,355.920
-443720.960,-1172325.010,356.125
-443721.090,-1172324.700,356.330
-443721.210,-1172324.400,356.580
-443721.320,-1172324.110,356.805
-443721.450,-1172323.800,356.990
-443721.570,-1172323.490,357.190
-443721.690,-1172323.180,357.400
-443721.820,-1172322.870,357.600
-443721.940,-1172322.560,357.820
-443722.060,-1172322.270,358.010
-443722.180,-1172321.970,358.230
-443722.290,-1172321.680,358.400
-443722.420,-1172321.370,358.640
-443722.540,-1172321.060,358.895
-443722.650,-1172320.770,358.920
-443722.770,-1172320.470,358.920
-443722.900,-1172320.170,358.900
-443723.020,-1172319.860,358.730
-443723.140,-1172319.580,358.520
-443723.260,-1172319.260,358.320
-443723.370,-1172318.990,358.120
-443723.500,-1172318.670,357.900
-443723.620,-1172318.390,357.710
-443723.730,-1172318.110,357.510
-443723.850,-1172317.810,357.290
-443723.970,-1172317.520,357.105
-443724.090,-1172317.210,356.870
-443724.210,-1172316.930,356.680
-443724.320,-1172316.650,356.510
-443724.440,-1172316.350,356.290
-443724.560,-1172316.050,356.090
-443724.680,-1172315.750,355.890
-443724.810,-1172315.440,355.680
-443721.170,-1172325.540,355.710
-443721.290,-1172325.240,355.920
-443721.410,-1172324.930,356.120
-443721.530,-1172324.640,356.330
-443721.650,-1172324.340,356.600
-443721.770,-1172324.030,356.810
-443721.900,-1172323.720,356.990
-443722.010,-1172323.420,357.210
-443722.130,-1172323.130,357.410
-443722.250,-1172322.830,357.600
-443722.370,-1172322.520,357.800
-443722.490,-1172322.220,358.020
-443722.620,-1172321.910,358.230
-443722.750,-1172321.580,358.430
-443722.870,-1172321.280,358.695
-443722.980,-1172320.990,358.880
-443723.100,-1172320.700,358.900
-443723.220,-1172320.400,358.940
-443723.340,-1172320.100,358.900
-443723.460,-1172319.800,358.730
-443723.580,-1172319.500,358.520
-443723.700,-1172319.200,358.305
-443723.820,-1172318.900,358.110
-443723.950,-1172318.600,357.860
-443724.070,-1172318.300,357.660
-443724.190,-1172318.000,357.480
-443724.310,-1172317.710,357.265
-443724.430,-1172317.410,357.045
-443724.550,-1172317.110,356.850
-443724.660,-1172316.840,356.650
-443724.770,-1172316.550,356.450
-443724.890,-1172316.270,356.295
-443725.020,-1172315.950,356.030
-443725.130,-1172315.680,355.875
-443725.240,-1172315.400,355.710
-443721.410,-1172325.620,355.680
-443721.530,-1172325.310,355.860
-443721.650,-1172325.020,356.050
-443721.770,-1172324.720,356.235
-443721.880,-1172324.430,356.555
-443722.000,-1172324.130,356.750
-443722.120,-1172323.830,356.890
-443722.240,-1172323.550,357.090
-443722.360,-1172323.240,357.330
-443722.480,-1172322.940,357.530
-443722.590,-1172322.650,357.725
-443722.720,-1172322.330,357.960
-443722.840,-1172322.020,358.155
-443722.960,-1172321.720,358.375
-443723.070,-1172321.450,358.550
-443723.200,-1172321.130,358.730
-443723.330,-1172320.810,358.910
-443723.440,-1172320.520,358.930
-443723.570,-1172320.210,358.900
-443723.690,-1172319.900,358.840
-443723.810,-1172319.610,358.610
-443723.930,-1172319.330,358.410
-443724.040,-1172319.040,358.205
-443724.170,-1172318.730,357.960
-443724.290,-1172318.440,357.790
-443724.400,-1172318.150,357.570
-443724.530,-1172317.840,357.400
-443724.650,-1172317.530,357.150
-443724.770,-1172317.230,356.890
-443724.890,-1172316.950,356.730
-443725.010,-1172316.630,356.530
-443725.130,-1172316.350,356.330
-443725.250,-1172316.050,356.110
-443725.370,-1172315.760,355.930
-443725.490,-1172315.470,355.740
-443721.920,-1172325.460,355.725
-443722.040,-1172325.180,355.910
-443722.160,-1172324.860,356.100
-443722.290,-1172324.560,356.340
-443722.410,-1172324.250,356.575
-443722.520,-1172323.960,356.780
-443722.650,-1172323.640,357.000
-443722.770,-1172323.350,357.195
-443722.880,-1172323.070,357.400
-443723.000,-1172322.770,357.590
-443723.110,-1172322.480,357.835
-443723.240,-1172322.170,358.140
-443723.350,-1172321.880,358.310
-443723.470,-1172321.590,358.460
-443723.600,-1172321.270,358.670
-443723.710,-1172320.980,358.875
-443723.830,-1172320.690,358.900
-443723.960,-1172320.370,358.920
-443724.080,-1172320.070,358.890
-443724.190,-1172319.800,358.730
-443724.320,-1172319.470,358.525
-443724.440,-1172319.170,358.330
-443724.560,-1172318.880,358.140
-443724.680,-1172318.580,357.905
-443724.810,-1172318.270,357.685
-443724.930,-1172317.970,357.465
-443725.160,-1172317.400,357.140
-443725.280,-1172317.090,356.890
-443725.410,-1172316.780,356.685
-443725.520,-1172316.510,356.505
-443725.640,-1172316.200,356.305
-443725.770,-1172315.890,356.030
-443725.890,-1172315.580,355.865
-443726.010,-1172315.290,355.690
-443722.350,-1172325.130,355.900
-443722.470,-1172324.830,356.100
-443722.600,-1172324.520,356.345
-443722.720,-1172324.230,356.550
-443722.840,-1172323.920,356.780
-443722.960,-1172323.610,356.990
-443723.080,-1172323.320,357.150
-443723.200,-1172323.010,357.420
-443723.320,-1172322.710,357.670
-443723.450,-1172322.390,357.990
-443723.560,-1172322.110,358.205
-443723.680,-1172321.810,358.360
-443723.790,-1172321.520,358.540
-443723.910,-1172321.240,358.700
-443724.040,-1172320.910,358.870
-443724.150,-1172320.620,358.910
-443724.270,-1172320.330,358.900
-443724.390,-1172320.030,358.870
-443724.500,-1172319.750,358.755
-443724.630,-1172319.440,358.550
-443724.750,-1172319.140,358.360
-443724.870,-1172318.850,358.130
-443724.980,-1172318.570,357.950
-443725.110,-1172318.260,357.710
-443725.230,-1172317.940,357.480
-443725.360,-1172317.640,357.290
-443725.480,-1172317.340,357.100
-443725.600,-1172317.040,356.890
-443725.720,-1172316.740,356.700
-443725.830,-1172316.460,356.500
-443725.950,-1172316.180,356.310
-443726.070,-1172315.870,356.085
-443726.200,-1172315.560,355.870
-443726.310,-1172315.270,355.690
-443724.520,-1172321.110,358.670
-443724.630,-1172320.830,358.795
-443724.750,-1172320.530,358.850
-443724.870,-1172320.240,358.790
-443724.990,-1172319.950,358.750
-443725.100,-1172319.660,358.590
-443725.220,-1172319.370,358.465
-443725.340,-1172319.070,358.315
-443725.460,-1172318.760,358.110
-443725.580,-1172318.490,357.960
-443725.700,-1172318.180,357.725
-443725.830,-1172317.860,357.480
-443725.940,-1172317.590,357.290
-443726.050,-1172317.310,357.090
-443726.180,-1172316.990,356.870
-443726.310,-1172316.680,356.710
-443726.430,-1172316.380,356.530
-443722.230,-1172325.450,355.690
-443725.910,-1172318.500,357.940
-443726.020,-1172318.220,357.820
-443726.140,-1172317.940,357.625
-443726.260,-1172317.630,357.350
-443726.380,-1172317.350,357.150
-443726.500,-1172317.050,356.890
-443726.620,-1172316.740,356.750
-443722.830,-1172325.350,355.740
-443722.950,-1172325.050,355.970
-443723.070,-1172324.740,356.145
-443723.190,-1172324.450,356.330
-443723.300,-1172324.160,356.550
-443723.420,-1172323.860,356.720
-443723.550,-1172323.540,356.970
-443723.670,-1172323.250,357.210
-443723.910,-1172322.630,357.690
-443724.280,-1172321.720,358.385
-443724.390,-1172321.430,358.550
-443723.140,-1172325.430,355.650
-443723.260,-1172325.120,355.890
-443723.380,-1172324.810,356.060
-443723.510,-1172324.510,356.300
-443723.640,-1172324.190,356.530
-443723.760,-1172323.880,356.690
-443723.870,-1172323.590,356.955
-443723.990,-1172323.300,357.150
-443724.100,-1172323.010,357.380
-443724.230,-1172322.690,357.630
-443724.350,-1172322.390,357.910
-443724.470,-1172322.090,358.125
-443724.590,-1172321.780,358.310
-443724.720,-1172321.470,358.430
-443724.840,-1172321.170,358.615
-443724.960,-1172320.870,358.715
-443725.080,-1172320.560,358.750
-443725.200,-1172320.270,358.720
-443725.320,-1172319.970,358.625
-443725.440,-1172319.680,358.520
-443725.550,-1172319.390,358.380
-443725.660,-1172319.110,358.250
-443725.780,-1172318.820,358.085
-443723.660,-1172325.210,355.790
-443723.780,-1172324.900,356.020
-443723.910,-1172324.580,356.240
-443724.030,-1172324.280,356.410
-443724.130,-1172324.010,356.620
-443724.260,-1172323.690,356.805
-443724.390,-1172323.380,357.040
-443724.510,-1172323.070,357.320
-443724.630,-1172322.780,357.500
-443724.760,-1172322.450,357.710
-443724.870,-1172322.160,357.975
-443724.990,-1172321.880,358.130
-443725.100,-1172321.580,358.300
-443725.230,-1172321.260,358.460
-443725.360,-1172320.950,358.550
-443725.460,-1172320.680,358.595
-443725.590,-1172320.370,358.585
-443725.720,-1172320.050,358.530
-443725.840,-1172319.750,358.380
-443725.950,-1172319.480,358.270
-443726.080,-1172319.150,358.110
-443726.190,-1172318.870,358.000
-443726.320,-1172318.570,357.910
-443726.430,-1172318.280,357.830
-443726.550,-1172317.980,357.675
-443726.670,-1172317.690,357.410
-443723.900,-1172325.340,355.650
-443724.010,-1172325.050,355.860
-443724.130,-1172324.760,356.060
-443724.250,-1172324.450,356.270
-443724.370,-1172324.150,356.445
-443724.500,-1172323.840,356.660
-443724.620,-1172323.530,356.950
-443724.740,-1172323.240,357.140
-443724.850,-1172322.950,357.345
-443724.970,-1172322.640,357.545
-443725.100,-1172322.330,357.735
-443725.220,-1172322.020,357.960
-443725.350,-1172321.700,358.190
-443725.470,-1172321.390,358.350
-443725.590,-1172321.110,358.420
-443725.700,-1172320.820,358.480
-443725.810,-1172320.540,358.500
-443725.940,-1172320.230,358.460
-443726.060,-1172319.920,358.325
-443726.180,-1172319.630,358.205
-443726.300,-1172319.320,358.100
-443726.430,-1172319.010,358.010
-443726.550,-1172318.710,357.935
-443726.660,-1172318.430,357.845
-443725.430,-1172323.760,356.670
-443725.540,-1172323.480,356.860
-443725.660,-1172323.180,357.040
-443725.780,-1172322.880,357.280
-443725.890,-1172322.600,357.495
-443726.010,-1172322.290,357.700
-443726.130,-1172322.000,357.875
-443726.250,-1172321.700,357.980
-443726.370,-1172321.400,358.040
-443726.490,-1172321.100,358.040
-443726.610,-1172320.800,358.060
-443726.730,-1172320.490,358.010
-443726.850,-1172320.210,357.965
-443726.970,-1172319.920,357.910
-443724.420,-1172325.300,355.690
-443724.530,-1172325.010,355.860
-443724.650,-1172324.710,356.040
-443724.770,-1172324.420,356.250
-443724.890,-1172324.130,356.430
-443725.010,-1172323.830,356.640
-443725.130,-1172323.520,356.865
-443725.240,-1172323.230,357.050
-443725.370,-1172322.930,357.280
-443725.480,-1172322.650,357.465
-443725.610,-1172322.320,357.700
-443725.730,-1172322.010,357.910
-443725.840,-1172321.730,358.090
-443725.960,-1172321.440,358.160
-443726.090,-1172321.120,358.240
-443726.200,-1172320.830,358.250
-443726.330,-1172320.520,358.180
-443726.460,-1172320.200,358.110
-443726.580,-1172319.900,358.030
-443726.690,-1172319.610,358.005
-443726.810,-1172319.320,357.975
-443726.930,-1172319.020,357.920
-443725.330,-1172325.300,355.600
-443725.450,-1172325.000,355.805
-443725.560,-1172324.700,356.035
-443725.690,-1172324.380,356.225
-443725.820,-1172324.060,356.420
-443725.930,-1172323.780,356.630
-443726.050,-1172323.470,356.820
-443726.180,-1172323.160,357.035
-443726.290,-1172322.870,357.270
-443726.410,-1172322.580,357.495
-443726.540,-1172322.260,357.690
-443726.660,-1172321.970,357.835
-443726.770,-1172321.690,357.880
-443726.880,-1172321.400,357.900
-443727.010,-1172321.080,357.920
-443727.130,-1172320.790,357.900
-443727.240,-1172320.510,357.860
-443724.830,-1172325.270,355.640
-443724.950,-1172324.970,355.875
-443725.060,-1172324.680,356.040
-443725.190,-1172324.370,356.235
-443725.310,-1172324.070,356.440
-443725.610,-1172325.200,355.620
-443725.730,-1172324.900,355.810
-443725.850,-1172324.610,356.030
-443725.970,-1172324.310,356.225
-443726.090,-1172324.010,356.440
-443726.210,-1172323.700,356.645
-443726.330,-1172323.400,356.860
-443726.450,-1172323.100,357.045
-443726.570,-1172322.780,357.275
-443726.700,-1172322.470,357.520
-443726.820,-1172322.170,357.710
-443726.940,-1172321.870,357.780
-443727.050,-1172321.580,357.865
-443727.180,-1172321.270,357.890
-443726.580,-1172324.760,355.840
-443726.690,-1172324.480,355.920
-443726.810,-1172324.180,356.120
-443726.940,-1172323.870,356.320
-443727.060,-1172323.560,356.595
-443727.180,-1172323.260,356.860
-443726.180,-1172325.030,355.690
-443726.300,-1172324.730,355.880
-443726.430,-1172324.410,356.090
-443726.550,-1172324.100,356.255
-443726.660,-1172323.820,356.460
-443726.780,-1172323.530,356.680
-443726.900,-1172323.220,356.890
-443727.020,-1172322.920,357.080
-443727.140,-1172322.620,357.350
-443727.260,-1172322.310,357.600
-443727.390,-1172321.990,357.710
-443726.890,-1172325.050,355.570
-443727.010,-1172324.770,355.690
-443727.130,-1172324.460,355.870
-443727.250,-1172324.150,356.055
-443726.460,-1172325.070,355.630
-443727.190,-1172324.910,355.570
-443727.310,-1172324.630,355.730
-443705.240,-1172317.010,357.985
-443705.360,-1172316.710,357.910
-443705.530,-1172318.970,359.425
-443705.660,-1172318.670,359.180
-443705.780,-1172318.370,359.000
-443705.890,-1172318.090,358.795
-443706.010,-1172317.800,358.595
-443706.130,-1172317.510,358.480
-443705.370,-1172318.640,359.120
-443705.490,-1172318.350,358.900
-443705.610,-1172318.070,358.680
-443705.730,-1172317.770,358.480
-443705.840,-1172317.490,358.370
-443705.960,-1172317.190,358.280
-443706.080,-1172316.910,358.195
-443706.080,-1172316.910,358.195
-443706.200,-1172316.620,358.190
-443705.290,-1172317.890,358.505
-443705.410,-1172317.600,358.280
-443705.540,-1172317.290,358.190
-443705.650,-1172317.010,358.095
-443705.760,-1172316.730,357.970
-443705.700,-1172321.260,361.310
-443705.810,-1172320.990,361.150
-443705.930,-1172320.710,360.890
-443706.050,-1172320.400,360.665
-443706.170,-1172320.110,360.530
-443706.290,-1172319.830,360.370
-443706.410,-1172319.530,360.215
-443706.530,-1172319.230,360.125
-443706.770,-1172318.630,360.330
-443706.890,-1172318.320,360.330
-443707.020,-1172318.000,360.320
-443707.140,-1172317.710,360.300
-443707.260,-1172317.410,360.260
-443707.380,-1172317.110,360.230
-443707.500,-1172316.820,360.210
-443707.620,-1172316.530,360.200
-443707.730,-1172316.240,360.170
-443705.600,-1172320.620,360.840
-443705.720,-1172320.320,360.555
-443705.850,-1172320.010,360.320
-443705.970,-1172319.720,360.140
-443706.090,-1172319.420,359.965
-443706.210,-1172319.110,359.810
-443706.330,-1172318.820,359.650
-443706.690,-1172317.910,360.260
-443706.810,-1172317.610,360.260
-443706.930,-1172317.330,360.230
-443707.050,-1172317.020,360.220
-443707.180,-1172316.700,360.205
-443707.300,-1172316.410,360.175
-443705.590,-1172319.880,360.155
-443705.710,-1172319.580,359.950
-443705.830,-1172319.280,359.730
-443705.960,-1172318.980,359.530
-443706.070,-1172318.700,359.420
-443706.200,-1172318.390,359.235
-443706.320,-1172318.090,359.120
-443706.690,-1172317.150,360.180
-443706.800,-1172316.880,360.200
-443706.920,-1172316.570,360.180
-443704.220,-1172327.000,360.630
-443704.340,-1172326.690,360.680
-443705.800,-1172323.070,361.870
-443705.920,-1172322.760,361.955
-443706.040,-1172322.470,361.950
-443706.160,-1172322.160,361.950
-443706.280,-1172321.870,361.930
-443706.400,-1172321.570,361.680
-443706.530,-1172321.260,361.420
-443706.650,-1172320.970,361.170
-443706.760,-1172320.700,360.915
-443706.880,-1172320.400,360.675
-443707.000,-1172320.100,360.610
-443707.120,-1172319.810,360.560
-443707.230,-1172319.530,360.530
-443707.350,-1172319.240,360.500
-443707.480,-1172318.920,360.460
-443707.590,-1172318.650,360.430
-443707.700,-1172318.370,360.400
-443707.830,-1172318.060,360.360
-443707.940,-1172317.770,360.320
-443708.060,-1172317.470,360.290
-443708.190,-1172317.160,360.250
-443708.310,-1172316.860,360.230
-443708.420,-1172316.590,360.210
-443705.600,-1172322.300,362.010
-443705.840,-1172321.720,361.720
-443705.960,-1172321.430,361.450
-443706.070,-1172321.150,361.230
-443706.180,-1172320.870,361.010
-443706.300,-1172320.590,360.860
-443706.420,-1172320.290,360.650
-443706.540,-1172320.000,360.560
-443706.660,-1172319.710,360.455
-443706.900,-1172319.110,360.405
-443707.020,-1172318.810,360.400
-443707.140,-1172318.500,360.390
-443707.260,-1172318.210,360.380
-443707.370,-1172317.940,360.340
-443707.500,-1172317.620,360.290
-443707.620,-1172317.320,360.255
-443707.750,-1172317.010,360.225
-443707.870,-1172316.700,360.210
-443707.990,-1172316.400,360.190
-443705.930,-1172324.720,360.930
-443706.050,-1172324.420,360.990
-443706.170,-1172324.110,361.080
-443706.290,-1172323.820,361.200
-443706.410,-1172323.520,361.440
-443706.530,-1172323.220,361.600
-443706.660,-1172322.910,361.820
-443706.770,-1172322.610,361.930
-443706.900,-1172322.300,361.945
-443707.030,-1172321.980,361.930
-443707.150,-1172321.690,361.820
-443707.260,-1172321.410,361.605
-443707.380,-1172321.120,361.370
-443707.500,-1172320.830,361.110
-443707.740,-1172320.230,360.660
-443707.860,-1172319.940,360.610
-443707.980,-1172319.630,360.580
-443708.100,-1172319.350,360.540
-443708.220,-1172319.040,360.490
-443708.340,-1172318.740,360.460
-443708.470,-1172318.440,360.420
-443708.580,-1172318.150,360.380
-443708.710,-1172317.830,360.340
-443708.820,-1172317.550,360.310
-443708.940,-1172317.270,360.280
-443709.050,-1172316.980,360.250
-443709.170,-1172316.690,360.220
-443709.300,-1172316.380,360.210
-443709.410,-1172316.110,360.190
-443704.340,-1172327.680,360.700
-443704.460,-1172327.380,360.710
-443704.570,-1172327.100,360.740
-443704.690,-1172326.790,360.760
-443704.810,-1172326.500,360.780
-443704.930,-1172326.210,360.800
-443706.020,-1172323.500,361.445
-443706.150,-1172323.180,361.690
-443706.270,-1172322.870,361.930
-443706.390,-1172322.580,361.940
-443706.500,-1172322.300,361.960
-443706.620,-1172322.010,361.935
-443706.740,-1172321.700,361.780
-443706.860,-1172321.410,361.535
-443707.110,-1172320.810,361.090
-443707.230,-1172320.520,360.830
-443707.350,-1172320.220,360.650
-443707.470,-1172319.930,360.600
-443707.590,-1172319.610,360.570
-443707.710,-1172319.320,360.530
-443707.830,-1172319.030,360.490
-443707.950,-1172318.730,360.460
-443708.060,-1172318.450,360.415
-443708.180,-1172318.170,360.380
-443708.290,-1172317.880,360.340
-443708.420,-1172317.570,360.310
-443708.540,-1172317.270,360.270
-443708.650,-1172316.990,360.250
-443708.770,-1172316.690,360.220
-443708.890,-1172316.400,360.210
-443708.520,-1172319.910,360.620
-443708.650,-1172319.610,360.580
-443708.770,-1172319.310,360.540
-443708.890,-1172319.000,360.490
-443709.020,-1172318.690,360.450
-443709.130,-1172318.400,360.410
-443709.250,-1172318.130,360.385
-443709.360,-1172317.840,360.350
-443709.490,-1172317.520,360.310
-443709.610,-1172317.230,360.270
-443709.720,-1172316.940,360.240
-443709.850,-1172316.620,360.220
-443709.980,-1172316.320,360.200
-443710.100,-1172316.020,360.180
-443704.610,-1172328.590,360.730
-443704.730,-1172328.290,360.740
-443704.850,-1172328.020,360.760
-443704.970,-1172327.700,360.770
-443705.100,-1172327.400,360.780
-443705.220,-1172327.090,360.790
-443705.340,-1172326.790,360.810
-443705.460,-1172326.480,360.820
-443705.580,-1172326.190,360.830
-443706.050,-1172325.030,360.860
-443706.170,-1172324.740,360.935
-443706.290,-1172324.430,360.990
-443706.410,-1172324.140,361.090
-443706.520,-1172323.850,361.190
-443706.650,-1172323.540,361.370
-443706.770,-1172323.250,361.590
-443706.890,-1172322.930,361.810
-443707.010,-1172322.630,361.930
-443707.130,-1172322.330,361.950
-443707.250,-1172322.040,361.930
-443707.370,-1172321.740,361.890
-443707.490,-1172321.450,361.660
-443707.610,-1172321.140,361.370
-443707.740,-1172320.840,361.120
-443707.860,-1172320.530,360.860
-443707.980,-1172320.250,360.660
-443708.100,-1172319.960,360.620
-443708.210,-1172319.680,360.590
-443708.330,-1172319.380,360.540
-443708.460,-1172319.070,360.490
-443708.570,-1172318.780,360.460
-443708.700,-1172318.480,360.420
-443708.820,-1172318.170,360.380
-443708.950,-1172317.860,360.350
-443709.060,-1172317.560,360.310
-443709.180,-1172317.260,360.280
-443709.300,-1172316.980,360.250
-443709.420,-1172316.680,360.215
-443709.540,-1172316.390,360.210
-443709.660,-1172316.100,360.180
-443704.380,-1172328.560,360.720
-443704.500,-1172328.260,360.725
-443704.620,-1172327.970,360.740
-443704.740,-1172327.660,360.760
-443704.860,-1172327.360,360.760
-443704.980,-1172327.080,360.780
-443705.100,-1172326.780,360.790
-443705.220,-1172326.470,360.810
-443705.340,-1172326.190,360.830
-443704.620,-1172330.440,360.730
-443704.740,-1172330.150,360.740
-443704.850,-1172329.880,360.750
-443704.980,-1172329.570,360.750
-443705.100,-1172329.270,360.760
-443705.220,-1172328.960,360.765
-443705.340,-1172328.660,360.770
-443705.460,-1172328.370,360.780
-443705.580,-1172328.080,360.780
-443705.700,-1172327.770,360.790
-443705.820,-1172327.470,360.800
-443705.950,-1172327.160,360.810
-443706.070,-1172326.860,360.825
-443706.200,-1172326.540,360.830
-443706.420,-1172325.980,360.840
-443706.540,-1172325.680,360.815
-443706.660,-1172325.390,360.810
-443706.790,-1172325.070,360.820
-443706.910,-1172324.780,360.890
-443707.040,-1172324.450,360.970
-443707.150,-1172324.170,361.030
-443707.280,-1172323.860,361.130
-443707.400,-1172323.550,361.310
-443707.520,-1172323.260,361.510
-443707.640,-1172322.960,361.690
-443707.760,-1172322.640,361.890
-443707.880,-1172322.350,361.930
-443707.990,-1172322.070,361.915
-443708.110,-1172321.780,361.890
-443708.230,-1172321.500,361.710
-443708.350,-1172321.190,361.505
-443708.470,-1172320.910,361.265
-443708.580,-1172320.630,361.020
-443708.700,-1172320.330,360.740
-443708.820,-1172320.040,360.640
-443708.940,-1172319.740,360.600
-443709.060,-1172319.440,360.550
-443709.190,-1172319.130,360.520
-443709.300,-1172318.850,360.470
-443709.420,-1172318.550,360.440
-443709.540,-1172318.250,360.390
-443709.670,-1172317.930,360.360
-443709.800,-1172317.620,360.320
-443709.920,-1172317.330,360.285
-443710.030,-1172317.040,360.260
-443710.150,-1172316.750,360.230
-443710.260,-1172316.470,360.210
-443710.390,-1172316.160,360.190
-443704.440,-1172330.050,360.730
-443704.560,-1172329.740,360.730
-443704.680,-1172329.440,360.740
-443704.790,-1172329.160,360.750
-443704.920,-1172328.850,360.760
-443705.050,-1172328.530,360.760
-443705.170,-1172328.230,360.770
-443705.290,-1172327.940,360.770
-443705.410,-1172327.630,360.780
-443705.530,-1172327.340,360.790
-443705.640,-1172327.070,360.810
-443705.760,-1172326.760,360.820
-443706.010,-1172326.150,360.835
-443706.130,-1172325.850,360.830
-443706.250,-1172325.550,360.830
-443706.380,-1172325.230,360.830
-443706.490,-1172324.950,360.850
-443706.610,-1172324.640,360.930
-443706.730,-1172324.350,360.995
-443706.860,-1172324.030,361.090
-443706.970,-1172323.750,361.230
-443707.090,-1172323.460,361.360
-443707.210,-1172323.170,361.545
-443707.330,-1172322.870,361.790
-443707.450,-1172322.560,361.910
-443707.560,-1172322.280,361.930
-443707.690,-1172321.970,361.930
-443707.810,-1172321.680,361.860
-443707.920,-1172321.400,361.680
-443708.040,-1172321.100,361.410
-443708.170,-1172320.790,361.155
-443708.280,-1172320.510,360.915
-443708.400,-1172320.230,360.675
-443707.900,-1172324.080,361.020
-443708.020,-1172323.800,361.115
-443708.140,-1172323.500,361.275
-443708.250,-1172323.210,361.500
-443708.380,-1172322.900,361.720
-443708.500,-1172322.590,361.870
-443708.620,-1172322.300,361.930
-443708.740,-1172321.990,361.920
-443708.870,-1172321.680,361.890
-443708.980,-1172321.400,361.690
-443709.100,-1172321.100,361.460
-443709.220,-1172320.800,361.220
-443709.350,-1172320.500,360.960
-443709.470,-1172320.210,360.740
-443709.580,-1172319.920,360.640
-443709.690,-1172319.640,360.600
-443709.810,-1172319.360,360.550
-443709.930,-1172319.070,360.520
-443710.050,-1172318.770,360.480
-443710.170,-1172318.470,360.440
-443710.280,-1172318.180,360.400
-443710.410,-1172317.880,360.365
-443710.520,-1172317.600,360.340
-443710.650,-1172317.290,360.300
-443710.770,-1172316.990,360.260
-443710.890,-1172316.690,360.230
-443711.000,-1172316.400,360.220
-443711.130,-1172316.090,360.210
-443704.720,-1172331.190,360.750
-443704.840,-1172330.910,360.750
-443704.970,-1172330.590,360.750
-443705.080,-1172330.300,360.760
-443705.190,-1172330.030,360.760
-443705.310,-1172329.740,360.765
-443705.430,-1172329.440,360.770
-443705.560,-1172329.130,360.780
-443705.670,-1172328.850,360.780
-443705.780,-1172328.560,360.790
-443705.910,-1172328.250,360.800
-443706.020,-1172327.960,360.800
-443706.150,-1172327.660,360.810
-443706.270,-1172327.350,360.820
-443706.390,-1172327.050,360.830
-443706.510,-1172326.770,360.840
-443706.630,-1172326.470,360.850
-443707.000,-1172325.560,360.800
-443707.120,-1172325.240,360.785
-443707.240,-1172324.940,360.820
-443707.360,-1172324.650,360.875
-443707.470,-1172324.380,360.950
-443707.590,-1172324.070,361.030
-443707.730,-1172323.740,361.165
-443707.840,-1172323.460,361.310
-443707.960,-1172323.150,361.515
-443708.090,-1172322.830,361.750
-443708.220,-1172322.520,361.910
-443708.330,-1172322.240,361.915
-443708.450,-1172321.930,361.920
-443708.570,-1172321.640,361.870
-443708.690,-1172321.330,361.630
-443708.800,-1172321.070,361.440
-443708.920,-1172320.780,361.210
-443709.040,-1172320.490,360.960
-443709.150,-1172320.210,360.730
-443709.270,-1172319.910,360.630
-443709.390,-1172319.620,360.600
-443709.510,-1172319.320,360.550
-443709.630,-1172319.020,360.505
-443709.750,-1172318.740,360.470
-443709.870,-1172318.420,360.430
-443710.000,-1172318.110,360.390
-443710.110,-1172317.840,360.360
-443710.220,-1172317.550,360.330
-443710.350,-1172317.240,360.280
-443710.470,-1172316.940,360.250
-443710.600,-1172316.630,360.230
-443710.730,-1172316.320,360.210
-443710.850,-1172316.000,360.190
-443704.910,-1172332.740,360.750
-443705.030,-1172332.430,360.750
-443705.150,-1172332.140,360.760
-443705.270,-1172331.830,360.770
-443705.390,-1172331.540,360.770
-443705.500,-1172331.260,360.780
-443705.620,-1172330.960,360.780
-443705.870,-1172330.350,360.790
-443705.990,-1172330.050,360.800
-443706.110,-1172329.750,360.810
-443706.240,-1172329.430,360.810
-443706.360,-1172329.150,360.820
-443706.480,-1172328.840,360.820
-443706.590,-1172328.560,360.820
-443706.720,-1172328.240,360.840
-443706.840,-1172327.960,360.840
-443706.950,-1172327.670,360.860
-443707.070,-1172327.380,360.870
-443707.190,-1172327.090,360.880
-443707.300,-1172326.790,360.900
-443707.420,-1172326.500,360.910
-443707.540,-1172326.210,360.920
-443707.670,-1172325.890,360.890
-443707.780,-1172325.620,360.800
-443707.900,-1172325.320,360.780
-443708.030,-1172324.990,360.780
-443708.140,-1172324.710,360.815
-443708.260,-1172324.430,360.880
-443708.380,-1172324.120,360.960
-443708.510,-1172323.790,361.065
-443708.630,-1172323.490,361.205
-443708.750,-1172323.190,361.415
-443708.890,-1172322.860,361.655
-443709.000,-1172322.560,361.890
-443709.120,-1172322.290,361.935
-443709.230,-1172321.990,361.940
-443709.360,-1172321.680,361.920
-443709.480,-1172321.380,361.860
-443709.590,-1172321.110,361.640
-443709.720,-1172320.790,361.285
-443709.840,-1172320.500,360.980
-443709.970,-1172320.190,360.740
-443710.080,-1172319.910,360.640
-443710.200,-1172319.600,360.600
-443710.320,-1172319.310,360.570
-443710.440,-1172319.010,360.530
-443710.560,-1172318.720,360.490
-443710.680,-1172318.430,360.455
-443710.790,-1172318.140,360.410
-443710.900,-1172317.870,360.380
-443711.030,-1172317.560,360.350
-443711.150,-1172317.260,360.310
-443711.270,-1172316.970,360.270
-443711.390,-1172316.670,360.250
-443711.510,-1172316.380,360.230
-443711.630,-1172316.070,360.220
-443704.890,-1172331.550,360.750
-443705.010,-1172331.250,360.750
-443705.130,-1172330.950,360.760
-443705.260,-1172330.640,360.760
-443705.370,-1172330.360,360.760
-443705.490,-1172330.050,360.770
-443705.620,-1172329.750,360.780
-443705.740,-1172329.440,360.785
-443705.860,-1172329.160,360.790
-443705.970,-1172328.870,360.790
-443706.090,-1172328.580,360.800
-443706.210,-1172328.290,360.810
-443706.330,-1172327.990,360.815
-443706.450,-1172327.690,360.820
-443706.560,-1172327.410,360.830
-443706.690,-1172327.100,360.840
-443706.800,-1172326.820,360.860
-443706.930,-1172326.510,360.870
-443707.280,-1172325.630,360.780
-443707.400,-1172325.320,360.780
-443707.530,-1172325.010,360.800
-443707.650,-1172324.700,360.850
-443707.780,-1172324.400,360.935
-443711.310,-1172318.730,360.490
-443711.430,-1172318.440,360.460
-443711.560,-1172318.120,360.410
-443711.670,-1172317.840,360.380
-443711.800,-1172317.530,360.345
-443711.920,-1172317.230,360.315
-443712.040,-1172316.920,360.280
-443712.150,-1172316.650,360.255
-443712.280,-1172316.330,360.240
-443712.400,-1172316.040,360.230
-443712.510,-1172315.760,360.220
-443705.010,-1172333.420,360.750
-443705.140,-1172333.110,360.755
-443705.250,-1172332.820,360.765
-443705.370,-1172332.540,360.770
-443705.500,-1172332.220,360.780
-443705.620,-1172331.920,360.780
-443705.740,-1172331.620,360.790
-443705.870,-1172331.300,360.800
-443705.990,-1172330.990,360.800
-443706.100,-1172330.710,360.810
-443706.220,-1172330.430,360.810
-443706.340,-1172330.130,360.820
-443706.460,-1172329.820,360.820
-443706.580,-1172329.520,360.830
-443706.700,-1172329.230,360.840
-443706.820,-1172328.930,360.840
-443706.950,-1172328.620,360.850
-443707.070,-1172328.310,360.860
-443707.190,-1172328.010,360.870
-443707.310,-1172327.710,360.880
-443707.430,-1172327.420,360.890
-443707.550,-1172327.120,360.900
-443707.670,-1172326.820,360.920
-443707.790,-1172326.540,360.930
-443707.900,-1172326.260,360.940
-443708.020,-1172325.960,360.940
-443708.140,-1172325.660,360.865
-443708.260,-1172325.370,360.780
-443708.370,-1172325.090,360.780
-443708.500,-1172324.780,360.800
-443708.610,-1172324.480,360.860
-443708.740,-1172324.180,360.930
-443708.860,-1172323.880,361.000
-443708.980,-1172323.570,361.140
-443709.100,-1172323.280,361.340
-443709.210,-1172322.990,361.580
-443709.340,-1172322.670,361.825
-443709.470,-1172322.350,361.920
-443709.590,-1172322.050,361.950
-443709.710,-1172321.750,361.965
-443709.830,-1172321.460,361.970
-443709.950,-1172321.170,361.860
-443710.060,-1172320.890,361.510
-443710.180,-1172320.600,361.185
-443710.550,-1172319.690,360.615
-443710.670,-1172319.390,360.580
-443710.790,-1172319.080,360.535
-443710.910,-1172318.780,360.500
-443711.030,-1172318.500,360.460
-443711.150,-1172318.200,360.420
-443711.270,-1172317.900,360.390
-443711.390,-1172317.610,360.350
-443711.500,-1172317.320,360.320
-443711.620,-1172317.030,360.290
-443711.740,-1172316.740,360.260
-443711.860,-1172316.450,360.240
-443711.980,-1172316.150,360.220
-443712.090,-1172315.870,360.220
-443709.120,-1172324.760,360.800
-443709.240,-1172324.460,360.850
-443709.360,-1172324.160,360.920
-443709.480,-1172323.860,361.000
-443709.600,-1172323.570,361.090
-443709.710,-1172323.290,361.290
-443709.830,-1172322.990,361.550
-443709.960,-1172322.680,361.800
-443710.070,-1172322.390,361.915
-443710.190,-1172322.100,361.970
-443710.310,-1172321.790,362.040
-443710.430,-1172321.510,362.040
-443710.790,-1172320.620,361.225
-443710.900,-1172320.340,360.945
-443711.030,-1172320.030,360.730
-443711.150,-1172319.720,360.640
-443711.280,-1172319.410,360.590
-443711.400,-1172319.110,360.550
-443711.520,-1172318.810,360.510
-443711.640,-1172318.520,360.460
-443711.750,-1172318.240,360.435
-443711.870,-1172317.950,360.400
-443712.000,-1172317.640,360.360
-443712.120,-1172317.330,360.330
-443712.230,-1172317.040,360.290
-443712.360,-1172316.740,360.260
-443712.480,-1172316.430,360.250
-443712.600,-1172316.130,360.240
-443712.720,-1172315.840,360.220
-443705.190,-1172333.920,360.760
-443705.310,-1172333.620,360.770
-443705.430,-1172333.330,360.770
-443705.540,-1172333.040,360.780
-443705.660,-1172332.740,360.780
-443705.790,-1172332.430,360.780
-443705.900,-1172332.150,360.790
-443706.020,-1172331.840,360.800
-443706.150,-1172331.540,360.810
-443706.270,-1172331.240,360.820
-443706.370,-1172330.970,360.820
-443706.500,-1172330.660,360.830
-443706.630,-1172330.350,360.840
-443706.750,-1172330.040,360.840
-443706.870,-1172329.730,360.850
-443707.000,-1172329.420,360.860
-443707.120,-1172329.130,360.860
-443707.230,-1172328.860,360.870
-443707.340,-1172328.570,360.880
-443707.470,-1172328.250,360.890
-443707.600,-1172327.940,360.900
-443707.700,-1172327.670,360.900
-443707.830,-1172327.360,360.910
-443707.960,-1172327.040,360.930
-443708.080,-1172326.740,360.940
-443708.190,-1172326.460,360.950
-443708.320,-1172326.140,360.950
-443708.440,-1172325.850,360.940
-443708.560,-1172325.560,360.800
-443708.670,-1172325.270,360.770
-443708.790,-1172324.980,360.780
-443708.910,-1172324.680,360.810
-443709.020,-1172324.400,360.860
-443709.150,-1172324.090,360.950
-443709.280,-1172323.770,361.035
-443709.380,-1172323.510,361.180
-443709.500,-1172323.210,361.380
-443709.620,-1172322.910,361.640
-443709.750,-1172322.590,361.870
-443709.870,-1172322.290,361.930
-443709.980,-1172322.000,361.970
-443710.110,-1172321.700,362.010
-443710.230,-1172321.400,362.040
-443710.600,-1172320.490,361.080
-443710.720,-1172320.200,360.820
-443710.830,-1172319.920,360.665
-443710.950,-1172319.630,360.610
-443711.070,-1172319.330,360.580
-443711.190,-1172319.030,360.530
-443707.950,-1172328.660,360.920
-443708.080,-1172328.360,360.925
-443708.200,-1172328.050,360.930
-443708.320,-1172327.750,360.940
-443708.440,-1172327.450,360.950
-443708.570,-1172327.130,360.960
-443708.690,-1172326.820,360.970
-443708.810,-1172326.550,360.980
-443708.920,-1172326.250,360.990
-443709.050,-1172325.950,360.980
-443709.170,-1172325.650,360.890
-443709.280,-1172325.370,360.780
-443709.400,-1172325.070,360.780
-443709.530,-1172324.750,360.810
-443709.650,-1172324.450,360.860
-443709.770,-1172324.160,360.915
-443709.900,-1172323.850,360.985
-443710.020,-1172323.540,361.110
-443710.130,-1172323.250,361.290
-443710.250,-1172322.950,361.590
-443710.370,-1172322.650,361.805
-443710.490,-1172322.360,361.945
-443710.600,-1172322.080,361.990
-443710.720,-1172321.770,362.060
-443710.850,-1172321.470,362.040
-443711.080,-1172320.910,361.650
-443711.200,-1172320.600,361.230
-443711.320,-1172320.310,360.980
-443711.440,-1172320.020,360.760
-443711.560,-1172319.720,360.645
-443711.680,-1172319.420,360.590
-443711.800,-1172319.130,360.550
-443711.920,-1172318.830,360.520
-443712.040,-1172318.520,360.470
-443712.170,-1172318.220,360.430
-443712.290,-1172317.910,360.390
-443712.410,-1172317.610,360.360
-443712.530,-1172317.310,360.330
-443712.650,-1172317.020,360.290
-443712.760,-1172316.750,360.270
-443712.880,-1172316.440,360.250
-443713.010,-1172316.120,360.240
-443713.130,-1172315.830,360.230
-443705.160,-1172334.580,360.760
-443705.280,-1172334.300,360.760
-443705.400,-1172333.980,360.770
-443705.520,-1172333.700,360.770
-443705.640,-1172333.400,360.780
-443705.760,-1172333.100,360.780
-443705.880,-1172332.810,360.780
-443705.990,-1172332.520,360.800
-443706.110,-1172332.230,360.810
-443706.230,-1172331.930,360.810
-443706.350,-1172331.640,360.820
-443706.460,-1172331.350,360.830
-443706.590,-1172331.040,360.840
-443706.700,-1172330.760,360.840
-443706.830,-1172330.440,360.850
-443706.950,-1172330.140,360.860
-443707.070,-1172329.850,360.870
-443707.180,-1172329.570,360.870
-443707.310,-1172329.250,360.870
-443707.430,-1172328.960,360.890
-443707.550,-1172328.650,360.890
-443707.680,-1172328.340,360.900
-443707.800,-1172328.030,360.910
-443707.920,-1172327.750,360.920
-443708.030,-1172327.460,360.920
-443708.150,-1172327.170,360.930
-443708.270,-1172326.860,360.950
-443708.400,-1172326.550,360.960
-443708.510,-1172326.270,360.970
-443708.640,-1172325.950,360.960
-443708.760,-1172325.660,360.885
-443708.760,-1172325.660,360.885
-443708.880,-1172325.360,360.780
-443709.000,-1172325.060,360.780
-443706.650,-1172332.810,360.820
-443706.770,-1172332.510,360.835
-443706.900,-1172332.200,360.840
-443707.020,-1172331.910,360.850
-443707.130,-1172331.620,360.850
-443707.250,-1172331.320,360.865
-443707.380,-1172331.010,360.870
-443707.500,-1172330.720,360.880
-443707.610,-1172330.440,360.890
-443707.720,-1172330.150,360.900
-443707.840,-1172329.860,360.910
-443707.960,-1172329.560,360.920
-443708.080,-1172329.260,360.920
-443708.200,-1172328.970,360.930
-443708.330,-1172328.660,360.930
-443708.440,-1172328.380,360.950
-443708.560,-1172328.080,360.950
-443708.690,-1172327.760,360.960
-443708.800,-1172327.470,360.970
-443708.920,-1172327.190,360.980
-443709.040,-1172326.880,360.990
-443709.170,-1172326.570,361.000
-443709.290,-1172326.260,361.010
-443709.410,-1172325.960,360.995
-443709.540,-1172325.650,360.770
-443709.650,-1172325.370,360.770
-443709.770,-1172325.080,360.780
-443709.880,-1172324.800,360.820
-443710.010,-1172324.480,360.850
-443710.140,-1172324.170,360.900
-443710.250,-1172323.880,360.960
-443710.370,-1172323.580,361.065
-443710.500,-1172323.270,361.260
-443710.620,-1172322.950,361.555
-443710.740,-1172322.660,361.775
-443710.860,-1172322.350,361.930
-443710.980,-1172322.050,362.010
-443711.110,-1172321.740,362.030
-443711.220,-1172321.470,362.035
-443711.330,-1172321.180,361.975
-443711.450,-1172320.900,361.570
-443711.560,-1172320.620,361.270
-443711.690,-1172320.310,361.055
-443711.800,-1172320.030,360.785
-443711.920,-1172319.740,360.650
-443712.040,-1172319.440,360.600
-443712.160,-1172319.160,360.570
-443712.280,-1172318.850,360.520
-443712.410,-1172318.540,360.480
-443712.520,-1172318.260,360.440
-443712.640,-1172317.960,360.410
-443712.770,-1172317.650,360.380
-443712.890,-1172317.350,360.340
-443713.010,-1172317.050,360.320
-443713.140,-1172316.730,360.280
-443713.260,-1172316.420,360.260
-443713.370,-1172316.150,360.250
-443713.490,-1172315.850,360.240
-443705.200,-1172335.500,360.750
-443705.310,-1172335.230,360.760
-443705.440,-1172334.900,360.770
-443705.570,-1172334.580,360.770
-443705.670,-1172334.320,360.770
-443705.800,-1172334.000,360.770
-443705.930,-1172333.680,360.780
-443706.050,-1172333.390,360.790
-443706.160,-1172333.110,360.800
-443706.300,-1172332.780,360.810
-443706.410,-1172332.480,360.820
-443706.530,-1172332.190,360.825
-443706.650,-1172331.910,360.830
-443706.760,-1172331.610,360.840
-443706.880,-1172331.320,360.840
-443707.000,-1172331.040,360.850
-443707.120,-1172330.740,360.860
-443707.240,-1172330.430,360.870
-443707.350,-1172330.150,360.880
-443707.480,-1172329.850,360.890
-443707.590,-1172329.560,360.900
-443707.720,-1172329.240,360.900
-443707.840,-1172328.940,360.900
-443705.370,-1172337.030,360.750
-443705.490,-1172336.730,360.750
-443705.610,-1172336.420,360.760
-443705.720,-1172336.150,360.760
-443705.850,-1172335.840,360.770
-443705.980,-1172335.520,360.780
-443706.090,-1172335.240,360.780
-443706.200,-1172334.960,360.800
-443706.330,-1172334.640,360.800
-443706.460,-1172334.330,360.810
-443706.580,-1172334.030,360.810
-443706.700,-1172333.710,360.820
-443706.830,-1172333.400,360.830
-443706.950,-1172333.110,360.840
-443707.050,-1172332.840,360.840
-443707.170,-1172332.550,360.850
-443707.300,-1172332.230,360.860
-443707.420,-1172331.930,360.870
-443707.540,-1172331.650,360.870
-443707.660,-1172331.330,360.880
-443707.790,-1172331.020,360.890
-443707.910,-1172330.720,360.910
-443708.020,-1172330.440,360.920
-443708.150,-1172330.120,360.930
-443708.270,-1172329.830,360.940
-443708.380,-1172329.540,360.950
-443708.500,-1172329.240,360.960
-443708.630,-1172328.940,360.960
-443708.740,-1172328.660,360.970
-443708.850,-1172328.380,360.970
-443708.980,-1172328.070,360.980
-443709.100,-1172327.770,360.990
-443709.210,-1172327.490,361.000
-443709.330,-1172327.190,361.010
-443709.460,-1172326.880,361.020
-443709.580,-1172326.580,361.020
-443709.690,-1172326.290,361.010
-443709.930,-1172325.690,360.740
-443710.050,-1172325.400,360.740
-443710.170,-1172325.100,360.760
-443710.300,-1172324.790,360.800
-443710.430,-1172324.470,360.845
-443710.540,-1172324.180,360.890
-443710.660,-1172323.890,360.930
-443710.780,-1172323.590,360.990
-443710.900,-1172323.300,361.160
-443711.020,-1172323.000,361.340
-443711.140,-1172322.690,361.680
-443711.260,-1172322.380,361.870
-443711.510,-1172321.770,361.975
-443711.630,-1172321.470,361.950
-443711.750,-1172321.180,361.885
-443711.870,-1172320.880,361.510
-443711.980,-1172320.600,361.300
-443712.110,-1172320.290,361.050
-443712.230,-1172320.000,360.810
-443712.340,-1172319.730,360.650
-443712.450,-1172319.440,360.600
-443712.580,-1172319.130,360.560
-443712.700,-1172318.840,360.520
-443712.810,-1172318.560,360.480
-443712.930,-1172318.270,360.450
-443713.060,-1172317.950,360.415
-443713.170,-1172317.660,360.380
-443713.290,-1172317.360,360.350
-443713.410,-1172317.060,360.330
-443713.540,-1172316.760,360.290
-443713.650,-1172316.480,360.270
-443713.770,-1172316.180,360.250
-443713.900,-1172315.870,360.250
-443705.200,-1172336.430,360.750
-443705.320,-1172336.130,360.750
-443705.440,-1172335.810,360.750
-443705.570,-1172335.500,360.760
-443705.690,-1172335.190,360.770
-443705.810,-1172334.890,360.770
-443705.930,-1172334.610,360.780
-443706.050,-1172334.310,360.780
-443706.160,-1172334.030,360.800
-443706.280,-1172333.730,360.800
-443706.410,-1172333.420,360.810
-443706.530,-1172333.130,360.820
-443705.470,-1172337.510,360.770
-443705.590,-1172337.220,360.775
-443705.710,-1172336.930,360.780
-443705.820,-1172336.640,360.770
-443705.940,-1172336.360,360.770
-443706.060,-1172336.050,360.780
-443706.170,-1172335.770,360.790
-443706.300,-1172335.460,360.790
-443706.420,-1172335.160,360.800
-443706.530,-1172334.880,360.810
-443706.650,-1172334.570,360.815
-443706.780,-1172334.260,360.830
-443706.900,-1172333.970,360.830
-443707.010,-1172333.680,360.840
-443707.140,-1172333.370,360.850
-443707.260,-1172333.070,360.850
-443707.380,-1172332.770,360.860
-443707.510,-1172332.460,360.870
-443707.630,-1172332.140,360.875
-443707.750,-1172331.860,360.880
-443707.860,-1172331.570,360.900
-443707.980,-1172331.280,360.910
-443708.100,-1172330.970,360.920
-443708.230,-1172330.670,360.930
-443708.340,-1172330.380,360.940
-443708.470,-1172330.070,360.950
-443708.590,-1172329.770,360.960
-443708.720,-1172329.460,360.970
-443708.830,-1172329.170,360.980
-443708.950,-1172328.860,360.980
-443709.070,-1172328.580,360.990
-443709.190,-1172328.270,361.000
-443709.310,-1172327.970,361.010
-443709.430,-1172327.690,361.020
-443709.540,-1172327.400,361.030
-443709.660,-1172327.100,361.030
-443709.780,-1172326.800,361.020
-443709.900,-1172326.510,361.020
-443710.020,-1172326.220,360.975
-443710.140,-1172325.910,360.730
-443710.250,-1172325.640,360.730
-443710.380,-1172325.330,360.735
-443710.500,-1172325.020,360.765
-443710.620,-1172324.720,360.800
-443710.740,-1172324.430,360.850
-443710.860,-1172324.140,360.880
-443710.980,-1172323.830,360.930
-443711.110,-1172323.510,360.990
-443711.230,-1172323.200,361.165
-443711.360,-1172322.900,361.405
-443711.470,-1172322.600,361.610
-443711.590,-1172322.300,361.840
-443711.700,-1172322.020,361.930
-443711.830,-1172321.710,361.930
-443711.950,-1172321.410,361.920
-443712.070,-1172321.120,361.790
-443712.190,-1172320.820,361.525
-443712.320,-1172320.520,361.320
-443712.440,-1172320.210,361.060
-443712.550,-1172319.930,360.840
-443712.680,-1172319.620,360.640
-443712.790,-1172319.340,360.590
-443712.920,-1172319.030,360.550
-443713.030,-1172318.750,360.515
-443713.150,-1172318.450,360.475
-443713.270,-1172318.160,360.445
-443713.380,-1172317.880,360.410
-443713.500,-1172317.580,360.390
-443713.620,-1172317.290,360.350
-443713.740,-1172317.000,360.330
-443713.860,-1172316.690,360.290
-443713.980,-1172316.410,360.270
-443714.100,-1172316.100,360.250
-443714.230,-1172315.790,360.230
-443705.850,-1172337.810,360.810
-443705.980,-1172337.500,360.810
-443706.100,-1172337.210,360.820
-443706.210,-1172336.920,360.810
-443706.340,-1172336.610,360.800
-443706.460,-1172336.310,360.800
-443706.570,-1172336.020,360.800
-443706.700,-1172335.720,360.810
-443706.810,-1172335.430,360.820
-443706.930,-1172335.150,360.830
-443707.040,-1172334.870,360.840
-443707.170,-1172334.550,360.850
-443707.280,-1172334.260,360.850
-443707.400,-1172333.980,360.860
-443707.520,-1172333.670,360.865
-443707.640,-1172333.370,360.870
-443707.770,-1172333.070,360.880
-443707.890,-1172332.760,360.890
-443708.000,-1172332.480,360.910
-443708.120,-1172332.180,360.920
-443708.240,-1172331.880,360.930
-443708.360,-1172331.590,360.930
-443708.490,-1172331.260,360.940
-443708.620,-1172330.950,360.950
-443708.730,-1172330.660,360.970
-443708.850,-1172330.380,360.970
-443708.970,-1172330.070,360.980
-443709.090,-1172329.780,360.990
-443709.210,-1172329.490,361.000
-443709.330,-1172329.170,361.010
-443709.460,-1172328.870,361.020
-443709.570,-1172328.580,361.020
-443709.700,-1172328.270,361.030
-443709.820,-1172327.960,361.030
-443709.940,-1172327.660,361.030
-443710.060,-1172327.370,361.030
-443710.170,-1172327.090,361.030
-443710.420,-1172326.480,360.950
-443710.530,-1172326.210,360.690
-443710.650,-1172325.920,360.690
-443710.770,-1172325.610,360.700
-443710.890,-1172325.320,360.730
-443711.000,-1172325.030,360.770
-443711.120,-1172324.730,360.810
-443711.250,-1172324.420,360.840
-443711.360,-1172324.140,360.870
-443711.480,-1172323.830,360.920
-443711.610,-1172323.510,360.960
-443711.730,-1172323.230,361.110
-443711.840,-1172322.940,361.330
-443711.970,-1172322.630,361.535
-443712.100,-1172322.310,361.780
-443712.220,-1172322.010,361.880
-443712.340,-1172321.700,361.920
-443712.470,-1172321.390,361.870
-443712.580,-1172321.100,361.755
-443712.690,-1172320.830,361.530
-443712.810,-1172320.550,361.400
-443712.940,-1172320.220,361.085
-443713.060,-1172319.930,360.850
-443713.170,-1172319.660,360.655
-443713.290,-1172319.350,360.590
-443713.420,-1172319.030,360.550
-443713.540,-1172318.730,360.510
-443713.650,-1172318.450,360.490
-443713.790,-1172318.130,360.450
-443713.900,-1172317.840,360.420
-443714.020,-1172317.550,360.390
-443714.130,-1172317.270,360.355
-443714.260,-1172316.960,360.320
-443714.370,-1172316.670,360.280
-443714.490,-1172316.390,360.250
-443714.610,-1172316.090,360.085
-443706.220,-1172337.850,360.870
-443706.330,-1172337.570,360.850
-443706.460,-1172337.260,360.830
-443706.580,-1172336.960,360.835
-443706.700,-1172336.670,360.830
-443706.820,-1172336.370,360.825
-443706.940,-1172336.060,360.825
-443707.070,-1172335.740,360.830
-443707.180,-1172335.470,360.840
-443707.310,-1172335.150,360.850
-443707.420,-1172334.870,360.860
-443707.550,-1172334.560,360.870
-443707.660,-1172334.270,360.870
-443707.780,-1172333.980,360.880
-443707.900,-1172333.680,360.880
-443708.010,-1172333.410,360.890
-443708.140,-1172333.100,360.910
-443708.250,-1172332.810,360.920
-443708.370,-1172332.520,360.930
-443708.490,-1172332.210,360.940
-443708.610,-1172331.930,360.950
-443708.730,-1172331.620,360.960
-443708.860,-1172331.310,360.970
-443708.970,-1172331.020,360.980
-443709.090,-1172330.740,360.980
-443709.210,-1172330.430,361.000
-443709.330,-1172330.130,361.010
-443709.460,-1172329.820,361.010
-443709.580,-1172329.500,361.020
-443709.710,-1172329.190,361.030
-443709.820,-1172328.920,361.030
-443709.940,-1172328.630,361.030
-443710.050,-1172328.330,361.030
-443710.180,-1172328.030,361.030
-443710.300,-1172327.720,361.030
-443710.420,-1172327.430,361.030
-443710.540,-1172327.120,361.020
-443710.660,-1172326.830,360.980
-443710.790,-1172326.520,360.670
-443710.900,-1172326.230,360.650
-443711.020,-1172325.930,360.650
-443711.140,-1172325.650,360.680
-443711.260,-1172325.340,360.720
-443711.390,-1172325.030,360.750
-443711.500,-1172324.750,360.790
-443711.610,-1172324.460,360.830
-443711.730,-1172324.180,360.860
-443711.850,-1172323.870,360.890
-443711.970,-1172323.580,360.940
-443712.090,-1172323.290,361.060
-443712.210,-1172322.970,361.270
-443712.330,-1172322.680,361.470
-443712.450,-1172322.380,361.695
-443712.580,-1172322.060,361.830
-443712.690,-1172321.770,361.910
-443712.810,-1172321.490,361.910
-443712.930,-1172321.190,361.845
-443713.060,-1172320.880,361.650
-443713.180,-1172320.570,361.455
-443713.300,-1172320.280,361.120
-443713.420,-1172319.980,360.930
-443713.540,-1172319.690,360.725
-443713.650,-1172319.400,360.605
-443713.770,-1172319.120,360.575
-443713.890,-1172318.810,360.525
-443714.020,-1172318.500,360.490
-443714.130,-1172318.220,360.460
-443714.260,-1172317.910,360.430
-443714.380,-1172317.600,360.390
-443714.510,-1172317.290,360.330
-443714.620,-1172317.010,360.275
-443715.100,-1172315.850,358.000
-443715.210,-1172315.570,357.795
-443706.710,-1172337.630,360.915
-443706.830,-1172337.320,360.880
-443706.940,-1172337.050,360.870
-443707.060,-1172336.750,360.860
-443707.180,-1172336.440,360.850
-443707.300,-1172336.150,360.860
-443707.420,-1172335.860,360.860
-443707.540,-1172335.550,360.870
-443707.670,-1172335.240,360.880
-443707.780,-1172334.950,360.880
-443707.910,-1172334.640,360.890
-443708.030,-1172334.340,360.900
-443708.150,-1172334.040,360.910
-443708.260,-1172333.760,360.910
-443708.390,-1172333.440,360.920
-443708.510,-1172333.150,360.930
-443708.620,-1172332.870,360.950
-443708.740,-1172332.590,360.965
-443708.860,-1172332.280,360.970
-443708.990,-1172331.970,360.980
-443709.100,-1172331.690,360.980
-443709.210,-1172331.400,360.990
-443709.340,-1172331.090,361.000
-443709.460,-1172330.800,361.010
-443709.580,-1172330.500,361.015
-443709.700,-1172330.190,361.020
-443709.820,-1172329.890,361.035
-443709.940,-1172329.610,361.040
-443710.060,-1172329.310,361.040
-443710.310,-1172328.690,361.030
-443710.550,-1172328.080,361.020
-443710.670,-1172327.780,361.010
-443710.790,-1172327.490,361.000
-443710.900,-1172327.220,360.980
-443711.020,-1172326.910,360.950
-443711.150,-1172326.600,360.640
-443711.270,-1172326.310,360.630
-443711.380,-1172326.020,360.635
-443711.510,-1172325.710,360.650
-443711.640,-1172325.390,360.695
-443711.750,-1172325.100,360.740
-443711.870,-1172324.810,360.770
-443711.990,-1172324.510,360.800
-443712.120,-1172324.200,360.840
-443712.230,-1172323.920,360.880
-443712.350,-1172323.630,360.930
-443712.470,-1172323.330,361.020
-443712.580,-1172323.040,361.175
-443712.700,-1172322.740,361.395
-443712.820,-1172322.440,361.610
-443712.940,-1172322.140,361.800
-443713.060,-1172321.830,361.905
-443713.170,-1172321.560,361.910
-443713.300,-1172321.240,361.860
-443713.430,-1172320.930,361.705
-443713.540,-1172320.660,361.500
-443713.650,-1172320.380,361.310
-443713.780,-1172320.070,361.060
-443713.910,-1172319.750,360.785
-443714.020,-1172319.470,360.625
-443714.150,-1172319.160,360.580
-443714.280,-1172318.840,360.530
-443714.390,-1172318.550,360.485
-443714.500,-1172318.280,360.450
-443714.620,-1172317.990,360.400
-443714.750,-1172317.670,360.360
-443715.110,-1172316.800,358.800
-443715.230,-1172316.490,358.330
-443715.350,-1172316.190,357.940
-443715.470,-1172315.910,357.790
-443715.600,-1172315.600,357.725
-443715.740,-1172316.900,358.275
-443715.990,-1172316.290,357.830
-443716.100,-1172316.020,357.750
-443716.220,-1172315.730,357.630
-443706.900,-1172337.770,361.010
-443707.010,-1172337.500,360.900
-443707.130,-1172337.190,360.890
-443707.260,-1172336.870,360.870
-443707.380,-1172336.570,360.870
-443707.510,-1172336.260,360.870
-443707.630,-1172335.970,360.870
-443707.750,-1172335.670,360.880
-443707.860,-1172335.380,360.880
-443707.980,-1172335.100,360.900
-443708.100,-1172334.780,360.910
-443708.230,-1172334.480,360.910
-443708.340,-1172334.180,360.920
-443708.470,-1172333.880,360.920
-443708.590,-1172333.570,360.930
-443708.710,-1172333.270,360.940
-443708.830,-1172332.980,360.960
-443708.950,-1172332.670,360.970
-443709.070,-1172332.380,360.980
-443709.190,-1172332.070,360.990
-443709.310,-1172331.800,360.990
-443709.430,-1172331.500,361.000
-443709.540,-1172331.210,361.010
-443709.660,-1172330.920,361.020
-443709.780,-1172330.620,361.020
-443709.900,-1172330.320,361.020
-443710.020,-1172330.030,361.030
-443710.140,-1172329.730,361.040
-443710.250,-1172329.440,361.030
-443710.380,-1172329.140,361.030
-443710.500,-1172328.830,361.030
-443710.730,-1172328.250,361.010
-443710.860,-1172327.940,360.990
-443710.980,-1172327.640,360.990
-443711.110,-1172327.330,360.970
-443711.220,-1172327.030,360.960
-443711.460,-1172326.440,360.630
-443711.580,-1172326.150,360.620
-443711.700,-1172325.860,360.640
-443711.830,-1172325.540,360.670
-443711.940,-1172325.250,360.700
-443712.060,-1172324.960,360.740
-443712.180,-1172324.660,360.780
-443712.310,-1172324.340,360.820
-443712.430,-1172324.030,360.850
-443712.550,-1172323.750,360.900
-443712.680,-1172323.430,360.960
-443712.790,-1172323.140,361.100
-443712.910,-1172322.840,361.300
-443713.030,-1172322.550,361.530
-443713.150,-1172322.250,361.715
-443713.260,-1172321.960,361.880
-443713.380,-1172321.670,361.910
-443713.500,-1172321.360,361.880
-443713.620,-1172321.070,361.810
-443713.730,-1172320.790,361.620
-443713.860,-1172320.490,361.400
-443713.970,-1172320.210,361.140
-443714.090,-1172319.910,360.900
-443714.220,-1172319.590,360.725
-443714.330,-1172319.320,360.600
-443714.450,-1172319.020,360.560
-443714.580,-1172318.720,360.495
-443714.690,-1172318.430,360.450
-443715.070,-1172317.520,359.390
-443715.180,-1172317.240,359.100
-443715.300,-1172316.950,358.800
-443715.420,-1172316.660,358.330
-443715.540,-1172316.360,357.905
-443715.660,-1172316.050,357.790
-443715.780,-1172315.770,357.730
-443715.900,-1172315.460,357.605
-443714.520,-1172320.760,361.640
-443714.640,-1172320.470,361.440
-443714.760,-1172320.170,361.200
-443714.870,-1172319.890,360.940
-443714.990,-1172319.600,360.740
-443715.110,-1172319.310,360.600
-443715.220,-1172319.030,360.530
-443715.340,-1172318.730,360.330
-443715.460,-1172318.440,359.970
-443715.580,-1172318.160,359.540
-443715.690,-1172317.870,359.130
-443715.810,-1172317.570,358.820
-443715.940,-1172317.270,358.435
-443716.070,-1172316.950,358.090
-443716.180,-1172316.690,357.960
-443716.290,-1172316.390,357.830
-443716.420,-1172316.090,357.750
-443716.540,-1172315.790,357.660
-443707.340,-1172337.740,361.000
-443707.450,-1172337.450,360.920
-443707.570,-1172337.150,360.890
-443707.700,-1172336.850,360.900
-443707.820,-1172336.540,360.890
-443707.930,-1172336.260,360.890
-443708.050,-1172335.960,360.900
-443708.170,-1172335.660,360.910
-443708.420,-1172335.040,360.930
-443708.550,-1172334.740,360.930
-443708.660,-1172334.440,360.940
-443708.790,-1172334.140,360.945
-443708.900,-1172333.860,360.960
-443709.020,-1172333.560,360.970
-443709.140,-1172333.250,360.990
-443709.260,-1172332.950,360.990
-443709.380,-1172332.660,361.000
-443709.510,-1172332.350,361.010
-443709.640,-1172332.030,361.010
-443709.750,-1172331.750,361.020
-443709.870,-1172331.450,361.020
-443709.990,-1172331.160,361.020
-443710.110,-1172330.840,361.020
-443710.230,-1172330.560,361.020
-443710.340,-1172330.280,361.030
-443710.460,-1172329.970,361.020
-443710.580,-1172329.680,361.020
-443710.700,-1172329.380,361.020
-443710.810,-1172329.110,361.010
-443710.940,-1172328.800,360.990
-443711.060,-1172328.490,360.980
-443711.170,-1172328.220,360.980
-443711.300,-1172327.910,360.970
-443711.430,-1172327.580,360.960
-443711.540,-1172327.300,360.960
-443711.650,-1172327.030,360.940
-443711.900,-1172326.410,360.620
-443712.020,-1172326.110,360.620
-443712.140,-1172325.800,360.640
-443712.270,-1172325.480,360.670
-443712.390,-1172325.200,360.700
-443712.500,-1172324.920,360.740
-443712.620,-1172324.630,360.770
-443712.740,-1172324.310,360.810
-443712.870,-1172324.010,360.850
-443712.980,-1172323.720,360.880
-443713.100,-1172323.410,360.955
-443713.230,-1172323.100,361.105
-443713.360,-1172322.790,361.320
-443713.470,-1172322.510,361.505
-443713.600,-1172322.180,361.760
-443713.710,-1172321.890,361.880
-443713.830,-1172321.590,361.880
-443713.950,-1172321.300,361.880
-443714.070,-1172321.000,361.790
-443714.180,-1172320.730,361.620
-443714.290,-1172320.450,361.400
-443714.420,-1172320.150,361.135
-443714.540,-1172319.850,360.900
-443714.650,-1172319.580,360.710
-443714.770,-1172319.280,360.600
-443714.890,-1172318.980,360.550
-443715.020,-1172318.670,360.460
-443715.250,-1172318.100,359.810
-443715.370,-1172317.810,359.445
-443715.490,-1172317.500,359.010
-443715.620,-1172317.200,358.675
-443713.310,-1172324.880,360.710
-443713.420,-1172324.600,360.740
-443713.550,-1172324.300,360.780
-443713.660,-1172324.000,360.830
-443713.790,-1172323.700,360.870
-443713.910,-1172323.400,360.920
-443714.030,-1172323.090,361.070
-443714.160,-1172322.760,361.300
-443714.280,-1172322.470,361.490
-443714.390,-1172322.180,361.695
-443714.520,-1172321.870,361.850
-443714.630,-1172321.580,361.880
-443714.750,-1172321.290,361.900
-443714.880,-1172320.980,361.830
-443715.000,-1172320.680,361.650
-443715.120,-1172320.390,361.385
-443715.240,-1172320.100,361.165
-443715.370,-1172319.770,360.940
-443715.480,-1172319.490,360.730
-443715.600,-1172319.190,360.530
-443715.720,-1172318.910,360.170
-443715.840,-1172318.600,359.680
-443715.960,-1172318.320,359.365
-443716.070,-1172318.030,358.990
-443716.070,-1172318.050,359.000
-443716.190,-1172317.770,358.490
-443716.310,-1172317.470,358.230
-443716.440,-1172317.150,358.110
-443716.540,-1172316.890,358.000
-443716.660,-1172316.600,357.890
-443716.790,-1172316.270,357.770
-443716.900,-1172316.010,357.740
-443717.020,-1172315.710,357.620
-443707.780,-1172337.490,360.980
-443707.910,-1172337.190,360.930
-443708.020,-1172336.900,360.910
-443708.140,-1172336.600,360.910
-443708.270,-1172336.290,360.915
-443708.380,-1172336.010,360.930
-443708.510,-1172335.700,360.930
-443708.620,-1172335.410,360.940
-443708.740,-1172335.110,360.940
-443708.860,-1172334.820,360.950
-443708.990,-1172334.510,360.960
-443709.100,-1172334.220,360.970
-443709.230,-1172333.910,360.980
-443709.360,-1172333.590,360.990
-443709.480,-1172333.290,361.000
-443709.590,-1172333.000,361.000
-443709.710,-1172332.710,361.015
-443709.830,-1172332.420,361.020
-443709.950,-1172332.110,361.030
-443710.070,-1172331.810,361.030
-443710.190,-1172331.520,361.020
-443710.310,-1172331.210,361.020
-443710.440,-1172330.910,361.020
-443710.560,-1172330.600,361.010
-443710.680,-1172330.310,361.010
-443710.800,-1172330.000,361.010
-443710.910,-1172329.720,361.000
-443711.040,-1172329.400,360.990
-443711.160,-1172329.120,360.990
-443711.270,-1172328.830,360.970
-443711.380,-1172328.550,360.960
-443711.500,-1172328.260,360.950
-443711.630,-1172327.950,360.950
-443711.740,-1172327.660,360.950
-443711.860,-1172327.370,360.950
-443711.980,-1172327.060,360.930
-443712.100,-1172326.780,360.840
-443712.220,-1172326.480,360.610
-443712.340,-1172326.170,360.620
-443712.460,-1172325.880,360.630
-443712.580,-1172325.600,360.640
-443712.700,-1172325.280,360.680
-443712.830,-1172324.970,360.720
-443712.950,-1172324.670,360.750
-443713.070,-1172324.360,360.800
-443713.190,-1172324.060,360.830
-443713.310,-1172323.770,360.870
-443713.430,-1172323.470,360.930
-443713.540,-1172323.180,361.040
-443713.670,-1172322.880,361.275
-443713.800,-1172322.560,361.460
-443713.910,-1172322.280,361.665
-443714.030,-1172321.970,361.855
-443714.160,-1172321.650,361.890
-443714.280,-1172321.350,361.905
-443714.400,-1172321.060,361.860
-443711.800,-1172329.500,360.940
-443712.040,-1172328.910,360.920
-443712.160,-1172328.600,360.920
-443712.280,-1172328.300,360.910
-443712.400,-1172328.000,360.910
-443712.530,-1172327.690,360.910
-443712.650,-1172327.400,360.910
-443712.760,-1172327.110,360.890
-443712.890,-1172326.790,360.830
-443713.000,-1172326.510,360.620
-443713.120,-1172326.230,360.610
-443713.230,-1172325.940,360.610
-443713.350,-1172325.660,360.620
-443713.470,-1172325.350,360.650
-443713.590,-1172325.050,360.680
-443713.710,-1172324.770,360.710
-443713.830,-1172324.460,360.750
-443713.940,-1172324.170,360.785
-443714.070,-1172323.860,360.830
-443714.190,-1172323.560,360.875
-443714.310,-1172323.260,360.940
-443714.420,-1172322.980,361.070
-443714.550,-1172322.670,361.300
-443714.670,-1172322.360,361.490
-443714.800,-1172322.050,361.720
-443714.920,-1172321.730,361.870
-443715.040,-1172321.430,361.895
-443715.160,-1172321.140,361.875
-443715.270,-1172320.860,361.790
-443715.390,-1172320.570,361.530
-443715.510,-1172320.270,361.330
-443715.640,-1172319.960,361.060
-443715.750,-1172319.680,360.845
-443715.880,-1172319.360,360.505
-443716.000,-1172319.070,360.160
-443716.130,-1172318.760,359.600
-443716.360,-1172318.200,358.400
-443716.480,-1172317.910,358.270
-443716.600,-1172317.610,358.200
-443716.720,-1172317.310,358.130
-443716.830,-1172317.030,358.035
-443716.950,-1172316.740,357.935
-443717.070,-1172316.450,357.820
-443717.190,-1172316.140,357.750
-443717.310,-1172315.860,357.680
-443717.420,-1172315.570,357.590
-443708.280,-1172337.360,360.965
-443708.410,-1172337.040,360.940
-443708.520,-1172336.770,360.940
-443708.630,-1172336.490,360.940
-443708.760,-1172336.190,360.940
-443708.870,-1172335.900,360.950
-443708.990,-1172335.620,360.950
-443709.110,-1172335.320,360.970
-443709.230,-1172335.010,360.970
-443709.350,-1172334.720,360.985
-443709.460,-1172334.440,360.990
-443709.590,-1172334.120,361.000
-443709.710,-1172333.810,361.010
-443709.820,-1172333.540,361.020
-443709.940,-1172333.240,361.030
-443710.070,-1172332.930,361.030
-443710.200,-1172332.620,361.030
-443710.310,-1172332.320,361.035
-443710.440,-1172332.010,361.030
-443710.570,-1172331.690,361.020
-443710.790,-1172331.140,361.010
-443710.910,-1172330.840,361.000
-443711.040,-1172330.520,360.990
-443711.160,-1172330.230,360.990
-443711.270,-1172329.950,360.970
-443711.400,-1172329.630,360.970
-443711.520,-1172329.320,360.960
-443711.640,-1172329.030,360.940
-443711.760,-1172328.740,360.940
-443711.890,-1172328.420,360.930
-443712.000,-1172328.130,360.930
-443712.120,-1172327.830,360.925
-443712.240,-1172327.540,360.930
-443712.360,-1172327.250,360.920
-443712.470,-1172326.960,360.900
-443712.580,-1172326.680,360.680
-443712.580,-1172326.690,360.700
-443712.710,-1172326.370,360.620
-443712.830,-1172326.080,360.610
-443712.940,-1172325.800,360.620
-443713.060,-1172325.490,360.640
-443713.190,-1172325.190,360.680
-443709.650,-1172336.250,361.000
-443709.780,-1172335.940,361.000
-443709.900,-1172335.640,361.010
-443710.020,-1172335.350,361.020
-443710.150,-1172335.030,361.020
-443710.260,-1172334.750,361.020
-443710.380,-1172334.460,361.030
-443710.490,-1172334.170,361.030
-443710.620,-1172333.870,361.020
-443710.730,-1172333.570,361.030
-443710.840,-1172333.300,361.020
-443710.970,-1172332.980,361.010
-443711.090,-1172332.690,361.010
-443711.200,-1172332.400,361.010
-443711.320,-1172332.110,361.005
-443711.440,-1172331.810,361.000
-443711.570,-1172331.490,360.990
-443711.570,-1172331.500,360.990
-443711.690,-1172331.200,360.980
-443711.800,-1172330.920,360.970
-443711.920,-1172330.620,360.940
-443712.050,-1172330.310,360.910
-443712.160,-1172330.020,360.900
-443712.290,-1172329.710,360.900
-443712.420,-1172329.390,360.890
-443712.540,-1172329.090,360.880
-443712.770,-1172328.510,360.870
-443712.890,-1172328.220,360.870
-443713.010,-1172327.930,360.870
-443713.130,-1172327.630,360.870
-443713.250,-1172327.330,360.870
-443713.370,-1172327.010,360.850
-443713.490,-1172326.720,360.810
-443713.620,-1172326.410,360.620
-443713.740,-1172326.110,360.600
-443713.860,-1172325.820,360.610
-443713.970,-1172325.530,360.620
-443714.100,-1172325.210,360.650
-443714.220,-1172324.930,360.670
-443714.330,-1172324.650,360.720
-443714.450,-1172324.350,360.750
-443714.570,-1172324.050,360.790
-443714.690,-1172323.750,360.840
-443714.800,-1172323.470,360.890
-443714.920,-1172323.170,360.960
-443715.050,-1172322.850,361.130
-443715.160,-1172322.570,361.340
-443715.280,-1172322.260,361.550
-443715.410,-1172321.950,361.770
-443715.530,-1172321.650,361.855
-443715.640,-1172321.370,361.890
-443715.760,-1172321.060,361.855
-443715.890,-1172320.750,361.645
-443716.020,-1172320.440,361.340
-443716.130,-1172320.150,361.040
-443716.260,-1172319.850,360.660
-443716.490,-1172319.300,358.760
-443716.600,-1172319.020,358.620
-443716.730,-1172318.720,358.470
-443716.850,-1172318.400,358.360
-443716.970,-1172318.120,358.300
-443717.090,-1172317.810,358.240
-443717.220,-1172317.500,358.190
-443717.340,-1172317.190,358.125
-443717.450,-1172316.920,358.080
-443717.580,-1172316.610,357.990
-443717.700,-1172316.310,357.870
-443717.820,-1172316.020,357.780
-443717.930,-1172315.730,357.690
-443708.570,-1172337.520,361.000
-443708.690,-1172337.210,360.970
-443708.810,-1172336.930,360.970
-443708.930,-1172336.630,360.970
-443709.050,-1172336.340,360.960
-443709.170,-1172336.030,360.960
-443709.290,-1172335.740,360.970
-443709.400,-1172335.460,360.980
-443709.520,-1172335.160,360.990
-443709.640,-1172334.870,361.000
-443709.760,-1172334.570,361.000
-443709.880,-1172334.280,361.010
-443709.990,-1172333.990,361.020
-443710.110,-1172333.690,361.020
-443710.230,-1172333.410,361.030
-443710.350,-1172333.100,361.040
-443710.480,-1172332.780,361.040
-443710.700,-1172332.220,361.030
-443710.830,-1172331.910,361.020
-443710.950,-1172331.600,361.010
-443711.080,-1172331.290,361.000
-443711.200,-1172330.980,360.990
-443711.330,-1172330.670,360.970
-443711.560,-1172330.100,360.955
-443711.670,-1172329.810,360.940
-443717.400,-1172319.200,358.570
-443717.510,-1172318.920,358.530
-443717.640,-1172318.610,358.500
-443717.760,-1172318.300,358.470
-443717.890,-1172317.990,358.460
-443718.010,-1172317.690,358.415
-443718.130,-1172317.380,358.400
-443718.250,-1172317.090,358.320
-443718.360,-1172316.820,358.220
-443718.480,-1172316.520,358.015
-443718.610,-1172316.210,357.875
-443718.730,-1172315.900,357.770
-443718.840,-1172315.620,357.670
-443709.630,-1172337.400,361.050
-443709.750,-1172337.090,361.030
-443709.870,-1172336.800,361.030
-443709.990,-1172336.520,361.020
-443710.100,-1172336.230,361.020
-443710.230,-1172335.920,361.020
-443710.350,-1172335.610,361.030
-443710.470,-1172335.320,361.040
-443710.590,-1172335.030,361.030
-443710.710,-1172334.710,361.030
-443710.840,-1172334.410,361.020
-443710.950,-1172334.120,361.020
-443711.070,-1172333.810,361.010
-443711.190,-1172333.520,361.000
-443711.320,-1172333.210,361.000
-443711.430,-1172332.930,360.990
-443711.550,-1172332.640,360.980
-443711.660,-1172332.350,360.980
-443711.780,-1172332.070,360.990
-443711.910,-1172331.740,360.980
-443712.020,-1172331.450,360.970
-443712.140,-1172331.170,360.950
-443712.260,-1172330.870,360.920
-443712.370,-1172330.590,360.905
-443712.500,-1172330.280,360.890
-443712.620,-1172329.970,360.880
-443712.740,-1172329.680,360.870
-443712.860,-1172329.390,360.870
-443712.980,-1172329.090,360.860
-443713.100,-1172328.780,360.860
-443713.220,-1172328.480,360.850
-443713.350,-1172328.170,360.850
-443713.470,-1172327.860,360.850
-443713.590,-1172327.570,360.850
-443713.700,-1172327.280,360.840
-443713.820,-1172326.990,360.830
-443713.950,-1172326.680,360.760
-443714.060,-1172326.390,360.610
-443714.180,-1172326.100,360.600
-443714.310,-1172325.790,360.600
-443714.430,-1172325.480,360.620
-443714.550,-1172325.180,360.640
-443714.670,-1172324.890,360.665
-443714.790,-1172324.580,360.710
-443714.910,-1172324.290,360.755
-443715.030,-1172323.980,360.795
-443715.150,-1172323.690,360.830
-443715.270,-1172323.410,360.880
-443715.380,-1172323.120,360.960
-443715.500,-1172322.820,361.130
-443715.620,-1172322.510,361.340
-443715.740,-1172322.220,361.510
-443715.860,-1172321.930,361.750
-443715.980,-1172321.620,361.825
-443716.100,-1172321.330,361.820
-443716.220,-1172321.030,361.725
-443716.450,-1172320.470,361.020
-443716.570,-1172320.190,359.085
-443716.690,-1172319.880,358.900
-443716.810,-1172319.580,358.745
-443716.940,-1172319.270,358.615
-443717.070,-1172318.960,358.515
-443717.190,-1172318.660,358.420
-443717.300,-1172318.370,358.390
-443717.420,-1172318.090,358.360
-443717.540,-1172317.790,358.320
-443717.660,-1172317.490,358.280
-443717.780,-1172317.180,358.210
-443717.900,-1172316.890,358.185
-443718.020,-1172316.590,358.050
-443718.150,-1172316.280,357.880
-443718.270,-1172315.970,357.780
-443718.390,-1172315.690,357.695
-443709.170,-1172337.460,361.035
-443709.300,-1172337.140,361.010
-443709.420,-1172336.840,361.005
-443709.530,-1172336.560,361.000
-443715.430,-1172324.640,360.690
-443715.560,-1172324.330,360.730
-443715.680,-1172324.030,360.770
-443715.800,-1172323.730,360.830
-443715.920,-1172323.420,360.875
-443716.050,-1172323.110,360.940
-443716.180,-1172322.790,361.025
-443716.290,-1172322.510,361.140
-443716.410,-1172322.210,361.330
-443716.530,-1172321.910,361.360
-443716.880,-1172321.060,359.110
-443717.000,-1172320.770,359.060
-443717.110,-1172320.490,359.010
-443717.230,-1172320.190,358.910
-443717.350,-1172319.900,358.790
-443717.460,-1172319.610,358.690
-443717.590,-1172319.300,358.615
-443717.700,-1172319.020,358.580
-443717.830,-1172318.710,358.550
-443717.950,-1172318.400,358.520
-443718.070,-1172318.110,358.550
-443718.180,-1172317.830,358.520
-443718.310,-1172317.520,358.500
-443718.430,-1172317.210,358.430
-443718.550,-1172316.910,358.300
-443718.680,-1172316.590,358.090
-443718.800,-1172316.290,357.940
-443718.920,-1172316.000,357.820
-443719.040,-1172315.720,357.730
-443710.090,-1172337.350,361.060
-443710.210,-1172337.040,361.060
-443710.330,-1172336.740,361.050
-443710.460,-1172336.430,361.040
-443710.580,-1172336.120,361.040
-443710.710,-1172335.810,361.040
-443710.820,-1172335.530,361.040
-443710.930,-1172335.240,361.030
-443711.050,-1172334.950,361.030
-443711.180,-1172334.640,361.020
-443711.420,-1172334.040,360.990
-443711.540,-1172333.730,360.980
-443711.660,-1172333.430,360.970
-443711.790,-1172333.120,360.960
-443711.900,-1172332.840,360.960
-443712.030,-1172332.520,360.960
-443712.140,-1172332.240,360.960
-443712.270,-1172331.920,360.945
-443712.260,-1172331.930,360.950
-443712.390,-1172331.610,360.930
-443712.500,-1172331.340,360.920
-443712.500,-1172331.350,360.920
-443712.610,-1172331.070,360.900
-443712.720,-1172330.790,360.890
-443712.860,-1172330.460,360.880
-443712.970,-1172330.180,360.870
-443713.080,-1172329.910,360.860
-443713.210,-1172329.590,360.850
-443713.320,-1172329.300,360.850
-443713.450,-1172329.000,360.840
-443713.570,-1172328.690,360.840
-443713.680,-1172328.410,360.830
-443713.810,-1172328.100,360.830
-443713.920,-1172327.810,360.820
-443714.050,-1172327.500,360.830
-443714.170,-1172327.190,360.820
-443714.300,-1172326.880,360.800
-443714.420,-1172326.590,360.720
-443714.530,-1172326.300,360.600
-443714.650,-1172326.000,360.590
-443714.770,-1172325.710,360.600
-443714.880,-1172325.430,360.610
-443715.010,-1172325.110,360.640
-443715.130,-1172324.810,360.670
-443715.250,-1172324.520,360.710
-443715.370,-1172324.210,360.760
-443715.500,-1172323.890,360.805
-443715.620,-1172323.600,360.850
-443715.740,-1172323.310,360.910
-443715.850,-1172323.010,360.985
-443715.980,-1172322.690,361.150
-443716.100,-1172322.400,361.340
-443716.210,-1172322.120,361.495
-443716.330,-1172321.830,361.575
-443716.450,-1172321.520,361.685
-443716.570,-1172321.230,361.595
-443716.680,-1172320.990,359.170
-443716.800,-1172320.690,359.110
-443716.920,-1172320.380,359.030
-443717.030,-1172320.110,358.900
-443717.160,-1172319.790,358.765
-443717.290,-1172319.480,358.650
-443713.640,-1172330.200,360.840
-443713.750,-1172329.910,360.830
-443713.880,-1172329.610,360.830
-443714.000,-1172329.290,360.815
-443714.110,-1172329.010,360.810
-443714.230,-1172328.730,360.800
-443714.350,-1172328.440,360.800
-443714.460,-1172328.150,360.790
-443714.590,-1172327.840,360.790
-443714.700,-1172327.560,360.790
-443714.820,-1172327.250,360.780
-443714.940,-1172326.960,360.750
-443715.060,-1172326.670,360.670
-443715.180,-1172326.380,360.580
-443715.310,-1172326.050,360.570
-443715.420,-1172325.760,360.580
-443715.530,-1172325.490,360.590
-443715.670,-1172325.150,360.620
-443715.790,-1172324.860,360.650
-443715.910,-1172324.560,360.700
-443716.030,-1172324.260,360.750
-443716.160,-1172323.940,360.800
-443716.270,-1172323.650,360.830
-443716.390,-1172323.360,360.855
-443716.500,-1172323.080,360.880
-443716.630,-1172322.750,360.930
-443716.750,-1172322.450,360.930
-443716.860,-1172322.210,358.970
-443716.980,-1172321.910,359.030
-443717.110,-1172321.590,359.050
-443717.230,-1172321.280,359.040
-443717.350,-1172321.000,359.020
-443717.480,-1172320.680,359.000
-443717.590,-1172320.390,358.950
-443717.710,-1172320.100,358.860
-443717.830,-1172319.800,358.760
-443717.950,-1172319.500,358.720
-443718.060,-1172319.230,358.690
-443718.180,-1172318.940,358.655
-443718.300,-1172318.630,358.650
-443718.420,-1172318.330,358.690
-443718.540,-1172318.040,358.700
-443718.660,-1172317.750,358.680
-443718.770,-1172317.460,358.600
-443718.900,-1172317.140,358.465
-443719.020,-1172316.840,358.270
-443719.140,-1172316.560,358.090
-443719.260,-1172316.270,357.925
-443719.380,-1172315.960,357.840
-443719.500,-1172315.670,357.730
-443719.620,-1172315.360,357.610
-443710.270,-1172337.460,361.070
-443710.400,-1172337.150,361.060
-443710.520,-1172336.850,361.060
-443710.750,-1172336.270,361.040
-443710.880,-1172335.960,361.040
-443710.990,-1172335.670,361.035
-443711.120,-1172335.350,361.030
-443711.250,-1172335.030,361.010
-443711.370,-1172334.740,361.000
-443711.480,-1172334.450,360.990
-443711.600,-1172334.160,360.970
-443711.720,-1172333.870,360.970
-443711.840,-1172333.560,360.950
-443711.970,-1172333.250,360.950
-443712.080,-1172332.970,360.940
-443712.200,-1172332.660,360.940
-443712.330,-1172332.360,360.930
-443712.450,-1172332.050,360.930
-443712.690,-1172331.450,360.910
-443712.810,-1172331.160,360.890
-443712.930,-1172330.860,360.880
-443713.050,-1172330.570,360.870
-443713.160,-1172330.280,360.860
-443713.280,-1172329.990,360.850
-443713.390,-1172329.710,360.850
-443713.520,-1172329.400,360.840
-443713.630,-1172329.120,360.830
-443713.750,-1172328.820,360.830
-443713.870,-1172328.510,360.820
-443713.990,-1172328.220,360.810
-443714.110,-1172327.920,360.810
-443714.240,-1172327.610,360.810
-443714.350,-1172327.330,360.810
-443714.470,-1172327.020,360.790
-443714.710,-1172326.430,360.610
-443714.840,-1172326.110,360.590
-443714.960,-1172325.810,360.590
-443715.090,-1172325.500,360.600
-443715.200,-1172325.220,360.620
-443715.320,-1172324.920,360.650
-443711.170,-1172337.210,361.070
-443711.290,-1172336.920,361.060
-443711.410,-1172336.630,361.040
-443711.520,-1172336.340,361.030
-443711.630,-1172336.060,361.010
-443711.770,-1172335.720,360.990
-443711.880,-1172335.460,360.980
-443711.990,-1172335.180,360.970
-443712.110,-1172334.870,360.950
-443712.230,-1172334.580,360.945
-443712.350,-1172334.270,360.940
-443712.480,-1172333.970,360.930
-443712.590,-1172333.680,360.910
-443712.710,-1172333.390,360.900
-443712.830,-1172333.090,360.890
-443712.950,-1172332.780,360.890
-443713.080,-1172332.470,360.870
-443713.200,-1172332.160,360.870
-443713.320,-1172331.860,360.870
-443713.440,-1172331.570,360.860
-443713.560,-1172331.280,360.850
-443713.670,-1172330.990,360.850
-443713.800,-1172330.690,360.840
-443713.920,-1172330.390,360.830
-443714.040,-1172330.090,360.820
-443714.160,-1172329.770,360.810
-443714.280,-1172329.480,360.800
-443714.410,-1172329.170,360.790
-443714.520,-1172328.880,360.790
-443714.640,-1172328.590,360.780
-443714.760,-1172328.290,360.780
-443714.880,-1172327.980,360.780
-443715.000,-1172327.690,360.775
-443715.120,-1172327.410,360.770
-443715.230,-1172327.120,360.740
-443715.350,-1172326.830,360.650
-443715.470,-1172326.520,360.560
-443715.590,-1172326.240,360.550
-443715.700,-1172325.950,360.560
-443715.830,-1172325.640,360.570
-443715.950,-1172325.340,360.590
-443716.070,-1172325.050,360.640
-443716.190,-1172324.730,360.685
-443716.310,-1172324.440,360.710
-443716.420,-1172324.160,360.740
-443716.550,-1172323.840,360.770
-443716.680,-1172323.530,360.795
-443716.800,-1172323.230,360.820
-443716.790,-1172323.280,360.820
-443716.910,-1172322.980,358.580
-443717.040,-1172322.660,358.500
-443717.160,-1172322.360,358.520
-443717.270,-1172322.080,358.645
-443717.390,-1172321.790,358.745
-443717.510,-1172321.480,358.960
-443717.640,-1172321.160,359.005
-443717.750,-1172320.880,359.010
-443717.870,-1172320.580,358.985
-443718.000,-1172320.260,358.930
-443718.130,-1172319.950,358.855
-443718.240,-1172319.670,358.820
-443718.360,-1172319.370,358.785
-443718.480,-1172319.070,358.775
-443718.600,-1172318.760,358.830
-443718.720,-1172318.480,358.840
-443718.830,-1172318.190,358.810
-443718.950,-1172317.900,358.770
-443719.070,-1172317.620,358.720
-443719.190,-1172317.320,358.590
-443719.310,-1172317.030,358.430
-443719.430,-1172316.730,358.230
-443719.550,-1172316.430,358.070
-443719.660,-1172316.150,357.890
-443719.790,-1172315.840,357.810
-443719.910,-1172315.530,357.665
-443710.740,-1172337.390,361.070
-443710.870,-1172337.070,361.060
-443710.990,-1172336.790,361.060
-443711.100,-1172336.500,361.040
-443711.230,-1172336.190,361.030
-443711.350,-1172335.890,361.020
-443711.460,-1172335.600,361.015
-443711.590,-1172335.300,361.000
-443711.710,-1172335.000,360.980
-443711.820,-1172334.700,360.970
-443711.940,-1172334.410,360.960
-443712.060,-1172334.110,360.950
-443712.200,-1172333.780,360.940
-443712.320,-1172333.480,360.930
-443712.440,-1172333.180,360.910
-443712.560,-1172332.890,360.910
-443712.670,-1172332.600,360.910
-443712.780,-1172332.320,360.890
-443712.910,-1172332.010,360.890
-443713.040,-1172331.690,360.890
-443713.150,-1172331.410,360.870
-443713.270,-1172331.110,360.865
-443713.390,-1172330.810,360.850
-443713.520,-1172330.490,360.850
-443717.160,-1172324.210,357.570
-443717.290,-1172323.890,357.540
-443717.410,-1172323.600,357.585
-443717.520,-1172323.320,357.720
-443717.650,-1172323.000,357.870
-443717.760,-1172322.710,358.080
-443717.890,-1172322.400,358.280
-443718.010,-1172322.090,358.455
-443718.130,-1172321.800,358.660
-443718.250,-1172321.500,358.840
-443718.370,-1172321.200,358.965
-443718.490,-1172320.890,359.000
-443718.620,-1172320.580,359.030
-443718.740,-1172320.290,359.020
-443718.860,-1172319.970,358.965
-443718.980,-1172319.680,358.940
-443719.100,-1172319.390,358.930
-443719.210,-1172319.100,358.930
-443719.340,-1172318.790,358.910
-443719.460,-1172318.490,358.880
-443719.580,-1172318.200,358.790
-443719.700,-1172317.900,358.670
-443719.820,-1172317.590,358.550
-443719.950,-1172317.270,358.420
-443720.060,-1172316.990,358.290
-443711.650,-1172337.150,361.030
-443711.770,-1172336.850,361.030
-443711.890,-1172336.550,361.020
-443712.000,-1172336.270,361.000
-443712.130,-1172335.960,360.970
-443712.250,-1172335.670,360.950
-443712.360,-1172335.380,360.940
-443712.480,-1172335.100,360.930
-443712.600,-1172334.800,360.925
-443712.720,-1172334.490,360.910
-443712.840,-1172334.200,360.900
-443712.950,-1172333.930,360.900
-443713.070,-1172333.610,360.880
-443713.190,-1172333.330,360.880
-443713.310,-1172333.030,360.860
-443713.440,-1172332.720,360.860
-443713.560,-1172332.410,360.850
-443713.670,-1172332.140,360.850
-443713.790,-1172331.840,360.840
-443713.910,-1172331.530,360.840
-443714.040,-1172331.220,360.830
-443714.160,-1172330.920,360.820
-443714.280,-1172330.610,360.810
-443714.400,-1172330.310,360.800
-443714.520,-1172330.030,360.790
-443714.630,-1172329.750,360.790
-443714.760,-1172329.440,360.770
-443714.880,-1172329.120,360.770
-443714.990,-1172328.840,360.770
-443715.120,-1172328.540,360.760
-443715.240,-1172328.220,360.760
-443715.370,-1172327.910,360.750
-443715.480,-1172327.630,360.735
-443715.600,-1172327.330,360.710
-443715.720,-1172327.030,360.600
-443715.850,-1172326.730,360.530
-443715.960,-1172326.450,360.520
-443716.070,-1172326.160,360.520
-443716.190,-1172325.870,360.540
-443716.310,-1172325.570,360.560
-443716.430,-1172325.280,360.590
-443716.550,-1172324.990,360.640
-443716.670,-1172324.680,360.670
-443716.790,-1172324.390,360.690
-443716.900,-1172324.100,360.695
-443717.030,-1172323.790,358.005
-443717.020,-1172323.840,360.655
-443717.150,-1172323.530,357.930
-443717.260,-1172323.240,357.980
-443717.380,-1172322.950,358.090
-443717.510,-1172322.630,358.220
-443717.630,-1172322.330,358.345
-443717.750,-1172322.030,358.530
-443717.870,-1172321.710,358.760
-443718.000,-1172321.390,358.960
-443718.110,-1172321.110,359.000
-443718.230,-1172320.820,359.000
-443718.350,-1172320.530,359.000
-443718.470,-1172320.210,358.960
-443718.590,-1172319.920,358.930
-443718.710,-1172319.640,358.915
-443718.840,-1172319.320,358.900
-443718.960,-1172319.010,358.900
-443719.080,-1172318.710,358.900
-443719.200,-1172318.420,358.880
-443719.320,-1172318.100,358.825
-443719.440,-1172317.830,358.735
-443719.560,-1172317.530,358.610
-443719.680,-1172317.220,358.465
-443719.800,-1172316.930,358.340
-443719.910,-1172316.650,358.180
-443720.020,-1172316.380,358.030
-443714.000,-1172333.250,360.830
-443714.110,-1172332.970,360.820
-443714.230,-1172332.670,360.820
-443714.350,-1172332.380,360.820
-443714.470,-1172332.080,360.810
-443714.580,-1172331.800,360.810
-443714.700,-1172331.500,360.800
-443714.830,-1172331.190,360.790
-443714.950,-1172330.900,360.780
-443715.060,-1172330.610,360.770
-443715.190,-1172330.280,360.765
-443715.310,-1172330.010,360.760
-443715.420,-1172329.710,360.750
-443715.540,-1172329.410,360.740
-443715.910,-1172328.500,360.720
-443716.510,-1172327.010,360.410
-443716.630,-1172326.700,360.425
-443716.750,-1172326.410,360.435
-443716.870,-1172326.110,360.465
-443717.000,-1172325.790,360.490
-443717.120,-1172325.490,360.495
-443717.110,-1172325.580,360.500
-443717.220,-1172325.300,358.680
-443717.470,-1172324.680,356.945
-443717.590,-1172324.370,357.060
-443717.710,-1172324.080,357.180
-443717.830,-1172323.780,357.300
-443717.950,-1172323.480,357.470
-443718.050,-1172323.210,357.660
-443718.180,-1172322.890,357.885
-443718.300,-1172322.590,358.090
-443718.410,-1172322.300,358.290
-443718.530,-1172322.010,358.465
-443718.660,-1172321.700,358.690
-443718.780,-1172321.380,358.920
-443718.900,-1172321.080,358.990
-443719.020,-1172320.800,359.010
-443719.130,-1172320.500,359.020
-443719.260,-1172320.190,359.010
-443719.380,-1172319.890,358.960
-443719.510,-1172319.580,358.900
-443719.630,-1172319.260,358.875
-443719.750,-1172318.960,358.810
-443719.870,-1172318.690,358.750
-443719.980,-1172318.400,358.660
-443720.110,-1172318.100,358.580
-443711.900,-1172337.240,361.005
-443712.030,-1172336.930,361.000
-443712.150,-1172336.640,360.990
-443712.260,-1172336.350,360.980
-443712.390,-1172336.030,360.950
-443712.510,-1172335.730,360.930
-443712.630,-1172335.440,360.920
-443712.750,-1172335.130,360.910
-443712.870,-1172334.840,360.900
-443712.990,-1172334.530,360.900
-443713.110,-1172334.250,360.890
-443713.230,-1172333.960,360.880
-443713.340,-1172333.670,360.860
-443713.450,-1172333.390,360.860
-443713.580,-1172333.080,360.850
-443713.700,-1172332.790,360.840
-443713.830,-1172332.470,360.840
-443713.940,-1172332.190,360.830
-443714.050,-1172331.910,360.830
-443714.180,-1172331.600,360.820
-443714.300,-1172331.290,360.815
-443714.410,-1172331.010,360.810
-443714.530,-1172330.710,360.800
-443714.660,-1172330.400,360.790
-443714.780,-1172330.100,360.780
-443714.900,-1172329.790,360.770
-443715.020,-1172329.490,360.760
-443715.150,-1172329.180,360.760
-443715.270,-1172328.890,360.750
-443715.380,-1172328.600,360.740
-443715.500,-1172328.310,360.740
-443715.620,-1172328.000,360.730
-443715.740,-1172327.700,360.710
-443716.110,-1172326.800,360.470
-443716.230,-1172326.500,360.490
-443716.350,-1172326.210,360.510
-443716.470,-1172325.900,360.520
-443716.580,-1172325.620,360.550
-443716.710,-1172325.310,360.570
-443716.820,-1172325.020,360.590
-443716.940,-1172324.730,360.610
-443717.050,-1172324.500,360.590
-443718.170,-1172324.490,356.725
-443718.290,-1172324.200,356.900
-443718.410,-1172323.890,357.150
-443718.540,-1172323.570,357.370
-443718.660,-1172323.270,357.575
-443718.770,-1172322.980,357.760
-443718.900,-1172322.660,357.985
-443719.030,-1172322.350,358.170
-443719.150,-1172322.050,358.390
-443719.260,-1172321.750,358.575
-443719.390,-1172321.450,358.790
-443719.510,-1172321.150,358.960
-443719.620,-1172320.860,358.970
-443719.730,-1172320.580,358.980
-443719.850,-1172320.280,358.980
-443719.970,-1172319.980,358.900
-443720.090,-1172319.690,358.770
-443720.210,-1172319.410,358.640
-443712.740,-1172337.100,360.880
-443712.860,-1172336.800,360.910
-443712.990,-1172336.480,360.920
-443713.110,-1172336.180,360.920
-443713.230,-1172335.880,360.900
-443713.350,-1172335.590,360.880
-443713.470,-1172335.290,360.870
-443713.590,-1172334.990,360.860
-443713.710,-1172334.700,360.840
-443713.830,-1172334.400,360.835
-443713.950,-1172334.110,360.830
-443714.070,-1172333.800,360.820
-443714.190,-1172333.490,360.820
-443714.320,-1172333.180,360.810
-443714.440,-1172332.890,360.810
-443714.560,-1172332.590,360.810
-443714.670,-1172332.310,360.800
-443714.800,-1172331.990,360.800
-443714.910,-1172331.710,360.790
-443715.030,-1172331.420,360.780
-443715.150,-1172331.130,360.770
-443715.260,-1172330.830,360.770
-443715.390,-1172330.530,360.760
-443715.500,-1172330.260,360.750
-443715.620,-1172329.960,360.750
-443715.740,-1172329.650,360.735
-443715.850,-1172329.370,360.730
-443715.980,-1172329.070,360.720
-443716.950,-1172326.640,360.350
-443717.070,-1172326.350,360.350
-443717.190,-1172326.060,358.010
-443717.290,-1172325.860,356.325
-443717.410,-1172325.540,356.350
-443717.540,-1172325.240,356.470
-443717.650,-1172324.950,356.530
-443717.780,-1172324.630,356.745
-443717.910,-1172324.310,356.950
-443718.030,-1172324.000,357.125
-443718.140,-1172323.720,357.320
-443718.270,-1172323.400,357.520
-443718.390,-1172323.110,357.680
-443718.500,-1172322.810,357.890
-443718.620,-1172322.510,358.070
-443718.740,-1172322.220,358.270
-443718.860,-1172321.920,358.520
-443718.970,-1172321.630,358.695
-443719.100,-1172321.330,358.910
-443719.210,-1172321.030,358.990
-443719.330,-1172320.740,359.000
-443719.460,-1172320.430,359.020
-443719.570,-1172320.150,358.990
-443719.700,-1172319.830,358.900
-443719.820,-1172319.530,358.830
-443719.930,-1172319.250,358.730
-443720.050,-1172318.960,358.660
-443720.170,-1172318.650,358.550
-443712.440,-1172337.130,360.910
-443712.560,-1172336.830,360.940
-443712.670,-1172336.540,360.950
-443712.790,-1172336.260,360.940
-443712.920,-1172335.940,360.920
-443713.040,-1172335.640,360.900
-443713.160,-1172335.340,360.890
-443713.280,-1172335.040,360.880
-443713.410,-1172334.720,360.870
-443713.520,-1172334.440,360.860
-443713.640,-1172334.150,360.840
-443713.760,-1172333.850,360.840
-443713.890,-1172333.530,360.830
-443719.110,-1172323.790,357.190
-443719.240,-1172323.470,357.400
-443719.360,-1172323.160,357.600
-443719.480,-1172322.850,357.810
-443719.610,-1172322.530,358.030
-443719.730,-1172322.230,358.225
-443719.840,-1172321.960,358.395
-443719.950,-1172321.670,358.600
-443720.080,-1172321.350,358.830
-443720.210,-1172321.030,358.910
-443720.320,-1172320.760,358.910
-443713.330,-1172336.990,360.870
-443713.450,-1172336.690,360.890
-443713.570,-1172336.400,360.890
-443713.690,-1172336.110,360.880
-443713.810,-1172335.800,360.870
-443713.940,-1172335.490,360.840
-443714.050,-1172335.210,360.830
-443714.170,-1172334.920,360.830
-443714.290,-1172334.610,360.810
-443714.410,-1172334.310,360.810
-443714.540,-1172334.000,360.800
-443714.660,-1172333.680,360.790
-443714.790,-1172333.380,360.790
-443714.900,-1172333.090,360.785
-443715.020,-1172332.810,360.780
-443715.140,-1172332.510,360.780
-443715.260,-1172332.200,360.770
-443715.380,-1172331.910,360.770
-443715.490,-1172331.630,360.760
-443715.620,-1172331.310,360.760
-443715.740,-1172331.010,360.750
-443715.870,-1172330.700,360.740
-443715.980,-1172330.420,360.730
-443717.750,-1172326.060,355.810
-443717.870,-1172325.770,355.940
-443718.000,-1172325.460,356.085
-443718.120,-1172325.150,356.280
-443718.240,-1172324.840,356.495
-443718.370,-1172324.520,356.690
-443718.490,-1172324.220,356.885
-443718.610,-1172323.930,357.085
-443718.720,-1172323.630,357.320
-443718.840,-1172323.330,357.530
-443718.970,-1172323.020,357.730
-443719.090,-1172322.710,357.910
-443719.210,-1172322.430,358.120
-443719.330,-1172322.110,358.360
-443719.450,-1172321.800,358.540
-443719.580,-1172321.490,358.770
-443719.700,-1172321.200,358.910
-443719.820,-1172320.890,358.960
-443719.930,-1172320.600,358.970
-443720.060,-1172320.290,358.950
-443720.180,-1172320.000,358.830
-443720.290,-1172319.720,358.675
-443713.130,-1172336.970,360.880
-443713.260,-1172336.650,360.900
-443713.390,-1172336.350,360.900
-443713.500,-1172336.070,360.890
-443713.610,-1172335.780,360.880
-443713.740,-1172335.460,360.860
-443713.860,-1172335.160,360.840
-443713.990,-1172334.860,360.830
-443714.110,-1172334.540,360.820
-443714.240,-1172334.230,360.810
-443714.350,-1172333.960,360.810
-443714.470,-1172333.660,360.810
-443714.580,-1172333.370,360.800
-443714.710,-1172333.060,360.790
-443714.830,-1172332.760,360.790
-443714.940,-1172332.470,360.780
-443715.070,-1172332.150,360.780
-443715.190,-1172331.850,360.780
-443715.310,-1172331.550,360.770
-443715.430,-1172331.260,360.760
-443715.560,-1172330.950,360.760
-443715.670,-1172330.660,360.750
-443715.790,-1172330.360,360.735
-443715.910,-1172330.060,360.730
-443716.030,-1172329.780,360.720
-443717.570,-1172326.010,355.920
-443717.690,-1172325.690,356.085
-443717.820,-1172325.390,356.180
-443717.940,-1172325.080,356.330
-443718.060,-1172324.780,356.550
-443715.480,-1172334.610,360.760
-443715.600,-1172334.310,360.760
-443715.710,-1172334.010,360.750
-443715.830,-1172333.730,360.750
-443715.940,-1172333.450,360.740
-443716.070,-1172333.130,360.740
-443716.180,-1172332.840,360.730
-443716.300,-1172332.570,360.720
-443719.060,-1172325.750,355.785
-443719.190,-1172325.430,356.010
-443719.300,-1172325.140,356.240
-443719.420,-1172324.850,356.395
-443719.530,-1172324.560,356.590
-443719.650,-1172324.260,356.820
-443719.780,-1172323.950,356.985
-443719.890,-1172323.660,357.190
-443720.010,-1172323.370,357.390
-443720.140,-1172323.040,357.580
-443720.250,-1172322.760,357.780
-443720.370,-1172322.450,358.000
-443720.500,-1172322.140,358.230
-443714.230,-1172336.650,360.850
-443714.350,-1172336.360,360.850
-443714.470,-1172336.050,360.850
-443714.580,-1172335.770,360.830
-443714.700,-1172335.480,360.810
-443714.820,-1172335.190,360.790
-443714.930,-1172334.900,360.780
-443715.060,-1172334.600,360.780
-443715.170,-1172334.310,360.780
-443715.290,-1172334.010,360.770
-443715.420,-1172333.700,360.770
-443715.530,-1172333.430,360.760
-443715.650,-1172333.120,360.750
-443715.780,-1172332.810,360.750
-443715.890,-1172332.520,360.750
-443716.000,-1172332.240,360.750
-443716.130,-1172331.930,360.740
-443716.260,-1172331.620,360.725
-443718.520,-1172326.040,355.660
-443718.630,-1172325.750,355.810
-443718.760,-1172325.440,356.040
-443718.880,-1172325.150,356.260
-443718.990,-1172324.850,356.445
-443719.120,-1172324.540,356.620
-443719.230,-1172324.260,356.790
-443719.360,-1172323.940,357.030
-443719.480,-1172323.630,357.210
-443719.600,-1172323.340,357.430
-443719.720,-1172323.040,357.610
-443719.840,-1172322.730,357.860
-443719.970,-1172322.420,358.080
-443720.090,-1172322.110,358.310
-443720.210,-1172321.800,358.505
-443720.330,-1172321.490,358.690
-443720.450,-1172321.200,358.850
-443713.850,-1172336.810,360.865
-443713.980,-1172336.510,360.870
-443714.090,-1172336.230,360.875
-443714.200,-1172335.940,360.860
-443714.320,-1172335.640,360.830
-443714.450,-1172335.330,360.820
-443714.560,-1172335.060,360.800
-443714.680,-1172334.750,360.795
-443714.800,-1172334.450,360.790
-443714.930,-1172334.140,360.780
-443715.040,-1172333.850,360.780
-443715.160,-1172333.560,360.770
-443715.280,-1172333.260,360.770
-443715.400,-1172332.960,360.770
-443715.520,-1172332.660,360.760
-443715.650,-1172332.350,360.760
-443715.770,-1172332.040,360.750
-443715.890,-1172331.740,360.745
-443716.010,-1172331.460,360.745
-443716.130,-1172331.160,360.730
-443718.260,-1172325.900,355.740
-443718.390,-1172325.590,355.960
-443718.510,-1172325.300,356.180
-443718.630,-1172324.990,356.380
-443718.760,-1172324.660,356.570
-443718.870,-1172324.370,356.780
-443718.990,-1172324.090,356.970
-443716.430,-1172336.250,360.760
-443716.540,-1172335.960,360.750
-443720.720,-1172325.610,355.720
-443716.040,-1172336.790,360.950
-443716.150,-1172336.510,360.780
-443716.270,-1172336.230,360.760
-443716.390,-1172335.920,360.750
-443716.510,-1172335.640,360.740
-443720.570,-1172325.580,355.730
-443720.690,-1172325.290,355.970
-443715.720,-1172336.670,360.830
-443715.840,-1172336.370,360.780
-443715.950,-1172336.090,360.770
-443716.080,-1172335.790,360.750
-443716.200,-1172335.490,360.740
-443716.320,-1172335.190,360.730
-443716.450,-1172334.870,360.730
-443720.150,-1172325.710,355.700
-443720.270,-1172325.400,355.910
-443720.510,-1172324.800,356.330
-443720.630,-1172324.510,356.590
-443715.340,-1172336.840,360.850
-443715.460,-1172336.530,360.840
-443715.590,-1172336.210,360.800
-443715.710,-1172335.920,360.770
-443715.830,-1172335.620,360.760
-443715.950,-1172335.330,360.750
-443716.070,-1172335.030,360.740
-443716.180,-1172334.750,360.740
-443716.300,-1172334.450,360.730
-443716.430,-1172334.130,360.725
-443719.760,-1172325.900,355.650
-443719.880,-1172325.590,355.810
-443720.010,-1172325.280,356.020
-443720.130,-1172324.970,356.250
-443720.240,-1172324.690,356.430
-443720.370,-1172324.370,356.670
-443720.500,-1172324.050,356.890
-443720.620,-1172323.750,357.100
-443714.870,-1172336.780,360.820
-443714.990,-1172336.500,360.830
-443715.110,-1172336.190,360.820
-443715.240,-1172335.880,360.800
-443715.350,-1172335.600,360.780
-443715.470,-1172335.290,360.770
-443715.600,-1172334.980,360.760
-443715.720,-1172334.670,360.750
-443715.840,-1172334.380,360.750
-443715.960,-1172334.070,360.740
-443716.080,-1172333.790,360.735
-443716.200,-1172333.480,360.730
-443716.310,-1172333.200,360.720
-443719.300,-1172325.830,355.710
-443719.420,-1172325.510,355.950
-443719.540,-1172325.220,356.145
-443719.660,-1172324.910,356.335
-443719.780,-1172324.610,356.570
-443719.900,-1172324.310,356.780
-443720.020,-1172324.010,356.940
-443720.140,-1172323.720,357.150
-443720.260,-1172323.430,357.350
-443720.370,-1172323.140,357.540
-443720.490,-1172322.830,357.740
-443714.630,-1172336.700,360.840
-443714.760,-1172336.390,360.835
-443714.880,-1172336.090,360.825
-443715.000,-1172335.790,360.800
-443715.120,-1172335.500,360.780
-443715.250,-1172335.170,360.770
-443715.360,-1172334.900,360.770
-443716.760,-1172336.460,360.730
-443716.200,-1172336.810,360.940
-443716.310,-1172336.530,360.780
-443722.160,-1172314.710,355.320
-443721.920,-1172314.920,355.540
-443721.680,-1172315.110,357.445
-443722.590,-1172314.780,355.320
-443722.330,-1172315.000,355.470
-443722.090,-1172315.190,355.740
-443722.860,-1172314.830,355.330
-443722.620,-1172315.020,355.415
-443722.360,-1172315.240,355.560
-443722.110,-1172315.450,355.890
-443723.550,-1172314.730,355.320
-443723.280,-1172314.950,355.370
-443723.040,-1172315.160,355.480
-443722.790,-1172315.370,355.570
-443724.080,-1172314.680,355.320
-443723.840,-1172314.880,355.400
-443723.590,-1172315.090,355.460
-443723.350,-1172315.290,355.510
-443724.790,-1172314.610,355.355
-443724.540,-1172314.820,355.400
-443724.300,-1172315.020,355.450
-443724.070,-1172315.210,355.500
-443725.160,-1172314.640,355.360
-443724.910,-1172314.850,355.440
-443724.680,-1172315.050,355.510
-443724.420,-1172315.260,355.565
-443725.890,-1172314.630,355.420
-443725.640,-1172314.840,355.480
-443725.400,-1172315.040,355.540
-443726.110,-1172314.840,355.510
-443725.860,-1172315.050,355.550
-443726.380,-1172315.120,355.610
-443727.440,-1172325.860,355.350
-443727.110,-1172325.800,355.370
-443727.600,-1172325.400,355.385
-443727.370,-1172325.590,355.390
-443727.300,-1172325.140,355.500
-443727.060,-1172325.340,355.495
-443726.800,-1172325.560,355.420
-443726.570,-1172325.750,355.390
-443726.330,-1172325.960,355.350
-443726.910,-1172325.220,355.525
-443726.690,-1172325.410,355.450
-443726.450,-1172325.610,355.440
-443726.180,-1172325.830,355.370
-443725.190,-1172326.660,354.960
-443726.260,-1172325.290,355.540
-443726.020,-1172325.480,355.480
-443725.780,-1172325.690,355.400
-443725.530,-1172325.900,355.300
-443725.020,-1172326.330,355.085
-443724.770,-1172326.530,354.960
-443724.510,-1172326.750,354.860
-443725.650,-1172325.390,355.540
-443725.410,-1172325.590,355.415
-443725.160,-1172325.800,355.350
-443724.940,-1172325.990,355.200
-443724.690,-1172326.200,355.090
-443724.420,-1172326.420,354.980
-443724.180,-1172326.620,354.880
-443723.930,-1172326.830,354.815
-443724.880,-1172325.400,355.595
-443724.630,-1172325.610,355.430
-443724.370,-1172325.830,355.280
-443724.130,-1172326.030,355.200
-443723.880,-1172326.240,355.060
-443723.640,-1172326.440,355.005
-443723.380,-1172326.660,354.900
-443723.140,-1172326.860,354.860
-443722.900,-1172327.060,354.785
-443724.420,-1172325.430,355.585
-443724.170,-1172325.640,355.430
-443723.940,-1172325.830,355.295
-443723.700,-1172326.030,355.210
-443723.450,-1172326.240,355.060
-443723.200,-1172326.460,355.000
-443722.970,-1172326.650,354.920
-443722.730,-1172326.850,354.870
-443722.470,-1172327.070,354.790
-443723.700,-1172325.500,355.570
-443723.470,-1172325.700,355.450
-443723.100,-1172325.640,355.480
-443722.830,-1172325.870,355.340
-443722.590,-1172326.070,355.220
-443722.330,-1172326.280,355.080
-443722.070,-1172326.510,355.055
-443721.830,-1172326.700,354.970
-443721.600,-1172326.900,354.870
-443723.210,-1172325.910,355.280
-443722.970,-1172326.120,355.170
-443722.720,-1172326.320,355.065
-443722.460,-1172326.540,354.970
-443722.220,-1172326.740,354.930
-443721.980,-1172326.940,354.850
-443721.730,-1172327.150,354.830
-443722.250,-1172325.790,355.470
-443722.000,-1172326.000,355.290
-443721.750,-1172326.210,355.200
-443721.500,-1172326.420,355.100
-443722.030,-1172325.710,355.520
-443721.780,-1172325.910,355.450
-443721.530,-1172326.120,355.260
-443721.430,-1172325.730,355.615
-443721.260,-1172326.620,355.065
-443721.000,-1172326.840,355.035
-443720.750,-1172327.050,355.010
-443721.200,-1172325.930,355.460
-443720.950,-1172326.130,355.310
-443720.720,-1172326.330,355.260
-443720.460,-1172326.550,355.210
-443721.360,-1172327.100,354.860
-443719.830,-1172326.030,355.560
-443719.580,-1172326.240,355.500
-443719.330,-1172326.450,355.440
-443719.070,-1172326.670,355.350
-443721.290,-1172326.330,355.190
-443721.020,-1172326.550,355.130
-443720.800,-1172326.740,355.100
-443720.540,-1172326.950,355.120
-443719.600,-1172325.910,355.650
-443719.360,-1172326.110,355.550
-443719.100,-1172326.330,355.490
-443718.840,-1172326.540,355.380
-443718.600,-1172326.740,355.340
-443720.890,-1172325.760,355.565
-443720.650,-1172325.960,355.480
-443720.410,-1172326.160,355.410
-443720.140,-1172326.380,355.340
-443719.880,-1172326.600,355.310
-443718.440,-1172326.040,355.660
-443718.200,-1172326.240,355.590
-443717.940,-1172326.460,355.520
-443717.680,-1172326.670,355.600
-443717.470,-1172326.850,355.550
-443718.700,-1172326.210,355.550
-443718.450,-1172326.420,355.475
-443718.200,-1172326.630,355.430
-443717.960,-1172326.830,355.380
-443717.630,-1172326.200,355.830
-443717.380,-1172326.410,355.960
-443720.890,-1172315.310,357.620
-443720.630,-1172315.530,357.705
-443721.460,-1172315.300,357.500
-443721.210,-1172315.510,357.570
-443720.970,-1172315.710,357.655
-443720.730,-1172315.910,357.755
-443720.490,-1172316.110,357.855
-443721.870,-1172315.390,357.360
-443721.630,-1172315.590,357.490
-443721.360,-1172315.810,357.590
-443721.140,-1172316.000,357.710
-443720.900,-1172316.190,357.820
-443720.660,-1172316.400,357.930
-443721.890,-1172315.640,357.440
-443721.640,-1172315.850,357.535
-443721.380,-1172316.060,357.620
-443721.130,-1172316.270,357.750
-443720.890,-1172316.470,357.885
-443720.640,-1172316.680,358.015
-443722.530,-1172315.590,355.800
-443722.280,-1172315.790,356.120
-443722.060,-1172315.980,357.400
-443721.830,-1172316.170,357.540
-443721.570,-1172316.380,357.640
-443721.320,-1172316.600,357.760
-443721.090,-1172316.790,357.930
-443720.840,-1172317.000,358.060
-443723.090,-1172315.510,355.625
-443722.850,-1172315.700,355.755
-443722.620,-1172315.900,356.035
-443722.370,-1172316.110,356.310
-443722.120,-1172316.320,357.430
-443721.870,-1172316.530,357.550
-443721.620,-1172316.740,357.705
-443721.370,-1172316.950,357.815
-443721.130,-1172317.150,357.970
-443720.900,-1172317.340,358.115
-443720.660,-1172317.540,358.230
-443723.820,-1172315.420,355.620
-443723.570,-1172315.630,355.680
-443723.340,-1172315.830,355.815
-443723.090,-1172316.030,355.980
-443722.850,-1172316.240,356.170
-443722.590,-1172316.450,356.430
-443722.350,-1172316.650,356.750
-443722.120,-1172316.850,357.440
-443721.880,-1172317.050,357.560
-443721.620,-1172317.260,357.730
-443721.370,-1172317.470,357.890
-443721.130,-1172317.670,357.980
-443720.860,-1172317.890,358.155
-443721.030,-1172318.100,358.080
-443720.790,-1172318.300,358.210
-443724.190,-1172315.460,355.650
-443723.920,-1172315.680,355.745
-443723.680,-1172315.880,355.890
-443723.460,-1172316.070,356.030
-443723.220,-1172316.270,356.080
-443722.980,-1172316.460,356.270
-443722.720,-1172316.680,356.520
-443722.490,-1172316.870,356.795
-443722.000,-1172317.280,357.510
-443721.760,-1172317.480,357.665
-443721.510,-1172317.700,357.815
-443721.270,-1172317.900,357.950
-443725.160,-1172315.240,355.560
-443724.910,-1172315.450,355.685
-443724.670,-1172315.650,355.810
-443724.420,-1172315.860,355.940
-443724.170,-1172316.070,356.060
-443723.900,-1172316.290,356.235
-443723.670,-1172316.490,356.350
-443723.420,-1172316.700,356.480
-443723.190,-1172316.890,356.590
-443722.920,-1172317.110,356.790
-443722.700,-1172317.300,357.040
-443722.460,-1172317.490,357.315
-443722.220,-1172317.700,357.505
-443721.980,-1172317.900,357.650
-443721.730,-1172318.110,357.770
-443721.490,-1172318.300,357.930
-443721.260,-1172318.500,358.065
-443721.000,-1172318.720,358.190
-443720.770,-1172318.910,358.330
-443725.610,-1172315.260,355.620
-443725.360,-1172315.470,355.740
-443725.120,-1172315.670,355.860
-443724.880,-1172315.870,355.950
-443724.640,-1172316.070,356.090
-443724.390,-1172316.280,356.260
-443724.130,-1172316.490,356.400
-443723.900,-1172316.690,356.485
-443723.650,-1172316.900,356.630
-443723.400,-1172317.100,356.725
-443723.150,-1172317.320,356.900
-443722.910,-1172317.510,357.080
-443722.660,-1172317.730,357.320
-443722.420,-1172317.920,357.510
-443722.160,-1172318.140,357.645
-443721.930,-1172318.340,357.770
-443721.690,-1172318.540,357.915
-443721.460,-1172318.730,358.045
-443721.220,-1172318.930,358.170
-443720.970,-1172319.140,358.330
-443726.130,-1172315.330,355.690
-443725.890,-1172315.530,355.810
-443725.640,-1172315.740,355.910
-443725.410,-1172315.930,356.030
-443725.160,-1172316.140,356.220
-443724.890,-1172316.360,356.355
-443724.640,-1172316.580,356.480
-443724.400,-1172316.770,356.590
-443724.160,-1172316.970,356.690
-443723.910,-1172317.190,356.850
-443723.680,-1172317.380,356.990
-443723.430,-1172317.580,357.070
-443723.180,-1172317.800,357.215
-443722.930,-1172318.010,357.455
-443722.680,-1172318.210,357.580
-443722.440,-1172318.410,357.670
-443722.180,-1172318.630,357.840
-443721.940,-1172318.830,357.970
-443721.700,-1172319.030,358.100
-443721.470,-1172319.230,358.210
-443721.200,-1172319.450,358.360
-443720.960,-1172319.650,358.500
-443726.190,-1172315.560,355.840
-443725.950,-1172315.760,355.925
-443725.710,-1172315.960,356.090
-443725.460,-1172316.170,356.240
-443725.230,-1172316.360,356.320
-443724.970,-1172316.580,356.500
-443724.720,-1172316.790,356.630
-443724.490,-1172316.990,356.690
-443723.990,-1172317.400,357.000
-443723.740,-1172317.610,357.135
-443723.240,-1172318.030,357.410
-443722.990,-1172318.240,357.540
-443722.750,-1172318.440,357.670
-443722.510,-1172318.640,357.790
-443722.280,-1172318.830,357.900
-443722.020,-1172319.050,358.065
-443721.770,-1172319.260,358.180
-443721.540,-1172319.450,358.310
-443721.280,-1172319.670,358.430
-443721.030,-1172319.880,358.555
-443726.280,-1172316.050,356.300
-443726.040,-1172316.250,356.360
-443725.790,-1172316.460,356.500
-443725.540,-1172316.670,356.580
-443725.310,-1172316.860,356.720
-443724.810,-1172317.280,356.990
-443724.590,-1172317.470,357.100
-443724.330,-1172317.680,357.240
-443724.080,-1172317.890,357.400
-443723.840,-1172318.090,357.490
-443723.610,-1172318.280,357.610
-443723.100,-1172318.710,357.900
-443722.850,-1172318.920,358.010
-443722.610,-1172319.120,358.135
-443722.340,-1172319.350,358.300
-443721.870,-1172319.740,358.490
-443721.640,-1172319.930,358.610
-443721.380,-1172320.150,358.800
-443721.120,-1172320.370,358.850
-443720.910,-1172320.550,358.865
-443726.400,-1172316.290,356.490
-443726.170,-1172316.490,356.560
-443725.910,-1172316.700,356.660
-443725.670,-1172316.900,356.790
-443725.430,-1172317.100,356.890
-443725.200,-1172317.300,357.050
-443724.960,-1172317.500,357.140
-443724.710,-1172317.710,357.260
-443724.470,-1172317.900,357.425
-443724.230,-1172318.110,357.550
-443723.990,-1172318.310,357.680
-443723.750,-1172318.510,357.800
-443723.500,-1172318.720,357.920
-443723.240,-1172318.930,358.080
-443723.010,-1172319.130,358.215
-443722.770,-1172319.330,358.330
-443722.520,-1172319.540,358.450
-443722.270,-1172319.750,358.550
-443722.010,-1172319.960,358.730
-443721.770,-1172320.170,358.820
-443721.510,-1172320.380,358.870
-443721.040,-1172320.780,358.885
-443726.440,-1172316.730,356.745
-443726.180,-1172316.950,356.860
-443725.920,-1172317.160,356.940
-443725.700,-1172317.350,357.070
-443725.430,-1172317.570,357.240
-443725.200,-1172317.760,357.330
-443724.950,-1172317.980,357.470
-443724.720,-1172318.170,357.570
-443724.470,-1172318.370,357.700
-443724.230,-1172318.570,357.840
-443724.000,-1172318.760,357.960
-443723.760,-1172318.970,358.130
-443723.510,-1172319.180,358.240
-443723.270,-1172319.380,358.380
-443723.030,-1172319.580,358.510
-443722.800,-1172319.780,358.660
-443722.530,-1172320.000,358.770
-443722.270,-1172320.210,358.890
-443722.050,-1172320.400,358.900
-443721.050,-1172321.230,358.855
-443726.500,-1172316.980,356.870
-443726.270,-1172317.170,356.960
-443726.010,-1172317.380,357.120
-443725.760,-1172317.600,357.320
-443725.520,-1172317.790,357.400
-443725.270,-1172318.010,357.530
-443725.020,-1172318.210,357.670
-443724.770,-1172318.430,357.790
-443724.520,-1172318.630,357.930
-443724.270,-1172318.840,358.055
-443724.040,-1172319.040,358.205
-443723.780,-1172319.250,358.340
-443723.550,-1172319.440,358.430
-443723.310,-1172319.650,358.570
-443723.080,-1172319.830,358.730
-443722.840,-1172320.040,358.850
-443722.590,-1172320.250,358.900
-443722.350,-1172320.450,358.905
-443722.120,-1172320.640,358.920
-443721.120,-1172321.480,358.680
-443726.270,-1172317.800,357.520
-443726.030,-1172317.990,357.655
-443725.800,-1172318.190,357.770
-443725.570,-1172318.380,357.830
-443725.310,-1172318.600,357.990
-443725.060,-1172318.810,358.100
-443724.820,-1172319.000,358.240
-443724.570,-1172319.220,358.370
-443724.310,-1172319.440,358.505
-443724.070,-1172319.640,358.595
-443723.840,-1172319.830,358.730
-443723.570,-1172320.050,358.880
-443723.330,-1172320.250,358.920
-443723.090,-1172320.450,358.920
-443722.850,-1172320.660,358.940
-443722.600,-1172320.860,358.900
-443722.370,-1172321.060,358.860
-443722.140,-1172321.250,358.710
-443721.880,-1172321.470,358.560
-443721.640,-1172321.670,358.445
-443721.400,-1172321.870,358.315
-443721.150,-1172322.070,358.220
-443726.540,-1172318.000,357.680
-443726.300,-1172318.200,357.770
-443726.050,-1172318.410,357.880
-443725.800,-1172318.620,358.010
-443725.540,-1172318.840,358.140
-443725.290,-1172319.050,358.305
-443725.040,-1172319.260,358.410
-443724.800,-1172319.460,358.540
-443724.570,-1172319.650,358.670
-443724.330,-1172319.850,358.790
-443724.080,-1172320.060,358.885
-443723.830,-1172320.270,358.900
-443723.590,-1172320.470,358.920
-443723.340,-1172320.680,358.940
-443723.090,-1172320.890,358.900
-443722.600,-1172321.300,358.685
-443722.340,-1172321.520,358.510
-443722.100,-1172321.710,358.370
-443721.850,-1172321.920,358.240
-443721.600,-1172322.130,358.110
-443721.370,-1172322.330,358.020
-443721.130,-1172322.530,357.890
-443726.780,-1172318.290,357.835
-443726.540,-1172318.490,357.880
-443726.290,-1172318.700,357.940
-443726.040,-1172318.920,358.050
-443725.810,-1172319.100,358.210
-443725.570,-1172319.310,358.345
-443725.310,-1172319.520,358.500
-443725.060,-1172319.730,358.620
-443724.560,-1172320.150,358.870
-443724.300,-1172320.370,358.900
-443724.080,-1172320.550,358.900
-443723.830,-1172320.760,358.900
-443723.590,-1172320.970,358.880
-443723.330,-1172321.180,358.730
-443723.090,-1172321.380,358.600
-443722.840,-1172321.590,358.430
-443722.580,-1172321.810,358.310
-443722.340,-1172322.010,358.220
-443722.090,-1172322.220,358.050
-443721.840,-1172322.430,357.910
-443721.580,-1172322.640,357.770
-443721.350,-1172322.840,357.640
-443721.100,-1172323.050,357.545
-443724.290,-1172320.630,358.920
-443724.050,-1172320.830,358.880
-443723.790,-1172321.050,358.760
-443723.540,-1172321.260,358.670
-443723.280,-1172321.480,358.530
-443723.030,-1172321.690,358.410
-443722.790,-1172321.890,358.240
-443722.550,-1172322.080,358.135
-443722.310,-1172322.290,357.990
-443722.060,-1172322.500,357.870
-443721.800,-1172322.720,357.740
-443721.560,-1172322.910,357.585
-443721.300,-1172323.130,357.500
-443726.720,-1172318.590,357.880
-443726.490,-1172318.790,357.940
-443726.240,-1172319.000,358.020
-443726.000,-1172319.200,358.160
-443725.770,-1172319.390,358.335
-443725.520,-1172319.600,358.480
-443725.280,-1172319.810,358.610
-443725.020,-1172320.020,358.760
-443724.770,-1172320.230,358.830
-443724.540,-1172320.420,358.880
-443726.810,-1172319.040,357.940
-443726.560,-1172319.250,358.020
-443726.320,-1172319.440,358.110
-443726.080,-1172319.650,358.260
-443725.850,-1172319.840,358.400
-443725.620,-1172320.040,358.560
-443725.350,-1172320.260,358.670
-443725.110,-1172320.460,358.750
-443724.880,-1172320.650,358.790
-443724.630,-1172320.860,358.780
-443724.390,-1172321.070,358.730
-443724.130,-1172321.280,358.660
-443723.880,-1172321.490,358.545
-443723.640,-1172321.690,358.430
-443723.390,-1172321.900,358.310
-443723.140,-1172322.110,358.150
-443722.900,-1172322.310,357.980
-443722.640,-1172322.530,357.800
-443722.390,-1172322.740,357.650
-443722.140,-1172322.950,357.550
-443721.900,-1172323.150,357.410
-443721.650,-1172323.360,357.290
-443721.410,-1172323.560,357.170
-443721.170,-1172323.760,357.030
-443726.840,-1172319.400,357.950
-443726.590,-1172319.610,358.060
-443726.340,-1172319.820,358.170
-443726.100,-1172320.020,358.330
-443725.850,-1172320.230,358.500
-443725.610,-1172320.430,358.580
-443725.360,-1172320.640,358.650
-443725.130,-1172320.830,358.665
-443724.890,-1172321.040,358.660
-443724.650,-1172321.230,358.595
-443724.420,-1172321.430,358.540
-443724.160,-1172321.640,358.470
-443723.920,-1172321.850,358.360
-443723.680,-1172322.050,358.235
-443723.430,-1172322.250,358.125
-443723.190,-1172322.460,357.925
-443722.940,-1172322.660,357.740
-443722.680,-1172322.880,357.580
-443722.440,-1172323.080,357.410
-443722.200,-1172323.290,357.280
-443721.950,-1172323.490,357.140
-443721.700,-1172323.700,357.060
-443721.430,-1172323.930,356.890
-443721.190,-1172324.130,356.810
-443722.560,-1172323.430,357.155
-443722.330,-1172323.620,357.050
-443722.080,-1172323.830,356.890
-443721.820,-1172324.050,356.805
-443721.580,-1172324.250,356.675
-443726.990,-1172319.720,357.920
-443726.750,-1172319.920,357.970
-443726.490,-1172320.140,358.090
-443726.240,-1172320.360,358.270
-443726.000,-1172320.550,358.410
-443725.760,-1172320.760,358.475
-443725.490,-1172320.980,358.505
-443725.250,-1172321.180,358.480
-443725.010,-1172321.380,358.425
-443724.770,-1172321.580,358.415
-443724.500,-1172321.810,358.310
-443724.270,-1172322.000,358.215
-443723.550,-1172322.600,357.775
-443723.310,-1172322.810,357.580
-443723.080,-1172323.000,357.405
-443722.830,-1172323.210,357.300
-443726.960,-1172320.060,357.935
-443726.710,-1172320.270,357.990
-443726.450,-1172320.490,358.145
-443726.220,-1172320.680,358.270
-443725.990,-1172320.880,358.330
-443725.750,-1172321.080,358.365
-443725.500,-1172321.290,358.390
-443725.250,-1172321.500,358.330
-443725.010,-1172321.700,358.270
-443724.750,-1172321.910,358.205
-443724.490,-1172322.130,358.110
-443724.010,-1172322.540,357.750
-443723.740,-1172322.760,357.660
-443723.510,-1172322.950,357.480
-443723.260,-1172323.160,357.340
-443723.020,-1172323.360,357.140
-443722.770,-1172323.570,357.065
-443722.540,-1172323.770,356.900
-443722.310,-1172323.960,356.780
-443722.040,-1172324.180,356.720
-443721.810,-1172324.380,356.575
-443721.570,-1172324.570,356.380
-443721.320,-1172324.790,356.230
-443727.050,-1172320.590,357.905
-443726.810,-1172320.800,357.970
-443726.550,-1172321.020,358.045
-443726.290,-1172321.230,358.105
-443726.060,-1172321.430,358.150
-443725.800,-1172321.640,358.130
-443725.550,-1172321.850,358.050
-443725.310,-1172322.060,357.910
-443725.090,-1172322.240,357.810
-443724.820,-1172322.470,357.690
-443724.570,-1172322.680,357.550
-443724.330,-1172322.870,357.420
-443724.090,-1172323.080,357.325
-443723.830,-1172323.300,357.150
-443723.570,-1172323.510,356.970
-443723.340,-1172323.700,356.865
-443723.080,-1172323.920,356.760
-443722.830,-1172324.130,356.635
-443722.580,-1172324.340,356.445
-443722.350,-1172324.530,356.365
-443722.110,-1172324.730,356.190
-443721.850,-1172324.950,356.070
-443721.630,-1172325.140,355.970
-443721.380,-1172325.350,355.825
-443727.140,-1172320.960,357.905
-443726.890,-1172321.160,357.960
-443726.640,-1172321.380,357.960
-443726.400,-1172321.580,357.980
-443726.160,-1172321.780,358.000
-443725.910,-1172321.980,357.920
-443725.650,-1172322.200,357.755
-443725.390,-1172322.420,357.620
-443725.140,-1172322.630,357.530
-443724.890,-1172322.840,357.415
-443724.650,-1172323.040,357.320
-443724.410,-1172323.240,357.160
-443723.910,-1172323.660,356.860
-443723.660,-1172323.870,356.725
-443723.430,-1172324.060,356.590
-443723.170,-1172324.280,356.465
-443722.910,-1172324.490,356.350
-443722.660,-1172324.700,356.200
-443722.420,-1172324.910,356.050
-443722.170,-1172325.120,355.940
-443721.930,-1172325.320,355.840
-443721.670,-1172325.530,355.710
-443726.990,-1172321.550,357.870
-443726.750,-1172321.750,357.870
-443726.500,-1172321.960,357.860
-443726.260,-1172322.170,357.760
-443726.020,-1172322.360,357.680
-443725.760,-1172322.580,357.510
-443725.500,-1172322.800,357.350
-443725.280,-1172322.990,357.260
-443725.030,-1172323.190,357.160
-443724.780,-1172323.410,357.020
-443724.530,-1172323.620,356.870
-443724.280,-1172323.830,356.690
-443724.010,-1172324.050,356.570
-443723.750,-1172324.270,356.415
-443723.520,-1172324.460,356.360
-443723.280,-1172324.660,356.175
-443723.040,-1172324.860,356.080
-443722.780,-1172325.080,355.910
-443722.540,-1172325.280,355.840
-443722.300,-1172325.480,355.700
-443727.160,-1172321.680,357.810
-443726.920,-1172321.880,357.780
-443726.680,-1172322.080,357.745
-443726.450,-1172322.270,357.690
-443726.210,-1172322.470,357.565
-443725.960,-1172322.690,357.385
-443725.710,-1172322.890,357.290
-443725.470,-1172323.090,357.155
-443725.220,-1172323.300,357.025
-443724.970,-1172323.510,356.865
-443724.730,-1172323.710,356.760
-443724.470,-1172323.930,356.640
-443724.240,-1172324.120,356.470
-443723.990,-1172324.330,356.375
-443723.740,-1172324.550,356.230
-443723.490,-1172324.750,356.140
-443723.240,-1172324.960,356.010
-443722.980,-1172325.180,355.860
-443722.720,-1172325.400,355.700
-443722.490,-1172325.590,355.610
-443727.270,-1172322.150,357.660
-443727.020,-1172322.360,357.600
-443726.770,-1172322.570,357.425
-443726.510,-1172322.790,357.265
-443726.280,-1172322.980,357.160
-443726.050,-1172323.170,357.020
-443725.800,-1172323.380,356.880
-443725.560,-1172323.580,356.790
-443725.320,-1172323.780,356.655
-443725.080,-1172323.990,356.530
-443724.830,-1172324.200,356.400
-443724.580,-1172324.410,356.250
-443724.350,-1172324.600,356.130
-443724.080,-1172324.820,356.050
-443723.820,-1172325.040,355.880
-443723.590,-1172325.230,355.750
-443723.360,-1172325.430,355.640
-443727.150,-1172322.620,357.310
-443726.900,-1172322.820,357.270
-443726.650,-1172323.030,357.080
-443726.400,-1172323.240,356.920
-443726.140,-1172323.460,356.800
-443725.910,-1172323.650,356.730
-443725.650,-1172323.870,356.610
-443725.420,-1172324.060,356.440
-443725.150,-1172324.280,356.350
-443724.920,-1172324.480,356.170
-443724.680,-1172324.680,356.055
-443724.440,-1172324.880,356.005
-443724.200,-1172325.090,355.850
-443723.940,-1172325.300,355.690
-443727.150,-1172323.140,356.980
-443726.910,-1172323.340,356.820
-443726.660,-1172323.550,356.680
-443726.400,-1172323.770,356.580
-443726.160,-1172323.970,356.470
-443725.900,-1172324.190,356.320
-443725.670,-1172324.390,356.220
-443725.400,-1172324.610,356.075
-443725.160,-1172324.810,355.985
-443724.910,-1172325.020,355.850
-443724.670,-1172325.220,355.710
-443727.100,-1172323.540,356.625
-443726.850,-1172323.750,356.475
-443726.600,-1172323.960,356.320
-443726.360,-1172324.160,356.290
-443726.120,-1172324.360,356.190
-443725.880,-1172324.560,356.070
-443725.630,-1172324.770,355.925
-443725.380,-1172324.980,355.830
-443725.130,-1172325.190,355.665
-443727.160,-1172324.130,356.070
-443726.910,-1172324.330,356.005
-443726.670,-1172324.530,355.915
-443726.410,-1172324.750,355.850
-443726.160,-1172324.960,355.740
-443725.900,-1172325.180,355.620
-443727.270,-1172324.440,355.840
-443727.010,-1172324.660,355.760
-443726.770,-1172324.860,355.695
-443726.520,-1172325.070,355.645
-443727.420,-1172324.800,355.600
-443727.170,-1172325.000,355.545
-443707.250,-1172316.640,360.200
-443707.000,-1172316.850,360.200
-443706.750,-1172317.050,360.200
-443705.990,-1172317.690,358.545
-443705.750,-1172317.890,358.550
-443705.510,-1172318.090,358.690
-443705.280,-1172318.290,358.790
-443707.420,-1172316.240,360.165
-443707.180,-1172316.440,360.180
-443706.940,-1172316.640,360.180
-443706.700,-1172316.840,360.165
-443706.180,-1172317.270,358.440
-443705.960,-1172317.460,358.380
-443705.710,-1172317.660,358.405
-443705.460,-1172317.870,358.480
-443706.690,-1172316.470,360.150
-443705.940,-1172317.090,358.190
-443705.690,-1172317.300,358.190
-443705.440,-1172317.510,358.260
-443706.120,-1172316.530,357.995
-443705.670,-1172316.910,358.020
-443705.410,-1172317.120,358.100
-443709.390,-1172316.140,360.190
-443709.140,-1172316.350,360.200
-443708.680,-1172316.740,360.220
-443708.420,-1172316.960,360.230
-443708.170,-1172317.160,360.250
-443707.930,-1172317.360,360.260
-443707.190,-1172317.980,360.330
-443706.960,-1172318.170,360.345
-443706.180,-1172318.820,359.525
-443705.930,-1172319.030,359.550
-443705.680,-1172319.230,359.650
-443705.440,-1172319.430,359.810
-443708.750,-1172316.230,360.190
-443708.500,-1172316.430,360.200
-443708.020,-1172316.830,360.220
-443707.770,-1172317.040,360.230
-443707.520,-1172317.250,360.240
-443707.270,-1172317.460,360.270
-443707.010,-1172317.670,360.280
-443706.760,-1172317.880,360.270
-443706.270,-1172318.290,359.225
-443706.030,-1172318.490,359.155
-443705.780,-1172318.700,359.240
-443705.540,-1172318.900,359.420
-443708.110,-1172316.350,360.190
-443707.850,-1172316.560,360.200
-443707.630,-1172316.740,360.210
-443707.400,-1172316.940,360.220
-443707.150,-1172317.150,360.230
-443706.900,-1172317.350,360.220
-443706.130,-1172318.000,358.900
-443705.890,-1172318.200,358.900
-443705.640,-1172318.410,358.990
-443705.390,-1172318.610,359.120
-443707.750,-1172316.230,360.170
-443707.510,-1172316.420,360.180
-443710.920,-1172316.350,360.210
-443710.670,-1172316.560,360.220
-443710.430,-1172316.760,360.230
-443710.190,-1172316.960,360.250
-443709.950,-1172317.160,360.270
-443709.690,-1172317.380,360.295
-443709.450,-1172317.580,360.320
-443709.210,-1172317.780,360.340
-443708.960,-1172317.990,360.360
-443708.710,-1172318.200,360.390
-443708.460,-1172318.410,360.415
-443708.220,-1172318.610,360.440
-443707.960,-1172318.820,360.460
-443707.730,-1172319.010,360.480
-443707.480,-1172319.220,360.500
-443707.250,-1172319.420,360.510
-443707.010,-1172319.620,360.510
-443706.530,-1172320.020,360.560
-443706.280,-1172320.230,360.615
-443706.050,-1172320.420,360.690
-443705.810,-1172320.610,360.840
-443705.560,-1172320.820,360.965
-443710.860,-1172315.910,360.190
-443710.620,-1172316.110,360.190
-443710.350,-1172316.330,360.200
-443710.110,-1172316.530,360.210
-443709.870,-1172316.740,360.225
-443709.620,-1172316.950,360.240
-443709.360,-1172317.170,360.270
-443709.120,-1172317.360,360.290
-443708.880,-1172317.560,360.310
-443708.630,-1172317.770,360.330
-443708.380,-1172317.980,360.360
-443708.150,-1172318.170,360.380
-443707.910,-1172318.370,360.400
-443707.660,-1172318.580,360.425
-443707.430,-1172318.770,360.445
-443707.180,-1172318.980,360.450
-443706.950,-1172319.170,360.430
-443706.440,-1172319.600,360.310
-443706.220,-1172319.780,360.290
-443705.970,-1172319.990,360.320
-443705.700,-1172320.220,360.430
-443710.050,-1172316.000,360.180
-443709.800,-1172316.210,360.190
-443709.550,-1172316.420,360.210
-443709.300,-1172316.630,360.220
-443709.060,-1172316.820,360.240
-443708.830,-1172317.020,360.250
-443708.600,-1172317.210,360.270
-443708.360,-1172317.420,360.290
-443708.100,-1172317.630,360.300
-443707.870,-1172317.820,360.330
-443707.630,-1172318.020,360.350
-443707.370,-1172318.240,360.390
-443707.140,-1172318.430,360.390
-443706.890,-1172318.640,360.370
-443706.380,-1172319.060,359.920
-443706.150,-1172319.260,359.890
-443705.900,-1172319.460,359.890
-443705.640,-1172319.680,360.020
-443712.760,-1172315.780,360.220
-443712.520,-1172315.980,360.220
-443712.280,-1172316.180,360.230
-443712.040,-1172316.370,360.240
-443711.820,-1172316.560,360.250
-443711.560,-1172316.780,360.260
-443711.320,-1172316.980,360.270
-443711.090,-1172317.170,360.300
-443710.830,-1172317.380,360.310
-443710.590,-1172317.590,360.330
-443710.340,-1172317.800,360.360
-443710.090,-1172318.010,360.380
-443709.860,-1172318.200,360.400
-443709.610,-1172318.400,360.415
-443709.360,-1172318.610,360.450
-443709.110,-1172318.820,360.470
-443708.860,-1172319.030,360.490
-443708.600,-1172319.250,360.525
-443708.350,-1172319.450,360.550
-443708.130,-1172319.640,360.580
-443707.880,-1172319.850,360.610
-443707.650,-1172320.040,360.620
-443707.400,-1172320.250,360.650
-443707.150,-1172320.460,360.800
-443706.910,-1172320.660,360.890
-443706.650,-1172320.870,361.080
-443706.410,-1172321.070,361.220
-443706.150,-1172321.290,361.420
-443705.920,-1172321.480,361.495
-443712.340,-1172315.690,360.220
-443712.090,-1172315.890,360.220
-443711.850,-1172316.090,360.220
-443711.600,-1172316.310,360.230
-443711.350,-1172316.510,360.230
-443711.110,-1172316.710,360.240
-443710.870,-1172316.910,360.260
-443710.360,-1172317.340,360.300
-443710.110,-1172317.550,360.320
-443709.860,-1172317.760,360.350
-443709.620,-1172317.960,360.370
-443709.370,-1172318.160,360.390
-443709.140,-1172318.350,360.400
-443708.900,-1172318.560,360.430
-443708.630,-1172318.780,360.460
-443708.390,-1172318.980,360.480
-443708.150,-1172319.180,360.520
-443707.900,-1172319.390,360.550
-443707.630,-1172319.610,360.570
-443707.400,-1172319.810,360.580
-443707.160,-1172320.010,360.600
-443706.920,-1172320.210,360.635
-443706.660,-1172320.430,360.780
-443706.430,-1172320.620,360.880
-443706.200,-1172320.810,361.010
-443705.960,-1172321.010,361.180
-443705.720,-1172321.210,361.265
-443706.010,-1172323.030,361.860
-443713.840,-1172315.970,360.250
-443713.600,-1172316.160,360.250
-443713.340,-1172316.380,360.260
-443713.090,-1172316.590,360.260
-443712.850,-1172316.790,360.280
-443712.600,-1172317.000,360.290
-443712.350,-1172317.210,360.320
-443712.090,-1172317.420,360.340
-443711.870,-1172317.610,360.360
-443711.600,-1172317.830,360.380
-443711.370,-1172318.020,360.400
-443711.120,-1172318.240,360.420
-443710.870,-1172318.440,360.450
-443710.640,-1172318.630,360.470
-443710.410,-1172318.830,360.500
-443710.170,-1172319.020,360.515
-443709.920,-1172319.240,360.540
-443709.680,-1172319.440,360.570
-443709.440,-1172319.630,360.600
-443709.190,-1172319.850,360.620
-443708.960,-1172320.040,360.640
-443708.700,-1172320.250,360.690
-443708.460,-1172320.460,360.850
-443708.220,-1172320.660,361.035
-443707.980,-1172320.860,361.210
-443707.730,-1172321.060,361.330
-443707.470,-1172321.280,361.510
-443707.220,-1172321.480,361.690
-443706.980,-1172321.690,361.820
-443706.730,-1172321.900,361.930
-443706.490,-1172322.100,361.945
-443706.260,-1172322.290,361.955
-443706.030,-1172322.480,361.960
-443713.640,-1172315.650,360.230
-443713.390,-1172315.860,360.240
-443713.140,-1172316.070,360.240
-443712.900,-1172316.270,360.240
-443712.650,-1172316.470,360.250
-443712.400,-1172316.690,360.260
-443712.150,-1172316.890,360.270
-443711.920,-1172317.080,360.290
-443711.680,-1172317.290,360.320
-443711.430,-1172317.490,360.330
-443711.210,-1172317.680,360.360
-443710.960,-1172317.890,360.380
-443710.710,-1172318.090,360.400
-443710.460,-1172318.300,360.410
-443710.220,-1172318.500,360.450
-443710.000,-1172318.690,360.470
-443709.740,-1172318.900,360.480
-443709.480,-1172319.120,360.520
-443709.250,-1172319.310,360.540
-443709.000,-1172319.520,360.570
-443708.750,-1172319.730,360.590
-443708.500,-1172319.940,360.620
-443708.250,-1172320.140,360.640
-443707.280,-1172320.960,361.210
-443707.040,-1172321.160,361.360
-443706.780,-1172321.370,361.490
-443706.540,-1172321.580,361.625
-443706.310,-1172321.770,361.780
-443706.050,-1172321.990,361.930
-443705.800,-1172322.190,361.950
-443706.770,-1172323.330,361.530
-443706.510,-1172323.550,361.410
-443706.260,-1172323.750,361.250
-443706.010,-1172323.960,361.150
-443715.510,-1172315.430,357.640
-443715.270,-1172315.630,357.800
-443715.040,-1172315.830,358.020
-443714.320,-1172316.430,360.260
-443714.070,-1172316.640,360.280
-443713.830,-1172316.830,360.310
-443713.590,-1172317.030,360.330
-443713.330,-1172317.250,360.340
-443713.100,-1172317.450,360.350
-443712.840,-1172317.660,360.380
-443712.590,-1172317.870,360.390
-443712.330,-1172318.090,360.420
-443712.100,-1172318.280,360.440
-443711.860,-1172318.480,360.460
-443711.620,-1172318.680,360.490
-443711.370,-1172318.890,360.520
-443711.120,-1172319.100,360.550
-443710.880,-1172319.300,360.570
-443710.630,-1172319.510,360.600
-443710.380,-1172319.720,360.620
-443710.120,-1172319.930,360.650
-443709.880,-1172320.130,360.720
-443709.630,-1172320.340,360.850
-443709.400,-1172320.530,360.975
-443709.150,-1172320.740,361.190
-443708.680,-1172321.140,361.470
-443708.450,-1172321.330,361.610
-443708.210,-1172321.530,361.735
-443707.960,-1172321.740,361.895
-443707.720,-1172321.930,361.930
-443707.490,-1172322.130,361.940
-443707.230,-1172322.350,361.945
-443706.990,-1172322.540,361.935
-443706.740,-1172322.750,361.930
-443706.490,-1172322.970,361.850
-443706.240,-1172323.170,361.725
-443706.010,-1172323.370,361.595
-443715.070,-1172315.470,357.780
-443714.830,-1172315.670,358.040
-443714.340,-1172316.080,360.240
-443714.100,-1172316.280,360.260
-443713.850,-1172316.490,360.270
-443713.590,-1172316.710,360.280
-443713.350,-1172316.910,360.310
-443713.120,-1172317.100,360.320
-443712.890,-1172317.290,360.330
-443712.620,-1172317.520,360.350
-443712.370,-1172317.720,360.380
-443712.140,-1172317.910,360.390
-443711.890,-1172318.130,360.420
-443711.630,-1172318.340,360.450
-443711.380,-1172318.550,360.470
-443711.150,-1172318.740,360.500
-443710.890,-1172318.960,360.520
-443710.650,-1172319.160,360.550
-443710.410,-1172319.360,360.580
-443710.170,-1172319.560,360.600
-443709.920,-1172319.770,360.620
-443709.690,-1172319.960,360.640
-443709.460,-1172320.150,360.705
-443709.210,-1172320.360,360.850
-443708.960,-1172320.570,361.020
-443708.730,-1172320.760,361.150
-443708.500,-1172320.960,361.320
-443708.250,-1172321.160,361.490
-443708.000,-1172321.370,361.630
-443707.750,-1172321.580,361.780
-443707.520,-1172321.770,361.910
-443707.270,-1172321.980,361.930
-443707.020,-1172322.190,361.950
-443706.780,-1172322.390,361.960
-443706.530,-1172322.600,361.940
-443706.260,-1172322.820,361.930
-443709.120,-1172322.330,361.940
-443708.900,-1172322.520,361.890
-443708.650,-1172322.730,361.790
-443708.380,-1172322.950,361.660
-443708.150,-1172323.140,361.540
-443707.900,-1172323.350,361.410
-443707.640,-1172323.570,361.280
-443707.380,-1172323.780,361.180
-443707.150,-1172323.980,361.090
-443706.900,-1172324.180,361.040
-443706.650,-1172324.390,360.990
-443706.400,-1172324.600,360.960
-443706.170,-1172324.800,360.920
-443704.240,-1172326.410,360.660
-443716.470,-1172315.680,357.580
-443716.210,-1172315.900,357.720
-443715.960,-1172316.100,357.780
-443715.710,-1172316.310,357.850
-443715.470,-1172316.510,358.085
-443715.230,-1172316.720,358.670
-443714.990,-1172316.920,358.935
-443714.510,-1172317.310,360.330
-443714.270,-1172317.510,360.380
-443714.030,-1172317.710,360.400
-443713.800,-1172317.910,360.420
-443713.540,-1172318.120,360.440
-443713.310,-1172318.320,360.460
-443713.080,-1172318.510,360.480
-443712.820,-1172318.720,360.510
-443712.580,-1172318.930,360.530
-443712.330,-1172319.130,360.560
-443712.080,-1172319.350,360.590
-443711.850,-1172319.540,360.605
-443711.600,-1172319.740,360.650
-443711.360,-1172319.950,360.700
-443711.100,-1172320.160,360.840
-443710.850,-1172320.370,360.995
-443710.600,-1172320.580,361.200
-443710.350,-1172320.790,361.415
-443709.880,-1172321.180,361.830
-443709.650,-1172321.370,361.885
-443709.400,-1172321.590,361.910
-443709.140,-1172321.800,361.925
-443708.660,-1172322.200,361.930
-443708.400,-1172322.420,361.910
-443708.150,-1172322.630,361.880
-443707.910,-1172322.820,361.780
-443707.650,-1172323.040,361.620
-443707.420,-1172323.240,361.500
-443707.160,-1172323.460,361.370
-443706.920,-1172323.650,361.270
-443706.680,-1172323.860,361.170
-443706.440,-1172324.050,361.100
-443706.200,-1172324.250,361.045
-443705.950,-1172324.460,360.990
-443716.000,-1172315.620,357.630
-443715.780,-1172315.810,357.740
-443715.530,-1172316.010,357.780
-443715.280,-1172316.220,358.020
-443715.070,-1172316.400,358.380
-443714.360,-1172317.000,360.310
-443714.110,-1172317.200,360.345
-443713.870,-1172317.400,360.370
-443713.600,-1172317.620,360.390
-443713.360,-1172317.830,360.410
-443712.880,-1172318.230,360.440
-443712.630,-1172318.440,360.470
-443712.130,-1172318.850,360.520
-443711.860,-1172319.080,360.550
-443711.610,-1172319.280,360.580
-443711.380,-1172319.480,360.600
-443711.150,-1172319.670,360.620
-443710.900,-1172319.880,360.660
-443710.650,-1172320.090,360.730
-443709.910,-1172320.710,361.225
-443709.670,-1172320.910,361.390
-443709.430,-1172321.110,361.565
-443709.180,-1172321.320,361.670
-443708.930,-1172321.530,361.815
-443708.700,-1172321.720,361.890
-443708.450,-1172321.920,361.915
-443708.200,-1172322.140,361.915
-443707.970,-1172322.330,361.910
-443707.740,-1172322.520,361.910
-443707.500,-1172322.720,361.850
-443707.230,-1172322.940,361.800
-443707.000,-1172323.140,361.620
-443706.260,-1172325.610,360.830
-443705.770,-1172326.020,360.840
-443705.520,-1172326.230,360.830
-443705.280,-1172326.430,360.810
-443705.040,-1172326.630,360.780
-443704.780,-1172326.850,360.770
-443704.540,-1172327.040,360.725
-443704.290,-1172327.250,360.660
-443717.570,-1172315.590,357.610
-443717.330,-1172315.790,357.665
-443717.080,-1172316.000,357.700
-443716.830,-1172316.210,357.750
-443716.570,-1172316.420,357.810
-443716.320,-1172316.630,357.910
-443715.840,-1172317.030,358.315
-443715.600,-1172317.240,358.700
-443715.360,-1172317.440,359.055
-443715.120,-1172317.640,359.485
-443714.650,-1172318.040,360.400
-443714.390,-1172318.250,360.450
-443714.140,-1172318.460,360.480
-443713.880,-1172318.670,360.510
-443713.650,-1172318.870,360.530
-443713.400,-1172319.080,360.555
-443713.160,-1172319.280,360.580
-443712.900,-1172319.490,360.600
-443712.660,-1172319.690,360.665
-443712.440,-1172319.880,360.755
-443712.200,-1172320.080,360.865
-443711.960,-1172320.280,361.030
-443711.710,-1172320.480,361.170
-443711.480,-1172320.680,361.330
-443711.240,-1172320.880,361.545
-443710.510,-1172321.490,362.040
-443710.250,-1172321.710,362.030
-443710.020,-1172321.900,361.990
-443709.790,-1172322.090,361.955
-443709.530,-1172322.310,361.930
-443709.270,-1172322.530,361.900
-443708.770,-1172322.940,361.615
-443708.510,-1172323.160,361.455
-443708.260,-1172323.370,361.355
-443708.040,-1172323.560,361.250
-443707.790,-1172323.760,361.140
-443707.540,-1172323.970,361.060
-443707.280,-1172324.190,361.010
-443707.030,-1172324.390,360.980
-443706.800,-1172324.590,360.940
-443706.540,-1172324.800,360.890
-443706.280,-1172325.020,360.830
-443706.050,-1172325.210,360.830
-443704.840,-1172326.230,360.790
-443704.590,-1172326.430,360.770
-443704.350,-1172326.630,360.700
-443704.100,-1172326.840,360.620
-443717.170,-1172315.610,357.580
-443716.940,-1172315.800,357.645
-443716.690,-1172316.010,357.720
-443716.450,-1172316.210,357.780
-443716.200,-1172316.410,357.850
-443715.720,-1172316.820,358.250
-443715.460,-1172317.040,358.675
-443715.220,-1172317.240,359.060
-443714.970,-1172317.450,359.390
-443714.480,-1172317.850,360.400
-443714.250,-1172318.050,360.440
-443714.000,-1172318.250,360.460
-443713.750,-1172318.460,360.480
-443713.530,-1172318.650,360.510
-443713.290,-1172318.850,360.520
-443713.050,-1172319.050,360.550
-443712.790,-1172319.270,360.580
-443712.550,-1172319.470,360.600
-443712.330,-1172319.650,360.640
-443712.070,-1172319.870,360.725
-443711.830,-1172320.070,360.800
-443711.580,-1172320.270,360.945
-443711.090,-1172320.680,361.320
-443710.100,-1172321.510,362.040
-443709.870,-1172321.710,361.990
-443709.610,-1172321.920,361.960
-443709.370,-1172322.120,361.960
-443716.060,-1172317.870,358.880
-443715.830,-1172318.060,359.230
-443715.580,-1172318.270,359.620
-443715.330,-1172318.480,360.160
-443715.090,-1172318.680,360.440
-443714.590,-1172319.100,360.575
-443714.330,-1172319.310,360.600
-443714.100,-1172319.510,360.650
-443713.860,-1172319.710,360.760
-443713.630,-1172319.900,360.870
-443713.380,-1172320.110,361.050
-443713.120,-1172320.320,361.180
-443712.900,-1172320.510,361.330
-443712.640,-1172320.730,361.500
-443712.390,-1172320.930,361.595
-443712.140,-1172321.150,361.780
-443711.900,-1172321.340,361.920
-443711.650,-1172321.550,361.965
-443711.420,-1172321.750,361.990
-443711.160,-1172321.960,362.000
-443710.930,-1172322.160,361.985
-443710.690,-1172322.360,361.930
-443710.450,-1172322.560,361.870
-443710.220,-1172322.750,361.750
-443709.960,-1172322.960,361.560
-443709.720,-1172323.170,361.395
-443709.480,-1172323.370,361.230
-443709.220,-1172323.580,361.100
-443708.980,-1172323.780,361.035
-443708.730,-1172323.990,360.980
-443708.470,-1172324.200,360.940
-443708.240,-1172324.400,360.880
-443708.000,-1172324.600,360.850
-443707.740,-1172324.820,360.820
-443707.490,-1172325.020,360.800
-443707.240,-1172325.240,360.800
-443706.990,-1172325.450,360.800
-443706.730,-1172325.660,360.810
-443706.490,-1172325.860,360.830
-443706.260,-1172326.050,360.830
-443706.030,-1172326.250,360.830
-443705.770,-1172326.460,360.820
-443705.520,-1172326.670,360.820
-443705.280,-1172326.870,360.790
-443705.030,-1172327.080,360.780
-443704.780,-1172327.290,360.760
-443704.530,-1172327.500,360.730
-443704.280,-1172327.710,360.675
-443718.260,-1172315.590,357.640
-443718.030,-1172315.780,357.690
-443717.810,-1172315.970,357.770
-443717.540,-1172316.190,357.815
-443717.300,-1172316.390,357.830
-443717.060,-1172316.590,357.875
-443716.810,-1172316.800,357.955
-443716.560,-1172317.010,358.040
-443716.320,-1172317.210,358.130
-443715.830,-1172317.620,358.880
-443715.580,-1172317.830,359.200
-443715.330,-1172318.040,359.610
-443714.600,-1172318.640,360.490
-443714.380,-1172318.830,360.520
-443714.130,-1172319.040,360.560
-443713.620,-1172319.460,360.620
-443713.390,-1172319.660,360.665
-443713.130,-1172319.870,360.835
-443712.870,-1172320.090,360.960
-443712.650,-1172320.280,361.100
-443712.410,-1172320.480,361.300
-443712.150,-1172320.690,361.400
-443711.910,-1172320.890,361.525
-443711.670,-1172321.090,361.780
-443711.440,-1172321.290,361.990
-443711.190,-1172321.490,362.040
-443710.960,-1172321.690,362.060
-443710.720,-1172321.890,362.040
-443710.470,-1172322.090,361.990
-443710.230,-1172322.290,361.950
-443709.980,-1172322.510,361.900
-443709.750,-1172322.700,361.795
-443709.480,-1172322.920,361.640
-443709.220,-1172323.140,361.405
-443708.990,-1172323.330,361.290
-443708.750,-1172323.530,361.195
-443708.500,-1172323.740,361.090
-443708.240,-1172323.960,361.025
-443707.990,-1172324.160,360.985
-443707.740,-1172324.380,360.940
-443707.480,-1172324.590,360.890
-443707.240,-1172324.790,360.850
-443707.010,-1172324.980,360.830
-443706.780,-1172325.180,360.820
-443706.510,-1172325.400,360.820
-443710.760,-1172323.160,361.290
-443710.510,-1172323.380,361.115
-443710.250,-1172323.590,361.065
-443709.990,-1172323.810,360.980
-443709.760,-1172324.000,360.950
-443709.500,-1172324.220,360.900
-443709.270,-1172324.410,360.860
-443709.010,-1172324.630,360.810
-443708.780,-1172324.820,360.800
-443708.540,-1172325.020,360.780
-443708.300,-1172325.230,360.780
-443708.070,-1172325.420,360.780
-443707.810,-1172325.630,360.800
-443707.580,-1172325.820,360.870
-443707.350,-1172326.020,360.875
-443706.850,-1172326.430,360.865
-443706.600,-1172326.640,360.850
-443706.340,-1172326.860,360.835
-443706.120,-1172327.050,360.820
-443705.870,-1172327.250,360.810
-443705.630,-1172327.460,360.790
-443705.360,-1172327.680,360.780
-443704.610,-1172328.300,360.730
-443704.380,-1172328.500,360.715
-443719.510,-1172315.470,357.645
-443719.250,-1172315.680,357.690
-443719.010,-1172315.890,357.770
-443718.760,-1172316.100,357.830
-443718.510,-1172316.310,357.885
-443718.260,-1172316.510,358.025
-443718.040,-1172316.700,358.140
-443717.780,-1172316.910,358.155
-443717.530,-1172317.120,358.160
-443717.300,-1172317.310,358.160
-443717.070,-1172317.510,358.180
-443716.820,-1172317.720,358.210
-443716.570,-1172317.930,358.270
-443716.340,-1172318.120,358.400
-443715.860,-1172318.520,359.610
-443715.620,-1172318.720,360.090
-443715.380,-1172318.920,360.445
-443715.130,-1172319.130,360.565
-443714.880,-1172319.340,360.600
-443714.650,-1172319.530,360.680
-443714.410,-1172319.730,360.800
-443714.150,-1172319.940,360.920
-443713.890,-1172320.160,361.110
-443713.640,-1172320.370,361.300
-443713.400,-1172320.570,361.400
-443713.160,-1172320.780,361.550
-443712.920,-1172320.970,361.670
-443712.700,-1172321.160,361.790
-443712.440,-1172321.370,361.880
-443712.180,-1172321.600,361.920
-443711.700,-1172321.990,361.930
-443711.440,-1172322.210,361.930
-443711.180,-1172322.430,361.830
-443710.960,-1172322.610,361.780
-443710.700,-1172322.830,361.680
-443710.450,-1172323.040,361.470
-443710.190,-1172323.250,361.260
-443709.970,-1172323.440,361.180
-443709.720,-1172323.640,361.070
-443709.480,-1172323.850,361.005
-443709.250,-1172324.040,360.960
-443709.010,-1172324.240,360.910
-443708.760,-1172324.450,360.860
-443708.510,-1172324.650,360.820
-443708.270,-1172324.860,360.795
-443708.040,-1172325.050,360.780
-443707.780,-1172325.270,360.780
-443707.510,-1172325.490,360.770
-443706.040,-1172326.720,360.820
-443705.780,-1172326.940,360.820
-443705.540,-1172327.130,360.800
-443705.320,-1172327.320,360.780
-443705.080,-1172327.530,360.770
-443704.810,-1172327.750,360.760
-443704.570,-1172327.950,360.730
-443704.330,-1172328.150,360.690
-443718.970,-1172315.440,357.610
-443718.710,-1172315.650,357.685
-443718.480,-1172315.850,357.770
-443718.250,-1172316.040,357.800
-443718.010,-1172316.240,357.860
-443717.770,-1172316.440,357.950
-443717.520,-1172316.650,358.005
-443717.280,-1172316.850,358.020
-443717.040,-1172317.050,358.030
-443716.780,-1172317.260,358.110
-443716.550,-1172317.460,358.170
-443716.300,-1172317.670,358.275
-443716.070,-1172317.860,358.880
-443720.150,-1172315.930,357.820
-443719.900,-1172316.130,357.890
-443719.640,-1172316.350,358.025
-443719.390,-1172316.570,358.100
-443719.150,-1172316.770,358.270
-443718.900,-1172316.970,358.370
-443718.410,-1172317.380,358.470
-443718.190,-1172317.570,358.470
-443717.920,-1172317.790,358.425
-443717.660,-1172318.010,358.390
-443717.430,-1172318.200,358.380
-443717.190,-1172318.400,358.380
-443716.930,-1172318.620,358.400
-443716.670,-1172318.830,358.530
-443716.450,-1172319.020,358.690
-443715.960,-1172319.430,360.455
-443715.720,-1172319.630,360.830
-443715.490,-1172319.820,360.980
-443715.250,-1172320.020,361.100
-443715.010,-1172320.230,361.225
-443714.780,-1172320.410,361.375
-443714.530,-1172320.630,361.540
-443714.290,-1172320.830,361.690
-443714.050,-1172321.030,361.850
-443713.810,-1172321.230,361.860
-443713.570,-1172321.430,361.900
-443713.310,-1172321.650,361.915
-443713.060,-1172321.850,361.900
-443712.580,-1172322.250,361.775
-443712.320,-1172322.470,361.635
-443711.830,-1172322.880,361.370
-443711.570,-1172323.100,361.220
-443711.080,-1172323.510,360.990
-443710.840,-1172323.710,360.965
-443710.590,-1172323.910,360.920
-443710.340,-1172324.120,360.910
-443710.100,-1172324.330,360.875
-443709.850,-1172324.530,360.840
-443709.600,-1172324.740,360.810
-443709.350,-1172324.950,360.785
-443709.100,-1172325.160,360.770
-443708.850,-1172325.370,360.780
-443708.600,-1172325.580,360.810
-443708.380,-1172325.760,360.925
-443708.130,-1172325.970,360.940
-443707.880,-1172326.180,360.940
-443707.640,-1172326.380,360.930
-443707.410,-1172326.570,360.910
-443707.170,-1172326.770,360.890
-443706.910,-1172326.990,360.865
-443706.670,-1172327.190,360.840
-443706.450,-1172327.370,360.820
-443706.190,-1172327.590,360.810
-443705.940,-1172327.800,360.800
-443705.690,-1172328.010,360.790
-443704.960,-1172328.620,360.760
-443704.710,-1172328.820,360.750
-443720.280,-1172315.210,357.620
-443720.040,-1172315.410,357.640
-443719.780,-1172315.630,357.710
-443719.540,-1172315.830,357.780
-443719.310,-1172316.020,357.840
-443719.080,-1172316.220,357.910
-443718.820,-1172316.440,358.025
-443718.570,-1172316.640,358.130
-443718.330,-1172316.840,358.230
-443718.080,-1172317.050,358.270
-443717.820,-1172317.260,358.285
-443717.570,-1172317.480,358.265
-443717.330,-1172317.680,358.270
-443717.080,-1172317.880,358.270
-443716.840,-1172318.080,358.290
-443716.590,-1172318.290,358.370
-443716.350,-1172318.490,358.510
-443716.140,-1172318.670,359.530
-443715.890,-1172318.880,360.035
-443715.670,-1172319.070,360.410
-443715.410,-1172319.280,360.600
-443715.180,-1172319.480,360.680
-443714.940,-1172319.680,360.800
-443714.690,-1172319.880,360.920
-443714.450,-1172320.080,361.090
-443714.210,-1172320.290,361.210
-443713.940,-1172320.510,361.410
-443713.720,-1172320.690,361.520
-443713.490,-1172320.890,361.660
-443713.230,-1172321.100,361.800
-443712.730,-1172321.520,361.915
-443712.480,-1172321.730,361.920
-443712.230,-1172321.940,361.920
-443711.980,-1172322.150,361.865
-443711.750,-1172322.340,361.770
-443711.510,-1172322.540,361.680
-443711.250,-1172322.760,361.560
-443713.320,-1172322.530,361.525
-443713.090,-1172322.720,361.380
-443712.850,-1172322.920,361.240
-443712.590,-1172323.140,361.080
-443712.350,-1172323.340,360.990
-443712.120,-1172323.530,360.940
-443711.870,-1172323.740,360.920
-443711.630,-1172323.940,360.890
-443711.370,-1172324.160,360.870
-443711.120,-1172324.360,360.860
-443710.890,-1172324.560,360.830
-443710.650,-1172324.760,360.800
-443710.380,-1172324.980,360.770
-443710.150,-1172325.180,360.750
-443709.890,-1172325.400,360.740
-443708.910,-1172326.210,360.990
-443708.660,-1172326.420,360.980
-443708.420,-1172326.620,360.970
-443707.670,-1172327.250,360.900
-443707.430,-1172327.450,360.890
-443707.170,-1172327.660,360.870
-443706.930,-1172327.860,360.850
-443706.680,-1172328.080,360.840
-443706.450,-1172328.270,360.820
-443706.190,-1172328.490,360.810
-443705.950,-1172328.690,360.790
-443705.710,-1172328.880,360.780
-443705.480,-1172329.080,360.775
-443705.240,-1172329.280,360.760
-443704.980,-1172329.500,360.750
-443704.750,-1172329.680,360.740
-443704.510,-1172329.890,360.730
-443720.250,-1172316.310,357.975
-443719.990,-1172316.530,358.090
-443719.740,-1172316.740,358.230
-443719.500,-1172316.930,358.375
-443719.270,-1172317.130,358.510
-443719.010,-1172317.340,358.600
-443718.760,-1172317.550,358.655
-443718.510,-1172317.760,358.650
-443718.260,-1172317.980,358.590
-443718.000,-1172318.190,358.520
-443717.760,-1172318.390,358.500
-443717.520,-1172318.590,358.475
-443717.290,-1172318.780,358.500
-443717.030,-1172319.000,358.525
-443716.780,-1172319.210,358.625
-443716.540,-1172319.410,358.795
-443716.290,-1172319.620,360.290
-443716.070,-1172319.810,360.810
-443715.810,-1172320.020,361.060
-443715.590,-1172320.210,361.250
-443715.330,-1172320.420,361.440
-443715.090,-1172320.620,361.585
-443714.840,-1172320.830,361.690
-443714.610,-1172321.020,361.850
-443714.370,-1172321.220,361.880
-443714.130,-1172321.420,361.900
-443713.900,-1172321.610,361.880
-443713.650,-1172321.830,361.880
-443713.400,-1172322.030,361.840
-443713.170,-1172322.230,361.760
-443712.910,-1172322.440,361.575
-443712.670,-1172322.640,361.495
-443712.420,-1172322.850,361.320
-443712.160,-1172323.070,361.180
-443711.930,-1172323.260,361.060
-443711.690,-1172323.470,360.970
-443711.440,-1172323.670,360.940
-443711.180,-1172323.890,360.910
-443710.930,-1172324.090,360.880
-443710.680,-1172324.310,360.870
-443710.430,-1172324.520,360.840
-443710.190,-1172324.720,360.815
-443709.950,-1172324.910,360.790
-443709.710,-1172325.120,360.780
-443709.460,-1172325.330,360.760
-443708.980,-1172325.730,360.960
-443708.720,-1172325.940,360.970
-443708.470,-1172326.150,360.960
-443708.220,-1172326.360,360.960
-443707.980,-1172326.560,360.940
-443707.720,-1172326.780,360.930
-443707.490,-1172326.970,360.900
-443707.230,-1172327.190,360.880
-443707.000,-1172327.380,360.860
-443706.760,-1172327.580,360.840
-443706.520,-1172327.780,360.825
-443706.280,-1172327.980,360.810
-443706.030,-1172328.190,360.800
-443705.550,-1172328.590,360.780
-443705.300,-1172328.810,360.770
-443705.070,-1172329.000,360.760
-443704.810,-1172329.210,360.750
-443704.560,-1172329.420,360.730
-443720.390,-1172315.730,357.760
-443707.610,-1172328.060,360.900
-443706.870,-1172328.670,360.840
-443706.640,-1172328.860,360.820
-443706.390,-1172329.070,360.820
-443705.890,-1172329.490,360.790
-443705.650,-1172329.700,360.780
-443705.380,-1172329.920,360.760
-443705.130,-1172330.130,360.760
-443704.890,-1172330.330,360.750
-443704.650,-1172330.530,360.740
-443720.400,-1172316.880,358.160
-443720.150,-1172317.090,358.280
-443719.920,-1172317.290,358.435
-443719.680,-1172317.490,358.540
-443719.440,-1172317.680,358.685
-443719.210,-1172317.880,358.770
-443718.950,-1172318.090,358.810
-443718.710,-1172318.290,358.840
-443718.470,-1172318.490,358.730
-443718.220,-1172318.700,358.640
-443717.990,-1172318.900,358.610
-443717.730,-1172319.110,358.600
-443717.480,-1172319.330,358.610
-443717.240,-1172319.520,358.660
-443717.000,-1172319.720,358.750
-443716.750,-1172319.940,358.900
-443716.500,-1172320.140,359.090
-443716.020,-1172320.550,361.440
-443715.770,-1172320.750,361.670
-443715.540,-1172320.940,361.840
-443715.300,-1172321.140,361.860
-443715.060,-1172321.340,361.885
-443714.810,-1172321.550,361.900
-443714.560,-1172321.760,361.890
-443714.060,-1172322.180,361.745
-443713.820,-1172322.390,361.590
-443713.560,-1172322.600,361.440
-443713.320,-1172322.800,361.310
-443713.060,-1172323.020,361.180
-443712.820,-1172323.220,361.060
-443712.570,-1172323.420,360.955
-443712.330,-1172323.630,360.930
-443712.100,-1172323.820,360.895
-443711.860,-1172324.020,360.870
-443711.620,-1172324.220,360.850
-443711.370,-1172324.430,360.830
-443711.130,-1172324.630,360.820
-443710.900,-1172324.820,360.800
-443710.640,-1172325.040,360.770
-443710.400,-1172325.240,360.740
-443710.150,-1172325.450,360.730
-443709.420,-1172326.060,361.000
-443709.180,-1172326.260,361.000
-443708.920,-1172326.470,360.990
-443708.160,-1172327.110,360.940
-443707.680,-1172327.510,360.900
-443707.450,-1172327.710,360.890
-443707.200,-1172327.910,360.870
-443706.450,-1172328.540,360.820
-443706.200,-1172328.750,360.800
-443705.930,-1172328.980,360.790
-443705.700,-1172329.170,360.780
-443705.450,-1172329.370,360.770
-443705.220,-1172329.570,360.760
-443704.960,-1172329.790,360.750
-443704.720,-1172329.980,360.750
-443704.490,-1172330.180,360.730
-443720.420,-1172316.600,358.070
-443720.180,-1172316.800,358.215
-443719.940,-1172317.000,358.330
-443719.680,-1172317.210,358.465
-443719.430,-1172317.420,358.590
-443719.210,-1172317.600,358.720
-443718.960,-1172317.820,358.765
-443718.700,-1172318.030,358.770
-443718.460,-1172318.230,358.720
-443718.230,-1172318.430,358.620
-443717.980,-1172318.640,358.570
-443717.710,-1172318.860,358.560
-443717.470,-1172319.060,358.550
-443717.220,-1172319.270,358.600
-443716.960,-1172319.490,358.690
-443716.720,-1172319.690,358.850
-443716.500,-1172319.870,358.970
-443716.280,-1172320.050,360.825
-443716.020,-1172320.270,361.190
-443715.770,-1172320.480,361.480
-443715.550,-1172320.670,361.640
-443715.290,-1172320.880,361.790
-443715.040,-1172321.100,361.860
-443714.790,-1172321.300,361.880
-443714.560,-1172321.500,361.910
-443714.300,-1172321.710,361.880
-443714.060,-1172321.910,361.860
-443713.810,-1172322.120,361.780
-443713.570,-1172322.320,361.655
-443716.290,-1172321.190,361.745
-443716.040,-1172321.400,361.835
-443715.790,-1172321.610,361.835
-443715.540,-1172321.820,361.820
-443715.300,-1172322.020,361.710
-443715.070,-1172322.220,361.555
-443714.810,-1172322.430,361.470
-443714.550,-1172322.640,361.310
-443714.300,-1172322.850,361.190
-443714.050,-1172323.060,361.080
-443713.790,-1172323.280,360.950
-443713.550,-1172323.480,360.930
-443713.320,-1172323.670,360.880
-443713.080,-1172323.880,360.860
-443712.820,-1172324.090,360.840
-443712.580,-1172324.300,360.820
-443712.330,-1172324.500,360.790
-443712.070,-1172324.720,360.770
-443711.820,-1172324.930,360.750
-443711.580,-1172325.130,360.730
-443711.330,-1172325.330,360.720
-443711.090,-1172325.540,360.690
-443710.840,-1172325.740,360.685
-443710.600,-1172325.950,360.690
-443710.360,-1172326.150,360.720
-443709.890,-1172326.540,361.020
-443709.650,-1172326.740,361.020
-443709.410,-1172326.950,361.015
-443709.160,-1172327.150,361.000
-443708.910,-1172327.360,360.970
-443708.670,-1172327.560,360.950
-443708.430,-1172327.770,360.950
-443708.170,-1172327.980,360.930
-443707.920,-1172328.190,360.910
-443707.680,-1172328.390,360.900
-443707.450,-1172328.590,360.890
-443707.200,-1172328.790,360.870
-443706.940,-1172329.010,360.850
-443706.690,-1172329.220,360.840
-443705.950,-1172329.830,360.800
-443705.710,-1172330.040,360.780
-443705.470,-1172330.230,360.770
-443705.220,-1172330.450,360.760
-443704.970,-1172330.650,360.750
-443720.580,-1172317.220,358.210
-443720.330,-1172317.420,358.340
-443720.100,-1172317.620,358.480
-443719.840,-1172317.830,358.600
-443719.600,-1172318.030,358.750
-443719.350,-1172318.240,358.845
-443719.120,-1172318.430,358.880
-443718.870,-1172318.640,358.890
-443718.640,-1172318.840,358.840
-443718.390,-1172319.040,358.730
-443718.150,-1172319.240,358.700
-443717.900,-1172319.450,358.700
-443717.670,-1172319.650,358.710
-443717.420,-1172319.850,358.760
-443717.190,-1172320.050,358.870
-443716.920,-1172320.270,358.970
-443716.670,-1172320.480,359.110
-443716.480,-1172320.650,361.080
-443715.980,-1172321.060,361.820
-443715.730,-1172321.270,361.895
-443715.490,-1172321.470,361.900
-443715.210,-1172321.700,361.880
-443714.970,-1172321.910,361.820
-443714.730,-1172322.100,361.705
-443714.490,-1172322.310,361.590
-443714.250,-1172322.510,361.440
-443714.000,-1172322.720,361.325
-443713.750,-1172322.930,361.210
-443713.500,-1172323.140,361.095
-443713.240,-1172323.350,360.960
-443712.990,-1172323.560,360.920
-443712.740,-1172323.760,360.880
-443712.500,-1172323.970,360.860
-443712.250,-1172324.180,360.840
-443712.020,-1172324.370,360.830
-443711.760,-1172324.590,360.800
-443711.520,-1172324.790,360.785
-443711.280,-1172324.990,360.760
-443711.060,-1172325.180,360.740
-443710.810,-1172325.380,360.730
-443710.550,-1172325.600,360.710
-443710.320,-1172325.790,360.720
-443710.090,-1172325.980,360.735
-443709.830,-1172326.200,361.000
-443709.590,-1172326.400,361.020
-443709.340,-1172326.610,361.020
-443709.100,-1172326.810,361.000
-443708.860,-1172327.010,360.980
-443708.610,-1172327.220,360.960
-443708.370,-1172327.420,360.950
-443708.110,-1172327.640,360.930
-443707.850,-1172327.860,360.910
-443710.000,-1172327.320,361.030
-443709.740,-1172327.530,361.030
-443709.510,-1172327.730,361.020
-443709.250,-1172327.940,361.000
-443709.010,-1172328.140,360.990
-443708.760,-1172328.360,360.970
-443708.530,-1172328.550,360.950
-443708.280,-1172328.760,360.930
-443708.050,-1172328.950,360.920
-443707.550,-1172329.370,360.890
-443707.320,-1172329.560,360.880
-443707.080,-1172329.760,360.860
-443706.830,-1172329.970,360.850
-443706.590,-1172330.170,360.835
-443706.340,-1172330.380,360.820
-443705.850,-1172330.790,360.800
-443705.610,-1172330.990,360.780
-443705.350,-1172331.210,360.760
-443704.850,-1172331.630,360.750
-443720.620,-1172318.100,358.290
-443720.390,-1172318.290,358.420
-443720.140,-1172318.500,358.590
-443719.900,-1172318.700,358.730
-443719.660,-1172318.900,358.840
-443719.410,-1172319.110,358.900
-443719.160,-1172319.320,358.905
-443718.910,-1172319.530,358.910
-443718.670,-1172319.730,358.930
-443718.420,-1172319.940,358.900
-443718.160,-1172320.150,358.910
-443717.920,-1172320.360,358.940
-443717.690,-1172320.540,359.000
-443717.430,-1172320.760,359.010
-443717.190,-1172320.970,359.050
-443716.510,-1172321.530,361.610
-443716.250,-1172321.750,361.685
-443716.020,-1172321.940,361.690
-443715.790,-1172322.140,361.570
-443715.520,-1172322.360,361.480
-443715.280,-1172322.560,361.335
-443715.040,-1172322.770,361.210
-443714.770,-1172322.990,361.085
-443714.530,-1172323.190,360.970
-443714.300,-1172323.380,360.920
-443714.050,-1172323.590,360.880
-443713.790,-1172323.810,360.840
-443713.540,-1172324.020,360.830
-443713.300,-1172324.220,360.800
-443713.050,-1172324.430,360.780
-443712.800,-1172324.640,360.760
-443712.560,-1172324.840,360.740
-443712.330,-1172325.030,360.730
-443712.080,-1172325.240,360.710
-443711.810,-1172325.460,360.690
-443711.580,-1172325.660,360.660
-443711.340,-1172325.860,360.640
-443711.080,-1172326.080,360.640
-443710.810,-1172326.300,360.650
-443710.590,-1172326.490,360.690
-443710.340,-1172326.690,361.010
-443710.100,-1172326.900,361.030
-443709.850,-1172327.100,361.030
-443709.620,-1172327.290,361.030
-443709.380,-1172327.490,361.010
-443709.130,-1172327.700,361.000
-443708.890,-1172327.900,360.970
-443708.650,-1172328.110,360.950
-443708.160,-1172328.510,360.920
-443707.910,-1172328.720,360.910
-443707.690,-1172328.910,360.900
-443707.420,-1172329.130,360.880
-443706.710,-1172329.730,360.840
-443706.440,-1172329.960,360.820
-443705.950,-1172330.360,360.800
-443705.420,-1172330.810,360.770
-443704.970,-1172331.180,360.750
-443704.720,-1172331.390,360.740
-443720.410,-1172317.750,358.390
-443720.160,-1172317.960,358.525
-443719.910,-1172318.160,358.670
-443719.670,-1172318.370,358.800
-443719.410,-1172318.580,358.890
-443719.160,-1172318.790,358.900
-443718.920,-1172318.990,358.900
-443718.670,-1172319.200,358.850
-443718.430,-1172319.400,358.820
-443718.180,-1172319.610,358.790
-443717.940,-1172319.810,358.785
-443717.700,-1172320.010,358.815
-443717.470,-1172320.210,358.900
-443717.230,-1172320.400,358.985
-443716.980,-1172320.620,359.050
-443716.730,-1172320.820,359.130
-443716.510,-1172321.010,361.500
-443719.280,-1172320.150,359.000
-443719.040,-1172320.360,359.020
-443718.790,-1172320.560,359.020
-443718.530,-1172320.780,359.000
-443718.290,-1172320.990,359.000
-443718.060,-1172321.180,358.990
-443717.820,-1172321.380,358.960
-443717.560,-1172321.600,358.825
-443717.300,-1172321.810,358.805
-443717.070,-1172322.000,358.800
-443716.820,-1172322.220,359.030
-443716.590,-1172322.410,361.010
-443716.340,-1172322.620,361.040
-443716.110,-1172322.810,361.030
-443715.850,-1172323.020,360.990
-443715.600,-1172323.230,360.910
-443715.350,-1172323.440,360.870
-443715.130,-1172323.630,360.840
-443714.870,-1172323.840,360.810
-443714.640,-1172324.040,360.790
-443714.400,-1172324.230,360.770
-443714.160,-1172324.440,360.740
-443713.910,-1172324.640,360.720
-443713.670,-1172324.840,360.700
-443713.430,-1172325.050,360.680
-443713.190,-1172325.250,360.660
-443712.930,-1172325.470,360.645
-443712.680,-1172325.680,360.630
-443712.450,-1172325.870,360.630
-443712.210,-1172326.070,360.620
-443711.950,-1172326.290,360.620
-443711.700,-1172326.490,360.620
-443710.940,-1172327.130,360.970
-443710.710,-1172327.320,361.000
-443710.480,-1172327.510,361.020
-443710.230,-1172327.720,361.030
-443709.970,-1172327.940,361.030
-443709.740,-1172328.130,361.030
-443709.230,-1172328.560,361.000
-443708.980,-1172328.760,360.980
-443708.740,-1172328.970,360.970
-443708.500,-1172329.170,360.950
-443708.230,-1172329.390,360.930
-443708.010,-1172329.580,360.920
-443707.760,-1172329.790,360.910
-443707.500,-1172330.000,360.890
-443707.270,-1172330.200,360.870
-443707.040,-1172330.390,360.860
-443706.810,-1172330.580,360.850
-443706.540,-1172330.810,360.830
-443706.310,-1172331.000,360.820
-443706.080,-1172331.200,360.810
-443705.810,-1172331.420,360.800
-443705.580,-1172331.610,360.780
-443705.330,-1172331.820,360.770
-443704.830,-1172332.240,360.750
-443720.540,-1172318.510,358.360
-443720.290,-1172318.720,358.510
-443720.030,-1172318.930,358.660
-443719.780,-1172319.140,358.810
-443719.530,-1172319.350,358.890
-443719.300,-1172319.550,358.910
-443719.060,-1172319.750,358.940
-443718.820,-1172319.940,358.960
-443718.570,-1172320.160,358.985
-443718.310,-1172320.370,358.990
-443718.070,-1172320.570,358.980
-443717.820,-1172320.780,359.005
-443717.580,-1172320.990,359.010
-443717.310,-1172321.210,359.030
-443717.080,-1172321.400,359.075
-443716.360,-1172322.000,361.505
-443716.130,-1172322.200,361.410
-443715.890,-1172322.390,361.350
-443715.650,-1172322.600,361.270
-443715.410,-1172322.800,361.130
-443715.160,-1172323.000,361.010
-443714.920,-1172323.200,360.940
-443714.680,-1172323.410,360.890
-443714.430,-1172323.620,360.870
-443714.190,-1172323.820,360.830
-443713.940,-1172324.020,360.810
-443713.690,-1172324.240,360.785
-443713.450,-1172324.440,360.760
-443713.220,-1172324.630,360.740
-443712.960,-1172324.840,360.730
-443712.710,-1172325.060,360.710
-443712.450,-1172325.270,360.690
-443712.200,-1172325.480,360.670
-443711.950,-1172325.690,360.650
-443711.710,-1172325.890,360.630
-443711.480,-1172326.080,360.620
-443711.240,-1172326.280,360.630
-443710.980,-1172326.500,360.645
-443710.730,-1172326.710,360.955
-443710.250,-1172327.110,361.030
-443713.860,-1172325.590,360.615
-443713.620,-1172325.790,360.610
-443713.390,-1172325.990,360.610
-443713.140,-1172326.190,360.610
-443712.910,-1172326.390,360.610
-443712.680,-1172326.580,360.630
-443712.430,-1172326.790,360.875
-443712.180,-1172327.000,360.910
-443711.940,-1172327.200,360.930
-443711.700,-1172327.400,360.950
-443711.470,-1172327.590,360.960
-443711.200,-1172327.810,360.970
-443710.960,-1172328.020,360.990
-443710.480,-1172328.420,361.020
-443710.210,-1172328.650,361.030
-443709.980,-1172328.840,361.040
-443709.460,-1172329.270,361.020
-443708.750,-1172329.870,360.970
-443708.500,-1172330.080,360.950
-443708.250,-1172330.280,360.930
-443707.500,-1172330.910,360.880
-443707.260,-1172331.110,360.870
-443707.010,-1172331.320,360.850
-443706.760,-1172331.530,360.840
-443706.500,-1172331.740,360.830
-443706.280,-1172331.930,360.810
-443706.020,-1172332.150,360.800
-443705.780,-1172332.350,360.790
-443705.550,-1172332.550,360.780
-443705.320,-1172332.740,360.770
-443705.070,-1172332.940,360.750
-443720.730,-1172319.340,358.470
-443720.490,-1172319.540,358.590
-443720.240,-1172319.750,358.750
-443720.010,-1172319.940,358.860
-443719.750,-1172320.160,358.965
-443719.510,-1172320.360,359.015
-443719.260,-1172320.570,359.005
-443719.030,-1172320.760,359.010
-443718.770,-1172320.980,359.000
-443718.520,-1172321.190,358.970
-443718.270,-1172321.390,358.930
-443718.020,-1172321.610,358.810
-443717.770,-1172321.820,358.680
-443717.520,-1172322.020,358.555
-443717.290,-1172322.220,358.540
-443717.040,-1172322.420,358.610
-443716.790,-1172322.640,360.890
-443716.570,-1172322.820,360.930
-443716.340,-1172323.010,360.930
-443716.080,-1172323.230,360.910
-443715.830,-1172323.430,360.880
-443715.580,-1172323.650,360.840
-443715.340,-1172323.850,360.810
-443715.080,-1172324.060,360.780
-443714.850,-1172324.260,360.760
-443714.590,-1172324.470,360.730
-443714.360,-1172324.670,360.710
-443714.120,-1172324.870,360.680
-443713.880,-1172325.070,360.670
-443713.640,-1172325.270,360.655
-443713.390,-1172325.480,360.640
-443713.150,-1172325.680,360.620
-443712.910,-1172325.880,360.620
-443712.660,-1172326.090,360.610
-443712.430,-1172326.280,360.610
-443712.170,-1172326.500,360.620
-443711.440,-1172327.110,360.950
-443711.190,-1172327.310,360.970
-443710.690,-1172327.740,361.010
-443710.440,-1172327.940,361.030
-443709.960,-1172328.350,361.030
-443709.710,-1172328.560,361.030
-443709.480,-1172328.750,361.020
-443709.220,-1172328.960,361.000
-443708.730,-1172329.370,360.970
-443708.480,-1172329.580,360.950
-443708.220,-1172329.800,360.930
-443707.970,-1172330.010,360.920
-443707.730,-1172330.210,360.900
-443707.480,-1172330.420,360.880
-443707.240,-1172330.620,360.870
-443706.990,-1172330.830,360.855
-443706.750,-1172331.030,360.840
-443706.520,-1172331.220,360.830
-443706.280,-1172331.420,360.810
-443706.040,-1172331.630,360.800
-443705.790,-1172331.830,360.790
-443705.550,-1172332.040,360.780
-443705.310,-1172332.240,360.770
-443705.060,-1172332.440,360.750
-443704.820,-1172332.650,360.750
-443720.520,-1172319.120,358.470
-443720.260,-1172319.340,358.610
-443720.030,-1172319.530,358.760
-443719.800,-1172319.720,358.860
-443719.550,-1172319.930,358.960
-443708.430,-1172330.990,360.940
-443708.180,-1172331.190,360.920
-443707.920,-1172331.410,360.910
-443706.910,-1172332.250,360.840
-443706.690,-1172332.440,360.830
-443706.450,-1172332.640,360.820
-443706.200,-1172332.840,360.800
-443705.700,-1172333.270,360.780
-443705.460,-1172333.470,360.770
-443705.200,-1172333.690,360.760
-443720.780,-1172320.090,358.720
-443720.540,-1172320.290,358.840
-443720.290,-1172320.500,358.920
-443720.060,-1172320.700,358.950
-443719.810,-1172320.900,358.960
-443719.560,-1172321.110,358.950
-443719.320,-1172321.310,358.950
-443719.090,-1172321.500,358.785
-443718.850,-1172321.700,358.690
-443718.590,-1172321.920,358.520
-443718.350,-1172322.120,358.420
-443718.120,-1172322.320,358.305
-443717.870,-1172322.520,358.180
-443717.620,-1172322.730,358.100
-443717.370,-1172322.940,358.095
-443717.120,-1172323.150,358.190
-443716.670,-1172323.530,360.805
-443716.420,-1172323.730,360.805
-443716.170,-1172323.950,360.795
-443715.910,-1172324.160,360.760
-443715.660,-1172324.380,360.730
-443715.410,-1172324.580,360.700
-443715.180,-1172324.780,360.675
-443714.930,-1172324.980,360.650
-443714.690,-1172325.180,360.640
-443714.440,-1172325.390,360.620
-443714.200,-1172325.600,360.610
-443713.950,-1172325.800,360.610
-443713.700,-1172326.010,360.610
-443713.450,-1172326.220,360.600
-443713.200,-1172326.430,360.610
-443712.960,-1172326.630,360.630
-443712.720,-1172326.840,360.870
-443712.480,-1172327.030,360.900
-443712.220,-1172327.250,360.920
-443711.980,-1172327.450,360.930
-443711.750,-1172327.640,360.950
-443711.520,-1172327.840,360.960
-443711.270,-1172328.050,360.970
-443711.020,-1172328.250,360.980
-443710.550,-1172328.650,361.020
-443710.290,-1172328.860,361.030
-443710.050,-1172329.070,361.040
-443709.810,-1172329.270,361.030
-443709.080,-1172329.880,360.990
-443708.830,-1172330.090,360.970
-443707.820,-1172330.930,360.900
-443707.340,-1172331.330,360.870
-443707.100,-1172331.530,360.850
-443706.850,-1172331.740,360.840
-443706.590,-1172331.960,360.830
-443706.360,-1172332.160,360.820
-443706.110,-1172332.360,360.810
-443705.850,-1172332.580,360.790
-443705.600,-1172332.790,360.780
-443705.360,-1172332.990,360.770
-443705.110,-1172333.200,360.760
-443720.730,-1172319.840,358.630
-443720.490,-1172320.050,358.780
-443720.260,-1172320.240,358.895
-443720.000,-1172320.450,358.960
-443719.790,-1172320.640,358.980
-443719.530,-1172320.850,358.975
-443719.270,-1172321.070,358.980
-443719.040,-1172321.260,358.960
-443718.800,-1172321.460,358.845
-443718.530,-1172321.690,358.700
-443718.290,-1172321.890,358.600
-443718.060,-1172322.080,358.475
-443717.810,-1172322.290,358.385
-443717.540,-1172322.510,358.275
-443717.280,-1172322.730,358.270
-443717.040,-1172322.930,358.300
-443716.780,-1172323.150,360.825
-443716.570,-1172323.320,360.840
-443716.350,-1172323.510,360.840
-443716.110,-1172323.710,360.830
-443715.850,-1172323.930,360.790
-443715.590,-1172324.150,360.760
-443715.370,-1172324.330,360.740
-443715.100,-1172324.550,360.710
-443714.850,-1172324.770,360.680
-443714.600,-1172324.970,360.660
-443714.370,-1172325.160,360.640
-443714.110,-1172325.380,360.630
-443718.310,-1172323.060,357.730
-443718.060,-1172323.270,357.585
-443717.830,-1172323.460,357.480
-443717.590,-1172323.660,357.455
-443717.350,-1172323.860,357.540
-443717.090,-1172324.080,360.610
-443716.660,-1172324.440,360.690
-443716.410,-1172324.650,360.690
-443716.170,-1172324.850,360.660
-443715.920,-1172325.060,360.640
-443715.670,-1172325.270,360.610
-443715.430,-1172325.470,360.595
-443715.190,-1172325.670,360.590
-443714.950,-1172325.880,360.590
-443714.690,-1172326.090,360.590
-443714.430,-1172326.310,360.610
-443713.940,-1172326.720,360.790
-443713.700,-1172326.920,360.820
-443713.460,-1172327.120,360.845
-443713.230,-1172327.320,360.860
-443712.970,-1172327.540,360.880
-443712.240,-1172328.150,360.920
-443711.970,-1172328.360,360.930
-443711.730,-1172328.570,360.940
-443711.490,-1172328.770,360.950
-443711.240,-1172328.980,360.980
-443711.000,-1172329.180,360.990
-443710.750,-1172329.390,361.015
-443710.520,-1172329.580,361.030
-443710.280,-1172329.790,361.030
-443710.040,-1172329.990,361.030
-443709.800,-1172330.180,361.025
-443709.550,-1172330.400,361.010
-443709.310,-1172330.600,361.000
-443709.070,-1172330.790,360.980
-443708.810,-1172331.010,360.970
-443708.590,-1172331.200,360.950
-443708.330,-1172331.410,360.930
-443708.070,-1172331.630,360.920
-443707.840,-1172331.830,360.890
-443707.600,-1172332.020,360.870
-443707.350,-1172332.240,360.860
-443707.080,-1172332.460,360.840
-443706.840,-1172332.660,360.840
-443706.590,-1172332.870,360.820
-443706.340,-1172333.080,360.810
-443706.100,-1172333.280,360.790
-443705.860,-1172333.480,360.780
-443705.620,-1172333.680,360.770
-443705.370,-1172333.890,360.760
-443720.650,-1172320.760,358.870
-443720.390,-1172320.980,358.900
-443720.130,-1172321.200,358.870
-443719.900,-1172321.390,358.790
-443719.640,-1172321.610,358.680
-443719.400,-1172321.810,358.540
-443719.150,-1172322.010,358.420
-443718.920,-1172322.210,358.305
-443718.670,-1172322.420,358.140
-443718.430,-1172322.620,358.040
-443718.190,-1172322.820,357.910
-443717.940,-1172323.030,357.800
-443717.680,-1172323.240,357.715
-443717.450,-1172323.430,357.670
-443717.210,-1172323.640,357.800
-443716.750,-1172324.030,360.720
-443716.490,-1172324.240,360.730
-443716.270,-1172324.430,360.710
-443716.020,-1172324.640,360.690
-443715.760,-1172324.850,360.650
-443715.510,-1172325.060,360.640
-443715.280,-1172325.250,360.620
-443715.010,-1172325.480,360.605
-443714.760,-1172325.690,360.590
-443714.530,-1172325.880,360.600
-443714.290,-1172326.080,360.590
-443714.040,-1172326.290,360.610
-443713.800,-1172326.490,360.610
-443713.320,-1172326.900,360.840
-443713.050,-1172327.120,360.880
-443712.810,-1172327.320,360.890
-443712.550,-1172327.540,360.910
-443712.310,-1172327.740,360.920
-443712.050,-1172327.950,360.930
-443711.830,-1172328.140,360.940
-443711.570,-1172328.360,360.950
-443711.330,-1172328.560,360.960
-443711.100,-1172328.750,360.980
-443710.870,-1172328.950,360.990
-443710.620,-1172329.150,361.020
-443710.360,-1172329.370,361.030
-443710.140,-1172329.560,361.040
-443709.910,-1172329.750,361.040
-443709.640,-1172329.970,361.020
-443709.410,-1172330.170,361.010
-443709.160,-1172330.380,360.990
-443708.900,-1172330.590,360.970
-443714.050,-1172327.400,360.830
-443713.790,-1172327.610,360.830
-443713.540,-1172327.820,360.850
-443713.300,-1172328.020,360.850
-443713.060,-1172328.220,360.860
-443712.810,-1172328.430,360.870
-443712.560,-1172328.640,360.890
-443712.310,-1172328.850,360.900
-443711.320,-1172329.680,360.970
-443711.100,-1172329.870,360.990
-443710.830,-1172330.090,361.005
-443710.590,-1172330.290,361.020
-443710.350,-1172330.490,361.020
-443710.100,-1172330.700,361.020
-443709.840,-1172330.920,361.020
-443709.590,-1172331.130,361.010
-443709.350,-1172331.330,361.000
-443709.100,-1172331.530,360.980
-443708.860,-1172331.730,360.970
-443708.610,-1172331.940,360.950
-443708.370,-1172332.140,360.930
-443708.130,-1172332.350,360.920
-443707.900,-1172332.540,360.900
-443707.660,-1172332.740,360.880
-443707.420,-1172332.950,360.860
-443707.160,-1172333.160,360.850
-443706.930,-1172333.350,360.840
-443706.690,-1172333.560,360.820
-443706.440,-1172333.760,360.810
-443706.190,-1172333.970,360.800
-443705.470,-1172334.580,360.760
-443705.210,-1172334.790,360.760
-443720.790,-1172321.450,358.750
-443720.520,-1172321.680,358.540
-443720.300,-1172321.870,358.450
-443720.060,-1172322.060,358.335
-443719.820,-1172322.270,358.195
-443719.560,-1172322.480,358.100
-443719.320,-1172322.680,357.930
-443719.070,-1172322.890,357.810
-443718.810,-1172323.110,357.670
-443718.550,-1172323.320,357.550
-443718.320,-1172323.520,357.420
-443718.070,-1172323.720,357.320
-443717.810,-1172323.940,357.215
-443717.570,-1172324.140,357.215
-443717.330,-1172324.350,357.240
-443717.070,-1172324.560,360.580
-443716.890,-1172324.720,360.630
-443716.660,-1172324.910,360.640
-443716.420,-1172325.110,360.620
-443716.160,-1172325.330,360.600
-443715.920,-1172325.530,360.570
-443715.700,-1172325.720,360.560
-443715.430,-1172325.930,360.565
-443715.190,-1172326.140,360.580
-443714.940,-1172326.350,360.590
-443714.210,-1172326.960,360.810
-443713.970,-1172327.160,360.825
-443713.730,-1172327.360,360.830
-443712.480,-1172328.410,360.890
-443712.240,-1172328.600,360.905
-443712.000,-1172328.800,360.920
-443711.740,-1172329.020,360.930
-443711.490,-1172329.230,360.960
-443711.250,-1172329.430,360.980
-443711.010,-1172329.640,360.990
-443710.740,-1172329.860,361.010
-443710.500,-1172330.060,361.020
-443710.270,-1172330.260,361.030
-443710.030,-1172330.460,361.020
-443709.760,-1172330.680,361.020
-443709.530,-1172330.870,361.010
-443709.300,-1172331.070,361.000
-443709.060,-1172331.260,360.980
-443708.820,-1172331.470,360.970
-443708.570,-1172331.680,360.940
-443708.080,-1172332.080,360.920
-443707.840,-1172332.290,360.890
-443707.600,-1172332.490,360.870
-443707.350,-1172332.700,360.860
-443707.090,-1172332.910,360.840
-443706.620,-1172333.310,360.820
-443706.370,-1172333.520,360.805
-443705.610,-1172334.150,360.770
-443705.350,-1172334.370,360.765
-443720.800,-1172320.980,358.880
-443720.550,-1172321.190,358.870
-443720.290,-1172321.410,358.750
-443720.060,-1172321.600,358.640
-443719.800,-1172321.820,358.525
-443719.550,-1172322.030,358.360
-443719.300,-1172322.230,358.225
-443719.060,-1172322.440,358.110
-443718.800,-1172322.650,357.980
-443718.560,-1172322.860,357.850
-443707.410,-1172334.010,360.860
-443707.160,-1172334.220,360.850
-443706.930,-1172334.420,360.830
-443706.670,-1172334.630,360.810
-443706.440,-1172334.830,360.800
-443706.190,-1172335.030,360.790
-443705.950,-1172335.230,360.770
-443705.720,-1172335.430,360.770
-443705.470,-1172335.640,360.760
-443720.900,-1172322.290,358.080
-443720.650,-1172322.500,357.960
-443720.410,-1172322.700,357.820
-443720.170,-1172322.900,357.690
-443719.910,-1172323.110,357.565
-443719.660,-1172323.330,357.420
-443719.410,-1172323.540,357.310
-443719.160,-1172323.750,357.200
-443718.900,-1172323.960,357.075
-443718.640,-1172324.180,356.880
-443718.420,-1172324.360,356.830
-443718.170,-1172324.570,356.680
-443717.920,-1172324.780,356.580
-443717.680,-1172324.980,356.505
-443717.430,-1172325.190,356.560
-443717.180,-1172325.400,360.480
-443716.980,-1172325.570,360.515
-443716.730,-1172325.780,360.510
-443716.480,-1172325.990,360.510
-443716.240,-1172326.190,360.520
-443715.980,-1172326.400,360.520
-443715.760,-1172326.590,360.540
-443715.500,-1172326.810,360.590
-443715.260,-1172327.010,360.720
-443715.030,-1172327.200,360.760
-443714.800,-1172327.400,360.780
-443714.560,-1172327.600,360.790
-443714.300,-1172327.820,360.810
-443714.070,-1172328.010,360.810
-443713.840,-1172328.200,360.820
-443713.570,-1172328.420,360.840
-443713.340,-1172328.620,360.850
-443713.090,-1172328.820,360.860
-443712.360,-1172329.430,360.890
-443712.120,-1172329.640,360.910
-443711.850,-1172329.860,360.920
-443711.600,-1172330.070,360.950
-443711.360,-1172330.270,360.970
-443710.860,-1172330.690,361.000
-443710.620,-1172330.890,361.010
-443710.400,-1172331.080,361.020
-443710.140,-1172331.290,361.020
-443709.880,-1172331.510,361.020
-443709.650,-1172331.700,361.020
-443709.410,-1172331.900,361.000
-443709.140,-1172332.130,360.990
-443708.880,-1172332.350,360.970
-443708.650,-1172332.540,360.950
-443708.400,-1172332.750,360.930
-443708.150,-1172332.950,360.910
-443707.910,-1172333.160,360.890
-443707.670,-1172333.360,360.875
-443707.440,-1172333.550,360.860
-443707.200,-1172333.760,360.850
-443706.960,-1172333.960,360.840
-443706.710,-1172334.160,360.825
-443706.470,-1172334.370,360.810
-443706.230,-1172334.560,360.800
-443705.980,-1172334.770,360.780
-443705.750,-1172334.970,360.770
-443705.490,-1172335.190,360.760
-443705.230,-1172335.400,360.760
-443720.870,-1172321.680,358.505
-443720.640,-1172321.880,358.370
-443720.380,-1172322.090,358.250
-443720.130,-1172322.300,358.120
-443719.870,-1172322.520,357.970
-443719.620,-1172322.730,357.860
-443719.370,-1172322.940,357.740
-443719.130,-1172323.140,357.605
-443718.890,-1172323.340,357.520
-443718.650,-1172323.550,357.360
-443718.400,-1172323.750,357.240
-443718.140,-1172323.970,357.140
-443717.900,-1172324.170,357.020
-443717.650,-1172324.380,357.055
-443717.390,-1172324.600,357.070
-443716.940,-1172324.970,360.580
-443716.690,-1172325.180,360.580
-443716.460,-1172325.380,360.580
-443716.200,-1172325.590,360.560
-443715.960,-1172325.790,360.550
-443715.730,-1172325.990,360.550
-443715.500,-1172326.190,360.560
-443715.250,-1172326.390,360.560
-443715.010,-1172326.590,360.610
-443714.540,-1172326.990,360.785
-443714.280,-1172327.200,360.810
-443717.410,-1172326.130,356.090
-443716.960,-1172326.510,360.380
-443716.720,-1172326.710,360.410
-443715.760,-1172327.520,360.700
-443715.260,-1172327.940,360.750
-443715.010,-1172328.140,360.770
-443714.760,-1172328.350,360.780
-443714.500,-1172328.580,360.790
-443714.260,-1172328.770,360.800
-443714.020,-1172328.970,360.820
-443713.780,-1172329.180,360.830
-443713.530,-1172329.390,360.840
-443713.300,-1172329.580,360.850
-443713.060,-1172329.770,360.860
-443712.820,-1172329.980,360.870
-443712.580,-1172330.180,360.890
-443712.330,-1172330.390,360.900
-443711.850,-1172330.790,360.960
-443711.600,-1172331.000,360.980
-443711.370,-1172331.190,360.990
-443711.120,-1172331.400,361.000
-443710.390,-1172332.010,361.030
-443710.140,-1172332.230,361.030
-443709.870,-1172332.450,361.030
-443709.630,-1172332.650,361.010
-443709.380,-1172332.860,361.000
-443709.120,-1172333.080,360.985
-443708.660,-1172333.460,360.930
-443708.420,-1172333.660,360.920
-443708.160,-1172333.880,360.910
-443707.680,-1172334.280,360.870
-443707.420,-1172334.500,360.860
-443707.150,-1172334.720,360.850
-443706.910,-1172334.920,360.830
-443706.670,-1172335.120,360.810
-443706.420,-1172335.340,360.800
-443706.180,-1172335.540,360.790
-443705.930,-1172335.740,360.770
-443705.690,-1172335.940,360.760
-443705.440,-1172336.150,360.750
-443705.200,-1172336.360,360.750
-443720.890,-1172322.730,357.770
-443720.630,-1172322.940,357.645
-443720.400,-1172323.140,357.530
-443720.160,-1172323.340,357.390
-443719.900,-1172323.550,357.260
-443719.660,-1172323.760,357.155
-443719.400,-1172323.970,357.000
-443719.150,-1172324.190,356.870
-443718.920,-1172324.380,356.780
-443718.680,-1172324.580,356.650
-443718.430,-1172324.790,356.500
-443718.160,-1172325.010,356.370
-443717.910,-1172325.220,356.280
-443717.650,-1172325.440,356.270
-443717.400,-1172325.650,356.310
-443716.980,-1172326.000,360.455
-443716.750,-1172326.200,360.470
-443716.500,-1172326.410,360.470
-443716.240,-1172326.620,360.480
-443716.000,-1172326.820,360.485
-443715.750,-1172327.040,360.585
-443715.500,-1172327.240,360.720
-443715.250,-1172327.450,360.750
-443715.020,-1172327.640,360.770
-443714.760,-1172327.860,360.780
-443714.530,-1172328.050,360.790
-443714.270,-1172328.270,360.800
-443714.040,-1172328.470,360.810
-443713.790,-1172328.670,360.820
-443713.560,-1172328.870,360.840
-443713.320,-1172329.070,360.850
-443713.080,-1172329.270,360.850
-443712.830,-1172329.480,360.870
-443712.600,-1172329.670,360.880
-443712.350,-1172329.880,360.890
-443712.110,-1172330.080,360.910
-443711.850,-1172330.300,360.930
-443711.130,-1172330.900,360.990
-443710.870,-1172331.110,361.005
-443710.630,-1172331.320,361.020
-443710.130,-1172331.740,361.030
-443709.870,-1172331.960,361.020
-443709.390,-1172332.350,361.000
-443709.150,-1172332.560,360.990
-443708.900,-1172332.770,360.970
-443708.650,-1172332.980,360.940
-443708.410,-1172333.180,360.920
-443708.160,-1172333.390,360.910
-443707.900,-1172333.600,360.880
-443707.660,-1172333.810,360.870
-443715.070,-1172328.870,360.760
-443714.830,-1172329.070,360.775
-443714.100,-1172329.680,360.810
-443713.860,-1172329.880,360.830
-443713.610,-1172330.090,360.840
-443713.120,-1172330.500,360.860
-443712.870,-1172330.710,360.880
-443712.600,-1172330.940,360.900
-443712.360,-1172331.140,360.920
-443712.130,-1172331.330,360.950
-443711.890,-1172331.530,360.970
-443711.390,-1172331.950,361.000
-443711.150,-1172332.150,361.010
-443710.910,-1172332.350,361.020
-443710.670,-1172332.550,361.030
-443710.440,-1172332.740,361.040
-443710.190,-1172332.950,361.035
-443709.700,-1172333.360,361.010
-443709.460,-1172333.560,361.000
-443709.220,-1172333.770,360.980
-443708.960,-1172333.980,360.960
-443708.480,-1172334.390,360.930
-443708.240,-1172334.580,360.910
-443707.970,-1172334.810,360.900
-443706.500,-1172336.040,360.800
-443706.250,-1172336.250,360.790
-443706.000,-1172336.460,360.775
-443705.750,-1172336.670,360.760
-443705.520,-1172336.870,360.760
-443721.060,-1172323.330,357.360
-443720.800,-1172323.550,357.210
-443720.560,-1172323.750,357.100
-443720.310,-1172323.960,356.970
-443720.080,-1172324.160,356.830
-443719.810,-1172324.380,356.680
-443719.580,-1172324.580,356.580
-443719.340,-1172324.770,356.425
-443719.100,-1172324.970,356.360
-443718.860,-1172325.170,356.260
-443718.600,-1172325.390,356.090
-443718.370,-1172325.590,355.960
-443718.120,-1172325.790,355.840
-443717.870,-1172326.010,355.785
-443716.940,-1172326.780,358.030
-443715.710,-1172327.810,360.720
-443715.460,-1172328.020,360.740
-443715.220,-1172328.230,360.760
-443714.990,-1172328.420,360.770
-443714.750,-1172328.620,360.780
-443714.500,-1172328.830,360.790
-443714.240,-1172329.040,360.800
-443713.760,-1172329.450,360.830
-443713.510,-1172329.660,360.840
-443713.240,-1172329.880,360.850
-443713.020,-1172330.070,360.860
-443712.760,-1172330.280,360.880
-443712.520,-1172330.480,360.890
-443712.270,-1172330.700,360.910
-443712.030,-1172330.890,360.940
-443711.800,-1172331.090,360.970
-443711.330,-1172331.480,361.000
-443711.070,-1172331.700,361.010
-443710.830,-1172331.900,361.020
-443710.590,-1172332.100,361.030
-443710.340,-1172332.310,361.030
-443710.110,-1172332.500,361.030
-443709.860,-1172332.720,361.030
-443709.600,-1172332.930,361.010
-443709.370,-1172333.130,360.990
-443709.130,-1172333.330,360.980
-443708.880,-1172333.540,360.960
-443708.370,-1172333.960,360.915
-443707.630,-1172334.580,360.870
-443707.390,-1172334.780,360.860
-443707.150,-1172334.980,360.840
-443706.900,-1172335.190,360.820
-443706.140,-1172335.820,360.780
-443705.900,-1172336.030,360.760
-443705.650,-1172336.240,360.760
-443705.410,-1172336.440,360.750
-443720.850,-1172323.260,357.385
-443720.610,-1172323.450,357.280
-443720.380,-1172323.650,357.170
-443720.130,-1172323.860,357.055
-443719.870,-1172324.070,356.920
-443719.630,-1172324.270,356.790
-443719.400,-1172324.470,356.650
-443719.140,-1172324.690,356.540
-443718.900,-1172324.890,356.435
-443718.650,-1172325.090,356.320
-443718.410,-1172325.300,356.180
-443718.150,-1172325.510,356.020
-443717.910,-1172325.720,355.965
-443717.670,-1172325.920,355.930
-443713.300,-1172331.190,360.860
-443713.060,-1172331.390,360.885
-443712.070,-1172332.220,360.970
-443711.830,-1172332.420,360.980
-443711.580,-1172332.630,360.980
-443711.100,-1172333.030,361.010
-443710.830,-1172333.250,361.020
-443710.590,-1172333.460,361.030
-443710.350,-1172333.660,361.030
-443710.100,-1172333.870,361.020
-443709.830,-1172334.090,361.010
-443709.610,-1172334.280,361.000
-443709.360,-1172334.490,360.980
-443709.110,-1172334.700,360.960
-443708.880,-1172334.890,360.950
-443708.650,-1172335.080,360.940
-443708.410,-1172335.280,360.930
-443708.150,-1172335.500,360.910
-443707.910,-1172335.710,360.890
-443707.680,-1172335.900,360.880
-443707.420,-1172336.120,360.860
-443707.170,-1172336.320,360.850
-443706.930,-1172336.530,360.840
-443706.430,-1172336.940,360.820
-443706.200,-1172337.140,360.810
-443705.960,-1172337.340,360.800
-443705.700,-1172337.550,360.785
-443705.430,-1172337.780,360.770
-443720.930,-1172324.350,356.625
-443720.690,-1172324.550,356.540
-443720.450,-1172324.750,356.370
-443720.210,-1172324.950,356.250
-443719.960,-1172325.160,356.140
-443719.700,-1172325.370,356.010
-443719.460,-1172325.580,355.895
-443719.210,-1172325.790,355.750
-443718.950,-1172326.000,355.660
-443715.860,-1172328.600,360.720
-443715.630,-1172328.790,360.740
-443715.370,-1172329.010,360.750
-443715.120,-1172329.220,360.760
-443714.880,-1172329.410,360.770
-443714.640,-1172329.620,360.780
-443714.400,-1172329.820,360.800
-443714.140,-1172330.040,360.810
-443713.640,-1172330.460,360.850
-443712.910,-1172331.070,360.890
-443712.680,-1172331.260,360.900
-443712.430,-1172331.470,360.930
-443712.180,-1172331.670,360.960
-443711.940,-1172331.880,360.970
-443711.680,-1172332.100,360.990
-443711.430,-1172332.310,361.000
-443711.180,-1172332.520,361.010
-443710.940,-1172332.720,361.020
-443710.690,-1172332.930,361.030
-443710.450,-1172333.130,361.030
-443710.200,-1172333.340,361.030
-443709.960,-1172333.540,361.020
-443709.720,-1172333.730,361.010
-443709.480,-1172333.940,360.990
-443709.240,-1172334.140,360.980
-443708.990,-1172334.350,360.960
-443708.750,-1172334.550,360.940
-443708.520,-1172334.740,360.930
-443708.260,-1172334.960,360.920
-443708.030,-1172335.150,360.900
-443707.780,-1172335.360,360.880
-443707.280,-1172335.780,360.850
-443707.050,-1172335.970,360.830
-443706.790,-1172336.190,360.820
-443706.540,-1172336.400,360.800
-443706.290,-1172336.610,360.790
-443706.040,-1172336.820,360.780
-443705.780,-1172337.040,360.780
-443705.540,-1172337.240,360.760
-443705.310,-1172337.430,360.760
-443720.910,-1172323.980,356.915
-443720.660,-1172324.180,356.825
-443720.410,-1172324.390,356.685
-443720.170,-1172324.600,356.540
-443719.900,-1172324.820,356.400
-443719.660,-1172325.020,356.275
-443719.400,-1172325.240,356.140
-443719.180,-1172325.420,356.010
-443718.910,-1172325.650,355.855
-443718.670,-1172325.850,355.740
-443715.830,-1172328.230,360.720
-443715.590,-1172328.430,360.740
-443715.320,-1172328.650,360.750
-443715.280,-1172330.460,360.760
-443715.040,-1172330.660,360.770
-443714.780,-1172330.880,360.790
-443714.550,-1172331.070,360.800
-443714.320,-1172331.260,360.810
-443714.080,-1172331.460,360.830
-443713.820,-1172331.680,360.840
-443713.590,-1172331.880,360.850
-443713.370,-1172332.060,360.860
-443713.110,-1172332.280,360.870
-443712.860,-1172332.480,360.890
-443712.610,-1172332.700,360.900
-443712.370,-1172332.900,360.925
-443711.890,-1172333.300,360.950
-443711.640,-1172333.510,360.970
-443711.390,-1172333.720,360.990
-443710.880,-1172334.140,361.020
-443710.150,-1172334.760,361.020
-443709.920,-1172334.950,361.015
-443709.670,-1172335.160,361.000
-443709.400,-1172335.380,360.980
-443708.920,-1172335.790,360.950
-443708.670,-1172335.990,360.940
-443708.410,-1172336.210,360.930
-443708.170,-1172336.410,360.910
-443707.930,-1172336.610,360.900
-443707.690,-1172336.810,360.890
-443707.420,-1172337.040,360.890
-443707.200,-1172337.230,360.890
-443706.970,-1172337.420,360.890
-443706.720,-1172337.630,360.920
-443706.480,-1172337.830,360.955
-443721.070,-1172324.990,356.135
-443720.810,-1172325.210,356.015
-443720.560,-1172325.420,355.890
-443720.090,-1172325.820,355.650
-443715.950,-1172329.290,360.720
-443715.700,-1172329.500,360.735
-443715.460,-1172329.700,360.750
-443715.230,-1172329.890,360.760
-443714.990,-1172330.090,360.770
-443714.750,-1172330.290,360.780
-443714.500,-1172330.500,360.800
-443714.030,-1172330.890,360.830
-443713.780,-1172331.110,360.840
-443713.540,-1172331.310,360.850
-443713.280,-1172331.520,360.870
-443712.560,-1172332.130,360.920
-443712.300,-1172332.340,360.940
-443711.550,-1172332.980,360.980
-443711.300,-1172333.180,361.000
-443710.830,-1172333.580,361.020
-443710.590,-1172333.780,361.030
-443710.340,-1172333.990,361.030
-443710.080,-1172334.210,361.020
-443709.590,-1172334.620,361.000
-443709.340,-1172334.820,360.980
-443709.090,-1172335.030,360.970
-443708.850,-1172335.230,360.950
-443708.600,-1172335.440,360.940
-443708.360,-1172335.640,360.930
-443708.100,-1172335.860,360.910
-443707.870,-1172336.050,360.890
-443707.630,-1172336.260,360.880
-443707.390,-1172336.450,360.870
-443707.150,-1172336.660,360.860
-443706.900,-1172336.860,360.860
-443706.660,-1172337.060,360.845
-443706.420,-1172337.270,360.830
-443706.180,-1172337.470,360.820
-443705.940,-1172337.670,360.810
-443721.100,-1172324.650,356.370
-443720.830,-1172324.880,356.230
-443720.580,-1172325.090,356.105
-443720.330,-1172325.300,355.985
-443720.080,-1172325.510,355.880
-443719.830,-1172325.720,355.715
-443715.750,-1172329.140,360.740
-443715.250,-1172329.560,360.755
-443715.020,-1172329.750,360.760
-443714.790,-1172329.940,360.770
-443714.530,-1172330.160,360.790
-443714.280,-1172330.370,360.810
-443714.050,-1172330.560,360.820
-443713.810,-1172330.770,360.840
-443713.540,-1172330.990,360.850
-443715.970,-1172330.790,360.740
-443715.730,-1172330.990,360.750
-443715.490,-1172331.190,360.760
-443715.250,-1172331.390,360.770
-443714.750,-1172331.810,360.800
-443714.500,-1172332.020,360.810
-443714.260,-1172332.230,360.820
-443713.990,-1172332.440,360.830
-443713.750,-1172332.650,360.840
-443713.510,-1172332.850,360.850
-443713.270,-1172333.050,360.870
-443713.010,-1172333.270,360.880
-443712.780,-1172333.460,360.890
-443712.550,-1172333.650,360.910
-443712.310,-1172333.860,360.940
-443712.060,-1172334.070,360.950
-443711.820,-1172334.270,360.960
-443711.580,-1172334.470,360.980
-443711.340,-1172334.670,361.000
-443711.080,-1172334.890,361.020
-443710.860,-1172335.070,361.040
-443710.610,-1172335.280,361.040
-443710.100,-1172335.700,361.020
-443709.880,-1172335.890,361.010
-443709.620,-1172336.110,360.990
-443709.360,-1172336.330,360.980
-443708.880,-1172336.730,360.970
-443708.610,-1172336.950,360.950
-443708.150,-1172337.340,360.965
-443707.910,-1172337.540,360.975
-443715.620,-1172330.600,360.760
-443715.370,-1172330.820,360.760
-443715.110,-1172331.030,360.770
-443714.880,-1172331.230,360.790
-443714.630,-1172331.440,360.810
-443714.390,-1172331.640,360.820
-443714.130,-1172331.850,360.830
-443713.900,-1172332.050,360.830
-443713.660,-1172332.250,360.850
-443713.410,-1172332.460,360.860
-443713.190,-1172332.640,360.870
-443712.930,-1172332.860,360.890
-443712.460,-1172333.250,360.910
-443712.210,-1172333.470,360.940
-443711.980,-1172333.660,360.950
-443711.730,-1172333.870,360.960
-443711.460,-1172334.090,360.990
-443711.230,-1172334.280,361.000
-443711.000,-1172334.480,361.020
-443710.740,-1172334.690,361.030
-443710.240,-1172335.110,361.030
-443709.990,-1172335.330,361.010
-443709.740,-1172335.540,361.000
-443709.490,-1172335.740,360.980
-443709.260,-1172335.940,360.970
-443709.020,-1172336.140,360.950
-443708.760,-1172336.350,360.940
-443708.520,-1172336.560,360.940
-443708.270,-1172336.760,360.930
-443708.030,-1172336.970,360.920
-443707.770,-1172337.180,360.925
-443707.520,-1172337.390,360.910
-443707.290,-1172337.590,360.930
-443707.030,-1172337.800,361.010
-443721.130,-1172325.560,355.700
-443716.010,-1172329.850,360.720
-443715.770,-1172330.050,360.730
-443715.510,-1172330.260,360.750
-443716.050,-1172331.560,360.730
-443715.800,-1172331.770,360.750
-443715.550,-1172331.970,360.760
-443715.050,-1172332.400,360.780
-443714.790,-1172332.610,360.790
-443714.070,-1172333.220,360.820
-443713.830,-1172333.420,360.830
-443713.590,-1172333.620,360.850
-443712.840,-1172334.250,360.900
-443712.600,-1172334.450,360.920
-443712.340,-1172334.660,360.940
-443712.100,-1172334.870,360.950
-443711.850,-1172335.070,360.970
-443711.610,-1172335.270,360.990
-443711.350,-1172335.490,361.020
-443711.120,-1172335.690,361.020
-443710.890,-1172335.880,361.035
-443710.650,-1172336.080,361.040
-443710.400,-1172336.290,361.040
-443710.160,-1172336.500,361.040
-443709.930,-1172336.690,361.030
-443709.680,-1172336.890,361.020
-443709.430,-1172337.110,361.030
-443709.190,-1172337.300,361.015
-443708.950,-1172337.500,361.040
-443715.940,-1172331.080,360.740
-443715.690,-1172331.290,360.750
-443715.440,-1172331.510,360.760
-443714.950,-1172331.910,360.790
-443714.710,-1172332.120,360.800
-443714.470,-1172332.310,360.810
-443714.230,-1172332.520,360.820
-443713.480,-1172333.140,360.850
-443713.240,-1172333.350,360.870
-443712.970,-1172333.570,360.890
-443712.740,-1172333.770,360.900
-443712.490,-1172333.970,360.930
-443712.250,-1172334.170,360.940
-443712.000,-1172334.390,360.950
-443711.770,-1172334.580,360.970
-443711.530,-1172334.780,360.990
-443711.290,-1172334.980,361.010
-443711.050,-1172335.180,361.030
-443710.800,-1172335.390,361.040
-443710.320,-1172335.790,361.030
-443710.070,-1172336.010,361.020
-443709.830,-1172336.200,361.000
-443709.590,-1172336.410,361.000
-443709.090,-1172336.830,360.980
-443708.860,-1172337.020,360.970
-443708.600,-1172337.230,360.960
-443716.350,-1172332.560,360.720
-443716.110,-1172332.760,360.740
-443715.860,-1172332.970,360.750
-443715.620,-1172333.170,360.750
-443715.390,-1172333.360,360.770
-443715.150,-1172333.570,360.770
-443714.910,-1172333.760,360.780
-443714.670,-1172333.970,360.790
-443714.420,-1172334.180,360.810
-443714.180,-1172334.370,360.815
-443713.930,-1172334.590,360.830
-443713.700,-1172334.780,360.850
-443713.450,-1172334.990,360.870
-443713.200,-1172335.200,360.890
-443712.960,-1172335.400,360.900
-443712.730,-1172335.590,360.920
-443712.470,-1172335.810,360.940
-443711.710,-1172336.450,361.030
-443711.000,-1172337.050,361.060
-443710.750,-1172337.250,361.070
-443716.160,-1172332.360,360.740
-443715.920,-1172332.560,360.750
-443715.680,-1172332.760,360.750
-443715.450,-1172332.960,360.760
-443715.200,-1172333.170,360.770
-443714.950,-1172333.370,360.780
-443714.720,-1172333.560,360.790
-443714.460,-1172333.790,360.810
-443713.970,-1172334.190,360.830
-443713.740,-1172334.390,360.840
-443713.480,-1172334.610,360.860
-443713.220,-1172334.820,360.880
-443712.980,-1172335.020,360.900
-443712.730,-1172335.240,360.910
-443712.010,-1172335.840,360.980
-443711.760,-1172336.050,361.000
-443711.510,-1172336.260,361.030
-443710.760,-1172336.880,361.060
-443710.510,-1172337.100,361.060
-443710.270,-1172337.300,361.060
-443716.170,-1172331.820,360.730
-443715.930,-1172332.020,360.750
-443715.680,-1172332.230,360.760
-443715.440,-1172332.430,360.765
-443715.190,-1172332.640,360.770
-443714.700,-1172333.050,360.790
-443714.470,-1172333.250,360.810
-443714.200,-1172333.470,360.820
-443713.950,-1172333.680,360.830
-443712.960,-1172334.510,360.900
-443712.720,-1172334.710,360.910
-443712.490,-1172334.900,360.930
-443712.230,-1172335.120,360.950
-443711.980,-1172335.330,360.970
-443711.490,-1172335.740,361.020
-443711.240,-1172335.950,361.030
-443710.990,-1172336.160,361.040
-443710.750,-1172336.360,361.040
-443710.500,-1172336.570,361.050
-443710.260,-1172336.770,361.050
-443710.000,-1172336.990,361.050
-443709.770,-1172337.190,361.045
-443709.540,-1172337.380,361.045
-443715.410,-1172335.630,360.780
-443714.940,-1172336.020,360.820
-443714.710,-1172336.220,360.830
-443714.190,-1172336.650,360.850
-443713.950,-1172336.860,360.850
-443716.360,-1172334.320,360.730
-443716.120,-1172334.520,360.740
-443715.880,-1172334.730,360.750
-443715.110,-1172335.370,360.780
-443714.860,-1172335.580,360.800
-443714.630,-1172335.780,360.830
-443714.390,-1172335.980,360.850
-443714.160,-1172336.170,360.870
-443713.900,-1172336.390,360.880
-443713.660,-1172336.590,360.890
-443713.420,-1172336.790,360.890
-443716.430,-1172334.020,360.730
-443715.940,-1172334.430,360.740
-443715.710,-1172334.620,360.750
-443715.470,-1172334.830,360.760
-443715.210,-1172335.040,360.770
-443714.470,-1172335.660,360.830
-443714.220,-1172335.880,360.850
-443713.980,-1172336.080,360.880
-443713.740,-1172336.280,360.890
-443713.480,-1172336.500,360.890
-443713.240,-1172336.690,360.895
-443713.000,-1172336.890,360.890
-443716.280,-1172333.660,360.730
-443716.030,-1172333.870,360.740
-443715.290,-1172334.500,360.770
-443715.040,-1172334.700,360.780
-443714.780,-1172334.920,360.790
-443714.540,-1172335.130,360.810
-443714.300,-1172335.330,360.825
-443714.050,-1172335.530,360.840
-443713.810,-1172335.740,360.870
-443713.560,-1172335.940,360.890
-443713.330,-1172336.130,360.910
-443713.100,-1172336.330,360.920
-443712.860,-1172336.530,360.930
-443712.610,-1172336.740,360.950
-443712.370,-1172336.940,360.950
-443716.400,-1172333.150,360.710
-443716.140,-1172333.370,360.730
-443715.890,-1172333.580,360.750
-443715.670,-1172333.760,360.750
-443715.400,-1172333.990,360.770
-443715.160,-1172334.190,360.780
-443714.920,-1172334.390,360.780
-443714.680,-1172334.590,360.800
-443714.430,-1172334.800,360.810
-443714.210,-1172334.990,360.820
-443713.980,-1172335.180,360.835
-443713.730,-1172335.390,360.850
-443713.480,-1172335.600,360.880
-443713.240,-1172335.800,360.890
-443712.990,-1172336.010,360.910
-443712.750,-1172336.210,360.940
-443712.500,-1172336.420,360.960
-443712.250,-1172336.630,360.980
-443712.020,-1172336.820,361.000
-443711.780,-1172337.030,361.020
-443716.680,-1172336.420,360.750
-443716.420,-1172335.980,360.750
-443716.180,-1172336.180,360.760
-443715.950,-1172336.380,360.780
-443715.710,-1172336.570,360.820
-443715.440,-1172336.800,360.885
-443716.400,-1172335.610,360.740
-443716.160,-1172335.810,360.750
-443715.930,-1172336.000,360.770
-443715.700,-1172336.190,360.780
-443715.450,-1172336.410,360.810
-443715.200,-1172336.610,360.850
-443716.470,-1172335.070,360.720
-443716.230,-1172335.270,360.740
-443715.980,-1172335.490,360.750
-443715.740,-1172335.690,360.770
-443715.500,-1172335.890,360.780
-443715.250,-1172336.100,360.810
-443715.020,-1172336.290,360.825
-443714.770,-1172336.500,360.840
-443714.520,-1172336.710,360.840
-443716.410,-1172334.790,360.730
-443716.150,-1172335.000,360.740
-443715.920,-1172335.200,360.740
-443715.670,-1172335.410,360.760
-443721.620,-1172314.990,357.455
-443721.510,-1172315.260,357.485
-443721.890,-1172315.110,355.810
-443722.670,-1172314.950,355.370
-443722.550,-1172315.230,355.535
-443722.390,-1172314.970,355.470
-443722.300,-1172315.200,355.580
-443723.150,-1172314.980,355.365
-443723.040,-1172315.250,355.500
-443724.080,-1172314.790,355.360
-443723.950,-1172315.100,355.480
-443723.530,-1172314.930,355.410
-443723.420,-1172315.200,355.500
-443724.420,-1172314.740,355.350
-443724.310,-1172315.020,355.445
-443724.200,-1172315.280,355.600
-443725.390,-1172314.770,355.400
-443725.280,-1172315.030,355.520
-443725.000,-1172314.800,355.400
-443724.890,-1172315.070,355.500
-443725.800,-1172314.750,355.445
-443725.700,-1172314.990,355.540
-443726.020,-1172314.770,355.510
-443725.920,-1172315.030,355.540
-443721.860,-1172326.060,355.260
-443721.660,-1172326.550,355.050
-443722.720,-1172325.880,355.340
-443722.510,-1172326.390,355.050
-443722.330,-1172326.830,354.860
-443722.140,-1172326.130,355.220
-443721.940,-1172326.620,354.990
-443721.740,-1172327.080,354.850
-443721.710,-1172327.170,354.820
-443722.900,-1172326.070,355.220
-443722.730,-1172326.490,354.990
-443722.520,-1172326.990,354.805
-443723.700,-1172326.020,355.210
-443723.500,-1172326.510,354.950
-443723.310,-1172326.960,354.790
-443723.430,-1172326.040,355.210
-443723.240,-1172326.490,354.985
-443723.030,-1172326.990,354.790
-443724.250,-1172325.850,355.280
-443724.050,-1172326.340,355.000
-443723.840,-1172326.840,354.795
-443724.210,-1172325.650,355.430
-443723.990,-1172326.170,355.080
-443723.790,-1172326.650,354.875
-443724.810,-1172325.640,355.380
-443724.590,-1172326.170,355.095
-443724.390,-1172326.640,354.870
-443725.010,-1172325.780,355.350
-443724.810,-1172326.280,355.080
-443724.580,-1172326.830,354.800
-443725.600,-1172325.830,355.365
-443725.530,-1172325.500,355.470
-443725.340,-1172325.960,355.255
-443725.120,-1172326.470,354.980
-443726.200,-1172325.680,355.400
-443726.320,-1172326.070,355.280
-443726.990,-1172325.510,355.425
-443727.650,-1172325.290,355.405
-443727.470,-1172325.730,355.375
-443721.340,-1172326.150,355.270
-443721.180,-1172326.550,355.110
-443721.140,-1172326.630,355.070
-443720.950,-1172327.090,354.930
-443721.470,-1172327.000,354.870
-443720.290,-1172326.270,355.350
-443720.530,-1172326.570,355.200
-443721.080,-1172326.230,355.225
-443720.900,-1172326.660,355.100
-443718.470,-1172326.380,355.500
-443718.290,-1172326.830,355.340
-443718.710,-1172326.670,355.360
-443719.210,-1172326.640,355.340
-443719.600,-1172326.470,355.360
-443717.710,-1172326.380,355.700
-443717.550,-1172326.770,355.600
-443717.840,-1172326.710,355.500
-443727.450,-1172324.720,355.650
-443727.250,-1172325.190,355.480
-443727.080,-1172325.600,355.410
-443727.380,-1172324.580,355.765
-443727.200,-1172325.000,355.560
-443727.300,-1172323.710,356.360
-443727.130,-1172324.140,356.090
-443726.940,-1172324.600,355.815
-443726.540,-1172325.560,355.435
-443727.340,-1172321.660,357.780
-443727.190,-1172322.030,357.710
-443726.990,-1172322.490,357.510
-443726.800,-1172322.960,357.090
-443726.590,-1172323.460,356.780
-443726.390,-1172323.930,356.475
-443726.190,-1172324.430,356.130
-443726.000,-1172324.860,355.850
-443725.790,-1172325.380,355.540
-443727.170,-1172323.340,356.760
-443726.970,-1172323.810,356.410
-443726.760,-1172324.330,356.040
-443726.590,-1172324.730,355.850
-443726.390,-1172325.220,355.590
-443725.410,-1172324.180,356.390
-443725.200,-1172324.700,356.050
-443725.170,-1172324.770,356.010
-443724.980,-1172325.230,355.655
-443727.150,-1172320.630,357.880
-443727.030,-1172320.940,357.915
-443726.890,-1172321.250,357.930
-443726.590,-1172321.990,357.810
-443726.570,-1172322.050,357.750
-443726.400,-1172322.450,357.590
-443726.190,-1172322.960,357.180
-443725.970,-1172323.470,356.820
-443725.790,-1172323.920,356.520
-443725.600,-1172324.380,356.240
-443725.400,-1172324.860,355.890
-443727.230,-1172321.390,357.870
-443727.100,-1172321.710,357.820
-443726.930,-1172322.120,357.700
-443726.760,-1172322.530,357.495
-443726.560,-1172323.020,357.080
-443726.340,-1172323.540,356.730
-443726.150,-1172324.000,356.440
-443725.950,-1172324.480,356.100
-443725.720,-1172325.030,355.730
-443725.380,-1172322.830,357.325
-443725.180,-1172323.290,357.040
-443724.970,-1172323.810,356.670
-443724.790,-1172324.250,356.390
-443724.600,-1172324.700,356.060
-443724.400,-1172325.190,355.730
-443726.950,-1172319.330,357.930
-443726.820,-1172319.660,357.960
-443726.700,-1172319.960,357.980
-443726.570,-1172320.280,358.060
-443726.440,-1172320.600,358.150
-443726.310,-1172320.900,358.190
-443726.200,-1172321.180,358.170
-443726.030,-1172321.570,358.100
-443725.830,-1172322.050,357.870
-443725.640,-1172322.530,357.520
-443725.450,-1172322.970,357.255
-443725.250,-1172323.460,356.900
-443725.050,-1172323.940,356.595
-443724.850,-1172324.420,356.250
-443724.650,-1172324.910,355.920
-443724.450,-1172325.380,355.600
-443727.090,-1172320.130,357.890
-443726.960,-1172320.440,357.930
-443726.840,-1172320.750,357.960
-443726.710,-1172321.050,357.985
-443726.580,-1172321.380,357.960
-443726.410,-1172321.790,357.910
-443726.210,-1172322.270,357.690
-443725.990,-1172322.790,357.320
-443725.770,-1172323.320,356.985
-443725.600,-1172323.730,356.680
-443726.840,-1172318.410,357.840
-443726.720,-1172318.720,357.920
-443726.590,-1172319.040,357.970
-443726.460,-1172319.340,358.030
-443726.340,-1172319.640,358.140
-443726.220,-1172319.930,358.230
-443726.090,-1172320.250,358.350
-443725.950,-1172320.580,358.430
-443725.830,-1172320.880,358.410
-443725.670,-1172321.260,358.330
-443725.480,-1172321.730,358.130
-443725.270,-1172322.230,357.785
-443725.060,-1172322.730,357.460
-443724.870,-1172323.200,357.160
-443724.680,-1172323.650,356.800
-443724.490,-1172324.120,356.475
-443724.280,-1172324.620,356.105
-443724.100,-1172325.060,355.870
-443723.900,-1172325.540,355.480
-443726.900,-1172319.130,357.920
-443726.770,-1172319.460,357.970
-443726.640,-1172319.760,358.020
-443726.510,-1172320.090,358.080
-443726.380,-1172320.400,358.160
-443726.250,-1172320.720,358.240
-443726.140,-1172320.990,358.270
-443725.950,-1172321.440,358.160
-443725.760,-1172321.900,357.940
-443725.550,-1172322.410,357.620
-443726.630,-1172317.050,356.910
-443726.520,-1172317.300,357.115
-443726.420,-1172317.570,357.335
-443726.300,-1172317.850,357.570
-443726.200,-1172318.110,357.740
-443726.090,-1172318.370,357.870
-443725.970,-1172318.660,358.000
-443725.860,-1172318.930,358.120
-443725.750,-1172319.210,358.275
-443725.630,-1172319.490,358.380
-443725.510,-1172319.780,358.530
-443725.400,-1172320.060,358.650
-443725.270,-1172320.370,358.700
-443725.110,-1172320.750,358.700
-443724.920,-1172321.210,358.555
-443724.730,-1172321.680,358.335
-443724.540,-1172322.140,358.105
-443723.740,-1172324.070,356.575
-443723.530,-1172324.560,356.250
-443723.350,-1172325.010,355.970
-443723.140,-1172325.500,355.620
-443726.720,-1172318.060,357.700
-443726.610,-1172318.330,357.840
-443726.510,-1172318.590,357.900
-443726.390,-1172318.890,357.970
-443726.260,-1172319.200,358.080
-443726.130,-1172319.520,358.170
-443726.000,-1172319.830,358.320
-443725.860,-1172320.160,358.490
-443725.740,-1172320.450,358.520
-443725.610,-1172320.770,358.520
-443725.430,-1172321.220,358.425
-443725.210,-1172321.740,358.190
-443725.030,-1172322.190,357.900
-443724.830,-1172322.650,357.560
-443724.650,-1172323.090,357.260
-443724.440,-1172323.600,356.870
-443724.210,-1172324.140,356.505
-443724.020,-1172324.620,356.200
-443723.820,-1172325.080,355.865
-443723.630,-1172325.560,355.480
-443726.610,-1172316.430,356.535
-443726.520,-1172316.670,356.710
-443726.400,-1172316.970,356.880
-443726.280,-1172317.250,357.060
-443726.170,-1172317.520,357.250
-443726.070,-1172317.770,357.460
-443725.960,-1172318.050,357.660
-443725.840,-1172318.330,357.840
-443725.740,-1172318.570,357.990
-443725.630,-1172318.850,358.150
-443725.510,-1172319.130,358.320
-443725.400,-1172319.410,358.405
-443725.300,-1172319.650,358.550
-443725.190,-1172319.930,358.670
-443725.060,-1172320.240,358.760
-443724.900,-1172320.620,358.790
-443724.720,-1172321.060,358.700
-443724.530,-1172321.520,358.430
-443724.330,-1172322.000,358.200
-443723.700,-1172323.520,356.970
-443723.500,-1172324.000,356.600
-443723.320,-1172324.440,356.365
-443723.120,-1172324.920,356.000
-443722.910,-1172325.430,355.670
-443723.060,-1172323.180,357.280
-443722.860,-1172323.650,356.975
-443722.660,-1172324.120,356.650
-443722.430,-1172324.690,356.220
-443722.250,-1172325.110,355.940
-443722.070,-1172325.560,355.650
-443726.380,-1172315.820,356.100
-443726.280,-1172316.080,356.310
-443726.170,-1172316.350,356.460
-443726.050,-1172316.640,356.670
-443725.830,-1172317.190,357.030
-443725.710,-1172317.470,357.220
-443725.600,-1172317.740,357.395
-443725.490,-1172318.010,357.550
-443725.380,-1172318.290,357.790
-443725.150,-1172318.840,358.140
-443725.050,-1172319.090,358.330
-443724.940,-1172319.370,358.510
-443724.830,-1172319.630,358.625
-443724.720,-1172319.900,358.790
-443724.610,-1172320.170,358.855
-443724.500,-1172320.430,358.880
-443723.950,-1172321.750,358.410
-443723.740,-1172322.270,358.090
-443723.550,-1172322.740,357.630
-443723.340,-1172323.240,357.240
-443722.930,-1172324.210,356.545
-443722.750,-1172324.660,356.230
-443722.530,-1172325.190,355.880
-443722.330,-1172325.670,355.530
-443724.670,-1172318.080,357.550
-443724.570,-1172318.340,357.700
-443724.460,-1172318.600,357.900
-443724.350,-1172318.870,358.085
-443724.240,-1172319.150,358.285
-443724.130,-1172319.420,358.470
-443724.020,-1172319.690,358.620
-443723.900,-1172319.970,358.850
-443723.790,-1172320.250,358.900
-443723.670,-1172320.530,358.930
-443723.500,-1172320.950,358.900
-443723.310,-1172321.410,358.580
-443723.120,-1172321.880,358.240
-443722.920,-1172322.360,357.930
-443722.720,-1172322.840,357.580
-443722.530,-1172323.290,357.280
-443722.330,-1172323.760,356.910
-443722.140,-1172324.230,356.660
-443721.730,-1172325.220,355.910
-443721.550,-1172325.670,355.610
-443726.330,-1172315.190,355.620
-443726.210,-1172315.480,355.760
-443726.100,-1172315.750,355.940
-443725.990,-1172316.040,356.190
-443725.870,-1172316.310,356.415
-443725.770,-1172316.570,356.560
-443725.660,-1172316.830,356.750
-443725.550,-1172317.100,356.900
-443725.430,-1172317.400,357.120
-443725.320,-1172317.670,357.320
-443725.210,-1172317.940,357.485
-443725.100,-1172318.210,357.680
-443724.980,-1172318.490,357.870
-443724.870,-1172318.770,358.085
-443724.770,-1172319.030,358.295
-443724.640,-1172319.330,358.455
-443724.540,-1172319.590,358.620
-443724.440,-1172319.840,358.790
-443724.320,-1172320.130,358.880
-443724.200,-1172320.410,358.920
-443724.040,-1172320.800,358.880
-443723.840,-1172321.290,358.670
-443723.640,-1172321.770,358.360
-443723.450,-1172322.220,358.145
-443723.270,-1172322.670,357.680
-443725.590,-1172315.270,355.630
-443725.470,-1172315.550,355.810
-443725.360,-1172315.830,356.000
-443725.260,-1172316.070,356.115
-443725.150,-1172316.360,356.330
-443725.030,-1172316.640,356.530
-443724.920,-1172316.920,356.710
-443724.810,-1172317.180,356.870
-443724.690,-1172317.470,357.100
-443724.590,-1172317.730,357.290
-443724.480,-1172318.000,357.480
-443724.360,-1172318.280,357.680
-443724.240,-1172318.580,357.840
-443724.120,-1172318.870,358.090
-443724.020,-1172319.130,358.285
-443723.910,-1172319.390,358.440
-443723.800,-1172319.660,358.620
-443723.690,-1172319.930,358.845
-443723.580,-1172320.190,358.900
-443723.460,-1172320.500,358.940
-443723.290,-1172320.900,358.900
-443722.880,-1172321.890,358.240
-443722.670,-1172322.400,357.925
-443722.480,-1172322.870,357.580
-443722.260,-1172323.390,357.220
-443722.060,-1172323.880,356.865
-443721.880,-1172324.310,356.600
-443721.660,-1172324.830,356.170
-443721.500,-1172325.220,355.920
-443725.800,-1172315.320,355.690
-443725.700,-1172315.570,355.830
-443725.580,-1172315.860,356.030
-443725.460,-1172316.150,356.240
-443725.360,-1172316.390,356.380
-443725.250,-1172316.650,356.560
-443725.130,-1172316.950,356.760
-443725.020,-1172317.240,356.995
-443724.900,-1172317.520,357.160
-443724.780,-1172317.810,357.380
-443725.060,-1172315.580,355.755
-443724.950,-1172315.850,355.950
-443724.840,-1172316.120,356.120
-443724.730,-1172316.380,356.350
-443724.620,-1172316.650,356.500
-443724.510,-1172316.920,356.680
-443724.400,-1172317.180,356.870
-443724.280,-1172317.470,357.070
-443724.170,-1172317.760,357.290
-443724.070,-1172318.000,357.470
-443723.950,-1172318.300,357.685
-443723.840,-1172318.550,357.820
-443723.730,-1172318.820,358.000
-443723.620,-1172319.110,358.220
-443723.500,-1172319.390,358.400
-443723.390,-1172319.660,358.580
-443723.280,-1172319.930,358.790
-443723.160,-1172320.220,358.900
-443723.050,-1172320.490,358.920
-443722.920,-1172320.820,358.920
-443722.720,-1172321.300,358.680
-443722.500,-1172321.830,358.290
-443722.320,-1172322.270,357.990
-443722.130,-1172322.720,357.690
-443721.930,-1172323.210,357.340
-443721.720,-1172323.720,357.005
-443721.530,-1172324.180,356.740
-443723.300,-1172317.500,357.020
-443723.190,-1172317.780,357.215
-443723.080,-1172318.050,357.410
-443722.970,-1172318.310,357.585
-443722.860,-1172318.580,357.775
-443722.760,-1172318.830,357.960
-443722.650,-1172319.110,358.135
-443722.530,-1172319.380,358.330
-443722.420,-1172319.650,358.500
-443722.310,-1172319.930,358.730
-443722.200,-1172320.200,358.865
-443722.090,-1172320.460,358.900
-443721.400,-1172322.150,358.120
-443721.190,-1172322.640,357.790
-443724.780,-1172315.350,355.640
-443724.660,-1172315.630,355.810
-443724.550,-1172315.910,355.955
-443724.430,-1172316.190,356.210
-443724.330,-1172316.450,356.380
-443724.210,-1172316.730,356.550
-443724.100,-1172317.010,356.745
-443723.990,-1172317.270,356.890
-443723.890,-1172317.530,357.080
-443723.780,-1172317.800,357.280
-443723.660,-1172318.080,357.485
-443723.560,-1172318.330,357.660
-443723.450,-1172318.600,357.840
-443723.330,-1172318.890,358.060
-443723.230,-1172319.140,358.240
-443723.120,-1172319.410,358.400
-443723.000,-1172319.710,358.625
-443722.890,-1172319.980,358.825
-443722.780,-1172320.240,358.900
-443722.670,-1172320.520,358.920
-443722.480,-1172320.980,358.900
-443722.270,-1172321.490,358.520
-443722.090,-1172321.930,358.240
-443721.880,-1172322.430,357.910
-443721.690,-1172322.890,357.590
-443721.500,-1172323.340,357.320
-443721.300,-1172323.830,356.980
-443723.840,-1172315.380,355.610
-443723.730,-1172315.650,355.740
-443723.620,-1172315.920,355.915
-443723.510,-1172316.190,356.080
-443723.400,-1172316.450,356.290
-443723.290,-1172316.730,356.490
-443723.180,-1172317.010,356.655
-443723.060,-1172317.290,356.920
-443722.950,-1172317.560,357.155
-443722.840,-1172317.830,357.330
-443722.720,-1172318.130,357.530
-443722.610,-1172318.400,357.670
-443722.500,-1172318.670,357.840
-443722.400,-1172318.930,358.005
-443722.280,-1172319.220,358.185
-443722.160,-1172319.490,358.360
-443722.060,-1172319.750,358.540
-443721.960,-1172320.010,358.730
-443721.840,-1172320.280,358.890
-443724.090,-1172315.560,355.680
-443723.970,-1172315.850,355.890
-443723.870,-1172316.110,356.065
-443723.750,-1172316.400,356.260
-443723.640,-1172316.670,356.445
-443723.520,-1172316.960,356.660
-443723.410,-1172317.240,356.810
-443722.930,-1172315.530,355.670
-443722.820,-1172315.800,355.860
-443722.710,-1172316.060,356.065
-443722.600,-1172316.350,356.310
-443722.480,-1172316.630,356.620
-443722.380,-1172316.870,356.930
-443722.120,-1172317.540,357.490
-443721.980,-1172317.860,357.610
-443721.850,-1172318.190,357.745
-443721.710,-1172318.520,357.900
-443721.590,-1172318.830,358.030
-443721.480,-1172319.090,358.155
-443721.360,-1172319.380,358.315
-443721.250,-1172319.660,358.460
-443721.140,-1172319.940,358.590
-443721.030,-1172320.200,358.770
-443723.320,-1172315.450,355.620
-443723.210,-1172315.730,355.750
-443723.090,-1172316.010,355.940
-443722.980,-1172316.290,356.180
-443722.860,-1172316.580,356.420
-443722.750,-1172316.860,356.640
-443722.630,-1172317.140,356.975
-443722.530,-1172317.400,357.190
-443722.430,-1172317.640,357.400
-443722.330,-1172317.880,357.530
-443722.220,-1172318.170,357.630
-443722.090,-1172318.480,357.770
-443721.980,-1172318.760,357.940
-443721.860,-1172319.030,358.080
-443721.750,-1172319.320,358.200
-443721.630,-1172319.610,358.415
-443721.520,-1172319.880,358.580
-443721.410,-1172320.160,358.810
-443721.290,-1172320.440,358.860
-443721.180,-1172320.720,358.890
-443721.060,-1172321.010,358.865
-443722.180,-1172315.510,355.895
-443722.080,-1172315.750,356.300
-443721.960,-1172316.070,357.460
-443721.820,-1172316.390,357.560
-443721.710,-1172316.670,357.610
-443721.580,-1172317.000,357.730
-443721.440,-1172317.320,357.820
-443721.320,-1172317.630,357.890
-443721.200,-1172317.930,357.975
-443721.070,-1172318.230,358.080
-443720.930,-1172318.580,358.185
-443722.450,-1172315.480,355.745
-443722.340,-1172315.740,356.020
-443722.220,-1172316.040,356.430
-443722.120,-1172316.290,357.400
-443722.200,-1172316.120,356.510
-443722.080,-1172316.410,357.440
-443721.950,-1172316.720,357.530
-443721.820,-1172317.040,357.590
-443721.690,-1172317.360,357.680
-443721.570,-1172317.660,357.760
-443721.440,-1172317.970,357.865
-443721.300,-1172318.310,357.980
-443721.170,-1172318.630,358.115
-443721.050,-1172318.940,358.220
-443720.920,-1172319.250,358.370
-443720.880,-1172315.490,357.640
-443720.770,-1172315.780,357.735
-443720.650,-1172316.070,357.830
-443721.450,-1172315.420,357.540
-443721.340,-1172315.710,357.570
-443721.230,-1172315.980,357.645
-443721.100,-1172316.290,357.790
-443720.980,-1172316.590,357.890
-443720.850,-1172316.910,358.050
-443721.710,-1172315.590,357.470
-443721.590,-1172315.860,357.540
-443721.460,-1172316.190,357.640
-443721.340,-1172316.480,357.750
-443721.210,-1172316.800,357.870
-443721.090,-1172317.100,357.970
-443720.960,-1172317.420,358.060
-443720.840,-1172317.710,358.140
-443720.690,-1172315.450,357.700
-443715.930,-1172335.480,360.750
-443715.790,-1172335.820,360.770
-443715.640,-1172336.180,360.790
-443715.510,-1172336.480,360.810
-443715.400,-1172336.760,360.870
-443721.100,-1172324.310,356.665
-443720.880,-1172324.840,356.255
-443720.700,-1172325.280,355.970
-443720.510,-1172325.740,355.660
-443716.460,-1172335.630,360.740
-443716.320,-1172335.980,360.750
-443716.200,-1172336.270,360.765
-443716.100,-1172336.520,360.780
-443721.100,-1172325.200,355.970
-443720.920,-1172325.650,355.685
-443720.730,-1172326.110,355.380
-443716.720,-1172335.890,360.725
-443721.290,-1172325.730,355.565
-443716.190,-1172332.000,360.730
-443716.060,-1172332.340,360.740
-443715.900,-1172332.720,360.750
-443715.770,-1172333.040,360.750
-443715.630,-1172333.370,360.760
-443715.490,-1172333.700,360.760
-443715.330,-1172334.100,360.770
-443715.210,-1172334.390,360.775
-443715.070,-1172334.730,360.780
-443714.920,-1172335.090,360.780
-443714.770,-1172335.450,360.800
-443714.640,-1172335.780,360.830
-443714.500,-1172336.110,360.850
-443714.370,-1172336.440,360.850
-443714.250,-1172336.720,360.850
-443720.850,-1172321.500,358.680
-443720.670,-1172321.950,358.305
-443720.480,-1172322.410,358.025
-443720.270,-1172322.900,357.700
-443720.090,-1172323.350,357.390
-443719.880,-1172323.840,357.060
-443719.490,-1172324.790,356.420
-443719.310,-1172325.230,356.140
-443719.090,-1172325.750,355.760
-443718.920,-1172326.180,355.530
-443716.300,-1172332.620,360.725
-443716.180,-1172332.900,360.730
-443716.040,-1172333.240,360.740
-443715.900,-1172333.590,360.740
-443715.620,-1172334.260,360.760
-443715.470,-1172334.630,360.760
-443715.320,-1172334.990,360.770
-443715.190,-1172335.320,360.780
-443715.040,-1172335.680,360.800
-443714.900,-1172336.020,360.820
-443714.750,-1172336.370,360.840
-443714.640,-1172336.650,360.850
-443721.010,-1172322.300,358.075
-443720.810,-1172322.780,357.760
-443720.600,-1172323.300,357.380
-443720.400,-1172323.760,357.075
-443720.230,-1172324.190,356.820
-443720.020,-1172324.690,356.475
-443719.810,-1172325.210,356.130
-443719.600,-1172325.700,355.770
-443719.420,-1172326.140,355.535
-443716.550,-1172333.180,360.700
-443716.430,-1172333.480,360.715
-443716.270,-1172333.870,360.730
-443716.000,-1172334.530,360.740
-443715.830,-1172334.920,360.750
-443715.690,-1172335.280,360.750
-443715.560,-1172335.600,360.770
-443715.410,-1172335.940,360.790
-443715.280,-1172336.260,360.810
-443715.170,-1172336.540,360.845
-443715.030,-1172336.880,360.850
-443721.000,-1172323.110,357.520
-443720.800,-1172323.580,357.200
-443720.580,-1172324.110,356.840
-443720.380,-1172324.610,356.520
-443720.200,-1172325.040,356.190
-443720.010,-1172325.500,355.890
-443719.950,-1172325.640,355.760
-443719.810,-1172325.980,355.580
-443716.460,-1172334.180,360.730
-443716.350,-1172334.440,360.730
-443716.060,-1172335.150,360.740
-443719.330,-1172322.480,358.070
-443719.130,-1172322.950,357.760
-443718.940,-1172323.420,357.445
-443718.730,-1172323.930,357.130
-443718.520,-1172324.420,356.785
-443718.340,-1172324.860,356.495
-443718.130,-1172325.370,356.140
-443717.930,-1172325.840,355.880
-443716.040,-1172330.510,360.730
-443715.910,-1172330.840,360.740
-443715.760,-1172331.200,360.750
-443715.630,-1172331.520,360.760
-443715.470,-1172331.900,360.770
-443715.350,-1172332.200,360.770
-443715.190,-1172332.580,360.770
-443715.040,-1172332.940,360.780
-443714.900,-1172333.280,360.785
-443714.760,-1172333.640,360.790
-443714.630,-1172333.960,360.800
-443714.470,-1172334.330,360.810
-443714.320,-1172334.690,360.810
-443714.180,-1172335.030,360.830
-443714.050,-1172335.360,360.840
-443713.900,-1172335.730,360.870
-443713.770,-1172336.040,360.880
-443713.640,-1172336.370,360.890
-443713.520,-1172336.650,360.890
-443713.380,-1172336.980,360.860
-443720.780,-1172319.580,358.520
-443720.660,-1172319.870,358.660
-443720.550,-1172320.150,358.820
-443720.440,-1172320.420,358.890
-443720.330,-1172320.690,358.910
-443720.200,-1172321.010,358.910
-443720.020,-1172321.440,358.780
-443719.810,-1172321.950,358.400
-443719.600,-1172322.460,358.110
-443719.410,-1172322.930,357.760
-443719.330,-1172323.100,357.670
-443719.210,-1172323.390,357.430
-443719.010,-1172323.880,357.140
-443718.810,-1172324.370,356.780
-443718.610,-1172324.830,356.470
-443718.430,-1172325.280,356.180
-443718.240,-1172325.740,355.880
-443718.050,-1172326.200,355.630
-443716.170,-1172330.830,360.730
-443716.020,-1172331.200,360.740
-443715.890,-1172331.520,360.750
-443715.750,-1172331.860,360.750
-443715.600,-1172332.230,360.760
-443715.320,-1172332.910,360.770
-443715.170,-1172333.280,360.770
-443715.030,-1172333.620,360.780
-443714.880,-1172333.980,360.790
-443714.750,-1172334.300,360.790
-443714.610,-1172334.630,360.800
-443714.460,-1172334.990,360.810
-443714.330,-1172335.310,360.820
-443714.180,-1172335.670,360.840
-443714.050,-1172336.000,360.870
-443713.920,-1172336.310,360.880
-443713.790,-1172336.640,360.880
-443713.670,-1172336.920,360.855
-443720.910,-1172320.490,358.865
-443720.800,-1172320.770,358.880
-443720.610,-1172321.230,358.850
-443720.410,-1172321.710,358.530
-443720.220,-1172322.170,358.215
-443720.010,-1172322.680,357.860
-443719.820,-1172323.140,357.555
-443719.610,-1172323.630,357.250
-443719.420,-1172324.100,356.895
-443719.240,-1172324.540,356.620
-443719.050,-1172324.990,356.360
-443718.850,-1172325.470,356.020
-443718.660,-1172325.940,355.680
-443717.580,-1172324.850,356.725
-443717.400,-1172325.280,356.560
-443717.100,-1172326.060,360.385
-443716.940,-1172326.460,360.400
-443716.790,-1172326.830,360.380
-443715.850,-1172329.130,360.725
-443715.710,-1172329.470,360.735
-443715.570,-1172329.800,360.750
-443715.430,-1172330.150,360.760
-443715.290,-1172330.480,360.760
-443715.140,-1172330.850,360.770
-443715.010,-1172331.170,360.780
-443714.860,-1172331.530,360.800
-443714.580,-1172332.210,360.810
-443714.430,-1172332.570,360.810
-443714.290,-1172332.910,360.820
-443714.140,-1172333.270,360.820
-443714.000,-1172333.620,360.830
-443713.850,-1172333.980,360.830
-443713.700,-1172334.350,360.840
-443713.560,-1172334.680,360.860
-443713.430,-1172335.010,360.870
-443713.300,-1172335.320,360.880
-443713.140,-1172335.710,360.900
-443713.000,-1172336.050,360.910
-443712.870,-1172336.380,360.930
-443712.730,-1172336.720,360.940
-443712.590,-1172337.050,360.910
-443720.720,-1172318.000,358.210
-443720.580,-1172318.340,358.310
-443720.460,-1172318.640,358.400
-443720.340,-1172318.930,358.500
-443720.200,-1172319.270,358.610
-443720.080,-1172319.570,358.750
-443719.940,-1172319.900,358.865
-443719.820,-1172320.190,358.965
-443719.700,-1172320.500,358.990
-443719.570,-1172320.810,358.980
-443719.430,-1172321.140,358.960
-443719.220,-1172321.660,358.690
-443719.010,-1172322.160,358.320
-443718.820,-1172322.620,358.015
-443718.610,-1172323.120,357.685
-443718.430,-1172323.570,357.380
-443718.240,-1172324.030,357.090
-443718.040,-1172324.510,356.760
-443717.840,-1172324.990,356.480
-443717.640,-1172325.460,356.190
-443717.450,-1172325.940,356.090
-443715.960,-1172329.620,360.720
-443715.840,-1172329.930,360.720
-443715.550,-1172330.620,360.760
-443715.420,-1172330.940,360.760
-443715.120,-1172331.660,360.780
-443714.970,-1172332.020,360.790
-443714.830,-1172332.360,360.790
-443714.680,-1172332.730,360.800
-443714.530,-1172333.090,360.810
-443714.400,-1172333.420,360.810
-443714.270,-1172333.740,360.810
-443713.970,-1172334.450,360.830
-443713.690,-1172335.150,360.850
-443713.540,-1172335.500,360.870
-443713.400,-1172335.850,360.890
-443713.270,-1172336.170,360.910
-443713.120,-1172336.530,360.915
-443713.000,-1172336.840,360.910
-443720.810,-1172318.880,358.310
-443720.680,-1172319.180,358.420
-443720.560,-1172319.490,358.540
-443720.430,-1172319.810,358.680
-443720.300,-1172320.110,358.840
-443720.180,-1172320.410,358.950
-443720.060,-1172320.710,358.950
-443719.900,-1172321.100,358.920
-443719.710,-1172321.550,358.720
-443719.520,-1172322.010,358.390
-443713.250,-1172333.650,360.870
-443713.110,-1172333.980,360.880
-443712.970,-1172334.330,360.900
-443712.820,-1172334.700,360.900
-443712.680,-1172335.030,360.915
-443712.550,-1172335.350,360.920
-443712.410,-1172335.690,360.940
-443712.250,-1172336.070,360.960
-443712.110,-1172336.420,361.000
-443711.970,-1172336.760,361.010
-443711.840,-1172337.080,361.015
-443720.540,-1172316.320,357.940
-443720.430,-1172316.600,358.070
-443720.320,-1172316.870,358.190
-443720.200,-1172317.170,358.300
-443720.080,-1172317.470,358.420
-443719.950,-1172317.790,358.540
-443719.820,-1172318.110,358.700
-443719.690,-1172318.420,358.800
-443719.560,-1172318.740,358.885
-443719.430,-1172319.060,358.900
-443719.290,-1172319.400,358.900
-443719.150,-1172319.750,358.930
-443718.970,-1172320.170,359.010
-443718.850,-1172320.470,359.030
-443718.740,-1172320.750,359.010
-443718.610,-1172321.070,358.990
-443718.430,-1172321.490,358.860
-443718.240,-1172321.940,358.550
-443718.040,-1172322.450,358.210
-443717.840,-1172322.920,357.910
-443717.650,-1172323.370,357.630
-443717.440,-1172323.880,357.420
-443717.150,-1172324.630,360.510
-443717.000,-1172325.000,360.565
-443716.830,-1172325.410,360.550
-443716.680,-1172325.770,360.520
-443716.540,-1172326.110,360.500
-443716.400,-1172326.460,360.470
-443716.250,-1172326.840,360.460
-443715.710,-1172328.140,360.730
-443715.580,-1172328.470,360.740
-443715.430,-1172328.820,360.740
-443715.290,-1172329.170,360.750
-443715.150,-1172329.520,360.760
-443715.000,-1172329.870,360.770
-443714.870,-1172330.200,360.770
-443714.720,-1172330.540,360.790
-443714.590,-1172330.880,360.800
-443714.450,-1172331.200,360.810
-443714.310,-1172331.560,360.820
-443714.160,-1172331.910,360.830
-443714.030,-1172332.240,360.830
-443713.890,-1172332.580,360.835
-443713.750,-1172332.920,360.840
-443713.600,-1172333.280,360.850
-443713.450,-1172333.640,360.860
-443713.310,-1172333.980,360.870
-443713.180,-1172334.310,360.890
-443713.030,-1172334.670,360.900
-443712.890,-1172335.020,360.900
-443712.730,-1172335.390,360.910
-443712.590,-1172335.730,360.930
-443712.450,-1172336.090,360.950
-443712.310,-1172336.410,360.980
-443712.180,-1172336.750,360.990
-443712.050,-1172337.050,361.000
-443720.720,-1172317.220,358.150
-443720.590,-1172317.540,358.250
-443720.470,-1172317.830,358.345
-443720.340,-1172318.160,358.440
-443720.200,-1172318.490,358.540
-443720.080,-1172318.780,358.640
-443719.960,-1172319.070,358.680
-443719.840,-1172319.370,358.800
-443719.700,-1172319.700,358.880
-443719.580,-1172320.000,358.960
-443719.440,-1172320.340,359.010
-443719.300,-1172320.700,359.005
-443719.170,-1172321.010,359.000
-443718.960,-1172321.510,358.810
-443718.770,-1172321.980,358.465
-443718.570,-1172322.450,358.120
-443718.390,-1172322.890,357.875
-443718.180,-1172323.400,357.520
-443717.980,-1172323.880,357.220
-443717.780,-1172324.370,356.950
-443718.830,-1172319.080,358.890
-443718.650,-1172319.510,358.880
-443718.510,-1172319.850,358.900
-443718.390,-1172320.150,358.930
-443718.260,-1172320.450,358.985
-443718.130,-1172320.780,359.000
-443718.000,-1172321.100,359.000
-443717.840,-1172321.480,358.920
-443717.630,-1172321.990,358.570
-443717.460,-1172322.400,358.365
-443716.870,-1172323.860,360.715
-443716.720,-1172324.230,360.710
-443716.570,-1172324.610,360.685
-443716.420,-1172324.970,360.640
-443716.260,-1172325.350,360.590
-443716.110,-1172325.720,360.550
-443715.960,-1172326.080,360.530
-443715.830,-1172326.410,360.530
-443715.710,-1172326.710,360.540
-443715.550,-1172327.080,360.685
-443715.430,-1172327.390,360.730
-443715.270,-1172327.770,360.750
-443715.130,-1172328.120,360.770
-443714.990,-1172328.460,360.770
-443714.850,-1172328.790,360.780
-443714.720,-1172329.120,360.780
-443714.420,-1172329.840,360.800
-443714.280,-1172330.180,360.810
-443714.140,-1172330.520,360.810
-443713.990,-1172330.890,360.830
-443713.840,-1172331.260,360.840
-443713.710,-1172331.560,360.850
-443713.430,-1172332.250,360.860
-443713.280,-1172332.620,360.860
-443713.140,-1172332.960,360.880
-443713.000,-1172333.300,360.880
-443712.730,-1172333.950,360.910
-443712.580,-1172334.320,360.920
-443712.450,-1172334.640,360.930
-443712.310,-1172334.970,360.940
-443712.160,-1172335.340,360.960
-443711.730,-1172336.390,361.030
-443711.460,-1172337.040,361.045
-443720.580,-1172315.730,357.750
-443720.470,-1172316.010,357.850
-443720.330,-1172316.340,357.980
-443720.220,-1172316.610,358.090
-443720.110,-1172316.880,358.230
-443720.010,-1172317.140,358.350
-443719.890,-1172317.430,358.495
-443719.770,-1172317.720,358.595
-443719.650,-1172318.020,358.730
-443719.520,-1172318.340,358.840
-443719.380,-1172318.690,358.900
-443719.220,-1172319.060,358.930
-443719.060,-1172319.470,358.910
-443718.900,-1172319.850,358.960
-443718.770,-1172320.170,359.005
-443718.640,-1172320.480,359.020
-443718.520,-1172320.770,359.000
-443718.370,-1172321.140,358.960
-443718.180,-1172321.590,358.785
-443718.000,-1172322.040,358.505
-443717.820,-1172322.460,358.250
-443717.610,-1172322.970,357.910
-443717.420,-1172323.440,357.680
-443717.270,-1172323.810,357.630
-443716.940,-1172324.640,360.630
-443716.800,-1172325.000,360.600
-443716.640,-1172325.370,360.570
-443716.470,-1172325.800,360.540
-443716.330,-1172326.150,360.510
-443716.180,-1172326.490,360.500
-443715.790,-1172327.450,360.690
-443715.670,-1172327.750,360.720
-443715.510,-1172328.130,360.740
-443715.370,-1172328.490,360.750
-443715.080,-1172329.180,360.760
-443714.930,-1172329.540,360.770
-443714.790,-1172329.890,360.775
-443714.650,-1172330.220,360.790
-443714.520,-1172330.550,360.800
-443714.220,-1172331.270,360.820
-443714.090,-1172331.600,360.830
-443713.950,-1172331.930,360.830
-443713.810,-1172332.280,360.840
-443713.530,-1172332.960,360.850
-443713.390,-1172333.310,360.860
-443713.420,-1172330.490,360.850
-443713.280,-1172330.840,360.860
-443713.130,-1172331.190,360.870
-443712.990,-1172331.530,360.890
-443712.720,-1172332.200,360.910
-443712.580,-1172332.540,360.910
-443712.420,-1172332.930,360.920
-443712.290,-1172333.240,360.930
-443712.150,-1172333.590,360.940
-443711.990,-1172333.980,360.950
-443711.850,-1172334.320,360.960
-443711.720,-1172334.630,360.980
-443711.570,-1172335.000,360.990
-443711.430,-1172335.320,361.010
-443711.150,-1172336.020,361.030
-443711.010,-1172336.360,361.040
-443710.730,-1172337.040,361.060
-443710.590,-1172337.380,361.075
-443720.100,-1172315.390,357.625
-443719.980,-1172315.690,357.740
-443719.870,-1172315.950,357.840
-443719.760,-1172316.220,357.945
-443719.650,-1172316.500,358.090
-443719.530,-1172316.790,358.270
-443719.420,-1172317.060,358.435
-443719.300,-1172317.350,358.590
-443719.180,-1172317.640,358.725
-443718.440,-1172319.450,358.820
-443718.310,-1172319.760,358.845
-443718.180,-1172320.080,358.900
-443718.070,-1172320.370,358.950
-443717.950,-1172320.650,359.000
-443717.820,-1172320.980,359.010
-443717.630,-1172321.440,358.960
-443717.460,-1172321.850,358.695
-443717.260,-1172322.320,358.475
-443717.080,-1172322.760,358.415
-443716.890,-1172323.220,360.790
-443716.660,-1172323.830,360.750
-443716.510,-1172324.180,360.735
-443716.350,-1172324.560,360.700
-443716.210,-1172324.920,360.650
-443716.060,-1172325.270,360.600
-443715.910,-1172325.640,360.560
-443715.770,-1172325.980,360.550
-443715.630,-1172326.320,360.550
-443715.530,-1172326.570,360.550
-443715.380,-1172326.950,360.695
-443715.230,-1172327.300,360.750
-443715.090,-1172327.640,360.770
-443714.950,-1172327.980,360.770
-443714.800,-1172328.360,360.780
-443714.660,-1172328.690,360.780
-443714.520,-1172329.040,360.790
-443714.370,-1172329.410,360.800
-443714.210,-1172329.780,360.810
-443714.080,-1172330.100,360.820
-443713.950,-1172330.430,360.820
-443713.810,-1172330.770,360.840
-443713.670,-1172331.100,360.850
-443713.520,-1172331.470,360.860
-443713.380,-1172331.810,360.860
-443713.230,-1172332.180,360.870
-443713.080,-1172332.530,360.880
-443712.940,-1172332.880,360.890
-443712.790,-1172333.250,360.890
-443712.650,-1172333.590,360.900
-443712.510,-1172333.920,360.930
-443712.370,-1172334.260,360.940
-443712.230,-1172334.620,360.950
-443712.090,-1172334.950,360.960
-443711.960,-1172335.270,360.970
-443711.830,-1172335.590,360.990
-443711.670,-1172335.980,361.000
-443711.530,-1172336.300,361.030
-443711.400,-1172336.620,361.040
-443711.260,-1172336.980,361.060
-443711.120,-1172337.300,361.075
-443720.170,-1172315.770,357.765
-443720.060,-1172316.050,357.880
-443719.960,-1172316.310,358.000
-443719.840,-1172316.590,358.160
-443719.730,-1172316.880,358.335
-443719.620,-1172317.150,358.435
-443719.500,-1172317.450,358.590
-443719.380,-1172317.730,358.730
-443719.270,-1172318.010,358.790
-443719.130,-1172318.340,358.870
-443718.970,-1172318.730,358.900
-443718.470,-1172317.640,358.580
-443718.290,-1172318.090,358.650
-443718.130,-1172318.470,358.585
-443718.000,-1172318.800,358.610
-443717.870,-1172319.100,358.620
-443717.740,-1172319.420,358.690
-443717.630,-1172319.700,358.730
-443717.490,-1172320.030,358.845
-443717.360,-1172320.360,358.960
-443717.240,-1172320.660,359.020
-443717.120,-1172320.940,359.040
-443717.000,-1172321.240,359.080
-443716.470,-1172322.550,361.050
-443716.270,-1172323.030,360.940
-443716.110,-1172323.430,360.870
-443715.960,-1172323.800,360.820
-443715.820,-1172324.150,360.760
-443715.660,-1172324.530,360.710
-443715.500,-1172324.920,360.650
-443715.350,-1172325.290,360.620
-443715.210,-1172325.630,360.590
-443715.050,-1172326.020,360.580
-443714.920,-1172326.340,360.590
-443714.850,-1172326.500,360.610
-443714.530,-1172327.290,360.800
-443714.390,-1172327.630,360.810
-443714.260,-1172327.950,360.800
-443714.110,-1172328.310,360.810
-443713.960,-1172328.660,360.820
-443713.830,-1172328.990,360.820
-443713.690,-1172329.340,360.830
-443713.540,-1172329.700,360.840
-443713.390,-1172330.050,360.850
-443713.250,-1172330.400,360.860
-443713.110,-1172330.730,360.870
-443712.980,-1172331.070,360.885
-443712.550,-1172332.120,360.930
-443712.390,-1172332.490,360.930
-443712.240,-1172332.860,360.930
-443712.110,-1172333.170,360.940
-443711.970,-1172333.520,360.950
-443711.700,-1172334.190,360.970
-443711.550,-1172334.550,360.985
-443711.410,-1172334.900,361.000
-443711.260,-1172335.240,361.020
-443711.120,-1172335.600,361.030
-443710.980,-1172335.940,361.040
-443710.820,-1172336.330,361.040
-443710.670,-1172336.680,361.050
-443710.540,-1172336.990,361.060
-443719.540,-1172315.530,357.675
-443719.440,-1172315.780,357.755
-443719.330,-1172316.050,357.850
-443719.220,-1172316.320,357.960
-443719.110,-1172316.590,358.105
-443718.990,-1172316.870,358.300
-443718.880,-1172317.160,358.470
-443718.770,-1172317.410,358.575
-443718.660,-1172317.700,358.680
-443718.530,-1172318.020,358.695
-443718.360,-1172318.420,358.690
-443718.180,-1172318.870,358.650
-443718.050,-1172319.170,358.660
-443717.930,-1172319.480,358.710
-443717.800,-1172319.790,358.750
-443717.670,-1172320.110,358.865
-443717.530,-1172320.440,358.980
-443717.410,-1172320.750,359.010
-443717.270,-1172321.080,359.035
-443717.160,-1172321.360,359.050
-443716.660,-1172322.600,360.940
-443716.450,-1172323.110,360.880
-443716.280,-1172323.530,360.840
-443716.140,-1172323.870,360.800
-443715.980,-1172324.260,360.750
-443715.830,-1172324.630,360.690
-443715.670,-1172325.000,360.640
-443715.520,-1172325.370,360.600
-443715.380,-1172325.710,360.580
-443715.240,-1172326.050,360.570
-443715.100,-1172326.390,360.580
-443715.010,-1172326.610,360.610
-443714.720,-1172327.320,360.790
-443714.570,-1172327.700,360.790
-443714.430,-1172328.030,360.790
-443714.290,-1172328.370,360.800
-443714.140,-1172328.730,360.800
-443714.000,-1172329.090,360.820
-443713.720,-1172329.760,360.830
-443713.570,-1172330.120,360.840
-443713.190,-1172328.670,360.850
-443712.900,-1172329.360,360.870
-443712.750,-1172329.730,360.870
-443712.610,-1172330.090,360.880
-443712.480,-1172330.390,360.890
-443712.350,-1172330.710,360.910
-443712.020,-1172331.510,360.970
-443711.780,-1172332.090,360.990
-443711.640,-1172332.440,360.980
-443711.500,-1172332.780,360.980
-443711.360,-1172333.120,360.990
-443711.210,-1172333.490,361.000
-443711.070,-1172333.830,361.010
-443710.930,-1172334.170,361.020
-443710.800,-1172334.490,361.030
-443710.640,-1172334.880,361.030
-443710.490,-1172335.250,361.040
-443710.340,-1172335.610,361.030
-443710.200,-1172335.950,361.020
-443710.040,-1172336.330,361.020
-443709.910,-1172336.660,361.020
-443709.770,-1172336.990,361.030
-443709.640,-1172337.310,361.040
-443718.850,-1172315.650,357.680
-443718.730,-1172315.940,357.780
-443718.620,-1172316.210,357.870
-443718.510,-1172316.480,357.990
-443718.390,-1172316.780,358.200
-443718.270,-1172317.070,358.325
-443718.160,-1172317.340,358.400
-443718.020,-1172317.690,358.420
-443717.850,-1172318.090,358.470
-443717.700,-1172318.460,358.500
-443717.580,-1172318.750,358.510
-443717.450,-1172319.060,358.560
-443717.330,-1172319.360,358.610
-443717.210,-1172319.650,358.710
-443717.080,-1172319.970,358.860
-443716.960,-1172320.260,358.960
-443716.840,-1172320.560,359.080
-443716.730,-1172320.850,359.120
-443716.540,-1172321.350,361.650
-443716.320,-1172321.870,361.570
-443715.910,-1172322.870,361.060
-443715.720,-1172323.320,360.900
-443715.560,-1172323.700,360.830
-443715.420,-1172324.050,360.780
-443715.270,-1172324.420,360.720
-443715.120,-1172324.780,360.670
-443714.970,-1172325.150,360.630
-443714.810,-1172325.530,360.605
-443714.670,-1172325.880,360.590
-443714.520,-1172326.240,360.590
-443714.310,-1172326.770,360.785
-443713.990,-1172327.550,360.830
-443713.850,-1172327.890,360.820
-443713.700,-1172328.250,360.830
-443713.570,-1172328.570,360.840
-443713.420,-1172328.920,360.840
-443713.290,-1172329.240,360.850
-443713.150,-1172329.590,360.850
-443712.990,-1172329.970,360.870
-443712.870,-1172330.280,360.870
-443712.720,-1172330.630,360.890
-443712.580,-1172330.980,360.900
-443712.450,-1172331.300,360.920
-443712.380,-1172331.480,360.935
-443712.240,-1172331.800,360.950
-443711.880,-1172332.670,360.960
-443711.740,-1172333.040,360.970
-443711.580,-1172333.400,360.980
-443711.440,-1172333.760,360.990
-443711.300,-1172334.100,361.000
-443711.160,-1172334.430,361.010
-443711.010,-1172334.810,361.020
-443710.880,-1172335.120,361.040
-443710.590,-1172335.830,361.040
-443710.420,-1172336.230,361.040
-443710.290,-1172336.560,361.050
-443710.140,-1172336.930,361.050
-443710.010,-1172337.250,361.060
-443709.860,-1172337.600,361.080
-443719.380,-1172315.400,357.610
-443719.250,-1172315.730,357.710
-443719.150,-1172315.990,357.810
-443719.030,-1172316.260,357.935
-443718.920,-1172316.540,358.080
-443718.800,-1172316.840,358.270
-443718.700,-1172317.090,358.425
-443718.590,-1172317.350,358.520
-443716.860,-1172318.310,358.340
-443716.720,-1172318.630,358.440
-443716.610,-1172318.910,358.575
-443716.490,-1172319.210,358.750
-443716.370,-1172319.490,358.940
-443716.290,-1172319.730,360.410
-443716.180,-1172320.010,360.940
-443716.070,-1172320.270,361.165
-443715.970,-1172320.520,361.440
-443715.860,-1172320.790,361.710
-443715.650,-1172321.300,361.900
-443715.320,-1172322.100,361.690
-443715.110,-1172322.610,361.300
-443714.910,-1172323.110,360.980
-443714.740,-1172323.510,360.880
-443714.580,-1172323.890,360.820
-443714.420,-1172324.280,360.760
-443714.280,-1172324.620,360.720
-443714.130,-1172325.000,360.670
-443713.980,-1172325.370,360.630
-443713.830,-1172325.720,360.610
-443713.680,-1172326.100,360.610
-443713.530,-1172326.460,360.620
-443713.320,-1172326.970,360.850
-443713.150,-1172327.400,360.870
-443713.010,-1172327.730,360.870
-443712.860,-1172328.090,360.870
-443712.720,-1172328.440,360.870
-443712.590,-1172328.760,360.880
-443712.420,-1172329.150,360.890
-443712.290,-1172329.490,360.900
-443712.140,-1172329.850,360.900
-443712.010,-1172330.170,360.920
-443711.860,-1172330.530,360.930
-443711.730,-1172330.850,360.965
-443711.580,-1172331.220,360.980
-443711.440,-1172331.560,360.990
-443711.160,-1172332.230,361.010
-443711.030,-1172332.550,361.010
-443710.890,-1172332.900,361.020
-443710.750,-1172333.230,361.020
-443710.610,-1172333.580,361.030
-443710.450,-1172333.970,361.030
-443710.310,-1172334.290,361.030
-443710.160,-1172334.660,361.020
-443710.020,-1172335.020,361.020
-443709.880,-1172335.360,361.005
-443709.730,-1172335.720,361.000
-443709.580,-1172336.080,360.990
-443709.430,-1172336.450,360.990
-443709.270,-1172336.830,361.000
-443709.140,-1172337.150,361.000
-443709.010,-1172337.470,361.040
-443718.470,-1172315.730,357.750
-443718.360,-1172316.000,357.800
-443718.260,-1172316.260,357.905
-443718.150,-1172316.520,358.030
-443718.030,-1172316.820,358.190
-443717.910,-1172317.120,358.260
-443717.770,-1172317.460,358.320
-443717.590,-1172317.880,358.360
-443717.460,-1172318.220,358.390
-443717.330,-1172318.530,358.420
-443717.220,-1172318.810,358.500
-443717.080,-1172319.150,358.570
-443716.960,-1172319.440,358.680
-443716.830,-1172319.750,358.820
-443716.720,-1172320.030,358.935
-443716.280,-1172321.130,361.710
-443716.140,-1172321.480,361.820
-443715.920,-1172322.010,361.680
-443715.730,-1172322.470,361.340
-443715.530,-1172322.960,361.010
-443715.350,-1172323.380,360.880
-443715.190,-1172323.770,360.825
-443715.040,-1172324.140,360.770
-443714.890,-1172324.530,360.720
-443714.730,-1172324.900,360.660
-443714.580,-1172325.270,360.630
-443714.440,-1172325.610,360.610
-443714.290,-1172325.980,360.600
-443714.140,-1172326.330,360.600
-443713.760,-1172327.270,360.830
-443713.610,-1172327.640,360.850
-443713.470,-1172327.970,360.850
-443713.320,-1172328.350,360.850
-443711.220,-1172329.930,360.980
-443711.080,-1172330.280,360.990
-443710.950,-1172330.600,361.000
-443710.650,-1172331.330,361.020
-443710.520,-1172331.650,361.020
-443710.370,-1172332.010,361.030
-443710.220,-1172332.380,361.030
-443710.070,-1172332.730,361.030
-443709.940,-1172333.060,361.030
-443709.780,-1172333.440,361.020
-443709.640,-1172333.780,361.000
-443709.490,-1172334.160,360.990
-443709.340,-1172334.520,360.980
-443709.200,-1172334.860,360.980
-443709.060,-1172335.200,360.970
-443708.920,-1172335.540,360.950
-443708.780,-1172335.890,360.940
-443708.630,-1172336.250,360.940
-443708.490,-1172336.600,360.940
-443708.330,-1172336.980,360.940
-443708.210,-1172337.270,360.960
-443708.080,-1172337.580,361.000
-443717.410,-1172316.170,357.795
-443717.310,-1172316.430,357.840
-443717.200,-1172316.710,357.955
-443716.900,-1172317.440,358.155
-443716.770,-1172317.740,358.215
-443716.650,-1172318.040,358.290
-443716.530,-1172318.350,358.390
-443716.410,-1172318.630,358.545
-443716.060,-1172319.510,360.420
-443715.960,-1172319.780,360.860
-443715.850,-1172320.050,361.060
-443715.740,-1172320.300,361.320
-443715.630,-1172320.580,361.535
-443715.520,-1172320.870,361.820
-443715.310,-1172321.380,361.895
-443715.100,-1172321.870,361.850
-443714.930,-1172322.300,361.525
-443714.730,-1172322.780,361.210
-443714.520,-1172323.270,360.940
-443714.370,-1172323.640,360.860
-443714.220,-1172324.000,360.810
-443714.090,-1172324.330,360.770
-443713.940,-1172324.710,360.720
-443713.780,-1172325.080,360.670
-443713.630,-1172325.450,360.640
-443713.480,-1172325.810,360.610
-443713.340,-1172326.170,360.610
-443713.190,-1172326.530,360.620
-443712.810,-1172327.450,360.890
-443712.650,-1172327.840,360.900
-443712.520,-1172328.170,360.890
-443712.380,-1172328.510,360.900
-443712.230,-1172328.870,360.910
-443712.100,-1172329.180,360.920
-443711.960,-1172329.530,360.930
-443711.800,-1172329.910,360.930
-443711.650,-1172330.280,360.940
-443711.520,-1172330.590,360.960
-443711.230,-1172331.310,361.000
-443711.080,-1172331.670,361.010
-443710.950,-1172331.980,361.020
-443710.820,-1172332.310,361.020
-443710.660,-1172332.690,361.030
-443710.520,-1172333.030,361.040
-443710.390,-1172333.350,361.030
-443710.250,-1172333.700,361.030
-443710.090,-1172334.080,361.020
-443709.940,-1172334.440,361.010
-443709.820,-1172334.740,361.010
-443709.670,-1172335.100,361.000
-443709.520,-1172335.480,360.985
-443709.390,-1172335.800,360.980
-443709.060,-1172336.580,360.970
-443708.940,-1172336.900,360.970
-443708.820,-1172337.180,360.975
-443708.690,-1172337.500,361.000
-443717.870,-1172315.820,357.690
-443717.750,-1172316.120,357.800
-443717.640,-1172316.400,357.910
-443717.520,-1172316.700,358.005
-443717.400,-1172316.980,358.085
-443717.240,-1172317.370,358.160
-443717.100,-1172317.700,358.215
-443716.980,-1172318.000,358.280
-443715.040,-1172319.730,360.850
-443714.920,-1172320.020,361.060
-443714.810,-1172320.290,361.320
-443714.710,-1172320.540,361.500
-443714.600,-1172320.800,361.690
-443714.500,-1172321.050,361.860
-443714.400,-1172321.310,361.880
-443714.280,-1172321.600,361.900
-443714.050,-1172322.160,361.760
-443713.850,-1172322.630,361.410
-443713.640,-1172323.140,361.060
-443713.460,-1172323.570,360.890
-443713.310,-1172323.960,360.840
-443713.160,-1172324.310,360.800
-443713.020,-1172324.660,360.750
-443712.860,-1172325.030,360.710
-443712.720,-1172325.390,360.670
-443712.570,-1172325.740,360.630
-443712.420,-1172326.110,360.620
-443712.280,-1172326.460,360.615
-443712.080,-1172326.940,360.910
-443711.930,-1172327.310,360.940
-443711.760,-1172327.720,360.950
-443711.630,-1172328.050,360.950
-443711.350,-1172328.730,360.970
-443711.200,-1172329.090,360.980
-443711.080,-1172329.390,360.990
-443710.930,-1172329.760,361.000
-443710.780,-1172330.130,361.010
-443710.630,-1172330.490,361.010
-443710.490,-1172330.830,361.020
-443710.350,-1172331.170,361.020
-443710.190,-1172331.550,361.030
-443710.050,-1172331.890,361.030
-443709.920,-1172332.210,361.030
-443709.760,-1172332.590,361.030
-443709.610,-1172332.960,361.010
-443709.470,-1172333.300,361.000
-443709.170,-1172334.050,360.980
-443709.020,-1172334.410,360.960
-443708.890,-1172334.730,360.950
-443708.740,-1172335.080,360.940
-443708.590,-1172335.460,360.940
-443708.440,-1172335.820,360.930
-443708.300,-1172336.160,360.920
-443708.160,-1172336.510,360.910
-443708.010,-1172336.870,360.920
-443707.890,-1172337.170,360.930
-443707.770,-1172337.450,360.965
-443716.930,-1172315.960,357.710
-443716.820,-1172316.220,357.750
-443716.700,-1172316.540,357.845
-443716.560,-1172316.860,358.000
-443716.430,-1172317.180,358.115
-443716.320,-1172317.460,358.215
-443716.210,-1172317.730,358.400
-443716.100,-1172318.010,358.890
-443716.120,-1172317.970,358.780
-443716.000,-1172318.260,359.215
-443715.880,-1172318.550,359.590
-443715.780,-1172318.810,360.020
-443715.660,-1172319.090,360.410
-443715.570,-1172319.330,360.600
-443715.460,-1172319.590,360.810
-443715.360,-1172319.850,361.010
-443715.250,-1172320.110,361.180
-443715.140,-1172320.390,361.390
-443715.030,-1172320.640,361.620
-443714.920,-1172320.930,361.790
-443714.810,-1172321.190,361.880
-443714.700,-1172321.470,361.900
-443714.330,-1172322.370,361.565
-443714.130,-1172322.840,361.190
-443713.920,-1172323.350,360.930
-443713.770,-1172323.710,360.860
-443713.630,-1172324.070,360.810
-443713.490,-1172324.410,360.770
-443713.340,-1172324.770,360.730
-443713.180,-1172325.160,360.680
-443713.040,-1172325.510,360.640
-443712.890,-1172325.860,360.620
-443712.740,-1172326.240,360.620
-443712.600,-1172326.570,360.630
-443712.390,-1172327.090,360.910
-443712.220,-1172327.500,360.925
-443712.080,-1172327.830,360.930
-443711.930,-1172328.190,360.930
-443711.790,-1172328.550,360.930
-443711.650,-1172328.890,360.940
-443711.500,-1172329.250,360.960
-443716.140,-1172315.670,357.620
-443716.020,-1172315.940,357.740
-443715.920,-1172316.200,357.790
-443715.800,-1172316.490,357.920
-443715.700,-1172316.740,358.160
-443715.590,-1172317.010,358.480
-443715.490,-1172317.270,358.820
-443715.390,-1172317.510,359.130
-443715.290,-1172317.760,359.455
-443715.190,-1172318.000,359.800
-443714.800,-1172318.960,360.530
-443714.670,-1172319.280,360.600
-443714.550,-1172319.590,360.720
-443714.430,-1172319.890,360.910
-443714.320,-1172320.150,361.120
-443714.220,-1172320.410,361.330
-443714.100,-1172320.690,361.560
-443713.990,-1172320.950,361.750
-443713.890,-1172321.220,361.860
-443713.770,-1172321.500,361.880
-443713.440,-1172322.310,361.680
-443713.240,-1172322.790,361.320
-443713.050,-1172323.260,361.020
-443712.870,-1172323.700,360.890
-443712.710,-1172324.070,360.840
-443712.560,-1172324.450,360.790
-443712.410,-1172324.810,360.750
-443712.250,-1172325.190,360.700
-443712.100,-1172325.570,360.660
-443711.960,-1172325.910,360.630
-443711.800,-1172326.300,360.620
-443711.660,-1172326.650,360.635
-443711.310,-1172327.490,360.970
-443711.170,-1172327.850,360.980
-443711.020,-1172328.210,360.980
-443710.880,-1172328.550,360.990
-443710.730,-1172328.900,361.010
-443710.470,-1172329.550,361.030
-443710.320,-1172329.900,361.030
-443710.170,-1172330.280,361.030
-443710.030,-1172330.620,361.020
-443709.890,-1172330.960,361.020
-443709.740,-1172331.330,361.020
-443709.590,-1172331.680,361.010
-443709.440,-1172332.050,361.000
-443709.300,-1172332.410,360.990
-443709.140,-1172332.780,360.990
-443708.990,-1172333.160,360.970
-443708.850,-1172333.490,360.960
-443708.710,-1172333.830,360.940
-443708.570,-1172334.180,360.930
-443708.420,-1172334.540,360.930
-443708.260,-1172334.930,360.920
-443708.120,-1172335.260,360.910
-443707.980,-1172335.620,360.895
-443707.830,-1172335.980,360.890
-443707.670,-1172336.360,360.880
-443707.540,-1172336.700,360.880
-443707.380,-1172337.070,360.890
-443707.260,-1172337.370,360.895
-443707.140,-1172337.660,360.990
-443716.600,-1172315.860,357.690
-443716.490,-1172316.130,357.760
-443716.370,-1172316.420,357.835
-443716.270,-1172316.680,357.940
-443715.900,-1172317.590,358.800
-443715.790,-1172317.870,359.060
-443715.680,-1172318.140,359.395
-443715.570,-1172318.410,359.880
-443715.470,-1172318.650,360.160
-443715.370,-1172318.920,360.450
-443715.260,-1172319.180,360.580
-443715.150,-1172319.450,360.670
-443707.080,-1172336.220,360.840
-443706.930,-1172336.590,360.840
-443706.800,-1172336.910,360.860
-443706.660,-1172337.240,360.860
-443706.530,-1172337.560,360.860
-443706.420,-1172337.840,360.930
-443715.990,-1172315.480,357.595
-443715.880,-1172315.740,357.720
-443715.770,-1172316.030,357.775
-443715.660,-1172316.290,357.875
-443715.560,-1172316.550,358.080
-443715.450,-1172316.810,358.530
-443715.340,-1172317.080,358.820
-443715.230,-1172317.350,359.130
-443715.150,-1172317.550,359.310
-443714.800,-1172318.430,360.440
-443714.660,-1172318.770,360.505
-443714.530,-1172319.100,360.580
-443714.390,-1172319.420,360.620
-443714.280,-1172319.700,360.760
-443714.180,-1172319.960,360.930
-443714.050,-1172320.260,361.190
-443713.960,-1172320.500,361.400
-443713.850,-1172320.760,361.590
-443713.740,-1172321.040,361.790
-443713.630,-1172321.320,361.880
-443713.530,-1172321.560,361.900
-443713.330,-1172322.030,361.825
-443713.130,-1172322.520,361.530
-443712.920,-1172323.030,361.180
-443712.720,-1172323.510,360.935
-443712.570,-1172323.890,360.870
-443712.420,-1172324.250,360.830
-443712.270,-1172324.610,360.780
-443712.130,-1172324.950,360.740
-443711.970,-1172325.340,360.690
-443711.820,-1172325.720,360.650
-443711.680,-1172326.060,360.620
-443711.520,-1172326.430,360.630
-443711.300,-1172326.990,360.950
-443711.170,-1172327.300,360.970
-443711.010,-1172327.690,360.990
-443710.870,-1172328.030,360.990
-443710.730,-1172328.380,361.010
-443710.590,-1172328.720,361.020
-443710.310,-1172329.400,361.030
-443710.170,-1172329.730,361.040
-443710.030,-1172330.070,361.030
-443709.890,-1172330.430,361.020
-443709.750,-1172330.770,361.020
-443709.590,-1172331.150,361.010
-443709.460,-1172331.480,361.000
-443709.300,-1172331.860,360.990
-443709.150,-1172332.230,360.990
-443709.010,-1172332.560,360.980
-443708.870,-1172332.900,360.970
-443708.710,-1172333.290,360.940
-443708.570,-1172333.640,360.930
-443708.430,-1172333.990,360.920
-443708.270,-1172334.380,360.910
-443708.120,-1172334.730,360.910
-443707.980,-1172335.070,360.900
-443707.840,-1172335.430,360.880
-443707.700,-1172335.770,360.880
-443707.550,-1172336.130,360.870
-443707.260,-1172336.830,360.870
-443707.110,-1172337.190,360.890
-443707.000,-1172337.470,360.890
-443706.870,-1172337.780,361.020
-443709.630,-1172329.240,361.020
-443709.490,-1172329.590,361.020
-443709.350,-1172329.930,361.010
-443709.200,-1172330.300,361.000
-443709.050,-1172330.670,360.980
-443708.910,-1172331.010,360.970
-443708.750,-1172331.380,360.960
-443708.620,-1172331.710,360.950
-443708.480,-1172332.050,360.940
-443708.330,-1172332.410,360.930
-443708.190,-1172332.750,360.920
-443708.040,-1172333.130,360.905
-443707.900,-1172333.460,360.890
-443707.760,-1172333.800,360.880
-443707.610,-1172334.160,360.870
-443707.470,-1172334.500,360.860
-443707.320,-1172334.880,360.860
-443707.180,-1172335.230,360.840
-443707.030,-1172335.580,360.830
-443706.890,-1172335.940,360.820
-443706.740,-1172336.290,360.820
-443706.600,-1172336.640,360.820
-443706.440,-1172337.020,360.830
-443706.280,-1172337.410,360.830
-443706.200,-1172337.620,360.835
-443715.530,-1172315.550,357.725
-443715.420,-1172315.820,357.800
-443715.310,-1172316.090,357.940
-443715.210,-1172316.340,358.245
-443715.120,-1172316.560,358.590
-443715.040,-1172316.770,358.800
-443714.740,-1172317.520,360.320
-443714.600,-1172317.860,360.390
-443714.470,-1172318.180,360.440
-443714.330,-1172318.530,360.490
-443714.190,-1172318.850,360.530
-443714.060,-1172319.190,360.580
-443713.930,-1172319.510,360.650
-443713.810,-1172319.800,360.850
-443713.700,-1172320.060,361.030
-443713.600,-1172320.320,361.200
-443713.480,-1172320.600,361.455
-443713.380,-1172320.850,361.605
-443713.270,-1172321.120,361.800
-443713.170,-1172321.370,361.880
-443713.070,-1172321.630,361.910
-443712.880,-1172322.090,361.830
-443712.690,-1172322.560,361.520
-443712.490,-1172323.020,361.185
-443712.310,-1172323.470,360.950
-443712.140,-1172323.890,360.885
-443711.990,-1172324.250,360.840
-443711.830,-1172324.630,360.790
-443711.670,-1172325.020,360.740
-443711.520,-1172325.400,360.700
-443711.370,-1172325.750,360.650
-443711.220,-1172326.110,360.630
-443711.090,-1172326.450,360.640
-443710.930,-1172326.820,360.930
-443710.830,-1172327.070,360.970
-443710.740,-1172327.290,361.000
-443710.570,-1172327.720,361.020
-443710.280,-1172328.410,361.030
-443710.140,-1172328.760,361.035
-443709.990,-1172329.130,361.035
-443709.560,-1172330.160,361.020
-443709.410,-1172330.530,361.010
-443709.270,-1172330.870,361.000
-443709.140,-1172331.210,360.985
-443708.980,-1172331.580,360.980
-443708.850,-1172331.900,360.970
-443708.700,-1172332.270,360.960
-443708.550,-1172332.620,360.940
-443708.410,-1172332.980,360.930
-443708.260,-1172333.340,360.910
-443708.110,-1172333.700,360.905
-443707.830,-1172334.390,360.880
-443707.680,-1172334.760,360.880
-443707.540,-1172335.100,360.870
-443707.380,-1172335.500,360.860
-443707.230,-1172335.860,360.850
-443712.130,-1172321.700,361.930
-443711.980,-1172322.040,361.910
-443711.970,-1172322.080,361.900
-443711.800,-1172322.490,361.680
-443711.570,-1172323.040,361.240
-443711.230,-1172323.860,360.920
-443711.090,-1172324.220,360.870
-443710.940,-1172324.590,360.820
-443710.780,-1172324.970,360.770
-443710.640,-1172325.310,360.730
-443710.480,-1172325.700,360.710
-443710.340,-1172326.050,360.710
-443710.110,-1172326.590,361.020
-443709.810,-1172327.330,361.030
-443709.670,-1172327.680,361.030
-443709.370,-1172328.410,361.020
-443709.210,-1172328.790,361.000
-443709.090,-1172329.100,360.990
-443708.950,-1172329.440,360.980
-443708.790,-1172329.810,360.970
-443708.640,-1172330.190,360.960
-443708.500,-1172330.530,360.950
-443708.350,-1172330.890,360.930
-443708.210,-1172331.240,360.920
-443708.050,-1172331.610,360.920
-443707.920,-1172331.950,360.890
-443707.770,-1172332.310,360.880
-443707.610,-1172332.700,360.870
-443707.460,-1172333.060,360.860
-443707.340,-1172333.370,360.850
-443707.190,-1172333.720,360.850
-443707.050,-1172334.060,360.840
-443706.910,-1172334.390,360.830
-443706.760,-1172334.760,360.820
-443706.610,-1172335.130,360.810
-443706.470,-1172335.480,360.800
-443706.330,-1172335.820,360.790
-443706.180,-1172336.190,360.780
-443706.030,-1172336.550,360.780
-443705.880,-1172336.910,360.780
-443705.740,-1172337.250,360.780
-443705.570,-1172337.660,360.800
-443715.200,-1172315.590,357.810
-443715.130,-1172315.790,357.895
-443715.080,-1172315.900,358.020
-443714.670,-1172316.930,360.250
-443714.540,-1172317.240,360.320
-443714.410,-1172317.580,360.380
-443714.250,-1172317.950,360.435
-443714.130,-1172318.260,360.460
-443713.990,-1172318.590,360.500
-443713.840,-1172318.950,360.550
-443713.700,-1172319.300,360.595
-443713.580,-1172319.590,360.660
-443713.470,-1172319.880,360.890
-443713.360,-1172320.150,361.090
-443713.250,-1172320.420,361.320
-443713.150,-1172320.670,361.515
-443713.050,-1172320.920,361.670
-443712.940,-1172321.190,361.830
-443712.830,-1172321.450,361.890
-443712.710,-1172321.740,361.920
-443712.510,-1172322.220,361.790
-443712.320,-1172322.700,361.455
-443712.100,-1172323.230,361.130
-443711.930,-1172323.630,360.940
-443711.780,-1172323.990,360.880
-443711.620,-1172324.380,360.840
-443711.480,-1172324.740,360.800
-443711.330,-1172325.090,360.740
-443711.170,-1172325.480,360.700
-443711.020,-1172325.850,360.650
-443710.870,-1172326.220,360.650
-443710.730,-1172326.570,360.690
-443710.580,-1172326.920,361.000
-443710.510,-1172327.110,361.020
-443710.370,-1172327.440,361.030
-443710.080,-1172328.150,361.030
-443709.930,-1172328.510,361.030
-443709.800,-1172328.840,361.030
-443714.240,-1172315.840,360.240
-443714.120,-1172316.120,360.250
-443713.980,-1172316.470,360.270
-443713.830,-1172316.840,360.310
-443713.700,-1172317.160,360.340
-443713.570,-1172317.470,360.370
-443713.420,-1172317.830,360.410
-443713.280,-1172318.180,360.445
-443713.150,-1172318.500,360.480
-443713.010,-1172318.840,360.520
-443712.860,-1172319.190,360.580
-443712.730,-1172319.510,360.610
-443712.620,-1172319.800,360.720
-443712.510,-1172320.060,360.900
-443712.390,-1172320.360,361.160
-443712.280,-1172320.620,361.400
-443712.190,-1172320.860,361.530
-443712.080,-1172321.140,361.790
-443711.960,-1172321.420,361.920
-443711.850,-1172321.700,361.930
-443711.700,-1172322.070,361.930
-443711.490,-1172322.570,361.665
-443711.280,-1172323.080,361.260
-443711.090,-1172323.550,360.990
-443710.930,-1172323.930,360.920
-443710.780,-1172324.280,360.870
-443710.630,-1172324.650,360.825
-443710.490,-1172325.000,360.770
-443710.350,-1172325.330,360.735
-443710.230,-1172325.630,360.730
-443709.970,-1172326.280,361.000
-443709.670,-1172327.010,361.030
-443709.530,-1172327.350,361.030
-443709.380,-1172327.700,361.020
-443709.240,-1172328.040,361.000
-443709.080,-1172328.430,361.000
-443708.950,-1172328.770,360.980
-443708.800,-1172329.130,360.980
-443708.650,-1172329.500,360.970
-443708.500,-1172329.860,360.960
-443708.360,-1172330.200,360.950
-443708.220,-1172330.540,360.930
-443708.070,-1172330.910,360.920
-443707.930,-1172331.250,360.910
-443707.770,-1172331.630,360.890
-443707.640,-1172331.960,360.870
-443707.480,-1172332.340,360.870
-443707.340,-1172332.680,360.860
-443707.190,-1172333.060,360.850
-443707.040,-1172333.410,360.840
-443706.900,-1172333.770,360.830
-443706.760,-1172334.100,360.830
-443706.600,-1172334.490,360.810
-443706.450,-1172334.850,360.800
-443706.310,-1172335.190,360.795
-443706.180,-1172335.500,360.790
-443706.050,-1172335.840,360.775
-443705.900,-1172336.210,360.770
-443705.750,-1172336.560,360.760
-443714.510,-1172315.840,360.135
-443714.400,-1172316.110,360.220
-443714.260,-1172316.450,360.260
-443714.120,-1172316.810,360.300
-443713.980,-1172317.140,360.340
-443713.830,-1172317.500,360.380
-443713.690,-1172317.850,360.410
-443713.560,-1172318.160,360.440
-443713.440,-1172318.470,360.480
-443713.300,-1172318.800,360.520
-443713.160,-1172319.160,360.570
-443713.020,-1172319.480,360.600
-443712.780,-1172320.090,360.985
-443712.670,-1172320.360,361.175
-443712.560,-1172320.630,361.405
-443712.450,-1172320.890,361.590
-443712.350,-1172321.150,361.780
-443709.630,-1172325.400,360.760
-443709.550,-1172325.610,360.755
-443709.430,-1172325.910,360.990
-443709.270,-1172326.290,361.010
-443709.100,-1172326.700,361.000
-443708.980,-1172327.010,360.980
-443708.820,-1172327.380,360.970
-443708.700,-1172327.680,360.960
-443708.570,-1172328.010,360.950
-443708.400,-1172328.410,360.940
-443707.830,-1172329.800,360.910
-443707.690,-1172330.150,360.900
-443707.540,-1172330.510,360.890
-443707.400,-1172330.860,360.870
-443707.250,-1172331.210,360.860
-443707.110,-1172331.560,360.850
-443706.960,-1172331.920,360.840
-443706.800,-1172332.300,360.840
-443706.660,-1172332.670,360.825
-443706.500,-1172333.040,360.820
-443706.370,-1172333.370,360.810
-443706.220,-1172333.720,360.800
-443706.080,-1172334.060,360.790
-443705.940,-1172334.430,360.780
-443705.790,-1172334.780,360.770
-443705.650,-1172335.130,360.770
-443713.720,-1172315.950,360.240
-443713.590,-1172316.270,360.250
-443713.460,-1172316.580,360.280
-443713.320,-1172316.920,360.310
-443713.180,-1172317.260,360.340
-443713.050,-1172317.590,360.380
-443712.910,-1172317.930,360.410
-443712.770,-1172318.260,360.450
-443712.640,-1172318.590,360.500
-443712.510,-1172318.910,360.530
-443712.370,-1172319.250,360.580
-443712.230,-1172319.600,360.635
-443712.100,-1172319.910,360.765
-443711.980,-1172320.200,360.990
-443711.870,-1172320.480,361.180
-443711.770,-1172320.730,361.450
-443711.660,-1172320.990,361.685
-443711.560,-1172321.240,361.950
-443711.450,-1172321.530,362.010
-443711.340,-1172321.790,362.010
-443711.210,-1172322.100,361.960
-443710.570,-1172323.650,360.995
-443710.420,-1172324.020,360.920
-443710.270,-1172324.380,360.860
-443710.100,-1172324.800,360.800
-443709.950,-1172325.170,360.770
-443709.810,-1172325.500,360.750
-443709.440,-1172326.400,361.020
-443709.290,-1172326.770,361.010
-443709.150,-1172327.110,361.000
-443709.010,-1172327.460,360.980
-443708.860,-1172327.810,360.970
-443708.720,-1172328.160,360.960
-443708.560,-1172328.550,360.960
-443708.410,-1172328.910,360.940
-443708.290,-1172329.220,360.930
-443708.000,-1172329.930,360.920
-443707.850,-1172330.290,360.910
-443707.700,-1172330.670,360.890
-443707.540,-1172331.040,360.880
-443707.390,-1172331.410,360.870
-443707.250,-1172331.740,360.860
-443707.110,-1172332.100,360.850
-443706.970,-1172332.450,360.840
-443706.830,-1172332.790,360.830
-443706.670,-1172333.160,360.820
-443706.530,-1172333.500,360.810
-443706.380,-1172333.880,360.810
-443706.230,-1172334.230,360.800
-443706.090,-1172334.590,360.790
-443705.940,-1172334.940,360.770
-443705.800,-1172335.300,360.770
-443705.650,-1172335.650,360.760
-443713.010,-1172316.080,360.240
-443712.880,-1172316.410,360.250
-443712.740,-1172316.750,360.270
-443712.600,-1172317.090,360.310
-443712.470,-1172317.410,360.340
-443712.330,-1172317.740,360.380
-443712.200,-1172318.060,360.410
-443712.070,-1172318.390,360.460
-443711.930,-1172318.720,360.490
-443711.810,-1172319.030,360.540
-443711.670,-1172319.370,360.590
-443711.540,-1172319.690,360.640
-443711.410,-1172319.990,360.720
-443711.300,-1172320.280,360.940
-443711.190,-1172320.550,361.180
-443711.080,-1172320.810,361.505
-443710.990,-1172321.030,361.860
-443710.660,-1172321.850,362.040
-443710.500,-1172322.260,361.960
-443710.330,-1172322.670,361.795
-443709.880,-1172323.750,361.010
-443709.720,-1172324.130,360.920
-443709.560,-1172324.510,360.840
-443709.410,-1172324.880,360.810
-443709.100,-1172325.630,360.840
-443709.020,-1172325.840,360.980
-443708.860,-1172326.220,360.990
-443708.720,-1172326.570,360.980
-443708.570,-1172326.940,360.960
-443708.420,-1172327.290,360.950
-443708.290,-1172327.630,360.940
-443708.150,-1172327.970,360.930
-443707.990,-1172328.350,360.920
-443707.850,-1172328.680,360.900
-443707.710,-1172329.030,360.900
-443707.570,-1172329.370,360.895
-443707.420,-1172329.730,360.890
-443707.280,-1172330.080,360.870
-443707.130,-1172330.450,360.860
-443707.000,-1172330.760,360.860
-443706.850,-1172331.130,360.840
-443706.710,-1172331.480,360.840
-443706.560,-1172331.840,360.830
-443706.410,-1172332.200,360.820
-443706.270,-1172332.550,360.810
-443706.120,-1172332.910,360.800
-443705.980,-1172333.260,360.780
-443705.670,-1172334.000,360.770
-443713.540,-1172315.830,360.240
-443713.420,-1172316.140,360.250
-443713.280,-1172316.470,360.260
-443713.150,-1172316.800,360.290
-443713.020,-1172317.120,360.320
-443712.890,-1172317.430,360.350
-443712.750,-1172317.780,360.390
-443712.610,-1172318.120,360.430
-443712.480,-1172318.440,360.470
-443712.340,-1172318.780,360.515
-443712.210,-1172319.100,360.560
-443712.070,-1172319.450,360.600
-443711.940,-1172319.760,360.660
-443711.840,-1172320.020,360.785
-443711.720,-1172320.290,361.050
-443711.610,-1172320.570,361.235
-443711.500,-1172320.840,361.510
-443711.400,-1172321.090,361.860
-443711.290,-1172321.360,362.030
-443711.180,-1172321.650,362.030
-443711.060,-1172321.940,362.030
-443710.840,-1172322.460,361.880
-443710.670,-1172322.870,361.625
-443710.270,-1172323.850,360.970
-443710.110,-1172324.230,360.890
-443709.950,-1172324.620,360.830
-443709.790,-1172325.010,360.780
-443710.040,-1172322.100,361.970
-443709.870,-1172322.530,361.890
-443709.660,-1172323.030,361.480
-443709.460,-1172323.510,361.140
-443709.280,-1172323.960,360.970
-443709.110,-1172324.360,360.870
-443708.960,-1172324.740,360.795
-443708.800,-1172325.110,360.770
-443708.630,-1172325.530,360.800
-443708.260,-1172326.450,360.950
-443708.090,-1172326.860,360.940
-443707.950,-1172327.180,360.920
-443707.820,-1172327.510,360.910
-443707.680,-1172327.860,360.900
-443707.520,-1172328.240,360.890
-443707.380,-1172328.590,360.890
-443707.210,-1172328.980,360.860
-443707.090,-1172329.300,360.860
-443706.930,-1172329.670,360.860
-443706.800,-1172330.000,360.850
-443706.500,-1172330.740,360.830
-443706.350,-1172331.100,360.820
-443706.200,-1172331.450,360.810
-443706.070,-1172331.780,360.800
-443705.920,-1172332.140,360.800
-443705.790,-1172332.470,360.780
-443705.630,-1172332.850,360.780
-443705.490,-1172333.190,360.780
-443705.360,-1172333.520,360.770
-443712.970,-1172315.880,360.230
-443712.830,-1172316.210,360.240
-443712.700,-1172316.540,360.260
-443712.570,-1172316.870,360.290
-443712.420,-1172317.230,360.320
-443712.280,-1172317.570,360.360
-443712.150,-1172317.890,360.390
-443712.010,-1172318.220,360.435
-443711.870,-1172318.580,360.470
-443711.740,-1172318.880,360.520
-443711.610,-1172319.220,360.580
-443711.470,-1172319.550,360.610
-443711.340,-1172319.860,360.670
-443711.240,-1172320.120,360.840
-443711.130,-1172320.380,361.080
-443711.010,-1172320.690,361.330
-443710.930,-1172320.900,361.720
-443710.600,-1172321.700,362.060
-443710.490,-1172321.980,362.030
-443710.280,-1172322.480,361.890
-443710.130,-1172322.850,361.650
-443709.870,-1172323.460,361.160
-443709.690,-1172323.910,360.975
-443709.530,-1172324.290,360.890
-443709.360,-1172324.710,360.820
-443709.200,-1172325.100,360.770
-443709.050,-1172325.480,360.770
-443708.840,-1172325.990,360.980
-443708.670,-1172326.390,360.980
-443708.530,-1172326.730,360.970
-443708.380,-1172327.120,360.950
-443708.240,-1172327.450,360.940
-443708.100,-1172327.790,360.930
-443707.950,-1172328.140,360.920
-443707.790,-1172328.550,360.910
-443707.650,-1172328.880,360.900
-443707.490,-1172329.270,360.890
-443707.360,-1172329.590,360.885
-443707.200,-1172329.970,360.870
-443707.080,-1172330.290,360.860
-443706.940,-1172330.630,360.850
-443706.790,-1172330.990,360.840
-443706.650,-1172331.320,360.840
-443706.510,-1172331.680,360.830
-443706.370,-1172332.010,360.820
-443706.220,-1172332.370,360.810
-443706.070,-1172332.750,360.800
-443705.930,-1172333.080,360.780
-443705.780,-1172333.440,360.780
-443705.630,-1172333.820,360.770
-443706.470,-1172328.930,360.820
-443706.330,-1172329.290,360.810
-443706.170,-1172329.680,360.810
-443706.020,-1172330.040,360.800
-443705.870,-1172330.400,360.795
-443705.720,-1172330.760,360.790
-443705.590,-1172331.080,360.780
-443705.450,-1172331.430,360.770
-443705.300,-1172331.790,360.770
-443705.140,-1172332.180,360.760
-443712.360,-1172315.770,360.220
-443712.250,-1172316.050,360.220
-443712.110,-1172316.390,360.240
-443711.970,-1172316.720,360.260
-443711.830,-1172317.080,360.290
-443711.680,-1172317.430,360.330
-443711.550,-1172317.770,360.380
-443711.420,-1172318.070,360.410
-443711.280,-1172318.410,360.460
-443711.150,-1172318.730,360.500
-443711.020,-1172319.050,360.540
-443710.880,-1172319.400,360.590
-443710.750,-1172319.730,360.630
-443710.610,-1172320.060,360.700
-443710.510,-1172320.310,360.935
-443710.390,-1172320.600,361.180
-443710.290,-1172320.860,361.520
-443710.080,-1172321.370,362.000
-443709.970,-1172321.650,362.000
-443709.850,-1172321.930,361.970
-443709.690,-1172322.330,361.940
-443709.500,-1172322.780,361.760
-443709.300,-1172323.270,361.300
-443709.120,-1172323.710,361.060
-443708.950,-1172324.120,360.930
-443708.800,-1172324.490,360.850
-443708.630,-1172324.900,360.780
-443708.480,-1172325.270,360.770
-443708.340,-1172325.610,360.805
-443707.950,-1172326.560,360.940
-443707.800,-1172326.920,360.930
-443707.640,-1172327.310,360.900
-443707.500,-1172327.670,360.890
-443707.350,-1172328.030,360.890
-443707.200,-1172328.390,360.870
-443707.050,-1172328.750,360.855
-443706.920,-1172329.090,360.845
-443706.780,-1172329.410,360.840
-443706.630,-1172329.790,360.830
-443706.480,-1172330.140,360.820
-443706.340,-1172330.490,360.820
-443706.190,-1172330.860,360.810
-443706.040,-1172331.240,360.800
-443705.880,-1172331.620,360.800
-443705.760,-1172331.920,360.790
-443705.610,-1172332.290,360.780
-443705.460,-1172332.640,360.780
-443712.530,-1172316.000,360.220
-443712.400,-1172316.310,360.240
-443712.270,-1172316.630,360.250
-443712.140,-1172316.950,360.280
-443712.010,-1172317.270,360.330
-443711.870,-1172317.610,360.360
-443711.730,-1172317.950,360.400
-443711.600,-1172318.280,360.440
-443711.450,-1172318.630,360.480
-443711.320,-1172318.960,360.520
-443711.180,-1172319.300,360.575
-443711.050,-1172319.630,360.620
-443710.920,-1172319.940,360.675
-443710.800,-1172320.230,360.850
-443710.690,-1172320.510,361.110
-443710.590,-1172320.760,361.335
-443710.280,-1172321.530,362.040
-443710.170,-1172321.800,362.010
-443705.270,-1172330.400,360.760
-443705.120,-1172330.750,360.755
-443711.550,-1172316.010,360.210
-443711.440,-1172316.300,360.220
-443711.300,-1172316.640,360.245
-443711.180,-1172316.940,360.270
-443711.040,-1172317.270,360.310
-443710.900,-1172317.620,360.350
-443710.760,-1172317.960,360.390
-443710.630,-1172318.280,360.425
-443710.490,-1172318.620,360.470
-443710.360,-1172318.950,360.515
-443710.230,-1172319.260,360.560
-443710.100,-1172319.590,360.600
-443709.950,-1172319.940,360.650
-443709.830,-1172320.250,360.820
-443709.720,-1172320.510,361.040
-443709.610,-1172320.790,361.285
-443709.510,-1172321.050,361.565
-443709.410,-1172321.290,361.750
-443709.300,-1172321.550,361.880
-443709.190,-1172321.830,361.960
-443709.080,-1172322.110,361.960
-443708.870,-1172322.610,361.870
-443708.690,-1172323.050,361.530
-443708.470,-1172323.580,361.185
-443708.290,-1172324.010,361.010
-443708.130,-1172324.400,360.890
-443707.980,-1172324.780,360.810
-443707.820,-1172325.170,360.780
-443707.640,-1172325.600,360.780
-443707.440,-1172326.090,360.890
-443706.980,-1172327.220,360.865
-443706.840,-1172327.550,360.850
-443706.700,-1172327.890,360.840
-443706.560,-1172328.240,360.825
-443706.410,-1172328.600,360.820
-443706.260,-1172328.960,360.810
-443706.110,-1172329.350,360.810
-443705.970,-1172329.660,360.800
-443705.830,-1172330.020,360.790
-443705.670,-1172330.400,360.790
-443705.520,-1172330.770,360.780
-443705.380,-1172331.110,360.770
-443705.230,-1172331.490,360.760
-443711.650,-1172316.260,360.220
-443711.520,-1172316.590,360.240
-443711.370,-1172316.940,360.270
-443711.230,-1172317.290,360.310
-443711.100,-1172317.610,360.350
-443710.970,-1172317.930,360.380
-443710.830,-1172318.280,360.430
-443710.690,-1172318.610,360.470
-443710.560,-1172318.940,360.520
-443710.420,-1172319.290,360.560
-443710.280,-1172319.630,360.610
-443710.150,-1172319.950,360.660
-443710.030,-1172320.240,360.780
-443709.920,-1172320.500,361.000
-443709.820,-1172320.770,361.295
-443709.700,-1172321.070,361.690
-443709.600,-1172321.310,361.820
-443709.490,-1172321.580,361.935
-443709.380,-1172321.840,361.940
-443709.270,-1172322.110,361.960
-443709.080,-1172322.570,361.890
-443708.880,-1172323.060,361.520
-443708.680,-1172323.540,361.150
-443708.500,-1172323.990,360.990
-443708.340,-1172324.370,360.890
-443708.190,-1172324.750,360.810
-443708.030,-1172325.120,360.780
-443707.880,-1172325.490,360.780
-443707.650,-1172326.070,360.915
-443707.340,-1172326.820,360.900
-443707.200,-1172327.160,360.880
-443707.050,-1172327.520,360.860
-443706.910,-1172327.880,360.850
-443706.760,-1172328.240,360.840
-443706.630,-1172328.560,360.830
-443706.210,-1172326.360,360.830
-443706.010,-1172326.850,360.820
-443705.860,-1172327.210,360.810
-443705.720,-1172327.550,360.790
-443705.580,-1172327.890,360.780
-443705.420,-1172328.280,360.780
-443705.280,-1172328.640,360.770
-443705.130,-1172328.990,360.760
-443704.990,-1172329.340,360.750
-443710.830,-1172316.110,360.190
-443710.690,-1172316.460,360.210
-443710.570,-1172316.760,360.230
-443710.430,-1172317.100,360.270
-443710.300,-1172317.430,360.310
-443710.150,-1172317.780,360.350
-443710.030,-1172318.090,360.390
-443709.900,-1172318.400,360.430
-443709.760,-1172318.730,360.470
-443709.630,-1172319.050,360.510
-443709.500,-1172319.390,360.560
-443709.360,-1172319.710,360.610
-443709.240,-1172320.030,360.650
-443709.110,-1172320.340,360.850
-443709.010,-1172320.580,361.020
-443708.900,-1172320.860,361.260
-443708.780,-1172321.150,361.520
-443708.690,-1172321.380,361.660
-443708.590,-1172321.630,361.870
-443708.470,-1172321.910,361.920
-443708.350,-1172322.220,361.920
-443708.140,-1172322.710,361.830
-443707.950,-1172323.180,361.500
-443707.740,-1172323.690,361.210
-443707.720,-1172323.730,361.170
-443707.570,-1172324.100,361.010
-443707.420,-1172324.480,360.915
-443707.260,-1172324.860,360.830
-443707.090,-1172325.280,360.790
-443706.930,-1172325.660,360.790
-443706.720,-1172326.170,360.840
-443706.370,-1172327.030,360.830
-443706.240,-1172327.340,360.820
-443706.080,-1172327.730,360.805
-443705.950,-1172328.050,360.800
-443705.800,-1172328.410,360.790
-443705.670,-1172328.750,360.780
-443705.380,-1172329.450,360.770
-443705.240,-1172329.790,360.760
-443705.090,-1172330.150,360.760
-443711.140,-1172316.020,360.200
-443711.010,-1172316.340,360.210
-443710.880,-1172316.670,360.230
-443710.760,-1172316.970,360.260
-443710.620,-1172317.300,360.300
-443710.490,-1172317.630,360.340
-443710.350,-1172317.970,360.380
-443710.220,-1172318.300,360.415
-443710.090,-1172318.620,360.460
-443709.950,-1172318.960,360.500
-443709.820,-1172319.280,360.550
-443709.670,-1172319.630,360.600
-443709.540,-1172319.960,360.640
-443709.420,-1172320.260,360.740
-443709.310,-1172320.520,360.965
-443709.200,-1172320.790,361.220
-443709.090,-1172321.080,361.430
-443708.990,-1172321.330,361.640
-443708.870,-1172321.610,361.870
-443708.750,-1172321.910,361.920
-443708.660,-1172322.140,361.930
-443708.500,-1172322.530,361.905
-443708.300,-1172323.000,361.590
-443708.090,-1172323.500,361.270
-443707.900,-1172323.980,361.050
-443707.740,-1172324.370,360.950
-443707.570,-1172324.780,360.830
-443707.410,-1172325.160,360.780
-443707.020,-1172326.120,360.860
-443706.680,-1172326.940,360.850
-443706.550,-1172327.260,360.830
-443706.420,-1172327.580,360.820
-443706.250,-1172327.990,360.810
-443706.140,-1172328.270,360.810
-443705.990,-1172328.640,360.800
-443705.840,-1172328.990,360.790
-443705.700,-1172329.330,360.780
-443705.560,-1172329.670,360.780
-443705.410,-1172330.050,360.770
-443706.590,-1172324.270,361.010
-443706.430,-1172324.670,360.930
-443706.300,-1172324.980,360.830
-443705.550,-1172326.820,360.810
-443705.410,-1172327.160,360.790
-443705.260,-1172327.520,360.780
-443705.110,-1172327.880,360.770
-443704.960,-1172328.260,360.760
-443704.790,-1172328.660,360.750
-443710.230,-1172316.160,360.190
-443710.090,-1172316.510,360.210
-443709.950,-1172316.840,360.240
-443709.820,-1172317.160,360.270
-443709.690,-1172317.480,360.310
-443709.550,-1172317.820,360.350
-443709.410,-1172318.170,360.390
-443709.280,-1172318.480,360.430
-443709.150,-1172318.820,360.470
-443709.000,-1172319.170,360.520
-443708.860,-1172319.520,360.570
-443708.730,-1172319.830,360.615
-443708.600,-1172320.150,360.660
-443708.490,-1172320.430,360.850
-443708.370,-1172320.720,361.120
-443708.280,-1172320.950,361.320
-443708.180,-1172321.200,361.520
-443708.060,-1172321.480,361.710
-443707.970,-1172321.720,361.890
-443707.860,-1172321.990,361.920
-443707.740,-1172322.280,361.925
-443707.540,-1172322.770,361.830
-443707.340,-1172323.250,361.500
-443707.160,-1172323.680,361.250
-443706.970,-1172324.140,361.055
-443706.810,-1172324.550,360.945
-443706.660,-1172324.920,360.860
-443706.510,-1172325.260,360.820
-443706.360,-1172325.640,360.815
-443706.110,-1172326.250,360.840
-443705.920,-1172326.720,360.820
-443705.750,-1172327.130,360.810
-443705.630,-1172327.420,360.790
-443705.490,-1172327.770,360.780
-443705.340,-1172328.130,360.780
-443705.180,-1172328.510,360.770
-443705.050,-1172328.840,360.760
-443704.910,-1172329.170,360.750
-443704.740,-1172329.600,360.740
-443710.320,-1172316.300,360.200
-443710.180,-1172316.640,360.220
-443710.060,-1172316.940,360.240
-443709.920,-1172317.290,360.280
-443709.770,-1172317.640,360.330
-443709.630,-1172317.980,360.370
-443709.500,-1172318.300,360.400
-443709.370,-1172318.640,360.450
-443709.230,-1172318.970,360.490
-443709.090,-1172319.310,360.540
-443708.960,-1172319.640,360.585
-443708.830,-1172319.950,360.630
-443708.710,-1172320.250,360.690
-443708.600,-1172320.510,360.880
-443708.490,-1172320.790,361.200
-443708.390,-1172321.040,361.370
-443708.290,-1172321.290,361.580
-443708.180,-1172321.560,361.800
-443708.070,-1172321.830,361.910
-443707.960,-1172322.110,361.930
-443707.620,-1172322.940,361.730
-443707.440,-1172323.370,361.440
-443707.390,-1172323.470,361.360
-443707.230,-1172323.870,361.130
-443707.050,-1172324.310,360.990
-443706.880,-1172324.710,360.905
-443706.710,-1172325.140,360.820
-443706.570,-1172325.480,360.820
-443706.440,-1172325.800,360.820
-443706.300,-1172326.130,360.830
-443708.000,-1172319.060,360.500
-443707.870,-1172319.380,360.550
-443707.740,-1172319.700,360.580
-443707.600,-1172320.040,360.625
-443707.470,-1172320.380,360.700
-443707.350,-1172320.660,360.975
-443707.240,-1172320.940,361.200
-443707.130,-1172321.210,361.430
-443707.030,-1172321.460,361.615
-443706.930,-1172321.720,361.830
-443706.830,-1172321.960,361.940
-443706.710,-1172322.250,361.965
-443706.590,-1172322.540,361.945
-443706.390,-1172323.020,361.800
-443704.770,-1172326.990,360.770
-443704.630,-1172327.320,360.740
-443709.540,-1172316.460,360.210
-443709.390,-1172316.820,360.230
-443709.250,-1172317.170,360.270
-443709.120,-1172317.490,360.310
-443708.990,-1172317.800,360.340
-443708.840,-1172318.160,360.380
-443708.710,-1172318.510,360.420
-443708.570,-1172318.840,360.470
-443708.430,-1172319.190,360.520
-443708.280,-1172319.540,360.570
-443708.160,-1172319.850,360.610
-443708.030,-1172320.160,360.650
-443707.930,-1172320.420,360.820
-443707.700,-1172320.990,361.300
-443707.600,-1172321.220,361.460
-443707.480,-1172321.520,361.710
-443707.370,-1172321.790,361.900
-443707.260,-1172322.060,361.930
-443707.150,-1172322.330,361.950
-443706.950,-1172322.810,361.870
-443706.760,-1172323.270,361.585
-443706.570,-1172323.750,361.245
-443706.400,-1172324.160,361.080
-443706.250,-1172324.530,360.980
-443705.530,-1172326.270,360.830
-443705.340,-1172326.740,360.810
-443705.210,-1172327.070,360.790
-443705.050,-1172327.440,360.770
-443709.850,-1172316.270,360.195
-443709.730,-1172316.580,360.210
-443709.590,-1172316.920,360.240
-443709.450,-1172317.260,360.280
-443709.310,-1172317.600,360.320
-443709.170,-1172317.940,360.360
-443709.030,-1172318.280,360.390
-443708.900,-1172318.610,360.450
-443708.770,-1172318.930,360.480
-443708.640,-1172319.250,360.525
-443708.500,-1172319.590,360.580
-443708.370,-1172319.920,360.620
-443708.230,-1172320.250,360.670
-443708.110,-1172320.550,360.915
-443708.000,-1172320.820,361.150
-443707.890,-1172321.090,361.360
-443707.780,-1172321.360,361.595
-443707.680,-1172321.620,361.810
-443707.580,-1172321.870,361.910
-443707.460,-1172322.150,361.940
-443707.350,-1172322.420,361.930
-443707.140,-1172322.940,361.795
-443706.960,-1172323.380,361.440
-443706.780,-1172323.810,361.185
-443708.380,-1172316.390,360.190
-443708.250,-1172316.690,360.210
-443708.120,-1172317.010,360.235
-443707.980,-1172317.370,360.270
-443707.850,-1172317.680,360.310
-443707.710,-1172318.020,360.360
-443707.580,-1172318.330,360.395
-443707.450,-1172318.660,360.430
-443707.320,-1172318.980,360.460
-443707.190,-1172319.300,360.490
-443707.060,-1172319.630,360.520
-443706.770,-1172320.320,360.660
-443706.660,-1172320.600,360.840
-443706.550,-1172320.870,361.090
-443706.450,-1172321.120,361.255
-443706.340,-1172321.390,361.450
-443706.230,-1172321.660,361.730
-443706.140,-1172321.890,361.890
-443706.030,-1172322.150,361.940
-443705.920,-1172322.420,361.960
-443704.330,-1172326.300,360.680
-443708.800,-1172316.480,360.210
-443708.670,-1172316.810,360.230
-443708.530,-1172317.150,360.260
-443708.390,-1172317.480,360.290
-443708.270,-1172317.780,360.330
-443708.140,-1172318.090,360.370
-443708.000,-1172318.450,360.410
-443707.870,-1172318.770,360.460
-443707.740,-1172319.080,360.500
-443707.600,-1172319.420,360.540
-443707.460,-1172319.760,360.575
-443707.330,-1172320.100,360.620
-443707.200,-1172320.410,360.785
-443707.100,-1172320.660,360.920
-443706.990,-1172320.930,361.205
-443706.890,-1172321.180,361.390
-443706.780,-1172321.460,361.605
-443706.660,-1172321.740,361.825
-443706.550,-1172322.010,361.940
-443706.440,-1172322.280,361.960
-443706.290,-1172322.650,361.950
-443706.130,-1172323.050,361.855
-443704.610,-1172326.750,360.760
-443709.080,-1172316.430,360.210
-443708.950,-1172316.730,360.230
-443708.810,-1172317.080,360.250
-443708.680,-1172317.400,360.290
-443708.550,-1172317.720,360.330
-443708.420,-1172318.050,360.370
-443708.280,-1172318.390,360.410
-443708.140,-1172318.730,360.460
-443707.540,-1172316.420,360.180
-443707.400,-1172316.740,360.210
-443707.280,-1172317.060,360.230
-443707.140,-1172317.390,360.260
-443707.000,-1172317.750,360.295
-443706.550,-1172318.830,359.835
-443706.440,-1172319.090,359.950
-443706.330,-1172319.370,360.075
-443706.240,-1172319.590,360.185
-443706.130,-1172319.860,360.320
-443706.020,-1172320.140,360.430
-443705.920,-1172320.390,360.670
-443705.830,-1172320.620,360.840
-443707.670,-1172316.500,360.195
-443707.540,-1172316.830,360.210
-443707.390,-1172317.180,360.230
-443707.270,-1172317.480,360.280
-443707.140,-1172317.810,360.315
-443707.010,-1172318.120,360.340
-443706.870,-1172318.460,360.360
-443706.580,-1172319.170,360.125
-443706.470,-1172319.430,360.230
-443706.360,-1172319.710,360.295
-443706.250,-1172319.980,360.410
-443706.140,-1172320.240,360.545
-443706.040,-1172320.490,360.810
-443705.940,-1172320.750,360.905
-443705.850,-1172320.980,361.145
-443705.740,-1172321.250,361.270
-443708.140,-1172316.360,360.190
-443708.010,-1172316.670,360.210
-443707.880,-1172317.000,360.230
-443707.750,-1172317.320,360.260
-443707.600,-1172317.670,360.310
-443707.470,-1172317.990,360.350
-443707.330,-1172318.350,360.390
-443707.190,-1172318.680,360.410
-443707.060,-1172319.020,360.430
-443706.720,-1172319.840,360.540
-443706.620,-1172320.090,360.580
-443706.520,-1172320.340,360.670
-443706.420,-1172320.580,360.850
-443706.310,-1172320.860,361.050
-443706.200,-1172321.120,361.220
-443706.100,-1172321.370,361.430
-443706.020,-1172321.580,361.630
-443705.900,-1172321.860,361.850
-443705.770,-1172316.940,358.095
-443705.670,-1172317.170,358.180
-443705.560,-1172317.460,358.250
-443705.450,-1172317.720,358.435
-443706.080,-1172316.810,358.185
-443705.970,-1172317.070,358.190
-443705.860,-1172317.340,358.260
-443705.760,-1172317.590,358.380
-443705.660,-1172317.850,358.550
-443705.560,-1172318.100,358.705
-443705.460,-1172318.350,358.880
-443705.370,-1172318.580,359.070
-443706.160,-1172318.020,358.900
-443706.060,-1172318.270,359.020
-443705.950,-1172318.530,359.160
-443705.850,-1172318.770,359.370
-443705.750,-1172319.030,359.520
-443705.650,-1172319.290,359.655
-443707.010,-1172316.700,360.190
-443706.890,-1172317.000,360.205
-443706.350,-1172318.310,359.310
-443706.250,-1172318.560,359.425
-443706.150,-1172318.810,359.520
-443706.040,-1172319.080,359.650
-443705.930,-1172319.350,359.810
-443705.830,-1172319.600,359.990
-443705.720,-1172319.860,360.170
-443705.610,-1172320.140,360.405
-443705.510,-1172316.680,357.915
-443705.390,-1172316.960,358.020
-443721.400,-1172315.200,357.520
-443721.620,-1172315.000,357.455
-443721.830,-1172315.180,357.415
-443722.040,-1172314.980,355.520
-443722.130,-1172315.470,355.890
-443722.360,-1172315.260,355.580
-443722.580,-1172315.060,355.425
-443722.800,-1172314.850,355.335
-443722.760,-1172315.390,355.580
-443722.990,-1172315.180,355.480
-443723.210,-1172314.980,355.370
-443723.270,-1172315.390,355.610
-443723.520,-1172315.160,355.480
-443723.780,-1172314.930,355.405
-443723.990,-1172314.740,355.355
-443724.050,-1172315.090,355.480
-443724.290,-1172314.860,355.400
-443724.530,-1172314.640,355.330
-443724.470,-1172315.240,355.540
-443724.710,-1172315.020,355.500
-443724.940,-1172314.800,355.430
-443725.160,-1172314.610,355.360
-443725.060,-1172315.170,355.540
-443725.290,-1172314.960,355.490
-443725.510,-1172314.750,355.440
-443725.740,-1172314.550,355.370
-443725.560,-1172315.210,355.610
-443725.800,-1172314.990,355.540
-443726.030,-1172314.780,355.510
-443726.250,-1172314.580,355.400
-443726.120,-1172315.130,355.600
-443726.350,-1172314.920,355.540
-443721.150,-1172325.770,355.560
-443721.160,-1172326.200,355.260
-443721.520,-1172325.870,355.465
-443721.380,-1172326.390,355.115
-443721.700,-1172326.100,355.280
-443722.040,-1172325.780,355.460
-443721.410,-1172326.800,354.970
-443721.730,-1172326.510,355.060
-443722.060,-1172326.210,355.200
-443722.410,-1172325.890,355.400
-443722.730,-1172325.590,355.600
-443721.680,-1172327.150,354.830
-443722.010,-1172326.850,354.880
-443722.340,-1172326.550,354.970
-443722.670,-1172326.250,355.080
-443723.020,-1172325.930,355.280
-443723.370,-1172325.600,355.475
-443722.530,-1172326.910,354.840
-443722.850,-1172326.610,354.930
-443723.210,-1172326.280,355.050
-443723.530,-1172325.980,355.210
-443723.850,-1172325.690,355.420
-443723.080,-1172326.860,354.855
-443723.410,-1172326.560,354.940
-443723.760,-1172326.240,355.050
-443724.120,-1172325.910,355.220
-443724.470,-1172325.590,355.430
-443723.450,-1172326.900,354.790
-443723.770,-1172326.610,354.890
-443724.110,-1172326.300,355.020
-443724.450,-1172325.990,355.170
-443724.780,-1172325.680,355.375
-443725.100,-1172325.390,355.535
-443723.970,-1172326.840,354.820
-443724.320,-1172326.510,354.950
-443724.640,-1172326.220,355.080
-443724.990,-1172325.900,355.290
-443725.340,-1172325.580,355.430
-443725.670,-1172325.280,355.600
-443724.520,-1172326.740,354.865
-443724.880,-1172326.410,355.020
-443725.200,-1172326.110,355.175
-443725.540,-1172325.800,355.360
-443725.880,-1172325.480,355.475
-443724.920,-1172326.710,354.870
-443725.270,-1172326.390,355.090
-443725.660,-1172326.030,355.230
-443725.940,-1172325.770,355.370
-443726.290,-1172325.450,355.490
-443726.610,-1172325.150,355.590
-443726.460,-1172325.710,355.400
-443726.800,-1172325.390,355.470
-443726.760,-1172325.950,355.350
-443727.090,-1172325.650,355.405
-443727.420,-1172325.350,355.435
-443727.480,-1172325.850,355.360
-443720.490,-1172326.810,355.130
-443720.810,-1172326.520,355.175
-443720.700,-1172327.020,355.020
-443721.050,-1172326.700,355.070
-443721.050,-1172327.130,354.870
-443719.490,-1172326.300,355.475
-443719.800,-1172326.020,355.560
-443719.690,-1172326.570,355.330
-443720.030,-1172326.260,355.455
-443720.390,-1172325.930,355.530
-443720.210,-1172326.630,355.250
-443720.500,-1172326.370,355.285
-443720.820,-1172326.070,355.365
-443717.480,-1172326.650,355.680
-443717.810,-1172326.350,355.680
-443717.890,-1172326.810,355.440
-443718.220,-1172326.510,355.460
-443718.560,-1172326.200,355.560
-443718.300,-1172326.920,355.320
-443718.590,-1172326.650,355.380
-443718.920,-1172326.350,355.490
-443719.250,-1172326.050,355.625
-443719.150,-1172326.620,355.360
-443717.400,-1172326.340,356.030
-443727.140,-1172325.080,355.540
-443727.460,-1172324.790,355.600
-443726.950,-1172324.840,355.655
-443727.300,-1172324.520,355.810
-443726.230,-1172325.160,355.610
-443726.590,-1172324.840,355.770
-443726.930,-1172324.520,355.880
-443727.280,-1172324.200,356.005
-443726.020,-1172324.960,355.770
-443726.370,-1172324.630,355.950
-443726.690,-1172324.340,356.045
-443727.020,-1172324.030,356.205
-443727.350,-1172323.730,356.305
-443725.420,-1172325.090,355.710
-443725.790,-1172324.760,355.920
-443726.110,-1172324.460,356.120
-443726.430,-1172324.160,356.255
-443726.790,-1172323.830,356.420
-443727.110,-1172323.540,356.600
-443724.810,-1172325.280,355.630
-443725.140,-1172324.970,355.840
-443725.470,-1172324.670,356.045
-443725.820,-1172324.350,356.220
-443726.140,-1172324.050,356.390
-443726.470,-1172323.750,356.600
-443726.810,-1172323.440,356.730
-443727.140,-1172323.130,356.975
-443724.210,-1172325.360,355.620
-443724.570,-1172325.030,355.855
-443724.890,-1172324.730,356.030
-443725.230,-1172324.420,356.225
-443725.580,-1172324.100,356.400
-443725.920,-1172323.780,356.635
-443726.250,-1172323.480,356.780
-443726.590,-1172323.170,356.950
-443726.920,-1172322.860,357.250
-443727.260,-1172322.550,357.440
-443723.720,-1172325.280,355.730
-443724.060,-1172324.970,355.970
-443724.420,-1172324.640,356.100
-443724.760,-1172324.330,356.300
-443725.070,-1172324.040,356.480
-443725.390,-1172323.750,356.680
-443725.740,-1172323.420,356.880
-443726.090,-1172323.100,357.090
-443726.410,-1172322.800,357.280
-443726.770,-1172322.470,357.550
-443727.120,-1172322.160,357.685
-443723.080,-1172325.260,355.760
-443723.450,-1172324.930,356.015
-443723.780,-1172324.630,356.170
-443724.090,-1172324.330,356.390
-443724.440,-1172324.010,356.600
-443724.800,-1172323.690,356.795
-443725.140,-1172323.370,357.010
-443725.470,-1172323.060,357.165
-443725.820,-1172322.740,357.370
-443726.160,-1172322.430,357.580
-443726.480,-1172322.140,357.730
-443726.800,-1172321.850,357.830
-443727.070,-1172321.590,357.870
-443722.370,-1172325.490,355.710
-443722.700,-1172325.180,355.860
-443723.030,-1172324.880,356.060
-443723.380,-1172324.550,356.250
-443723.720,-1172324.240,356.430
-443724.050,-1172323.930,356.645
-443724.410,-1172323.610,356.850
-443724.750,-1172323.300,357.070
-443725.050,-1172323.010,357.290
-443725.390,-1172322.700,357.420
-443725.740,-1172322.380,357.670
-443726.100,-1172322.050,357.870
-443726.430,-1172321.740,357.925
-443726.730,-1172321.470,357.925
-443726.980,-1172321.240,357.910
-443727.180,-1172321.060,357.890
-443721.840,-1172325.570,355.660
-443722.190,-1172325.250,355.840
-443722.510,-1172324.960,356.030
-443722.860,-1172324.640,356.230
-443723.190,-1172324.330,356.420
-443723.540,-1172324.010,356.605
-443723.860,-1172323.710,356.840
-443724.190,-1172323.410,357.035
-443724.530,-1172323.100,357.260
-443724.850,-1172322.800,357.460
-443725.170,-1172322.510,357.620
-443725.520,-1172322.180,357.820
-443725.850,-1172321.890,357.960
-443726.190,-1172321.570,358.040
-443726.500,-1172321.290,358.000
-443726.700,-1172321.100,357.980
-443726.930,-1172320.890,357.950
-443727.160,-1172320.680,357.890
-443721.490,-1172325.460,355.735
-443721.830,-1172325.140,355.940
-443722.170,-1172324.830,356.130
-443722.510,-1172324.520,356.350
-443722.870,-1172324.190,356.570
-443723.220,-1172323.870,356.755
-443723.560,-1172323.550,356.960
-443723.900,-1172323.240,357.220
-443724.210,-1172322.950,357.420
-443724.560,-1172322.630,357.580
-443724.890,-1172322.320,357.800
-443725.210,-1172322.030,357.940
-443725.550,-1172321.720,358.130
-443725.860,-1172321.430,358.240
-443726.200,-1172321.120,358.170
-443726.410,-1172320.930,358.130
-443726.620,-1172320.730,358.055
-443726.870,-1172320.500,357.965
-443727.080,-1172320.310,357.900
-443721.060,-1172325.310,355.920
-443721.410,-1172324.990,356.070
-443721.740,-1172324.690,356.270
-443722.060,-1172324.390,356.530
-443722.390,-1172324.080,356.700
-443722.740,-1172323.760,356.875
-443723.090,-1172323.450,357.110
-443723.400,-1172323.160,357.345
-443724.460,-1172322.180,358.100
-443724.780,-1172321.890,358.210
-443725.130,-1172321.560,358.300
-443725.470,-1172321.260,358.410
-443725.780,-1172320.970,358.420
-443726.010,-1172320.760,358.345
-443726.230,-1172320.560,358.270
-443726.450,-1172320.350,358.140
-443726.670,-1172320.150,358.020
-443726.920,-1172319.920,357.920
-443721.140,-1172324.780,356.280
-443721.550,-1172324.410,356.540
-443721.850,-1172324.130,356.740
-443722.190,-1172323.810,356.900
-443722.560,-1172323.480,357.140
-443722.900,-1172323.160,357.340
-443723.220,-1172322.870,357.560
-443724.240,-1172321.930,358.255
-443724.570,-1172321.630,358.415
-443724.900,-1172321.320,358.500
-443725.260,-1172320.990,358.580
-443725.560,-1172320.720,358.560
-443725.790,-1172320.500,358.500
-443726.020,-1172320.290,358.400
-443726.260,-1172320.080,358.225
-443726.460,-1172319.890,358.095
-443726.700,-1172319.660,358.005
-443726.940,-1172319.450,357.945
-443721.280,-1172324.180,356.760
-443721.590,-1172323.890,356.890
-443721.940,-1172323.570,357.100
-443722.260,-1172323.280,357.305
-443722.590,-1172322.970,357.480
-443722.950,-1172322.640,357.740
-443723.300,-1172322.320,358.040
-443723.630,-1172322.020,358.260
-443723.980,-1172321.690,358.430
-443724.320,-1172321.380,358.600
-443724.660,-1172321.070,358.700
-443724.990,-1172320.770,358.750
-443725.270,-1172320.510,358.670
-443725.490,-1172320.300,358.620
-443725.730,-1172320.090,358.520
-443725.950,-1172319.880,358.380
-443726.180,-1172319.670,358.210
-443726.420,-1172319.450,358.090
-443726.660,-1172319.230,358.000
-443726.880,-1172319.030,357.930
-443721.220,-1172323.750,356.995
-443721.570,-1172323.420,357.245
-443721.890,-1172323.130,357.420
-443722.210,-1172322.830,357.600
-443722.570,-1172322.500,357.810
-443722.900,-1172322.200,358.060
-443723.250,-1172321.880,358.315
-443723.580,-1172321.580,358.490
-443723.930,-1172321.250,358.700
-443724.240,-1172320.960,358.830
-443724.580,-1172320.650,358.880
-443724.910,-1172320.350,358.800
-443725.160,-1172320.120,358.725
-443725.380,-1172319.910,358.610
-443725.610,-1172319.710,358.480
-443725.840,-1172319.500,358.320
-443726.050,-1172319.300,358.160
-443726.280,-1172319.090,358.030
-443726.520,-1172318.880,357.950
-443726.760,-1172318.650,357.905
-443726.970,-1172318.450,357.840
-443721.180,-1172323.240,357.410
-443721.540,-1172322.920,357.580
-443721.870,-1172322.610,357.780
-443722.190,-1172322.310,357.990
-443722.510,-1172322.020,358.165
-443722.850,-1172321.710,358.360
-443723.210,-1172321.380,358.600
-443723.510,-1172321.100,358.775
-443723.840,-1172320.790,358.900
-443724.200,-1172320.470,358.910
-443724.450,-1172320.230,358.880
-443724.690,-1172320.010,358.810
-443725.160,-1172319.580,358.555
-443725.380,-1172319.380,358.405
-443725.610,-1172319.170,358.300
-443725.860,-1172318.940,358.125
-443726.100,-1172318.710,358.000
-443726.340,-1172318.500,357.880
-443726.560,-1172318.290,357.835
-443726.780,-1172318.090,357.700
-443721.110,-1172322.920,357.645
-443721.460,-1172322.600,357.820
-443721.820,-1172322.270,358.020
-443722.140,-1172321.980,358.225
-443722.480,-1172321.660,358.420
-443722.840,-1172321.340,358.610
-443723.200,-1172321.010,358.890
-443723.490,-1172320.730,358.930
-443723.800,-1172320.450,358.940
-443724.050,-1172320.220,358.930
-443724.270,-1172320.020,358.880
-443724.500,-1172319.800,358.770
-443724.720,-1172319.600,358.610
-443724.950,-1172319.390,358.520
-443725.190,-1172319.170,358.360
-443725.410,-1172318.970,358.250
-443725.650,-1172318.740,358.080
-443725.910,-1172318.510,357.940
-443726.130,-1172318.310,357.840
-443726.340,-1172318.120,357.760
-443726.590,-1172317.880,357.585
-443720.990,-1172322.630,357.800
-443721.310,-1172322.340,358.020
-443721.660,-1172322.010,358.220
-443722.020,-1172321.690,358.420
-443722.340,-1172321.390,358.600
-443722.730,-1172321.030,358.880
-443723.040,-1172320.750,358.920
-443723.340,-1172320.470,358.920
-443723.570,-1172320.260,358.900
-443723.810,-1172320.040,358.880
-443724.030,-1172319.830,358.780
-443724.280,-1172319.600,358.610
-443724.500,-1172319.400,358.490
-443724.710,-1172319.210,358.380
-443724.940,-1172318.990,358.240
-443725.170,-1172318.790,358.120
-443725.640,-1172318.350,357.830
-443725.870,-1172318.140,357.700
-443726.100,-1172317.930,357.570
-443726.330,-1172317.720,357.470
-443720.890,-1172322.300,358.080
-443721.220,-1172321.990,358.245
-443721.570,-1172321.670,358.450
-443721.930,-1172321.340,358.675
-443722.250,-1172321.040,358.890
-443722.570,-1172320.750,358.910
-443722.860,-1172320.490,358.920
-443723.100,-1172320.260,358.910
-443723.350,-1172320.030,358.850
-443723.560,-1172319.840,358.770
-443723.810,-1172319.610,358.610
-443724.050,-1172319.390,358.425
-443724.280,-1172319.180,358.315
-443724.490,-1172318.980,358.190
-443724.760,-1172318.740,358.050
-443724.970,-1172318.540,357.935
-443725.210,-1172318.320,357.780
-443725.440,-1172318.120,357.635
-443725.660,-1172317.910,357.520
-443725.900,-1172317.690,357.400
-443726.120,-1172317.490,357.240
-443726.360,-1172317.270,357.075
-443726.570,-1172317.070,356.910
-443720.830,-1172321.890,358.370
-443721.150,-1172321.590,358.550
-443722.180,-1172320.640,358.920
-443722.440,-1172320.400,358.905
-443722.670,-1172320.190,358.900
-443722.910,-1172319.970,358.820
-443723.140,-1172319.760,358.670
-443723.360,-1172319.560,358.520
-443723.590,-1172319.350,358.390
-443723.820,-1172319.130,358.275
-443724.070,-1172318.910,358.110
-443724.280,-1172318.710,357.940
-443724.520,-1172318.490,357.790
-443724.760,-1172318.270,357.680
-443725.010,-1172318.040,357.520
-443725.230,-1172317.840,357.405
-443725.470,-1172317.620,357.260
-443725.700,-1172317.400,357.100
-443725.950,-1172317.180,356.990
-443726.170,-1172316.980,356.870
-443726.390,-1172316.770,356.745
-443726.590,-1172316.580,356.660
-443720.750,-1172321.620,358.530
-443722.030,-1172320.440,358.900
-443722.280,-1172320.220,358.895
-443722.480,-1172320.030,358.815
-443722.730,-1172319.800,358.665
-443722.970,-1172319.580,358.530
-443723.210,-1172319.360,358.390
-443723.440,-1172319.150,358.240
-443723.670,-1172318.930,358.120
-443723.920,-1172318.700,357.960
-443724.140,-1172318.510,357.820
-443724.360,-1172318.300,357.695
-443724.590,-1172318.090,357.520
-443724.830,-1172317.870,357.410
-443725.290,-1172317.450,357.170
-443725.540,-1172317.220,357.050
-443725.780,-1172317.000,356.870
-443726.010,-1172316.790,356.750
-443726.240,-1172316.580,356.650
-443726.480,-1172316.350,356.535
-443720.820,-1172321.120,358.850
-443721.860,-1172320.150,358.830
-443722.090,-1172319.950,358.700
-443722.310,-1172319.750,358.555
-443722.550,-1172319.530,358.410
-443722.770,-1172319.320,358.330
-443723.020,-1172319.090,358.170
-443723.260,-1172318.870,358.000
-443723.470,-1172318.670,357.900
-443723.700,-1172318.460,357.780
-443723.940,-1172318.250,357.625
-443724.170,-1172318.030,357.490
-443724.410,-1172317.810,357.400
-443724.650,-1172317.590,357.220
-443724.900,-1172317.360,357.040
-443725.120,-1172317.160,356.900
-443725.350,-1172316.950,356.810
-443725.580,-1172316.740,356.680
-443725.810,-1172316.520,356.540
-443726.050,-1172316.310,356.420
-443726.280,-1172316.090,356.310
-443720.880,-1172320.570,358.870
-443721.130,-1172320.350,358.840
-443721.350,-1172320.140,358.775
-443721.560,-1172319.940,358.630
-443721.820,-1172319.700,358.480
-443722.050,-1172319.500,358.360
-443722.270,-1172319.290,358.260
-443722.500,-1172319.080,358.120
-443722.740,-1172318.860,357.960
-443722.960,-1172318.650,357.850
-443723.170,-1172318.460,357.725
-443723.410,-1172318.250,357.610
-443723.660,-1172318.020,357.455
-443723.870,-1172317.820,357.300
-443724.110,-1172317.600,357.160
-443724.370,-1172317.360,357.020
-443724.580,-1172317.170,356.880
-443724.800,-1172316.960,356.765
-443725.040,-1172316.740,356.640
-443725.290,-1172316.520,356.500
-443725.530,-1172316.300,356.360
-443725.760,-1172316.090,356.270
-443725.990,-1172315.870,356.090
-443726.230,-1172315.650,355.905
-443726.440,-1172315.460,355.790
-443720.760,-1172320.060,358.720
-443721.010,-1172319.830,358.550
-443721.240,-1172319.610,358.410
-443721.470,-1172319.400,358.310
-443721.700,-1172319.200,358.180
-443721.960,-1172318.960,358.015
-443722.180,-1172318.750,357.880
-443722.410,-1172318.540,357.760
-443722.650,-1172318.320,357.615
-443722.870,-1172318.120,357.500
-443723.090,-1172317.910,357.360
-443723.310,-1172317.720,357.195
-443723.550,-1172317.500,357.025
-443723.780,-1172317.280,356.920
-443724.000,-1172317.080,356.795
-443724.240,-1172316.860,356.635
-443724.480,-1172316.640,356.490
-443724.710,-1172316.420,356.370
-443724.950,-1172316.210,356.260
-443725.160,-1172316.010,356.100
-443725.400,-1172315.790,355.940
-443725.650,-1172315.570,355.815
-443725.880,-1172315.350,355.705
-443720.690,-1172319.690,358.580
-443720.920,-1172319.480,358.425
-443721.140,-1172319.280,358.325
-443721.380,-1172319.060,358.165
-443721.620,-1172318.830,358.025
-443721.850,-1172318.620,357.885
-443722.100,-1172318.390,357.750
-443722.340,-1172318.170,357.605
-443722.570,-1172317.960,357.490
-443723.030,-1172317.540,357.050
-443723.270,-1172317.320,356.875
-443723.500,-1172317.110,356.770
-443723.710,-1172316.910,356.635
-443723.930,-1172316.710,356.510
-443724.170,-1172316.490,356.380
-443724.400,-1172316.280,356.260
-443724.620,-1172316.080,356.100
-443724.860,-1172315.860,355.945
-443725.110,-1172315.630,355.810
-443725.320,-1172315.430,355.710
-443723.000,-1172317.070,356.715
-443723.220,-1172316.860,356.580
-443723.460,-1172316.650,356.430
-443723.670,-1172316.450,356.310
-443723.910,-1172316.220,356.200
-443724.140,-1172316.020,356.045
-443724.380,-1172315.800,355.900
-443724.590,-1172315.600,355.770
-443724.810,-1172315.400,355.660
-443720.720,-1172319.160,358.405
-443720.970,-1172318.930,358.270
-443721.190,-1172318.730,358.140
-443721.420,-1172318.520,357.985
-443721.640,-1172318.310,357.880
-443721.880,-1172318.100,357.710
-443722.110,-1172317.880,357.590
-443722.300,-1172317.710,357.465
-443722.520,-1172317.510,357.280
-443722.750,-1172317.300,357.010
-443720.660,-1172318.750,358.325
-443720.870,-1172318.550,358.200
-443721.110,-1172318.330,358.080
-443721.350,-1172318.110,357.945
-443721.590,-1172317.890,357.790
-443721.830,-1172317.670,357.665
-443722.050,-1172317.460,357.510
-443722.370,-1172317.170,357.165
-443722.600,-1172316.960,356.785
-443722.820,-1172316.760,356.540
-443723.090,-1172316.510,356.295
-443723.300,-1172316.310,356.170
-443723.540,-1172316.100,356.055
-443723.780,-1172315.880,355.880
-443724.010,-1172315.660,355.750
-443724.240,-1172315.450,355.660
-443720.560,-1172318.300,358.330
-443720.790,-1172318.080,358.190
-443721.030,-1172317.860,358.060
-443721.270,-1172317.640,357.935
-443721.500,-1172317.440,357.790
-443721.720,-1172317.230,357.640
-443721.950,-1172317.020,357.530
-443722.190,-1172316.800,357.360
-443722.430,-1172316.580,356.610
-443722.660,-1172316.360,356.310
-443722.890,-1172316.150,356.065
-443723.120,-1172315.950,355.895
-443723.340,-1172315.740,355.750
-443723.580,-1172315.520,355.660
-443720.590,-1172317.860,358.290
-443720.810,-1172317.650,358.160
-443721.030,-1172317.450,358.030
-443721.270,-1172317.230,357.900
-443721.510,-1172317.020,357.760
-443721.740,-1172316.800,357.610
-443721.950,-1172316.610,357.530
-443722.200,-1172316.380,356.790
-443722.120,-1172316.450,357.430
-443722.340,-1172316.240,356.435
-443722.560,-1172316.040,356.160
-443722.820,-1172315.810,355.860
-443723.040,-1172315.610,355.680
-443720.410,-1172317.550,358.340
-443720.640,-1172317.340,358.210
-443720.880,-1172317.120,358.065
-443721.090,-1172316.930,357.940
-443721.320,-1172316.720,357.800
-443721.540,-1172316.510,357.700
-443721.780,-1172316.290,357.570
-443722.020,-1172316.070,357.450
-443722.050,-1172316.050,357.440
-443722.290,-1172315.820,356.120
-443722.520,-1172315.610,355.810
-443720.560,-1172316.910,358.130
-443720.770,-1172316.720,358.000
-443721.010,-1172316.490,357.865
-443721.240,-1172316.290,357.735
-443721.480,-1172316.060,357.590
-443721.700,-1172315.870,357.520
-443721.930,-1172315.650,357.410
-443720.510,-1172316.390,357.955
-443720.720,-1172316.190,357.860
-443720.970,-1172315.970,357.730
-443721.230,-1172315.730,357.615
-443721.460,-1172315.520,357.545
-443721.690,-1172315.310,357.460
-443720.310,-1172316.200,357.940
-443720.530,-1172316.000,357.835
-443720.760,-1172315.780,357.730
-443721.020,-1172315.550,357.625
-443721.240,-1172315.340,357.550
-443721.460,-1172315.140,357.490
-443720.510,-1172315.600,357.720
-443720.740,-1172315.390,357.640
-443716.310,-1172334.610,360.730
-443714.450,-1172336.720,360.850
-443714.690,-1172336.500,360.840
-443714.940,-1172336.280,360.830
-443715.200,-1172336.040,360.810
-443715.470,-1172335.790,360.780
-443715.760,-1172335.520,360.760
-443716.020,-1172335.280,360.740
-443716.280,-1172335.040,360.730
-443716.540,-1172334.800,360.720
-443715.080,-1172336.670,360.830
-443715.320,-1172336.440,360.820
-443715.530,-1172336.250,360.800
-443715.810,-1172335.990,360.775
-443716.100,-1172335.730,360.750
-443716.370,-1172335.480,360.730
-443716.620,-1172335.250,360.715
-443715.560,-1172336.780,360.900
-443715.840,-1172336.530,360.800
-443716.040,-1172336.340,360.780
-443716.270,-1172336.130,360.760
-443716.510,-1172335.910,360.750
-443716.290,-1172336.530,360.780
-443716.440,-1172336.390,360.770
-443716.670,-1172336.180,360.750
-443712.110,-1172336.940,360.990
-443712.350,-1172336.710,360.980
-443712.600,-1172336.480,360.950
-443712.890,-1172336.220,360.930
-443713.170,-1172335.960,360.900
-443713.430,-1172335.720,360.880
-443713.690,-1172335.480,360.860
-443713.960,-1172335.240,360.840
-443714.250,-1172334.970,360.820
-443714.520,-1172334.720,360.800
-443714.810,-1172334.460,360.790
-443715.090,-1172334.200,360.780
-443715.340,-1172333.970,360.770
-443715.630,-1172333.700,360.750
-443715.890,-1172333.470,360.740
-443716.170,-1172333.210,360.730
-443716.400,-1172332.990,360.720
-443712.460,-1172336.990,360.950
-443712.740,-1172336.740,360.930
-443712.970,-1172336.520,360.920
-443713.260,-1172336.250,360.910
-443713.540,-1172336.000,360.890
-443713.810,-1172335.750,360.870
-443714.080,-1172335.500,360.840
-443714.340,-1172335.260,360.820
-443714.590,-1172335.030,360.800
-443714.890,-1172334.760,360.780
-443715.170,-1172334.500,360.780
-443715.430,-1172334.260,360.770
-443715.700,-1172334.010,360.750
-443715.990,-1172333.750,360.740
-443716.290,-1172333.470,360.720
-443716.460,-1172333.310,360.700
-443713.050,-1172336.860,360.900
-443713.290,-1172336.640,360.900
-443713.520,-1172336.430,360.890
-443713.810,-1172336.160,360.880
-443714.100,-1172335.900,360.860
-443714.360,-1172335.660,360.830
-443714.620,-1172335.420,360.810
-443714.920,-1172335.140,360.780
-443715.190,-1172334.900,360.770
-443715.460,-1172334.650,360.760
-443715.740,-1172334.390,360.750
-443716.000,-1172334.150,360.730
-443716.280,-1172333.890,360.730
-443713.600,-1172336.760,360.880
-443713.830,-1172336.550,360.880
-443714.090,-1172336.310,360.880
-443714.360,-1172336.060,360.850
-443714.640,-1172335.810,360.825
-443714.890,-1172335.570,360.800
-443715.180,-1172335.310,360.780
-443715.450,-1172335.060,360.770
-443715.710,-1172334.820,360.755
-443715.980,-1172334.570,360.750
-443716.230,-1172334.340,360.730
-443716.500,-1172334.100,360.720
-443713.990,-1172336.740,360.870
-443714.220,-1172336.530,360.870
-443714.440,-1172336.330,360.850
-443714.700,-1172336.080,360.830
-443714.970,-1172335.840,360.810
-443715.230,-1172335.600,360.780
-443715.520,-1172335.330,360.770
-443715.780,-1172335.100,360.750
-443716.060,-1172334.840,360.740
-443709.870,-1172337.400,361.065
-443710.120,-1172337.170,361.060
-443710.380,-1172336.930,361.060
-443710.640,-1172336.690,361.050
-443710.930,-1172336.420,361.040
-443711.210,-1172336.160,361.030
-443711.470,-1172335.930,361.010
-443711.750,-1172335.670,360.990
-443712.020,-1172335.420,360.960
-443712.310,-1172335.160,360.950
-443712.560,-1172334.930,360.930
-443712.860,-1172334.650,360.900
-443713.110,-1172334.420,360.890
-443713.390,-1172334.170,360.870
-443713.660,-1172333.910,360.840
-443713.930,-1172333.670,360.830
-443714.190,-1172333.430,360.820
-443714.450,-1172333.180,360.810
-443714.730,-1172332.930,360.790
-443715.000,-1172332.690,360.780
-443715.260,-1172332.440,360.770
-443715.540,-1172332.190,360.760
-443715.810,-1172331.930,360.750
-443716.080,-1172331.690,360.740
-443710.770,-1172337.180,361.070
-443711.040,-1172336.930,361.060
-443711.300,-1172336.690,361.050
-443711.560,-1172336.450,361.030
-443711.830,-1172336.200,361.010
-443712.090,-1172335.960,360.980
-443712.370,-1172335.700,360.940
-443712.650,-1172335.440,360.920
-443712.910,-1172335.210,360.910
-443713.160,-1172334.980,360.890
-443713.430,-1172334.730,360.870
-443713.720,-1172334.470,360.840
-443713.990,-1172334.220,360.830
-443714.240,-1172333.990,360.820
-443714.520,-1172333.720,360.800
-443714.790,-1172333.480,360.790
-443715.070,-1172333.230,360.780
-443715.350,-1172332.970,360.770
-443715.620,-1172332.720,360.760
-443715.880,-1172332.480,360.750
-443716.150,-1172332.230,360.740
-443711.290,-1172337.220,361.060
-443711.560,-1172336.970,361.030
-443711.820,-1172336.740,361.020
-443712.070,-1172336.510,361.000
-443712.320,-1172336.280,360.970
-443712.610,-1172336.010,360.940
-443712.870,-1172335.770,360.910
-443713.130,-1172335.530,360.890
-443713.400,-1172335.280,360.870
-443713.670,-1172335.040,360.860
-443713.940,-1172334.780,360.830
-443714.210,-1172334.540,360.820
-443714.500,-1172334.270,360.810
-443714.760,-1172334.030,360.790
-443715.060,-1172333.760,360.780
-443715.320,-1172333.520,360.770
-443715.600,-1172333.260,360.750
-443715.880,-1172333.000,360.750
-443716.170,-1172332.740,360.730
-443716.380,-1172332.540,360.720
-443708.870,-1172337.490,361.030
-443709.130,-1172337.250,361.000
-443709.370,-1172337.030,361.010
-443709.640,-1172336.780,361.020
-443709.930,-1172336.510,361.020
-443710.240,-1172336.230,361.030
-443710.500,-1172335.980,361.040
-443710.780,-1172335.730,361.040
-443711.070,-1172335.470,361.030
-443711.350,-1172335.200,361.020
-443711.620,-1172334.960,360.990
-443711.890,-1172334.710,360.970
-443712.170,-1172334.450,360.950
-443712.440,-1172334.200,360.930
-443712.700,-1172333.960,360.910
-443712.960,-1172333.730,360.890
-443713.220,-1172333.480,360.870
-443713.510,-1172333.220,360.850
-443713.790,-1172332.960,360.840
-443714.070,-1172332.710,360.825
-443714.350,-1172332.450,360.820
-443714.630,-1172332.190,360.800
-443714.890,-1172331.960,360.800
-443715.180,-1172331.680,360.780
-443715.450,-1172331.440,360.760
-443715.710,-1172331.200,360.750
-443715.970,-1172330.960,360.740
-443709.410,-1172337.380,361.040
-443709.700,-1172337.120,361.030
-443709.930,-1172336.900,361.040
-443710.240,-1172336.620,361.050
-443710.520,-1172336.360,361.040
-443710.830,-1172336.080,361.040
-443711.090,-1172335.850,361.030
-443711.350,-1172335.600,361.020
-443711.600,-1172335.370,361.000
-443711.890,-1172335.110,360.970
-443712.170,-1172334.850,360.950
-443712.430,-1172334.610,360.930
-443712.730,-1172334.330,360.910
-443712.990,-1172334.100,360.900
-443713.270,-1172333.840,360.870
-443713.540,-1172333.590,360.860
-443713.810,-1172333.350,360.835
-443714.050,-1172333.120,360.830
-443714.360,-1172332.840,360.810
-443714.640,-1172332.580,360.810
-443714.880,-1172332.360,360.790
-443715.140,-1172332.120,360.780
-443715.420,-1172331.870,360.770
-443715.700,-1172331.610,360.750
-443715.950,-1172331.370,360.750
-443716.170,-1172331.170,360.730
-443715.700,-1172329.780,360.740
-443715.940,-1172329.560,360.720
-443720.170,-1172325.680,355.730
-443720.510,-1172325.370,355.920
-443720.830,-1172325.060,356.120
-443707.750,-1172337.540,361.000
-443708.040,-1172337.270,360.940
-443708.260,-1172337.070,360.940
-443708.540,-1172336.810,360.940
-443708.840,-1172336.540,360.960
-443709.090,-1172336.310,360.960
-443709.410,-1172336.020,360.980
-443709.670,-1172335.770,360.995
-443709.950,-1172335.520,361.010
-443710.220,-1172335.270,361.030
-443710.490,-1172335.020,361.030
-443710.790,-1172334.750,361.030
-443711.060,-1172334.500,361.020
-443711.310,-1172334.270,361.000
-443711.590,-1172334.010,360.980
-443711.860,-1172333.760,360.960
-443712.130,-1172333.510,360.940
-443712.400,-1172333.260,360.920
-443712.670,-1172333.020,360.900
-443712.950,-1172332.760,360.890
-443713.210,-1172332.520,360.870
-443713.490,-1172332.260,360.860
-443713.770,-1172332.000,360.840
-443714.050,-1172331.740,360.830
-443714.330,-1172331.490,360.820
-443714.600,-1172331.250,360.810
-443714.870,-1172331.000,360.790
-443715.120,-1172330.770,360.770
-443715.400,-1172330.510,360.760
-443715.680,-1172330.250,360.740
-443715.930,-1172330.020,360.725
-443720.720,-1172325.620,355.710
-443708.540,-1172337.360,360.980
-443708.760,-1172337.150,360.970
-443709.010,-1172336.930,360.980
-443709.280,-1172336.680,360.990
-443709.580,-1172336.400,361.000
-443709.850,-1172336.150,361.000
-443710.130,-1172335.890,361.020
-443710.400,-1172335.640,361.030
-443710.710,-1172335.360,361.040
-443710.970,-1172335.120,361.030
-443711.240,-1172334.870,361.020
-443711.520,-1172334.610,360.990
-443711.800,-1172334.360,360.970
-443712.050,-1172334.130,360.950
-443712.320,-1172333.880,360.940
-443712.620,-1172333.600,360.910
-443712.880,-1172333.360,360.890
-443713.160,-1172333.110,360.870
-443713.440,-1172332.850,360.860
-443713.710,-1172332.600,360.840
-443713.980,-1172332.350,360.830
-443714.240,-1172332.110,360.820
-443714.530,-1172331.840,360.810
-443714.810,-1172331.590,360.800
-443715.060,-1172331.360,360.780
-443715.340,-1172331.100,360.760
-443715.640,-1172330.830,360.760
-443715.920,-1172330.570,360.730
-443716.130,-1172330.380,360.710
-443720.260,-1172324.630,356.480
-443720.570,-1172324.350,356.765
-443720.890,-1172324.050,356.840
-443706.580,-1172337.690,360.955
-443706.830,-1172337.460,360.890
-443707.070,-1172337.230,360.890
-443707.350,-1172336.980,360.880
-443707.660,-1172336.700,360.890
-443707.940,-1172336.440,360.900
-443708.210,-1172336.190,360.915
-443708.480,-1172335.940,360.930
-443708.770,-1172335.670,360.940
-443709.050,-1172335.420,360.970
-443709.350,-1172335.140,360.980
-443709.610,-1172334.900,361.000
-443709.890,-1172334.640,361.010
-443710.220,-1172334.340,361.020
-443710.490,-1172334.090,361.030
-443710.770,-1172333.830,361.020
-443711.050,-1172333.580,361.010
-443711.300,-1172333.340,361.000
-443711.600,-1172333.070,360.970
-443711.830,-1172332.860,360.960
-443712.120,-1172332.590,360.940
-443712.370,-1172332.360,360.930
-443712.650,-1172332.110,360.910
-443712.920,-1172331.860,360.900
-443713.190,-1172331.610,360.870
-443713.450,-1172331.370,360.860
-443713.740,-1172331.100,360.850
-443713.990,-1172330.870,360.830
-443714.280,-1172330.610,360.810
-443714.550,-1172330.360,360.800
-443714.810,-1172330.120,360.780
-443715.080,-1172329.870,360.760
-443715.350,-1172329.630,360.750
-443715.610,-1172329.390,360.740
-443715.880,-1172329.140,360.720
-443719.570,-1172325.750,355.730
-443719.920,-1172325.430,355.940
-443720.250,-1172325.130,356.135
-443720.580,-1172324.830,356.280
-443720.940,-1172324.490,356.530
-443707.210,-1172337.580,360.930
-443707.480,-1172337.340,360.900
-443707.700,-1172337.140,360.910
-443707.960,-1172336.900,360.910
-443708.260,-1172336.620,360.930
-443708.530,-1172336.370,360.930
-443708.830,-1172336.100,360.945
-443709.120,-1172335.830,360.970
-443709.430,-1172335.540,360.980
-443709.690,-1172335.310,361.000
-443709.980,-1172335.040,361.020
-443710.270,-1172334.770,361.020
-443710.550,-1172334.510,361.030
-443710.810,-1172334.280,361.020
-443711.070,-1172334.030,361.010
-443711.330,-1172333.800,360.990
-443711.610,-1172333.540,360.970
-443711.880,-1172333.300,360.950
-443712.130,-1172333.070,360.940
-443712.410,-1172332.800,360.920
-443712.670,-1172332.560,360.900
-443712.940,-1172332.320,360.890
-443713.220,-1172332.060,360.870
-443713.520,-1172331.780,360.860
-443713.780,-1172331.550,360.850
-443714.030,-1172331.310,360.830
-443714.300,-1172331.060,360.815
-443714.590,-1172330.800,360.800
-443714.870,-1172330.550,360.780
-443715.140,-1172330.290,360.770
-443715.440,-1172330.020,360.750
-443707.030,-1172336.250,360.840
-443707.290,-1172336.010,360.860
-443707.600,-1172335.730,360.870
-443707.880,-1172335.470,360.890
-443708.160,-1172335.210,360.910
-443708.450,-1172334.940,360.930
-443708.740,-1172334.670,360.940
-443709.010,-1172334.430,360.960
-443709.300,-1172334.170,360.980
-443709.600,-1172333.880,361.000
-443709.880,-1172333.630,361.020
-443710.160,-1172333.370,361.035
-443710.490,-1172333.070,361.040
-443710.730,-1172332.850,361.030
-443711.000,-1172332.600,361.010
-443711.270,-1172332.350,361.010
-443711.530,-1172332.110,361.000
-443712.020,-1172331.660,360.970
-443712.220,-1172331.470,360.940
-443712.380,-1172331.330,360.930
-443712.650,-1172331.090,360.900
-443712.930,-1172330.830,360.880
-443713.180,-1172330.600,360.860
-443713.440,-1172330.350,360.850
-443713.720,-1172330.100,360.840
-443714.000,-1172329.840,360.820
-443714.240,-1172329.620,360.810
-443714.530,-1172329.360,360.790
-443714.790,-1172329.120,360.780
-443715.050,-1172328.870,360.770
-443715.330,-1172328.620,360.750
-443715.600,-1172328.370,360.740
-443715.820,-1172328.170,360.720
-443718.130,-1172326.050,355.660
-443718.470,-1172325.740,355.845
-443718.800,-1172325.430,356.050
-443719.150,-1172325.110,356.270
-443719.500,-1172324.790,356.430
-443719.840,-1172324.470,356.635
-443720.180,-1172324.160,356.830
-443720.530,-1172323.840,357.000
-443720.860,-1172323.540,357.210
-443705.900,-1172337.830,360.810
-443706.160,-1172337.590,360.830
-443706.380,-1172337.390,360.830
-443706.630,-1172337.160,360.850
-443706.900,-1172336.910,360.860
-443707.210,-1172336.620,360.860
-443707.470,-1172336.390,360.870
-443707.760,-1172336.120,360.880
-443708.050,-1172335.860,360.900
-443708.350,-1172335.580,360.930
-443708.650,-1172335.300,360.940
-443708.950,-1172335.030,360.950
-443709.230,-1172334.770,360.980
-443709.500,-1172334.520,360.995
-443709.760,-1172334.280,361.010
-443710.030,-1172334.030,361.020
-443710.340,-1172333.740,361.030
-443710.630,-1172333.480,361.030
-443710.880,-1172333.250,361.020
-443711.170,-1172332.980,361.000
-443711.460,-1172332.710,360.990
-443711.720,-1172332.480,360.980
-443712.000,-1172332.220,360.970
-443712.290,-1172331.960,360.945
-443712.810,-1172331.470,360.900
-443713.060,-1172331.250,360.880
-443713.340,-1172330.990,360.860
-443713.610,-1172330.740,360.850
-443713.870,-1172330.500,360.830
-443714.140,-1172330.250,360.820
-443714.410,-1172330.000,360.800
-443714.670,-1172329.760,360.780
-443714.940,-1172329.510,360.770
-443715.210,-1172329.270,360.755
-443715.500,-1172329.000,360.740
-443715.780,-1172328.750,360.720
-443718.890,-1172325.890,355.705
-443719.240,-1172325.570,355.910
-443719.560,-1172325.270,356.075
-443719.920,-1172324.940,356.320
-443714.460,-1172328.630,360.790
-443714.740,-1172328.370,360.780
-443715.040,-1172328.100,360.770
-443715.310,-1172327.850,360.750
-443715.570,-1172327.620,360.720
-443715.820,-1172327.390,360.650
-443716.310,-1172326.940,360.450
-443716.580,-1172326.680,360.440
-443716.850,-1172326.430,360.410
-443717.140,-1172326.170,360.350
-443717.300,-1172326.030,356.270
-443717.610,-1172325.750,356.090
-443717.950,-1172325.430,356.100
-443718.280,-1172325.130,356.290
-443718.600,-1172324.830,356.480
-443718.950,-1172324.510,356.640
-443719.300,-1172324.180,356.850
-443719.650,-1172323.870,357.045
-443719.980,-1172323.560,357.260
-443720.320,-1172323.250,357.425
-443720.660,-1172322.940,357.640
-443705.470,-1172337.300,360.760
-443705.790,-1172337.020,360.780
-443706.070,-1172336.760,360.790
-443706.360,-1172336.490,360.800
-443706.640,-1172336.230,360.810
-443706.920,-1172335.970,360.820
-443707.210,-1172335.710,360.850
-443707.470,-1172335.470,360.870
-443707.740,-1172335.220,360.880
-443708.050,-1172334.940,360.900
-443708.310,-1172334.690,360.920
-443708.590,-1172334.440,360.930
-443708.870,-1172334.180,360.955
-443709.160,-1172333.910,360.980
-443709.460,-1172333.630,361.000
-443709.730,-1172333.390,361.015
-443710.010,-1172333.130,361.030
-443710.300,-1172332.860,361.040
-443710.590,-1172332.590,361.030
-443710.850,-1172332.360,361.020
-443711.140,-1172332.100,361.010
-443711.450,-1172331.810,361.000
-443711.880,-1172331.410,360.970
-443712.220,-1172331.090,360.940
-443712.490,-1172330.850,360.900
-443712.770,-1172330.590,360.890
-443713.030,-1172330.360,360.870
-443713.300,-1172330.100,360.850
-443713.580,-1172329.840,360.840
-443713.850,-1172329.600,360.830
-443714.140,-1172329.330,360.810
-443714.410,-1172329.080,360.800
-443714.680,-1172328.840,360.780
-443714.950,-1172328.590,360.770
-443715.230,-1172328.330,360.760
-443715.500,-1172328.080,360.740
-443715.740,-1172327.860,360.720
-443716.990,-1172326.710,360.330
-443717.730,-1172326.030,355.820
-443718.080,-1172325.710,355.915
-443718.430,-1172325.390,356.090
-443718.780,-1172325.070,356.320
-443719.100,-1172324.770,356.470
-443719.420,-1172324.480,356.630
-443719.750,-1172324.180,356.850
-443720.090,-1172323.860,357.060
-443720.460,-1172323.530,357.250
-443720.770,-1172323.240,357.410
-443705.610,-1172337.560,360.780
-443705.920,-1172337.280,360.800
-443706.200,-1172337.010,360.810
-443706.470,-1172336.770,360.820
-443706.760,-1172336.500,360.820
-443717.820,-1172324.650,356.710
-443718.130,-1172324.370,356.870
-443718.470,-1172324.060,357.035
-443718.810,-1172323.740,357.220
-443719.130,-1172323.450,357.410
-443719.460,-1172323.150,357.580
-443719.810,-1172322.830,357.785
-443720.140,-1172322.520,357.970
-443720.480,-1172322.210,358.175
-443705.660,-1172336.310,360.760
-443705.950,-1172336.040,360.770
-443706.240,-1172335.780,360.790
-443706.510,-1172335.520,360.800
-443706.810,-1172335.250,360.820
-443707.090,-1172335.000,360.840
-443707.380,-1172334.720,360.860
-443707.690,-1172334.440,360.880
-443707.960,-1172334.190,360.890
-443708.250,-1172333.930,360.910
-443708.550,-1172333.650,360.930
-443708.790,-1172333.420,360.950
-443709.100,-1172333.140,360.980
-443709.380,-1172332.880,361.000
-443709.660,-1172332.630,361.020
-443709.920,-1172332.390,361.030
-443710.200,-1172332.130,361.030
-443710.490,-1172331.860,361.030
-443710.740,-1172331.630,361.020
-443711.000,-1172331.390,361.010
-443711.290,-1172331.130,360.990
-443711.550,-1172330.890,360.970
-443711.830,-1172330.630,360.940
-443712.110,-1172330.370,360.910
-443712.370,-1172330.130,360.890
-443712.650,-1172329.880,360.880
-443712.900,-1172329.640,360.860
-443713.190,-1172329.380,360.850
-443713.490,-1172329.100,360.840
-443713.760,-1172328.850,360.830
-443714.030,-1172328.610,360.810
-443714.300,-1172328.360,360.800
-443714.570,-1172328.110,360.790
-443714.830,-1172327.870,360.780
-443715.110,-1172327.610,360.770
-443715.380,-1172327.370,360.740
-443715.630,-1172327.140,360.680
-443715.840,-1172326.940,360.520
-443716.120,-1172326.680,360.490
-443716.420,-1172326.410,360.485
-443716.700,-1172326.150,360.480
-443717.000,-1172325.880,360.470
-443717.210,-1172325.680,360.410
-443717.500,-1172325.420,356.330
-443717.830,-1172325.110,356.350
-443718.160,-1172324.810,356.520
-443718.500,-1172324.500,356.690
-443718.830,-1172324.200,356.880
-443719.170,-1172323.880,357.135
-443719.540,-1172323.540,357.320
-443719.850,-1172323.250,357.505
-443720.180,-1172322.950,357.645
-443720.530,-1172322.630,357.865
-443705.590,-1172336.800,360.760
-443705.850,-1172336.550,360.770
-443706.160,-1172336.270,360.780
-443706.450,-1172336.000,360.800
-443706.730,-1172335.750,360.810
-443707.030,-1172335.470,360.830
-443707.280,-1172335.240,360.850
-443707.570,-1172334.970,360.870
-443707.860,-1172334.700,360.885
-443708.140,-1172334.450,360.910
-443708.430,-1172334.190,360.920
-443708.700,-1172333.930,360.940
-443708.970,-1172333.690,360.970
-443709.280,-1172333.400,360.990
-443709.530,-1172333.170,361.000
-443709.810,-1172332.910,361.025
-443710.110,-1172332.640,361.035
-443710.380,-1172332.380,361.040
-443710.680,-1172332.110,361.030
-443710.950,-1172331.870,361.020
-443711.200,-1172331.630,361.010
-443711.450,-1172331.400,360.990
-443711.740,-1172331.140,360.975
-443712.030,-1172330.870,360.940
-443712.300,-1172330.620,360.910
-443712.570,-1172330.380,360.890
-443712.840,-1172330.120,360.870
-443713.120,-1172329.870,360.860
-443713.370,-1172329.640,360.850
-443713.640,-1172329.390,360.840
-443713.910,-1172329.140,360.820
-443714.210,-1172328.870,360.800
-443707.430,-1172333.870,360.860
-443707.720,-1172333.610,360.880
-443707.990,-1172333.360,360.890
-443708.260,-1172333.110,360.910
-443708.550,-1172332.840,360.940
-443708.820,-1172332.600,360.970
-443709.120,-1172332.320,360.990
-443709.410,-1172332.060,361.000
-443709.700,-1172331.790,361.020
-443709.980,-1172331.530,361.020
-443710.270,-1172331.260,361.020
-443710.550,-1172331.010,361.020
-443710.810,-1172330.770,361.010
-443711.080,-1172330.520,360.990
-443711.340,-1172330.280,360.970
-443711.620,-1172330.020,360.940
-443711.880,-1172329.780,360.930
-443712.140,-1172329.540,360.910
-443712.400,-1172329.300,360.890
-443712.690,-1172329.030,360.870
-443712.950,-1172328.800,360.860
-443713.200,-1172328.570,360.850
-443713.480,-1172328.310,360.840
-443713.760,-1172328.050,360.830
-443714.040,-1172327.790,360.810
-443714.320,-1172327.540,360.810
-443714.590,-1172327.280,360.800
-443714.840,-1172327.060,360.780
-443715.140,-1172326.780,360.690
-443715.400,-1172326.540,360.560
-443715.640,-1172326.330,360.550
-443715.890,-1172326.090,360.540
-443716.190,-1172325.820,360.550
-443716.460,-1172325.570,360.560
-443716.740,-1172325.310,360.560
-443717.470,-1172324.640,356.955
-443717.790,-1172324.350,356.955
-443718.130,-1172324.040,357.070
-443718.460,-1172323.730,357.245
-443718.810,-1172323.410,357.465
-443719.130,-1172323.120,357.610
-443719.440,-1172322.830,357.830
-443719.780,-1172322.510,358.025
-443720.110,-1172322.210,358.210
-443720.440,-1172321.910,358.385
-443705.500,-1172335.980,360.750
-443705.810,-1172335.700,360.770
-443706.120,-1172335.420,360.785
-443706.400,-1172335.160,360.800
-443706.680,-1172334.900,360.810
-443706.940,-1172334.660,360.830
-443707.220,-1172334.400,360.850
-443707.520,-1172334.130,360.860
-443707.820,-1172333.860,360.880
-443708.080,-1172333.610,360.900
-443708.380,-1172333.330,360.920
-443708.670,-1172333.060,360.940
-443708.970,-1172332.790,360.970
-443709.220,-1172332.560,360.990
-443709.540,-1172332.270,361.010
-443709.800,-1172332.030,361.020
-443710.100,-1172331.750,361.030
-443710.370,-1172331.500,361.025
-443710.620,-1172331.270,361.020
-443710.880,-1172331.040,361.000
-443711.140,-1172330.790,360.990
-443711.420,-1172330.540,360.970
-443711.700,-1172330.280,360.940
-443711.960,-1172330.040,360.920
-443712.220,-1172329.800,360.900
-443712.500,-1172329.550,360.885
-443712.790,-1172329.280,360.870
-443713.050,-1172329.040,360.860
-443713.320,-1172328.790,360.850
-443713.590,-1172328.540,360.840
-443713.880,-1172328.280,360.820
-443714.140,-1172328.030,360.810
-443714.430,-1172327.770,360.800
-443714.720,-1172327.510,360.790
-443714.980,-1172327.260,360.770
-443715.260,-1172327.010,360.720
-443715.520,-1172326.770,360.560
-443715.710,-1172326.590,360.540
-443715.990,-1172326.330,360.520
-443716.270,-1172326.070,360.520
-443716.550,-1172325.820,360.530
-443716.840,-1172325.550,360.550
-443717.180,-1172325.240,360.500
-443717.490,-1172324.960,356.700
-443711.830,-1172328.890,360.930
-443712.060,-1172328.690,360.920
-443712.360,-1172328.410,360.900
-443712.640,-1172328.150,360.880
-443712.920,-1172327.900,360.870
-443713.190,-1172327.650,360.870
-443713.480,-1172327.380,360.850
-443713.730,-1172327.150,360.830
-443714.040,-1172326.860,360.810
-443714.330,-1172326.600,360.765
-443714.480,-1172326.460,360.620
-443714.720,-1172326.240,360.590
-443714.970,-1172326.010,360.580
-443715.270,-1172325.730,360.580
-443715.560,-1172325.470,360.590
-443715.830,-1172325.220,360.620
-443716.110,-1172324.960,360.650
-443716.390,-1172324.700,360.690
-443716.700,-1172324.420,360.690
-443717.000,-1172324.140,360.680
-443717.260,-1172323.900,357.600
-443717.620,-1172323.580,357.540
-443717.970,-1172323.250,357.630
-443718.280,-1172322.960,357.825
-443718.620,-1172322.650,357.995
-443718.940,-1172322.360,358.180
-443719.280,-1172322.050,358.390
-443719.630,-1172321.720,358.570
-443719.960,-1172321.420,358.790
-443720.310,-1172321.100,358.870
-443720.630,-1172320.800,358.880
-443705.310,-1172335.380,360.760
-443705.610,-1172335.110,360.770
-443705.890,-1172334.850,360.770
-443706.170,-1172334.590,360.790
-443706.450,-1172334.340,360.810
-443706.730,-1172334.080,360.830
-443707.030,-1172333.800,360.840
-443707.310,-1172333.550,360.850
-443707.570,-1172333.310,360.870
-443707.850,-1172333.040,360.890
-443708.160,-1172332.760,360.910
-443708.450,-1172332.490,360.930
-443708.750,-1172332.210,360.960
-443709.030,-1172331.960,360.980
-443709.320,-1172331.700,360.990
-443709.590,-1172331.450,361.010
-443709.860,-1172331.200,361.020
-443710.150,-1172330.930,361.020
-443710.440,-1172330.670,361.020
-443710.700,-1172330.430,361.010
-443710.960,-1172330.190,361.000
-443711.240,-1172329.930,360.980
-443711.540,-1172329.650,360.960
-443711.790,-1172329.420,360.940
-443712.070,-1172329.160,360.920
-443712.330,-1172328.930,360.900
-443712.610,-1172328.670,360.880
-443712.880,-1172328.420,360.870
-443713.140,-1172328.170,360.860
-443713.390,-1172327.940,360.850
-443713.680,-1172327.680,360.840
-443713.950,-1172327.430,360.830
-443714.210,-1172327.200,360.810
-443714.500,-1172326.930,360.790
-443714.860,-1172326.590,360.660
-443714.980,-1172326.490,360.600
-443715.240,-1172326.250,360.570
-443715.510,-1172326.000,360.560
-443715.790,-1172325.740,360.560
-443716.050,-1172325.500,360.575
-443716.360,-1172325.220,360.610
-443716.640,-1172324.960,360.630
-443716.960,-1172324.660,360.620
-443717.130,-1172324.510,360.510
-443717.440,-1172324.230,357.240
-443717.780,-1172323.910,357.220
-443718.100,-1172323.610,357.370
-443718.450,-1172323.290,357.550
-443718.800,-1172322.970,357.750
-443719.140,-1172322.670,357.955
-443719.460,-1172322.360,358.140
-443719.820,-1172322.040,358.330
-443720.140,-1172321.740,358.530
-443720.490,-1172321.420,358.750
-443705.410,-1172335.740,360.750
-443705.700,-1172335.470,360.770
-443705.970,-1172335.230,360.780
-443706.270,-1172334.950,360.800
-443706.560,-1172334.670,360.810
-443706.830,-1172334.430,360.830
-443707.140,-1172334.150,360.840
-443716.200,-1172323.820,360.810
-443716.490,-1172323.550,360.830
-443716.770,-1172323.300,360.820
-443716.920,-1172323.160,358.520
-443717.220,-1172322.890,358.230
-443717.540,-1172322.590,358.230
-443717.890,-1172322.270,358.350
-443718.230,-1172321.960,358.540
-443718.560,-1172321.650,358.710
-443718.880,-1172321.350,358.915
-443719.220,-1172321.040,358.985
-443719.510,-1172320.780,358.990
-443719.760,-1172320.550,358.990
-443720.000,-1172320.320,358.960
-443720.230,-1172320.110,358.855
-443720.450,-1172319.910,358.730
-443705.420,-1172334.170,360.765
-443705.710,-1172333.910,360.770
-443705.980,-1172333.660,360.780
-443706.270,-1172333.390,360.800
-443706.550,-1172333.130,360.820
-443706.820,-1172332.890,360.830
-443707.090,-1172332.640,360.850
-443707.370,-1172332.380,360.860
-443707.660,-1172332.120,360.880
-443707.930,-1172331.860,360.910
-443708.210,-1172331.610,360.930
-443708.510,-1172331.330,360.940
-443708.770,-1172331.100,360.960
-443709.050,-1172330.830,360.980
-443709.350,-1172330.560,361.010
-443709.630,-1172330.300,361.020
-443709.890,-1172330.060,361.030
-443710.200,-1172329.780,361.040
-443710.490,-1172329.510,361.030
-443710.750,-1172329.260,361.010
-443711.040,-1172329.010,360.990
-443711.310,-1172328.760,360.970
-443711.560,-1172328.520,360.950
-443711.830,-1172328.280,360.930
-443712.090,-1172328.030,360.920
-443712.360,-1172327.790,360.920
-443712.650,-1172327.520,360.900
-443712.920,-1172327.270,360.880
-443713.230,-1172326.990,360.850
-443713.550,-1172326.690,360.790
-443713.690,-1172326.560,360.625
-443713.920,-1172326.350,360.615
-443714.200,-1172326.090,360.600
-443714.490,-1172325.820,360.600
-443714.780,-1172325.560,360.610
-443715.050,-1172325.310,360.620
-443715.320,-1172325.060,360.640
-443715.600,-1172324.810,360.660
-443715.880,-1172324.550,360.700
-443716.170,-1172324.280,360.740
-443716.460,-1172324.020,360.750
-443716.760,-1172323.740,360.750
-443717.120,-1172323.410,357.980
-443717.430,-1172323.120,357.950
-443717.790,-1172322.790,357.980
-443718.120,-1172322.490,358.185
-443718.460,-1172322.180,358.320
-443718.800,-1172321.860,358.570
-443719.160,-1172321.540,358.760
-443719.480,-1172321.230,358.950
-443719.800,-1172320.940,358.960
-443720.060,-1172320.700,358.950
-443720.290,-1172320.490,358.920
-443720.540,-1172320.260,358.840
-443705.380,-1172334.840,360.760
-443705.670,-1172334.570,360.770
-443705.920,-1172334.340,360.780
-443706.200,-1172334.090,360.800
-443706.480,-1172333.820,360.810
-443706.780,-1172333.550,360.830
-443707.070,-1172333.280,360.840
-443707.310,-1172333.060,360.860
-443707.610,-1172332.790,360.870
-443707.870,-1172332.540,360.895
-443708.170,-1172332.260,360.920
-443708.480,-1172331.980,360.940
-443708.750,-1172331.740,360.960
-443709.020,-1172331.490,360.980
-443709.320,-1172331.210,361.000
-443709.620,-1172330.940,361.020
-443709.900,-1172330.680,361.020
-443710.200,-1172330.400,361.030
-443710.480,-1172330.140,361.030
-443710.740,-1172329.900,361.010
-443711.000,-1172329.670,360.990
-443711.260,-1172329.420,360.980
-443711.540,-1172329.170,360.950
-443720.180,-1172319.180,358.610
-443720.420,-1172318.960,358.475
-443705.180,-1172333.470,360.760
-443705.470,-1172333.200,360.770
-443705.760,-1172332.930,360.780
-443706.050,-1172332.660,360.800
-443706.320,-1172332.410,360.810
-443706.620,-1172332.140,360.830
-443706.900,-1172331.880,360.840
-443707.200,-1172331.600,360.860
-443707.460,-1172331.360,360.870
-443707.760,-1172331.090,360.890
-443708.020,-1172330.850,360.920
-443708.330,-1172330.560,360.940
-443708.610,-1172330.310,360.960
-443708.880,-1172330.050,360.980
-443709.150,-1172329.810,361.000
-443709.440,-1172329.540,361.010
-443709.710,-1172329.290,361.030
-443710.000,-1172329.030,361.030
-443710.250,-1172328.790,361.030
-443710.540,-1172328.530,361.020
-443710.800,-1172328.290,361.000
-443711.070,-1172328.040,360.980
-443711.350,-1172327.780,360.970
-443711.600,-1172327.550,360.960
-443711.880,-1172327.290,360.950
-443712.210,-1172326.990,360.910
-443712.450,-1172326.770,360.870
-443712.610,-1172326.630,360.635
-443712.890,-1172326.360,360.610
-443713.190,-1172326.090,360.610
-443713.460,-1172325.840,360.610
-443713.730,-1172325.590,360.620
-443714.010,-1172325.340,360.640
-443714.300,-1172325.070,360.660
-443714.600,-1172324.790,360.680
-443714.860,-1172324.550,360.720
-443715.160,-1172324.270,360.750
-443715.460,-1172324.000,360.780
-443715.760,-1172323.720,360.830
-443716.040,-1172323.470,360.860
-443716.340,-1172323.190,360.890
-443716.630,-1172322.920,360.880
-443716.860,-1172322.720,360.815
-443717.130,-1172322.470,358.480
-443717.480,-1172322.140,358.485
-443717.800,-1172321.850,358.670
-443718.110,-1172321.570,358.820
-443718.460,-1172321.240,358.960
-443718.760,-1172320.970,359.000
-443719.020,-1172320.720,359.020
-443719.320,-1172320.450,359.020
-443719.560,-1172320.230,358.990
-443719.790,-1172320.010,358.945
-443720.020,-1172319.800,358.825
-443720.250,-1172319.590,358.670
-443720.500,-1172319.370,358.540
-443705.400,-1172333.760,360.765
-443705.680,-1172333.500,360.780
-443705.970,-1172333.240,360.780
-443706.280,-1172332.950,360.810
-443706.540,-1172332.720,360.820
-443706.830,-1172332.450,360.840
-443707.100,-1172332.200,360.850
-443707.410,-1172331.910,360.870
-443707.670,-1172331.680,360.880
-443707.950,-1172331.410,360.910
-443708.220,-1172331.160,360.920
-443708.500,-1172330.910,360.950
-443708.780,-1172330.650,360.970
-443709.050,-1172330.400,360.980
-443709.340,-1172330.130,361.010
-443709.640,-1172329.860,361.030
-443709.910,-1172329.610,361.040
-443710.200,-1172329.350,361.040
-443710.480,-1172329.090,361.030
-443710.720,-1172328.860,361.010
-443710.990,-1172328.620,360.990
-443711.270,-1172328.360,360.970
-443711.560,-1172328.090,360.950
-443711.810,-1172327.860,360.950
-443712.110,-1172327.590,360.930
-443712.390,-1172327.320,360.920
-443712.680,-1172327.060,360.890
-443712.970,-1172326.800,360.830
-443713.100,-1172326.680,360.810
-443713.360,-1172326.430,360.615
-443713.640,-1172326.180,360.610
-443713.910,-1172325.930,360.600
-443714.210,-1172325.660,360.610
-443714.500,-1172325.390,360.620
-443714.790,-1172325.120,360.640
-443715.060,-1172324.870,360.670
-443715.360,-1172324.590,360.700
-443715.640,-1172324.340,360.730
-443715.920,-1172324.080,360.770
-443709.860,-1172328.140,361.030
-443710.150,-1172327.880,361.030
-443710.400,-1172327.640,361.020
-443710.680,-1172327.390,361.000
-443710.980,-1172327.110,360.970
-443711.200,-1172326.910,360.950
-443711.340,-1172326.780,360.640
-443711.620,-1172326.530,360.630
-443711.900,-1172326.260,360.620
-443712.190,-1172326.000,360.620
-443712.460,-1172325.750,360.640
-443712.750,-1172325.490,360.650
-443713.020,-1172325.230,360.680
-443713.320,-1172324.960,360.700
-443713.620,-1172324.690,360.730
-443713.890,-1172324.430,360.750
-443714.160,-1172324.180,360.785
-443714.470,-1172323.900,360.820
-443714.750,-1172323.640,360.850
-443715.040,-1172323.370,360.900
-443715.360,-1172323.080,360.970
-443715.710,-1172322.760,361.140
-443716.040,-1172322.450,361.300
-443716.360,-1172322.160,361.380
-443717.240,-1172321.350,359.030
-443717.550,-1172321.060,359.010
-443717.810,-1172320.820,359.010
-443718.070,-1172320.590,358.980
-443718.300,-1172320.370,358.990
-443718.560,-1172320.130,358.960
-443718.830,-1172319.890,358.960
-443719.170,-1172319.570,358.930
-443719.420,-1172319.350,358.900
-443719.640,-1172319.140,358.860
-443719.880,-1172318.920,358.760
-443720.100,-1172318.720,358.590
-443720.320,-1172318.520,358.475
-443705.090,-1172333.070,360.750
-443705.390,-1172332.800,360.770
-443705.690,-1172332.530,360.780
-443705.990,-1172332.250,360.800
-443706.260,-1172332.000,360.810
-443706.530,-1172331.750,360.830
-443706.800,-1172331.500,360.840
-443707.090,-1172331.240,360.850
-443707.390,-1172330.960,360.870
-443707.660,-1172330.710,360.890
-443707.960,-1172330.430,360.915
-443708.230,-1172330.180,360.930
-443708.540,-1172329.900,360.960
-443708.800,-1172329.660,360.970
-443709.110,-1172329.380,361.000
-443709.390,-1172329.120,361.010
-443709.670,-1172328.860,361.030
-443709.940,-1172328.610,361.030
-443710.220,-1172328.350,361.040
-443710.470,-1172328.120,361.020
-443710.720,-1172327.890,361.010
-443711.000,-1172327.630,360.985
-443711.280,-1172327.370,360.960
-443711.570,-1172327.110,360.950
-443711.840,-1172326.860,360.900
-443711.980,-1172326.730,360.660
-443712.260,-1172326.480,360.610
-443712.530,-1172326.230,360.620
-443712.800,-1172325.970,360.610
-443713.090,-1172325.710,360.620
-443713.380,-1172325.450,360.650
-443713.670,-1172325.180,360.665
-443713.960,-1172324.910,360.690
-443714.260,-1172324.630,360.720
-443714.550,-1172324.360,360.750
-443714.810,-1172324.120,360.780
-443715.100,-1172323.860,360.820
-443715.390,-1172323.590,360.845
-443715.680,-1172323.320,360.900
-443715.980,-1172323.050,360.970
-443716.300,-1172322.750,361.005
-443716.650,-1172322.430,360.970
-443716.890,-1172322.220,358.925
-443717.200,-1172321.930,358.810
-443717.530,-1172321.620,358.840
-443717.850,-1172321.330,358.970
-443718.160,-1172321.040,359.000
-443718.420,-1172320.800,359.000
-443718.680,-1172320.570,359.030
-443718.930,-1172320.330,359.020
-443719.240,-1172320.050,358.965
-443719.490,-1172319.820,358.930
-443719.730,-1172319.600,358.860
-443719.960,-1172319.390,358.730
-443715.670,-1172321.910,361.770
-443716.030,-1172321.580,361.830
-443716.360,-1172321.280,361.750
-443716.770,-1172320.910,359.120
-443717.020,-1172320.670,359.040
-443717.280,-1172320.430,358.980
-443717.520,-1172320.210,358.900
-443717.780,-1172319.970,358.800
-443718.020,-1172319.760,358.785
-443718.280,-1172319.520,358.785
-443718.580,-1172319.240,358.830
-443718.910,-1172318.930,358.900
-443719.230,-1172318.630,358.900
-443719.480,-1172318.410,358.870
-443719.710,-1172318.190,358.750
-443719.950,-1172317.970,358.600
-443720.180,-1172317.760,358.490
-443705.040,-1172332.180,360.750
-443705.310,-1172331.930,360.770
-443705.600,-1172331.660,360.780
-443705.870,-1172331.410,360.800
-443706.170,-1172331.140,360.810
-443706.450,-1172330.880,360.830
-443706.720,-1172330.630,360.840
-443707.020,-1172330.350,360.860
-443707.300,-1172330.090,360.880
-443707.580,-1172329.830,360.900
-443707.850,-1172329.580,360.910
-443708.190,-1172329.280,360.930
-443708.450,-1172329.030,360.950
-443708.730,-1172328.780,360.970
-443709.000,-1172328.520,360.990
-443709.270,-1172328.270,361.010
-443709.580,-1172327.990,361.020
-443709.870,-1172327.730,361.035
-443710.160,-1172327.460,361.030
-443710.420,-1172327.220,361.030
-443710.680,-1172326.980,360.995
-443710.850,-1172326.830,360.950
-443711.110,-1172326.590,360.640
-443711.410,-1172326.310,360.620
-443711.660,-1172326.070,360.620
-443711.970,-1172325.790,360.640
-443712.250,-1172325.530,360.660
-443712.510,-1172325.300,360.690
-443712.780,-1172325.050,360.710
-443713.070,-1172324.780,360.740
-443713.370,-1172324.500,360.760
-443713.630,-1172324.270,360.780
-443713.900,-1172324.010,360.830
-443714.220,-1172323.720,360.850
-443714.480,-1172323.480,360.890
-443714.780,-1172323.200,360.940
-443715.120,-1172322.890,361.120
-443715.470,-1172322.570,361.300
-443715.790,-1172322.270,361.495
-443716.130,-1172321.960,361.635
-443717.030,-1172321.130,359.085
-443717.240,-1172320.940,359.050
-443717.510,-1172320.690,359.005
-443717.780,-1172320.450,358.960
-443718.010,-1172320.230,358.920
-443718.270,-1172319.990,358.880
-443718.540,-1172319.740,358.880
-443718.860,-1172319.450,358.900
-443719.190,-1172319.150,358.920
-443719.450,-1172318.900,358.900
-443719.690,-1172318.680,358.810
-443719.910,-1172318.480,358.695
-443720.130,-1172318.280,358.580
-443720.360,-1172318.070,358.420
-443705.020,-1172332.600,360.760
-443705.320,-1172332.330,360.770
-443705.590,-1172332.080,360.780
-443705.870,-1172331.820,360.800
-443706.180,-1172331.530,360.810
-443706.440,-1172331.290,360.830
-443706.740,-1172331.020,360.840
-443707.030,-1172330.750,360.860
-443707.310,-1172330.490,360.870
-443707.590,-1172330.230,360.890
-443707.880,-1172329.970,360.910
-443708.140,-1172329.720,360.925
-443708.440,-1172329.450,360.950
-443708.680,-1172329.230,360.970
-443709.010,-1172328.920,360.990
-443709.300,-1172328.660,361.010
-443709.590,-1172328.390,361.030
-443719.570,-1172317.250,358.515
-443719.800,-1172317.050,358.385
-443720.020,-1172316.840,358.230
-443720.260,-1172316.620,358.090
-443705.030,-1172331.210,360.750
-443705.310,-1172330.950,360.760
-443705.600,-1172330.690,360.780
-443705.880,-1172330.430,360.800
-443706.140,-1172330.190,360.810
-443706.420,-1172329.930,360.820
-443706.720,-1172329.660,360.840
-443706.990,-1172329.410,360.850
-443707.250,-1172329.170,360.870
-443707.540,-1172328.900,360.890
-443707.820,-1172328.640,360.900
-443708.120,-1172328.370,360.930
-443708.400,-1172328.110,360.950
-443708.660,-1172327.870,360.950
-443708.950,-1172327.600,360.980
-443709.230,-1172327.340,361.000
-443709.530,-1172327.070,361.020
-443709.830,-1172326.790,361.020
-443710.120,-1172326.520,361.010
-443710.280,-1172326.380,360.930
-443710.520,-1172326.160,360.690
-443710.810,-1172325.890,360.665
-443711.080,-1172325.640,360.680
-443711.370,-1172325.380,360.705
-443711.660,-1172325.100,360.730
-443711.950,-1172324.840,360.760
-443712.230,-1172324.580,360.790
-443712.520,-1172324.320,360.820
-443712.830,-1172324.030,360.850
-443713.110,-1172323.770,360.875
-443713.390,-1172323.510,360.920
-443713.690,-1172323.240,361.005
-443714.030,-1172322.920,361.185
-443714.370,-1172322.610,361.380
-443714.690,-1172322.310,361.550
-443715.030,-1172322.010,361.720
-443715.700,-1172321.380,361.890
-443715.970,-1172321.130,361.870
-443716.170,-1172320.950,361.730
-443716.440,-1172320.700,361.150
-443716.650,-1172320.520,359.120
-443716.860,-1172320.320,359.010
-443717.100,-1172320.100,358.895
-443717.380,-1172319.840,358.760
-443717.640,-1172319.600,358.700
-443717.890,-1172319.370,358.685
-443718.150,-1172319.130,358.690
-443718.470,-1172318.830,358.750
-443718.810,-1172318.530,358.865
-443719.120,-1172318.240,358.850
-443719.370,-1172318.000,358.790
-443719.610,-1172317.780,358.670
-443719.840,-1172317.580,358.550
-443720.090,-1172317.340,358.405
-443720.330,-1172317.130,358.255
-443705.120,-1172331.630,360.760
-443705.370,-1172331.400,360.770
-443705.680,-1172331.110,360.780
-443705.950,-1172330.860,360.800
-443706.230,-1172330.610,360.810
-443706.520,-1172330.340,360.830
-443706.790,-1172330.100,360.850
-443707.080,-1172329.820,360.870
-443707.370,-1172329.560,360.890
-443707.650,-1172329.300,360.900
-443707.930,-1172329.040,360.920
-443708.210,-1172328.790,360.930
-443708.490,-1172328.520,360.950
-443708.770,-1172328.260,360.970
-443709.090,-1172327.980,360.990
-443709.360,-1172327.730,361.015
-443709.660,-1172327.450,361.030
-443709.930,-1172327.200,361.030
-443710.200,-1172326.950,361.030
-443710.360,-1172326.810,361.020
-443710.620,-1172326.570,360.720
-443710.890,-1172326.320,360.650
-443711.180,-1172326.050,360.630
-443711.480,-1172325.770,360.650
-443711.770,-1172325.510,360.675
-443712.040,-1172325.250,360.700
-443712.340,-1172324.980,360.740
-443712.610,-1172324.730,360.750
-443712.910,-1172324.460,360.780
-443713.180,-1172324.210,360.810
-443713.460,-1172323.950,360.840
-443713.730,-1172323.700,360.870
-443714.020,-1172323.440,360.920
-443714.330,-1172323.150,360.980
-443714.660,-1172322.840,361.150
-443714.970,-1172322.560,361.320
-443715.330,-1172322.230,361.560
-443709.110,-1172326.510,361.000
-443709.370,-1172326.270,361.010
-443709.660,-1172326.000,361.000
-443709.970,-1172325.720,360.745
-443710.160,-1172325.550,360.730
-443710.410,-1172325.310,360.735
-443710.690,-1172325.060,360.765
-443710.970,-1172324.800,360.800
-443711.250,-1172324.550,360.825
-443711.550,-1172324.260,360.850
-443711.850,-1172323.990,360.880
-443712.150,-1172323.710,360.910
-443712.430,-1172323.450,360.960
-443712.750,-1172323.160,361.100
-443713.090,-1172322.840,361.300
-443713.420,-1172322.540,361.495
-443713.760,-1172322.230,361.700
-443714.110,-1172321.910,361.860
-443714.430,-1172321.620,361.910
-443714.730,-1172321.330,361.900
-443714.980,-1172321.110,361.860
-443715.220,-1172320.880,361.790
-443715.440,-1172320.680,361.640
-443715.650,-1172320.480,361.480
-443715.870,-1172320.280,361.300
-443716.110,-1172320.060,361.010
-443716.340,-1172319.850,360.480
-443716.470,-1172319.730,358.910
-443716.660,-1172319.560,358.765
-443716.900,-1172319.340,358.650
-443717.160,-1172319.100,358.550
-443717.410,-1172318.870,358.520
-443717.640,-1172318.660,358.500
-443717.950,-1172318.380,358.520
-443718.290,-1172318.060,358.640
-443718.640,-1172317.740,358.675
-443718.850,-1172317.540,358.685
-443719.110,-1172317.310,358.590
-443719.350,-1172317.080,358.470
-443719.590,-1172316.860,358.335
-443719.830,-1172316.640,358.180
-443720.090,-1172316.410,358.060
-443704.760,-1172330.890,360.750
-443705.080,-1172330.600,360.750
-443705.360,-1172330.340,360.760
-443705.630,-1172330.090,360.780
-443705.930,-1172329.820,360.790
-443706.200,-1172329.560,360.810
-443706.490,-1172329.290,360.820
-443706.750,-1172329.060,360.840
-443707.030,-1172328.800,360.860
-443707.310,-1172328.540,360.880
-443707.600,-1172328.280,360.900
-443707.880,-1172328.020,360.910
-443708.150,-1172327.770,360.930
-443708.410,-1172327.530,360.950
-443708.710,-1172327.250,360.970
-443708.970,-1172327.010,360.980
-443709.280,-1172326.720,361.010
-443709.570,-1172326.460,361.020
-443709.850,-1172326.200,361.000
-443710.100,-1172325.980,360.730
-443710.290,-1172325.800,360.720
-443710.570,-1172325.540,360.720
-443710.870,-1172325.260,360.730
-443711.160,-1172324.990,360.770
-443711.450,-1172324.730,360.800
-443711.720,-1172324.480,360.820
-443712.010,-1172324.210,360.850
-443712.280,-1172323.960,360.880
-443712.570,-1172323.700,360.910
-443712.870,-1172323.420,360.950
-443713.190,-1172323.120,361.100
-443713.540,-1172322.800,361.320
-443713.900,-1172322.470,361.530
-443714.240,-1172322.160,361.715
-443714.580,-1172321.840,361.870
-443714.920,-1172321.540,361.905
-443715.170,-1172321.300,361.880
-443715.420,-1172321.070,361.860
-443715.640,-1172320.870,361.800
-443715.850,-1172320.680,361.610
-443716.080,-1172320.470,361.320
-443716.340,-1172320.230,360.920
-443716.400,-1172320.180,360.715
-443716.620,-1172319.970,358.950
-443716.830,-1172319.780,358.825
-443717.080,-1172319.550,358.690
-443717.350,-1172319.300,358.600
-443717.590,-1172319.070,358.565
-443717.840,-1172318.850,358.570
-443718.140,-1172318.570,358.600
-443718.510,-1172318.230,358.750
-443718.860,-1172317.910,358.770
-443719.100,-1172317.690,358.750
-443719.340,-1172317.460,358.640
-443715.290,-1172319.960,361.070
-443715.510,-1172319.750,360.930
-443715.730,-1172319.550,360.695
-443716.460,-1172318.880,358.620
-443716.670,-1172318.690,358.470
-443716.910,-1172318.470,358.390
-443717.170,-1172318.230,358.350
-443717.420,-1172318.000,358.345
-443717.740,-1172317.710,358.360
-443718.080,-1172317.390,358.375
-443718.320,-1172317.170,358.400
-443718.550,-1172316.960,358.330
-443718.770,-1172316.750,358.230
-443719.020,-1172316.520,358.080
-443719.250,-1172316.320,357.960
-443719.470,-1172316.110,357.875
-443719.700,-1172315.900,357.820
-443719.950,-1172315.670,357.740
-443720.180,-1172315.460,357.690
-443704.660,-1172330.190,360.745
-443704.980,-1172329.900,360.750
-443705.260,-1172329.640,360.760
-443705.540,-1172329.380,360.780
-443705.820,-1172329.130,360.790
-443706.100,-1172328.870,360.800
-443706.380,-1172328.610,360.810
-443706.670,-1172328.340,360.830
-443706.940,-1172328.090,360.850
-443707.240,-1172327.820,360.880
-443707.530,-1172327.550,360.900
-443707.830,-1172327.270,360.910
-443708.100,-1172327.030,360.940
-443708.380,-1172326.770,360.960
-443708.670,-1172326.500,360.980
-443708.950,-1172326.240,360.990
-443709.260,-1172325.960,360.990
-443709.520,-1172325.720,360.780
-443709.670,-1172325.580,360.765
-443709.900,-1172325.360,360.745
-443710.240,-1172325.060,360.770
-443710.510,-1172324.800,360.800
-443710.780,-1172324.550,360.840
-443711.080,-1172324.280,360.860
-443711.360,-1172324.020,360.890
-443711.660,-1172323.750,360.920
-443711.960,-1172323.470,360.960
-443712.270,-1172323.190,361.110
-443712.610,-1172322.870,361.310
-443712.950,-1172322.560,361.510
-443713.320,-1172322.220,361.715
-443713.650,-1172321.910,361.880
-443714.010,-1172321.580,361.910
-443714.260,-1172321.350,361.900
-443714.490,-1172321.140,361.860
-443714.710,-1172320.940,361.790
-443714.920,-1172320.750,361.690
-443715.160,-1172320.520,361.515
-443715.380,-1172320.310,361.350
-443715.600,-1172320.110,361.190
-443715.840,-1172319.900,361.000
-443716.070,-1172319.680,360.695
-443716.490,-1172319.300,358.760
-443716.720,-1172319.090,358.600
-443716.950,-1172318.880,358.500
-443717.200,-1172318.650,358.420
-443717.450,-1172318.420,358.420
-443717.700,-1172318.180,358.430
-443718.060,-1172317.850,358.480
-443718.380,-1172317.560,358.540
-443718.610,-1172317.350,358.530
-443718.860,-1172317.120,358.445
-443719.090,-1172316.910,358.360
-443719.330,-1172316.690,358.220
-443719.570,-1172316.470,358.085
-443719.790,-1172316.260,357.950
-443720.020,-1172316.050,357.880
-443720.260,-1172315.820,357.810
-443704.890,-1172330.410,360.750
-443705.160,-1172330.150,360.760
-443705.440,-1172329.900,360.770
-443705.750,-1172329.610,360.790
-443706.030,-1172329.350,360.800
-443706.310,-1172329.100,360.810
-443706.600,-1172328.830,360.820
-443706.890,-1172328.560,360.840
-443707.140,-1172328.330,360.870
-443707.440,-1172328.050,360.890
-443707.730,-1172327.790,360.900
-443708.000,-1172327.540,360.920
-443708.250,-1172327.300,360.950
-443708.530,-1172327.050,360.960
-443708.830,-1172326.770,360.980
-443718.740,-1172315.910,357.770
-443718.970,-1172315.690,357.700
-443719.200,-1172315.480,357.620
-443704.720,-1172329.190,360.740
-443705.040,-1172328.900,360.760
-443705.310,-1172328.660,360.770
-443705.600,-1172328.380,360.780
-443705.860,-1172328.150,360.800
-443706.130,-1172327.890,360.810
-443706.430,-1172327.620,360.820
-443706.730,-1172327.350,360.840
-443707.030,-1172327.070,360.870
-443707.330,-1172326.790,360.900
-443707.590,-1172326.550,360.920
-443707.860,-1172326.300,360.940
-443708.170,-1172326.020,360.940
-443708.450,-1172325.750,360.930
-443708.610,-1172325.610,360.840
-443708.860,-1172325.380,360.780
-443709.180,-1172325.080,360.770
-443709.470,-1172324.820,360.810
-443709.780,-1172324.530,360.840
-443710.080,-1172324.260,360.890
-443710.360,-1172324.000,360.925
-443710.650,-1172323.730,360.960
-443710.970,-1172323.440,361.050
-443711.290,-1172323.140,361.225
-443711.610,-1172322.840,361.420
-443711.940,-1172322.540,361.650
-443712.270,-1172322.230,361.820
-443712.620,-1172321.920,361.870
-443712.940,-1172321.620,361.900
-443713.180,-1172321.400,361.880
-443713.410,-1172321.180,361.875
-443713.630,-1172320.980,361.740
-443713.850,-1172320.780,361.600
-443714.100,-1172320.550,361.415
-443714.310,-1172320.350,361.260
-443714.530,-1172320.150,361.130
-443714.760,-1172319.940,360.930
-443715.000,-1172319.720,360.845
-443715.240,-1172319.500,360.700
-443715.470,-1172319.290,360.600
-443715.700,-1172319.080,360.410
-443715.910,-1172318.880,360.020
-443716.160,-1172318.650,359.440
-443716.240,-1172318.580,358.780
-443716.440,-1172318.400,358.420
-443716.660,-1172318.190,358.310
-443716.930,-1172317.950,358.260
-443717.190,-1172317.700,358.235
-443717.510,-1172317.410,358.225
-443717.820,-1172317.130,358.210
-443718.060,-1172316.900,358.200
-443718.300,-1172316.680,358.090
-443718.540,-1172316.470,357.985
-443718.750,-1172316.270,357.905
-443719.000,-1172316.040,357.840
-443719.220,-1172315.840,357.760
-443719.450,-1172315.630,357.680
-443719.690,-1172315.410,357.625
-443704.600,-1172329.810,360.740
-443704.930,-1172329.500,360.750
-443705.200,-1172329.260,360.760
-443705.510,-1172328.970,360.780
-443705.810,-1172328.690,360.790
-443706.090,-1172328.440,360.800
-443706.370,-1172328.180,360.820
-443706.660,-1172327.910,360.835
-443706.920,-1172327.670,360.850
-443707.190,-1172327.420,360.870
-443707.490,-1172327.140,360.900
-443707.790,-1172326.870,360.930
-443708.050,-1172326.630,360.950
-443708.340,-1172326.360,360.960
-443708.650,-1172326.080,360.970
-443708.980,-1172325.770,360.970
-443709.370,-1172325.420,360.775
-443709.660,-1172325.150,360.780
-443709.950,-1172324.880,360.800
-443710.260,-1172324.590,360.830
-443710.530,-1172324.350,360.860
-443710.820,-1172324.080,360.900
-443711.090,-1172323.830,360.920
-443711.380,-1172323.570,360.960
-443711.700,-1172323.270,361.095
-443712.030,-1172322.970,361.310
-443712.360,-1172322.660,361.485
-443712.690,-1172322.350,361.720
-443713.060,-1172322.020,361.850
-443713.400,-1172321.700,361.905
-443713.700,-1172321.420,361.870
-443713.900,-1172321.230,361.860
-443714.150,-1172321.000,361.810
-443714.370,-1172320.800,361.645
-443714.590,-1172320.600,361.535
-443714.840,-1172320.370,361.340
-443715.090,-1172320.150,361.210
-443707.350,-1172325.970,360.860
-443707.770,-1172325.590,360.790
-443708.060,-1172325.320,360.780
-443708.330,-1172325.070,360.780
-443708.630,-1172324.790,360.800
-443708.950,-1172324.500,360.850
-443709.250,-1172324.220,360.910
-443709.560,-1172323.940,360.970
-443709.860,-1172323.660,361.070
-443710.180,-1172323.370,361.190
-443710.520,-1172323.050,361.445
-443710.830,-1172322.770,361.680
-443711.190,-1172322.430,361.820
-443711.520,-1172322.130,361.925
-443711.860,-1172321.820,361.950
-443712.110,-1172321.580,361.920
-443712.350,-1172321.370,361.900
-443712.580,-1172321.150,361.790
-443712.810,-1172320.940,361.700
-443713.050,-1172320.720,361.535
-443713.260,-1172320.530,361.385
-443713.500,-1172320.310,361.235
-443713.720,-1172320.110,361.090
-443713.940,-1172319.900,360.910
-443714.160,-1172319.700,360.760
-443714.380,-1172319.500,360.650
-443714.660,-1172319.240,360.600
-443714.890,-1172319.030,360.570
-443715.300,-1172318.650,360.340
-443715.500,-1172318.470,359.965
-443715.730,-1172318.260,359.500
-443715.980,-1172318.030,359.120
-443716.160,-1172317.870,358.610
-443716.350,-1172317.690,358.265
-443716.600,-1172317.450,358.155
-443716.860,-1172317.220,358.100
-443717.200,-1172316.900,358.020
-443717.450,-1172316.680,357.990
-443717.680,-1172316.460,357.940
-443717.920,-1172316.240,357.865
-443718.140,-1172316.040,357.800
-443718.380,-1172315.820,357.760
-443718.630,-1172315.590,357.680
-443704.780,-1172328.770,360.750
-443705.070,-1172328.500,360.765
-443705.340,-1172328.250,360.780
-443705.620,-1172327.990,360.790
-443705.890,-1172327.740,360.800
-443706.160,-1172327.490,360.810
-443706.470,-1172327.210,360.830
-443706.770,-1172326.930,360.860
-443707.020,-1172326.700,360.875
-443707.300,-1172326.440,360.900
-443707.620,-1172326.150,360.920
-443707.940,-1172325.850,360.920
-443708.350,-1172325.480,360.780
-443708.660,-1172325.190,360.770
-443708.940,-1172324.930,360.780
-443709.220,-1172324.670,360.820
-443709.510,-1172324.400,360.870
-443709.820,-1172324.120,360.920
-443710.120,-1172323.850,360.980
-443710.390,-1172323.590,361.050
-443710.750,-1172323.270,361.220
-443711.090,-1172322.950,361.430
-443711.440,-1172322.630,361.620
-443711.770,-1172322.330,361.790
-443712.120,-1172322.000,361.900
-443712.440,-1172321.710,361.920
-443712.700,-1172321.460,361.900
-443712.920,-1172321.260,361.875
-443713.150,-1172321.050,361.755
-443713.370,-1172320.850,361.600
-443713.590,-1172320.650,361.520
-443713.820,-1172320.430,361.335
-443714.030,-1172320.240,361.145
-443714.250,-1172320.040,361.015
-443714.480,-1172319.820,360.840
-443714.720,-1172319.600,360.700
-443714.960,-1172319.380,360.610
-443715.180,-1172319.180,360.580
-443715.400,-1172318.980,360.460
-443715.620,-1172318.780,360.170
-443715.850,-1172318.570,359.630
-443716.090,-1172318.340,359.230
-443716.430,-1172318.030,358.320
-443716.660,-1172317.820,358.230
-443716.920,-1172317.580,358.190
-443717.180,-1172317.340,358.155
-443717.510,-1172317.040,358.120
-443717.780,-1172316.790,358.110
-443718.010,-1172316.580,358.035
-443718.260,-1172316.350,357.950
-443718.490,-1172316.130,357.845
-443711.190,-1172321.370,362.030
-443711.380,-1172321.200,361.950
-443711.610,-1172320.990,361.705
-443711.860,-1172320.750,361.465
-443712.080,-1172320.550,361.270
-443712.320,-1172320.330,361.110
-443712.530,-1172320.140,361.020
-443712.760,-1172319.920,360.810
-443712.990,-1172319.710,360.670
-443713.240,-1172319.490,360.610
-443713.510,-1172319.230,360.580
-443713.780,-1172318.990,360.550
-443714.040,-1172318.750,360.510
-443714.320,-1172318.490,360.480
-443714.590,-1172318.240,360.440
-443715.060,-1172317.810,359.730
-443715.280,-1172317.610,359.235
-443715.510,-1172317.400,358.880
-443715.710,-1172317.210,358.640
-443715.940,-1172317.000,358.250
-443716.230,-1172316.730,357.975
-443716.450,-1172316.530,357.870
-443716.720,-1172316.280,357.780
-443716.960,-1172316.060,357.745
-443717.200,-1172315.840,357.670
-443717.430,-1172315.620,357.605
-443704.420,-1172328.180,360.700
-443704.710,-1172327.920,360.750
-443704.980,-1172327.670,360.770
-443705.280,-1172327.380,360.780
-443705.560,-1172327.130,360.800
-443705.840,-1172326.880,360.820
-443706.100,-1172326.630,360.830
-443707.120,-1172325.690,360.780
-443707.410,-1172325.430,360.780
-443707.710,-1172325.150,360.780
-443708.000,-1172324.880,360.800
-443708.290,-1172324.610,360.840
-443708.590,-1172324.330,360.880
-443708.900,-1172324.050,360.960
-443709.180,-1172323.790,361.030
-443709.490,-1172323.510,361.140
-443709.850,-1172323.170,361.380
-443710.280,-1172322.780,361.730
-443710.540,-1172322.540,361.870
-443710.880,-1172322.230,361.960
-443711.220,-1172321.910,362.005
-443711.490,-1172321.670,361.980
-443711.720,-1172321.450,361.935
-443711.940,-1172321.250,361.900
-443712.180,-1172321.030,361.705
-443712.400,-1172320.830,361.520
-443712.620,-1172320.620,361.405
-443713.100,-1172320.180,361.080
-443713.320,-1172319.980,360.925
-443713.560,-1172319.760,360.800
-443713.790,-1172319.550,360.650
-443714.040,-1172319.310,360.600
-443714.320,-1172319.050,360.570
-443714.580,-1172318.820,360.520
-443714.830,-1172318.580,360.470
-443715.360,-1172318.100,359.630
-443715.560,-1172317.920,359.285
-443715.770,-1172317.720,358.910
-443716.040,-1172317.480,358.640
-443716.250,-1172317.280,358.140
-443716.470,-1172317.080,358.060
-443716.730,-1172316.850,357.990
-443717.030,-1172316.570,357.855
-443717.270,-1172316.340,357.820
-443717.520,-1172316.110,357.780
-443717.760,-1172315.890,357.725
-443718.000,-1172315.670,357.675
-443704.510,-1172328.590,360.730
-443704.800,-1172328.330,360.750
-443705.080,-1172328.060,360.770
-443705.320,-1172327.840,360.780
-443705.610,-1172327.580,360.790
-443705.880,-1172327.330,360.800
-443706.180,-1172327.050,360.820
-443706.430,-1172326.820,360.840
-443707.060,-1172326.240,360.870
-443711.390,-1172320.370,361.035
-443711.620,-1172320.150,360.850
-443711.840,-1172319.940,360.750
-443712.090,-1172319.720,360.660
-443712.350,-1172319.470,360.600
-443712.620,-1172319.230,360.580
-443712.870,-1172319.000,360.550
-443713.150,-1172318.740,360.510
-443713.420,-1172318.490,360.480
-443713.690,-1172318.240,360.450
-443713.960,-1172318.000,360.440
-443714.240,-1172317.730,360.400
-443714.500,-1172317.490,360.355
-443715.070,-1172316.970,358.905
-443715.270,-1172316.790,358.670
-443715.490,-1172316.590,358.210
-443715.720,-1172316.380,357.870
-443716.090,-1172316.030,357.750
-443716.330,-1172315.820,357.660
-443704.450,-1172327.220,360.710
-443704.760,-1172326.940,360.770
-443705.020,-1172326.700,360.780
-443705.380,-1172326.370,360.820
-443706.410,-1172325.420,360.830
-443706.680,-1172325.170,360.820
-443706.970,-1172324.900,360.850
-443707.280,-1172324.620,360.890
-443707.580,-1172324.340,360.955
-443707.880,-1172324.060,361.030
-443708.150,-1172323.810,361.130
-443708.500,-1172323.490,361.250
-443708.840,-1172323.170,361.425
-443709.160,-1172322.880,361.650
-443709.480,-1172322.590,361.880
-443709.820,-1172322.270,361.940
-443710.170,-1172321.950,362.010
-443710.410,-1172321.730,362.050
-443711.300,-1172320.900,361.650
-443711.540,-1172320.680,361.340
-443711.770,-1172320.470,361.170
-443712.000,-1172320.270,361.030
-443712.210,-1172320.070,360.860
-443712.460,-1172319.840,360.720
-443712.700,-1172319.620,360.640
-443712.980,-1172319.360,360.590
-443713.230,-1172319.130,360.560
-443713.500,-1172318.880,360.530
-443713.770,-1172318.630,360.500
-443714.010,-1172318.410,360.480
-443714.290,-1172318.160,360.450
-443714.590,-1172317.880,360.390
-443715.030,-1172317.470,359.330
-443715.210,-1172317.300,359.130
-443715.410,-1172317.120,358.820
-443715.640,-1172316.910,358.420
-443716.210,-1172316.390,357.840
-443716.420,-1172316.190,357.780
-443716.670,-1172315.960,357.710
-443716.910,-1172315.750,357.625
-443704.390,-1172327.640,360.700
-443704.710,-1172327.350,360.760
-443705.000,-1172327.080,360.780
-443705.280,-1172326.810,360.800
-443705.580,-1172326.540,360.820
-443705.940,-1172326.210,360.830
-443706.380,-1172325.800,360.830
-443706.640,-1172325.570,360.820
-443706.920,-1172325.300,360.805
-443707.230,-1172325.020,360.810
-443707.530,-1172324.750,360.850
-443707.810,-1172324.490,360.895
-443708.100,-1172324.220,360.950
-443708.380,-1172323.960,361.020
-443708.710,-1172323.660,361.130
-443709.030,-1172323.360,361.290
-443709.350,-1172323.070,361.490
-443709.730,-1172322.710,361.790
-443710.050,-1172322.420,361.915
-443710.400,-1172322.100,361.990
-443710.680,-1172321.840,362.040
-443710.970,-1172321.580,362.040
-443712.980,-1172317.920,360.410
-443713.240,-1172317.680,360.390
-443713.500,-1172317.440,360.360
-443713.770,-1172317.190,360.340
-443714.030,-1172316.950,360.320
-443714.300,-1172316.700,360.290
-443715.180,-1172315.900,357.940
-443715.400,-1172315.700,357.780
-443715.640,-1172315.470,357.630
-443704.290,-1172326.480,360.680
-443706.080,-1172324.830,360.910
-443706.330,-1172324.610,360.965
-443706.630,-1172324.320,361.010
-443706.950,-1172324.030,361.090
-443707.270,-1172323.740,361.200
-443707.600,-1172323.440,361.370
-443707.910,-1172323.140,361.540
-443708.250,-1172322.830,361.780
-443708.580,-1172322.530,361.905
-443708.920,-1172322.210,361.920
-443709.220,-1172321.940,361.950
-443709.450,-1172321.720,361.940
-443709.680,-1172321.510,361.960
-443709.930,-1172321.280,361.960
-443710.600,-1172320.670,361.280
-443710.840,-1172320.440,361.090
-443711.050,-1172320.250,360.890
-443711.280,-1172320.040,360.780
-443711.500,-1172319.840,360.670
-443711.740,-1172319.610,360.625
-443712.020,-1172319.360,360.590
-443712.270,-1172319.130,360.560
-443712.530,-1172318.890,360.530
-443712.810,-1172318.630,360.500
-443713.050,-1172318.410,360.465
-443713.330,-1172318.150,360.440
-443713.620,-1172317.880,360.420
-443713.870,-1172317.650,360.395
-443714.120,-1172317.420,360.380
-443714.410,-1172317.160,360.320
-443715.150,-1172316.470,358.440
-443715.350,-1172316.290,358.040
-443715.560,-1172316.100,357.810
-443715.830,-1172315.850,357.740
-443715.990,-1172315.700,357.655
-443704.360,-1172326.840,360.700
-443704.750,-1172326.490,360.780
-443705.070,-1172326.180,360.820
-443706.170,-1172325.180,360.830
-443706.380,-1172324.980,360.850
-443706.670,-1172324.720,360.890
-443706.960,-1172324.440,360.960
-443707.270,-1172324.160,361.030
-443707.560,-1172323.890,361.090
-443707.900,-1172323.580,361.260
-443708.250,-1172323.260,361.430
-443708.590,-1172322.940,361.600
-443708.910,-1172322.650,361.820
-443709.270,-1172322.320,361.935
-443709.600,-1172322.010,361.955
-443709.820,-1172321.800,361.975
-443710.050,-1172321.600,362.010
-443710.950,-1172320.770,361.450
-443711.160,-1172320.570,361.180
-443710.340,-1172319.400,360.580
-443710.610,-1172319.150,360.550
-443710.870,-1172318.910,360.520
-443711.130,-1172318.670,360.480
-443711.390,-1172318.430,360.460
-443711.660,-1172318.180,360.420
-443711.940,-1172317.930,360.400
-443712.190,-1172317.690,360.380
-443712.470,-1172317.430,360.350
-443712.740,-1172317.180,360.330
-443713.020,-1172316.930,360.300
-443713.270,-1172316.690,360.290
-443713.550,-1172316.440,360.270
-443713.840,-1172316.170,360.250
-443714.110,-1172315.930,360.250
-443714.320,-1172315.730,360.220
-443706.060,-1172323.900,361.185
-443706.320,-1172323.660,361.305
-443706.690,-1172323.320,361.530
-443707.020,-1172323.020,361.730
-443707.360,-1172322.710,361.870
-443707.670,-1172322.420,361.930
-443708.000,-1172322.110,361.930
-443708.230,-1172321.900,361.910
-443708.460,-1172321.690,361.890
-443708.680,-1172321.480,361.750
-443708.930,-1172321.260,361.580
-443709.160,-1172321.050,361.430
-443709.380,-1172320.840,361.295
-443709.610,-1172320.630,361.145
-443709.840,-1172320.420,360.930
-443710.050,-1172320.230,360.740
-443710.280,-1172320.010,360.670
-443710.550,-1172319.760,360.625
-443710.820,-1172319.520,360.600
-443711.080,-1172319.280,360.570
-443711.350,-1172319.020,360.530
-443711.650,-1172318.760,360.500
-443711.880,-1172318.540,360.470
-443712.150,-1172318.290,360.440
-443712.420,-1172318.040,360.410
-443712.700,-1172317.790,360.390
-443712.940,-1172317.560,360.370
-443713.200,-1172317.320,360.340
-443713.470,-1172317.080,360.330
-443713.730,-1172316.840,360.310
-443714.010,-1172316.580,360.280
-443714.260,-1172316.350,360.260
-443714.490,-1172316.130,360.220
-443715.050,-1172315.620,357.870
-443706.050,-1172324.310,361.030
-443706.310,-1172324.070,361.090
-443706.610,-1172323.790,361.220
-443706.940,-1172323.490,361.410
-443707.290,-1172323.160,361.540
-443707.630,-1172322.850,361.800
-443707.970,-1172322.540,361.910
-443708.330,-1172322.210,361.920
-443708.600,-1172321.960,361.920
-443708.820,-1172321.760,361.910
-443709.050,-1172321.550,361.840
-443709.260,-1172321.350,361.750
-443709.490,-1172321.140,361.640
-443709.730,-1172320.920,361.420
-443709.950,-1172320.720,361.260
-443710.180,-1172320.500,361.050
-443710.410,-1172320.290,360.880
-443710.660,-1172320.070,360.700
-443710.880,-1172319.860,360.655
-443711.160,-1172319.600,360.610
-443711.410,-1172319.370,360.590
-443711.680,-1172319.120,360.550
-443711.930,-1172318.890,360.520
-443712.190,-1172318.660,360.495
-443712.440,-1172318.420,360.460
-443712.710,-1172318.170,360.440
-443709.300,-1172319.100,360.510
-443709.580,-1172318.840,360.480
-443709.830,-1172318.600,360.450
-443710.100,-1172318.360,360.430
-443710.380,-1172318.100,360.400
-443710.650,-1172317.850,360.370
-443710.890,-1172317.640,360.350
-443711.170,-1172317.380,360.320
-443711.450,-1172317.110,360.290
-443711.710,-1172316.870,360.270
-443711.990,-1172316.610,360.250
-443712.280,-1172316.350,360.240
-443712.550,-1172316.100,360.230
-443712.770,-1172315.900,360.230
-443705.990,-1172322.840,361.940
-443706.240,-1172322.620,361.955
-443706.560,-1172322.320,361.950
-443706.800,-1172322.100,361.940
-443707.030,-1172321.880,361.920
-443707.250,-1172321.690,361.820
-443707.460,-1172321.490,361.690
-443707.700,-1172321.270,361.510
-443707.910,-1172321.080,361.360
-443708.130,-1172320.870,361.210
-443708.360,-1172320.660,361.080
-443708.590,-1172320.450,360.845
-443708.820,-1172320.240,360.690
-443709.050,-1172320.030,360.640
-443709.320,-1172319.780,360.615
-443709.600,-1172319.520,360.580
-443709.850,-1172319.290,360.550
-443710.110,-1172319.050,360.520
-443710.400,-1172318.790,360.490
-443710.670,-1172318.530,360.460
-443710.930,-1172318.290,360.430
-443711.200,-1172318.050,360.405
-443711.480,-1172317.790,360.380
-443711.740,-1172317.550,360.350
-443712.000,-1172317.310,360.330
-443712.260,-1172317.060,360.300
-443712.530,-1172316.820,360.280
-443712.810,-1172316.560,360.260
-443713.070,-1172316.320,360.250
-443713.360,-1172316.050,360.240
-443713.620,-1172315.820,360.240
-443706.060,-1172323.340,361.595
-443706.320,-1172323.100,361.780
-443706.640,-1172322.800,361.910
-443706.970,-1172322.500,361.930
-443707.240,-1172322.250,361.930
-443707.490,-1172322.020,361.930
-443707.720,-1172321.810,361.910
-443707.930,-1172321.610,361.810
-443708.170,-1172321.400,361.650
-443708.400,-1172321.190,361.485
-443708.620,-1172320.980,361.340
-443708.860,-1172320.760,361.200
-443709.080,-1172320.560,361.000
-443709.300,-1172320.350,360.810
-443709.520,-1172320.150,360.715
-443709.800,-1172319.900,360.635
-443710.060,-1172319.650,360.610
-443705.740,-1172321.520,361.590
-443705.940,-1172321.340,361.430
-443706.160,-1172321.130,361.250
-443706.390,-1172320.920,361.090
-443706.610,-1172320.720,360.900
-443706.850,-1172320.510,360.820
-443707.070,-1172320.300,360.650
-443707.340,-1172320.050,360.620
-443707.620,-1172319.790,360.590
-443707.870,-1172319.560,360.570
-443708.150,-1172319.300,360.530
-443708.420,-1172319.050,360.490
-443708.690,-1172318.800,360.460
-443708.950,-1172318.570,360.430
-443709.220,-1172318.310,360.400
-443709.480,-1172318.080,360.380
-443709.760,-1172317.820,360.350
-443710.010,-1172317.590,360.330
-443710.270,-1172317.350,360.300
-443710.520,-1172317.120,360.270
-443710.790,-1172316.870,360.250
-443711.050,-1172316.630,360.230
-443711.320,-1172316.380,360.230
-443711.580,-1172316.140,360.220
-443705.820,-1172321.900,361.890
-443705.980,-1172321.750,361.760
-443706.190,-1172321.550,361.610
-443706.420,-1172321.350,361.435
-443706.640,-1172321.140,361.310
-443706.870,-1172320.930,361.145
-443707.090,-1172320.730,361.000
-443707.350,-1172320.490,360.800
-443707.570,-1172320.280,360.665
-443707.820,-1172320.050,360.630
-443708.090,-1172319.800,360.600
-443708.370,-1172319.550,360.575
-443708.620,-1172319.320,360.535
-443708.890,-1172319.070,360.510
-443709.150,-1172318.830,360.470
-443709.420,-1172318.580,360.440
-443709.660,-1172318.360,360.410
-443709.930,-1172318.110,360.390
-443710.210,-1172317.850,360.360
-443710.460,-1172317.620,360.340
-443710.720,-1172317.390,360.310
-443711.000,-1172317.120,360.290
-443711.260,-1172316.880,360.260
-443711.530,-1172316.630,360.250
-443711.790,-1172316.390,360.230
-443712.080,-1172316.130,360.220
-443712.320,-1172315.910,360.220
-443705.790,-1172322.330,362.000
-443705.990,-1172322.150,361.940
-443706.200,-1172321.960,361.920
-443706.430,-1172321.740,361.780
-443706.660,-1172321.530,361.610
-443706.880,-1172321.330,361.460
-443707.110,-1172321.110,361.310
-443707.320,-1172320.920,361.200
-443707.560,-1172320.700,361.020
-443707.800,-1172320.480,360.835
-443708.010,-1172320.290,360.660
-443708.250,-1172320.070,360.640
-443708.510,-1172319.820,360.610
-443708.780,-1172319.580,360.580
-443709.040,-1172319.340,360.540
-443707.070,-1172318.560,360.390
-443707.350,-1172318.310,360.390
-443707.600,-1172318.070,360.360
-443707.870,-1172317.830,360.330
-443708.140,-1172317.580,360.300
-443708.410,-1172317.330,360.280
-443708.650,-1172317.100,360.250
-443708.950,-1172316.830,360.240
-443709.210,-1172316.590,360.210
-443709.470,-1172316.350,360.210
-443709.690,-1172316.150,360.180
-443705.710,-1172320.350,360.580
-443705.910,-1172320.160,360.415
-443706.140,-1172319.950,360.375
-443706.370,-1172319.750,360.320
-443706.570,-1172319.560,360.365
-443707.010,-1172319.150,360.430
-443707.300,-1172318.880,360.445
-443707.560,-1172318.650,360.430
-443707.830,-1172318.390,360.410
-443708.100,-1172318.150,360.380
-443708.350,-1172317.920,360.350
-443708.620,-1172317.670,360.320
-443708.880,-1172317.420,360.290
-443709.190,-1172317.140,360.270
-443709.440,-1172316.910,360.240
-443709.710,-1172316.660,360.220
-443709.980,-1172316.410,360.210
-443710.230,-1172316.190,360.190
-443705.620,-1172320.750,360.905
-443705.820,-1172320.570,360.830
-443706.010,-1172320.380,360.670
-443706.250,-1172320.160,360.570
-443706.490,-1172319.950,360.540
-443706.710,-1172319.740,360.500
-443707.100,-1172319.380,360.480
-443707.370,-1172319.130,360.490
-443707.650,-1172318.880,360.460
-443707.900,-1172318.640,360.440
-443708.180,-1172318.380,360.400
-443708.460,-1172318.130,360.380
-443708.730,-1172317.880,360.350
-443708.960,-1172317.660,360.320
-443709.240,-1172317.410,360.300
-443709.510,-1172317.160,360.270
-443709.780,-1172316.910,360.240
-443710.030,-1172316.680,360.230
-443710.320,-1172316.410,360.210
-443710.600,-1172316.150,360.190
-443710.830,-1172315.940,360.185
-443705.690,-1172321.210,361.270
-443705.880,-1172321.040,361.170
-443706.090,-1172320.840,361.025
-443706.330,-1172320.620,360.880
-443706.570,-1172320.400,360.780
-443706.790,-1172320.200,360.630
-443707.100,-1172319.910,360.580
-443707.370,-1172319.660,360.560
-443707.630,-1172319.420,360.545
-443707.870,-1172319.200,360.520
-443708.150,-1172318.940,360.480
-443708.410,-1172318.700,360.450
-443708.680,-1172318.450,360.420
-443708.930,-1172318.220,360.390
-443709.220,-1172317.950,360.360
-443709.500,-1172317.700,360.340
-443709.760,-1172317.460,360.310
-443710.030,-1172317.210,360.270
-443710.310,-1172316.950,360.260
-443710.570,-1172316.710,360.230
-443710.830,-1172316.470,360.220
-443711.110,-1172316.210,360.210
-443711.340,-1172316.000,360.210
-443705.410,-1172318.210,358.730
-443705.600,-1172318.030,358.610
-443705.830,-1172317.820,358.550
-443706.080,-1172317.590,358.540
-443706.940,-1172316.790,360.200
-443707.190,-1172316.560,360.195
-443705.530,-1172318.520,359.010
-443705.710,-1172318.360,358.970
-443705.920,-1172318.160,358.880
-443706.160,-1172317.940,358.865
-443706.980,-1172317.180,360.220
-443707.220,-1172316.960,360.220
-443707.500,-1172316.700,360.210
-443707.780,-1172316.440,360.190
-443705.380,-1172319.020,359.420
-443705.580,-1172318.830,359.255
-443705.800,-1172318.630,359.210
-443706.020,-1172318.430,359.130
-443706.740,-1172317.750,360.255
-443706.270,-1172318.190,359.120
-443707.000,-1172317.520,360.260
-443707.280,-1172317.260,360.240
-443707.530,-1172317.030,360.230
-443707.810,-1172316.770,360.210
-443708.070,-1172316.530,360.200
-443708.290,-1172316.330,360.190
-443705.470,-1172319.530,359.860
-443705.690,-1172319.320,359.650
-443705.890,-1172319.140,359.560
-443706.110,-1172318.940,359.570
-443706.330,-1172318.730,359.550
-443706.980,-1172318.130,360.340
-443707.230,-1172317.910,360.330
-443707.480,-1172317.670,360.300
-443707.760,-1172317.420,360.280
-443708.020,-1172317.180,360.250
-443708.280,-1172316.940,360.230
-443708.530,-1172316.710,360.230
-443708.810,-1172316.450,360.210
-443709.050,-1172316.220,360.190
-443705.670,-1172319.850,360.175
-443705.880,-1172319.660,360.060
-443706.080,-1172319.470,359.990
-443706.300,-1172319.280,359.990
-443706.520,-1172319.070,359.980
-443705.420,-1172316.860,357.970
-443705.620,-1172316.670,357.955
-443705.320,-1172317.360,358.180
-443705.520,-1172317.170,358.130
-443705.730,-1172316.980,358.100
-443705.950,-1172316.780,358.100
-443705.310,-1172317.920,358.535
-443705.520,-1172317.720,358.440
-443705.750,-1172317.510,358.310
-443705.960,-1172317.310,358.365
-443706.840,-1172316.500,360.170
-443722.790,-1172314.740,355.330
-443722.650,-1172315.120,355.475
-443723.500,-1172315.100,355.480
-443723.320,-1172315.580,355.665
-443722.990,-1172315.160,355.480
-443722.830,-1172315.600,355.740
-443723.830,-1172314.970,355.450
-443723.530,-1172315.810,355.860
-443724.750,-1172315.090,355.510
-443724.370,-1172315.010,355.450
-443724.240,-1172315.360,355.620
-443725.300,-1172314.890,355.450
-443725.480,-1172315.200,355.620
-443725.350,-1172315.560,355.810
-443721.690,-1172325.570,355.695
-443721.590,-1172325.840,355.470
-443722.610,-1172325.520,355.630
-443722.510,-1172325.810,355.445
-443722.410,-1172326.070,355.260
-443722.300,-1172326.360,355.070
-443722.200,-1172326.640,354.960
-443722.100,-1172326.920,354.850
-443726.180,-1172314.800,355.510
-443722.250,-1172325.550,355.660
-443722.150,-1172325.830,355.455
-443722.040,-1172326.110,355.260
-443721.930,-1172326.410,355.075
-443721.830,-1172326.670,354.980
-443721.730,-1172326.970,354.870
-443723.070,-1172325.600,355.590
-443722.970,-1172325.860,355.350
-443722.870,-1172326.130,355.195
-443722.770,-1172326.420,355.035
-443722.670,-1172326.670,354.930
-443722.570,-1172326.960,354.820
-443723.430,-1172325.380,355.660
-443723.320,-1172325.660,355.455
-443723.230,-1172325.910,355.280
-443723.130,-1172326.190,355.060
-443723.020,-1172326.480,354.990
-443722.920,-1172326.760,354.870
-443722.810,-1172327.050,354.790
-443724.220,-1172325.540,355.470
-443724.110,-1172325.830,355.280
-443724.000,-1172326.120,355.090
-443723.900,-1172326.400,354.980
-443723.800,-1172326.660,354.870
-443723.700,-1172326.950,354.760
-443723.980,-1172325.320,355.670
-443723.880,-1172325.600,355.455
-443723.780,-1172325.870,355.280
-443723.680,-1172326.140,355.085
-443723.580,-1172326.430,355.000
-443723.470,-1172326.700,354.870
-443724.780,-1172325.240,355.670
-443724.680,-1172325.490,355.480
-443724.580,-1172325.760,355.300
-443724.470,-1172326.070,355.100
-443724.360,-1172326.350,354.990
-443724.270,-1172326.610,354.875
-443725.540,-1172325.250,355.600
-443725.440,-1172325.520,355.470
-443725.330,-1172325.820,355.310
-443725.230,-1172326.090,355.180
-443725.120,-1172326.370,355.075
-443725.020,-1172326.660,354.910
-443724.970,-1172325.300,355.630
-443724.870,-1172325.560,355.430
-443724.770,-1172325.850,355.225
-443724.660,-1172326.130,355.150
-443724.550,-1172326.440,354.975
-443724.450,-1172326.690,354.870
-443725.850,-1172325.280,355.575
-443725.750,-1172325.530,355.495
-443725.650,-1172325.810,355.370
-443726.480,-1172325.260,355.550
-443726.310,-1172325.200,355.600
-443726.200,-1172325.480,355.460
-443726.110,-1172325.740,355.370
-443726.370,-1172325.540,355.450
-443726.270,-1172325.830,355.370
-443727.050,-1172325.000,355.550
-443726.940,-1172325.280,355.500
-443726.830,-1172325.580,355.410
-443726.730,-1172325.860,355.370
-443727.250,-1172325.150,355.500
-443727.150,-1172325.430,355.440
-443727.050,-1172325.710,355.390
-443727.650,-1172325.240,355.410
-443727.550,-1172325.510,355.385
-443721.370,-1172325.650,355.650
-443721.270,-1172325.930,355.460
-443721.160,-1172326.200,355.260
-443721.060,-1172326.500,355.145
-443720.950,-1172326.780,355.060
-443720.850,-1172327.040,355.000
-443721.500,-1172326.100,355.280
-443721.400,-1172326.370,355.115
-443721.290,-1172326.660,355.050
-443721.190,-1172326.930,354.960
-443720.820,-1172325.830,355.540
-443720.730,-1172326.090,355.410
-443720.630,-1172326.350,355.260
-443720.520,-1172326.650,355.180
-443720.420,-1172326.910,355.130
-443719.880,-1172325.780,355.690
-443719.780,-1172326.070,355.550
-443719.680,-1172326.320,355.460
-443719.580,-1172326.610,355.330
-443720.450,-1172325.740,355.660
-443720.350,-1172326.000,355.495
-443720.240,-1172326.290,355.340
-443720.140,-1172326.580,355.255
-443718.950,-1172326.200,355.530
-443718.840,-1172326.500,355.400
-443718.730,-1172326.810,355.340
-443719.550,-1172325.880,355.660
-443719.450,-1172326.160,355.530
-443719.340,-1172326.450,355.440
-443719.240,-1172326.730,355.340
-443718.120,-1172326.030,355.680
-443718.010,-1172326.330,355.590
-443717.900,-1172326.620,355.510
-443717.800,-1172326.890,355.405
-443718.610,-1172326.150,355.575
-443718.510,-1172326.430,355.480
-443718.400,-1172326.730,355.365
-443717.450,-1172326.170,356.055
-443717.350,-1172326.450,355.970
-443717.240,-1172326.750,357.890
-443717.790,-1172326.270,355.700
-443717.690,-1172326.540,355.660
-443717.590,-1172326.820,355.510
-443727.460,-1172324.590,355.745
-443727.340,-1172324.910,355.560
-443727.080,-1172323.610,356.520
-443726.980,-1172323.890,356.290
-443726.890,-1172324.140,356.120
-443726.790,-1172324.420,355.990
-443726.680,-1172324.690,355.860
-443726.570,-1172325.000,355.650
-443727.350,-1172324.180,356.005
-443727.250,-1172324.450,355.845
-443727.160,-1172324.710,355.710
-443727.430,-1172322.160,357.660
-443727.220,-1172322.730,357.280
-443727.120,-1172322.990,357.080
-443727.010,-1172323.280,356.855
-443726.920,-1172323.550,356.640
-443726.810,-1172323.840,356.380
-443726.720,-1172324.090,356.215
-443726.610,-1172324.370,356.090
-443726.510,-1172324.640,355.890
-443726.410,-1172324.920,355.750
-443727.280,-1172323.090,356.980
-443727.180,-1172323.340,356.760
-443727.150,-1172320.860,357.895
-443727.020,-1172321.220,357.905
-443726.890,-1172321.600,357.870
-443726.780,-1172321.900,357.790
-443726.670,-1172322.190,357.700
-443726.560,-1172322.480,357.560
-443726.460,-1172322.760,357.305
-443726.360,-1172323.030,357.080
-443726.260,-1172323.290,356.900
-443726.160,-1172323.560,356.700
-443726.050,-1172323.860,356.500
-443725.950,-1172324.130,356.380
-443725.850,-1172324.400,356.175
-443725.750,-1172324.680,355.990
-443725.640,-1172324.980,355.765
-443727.200,-1172321.610,357.810
-443727.090,-1172321.910,357.760
-443726.980,-1172322.200,357.690
-443726.890,-1172322.470,357.540
-443726.770,-1172322.770,357.290
-443726.680,-1172323.030,357.055
-443726.570,-1172323.320,356.870
-443726.460,-1172323.610,356.680
-443726.360,-1172323.900,356.480
-443726.260,-1172324.170,356.335
-443726.160,-1172324.440,356.130
-443726.050,-1172324.720,355.930
-443725.950,-1172325.010,355.730
-443725.410,-1172323.510,356.840
-443725.300,-1172323.830,356.630
-443725.190,-1172324.120,356.420
-443724.980,-1172324.680,356.045
-443724.870,-1172324.980,355.870
-443726.960,-1172319.890,357.915
-443726.840,-1172320.220,357.970
-443726.710,-1172320.580,358.010
-443726.560,-1172320.970,358.045
-443726.430,-1172321.350,358.005
-443726.320,-1172321.650,357.980
-443726.210,-1172321.950,357.890
-443726.100,-1172322.220,357.710
-443726.010,-1172322.480,357.560
-443725.910,-1172322.760,357.330
-443725.800,-1172323.060,357.160
-443725.690,-1172323.350,356.975
-443725.590,-1172323.600,356.790
-443725.480,-1172323.900,356.610
-443725.380,-1172324.180,356.390
-443725.290,-1172324.440,356.220
-443725.180,-1172324.730,356.035
-443725.080,-1172325.000,355.825
-443726.820,-1172318.460,357.840
-443726.680,-1172318.830,357.930
-443726.540,-1172319.220,358.010
-443726.400,-1172319.600,358.130
-443726.260,-1172319.980,358.220
-443726.130,-1172320.360,358.315
-443725.990,-1172320.730,358.350
-443725.860,-1172321.100,358.330
-443725.750,-1172321.390,358.285
-443725.650,-1172321.670,358.140
-443725.540,-1172321.950,357.960
-443725.450,-1172322.200,357.830
-443725.350,-1172322.460,357.620
-443725.250,-1172322.750,357.425
-443725.140,-1172323.030,357.250
-443725.040,-1172323.310,357.010
-443724.930,-1172323.590,356.845
-443724.840,-1172323.850,356.640
-443724.730,-1172324.150,356.420
-443724.620,-1172324.440,356.250
-443724.530,-1172324.700,356.055
-443724.430,-1172324.970,355.870
-443724.320,-1172325.260,355.710
-443727.020,-1172319.140,357.905
-443726.880,-1172319.510,357.950
-443726.740,-1172319.890,357.980
-443726.620,-1172320.240,358.020
-443726.480,-1172320.600,358.120
-443726.350,-1172320.980,358.150
-443726.230,-1172321.310,358.130
-443726.120,-1172321.590,358.075
-443726.020,-1172321.870,357.970
-443725.910,-1172322.150,357.790
-443725.820,-1172322.410,357.625
-443725.710,-1172322.700,357.395
-443725.600,-1172323.000,357.255
-443725.510,-1172323.260,357.020
-443723.930,-1172324.010,356.575
-443723.830,-1172324.290,356.380
-443723.730,-1172324.560,356.230
-443723.630,-1172324.830,356.035
-443723.540,-1172325.090,355.880
-443726.580,-1172318.250,357.830
-443726.440,-1172318.640,357.920
-443726.310,-1172319.000,358.020
-443726.170,-1172319.390,358.140
-443726.030,-1172319.770,358.305
-443725.890,-1172320.140,358.480
-443725.750,-1172320.520,358.500
-443725.620,-1172320.890,358.480
-443725.510,-1172321.180,358.420
-443725.410,-1172321.460,358.310
-443725.310,-1172321.730,358.150
-443725.200,-1172322.030,357.960
-443725.100,-1172322.290,357.770
-443725.000,-1172322.570,357.580
-443724.900,-1172322.840,357.400
-443724.790,-1172323.130,357.220
-443724.700,-1172323.380,357.025
-443724.610,-1172323.630,356.800
-443724.490,-1172323.940,356.630
-443724.400,-1172324.200,356.410
-443724.290,-1172324.480,356.250
-443724.190,-1172324.760,356.050
-443724.080,-1172325.060,355.870
-443726.320,-1172316.720,356.730
-443726.160,-1172317.180,357.010
-443726.000,-1172317.610,357.320
-443725.830,-1172318.090,357.670
-443725.660,-1172318.550,357.980
-443725.500,-1172318.990,358.250
-443725.350,-1172319.390,358.415
-443725.190,-1172319.840,358.640
-443725.040,-1172320.260,358.770
-443724.930,-1172320.570,358.795
-443724.820,-1172320.860,358.750
-443724.710,-1172321.160,358.660
-443724.600,-1172321.440,358.460
-443724.510,-1172321.700,358.360
-443724.310,-1172322.230,358.060
-443724.200,-1172322.530,357.740
-443724.100,-1172322.820,357.530
-443724.000,-1172323.080,357.320
-443723.890,-1172323.380,357.090
-443723.790,-1172323.660,356.855
-443723.680,-1172323.940,356.665
-443723.580,-1172324.220,356.460
-443723.480,-1172324.500,356.310
-443723.380,-1172324.770,356.100
-443723.270,-1172325.050,355.920
-443723.170,-1172325.330,355.745
-443726.390,-1172317.300,357.105
-443726.420,-1172317.220,357.040
-443726.240,-1172317.700,357.405
-443726.080,-1172318.150,357.750
-443725.900,-1172318.650,358.000
-443725.920,-1172318.600,357.990
-443725.740,-1172319.100,358.220
-443725.600,-1172319.480,358.380
-443725.460,-1172319.870,358.590
-443725.310,-1172320.290,358.670
-443725.180,-1172320.620,358.710
-443724.970,-1172321.200,358.570
-443724.870,-1172321.480,358.420
-443724.760,-1172321.780,358.280
-443724.560,-1172322.320,357.875
-443724.450,-1172322.610,357.640
-443724.350,-1172322.890,357.420
-443724.240,-1172323.180,357.220
-443726.210,-1172315.680,355.910
-443726.050,-1172316.140,356.310
-443725.890,-1172316.570,356.560
-443725.730,-1172317.010,356.880
-443725.580,-1172317.440,357.150
-443725.420,-1172317.870,357.435
-443725.450,-1172317.790,357.410
-443725.250,-1172318.340,357.780
-443725.100,-1172318.750,358.080
-443724.950,-1172319.180,358.370
-443724.780,-1172319.640,358.635
-443724.590,-1172320.160,358.870
-443724.470,-1172320.490,358.885
-443724.370,-1172320.770,358.880
-443724.270,-1172321.040,358.755
-443724.160,-1172321.330,358.615
-443724.060,-1172321.610,358.500
-443723.950,-1172321.910,358.340
-443723.740,-1172322.480,357.930
-443723.630,-1172322.760,357.620
-443723.530,-1172323.030,357.385
-443723.440,-1172323.290,357.200
-443723.330,-1172323.570,356.970
-443723.230,-1172323.840,356.760
-443723.130,-1172324.120,356.600
-443723.030,-1172324.390,356.400
-443722.920,-1172324.680,356.190
-443722.820,-1172324.960,356.015
-443722.720,-1172325.240,355.835
-443726.500,-1172316.240,356.410
-443722.530,-1172323.310,357.260
-443722.420,-1172323.600,357.065
-443722.320,-1172323.870,356.860
-443722.220,-1172324.130,356.710
-443722.120,-1172324.420,356.490
-443722.010,-1172324.720,356.225
-443721.900,-1172325.000,356.045
-443721.800,-1172325.280,355.860
-443726.000,-1172315.300,355.690
-443725.840,-1172315.740,355.925
-443725.670,-1172316.210,356.310
-443725.500,-1172316.670,356.580
-443725.340,-1172317.130,356.895
-443725.190,-1172317.530,357.200
-443725.040,-1172317.950,357.455
-443724.870,-1172318.420,357.790
-443724.680,-1172318.940,358.185
-443724.550,-1172319.290,358.380
-443724.380,-1172319.780,358.760
-443724.210,-1172320.240,358.900
-443724.100,-1172320.530,358.900
-443724.010,-1172320.800,358.890
-443723.900,-1172321.080,358.755
-443723.790,-1172321.360,358.620
-443723.690,-1172321.650,358.460
-443723.590,-1172321.930,358.340
-443723.480,-1172322.210,358.140
-443723.380,-1172322.480,357.910
-443723.280,-1172322.750,357.610
-443723.170,-1172323.050,357.390
-443723.070,-1172323.330,357.155
-443722.970,-1172323.600,357.000
-443722.860,-1172323.890,356.785
-443722.760,-1172324.170,356.600
-443722.660,-1172324.440,356.380
-443722.560,-1172324.700,356.225
-443722.460,-1172324.980,356.030
-443722.350,-1172325.280,355.840
-443725.120,-1172315.390,355.680
-443724.980,-1172315.790,355.905
-443724.790,-1172316.300,356.305
-443724.640,-1172316.720,356.530
-443724.490,-1172317.150,356.870
-443724.320,-1172317.610,357.180
-443724.160,-1172318.060,357.540
-443724.000,-1172318.500,357.820
-443723.810,-1172319.020,358.180
-443723.660,-1172319.430,358.440
-443723.490,-1172319.890,358.830
-443723.320,-1172320.380,358.940
-443723.210,-1172320.670,358.915
-443723.110,-1172320.930,358.900
-443723.010,-1172321.200,358.730
-443722.900,-1172321.490,358.480
-443722.810,-1172321.760,358.345
-443722.710,-1172322.030,358.145
-443722.610,-1172322.300,357.980
-443722.500,-1172322.580,357.790
-443722.400,-1172322.850,357.580
-443722.300,-1172323.120,357.410
-443722.200,-1172323.390,357.200
-443722.090,-1172323.690,357.000
-443722.000,-1172323.940,356.850
-443721.900,-1172324.220,356.660
-443721.790,-1172324.520,356.435
-443721.690,-1172324.780,356.200
-443721.590,-1172325.060,356.020
-443725.140,-1172316.150,356.225
-443724.980,-1172316.600,356.510
-443725.000,-1172316.540,356.480
-443724.820,-1172317.030,356.815
-443724.840,-1172316.990,356.810
-443724.660,-1172317.490,357.095
-443724.490,-1172317.940,357.435
-443724.330,-1172318.400,357.730
-443724.160,-1172318.860,358.080
-443723.990,-1172319.340,358.400
-443723.820,-1172319.800,358.730
-443723.660,-1172320.230,358.900
-443723.540,-1172320.580,358.940
-443723.440,-1172320.850,358.920
-443723.340,-1172321.110,358.790
-443723.250,-1172321.370,358.605
-443723.140,-1172321.640,358.430
-443723.040,-1172321.940,358.230
-443722.940,-1172322.190,358.070
-443722.840,-1172322.470,357.835
-443722.730,-1172322.760,357.670
-443722.630,-1172323.030,357.420
-443724.050,-1172315.900,355.940
-443723.890,-1172316.340,356.250
-443723.720,-1172316.820,356.580
-443723.550,-1172317.280,356.850
-443723.420,-1172317.650,357.130
-443723.240,-1172318.140,357.490
-443723.070,-1172318.610,357.820
-443722.900,-1172319.060,358.125
-443722.570,-1172319.990,358.770
-443722.400,-1172320.450,358.920
-443722.290,-1172320.760,358.915
-443722.190,-1172321.020,358.895
-443722.090,-1172321.290,358.680
-443721.990,-1172321.580,358.455
-443721.880,-1172321.860,358.290
-443721.790,-1172322.110,358.130
-443721.680,-1172322.420,357.920
-443721.570,-1172322.690,357.760
-443721.470,-1172322.980,357.580
-443721.370,-1172323.250,357.380
-443724.580,-1172315.550,355.735
-443724.400,-1172316.060,356.075
-443724.430,-1172315.970,356.030
-443724.250,-1172316.470,356.370
-443724.090,-1172316.900,356.645
-443723.920,-1172317.390,357.000
-443723.740,-1172317.890,357.375
-443723.580,-1172318.310,357.630
-443723.430,-1172318.730,357.960
-443723.270,-1172319.190,358.245
-443723.120,-1172319.590,358.520
-443722.910,-1172320.170,358.900
-443722.940,-1172320.090,358.860
-443722.770,-1172320.550,358.920
-443722.670,-1172320.840,358.920
-443722.550,-1172321.150,358.795
-443722.460,-1172321.400,358.620
-443722.350,-1172321.690,358.420
-443722.250,-1172321.950,358.240
-443722.150,-1172322.230,358.040
-443722.050,-1172322.510,357.860
-443721.940,-1172322.800,357.640
-443721.850,-1172323.050,357.490
-443721.740,-1172323.340,357.310
-443721.650,-1172323.590,357.140
-443721.550,-1172323.870,356.915
-443721.440,-1172324.170,356.760
-443723.140,-1172316.070,356.010
-443722.970,-1172316.540,356.350
-443722.830,-1172316.930,356.670
-443722.680,-1172317.350,357.065
-443722.520,-1172317.790,357.450
-443722.360,-1172318.230,357.610
-443722.170,-1172318.770,357.890
-443722.040,-1172319.120,358.080
-443721.860,-1172319.620,358.390
-443721.320,-1172321.090,358.855
-443721.220,-1172321.360,358.735
-443723.350,-1172316.300,356.180
-443723.200,-1172316.720,356.485
-443723.030,-1172317.210,356.810
-443722.880,-1172317.610,357.190
-443722.680,-1172318.150,357.565
-443722.720,-1172318.060,357.500
-443722.550,-1172318.520,357.730
-443722.380,-1172318.980,358.050
-443722.220,-1172319.420,358.360
-443722.050,-1172319.900,358.660
-443721.530,-1172321.320,358.750
-443721.420,-1172321.630,358.480
-443721.310,-1172321.910,358.290
-443721.910,-1172315.700,357.440
-443721.780,-1172316.070,357.535
-443721.650,-1172316.430,357.640
-443721.500,-1172316.820,357.750
-443721.370,-1172317.200,357.860
-443721.230,-1172317.570,357.945
-443721.100,-1172317.930,358.060
-443720.970,-1172318.290,358.150
-443722.150,-1172316.510,357.380
-443722.020,-1172316.870,357.490
-443721.880,-1172317.260,357.580
-443721.750,-1172317.600,357.685
-443721.610,-1172317.980,357.790
-443721.470,-1172318.380,357.960
-443721.320,-1172318.790,358.105
-443721.180,-1172319.180,358.270
-443721.030,-1172319.590,358.470
-443722.670,-1172316.050,356.075
-443722.500,-1172316.520,356.530
-443722.340,-1172316.970,357.035
-443721.970,-1172317.980,357.670
-443721.830,-1172318.380,357.820
-443721.690,-1172318.770,357.990
-443721.530,-1172319.210,358.190
-443721.360,-1172319.660,358.425
-443721.220,-1172320.060,358.680
-443721.480,-1172315.200,357.490
-443721.340,-1172315.590,357.570
-443721.210,-1172315.940,357.650
-443721.060,-1172316.340,357.800
-443720.950,-1172316.670,357.950
-443721.830,-1172315.270,357.405
-443721.690,-1172315.660,357.480
-443721.550,-1172316.030,357.570
-443721.430,-1172316.370,357.705
-443721.290,-1172316.760,357.820
-443721.150,-1172317.150,357.945
-443721.010,-1172317.530,358.060
-443720.820,-1172315.320,357.620
-443721.170,-1172315.520,357.590
-443721.040,-1172315.870,357.710
-443720.880,-1172316.290,357.830
-443720.910,-1172323.010,357.580
-443720.810,-1172323.270,357.390
-443720.710,-1172323.560,357.210
-443720.600,-1172323.840,357.000
-443720.490,-1172324.150,356.830
-443720.390,-1172324.400,356.645
-443720.290,-1172324.690,356.440
-443720.180,-1172324.970,356.240
-443720.080,-1172325.250,356.020
-443719.980,-1172325.510,355.900
-443716.420,-1172335.320,360.730
-443716.300,-1172335.660,360.740
-443716.180,-1172335.990,360.755
-443716.000,-1172336.470,360.780
-443721.260,-1172323.540,357.210
-443721.160,-1172323.800,356.990
-443721.050,-1172324.110,356.820
-443720.950,-1172324.390,356.600
-443720.860,-1172324.630,356.370
-443720.760,-1172324.900,356.200
-443720.660,-1172325.160,356.020
-443720.550,-1172325.460,355.850
-443716.730,-1172335.990,360.735
-443721.240,-1172324.700,356.350
-443721.140,-1172324.980,356.130
-443721.040,-1172325.250,355.940
-443720.930,-1172325.540,355.730
-443721.480,-1172325.350,355.835
-443715.760,-1172334.030,360.750
-443715.630,-1172334.380,360.760
-443715.510,-1172334.710,360.760
-443715.380,-1172335.050,360.770
-443715.260,-1172335.400,360.780
-443715.130,-1172335.740,360.795
-443715.020,-1172336.060,360.820
-443714.850,-1172336.530,360.840
-443721.020,-1172320.610,358.880
-443721.060,-1172320.490,358.870
-443720.910,-1172320.910,358.880
-443720.810,-1172321.170,358.840
-443720.710,-1172321.460,358.695
-443720.610,-1172321.730,358.520
-443720.500,-1172322.020,358.305
-443720.400,-1172322.300,358.120
-443720.300,-1172322.560,357.950
-443720.200,-1172322.830,357.760
-443720.090,-1172323.130,357.560
-443719.990,-1172323.410,357.380
-443719.880,-1172323.690,357.190
-443719.770,-1172323.980,356.970
-443719.670,-1172324.270,356.790
-443719.580,-1172324.510,356.620
-443719.470,-1172324.800,356.420
-443719.370,-1172325.080,356.270
-443719.270,-1172325.350,356.060
-443719.160,-1172325.630,355.895
-443716.380,-1172333.320,360.720
-443716.230,-1172333.730,360.730
-443715.980,-1172334.410,360.740
-443715.850,-1172334.770,360.750
-443715.720,-1172335.120,360.750
-443715.590,-1172335.470,360.760
-443715.470,-1172335.800,360.780
-443715.330,-1172336.180,360.810
-443715.180,-1172336.590,360.840
-443721.110,-1172321.660,358.515
-443721.010,-1172321.950,358.310
-443720.900,-1172322.220,358.120
-443720.800,-1172322.510,357.930
-443720.690,-1172322.800,357.740
-443720.600,-1172323.060,357.550
-443720.490,-1172323.340,357.360
-443720.390,-1172323.610,357.210
-443720.280,-1172323.910,356.995
-443720.180,-1172324.180,356.830
-443720.080,-1172324.460,356.630
-443719.980,-1172324.730,356.430
-443719.870,-1172325.030,356.260
-443719.770,-1172325.310,356.020
-443719.660,-1172325.580,355.870
-443716.460,-1172334.410,360.720
-443716.350,-1172334.730,360.730
-443716.220,-1172335.070,360.730
-443716.100,-1172335.400,360.740
-443715.970,-1172335.740,360.760
-443715.810,-1172336.200,360.780
-443715.840,-1172336.100,360.780
-443715.690,-1172336.540,360.810
-443721.220,-1172322.170,358.100
-443721.120,-1172322.420,357.955
-443721.020,-1172322.720,357.760
-443716.200,-1172330.690,360.730
-443716.070,-1172331.050,360.735
-443715.930,-1172331.440,360.740
-443715.800,-1172331.810,360.745
-443715.680,-1172332.120,360.760
-443715.560,-1172332.460,360.760
-443715.420,-1172332.830,360.760
-443715.300,-1172333.170,360.770
-443715.180,-1172333.490,360.770
-443715.050,-1172333.850,360.780
-443714.920,-1172334.190,360.780
-443714.800,-1172334.530,360.790
-443714.680,-1172334.860,360.800
-443714.560,-1172335.200,360.810
-443714.430,-1172335.550,360.820
-443714.310,-1172335.880,360.850
-443714.190,-1172336.190,360.870
-443714.030,-1172336.640,360.870
-443720.830,-1172318.680,358.265
-443720.700,-1172319.030,358.380
-443720.550,-1172319.440,358.540
-443720.400,-1172319.840,358.720
-443720.250,-1172320.260,358.900
-443720.080,-1172320.730,358.950
-443719.970,-1172321.040,358.920
-443719.860,-1172321.330,358.835
-443719.760,-1172321.600,358.660
-443719.660,-1172321.870,358.470
-443719.560,-1172322.140,358.275
-443719.450,-1172322.430,358.110
-443719.360,-1172322.680,357.930
-443719.260,-1172322.960,357.740
-443719.150,-1172323.250,357.550
-443719.050,-1172323.500,357.370
-443718.950,-1172323.790,357.190
-443718.850,-1172324.060,356.980
-443718.730,-1172324.380,356.770
-443718.630,-1172324.640,356.570
-443718.540,-1172324.900,356.440
-443718.440,-1172325.170,356.270
-443718.320,-1172325.480,356.065
-443718.220,-1172325.750,355.870
-443716.020,-1172331.850,360.740
-443715.890,-1172332.220,360.750
-443715.770,-1172332.540,360.750
-443715.640,-1172332.890,360.760
-443715.520,-1172333.230,360.760
-443715.400,-1172333.540,360.770
-443715.280,-1172333.870,360.770
-443715.150,-1172334.230,360.780
-443715.020,-1172334.570,360.780
-443714.900,-1172334.910,360.780
-443714.790,-1172335.220,360.790
-443714.650,-1172335.580,360.810
-443714.530,-1172335.930,360.830
-443714.400,-1172336.280,360.850
-443714.250,-1172336.700,360.850
-443720.850,-1172320.090,358.690
-443720.690,-1172320.530,358.880
-443720.570,-1172320.860,358.885
-443720.470,-1172321.140,358.880
-443720.370,-1172321.400,358.785
-443720.260,-1172321.680,358.540
-443720.160,-1172321.970,358.370
-443720.060,-1172322.240,358.175
-443719.960,-1172322.510,358.000
-443719.850,-1172322.800,357.790
-443719.750,-1172323.060,357.610
-443719.650,-1172323.350,357.420
-443719.540,-1172323.640,357.210
-443719.440,-1172323.900,357.065
-443719.340,-1172324.180,356.860
-443719.240,-1172324.460,356.680
-443719.130,-1172324.750,356.510
-443719.020,-1172325.040,356.320
-443718.920,-1172325.310,356.140
-443718.810,-1172325.620,355.905
-443718.700,-1172325.900,355.680
-443716.260,-1172332.660,360.730
-443716.130,-1172333.010,360.740
-443716.010,-1172333.340,360.740
-443715.880,-1172333.700,360.750
-443713.660,-1172336.070,360.890
-443713.510,-1172336.470,360.890
-443713.390,-1172336.810,360.890
-443720.800,-1172317.080,358.080
-443720.650,-1172317.480,358.210
-443720.520,-1172317.820,358.330
-443720.380,-1172318.220,358.420
-443720.240,-1172318.600,358.525
-443720.100,-1172318.980,358.640
-443719.970,-1172319.350,358.730
-443719.810,-1172319.770,358.880
-443719.680,-1172320.150,358.980
-443719.540,-1172320.530,359.000
-443719.410,-1172320.880,358.995
-443719.300,-1172321.170,358.975
-443719.200,-1172321.450,358.820
-443719.090,-1172321.740,358.640
-443719.000,-1172322.000,358.430
-443718.880,-1172322.300,358.240
-443718.780,-1172322.570,358.070
-443718.670,-1172322.880,357.850
-443718.570,-1172323.140,357.680
-443718.470,-1172323.420,357.510
-443718.370,-1172323.690,357.320
-443718.260,-1172323.990,357.130
-443718.160,-1172324.260,356.900
-443718.060,-1172324.540,356.730
-443717.960,-1172324.790,356.550
-443717.860,-1172325.060,356.400
-443717.750,-1172325.350,356.275
-443717.650,-1172325.630,356.120
-443717.560,-1172325.870,356.030
-443716.010,-1172330.200,360.730
-443715.850,-1172330.620,360.740
-443715.710,-1172331.000,360.750
-443715.590,-1172331.330,360.760
-443715.460,-1172331.700,360.760
-443715.340,-1172332.020,360.770
-443715.220,-1172332.340,360.770
-443715.100,-1172332.680,360.780
-443714.970,-1172333.030,360.780
-443714.840,-1172333.380,360.790
-443714.720,-1172333.720,360.790
-443714.590,-1172334.070,360.800
-443714.460,-1172334.430,360.810
-443714.330,-1172334.770,360.810
-443714.210,-1172335.100,360.830
-443714.090,-1172335.450,360.840
-443713.950,-1172335.810,360.870
-443713.830,-1172336.140,360.880
-443713.690,-1172336.540,360.890
-443713.570,-1172336.860,360.880
-443720.870,-1172317.920,358.150
-443720.720,-1172318.320,358.225
-443720.580,-1172318.690,358.355
-443720.460,-1172319.030,358.470
-443720.320,-1172319.420,358.600
-443720.180,-1172319.790,358.780
-443720.040,-1172320.190,358.930
-443719.870,-1172320.660,358.970
-443719.750,-1172320.970,358.960
-443719.650,-1172321.260,358.910
-443719.540,-1172321.540,358.720
-443719.440,-1172321.830,358.530
-443719.330,-1172322.110,358.360
-443719.230,-1172322.380,358.140
-443719.130,-1172322.660,357.960
-443719.020,-1172322.950,357.765
-443718.920,-1172323.220,357.580
-443718.830,-1172323.480,357.410
-443718.720,-1172323.760,357.220
-443718.620,-1172324.030,357.050
-443718.510,-1172324.330,356.860
-443718.420,-1172324.570,356.670
-443718.320,-1172324.840,356.505
-443718.210,-1172325.150,356.295
-443718.110,-1172325.410,356.100
-443718.010,-1172325.670,355.970
-443717.900,-1172325.990,355.785
-443717.620,-1172324.050,357.230
-443717.070,-1172325.610,360.500
-443717.510,-1172324.340,357.140
-443716.940,-1172325.960,360.470
-443717.400,-1172324.660,357.005
-443716.840,-1172326.240,360.445
-443716.720,-1172326.560,360.420
-443716.600,-1172326.900,360.400
-443715.940,-1172328.690,360.720
-443715.810,-1172329.070,360.720
-443715.680,-1172329.400,360.740
-443715.550,-1172329.760,360.740
-443715.440,-1172330.070,360.750
-443715.310,-1172330.420,360.760
-443715.190,-1172330.760,360.770
-443715.060,-1172331.110,360.780
-443714.940,-1172331.440,360.790
-443714.820,-1172331.750,360.800
-443714.690,-1172332.110,360.800
-443714.550,-1172332.500,360.810
-443714.440,-1172332.800,360.810
-443714.320,-1172333.140,360.810
-443714.190,-1172333.490,360.820
-443714.060,-1172333.840,360.820
-443713.930,-1172334.200,360.830
-443713.800,-1172334.540,360.840
-443713.660,-1172334.910,360.850
-443713.550,-1172335.220,360.860
-443713.420,-1172335.570,360.880
-443713.300,-1172335.900,360.895
-443713.180,-1172336.250,360.910
-443713.030,-1172336.670,360.910
-443712.920,-1172336.960,360.890
-443720.760,-1172316.640,357.970
-443720.590,-1172317.090,358.160
-443720.460,-1172317.450,358.295
-443720.340,-1172317.790,358.415
-443720.190,-1172318.210,358.535
-443720.060,-1172318.550,358.640
-443719.920,-1172318.930,358.740
-443719.780,-1172319.330,358.830
-443719.640,-1172319.720,358.900
-443719.510,-1172320.080,358.965
-443719.380,-1172320.430,359.020
-443719.240,-1172320.800,359.000
-443719.130,-1172321.100,358.980
-443719.020,-1172321.390,358.855
-443718.920,-1172321.670,358.690
-443718.820,-1172321.940,358.530
-443718.720,-1172322.210,358.290
-443718.620,-1172322.480,358.100
-443718.510,-1172322.770,357.900
-443718.400,-1172323.070,357.730
-443718.310,-1172323.320,357.550
-443718.200,-1172323.620,357.330
-443718.090,-1172323.900,357.160
-443717.980,-1172324.200,357.000
-443717.890,-1172324.450,356.870
-443717.780,-1172324.750,356.680
-443717.190,-1172326.410,358.010
-443717.680,-1172325.010,356.500
-443717.080,-1172326.710,357.970
-443717.480,-1172325.550,356.300
-443715.940,-1172329.830,360.720
-443715.810,-1172330.200,360.730
-443715.680,-1172330.550,360.750
-443715.560,-1172330.870,360.760
-443715.430,-1172331.230,360.760
-443715.300,-1172331.600,360.770
-443715.180,-1172331.930,360.780
-443715.050,-1172332.270,360.780
-443714.920,-1172332.640,360.780
-443714.800,-1172332.970,360.790
-443714.670,-1172333.320,360.800
-443714.550,-1172333.650,360.800
-443714.430,-1172333.970,360.810
-443714.300,-1172334.330,360.810
-443714.170,-1172334.670,360.820
-443714.050,-1172335.000,360.830
-443713.920,-1172335.370,360.840
-443713.790,-1172335.710,360.870
-443720.350,-1172316.070,357.860
-443720.200,-1172316.490,358.070
-443720.040,-1172316.940,358.270
-443719.890,-1172317.350,358.475
-443719.740,-1172317.750,358.595
-443719.610,-1172318.110,358.760
-443719.470,-1172318.480,358.880
-443719.330,-1172318.880,358.910
-443719.210,-1172319.210,358.910
-443719.090,-1172319.530,358.910
-443718.970,-1172319.860,358.960
-443718.860,-1172320.170,359.010
-443718.710,-1172320.560,359.030
-443718.590,-1172320.900,359.000
-443718.480,-1172321.200,358.965
-443718.370,-1172321.480,358.860
-443718.270,-1172321.760,358.695
-443718.170,-1172322.020,358.480
-443718.060,-1172322.330,358.290
-443717.960,-1172322.610,358.095
-443717.860,-1172322.870,357.960
-443717.760,-1172323.130,357.765
-443717.650,-1172323.450,357.565
-443717.140,-1172324.890,360.540
-443717.550,-1172323.720,357.420
-443717.020,-1172325.200,360.550
-443717.450,-1172323.970,357.370
-443716.900,-1172325.550,360.520
-443716.780,-1172325.870,360.500
-443716.670,-1172326.170,360.480
-443716.550,-1172326.480,360.460
-443716.430,-1172326.800,360.450
-443715.910,-1172328.250,360.720
-443715.780,-1172328.600,360.720
-443715.630,-1172329.010,360.740
-443715.500,-1172329.350,360.740
-443715.370,-1172329.710,360.750
-443715.260,-1172330.000,360.760
-443715.130,-1172330.380,360.770
-443715.000,-1172330.710,360.780
-443714.880,-1172331.050,360.790
-443714.760,-1172331.380,360.800
-443714.640,-1172331.700,360.810
-443714.510,-1172332.070,360.810
-443714.390,-1172332.400,360.810
-443714.270,-1172332.700,360.820
-443714.140,-1172333.070,360.820
-443714.020,-1172333.410,360.825
-443713.890,-1172333.750,360.830
-443713.760,-1172334.120,360.840
-443713.640,-1172334.430,360.850
-443713.510,-1172334.790,360.860
-443713.400,-1172335.110,360.870
-443713.260,-1172335.480,360.890
-443713.120,-1172335.860,360.900
-443712.990,-1172336.210,360.920
-443712.860,-1172336.580,360.930
-443712.730,-1172336.930,360.920
-443720.660,-1172315.770,357.740
-443720.510,-1172316.180,357.870
-443720.360,-1172316.590,358.070
-443720.210,-1172316.990,358.230
-443720.050,-1172317.430,358.425
-443719.930,-1172317.780,358.550
-443719.790,-1172318.150,358.720
-443719.670,-1172318.490,358.810
-443719.530,-1172318.860,358.890
-443719.390,-1172319.260,358.900
-443719.260,-1172319.600,358.930
-443719.140,-1172319.930,358.960
-443719.010,-1172320.280,359.020
-443718.890,-1172320.630,359.020
-443718.760,-1172320.990,359.000
-443718.650,-1172321.280,358.960
-443718.540,-1172321.560,358.810
-443718.440,-1172321.840,358.620
-443718.340,-1172322.110,358.425
-443718.230,-1172322.410,358.200
-443718.120,-1172322.700,358.035
-443718.020,-1172322.970,357.840
-443717.910,-1172323.260,357.630
-443717.820,-1172323.520,357.470
-443717.710,-1172323.810,357.320
-443713.600,-1172332.690,360.850
-443713.490,-1172332.990,360.855
-443713.350,-1172333.370,360.860
-443713.230,-1172333.690,360.870
-443713.110,-1172334.030,360.880
-443712.990,-1172334.370,360.895
-443712.870,-1172334.690,360.900
-443712.730,-1172335.060,360.910
-443712.620,-1172335.370,360.920
-443712.500,-1172335.700,360.930
-443712.360,-1172336.080,360.960
-443712.240,-1172336.410,360.980
-443712.100,-1172336.800,361.000
-443711.970,-1172337.130,361.000
-443720.130,-1172315.630,357.740
-443719.980,-1172316.040,357.870
-443719.810,-1172316.490,358.090
-443719.680,-1172316.870,358.335
-443719.490,-1172317.380,358.550
-443719.530,-1172317.280,358.540
-443719.340,-1172317.800,358.760
-443719.220,-1172318.140,358.840
-443719.080,-1172318.510,358.880
-443718.960,-1172318.840,358.900
-443718.840,-1172319.180,358.890
-443718.730,-1172319.470,358.900
-443718.600,-1172319.820,358.930
-443718.460,-1172320.190,358.960
-443718.320,-1172320.580,358.995
-443718.200,-1172320.920,358.995
-443718.080,-1172321.250,358.980
-443717.980,-1172321.510,358.885
-443717.880,-1172321.790,358.680
-443717.770,-1172322.070,358.490
-443717.670,-1172322.340,358.320
-443717.570,-1172322.610,358.205
-443717.470,-1172322.900,358.060
-443717.000,-1172324.210,360.660
-443717.370,-1172323.150,357.960
-443716.890,-1172324.530,360.655
-443717.260,-1172323.460,357.890
-443716.760,-1172324.870,360.630
-443717.160,-1172323.730,357.825
-443716.650,-1172325.170,360.600
-443716.540,-1172325.470,360.570
-443716.410,-1172325.820,360.540
-443716.290,-1172326.160,360.520
-443716.160,-1172326.500,360.500
-443716.050,-1172326.800,360.480
-443715.640,-1172327.930,360.730
-443715.510,-1172328.280,360.740
-443715.380,-1172328.640,360.750
-443715.250,-1172328.990,360.750
-443715.130,-1172329.310,360.760
-443715.010,-1172329.660,360.760
-443714.870,-1172330.030,360.770
-443714.740,-1172330.380,360.780
-443714.620,-1172330.710,360.800
-443714.490,-1172331.070,360.810
-443714.370,-1172331.390,360.820
-443714.240,-1172331.750,360.820
-443714.120,-1172332.070,360.830
-443714.000,-1172332.400,360.830
-443713.880,-1172332.740,360.840
-443713.750,-1172333.080,360.840
-443713.620,-1172333.430,360.850
-443713.510,-1172333.760,360.855
-443713.380,-1172334.100,360.870
-443713.260,-1172334.420,360.880
-443713.140,-1172334.770,360.890
-443713.000,-1172335.130,360.900
-443712.880,-1172335.480,360.910
-443712.750,-1172335.810,360.920
-443712.630,-1172336.150,360.950
-443712.510,-1172336.480,360.960
-443712.350,-1172336.900,360.960
-443720.660,-1172315.230,357.620
-443720.490,-1172315.680,357.745
-443720.520,-1172315.600,357.720
-443716.080,-1172324.730,360.680
-443715.960,-1172325.050,360.640
-443715.840,-1172325.390,360.590
-443715.720,-1172325.710,360.560
-443715.600,-1172326.040,360.560
-443715.470,-1172326.380,360.560
-443715.320,-1172326.800,360.630
-443715.210,-1172327.110,360.740
-443715.070,-1172327.480,360.770
-443714.940,-1172327.840,360.770
-443714.820,-1172328.160,360.780
-443714.700,-1172328.500,360.780
-443714.570,-1172328.850,360.780
-443714.440,-1172329.190,360.790
-443714.310,-1172329.550,360.800
-443714.190,-1172329.870,360.810
-443714.050,-1172330.270,360.820
-443713.930,-1172330.590,360.830
-443713.820,-1172330.910,360.840
-443713.690,-1172331.250,360.850
-443713.560,-1172331.600,360.850
-443713.430,-1172331.950,360.860
-443713.310,-1172332.280,360.860
-443713.180,-1172332.640,360.870
-443713.050,-1172333.000,360.880
-443712.930,-1172333.340,360.890
-443712.800,-1172333.690,360.900
-443712.670,-1172334.040,360.910
-443712.550,-1172334.360,360.930
-443712.420,-1172334.710,360.940
-443712.300,-1172335.050,360.950
-443712.170,-1172335.400,360.960
-443712.050,-1172335.720,360.970
-443711.940,-1172336.040,360.990
-443711.810,-1172336.400,361.020
-443711.680,-1172336.750,361.030
-443711.560,-1172337.080,361.030
-443719.890,-1172315.470,357.640
-443719.770,-1172315.810,357.780
-443719.590,-1172316.300,357.950
-443719.440,-1172316.720,358.230
-443719.270,-1172317.180,358.530
-443719.090,-1172317.670,358.750
-443718.950,-1172318.040,358.800
-443718.840,-1172318.350,358.860
-443718.730,-1172318.650,358.870
-443718.610,-1172318.990,358.830
-443718.490,-1172319.300,358.820
-443718.370,-1172319.640,358.840
-443718.230,-1172320.030,358.880
-443718.070,-1172320.450,358.960
-443717.940,-1172320.830,359.000
-443717.820,-1172321.160,358.990
-443717.710,-1172321.450,358.960
-443717.600,-1172321.730,358.725
-443717.500,-1172322.000,358.590
-443717.400,-1172322.290,358.470
-443717.300,-1172322.560,358.305
-443716.860,-1172323.790,360.720
-443717.200,-1172322.830,358.265
-443716.750,-1172324.100,360.710
-443716.630,-1172324.420,360.700
-443716.510,-1172324.740,360.670
-443716.400,-1172325.050,360.640
-443716.280,-1172325.370,360.590
-443716.150,-1172325.710,360.550
-443716.030,-1172326.040,360.540
-443715.910,-1172326.370,360.520
-443715.800,-1172326.690,360.540
-443715.630,-1172327.140,360.680
-443715.510,-1172327.480,360.720
-443715.380,-1172327.820,360.750
-443715.250,-1172328.190,360.760
-443715.110,-1172328.570,360.765
-443714.990,-1172328.900,360.770
-443714.870,-1172329.220,360.770
-443714.740,-1172329.570,360.780
-443714.620,-1172329.900,360.785
-443714.490,-1172330.260,360.800
-443714.360,-1172330.620,360.810
-443714.230,-1172330.960,360.820
-443714.110,-1172331.290,360.830
-443713.980,-1172331.640,360.830
-443713.860,-1172331.990,360.840
-443713.730,-1172332.330,360.840
-443719.160,-1172315.690,357.690
-443719.000,-1172316.120,357.860
-443718.860,-1172316.520,358.060
-443718.690,-1172316.980,358.370
-443718.520,-1172317.450,358.540
-443718.540,-1172317.410,358.530
-443718.390,-1172317.800,358.610
-443718.280,-1172318.110,358.650
-443718.160,-1172318.430,358.590
-443718.050,-1172318.730,358.610
-443717.910,-1172319.110,358.620
-443717.770,-1172319.500,358.700
-443717.620,-1172319.900,358.790
-443717.470,-1172320.310,358.930
-443717.330,-1172320.720,359.020
-443717.210,-1172321.020,359.050
-443717.100,-1172321.320,359.070
-443716.710,-1172322.450,360.935
-443717.000,-1172321.620,359.090
-443716.600,-1172322.730,360.940
-443716.490,-1172323.020,360.890
-443716.380,-1172323.320,360.860
-443716.250,-1172323.670,360.830
-443716.140,-1172323.990,360.785
-443716.010,-1172324.320,360.740
-443715.900,-1172324.650,360.690
-443715.770,-1172325.000,360.640
-443715.650,-1172325.300,360.600
-443715.530,-1172325.630,360.580
-443715.410,-1172325.960,360.565
-443715.140,-1172326.700,360.660
-443715.020,-1172327.030,360.750
-443714.890,-1172327.390,360.780
-443714.760,-1172327.740,360.780
-443714.650,-1172328.040,360.780
-443714.520,-1172328.400,360.790
-443714.400,-1172328.740,360.790
-443714.270,-1172329.070,360.800
-443714.140,-1172329.440,360.810
-443714.020,-1172329.780,360.820
-443713.900,-1172330.110,360.825
-443713.770,-1172330.440,360.840
-443713.640,-1172330.810,360.850
-443713.510,-1172331.160,360.850
-443713.380,-1172331.530,360.860
-443713.250,-1172331.870,360.870
-443713.130,-1172332.210,360.870
-443713.010,-1172332.540,360.880
-443712.890,-1172332.860,360.890
-443712.760,-1172333.220,360.890
-443712.630,-1172333.570,360.900
-443712.500,-1172333.910,360.930
-443712.380,-1172334.240,360.940
-443712.250,-1172334.600,360.940
-443712.110,-1172334.990,360.960
-443711.990,-1172335.310,360.970
-443711.870,-1172335.630,360.980
-443711.740,-1172335.990,361.000
-443711.610,-1172336.340,361.030
-443711.490,-1172336.680,361.040
-443711.370,-1172337.010,361.060
-443719.470,-1172315.420,357.630
-443719.330,-1172315.800,357.750
-443719.170,-1172316.250,357.910
-443719.020,-1172316.660,358.195
-443718.860,-1172317.110,358.430
-443718.690,-1172317.580,358.640
-443718.540,-1172317.970,358.690
-443718.420,-1172318.300,358.695
-443718.310,-1172318.600,358.650
-443718.190,-1172318.920,358.660
-443718.070,-1172319.260,358.690
-443717.930,-1172319.630,358.740
-443717.800,-1172320.000,358.820
-443717.660,-1172320.380,358.950
-443717.510,-1172320.790,359.010
-443717.390,-1172321.130,359.020
-443717.270,-1172321.440,359.020
-443717.160,-1172321.740,358.905
-443717.050,-1172322.030,358.805
-443716.660,-1172323.140,360.840
-443716.960,-1172322.280,358.750
-443716.540,-1172323.470,360.830
-443716.430,-1172323.780,360.790
-443716.300,-1172324.120,360.750
-443716.190,-1172324.420,360.720
-443712.080,-1172333.220,360.940
-443711.940,-1172333.580,360.950
-443711.820,-1172333.920,360.960
-443711.680,-1172334.290,360.970
-443711.560,-1172334.630,360.985
-443711.420,-1172335.010,361.000
-443711.300,-1172335.340,361.020
-443711.180,-1172335.670,361.020
-443711.050,-1172336.010,361.030
-443710.930,-1172336.350,361.040
-443710.800,-1172336.690,361.060
-443710.680,-1172337.030,361.060
-443710.550,-1172337.370,361.080
-443718.820,-1172315.610,357.660
-443718.690,-1172315.990,357.800
-443718.510,-1172316.470,357.990
-443718.360,-1172316.890,358.260
-443718.190,-1172317.360,358.410
-443718.070,-1172317.670,358.465
-443717.960,-1172317.980,358.500
-443717.850,-1172318.290,358.500
-443717.720,-1172318.630,358.510
-443717.590,-1172319.000,358.550
-443717.450,-1172319.370,358.620
-443717.310,-1172319.760,358.740
-443717.030,-1172320.540,359.040
-443716.560,-1172321.840,361.370
-443716.460,-1172322.110,361.370
-443716.360,-1172322.400,361.200
-443716.240,-1172322.700,361.030
-443716.140,-1172322.970,360.970
-443716.030,-1172323.270,360.890
-443715.920,-1172323.580,360.840
-443715.810,-1172323.880,360.805
-443715.680,-1172324.220,360.750
-443715.560,-1172324.560,360.700
-443715.450,-1172324.870,360.650
-443715.320,-1172325.220,360.620
-443715.200,-1172325.540,360.590
-443715.080,-1172325.880,360.580
-443714.780,-1172326.700,360.720
-443714.670,-1172326.990,360.780
-443714.550,-1172327.330,360.800
-443714.420,-1172327.670,360.800
-443714.300,-1172328.000,360.800
-443714.180,-1172328.340,360.810
-443714.060,-1172328.650,360.810
-443713.930,-1172329.010,360.820
-443713.810,-1172329.340,360.830
-443713.680,-1172329.690,360.830
-443713.560,-1172330.020,360.840
-443713.430,-1172330.390,360.850
-443713.310,-1172330.720,360.860
-443713.180,-1172331.070,360.870
-443713.060,-1172331.400,360.890
-443712.930,-1172331.750,360.890
-443712.800,-1172332.100,360.900
-443712.670,-1172332.440,360.900
-443712.540,-1172332.800,360.910
-443712.420,-1172333.140,360.910
-443712.290,-1172333.490,360.930
-443712.180,-1172333.800,360.940
-443712.040,-1172334.170,360.950
-443711.920,-1172334.490,360.960
-443711.800,-1172334.840,360.970
-443711.670,-1172335.190,360.990
-443711.540,-1172335.530,361.010
-443711.420,-1172335.870,361.020
-443711.290,-1172336.230,361.030
-443711.140,-1172336.620,361.050
-443711.030,-1172336.930,361.060
-443710.900,-1172337.290,361.070
-443714.070,-1172326.420,360.610
-443713.900,-1172326.910,360.810
-443713.790,-1172327.210,360.830
-443713.660,-1172327.550,360.840
-443713.540,-1172327.880,360.845
-443713.410,-1172328.240,360.850
-443713.280,-1172328.590,360.850
-443713.150,-1172328.940,360.850
-443713.030,-1172329.270,360.860
-443712.900,-1172329.620,360.860
-443712.790,-1172329.940,360.870
-443712.650,-1172330.300,360.880
-443712.530,-1172330.630,360.890
-443712.410,-1172330.970,360.910
-443712.230,-1172331.480,360.940
-443712.110,-1172331.790,360.970
-443712.030,-1172332.020,360.970
-443711.910,-1172332.320,360.970
-443711.800,-1172332.640,360.970
-443711.660,-1172333.020,360.970
-443711.540,-1172333.350,360.980
-443711.420,-1172333.670,360.990
-443711.280,-1172334.050,361.000
-443711.160,-1172334.380,361.015
-443711.030,-1172334.730,361.020
-443710.900,-1172335.080,361.035
-443710.780,-1172335.430,361.040
-443710.640,-1172335.800,361.040
-443710.520,-1172336.120,361.040
-443710.400,-1172336.450,361.045
-443710.270,-1172336.820,361.055
-443710.150,-1172337.150,361.060
-443710.040,-1172337.430,361.070
-443718.460,-1172315.740,357.750
-443718.300,-1172316.180,357.870
-443718.140,-1172316.620,358.070
-443717.970,-1172317.090,358.260
-443717.850,-1172317.420,358.320
-443717.740,-1172317.730,358.360
-443717.630,-1172318.020,358.385
-443717.500,-1172318.370,358.420
-443717.350,-1172318.780,358.500
-443717.220,-1172319.150,358.560
-443717.090,-1172319.510,358.685
-443716.550,-1172321.030,361.450
-443716.430,-1172321.350,361.690
-443716.330,-1172321.620,361.705
-443716.230,-1172321.890,361.635
-443716.120,-1172322.180,361.415
-443716.020,-1172322.470,361.295
-443715.920,-1172322.720,361.150
-443715.810,-1172323.020,360.980
-443715.690,-1172323.340,360.890
-443715.570,-1172323.680,360.830
-443715.450,-1172324.010,360.780
-443715.330,-1172324.340,360.730
-443715.210,-1172324.660,360.690
-443715.090,-1172324.990,360.650
-443714.980,-1172325.290,360.620
-443714.850,-1172325.640,360.600
-443714.720,-1172325.990,360.590
-443714.440,-1172326.770,360.775
-443714.320,-1172327.100,360.810
-443714.180,-1172327.480,360.810
-443714.060,-1172327.790,360.810
-443713.930,-1172328.150,360.810
-443713.810,-1172328.470,360.820
-443713.690,-1172328.820,360.830
-443713.570,-1172329.130,360.830
-443713.440,-1172329.480,360.840
-443713.330,-1172329.800,360.850
-443713.200,-1172330.150,360.850
-443713.080,-1172330.480,360.860
-443712.950,-1172330.820,360.880
-443712.820,-1172331.170,360.890
-443712.570,-1172331.880,360.910
-443712.450,-1172332.190,360.930
-443712.310,-1172332.570,360.930
-443712.190,-1172332.890,360.935
-443716.070,-1172320.260,361.165
-443715.910,-1172320.700,361.615
-443715.740,-1172321.200,361.890
-443715.630,-1172321.470,361.900
-443715.520,-1172321.780,361.820
-443715.420,-1172322.050,361.700
-443715.330,-1172322.300,361.500
-443715.230,-1172322.560,361.340
-443715.130,-1172322.840,361.145
-443715.020,-1172323.140,360.970
-443714.910,-1172323.430,360.885
-443714.790,-1172323.750,360.835
-443714.670,-1172324.100,360.780
-443714.550,-1172324.410,360.740
-443714.430,-1172324.740,360.700
-443714.300,-1172325.080,360.660
-443714.180,-1172325.410,360.620
-443714.070,-1172325.710,360.605
-443713.950,-1172326.040,360.600
-443713.830,-1172326.380,360.600
-443713.640,-1172326.900,360.830
-443713.530,-1172327.200,360.850
-443713.400,-1172327.560,360.860
-443713.270,-1172327.900,360.860
-443713.150,-1172328.240,360.860
-443713.040,-1172328.540,360.860
-443712.900,-1172328.910,360.860
-443712.780,-1172329.230,360.870
-443712.650,-1172329.610,360.870
-443712.520,-1172329.940,360.890
-443712.390,-1172330.310,360.900
-443712.260,-1172330.650,360.910
-443712.150,-1172330.970,360.940
-443711.940,-1172331.540,360.970
-443711.840,-1172331.810,360.980
-443711.750,-1172332.040,360.990
-443711.640,-1172332.340,360.980
-443711.510,-1172332.700,360.980
-443711.390,-1172333.020,360.990
-443711.270,-1172333.360,361.000
-443711.150,-1172333.700,361.000
-443711.020,-1172334.050,361.010
-443710.890,-1172334.390,361.020
-443710.770,-1172334.720,361.030
-443710.650,-1172335.070,361.030
-443710.510,-1172335.440,361.040
-443710.400,-1172335.740,361.030
-443710.280,-1172336.070,361.030
-443710.160,-1172336.390,361.030
-443710.020,-1172336.760,361.040
-443709.890,-1172337.120,361.045
-443709.770,-1172337.450,361.060
-443717.930,-1172315.850,357.725
-443717.780,-1172316.260,357.850
-443717.610,-1172316.740,358.030
-443717.460,-1172317.140,358.150
-443717.350,-1172317.460,358.210
-443717.230,-1172317.790,358.270
-443717.090,-1172318.150,358.310
-443716.960,-1172318.510,358.390
-443716.820,-1172318.900,358.510
-443716.000,-1172321.180,361.880
-443715.900,-1172321.460,361.880
-443715.790,-1172321.770,361.815
-443715.690,-1172322.040,361.690
-443715.590,-1172322.300,361.505
-443715.490,-1172322.570,361.300
-443715.390,-1172322.840,361.120
-443715.270,-1172323.150,360.940
-443715.160,-1172323.460,360.880
-443715.040,-1172323.780,360.825
-443714.930,-1172324.100,360.780
-443714.800,-1172324.450,360.740
-443714.680,-1172324.760,360.680
-443714.560,-1172325.100,360.650
-443714.430,-1172325.440,360.620
-443714.310,-1172325.790,360.600
-443714.200,-1172326.090,360.600
-443714.010,-1172326.610,360.630
-443717.400,-1172315.490,357.580
-443717.270,-1172315.830,357.680
-443717.110,-1172316.290,357.790
-443717.140,-1172316.210,357.765
-443716.960,-1172316.700,357.915
-443716.830,-1172317.040,358.035
-443716.700,-1172317.400,358.150
-443716.570,-1172317.770,358.230
-443715.840,-1172319.780,360.870
-443715.720,-1172320.110,361.200
-443715.520,-1172320.670,361.645
-443715.330,-1172321.180,361.880
-443715.210,-1172321.520,361.900
-443715.110,-1172321.810,361.870
-443715.000,-1172322.080,361.715
-443714.900,-1172322.360,361.510
-443714.800,-1172322.620,361.310
-443714.700,-1172322.910,361.120
-443714.590,-1172323.200,360.960
-443714.480,-1172323.500,360.890
-443714.370,-1172323.810,360.840
-443714.240,-1172324.150,360.780
-443714.120,-1172324.470,360.740
-443714.010,-1172324.780,360.710
-443713.900,-1172325.080,360.670
-443713.770,-1172325.430,360.640
-443713.650,-1172325.750,360.610
-443713.530,-1172326.090,360.610
-443713.410,-1172326.410,360.610
-443713.220,-1172326.930,360.850
-443713.120,-1172327.220,360.880
-443713.000,-1172327.540,360.880
-443712.860,-1172327.910,360.880
-443712.730,-1172328.260,360.880
-443712.610,-1172328.610,360.880
-443712.490,-1172328.940,360.890
-443712.360,-1172329.290,360.890
-443712.230,-1172329.630,360.900
-443712.110,-1172329.950,360.900
-443711.980,-1172330.310,360.920
-443711.860,-1172330.640,360.940
-443711.730,-1172331.000,360.970
-443711.600,-1172331.360,360.980
-443711.470,-1172331.710,361.000
-443711.340,-1172332.080,361.000
-443711.220,-1172332.410,361.010
-443711.090,-1172332.760,361.010
-443710.970,-1172333.090,361.010
-443710.840,-1172333.440,361.020
-443710.720,-1172333.770,361.020
-443710.600,-1172334.090,361.025
-443710.470,-1172334.430,361.030
-443710.360,-1172334.750,361.030
-443710.230,-1172335.090,361.030
-443710.110,-1172335.420,361.020
-443709.990,-1172335.760,361.010
-443709.870,-1172336.080,361.000
-443709.750,-1172336.410,361.010
-443709.610,-1172336.780,361.020
-443709.480,-1172337.150,361.030
-443709.360,-1172337.470,361.050
-443717.650,-1172315.900,357.690
-443717.520,-1172316.270,357.820
-443717.370,-1172316.670,357.960
-443717.230,-1172317.070,358.065
-443717.120,-1172317.370,358.150
-443716.970,-1172317.760,358.230
-443716.840,-1172318.120,358.295
-443716.690,-1172318.530,358.400
-443716.230,-1172319.840,360.665
-443710.110,-1172332.660,361.030
-443710.000,-1172332.960,361.030
-443709.880,-1172333.290,361.020
-443709.750,-1172333.630,361.010
-443709.630,-1172333.970,361.000
-443709.500,-1172334.310,360.990
-443709.380,-1172334.640,360.990
-443709.250,-1172335.000,360.980
-443709.120,-1172335.340,360.970
-443709.000,-1172335.670,360.960
-443708.870,-1172336.030,360.940
-443708.750,-1172336.360,360.940
-443708.640,-1172336.660,360.940
-443708.500,-1172337.050,360.940
-443708.370,-1172337.400,360.995
-443716.890,-1172315.730,357.615
-443716.910,-1172315.660,357.585
-443716.750,-1172316.100,357.750
-443716.600,-1172316.520,357.850
-443716.480,-1172316.840,357.990
-443716.350,-1172317.220,358.130
-443715.830,-1172318.650,359.800
-443715.650,-1172319.170,360.435
-443715.470,-1172319.650,360.850
-443715.310,-1172320.080,361.145
-443715.140,-1172320.560,361.525
-443714.980,-1172321.010,361.830
-443714.840,-1172321.390,361.885
-443714.730,-1172321.690,361.880
-443714.620,-1172321.990,361.820
-443714.520,-1172322.250,361.665
-443714.420,-1172322.530,361.460
-443714.310,-1172322.810,361.280
-443714.200,-1172323.110,361.040
-443714.100,-1172323.400,360.920
-443713.970,-1172323.730,360.860
-443713.860,-1172324.050,360.825
-443713.730,-1172324.390,360.770
-443713.620,-1172324.690,360.730
-443713.510,-1172325.000,360.690
-443713.380,-1172325.340,360.660
-443713.270,-1172325.650,360.630
-443713.140,-1172326.000,360.610
-443713.030,-1172326.310,360.610
-443712.840,-1172326.830,360.850
-443712.730,-1172327.110,360.900
-443712.610,-1172327.440,360.910
-443712.490,-1172327.790,360.910
-443712.360,-1172328.140,360.900
-443712.240,-1172328.470,360.900
-443712.110,-1172328.810,360.920
-443711.980,-1172329.160,360.930
-443711.860,-1172329.490,360.930
-443711.730,-1172329.860,360.940
-443711.600,-1172330.220,360.950
-443711.460,-1172330.580,360.960
-443711.340,-1172330.910,360.980
-443711.230,-1172331.230,360.990
-443711.100,-1172331.590,361.010
-443710.970,-1172331.910,361.020
-443710.840,-1172332.290,361.020
-443710.720,-1172332.610,361.030
-443710.590,-1172332.970,361.030
-443710.460,-1172333.330,361.030
-443710.330,-1172333.680,361.030
-443710.210,-1172334.010,361.020
-443710.090,-1172334.340,361.020
-443709.970,-1172334.640,361.020
-443709.840,-1172335.000,361.010
-443709.720,-1172335.330,361.000
-443709.600,-1172335.670,360.990
-443709.480,-1172335.990,360.980
-443709.370,-1172336.300,360.980
-443709.240,-1172336.660,360.980
-443709.100,-1172337.020,360.990
-443708.980,-1172337.350,361.015
-443713.230,-1172323.050,361.160
-443713.100,-1172323.390,360.960
-443713.000,-1172323.680,360.890
-443712.890,-1172323.980,360.850
-443712.770,-1172324.310,360.810
-443712.640,-1172324.650,360.760
-443712.520,-1172324.990,360.725
-443712.400,-1172325.300,360.690
-443712.280,-1172325.640,360.650
-443712.150,-1172325.980,360.620
-443712.030,-1172326.310,360.620
-443711.850,-1172326.820,360.880
-443711.720,-1172327.150,360.950
-443711.620,-1172327.450,360.950
-443711.480,-1172327.810,360.960
-443711.360,-1172328.130,360.970
-443711.230,-1172328.490,360.970
-443711.120,-1172328.800,360.980
-443710.990,-1172329.140,360.990
-443710.860,-1172329.500,361.010
-443710.750,-1172329.820,361.010
-443710.620,-1172330.150,361.020
-443710.490,-1172330.520,361.020
-443710.360,-1172330.870,361.020
-443710.230,-1172331.220,361.020
-443710.110,-1172331.540,361.020
-443709.990,-1172331.880,361.030
-443709.870,-1172332.210,361.025
-443709.750,-1172332.540,361.020
-443709.620,-1172332.880,361.010
-443709.490,-1172333.250,361.000
-443709.360,-1172333.600,360.990
-443709.240,-1172333.920,360.980
-443709.120,-1172334.260,360.970
-443708.990,-1172334.600,360.960
-443708.880,-1172334.900,360.950
-443708.760,-1172335.230,360.940
-443708.630,-1172335.590,360.940
-443708.500,-1172335.940,360.930
-443708.370,-1172336.280,360.920
-443708.250,-1172336.620,360.925
-443707.980,-1172337.360,360.955
-443707.870,-1172337.650,361.020
-443716.170,-1172316.070,357.770
-443715.910,-1172316.800,358.060
-443715.760,-1172317.210,358.590
-443715.610,-1172317.620,358.935
-443715.430,-1172318.120,359.610
-443715.260,-1172318.590,360.320
-443715.080,-1172319.100,360.560
-443714.930,-1172319.510,360.665
-443714.770,-1172319.950,360.980
-443714.590,-1172320.440,361.340
-443714.420,-1172320.910,361.760
-443714.430,-1172320.880,361.740
-443714.240,-1172321.400,361.900
-443714.130,-1172321.700,361.900
-443714.020,-1172321.990,361.850
-443713.920,-1172322.280,361.680
-443713.810,-1172322.560,361.480
-443713.720,-1172322.810,361.305
-443713.620,-1172323.080,361.080
-443713.500,-1172323.390,360.940
-443713.380,-1172323.720,360.880
-443713.270,-1172324.020,360.840
-443713.150,-1172324.360,360.800
-443713.030,-1172324.700,360.745
-443712.900,-1172325.040,360.710
-443712.790,-1172325.350,360.670
-443712.660,-1172325.700,360.630
-443712.540,-1172326.020,360.610
-443712.420,-1172326.360,360.610
-443712.240,-1172326.860,360.895
-443712.130,-1172327.150,360.930
-443712.000,-1172327.490,360.940
-443711.880,-1172327.820,360.940
-443711.760,-1172328.150,360.940
-443711.640,-1172328.470,360.950
-443711.510,-1172328.850,360.950
-443711.380,-1172329.190,360.965
-443711.260,-1172329.510,360.980
-443711.140,-1172329.850,360.980
-443711.010,-1172330.200,360.990
-443710.890,-1172330.530,361.000
-443710.770,-1172330.860,361.010
-443710.630,-1172331.240,361.020
-443710.500,-1172331.580,361.020
-443710.370,-1172331.940,361.030
-443710.240,-1172332.300,361.030
-443715.430,-1172315.680,357.775
-443715.240,-1172316.190,358.040
-443715.080,-1172316.630,358.680
-443714.700,-1172317.710,360.360
-443714.580,-1172318.020,360.410
-443714.440,-1172318.410,360.460
-443714.320,-1172318.730,360.510
-443714.190,-1172319.090,360.560
-443714.070,-1172319.420,360.610
-443713.920,-1172319.830,360.855
-443713.760,-1172320.270,361.200
-443713.590,-1172320.740,361.575
-443713.380,-1172321.320,361.880
-443713.420,-1172321.210,361.860
-443713.270,-1172321.640,361.910
-443713.170,-1172321.900,361.880
-443713.060,-1172322.190,361.760
-443712.950,-1172322.480,361.560
-443712.860,-1172322.740,361.370
-443712.760,-1172323.010,361.190
-443712.640,-1172323.320,361.020
-443712.530,-1172323.620,360.920
-443712.410,-1172323.960,360.865
-443712.290,-1172324.290,360.820
-443712.160,-1172324.630,360.780
-443712.040,-1172324.950,360.740
-443711.930,-1172325.260,360.700
-443711.810,-1172325.580,360.660
-443711.690,-1172325.920,360.620
-443711.570,-1172326.240,360.620
-443711.450,-1172326.570,360.620
-443711.260,-1172327.090,360.960
-443711.140,-1172327.430,360.970
-443711.010,-1172327.780,360.990
-443710.890,-1172328.100,360.990
-443710.760,-1172328.460,361.000
-443710.630,-1172328.800,361.010
-443710.510,-1172329.150,361.025
-443710.390,-1172329.460,361.030
-443710.270,-1172329.800,361.030
-443710.140,-1172330.160,361.030
-443710.030,-1172330.460,361.020
-443709.900,-1172330.800,361.020
-443709.770,-1172331.140,361.020
-443709.650,-1172331.480,361.010
-443709.530,-1172331.820,361.010
-443709.410,-1172332.130,361.000
-443709.280,-1172332.490,360.990
-443709.150,-1172332.840,360.990
-443709.040,-1172333.150,360.980
-443708.910,-1172333.490,360.960
-443708.790,-1172333.830,360.940
-443708.670,-1172334.160,360.940
-443708.540,-1172334.520,360.930
-443708.410,-1172334.870,360.930
-443708.270,-1172335.230,360.920
-443708.170,-1172335.510,360.910
-443708.040,-1172335.870,360.900
-443707.920,-1172336.190,360.890
-443707.800,-1172336.540,360.890
-443707.680,-1172336.860,360.890
-443707.520,-1172337.300,360.895
-443707.400,-1172337.630,360.970
-443715.720,-1172316.220,357.830
-443715.530,-1172316.730,358.330
-443715.380,-1172317.150,358.820
-443715.190,-1172317.690,359.470
-443714.800,-1172318.770,360.490
-443714.680,-1172319.090,360.560
-443714.550,-1172319.450,360.630
-443714.400,-1172319.870,360.860
-443714.220,-1172320.340,361.285
-443714.040,-1172320.850,361.660
-443713.850,-1172321.370,361.900
-443713.750,-1172321.650,361.880
-443713.650,-1172321.920,361.875
-443713.540,-1172322.220,361.690
-443713.440,-1172322.490,361.530
-443713.340,-1172322.760,361.370
-443708.610,-1172331.930,360.950
-443708.480,-1172332.280,360.940
-443708.360,-1172332.590,360.930
-443708.240,-1172332.930,360.915
-443708.130,-1172333.230,360.910
-443708.010,-1172333.560,360.890
-443707.870,-1172333.930,360.880
-443707.760,-1172334.240,360.880
-443707.640,-1172334.550,360.870
-443707.510,-1172334.900,360.870
-443707.390,-1172335.250,360.860
-443707.270,-1172335.580,360.850
-443707.140,-1172335.920,360.840
-443707.010,-1172336.280,360.830
-443706.890,-1172336.600,360.840
-443706.780,-1172336.910,360.850
-443706.650,-1172337.270,360.860
-443706.490,-1172337.710,360.890
-443715.050,-1172315.650,357.890
-443714.600,-1172316.910,360.265
-443714.460,-1172317.290,360.340
-443714.350,-1172317.610,360.390
-443714.200,-1172318.010,360.440
-443714.070,-1172318.360,360.470
-443713.940,-1172318.730,360.510
-443713.810,-1172319.080,360.560
-443713.680,-1172319.440,360.610
-443713.540,-1172319.810,360.810
-443713.360,-1172320.310,361.200
-443713.180,-1172320.800,361.560
-443712.880,-1172321.620,361.905
-443712.780,-1172321.900,361.910
-443712.670,-1172322.190,361.790
-443712.570,-1172322.460,361.630
-443712.480,-1172322.720,361.380
-443712.370,-1172323.010,361.190
-443712.270,-1172323.290,361.050
-443712.150,-1172323.590,360.930
-443712.030,-1172323.930,360.880
-443711.910,-1172324.240,360.840
-443711.800,-1172324.560,360.800
-443711.670,-1172324.900,360.750
-443711.560,-1172325.220,360.720
-443711.430,-1172325.570,360.670
-443711.310,-1172325.900,360.640
-443711.190,-1172326.230,360.640
-443711.070,-1172326.540,360.640
-443710.880,-1172327.070,360.970
-443710.770,-1172327.380,361.000
-443710.640,-1172327.720,361.015
-443710.510,-1172328.080,361.020
-443710.390,-1172328.410,361.030
-443710.260,-1172328.760,361.030
-443710.130,-1172329.100,361.030
-443710.000,-1172329.460,361.040
-443709.880,-1172329.800,361.040
-443709.750,-1172330.140,361.025
-443709.640,-1172330.450,361.020
-443709.500,-1172330.830,361.010
-443709.390,-1172331.130,361.000
-443709.270,-1172331.460,360.990
-443709.150,-1172331.780,360.990
-443709.030,-1172332.120,360.980
-443708.900,-1172332.460,360.970
-443708.790,-1172332.780,360.960
-443708.660,-1172333.120,360.940
-443708.540,-1172333.450,360.930
-443708.410,-1172333.790,360.920
-443708.290,-1172334.120,360.910
-443708.160,-1172334.480,360.910
-443708.040,-1172334.800,360.900
-443707.920,-1172335.120,360.890
-443707.790,-1172335.480,360.880
-443707.670,-1172335.820,360.880
-443707.540,-1172336.160,360.870
-443707.420,-1172336.510,360.870
-443707.280,-1172336.870,360.870
-443707.150,-1172337.220,360.890
-443707.020,-1172337.590,360.930
-443710.960,-1172324.720,360.810
-443710.840,-1172325.030,360.760
-443710.730,-1172325.340,360.730
-443710.600,-1172325.690,360.710
-443710.480,-1172326.000,360.690
-443710.360,-1172326.330,360.735
-443710.180,-1172326.850,361.030
-443710.050,-1172327.180,361.030
-443709.940,-1172327.500,361.040
-443709.810,-1172327.860,361.030
-443709.690,-1172328.180,361.030
-443709.550,-1172328.550,361.020
-443709.430,-1172328.890,361.020
-443709.300,-1172329.230,361.010
-443709.190,-1172329.550,361.000
-443709.060,-1172329.890,360.990
-443708.940,-1172330.220,360.980
-443708.820,-1172330.540,360.970
-443708.690,-1172330.890,360.960
-443708.570,-1172331.230,360.950
-443708.440,-1172331.580,360.940
-443708.310,-1172331.920,360.930
-443708.200,-1172332.240,360.920
-443708.070,-1172332.590,360.910
-443707.940,-1172332.930,360.890
-443707.820,-1172333.250,360.880
-443707.690,-1172333.610,360.880
-443707.570,-1172333.940,360.860
-443707.460,-1172334.260,360.860
-443707.330,-1172334.600,360.850
-443707.210,-1172334.930,360.850
-443707.090,-1172335.260,360.830
-443706.960,-1172335.600,360.820
-443706.850,-1172335.920,360.820
-443706.720,-1172336.270,360.820
-443706.600,-1172336.580,360.820
-443706.470,-1172336.930,360.825
-443706.310,-1172337.390,360.830
-443706.190,-1172337.700,360.835
-443714.470,-1172315.920,360.180
-443714.310,-1172316.380,360.255
-443714.180,-1172316.710,360.290
-443714.050,-1172317.080,360.330
-443713.920,-1172317.420,360.380
-443713.800,-1172317.760,360.400
-443713.670,-1172318.110,360.440
-443713.540,-1172318.460,360.490
-443713.410,-1172318.830,360.525
-443713.280,-1172319.180,360.580
-443713.150,-1172319.540,360.620
-443712.970,-1172320.040,360.900
-443712.790,-1172320.530,361.400
-443712.650,-1172320.930,361.650
-443712.450,-1172321.470,361.900
-443712.330,-1172321.780,361.920
-443712.230,-1172322.060,361.870
-443712.130,-1172322.320,361.770
-443712.030,-1172322.600,361.560
-443711.930,-1172322.870,361.370
-443711.840,-1172323.120,361.180
-443711.730,-1172323.410,361.000
-443711.610,-1172323.730,360.920
-443711.500,-1172324.040,360.880
-443711.380,-1172324.370,360.840
-443711.260,-1172324.690,360.800
-443711.130,-1172325.040,360.760
-443711.010,-1172325.370,360.715
-443710.900,-1172325.670,360.690
-443710.780,-1172325.980,360.650
-443710.650,-1172326.340,360.675
-443710.530,-1172326.670,360.980
-443710.340,-1172327.190,361.030
-443710.220,-1172327.540,361.030
-443710.090,-1172327.890,361.030
-443709.970,-1172328.200,361.030
-443709.850,-1172328.540,361.030
-443709.730,-1172328.870,361.030
-443709.600,-1172329.230,361.020
-443709.470,-1172329.560,361.010
-443709.360,-1172329.890,361.010
-443709.230,-1172330.240,361.000
-443709.100,-1172330.570,360.990
-443708.980,-1172330.910,360.975
-443708.860,-1172331.240,360.970
-443708.730,-1172331.590,360.950
-443713.670,-1172316.220,360.250
-443713.540,-1172316.560,360.270
-443713.420,-1172316.890,360.310
-443713.280,-1172317.280,360.340
-443713.150,-1172317.630,360.380
-443713.030,-1172317.980,360.410
-443712.900,-1172318.330,360.460
-443712.760,-1172318.700,360.510
-443712.630,-1172319.070,360.550
-443712.490,-1172319.430,360.600
-443712.350,-1172319.810,360.670
-443712.170,-1172320.320,361.055
-443712.020,-1172320.730,361.450
-443711.860,-1172321.170,361.780
-443711.690,-1172321.660,361.955
-443711.570,-1172321.960,361.950
-443711.470,-1172322.240,361.905
-443711.370,-1172322.510,361.760
-443711.260,-1172322.800,361.540
-443711.160,-1172323.070,361.320
-443711.050,-1172323.370,361.070
-443710.940,-1172323.660,360.970
-443710.820,-1172323.990,360.920
-443710.710,-1172324.310,360.870
-443710.580,-1172324.650,360.820
-443710.460,-1172324.960,360.770
-443710.350,-1172325.270,360.740
-443710.230,-1172325.590,360.730
-443710.070,-1172326.050,360.740
-443709.940,-1172326.400,361.010
-443709.810,-1172326.750,361.020
-443709.700,-1172327.040,361.030
-443709.570,-1172327.400,361.030
-443709.450,-1172327.730,361.020
-443709.320,-1172328.070,361.010
-443709.200,-1172328.410,361.000
-443709.080,-1172328.740,360.990
-443708.970,-1172329.050,360.980
-443708.830,-1172329.420,360.970
-443708.700,-1172329.770,360.970
-443708.580,-1172330.110,360.960
-443708.450,-1172330.460,360.940
-443708.320,-1172330.800,360.930
-443708.200,-1172331.130,360.920
-443708.090,-1172331.440,360.920
-443707.960,-1172331.790,360.900
-443707.840,-1172332.110,360.890
-443707.710,-1172332.470,360.880
-443707.590,-1172332.800,360.870
-443707.460,-1172333.150,360.860
-443707.340,-1172333.480,360.860
-443707.210,-1172333.830,360.850
-443707.090,-1172334.160,360.840
-443706.970,-1172334.500,360.835
-443706.840,-1172334.830,360.830
-443706.720,-1172335.180,360.810
-443706.590,-1172335.520,360.810
-443706.480,-1172335.830,360.800
-443706.350,-1172336.170,360.790
-443706.230,-1172336.490,360.790
-443706.110,-1172336.830,360.790
-443705.990,-1172337.160,360.800
-443705.820,-1172337.610,360.800
-443705.760,-1172337.770,360.810
-443714.290,-1172315.630,360.200
-443714.150,-1172316.000,360.250
-443714.040,-1172316.300,360.270
-443713.910,-1172316.660,360.290
-443713.770,-1172317.040,360.330
-443713.640,-1172317.390,360.360
-443713.510,-1172317.750,360.400
-443713.370,-1172318.120,360.440
-443713.230,-1172318.510,360.480
-443713.110,-1172318.830,360.520
-443712.990,-1172319.180,360.570
-443712.860,-1172319.520,360.610
-443712.710,-1172319.950,360.850
-443712.500,-1172320.520,361.300
-443712.340,-1172320.950,361.650
-443712.170,-1172321.430,361.915
-443712.040,-1172321.780,361.930
-443711.950,-1172322.030,361.900
-443711.840,-1172322.330,361.790
-443711.730,-1172322.620,361.620
-443711.630,-1172322.880,361.360
-443711.530,-1172323.150,361.200
-443711.420,-1172323.450,361.010
-443711.310,-1172323.750,360.925
-443711.200,-1172324.060,360.890
-443711.080,-1172324.380,360.850
-443707.740,-1172330.230,360.900
-443707.620,-1172330.570,360.890
-443707.500,-1172330.900,360.880
-443707.370,-1172331.250,360.870
-443707.240,-1172331.590,360.860
-443707.130,-1172331.900,360.850
-443707.010,-1172332.230,360.840
-443706.870,-1172332.600,360.840
-443706.740,-1172332.950,360.830
-443706.620,-1172333.290,360.820
-443706.490,-1172333.630,360.810
-443706.370,-1172333.970,360.800
-443706.250,-1172334.280,360.800
-443706.130,-1172334.610,360.790
-443706.000,-1172334.960,360.780
-443705.870,-1172335.310,360.770
-443705.750,-1172335.650,360.770
-443705.630,-1172335.980,360.760
-443705.500,-1172336.320,360.755
-443705.370,-1172336.670,360.750
-443713.460,-1172315.880,360.240
-443713.340,-1172316.210,360.250
-443713.220,-1172316.540,360.265
-443713.090,-1172316.900,360.290
-443712.960,-1172317.260,360.330
-443712.830,-1172317.590,360.365
-443712.700,-1172317.940,360.410
-443712.570,-1172318.300,360.450
-443712.440,-1172318.660,360.500
-443712.310,-1172319.020,360.540
-443712.170,-1172319.400,360.595
-443712.040,-1172319.750,360.655
-443711.870,-1172320.220,360.960
-443711.700,-1172320.710,361.385
-443711.520,-1172321.180,361.950
-443711.350,-1172321.650,362.030
-443711.240,-1172321.950,361.990
-443711.130,-1172322.240,361.935
-443711.030,-1172322.510,361.820
-443710.940,-1172322.780,361.645
-443710.840,-1172323.040,361.380
-443710.720,-1172323.350,361.120
-443710.610,-1172323.640,361.000
-443710.500,-1172323.950,360.920
-443710.380,-1172324.280,360.880
-443710.250,-1172324.630,360.820
-443710.130,-1172324.950,360.780
-443710.030,-1172325.240,360.750
-443709.840,-1172325.750,360.760
-443709.730,-1172326.050,360.995
-443709.610,-1172326.390,361.020
-443709.490,-1172326.710,361.020
-443709.370,-1172327.030,361.010
-443709.240,-1172327.380,361.000
-443709.130,-1172327.680,361.000
-443709.000,-1172328.040,360.985
-443708.870,-1172328.380,360.970
-443708.760,-1172328.710,360.970
-443708.630,-1172329.050,360.960
-443708.510,-1172329.380,360.960
-443708.380,-1172329.730,360.950
-443708.250,-1172330.070,360.940
-443708.130,-1172330.400,360.930
-443708.010,-1172330.730,360.920
-443707.890,-1172331.050,360.900
-443707.760,-1172331.410,360.890
-443707.630,-1172331.760,360.870
-443707.500,-1172332.110,360.870
-443707.370,-1172332.480,360.860
-443707.260,-1172332.770,360.850
-443707.140,-1172333.110,360.845
-443707.020,-1172333.430,360.840
-443706.890,-1172333.790,360.830
-443706.770,-1172334.120,360.830
-443706.650,-1172334.450,360.820
-443706.510,-1172334.820,360.810
-443706.380,-1172335.160,360.800
-443706.270,-1172335.480,360.790
-443706.140,-1172335.830,360.780
-443706.010,-1172336.170,360.770
-443705.890,-1172336.490,360.770
-443705.770,-1172336.830,360.780
-443705.650,-1172337.170,360.780
-443705.530,-1172337.480,360.780
-443705.430,-1172337.760,360.770
-443713.800,-1172315.870,360.240
-443710.400,-1172322.460,361.900
-443710.280,-1172322.770,361.745
-443710.100,-1172323.270,361.260
-443709.990,-1172323.550,361.110
-443709.880,-1172323.860,360.980
-443709.760,-1172324.190,360.910
-443709.640,-1172324.520,360.840
-443709.520,-1172324.820,360.800
-443709.410,-1172325.120,360.780
-443709.240,-1172325.600,360.785
-443709.120,-1172325.930,360.980
-443708.990,-1172326.280,361.000
-443708.870,-1172326.590,360.990
-443708.750,-1172326.940,360.970
-443708.620,-1172327.300,360.960
-443708.490,-1172327.640,360.950
-443708.370,-1172327.970,360.940
-443708.240,-1172328.320,360.930
-443708.120,-1172328.650,360.920
-443707.990,-1172329.010,360.920
-443707.870,-1172329.330,360.910
-443707.750,-1172329.650,360.910
-443707.630,-1172329.990,360.900
-443707.520,-1172330.290,360.890
-443707.390,-1172330.630,360.880
-443707.260,-1172330.980,360.870
-443707.140,-1172331.310,360.860
-443707.020,-1172331.630,360.850
-443706.900,-1172331.950,360.840
-443706.770,-1172332.330,360.830
-443706.640,-1172332.670,360.820
-443706.520,-1172332.990,360.820
-443706.410,-1172333.310,360.810
-443706.270,-1172333.670,360.800
-443706.160,-1172333.980,360.800
-443706.020,-1172334.350,360.780
-443705.900,-1172334.690,360.780
-443705.770,-1172335.030,360.770
-443705.660,-1172335.340,360.770
-443705.540,-1172335.670,360.760
-443705.420,-1172335.990,360.750
-443705.290,-1172336.330,360.750
-443712.940,-1172316.050,360.240
-443712.810,-1172316.410,360.250
-443712.680,-1172316.760,360.270
-443712.550,-1172317.110,360.310
-443712.430,-1172317.460,360.350
-443712.300,-1172317.800,360.380
-443712.180,-1172318.140,360.420
-443712.040,-1172318.510,360.470
-443711.910,-1172318.860,360.520
-443711.780,-1172319.230,360.580
-443711.650,-1172319.570,360.615
-443711.520,-1172319.920,360.690
-443711.340,-1172320.430,361.100
-443711.140,-1172320.980,361.780
-443710.970,-1172321.450,362.040
-443710.850,-1172321.790,362.040
-443710.730,-1172322.100,362.000
-443710.630,-1172322.380,361.930
-443710.520,-1172322.660,361.775
-443710.420,-1172322.950,361.545
-443710.310,-1172323.250,361.260
-443710.210,-1172323.510,361.105
-443710.100,-1172323.810,360.985
-443709.980,-1172324.140,360.910
-443709.860,-1172324.450,360.850
-443709.750,-1172324.760,360.820
-443709.630,-1172325.090,360.780
-443709.440,-1172325.600,360.770
-443709.510,-1172325.400,360.770
-443709.330,-1172325.910,360.980
-443709.200,-1172326.250,361.000
-443709.090,-1172326.570,361.000
-443708.960,-1172326.910,360.980
-443708.840,-1172327.230,360.980
-443708.710,-1172327.600,360.960
-443708.590,-1172327.920,360.950
-443708.480,-1172328.230,360.950
-443708.350,-1172328.560,360.940
-443708.230,-1172328.890,360.930
-443708.100,-1172329.250,360.920
-443707.990,-1172329.560,360.920
-443707.870,-1172329.880,360.910
-443712.490,-1172316.040,360.230
-443712.360,-1172316.380,360.240
-443712.230,-1172316.740,360.260
-443712.100,-1172317.080,360.300
-443711.970,-1172317.450,360.340
-443711.830,-1172317.820,360.380
-443711.690,-1172318.200,360.420
-443711.570,-1172318.540,360.470
-443711.430,-1172318.910,360.520
-443711.310,-1172319.250,360.570
-443711.170,-1172319.630,360.615
-443711.050,-1172319.960,360.690
-443710.510,-1172321.450,362.035
-443710.370,-1172321.830,362.040
-443710.270,-1172322.110,361.975
-443710.160,-1172322.390,361.910
-443710.040,-1172322.730,361.750
-443709.940,-1172323.000,361.500
-443709.960,-1172322.930,361.600
-443709.860,-1172323.200,361.340
-443709.750,-1172323.510,361.140
-443709.640,-1172323.810,361.010
-443709.530,-1172324.090,360.940
-443709.410,-1172324.410,360.860
-443709.290,-1172324.740,360.810
-443709.180,-1172325.050,360.775
-443709.050,-1172325.400,360.740
-443708.870,-1172325.890,360.975
-443708.750,-1172326.210,360.980
-443708.630,-1172326.530,360.980
-443708.520,-1172326.860,360.960
-443708.400,-1172327.170,360.950
-443708.260,-1172327.550,360.940
-443708.150,-1172327.860,360.930
-443708.020,-1172328.220,360.920
-443707.890,-1172328.570,360.910
-443707.760,-1172328.920,360.900
-443707.640,-1172329.240,360.900
-443707.520,-1172329.580,360.890
-443707.390,-1172329.910,360.880
-443707.260,-1172330.270,360.870
-443707.150,-1172330.580,360.865
-443707.030,-1172330.900,360.860
-443706.910,-1172331.240,360.840
-443706.790,-1172331.560,360.840
-443706.660,-1172331.900,360.830
-443706.540,-1172332.230,360.820
-443706.420,-1172332.560,360.820
-443706.300,-1172332.900,360.810
-443706.180,-1172333.220,360.800
-443706.040,-1172333.590,360.790
-443705.910,-1172333.940,360.780
-443705.800,-1172334.240,360.780
-443705.680,-1172334.570,360.770
-443705.560,-1172334.900,360.770
-443705.430,-1172335.270,360.770
-443705.300,-1172335.600,360.750
-443712.850,-1172315.760,360.220
-443712.720,-1172316.110,360.230
-443712.590,-1172316.470,360.250
-443712.450,-1172316.840,360.280
-443712.320,-1172317.190,360.320
-443712.200,-1172317.540,360.350
-443712.070,-1172317.870,360.390
-443711.930,-1172318.260,360.440
-443711.800,-1172318.620,360.490
-443711.680,-1172318.940,360.530
-443711.550,-1172319.290,360.580
-443711.420,-1172319.640,360.630
-443711.290,-1172320.020,360.760
-443710.760,-1172321.470,362.060
-443710.620,-1172321.850,362.035
-443710.510,-1172322.140,361.975
-443708.410,-1172326.230,360.960
-443708.270,-1172326.600,360.950
-443708.150,-1172326.940,360.940
-443708.030,-1172327.260,360.930
-443707.910,-1172327.590,360.920
-443707.780,-1172327.940,360.910
-443707.660,-1172328.260,360.900
-443707.530,-1172328.610,360.890
-443707.400,-1172328.980,360.880
-443707.270,-1172329.320,360.870
-443707.150,-1172329.640,360.870
-443707.040,-1172329.960,360.860
-443706.910,-1172330.300,360.850
-443706.790,-1172330.640,360.850
-443706.670,-1172330.970,360.840
-443706.540,-1172331.310,360.830
-443706.410,-1172331.660,360.820
-443706.290,-1172332.000,360.820
-443706.160,-1172332.350,360.810
-443706.030,-1172332.700,360.800
-443705.900,-1172333.040,360.780
-443705.790,-1172333.350,360.780
-443705.670,-1172333.690,360.780
-443705.540,-1172334.050,360.770
-443705.430,-1172334.340,360.770
-443705.310,-1172334.650,360.760
-443705.200,-1172334.950,360.760
-443712.450,-1172315.860,360.220
-443712.330,-1172316.200,360.240
-443712.190,-1172316.570,360.250
-443712.060,-1172316.920,360.275
-443711.930,-1172317.280,360.320
-443711.820,-1172317.600,360.360
-443711.680,-1172317.970,360.400
-443711.540,-1172318.340,360.450
-443711.420,-1172318.670,360.480
-443711.290,-1172319.050,360.540
-443711.150,-1172319.420,360.590
-443711.010,-1172319.800,360.645
-443710.470,-1172321.300,362.030
-443710.330,-1172321.680,362.040
-443710.220,-1172321.970,362.000
-443710.110,-1172322.250,361.945
-443710.000,-1172322.570,361.880
-443709.900,-1172322.830,361.730
-443709.810,-1172323.070,361.440
-443709.710,-1172323.350,361.220
-443709.600,-1172323.630,361.070
-443709.490,-1172323.930,360.980
-443709.380,-1172324.230,360.910
-443709.260,-1172324.560,360.830
-443709.140,-1172324.880,360.780
-443709.030,-1172325.190,360.770
-443708.860,-1172325.650,360.860
-443708.730,-1172326.000,360.970
-443708.610,-1172326.330,360.980
-443708.490,-1172326.660,360.970
-443708.360,-1172327.020,360.950
-443708.230,-1172327.370,360.940
-443708.110,-1172327.690,360.930
-443707.990,-1172328.020,360.920
-443707.860,-1172328.360,360.910
-443707.740,-1172328.700,360.900
-443707.620,-1172329.030,360.890
-443707.370,-1172329.720,360.880
-443707.240,-1172330.050,360.875
-443707.110,-1172330.410,360.860
-443706.990,-1172330.740,360.860
-443706.860,-1172331.090,360.845
-443706.740,-1172331.410,360.840
-443706.620,-1172331.740,360.830
-443706.490,-1172332.080,360.820
-443706.370,-1172332.420,360.810
-443706.250,-1172332.750,360.810
-443706.140,-1172333.050,360.800
-443706.010,-1172333.410,360.780
-443705.890,-1172333.730,360.780
-443705.770,-1172334.060,360.770
-443705.640,-1172334.410,360.770
-443705.520,-1172334.730,360.770
-443705.400,-1172335.060,360.760
-443705.270,-1172335.410,360.760
-443711.480,-1172317.710,360.370
-443711.360,-1172318.040,360.400
-443711.230,-1172318.380,360.455
-443711.100,-1172318.750,360.500
-443710.960,-1172319.120,360.550
-443710.830,-1172319.480,360.595
-443710.690,-1172319.860,360.650
-443710.530,-1172320.300,360.925
-443710.190,-1172321.230,361.990
-443710.010,-1172321.720,362.000
-443709.890,-1172322.040,361.960
-443709.790,-1172322.330,361.930
-443709.680,-1172322.610,361.870
-443709.580,-1172322.900,361.650
-443709.480,-1172323.160,361.400
-443709.370,-1172323.450,361.200
-443709.260,-1172323.760,361.030
-443709.140,-1172324.080,360.950
-443709.030,-1172324.360,360.880
-443708.910,-1172324.680,360.810
-443708.800,-1172324.980,360.780
-443708.690,-1172325.290,360.780
-443708.520,-1172325.780,360.940
-443708.410,-1172326.070,360.960
-443708.280,-1172326.420,360.960
-443708.160,-1172326.740,360.950
-443708.040,-1172327.060,360.930
-443707.910,-1172327.420,360.920
-443707.790,-1172327.740,360.910
-443707.670,-1172328.070,360.900
-443707.550,-1172328.410,360.900
-443707.420,-1172328.740,360.890
-443707.290,-1172329.100,360.870
-443707.170,-1172329.430,360.870
-443707.050,-1172329.760,360.860
-443706.920,-1172330.120,360.860
-443706.780,-1172330.490,360.850
-443706.660,-1172330.820,360.840
-443706.540,-1172331.150,360.830
-443706.420,-1172331.480,360.820
-443706.300,-1172331.800,360.810
-443706.180,-1172332.130,360.810
-443706.050,-1172332.480,360.800
-443705.920,-1172332.830,360.790
-443705.800,-1172333.160,360.780
-443705.670,-1172333.510,360.780
-443705.540,-1172333.860,360.770
-443705.420,-1172334.190,360.760
-443705.300,-1172334.500,360.760
-443712.250,-1172315.760,360.220
-443712.120,-1172316.120,360.220
-443712.000,-1172316.460,360.240
-443711.880,-1172316.790,360.260
-443711.740,-1172317.160,360.300
-443711.600,-1172317.540,360.350
-443711.470,-1172317.900,360.390
-443711.340,-1172318.240,360.435
-443711.200,-1172318.620,360.480
-443711.070,-1172318.980,360.520
-443710.950,-1172319.310,360.570
-443710.830,-1172319.640,360.610
-443710.680,-1172320.040,360.695
-443710.280,-1172321.150,361.950
-443710.180,-1172321.430,362.030
-443710.000,-1172321.920,361.990
-443709.880,-1172322.240,361.950
-443709.790,-1172322.500,361.900
-443709.680,-1172322.800,361.750
-443709.580,-1172323.050,361.470
-443709.470,-1172323.330,361.250
-443709.380,-1172323.600,361.100
-443709.270,-1172323.900,360.970
-443709.150,-1172324.210,360.910
-443709.040,-1172324.500,360.840
-443708.930,-1172324.810,360.780
-443708.810,-1172325.130,360.775
-443708.520,-1172325.940,360.950
-443711.840,-1172315.950,360.220
-443711.710,-1172316.290,360.230
-443711.590,-1172316.620,360.250
-443711.450,-1172317.000,360.270
-443711.330,-1172317.340,360.320
-443711.190,-1172317.700,360.360
-443711.060,-1172318.060,360.400
-443710.940,-1172318.400,360.450
-443710.800,-1172318.770,360.490
-443710.670,-1172319.130,360.550
-443710.540,-1172319.480,360.590
-443710.420,-1172319.820,360.630
-443710.270,-1172320.220,360.790
-443710.080,-1172320.730,361.295
-443709.710,-1172321.750,361.965
-443709.740,-1172321.690,361.970
-443709.590,-1172322.090,361.945
-443709.490,-1172322.370,361.920
-443709.390,-1172322.640,361.870
-443709.290,-1172322.890,361.650
-443709.180,-1172323.200,361.390
-443709.080,-1172323.470,361.180
-443708.980,-1172323.750,361.060
-443708.860,-1172324.060,360.960
-443708.740,-1172324.390,360.870
-443708.620,-1172324.700,360.810
-443708.510,-1172325.010,360.780
-443708.390,-1172325.340,360.780
-443708.210,-1172325.820,360.930
-443708.100,-1172326.130,360.950
-443707.990,-1172326.430,360.950
-443707.860,-1172326.790,360.930
-443707.740,-1172327.110,360.910
-443707.620,-1172327.420,360.900
-443707.490,-1172327.780,360.890
-443707.370,-1172328.100,360.890
-443707.260,-1172328.410,360.880
-443707.130,-1172328.760,360.860
-443707.000,-1172329.100,360.850
-443706.890,-1172329.420,360.850
-443706.760,-1172329.780,360.840
-443706.630,-1172330.110,360.840
-443706.510,-1172330.460,360.830
-443706.370,-1172330.820,360.820
-443706.260,-1172331.140,360.820
-443706.130,-1172331.480,360.810
-443706.010,-1172331.820,360.800
-443705.870,-1172332.180,360.790
-443705.760,-1172332.500,360.780
-443705.640,-1172332.820,360.780
-443705.520,-1172333.150,360.780
-443705.390,-1172333.500,360.770
-443705.270,-1172333.830,360.760
-443712.120,-1172315.950,360.220
-443712.010,-1172316.270,360.230
-443711.880,-1172316.620,360.250
-443711.760,-1172316.950,360.280
-443711.610,-1172317.340,360.320
-443706.340,-1172328.920,360.810
-443706.230,-1172329.230,360.810
-443706.100,-1172329.580,360.800
-443705.970,-1172329.920,360.795
-443705.850,-1172330.260,360.790
-443705.740,-1172330.570,360.790
-443705.620,-1172330.890,360.780
-443705.490,-1172331.230,360.780
-443705.370,-1172331.570,360.770
-443705.250,-1172331.880,360.770
-443705.130,-1172332.210,360.755
-443705.000,-1172332.570,360.750
-443711.480,-1172316.170,360.220
-443711.350,-1172316.510,360.230
-443711.220,-1172316.880,360.260
-443711.090,-1172317.230,360.300
-443710.960,-1172317.580,360.350
-443710.830,-1172317.930,360.380
-443710.700,-1172318.280,360.430
-443710.590,-1172318.590,360.465
-443710.450,-1172318.970,360.520
-443710.320,-1172319.310,360.570
-443710.190,-1172319.670,360.610
-443710.060,-1172320.030,360.690
-443709.700,-1172321.020,361.580
-443709.730,-1172320.940,361.490
-443709.530,-1172321.490,361.910
-443709.560,-1172321.390,361.865
-443709.380,-1172321.900,361.950
-443709.270,-1172322.210,361.950
-443709.160,-1172322.480,361.905
-443709.060,-1172322.760,361.770
-443708.950,-1172323.050,361.560
-443708.840,-1172323.350,361.325
-443708.740,-1172323.640,361.105
-443708.630,-1172323.920,361.010
-443708.520,-1172324.230,360.925
-443708.400,-1172324.530,360.850
-443708.290,-1172324.850,360.800
-443708.170,-1172325.170,360.780
-443707.870,-1172325.990,360.920
-443707.760,-1172326.280,360.935
-443707.630,-1172326.630,360.925
-443707.510,-1172326.970,360.910
-443707.380,-1172327.310,360.890
-443707.270,-1172327.620,360.880
-443707.140,-1172327.980,360.870
-443707.020,-1172328.310,360.860
-443706.900,-1172328.620,360.840
-443706.780,-1172328.950,360.840
-443706.660,-1172329.260,360.840
-443706.540,-1172329.610,360.820
-443706.410,-1172329.940,360.820
-443706.290,-1172330.280,360.820
-443706.160,-1172330.640,360.810
-443706.040,-1172330.950,360.800
-443705.920,-1172331.290,360.800
-443705.780,-1172331.670,360.790
-443705.670,-1172331.980,360.785
-443705.550,-1172332.300,360.780
-443705.420,-1172332.660,360.770
-443705.280,-1172333.010,360.760
-443705.160,-1172333.340,360.760
-443705.050,-1172333.650,360.750
-443708.280,-1172323.120,361.540
-443708.170,-1172323.400,361.350
-443708.060,-1172323.690,361.175
-443707.950,-1172324.000,361.030
-443707.840,-1172324.300,360.950
-443707.730,-1172324.610,360.870
-443707.610,-1172324.920,360.810
-443707.500,-1172325.230,360.780
-443707.200,-1172326.050,360.870
-443707.080,-1172326.360,360.880
-443706.970,-1172326.670,360.870
-443706.840,-1172327.010,360.860
-443706.720,-1172327.350,360.840
-443706.600,-1172327.680,360.830
-443706.480,-1172328.010,360.820
-443706.340,-1172328.380,360.820
-443706.230,-1172328.690,360.810
-443706.100,-1172329.040,360.800
-443705.970,-1172329.380,360.790
-443705.840,-1172329.740,360.790
-443705.720,-1172330.070,360.780
-443705.590,-1172330.410,360.780
-443705.470,-1172330.730,360.770
-443705.340,-1172331.090,360.760
-443705.230,-1172331.380,360.760
-443705.110,-1172331.730,360.750
-443704.990,-1172332.040,360.750
-443704.890,-1172332.320,360.750
-443711.060,-1172316.080,360.205
-443710.940,-1172316.400,360.210
-443710.810,-1172316.760,360.240
-443710.670,-1172317.140,360.280
-443710.530,-1172317.520,360.325
-443710.410,-1172317.850,360.360
-443710.280,-1172318.210,360.405
-443710.150,-1172318.560,360.460
-443710.020,-1172318.930,360.500
-443709.890,-1172319.270,360.550
-443709.760,-1172319.630,360.600
-443709.640,-1172319.960,360.645
-443709.500,-1172320.330,360.850
-443709.310,-1172320.860,361.295
-443709.120,-1172321.380,361.730
-443708.980,-1172321.770,361.910
-443708.990,-1172321.740,361.910
-443708.840,-1172322.140,361.945
-443708.740,-1172322.420,361.910
-443708.630,-1172322.710,361.800
-443708.520,-1172323.010,361.580
-443708.420,-1172323.270,361.405
-443708.330,-1172323.530,361.230
-443708.210,-1172323.850,361.080
-443708.090,-1172324.160,360.970
-443707.980,-1172324.470,360.885
-443707.860,-1172324.800,360.810
-443707.730,-1172325.130,360.780
-443707.630,-1172325.420,360.770
-443707.450,-1172325.900,360.875
-443707.340,-1172326.200,360.880
-443707.220,-1172326.530,360.890
-443707.100,-1172326.860,360.880
-443706.980,-1172327.190,360.860
-443706.840,-1172327.550,360.850
-443706.720,-1172327.890,360.840
-443706.600,-1172328.230,360.830
-443706.470,-1172328.570,360.820
-443710.610,-1172315.890,360.180
-443710.470,-1172316.290,360.200
-443710.340,-1172316.630,360.220
-443710.200,-1172317.010,360.260
-443710.070,-1172317.380,360.300
-443709.930,-1172317.740,360.340
-443709.810,-1172318.090,360.380
-443709.680,-1172318.420,360.425
-443709.550,-1172318.780,360.465
-443709.420,-1172319.140,360.520
-443709.280,-1172319.510,360.570
-443709.150,-1172319.860,360.620
-443709.020,-1172320.220,360.720
-443708.820,-1172320.770,361.155
-443708.650,-1172321.250,361.580
-443708.330,-1172322.130,361.920
-443708.230,-1172322.390,361.910
-443708.120,-1172322.680,361.860
-443708.020,-1172322.970,361.660
-443707.920,-1172323.230,361.490
-443707.820,-1172323.480,361.310
-443707.720,-1172323.770,361.140
-443707.600,-1172324.080,361.030
-443707.490,-1172324.380,360.950
-443707.380,-1172324.680,360.865
-443707.260,-1172325.010,360.810
-443707.150,-1172325.300,360.800
-443706.860,-1172326.110,360.840
-443706.740,-1172326.410,360.860
-443706.630,-1172326.720,360.850
-443706.500,-1172327.070,360.840
-443706.370,-1172327.420,360.820
-443706.250,-1172327.750,360.810
-443706.120,-1172328.100,360.810
-443706.000,-1172328.440,360.800
-443705.880,-1172328.770,360.790
-443705.750,-1172329.110,360.790
-443705.640,-1172329.420,360.780
-443705.510,-1172329.760,360.780
-443705.370,-1172330.140,360.765
-443705.250,-1172330.460,360.760
-443705.130,-1172330.810,360.755
-443705.000,-1172331.140,360.750
-443704.870,-1172331.500,360.750
-443710.800,-1172316.250,360.205
-443710.680,-1172316.570,360.220
-443710.550,-1172316.930,360.250
-443710.410,-1172317.300,360.290
-443710.280,-1172317.660,360.340
-443710.160,-1172317.990,360.370
-443710.020,-1172318.370,360.420
-443709.890,-1172318.730,360.470
-443709.750,-1172319.100,360.520
-443709.620,-1172319.450,360.570
-443709.490,-1172319.820,360.620
-443709.360,-1172320.160,360.720
-443709.150,-1172320.750,361.195
-443709.010,-1172321.130,361.500
-443708.850,-1172321.580,361.840
-443708.690,-1172322.020,361.920
-443708.590,-1172322.290,361.920
-443708.470,-1172322.590,361.880
-443708.380,-1172322.850,361.755
-443705.200,-1172328.930,360.760
-443705.080,-1172329.260,360.760
-443704.960,-1172329.580,360.750
-443704.840,-1172329.900,360.750
-443704.720,-1172330.230,360.740
-443704.590,-1172330.600,360.740
-443710.330,-1172316.090,360.190
-443710.200,-1172316.420,360.210
-443710.070,-1172316.780,360.230
-443709.940,-1172317.130,360.270
-443709.810,-1172317.480,360.310
-443709.680,-1172317.840,360.350
-443709.550,-1172318.210,360.390
-443709.410,-1172318.590,360.440
-443709.280,-1172318.940,360.480
-443709.140,-1172319.300,360.540
-443709.010,-1172319.670,360.580
-443708.880,-1172320.010,360.640
-443708.730,-1172320.440,360.885
-443708.560,-1172320.910,361.265
-443708.390,-1172321.360,361.620
-443708.230,-1172321.810,361.900
-443708.080,-1172322.210,361.910
-443707.970,-1172322.500,361.910
-443707.860,-1172322.800,361.800
-443707.770,-1172323.050,361.640
-443707.660,-1172323.340,361.440
-443707.560,-1172323.610,361.260
-443707.440,-1172323.930,361.090
-443707.340,-1172324.210,361.000
-443707.230,-1172324.520,360.930
-443707.110,-1172324.830,360.850
-443707.000,-1172325.130,360.820
-443706.890,-1172325.440,360.800
-443706.610,-1172326.200,360.840
-443706.490,-1172326.520,360.840
-443706.380,-1172326.830,360.840
-443706.240,-1172327.190,360.820
-443706.110,-1172327.550,360.810
-443706.000,-1172327.860,360.800
-443705.880,-1172328.180,360.800
-443705.750,-1172328.540,360.780
-443705.620,-1172328.890,360.780
-443705.500,-1172329.220,360.780
-443705.370,-1172329.570,360.770
-443705.230,-1172329.940,360.760
-443705.120,-1172330.250,360.760
-443705.000,-1172330.560,360.750
-443704.880,-1172330.900,360.750
-443704.760,-1172331.230,360.750
-443708.840,-1172318.630,360.450
-443708.700,-1172318.990,360.490
-443708.570,-1172319.350,360.540
-443708.440,-1172319.710,360.590
-443708.310,-1172320.060,360.640
-443708.140,-1172320.540,360.900
-443707.980,-1172320.960,361.275
-443707.810,-1172321.450,361.670
-443707.830,-1172321.370,361.620
-443707.630,-1172321.930,361.915
-443707.510,-1172322.260,361.930
-443707.400,-1172322.560,361.910
-443707.290,-1172322.860,361.805
-443707.190,-1172323.130,361.595
-443707.090,-1172323.390,361.440
-443706.990,-1172323.660,361.270
-443706.870,-1172323.970,361.110
-443706.750,-1172324.290,361.010
-443706.650,-1172324.590,360.940
-443706.530,-1172324.900,360.860
-443706.400,-1172325.250,360.830
-443706.270,-1172325.610,360.820
-443706.120,-1172326.010,360.840
-443706.010,-1172326.330,360.830
-443705.890,-1172326.640,360.820
-443705.770,-1172326.970,360.810
-443705.660,-1172327.270,360.800
-443705.520,-1172327.630,360.780
-443705.410,-1172327.940,360.780
-443705.290,-1172328.260,360.770
-443705.160,-1172328.610,360.765
-443705.040,-1172328.940,360.760
-443704.920,-1172329.280,360.750
-443704.790,-1172329.610,360.750
-443704.680,-1172329.930,360.750
-443704.560,-1172330.230,360.735
-443709.920,-1172316.110,360.185
-443709.780,-1172316.480,360.210
-443709.670,-1172316.790,360.230
-443709.530,-1172317.160,360.270
-443709.400,-1172317.520,360.310
-443709.270,-1172317.880,360.360
-443709.130,-1172318.240,360.390
-443709.010,-1172318.590,360.440
-443708.870,-1172318.950,360.480
-443708.740,-1172319.320,360.540
-443708.610,-1172319.680,360.590
-443708.470,-1172320.040,360.640
-443708.300,-1172320.530,360.945
-443708.340,-1172320.400,360.820
-443708.140,-1172320.960,361.310
-443707.970,-1172321.440,361.680
-443707.790,-1172321.930,361.930
-443707.670,-1172322.260,361.930
-443707.560,-1172322.550,361.910
-443707.460,-1172322.820,361.800
-443707.360,-1172323.090,361.615
-443707.240,-1172323.390,361.415
-443707.140,-1172323.670,361.250
-443707.030,-1172323.960,361.090
-443706.920,-1172324.270,361.010
-443706.800,-1172324.590,360.940
-443706.690,-1172324.890,360.860
-443706.570,-1172325.210,360.820
-443706.450,-1172325.540,360.825
-443706.320,-1172325.890,360.835
-443706.190,-1172326.260,360.835
-443706.080,-1172326.540,360.830
-443705.950,-1172326.910,360.820
-443705.830,-1172327.220,360.810
-443705.710,-1172327.540,360.790
-443705.580,-1172327.900,360.785
-443705.460,-1172328.230,360.780
-443705.340,-1172328.560,360.770
-443706.420,-1172323.610,361.370
-443706.310,-1172323.920,361.150
-443706.190,-1172324.250,361.045
-443706.070,-1172324.570,360.970
-443705.450,-1172326.250,360.830
-443705.340,-1172326.560,360.810
-443705.210,-1172326.900,360.790
-443705.090,-1172327.220,360.780
-443704.970,-1172327.560,360.770
-443704.840,-1172327.910,360.760
-443704.710,-1172328.250,360.740
-443704.600,-1172328.570,360.730
-443709.400,-1172316.230,360.190
-443709.290,-1172316.540,360.210
-443709.150,-1172316.900,360.240
-443709.030,-1172317.230,360.280
-443708.900,-1172317.600,360.315
-443708.770,-1172317.940,360.360
-443708.640,-1172318.290,360.390
-443708.510,-1172318.630,360.450
-443708.390,-1172318.980,360.480
-443708.250,-1172319.360,360.540
-443708.120,-1172319.690,360.590
-443708.000,-1172320.030,360.630
-443707.860,-1172320.410,360.815
-443707.670,-1172320.940,361.255
-443707.530,-1172321.310,361.520
-443707.300,-1172321.950,361.930
-443707.190,-1172322.260,361.930
-443707.080,-1172322.540,361.935
-443706.970,-1172322.830,361.855
-443706.870,-1172323.120,361.690
-443706.760,-1172323.410,361.480
-443706.660,-1172323.690,361.270
-443706.550,-1172323.990,361.100
-443706.430,-1172324.290,361.010
-443706.320,-1172324.590,360.970
-443706.210,-1172324.900,360.890
-443706.090,-1172325.220,360.850
-443705.810,-1172325.980,360.840
-443705.710,-1172326.270,360.830
-443705.580,-1172326.620,360.820
-443705.450,-1172326.950,360.810
-443705.340,-1172327.250,360.790
-443705.210,-1172327.600,360.770
-443705.090,-1172327.940,360.770
-443704.960,-1172328.300,360.760
-443704.840,-1172328.600,360.750
-443704.720,-1172328.930,360.750
-443704.600,-1172329.270,360.730
-443704.500,-1172329.530,360.730
-443709.720,-1172316.230,360.190
-443709.600,-1172316.540,360.210
-443709.480,-1172316.870,360.240
-443709.360,-1172317.210,360.270
-443709.230,-1172317.570,360.310
-443709.090,-1172317.940,360.360
-443708.970,-1172318.280,360.390
-443704.790,-1172326.220,360.790
-443704.700,-1172326.460,360.780
-443704.590,-1172326.780,360.755
-443704.470,-1172327.100,360.720
-443704.340,-1172327.450,360.680
-443708.640,-1172316.370,360.200
-443708.520,-1172316.700,360.220
-443708.380,-1172317.070,360.240
-443708.260,-1172317.390,360.280
-443708.130,-1172317.760,360.320
-443708.000,-1172318.110,360.370
-443707.860,-1172318.480,360.420
-443707.730,-1172318.840,360.460
-443707.600,-1172319.200,360.510
-443707.460,-1172319.570,360.560
-443707.330,-1172319.930,360.595
-443707.200,-1172320.280,360.660
-443707.060,-1172320.680,360.955
-443706.850,-1172321.240,361.420
-443706.690,-1172321.700,361.760
-443706.550,-1172322.080,361.950
-443706.410,-1172322.440,361.950
-443706.300,-1172322.740,361.940
-443706.200,-1172323.010,361.860
-443706.100,-1172323.280,361.660
-443705.990,-1172323.590,361.405
-443704.930,-1172326.450,360.790
-443704.810,-1172326.780,360.770
-443704.680,-1172327.120,360.760
-443704.570,-1172327.430,360.735
-443704.460,-1172327.740,360.720
-443704.350,-1172328.030,360.700
-443709.050,-1172316.460,360.210
-443708.920,-1172316.820,360.230
-443708.790,-1172317.190,360.260
-443708.650,-1172317.560,360.310
-443708.530,-1172317.890,360.350
-443708.390,-1172318.260,360.390
-443708.260,-1172318.610,360.440
-443708.120,-1172318.990,360.490
-443708.000,-1172319.330,360.530
-443707.880,-1172319.660,360.580
-443707.750,-1172320.010,360.620
-443707.630,-1172320.340,360.680
-443707.430,-1172320.890,361.160
-443707.280,-1172321.280,361.510
-443707.090,-1172321.800,361.890
-443706.940,-1172322.220,361.950
-443706.840,-1172322.500,361.935
-443706.730,-1172322.790,361.910
-443706.620,-1172323.080,361.770
-443706.520,-1172323.350,361.540
-443705.670,-1172322.400,362.005
-443704.240,-1172326.250,360.650
-443708.170,-1172316.210,360.180
-443708.030,-1172316.580,360.200
-443707.900,-1172316.940,360.230
-443707.780,-1172317.280,360.260
-443707.640,-1172317.630,360.300
-443707.510,-1172318.000,360.350
-443707.370,-1172318.370,360.400
-443707.240,-1172318.730,360.430
-443707.100,-1172319.100,360.440
-443706.980,-1172319.430,360.460
-443706.840,-1172319.810,360.540
-443706.740,-1172320.090,360.600
-443706.560,-1172320.570,360.830
-443706.410,-1172321.000,361.150
-443706.200,-1172321.580,361.670
-443706.060,-1172321.950,361.910
-443705.890,-1172322.420,361.960
-443704.340,-1172326.600,360.700
-443704.220,-1172326.920,360.630
-443708.410,-1172316.390,360.190
-443708.280,-1172316.750,360.210
-443708.150,-1172317.100,360.240
-443708.020,-1172317.450,360.280
-443707.880,-1172317.840,360.330
-443707.750,-1172318.190,360.380
-443707.630,-1172318.520,360.420
-443707.510,-1172318.850,360.460
-443707.360,-1172319.240,360.500
-443707.230,-1172319.600,360.540
-443707.110,-1172319.940,360.585
-443706.950,-1172320.360,360.665
-443706.780,-1172320.840,361.055
-443706.800,-1172320.770,361.010
-443706.590,-1172321.360,361.510
-443706.620,-1172321.280,361.430
-443706.450,-1172321.740,361.780
-443706.280,-1172322.210,361.950
-443706.150,-1172322.540,361.950
-443706.050,-1172322.810,361.950
-443705.950,-1172323.100,361.850
-443707.290,-1172316.380,360.170
-443707.170,-1172316.700,360.205
-443707.030,-1172317.080,360.220
-443706.900,-1172317.430,360.230
-443706.780,-1172317.780,360.270
-443706.400,-1172318.780,359.670
-443706.210,-1172319.290,359.950
-443706.250,-1172319.210,359.920
-443706.030,-1172319.790,360.200
-443705.890,-1172320.190,360.420
-443705.700,-1172320.710,360.900
-443705.740,-1172320.600,360.840
-443707.500,-1172316.460,360.190
-443707.390,-1172316.770,360.210
-443707.260,-1172317.120,360.230
-443707.130,-1172317.480,360.260
-443707.000,-1172317.820,360.300
-443706.860,-1172318.200,360.330
-443706.750,-1172318.500,360.320
-443706.440,-1172319.330,360.140
-443706.270,-1172319.810,360.335
-443706.090,-1172320.290,360.580
-443705.900,-1172320.810,360.960
-443707.810,-1172316.580,360.200
-443707.680,-1172316.930,360.220
-443707.560,-1172317.260,360.240
-443707.430,-1172317.620,360.290
-443707.290,-1172317.980,360.340
-443707.160,-1172318.340,360.385
-443707.030,-1172318.700,360.400
-443706.910,-1172319.020,360.410
-443706.800,-1172319.330,360.400
-443706.540,-1172320.030,360.560
-443706.350,-1172320.550,360.825
-443706.170,-1172321.040,361.190
-443706.000,-1172321.500,361.510
-443705.840,-1172321.960,361.930
-443705.330,-1172316.900,357.960
-443705.180,-1172317.320,358.115
-443705.640,-1172317.010,358.095
-443705.490,-1172317.410,358.210
-443705.300,-1172317.930,358.535
-443705.930,-1172317.100,358.190
-443705.620,-1172317.960,358.570
-443705.420,-1172318.500,358.995
-443706.580,-1172316.530,360.130
-443706.280,-1172317.340,358.550
-443706.160,-1172317.660,358.610
-443705.990,-1172318.110,358.890
-443705.810,-1172318.600,359.180
-443705.650,-1172319.060,359.525
-443705.440,-1172319.610,359.955
-443706.940,-1172316.490,360.180
-443706.800,-1172316.850,360.190
-443706.680,-1172317.190,360.175
-443706.340,-1172318.110,359.130
-443706.160,-1172318.580,359.390
-443706.000,-1172319.020,359.570
-443705.800,-1172319.570,359.950
-443705.830,-1172319.480,359.920
-443722.620,-1172315.250,355.540
-443722.950,-1172314.960,355.360
-443723.200,-1172315.370,355.580
-443723.500,-1172315.110,355.480
-443723.810,-1172314.850,355.365
-443724.150,-1172315.230,355.540
-443724.460,-1172314.960,355.440
-443724.770,-1172314.700,355.370
-443725.400,-1172315.150,355.560
-443725.730,-1172314.860,355.500
-443726.070,-1172314.570,355.395
-443724.680,-1172315.230,355.590
-443724.990,-1172314.960,355.470
-443725.310,-1172314.690,355.375
-443725.610,-1172314.440,355.340
-443726.060,-1172315.160,355.620
-443726.370,-1172314.890,355.520
-443721.080,-1172325.850,355.470
-443721.120,-1172326.400,355.170
-443721.340,-1172326.210,355.230
-443721.590,-1172325.990,355.400
-443721.830,-1172325.790,355.490
-443721.510,-1172327.120,354.850
-443721.740,-1172326.920,354.870
-443722.000,-1172326.700,354.970
-443722.230,-1172326.500,355.020
-443722.460,-1172326.300,355.075
-443722.730,-1172326.070,355.210
-443722.960,-1172325.880,355.340
-443723.190,-1172325.680,355.455
-443723.430,-1172325.480,355.605
-443721.390,-1172326.780,354.970
-443721.640,-1172326.570,355.050
-443721.860,-1172326.380,355.080
-443722.100,-1172326.180,355.210
-443722.330,-1172325.980,355.280
-443722.580,-1172325.760,355.450
-443722.810,-1172325.570,355.610
-443722.070,-1172327.090,354.795
-443722.300,-1172326.900,354.840
-443722.550,-1172326.690,354.900
-443722.790,-1172326.480,355.000
-443723.040,-1172326.270,355.050
-443723.280,-1172326.060,355.200
-443723.540,-1172325.850,355.325
-443723.770,-1172325.650,355.450
-443723.980,-1172325.470,355.565
-443722.780,-1172327.030,354.790
-443723.020,-1172326.830,354.865
-443723.250,-1172326.630,354.920
-443723.480,-1172326.440,355.005
-443723.740,-1172326.220,355.055
-443723.980,-1172326.010,355.205
-443724.210,-1172325.820,355.280
-443724.460,-1172325.610,355.430
-443724.710,-1172325.390,355.575
-443723.820,-1172326.720,354.870
-443724.070,-1172326.510,354.950
-443724.290,-1172326.320,354.980
-443724.550,-1172326.100,355.100
-443724.780,-1172325.900,355.210
-443725.020,-1172325.700,355.370
-443725.240,-1172325.510,355.430
-443725.490,-1172325.300,355.570
-443724.350,-1172326.800,354.820
-443724.580,-1172326.610,354.890
-443724.810,-1172326.420,355.005
-443725.040,-1172326.220,355.105
-443725.300,-1172326.000,355.210
-443725.510,-1172325.820,355.345
-443725.750,-1172325.610,355.425
-443726.020,-1172325.390,355.530
-443726.230,-1172325.200,355.580
-443726.980,-1172325.790,355.375
-443727.200,-1172325.590,355.410
-443725.150,-1172326.680,354.950
-443726.110,-1172325.860,355.360
-443726.340,-1172325.660,355.410
-443726.590,-1172325.450,355.480
-443726.840,-1172325.240,355.530
-443727.450,-1172325.390,355.420
-443720.930,-1172327.170,354.905
-443721.160,-1172326.980,354.960
-443720.130,-1172326.670,355.240
-443720.360,-1172326.470,355.270
-443720.590,-1172326.270,355.300
-443720.850,-1172326.050,355.375
-443720.620,-1172326.820,355.125
-443720.880,-1172326.600,355.130
-443718.890,-1172326.710,355.340
-443719.130,-1172326.510,355.430
-443719.380,-1172326.290,355.480
-443719.630,-1172326.080,355.560
-443719.480,-1172326.710,355.320
-443719.730,-1172326.500,355.340
-443719.960,-1172326.300,355.380
-443720.210,-1172326.090,355.490
-443720.470,-1172325.870,355.560
-443717.940,-1172326.220,355.660
-443718.010,-1172326.780,355.385
-443718.240,-1172326.580,355.440
-443718.480,-1172326.370,355.500
-443718.710,-1172326.180,355.560
-443727.080,-1172325.030,355.540
-443727.330,-1172324.820,355.645
-443726.480,-1172324.990,355.660
-443726.740,-1172324.770,355.800
-443726.970,-1172324.580,355.820
-443727.190,-1172324.390,355.870
-443727.440,-1172324.180,355.990
-443725.720,-1172325.100,355.670
-443725.960,-1172324.900,355.810
-443726.200,-1172324.690,355.930
-443726.440,-1172324.490,356.010
-443726.680,-1172324.290,356.090
-443726.920,-1172324.080,356.150
-443727.150,-1172323.890,356.270
-443724.960,-1172325.180,355.670
-443725.190,-1172324.980,355.810
-443725.440,-1172324.770,355.990
-443725.680,-1172324.560,356.080
-443725.930,-1172324.350,356.190
-443726.160,-1172324.160,356.350
-443726.390,-1172323.960,356.460
-443726.630,-1172323.760,356.520
-443726.860,-1172323.560,356.640
-443727.100,-1172323.350,356.780
-443727.340,-1172323.150,356.910
-443725.710,-1172324.000,356.480
-443725.940,-1172323.800,356.610
-443726.190,-1172323.590,356.700
-443726.420,-1172323.390,356.850
-443726.660,-1172323.180,356.920
-443726.910,-1172322.980,357.080
-443727.140,-1172322.780,357.280
-443724.230,-1172325.260,355.705
-443724.480,-1172325.050,355.830
-443724.720,-1172324.840,355.980
-443724.960,-1172324.630,356.070
-443725.220,-1172324.420,356.220
-443725.460,-1172324.210,356.365
-443723.690,-1172325.260,355.745
-443723.930,-1172325.050,355.870
-443724.170,-1172324.850,356.010
-443724.430,-1172324.630,356.120
-443724.670,-1172324.430,356.250
-443724.900,-1172324.230,356.390
-443725.130,-1172324.040,356.480
-443725.380,-1172323.820,356.630
-443725.640,-1172323.600,356.780
-443725.870,-1172323.400,356.875
-443726.110,-1172323.200,357.020
-443726.360,-1172322.980,357.160
-443726.620,-1172322.770,357.280
-443726.840,-1172322.580,357.375
-443727.080,-1172322.370,357.560
-443727.320,-1172322.170,357.660
-443723.040,-1172325.370,355.710
-443723.290,-1172325.160,355.860
-443723.530,-1172324.960,355.990
-443723.760,-1172324.760,356.060
-443724.010,-1172324.540,356.250
-443724.250,-1172324.340,356.370
-443724.490,-1172324.140,356.450
-443724.740,-1172323.930,356.630
-443724.980,-1172323.720,356.755
-443725.240,-1172323.500,356.870
-443725.490,-1172323.290,357.015
-443725.720,-1172323.090,357.155
-443725.960,-1172322.880,357.270
-443726.430,-1172322.480,357.560
-443726.670,-1172322.280,357.690
-443726.940,-1172322.050,357.730
-443727.190,-1172321.840,357.770
-443722.080,-1172325.580,355.650
-443722.320,-1172325.380,355.740
-443722.560,-1172325.170,355.890
-443722.790,-1172324.980,356.000
-443723.010,-1172324.780,356.110
-443723.260,-1172324.570,356.235
-443723.500,-1172324.370,356.375
-443723.730,-1172324.180,356.470
-443723.970,-1172323.970,356.590
-443724.210,-1172323.760,356.755
-443724.460,-1172323.550,356.910
-443724.700,-1172323.350,357.035
-443724.940,-1172323.140,357.220
-443725.180,-1172322.940,357.290
-443725.420,-1172322.730,357.385
-443725.670,-1172322.520,357.540
-443725.920,-1172322.310,357.690
-443726.170,-1172322.100,357.810
-443726.410,-1172321.890,357.875
-443726.650,-1172321.690,357.895
-443726.940,-1172321.430,357.900
-443721.320,-1172325.650,355.650
-443721.570,-1172325.430,355.730
-443721.850,-1172325.200,355.900
-443722.070,-1172325.010,356.030
-443722.320,-1172324.800,356.140
-443722.540,-1172324.610,356.260
-443722.800,-1172324.390,356.455
-443723.030,-1172324.190,356.550
-443723.250,-1172324.000,356.660
-443723.480,-1172323.810,356.760
-443723.730,-1172323.600,356.940
-443723.970,-1172323.390,357.070
-443724.200,-1172323.200,357.200
-443724.440,-1172322.990,357.380
-443724.690,-1172322.780,357.510
-443724.920,-1172322.580,357.580
-443725.170,-1172322.370,357.690
-443725.420,-1172322.160,357.850
-443725.660,-1172321.950,357.940
-443725.880,-1172321.760,358.065
-443726.120,-1172321.560,358.085
-443726.410,-1172321.310,358.035
-443726.760,-1172321.010,357.980
-443727.110,-1172320.720,357.890
-443721.170,-1172325.270,355.910
-443721.430,-1172325.050,356.030
-443721.670,-1172324.840,356.160
-443721.890,-1172324.650,356.305
-443722.150,-1172324.440,356.440
-443722.400,-1172324.220,356.580
-443722.650,-1172324.010,356.690
-443722.880,-1172323.820,356.810
-443723.130,-1172323.600,356.970
-443723.350,-1172323.410,357.100
-443723.590,-1172323.200,357.255
-443724.070,-1172322.800,357.545
-443724.300,-1172322.600,357.700
-443724.540,-1172322.400,357.820
-443724.800,-1172322.180,357.960
-443725.260,-1172321.780,358.130
-443725.490,-1172321.580,358.240
-443725.740,-1172321.370,358.290
-443725.990,-1172321.160,358.270
-443726.310,-1172320.890,358.195
-443726.660,-1172320.600,358.020
-443726.990,-1172320.310,357.930
-443723.010,-1172323.190,357.280
-443723.260,-1172322.980,357.415
-443723.510,-1172322.770,357.630
-443723.750,-1172322.570,357.770
-443724.710,-1172321.750,358.300
-443724.950,-1172321.540,358.340
-443725.180,-1172321.350,358.410
-443725.410,-1172321.150,358.460
-443725.670,-1172320.920,358.460
-443725.990,-1172320.650,358.390
-443726.330,-1172320.360,358.180
-443726.680,-1172320.060,358.020
-443726.990,-1172319.810,357.920
-443721.100,-1172324.820,356.230
-443721.320,-1172324.630,356.360
-443721.570,-1172324.430,356.505
-443721.820,-1172324.210,356.670
-443722.050,-1172324.020,356.810
-443722.300,-1172323.810,356.890
-443722.530,-1172323.600,357.045
-443722.780,-1172323.400,357.140
-443724.520,-1172321.220,358.605
-443724.770,-1172321.010,358.700
-443725.000,-1172320.810,358.735
-443725.250,-1172320.600,358.675
-443725.590,-1172320.310,358.600
-443725.910,-1172320.040,358.460
-443726.230,-1172319.760,358.210
-443726.570,-1172319.480,358.030
-443726.910,-1172319.190,357.940
-443721.110,-1172324.130,356.790
-443721.360,-1172323.910,356.890
-443721.610,-1172323.710,357.050
-443721.870,-1172323.480,357.160
-443722.120,-1172323.270,357.280
-443722.350,-1172323.080,357.410
-443722.580,-1172322.880,357.580
-443722.820,-1172322.670,357.725
-443723.060,-1172322.470,357.835
-443723.300,-1172322.260,358.080
-443723.550,-1172322.050,358.230
-443723.790,-1172321.840,358.360
-443724.040,-1172321.630,358.480
-443724.290,-1172321.420,358.565
-443722.740,-1172322.120,358.110
-443722.990,-1172321.910,358.240
-443723.230,-1172321.710,358.410
-443723.470,-1172321.500,358.540
-443723.700,-1172321.310,358.620
-443723.950,-1172321.090,358.730
-443724.200,-1172320.880,358.880
-443724.420,-1172320.690,358.900
-443724.680,-1172320.470,358.870
-443724.990,-1172320.210,358.775
-443725.340,-1172319.910,358.620
-443725.660,-1172319.640,358.440
-443726.030,-1172319.320,358.170
-443726.350,-1172319.050,358.020
-443726.680,-1172318.760,357.920
-443721.030,-1172323.580,357.210
-443721.300,-1172323.360,357.300
-443721.520,-1172323.160,357.420
-443721.760,-1172322.960,357.560
-443722.000,-1172322.750,357.690
-443722.260,-1172322.540,357.800
-443722.500,-1172322.330,357.950
-443720.940,-1172323.110,357.530
-443721.170,-1172322.910,357.660
-443721.430,-1172322.690,357.760
-443721.660,-1172322.490,357.850
-443721.910,-1172322.280,357.985
-443722.160,-1172322.070,358.140
-443722.390,-1172321.870,358.250
-443722.610,-1172321.680,358.410
-443722.860,-1172321.470,358.515
-443723.110,-1172321.250,358.680
-443723.370,-1172321.040,358.865
-443723.610,-1172320.830,358.900
-443723.850,-1172320.620,358.920
-443724.100,-1172320.410,358.910
-443724.380,-1172320.170,358.880
-443724.700,-1172319.900,358.790
-443725.030,-1172319.620,358.600
-443725.370,-1172319.330,358.390
-443725.680,-1172319.060,358.210
-443726.000,-1172318.790,358.030
-443726.350,-1172318.490,357.880
-443726.700,-1172318.190,357.790
-443720.860,-1172322.720,357.770
-443721.090,-1172322.520,357.910
-443721.330,-1172322.330,358.020
-443721.580,-1172322.110,358.120
-443721.810,-1172321.920,358.240
-443722.040,-1172321.720,358.370
-443722.280,-1172321.520,358.480
-443722.500,-1172321.330,358.670
-443723.020,-1172320.880,358.910
-443723.250,-1172320.680,358.920
-443723.490,-1172320.480,358.940
-443723.830,-1172320.190,358.900
-443724.160,-1172319.910,358.850
-443724.490,-1172319.630,358.620
-443724.840,-1172319.330,358.465
-443725.160,-1172319.060,358.325
-443725.480,-1172318.790,358.125
-443725.780,-1172318.530,357.950
-443726.090,-1172318.260,357.825
-443726.440,-1172317.970,357.665
-443725.160,-1172318.450,357.840
-443725.490,-1172318.170,357.700
-443725.830,-1172317.890,357.520
-443726.150,-1172317.610,357.335
-443726.500,-1172317.310,357.110
-443720.960,-1172322.040,358.230
-443721.200,-1172321.830,358.370
-443721.440,-1172321.630,358.490
-443721.650,-1172321.450,358.640
-443721.900,-1172321.240,358.780
-443722.130,-1172321.040,358.895
-443722.370,-1172320.840,358.900
-443722.600,-1172320.640,358.900
-443722.880,-1172320.400,358.920
-443723.220,-1172320.110,358.900
-443723.510,-1172319.860,358.790
-443723.860,-1172319.560,358.560
-443724.200,-1172319.270,358.375
-443724.510,-1172319.010,358.195
-443724.810,-1172318.750,358.050
-443720.830,-1172321.550,358.655
-443721.060,-1172321.350,358.780
-443721.310,-1172321.140,358.840
-443722.390,-1172320.210,358.900
-443722.680,-1172319.970,358.780
-443723.000,-1172319.700,358.620
-443723.340,-1172319.410,358.410
-443723.650,-1172319.150,358.240
-443723.980,-1172318.860,358.080
-443724.290,-1172318.590,357.820
-443724.620,-1172318.320,357.690
-443724.960,-1172318.030,357.485
-443725.270,-1172317.760,357.320
-443725.580,-1172317.490,357.170
-443725.900,-1172317.220,357.040
-443726.230,-1172316.940,356.860
-443726.570,-1172316.650,356.705
-443720.920,-1172320.850,358.880
-443721.160,-1172320.640,358.890
-443721.850,-1172320.050,358.730
-443722.160,-1172319.790,358.590
-443722.480,-1172319.510,358.400
-443722.810,-1172319.230,358.235
-443723.140,-1172318.950,358.090
-443723.460,-1172318.670,357.885
-443723.780,-1172318.410,357.710
-443724.110,-1172318.120,357.550
-443724.410,-1172317.860,357.410
-443724.720,-1172317.600,357.210
-443725.060,-1172317.320,357.045
-443725.380,-1172317.040,356.860
-443725.680,-1172316.780,356.705
-443726.020,-1172316.500,356.525
-443726.350,-1172316.220,356.390
-443723.840,-1172317.770,357.250
-443724.160,-1172317.500,357.070
-443724.480,-1172317.230,356.900
-443724.790,-1172316.960,356.760
-443725.130,-1172316.670,356.550
-443725.440,-1172316.410,356.420
-443725.750,-1172316.150,356.290
-443726.070,-1172315.870,356.085
-443726.400,-1172315.590,355.875
-443720.910,-1172320.280,358.825
-443721.230,-1172320.000,358.630
-443721.540,-1172319.730,358.480
-443721.840,-1172319.480,358.320
-443722.160,-1172319.210,358.190
-443722.500,-1172318.910,357.960
-443722.820,-1172318.640,357.840
-443723.150,-1172318.370,357.670
-443723.490,-1172318.070,357.460
-443720.840,-1172319.620,358.495
-443721.180,-1172319.330,358.330
-443721.520,-1172319.040,358.130
-443721.850,-1172318.750,357.950
-443722.160,-1172318.490,357.770
-443722.460,-1172318.230,357.590
-443722.790,-1172317.960,357.450
-443723.110,-1172317.680,357.155
-443723.450,-1172317.390,356.970
-443723.760,-1172317.120,356.800
-443724.110,-1172316.830,356.605
-443724.440,-1172316.540,356.430
-443724.770,-1172316.260,356.265
-443725.080,-1172315.990,356.080
-443725.420,-1172315.710,355.890
-443725.730,-1172315.440,355.720
-443722.690,-1172316.930,356.735
-443723.010,-1172316.660,356.430
-443723.340,-1172316.370,356.240
-443723.680,-1172316.080,356.040
-443724.020,-1172315.800,355.860
-443724.360,-1172315.510,355.680
-443720.770,-1172319.100,358.380
-443721.090,-1172318.820,358.170
-443721.400,-1172318.560,358.000
-443721.750,-1172318.260,357.820
-443722.090,-1172317.970,357.610
-443722.460,-1172317.650,357.410
-443722.800,-1172317.370,357.020
-443723.120,-1172317.090,356.690
-443723.450,-1172316.810,356.510
-443723.770,-1172316.540,356.360
-443724.410,-1172315.990,356.030
-443724.760,-1172315.690,355.820
-443725.070,-1172315.430,355.680
-443720.610,-1172318.240,358.305
-443720.930,-1172317.980,358.120
-443721.250,-1172317.700,357.940
-443721.600,-1172317.400,357.735
-443721.900,-1172317.150,357.565
-443722.220,-1172316.880,357.135
-443722.490,-1172316.650,356.610
-443722.850,-1172316.340,356.260
-443723.160,-1172316.070,355.985
-443723.480,-1172315.800,355.840
-443723.830,-1172315.500,355.670
-443720.550,-1172318.760,358.390
-443720.880,-1172318.470,358.190
-443721.210,-1172318.200,357.990
-443721.540,-1172317.910,357.820
-443721.870,-1172317.630,357.620
-443722.220,-1172317.330,357.430
-443720.410,-1172317.130,358.230
-443720.760,-1172316.830,358.030
-443721.100,-1172316.540,357.840
-443721.410,-1172316.280,357.690
-443721.760,-1172315.980,357.510
-443722.040,-1172315.740,356.420
-443720.520,-1172317.660,358.325
-443720.840,-1172317.390,358.140
-443721.170,-1172317.100,357.940
-443721.500,-1172316.820,357.750
-443721.820,-1172316.550,357.580
-443722.120,-1172316.290,357.400
-443722.540,-1172315.940,356.065
-443722.860,-1172315.660,355.750
-443720.630,-1172316.270,357.885
-443720.970,-1172315.990,357.730
-443721.290,-1172315.710,357.590
-443721.610,-1172315.430,357.480
-443720.560,-1172315.770,357.790
-443720.900,-1172315.490,357.635
-443721.200,-1172315.230,357.545
-443720.320,-1172315.280,357.625
-443716.160,-1172336.640,360.810
-443716.530,-1172336.330,360.755
-443712.420,-1172336.940,360.950
-443712.710,-1172336.690,360.940
-443713.000,-1172336.440,360.920
-443713.300,-1172336.190,360.910
-443713.560,-1172335.970,360.890
-443713.840,-1172335.730,360.870
-443714.120,-1172335.490,360.840
-443714.400,-1172335.260,360.820
-443714.650,-1172335.040,360.800
-443714.930,-1172334.810,360.780
-443715.220,-1172334.560,360.770
-443715.480,-1172334.330,360.765
-443715.750,-1172334.110,360.750
-443716.030,-1172333.870,360.740
-443716.320,-1172333.620,360.730
-443713.240,-1172336.790,360.890
-443713.530,-1172336.540,360.890
-443713.840,-1172336.290,360.880
-443714.120,-1172336.040,360.870
-443714.390,-1172335.810,360.840
-443714.670,-1172335.580,360.810
-443714.960,-1172335.330,360.790
-443715.230,-1172335.100,360.780
-443715.500,-1172334.870,360.760
-443715.800,-1172334.620,360.750
-443716.070,-1172334.390,360.740
-443716.340,-1172334.150,360.730
-443714.070,-1172336.750,360.860
-443714.360,-1172336.490,360.850
-443714.670,-1172336.230,360.840
-443714.930,-1172336.010,360.820
-443715.230,-1172335.760,360.790
-443715.520,-1172335.510,360.770
-443715.800,-1172335.270,360.750
-443716.090,-1172335.030,360.740
-443716.380,-1172334.790,360.730
-443714.780,-1172336.760,360.830
-443715.030,-1172336.550,360.830
-443715.400,-1172336.240,360.810
-443715.670,-1172336.010,360.780
-443715.930,-1172335.790,360.760
-443716.200,-1172335.560,360.740
-443716.490,-1172335.310,360.725
-443715.590,-1172336.610,360.850
-443715.850,-1172336.390,360.785
-443716.210,-1172336.090,360.760
-443716.510,-1172335.830,360.745
-443712.930,-1172334.410,360.900
-443713.220,-1172334.160,360.880
-443713.500,-1172333.920,360.860
-443713.780,-1172333.690,360.830
-443714.070,-1172333.440,360.820
-443714.360,-1172333.190,360.810
-443714.630,-1172332.960,360.810
-443714.910,-1172332.720,360.780
-443715.180,-1172332.500,360.770
-443715.450,-1172332.260,360.760
-443715.730,-1172332.030,360.750
-443716.020,-1172331.780,360.730
-443710.150,-1172337.230,361.060
-443710.410,-1172337.000,361.060
-443710.700,-1172336.760,361.060
-443710.970,-1172336.530,361.050
-443711.270,-1172336.280,361.030
-443711.550,-1172336.040,361.010
-443711.820,-1172335.810,360.990
-443712.090,-1172335.580,360.960
-443712.390,-1172335.330,360.940
-443712.660,-1172335.090,360.920
-443712.950,-1172334.840,360.900
-443713.240,-1172334.600,360.880
-443713.530,-1172334.350,360.860
-443713.800,-1172334.120,360.835
-443714.070,-1172333.900,360.820
-443714.330,-1172333.680,360.810
-443714.610,-1172333.430,360.800
-443714.910,-1172333.180,360.790
-443715.170,-1172332.960,360.770
-443715.460,-1172332.710,360.760
-443715.760,-1172332.460,360.750
-443716.040,-1172332.220,360.750
-443710.840,-1172337.180,361.070
-443711.110,-1172336.950,361.060
-443711.400,-1172336.710,361.045
-443711.680,-1172336.460,361.030
-443711.970,-1172336.210,361.000
-443712.260,-1172335.970,360.960
-443712.550,-1172335.720,360.930
-443712.810,-1172335.500,360.910
-443713.080,-1172335.270,360.900
-443713.350,-1172335.050,360.880
-443713.630,-1172334.810,360.850
-443713.930,-1172334.550,360.830
-443714.200,-1172334.320,360.810
-443714.490,-1172334.080,360.810
-443714.760,-1172333.850,360.790
-443715.050,-1172333.600,360.780
-443715.340,-1172333.350,360.770
-443715.610,-1172333.120,360.750
-443715.870,-1172332.900,360.750
-443716.190,-1172332.630,360.730
-443711.630,-1172337.080,361.030
-443711.900,-1172336.840,361.010
-443712.200,-1172336.590,360.980
-443712.490,-1172336.350,360.960
-443712.780,-1172336.100,360.930
-443713.050,-1172335.870,360.910
-443713.330,-1172335.630,360.885
-443713.620,-1172335.390,360.870
-443713.920,-1172335.130,360.840
-443714.180,-1172334.910,360.830
-443714.480,-1172334.660,360.805
-443714.720,-1172334.450,360.795
-443715.020,-1172334.190,360.780
-443715.300,-1172333.960,360.770
-443715.550,-1172333.740,360.760
-443715.820,-1172333.510,360.750
-443716.100,-1172333.270,360.730
-443709.640,-1172336.160,360.990
-443709.920,-1172335.920,361.010
-443710.180,-1172335.700,361.020
-443710.450,-1172335.470,361.035
-443710.730,-1172335.240,361.040
-443711.030,-1172334.980,361.030
-443711.300,-1172334.750,361.010
-443711.570,-1172334.520,360.980
-443711.840,-1172334.290,360.960
-443712.140,-1172334.030,360.940
-443712.400,-1172333.810,360.930
-443712.670,-1172333.580,360.900
-443712.940,-1172333.350,360.890
-443713.230,-1172333.110,360.870
-443713.490,-1172332.880,360.850
-443713.760,-1172332.650,360.840
-443714.040,-1172332.410,360.830
-443714.320,-1172332.170,360.820
-443714.580,-1172331.960,360.810
-443714.870,-1172331.710,360.800
-443715.160,-1172331.470,360.780
-443715.410,-1172331.250,360.760
-443715.690,-1172331.010,360.750
-443716.020,-1172330.730,360.730
-443709.010,-1172337.310,361.000
-443709.280,-1172337.080,361.000
-443709.580,-1172336.830,361.020
-443709.850,-1172336.590,361.020
-443710.120,-1172336.360,361.030
-443710.380,-1172336.150,361.030
-443710.660,-1172335.900,361.040
-443710.930,-1172335.670,361.040
-443711.230,-1172335.420,361.020
-443711.490,-1172335.200,361.010
-443711.750,-1172334.980,360.980
-443712.020,-1172334.740,360.960
-443712.300,-1172334.510,360.940
-443712.580,-1172334.270,360.920
-443712.850,-1172334.040,360.900
-443713.130,-1172333.800,360.880
-443713.410,-1172333.560,360.860
-443713.680,-1172333.330,360.840
-443713.980,-1172333.080,360.830
-443714.250,-1172332.850,360.820
-443714.510,-1172332.630,360.810
-443714.780,-1172332.390,360.790
-443715.080,-1172332.140,360.780
-443715.370,-1172331.890,360.770
-443715.630,-1172331.670,360.755
-443715.930,-1172331.420,360.750
-443709.640,-1172337.200,361.030
-443709.910,-1172336.970,361.040
-443710.200,-1172336.730,361.050
-443710.460,-1172336.510,361.045
-443710.710,-1172336.290,361.040
-443711.010,-1172336.040,361.030
-443711.280,-1172335.820,361.030
-443711.530,-1172335.600,361.010
-443711.820,-1172335.350,360.980
-443712.110,-1172335.110,360.960
-443712.390,-1172334.870,360.940
-443712.660,-1172334.640,360.920
-443709.370,-1172335.320,360.980
-443709.660,-1172335.060,361.000
-443709.940,-1172334.830,361.020
-443710.200,-1172334.610,361.025
-443710.490,-1172334.360,361.030
-443710.760,-1172334.130,361.020
-443711.040,-1172333.890,361.010
-443711.300,-1172333.670,360.990
-443711.580,-1172333.430,360.970
-443711.870,-1172333.190,360.950
-443712.150,-1172332.950,360.940
-443712.420,-1172332.720,360.920
-443712.720,-1172332.460,360.900
-443712.990,-1172332.230,360.880
-443713.260,-1172332.000,360.870
-443713.550,-1172331.750,360.860
-443713.840,-1172331.510,360.840
-443714.120,-1172331.270,360.830
-443714.370,-1172331.050,360.810
-443714.650,-1172330.820,360.800
-443714.910,-1172330.590,360.780
-443715.190,-1172330.360,360.760
-443715.470,-1172330.120,360.750
-443715.740,-1172329.890,360.730
-443720.700,-1172325.670,355.670
-443720.930,-1172325.480,355.780
-443707.250,-1172337.630,360.960
-443707.530,-1172337.390,360.905
-443707.830,-1172337.130,360.920
-443708.100,-1172336.900,360.920
-443708.380,-1172336.660,360.930
-443708.660,-1172336.430,360.940
-443708.940,-1172336.190,360.950
-443709.200,-1172335.970,360.965
-443709.490,-1172335.720,360.980
-443709.740,-1172335.500,361.000
-443710.000,-1172335.280,361.010
-443710.260,-1172335.060,361.030
-443710.550,-1172334.810,361.030
-443710.830,-1172334.580,361.030
-443711.100,-1172334.350,361.020
-443711.390,-1172334.100,360.990
-443711.670,-1172333.860,360.970
-443711.970,-1172333.600,360.950
-443712.240,-1172333.380,360.940
-443712.530,-1172333.130,360.910
-443712.800,-1172332.900,360.890
-443713.090,-1172332.660,360.880
-443713.350,-1172332.440,360.860
-443713.610,-1172332.210,360.850
-443713.880,-1172331.980,360.840
-443714.150,-1172331.750,360.820
-443714.450,-1172331.500,360.810
-443714.710,-1172331.270,360.800
-443714.970,-1172331.050,360.780
-443715.270,-1172330.800,360.770
-443715.530,-1172330.580,360.760
-443715.830,-1172330.320,360.730
-443708.260,-1172337.330,360.950
-443708.580,-1172337.060,360.945
-443708.850,-1172336.830,360.970
-443709.110,-1172336.610,360.970
-443709.360,-1172336.400,360.980
-443709.290,-1172334.200,360.980
-443709.540,-1172333.980,361.000
-443709.820,-1172333.750,361.010
-443710.080,-1172333.520,361.030
-443710.340,-1172333.300,361.030
-443710.630,-1172333.050,361.030
-443710.900,-1172332.820,361.020
-443711.180,-1172332.590,361.005
-443711.470,-1172332.340,361.000
-443711.760,-1172332.090,360.990
-443712.170,-1172331.740,360.960
-443712.470,-1172331.490,360.930
-443712.880,-1172331.140,360.890
-443713.150,-1172330.910,360.870
-443713.430,-1172330.670,360.850
-443713.710,-1172330.430,360.840
-443714.000,-1172330.180,360.820
-443714.260,-1172329.960,360.810
-443714.550,-1172329.720,360.790
-443714.840,-1172329.470,360.770
-443715.130,-1172329.220,360.760
-443715.390,-1172329.000,360.750
-443715.680,-1172328.750,360.730
-443718.970,-1172325.960,355.660
-443719.200,-1172325.760,355.760
-443719.430,-1172325.570,355.900
-443719.670,-1172325.360,356.010
-443719.910,-1172325.160,356.150
-443720.160,-1172324.940,356.260
-443720.410,-1172324.730,356.400
-443720.630,-1172324.540,356.570
-443720.870,-1172324.340,356.630
-443705.870,-1172337.800,360.810
-443706.100,-1172337.600,360.825
-443706.430,-1172337.320,360.830
-443706.710,-1172337.080,360.855
-443706.980,-1172336.850,360.860
-443707.250,-1172336.620,360.860
-443707.510,-1172336.400,360.870
-443707.770,-1172336.180,360.880
-443708.040,-1172335.940,360.900
-443708.300,-1172335.730,360.930
-443708.550,-1172335.510,360.940
-443708.840,-1172335.270,360.950
-443709.090,-1172335.050,360.970
-443709.370,-1172334.810,360.980
-443709.650,-1172334.570,361.000
-443709.920,-1172334.350,361.020
-443710.170,-1172334.130,361.020
-443710.470,-1172333.880,361.030
-443710.730,-1172333.650,361.020
-443711.020,-1172333.410,361.010
-443711.300,-1172333.170,361.000
-443711.600,-1172332.920,360.975
-443711.870,-1172332.680,360.960
-443712.130,-1172332.460,360.950
-443712.400,-1172332.230,360.930
-443712.690,-1172331.980,360.910
-443712.980,-1172331.740,360.890
-443713.240,-1172331.510,360.870
-443713.530,-1172331.270,360.850
-443713.810,-1172331.030,360.840
-443714.100,-1172330.790,360.820
-443714.380,-1172330.550,360.810
-443714.680,-1172330.290,360.790
-443714.940,-1172330.070,360.770
-443715.210,-1172329.840,360.760
-443715.490,-1172329.600,360.750
-443715.770,-1172329.360,360.730
-443719.860,-1172325.880,355.650
-443720.110,-1172325.670,355.730
-443720.340,-1172325.480,355.845
-443720.580,-1172325.270,355.970
-443720.840,-1172325.050,356.105
-443706.620,-1172337.660,360.940
-443706.920,-1172337.400,360.890
-443707.210,-1172337.150,360.890
-443707.480,-1172336.920,360.890
-443707.770,-1172336.680,360.890
-443708.020,-1172336.460,360.900
-443708.280,-1172336.240,360.915
-443708.580,-1172335.990,360.930
-443708.850,-1172335.760,360.950
-443709.100,-1172335.550,360.960
-443714.000,-1172329.020,360.820
-443714.300,-1172328.770,360.800
-443714.600,-1172328.510,360.780
-443714.870,-1172328.280,360.780
-443715.130,-1172328.060,360.765
-443715.410,-1172327.820,360.750
-443715.710,-1172327.560,360.710
-443716.620,-1172326.790,360.420
-443716.870,-1172326.570,360.395
-443717.120,-1172326.360,360.330
-443718.320,-1172325.340,356.130
-443718.560,-1172325.140,356.280
-443718.810,-1172324.930,356.390
-443719.050,-1172324.720,356.500
-443719.270,-1172324.530,356.620
-443719.530,-1172324.310,356.775
-443719.760,-1172324.110,356.850
-443720.000,-1172323.910,357.025
-443720.230,-1172323.720,357.155
-443720.470,-1172323.510,357.250
-443720.730,-1172323.290,357.380
-443705.370,-1172336.930,360.750
-443705.600,-1172336.740,360.760
-443705.850,-1172336.530,360.770
-443706.110,-1172336.310,360.780
-443706.390,-1172336.060,360.790
-443706.660,-1172335.830,360.810
-443706.920,-1172335.610,360.820
-443707.210,-1172335.360,360.850
-443707.470,-1172335.140,360.870
-443707.740,-1172334.910,360.880
-443708.010,-1172334.680,360.900
-443708.300,-1172334.430,360.920
-443708.550,-1172334.230,360.930
-443708.830,-1172333.980,360.950
-443709.090,-1172333.760,360.975
-443709.350,-1172333.540,360.990
-443709.600,-1172333.320,361.000
-443709.860,-1172333.110,361.030
-443710.140,-1172332.870,361.040
-443710.400,-1172332.640,361.040
-443710.660,-1172332.420,361.030
-443710.960,-1172332.170,361.020
-443711.230,-1172331.940,361.010
-443711.500,-1172331.710,361.000
-443711.650,-1172331.580,360.990
-443712.350,-1172330.980,360.920
-443712.630,-1172330.740,360.890
-443712.920,-1172330.500,360.880
-443713.220,-1172330.240,360.860
-443713.510,-1172329.990,360.840
-443713.770,-1172329.770,360.830
-443714.040,-1172329.540,360.810
-443714.320,-1172329.300,360.800
-443714.580,-1172329.080,360.790
-443714.870,-1172328.830,360.780
-443715.160,-1172328.590,360.760
-443715.430,-1172328.350,360.750
-443715.740,-1172328.090,360.725
-443718.190,-1172326.010,355.660
-443718.430,-1172325.810,355.810
-443718.670,-1172325.600,355.940
-443718.900,-1172325.400,356.060
-443719.130,-1172325.210,356.180
-443719.360,-1172325.010,356.285
-443719.610,-1172324.800,356.425
-443719.850,-1172324.590,356.570
-443720.080,-1172324.390,356.690
-443720.330,-1172324.190,356.825
-443720.560,-1172323.980,356.930
-443720.800,-1172323.780,357.095
-443705.570,-1172337.370,360.775
-443705.810,-1172337.170,360.780
-443706.070,-1172336.940,360.795
-443706.350,-1172336.710,360.810
-443706.640,-1172336.460,360.820
-443706.890,-1172336.250,360.820
-443707.160,-1172336.010,360.850
-443707.430,-1172335.780,360.860
-443707.710,-1172335.550,360.880
-443707.970,-1172335.330,360.895
-443708.230,-1172335.110,360.920
-443708.490,-1172334.880,360.930
-443708.750,-1172334.660,360.940
-443709.020,-1172334.430,360.960
-443719.500,-1172323.290,357.510
-443719.750,-1172323.070,357.600
-443719.990,-1172322.870,357.725
-443720.250,-1172322.650,357.860
-443720.470,-1172322.460,357.970
-443720.720,-1172322.250,358.120
-443705.300,-1172336.000,360.750
-443705.550,-1172335.790,360.760
-443705.790,-1172335.580,360.770
-443706.050,-1172335.350,360.780
-443706.330,-1172335.120,360.800
-443706.590,-1172334.890,360.810
-443706.880,-1172334.640,360.830
-443707.170,-1172334.400,360.850
-443707.430,-1172334.180,360.860
-443707.680,-1172333.960,360.870
-443707.950,-1172333.730,360.890
-443708.210,-1172333.510,360.910
-443708.500,-1172333.270,360.930
-443708.770,-1172333.030,360.950
-443709.030,-1172332.810,360.980
-443709.310,-1172332.570,360.990
-443709.590,-1172332.340,361.010
-443709.860,-1172332.100,361.025
-443710.120,-1172331.880,361.030
-443710.420,-1172331.620,361.030
-443710.690,-1172331.400,361.020
-443710.980,-1172331.150,361.000
-443711.230,-1172330.940,360.990
-443711.500,-1172330.710,360.970
-443711.780,-1172330.470,360.930
-443712.040,-1172330.250,360.910
-443712.340,-1172329.990,360.890
-443712.610,-1172329.760,360.880
-443712.860,-1172329.540,360.870
-443713.150,-1172329.300,360.850
-443713.410,-1172329.080,360.840
-443713.700,-1172328.830,360.830
-443714.020,-1172328.560,360.810
-443714.270,-1172328.340,360.800
-443714.540,-1172328.120,360.790
-443714.820,-1172327.880,360.780
-443715.100,-1172327.630,360.770
-443715.410,-1172327.370,360.730
-443715.760,-1172327.080,360.590
-443716.050,-1172326.820,360.480
-443716.310,-1172326.600,360.470
-443716.570,-1172326.380,360.470
-443716.810,-1172326.180,360.460
-443717.060,-1172325.960,360.450
-443718.210,-1172324.990,356.390
-443718.450,-1172324.780,356.505
-443718.690,-1172324.580,356.650
-443718.930,-1172324.370,356.780
-443719.190,-1172324.150,356.880
-443719.440,-1172323.930,357.030
-443719.680,-1172323.740,357.155
-443719.910,-1172323.540,357.260
-443720.160,-1172323.330,357.395
-443720.400,-1172323.120,357.545
-443720.630,-1172322.930,357.660
-443705.350,-1172336.400,360.750
-443705.570,-1172336.210,360.755
-443705.840,-1172335.980,360.760
-443706.120,-1172335.740,360.780
-443706.400,-1172335.500,360.800
-443706.660,-1172335.280,360.810
-443706.910,-1172335.070,360.830
-443707.180,-1172334.840,360.850
-443707.450,-1172334.600,360.860
-443707.720,-1172334.370,360.880
-443707.980,-1172334.150,360.890
-443708.250,-1172333.920,360.910
-443708.520,-1172333.690,360.930
-443708.810,-1172333.450,360.950
-443709.060,-1172333.230,360.980
-443709.350,-1172332.980,360.990
-443709.610,-1172332.770,361.010
-443709.880,-1172332.540,361.030
-443710.140,-1172332.320,361.030
-443710.410,-1172332.080,361.030
-443710.680,-1172331.860,361.020
-443710.930,-1172331.630,361.010
-443711.220,-1172331.390,361.000
-443711.500,-1172331.150,360.980
-443711.760,-1172330.930,360.970
-443712.060,-1172330.680,360.930
-443712.330,-1172330.450,360.900
-443712.630,-1172330.190,360.885
-443712.900,-1172329.960,360.870
-443713.170,-1172329.730,360.850
-443713.440,-1172329.500,360.840
-443713.730,-1172329.250,360.830
-443707.560,-1172332.870,360.870
-443707.810,-1172332.660,360.890
-443708.090,-1172332.420,360.920
-443708.360,-1172332.190,360.930
-443708.640,-1172331.950,360.950
-443708.930,-1172331.710,360.970
-443709.200,-1172331.470,360.990
-443709.460,-1172331.250,361.000
-443709.720,-1172331.030,361.020
-443709.980,-1172330.800,361.020
-443710.260,-1172330.570,361.020
-443710.540,-1172330.330,361.020
-443710.830,-1172330.080,361.010
-443711.110,-1172329.840,360.990
-443711.390,-1172329.600,360.965
-443711.690,-1172329.350,360.940
-443711.960,-1172329.120,360.920
-443712.240,-1172328.880,360.910
-443712.500,-1172328.650,360.885
-443712.800,-1172328.400,360.870
-443713.070,-1172328.170,360.860
-443713.320,-1172327.960,360.850
-443713.600,-1172327.720,360.840
-443713.860,-1172327.490,360.830
-443714.150,-1172327.250,360.810
-443714.430,-1172327.010,360.790
-443714.670,-1172326.800,360.765
-443714.880,-1172326.620,360.675
-443715.290,-1172326.280,360.560
-443715.580,-1172326.020,360.560
-443715.880,-1172325.770,360.550
-443716.140,-1172325.550,360.560
-443716.390,-1172325.340,360.590
-443716.660,-1172325.110,360.610
-443716.910,-1172324.890,360.590
-443717.920,-1172324.030,357.120
-443718.160,-1172323.830,357.220
-443718.400,-1172323.620,357.350
-443718.660,-1172323.400,357.500
-443718.900,-1172323.200,357.610
-443719.120,-1172323.010,357.735
-443719.350,-1172322.810,357.840
-443719.600,-1172322.600,357.960
-443719.860,-1172322.380,358.120
-443720.080,-1172322.190,358.215
-443720.330,-1172321.980,358.350
-443720.580,-1172321.760,358.495
-443705.250,-1172335.440,360.760
-443705.440,-1172335.280,360.765
-443705.720,-1172335.040,360.770
-443705.970,-1172334.820,360.780
-443706.250,-1172334.590,360.800
-443706.530,-1172334.350,360.810
-443706.790,-1172334.130,360.830
-443707.060,-1172333.900,360.840
-443707.330,-1172333.660,360.850
-443707.610,-1172333.430,360.870
-443707.880,-1172333.200,360.880
-443708.170,-1172332.940,360.910
-443708.440,-1172332.720,360.930
-443708.680,-1172332.510,360.950
-443708.950,-1172332.280,360.980
-443709.220,-1172332.050,360.990
-443709.490,-1172331.820,361.010
-443709.760,-1172331.590,361.020
-443710.040,-1172331.350,361.020
-443710.310,-1172331.120,361.020
-443710.590,-1172330.880,361.010
-443710.880,-1172330.640,361.000
-443711.160,-1172330.390,360.980
-443711.700,-1172329.930,360.940
-443712.000,-1172329.680,360.920
-443712.280,-1172329.440,360.900
-443712.540,-1172329.220,360.880
-443712.790,-1172329.000,360.870
-443713.060,-1172328.780,360.860
-443713.370,-1172328.510,360.850
-443713.640,-1172328.280,360.830
-443713.880,-1172328.070,360.820
-443714.190,-1172327.810,360.810
-443714.450,-1172327.580,360.800
-443714.740,-1172327.340,360.790
-443715.020,-1172327.100,360.750
-443715.290,-1172326.870,360.695
-443715.620,-1172326.590,360.550
-443715.910,-1172326.340,360.520
-443716.190,-1172326.100,360.520
-443716.480,-1172325.860,360.525
-443716.750,-1172325.620,360.540
-443716.980,-1172325.430,360.530
-443718.060,-1172324.520,356.740
-443718.290,-1172324.320,356.870
-443718.540,-1172324.110,356.975
-443718.760,-1172323.920,357.130
-443719.010,-1172323.710,357.230
-443719.270,-1172323.480,357.370
-443712.350,-1172327.580,360.920
-443712.620,-1172327.350,360.910
-443712.900,-1172327.120,360.880
-443713.130,-1172326.920,360.850
-443713.420,-1172326.670,360.790
-443713.820,-1172326.320,360.610
-443714.110,-1172326.080,360.600
-443714.370,-1172325.850,360.600
-443714.640,-1172325.630,360.600
-443714.930,-1172325.380,360.620
-443715.180,-1172325.160,360.630
-443715.460,-1172324.930,360.650
-443715.730,-1172324.700,360.690
-443715.970,-1172324.490,360.710
-443716.220,-1172324.280,360.740
-443716.500,-1172324.040,360.750
-443716.750,-1172323.820,360.745
-443717.810,-1172322.920,357.910
-443718.040,-1172322.730,358.030
-443718.290,-1172322.510,358.140
-443718.530,-1172322.310,358.270
-443718.780,-1172322.090,358.390
-443719.020,-1172321.890,358.540
-443719.260,-1172321.680,358.675
-443719.500,-1172321.480,358.760
-443719.740,-1172321.270,358.870
-443719.990,-1172321.060,358.915
-443720.250,-1172320.840,358.910
-443720.570,-1172320.560,358.880
-443705.190,-1172334.270,360.760
-443705.400,-1172334.090,360.770
-443705.670,-1172333.860,360.770
-443705.950,-1172333.620,360.780
-443706.210,-1172333.400,360.800
-443706.470,-1172333.180,360.810
-443706.720,-1172332.970,360.820
-443707.000,-1172332.720,360.840
-443707.260,-1172332.500,360.850
-443707.510,-1172332.290,360.870
-443707.790,-1172332.050,360.890
-443708.060,-1172331.820,360.920
-443708.330,-1172331.590,360.930
-443708.600,-1172331.360,360.950
-443708.870,-1172331.130,360.970
-443709.130,-1172330.900,360.980
-443709.400,-1172330.670,361.010
-443709.680,-1172330.440,361.020
-443709.960,-1172330.200,361.030
-443710.240,-1172329.960,361.030
-443710.510,-1172329.730,361.020
-443710.780,-1172329.500,361.010
-443711.070,-1172329.250,360.990
-443711.320,-1172329.040,360.970
-443711.610,-1172328.790,360.940
-443711.910,-1172328.540,360.930
-443712.180,-1172328.300,360.920
-443712.470,-1172328.060,360.900
-443712.750,-1172327.820,360.890
-443713.050,-1172327.560,360.880
-443713.310,-1172327.340,360.860
-443713.580,-1172327.100,360.840
-443713.820,-1172326.900,360.815
-443714.060,-1172326.690,360.780
-443714.460,-1172326.350,360.610
-443714.750,-1172326.110,360.590
-443715.010,-1172325.890,360.580
-443715.270,-1172325.660,360.580
-443715.540,-1172325.430,360.600
-443715.800,-1172325.210,360.620
-443716.070,-1172324.980,360.650
-443716.340,-1172324.750,360.670
-443716.600,-1172324.530,360.690
-443716.850,-1172324.310,360.690
-443718.010,-1172323.330,357.540
-443718.240,-1172323.130,357.680
-443718.480,-1172322.930,357.820
-443718.720,-1172322.720,357.950
-443718.980,-1172322.500,358.070
-443719.230,-1172322.290,358.180
-443719.470,-1172322.080,358.335
-443719.730,-1172321.860,358.495
-443719.950,-1172321.670,358.600
-443720.190,-1172321.470,358.750
-443720.410,-1172321.280,358.865
-443720.670,-1172321.050,358.870
-443705.180,-1172334.910,360.760
-443705.410,-1172334.710,360.760
-443705.700,-1172334.460,360.770
-443705.950,-1172334.250,360.780
-443706.200,-1172334.030,360.800
-443706.480,-1172333.790,360.810
-443706.740,-1172333.570,360.830
-443707.020,-1172333.340,360.840
-443707.300,-1172333.090,360.860
-443718.110,-1172321.370,358.960
-443718.340,-1172321.170,358.970
-443718.590,-1172320.960,359.000
-443718.890,-1172320.700,359.020
-443719.150,-1172320.480,359.010
-443719.410,-1172320.260,359.000
-443719.760,-1172319.960,358.950
-443720.090,-1172319.680,358.765
-443720.430,-1172319.390,358.550
-443705.130,-1172333.030,360.750
-443705.400,-1172332.800,360.770
-443705.660,-1172332.580,360.780
-443705.940,-1172332.340,360.800
-443706.220,-1172332.100,360.810
-443706.500,-1172331.860,360.820
-443706.760,-1172331.640,360.840
-443707.020,-1172331.410,360.850
-443707.290,-1172331.190,360.870
-443707.570,-1172330.950,360.880
-443707.840,-1172330.720,360.905
-443708.090,-1172330.510,360.920
-443708.350,-1172330.280,360.940
-443708.610,-1172330.060,360.960
-443708.890,-1172329.820,360.980
-443709.140,-1172329.610,360.990
-443709.400,-1172329.380,361.010
-443709.680,-1172329.140,361.030
-443709.940,-1172328.920,361.030
-443710.210,-1172328.690,361.035
-443710.520,-1172328.430,361.020
-443710.790,-1172328.200,361.000
-443711.050,-1172327.970,360.990
-443711.330,-1172327.730,360.970
-443711.630,-1172327.480,360.950
-443711.910,-1172327.240,360.930
-443712.160,-1172327.030,360.910
-443712.450,-1172326.780,360.870
-443712.850,-1172326.440,360.615
-443713.100,-1172326.220,360.610
-443713.360,-1172326.000,360.610
-443713.650,-1172325.750,360.610
-443713.920,-1172325.520,360.620
-443714.180,-1172325.300,360.640
-443714.460,-1172325.060,360.655
-443714.750,-1172324.820,360.670
-443715.010,-1172324.590,360.700
-443715.260,-1172324.380,360.730
-443715.540,-1172324.140,360.760
-443715.810,-1172323.910,360.800
-443716.080,-1172323.680,360.835
-443716.330,-1172323.460,360.840
-443716.590,-1172323.240,360.845
-443717.580,-1172322.400,358.320
-443717.800,-1172322.220,358.420
-443718.040,-1172322.000,358.520
-443718.290,-1172321.790,358.685
-443718.520,-1172321.600,358.760
-443718.760,-1172321.390,358.910
-443718.990,-1172321.190,358.970
-443719.250,-1172320.970,359.000
-443719.540,-1172320.720,359.000
-443719.860,-1172320.450,358.980
-443720.170,-1172320.190,358.890
-443720.520,-1172319.890,358.715
-443705.060,-1172333.800,360.760
-443705.290,-1172333.610,360.760
-443705.570,-1172333.370,360.780
-443705.840,-1172333.150,360.780
-443706.090,-1172332.930,360.800
-443706.370,-1172332.690,360.810
-443706.620,-1172332.470,360.830
-443706.910,-1172332.230,360.840
-443707.180,-1172331.990,360.850
-443707.440,-1172331.770,360.870
-443707.690,-1172331.560,360.880
-443707.960,-1172331.330,360.910
-443708.230,-1172331.100,360.920
-443708.490,-1172330.880,360.940
-443708.760,-1172330.640,360.970
-443709.040,-1172330.410,360.980
-443709.280,-1172330.200,361.005
-443709.560,-1172329.960,361.020
-443709.840,-1172329.730,361.035
-443710.090,-1172329.510,361.030
-443710.370,-1172329.280,361.030
-443710.670,-1172329.020,361.015
-443710.930,-1172328.790,360.990
-443711.230,-1172328.540,360.970
-443711.530,-1172328.280,360.950
-443711.820,-1172328.040,360.940
-443712.070,-1172327.820,360.930
-443706.980,-1172330.350,360.860
-443707.270,-1172330.100,360.870
-443707.550,-1172329.870,360.900
-443707.800,-1172329.650,360.910
-443708.070,-1172329.420,360.920
-443708.360,-1172329.170,360.940
-443708.640,-1172328.930,360.960
-443708.900,-1172328.710,360.980
-443709.170,-1172328.480,361.000
-443709.430,-1172328.250,361.020
-443709.710,-1172328.020,361.030
-443709.960,-1172327.800,361.030
-443710.220,-1172327.580,361.030
-443710.510,-1172327.330,361.020
-443710.750,-1172327.130,360.990
-443711.450,-1172326.530,360.620
-443711.710,-1172326.310,360.620
-443711.970,-1172326.080,360.620
-443712.230,-1172325.860,360.630
-443712.500,-1172325.630,360.640
-443712.790,-1172325.380,360.670
-443713.050,-1172325.170,360.680
-443713.300,-1172324.950,360.700
-443713.590,-1172324.700,360.730
-443713.870,-1172324.460,360.740
-443714.140,-1172324.230,360.770
-443714.410,-1172324.000,360.805
-443714.680,-1172323.770,360.830
-443714.930,-1172323.550,360.865
-443715.180,-1172323.340,360.895
-443715.450,-1172323.110,360.940
-443715.700,-1172322.890,361.070
-443715.950,-1172322.690,361.190
-443716.170,-1172322.490,361.240
-443716.420,-1172322.280,361.270
-443717.390,-1172321.460,358.970
-443717.620,-1172321.260,359.000
-443717.880,-1172321.040,359.000
-443718.190,-1172320.770,359.000
-443718.460,-1172320.540,359.000
-443718.770,-1172320.280,359.020
-443719.020,-1172320.060,358.980
-443719.260,-1172319.850,358.950
-443719.570,-1172319.590,358.890
-443719.890,-1172319.320,358.770
-443720.230,-1172319.030,358.570
-443705.030,-1172332.540,360.750
-443705.300,-1172332.320,360.760
-443705.550,-1172332.100,360.780
-443705.810,-1172331.880,360.790
-443706.100,-1172331.630,360.800
-443706.370,-1172331.400,360.820
-443706.630,-1172331.180,360.840
-443706.920,-1172330.930,360.850
-443707.190,-1172330.700,360.870
-443707.440,-1172330.480,360.880
-443707.710,-1172330.260,360.900
-443707.980,-1172330.020,360.920
-443708.250,-1172329.790,360.940
-443708.530,-1172329.560,360.960
-443708.780,-1172329.340,360.970
-443709.050,-1172329.110,360.990
-443709.310,-1172328.890,361.010
-443709.570,-1172328.670,361.020
-443709.840,-1172328.430,361.030
-443710.120,-1172328.200,361.030
-443710.390,-1172327.970,361.030
-443710.660,-1172327.740,361.010
-443710.930,-1172327.510,360.985
-443711.210,-1172327.260,360.960
-443711.480,-1172327.030,360.930
-443711.780,-1172326.780,360.680
-443712.140,-1172326.470,360.620
-443712.430,-1172326.220,360.620
-443712.700,-1172325.990,360.620
-443712.980,-1172325.750,360.620
-443713.260,-1172325.510,360.640
-443713.540,-1172325.280,360.660
-443713.800,-1172325.050,360.670
-443714.070,-1172324.820,360.690
-443714.320,-1172324.600,360.730
-443714.600,-1172324.370,360.745
-443714.870,-1172324.140,360.770
-443715.130,-1172323.910,360.800
-443715.400,-1172323.680,360.830
-443715.670,-1172323.450,360.870
-443715.940,-1172323.220,360.910
-443716.190,-1172323.010,360.940
-443716.440,-1172322.790,360.970
-443716.660,-1172322.610,360.940
-443717.390,-1172321.990,358.645
-443717.640,-1172321.770,358.700
-443717.870,-1172321.580,358.850
-443712.150,-1172324.810,360.750
-443712.410,-1172324.590,360.780
-443712.670,-1172324.370,360.800
-443712.920,-1172324.150,360.830
-443713.200,-1172323.910,360.850
-443713.460,-1172323.690,360.880
-443713.720,-1172323.470,360.920
-443713.970,-1172323.250,360.965
-443714.220,-1172323.040,361.080
-443714.480,-1172322.820,361.190
-443714.710,-1172322.620,361.335
-443714.940,-1172322.430,361.460
-443715.180,-1172322.220,361.560
-443715.420,-1172322.010,361.720
-443715.660,-1172321.810,361.815
-443715.910,-1172321.600,361.835
-443716.170,-1172321.370,361.810
-443716.410,-1172321.170,361.690
-443717.590,-1172320.170,358.875
-443718.170,-1172319.660,358.795
-443718.460,-1172319.420,358.830
-443718.700,-1172319.210,358.860
-443718.930,-1172319.020,358.900
-443719.180,-1172318.800,358.900
-443719.520,-1172318.510,358.880
-443719.860,-1172318.220,358.720
-443720.190,-1172317.940,358.495
-443704.870,-1172331.700,360.750
-443705.120,-1172331.490,360.750
-443705.410,-1172331.240,360.765
-443705.650,-1172331.030,360.780
-443705.920,-1172330.800,360.800
-443706.210,-1172330.560,360.810
-443706.480,-1172330.320,360.830
-443706.760,-1172330.090,360.840
-443707.030,-1172329.860,360.860
-443707.310,-1172329.620,360.880
-443707.570,-1172329.390,360.890
-443707.800,-1172329.200,360.910
-443708.090,-1172328.950,360.920
-443708.370,-1172328.710,360.940
-443708.640,-1172328.480,360.960
-443708.900,-1172328.250,360.980
-443709.180,-1172328.020,361.000
-443709.460,-1172327.780,361.020
-443709.720,-1172327.550,361.030
-443709.980,-1172327.330,361.040
-443710.270,-1172327.090,361.030
-443710.670,-1172326.740,360.970
-443710.940,-1172326.510,360.650
-443711.200,-1172326.290,360.630
-443711.470,-1172326.060,360.620
-443711.740,-1172325.830,360.640
-443711.970,-1172325.630,360.650
-443712.260,-1172325.380,360.680
-443712.520,-1172325.160,360.700
-443712.780,-1172324.940,360.730
-443713.060,-1172324.700,360.740
-443713.310,-1172324.480,360.770
-443713.590,-1172324.250,360.795
-443713.870,-1172324.010,360.830
-443714.120,-1172323.790,360.840
-443714.380,-1172323.570,360.875
-443714.660,-1172323.340,360.915
-443714.920,-1172323.110,360.980
-443715.170,-1172322.900,361.110
-443715.410,-1172322.690,361.220
-443715.650,-1172322.480,361.350
-443715.890,-1172322.280,361.420
-443716.120,-1172322.080,361.515
-443716.350,-1172321.890,361.550
-443716.570,-1172321.690,361.415
-443717.330,-1172321.050,359.030
-443717.640,-1172320.790,359.010
-443717.930,-1172320.540,358.990
-443718.250,-1172320.260,358.945
-443718.550,-1172320.010,358.930
-443718.830,-1172319.770,358.940
-443719.060,-1172319.570,358.930
-443719.300,-1172319.360,358.900
-443719.630,-1172319.090,358.860
-443719.970,-1172318.790,358.675
-443720.300,-1172318.520,358.490
-443704.860,-1172332.160,360.750
-443705.100,-1172331.960,360.750
-443705.380,-1172331.720,360.770
-443705.660,-1172331.480,360.780
-443705.930,-1172331.250,360.800
-443706.210,-1172331.010,360.810
-443706.470,-1172330.780,360.830
-443706.730,-1172330.560,360.840
-443717.480,-1172318.970,358.530
-443717.770,-1172318.720,358.535
-443718.020,-1172318.510,358.570
-443718.250,-1172318.310,358.630
-443718.490,-1172318.110,358.705
-443718.740,-1172317.890,358.760
-443719.060,-1172317.620,358.720
-443719.370,-1172317.350,358.590
-443719.690,-1172317.070,358.405
-443720.000,-1172316.810,358.230
-443720.310,-1172316.540,358.070
-443704.700,-1172330.560,360.740
-443704.950,-1172330.350,360.750
-443705.200,-1172330.140,360.760
-443705.470,-1172329.910,360.770
-443705.740,-1172329.680,360.790
-443706.010,-1172329.450,360.800
-443706.270,-1172329.230,360.810
-443706.540,-1172328.990,360.820
-443706.810,-1172328.760,360.840
-443707.090,-1172328.520,360.860
-443707.360,-1172328.290,360.880
-443707.620,-1172328.070,360.900
-443707.870,-1172327.850,360.910
-443708.150,-1172327.610,360.930
-443708.420,-1172327.380,360.950
-443708.710,-1172327.140,360.970
-443708.990,-1172326.900,360.980
-443709.260,-1172326.660,361.010
-443709.510,-1172326.450,361.020
-443709.770,-1172326.230,361.010
-443710.060,-1172325.980,360.730
-443710.420,-1172325.670,360.720
-443710.700,-1172325.430,360.720
-443710.960,-1172325.210,360.740
-443711.230,-1172324.980,360.770
-443711.510,-1172324.740,360.790
-443711.790,-1172324.500,360.810
-443712.050,-1172324.280,360.830
-443712.320,-1172324.050,360.850
-443712.580,-1172323.830,360.880
-443712.860,-1172323.590,360.920
-443713.110,-1172323.370,360.960
-443713.360,-1172323.160,361.080
-443713.570,-1172322.980,361.210
-443713.820,-1172322.770,361.320
-443714.060,-1172322.560,361.480
-443714.290,-1172322.360,361.580
-443714.520,-1172322.160,361.710
-443714.760,-1172321.960,361.820
-443714.990,-1172321.760,361.880
-443715.240,-1172321.550,361.890
-443715.490,-1172321.330,361.895
-443715.770,-1172321.090,361.850
-443716.390,-1172320.570,361.110
-443717.240,-1172319.850,358.780
-443717.540,-1172319.580,358.690
-443717.860,-1172319.320,358.660
-443718.140,-1172319.080,358.660
-443718.390,-1172318.860,358.705
-443718.620,-1172318.660,358.840
-443718.850,-1172318.470,358.880
-443719.070,-1172318.270,358.850
-443719.430,-1172317.970,358.780
-443719.750,-1172317.690,358.600
-443720.080,-1172317.410,358.420
-443704.780,-1172331.120,360.750
-443705.010,-1172330.920,360.750
-443705.280,-1172330.690,360.760
-443705.550,-1172330.460,360.780
-443705.800,-1172330.240,360.790
-443706.090,-1172330.000,360.800
-443706.380,-1172329.740,360.820
-443706.640,-1172329.530,360.840
-443706.880,-1172329.320,360.850
-443707.160,-1172329.080,360.860
-443707.440,-1172328.840,360.890
-443707.710,-1172328.610,360.900
-443707.990,-1172328.370,360.920
-443708.280,-1172328.120,360.930
-443708.530,-1172327.910,360.950
-443708.780,-1172327.700,360.970
-443709.040,-1172327.480,360.980
-443709.330,-1172327.220,361.010
-443709.610,-1172326.990,361.020
-443709.850,-1172326.780,361.020
-443710.140,-1172326.530,361.010
-443710.550,-1172326.180,360.690
-443710.820,-1172325.950,360.650
-443711.080,-1172325.730,360.660
-443711.360,-1172325.490,360.690
-443711.620,-1172325.270,360.710
-443711.890,-1172325.040,360.740
-443705.480,-1172328.680,360.780
-443705.730,-1172328.460,360.790
-443706.030,-1172328.210,360.800
-443706.270,-1172328.000,360.810
-443706.550,-1172327.760,360.830
-443706.810,-1172327.540,360.840
-443707.070,-1172327.310,360.870
-443707.330,-1172327.100,360.890
-443707.590,-1172326.870,360.910
-443707.880,-1172326.620,360.940
-443708.130,-1172326.410,360.950
-443708.390,-1172326.190,360.960
-443708.640,-1172325.970,360.960
-443708.910,-1172325.740,360.960
-443709.300,-1172325.400,360.780
-443709.570,-1172325.170,360.770
-443709.840,-1172324.950,360.780
-443710.070,-1172324.750,360.810
-443710.330,-1172324.530,360.840
-443710.600,-1172324.300,360.870
-443710.890,-1172324.050,360.890
-443711.160,-1172323.820,360.920
-443711.420,-1172323.590,360.960
-443711.680,-1172323.370,361.020
-443711.910,-1172323.170,361.130
-443712.140,-1172322.980,361.270
-443712.380,-1172322.770,361.365
-443712.640,-1172322.550,361.530
-443712.870,-1172322.350,361.685
-443713.110,-1172322.150,361.790
-443713.350,-1172321.940,361.875
-443713.600,-1172321.720,361.900
-443713.830,-1172321.520,361.890
-443714.160,-1172321.240,361.880
-443714.480,-1172320.970,361.830
-443714.820,-1172320.680,361.560
-443715.150,-1172320.400,361.420
-443715.460,-1172320.140,361.200
-443715.790,-1172319.850,360.940
-443716.080,-1172319.600,360.590
-443717.040,-1172318.780,358.460
-443717.330,-1172318.540,358.420
-443717.610,-1172318.300,358.425
-443717.850,-1172318.090,358.470
-443718.070,-1172317.900,358.500
-443718.310,-1172317.690,358.545
-443718.630,-1172317.420,358.560
-443718.930,-1172317.170,358.490
-443719.240,-1172316.910,358.360
-443719.570,-1172316.620,358.210
-443719.910,-1172316.330,358.005
-443720.230,-1172316.060,357.870
-443704.600,-1172329.980,360.740
-443704.840,-1172329.770,360.750
-443705.120,-1172329.540,360.760
-443705.390,-1172329.300,360.770
-443705.630,-1172329.100,360.780
-443705.910,-1172328.860,360.790
-443706.170,-1172328.640,360.805
-443706.420,-1172328.430,360.820
-443706.710,-1172328.180,360.840
-443706.960,-1172327.960,360.850
-443707.220,-1172327.740,360.870
-443707.490,-1172327.510,360.890
-443707.760,-1172327.280,360.910
-443708.040,-1172327.040,360.930
-443708.330,-1172326.800,360.950
-443708.570,-1172326.590,360.980
-443708.820,-1172326.370,360.980
-443709.110,-1172326.130,361.000
-443709.380,-1172325.890,360.985
-443709.650,-1172325.660,360.775
-443710.040,-1172325.330,360.740
-443710.310,-1172325.100,360.760
-443710.550,-1172324.890,360.790
-443710.810,-1172324.670,360.815
-443711.080,-1172324.440,360.840
-443711.350,-1172324.210,360.860
-443711.620,-1172323.980,360.880
-443711.880,-1172323.750,360.920
-443712.170,-1172323.510,360.945
-443712.430,-1172323.290,361.060
-443712.660,-1172323.080,361.130
-443712.900,-1172322.880,361.290
-443713.160,-1172322.660,361.425
-443713.380,-1172322.470,361.550
-443713.610,-1172322.270,361.680
-443713.860,-1172322.060,361.830
-443714.090,-1172321.860,361.875
-443714.310,-1172321.670,361.900
-443714.550,-1172321.470,361.905
-443714.870,-1172321.190,361.880
-443715.170,-1172320.940,361.805
-443715.500,-1172320.660,361.640
-443715.850,-1172320.360,361.340
-443716.150,-1172320.100,360.995
-443717.180,-1172319.230,358.580
-443709.900,-1172323.620,361.080
-443710.150,-1172323.400,361.180
-443710.380,-1172323.200,361.330
-443710.620,-1172322.990,361.500
-443710.860,-1172322.790,361.660
-443711.120,-1172322.570,361.760
-443711.360,-1172322.370,361.870
-443711.590,-1172322.160,361.900
-443711.820,-1172321.970,361.930
-443712.050,-1172321.770,361.930
-443712.350,-1172321.510,361.900
-443712.700,-1172321.220,361.820
-443713.040,-1172320.930,361.670
-443713.380,-1172320.640,361.490
-443713.700,-1172320.360,361.285
-443714.010,-1172320.100,361.080
-443714.320,-1172319.830,360.845
-443714.660,-1172319.540,360.690
-443715.010,-1172319.240,360.600
-443715.330,-1172318.960,360.455
-443715.670,-1172318.670,359.970
-443716.000,-1172318.390,359.390
-443716.780,-1172317.730,358.210
-443717.060,-1172317.490,358.175
-443717.300,-1172317.280,358.160
-443717.540,-1172317.080,358.150
-443717.850,-1172316.810,358.135
-443718.150,-1172316.550,358.040
-443718.480,-1172316.270,357.880
-443718.780,-1172316.020,357.830
-443719.080,-1172315.760,357.740
-443719.400,-1172315.490,357.630
-443704.610,-1172328.730,360.730
-443704.860,-1172328.510,360.750
-443705.160,-1172328.260,360.770
-443705.430,-1172328.030,360.780
-443705.690,-1172327.810,360.790
-443705.980,-1172327.560,360.800
-443706.250,-1172327.320,360.820
-443706.520,-1172327.100,360.840
-443706.780,-1172326.870,360.860
-443707.070,-1172326.620,360.880
-443707.310,-1172326.420,360.900
-443707.590,-1172326.180,360.920
-443707.850,-1172325.960,360.920
-443708.100,-1172325.740,360.890
-443708.470,-1172325.420,360.780
-443708.720,-1172325.210,360.770
-443708.990,-1172324.980,360.780
-443709.250,-1172324.750,360.805
-443709.490,-1172324.550,360.840
-443709.770,-1172324.310,360.880
-443710.020,-1172324.100,360.920
-443710.280,-1172323.880,360.960
-443710.550,-1172323.640,361.000
-443710.800,-1172323.430,361.070
-443711.040,-1172323.230,361.200
-443711.290,-1172323.010,361.320
-443711.530,-1172322.810,361.450
-443711.780,-1172322.590,361.645
-443712.030,-1172322.380,361.760
-443712.270,-1172322.170,361.825
-443712.490,-1172321.980,361.910
-443712.740,-1172321.770,361.910
-443712.970,-1172321.570,361.915
-443713.300,-1172321.290,361.880
-443713.630,-1172321.010,361.745
-443713.960,-1172320.720,361.560
-443714.290,-1172320.440,361.360
-443714.630,-1172320.150,361.140
-443714.980,-1172319.850,360.930
-443715.300,-1172319.580,360.780
-443715.650,-1172319.280,360.590
-443715.950,-1172319.020,360.095
-443716.830,-1172318.270,358.320
-443717.100,-1172318.040,358.290
-443717.370,-1172317.810,358.290
-443717.600,-1172317.610,358.290
-443717.830,-1172317.410,358.320
-443718.110,-1172317.170,358.320
-443718.410,-1172316.920,358.270
-443718.730,-1172316.650,358.130
-443719.070,-1172316.360,357.955
-443719.370,-1172316.100,357.870
-443719.700,-1172315.820,357.780
-443720.020,-1172315.540,357.690
-443704.450,-1172329.560,360.730
-443704.640,-1172329.400,360.730
-443704.920,-1172329.160,360.750
-443705.200,-1172328.910,360.760
-443711.960,-1172320.820,361.495
-443712.290,-1172320.530,361.300
-443712.620,-1172320.250,361.080
-443712.930,-1172319.980,360.875
-443713.270,-1172319.700,360.695
-443713.560,-1172319.440,360.610
-443713.850,-1172319.190,360.580
-443714.140,-1172318.950,360.550
-443714.400,-1172318.720,360.500
-443714.680,-1172318.480,360.460
-443715.250,-1172318.000,359.630
-443715.600,-1172317.700,359.035
-443715.920,-1172317.430,358.670
-443716.550,-1172316.880,358.000
-443716.810,-1172316.670,357.900
-443717.080,-1172316.440,357.820
-443717.390,-1172316.170,357.790
-443717.700,-1172315.900,357.750
-443718.020,-1172315.630,357.675
-443704.430,-1172327.710,360.705
-443704.710,-1172327.470,360.760
-443704.980,-1172327.240,360.770
-443705.250,-1172327.010,360.790
-443705.530,-1172326.770,360.810
-443705.820,-1172326.520,360.820
-443706.060,-1172326.310,360.830
-443706.270,-1172326.130,360.830
-443706.630,-1172325.820,360.820
-443706.950,-1172325.560,360.795
-443707.200,-1172325.340,360.780
-443707.470,-1172325.110,360.800
-443707.720,-1172324.890,360.800
-443708.000,-1172324.660,360.830
-443708.250,-1172324.440,360.875
-443708.520,-1172324.200,360.930
-443708.780,-1172323.990,360.980
-443709.040,-1172323.760,361.060
-443709.290,-1172323.550,361.140
-443709.530,-1172323.340,361.250
-443709.770,-1172323.140,361.395
-443709.970,-1172322.970,361.560
-443710.160,-1172322.800,361.680
-443710.440,-1172322.570,361.870
-443710.720,-1172322.330,361.950
-443710.940,-1172322.130,361.995
-443711.170,-1172321.940,362.010
-443711.420,-1172321.720,361.990
-443711.750,-1172321.440,361.945
-443712.060,-1172321.170,361.800
-443712.420,-1172320.870,361.530
-443712.740,-1172320.590,361.400
-443713.050,-1172320.330,361.210
-443713.400,-1172320.030,360.940
-443713.730,-1172319.750,360.810
-443714.080,-1172319.450,360.620
-443714.350,-1172319.210,360.590
-443714.640,-1172318.970,360.550
-443715.050,-1172318.620,360.440
-443715.400,-1172318.310,359.950
-443715.720,-1172318.040,359.235
-443716.730,-1172317.180,358.085
-443716.980,-1172316.960,358.010
-443717.220,-1172316.760,357.960
-443717.560,-1172316.470,357.910
-443717.890,-1172316.180,357.840
-443718.190,-1172315.930,357.770
-443718.510,-1172315.650,357.690
-443718.800,-1172315.400,357.610
-443704.530,-1172328.210,360.720
-443704.810,-1172327.970,360.760
-443705.060,-1172327.760,360.770
-443705.340,-1172327.520,360.780
-443705.610,-1172327.290,360.790
-443705.860,-1172327.080,360.810
-443706.140,-1172326.830,360.830
-443706.420,-1172326.590,360.840
-443706.680,-1172326.370,360.850
-443707.590,-1172325.590,360.780
-443707.850,-1172325.370,360.780
-443708.120,-1172325.140,360.780
-443708.370,-1172324.930,360.785
-443708.640,-1172324.700,360.820
-443708.890,-1172324.480,360.850
-443709.130,-1172324.270,360.900
-443709.380,-1172324.060,360.950
-443709.660,-1172323.820,360.995
-443711.690,-1172319.890,360.690
-443712.010,-1172319.620,360.630
-443712.290,-1172319.370,360.590
-443712.580,-1172319.130,360.560
-443712.860,-1172318.890,360.520
-443713.140,-1172318.650,360.500
-443713.410,-1172318.410,360.470
-443713.700,-1172318.170,360.440
-443713.960,-1172317.940,360.425
-443714.230,-1172317.710,360.400
-443714.530,-1172317.460,360.340
-443715.320,-1172316.780,358.640
-443715.630,-1172316.510,357.990
-443716.400,-1172315.850,357.680
-443704.110,-1172326.920,360.615
-443704.330,-1172326.730,360.680
-443704.590,-1172326.510,360.770
-443704.780,-1172326.350,360.785
-443705.040,-1172326.120,360.820
-443706.180,-1172325.140,360.830
-443706.480,-1172324.890,360.860
-443706.750,-1172324.660,360.910
-443706.990,-1172324.450,360.950
-443707.240,-1172324.230,361.000
-443707.510,-1172324.010,361.050
-443707.780,-1172323.780,361.130
-443708.020,-1172323.570,361.240
-443708.270,-1172323.350,361.385
-443708.530,-1172323.130,361.480
-443708.740,-1172322.950,361.600
-443708.980,-1172322.750,361.765
-443709.210,-1172322.550,361.900
-443709.470,-1172322.330,361.930
-443709.700,-1172322.120,361.940
-443709.950,-1172321.910,361.970
-443710.290,-1172321.620,362.040
-443710.560,-1172321.390,362.040
-443711.610,-1172320.490,361.160
-443711.930,-1172320.220,360.950
-443712.260,-1172319.940,360.780
-443712.580,-1172319.660,360.650
-443712.860,-1172319.420,360.600
-443713.130,-1172319.190,360.580
-443713.400,-1172318.960,360.550
-443713.680,-1172318.720,360.510
-443713.970,-1172318.470,360.490
-443714.240,-1172318.240,360.455
-443714.520,-1172318.000,360.420
-443715.190,-1172317.430,359.180
-443715.530,-1172317.140,358.680
-443715.870,-1172316.850,358.110
-443716.360,-1172316.420,357.835
-443716.630,-1172316.190,357.770
-443716.970,-1172315.900,357.690
-443717.290,-1172315.630,357.610
-443704.260,-1172327.410,360.645
-443704.480,-1172327.220,360.710
-443704.760,-1172326.980,360.770
-443705.030,-1172326.750,360.780
-443705.290,-1172326.530,360.810
-443705.520,-1172326.340,360.820
-443705.780,-1172326.110,360.840
-443706.420,-1172325.560,360.830
-443706.710,-1172325.320,360.820
-443706.980,-1172325.080,360.820
-443707.240,-1172324.860,360.830
-443707.500,-1172324.630,360.875
-443707.760,-1172324.410,360.930
-443708.000,-1172324.210,360.955
-443708.250,-1172323.990,361.010
-443708.520,-1172323.760,361.080
-443708.780,-1172323.540,361.180
-443709.000,-1172323.350,361.290
-443709.250,-1172323.140,361.400
-443709.510,-1172322.920,361.640
-443709.730,-1172322.720,361.785
-443709.940,-1172322.550,361.890
-443710.220,-1172322.310,361.925
-443710.460,-1172322.100,361.990
-443710.720,-1172321.880,362.040
-443711.010,-1172321.620,362.050
-443711.300,-1172321.380,362.030
-443711.640,-1172321.090,361.785
-443707.990,-1172321.920,361.920
-443708.300,-1172321.660,361.870
-443708.640,-1172321.370,361.640
-443708.970,-1172321.090,361.460
-443709.310,-1172320.790,361.210
-443709.630,-1172320.510,361.000
-443709.950,-1172320.240,360.795
-443710.260,-1172319.980,360.660
-443710.570,-1172319.710,360.610
-443710.850,-1172319.480,360.590
-443711.150,-1172319.220,360.560
-443711.450,-1172318.950,360.530
-443711.730,-1172318.720,360.490
-443712.000,-1172318.480,360.460
-443712.270,-1172318.250,360.440
-443712.550,-1172318.020,360.410
-443712.840,-1172317.770,360.390
-443713.120,-1172317.520,360.360
-443713.400,-1172317.290,360.340
-443713.690,-1172317.040,360.330
-443713.980,-1172316.790,360.310
-443714.280,-1172316.530,360.270
-443715.270,-1172315.680,357.810
-443715.600,-1172315.410,357.635
-443706.190,-1172324.020,361.095
-443706.450,-1172323.790,361.210
-443706.700,-1172323.580,361.340
-443706.920,-1172323.390,361.430
-443707.160,-1172323.190,361.560
-443707.410,-1172322.970,361.670
-443707.650,-1172322.760,361.830
-443707.880,-1172322.560,361.900
-443708.140,-1172322.350,361.920
-443708.360,-1172322.160,361.920
-443708.660,-1172321.900,361.915
-443708.980,-1172321.630,361.885
-443709.330,-1172321.330,361.750
-443709.680,-1172321.030,361.590
-443709.990,-1172320.760,361.300
-443710.340,-1172320.450,361.050
-443710.660,-1172320.180,360.820
-443710.960,-1172319.930,360.670
-443711.250,-1172319.680,360.630
-443711.540,-1172319.430,360.590
-443711.850,-1172319.170,360.565
-443712.110,-1172318.950,360.535
-443712.400,-1172318.690,360.505
-443712.700,-1172318.440,360.470
-443712.990,-1172318.190,360.440
-443713.250,-1172317.960,360.420
-443713.540,-1172317.710,360.400
-443713.820,-1172317.480,360.380
-443714.110,-1172317.230,360.350
-443714.370,-1172317.010,360.310
-443715.280,-1172316.230,358.020
-443715.610,-1172315.940,357.780
-443715.880,-1172315.720,357.670
-443704.090,-1172326.410,360.630
-443706.130,-1172324.660,360.950
-443706.410,-1172324.420,360.990
-443706.660,-1172324.200,361.040
-443706.910,-1172323.990,361.090
-443707.170,-1172323.760,361.200
-443707.420,-1172323.550,361.295
-443707.650,-1172323.350,361.420
-443707.880,-1172323.150,361.510
-443708.140,-1172322.930,361.655
-443708.380,-1172322.730,361.805
-443708.640,-1172322.510,361.910
-443708.870,-1172322.310,361.910
-443709.120,-1172322.090,361.960
-443709.420,-1172321.840,361.945
-443709.710,-1172321.590,361.970
-443710.040,-1172321.310,362.000
-443710.260,-1172321.110,361.900
-443711.030,-1172320.450,361.100
-443711.370,-1172320.170,360.865
-443705.820,-1172322.370,361.960
-443706.130,-1172322.100,361.935
-443706.440,-1172321.840,361.870
-443706.770,-1172321.560,361.680
-443707.110,-1172321.270,361.460
-443707.450,-1172320.980,361.270
-443707.770,-1172320.700,361.020
-443708.100,-1172320.410,360.795
-443708.430,-1172320.130,360.650
-443708.730,-1172319.880,360.620
-443708.990,-1172319.650,360.580
-443709.260,-1172319.420,360.550
-443709.540,-1172319.180,360.530
-443709.810,-1172318.950,360.500
-443710.100,-1172318.700,360.470
-443710.370,-1172318.470,360.440
-443710.640,-1172318.230,360.410
-443710.950,-1172317.970,360.380
-443711.200,-1172317.760,360.370
-443711.500,-1172317.500,360.340
-443711.790,-1172317.250,360.315
-443712.070,-1172317.010,360.290
-443712.330,-1172316.780,360.260
-443712.620,-1172316.540,360.250
-443712.920,-1172316.280,360.240
-443713.190,-1172316.050,360.240
-443713.490,-1172315.790,360.240
-443705.950,-1172322.890,361.955
-443706.170,-1172322.700,361.940
-443706.420,-1172322.490,361.950
-443706.690,-1172322.250,361.965
-443707.000,-1172321.990,361.930
-443707.320,-1172321.710,361.825
-443707.630,-1172321.450,361.670
-443707.960,-1172321.160,361.410
-443708.270,-1172320.900,361.260
-443708.580,-1172320.630,361.020
-443708.930,-1172320.340,360.810
-443709.260,-1172320.050,360.650
-443709.540,-1172319.820,360.620
-443709.830,-1172319.570,360.590
-443710.090,-1172319.340,360.560
-443710.390,-1172319.080,360.530
-443710.680,-1172318.840,360.500
-443710.940,-1172318.610,360.470
-443711.220,-1172318.370,360.450
-443711.520,-1172318.120,360.410
-443711.800,-1172317.880,360.380
-443712.090,-1172317.630,360.360
-443712.390,-1172317.370,360.340
-443712.680,-1172317.120,360.320
-443712.940,-1172316.900,360.290
-443713.210,-1172316.660,360.270
-443713.480,-1172316.430,360.260
-443713.780,-1172316.180,360.250
-443714.050,-1172315.940,360.250
-443714.350,-1172315.680,360.220
-443706.000,-1172323.630,361.370
-443706.240,-1172323.420,361.520
-443706.500,-1172323.200,361.615
-443706.730,-1172323.000,361.800
-443706.970,-1172322.800,361.865
-443707.190,-1172322.610,361.930
-443707.410,-1172322.420,361.950
-443707.670,-1172322.200,361.930
-443705.720,-1172321.320,361.410
-443706.040,-1172321.050,361.200
-443706.400,-1172320.740,360.925
-443706.720,-1172320.460,360.775
-443707.040,-1172320.190,360.630
-443707.320,-1172319.950,360.600
-443707.610,-1172319.710,360.580
-443707.870,-1172319.480,360.560
-443708.140,-1172319.250,360.520
-443708.430,-1172319.000,360.480
-443708.730,-1172318.740,360.450
-443709.010,-1172318.500,360.420
-443709.290,-1172318.260,360.400
-443709.590,-1172318.000,360.370
-443709.870,-1172317.760,360.350
-443710.140,-1172317.530,360.320
-443710.440,-1172317.270,360.280
-443710.710,-1172317.040,360.270
-443711.000,-1172316.790,360.240
-443711.270,-1172316.560,360.235
-443711.540,-1172316.330,360.225
-443711.800,-1172316.100,360.220
-443712.100,-1172315.840,360.220
-443705.770,-1172321.790,361.760
-443706.050,-1172321.550,361.610
-443706.380,-1172321.270,361.415
-443706.700,-1172320.990,361.170
-443707.040,-1172320.700,360.980
-443707.360,-1172320.430,360.740
-443707.670,-1172320.160,360.640
-443707.970,-1172319.910,360.610
-443708.270,-1172319.650,360.580
-443708.550,-1172319.410,360.540
-443708.810,-1172319.180,360.520
-443709.130,-1172318.910,360.480
-443709.370,-1172318.700,360.450
-443709.670,-1172318.440,360.425
-443709.940,-1172318.210,360.400
-443710.220,-1172317.970,360.370
-443710.490,-1172317.740,360.355
-443710.750,-1172317.510,360.330
-443711.050,-1172317.260,360.310
-443711.320,-1172317.030,360.280
-443711.590,-1172316.800,360.260
-443711.890,-1172316.540,360.245
-443712.160,-1172316.300,360.230
-443712.440,-1172316.070,360.230
-443712.750,-1172315.800,360.220
-443705.550,-1172319.590,359.925
-443705.850,-1172319.330,359.780
-443706.160,-1172319.060,359.725
-443706.480,-1172318.790,359.795
-443706.810,-1172318.510,360.335
-443707.030,-1172318.320,360.360
-443707.300,-1172318.080,360.350
-443707.610,-1172317.820,360.320
-443707.870,-1172317.600,360.290
-443708.160,-1172317.350,360.270
-443708.460,-1172317.090,360.250
-443708.720,-1172316.870,360.230
-443709.000,-1172316.620,360.220
-443709.280,-1172316.380,360.210
-443709.600,-1172316.110,360.180
-443705.630,-1172320.180,360.410
-443705.910,-1172319.940,360.275
-443706.230,-1172319.660,360.220
-443706.590,-1172319.360,360.290
-443706.950,-1172319.050,360.410
-443707.260,-1172318.780,360.430
-443707.520,-1172318.560,360.420
-443707.790,-1172318.320,360.400
-443708.080,-1172318.080,360.370
-443708.360,-1172317.830,360.330
-443708.660,-1172317.570,360.310
-443708.950,-1172317.330,360.290
-443709.240,-1172317.080,360.260
-443709.510,-1172316.850,360.240
-443709.780,-1172316.610,360.210
-443710.060,-1172316.370,360.200
-443710.340,-1172316.130,360.190
-443705.840,-1172320.570,360.830
-443706.180,-1172320.280,360.610
-443706.510,-1172319.990,360.550
-443706.800,-1172319.740,360.530
-443707.000,-1172319.570,360.510
-443707.280,-1172319.330,360.500
-443707.580,-1172319.070,360.495
-443707.870,-1172318.820,360.460
-443708.150,-1172318.590,360.440
-443708.420,-1172318.350,360.400
-443708.710,-1172318.110,360.380
-443708.980,-1172317.870,360.350
-443709.250,-1172317.640,360.320
-443709.550,-1172317.380,360.300
-443709.840,-1172317.140,360.270
-443710.120,-1172316.890,360.240
-443710.400,-1172316.650,360.220
-443710.690,-1172316.400,360.210
-443710.970,-1172316.160,360.200
-443711.270,-1172315.900,360.200
-443705.580,-1172317.800,358.450
-443705.910,-1172317.520,358.405
-443706.180,-1172317.290,358.440
-443706.760,-1172316.790,360.180
-443707.030,-1172316.560,360.185
-443707.340,-1172316.300,360.170
-443705.410,-1172318.480,358.990
-443705.780,-1172318.160,358.795
-443706.100,-1172317.890,358.770
-443706.770,-1172317.310,360.210
-443707.020,-1172317.090,360.220
-443707.310,-1172316.840,360.210
-443707.580,-1172316.610,360.200
-443707.880,-1172316.350,360.180
-443705.490,-1172319.150,359.550
-443705.790,-1172318.890,359.420
-443706.140,-1172318.590,359.380
-443706.410,-1172318.360,359.510
-443706.920,-1172317.920,360.305
-443707.180,-1172317.690,360.300
-443707.450,-1172317.460,360.275
-443707.730,-1172317.220,360.240
-443707.990,-1172316.990,360.230
-443708.300,-1172316.730,360.215
-443708.570,-1172316.500,360.210
-443708.850,-1172316.260,360.195
-443705.240,-1172317.120,358.090
-443705.550,-1172316.850,357.980
-443705.480,-1172317.310,358.190
-443705.820,-1172317.020,358.180
