-443723.250,-1172296.690,357.860
-443708.090,-1172323.500,361.380
-443718.790,-1172295.180,357.970
-443707.540,-1172322.770,361.830
-443707.340,-1172323.250,361.500
-443717.760,-1172298.040,356.380
-443707.620,-1172322.940,361.810
-443706.950,-1172322.810,361.900
-443706.760,-1172323.270,361.610
-443718.420,-1172295.270,358.020
-443707.140,-1172322.940,361.800
-443706.960,-1172323.380,361.560
-443717.080,-1172296.800,357.080
-443711.790,-1172294.760,357.020
-443711.240,-1172296.100,356.200
-443842.710,-1172313.230,351.910
-443843.000,-1172312.960,352.050
-443842.190,-1172313.180,351.970
-443842.520,-1172312.880,352.140
-443842.840,-1172312.590,352.310
-443841.580,-1172313.380,351.920
-443841.870,-1172313.110,352.030
-443842.190,-1172312.820,352.200
-443842.520,-1172312.520,352.370
-443842.850,-1172312.220,352.550
-443841.200,-1172313.380,351.950
-443841.510,-1172313.100,352.080
-443841.830,-1172312.810,352.250
-443842.140,-1172312.530,352.420
-443842.430,-1172312.260,352.590
-443842.770,-1172311.950,352.780
-443840.780,-1172313.330,351.920
-443841.100,-1172313.040,352.140
-443841.410,-1172312.760,352.280
-443841.730,-1172312.470,352.460
-443842.020,-1172312.210,352.650
-443842.650,-1172311.640,352.980
-443839.960,-1172313.590,351.860
-443840.250,-1172313.320,352.000
-443840.580,-1172313.030,352.140
-443841.220,-1172312.450,352.510
-443841.520,-1172312.170,352.710
-443841.830,-1172311.890,352.880
-443842.140,-1172311.610,353.070
-443842.440,-1172311.350,353.220
-443839.660,-1172313.460,351.940
-443839.980,-1172313.170,352.150
-443840.290,-1172312.890,352.290
-443840.930,-1172312.310,352.630
-443841.250,-1172312.020,352.840
-443841.590,-1172311.710,353.040
-443841.900,-1172311.430,353.210
-443842.510,-1172310.880,353.550
-443842.810,-1172310.600,353.600
-443839.380,-1172313.290,352.100
-443839.700,-1172312.990,352.280
-443840.040,-1172312.690,352.470
-443840.340,-1172312.420,352.640
-443840.950,-1172311.860,352.990
-443841.260,-1172311.570,353.150
-443841.600,-1172311.270,353.360
-443842.230,-1172310.700,353.730
-443842.560,-1172310.400,353.910
-443838.490,-1172313.520,351.970
-443838.800,-1172313.240,352.150
-443839.110,-1172312.960,352.330
-443839.760,-1172312.370,352.690
-443840.380,-1172311.810,353.040
-443840.710,-1172311.510,353.200
-443841.040,-1172311.210,353.410
-443841.350,-1172310.920,353.610
-443841.990,-1172310.340,353.960
-443842.300,-1172310.070,354.140
-443842.590,-1172309.800,354.320
-443837.690,-1172313.680,351.910
-443837.990,-1172313.410,352.100
-443838.310,-1172313.130,352.300
-443838.630,-1172312.830,352.470
-443838.940,-1172312.550,352.650
-443839.250,-1172312.270,352.820
-443839.560,-1172311.990,353.000
-443840.200,-1172311.410,353.360
-443840.520,-1172311.120,353.560
-443841.460,-1172310.270,354.070
-443842.120,-1172309.670,354.430
-443842.440,-1172309.380,354.630
-443837.220,-1172313.740,351.980
-443837.830,-1172313.180,352.250
-443838.130,-1172312.910,352.430
-443838.450,-1172312.620,352.600
-443838.780,-1172312.330,352.790
-443839.080,-1172312.050,352.980
-443839.370,-1172311.780,353.140
-443840.310,-1172310.930,353.670
-443840.620,-1172310.660,353.850
-443840.950,-1172310.360,354.020
-443841.900,-1172309.490,354.590
-443842.210,-1172309.210,354.770
-443836.910,-1172313.680,352.040
-443837.530,-1172313.120,352.340
-443837.860,-1172312.810,352.570
-443838.160,-1172312.540,352.720
-443838.490,-1172312.240,352.920
-443838.820,-1172311.950,353.100
-443839.140,-1172311.660,353.270
-443839.780,-1172311.080,353.670
-443840.090,-1172310.800,353.810
-443840.410,-1172310.500,354.010
-443840.710,-1172310.230,354.160
-443841.330,-1172309.670,354.530
-443841.630,-1172309.400,354.690
-443836.060,-1172313.950,351.920
-443836.380,-1172313.660,352.040
-443837.340,-1172312.790,352.550
-443837.660,-1172312.500,352.730
-443838.250,-1172311.960,353.080
-443838.920,-1172311.360,353.450
-443839.220,-1172311.090,353.610
-443839.550,-1172310.780,353.860
-443839.890,-1172310.470,354.020
-443840.200,-1172310.190,354.200
-443840.500,-1172309.920,354.360
-443841.140,-1172309.340,354.710
-443841.460,-1172309.050,354.910
-443841.760,-1172308.780,355.090
-443836.000,-1172313.480,352.200
-443836.640,-1172312.900,352.540
-443836.960,-1172312.610,352.750
-443837.280,-1172312.320,352.930
-443837.610,-1172312.020,353.100
-443837.930,-1172311.730,353.290
-443838.580,-1172311.140,353.670
-443838.880,-1172310.870,353.840
-443839.210,-1172310.570,354.080
-443839.510,-1172310.300,354.230
-443839.830,-1172310.010,354.390
-443840.160,-1172309.710,354.590
-443840.460,-1172309.440,354.750
-443840.780,-1172309.140,354.930
-443841.120,-1172308.840,355.130
-443835.610,-1172313.320,352.320
-443835.930,-1172313.030,352.490
-443836.260,-1172312.730,352.700
-443836.570,-1172312.450,352.880
-443836.890,-1172312.160,353.050
-443837.190,-1172311.880,353.250
-443837.840,-1172311.290,353.570
-443838.160,-1172311.010,353.800
-443838.450,-1172310.740,353.930
-443838.800,-1172310.430,354.140
-443839.110,-1172310.140,354.310
-443839.430,-1172309.850,354.550
-443839.760,-1172309.550,354.720
-443840.390,-1172308.980,355.080
-443840.700,-1172308.700,355.260
-443841.010,-1172308.420,355.400
-443834.420,-1172313.890,352.040
-443834.720,-1172313.620,352.210
-443835.060,-1172313.310,352.400
-443835.370,-1172313.030,352.580
-443835.690,-1172312.740,352.780
-443836.020,-1172312.440,353.000
-443836.620,-1172311.890,353.320
-443836.930,-1172311.610,353.480
-443837.570,-1172311.040,353.860
-443837.870,-1172310.760,354.030
-443838.500,-1172310.190,354.400
-443839.160,-1172309.590,354.820
-443839.470,-1172309.310,354.980
-443839.780,-1172309.030,355.180
-443840.080,-1172308.750,355.320
-443837.170,-1172310.790,354.030
-443837.480,-1172310.510,354.190
-443838.730,-1172309.370,354.940
-443839.040,-1172309.090,355.100
-443839.360,-1172308.800,355.330
-443834.300,-1172313.390,352.350
-443834.610,-1172313.110,352.570
-443835.510,-1172312.300,352.780
-443836.240,-1172311.640,353.490
-443836.540,-1172311.360,353.660
-443836.860,-1172311.070,353.840
-443833.450,-1172313.590,352.480
-443834.700,-1172312.460,353.030
-443834.990,-1172312.190,353.210
-443835.650,-1172311.590,353.600
-443835.970,-1172311.300,353.760
-443836.280,-1172311.020,353.940
-443836.930,-1172310.430,354.320
-443837.250,-1172310.140,354.510
-443837.560,-1172309.860,354.700
-443837.900,-1172309.550,354.890
-443838.210,-1172309.270,355.080
-443832.360,-1172314.090,352.030
-443832.710,-1172313.770,352.270
-443833.020,-1172313.490,352.420
-443834.280,-1172312.350,353.100
-443834.600,-1172312.060,353.300
-443834.910,-1172311.770,353.470
-443835.250,-1172311.470,353.660
-443835.580,-1172311.160,353.840
-443835.910,-1172310.870,354.050
-443836.520,-1172310.320,354.370
-443836.830,-1172310.030,354.550
-443837.150,-1172309.740,354.770
-443837.490,-1172309.440,354.990
-443837.810,-1172309.150,355.170
-443838.140,-1172308.850,355.390
-443837.550,-1172308.960,355.350
-443831.520,-1172314.430,351.850
-443831.830,-1172314.140,352.070
-443832.150,-1172313.860,352.260
-443832.480,-1172313.560,352.500
-443832.770,-1172313.290,352.660
-443833.100,-1172313.000,352.830
-443834.040,-1172312.150,353.340
-443834.990,-1172311.280,353.860
-443835.290,-1172311.000,354.050
-443835.600,-1172310.730,354.230
-443835.940,-1172310.420,354.420
-443836.270,-1172310.120,354.600
-443836.580,-1172309.830,354.780
-443836.920,-1172309.530,354.990
-443837.250,-1172309.230,355.200
-443831.080,-1172314.320,351.920
-443831.400,-1172314.030,352.140
-443831.720,-1172313.740,352.310
-443832.040,-1172313.440,352.530
-443832.390,-1172313.130,352.740
-443832.700,-1172312.850,352.960
-443833.010,-1172312.570,353.080
-443833.380,-1172312.230,353.460
-443834.230,-1172311.460,353.770
-443834.560,-1172311.150,353.930
-443835.170,-1172310.610,354.270
-443835.500,-1172310.300,354.480
-443835.800,-1172310.030,354.650
-443836.130,-1172309.740,354.850
-443836.450,-1172309.440,355.020
-443836.780,-1172309.150,355.240
-443837.070,-1172308.880,355.350
-443832.380,-1172312.660,353.140
-443832.720,-1172312.360,353.350
-443833.040,-1172312.060,353.510
-443833.960,-1172311.220,354.000
-443834.300,-1172310.920,354.210
-443834.590,-1172310.650,354.360
-443834.910,-1172310.360,354.560
-443835.850,-1172309.510,355.100
-443836.440,-1172308.970,355.400
-443830.770,-1172314.120,352.160
-443831.070,-1172313.850,352.320
-443831.400,-1172313.550,352.550
-443831.730,-1172313.250,352.720
-443832.050,-1172312.960,352.930
-443829.830,-1172314.600,351.840
-443830.470,-1172314.020,352.200
-443831.130,-1172313.410,352.610
-443831.450,-1172313.120,352.760
-443831.790,-1172312.820,353.000
-443832.080,-1172312.550,353.160
-443832.430,-1172312.240,353.420
-443833.030,-1172311.690,353.720
-443834.000,-1172310.810,354.260
-443834.650,-1172310.220,354.640
-443834.970,-1172309.930,354.800
-443835.280,-1172309.650,355.000
-443835.590,-1172309.370,355.180
-443835.920,-1172309.070,355.360
-443830.520,-1172313.550,352.600
-443830.840,-1172313.270,352.760
-443831.480,-1172312.680,353.150
-443831.790,-1172312.400,353.350
-443832.130,-1172312.090,353.560
-443832.790,-1172311.490,353.930
-443834.050,-1172310.350,354.630
-443834.360,-1172310.070,354.800
-443834.680,-1172309.780,354.990
-443835.310,-1172309.200,355.360
-443829.050,-1172314.390,352.040
-443829.350,-1172314.110,352.170
-443829.650,-1172313.840,352.340
-443830.290,-1172313.260,352.750
-443830.930,-1172312.680,353.170
-443831.220,-1172312.410,353.300
-443831.560,-1172312.110,353.480
-443831.880,-1172311.810,353.720
-443832.220,-1172311.510,353.960
-443832.840,-1172310.940,354.250
-443833.800,-1172310.070,354.810
-443834.120,-1172309.780,354.990
-443834.450,-1172309.480,355.170
-443834.780,-1172309.180,355.360
-443828.100,-1172314.770,351.910
-443828.420,-1172314.470,352.070
-443828.750,-1172314.180,352.260
-443829.080,-1172313.880,352.450
-443829.380,-1172313.600,352.630
-443829.720,-1172313.300,352.820
-443830.030,-1172313.010,353.010
-443830.340,-1172312.730,353.140
-443830.650,-1172312.450,353.330
-443831.590,-1172311.600,353.920
-443831.930,-1172311.280,354.180
-443832.250,-1172311.000,354.380
-443832.570,-1172310.710,354.610
-443832.860,-1172310.450,354.640
-443833.230,-1172310.100,355.050
-443833.830,-1172309.560,355.230
-443834.140,-1172309.280,355.410
-443827.800,-1172314.620,351.970
-443828.120,-1172314.330,352.170
-443828.420,-1172314.050,352.320
-443828.720,-1172313.780,352.520
-443829.080,-1172313.460,352.740
-443829.410,-1172313.160,352.910
-443829.700,-1172312.900,353.030
-443830.020,-1172312.600,353.250
-443830.690,-1172311.990,353.650
-443831.000,-1172311.710,353.880
-443831.340,-1172311.410,354.040
-443831.660,-1172311.110,354.260
-443832.290,-1172310.540,354.680
-443832.620,-1172310.250,354.900
-443832.900,-1172309.980,354.970
-443827.600,-1172314.510,352.180
-443827.920,-1172314.230,352.310
-443828.240,-1172313.930,352.510
-443829.230,-1172313.030,353.090
-443829.550,-1172312.750,353.250
-443829.850,-1172312.470,353.420
-443830.490,-1172311.890,353.800
-443830.830,-1172311.580,354.040
-443831.140,-1172311.300,354.230
-443831.470,-1172311.000,354.420
-443831.800,-1172310.700,354.630
-443832.140,-1172310.390,354.850
-443832.440,-1172310.120,355.060
-443832.770,-1172309.820,355.200
-443827.460,-1172314.180,352.350
-443827.760,-1172313.910,352.530
-443828.430,-1172313.300,352.900
-443828.730,-1172313.030,353.070
-443829.380,-1172312.440,353.440
-443829.700,-1172312.160,353.610
-443830.000,-1172311.880,353.770
-443830.350,-1172311.560,354.030
-443830.690,-1172311.260,354.200
-443830.990,-1172310.980,354.390
-443831.630,-1172310.400,354.780
-443831.960,-1172310.100,355.010
-443832.310,-1172309.790,355.290
-443826.220,-1172314.840,351.930
-443826.530,-1172314.550,352.160
-443826.830,-1172314.280,352.300
-443827.150,-1172313.990,352.500
-443827.460,-1172313.700,352.710
-443827.780,-1172313.420,352.860
-443828.730,-1172312.550,353.410
-443829.050,-1172312.260,353.620
-443829.700,-1172311.670,353.970
-443830.330,-1172311.110,354.380
-443830.650,-1172310.810,354.550
-443831.010,-1172310.490,354.830
-443831.320,-1172310.200,354.960
-443831.650,-1172309.900,355.170
-443825.980,-1172314.580,352.140
-443826.300,-1172314.290,352.370
-443826.950,-1172313.700,352.680
-443827.260,-1172313.420,352.880
-443827.580,-1172313.130,353.120
-443828.200,-1172312.560,353.420
-443828.520,-1172312.270,353.620
-443828.820,-1172312.010,353.830
-443829.150,-1172311.700,354.000
-443829.470,-1172311.410,354.190
-443829.770,-1172311.140,354.360
-443830.080,-1172310.850,354.560
-443830.400,-1172310.570,354.700
-443830.750,-1172310.250,354.950
-443831.060,-1172309.960,355.140
-443831.370,-1172309.680,355.370
-443825.010,-1172315.010,351.930
-443825.320,-1172314.730,352.140
-443825.630,-1172314.440,352.310
-443825.960,-1172314.150,352.460
-443826.300,-1172313.840,352.700
-443826.590,-1172313.570,352.830
-443826.950,-1172313.250,353.140
-443827.270,-1172312.960,353.280
-443827.600,-1172312.660,353.460
-443827.890,-1172312.390,353.600
-443828.230,-1172312.090,353.810
-443828.880,-1172311.490,354.230
-443829.180,-1172311.220,354.390
-443829.480,-1172310.950,354.520
-443829.790,-1172310.670,354.700
-443830.110,-1172310.380,354.920
-443830.440,-1172310.080,355.120
-443830.760,-1172309.790,355.340
-443824.650,-1172314.750,352.060
-443824.970,-1172314.460,352.240
-443825.660,-1172313.830,352.730
-443825.990,-1172313.530,352.890
-443826.300,-1172313.250,353.070
-443826.610,-1172312.970,353.240
-443826.920,-1172312.690,353.420
-443827.640,-1172312.030,354.090
-443828.210,-1172311.510,354.170
-443828.540,-1172311.220,354.390
-443829.180,-1172310.630,354.750
-443829.830,-1172310.040,355.130
-443830.140,-1172309.760,355.350
-443824.190,-1172314.580,352.300
-443824.490,-1172314.300,352.450
-443824.830,-1172313.990,352.670
-443825.170,-1172313.680,352.900
-443825.480,-1172313.400,353.090
-443825.790,-1172313.120,353.260
-443826.460,-1172312.510,353.690
-443827.130,-1172311.910,354.110
-443827.750,-1172311.340,354.410
-443828.050,-1172311.060,354.550
-443828.360,-1172310.790,354.730
-443828.690,-1172310.490,354.940
-443829.020,-1172310.180,355.150
-443829.330,-1172309.910,355.300
-443824.130,-1172314.170,352.590
-443824.460,-1172313.880,352.730
-443824.790,-1172313.570,352.970
-443825.420,-1172313.000,353.360
-443825.740,-1172312.720,353.540
-443827.360,-1172311.240,354.520
-443827.670,-1172310.960,354.660
-443828.000,-1172310.660,354.870
-443828.340,-1172310.350,355.030
-443828.660,-1172310.060,355.230
-443828.940,-1172309.810,355.360
-443824.260,-1172313.560,353.130
-443824.570,-1172313.270,353.260
-443824.890,-1172312.980,353.460
-443825.210,-1172312.690,353.670
-443825.490,-1172312.440,353.780
-443825.810,-1172312.140,353.980
-443826.150,-1172311.840,354.190
-443826.770,-1172311.280,354.580
-443827.090,-1172310.980,354.740
-443828.040,-1172310.120,355.240
-443824.220,-1172312.950,353.490
-443824.870,-1172312.370,353.800
-443825.190,-1172312.080,354.030
-443825.500,-1172311.790,354.240
-443825.820,-1172311.500,354.420
-443826.170,-1172311.190,354.630
-443826.460,-1172310.920,354.780
-443827.090,-1172310.350,355.180
-443827.400,-1172310.070,355.340
-443820.590,-1172315.630,353.190
-443824.360,-1172312.200,354.080
-443825.320,-1172311.330,354.620
-443825.630,-1172311.040,354.770
-443825.960,-1172310.740,354.970
-443826.280,-1172310.460,355.170
-443826.610,-1172310.150,355.370
-443824.230,-1172311.760,354.390
-443824.560,-1172311.460,354.610
-443824.870,-1172311.180,354.720
-443825.170,-1172310.900,354.900
-443825.490,-1172310.620,355.130
-443825.810,-1172310.330,355.300
-443819.180,-1172315.790,353.200
-443824.140,-1172311.280,354.820
-443824.470,-1172310.990,355.010
-443824.790,-1172310.690,355.170
-443825.110,-1172310.410,355.330
-443818.760,-1172315.650,353.220
-443818.010,-1172315.790,353.200
-443819.350,-1172314.580,354.030
-443817.490,-1172315.870,353.160
-443817.850,-1172315.540,353.470
-443816.810,-1172316.080,353.150
-443816.160,-1172316.130,353.180
-443817.790,-1172314.660,354.100
-443818.740,-1172313.790,354.680
-443819.080,-1172313.490,354.940
-443819.370,-1172313.220,355.080
-443816.080,-1172315.700,353.510
-443817.380,-1172314.510,354.280
-443817.890,-1172313.700,354.720
-443818.870,-1172312.810,355.360
-443797.940,-1172331.530,351.110
-443814.820,-1172316.180,353.270
-443815.140,-1172315.890,353.420
-443814.430,-1172316.100,353.250
-443814.740,-1172315.820,353.450
-443815.440,-1172315.180,354.020
-443814.700,-1172315.400,353.780
-443815.080,-1172315.060,354.090
-443814.020,-1172315.650,353.610
-443814.330,-1172315.370,353.770
-443813.560,-1172315.650,353.680
-443813.890,-1172315.350,353.890
-443814.210,-1172315.050,354.110
-443814.530,-1172314.760,354.290
-443815.510,-1172313.870,354.910
-443812.290,-1172316.280,353.250
-443813.260,-1172315.400,353.840
-443813.590,-1172315.100,354.030
-443814.600,-1172314.190,354.650
-443814.930,-1172313.890,354.860
-443815.260,-1172313.580,355.090
-443811.500,-1172316.380,353.330
-443812.750,-1172315.250,354.020
-443813.060,-1172314.960,354.200
-443813.410,-1172314.650,354.440
-443813.730,-1172314.360,354.620
-443814.050,-1172314.060,354.810
-443814.380,-1172313.770,355.000
-443814.700,-1172313.480,355.200
-443811.030,-1172316.330,353.380
-443812.300,-1172315.170,354.080
-443812.620,-1172314.880,354.290
-443812.910,-1172314.620,354.440
-443813.250,-1172314.310,354.670
-443813.560,-1172314.030,354.840
-443813.890,-1172313.730,355.070
-443814.200,-1172313.450,355.250
-443814.520,-1172313.150,355.430
-443810.380,-1172316.360,353.460
-443810.720,-1172316.050,353.670
-443811.060,-1172315.740,353.880
-443812.360,-1172314.570,354.600
-443812.680,-1172314.270,354.810
-443813.010,-1172313.980,354.990
-443813.330,-1172313.680,355.210
-443813.660,-1172313.380,355.400
-443809.800,-1172316.300,353.530
-443810.140,-1172316.000,353.710
-443810.490,-1172315.680,353.970
-443812.060,-1172314.250,354.830
-443812.410,-1172313.930,355.050
-443812.750,-1172313.620,355.270
-443813.050,-1172313.350,355.430
-443808.450,-1172316.950,353.190
-443808.740,-1172316.690,353.290
-443809.400,-1172316.090,353.730
-443810.690,-1172314.920,354.450
-443811.050,-1172314.590,354.750
-443811.440,-1172314.230,355.160
-443807.990,-1172316.980,353.180
-443808.280,-1172316.720,353.320
-443808.590,-1172316.430,353.490
-443808.910,-1172316.140,353.700
-443809.230,-1172315.850,353.890
-443810.540,-1172314.660,354.700
-443810.850,-1172314.380,354.910
-443807.840,-1172316.710,353.440
-443808.160,-1172316.410,353.590
-443808.480,-1172316.120,353.780
-443809.510,-1172315.190,354.560
-443810.450,-1172314.340,355.020
-443810.760,-1172314.060,355.230
-443807.250,-1172316.770,353.360
-443807.560,-1172316.480,353.560
-443807.870,-1172316.200,353.730
-443808.210,-1172315.890,353.940
-443808.550,-1172315.580,354.160
-443810.200,-1172314.080,355.200
-443810.550,-1172313.770,355.410
-443806.180,-1172317.190,353.170
-443806.480,-1172316.920,353.340
-443806.830,-1172316.600,353.610
-443807.500,-1172316.000,353.960
-443807.820,-1172315.710,354.130
-443808.160,-1172315.390,354.360
-443808.810,-1172314.800,354.800
-443809.120,-1172314.520,354.990
-443809.450,-1172314.220,355.150
-443809.800,-1172313.900,355.410
-443806.350,-1172316.610,353.590
-443807.650,-1172315.430,354.320
-443807.980,-1172315.130,354.550
-443808.650,-1172314.520,354.970
-443809.320,-1172313.910,355.370
-443805.560,-1172316.900,353.490
-443805.860,-1172316.620,353.640
-443807.160,-1172315.440,354.450
-443807.470,-1172315.160,354.620
-443807.780,-1172314.880,354.820
-443808.120,-1172314.570,355.020
-443808.450,-1172314.270,355.250
-443808.770,-1172313.980,355.420
-443804.630,-1172317.300,353.240
-443804.950,-1172317.010,353.400
-443805.280,-1172316.710,353.600
-443806.930,-1172315.220,354.600
-443807.250,-1172314.920,354.800
-443807.550,-1172314.650,354.960
-443807.870,-1172314.360,355.180
-443808.180,-1172314.070,355.370
-443804.240,-1172317.250,353.280
-443804.860,-1172316.690,353.680
-443805.170,-1172316.400,353.820
-443805.530,-1172316.080,354.110
-443806.540,-1172315.160,354.780
-443807.180,-1172314.580,355.090
-443806.660,-1172314.730,354.950
-443806.980,-1172314.430,355.150
-443807.330,-1172314.120,355.390
-443803.720,-1172317.400,353.190
-443804.050,-1172317.090,353.460
-443804.370,-1172316.810,353.600
-443804.690,-1172316.510,353.780
-443805.030,-1172316.210,353.950
-443805.380,-1172315.890,354.210
-443803.240,-1172317.440,353.330
-443804.530,-1172316.270,354.060
-443804.850,-1172315.970,354.250
-443805.190,-1172315.660,354.470
-443805.840,-1172315.070,354.850
-443806.510,-1172314.460,355.270
-443802.710,-1172317.450,353.270
-443804.310,-1172316.000,354.190
-443804.650,-1172315.690,354.460
-443805.270,-1172315.130,354.760
-443805.600,-1172314.820,354.960
-443806.260,-1172314.230,355.380
-443802.440,-1172317.180,353.570
-443802.780,-1172316.880,353.760
-443803.430,-1172316.280,354.130
-443803.740,-1172316.000,354.320
-443804.070,-1172315.700,354.520
-443804.390,-1172315.410,354.700
-443804.700,-1172315.130,354.890
-443805.340,-1172314.540,355.310
-443802.710,-1172316.460,354.040
-443803.340,-1172315.890,354.340
-443803.680,-1172315.580,354.580
-443804.030,-1172315.260,354.780
-443804.370,-1172314.950,355.010
-443804.660,-1172314.690,355.170
-443805.010,-1172314.370,355.400
-443802.790,-1172315.910,354.500
-443803.130,-1172315.600,354.730
-443803.430,-1172315.330,354.860
-443803.750,-1172315.030,355.090
-443804.060,-1172314.750,355.240
-443804.390,-1172314.450,355.430
-443802.310,-1172315.750,354.630
-443803.300,-1172314.850,355.210
-443802.390,-1172315.110,355.170
-443802.720,-1172314.800,355.340
-443802.260,-1172314.700,355.460
-443775.450,-1172321.620,355.450
-443720.960,-1172299.490,355.170
-443721.280,-1172299.700,355.040
-443721.920,-1172299.590,355.010
-443723.000,-1172299.620,354.790
-443723.320,-1172299.330,354.980
-443724.610,-1172299.160,355.000
-443724.970,-1172298.830,355.290
-443724.880,-1172299.320,354.890
-443725.550,-1172298.710,355.390
-443725.850,-1172299.360,354.830
-443726.170,-1172299.060,355.040
-443726.840,-1172298.440,355.510
-443726.930,-1172299.140,354.850
-443726.390,-1172299.280,354.830
-443726.700,-1172299.000,354.940
-443727.710,-1172299.020,354.810
-443729.120,-1172298.240,355.470
-443728.860,-1172299.010,354.790
-443729.150,-1172298.740,354.930
-443729.960,-1172298.840,354.850
-443734.280,-1172298.300,354.900
-443734.590,-1172298.010,355.040
-443735.260,-1172297.390,355.480
-443734.330,-1172297.860,355.170
-443734.650,-1172297.560,355.410
-443721.150,-1172325.770,355.520
-443721.160,-1172326.200,355.240
-443721.520,-1172325.870,355.460
-443721.700,-1172326.100,355.260
-443722.040,-1172325.780,355.470
-443721.410,-1172326.800,354.800
-443721.730,-1172326.510,354.970
-443722.060,-1172326.210,355.170
-443722.730,-1172325.590,355.540
-443721.680,-1172327.150,354.580
-443722.340,-1172326.550,354.850
-443723.020,-1172325.930,355.270
-443723.370,-1172325.600,355.480
-443723.210,-1172326.280,355.020
-443723.530,-1172325.980,355.220
-443723.850,-1172325.690,355.390
-443723.410,-1172326.560,354.780
-443723.760,-1172326.240,355.000
-443724.120,-1172325.910,355.240
-443724.470,-1172325.590,355.410
-443724.110,-1172326.300,354.890
-443724.450,-1172325.990,355.090
-443725.100,-1172325.390,355.490
-443724.320,-1172326.510,354.740
-443724.640,-1172326.220,354.960
-443724.990,-1172325.900,355.170
-443725.670,-1172325.280,355.540
-443724.880,-1172326.410,354.780
-443725.880,-1172325.480,355.400
-443725.660,-1172326.030,355.110
-443725.940,-1172325.770,355.180
-443726.610,-1172325.150,355.570
-443726.460,-1172325.710,355.200
-443727.090,-1172325.650,355.210
-443720.810,-1172326.520,355.060
-443721.050,-1172326.700,354.870
-443721.050,-1172327.130,354.540
-443719.490,-1172326.300,355.340
-443719.800,-1172326.020,355.460
-443720.030,-1172326.260,355.310
-443720.390,-1172325.930,355.540
-443720.210,-1172326.630,355.120
-443717.810,-1172326.350,355.470
-443718.560,-1172326.200,355.480
-443718.920,-1172326.350,355.360
-443718.820,-1172299.780,355.140
-443718.070,-1172299.870,355.060
-443717.160,-1172300.100,355.160
-443717.460,-1172299.820,355.220
-443718.070,-1172299.260,355.520
-443717.670,-1172299.220,355.490
-443711.720,-1172300.090,353.650
-443711.660,-1172299.130,354.230
-443709.330,-1172300.310,354.900
-443708.540,-1172300.460,354.860
-443708.200,-1172300.350,354.940
-443707.450,-1172300.630,354.840
-443706.730,-1172300.860,354.650
-443707.060,-1172300.560,354.870
-443706.560,-1172300.610,354.850
-443705.530,-1172300.830,354.820
-443703.050,-1172300.090,355.070
-443839.300,-1172400.070,374.330
-443838.670,-1172400.120,374.290
-443838.490,-1172370.500,374.630
-443835.670,-1172338.690,370.750
-443835.500,-1172330.580,371.100
-443834.470,-1172330.560,371.120
-443831.550,-1172330.670,371.020
-443831.870,-1172330.880,370.760
-443828.250,-1172330.950,370.860
-443827.710,-1172330.960,370.800
-443840.010,-1172308.210,355.670
-443840.320,-1172307.930,355.870
-443840.410,-1172308.450,355.510
-443840.750,-1172308.150,355.710
-443838.450,-1172308.560,355.580
-443838.840,-1172308.700,355.470
-443839.140,-1172308.420,355.640
-443839.440,-1172308.150,355.810
-443835.640,-1172308.910,355.550
-443837.260,-1172307.440,356.550
-443836.220,-1172308.800,355.520
-443836.550,-1172308.500,355.830
-443834.440,-1172309.010,355.560
-443834.760,-1172308.720,355.760
-443835.080,-1172308.420,355.930
-443835.410,-1172308.130,356.130
-443835.730,-1172307.840,356.320
-443836.070,-1172307.530,356.560
-443836.390,-1172307.240,356.760
-443836.690,-1172306.960,356.940
-443835.080,-1172308.910,355.500
-443835.380,-1172308.640,355.700
-443835.690,-1172308.360,355.890
-443836.670,-1172307.470,356.500
-443837.000,-1172307.170,356.720
-443833.840,-1172309.130,355.510
-443834.150,-1172308.860,355.680
-443835.100,-1172307.990,356.210
-443835.440,-1172307.680,356.440
-443835.730,-1172307.410,356.630
-443836.050,-1172307.130,356.840
-443836.390,-1172306.820,357.020
-443833.870,-1172308.360,356.100
-443834.500,-1172307.790,356.460
-443835.140,-1172307.210,356.840
-443835.440,-1172306.940,357.000
-443835.760,-1172306.650,357.240
-443833.120,-1172309.500,355.570
-443833.700,-1172308.970,355.710
-443834.010,-1172308.690,355.910
-443834.940,-1172307.840,356.420
-443835.260,-1172307.560,356.620
-443835.570,-1172307.280,356.820
-443835.900,-1172306.980,357.020
-443836.210,-1172306.700,357.200
-443834.180,-1172307.600,356.670
-443834.520,-1172307.300,356.880
-443834.830,-1172307.010,357.060
-443835.150,-1172306.730,357.240
-443831.400,-1172309.200,355.730
-443831.700,-1172308.940,355.870
-443832.040,-1172308.630,356.140
-443832.660,-1172308.060,356.470
-443833.010,-1172307.740,356.780
-443833.630,-1172307.180,357.050
-443833.960,-1172306.890,357.230
-443831.680,-1172309.410,355.480
-443832.050,-1172309.070,355.840
-443833.940,-1172307.350,356.860
-443834.260,-1172307.060,357.040
-443834.580,-1172306.770,357.260
-443830.480,-1172309.460,355.510
-443830.760,-1172309.190,355.640
-443831.080,-1172308.900,355.870
-443831.400,-1172308.620,356.110
-443831.720,-1172308.330,356.290
-443832.060,-1172308.020,356.530
-443832.360,-1172307.750,356.720
-443832.650,-1172307.480,356.850
-443830.880,-1172308.040,356.520
-443831.210,-1172307.740,356.770
-443831.540,-1172307.450,356.980
-443831.860,-1172307.150,357.180
-443829.660,-1172309.600,355.510
-443829.990,-1172309.300,355.700
-443830.310,-1172309.010,355.910
-443830.640,-1172308.710,356.140
-443830.960,-1172308.420,356.310
-443831.270,-1172308.140,356.500
-443831.610,-1172307.840,356.710
-443832.250,-1172307.260,357.160
-443832.560,-1172306.970,357.340
-443829.340,-1172308.940,356.090
-443829.650,-1172308.650,356.220
-443829.990,-1172308.350,356.440
-443830.320,-1172308.050,356.660
-443830.620,-1172307.770,356.820
-443830.950,-1172307.480,357.070
-443829.260,-1172309.510,355.580
-443829.590,-1172309.220,355.780
-443829.920,-1172308.920,355.980
-443830.240,-1172308.630,356.180
-443830.560,-1172308.340,356.350
-443826.920,-1172309.870,355.560
-443827.270,-1172309.560,355.800
-443828.480,-1172308.450,356.460
-443829.120,-1172307.870,356.860
-443829.760,-1172307.300,357.220
-443828.960,-1172308.650,356.240
-443829.280,-1172308.360,356.400
-443829.650,-1172308.030,356.650
-443829.940,-1172307.760,356.830
-443830.250,-1172307.480,357.050
-443830.590,-1172307.170,357.260
-443825.090,-1172309.900,355.690
-443825.400,-1172309.620,355.910
-443825.770,-1172309.800,355.730
-443826.090,-1172309.510,355.970
-443826.780,-1172309.440,355.880
-443828.720,-1172307.690,357.020
-443829.030,-1172307.400,357.240
-443818.960,-1172311.980,356.030
-443819.300,-1172311.680,356.240
-443819.630,-1172311.370,356.440
-443819.940,-1172311.090,356.630
-443819.070,-1172312.320,355.870
-443819.370,-1172312.040,356.030
-443819.710,-1172311.740,356.260
-443820.030,-1172311.440,356.420
-443820.340,-1172311.170,356.590
-443819.560,-1172312.180,355.900
-443819.860,-1172311.910,356.050
-443820.200,-1172311.600,356.220
-443819.990,-1172312.140,355.940
-443820.590,-1172311.600,356.190
-443815.190,-1172312.550,355.950
-443815.490,-1172312.270,356.040
-443815.850,-1172311.950,356.270
-443816.810,-1172311.070,356.900
-443816.030,-1172312.260,356.080
-443816.360,-1172311.960,356.270
-443816.690,-1172311.670,356.490
-443817.020,-1172311.370,356.690
-443816.560,-1172312.400,355.930
-443816.890,-1172312.100,356.110
-443817.200,-1172311.820,356.260
-443817.510,-1172311.540,356.450
-443817.830,-1172311.250,356.600
-443818.200,-1172310.910,356.880
-443818.510,-1172310.630,357.100
-443818.840,-1172310.330,357.310
-443818.120,-1172311.500,356.500
-443818.440,-1172311.210,356.720
-443818.760,-1172310.920,356.910
-443819.070,-1172310.640,357.100
-443819.380,-1172310.350,357.300
-443818.540,-1172311.540,356.380
-443818.840,-1172311.270,356.580
-443819.200,-1172310.940,356.810
-443819.510,-1172310.660,357.000
-443817.930,-1172312.460,355.830
-443818.260,-1172312.170,355.990
-443818.580,-1172311.870,356.130
-443818.900,-1172311.580,356.360
-443819.210,-1172311.300,356.580
-443819.550,-1172310.990,356.790
-443812.140,-1172313.200,355.670
-443812.470,-1172312.910,355.820
-443812.790,-1172312.610,356.000
-443813.120,-1172312.310,356.230
-443813.450,-1172312.010,356.410
-443813.800,-1172311.700,356.630
-443814.110,-1172311.410,356.830
-443814.420,-1172311.130,357.050
-443814.740,-1172310.840,357.230
-443815.100,-1172310.520,357.490
-443812.370,-1172313.390,355.510
-443812.990,-1172312.830,355.850
-443813.310,-1172312.540,356.060
-443813.640,-1172312.240,356.260
-443813.980,-1172311.930,356.480
-443814.290,-1172311.650,356.690
-443814.630,-1172311.340,356.920
-443814.970,-1172311.030,357.120
-443815.630,-1172310.430,357.550
-443813.390,-1172313.040,355.630
-443813.720,-1172312.740,355.810
-443814.050,-1172312.440,356.040
-443814.360,-1172312.160,356.240
-443815.030,-1172311.550,356.660
-443815.360,-1172311.250,356.880
-443815.680,-1172310.960,357.110
-443816.010,-1172310.660,357.300
-443813.970,-1172313.100,355.580
-443814.290,-1172312.810,355.800
-443814.610,-1172312.520,356.010
-443814.920,-1172312.240,356.160
-443815.270,-1172311.920,356.460
-443816.540,-1172310.760,357.220
-443809.660,-1172313.600,355.570
-443809.980,-1172313.310,355.810
-443811.910,-1172311.550,356.950
-443812.580,-1172310.950,357.370
-443812.890,-1172310.670,357.530
-443813.550,-1172310.070,357.990
-443813.880,-1172309.770,358.190
-443814.220,-1172309.460,358.440
-443810.100,-1172313.620,355.580
-443810.450,-1172313.310,355.810
-443810.800,-1172313.000,356.040
-443813.020,-1172310.980,357.310
-443813.340,-1172310.690,357.510
-443814.000,-1172310.080,357.990
-443814.310,-1172309.800,358.180
-443814.620,-1172309.520,358.330
-443810.860,-1172313.490,355.620
-443812.120,-1172312.340,356.320
-443812.420,-1172312.070,356.500
-443812.760,-1172311.760,356.690
-443813.080,-1172311.460,356.910
-443813.380,-1172311.190,357.100
-443813.720,-1172310.890,357.310
-443814.040,-1172310.590,357.510
-443814.380,-1172310.280,357.750
-443814.720,-1172309.980,357.950
-443815.040,-1172309.690,358.140
-443812.340,-1172312.610,356.110
-443812.670,-1172312.320,356.330
-443813.010,-1172312.010,356.540
-443813.330,-1172311.720,356.740
-443813.650,-1172311.430,356.930
-443813.970,-1172311.130,357.150
-443814.310,-1172310.830,357.380
-443814.640,-1172310.530,357.570
-443814.970,-1172310.220,357.760
-443815.320,-1172309.910,358.020
-443808.140,-1172313.700,355.650
-443808.460,-1172313.410,355.840
-443808.790,-1172313.110,356.030
-443809.420,-1172312.540,356.420
-443809.740,-1172312.240,356.680
-443810.080,-1172311.930,356.880
-443812.660,-1172309.590,358.470
-443808.830,-1172313.480,355.740
-443809.150,-1172313.190,355.960
-443809.490,-1172312.890,356.130
-443809.810,-1172312.590,356.380
-443810.150,-1172312.290,356.600
-443810.460,-1172312.000,356.750
-443813.090,-1172309.610,358.400
-443809.110,-1172313.670,355.650
-443809.430,-1172313.370,355.850
-443809.740,-1172313.090,356.040
-443810.090,-1172312.780,356.280
-443810.420,-1172312.480,356.470
-443813.080,-1172310.060,358.220
-443813.680,-1172309.510,358.470
-443806.600,-1172313.920,355.590
-443806.910,-1172313.640,355.800
-443807.230,-1172313.340,356.020
-443807.580,-1172313.030,356.230
-443808.230,-1172312.430,356.590
-443809.230,-1172311.520,357.240
-443809.540,-1172311.240,357.420
-443810.210,-1172310.630,357.880
-443806.840,-1172314.160,355.480
-443807.160,-1172313.870,355.640
-443807.810,-1172313.280,356.090
-443808.120,-1172313.000,356.280
-443808.460,-1172312.690,356.460
-443809.110,-1172312.100,356.860
-443809.780,-1172311.490,357.270
-443810.120,-1172311.180,357.490
-443810.440,-1172310.880,357.710
-443807.650,-1172313.820,355.570
-443807.970,-1172313.530,355.780
-443808.310,-1172313.220,355.980
-443808.640,-1172312.920,356.160
-443808.960,-1172312.630,356.330
-443809.290,-1172312.330,356.580
-443809.950,-1172311.730,356.970
-443804.720,-1172314.150,355.630
-443805.050,-1172313.850,355.840
-443805.380,-1172313.550,356.050
-443805.720,-1172313.240,356.290
-443806.370,-1172312.650,356.650
-443806.700,-1172312.350,356.870
-443807.020,-1172312.060,357.080
-443808.310,-1172310.880,357.880
-443808.630,-1172310.590,358.100
-443808.980,-1172310.280,358.310
-443809.280,-1172310.000,358.480
-443809.600,-1172309.720,358.720
-443805.340,-1172314.070,355.590
-443805.970,-1172313.490,355.970
-443806.290,-1172313.200,356.190
-443806.630,-1172312.900,356.380
-443807.250,-1172312.330,356.750
-443807.570,-1172312.040,356.980
-443808.900,-1172310.830,357.850
-443809.230,-1172310.540,358.020
-443809.530,-1172310.260,358.210
-443809.850,-1172309.970,358.430
-443805.670,-1172314.250,355.470
-443806.300,-1172313.680,355.870
-443806.630,-1172313.380,356.040
-443806.950,-1172313.080,356.260
-443807.280,-1172312.790,356.440
-443807.620,-1172312.480,356.680
-443807.940,-1172312.180,356.860
-443809.260,-1172310.980,357.690
-443809.600,-1172310.670,357.910
-443809.950,-1172310.360,358.160
-443810.270,-1172310.070,358.360
-443803.670,-1172313.940,355.890
-443804.680,-1172313.020,356.470
-443806.980,-1172310.930,357.930
-443807.620,-1172310.350,358.330
-443807.970,-1172310.030,358.600
-443803.960,-1172314.250,355.590
-443804.600,-1172313.660,355.990
-443804.920,-1172313.380,356.160
-443805.240,-1172313.080,356.350
-443808.210,-1172310.380,358.230
-443808.540,-1172310.080,358.450
-443802.310,-1172314.200,355.880
-443802.640,-1172313.900,356.110
-443803.250,-1172313.340,356.450
-443803.570,-1172313.050,356.650
-443804.220,-1172312.460,357.000
-443804.550,-1172312.160,357.260
-443804.890,-1172311.850,357.470
-443798.900,-1172317.760,357.810
-443802.900,-1172314.120,355.800
-443803.540,-1172313.530,356.210
-443803.850,-1172313.250,356.370
-443804.200,-1172312.930,356.590
-443805.180,-1172312.050,357.230
-443807.150,-1172310.250,358.450
-443796.970,-1172317.800,357.920
-443797.290,-1172317.510,358.110
-443798.220,-1172316.670,358.550
-443803.300,-1172312.050,357.410
-443796.410,-1172318.910,357.280
-443797.620,-1172317.810,357.840
-443797.950,-1172317.510,358.020
-443802.680,-1172313.200,356.560
-443803.340,-1172312.610,356.940
-443793.440,-1172320.470,357.330
-443795.680,-1172318.430,357.580
-443797.920,-1172316.400,358.730
-443795.720,-1172318.940,357.300
-443797.650,-1172315.720,359.150
-443795.420,-1172318.230,357.800
-443796.980,-1172316.810,358.570
-443797.280,-1172316.540,358.690
-443798.570,-1172315.370,359.360
-443792.000,-1172320.510,357.330
-443793.250,-1172319.370,357.920
-443795.830,-1172317.020,358.480
-443796.760,-1172316.170,358.950
-443797.420,-1172315.570,359.320
-443792.500,-1172320.400,357.320
-443792.820,-1172320.110,357.510
-443795.090,-1172318.040,357.860
-443795.410,-1172317.750,358.030
-443795.730,-1172317.460,358.190
-443796.380,-1172316.870,358.510
-443793.100,-1172319.190,358.010
-443795.340,-1172317.150,358.420
-443796.600,-1172316.000,359.020
-443796.910,-1172315.720,359.160
-443797.860,-1172314.860,359.650
-443790.700,-1172320.580,357.330
-443791.020,-1172320.300,357.470
-443791.950,-1172319.450,357.910
-443794.920,-1172316.750,358.680
-443792.640,-1172319.340,358.000
-443794.630,-1172317.530,358.270
-443794.930,-1172317.250,358.410
-443795.250,-1172316.960,358.570
-443795.900,-1172316.370,358.920
-443796.200,-1172316.100,359.070
-443797.760,-1172314.680,359.870
-443791.090,-1172319.760,357.820
-443792.050,-1172318.880,358.300
-443793.720,-1172317.370,358.400
-443794.040,-1172317.070,358.560
-443794.680,-1172316.490,358.910
-443794.990,-1172316.210,359.060
-443795.940,-1172315.340,359.540
-443796.570,-1172314.780,359.830
-443796.890,-1172314.480,359.980
-443789.990,-1172320.010,357.990
-443793.410,-1172316.890,358.740
-443793.740,-1172316.590,358.900
-443794.050,-1172316.310,359.070
-443794.360,-1172316.030,359.220
-443794.700,-1172315.720,359.410
-443795.000,-1172315.440,359.570
-443795.310,-1172315.160,359.730
-443796.270,-1172314.290,360.190
-443796.610,-1172313.980,360.350
-443795.660,-1172315.180,359.630
-443796.140,-1172313.540,360.650
-443788.960,-1172320.470,357.580
-443789.280,-1172320.180,357.750
-443789.560,-1172319.920,357.880
-443791.130,-1172318.500,358.570
-443791.460,-1172318.200,358.720
-443793.100,-1172316.700,358.840
-443793.420,-1172316.410,359.000
-443794.340,-1172315.570,359.450
-443788.280,-1172320.250,357.770
-443788.610,-1172319.950,357.960
-443788.910,-1172319.680,358.100
-443789.590,-1172319.060,358.490
-443791.120,-1172317.670,359.100
-443792.780,-1172316.160,359.190
-443794.720,-1172314.390,360.240
-443795.640,-1172313.550,360.640
-443788.820,-1172320.200,357.800
-443789.140,-1172319.910,357.960
-443789.490,-1172319.590,358.170
-443790.720,-1172318.460,358.670
-443793.340,-1172316.080,359.270
-443794.290,-1172315.220,359.740
-443787.460,-1172320.590,357.690
-443787.760,-1172320.310,357.810
-443788.080,-1172320.020,358.020
-443788.680,-1172319.470,358.320
-443789.030,-1172319.150,358.510
-443789.330,-1172318.880,358.660
-443792.550,-1172315.950,359.420
-443793.480,-1172315.110,359.860
-443793.800,-1172314.810,360.060
-443794.120,-1172314.520,360.210
-443792.050,-1172315.310,359.830
-443792.670,-1172314.750,360.140
-443793.010,-1172314.440,360.320
-443793.630,-1172313.870,360.620
-443788.440,-1172319.080,358.530
-443788.770,-1172318.780,358.740
-443789.080,-1172318.490,358.920
-443790.580,-1172317.130,359.470
-443792.860,-1172315.060,359.890
-443793.190,-1172314.760,360.080
-443787.120,-1172319.250,358.490
-443787.760,-1172318.670,358.860
-443788.390,-1172318.090,359.190
-443791.280,-1172315.460,359.760
-443792.190,-1172314.630,360.220
-443792.830,-1172314.050,360.540
-443786.650,-1172320.230,357.960
-443787.290,-1172319.640,358.280
-443787.620,-1172319.340,358.440
-443787.940,-1172319.050,358.640
-443788.260,-1172318.760,358.800
-443788.600,-1172318.460,358.990
-443788.920,-1172318.160,359.140
-443789.230,-1172317.880,359.310
-443788.480,-1172317.620,359.560
-443791.030,-1172315.300,359.940
-443792.640,-1172313.840,360.770
-443792.950,-1172313.550,360.910
-443790.680,-1172314.600,360.400
-443791.330,-1172314.020,360.720
-443792.050,-1172313.820,360.720
-443784.470,-1172319.820,357.420
-443790.830,-1172314.020,360.730
-443784.000,-1172319.850,357.490
-443784.650,-1172319.260,357.810
-443785.910,-1172318.110,358.450
-443784.580,-1172318.730,358.110
-443784.910,-1172318.440,358.230
-443785.250,-1172318.130,358.440
-443785.910,-1172317.520,358.790
-443786.830,-1172316.690,359.280
-443782.900,-1172319.780,357.570
-443783.530,-1172319.200,357.890
-443784.800,-1172318.040,358.530
-443785.160,-1172317.710,358.790
-443786.140,-1172316.820,359.420
-443787.070,-1172315.980,359.730
-443782.290,-1172319.870,357.550
-443783.250,-1172318.990,358.030
-443784.820,-1172317.570,358.830
-443785.440,-1172317.000,359.160
-443785.760,-1172316.710,359.320
-443786.400,-1172316.120,359.640
-443786.720,-1172315.840,359.800
-443787.020,-1172315.560,359.960
-443787.350,-1172315.260,360.160
-443782.320,-1172319.480,357.880
-443782.640,-1172319.190,358.010
-443785.210,-1172316.860,359.330
-443786.150,-1172316.000,359.820
-443782.920,-1172318.430,358.450
-443784.200,-1172317.270,359.080
-443785.170,-1172316.380,359.570
-443785.790,-1172315.820,359.910
-443786.720,-1172314.970,360.360
-443780.860,-1172319.940,357.650
-443782.130,-1172318.780,358.280
-443782.780,-1172318.190,358.640
-443783.120,-1172317.880,358.800
-443784.360,-1172316.750,359.440
-443785.330,-1172315.870,359.940
-443785.670,-1172315.560,360.110
-443786.630,-1172314.680,360.610
-443787.270,-1172314.100,360.950
-443782.340,-1172318.140,358.650
-443782.650,-1172317.860,358.820
-443786.170,-1172314.650,360.620
-443780.390,-1172319.560,357.950
-443781.330,-1172318.710,358.420
-443781.630,-1172318.430,358.570
-443781.950,-1172318.140,358.710
-443782.270,-1172317.850,358.890
-443782.560,-1172317.580,359.020
-443783.540,-1172316.700,359.540
-443784.170,-1172316.120,359.840
-443784.490,-1172315.830,360.020
-443785.130,-1172315.240,360.340
-443785.470,-1172314.930,360.540
-443786.120,-1172314.340,360.860
-443786.430,-1172314.060,361.000
-443781.390,-1172318.080,358.760
-443782.640,-1172316.930,359.400
-443782.970,-1172316.640,359.570
-443783.300,-1172316.340,359.750
-443784.550,-1172315.200,360.380
-443784.850,-1172314.920,360.500
-443785.200,-1172314.600,360.710
-443785.520,-1172314.320,360.880
-443779.480,-1172319.340,358.210
-443779.780,-1172319.070,358.330
-443781.400,-1172317.590,359.120
-443782.040,-1172317.010,359.460
-443782.670,-1172316.430,359.760
-443783.610,-1172315.580,360.250
-443783.920,-1172315.300,360.400
-443784.560,-1172314.710,360.730
-443779.800,-1172319.520,357.980
-443780.530,-1172317.870,358.970
-443781.140,-1172317.310,359.290
-443782.420,-1172316.140,359.920
-443783.100,-1172315.520,360.300
-443783.710,-1172314.960,360.590
-443784.030,-1172314.670,360.720
-443782.340,-1172315.870,360.160
-443775.740,-1172321.360,355.560
-443776.100,-1172321.030,355.880
-443780.060,-1172317.420,359.310
-443781.340,-1172316.260,359.960
-443782.640,-1172315.070,360.590
-443783.300,-1172314.470,360.960
-443779.470,-1172317.100,359.580
-443779.800,-1172316.810,359.740
-443780.430,-1172316.230,360.100
-443781.030,-1172315.680,360.330
-443781.350,-1172315.390,360.540
-443779.720,-1172317.300,359.460
-443780.360,-1172316.720,359.800
-443782.870,-1172314.430,361.020
-443775.890,-1172319.980,356.950
-443779.480,-1172316.710,359.880
-443780.450,-1172315.820,360.350
-443781.090,-1172315.240,360.670
-443781.390,-1172314.960,360.830
-443773.250,-1172321.210,356.040
-443773.950,-1172320.570,356.540
-443772.760,-1172321.060,356.210
-443773.440,-1172320.440,356.700
-443774.190,-1172319.750,357.310
-443775.590,-1172318.480,358.360
-443773.650,-1172319.290,357.790
-443771.950,-1172321.370,356.030
-443773.030,-1172320.390,356.820
-443770.480,-1172321.800,355.800
-443770.810,-1172321.500,356.000
-443771.170,-1172321.170,356.290
-443771.850,-1172320.550,356.810
-443772.210,-1172320.220,357.050
-443772.910,-1172319.580,357.580
-443773.270,-1172319.260,357.830
-443774.340,-1172318.280,358.730
-443772.220,-1172320.590,356.730
-443770.500,-1172321.390,356.110
-443771.540,-1172320.440,356.910
-443772.540,-1172319.530,357.600
-443772.910,-1172319.200,357.890
-443770.450,-1172320.670,356.820
-443771.130,-1172320.050,357.320
-443772.190,-1172319.080,358.060
-443772.930,-1172318.410,358.640
-443769.940,-1172321.640,356.000
-443772.390,-1172319.400,357.800
-443773.090,-1172318.760,358.320
-443775.190,-1172316.860,360.010
-443775.550,-1172316.520,360.280
-443768.570,-1172322.000,358.080
-443770.860,-1172319.920,357.430
-443771.590,-1172319.250,358.010
-443772.260,-1172318.650,358.470
-443773.660,-1172317.360,359.560
-443768.230,-1172321.920,358.150
-443771.150,-1172319.260,358.020
-443773.660,-1172316.970,359.960
-443767.760,-1172322.100,358.070
-443771.740,-1172318.480,358.750
-443772.770,-1172317.530,359.520
-443773.140,-1172317.200,359.820
-443773.500,-1172316.870,360.080
-443766.860,-1172322.110,358.120
-443767.830,-1172321.220,358.550
-443768.130,-1172320.950,358.690
-443769.720,-1172319.500,359.450
-443771.620,-1172317.770,359.360
-443772.640,-1172316.830,360.150
-443766.290,-1172322.180,358.080
-443766.620,-1172321.880,358.250
-443767.560,-1172321.030,358.680
-443767.900,-1172320.710,358.850
-443773.910,-1172315.230,361.660
-443766.250,-1172321.860,358.340
-443767.170,-1172321.020,358.750
-443771.020,-1172317.510,359.720
-443772.770,-1172315.900,361.090
-443768.590,-1172318.540,360.080
-443772.030,-1172315.400,361.660
-443766.720,-1172320.250,359.230
-443766.700,-1172319.340,359.750
-443770.790,-1172315.610,361.580
-443767.220,-1172318.270,360.310
-443770.060,-1172315.680,361.570
-443766.130,-1172318.390,360.330
-443768.320,-1172316.380,361.350
-443766.310,-1172318.720,360.100
-443768.100,-1172316.320,361.400
-443767.360,-1172316.420,361.390
-443766.960,-1172316.440,361.410
-443766.590,-1172316.270,361.580
-443748.900,-1172320.910,357.910
-443749.580,-1172320.280,358.400
-443748.510,-1172320.740,358.270
-443747.190,-1172320.930,358.220
-443747.520,-1172320.630,358.380
-443747.870,-1172320.310,358.600
-443748.210,-1172320.000,358.780
-443747.960,-1172319.780,358.910
-443748.300,-1172319.470,359.090
-443740.710,-1172325.910,358.480
-443747.410,-1172319.790,358.970
-443746.940,-1172319.890,358.920
-443747.570,-1172319.310,359.250
-443740.490,-1172325.790,358.570
-443741.160,-1172325.170,358.900
-443745.250,-1172321.440,357.850
-443746.270,-1172320.500,358.530
-443745.140,-1172320.990,358.310
-443746.820,-1172319.460,359.210
-443747.140,-1172319.170,359.390
-443747.470,-1172318.860,359.580
-443740.570,-1172324.850,359.130
-443745.010,-1172320.780,358.390
-443745.350,-1172320.470,358.630
-443745.960,-1172319.910,358.940
-443746.310,-1172319.590,359.110
-443746.960,-1172318.990,359.500
-443747.310,-1172318.680,359.690
-443745.590,-1172319.900,359.000
-443746.280,-1172319.270,359.360
-443746.600,-1172318.970,359.540
-443747.250,-1172318.380,359.860
-443739.850,-1172325.150,358.990
-443740.190,-1172324.850,359.170
-443740.530,-1172324.530,359.400
-443739.110,-1172325.540,358.870
-443739.440,-1172325.240,359.040
-443739.750,-1172324.960,359.170
-443741.080,-1172323.740,359.920
-443746.470,-1172318.810,359.700
-443746.790,-1172318.520,359.870
-443747.130,-1172318.200,360.070
-443738.410,-1172325.660,358.820
-443738.740,-1172325.360,358.960
-443740.060,-1172324.150,359.630
-443743.220,-1172321.260,358.320
-443743.880,-1172320.660,358.610
-443744.830,-1172319.780,359.130
-443746.110,-1172318.610,359.810
-443746.460,-1172318.290,360.030
-443738.330,-1172325.320,359.010
-443738.660,-1172325.020,359.180
-443740.300,-1172323.520,360.040
-443740.630,-1172323.220,360.190
-443742.800,-1172321.240,358.290
-443743.490,-1172320.610,358.690
-443743.810,-1172320.310,358.840
-443744.140,-1172320.010,359.020
-443744.770,-1172319.430,359.340
-443745.760,-1172318.520,359.910
-443746.090,-1172318.220,360.110
-443739.620,-1172323.670,360.000
-443739.950,-1172323.370,360.150
-443742.800,-1172320.760,358.630
-443743.790,-1172319.850,359.180
-443744.120,-1172319.550,359.350
-443744.420,-1172319.270,359.510
-443744.760,-1172318.960,359.680
-443745.110,-1172318.640,359.860
-443745.440,-1172318.340,360.040
-443742.010,-1172321.160,358.500
-443742.330,-1172320.870,358.610
-443742.670,-1172320.560,358.810
-443743.350,-1172319.930,359.190
-443743.700,-1172319.620,359.370
-443744.000,-1172319.340,359.490
-443744.640,-1172318.750,359.890
-443744.980,-1172318.440,360.030
-443745.970,-1172317.540,360.580
-443742.340,-1172320.380,358.990
-443743.020,-1172319.760,359.300
-443743.330,-1172319.470,359.480
-443743.990,-1172318.870,359.790
-443744.320,-1172318.570,360.000
-443744.660,-1172318.260,360.200
-443742.550,-1172319.840,359.280
-443743.190,-1172319.250,359.610
-443744.830,-1172317.750,360.490
-443745.480,-1172317.150,360.860
-443735.790,-1172325.650,358.160
-443742.580,-1172319.430,359.570
-443742.900,-1172319.130,359.710
-443743.520,-1172318.560,360.080
-443735.980,-1172325.210,358.360
-443736.300,-1172324.920,358.490
-443742.440,-1172319.290,359.660
-443742.770,-1172318.990,359.830
-443743.740,-1172318.100,360.350
-443735.480,-1172325.150,358.430
-443736.760,-1172323.980,359.060
-443737.390,-1172323.390,359.400
-443742.870,-1172318.370,360.230
-443743.560,-1172317.740,360.620
-443737.520,-1172322.810,359.750
-443738.460,-1172321.950,360.180
-443738.800,-1172321.640,360.400
-443742.330,-1172318.400,360.230
-443742.640,-1172318.120,360.390
-443743.270,-1172317.540,360.730
-443735.900,-1172324.300,358.910
-443736.220,-1172324.010,359.090
-443736.540,-1172323.700,359.250
-443734.640,-1172324.990,358.670
-443735.640,-1172324.070,359.140
-443736.620,-1172323.170,359.610
-443737.600,-1172322.270,360.120
-443739.200,-1172320.810,360.920
-443742.370,-1172317.900,360.630
-443742.720,-1172317.580,360.830
-443735.380,-1172323.980,359.170
-443735.720,-1172323.670,359.360
-443738.670,-1172320.960,360.880
-443739.000,-1172320.660,361.020
-443739.320,-1172320.360,361.190
-443739.650,-1172320.060,361.380
-443733.400,-1172325.800,358.170
-443734.370,-1172324.910,358.650
-443734.710,-1172324.590,358.840
-443733.920,-1172324.830,358.750
-443735.230,-1172323.620,359.430
-443735.870,-1172323.040,359.730
-443736.210,-1172322.730,359.930
-443736.890,-1172322.110,360.250
-443737.540,-1172321.510,360.590
-443741.700,-1172317.690,360.820
-443736.160,-1172322.390,360.130
-443737.790,-1172320.890,360.960
-443738.140,-1172320.570,361.160
-443738.480,-1172320.260,361.330
-443739.100,-1172319.690,361.660
-443732.610,-1172325.650,358.330
-443732.910,-1172325.370,358.460
-443733.560,-1172324.770,358.810
-443732.260,-1172325.480,358.510
-443733.560,-1172324.290,359.130
-443735.820,-1172322.220,360.270
-443736.460,-1172321.630,360.580
-443737.110,-1172321.030,360.920
-443737.450,-1172320.720,361.120
-443738.100,-1172320.120,361.440
-443735.850,-1172321.770,360.530
-443736.180,-1172321.470,360.710
-443736.500,-1172321.170,360.910
-443736.820,-1172320.880,361.070
-443731.620,-1172325.650,358.430
-443731.930,-1172325.370,358.580
-443732.250,-1172325.080,358.710
-443733.240,-1172324.160,359.240
-443733.930,-1172323.530,359.630
-443734.590,-1172322.930,359.950
-443734.910,-1172322.630,360.140
-443731.430,-1172325.230,358.710
-443731.770,-1172324.920,358.850
-443732.420,-1172324.330,359.180
-443732.760,-1172324.010,359.380
-443733.410,-1172323.410,359.720
-443733.710,-1172323.130,359.850
-443735.380,-1172321.600,360.700
-443735.730,-1172321.290,360.890
-443736.030,-1172321.010,361.050
-443736.690,-1172320.400,361.380
-443731.560,-1172324.580,359.080
-443736.140,-1172320.370,361.420
-443731.630,-1172324.030,359.440
-443733.600,-1172322.220,360.440
-443733.930,-1172321.920,360.680
-443734.920,-1172321.010,361.120
-443735.250,-1172320.700,361.310
-443731.420,-1172323.860,359.570
-443732.690,-1172322.690,360.250
-443733.340,-1172322.090,360.560
-443734.620,-1172320.910,361.180
-443734.980,-1172320.590,361.400
-443735.280,-1172320.310,361.550
-443731.230,-1172323.560,359.790
-443731.550,-1172323.270,359.940
-443732.860,-1172322.070,360.630
-443733.190,-1172321.760,360.800
-443733.800,-1172321.200,361.080
-443734.790,-1172320.290,361.640
-443730.990,-1172323.380,359.990
-443731.310,-1172323.090,360.100
-443731.620,-1172322.800,360.260
-443733.280,-1172321.270,361.130
-443733.600,-1172320.980,361.260
-443733.930,-1172320.680,361.450
-443731.540,-1172322.530,360.450
-443731.850,-1172322.250,360.590
-443732.180,-1172321.940,360.770
-443732.510,-1172321.640,360.900
-443732.850,-1172321.330,361.100
-443733.490,-1172320.730,361.430
-443731.740,-1172321.930,360.830
-443732.060,-1172321.640,360.980
-443731.340,-1172321.730,360.980
-443732.330,-1172320.830,361.480
-443732.640,-1172320.540,361.620
-443732.980,-1172320.230,361.830
-443727.140,-1172325.080,355.580
-443726.950,-1172324.840,355.790
-443726.230,-1172325.160,355.600
-443726.930,-1172324.520,356.010
-443727.280,-1172324.200,356.230
-443726.020,-1172324.960,355.790
-443726.370,-1172324.630,355.990
-443727.020,-1172324.030,356.360
-443725.790,-1172324.760,355.880
-443726.110,-1172324.460,356.090
-443726.790,-1172323.830,356.480
-443727.110,-1172323.540,356.650
-443726.140,-1172324.050,356.400
-443727.140,-1172323.130,357.000
-443725.920,-1172323.780,356.610
-443726.250,-1172323.480,356.780
-443727.260,-1172322.550,357.350
-443724.420,-1172324.640,356.120
-443724.760,-1172324.330,356.350
-443725.070,-1172324.040,356.500
-443725.740,-1172323.420,356.840
-443726.090,-1172323.100,357.060
-443726.770,-1172322.470,357.470
-443723.080,-1172325.260,355.790
-443723.450,-1172324.930,356.010
-443723.780,-1172324.630,356.190
-443724.090,-1172324.330,356.380
-443724.440,-1172324.010,356.580
-443724.800,-1172323.690,356.780
-443725.140,-1172323.370,356.970
-443725.470,-1172323.060,357.160
-443725.820,-1172322.740,357.350
-443726.160,-1172322.430,357.560
-443722.700,-1172325.180,355.860
-443723.030,-1172324.880,356.030
-443723.380,-1172324.550,356.250
-443723.720,-1172324.240,356.470
-443724.410,-1172323.610,356.880
-443725.740,-1172322.380,357.620
-443726.100,-1172322.050,357.840
-443722.190,-1172325.250,355.860
-443722.510,-1172324.960,356.030
-443722.860,-1172324.640,356.220
-443723.190,-1172324.330,356.450
-443723.540,-1172324.010,356.660
-443723.860,-1172323.710,356.850
-443724.190,-1172323.410,357.070
-443724.530,-1172323.100,357.220
-443724.850,-1172322.800,357.400
-443725.170,-1172322.510,357.560
-443725.850,-1172321.890,357.980
-443721.490,-1172325.460,355.730
-443722.870,-1172324.190,356.540
-443723.220,-1172323.870,356.760
-443723.560,-1172323.550,356.970
-443723.900,-1172323.240,357.150
-443724.210,-1172322.950,357.320
-443724.560,-1172322.630,357.530
-443725.210,-1172322.030,357.900
-443725.550,-1172321.720,358.130
-443725.860,-1172321.430,358.280
-443721.060,-1172325.310,355.910
-443722.740,-1172323.760,356.860
-443723.400,-1172323.160,357.220
-443725.130,-1172321.560,358.250
-443725.470,-1172321.260,358.460
-443721.140,-1172324.780,356.200
-443722.190,-1172323.810,356.860
-443722.560,-1172323.480,357.080
-443723.220,-1172322.870,357.480
-443724.570,-1172321.630,358.260
-443724.900,-1172321.320,358.430
-443725.260,-1172320.990,358.660
-443722.260,-1172323.280,357.280
-443722.590,-1172322.970,357.480
-443723.300,-1172322.320,357.920
-443723.980,-1172321.690,358.290
-443724.660,-1172321.070,358.700
-443721.220,-1172323.750,357.000
-443721.890,-1172323.130,357.410
-443722.210,-1172322.830,357.590
-443722.900,-1172322.200,357.990
-443723.250,-1172321.880,358.230
-443724.240,-1172320.960,358.780
-443724.580,-1172320.650,358.980
-443721.180,-1172323.240,357.360
-443721.540,-1172322.920,357.560
-443722.190,-1172322.310,357.960
-443722.510,-1172322.020,358.140
-443723.210,-1172321.380,358.570
-443723.840,-1172320.790,358.920
-443721.460,-1172322.600,357.770
-443721.820,-1172322.270,357.990
-443722.140,-1172321.980,358.170
-443722.480,-1172321.660,358.420
-443723.200,-1172321.010,358.850
-443720.990,-1172322.630,357.830
-443721.310,-1172322.340,358.020
-443722.020,-1172321.690,358.440
-443720.890,-1172322.300,358.080
-443721.570,-1172321.670,358.470
-443721.930,-1172321.340,358.710
-443721.150,-1172321.590,358.510
-443720.750,-1172321.620,358.470
-443743.020,-1172295.290,356.430
-443742.870,-1172295.000,356.750
-443743.060,-1172293.500,357.970
-443742.480,-1172293.610,357.940
-443742.510,-1172293.090,358.380
-443742.010,-1172292.980,358.490
-443742.340,-1172292.670,358.720
-443742.510,-1172292.150,359.170
-443741.510,-1172293.070,358.440
-443741.840,-1172292.760,358.700
-443742.160,-1172292.470,358.880
-443741.230,-1172292.860,358.660
-443741.580,-1172292.540,358.920
-443741.910,-1172292.230,359.180
-443742.270,-1172291.900,359.450
-443742.590,-1172291.600,359.670
-443741.240,-1172292.430,359.010
-443741.940,-1172291.780,359.510
-443740.630,-1172292.440,359.040
-443740.990,-1172292.110,359.350
-443741.330,-1172291.790,359.550
-443740.720,-1172291.960,359.430
-443735.340,-1172296.920,355.840
-443734.290,-1172297.320,355.710
-443734.960,-1172296.700,356.140
-443734.850,-1172296.250,356.460
-443735.530,-1172295.620,356.860
-443734.070,-1172296.260,356.640
-443734.400,-1172295.960,356.790
-443734.750,-1172295.640,357.010
-443734.010,-1172295.910,356.920
-443734.680,-1172295.300,357.270
-443734.980,-1172295.020,357.480
-443735.320,-1172294.710,357.710
-443735.980,-1172294.090,358.090
-443734.270,-1172295.230,357.460
-443734.590,-1172294.930,357.660
-443734.910,-1172294.630,357.870
-443735.900,-1172293.720,358.500
-443737.240,-1172292.480,359.390
-443737.580,-1172292.170,359.640
-443734.050,-1172295.060,357.560
-443734.390,-1172294.750,357.780
-443734.730,-1172294.430,357.990
-443735.070,-1172294.130,358.210
-443735.380,-1172293.840,358.410
-443734.250,-1172294.350,358.150
-443735.250,-1172293.430,358.770
-443735.590,-1172293.120,359.010
-443734.260,-1172294.020,358.410
-443734.610,-1172293.700,358.650
-443735.250,-1172293.100,359.050
-443735.550,-1172292.830,359.220
-443735.930,-1172292.480,359.480
-443729.480,-1172297.400,356.190
-443733.840,-1172293.370,359.020
-443734.160,-1172293.070,359.210
-443734.490,-1172292.770,359.450
-443729.470,-1172297.910,355.740
-443734.150,-1172293.590,358.820
-443734.470,-1172293.290,359.050
-443734.830,-1172292.960,359.300
-443735.170,-1172292.650,359.490
-443728.720,-1172297.500,356.200
-443734.090,-1172292.540,359.710
-443727.750,-1172298.030,355.700
-443728.440,-1172297.400,356.250
-443727.180,-1172298.130,355.760
-443727.890,-1172297.480,356.300
-443725.690,-1172298.160,355.830
-443726.080,-1172297.800,356.170
-443726.390,-1172297.520,356.360
-443726.750,-1172297.190,356.670
-443726.610,-1172297.720,356.190
-443725.080,-1172297.700,356.340
-443724.990,-1172298.300,355.870
-443726.400,-1172297.000,356.920
-443726.750,-1172296.680,357.190
-443723.550,-1172298.480,355.830
-443724.630,-1172297.480,356.660
-443724.970,-1172297.170,356.910
-443725.310,-1172296.860,357.140
-443725.650,-1172296.540,357.440
-443722.910,-1172298.670,355.680
-443723.260,-1172298.350,355.920
-443722.730,-1172297.850,356.490
-443723.430,-1172297.210,357.010
-443723.800,-1172296.860,357.320
-443723.310,-1172296.720,357.560
-443719.350,-1172298.690,355.690
-443719.990,-1172298.100,356.000
-443720.670,-1172297.470,356.340
-443720.540,-1172296.570,356.950
-443720.890,-1172296.250,357.150
-443719.450,-1172297.200,356.640
-443719.690,-1172295.650,357.570
-443720.630,-1172294.790,358.030
-443719.440,-1172295.410,357.800
-443719.770,-1172295.110,357.990
-443718.870,-1172295.420,357.760
-443719.190,-1172295.130,357.930
-443720.170,-1172325.680,355.690
-443720.830,-1172325.060,356.090
-443720.260,-1172324.630,356.470
-443720.570,-1172324.350,356.660
-443719.920,-1172325.430,355.910
-443720.250,-1172325.130,356.140
-443718.470,-1172325.740,355.810
-443719.150,-1172325.110,356.210
-443719.840,-1172324.470,356.620
-443720.180,-1172324.160,356.790
-443720.530,-1172323.840,357.020
-443718.890,-1172325.890,355.660
-443719.560,-1172325.270,356.050
-443719.920,-1172324.940,356.270
-443717.610,-1172325.750,355.910
-443717.950,-1172325.430,356.090
-443718.280,-1172325.130,356.290
-443718.600,-1172324.830,356.460
-443718.950,-1172324.510,356.670
-443719.300,-1172324.180,356.880
-443719.650,-1172323.870,357.060
-443720.320,-1172323.250,357.430
-443720.660,-1172322.940,357.670
-443718.080,-1172325.710,355.830
-443718.430,-1172325.390,356.090
-443718.780,-1172325.070,356.260
-443719.100,-1172324.770,356.420
-443719.750,-1172324.180,356.810
-443720.090,-1172323.860,356.990
-443720.460,-1172323.530,357.210
-443720.770,-1172323.240,357.380
-443717.820,-1172324.650,356.660
-443718.130,-1172324.370,356.790
-443718.810,-1172323.740,357.190
-443719.130,-1172323.450,357.380
-443719.810,-1172322.830,357.740
-443720.140,-1172322.520,357.950
-443720.480,-1172322.210,358.160
-443717.830,-1172325.110,356.340
-443718.500,-1172324.500,356.670
-443719.170,-1172323.880,357.060
-443719.540,-1172323.540,357.270
-443719.850,-1172323.250,357.460
-443720.180,-1172322.950,357.660
-443720.530,-1172322.630,357.860
-443717.790,-1172324.350,356.880
-443718.130,-1172324.040,357.050
-443718.460,-1172323.730,357.220
-443718.810,-1172323.410,357.410
-443719.440,-1172322.830,357.790
-443719.780,-1172322.510,357.960
-443720.110,-1172322.210,358.170
-443720.440,-1172321.910,358.350
-443718.620,-1172322.650,357.980
-443718.940,-1172322.360,358.170
-443719.630,-1172321.720,358.580
-443719.960,-1172321.420,358.750
-443717.780,-1172323.910,357.190
-443718.100,-1172323.610,357.370
-443718.450,-1172323.290,357.560
-443718.800,-1172322.970,357.760
-443719.140,-1172322.670,357.930
-443719.460,-1172322.360,358.110
-443719.820,-1172322.040,358.350
-443720.490,-1172321.420,358.730
-443717.890,-1172322.270,358.320
-443718.230,-1172321.960,358.490
-443718.560,-1172321.650,358.690
-443718.880,-1172321.350,358.860
-443717.790,-1172322.790,357.960
-443718.120,-1172322.490,358.140
-443718.460,-1172322.180,358.340
-443718.800,-1172321.860,358.520
-443719.160,-1172321.540,358.720
-443719.480,-1172321.230,358.900
-443718.110,-1172321.570,358.810
-443715.710,-1172322.760,361.140
-443716.040,-1172322.450,361.360
-443716.650,-1172322.430,361.290
-443717.200,-1172321.930,358.650
-443715.670,-1172321.910,361.820
-443715.470,-1172322.570,361.280
-443715.790,-1172322.270,361.480
-443714.030,-1172322.920,361.120
-443714.370,-1172322.610,361.340
-443714.690,-1172322.310,361.560
-443715.030,-1172322.010,361.760
-443715.350,-1172321.710,361.910
-443714.970,-1172322.560,361.350
-443715.330,-1172322.230,361.570
-443713.090,-1172322.840,361.270
-443713.420,-1172322.540,361.440
-443714.110,-1172321.910,361.850
-443713.900,-1172322.470,361.550
-443714.240,-1172322.160,361.700
-443714.580,-1172321.840,361.940
-443712.950,-1172322.560,361.530
-443713.650,-1172321.910,361.930
-443711.290,-1172323.140,361.220
-443711.610,-1172322.840,361.390
-443712.270,-1172322.230,361.790
-443712.620,-1172321.920,361.990
-443711.700,-1172323.270,361.060
-443712.690,-1172322.350,361.650
-443713.060,-1172322.020,361.870
-443711.520,-1172322.130,361.950
-443710.750,-1172323.270,361.160
-443711.090,-1172322.950,361.330
-443711.440,-1172322.630,361.560
-443711.770,-1172322.330,361.760
-443712.120,-1172322.000,361.950
-443710.880,-1172322.230,361.880
-443708.500,-1172323.490,361.210
-443708.840,-1172323.170,361.430
-443709.160,-1172322.880,361.600
-443709.030,-1172323.360,361.290
-443709.350,-1172323.070,361.440
-443707.600,-1172323.440,361.350
-443707.910,-1172323.140,361.500
-443708.580,-1172322.530,361.920
-443707.900,-1172323.580,361.250
-443708.250,-1172323.260,361.480
-443708.910,-1172322.650,361.830
-443706.690,-1172323.320,361.520
-443707.360,-1172322.710,361.910
-443707.670,-1172322.420,362.010
-443706.940,-1172323.490,361.370
-443707.290,-1172323.160,361.570
-443707.630,-1172322.850,361.780
-443707.970,-1172322.540,361.930
-443717.450,-1172298.660,355.820
-443718.750,-1172297.460,356.500
-443718.060,-1172297.160,356.730
-443717.520,-1172298.080,356.230
-443717.280,-1172296.890,357.000
-443718.470,-1172296.310,357.310
-443717.350,-1172295.830,357.600
-443711.950,-1172295.620,356.370
-443711.290,-1172295.920,356.190
-443707.030,-1172299.440,356.100
-443711.530,-1172295.280,356.630
-443712.190,-1172294.670,356.980
-443706.720,-1172298.660,356.890
-443710.810,-1172294.880,356.940
-443706.610,-1172299.320,356.200
-443707.000,-1172298.960,356.510
-443705.580,-1172299.270,356.330
-443706.310,-1172298.590,356.940
-443706.800,-1172297.220,358.330
-443706.580,-1172297.920,357.660
-443707.690,-1172296.900,358.570
-443703.230,-1172297.850,357.010
-443702.200,-1172296.240,358.150
-443702.430,-1172296.550,357.960
-443843.650,-1172432.080,355.150
-443840.790,-1172432.570,354.980
-443834.010,-1172421.540,348.770
-443795.420,-1172424.390,352.620
-443737.990,-1172411.670,347.760
-443737.870,-1172412.010,347.770
-443737.930,-1172411.840,347.200
-443743.600,-1172411.110,347.950
-443743.480,-1172411.420,347.850
-443736.040,-1172437.350,350.920
-443735.880,-1172437.720,347.510
-443746.430,-1172411.030,347.940
-443746.300,-1172411.360,347.850
-443746.550,-1172410.700,347.980
-443738.440,-1172437.120,354.480
-443738.310,-1172437.440,350.860
-443738.290,-1172437.440,347.160
-443739.260,-1172437.260,354.440
-443739.580,-1172437.190,354.430
-443739.680,-1172436.890,350.980
-443739.560,-1172437.210,350.930
-443740.210,-1172437.010,347.630
-443740.410,-1172437.240,350.900
-443741.030,-1172436.860,354.490
-443741.740,-1172437.120,350.930
-443742.060,-1172437.090,354.450
-443742.860,-1172436.920,347.610
-443743.910,-1172436.880,347.590
-443747.440,-1172436.940,350.890
-443748.880,-1172436.680,354.480
-443748.980,-1172436.360,351.010
-443748.860,-1172436.690,350.960
-443749.360,-1172436.330,351.030
-443750.160,-1172436.480,347.610
-443750.040,-1172436.790,347.560
-443750.770,-1172436.620,354.470
-443750.750,-1172436.650,350.970
-443751.070,-1172436.610,350.960
-443750.960,-1172436.920,350.870
-443751.160,-1172436.350,347.670
-443751.040,-1172436.650,347.560
-443751.500,-1172436.890,350.890
-443751.580,-1172436.630,347.570
-443751.810,-1172436.690,347.540
-443752.330,-1172436.910,347.210
-443752.600,-1172436.930,347.210
-443753.080,-1172436.860,347.480
-443753.120,-1172436.750,347.060
-443754.060,-1172436.460,350.970
-443753.940,-1172436.780,350.880
-443754.430,-1172436.320,354.520
-443756.280,-1172436.560,350.910
-443756.590,-1172436.540,350.900
-443757.420,-1172435.990,351.070
-443759.910,-1172436.110,351.020
-443760.750,-1172436.240,350.950
-443771.880,-1172411.580,353.780
-443762.560,-1172436.460,350.890
-443762.640,-1172436.200,347.560
-443772.170,-1172411.570,353.730
-443772.660,-1172411.500,353.750
-443763.480,-1172436.070,354.480
-443768.460,-1172436.150,347.530
-443833.520,-1172385.410,348.780
-443699.880,-1172345.840,353.000
-443699.530,-1172345.920,353.030
-443698.020,-1172346.310,352.660
-443842.870,-1172313.020,352.100
-443842.480,-1172312.500,352.420
-443842.370,-1172312.780,352.240
-443842.260,-1172313.070,352.040
-443842.550,-1172311.400,353.210
-443842.440,-1172311.690,352.990
-443842.330,-1172311.970,352.840
-443842.230,-1172312.240,352.660
-443841.900,-1172313.100,352.150
-443842.350,-1172309.470,354.570
-443842.230,-1172309.770,354.400
-443842.120,-1172310.050,354.170
-443841.800,-1172310.900,353.640
-443841.700,-1172311.170,353.430
-443841.600,-1172311.440,353.210
-443841.480,-1172311.750,353.060
-443841.380,-1172312.010,352.810
-443841.270,-1172312.300,352.640
-443841.160,-1172312.590,352.470
-443842.190,-1172310.440,353.870
-443841.760,-1172311.580,353.110
-443841.650,-1172311.860,352.930
-443841.540,-1172312.150,352.740
-443841.430,-1172312.440,352.540
-443841.330,-1172312.690,352.310
-443841.220,-1172312.980,352.120
-443841.110,-1172313.270,351.970
-443842.040,-1172308.910,354.920
-443841.930,-1172309.210,354.790
-443841.820,-1172309.490,354.560
-443841.600,-1172310.080,354.250
-443841.510,-1172310.300,353.920
-443841.160,-1172311.210,353.450
-443841.050,-1172311.490,353.270
-443840.950,-1172311.780,353.050
-443841.330,-1172310.230,354.180
-443841.230,-1172310.480,353.940
-443841.120,-1172310.780,353.780
-443841.010,-1172311.070,353.570
-443840.900,-1172311.340,353.380
-443840.800,-1172311.620,353.240
-443840.680,-1172311.920,353.020
-443840.250,-1172313.060,352.210
-443841.270,-1172308.730,355.250
-443840.540,-1172310.620,353.780
-443840.420,-1172310.930,353.730
-443840.330,-1172311.180,353.510
-443840.210,-1172311.490,353.330
-443840.010,-1172312.020,352.890
-443839.890,-1172312.320,352.720
-443839.780,-1172312.600,352.520
-443839.680,-1172312.880,352.370
-443839.580,-1172313.150,352.140
-443839.480,-1172313.410,351.860
-443840.510,-1172308.440,355.490
-443840.310,-1172308.970,355.110
-443840.200,-1172309.250,354.890
-443839.870,-1172310.110,354.350
-443839.760,-1172310.380,354.110
-443839.660,-1172310.660,353.880
-443839.440,-1172311.240,353.540
-443839.220,-1172311.810,353.160
-443839.020,-1172312.340,352.770
-443838.910,-1172312.610,352.570
-443838.590,-1172313.470,352.080
-443841.150,-1172308.410,355.440
-443841.050,-1172308.670,355.270
-443840.930,-1172308.970,355.100
-443840.390,-1172310.400,354.120
-443840.190,-1172310.910,353.670
-443839.650,-1172312.340,352.810
-443839.550,-1172312.580,352.570
-443839.450,-1172312.850,352.380
-443839.350,-1172313.110,352.150
-443840.070,-1172308.800,355.220
-443839.840,-1172309.420,354.870
-443839.750,-1172309.650,354.630
-443839.530,-1172310.220,354.300
-443839.420,-1172310.520,354.080
-443839.320,-1172310.770,353.870
-443839.200,-1172311.080,353.730
-443839.090,-1172311.370,353.540
-443838.990,-1172311.640,353.310
-443838.550,-1172312.780,352.590
-443839.370,-1172308.960,355.210
-443839.160,-1172309.490,354.840
-443838.720,-1172310.640,354.020
-443838.620,-1172310.920,353.790
-443838.190,-1172312.050,353.090
-443838.090,-1172312.300,352.840
-443837.760,-1172313.180,352.300
-443837.650,-1172313.440,352.090
-443838.810,-1172309.900,354.570
-443838.690,-1172310.200,354.410
-443838.490,-1172310.730,353.990
-443838.390,-1172311.000,353.770
-443838.150,-1172311.620,353.450
-443837.960,-1172309.670,354.790
-443837.860,-1172309.950,354.640
-443837.750,-1172310.210,354.450
-443837.650,-1172310.490,354.220
-443837.540,-1172310.780,354.050
-443837.000,-1172312.180,353.140
-443836.350,-1172313.880,351.930
-443838.620,-1172308.810,355.400
-443838.310,-1172309.640,354.820
-443837.900,-1172310.720,354.010
-443837.680,-1172311.280,353.580
-443837.460,-1172311.860,353.280
-443837.350,-1172312.140,353.070
-443837.240,-1172312.430,352.860
-443836.920,-1172313.290,352.280
-443836.800,-1172313.580,352.110
-443836.710,-1172313.830,351.880
-443837.570,-1172308.880,355.430
-443837.250,-1172309.710,354.830
-443836.830,-1172310.820,354.010
-443836.610,-1172311.400,353.720
-443836.510,-1172311.640,353.510
-443836.400,-1172311.930,353.280
-443835.980,-1172313.050,352.560
-443835.870,-1172313.320,352.290
-443835.770,-1172313.600,352.120
-443838.270,-1172308.850,355.380
-443838.070,-1172309.380,354.940
-443837.270,-1172309.030,355.370
-443837.170,-1172309.290,355.140
-443837.050,-1172309.590,354.950
-443836.960,-1172309.850,354.700
-443836.840,-1172310.150,354.540
-443836.520,-1172310.990,353.940
-443836.410,-1172311.290,353.780
-443836.300,-1172311.560,353.620
-443836.190,-1172311.850,353.390
-443835.980,-1172312.420,353.110
-443835.890,-1172312.650,352.810
-443835.780,-1172312.940,352.650
-443835.580,-1172313.450,352.170
-443836.590,-1172309.420,355.100
-443836.480,-1172309.700,354.910
-443836.370,-1172309.970,354.680
-443835.940,-1172311.100,353.920
-443835.850,-1172311.360,353.730
-443835.730,-1172311.650,353.570
-443835.190,-1172313.080,352.620
-443836.470,-1172308.870,355.510
-443836.370,-1172309.140,355.330
-443836.160,-1172309.700,354.930
-443835.930,-1172310.280,354.540
-443835.720,-1172310.850,354.160
-443835.620,-1172311.110,353.930
-443835.410,-1172311.640,353.560
-443834.880,-1172313.050,352.530
-443835.720,-1172309.100,355.410
-443835.600,-1172309.430,355.240
-443835.290,-1172310.250,354.630
-443835.090,-1172310.770,354.220
-443834.970,-1172311.070,354.020
-443834.870,-1172311.340,353.780
-443834.530,-1172312.230,353.260
-443835.230,-1172309.630,354.990
-443835.000,-1172310.220,354.660
-443834.900,-1172310.480,354.420
-443834.800,-1172310.750,354.260
-443834.580,-1172311.340,353.860
-443834.470,-1172311.610,353.660
-443834.160,-1172312.440,353.090
-443834.740,-1172309.460,355.230
-443834.540,-1172309.990,354.820
-443834.450,-1172310.240,354.570
-443834.120,-1172311.100,354.050
-443833.460,-1172312.830,353.030
-443834.490,-1172309.390,355.320
-443834.400,-1172309.650,355.080
-443834.290,-1172309.930,354.910
-443834.180,-1172310.210,354.680
-443833.960,-1172310.790,354.340
-443833.860,-1172311.040,354.130
-443833.320,-1172312.460,353.250
-443833.120,-1172313.000,352.840
-443832.900,-1172313.560,352.440
-443832.800,-1172313.830,352.230
-443832.700,-1172314.090,352.040
-443833.930,-1172309.370,355.300
-443832.950,-1172311.950,353.600
-443832.850,-1172312.210,353.410
-443832.640,-1172312.770,353.030
-443832.530,-1172313.050,352.820
-443832.430,-1172313.310,352.650
-443832.330,-1172313.580,352.460
-443832.220,-1172313.880,352.230
-443832.110,-1172314.150,352.060
-443833.810,-1172309.110,355.500
-443832.840,-1172311.670,353.810
-443832.500,-1172312.550,353.240
-443832.400,-1172312.810,353.010
-443832.300,-1172313.090,352.840
-443832.200,-1172313.350,352.640
-443832.080,-1172313.660,352.440
-443831.890,-1172314.160,352.020
-443832.960,-1172309.830,355.190
-443832.740,-1172310.390,354.760
-443832.520,-1172310.970,354.350
-443832.410,-1172311.260,354.170
-443832.210,-1172311.790,353.770
-443832.100,-1172312.070,353.570
-443832.000,-1172312.360,353.400
-443831.890,-1172312.630,353.150
-443831.670,-1172313.200,352.740
-443831.460,-1172313.770,352.360
-443831.350,-1172314.050,352.180
-443831.250,-1172314.330,351.970
-443831.140,-1172314.590,351.780
-443832.630,-1172309.820,355.190
-443832.520,-1172310.120,354.970
-443832.420,-1172310.370,354.750
-443832.310,-1172310.670,354.590
-443832.210,-1172310.930,354.390
-443832.100,-1172311.200,354.170
-443831.990,-1172311.490,353.980
-443831.880,-1172311.790,353.780
-443831.660,-1172312.360,353.380
-443831.560,-1172312.630,353.190
-443831.450,-1172312.900,353.000
-443831.350,-1172313.170,352.820
-443831.240,-1172313.460,352.610
-443831.140,-1172313.740,352.380
-443831.030,-1172314.020,352.200
-443830.920,-1172314.310,352.030
-443831.250,-1172311.790,353.810
-443831.040,-1172312.340,353.440
-443830.930,-1172312.620,353.220
-443830.830,-1172312.890,353.010
-443830.710,-1172313.200,352.820
-443830.600,-1172313.490,352.630
-443830.500,-1172313.760,352.420
-443830.390,-1172314.040,352.230
-443832.000,-1172309.830,355.170
-443831.880,-1172310.130,354.990
-443831.570,-1172310.960,354.410
-443831.470,-1172311.220,354.210
-443831.360,-1172311.510,354.020
-443831.800,-1172309.820,355.230
-443831.710,-1172310.070,355.000
-443831.610,-1172310.340,354.820
-443831.500,-1172310.620,354.660
-443831.390,-1172310.900,354.460
-443831.280,-1172311.180,354.270
-443831.190,-1172311.440,354.080
-443830.970,-1172312.000,353.660
-443830.640,-1172312.870,353.100
-443830.550,-1172313.120,352.890
-443830.450,-1172313.380,352.710
-443830.340,-1172313.660,352.490
-443830.000,-1172314.550,351.940
-443831.370,-1172309.660,355.370
-443831.260,-1172309.950,355.180
-443831.050,-1172310.500,354.770
-443830.950,-1172310.770,354.570
-443830.840,-1172311.060,354.370
-443830.630,-1172311.600,354.010
-443830.530,-1172311.860,353.800
-443830.420,-1172312.140,353.620
-443830.320,-1172312.420,353.410
-443830.210,-1172312.700,353.240
-443830.110,-1172312.980,353.050
-443830.000,-1172313.250,352.820
-443829.790,-1172313.810,352.450
-443829.670,-1172314.110,352.250
-443831.130,-1172309.560,355.470
-443831.020,-1172309.860,355.270
-443830.910,-1172310.140,355.060
-443830.810,-1172310.390,354.860
-443830.710,-1172310.680,354.650
-443830.590,-1172310.990,354.470
-443830.480,-1172311.260,354.250
-443830.380,-1172311.530,354.050
-443830.270,-1172311.830,353.860
-443830.060,-1172312.380,353.470
-443829.850,-1172312.940,353.120
-443829.750,-1172313.200,352.930
-443829.650,-1172313.460,352.730
-443829.530,-1172313.760,352.540
-443829.430,-1172314.030,352.330
-443829.220,-1172314.580,351.950
-443830.410,-1172309.760,355.360
-443830.300,-1172310.050,355.120
-443830.190,-1172310.330,354.940
-443830.090,-1172310.590,354.760
-443829.990,-1172310.860,354.560
-443829.880,-1172311.150,354.370
-443829.770,-1172311.450,354.160
-443829.670,-1172311.700,353.970
-443829.340,-1172312.580,353.390
-443829.130,-1172313.120,352.960
-443829.020,-1172313.420,352.800
-443828.920,-1172313.680,352.590
-443828.810,-1172313.960,352.420
-443828.600,-1172314.510,352.060
-443828.500,-1172314.770,351.850
-443830.110,-1172309.720,355.400
-443830.000,-1172310.010,355.180
-443829.890,-1172310.290,354.980
-443829.680,-1172310.860,354.580
-443829.560,-1172311.170,354.390
-443829.460,-1172311.420,354.160
-443829.250,-1172311.970,353.840
-443828.930,-1172312.810,353.220
-443828.820,-1172313.120,353.040
-443828.710,-1172313.400,352.840
-443828.500,-1172313.940,352.450
-443828.390,-1172314.250,352.250
-443828.290,-1172314.510,352.090
-443829.470,-1172309.830,355.340
-443829.240,-1172310.420,354.950
-443829.150,-1172310.680,354.750
-443829.040,-1172310.960,354.590
-443828.930,-1172311.250,354.380
-443828.820,-1172311.540,354.190
-443828.710,-1172311.820,353.970
-443828.610,-1172312.100,353.750
-443828.500,-1172312.380,353.530
-443828.390,-1172312.670,353.370
-443828.290,-1172312.930,353.170
-443828.180,-1172313.200,352.980
-443828.070,-1172313.500,352.790
-443827.960,-1172313.780,352.590
-443827.870,-1172314.040,352.390
-443827.750,-1172314.350,352.230
-443827.640,-1172314.630,352.000
-443828.960,-1172310.240,355.110
-443828.860,-1172310.500,354.900
-443828.540,-1172311.350,354.330
-443828.430,-1172311.630,354.130
-443828.330,-1172311.900,353.950
-443828.120,-1172312.470,353.560
-443828.010,-1172312.750,353.350
-443827.780,-1172313.340,352.960
-443827.680,-1172313.610,352.750
-443827.570,-1172313.890,352.560
-443827.470,-1172314.160,352.370
-443827.360,-1172314.440,352.190
-443828.490,-1172309.780,355.410
-443828.390,-1172310.050,355.280
-443828.280,-1172310.350,355.100
-443828.170,-1172310.620,354.890
-443828.060,-1172310.910,354.700
-443827.970,-1172311.160,354.530
-443827.870,-1172311.410,354.310
-443827.660,-1172311.970,353.890
-443827.560,-1172312.240,353.740
-443827.440,-1172312.530,353.530
-443827.340,-1172312.810,353.340
-443827.230,-1172313.100,353.160
-443827.120,-1172313.390,352.970
-443827.010,-1172313.660,352.780
-443826.810,-1172314.210,352.390
-443826.690,-1172314.510,352.180
-443826.580,-1172314.800,351.990
-443826.480,-1172315.080,351.750
-443828.160,-1172309.870,355.460
-443828.050,-1172310.160,355.250
-443827.940,-1172310.460,355.050
-443827.840,-1172310.720,354.850
-443827.740,-1172311.000,354.650
-443827.630,-1172311.260,354.440
-443827.520,-1172311.570,354.270
-443827.110,-1172312.650,353.500
-443826.900,-1172313.200,353.140
-443826.800,-1172313.460,352.920
-443826.680,-1172313.760,352.710
-443826.590,-1172314.020,352.550
-443826.480,-1172314.300,352.300
-443826.360,-1172314.620,352.140
-443826.260,-1172314.890,351.970
-443827.480,-1172310.110,355.350
-443827.370,-1172310.390,355.160
-443827.160,-1172310.960,354.770
-443827.060,-1172311.230,354.530
-443826.950,-1172311.520,354.340
-443826.630,-1172312.340,353.770
-443826.420,-1172312.900,353.360
-443826.320,-1172313.170,353.160
-443826.220,-1172313.430,352.970
-443826.110,-1172313.730,352.810
-443826.000,-1172314.000,352.600
-443825.900,-1172314.270,352.400
-443825.800,-1172314.530,352.200
-443827.190,-1172309.870,355.560
-443827.090,-1172310.140,355.350
-443826.980,-1172310.420,355.140
-443826.880,-1172310.680,354.930
-443826.670,-1172311.240,354.580
-443826.460,-1172311.800,354.170
-443826.350,-1172312.080,353.950
-443826.120,-1172312.680,353.570
-443826.020,-1172312.940,353.380
-443825.820,-1172313.480,352.960
-443825.600,-1172314.050,352.570
-443825.500,-1172314.320,352.410
-443825.400,-1172314.590,352.210
-443825.290,-1172314.860,352.030
-443826.420,-1172310.130,355.400
-443826.310,-1172310.410,355.210
-443826.210,-1172310.690,355.010
-443826.090,-1172310.990,354.810
-443825.980,-1172311.280,354.590
-443825.870,-1172311.560,354.380
-443825.780,-1172311.820,354.190
-443825.670,-1172312.110,354.010
-443825.570,-1172312.360,353.830
-443825.460,-1172312.650,353.620
-443825.030,-1172313.770,352.830
-443824.920,-1172314.070,352.620
-443824.820,-1172314.340,352.420
-443824.710,-1172314.620,352.220
-443825.050,-1172313.020,353.400
-443824.950,-1172313.270,353.170
-443824.740,-1172313.840,352.790
-443824.630,-1172314.120,352.570
-443824.530,-1172314.390,352.400
-443824.430,-1172314.660,352.180
-443826.120,-1172310.210,355.370
-443826.010,-1172310.480,355.180
-443825.910,-1172310.770,354.970
-443825.800,-1172311.050,354.780
-443825.700,-1172311.300,354.580
-443825.480,-1172311.880,354.160
-443825.370,-1172312.180,353.970
-443825.270,-1172312.450,353.780
-443825.160,-1172312.740,353.560
-443825.580,-1172310.260,355.390
-443825.470,-1172310.550,355.200
-443825.370,-1172310.810,355.010
-443825.270,-1172311.080,354.800
-443825.160,-1172311.360,354.580
-443825.050,-1172311.640,354.390
-443824.830,-1172312.220,353.980
-443824.630,-1172312.750,353.630
-443824.520,-1172313.030,353.420
-443824.410,-1172313.320,353.200
-443824.310,-1172313.600,353.010
-443824.200,-1172313.880,352.770
-443824.090,-1172314.180,352.590
-443823.990,-1172314.430,352.370
-443825.160,-1172310.580,355.190
-443825.050,-1172310.850,355.000
-443824.630,-1172311.970,354.260
-443824.540,-1172312.210,354.020
-443824.210,-1172313.070,353.410
-443824.110,-1172313.340,353.210
-443824.410,-1172310.900,355.050
-443824.300,-1172311.180,354.820
-443824.190,-1172311.470,354.640
-443824.080,-1172311.760,354.460
-443824.270,-1172310.640,355.240
-443824.160,-1172310.910,355.050
-443821.250,-1172314.370,354.110
-443821.140,-1172314.680,353.930
-443820.890,-1172313.800,354.610
-443820.690,-1172314.330,354.190
-443820.580,-1172314.610,354.000
-443820.470,-1172314.900,353.780
-443820.260,-1172315.470,353.370
-443820.150,-1172315.750,353.190
-443820.940,-1172312.710,355.470
-443820.850,-1172312.960,355.190
-443820.750,-1172313.220,355.000
-443820.650,-1172313.490,354.770
-443820.540,-1172313.770,354.610
-443820.440,-1172314.020,354.370
-443820.330,-1172314.330,354.210
-443820.230,-1172314.580,353.990
-443820.120,-1172314.870,353.780
-443820.010,-1172315.160,353.590
-443820.400,-1172312.540,355.550
-443820.290,-1172312.820,355.330
-443820.200,-1172313.060,355.100
-443820.070,-1172313.390,354.930
-443819.970,-1172313.660,354.760
-443819.880,-1172313.890,354.510
-443819.780,-1172314.170,354.340
-443819.670,-1172314.450,354.150
-443819.560,-1172314.730,353.960
-443819.250,-1172315.560,353.380
-443819.150,-1172315.830,353.200
-443820.140,-1172312.620,355.470
-443820.030,-1172312.900,355.280
-443819.920,-1172313.210,355.080
-443819.810,-1172313.490,354.860
-443819.720,-1172313.740,354.680
-443819.600,-1172314.040,354.470
-443819.500,-1172314.300,354.250
-443819.400,-1172314.570,354.050
-443819.300,-1172314.840,353.880
-443819.190,-1172315.120,353.660
-443818.990,-1172315.660,353.330
-443819.620,-1172312.690,355.460
-443819.510,-1172312.960,355.300
-443819.410,-1172313.220,355.090
-443819.300,-1172313.520,354.880
-443819.200,-1172313.800,354.680
-443819.090,-1172314.060,354.490
-443818.970,-1172314.380,354.310
-443818.870,-1172314.650,354.070
-443818.770,-1172314.920,353.890
-443818.670,-1172315.190,353.680
-443818.550,-1172315.500,353.510
-443818.580,-1172314.500,354.160
-443818.470,-1172314.790,354.010
-443818.360,-1172315.080,353.800
-443818.260,-1172315.360,353.620
-443818.160,-1172315.630,353.370
-443819.210,-1172312.840,355.410
-443819.100,-1172313.140,355.200
-443818.990,-1172313.430,355.020
-443818.890,-1172313.700,354.770
-443818.790,-1172313.970,354.590
-443818.680,-1172314.240,354.360
-443818.610,-1172312.770,355.480
-443818.500,-1172313.060,355.310
-443818.400,-1172313.320,355.120
-443818.300,-1172313.580,354.880
-443818.180,-1172313.900,354.740
-443818.080,-1172314.160,354.490
-443817.970,-1172314.440,354.300
-443817.870,-1172314.720,354.050
-443817.750,-1172315.020,353.890
-443817.660,-1172315.280,353.700
-443817.550,-1172315.550,353.510
-443817.340,-1172316.110,353.090
-443818.200,-1172312.950,355.370
-443818.090,-1172313.240,355.170
-443817.980,-1172313.530,355.020
-443817.880,-1172313.810,354.770
-443817.780,-1172314.080,354.570
-443817.570,-1172314.630,354.170
-443817.460,-1172314.900,353.980
-443817.360,-1172315.180,353.780
-443817.250,-1172315.480,353.550
-443817.700,-1172312.790,355.560
-443817.600,-1172313.060,355.390
-443817.510,-1172313.300,355.170
-443817.400,-1172313.590,354.960
-443816.990,-1172314.670,354.160
-443816.880,-1172314.970,353.970
-443816.770,-1172315.260,353.790
-443816.560,-1172315.810,353.390
-443816.450,-1172316.090,353.200
-443817.250,-1172313.030,355.400
-443817.160,-1172313.270,355.210
-443817.050,-1172313.580,355.000
-443816.940,-1172313.840,354.810
-443816.750,-1172314.370,354.410
-443816.640,-1172314.660,354.250
-443816.530,-1172314.930,354.030
-443816.430,-1172315.200,353.840
-443816.220,-1172315.760,353.430
-443816.120,-1172316.010,353.220
-443816.740,-1172312.900,355.560
-443816.640,-1172313.180,355.350
-443816.530,-1172313.460,355.160
-443816.430,-1172313.730,354.940
-443816.320,-1172314.020,354.760
-443816.210,-1172314.300,354.550
-443816.110,-1172314.560,354.310
-443816.010,-1172314.840,354.140
-443815.800,-1172315.400,353.730
-443815.700,-1172315.660,353.550
-443815.600,-1172315.930,353.380
-443815.490,-1172316.220,353.200
-443815.470,-1172315.520,353.660
-443815.360,-1172315.810,353.470
-443815.250,-1172316.090,353.260
-443816.400,-1172313.060,355.500
-443816.310,-1172313.300,355.260
-443816.220,-1172313.560,355.100
-443816.110,-1172313.840,354.840
-443815.900,-1172314.390,354.440
-443815.860,-1172313.210,355.380
-443815.650,-1172313.770,354.980
-443815.120,-1172315.160,353.970
-443815.030,-1172315.420,353.760
-443814.920,-1172315.700,353.590
-443814.810,-1172315.990,353.390
-443814.690,-1172316.300,353.210
-443815.510,-1172313.240,355.380
-443815.410,-1172313.500,355.190
-443815.310,-1172313.770,355.010
-443814.980,-1172314.640,354.390
-443814.880,-1172314.910,354.130
-443814.350,-1172316.300,353.210
-443814.920,-1172313.160,355.460
-443814.800,-1172313.460,355.280
-443814.710,-1172313.710,355.050
-443814.600,-1172313.990,354.850
-443814.490,-1172314.280,354.610
-443814.300,-1172314.790,354.180
-443814.190,-1172315.090,354.030
-443813.960,-1172315.680,353.630
-443814.610,-1172313.140,355.480
-443814.500,-1172313.410,355.300
-443814.410,-1172313.660,355.090
-443813.990,-1172314.760,354.270
-443813.890,-1172315.040,354.080
-443813.780,-1172315.330,353.890
-443813.670,-1172315.610,353.680
-443813.840,-1172313.730,355.090
-443813.730,-1172314.030,354.900
-443813.620,-1172314.310,354.720
-443813.530,-1172314.560,354.510
-443813.420,-1172314.840,354.340
-443813.330,-1172315.100,354.140
-443813.220,-1172315.360,353.870
-443814.050,-1172313.190,355.500
-443813.940,-1172313.480,355.310
-443787.750,-1172320.220,354.790
-443787.840,-1172320.520,354.650
-443802.850,-1172315.110,355.090
-443802.640,-1172315.660,354.680
-443802.540,-1172315.930,354.450
-443802.320,-1172316.520,354.100
-443802.700,-1172314.590,355.510
-443802.600,-1172314.860,355.270
-443802.490,-1172315.160,355.060
-443802.380,-1172315.440,354.860
-443803.640,-1172314.420,355.490
-443803.530,-1172314.710,355.310
-443803.310,-1172315.280,354.950
-443803.220,-1172315.530,354.680
-443803.110,-1172315.830,354.490
-443802.900,-1172316.390,354.090
-443802.790,-1172316.660,353.930
-443802.680,-1172316.960,353.720
-443802.590,-1172317.200,353.450
-443803.840,-1172314.510,355.450
-443803.740,-1172314.750,355.200
-443802.920,-1172316.950,353.640
-443802.820,-1172317.210,353.410
-443804.010,-1172315.680,354.540
-443803.910,-1172315.950,354.260
-443803.490,-1172317.070,353.580
-443803.480,-1172317.070,351.660
-443804.520,-1172314.320,355.500
-443804.410,-1172314.620,355.320
-443804.220,-1172315.130,354.870
-443804.120,-1172315.400,354.720
-443804.820,-1172314.350,355.470
-443804.710,-1172314.650,355.280
-443804.610,-1172314.910,355.060
-443804.400,-1172315.470,354.720
-443804.300,-1172315.730,354.490
-443805.420,-1172314.280,355.460
-443805.320,-1172314.540,355.240
-443805.000,-1172315.390,354.690
-443804.780,-1172315.970,354.310
-443804.460,-1172316.810,353.650
-443804.360,-1172317.080,353.430
-443804.490,-1172316.720,351.560
-443804.380,-1172317.010,351.430
-443805.590,-1172314.420,355.420
-443805.490,-1172314.690,355.160
-443805.390,-1172314.970,354.890
-443805.270,-1172315.270,354.730
-443805.060,-1172315.820,354.270
-443804.750,-1172316.650,353.770
-443804.650,-1172316.910,353.480
-443804.540,-1172317.200,353.280
-443804.660,-1172316.880,351.520
-443806.340,-1172314.170,355.460
-443806.140,-1172314.720,355.020
-443805.400,-1172316.690,353.660
-443805.290,-1172316.960,353.440
-443806.790,-1172313.970,355.550
-443806.680,-1172314.250,355.350
-443806.580,-1172314.510,355.100
-443806.480,-1172314.780,354.900
-443807.420,-1172313.990,355.490
-443807.320,-1172314.260,355.250
-443807.100,-1172314.850,354.880
-443807.000,-1172315.090,354.670
-443806.890,-1172315.390,354.490
-443806.480,-1172316.490,353.710
-443806.370,-1172316.760,353.500
-443806.280,-1172317.000,353.250
-443807.760,-1172313.850,355.540
-443807.640,-1172314.160,355.370
-443807.560,-1172314.380,355.110
-443807.440,-1172314.690,354.950
-443807.340,-1172314.950,354.730
-443807.240,-1172315.230,354.570
-443807.140,-1172315.490,354.380
-443807.040,-1172315.760,354.170
-443806.830,-1172316.310,353.760
-443806.720,-1172316.590,353.590
-443806.510,-1172317.150,353.220
-443808.280,-1172314.230,355.230
-443808.170,-1172314.520,355.050
-443807.960,-1172315.060,354.660
-443807.860,-1172315.330,354.410
-443807.760,-1172315.610,354.260
-443807.650,-1172315.900,354.060
-443807.540,-1172316.170,353.820
-443807.440,-1172316.450,353.640
-443807.340,-1172316.720,353.460
-443808.650,-1172313.980,355.480
-443808.550,-1172314.250,355.200
-443808.440,-1172314.540,355.040
-443808.130,-1172315.360,354.430
-443808.030,-1172315.620,354.210
-443807.930,-1172315.900,353.980
-443807.710,-1172316.490,353.610
-443808.970,-1172314.410,355.080
-443808.870,-1172314.680,354.830
-443808.660,-1172315.240,354.410
-443808.540,-1172315.560,354.260
-443808.450,-1172315.790,354.040
-443808.350,-1172316.070,353.860
-443808.230,-1172316.360,353.700
-443808.140,-1172316.630,353.450
-443809.420,-1172313.890,355.370
-443809.320,-1172314.170,355.200
-443809.210,-1172314.460,354.960
-443808.690,-1172315.840,354.020
-443808.590,-1172316.100,353.780
-443810.180,-1172313.740,355.450
-443810.070,-1172314.030,355.260
-443809.970,-1172314.290,355.030
-443809.750,-1172314.880,354.710
-443809.540,-1172315.440,354.280
-443809.340,-1172315.960,353.790
-443809.220,-1172316.280,353.650
-443809.160,-1172316.420,352.200
-443810.550,-1172313.780,355.410
-443810.440,-1172314.080,355.230
-443810.320,-1172314.370,355.010
-443809.510,-1172316.530,353.420
-443811.000,-1172314.050,355.170
-443810.900,-1172314.330,354.980
-443810.800,-1172314.600,354.800
-443810.690,-1172314.870,354.590
-443810.480,-1172315.430,354.280
-443810.280,-1172315.960,353.800
-443810.080,-1172316.480,353.340
-443810.950,-1172316.000,353.720
-443810.850,-1172316.270,353.490
-443810.450,-1172317.310,351.570
-443810.940,-1172314.680,354.720
-443810.830,-1172314.960,354.530
-443810.530,-1172315.770,353.850
-443810.420,-1172316.060,353.640
-443810.300,-1172316.350,353.510
-443811.460,-1172314.660,354.830
-443811.060,-1172315.720,353.930
-443812.160,-1172313.400,355.530
-443811.600,-1172314.880,354.670
-443811.100,-1172316.190,353.530
-443812.660,-1172313.430,355.450
-443812.560,-1172313.710,355.230
-443812.460,-1172313.970,355.000
-443812.350,-1172314.260,354.820
-443812.250,-1172314.520,354.600
-443812.150,-1172314.790,354.440
-443811.500,-1172316.510,353.250
-443811.210,-1172317.260,351.500
-443812.980,-1172313.360,355.490
-443812.880,-1172313.620,355.230
-443812.770,-1172313.910,355.060
-443812.660,-1172314.200,354.870
-443812.570,-1172314.450,354.640
-443812.460,-1172314.740,354.440
-443812.350,-1172315.030,354.270
-443812.140,-1172315.570,353.830
-443811.820,-1172316.440,353.280
-443813.640,-1172313.330,355.450
-443813.540,-1172313.610,355.240
-443813.430,-1172313.900,355.030
-443813.330,-1172314.150,354.780
-443813.220,-1172314.450,354.620
-443813.130,-1172314.690,354.410
-443813.010,-1172314.990,354.190
-443812.810,-1172315.530,353.810
-443812.710,-1172315.800,353.630
-443812.490,-1172316.380,353.260
-443720.930,-1172299.580,355.070
-443720.200,-1172299.450,355.180
-443719.930,-1172299.080,355.440
-443722.090,-1172298.810,355.660
-443721.890,-1172299.350,355.180
-443721.770,-1172299.670,355.060
-443723.800,-1172299.100,355.080
-443723.690,-1172299.380,354.910
-443723.260,-1172299.460,354.890
-443723.160,-1172299.730,354.730
-443723.550,-1172298.670,355.650
-443724.040,-1172299.140,355.170
-443724.490,-1172299.250,354.970
-443724.920,-1172298.930,355.200
-443725.270,-1172298.970,355.130
-443726.170,-1172299.100,354.870
-443725.790,-1172299.330,354.770
-443725.650,-1172298.530,355.480
-443726.850,-1172298.290,355.560
-443726.550,-1172299.090,354.900
-443726.050,-1172299.410,354.740
-443726.820,-1172298.910,355.030
-443726.720,-1172299.170,354.890
-443727.200,-1172299.010,354.910
-443728.120,-1172298.060,355.650
-443727.820,-1172298.860,354.960
-443727.660,-1172298.270,355.550
-443727.470,-1172298.790,355.080
-443727.370,-1172299.060,354.830
-443728.140,-1172298.640,355.120
-443728.040,-1172298.920,354.920
-443729.280,-1172297.970,355.590
-443729.180,-1172298.240,355.440
-443728.990,-1172298.770,354.980
-443728.890,-1172299.030,354.740
-443729.800,-1172298.660,354.990
-443730.380,-1172298.570,354.890
-443721.690,-1172325.570,355.660
-443721.590,-1172325.840,355.450
-443722.300,-1172326.360,355.020
-443722.200,-1172326.640,354.850
-443722.250,-1172325.550,355.610
-443722.150,-1172325.830,355.400
-443722.040,-1172326.110,355.190
-443721.930,-1172326.410,354.990
-443721.830,-1172326.670,354.820
-443723.070,-1172325.600,355.520
-443722.970,-1172325.860,355.340
-443722.870,-1172326.130,355.110
-443722.770,-1172326.420,354.950
-443734.220,-1172297.340,355.630
-443723.320,-1172325.660,355.440
-443723.230,-1172325.910,355.270
-443723.130,-1172326.190,355.050
-443722.920,-1172326.760,354.670
-443724.000,-1172326.120,355.060
-443723.900,-1172326.400,354.860
-443723.800,-1172326.660,354.680
-443723.980,-1172325.320,355.650
-443723.880,-1172325.600,355.450
-443723.780,-1172325.870,355.220
-443723.680,-1172326.140,355.050
-443723.580,-1172326.430,354.860
-443734.540,-1172297.300,355.640
-443734.350,-1172297.820,355.140
-443734.240,-1172298.130,354.960
-443735.210,-1172297.270,355.560
-443735.100,-1172297.570,355.390
-443735.010,-1172297.810,355.130
-443734.910,-1172298.100,354.980
-443724.680,-1172325.490,355.470
-443724.470,-1172326.070,355.060
-443724.360,-1172326.350,354.870
-443724.270,-1172326.610,354.700
-443734.800,-1172297.800,355.200
-443734.610,-1172298.340,354.850
-443725.540,-1172325.250,355.560
-443725.330,-1172325.820,355.170
-443725.120,-1172326.370,354.800
-443724.970,-1172325.300,355.580
-443724.870,-1172325.560,355.380
-443724.660,-1172326.130,354.980
-443724.550,-1172326.440,354.770
-443725.650,-1172325.810,355.170
-443726.310,-1172325.200,355.540
-443726.200,-1172325.480,355.370
-443726.370,-1172325.540,355.340
-443727.050,-1172325.000,355.640
-443726.830,-1172325.580,355.270
-443727.250,-1172325.150,355.540
-443743.360,-1172297.070,354.870
-443743.490,-1172297.330,354.790
-443743.300,-1172325.990,351.320
-443768.480,-1172321.710,350.320
-443768.370,-1172322.020,350.240
-443772.590,-1172321.970,355.150
-443721.370,-1172325.650,355.610
-443721.160,-1172326.200,355.210
-443721.060,-1172326.500,355.020
-443720.950,-1172326.780,354.850
-443720.850,-1172327.040,354.700
-443721.290,-1172326.660,354.870
-443721.190,-1172326.930,354.640
-443721.090,-1172327.210,354.490
-443720.730,-1172326.090,355.380
-443720.420,-1172326.910,354.730
-443719.880,-1172325.780,355.660
-443719.780,-1172326.070,355.490
-443720.450,-1172325.740,355.650
-443720.350,-1172326.000,355.460
-443720.240,-1172326.290,355.280
-443719.060,-1172325.920,355.620
-443718.950,-1172326.200,355.430
-443719.550,-1172325.880,355.610
-443718.010,-1172326.330,355.420
-443718.610,-1172326.150,355.500
-443717.790,-1172326.270,355.510
-443708.400,-1172337.240,355.420
-443706.830,-1172338.000,353.940
-443719.400,-1172299.640,355.180
-443718.420,-1172299.820,355.130
-443718.660,-1172299.860,355.050
-443718.250,-1172299.360,355.400
-443718.150,-1172299.650,355.250
-443718.270,-1172299.960,355.040
-443717.960,-1172299.220,355.560
-443717.750,-1172299.800,355.160
-443717.640,-1172300.080,355.020
-443712.690,-1172299.910,353.680
-443712.270,-1172299.890,353.780
-443712.170,-1172300.150,353.520
-443712.380,-1172298.700,354.470
-443712.270,-1172299.010,354.300
-443711.840,-1172300.170,353.600
-443711.740,-1172300.440,353.480
-443711.950,-1172298.950,354.390
-443711.520,-1172300.110,353.660
-443711.410,-1172300.390,353.450
-443712.360,-1172296.870,355.590
-443711.070,-1172299.220,354.210
-443711.080,-1172298.360,354.740
-443710.740,-1172296.970,355.590
-443710.630,-1172297.260,355.380
-443708.610,-1172300.480,354.830
-443708.080,-1172300.370,354.900
-443707.680,-1172300.520,354.870
-443707.460,-1172300.580,354.800
-443707.290,-1172300.370,354.940
-443706.970,-1172300.580,354.860
-443706.870,-1172300.830,354.650
-443706.360,-1172300.810,354.750
-443705.590,-1172300.680,354.870
-443705.350,-1172300.710,354.910
-443704.910,-1172300.890,354.730
-443702.860,-1172301.100,354.390
-443698.420,-1172298.280,355.600
-443696.860,-1172298.210,354.840
-443840.910,-1172432.400,369.060
-443840.180,-1172432.240,363.520
-443840.150,-1172432.000,363.530
-443842.950,-1172419.560,376.010
-443830.410,-1172421.890,356.940
-443830.390,-1172421.470,365.510
-443841.250,-1172393.170,374.670
-443841.150,-1172393.420,374.350
-443838.580,-1172400.140,374.260
-443843.490,-1172378.670,374.590
-443846.270,-1172370.630,374.340
-443834.400,-1172330.610,371.010
-443835.260,-1172330.800,370.840
-443836.320,-1172330.500,371.030
-443837.120,-1172330.530,371.020
-443839.590,-1172308.380,355.640
-443840.280,-1172308.260,355.680
-443831.830,-1172330.730,371.030
-443840.610,-1172308.170,355.700
-443832.080,-1172330.860,370.880
-443832.710,-1172330.840,370.840
-443833.790,-1172330.860,370.780
-443829.100,-1172330.810,370.990
-443838.730,-1172308.540,355.600
-443839.440,-1172308.250,355.810
-443839.330,-1172308.540,355.580
-443836.390,-1172306.590,357.170
-443836.160,-1172307.200,356.830
-443835.630,-1172308.570,355.790
-443827.270,-1172330.860,370.960
-443836.550,-1172306.940,357.000
-443836.340,-1172307.490,356.520
-443836.040,-1172308.270,355.930
-443835.930,-1172308.550,355.730
-443835.830,-1172308.840,355.590
-443827.550,-1172330.880,370.960
-443837.100,-1172307.220,356.760
-443836.690,-1172308.300,355.940
-443836.580,-1172308.580,355.750
-443828.190,-1172330.930,370.890
-443835.560,-1172306.590,357.300
-443835.460,-1172306.870,357.100
-443834.820,-1172308.540,355.900
-443834.720,-1172308.790,355.680
-443835.610,-1172307.190,356.760
-443835.300,-1172308.000,356.110
-443835.070,-1172308.610,355.770
-443826.700,-1172330.910,371.020
-443831.480,-1172309.380,355.590
-443832.860,-1172307.040,357.310
-443832.760,-1172307.300,357.070
-443832.550,-1172307.860,356.630
-443832.450,-1172308.130,356.400
-443832.340,-1172308.420,356.240
-443832.220,-1172308.720,356.050
-443832.120,-1172309.000,355.840
-443832.020,-1172309.240,355.610
-443832.940,-1172307.360,356.910
-443832.710,-1172307.970,356.640
-443832.510,-1172308.490,356.220
-443832.410,-1172308.750,355.960
-443832.300,-1172309.040,355.780
-443832.200,-1172309.300,355.570
-443833.680,-1172307.070,357.130
-443833.470,-1172307.620,356.700
-443834.120,-1172306.780,357.240
-443834.020,-1172307.050,357.070
-443833.920,-1172307.320,356.890
-443833.820,-1172307.590,356.660
-443833.710,-1172307.870,356.460
-443833.150,-1172309.330,355.650
-443834.760,-1172306.640,357.320
-443834.540,-1172307.200,356.970
-443834.330,-1172307.750,356.530
-443833.910,-1172308.860,355.750
-443834.870,-1172306.930,357.180
-443834.680,-1172307.420,356.740
-443834.560,-1172307.720,356.570
-443834.130,-1172308.850,355.670
-443829.340,-1172307.550,357.090
-443829.230,-1172307.840,356.890
-443829.130,-1172308.100,356.660
-443830.120,-1172307.210,357.250
-443830.010,-1172307.490,357.050
-443829.900,-1172307.760,356.920
-443829.800,-1172308.030,356.630
-443829.580,-1172308.600,356.280
-443830.390,-1172307.400,357.120
-443830.300,-1172307.650,356.890
-443830.200,-1172307.920,356.720
-443830.090,-1172308.200,356.530
-443829.990,-1172308.470,356.340
-443829.880,-1172308.740,356.130
-443829.780,-1172309.020,355.930
-443829.670,-1172309.290,355.740
-443829.560,-1172309.580,355.560
-443830.950,-1172307.520,357.020
-443830.850,-1172307.780,356.770
-443830.740,-1172308.060,356.560
-443830.640,-1172308.330,356.380
-443830.530,-1172308.610,356.220
-443830.430,-1172308.890,355.970
-443830.310,-1172309.190,355.800
-443830.220,-1172309.440,355.570
-443831.370,-1172307.240,357.110
-443831.160,-1172307.800,356.760
-443831.040,-1172308.090,356.550
-443830.840,-1172308.620,356.160
-443830.740,-1172308.900,355.970
-443830.630,-1172309.190,355.730
-443830.510,-1172309.490,355.560
-443832.080,-1172307.080,357.280
-443831.980,-1172307.320,357.060
-443831.880,-1172307.610,356.850
-443831.770,-1172307.900,356.650
-443831.660,-1172308.170,356.430
-443831.550,-1172308.460,356.240
-443831.430,-1172308.770,356.050
-443831.330,-1172309.030,355.840
-443831.240,-1172309.280,355.640
-443832.320,-1172307.170,357.200
-443832.210,-1172307.440,356.970
-443832.110,-1172307.710,356.790
-443832.000,-1172307.990,356.580
-443831.900,-1172308.270,356.400
-443831.690,-1172308.820,355.990
-443826.530,-1172309.850,355.590
-443827.300,-1172309.570,355.740
-443827.690,-1172309.560,355.780
-443827.590,-1172309.820,355.560
-443829.010,-1172307.650,357.020
-443828.900,-1172307.940,356.840
-443828.690,-1172308.500,356.460
-443825.570,-1172309.490,356.030
-443825.360,-1172310.030,355.590
-443825.780,-1172309.720,355.800
-443825.680,-1172310.000,355.570
-443820.560,-1172311.510,356.280
-443820.340,-1172312.080,355.880
-443820.240,-1172312.360,355.680
-443820.710,-1172311.710,356.180
-443820.610,-1172311.990,355.970
-443820.500,-1172312.270,355.750
-443819.120,-1172310.540,357.200
-443818.920,-1172311.050,356.760
-443818.820,-1172311.340,356.570
-443818.720,-1172311.600,356.350
-443818.610,-1172311.890,356.140
-443818.400,-1172312.430,355.760
-443819.430,-1172310.590,357.100
-443819.330,-1172310.850,356.900
-443819.240,-1172311.110,356.710
-443819.130,-1172311.380,356.470
-443819.020,-1172311.670,356.300
-443818.930,-1172311.930,356.100
-443818.710,-1172312.490,355.740
-443819.940,-1172310.910,356.850
-443819.850,-1172311.160,356.590
-443819.740,-1172311.460,356.410
-443819.630,-1172311.740,356.210
-443819.530,-1172312.010,356.020
-443819.430,-1172312.280,355.810
-443819.320,-1172312.560,355.610
-443820.140,-1172311.290,356.510
-443819.820,-1172312.150,355.900
-443819.710,-1172312.450,355.700
-443817.590,-1172310.670,357.190
-443817.360,-1172311.270,356.790
-443817.260,-1172311.530,356.570
-443817.160,-1172311.800,356.380
-443817.060,-1172312.060,356.150
-443816.960,-1172312.330,355.960
-443816.860,-1172312.600,355.750
-443818.200,-1172310.520,357.250
-443818.110,-1172310.770,357.000
-443818.000,-1172311.070,356.850
-443817.890,-1172311.360,356.670
-443817.470,-1172312.470,355.800
-443817.360,-1172312.750,355.650
-443818.540,-1172310.570,357.180
-443818.430,-1172310.860,356.970
-443818.330,-1172311.140,356.770
-443818.220,-1172311.410,356.580
-443818.120,-1172311.680,356.320
-443816.550,-1172310.500,357.390
-443816.440,-1172310.780,357.200
-443816.340,-1172311.060,357.030
-443816.140,-1172311.590,356.600
-443816.040,-1172311.850,356.370
-443815.830,-1172312.410,356.020
-443815.730,-1172312.680,355.820
-443815.620,-1172312.960,355.570
-443816.810,-1172310.700,357.240
-443816.500,-1172311.540,356.610
-443816.390,-1172311.810,356.400
-443815.970,-1172312.930,355.620
-443817.360,-1172310.530,357.320
-443817.250,-1172310.820,357.090
-443817.150,-1172311.080,356.900
-443817.050,-1172311.350,356.730
-443816.950,-1172311.620,356.490
-443816.830,-1172311.930,356.300
-443816.730,-1172312.190,356.060
-443816.630,-1172312.470,355.880
-443816.520,-1172312.760,355.660
-443814.060,-1172312.210,356.290
-443813.960,-1172312.490,356.050
-443813.850,-1172312.770,355.840
-443813.760,-1172313.030,355.640
-443815.290,-1172309.890,358.010
-443815.180,-1172310.180,357.800
-443815.070,-1172310.470,357.600
-443814.980,-1172310.710,357.370
-443814.880,-1172310.980,357.160
-443814.780,-1172311.240,356.960
-443814.670,-1172311.530,356.760
-443814.570,-1172311.820,356.560
-443814.470,-1172312.080,356.350
-443814.360,-1172312.370,356.140
-443814.250,-1172312.640,355.930
-443814.150,-1172312.920,355.700
-443815.640,-1172310.400,357.540
-443815.550,-1172310.640,357.320
-443815.440,-1172310.950,357.160
-443815.320,-1172311.250,356.940
-443815.220,-1172311.520,356.750
-443815.120,-1172311.770,356.520
-443815.020,-1172312.040,356.290
-443814.910,-1172312.340,356.100
-443814.810,-1172312.600,355.880
-443814.700,-1172312.880,355.710
-443815.940,-1172310.460,357.480
-443815.830,-1172310.740,357.290
-443815.730,-1172311.020,357.140
-443815.520,-1172311.570,356.670
-443815.430,-1172311.810,356.460
-443815.330,-1172312.070,356.260
-443815.110,-1172312.660,355.870
-443815.020,-1172312.900,355.680
-443812.680,-1172312.020,356.530
-443812.570,-1172312.300,356.340
-443812.470,-1172312.560,356.120
-443812.360,-1172312.870,355.950
-443812.250,-1172313.140,355.740
-443814.210,-1172309.350,358.570
-443814.110,-1172309.600,358.330
-443814.020,-1172309.860,358.140
-443813.920,-1172310.120,357.950
-443813.710,-1172310.660,357.500
-443813.620,-1172310.920,357.310
-443813.500,-1172311.210,357.120
-443813.410,-1172311.470,356.860
-443813.300,-1172311.760,356.680
-443813.090,-1172312.310,356.290
-443812.990,-1172312.570,356.070
-443812.890,-1172312.850,355.870
-443812.780,-1172313.130,355.660
-443814.540,-1172309.240,358.600
-443814.430,-1172309.520,358.390
-443814.330,-1172309.780,358.200
-443814.230,-1172310.050,357.970
-443814.020,-1172310.600,357.530
-443813.910,-1172310.900,357.380
-443813.820,-1172311.140,357.140
-443813.720,-1172311.400,356.920
-443813.610,-1172311.690,356.690
-443813.510,-1172311.970,356.500
-443813.400,-1172312.240,356.280
-443813.290,-1172312.530,356.050
-443813.180,-1172312.830,355.860
-443813.090,-1172313.070,355.640
-443815.000,-1172309.740,358.170
-443814.890,-1172310.020,357.970
-443814.790,-1172310.300,357.730
-443814.680,-1172310.570,357.520
-443814.580,-1172310.840,357.310
-443814.470,-1172311.140,357.110
-443814.370,-1172311.400,356.860
-443814.270,-1172311.670,356.690
-443814.170,-1172311.940,356.470
-443812.900,-1172309.480,358.550
-443812.400,-1172310.800,357.420
-443812.180,-1172311.400,357.100
-443812.080,-1172311.650,356.870
-443811.420,-1172313.390,355.860
-443813.450,-1172309.410,358.570
-443812.940,-1172310.740,357.480
-443812.830,-1172311.030,357.290
-443812.730,-1172311.300,357.080
-443812.620,-1172311.600,356.860
-443812.420,-1172312.120,356.510
-443812.330,-1172312.370,356.230
-443812.220,-1172312.660,356.110
-443812.100,-1172312.960,355.930
-443813.700,-1172309.330,358.590
-443813.180,-1172310.690,357.540
-443813.090,-1172310.950,357.360
-443812.990,-1172311.200,357.150
-443812.780,-1172311.740,356.680
-443810.740,-1172313.260,355.860
-443810.650,-1172313.520,355.700
-443812.790,-1172309.310,358.630
-443812.680,-1172309.610,358.440
-443812.050,-1172311.270,357.200
-443811.950,-1172311.530,357.020
-443810.620,-1172310.050,358.350
-443810.410,-1172310.600,357.920
-443810.310,-1172310.850,357.720
-443810.210,-1172311.120,357.530
-443810.110,-1172311.380,357.260
-443810.020,-1172311.640,357.090
-443809.920,-1172311.910,356.860
-443809.810,-1172312.180,356.650
-443809.700,-1172312.470,356.490
-443809.600,-1172312.750,356.300
-443809.380,-1172313.320,355.910
-443810.550,-1172310.890,357.720
-443810.460,-1172311.150,357.530
-443810.350,-1172311.420,357.310
-443810.140,-1172311.970,356.940
-443810.050,-1172312.220,356.640
-443809.740,-1172313.040,356.010
-443809.630,-1172313.340,355.860
-443811.000,-1172311.560,357.170
-443810.690,-1172312.400,356.550
-443810.590,-1172312.660,356.310
-443810.480,-1172312.940,356.080
-443810.360,-1172313.250,355.900
-443810.280,-1172313.480,355.650
-443808.990,-1172310.580,358.130
-443808.890,-1172310.840,357.830
-443808.790,-1172311.110,357.630
-443808.690,-1172311.390,357.450
-443808.380,-1172312.190,356.810
-443808.290,-1172312.440,356.530
-443808.060,-1172313.040,356.230
-443807.970,-1172313.300,355.990
-443807.860,-1172313.590,355.780
-443809.930,-1172309.850,358.500
-443809.820,-1172310.140,358.340
-443809.720,-1172310.400,358.140
-443809.620,-1172310.680,357.920
-443809.520,-1172310.950,357.680
-443809.410,-1172311.220,357.490
-443809.200,-1172311.790,357.080
-443809.090,-1172312.070,356.860
-443808.990,-1172312.330,356.620
-443808.790,-1172312.880,356.260
-443808.680,-1172313.160,355.990
-443808.580,-1172313.430,355.830
-443808.480,-1172313.700,355.640
-443810.190,-1172309.910,358.530
-443810.090,-1172310.170,358.340
-443809.980,-1172310.440,358.090
-443809.870,-1172310.750,357.930
-443809.680,-1172311.250,357.460
-443809.560,-1172311.560,357.260
-443809.260,-1172312.360,356.620
-443808.850,-1172313.440,355.830
-443808.750,-1172313.710,355.660
-443807.900,-1172310.040,358.540
-443807.800,-1172310.310,358.360
-443807.490,-1172311.120,357.740
-443807.190,-1172311.940,357.100
-443807.080,-1172312.230,356.910
-443806.970,-1172312.500,356.710
-443806.670,-1172313.310,356.070
-443806.560,-1172313.610,355.860
-443806.450,-1172313.890,355.670
-443808.240,-1172310.130,358.500
-443808.140,-1172310.390,358.270
-443808.040,-1172310.660,358.030
-443807.510,-1172312.060,357.070
-443807.410,-1172312.310,356.820
-443807.320,-1172312.560,356.490
-443807.200,-1172312.880,356.350
-443807.090,-1172313.160,356.150
-443807.000,-1172313.420,355.950
-443806.880,-1172313.720,355.800
-443808.970,-1172309.860,358.600
-443808.880,-1172310.130,358.380
-443808.770,-1172310.400,358.140
-443808.660,-1172310.710,357.990
-443808.570,-1172310.920,357.720
-443808.340,-1172311.540,357.400
-443808.140,-1172312.070,356.940
-443808.040,-1172312.350,356.700
-443807.930,-1172312.640,356.510
-443807.830,-1172312.890,356.300
-443807.740,-1172313.130,356.110
-443807.630,-1172313.440,355.930
-443809.110,-1172310.270,358.290
-443805.320,-1172313.010,356.450
-443805.220,-1172313.290,356.250
-443805.120,-1172313.550,356.080
-443805.020,-1172313.830,355.860
-443804.920,-1172314.080,355.620
-443806.230,-1172312.110,357.090
-443806.130,-1172312.390,356.910
-443805.920,-1172312.940,356.530
-443805.830,-1172313.170,356.280
-443805.730,-1172313.440,356.050
-443805.520,-1172314.010,355.710
-443807.120,-1172310.360,358.490
-443807.030,-1172310.610,358.250
-443806.520,-1172311.950,357.190
-443806.430,-1172312.210,356.880
-443806.320,-1172312.500,356.780
-443806.010,-1172313.310,356.170
-443805.910,-1172313.570,355.910
-443804.470,-1172312.210,357.140
-443804.370,-1172312.470,356.900
-443804.040,-1172313.360,356.350
-443803.940,-1172313.610,356.160
-443803.740,-1172314.140,355.700
-443804.370,-1172313.080,356.420
-443803.940,-1172314.230,355.660
-443805.040,-1172312.940,356.500
-443804.940,-1172313.220,356.310
-443804.830,-1172313.500,356.110
-443804.730,-1172313.760,355.900
-443804.620,-1172314.060,355.710
-443805.540,-1172312.430,356.810
-443803.630,-1172312.120,357.290
-443803.520,-1172312.410,357.120
-443803.430,-1172312.660,356.900
-443803.330,-1172312.910,356.680
-443803.220,-1172313.230,356.520
-443803.120,-1172313.490,356.320
-443802.900,-1172314.070,355.920
-443802.800,-1172314.330,355.710
-443803.690,-1172312.890,356.720
-443803.580,-1172313.160,356.500
-443803.380,-1172313.710,356.080
-443803.260,-1172314.020,355.920
-443803.160,-1172314.290,355.680
-443804.570,-1172311.940,357.380
-443802.670,-1172312.950,356.790
-443802.360,-1172313.760,356.170
-443802.270,-1172314.010,355.920
-443797.470,-1172317.650,358.020
-443798.160,-1172316.290,358.820
-443797.640,-1172317.690,357.890
-443797.310,-1172318.570,357.400
-443797.320,-1172314.400,360.040
-443796.770,-1172315.860,359.180
-443796.670,-1172316.130,358.950
-443796.350,-1172316.990,358.470
-443797.870,-1172314.620,359.890
-443797.550,-1172315.470,359.380
-443796.690,-1172317.760,357.960
-443798.000,-1172314.950,359.680
-443797.680,-1172315.810,359.130
-443796.920,-1172317.840,357.970
-443795.110,-1172318.120,357.870
-443794.510,-1172319.750,357.610
-443796.990,-1172314.640,359.900
-443796.890,-1172314.910,359.760
-443796.560,-1172315.780,359.230
-443796.460,-1172316.050,359.060
-443796.130,-1172316.940,358.550
-443796.610,-1172313.280,360.790
-443796.290,-1172314.150,360.260
-443795.870,-1172315.270,359.580
-443795.230,-1172316.970,358.600
-443795.140,-1172317.220,358.380
-443795.030,-1172317.530,358.180
-443796.190,-1172315.250,359.610
-443796.100,-1172315.490,359.380
-443795.760,-1172316.390,358.940
-443795.440,-1172317.240,358.410
-443795.340,-1172317.500,358.170
-443795.230,-1172317.820,358.030
-443793.650,-1172317.130,358.600
-443792.510,-1172320.180,357.520
-443795.800,-1172312.980,361.070
-443795.690,-1172313.270,360.900
-443795.590,-1172313.550,360.650
-443794.730,-1172315.850,359.310
-443794.400,-1172316.710,358.770
-443795.920,-1172313.390,360.750
-443795.490,-1172314.520,359.940
-443795.260,-1172315.150,359.700
-443794.730,-1172316.570,358.870
-443792.780,-1172316.750,358.860
-443791.630,-1172319.840,357.730
-443794.260,-1172314.510,360.150
-443794.040,-1172315.080,359.810
-443793.710,-1172315.980,359.270
-443793.600,-1172316.260,359.110
-443793.500,-1172316.550,358.960
-443792.450,-1172319.350,357.980
-443794.190,-1172315.660,359.480
-443794.080,-1172315.970,359.300
-443793.970,-1172316.250,359.110
-443793.870,-1172316.510,358.920
-443792.860,-1172314.570,360.250
-443792.760,-1172314.840,360.050
-443792.650,-1172315.130,359.900
-443792.340,-1172315.960,359.370
-443790.650,-1172320.500,357.440
-443792.810,-1172316.110,359.290
-443792.710,-1172316.370,359.050
-443793.320,-1172315.310,359.680
-443793.210,-1172315.600,359.500
-443791.310,-1172315.200,359.970
-443791.190,-1172315.500,359.760
-443789.620,-1172319.730,358.010
-443792.220,-1172313.580,360.910
-443792.110,-1172313.880,360.730
-443789.900,-1172319.810,357.970
-443792.230,-1172315.410,359.710
-443791.200,-1172318.170,358.840
-443791.100,-1172318.450,358.590
-443787.530,-1172320.850,357.470
-443789.020,-1172317.390,359.530
-443789.110,-1172318.700,358.780
-443789.600,-1172318.150,359.140
-443788.760,-1172320.420,357.650
-443791.840,-1172313.760,360.820
-443787.130,-1172319.360,358.410
-443787.480,-1172319.390,358.490
-443787.380,-1172319.650,358.200
-443788.500,-1172318.240,359.010
-443788.280,-1172318.840,358.750
-443788.170,-1172319.120,358.570
-443787.240,-1172314.300,360.750
-443785.860,-1172317.990,358.530
-443786.990,-1172315.720,359.950
-443786.580,-1172316.830,359.180
-443785.830,-1172314.500,360.720
-443785.940,-1172315.560,360.100
-443785.200,-1172317.550,358.810
-443785.090,-1172317.840,358.660
-443784.880,-1172318.390,358.320
-443784.470,-1172319.500,357.600
-443785.650,-1172316.960,359.120
-443784.690,-1172319.530,357.570
-443784.770,-1172314.230,360.980
-443784.340,-1172315.390,360.330
-443784.250,-1172315.630,360.110
-443783.720,-1172317.070,359.250
-443783.250,-1172319.070,357.960
-443783.950,-1172318.810,358.160
-443782.220,-1172317.000,359.480
-443783.690,-1172314.750,360.730
-443782.210,-1172318.720,358.300
-443784.140,-1172314.430,360.910
-443782.250,-1172319.510,357.730
-443780.200,-1172319.710,357.860
-443782.260,-1172315.010,360.670
-443780.560,-1172319.590,357.880
-443782.640,-1172315.350,360.440
-443782.330,-1172316.180,359.920
-443782.010,-1172317.040,359.360
-443780.380,-1172316.430,359.980
-443780.270,-1172316.700,359.770
-443780.160,-1172317.000,359.630
-443781.120,-1172315.320,360.570
-443775.850,-1172319.770,357.090
-443775.750,-1172320.050,356.860
-443775.560,-1172318.580,358.270
-443775.470,-1172318.840,358.050
-443775.370,-1172319.110,357.850
-443775.180,-1172319.600,357.290
-443774.890,-1172320.380,356.610
-443775.620,-1172317.640,359.200
-443774.830,-1172319.760,357.280
-443774.270,-1172321.260,355.830
-443773.940,-1172319.790,357.160
-443773.730,-1172320.350,356.740
-443773.630,-1172320.630,356.560
-443773.340,-1172321.410,355.780
-443774.780,-1172318.230,358.710
-443774.680,-1172318.510,358.460
-443774.380,-1172319.310,357.780
-443774.200,-1172319.810,357.230
-443773.900,-1172320.610,356.560
-443774.910,-1172315.750,361.110
-443773.160,-1172320.430,356.750
-443773.060,-1172320.700,356.530
-443772.980,-1172320.910,356.130
-443774.820,-1172317.450,359.410
-443774.580,-1172315.970,360.860
-443774.130,-1172317.190,359.490
-443773.440,-1172319.040,357.920
-443772.940,-1172320.390,356.740
-443772.640,-1172321.190,356.120
-443773.650,-1172316.950,359.920
-443773.460,-1172317.450,359.410
-443772.790,-1172319.240,357.770
-443772.680,-1172319.550,357.650
-443772.580,-1172319.830,357.410
-443772.490,-1172320.060,357.150
-443772.390,-1172320.330,356.890
-443772.290,-1172320.590,356.640
-443772.190,-1172320.860,356.440
-443772.360,-1172318.420,358.660
-443772.070,-1172319.210,357.980
-443771.870,-1172319.730,357.470
-443771.290,-1172321.310,356.160
-443773.890,-1172315.830,361.040
-443773.200,-1172317.670,359.300
-443773.020,-1172318.170,358.810
-443772.920,-1172318.420,358.530
-443772.530,-1172319.490,357.680
-443772.430,-1172319.740,357.470
-443772.240,-1172320.260,356.980
-443772.140,-1172320.530,356.770
-443772.040,-1172320.780,356.500
-443771.850,-1172321.310,356.050
-443772.740,-1172316.630,360.290
-443772.440,-1172317.450,359.610
-443771.570,-1172319.790,357.410
-443771.470,-1172320.060,357.250
-443771.370,-1172320.310,356.900
-443771.270,-1172320.580,356.740
-443771.070,-1172321.110,356.310
-443773.530,-1172315.280,361.660
-443772.660,-1172317.630,359.420
-443771.690,-1172317.770,359.360
-443771.110,-1172319.310,357.890
-443770.900,-1172319.870,357.430
-443770.610,-1172320.660,356.720
-443770.310,-1172321.470,356.060
-443771.110,-1172317.330,359.840
-443770.630,-1172318.610,358.620
-443770.340,-1172319.400,357.970
-443770.670,-1172319.950,357.400
-443770.370,-1172320.750,356.680
-443770.070,-1172321.570,356.010
-443769.050,-1172320.280,359.060
-443771.520,-1172315.430,361.700
-443770.370,-1172318.510,358.670
-443768.680,-1172318.950,359.840
-443768.140,-1172320.420,359.050
-443768.020,-1172320.730,358.910
-443767.810,-1172321.290,358.570
-443769.340,-1172318.730,359.940
-443769.240,-1172319.000,359.700
-443768.180,-1172321.870,358.130
-443768.690,-1172316.490,361.250
-443769.870,-1172315.730,361.590
-443767.430,-1172319.330,359.830
-443766.460,-1172321.950,358.240
-443766.790,-1172316.290,361.540
-443766.360,-1172317.450,360.870
-443766.980,-1172316.350,361.380
-443767.590,-1172316.460,361.370
-443766.930,-1172318.240,360.420
-443765.420,-1172316.470,361.670
-443766.010,-1172316.460,361.550
-443765.570,-1172318.290,360.500
-443749.480,-1172320.220,358.530
-443748.960,-1172320.900,357.880
-443748.650,-1172319.370,359.090
-443748.530,-1172319.700,359.010
-443748.450,-1172319.910,358.670
-443747.960,-1172319.590,359.020
-443747.850,-1172319.890,358.810
-443747.550,-1172320.720,358.320
-443747.710,-1172319.500,359.080
-443747.600,-1172319.810,358.930
-443747.530,-1172318.700,359.690
-443747.430,-1172318.980,359.510
-443746.810,-1172320.640,358.360
-443747.300,-1172318.410,359.900
-443747.090,-1172318.980,359.550
-443747.000,-1172319.210,359.300
-443746.790,-1172319.800,358.980
-443746.950,-1172317.910,360.280
-443746.740,-1172318.460,359.860
-443746.520,-1172319.050,359.530
-443745.920,-1172320.690,358.450
-443746.770,-1172317.770,360.320
-443746.550,-1172318.360,359.990
-443746.450,-1172318.620,359.770
-443746.250,-1172318.060,360.280
-443745.840,-1172319.160,359.490
-443745.530,-1172319.990,358.920
-443745.160,-1172318.770,359.700
-443744.160,-1172320.740,358.480
-443745.490,-1172317.130,360.850
-443745.080,-1172318.250,360.160
-443744.670,-1172319.340,359.420
-443744.570,-1172319.620,359.240
-443744.550,-1172318.410,360.150
-443744.450,-1172318.690,359.930
-443744.350,-1172318.950,359.720
-443741.750,-1172326.050,358.360
-443743.980,-1172318.860,359.710
-443743.760,-1172319.470,359.420
-443743.650,-1172319.760,359.250
-443742.960,-1172321.630,357.840
-443741.270,-1172326.260,358.240
-443743.830,-1172317.740,360.590
-443743.730,-1172318.010,360.380
-443743.530,-1172318.550,360.070
-443743.000,-1172319.980,359.090
-443742.590,-1172321.110,358.380
-443742.480,-1172321.420,358.270
-443741.140,-1172325.080,359.020
-443741.040,-1172325.360,358.780
-443740.830,-1172325.910,358.440
-443743.520,-1172317.740,360.640
-443743.100,-1172318.870,359.830
-443743.000,-1172319.140,359.660
-443742.790,-1172319.710,359.360
-443742.580,-1172320.280,358.970
-443742.470,-1172320.570,358.810
-443742.370,-1172320.860,358.610
-443742.260,-1172321.140,358.470
-443741.030,-1172324.520,359.360
-443742.660,-1172318.690,360.040
-443742.440,-1172319.290,359.700
-443742.340,-1172319.550,359.450
-443740.670,-1172324.120,359.630
-443740.570,-1172324.410,359.480
-443740.460,-1172324.690,359.290
-443740.360,-1172324.980,359.110
-443740.160,-1172325.520,358.770
-443742.320,-1172318.730,360.050
-443740.860,-1172322.730,360.510
-443740.660,-1172323.290,360.190
-443740.440,-1172323.860,359.830
-443740.120,-1172324.730,359.260
-443740.040,-1172323.440,360.110
-443739.840,-1172323.980,359.780
-443739.740,-1172324.250,359.560
-443739.210,-1172325.690,358.720
-443739.650,-1172323.810,359.900
-443739.540,-1172324.100,359.700
-443738.560,-1172325.270,359.060
-443738.160,-1172325.320,359.050
-443738.060,-1172325.590,358.890
-443737.850,-1172326.170,358.550
-443740.140,-1172319.940,361.440
-443739.350,-1172320.300,361.210
-443739.240,-1172320.600,361.040
-443738.920,-1172321.470,360.530
-443739.270,-1172319.720,361.620
-443739.060,-1172320.290,361.270
-443738.950,-1172320.590,361.090
-443738.540,-1172321.700,360.400
-443738.830,-1172319.640,361.700
-443738.520,-1172320.490,361.190
-443738.300,-1172321.080,360.820
-443738.200,-1172321.360,360.660
-443737.880,-1172322.220,360.110
-443737.680,-1172322.770,359.770
-443737.360,-1172323.630,359.240
-443737.140,-1172324.230,358.890
-443738.590,-1172319.620,361.740
-443738.290,-1172320.440,361.200
-443738.170,-1172320.760,361.040
-443737.430,-1172322.760,359.810
-443737.320,-1172323.050,359.610
-443737.130,-1172323.590,359.290
-443736.910,-1172324.170,358.950
-443737.970,-1172320.030,361.490
-443736.610,-1172323.710,359.270
-443737.780,-1172320.040,361.550
-443737.670,-1172320.330,361.370
-443737.470,-1172320.890,361.010
-443737.170,-1172321.700,360.480
-443736.950,-1172322.280,360.130
-443736.640,-1172323.120,359.620
-443736.440,-1172323.670,359.280
-443736.120,-1172324.540,358.780
-443736.300,-1172322.860,359.790
-443735.770,-1172324.290,358.940
-443735.450,-1172325.140,358.440
-443735.570,-1172324.080,359.130
-443735.470,-1172324.350,358.940
-443737.140,-1172319.820,361.730
-443736.830,-1172320.660,361.200
-443736.610,-1172321.230,360.860
-443736.510,-1172321.510,360.660
-443736.190,-1172322.380,360.130
-443735.880,-1172323.230,359.600
-443736.660,-1172319.720,361.840
-443736.450,-1172320.280,361.470
-443736.140,-1172321.140,360.930
-443736.030,-1172321.420,360.760
-443735.930,-1172321.700,360.600
-443735.720,-1172322.270,360.220
-443735.400,-1172323.140,359.710
-443735.180,-1172323.720,359.360
-443735.140,-1172323.440,359.550
-443734.930,-1172324.010,359.200
-443734.710,-1172324.600,358.830
-443736.510,-1172319.730,361.830
-443736.290,-1172320.310,361.470
-443735.770,-1172321.740,360.590
-443735.950,-1172320.200,361.580
-443735.740,-1172320.770,361.220
-443735.630,-1172321.050,361.090
-443735.530,-1172321.330,360.890
-443735.430,-1172321.620,360.680
-443735.010,-1172322.760,360.010
-443734.480,-1172324.180,359.130
-443734.640,-1172323.090,359.830
-443734.320,-1172323.940,359.320
-443733.790,-1172325.380,358.460
-443735.890,-1172319.700,361.860
-443735.370,-1172321.090,361.040
-443735.280,-1172319.890,361.830
-443735.070,-1172320.460,361.470
-443734.970,-1172320.740,361.270
-443734.450,-1172322.140,360.420
-443734.140,-1172322.980,359.920
-443733.930,-1172323.560,359.570
-443733.830,-1172323.820,359.420
-443733.520,-1172324.680,358.870
-443733.090,-1172325.830,358.160
-443734.090,-1172322.510,360.230
-443734.720,-1172320.810,361.290
-443743.190,-1172296.220,355.740
-443734.270,-1172320.700,361.460
-443734.060,-1172321.270,361.080
-443733.860,-1172321.820,360.710
-443733.750,-1172322.120,360.540
-443733.120,-1172323.820,359.450
-443732.610,-1172325.210,358.580
-443733.950,-1172320.690,361.430
-443733.730,-1172321.260,361.080
-443733.430,-1172322.090,360.560
-443733.220,-1172322.670,360.200
-443733.010,-1172323.240,359.840
-443732.690,-1172324.100,359.300
-443732.580,-1172324.390,359.130
-443732.370,-1172324.960,358.780
-443732.070,-1172325.770,358.280
-443743.070,-1172295.630,356.190
-443742.920,-1172294.440,357.140
-443733.510,-1172320.280,361.710
-443733.300,-1172320.840,361.360
-443733.190,-1172321.130,361.210
-443733.090,-1172321.400,360.980
-443732.980,-1172321.700,360.860
-443732.880,-1172321.990,360.660
-443732.760,-1172322.290,360.490
-443732.660,-1172322.590,360.290
-443731.930,-1172324.560,359.080
-443731.510,-1172325.710,358.380
-443733.160,-1172320.340,361.710
-443732.850,-1172321.180,361.200
-443732.110,-1172323.190,359.980
-443731.790,-1172324.050,359.410
-443731.600,-1172324.580,359.080
-443731.370,-1172325.180,358.720
-443742.860,-1172293.730,357.850
-443742.810,-1172292.430,358.930
-443742.720,-1172292.680,358.700
-443742.620,-1172292.960,358.510
-443742.520,-1172293.220,358.310
-443742.420,-1172293.490,358.100
-443732.210,-1172321.480,361.050
-443732.100,-1172321.780,360.880
-443731.890,-1172322.350,360.540
-443731.780,-1172322.640,360.380
-443731.580,-1172323.190,360.010
-443731.370,-1172323.760,359.650
-443731.040,-1172324.640,359.080
-443742.430,-1172292.380,358.990
-443742.320,-1172292.670,358.760
-443742.220,-1172292.950,358.540
-443742.130,-1172293.200,358.280
-443731.690,-1172321.800,360.900
-443731.170,-1172323.200,360.010
-443731.080,-1172323.470,359.840
-443742.090,-1172291.730,359.540
-443741.980,-1172292.000,359.290
-443741.880,-1172292.280,359.100
-443741.780,-1172292.550,358.860
-443741.680,-1172292.810,358.650
-443741.580,-1172293.080,358.440
-443730.940,-1172322.260,360.680
-443730.840,-1172322.530,360.480
-443741.730,-1172291.750,359.550
-443741.620,-1172292.030,359.350
-443741.530,-1172292.270,359.120
-443741.430,-1172292.550,358.920
-443741.340,-1172292.810,358.710
-443741.200,-1172291.780,359.580
-443741.090,-1172292.080,359.350
-443741.000,-1172292.320,359.120
-443740.910,-1172292.580,358.870
-443740.740,-1172291.970,359.410
-443740.640,-1172292.260,359.180
-443740.540,-1172292.520,358.980
-443727.080,-1172323.610,356.670
-443726.890,-1172324.140,356.210
-443726.790,-1172324.420,356.070
-443726.680,-1172324.690,355.880
-443726.570,-1172325.000,355.690
-443727.460,-1172323.890,356.440
-443727.320,-1172322.450,357.470
-443726.920,-1172323.550,356.680
-443726.810,-1172323.840,356.470
-443726.720,-1172324.090,356.290
-443726.610,-1172324.370,356.120
-443726.510,-1172324.640,355.900
-443726.410,-1172324.920,355.730
-443727.180,-1172323.340,356.870
-443726.670,-1172322.190,357.690
-443726.360,-1172323.030,357.100
-443726.260,-1172323.290,356.950
-443726.160,-1172323.560,356.740
-443726.050,-1172323.860,356.540
-443725.950,-1172324.130,356.310
-443725.640,-1172324.980,355.770
-443726.890,-1172322.470,357.450
-443726.770,-1172322.770,357.270
-443726.680,-1172323.030,357.080
-443726.460,-1172323.610,356.700
-443726.360,-1172323.900,356.490
-443726.260,-1172324.170,356.290
-443726.160,-1172324.440,356.090
-443725.950,-1172325.010,355.700
-443725.190,-1172324.120,356.430
-443724.870,-1172324.980,355.810
-443737.000,-1172292.440,359.420
-443735.510,-1172296.470,356.170
-443735.400,-1172296.760,356.000
-443735.310,-1172297.020,355.790
-443726.210,-1172321.950,357.870
-443726.100,-1172322.220,357.700
-443726.010,-1172322.480,357.500
-443725.800,-1172323.060,357.110
-443725.690,-1172323.350,356.920
-443725.380,-1172324.180,356.340
-443737.580,-1172292.360,359.440
-443737.480,-1172292.650,359.230
-443735.860,-1172293.730,358.430
-443735.750,-1172294.040,358.260
-443735.650,-1172294.310,358.040
-443735.540,-1172294.590,357.850
-443735.340,-1172295.140,357.380
-443735.040,-1172295.940,356.760
-443734.850,-1172296.470,356.290
-443734.750,-1172296.750,356.120
-443725.750,-1172321.390,358.340
-443725.540,-1172321.950,357.940
-443725.350,-1172322.460,357.580
-443725.250,-1172322.750,357.380
-443725.040,-1172323.310,357.040
-443724.930,-1172323.590,356.840
-443724.840,-1172323.850,356.630
-443724.620,-1172324.440,356.250
-443724.530,-1172324.700,356.060
-443724.430,-1172324.970,355.890
-443724.320,-1172325.260,355.680
-443736.820,-1172292.340,359.520
-443736.410,-1172293.440,358.620
-443735.610,-1172295.610,356.870
-443735.500,-1172295.930,356.730
-443735.400,-1172296.200,356.500
-443726.020,-1172321.870,357.940
-443725.910,-1172322.150,357.760
-443725.820,-1172322.410,357.580
-443725.710,-1172322.700,357.370
-443725.600,-1172323.000,357.180
-443723.830,-1172324.290,356.420
-443723.540,-1172325.090,355.830
-443736.030,-1172292.450,359.520
-443735.730,-1172293.260,358.880
-443735.520,-1172293.810,358.450
-443735.420,-1172294.080,358.240
-443735.220,-1172294.630,357.840
-443735.020,-1172295.170,357.390
-443734.320,-1172297.060,355.820
-443725.510,-1172321.180,358.510
-443725.310,-1172321.730,358.100
-443725.200,-1172322.030,357.920
-443725.100,-1172322.290,357.750
-443725.000,-1172322.570,357.570
-443724.900,-1172322.840,357.350
-443724.790,-1172323.130,357.150
-443724.700,-1172323.380,357.000
-443724.610,-1172323.630,356.760
-443724.400,-1172324.200,356.420
-443724.290,-1172324.480,356.230
-443724.080,-1172325.060,355.890
-443735.960,-1172293.470,358.660
-443724.820,-1172320.860,358.780
-443724.710,-1172321.160,358.590
-443724.600,-1172321.440,358.410
-443724.510,-1172321.700,358.200
-443724.100,-1172322.820,357.460
-443723.790,-1172323.660,356.870
-443723.680,-1172323.940,356.660
-443723.580,-1172324.220,356.460
-443723.480,-1172324.500,356.280
-443723.380,-1172324.770,356.110
-443723.270,-1172325.050,355.890
-443723.170,-1172325.330,355.700
-443735.450,-1172292.550,359.480
-443735.250,-1172293.090,359.050
-443735.060,-1172293.620,358.650
-443734.860,-1172294.160,358.210
-443734.760,-1172294.430,358.010
-443734.660,-1172294.680,357.780
-443734.560,-1172294.970,357.620
-443734.460,-1172295.230,357.390
-443734.360,-1172295.500,357.150
-443734.260,-1172295.770,356.920
-443734.160,-1172296.040,356.740
-443733.970,-1172296.570,356.250
-443724.760,-1172321.780,358.150
-443724.560,-1172322.320,357.740
-443724.450,-1172322.610,357.540
-443724.350,-1172322.890,357.350
-443724.130,-1172323.470,356.990
-443724.040,-1172323.730,356.810
-443734.640,-1172292.680,359.500
-443734.540,-1172292.950,359.270
-443734.440,-1172293.220,359.040
-443734.240,-1172293.780,358.630
-443734.130,-1172294.060,358.420
-443733.740,-1172295.110,357.480
-443724.370,-1172320.770,358.880
-443724.160,-1172321.330,358.540
-443723.950,-1172321.910,358.200
-443723.630,-1172322.760,357.570
-443723.530,-1172323.030,357.390
-443723.440,-1172323.290,357.160
-443723.230,-1172323.840,356.780
-443723.130,-1172324.120,356.570
-443723.030,-1172324.390,356.370
-443722.920,-1172324.680,356.170
-443722.820,-1172324.960,356.000
-443722.720,-1172325.240,355.780
-443735.200,-1172292.480,359.560
-443735.100,-1172292.760,359.360
-443734.310,-1172294.890,357.660
-443734.210,-1172295.170,357.440
-443734.030,-1172295.640,356.890
-443722.530,-1172323.310,357.200
-443722.420,-1172323.600,357.000
-443722.320,-1172323.870,356.810
-443722.010,-1172324.720,356.230
-443734.370,-1172292.470,359.700
-443734.270,-1172292.730,359.450
-443734.180,-1172292.980,359.240
-443734.070,-1172293.270,359.060
-443733.880,-1172293.780,358.580
-443724.010,-1172320.800,358.900
-443723.690,-1172321.650,358.360
-443723.380,-1172322.480,357.770
-443723.280,-1172322.750,357.560
-443722.860,-1172323.890,356.750
-443722.760,-1172324.170,356.570
-443722.660,-1172324.440,356.370
-443722.560,-1172324.700,356.180
-443722.350,-1172325.280,355.780
-443722.900,-1172321.490,358.460
-443722.810,-1172321.760,358.310
-443722.710,-1172322.030,358.130
-443722.610,-1172322.300,357.910
-443722.500,-1172322.580,357.740
-443722.400,-1172322.850,357.520
-443722.300,-1172323.120,357.340
-443722.090,-1172323.690,356.980
-443721.900,-1172324.220,356.540
-443721.790,-1172324.520,356.370
-443721.690,-1172324.780,356.170
-443733.730,-1172292.730,359.530
-443733.630,-1172292.970,359.300
-443723.440,-1172320.850,358.900
-443723.340,-1172321.110,358.730
-443723.250,-1172321.370,358.520
-443723.040,-1172321.940,358.150
-443722.940,-1172322.190,357.980
-443722.840,-1172322.470,357.800
-443722.730,-1172322.760,357.580
-443722.630,-1172323.030,357.410
-443731.140,-1172296.530,357.040
-443722.090,-1172321.290,358.700
-443721.990,-1172321.580,358.510
-443721.880,-1172321.860,358.310
-443721.790,-1172322.110,358.100
-443721.680,-1172322.420,357.920
-443721.570,-1172322.690,357.700
-443721.470,-1172322.980,357.530
-443721.370,-1172323.250,357.320
-443722.460,-1172321.400,358.620
-443722.350,-1172321.690,358.410
-443722.250,-1172321.950,358.240
-443722.150,-1172322.230,358.020
-443722.050,-1172322.510,357.830
-443721.940,-1172322.800,357.670
-443721.850,-1172323.050,357.450
-443721.740,-1172323.340,357.290
-443721.650,-1172323.590,357.090
-443729.780,-1172297.920,355.670
-443721.530,-1172321.320,358.710
-443721.420,-1172321.630,358.550
-443729.120,-1172296.010,357.520
-443728.630,-1172297.330,356.320
-443728.530,-1172297.600,356.080
-443729.710,-1172295.880,357.680
-443729.130,-1172297.430,356.160
-443729.850,-1172296.440,357.120
-443728.050,-1172297.230,356.500
-443728.800,-1172296.230,357.370
-443728.320,-1172297.530,356.200
-443727.120,-1172298.090,355.740
-443727.800,-1172297.380,356.330
-443726.730,-1172297.570,356.280
-443727.620,-1172296.220,357.450
-443726.220,-1172296.980,356.900
-443725.940,-1172297.740,356.220
-443725.830,-1172298.020,355.980
-443726.770,-1172296.680,357.160
-443725.080,-1172297.670,356.390
-443724.880,-1172298.200,355.920
-443724.720,-1172297.320,356.810
-443724.760,-1172296.510,357.530
-443724.460,-1172297.310,356.780
-443723.750,-1172298.130,356.110
-443723.650,-1172298.410,355.880
-443722.860,-1172297.800,356.550
-443722.760,-1172298.060,356.300
-443723.170,-1172298.570,355.740
-443722.680,-1172297.230,357.080
-443723.250,-1172296.740,357.510
-443722.090,-1172297.510,356.940
-443721.990,-1172297.780,356.730
-443721.220,-1172297.480,356.420
-443721.120,-1172297.740,356.190
-443720.900,-1172298.330,355.850
-443721.360,-1172296.300,357.070
-443720.940,-1172297.440,356.370
-443720.890,-1172296.500,357.010
-443720.560,-1172297.390,356.480
-443721.090,-1172295.080,357.910
-443720.770,-1172295.920,357.410
-443720.030,-1172297.920,356.180
-443720.470,-1172295.520,357.610
-443720.250,-1172296.100,357.260
-443720.160,-1172296.350,357.030
-443720.550,-1172294.760,358.100
-443720.030,-1172296.150,357.240
-443719.720,-1172297.000,356.730
-443719.620,-1172297.270,356.540
-443720.310,-1172294.700,358.190
-443720.220,-1172294.960,357.980
-443719.470,-1172296.980,356.770
-443719.320,-1172297.120,356.720
-443719.220,-1172297.390,356.550
-443719.970,-1172294.740,358.180
-443719.750,-1172295.320,357.790
-443719.650,-1172295.600,357.620
-443719.870,-1172294.860,358.080
-443719.650,-1172295.440,357.710
-443719.550,-1172295.710,357.560
-443719.330,-1172296.320,357.260
-443719.230,-1172296.580,357.050
-443719.460,-1172295.180,357.890
-443719.350,-1172295.480,357.740
-443719.250,-1172295.760,357.540
-443720.910,-1172323.010,357.580
-443720.810,-1172323.270,357.390
-443720.710,-1172323.560,357.210
-443720.600,-1172323.840,356.990
-443720.490,-1172324.150,356.820
-443720.390,-1172324.400,356.630
-443720.080,-1172325.250,356.020
-443719.980,-1172325.510,355.860
-443721.260,-1172323.540,357.140
-443720.860,-1172324.630,356.370
-443720.660,-1172325.160,356.010
-443720.550,-1172325.460,355.820
-443721.240,-1172324.700,356.330
-443721.040,-1172325.250,355.970
-443720.930,-1172325.540,355.770
-443721.480,-1172325.350,355.790
-443720.810,-1172321.170,358.880
-443720.710,-1172321.460,358.680
-443720.500,-1172322.020,358.310
-443720.400,-1172322.300,358.120
-443720.300,-1172322.560,357.930
-443719.990,-1172323.410,357.340
-443719.880,-1172323.690,357.140
-443719.770,-1172323.980,356.970
-443719.670,-1172324.270,356.780
-443719.370,-1172325.080,356.230
-443719.270,-1172325.350,356.010
-443721.110,-1172321.660,358.480
-443721.010,-1172321.950,358.300
-443720.900,-1172322.220,358.100
-443720.800,-1172322.510,357.890
-443720.690,-1172322.800,357.700
-443720.600,-1172323.060,357.530
-443720.490,-1172323.340,357.350
-443720.390,-1172323.610,357.170
-443720.280,-1172323.910,356.950
-443720.180,-1172324.180,356.780
-443720.080,-1172324.460,356.590
-443719.980,-1172324.730,356.360
-443719.870,-1172325.030,356.200
-443719.770,-1172325.310,356.000
-443721.220,-1172322.170,358.160
-443721.120,-1172322.420,357.980
-443721.020,-1172322.720,357.760
-443719.860,-1172321.330,358.840
-443719.660,-1172321.870,358.450
-443719.450,-1172322.430,358.090
-443719.050,-1172323.500,357.320
-443718.950,-1172323.790,357.150
-443718.850,-1172324.060,356.970
-443718.730,-1172324.380,356.790
-443718.630,-1172324.640,356.550
-443718.540,-1172324.900,356.380
-443718.440,-1172325.170,356.180
-443718.320,-1172325.480,356.010
-443718.220,-1172325.750,355.800
-443714.170,-1172336.890,360.590
-443720.470,-1172321.140,358.910
-443720.370,-1172321.400,358.710
-443720.260,-1172321.680,358.530
-443720.160,-1172321.970,358.350
-443720.060,-1172322.240,358.180
-443719.960,-1172322.510,357.970
-443719.850,-1172322.800,357.800
-443719.750,-1172323.060,357.600
-443719.650,-1172323.350,357.400
-443719.540,-1172323.640,357.210
-443719.440,-1172323.900,356.980
-443719.340,-1172324.180,356.830
-443719.130,-1172324.750,356.430
-443718.810,-1172325.620,355.890
-443718.700,-1172325.900,355.710
-443719.300,-1172321.170,358.970
-443719.090,-1172321.740,358.600
-443718.880,-1172322.300,358.210
-443718.780,-1172322.570,357.990
-443718.670,-1172322.880,357.830
-443718.570,-1172323.140,357.610
-443718.470,-1172323.420,357.420
-443718.370,-1172323.690,357.240
-443718.260,-1172323.990,357.080
-443718.160,-1172324.260,356.870
-443718.060,-1172324.540,356.730
-443717.960,-1172324.790,356.530
-443717.860,-1172325.060,356.320
-443717.750,-1172325.350,356.140
-443717.560,-1172325.870,355.730
-443719.440,-1172321.830,358.480
-443719.230,-1172322.380,358.110
-443719.130,-1172322.660,357.940
-443719.020,-1172322.950,357.740
-443718.830,-1172323.480,357.370
-443718.720,-1172323.760,357.210
-443718.620,-1172324.030,357.000
-443718.510,-1172324.330,356.840
-443718.320,-1172324.840,356.460
-443718.210,-1172325.150,356.270
-443718.110,-1172325.410,356.090
-443718.010,-1172325.670,355.830
-443717.620,-1172324.050,357.070
-443716.700,-1172326.590,358.360
-443719.020,-1172321.390,358.850
-443718.820,-1172321.940,358.460
-443718.720,-1172322.210,358.270
-443718.510,-1172322.770,357.910
-443718.400,-1172323.070,357.720
-443718.200,-1172323.620,357.350
-443718.090,-1172323.900,357.140
-443717.980,-1172324.200,356.960
-443717.890,-1172324.450,356.750
-443717.780,-1172324.750,356.560
-443717.680,-1172325.010,356.350
-443717.590,-1172325.260,356.060
-443718.370,-1172321.480,358.840
-443718.170,-1172322.020,358.470
-443718.060,-1172322.330,358.280
-443717.860,-1172322.870,357.890
-443717.650,-1172323.450,357.500
-443716.530,-1172326.500,358.420
-443718.650,-1172321.280,358.960
-443718.540,-1172321.560,358.760
-443718.340,-1172322.110,358.410
-443718.230,-1172322.410,358.240
-443718.120,-1172322.700,358.010
-443718.020,-1172322.970,357.820
-443717.910,-1172323.260,357.660
-443717.820,-1172323.520,357.430
-443717.710,-1172323.810,357.260
-443717.980,-1172321.510,358.860
-443717.570,-1172322.610,358.120
-443717.370,-1172323.150,357.710
-443717.260,-1172323.460,357.560
-443717.710,-1172321.450,358.920
-443717.500,-1172322.000,358.570
-443716.800,-1172322.180,361.570
-443716.710,-1172322.450,361.340
-443716.600,-1172322.730,361.140
-443717.160,-1172321.740,358.800
-443717.050,-1172322.030,358.620
-443716.360,-1172322.400,361.390
-443716.240,-1172322.700,361.240
-443716.330,-1172321.620,361.900
-443716.230,-1172321.890,361.680
-443716.120,-1172322.180,361.510
-443716.020,-1172322.470,361.340
-443715.920,-1172322.720,361.110
-443715.520,-1172321.780,361.900
-443715.420,-1172322.050,361.690
-443715.330,-1172322.300,361.510
-443715.230,-1172322.560,361.300
-443715.790,-1172321.770,361.910
-443715.690,-1172322.040,361.680
-443715.590,-1172322.300,361.500
-443715.490,-1172322.570,361.290
-443715.390,-1172322.840,361.100
-443715.110,-1172321.810,361.900
-443715.000,-1172322.080,361.710
-443714.900,-1172322.360,361.510
-443714.800,-1172322.620,361.320
-443714.730,-1172321.690,361.970
-443714.620,-1172321.990,361.780
-443714.520,-1172322.250,361.590
-443714.420,-1172322.530,361.420
-443714.310,-1172322.810,361.210
-443714.020,-1172321.990,361.850
-443713.920,-1172322.280,361.660
-443713.810,-1172322.560,361.440
-443713.720,-1172322.810,361.250
-443713.620,-1172323.080,361.100
-443713.170,-1172321.900,361.930
-443712.950,-1172322.480,361.550
-443713.650,-1172321.920,361.920
-443713.540,-1172322.220,361.700
-443713.440,-1172322.490,361.500
-443713.340,-1172322.760,361.280
-443712.670,-1172322.190,361.820
-443712.570,-1172322.460,361.610
-443712.480,-1172322.720,361.420
-443712.370,-1172323.010,361.230
-443712.230,-1172322.060,361.930
-443712.030,-1172322.600,361.540
-443711.470,-1172322.240,361.860
-443711.370,-1172322.510,361.650
-443711.260,-1172322.800,361.460
-443711.160,-1172323.070,361.240
-443711.950,-1172322.030,361.930
-443711.630,-1172322.880,361.380
-443710.100,-1172323.270,361.260
-443719.310,-1172298.640,355.700
-443710.310,-1172323.250,361.230
-443719.200,-1172298.400,355.890
-443719.010,-1172297.950,356.170
-443709.710,-1172323.350,361.250
-443709.480,-1172323.160,361.360
-443719.010,-1172297.330,356.580
-443709.580,-1172323.050,361.470
-443709.390,-1172322.640,361.800
-443709.290,-1172322.890,361.580
-443719.000,-1172297.200,356.680
-443718.900,-1172297.450,356.450
-443718.170,-1172297.910,356.270
-443709.160,-1172322.480,361.870
-443709.060,-1172322.760,361.690
-443708.950,-1172323.050,361.470
-443708.280,-1172323.120,361.510
-443718.780,-1172295.060,358.040
-443718.680,-1172295.330,357.850
-443718.050,-1172297.040,356.820
-443717.940,-1172297.320,356.690
-443717.620,-1172298.170,356.150
-443708.630,-1172322.710,361.720
-443717.560,-1172296.980,356.910
-443717.340,-1172297.550,356.590
-443707.820,-1172323.480,361.280
-443718.440,-1172295.450,357.770
-443717.790,-1172297.190,356.770
-443708.470,-1172322.590,361.890
-443717.730,-1172295.940,357.570
-443717.410,-1172296.810,357.040
-443707.970,-1172322.500,361.950
-443718.190,-1172295.260,357.890
-443717.980,-1172295.840,357.580
-443717.880,-1172296.100,357.360
-443707.290,-1172322.860,361.790
-443707.090,-1172323.390,361.410
-443717.320,-1172295.980,357.560
-443707.460,-1172322.820,361.800
-443707.360,-1172323.090,361.590
-443707.240,-1172323.390,361.440
-443706.420,-1172323.610,361.330
-443717.020,-1172295.490,357.910
-443706.970,-1172322.830,361.860
-443706.870,-1172323.120,361.660
-443706.760,-1172323.410,361.440
-443717.470,-1172295.150,358.080
-443717.260,-1172295.720,357.750
-443717.170,-1172295.950,357.500
-443704.930,-1172326.450,360.880
-443706.730,-1172322.790,361.870
-443705.780,-1172322.710,362.120
-443711.020,-1172294.860,356.910
-443711.380,-1172295.260,356.620
-443711.060,-1172296.110,356.050
-443710.850,-1172296.690,355.780
-443712.080,-1172294.590,356.990
-443711.990,-1172294.840,356.740
-443711.770,-1172295.430,356.440
-443712.150,-1172295.500,356.420
-443712.040,-1172295.800,356.240
-443708.830,-1172297.440,357.800
-443707.950,-1172297.090,358.360
-443708.320,-1172296.970,358.480
-443706.240,-1172299.830,355.710
-443706.700,-1172299.260,356.270
-443707.050,-1172298.990,356.530
-443706.350,-1172298.670,356.910
-443830.000,-1172421.530,354.240
-443795.650,-1172424.350,352.690
-443743.620,-1172411.390,347.900
-443744.220,-1172411.380,347.960
-443735.940,-1172437.430,350.930
-443738.130,-1172437.320,350.930
-443739.060,-1172437.210,354.480
-443738.380,-1172437.450,350.740
-443739.500,-1172437.250,350.930
-443739.760,-1172437.040,350.990
-443739.530,-1172437.230,354.460
-443771.480,-1172411.500,354.000
-443771.790,-1172411.500,353.840
-443740.510,-1172437.320,351.080
-443743.570,-1172437.220,347.280
-443748.880,-1172436.710,350.970
-443748.880,-1172436.700,354.480
-443750.130,-1172436.870,347.540
-443750.380,-1172436.660,347.590
-443750.900,-1172436.670,347.580
-443751.150,-1172436.470,347.650
-443750.690,-1172436.840,350.810
-443750.900,-1172436.660,350.970
-443753.970,-1172436.710,350.910
-443754.220,-1172436.490,354.490
-443756.180,-1172436.410,350.940
-443756.950,-1172436.230,347.660
-443757.350,-1172436.370,350.960
-443757.880,-1172436.360,354.500
-443760.010,-1172436.330,350.980
-443760.270,-1172436.110,351.010
-443763.050,-1172436.290,350.860
-443763.790,-1172436.240,350.880
-443768.830,-1172436.110,347.510
-443697.630,-1172346.400,352.650
-443699.440,-1172345.900,353.080
-443842.780,-1172313.200,351.950
-443842.150,-1172313.230,351.920
-443842.380,-1172313.040,352.050
-443842.650,-1172312.820,352.170
-443842.890,-1172312.620,352.360
-443841.440,-1172313.300,351.960
-443841.700,-1172313.100,352.100
-443841.940,-1172312.900,352.230
-443842.430,-1172312.490,352.470
-443842.670,-1172312.290,352.590
-443840.820,-1172313.380,349.290
-443840.590,-1172313.570,351.790
-443840.840,-1172313.360,351.980
-443841.070,-1172313.170,352.120
-443841.320,-1172312.970,352.240
-443841.580,-1172312.750,352.360
-443841.850,-1172312.530,352.500
-443842.090,-1172312.330,352.630
-443842.350,-1172312.120,352.760
-443842.610,-1172311.900,352.900
-443842.850,-1172311.700,353.060
-443839.930,-1172313.530,351.890
-443840.150,-1172313.340,352.060
-443840.420,-1172313.130,352.160
-443840.670,-1172312.920,352.280
-443841.160,-1172312.510,352.540
-443841.400,-1172312.320,352.670
-443842.160,-1172311.690,353.060
-443842.410,-1172311.490,353.190
-443839.790,-1172313.130,352.210
-443840.020,-1172312.930,352.330
-443840.750,-1172312.330,352.680
-443841.010,-1172312.120,352.830
-443841.270,-1172311.910,352.930
-443841.500,-1172311.720,353.090
-443841.760,-1172311.500,353.200
-443842.010,-1172311.300,353.330
-443842.270,-1172311.080,353.450
-443842.530,-1172310.870,353.580
-443842.740,-1172310.690,353.760
-443838.570,-1172313.690,351.860
-443838.820,-1172313.480,352.030
-443839.310,-1172313.080,352.290
-443839.830,-1172312.640,352.570
-443840.070,-1172312.450,352.670
-443840.330,-1172312.240,352.790
-443840.580,-1172312.030,352.930
-443840.840,-1172311.820,353.050
-443841.070,-1172311.630,353.170
-443841.320,-1172311.420,353.310
-443841.580,-1172311.210,353.430
-443841.810,-1172311.020,353.570
-443842.050,-1172310.820,353.680
-443842.300,-1172310.610,353.830
-443842.550,-1172310.410,353.960
-443838.070,-1172313.710,351.890
-443838.320,-1172313.500,352.060
-443838.590,-1172313.280,352.180
-443838.820,-1172313.090,352.320
-443839.060,-1172312.890,352.420
-443839.310,-1172312.690,352.560
-443839.570,-1172312.470,352.680
-443839.820,-1172312.270,352.850
-443840.060,-1172312.070,352.970
-443840.320,-1172311.850,353.110
-443840.840,-1172311.420,353.330
-443841.080,-1172311.220,353.470
-443841.350,-1172311.010,353.620
-443841.600,-1172310.800,353.710
-443841.840,-1172310.600,353.850
-443842.080,-1172310.400,353.980
-443842.340,-1172310.190,354.110
-443842.560,-1172310.000,354.250
-443841.590,-1172310.220,354.140
-443842.100,-1172309.790,354.350
-443842.360,-1172309.580,354.490
-443837.310,-1172313.750,351.900
-443837.550,-1172313.550,352.080
-443837.820,-1172313.320,352.180
-443838.050,-1172313.140,352.320
-443838.300,-1172312.930,352.440
-443838.560,-1172312.710,352.580
-443838.810,-1172312.510,352.730
-443839.070,-1172312.300,352.830
-443839.340,-1172312.070,352.970
-443839.590,-1172311.860,353.110
-443839.820,-1172311.680,353.260
-443840.330,-1172311.260,353.450
-443840.570,-1172311.060,353.610
-443840.830,-1172310.840,353.740
-443841.080,-1172310.640,353.840
-443836.510,-1172313.850,351.890
-443836.750,-1172313.650,352.040
-443837.490,-1172313.040,352.420
-443837.730,-1172312.840,352.560
-443838.230,-1172312.430,352.810
-443838.490,-1172312.220,352.930
-443838.760,-1172312.000,353.070
-443838.990,-1172311.810,353.210
-443839.230,-1172311.610,353.330
-443839.490,-1172311.400,353.470
-443839.750,-1172311.180,353.600
-443840.010,-1172310.970,353.720
-443840.270,-1172310.750,353.840
-443840.530,-1172310.540,353.990
-443840.770,-1172310.340,354.090
-443841.010,-1172310.140,354.230
-443841.510,-1172309.720,354.480
-443841.770,-1172309.510,354.610
-443842.010,-1172309.320,354.740
-443842.260,-1172309.110,354.880
-443835.850,-1172313.840,352.030
-443836.110,-1172313.620,352.130
-443836.610,-1172313.210,352.380
-443836.860,-1172313.000,352.520
-443837.120,-1172312.790,352.650
-443837.360,-1172312.590,352.760
-443837.590,-1172312.410,352.900
-443837.830,-1172312.210,353.030
-443838.100,-1172311.990,353.170
-443838.350,-1172311.780,353.270
-443838.840,-1172311.370,353.540
-443839.090,-1172311.170,353.640
-443839.340,-1172310.960,353.800
-443839.580,-1172310.770,353.940
-443839.840,-1172310.550,354.060
-443840.090,-1172310.340,354.170
-443840.340,-1172310.140,354.300
-443840.590,-1172309.930,354.430
-443840.850,-1172309.710,354.570
-443841.130,-1172309.490,354.690
-443841.380,-1172309.280,354.800
-443841.610,-1172309.090,354.950
-443841.860,-1172308.880,355.070
-443835.580,-1172313.590,352.210
-443835.850,-1172313.360,352.330
-443836.090,-1172313.170,352.480
-443836.340,-1172312.960,352.580
-443836.590,-1172312.750,352.730
-443836.860,-1172312.530,352.840
-443837.340,-1172312.140,353.130
-443837.590,-1172311.930,353.220
-443838.100,-1172311.500,353.500
-443838.590,-1172311.100,353.730
-443838.830,-1172310.910,353.890
-443839.090,-1172310.690,354.010
-443839.310,-1172310.510,354.120
-443839.560,-1172310.300,354.270
-443839.830,-1172310.080,354.380
-443840.320,-1172309.680,354.620
-443840.600,-1172309.450,354.760
-443840.830,-1172309.260,354.890
-443841.320,-1172308.850,355.160
-443834.140,-1172314.100,351.900
-443834.900,-1172313.470,352.320
-443835.150,-1172313.270,352.450
-443835.410,-1172313.050,352.590
-443835.640,-1172312.860,352.720
-443835.890,-1172312.650,352.850
-443836.140,-1172312.450,352.990
-443836.400,-1172312.240,353.090
-443836.650,-1172312.030,353.220
-443836.890,-1172311.830,353.360
-443837.160,-1172311.610,353.480
-443838.160,-1172310.780,354.020
-443838.400,-1172310.590,354.150
-443838.670,-1172310.370,354.260
-443839.150,-1172309.970,354.520
-443839.390,-1172309.770,354.630
-443839.890,-1172309.360,354.910
-443840.370,-1172308.960,355.150
-443840.640,-1172308.740,355.280
-443840.890,-1172308.540,355.400
-443834.620,-1172313.130,352.570
-443834.850,-1172312.940,352.710
-443835.360,-1172312.510,353.000
-443836.120,-1172311.890,353.390
-443836.380,-1172311.670,353.510
-443836.620,-1172311.470,353.620
-443836.860,-1172311.280,353.750
-443837.120,-1172311.060,353.890
-443837.390,-1172310.840,354.000
-443838.130,-1172310.230,354.420
-443838.660,-1172309.800,354.610
-443839.390,-1172309.190,355.090
-443839.630,-1172308.990,355.200
-443839.870,-1172308.790,355.320
-443840.110,-1172308.590,355.450
-443837.720,-1172310.000,354.620
-443837.960,-1172309.810,354.760
-443838.490,-1172309.370,355.010
-443839.250,-1172308.740,355.420
-443834.120,-1172313.540,352.320
-443834.370,-1172313.330,352.440
-443832.740,-1172314.110,352.030
-443833.210,-1172313.720,352.310
-443833.970,-1172313.090,352.670
-443834.210,-1172312.900,352.770
-443834.710,-1172312.490,353.050
-443834.960,-1172312.280,353.180
-443835.210,-1172312.070,353.320
-443835.720,-1172311.650,353.550
-443835.960,-1172311.450,353.690
-443836.220,-1172311.240,353.820
-443836.490,-1172311.020,353.950
-443836.750,-1172310.800,354.100
-443836.990,-1172310.610,354.240
-443832.200,-1172314.160,352.010
-443832.460,-1172313.940,352.180
-443832.700,-1172313.740,352.350
-443832.940,-1172313.540,352.470
-443833.420,-1172313.150,352.780
-443834.190,-1172312.510,353.060
-443834.440,-1172312.310,353.190
-443834.690,-1172312.100,353.300
-443835.430,-1172311.490,353.710
-443835.680,-1172311.280,353.810
-443835.920,-1172311.090,353.950
-443836.180,-1172310.870,354.090
-443836.920,-1172310.260,354.470
-443837.170,-1172310.050,354.610
-443837.440,-1172309.830,354.750
-443837.680,-1172309.630,354.870
-443837.940,-1172309.420,355.030
-443838.430,-1172309.010,355.300
-443838.670,-1172308.820,355.440
-443831.140,-1172314.440,351.870
-443831.380,-1172314.250,352.010
-443831.610,-1172314.050,352.190
-443831.870,-1172313.840,352.290
-443832.110,-1172313.640,352.370
-443832.350,-1172313.440,352.590
-443832.610,-1172313.230,352.710
-443832.850,-1172313.030,352.870
-443833.100,-1172312.820,352.950
-443833.870,-1172312.190,353.310
-443834.130,-1172311.980,353.440
-443834.370,-1172311.770,353.600
-443834.640,-1172311.560,353.710
-443834.860,-1172311.370,353.850
-443835.110,-1172311.170,353.950
-443835.370,-1172310.950,354.090
-443835.600,-1172310.760,354.220
-443836.340,-1172310.150,354.610
-443836.590,-1172309.940,354.740
-443836.820,-1172309.750,354.870
-443837.080,-1172309.540,355.010
-443837.350,-1172309.310,355.140
-443837.580,-1172309.120,355.260
-443837.810,-1172308.930,355.410
-443830.660,-1172314.310,352.040
-443831.170,-1172313.890,352.310
-443831.930,-1172313.260,352.740
-443832.190,-1172313.050,352.840
-443832.410,-1172312.870,353.020
-443832.910,-1172312.450,353.270
-443833.390,-1172312.050,353.540
-443834.210,-1172311.380,353.820
-443834.440,-1172311.190,353.970
-443834.710,-1172310.960,354.070
-443834.940,-1172310.780,354.240
-443835.200,-1172310.560,354.370
-443835.430,-1172310.370,354.510
-443835.680,-1172310.160,354.620
-443835.910,-1172309.970,354.760
-443836.150,-1172309.780,354.880
-443836.900,-1172309.160,355.270
-443832.350,-1172312.400,353.330
-443833.110,-1172311.770,353.720
-443833.300,-1172311.610,353.960
-443833.850,-1172311.160,354.080
-443834.110,-1172310.940,354.220
-443834.340,-1172310.750,354.340
-443834.600,-1172310.540,354.460
-443834.870,-1172310.320,354.620
-443835.350,-1172309.920,354.870
-443835.620,-1172309.700,354.980
-443835.870,-1172309.490,355.120
-443836.120,-1172309.290,355.270
-443836.350,-1172309.100,355.380
-443829.860,-1172314.460,351.990
-443830.350,-1172314.050,352.270
-443830.590,-1172313.860,352.390
-443830.850,-1172313.640,352.520
-443831.090,-1172313.440,352.660
-443831.340,-1172313.240,352.800
-443831.570,-1172313.040,352.940
-443831.840,-1172312.820,353.050
-443832.100,-1172312.610,353.180
-443829.350,-1172314.500,352.040
-443830.070,-1172313.900,352.430
-443830.310,-1172313.700,352.530
-443830.560,-1172313.490,352.660
-443830.820,-1172313.280,352.780
-443831.050,-1172313.090,352.950
-443831.550,-1172312.680,353.190
-443831.810,-1172312.460,353.310
-443832.070,-1172312.250,353.450
-443834.080,-1172310.590,354.480
-443834.320,-1172310.390,354.600
-443834.570,-1172310.190,354.740
-443834.820,-1172309.970,354.880
-443835.070,-1172309.770,355.010
-443835.320,-1172309.570,355.130
-443835.580,-1172309.350,355.280
-443835.820,-1172309.150,355.410
-443828.380,-1172314.720,351.920
-443828.620,-1172314.520,352.070
-443828.900,-1172314.290,352.180
-443829.160,-1172314.080,352.320
-443829.640,-1172313.680,352.610
-443829.880,-1172313.480,352.720
-443830.380,-1172313.070,352.960
-443830.610,-1172312.880,353.110
-443830.890,-1172312.650,353.190
-443831.120,-1172312.460,353.350
-443831.360,-1172312.260,353.480
-443831.600,-1172312.070,353.640
-443831.840,-1172311.860,353.760
-443832.100,-1172311.650,353.890
-443832.320,-1172311.470,354.060
-443834.110,-1172309.990,354.900
-443834.370,-1172309.770,355.020
-443834.630,-1172309.560,355.200
-443835.100,-1172309.170,355.420
-443827.920,-1172314.630,351.980
-443828.150,-1172314.440,352.120
-443828.390,-1172314.240,352.260
-443828.640,-1172314.030,352.380
-443828.880,-1172313.830,352.530
-443829.150,-1172313.610,352.620
-443829.380,-1172313.420,352.790
-443829.900,-1172312.990,353.050
-443830.160,-1172312.780,353.170
-443830.400,-1172312.570,353.330
-443830.660,-1172312.360,353.450
-443831.150,-1172311.960,353.710
-443831.390,-1172311.760,353.830
-443831.620,-1172311.570,353.980
-443831.870,-1172311.360,354.100
-443832.100,-1172311.170,354.270
-443832.370,-1172310.950,354.360
-443832.590,-1172310.770,354.570
-443832.840,-1172310.560,354.630
-443833.060,-1172310.370,354.860
-443833.860,-1172309.720,355.130
-443834.100,-1172309.520,355.270
-443834.340,-1172309.320,355.380
-443831.610,-1172311.120,354.350
-443831.840,-1172310.930,354.440
-443832.100,-1172310.720,354.580
-443832.330,-1172310.520,354.770
-443833.060,-1172309.920,355.100
-443833.820,-1172309.300,355.440
-443827.370,-1172314.630,352.060
-443827.570,-1172314.460,352.200
-443827.860,-1172314.220,352.320
-443828.100,-1172314.020,352.450
-443828.360,-1172313.810,352.550
-443829.110,-1172313.190,352.970
-443829.360,-1172312.980,353.090
-443829.610,-1172312.770,353.220
-443829.880,-1172312.550,353.330
-443830.100,-1172312.370,353.510
-443830.340,-1172312.170,353.640
-443830.610,-1172311.950,353.760
-443830.870,-1172311.730,353.890
-443826.640,-1172314.850,351.920
-443826.860,-1172314.670,352.100
-443827.360,-1172314.260,352.370
-443827.620,-1172314.040,352.480
-443827.870,-1172313.840,352.620
-443829.650,-1172312.370,353.520
-443830.130,-1172311.970,353.770
-443830.360,-1172311.780,353.920
-443830.630,-1172311.560,354.030
-443830.860,-1172311.370,354.210
-443831.120,-1172311.160,354.330
-443831.370,-1172310.940,354.470
-443831.880,-1172310.530,354.730
-443832.100,-1172310.350,354.940
-443832.380,-1172310.110,355.010
-443832.590,-1172309.940,355.220
-443826.070,-1172314.740,352.070
-443826.300,-1172314.550,352.220
-443826.550,-1172314.340,352.360
-443827.050,-1172313.940,352.580
-443827.290,-1172313.730,352.730
-443827.550,-1172313.520,352.850
-443827.800,-1172313.310,352.940
-443828.030,-1172313.120,353.120
-443828.550,-1172312.690,353.340
-443828.790,-1172312.500,353.530
-443829.030,-1172312.290,353.630
-443829.540,-1172311.870,353.880
-443829.790,-1172311.670,354.020
-443830.030,-1172311.470,354.170
-443830.290,-1172311.250,354.310
-443830.550,-1172311.030,354.430
-443830.790,-1172310.840,354.570
-443831.030,-1172310.640,354.700
-443831.280,-1172310.430,354.820
-443831.520,-1172310.230,354.970
-443831.780,-1172310.020,355.090
-443832.010,-1172309.830,355.280
-443832.260,-1172309.630,355.440
-443825.420,-1172314.770,352.090
-443825.670,-1172314.560,352.210
-443825.920,-1172314.360,352.360
-443826.170,-1172314.150,352.480
-443826.430,-1172313.930,352.580
-443826.670,-1172313.740,352.700
-443826.920,-1172313.530,352.860
-443828.150,-1172312.510,353.490
-443828.400,-1172312.310,353.600
-443828.620,-1172312.120,353.780
-443829.370,-1172311.500,354.160
-443829.630,-1172311.290,354.280
-443829.880,-1172311.080,354.380
-443830.120,-1172310.890,354.530
-443830.360,-1172310.690,354.700
-443830.620,-1172310.470,354.820
-443830.880,-1172310.250,354.970
-443831.130,-1172310.050,355.090
-443831.390,-1172309.840,355.240
-443831.630,-1172309.630,355.370
-443830.360,-1172310.150,355.070
-443830.610,-1172309.940,355.220
-443830.850,-1172309.740,355.370
-443825.140,-1172314.460,352.350
-443825.400,-1172314.250,352.480
-443825.650,-1172314.040,352.610
-443825.900,-1172313.830,352.730
-443826.150,-1172313.630,352.830
-443826.420,-1172313.410,352.990
-443826.650,-1172313.220,353.170
-443827.420,-1172312.580,353.520
-443827.640,-1172312.400,353.670
-443827.910,-1172312.170,353.780
-443828.170,-1172311.960,353.890
-443828.390,-1172311.780,354.060
-443828.630,-1172311.580,354.150
-443828.860,-1172311.390,354.300
-443829.130,-1172311.160,354.430
-443829.360,-1172310.970,354.570
-443829.610,-1172310.760,354.680
-443829.870,-1172310.560,354.810
-443830.110,-1172310.350,354.960
-443824.240,-1172314.730,352.130
-443824.460,-1172314.550,352.320
-443824.700,-1172314.350,352.490
-443824.950,-1172314.140,352.610
-443825.220,-1172313.920,352.740
-443825.470,-1172313.710,352.880
-443825.970,-1172313.300,353.160
-443826.210,-1172313.100,353.280
-443826.450,-1172312.900,353.390
-443827.980,-1172311.640,354.200
-443828.210,-1172311.450,354.330
-443828.470,-1172311.230,354.460
-443828.700,-1172311.040,354.620
-443828.980,-1172310.810,354.690
-443829.200,-1172310.630,354.850
-443829.450,-1172310.420,354.970
-443829.710,-1172310.200,355.060
-443829.930,-1172310.020,355.220
-443830.190,-1172309.810,355.330
-443830.420,-1172309.620,355.470
-443827.430,-1172311.400,354.380
-443827.680,-1172311.180,354.550
-443827.930,-1172310.980,354.690
-443828.180,-1172310.770,354.820
-443828.440,-1172310.560,354.920
-443828.690,-1172310.350,355.070
-443828.940,-1172310.150,355.200
-443829.450,-1172309.720,355.420
-443824.190,-1172314.070,352.660
-443824.450,-1172313.860,352.780
-443824.680,-1172313.660,352.980
-443824.940,-1172313.450,353.060
-443825.430,-1172313.050,353.370
-443825.960,-1172312.610,353.600
-443824.310,-1172313.350,353.240
-443824.570,-1172313.130,353.380
-443824.810,-1172312.930,353.510
-443825.060,-1172312.720,353.630
-443825.330,-1172312.500,353.770
-443825.570,-1172312.300,353.880
-443825.800,-1172312.110,354.020
-443826.060,-1172311.900,354.140
-443826.310,-1172311.690,354.300
-443826.830,-1172311.260,354.550
-443827.080,-1172311.050,354.690
-443827.320,-1172310.850,354.840
-443828.070,-1172310.240,355.200
-443828.330,-1172310.020,355.320
-443828.560,-1172309.830,355.490
-443827.180,-1172310.390,355.220
-443827.440,-1172310.170,355.360
-443827.690,-1172309.970,355.480
-443824.940,-1172312.240,354.010
-443825.180,-1172312.040,354.140
-443825.920,-1172311.430,354.560
-443826.190,-1172311.210,354.680
-443826.430,-1172311.010,354.830
-443826.920,-1172310.600,355.040
-443820.200,-1172315.740,353.200
-443820.450,-1172315.530,353.310
-443820.700,-1172315.330,353.470
-443824.310,-1172312.340,353.990
-443824.550,-1172312.140,354.100
-443825.030,-1172311.750,354.370
-443825.270,-1172311.540,354.480
-443825.530,-1172311.330,354.590
-443825.740,-1172311.150,354.780
-443826.000,-1172310.940,354.880
-443826.260,-1172310.720,355.020
-443826.490,-1172310.530,355.130
-443826.750,-1172310.320,355.280
-443827.020,-1172310.100,355.400
-443819.560,-1172315.680,353.220
-443820.040,-1172315.280,353.540
-443820.540,-1172314.870,353.780
-443824.400,-1172311.670,354.480
-443824.900,-1172311.260,354.710
-443825.160,-1172311.040,354.850
-443825.410,-1172310.840,354.960
-443825.640,-1172310.640,355.080
-443825.890,-1172310.440,355.210
-443826.150,-1172310.230,355.320
-443823.910,-1172311.560,354.580
-443824.160,-1172311.360,354.750
-443824.390,-1172311.160,354.870
-443824.930,-1172310.720,355.100
-443825.170,-1172310.520,355.250
-443825.420,-1172310.310,355.410
-443818.840,-1172315.750,353.210
-443819.060,-1172315.570,353.400
-443819.800,-1172314.960,353.770
-443820.050,-1172314.750,353.910
-443820.290,-1172314.560,354.040
-443817.920,-1172315.960,353.200
-443818.150,-1172315.770,353.290
-443818.410,-1172315.560,353.430
-443818.660,-1172315.350,353.550
-443818.890,-1172315.150,353.770
-443819.110,-1172314.980,353.920
-443819.360,-1172314.770,354.030
-443819.870,-1172314.350,354.210
-443820.110,-1172314.150,354.340
-443820.360,-1172313.940,354.470
-443820.600,-1172313.740,354.610
-443820.860,-1172313.530,354.760
-443824.190,-1172310.770,355.200
-443824.430,-1172310.570,355.310
-443817.990,-1172315.360,353.610
-443818.240,-1172315.160,353.770
-443818.510,-1172314.940,353.890
-443818.740,-1172314.750,354.080
-443819.000,-1172314.530,354.130
-443819.250,-1172314.320,354.300
-443819.480,-1172314.130,354.470
-443819.730,-1172313.920,354.590
-443819.980,-1172313.720,354.710
-443820.220,-1172313.520,354.860
-443820.460,-1172313.320,354.970
-443820.690,-1172313.130,355.110
-443816.250,-1172316.110,353.230
-443816.520,-1172315.890,353.350
-443817.020,-1172315.470,353.600
-443817.270,-1172315.260,353.760
-443817.510,-1172315.060,353.890
-443817.740,-1172314.870,354.030
-443817.970,-1172314.680,354.180
-443818.240,-1172314.460,354.310
-443818.500,-1172314.240,354.420
-443818.750,-1172314.040,354.500
-443819.000,-1172313.830,354.660
-443819.230,-1172313.640,354.870
-443819.500,-1172313.410,354.960
-443819.730,-1172313.220,355.100
-443819.990,-1172313.010,355.280
-443820.230,-1172312.810,355.380
-443815.600,-1172316.060,353.210
-443815.820,-1172315.880,353.410
-443816.080,-1172315.670,353.600
-443816.600,-1172315.240,353.740
-443816.820,-1172315.060,353.910
-443817.070,-1172314.850,354.110
-443817.310,-1172314.650,354.250
-443817.840,-1172314.210,354.490
-443818.090,-1172314.010,354.640
-443818.330,-1172313.810,354.740
-443818.560,-1172313.620,354.900
-443818.810,-1172313.410,355.030
-443819.050,-1172313.210,355.180
-443819.320,-1172312.990,355.290
-443819.550,-1172312.800,355.440
-443814.860,-1172316.140,353.250
-443815.100,-1172315.940,353.380
-443815.590,-1172315.530,353.640
-443816.090,-1172315.120,353.880
-443816.340,-1172314.910,353.990
-443816.540,-1172314.740,354.240
-443816.800,-1172314.530,354.310
-443817.780,-1172313.720,354.870
-443818.300,-1172313.290,355.130
-443818.530,-1172313.100,355.300
-443818.800,-1172312.870,355.440
-443814.310,-1172316.190,353.290
-443814.560,-1172315.980,353.390
-443814.800,-1172315.780,353.550
-443815.060,-1172315.570,353.700
-443815.290,-1172315.380,353.850
-443815.530,-1172315.180,353.980
-443816.050,-1172314.750,354.210
-443816.260,-1172314.580,354.400
-443816.490,-1172314.380,354.520
-443816.750,-1172314.170,354.640
-443817.490,-1172313.550,354.970
-443817.750,-1172313.340,355.120
-443817.980,-1172313.150,355.290
-443818.230,-1172312.940,355.410
-443814.060,-1172315.860,353.550
-443814.560,-1172315.450,353.780
-443815.040,-1172315.050,354.110
-443816.060,-1172314.200,354.570
-443816.310,-1172314.000,354.760
-443816.550,-1172313.800,354.900
-443816.790,-1172313.590,355.070
-443817.260,-1172313.210,355.350
-443813.640,-1172315.720,353.630
-443813.900,-1172315.500,353.780
-443814.650,-1172314.880,354.180
-443814.870,-1172314.700,354.360
-443815.090,-1172314.520,354.540
-443816.110,-1172313.670,354.990
-443816.360,-1172313.460,355.150
-443816.630,-1172313.240,355.290
-443816.850,-1172313.050,355.460
-443812.300,-1172316.300,353.320
-443812.550,-1172316.100,353.450
-443813.310,-1172315.470,353.830
-443813.540,-1172315.280,353.970
-443813.790,-1172315.070,354.110
-443814.040,-1172314.860,354.260
-443814.540,-1172314.450,354.550
-443815.530,-1172313.630,355.070
-443815.770,-1172313.430,355.210
-443816.000,-1172313.230,355.410
-443816.260,-1172313.020,355.510
-443811.390,-1172316.570,353.150
-443811.620,-1172316.380,353.330
-443812.610,-1172315.560,353.830
-443812.840,-1172315.370,353.950
-443813.060,-1172315.180,354.100
-443813.330,-1172314.970,354.220
-443813.560,-1172314.770,354.380
-443813.810,-1172314.570,354.550
-443814.550,-1172313.950,354.900
-443814.790,-1172313.750,355.070
-443815.050,-1172313.530,355.180
-443815.290,-1172313.330,355.370
-443815.570,-1172313.110,355.450
-443812.310,-1172315.130,354.200
-443812.550,-1172314.930,354.350
-443812.800,-1172314.720,354.470
-443813.030,-1172314.530,354.570
-443813.270,-1172314.330,354.710
-443813.530,-1172314.120,354.880
-443813.760,-1172313.920,355.010
-443813.990,-1172313.740,355.150
-443814.240,-1172313.520,355.280
-443814.470,-1172313.330,355.450
-443811.080,-1172316.150,353.560
-443810.060,-1172316.400,353.440
-443810.540,-1172316.000,353.710
-443810.770,-1172315.810,353.830
-443811.040,-1172315.580,353.960
-443812.290,-1172314.540,354.610
-443812.530,-1172314.350,354.730
-443812.790,-1172314.130,354.870
-443813.040,-1172313.930,355.010
-443813.270,-1172313.730,355.150
-443813.520,-1172313.530,355.260
-443813.750,-1172313.340,355.430
-443808.760,-1172316.900,353.120
-443809.000,-1172316.700,353.310
-443809.250,-1172316.500,353.460
-443809.490,-1172316.300,353.600
-443809.710,-1172316.110,353.740
-443810.720,-1172315.270,354.310
-443810.980,-1172315.060,354.460
-443812.220,-1172314.030,355.060
-443812.970,-1172313.400,355.460
-443808.230,-1172316.890,353.140
-443808.430,-1172316.730,353.390
-443808.680,-1172316.520,353.520
-443808.940,-1172316.300,353.600
-443809.170,-1172316.110,353.770
-443810.640,-1172314.900,354.570
-443810.900,-1172314.680,354.730
-443812.150,-1172313.640,355.400
-443812.390,-1172313.440,355.500
-443808.100,-1172316.390,353.670
-443808.340,-1172316.190,353.780
-443808.580,-1172315.990,353.890
-443808.780,-1172315.830,354.130
-443809.520,-1172315.220,354.500
-443810.520,-1172314.390,354.980
-443810.770,-1172314.170,355.150
-443806.460,-1172317.200,353.160
-443806.720,-1172316.980,353.290
-443806.960,-1172316.790,353.430
-443807.470,-1172316.360,353.690
-443807.730,-1172316.150,353.830
-443807.950,-1172315.960,353.980
-443808.210,-1172315.750,354.100
-443808.450,-1172315.550,354.250
-443808.680,-1172315.360,354.460
-443810.140,-1172314.150,355.170
-443810.380,-1172313.950,355.320
-443810.640,-1172313.730,355.440
-443806.180,-1172316.890,353.470
-443806.430,-1172316.680,353.590
-443807.680,-1172315.640,354.230
-443807.910,-1172315.450,354.390
-443808.150,-1172315.250,354.530
-443808.420,-1172315.030,354.650
-443808.670,-1172314.820,354.820
-443808.890,-1172314.630,354.960
-443809.150,-1172314.420,355.070
-443809.400,-1172314.220,355.190
-443809.650,-1172314.000,355.350
-443809.870,-1172313.820,355.510
-443804.990,-1172317.350,353.170
-443805.220,-1172317.160,353.350
-443805.470,-1172316.950,353.480
-443807.210,-1172315.500,354.450
-443807.480,-1172315.280,354.540
-443807.700,-1172315.100,354.710
-443807.950,-1172314.890,354.810
-443808.190,-1172314.690,354.950
-443808.440,-1172314.480,355.100
-443808.690,-1172314.280,355.230
-443804.170,-1172317.350,353.230
-443804.640,-1172316.960,353.550
-443804.890,-1172316.750,353.680
-443805.140,-1172316.550,353.800
-443805.370,-1172316.350,353.940
-443805.630,-1172316.140,354.070
-443806.840,-1172315.130,354.760
-443807.110,-1172314.910,354.860
-443807.360,-1172314.700,355.020
-443807.620,-1172314.480,355.110
-443807.870,-1172314.280,355.260
-443803.280,-1172317.410,353.270
-443804.020,-1172316.790,353.720
-443804.510,-1172316.390,353.970
-443804.750,-1172316.180,354.080
-443804.970,-1172316.000,354.260
-443805.210,-1172315.800,354.380
-443806.450,-1172314.770,355.010
-443806.690,-1172314.570,355.130
-443806.940,-1172314.360,355.270
-443802.550,-1172317.470,353.330
-443802.780,-1172317.280,353.490
-443803.050,-1172317.050,353.590
-443803.310,-1172316.840,353.720
-443803.540,-1172316.650,353.860
-443804.300,-1172316.020,354.280
-443804.530,-1172315.820,354.400
-443804.800,-1172315.600,354.540
-443805.030,-1172315.400,354.660
-443805.280,-1172315.200,354.800
-443805.520,-1172315.000,354.910
-443805.770,-1172314.790,355.030
-443806.010,-1172314.600,355.190
-443806.490,-1172314.200,355.470
-443802.280,-1172317.180,353.480
-443802.490,-1172317.010,353.750
-443802.770,-1172316.770,353.840
-443803.020,-1172316.570,353.960
-443803.500,-1172316.170,354.220
-443803.730,-1172315.980,354.390
-443803.990,-1172315.760,354.470
-443804.230,-1172315.560,354.630
-443804.740,-1172315.140,354.920
-443804.980,-1172314.940,355.040
-443805.230,-1172314.730,355.190
-443805.720,-1172314.330,355.480
-443802.340,-1172316.500,354.060
-443802.590,-1172316.290,354.190
-443802.830,-1172316.090,354.350
-443803.070,-1172315.890,354.500
-443803.850,-1172315.240,354.850
-443804.090,-1172315.050,354.980
-443804.580,-1172314.630,355.220
-443804.820,-1172314.440,355.400
-443802.560,-1172315.730,354.670
-443803.070,-1172315.300,354.900
-443803.300,-1172315.110,355.030
-443803.550,-1172314.900,355.170
-443803.810,-1172314.680,355.310
-443804.060,-1172314.470,355.460
-443802.360,-1172315.370,354.960
-443802.590,-1172315.180,355.070
-443802.820,-1172314.980,355.200
-443803.330,-1172314.560,355.460
-443802.260,-1172314.940,355.380
-443802.500,-1172314.730,355.500
-443719.040,-1172299.820,355.080
-443719.260,-1172299.630,355.220
-443719.310,-1172299.060,355.560
-443720.500,-1172299.690,355.080
-443720.730,-1172299.500,355.220
-443721.920,-1172299.700,355.010
-443722.910,-1172298.850,355.570
-443721.320,-1172299.640,355.090
-443722.980,-1172299.540,354.890
-443723.210,-1172299.330,355.040
-443724.580,-1172299.290,354.910
-443725.030,-1172298.900,355.250
-443725.970,-1172299.280,354.800
-443726.220,-1172299.070,354.990
-443726.570,-1172299.170,354.850
-443729.030,-1172298.170,355.520
-443727.310,-1172299.120,354.810
-443727.550,-1172298.910,354.960
-443728.220,-1172298.340,355.460
-443728.450,-1172298.140,355.610
-443727.880,-1172299.160,354.710
-443730.060,-1172298.540,355.100
-443734.070,-1172298.130,354.910
-443734.290,-1172297.950,355.140
-443734.780,-1172297.530,355.460
-443735.010,-1172297.330,355.570
-443734.470,-1172298.430,354.740
-443734.940,-1172298.030,355.020
-443735.180,-1172297.830,355.170
-443735.400,-1172297.630,355.310
-443721.080,-1172325.850,355.540
-443721.340,-1172326.210,355.280
-443721.510,-1172327.120,354.550
-443721.740,-1172326.920,354.700
-443722.000,-1172326.700,354.830
-443722.730,-1172326.070,355.200
-443722.960,-1172325.880,355.350
-443721.390,-1172326.780,354.850
-443721.640,-1172326.570,354.960
-443722.100,-1172326.180,355.220
-443722.330,-1172325.980,355.340
-443722.580,-1172325.760,355.470
-443722.810,-1172325.570,355.600
-443722.790,-1172326.480,354.920
-443723.040,-1172326.270,355.060
-443723.280,-1172326.060,355.220
-443723.540,-1172325.850,355.340
-443723.770,-1172325.650,355.470
-443723.980,-1172325.470,355.620
-443723.250,-1172326.630,354.790
-443723.480,-1172326.440,354.900
-443723.740,-1172326.220,355.050
-443723.980,-1172326.010,355.200
-443724.460,-1172325.610,355.430
-443724.710,-1172325.390,355.590
-443723.820,-1172326.720,354.680
-443724.070,-1172326.510,354.800
-443724.290,-1172326.320,354.950
-443725.020,-1172325.700,355.350
-443725.240,-1172325.510,355.480
-443724.810,-1172326.420,354.810
-443725.300,-1172326.000,355.070
-443725.750,-1172325.610,355.360
-443726.020,-1172325.390,355.470
-443726.230,-1172325.200,355.620
-443726.980,-1172325.790,355.090
-443727.200,-1172325.590,355.250
-443725.880,-1172326.060,354.990
-443726.340,-1172325.660,355.240
-443743.280,-1172326.010,351.350
-443750.080,-1172323.490,354.900
-443759.460,-1172322.060,350.950
-443759.780,-1172322.230,350.870
-443760.030,-1172322.450,350.760
-443774.620,-1172321.590,355.510
-443720.930,-1172327.170,354.550
-443721.160,-1172326.980,354.680
-443720.620,-1172326.820,354.870
-443720.880,-1172326.600,355.020
-443719.380,-1172326.290,355.440
-443719.960,-1172326.300,355.330
-443720.210,-1172326.090,355.460
-443717.940,-1172326.220,355.540
-443718.710,-1172326.180,355.530
-443718.300,-1172299.930,355.060
-443718.550,-1172299.710,355.200
-443718.140,-1172299.390,355.440
-443717.610,-1172299.310,355.520
-443711.870,-1172300.330,353.470
-443712.100,-1172300.140,353.640
-443712.350,-1172299.920,353.740
-443712.590,-1172299.710,353.870
-443711.270,-1172300.170,353.690
-443711.510,-1172299.960,353.800
-443712.090,-1172299.010,354.340
-443712.340,-1172298.790,354.450
-443709.510,-1172300.560,354.770
-443708.990,-1172300.510,354.790
-443709.230,-1172300.300,354.940
-443711.450,-1172298.380,354.740
-443708.160,-1172300.670,354.750
-443708.400,-1172300.460,354.890
-443711.150,-1172298.080,354.980
-443712.360,-1172297.030,355.490
-443706.690,-1172300.870,354.710
-443706.940,-1172300.650,354.850
-443707.170,-1172300.450,354.970
-443710.920,-1172297.200,355.500
-443704.850,-1172300.890,354.790
-443698.640,-1172298.020,355.630
-443844.090,-1172432.600,366.110
-443840.900,-1172432.600,369.010
-443840.510,-1172432.420,369.150
-443840.210,-1172432.230,363.440
-443841.750,-1172419.720,374.280
-443842.110,-1172415.370,377.610
-443830.200,-1172421.360,371.120
-443838.780,-1172400.160,374.170
-443837.440,-1172400.090,374.330
-443836.820,-1172400.090,374.290
-443843.930,-1172393.280,374.330
-443846.590,-1172370.450,374.610
-443844.840,-1172370.670,374.340
-443833.950,-1172330.840,370.750
-443831.720,-1172330.870,370.810
-443831.950,-1172330.680,371.050
-443833.130,-1172330.840,370.840
-443829.870,-1172330.900,370.840
-443831.510,-1172330.770,371.030
-443827.810,-1172330.940,370.860
-443825.340,-1172332.080,365.510
-443826.770,-1172330.900,371.040
-443827.150,-1172331.030,370.810
-443827.360,-1172330.860,371.060
-443840.360,-1172308.390,355.550
-443840.610,-1172308.180,355.690
-443841.130,-1172308.340,355.550
-443838.920,-1172308.610,355.550
-443839.190,-1172308.390,355.670
-443839.440,-1172308.190,355.810
-443839.500,-1172308.540,355.560
-443839.990,-1172308.130,355.810
-443840.250,-1172307.910,355.940
-443838.080,-1172308.710,355.560
-443838.830,-1172308.090,355.950
-443836.610,-1172308.880,355.490
-443836.840,-1172308.690,355.650
-443837.390,-1172308.760,355.550
-443835.350,-1172308.970,355.550
-443835.610,-1172308.750,355.690
-443835.860,-1172308.540,355.840
-443837.100,-1172307.520,356.510
-443837.350,-1172307.310,356.660
-443836.080,-1172308.930,355.520
-443836.330,-1172308.730,355.630
-443836.580,-1172308.530,355.840
-443834.070,-1172309.090,355.590
-443834.320,-1172308.880,355.720
-443834.580,-1172308.670,355.810
-443835.330,-1172308.050,356.220
-443835.560,-1172307.860,356.380
-443835.800,-1172307.660,356.510
-443836.080,-1172307.430,356.650
-443836.320,-1172307.230,356.800
-443836.580,-1172307.020,356.920
-443836.800,-1172306.830,357.090
-443834.870,-1172308.880,355.630
-443835.120,-1172308.670,355.790
-443835.380,-1172308.460,355.910
-443835.630,-1172308.250,356.030
-443835.890,-1172308.040,356.160
-443836.340,-1172307.660,356.460
-443836.580,-1172307.470,356.600
-443836.860,-1172307.240,356.730
-443837.100,-1172307.040,356.860
-443833.600,-1172309.100,355.620
-443833.850,-1172308.900,355.760
-443835.090,-1172307.870,356.400
-443835.330,-1172307.670,356.540
-443835.590,-1172307.460,356.670
-443835.830,-1172307.260,356.830
-443836.060,-1172307.070,356.970
-443836.310,-1172306.860,357.080
-443836.590,-1172306.630,357.220
-443831.870,-1172309.440,355.520
-443832.090,-1172309.260,355.700
-443832.340,-1172309.050,355.830
-443833.640,-1172307.980,356.430
-443834.130,-1172307.570,356.680
-443834.380,-1172307.360,356.790
-443834.630,-1172307.150,356.940
-443834.860,-1172306.960,357.080
-443835.100,-1172306.760,357.200
-443834.490,-1172307.780,356.540
-443835.010,-1172307.350,356.780
-443835.240,-1172307.160,356.910
-443835.470,-1172306.970,357.060
-443835.730,-1172306.750,357.200
-443835.970,-1172306.560,357.350
-443831.100,-1172309.540,355.500
-443831.340,-1172309.340,355.650
-443832.100,-1172308.710,356.110
-443832.330,-1172308.520,356.240
-443832.830,-1172308.100,356.510
-443833.840,-1172307.270,356.970
-443834.080,-1172307.070,357.100
-443834.340,-1172306.860,357.240
-443829.700,-1172309.520,355.580
-443829.920,-1172309.330,355.730
-443830.150,-1172309.140,355.860
-443830.410,-1172308.930,355.980
-443830.640,-1172308.730,356.130
-443830.900,-1172308.520,356.260
-443831.140,-1172308.320,356.380
-443831.380,-1172308.130,356.520
-443831.640,-1172307.910,356.650
-443831.860,-1172307.730,356.800
-443832.110,-1172307.520,356.970
-443832.360,-1172307.320,357.130
-443832.610,-1172307.100,357.220
-443832.810,-1172306.940,357.440
-443830.920,-1172309.210,355.750
-443831.150,-1172309.020,355.890
-443831.400,-1172308.810,356.050
-443831.670,-1172308.590,356.200
-443832.130,-1172308.210,356.460
-443832.390,-1172307.990,356.620
-443833.420,-1172307.140,357.150
-443833.660,-1172306.940,357.260
-443829.750,-1172307.840,356.860
-443830.020,-1172307.610,356.970
-443830.230,-1172307.440,357.100
-443830.490,-1172307.230,357.290
-443829.430,-1172308.530,356.370
-443829.940,-1172308.110,356.670
-443830.190,-1172307.890,356.810
-443830.420,-1172307.700,356.930
-443830.680,-1172307.490,357.070
-443830.920,-1172307.290,357.200
-443828.810,-1172309.620,355.620
-443829.820,-1172308.780,356.140
-443830.070,-1172308.580,356.270
-443830.330,-1172308.360,356.370
-443830.560,-1172308.180,356.530
-443830.800,-1172307.980,356.680
-443831.040,-1172307.780,356.810
-443831.280,-1172307.580,356.940
-443831.530,-1172307.370,357.060
-443831.780,-1172307.170,357.190
-443825.670,-1172310.110,355.540
-443825.900,-1172309.910,355.680
-443826.160,-1172309.700,355.790
-443826.630,-1172309.830,355.560
-443826.880,-1172309.620,355.690
-443827.110,-1172309.430,355.880
-443828.600,-1172308.190,356.660
-443828.860,-1172307.980,356.790
-443829.120,-1172307.770,356.920
-443829.360,-1172307.570,357.070
-443829.620,-1172307.350,357.240
-443827.250,-1172309.900,355.540
-443827.470,-1172309.720,355.690
-443828.770,-1172308.640,356.340
-443829.240,-1172308.260,356.590
-443829.490,-1172308.050,356.710
-443817.740,-1172312.810,355.560
-443817.980,-1172312.620,355.770
-443818.730,-1172311.990,356.100
-443818.980,-1172311.790,356.230
-443819.220,-1172311.590,356.360
-443819.470,-1172311.380,356.520
-443819.700,-1172311.180,356.670
-443819.950,-1172310.980,356.770
-443818.470,-1172312.740,355.570
-443818.950,-1172312.340,355.860
-443819.200,-1172312.140,355.970
-443819.470,-1172311.920,356.110
-443819.720,-1172311.710,356.250
-443819.970,-1172311.500,356.380
-443820.220,-1172311.290,356.530
-443819.530,-1172312.270,355.820
-443819.770,-1172312.070,355.960
-443820.520,-1172311.450,356.350
-443819.800,-1172312.580,355.600
-443820.050,-1172312.380,355.740
-443820.300,-1172312.180,355.880
-443820.550,-1172311.970,355.990
-443820.800,-1172311.760,356.130
-443820.710,-1172312.420,355.650
-443824.960,-1172310.130,355.570
-443825.190,-1172309.940,355.680
-443825.450,-1172309.730,355.880
-443825.720,-1172309.510,355.990
-443813.990,-1172313.130,355.540
-443814.230,-1172312.940,355.670
-443814.470,-1172312.740,355.850
-443814.700,-1172312.540,355.990
-443814.950,-1172312.340,356.120
-443815.210,-1172312.130,356.220
-443815.430,-1172311.940,356.390
-443815.680,-1172311.730,356.530
-443817.180,-1172310.490,357.350
-443814.990,-1172312.910,355.710
-443815.230,-1172312.710,355.830
-443815.710,-1172312.310,356.110
-443815.960,-1172312.100,356.270
-443816.230,-1172311.880,356.400
-443816.480,-1172311.670,356.540
-443816.720,-1172311.470,356.710
-443816.980,-1172311.250,356.800
-443817.220,-1172311.060,356.950
-443817.440,-1172310.870,357.070
-443815.790,-1172312.920,355.660
-443816.280,-1172312.510,355.910
-443816.530,-1172312.310,356.020
-443816.760,-1172312.120,356.170
-443817.020,-1172311.900,356.300
-443817.270,-1172311.690,356.420
-443817.510,-1172311.490,356.570
-443817.760,-1172311.290,356.740
-443818.020,-1172311.070,356.860
-443818.260,-1172310.880,357.010
-443818.490,-1172310.680,357.160
-443818.730,-1172310.480,357.290
-443816.520,-1172312.810,355.590
-443816.750,-1172312.610,355.820
-443817.000,-1172312.410,355.920
-443818.240,-1172311.380,356.600
-443818.490,-1172311.170,356.740
-443818.720,-1172310.980,356.860
-443819.200,-1172310.580,357.120
-443817.110,-1172312.840,355.570
-443817.350,-1172312.640,355.710
-443817.600,-1172312.430,355.860
-443818.570,-1172311.630,356.320
-443818.800,-1172311.440,356.500
-443819.040,-1172311.240,356.650
-443819.280,-1172311.040,356.770
-443819.530,-1172310.830,356.920
-443810.860,-1172313.550,355.600
-443811.320,-1172313.160,356.040
-443812.120,-1172312.500,356.240
-443812.380,-1172312.280,356.370
-443812.620,-1172312.090,356.510
-443812.880,-1172311.870,356.620
-443813.130,-1172311.660,356.800
-443813.370,-1172311.460,356.900
-443813.600,-1172311.270,357.070
-443813.840,-1172311.070,357.180
-443814.090,-1172310.870,357.340
-443814.340,-1172310.660,357.490
-443814.570,-1172310.470,357.610
-443814.830,-1172310.250,357.780
-443815.080,-1172310.040,357.930
-443815.330,-1172309.840,358.070
-443811.440,-1172313.610,355.710
-443812.030,-1172313.130,355.790
-443812.270,-1172312.930,355.910
-443812.540,-1172312.710,356.030
-443813.020,-1172312.310,356.300
-443813.500,-1172311.910,356.580
-443813.760,-1172311.690,356.730
-443813.980,-1172311.510,356.880
-443814.220,-1172311.310,357.000
-443814.490,-1172311.090,357.160
-443814.740,-1172310.880,357.290
-443814.960,-1172310.690,357.460
-443815.220,-1172310.480,357.590
-443815.720,-1172310.070,357.860
-443812.630,-1172313.240,355.610
-443813.140,-1172312.820,355.900
-443813.370,-1172312.630,356.030
-443813.630,-1172312.410,356.170
-443813.890,-1172312.200,356.310
-443814.140,-1172311.990,356.460
-443814.370,-1172311.790,356.580
-443814.620,-1172311.590,356.750
-443814.860,-1172311.390,356.880
-443815.090,-1172311.200,357.010
-443815.340,-1172310.990,357.190
-443815.570,-1172310.800,357.330
-443815.820,-1172310.600,357.450
-443813.460,-1172313.000,355.710
-443813.700,-1172312.800,355.860
-443813.960,-1172312.580,356.000
-443814.210,-1172312.380,356.150
-443814.450,-1172312.180,356.260
-443814.660,-1172312.000,356.420
-443814.910,-1172311.800,356.570
-443815.140,-1172311.600,356.700
-443815.380,-1172311.400,356.830
-443816.110,-1172310.800,357.280
-443816.350,-1172310.600,357.390
-443809.170,-1172312.510,356.490
-443809.890,-1172311.910,356.930
-443810.390,-1172311.500,357.200
-443812.590,-1172309.670,358.440
-443812.820,-1172309.480,358.590
-443808.590,-1172313.680,355.690
-443808.830,-1172313.480,355.800
-443809.080,-1172313.270,355.990
-443809.340,-1172313.060,356.110
-443809.570,-1172312.860,356.240
-443809.820,-1172312.650,356.420
-443810.080,-1172312.440,356.540
-443810.310,-1172312.250,356.690
-443810.540,-1172312.050,356.830
-443813.470,-1172309.620,358.450
-443813.720,-1172309.410,358.580
-443809.440,-1172313.650,355.630
-443809.920,-1172313.250,355.930
-443810.160,-1172313.050,356.140
-443810.400,-1172312.860,356.240
-443810.660,-1172312.640,356.350
-443811.880,-1172311.630,356.990
-443812.120,-1172311.430,357.110
-443813.330,-1172310.420,357.830
-443813.820,-1172310.020,358.080
-443814.060,-1172309.820,358.240
-443814.570,-1172309.390,358.530
-443810.110,-1172313.620,355.650
-443810.360,-1172313.410,355.780
-443810.590,-1172313.220,355.900
-443811.280,-1172312.650,356.470
-443812.090,-1172311.980,356.650
-443812.350,-1172311.760,356.790
-443812.800,-1172311.380,357.040
-443813.060,-1172311.170,357.190
-443813.330,-1172310.950,357.340
-443813.550,-1172310.760,357.490
-443814.290,-1172310.150,357.950
-443814.530,-1172309.950,358.060
-443814.780,-1172309.740,358.200
-443808.940,-1172311.010,357.790
-443809.450,-1172310.590,358.000
-443809.700,-1172310.380,358.160
-443809.950,-1172310.170,358.290
-443810.180,-1172309.980,358.430
-443810.420,-1172309.780,358.570
-443806.230,-1172313.900,355.690
-443806.460,-1172313.700,355.830
-443806.680,-1172313.520,356.010
-443806.920,-1172313.320,356.120
-443807.180,-1172313.110,356.200
-443807.430,-1172312.900,356.370
-443807.660,-1172312.710,356.510
-443808.150,-1172312.300,356.800
-443809.120,-1172311.500,357.370
-443809.360,-1172311.290,357.480
-443809.870,-1172310.880,357.760
-443810.110,-1172310.670,357.930
-443810.360,-1172310.460,358.070
-443806.730,-1172313.990,355.580
-443806.970,-1172313.800,355.710
-443807.200,-1172313.600,355.890
-443807.460,-1172313.390,355.970
-443807.710,-1172313.180,356.150
-443807.960,-1172312.980,356.270
-443808.440,-1172312.570,356.530
-443808.700,-1172312.360,356.660
-443808.950,-1172312.150,356.770
-443809.180,-1172311.960,356.990
-443809.700,-1172311.520,357.230
-443809.920,-1172311.350,357.400
-443810.170,-1172311.130,357.510
-443810.410,-1172310.940,357.690
-443807.430,-1172313.950,355.550
-443807.670,-1172313.760,355.710
-443807.900,-1172313.560,355.850
-443808.170,-1172313.340,355.960
-443808.680,-1172312.910,356.230
-443808.930,-1172312.710,356.380
-443803.590,-1172314.350,355.570
-443803.820,-1172314.150,355.750
-443804.310,-1172313.750,355.970
-443804.550,-1172313.540,356.120
-443804.810,-1172313.330,356.270
-443805.070,-1172313.110,356.410
-443805.330,-1172312.900,356.510
-443805.810,-1172312.500,356.820
-443806.050,-1172312.300,356.950
-443806.270,-1172312.110,357.110
-443807.490,-1172311.100,357.880
-443808.010,-1172310.670,358.070
-443808.250,-1172310.470,358.240
-443808.490,-1172310.270,358.370
-443808.990,-1172309.850,358.620
-443804.300,-1172314.270,355.600
-443804.560,-1172314.060,355.740
-443804.820,-1172313.840,355.810
-443805.050,-1172313.650,355.960
-443805.280,-1172313.460,356.110
-443805.520,-1172313.260,356.270
-443805.790,-1172313.040,356.420
-443806.280,-1172312.630,356.660
-443806.510,-1172312.440,356.850
-443806.770,-1172312.220,356.970
-443807.020,-1172312.020,357.070
-443807.270,-1172311.800,357.190
-443808.690,-1172310.620,358.070
-443808.940,-1172310.410,358.200
-443809.170,-1172310.230,358.390
-443809.900,-1172309.620,358.760
-443805.300,-1172314.030,355.650
-443805.810,-1172313.620,355.930
-443806.060,-1172313.410,356.090
-443806.300,-1172313.200,356.210
-443806.550,-1172313.000,356.380
-443807.280,-1172312.390,356.750
-443807.520,-1172312.190,356.870
-443802.250,-1172314.320,355.770
-443802.500,-1172314.120,355.930
-443802.750,-1172313.910,356.030
-443803.710,-1172313.110,356.560
-443804.210,-1172312.690,356.800
-443804.430,-1172312.510,356.980
-443804.920,-1172312.100,357.260
-443805.150,-1172311.910,357.410
-443805.420,-1172311.680,357.480
-443807.120,-1172310.260,358.520
-443798.650,-1172317.920,357.790
-443798.900,-1172317.720,357.950
-443802.750,-1172314.520,355.600
-443803.260,-1172314.100,355.840
-443803.720,-1172313.710,356.100
-443803.980,-1172313.500,356.260
-443804.470,-1172313.090,356.500
-443805.880,-1172311.920,357.560
-443807.150,-1172310.860,358.080
-443807.420,-1172310.640,358.170
-443807.890,-1172310.240,358.440
-443808.150,-1172310.030,358.620
-443798.270,-1172316.660,358.600
-443798.810,-1172316.210,358.830
-443799.040,-1172316.020,358.950
-443802.620,-1172313.040,356.710
-443802.870,-1172312.830,356.820
-443803.080,-1172312.660,356.980
-443803.340,-1172312.440,357.140
-443803.600,-1172312.230,357.270
-443795.950,-1172318.990,357.230
-443796.200,-1172318.780,357.380
-443797.700,-1172317.530,358.080
-443802.030,-1172313.940,356.080
-443802.280,-1172313.730,356.250
-443802.540,-1172313.510,356.340
-443802.780,-1172313.310,356.500
-443803.290,-1172312.890,356.760
-443803.520,-1172312.700,356.900
-443804.260,-1172312.080,357.280
-443804.480,-1172311.900,357.420
-443797.120,-1172318.580,357.500
-443793.400,-1172320.280,357.440
-443803.400,-1172311.970,357.480
-443793.860,-1172320.330,357.270
-443794.350,-1172319.920,357.520
-443794.560,-1172319.740,357.820
-443795.820,-1172318.690,357.390
-443796.800,-1172317.880,357.890
-443797.040,-1172317.680,358.050
-443793.230,-1172319.310,357.990
-443795.940,-1172317.050,358.480
-443797.720,-1172315.570,359.280
-443798.470,-1172314.950,359.600
-443792.640,-1172320.400,357.370
-443792.890,-1172320.190,357.510
-443797.380,-1172316.450,358.750
-443797.890,-1172316.030,358.990
-443797.630,-1172314.600,359.920
-443794.730,-1172317.560,358.250
-443795.210,-1172317.160,358.490
-443795.480,-1172316.940,358.600
-443796.510,-1172316.080,359.060
-443796.740,-1172315.890,359.170
-443796.990,-1172315.690,359.270
-443791.990,-1172320.340,357.410
-443791.650,-1172318.920,358.350
-443794.360,-1172316.660,358.840
-443794.590,-1172316.470,358.950
-443796.590,-1172314.800,359.850
-443796.840,-1172314.590,359.980
-443791.450,-1172319.750,357.840
-443792.200,-1172319.130,358.200
-443792.450,-1172318.920,358.310
-443792.820,-1172316.650,358.940
-443793.320,-1172316.230,359.180
-443793.580,-1172316.020,359.310
-443795.060,-1172314.780,360.040
-443789.000,-1172320.400,357.650
-443789.260,-1172320.190,357.780
-443789.490,-1172319.990,357.900
-443789.730,-1172319.790,358.030
-443791.050,-1172318.690,358.490
-443791.770,-1172318.090,358.840
-443793.250,-1172316.860,358.790
-443793.750,-1172316.440,358.990
-443794.010,-1172316.230,359.100
-443794.510,-1172315.810,359.330
-443794.980,-1172315.420,359.580
-443795.230,-1172315.210,359.660
-443796.710,-1172313.980,360.350
-443787.210,-1172320.760,357.620
-443787.960,-1172320.120,357.960
-443788.210,-1172319.920,358.080
-443788.690,-1172319.510,358.300
-443789.170,-1172319.120,358.560
-443789.670,-1172318.700,358.810
-443790.970,-1172317.620,359.200
-443792.670,-1172316.200,359.280
-443793.420,-1172315.570,359.590
-443793.660,-1172315.380,359.700
-443793.920,-1172315.160,359.810
-443794.670,-1172314.530,360.170
-443795.680,-1172313.690,360.650
-443795.930,-1172313.480,360.760
-443788.330,-1172320.390,357.740
-443788.590,-1172320.180,357.870
-443788.840,-1172319.970,357.990
-443791.960,-1172315.510,359.690
-443792.210,-1172315.300,359.820
-443792.710,-1172314.890,360.060
-443792.980,-1172314.660,360.130
-443793.210,-1172314.470,360.290
-443793.710,-1172314.050,360.500
-443787.030,-1172320.280,357.940
-443787.800,-1172319.650,358.270
-443788.060,-1172319.430,358.360
-443788.300,-1172319.230,358.510
-443788.800,-1172318.810,358.740
-443789.030,-1172318.610,358.870
-443793.520,-1172314.870,360.020
-443794.020,-1172314.450,360.280
-443794.260,-1172314.250,360.420
-443795.020,-1172313.620,360.710
-443795.760,-1172313.000,361.070
-443787.130,-1172319.010,358.730
-443787.630,-1172318.590,358.970
-443788.370,-1172317.980,359.340
-443789.110,-1172317.350,359.690
-443789.360,-1172317.150,359.840
-443791.610,-1172315.270,359.890
-443793.590,-1172313.620,360.810
-443786.510,-1172320.060,358.070
-443787.240,-1172319.450,358.430
-443787.480,-1172319.250,358.550
-443787.750,-1172319.030,358.630
-443788.240,-1172318.620,358.890
-443788.750,-1172318.190,359.150
-443790.910,-1172315.260,360.000
-443791.170,-1172315.050,360.070
-443792.400,-1172314.020,360.680
-443792.650,-1172313.810,360.780
-443792.890,-1172313.620,360.890
-443790.930,-1172314.620,360.370
-443791.950,-1172313.770,360.810
-443792.180,-1172313.580,360.930
-443783.990,-1172319.750,357.560
-443784.500,-1172319.330,357.750
-443785.990,-1172318.080,358.500
-443783.590,-1172319.620,357.630
-443784.830,-1172318.580,358.220
-443785.320,-1172318.180,358.450
-443785.590,-1172317.950,358.550
-443782.640,-1172319.970,357.520
-443782.880,-1172319.770,357.650
-443783.660,-1172319.120,357.950
-443784.660,-1172318.280,358.440
-443785.130,-1172317.890,358.650
-443785.380,-1172317.680,358.810
-443786.140,-1172317.050,359.140
-443786.400,-1172316.830,359.280
-443786.660,-1172316.610,359.370
-443785.260,-1172316.810,359.320
-443786.020,-1172316.180,359.710
-443786.270,-1172315.960,359.810
-443786.530,-1172315.740,359.930
-443786.770,-1172315.540,360.060
-443787.020,-1172315.340,360.170
-443787.240,-1172315.150,360.320
-443787.500,-1172314.930,360.420
-443787.770,-1172314.710,360.550
-443788.010,-1172314.510,360.650
-443782.640,-1172319.490,357.800
-443783.140,-1172319.080,358.020
-443783.400,-1172318.860,358.130
-443784.900,-1172317.600,358.880
-443785.670,-1172316.960,359.190
-443785.900,-1172316.770,359.310
-443786.900,-1172315.940,359.780
-443787.140,-1172315.730,359.920
-443787.400,-1172315.510,360.060
-443782.000,-1172319.190,358.050
-443782.990,-1172318.370,358.560
-443784.700,-1172316.930,359.300
-443782.050,-1172319.490,357.870
-443782.300,-1172319.290,357.980
-443783.020,-1172318.680,358.300
-443783.270,-1172318.470,358.450
-443785.020,-1172317.010,359.220
-443782.590,-1172318.210,358.660
-443783.090,-1172317.790,358.900
-443784.320,-1172316.760,359.470
-443784.800,-1172316.360,359.670
-443785.540,-1172315.740,360.030
-443785.800,-1172315.520,360.150
-443786.550,-1172314.890,360.510
-443786.790,-1172314.700,360.630
-443781.360,-1172318.700,358.410
-443781.610,-1172318.490,358.510
-443781.850,-1172318.290,358.610
-443782.080,-1172318.090,358.760
-443782.330,-1172317.890,358.870
-443783.340,-1172317.040,359.330
-443783.600,-1172316.830,359.450
-443784.350,-1172316.200,359.810
-443786.820,-1172314.130,360.930
-443779.440,-1172319.680,357.890
-443779.660,-1172319.490,358.030
-443779.920,-1172319.270,358.170
-443781.420,-1172318.020,358.820
-443781.670,-1172317.810,358.960
-443781.930,-1172317.590,359.070
-443782.180,-1172317.380,359.200
-443782.450,-1172317.160,359.300
-443782.690,-1172316.950,359.420
-443782.920,-1172316.760,359.530
-443783.160,-1172316.560,359.650
-443784.170,-1172315.710,360.110
-443784.930,-1172315.080,360.440
-443785.170,-1172314.870,360.590
-443785.910,-1172314.260,360.930
-443779.570,-1172319.160,358.260
-443779.800,-1172318.970,358.370
-443780.310,-1172318.540,358.630
-443780.540,-1172318.350,358.730
-443781.310,-1172317.700,359.060
-443781.550,-1172317.500,359.190
-443782.040,-1172317.090,359.410
-443782.300,-1172316.870,359.530
-443782.820,-1172316.440,359.760
-443783.080,-1172316.220,359.870
-443783.320,-1172316.020,359.990
-443783.810,-1172315.610,360.220
-443784.310,-1172315.190,360.430
-443784.810,-1172314.770,360.670
-443785.060,-1172314.560,360.800
-443782.670,-1172315.530,360.330
-443783.670,-1172314.700,360.780
-443783.880,-1172314.520,360.980
-443780.640,-1172317.780,359.080
-443780.880,-1172317.570,359.180
-443781.120,-1172317.370,359.330
-443784.630,-1172314.430,360.930
-443780.430,-1172316.720,359.800
-443781.430,-1172315.880,360.240
-443782.160,-1172315.270,360.570
-443782.910,-1172314.640,360.880
-443783.140,-1172314.450,361.020
-443776.080,-1172321.060,355.850
-443776.300,-1172320.880,356.030
-443781.680,-1172316.370,359.870
-443779.240,-1172317.130,359.600
-443779.480,-1172316.930,359.720
-443779.700,-1172316.750,359.850
-443779.950,-1172316.530,359.980
-443780.230,-1172316.300,360.080
-443781.240,-1172315.460,360.520
-443781.720,-1172315.050,360.770
-443782.470,-1172314.430,361.090
-443779.930,-1172317.140,359.550
-443780.180,-1172316.930,359.680
-443773.270,-1172321.430,355.870
-443774.230,-1172320.620,356.510
-443774.470,-1172320.430,356.730
-443774.690,-1172320.240,356.900
-443781.100,-1172314.870,360.930
-443774.390,-1172321.200,355.960
-443775.530,-1172320.240,356.750
-443775.770,-1172320.050,356.900
-443772.730,-1172321.160,356.160
-443772.960,-1172320.960,356.330
-443773.440,-1172320.560,356.650
-443773.680,-1172320.360,356.780
-443774.380,-1172319.770,357.320
-443771.790,-1172321.180,356.260
-443772.040,-1172320.970,356.430
-443772.290,-1172320.770,356.580
-443772.510,-1172320.580,356.730
-443773.960,-1172319.370,357.700
-443775.340,-1172318.210,358.700
-443775.580,-1172318.010,358.870
-443770.580,-1172321.690,355.890
-443770.800,-1172321.500,356.030
-443771.030,-1172321.310,356.180
-443771.270,-1172321.110,356.340
-443771.730,-1172320.720,356.660
-443772.190,-1172320.340,356.990
-443773.160,-1172319.520,357.610
-443774.540,-1172318.360,358.660
-443775.480,-1172317.570,359.270
-443769.300,-1172321.640,358.250
-443772.230,-1172319.180,358.000
-443774.990,-1172316.860,359.980
-443775.230,-1172316.670,360.140
-443771.510,-1172320.350,357.020
-443772.670,-1172319.380,357.810
-443772.900,-1172319.180,357.960
-443771.040,-1172319.550,357.760
-443771.520,-1172319.150,358.110
-443772.240,-1172318.540,358.560
-443772.460,-1172318.350,358.710
-443773.380,-1172317.580,359.380
-443773.600,-1172317.400,359.540
-443775.210,-1172316.040,360.780
-443770.690,-1172318.720,358.680
-443771.870,-1172317.730,359.460
-443772.100,-1172317.540,359.620
-443770.410,-1172319.590,357.810
-443770.660,-1172319.390,357.960
-443771.100,-1172319.020,358.270
-443771.810,-1172318.430,358.770
-443772.050,-1172318.220,358.920
-443772.530,-1172317.820,359.270
-443772.760,-1172317.630,359.400
-443773.460,-1172317.040,359.940
-443774.820,-1172315.900,360.970
-443767.070,-1172321.140,358.710
-443767.310,-1172320.940,358.810
-443767.540,-1172320.750,358.990
-443766.390,-1172322.330,358.040
-443766.630,-1172322.130,358.170
-443768.100,-1172320.890,358.790
-443769.070,-1172318.800,359.920
-443770.770,-1172317.380,359.880
-443771.460,-1172316.800,360.390
-443770.700,-1172316.540,360.710
-443772.070,-1172315.390,361.740
-443768.280,-1172318.140,360.370
-443765.780,-1172318.780,360.190
-443766.630,-1172318.580,360.240
-443767.120,-1172318.170,360.440
-443767.020,-1172316.120,361.700
-443767.070,-1172316.500,361.410
-443767.320,-1172316.290,361.580
-443765.960,-1172316.570,361.490
-443766.790,-1172316.310,361.570
-443750.570,-1172320.850,357.860
-443750.330,-1172320.590,358.260
-443749.280,-1172320.930,357.860
-443749.700,-1172320.560,358.290
-443749.370,-1172320.240,358.530
-443741.760,-1172326.140,358.300
-443748.200,-1172320.700,358.310
-443748.430,-1172320.510,358.440
-443748.920,-1172320.090,358.670
-443749.160,-1172319.890,358.780
-443741.420,-1172325.850,358.510
-443746.880,-1172321.230,357.850
-443747.320,-1172320.860,358.290
-443747.580,-1172320.640,358.410
-443747.820,-1172320.440,358.540
-443748.060,-1172320.230,358.670
-443748.320,-1172320.020,358.800
-443748.560,-1172319.810,358.920
-443740.070,-1172326.340,358.280
-443740.310,-1172326.140,358.410
-443746.720,-1172320.720,358.410
-443746.970,-1172320.510,358.530
-443747.230,-1172320.290,358.640
-443747.700,-1172319.890,358.890
-443747.930,-1172319.700,359.020
-443739.960,-1172325.770,358.650
-443745.170,-1172321.370,357.850
-443746.100,-1172320.580,358.560
-443746.340,-1172320.380,358.660
-443746.840,-1172319.960,358.890
-443747.340,-1172319.540,359.160
-443747.600,-1172319.310,359.260
-443748.080,-1172318.910,359.520
-443739.030,-1172326.120,358.480
-443739.530,-1172325.700,358.740
-443740.770,-1172324.650,359.320
-443744.540,-1172321.470,357.870
-443745.690,-1172320.490,358.660
-443746.660,-1172319.670,359.090
-443746.900,-1172319.470,359.230
-443747.150,-1172319.250,359.360
-443747.400,-1172319.040,359.490
-443747.620,-1172318.850,359.600
-443738.310,-1172326.240,358.530
-443739.040,-1172325.610,358.840
-443739.780,-1172324.990,359.190
-443740.760,-1172324.160,359.680
-443741.000,-1172323.950,359.820
-443744.230,-1172321.230,358.310
-443744.720,-1172320.810,358.520
-443745.480,-1172320.170,358.830
-443745.690,-1172319.980,358.980
-443746.410,-1172319.380,359.350
-443746.650,-1172319.170,359.490
-443746.900,-1172318.960,359.580
-443747.140,-1172318.760,359.720
-443747.380,-1172318.560,359.860
-443740.060,-1172324.200,359.630
-443740.300,-1172323.990,359.770
-443743.110,-1172321.620,357.860
-443744.250,-1172320.660,358.640
-443745.730,-1172319.390,359.350
-443745.970,-1172319.200,359.480
-443746.240,-1172318.970,359.600
-443746.460,-1172318.780,359.720
-443746.690,-1172318.580,359.840
-443746.940,-1172318.380,359.940
-443747.180,-1172318.170,360.090
-443738.990,-1172324.480,359.540
-443739.470,-1172324.070,359.760
-443740.200,-1172323.450,360.120
-443740.430,-1172323.260,360.240
-443740.680,-1172323.040,360.350
-443743.660,-1172320.530,358.760
-443743.910,-1172320.310,358.880
-443744.380,-1172319.910,359.100
-443744.870,-1172319.500,359.370
-443745.360,-1172319.090,359.610
-443745.870,-1172318.650,359.830
-443746.110,-1172318.450,359.970
-443746.350,-1172318.250,360.100
-443746.830,-1172317.840,360.350
-443743.810,-1172319.890,359.130
-443744.070,-1172319.670,359.280
-443744.320,-1172319.460,359.400
-443744.560,-1172319.250,359.550
-443745.290,-1172318.640,359.900
-443745.520,-1172318.440,360.000
-443745.780,-1172318.220,360.110
-443742.200,-1172320.680,358.790
-443742.440,-1172320.470,358.940
-443742.930,-1172320.060,359.160
-443743.180,-1172319.850,359.280
-443743.410,-1172319.650,359.370
-443743.670,-1172319.430,359.530
-443744.150,-1172319.020,359.750
-443744.390,-1172318.820,359.870
-443744.650,-1172318.600,359.990
-443744.900,-1172318.380,360.110
-443745.880,-1172317.550,360.600
-443746.120,-1172317.350,360.730
-443735.650,-1172325.590,358.170
-443735.920,-1172325.360,358.300
-443736.400,-1172324.960,358.540
-443742.570,-1172319.730,359.390
-443742.820,-1172319.520,359.500
-443743.780,-1172318.700,359.960
-443744.990,-1172317.680,360.620
-443742.280,-1172319.310,359.680
-443742.760,-1172318.900,359.930
-443743.240,-1172318.490,360.170
-443743.720,-1172318.090,360.400
-443743.350,-1172317.810,360.600
-443735.390,-1172325.150,358.470
-443735.630,-1172324.940,358.590
-443736.600,-1172324.120,359.020
-443737.090,-1172323.700,359.240
-443734.240,-1172325.540,358.320
-443735.490,-1172324.480,358.900
-443735.750,-1172324.260,359.010
-443735.970,-1172324.070,359.100
-443737.420,-1172322.840,359.780
-443737.910,-1172322.430,359.990
-443738.650,-1172321.790,360.360
-443742.600,-1172318.440,360.260
-443742.850,-1172318.240,360.370
-443733.550,-1172325.560,358.370
-443733.790,-1172325.360,358.470
-443734.290,-1172324.940,358.690
-443734.770,-1172324.530,358.920
-443735.770,-1172323.680,359.380
-443736.500,-1172323.060,359.740
-443739.660,-1172320.370,361.190
-443739.900,-1172320.170,361.340
-443740.120,-1172319.990,361.550
-443742.380,-1172318.080,360.490
-443742.630,-1172317.860,360.650
-443743.110,-1172317.450,360.890
-443738.710,-1172320.560,361.150
-443739.190,-1172320.160,361.390
-443739.930,-1172319.530,361.790
-443742.160,-1172317.640,360.850
-443732.810,-1172325.570,358.390
-443733.820,-1172324.710,358.870
-443734.550,-1172324.090,359.210
-443735.040,-1172323.670,359.450
-443735.770,-1172323.060,359.790
-443736.790,-1172322.190,360.250
-443737.270,-1172321.780,360.490
-443737.500,-1172321.590,360.580
-443737.740,-1172321.390,360.710
-443731.880,-1172325.750,358.360
-443732.870,-1172324.910,358.780
-443733.590,-1172324.300,359.140
-443734.850,-1172323.230,359.740
-443735.830,-1172322.400,360.150
-443737.060,-1172321.350,360.760
-443737.560,-1172320.930,360.990
-443731.200,-1172325.790,358.340
-443731.420,-1172325.600,358.470
-443732.620,-1172324.580,359.040
-443733.120,-1172324.160,359.270
-443733.860,-1172323.530,359.630
-443734.320,-1172323.140,359.880
-443735.340,-1172322.280,360.330
-443736.320,-1172321.440,360.750
-443736.570,-1172321.230,360.900
-443737.050,-1172320.820,361.080
-443738.040,-1172319.990,361.600
-443731.170,-1172325.240,358.660
-443731.410,-1172325.040,358.870
-443731.900,-1172324.620,359.090
-443733.340,-1172323.400,359.760
-443733.590,-1172323.190,359.890
-443735.780,-1172321.330,360.910
-443736.040,-1172321.110,361.030
-443736.790,-1172320.470,361.390
-443737.500,-1172319.870,361.730
-443731.700,-1172324.120,359.410
-443731.950,-1172323.910,359.520
-443732.920,-1172323.080,360.000
-443734.130,-1172322.060,360.580
-443735.590,-1172320.810,361.240
-443736.830,-1172319.750,361.840
-443734.790,-1172320.820,361.290
-443735.040,-1172320.610,361.400
-443731.130,-1172323.930,359.580
-443731.370,-1172323.730,359.680
-443731.880,-1172323.300,359.930
-443732.110,-1172323.100,360.030
-443732.620,-1172322.670,360.250
-443733.100,-1172322.260,360.480
-443733.350,-1172322.050,360.620
-443732.020,-1172322.660,360.350
-443733.750,-1172321.190,361.150
-443731.030,-1172323.500,359.890
-443732.190,-1172321.980,360.780
-443732.680,-1172321.560,361.010
-443732.910,-1172321.360,361.130
-443733.150,-1172321.160,361.240
-443733.410,-1172320.940,361.340
-443731.170,-1172322.840,360.310
-443732.200,-1172321.340,361.170
-443732.460,-1172321.120,361.290
-443733.460,-1172320.270,361.760
-443730.970,-1172322.390,360.630
-443731.710,-1172321.750,360.970
-443727.080,-1172325.030,355.650
-443727.330,-1172324.820,355.790
-443732.080,-1172320.780,361.560
-443732.330,-1172320.570,361.680
-443726.970,-1172324.580,356.000
-443725.720,-1172325.100,355.720
-443725.960,-1172324.900,355.850
-443726.440,-1172324.490,356.110
-443726.680,-1172324.290,356.230
-443726.920,-1172324.080,356.350
-443727.150,-1172323.890,356.490
-443724.960,-1172325.180,355.730
-443725.440,-1172324.770,355.950
-443725.710,-1172324.000,356.480
-443725.940,-1172323.800,356.600
-443726.190,-1172323.590,356.750
-443726.420,-1172323.390,356.880
-443726.660,-1172323.180,357.020
-443726.910,-1172322.980,357.150
-443724.480,-1172325.050,355.850
-443724.720,-1172324.840,356.000
-443725.460,-1172324.210,356.380
-443724.430,-1172324.630,356.170
-443724.670,-1172324.430,356.280
-443725.130,-1172324.040,356.530
-443725.870,-1172323.400,356.880
-443726.110,-1172323.200,357.040
-443726.360,-1172322.980,357.180
-443726.840,-1172322.580,357.430
-443727.080,-1172322.370,357.600
-443723.040,-1172325.370,355.730
-443723.290,-1172325.160,355.860
-443723.530,-1172324.960,355.990
-443724.010,-1172324.540,356.260
-443724.250,-1172324.340,356.390
-443724.490,-1172324.140,356.510
-443724.980,-1172323.720,356.740
-443725.240,-1172323.500,356.880
-443725.720,-1172323.090,357.160
-443725.960,-1172322.880,357.270
-443726.200,-1172322.680,357.410
-443726.430,-1172322.480,357.560
-443722.080,-1172325.580,355.650
-443722.560,-1172325.170,355.890
-443722.790,-1172324.980,356.010
-443723.010,-1172324.780,356.140
-443723.260,-1172324.570,356.300
-443723.500,-1172324.370,356.410
-443723.730,-1172324.180,356.550
-443723.970,-1172323.970,356.670
-443724.210,-1172323.760,356.800
-443724.460,-1172323.550,356.960
-443724.700,-1172323.350,357.070
-443725.180,-1172322.940,357.320
-443725.670,-1172322.520,357.570
-443726.170,-1172322.100,357.870
-443726.410,-1172321.890,357.960
-443721.570,-1172325.430,355.820
-443721.850,-1172325.200,355.910
-443722.070,-1172325.010,356.050
-443722.800,-1172324.390,356.430
-443723.030,-1172324.190,356.570
-443723.250,-1172324.000,356.720
-443723.480,-1172323.810,356.830
-443723.730,-1172323.600,356.970
-443724.920,-1172322.580,357.580
-443725.170,-1172322.370,357.720
-443725.660,-1172321.950,357.960
-443725.880,-1172321.760,358.100
-443721.170,-1172325.270,355.970
-443721.670,-1172324.840,356.200
-443721.890,-1172324.650,356.350
-443722.400,-1172324.220,356.600
-443722.650,-1172324.010,356.720
-443722.880,-1172323.820,356.870
-443723.130,-1172323.600,357.000
-443723.590,-1172323.200,357.280
-443723.830,-1172323.000,357.400
-443724.070,-1172322.800,357.510
-443724.300,-1172322.600,357.630
-443724.540,-1172322.400,357.730
-443724.800,-1172322.180,357.860
-443725.030,-1172321.980,357.980
-443725.260,-1172321.780,358.130
-443725.490,-1172321.580,358.270
-443725.740,-1172321.370,358.390
-443723.260,-1172322.980,357.470
-443723.510,-1172322.770,357.590
-443724.710,-1172321.750,358.250
-443725.180,-1172321.350,358.480
-443725.410,-1172321.150,358.610
-443721.100,-1172324.820,356.280
-443721.820,-1172324.210,356.680
-443722.780,-1172323.400,357.200
-443724.520,-1172321.220,358.620
-443724.770,-1172321.010,358.750
-443721.610,-1172323.710,357.050
-443721.870,-1172323.480,357.180
-443722.580,-1172322.880,357.570
-443723.060,-1172322.470,357.800
-443723.300,-1172322.260,357.960
-443723.790,-1172321.840,358.220
-443722.990,-1172321.910,358.250
-443723.470,-1172321.500,358.480
-443723.700,-1172321.310,358.610
-443724.200,-1172320.880,358.880
-443724.420,-1172320.690,359.010
-443721.300,-1172323.360,357.320
-443721.520,-1172323.160,357.460
-443722.000,-1172322.750,357.710
-443722.260,-1172322.540,357.860
-443722.500,-1172322.330,357.990
-443720.940,-1172323.110,357.520
-443721.170,-1172322.910,357.650
-443721.430,-1172322.690,357.790
-443721.660,-1172322.490,357.910
-443721.910,-1172322.280,358.020
-443722.160,-1172322.070,358.160
-443722.390,-1172321.870,358.320
-443722.610,-1172321.680,358.430
-443723.370,-1172321.040,358.820
-443723.610,-1172320.830,358.950
-443720.860,-1172322.720,357.820
-443721.090,-1172322.520,357.970
-443721.330,-1172322.330,358.080
-443721.580,-1172322.110,358.220
-443721.810,-1172321.920,358.340
-443722.040,-1172321.720,358.480
-443722.280,-1172321.520,358.600
-443722.500,-1172321.330,358.790
-443720.960,-1172322.040,358.260
-443721.200,-1172321.830,358.410
-443721.440,-1172321.630,358.550
-443721.900,-1172321.240,358.790
-443722.130,-1172321.040,358.940
-443721.060,-1172321.350,358.750
-443743.250,-1172295.660,356.230
-443743.040,-1172295.240,356.570
-443742.760,-1172293.800,357.790
-443742.990,-1172293.600,357.950
-443742.830,-1172293.190,358.280
-443742.130,-1172293.200,358.340
-443742.360,-1172293.010,358.460
-443742.590,-1172292.810,358.640
-443741.660,-1172293.050,358.520
-443741.890,-1172292.850,358.670
-443742.340,-1172292.460,358.950
-443741.100,-1172292.740,358.810
-443741.590,-1172292.320,359.110
-443741.820,-1172292.120,359.270
-443742.040,-1172291.930,359.420
-443742.300,-1172291.710,359.590
-443735.260,-1172297.110,355.720
-443735.700,-1172296.730,356.130
-443740.680,-1172292.450,359.070
-443740.920,-1172292.250,359.230
-443741.170,-1172292.040,359.380
-443741.390,-1172291.840,359.510
-443735.200,-1172296.530,356.200
-443735.670,-1172296.130,356.560
-443740.180,-1172292.260,359.270
-443740.410,-1172292.060,359.400
-443734.240,-1172297.360,355.650
-443734.490,-1172297.150,355.770
-443734.050,-1172297.010,355.940
-443734.280,-1172296.800,356.150
-443734.740,-1172296.410,356.390
-443735.470,-1172295.780,356.850
-443739.960,-1172291.930,359.610
-443734.110,-1172296.290,356.550
-443734.360,-1172296.080,356.720
-443734.600,-1172295.870,356.870
-443733.950,-1172295.850,356.870
-443734.390,-1172295.480,357.240
-443734.640,-1172295.260,357.380
-443734.890,-1172295.040,357.510
-443735.120,-1172294.850,357.660
-443735.620,-1172294.410,357.930
-443735.850,-1172294.220,358.070
-443736.550,-1172293.620,358.520
-443734.090,-1172295.070,357.580
-443734.310,-1172294.880,357.730
-443734.810,-1172294.450,358.040
-443735.030,-1172294.260,358.180
-443735.260,-1172294.060,358.310
-443735.510,-1172293.850,358.440
-443737.170,-1172292.420,359.470
-443737.430,-1172292.200,359.640
-443734.060,-1172294.590,358.020
-443734.290,-1172294.390,358.160
-443735.250,-1172293.560,358.700
-443735.480,-1172293.360,358.850
-443735.720,-1172293.160,358.990
-443736.670,-1172292.340,359.560
-443729.280,-1172297.960,355.680
-443729.500,-1172297.770,355.850
-443730.850,-1172296.610,357.090
-443733.810,-1172294.070,358.410
-443734.040,-1172293.870,358.600
-443734.150,-1172293.230,359.110
-443734.390,-1172293.030,359.270
-443734.870,-1172292.610,359.540
-443733.930,-1172293.420,358.960
-443727.750,-1172298.160,355.650
-443728.430,-1172297.580,356.190
-443728.670,-1172297.370,356.320
-443729.580,-1172296.590,356.990
-443733.680,-1172293.060,359.210
-443734.380,-1172292.460,359.720
-443729.650,-1172296.110,357.470
-443727.890,-1172296.970,356.780
-443728.120,-1172296.770,356.950
-443725.950,-1172298.110,355.910
-443726.200,-1172297.890,356.090
-443728.270,-1172296.110,357.590
-443725.030,-1172298.260,355.840
-443726.870,-1172296.680,357.160
-443727.330,-1172296.270,357.470
-443723.140,-1172298.650,355.720
-443723.360,-1172298.460,355.910
-443723.590,-1172298.260,356.040
-443724.060,-1172297.850,356.380
-443724.520,-1172297.460,356.710
-443724.760,-1172297.250,356.860
-443725.230,-1172296.840,357.190
-443725.680,-1172296.460,357.540
-443725.070,-1172297.730,356.400
-443725.320,-1172297.510,356.550
-443725.300,-1172295.120,357.400
-443722.330,-1172298.120,356.360
-443722.810,-1172297.700,356.650
-443723.260,-1172297.310,356.990
-443721.020,-1172297.580,356.340
-443721.000,-1172298.130,356.000
-443721.490,-1172297.710,356.220
-443722.860,-1172297.230,357.110
-443723.560,-1172296.630,357.640
-443718.880,-1172298.750,355.760
-443719.120,-1172298.540,355.880
-443719.880,-1172297.880,356.250
-443721.100,-1172296.830,356.820
-443719.990,-1172296.390,357.150
-443720.240,-1172296.180,357.260
-443720.560,-1172296.760,356.890
-443721.060,-1172296.330,357.130
-443719.280,-1172296.400,357.170
-443720.000,-1172295.780,357.520
-443718.770,-1172297.450,356.570
-443719.020,-1172297.230,356.650
-443719.500,-1172296.820,356.910
-443720.290,-1172294.810,358.130
-443719.350,-1172295.630,357.650
-443719.580,-1172295.430,357.800
-443719.820,-1172295.230,357.900
-443719.850,-1172294.730,358.240
-443713.910,-1172336.880,360.630
-443720.700,-1172325.670,355.730
-443720.930,-1172325.480,355.830
-443718.970,-1172325.960,355.640
-443719.200,-1172325.760,355.790
-443719.670,-1172325.360,356.020
-443719.910,-1172325.160,356.150
-443720.630,-1172324.540,356.540
-443720.110,-1172325.670,355.810
-443720.340,-1172325.480,355.930
-443716.690,-1172326.730,358.040
-443718.320,-1172325.340,356.110
-443718.560,-1172325.140,356.280
-443718.810,-1172324.930,356.390
-443719.050,-1172324.720,356.540
-443719.270,-1172324.530,356.640
-443719.530,-1172324.310,356.780
-443719.760,-1172324.110,356.920
-443720.000,-1172323.910,357.030
-443720.230,-1172323.720,357.150
-443720.470,-1172323.510,357.270
-443718.430,-1172325.810,355.800
-443718.670,-1172325.600,355.960
-443719.130,-1172325.210,356.180
-443719.360,-1172325.010,356.320
-443719.850,-1172324.590,356.590
-443720.080,-1172324.390,356.690
-443720.330,-1172324.190,356.820
-443720.560,-1172323.980,356.940
-443720.800,-1172323.780,357.060
-443719.750,-1172323.070,357.610
-443719.990,-1172322.870,357.770
-443720.470,-1172322.460,358.030
-443716.340,-1172326.580,358.300
-443718.210,-1172324.990,356.400
-443718.450,-1172324.780,356.580
-443718.690,-1172324.580,356.680
-443719.440,-1172323.930,357.070
-443720.160,-1172323.330,357.430
-443720.400,-1172323.120,357.580
-443714.670,-1172326.800,360.860
-443717.920,-1172324.030,357.060
-443718.400,-1172323.620,357.370
-443718.900,-1172323.200,357.600
-443719.120,-1172323.010,357.720
-443719.350,-1172322.810,357.850
-443719.600,-1172322.600,357.970
-443719.860,-1172322.380,358.110
-443720.080,-1172322.190,358.220
-443720.330,-1172321.980,358.370
-443718.060,-1172324.520,356.740
-443718.540,-1172324.110,357.000
-443718.760,-1172323.920,357.140
-443719.270,-1172323.480,357.360
-443717.810,-1172322.920,357.960
-443718.290,-1172322.510,358.200
-443718.530,-1172322.310,358.320
-443718.780,-1172322.090,358.430
-443719.020,-1172321.890,358.570
-443719.260,-1172321.680,358.690
-443718.010,-1172323.330,357.630
-443718.240,-1172323.130,357.760
-443718.720,-1172322.720,358.000
-443719.230,-1172322.290,358.210
-443719.470,-1172322.080,358.370
-443719.730,-1172321.860,358.500
-443720.190,-1172321.470,358.740
-443720.410,-1172321.280,358.870
-443718.040,-1172322.000,358.560
-443718.520,-1172321.600,358.790
-443718.760,-1172321.390,358.910
-443718.990,-1172321.190,359.050
-443715.700,-1172322.890,361.120
-443715.950,-1172322.690,361.210
-443716.170,-1172322.490,361.380
-443716.420,-1172322.280,361.500
-443716.660,-1172322.080,361.660
-443716.660,-1172322.610,361.280
-443717.390,-1172321.990,358.590
-443717.870,-1172321.580,358.840
-443714.710,-1172322.620,361.340
-443714.940,-1172322.430,361.490
-443715.180,-1172322.220,361.610
-443715.420,-1172322.010,361.770
-443715.410,-1172322.690,361.280
-443715.650,-1172322.480,361.410
-443715.890,-1172322.280,361.520
-443716.350,-1172321.890,361.810
-443713.570,-1172322.980,361.190
-443713.820,-1172322.770,361.290
-443714.060,-1172322.560,361.430
-443714.290,-1172322.360,361.550
-443714.760,-1172321.960,361.830
-443714.990,-1172321.760,361.980
-443711.910,-1172323.170,361.190
-443712.640,-1172322.550,361.580
-443712.870,-1172322.350,361.710
-443713.350,-1172321.940,361.970
-443712.660,-1172323.080,361.180
-443712.900,-1172322.880,361.320
-443713.160,-1172322.660,361.410
-443713.380,-1172322.470,361.570
-443713.610,-1172322.270,361.720
-443713.860,-1172322.060,361.830
-443714.090,-1172321.860,361.940
-443710.380,-1172323.200,361.300
-443710.620,-1172322.990,361.450
-443711.360,-1172322.370,361.820
-443711.590,-1172322.160,361.930
-443711.290,-1172323.010,361.330
-443711.530,-1172322.810,361.470
-443712.270,-1172322.170,361.860
-443712.490,-1172321.980,362.010
-443709.530,-1172323.340,361.280
-443708.020,-1172323.570,361.260
-443708.740,-1172322.950,361.640
-443708.980,-1172322.750,361.750
-443709.210,-1172322.550,361.890
-443709.470,-1172322.330,361.980
-443709.510,-1172322.920,361.590
-443706.920,-1172323.390,361.480
-443707.410,-1172322.970,361.730
-443707.880,-1172322.560,361.980
-443707.650,-1172323.350,361.430
-443707.880,-1172323.150,361.550
-443708.140,-1172322.930,361.660
-443708.640,-1172322.510,361.910
-443706.730,-1172323.000,361.800
-443706.970,-1172322.800,361.910
-443707.190,-1172322.610,362.050
-443717.850,-1172299.100,355.640
-443717.800,-1172298.280,356.120
-443718.290,-1172297.860,356.340
-443717.400,-1172296.850,357.050
-443718.330,-1172295.300,357.940
-443717.800,-1172295.210,357.990
-443711.990,-1172295.720,356.260
-443707.060,-1172299.400,356.110
-443710.880,-1172296.090,356.220
-443711.120,-1172295.880,356.320
-443711.870,-1172295.230,356.640
-443712.120,-1172295.020,356.740
-443706.650,-1172299.330,356.250
-443708.650,-1172297.600,357.830
-443709.320,-1172297.020,358.370
-443711.940,-1172294.750,356.940
-443706.660,-1172298.690,356.850
-443710.780,-1172295.120,356.790
-443707.010,-1172297.260,358.310
-443708.080,-1172296.960,358.490
-443702.550,-1172296.880,357.750
-443698.130,-1172294.570,358.460
