-443733.160,-1172409.760,350.480
-443733.280,-1172409.460,350.490
-443733.400,-1172409.170,350.490
-443733.520,-1172408.860,350.505
-443733.640,-1172408.560,350.510
-443733.170,-1172408.930,350.480
-443733.140,-1172409.020,350.475
-443733.280,-1172408.650,350.490
-443733.370,-1172411.350,350.505
-443733.500,-1172411.030,350.520
-443733.610,-1172410.740,350.520
-443733.730,-1172410.430,350.520
-443733.860,-1172410.110,350.510
-443733.980,-1172409.800,350.500
-443734.090,-1172409.520,350.500
-443734.210,-1172409.210,350.490
-443734.330,-1172408.900,350.490
-443734.460,-1172408.590,350.480
-443733.130,-1172410.860,350.475
-443733.100,-1172410.950,350.480
-443733.240,-1172410.570,350.500
-443733.370,-1172410.260,350.500
-443733.490,-1172409.960,350.500
-443733.610,-1172409.650,350.510
-443733.720,-1172409.360,350.500
-443733.840,-1172409.070,350.500
-443733.950,-1172408.770,350.500
-443733.950,-1172412.110,350.530
-443734.070,-1172411.790,350.530
-443734.180,-1172411.510,350.530
-443734.300,-1172411.220,350.520
-443734.420,-1172410.890,350.510
-443734.540,-1172410.590,350.500
-443734.660,-1172410.280,350.490
-443734.790,-1172409.970,350.480
-443734.920,-1172409.650,350.480
-443735.030,-1172409.370,350.480
-443735.140,-1172409.080,350.470
-443735.260,-1172408.780,350.470
-443735.380,-1172408.470,350.465
-443733.640,-1172411.960,350.520
-443733.760,-1172411.650,350.530
-443733.880,-1172411.340,350.530
-443734.010,-1172411.030,350.520
-443734.120,-1172410.730,350.520
-443734.240,-1172410.450,350.505
-443734.350,-1172410.160,350.500
-443734.470,-1172409.840,350.490
-443734.600,-1172409.530,350.480
-443734.710,-1172409.240,350.480
-443734.830,-1172408.930,350.470
-443734.960,-1172408.620,350.470
-443734.730,-1172412.070,350.520
-443734.840,-1172411.790,350.510
-443734.950,-1172411.520,350.510
-443735.080,-1172411.190,350.500
-443735.190,-1172410.900,350.490
-443735.300,-1172410.620,350.480
-443735.420,-1172410.310,350.480
-443735.540,-1172410.010,350.470
-443735.670,-1172409.690,350.470
-443735.790,-1172409.390,350.470
-443735.900,-1172409.100,350.460
-443736.020,-1172408.790,350.450
-443736.140,-1172408.500,350.450
-443734.340,-1172412.160,350.530
-443734.460,-1172411.870,350.525
-443734.580,-1172411.550,350.520
-443734.690,-1172411.270,350.510
-443734.820,-1172410.950,350.500
-443734.940,-1172410.640,350.490
-443735.050,-1172410.360,350.480
-443735.170,-1172410.060,350.480
-443735.290,-1172409.750,350.480
-443735.420,-1172409.430,350.470
-443735.540,-1172409.120,350.470
-443735.670,-1172408.800,350.460
-443735.790,-1172408.500,350.460
-443735.750,-1172411.380,350.495
-443735.860,-1172411.080,350.490
-443735.990,-1172410.770,350.480
-443736.090,-1172410.490,350.470
-443736.220,-1172410.170,350.470
-443736.340,-1172409.880,350.470
-443736.450,-1172409.580,350.460
-443736.560,-1172409.310,350.460
-443736.680,-1172409.010,350.445
-443736.810,-1172408.690,350.440
-443736.920,-1172408.400,350.440
-443735.200,-1172412.060,350.510
-443735.320,-1172411.770,350.510
-443735.440,-1172411.460,350.500
-443735.560,-1172411.160,350.490
-443735.670,-1172410.870,350.480
-443735.790,-1172410.580,350.470
-443735.900,-1172410.280,350.470
-443736.020,-1172409.980,350.470
-443736.140,-1172409.680,350.470
-443736.250,-1172409.390,350.460
-443736.380,-1172409.080,350.450
-443736.490,-1172408.790,350.440
-443736.620,-1172408.480,350.440
-443735.980,-1172411.890,350.510
-443736.100,-1172411.580,350.500
-443736.220,-1172411.280,350.490
-443736.340,-1172410.970,350.480
-443736.460,-1172410.670,350.470
-443736.590,-1172410.340,350.470
-443736.710,-1172410.050,350.460
-443736.830,-1172409.740,350.460
-443736.940,-1172409.440,350.460
-443737.060,-1172409.140,350.450
-443737.180,-1172408.840,350.440
-443737.290,-1172408.550,350.440
-443737.410,-1172408.270,350.430
-443735.500,-1172412.000,350.510
-443735.630,-1172411.680,350.500
-443736.800,-1172412.140,350.510
-443736.920,-1172411.840,350.500
-443737.030,-1172411.550,350.495
-443737.150,-1172411.240,350.480
-443737.270,-1172410.940,350.470
-443737.400,-1172410.620,350.470
-443737.520,-1172410.310,350.460
-443737.640,-1172410.010,350.460
-443737.760,-1172409.710,350.460
-443737.870,-1172409.420,350.450
-443737.990,-1172409.130,350.450
-443738.110,-1172408.820,350.440
-443738.230,-1172408.510,350.430
-443738.350,-1172408.210,350.430
-443736.360,-1172411.910,350.500
-443736.480,-1172411.620,350.490
-443736.600,-1172411.300,350.490
-443736.720,-1172411.000,350.480
-443736.830,-1172410.720,350.470
-443736.940,-1172410.430,350.470
-443737.070,-1172410.120,350.460
-443737.200,-1172409.790,350.460
-443737.300,-1172409.520,350.460
-443737.430,-1172409.210,350.450
-443737.550,-1172408.890,350.440
-443737.680,-1172408.570,350.440
-443737.790,-1172408.280,350.430
-443737.620,-1172411.950,350.500
-443737.730,-1172411.660,350.490
-443737.850,-1172411.350,350.480
-443737.970,-1172411.060,350.480
-443738.080,-1172410.760,350.480
-443738.200,-1172410.460,350.475
-443738.320,-1172410.160,350.470
-443738.440,-1172409.850,350.460
-443738.560,-1172409.540,350.450
-443738.680,-1172409.250,350.440
-443738.790,-1172408.960,350.440
-443738.920,-1172408.640,350.440
-443739.040,-1172408.330,350.430
-443737.160,-1172412.030,350.500
-443737.280,-1172411.710,350.490
-443737.400,-1172411.430,350.490
-443737.520,-1172411.120,350.480
-443737.640,-1172410.810,350.470
-443737.760,-1172410.500,350.470
-443737.870,-1172410.220,350.470
-443737.990,-1172409.910,350.460
-443738.120,-1172409.590,350.450
-443738.240,-1172409.290,350.450
-443738.360,-1172408.980,350.440
-443738.480,-1172408.660,350.440
-443738.600,-1172408.360,350.430
-443738.910,-1172410.760,350.480
-443739.030,-1172410.460,350.470
-443739.160,-1172410.140,350.470
-443739.270,-1172409.870,350.460
-443739.380,-1172409.580,350.450
-443739.500,-1172409.270,350.440
-443739.620,-1172408.980,350.440
-443739.740,-1172408.670,350.430
-443739.850,-1172408.380,350.430
-443739.970,-1172408.090,350.420
-443738.000,-1172411.890,350.490
-443738.120,-1172411.570,350.480
-443738.230,-1172411.300,350.480
-443738.350,-1172411.000,350.480
-443738.470,-1172410.690,350.480
-443738.580,-1172410.410,350.470
-443738.700,-1172410.120,350.470
-443738.820,-1172409.810,350.460
-443738.930,-1172409.510,350.450
-443739.050,-1172409.210,350.440
-443739.170,-1172408.920,350.440
-443739.300,-1172408.600,350.430
-443739.420,-1172408.290,350.430
-443738.660,-1172411.990,350.485
-443738.780,-1172411.690,350.480
-443738.910,-1172411.370,350.480
-443739.030,-1172411.070,350.480
-443739.140,-1172410.780,350.470
-443739.270,-1172410.460,350.470
-443739.390,-1172410.150,350.460
-443739.510,-1172409.850,350.450
-443739.620,-1172409.550,350.450
-443739.750,-1172409.240,350.440
-443739.860,-1172408.950,350.435
-443739.980,-1172408.640,350.430
-443740.100,-1172408.350,350.430
-443740.210,-1172408.050,350.420
-443738.430,-1172411.980,350.490
-443738.560,-1172411.660,350.480
-443738.680,-1172411.360,350.480
-443738.800,-1172411.060,350.480
-443739.300,-1172412.080,350.480
-443739.410,-1172411.800,350.480
-443739.530,-1172411.490,350.480
-443739.650,-1172411.190,350.480
-443739.770,-1172410.890,350.470
-443739.890,-1172410.580,350.465
-443740.020,-1172410.250,350.460
-443740.140,-1172409.940,350.450
-443740.250,-1172409.660,350.450
-443740.370,-1172409.360,350.450
-443740.490,-1172409.060,350.440
-443740.610,-1172408.760,350.440
-443740.730,-1172408.460,350.430
-443740.840,-1172408.160,350.430
-443739.070,-1172411.890,350.480
-443739.190,-1172411.580,350.480
-443739.310,-1172411.280,350.480
-443739.430,-1172410.990,350.470
-443739.540,-1172410.700,350.470
-443739.660,-1172410.400,350.460
-443739.780,-1172410.090,350.460
-443739.900,-1172409.780,350.450
-443740.020,-1172409.490,350.450
-443740.140,-1172409.170,350.440
-443740.260,-1172408.870,350.440
-443740.390,-1172408.550,350.430
-443740.500,-1172408.270,350.430
-443739.880,-1172411.900,350.490
-443740.010,-1172411.570,350.480
-443740.120,-1172411.300,350.480
-443740.240,-1172410.990,350.470
-443740.360,-1172410.680,350.460
-443740.480,-1172410.380,350.460
-443740.590,-1172410.090,350.460
-443740.720,-1172409.780,350.450
-443740.840,-1172409.470,350.450
-443740.960,-1172409.160,350.450
-443741.090,-1172408.840,350.450
-443741.210,-1172408.540,350.440
-443741.320,-1172408.240,350.440
-443741.440,-1172407.950,350.440
-443740.610,-1172411.940,350.490
-443740.720,-1172411.660,350.490
-443740.840,-1172411.340,350.480
-443740.960,-1172411.060,350.480
-443741.070,-1172410.770,350.470
-443741.190,-1172410.470,350.465
-443741.300,-1172410.180,350.460
-443741.430,-1172409.870,350.460
-443741.540,-1172409.580,350.460
-443741.660,-1172409.280,350.450
-443741.780,-1172408.970,350.450
-443741.890,-1172408.690,350.450
-443742.010,-1172408.370,350.450
-443742.140,-1172408.060,350.450
-443740.190,-1172411.880,350.490
-443740.290,-1172411.620,350.480
-443740.410,-1172411.310,350.480
-443740.540,-1172411.000,350.470
-443740.650,-1172410.710,350.470
-443740.760,-1172410.420,350.470
-443740.890,-1172410.100,350.460
-443741.010,-1172409.800,350.460
-443741.130,-1172409.500,350.450
-443741.250,-1172409.190,350.450
-443741.370,-1172408.890,350.450
-443741.490,-1172408.590,350.440
-443741.600,-1172408.300,350.440
-443741.720,-1172407.990,350.440
-443741.000,-1172411.750,350.490
-443741.120,-1172411.460,350.480
-443741.250,-1172411.130,350.480
-443741.370,-1172410.820,350.470
-443741.480,-1172410.550,350.470
-443741.600,-1172410.230,350.460
-443741.720,-1172409.930,350.460
-443741.840,-1172409.620,350.460
-443741.950,-1172409.340,350.460
-443742.070,-1172409.030,350.450
-443742.190,-1172408.740,350.450
-443742.310,-1172408.440,350.450
-443742.420,-1172408.140,350.450
-443742.540,-1172407.850,350.450
-443742.450,-1172409.760,350.460
-443742.560,-1172409.470,350.460
-443742.680,-1172409.180,350.460
-443742.800,-1172408.860,350.460
-443742.930,-1172408.540,350.460
-443743.050,-1172408.240,350.460
-443743.160,-1172407.950,350.460
-443741.450,-1172411.760,350.490
-443741.570,-1172411.460,350.490
-443741.690,-1172411.160,350.480
-443741.810,-1172410.840,350.480
-443741.930,-1172410.540,350.470
-443742.050,-1172410.240,350.470
-443742.170,-1172409.930,350.460
-443742.290,-1172409.610,350.460
-443742.410,-1172409.320,350.460
-443742.530,-1172409.020,350.460
-443742.640,-1172408.720,350.460
-443742.770,-1172408.410,350.460
-443742.890,-1172408.110,350.460
-443743.000,-1172407.820,350.460
-443742.060,-1172411.800,350.490
-443742.180,-1172411.510,350.490
-443742.300,-1172411.190,350.480
-443742.550,-1172410.560,350.480
-443742.790,-1172409.940,350.470
-443742.900,-1172409.660,350.470
-443743.020,-1172409.360,350.470
-443743.140,-1172409.060,350.465
-443743.260,-1172408.750,350.460
-443743.380,-1172408.450,350.460
-443743.500,-1172408.140,350.460
-443743.620,-1172407.840,350.460
-443741.610,-1172411.890,350.500
-443741.730,-1172411.590,350.490
-443741.850,-1172411.280,350.480
-443741.970,-1172410.960,350.480
-443742.090,-1172410.660,350.480
-443742.200,-1172410.380,350.470
-443742.310,-1172410.100,350.470
-443742.490,-1172411.720,350.490
-443742.600,-1172411.430,350.490
-443742.730,-1172411.110,350.490
-443742.850,-1172410.810,350.490
-443742.960,-1172410.520,350.480
-443743.080,-1172410.230,350.490
-443743.200,-1172409.910,350.480
-443743.330,-1172409.590,350.480
-443743.440,-1172409.290,350.470
-443743.570,-1172408.970,350.470
-443743.690,-1172408.660,350.460
-443743.810,-1172408.380,350.460
-443743.920,-1172408.090,350.460
-443744.040,-1172407.780,350.460
-443743.050,-1172411.850,350.510
-443743.180,-1172411.530,350.500
-443743.290,-1172411.240,350.500
-443743.400,-1172410.950,350.500
-443743.520,-1172410.650,350.500
-443743.640,-1172410.360,350.495
-443743.760,-1172410.040,350.490
-443743.880,-1172409.730,350.490
-443744.000,-1172409.430,350.480
-443744.120,-1172409.140,350.470
-443744.240,-1172408.830,350.470
-443744.360,-1172408.530,350.460
-443744.480,-1172408.210,350.460
-443744.600,-1172407.910,350.450
-443744.560,-1172410.190,350.490
-443744.680,-1172409.890,350.480
-443744.790,-1172409.610,350.470
-443744.900,-1172409.320,350.460
-443745.020,-1172409.030,350.460
-443745.140,-1172408.720,350.450
-443745.260,-1172408.420,350.450
-443745.370,-1172408.130,350.440
-443745.490,-1172407.820,350.440
-443743.510,-1172411.600,350.510
-443743.630,-1172411.300,350.510
-443743.750,-1172411.000,350.505
-443743.860,-1172410.710,350.500
-443743.970,-1172410.420,350.500
-443744.090,-1172410.140,350.490
-443744.210,-1172409.810,350.490
-443744.330,-1172409.530,350.480
-443744.440,-1172409.240,350.470
-443744.560,-1172408.920,350.460
-443744.680,-1172408.620,350.460
-443744.800,-1172408.320,350.450
-443744.920,-1172408.020,350.440
-443745.040,-1172407.710,350.440
-443744.430,-1172411.560,350.520
-443744.550,-1172411.250,350.510
-443744.670,-1172410.950,350.500
-443744.790,-1172410.640,350.500
-443744.910,-1172410.340,350.490
-443745.040,-1172410.020,350.480
-443745.160,-1172409.720,350.470
-443745.270,-1172409.420,350.460
-443745.390,-1172409.130,350.450
-443745.510,-1172408.820,350.450
-443745.630,-1172408.510,350.440
-443745.740,-1172408.240,350.440
-443745.850,-1172407.950,350.440
-443745.980,-1172407.630,350.430
-443743.960,-1172411.710,350.520
-443744.090,-1172411.390,350.520
-443744.200,-1172411.110,350.510
-443744.320,-1172410.790,350.500
-443744.430,-1172410.510,350.500
-443745.000,-1172411.510,350.510
-443745.110,-1172411.220,350.500
-443745.220,-1172410.930,350.500
-443745.340,-1172410.630,350.490
-443745.460,-1172410.320,350.480
-443745.580,-1172410.020,350.480
-443745.700,-1172409.720,350.460
-443745.830,-1172409.400,350.460
-443745.940,-1172409.100,350.450
-443746.070,-1172408.790,350.440
-443746.180,-1172408.500,350.440
-443746.300,-1172408.180,350.430
-443746.420,-1172407.890,350.430
-443746.540,-1172407.580,350.425
-443745.330,-1172411.530,350.510
-443745.450,-1172411.220,350.500
-443745.580,-1172410.900,350.495
-443745.700,-1172410.580,350.490
-443745.820,-1172410.290,350.480
-443745.940,-1172409.980,350.470
-443746.060,-1172409.680,350.460
-443746.160,-1172409.400,350.460
-443746.280,-1172409.100,350.450
-443746.410,-1172408.780,350.440
-443746.530,-1172408.480,350.440
-443746.650,-1172408.170,350.430
-443746.770,-1172407.870,350.420
-443746.900,-1172407.550,350.420
-443745.850,-1172411.460,350.510
-443745.970,-1172411.150,350.500
-443746.090,-1172410.850,350.490
-443746.200,-1172410.570,350.490
-443746.330,-1172410.250,350.480
-443746.440,-1172409.950,350.470
-443746.570,-1172409.640,350.460
-443746.690,-1172409.320,350.450
-443746.820,-1172409.010,350.440
-443746.930,-1172408.720,350.440
-443747.040,-1172408.430,350.430
-443747.160,-1172408.130,350.430
-443747.280,-1172407.820,350.420
-443747.400,-1172407.520,350.420
-443747.810,-1172408.960,350.445
-443747.930,-1172408.660,350.440
-443748.050,-1172408.340,350.430
-443748.160,-1172408.060,350.420
-443748.280,-1172407.760,350.420
-443748.400,-1172407.440,350.420
-443746.220,-1172411.610,350.510
-443746.330,-1172411.320,350.500
-443746.450,-1172411.010,350.500
-443746.570,-1172410.710,350.490
-443746.690,-1172410.420,350.480
-443746.810,-1172410.120,350.470
-443746.930,-1172409.790,350.460
-443747.050,-1172409.510,350.450
-443747.160,-1172409.220,350.450
-443747.280,-1172408.910,350.440
-443747.410,-1172408.580,350.430
-443747.530,-1172408.280,350.430
-443747.650,-1172407.980,350.420
-443747.770,-1172407.660,350.420
-443747.190,-1172411.410,350.505
-443747.310,-1172411.120,350.500
-443747.430,-1172410.800,350.490
-443747.550,-1172410.510,350.480
-443747.660,-1172410.210,350.480
-443747.780,-1172409.910,350.470
-443747.900,-1172409.610,350.460
-443748.010,-1172409.320,350.460
-443748.120,-1172409.040,350.450
-443748.250,-1172408.720,350.440
-443748.370,-1172408.430,350.430
-443748.470,-1172408.150,350.420
-443748.600,-1172407.830,350.420
-443748.710,-1172407.540,350.420
-443746.760,-1172411.620,350.510
-443746.870,-1172411.330,350.500
-443746.990,-1172411.050,350.490
-443747.100,-1172410.750,350.490
-443747.220,-1172410.460,350.480
-443747.340,-1172410.150,350.470
-443747.450,-1172409.860,350.470
-443747.570,-1172409.560,350.460
-443747.690,-1172409.250,350.450
-443747.620,-1172411.420,350.510
-443747.750,-1172411.100,350.500
-443747.870,-1172410.800,350.495
-443747.990,-1172410.490,350.480
-443748.100,-1172410.190,350.480
-443748.220,-1172409.890,350.470
-443748.340,-1172409.590,350.470
-443748.460,-1172409.290,350.460
-443748.580,-1172408.990,350.450
-443748.690,-1172408.690,350.440
-443748.810,-1172408.410,350.430
-443748.920,-1172408.110,350.420
-443749.040,-1172407.800,350.420
-443749.160,-1172407.510,350.420
-443748.030,-1172411.350,350.510
-443748.150,-1172411.040,350.505
-443748.270,-1172410.730,350.490
-443748.390,-1172410.440,350.490
-443748.500,-1172410.140,350.480
-443748.630,-1172409.820,350.480
-443748.750,-1172409.510,350.470
-443748.870,-1172409.210,350.460
-443748.980,-1172408.920,350.450
-443749.110,-1172408.600,350.440
-443749.220,-1172408.320,350.430
-443749.340,-1172408.000,350.420
-443749.460,-1172407.700,350.420
-443749.570,-1172407.410,350.410
-443748.370,-1172411.500,350.520
-443748.490,-1172411.200,350.515
-443748.610,-1172410.890,350.500
-443748.730,-1172410.580,350.500
-443748.850,-1172410.280,350.490
-443748.960,-1172409.980,350.490
-443749.080,-1172409.700,350.480
-443749.200,-1172409.380,350.470
-443749.320,-1172409.080,350.460
-443749.430,-1172408.790,350.450
-443749.560,-1172408.480,350.440
-443749.680,-1172408.160,350.430
-443749.800,-1172407.850,350.420
-443749.910,-1172407.570,350.420
-443750.040,-1172407.250,350.410
-443748.700,-1172411.320,350.510
-443748.830,-1172410.990,350.510
-443748.940,-1172410.700,350.500
-443749.060,-1172410.410,350.495
-443749.170,-1172410.110,350.490
-443749.300,-1172409.790,350.480
-443749.420,-1172409.480,350.470
-443749.540,-1172409.180,350.460
-443749.660,-1172408.870,350.450
-443749.780,-1172408.570,350.440
-443749.900,-1172408.270,350.430
-443750.010,-1172407.990,350.430
-443750.130,-1172407.680,350.420
-443750.260,-1172407.360,350.420
-443749.040,-1172411.430,350.520
-443749.150,-1172411.130,350.510
-443749.280,-1172410.820,350.500
-443749.390,-1172410.530,350.500
-443749.510,-1172410.230,350.490
-443749.640,-1172409.910,350.485
-443749.750,-1172409.630,350.470
-443749.860,-1172409.330,350.460
-443749.990,-1172409.020,350.460
-443750.110,-1172408.700,350.450
-443750.230,-1172408.400,350.440
-443750.350,-1172408.080,350.430
-443750.480,-1172407.770,350.430
-443750.590,-1172407.480,350.420
-443750.710,-1172407.180,350.420
-443749.480,-1172411.340,350.520
-443749.590,-1172411.070,350.510
-443749.710,-1172410.760,350.500
-443749.830,-1172410.460,350.490
-443749.940,-1172410.170,350.490
-443750.050,-1172409.880,350.480
-443750.180,-1172409.550,350.470
-443750.420,-1172408.960,350.460
-443750.540,-1172408.640,350.450
-443750.660,-1172408.350,350.440
-443750.770,-1172408.060,350.440
-443750.890,-1172407.750,350.430
-443751.010,-1172407.450,350.420
-443751.130,-1172407.130,350.420
-443749.930,-1172411.560,350.515
-443750.050,-1172411.240,350.505
-443750.170,-1172410.950,350.500
-443750.280,-1172410.650,350.500
-443750.400,-1172410.350,350.490
-443750.520,-1172410.060,350.480
-443750.630,-1172409.760,350.470
-443750.750,-1172409.470,350.470
-443750.870,-1172409.150,350.460
-443750.990,-1172408.860,350.460
-443751.100,-1172408.570,350.450
-443751.220,-1172408.270,350.440
-443751.330,-1172407.970,350.430
-443751.450,-1172407.670,350.430
-443751.580,-1172407.350,350.430
-443750.350,-1172411.450,350.510
-443750.470,-1172411.160,350.500
-443750.590,-1172410.840,350.500
-443750.720,-1172410.530,350.500
-443750.830,-1172410.230,350.490
-443750.950,-1172409.940,350.480
-443751.070,-1172409.630,350.470
-443751.190,-1172409.310,350.470
-443751.310,-1172409.020,350.460
-443751.420,-1172408.750,350.460
-443751.530,-1172408.450,350.450
-443751.650,-1172408.140,350.445
-443751.770,-1172407.850,350.440
-443751.880,-1172407.560,350.440
-443752.000,-1172407.250,350.435
-443750.780,-1172411.310,350.510
-443750.900,-1172411.010,350.500
-443751.030,-1172410.700,350.500
-443751.140,-1172410.410,350.490
-443751.270,-1172410.090,350.490
-443751.390,-1172409.780,350.480
-443751.510,-1172409.470,350.470
-443751.630,-1172409.160,350.470
-443751.750,-1172408.860,350.460
-443751.860,-1172408.570,350.460
-443751.980,-1172408.260,350.450
-443752.090,-1172407.970,350.450
-443752.210,-1172407.680,350.440
-443752.320,-1172407.390,350.440
-443752.440,-1172407.080,350.440
-443751.150,-1172411.330,350.510
-443751.270,-1172411.020,350.500
-443751.390,-1172410.710,350.500
-443751.510,-1172410.400,350.500
-443751.630,-1172410.110,350.490
-443751.740,-1172409.820,350.490
-443751.860,-1172409.520,350.480
-443751.980,-1172409.200,350.470
-443752.100,-1172408.910,350.460
-443752.210,-1172408.620,350.460
-443752.340,-1172408.300,350.460
-443752.460,-1172407.980,350.450
-443752.580,-1172407.680,350.450
-443752.700,-1172407.380,350.445
-443752.830,-1172407.050,350.450
-443751.640,-1172411.210,350.510
-443751.750,-1172410.920,350.510
-443751.860,-1172410.630,350.500
-443751.980,-1172410.320,350.490
-443752.110,-1172410.000,350.490
-443752.230,-1172409.690,350.490
-443752.350,-1172409.380,350.480
-443752.470,-1172409.080,350.480
-443752.590,-1172408.770,350.470
-443752.700,-1172408.490,350.460
-443752.820,-1172408.200,350.460
-443752.940,-1172407.880,350.460
-443753.060,-1172407.570,350.455
-443753.180,-1172407.280,350.450
-443753.300,-1172406.970,350.460
-443751.970,-1172411.170,350.510
-443752.080,-1172410.870,350.510
-443752.200,-1172410.580,350.500
-443752.330,-1172410.250,350.490
-443752.450,-1172409.940,350.490
-443752.560,-1172409.660,350.490
-443752.680,-1172409.360,350.490
-443752.800,-1172409.050,350.480
-443752.920,-1172408.740,350.470
-443753.040,-1172408.440,350.470
-443753.170,-1172408.120,350.460
-443753.290,-1172407.800,350.460
-443753.400,-1172407.520,350.460
-443753.510,-1172407.230,350.460
-443752.330,-1172411.290,350.520
-443752.440,-1172411.000,350.510
-443752.560,-1172410.710,350.510
-443752.680,-1172410.400,350.500
-443752.790,-1172410.110,350.490
-443752.910,-1172409.820,350.490
-443753.030,-1172409.500,350.490
-443753.140,-1172409.220,350.490
-443753.270,-1172408.900,350.490
-443753.390,-1172408.590,350.470
-443753.500,-1172408.300,350.470
-443753.620,-1172408.000,350.470
-443753.740,-1172407.690,350.470
-443753.860,-1172407.380,350.470
-443753.980,-1172407.080,350.460
-443752.860,-1172411.100,350.520
-443752.970,-1172410.820,350.510
-443753.090,-1172410.510,350.510
-443753.210,-1172410.210,350.500
-443753.320,-1172409.920,350.500
-443753.440,-1172409.630,350.500
-443753.550,-1172409.350,350.500
-443753.680,-1172409.010,350.495
-443753.790,-1172408.740,350.490
-443753.900,-1172408.450,350.480
-443754.030,-1172408.130,350.480
-443754.140,-1172407.830,350.480
-443754.260,-1172407.530,350.470
-443754.380,-1172407.220,350.470
-443754.500,-1172406.910,350.480
-443753.600,-1172410.640,350.520
-443753.710,-1172410.350,350.510
-443753.830,-1172410.040,350.510
-443753.950,-1172409.750,350.510
-443754.070,-1172409.430,350.500
-443754.180,-1172409.150,350.500
-443754.300,-1172408.850,350.500
-443754.410,-1172408.560,350.490
-443754.530,-1172408.260,350.490
-443754.650,-1172407.960,350.480
-443754.770,-1172407.660,350.490
-443753.350,-1172411.270,350.520
-443753.480,-1172410.950,350.520
-443753.830,-1172411.000,350.520
-443753.950,-1172410.710,350.520
-443754.070,-1172410.400,350.520
-443754.190,-1172410.090,350.510
-443754.310,-1172409.780,350.510
-443754.430,-1172409.480,350.510
-443754.550,-1172409.170,350.500
-443754.670,-1172408.870,350.500
-443754.790,-1172408.570,350.495
-443754.190,-1172411.110,350.520
-443754.310,-1172410.820,350.520
-443754.430,-1172410.500,350.520
-443754.540,-1172410.210,350.510
-443754.660,-1172409.920,350.510
-443754.780,-1172409.620,350.510
-443754.610,-1172410.940,350.525
-443754.730,-1172410.630,350.530
-443754.850,-1172410.330,350.520
-443755.010,-1172411.030,350.520
-443732.210,-1172398.600,350.495
-443732.440,-1172398.030,350.520
-443732.550,-1172397.740,350.530
-443732.580,-1172398.850,350.510
-443732.560,-1172398.930,350.500
-443732.700,-1172398.560,350.510
-443732.820,-1172398.270,350.510
-443732.940,-1172397.950,350.520
-443733.060,-1172397.660,350.520
-443732.600,-1172399.530,350.480
-443732.720,-1172399.220,350.490
-443732.840,-1172398.930,350.510
-443732.950,-1172398.640,350.510
-443733.080,-1172398.330,350.510
-443733.190,-1172398.030,350.510
-443733.300,-1172397.760,350.510
-443732.680,-1172400.270,350.480
-443732.800,-1172399.990,350.480
-443732.920,-1172399.680,350.490
-443733.040,-1172399.370,350.500
-443733.160,-1172399.060,350.500
-443733.280,-1172398.780,350.510
-443733.400,-1172398.460,350.510
-443733.510,-1172398.170,350.510
-443733.640,-1172397.850,350.505
-443733.050,-1172400.210,350.490
-443733.150,-1172399.940,350.490
-443733.270,-1172399.630,350.500
-443733.400,-1172399.320,350.500
-443733.520,-1172399.010,350.500
-443733.630,-1172398.730,350.510
-443733.760,-1172398.410,350.500
-443733.880,-1172398.090,350.500
-443734.000,-1172397.780,350.500
-443732.680,-1172401.140,350.460
-443732.650,-1172401.220,350.460
-443732.800,-1172400.830,350.480
-443732.930,-1172400.500,350.480
-443733.810,-1172399.420,350.490
-443733.930,-1172399.100,350.490
-443734.050,-1172398.810,350.500
-443734.160,-1172398.520,350.500
-443734.280,-1172398.230,350.500
-443734.400,-1172397.920,350.500
-443734.530,-1172397.600,350.500
-443732.730,-1172402.160,350.450
-443732.840,-1172401.880,350.470
-443732.960,-1172401.560,350.490
-443733.090,-1172401.240,350.490
-443733.210,-1172400.950,350.500
-443733.320,-1172400.660,350.490
-443733.440,-1172400.350,350.490
-443733.560,-1172400.040,350.490
-443733.680,-1172399.730,350.490
-443732.740,-1172402.960,350.480
-443732.860,-1172402.660,350.490
-443732.970,-1172402.360,350.490
-443733.080,-1172402.090,350.500
-443733.200,-1172401.790,350.500
-443733.330,-1172401.460,350.490
-443733.440,-1172401.180,350.490
-443733.550,-1172400.900,350.490
-443733.680,-1172400.570,350.490
-443733.800,-1172400.280,350.480
-443733.910,-1172399.980,350.490
-443734.030,-1172399.680,350.490
-443734.150,-1172399.370,350.480
-443734.270,-1172399.070,350.490
-443734.390,-1172398.780,350.490
-443734.510,-1172398.470,350.490
-443734.640,-1172398.140,350.490
-443734.760,-1172397.840,350.490
-443732.950,-1172403.450,350.490
-443733.080,-1172403.130,350.500
-443733.190,-1172402.840,350.500
-443733.320,-1172402.530,350.500
-443733.430,-1172402.240,350.500
-443733.560,-1172401.920,350.500
-443733.670,-1172401.630,350.490
-443733.780,-1172401.340,350.490
-443733.900,-1172401.060,350.480
-443734.010,-1172400.760,350.480
-443734.130,-1172400.450,350.480
-443734.250,-1172400.170,350.480
-443734.370,-1172399.860,350.470
-443734.490,-1172399.560,350.480
-443734.610,-1172399.260,350.480
-443734.730,-1172398.950,350.480
-443734.850,-1172398.640,350.490
-443734.970,-1172398.350,350.490
-443735.080,-1172398.050,350.490
-443735.200,-1172397.750,350.490
-443732.830,-1172404.800,350.465
-443732.950,-1172404.490,350.485
-443733.060,-1172404.200,350.500
-443733.180,-1172403.900,350.510
-443733.300,-1172403.600,350.510
-443733.420,-1172403.310,350.510
-443733.540,-1172403.000,350.510
-443733.660,-1172402.700,350.500
-443733.780,-1172402.390,350.490
-443733.900,-1172402.090,350.490
-443734.030,-1172401.760,350.480
-443734.140,-1172401.470,350.480
-443734.260,-1172401.170,350.470
-443734.370,-1172400.880,350.470
-443734.500,-1172400.560,350.470
-443734.620,-1172400.270,350.465
-443734.730,-1172399.990,350.460
-443734.840,-1172399.700,350.470
-443734.960,-1172399.390,350.470
-443735.090,-1172399.080,350.480
-443735.200,-1172398.800,350.480
-443735.310,-1172398.510,350.480
-443735.440,-1172398.190,350.490
-443735.550,-1172397.900,350.490
-443735.670,-1172397.590,350.490
-443733.070,-1172405.400,350.495
-443733.190,-1172405.090,350.500
-443733.310,-1172404.800,350.510
-443733.420,-1172404.510,350.510
-443733.540,-1172404.200,350.510
-443733.670,-1172403.890,350.510
-443733.790,-1172403.580,350.500
-443733.920,-1172403.260,350.500
-443734.040,-1172402.960,350.490
-443734.150,-1172402.670,350.480
-443734.270,-1172402.370,350.480
-443734.380,-1172402.070,350.480
-443734.510,-1172401.760,350.470
-443734.620,-1172401.460,350.470
-443734.740,-1172401.160,350.460
-443734.860,-1172400.860,350.460
-443734.990,-1172400.550,350.460
-443735.110,-1172400.230,350.460
-443735.230,-1172399.940,350.460
-443735.350,-1172399.630,350.460
-443735.460,-1172399.340,350.470
-443735.590,-1172399.030,350.470
-443735.700,-1172398.740,350.475
-443735.820,-1172398.440,350.480
-443735.930,-1172398.140,350.480
-443736.050,-1172397.860,350.480
-443736.170,-1172397.530,350.490
-443733.050,-1172406.270,350.475
-443733.170,-1172405.980,350.490
-443733.300,-1172405.650,350.490
-443733.410,-1172405.370,350.500
-443733.520,-1172405.080,350.500
-443733.650,-1172404.770,350.505
-443733.770,-1172404.460,350.510
-443733.880,-1172404.160,350.500
-443734.000,-1172403.860,350.495
-443734.130,-1172403.550,350.490
-443734.240,-1172403.260,350.480
-443734.360,-1172402.970,350.480
-443734.480,-1172402.640,350.470
-443734.610,-1172402.320,350.470
-443734.730,-1172402.020,350.465
-443734.850,-1172401.720,350.460
-443734.970,-1172401.410,350.460
-443735.090,-1172401.120,350.450
-443735.200,-1172400.840,350.450
-443735.320,-1172400.530,350.450
-443735.440,-1172400.210,350.450
-443735.560,-1172399.910,350.450
-443735.680,-1172399.610,350.460
-443735.800,-1172399.300,350.470
-443735.930,-1172398.980,350.470
-443736.040,-1172398.700,350.470
-443736.160,-1172398.380,350.480
-443736.280,-1172398.090,350.480
-443736.410,-1172397.760,350.480
-443732.980,-1172407.400,350.470
-443733.220,-1172406.800,350.490
-443733.340,-1172406.480,350.495
-443733.450,-1172406.200,350.490
-443733.580,-1172405.880,350.495
-443733.690,-1172405.600,350.500
-443733.810,-1172405.310,350.500
-443733.920,-1172405.010,350.500
-443734.160,-1172404.400,350.490
-443734.270,-1172404.120,350.490
-443734.390,-1172403.820,350.480
-443734.510,-1172403.520,350.480
-443734.630,-1172403.220,350.470
-443734.750,-1172402.910,350.470
-443734.880,-1172402.590,350.470
-443734.990,-1172402.310,350.460
-443735.100,-1172402.020,350.450
-443735.220,-1172401.710,350.450
-443735.350,-1172401.390,350.450
-443735.470,-1172401.080,350.450
-443735.590,-1172400.780,350.450
-443735.720,-1172400.460,350.450
-443735.830,-1172400.170,350.450
-443735.950,-1172399.870,350.450
-443736.060,-1172399.580,350.450
-443736.190,-1172399.270,350.460
-443736.310,-1172398.970,350.460
-443736.430,-1172398.660,350.470
-443736.550,-1172398.360,350.470
-443736.670,-1172398.040,350.470
-443736.800,-1172397.730,350.470
-443736.910,-1172397.440,350.470
-443733.100,-1172408.030,350.480
-443733.210,-1172407.730,350.490
-443733.330,-1172407.440,350.500
-443733.450,-1172407.140,350.490
-443733.570,-1172406.820,350.490
-443733.690,-1172406.530,350.490
-443733.810,-1172406.220,350.490
-443733.930,-1172405.910,350.490
-443734.060,-1172405.590,350.490
-443734.170,-1172405.310,350.490
-443734.290,-1172405.000,350.490
-443734.410,-1172404.690,350.490
-443734.530,-1172404.380,350.480
-443734.640,-1172404.100,350.480
-443734.760,-1172403.810,350.480
-443734.880,-1172403.510,350.470
-443734.990,-1172403.210,350.470
-443735.110,-1172402.910,350.460
-443735.230,-1172402.620,350.450
-443735.350,-1172402.320,350.450
-443735.470,-1172402.020,350.450
-443735.580,-1172401.730,350.440
-443735.700,-1172401.410,350.440
-443735.830,-1172401.090,350.440
-443735.940,-1172400.810,350.440
-443736.060,-1172400.520,350.440
-443736.180,-1172400.200,350.440
-443736.310,-1172399.890,350.440
-443736.420,-1172399.590,350.450
-443736.550,-1172399.270,350.450
-443736.680,-1172398.950,350.460
-443736.790,-1172398.660,350.465
-443736.900,-1172398.390,350.470
-443737.020,-1172398.090,350.470
-443737.140,-1172397.760,350.470
-443737.260,-1172397.460,350.470
-443736.500,-1172400.490,350.430
-443736.620,-1172400.200,350.430
-443736.740,-1172399.880,350.440
-443736.860,-1172399.580,350.440
-443736.980,-1172399.280,350.450
-443737.090,-1172398.990,350.450
-443737.220,-1172398.680,350.460
-443737.340,-1172398.360,350.460
-443737.460,-1172398.050,350.460
-443737.580,-1172397.740,350.470
-443737.710,-1172397.430,350.470
-443733.400,-1172408.350,350.500
-443733.520,-1172408.040,350.500
-443733.650,-1172407.730,350.500
-443733.770,-1172407.420,350.500
-443733.890,-1172407.100,350.490
-443734.010,-1172406.800,350.480
-443734.130,-1172406.500,350.480
-443734.240,-1172406.210,350.480
-443734.360,-1172405.920,350.480
-443734.480,-1172405.610,350.480
-443734.610,-1172405.290,350.480
-443734.720,-1172405.000,350.480
-443734.850,-1172404.680,350.480
-443734.970,-1172404.380,350.470
-443735.090,-1172404.060,350.465
-443735.200,-1172403.780,350.460
-443735.330,-1172403.470,350.460
-443735.440,-1172403.170,350.460
-443735.570,-1172402.860,350.450
-443735.680,-1172402.560,350.440
-443735.790,-1172402.290,350.440
-443735.910,-1172401.990,350.430
-443736.020,-1172401.700,350.430
-443736.150,-1172401.390,350.430
-443736.260,-1172401.100,350.430
-443736.380,-1172400.800,350.430
-443733.750,-1172408.280,350.500
-443733.870,-1172407.960,350.500
-443734.000,-1172407.640,350.500
-443734.110,-1172407.360,350.490
-443734.220,-1172407.080,350.480
-443734.350,-1172406.750,350.480
-443734.470,-1172406.440,350.480
-443734.590,-1172406.140,350.470
-443734.710,-1172405.830,350.470
-443734.840,-1172405.500,350.480
-443734.960,-1172405.210,350.480
-443735.070,-1172404.930,350.470
-443735.190,-1172404.620,350.470
-443735.310,-1172404.310,350.460
-443735.430,-1172404.010,350.460
-443735.540,-1172403.720,350.450
-443735.670,-1172403.400,350.450
-443735.790,-1172403.090,350.450
-443735.910,-1172402.790,350.440
-443736.030,-1172402.490,350.440
-443736.160,-1172402.170,350.430
-443736.270,-1172401.880,350.420
-443736.390,-1172401.590,350.420
-443736.500,-1172401.290,350.420
-443736.620,-1172400.980,350.420
-443736.740,-1172400.700,350.420
-443736.850,-1172400.420,350.430
-443736.970,-1172400.100,350.430
-443737.090,-1172399.800,350.440
-443737.200,-1172399.520,350.440
-443737.320,-1172399.210,350.450
-443737.440,-1172398.900,350.450
-443737.570,-1172398.590,350.450
-443737.690,-1172398.280,350.460
-443737.800,-1172398.000,350.470
-443737.920,-1172397.700,350.470
-443738.050,-1172397.370,350.480
-443734.060,-1172408.490,350.500
-443734.190,-1172408.170,350.490
-443734.300,-1172407.880,350.480
-443734.420,-1172407.590,350.480
-443734.540,-1172407.280,350.475
-443734.660,-1172406.980,350.470
-443734.780,-1172406.670,350.460
-443734.900,-1172406.360,350.470
-443735.020,-1172406.080,350.470
-443735.130,-1172405.780,350.470
-443735.260,-1172405.460,350.470
-443735.380,-1172405.150,350.470
-443735.500,-1172404.840,350.460
-443735.630,-1172404.530,350.450
-443735.750,-1172404.220,350.450
-443735.860,-1172403.930,350.450
-443735.980,-1172403.620,350.440
-443736.090,-1172403.340,350.440
-443736.220,-1172403.030,350.440
-443736.340,-1172402.720,350.440
-443736.450,-1172402.440,350.430
-443736.580,-1172402.110,350.420
-443736.700,-1172401.810,350.420
-443736.820,-1172401.490,350.420
-443736.940,-1172401.200,350.410
-443737.060,-1172400.890,350.420
-443737.170,-1172400.600,350.420
-443737.300,-1172400.290,350.420
-443737.410,-1172400.000,350.430
-443737.650,-1172399.410,350.440
-443737.760,-1172399.120,350.450
-443737.880,-1172398.810,350.450
-443738.000,-1172398.510,350.460
-443738.110,-1172398.220,350.460
-443738.240,-1172397.910,350.460
-443738.350,-1172397.620,350.470
-443736.110,-1172404.400,350.440
-443736.230,-1172404.090,350.440
-443736.350,-1172403.800,350.440
-443736.470,-1172403.470,350.440
-443736.600,-1172403.160,350.430
-443736.710,-1172402.880,350.430
-443736.820,-1172402.590,350.420
-443736.940,-1172402.290,350.420
-443737.070,-1172401.970,350.410
-443737.190,-1172401.670,350.410
-443737.300,-1172401.380,350.410
-443737.430,-1172401.060,350.410
-443737.550,-1172400.740,350.410
-443737.670,-1172400.450,350.410
-443737.790,-1172400.150,350.420
-443737.910,-1172399.830,350.430
-443738.020,-1172399.540,350.430
-443738.140,-1172399.250,350.440
-443738.260,-1172398.930,350.450
-443738.380,-1172398.640,350.460
-443738.490,-1172398.360,350.460
-443738.600,-1172398.080,350.465
-443738.730,-1172397.740,350.470
-443738.850,-1172397.450,350.480
-443734.570,-1172408.310,350.480
-443734.680,-1172408.010,350.480
-443734.810,-1172407.710,350.470
-443734.920,-1172407.430,350.470
-443735.040,-1172407.120,350.460
-443735.150,-1172406.830,350.460
-443735.270,-1172406.530,350.460
-443735.390,-1172406.220,350.460
-443735.500,-1172405.930,350.460
-443735.630,-1172405.600,350.460
-443735.760,-1172405.300,350.460
-443735.870,-1172405.020,350.450
-443735.980,-1172404.730,350.450
-443735.080,-1172408.300,350.470
-443735.200,-1172408.010,350.465
-443735.320,-1172407.700,350.460
-443735.430,-1172407.410,350.455
-443735.560,-1172407.090,350.450
-443735.670,-1172406.800,350.460
-443735.790,-1172406.520,350.450
-443735.900,-1172406.220,350.450
-443736.020,-1172405.920,350.450
-443736.140,-1172405.620,350.450
-443736.250,-1172405.330,350.440
-443736.370,-1172405.040,350.440
-443736.610,-1172404.430,350.430
-443736.730,-1172404.120,350.430
-443736.860,-1172403.800,350.420
-443736.970,-1172403.510,350.420
-443737.080,-1172403.230,350.420
-443737.210,-1172402.910,350.410
-443737.330,-1172402.610,350.410
-443737.450,-1172402.300,350.410
-443737.570,-1172402.000,350.410
-443737.700,-1172401.670,350.400
-443737.810,-1172401.370,350.400
-443737.930,-1172401.090,350.410
-443738.040,-1172400.800,350.410
-443738.160,-1172400.480,350.410
-443738.280,-1172400.180,350.420
-443738.400,-1172399.880,350.430
-443738.520,-1172399.570,350.430
-443738.650,-1172399.250,350.440
-443738.770,-1172398.940,350.450
-443738.880,-1172398.660,350.460
-443739.010,-1172398.340,350.460
-443739.120,-1172398.040,350.460
-443739.250,-1172397.740,350.470
-443739.360,-1172397.440,350.470
-443735.500,-1172408.160,350.460
-443735.610,-1172407.880,350.460
-443735.750,-1172407.540,350.450
-443735.870,-1172407.240,350.450
-443735.980,-1172406.940,350.450
-443736.100,-1172406.640,350.450
-443736.230,-1172406.320,350.450
-443736.340,-1172406.040,350.440
-443736.460,-1172405.740,350.440
-443736.580,-1172405.430,350.430
-443736.700,-1172405.130,350.430
-443736.800,-1172404.850,350.430
-443736.920,-1172404.570,350.420
-443737.050,-1172404.240,350.420
-443737.160,-1172403.950,350.410
-443737.270,-1172403.670,350.410
-443737.400,-1172403.350,350.410
-443737.510,-1172403.060,350.410
-443737.640,-1172402.750,350.400
-443737.760,-1172402.440,350.400
-443737.870,-1172402.150,350.400
-443737.990,-1172401.840,350.400
-443738.110,-1172401.550,350.400
-443738.230,-1172401.240,350.400
-443738.360,-1172400.910,350.410
-443738.490,-1172400.590,350.410
-443738.600,-1172400.300,350.410
-443738.720,-1172400.010,350.430
-443738.840,-1172399.700,350.430
-443738.950,-1172399.410,350.435
-443739.070,-1172399.120,350.440
-443739.190,-1172398.790,350.450
-443739.310,-1172398.500,350.450
-443739.430,-1172398.190,350.460
-443739.550,-1172397.880,350.470
-443739.680,-1172397.570,350.470
-443739.790,-1172397.270,350.470
-443738.390,-1172401.900,350.400
-443738.510,-1172401.580,350.400
-443738.630,-1172401.270,350.400
-443738.750,-1172400.980,350.405
-443738.860,-1172400.690,350.410
-443738.990,-1172400.380,350.410
-443739.110,-1172400.060,350.420
-443739.230,-1172399.760,350.430
-443739.350,-1172399.440,350.430
-443739.480,-1172399.130,350.440
-443739.590,-1172398.830,350.440
-443739.700,-1172398.550,350.450
-443739.820,-1172398.260,350.455
-443739.950,-1172397.940,350.460
-443740.070,-1172397.630,350.460
-443740.180,-1172397.340,350.470
-443735.900,-1172408.210,350.450
-443736.020,-1172407.910,350.440
-443736.130,-1172407.630,350.440
-443736.250,-1172407.310,350.440
-443736.370,-1172407.010,350.440
-443736.490,-1172406.710,350.440
-443736.610,-1172406.400,350.440
-443736.740,-1172406.080,350.435
-443736.860,-1172405.780,350.430
-443736.970,-1172405.490,350.430
-443737.100,-1172405.170,350.420
-443737.210,-1172404.880,350.410
-443737.340,-1172404.560,350.410
-443737.450,-1172404.280,350.410
-443737.560,-1172403.990,350.410
-443737.680,-1172403.690,350.400
-443737.790,-1172403.400,350.400
-443737.920,-1172403.090,350.400
-443738.030,-1172402.800,350.400
-443738.150,-1172402.500,350.400
-443738.270,-1172402.190,350.400
-443736.260,-1172408.190,350.440
-443736.390,-1172407.870,350.440
-443736.510,-1172407.550,350.440
-443736.630,-1172407.250,350.440
-443736.740,-1172406.960,350.440
-443736.870,-1172406.650,350.430
-443736.980,-1172406.370,350.430
-443737.100,-1172406.070,350.430
-443737.220,-1172405.750,350.420
-443737.340,-1172405.460,350.420
-443737.460,-1172405.140,350.410
-443737.580,-1172404.840,350.410
-443737.700,-1172404.520,350.400
-443737.830,-1172404.220,350.400
-443737.940,-1172403.930,350.400
-443738.060,-1172403.630,350.400
-443738.180,-1172403.320,350.400
-443738.300,-1172403.020,350.400
-443738.410,-1172402.730,350.400
-443738.520,-1172402.440,350.400
-443738.640,-1172402.140,350.400
-443738.770,-1172401.830,350.400
-443738.880,-1172401.550,350.400
-443738.990,-1172401.260,350.400
-443739.120,-1172400.940,350.400
-443739.230,-1172400.650,350.410
-443739.350,-1172400.350,350.410
-443739.480,-1172400.030,350.410
-443739.590,-1172399.730,350.420
-443739.710,-1172399.440,350.430
-443739.820,-1172399.150,350.435
-443740.080,-1172398.500,350.450
-443740.200,-1172398.200,350.450
-443740.320,-1172397.890,350.455
-443740.440,-1172397.580,350.460
-443740.560,-1172397.290,350.470
-443736.740,-1172408.170,350.440
-443736.850,-1172407.880,350.440
-443736.970,-1172407.590,350.430
-443737.090,-1172407.270,350.430
-443737.210,-1172406.970,350.430
-443737.330,-1172406.660,350.420
-443737.460,-1172406.340,350.420
-443737.580,-1172406.030,350.420
-443737.690,-1172405.740,350.410
-443737.810,-1172405.440,350.400
-443737.930,-1172405.150,350.400
-443738.050,-1172404.840,350.400
-443738.170,-1172404.530,350.400
-443738.280,-1172404.240,350.390
-443738.410,-1172403.930,350.400
-443738.530,-1172403.620,350.400
-443738.650,-1172403.310,350.400
-443738.770,-1172403.020,350.400
-443738.890,-1172402.700,350.400
-443739.000,-1172402.420,350.400
-443739.130,-1172402.090,350.400
-443739.240,-1172401.810,350.400
-443739.360,-1172401.510,350.400
-443739.470,-1172401.230,350.400
-443739.590,-1172400.930,350.400
-443739.710,-1172400.620,350.410
-443739.830,-1172400.320,350.410
-443739.940,-1172400.030,350.410
-443740.060,-1172399.730,350.420
-443740.180,-1172399.430,350.430
-443740.300,-1172399.110,350.430
-443740.420,-1172398.810,350.440
-443740.540,-1172398.510,350.440
-443740.660,-1172398.210,350.450
-443740.780,-1172397.910,350.450
-443740.900,-1172397.600,350.460
-443741.020,-1172397.280,350.460
-443739.790,-1172401.130,350.400
-443739.910,-1172400.800,350.400
-443740.030,-1172400.510,350.410
-443740.140,-1172400.230,350.410
-443740.260,-1172399.930,350.410
-443740.370,-1172399.630,350.420
-443740.490,-1172399.330,350.430
-443740.610,-1172399.040,350.440
-443740.720,-1172398.740,350.440
-443740.850,-1172398.430,350.440
-443740.960,-1172398.150,350.450
-443741.080,-1172397.830,350.450
-443741.210,-1172397.510,350.460
-443741.320,-1172397.220,350.460
-443737.030,-1172408.120,350.430
-443737.160,-1172407.800,350.430
-443737.270,-1172407.500,350.430
-443737.390,-1172407.200,350.420
-443737.630,-1172406.580,350.420
-443737.750,-1172406.300,350.420
-443737.870,-1172406.000,350.420
-443737.990,-1172405.680,350.410
-443738.120,-1172405.360,350.400
-443738.240,-1172405.050,350.390
-443738.470,-1172404.450,350.390
-443738.590,-1172404.150,350.390
-443738.700,-1172403.870,350.390
-443738.830,-1172403.550,350.400
-443738.950,-1172403.240,350.400
-443739.070,-1172402.940,350.400
-443739.190,-1172402.640,350.400
-443739.310,-1172402.330,350.400
-443739.440,-1172402.010,350.400
-443739.550,-1172401.720,350.400
-443739.670,-1172401.420,350.400
-443737.520,-1172407.970,350.430
-443737.650,-1172407.660,350.425
-443737.770,-1172407.360,350.420
-443737.880,-1172407.070,350.420
-443738.000,-1172406.760,350.420
-443738.110,-1172406.480,350.420
-443738.240,-1172406.160,350.410
-443738.360,-1172405.850,350.400
-443738.480,-1172405.550,350.390
-443738.590,-1172405.260,350.390
-443738.710,-1172404.950,350.380
-443738.840,-1172404.640,350.380
-443738.960,-1172404.330,350.390
-443739.080,-1172404.020,350.390
-443739.200,-1172403.710,350.390
-443739.320,-1172403.410,350.390
-443739.440,-1172403.110,350.390
-443739.550,-1172402.830,350.400
-443739.670,-1172402.520,350.400
-443739.800,-1172402.210,350.400
-443739.910,-1172401.910,350.400
-443740.030,-1172401.600,350.400
-443740.160,-1172401.290,350.400
-443740.280,-1172400.970,350.400
-443740.390,-1172400.690,350.400
-443740.510,-1172400.380,350.400
-443740.630,-1172400.090,350.410
-443740.750,-1172399.780,350.410
-443740.870,-1172399.480,350.420
-443740.990,-1172399.180,350.430
-443741.100,-1172398.890,350.440
-443741.220,-1172398.600,350.440
-443741.340,-1172398.290,350.440
-443741.450,-1172397.990,350.440
-443741.570,-1172397.700,350.440
-443741.690,-1172397.390,350.460
-443737.910,-1172407.970,350.420
-443738.030,-1172407.670,350.420
-443738.150,-1172407.370,350.420
-443738.260,-1172407.090,350.410
-443738.380,-1172406.790,350.410
-443738.500,-1172406.490,350.405
-443738.610,-1172406.200,350.400
-443738.730,-1172405.900,350.390
-443738.850,-1172405.600,350.380
-443738.970,-1172405.300,350.380
-443739.080,-1172405.000,350.370
-443739.200,-1172404.710,350.370
-443739.330,-1172404.380,350.380
-443739.450,-1172404.080,350.380
-443739.560,-1172403.800,350.390
-443739.680,-1172403.500,350.390
-443739.800,-1172403.180,350.390
-443739.920,-1172402.870,350.390
-443740.040,-1172402.570,350.400
-443740.160,-1172402.260,350.390
-443740.290,-1172401.930,350.400
-443740.410,-1172401.650,350.400
-443740.520,-1172401.360,350.400
-443740.640,-1172401.050,350.400
-443740.760,-1172400.740,350.400
-443740.880,-1172400.440,350.405
-443740.990,-1172400.150,350.410
-443741.120,-1172399.830,350.420
-443741.240,-1172399.530,350.420
-443741.360,-1172399.230,350.430
-443741.480,-1172398.910,350.430
-443741.600,-1172398.610,350.440
-443741.720,-1172398.320,350.440
-443741.830,-1172398.020,350.440
-443741.950,-1172397.720,350.445
-443742.070,-1172397.410,350.450
-443739.650,-1172404.910,350.370
-443739.770,-1172404.590,350.370
-443739.890,-1172404.300,350.380
-443740.000,-1172404.000,350.380
-443740.130,-1172403.690,350.380
-443740.240,-1172403.400,350.390
-443740.360,-1172403.090,350.390
-443740.490,-1172402.780,350.390
-443740.600,-1172402.490,350.390
-443740.720,-1172402.200,350.390
-443740.840,-1172401.880,350.390
-443740.960,-1172401.570,350.400
-443741.090,-1172401.250,350.400
-443741.200,-1172400.960,350.400
-443741.330,-1172400.630,350.400
-443741.450,-1172400.340,350.410
-443741.560,-1172400.050,350.420
-443741.680,-1172399.760,350.420
-443741.800,-1172399.430,350.430
-443741.920,-1172399.130,350.430
-443742.040,-1172398.840,350.430
-443742.160,-1172398.540,350.435
-443742.280,-1172398.210,350.440
-443742.400,-1172397.910,350.440
-443742.520,-1172397.620,350.450
-443742.640,-1172397.300,350.460
-443738.470,-1172407.890,350.420
-443738.590,-1172407.590,350.420
-443738.710,-1172407.280,350.410
-443738.830,-1172406.980,350.410
-443738.950,-1172406.680,350.410
-443739.070,-1172406.390,350.400
-443739.190,-1172406.070,350.390
-443739.310,-1172405.770,350.380
-443739.420,-1172405.490,350.370
-443739.540,-1172405.190,350.370
-443738.710,-1172408.080,350.420
-443738.830,-1172407.800,350.420
-443738.950,-1172407.470,350.410
-443739.070,-1172407.170,350.410
-443739.190,-1172406.880,350.400
-443739.310,-1172406.570,350.400
-443739.430,-1172406.250,350.400
-443739.560,-1172405.940,350.390
-443739.670,-1172405.650,350.380
-443739.790,-1172405.340,350.370
-443739.910,-1172405.040,350.370
-443740.030,-1172404.740,350.370
-443740.140,-1172404.450,350.380
-443740.260,-1172404.160,350.380
-443740.380,-1172403.850,350.380
-443740.490,-1172403.570,350.380
-443740.610,-1172403.260,350.380
-443740.730,-1172402.950,350.390
-443740.840,-1172402.670,350.390
-443740.960,-1172402.370,350.390
-443741.080,-1172402.070,350.390
-443741.210,-1172401.750,350.400
-443741.330,-1172401.450,350.400
-443741.440,-1172401.160,350.400
-443741.560,-1172400.860,350.400
-443741.680,-1172400.540,350.410
-443741.800,-1172400.240,350.420
-443741.920,-1172399.930,350.420
-443742.050,-1172399.610,350.430
-443742.170,-1172399.300,350.430
-443742.280,-1172399.020,350.430
-443742.400,-1172398.710,350.430
-443742.520,-1172398.410,350.440
-443742.640,-1172398.120,350.440
-443742.760,-1172397.810,350.450
-443742.880,-1172397.510,350.450
-443743.000,-1172397.190,350.460
-443739.160,-1172408.020,350.420
-443739.280,-1172407.710,350.410
-443739.410,-1172407.400,350.410
-443739.520,-1172407.110,350.400
-443739.640,-1172406.820,350.400
-443739.750,-1172406.520,350.400
-443739.870,-1172406.220,350.390
-443740.000,-1172405.900,350.390
-443740.110,-1172405.610,350.390
-443740.230,-1172405.300,350.390
-443740.350,-1172404.990,350.380
-443740.480,-1172404.680,350.390
-443740.590,-1172404.380,350.380
-443740.720,-1172404.080,350.380
-443740.830,-1172403.780,350.380
-443740.950,-1172403.470,350.380
-443741.070,-1172403.180,350.390
-443741.190,-1172402.880,350.390
-443741.300,-1172402.590,350.390
-443741.410,-1172402.300,350.390
-443741.540,-1172401.990,350.400
-443741.650,-1172401.700,350.400
-443741.770,-1172401.400,350.400
-443741.890,-1172401.090,350.410
-443742.010,-1172400.800,350.410
-443742.130,-1172400.490,350.420
-443742.250,-1172400.180,350.430
-443742.370,-1172399.880,350.430
-443742.480,-1172399.580,350.430
-443742.600,-1172399.280,350.430
-443742.730,-1172398.970,350.440
-443742.850,-1172398.650,350.440
-443742.970,-1172398.350,350.440
-443743.100,-1172398.030,350.440
-443743.210,-1172397.740,350.450
-443743.330,-1172397.440,350.460
-443739.530,-1172408.010,350.420
-443739.640,-1172407.720,350.410
-443739.770,-1172407.390,350.410
-443739.890,-1172407.080,350.410
-443740.010,-1172406.780,350.400
-443740.130,-1172406.470,350.400
-443740.260,-1172406.140,350.400
-443740.370,-1172405.870,350.400
-443740.480,-1172405.590,350.400
-443740.600,-1172405.280,350.400
-443740.730,-1172404.970,350.400
-443740.850,-1172404.660,350.395
-443740.960,-1172404.370,350.390
-443741.090,-1172404.050,350.390
-443741.210,-1172403.740,350.390
-443741.330,-1172403.430,350.390
-443741.440,-1172403.140,350.390
-443741.570,-1172402.810,350.400
-443741.680,-1172402.540,350.400
-443741.800,-1172402.230,350.400
-443741.920,-1172401.930,350.400
-443742.040,-1172401.630,350.410
-443742.150,-1172401.340,350.410
-443742.260,-1172401.060,350.420
-443742.390,-1172400.740,350.420
-443742.510,-1172400.440,350.430
-443742.620,-1172400.160,350.430
-443742.740,-1172399.850,350.430
-443742.860,-1172399.540,350.440
-443742.980,-1172399.240,350.440
-443743.100,-1172398.940,350.440
-443743.220,-1172398.640,350.440
-443743.340,-1172398.340,350.440
-443743.460,-1172398.030,350.450
-443743.580,-1172397.730,350.460
-443743.700,-1172397.400,350.460
-443743.430,-1172399.310,350.440
-443743.540,-1172399.010,350.440
-443743.660,-1172398.710,350.440
-443743.780,-1172398.410,350.440
-443743.900,-1172398.110,350.440
-443744.020,-1172397.800,350.450
-443744.140,-1172397.500,350.450
-443744.250,-1172397.200,350.450
-443740.090,-1172407.770,350.420
-443740.210,-1172407.480,350.410
-443740.330,-1172407.180,350.410
-443740.450,-1172406.850,350.410
-443740.570,-1172406.570,350.410
-443740.680,-1172406.280,350.410
-443740.800,-1172405.960,350.410
-443740.930,-1172405.650,350.410
-443741.050,-1172405.340,350.410
-443741.170,-1172405.030,350.410
-443741.290,-1172404.720,350.410
-443741.410,-1172404.430,350.410
-443741.520,-1172404.140,350.410
-443741.640,-1172403.840,350.410
-443741.760,-1172403.530,350.400
-443741.880,-1172403.220,350.400
-443742.000,-1172402.930,350.400
-443742.130,-1172402.610,350.410
-443742.250,-1172402.300,350.420
-443742.370,-1172401.990,350.420
-443742.480,-1172401.710,350.420
-443742.610,-1172401.380,350.420
-443742.720,-1172401.110,350.430
-443742.840,-1172400.790,350.440
-443742.950,-1172400.500,350.440
-443743.070,-1172400.200,350.440
-443743.190,-1172399.910,350.440
-443743.300,-1172399.610,350.440
-443740.320,-1172407.770,350.420
-443740.440,-1172407.470,350.420
-443740.570,-1172407.150,350.410
-443740.680,-1172406.860,350.410
-443740.800,-1172406.570,350.410
-443740.920,-1172406.260,350.410
-443741.040,-1172405.950,350.420
-443741.160,-1172405.660,350.420
-443741.270,-1172405.360,350.420
-443741.400,-1172405.040,350.420
-443741.510,-1172404.750,350.420
-443741.630,-1172404.450,350.420
-443741.750,-1172404.150,350.410
-443741.880,-1172403.810,350.410
-443742.000,-1172403.510,350.410
-443742.120,-1172403.210,350.410
-443742.240,-1172402.910,350.410
-443742.360,-1172402.600,350.420
-443742.470,-1172402.320,350.420
-443742.590,-1172402.010,350.425
-443742.710,-1172401.700,350.430
-443742.830,-1172401.390,350.430
-443742.950,-1172401.110,350.440
-443743.070,-1172400.790,350.440
-443743.200,-1172400.470,350.440
-443743.320,-1172400.170,350.440
-443743.430,-1172399.870,350.440
-443743.550,-1172399.590,350.440
-443743.670,-1172399.260,350.440
-443743.790,-1172398.980,350.440
-443743.900,-1172398.690,350.440
-443744.020,-1172398.390,350.440
-443744.130,-1172398.090,350.440
-443744.260,-1172397.780,350.440
-443744.370,-1172397.500,350.445
-443744.480,-1172397.200,350.450
-443740.620,-1172407.950,350.430
-443740.740,-1172407.670,350.420
-443740.860,-1172407.340,350.420
-443740.980,-1172407.050,350.420
-443741.090,-1172406.760,350.420
-443741.210,-1172406.470,350.430
-443741.320,-1172406.170,350.430
-443741.440,-1172405.870,350.430
-443741.560,-1172405.580,350.430
-443741.670,-1172405.280,350.430
-443741.800,-1172404.970,350.435
-443741.910,-1172404.680,350.430
-443742.030,-1172404.370,350.430
-443742.150,-1172404.060,350.420
-443742.270,-1172403.760,350.420
-443742.380,-1172403.480,350.420
-443742.510,-1172403.160,350.420
-443742.630,-1172402.840,350.420
-443742.750,-1172402.540,350.430
-443742.880,-1172402.230,350.430
-443743.000,-1172401.920,350.440
-443743.110,-1172401.630,350.440
-443743.230,-1172401.330,350.440
-443743.350,-1172401.030,350.440
-443743.470,-1172400.720,350.440
-443743.590,-1172400.420,350.440
-443743.710,-1172400.120,350.440
-443743.830,-1172399.810,350.440
-443743.950,-1172399.500,350.440
-443744.070,-1172399.190,350.430
-443744.190,-1172398.900,350.430
-443744.310,-1172398.580,350.440
-443744.420,-1172398.300,350.440
-443744.550,-1172397.970,350.440
-443744.660,-1172397.680,350.440
-443744.780,-1172397.390,350.440
-443744.900,-1172397.100,350.450
-443744.770,-1172398.170,350.440
-443744.900,-1172397.860,350.440
-443745.010,-1172397.570,350.440
-443745.130,-1172397.270,350.450
-443740.970,-1172407.840,350.430
-443741.090,-1172407.540,350.430
-443741.210,-1172407.220,350.430
-443741.330,-1172406.920,350.430
-443741.450,-1172406.620,350.430
-443741.560,-1172406.330,350.430
-443741.690,-1172406.020,350.430
-443741.810,-1172405.710,350.440
-443741.920,-1172405.430,350.440
-443742.030,-1172405.140,350.440
-443742.150,-1172404.840,350.440
-443742.270,-1172404.530,350.440
-443742.390,-1172404.240,350.430
-443742.500,-1172403.960,350.430
-443742.620,-1172403.640,350.430
-443742.740,-1172403.340,350.430
-443742.860,-1172403.040,350.430
-443742.980,-1172402.740,350.430
-443743.100,-1172402.430,350.440
-443743.210,-1172402.140,350.440
-443743.330,-1172401.840,350.440
-443743.450,-1172401.530,350.450
-443743.580,-1172401.200,350.450
-443743.700,-1172400.890,350.440
-443743.820,-1172400.590,350.440
-443743.940,-1172400.280,350.440
-443744.060,-1172399.990,350.430
-443744.170,-1172399.720,350.430
-443744.290,-1172399.400,350.430
-443744.420,-1172399.080,350.430
-443744.530,-1172398.790,350.430
-443744.650,-1172398.490,350.430
-443741.550,-1172407.660,350.430
-443741.680,-1172407.340,350.435
-443741.800,-1172407.040,350.430
-443741.910,-1172406.750,350.430
-443742.030,-1172406.430,350.440
-443742.160,-1172406.120,350.440
-443742.280,-1172405.810,350.450
-443742.400,-1172405.520,350.460
-443742.520,-1172405.200,350.460
-443742.630,-1172404.910,350.460
-443742.750,-1172404.610,350.460
-443742.870,-1172404.310,350.450
-443742.990,-1172404.010,350.450
-443743.100,-1172403.730,350.450
-443743.210,-1172403.440,350.440
-443743.340,-1172403.120,350.440
-443743.450,-1172402.830,350.450
-443743.570,-1172402.530,350.450
-443743.690,-1172402.230,350.450
-443743.810,-1172401.930,350.450
-443743.930,-1172401.620,350.450
-443744.050,-1172401.320,350.440
-443744.160,-1172401.020,350.440
-443744.280,-1172400.730,350.440
-443744.400,-1172400.420,350.430
-443744.530,-1172400.100,350.430
-443744.650,-1172399.800,350.420
-443744.770,-1172399.480,350.430
-443744.890,-1172399.180,350.430
-443745.000,-1172398.890,350.430
-443745.120,-1172398.580,350.430
-443745.240,-1172398.290,350.430
-443745.360,-1172397.980,350.440
-443745.480,-1172397.670,350.440
-443745.600,-1172397.380,350.450
-443745.720,-1172397.060,350.450
-443742.920,-1172404.940,350.460
-443743.040,-1172404.640,350.460
-443743.170,-1172404.320,350.460
-443743.280,-1172404.020,350.460
-443743.400,-1172403.730,350.450
-443743.510,-1172403.430,350.450
-443743.640,-1172403.110,350.450
-443743.750,-1172402.820,350.450
-443743.870,-1172402.530,350.450
-443743.980,-1172402.240,350.450
-443744.100,-1172401.940,350.450
-443744.220,-1172401.640,350.440
-443744.340,-1172401.350,350.440
-443744.450,-1172401.040,350.430
-443744.580,-1172400.740,350.430
-443744.690,-1172400.450,350.420
-443744.810,-1172400.140,350.420
-443744.940,-1172399.820,350.420
-443745.050,-1172399.540,350.420
-443745.160,-1172399.250,350.430
-443745.290,-1172398.930,350.430
-443745.410,-1172398.620,350.430
-443745.530,-1172398.300,350.430
-443745.650,-1172398.000,350.435
-443745.780,-1172397.680,350.440
-443745.900,-1172397.380,350.450
-443746.010,-1172397.100,350.445
-443741.850,-1172407.660,350.440
-443741.970,-1172407.350,350.440
-443742.090,-1172407.050,350.440
-443742.210,-1172406.750,350.440
-443742.320,-1172406.460,350.440
-443742.440,-1172406.170,350.450
-443742.560,-1172405.860,350.450
-443742.690,-1172405.540,350.460
-443742.800,-1172405.250,350.460
-443742.250,-1172407.760,350.445
-443742.370,-1172407.480,350.440
-443742.490,-1172407.160,350.450
-443742.620,-1172406.850,350.450
-443742.730,-1172406.550,350.450
-443742.860,-1172406.230,350.460
-443742.980,-1172405.910,350.460
-443743.100,-1172405.620,350.470
-443743.210,-1172405.320,350.470
-443743.330,-1172405.040,350.470
-443743.450,-1172404.720,350.460
-443743.570,-1172404.420,350.460
-443743.680,-1172404.130,350.460
-443743.810,-1172403.810,350.460
-443743.930,-1172403.500,350.450
-443744.050,-1172403.190,350.450
-443744.170,-1172402.900,350.450
-443744.290,-1172402.580,350.450
-443744.410,-1172402.290,350.450
-443744.530,-1172401.990,350.440
-443744.640,-1172401.690,350.430
-443744.760,-1172401.400,350.430
-443744.870,-1172401.110,350.420
-443744.990,-1172400.810,350.410
-443745.110,-1172400.510,350.410
-443745.230,-1172400.210,350.410
-443745.340,-1172399.920,350.410
-443745.460,-1172399.610,350.415
-443745.580,-1172399.320,350.420
-443745.700,-1172399.010,350.420
-443745.820,-1172398.690,350.430
-443745.940,-1172398.400,350.430
-443746.050,-1172398.110,350.430
-443746.170,-1172397.800,350.440
-443746.300,-1172397.480,350.440
-443746.420,-1172397.180,350.450
-443742.660,-1172407.540,350.450
-443742.780,-1172407.230,350.450
-443742.890,-1172406.950,350.450
-443743.020,-1172406.630,350.450
-443743.140,-1172406.320,350.460
-443743.250,-1172406.040,350.460
-443743.370,-1172405.730,350.460
-443743.500,-1172405.420,350.460
-443743.610,-1172405.110,350.460
-443743.730,-1172404.810,350.460
-443743.860,-1172404.500,350.460
-443743.980,-1172404.180,350.460
-443744.100,-1172403.890,350.450
-443744.210,-1172403.590,350.450
-443744.330,-1172403.300,350.450
-443744.450,-1172402.980,350.440
-443744.570,-1172402.680,350.440
-443744.690,-1172402.390,350.430
-443744.810,-1172402.070,350.430
-443744.930,-1172401.770,350.420
-443745.050,-1172401.460,350.420
-443745.170,-1172401.160,350.410
-443745.290,-1172400.840,350.410
-443745.400,-1172400.570,350.400
-443745.520,-1172400.260,350.405
-443745.640,-1172399.950,350.410
-443745.760,-1172399.660,350.410
-443745.870,-1172399.370,350.410
-443745.990,-1172399.080,350.420
-443746.120,-1172398.750,350.420
-443746.230,-1172398.470,350.430
-443746.340,-1172398.190,350.430
-443746.460,-1172397.880,350.440
-443746.580,-1172397.570,350.440
-443746.700,-1172397.260,350.450
-443746.820,-1172396.960,350.455
-443745.130,-1172402.400,350.420
-443745.250,-1172402.100,350.420
-443745.370,-1172401.790,350.410
-443745.490,-1172401.470,350.410
-443745.610,-1172401.180,350.400
-443745.730,-1172400.880,350.400
-443745.850,-1172400.560,350.400
-443745.970,-1172400.260,350.400
-443746.090,-1172399.960,350.400
-443746.210,-1172399.650,350.410
-443746.330,-1172399.360,350.410
-443746.450,-1172399.050,350.420
-443746.560,-1172398.770,350.420
-443746.680,-1172398.460,350.430
-443746.790,-1172398.170,350.430
-443746.910,-1172397.880,350.440
-443747.030,-1172397.570,350.440
-443747.150,-1172397.270,350.440
-443747.260,-1172396.980,350.460
-443743.110,-1172407.530,350.460
-443743.230,-1172407.240,350.455
-443743.350,-1172406.930,350.460
-443743.460,-1172406.640,350.460
-443743.580,-1172406.340,350.460
-443743.700,-1172406.030,350.460
-443743.820,-1172405.740,350.460
-443743.940,-1172405.430,350.460
-443744.060,-1172405.110,350.450
-443744.180,-1172404.820,350.450
-443744.290,-1172404.540,350.450
-443744.410,-1172404.220,350.440
-443744.540,-1172403.910,350.440
-443744.660,-1172403.590,350.440
-443744.780,-1172403.290,350.430
-443744.900,-1172402.970,350.430
-443745.020,-1172402.680,350.420
-443743.280,-1172407.630,350.460
-443743.400,-1172407.340,350.460
-443743.510,-1172407.050,350.460
-443743.630,-1172406.740,350.460
-443743.750,-1172406.430,350.460
-443743.870,-1172406.150,350.460
-443743.980,-1172405.870,350.460
-443744.100,-1172405.550,350.450
-443744.220,-1172405.240,350.450
-443744.330,-1172404.970,350.440
-443744.450,-1172404.660,350.440
-443744.570,-1172404.370,350.440
-443744.690,-1172404.040,350.440
-443744.810,-1172403.750,350.430
-443744.930,-1172403.450,350.430
-443745.040,-1172403.150,350.420
-443745.170,-1172402.840,350.420
-443745.280,-1172402.540,350.420
-443745.410,-1172402.230,350.410
-443745.540,-1172401.910,350.410
-443745.660,-1172401.600,350.400
-443745.770,-1172401.310,350.400
-443745.890,-1172401.020,350.400
-443746.010,-1172400.710,350.400
-443746.120,-1172400.420,350.400
-443746.240,-1172400.110,350.400
-443746.360,-1172399.800,350.400
-443746.490,-1172399.490,350.410
-443746.610,-1172399.180,350.420
-443746.730,-1172398.880,350.420
-443746.850,-1172398.560,350.425
-443746.960,-1172398.270,350.430
-443747.080,-1172397.980,350.430
-443747.210,-1172397.650,350.440
-443747.330,-1172397.350,350.440
-443747.430,-1172397.080,350.440
-443743.730,-1172407.540,350.460
-443743.860,-1172407.220,350.460
-443743.970,-1172406.930,350.460
-443744.100,-1172406.610,350.450
-443744.210,-1172406.330,350.450
-443744.340,-1172406.010,350.440
-443744.450,-1172405.730,350.440
-443744.560,-1172405.440,350.440
-443744.680,-1172405.140,350.430
-443744.800,-1172404.840,350.430
-443745.030,-1172404.240,350.430
-443745.150,-1172403.950,350.420
-443745.270,-1172403.640,350.420
-443745.380,-1172403.350,350.410
-443745.510,-1172403.040,350.410
-443745.630,-1172402.720,350.400
-443745.740,-1172402.440,350.400
-443745.860,-1172402.140,350.400
-443745.980,-1172401.830,350.400
-443746.100,-1172401.520,350.400
-443746.230,-1172401.200,350.400
-443746.350,-1172400.900,350.400
-443746.470,-1172400.580,350.400
-443746.580,-1172400.300,350.400
-443746.700,-1172400.000,350.400
-443746.820,-1172399.700,350.410
-443746.940,-1172399.400,350.415
-443747.060,-1172399.080,350.420
-443747.180,-1172398.790,350.420
-443747.290,-1172398.490,350.425
-443747.420,-1172398.170,350.430
-443747.550,-1172397.850,350.430
-443747.660,-1172397.560,350.430
-443747.780,-1172397.250,350.440
-443744.160,-1172407.470,350.460
-443744.280,-1172407.160,350.450
-443744.400,-1172406.880,350.450
-443744.520,-1172406.550,350.440
-443744.640,-1172406.250,350.440
-443744.760,-1172405.940,350.430
-443744.880,-1172405.650,350.430
-443745.000,-1172405.330,350.430
-443745.120,-1172405.040,350.430
-443745.240,-1172404.740,350.430
-443745.360,-1172404.430,350.420
-443745.470,-1172404.140,350.410
-443745.580,-1172403.870,350.410
-443745.700,-1172403.570,350.400
-443745.820,-1172403.250,350.400
-443745.940,-1172402.960,350.390
-443746.050,-1172402.680,350.390
-443746.170,-1172402.360,350.390
-443746.290,-1172402.050,350.390
-443746.410,-1172401.750,350.390
-443746.650,-1172401.150,350.390
-443746.760,-1172400.850,350.400
-443746.880,-1172400.550,350.400
-443747.000,-1172400.240,350.400
-443747.130,-1172399.920,350.400
-443747.250,-1172399.610,350.410
-443747.370,-1172399.310,350.420
-443747.490,-1172399.010,350.420
-443747.610,-1172398.710,350.430
-443747.720,-1172398.420,350.430
-443747.840,-1172398.130,350.430
-443747.970,-1172397.800,350.430
-443748.080,-1172397.510,350.440
-443748.200,-1172397.200,350.440
-443744.730,-1172407.580,350.440
-443744.840,-1172407.300,350.440
-443744.960,-1172407.000,350.440
-443745.070,-1172406.710,350.430
-443745.190,-1172406.400,350.430
-443745.320,-1172406.080,350.420
-443745.430,-1172405.790,350.420
-443745.550,-1172405.480,350.420
-443745.680,-1172405.160,350.420
-443745.800,-1172404.860,350.410
-443745.910,-1172404.560,350.410
-443746.030,-1172404.260,350.400
-443746.150,-1172403.960,350.390
-443746.270,-1172403.660,350.390
-443746.380,-1172403.370,350.390
-443746.500,-1172403.070,350.380
-443746.620,-1172402.780,350.380
-443746.730,-1172402.490,350.390
-443746.850,-1172402.170,350.390
-443746.970,-1172401.880,350.390
-443747.080,-1172401.590,350.390
-443747.210,-1172401.280,350.390
-443747.320,-1172400.990,350.400
-443747.450,-1172400.670,350.400
-443747.570,-1172400.360,350.400
-443747.680,-1172400.070,350.410
-443747.800,-1172399.780,350.410
-443747.920,-1172399.460,350.420
-443748.040,-1172399.160,350.430
-443748.160,-1172398.840,350.425
-443748.290,-1172398.530,350.430
-443748.410,-1172398.210,350.430
-443748.530,-1172397.920,350.430
-443748.640,-1172397.640,350.430
-443748.750,-1172397.340,350.440
-443748.880,-1172397.030,350.440
-443745.160,-1172407.420,350.440
-443745.270,-1172407.120,350.430
-443745.400,-1172406.800,350.420
-443745.520,-1172406.480,350.420
-443745.640,-1172406.180,350.420
-443745.760,-1172405.880,350.420
-443745.880,-1172405.570,350.420
-443746.000,-1172405.280,350.410
-443746.110,-1172405.000,350.410
-443746.230,-1172404.690,350.400
-443746.350,-1172404.370,350.390
-443746.470,-1172404.070,350.390
-443746.590,-1172403.770,350.380
-443746.710,-1172403.460,350.380
-443746.830,-1172403.150,350.380
-443746.950,-1172402.850,350.380
-443747.070,-1172402.540,350.380
-443747.190,-1172402.250,350.390
-443747.310,-1172401.930,350.390
-443747.420,-1172401.650,350.390
-443747.540,-1172401.360,350.390
-443747.650,-1172401.070,350.390
-443747.770,-1172400.760,350.390
-443747.890,-1172400.470,350.400
-443748.000,-1172400.180,350.400
-443748.120,-1172399.870,350.410
-443748.240,-1172399.570,350.410
-443748.350,-1172399.280,350.420
-443748.480,-1172398.960,350.420
-443748.610,-1172398.640,350.420
-443748.720,-1172398.350,350.420
-443748.830,-1172398.060,350.420
-443748.950,-1172397.760,350.430
-443749.080,-1172397.430,350.430
-443749.200,-1172397.130,350.440
-443749.530,-1172397.540,350.430
-443749.650,-1172397.240,350.440
-443749.760,-1172396.950,350.445
-443745.610,-1172407.520,350.430
-443745.730,-1172407.210,350.420
-443745.850,-1172406.900,350.420
-443745.970,-1172406.610,350.420
-443746.090,-1172406.310,350.420
-443746.210,-1172406.000,350.410
-443746.330,-1172405.690,350.410
-443746.450,-1172405.380,350.400
-443746.570,-1172405.070,350.390
-443746.690,-1172404.760,350.390
-443746.810,-1172404.470,350.390
-443746.920,-1172404.180,350.380
-443747.040,-1172403.890,350.380
-443747.160,-1172403.570,350.375
-443747.280,-1172403.260,350.380
-443747.400,-1172402.970,350.380
-443747.520,-1172402.660,350.390
-443747.640,-1172402.350,350.390
-443747.760,-1172402.040,350.390
-443747.880,-1172401.740,350.390
-443748.000,-1172401.440,350.390
-443748.120,-1172401.140,350.390
-443748.240,-1172400.820,350.390
-443748.360,-1172400.540,350.400
-443748.470,-1172400.240,350.400
-443748.590,-1172399.950,350.405
-443748.700,-1172399.660,350.410
-443748.830,-1172399.320,350.410
-443748.940,-1172399.050,350.420
-443749.050,-1172398.760,350.420
-443749.180,-1172398.450,350.420
-443749.290,-1172398.160,350.420
-443749.410,-1172397.840,350.430
-443746.090,-1172407.340,350.420
-443746.210,-1172407.050,350.420
-443746.320,-1172406.760,350.415
-443746.440,-1172406.440,350.410
-443746.560,-1172406.160,350.410
-443746.680,-1172405.850,350.400
-443746.800,-1172405.530,350.390
-443746.920,-1172405.240,350.390
-443747.030,-1172404.950,350.380
-443747.150,-1172404.650,350.380
-443747.280,-1172404.320,350.380
-443747.400,-1172404.010,350.380
-443747.520,-1172403.710,350.380
-443747.650,-1172403.390,350.380
-443747.760,-1172403.090,350.380
-443747.870,-1172402.810,350.380
-443747.980,-1172402.520,350.380
-443748.110,-1172402.210,350.380
-443748.240,-1172401.890,350.380
-443748.350,-1172401.600,350.390
-443748.470,-1172401.290,350.380
-443748.590,-1172400.970,350.390
-443748.720,-1172400.660,350.390
-443748.830,-1172400.380,350.390
-443748.950,-1172400.070,350.400
-443749.070,-1172399.760,350.400
-443749.190,-1172399.460,350.410
-443749.300,-1172399.180,350.410
-443749.420,-1172398.860,350.410
-443749.540,-1172398.570,350.420
-443749.650,-1172398.290,350.420
-443749.770,-1172397.990,350.420
-443749.890,-1172397.690,350.420
-443750.010,-1172397.380,350.430
-443750.130,-1172397.070,350.440
-443746.660,-1172407.280,350.420
-443746.770,-1172406.990,350.410
-443746.890,-1172406.700,350.410
-443747.000,-1172406.400,350.410
-443747.120,-1172406.100,350.400
-443747.240,-1172405.790,350.390
-443747.350,-1172405.510,350.390
-443747.470,-1172405.210,350.380
-443747.710,-1172404.600,350.380
-443747.830,-1172404.290,350.375
-443747.950,-1172403.980,350.380
-443748.070,-1172403.700,350.380
-443748.190,-1172403.380,350.380
-443748.310,-1172403.080,350.380
-443748.430,-1172402.770,350.380
-443748.550,-1172402.470,350.380
-443748.670,-1172402.150,350.380
-443748.790,-1172401.860,350.380
-443748.900,-1172401.570,350.380
-443749.020,-1172401.270,350.380
-443749.140,-1172400.960,350.380
-443749.260,-1172400.650,350.390
-443749.380,-1172400.350,350.390
-443749.500,-1172400.040,350.390
-443749.620,-1172399.730,350.400
-443749.750,-1172399.410,350.405
-443749.860,-1172399.120,350.405
-443749.990,-1172398.800,350.410
-443750.100,-1172398.520,350.410
-443750.220,-1172398.200,350.420
-443750.330,-1172397.920,350.420
-443750.450,-1172397.630,350.430
-443750.570,-1172397.330,350.430
-443750.690,-1172397.030,350.430
-443750.090,-1172399.410,350.400
-443750.200,-1172399.130,350.400
-443750.330,-1172398.810,350.410
-443750.450,-1172398.490,350.410
-443750.570,-1172398.190,350.420
-443750.690,-1172397.900,350.420
-443750.810,-1172397.580,350.430
-443750.930,-1172397.280,350.430
-443751.050,-1172396.990,350.430
-443747.010,-1172407.260,350.420
-443747.120,-1172406.960,350.410
-443747.240,-1172406.660,350.410
-443747.370,-1172406.340,350.410
-443747.480,-1172406.050,350.400
-443747.590,-1172405.770,350.390
-443747.710,-1172405.470,350.390
-443747.830,-1172405.160,350.380
-443747.950,-1172404.870,350.380
-443748.060,-1172404.580,350.380
-443748.180,-1172404.280,350.380
-443748.300,-1172403.960,350.380
-443748.410,-1172403.690,350.380
-443748.530,-1172403.370,350.380
-443748.670,-1172403.040,350.380
-443748.780,-1172402.760,350.380
-443748.890,-1172402.480,350.380
-443749.010,-1172402.170,350.380
-443749.140,-1172401.850,350.380
-443749.260,-1172401.540,350.380
-443749.380,-1172401.230,350.380
-443749.500,-1172400.910,350.380
-443749.620,-1172400.610,350.390
-443749.730,-1172400.330,350.390
-443749.840,-1172400.040,350.390
-443749.970,-1172399.720,350.390
-443747.520,-1172407.220,350.420
-443747.760,-1172406.600,350.410
-443747.890,-1172406.280,350.410
-443748.000,-1172405.990,350.400
-443748.240,-1172405.390,350.390
-443748.360,-1172405.080,350.390
-443748.590,-1172404.490,350.380
-443748.810,-1172403.920,350.380
-443748.940,-1172403.600,350.380
-443749.170,-1172403.020,350.380
-443749.290,-1172402.700,350.370
-443749.410,-1172402.410,350.370
-443749.530,-1172402.100,350.380
-443749.650,-1172401.790,350.380
-443749.760,-1172401.500,350.380
-443749.880,-1172401.200,350.380
-443750.000,-1172400.890,350.380
-443750.130,-1172400.580,350.380
-443750.250,-1172400.270,350.390
-443750.370,-1172399.950,350.390
-443750.500,-1172399.640,350.390
-443750.610,-1172399.350,350.400
-443750.720,-1172399.060,350.400
-443750.840,-1172398.760,350.410
-443750.960,-1172398.450,350.420
-443751.080,-1172398.140,350.420
-443751.200,-1172397.850,350.420
-443751.320,-1172397.540,350.430
-443751.450,-1172397.220,350.440
-443751.560,-1172396.920,350.445
-443747.890,-1172407.370,350.420
-443748.000,-1172407.080,350.420
-443748.110,-1172406.790,350.410
-443748.240,-1172406.460,350.410
-443748.360,-1172406.150,350.400
-443748.470,-1172405.880,350.400
-443748.590,-1172405.570,350.400
-443748.720,-1172405.250,350.390
-443748.840,-1172404.930,350.390
-443748.950,-1172404.650,350.390
-443749.080,-1172404.330,350.390
-443749.200,-1172404.030,350.380
-443749.310,-1172403.730,350.380
-443749.660,-1172402.840,350.370
-443749.770,-1172402.570,350.370
-443749.900,-1172402.250,350.370
-443750.020,-1172401.940,350.370
-443750.130,-1172401.660,350.380
-443750.250,-1172401.360,350.380
-443750.360,-1172401.060,350.380
-443750.610,-1172400.440,350.380
-443750.720,-1172400.150,350.390
-443750.840,-1172399.840,350.390
-443750.960,-1172399.540,350.395
-443751.090,-1172399.220,350.400
-443751.200,-1172398.920,350.410
-443751.330,-1172398.600,350.410
-443751.450,-1172398.290,350.420
-443751.560,-1172398.010,350.420
-443751.680,-1172397.710,350.430
-443751.800,-1172397.410,350.440
-443751.920,-1172397.100,350.450
-443752.030,-1172396.810,350.450
-443752.080,-1172398.070,350.430
-443752.200,-1172397.770,350.430
-443752.320,-1172397.460,350.440
-443752.450,-1172397.140,350.450
-443752.570,-1172396.820,350.450
-443748.530,-1172407.130,350.420
-443748.650,-1172406.810,350.410
-443748.770,-1172406.510,350.410
-443748.890,-1172406.200,350.400
-443749.010,-1172405.910,350.400
-443749.120,-1172405.620,350.390
-443749.230,-1172405.330,350.390
-443749.360,-1172405.010,350.390
-443749.480,-1172404.690,350.390
-443749.600,-1172404.400,350.380
-443749.710,-1172404.110,350.380
-443749.840,-1172403.790,350.380
-443749.960,-1172403.480,350.380
-443750.070,-1172403.190,350.380
-443750.310,-1172402.580,350.380
-443750.890,-1172401.100,350.385
-443751.130,-1172400.490,350.390
-443751.250,-1172400.200,350.390
-443751.370,-1172399.890,350.390
-443751.480,-1172399.600,350.390
-443751.610,-1172399.280,350.400
-443751.730,-1172398.970,350.410
-443751.840,-1172398.680,350.420
-443751.960,-1172398.390,350.420
-443748.840,-1172407.220,350.420
-443748.960,-1172406.910,350.410
-443749.070,-1172406.630,350.410
-443749.190,-1172406.320,350.400
-443749.310,-1172406.020,350.400
-443749.430,-1172405.720,350.390
-443749.550,-1172405.400,350.390
-443749.680,-1172405.080,350.380
-443749.800,-1172404.780,350.390
-443749.910,-1172404.490,350.390
-443750.030,-1172404.180,350.380
-443750.150,-1172403.890,350.380
-443750.260,-1172403.600,350.380
-443750.380,-1172403.280,350.380
-443750.500,-1172402.980,350.380
-443750.630,-1172402.670,350.380
-443750.740,-1172402.370,350.380
-443750.990,-1172401.750,350.390
-443751.100,-1172401.450,350.390
-443751.220,-1172401.160,350.390
-443751.460,-1172400.530,350.380
-443751.570,-1172400.260,350.390
-443751.680,-1172399.970,350.390
-443751.810,-1172399.660,350.400
-443751.930,-1172399.360,350.400
-443752.040,-1172399.070,350.410
-443752.150,-1172398.790,350.420
-443752.280,-1172398.450,350.420
-443752.400,-1172398.160,350.430
-443752.510,-1172397.870,350.440
-443752.640,-1172397.540,350.440
-443752.760,-1172397.250,350.450
-443752.870,-1172396.970,350.450
-443750.230,-1172404.780,350.390
-443750.350,-1172404.470,350.390
-443750.470,-1172404.160,350.390
-443750.610,-1172403.820,350.390
-443750.710,-1172403.550,350.390
-443750.830,-1172403.260,350.390
-443750.940,-1172402.970,350.390
-443751.060,-1172402.660,350.390
-443751.190,-1172402.350,350.390
-443751.300,-1172402.060,350.390
-443751.420,-1172401.740,350.390
-443751.550,-1172401.430,350.390
-443751.670,-1172401.120,350.390
-443751.790,-1172400.820,350.390
-443751.910,-1172400.510,350.390
-443752.020,-1172400.220,350.390
-443752.140,-1172399.910,350.400
-443752.260,-1172399.610,350.400
-443752.370,-1172399.320,350.410
-443752.490,-1172399.040,350.410
-443752.610,-1172398.730,350.420
-443752.730,-1172398.420,350.430
-443752.840,-1172398.140,350.440
-443752.950,-1172397.850,350.440
-443753.080,-1172397.530,350.450
-443753.190,-1172397.240,350.450
-443753.310,-1172396.930,350.440
-443753.440,-1172396.610,350.415
-443753.400,-1172396.760,350.430
-443753.390,-1172396.780,350.435
-443749.280,-1172407.210,350.410
-443749.510,-1172406.620,350.400
-443749.630,-1172406.300,350.400
-443749.750,-1172406.000,350.390
-443750.110,-1172405.090,350.390
-443749.690,-1172407.120,350.410
-443749.800,-1172406.840,350.410
-443749.920,-1172406.520,350.400
-443750.040,-1172406.220,350.400
-443750.150,-1172405.940,350.390
-443750.270,-1172405.630,350.390
-443750.390,-1172405.320,350.390
-443750.510,-1172405.020,350.390
-443750.630,-1172404.720,350.390
-443750.750,-1172404.420,350.390
-443750.870,-1172404.120,350.395
-443750.990,-1172403.810,350.395
-443751.110,-1172403.500,350.390
-443751.240,-1172403.180,350.395
-443751.350,-1172402.880,350.400
-443751.470,-1172402.580,350.400
-443751.580,-1172402.290,350.400
-443751.700,-1172401.990,350.400
-443751.820,-1172401.680,350.390
-443751.940,-1172401.390,350.390
-443752.060,-1172401.080,350.390
-443752.180,-1172400.770,350.390
-443752.300,-1172400.470,350.390
-443752.420,-1172400.170,350.400
-443752.540,-1172399.850,350.405
-443752.660,-1172399.550,350.410
-443752.780,-1172399.250,350.420
-443752.890,-1172398.960,350.420
-443753.020,-1172398.630,350.430
-443753.130,-1172398.340,350.440
-443753.240,-1172398.060,350.450
-443753.360,-1172397.780,350.450
-443753.480,-1172397.450,350.440
-443753.600,-1172397.150,350.430
-443753.710,-1172396.870,350.405
-443753.670,-1172397.010,350.420
-443753.670,-1172397.020,350.420
-443753.920,-1172396.390,349.790
-443751.330,-1172403.970,350.410
-443751.450,-1172403.660,350.410
-443751.570,-1172403.350,350.410
-443751.690,-1172403.050,350.410
-443751.800,-1172402.760,350.410
-443751.920,-1172402.450,350.410
-443752.040,-1172402.150,350.410
-443752.170,-1172401.830,350.400
-443752.290,-1172401.510,350.400
-443752.410,-1172401.200,350.400
-443752.530,-1172400.910,350.410
-443752.640,-1172400.630,350.400
-443752.760,-1172400.330,350.410
-443752.880,-1172400.010,350.410
-443753.000,-1172399.700,350.420
-443753.120,-1172399.410,350.430
-443753.240,-1172399.100,350.430
-443753.360,-1172398.790,350.440
-443753.480,-1172398.490,350.440
-443753.600,-1172398.190,350.445
-443753.720,-1172397.870,350.445
-443753.830,-1172397.590,350.430
-443754.070,-1172396.970,349.800
-443754.060,-1172397.000,349.825
-443754.190,-1172396.680,349.780
-443754.180,-1172396.710,349.780
-443754.150,-1172396.820,349.780
-443754.260,-1172396.550,349.780
-443750.150,-1172406.960,350.410
-443750.280,-1172406.640,350.400
-443750.390,-1172406.360,350.400
-443750.510,-1172406.060,350.400
-443750.620,-1172405.760,350.400
-443750.740,-1172405.470,350.400
-443750.850,-1172405.170,350.400
-443750.970,-1172404.870,350.400
-443751.090,-1172404.570,350.400
-443751.210,-1172404.270,350.400
-443750.370,-1172407.080,350.410
-443750.490,-1172406.770,350.410
-443750.620,-1172406.440,350.400
-443750.740,-1172406.130,350.400
-443750.850,-1172405.840,350.400
-443750.970,-1172405.540,350.400
-443751.090,-1172405.240,350.400
-443751.210,-1172404.920,350.410
-443751.320,-1172404.640,350.410
-443751.440,-1172404.350,350.410
-443751.560,-1172404.050,350.410
-443751.670,-1172403.750,350.410
-443751.780,-1172403.460,350.410
-443751.900,-1172403.160,350.420
-443752.020,-1172402.860,350.420
-443752.140,-1172402.550,350.410
-443752.250,-1172402.270,350.410
-443752.380,-1172401.940,350.410
-443752.510,-1172401.630,350.410
-443752.610,-1172401.350,350.410
-443752.730,-1172401.070,350.410
-443752.860,-1172400.740,350.410
-443752.980,-1172400.420,350.410
-443753.090,-1172400.130,350.420
-443753.220,-1172399.800,350.430
-443753.350,-1172399.480,350.430
-443753.460,-1172399.200,350.440
-443753.570,-1172398.920,350.440
-443753.690,-1172398.610,350.440
-443753.810,-1172398.300,350.440
-443753.930,-1172397.990,350.440
-443754.040,-1172397.710,350.430
-443754.030,-1172397.750,350.430
-443754.170,-1172397.380,349.790
-443754.160,-1172397.420,349.830
-443754.300,-1172397.070,349.760
-443754.290,-1172397.100,349.770
-443754.410,-1172396.790,349.760
-443750.820,-1172406.900,350.410
-443750.940,-1172406.580,350.410
-443751.060,-1172406.280,350.400
-443751.180,-1172405.980,350.400
-443751.300,-1172405.670,350.400
-443751.420,-1172405.360,350.410
-443751.540,-1172405.050,350.410
-443751.660,-1172404.760,350.410
-443751.780,-1172404.450,350.420
-443751.900,-1172404.150,350.420
-443752.020,-1172403.840,350.420
-443752.130,-1172403.550,350.420
-443752.250,-1172403.250,350.420
-443752.370,-1172402.960,350.420
-443752.480,-1172402.670,350.420
-443752.600,-1172402.350,350.420
-443752.710,-1172402.070,350.420
-443752.830,-1172401.770,350.420
-443752.950,-1172401.460,350.420
-443753.070,-1172401.160,350.420
-443753.190,-1172400.860,350.430
-443753.310,-1172400.550,350.430
-443753.420,-1172400.260,350.430
-443753.540,-1172399.960,350.435
-443753.670,-1172399.650,350.440
-443753.790,-1172399.330,350.430
-443753.910,-1172399.030,350.440
-443754.150,-1172398.400,350.430
-443754.140,-1172398.440,350.430
-443754.270,-1172398.110,350.410
-443754.260,-1172398.140,350.430
-443754.380,-1172397.830,349.770
-443754.370,-1172397.860,349.775
-443754.490,-1172397.550,349.750
-443754.610,-1172397.240,349.750
-443754.730,-1172396.940,349.750
-443755.270,-1172396.600,349.750
-443751.250,-1172406.830,350.420
-443751.380,-1172406.510,350.420
-443751.500,-1172406.210,350.410
-443751.610,-1172405.920,350.420
-443751.720,-1172405.640,350.420
-443751.840,-1172405.330,350.420
-443751.970,-1172405.010,350.420
-443752.080,-1172404.710,350.420
-443752.200,-1172404.420,350.430
-443752.330,-1172404.090,350.430
-443752.450,-1172403.780,350.430
-443752.560,-1172403.490,350.430
-443752.680,-1172403.180,350.430
-443752.800,-1172402.890,350.430
-443752.920,-1172402.570,350.430
-443753.040,-1172402.280,350.430
-443753.150,-1172401.990,350.430
-443753.270,-1172401.690,350.430
-443753.380,-1172401.400,350.430
-443753.500,-1172401.100,350.440
-443753.610,-1172400.810,350.440
-443753.730,-1172400.500,350.435
-443753.850,-1172400.200,350.430
-443753.960,-1172399.920,350.430
-443754.100,-1172399.580,350.420
-443754.080,-1172399.620,350.420
-443754.210,-1172399.280,350.410
-443754.200,-1172399.320,350.410
-443754.320,-1172399.000,350.390
-443754.310,-1172399.040,350.390
-443754.440,-1172398.710,349.740
-443754.430,-1172398.750,349.750
-443754.560,-1172398.410,349.730
-443754.680,-1172398.110,349.730
-443754.790,-1172397.810,349.730
-443754.920,-1172397.490,349.735
-443755.050,-1172397.160,349.740
-443755.160,-1172396.890,349.740
-443751.700,-1172407.060,350.430
-443751.810,-1172406.760,350.430
-443751.940,-1172406.440,350.430
-443752.050,-1172406.140,350.430
-443752.170,-1172405.830,350.430
-443752.300,-1172405.520,350.430
-443752.420,-1172405.210,350.430
-443752.540,-1172404.910,350.430
-443752.650,-1172404.620,350.440
-443752.770,-1172404.320,350.440
-443752.890,-1172404.010,350.440
-443753.010,-1172403.710,350.440
-443753.120,-1172403.410,350.440
-443753.240,-1172403.110,350.440
-443753.360,-1172402.800,350.440
-443753.490,-1172402.480,350.450
-443753.610,-1172402.190,350.450
-443753.730,-1172401.870,350.450
-443753.840,-1172401.590,350.440
-443753.970,-1172401.270,350.440
-443754.080,-1172400.980,350.430
-443754.190,-1172400.690,350.420
-443754.180,-1172400.730,350.420
-443754.300,-1172400.410,350.400
-443754.290,-1172400.450,350.400
-443754.430,-1172400.100,349.685
-443754.410,-1172400.140,349.715
-443754.540,-1172399.800,349.660
-443754.530,-1172399.830,349.660
-443754.650,-1172399.540,349.670
-443754.760,-1172399.260,349.680
-443754.890,-1172398.930,349.680
-443755.000,-1172398.650,349.685
-443755.120,-1172398.340,349.700
-443755.240,-1172398.020,349.710
-443755.360,-1172397.720,349.720
-443755.470,-1172397.440,349.730
-443755.600,-1172397.120,349.730
-443755.720,-1172396.810,349.740
-443755.710,-1172396.830,349.740
-443754.390,-1172401.160,350.380
-443754.380,-1172401.200,350.395
-443754.500,-1172400.880,349.640
-443754.490,-1172400.930,349.640
-443754.620,-1172400.600,349.630
-443754.730,-1172400.300,349.640
-443754.850,-1172400.010,349.640
-443754.960,-1172399.720,349.650
-443755.090,-1172399.390,349.660
-443755.200,-1172399.110,349.660
-443755.310,-1172398.840,349.670
-443755.430,-1172398.530,349.680
-443755.550,-1172398.220,349.690
-443755.670,-1172397.930,349.710
-443755.780,-1172397.630,349.720
-443755.900,-1172397.330,349.730
-443756.030,-1172397.010,349.740
-443756.140,-1172396.710,349.740
-443752.130,-1172406.940,350.430
-443752.230,-1172406.660,350.430
-443752.360,-1172406.340,350.430
-443752.480,-1172406.030,350.430
-443752.600,-1172405.730,350.440
-443752.710,-1172405.450,350.440
-443752.830,-1172405.140,350.440
-443752.960,-1172404.820,350.440
-443753.070,-1172404.520,350.450
-443753.200,-1172404.200,350.450
-443753.320,-1172403.890,350.450
-443753.440,-1172403.580,350.450
-443753.550,-1172403.310,350.450
-443753.660,-1172403.020,350.450
-443753.790,-1172402.700,350.450
-443753.910,-1172402.380,350.450
-443754.020,-1172402.110,350.440
-443754.150,-1172401.780,350.430
-443754.140,-1172401.830,350.440
-443754.270,-1172401.470,350.410
-443754.260,-1172401.510,350.420
-443752.570,-1172406.780,350.440
-443752.680,-1172406.490,350.440
-443752.790,-1172406.200,350.440
-443752.910,-1172405.890,350.440
-443753.030,-1172405.590,350.440
-443753.150,-1172405.280,350.450
-443753.270,-1172404.970,350.450
-443753.390,-1172404.670,350.460
-443753.500,-1172404.380,350.460
-443753.620,-1172404.080,350.460
-443753.750,-1172403.760,350.460
-443753.870,-1172403.450,350.460
-443754.000,-1172403.130,350.450
-443754.110,-1172402.830,350.450
-443754.230,-1172402.530,350.440
-443754.220,-1172402.570,350.450
-443754.350,-1172402.240,350.420
-443754.330,-1172402.290,350.430
-443754.460,-1172401.950,350.390
-443754.450,-1172402.000,350.400
-443754.580,-1172401.640,349.620
-443754.570,-1172401.680,349.620
-443754.690,-1172401.370,349.610
-443754.810,-1172401.080,349.610
-443754.930,-1172400.760,349.610
-443755.050,-1172400.450,349.620
-443755.170,-1172400.140,349.630
-443755.290,-1172399.840,349.630
-443755.410,-1172399.530,349.640
-443755.530,-1172399.240,349.660
-443755.650,-1172398.930,349.660
-443755.760,-1172398.640,349.675
-443755.880,-1172398.340,349.690
-443756.000,-1172398.040,349.700
-443756.110,-1172397.760,349.710
-443756.350,-1172397.140,349.730
-443756.460,-1172396.860,349.740
-443756.580,-1172396.550,349.745
-443753.290,-1172405.870,350.450
-443753.400,-1172405.590,350.460
-443753.510,-1172405.310,350.460
-443753.640,-1172404.970,350.470
-443753.760,-1172404.690,350.470
-443753.870,-1172404.410,350.470
-443753.990,-1172404.100,350.465
-443754.110,-1172403.790,350.460
-443754.230,-1172403.480,350.450
-443754.220,-1172403.520,350.450
-443754.350,-1172403.180,350.440
-443754.330,-1172403.230,350.440
-443754.470,-1172402.880,350.390
-443754.450,-1172402.920,350.410
-443754.580,-1172402.580,349.590
-443754.570,-1172402.620,349.595
-443754.690,-1172402.320,349.590
-443754.810,-1172402.020,349.590
-443754.930,-1172401.700,349.590
-443755.060,-1172401.370,349.595
-443755.180,-1172401.080,349.600
-443755.290,-1172400.790,349.610
-443755.410,-1172400.480,349.610
-443755.520,-1172400.190,349.620
-443755.640,-1172399.900,349.630
-443755.760,-1172399.580,349.640
-443755.880,-1172399.270,349.650
-443756.000,-1172398.970,349.660
-443756.120,-1172398.660,349.670
-443756.250,-1172398.340,349.690
-443756.370,-1172398.040,349.700
-443756.490,-1172397.740,349.710
-443756.600,-1172397.450,349.720
-443756.730,-1172397.130,349.730
-443756.840,-1172396.830,349.740
-443752.940,-1172406.780,350.450
-443753.050,-1172406.480,350.450
-443753.170,-1172406.180,350.450
-443753.420,-1172406.660,350.460
-443753.540,-1172406.350,350.460
-443753.660,-1172406.060,350.460
-443753.780,-1172405.740,350.475
-443753.900,-1172405.440,350.480
-443754.020,-1172405.130,350.480
-443754.130,-1172404.850,350.480
-443754.250,-1172404.550,350.480
-443754.230,-1172404.600,350.480
-443754.360,-1172404.250,350.460
-443754.350,-1172404.300,350.460
-443754.480,-1172403.970,350.430
-443754.460,-1172404.010,350.440
-443754.600,-1172403.650,349.560
-443754.590,-1172403.700,349.560
-443754.720,-1172403.360,349.550
-443754.700,-1172403.400,349.550
-443754.820,-1172403.110,349.550
-443754.940,-1172402.810,349.550
-443755.050,-1172402.520,349.560
-443755.170,-1172402.200,349.570
-443755.290,-1172401.900,349.570
-443755.410,-1172401.600,349.580
-443755.530,-1172401.300,349.590
-443755.650,-1172401.000,349.590
-443755.770,-1172400.670,349.600
-443755.890,-1172400.370,349.610
-443756.020,-1172400.050,349.630
-443756.140,-1172399.740,349.630
-443756.250,-1172399.460,349.640
-443756.360,-1172399.170,349.660
-443756.480,-1172398.870,349.670
-443756.600,-1172398.550,349.680
-443756.720,-1172398.250,349.690
-443756.840,-1172397.950,349.710
-443756.970,-1172397.640,349.720
-443757.090,-1172397.330,349.730
-443757.210,-1172397.020,349.740
-443753.750,-1172406.620,350.465
-443753.870,-1172406.310,350.465
-443753.990,-1172406.020,350.470
-443754.120,-1172405.690,350.480
-443754.240,-1172405.390,350.480
-443754.350,-1172405.090,350.480
-443754.470,-1172404.780,350.470
-443754.460,-1172404.830,350.480
-443754.600,-1172404.470,350.430
-443754.580,-1172404.520,350.450
-443754.690,-1172404.240,349.520
-443754.810,-1172403.920,349.530
-443754.930,-1172403.620,349.530
-443755.050,-1172403.330,349.540
-443755.160,-1172403.050,349.540
-443755.270,-1172402.750,349.550
-443755.400,-1172402.430,349.550
-443755.510,-1172402.140,349.560
-443755.620,-1172401.860,349.570
-443755.750,-1172401.540,349.580
-443755.870,-1172401.240,349.590
-443755.980,-1172400.940,349.600
-443756.100,-1172400.630,349.610
-443756.220,-1172400.330,349.610
-443756.340,-1172400.030,349.630
-443756.460,-1172399.730,349.630
-443756.580,-1172399.430,349.640
-443756.710,-1172399.090,349.660
-443756.830,-1172398.790,349.670
-443756.950,-1172398.490,349.680
-443757.070,-1172398.180,349.700
-443757.180,-1172397.890,349.710
-443757.300,-1172397.600,349.720
-443757.410,-1172397.300,349.730
-443757.540,-1172396.970,349.740
-443757.660,-1172396.680,349.750
-443757.410,-1172398.360,349.690
-443757.530,-1172398.050,349.700
-443757.660,-1172397.730,349.720
-443757.770,-1172397.420,349.730
-443757.900,-1172397.110,349.730
-443758.010,-1172396.810,349.740
-443758.120,-1172396.530,349.750
-443758.120,-1172396.550,349.750
-443754.110,-1172406.760,350.470
-443754.230,-1172406.450,350.480
-443754.340,-1172406.160,350.480
-443754.460,-1172405.860,350.490
-443754.580,-1172405.560,350.480
-443754.700,-1172405.260,350.480
-443754.800,-1172405.000,349.570
-443754.920,-1172404.700,349.500
-443755.040,-1172404.390,349.500
-443755.170,-1172404.070,349.500
-443755.290,-1172403.770,349.510
-443755.400,-1172403.470,349.515
-443755.520,-1172403.160,349.530
-443755.640,-1172402.870,349.540
-443755.760,-1172402.560,349.540
-443755.880,-1172402.260,349.550
-443755.990,-1172401.970,349.570
-443756.220,-1172401.390,349.580
-443756.340,-1172401.070,349.590
-443756.460,-1172400.780,349.600
-443756.570,-1172400.490,349.610
-443756.690,-1172400.180,349.620
-443756.810,-1172399.890,349.630
-443756.930,-1172399.580,349.640
-443757.060,-1172399.250,349.650
-443757.170,-1172398.960,349.660
-443757.280,-1172398.680,349.670
-443754.620,-1172406.620,350.480
-443755.320,-1172404.840,349.480
-443755.440,-1172404.530,349.490
-443755.560,-1172404.230,349.490
-443755.670,-1172403.940,349.500
-443755.800,-1172403.610,349.510
-443755.920,-1172403.320,349.520
-443756.040,-1172403.020,349.530
-443756.160,-1172402.710,349.540
-443756.280,-1172402.390,349.550
-443756.400,-1172402.100,349.560
-443756.520,-1172401.790,349.570
-443756.640,-1172401.490,349.580
-443756.760,-1172401.170,349.590
-443756.870,-1172400.890,349.590
-443756.980,-1172400.610,349.600
-443757.100,-1172400.310,349.610
-443757.220,-1172400.010,349.620
-443757.340,-1172399.700,349.630
-443757.450,-1172399.400,349.640
-443757.570,-1172399.110,349.660
-443757.690,-1172398.800,349.670
-443757.800,-1172398.510,349.680
-443757.930,-1172398.200,349.695
-443758.050,-1172397.880,349.710
-443758.160,-1172397.590,349.720
-443758.270,-1172397.310,349.730
-443758.410,-1172396.970,349.740
-443758.530,-1172396.660,349.750
-443755.830,-1172404.980,349.470
-443755.950,-1172404.670,349.480
-443756.070,-1172404.350,349.490
-443756.200,-1172404.030,349.500
-443756.310,-1172403.740,349.510
-443756.420,-1172403.460,349.520
-443756.540,-1172403.160,349.530
-443756.660,-1172402.850,349.540
-443756.780,-1172402.530,349.545
-443756.900,-1172402.250,349.550
-443757.020,-1172401.930,349.560
-443757.140,-1172401.620,349.570
-443757.260,-1172401.310,349.580
-443757.380,-1172401.010,349.590
-443757.500,-1172400.710,349.590
-443757.610,-1172400.420,349.600
-443757.740,-1172400.100,349.620
-443757.850,-1172399.810,349.630
-443757.970,-1172399.510,349.630
-443758.080,-1172399.220,349.640
-443758.200,-1172398.930,349.660
-443758.320,-1172398.610,349.680
-443758.430,-1172398.330,349.690
-443758.550,-1172398.020,349.700
-443758.670,-1172397.710,349.720
-443758.790,-1172397.410,349.730
-443758.910,-1172397.100,349.740
-443759.030,-1172396.800,349.750
-443759.150,-1172396.500,349.750
-443757.380,-1172401.980,349.560
-443757.490,-1172401.700,349.570
-443757.610,-1172401.380,349.580
-443757.740,-1172401.060,349.590
-443757.850,-1172400.780,349.590
-443757.970,-1172400.480,349.600
-443758.100,-1172400.140,349.610
-443758.220,-1172399.830,349.620
-443758.330,-1172399.550,349.630
-443758.450,-1172399.240,349.650
-443758.570,-1172398.930,349.660
-443758.690,-1172398.630,349.670
-443758.800,-1172398.340,349.690
-443758.920,-1172398.040,349.700
-443759.040,-1172397.740,349.720
-443759.150,-1172397.450,349.730
-443759.270,-1172397.150,349.740
-443759.390,-1172396.860,349.750
-443759.510,-1172396.550,349.760
-443756.180,-1172405.040,349.460
-443756.310,-1172404.710,349.480
-443756.420,-1172404.420,349.480
-443756.540,-1172404.130,349.490
-443756.660,-1172403.820,349.510
-443756.780,-1172403.500,349.520
-443756.900,-1172403.190,349.530
-443757.020,-1172402.890,349.540
-443757.150,-1172402.570,349.540
-443757.270,-1172402.260,349.550
-443756.650,-1172404.850,349.470
-443756.770,-1172404.540,349.480
-443756.900,-1172404.230,349.490
-443757.010,-1172403.950,349.500
-443757.130,-1172403.640,349.510
-443757.260,-1172403.320,349.520
-443757.370,-1172403.040,349.530
-443757.480,-1172402.740,349.540
-443757.610,-1172402.420,349.550
-443757.730,-1172402.100,349.560
-443757.850,-1172401.800,349.560
-443757.970,-1172401.500,349.570
-443758.090,-1172401.180,349.580
-443758.210,-1172400.890,349.590
-443758.320,-1172400.600,349.600
-443758.440,-1172400.300,349.610
-443758.560,-1172399.980,349.620
-443758.680,-1172399.690,349.630
-443758.800,-1172399.390,349.640
-443758.920,-1172399.070,349.655
-443759.040,-1172398.760,349.670
-443759.160,-1172398.450,349.680
-443759.280,-1172398.150,349.700
-443759.400,-1172397.840,349.710
-443759.520,-1172397.550,349.730
-443759.640,-1172397.240,349.740
-443759.750,-1172396.950,349.750
-443759.870,-1172396.660,349.750
-443756.970,-1172404.940,349.475
-443757.090,-1172404.630,349.480
-443757.210,-1172404.330,349.490
-443757.320,-1172404.040,349.500
-443757.440,-1172403.740,349.510
-443757.560,-1172403.440,349.520
-443757.680,-1172403.130,349.530
-443757.790,-1172402.850,349.540
-443757.920,-1172402.520,349.550
-443758.040,-1172402.220,349.550
-443758.150,-1172401.930,349.560
-443758.260,-1172401.650,349.560
-443758.390,-1172401.320,349.580
-443758.510,-1172401.010,349.580
-443758.630,-1172400.700,349.590
-443758.760,-1172400.390,349.610
-443758.880,-1172400.070,349.620
-443758.990,-1172399.780,349.620
-443759.100,-1172399.500,349.630
-443759.220,-1172399.210,349.640
-443759.350,-1172398.880,349.660
-443759.470,-1172398.580,349.670
-443759.580,-1172398.290,349.690
-443759.710,-1172397.960,349.710
-443759.830,-1172397.650,349.720
-443759.950,-1172397.350,349.740
-443760.060,-1172397.060,349.740
-443760.190,-1172396.740,349.750
-443760.300,-1172396.450,349.760
-443757.380,-1172405.010,349.470
-443757.500,-1172404.700,349.480
-443757.610,-1172404.400,349.490
-443757.740,-1172404.090,349.490
-443757.850,-1172403.800,349.500
-443757.960,-1172403.510,349.510
-443758.080,-1172403.220,349.520
-443758.190,-1172402.930,349.530
-443758.320,-1172402.610,349.540
-443758.430,-1172402.330,349.550
-443758.540,-1172402.030,349.560
-443758.670,-1172401.710,349.560
-443758.780,-1172401.430,349.570
-443758.900,-1172401.120,349.580
-443759.030,-1172400.800,349.590
-443759.140,-1172400.500,349.600
-443759.260,-1172400.210,349.610
-443759.380,-1172399.900,349.620
-443759.510,-1172399.580,349.630
-443759.620,-1172399.280,349.640
-443759.740,-1172398.970,349.660
-443759.870,-1172398.650,349.670
-443759.990,-1172398.350,349.680
-443760.100,-1172398.070,349.700
-443760.210,-1172397.780,349.715
-443760.340,-1172397.450,349.730
-443760.460,-1172397.150,349.740
-443760.570,-1172396.850,349.750
-443760.690,-1172396.550,349.760
-443760.690,-1172396.570,349.760
-443760.100,-1172398.870,349.660
-443760.220,-1172398.550,349.670
-443760.340,-1172398.260,349.690
-443760.460,-1172397.950,349.700
-443760.590,-1172397.620,349.720
-443760.700,-1172397.320,349.730
-443760.820,-1172397.030,349.740
-443760.940,-1172396.730,349.750
-443761.050,-1172396.430,349.760
-443761.050,-1172396.450,349.760
-443757.730,-1172404.920,349.480
-443757.850,-1172404.600,349.480
-443757.980,-1172404.280,349.490
-443758.100,-1172403.970,349.500
-443758.210,-1172403.690,349.510
-443758.340,-1172403.360,349.515
-443758.450,-1172403.060,349.520
-443758.570,-1172402.770,349.530
-443758.680,-1172402.470,349.540
-443758.800,-1172402.170,349.550
-443758.920,-1172401.880,349.560
-443759.030,-1172401.600,349.560
-443759.150,-1172401.280,349.580
-443759.270,-1172400.980,349.590
-443759.380,-1172400.690,349.590
-443759.500,-1172400.390,349.600
-443759.620,-1172400.090,349.610
-443759.740,-1172399.770,349.620
-443759.860,-1172399.470,349.630
-443759.970,-1172399.180,349.645
-443758.160,-1172404.880,349.475
-443758.270,-1172404.590,349.480
-443758.400,-1172404.280,349.490
-443758.520,-1172403.970,349.490
-443758.630,-1172403.670,349.505
-443758.760,-1172403.360,349.510
-443758.880,-1172403.040,349.520
-443759.000,-1172402.740,349.530
-443759.120,-1172402.440,349.540
-443759.230,-1172402.140,349.550
-443759.350,-1172401.830,349.560
-443759.470,-1172401.530,349.570
-443759.590,-1172401.230,349.580
-443759.710,-1172400.930,349.590
-443759.820,-1172400.650,349.590
-443759.930,-1172400.360,349.600
-443760.060,-1172400.040,349.610
-443760.170,-1172399.750,349.620
-443760.280,-1172399.460,349.630
-443760.410,-1172399.150,349.650
-443760.520,-1172398.850,349.660
-443760.650,-1172398.540,349.670
-443760.770,-1172398.230,349.690
-443760.880,-1172397.930,349.700
-443761.000,-1172397.640,349.720
-443761.120,-1172397.330,349.730
-443761.240,-1172397.010,349.740
-443761.360,-1172396.710,349.750
-443761.490,-1172396.390,349.760
-443761.480,-1172396.420,349.760
-443758.660,-1172404.720,349.470
-443758.790,-1172404.400,349.480
-443758.910,-1172404.100,349.490
-443759.030,-1172403.790,349.500
-443759.140,-1172403.490,349.510
-443759.260,-1172403.190,349.520
-443759.380,-1172402.890,349.530
-443759.490,-1172402.600,349.530
-443759.620,-1172402.290,349.540
-443759.740,-1172401.980,349.550
-443759.860,-1172401.680,349.560
-443759.980,-1172401.370,349.570
-443760.100,-1172401.050,349.580
-443760.220,-1172400.760,349.590
-443760.330,-1172400.460,349.600
-443760.450,-1172400.160,349.610
-443760.690,-1172399.550,349.630
-443760.800,-1172399.270,349.640
-443760.920,-1172398.960,349.660
-443761.040,-1172398.670,349.670
-443761.160,-1172398.360,349.680
-443761.270,-1172398.060,349.700
-443761.390,-1172397.770,349.710
-443761.510,-1172397.450,349.730
-443761.620,-1172397.180,349.735
-443761.750,-1172396.850,349.740
-443761.870,-1172396.530,349.755
-443759.760,-1172403.360,349.510
-443759.880,-1172403.040,349.520
-443760.000,-1172402.730,349.530
-443760.120,-1172402.440,349.540
-443760.230,-1172402.150,349.550
-443760.350,-1172401.860,349.550
-443760.470,-1172401.540,349.570
-443760.590,-1172401.230,349.570
-443760.700,-1172400.950,349.580
-443760.830,-1172400.630,349.590
-443760.950,-1172400.310,349.600
-443761.070,-1172400.000,349.610
-443761.190,-1172399.710,349.620
-443761.310,-1172399.400,349.630
-443761.430,-1172399.100,349.650
-443761.540,-1172398.800,349.660
-443761.660,-1172398.500,349.670
-443761.780,-1172398.210,349.690
-443761.890,-1172397.920,349.700
-443762.010,-1172397.620,349.720
-443762.130,-1172397.310,349.730
-443762.250,-1172397.010,349.740
-443762.360,-1172396.720,349.750
-443762.480,-1172396.420,349.760
-443759.160,-1172404.870,349.470
-443759.280,-1172404.590,349.480
-443759.390,-1172404.300,349.490
-443759.520,-1172403.980,349.490
-443759.640,-1172403.670,349.505
-443759.560,-1172404.790,349.470
-443759.690,-1172404.460,349.480
-443759.810,-1172404.160,349.490
-443759.930,-1172403.850,349.500
-443760.050,-1172403.550,349.510
-443760.170,-1172403.250,349.520
-443760.280,-1172402.950,349.520
-443760.400,-1172402.660,349.530
-443760.520,-1172402.340,349.540
-443760.650,-1172402.020,349.550
-443760.770,-1172401.710,349.560
-443760.890,-1172401.400,349.570
-443761.000,-1172401.120,349.570
-443761.130,-1172400.800,349.580
-443761.240,-1172400.520,349.600
-443761.360,-1172400.210,349.600
-443761.480,-1172399.890,349.620
-443761.600,-1172399.590,349.630
-443761.720,-1172399.300,349.640
-443761.840,-1172398.990,349.650
-443761.960,-1172398.670,349.660
-443762.080,-1172398.380,349.680
-443762.190,-1172398.080,349.700
-443762.310,-1172397.770,349.710
-443762.440,-1172397.450,349.720
-443762.550,-1172397.170,349.730
-443762.660,-1172396.880,349.745
-443762.780,-1172396.580,349.760
-443759.990,-1172404.710,349.470
-443760.100,-1172404.430,349.480
-443760.220,-1172404.110,349.490
-443760.330,-1172403.830,349.500
-443760.450,-1172403.540,349.510
-443760.570,-1172403.220,349.520
-443760.690,-1172402.930,349.530
-443760.810,-1172402.620,349.540
-443760.930,-1172402.310,349.550
-443761.050,-1172402.010,349.550
-443761.160,-1172401.720,349.560
-443761.280,-1172401.410,349.570
-443761.400,-1172401.100,349.580
-443761.530,-1172400.780,349.590
-443761.650,-1172400.480,349.590
-443761.770,-1172400.160,349.610
-443761.890,-1172399.870,349.620
-443762.000,-1172399.570,349.620
-443762.120,-1172399.280,349.640
-443762.240,-1172398.960,349.650
-443762.360,-1172398.650,349.670
-443762.470,-1172398.370,349.680
-443762.600,-1172398.050,349.690
-443762.720,-1172397.730,349.710
-443762.840,-1172397.420,349.720
-443762.960,-1172397.140,349.740
-443763.080,-1172396.820,349.750
-443763.200,-1172396.520,349.750
-443760.610,-1172404.090,349.490
-443760.720,-1172403.800,349.500
-443760.840,-1172403.510,349.510
-443760.960,-1172403.200,349.520
-443761.080,-1172402.900,349.530
-443761.190,-1172402.600,349.540
-443761.310,-1172402.300,349.550
-443761.430,-1172401.990,349.560
-443761.550,-1172401.700,349.560
-443761.670,-1172401.400,349.570
-443761.790,-1172401.090,349.570
-443761.910,-1172400.770,349.590
-443762.020,-1172400.490,349.590
-443762.140,-1172400.190,349.610
-443762.260,-1172399.870,349.620
-443762.390,-1172399.560,349.620
-443762.500,-1172399.260,349.630
-443762.630,-1172398.950,349.640
-443762.750,-1172398.640,349.660
-443762.850,-1172398.360,349.680
-443762.970,-1172398.070,349.690
-443763.100,-1172397.740,349.710
-443763.220,-1172397.420,349.720
-443763.330,-1172397.150,349.730
-443763.450,-1172396.840,349.740
-443763.580,-1172396.510,349.750
-443760.370,-1172404.690,349.470
-443760.500,-1172404.380,349.480
-443760.790,-1172404.700,349.460
-443760.910,-1172404.400,349.470
-443761.040,-1172404.080,349.480
-443761.150,-1172403.790,349.500
-443761.390,-1172403.180,349.520
-443761.510,-1172402.860,349.530
-443761.630,-1172402.570,349.540
-443761.740,-1172402.280,349.550
-443761.850,-1172401.990,349.560
-443761.970,-1172401.690,349.560
-443762.090,-1172401.380,349.570
-443762.210,-1172401.080,349.580
-443762.320,-1172400.790,349.585
-443762.450,-1172400.480,349.590
-443762.560,-1172400.180,349.600
-443762.680,-1172399.890,349.610
-443762.800,-1172399.570,349.620
-443762.920,-1172399.270,349.630
-443763.040,-1172398.980,349.640
-443763.150,-1172398.680,349.660
-443763.280,-1172398.360,349.670
-443763.400,-1172398.050,349.690
-443763.520,-1172397.740,349.710
-443763.640,-1172397.430,349.720
-443763.760,-1172397.130,349.730
-443763.870,-1172396.840,349.740
-443763.990,-1172396.550,349.750
-443760.970,-1172404.940,349.455
-443761.080,-1172404.640,349.460
-443761.200,-1172404.360,349.470
-443761.320,-1172404.030,349.480
-443761.440,-1172403.730,349.500
-443761.550,-1172403.450,349.510
-443761.680,-1172403.110,349.520
-443761.810,-1172402.800,349.530
-443761.920,-1172402.500,349.550
-443762.040,-1172402.200,349.550
-443762.160,-1172401.890,349.560
-443762.280,-1172401.600,349.565
-443762.390,-1172401.300,349.570
-443762.510,-1172401.000,349.580
-443762.630,-1172400.700,349.590
-443762.740,-1172400.410,349.590
-443762.860,-1172400.120,349.600
-443762.980,-1172399.810,349.610
-443763.100,-1172399.500,349.620
-443763.200,-1172399.230,349.630
-443763.330,-1172398.910,349.640
-443763.450,-1172398.610,349.660
-443763.570,-1172398.300,349.680
-443763.680,-1172398.000,349.690
-443763.920,-1172397.400,349.720
-443764.040,-1172397.100,349.730
-443764.160,-1172396.800,349.740
-443764.280,-1172396.470,349.740
-443763.870,-1172398.400,349.670
-443763.990,-1172398.110,349.690
-443764.110,-1172397.800,349.700
-443764.220,-1172397.510,349.710
-443764.350,-1172397.200,349.720
-443764.470,-1172396.880,349.740
-443764.580,-1172396.590,349.740
-443764.700,-1172396.300,349.750
-443764.690,-1172396.310,349.750
-443761.260,-1172405.060,349.450
-443761.380,-1172404.760,349.470
-443761.510,-1172404.440,349.470
-443761.630,-1172404.130,349.480
-443761.740,-1172403.840,349.490
-443761.860,-1172403.550,349.500
-443761.970,-1172403.250,349.520
-443762.100,-1172402.930,349.530
-443762.220,-1172402.630,349.540
-443762.330,-1172402.330,349.550
-443762.450,-1172402.030,349.560
-443762.580,-1172401.710,349.560
-443762.700,-1172401.400,349.570
-443762.810,-1172401.110,349.580
-443762.940,-1172400.790,349.590
-443763.050,-1172400.490,349.590
-443763.170,-1172400.190,349.600
-443763.290,-1172399.900,349.610
-443763.400,-1172399.600,349.620
-443763.520,-1172399.310,349.630
-443763.640,-1172399.010,349.640
-443763.760,-1172398.700,349.660
-443761.740,-1172404.810,349.470
-443761.850,-1172404.530,349.470
-443761.960,-1172404.230,349.480
-443762.090,-1172403.910,349.490
-443762.210,-1172403.610,349.505
-443762.460,-1172402.970,349.530
-443762.580,-1172402.660,349.540
-443762.690,-1172402.380,349.550
-443762.800,-1172402.090,349.560
-443762.930,-1172401.770,349.560
-443763.040,-1172401.480,349.570
-443763.160,-1172401.170,349.580
-443763.280,-1172400.860,349.580
-443763.410,-1172400.550,349.590
-443763.530,-1172400.240,349.600
-443763.650,-1172399.940,349.610
-443763.770,-1172399.630,349.620
-443763.890,-1172399.320,349.630
-443764.000,-1172399.030,349.640
-443764.120,-1172398.720,349.650
-443764.240,-1172398.410,349.670
-443764.350,-1172398.130,349.680
-443764.470,-1172397.840,349.700
-443764.580,-1172397.550,349.710
-443764.710,-1172397.220,349.720
-443764.820,-1172396.940,349.730
-443764.930,-1172396.660,349.740
-443765.060,-1172396.330,349.750
-443765.050,-1172396.350,349.750
-443765.330,-1172396.830,349.730
-443765.440,-1172396.530,349.740
-443765.560,-1172396.240,349.750
-443762.350,-1172404.420,349.480
-443762.460,-1172404.130,349.490
-443762.590,-1172403.820,349.500
-443762.720,-1172403.490,349.510
-443762.830,-1172403.200,349.520
-443762.940,-1172402.920,349.530
-443763.070,-1172402.600,349.540
-443763.190,-1172402.290,349.540
-443763.300,-1172401.990,349.560
-443763.430,-1172401.670,349.560
-443763.560,-1172401.340,349.570
-443763.670,-1172401.060,349.580
-443763.780,-1172400.770,349.580
-443763.890,-1172400.480,349.590
-443764.020,-1172400.170,349.600
-443764.140,-1172399.860,349.610
-443764.250,-1172399.570,349.620
-443764.380,-1172399.250,349.630
-443764.500,-1172398.940,349.640
-443764.620,-1172398.620,349.660
-443764.730,-1172398.340,349.670
-443764.860,-1172398.030,349.690
-443765.100,-1172397.410,349.710
-443765.210,-1172397.130,349.720
-443762.580,-1172404.690,349.470
-443762.690,-1172404.410,349.480
-443762.800,-1172404.120,349.490
-443762.940,-1172403.790,349.500
-443763.050,-1172403.490,349.510
-443763.160,-1172403.210,349.520
-443763.280,-1172402.900,349.530
-443763.400,-1172402.600,349.540
-443763.520,-1172402.290,349.550
-443763.640,-1172402.000,349.560
-443763.760,-1172401.690,349.560
-443763.880,-1172401.390,349.570
-443763.990,-1172401.090,349.580
-443764.110,-1172400.780,349.580
-443764.240,-1172400.460,349.590
-443764.360,-1172400.140,349.600
-443764.480,-1172399.850,349.610
-443764.590,-1172399.560,349.620
-443764.720,-1172399.240,349.630
-443764.830,-1172398.950,349.640
-443764.950,-1172398.660,349.660
-443765.070,-1172398.340,349.670
-443765.190,-1172398.040,349.690
-443765.310,-1172397.730,349.700
-443765.430,-1172397.420,349.710
-443765.560,-1172397.100,349.730
-443765.670,-1172396.800,349.730
-443765.790,-1172396.500,349.740
-443765.900,-1172396.210,349.750
-443763.010,-1172404.550,349.470
-443763.140,-1172404.230,349.480
-443763.250,-1172403.940,349.490
-443763.370,-1172403.630,349.510
-443763.480,-1172403.350,349.520
-443763.600,-1172403.060,349.530
-443763.720,-1172402.750,349.530
-443763.830,-1172402.450,349.540
-443763.950,-1172402.160,349.550
-443764.070,-1172401.850,349.560
-443764.190,-1172401.550,349.560
-443764.310,-1172401.240,349.570
-443764.430,-1172400.940,349.580
-443764.540,-1172400.640,349.580
-443764.660,-1172400.340,349.590
-443764.780,-1172400.030,349.605
-443764.900,-1172399.720,349.610
-443765.020,-1172399.410,349.630
-443765.150,-1172399.100,349.640
-443765.270,-1172398.790,349.650
-443765.380,-1172398.500,349.660
-443765.500,-1172398.200,349.670
-443765.610,-1172397.920,349.690
-443765.740,-1172397.600,349.700
-443765.860,-1172397.290,349.720
-443765.970,-1172396.990,349.730
-443766.090,-1172396.690,349.730
-443766.220,-1172396.370,349.740
-443762.900,-1172404.830,349.470
-443763.370,-1172404.540,349.470
-443763.610,-1172403.930,349.490
-443763.740,-1172403.600,349.510
-443763.960,-1172403.020,349.530
-443764.080,-1172402.710,349.540
-443764.210,-1172402.390,349.540
-443764.320,-1172402.110,349.550
-443764.440,-1172401.810,349.560
-443764.550,-1172401.510,349.560
-443764.670,-1172401.220,349.570
-443764.790,-1172400.920,349.580
-443764.900,-1172400.630,349.580
-443765.020,-1172400.320,349.600
-443765.140,-1172400.010,349.610
-443765.250,-1172399.730,349.610
-443765.380,-1172399.420,349.620
-443765.500,-1172399.090,349.640
-443765.620,-1172398.800,349.650
-443765.730,-1172398.520,349.660
-443765.850,-1172398.200,349.670
-443765.980,-1172397.880,349.690
-443766.100,-1172397.580,349.710
-443766.220,-1172397.260,349.720
-443766.350,-1172396.940,349.730
-443766.460,-1172396.650,349.730
-443766.570,-1172396.370,349.740
-443763.700,-1172404.710,349.470
-443763.820,-1172404.410,349.470
-443763.940,-1172404.090,349.480
-443764.060,-1172403.780,349.500
-443764.180,-1172403.490,349.510
-443764.300,-1172403.180,349.520
-443764.420,-1172402.870,349.530
-443764.540,-1172402.560,349.540
-443764.660,-1172402.270,349.550
-443764.780,-1172401.950,349.555
-443764.900,-1172401.650,349.560
-443765.020,-1172401.350,349.565
-443765.130,-1172401.050,349.570
-443765.250,-1172400.760,349.580
-443765.360,-1172400.470,349.590
-443765.470,-1172400.180,349.600
-443765.600,-1172399.860,349.610
-443765.710,-1172399.570,349.620
-443765.830,-1172399.280,349.630
-443765.950,-1172398.970,349.640
-443766.070,-1172398.670,349.660
-443766.190,-1172398.360,349.670
-443766.310,-1172398.050,349.680
-443766.420,-1172397.770,349.700
-443766.540,-1172397.460,349.710
-443766.660,-1172397.150,349.720
-443766.780,-1172396.850,349.730
-443766.910,-1172396.520,349.730
-443767.030,-1172396.220,349.740
-443767.020,-1172396.230,349.740
-443766.310,-1172398.870,349.640
-443766.420,-1172398.590,349.660
-443766.540,-1172398.290,349.670
-443766.660,-1172397.980,349.690
-443766.780,-1172397.680,349.700
-443766.900,-1172397.380,349.710
-443767.010,-1172397.090,349.720
-443767.130,-1172396.770,349.730
-443767.260,-1172396.450,349.730
-443767.370,-1172396.170,349.740
-443767.360,-1172396.190,349.740
-443764.050,-1172404.640,349.470
-443764.180,-1172404.320,349.480
-443764.290,-1172404.020,349.490
-443764.420,-1172403.700,349.500
-443764.540,-1172403.410,349.510
-443764.650,-1172403.110,349.520
-443764.760,-1172402.840,349.530
-443764.880,-1172402.510,349.540
-443765.010,-1172402.190,349.550
-443765.120,-1172401.900,349.560
-443765.240,-1172401.600,349.560
-443765.370,-1172401.280,349.570
-443765.490,-1172400.970,349.580
-443765.600,-1172400.680,349.580
-443765.720,-1172400.380,349.590
-443765.840,-1172400.070,349.610
-443766.070,-1172399.480,349.620
-443766.190,-1172399.180,349.630
-443764.510,-1172404.510,349.470
-443764.620,-1172404.230,349.480
-443764.740,-1172403.920,349.490
-443764.860,-1172403.600,349.500
-443764.980,-1172403.300,349.510
-443765.110,-1172402.980,349.520
-443765.230,-1172402.670,349.530
-443765.350,-1172402.370,349.540
-443765.460,-1172402.080,349.550
-443765.570,-1172401.790,349.560
-443765.690,-1172401.490,349.560
-443765.820,-1172401.170,349.570
-443765.930,-1172400.870,349.580
-443766.050,-1172400.570,349.580
-443766.180,-1172400.250,349.600
-443766.300,-1172399.940,349.605
-443766.410,-1172399.650,349.610
-443766.540,-1172399.330,349.620
-443766.650,-1172399.040,349.640
-443766.770,-1172398.730,349.640
-443766.890,-1172398.440,349.660
-443767.000,-1172398.140,349.670
-443767.120,-1172397.850,349.690
-443767.230,-1172397.550,349.700
-443767.350,-1172397.240,349.710
-443767.470,-1172396.950,349.720
-443767.580,-1172396.660,349.730
-443767.710,-1172396.340,349.730
-443767.820,-1172396.040,349.740
-443764.940,-1172404.480,349.470
-443765.060,-1172404.180,349.480
-443765.170,-1172403.890,349.480
-443765.290,-1172403.580,349.500
-443765.420,-1172403.260,349.510
-443765.530,-1172402.970,349.520
-443765.650,-1172402.680,349.530
-443765.770,-1172402.360,349.530
-443765.890,-1172402.050,349.550
-443766.010,-1172401.750,349.560
-443766.130,-1172401.440,349.560
-443766.260,-1172401.120,349.570
-443766.370,-1172400.820,349.580
-443766.480,-1172400.540,349.590
-443766.600,-1172400.250,349.590
-443766.730,-1172399.920,349.600
-443766.840,-1172399.620,349.610
-443766.960,-1172399.330,349.620
-443767.080,-1172399.020,349.635
-443767.210,-1172398.700,349.640
-443767.320,-1172398.400,349.660
-443767.440,-1172398.110,349.670
-443767.570,-1172397.780,349.690
-443767.680,-1172397.500,349.700
-443767.790,-1172397.190,349.710
-443767.910,-1172396.900,349.720
-443768.030,-1172396.590,349.730
-443768.150,-1172396.300,349.740
-443768.250,-1172396.020,349.750
-443765.450,-1172404.500,349.460
-443765.560,-1172404.210,349.480
-443765.690,-1172403.890,349.480
-443765.800,-1172403.610,349.490
-443765.910,-1172403.310,349.510
-443766.150,-1172402.710,349.530
-443766.270,-1172402.390,349.530
-443766.400,-1172402.080,349.540
-443766.510,-1172401.780,349.550
-443766.630,-1172401.490,349.560
-443766.750,-1172401.190,349.560
-443766.870,-1172400.870,349.570
-443766.990,-1172400.560,349.580
-443767.120,-1172400.240,349.590
-443767.240,-1172399.930,349.600
-443767.350,-1172399.650,349.610
-443767.460,-1172399.350,349.620
-443767.580,-1172399.060,349.630
-443767.700,-1172398.750,349.640
-443767.820,-1172398.430,349.660
-443767.940,-1172398.130,349.670
-443768.060,-1172397.830,349.690
-443768.180,-1172397.510,349.700
-443768.310,-1172397.200,349.720
-443768.420,-1172396.910,349.730
-443768.540,-1172396.590,349.750
-443768.660,-1172396.300,349.770
-443765.780,-1172404.470,349.460
-443765.910,-1172404.150,349.470
-443766.260,-1172403.260,349.510
-443766.380,-1172402.950,349.520
-443766.490,-1172402.670,349.530
-443766.600,-1172402.380,349.530
-443766.720,-1172402.070,349.540
-443766.840,-1172401.760,349.550
-443766.950,-1172401.480,349.550
-443767.070,-1172401.170,349.560
-443767.190,-1172400.870,349.570
-443767.320,-1172400.550,349.580
-443767.430,-1172400.260,349.590
-443767.550,-1172399.970,349.600
-443767.670,-1172399.650,349.610
-443767.790,-1172399.360,349.620
-443767.910,-1172399.050,349.630
-443768.030,-1172398.730,349.640
-443768.160,-1172398.400,349.660
-443768.270,-1172398.110,349.680
-443768.390,-1172397.810,349.690
-443768.510,-1172397.510,349.710
-443768.620,-1172397.220,349.730
-443768.740,-1172396.920,349.760
-443768.870,-1172396.570,349.790
-443768.860,-1172396.600,349.790
-443768.900,-1172397.600,349.760
-443768.890,-1172397.630,349.740
-443766.160,-1172404.590,349.460
-443766.280,-1172404.290,349.460
-443766.410,-1172403.970,349.475
-443766.530,-1172403.660,349.490
-443766.660,-1172403.330,349.500
-443766.770,-1172403.050,349.510
-443766.880,-1172402.760,349.520
-443767.000,-1172402.450,349.530
-443767.110,-1172402.160,349.540
-443767.230,-1172401.860,349.540
-443767.340,-1172401.580,349.550
-443767.460,-1172401.270,349.560
-443767.580,-1172400.960,349.570
-443767.700,-1172400.670,349.580
-443767.810,-1172400.380,349.590
-443767.940,-1172400.060,349.600
-443768.050,-1172399.770,349.600
-443768.170,-1172399.460,349.620
-443768.290,-1172399.150,349.630
-443768.410,-1172398.860,349.640
-443768.520,-1172398.570,349.670
-443768.650,-1172398.250,349.690
-443768.760,-1172397.940,349.720
-443766.530,-1172404.580,349.460
-443766.650,-1172404.290,349.460
-443766.770,-1172403.960,349.480
-443766.890,-1172403.670,349.490
-443767.010,-1172403.370,349.500
-443767.130,-1172403.040,349.510
-443767.250,-1172402.750,349.520
-443767.370,-1172402.440,349.530
-443767.490,-1172402.140,349.540
-443767.610,-1172401.830,349.540
-443767.720,-1172401.540,349.550
-443767.840,-1172401.230,349.560
-443767.960,-1172400.930,349.570
-443768.080,-1172400.630,349.580
-443768.190,-1172400.340,349.590
-443768.300,-1172400.070,349.600
-443768.430,-1172399.740,349.610
-443768.540,-1172399.440,349.630
-443768.650,-1172399.160,349.640
-443768.780,-1172398.850,349.675
-443768.910,-1172398.510,349.715
-443768.900,-1172398.540,349.710
-443766.990,-1172404.560,349.460
-443767.110,-1172404.260,349.460
-443767.230,-1172403.940,349.470
-443767.350,-1172403.640,349.480
-443767.460,-1172403.360,349.495
-443767.570,-1172403.070,349.510
-443767.700,-1172402.750,349.510
-443767.820,-1172402.440,349.530
-443767.930,-1172402.150,349.540
-443768.060,-1172401.830,349.540
-443768.180,-1172401.520,349.560
-443768.300,-1172401.210,349.570
-443768.420,-1172400.920,349.580
-443768.540,-1172400.610,349.590
-443768.650,-1172400.310,349.610
-443768.770,-1172400.010,349.625
-443768.900,-1172399.680,349.650
-443768.890,-1172399.710,349.650
-443769.010,-1172399.380,349.730
-443769.010,-1172399.410,349.730
-443767.350,-1172404.310,349.460
-443767.470,-1172404.000,349.470
-443767.590,-1172403.690,349.480
-443767.710,-1172403.380,349.490
-443767.830,-1172403.080,349.500
-443767.960,-1172402.750,349.510
-443768.080,-1172402.460,349.530
-443768.190,-1172402.170,349.540
-443768.310,-1172401.860,349.550
-443768.430,-1172401.570,349.560
-443768.540,-1172401.270,349.580
-443768.660,-1172400.960,349.590
-443768.780,-1172400.660,349.610
-443768.910,-1172400.340,349.650
-443769.030,-1172400.010,349.740
-443769.020,-1172400.040,349.730
-443767.670,-1172404.380,349.450
-443767.780,-1172404.090,349.470
-443767.910,-1172403.780,349.470
-443768.020,-1172403.480,349.480
-443768.140,-1172403.180,349.500
-443768.250,-1172402.890,349.510
-443768.380,-1172402.570,349.530
-443768.500,-1172402.270,349.540
-443768.620,-1172401.960,349.560
-443768.740,-1172401.640,349.570
-443768.860,-1172401.340,349.595
-443768.980,-1172401.040,349.660
-443768.090,-1172404.230,349.460
-443768.200,-1172403.940,349.470
-443768.320,-1172403.640,349.480
-443768.430,-1172403.360,349.495
-443768.550,-1172403.060,349.510
-443768.670,-1172402.740,349.530
-443768.790,-1172402.440,349.540
-443768.900,-1172402.140,349.560
-443769.030,-1172401.810,349.640
-443768.510,-1172404.380,349.450
-443768.630,-1172404.080,349.470
-443768.750,-1172403.780,349.480
-443768.860,-1172403.490,349.500
-443768.980,-1172403.200,349.530
-443769.090,-1172402.910,349.585
-443768.800,-1172404.480,349.470
-443768.920,-1172404.180,349.480
-443769.060,-1172403.820,349.510
-443769.050,-1172403.850,349.510
-443769.170,-1172403.520,349.670
-443769.170,-1172403.550,349.690
-443735.420,-1172408.730,350.470
-443735.180,-1172408.930,350.470
-443734.930,-1172409.140,350.470
-443734.690,-1172409.340,350.480
-443734.440,-1172409.550,350.480
-443734.190,-1172409.770,350.500
-443733.950,-1172409.970,350.510
-443733.700,-1172410.180,350.510
-443733.450,-1172410.400,350.510
-443733.210,-1172410.600,350.500
-443735.020,-1172408.620,350.470
-443734.790,-1172408.810,350.470
-443734.540,-1172409.030,350.480
-443734.270,-1172409.250,350.490
-443734.040,-1172409.450,350.500
-443733.810,-1172409.650,350.505
-443733.560,-1172409.860,350.505
-443733.290,-1172410.090,350.490
-443734.330,-1172408.720,350.485
-443734.080,-1172408.930,350.490
-443733.820,-1172409.150,350.500
-443733.570,-1172409.370,350.500
-443733.320,-1172409.580,350.490
-443733.090,-1172409.770,350.470
-443733.710,-1172408.720,350.510
-443733.460,-1172408.930,350.505
-443733.210,-1172409.150,350.480
-443737.170,-1172408.580,350.440
-443736.940,-1172408.770,350.440
-443736.690,-1172408.990,350.445
-443736.430,-1172409.210,350.460
-443736.180,-1172409.420,350.460
-443735.950,-1172409.610,350.460
-443735.710,-1172409.810,350.470
-443735.460,-1172410.030,350.470
-443735.200,-1172410.250,350.480
-443734.970,-1172410.440,350.490
-443734.720,-1172410.660,350.500
-443734.450,-1172410.890,350.510
-443734.200,-1172411.100,350.520
-443733.980,-1172411.290,350.530
-443733.710,-1172411.510,350.530
-443733.470,-1172411.720,350.510
-443736.890,-1172408.440,350.440
-443736.640,-1172408.650,350.440
-443736.390,-1172408.860,350.450
-443736.150,-1172409.070,350.460
-443735.900,-1172409.280,350.460
-443735.650,-1172409.490,350.470
-443735.400,-1172409.710,350.470
-443735.140,-1172409.920,350.480
-443734.900,-1172410.130,350.490
-443734.640,-1172410.340,350.490
-443734.420,-1172410.540,350.500
-443734.150,-1172410.760,350.520
-443733.920,-1172410.960,350.520
-443733.680,-1172411.170,350.520
-443733.440,-1172411.370,350.510
-443736.210,-1172408.560,350.450
-443735.960,-1172408.770,350.450
-443735.730,-1172408.960,350.460
-443735.470,-1172409.190,350.470
-443735.230,-1172409.390,350.470
-443734.980,-1172409.600,350.480
-443734.750,-1172409.800,350.480
-443734.500,-1172410.010,350.490
-443734.260,-1172410.210,350.500
-443734.030,-1172410.410,350.510
-443733.780,-1172410.620,350.520
-443733.540,-1172410.830,350.520
-443733.290,-1172411.030,350.510
-443735.650,-1172408.530,350.460
-443738.660,-1172408.260,350.430
-443738.420,-1172408.470,350.430
-443738.180,-1172408.670,350.440
-443737.940,-1172408.870,350.440
-443737.720,-1172409.070,350.450
-443737.450,-1172409.300,350.450
-443737.220,-1172409.490,350.460
-443736.980,-1172409.690,350.460
-443736.730,-1172409.910,350.460
-443736.480,-1172410.120,350.470
-443736.230,-1172410.320,350.470
-443735.980,-1172410.540,350.470
-443735.730,-1172410.750,350.480
-443735.490,-1172410.960,350.490
-443735.250,-1172411.160,350.500
-443735.000,-1172411.370,350.500
-443734.730,-1172411.600,350.510
-443734.480,-1172411.820,350.520
-443734.230,-1172412.030,350.530
-443737.930,-1172408.330,350.430
-443737.670,-1172408.550,350.440
-443737.440,-1172408.750,350.440
-443737.180,-1172408.970,350.440
-443736.930,-1172409.180,350.450
-443736.690,-1172409.380,350.460
-443736.450,-1172409.590,350.460
-443736.200,-1172409.800,350.470
-443735.950,-1172410.020,350.470
-443735.700,-1172410.230,350.470
-443735.440,-1172410.440,350.480
-443735.180,-1172410.670,350.490
-443734.950,-1172410.860,350.490
-443734.710,-1172411.060,350.500
-443734.470,-1172411.270,350.510
-443734.220,-1172411.480,350.530
-443733.970,-1172411.690,350.530
-443733.730,-1172411.900,350.530
-443737.440,-1172408.350,350.440
-443739.890,-1172408.220,350.425
-443739.650,-1172408.420,350.430
-443739.400,-1172408.630,350.430
-443739.150,-1172408.840,350.440
-443738.910,-1172409.050,350.440
-443738.660,-1172409.260,350.450
-443738.400,-1172409.480,350.450
-443738.160,-1172409.690,350.460
-443737.900,-1172409.900,350.460
-443737.650,-1172410.110,350.460
-443737.400,-1172410.330,350.460
-443737.180,-1172410.510,350.470
-443736.920,-1172410.740,350.470
-443736.670,-1172410.950,350.480
-443736.430,-1172411.150,350.480
-443736.200,-1172411.350,350.490
-443735.960,-1172411.550,350.500
-443735.700,-1172411.770,350.500
-443735.470,-1172411.970,350.510
-443739.280,-1172408.240,350.420
-443739.030,-1172408.460,350.430
-443738.770,-1172408.680,350.440
-443738.530,-1172408.880,350.440
-443738.280,-1172409.100,350.440
-443738.040,-1172409.300,350.450
-443737.780,-1172409.520,350.450
-443737.550,-1172409.720,350.460
-443737.310,-1172409.920,350.460
-443737.060,-1172410.130,350.460
-443736.830,-1172410.330,350.460
-443736.570,-1172410.550,350.470
-443736.340,-1172410.750,350.470
-443736.090,-1172410.950,350.480
-443735.850,-1172411.160,350.490
-443735.610,-1172411.360,350.500
-443735.350,-1172411.580,350.505
-443735.100,-1172411.800,350.510
-443734.860,-1172412.000,350.520
-443734.620,-1172412.200,350.530
-443741.130,-1172408.150,350.430
-443740.900,-1172408.340,350.430
-443740.650,-1172408.560,350.430
-443740.400,-1172408.770,350.440
-443740.150,-1172408.980,350.440
-443739.910,-1172409.190,350.440
-443739.660,-1172409.400,350.445
-443739.410,-1172409.610,350.450
-443739.170,-1172409.820,350.460
-443738.920,-1172410.030,350.470
-443738.650,-1172410.250,350.470
-443738.400,-1172410.470,350.470
-443738.150,-1172410.680,350.470
-443737.910,-1172410.880,350.480
-443737.670,-1172411.090,350.480
-443737.440,-1172411.290,350.480
-443737.190,-1172411.500,350.490
-443736.920,-1172411.720,350.500
-443736.680,-1172411.930,350.500
-443740.400,-1172408.200,350.430
-443740.140,-1172408.420,350.430
-443739.900,-1172408.630,350.430
-443739.640,-1172408.850,350.430
-443739.390,-1172409.060,350.440
-443739.130,-1172409.270,350.440
-443738.900,-1172409.470,350.450
-443738.650,-1172409.690,350.460
-443738.420,-1172409.880,350.460
-443738.170,-1172410.100,350.465
-443737.920,-1172410.310,350.470
-443737.670,-1172410.520,350.470
-443737.420,-1172410.730,350.470
-443737.170,-1172410.940,350.480
-443736.910,-1172411.170,350.480
-443736.670,-1172411.370,350.490
-443736.420,-1172411.580,350.490
-443736.190,-1172411.780,350.500
-443735.920,-1172412.010,350.510
-443742.280,-1172408.040,350.450
-443742.060,-1172408.240,350.440
-443741.810,-1172408.440,350.445
-443741.540,-1172408.670,350.450
-443741.290,-1172408.890,350.450
-443741.050,-1172409.090,350.450
-443740.800,-1172409.300,350.450
-443740.550,-1172409.510,350.450
-443740.300,-1172409.730,350.450
-443740.080,-1172409.920,350.450
-443739.830,-1172410.120,350.460
-443739.590,-1172410.340,350.460
-443739.340,-1172410.540,350.470
-443739.100,-1172410.750,350.470
-443738.870,-1172410.950,350.480
-443738.620,-1172411.160,350.480
-443738.360,-1172411.380,350.480
-443738.140,-1172411.560,350.480
-443737.870,-1172411.790,350.490
-443737.620,-1172412.010,350.500
-443741.690,-1172408.120,350.440
-443741.440,-1172408.330,350.440
-443741.200,-1172408.540,350.440
-443740.960,-1172408.740,350.440
-443740.730,-1172408.940,350.440
-443740.490,-1172409.140,350.440
-443740.230,-1172409.360,350.450
-443739.990,-1172409.560,350.450
-443739.760,-1172409.760,350.450
-443739.500,-1172409.980,350.460
-443739.270,-1172410.180,350.470
-443739.010,-1172410.400,350.470
-443738.750,-1172410.620,350.480
-443738.520,-1172410.820,350.480
-443738.280,-1172411.020,350.480
-443738.030,-1172411.230,350.480
-443737.770,-1172411.450,350.480
-443737.520,-1172411.670,350.490
-443737.260,-1172411.880,350.500
-443737.010,-1172412.100,350.510
-443743.490,-1172407.910,350.460
-443743.240,-1172408.120,350.460
-443743.020,-1172408.310,350.460
-443742.770,-1172408.520,350.460
-443742.510,-1172408.740,350.450
-443742.250,-1172408.960,350.450
-443742.000,-1172409.170,350.450
-443741.750,-1172409.390,350.450
-443741.500,-1172409.600,350.460
-443741.270,-1172409.790,350.460
-443741.030,-1172409.990,350.460
-443740.780,-1172410.210,350.460
-443740.510,-1172410.440,350.460
-443740.290,-1172410.630,350.460
-443740.040,-1172410.840,350.470
-443739.770,-1172411.070,350.470
-443739.520,-1172411.280,350.480
-443739.290,-1172411.470,350.480
-443739.030,-1172411.690,350.480
-443738.790,-1172411.900,350.480
-443742.730,-1172408.010,350.450
-443742.470,-1172408.240,350.450
-443742.240,-1172408.430,350.450
-443742.010,-1172408.630,350.450
-443741.760,-1172408.840,350.450
-443741.510,-1172409.050,350.450
-443741.250,-1172409.270,350.450
-443741.020,-1172409.470,350.450
-443740.770,-1172409.680,350.450
-443740.510,-1172409.900,350.450
-443740.260,-1172410.120,350.460
-443740.010,-1172410.320,350.460
-443739.770,-1172410.540,350.470
-443739.510,-1172410.750,350.470
-443739.270,-1172410.960,350.480
-443739.030,-1172411.160,350.480
-443738.790,-1172411.360,350.480
-443738.560,-1172411.560,350.480
-443738.320,-1172411.760,350.480
-443738.070,-1172411.970,350.490
-443744.890,-1172407.750,350.440
-443744.640,-1172407.970,350.450
-443744.390,-1172408.180,350.460
-443744.160,-1172408.380,350.460
-443743.920,-1172408.580,350.460
-443743.680,-1172408.790,350.470
-443743.430,-1172408.990,350.470
-443742.950,-1172409.400,350.470
-443742.700,-1172409.620,350.470
-443742.450,-1172409.830,350.460
-443742.220,-1172410.020,350.470
-443741.960,-1172410.250,350.470
-443741.700,-1172410.460,350.470
-443741.470,-1172410.660,350.470
-443741.240,-1172410.860,350.480
-443740.960,-1172411.090,350.480
-443740.720,-1172411.300,350.480
-443740.470,-1172411.510,350.480
-443740.220,-1172411.720,350.490
-443739.960,-1172411.940,350.490
-443744.200,-1172407.810,350.460
-443743.960,-1172408.010,350.460
-443743.720,-1172408.220,350.460
-443743.470,-1172408.430,350.460
-443743.230,-1172408.630,350.460
-443742.980,-1172408.850,350.460
-443742.720,-1172409.060,350.460
-443742.490,-1172409.260,350.460
-443742.240,-1172409.470,350.460
-443741.990,-1172409.690,350.460
-443741.740,-1172409.900,350.460
-443741.480,-1172410.120,350.460
-443741.230,-1172410.330,350.460
-443740.980,-1172410.540,350.470
-443740.730,-1172410.750,350.470
-443740.500,-1172410.950,350.470
-443740.260,-1172411.160,350.480
-443740.010,-1172411.370,350.480
-443739.750,-1172411.580,350.480
-443739.520,-1172411.780,350.480
-443739.260,-1172412.000,350.480
-443745.380,-1172408.260,350.440
-443745.140,-1172408.460,350.450
-443744.900,-1172408.670,350.450
-443744.660,-1172408.870,350.460
-443744.410,-1172409.090,350.470
-443744.160,-1172409.300,350.470
-443743.670,-1172409.720,350.490
-443743.420,-1172409.930,350.490
-443743.170,-1172410.140,350.490
-443742.920,-1172410.350,350.480
-443742.430,-1172410.770,350.480
-443742.180,-1172410.980,350.480
-443741.940,-1172411.180,350.480
-443741.690,-1172411.390,350.480
-443741.460,-1172411.590,350.490
-443741.230,-1172411.790,350.490
-443745.440,-1172407.690,350.430
-443745.190,-1172407.910,350.440
-443744.950,-1172408.110,350.440
-443744.690,-1172408.330,350.450
-443744.440,-1172408.540,350.460
-443744.190,-1172408.750,350.465
-443743.960,-1172408.950,350.470
-443743.700,-1172409.170,350.470
-443743.460,-1172409.370,350.470
-443743.210,-1172409.590,350.470
-443742.970,-1172409.790,350.475
-443742.720,-1172410.010,350.470
-443742.490,-1172410.200,350.470
-443742.250,-1172410.400,350.470
-443742.000,-1172410.620,350.470
-443741.760,-1172410.820,350.480
-443741.510,-1172411.030,350.480
-443741.270,-1172411.230,350.480
-443741.020,-1172411.440,350.480
-443740.780,-1172411.650,350.490
-443740.530,-1172411.870,350.490
-443742.970,-1172411.210,350.490
-443742.720,-1172411.420,350.490
-443742.490,-1172411.620,350.490
-443746.700,-1172407.630,350.420
-443746.450,-1172407.840,350.430
-443746.190,-1172408.050,350.430
-443745.960,-1172408.250,350.440
-443745.720,-1172408.460,350.440
-443745.470,-1172408.670,350.450
-443745.210,-1172408.890,350.450
-443744.950,-1172409.110,350.460
-443744.700,-1172409.320,350.470
-443744.450,-1172409.540,350.480
-443744.210,-1172409.740,350.480
-443743.970,-1172409.940,350.490
-443743.740,-1172410.140,350.490
-443743.480,-1172410.360,350.490
-443743.220,-1172410.580,350.490
-443742.980,-1172410.780,350.490
-443742.730,-1172410.990,350.490
-443742.480,-1172411.210,350.490
-443742.220,-1172411.430,350.485
-443741.990,-1172411.630,350.490
-443741.720,-1172411.850,350.495
-443746.140,-1172407.620,350.430
-443745.890,-1172407.830,350.430
-443745.640,-1172408.050,350.440
-443747.800,-1172407.480,350.420
-443747.560,-1172407.690,350.420
-443747.300,-1172407.910,350.420
-443747.070,-1172408.100,350.430
-443746.820,-1172408.320,350.430
-443746.570,-1172408.520,350.440
-443746.330,-1172408.730,350.440
-443746.100,-1172408.930,350.450
-443745.850,-1172409.130,350.450
-443745.600,-1172409.350,350.460
-443745.360,-1172409.550,350.460
-443745.130,-1172409.750,350.470
-443744.870,-1172409.970,350.480
-443744.640,-1172410.170,350.490
-443744.380,-1172410.380,350.490
-443744.130,-1172410.600,350.500
-443743.890,-1172410.810,350.500
-443743.650,-1172411.010,350.500
-443743.390,-1172411.220,350.500
-443743.150,-1172411.430,350.500
-443742.890,-1172411.650,350.500
-443747.150,-1172407.660,350.420
-443746.920,-1172407.850,350.420
-443746.670,-1172408.070,350.430
-443746.420,-1172408.280,350.430
-443746.190,-1172408.480,350.440
-443745.940,-1172408.690,350.440
-443745.690,-1172408.900,350.450
-443745.440,-1172409.120,350.450
-443745.190,-1172409.320,350.460
-443744.950,-1172409.530,350.470
-443744.700,-1172409.740,350.470
-443744.450,-1172409.950,350.480
-443744.210,-1172410.150,350.490
-443743.950,-1172410.380,350.500
-443743.690,-1172410.600,350.500
-443743.440,-1172410.810,350.500
-443743.210,-1172411.010,350.500
-443748.950,-1172407.530,350.420
-443748.700,-1172407.740,350.420
-443748.430,-1172407.970,350.420
-443748.180,-1172408.180,350.420
-443747.940,-1172408.390,350.430
-443747.710,-1172408.580,350.430
-443747.470,-1172408.790,350.440
-443747.210,-1172409.000,350.440
-443746.960,-1172409.220,350.450
-443746.470,-1172409.630,350.460
-443746.220,-1172409.850,350.470
-443745.970,-1172410.060,350.470
-443745.730,-1172410.260,350.480
-443745.470,-1172410.480,350.485
-443744.980,-1172410.900,350.500
-443744.740,-1172411.100,350.500
-443744.500,-1172411.310,350.510
-443744.260,-1172411.510,350.515
-443744.030,-1172411.710,350.520
-443748.290,-1172407.590,350.420
-443748.030,-1172407.800,350.420
-443747.780,-1172408.020,350.420
-443747.520,-1172408.230,350.420
-443747.280,-1172408.440,350.430
-443747.030,-1172408.650,350.440
-443746.780,-1172408.860,350.440
-443746.530,-1172409.080,350.450
-443746.300,-1172409.270,350.450
-443746.040,-1172409.490,350.460
-443745.800,-1172409.700,350.460
-443745.560,-1172409.900,350.470
-443745.330,-1172410.090,350.480
-443745.100,-1172410.290,350.485
-443744.830,-1172410.520,350.490
-443744.590,-1172410.720,350.500
-443744.370,-1172410.920,350.500
-443744.100,-1172411.140,350.510
-443743.860,-1172411.340,350.510
-443743.610,-1172411.560,350.510
-443749.740,-1172407.350,350.410
-443749.510,-1172407.550,350.420
-443749.260,-1172407.760,350.420
-443748.990,-1172407.990,350.420
-443748.750,-1172408.190,350.420
-443748.520,-1172408.390,350.420
-443748.280,-1172408.600,350.430
-443748.010,-1172408.820,350.440
-443747.760,-1172409.040,350.445
-443747.520,-1172409.240,350.450
-443747.260,-1172409.460,350.450
-443747.010,-1172409.670,350.460
-443746.770,-1172409.870,350.470
-443746.550,-1172410.060,350.470
-443746.300,-1172410.280,350.480
-443746.030,-1172410.510,350.490
-443745.800,-1172410.700,350.490
-443745.550,-1172410.910,350.500
-443745.290,-1172411.130,350.500
-443745.030,-1172411.350,350.500
-443744.800,-1172411.550,350.520
-443748.880,-1172409.030,350.450
-443748.630,-1172409.240,350.460
-443748.390,-1172409.440,350.460
-443748.150,-1172409.640,350.470
-443747.900,-1172409.860,350.470
-443747.650,-1172410.070,350.470
-443747.410,-1172410.270,350.480
-443747.150,-1172410.500,350.480
-443746.910,-1172410.700,350.490
-443746.690,-1172410.890,350.490
-443746.430,-1172411.110,350.500
-443746.170,-1172411.330,350.500
-443745.910,-1172411.550,350.510
-443750.300,-1172407.300,350.420
-443750.060,-1172407.510,350.420
-443749.820,-1172407.710,350.420
-443749.560,-1172407.930,350.420
-443749.330,-1172408.120,350.430
-443749.100,-1172408.320,350.430
-443748.840,-1172408.540,350.430
-443748.600,-1172408.750,350.440
-443748.350,-1172408.960,350.450
-443748.090,-1172409.180,350.450
-443747.850,-1172409.380,350.460
-443747.610,-1172409.580,350.460
-443747.370,-1172409.790,350.460
-443747.100,-1172410.020,350.470
-443746.850,-1172410.230,350.480
-443746.610,-1172410.440,350.480
-443746.350,-1172410.660,350.490
-443746.110,-1172410.850,350.490
-443745.870,-1172411.060,350.500
-443745.640,-1172411.260,350.500
-443745.380,-1172411.480,350.510
-443745.130,-1172411.690,350.520
-443751.510,-1172407.210,350.430
-443751.280,-1172407.410,350.430
-443751.020,-1172407.630,350.430
-443750.760,-1172407.850,350.430
-443750.530,-1172408.050,350.430
-443750.270,-1172408.260,350.440
-443750.020,-1172408.480,350.440
-443749.770,-1172408.690,350.450
-443749.530,-1172408.900,350.450
-443749.270,-1172409.120,350.460
-443749.030,-1172409.320,350.470
-443748.790,-1172409.530,350.470
-443748.550,-1172409.730,350.470
-443748.310,-1172409.930,350.480
-443748.070,-1172410.140,350.480
-443747.830,-1172410.340,350.480
-443747.580,-1172410.550,350.480
-443747.340,-1172410.760,350.490
-443747.100,-1172410.960,350.490
-443746.850,-1172411.180,350.500
-443746.610,-1172411.370,350.510
-443746.350,-1172411.590,350.510
-443750.820,-1172407.380,350.420
-443750.580,-1172407.580,350.420
-443750.330,-1172407.800,350.430
-443750.100,-1172407.990,350.430
-443749.840,-1172408.210,350.430
-443749.600,-1172408.420,350.430
-443749.360,-1172408.620,350.440
-443749.130,-1172408.820,350.440
-443751.950,-1172407.230,350.430
-443751.690,-1172407.450,350.430
-443751.420,-1172407.680,350.430
-443751.180,-1172407.880,350.430
-443750.930,-1172408.100,350.440
-443750.680,-1172408.310,350.440
-443750.440,-1172408.510,350.440
-443750.220,-1172408.700,350.450
-443749.960,-1172408.920,350.450
-443749.700,-1172409.150,350.460
-443749.460,-1172409.340,350.470
-443749.210,-1172409.560,350.470
-443748.960,-1172409.770,350.480
-443748.700,-1172409.990,350.480
-443748.470,-1172410.180,350.480
-443748.220,-1172410.400,350.485
-443747.970,-1172410.610,350.490
-443747.710,-1172410.830,350.490
-443747.480,-1172411.030,350.500
-443747.240,-1172411.230,350.500
-443747.000,-1172411.430,350.510
-443746.760,-1172411.640,350.510
-443752.500,-1172407.100,350.440
-443752.260,-1172407.310,350.440
-443752.020,-1172407.510,350.440
-443751.760,-1172407.730,350.440
-443751.510,-1172407.940,350.440
-443751.270,-1172408.150,350.440
-443751.030,-1172408.350,350.440
-443750.780,-1172408.560,350.450
-443750.520,-1172408.780,350.450
-443750.270,-1172408.990,350.450
-443750.020,-1172409.210,350.460
-443749.760,-1172409.430,350.470
-443749.530,-1172409.630,350.470
-443749.290,-1172409.830,350.480
-443749.050,-1172410.030,350.490
-443748.790,-1172410.250,350.490
-443748.540,-1172410.460,350.490
-443748.300,-1172410.670,350.490
-443748.050,-1172410.880,350.500
-443747.790,-1172411.100,350.510
-443747.540,-1172411.320,350.505
-443747.310,-1172411.510,350.510
-443753.170,-1172407.050,350.450
-443752.930,-1172407.250,350.450
-443752.680,-1172407.460,350.450
-443752.440,-1172407.660,350.440
-443752.210,-1172407.860,350.440
-443751.960,-1172408.070,350.445
-443751.710,-1172408.280,350.450
-443751.470,-1172408.480,350.450
-443751.220,-1172408.700,350.460
-443750.990,-1172408.900,350.460
-443750.730,-1172409.120,350.460
-443750.480,-1172409.330,350.460
-443750.240,-1172409.530,350.470
-443750.000,-1172409.730,350.470
-443749.740,-1172409.960,350.480
-443749.500,-1172410.160,350.490
-443749.250,-1172410.380,350.500
-443748.720,-1172410.820,350.500
-443748.500,-1172411.010,350.500
-443748.250,-1172411.220,350.510
-443748.010,-1172411.430,350.510
-443753.740,-1172407.080,350.460
-443753.490,-1172407.290,350.460
-443753.230,-1172407.510,350.455
-443753.000,-1172407.710,350.450
-443752.730,-1172407.930,350.450
-443752.500,-1172408.130,350.455
-443752.240,-1172408.350,350.460
-443752.010,-1172408.550,350.460
-443751.770,-1172408.750,350.460
-443751.530,-1172408.950,350.460
-443751.300,-1172409.150,350.470
-443751.050,-1172409.360,350.470
-443750.800,-1172409.570,350.470
-443750.560,-1172409.780,350.470
-443750.310,-1172409.990,350.480
-443750.070,-1172410.190,350.480
-443749.820,-1172410.410,350.490
-443749.560,-1172410.630,350.500
-443749.320,-1172410.830,350.500
-443749.080,-1172411.030,350.500
-443748.830,-1172411.240,350.510
-443748.580,-1172411.460,350.520
-443749.930,-1172411.190,350.505
-443749.690,-1172411.390,350.520
-443754.320,-1172407.080,350.470
-443754.080,-1172407.280,350.470
-443753.840,-1172407.480,350.470
-443753.570,-1172407.710,350.470
-443753.330,-1172407.910,350.460
-443753.100,-1172408.110,350.460
-443752.830,-1172408.340,350.460
-443752.580,-1172408.550,350.460
-443752.330,-1172408.770,350.470
-443752.090,-1172408.960,350.460
-443751.830,-1172409.190,350.470
-443751.600,-1172409.380,350.470
-443751.350,-1172409.590,350.480
-443751.110,-1172409.800,350.480
-443750.860,-1172410.010,350.480
-443750.630,-1172410.200,350.490
-443750.400,-1172410.400,350.490
-443750.140,-1172410.630,350.500
-443749.900,-1172410.830,350.500
-443749.670,-1172411.020,350.500
-443749.410,-1172411.240,350.520
-443749.160,-1172411.450,350.520
-443752.700,-1172409.330,350.490
-443752.470,-1172409.520,350.490
-443752.230,-1172409.730,350.490
-443751.980,-1172409.940,350.490
-443751.730,-1172410.150,350.490
-443751.480,-1172410.360,350.495
-443751.240,-1172410.570,350.500
-443750.980,-1172410.780,350.500
-443750.730,-1172410.990,350.500
-443750.480,-1172411.210,350.510
-443750.240,-1172411.420,350.510
-443754.630,-1172407.200,350.480
-443754.370,-1172407.420,350.475
-443754.130,-1172407.630,350.470
-443753.610,-1172408.070,350.470
-443753.380,-1172408.260,350.470
-443753.140,-1172408.460,350.470
-443752.890,-1172408.680,350.470
-443752.640,-1172408.890,350.470
-443752.390,-1172409.100,350.470
-443752.140,-1172409.310,350.480
-443751.900,-1172409.520,350.480
-443751.650,-1172409.730,350.480
-443751.390,-1172409.950,350.480
-443751.150,-1172410.160,350.490
-443750.890,-1172410.370,350.490
-443750.660,-1172410.570,350.490
-443750.410,-1172410.780,350.500
-443750.170,-1172410.990,350.500
-443754.630,-1172408.120,350.480
-443754.380,-1172408.330,350.490
-443754.130,-1172408.540,350.485
-443753.880,-1172408.760,350.490
-443753.630,-1172408.970,350.490
-443753.380,-1172409.180,350.490
-443753.140,-1172409.380,350.490
-443752.900,-1172409.590,350.490
-443752.650,-1172409.800,350.490
-443752.400,-1172410.010,350.490
-443752.140,-1172410.240,350.490
-443751.880,-1172410.450,350.495
-443751.630,-1172410.670,350.500
-443751.390,-1172410.870,350.500
-443751.160,-1172411.070,350.505
-443750.920,-1172411.270,350.510
-443754.690,-1172407.630,350.480
-443754.450,-1172407.840,350.480
-443754.210,-1172408.040,350.480
-443753.980,-1172408.240,350.480
-443753.710,-1172408.470,350.480
-443753.460,-1172408.680,350.480
-443753.210,-1172408.890,350.480
-443752.950,-1172409.120,350.480
-443754.720,-1172408.470,350.490
-443754.490,-1172408.660,350.490
-443754.240,-1172408.870,350.500
-443754.000,-1172409.070,350.500
-443753.740,-1172409.300,350.500
-443753.520,-1172409.490,350.500
-443753.280,-1172409.690,350.500
-443753.010,-1172409.920,350.495
-443752.780,-1172410.110,350.490
-443752.540,-1172410.320,350.490
-443752.270,-1172410.550,350.500
-443752.030,-1172410.750,350.510
-443751.800,-1172410.950,350.510
-443751.550,-1172411.160,350.510
-443751.290,-1172411.380,350.510
-443754.600,-1172408.970,350.500
-443754.360,-1172409.180,350.500
-443754.100,-1172409.400,350.500
-443753.860,-1172409.600,350.500
-443753.630,-1172409.800,350.505
-443753.390,-1172410.000,350.500
-443753.150,-1172410.210,350.500
-443752.900,-1172410.420,350.500
-443752.660,-1172410.630,350.510
-443752.420,-1172410.830,350.510
-443752.160,-1172411.050,350.510
-443751.920,-1172411.250,350.520
-443754.690,-1172409.470,350.510
-443754.440,-1172409.680,350.510
-443754.180,-1172409.900,350.510
-443753.940,-1172410.100,350.510
-443753.700,-1172410.310,350.510
-443753.460,-1172410.510,350.510
-443753.200,-1172410.740,350.510
-443752.960,-1172410.940,350.510
-443752.740,-1172411.130,350.520
-443752.490,-1172411.340,350.520
-443754.780,-1172409.930,350.510
-443754.530,-1172410.140,350.510
-443754.270,-1172410.360,350.520
-443754.030,-1172410.560,350.520
-443753.790,-1172410.770,350.520
-443753.520,-1172410.990,350.520
-443753.270,-1172411.200,350.520
-443754.860,-1172410.750,350.530
-443754.620,-1172410.950,350.530
-443754.360,-1172411.170,350.520
-443754.800,-1172410.420,350.520
-443754.550,-1172410.630,350.520
-443754.310,-1172410.840,350.520
-443754.080,-1172411.030,350.520
-443753.820,-1172411.250,350.530
-443732.580,-1172397.730,350.525
-443733.060,-1172397.670,350.510
-443732.820,-1172397.870,350.520
-443732.580,-1172398.080,350.520
-443732.380,-1172398.250,350.510
-443732.120,-1172398.470,350.500
-443733.550,-1172397.750,350.510
-443733.320,-1172397.950,350.510
-443733.060,-1172398.170,350.510
-443732.810,-1172398.380,350.510
-443732.570,-1172398.580,350.510
-443732.510,-1172398.630,350.510
-443734.000,-1172397.880,350.500
-443733.750,-1172398.090,350.500
-443733.510,-1172398.290,350.510
-443733.270,-1172398.490,350.510
-443733.030,-1172398.700,350.510
-443732.780,-1172398.910,350.510
-443734.720,-1172397.720,350.490
-443734.460,-1172397.940,350.490
-443734.210,-1172398.150,350.500
-443733.970,-1172398.360,350.500
-443733.730,-1172398.560,350.500
-443733.470,-1172398.780,350.510
-443733.210,-1172399.000,350.510
-443732.960,-1172399.210,350.500
-443732.720,-1172399.420,350.490
-443735.200,-1172397.680,350.490
-443734.950,-1172397.900,350.490
-443734.710,-1172398.100,350.490
-443734.470,-1172398.300,350.500
-443734.220,-1172398.520,350.490
-443733.970,-1172398.720,350.500
-443733.730,-1172398.940,350.500
-443733.480,-1172399.150,350.500
-443733.230,-1172399.350,350.500
-443732.990,-1172399.560,350.500
-443732.740,-1172399.770,350.480
-443735.620,-1172397.810,350.490
-443735.360,-1172398.030,350.490
-443735.110,-1172398.240,350.490
-443734.870,-1172398.450,350.490
-443734.640,-1172398.640,350.490
-443734.400,-1172398.840,350.490
-443734.140,-1172399.070,350.490
-443733.910,-1172399.260,350.490
-443733.670,-1172399.460,350.490
-443733.410,-1172399.690,350.500
-443733.170,-1172399.890,350.490
-443732.920,-1172400.100,350.490
-443732.670,-1172400.310,350.470
-443732.610,-1172400.370,350.455
-443736.310,-1172397.660,350.480
-443736.070,-1172397.860,350.480
-443735.820,-1172398.080,350.485
-443735.570,-1172398.290,350.485
-443735.320,-1172398.500,350.480
-443735.070,-1172398.710,350.480
-443734.820,-1172398.920,350.480
-443734.580,-1172399.130,350.480
-443734.330,-1172399.340,350.480
-443734.090,-1172399.540,350.480
-443733.850,-1172399.750,350.490
-443733.610,-1172399.950,350.490
-443733.370,-1172400.150,350.490
-443733.120,-1172400.360,350.490
-443732.880,-1172400.570,350.480
-443732.640,-1172400.770,350.450
-443736.950,-1172397.530,350.480
-443736.710,-1172397.730,350.470
-443736.460,-1172397.950,350.480
-443736.210,-1172398.160,350.480
-443735.970,-1172398.360,350.480
-443735.750,-1172398.550,350.480
-443735.490,-1172398.770,350.480
-443735.220,-1172399.000,350.480
-443734.990,-1172399.190,350.480
-443734.750,-1172399.400,350.480
-443734.490,-1172399.620,350.475
-443734.230,-1172399.840,350.480
-443734.000,-1172400.040,350.480
-443733.750,-1172400.250,350.490
-443733.500,-1172400.460,350.490
-443733.240,-1172400.680,350.490
-443733.020,-1172400.870,350.490
-443732.780,-1172401.070,350.480
-443737.550,-1172397.430,350.470
-443737.290,-1172397.650,350.470
-443737.030,-1172397.870,350.470
-443736.810,-1172398.070,350.470
-443736.560,-1172398.270,350.470
-443736.310,-1172398.490,350.470
-443736.050,-1172398.710,350.470
-443735.800,-1172398.920,350.470
-443735.550,-1172399.130,350.470
-443735.290,-1172399.350,350.470
-443735.050,-1172399.550,350.470
-443734.810,-1172399.760,350.470
-443734.580,-1172399.960,350.470
-443734.320,-1172400.180,350.470
-443734.070,-1172400.390,350.480
-443733.840,-1172400.590,350.490
-443733.580,-1172400.800,350.490
-443733.320,-1172401.030,350.490
-443733.070,-1172401.240,350.490
-443732.840,-1172401.440,350.475
-443733.580,-1172401.400,350.490
-443733.330,-1172401.610,350.500
-443733.090,-1172401.820,350.500
-443732.840,-1172402.030,350.480
-443738.260,-1172397.430,350.470
-443738.020,-1172397.630,350.470
-443737.780,-1172397.830,350.470
-443737.530,-1172398.040,350.470
-443737.280,-1172398.260,350.460
-443737.040,-1172398.460,350.460
-443736.800,-1172398.670,350.460
-443736.550,-1172398.870,350.460
-443736.300,-1172399.090,350.460
-443736.040,-1172399.310,350.460
-443735.810,-1172399.500,350.460
-443735.560,-1172399.710,350.460
-443735.310,-1172399.930,350.460
-443735.060,-1172400.140,350.460
-443734.550,-1172400.580,350.460
-443734.300,-1172400.790,350.470
-443734.060,-1172400.990,350.480
-443733.820,-1172401.190,350.490
-443738.260,-1172398.000,350.460
-443738.010,-1172398.220,350.460
-443737.760,-1172398.420,350.460
-443737.530,-1172398.620,350.450
-443737.290,-1172398.820,350.450
-443737.050,-1172399.030,350.450
-443736.800,-1172399.240,350.450
-443736.560,-1172399.450,350.450
-443736.330,-1172399.640,350.450
-443736.070,-1172399.860,350.450
-443735.830,-1172400.070,350.450
-443735.580,-1172400.280,350.450
-443735.330,-1172400.490,350.450
-443735.090,-1172400.700,350.450
-443734.850,-1172400.900,350.460
-443734.600,-1172401.110,350.465
-443734.330,-1172401.340,350.470
-443734.080,-1172401.550,350.480
-443733.830,-1172401.770,350.490
-443733.580,-1172401.980,350.500
-443733.330,-1172402.190,350.500
-443733.100,-1172402.380,350.500
-443732.860,-1172402.590,350.490
-443738.990,-1172397.380,350.480
-443738.760,-1172397.580,350.470
-443738.500,-1172397.800,350.470
-443739.700,-1172397.290,350.480
-443739.450,-1172397.510,350.475
-443739.200,-1172397.720,350.470
-443738.960,-1172397.920,350.470
-443738.720,-1172398.130,350.460
-443738.450,-1172398.350,350.460
-443738.200,-1172398.570,350.460
-443737.950,-1172398.780,350.450
-443737.710,-1172398.980,350.450
-443737.450,-1172399.210,350.450
-443737.220,-1172399.400,350.440
-443736.960,-1172399.620,350.440
-443736.720,-1172399.820,350.440
-443736.480,-1172400.030,350.440
-443736.240,-1172400.230,350.440
-443736.020,-1172400.420,350.440
-443735.750,-1172400.650,350.440
-443735.520,-1172400.850,350.450
-443735.290,-1172401.040,350.450
-443735.030,-1172401.260,350.450
-443734.780,-1172401.470,350.460
-443734.540,-1172401.680,350.470
-443734.290,-1172401.890,350.480
-443734.040,-1172402.100,350.480
-443733.800,-1172402.300,350.490
-443733.550,-1172402.510,350.500
-443733.300,-1172402.730,350.500
-443733.040,-1172402.950,350.500
-443732.790,-1172403.160,350.480
-443740.040,-1172397.440,350.470
-443739.780,-1172397.650,350.460
-443739.520,-1172397.870,350.470
-443739.270,-1172398.080,350.460
-443739.040,-1172398.280,350.460
-443738.790,-1172398.500,350.450
-443738.550,-1172398.700,350.450
-443738.300,-1172398.910,350.450
-443738.050,-1172399.130,350.450
-443737.810,-1172399.330,350.440
-443737.560,-1172399.540,350.440
-443737.310,-1172399.750,350.430
-443737.060,-1172399.960,350.430
-443736.820,-1172400.170,350.430
-443736.560,-1172400.390,350.430
-443736.330,-1172400.590,350.430
-443736.070,-1172400.800,350.435
-443735.830,-1172401.010,350.440
-443735.580,-1172401.220,350.450
-443735.350,-1172401.420,350.450
-443735.110,-1172401.620,350.450
-443734.850,-1172401.840,350.460
-443734.620,-1172402.040,350.470
-443734.380,-1172402.240,350.470
-443734.130,-1172402.450,350.480
-443733.890,-1172402.650,350.490
-443733.640,-1172402.870,350.500
-443733.380,-1172403.090,350.510
-443733.150,-1172403.290,350.505
-443732.910,-1172403.490,350.490
-443740.760,-1172397.350,350.460
-443740.510,-1172397.560,350.460
-443740.250,-1172397.780,350.460
-443740.020,-1172397.980,350.450
-443739.780,-1172398.180,350.450
-443739.520,-1172398.410,350.450
-443739.270,-1172398.620,350.450
-443739.020,-1172398.830,350.450
-443738.750,-1172399.050,350.450
-443738.500,-1172399.270,350.440
-443738.260,-1172399.470,350.440
-443738.040,-1172399.670,350.430
-443737.790,-1172399.880,350.430
-443737.520,-1172400.100,350.420
-443737.280,-1172400.310,350.420
-443737.050,-1172400.510,350.420
-443736.780,-1172400.740,350.420
-443736.530,-1172400.940,350.420
-443736.290,-1172401.150,350.425
-443736.040,-1172401.360,350.430
-443735.550,-1172401.770,350.440
-443735.300,-1172401.990,350.450
-443735.050,-1172402.200,350.450
-443734.820,-1172402.400,350.460
-443734.590,-1172402.590,350.470
-443734.350,-1172402.790,350.480
-443734.090,-1172403.020,350.490
-443733.850,-1172403.220,350.500
-443733.620,-1172403.420,350.510
-443733.360,-1172403.630,350.510
-443733.110,-1172403.850,350.500
-443732.860,-1172404.060,350.490
-443740.440,-1172398.100,350.450
-443740.200,-1172398.310,350.450
-443739.970,-1172398.500,350.450
-443739.710,-1172398.730,350.440
-443739.480,-1172398.920,350.440
-443739.210,-1172399.140,350.440
-443738.970,-1172399.350,350.440
-443738.730,-1172399.550,350.430
-443738.500,-1172399.750,350.430
-443738.240,-1172399.970,350.430
-443737.980,-1172400.190,350.420
-443737.730,-1172400.410,350.410
-443737.470,-1172400.620,350.420
-443737.210,-1172400.840,350.410
-443736.980,-1172401.040,350.420
-443736.740,-1172401.240,350.420
-443736.510,-1172401.440,350.420
-443736.250,-1172401.660,350.420
-443736.000,-1172401.870,350.430
-443735.760,-1172402.070,350.440
-443735.510,-1172402.290,350.450
-443735.250,-1172402.510,350.450
-443735.000,-1172402.720,350.460
-443734.760,-1172402.930,350.470
-443734.510,-1172403.140,350.480
-443734.270,-1172403.340,350.480
-443734.010,-1172403.560,350.490
-443733.780,-1172403.760,350.500
-443733.540,-1172403.960,350.510
-443733.300,-1172404.160,350.510
-443733.060,-1172404.370,350.500
-443732.810,-1172404.590,350.465
-443741.420,-1172397.270,350.460
-443741.180,-1172397.480,350.460
-443740.930,-1172397.680,350.450
-443740.690,-1172397.890,350.450
-443741.810,-1172397.380,350.460
-443741.560,-1172397.600,350.450
-443741.310,-1172397.810,350.450
-443741.080,-1172398.010,350.450
-443740.820,-1172398.220,350.450
-443740.570,-1172398.440,350.440
-443740.340,-1172398.630,350.440
-443740.110,-1172398.830,350.440
-443739.870,-1172399.030,350.440
-443739.600,-1172399.260,350.430
-443739.370,-1172399.460,350.430
-443739.140,-1172399.650,350.430
-443738.880,-1172399.870,350.430
-443738.640,-1172400.080,350.420
-443738.390,-1172400.290,350.410
-443738.140,-1172400.500,350.410
-443737.890,-1172400.720,350.410
-443737.650,-1172400.920,350.410
-443737.400,-1172401.130,350.410
-443737.150,-1172401.340,350.410
-443736.880,-1172401.570,350.420
-443736.630,-1172401.780,350.420
-443736.390,-1172401.980,350.420
-443736.140,-1172402.200,350.430
-443735.900,-1172402.400,350.440
-443735.670,-1172402.600,350.440
-443735.420,-1172402.810,350.450
-443735.150,-1172403.040,350.460
-443734.910,-1172403.240,350.470
-443734.670,-1172403.450,350.470
-443734.420,-1172403.660,350.480
-443734.150,-1172403.890,350.490
-443733.920,-1172404.080,350.500
-443733.680,-1172404.290,350.510
-443733.430,-1172404.500,350.510
-443733.180,-1172404.710,350.500
-443732.950,-1172404.910,350.480
-443740.350,-1172399.050,350.440
-443740.110,-1172399.260,350.430
-443739.850,-1172399.480,350.430
-443739.610,-1172399.680,350.420
-443739.370,-1172399.880,350.420
-443739.150,-1172400.070,350.420
-443738.900,-1172400.290,350.410
-443738.650,-1172400.500,350.410
-443738.410,-1172400.700,350.410
-443738.170,-1172400.900,350.410
-443737.910,-1172401.120,350.410
-443737.670,-1172401.330,350.400
-443737.420,-1172401.540,350.410
-443737.170,-1172401.760,350.410
-443736.930,-1172401.950,350.415
-443736.700,-1172402.150,350.420
-443736.440,-1172402.370,350.425
-443736.190,-1172402.590,350.440
-443735.930,-1172402.810,350.440
-443735.680,-1172403.020,350.450
-443735.420,-1172403.240,350.450
-443735.180,-1172403.440,350.460
-443734.950,-1172403.640,350.470
-443734.710,-1172403.840,350.480
-443734.450,-1172404.060,350.480
-443734.200,-1172404.270,350.490
-443733.960,-1172404.480,350.500
-443733.710,-1172404.690,350.500
-443733.450,-1172404.910,350.500
-443733.200,-1172405.120,350.500
-443732.970,-1172405.320,350.480
-443742.350,-1172397.350,350.455
-443742.100,-1172397.570,350.450
-443741.840,-1172397.790,350.440
-443741.600,-1172398.000,350.440
-443741.350,-1172398.210,350.440
-443741.090,-1172398.430,350.440
-443740.840,-1172398.640,350.440
-443740.600,-1172398.840,350.440
-443743.090,-1172397.210,350.460
-443742.840,-1172397.420,350.455
-443742.580,-1172397.640,350.450
-443742.320,-1172397.860,350.440
-443742.080,-1172398.070,350.440
-443741.830,-1172398.280,350.440
-443741.580,-1172398.490,350.440
-443741.360,-1172398.680,350.440
-443741.110,-1172398.890,350.430
-443740.850,-1172399.110,350.430
-443740.610,-1172399.320,350.430
-443740.350,-1172399.540,350.420
-443740.110,-1172399.740,350.420
-443739.850,-1172399.970,350.410
-443739.610,-1172400.170,350.410
-443739.360,-1172400.380,350.410
-443739.130,-1172400.580,350.410
-443738.860,-1172400.800,350.400
-443738.620,-1172401.010,350.400
-443738.390,-1172401.210,350.400
-443738.140,-1172401.410,350.400
-443737.900,-1172401.620,350.400
-443737.650,-1172401.830,350.400
-443737.420,-1172402.020,350.410
-443737.180,-1172402.230,350.410
-443736.920,-1172402.450,350.420
-443736.690,-1172402.650,350.420
-443736.440,-1172402.860,350.430
-443736.170,-1172403.090,350.440
-443735.940,-1172403.280,350.445
-443735.700,-1172403.480,350.450
-443735.450,-1172403.690,350.450
-443735.180,-1172403.930,350.460
-443734.940,-1172404.140,350.470
-443734.690,-1172404.340,350.480
-443734.420,-1172404.570,350.490
-443734.190,-1172404.770,350.490
-443733.960,-1172404.960,350.500
-443733.720,-1172405.170,350.500
-443733.460,-1172405.390,350.500
-443733.210,-1172405.600,350.495
-443732.980,-1172405.800,350.480
-443743.560,-1172397.320,350.460
-443743.300,-1172397.540,350.460
-443743.050,-1172397.760,350.450
-443742.810,-1172397.960,350.450
-443742.570,-1172398.160,350.440
-443742.310,-1172398.380,350.430
-443742.060,-1172398.600,350.430
-443741.810,-1172398.810,350.430
-443741.550,-1172399.030,350.430
-443741.300,-1172399.240,350.430
-443741.060,-1172399.440,350.420
-443740.830,-1172399.640,350.420
-443740.580,-1172399.850,350.410
-443740.330,-1172400.070,350.410
-443740.080,-1172400.280,350.410
-443739.830,-1172400.480,350.410
-443739.580,-1172400.700,350.400
-443739.330,-1172400.910,350.400
-443739.070,-1172401.130,350.400
-443738.820,-1172401.350,350.400
-443738.580,-1172401.550,350.400
-443738.340,-1172401.750,350.400
-443738.090,-1172401.970,350.400
-443737.860,-1172402.170,350.400
-443737.620,-1172402.370,350.410
-443737.380,-1172402.570,350.410
-443737.140,-1172402.780,350.410
-443736.880,-1172402.990,350.420
-443736.650,-1172403.190,350.430
-443736.410,-1172403.390,350.440
-443736.160,-1172403.610,350.440
-443735.910,-1172403.810,350.450
-443735.660,-1172404.030,350.450
-443735.410,-1172404.240,350.460
-443735.170,-1172404.450,350.460
-443734.920,-1172404.650,350.480
-443734.680,-1172404.860,350.480
-443734.430,-1172405.080,350.485
-443734.170,-1172405.290,350.490
-443733.910,-1172405.520,350.495
-443733.670,-1172405.720,350.500
-443733.420,-1172405.930,350.490
-443733.190,-1172406.130,350.490
-443732.950,-1172406.330,350.460
-443736.510,-1172403.740,350.430
-443736.270,-1172403.940,350.440
-443736.030,-1172404.150,350.440
-443735.790,-1172404.350,350.450
-443735.540,-1172404.560,350.460
-443735.290,-1172404.780,350.460
-443735.060,-1172404.970,350.475
-443734.800,-1172405.190,350.480
-443734.540,-1172405.410,350.480
-443734.310,-1172405.610,350.490
-443734.080,-1172405.800,350.490
-443733.810,-1172406.030,350.490
-443733.550,-1172406.250,350.490
-443733.310,-1172406.460,350.490
-443733.060,-1172406.670,350.475
-443744.160,-1172397.240,350.450
-443743.920,-1172397.450,350.460
-443743.660,-1172397.670,350.460
-443743.420,-1172397.870,350.450
-443743.190,-1172398.070,350.440
-443742.930,-1172398.280,350.440
-443742.440,-1172398.700,350.435
-443742.180,-1172398.920,350.430
-443741.940,-1172399.120,350.430
-443741.690,-1172399.340,350.430
-443741.460,-1172399.540,350.420
-443741.200,-1172399.750,350.420
-443740.930,-1172399.980,350.410
-443740.680,-1172400.200,350.410
-443740.440,-1172400.400,350.400
-443740.200,-1172400.610,350.400
-443739.940,-1172400.820,350.400
-443739.720,-1172401.010,350.400
-443739.460,-1172401.230,350.400
-443739.210,-1172401.450,350.400
-443738.970,-1172401.650,350.400
-443738.720,-1172401.860,350.400
-443738.470,-1172402.080,350.400
-443738.200,-1172402.300,350.400
-443737.970,-1172402.500,350.400
-443737.730,-1172402.700,350.400
-443737.490,-1172402.910,350.410
-443737.220,-1172403.140,350.410
-443736.990,-1172403.330,350.420
-443736.760,-1172403.530,350.430
-443744.780,-1172397.120,350.450
-443744.530,-1172397.330,350.450
-443744.300,-1172397.530,350.450
-443744.050,-1172397.740,350.450
-443743.800,-1172397.960,350.450
-443743.550,-1172398.170,350.445
-443743.310,-1172398.370,350.440
-443743.080,-1172398.570,350.440
-443742.840,-1172398.770,350.440
-443742.590,-1172398.980,350.430
-443742.340,-1172399.190,350.430
-443742.100,-1172399.400,350.430
-443741.860,-1172399.600,350.425
-443741.610,-1172399.810,350.420
-443741.370,-1172400.020,350.410
-443741.110,-1172400.240,350.410
-443740.860,-1172400.450,350.400
-443740.620,-1172400.650,350.400
-443740.390,-1172400.850,350.400
-443740.140,-1172401.060,350.400
-443739.890,-1172401.280,350.400
-443739.630,-1172401.500,350.400
-443739.380,-1172401.710,350.400
-443739.120,-1172401.930,350.400
-443738.870,-1172402.140,350.400
-443738.650,-1172402.330,350.400
-443738.410,-1172402.530,350.400
-443738.150,-1172402.750,350.400
-443737.890,-1172402.970,350.400
-443737.660,-1172403.170,350.400
-443737.400,-1172403.390,350.410
-443737.150,-1172403.600,350.410
-443736.900,-1172403.820,350.420
-443736.660,-1172404.020,350.430
-443736.410,-1172404.230,350.440
-443736.170,-1172404.440,350.440
-443735.920,-1172404.650,350.450
-443735.430,-1172405.070,350.460
-443735.200,-1172405.260,350.470
-443734.970,-1172405.460,350.480
-443734.710,-1172405.680,350.480
-443734.470,-1172405.880,350.480
-443734.230,-1172406.080,350.480
-443733.980,-1172406.290,350.490
-443733.730,-1172406.500,350.490
-443733.480,-1172406.720,350.490
-443733.240,-1172406.930,350.480
-443744.880,-1172397.520,350.440
-443744.620,-1172397.750,350.440
-443744.380,-1172397.950,350.440
-443744.140,-1172398.150,350.440
-443743.880,-1172398.380,350.440
-443743.620,-1172398.590,350.440
-443743.390,-1172398.790,350.440
-443743.150,-1172399.000,350.440
-443742.900,-1172399.210,350.440
-443742.640,-1172399.430,350.430
-443742.410,-1172399.630,350.430
-443742.170,-1172399.830,350.430
-443741.920,-1172400.040,350.420
-443741.680,-1172400.240,350.410
-443741.440,-1172400.440,350.410
-443741.190,-1172400.660,350.400
-443740.950,-1172400.860,350.400
-443740.700,-1172401.070,350.400
-443740.470,-1172401.270,350.390
-443740.210,-1172401.490,350.400
-443739.960,-1172401.710,350.400
-443739.720,-1172401.910,350.400
-443739.490,-1172402.100,350.400
-443739.220,-1172402.340,350.400
-443738.970,-1172402.550,350.400
-443738.720,-1172402.760,350.400
-443738.470,-1172402.970,350.400
-443738.200,-1172403.200,350.400
-443737.970,-1172403.390,350.400
-443737.490,-1172403.800,350.410
-443737.230,-1172404.020,350.410
-443736.990,-1172404.230,350.420
-443736.750,-1172404.430,350.430
-443736.490,-1172404.650,350.430
-443736.240,-1172404.860,350.440
-443735.990,-1172405.070,350.450
-443735.750,-1172405.280,350.460
-443735.490,-1172405.500,350.460
-443735.250,-1172405.700,350.470
-443735.010,-1172405.910,350.470
-443734.770,-1172406.110,350.470
-443734.520,-1172406.320,350.470
-443734.280,-1172406.530,350.480
-443734.050,-1172406.720,350.480
-443733.780,-1172406.950,350.490
-443733.540,-1172407.150,350.500
-443733.320,-1172407.340,350.490
-443733.070,-1172407.560,350.470
-443745.380,-1172397.100,350.450
-443745.130,-1172397.310,350.450
-443737.770,-1172404.050,350.400
-443737.510,-1172404.260,350.410
-443737.260,-1172404.480,350.410
-443737.020,-1172404.680,350.420
-443736.790,-1172404.880,350.430
-443736.550,-1172405.080,350.430
-443736.300,-1172405.300,350.440
-443736.030,-1172405.520,350.450
-443735.800,-1172405.720,350.460
-443735.550,-1172405.930,350.460
-443735.290,-1172406.150,350.460
-443735.040,-1172406.360,350.460
-443734.790,-1172406.570,350.460
-443734.550,-1172406.780,350.470
-443734.310,-1172406.980,350.480
-443734.060,-1172407.200,350.480
-443733.820,-1172407.400,350.500
-443733.580,-1172407.600,350.500
-443733.340,-1172407.800,350.500
-443733.100,-1172408.010,350.480
-443745.920,-1172397.120,350.445
-443745.670,-1172397.330,350.450
-443745.410,-1172397.560,350.445
-443744.900,-1172397.990,350.440
-443744.660,-1172398.190,350.440
-443744.430,-1172398.390,350.440
-443744.180,-1172398.600,350.440
-443743.940,-1172398.810,350.440
-443743.680,-1172399.030,350.440
-443743.440,-1172399.230,350.440
-443743.190,-1172399.440,350.440
-443742.930,-1172399.660,350.440
-443742.680,-1172399.880,350.430
-443742.450,-1172400.070,350.430
-443742.180,-1172400.300,350.420
-443741.950,-1172400.500,350.415
-443741.690,-1172400.710,350.410
-443741.450,-1172400.920,350.400
-443741.210,-1172401.120,350.400
-443740.980,-1172401.320,350.390
-443740.740,-1172401.520,350.390
-443740.490,-1172401.740,350.400
-443740.250,-1172401.940,350.400
-443740.010,-1172402.140,350.400
-443739.760,-1172402.360,350.400
-443739.510,-1172402.560,350.400
-443739.260,-1172402.780,350.400
-443739.020,-1172402.990,350.400
-443738.770,-1172403.190,350.400
-443738.530,-1172403.400,350.400
-443738.270,-1172403.620,350.400
-443738.030,-1172403.830,350.400
-443746.430,-1172397.090,350.450
-443746.200,-1172397.280,350.450
-443745.950,-1172397.500,350.445
-443745.680,-1172397.730,350.440
-443745.440,-1172397.930,350.430
-443745.210,-1172398.130,350.430
-443744.960,-1172398.340,350.430
-443744.690,-1172398.560,350.430
-443744.440,-1172398.780,350.430
-443744.200,-1172398.980,350.430
-443743.930,-1172399.210,350.440
-443743.690,-1172399.410,350.440
-443743.460,-1172399.610,350.440
-443743.230,-1172399.810,350.440
-443742.960,-1172400.030,350.440
-443742.710,-1172400.250,350.430
-443742.470,-1172400.450,350.430
-443742.230,-1172400.660,350.420
-443741.960,-1172400.880,350.410
-443741.710,-1172401.090,350.400
-443741.480,-1172401.290,350.400
-443740.970,-1172401.720,350.390
-443740.740,-1172401.920,350.390
-443740.500,-1172402.120,350.390
-443740.250,-1172402.340,350.395
-443740.000,-1172402.550,350.400
-443739.780,-1172402.740,350.390
-443739.520,-1172402.960,350.390
-443739.280,-1172403.160,350.390
-443739.040,-1172403.360,350.400
-443738.800,-1172403.570,350.390
-443738.550,-1172403.780,350.390
-443738.290,-1172404.000,350.390
-443738.050,-1172404.210,350.400
-443737.810,-1172404.410,350.400
-443737.570,-1172404.610,350.410
-443737.310,-1172404.830,350.410
-443737.060,-1172405.040,350.420
-443736.810,-1172405.250,350.430
-443736.550,-1172405.480,350.430
-443736.300,-1172405.690,350.440
-443736.070,-1172405.890,350.450
-443735.830,-1172406.090,350.450
-443735.570,-1172406.310,350.460
-443735.330,-1172406.510,350.460
-443735.090,-1172406.720,350.460
-443734.840,-1172406.930,350.470
-443734.580,-1172407.150,350.470
-443734.340,-1172407.360,350.480
-443734.080,-1172407.570,350.490
-443733.830,-1172407.790,350.500
-443733.590,-1172408.000,350.500
-443733.360,-1172408.190,350.500
-443733.100,-1172408.410,350.470
-443746.830,-1172397.090,350.450
-443746.590,-1172397.290,350.450
-443746.360,-1172397.490,350.440
-443746.110,-1172397.710,350.440
-443745.870,-1172397.910,350.440
-443745.620,-1172398.120,350.440
-443745.370,-1172398.330,350.430
-443745.130,-1172398.530,350.430
-443744.880,-1172398.750,350.430
-443744.630,-1172398.960,350.430
-443744.390,-1172399.160,350.430
-443744.150,-1172399.370,350.430
-443743.890,-1172399.590,350.440
-443743.640,-1172399.800,350.440
-443743.390,-1172400.010,350.440
-443743.130,-1172400.230,350.440
-443742.880,-1172400.440,350.440
-443742.640,-1172400.650,350.430
-443742.410,-1172400.850,350.420
-443742.160,-1172401.060,350.410
-443741.910,-1172401.270,350.410
-443741.660,-1172401.490,350.400
-443741.420,-1172401.690,350.400
-443741.170,-1172401.900,350.390
-443740.910,-1172402.120,350.390
-443740.660,-1172402.330,350.390
-443740.420,-1172402.540,350.390
-443740.160,-1172402.750,350.390
-443739.930,-1172402.950,350.390
-443739.670,-1172403.170,350.390
-443739.440,-1172403.370,350.390
-443739.200,-1172403.580,350.390
-443738.950,-1172403.780,350.390
-443738.720,-1172403.980,350.390
-443738.460,-1172404.200,350.390
-443738.230,-1172404.400,350.390
-443737.990,-1172404.600,350.400
-443737.740,-1172404.820,350.400
-443737.490,-1172405.020,350.410
-443737.240,-1172405.230,350.420
-443736.990,-1172405.450,350.430
-443736.750,-1172405.660,350.430
-443736.500,-1172405.860,350.440
-443736.260,-1172406.070,350.440
-443736.010,-1172406.280,350.450
-443735.740,-1172406.510,350.450
-443735.490,-1172406.720,350.455
-443735.240,-1172406.930,350.460
-443735.000,-1172407.140,350.460
-443734.760,-1172407.340,350.470
-443734.520,-1172407.550,350.480
-443734.270,-1172407.760,350.480
-443734.010,-1172407.980,350.500
-443733.780,-1172408.180,350.500
-443733.530,-1172408.390,350.500
-443733.270,-1172408.610,350.500
-443740.850,-1172402.660,350.390
-443740.610,-1172402.860,350.390
-443740.340,-1172403.090,350.390
-443740.100,-1172403.300,350.390
-443739.850,-1172403.510,350.390
-443739.610,-1172403.710,350.390
-443739.350,-1172403.930,350.390
-443739.120,-1172404.130,350.390
-443738.870,-1172404.340,350.390
-443738.620,-1172404.550,350.390
-443738.150,-1172404.950,350.400
-443737.910,-1172405.160,350.400
-443737.650,-1172405.380,350.410
-443737.410,-1172405.580,350.420
-443737.180,-1172405.770,350.430
-443736.680,-1172406.200,350.440
-443736.430,-1172406.410,350.440
-443736.180,-1172406.620,350.445
-443735.940,-1172406.830,350.450
-443735.690,-1172407.040,350.450
-443735.450,-1172407.240,350.450
-443735.190,-1172407.460,350.460
-443734.930,-1172407.680,350.470
-443734.680,-1172407.900,350.480
-443734.430,-1172408.110,350.480
-443734.200,-1172408.310,350.495
-443733.950,-1172408.520,350.500
-443747.480,-1172397.030,350.440
-443747.250,-1172397.220,350.440
-443747.000,-1172397.440,350.440
-443746.750,-1172397.650,350.440
-443746.490,-1172397.870,350.440
-443746.260,-1172398.060,350.440
-443746.020,-1172398.270,350.430
-443745.770,-1172398.480,350.430
-443745.540,-1172398.670,350.430
-443745.300,-1172398.880,350.430
-443745.050,-1172399.090,350.430
-443744.800,-1172399.300,350.430
-443744.560,-1172399.510,350.430
-443744.330,-1172399.700,350.430
-443744.060,-1172399.930,350.430
-443743.810,-1172400.140,350.440
-443743.580,-1172400.340,350.440
-443743.350,-1172400.540,350.450
-443743.080,-1172400.760,350.440
-443742.830,-1172400.980,350.430
-443742.580,-1172401.190,350.430
-443742.320,-1172401.410,350.420
-443742.060,-1172401.630,350.410
-443741.830,-1172401.830,350.400
-443741.600,-1172402.020,350.400
-443741.350,-1172402.230,350.395
-443741.090,-1172402.450,350.390
-443734.830,-1172408.300,350.470
-443734.590,-1172408.500,350.480
-443748.120,-1172397.010,350.440
-443747.880,-1172397.210,350.440
-443747.630,-1172397.430,350.430
-443747.370,-1172397.650,350.440
-443747.140,-1172397.840,350.430
-443746.890,-1172398.060,350.430
-443746.620,-1172398.280,350.430
-443746.130,-1172398.700,350.430
-443745.880,-1172398.910,350.420
-443745.640,-1172399.110,350.420
-443745.390,-1172399.330,350.420
-443745.150,-1172399.530,350.420
-443744.910,-1172399.730,350.420
-443744.670,-1172399.940,350.420
-443744.430,-1172400.140,350.430
-443744.180,-1172400.350,350.430
-443743.950,-1172400.550,350.440
-443743.710,-1172400.760,350.445
-443743.440,-1172400.990,350.440
-443743.210,-1172401.170,350.440
-443742.960,-1172401.390,350.440
-443742.700,-1172401.610,350.430
-443742.470,-1172401.810,350.420
-443742.220,-1172402.020,350.410
-443741.970,-1172402.230,350.410
-443741.720,-1172402.450,350.400
-443741.470,-1172402.660,350.390
-443741.210,-1172402.880,350.390
-443740.950,-1172403.090,350.390
-443740.710,-1172403.300,350.380
-443740.480,-1172403.500,350.380
-443740.240,-1172403.700,350.380
-443739.990,-1172403.920,350.380
-443739.730,-1172404.130,350.380
-443739.500,-1172404.330,350.380
-443739.240,-1172404.550,350.380
-443738.980,-1172404.770,350.380
-443738.730,-1172404.980,350.380
-443738.490,-1172405.190,350.390
-443738.240,-1172405.400,350.400
-443738.000,-1172405.600,350.400
-443737.750,-1172405.810,350.410
-443737.510,-1172406.020,350.420
-443737.270,-1172406.220,350.420
-443737.030,-1172406.420,350.430
-443736.800,-1172406.620,350.430
-443736.540,-1172406.840,350.440
-443736.310,-1172407.040,350.440
-443736.070,-1172407.250,350.440
-443735.810,-1172407.460,350.450
-443735.570,-1172407.660,350.460
-443735.310,-1172407.890,350.460
-443735.070,-1172408.090,350.470
-443748.820,-1172396.900,350.450
-443748.320,-1172397.330,350.440
-443748.060,-1172397.540,350.435
-443747.800,-1172397.770,350.430
-443747.580,-1172397.960,350.430
-443747.340,-1172398.160,350.430
-443747.090,-1172398.370,350.430
-443746.830,-1172398.590,350.420
-443746.590,-1172398.800,350.420
-443746.350,-1172399.000,350.420
-443746.080,-1172399.220,350.420
-443745.840,-1172399.430,350.410
-443745.590,-1172399.650,350.410
-443745.340,-1172399.850,350.410
-443745.080,-1172400.080,350.410
-443744.860,-1172400.260,350.420
-443744.600,-1172400.480,350.420
-443744.360,-1172400.690,350.430
-443744.120,-1172400.890,350.440
-443743.890,-1172401.080,350.440
-443743.650,-1172401.290,350.450
-443743.390,-1172401.510,350.450
-443743.150,-1172401.720,350.440
-443742.920,-1172401.910,350.430
-443742.670,-1172402.130,350.430
-443742.420,-1172402.340,350.420
-443742.170,-1172402.550,350.410
-443741.930,-1172402.750,350.400
-443741.680,-1172402.970,350.400
-443741.430,-1172403.170,350.390
-443741.180,-1172403.380,350.390
-443740.940,-1172403.600,350.380
-443740.670,-1172403.820,350.380
-443740.420,-1172404.030,350.380
-443740.180,-1172404.240,350.380
-443739.930,-1172404.450,350.370
-443739.690,-1172404.660,350.370
-443739.450,-1172404.860,350.370
-443739.200,-1172405.070,350.370
-443738.940,-1172405.290,350.380
-443738.700,-1172405.500,350.390
-443738.460,-1172405.700,350.395
-443738.200,-1172405.920,350.410
-443737.940,-1172406.140,350.410
-443737.700,-1172406.340,350.420
-443737.460,-1172406.550,350.420
-443737.220,-1172406.750,350.430
-443736.960,-1172406.970,350.430
-443736.730,-1172407.170,350.440
-443736.490,-1172407.370,350.440
-443736.250,-1172407.580,350.440
-443736.000,-1172407.780,350.440
-443735.760,-1172407.990,350.450
-443735.530,-1172408.190,350.460
-443735.270,-1172408.410,350.470
-443746.500,-1172399.310,350.410
-443746.260,-1172399.520,350.410
-443746.010,-1172399.730,350.400
-443745.750,-1172399.950,350.410
-443745.520,-1172400.150,350.410
-443745.260,-1172400.370,350.410
-443745.000,-1172400.590,350.410
-443744.750,-1172400.800,350.420
-443744.510,-1172401.000,350.430
-443744.260,-1172401.220,350.440
-443744.020,-1172401.420,350.450
-443743.780,-1172401.630,350.450
-443743.530,-1172401.840,350.450
-443743.290,-1172402.040,350.440
-443743.060,-1172402.240,350.440
-443742.820,-1172402.440,350.430
-443742.570,-1172402.660,350.420
-443742.320,-1172402.860,350.420
-443742.090,-1172403.060,350.410
-443741.830,-1172403.280,350.400
-443741.590,-1172403.480,350.390
-443741.340,-1172403.700,350.390
-443741.090,-1172403.910,350.390
-443740.850,-1172404.110,350.390
-443740.610,-1172404.320,350.380
-443740.360,-1172404.530,350.380
-443740.100,-1172404.750,350.380
-443739.840,-1172404.970,350.370
-443739.590,-1172405.180,350.370
-443739.340,-1172405.400,350.370
-443739.100,-1172405.600,350.380
-443738.860,-1172405.800,350.390
-443738.630,-1172406.000,350.400
-443738.370,-1172406.220,350.410
-443738.120,-1172406.430,350.410
-443737.870,-1172406.640,350.420
-443737.620,-1172406.850,350.420
-443737.380,-1172407.060,350.420
-443737.120,-1172407.280,350.430
-443736.880,-1172407.490,350.430
-443736.630,-1172407.700,350.440
-443736.390,-1172407.900,350.440
-443736.130,-1172408.120,350.440
-443735.890,-1172408.330,350.450
-443749.230,-1172397.000,350.440
-443748.970,-1172397.220,350.440
-443748.720,-1172397.430,350.440
-443748.480,-1172397.630,350.430
-443748.240,-1172397.840,350.430
-443747.980,-1172398.060,350.430
-443747.740,-1172398.260,350.430
-443747.490,-1172398.470,350.420
-443747.230,-1172398.700,350.420
-443746.970,-1172398.910,350.420
-443746.740,-1172399.110,350.420
-443741.180,-1172404.340,350.400
-443740.940,-1172404.540,350.390
-443740.670,-1172404.770,350.390
-443740.440,-1172404.970,350.390
-443740.190,-1172405.170,350.380
-443739.920,-1172405.400,350.380
-443739.690,-1172405.600,350.380
-443739.460,-1172405.800,350.380
-443739.210,-1172406.010,350.390
-443738.940,-1172406.240,350.400
-443738.690,-1172406.450,350.400
-443738.440,-1172406.660,350.410
-443738.190,-1172406.880,350.410
-443737.940,-1172407.090,350.420
-443737.710,-1172407.280,350.420
-443737.480,-1172407.480,350.420
-443737.210,-1172407.710,350.430
-443736.960,-1172407.920,350.430
-443736.730,-1172408.120,350.440
-443736.470,-1172408.340,350.440
-443750.020,-1172396.830,350.450
-443749.780,-1172397.030,350.440
-443749.540,-1172397.230,350.440
-443749.310,-1172397.430,350.440
-443749.040,-1172397.660,350.430
-443748.810,-1172397.860,350.430
-443748.580,-1172398.050,350.430
-443748.330,-1172398.270,350.430
-443748.080,-1172398.470,350.430
-443747.830,-1172398.690,350.420
-443747.570,-1172398.910,350.420
-443747.340,-1172399.110,350.420
-443747.090,-1172399.320,350.420
-443746.840,-1172399.530,350.410
-443746.590,-1172399.740,350.410
-443746.330,-1172399.960,350.400
-443746.070,-1172400.180,350.400
-443745.820,-1172400.400,350.400
-443745.590,-1172400.590,350.400
-443745.340,-1172400.800,350.410
-443745.110,-1172401.000,350.410
-443744.860,-1172401.210,350.420
-443744.600,-1172401.430,350.430
-443744.350,-1172401.640,350.440
-443744.110,-1172401.850,350.450
-443743.870,-1172402.060,350.450
-443743.590,-1172402.290,350.450
-443743.350,-1172402.490,350.440
-443743.110,-1172402.700,350.440
-443742.880,-1172402.890,350.430
-443742.620,-1172403.110,350.425
-443742.370,-1172403.320,350.420
-443742.150,-1172403.510,350.410
-443741.900,-1172403.720,350.410
-443741.660,-1172403.930,350.410
-443741.410,-1172404.140,350.410
-443750.410,-1172396.950,350.440
-443750.170,-1172397.160,350.430
-443749.920,-1172397.370,350.430
-443749.680,-1172397.580,350.430
-443749.420,-1172397.800,350.430
-443749.180,-1172398.000,350.420
-443748.940,-1172398.200,350.420
-443748.700,-1172398.410,350.420
-443748.470,-1172398.610,350.420
-443748.210,-1172398.820,350.420
-443747.980,-1172399.020,350.420
-443747.730,-1172399.230,350.420
-443747.480,-1172399.440,350.420
-443747.250,-1172399.640,350.410
-443746.990,-1172399.860,350.410
-443746.740,-1172400.070,350.400
-443746.500,-1172400.270,350.400
-443746.270,-1172400.470,350.400
-443746.010,-1172400.690,350.400
-443745.750,-1172400.910,350.400
-443745.510,-1172401.120,350.400
-443745.250,-1172401.340,350.410
-443744.990,-1172401.560,350.420
-443744.760,-1172401.750,350.430
-443744.520,-1172401.960,350.440
-443744.280,-1172402.160,350.450
-443744.030,-1172402.380,350.450
-443743.770,-1172402.590,350.450
-443743.540,-1172402.790,350.450
-443743.290,-1172403.010,350.440
-443743.030,-1172403.220,350.430
-443742.770,-1172403.440,350.430
-443742.540,-1172403.640,350.430
-443742.280,-1172403.860,350.420
-443742.040,-1172404.060,350.420
-443741.790,-1172404.280,350.410
-443741.560,-1172404.480,350.410
-443741.310,-1172404.680,350.410
-443741.070,-1172404.890,350.410
-443740.840,-1172405.090,350.400
-443740.580,-1172405.300,350.400
-443740.340,-1172405.500,350.390
-443740.100,-1172405.710,350.390
-443739.850,-1172405.920,350.390
-443739.610,-1172406.130,350.390
-443739.350,-1172406.340,350.400
-443739.110,-1172406.560,350.400
-443738.870,-1172406.760,350.410
-443738.630,-1172406.960,350.410
-443738.370,-1172407.180,350.410
-443738.120,-1172407.390,350.420
-443737.870,-1172407.610,350.420
-443737.620,-1172407.820,350.430
-443737.360,-1172408.040,350.430
-443737.120,-1172408.240,350.430
-443750.980,-1172396.850,350.440
-443750.720,-1172397.070,350.430
-443750.480,-1172397.280,350.430
-443750.240,-1172397.480,350.430
-443749.980,-1172397.700,350.425
-443749.730,-1172397.910,350.420
-443749.480,-1172398.120,350.420
-443749.240,-1172398.330,350.420
-443748.980,-1172398.550,350.420
-443748.750,-1172398.740,350.420
-443748.500,-1172398.960,350.420
-443748.260,-1172399.160,350.420
-443748.010,-1172399.370,350.420
-443747.780,-1172399.570,350.420
-443747.540,-1172399.770,350.410
-443747.280,-1172399.990,350.410
-443747.050,-1172400.190,350.400
-443746.820,-1172400.380,350.400
-443746.560,-1172400.600,350.400
-443746.310,-1172400.810,350.400
-443746.060,-1172401.020,350.400
-443745.820,-1172401.230,350.400
-443745.570,-1172401.440,350.400
-443745.330,-1172401.650,350.410
-443745.080,-1172401.860,350.420
-443744.830,-1172402.070,350.430
-443744.570,-1172402.290,350.440
-443744.310,-1172402.510,350.450
-443744.070,-1172402.720,350.450
-443743.830,-1172402.920,350.450
-443743.570,-1172403.140,350.450
-443743.350,-1172403.330,350.450
-443743.100,-1172403.540,350.440
-443742.840,-1172403.760,350.440
-443742.590,-1172403.970,350.430
-443742.340,-1172404.180,350.430
-443742.100,-1172404.390,350.430
-443741.840,-1172404.610,350.430
-443741.590,-1172404.820,350.420
-443741.350,-1172405.030,350.420
-443741.120,-1172405.230,350.410
-443740.850,-1172405.460,350.410
-443740.610,-1172405.660,350.400
-443740.380,-1172405.850,350.400
-443740.140,-1172406.050,350.400
-443739.890,-1172406.270,350.400
-443739.650,-1172406.470,350.400
-443739.410,-1172406.670,350.400
-443739.170,-1172406.880,350.400
-443738.910,-1172407.100,350.410
-443738.680,-1172407.290,350.410
-443738.430,-1172407.510,350.420
-443738.160,-1172407.740,350.420
-443737.930,-1172407.930,350.420
-443737.710,-1172408.120,350.430
-443751.220,-1172397.040,350.430
-443750.960,-1172397.270,350.430
-443750.710,-1172397.480,350.430
-443750.460,-1172397.690,350.430
-443750.210,-1172397.900,350.420
-443749.980,-1172398.100,350.420
-443749.740,-1172398.300,350.420
-443749.490,-1172398.520,350.420
-443749.230,-1172398.740,350.420
-443748.990,-1172398.930,350.420
-443748.750,-1172399.150,350.420
-443748.490,-1172399.360,350.420
-443748.230,-1172399.580,350.410
-443748.000,-1172399.780,350.410
-443747.740,-1172400.000,350.410
-443747.510,-1172400.200,350.400
-443747.250,-1172400.420,350.400
-443747.020,-1172400.620,350.400
-443746.770,-1172400.820,350.400
-443746.530,-1172401.030,350.400
-443746.300,-1172401.230,350.400
-443746.040,-1172401.440,350.400
-443745.810,-1172401.640,350.400
-443745.570,-1172401.840,350.410
-443745.320,-1172402.060,350.410
-443745.080,-1172402.260,350.420
-443744.820,-1172402.480,350.430
-443744.560,-1172402.700,350.440
-443744.330,-1172402.900,350.450
-443744.090,-1172403.100,350.450
-443743.840,-1172403.310,350.450
-443743.590,-1172403.530,350.450
-443743.340,-1172403.740,350.450
-443743.080,-1172403.960,350.450
-443742.820,-1172404.170,350.450
-443742.590,-1172404.370,350.450
-443742.360,-1172404.570,350.440
-443742.120,-1172404.770,350.440
-443741.860,-1172405.000,350.440
-443741.610,-1172405.210,350.430
-443741.370,-1172405.410,350.420
-443741.120,-1172405.630,350.420
-443740.850,-1172405.850,350.410
-443740.590,-1172406.070,350.410
-443740.370,-1172406.260,350.400
-443740.100,-1172406.490,350.400
-443739.870,-1172406.690,350.400
-443739.610,-1172406.900,350.400
-443739.380,-1172407.100,350.405
-443739.140,-1172407.310,350.410
-443738.890,-1172407.510,350.410
-443738.660,-1172407.710,350.420
-443738.410,-1172407.920,350.420
-443738.170,-1172408.130,350.430
-443751.470,-1172396.830,350.450
-443746.540,-1172401.570,350.390
-443746.290,-1172401.780,350.390
-443746.060,-1172401.980,350.400
-443745.820,-1172402.180,350.400
-443745.580,-1172402.390,350.410
-443745.330,-1172402.600,350.410
-443745.090,-1172402.800,350.420
-443744.850,-1172403.010,350.430
-443744.610,-1172403.210,350.430
-443744.360,-1172403.420,350.440
-443744.130,-1172403.620,350.450
-443743.870,-1172403.840,350.460
-443743.610,-1172404.060,350.460
-443743.380,-1172404.260,350.460
-443743.140,-1172404.460,350.460
-443742.880,-1172404.680,350.460
-443742.630,-1172404.890,350.460
-443742.380,-1172405.100,350.450
-443742.130,-1172405.320,350.450
-443741.860,-1172405.550,350.440
-443741.630,-1172405.740,350.430
-443741.390,-1172405.950,350.430
-443741.140,-1172406.160,350.420
-443740.890,-1172406.370,350.410
-443740.650,-1172406.570,350.410
-443740.410,-1172406.780,350.410
-443740.140,-1172407.010,350.410
-443739.890,-1172407.220,350.410
-443739.640,-1172407.430,350.410
-443739.400,-1172407.630,350.410
-443739.140,-1172407.860,350.420
-443738.910,-1172408.050,350.420
-443752.250,-1172396.720,350.450
-443751.990,-1172396.940,350.450
-443751.760,-1172397.140,350.440
-443751.510,-1172397.360,350.440
-443751.250,-1172397.570,350.430
-443751.000,-1172397.790,350.420
-443750.770,-1172397.980,350.420
-443750.520,-1172398.190,350.420
-443750.260,-1172398.410,350.410
-443750.000,-1172398.630,350.410
-443749.760,-1172398.840,350.410
-443749.500,-1172399.050,350.410
-443749.260,-1172399.270,350.410
-443749.020,-1172399.470,350.410
-443748.790,-1172399.660,350.410
-443748.530,-1172399.880,350.410
-443748.270,-1172400.100,350.400
-443748.040,-1172400.300,350.400
-443747.800,-1172400.510,350.400
-443747.530,-1172400.730,350.400
-443747.270,-1172400.950,350.390
-443747.040,-1172401.150,350.400
-443746.790,-1172401.360,350.390
-443742.990,-1172405.100,350.470
-443742.750,-1172405.300,350.460
-443742.500,-1172405.510,350.460
-443742.260,-1172405.710,350.450
-443742.010,-1172405.930,350.440
-443741.750,-1172406.150,350.430
-443741.500,-1172406.360,350.430
-443741.240,-1172406.580,350.430
-443740.990,-1172406.800,350.420
-443740.750,-1172407.000,350.410
-443740.510,-1172407.200,350.410
-443740.270,-1172407.400,350.410
-443740.020,-1172407.620,350.410
-443739.760,-1172407.840,350.420
-443739.530,-1172408.040,350.420
-443752.820,-1172396.750,350.450
-443752.580,-1172396.950,350.450
-443752.340,-1172397.150,350.450
-443752.110,-1172397.360,350.440
-443751.850,-1172397.570,350.430
-443751.610,-1172397.780,350.430
-443751.360,-1172397.980,350.420
-443751.120,-1172398.190,350.420
-443750.880,-1172398.400,350.420
-443750.380,-1172398.820,350.410
-443750.130,-1172399.030,350.410
-443749.900,-1172399.230,350.400
-443749.640,-1172399.450,350.400
-443749.390,-1172399.660,350.400
-443749.140,-1172399.880,350.400
-443748.880,-1172400.090,350.400
-443748.620,-1172400.310,350.400
-443748.390,-1172400.510,350.400
-443748.150,-1172400.720,350.395
-443747.910,-1172400.920,350.390
-443747.660,-1172401.130,350.390
-443747.410,-1172401.350,350.390
-443747.160,-1172401.550,350.390
-443746.910,-1172401.770,350.390
-443746.660,-1172401.980,350.390
-443746.400,-1172402.200,350.390
-443746.170,-1172402.400,350.390
-443745.910,-1172402.610,350.400
-443745.670,-1172402.820,350.400
-443745.410,-1172403.040,350.410
-443745.180,-1172403.240,350.420
-443744.950,-1172403.440,350.420
-443744.700,-1172403.640,350.440
-443744.470,-1172403.840,350.440
-443744.220,-1172404.050,350.450
-443743.980,-1172404.260,350.460
-443743.740,-1172404.460,350.460
-443743.480,-1172404.680,350.470
-443743.250,-1172404.880,350.470
-443740.880,-1172407.370,350.420
-443740.630,-1172407.590,350.420
-443740.370,-1172407.810,350.420
-443740.120,-1172408.020,350.420
-443753.570,-1172396.600,350.360
-443753.430,-1172396.720,350.420
-443753.300,-1172396.820,350.440
-443753.160,-1172396.950,350.445
-443752.920,-1172397.150,350.450
-443752.670,-1172397.360,350.440
-443752.440,-1172397.560,350.440
-443752.170,-1172397.780,350.430
-443751.940,-1172397.980,350.430
-443751.710,-1172398.180,350.420
-443751.460,-1172398.390,350.420
-443751.220,-1172398.590,350.415
-443750.970,-1172398.800,350.410
-443750.740,-1172399.000,350.400
-443750.490,-1172399.210,350.400
-443750.240,-1172399.430,350.400
-443750.010,-1172399.620,350.390
-443749.760,-1172399.830,350.390
-443749.490,-1172400.060,350.390
-443749.260,-1172400.260,350.390
-443749.030,-1172400.450,350.390
-443748.770,-1172400.670,350.390
-443748.510,-1172400.900,350.390
-443748.270,-1172401.100,350.390
-443748.020,-1172401.310,350.390
-443747.750,-1172401.540,350.390
-443747.490,-1172401.760,350.390
-443747.280,-1172401.940,350.390
-443747.050,-1172402.130,350.390
-443746.780,-1172402.360,350.390
-443746.530,-1172402.580,350.385
-443746.300,-1172402.780,350.390
-443746.040,-1172402.990,350.390
-443745.780,-1172403.210,350.400
-443745.530,-1172403.430,350.410
-443745.310,-1172403.610,350.410
-443745.040,-1172403.840,350.420
-443744.800,-1172404.040,350.430
-443744.560,-1172404.250,350.440
-443744.320,-1172404.450,350.450
-443744.070,-1172404.670,350.450
-443743.830,-1172404.870,350.460
-443743.610,-1172405.060,350.460
-443743.350,-1172405.270,350.470
-443743.100,-1172405.490,350.470
-443742.870,-1172405.680,350.460
-443742.620,-1172405.900,350.450
-443742.370,-1172406.100,350.450
-443742.110,-1172406.330,350.440
-443741.860,-1172406.540,350.430
-443741.630,-1172406.730,350.430
-443741.390,-1172406.940,350.430
-443741.130,-1172407.160,350.430
-443754.060,-1172396.600,349.790
-443753.930,-1172396.710,349.795
-443753.700,-1172396.910,350.420
-443753.440,-1172397.120,350.440
-443753.180,-1172397.340,350.450
-443752.940,-1172397.550,350.440
-443752.690,-1172397.760,350.440
-443752.440,-1172397.970,350.430
-443752.190,-1172398.190,350.425
-443751.950,-1172398.390,350.420
-443751.700,-1172398.610,350.420
-443751.450,-1172398.820,350.410
-443751.200,-1172399.030,350.405
-443750.960,-1172399.240,350.400
-443750.720,-1172399.430,350.400
-443750.480,-1172399.640,350.390
-443750.240,-1172399.840,350.390
-443750.000,-1172400.050,350.390
-443749.750,-1172400.260,350.390
-443749.510,-1172400.460,350.390
-443749.260,-1172400.680,350.390
-443749.030,-1172400.870,350.390
-443748.770,-1172401.090,350.380
-443748.520,-1172401.310,350.380
-443748.280,-1172401.510,350.390
-443748.040,-1172401.710,350.390
-443747.780,-1172401.930,350.390
-443747.530,-1172402.150,350.390
-443747.280,-1172402.360,350.390
-443747.020,-1172402.580,350.380
-443746.770,-1172402.790,350.380
-443746.540,-1172402.990,350.380
-443746.290,-1172403.200,350.390
-443746.050,-1172403.400,350.390
-443745.800,-1172403.620,350.390
-443745.550,-1172403.830,350.410
-443745.310,-1172404.030,350.420
-443745.060,-1172404.240,350.430
-443744.810,-1172404.460,350.430
-443744.550,-1172404.670,350.440
-443744.320,-1172404.870,350.450
-443744.060,-1172405.090,350.450
-443743.820,-1172405.300,350.460
-443743.570,-1172405.510,350.460
-443743.340,-1172405.710,350.460
-443743.090,-1172405.910,350.460
-443742.850,-1172406.120,350.460
-443742.620,-1172406.320,350.450
-443742.360,-1172406.540,350.440
-443742.120,-1172406.740,350.440
-443741.880,-1172406.940,350.430
-443741.630,-1172407.160,350.430
-443741.380,-1172407.360,350.430
-443741.140,-1172407.580,350.430
-443740.880,-1172407.790,350.430
-443740.640,-1172407.990,350.430
-443754.680,-1172396.640,349.750
-443754.420,-1172396.860,349.750
-443754.330,-1172396.940,349.765
-443754.190,-1172397.060,349.780
-443753.690,-1172397.490,350.440
-443753.440,-1172397.700,350.450
-443753.180,-1172397.920,350.450
-443752.950,-1172398.110,350.440
-443752.720,-1172398.310,350.430
-443752.460,-1172398.530,350.420
-443752.200,-1172398.750,350.420
-443751.970,-1172398.950,350.410
-443751.720,-1172399.160,350.400
-443751.460,-1172399.380,350.400
-443751.200,-1172399.600,350.390
-443750.970,-1172399.790,350.390
-443750.720,-1172400.000,350.390
-443750.470,-1172400.220,350.390
-443750.220,-1172400.430,350.390
-443749.980,-1172400.630,350.390
-443749.740,-1172400.840,350.380
-443749.490,-1172401.050,350.380
-443749.260,-1172401.240,350.380
-443749.020,-1172401.450,350.380
-443748.770,-1172401.660,350.380
-443748.530,-1172401.870,350.380
-443748.280,-1172402.080,350.380
-443748.050,-1172402.280,350.380
-443747.780,-1172402.500,350.390
-443747.530,-1172402.720,350.380
-443747.300,-1172402.910,350.380
-443747.070,-1172403.110,350.380
-443746.800,-1172403.330,350.380
-443746.550,-1172403.550,350.380
-443746.300,-1172403.760,350.390
-443746.040,-1172403.980,350.390
-443745.790,-1172404.190,350.400
-443745.550,-1172404.400,350.410
-443745.320,-1172404.600,350.430
-443745.070,-1172404.800,350.430
-443744.820,-1172405.020,350.430
-443744.580,-1172405.220,350.430
-443744.330,-1172405.430,350.440
-443744.060,-1172405.660,350.450
-443743.830,-1172405.860,350.460
-443743.570,-1172406.070,350.460
-443743.320,-1172406.290,350.460
-443743.070,-1172406.510,350.460
-443742.840,-1172406.700,350.450
-443742.590,-1172406.910,350.450
-443742.350,-1172407.120,350.440
-443742.110,-1172407.320,350.440
-443741.870,-1172407.520,350.440
-443741.640,-1172407.720,350.440
-443741.370,-1172407.950,350.430
-443755.000,-1172396.820,349.750
-443754.740,-1172397.030,349.750
-443754.510,-1172397.230,349.750
-443754.250,-1172397.450,349.790
-443754.020,-1172397.650,350.420
-443753.790,-1172397.850,350.440
-443753.540,-1172398.060,350.450
-443753.300,-1172398.270,350.440
-443753.040,-1172398.480,350.430
-443752.790,-1172398.700,350.430
-443752.540,-1172398.910,350.420
-443752.270,-1172399.140,350.410
-443752.030,-1172399.340,350.400
-443751.800,-1172399.540,350.400
-443751.560,-1172399.740,350.390
-443751.310,-1172399.950,350.390
-443751.050,-1172400.170,350.390
-443750.820,-1172400.370,350.390
-443750.570,-1172400.580,350.380
-443750.310,-1172400.810,350.380
-443750.050,-1172401.020,350.380
-443749.810,-1172401.220,350.380
-443749.560,-1172401.440,350.380
-443749.320,-1172401.640,350.370
-443749.070,-1172401.850,350.380
-443748.840,-1172402.050,350.380
-443748.600,-1172402.260,350.380
-443748.360,-1172402.460,350.380
-443748.120,-1172402.660,350.380
-443747.860,-1172402.880,350.380
-443747.620,-1172403.080,350.380
-443747.390,-1172403.280,350.380
-443747.140,-1172403.500,350.370
-443746.900,-1172403.700,350.380
-443746.650,-1172403.910,350.380
-443746.380,-1172404.140,350.390
-443746.150,-1172404.340,350.400
-443745.910,-1172404.540,350.410
-443745.670,-1172404.750,350.410
-443745.410,-1172404.960,350.420
-443745.150,-1172405.180,350.430
-443744.900,-1172405.400,350.430
-443744.640,-1172405.620,350.430
-443744.410,-1172405.820,350.440
-443744.170,-1172406.010,350.450
-443743.930,-1172406.220,350.460
-443743.680,-1172406.430,350.460
-443743.430,-1172406.650,350.460
-443743.190,-1172406.850,350.450
-443742.930,-1172407.070,350.450
-443742.680,-1172407.280,350.450
-443742.430,-1172407.500,350.440
-443742.190,-1172407.700,350.440
-443741.940,-1172407.910,350.440
-443755.560,-1172396.770,349.740
-443755.320,-1172396.970,349.740
-443755.080,-1172397.180,349.740
-443754.840,-1172397.380,349.740
-443754.610,-1172397.580,349.750
-443754.350,-1172397.790,349.790
-443754.130,-1172397.980,350.440
-443753.890,-1172398.180,350.440
-443753.650,-1172398.390,350.440
-443753.390,-1172398.610,350.440
-443753.140,-1172398.830,350.430
-443752.900,-1172399.030,350.420
-443752.660,-1172399.230,350.410
-443752.410,-1172399.440,350.410
-443752.160,-1172399.660,350.400
-443751.910,-1172399.870,350.390
-443751.660,-1172400.080,350.390
-443751.390,-1172400.310,350.390
-443751.150,-1172400.510,350.390
-443750.430,-1172401.130,350.380
-443750.180,-1172401.340,350.380
-443749.930,-1172401.550,350.380
-443749.690,-1172401.760,350.380
-443749.430,-1172401.980,350.380
-443749.190,-1172402.180,350.380
-443748.930,-1172402.400,350.380
-443748.670,-1172402.620,350.380
-443748.430,-1172402.820,350.380
-443748.200,-1172403.020,350.380
-443747.940,-1172403.240,350.380
-443747.700,-1172403.440,350.380
-443747.470,-1172403.640,350.380
-443747.230,-1172403.840,350.380
-443746.990,-1172404.050,350.380
-443746.720,-1172404.270,350.390
-443746.500,-1172404.470,350.390
-443746.260,-1172404.660,350.400
-443746.000,-1172404.890,350.410
-443745.770,-1172405.090,350.420
-443745.520,-1172405.290,350.420
-443745.270,-1172405.510,350.420
-443745.020,-1172405.720,350.430
-443744.780,-1172405.920,350.430
-443744.540,-1172406.130,350.440
-443744.280,-1172406.350,350.450
-443744.020,-1172406.570,350.460
-443743.770,-1172406.780,350.460
-443743.520,-1172406.990,350.460
-443743.270,-1172407.200,350.460
-443743.030,-1172407.410,350.450
-443742.810,-1172407.600,350.450
-443742.550,-1172407.820,350.450
-443756.010,-1172396.740,349.740
-443755.760,-1172396.950,349.740
-443755.510,-1172397.170,349.730
-443755.270,-1172397.370,349.730
-443755.010,-1172397.590,349.730
-443754.770,-1172397.790,349.730
-443754.530,-1172398.000,349.750
-443754.280,-1172398.210,350.410
-443754.070,-1172398.390,350.440
-443753.600,-1172398.790,350.440
-443753.330,-1172399.010,350.440
-443753.100,-1172399.210,350.430
-443752.860,-1172399.410,350.420
-443752.610,-1172399.630,350.410
-443752.360,-1172399.840,350.400
-443752.110,-1172400.050,350.390
-443751.860,-1172400.260,350.390
-443751.620,-1172400.470,350.380
-443750.110,-1172401.750,350.380
-443749.880,-1172401.950,350.380
-443749.620,-1172402.160,350.380
-443749.400,-1172402.360,350.370
-443749.150,-1172402.570,350.380
-443748.890,-1172402.790,350.380
-443748.640,-1172403.000,350.380
-443748.400,-1172403.200,350.380
-443748.150,-1172403.420,350.380
-443747.890,-1172403.640,350.380
-443747.390,-1172404.060,350.380
-443747.160,-1172404.260,350.380
-443746.900,-1172404.470,350.385
-443746.670,-1172404.670,350.390
-443746.190,-1172405.080,350.400
-443745.950,-1172405.280,350.410
-443745.700,-1172405.500,350.420
-443745.470,-1172405.690,350.420
-443745.230,-1172405.900,350.420
-443744.970,-1172406.120,350.430
-443744.740,-1172406.320,350.430
-443744.480,-1172406.530,350.440
-443744.220,-1172406.750,350.450
-443743.990,-1172406.950,350.460
-443743.750,-1172407.150,350.460
-443743.500,-1172407.370,350.460
-443743.230,-1172407.590,350.460
-443742.980,-1172407.800,350.460
-443755.020,-1172398.120,349.710
-443754.760,-1172398.340,349.710
-443754.530,-1172398.530,349.730
-443754.290,-1172398.740,350.390
-443754.270,-1172398.750,350.390
-443754.060,-1172398.930,350.430
-443753.820,-1172399.140,350.440
-443753.580,-1172399.340,350.430
-443753.330,-1172399.560,350.430
-443753.080,-1172399.760,350.420
-443752.860,-1172399.950,350.410
-443752.600,-1172400.170,350.410
-443752.360,-1172400.380,350.400
-443752.120,-1172400.580,350.390
-443751.880,-1172400.780,350.390
-443751.620,-1172401.000,350.390
-443751.120,-1172401.430,350.385
-443750.880,-1172401.630,350.390
-443750.150,-1172402.250,350.370
-443749.890,-1172402.480,350.370
-443749.630,-1172402.690,350.370
-443749.150,-1172403.110,350.380
-443748.420,-1172403.730,350.380
-443748.170,-1172403.940,350.380
-443747.920,-1172404.150,350.370
-443747.660,-1172404.370,350.380
-443747.150,-1172404.800,350.380
-443746.910,-1172405.000,350.390
-443746.660,-1172405.210,350.390
-443746.440,-1172405.400,350.400
-443746.170,-1172405.630,350.410
-443745.930,-1172405.840,350.420
-443745.700,-1172406.030,350.420
-443745.460,-1172406.230,350.420
-443745.210,-1172406.450,350.430
-443744.960,-1172406.660,350.430
-443744.740,-1172406.850,350.440
-443744.490,-1172407.060,350.450
-443744.230,-1172407.280,350.450
-443744.000,-1172407.480,350.460
-443756.740,-1172396.650,349.740
-443756.510,-1172396.850,349.740
-443756.270,-1172397.050,349.730
-443756.010,-1172397.280,349.730
-443755.760,-1172397.480,349.720
-443755.530,-1172397.680,349.710
-443755.270,-1172397.900,349.710
-443752.320,-1172400.910,350.400
-443752.080,-1172401.120,350.390
-443751.830,-1172401.330,350.390
-443751.600,-1172401.530,350.390
-443751.350,-1172401.730,350.390
-443751.100,-1172401.950,350.390
-443750.610,-1172402.370,350.380
-443750.360,-1172402.580,350.370
-443750.120,-1172402.780,350.370
-443749.880,-1172402.980,350.370
-443749.110,-1172403.640,350.390
-443748.860,-1172403.850,350.380
-443748.370,-1172404.260,350.380
-443748.140,-1172404.460,350.380
-443747.890,-1172404.670,350.380
-443747.640,-1172404.890,350.380
-443747.380,-1172405.110,350.380
-443747.150,-1172405.300,350.380
-443746.890,-1172405.520,350.390
-443746.640,-1172405.730,350.400
-443746.390,-1172405.950,350.410
-443746.150,-1172406.150,350.415
-443745.900,-1172406.370,350.420
-443745.650,-1172406.570,350.420
-443745.400,-1172406.790,350.420
-443745.160,-1172406.990,350.430
-443744.930,-1172407.190,350.440
-443744.690,-1172407.390,350.440
-443744.450,-1172407.590,350.450
-443757.230,-1172396.740,349.740
-443756.980,-1172396.960,349.740
-443756.730,-1172397.170,349.730
-443756.460,-1172397.400,349.730
-443756.210,-1172397.610,349.720
-443755.980,-1172397.810,349.710
-443755.740,-1172398.010,349.700
-443755.500,-1172398.210,349.690
-443755.250,-1172398.420,349.685
-443754.990,-1172398.640,349.690
-443754.750,-1172398.850,349.690
-443754.500,-1172399.060,349.710
-443754.280,-1172399.250,350.390
-443754.250,-1172399.270,350.395
-443754.030,-1172399.460,350.425
-443753.790,-1172399.660,350.430
-443753.530,-1172399.880,350.430
-443753.300,-1172400.080,350.430
-443753.040,-1172400.300,350.420
-443752.800,-1172400.510,350.410
-443752.560,-1172400.710,350.400
-443749.350,-1172403.970,350.380
-443749.100,-1172404.180,350.390
-443748.860,-1172404.380,350.385
-443748.620,-1172404.590,350.380
-443748.100,-1172405.030,350.390
-443747.850,-1172405.240,350.380
-443747.600,-1172405.450,350.390
-443747.360,-1172405.660,350.390
-443747.110,-1172405.870,350.390
-443746.880,-1172406.060,350.400
-443746.640,-1172406.270,350.410
-443746.370,-1172406.500,350.410
-443746.130,-1172406.700,350.420
-443745.890,-1172406.910,350.420
-443745.370,-1172407.350,350.430
-443745.130,-1172407.550,350.440
-443758.200,-1172396.460,349.750
-443757.960,-1172396.660,349.750
-443757.710,-1172396.870,349.740
-443757.470,-1172397.070,349.730
-443757.210,-1172397.300,349.730
-443756.950,-1172397.510,349.720
-443756.720,-1172397.710,349.710
-443756.480,-1172397.910,349.710
-443756.220,-1172398.140,349.690
-443755.970,-1172398.350,349.690
-443755.730,-1172398.550,349.680
-443755.460,-1172398.780,349.670
-443755.200,-1172399.000,349.670
-443754.970,-1172399.190,349.660
-443754.740,-1172399.390,349.680
-443754.490,-1172399.610,349.680
-443754.270,-1172399.790,350.400
-443754.020,-1172400.000,350.420
-443753.770,-1172400.210,350.440
-443753.520,-1172400.430,350.440
-443753.280,-1172400.630,350.430
-443753.030,-1172400.850,350.420
-443752.780,-1172401.060,350.410
-443752.520,-1172401.280,350.400
-443752.290,-1172401.470,350.400
-443752.040,-1172401.690,350.400
-443751.790,-1172401.900,350.400
-443751.550,-1172402.100,350.400
-443751.320,-1172402.300,350.390
-443751.080,-1172402.500,350.390
-443750.810,-1172402.730,350.390
-443750.580,-1172402.920,350.380
-443750.360,-1172403.110,350.380
-443750.090,-1172403.340,350.380
-443749.840,-1172403.550,350.380
-443749.600,-1172403.750,350.380
-443748.670,-1172404.950,350.390
-443748.410,-1172405.170,350.390
-443748.150,-1172405.390,350.390
-443747.920,-1172405.590,350.390
-443747.680,-1172405.790,350.390
-443747.420,-1172406.010,350.400
-443747.170,-1172406.220,350.410
-443746.920,-1172406.430,350.410
-443746.670,-1172406.650,350.410
-443746.410,-1172406.870,350.420
-443746.170,-1172407.080,350.420
-443745.930,-1172407.270,350.420
-443745.700,-1172407.470,350.430
-443758.440,-1172396.650,349.750
-443758.210,-1172396.850,349.740
-443757.970,-1172397.060,349.730
-443757.730,-1172397.260,349.730
-443757.490,-1172397.460,349.730
-443757.230,-1172397.680,349.720
-443757.000,-1172397.880,349.710
-443756.760,-1172398.080,349.700
-443756.510,-1172398.300,349.690
-443756.270,-1172398.500,349.680
-443756.010,-1172398.710,349.670
-443755.760,-1172398.930,349.660
-443755.520,-1172399.130,349.660
-443755.280,-1172399.340,349.650
-443755.030,-1172399.550,349.650
-443754.770,-1172399.770,349.650
-443754.530,-1172399.980,349.660
-443754.280,-1172400.190,350.400
-443754.040,-1172400.390,350.420
-443753.810,-1172400.590,350.440
-443753.560,-1172400.790,350.430
-443753.330,-1172400.990,350.430
-443753.080,-1172401.210,350.420
-443752.820,-1172401.420,350.410
-443752.590,-1172401.620,350.410
-443752.330,-1172401.840,350.410
-443752.070,-1172402.060,350.400
-443751.830,-1172402.270,350.400
-443751.580,-1172402.480,350.400
-443751.340,-1172402.690,350.390
-443751.090,-1172402.890,350.390
-443750.840,-1172403.110,350.390
-443750.600,-1172403.310,350.380
-443750.370,-1172403.510,350.380
-443750.120,-1172403.720,350.380
-443749.880,-1172403.920,350.380
-443749.630,-1172404.130,350.380
-443749.400,-1172404.330,350.390
-443749.160,-1172404.540,350.380
-443748.910,-1172404.750,350.390
-443750.780,-1172403.680,350.390
-443750.550,-1172403.870,350.390
-443750.300,-1172404.090,350.390
-443750.060,-1172404.290,350.385
-443749.810,-1172404.500,350.390
-443749.570,-1172404.700,350.390
-443749.340,-1172404.900,350.390
-443749.090,-1172405.120,350.390
-443748.850,-1172405.310,350.390
-443748.600,-1172405.530,350.400
-443748.360,-1172405.730,350.400
-443748.120,-1172405.940,350.400
-443747.870,-1172406.150,350.400
-443747.640,-1172406.340,350.410
-443747.380,-1172406.570,350.410
-443747.120,-1172406.780,350.410
-443746.890,-1172406.980,350.415
-443746.650,-1172407.190,350.420
-443746.390,-1172407.410,350.420
-443759.160,-1172396.560,349.755
-443758.910,-1172396.770,349.750
-443758.660,-1172396.990,349.740
-443758.400,-1172397.210,349.730
-443758.160,-1172397.410,349.730
-443757.910,-1172397.620,349.720
-443757.680,-1172397.820,349.710
-443757.410,-1172398.050,349.700
-443757.170,-1172398.250,349.690
-443756.940,-1172398.450,349.680
-443756.710,-1172398.650,349.670
-443756.460,-1172398.860,349.670
-443756.210,-1172399.070,349.660
-443755.980,-1172399.260,349.650
-443755.740,-1172399.470,349.640
-443755.470,-1172399.690,349.640
-443755.230,-1172399.900,349.630
-443755.000,-1172400.100,349.630
-443754.740,-1172400.320,349.630
-443754.490,-1172400.530,349.650
-443754.280,-1172400.710,350.410
-443754.040,-1172400.910,350.430
-443753.770,-1172401.140,350.440
-443753.520,-1172401.350,350.440
-443753.270,-1172401.560,350.430
-443753.020,-1172401.780,350.420
-443752.770,-1172401.990,350.420
-443752.530,-1172402.190,350.420
-443752.310,-1172402.380,350.420
-443752.040,-1172402.610,350.410
-443751.790,-1172402.820,350.410
-443751.550,-1172403.020,350.400
-443751.300,-1172403.240,350.400
-443751.050,-1172403.450,350.390
-443754.540,-1172400.970,349.635
-443754.340,-1172401.140,350.390
-443754.080,-1172401.360,350.430
-443753.820,-1172401.570,350.450
-443753.580,-1172401.780,350.450
-443753.350,-1172401.970,350.440
-443753.100,-1172402.190,350.430
-443752.850,-1172402.400,350.420
-443752.340,-1172402.840,350.420
-443752.080,-1172403.060,350.420
-443751.850,-1172403.250,350.410
-443751.600,-1172403.460,350.410
-443751.360,-1172403.670,350.400
-443751.110,-1172403.880,350.400
-443750.850,-1172404.100,350.390
-443750.620,-1172404.300,350.390
-443750.360,-1172404.510,350.390
-443749.860,-1172404.940,350.380
-443749.620,-1172405.140,350.390
-443749.370,-1172405.350,350.390
-443749.130,-1172405.560,350.390
-443748.880,-1172405.780,350.390
-443748.630,-1172405.980,350.400
-443748.400,-1172406.180,350.400
-443748.160,-1172406.380,350.410
-443747.920,-1172406.590,350.410
-443747.670,-1172406.800,350.410
-443747.190,-1172407.210,350.420
-443746.940,-1172407.420,350.420
-443759.690,-1172396.600,349.760
-443759.450,-1172396.800,349.750
-443759.210,-1172397.000,349.740
-443758.970,-1172397.200,349.730
-443758.720,-1172397.410,349.730
-443758.470,-1172397.630,349.720
-443758.220,-1172397.840,349.710
-443757.980,-1172398.050,349.700
-443757.710,-1172398.270,349.690
-443757.460,-1172398.480,349.680
-443757.220,-1172398.690,349.670
-443756.970,-1172398.900,349.670
-443756.740,-1172399.100,349.660
-443756.480,-1172399.320,349.650
-443756.240,-1172399.520,349.640
-443756.000,-1172399.730,349.630
-443755.770,-1172399.920,349.630
-443755.520,-1172400.130,349.620
-443755.270,-1172400.350,349.620
-443755.030,-1172400.550,349.620
-443754.800,-1172400.750,349.620
-443755.740,-1172400.370,349.610
-443755.470,-1172400.590,349.610
-443755.240,-1172400.790,349.610
-443755.010,-1172400.990,349.610
-443754.750,-1172401.210,349.610
-443754.300,-1172401.590,350.420
-443754.070,-1172401.790,350.440
-443753.820,-1172401.990,350.450
-443753.570,-1172402.210,350.450
-443753.340,-1172402.400,350.440
-443753.070,-1172402.630,350.440
-443752.810,-1172402.850,350.430
-443752.580,-1172403.050,350.420
-443752.350,-1172403.240,350.420
-443752.090,-1172403.460,350.420
-443751.830,-1172403.690,350.410
-443751.590,-1172403.890,350.410
-443751.340,-1172404.110,350.410
-443751.070,-1172404.330,350.400
-443750.840,-1172404.530,350.390
-443750.600,-1172404.730,350.390
-443750.370,-1172404.930,350.390
-443750.100,-1172405.160,350.390
-443749.620,-1172405.560,350.390
-443749.360,-1172405.790,350.390
-443749.100,-1172406.000,350.400
-443748.860,-1172406.210,350.400
-443748.620,-1172406.410,350.410
-443748.350,-1172406.640,350.410
-443748.120,-1172406.840,350.410
-443747.880,-1172407.040,350.420
-443747.630,-1172407.260,350.420
-443747.390,-1172407.460,350.420
-443760.420,-1172396.390,349.765
-443760.180,-1172396.590,349.755
-443759.950,-1172396.790,349.750
-443759.700,-1172397.000,349.740
-443759.440,-1172397.220,349.730
-443759.180,-1172397.450,349.730
-443758.930,-1172397.650,349.720
-443758.690,-1172397.870,349.710
-443758.440,-1172398.070,349.700
-443758.190,-1172398.280,349.690
-443757.970,-1172398.480,349.680
-443757.720,-1172398.690,349.670
-443757.450,-1172398.910,349.670
-443757.220,-1172399.110,349.655
-443756.970,-1172399.320,349.640
-443756.720,-1172399.540,349.640
-443756.460,-1172399.760,349.630
-443756.220,-1172399.960,349.630
-443755.980,-1172400.160,349.620
-443758.380,-1172398.500,349.680
-443758.130,-1172398.710,349.670
-443757.880,-1172398.920,349.670
-443757.620,-1172399.140,349.650
-443757.390,-1172399.340,349.640
-443757.150,-1172399.550,349.640
-443756.910,-1172399.750,349.630
-443756.650,-1172399.960,349.630
-443756.400,-1172400.180,349.620
-443756.150,-1172400.390,349.610
-443755.910,-1172400.590,349.610
-443755.650,-1172400.820,349.600
-443755.400,-1172401.030,349.590
-443755.160,-1172401.230,349.590
-443754.910,-1172401.450,349.600
-443754.670,-1172401.650,349.610
-443754.420,-1172401.860,350.390
-443754.210,-1172402.040,350.430
-443753.970,-1172402.240,350.450
-443753.730,-1172402.450,350.450
-443753.500,-1172402.640,350.450
-443753.240,-1172402.870,350.440
-443753.000,-1172403.070,350.440
-443752.760,-1172403.270,350.430
-443752.510,-1172403.480,350.430
-443752.270,-1172403.690,350.420
-443752.010,-1172403.910,350.420
-443751.760,-1172404.120,350.420
-443751.530,-1172404.320,350.410
-443751.290,-1172404.520,350.410
-443751.030,-1172404.740,350.400
-443750.780,-1172404.950,350.400
-443750.520,-1172405.170,350.390
-443750.270,-1172405.390,350.390
-443750.030,-1172405.590,350.390
-443749.780,-1172405.800,350.390
-443749.540,-1172406.000,350.390
-443749.300,-1172406.210,350.400
-443749.050,-1172406.420,350.400
-443748.790,-1172406.640,350.410
-443748.550,-1172406.840,350.410
-443748.300,-1172407.060,350.420
-443748.060,-1172407.270,350.420
-443760.830,-1172396.410,349.760
-443760.610,-1172396.610,349.760
-443760.370,-1172396.810,349.750
-443760.120,-1172397.020,349.740
-443759.880,-1172397.220,349.740
-443759.630,-1172397.440,349.730
-443759.360,-1172397.670,349.720
-443759.130,-1172397.860,349.710
-443758.900,-1172398.060,349.700
-443758.640,-1172398.280,349.690
-443761.290,-1172396.540,349.760
-443761.050,-1172396.750,349.750
-443760.820,-1172396.940,349.740
-443760.580,-1172397.150,349.740
-443760.330,-1172397.360,349.730
-443760.080,-1172397.570,349.730
-443759.850,-1172397.770,349.710
-443759.610,-1172397.970,349.710
-443759.340,-1172398.200,349.690
-443759.110,-1172398.390,349.685
-443758.860,-1172398.600,349.670
-443758.600,-1172398.830,349.670
-443758.360,-1172399.030,349.650
-443758.130,-1172399.230,349.640
-443757.880,-1172399.440,349.640
-443757.610,-1172399.670,349.630
-443757.360,-1172399.880,349.630
-443757.120,-1172400.090,349.620
-443756.860,-1172400.310,349.610
-443756.620,-1172400.510,349.600
-443756.380,-1172400.720,349.600
-443756.150,-1172400.910,349.600
-443755.890,-1172401.130,349.590
-443755.630,-1172401.350,349.580
-443755.400,-1172401.540,349.580
-443755.140,-1172401.770,349.580
-443754.870,-1172401.990,349.585
-443754.630,-1172402.200,349.600
-443754.400,-1172402.400,350.415
-443754.170,-1172402.590,350.445
-443753.930,-1172402.800,350.450
-443753.670,-1172403.010,350.450
-443753.450,-1172403.200,350.450
-443753.200,-1172403.410,350.440
-443752.950,-1172403.620,350.440
-443752.730,-1172403.820,350.430
-443752.480,-1172404.030,350.430
-443752.230,-1172404.240,350.430
-443751.990,-1172404.440,350.420
-443751.750,-1172404.650,350.410
-443751.510,-1172404.850,350.410
-443751.240,-1172405.080,350.400
-443751.000,-1172405.280,350.400
-443750.760,-1172405.480,350.400
-443750.520,-1172405.690,350.400
-443750.260,-1172405.910,350.390
-443750.010,-1172406.120,350.400
-443749.770,-1172406.330,350.400
-443749.500,-1172406.560,350.410
-443749.250,-1172406.770,350.410
-443749.010,-1172406.970,350.410
-443748.780,-1172407.170,350.420
-443748.530,-1172407.380,350.420
-443761.970,-1172396.470,349.760
-443761.720,-1172396.690,349.750
-443761.470,-1172396.900,349.740
-443761.200,-1172397.120,349.730
-443760.970,-1172397.320,349.730
-443760.710,-1172397.540,349.730
-443760.490,-1172397.740,349.720
-443760.220,-1172397.960,349.700
-443759.990,-1172398.160,349.690
-443759.750,-1172398.360,349.680
-443759.510,-1172398.560,349.680
-443759.270,-1172398.770,349.670
-443759.010,-1172398.990,349.660
-443758.770,-1172399.190,349.650
-443758.540,-1172399.390,349.640
-443758.280,-1172399.610,349.630
-443758.050,-1172399.800,349.630
-443757.790,-1172400.020,349.620
-443757.530,-1172400.240,349.610
-443757.300,-1172400.440,349.600
-443757.060,-1172400.650,349.600
-443756.810,-1172400.860,349.590
-443756.300,-1172401.290,349.580
-443756.040,-1172401.510,349.580
-443755.790,-1172401.720,349.570
-443755.550,-1172401.920,349.570
-443755.310,-1172402.130,349.570
-443755.080,-1172402.330,349.570
-443754.820,-1172402.550,349.570
-443754.570,-1172402.760,349.600
-443754.360,-1172402.930,350.430
-443754.110,-1172403.150,350.450
-443753.590,-1172403.590,350.460
-443753.360,-1172403.790,350.450
-443753.110,-1172404.000,350.440
-443752.870,-1172404.200,350.440
-443752.620,-1172404.410,350.430
-443752.370,-1172404.620,350.430
-443752.130,-1172404.830,350.420
-443751.900,-1172405.030,350.420
-443751.650,-1172405.230,350.410
-443751.410,-1172405.440,350.410
-443751.160,-1172405.650,350.400
-443750.940,-1172405.840,350.400
-443750.670,-1172406.070,350.400
-443750.440,-1172406.270,350.400
-443750.180,-1172406.480,350.400
-443749.920,-1172406.700,350.400
-443749.690,-1172406.900,350.410
-443749.460,-1172407.100,350.410
-443749.200,-1172407.320,350.410
-443762.770,-1172396.290,349.760
-443762.500,-1172396.520,349.750
-443762.260,-1172396.720,349.750
-443762.040,-1172396.910,349.740
-443761.800,-1172397.120,349.740
-443761.530,-1172397.340,349.730
-443761.280,-1172397.560,349.720
-443761.050,-1172397.750,349.710
-443760.790,-1172397.970,349.700
-443760.530,-1172398.190,349.690
-443760.290,-1172398.400,349.680
-443760.050,-1172398.600,349.670
-443759.790,-1172398.820,349.660
-443759.540,-1172399.030,349.650
-443759.300,-1172399.230,349.640
-443759.060,-1172399.440,349.640
-443758.810,-1172399.650,349.630
-443758.580,-1172399.850,349.620
-443758.350,-1172400.040,349.620
-443758.090,-1172400.260,349.610
-443757.840,-1172400.470,349.600
-443757.610,-1172400.670,349.590
-443757.370,-1172400.880,349.590
-443757.120,-1172401.090,349.590
-443756.860,-1172401.310,349.580
-443756.620,-1172401.510,349.575
-443756.380,-1172401.710,349.570
-443756.130,-1172401.930,349.570
-443755.880,-1172402.140,349.560
-443755.630,-1172402.350,349.550
-443755.370,-1172402.570,349.550
-443755.110,-1172402.800,349.550
-443754.860,-1172403.000,349.550
-443754.630,-1172403.200,349.570
-443754.420,-1172403.380,350.410
-443754.390,-1172403.410,350.435
-443754.170,-1172403.590,350.450
-443753.930,-1172403.800,350.460
-443753.680,-1172404.010,350.460
-443753.430,-1172404.220,350.460
-443753.170,-1172404.440,350.450
-443752.930,-1172404.640,350.440
-443752.670,-1172404.870,350.440
-443752.430,-1172405.070,350.430
-443752.180,-1172405.280,350.420
-443751.950,-1172405.480,350.420
-443751.680,-1172405.710,350.410
-443751.440,-1172405.910,350.410
-443751.220,-1172406.100,350.400
-443750.980,-1172406.300,350.400
-443750.730,-1172406.510,350.400
-443750.470,-1172406.740,350.405
-443750.240,-1172406.930,350.410
-443750.010,-1172407.130,350.410
-443752.760,-1172405.210,350.440
-443752.520,-1172405.420,350.430
-443752.260,-1172405.630,350.420
-443752.010,-1172405.850,350.420
-443751.760,-1172406.060,350.420
-443751.520,-1172406.270,350.420
-443751.270,-1172406.480,350.410
-443751.020,-1172406.690,350.410
-443750.770,-1172406.900,350.410
-443750.530,-1172407.100,350.420
-443763.100,-1172396.430,349.760
-443762.870,-1172396.630,349.760
-443762.610,-1172396.850,349.750
-443762.350,-1172397.070,349.740
-443762.100,-1172397.280,349.730
-443761.840,-1172397.500,349.720
-443761.580,-1172397.720,349.710
-443761.350,-1172397.920,349.700
-443761.120,-1172398.110,349.690
-443760.880,-1172398.320,349.680
-443760.620,-1172398.540,349.670
-443760.370,-1172398.750,349.665
-443760.130,-1172398.950,349.660
-443759.870,-1172399.170,349.650
-443759.620,-1172399.390,349.640
-443759.370,-1172399.600,349.625
-443759.130,-1172399.800,349.620
-443758.880,-1172400.020,349.620
-443758.640,-1172400.220,349.610
-443758.380,-1172400.440,349.600
-443758.150,-1172400.640,349.600
-443757.910,-1172400.840,349.590
-443757.660,-1172401.050,349.590
-443757.430,-1172401.250,349.580
-443757.170,-1172401.460,349.580
-443756.930,-1172401.670,349.570
-443756.700,-1172401.860,349.560
-443756.450,-1172402.080,349.560
-443756.200,-1172402.290,349.550
-443755.940,-1172402.510,349.540
-443755.700,-1172402.720,349.540
-443755.460,-1172402.920,349.540
-443755.210,-1172403.140,349.540
-443754.970,-1172403.330,349.540
-443754.720,-1172403.550,349.550
-443754.460,-1172403.770,350.420
-443754.240,-1172403.960,350.460
-443753.980,-1172404.170,350.470
-443753.750,-1172404.370,350.470
-443753.500,-1172404.580,350.460
-443753.270,-1172404.780,350.450
-443753.010,-1172405.000,350.440
-443757.450,-1172401.750,349.560
-443757.200,-1172401.960,349.560
-443756.960,-1172402.160,349.550
-443756.720,-1172402.360,349.550
-443756.490,-1172402.560,349.550
-443756.220,-1172402.790,349.540
-443755.980,-1172402.990,349.530
-443755.750,-1172403.190,349.530
-443755.510,-1172403.400,349.520
-443755.260,-1172403.610,349.510
-443755.000,-1172403.830,349.515
-443754.760,-1172404.040,349.520
-443754.520,-1172404.240,350.430
-443754.310,-1172404.410,350.460
-443754.050,-1172404.630,350.480
-443753.810,-1172404.840,350.480
-443753.550,-1172405.060,350.460
-443753.290,-1172405.280,350.450
-443753.050,-1172405.490,350.440
-443752.810,-1172405.690,350.440
-443752.560,-1172405.900,350.440
-443752.320,-1172406.110,350.430
-443752.080,-1172406.310,350.430
-443751.820,-1172406.530,350.420
-443751.570,-1172406.740,350.420
-443751.320,-1172406.960,350.420
-443751.070,-1172407.160,350.420
-443763.870,-1172396.290,349.750
-443763.630,-1172396.500,349.750
-443763.390,-1172396.710,349.750
-443763.140,-1172396.920,349.740
-443762.910,-1172397.110,349.740
-443762.650,-1172397.330,349.730
-443762.390,-1172397.560,349.720
-443762.150,-1172397.760,349.710
-443761.920,-1172397.950,349.700
-443761.650,-1172398.180,349.690
-443761.400,-1172398.390,349.680
-443761.150,-1172398.600,349.670
-443760.900,-1172398.820,349.660
-443760.640,-1172399.040,349.650
-443760.400,-1172399.240,349.640
-443760.170,-1172399.440,349.630
-443759.930,-1172399.640,349.630
-443759.670,-1172399.870,349.620
-443759.420,-1172400.070,349.610
-443759.200,-1172400.270,349.610
-443758.930,-1172400.490,349.600
-443758.670,-1172400.710,349.590
-443758.430,-1172400.920,349.590
-443758.180,-1172401.130,349.580
-443757.930,-1172401.340,349.570
-443757.690,-1172401.550,349.570
-443764.280,-1172396.370,349.750
-443764.030,-1172396.580,349.740
-443763.780,-1172396.800,349.740
-443763.540,-1172397.000,349.740
-443763.320,-1172397.190,349.730
-443763.070,-1172397.390,349.720
-443762.820,-1172397.610,349.710
-443762.580,-1172397.810,349.710
-443762.340,-1172398.020,349.700
-443762.090,-1172398.230,349.690
-443761.850,-1172398.440,349.680
-443761.600,-1172398.650,349.665
-443761.340,-1172398.870,349.660
-443761.100,-1172399.070,349.650
-443760.860,-1172399.270,349.640
-443760.610,-1172399.490,349.630
-443760.360,-1172399.700,349.630
-443760.100,-1172399.920,349.620
-443759.850,-1172400.140,349.610
-443759.600,-1172400.350,349.600
-443759.350,-1172400.550,349.600
-443759.120,-1172400.750,349.590
-443758.880,-1172400.960,349.580
-443758.630,-1172401.170,349.580
-443758.370,-1172401.390,349.570
-443758.130,-1172401.590,349.560
-443757.880,-1172401.810,349.560
-443757.620,-1172402.020,349.560
-443757.370,-1172402.240,349.550
-443757.130,-1172402.440,349.550
-443756.880,-1172402.660,349.540
-443756.630,-1172402.870,349.530
-443756.380,-1172403.080,349.530
-443756.150,-1172403.280,349.520
-443755.910,-1172403.470,349.520
-443755.670,-1172403.680,349.510
-443755.430,-1172403.890,349.500
-443755.180,-1172404.100,349.500
-443754.940,-1172404.300,349.510
-443754.480,-1172404.690,350.460
-443754.450,-1172404.720,350.470
-443754.240,-1172404.890,350.480
-443753.990,-1172405.110,350.480
-443753.740,-1172405.320,350.480
-443753.490,-1172405.530,350.460
-443753.260,-1172405.730,350.450
-443753.000,-1172405.950,350.440
-443752.740,-1172406.170,350.440
-443752.490,-1172406.380,350.440
-443752.240,-1172406.600,350.430
-443751.990,-1172406.810,350.430
-443751.740,-1172407.020,350.430
-443764.720,-1172396.390,349.740
-443764.460,-1172396.610,349.740
-443764.200,-1172396.830,349.740
-443763.950,-1172397.040,349.730
-443763.710,-1172397.240,349.730
-443763.450,-1172397.470,349.720
-443763.210,-1172397.670,349.710
-443762.970,-1172397.870,349.700
-443762.730,-1172398.080,349.690
-443762.480,-1172398.290,349.680
-443762.240,-1172398.490,349.670
-443762.020,-1172398.680,349.660
-443761.750,-1172398.910,349.650
-443761.500,-1172399.120,349.640
-443761.270,-1172399.310,349.640
-443761.030,-1172399.520,349.630
-443760.780,-1172399.740,349.620
-443760.520,-1172399.950,349.610
-443760.270,-1172400.170,349.610
-443760.040,-1172400.360,349.600
-443759.790,-1172400.570,349.600
-443759.540,-1172400.780,349.590
-443759.300,-1172400.990,349.580
-443759.040,-1172401.210,349.580
-443758.780,-1172401.440,349.570
-443758.520,-1172401.650,349.560
-443758.290,-1172401.850,349.560
-443758.050,-1172402.050,349.560
-443757.810,-1172402.260,349.550
-443757.560,-1172402.470,349.550
-443757.310,-1172402.680,349.540
-443757.060,-1172402.890,349.540
-443756.560,-1172403.320,349.530
-443756.300,-1172403.540,349.510
-443756.060,-1172403.740,349.510
-443755.810,-1172403.950,349.500
-443755.580,-1172404.150,349.490
-443755.320,-1172404.370,349.490
-443754.840,-1172404.780,349.510
-443754.600,-1172404.980,350.470
-443754.400,-1172405.150,350.480
-443754.150,-1172405.370,350.480
-443753.910,-1172405.570,350.480
-443753.680,-1172405.770,350.470
-443753.410,-1172405.990,350.460
-443753.170,-1172406.200,350.450
-443752.930,-1172406.400,350.440
-443752.660,-1172406.620,350.440
-443752.420,-1172406.830,350.440
-443752.190,-1172407.020,350.430
-443754.200,-1172405.660,350.480
-443753.960,-1172405.860,350.470
-443753.720,-1172406.070,350.460
-443753.480,-1172406.270,350.460
-443753.240,-1172406.470,350.450
-443752.990,-1172406.680,350.450
-443752.750,-1172406.890,350.440
-443765.250,-1172396.270,349.750
-443765.000,-1172396.490,349.740
-443764.760,-1172396.690,349.740
-443764.530,-1172396.890,349.740
-443764.280,-1172397.100,349.730
-443764.030,-1172397.310,349.720
-443763.780,-1172397.530,349.710
-443763.540,-1172397.730,349.710
-443763.290,-1172397.940,349.700
-443763.040,-1172398.150,349.690
-443762.780,-1172398.370,349.680
-443762.550,-1172398.570,349.670
-443762.290,-1172398.790,349.655
-443762.050,-1172398.990,349.650
-443761.800,-1172399.210,349.640
-443761.560,-1172399.410,349.630
-443761.330,-1172399.610,349.620
-443761.090,-1172399.810,349.620
-443760.840,-1172400.020,349.610
-443760.590,-1172400.240,349.610
-443760.340,-1172400.440,349.600
-443760.120,-1172400.640,349.600
-443759.850,-1172400.860,349.590
-443759.620,-1172401.050,349.580
-443759.380,-1172401.270,349.580
-443759.120,-1172401.480,349.570
-443758.880,-1172401.690,349.560
-443758.630,-1172401.890,349.560
-443758.380,-1172402.110,349.560
-443758.130,-1172402.320,349.550
-443757.880,-1172402.540,349.550
-443757.620,-1172402.750,349.540
-443757.370,-1172402.970,349.530
-443757.130,-1172403.170,349.530
-443756.890,-1172403.380,349.520
-443756.650,-1172403.580,349.520
-443756.400,-1172403.790,349.510
-443756.140,-1172404.010,349.500
-443755.900,-1172404.210,349.490
-443755.660,-1172404.420,349.480
-443755.390,-1172404.650,349.480
-443755.130,-1172404.870,349.495
-443754.900,-1172405.060,349.510
-443754.450,-1172405.450,350.480
-443759.550,-1172401.630,349.560
-443759.320,-1172401.820,349.560
-443759.080,-1172402.030,349.560
-443758.820,-1172402.240,349.550
-443758.590,-1172402.440,349.545
-443758.340,-1172402.650,349.540
-443758.080,-1172402.880,349.530
-443757.840,-1172403.080,349.530
-443757.600,-1172403.280,349.520
-443757.360,-1172403.490,349.510
-443757.090,-1172403.720,349.510
-443756.840,-1172403.930,349.500
-443756.590,-1172404.140,349.490
-443756.340,-1172404.360,349.485
-443756.090,-1172404.570,349.480
-443755.850,-1172404.770,349.480
-443755.610,-1172404.970,349.470
-443754.660,-1172405.780,350.490
-443754.400,-1172406.000,350.480
-443754.140,-1172406.220,350.480
-443753.920,-1172406.410,350.470
-443753.650,-1172406.640,350.460
-443753.410,-1172406.840,350.460
-443765.980,-1172396.160,349.750
-443765.740,-1172396.380,349.750
-443765.490,-1172396.580,349.740
-443765.250,-1172396.790,349.730
-443764.750,-1172397.210,349.720
-443764.480,-1172397.440,349.720
-443764.230,-1172397.650,349.700
-443763.980,-1172397.860,349.700
-443763.750,-1172398.060,349.690
-443763.500,-1172398.270,349.680
-443763.260,-1172398.480,349.670
-443763.020,-1172398.680,349.660
-443762.760,-1172398.900,349.650
-443762.510,-1172399.110,349.640
-443762.260,-1172399.320,349.630
-443762.020,-1172399.530,349.620
-443761.760,-1172399.750,349.620
-443761.520,-1172399.960,349.615
-443761.260,-1172400.170,349.610
-443761.030,-1172400.370,349.600
-443760.760,-1172400.600,349.590
-443760.530,-1172400.800,349.590
-443760.300,-1172400.990,349.580
-443760.060,-1172401.200,349.580
-443765.810,-1172396.830,349.730
-443765.560,-1172397.050,349.730
-443765.320,-1172397.250,349.720
-443765.060,-1172397.460,349.710
-443764.570,-1172397.890,349.690
-443764.330,-1172398.090,349.680
-443764.070,-1172398.310,349.670
-443763.820,-1172398.520,349.660
-443763.570,-1172398.730,349.650
-443763.320,-1172398.950,349.640
-443763.060,-1172399.170,349.630
-443762.810,-1172399.380,349.620
-443762.590,-1172399.570,349.620
-443762.340,-1172399.770,349.620
-443762.090,-1172399.990,349.610
-443761.840,-1172400.200,349.600
-443761.600,-1172400.400,349.600
-443761.340,-1172400.630,349.590
-443761.080,-1172400.850,349.580
-443760.830,-1172401.060,349.570
-443760.600,-1172401.260,349.570
-443760.340,-1172401.470,349.570
-443760.110,-1172401.670,349.560
-443759.850,-1172401.890,349.560
-443759.610,-1172402.100,349.550
-443759.360,-1172402.300,349.550
-443759.140,-1172402.500,349.540
-443758.890,-1172402.700,349.530
-443758.650,-1172402.910,349.530
-443758.400,-1172403.120,349.520
-443758.160,-1172403.330,349.520
-443757.910,-1172403.540,349.510
-443757.680,-1172403.740,349.505
-443757.420,-1172403.950,349.500
-443757.170,-1172404.170,349.490
-443756.930,-1172404.370,349.490
-443756.690,-1172404.570,349.480
-443756.440,-1172404.790,349.470
-443756.180,-1172405.010,349.470
-443754.490,-1172406.440,350.480
-443754.230,-1172406.660,350.470
-443753.990,-1172406.870,350.470
-443766.540,-1172396.210,349.740
-443766.290,-1172396.420,349.740
-443766.050,-1172396.630,349.740
-443767.080,-1172396.240,349.740
-443766.840,-1172396.440,349.730
-443766.590,-1172396.660,349.730
-443766.340,-1172396.870,349.730
-443766.120,-1172397.060,349.730
-443765.880,-1172397.260,349.720
-443765.630,-1172397.470,349.710
-443765.370,-1172397.690,349.700
-443765.140,-1172397.890,349.690
-443764.910,-1172398.090,349.680
-443764.650,-1172398.300,349.670
-443764.410,-1172398.510,349.660
-443764.160,-1172398.720,349.650
-443763.910,-1172398.930,349.640
-443763.650,-1172399.150,349.630
-443763.420,-1172399.340,349.630
-443763.180,-1172399.550,349.620
-443762.920,-1172399.770,349.610
-443762.650,-1172400.000,349.610
-443762.410,-1172400.200,349.600
-443762.160,-1172400.410,349.600
-443761.910,-1172400.630,349.590
-443761.670,-1172400.830,349.580
-443761.440,-1172401.030,349.580
-443761.190,-1172401.240,349.570
-443760.920,-1172401.470,349.570
-443760.700,-1172401.660,349.565
-443760.450,-1172401.870,349.560
-443760.190,-1172402.090,349.550
-443759.930,-1172402.310,349.540
-443759.700,-1172402.510,349.535
-443759.450,-1172402.720,349.530
-443759.200,-1172402.930,349.530
-443758.940,-1172403.150,349.520
-443758.710,-1172403.340,349.510
-443758.470,-1172403.550,349.510
-443758.220,-1172403.760,349.500
-443757.990,-1172403.960,349.500
-443757.750,-1172404.170,349.490
-443757.500,-1172404.370,349.490
-443757.250,-1172404.590,349.480
-443757.000,-1172404.800,349.480
-443754.540,-1172406.880,350.480
-443761.470,-1172401.400,349.570
-443761.210,-1172401.610,349.570
-443760.970,-1172401.820,349.560
-443760.740,-1172402.010,349.550
-443760.500,-1172402.220,349.550
-443760.240,-1172402.440,349.540
-443759.980,-1172402.650,349.530
-443759.760,-1172402.850,349.530
-443759.500,-1172403.070,349.520
-443759.240,-1172403.290,349.510
-443758.990,-1172403.500,349.510
-443758.750,-1172403.700,349.500
-443758.490,-1172403.920,349.500
-443758.250,-1172404.120,349.490
-443758.000,-1172404.340,349.490
-443757.770,-1172404.540,349.480
-443757.530,-1172404.740,349.480
-443757.290,-1172404.940,349.480
-443767.630,-1172396.160,349.740
-443767.390,-1172396.360,349.730
-443767.140,-1172396.580,349.730
-443766.880,-1172396.800,349.730
-443766.630,-1172397.010,349.720
-443766.390,-1172397.220,349.720
-443766.140,-1172397.430,349.710
-443765.900,-1172397.630,349.700
-443765.640,-1172397.850,349.690
-443765.410,-1172398.050,349.680
-443765.170,-1172398.250,349.670
-443764.940,-1172398.450,349.670
-443764.690,-1172398.660,349.650
-443764.440,-1172398.870,349.640
-443764.190,-1172399.080,349.640
-443763.960,-1172399.280,349.630
-443763.700,-1172399.500,349.620
-443763.470,-1172399.700,349.620
-443763.210,-1172399.910,349.610
-443762.960,-1172400.130,349.600
-443762.720,-1172400.330,349.600
-443762.480,-1172400.530,349.590
-443762.220,-1172400.760,349.590
-443761.970,-1172400.970,349.580
-443761.720,-1172401.180,349.570
-443768.190,-1172396.180,349.750
-443767.940,-1172396.380,349.730
-443767.700,-1172396.590,349.730
-443767.450,-1172396.800,349.720
-443767.210,-1172397.000,349.720
-443766.980,-1172397.200,349.720
-443766.720,-1172397.420,349.710
-443766.470,-1172397.630,349.700
-443766.220,-1172397.840,349.690
-443765.980,-1172398.050,349.680
-443765.710,-1172398.270,349.670
-443765.470,-1172398.480,349.660
-443765.220,-1172398.690,349.650
-443764.990,-1172398.890,349.640
-443764.720,-1172399.120,349.640
-443764.490,-1172399.310,349.630
-443764.250,-1172399.510,349.620
-443764.010,-1172399.720,349.610
-443763.770,-1172399.930,349.610
-443763.520,-1172400.140,349.600
-443763.280,-1172400.340,349.600
-443763.040,-1172400.540,349.590
-443762.790,-1172400.760,349.580
-443762.550,-1172400.960,349.580
-443762.300,-1172401.170,349.580
-443762.040,-1172401.400,349.570
-443761.800,-1172401.600,349.570
-443761.570,-1172401.790,349.560
-443761.320,-1172402.010,349.560
-443761.050,-1172402.240,349.550
-443760.800,-1172402.450,349.540
-443760.560,-1172402.650,349.535
-443760.290,-1172402.880,349.525
-443760.050,-1172403.080,349.520
-443759.820,-1172403.280,349.510
-443759.590,-1172403.480,349.510
-443759.320,-1172403.700,349.500
-443759.070,-1172403.920,349.490
-443758.840,-1172404.110,349.490
-443758.580,-1172404.330,349.490
-443758.320,-1172404.550,349.480
-443758.080,-1172404.760,349.480
-443757.840,-1172404.960,349.470
-443759.490,-1172403.990,349.490
-443759.240,-1172404.210,349.490
-443759.000,-1172404.410,349.480
-443758.750,-1172404.620,349.480
-443758.520,-1172404.820,349.470
-443768.630,-1172396.240,349.770
-443768.390,-1172396.440,349.745
-443768.160,-1172396.640,349.730
-443767.900,-1172396.860,349.720
-443767.640,-1172397.070,349.720
-443767.390,-1172397.280,349.710
-443767.130,-1172397.510,349.700
-443766.880,-1172397.720,349.700
-443766.640,-1172397.930,349.690
-443766.400,-1172398.130,349.680
-443766.160,-1172398.340,349.670
-443765.910,-1172398.550,349.660
-443765.660,-1172398.760,349.650
-443765.420,-1172398.960,349.640
-443765.160,-1172399.180,349.630
-443764.910,-1172399.400,349.625
-443764.660,-1172399.610,349.620
-443764.410,-1172399.820,349.610
-443764.160,-1172400.030,349.600
-443763.930,-1172400.230,349.600
-443763.680,-1172400.440,349.590
-443763.430,-1172400.650,349.590
-443763.190,-1172400.850,349.580
-443762.960,-1172401.050,349.580
-443762.720,-1172401.250,349.570
-443762.460,-1172401.470,349.570
-443762.220,-1172401.670,349.560
-443761.990,-1172401.870,349.560
-443761.740,-1172402.090,349.560
-443761.500,-1172402.290,349.550
-443761.240,-1172402.510,349.540
-443760.990,-1172402.720,349.530
-443760.750,-1172402.930,349.530
-443760.510,-1172403.130,349.520
-443760.260,-1172403.350,349.510
-443760.010,-1172403.560,349.510
-443759.750,-1172403.770,349.500
-443768.770,-1172396.540,349.780
-443768.520,-1172396.750,349.740
-443768.260,-1172396.970,349.720
-443768.030,-1172397.170,349.710
-443767.780,-1172397.380,349.710
-443767.510,-1172397.610,349.700
-443767.280,-1172397.800,349.690
-443767.050,-1172398.000,349.680
-443766.790,-1172398.220,349.670
-443766.520,-1172398.450,349.660
-443766.280,-1172398.650,349.660
-443766.020,-1172398.870,349.640
-443765.770,-1172399.090,349.640
-443765.530,-1172399.290,349.630
-443765.300,-1172399.480,349.620
-443765.060,-1172399.690,349.615
-443764.790,-1172399.920,349.610
-443764.540,-1172400.130,349.600
-443764.310,-1172400.320,349.590
-443764.050,-1172400.540,349.590
-443763.790,-1172400.760,349.580
-443763.550,-1172400.970,349.580
-443763.320,-1172401.170,349.580
-443763.050,-1172401.400,349.570
-443762.810,-1172401.600,349.570
-443762.570,-1172401.800,349.560
-443762.330,-1172402.010,349.560
-443762.080,-1172402.220,349.550
-443761.850,-1172402.410,349.550
-443761.610,-1172402.610,349.540
-443761.360,-1172402.830,349.530
-443761.110,-1172403.040,349.520
-443760.870,-1172403.240,349.520
-443760.630,-1172403.450,349.510
-443760.380,-1172403.660,349.505
-443760.120,-1172403.880,349.500
-443759.880,-1172404.080,349.490
-443759.640,-1172404.290,349.490
-443759.390,-1172404.500,349.480
-443759.140,-1172404.710,349.470
-443768.890,-1172396.850,349.785
-443768.630,-1172397.060,349.740
-443768.400,-1172397.260,349.720
-443768.150,-1172397.480,349.700
-443767.910,-1172397.680,349.700
-443767.660,-1172397.890,349.680
-443767.410,-1172398.100,349.670
-443767.170,-1172398.300,349.670
-443766.920,-1172398.520,349.660
-443766.670,-1172398.730,349.650
-443766.430,-1172398.930,349.640
-443766.200,-1172399.130,349.640
-443765.930,-1172399.360,349.625
-443765.680,-1172399.570,349.620
-443765.430,-1172399.790,349.610
-443765.170,-1172400.000,349.610
-443764.920,-1172400.220,349.600
-443764.680,-1172400.420,349.590
-443764.440,-1172400.630,349.585
-443764.200,-1172400.830,349.580
-443763.940,-1172401.040,349.580
-443763.700,-1172401.260,349.570
-443763.450,-1172401.460,349.570
-443763.200,-1172401.670,349.560
-443762.950,-1172401.890,349.560
-443762.700,-1172402.100,349.560
-443762.450,-1172402.310,349.550
-443762.200,-1172402.530,349.540
-443761.960,-1172402.730,349.540
-443761.710,-1172402.940,349.530
-443761.470,-1172403.150,349.520
-443761.220,-1172403.350,349.520
-443760.990,-1172403.550,349.510
-443760.750,-1172403.750,349.500
-443760.500,-1172403.970,349.490
-443760.260,-1172404.170,349.490
-443760.020,-1172404.380,349.480
-443759.770,-1172404.590,349.470
-443759.520,-1172404.800,349.470
-443768.970,-1172397.350,349.810
-443768.690,-1172397.580,349.720
-443768.440,-1172397.800,349.700
-443768.210,-1172397.990,349.680
-443767.970,-1172398.190,349.670
-443767.720,-1172398.410,349.660
-443767.490,-1172398.610,349.640
-443767.250,-1172398.810,349.640
-443767.000,-1172399.020,349.630
-443766.750,-1172399.230,349.630
-443766.510,-1172399.440,349.620
-443766.280,-1172399.630,349.610
-443766.010,-1172399.860,349.610
-443765.760,-1172400.080,349.605
-443765.520,-1172400.270,349.600
-443765.290,-1172400.470,349.590
-443765.020,-1172400.700,349.580
-443764.770,-1172400.910,349.580
-443764.530,-1172401.120,349.570
-443764.270,-1172401.340,349.570
-443764.010,-1172401.560,349.560
-443763.780,-1172401.760,349.560
-443763.540,-1172401.960,349.555
-443763.290,-1172402.170,349.550
-443763.040,-1172402.390,349.540
-443762.790,-1172402.590,349.540
-443762.560,-1172402.790,349.540
-443762.300,-1172403.010,349.530
-443762.040,-1172403.230,349.520
-443761.800,-1172403.440,349.510
-443761.540,-1172403.660,349.500
-443761.290,-1172403.870,349.490
-443761.050,-1172404.070,349.480
-443760.800,-1172404.280,349.470
-443760.550,-1172404.500,349.470
-443760.320,-1172404.690,349.470
-443764.840,-1172401.380,349.570
-443764.610,-1172401.580,349.560
-443764.370,-1172401.790,349.560
-443764.120,-1172402.000,349.550
-443763.860,-1172402.220,349.550
-443763.600,-1172402.430,349.540
-443763.360,-1172402.650,349.540
-443763.100,-1172402.860,349.530
-443762.860,-1172403.060,349.530
-443762.620,-1172403.270,349.520
-443762.380,-1172403.480,349.510
-443762.120,-1172403.690,349.500
-443761.870,-1172403.900,349.490
-443761.640,-1172404.100,349.480
-443761.390,-1172404.320,349.470
-443761.130,-1172404.530,349.470
-443760.870,-1172404.750,349.460
-443768.770,-1172398.050,349.710
-443768.510,-1172398.270,349.680
-443768.270,-1172398.470,349.665
-443768.020,-1172398.690,349.640
-443767.790,-1172398.880,349.630
-443767.520,-1172399.110,349.630
-443767.290,-1172399.310,349.620
-443767.050,-1172399.510,349.610
-443766.810,-1172399.710,349.610
-443766.570,-1172399.910,349.600
-443766.320,-1172400.130,349.600
-443766.080,-1172400.330,349.590
-443765.850,-1172400.530,349.590
-443765.580,-1172400.750,349.580
-443765.350,-1172400.950,349.580
-443765.100,-1172401.160,349.570
-443768.800,-1172398.540,349.690
-443768.570,-1172398.730,349.665
-443768.320,-1172398.940,349.640
-443768.050,-1172399.170,349.630
-443767.800,-1172399.380,349.620
-443767.570,-1172399.580,349.610
-443767.310,-1172399.800,349.600
-443767.060,-1172400.010,349.600
-443766.820,-1172400.210,349.595
-443766.590,-1172400.410,349.590
-443766.340,-1172400.620,349.580
-443766.090,-1172400.830,349.580
-443765.870,-1172401.020,349.570
-443765.610,-1172401.240,349.570
-443765.370,-1172401.450,349.560
-443765.130,-1172401.650,349.560
-443764.890,-1172401.850,349.560
-443764.650,-1172402.060,349.550
-443764.380,-1172402.290,349.550
-443764.140,-1172402.490,349.540
-443763.900,-1172402.690,349.540
-443763.660,-1172402.900,349.530
-443763.400,-1172403.120,349.530
-443763.150,-1172403.330,349.520
-443762.900,-1172403.540,349.510
-443762.630,-1172403.770,349.500
-443762.380,-1172403.980,349.490
-443762.150,-1172404.170,349.480
-443761.910,-1172404.380,349.480
-443761.660,-1172404.590,349.470
-443761.160,-1172405.010,349.455
-443768.840,-1172398.880,349.680
-443768.590,-1172399.090,349.640
-443768.340,-1172399.300,349.630
-443768.100,-1172399.510,349.610
-443767.860,-1172399.710,349.610
-443767.620,-1172399.920,349.600
-443767.360,-1172400.130,349.590
-443767.120,-1172400.340,349.590
-443766.870,-1172400.550,349.580
-443766.610,-1172400.770,349.570
-443766.360,-1172400.990,349.570
-443766.120,-1172401.190,349.570
-443765.870,-1172401.400,349.560
-443765.630,-1172401.600,349.560
-443765.370,-1172401.820,349.560
-443765.140,-1172402.020,349.550
-443764.900,-1172402.230,349.550
-443764.660,-1172402.430,349.540
-443764.420,-1172402.630,349.540
-443764.160,-1172402.850,349.530
-443763.930,-1172403.050,349.530
-443763.690,-1172403.250,349.520
-443763.430,-1172403.470,349.510
-443763.190,-1172403.670,349.500
-443762.940,-1172403.880,349.500
-443762.690,-1172404.100,349.490
-443762.450,-1172404.310,349.480
-443762.200,-1172404.510,349.470
-443767.940,-1172400.160,349.590
-443767.700,-1172400.360,349.590
-443767.460,-1172400.570,349.580
-443767.210,-1172400.780,349.570
-443766.970,-1172400.980,349.570
-443766.730,-1172401.190,349.560
-443766.480,-1172401.400,349.560
-443766.230,-1172401.610,349.560
-443765.980,-1172401.830,349.550
-443765.730,-1172402.040,349.550
-443765.470,-1172402.260,349.550
-443765.230,-1172402.460,349.540
-443764.980,-1172402.670,349.530
-443764.750,-1172402.870,349.530
-443764.480,-1172403.100,349.520
-443764.250,-1172403.300,349.520
-443764.010,-1172403.500,349.510
-443763.780,-1172403.700,349.500
-443763.530,-1172403.910,349.490
-443763.280,-1172404.120,349.480
-443763.040,-1172404.320,349.480
-443762.800,-1172404.520,349.470
-443762.540,-1172404.740,349.470
-443768.960,-1172399.290,349.730
-443768.710,-1172399.510,349.640
-443768.460,-1172399.720,349.620
-443768.190,-1172399.950,349.600
-443768.880,-1172399.810,349.640
-443768.620,-1172400.030,349.610
-443768.380,-1172400.230,349.600
-443768.150,-1172400.430,349.590
-443767.890,-1172400.650,349.580
-443767.640,-1172400.870,349.570
-443767.380,-1172401.080,349.560
-443767.130,-1172401.300,349.560
-443766.870,-1172401.510,349.550
-443766.630,-1172401.720,349.550
-443766.400,-1172401.920,349.550
-443766.160,-1172402.120,349.540
-443765.910,-1172402.340,349.540
-443765.650,-1172402.550,349.530
-443765.410,-1172402.750,349.530
-443765.160,-1172402.970,349.520
-443764.910,-1172403.180,349.520
-443764.650,-1172403.400,349.510
-443764.420,-1172403.600,349.510
-443764.160,-1172403.820,349.500
-443763.920,-1172404.020,349.490
-443763.670,-1172404.240,349.480
-443763.420,-1172404.440,349.470
-443763.190,-1172404.640,349.470
-443769.060,-1172400.080,349.730
-443768.810,-1172400.290,349.620
-443768.580,-1172400.490,349.600
-443768.310,-1172400.710,349.580
-443768.070,-1172400.920,349.570
-443767.830,-1172401.130,349.560
-443767.580,-1172401.340,349.560
-443767.330,-1172401.550,349.550
-443767.090,-1172401.750,349.550
-443766.840,-1172401.960,349.540
-443766.590,-1172402.180,349.540
-443766.320,-1172402.400,349.530
-443766.080,-1172402.610,349.530
-443765.830,-1172402.820,349.530
-443765.590,-1172403.020,349.520
-443765.340,-1172403.240,349.510
-443765.110,-1172403.430,349.510
-443764.860,-1172403.640,349.500
-443764.590,-1172403.870,349.490
-443764.350,-1172404.080,349.480
-443764.120,-1172404.280,349.480
-443763.860,-1172404.490,349.470
-443763.580,-1172404.730,349.470
-443769.090,-1172400.410,349.735
-443768.840,-1172400.630,349.610
-443768.590,-1172400.840,349.590
-443768.350,-1172401.040,349.570
-443768.100,-1172401.250,349.560
-443767.860,-1172401.450,349.560
-443767.610,-1172401.670,349.550
-443767.370,-1172401.880,349.540
-443767.120,-1172402.090,349.540
-443766.880,-1172402.290,349.540
-443766.620,-1172402.510,349.530
-443766.380,-1172402.710,349.530
-443766.140,-1172402.920,349.520
-443765.890,-1172403.130,349.520
-443765.630,-1172403.350,349.510
-443765.380,-1172403.560,349.500
-443765.130,-1172403.780,349.490
-443764.870,-1172403.990,349.480
-443764.630,-1172404.200,349.480
-443764.390,-1172404.400,349.470
-443764.150,-1172404.600,349.470
-443768.590,-1172401.390,349.570
-443768.330,-1172401.610,349.555
-443768.090,-1172401.810,349.540
-443767.860,-1172402.010,349.540
-443767.620,-1172402.210,349.530
-443767.380,-1172402.420,349.530
-443767.130,-1172402.630,349.530
-443766.890,-1172402.830,349.520
-443766.650,-1172403.040,349.520
-443766.390,-1172403.250,349.510
-443766.160,-1172403.450,349.500
-443765.910,-1172403.660,349.490
-443765.640,-1172403.890,349.480
-443765.400,-1172404.090,349.480
-443765.170,-1172404.290,349.470
-443764.920,-1172404.500,349.470
-443768.830,-1172401.180,349.590
-443768.900,-1172401.600,349.590
-443768.650,-1172401.820,349.560
-443768.400,-1172402.040,349.540
-443768.160,-1172402.240,349.530
-443767.900,-1172402.450,349.530
-443767.670,-1172402.650,349.520
-443767.430,-1172402.860,349.510
-443767.180,-1172403.070,349.510
-443766.940,-1172403.270,349.500
-443766.700,-1172403.480,349.500
-443766.460,-1172403.680,349.490
-443766.210,-1172403.890,349.480
-443765.960,-1172404.100,349.480
-443765.740,-1172404.290,349.470
-443765.470,-1172404.520,349.460
-443769.060,-1172401.920,349.640
-443768.820,-1172402.120,349.560
-443768.560,-1172402.350,349.540
-443768.300,-1172402.560,349.520
-443768.070,-1172402.760,349.510
-443767.810,-1172402.980,349.510
-443767.550,-1172403.200,349.500
-443767.300,-1172403.410,349.490
-443767.070,-1172403.600,349.490
-443766.810,-1172403.830,349.480
-443766.570,-1172404.030,349.470
-443766.310,-1172404.250,349.460
-443766.080,-1172404.450,349.460
-443769.020,-1172402.340,349.610
-443768.760,-1172402.560,349.540
-443768.500,-1172402.780,349.520
-443768.270,-1172402.980,349.505
-443768.030,-1172403.190,349.500
-443767.790,-1172403.390,349.490
-443767.530,-1172403.610,349.480
-443767.290,-1172403.820,349.470
-443767.040,-1172404.030,349.470
-443766.790,-1172404.240,349.470
-443766.540,-1172404.450,349.460
-443768.890,-1172402.970,349.540
-443768.620,-1172403.200,349.500
-443768.370,-1172403.410,349.490
-443768.140,-1172403.610,349.480
-443767.870,-1172403.840,349.470
-443767.620,-1172404.050,349.470
-443767.370,-1172404.260,349.460
-443767.140,-1172404.450,349.460
-443769.040,-1172403.330,349.545
-443768.780,-1172403.550,349.490
-443768.530,-1172403.760,349.480
-443768.290,-1172403.960,349.470
-443768.050,-1172404.170,349.460
-443767.800,-1172404.380,349.450
-443769.150,-1172403.730,349.595
-443768.890,-1172403.950,349.490
-443768.640,-1172404.160,349.470
-443768.400,-1172404.360,349.450
-443769.000,-1172404.300,349.480
-443768.770,-1172404.500,349.460
-443734.000,-1172408.270,350.500
-443733.850,-1172408.630,350.500
-443733.710,-1172408.980,350.500
-443733.560,-1172409.330,350.500
-443733.410,-1172409.700,350.495
-443733.260,-1172410.050,350.490
-443733.620,-1172408.530,350.510
-443733.480,-1172408.880,350.510
-443733.310,-1172409.270,350.490
-443733.230,-1172408.350,350.485
-443736.280,-1172408.260,350.440
-443736.120,-1172408.640,350.450
-443735.800,-1172408.070,350.450
-443735.640,-1172408.450,350.460
-443735.490,-1172408.810,350.460
-443735.350,-1172409.140,350.470
-443735.200,-1172409.530,350.470
-443735.060,-1172409.860,350.480
-443734.900,-1172410.240,350.490
-443734.760,-1172410.590,350.490
-443734.620,-1172410.920,350.500
-443734.470,-1172411.270,350.510
-443734.330,-1172411.630,350.530
-443734.180,-1172411.990,350.530
-443735.340,-1172408.460,350.470
-443735.190,-1172408.820,350.470
-443735.040,-1172409.160,350.470
-443734.890,-1172409.540,350.480
-443734.730,-1172409.920,350.480
-443734.580,-1172410.270,350.490
-443734.450,-1172410.600,350.500
-443734.290,-1172410.990,350.510
-443734.140,-1172411.350,350.530
-443733.990,-1172411.700,350.530
-443733.860,-1172412.020,350.530
-443734.920,-1172408.300,350.470
-443734.770,-1172408.660,350.470
-443734.630,-1172409.010,350.480
-443734.480,-1172409.370,350.480
-443734.330,-1172409.720,350.490
-443734.180,-1172410.080,350.500
-443734.030,-1172410.450,350.520
-443733.890,-1172410.790,350.520
-443733.740,-1172411.150,350.520
-443733.580,-1172411.540,350.530
-443733.450,-1172411.870,350.490
-443734.590,-1172408.180,350.480
-443734.440,-1172408.520,350.480
-443734.290,-1172408.890,350.490
-443734.140,-1172409.250,350.490
-443733.980,-1172409.630,350.500
-443733.830,-1172410.000,350.510
-443733.680,-1172410.370,350.510
-443733.540,-1172410.700,350.520
-443733.400,-1172411.050,350.510
-443736.290,-1172410.980,350.480
-443736.140,-1172411.350,350.490
-443735.990,-1172411.710,350.500
-443735.850,-1172412.050,350.510
-443737.150,-1172408.190,350.430
-443737.010,-1172408.520,350.440
-443736.860,-1172408.890,350.440
-443736.710,-1172409.250,350.450
-443736.570,-1172409.590,350.460
-443736.410,-1172409.970,350.470
-443736.260,-1172410.350,350.470
-443736.110,-1172410.710,350.475
-443735.950,-1172411.090,350.490
-443735.800,-1172411.450,350.495
-443735.660,-1172411.790,350.500
-443735.530,-1172412.120,350.520
-443736.670,-1172408.170,350.440
-443736.520,-1172408.550,350.440
-443736.380,-1172408.880,350.450
-443736.220,-1172409.250,350.460
-443736.080,-1172409.590,350.460
-443735.940,-1172409.930,350.470
-443735.780,-1172410.320,350.470
-443735.630,-1172410.690,350.480
-443735.490,-1172411.030,350.490
-443735.340,-1172411.390,350.500
-443735.190,-1172411.740,350.505
-443735.040,-1172412.110,350.520
-443735.980,-1172408.980,350.460
-443735.840,-1172409.320,350.460
-443735.690,-1172409.690,350.470
-443735.560,-1172410.010,350.470
-443735.400,-1172410.390,350.480
-443735.260,-1172410.740,350.490
-443735.110,-1172411.100,350.500
-443734.960,-1172411.450,350.500
-443734.820,-1172411.790,350.515
-443734.680,-1172412.150,350.530
-443739.120,-1172407.920,350.420
-443738.980,-1172408.280,350.430
-443738.820,-1172408.640,350.440
-443738.670,-1172409.010,350.440
-443738.540,-1172409.340,350.450
-443738.380,-1172409.720,350.460
-443738.230,-1172410.080,350.470
-443738.090,-1172410.420,350.470
-443737.950,-1172410.760,350.480
-443737.810,-1172411.100,350.480
-443737.650,-1172411.480,350.485
-443737.520,-1172411.810,350.500
-443738.550,-1172407.930,350.420
-443738.400,-1172408.310,350.430
-443738.260,-1172408.650,350.440
-443738.110,-1172409.010,350.440
-443737.950,-1172409.380,350.450
-443737.790,-1172409.770,350.460
-443737.650,-1172410.110,350.460
-443737.500,-1172410.470,350.470
-443737.360,-1172410.810,350.470
-443737.200,-1172411.200,350.480
-443737.070,-1172411.520,350.490
-443736.930,-1172411.860,350.500
-443736.790,-1172412.190,350.510
-443738.110,-1172407.950,350.420
-443737.960,-1172408.310,350.430
-443737.820,-1172408.660,350.440
-443737.680,-1172408.990,350.440
-443737.530,-1172409.360,350.450
-443737.370,-1172409.730,350.460
-443737.230,-1172410.090,350.460
-443737.080,-1172410.450,350.470
-443736.930,-1172410.810,350.470
-443736.780,-1172411.180,350.480
-443736.630,-1172411.530,350.490
-443736.490,-1172411.880,350.500
-443737.480,-1172408.100,350.430
-443737.330,-1172408.470,350.440
-443737.180,-1172408.830,350.440
-443737.020,-1172409.200,350.450
-443736.870,-1172409.560,350.460
-443736.710,-1172409.960,350.460
-443736.570,-1172410.300,350.470
-443736.430,-1172410.640,350.470
-443740.700,-1172407.940,350.430
-443740.550,-1172408.310,350.430
-443740.400,-1172408.670,350.430
-443740.260,-1172409.020,350.440
-443740.120,-1172409.350,350.450
-443739.960,-1172409.730,350.450
-443739.810,-1172410.100,350.460
-443739.670,-1172410.450,350.460
-443739.510,-1172410.830,350.470
-443739.350,-1172411.220,350.480
-443739.210,-1172411.550,350.480
-443739.080,-1172411.880,350.480
-443740.190,-1172408.040,350.420
-443740.040,-1172408.400,350.430
-443739.900,-1172408.740,350.430
-443739.750,-1172409.110,350.440
-443739.600,-1172409.470,350.450
-443739.450,-1172409.820,350.460
-443739.300,-1172410.180,350.470
-443739.160,-1172410.520,350.470
-443739.010,-1172410.900,350.480
-443738.860,-1172411.260,350.480
-443738.720,-1172411.600,350.480
-443738.570,-1172411.960,350.490
-443739.260,-1172408.590,350.430
-443739.130,-1172408.910,350.440
-443738.990,-1172409.260,350.440
-443738.840,-1172409.600,350.450
-443738.690,-1172409.960,350.460
-443738.550,-1172410.310,350.470
-443738.400,-1172410.670,350.480
-443738.250,-1172411.050,350.480
-443738.100,-1172411.400,350.480
-443737.960,-1172411.750,350.485
-443737.820,-1172412.090,350.500
-443739.570,-1172407.840,350.420
-443739.410,-1172408.220,350.420
-443742.080,-1172407.710,350.440
-443741.930,-1172408.080,350.440
-443741.770,-1172408.470,350.450
-443741.630,-1172408.810,350.450
-443741.480,-1172409.170,350.450
-443741.320,-1172409.560,350.450
-443741.170,-1172409.930,350.460
-443741.020,-1172410.280,350.460
-443740.870,-1172410.640,350.470
-443740.730,-1172410.990,350.470
-443740.570,-1172411.360,350.480
-443740.440,-1172411.690,350.480
-443740.310,-1172412.000,350.490
-443741.590,-1172407.680,350.440
-443741.440,-1172408.050,350.440
-443741.280,-1172408.430,350.440
-443741.130,-1172408.790,350.440
-443741.000,-1172409.110,350.450
-443740.850,-1172409.470,350.450
-443740.710,-1172409.830,350.450
-443740.550,-1172410.200,350.460
-443740.410,-1172410.540,350.460
-443740.250,-1172410.930,350.470
-443740.100,-1172411.290,350.480
-443739.950,-1172411.650,350.480
-443739.820,-1172411.980,350.490
-443741.170,-1172407.950,350.430
-443741.020,-1172408.330,350.440
-443740.870,-1172408.700,350.440
-443740.710,-1172409.080,350.440
-443740.560,-1172409.440,350.450
-443740.400,-1172409.820,350.450
-443740.260,-1172410.160,350.460
-443740.120,-1172410.510,350.460
-443739.980,-1172410.860,350.470
-443739.820,-1172411.230,350.480
-443739.680,-1172411.580,350.480
-443739.540,-1172411.900,350.480
-443742.050,-1172411.030,350.480
-443741.910,-1172411.390,350.480
-443741.760,-1172411.750,350.490
-443741.420,-1172411.570,350.490
-443741.270,-1172411.930,350.500
-443743.020,-1172407.670,350.460
-443742.870,-1172408.040,350.460
-443742.720,-1172408.400,350.450
-443742.570,-1172408.760,350.455
-443742.440,-1172409.090,350.460
-443742.290,-1172409.450,350.460
-443742.130,-1172409.840,350.460
-443742.000,-1172410.160,350.470
-443741.860,-1172410.500,350.470
-443741.700,-1172410.890,350.480
-443741.560,-1172411.230,350.480
-443742.550,-1172407.540,350.450
-443742.400,-1172407.910,350.450
-443742.240,-1172408.290,350.450
-443742.090,-1172408.660,350.450
-443741.940,-1172409.010,350.450
-443741.790,-1172409.390,350.460
-443741.640,-1172409.730,350.460
-443741.490,-1172410.100,350.460
-443741.350,-1172410.440,350.465
-443741.210,-1172410.790,350.470
-443741.070,-1172411.140,350.480
-443740.930,-1172411.470,350.480
-443740.790,-1172411.810,350.490
-443744.570,-1172407.360,350.450
-443744.430,-1172407.700,350.450
-443744.280,-1172408.070,350.460
-443744.130,-1172408.440,350.460
-443743.970,-1172408.820,350.470
-443743.820,-1172409.180,350.470
-443743.670,-1172409.550,350.480
-443743.530,-1172409.900,350.490
-443743.390,-1172410.240,350.490
-443743.240,-1172410.600,350.490
-443743.090,-1172410.970,350.490
-443742.950,-1172411.320,350.490
-443742.800,-1172411.670,350.500
-443744.070,-1172407.610,350.460
-443743.910,-1172407.990,350.460
-443743.780,-1172408.330,350.460
-443743.620,-1172408.700,350.460
-443743.470,-1172409.080,350.470
-443743.330,-1172409.420,350.470
-443743.180,-1172409.760,350.480
-443743.030,-1172410.130,350.480
-443742.880,-1172410.510,350.480
-443742.720,-1172410.900,350.490
-443742.580,-1172411.230,350.490
-443742.430,-1172411.590,350.490
-443743.520,-1172407.460,350.460
-443743.380,-1172407.810,350.460
-443743.230,-1172408.180,350.460
-443743.080,-1172408.530,350.460
-443742.940,-1172408.890,350.460
-443742.780,-1172409.260,350.460
-443742.640,-1172409.610,350.470
-443742.490,-1172409.970,350.470
-443742.340,-1172410.340,350.470
-443742.190,-1172410.690,350.480
-443744.140,-1172410.210,350.490
-443743.980,-1172410.580,350.500
-443743.830,-1172410.950,350.505
-443743.690,-1172411.300,350.510
-443743.550,-1172411.640,350.510
-443744.950,-1172407.560,350.440
-443744.800,-1172407.940,350.440
-443744.640,-1172408.310,350.450
-443744.510,-1172408.640,350.460
-443744.350,-1172409.010,350.470
-443744.220,-1172409.340,350.475
-443744.080,-1172409.680,350.490
-443743.920,-1172410.070,350.490
-443743.770,-1172410.420,350.500
-443743.620,-1172410.800,350.500
-443743.470,-1172411.160,350.505
-443743.320,-1172411.520,350.510
-443743.180,-1172411.860,350.510
-443746.400,-1172407.230,350.420
-443746.240,-1172407.610,350.430
-443746.100,-1172407.950,350.430
-443745.960,-1172408.300,350.440
-443745.820,-1172408.640,350.440
-443745.670,-1172409.000,350.450
-443745.520,-1172409.360,350.460
-443745.370,-1172409.720,350.470
-443745.240,-1172410.050,350.480
-443745.090,-1172410.420,350.490
-443744.940,-1172410.770,350.500
-443744.790,-1172411.130,350.500
-443744.650,-1172411.490,350.510
-443745.890,-1172407.390,350.420
-443745.740,-1172407.750,350.430
-443745.600,-1172408.100,350.440
-443745.440,-1172408.480,350.450
-443745.310,-1172408.810,350.450
-443745.150,-1172409.180,350.460
-443745.010,-1172409.540,350.470
-443744.860,-1172409.890,350.480
-443744.720,-1172410.230,350.490
-443744.580,-1172410.570,350.500
-443744.440,-1172410.930,350.500
-443744.290,-1172411.280,350.510
-443744.150,-1172411.620,350.520
-443745.320,-1172407.340,350.430
-443745.170,-1172407.700,350.440
-443745.020,-1172408.060,350.440
-443744.870,-1172408.430,350.450
-443744.730,-1172408.770,350.460
-443744.580,-1172409.140,350.460
-443744.430,-1172409.510,350.475
-443744.280,-1172409.870,350.490
-443745.430,-1172411.030,350.500
-443745.270,-1172411.410,350.510
-443745.130,-1172411.750,350.520
-443746.890,-1172407.490,350.420
-443746.740,-1172407.840,350.420
-443746.600,-1172408.180,350.430
-443746.450,-1172408.540,350.440
-443746.300,-1172408.900,350.450
-443746.010,-1172409.600,350.460
-443745.850,-1172410.000,350.470
-443745.710,-1172410.340,350.480
-443745.570,-1172410.670,350.490
-443748.020,-1172407.080,350.420
-443747.870,-1172407.440,350.420
-443747.720,-1172407.800,350.420
-443747.560,-1172408.190,350.420
-443747.420,-1172408.540,350.430
-443747.270,-1172408.900,350.440
-443747.120,-1172409.270,350.450
-443746.980,-1172409.620,350.460
-443746.830,-1172409.980,350.470
-443746.700,-1172410.290,350.480
-443746.540,-1172410.680,350.490
-443746.390,-1172411.040,350.500
-443746.260,-1172411.370,350.510
-443747.360,-1172407.200,350.420
-443747.200,-1172407.590,350.420
-443747.060,-1172407.930,350.420
-443746.910,-1172408.290,350.430
-443746.760,-1172408.660,350.440
-443746.610,-1172409.020,350.440
-443746.470,-1172409.370,350.450
-443746.320,-1172409.730,350.460
-443746.170,-1172410.090,350.470
-443746.020,-1172410.460,350.480
-443745.870,-1172410.820,350.490
-443745.720,-1172411.180,350.500
-443745.580,-1172411.530,350.510
-443748.990,-1172407.010,350.410
-443748.850,-1172407.370,350.420
-443748.700,-1172407.730,350.420
-443748.550,-1172408.090,350.420
-443748.400,-1172408.460,350.430
-443748.250,-1172408.810,350.440
-443748.100,-1172409.190,350.450
-443747.940,-1172409.560,350.460
-443747.810,-1172409.900,350.470
-443747.670,-1172410.240,350.480
-443747.510,-1172410.610,350.480
-443747.370,-1172410.960,350.490
-443747.240,-1172411.280,350.510
-443748.470,-1172407.040,350.420
-443748.320,-1172407.400,350.420
-443748.170,-1172407.780,350.420
-443748.030,-1172408.120,350.420
-443747.890,-1172408.460,350.430
-443747.750,-1172408.810,350.440
-443747.590,-1172409.180,350.450
-443747.440,-1172409.560,350.460
-443747.300,-1172409.890,350.470
-443747.150,-1172410.260,350.480
-443747.000,-1172410.610,350.480
-443746.850,-1172410.990,350.495
-443746.710,-1172411.320,350.500
-443746.570,-1172411.670,350.510
-443749.190,-1172409.300,350.460
-443749.030,-1172409.680,350.480
-443748.890,-1172410.020,350.490
-443748.750,-1172410.370,350.490
-443748.600,-1172410.730,350.500
-443748.460,-1172411.090,350.505
-443748.310,-1172411.440,350.520
-443749.700,-1172407.160,350.410
-443749.540,-1172407.530,350.420
-443749.400,-1172407.890,350.420
-443749.270,-1172408.210,350.430
-443749.130,-1172408.550,350.440
-443748.980,-1172408.910,350.450
-443748.820,-1172409.290,350.460
-443748.690,-1172409.620,350.470
-443748.550,-1172409.960,350.480
-443748.390,-1172410.350,350.490
-443748.250,-1172410.690,350.490
-443748.100,-1172411.040,350.500
-443747.960,-1172411.390,350.520
-443749.220,-1172407.140,350.410
-443749.060,-1172407.510,350.420
-443748.920,-1172407.870,350.420
-443748.770,-1172408.220,350.430
-443748.630,-1172408.580,350.440
-443748.480,-1172408.930,350.450
-443748.340,-1172409.280,350.460
-443748.190,-1172409.630,350.470
-443748.050,-1172409.970,350.470
-443747.910,-1172410.330,350.480
-443747.770,-1172410.670,350.490
-443747.610,-1172411.050,350.500
-443747.480,-1172411.370,350.510
-443750.690,-1172406.860,350.410
-443750.540,-1172407.220,350.420
-443750.390,-1172407.580,350.420
-443750.240,-1172407.950,350.430
-443750.090,-1172408.320,350.430
-443749.940,-1172408.660,350.450
-443749.800,-1172409.010,350.450
-443749.650,-1172409.380,350.470
-443749.510,-1172409.730,350.470
-443749.350,-1172410.110,350.490
-443749.200,-1172410.470,350.500
-443749.050,-1172410.840,350.500
-443748.920,-1172411.170,350.510
-443748.780,-1172411.500,350.520
-443750.060,-1172407.180,350.410
-443749.910,-1172407.550,350.420
-443749.770,-1172407.890,350.420
-443749.620,-1172408.240,350.430
-443749.480,-1172408.600,350.440
-443749.340,-1172408.940,350.450
-443751.720,-1172406.810,350.430
-443751.570,-1172407.190,350.430
-443751.410,-1172407.560,350.430
-443751.270,-1172407.910,350.430
-443751.130,-1172408.250,350.440
-443750.980,-1172408.620,350.450
-443750.830,-1172408.990,350.460
-443750.690,-1172409.330,350.470
-443750.550,-1172409.680,350.470
-443750.390,-1172410.050,350.480
-443750.240,-1172410.430,350.490
-443750.100,-1172410.770,350.500
-443749.950,-1172411.130,350.505
-443749.810,-1172411.480,350.510
-443750.950,-1172407.120,350.420
-443750.810,-1172407.460,350.420
-443750.650,-1172407.840,350.430
-443750.500,-1172408.220,350.440
-443750.350,-1172408.580,350.450
-443750.200,-1172408.940,350.450
-443750.050,-1172409.310,350.460
-443749.910,-1172409.640,350.470
-443749.770,-1172409.990,350.490
-443749.620,-1172410.350,350.490
-443749.480,-1172410.710,350.500
-443749.330,-1172411.070,350.510
-443749.190,-1172411.400,350.520
-443750.310,-1172411.380,350.510
-443752.200,-1172406.750,350.430
-443752.050,-1172407.130,350.430
-443751.900,-1172407.490,350.440
-443751.760,-1172407.840,350.440
-443751.610,-1172408.200,350.450
-443751.470,-1172408.550,350.450
-443751.300,-1172408.960,350.460
-443751.160,-1172409.290,350.470
-443751.010,-1172409.650,350.470
-443750.870,-1172410.000,350.485
-443750.720,-1172410.380,350.490
-443750.580,-1172410.720,350.500
-443750.440,-1172411.050,350.500
-443752.880,-1172406.920,350.450
-443752.740,-1172407.250,350.440
-443752.600,-1172407.610,350.450
-443752.450,-1172407.960,350.450
-443752.320,-1172408.300,350.450
-443752.170,-1172408.650,350.460
-443752.020,-1172409.010,350.470
-443751.880,-1172409.370,350.470
-443751.740,-1172409.710,350.480
-443751.590,-1172410.070,350.490
-443751.300,-1172410.780,350.500
-443751.150,-1172411.150,350.510
-443752.640,-1172406.810,350.440
-443752.500,-1172407.170,350.440
-443752.340,-1172407.550,350.440
-443752.210,-1172407.880,350.445
-443752.050,-1172408.250,350.450
-443751.910,-1172408.610,350.460
-443751.750,-1172408.980,350.460
-443751.620,-1172409.310,350.470
-443751.480,-1172409.640,350.480
-443751.320,-1172410.030,350.490
-443751.190,-1172410.350,350.490
-443751.050,-1172410.700,350.500
-443750.900,-1172411.060,350.500
-443750.760,-1172411.400,350.510
-443753.470,-1172406.800,350.460
-443753.340,-1172407.130,350.460
-443753.190,-1172407.480,350.460
-443753.040,-1172407.850,350.460
-443752.900,-1172408.200,350.460
-443752.750,-1172408.560,350.470
-443752.610,-1172408.900,350.470
-443752.460,-1172409.270,350.480
-443752.310,-1172409.640,350.490
-443752.170,-1172409.980,350.490
-443752.020,-1172410.340,350.490
-443751.870,-1172410.700,350.510
-443751.730,-1172411.050,350.510
-443751.590,-1172411.390,350.520
-443753.900,-1172408.340,350.480
-443753.760,-1172408.690,350.490
-443753.620,-1172409.030,350.500
-443753.480,-1172409.380,350.500
-443753.320,-1172409.760,350.500
-443753.180,-1172410.110,350.500
-443753.030,-1172410.480,350.510
-443752.880,-1172410.850,350.510
-443752.740,-1172411.180,350.530
-443753.900,-1172406.870,350.460
-443753.770,-1172407.200,350.460
-443753.610,-1172407.570,350.470
-443753.460,-1172407.950,350.470
-443753.320,-1172408.300,350.470
-443753.180,-1172408.640,350.470
-443753.030,-1172409.010,350.480
-443752.870,-1172409.380,350.490
-443752.730,-1172409.740,350.490
-443752.570,-1172410.120,350.490
-443752.420,-1172410.490,350.500
-443752.280,-1172410.830,350.510
-443752.150,-1172411.160,350.510
-443754.680,-1172407.520,350.480
-443754.550,-1172407.860,350.480
-443754.400,-1172408.220,350.480
-443754.240,-1172408.610,350.490
-443754.090,-1172408.970,350.500
-443753.940,-1172409.330,350.500
-443753.800,-1172409.680,350.505
-443753.640,-1172410.070,350.510
-443753.500,-1172410.420,350.510
-443753.350,-1172410.780,350.510
-443753.220,-1172411.110,350.520
-443754.510,-1172406.860,350.480
-443754.360,-1172407.230,350.475
-443754.210,-1172407.600,350.470
-443754.050,-1172407.980,350.480
-443754.740,-1172408.960,350.500
-443754.590,-1172409.330,350.510
-443754.450,-1172409.660,350.520
-443754.290,-1172410.050,350.510
-443754.150,-1172410.400,350.520
-443754.000,-1172410.750,350.520
-443753.880,-1172411.070,350.520
-443754.960,-1172410.720,350.520
-443754.820,-1172411.060,350.520
-443754.940,-1172409.540,350.510
-443754.780,-1172409.920,350.515
-443754.640,-1172410.250,350.515
-443754.500,-1172410.600,350.520
-443754.350,-1172410.970,350.520
-443754.220,-1172411.290,350.520
-443732.850,-1172397.910,350.520
-443732.720,-1172398.240,350.510
-443733.490,-1172397.870,350.510
-443733.460,-1172397.940,350.510
-443733.550,-1172397.750,350.510
-443733.410,-1172398.080,350.510
-443733.270,-1172398.420,350.510
-443733.110,-1172398.810,350.510
-443733.820,-1172398.000,350.500
-443733.820,-1172398.020,350.500
-443733.700,-1172398.290,350.500
-443733.950,-1172397.710,350.500
-443733.850,-1172397.960,350.500
-443733.710,-1172398.290,350.505
-443733.560,-1172398.670,350.510
-443733.410,-1172399.030,350.500
-443733.260,-1172399.380,350.500
-443733.120,-1172399.730,350.490
-443732.970,-1172400.070,350.490
-443732.830,-1172400.420,350.480
-443734.240,-1172398.110,350.500
-443734.400,-1172397.770,350.500
-443734.270,-1172398.080,350.500
-443734.120,-1172398.430,350.500
-443733.980,-1172398.780,350.500
-443733.830,-1172399.140,350.490
-443733.700,-1172399.460,350.490
-443733.530,-1172399.850,350.490
-443733.390,-1172400.200,350.490
-443733.250,-1172400.540,350.490
-443733.100,-1172400.890,350.490
-443733.690,-1172401.460,350.490
-443733.540,-1172401.810,350.500
-443733.410,-1172402.140,350.500
-443733.250,-1172402.510,350.500
-443733.100,-1172402.880,350.500
-443734.680,-1172397.790,350.490
-443734.540,-1172398.110,350.490
-443734.400,-1172398.460,350.490
-443734.250,-1172398.810,350.490
-443734.100,-1172399.190,350.490
-443733.960,-1172399.520,350.490
-443733.800,-1172399.890,350.490
-443733.650,-1172400.270,350.490
-443733.500,-1172400.630,350.490
-443733.360,-1172400.960,350.500
-443733.210,-1172401.340,350.490
-443733.070,-1172401.670,350.490
-443732.920,-1172402.030,350.490
-443735.260,-1172397.660,350.490
-443735.200,-1172397.810,350.490
-443735.050,-1172398.170,350.490
-443734.890,-1172398.560,350.490
-443734.750,-1172398.910,350.480
-443734.610,-1172399.250,350.480
-443734.450,-1172399.620,350.480
-443734.290,-1172400.010,350.480
-443734.140,-1172400.380,350.480
-443733.990,-1172400.740,350.480
-443733.830,-1172401.110,350.490
-443735.510,-1172397.950,350.490
-443735.550,-1172397.850,350.490
-443735.400,-1172398.230,350.490
-443735.240,-1172398.610,350.480
-443735.090,-1172398.980,350.480
-443734.940,-1172399.330,350.470
-443734.780,-1172399.730,350.470
-443734.630,-1172400.080,350.470
-443734.500,-1172400.410,350.470
-443734.340,-1172400.770,350.470
-443734.200,-1172401.130,350.480
-443734.050,-1172401.490,350.480
-443733.900,-1172401.840,350.490
-443733.750,-1172402.210,350.490
-443733.600,-1172402.580,350.500
-443733.440,-1172402.950,350.510
-443733.300,-1172403.280,350.510
-443733.150,-1172403.640,350.500
-443733.000,-1172404.010,350.490
-443736.570,-1172397.720,350.470
-443736.430,-1172398.060,350.480
-443736.280,-1172398.430,350.470
-443736.130,-1172398.780,350.470
-443735.970,-1172399.170,350.470
-443735.800,-1172399.570,350.460
-443735.670,-1172399.890,350.450
-443735.510,-1172400.280,350.450
-443735.370,-1172400.620,350.450
-443735.220,-1172400.980,350.450
-443735.070,-1172401.340,350.450
-443734.930,-1172401.680,350.460
-443734.780,-1172402.030,350.460
-443734.640,-1172402.380,350.470
-443734.490,-1172402.740,350.480
-443734.340,-1172403.100,350.480
-443734.200,-1172403.430,350.490
-443734.040,-1172403.810,350.490
-443736.190,-1172397.680,350.480
-443736.080,-1172397.940,350.480
-443735.930,-1172398.300,350.480
-443735.780,-1172398.670,350.480
-443735.620,-1172399.040,350.470
-443735.470,-1172399.400,350.470
-443735.320,-1172399.760,350.460
-443735.170,-1172400.130,350.460
-443735.020,-1172400.490,350.460
-443734.870,-1172400.860,350.460
-443734.720,-1172401.220,350.460
-443734.570,-1172401.580,350.470
-443734.430,-1172401.920,350.470
-443734.270,-1172402.300,350.480
-443734.130,-1172402.640,350.480
-443733.990,-1172402.980,350.500
-443733.850,-1172403.320,350.500
-443733.700,-1172403.680,350.505
-443733.540,-1172404.060,350.510
-443733.400,-1172404.390,350.510
-443733.270,-1172404.720,350.500
-443733.120,-1172405.080,350.500
-443737.150,-1172397.840,350.470
-443737.010,-1172398.190,350.465
-443737.170,-1172397.810,350.470
-443737.020,-1172398.170,350.470
-443736.860,-1172398.560,350.465
-443736.720,-1172398.890,350.460
-443736.570,-1172399.270,350.450
-443736.420,-1172399.620,350.450
-443736.280,-1172399.970,350.440
-443736.140,-1172400.300,350.440
-443735.990,-1172400.660,350.440
-443735.840,-1172401.040,350.440
-443735.690,-1172401.390,350.440
-443735.550,-1172401.730,350.440
-443735.390,-1172402.120,350.450
-443735.250,-1172402.450,350.450
-443735.100,-1172402.810,350.460
-443734.950,-1172403.170,350.470
-443734.800,-1172403.540,350.470
-443734.660,-1172403.880,350.480
-443734.500,-1172404.250,350.480
-443734.350,-1172404.620,350.490
-443734.200,-1172405.000,350.490
-443734.040,-1172405.360,350.490
-443733.890,-1172405.730,350.490
-443733.740,-1172406.080,350.490
-443733.600,-1172406.430,350.490
-443733.460,-1172406.760,350.490
-443733.320,-1172407.110,350.490
-443733.900,-1172404.160,350.500
-443733.750,-1172404.530,350.500
-443733.590,-1172404.910,350.510
-443733.450,-1172405.240,350.500
-443733.310,-1172405.580,350.490
-443733.160,-1172405.940,350.490
-443737.650,-1172397.670,350.470
-443737.520,-1172397.990,350.470
-443737.680,-1172397.610,350.470
-443737.550,-1172397.930,350.470
-443737.400,-1172398.300,350.460
-443737.260,-1172398.640,350.460
-443737.110,-1172398.990,350.450
-443736.950,-1172399.370,350.450
-443736.810,-1172399.710,350.440
-443736.670,-1172400.060,350.440
-443736.510,-1172400.430,350.430
-443736.370,-1172400.790,350.430
-443736.210,-1172401.160,350.430
-443736.060,-1172401.530,350.430
-443735.910,-1172401.880,350.430
-443735.770,-1172402.230,350.440
-443735.620,-1172402.590,350.450
-443735.470,-1172402.950,350.450
-443735.320,-1172403.330,350.460
-443735.160,-1172403.700,350.460
-443735.010,-1172404.070,350.470
-443734.870,-1172404.400,350.480
-443734.720,-1172404.760,350.480
-443734.570,-1172405.120,350.480
-443734.430,-1172405.470,350.485
-443734.270,-1172405.850,350.480
-443734.120,-1172406.210,350.480
-443733.970,-1172406.570,350.480
-443733.820,-1172406.940,350.490
-443733.670,-1172407.300,350.500
-443733.520,-1172407.670,350.500
-443733.380,-1172408.000,350.500
-443734.630,-1172406.080,350.470
-443734.490,-1172406.420,350.470
-443734.350,-1172406.770,350.480
-443734.200,-1172407.120,350.480
-443734.050,-1172407.500,350.490
-443733.900,-1172407.850,350.500
-443733.760,-1172408.180,350.500
-443738.190,-1172397.480,350.480
-443738.050,-1172397.810,350.470
-443737.920,-1172398.120,350.460
-443738.180,-1172397.510,350.480
-443738.100,-1172397.710,350.470
-443737.940,-1172398.110,350.465
-443737.790,-1172398.450,350.460
-443737.650,-1172398.800,350.450
-443737.500,-1172399.170,350.450
-443737.350,-1172399.540,350.440
-443737.200,-1172399.900,350.430
-443737.040,-1172400.280,350.430
-443736.900,-1172400.620,350.420
-443736.740,-1172400.980,350.420
-443736.600,-1172401.340,350.420
-443736.450,-1172401.700,350.420
-443736.290,-1172402.080,350.430
-443736.130,-1172402.470,350.440
-443735.980,-1172402.820,350.440
-443735.840,-1172403.170,350.450
-443735.690,-1172403.520,350.450
-443735.550,-1172403.870,350.450
-443735.400,-1172404.220,350.460
-443735.250,-1172404.600,350.465
-443735.110,-1172404.940,350.470
-443734.950,-1172405.320,350.480
-443734.800,-1172405.680,350.480
-443737.580,-1172399.630,350.430
-443737.430,-1172400.000,350.430
-443737.270,-1172400.370,350.420
-443737.110,-1172400.760,350.415
-443736.960,-1172401.120,350.410
-443736.810,-1172401.500,350.420
-443736.670,-1172401.840,350.420
-443736.520,-1172402.190,350.420
-443736.380,-1172402.530,350.430
-443736.230,-1172402.900,350.440
-443736.070,-1172403.270,350.440
-443735.930,-1172403.610,350.450
-443735.770,-1172403.990,350.450
-443735.620,-1172404.360,350.450
-443735.470,-1172404.720,350.460
-443735.330,-1172405.070,350.470
-443735.180,-1172405.420,350.470
-443735.030,-1172405.800,350.470
-443734.870,-1172406.170,350.470
-443734.730,-1172406.520,350.470
-443734.580,-1172406.870,350.470
-443734.440,-1172407.200,350.480
-443734.300,-1172407.560,350.480
-443734.140,-1172407.930,350.490
-443738.400,-1172397.630,350.470
-443738.290,-1172397.890,350.470
-443738.160,-1172398.190,350.460
-443738.430,-1172397.580,350.470
-443738.330,-1172397.820,350.470
-443738.180,-1172398.180,350.460
-443738.030,-1172398.550,350.455
-443737.880,-1172398.920,350.450
-443737.730,-1172399.280,350.440
-443739.000,-1172397.500,350.480
-443738.880,-1172397.790,350.470
-443738.740,-1172398.110,350.460
-443738.920,-1172397.720,350.470
-443738.760,-1172398.090,350.460
-443738.610,-1172398.470,350.460
-443738.450,-1172398.840,350.450
-443738.300,-1172399.220,350.440
-443738.150,-1172399.570,350.440
-443738.010,-1172399.920,350.430
-443737.860,-1172400.260,350.420
-443737.700,-1172400.650,350.410
-443737.550,-1172401.010,350.410
-443737.420,-1172401.340,350.410
-443737.250,-1172401.740,350.410
-443737.100,-1172402.110,350.410
-443736.940,-1172402.480,350.420
-443736.800,-1172402.820,350.420
-443736.650,-1172403.190,350.430
-443736.500,-1172403.540,350.440
-443736.360,-1172403.880,350.440
-443736.210,-1172404.250,350.440
-443736.060,-1172404.610,350.445
-443735.920,-1172404.940,350.450
-443735.780,-1172405.290,350.460
-443735.620,-1172405.670,350.460
-443735.480,-1172406.030,350.460
-443735.340,-1172406.360,350.460
-443735.180,-1172406.730,350.460
-443735.040,-1172407.090,350.460
-443734.880,-1172407.460,350.470
-443734.730,-1172407.820,350.470
-443739.300,-1172397.690,350.470
-443739.240,-1172397.850,350.470
-443739.360,-1172397.580,350.470
-443739.250,-1172397.830,350.470
-443739.100,-1172398.200,350.460
-443738.810,-1172398.910,350.450
-443738.650,-1172399.290,350.440
-443738.510,-1172399.630,350.430
-443738.350,-1172400.010,350.430
-443738.190,-1172400.400,350.410
-443738.040,-1172400.770,350.410
-443737.900,-1172401.110,350.410
-443737.750,-1172401.470,350.400
-443737.590,-1172401.850,350.400
-443737.450,-1172402.190,350.410
-443737.300,-1172402.550,350.410
-443737.160,-1172402.900,350.410
-443737.010,-1172403.260,350.420
-443736.870,-1172403.590,350.420
-443736.720,-1172403.950,350.430
-443736.570,-1172404.300,350.430
-443736.440,-1172404.640,350.440
-443736.280,-1172405.010,350.440
-443736.140,-1172405.370,350.440
-443735.980,-1172405.740,350.450
-443735.820,-1172406.130,350.450
-443735.680,-1172406.460,350.460
-443735.540,-1172406.800,350.460
-443735.380,-1172407.190,350.460
-443735.230,-1172407.550,350.460
-443735.080,-1172407.920,350.470
-443739.900,-1172397.400,350.470
-443739.780,-1172397.710,350.460
-443739.670,-1172397.970,350.460
-443739.900,-1172397.430,350.470
-443739.820,-1172397.620,350.470
-443739.660,-1172398.010,350.460
-443739.510,-1172398.370,350.450
-443739.360,-1172398.740,350.450
-443739.200,-1172399.120,350.440
-443739.060,-1172399.470,350.430
-443738.910,-1172399.830,350.430
-443738.760,-1172400.190,350.420
-443738.600,-1172400.570,350.410
-443738.460,-1172400.920,350.410
-443738.320,-1172401.240,350.400
-443738.170,-1172401.620,350.400
-443738.020,-1172401.960,350.400
-443737.870,-1172402.330,350.400
-443737.730,-1172402.670,350.400
-443737.580,-1172403.040,350.410
-443737.420,-1172403.410,350.410
-443737.290,-1172403.730,350.410
-443737.140,-1172404.100,350.415
-443736.980,-1172404.490,350.420
-443736.830,-1172404.840,350.430
-443736.690,-1172405.180,350.430
-443736.540,-1172405.550,350.440
-443736.390,-1172405.920,350.440
-443736.230,-1172406.290,350.450
-443736.090,-1172406.640,350.450
-443735.920,-1172407.050,350.450
-443735.770,-1172407.400,350.450
-443735.640,-1172407.730,350.460
-443735.500,-1172408.070,350.460
-443738.790,-1172400.850,350.400
-443738.640,-1172401.190,350.400
-443738.500,-1172401.550,350.400
-443738.340,-1172401.930,350.400
-443738.190,-1172402.280,350.400
-443738.050,-1172402.640,350.400
-443737.900,-1172403.000,350.400
-443737.740,-1172403.370,350.400
-443737.600,-1172403.720,350.410
-443737.450,-1172404.080,350.410
-443737.300,-1172404.450,350.410
-443737.140,-1172404.830,350.420
-443736.990,-1172405.180,350.430
-443736.840,-1172405.550,350.430
-443736.700,-1172405.900,350.440
-443736.550,-1172406.250,350.440
-443736.410,-1172406.590,350.440
-443736.250,-1172406.970,350.440
-443736.090,-1172407.360,350.450
-443735.960,-1172407.670,350.445
-443740.080,-1172397.700,350.460
-443739.970,-1172397.970,350.460
-443740.120,-1172397.620,350.460
-443739.980,-1172397.960,350.460
-443739.820,-1172398.350,350.450
-443739.670,-1172398.710,350.450
-443739.520,-1172399.070,350.440
-443739.380,-1172399.420,350.430
-443739.230,-1172399.780,350.430
-443739.080,-1172400.130,350.420
-443738.940,-1172400.470,350.410
-443740.660,-1172397.650,350.460
-443740.590,-1172397.830,350.450
-443740.750,-1172397.470,350.460
-443740.620,-1172397.790,350.450
-443740.460,-1172398.160,350.450
-443740.320,-1172398.510,350.440
-443740.170,-1172398.860,350.440
-443740.020,-1172399.230,350.430
-443739.880,-1172399.570,350.420
-443739.730,-1172399.930,350.420
-443739.560,-1172400.330,350.410
-443739.430,-1172400.660,350.410
-443739.270,-1172401.040,350.400
-443739.110,-1172401.410,350.400
-443738.980,-1172401.750,350.400
-443738.830,-1172402.090,350.400
-443738.680,-1172402.470,350.400
-443738.520,-1172402.840,350.400
-443738.370,-1172403.210,350.400
-443738.210,-1172403.590,350.400
-443738.060,-1172403.970,350.400
-443737.920,-1172404.310,350.400
-443737.770,-1172404.660,350.400
-443737.630,-1172404.990,350.410
-443737.480,-1172405.370,350.410
-443737.330,-1172405.730,350.420
-443737.180,-1172406.080,350.430
-443737.030,-1172406.450,350.430
-443736.870,-1172406.830,350.430
-443736.720,-1172407.200,350.440
-443736.580,-1172407.530,350.440
-443736.430,-1172407.910,350.440
-443741.030,-1172397.590,350.450
-443740.970,-1172397.760,350.450
-443741.130,-1172397.400,350.460
-443741.010,-1172397.680,350.450
-443740.860,-1172398.040,350.450
-443740.700,-1172398.430,350.440
-443740.550,-1172398.790,350.440
-443740.390,-1172399.170,350.430
-443740.240,-1172399.540,350.420
-443740.090,-1172399.900,350.410
-443739.950,-1172400.240,350.410
-443739.790,-1172400.630,350.410
-443739.650,-1172400.980,350.400
-443739.490,-1172401.360,350.400
-443739.330,-1172401.730,350.400
-443739.190,-1172402.070,350.400
-443739.040,-1172402.440,350.400
-443738.900,-1172402.790,350.400
-443741.530,-1172397.580,350.450
-443741.460,-1172397.740,350.440
-443741.330,-1172398.060,350.440
-443741.620,-1172397.390,350.450
-443738.750,-1172403.140,350.400
-443738.600,-1172403.510,350.400
-443738.450,-1172403.880,350.400
-443738.300,-1172404.230,350.390
-443738.150,-1172404.600,350.400
-443737.990,-1172404.980,350.400
-443737.840,-1172405.340,350.400
-443737.710,-1172405.670,350.410
-443737.540,-1172406.070,350.420
-443737.400,-1172406.410,350.420
-443737.250,-1172406.780,350.420
-443737.100,-1172407.120,350.430
-443736.960,-1172407.470,350.430
-443736.820,-1172407.820,350.440
-443741.480,-1172397.720,350.440
-443741.330,-1172398.080,350.440
-443741.180,-1172398.450,350.440
-443741.030,-1172398.820,350.440
-443740.870,-1172399.200,350.430
-443740.720,-1172399.560,350.420
-443740.570,-1172399.930,350.410
-443740.410,-1172400.310,350.410
-443740.270,-1172400.650,350.400
-443740.120,-1172401.010,350.400
-443739.970,-1172401.380,350.400
-443739.820,-1172401.730,350.400
-443739.670,-1172402.090,350.400
-443739.520,-1172402.450,350.400
-443739.380,-1172402.810,350.400
-443739.230,-1172403.170,350.400
-443739.070,-1172403.540,350.390
-443738.920,-1172403.910,350.390
-443738.770,-1172404.280,350.390
-443738.630,-1172404.620,350.390
-443738.470,-1172405.010,350.390
-443738.320,-1172405.350,350.400
-443738.180,-1172405.690,350.400
-443738.040,-1172406.030,350.410
-443737.900,-1172406.390,350.420
-443737.740,-1172406.770,350.420
-443737.610,-1172407.090,350.420
-443737.460,-1172407.440,350.420
-443737.300,-1172407.820,350.430
-443739.540,-1172403.110,350.390
-443739.390,-1172403.480,350.390
-443739.240,-1172403.830,350.390
-443739.100,-1172404.190,350.390
-443738.950,-1172404.530,350.380
-443738.810,-1172404.880,350.380
-443738.660,-1172405.250,350.390
-443738.520,-1172405.590,350.390
-443738.370,-1172405.940,350.400
-443738.220,-1172406.300,350.410
-443738.080,-1172406.660,350.410
-443737.920,-1172407.030,350.420
-443737.770,-1172407.400,350.420
-443737.630,-1172407.740,350.420
-443741.780,-1172397.660,350.450
-443741.770,-1172397.700,350.450
-443741.640,-1172398.020,350.440
-443741.920,-1172397.360,350.460
-443741.870,-1172397.480,350.450
-443741.800,-1172397.660,350.450
-443741.640,-1172398.030,350.440
-443741.490,-1172398.400,350.440
-443741.330,-1172398.790,350.440
-443741.190,-1172399.120,350.430
-443741.040,-1172399.490,350.420
-443740.900,-1172399.830,350.420
-443740.740,-1172400.210,350.410
-443740.590,-1172400.570,350.400
-443740.450,-1172400.920,350.400
-443740.290,-1172401.300,350.400
-443740.140,-1172401.670,350.400
-443739.990,-1172402.040,350.400
-443739.830,-1172402.400,350.400
-443739.690,-1172402.760,350.400
-443742.290,-1172397.830,350.440
-443742.450,-1172397.460,350.450
-443742.310,-1172397.800,350.440
-443742.150,-1172398.190,350.440
-443741.990,-1172398.560,350.430
-443741.850,-1172398.900,350.430
-443741.690,-1172399.300,350.430
-443741.530,-1172399.670,350.420
-443741.380,-1172400.040,350.410
-443741.240,-1172400.370,350.410
-443741.090,-1172400.750,350.400
-443740.940,-1172401.100,350.400
-443740.790,-1172401.470,350.400
-443740.640,-1172401.830,350.390
-443740.490,-1172402.190,350.390
-443740.360,-1172402.520,350.390
-443740.210,-1172402.870,350.390
-443740.060,-1172403.230,350.390
-443739.910,-1172403.590,350.390
-443739.760,-1172403.950,350.390
-443739.620,-1172404.310,350.380
-443739.470,-1172404.660,350.370
-443739.320,-1172405.030,350.370
-443739.160,-1172405.420,350.380
-443739.020,-1172405.750,350.385
-443738.880,-1172406.100,350.390
-443738.720,-1172406.480,350.410
-443738.570,-1172406.840,350.410
-443738.420,-1172407.210,350.410
-443738.260,-1172407.600,350.420
-443742.700,-1172397.860,350.450
-443742.490,-1172398.360,350.440
-443742.880,-1172397.460,350.450
-443742.730,-1172397.820,350.450
-443742.560,-1172398.220,350.440
-443742.410,-1172398.590,350.440
-443742.260,-1172398.940,350.430
-443742.110,-1172399.310,350.430
-443741.960,-1172399.670,350.430
-443741.810,-1172400.040,350.420
-443741.670,-1172400.390,350.410
-443741.520,-1172400.740,350.410
-443741.380,-1172401.100,350.400
-443741.230,-1172401.440,350.400
-443741.070,-1172401.820,350.400
-443740.930,-1172402.160,350.390
-443740.800,-1172402.500,350.390
-443740.640,-1172402.880,350.390
-443740.490,-1172403.240,350.385
-443740.340,-1172403.590,350.380
-443740.180,-1172403.980,350.380
-443740.040,-1172404.320,350.380
-443739.900,-1172404.670,350.370
-443739.740,-1172405.050,350.380
-443739.590,-1172405.430,350.375
-443739.430,-1172405.790,350.380
-443739.280,-1172406.160,350.390
-443739.130,-1172406.520,350.400
-443738.990,-1172406.870,350.410
-443738.850,-1172407.220,350.410
-443738.710,-1172407.560,350.410
-443742.850,-1172398.910,350.440
-443742.700,-1172399.260,350.440
-443742.560,-1172399.610,350.430
-443742.410,-1172399.950,350.430
-443742.260,-1172400.320,350.425
-443742.110,-1172400.690,350.410
-443741.960,-1172401.050,350.410
-443741.820,-1172401.390,350.400
-443741.680,-1172401.730,350.400
-443741.520,-1172402.130,350.400
-443741.360,-1172402.500,350.390
-443741.230,-1172402.830,350.390
-443741.080,-1172403.180,350.390
-443740.920,-1172403.570,350.380
-443740.770,-1172403.930,350.380
-443740.620,-1172404.300,350.385
-443740.460,-1172404.690,350.380
-443740.300,-1172405.070,350.380
-443740.170,-1172405.390,350.380
-443740.020,-1172405.740,350.390
-443739.880,-1172406.090,350.390
-443739.730,-1172406.460,350.400
-443739.580,-1172406.830,350.400
-443739.430,-1172407.190,350.410
-443739.270,-1172407.570,350.410
-443743.270,-1172397.850,350.450
-443743.450,-1172397.440,350.460
-443743.300,-1172397.820,350.450
-443743.140,-1172398.200,350.440
-443742.990,-1172398.550,350.440
-443743.820,-1172397.520,350.460
-443743.880,-1172397.400,350.460
-443743.750,-1172397.730,350.450
-443743.600,-1172398.090,350.450
-443743.450,-1172398.450,350.440
-443743.300,-1172398.820,350.440
-443743.160,-1172399.160,350.440
-443743.010,-1172399.530,350.440
-443742.850,-1172399.890,350.440
-443742.710,-1172400.250,350.430
-443742.560,-1172400.610,350.430
-443742.400,-1172400.990,350.420
-443742.260,-1172401.330,350.420
-443742.120,-1172401.680,350.410
-443741.970,-1172402.040,350.410
-443741.810,-1172402.420,350.400
-443741.640,-1172402.820,350.400
-443741.500,-1172403.170,350.390
-443741.340,-1172403.550,350.390
-443741.200,-1172403.900,350.390
-443741.060,-1172404.240,350.390
-443740.910,-1172404.590,350.400
-443740.760,-1172404.960,350.400
-443740.610,-1172405.340,350.400
-443740.460,-1172405.680,350.400
-443740.310,-1172406.040,350.400
-443740.160,-1172406.420,350.400
-443740.010,-1172406.780,350.400
-443739.860,-1172407.150,350.410
-443739.710,-1172407.510,350.410
-443744.570,-1172397.390,350.450
-443744.480,-1172397.610,350.440
-443744.340,-1172397.950,350.440
-443744.650,-1172397.220,350.450
-443744.520,-1172397.550,350.450
-443744.360,-1172397.940,350.440
-443744.210,-1172398.290,350.440
-443744.060,-1172398.660,350.440
-443743.910,-1172399.030,350.440
-443743.760,-1172399.380,350.440
-443743.630,-1172399.710,350.440
-443743.470,-1172400.090,350.440
-443743.310,-1172400.470,350.450
-443743.170,-1172400.830,350.440
-443743.010,-1172401.190,350.440
-443742.860,-1172401.570,350.430
-443742.710,-1172401.940,350.430
-443742.560,-1172402.280,350.420
-443742.430,-1172402.620,350.420
-443742.270,-1172403.000,350.420
-443742.110,-1172403.370,350.410
-443741.970,-1172403.720,350.410
-443741.820,-1172404.080,350.410
-443741.660,-1172404.460,350.420
-443741.500,-1172404.860,350.420
-443741.370,-1172405.180,350.420
-443741.220,-1172405.550,350.420
-443741.070,-1172405.900,350.420
-443740.920,-1172406.260,350.410
-443740.770,-1172406.620,350.410
-443740.630,-1172406.970,350.410
-443740.480,-1172407.330,350.410
-443740.340,-1172407.670,350.420
-443745.000,-1172397.500,350.450
-443745.150,-1172397.160,350.450
-443745.020,-1172397.470,350.450
-443744.870,-1172397.850,350.440
-443744.720,-1172398.190,350.440
-443744.570,-1172398.570,350.430
-443744.410,-1172398.950,350.430
-443744.270,-1172399.300,350.430
-443744.120,-1172399.660,350.430
-443743.960,-1172400.040,350.440
-443743.820,-1172400.390,350.440
-443743.670,-1172400.750,350.450
-443743.530,-1172401.080,350.450
-443743.380,-1172401.460,350.450
-443743.230,-1172401.820,350.440
-443743.080,-1172402.190,350.440
-443742.920,-1172402.560,350.430
-443742.770,-1172402.930,350.430
-443742.610,-1172403.320,350.430
-443742.470,-1172403.660,350.420
-443742.320,-1172404.030,350.430
-443742.170,-1172404.370,350.430
-443745.530,-1172397.360,350.450
-443745.450,-1172397.550,350.445
-443745.620,-1172397.180,350.450
-443745.470,-1172397.540,350.450
-443745.310,-1172397.920,350.440
-443745.150,-1172398.310,350.430
-443745.010,-1172398.670,350.430
-443742.030,-1172404.730,350.440
-443741.890,-1172405.070,350.440
-443741.740,-1172405.430,350.440
-443741.590,-1172405.780,350.430
-443741.440,-1172406.140,350.430
-443741.290,-1172406.500,350.430
-443741.150,-1172406.860,350.430
-443741.010,-1172407.200,350.420
-443740.850,-1172407.580,350.430
-443743.670,-1172401.900,350.450
-443743.530,-1172402.250,350.450
-443743.390,-1172402.600,350.440
-443743.230,-1172402.980,350.440
-443743.080,-1172403.330,350.440
-443742.940,-1172403.670,350.440
-443742.800,-1172404.010,350.440
-443742.650,-1172404.380,350.450
-443742.510,-1172404.720,350.450
-443742.350,-1172405.090,350.450
-443742.210,-1172405.440,350.450
-443742.070,-1172405.790,350.450
-443741.910,-1172406.170,350.440
-443741.770,-1172406.520,350.430
-443741.610,-1172406.900,350.430
-443741.450,-1172407.280,350.430
-443741.320,-1172407.600,350.430
-443744.860,-1172399.020,350.430
-443744.720,-1172399.370,350.430
-443744.570,-1172399.720,350.430
-443744.430,-1172400.060,350.430
-443744.280,-1172400.440,350.430
-443744.130,-1172400.780,350.440
-443743.990,-1172401.140,350.440
-443743.830,-1172401.520,350.450
-443745.840,-1172397.360,350.450
-443745.810,-1172397.410,350.450
-443745.730,-1172397.620,350.440
-443745.590,-1172397.970,350.440
-443745.890,-1172397.260,350.450
-443745.740,-1172397.610,350.440
-443745.600,-1172397.960,350.440
-443745.450,-1172398.320,350.430
-443745.300,-1172398.690,350.430
-443745.150,-1172399.040,350.430
-443745.000,-1172399.420,350.420
-443744.850,-1172399.770,350.420
-443744.700,-1172400.140,350.420
-443744.550,-1172400.510,350.430
-443744.400,-1172400.860,350.430
-443744.250,-1172401.220,350.440
-443744.120,-1172401.560,350.450
-443743.960,-1172401.930,350.450
-443743.820,-1172402.290,350.450
-443743.670,-1172402.640,350.450
-443743.530,-1172402.980,350.450
-443743.380,-1172403.330,350.450
-443743.230,-1172403.710,350.450
-443743.090,-1172404.050,350.460
-443742.950,-1172404.390,350.460
-443742.790,-1172404.760,350.460
-443742.650,-1172405.120,350.460
-443742.500,-1172405.480,350.460
-443742.340,-1172405.850,350.450
-443742.200,-1172406.210,350.440
-443742.050,-1172406.560,350.440
-443741.890,-1172406.960,350.430
-443741.750,-1172407.300,350.430
-443744.450,-1172401.970,350.440
-443744.320,-1172402.290,350.450
-443744.170,-1172402.650,350.450
-443744.000,-1172403.050,350.450
-443743.860,-1172403.390,350.450
-443743.720,-1172403.740,350.460
-443743.570,-1172404.110,350.460
-443743.420,-1172404.460,350.460
-443743.280,-1172404.800,350.470
-443743.130,-1172405.170,350.470
-443742.970,-1172405.550,350.470
-443742.810,-1172405.940,350.460
-443742.660,-1172406.300,350.450
-443742.510,-1172406.670,350.450
-443742.360,-1172407.040,350.440
-443742.220,-1172407.380,350.440
-443746.330,-1172397.370,350.450
-443746.210,-1172397.680,350.440
-443746.380,-1172397.290,350.450
-443746.230,-1172397.660,350.440
-443746.070,-1172398.030,350.430
-443745.920,-1172398.400,350.430
-443745.770,-1172398.780,350.425
-443745.620,-1172399.130,350.420
-443745.470,-1172399.500,350.420
-443745.320,-1172399.850,350.410
-443745.170,-1172400.220,350.410
-443745.020,-1172400.590,350.410
-443744.880,-1172400.910,350.420
-443744.740,-1172401.250,350.420
-443744.600,-1172401.610,350.430
-443746.820,-1172397.170,350.455
-443746.690,-1172397.500,350.440
-443746.550,-1172397.840,350.440
-443746.390,-1172398.230,350.430
-443746.240,-1172398.580,350.430
-443746.090,-1172398.950,350.420
-443745.950,-1172399.300,350.410
-443745.800,-1172399.650,350.410
-443745.660,-1172400.000,350.410
-443745.510,-1172400.370,350.400
-443745.360,-1172400.710,350.400
-443745.220,-1172401.050,350.410
-443745.070,-1172401.410,350.420
-443744.920,-1172401.780,350.420
-443744.790,-1172402.100,350.430
-443744.630,-1172402.480,350.440
-443744.480,-1172402.850,350.440
-443744.340,-1172403.200,350.450
-443744.200,-1172403.540,350.450
-443744.040,-1172403.920,350.450
-443743.890,-1172404.280,350.460
-443743.740,-1172404.650,350.460
-443743.590,-1172405.010,350.460
-443743.430,-1172405.390,350.460
-443743.290,-1172405.750,350.460
-443743.140,-1172406.090,350.460
-443743.000,-1172406.450,350.450
-443742.840,-1172406.820,350.450
-443742.690,-1172407.210,350.450
-443747.320,-1172397.240,350.440
-443747.180,-1172397.590,350.440
-443747.030,-1172397.960,350.430
-443746.880,-1172398.310,350.430
-443746.730,-1172398.670,350.420
-443746.580,-1172399.050,350.420
-443746.440,-1172399.380,350.410
-443746.290,-1172399.740,350.410
-443746.150,-1172400.090,350.400
-443745.990,-1172400.480,350.400
-443745.830,-1172400.850,350.400
-443745.700,-1172401.180,350.400
-443745.560,-1172401.530,350.410
-443745.400,-1172401.900,350.410
-443745.250,-1172402.270,350.420
-443745.100,-1172402.630,350.420
-443744.950,-1172403.010,350.430
-443744.790,-1172403.380,350.430
-443744.660,-1172403.710,350.440
-443744.510,-1172404.060,350.440
-443744.370,-1172404.410,350.450
-443744.220,-1172404.780,350.450
-443744.070,-1172405.140,350.450
-443743.920,-1172405.500,350.460
-443743.760,-1172405.890,350.460
-443743.630,-1172406.210,350.460
-443743.460,-1172406.600,350.460
-443743.310,-1172406.970,350.460
-443743.160,-1172407.340,350.450
-443747.760,-1172397.190,350.440
-443747.680,-1172397.390,350.440
-443747.530,-1172397.730,350.435
-443747.370,-1172398.120,350.430
-443747.230,-1172398.460,350.430
-443747.080,-1172398.820,350.420
-443746.930,-1172399.200,350.420
-443746.780,-1172399.560,350.410
-443746.640,-1172399.900,350.400
-443746.490,-1172400.270,350.400
-443746.330,-1172400.650,350.400
-443746.180,-1172401.020,350.400
-443746.030,-1172401.390,350.400
-443745.880,-1172401.750,350.400
-443745.730,-1172402.110,350.400
-443745.590,-1172402.450,350.410
-443745.450,-1172402.790,350.410
-443745.290,-1172403.170,350.420
-443745.010,-1172403.860,350.430
-443744.840,-1172404.260,350.430
-443744.700,-1172404.610,350.430
-443744.550,-1172404.980,350.440
-443744.400,-1172405.340,350.440
-443744.250,-1172405.700,350.450
-443744.110,-1172406.050,350.450
-443743.960,-1172406.400,350.460
-443743.820,-1172406.750,350.460
-443743.660,-1172407.120,350.460
-443748.350,-1172397.220,350.440
-443748.210,-1172397.570,350.430
-443748.060,-1172397.930,350.430
-443747.910,-1172398.290,350.430
-443747.760,-1172398.650,350.430
-443747.610,-1172399.020,350.420
-443747.470,-1172399.370,350.420
-443747.150,-1172400.140,350.400
-443747.000,-1172400.500,350.400
-443746.860,-1172400.840,350.400
-443746.710,-1172401.200,350.390
-443746.570,-1172401.550,350.390
-443746.420,-1172401.920,350.390
-443746.260,-1172402.290,350.390
-443746.110,-1172402.660,350.390
-443745.960,-1172403.030,350.390
-443745.820,-1172403.360,350.395
-443745.670,-1172403.740,350.400
-443745.530,-1172404.080,350.410
-443745.380,-1172404.450,350.420
-443745.230,-1172404.800,350.430
-443745.070,-1172405.180,350.430
-443744.930,-1172405.530,350.430
-443744.800,-1172405.850,350.430
-443744.650,-1172406.210,350.440
-443744.510,-1172406.550,350.450
-443744.360,-1172406.920,350.450
-443744.220,-1172407.260,350.450
-443746.320,-1172403.120,350.385
-443746.040,-1172403.810,350.390
-443745.890,-1172404.160,350.400
-443745.750,-1172404.500,350.410
-443745.600,-1172404.870,350.420
-443745.460,-1172405.220,350.420
-443745.320,-1172405.550,350.430
-443745.030,-1172406.270,350.430
-443744.870,-1172406.640,350.430
-443744.720,-1172407.000,350.440
-443748.450,-1172397.920,350.430
-443748.860,-1172396.950,350.440
-443748.790,-1172397.110,350.440
-443748.720,-1172397.290,350.440
-443748.570,-1172397.670,350.430
-443748.410,-1172398.040,350.430
-443748.260,-1172398.420,350.425
-443748.110,-1172398.780,350.420
-443747.970,-1172399.130,350.420
-443747.820,-1172399.480,350.420
-443747.680,-1172399.830,350.410
-443747.520,-1172400.210,350.400
-443747.380,-1172400.540,350.400
-443747.220,-1172400.930,350.400
-443747.070,-1172401.300,350.390
-443746.920,-1172401.660,350.390
-443746.780,-1172402.020,350.390
-443749.230,-1172397.180,350.440
-443749.090,-1172397.510,350.430
-443748.940,-1172397.870,350.430
-443748.800,-1172398.220,350.420
-443748.650,-1172398.590,350.420
-443748.500,-1172398.940,350.420
-443748.360,-1172399.290,350.420
-443748.200,-1172399.680,350.410
-443748.040,-1172400.060,350.410
-443747.890,-1172400.420,350.400
-443747.750,-1172400.750,350.400
-443747.590,-1172401.150,350.390
-443747.450,-1172401.490,350.390
-443747.300,-1172401.860,350.390
-443747.160,-1172402.200,350.390
-443747.010,-1172402.570,350.380
-443746.420,-1172404.000,350.390
-443746.290,-1172404.320,350.390
-443746.130,-1172404.690,350.400
-443745.990,-1172405.030,350.410
-443745.840,-1172405.400,350.420
-443745.690,-1172405.760,350.420
-443745.550,-1172406.110,350.420
-443745.400,-1172406.470,350.420
-443745.260,-1172406.820,350.430
-443745.110,-1172407.180,350.440
-443749.450,-1172397.300,350.440
-443749.310,-1172397.650,350.430
-443749.150,-1172398.030,350.420
-443749.010,-1172398.380,350.420
-443748.850,-1172398.750,350.420
-443748.710,-1172399.100,350.420
-443748.560,-1172399.470,350.410
-443748.410,-1172399.820,350.410
-443748.260,-1172400.190,350.400
-443748.110,-1172400.560,350.400
-443747.980,-1172400.880,350.390
-443747.830,-1172401.240,350.390
-443747.690,-1172401.590,350.390
-443749.220,-1172397.830,350.430
-443749.590,-1172396.960,350.450
-443749.540,-1172397.080,350.440
-443747.540,-1172401.950,350.390
-443747.390,-1172402.300,350.390
-443746.650,-1172404.110,350.380
-443746.500,-1172404.470,350.390
-443746.360,-1172404.810,350.400
-443746.210,-1172405.180,350.400
-443746.060,-1172405.550,350.410
-443745.910,-1172405.900,350.420
-443745.760,-1172406.270,350.420
-443745.610,-1172406.640,350.420
-443745.460,-1172406.990,350.420
-443750.180,-1172396.970,350.440
-443750.040,-1172397.300,350.430
-443749.890,-1172397.670,350.430
-443749.730,-1172398.060,350.420
-443749.600,-1172398.390,350.420
-443749.450,-1172398.740,350.410
-443749.310,-1172399.090,350.410
-443749.160,-1172399.450,350.410
-443749.010,-1172399.810,350.400
-443748.870,-1172400.160,350.400
-443748.720,-1172400.520,350.390
-443748.560,-1172400.900,350.390
-443748.420,-1172401.250,350.385
-443748.270,-1172401.610,350.390
-443748.120,-1172401.980,350.390
-443747.970,-1172402.340,350.380
-443747.830,-1172402.670,350.385
-443747.680,-1172403.050,350.380
-443747.080,-1172404.510,350.380
-443746.920,-1172404.880,350.380
-443746.780,-1172405.230,350.390
-443746.640,-1172405.580,350.400
-443746.490,-1172405.950,350.410
-443746.340,-1172406.300,350.410
-443746.200,-1172406.640,350.420
-443746.050,-1172407.010,350.420
-443750.090,-1172398.250,350.420
-443749.950,-1172398.590,350.410
-443749.810,-1172398.930,350.410
-443749.660,-1172399.300,350.410
-443749.520,-1172399.640,350.400
-443749.370,-1172400.010,350.390
-443749.210,-1172400.400,350.390
-443749.060,-1172400.750,350.390
-443748.930,-1172401.080,350.380
-443748.770,-1172401.460,350.380
-443748.620,-1172401.820,350.380
-443748.470,-1172402.200,350.380
-443748.320,-1172402.560,350.380
-443748.150,-1172402.970,350.380
-443748.020,-1172403.290,350.380
-443747.880,-1172403.640,350.380
-443747.290,-1172405.070,350.380
-443746.970,-1172405.850,350.400
-443746.830,-1172406.190,350.400
-443746.690,-1172406.530,350.410
-443746.540,-1172406.900,350.420
-443750.380,-1172397.520,350.430
-443750.630,-1172396.940,350.445
-443750.550,-1172397.150,350.430
-443750.390,-1172397.520,350.430
-443750.240,-1172397.880,350.420
-443751.180,-1172397.040,350.435
-443751.050,-1172397.370,350.430
-443750.880,-1172397.760,350.420
-443750.730,-1172398.130,350.420
-443750.590,-1172398.480,350.410
-443750.430,-1172398.860,350.410
-443750.290,-1172399.210,350.400
-443750.150,-1172399.550,350.390
-443750.000,-1172399.920,350.390
-443749.840,-1172400.300,350.390
-443749.680,-1172400.700,350.385
-443749.530,-1172401.060,350.380
-443749.380,-1172401.410,350.380
-443749.220,-1172401.800,350.380
-443749.090,-1172402.120,350.380
-443748.960,-1172402.440,350.380
-443747.910,-1172405.000,350.380
-443747.750,-1172405.370,350.390
-443747.610,-1172405.720,350.390
-443747.460,-1172406.100,350.400
-443747.320,-1172406.420,350.410
-443747.180,-1172406.760,350.410
-443747.040,-1172407.120,350.420
-443751.490,-1172397.130,350.445
-443751.500,-1172397.140,350.440
-443751.340,-1172397.510,350.430
-443751.200,-1172397.870,350.420
-443751.050,-1172398.220,350.420
-443750.900,-1172398.590,350.410
-443750.740,-1172398.970,350.410
-443750.590,-1172399.330,350.400
-443750.440,-1172399.710,350.390
-443750.290,-1172400.080,350.390
-443750.140,-1172400.430,350.390
-443750.000,-1172400.790,350.380
-443749.860,-1172401.130,350.380
-443749.710,-1172401.490,350.380
-443749.410,-1172402.210,350.375
-443749.250,-1172402.610,350.380
-443748.070,-1172405.480,350.390
-443747.940,-1172405.790,350.390
-443747.790,-1172406.140,350.400
-443747.650,-1172406.500,350.410
-443747.500,-1172406.850,350.410
-443752.090,-1172397.150,350.450
-443751.990,-1172397.400,350.440
-443751.800,-1172397.850,350.430
-443752.160,-1172397.000,350.450
-443752.010,-1172397.380,350.440
-443751.840,-1172397.780,350.430
-443751.700,-1172398.130,350.420
-443751.550,-1172398.490,350.420
-443751.400,-1172398.850,350.410
-443751.270,-1172399.180,350.400
-443751.120,-1172399.540,350.390
-443750.960,-1172399.930,350.390
-443749.920,-1172402.460,350.370
-443749.190,-1172404.230,350.390
-443749.050,-1172404.580,350.390
-443748.910,-1172404.900,350.390
-443748.750,-1172405.300,350.390
-443748.600,-1172405.670,350.400
-443748.460,-1172406.000,350.400
-443748.320,-1172406.350,350.410
-443748.160,-1172406.740,350.410
-443752.430,-1172397.370,350.445
-443752.600,-1172396.990,350.450
-443752.460,-1172397.330,350.440
-443752.320,-1172397.670,350.440
-443752.170,-1172398.050,350.430
-443752.020,-1172398.410,350.420
-443751.860,-1172398.780,350.420
-443751.720,-1172399.140,350.410
-443751.570,-1172399.510,350.400
-443751.410,-1172399.880,350.390
-443751.270,-1172400.230,350.390
-443749.650,-1172404.170,350.380
-443749.200,-1172405.260,350.390
-443749.070,-1172405.590,350.390
-443748.920,-1172405.950,350.400
-443748.770,-1172406.310,350.400
-443748.620,-1172406.670,350.410
-443753.090,-1172397.000,350.450
-443753.130,-1172396.930,350.450
-443752.990,-1172397.300,350.450
-443752.820,-1172397.690,350.440
-443752.670,-1172398.050,350.440
-443752.530,-1172398.400,350.425
-443752.380,-1172398.780,350.420
-443752.230,-1172399.140,350.410
-443752.080,-1172399.500,350.400
-443751.940,-1172399.840,350.390
-443750.610,-1172403.070,350.380
-443750.330,-1172403.760,350.390
-443750.180,-1172404.120,350.390
-443750.040,-1172404.470,350.390
-443749.420,-1172405.970,350.390
-443749.280,-1172406.310,350.400
-443749.130,-1172406.670,350.400
-443753.340,-1172397.070,350.440
-443753.320,-1172397.110,350.440
-443753.430,-1172396.870,350.430
-443753.350,-1172397.070,350.440
-443753.200,-1172397.440,350.450
-443753.060,-1172397.790,350.440
-443752.910,-1172398.160,350.440
-443752.770,-1172398.500,350.430
-443752.610,-1172398.870,350.420
-443752.470,-1172399.220,350.410
-443752.330,-1172399.560,350.400
-443752.170,-1172399.940,350.400
-443751.010,-1172402.760,350.390
-443750.700,-1172403.530,350.390
-443750.550,-1172403.900,350.390
-443750.400,-1172404.260,350.390
-443750.250,-1172404.630,350.390
-443750.090,-1172405.000,350.390
-443749.660,-1172406.060,350.390
-443749.520,-1172406.410,350.400
-443749.370,-1172406.760,350.410
-443754.060,-1172396.510,349.785
-443753.990,-1172396.660,349.790
-443753.960,-1172396.790,349.800
-443753.830,-1172397.080,350.325
-443753.690,-1172397.430,350.440
-443753.550,-1172397.780,350.450
-443753.400,-1172398.140,350.450
-443753.250,-1172398.500,350.440
-443753.110,-1172398.850,350.430
-443752.950,-1172399.230,350.425
-443752.810,-1172399.570,350.410
-443752.660,-1172399.940,350.410
-443752.510,-1172400.310,350.400
-443752.370,-1172400.650,350.400
-443752.210,-1172401.030,350.400
-443752.060,-1172401.400,350.400
-443751.920,-1172401.750,350.400
-443751.770,-1172402.100,350.400
-443751.610,-1172402.490,350.400
-443751.470,-1172402.830,350.400
-443751.320,-1172403.200,350.400
-443751.180,-1172403.540,350.400
-443751.030,-1172403.910,350.400
-443750.890,-1172404.270,350.400
-443750.740,-1172404.610,350.390
-443750.290,-1172405.710,350.390
-443750.120,-1172406.130,350.400
-443749.990,-1172406.440,350.400
-443749.840,-1172406.810,350.410
-443754.310,-1172396.770,349.780
-443754.240,-1172396.960,349.770
-443754.240,-1172396.980,349.760
-443754.200,-1172397.090,349.780
-443753.910,-1172397.800,350.440
-443753.750,-1172398.190,350.445
-443753.600,-1172398.540,350.440
-443753.450,-1172398.910,350.440
-443753.310,-1172399.260,350.430
-443753.160,-1172399.630,350.430
-443753.010,-1172399.990,350.420
-443752.860,-1172400.360,350.410
-443752.700,-1172400.740,350.410
-443752.550,-1172401.110,350.410
-443752.410,-1172401.460,350.410
-443752.270,-1172401.800,350.410
-443752.130,-1172402.140,350.410
-443751.970,-1172402.520,350.410
-443751.820,-1172402.880,350.410
-443751.680,-1172403.230,350.410
-443751.520,-1172403.620,350.410
-443751.380,-1172403.970,350.410
-443751.220,-1172404.340,350.400
-443751.080,-1172404.690,350.400
-443750.930,-1172405.060,350.400
-443750.780,-1172405.410,350.400
-443750.330,-1172406.530,350.400
-443750.210,-1172406.810,350.410
-443754.770,-1172396.870,349.750
-443754.800,-1172396.810,349.750
-443754.690,-1172397.090,349.750
-443754.530,-1172397.490,349.750
-443754.520,-1172397.510,349.750
-443754.400,-1172397.810,349.770
-443754.380,-1172397.850,349.770
-443754.230,-1172398.220,350.430
-443754.070,-1172398.600,350.440
-443753.930,-1172398.960,350.440
-443753.770,-1172399.330,350.430
-443753.600,-1172399.740,350.440
-443753.470,-1172400.060,350.430
-443753.330,-1172400.420,350.430
-443753.190,-1172400.760,350.420
-443753.030,-1172401.150,350.420
-443752.880,-1172401.510,350.420
-443752.740,-1172401.850,350.420
-443752.590,-1172402.220,350.420
-443752.430,-1172402.600,350.420
-443752.290,-1172402.950,350.420
-443752.140,-1172403.310,350.420
-443751.980,-1172403.700,350.420
-443751.840,-1172404.050,350.420
-443751.700,-1172404.390,350.410
-443751.550,-1172404.750,350.410
-443751.400,-1172405.120,350.410
-443751.260,-1172405.450,350.400
-443751.120,-1172405.790,350.400
-443750.970,-1172406.170,350.400
-443750.820,-1172406.530,350.400
-443755.100,-1172396.980,349.740
-443754.950,-1172397.360,349.740
-443754.790,-1172397.740,349.730
-443754.640,-1172398.100,349.730
-443754.490,-1172398.480,349.740
-443754.480,-1172398.510,349.740
-443754.360,-1172398.780,349.780
-443754.340,-1172398.850,350.380
-443754.200,-1172399.190,350.410
-443754.040,-1172399.580,350.420
-443753.890,-1172399.950,350.430
-443753.750,-1172400.300,350.440
-443753.590,-1172400.670,350.440
-443753.440,-1172401.040,350.440
-443753.290,-1172401.410,350.430
-443753.140,-1172401.770,350.430
-443752.990,-1172402.130,350.430
-443752.850,-1172402.480,350.430
-443752.700,-1172402.840,350.430
-443752.560,-1172403.190,350.430
-443752.410,-1172403.540,350.430
-443752.270,-1172403.890,350.420
-443752.130,-1172404.240,350.420
-443751.970,-1172404.630,350.420
-443751.830,-1172404.980,350.420
-443751.690,-1172405.320,350.410
-443751.530,-1172405.690,350.410
-443751.390,-1172406.030,350.410
-443751.240,-1172406.410,350.410
-443751.090,-1172406.780,350.420
-443753.200,-1172403.210,350.440
-443753.050,-1172403.570,350.440
-443752.910,-1172403.920,350.440
-443752.770,-1172404.250,350.440
-443752.610,-1172404.650,350.440
-443752.460,-1172405.020,350.430
-443752.310,-1172405.370,350.430
-443752.170,-1172405.720,350.430
-443752.010,-1172406.100,350.420
-443751.870,-1172406.460,350.430
-443755.850,-1172396.730,349.740
-443755.710,-1172397.070,349.740
-443755.570,-1172397.430,349.730
-443755.430,-1172397.760,349.720
-443755.270,-1172398.150,349.700
-443755.110,-1172398.540,349.680
-443754.970,-1172398.880,349.680
-443754.820,-1172399.240,349.670
-443754.670,-1172399.620,349.660
-443754.660,-1172399.650,349.660
-443754.520,-1172399.990,349.660
-443754.520,-1172400.000,349.660
-443754.370,-1172400.360,350.390
-443754.220,-1172400.710,350.420
-443754.070,-1172401.090,350.430
-443753.780,-1172401.790,350.450
-443753.630,-1172402.150,350.450
-443753.490,-1172402.490,350.445
-443753.340,-1172402.850,350.440
-443756.190,-1172397.020,349.735
-443756.040,-1172397.390,349.730
-443755.880,-1172397.770,349.710
-443755.720,-1172398.160,349.690
-443755.580,-1172398.500,349.680
-443755.430,-1172398.870,349.670
-443755.280,-1172399.230,349.660
-443755.130,-1172399.600,349.650
-443754.990,-1172399.940,349.640
-443754.850,-1172400.290,349.630
-443754.710,-1172400.640,349.630
-443754.700,-1172400.650,349.630
-443754.560,-1172400.990,349.630
-443754.560,-1172401.000,349.630
-443754.420,-1172401.340,350.385
-443754.280,-1172401.680,350.430
-443754.130,-1172402.050,350.440
-443753.990,-1172402.400,350.450
-443753.830,-1172402.780,350.450
-443753.670,-1172403.170,350.450
-443753.530,-1172403.510,350.455
-443753.400,-1172403.840,350.450
-443753.240,-1172404.220,350.450
-443753.090,-1172404.590,350.450
-443752.940,-1172404.970,350.440
-443752.790,-1172405.320,350.440
-443752.630,-1172405.710,350.440
-443752.490,-1172406.050,350.430
-443752.350,-1172406.400,350.430
-443756.770,-1172396.730,349.750
-443756.630,-1172397.070,349.735
-443756.480,-1172397.430,349.730
-443756.340,-1172397.770,349.710
-443756.190,-1172398.160,349.690
-443756.040,-1172398.510,349.680
-443755.890,-1172398.870,349.670
-443755.760,-1172399.200,349.660
-443755.610,-1172399.560,349.640
-443755.450,-1172399.940,349.630
-443755.310,-1172400.280,349.620
-443755.160,-1172400.650,349.610
-443755.010,-1172401.010,349.610
-443754.870,-1172401.370,349.600
-443754.720,-1172401.730,349.600
-443754.720,-1172401.750,349.600
-443754.560,-1172402.120,349.630
-443754.580,-1172402.090,349.610
-443754.290,-1172402.790,350.430
-443754.130,-1172403.180,350.450
-443753.980,-1172403.550,350.450
-443753.830,-1172403.910,350.460
-443753.680,-1172404.280,350.470
-443753.530,-1172404.640,350.460
-443753.390,-1172404.990,350.460
-443753.250,-1172405.330,350.450
-443753.090,-1172405.730,350.450
-443752.940,-1172406.090,350.440
-443752.800,-1172406.440,350.440
-443753.020,-1172406.570,350.450
-443757.030,-1172396.790,349.740
-443756.880,-1172397.130,349.730
-443756.740,-1172397.490,349.720
-443756.600,-1172397.830,349.710
-443756.440,-1172398.210,349.690
-443756.300,-1172398.570,349.680
-443756.150,-1172398.940,349.660
-443756.000,-1172399.300,349.650
-443755.850,-1172399.650,349.640
-443755.700,-1172400.030,349.630
-443755.550,-1172400.400,349.610
-443755.400,-1172400.740,349.610
-443755.260,-1172401.100,349.600
-443755.110,-1172401.470,349.590
-443754.950,-1172401.850,349.580
-443754.800,-1172402.220,349.580
-443754.650,-1172402.580,349.590
-443754.660,-1172402.560,349.580
-443754.510,-1172402.940,350.390
-443754.530,-1172402.900,349.675
-443754.390,-1172403.240,350.425
-443754.230,-1172403.610,350.450
-443754.090,-1172403.980,350.460
-443753.930,-1172404.350,350.470
-443753.790,-1172404.690,350.470
-443753.640,-1172405.070,350.470
-443753.480,-1172405.450,350.460
-443753.330,-1172405.820,350.450
-443753.190,-1172406.160,350.450
-443757.590,-1172396.730,349.750
-443757.480,-1172397.010,349.740
-443757.330,-1172397.360,349.730
-443757.180,-1172397.740,349.720
-443757.020,-1172398.110,349.700
-443756.880,-1172398.460,349.690
-443756.730,-1172398.840,349.670
-443756.580,-1172399.210,349.660
-443756.430,-1172399.550,349.640
-443756.290,-1172399.910,349.630
-443756.130,-1172400.290,349.620
-443755.970,-1172400.680,349.600
-443755.820,-1172401.050,349.590
-443755.670,-1172401.410,349.580
-443755.520,-1172401.780,349.570
-443755.380,-1172402.140,349.570
-443755.240,-1172402.470,349.560
-443755.090,-1172402.840,349.550
-443754.930,-1172403.230,349.550
-443754.780,-1172403.580,349.540
-443754.640,-1172403.940,349.550
-443754.650,-1172403.910,349.550
-443754.480,-1172404.320,350.455
-443754.510,-1172404.260,350.435
-443754.360,-1172404.630,350.470
-443754.210,-1172404.990,350.480
-443754.060,-1172405.350,350.480
-443753.900,-1172405.750,350.480
-443753.770,-1172406.070,350.465
-443753.620,-1172406.420,350.460
-443758.030,-1172396.780,349.740
-443757.880,-1172397.150,349.730
-443757.730,-1172397.500,349.720
-443757.600,-1172397.840,349.710
-443757.440,-1172398.220,349.690
-443757.290,-1172398.580,349.680
-443757.130,-1172398.970,349.660
-443756.980,-1172399.350,349.640
-443756.820,-1172399.730,349.630
-443756.680,-1172400.070,349.620
-443756.540,-1172400.420,349.610
-443756.390,-1172400.770,349.600
-443756.240,-1172401.150,349.590
-443756.090,-1172401.520,349.580
-443755.940,-1172401.880,349.570
-443755.790,-1172402.250,349.560
-443755.630,-1172402.620,349.540
-443755.480,-1172403.000,349.540
-443755.340,-1172403.350,349.530
-443755.190,-1172403.720,349.510
-443755.040,-1172404.080,349.510
-443754.890,-1172404.450,349.510
-443754.750,-1172404.790,349.595
-443754.790,-1172404.710,349.520
-443754.640,-1172405.060,350.475
-443754.500,-1172405.400,350.480
-443754.350,-1172405.780,350.480
-443754.200,-1172406.140,350.480
-443754.060,-1172406.490,350.470
-443754.660,-1172406.490,350.480
-443758.690,-1172396.640,349.750
-443758.620,-1172396.800,349.750
-443758.470,-1172397.160,349.730
-443758.320,-1172397.540,349.730
-443758.170,-1172397.900,349.710
-443758.030,-1172398.240,349.690
-443757.890,-1172398.590,349.680
-443757.730,-1172398.980,349.670
-443757.580,-1172399.350,349.640
-443757.430,-1172399.700,349.630
-443757.290,-1172400.060,349.620
-443757.120,-1172400.460,349.600
-443756.970,-1172400.830,349.590
-443756.830,-1172401.180,349.585
-443756.680,-1172401.550,349.570
-443756.530,-1172401.910,349.565
-443756.380,-1172402.280,349.550
-443756.240,-1172402.630,349.540
-443756.090,-1172402.980,349.540
-443755.940,-1172403.350,349.520
-443755.800,-1172403.680,349.510
-443755.660,-1172404.040,349.500
-443755.500,-1172404.420,349.490
-443755.360,-1172404.770,349.480
-443759.080,-1172396.760,349.750
-443758.960,-1172397.060,349.740
-443758.800,-1172397.440,349.730
-443758.650,-1172397.820,349.710
-443758.510,-1172398.170,349.700
-443758.360,-1172398.540,349.680
-443758.200,-1172398.930,349.660
-443758.040,-1172399.310,349.640
-443757.900,-1172399.650,349.630
-443757.740,-1172400.030,349.620
-443757.600,-1172400.380,349.610
-443757.450,-1172400.740,349.590
-443757.300,-1172401.110,349.590
-443757.160,-1172401.460,349.580
-443757.020,-1172401.810,349.560
-443756.870,-1172402.170,349.550
-443756.720,-1172402.530,349.545
-443756.580,-1172402.880,349.540
-443756.440,-1172403.230,349.530
-443756.280,-1172403.610,349.510
-443756.140,-1172403.950,349.500
-443755.990,-1172404.330,349.480
-443755.830,-1172404.710,349.480
-443755.690,-1172405.050,349.470
-443759.750,-1172396.680,349.750
-443759.600,-1172397.070,349.740
-443759.440,-1172397.450,349.730
-443759.290,-1172397.820,349.710
-443759.150,-1172398.170,349.700
-443758.990,-1172398.550,349.680
-443758.830,-1172398.930,349.660
-443758.690,-1172399.280,349.640
-443758.550,-1172399.640,349.630
-443758.400,-1172399.990,349.620
-443758.260,-1172400.350,349.605
-443758.120,-1172400.690,349.590
-443757.960,-1172401.070,349.590
-443757.820,-1172401.410,349.570
-443757.670,-1172401.770,349.560
-443757.520,-1172402.140,349.550
-443757.380,-1172402.500,349.550
-443757.220,-1172402.880,349.530
-443757.070,-1172403.240,349.520
-443756.930,-1172403.590,349.520
-443756.780,-1172403.960,349.500
-443756.630,-1172404.330,349.490
-443756.480,-1172404.700,349.480
-443760.200,-1172396.650,349.760
-443760.060,-1172397.000,349.745
-443759.900,-1172397.370,349.730
-443759.760,-1172397.720,349.720
-443759.620,-1172398.070,349.700
-443759.480,-1172398.410,349.680
-443759.330,-1172398.770,349.665
-443759.180,-1172399.140,349.650
-443759.030,-1172399.500,349.630
-443758.880,-1172399.870,349.620
-443758.730,-1172400.250,349.610
-443758.590,-1172400.580,349.600
-443758.440,-1172400.960,349.590
-443758.280,-1172401.330,349.580
-443758.140,-1172401.680,349.560
-443758.000,-1172402.030,349.560
-443757.850,-1172402.410,349.550
-443757.690,-1172402.780,349.540
-443757.540,-1172403.160,349.530
-443757.390,-1172403.520,349.510
-443757.230,-1172403.910,349.500
-443757.090,-1172404.260,349.490
-443756.940,-1172404.610,349.480
-443756.810,-1172404.940,349.470
-443760.090,-1172398.150,349.690
-443759.950,-1172398.510,349.680
-443759.790,-1172398.900,349.660
-443759.650,-1172399.230,349.640
-443759.500,-1172399.600,349.630
-443759.340,-1172399.980,349.620
-443759.200,-1172400.340,349.610
-443759.060,-1172400.680,349.590
-443758.900,-1172401.070,349.580
-443758.750,-1172401.440,349.570
-443758.600,-1172401.800,349.560
-443758.450,-1172402.170,349.550
-443758.290,-1172402.570,349.540
-443758.140,-1172402.920,349.530
-443758.000,-1172403.270,349.520
-443757.860,-1172403.600,349.510
-443757.700,-1172403.990,349.500
-443757.550,-1172404.370,349.490
-443757.420,-1172404.700,349.480
-443760.690,-1172396.700,349.750
-443760.530,-1172397.070,349.740
-443760.380,-1172397.440,349.730
-443760.240,-1172397.790,349.715
-443761.030,-1172396.640,349.760
-443760.900,-1172396.970,349.740
-443760.750,-1172397.330,349.730
-443760.600,-1172397.700,349.720
-443760.440,-1172398.070,349.690
-443760.290,-1172398.440,349.680
-443760.150,-1172398.800,349.660
-443760.000,-1172399.150,349.650
-443759.850,-1172399.530,349.630
-443759.700,-1172399.900,349.620
-443759.540,-1172400.280,349.610
-443759.380,-1172400.670,349.590
-443759.240,-1172401.030,349.580
-443759.090,-1172401.380,349.575
-443758.950,-1172401.740,349.560
-443758.810,-1172402.080,349.550
-443758.650,-1172402.460,349.540
-443758.500,-1172402.830,349.530
-443758.350,-1172403.190,349.520
-443758.200,-1172403.570,349.510
-443758.050,-1172403.930,349.500
-443757.900,-1172404.310,349.490
-443757.760,-1172404.650,349.480
-443757.620,-1172404.990,349.470
-443761.630,-1172396.490,349.755
-443761.490,-1172396.850,349.740
-443761.340,-1172397.210,349.730
-443761.190,-1172397.580,349.720
-443761.030,-1172397.960,349.700
-443760.870,-1172398.340,349.680
-443760.730,-1172398.710,349.660
-443760.580,-1172399.060,349.650
-443760.440,-1172399.420,349.640
-443760.290,-1172399.780,349.620
-443760.140,-1172400.150,349.610
-443759.990,-1172400.510,349.600
-443759.840,-1172400.870,349.590
-443759.690,-1172401.250,349.580
-443759.540,-1172401.620,349.565
-443759.390,-1172401.990,349.555
-443759.240,-1172402.340,349.540
-443759.090,-1172402.720,349.530
-443758.940,-1172403.070,349.520
-443758.790,-1172403.450,349.510
-443758.650,-1172403.800,349.500
-443758.500,-1172404.150,349.490
-443758.360,-1172404.500,349.480
-443758.220,-1172404.850,349.470
-443762.010,-1172396.570,349.750
-443761.930,-1172396.780,349.750
-443761.780,-1172397.150,349.740
-443761.640,-1172397.490,349.720
-443761.500,-1172397.840,349.710
-443761.350,-1172398.220,349.690
-443761.200,-1172398.580,349.670
-443761.040,-1172398.960,349.660
-443760.900,-1172399.300,349.640
-443760.750,-1172399.680,349.625
-443760.590,-1172400.060,349.610
-443760.440,-1172400.430,349.600
-443760.300,-1172400.780,349.590
-443760.140,-1172401.160,349.580
-443760.010,-1172401.500,349.570
-443759.850,-1172401.870,349.560
-443759.710,-1172402.220,349.550
-443759.570,-1172402.570,349.530
-443759.420,-1172402.930,349.530
-443759.280,-1172403.280,349.510
-443759.120,-1172403.660,349.510
-443758.980,-1172404.010,349.490
-443758.840,-1172404.350,349.480
-443758.690,-1172404.730,349.470
-443762.420,-1172396.750,349.750
-443762.270,-1172397.120,349.740
-443762.120,-1172397.470,349.720
-443761.980,-1172397.820,349.710
-443761.820,-1172398.210,349.690
-443761.660,-1172398.590,349.670
-443761.510,-1172398.960,349.650
-443761.370,-1172399.320,349.640
-443761.210,-1172399.700,349.620
-443761.070,-1172400.040,349.610
-443760.920,-1172400.400,349.600
-443760.770,-1172400.770,349.590
-443760.630,-1172401.130,349.570
-443760.490,-1172401.470,349.570
-443760.350,-1172401.810,349.560
-443760.190,-1172402.190,349.550
-443760.050,-1172402.550,349.540
-443759.910,-1172402.890,349.530
-443759.750,-1172403.270,349.520
-443759.610,-1172403.620,349.510
-443759.450,-1172404.000,349.490
-443759.310,-1172404.360,349.480
-443759.170,-1172404.710,349.470
-443762.730,-1172396.890,349.750
-443762.580,-1172397.240,349.730
-443762.430,-1172397.600,349.720
-443762.290,-1172397.960,349.700
-443762.130,-1172398.340,349.680
-443761.990,-1172398.700,349.660
-443761.840,-1172399.070,349.650
-443761.690,-1172399.420,349.630
-443761.550,-1172399.770,349.620
-443761.410,-1172400.120,349.610
-443761.110,-1172400.850,349.580
-443760.970,-1172401.200,349.570
-443760.820,-1172401.550,349.570
-443760.670,-1172401.920,349.560
-443760.530,-1172402.270,349.550
-443760.380,-1172402.640,349.530
-443760.230,-1172403.010,349.520
-443760.090,-1172403.360,349.510
-443759.940,-1172403.720,349.500
-443759.780,-1172404.100,349.490
-443759.630,-1172404.470,349.480
-443759.490,-1172404.820,349.470
-443763.460,-1172396.490,349.750
-443762.870,-1172396.530,349.760
-443760.510,-1172403.730,349.500
-443760.360,-1172404.090,349.490
-443760.210,-1172404.450,349.470
-443760.070,-1172404.800,349.470
-443763.310,-1172396.860,349.750
-443763.170,-1172397.200,349.730
-443763.030,-1172397.550,349.720
-443762.880,-1172397.910,349.700
-443762.730,-1172398.280,349.680
-443762.590,-1172398.630,349.670
-443762.440,-1172398.980,349.650
-443762.290,-1172399.350,349.630
-443762.150,-1172399.710,349.620
-443762.010,-1172400.040,349.610
-443761.860,-1172400.420,349.600
-443761.710,-1172400.780,349.590
-443761.560,-1172401.150,349.570
-443761.410,-1172401.520,349.570
-443761.260,-1172401.880,349.560
-443761.120,-1172402.230,349.550
-443760.970,-1172402.600,349.540
-443760.820,-1172402.960,349.520
-443760.660,-1172403.350,349.510
-443763.860,-1172396.640,349.750
-443763.720,-1172396.980,349.740
-443763.560,-1172397.360,349.720
-443763.420,-1172397.720,349.710
-443763.280,-1172398.060,349.690
-443763.120,-1172398.440,349.670
-443762.980,-1172398.800,349.650
-443762.820,-1172399.180,349.640
-443762.670,-1172399.550,349.620
-443762.530,-1172399.900,349.610
-443762.390,-1172400.250,349.600
-443762.240,-1172400.620,349.590
-443762.080,-1172400.990,349.580
-443761.940,-1172401.360,349.570
-443761.780,-1172401.740,349.560
-443761.630,-1172402.120,349.560
-443761.490,-1172402.460,349.550
-443761.350,-1172402.810,349.535
-443761.200,-1172403.170,349.520
-443761.050,-1172403.530,349.510
-443760.890,-1172403.910,349.495
-443760.750,-1172404.270,349.480
-443760.600,-1172404.640,349.470
-443764.470,-1172396.330,349.750
-443764.410,-1172396.480,349.745
-443764.250,-1172396.860,349.740
-443764.110,-1172397.210,349.720
-443763.970,-1172397.570,349.710
-443763.810,-1172397.960,349.690
-443763.660,-1172398.320,349.680
-443763.520,-1172398.660,349.660
-443763.370,-1172399.030,349.640
-443763.210,-1172399.430,349.620
-443763.060,-1172399.780,349.620
-443762.910,-1172400.150,349.600
-443762.760,-1172400.530,349.590
-443762.610,-1172400.890,349.580
-443762.470,-1172401.230,349.570
-443762.330,-1172401.580,349.560
-443762.180,-1172401.960,349.560
-443762.030,-1172402.330,349.550
-443761.890,-1172402.670,349.540
-443761.730,-1172403.050,349.530
-443761.570,-1172403.450,349.510
-443761.430,-1172403.790,349.500
-443761.290,-1172404.140,349.480
-443761.130,-1172404.520,349.470
-443761.000,-1172404.850,349.460
-443764.730,-1172396.630,349.740
-443764.590,-1172396.980,349.730
-443764.430,-1172397.360,349.720
-443764.280,-1172397.720,349.700
-443764.130,-1172398.100,349.690
-443763.980,-1172398.470,349.670
-443763.830,-1172398.850,349.640
-443763.680,-1172399.200,349.630
-443763.530,-1172399.560,349.620
-443763.390,-1172399.910,349.610
-443763.240,-1172400.280,349.600
-443763.090,-1172400.660,349.590
-443762.950,-1172401.000,349.580
-443762.790,-1172401.380,349.570
-443762.650,-1172401.740,349.560
-443762.490,-1172402.130,349.560
-443762.350,-1172402.480,349.550
-443762.190,-1172402.860,349.530
-443762.060,-1172403.190,349.520
-443761.900,-1172403.580,349.500
-443761.760,-1172403.930,349.490
-443761.610,-1172404.290,349.470
-443761.470,-1172404.620,349.470
-443765.300,-1172396.560,349.740
-443765.150,-1172396.920,349.730
-443764.990,-1172397.300,349.720
-443764.850,-1172397.660,349.700
-443764.710,-1172398.000,349.690
-443764.570,-1172398.340,349.670
-443764.420,-1172398.730,349.650
-443764.260,-1172399.110,349.630
-443764.110,-1172399.470,349.620
-443763.960,-1172399.840,349.610
-443763.800,-1172400.230,349.600
-443763.660,-1172400.580,349.590
-443763.520,-1172400.930,349.580
-443763.370,-1172401.300,349.570
-443763.220,-1172401.670,349.560
-443763.070,-1172402.030,349.560
-443762.930,-1172402.370,349.540
-443762.790,-1172402.720,349.540
-443762.640,-1172403.090,349.520
-443762.500,-1172403.420,349.510
-443762.200,-1172404.160,349.480
-443762.060,-1172404.510,349.470
-443765.860,-1172396.330,349.750
-443765.730,-1172396.650,349.740
-443765.580,-1172397.020,349.730
-443765.430,-1172397.390,349.720
-443765.280,-1172397.760,349.700
-443765.130,-1172398.120,349.680
-443764.980,-1172398.500,349.660
-443764.830,-1172398.880,349.640
-443764.680,-1172399.230,349.630
-443764.530,-1172399.610,349.620
-443764.390,-1172399.960,349.610
-443764.240,-1172400.320,349.600
-443764.090,-1172400.680,349.590
-443763.950,-1172401.020,349.580
-443763.810,-1172401.380,349.570
-443763.670,-1172401.720,349.560
-443763.520,-1172402.090,349.550
-443763.370,-1172402.450,349.540
-443763.230,-1172402.800,349.530
-443763.080,-1172403.180,349.520
-443762.930,-1172403.530,349.510
-443762.780,-1172403.910,349.500
-443762.630,-1172404.280,349.480
-443762.490,-1172404.610,349.470
-443766.300,-1172396.520,349.740
-443766.160,-1172396.890,349.730
-443766.000,-1172397.260,349.720
-443765.850,-1172397.650,349.700
-443765.710,-1172397.990,349.690
-443765.560,-1172398.350,349.670
-443765.410,-1172398.710,349.650
-443765.260,-1172399.090,349.640
-443765.120,-1172399.420,349.630
-443764.980,-1172399.790,349.610
-443764.830,-1172400.150,349.600
-443764.680,-1172400.510,349.590
-443764.540,-1172400.860,349.580
-443764.400,-1172401.210,349.570
-443764.250,-1172401.580,349.560
-443764.100,-1172401.940,349.550
-443763.960,-1172402.290,349.540
-443763.810,-1172402.660,349.540
-443763.650,-1172403.050,349.530
-443763.520,-1172403.370,349.520
-443763.370,-1172403.740,349.500
-443763.220,-1172404.110,349.490
-443763.060,-1172404.500,349.470
-443762.930,-1172404.820,349.470
-443766.910,-1172396.330,349.740
-443766.770,-1172396.660,349.730
-443766.630,-1172397.000,349.730
-443766.480,-1172397.370,349.710
-443766.340,-1172397.720,349.700
-443766.200,-1172398.080,349.680
-443766.050,-1172398.440,349.670
-443765.910,-1172398.780,349.650
-443765.760,-1172399.150,349.635
-443764.760,-1172403.160,349.520
-443764.610,-1172403.530,349.510
-443764.450,-1172403.920,349.490
-443764.300,-1172404.280,349.480
-443764.160,-1172404.620,349.470
-443765.620,-1172399.500,349.620
-443765.470,-1172399.850,349.610
-443765.320,-1172400.240,349.600
-443765.170,-1172400.590,349.590
-443765.020,-1172400.960,349.580
-443764.870,-1172401.330,349.570
-443764.740,-1172401.670,349.560
-443764.590,-1172402.030,349.550
-443764.440,-1172402.390,349.540
-443764.280,-1172402.780,349.530
-443764.140,-1172403.140,349.520
-443763.990,-1172403.510,349.510
-443763.830,-1172403.890,349.495
-443763.690,-1172404.250,349.480
-443763.550,-1172404.600,349.470
-443767.550,-1172396.300,349.730
-443767.410,-1172396.640,349.730
-443767.270,-1172396.980,349.720
-443767.110,-1172397.360,349.710
-443766.970,-1172397.720,349.700
-443766.830,-1172398.060,349.680
-443766.670,-1172398.460,349.660
-443766.530,-1172398.800,349.640
-443766.380,-1172399.170,349.630
-443766.230,-1172399.530,349.620
-443766.080,-1172399.890,349.610
-443765.940,-1172400.250,349.600
-443765.790,-1172400.610,349.590
-443765.640,-1172401.000,349.575
-443765.490,-1172401.360,349.570
-443765.340,-1172401.730,349.560
-443765.190,-1172402.100,349.550
-443765.040,-1172402.460,349.540
-443764.900,-1172402.820,349.530
-443764.960,-1172403.930,349.490
-443764.800,-1172404.310,349.470
-443764.670,-1172404.640,349.470
-443765.710,-1172403.180,349.510
-443765.550,-1172403.560,349.500
-443765.400,-1172403.930,349.490
-443765.260,-1172404.270,349.470
-443765.130,-1172404.600,349.460
-443768.090,-1172396.220,349.740
-443767.920,-1172396.630,349.730
-443767.780,-1172396.980,349.720
-443767.630,-1172397.340,349.710
-443767.480,-1172397.730,349.690
-443767.330,-1172398.090,349.670
-443767.190,-1172398.440,349.660
-443767.040,-1172398.800,349.640
-443766.890,-1172399.190,349.630
-443766.730,-1172399.570,349.610
-443766.580,-1172399.940,349.600
-443766.440,-1172400.290,349.590
-443766.290,-1172400.660,349.580
-443766.140,-1172401.020,349.570
-443766.000,-1172401.370,349.560
-443765.850,-1172401.730,349.560
-443765.700,-1172402.100,349.550
-443765.550,-1172402.460,349.540
-443765.410,-1172402.830,349.520
-443765.260,-1172403.200,349.510
-443765.100,-1172403.590,349.500
-443768.470,-1172396.370,349.750
-443768.370,-1172396.620,349.740
-443768.220,-1172396.980,349.720
-443768.070,-1172397.360,349.710
-443767.920,-1172397.720,349.700
-443767.770,-1172398.090,349.670
-443767.620,-1172398.470,349.660
-443767.330,-1172399.190,349.630
-443767.180,-1172399.550,349.610
-443767.030,-1172399.920,349.600
-443766.890,-1172400.270,349.590
-443766.740,-1172400.630,349.580
-443766.590,-1172401.000,349.570
-443766.440,-1172401.380,349.560
-443766.290,-1172401.740,349.550
-443766.140,-1172402.110,349.540
-443765.990,-1172402.480,349.530
-443765.850,-1172402.840,349.520
-443766.420,-1172402.280,349.540
-443766.280,-1172402.640,349.530
-443766.140,-1172402.980,349.520
-443765.840,-1172403.710,349.490
-443765.690,-1172404.070,349.480
-443765.550,-1172404.420,349.460
-443767.850,-1172400.080,349.590
-443767.700,-1172400.440,349.580
-443767.560,-1172400.790,349.570
-443767.410,-1172401.140,349.560
-443767.270,-1172401.490,349.555
-443767.120,-1172401.870,349.540
-443766.980,-1172402.220,349.540
-443766.840,-1172402.550,349.530
-443766.680,-1172402.940,349.520
-443766.550,-1172403.270,349.510
-443766.390,-1172403.670,349.490
-443766.240,-1172404.030,349.470
-443766.100,-1172404.380,349.460
-443768.770,-1172396.490,349.780
-443768.630,-1172396.840,349.750
-443768.480,-1172397.220,349.730
-443768.340,-1172397.560,349.700
-443768.190,-1172397.930,349.680
-443768.050,-1172398.270,349.670
-443767.890,-1172398.650,349.640
-443767.750,-1172399.020,349.630
-443767.610,-1172399.370,349.620
-443767.460,-1172399.730,349.600
-443767.300,-1172400.120,349.590
-443767.150,-1172400.480,349.580
-443767.010,-1172400.840,349.570
-443766.850,-1172401.220,349.560
-443766.710,-1172401.570,349.550
-443766.560,-1172401.940,349.540
-443768.890,-1172398.710,349.690
-443768.740,-1172399.080,349.660
-443768.600,-1172399.430,349.640
-443768.460,-1172399.780,349.610
-443768.880,-1172397.520,349.765
-443768.730,-1172397.890,349.710
-443768.580,-1172398.260,349.690
-443768.440,-1172398.620,349.660
-443768.290,-1172398.990,349.630
-443768.130,-1172399.370,349.620
-443767.990,-1172399.710,349.610
-443768.310,-1172400.130,349.600
-443768.160,-1172400.520,349.590
-443768.030,-1172400.840,349.580
-443767.880,-1172401.200,349.560
-443767.730,-1172401.570,349.550
-443767.580,-1172401.940,349.540
-443767.440,-1172402.300,349.530
-443767.280,-1172402.670,349.525
-443767.140,-1172403.020,349.510
-443767.000,-1172403.370,349.500
-443766.850,-1172403.750,349.480
-443766.700,-1172404.120,349.470
-443766.560,-1172404.470,349.460
-443769.050,-1172399.610,349.760
-443768.920,-1172399.940,349.640
-443768.770,-1172400.330,349.610
-443768.610,-1172400.710,349.590
-443768.470,-1172401.040,349.580
-443768.330,-1172401.390,349.560
-443768.180,-1172401.780,349.550
-443768.020,-1172402.160,349.530
-443767.880,-1172402.500,349.520
-443767.730,-1172402.870,349.510
-443767.570,-1172403.260,349.500
-443767.430,-1172403.610,349.480
-443767.290,-1172403.950,349.470
-443767.150,-1172404.310,349.460
-443767.010,-1172404.660,349.450
-443767.660,-1172404.180,349.465
-443767.520,-1172404.520,349.450
-443769.150,-1172401.920,349.780
-443769.010,-1172402.260,349.590
-443768.860,-1172402.620,349.540
-443768.710,-1172403.010,349.520
-443768.560,-1172403.370,349.500
-443768.410,-1172403.730,349.470
-443768.260,-1172404.090,349.460
-443768.120,-1172404.440,349.450
-443768.980,-1172400.910,349.660
-443768.830,-1172401.290,349.590
-443768.680,-1172401.650,349.570
-443768.540,-1172402.010,349.550
-443768.400,-1172402.360,349.540
-443768.250,-1172402.720,349.520
-443768.100,-1172403.080,349.500
-443767.950,-1172403.460,349.480
-443767.810,-1172403.800,349.470
-443769.150,-1172403.020,349.690
-443769.010,-1172403.370,349.530
-443768.870,-1172403.710,349.490
-443768.730,-1172404.060,349.470
-443768.590,-1172404.390,349.450
-443769.100,-1172404.110,349.500
-443768.960,-1172404.440,349.475
-443733.140,-1172409.130,350.470
-443733.400,-1172408.890,350.500
-443733.660,-1172408.650,350.500
-443733.950,-1172408.390,350.500
-443733.190,-1172408.530,350.480
-443733.490,-1172408.260,350.500
-443734.770,-1172409.940,350.480
-443735.060,-1172409.680,350.480
-443735.350,-1172409.420,350.470
-443735.620,-1172409.170,350.470
-443735.890,-1172408.930,350.460
-443736.160,-1172408.680,350.450
-443736.460,-1172408.410,350.440
-443736.740,-1172408.150,350.440
-443733.210,-1172410.920,350.500
-443733.480,-1172410.680,350.515
-443733.760,-1172410.420,350.520
-443734.050,-1172410.160,350.510
-443734.350,-1172409.890,350.490
-443734.620,-1172409.640,350.480
-443734.920,-1172409.370,350.480
-443735.220,-1172409.100,350.470
-443735.510,-1172408.840,350.460
-443735.780,-1172408.590,350.460
-443736.060,-1172408.340,350.440
-443736.370,-1172408.060,350.440
-443733.230,-1172410.440,350.490
-443733.510,-1172410.180,350.500
-443733.800,-1172409.920,350.510
-443734.060,-1172409.680,350.500
-443734.330,-1172409.430,350.490
-443734.620,-1172409.170,350.480
-443734.920,-1172408.900,350.470
-443735.200,-1172408.640,350.470
-443735.480,-1172408.390,350.460
-443735.790,-1172408.100,350.450
-443733.180,-1172410.080,350.480
-443733.440,-1172409.850,350.500
-443733.700,-1172409.610,350.510
-443733.990,-1172409.350,350.500
-443734.300,-1172409.070,350.490
-443734.590,-1172408.800,350.480
-443734.880,-1172408.530,350.470
-443735.170,-1172408.270,350.470
-443734.290,-1172408.650,350.490
-443734.560,-1172408.410,350.480
-443734.820,-1172408.170,350.470
-443733.430,-1172409.430,350.490
-443733.690,-1172409.190,350.500
-443733.980,-1172408.930,350.500
-443733.700,-1172412.100,350.525
-443733.980,-1172411.860,350.530
-443734.280,-1172411.580,350.530
-443734.570,-1172411.320,350.510
-443734.840,-1172411.070,350.500
-443735.130,-1172410.810,350.490
-443735.430,-1172410.540,350.480
-443735.710,-1172410.290,350.470
-443736.000,-1172410.020,350.470
-443736.300,-1172409.750,350.460
-443736.600,-1172409.480,350.460
-443736.870,-1172409.230,350.450
-443737.160,-1172408.970,350.440
-443737.430,-1172408.720,350.440
-443737.720,-1172408.460,350.440
-443738.020,-1172408.190,350.430
-443738.310,-1172407.930,350.430
-443735.170,-1172410.270,350.480
-443735.460,-1172410.000,350.470
-443735.750,-1172409.740,350.470
-443736.030,-1172409.490,350.460
-443736.310,-1172409.240,350.460
-443736.600,-1172408.970,350.450
-443736.900,-1172408.700,350.440
-443737.190,-1172408.440,350.440
-443737.480,-1172408.170,350.430
-443737.790,-1172407.900,350.430
-443733.480,-1172411.800,350.510
-443733.750,-1172411.560,350.530
-443734.050,-1172411.290,350.525
-443734.320,-1172411.040,350.510
-443734.590,-1172410.790,350.500
-443734.900,-1172410.520,350.490
-443735.100,-1172409.970,350.480
-443735.410,-1172409.690,350.470
-443735.670,-1172409.460,350.470
-443735.950,-1172409.200,350.460
-443736.250,-1172408.920,350.450
-443736.520,-1172408.680,350.440
-443736.810,-1172408.420,350.440
-443737.110,-1172408.140,350.430
-443733.440,-1172411.480,350.510
-443733.700,-1172411.240,350.530
-443733.990,-1172410.980,350.520
-443734.280,-1172410.720,350.510
-443734.560,-1172410.460,350.500
-443734.830,-1172410.220,350.490
-443733.360,-1172411.220,350.510
-443733.630,-1172410.980,350.520
-443733.920,-1172410.710,350.520
-443734.210,-1172410.450,350.510
-443734.500,-1172410.190,350.490
-443735.450,-1172412.070,350.510
-443735.730,-1172411.820,350.500
-443736.000,-1172411.570,350.500
-443736.280,-1172411.320,350.490
-443736.570,-1172411.050,350.480
-443736.850,-1172410.800,350.470
-443737.140,-1172410.540,350.470
-443737.420,-1172410.280,350.460
-443737.690,-1172410.040,350.460
-443737.980,-1172409.770,350.460
-443738.260,-1172409.520,350.450
-443738.540,-1172409.260,350.450
-443738.840,-1172408.990,350.440
-443739.120,-1172408.740,350.440
-443739.410,-1172408.480,350.430
-443739.700,-1172408.210,350.425
-443739.980,-1172407.960,350.420
-443740.270,-1172407.700,350.420
-443734.890,-1172412.050,350.520
-443735.190,-1172411.780,350.510
-443735.480,-1172411.520,350.500
-443735.740,-1172411.280,350.490
-443736.040,-1172411.010,350.480
-443736.350,-1172410.730,350.470
-443736.640,-1172410.460,350.470
-443736.900,-1172410.230,350.460
-443737.210,-1172409.950,350.460
-443737.480,-1172409.700,350.460
-443737.780,-1172409.430,350.450
-443738.050,-1172409.190,350.450
-443738.340,-1172408.930,350.440
-443738.610,-1172408.670,350.440
-443738.880,-1172408.430,350.430
-443739.180,-1172408.160,350.420
-443739.460,-1172407.900,350.420
-443734.130,-1172412.240,350.530
-443734.430,-1172411.970,350.530
-443734.710,-1172411.720,350.520
-443735.000,-1172411.460,350.500
-443735.290,-1172411.190,350.500
-443735.590,-1172410.920,350.480
-443735.880,-1172410.660,350.480
-443736.150,-1172410.420,350.470
-443736.430,-1172410.160,350.470
-443736.710,-1172409.910,350.460
-443737.020,-1172409.620,350.460
-443737.290,-1172409.380,350.450
-443737.580,-1172409.110,350.450
-443737.880,-1172408.840,350.440
-443738.170,-1172408.580,350.440
-443738.450,-1172408.320,350.430
-443738.750,-1172408.060,350.420
-443739.040,-1172407.790,350.420
-443741.340,-1172408.380,350.440
-443741.640,-1172408.110,350.440
-443741.920,-1172407.850,350.440
-443742.230,-1172407.570,350.440
-443736.810,-1172412.070,350.510
-443737.080,-1172411.830,350.500
-443737.360,-1172411.570,350.490
-443737.660,-1172411.300,350.480
-443737.920,-1172411.060,350.480
-443738.210,-1172410.800,350.480
-443738.500,-1172410.540,350.470
-443738.800,-1172410.260,350.470
-443739.100,-1172409.990,350.470
-443739.390,-1172409.740,350.450
-443739.680,-1172409.470,350.450
-443740.230,-1172408.970,350.440
-443740.510,-1172408.710,350.435
-443740.810,-1172408.440,350.430
-443741.110,-1172408.170,350.430
-443741.390,-1172407.910,350.430
-443741.690,-1172407.650,350.440
-443738.730,-1172409.720,350.460
-443739.280,-1172409.210,350.440
-443739.560,-1172408.960,350.440
-443739.870,-1172408.680,350.430
-443740.160,-1172408.420,350.430
-443740.450,-1172408.160,350.430
-443740.760,-1172407.870,350.430
-443736.170,-1172412.040,350.510
-443736.460,-1172411.770,350.500
-443736.730,-1172411.530,350.490
-443737.000,-1172411.290,350.490
-443737.280,-1172411.030,350.480
-443737.570,-1172410.760,350.470
-443737.860,-1172410.510,350.470
-443738.150,-1172410.240,350.470
-443738.420,-1172410.000,350.470
-443738.440,-1172411.880,350.480
-443738.740,-1172411.610,350.480
-443739.010,-1172411.370,350.480
-443739.290,-1172411.120,350.480
-443739.570,-1172410.860,350.470
-443739.870,-1172410.590,350.470
-443740.160,-1172410.330,350.460
-443740.430,-1172410.080,350.460
-443737.790,-1172411.970,350.500
-443738.060,-1172411.730,350.490
-443738.340,-1172411.480,350.480
-443738.620,-1172411.220,350.480
-443738.920,-1172410.950,350.480
-443739.210,-1172410.690,350.470
-443739.490,-1172410.430,350.470
-443739.780,-1172410.170,350.460
-443740.070,-1172409.910,350.450
-443740.360,-1172409.650,350.450
-443740.640,-1172409.380,350.450
-443740.930,-1172409.120,350.450
-443741.230,-1172408.860,350.450
-443741.500,-1172408.610,350.450
-443741.790,-1172408.350,350.440
-443742.060,-1172408.100,350.450
-443742.350,-1172407.840,350.450
-443742.640,-1172407.580,350.450
-443737.310,-1172412.030,350.500
-443737.610,-1172411.760,350.500
-443737.890,-1172411.500,350.480
-443738.180,-1172411.240,350.480
-443738.470,-1172410.980,350.480
-443738.760,-1172410.720,350.480
-443739.050,-1172410.460,350.470
-443739.310,-1172410.210,350.470
-443739.600,-1172409.950,350.450
-443739.900,-1172409.680,350.450
-443740.170,-1172409.440,350.450
-443740.470,-1172409.170,350.440
-443740.770,-1172408.890,350.440
-443741.080,-1172408.620,350.440
-443743.560,-1172408.550,350.460
-443743.810,-1172408.330,350.460
-443744.090,-1172408.070,350.460
-443744.380,-1172407.810,350.450
-443744.660,-1172407.550,350.450
-443739.360,-1172411.920,350.480
-443739.650,-1172411.660,350.480
-443739.920,-1172411.410,350.480
-443740.220,-1172411.140,350.480
-443740.510,-1172410.880,350.470
-443740.790,-1172410.620,350.470
-443741.080,-1172410.360,350.460
-443741.370,-1172410.100,350.460
-443741.660,-1172409.840,350.460
-443741.960,-1172409.570,350.460
-443742.270,-1172409.290,350.460
-443742.550,-1172409.030,350.460
-443742.820,-1172408.780,350.460
-443743.120,-1172408.520,350.460
-443743.390,-1172408.270,350.460
-443743.980,-1172407.740,350.460
-443744.260,-1172407.480,350.460
-443738.990,-1172411.860,350.480
-443739.240,-1172411.630,350.480
-443739.520,-1172411.380,350.480
-443739.790,-1172411.130,350.470
-443740.090,-1172410.860,350.470
-443740.360,-1172410.620,350.460
-443740.640,-1172410.360,350.460
-443740.940,-1172410.090,350.460
-443741.220,-1172409.830,350.460
-443741.520,-1172409.560,350.460
-443741.810,-1172409.300,350.450
-443742.090,-1172409.050,350.450
-443742.370,-1172408.790,350.450
-443742.660,-1172408.530,350.460
-443742.960,-1172408.260,350.460
-443743.260,-1172407.990,350.460
-443743.570,-1172407.710,350.460
-443743.860,-1172407.440,350.460
-443740.700,-1172409.840,350.450
-443740.980,-1172409.580,350.450
-443741.300,-1172409.290,350.450
-443741.550,-1172409.070,350.450
-443741.830,-1172408.810,350.450
-443742.140,-1172408.530,350.450
-443742.410,-1172408.290,350.450
-443743.010,-1172407.740,350.460
-443743.290,-1172407.480,350.460
-443741.000,-1172411.910,350.490
-443741.290,-1172411.640,350.490
-443741.580,-1172411.380,350.480
-443741.870,-1172411.120,350.480
-443742.140,-1172410.870,350.480
-443742.440,-1172410.600,350.480
-443742.710,-1172410.350,350.480
-443743.020,-1172410.070,350.480
-443743.290,-1172409.830,350.485
-443743.570,-1172409.570,350.480
-443743.860,-1172409.310,350.480
-443744.130,-1172409.070,350.470
-443744.420,-1172408.800,350.460
-443744.700,-1172408.550,350.460
-443744.990,-1172408.290,350.450
-443745.550,-1172407.790,350.440
-443745.840,-1172407.520,350.430
-443746.130,-1172407.250,350.420
-443740.580,-1172411.780,350.490
-443740.860,-1172411.530,350.490
-443741.130,-1172411.290,350.480
-443741.420,-1172411.020,350.480
-443741.710,-1172410.750,350.470
-443741.990,-1172410.510,350.470
-443742.320,-1172410.210,350.470
-443742.640,-1172409.910,350.470
-443742.870,-1172409.710,350.470
-443743.170,-1172409.440,350.470
-443743.450,-1172409.170,350.470
-443743.740,-1172408.920,350.470
-443744.030,-1172408.650,350.460
-443744.210,-1172408.490,350.460
-443744.820,-1172407.930,350.440
-443745.130,-1172407.650,350.440
-443745.440,-1172407.380,350.430
-443739.780,-1172411.980,350.490
-443740.040,-1172411.740,350.480
-443740.330,-1172411.480,350.480
-443740.620,-1172411.220,350.480
-443740.920,-1172410.950,350.480
-443741.210,-1172410.680,350.470
-443741.500,-1172410.420,350.465
-443741.780,-1172410.160,350.470
-443742.050,-1172409.920,350.460
-443742.330,-1172409.670,350.460
-443742.640,-1172409.390,350.460
-443742.920,-1172409.130,350.460
-443743.210,-1172408.870,350.460
-443746.000,-1172408.190,350.440
-443746.280,-1172407.940,350.430
-443746.580,-1172407.660,350.420
-443746.850,-1172407.420,350.420
-443747.140,-1172407.160,350.420
-443741.990,-1172411.820,350.490
-443742.280,-1172411.560,350.490
-443742.560,-1172411.310,350.490
-443742.840,-1172411.050,350.490
-443743.140,-1172410.780,350.490
-443743.420,-1172410.530,350.490
-443743.700,-1172410.270,350.500
-443743.990,-1172410.010,350.490
-443744.290,-1172409.740,350.480
-443744.570,-1172409.480,350.470
-443744.860,-1172409.220,350.460
-443745.160,-1172408.950,350.450
-443745.430,-1172408.700,350.450
-443741.500,-1172411.880,350.500
-443741.770,-1172411.640,350.490
-443742.040,-1172411.390,350.480
-443742.320,-1172411.140,350.480
-443742.580,-1172410.910,350.480
-443742.880,-1172410.630,350.480
-443743.170,-1172410.370,350.490
-443743.450,-1172410.110,350.490
-443743.740,-1172409.850,350.490
-443744.020,-1172409.600,350.485
-443744.320,-1172409.330,350.470
-443744.590,-1172409.080,350.465
-443744.870,-1172408.830,350.460
-443745.150,-1172408.570,350.450
-443745.450,-1172408.300,350.440
-443745.740,-1172408.040,350.440
-443746.030,-1172407.780,350.430
-443746.330,-1172407.510,350.430
-443746.620,-1172407.240,350.420
-443743.110,-1172411.830,350.510
-443743.370,-1172411.590,350.510
-443743.650,-1172411.340,350.510
-443743.940,-1172411.070,350.510
-443744.240,-1172410.800,350.510
-443744.520,-1172410.560,350.500
-443744.810,-1172410.290,350.490
-443745.100,-1172410.030,350.480
-443745.380,-1172409.770,350.470
-443745.670,-1172409.510,350.460
-443745.970,-1172409.240,350.450
-443746.240,-1172409.000,350.450
-443746.530,-1172408.730,350.440
-443746.680,-1172408.590,350.440
-443747.080,-1172408.230,350.430
-443747.350,-1172407.990,350.420
-443747.630,-1172407.740,350.420
-443747.940,-1172407.460,350.420
-443748.220,-1172407.200,350.420
-443742.970,-1172411.430,350.500
-443743.260,-1172411.170,350.500
-443743.550,-1172410.900,350.500
-443743.850,-1172410.630,350.500
-443744.160,-1172410.350,350.500
-443744.420,-1172410.110,350.490
-443744.690,-1172409.870,350.480
-443744.980,-1172409.610,350.470
-443745.270,-1172409.340,350.460
-443745.560,-1172409.080,350.450
-443745.840,-1172408.830,350.450
-443746.190,-1172408.510,350.440
-443746.470,-1172408.260,350.430
-443746.710,-1172408.040,350.430
-443746.990,-1172407.790,350.420
-443747.290,-1172407.520,350.420
-443747.560,-1172407.270,350.420
-443742.680,-1172411.690,350.500
-443745.710,-1172408.450,350.440
-443746.130,-1172410.570,350.490
-443746.400,-1172410.330,350.480
-443746.680,-1172410.080,350.480
-443746.980,-1172409.800,350.460
-443747.270,-1172409.540,350.460
-443747.570,-1172409.270,350.450
-443747.840,-1172409.020,350.450
-443748.140,-1172408.750,350.440
-443748.430,-1172408.490,350.430
-443748.700,-1172408.240,350.420
-443748.980,-1172408.000,350.420
-443749.260,-1172407.740,350.420
-443749.570,-1172407.460,350.415
-443749.840,-1172407.210,350.410
-443750.120,-1172406.960,350.410
-443744.360,-1172411.650,350.520
-443744.680,-1172411.360,350.510
-443744.950,-1172411.120,350.500
-443745.200,-1172410.900,350.500
-443745.460,-1172410.660,350.490
-443745.750,-1172410.400,350.480
-443746.020,-1172410.150,350.480
-443746.300,-1172409.900,350.470
-443746.600,-1172409.620,350.460
-443746.870,-1172409.380,350.450
-443747.150,-1172409.120,350.450
-443747.460,-1172408.850,350.440
-443747.730,-1172408.600,350.440
-443748.010,-1172408.340,350.430
-443748.300,-1172408.080,350.420
-443748.610,-1172407.810,350.420
-443748.910,-1172407.530,350.420
-443749.190,-1172407.280,350.415
-443749.480,-1172407.010,350.410
-443743.990,-1172411.520,350.520
-443744.280,-1172411.260,350.510
-443744.530,-1172411.030,350.510
-443744.820,-1172410.770,350.500
-443745.100,-1172410.510,350.490
-443745.410,-1172410.240,350.480
-443745.670,-1172410.010,350.470
-443745.950,-1172409.750,350.460
-443746.230,-1172409.490,350.450
-443746.500,-1172409.250,350.450
-443746.790,-1172408.990,350.440
-443747.070,-1172408.730,350.440
-443747.350,-1172408.480,350.430
-443747.640,-1172408.220,350.420
-443747.910,-1172407.980,350.420
-443748.220,-1172407.690,350.420
-443748.530,-1172407.410,350.420
-443748.780,-1172407.180,350.420
-443750.680,-1172407.390,350.420
-443750.960,-1172407.140,350.420
-443751.230,-1172406.890,350.420
-443745.530,-1172411.650,350.520
-443745.800,-1172411.410,350.510
-443746.080,-1172411.160,350.500
-443746.380,-1172410.890,350.500
-443746.660,-1172410.630,350.480
-443746.960,-1172410.360,350.480
-443747.260,-1172410.090,350.470
-443747.540,-1172409.840,350.465
-443747.800,-1172409.600,350.460
-443748.080,-1172409.340,350.460
-443748.360,-1172409.090,350.450
-443748.670,-1172408.810,350.445
-443748.940,-1172408.570,350.440
-443749.240,-1172408.300,350.430
-443749.530,-1172408.040,350.420
-443749.820,-1172407.770,350.420
-443750.110,-1172407.510,350.420
-443750.400,-1172407.250,350.420
-443750.670,-1172407.000,350.410
-443744.970,-1172411.620,350.520
-443745.270,-1172411.350,350.510
-443745.540,-1172411.110,350.500
-443745.820,-1172410.850,350.490
-443746.470,-1172411.680,350.510
-443746.770,-1172411.410,350.510
-443747.060,-1172411.150,350.500
-443747.350,-1172410.890,350.490
-443747.630,-1172410.640,350.490
-443747.930,-1172410.360,350.480
-443748.210,-1172410.110,350.480
-443748.490,-1172409.850,350.480
-443748.730,-1172409.640,350.470
-443749.040,-1172409.350,350.470
-443749.300,-1172409.120,350.460
-443749.590,-1172408.860,350.450
-443749.890,-1172408.590,350.440
-443750.160,-1172408.350,350.440
-443750.430,-1172408.100,350.440
-443750.730,-1172407.820,350.430
-443751.020,-1172407.570,350.430
-443751.310,-1172407.300,350.430
-443751.600,-1172407.040,350.430
-443751.870,-1172406.790,350.430
-443746.140,-1172411.500,350.510
-443746.420,-1172411.250,350.500
-443746.680,-1172411.020,350.500
-443746.960,-1172410.760,350.490
-443747.270,-1172410.480,350.480
-443747.540,-1172410.240,350.480
-443747.840,-1172409.970,350.470
-443748.130,-1172409.700,350.470
-443748.420,-1172409.440,350.465
-443748.710,-1172409.180,350.460
-443748.990,-1172408.920,350.450
-443749.260,-1172408.680,350.440
-443749.560,-1172408.400,350.430
-443750.390,-1172407.660,350.420
-443749.340,-1172409.590,350.470
-443749.650,-1172409.310,350.470
-443749.920,-1172409.070,350.460
-443750.220,-1172408.800,350.450
-443750.510,-1172408.530,350.445
-443750.790,-1172408.280,350.440
-443751.050,-1172408.040,350.440
-443751.350,-1172407.770,350.430
-443751.650,-1172407.500,350.430
-443751.960,-1172407.220,350.430
-443752.240,-1172406.970,350.440
-443752.540,-1172406.700,350.440
-443747.110,-1172411.610,350.520
-443747.410,-1172411.340,350.510
-443747.630,-1172411.140,350.500
-443747.930,-1172410.860,350.500
-443748.180,-1172410.640,350.490
-443748.510,-1172410.340,350.490
-443748.800,-1172410.080,350.490
-443749.070,-1172409.840,350.480
-443748.440,-1172411.450,350.520
-443748.740,-1172411.170,350.515
-443749.020,-1172410.930,350.500
-443749.300,-1172410.670,350.500
-443749.600,-1172410.400,350.490
-443749.900,-1172410.120,350.490
-443750.180,-1172409.880,350.480
-443750.450,-1172409.630,350.470
-443750.720,-1172409.380,350.470
-443751.030,-1172409.110,350.460
-443751.320,-1172408.840,350.460
-443751.590,-1172408.600,350.460
-443751.890,-1172408.330,350.450
-443752.190,-1172408.050,350.450
-443752.480,-1172407.790,350.450
-443752.750,-1172407.540,350.450
-443753.060,-1172407.270,350.450
-443753.340,-1172407.010,350.460
-443753.630,-1172406.750,350.460
-443747.960,-1172411.430,350.515
-443748.230,-1172411.180,350.510
-443748.530,-1172410.910,350.500
-443748.800,-1172410.670,350.500
-443749.090,-1172410.400,350.500
-443749.390,-1172410.140,350.490
-443749.670,-1172409.880,350.480
-443749.950,-1172409.630,350.470
-443750.240,-1172409.360,350.470
-443750.530,-1172409.100,350.460
-443750.820,-1172408.830,350.455
-443751.120,-1172408.560,350.450
-443751.410,-1172408.310,350.450
-443751.700,-1172408.040,350.440
-443751.970,-1172407.800,350.440
-443752.240,-1172407.550,350.440
-443752.540,-1172407.280,350.440
-443752.840,-1172407.010,350.450
-443753.120,-1172406.760,350.450
-443752.350,-1172408.920,350.470
-443752.620,-1172408.680,350.470
-443749.130,-1172411.340,350.520
-443749.400,-1172411.090,350.510
-443749.670,-1172410.850,350.500
-443749.960,-1172410.580,350.500
-443750.250,-1172410.320,350.490
-443750.530,-1172410.070,350.480
-443750.810,-1172409.820,350.480
-443751.110,-1172409.540,350.470
-443751.410,-1172409.270,350.470
-443751.680,-1172409.020,350.460
-443751.980,-1172408.760,350.460
-443752.250,-1172408.510,350.460
-443752.550,-1172408.240,350.460
-443752.820,-1172408.000,350.460
-443753.100,-1172407.740,350.460
-443753.390,-1172407.480,350.460
-443753.660,-1172407.230,350.465
-443753.960,-1172406.960,350.470
-443754.250,-1172406.700,350.470
-443752.920,-1172408.410,350.460
-443753.200,-1172408.150,350.465
-443753.480,-1172407.900,350.470
-443753.770,-1172407.640,350.470
-443754.070,-1172407.370,350.470
-443754.370,-1172407.100,350.480
-443754.640,-1172406.850,350.480
-443749.510,-1172411.490,350.520
-443749.810,-1172411.220,350.510
-443750.100,-1172410.960,350.500
-443750.380,-1172410.710,350.500
-443750.650,-1172410.460,350.490
-443750.960,-1172410.190,350.490
-443751.240,-1172409.930,350.480
-443751.530,-1172409.670,350.480
-443751.800,-1172409.420,350.480
-443752.090,-1172409.160,350.470
-443754.400,-1172407.970,350.480
-443754.660,-1172407.740,350.480
-443750.270,-1172411.380,350.510
-443750.550,-1172411.130,350.505
-443750.840,-1172410.860,350.500
-443751.130,-1172410.600,350.490
-443751.650,-1172410.120,350.490
-443751.950,-1172409.850,350.490
-443752.230,-1172409.600,350.490
-443752.500,-1172409.360,350.490
-443752.790,-1172409.100,350.480
-443753.080,-1172408.840,350.480
-443753.360,-1172408.580,350.470
-443753.660,-1172408.310,350.470
-443753.940,-1172408.050,350.480
-443754.220,-1172407.800,350.480
-443754.520,-1172407.520,350.480
-443754.720,-1172407.350,350.480
-443751.150,-1172411.280,350.505
-443751.410,-1172411.040,350.505
-443751.690,-1172410.780,350.510
-443751.970,-1172410.530,350.500
-443752.290,-1172410.240,350.490
-443752.570,-1172409.980,350.490
-443752.870,-1172409.710,350.490
-443753.160,-1172409.450,350.490
-443753.440,-1172409.200,350.490
-443753.710,-1172408.960,350.490
-443754.000,-1172408.690,350.490
-443754.300,-1172408.420,350.480
-443754.610,-1172408.140,350.480
-443750.660,-1172411.360,350.510
-443750.950,-1172411.100,350.500
-443751.210,-1172410.860,350.500
-443751.480,-1172410.610,350.500
-443751.760,-1172410.360,350.500
-443752.060,-1172410.090,350.490
-443752.350,-1172409.830,350.490
-443752.630,-1172409.580,350.490
-443752.920,-1172409.320,350.490
-443753.210,-1172409.050,350.490
-443753.490,-1172408.800,350.485
-443753.790,-1172408.530,350.490
-443754.100,-1172408.250,350.480
-443751.460,-1172411.380,350.510
-443751.740,-1172411.120,350.510
-443752.010,-1172410.870,350.510
-443752.290,-1172410.620,350.510
-443752.550,-1172410.380,350.500
-443752.870,-1172410.100,350.490
-443753.160,-1172409.830,350.500
-443753.430,-1172409.590,350.500
-443753.750,-1172409.300,350.500
-443753.970,-1172409.100,350.500
-443754.320,-1172408.780,350.500
-443754.600,-1172408.530,350.490
-443753.270,-1172411.050,350.520
-443753.550,-1172410.800,350.520
-443753.810,-1172410.560,350.520
-443754.100,-1172410.300,350.520
-443754.390,-1172410.040,350.515
-443754.690,-1172409.770,350.510
-443752.570,-1172411.210,350.520
-443752.870,-1172410.940,350.520
-443753.150,-1172410.680,350.510
-443753.420,-1172410.440,350.510
-443753.690,-1172410.200,350.510
-443753.980,-1172409.930,350.510
-443754.280,-1172409.660,350.510
-443754.550,-1172409.420,350.510
-443754.760,-1172409.230,350.510
-443752.120,-1172411.260,350.520
-443752.690,-1172410.740,350.510
-443752.980,-1172410.480,350.510
-443753.260,-1172410.230,350.500
-443753.570,-1172409.950,350.505
-443753.840,-1172409.700,350.510
-443754.120,-1172409.440,350.510
-443754.420,-1172409.180,350.500
-443754.700,-1172408.930,350.500
-443753.470,-1172411.380,350.530
-443753.740,-1172411.130,350.525
-443754.030,-1172410.870,350.520
-443754.290,-1172410.630,350.520
-443754.580,-1172410.370,350.520
-443754.730,-1172410.230,350.510
-443754.670,-1172410.290,350.520
-443754.240,-1172411.250,350.520
-443754.530,-1172410.990,350.520
-443754.820,-1172410.730,350.520
-443754.770,-1172410.780,350.530
-443754.730,-1172411.120,350.520
-443754.790,-1172411.060,350.525
-443732.680,-1172397.720,350.520
-443732.580,-1172398.400,350.510
-443732.620,-1172398.370,350.510
-443732.930,-1172398.090,350.510
-443733.150,-1172397.880,350.510
-443733.150,-1172397.880,350.510
-443732.760,-1172398.830,350.510
-443733.030,-1172398.590,350.510
-443733.320,-1172398.330,350.510
-443733.600,-1172398.070,350.510
-443733.870,-1172397.830,350.500
-443733.310,-1172398.330,350.510
-443733.740,-1172397.940,350.500
-443733.100,-1172398.960,350.505
-443733.330,-1172398.760,350.510
-443733.620,-1172398.490,350.510
-443733.900,-1172398.230,350.500
-443734.190,-1172397.980,350.500
-443734.450,-1172397.740,350.500
-443733.570,-1172398.540,350.510
-443733.850,-1172398.280,350.500
-443734.140,-1172398.020,350.500
-443732.790,-1172399.710,350.480
-443733.050,-1172399.480,350.500
-443733.350,-1172399.200,350.500
-443733.620,-1172398.960,350.500
-443733.920,-1172398.690,350.500
-443734.200,-1172398.430,350.500
-443734.500,-1172398.160,350.490
-443734.770,-1172397.910,350.490
-443734.980,-1172397.720,350.490
-443732.830,-1172400.160,350.480
-443733.130,-1172399.880,350.490
-443733.410,-1172399.630,350.500
-443733.680,-1172399.380,350.490
-443733.970,-1172399.120,350.490
-443734.280,-1172398.840,350.490
-443734.570,-1172398.570,350.490
-443734.850,-1172398.320,350.490
-443735.170,-1172398.030,350.490
-443735.450,-1172397.770,350.490
-443735.600,-1172397.630,350.490
-443733.040,-1172400.420,350.490
-443733.340,-1172400.140,350.490
-443733.620,-1172399.890,350.490
-443733.930,-1172399.610,350.490
-443734.200,-1172399.370,350.480
-443734.480,-1172399.110,350.490
-443734.760,-1172398.860,350.490
-443735.060,-1172398.590,350.490
-443735.350,-1172398.320,350.490
-443735.630,-1172398.070,350.480
-443735.920,-1172397.800,350.485
-443735.600,-1172398.090,350.490
-443732.970,-1172400.760,350.480
-443733.250,-1172400.510,350.490
-443733.510,-1172400.270,350.490
-443733.790,-1172400.010,350.490
-443734.100,-1172399.730,350.480
-443734.380,-1172399.480,350.480
-443734.640,-1172399.240,350.480
-443735.260,-1172398.680,350.480
-443735.530,-1172398.430,350.480
-443735.830,-1172398.170,350.490
-443736.120,-1172397.900,350.480
-443736.390,-1172397.650,350.480
-443733.020,-1172401.120,350.490
-443733.310,-1172400.860,350.500
-443733.600,-1172400.600,350.490
-443733.880,-1172400.340,350.480
-443734.170,-1172400.080,350.480
-443734.470,-1172399.810,350.470
-443734.730,-1172399.570,350.470
-443735.030,-1172399.300,350.470
-443735.280,-1172399.070,350.470
-443735.520,-1172398.850,350.480
-443735.870,-1172398.530,350.480
-443736.150,-1172398.280,350.480
-443736.450,-1172398.000,350.480
-443736.730,-1172397.750,350.470
-443736.930,-1172397.570,350.480
-443736.660,-1172397.820,350.470
-443732.840,-1172401.770,350.480
-443733.120,-1172401.520,350.490
-443733.400,-1172401.270,350.490
-443733.660,-1172401.030,350.490
-443733.960,-1172400.760,350.480
-443734.520,-1172400.250,350.470
-443734.780,-1172400.010,350.460
-443735.070,-1172399.750,350.460
-443735.380,-1172399.460,350.470
-443735.640,-1172399.230,350.470
-443735.920,-1172398.970,350.470
-443736.220,-1172398.700,350.470
-443736.510,-1172398.440,350.470
-443736.800,-1172398.170,350.470
-443737.100,-1172397.900,350.470
-443737.380,-1172397.650,350.470
-443737.520,-1172397.520,350.470
-443736.760,-1172398.210,350.470
-443737.040,-1172397.950,350.470
-443737.290,-1172397.730,350.470
-443732.880,-1172402.230,350.480
-443733.120,-1172402.020,350.500
-443733.450,-1172401.720,350.500
-443733.760,-1172401.430,350.490
-443733.950,-1172401.260,350.480
-443734.250,-1172400.990,350.470
-443734.520,-1172400.740,350.470
-443734.800,-1172400.490,350.460
-443735.090,-1172400.230,350.460
-443735.380,-1172399.970,350.450
-443735.660,-1172399.710,350.460
-443735.960,-1172399.430,350.460
-443736.250,-1172399.180,350.460
-443736.530,-1172398.920,350.460
-443736.810,-1172398.660,350.460
-443737.110,-1172398.390,350.460
-443737.410,-1172398.120,350.460
-443737.710,-1172397.840,350.470
-443737.970,-1172397.620,350.470
-443737.700,-1172397.850,350.470
-443737.850,-1172397.720,350.470
-443732.850,-1172402.670,350.480
-443733.120,-1172402.420,350.500
-443733.390,-1172402.180,350.500
-443733.670,-1172401.930,350.500
-443733.950,-1172401.670,350.485
-443734.260,-1172401.390,350.480
-443734.810,-1172400.890,350.460
-443735.090,-1172400.630,350.450
-443735.390,-1172400.360,350.450
-443735.680,-1172400.100,350.450
-443735.980,-1172399.830,350.450
-443736.290,-1172399.550,350.450
-443736.570,-1172399.290,350.450
-443736.850,-1172399.040,350.450
-443737.130,-1172398.780,350.460
-443737.420,-1172398.520,350.460
-443737.710,-1172398.250,350.460
-443738.000,-1172397.990,350.470
-443738.300,-1172397.720,350.470
-443738.530,-1172397.510,350.480
-443737.990,-1172398.000,350.465
-443738.250,-1172397.770,350.470
-443732.870,-1172403.030,350.490
-443733.160,-1172402.760,350.500
-443733.430,-1172402.520,350.500
-443733.700,-1172402.270,350.500
-443733.990,-1172402.010,350.485
-443734.280,-1172401.740,350.480
-443734.570,-1172401.480,350.470
-443734.870,-1172401.210,350.460
-443735.170,-1172400.940,350.450
-443735.450,-1172400.690,350.450
-443735.720,-1172400.440,350.445
-443735.990,-1172400.200,350.440
-443736.290,-1172399.920,350.440
-443736.590,-1172399.650,350.450
-443736.860,-1172399.410,350.450
-443737.170,-1172399.120,350.450
-443737.460,-1172398.850,350.450
-443737.760,-1172398.580,350.450
-443738.040,-1172398.330,350.460
-443738.340,-1172398.060,350.470
-443738.630,-1172397.800,350.470
-443738.900,-1172397.550,350.480
-443738.020,-1172398.350,350.460
-443738.230,-1172398.150,350.460
-443738.560,-1172397.860,350.470
-443732.920,-1172403.450,350.490
-443733.200,-1172403.200,350.510
-443733.480,-1172402.950,350.510
-443733.760,-1172402.690,350.500
-443734.070,-1172402.410,350.480
-443734.340,-1172402.160,350.480
-443734.610,-1172401.920,350.470
-443734.880,-1172401.680,350.460
-443735.190,-1172401.390,350.450
-443735.470,-1172401.140,350.450
-443735.740,-1172400.890,350.445
-443736.060,-1172400.600,350.440
-443736.350,-1172400.340,350.440
-443736.640,-1172400.080,350.440
-443736.910,-1172399.830,350.440
-443737.220,-1172399.550,350.440
-443737.490,-1172399.300,350.450
-443737.780,-1172399.040,350.450
-443738.060,-1172398.790,350.450
-443738.360,-1172398.520,350.460
-443738.620,-1172398.280,350.460
-443738.900,-1172398.020,350.460
-443739.210,-1172397.740,350.470
-443739.480,-1172397.500,350.480
-443739.220,-1172397.730,350.470
-443739.340,-1172397.630,350.470
-443737.090,-1172400.180,350.430
-443737.380,-1172399.920,350.430
-443737.660,-1172399.670,350.430
-443737.960,-1172399.390,350.440
-443738.240,-1172399.140,350.450
-443738.520,-1172398.880,350.450
-443738.810,-1172398.620,350.460
-443739.080,-1172398.370,350.460
-443739.380,-1172398.110,350.460
-443739.700,-1172397.810,350.465
-443739.990,-1172397.550,350.470
-443740.140,-1172397.410,350.470
-443739.360,-1172398.120,350.470
-443739.650,-1172397.850,350.470
-443739.880,-1172397.640,350.460
-443733.130,-1172403.780,350.500
-443733.400,-1172403.530,350.510
-443733.660,-1172403.290,350.510
-443733.960,-1172403.030,350.500
-443734.270,-1172402.750,350.480
-443734.540,-1172402.500,350.470
-443734.830,-1172402.230,350.460
-443735.110,-1172401.980,350.450
-443735.400,-1172401.720,350.450
-443735.680,-1172401.460,350.440
-443735.980,-1172401.190,350.430
-443736.260,-1172400.940,350.430
-443736.550,-1172400.680,350.430
-443736.810,-1172400.430,350.430
-443733.150,-1172404.170,350.500
-443733.410,-1172403.930,350.510
-443733.620,-1172403.740,350.510
-443734.000,-1172403.400,350.490
-443734.300,-1172403.130,350.480
-443734.560,-1172402.890,350.470
-443734.870,-1172402.610,350.470
-443735.140,-1172402.360,350.460
-443735.430,-1172402.100,350.450
-443735.700,-1172401.850,350.440
-443735.990,-1172401.600,350.430
-443736.250,-1172401.350,350.430
-443736.530,-1172401.100,350.420
-443736.840,-1172400.820,350.420
-443737.110,-1172400.570,350.420
-443737.400,-1172400.310,350.420
-443737.680,-1172400.060,350.430
-443737.960,-1172399.800,350.430
-443738.270,-1172399.520,350.440
-443738.570,-1172399.250,350.440
-443738.850,-1172399.000,350.450
-443739.120,-1172398.750,350.450
-443739.430,-1172398.470,350.450
-443739.710,-1172398.210,350.450
-443740.010,-1172397.950,350.460
-443740.330,-1172397.650,350.460
-443740.600,-1172397.410,350.470
-443739.720,-1172398.200,350.450
-443739.990,-1172397.960,350.460
-443740.260,-1172397.710,350.460
-443733.030,-1172404.760,350.500
-443733.300,-1172404.520,350.510
-443733.570,-1172404.270,350.510
-443733.840,-1172404.030,350.500
-443734.150,-1172403.750,350.490
-443734.440,-1172403.480,350.480
-443734.700,-1172403.240,350.470
-443734.980,-1172402.990,350.470
-443735.250,-1172402.740,350.460
-443735.540,-1172402.480,350.450
-443735.820,-1172402.230,350.440
-443736.080,-1172401.990,350.430
-443736.390,-1172401.710,350.420
-443736.670,-1172401.460,350.420
-443736.950,-1172401.200,350.415
-443737.260,-1172400.920,350.410
-443737.530,-1172400.680,350.410
-443737.800,-1172400.430,350.410
-443738.100,-1172400.160,350.420
-443738.390,-1172399.890,350.430
-443738.710,-1172399.610,350.430
-443738.990,-1172399.350,350.440
-443739.290,-1172399.080,350.440
-443739.570,-1172398.830,350.440
-443739.840,-1172398.570,350.450
-443740.110,-1172398.330,350.450
-443740.430,-1172398.050,350.450
-443740.730,-1172397.770,350.450
-443741.010,-1172397.520,350.460
-443741.160,-1172397.380,350.460
-443740.930,-1172397.590,350.460
-443738.160,-1172400.670,350.410
-443738.440,-1172400.420,350.410
-443738.720,-1172400.160,350.420
-443739.000,-1172399.910,350.420
-443739.320,-1172399.620,350.430
-443739.590,-1172399.370,350.430
-443739.830,-1172399.160,350.430
-443740.090,-1172398.920,350.440
-443740.480,-1172398.560,350.440
-443740.760,-1172398.320,350.440
-443741.050,-1172398.050,350.450
-443741.340,-1172397.780,350.450
-443741.650,-1172397.510,350.450
-443741.860,-1172397.310,350.460
-443741.320,-1172397.800,350.450
-443741.510,-1172397.630,350.450
-443741.580,-1172397.570,350.450
-443733.350,-1172405.040,350.500
-443733.640,-1172404.780,350.510
-443733.850,-1172404.590,350.500
-443734.150,-1172404.310,350.490
-443734.420,-1172404.070,350.480
-443734.700,-1172403.820,350.480
-443735.000,-1172403.540,350.470
-443735.280,-1172403.290,350.460
-443735.550,-1172403.040,350.450
-443735.850,-1172402.770,350.440
-443736.140,-1172402.500,350.440
-443736.410,-1172402.260,350.420
-443736.700,-1172402.000,350.420
-443737.000,-1172401.720,350.415
-443737.290,-1172401.460,350.410
-443737.580,-1172401.200,350.410
-443737.880,-1172400.930,350.410
-443733.210,-1172405.770,350.490
-443733.470,-1172405.530,350.500
-443733.740,-1172405.290,350.500
-443734.040,-1172405.020,350.500
-443734.310,-1172404.780,350.490
-443734.610,-1172404.500,350.480
-443734.900,-1172404.240,350.480
-443735.170,-1172403.990,350.460
-443735.460,-1172403.730,350.460
-443735.750,-1172403.470,350.450
-443736.050,-1172403.200,350.440
-443736.340,-1172402.930,350.440
-443736.630,-1172402.660,350.430
-443736.910,-1172402.410,350.420
-443737.200,-1172402.150,350.410
-443737.480,-1172401.900,350.410
-443737.750,-1172401.650,350.405
-443738.030,-1172401.390,350.400
-443738.340,-1172401.120,350.400
-443738.610,-1172400.870,350.410
-443738.910,-1172400.600,350.410
-443739.220,-1172400.320,350.410
-443739.520,-1172400.050,350.410
-443739.790,-1172399.800,350.420
-443740.090,-1172399.520,350.420
-443740.370,-1172399.270,350.430
-443740.660,-1172399.010,350.440
-443740.950,-1172398.750,350.440
-443741.220,-1172398.500,350.440
-443741.490,-1172398.250,350.440
-443741.780,-1172397.990,350.440
-443742.090,-1172397.710,350.450
-443742.360,-1172397.460,350.450
-443733.240,-1172406.240,350.490
-443733.510,-1172405.990,350.500
-443733.790,-1172405.740,350.500
-443734.080,-1172405.480,350.490
-443734.360,-1172405.220,350.490
-443734.670,-1172404.950,350.480
-443734.940,-1172404.700,350.480
-443735.250,-1172404.420,350.460
-443735.540,-1172404.150,350.455
-443735.820,-1172403.900,350.450
-443736.110,-1172403.640,350.440
-443736.390,-1172403.380,350.440
-443736.660,-1172403.140,350.430
-443736.950,-1172402.870,350.420
-443737.250,-1172402.610,350.410
-443737.520,-1172402.350,350.410
-443738.100,-1172401.830,350.400
-443738.410,-1172401.550,350.400
-443738.690,-1172401.300,350.400
-443738.970,-1172401.040,350.400
-443739.260,-1172400.770,350.410
-443739.560,-1172400.510,350.410
-443739.820,-1172400.270,350.410
-443740.100,-1172400.010,350.410
-443740.390,-1172399.750,350.420
-443740.670,-1172399.500,350.420
-443740.960,-1172399.230,350.430
-443741.240,-1172398.980,350.430
-443741.520,-1172398.730,350.440
-443741.820,-1172398.450,350.440
-443742.090,-1172398.210,350.440
-443742.390,-1172397.940,350.440
-443742.710,-1172397.640,350.450
-443742.980,-1172397.400,350.460
-443743.120,-1172397.280,350.460
-443742.370,-1172397.960,350.440
-443733.680,-1172406.360,350.490
-443733.960,-1172406.110,350.490
-443734.260,-1172405.840,350.480
-443734.560,-1172405.570,350.480
-443734.840,-1172405.310,350.480
-443735.120,-1172405.060,350.475
-443735.380,-1172404.820,350.465
-443735.680,-1172404.540,350.450
-443735.960,-1172404.290,350.450
-443736.240,-1172404.040,350.440
-443736.550,-1172403.760,350.430
-443736.850,-1172403.490,350.430
-443737.140,-1172403.220,350.420
-443737.400,-1172402.980,350.410
-443737.700,-1172402.710,350.410
-443737.980,-1172402.460,350.400
-443738.260,-1172402.200,350.400
-443738.550,-1172401.940,350.400
-443738.820,-1172401.690,350.400
-443739.100,-1172401.450,350.400
-443739.370,-1172401.200,350.400
-443739.680,-1172400.920,350.400
-443739.950,-1172400.670,350.400
-443740.230,-1172400.410,350.410
-443740.520,-1172400.150,350.410
-443740.810,-1172399.890,350.410
-443741.110,-1172399.620,350.420
-443741.400,-1172399.360,350.430
-443741.680,-1172399.100,350.430
-443741.960,-1172398.840,350.430
-443742.250,-1172398.580,350.440
-443742.550,-1172398.310,350.440
-443742.850,-1172398.040,350.440
-443743.160,-1172397.760,350.450
-443743.460,-1172397.480,350.460
-443743.680,-1172397.290,350.460
-443743.100,-1172397.810,350.450
-443743.390,-1172397.540,350.460
-443733.110,-1172406.890,350.480
-443733.390,-1172406.630,350.495
-443733.240,-1172407.280,350.480
-443733.530,-1172407.020,350.500
-443733.800,-1172406.780,350.490
-443734.070,-1172406.530,350.480
-443734.350,-1172406.270,350.480
-443734.660,-1172405.990,350.470
-443734.940,-1172405.740,350.470
-443735.220,-1172405.480,350.470
-443735.560,-1172405.170,350.460
-443736.100,-1172404.690,350.440
-443736.390,-1172404.430,350.440
-443736.690,-1172404.150,350.430
-443736.950,-1172403.910,350.420
-443737.240,-1172403.650,350.410
-443737.580,-1172403.340,350.410
-443737.800,-1172403.140,350.400
-443738.060,-1172402.910,350.400
-443738.350,-1172402.640,350.400
-443738.670,-1172402.360,350.400
-443738.920,-1172402.130,350.400
-443739.200,-1172401.870,350.400
-443739.500,-1172401.600,350.400
-443739.780,-1172401.350,350.400
-443744.420,-1172397.630,350.440
-443744.730,-1172397.350,350.450
-443740.070,-1172401.080,350.400
-443740.360,-1172400.820,350.400
-443740.650,-1172400.560,350.400
-443740.920,-1172400.310,350.410
-443741.220,-1172400.040,350.410
-443741.510,-1172399.770,350.420
-443741.820,-1172399.500,350.430
-443742.110,-1172399.230,350.430
-443742.390,-1172398.980,350.430
-443742.670,-1172398.720,350.440
-443742.950,-1172398.470,350.440
-443743.240,-1172398.210,350.440
-443743.530,-1172397.940,350.450
-443743.830,-1172397.670,350.450
-443744.130,-1172397.400,350.450
-443744.320,-1172397.230,350.450
-443743.770,-1172397.720,350.450
-443744.090,-1172397.430,350.460
-443733.230,-1172407.790,350.480
-443733.500,-1172407.550,350.500
-443733.780,-1172407.290,350.500
-443734.080,-1172407.020,350.480
-443734.380,-1172406.750,350.480
-443734.700,-1172406.460,350.470
-443735.530,-1172405.700,350.460
-443735.820,-1172405.440,350.460
-443736.090,-1172405.190,350.450
-443736.380,-1172404.930,350.440
-443736.730,-1172404.620,350.430
-443736.930,-1172404.440,350.420
-443737.260,-1172404.140,350.410
-443737.490,-1172403.930,350.410
-443737.790,-1172403.650,350.400
-443738.060,-1172403.410,350.400
-443738.350,-1172403.150,350.400
-443738.650,-1172402.880,350.400
-443738.930,-1172402.620,350.400
-443739.220,-1172402.350,350.400
-443739.510,-1172402.090,350.400
-443739.780,-1172401.850,350.400
-443740.070,-1172401.590,350.400
-443740.360,-1172401.320,350.400
-443740.650,-1172401.060,350.400
-443740.950,-1172400.780,350.400
-443741.250,-1172400.510,350.410
-443741.540,-1172400.250,350.410
-443741.810,-1172400.010,350.420
-443742.110,-1172399.730,350.430
-443742.380,-1172399.490,350.430
-443742.680,-1172399.210,350.440
-443742.970,-1172398.950,350.440
-443743.260,-1172398.690,350.440
-443743.560,-1172398.420,350.440
-443743.840,-1172398.160,350.440
-443744.150,-1172397.880,350.450
-443744.120,-1172397.910,350.450
-443744.410,-1172397.650,350.440
-443744.590,-1172397.480,350.450
-443733.240,-1172408.110,350.490
-443733.530,-1172407.860,350.500
-443733.780,-1172407.630,350.500
-443734.080,-1172407.360,350.490
-443734.360,-1172407.100,350.480
-443734.650,-1172406.830,350.470
-443734.930,-1172406.580,350.460
-443735.200,-1172406.340,350.460
-443735.490,-1172406.080,350.460
-443735.760,-1172405.820,350.460
-443736.050,-1172405.570,350.450
-443736.340,-1172405.310,350.440
-443736.610,-1172405.060,350.430
-443736.890,-1172404.800,350.430
-443737.170,-1172404.550,350.410
-443737.470,-1172404.280,350.410
-443737.760,-1172404.010,350.400
-443738.030,-1172403.770,350.400
-443738.310,-1172403.510,350.400
-443738.610,-1172403.240,350.400
-443738.910,-1172402.970,350.400
-443739.210,-1172402.700,350.400
-443739.500,-1172402.440,350.400
-443739.800,-1172402.160,350.400
-443740.070,-1172401.920,350.400
-443740.340,-1172401.670,350.400
-443740.630,-1172401.410,350.400
-443740.920,-1172401.150,350.400
-443741.220,-1172400.880,350.400
-443742.100,-1172400.070,350.430
-443742.380,-1172399.820,350.430
-443742.670,-1172399.560,350.435
-443742.970,-1172399.280,350.440
-443743.250,-1172399.030,350.440
-443743.550,-1172398.760,350.440
-443743.810,-1172398.520,350.440
-443744.100,-1172398.260,350.440
-443744.360,-1172398.020,350.440
-443744.660,-1172397.750,350.440
-443744.970,-1172397.470,350.450
-443745.220,-1172397.240,350.450
-443745.140,-1172397.310,350.450
-443733.740,-1172408.020,350.500
-443734.010,-1172407.780,350.500
-443734.300,-1172407.520,350.480
-443734.580,-1172407.260,350.470
-443734.870,-1172407.000,350.470
-443735.150,-1172406.740,350.460
-443735.420,-1172406.500,350.460
-443735.730,-1172406.220,350.460
-443735.980,-1172405.990,350.450
-443736.290,-1172405.710,350.440
-443736.590,-1172405.440,350.430
-443736.880,-1172405.180,350.430
-443737.140,-1172404.940,350.420
-443737.420,-1172404.690,350.410
-443737.730,-1172404.410,350.400
-443738.010,-1172404.150,350.400
-443738.300,-1172403.890,350.400
-443738.600,-1172403.610,350.400
-443738.890,-1172403.350,350.400
-443739.170,-1172403.100,350.400
-443739.430,-1172402.860,350.400
-443739.740,-1172402.580,350.400
-443740.030,-1172402.310,350.400
-443740.310,-1172402.060,350.400
-443740.510,-1172401.880,350.390
-443740.900,-1172401.530,350.400
-443741.210,-1172401.250,350.400
-443741.470,-1172401.010,350.400
-443741.780,-1172400.730,350.410
-443742.060,-1172400.470,350.420
-443742.350,-1172400.210,350.430
-443742.630,-1172399.960,350.430
-443742.910,-1172399.700,350.440
-443743.190,-1172399.450,350.440
-443743.480,-1172399.190,350.440
-443743.760,-1172398.930,350.440
-443744.040,-1172398.680,350.440
-443744.320,-1172398.420,350.440
-443744.610,-1172398.160,350.440
-443744.900,-1172397.900,350.440
-443745.190,-1172397.630,350.440
-443745.490,-1172397.360,350.450
-443745.730,-1172397.140,350.450
-443745.420,-1172397.420,350.440
-443734.230,-1172408.140,350.490
-443734.500,-1172407.890,350.480
-443734.790,-1172407.620,350.470
-443735.070,-1172407.380,350.470
-443735.380,-1172407.090,350.460
-443735.670,-1172406.830,350.460
-443735.940,-1172406.590,350.450
-443736.210,-1172406.340,350.450
-443736.520,-1172406.060,350.440
-443736.810,-1172405.790,350.430
-443737.100,-1172405.530,350.430
-443737.410,-1172405.250,350.410
-443737.700,-1172404.990,350.400
-443737.960,-1172404.750,350.400
-443738.240,-1172404.500,350.390
-443738.520,-1172404.240,350.390
-443738.820,-1172403.970,350.390
-443739.120,-1172403.700,350.390
-443739.390,-1172403.450,350.390
-443739.700,-1172403.170,350.390
-443739.990,-1172402.910,350.390
-443740.270,-1172402.650,350.390
-443740.550,-1172402.400,350.390
-443740.850,-1172402.120,350.390
-443741.140,-1172401.870,350.400
-443741.420,-1172401.610,350.400
-443741.710,-1172401.340,350.400
-443742.000,-1172401.090,350.410
-443742.260,-1172400.850,350.420
-443742.540,-1172400.590,350.430
-443742.860,-1172400.310,350.440
-443743.130,-1172400.060,350.440
-443743.400,-1172399.810,350.440
-443743.700,-1172399.540,350.440
-443743.980,-1172399.290,350.440
-443744.260,-1172399.030,350.430
-443744.550,-1172398.770,350.430
-443744.840,-1172398.500,350.430
-443745.120,-1172398.250,350.430
-443745.410,-1172397.990,350.440
-443745.720,-1172397.710,350.440
-443746.030,-1172397.420,350.440
-443746.300,-1172397.180,350.450
-443745.410,-1172397.980,350.440
-443745.710,-1172397.710,350.440
-443745.990,-1172397.460,350.445
-443746.120,-1172397.340,350.450
-443735.130,-1172407.890,350.470
-443735.430,-1172407.610,350.460
-443735.710,-1172407.360,350.450
-443736.010,-1172407.090,350.450
-443736.310,-1172406.820,350.440
-443736.580,-1172406.570,350.440
-443736.860,-1172406.320,350.430
-443737.150,-1172406.060,350.430
-443737.430,-1172405.800,350.420
-443737.740,-1172405.520,350.410
-443738.000,-1172405.280,350.400
-443738.250,-1172405.050,350.390
-443738.880,-1172404.480,350.380
-443739.170,-1172404.220,350.390
-443739.470,-1172403.950,350.390
-443739.740,-1172403.700,350.390
-443740.030,-1172403.440,350.390
-443740.310,-1172403.180,350.385
-443740.580,-1172402.940,350.390
-443740.870,-1172402.680,350.390
-443741.140,-1172402.430,350.390
-443741.440,-1172402.160,350.400
-443741.720,-1172401.910,350.400
-443742.010,-1172401.650,350.410
-443742.310,-1172401.370,350.420
-443742.580,-1172401.130,350.430
-443742.880,-1172400.850,350.440
-443743.190,-1172400.570,350.445
-443743.480,-1172400.310,350.440
-443743.750,-1172400.070,350.440
-443744.040,-1172399.800,350.430
-443744.330,-1172399.540,350.430
-443744.610,-1172399.280,350.430
-443744.910,-1172399.010,350.430
-443745.200,-1172398.740,350.430
-443745.500,-1172398.480,350.430
-443745.760,-1172398.240,350.430
-443746.040,-1172397.990,350.440
-443746.340,-1172397.710,350.440
-443746.640,-1172397.440,350.450
-443746.920,-1172397.190,350.450
-443735.460,-1172408.010,350.460
-443735.730,-1172407.760,350.450
-443736.000,-1172407.520,350.445
-443736.310,-1172407.240,350.440
-443736.610,-1172406.970,350.440
-443736.870,-1172406.740,350.430
-443737.240,-1172406.400,350.420
-443737.510,-1172406.150,350.420
-443738.040,-1172405.670,350.410
-443738.320,-1172405.410,350.400
-443738.610,-1172405.150,350.390
-443738.900,-1172404.890,350.380
-443739.160,-1172404.650,350.380
-443739.450,-1172404.390,350.380
-443739.740,-1172404.130,350.380
-443740.000,-1172403.890,350.380
-443740.300,-1172403.620,350.380
-443740.590,-1172403.360,350.380
-443740.870,-1172403.100,350.380
-443741.160,-1172402.840,350.390
-443741.430,-1172402.590,350.390
-443741.730,-1172402.320,350.400
-443742.040,-1172402.040,350.410
-443742.300,-1172401.800,350.420
-443742.610,-1172401.530,350.420
-443742.900,-1172401.260,350.430
-443743.170,-1172401.010,350.440
-443743.500,-1172400.720,350.450
-443743.800,-1172400.450,350.440
-443744.090,-1172400.180,350.440
-443744.340,-1172399.950,350.430
-443744.610,-1172399.700,350.430
-443744.910,-1172399.440,350.420
-443745.200,-1172399.170,350.430
-443745.490,-1172398.910,350.430
-443745.780,-1172398.650,350.430
-443746.080,-1172398.370,350.430
-443746.360,-1172398.120,350.430
-443746.650,-1172397.860,350.440
-443746.930,-1172397.600,350.440
-443747.250,-1172397.310,350.440
-443747.490,-1172397.100,350.440
-443736.080,-1172407.840,350.440
-443736.360,-1172407.590,350.440
-443736.650,-1172407.320,350.440
-443736.950,-1172407.050,350.430
-443737.220,-1172406.810,350.430
-443737.530,-1172406.530,350.420
-443737.700,-1172406.370,350.420
-443738.040,-1172406.060,350.410
-443738.610,-1172405.550,350.390
-443738.910,-1172405.270,350.380
-443739.180,-1172405.030,350.370
-443739.460,-1172404.780,350.370
-443739.760,-1172404.500,350.370
-443740.060,-1172404.240,350.380
-443740.340,-1172403.980,350.380
-443740.630,-1172403.710,350.380
-443740.920,-1172403.450,350.380
-443741.190,-1172403.210,350.390
-443741.480,-1172402.940,350.390
-443741.790,-1172402.660,350.400
-443742.090,-1172402.390,350.410
-443742.390,-1172402.120,350.420
-443742.690,-1172401.850,350.430
-443742.970,-1172401.590,350.440
-443743.240,-1172401.350,350.450
-443743.540,-1172401.080,350.450
-443743.830,-1172400.820,350.440
-443744.120,-1172400.550,350.440
-443744.400,-1172400.300,350.430
-443744.680,-1172400.040,350.420
-443744.970,-1172399.780,350.420
-443745.280,-1172399.500,350.420
-443745.550,-1172399.250,350.420
-443745.850,-1172398.980,350.420
-443746.130,-1172398.730,350.430
-443746.420,-1172398.460,350.430
-443746.700,-1172398.210,350.430
-443746.960,-1172397.970,350.430
-443747.260,-1172397.700,350.440
-443747.550,-1172397.440,350.440
-443747.830,-1172397.180,350.440
-443746.660,-1172398.720,350.420
-443746.950,-1172398.460,350.430
-443747.230,-1172398.210,350.430
-443747.500,-1172397.960,350.430
-443747.780,-1172397.700,350.440
-443748.100,-1172397.420,350.440
-443748.390,-1172397.150,350.440
-443736.650,-1172407.800,350.440
-443736.920,-1172407.560,350.430
-443737.190,-1172407.310,350.430
-443737.470,-1172407.060,350.420
-443737.760,-1172406.800,350.420
-443738.040,-1172406.540,350.420
-443738.340,-1172406.270,350.410
-443738.640,-1172406.000,350.400
-443738.890,-1172405.770,350.390
-443739.180,-1172405.510,350.380
-443739.460,-1172405.250,350.370
-443739.760,-1172404.980,350.380
-443740.040,-1172404.730,350.370
-443740.320,-1172404.470,350.380
-443740.620,-1172404.200,350.380
-443740.930,-1172403.920,350.390
-443741.220,-1172403.660,350.390
-443741.510,-1172403.390,350.390
-443741.810,-1172403.120,350.400
-443742.080,-1172402.880,350.410
-443742.350,-1172402.630,350.420
-443742.660,-1172402.350,350.430
-443742.960,-1172402.080,350.430
-443743.230,-1172401.830,350.440
-443743.540,-1172401.550,350.450
-443743.830,-1172401.290,350.450
-443744.120,-1172401.020,350.440
-443744.390,-1172400.780,350.430
-443744.690,-1172400.510,350.420
-443744.970,-1172400.250,350.410
-443745.260,-1172399.990,350.410
-443745.530,-1172399.750,350.410
-443745.810,-1172399.490,350.410
-443746.100,-1172399.230,350.420
-443746.360,-1172398.990,350.420
-443737.020,-1172407.900,350.430
-443737.310,-1172407.640,350.430
-443737.590,-1172407.380,350.420
-443737.880,-1172407.120,350.420
-443738.170,-1172406.850,350.410
-443738.450,-1172406.600,350.410
-443738.740,-1172406.340,350.400
-443739.030,-1172406.070,350.390
-443739.320,-1172405.820,350.380
-443739.620,-1172405.540,350.380
-443739.900,-1172405.290,350.380
-443740.200,-1172405.020,350.380
-443740.490,-1172404.750,350.380
-443740.770,-1172404.500,350.390
-443741.050,-1172404.240,350.390
-443741.340,-1172403.980,350.400
-443741.650,-1172403.700,350.400
-443741.940,-1172403.440,350.410
-443742.160,-1172403.240,350.410
-443742.530,-1172402.900,350.420
-443742.830,-1172402.630,350.430
-443743.100,-1172402.380,350.440
-443743.400,-1172402.110,350.450
-443743.680,-1172401.850,350.450
-443743.990,-1172401.580,350.450
-443744.240,-1172401.350,350.440
-443744.530,-1172401.080,350.430
-443744.800,-1172400.840,350.420
-443745.070,-1172400.600,350.410
-443745.370,-1172400.320,350.400
-443745.640,-1172400.080,350.400
-443745.910,-1172399.830,350.400
-443746.210,-1172399.560,350.410
-443746.490,-1172399.300,350.410
-443746.780,-1172399.050,350.420
-443747.090,-1172398.770,350.420
-443747.370,-1172398.510,350.420
-443747.640,-1172398.260,350.430
-443747.930,-1172398.000,350.430
-443748.230,-1172397.720,350.430
-443748.540,-1172397.450,350.440
-443748.840,-1172397.180,350.440
-443749.080,-1172396.950,350.440
-443748.240,-1172397.720,350.430
-443737.390,-1172407.890,350.430
-443737.670,-1172407.640,350.420
-443737.960,-1172407.380,350.420
-443738.250,-1172407.110,350.420
-443738.550,-1172406.840,350.410
-443738.840,-1172406.580,350.405
-443739.140,-1172406.310,350.400
-443739.420,-1172406.060,350.390
-443739.700,-1172405.800,350.380
-443739.970,-1172405.560,350.380
-443740.260,-1172405.290,350.390
-443740.570,-1172405.010,350.390
-443740.860,-1172404.740,350.400
-443741.470,-1172404.190,350.410
-443741.740,-1172403.950,350.410
-443742.020,-1172403.700,350.410
-443742.310,-1172403.430,350.420
-443742.590,-1172403.180,350.420
-443742.900,-1172402.890,350.430
-443743.180,-1172402.640,350.440
-443743.440,-1172402.410,350.450
-443743.740,-1172402.130,350.450
-443744.020,-1172401.870,350.450
-443744.300,-1172401.620,350.440
-443744.570,-1172401.380,350.430
-443744.860,-1172401.120,350.420
-443745.150,-1172400.850,350.410
-443745.410,-1172400.610,350.400
-443745.710,-1172400.350,350.400
-443746.020,-1172400.060,350.400
-443746.290,-1172399.820,350.400
-443746.560,-1172399.570,350.410
-443746.860,-1172399.300,350.420
-443747.160,-1172399.030,350.420
-443747.740,-1172398.500,350.430
-443748.050,-1172398.230,350.430
-443748.330,-1172397.970,350.430
-443748.600,-1172397.730,350.430
-443748.880,-1172397.470,350.440
-443749.190,-1172397.190,350.440
-443749.440,-1172396.960,350.450
-443748.340,-1172397.960,350.430
-443747.530,-1172399.060,350.420
-443747.820,-1172398.790,350.420
-443748.110,-1172398.530,350.430
-443748.390,-1172398.270,350.425
-443748.680,-1172398.010,350.420
-443748.980,-1172397.740,350.430
-443749.280,-1172397.470,350.440
-443749.570,-1172397.200,350.440
-443749.850,-1172396.950,350.445
-443738.060,-1172407.640,350.420
-443738.340,-1172407.400,350.420
-443738.610,-1172407.140,350.410
-443738.920,-1172406.870,350.410
-443739.200,-1172406.610,350.400
-443739.470,-1172406.360,350.400
-443739.780,-1172406.080,350.390
-443740.070,-1172405.820,350.390
-443740.370,-1172405.550,350.390
-443740.650,-1172405.300,350.400
-443740.950,-1172405.020,350.410
-443741.230,-1172404.770,350.410
-443741.530,-1172404.500,350.410
-443741.780,-1172404.270,350.420
-443742.080,-1172404.000,350.420
-443742.360,-1172403.750,350.420
-443742.640,-1172403.490,350.430
-443742.940,-1172403.220,350.430
-443743.230,-1172402.960,350.440
-443743.510,-1172402.710,350.450
-443743.810,-1172402.430,350.450
-443744.090,-1172402.180,350.450
-443744.380,-1172401.910,350.440
-443744.660,-1172401.650,350.430
-443744.940,-1172401.400,350.420
-443745.230,-1172401.140,350.410
-443745.500,-1172400.900,350.400
-443745.800,-1172400.630,350.400
-443746.110,-1172400.340,350.400
-443746.390,-1172400.090,350.400
-443746.680,-1172399.820,350.400
-443746.960,-1172399.570,350.410
-443747.250,-1172399.310,350.420
-443738.890,-1172407.400,350.410
-443739.170,-1172407.140,350.410
-443739.450,-1172406.890,350.400
-443739.760,-1172406.610,350.400
-443740.030,-1172406.370,350.400
-443740.330,-1172406.100,350.400
-443740.540,-1172405.910,350.400
-443740.930,-1172405.550,350.410
-443741.190,-1172405.320,350.410
-443741.450,-1172405.080,350.420
-443741.750,-1172404.800,350.430
-443742.030,-1172404.550,350.430
-443742.300,-1172404.310,350.430
-443742.590,-1172404.040,350.430
-443742.890,-1172403.770,350.440
-443743.160,-1172403.520,350.440
-443743.470,-1172403.250,350.450
-443743.760,-1172402.980,350.450
-443744.040,-1172402.730,350.450
-443744.320,-1172402.470,350.450
-443744.620,-1172402.210,350.440
-443744.910,-1172401.940,350.430
-443745.200,-1172401.670,350.420
-443745.500,-1172401.400,350.410
-443745.780,-1172401.150,350.400
-443746.040,-1172400.910,350.400
-443746.320,-1172400.660,350.400
-443746.610,-1172400.400,350.400
-443746.910,-1172400.120,350.400
-443747.180,-1172399.880,350.410
-443747.490,-1172399.600,350.410
-443747.770,-1172399.340,350.420
-443748.090,-1172399.060,350.430
-443748.350,-1172398.820,350.420
-443748.640,-1172398.550,350.420
-443748.930,-1172398.290,350.420
-443749.230,-1172398.020,350.425
-443749.490,-1172397.780,350.430
-443749.770,-1172397.530,350.430
-443750.080,-1172397.250,350.430
-443750.340,-1172397.010,350.440
-443738.600,-1172407.670,350.420
-443739.310,-1172407.550,350.410
-443739.600,-1172407.290,350.410
-443739.870,-1172407.030,350.410
-443740.150,-1172406.780,350.410
-443740.440,-1172406.520,350.410
-443740.730,-1172406.260,350.410
-443741.010,-1172406.010,350.420
-443741.290,-1172405.750,350.430
-443741.590,-1172405.480,350.430
-443741.880,-1172405.220,350.440
-443742.170,-1172404.960,350.450
-443742.470,-1172404.680,350.450
-443742.740,-1172404.440,350.450
-443743.010,-1172404.190,350.450
-443743.320,-1172403.910,350.460
-443743.620,-1172403.640,350.460
-443743.910,-1172403.370,350.450
-443744.210,-1172403.100,350.450
-443744.500,-1172402.840,350.440
-443744.770,-1172402.600,350.430
-443745.040,-1172402.350,350.420
-443745.320,-1172402.100,350.410
-443745.610,-1172401.830,350.400
-443745.900,-1172401.560,350.400
-443746.180,-1172401.310,350.400
-443746.480,-1172401.040,350.400
-443746.770,-1172400.780,350.400
-443747.070,-1172400.510,350.400
-443747.360,-1172400.250,350.400
-443747.660,-1172399.970,350.410
-443747.920,-1172399.730,350.410
-443748.230,-1172399.460,350.420
-443748.500,-1172399.210,350.420
-443748.770,-1172398.960,350.420
-443749.060,-1172398.700,350.420
-443749.330,-1172398.460,350.420
-443749.630,-1172398.190,350.420
-443749.900,-1172397.940,350.420
-443750.170,-1172397.700,350.430
-443750.480,-1172397.410,350.430
-443750.770,-1172397.150,350.430
-443750.960,-1172396.980,350.435
-443746.670,-1172401.370,350.390
-443746.970,-1172401.100,350.390
-443747.240,-1172400.850,350.400
-443747.490,-1172400.620,350.400
-443747.780,-1172400.370,350.400
-443748.090,-1172400.080,350.405
-443748.360,-1172399.830,350.410
-443748.640,-1172399.580,350.410
-443748.930,-1172399.320,350.410
-443749.210,-1172399.060,350.410
-443749.500,-1172398.800,350.410
-443749.800,-1172398.530,350.410
-443750.070,-1172398.290,350.420
-443750.360,-1172398.020,350.420
-443750.640,-1172397.770,350.420
-443750.940,-1172397.500,350.430
-443751.260,-1172397.200,350.430
-443751.540,-1172396.960,350.450
-443739.740,-1172407.650,350.410
-443740.030,-1172407.390,350.410
-443740.300,-1172407.140,350.410
-443740.620,-1172406.860,350.410
-443740.910,-1172406.590,350.420
-443741.170,-1172406.350,350.420
-443741.460,-1172406.090,350.430
-443741.780,-1172405.810,350.440
-443742.070,-1172405.540,350.450
-443742.360,-1172405.280,350.450
-443742.670,-1172404.990,350.460
-443742.970,-1172404.730,350.460
-443743.240,-1172404.480,350.460
-443743.520,-1172404.230,350.460
-443743.810,-1172403.960,350.460
-443744.090,-1172403.710,350.450
-443744.390,-1172403.440,350.440
-443744.660,-1172403.190,350.430
-443744.960,-1172402.920,350.420
-443745.240,-1172402.670,350.420
-443745.520,-1172402.410,350.410
-443745.800,-1172402.150,350.400
-443746.120,-1172401.870,350.400
-443746.370,-1172401.640,350.390
-443740.560,-1172407.440,350.420
-443740.850,-1172407.170,350.420
-443741.150,-1172406.900,350.430
-443741.440,-1172406.640,350.430
-443741.740,-1172406.370,350.430
-443742.020,-1172406.110,350.440
-443742.320,-1172405.840,350.450
-443742.590,-1172405.600,350.460
-443742.890,-1172405.330,350.460
-443743.200,-1172405.040,350.470
-443743.480,-1172404.790,350.460
-443743.700,-1172404.590,350.460
-443744.000,-1172404.320,350.460
-443744.350,-1172404.000,350.450
-443744.620,-1172403.750,350.440
-443744.920,-1172403.490,350.430
-443745.190,-1172403.240,350.420
-443745.470,-1172402.980,350.410
-443745.740,-1172402.730,350.400
-443746.030,-1172402.470,350.390
-443746.310,-1172402.220,350.390
-443751.380,-1172397.090,350.440
-443746.590,-1172401.970,350.390
-443746.880,-1172401.710,350.390
-443747.160,-1172401.450,350.390
-443747.430,-1172401.200,350.390
-443747.730,-1172400.930,350.390
-443748.010,-1172400.680,350.400
-443748.300,-1172400.410,350.400
-443748.600,-1172400.140,350.400
-443748.890,-1172399.880,350.400
-443749.160,-1172399.630,350.410
-443749.450,-1172399.370,350.410
-443749.740,-1172399.110,350.410
-443750.040,-1172398.830,350.410
-443750.340,-1172398.570,350.410
-443750.630,-1172398.300,350.420
-443750.910,-1172398.050,350.420
-443751.190,-1172397.800,350.430
-443751.460,-1172397.550,350.430
-443751.760,-1172397.270,350.440
-443752.060,-1172397.000,350.450
-443752.260,-1172396.820,350.450
-443751.930,-1172397.120,350.450
-443747.890,-1172401.410,350.390
-443748.190,-1172401.130,350.390
-443748.460,-1172400.890,350.390
-443748.750,-1172400.630,350.390
-443749.040,-1172400.360,350.390
-443749.360,-1172400.080,350.390
-443749.640,-1172399.820,350.400
-443749.930,-1172399.560,350.400
-443750.210,-1172399.300,350.400
-443750.490,-1172399.050,350.400
-443750.760,-1172398.800,350.410
-443751.050,-1172398.550,350.420
-443751.370,-1172398.250,350.420
-443751.650,-1172398.000,350.420
-443751.930,-1172397.750,350.430
-443752.230,-1172397.480,350.440
-443752.540,-1172397.190,350.450
-443752.830,-1172396.930,350.450
-443741.050,-1172407.610,350.430
-443741.330,-1172407.360,350.430
-443741.590,-1172407.120,350.430
-443741.890,-1172406.850,350.430
-443742.190,-1172406.580,350.440
-443742.480,-1172406.320,350.450
-443742.770,-1172406.060,350.460
-443743.080,-1172405.770,350.460
-443743.360,-1172405.520,350.460
-443743.660,-1172405.250,350.460
-443743.940,-1172404.990,350.460
-443744.230,-1172404.730,350.450
-443744.500,-1172404.480,350.440
-443744.790,-1172404.220,350.430
-443745.070,-1172403.960,350.430
-443745.350,-1172403.710,350.410
-443745.610,-1172403.470,350.410
-443745.880,-1172403.230,350.390
-443746.190,-1172402.950,350.390
-443746.740,-1172402.450,350.390
-443747.040,-1172402.180,350.390
-443747.320,-1172401.920,350.390
-443747.600,-1172401.670,350.390
-443741.980,-1172407.380,350.440
-443742.270,-1172407.110,350.440
-443742.550,-1172406.860,350.450
-443742.850,-1172406.590,350.450
-443743.130,-1172406.340,350.460
-443743.440,-1172406.060,350.460
-443743.720,-1172405.800,350.460
-443743.990,-1172405.560,350.450
-443744.270,-1172405.310,350.445
-443744.540,-1172405.060,350.435
-443745.100,-1172404.560,350.430
-443745.390,-1172404.290,350.420
-443745.670,-1172404.040,350.410
-443745.950,-1172403.780,350.390
-443746.260,-1172403.500,350.390
-443746.540,-1172403.240,350.380
-443746.830,-1172402.980,350.380
-443747.110,-1172402.730,350.380
-443747.690,-1172402.210,350.390
-443747.980,-1172401.940,350.390
-443748.280,-1172401.670,350.380
-443748.560,-1172401.410,350.380
-443748.840,-1172401.160,350.380
-443749.130,-1172400.900,350.380
-443749.410,-1172400.650,350.385
-443749.710,-1172400.370,350.390
-443750.000,-1172400.110,350.390
-443750.260,-1172399.870,350.390
-443750.550,-1172399.610,350.390
-443750.860,-1172399.330,350.400
-443751.160,-1172399.050,350.405
-443751.440,-1172398.800,350.410
-443751.740,-1172398.530,350.420
-443752.010,-1172398.280,350.420
-443752.300,-1172398.020,350.430
-443752.580,-1172397.770,350.440
-443752.860,-1172397.520,350.440
-443753.150,-1172397.250,350.450
-443753.440,-1172396.990,350.440
-443753.670,-1172396.780,350.385
-443753.390,-1172397.030,350.440
-443753.700,-1172396.750,350.410
-443753.970,-1172396.500,349.790
-443746.460,-1172403.740,350.380
-443746.760,-1172403.460,350.380
-443747.070,-1172403.190,350.380
-443747.360,-1172402.920,350.380
-443747.630,-1172402.670,350.390
-443747.910,-1172402.420,350.380
-443748.190,-1172402.170,350.380
-443748.500,-1172401.890,350.380
-443748.780,-1172401.630,350.380
-443749.040,-1172401.390,350.380
-443749.360,-1172401.110,350.380
-443749.650,-1172400.840,350.380
-443753.950,-1172396.940,349.870
-443754.000,-1172396.900,349.830
-443754.000,-1172396.900,349.830
-443754.220,-1172396.700,349.780
-443742.510,-1172407.320,350.450
-443742.770,-1172407.080,350.450
-443743.060,-1172406.810,350.450
-443743.340,-1172406.560,350.460
-443743.630,-1172406.300,350.460
-443743.910,-1172406.050,350.460
-443744.190,-1172405.790,350.450
-443744.470,-1172405.540,350.440
-443744.740,-1172405.290,350.430
-443745.040,-1172405.020,350.430
-443745.340,-1172404.750,350.420
-443745.610,-1172404.510,350.410
-443745.880,-1172404.260,350.400
-443746.170,-1172403.990,350.390
-443742.920,-1172407.320,350.450
-443743.190,-1172407.080,350.460
-443743.510,-1172406.790,350.460
-443743.780,-1172406.540,350.460
-443744.070,-1172406.280,350.450
-443744.360,-1172406.010,350.440
-443744.640,-1172405.760,350.440
-443749.940,-1172400.580,350.390
-443750.230,-1172400.320,350.390
-443750.510,-1172400.060,350.390
-443750.790,-1172399.810,350.390
-443751.080,-1172399.540,350.400
-443751.380,-1172399.280,350.400
-443751.650,-1172399.030,350.410
-443751.920,-1172398.780,350.410
-443752.200,-1172398.530,350.420
-443752.500,-1172398.260,350.430
-443752.780,-1172398.000,350.440
-443753.060,-1172397.750,350.440
-443753.350,-1172397.480,350.450
-443753.660,-1172397.210,350.430
-443744.900,-1172405.530,350.430
-443745.200,-1172405.250,350.430
-443745.500,-1172404.980,350.420
-443745.790,-1172404.720,350.410
-443746.070,-1172404.460,350.400
-443746.380,-1172404.180,350.390
-443746.650,-1172403.940,350.380
-443746.910,-1172403.700,350.380
-443747.200,-1172403.440,350.380
-443747.510,-1172403.160,350.380
-443747.790,-1172402.900,350.380
-443748.070,-1172402.650,350.380
-443748.380,-1172402.370,350.380
-443748.670,-1172402.110,350.380
-443748.960,-1172401.840,350.380
-443749.230,-1172401.600,350.375
-443749.540,-1172401.320,350.380
-443749.810,-1172401.070,350.380
-443750.100,-1172400.810,350.380
-443750.370,-1172400.560,350.380
-443750.630,-1172400.330,350.390
-443750.940,-1172400.050,350.390
-443751.210,-1172399.800,350.390
-443751.520,-1172399.530,350.400
-443751.790,-1172399.280,350.400
-443752.070,-1172399.030,350.410
-443752.360,-1172398.760,350.420
-443752.650,-1172398.500,350.430
-443752.950,-1172398.230,350.440
-443753.230,-1172397.970,350.450
-443753.510,-1172397.720,350.450
-443753.810,-1172397.440,350.430
-443754.100,-1172397.180,349.800
-443754.220,-1172397.070,349.780
-443754.440,-1172396.870,349.750
-443754.170,-1172397.120,349.790
-443754.380,-1172396.930,349.760
-443748.740,-1172402.550,350.380
-443749.010,-1172402.300,350.380
-443749.300,-1172402.040,350.380
-443749.580,-1172401.790,350.380
-443749.850,-1172401.540,350.380
-443750.150,-1172401.270,350.380
-443750.450,-1172401.000,350.380
-443751.010,-1172400.490,350.390
-443751.250,-1172400.260,350.390
-443751.570,-1172399.980,350.390
-443751.870,-1172399.700,350.390
-443752.140,-1172399.460,350.400
-443752.420,-1172399.210,350.410
-443752.730,-1172398.930,350.420
-443753.020,-1172398.670,350.430
-443753.310,-1172398.400,350.440
-443753.610,-1172398.130,350.450
-443753.920,-1172397.850,350.440
-443754.190,-1172397.600,349.790
-443754.220,-1172397.570,349.790
-443754.500,-1172397.320,349.750
-443754.810,-1172397.040,349.750
-443755.070,-1172396.810,349.740
-443743.560,-1172407.240,350.460
-443743.860,-1172406.970,350.460
-443744.160,-1172406.700,350.450
-443744.440,-1172406.440,350.450
-443744.720,-1172406.190,350.430
-443745.030,-1172405.910,350.430
-443745.310,-1172405.650,350.420
-443745.590,-1172405.400,350.420
-443745.850,-1172405.160,350.415
-443746.150,-1172404.900,350.400
-443746.450,-1172404.620,350.390
-443746.720,-1172404.380,350.390
-443746.990,-1172404.130,350.380
-443747.300,-1172403.850,350.380
-443747.600,-1172403.580,350.380
-443747.870,-1172403.340,350.380
-443748.170,-1172403.060,350.380
-443748.470,-1172402.790,350.380
-443744.140,-1172407.190,350.460
-443744.410,-1172406.950,350.450
-443744.680,-1172406.700,350.440
-443744.980,-1172406.430,350.430
-443745.280,-1172406.160,350.430
-443745.540,-1172405.910,350.420
-443746.140,-1172405.370,350.410
-443746.420,-1172405.120,350.400
-443746.710,-1172404.860,350.390
-443746.990,-1172404.610,350.380
-443747.270,-1172404.350,350.380
-443747.540,-1172404.100,350.370
-443747.850,-1172403.830,350.375
-443748.130,-1172403.570,350.380
-443748.410,-1172403.320,350.375
-443748.660,-1172403.090,350.380
-443748.970,-1172402.810,350.380
-443749.240,-1172402.560,350.380
-443749.530,-1172402.300,350.370
-443749.820,-1172402.040,350.380
-443750.110,-1172401.780,350.375
-443751.240,-1172400.750,350.390
-443751.560,-1172400.460,350.385
-443751.810,-1172400.230,350.390
-443752.140,-1172399.940,350.400
-443752.440,-1172399.660,350.410
-443752.730,-1172399.400,350.410
-443753.010,-1172399.150,350.430
-443753.290,-1172398.890,350.440
-443753.560,-1172398.640,350.440
-443753.870,-1172398.360,350.440
-443754.160,-1172398.100,350.430
-443754.390,-1172397.900,349.770
-443754.470,-1172397.820,349.750
-443754.780,-1172397.540,349.740
-443755.080,-1172397.270,349.730
-443755.370,-1172397.010,349.740
-443755.650,-1172396.750,349.750
-443750.230,-1172402.060,350.380
-443751.700,-1172400.730,350.390
-443751.980,-1172400.480,350.390
-443752.260,-1172400.230,350.400
-443752.570,-1172399.950,350.410
-443752.870,-1172399.680,350.410
-443753.130,-1172399.440,350.430
-443753.420,-1172399.170,350.440
-443753.740,-1172398.890,350.440
-443754.040,-1172398.610,350.440
-443754.300,-1172398.380,350.390
-443754.350,-1172398.330,350.390
-443754.630,-1172398.080,349.730
-443754.910,-1172397.820,349.730
-443755.180,-1172397.580,349.730
-443755.470,-1172397.310,349.730
-443755.770,-1172397.050,349.730
-443756.040,-1172396.800,349.740
-443744.550,-1172407.210,350.450
-443744.840,-1172406.960,350.440
-443745.140,-1172406.680,350.430
-443745.420,-1172406.430,350.420
-443745.710,-1172406.170,350.420
-443745.980,-1172405.920,350.420
-443746.290,-1172405.640,350.410
-443746.560,-1172405.390,350.400
-443746.830,-1172405.150,350.390
-443747.110,-1172404.900,350.380
-443747.690,-1172404.370,350.380
-443747.950,-1172404.130,350.380
-443748.230,-1172403.880,350.380
-443749.100,-1172403.090,350.380
-443749.690,-1172402.560,350.370
-443749.950,-1172402.320,350.370
-443744.950,-1172407.290,350.440
-443745.230,-1172407.040,350.430
-443745.510,-1172406.780,350.420
-443745.680,-1172406.630,350.420
-443746.340,-1172406.030,350.410
-443746.630,-1172405.770,350.400
-443746.910,-1172405.510,350.390
-443747.180,-1172405.270,350.380
-443747.460,-1172405.010,350.380
-443747.740,-1172404.760,350.380
-443748.350,-1172404.210,350.380
-443748.910,-1172403.700,350.380
-443749.790,-1172402.900,350.370
-443750.080,-1172402.640,350.370
-443750.370,-1172402.380,350.380
-443750.930,-1172401.870,350.390
-443751.490,-1172401.360,350.390
-443751.800,-1172401.080,350.390
-443752.080,-1172400.830,350.390
-443752.370,-1172400.560,350.400
-443752.670,-1172400.290,350.410
-443752.980,-1172400.020,350.420
-443753.250,-1172399.760,350.430
-443753.540,-1172399.500,350.440
-443753.830,-1172399.240,350.440
-443754.130,-1172398.970,350.430
-443754.390,-1172398.730,349.750
-443754.410,-1172398.710,349.750
-443754.700,-1172398.450,349.720
-443754.970,-1172398.200,349.710
-443755.270,-1172397.930,349.710
-443755.550,-1172397.690,349.710
-443755.830,-1172397.430,349.725
-443756.130,-1172397.150,349.730
-443756.410,-1172396.900,349.740
-443756.660,-1172396.680,349.740
-443753.450,-1172400.110,350.440
-443753.760,-1172399.840,350.440
-443754.040,-1172399.580,350.420
-443754.610,-1172399.060,349.690
-443754.910,-1172398.790,349.680
-443755.190,-1172398.530,349.680
-443755.480,-1172398.280,349.690
-443755.780,-1172398.000,349.700
-443756.060,-1172397.750,349.715
-443756.340,-1172397.500,349.720
-443756.640,-1172397.230,349.730
-443756.950,-1172396.940,349.740
-443757.210,-1172396.700,349.740
-443745.710,-1172407.130,350.420
-443745.970,-1172406.890,350.420
-443746.280,-1172406.610,350.420
-443746.550,-1172406.370,350.410
-443746.840,-1172406.110,350.400
-443747.120,-1172405.850,350.390
-443747.430,-1172405.570,350.390
-443747.700,-1172405.330,350.390
-443747.960,-1172405.090,350.380
-443748.590,-1172404.520,350.380
-443748.870,-1172404.270,350.380
-443749.160,-1172404.000,350.380
-443749.430,-1172403.760,350.380
-443749.730,-1172403.490,350.380
-443750.000,-1172403.240,350.370
-443750.270,-1172403.000,350.380
-443751.460,-1172401.920,350.390
-443751.760,-1172401.640,350.390
-443752.030,-1172401.400,350.400
-443752.320,-1172401.140,350.400
-443752.610,-1172400.880,350.410
-443752.920,-1172400.600,350.420
-443753.180,-1172400.360,350.430
-443746.400,-1172407.010,350.420
-443746.680,-1172406.750,350.410
-443746.980,-1172406.490,350.410
-443747.280,-1172406.220,350.410
-443747.570,-1172405.950,350.400
-443747.860,-1172405.690,350.390
-443748.150,-1172405.430,350.390
-443748.420,-1172405.180,350.390
-443748.700,-1172404.920,350.390
-443748.980,-1172404.670,350.390
-443749.280,-1172404.400,350.390
-443749.570,-1172404.140,350.380
-443749.850,-1172403.890,350.380
-443750.140,-1172403.620,350.380
-443750.420,-1172403.370,350.380
-443750.730,-1172403.090,350.380
-443751.020,-1172402.830,350.390
-443751.310,-1172402.560,350.390
-443751.590,-1172402.310,350.400
-443751.890,-1172402.030,350.400
-443752.160,-1172401.790,350.400
-443752.430,-1172401.540,350.410
-443752.720,-1172401.280,350.410
-443752.990,-1172401.040,350.420
-443753.300,-1172400.760,350.430
-443753.570,-1172400.510,350.440
-443753.860,-1172400.250,350.430
-443754.160,-1172399.980,350.410
-443754.420,-1172399.740,349.700
-443754.440,-1172399.720,349.690
-443754.750,-1172399.440,349.670
-443755.010,-1172399.200,349.660
-443755.300,-1172398.940,349.670
-443755.590,-1172398.680,349.680
-443755.900,-1172398.400,349.680
-443756.200,-1172398.130,349.700
-443756.500,-1172397.860,349.710
-443756.790,-1172397.590,349.720
-443757.070,-1172397.340,349.730
-443757.340,-1172397.090,349.740
-443757.640,-1172396.820,349.740
-443757.880,-1172396.600,349.750
-443746.890,-1172407.000,350.420
-443747.180,-1172406.730,350.410
-443747.460,-1172406.480,350.410
-443747.750,-1172406.220,350.410
-443748.030,-1172405.970,350.400
-443748.320,-1172405.700,350.400
-443748.630,-1172405.430,350.390
-443748.890,-1172405.190,350.390
-443749.190,-1172404.910,350.390
-443749.780,-1172404.380,350.390
-443750.050,-1172404.130,350.390
-443750.340,-1172403.870,350.390
-443750.640,-1172403.600,350.390
-443750.910,-1172403.360,350.390
-443751.160,-1172403.120,350.390
-443751.460,-1172402.860,350.400
-443752.030,-1172402.340,350.410
-443752.310,-1172402.090,350.410
-443752.610,-1172401.810,350.410
-443752.890,-1172401.560,350.420
-443753.180,-1172401.300,350.430
-443753.470,-1172401.030,350.440
-443753.770,-1172400.770,350.440
-443754.050,-1172400.510,350.430
-443754.350,-1172400.240,350.380
-443754.350,-1172400.240,350.380
-443754.650,-1172399.970,349.650
-443754.940,-1172399.700,349.650
-443755.220,-1172399.440,349.650
-443755.520,-1172399.170,349.660
-443755.800,-1172398.920,349.670
-443756.070,-1172398.680,349.670
-443756.370,-1172398.400,349.690
-443756.670,-1172398.130,349.700
-443756.950,-1172397.880,349.710
-443757.250,-1172397.610,349.720
-443757.540,-1172397.340,349.730
-443757.850,-1172397.060,349.740
-443758.130,-1172396.810,349.740
-443758.350,-1172396.610,349.750
-443747.740,-1172406.620,350.410
-443748.010,-1172406.360,350.410
-443748.310,-1172406.100,350.400
-443748.570,-1172405.860,350.400
-443748.870,-1172405.580,350.400
-443749.140,-1172405.340,350.390
-443749.430,-1172405.080,350.390
-443749.690,-1172404.840,350.390
-443750.000,-1172404.560,350.390
-443750.290,-1172404.300,350.390
-443750.560,-1172404.060,350.390
-443750.850,-1172403.800,350.395
-443751.130,-1172403.540,350.400
-443751.410,-1172403.280,350.400
-443751.720,-1172403.000,350.410
-443752.020,-1172402.730,350.410
-443752.290,-1172402.490,350.420
-443752.560,-1172402.240,350.420
-443752.860,-1172401.970,350.420
-443753.160,-1172401.700,350.430
-443753.450,-1172401.430,350.440
-443753.750,-1172401.160,350.440
-443754.050,-1172400.890,350.430
-443754.340,-1172400.630,350.390
-443754.380,-1172400.600,350.235
-443754.600,-1172400.400,349.640
-443754.890,-1172400.130,349.630
-443755.190,-1172399.860,349.630
-443755.470,-1172399.610,349.640
-443755.770,-1172399.340,349.650
-443756.060,-1172399.070,349.660
-443756.360,-1172398.800,349.670
-443756.640,-1172398.550,349.680
-443756.930,-1172398.280,349.690
-443757.220,-1172398.020,349.710
-443757.520,-1172397.750,349.720
-443757.790,-1172397.500,349.730
-443758.070,-1172397.250,349.730
-443758.360,-1172396.980,349.740
-443758.630,-1172396.740,349.750
-443757.900,-1172397.900,349.710
-443758.160,-1172397.660,349.720
-443758.460,-1172397.390,349.730
-443758.750,-1172397.120,349.740
-443759.030,-1172396.880,349.750
-443759.300,-1172396.630,349.750
-443747.860,-1172407.000,350.420
-443748.130,-1172406.760,350.410
-443748.380,-1172406.530,350.410
-443748.700,-1172406.240,350.400
-443748.950,-1172406.010,350.400
-443749.240,-1172405.740,350.390
-443749.530,-1172405.480,350.390
-443749.800,-1172405.240,350.390
-443750.090,-1172404.980,350.390
-443750.400,-1172404.700,350.390
-443750.690,-1172404.430,350.390
-443750.980,-1172404.170,350.400
-443751.260,-1172403.920,350.400
-443751.550,-1172403.660,350.410
-443751.830,-1172403.400,350.420
-443752.130,-1172403.130,350.420
-443752.430,-1172402.850,350.420
-443752.730,-1172402.580,350.430
-443753.020,-1172402.320,350.430
-443753.290,-1172402.080,350.440
-443753.580,-1172401.810,350.450
-443753.870,-1172401.550,350.450
-443754.160,-1172401.290,350.430
-443754.440,-1172401.030,349.715
-443754.440,-1172401.030,349.715
-443754.720,-1172400.780,349.620
-443755.020,-1172400.510,349.620
-443755.330,-1172400.230,349.620
-443755.610,-1172399.970,349.630
-443755.890,-1172399.720,349.630
-443756.170,-1172399.460,349.640
-443756.480,-1172399.180,349.660
-443756.750,-1172398.940,349.670
-443757.030,-1172398.690,349.670
-443757.320,-1172398.430,349.680
-443748.490,-1172406.950,350.410
-443748.790,-1172406.690,350.410
-443749.040,-1172406.450,350.410
-443749.360,-1172406.170,350.400
-443749.640,-1172405.910,350.390
-443749.930,-1172405.650,350.390
-443750.200,-1172405.410,350.390
-443750.490,-1172405.140,350.390
-443750.800,-1172404.860,350.400
-443751.090,-1172404.600,350.400
-443751.390,-1172404.320,350.410
-443751.680,-1172404.070,350.410
-443751.970,-1172403.800,350.420
-443752.240,-1172403.560,350.420
-443752.530,-1172403.290,350.430
-443752.810,-1172403.040,350.430
-443753.110,-1172402.760,350.440
-443753.390,-1172402.520,350.440
-443753.680,-1172402.250,350.450
-443753.990,-1172401.970,350.450
-443754.300,-1172401.690,350.420
-443754.560,-1172401.450,349.620
-443754.840,-1172401.200,349.610
-443755.140,-1172400.930,349.610
-443755.420,-1172400.680,349.610
-443755.700,-1172400.420,349.610
-443755.970,-1172400.180,349.620
-443756.250,-1172399.920,349.630
-443756.540,-1172399.660,349.630
-443756.820,-1172399.400,349.640
-443757.100,-1172399.150,349.650
-443757.400,-1172398.880,349.670
-443757.690,-1172398.620,349.680
-443757.970,-1172398.360,349.690
-443758.280,-1172398.090,349.700
-443758.560,-1172397.830,349.710
-443758.840,-1172397.570,349.720
-443759.140,-1172397.310,349.730
-443759.430,-1172397.040,349.740
-443759.730,-1172396.770,349.750
-443759.990,-1172396.530,349.760
-443759.730,-1172397.260,349.740
-443760.010,-1172397.010,349.740
-443760.300,-1172396.750,349.750
-443760.560,-1172396.510,349.760
-443749.060,-1172406.930,350.410
-443749.360,-1172406.660,350.400
-443749.660,-1172406.390,350.400
-443749.930,-1172406.140,350.400
-443750.250,-1172405.860,350.390
-443750.550,-1172405.580,350.400
-443750.810,-1172405.340,350.400
-443751.110,-1172405.080,350.400
-443751.380,-1172404.830,350.410
-443751.680,-1172404.560,350.410
-443751.960,-1172404.300,350.420
-443752.250,-1172404.040,350.430
-443752.540,-1172403.780,350.430
-443752.840,-1172403.510,350.440
-443753.130,-1172403.250,350.440
-443753.410,-1172402.990,350.450
-443753.710,-1172402.720,350.450
-443754.000,-1172402.460,350.450
-443754.300,-1172402.180,350.430
-443754.450,-1172402.050,350.395
-443754.810,-1172401.720,349.595
-443755.100,-1172401.460,349.590
-443755.400,-1172401.190,349.590
-443755.670,-1172400.940,349.600
-443755.940,-1172400.690,349.600
-443756.250,-1172400.420,349.610
-443756.540,-1172400.160,349.620
-443756.820,-1172399.900,349.630
-443757.120,-1172399.630,349.630
-443757.380,-1172399.390,349.640
-443757.680,-1172399.120,349.660
-443757.970,-1172398.860,349.670
-443758.270,-1172398.580,349.680
-443758.570,-1172398.320,349.690
-443758.870,-1172398.050,349.700
-443759.160,-1172397.780,349.710
-443759.450,-1172397.520,349.730
-443749.760,-1172406.770,350.410
-443750.030,-1172406.520,350.400
-443750.310,-1172406.270,350.400
-443750.590,-1172406.010,350.400
-443751.180,-1172405.470,350.400
-443751.480,-1172405.200,350.410
-443751.770,-1172404.940,350.415
-443752.080,-1172404.660,350.430
-443752.330,-1172404.430,350.430
-443752.650,-1172404.140,350.430
-443752.920,-1172403.890,350.440
-443753.220,-1172403.630,350.450
-443753.500,-1172403.380,350.450
-443753.780,-1172403.120,350.450
-443754.070,-1172402.860,350.450
-443754.350,-1172402.600,350.430
-443754.600,-1172402.370,349.605
-443754.880,-1172402.120,349.580
-443755.170,-1172401.860,349.580
-443755.450,-1172401.600,349.580
-443755.750,-1172401.330,349.590
-443756.050,-1172401.060,349.590
-443756.320,-1172400.820,349.600
-443756.590,-1172400.570,349.600
-443756.900,-1172400.290,349.610
-443757.200,-1172400.020,349.620
-443757.500,-1172399.750,349.630
-443757.790,-1172399.490,349.630
-443758.100,-1172399.210,349.645
-443758.370,-1172398.960,349.660
-443758.640,-1172398.710,349.670
-443758.930,-1172398.450,349.680
-443759.240,-1172398.170,349.695
-443759.520,-1172397.910,349.710
-443759.810,-1172397.660,349.720
-443760.100,-1172397.390,349.730
-443760.410,-1172397.110,349.740
-443760.700,-1172396.850,349.750
-443760.990,-1172396.590,349.760
-443756.130,-1172401.510,349.580
-443756.750,-1172400.950,349.590
-443757.010,-1172400.710,349.600
-443757.280,-1172400.470,349.600
-443757.580,-1172400.200,349.610
-443757.880,-1172399.930,349.620
-443758.160,-1172399.670,349.630
-443758.440,-1172399.420,349.640
-443758.740,-1172399.150,349.650
-443759.050,-1172398.870,349.660
-443759.340,-1172398.600,349.670
-443759.610,-1172398.360,349.680
-443759.920,-1172398.080,349.700
-443760.210,-1172397.820,349.710
-443760.490,-1172397.570,349.730
-443760.780,-1172397.300,349.730
-443761.060,-1172397.050,349.740
-443761.340,-1172396.790,349.740
-443761.610,-1172396.550,349.750
-443750.430,-1172406.680,350.400
-443750.730,-1172406.410,350.400
-443751.000,-1172406.160,350.400
-443751.300,-1172405.890,350.410
-443751.590,-1172405.620,350.410
-443751.880,-1172405.370,350.420
-443752.150,-1172405.120,350.420
-443752.420,-1172404.870,350.430
-443752.710,-1172404.610,350.440
-443752.990,-1172404.360,350.450
-443753.290,-1172404.080,350.450
-443753.560,-1172403.840,350.460
-443753.850,-1172403.580,350.460
-443754.160,-1172403.300,350.450
-443754.430,-1172403.050,350.420
-443754.470,-1172403.010,350.415
-443754.700,-1172402.810,349.570
-443754.970,-1172402.560,349.560
-443755.250,-1172402.320,349.560
-443755.560,-1172402.030,349.570
-443755.840,-1172401.780,349.570
-443750.980,-1172406.720,350.410
-443751.250,-1172406.480,350.410
-443751.540,-1172406.210,350.420
-443751.800,-1172405.970,350.420
-443752.090,-1172405.720,350.430
-443752.380,-1172405.450,350.430
-443752.660,-1172405.200,350.440
-443752.940,-1172404.940,350.440
-443753.240,-1172404.670,350.450
-443753.520,-1172404.420,350.460
-443753.820,-1172404.150,350.470
-443754.120,-1172403.880,350.460
-443754.410,-1172403.610,350.420
-443754.630,-1172403.410,349.560
-443754.930,-1172403.150,349.550
-443755.230,-1172402.870,349.550
-443755.530,-1172402.600,349.550
-443755.830,-1172402.330,349.550
-443756.110,-1172402.070,349.560
-443756.390,-1172401.820,349.570
-443756.660,-1172401.570,349.570
-443756.950,-1172401.310,349.580
-443757.260,-1172401.030,349.590
-443757.540,-1172400.780,349.590
-443757.840,-1172400.510,349.600
-443758.120,-1172400.250,349.610
-443758.420,-1172399.980,349.620
-443758.700,-1172399.720,349.630
-443751.510,-1172406.640,350.420
-443751.820,-1172406.360,350.420
-443752.090,-1172406.120,350.430
-443752.380,-1172405.850,350.430
-443752.680,-1172405.580,350.440
-443752.970,-1172405.320,350.440
-443753.240,-1172405.070,350.450
-443753.540,-1172404.800,350.470
-443753.860,-1172404.510,350.470
-443754.140,-1172404.250,350.470
-443754.450,-1172403.980,350.440
-443754.410,-1172404.010,350.455
-443754.670,-1172403.770,349.550
-443754.950,-1172403.520,349.530
-443755.230,-1172403.270,349.530
-443755.540,-1172402.990,349.540
-443755.840,-1172402.710,349.540
-443756.410,-1172402.210,349.560
-443756.710,-1172401.930,349.560
-443757.000,-1172401.660,349.570
-443757.270,-1172401.420,349.580
-443757.570,-1172401.150,349.580
-443757.860,-1172400.890,349.590
-443758.150,-1172400.630,349.600
-443758.420,-1172400.380,349.600
-443759.000,-1172399.450,349.630
-443759.270,-1172399.210,349.640
-443759.580,-1172398.930,349.660
-443759.860,-1172398.670,349.670
-443760.140,-1172398.420,349.680
-443760.420,-1172398.160,349.690
-443760.700,-1172397.920,349.710
-443760.990,-1172397.650,349.720
-443761.560,-1172397.140,349.740
-443761.860,-1172396.860,349.740
-443762.140,-1172396.610,349.750
-443758.710,-1172400.120,349.610
-443758.990,-1172399.860,349.620
-443759.270,-1172399.610,349.630
-443759.560,-1172399.350,349.640
-443759.840,-1172399.090,349.650
-443760.130,-1172398.840,349.660
-443760.420,-1172398.570,349.670
-443760.700,-1172398.320,349.680
-443761.000,-1172398.040,349.700
-443761.290,-1172397.780,349.710
-443761.570,-1172397.530,349.720
-443761.860,-1172397.270,349.730
-443762.160,-1172396.990,349.740
-443762.450,-1172396.730,349.750
-443762.730,-1172396.470,349.760
-443760.210,-1172399.240,349.640
-443760.480,-1172398.990,349.650
-443760.760,-1172398.740,349.660
-443761.060,-1172398.470,349.680
-443761.370,-1172398.190,349.690
-443761.660,-1172397.930,349.700
-443761.960,-1172397.660,349.710
-443762.260,-1172397.390,349.730
-443762.540,-1172397.130,349.740
-443762.810,-1172396.890,349.750
-443763.100,-1172396.630,349.750
-443763.370,-1172396.380,349.760
-443752.160,-1172406.530,350.430
-443752.450,-1172406.270,350.440
-443752.740,-1172406.010,350.440
-443753.040,-1172405.730,350.440
-443753.350,-1172405.460,350.455
-443753.640,-1172405.190,350.470
-443753.930,-1172404.930,350.480
-443754.230,-1172404.660,350.480
-443754.510,-1172404.400,350.450
-443754.480,-1172404.430,350.460
-443754.730,-1172404.210,349.520
-443755.010,-1172403.950,349.510
-443755.310,-1172403.680,349.510
-443755.600,-1172403.410,349.520
-443755.910,-1172403.130,349.530
-443756.200,-1172402.870,349.540
-443756.480,-1172402.620,349.540
-443756.760,-1172402.370,349.550
-443757.070,-1172402.090,349.560
-443757.620,-1172401.590,349.570
-443757.910,-1172401.320,349.580
-443758.180,-1172401.080,349.580
-443758.480,-1172400.810,349.590
-443758.750,-1172400.560,349.590
-443759.030,-1172400.310,349.610
-443759.330,-1172400.040,349.610
-443759.610,-1172399.780,349.620
-443759.910,-1172399.520,349.630
-443752.830,-1172406.430,350.440
-443753.100,-1172406.190,350.450
-443753.370,-1172405.940,350.450
-443753.680,-1172405.660,350.470
-443753.980,-1172405.390,350.480
-443754.270,-1172405.120,350.480
-443754.550,-1172404.870,350.470
-443754.560,-1172404.860,350.480
-443754.800,-1172404.650,349.520
-443755.070,-1172404.400,349.500
-443755.360,-1172404.140,349.500
-443755.660,-1172403.870,349.500
-443755.960,-1172403.600,349.510
-443756.230,-1172403.350,349.520
-443756.510,-1172403.100,349.530
-443756.780,-1172402.850,349.530
-443757.060,-1172402.600,349.540
-443757.360,-1172402.330,349.550
-443757.630,-1172402.080,349.555
-443757.930,-1172401.810,349.560
-443758.220,-1172401.550,349.570
-443758.490,-1172401.300,349.580
-443758.810,-1172401.020,349.580
-443759.090,-1172400.760,349.590
-443759.360,-1172400.510,349.600
-443759.640,-1172400.260,349.610
-443759.950,-1172399.980,349.620
-443760.260,-1172399.700,349.630
-443760.540,-1172399.450,349.630
-443760.840,-1172399.170,349.650
-443761.150,-1172398.900,349.660
-443761.420,-1172398.650,349.660
-443761.690,-1172398.410,349.680
-443761.980,-1172398.140,349.690
-443762.270,-1172397.880,349.710
-443762.570,-1172397.610,349.715
-443762.850,-1172397.360,349.730
-443763.150,-1172397.080,349.740
-443763.440,-1172396.820,349.740
-443763.750,-1172396.540,349.750
-443763.910,-1172396.400,349.755
-443753.410,-1172406.490,350.460
-443753.710,-1172406.220,350.460
-443754.020,-1172405.940,350.480
-443754.310,-1172405.680,350.480
-443754.600,-1172405.410,350.485
-443755.370,-1172404.720,349.480
-443755.640,-1172404.470,349.480
-443755.930,-1172404.210,349.490
-443756.230,-1172403.940,349.500
-443756.520,-1172403.680,349.510
-443756.800,-1172403.420,349.520
-443757.100,-1172403.150,349.530
-443757.370,-1172402.910,349.530
-443757.670,-1172402.630,349.540
-443757.960,-1172402.370,349.550
-443758.240,-1172402.120,349.550
-443758.530,-1172401.860,349.560
-443758.810,-1172401.600,349.560
-443759.110,-1172401.330,349.580
-443759.410,-1172401.060,349.580
-443759.710,-1172400.790,349.590
-443760.010,-1172400.520,349.600
-443760.280,-1172400.270,349.610
-443760.550,-1172400.020,349.610
-443760.840,-1172399.770,349.620
-443761.130,-1172399.500,349.630
-443761.430,-1172399.230,349.640
-443761.700,-1172398.980,349.650
-443762.010,-1172398.710,349.660
-443762.300,-1172398.440,349.680
-443762.600,-1172398.170,349.690
-443762.880,-1172397.910,349.700
-443763.180,-1172397.650,349.710
-443763.460,-1172397.390,349.720
-443763.760,-1172397.120,349.730
-443764.040,-1172396.870,349.740
-443764.320,-1172396.610,349.740
-443764.570,-1172396.380,349.750
-443753.910,-1172406.490,350.470
-443754.210,-1172406.230,350.480
-443754.480,-1172405.980,350.480
-443754.600,-1172405.870,350.490
-443755.530,-1172405.030,349.470
-443755.820,-1172404.770,349.480
-443756.120,-1172404.500,349.480
-443756.400,-1172404.240,349.490
-443756.700,-1172403.970,349.500
-443756.990,-1172403.710,349.510
-443757.270,-1172403.460,349.520
-443757.560,-1172403.190,349.530
-443757.880,-1172402.900,349.530
-443758.180,-1172402.630,349.540
-443758.460,-1172402.380,349.550
-443758.740,-1172402.130,349.550
-443759.030,-1172401.860,349.560
-443759.300,-1172401.610,349.570
-443759.590,-1172401.350,349.575
-443759.890,-1172401.080,349.580
-443760.180,-1172400.820,349.590
-443760.470,-1172400.560,349.600
-443760.760,-1172400.290,349.610
-443761.070,-1172400.010,349.610
-443761.350,-1172399.760,349.620
-443761.640,-1172399.500,349.630
-443761.920,-1172399.240,349.640
-443762.220,-1172398.970,349.650
-443762.500,-1172398.720,349.660
-443762.770,-1172398.470,349.670
-443763.060,-1172398.210,349.690
-443763.340,-1172397.960,349.700
-443763.640,-1172397.690,349.710
-443756.170,-1172404.960,349.470
-443756.490,-1172404.670,349.480
-443756.770,-1172404.420,349.490
-443757.080,-1172404.140,349.490
-443757.380,-1172403.870,349.500
-443757.660,-1172403.610,349.510
-443763.900,-1172397.450,349.720
-443764.190,-1172397.190,349.720
-443764.500,-1172396.910,349.740
-443764.760,-1172396.670,349.740
-443765.050,-1172396.410,349.750
-443765.180,-1172396.290,349.750
-443759.680,-1172401.780,349.560
-443759.980,-1172401.510,349.570
-443760.250,-1172401.270,349.570
-443760.550,-1172400.990,349.580
-443760.830,-1172400.750,349.590
-443761.130,-1172400.470,349.600
-443761.410,-1172400.220,349.600
-443761.700,-1172399.960,349.620
-443761.970,-1172399.710,349.620
-443762.250,-1172399.460,349.630
-443762.540,-1172399.190,349.640
-443762.820,-1172398.940,349.650
-443763.100,-1172398.690,349.660
-443763.400,-1172398.420,349.670
-443763.680,-1172398.160,349.680
-443763.980,-1172397.890,349.690
-443764.270,-1172397.630,349.700
-443764.560,-1172397.360,349.720
-443764.830,-1172397.120,349.725
-443765.130,-1172396.850,349.730
-443765.430,-1172396.580,349.740
-443765.710,-1172396.320,349.750
-443754.540,-1172406.440,350.480
-443762.060,-1172400.140,349.610
-443762.350,-1172399.870,349.620
-443762.640,-1172399.610,349.620
-443762.920,-1172399.360,349.630
-443763.210,-1172399.090,349.640
-443763.780,-1172398.570,349.660
-443764.070,-1172398.310,349.670
-443764.380,-1172398.030,349.690
-443764.680,-1172397.760,349.700
-443764.970,-1172397.500,349.710
-443765.270,-1172397.220,349.720
-443765.550,-1172396.970,349.730
-443765.830,-1172396.720,349.740
-443766.110,-1172396.470,349.740
-443757.930,-1172403.370,349.520
-443758.220,-1172403.100,349.530
-443758.520,-1172402.830,349.530
-443759.090,-1172402.320,349.550
-443759.380,-1172402.050,349.550
-443756.880,-1172404.820,349.480
-443757.170,-1172404.550,349.480
-443757.460,-1172404.300,349.490
-443757.770,-1172404.020,349.500
-443758.040,-1172403.770,349.510
-443758.350,-1172403.490,349.510
-443758.630,-1172403.240,349.520
-443758.930,-1172402.960,349.530
-443759.220,-1172402.700,349.530
-443759.510,-1172402.440,349.540
-443759.780,-1172402.200,349.550
-443760.090,-1172401.910,349.560
-443760.360,-1172401.670,349.565
-443760.640,-1172401.420,349.570
-443760.910,-1172401.170,349.570
-443761.200,-1172400.910,349.580
-443761.500,-1172400.640,349.590
-443761.780,-1172400.390,349.600
-443757.330,-1172404.990,349.470
-443757.640,-1172404.700,349.480
-443757.930,-1172404.440,349.480
-443758.220,-1172404.180,349.490
-443758.510,-1172403.910,349.500
-443758.800,-1172403.650,349.510
-443759.080,-1172403.400,349.510
-443759.360,-1172403.140,349.520
-443759.640,-1172402.890,349.530
-443759.930,-1172402.630,349.530
-443760.200,-1172402.380,349.540
-443760.500,-1172402.120,349.550
-443760.790,-1172401.860,349.560
-443761.060,-1172401.610,349.570
-443761.360,-1172401.340,349.570
-443761.620,-1172401.100,349.570
-443761.930,-1172400.820,349.580
-443762.240,-1172400.540,349.590
-443762.520,-1172400.290,349.600
-443762.780,-1172400.050,349.610
-443763.090,-1172399.770,349.620
-443763.370,-1172399.510,349.620
-443763.670,-1172399.250,349.630
-443763.970,-1172398.970,349.640
-443764.270,-1172398.700,349.650
-443764.550,-1172398.450,349.660
-443764.830,-1172398.190,349.680
-443765.110,-1172397.940,349.690
-443765.400,-1172397.680,349.700
-443765.710,-1172397.400,349.710
-443765.970,-1172397.160,349.720
-443766.280,-1172396.880,349.730
-443766.580,-1172396.610,349.730
-443766.870,-1172396.340,349.740
-443757.750,-1172404.940,349.470
-443758.050,-1172404.670,349.480
-443758.320,-1172404.420,349.490
-443758.600,-1172404.170,349.490
-443758.890,-1172403.910,349.490
-443759.180,-1172403.640,349.510
-443759.460,-1172403.390,349.510
-443759.730,-1172403.140,349.520
-443760.030,-1172402.870,349.530
-443760.330,-1172402.610,349.530
-443760.610,-1172402.350,349.550
-443760.910,-1172402.080,349.550
-443761.190,-1172401.830,349.560
-443761.470,-1172401.570,349.570
-443761.760,-1172401.310,349.570
-443762.060,-1172401.040,349.580
-443762.360,-1172400.760,349.590
-443762.650,-1172400.510,349.590
-443762.940,-1172400.240,349.600
-443763.230,-1172399.980,349.610
-443763.510,-1172399.720,349.620
-443763.770,-1172399.490,349.620
-443764.060,-1172399.220,349.630
-443764.380,-1172398.940,349.640
-443764.660,-1172398.690,349.650
-443764.950,-1172398.430,349.670
-443765.240,-1172398.160,349.675
-443765.550,-1172397.880,349.690
-443765.770,-1172397.680,349.700
-443766.390,-1172397.120,349.720
-443766.710,-1172396.830,349.730
-443766.980,-1172396.580,349.730
-443767.250,-1172396.340,349.730
-443767.410,-1172396.200,349.740
-443758.210,-1172404.880,349.470
-443758.500,-1172404.620,349.480
-443758.800,-1172404.340,349.480
-443759.080,-1172404.090,349.490
-443759.380,-1172403.820,349.500
-443759.680,-1172403.550,349.510
-443759.960,-1172403.290,349.510
-443760.240,-1172403.050,349.520
-443760.540,-1172402.770,349.530
-443760.830,-1172402.510,349.540
-443761.130,-1172402.240,349.550
-443761.420,-1172401.970,349.560
-443761.720,-1172401.700,349.560
-443761.990,-1172401.460,349.570
-443762.280,-1172401.200,349.580
-443762.560,-1172400.950,349.580
-443762.850,-1172400.680,349.590
-443763.140,-1172400.410,349.590
-443763.430,-1172400.150,349.600
-443763.730,-1172399.880,349.610
-443764.010,-1172399.630,349.620
-443764.310,-1172399.350,349.630
-443764.600,-1172399.100,349.640
-443764.900,-1172398.820,349.650
-443765.180,-1172398.570,349.660
-443765.470,-1172398.310,349.670
-443765.750,-1172398.050,349.680
-443766.040,-1172397.790,349.695
-443766.300,-1172397.550,349.710
-443766.590,-1172397.300,349.720
-443766.890,-1172397.020,349.720
-443767.160,-1172396.780,349.730
-443767.440,-1172396.520,349.730
-443767.740,-1172396.250,349.740
-443767.930,-1172396.080,349.740
-443764.850,-1172399.250,349.630
-443765.140,-1172398.990,349.640
-443765.450,-1172398.710,349.650
-443765.710,-1172398.480,349.660
-443765.990,-1172398.220,349.670
-443766.290,-1172397.950,349.690
-443766.570,-1172397.700,349.700
-443766.870,-1172397.430,349.710
-443767.160,-1172397.160,349.710
-443767.450,-1172396.900,349.720
-443767.720,-1172396.660,349.730
-443768.000,-1172396.400,349.730
-443768.200,-1172396.230,349.750
-443758.780,-1172404.750,349.475
-443759.090,-1172404.470,349.480
-443759.370,-1172404.210,349.490
-443759.670,-1172403.940,349.490
-443759.970,-1172403.670,349.510
-443760.270,-1172403.400,349.510
-443760.540,-1172403.150,349.520
-443760.830,-1172402.890,349.530
-443761.110,-1172402.640,349.540
-443761.410,-1172402.370,349.550
-443761.700,-1172402.110,349.560
-443761.970,-1172401.860,349.560
-443762.290,-1172401.570,349.570
-443762.570,-1172401.310,349.570
-443762.870,-1172401.040,349.580
-443763.160,-1172400.780,349.590
-443763.450,-1172400.520,349.590
-443763.730,-1172400.270,349.600
-443764.020,-1172400.010,349.610
-443764.310,-1172399.740,349.610
-443764.580,-1172399.500,349.620
-443759.190,-1172404.850,349.470
-443759.480,-1172404.590,349.480
-443759.770,-1172404.330,349.490
-443760.060,-1172404.070,349.490
-443760.360,-1172403.800,349.500
-443760.650,-1172403.540,349.510
-443760.930,-1172403.280,349.520
-443761.240,-1172403.000,349.520
-443761.540,-1172402.730,349.540
-443761.810,-1172402.490,349.550
-443762.120,-1172402.210,349.555
-443762.390,-1172401.960,349.560
-443762.680,-1172401.700,349.560
-443762.960,-1172401.440,349.570
-443763.240,-1172401.190,349.580
-443763.520,-1172400.940,349.580
-443763.800,-1172400.690,349.590
-443764.100,-1172400.410,349.595
-443764.370,-1172400.170,349.600
-443764.640,-1172399.930,349.610
-443764.940,-1172399.650,349.620
-443765.220,-1172399.400,349.630
-443765.530,-1172399.120,349.640
-443765.820,-1172398.850,349.650
-443766.100,-1172398.610,349.660
-443766.380,-1172398.350,349.670
-443766.690,-1172398.080,349.680
-443766.970,-1172397.820,349.690
-443767.270,-1172397.540,349.700
-443767.560,-1172397.280,349.710
-443767.870,-1172397.010,349.720
-443768.150,-1172396.750,349.730
-443768.430,-1172396.490,349.750
-443768.700,-1172396.250,349.775
-443759.640,-1172404.810,349.470
-443759.970,-1172404.520,349.470
-443760.270,-1172404.240,349.485
-443760.530,-1172404.000,349.490
-443760.840,-1172403.730,349.500
-443761.120,-1172403.470,349.510
-443761.420,-1172403.200,349.520
-443761.680,-1172402.960,349.530
-443761.980,-1172402.700,349.540
-443762.270,-1172402.430,349.550
-443762.530,-1172402.190,349.550
-443762.830,-1172401.930,349.560
-443763.120,-1172401.670,349.560
-443763.390,-1172401.420,349.570
-443763.680,-1172401.150,349.580
-443763.960,-1172400.900,349.580
-443764.260,-1172400.630,349.590
-443764.550,-1172400.370,349.590
-443764.830,-1172400.110,349.600
-443765.110,-1172399.860,349.610
-443765.420,-1172399.590,349.620
-443765.700,-1172399.330,349.630
-443765.990,-1172399.070,349.640
-443766.290,-1172398.790,349.650
-443766.600,-1172398.510,349.660
-443766.870,-1172398.270,349.670
-443767.150,-1172398.010,349.680
-443767.430,-1172397.760,349.690
-443767.730,-1172397.490,349.700
-443768.020,-1172397.230,349.710
-443768.300,-1172396.980,349.720
-443768.620,-1172396.690,349.750
-443763.810,-1172401.520,349.560
-443764.080,-1172401.270,349.570
-443764.680,-1172400.730,349.580
-443764.970,-1172400.470,349.590
-443765.270,-1172400.190,349.600
-443765.560,-1172399.930,349.610
-443765.840,-1172399.670,349.615
-443766.130,-1172399.420,349.630
-443766.400,-1172399.180,349.630
-443766.700,-1172398.900,349.640
-443767.000,-1172398.630,349.650
-443767.270,-1172398.380,349.660
-443767.580,-1172398.100,349.670
-443767.870,-1172397.840,349.690
-443768.180,-1172397.560,349.700
-443768.460,-1172397.310,349.720
-443760.390,-1172404.610,349.470
-443760.670,-1172404.360,349.470
-443760.930,-1172404.120,349.480
-443761.230,-1172403.850,349.500
-443761.510,-1172403.590,349.500
-443761.800,-1172403.330,349.510
-443762.080,-1172403.080,349.520
-443762.360,-1172402.820,349.540
-443762.660,-1172402.550,349.540
-443762.930,-1172402.310,349.550
-443763.230,-1172402.040,349.550
-443760.790,-1172404.750,349.460
-443761.090,-1172404.480,349.470
-443761.400,-1172404.200,349.470
-443761.670,-1172403.950,349.490
-443761.980,-1172403.680,349.500
-443762.270,-1172403.410,349.510
-443762.550,-1172403.160,349.520
-443762.820,-1172402.910,349.530
-443763.130,-1172402.640,349.540
-443763.420,-1172402.370,349.540
-443763.720,-1172402.100,349.550
-443764.010,-1172401.840,349.560
-443764.310,-1172401.570,349.560
-443764.600,-1172401.310,349.570
-443764.860,-1172401.070,349.570
-443765.140,-1172400.810,349.580
-443765.440,-1172400.540,349.590
-443765.740,-1172400.270,349.600
-443766.010,-1172400.020,349.610
-443766.310,-1172399.750,349.610
-443766.610,-1172399.490,349.620
-443766.900,-1172399.220,349.630
-443767.170,-1172398.970,349.640
-443767.490,-1172398.690,349.640
-443767.760,-1172398.440,349.660
-443768.060,-1172398.180,349.670
-443768.330,-1172397.930,349.690
-443768.620,-1172397.670,349.710
-443761.270,-1172404.900,349.460
-443761.580,-1172404.620,349.470
-443761.860,-1172404.360,349.480
-443762.160,-1172404.090,349.480
-443762.470,-1172403.810,349.500
-443762.760,-1172403.550,349.510
-443763.060,-1172403.270,349.520
-443763.360,-1172403.000,349.530
-443763.640,-1172402.750,349.530
-443763.920,-1172402.500,349.540
-443764.190,-1172402.250,349.550
-443764.490,-1172401.980,349.550
-443764.780,-1172401.710,349.560
-443765.070,-1172401.460,349.560
-443765.360,-1172401.190,349.570
-443765.650,-1172400.930,349.580
-443765.950,-1172400.660,349.580
-443766.230,-1172400.400,349.590
-443766.530,-1172400.130,349.600
-443766.800,-1172399.890,349.600
-443767.090,-1172399.630,349.610
-443767.380,-1172399.370,349.620
-443767.660,-1172399.110,349.630
-443767.930,-1172398.870,349.640
-443768.220,-1172398.610,349.650
-443768.510,-1172398.340,349.670
-443768.790,-1172398.090,349.710
-443761.800,-1172404.720,349.470
-443762.100,-1172404.450,349.470
-443762.380,-1172404.190,349.490
-443762.650,-1172403.950,349.500
-443762.950,-1172403.670,349.510
-443763.270,-1172403.390,349.510
-443763.530,-1172403.150,349.520
-443763.830,-1172402.880,349.530
-443764.130,-1172402.610,349.540
-443764.430,-1172402.340,349.550
-443764.700,-1172402.100,349.550
-443764.990,-1172401.830,349.560
-443765.270,-1172401.580,349.560
-443765.570,-1172401.310,349.570
-443765.840,-1172401.070,349.570
-443766.120,-1172400.810,349.580
-443766.410,-1172400.550,349.580
-443766.690,-1172400.300,349.590
-443766.970,-1172400.040,349.600
-443767.260,-1172399.780,349.605
-443767.540,-1172399.520,349.610
-443767.820,-1172399.270,349.620
-443768.100,-1172399.020,349.630
-443768.400,-1172398.750,349.650
-443768.700,-1172398.480,349.680
-443762.440,-1172404.520,349.480
-443762.730,-1172404.250,349.480
-443763.030,-1172403.990,349.495
-443763.320,-1172403.720,349.505
-443763.620,-1172403.450,349.510
-443763.900,-1172403.200,349.520
-443764.190,-1172402.940,349.530
-443764.480,-1172402.670,349.540
-443764.750,-1172402.420,349.540
-443765.030,-1172402.180,349.550
-443765.310,-1172401.920,349.560
-443765.600,-1172401.660,349.560
-443765.880,-1172401.410,349.560
-443766.150,-1172401.160,349.570
-443766.450,-1172400.890,349.570
-443766.730,-1172400.630,349.580
-443767.040,-1172400.360,349.590
-443767.310,-1172400.110,349.590
-443767.600,-1172399.840,349.600
-443767.880,-1172399.600,349.610
-443768.170,-1172399.340,349.620
-443768.460,-1172399.070,349.640
-443768.770,-1172398.790,349.670
-443762.810,-1172404.570,349.470
-443763.120,-1172404.290,349.480
-443763.400,-1172404.040,349.490
-443763.670,-1172403.800,349.500
-443763.950,-1172403.550,349.510
-443764.240,-1172403.280,349.520
-443764.530,-1172403.020,349.520
-443764.810,-1172402.770,349.530
-443765.090,-1172402.520,349.540
-443765.390,-1172402.250,349.550
-443765.660,-1172402.000,349.550
-443765.950,-1172401.730,349.560
-443766.260,-1172401.460,349.560
-443766.530,-1172401.210,349.560
-443766.810,-1172400.960,349.570
-443767.110,-1172400.690,349.580
-443767.400,-1172400.430,349.580
-443767.690,-1172400.170,349.590
-443767.980,-1172399.900,349.600
-443768.290,-1172399.620,349.615
-443768.570,-1172399.370,349.630
-443768.840,-1172399.120,349.670
-443763.920,-1172404.490,349.470
-443764.210,-1172404.230,349.480
-443764.490,-1172403.970,349.490
-443764.790,-1172403.700,349.490
-443763.350,-1172404.630,349.470
-443763.650,-1172404.360,349.470
-443763.930,-1172404.110,349.480
-443764.230,-1172403.830,349.500
-443764.510,-1172403.580,349.500
-443764.800,-1172403.320,349.510
-443765.110,-1172403.040,349.520
-443765.390,-1172402.790,349.530
-443765.660,-1172402.550,349.530
-443765.960,-1172402.270,349.540
-443766.260,-1172402.000,349.550
-443766.540,-1172401.750,349.550
-443766.840,-1172401.470,349.560
-443767.140,-1172401.200,349.560
-443767.410,-1172400.960,349.570
-443767.700,-1172400.700,349.580
-443767.970,-1172400.450,349.590
-443768.270,-1172400.180,349.600
-443768.570,-1172399.910,349.610
-443768.840,-1172399.670,349.640
-443764.400,-1172404.570,349.470
-443764.700,-1172404.300,349.480
-443765.100,-1172403.420,349.510
-443765.410,-1172403.140,349.520
-443765.690,-1172402.890,349.520
-443765.970,-1172402.640,349.530
-443766.250,-1172402.380,349.530
-443766.530,-1172402.130,349.540
-443766.810,-1172401.880,349.540
-443767.120,-1172401.600,349.550
-443767.390,-1172401.350,349.560
-443767.690,-1172401.080,349.560
-443767.980,-1172400.820,349.570
-443768.290,-1172400.540,349.590
-443768.570,-1172400.290,349.610
-443768.860,-1172400.030,349.630
-443764.980,-1172404.040,349.480
-443765.260,-1172403.790,349.490
-443765.540,-1172403.540,349.500
-443765.840,-1172403.270,349.510
-443766.140,-1172402.990,349.520
-443766.410,-1172402.750,349.530
-443766.720,-1172402.480,349.530
-443767.010,-1172402.210,349.540
-443767.310,-1172401.940,349.540
-443767.590,-1172401.690,349.550
-443767.890,-1172401.410,349.560
-443768.180,-1172401.150,349.570
-443768.480,-1172400.880,349.580
-443768.730,-1172400.650,349.610
-443764.990,-1172404.530,349.470
-443765.310,-1172404.250,349.470
-443765.600,-1172403.980,349.480
-443765.900,-1172403.710,349.490
-443766.190,-1172403.450,349.500
-443766.480,-1172403.190,349.510
-443766.760,-1172402.940,349.520
-443767.040,-1172402.680,349.530
-443767.330,-1172402.420,349.530
-443767.610,-1172402.170,349.540
-443767.880,-1172401.920,349.540
-443768.160,-1172401.670,349.550
-443768.460,-1172401.400,349.570
-443768.740,-1172401.150,349.590
-443765.650,-1172404.480,349.460
-443765.950,-1172404.210,349.470
-443766.240,-1172403.950,349.480
-443766.520,-1172403.690,349.490
-443766.800,-1172403.440,349.500
-443767.080,-1172403.190,349.510
-443767.380,-1172402.920,349.510
-443767.660,-1172402.660,349.520
-443767.930,-1172402.420,349.530
-443768.230,-1172402.140,349.540
-443768.510,-1172401.890,349.550
-443768.810,-1172401.620,349.580
-443766.860,-1172404.090,349.470
-443767.150,-1172403.840,349.480
-443767.430,-1172403.580,349.480
-443767.740,-1172403.300,349.500
-443768.030,-1172403.040,349.500
-443768.320,-1172402.770,349.510
-443768.630,-1172402.500,349.535
-443768.910,-1172402.240,349.560
-443765.940,-1172404.550,349.460
-443766.260,-1172404.270,349.465
-443766.540,-1172404.010,349.470
-443766.820,-1172403.760,349.480
-443767.100,-1172403.500,349.490
-443767.390,-1172403.240,349.500
-443767.700,-1172402.970,349.510
-443767.970,-1172402.720,349.510
-443768.260,-1172402.450,349.530
-443768.550,-1172402.200,349.540
-443768.850,-1172401.920,349.570
-443766.890,-1172404.540,349.455
-443767.210,-1172404.260,349.460
-443767.520,-1172403.980,349.470
-443767.780,-1172403.740,349.470
-443768.040,-1172403.500,349.480
-443768.330,-1172403.250,349.500
-443768.640,-1172402.960,349.520
-443768.930,-1172402.700,349.550
-443766.580,-1172404.340,349.460
-443767.520,-1172404.450,349.450
-443767.820,-1172404.180,349.460
-443768.100,-1172403.920,349.470
-443768.400,-1172403.650,349.480
-443768.700,-1172403.380,349.500
-443768.980,-1172403.130,349.540
-443768.140,-1172404.290,349.450
-443768.420,-1172404.040,349.470
-443768.720,-1172403.760,349.480
-443768.990,-1172403.530,349.510
-443768.400,-1172404.510,349.450
-443768.640,-1172404.290,349.460
-443768.950,-1172404.020,349.490
-443733.290,-1172410.560,350.500
-443733.170,-1172410.900,350.490
-443733.190,-1172410.810,350.490
-443733.700,-1172408.570,350.500
-443733.570,-1172408.910,350.510
-443733.450,-1172409.250,350.490
-443733.320,-1172409.590,350.490
-443733.200,-1172409.930,350.480
-443733.220,-1172409.850,350.490
-443733.100,-1172410.180,350.470
-443733.120,-1172408.440,350.470
-443733.140,-1172408.360,350.480
-443734.800,-1172408.600,350.470
-443734.670,-1172408.950,350.480
-443734.550,-1172409.280,350.480
-443734.430,-1172409.610,350.480
-443734.300,-1172409.950,350.495
-443734.170,-1172410.310,350.510
-443734.060,-1172410.620,350.520
-443733.940,-1172410.940,350.520
-443733.810,-1172411.300,350.530
-443733.680,-1172411.650,350.530
-443733.550,-1172411.990,350.510
-443733.810,-1172411.250,350.530
-443733.570,-1172411.900,350.525
-443734.710,-1172408.230,350.480
-443734.580,-1172408.580,350.480
-443734.460,-1172408.910,350.480
-443734.350,-1172409.210,350.490
-443734.230,-1172409.530,350.490
-443734.100,-1172409.890,350.500
-443733.980,-1172410.220,350.510
-443733.860,-1172410.540,350.520
-443733.740,-1172410.880,350.520
-443733.610,-1172411.210,350.520
-443733.480,-1172411.570,350.510
-443733.360,-1172411.900,350.470
-443733.390,-1172411.800,350.500
-443734.140,-1172408.250,350.500
-443734.020,-1172408.570,350.500
-443733.900,-1172408.910,350.500
-443733.780,-1172409.240,350.500
-443733.650,-1172409.580,350.505
-443733.530,-1172409.910,350.500
-443733.410,-1172410.240,350.500
-443735.880,-1172408.100,350.450
-443735.750,-1172408.450,350.460
-443735.620,-1172408.800,350.460
-443735.500,-1172409.140,350.470
-443735.380,-1172409.460,350.470
-443735.260,-1172409.800,350.480
-443735.140,-1172410.120,350.480
-443735.010,-1172410.470,350.490
-443734.880,-1172410.810,350.500
-443734.760,-1172411.140,350.500
-443734.630,-1172411.490,350.510
-443734.510,-1172411.820,350.520
-443734.390,-1172412.160,350.530
-443734.640,-1172411.430,350.510
-443734.530,-1172411.730,350.520
-443734.420,-1172412.040,350.530
-443735.450,-1172408.450,350.460
-443735.330,-1172408.770,350.470
-443735.210,-1172409.100,350.470
-443735.080,-1172409.450,350.470
-443734.960,-1172409.800,350.480
-443734.830,-1172410.140,350.490
-443734.700,-1172410.490,350.490
-443734.570,-1172410.830,350.500
-443734.450,-1172411.170,350.510
-443734.340,-1172411.470,350.530
-443734.220,-1172411.800,350.530
-443734.090,-1172412.160,350.530
-443734.350,-1172411.400,350.525
-443734.240,-1172411.720,350.530
-443734.130,-1172412.010,350.530
-443734.910,-1172408.290,350.470
-443736.740,-1172408.050,350.440
-443736.620,-1172408.380,350.440
-443736.490,-1172408.720,350.440
-443736.360,-1172409.070,350.450
-443736.240,-1172409.410,350.460
-443736.120,-1172409.740,350.470
-443735.990,-1172410.090,350.470
-443735.870,-1172410.420,350.470
-443735.750,-1172410.760,350.480
-443735.630,-1172411.070,350.490
-443735.510,-1172411.390,350.500
-443735.390,-1172411.720,350.505
-443735.270,-1172412.050,350.520
-443735.410,-1172411.630,350.500
-443736.380,-1172408.250,350.440
-443736.270,-1172408.570,350.450
-443736.150,-1172408.890,350.450
-443736.020,-1172409.230,350.460
-443735.890,-1172409.590,350.470
-443735.770,-1172409.910,350.470
-443735.650,-1172410.250,350.470
-443735.520,-1172410.600,350.480
-443735.390,-1172410.950,350.490
-443735.270,-1172411.280,350.500
-443735.150,-1172411.620,350.510
-443735.030,-1172411.940,350.520
-443735.070,-1172411.800,350.510
-443737.740,-1172407.960,350.430
-443737.620,-1172408.290,350.430
-443737.510,-1172408.600,350.440
-443737.390,-1172408.910,350.440
-443737.260,-1172409.280,350.450
-443737.140,-1172409.610,350.460
-443737.020,-1172409.930,350.460
-443736.890,-1172410.270,350.460
-443736.760,-1172410.630,350.470
-443736.650,-1172410.940,350.480
-443736.520,-1172411.300,350.490
-443736.400,-1172411.610,350.500
-443736.280,-1172411.950,350.505
-443736.420,-1172411.530,350.490
-443737.340,-1172408.210,350.430
-443737.210,-1172408.550,350.440
-443737.090,-1172408.880,350.440
-443736.960,-1172409.240,350.450
-443736.850,-1172409.550,350.460
-443736.730,-1172409.870,350.460
-443736.610,-1172410.200,350.470
-443736.490,-1172410.530,350.470
-443736.360,-1172410.870,350.470
-443736.250,-1172411.190,350.490
-443736.120,-1172411.540,350.495
-443735.990,-1172411.880,350.510
-443736.140,-1172411.440,350.490
-443738.270,-1172408.520,350.430
-443738.150,-1172408.850,350.440
-443738.040,-1172409.170,350.445
-443737.900,-1172409.520,350.450
-443737.780,-1172409.860,350.460
-443737.660,-1172410.200,350.460
-443737.530,-1172410.550,350.470
-443737.400,-1172410.910,350.470
-443737.280,-1172411.230,350.480
-443737.160,-1172411.550,350.490
-443737.040,-1172411.870,350.500
-443737.290,-1172411.150,350.480
-443737.180,-1172411.470,350.490
-443737.060,-1172411.770,350.500
-443738.400,-1172408.180,350.430
-443738.250,-1172408.010,350.430
-443738.130,-1172408.330,350.430
-443738.020,-1172408.650,350.440
-443737.890,-1172409.000,350.440
-443737.760,-1172409.350,350.450
-443737.640,-1172409.680,350.460
-443737.400,-1172410.330,350.460
-443737.270,-1172410.680,350.470
-443737.150,-1172411.020,350.480
-443737.020,-1172411.370,350.490
-443736.890,-1172411.730,350.500
-443736.770,-1172412.040,350.510
-443737.030,-1172411.310,350.490
-443736.920,-1172411.610,350.500
-443737.990,-1172411.670,350.485
-443737.870,-1172412.010,350.500
-443737.930,-1172411.840,350.490
-443739.150,-1172407.810,350.420
-443739.020,-1172408.160,350.420
-443738.900,-1172408.480,350.430
-443738.770,-1172408.850,350.440
-443738.640,-1172409.190,350.440
-443738.510,-1172409.530,350.450
-443738.390,-1172409.870,350.460
-443738.270,-1172410.200,350.470
-443738.150,-1172410.530,350.480
-443738.020,-1172410.870,350.480
-443737.900,-1172411.210,350.480
-443737.770,-1172411.540,350.480
-443737.650,-1172411.880,350.500
-443737.910,-1172411.150,350.480
-443737.790,-1172411.460,350.480
-443737.670,-1172411.790,350.500
-443739.970,-1172407.820,350.420
-443739.850,-1172408.160,350.420
-443739.730,-1172408.490,350.430
-443739.600,-1172408.820,350.430
-443739.470,-1172409.180,350.440
-443739.350,-1172409.530,350.450
-443739.220,-1172409.870,350.460
-443739.100,-1172410.200,350.470
-443738.960,-1172410.560,350.470
-443738.850,-1172410.870,350.480
-443738.730,-1172411.200,350.480
-443738.610,-1172411.540,350.480
-443738.490,-1172411.860,350.480
-443738.750,-1172411.120,350.480
-443738.630,-1172411.420,350.480
-443738.530,-1172411.710,350.480
-443739.320,-1172408.110,350.420
-443739.200,-1172408.430,350.430
-443739.080,-1172408.750,350.440
-443738.960,-1172409.090,350.440
-443738.830,-1172409.430,350.450
-443738.710,-1172409.770,350.460
-443738.590,-1172410.100,350.470
-443738.450,-1172410.450,350.470
-443738.330,-1172410.780,350.480
-443738.210,-1172411.130,350.480
-443738.090,-1172411.450,350.480
-443737.950,-1172411.820,350.490
-443738.100,-1172411.370,350.480
-443739.690,-1172410.630,350.470
-443739.560,-1172410.980,350.470
-443739.430,-1172411.340,350.480
-443739.310,-1172411.660,350.480
-443739.200,-1172411.950,350.480
-443739.340,-1172411.550,350.480
-443739.300,-1172411.650,350.480
-443740.770,-1172407.690,350.420
-443740.660,-1172408.000,350.430
-443740.540,-1172408.310,350.430
-443740.420,-1172408.640,350.430
-443740.300,-1172408.970,350.440
-443740.170,-1172409.330,350.450
-443740.060,-1172409.630,350.450
-443739.930,-1172409.970,350.460
-443739.800,-1172410.320,350.460
-443740.130,-1172407.910,350.420
-443740.000,-1172408.250,350.430
-443739.880,-1172408.580,350.430
-443739.760,-1172408.910,350.440
-443739.640,-1172409.240,350.440
-443739.510,-1172409.590,350.450
-443739.390,-1172409.920,350.460
-443739.270,-1172410.240,350.470
-443739.150,-1172410.570,350.470
-443739.030,-1172410.900,350.480
-443738.910,-1172411.220,350.480
-443738.780,-1172411.560,350.480
-443738.670,-1172411.890,350.480
-443738.920,-1172411.150,350.480
-443738.800,-1172411.490,350.480
-443738.700,-1172411.770,350.480
-443740.250,-1172411.820,350.490
-443741.550,-1172407.630,350.430
-443741.430,-1172407.950,350.435
-443741.310,-1172408.280,350.440
-443741.180,-1172408.640,350.440
-443741.060,-1172408.980,350.450
-443740.940,-1172409.290,350.450
-443740.810,-1172409.640,350.450
-443740.690,-1172409.990,350.460
-443740.560,-1172410.340,350.460
-443740.430,-1172410.680,350.465
-443740.310,-1172411.020,350.470
-443740.180,-1172411.360,350.480
-443740.060,-1172411.680,350.480
-443740.320,-1172410.960,350.470
-443739.960,-1172411.970,350.490
-443740.210,-1172411.240,350.480
-443740.090,-1172411.560,350.480
-443741.010,-1172407.690,350.430
-443740.890,-1172408.030,350.430
-443740.770,-1172408.350,350.430
-443740.650,-1172408.670,350.440
-443740.520,-1172409.020,350.440
-443740.400,-1172409.350,350.450
-443740.280,-1172409.690,350.450
-443740.150,-1172410.040,350.460
-443740.020,-1172410.370,350.460
-443739.910,-1172410.690,350.470
-443739.780,-1172411.030,350.470
-443739.660,-1172411.370,350.480
-443739.520,-1172411.740,350.480
-443739.780,-1172411.010,350.470
-443739.400,-1172412.070,350.490
-443739.660,-1172411.330,350.480
-443739.540,-1172411.650,350.480
-443742.190,-1172408.240,350.450
-443742.070,-1172408.570,350.450
-443741.960,-1172408.880,350.450
-443741.830,-1172409.230,350.450
-443741.700,-1172409.570,350.460
-443741.580,-1172409.900,350.460
-443741.450,-1172410.250,350.460
-443741.330,-1172410.590,350.470
-443741.190,-1172410.950,350.480
-443741.070,-1172411.270,350.480
-443740.950,-1172411.620,350.490
-443740.830,-1172411.950,350.500
-443741.080,-1172411.230,350.480
-443740.970,-1172411.520,350.480
-443741.720,-1172407.880,350.440
-443741.590,-1172408.230,350.440
-443741.470,-1172408.560,350.440
-443741.340,-1172408.910,350.450
-443741.210,-1172409.260,350.450
-443741.090,-1172409.590,350.450
-443740.970,-1172409.910,350.460
-443740.850,-1172410.230,350.460
-443740.720,-1172410.590,350.470
-443740.590,-1172410.930,350.470
-443740.470,-1172411.270,350.480
-443740.340,-1172411.620,350.480
-443740.230,-1172411.920,350.490
-443740.480,-1172411.200,350.480
-443740.370,-1172411.520,350.480
-443742.680,-1172407.740,350.450
-443742.550,-1172408.080,350.450
-443742.440,-1172408.400,350.450
-443742.300,-1172408.760,350.450
-443742.180,-1172409.100,350.450
-443741.930,-1172409.780,350.460
-443741.810,-1172410.110,350.460
-443741.680,-1172410.440,350.470
-443741.560,-1172410.770,350.475
-443741.440,-1172411.100,350.480
-443741.320,-1172411.440,350.480
-443741.210,-1172411.740,350.490
-443741.470,-1172411.000,350.480
-443741.340,-1172411.330,350.480
-443741.240,-1172411.630,350.490
-443742.440,-1172407.570,350.440
-443742.310,-1172407.910,350.450
-443743.430,-1172407.670,350.460
-443743.320,-1172407.980,350.460
-443743.200,-1172408.310,350.460
-443743.070,-1172408.640,350.460
-443742.950,-1172408.970,350.460
-443742.830,-1172409.300,350.460
-443742.710,-1172409.630,350.470
-443742.590,-1172409.950,350.470
-443742.460,-1172410.300,350.470
-443742.350,-1172410.610,350.480
-443742.220,-1172410.970,350.480
-443742.080,-1172411.330,350.480
-443741.970,-1172411.650,350.490
-443742.110,-1172411.210,350.480
-443741.990,-1172411.540,350.490
-443743.200,-1172407.660,350.460
-443743.080,-1172407.980,350.460
-443742.950,-1172408.330,350.460
-443742.830,-1172408.660,350.460
-443742.710,-1172409.000,350.460
-443742.590,-1172409.310,350.460
-443742.470,-1172409.650,350.460
-443742.350,-1172409.970,350.465
-443742.230,-1172410.290,350.470
-443742.100,-1172410.640,350.480
-443741.980,-1172410.970,350.480
-443741.860,-1172411.300,350.480
-443741.740,-1172411.630,350.490
-443742.000,-1172410.890,350.480
-443741.620,-1172411.940,350.500
-443741.880,-1172411.200,350.480
-443741.760,-1172411.530,350.490
-443743.010,-1172411.280,350.490
-443744.030,-1172407.600,350.460
-443743.910,-1172407.920,350.460
-443743.790,-1172408.260,350.460
-443743.670,-1172408.590,350.460
-443743.550,-1172408.920,350.470
-443743.410,-1172409.290,350.470
-443743.290,-1172409.620,350.480
-443743.170,-1172409.940,350.480
-443743.050,-1172410.260,350.480
-443742.920,-1172410.620,350.480
-443742.800,-1172410.960,350.490
-443742.670,-1172411.310,350.490
-443742.540,-1172411.660,350.500
-443742.680,-1172411.240,350.490
-443742.570,-1172411.530,350.490
-443744.150,-1172410.360,350.500
-443744.020,-1172410.700,350.500
-443743.900,-1172411.020,350.510
-443743.780,-1172411.370,350.510
-443743.660,-1172411.690,350.515
-443743.830,-1172411.200,350.510
-443743.910,-1172410.970,350.510
-443743.790,-1172411.280,350.510
-443743.690,-1172411.570,350.510
-443744.960,-1172407.440,350.440
-443744.830,-1172407.800,350.440
-443744.700,-1172408.140,350.450
-443744.580,-1172408.480,350.460
-443744.450,-1172408.830,350.460
-443744.310,-1172409.210,350.470
-443744.200,-1172409.520,350.480
-443744.080,-1172409.830,350.490
-443743.960,-1172410.170,350.490
-443743.820,-1172410.530,350.500
-443743.710,-1172410.840,350.500
-443743.590,-1172411.170,350.510
-443743.450,-1172411.530,350.510
-443743.710,-1172410.800,350.500
-443743.380,-1172411.730,350.510
-443743.600,-1172411.110,350.510
-443743.480,-1172411.420,350.510
-443744.360,-1172407.650,350.450
-443744.230,-1172407.990,350.460
-443744.110,-1172408.320,350.460
-443743.990,-1172408.640,350.465
-443743.860,-1172408.990,350.470
-443743.740,-1172409.340,350.480
-443743.610,-1172409.680,350.490
-443743.480,-1172410.030,350.490
-443743.350,-1172410.380,350.490
-443743.230,-1172410.710,350.490
-443743.120,-1172411.030,350.490
-443742.990,-1172411.360,350.490
-443742.870,-1172411.680,350.500
-443743.130,-1172410.950,350.490
-443744.820,-1172410.140,350.480
-443744.700,-1172410.450,350.490
-443744.590,-1172410.770,350.500
-443744.450,-1172411.130,350.500
-443744.340,-1172411.450,350.510
-443744.600,-1172410.710,350.500
-443744.480,-1172411.030,350.510
-443744.370,-1172411.320,350.510
-443744.260,-1172411.610,350.520
-443745.150,-1172407.640,350.440
-443745.020,-1172407.980,350.440
-443744.900,-1172408.310,350.450
-443744.780,-1172408.630,350.450
-443744.660,-1172408.970,350.460
-443744.530,-1172409.330,350.470
-443744.410,-1172409.650,350.480
-443744.280,-1172410.000,350.480
-443745.330,-1172409.630,350.460
-443745.210,-1172409.960,350.470
-443745.080,-1172410.320,350.490
-443744.960,-1172410.640,350.500
-443744.840,-1172410.960,350.500
-443744.700,-1172411.330,350.510
-443744.960,-1172410.600,350.490
-443744.590,-1172411.640,350.520
-443744.850,-1172410.910,350.500
-443744.730,-1172411.220,350.510
-443744.610,-1172411.540,350.510
-443745.820,-1172407.420,350.430
-443745.700,-1172407.750,350.430
-443745.580,-1172408.080,350.440
-443745.450,-1172408.440,350.440
-443745.320,-1172408.790,350.450
-443745.200,-1172409.120,350.460
-443745.080,-1172409.450,350.460
-443744.950,-1172409.790,350.470
-443746.180,-1172407.320,350.420
-443746.060,-1172407.660,350.430
-443745.930,-1172407.990,350.435
-443745.810,-1172408.320,350.440
-443745.690,-1172408.660,350.440
-443745.560,-1172409.000,350.450
-443745.450,-1172409.310,350.460
-443747.160,-1172407.200,350.420
-443747.030,-1172407.560,350.420
-443746.900,-1172407.900,350.420
-443746.780,-1172408.220,350.430
-443746.660,-1172408.550,350.440
-443746.540,-1172408.880,350.445
-443746.410,-1172409.230,350.450
-443746.800,-1172407.270,350.420
-443746.680,-1172407.610,350.420
-443746.570,-1172407.910,350.430
-443746.450,-1172408.220,350.430
-443746.320,-1172408.570,350.440
-443746.190,-1172408.930,350.445
-443746.070,-1172409.250,350.450
-443745.950,-1172409.570,350.460
-443745.820,-1172409.930,350.470
-443745.700,-1172410.260,350.480
-443745.570,-1172410.600,350.490
-443745.440,-1172410.950,350.495
-443745.320,-1172411.290,350.500
-443745.210,-1172411.590,350.520
-443745.350,-1172411.180,350.500
-443746.430,-1172411.030,350.500
-443746.300,-1172411.360,350.510
-443747.780,-1172407.410,350.420
-443747.650,-1172407.740,350.420
-443747.410,-1172408.420,350.430
-443747.280,-1172408.750,350.440
-443747.160,-1172409.090,350.440
-443747.030,-1172409.440,350.450
-443746.900,-1172409.790,350.460
-443746.770,-1172410.120,350.470
-443746.640,-1172410.480,350.480
-443746.520,-1172410.810,350.490
-443746.400,-1172411.150,350.500
-443746.280,-1172409.580,350.460
-443746.170,-1172409.890,350.470
-443746.040,-1172410.230,350.480
-443745.910,-1172410.580,350.490
-443745.780,-1172410.930,350.490
-443745.660,-1172411.270,350.500
-443745.540,-1172411.600,350.520
-443745.800,-1172410.860,350.490
-443748.170,-1172407.230,350.420
-443748.040,-1172407.580,350.420
-443747.920,-1172407.920,350.420
-443747.790,-1172408.280,350.425
-443747.660,-1172408.620,350.430
-443747.530,-1172408.970,350.440
-443747.300,-1172409.590,350.460
-443747.170,-1172409.950,350.470
-443747.040,-1172410.300,350.480
-443746.910,-1172410.640,350.480
-443746.790,-1172410.970,350.490
-443746.670,-1172411.300,350.500
-443746.550,-1172411.630,350.510
-443746.590,-1172411.520,350.510
-443746.800,-1172410.920,350.490
-443746.680,-1172411.230,350.500
-443746.570,-1172411.530,350.510
-443746.280,-1172411.450,350.510
-443746.550,-1172410.700,350.490
-443748.740,-1172407.040,350.420
-443748.610,-1172407.390,350.420
-443748.490,-1172407.700,350.420
-443748.370,-1172408.030,350.420
-443748.250,-1172408.360,350.430
-443748.110,-1172408.730,350.440
-443747.990,-1172409.050,350.450
-443747.870,-1172409.380,350.460
-443747.740,-1172409.740,350.460
-443747.610,-1172410.080,350.470
-443747.490,-1172410.410,350.480
-443747.360,-1172410.750,350.490
-443747.240,-1172411.100,350.500
-443747.120,-1172411.430,350.510
-443747.380,-1172410.680,350.490
-443747.260,-1172410.990,350.500
-443747.150,-1172411.310,350.510
-443748.880,-1172407.200,350.420
-443748.740,-1172407.560,350.420
-443748.620,-1172407.890,350.420
-443748.500,-1172408.220,350.420
-443748.370,-1172408.590,350.440
-443748.240,-1172408.940,350.450
-443748.120,-1172409.250,350.460
-443747.990,-1172409.620,350.460
-443747.870,-1172409.940,350.470
-443747.740,-1172410.290,350.480
-443747.620,-1172410.600,350.490
-443747.500,-1172410.930,350.500
-443747.370,-1172411.280,350.510
-443747.630,-1172410.540,350.480
-443747.260,-1172411.580,350.520
-443747.520,-1172410.840,350.490
-443747.400,-1172411.170,350.500
-443747.290,-1172411.460,350.510
-443749.530,-1172407.050,350.410
-443749.420,-1172407.370,350.415
-443749.290,-1172407.690,350.420
-443749.160,-1172408.050,350.420
-443749.040,-1172408.380,350.430
-443748.910,-1172408.730,350.440
-443748.790,-1172409.050,350.450
-443748.670,-1172409.390,350.465
-443748.550,-1172409.710,350.470
-443748.430,-1172410.030,350.480
-443748.300,-1172410.380,350.480
-443748.180,-1172410.710,350.490
-443748.060,-1172411.040,350.500
-443747.940,-1172411.370,350.520
-443748.190,-1172410.640,350.490
-443748.090,-1172410.930,350.500
-443747.960,-1172411.260,350.510
-443750.380,-1172407.130,350.415
-443750.250,-1172407.470,350.420
-443750.140,-1172407.780,350.430
-443750.010,-1172408.120,350.430
-443749.890,-1172408.460,350.440
-443749.900,-1172406.960,350.410
-443749.770,-1172407.310,350.410
-443749.650,-1172407.630,350.420
-443749.540,-1172407.940,350.420
-443749.410,-1172408.280,350.430
-443749.290,-1172408.620,350.440
-443749.170,-1172408.950,350.450
-443749.040,-1172409.290,350.460
-443748.920,-1172409.620,350.470
-443748.790,-1172409.960,350.480
-443748.670,-1172410.290,350.490
-443748.540,-1172410.640,350.500
-443748.410,-1172410.990,350.500
-443748.290,-1172411.320,350.510
-443748.180,-1172411.620,350.520
-443748.310,-1172411.220,350.510
-443750.700,-1172407.070,350.415
-443750.570,-1172407.410,350.420
-443750.450,-1172407.740,350.430
-443750.320,-1172408.100,350.430
-443750.190,-1172408.440,350.440
-443750.070,-1172408.750,350.450
-443749.950,-1172409.090,350.460
-443749.820,-1172409.450,350.470
-443749.680,-1172409.810,350.480
-443749.560,-1172410.140,350.490
-443749.430,-1172410.490,350.500
-443749.770,-1172408.780,350.450
-443749.640,-1172409.140,350.460
-443749.500,-1172409.510,350.470
-443749.380,-1172409.830,350.480
-443749.270,-1172410.130,350.490
-443749.140,-1172410.490,350.500
-443749.000,-1172410.850,350.500
-443748.880,-1172411.180,350.510
-443748.760,-1172411.510,350.520
-443748.910,-1172411.060,350.510
-443751.270,-1172407.130,350.420
-443751.130,-1172407.480,350.430
-443751.000,-1172407.830,350.430
-443750.880,-1172408.170,350.440
-443749.310,-1172410.820,350.500
-443749.190,-1172411.150,350.510
-443749.070,-1172411.460,350.520
-443749.220,-1172411.020,350.510
-443750.760,-1172408.510,350.450
-443750.630,-1172408.840,350.450
-443750.510,-1172409.180,350.460
-443750.390,-1172409.510,350.470
-443750.270,-1172409.820,350.475
-443750.130,-1172410.210,350.480
-443750.010,-1172410.530,350.490
-443749.890,-1172410.860,350.500
-443749.760,-1172411.210,350.510
-443750.020,-1172410.470,350.490
-443749.640,-1172411.510,350.520
-443749.890,-1172410.800,350.500
-443749.780,-1172411.100,350.510
-443751.650,-1172406.820,350.420
-443751.520,-1172407.170,350.430
-443751.410,-1172407.480,350.430
-443751.290,-1172407.810,350.430
-443751.160,-1172408.150,350.440
-443751.040,-1172408.470,350.440
-443750.910,-1172408.830,350.460
-443750.790,-1172409.160,350.460
-443750.660,-1172409.500,350.470
-443750.530,-1172409.850,350.470
-443750.410,-1172410.180,350.480
-443750.280,-1172410.540,350.490
-443750.150,-1172410.870,350.500
-443750.030,-1172411.200,350.500
-443749.910,-1172411.520,350.520
-443750.170,-1172410.790,350.500
-443750.060,-1172411.090,350.505
-443749.970,-1172411.330,350.510
-443752.040,-1172407.050,350.430
-443751.910,-1172407.420,350.435
-443751.790,-1172407.750,350.440
-443751.660,-1172408.080,350.440
-443751.530,-1172408.440,350.450
-443751.400,-1172408.790,350.460
-443751.280,-1172409.120,350.470
-443751.150,-1172409.460,350.470
-443751.030,-1172409.790,350.480
-443750.900,-1172410.140,350.490
-443750.780,-1172410.460,350.490
-443750.670,-1172410.780,350.500
-443750.540,-1172411.110,350.500
-443750.420,-1172411.430,350.510
-443750.560,-1172411.030,350.505
-443750.590,-1172410.960,350.500
-443750.480,-1172411.250,350.510
-443752.390,-1172406.770,350.440
-443752.260,-1172407.100,350.440
-443752.150,-1172407.420,350.440
-443752.010,-1172407.780,350.440
-443751.890,-1172408.120,350.450
-443751.770,-1172408.450,350.450
-443751.650,-1172408.770,350.460
-443751.520,-1172409.120,350.470
-443751.400,-1172409.430,350.470
-443751.280,-1172409.760,350.480
-443751.150,-1172410.100,350.490
-443751.030,-1172410.430,350.490
-443750.910,-1172410.760,350.500
-443750.780,-1172411.110,350.500
-443750.670,-1172411.420,350.510
-443750.840,-1172410.920,350.500
-443750.750,-1172411.140,350.500
-443752.890,-1172406.990,350.450
-443752.760,-1172407.320,350.450
-443752.640,-1172407.650,350.450
-443752.520,-1172407.980,350.450
-443752.400,-1172408.300,350.460
-443752.270,-1172408.660,350.460
-443752.160,-1172408.960,350.470
-443752.030,-1172409.290,350.475
-443751.900,-1172409.640,350.480
-443751.780,-1172409.980,350.490
-443751.660,-1172410.310,350.490
-443751.530,-1172410.660,350.500
-443751.400,-1172411.000,350.500
-443751.290,-1172411.310,350.510
-443753.190,-1172406.940,350.450
-443753.080,-1172407.260,350.450
-443752.950,-1172407.590,350.450
-443752.830,-1172407.930,350.455
-443752.710,-1172408.260,350.460
-443752.580,-1172408.610,350.470
-443752.450,-1172408.960,350.470
-443752.330,-1172409.270,350.480
-443752.210,-1172409.610,350.490
-443752.080,-1172409.960,350.490
-443751.950,-1172410.300,350.490
-443751.820,-1172410.640,350.500
-443751.690,-1172411.000,350.510
-443751.570,-1172411.330,350.520
-443751.720,-1172410.900,350.510
-443751.610,-1172411.180,350.510
-443753.730,-1172406.900,350.470
-443753.600,-1172407.250,350.460
-443753.480,-1172407.570,350.460
-443753.360,-1172407.890,350.460
-443753.230,-1172408.240,350.470
-443753.100,-1172408.600,350.470
-443752.970,-1172408.940,350.480
-443752.850,-1172409.280,350.490
-443752.720,-1172409.630,350.490
-443752.590,-1172409.970,350.490
-443752.480,-1172410.280,350.490
-443752.360,-1172410.600,350.510
-443752.220,-1172410.970,350.510
-443752.100,-1172411.300,350.520
-443752.360,-1172410.560,350.500
-443752.260,-1172410.840,350.510
-443752.140,-1172411.170,350.515
-443754.050,-1172406.710,350.470
-443753.920,-1172407.060,350.460
-443753.790,-1172407.410,350.460
-443753.660,-1172407.760,350.470
-443753.540,-1172408.090,350.470
-443753.410,-1172408.450,350.470
-443753.290,-1172408.770,350.480
-443753.170,-1172409.100,350.490
-443753.050,-1172409.420,350.490
-443752.920,-1172409.780,350.490
-443752.790,-1172410.120,350.490
-443752.670,-1172410.440,350.500
-443752.550,-1172410.770,350.510
-443752.410,-1172411.140,350.520
-443752.680,-1172410.390,350.500
-443752.560,-1172410.720,350.510
-443752.450,-1172411.010,350.510
-443754.730,-1172406.740,350.480
-443754.610,-1172407.080,350.480
-443754.500,-1172407.380,350.480
-443754.380,-1172407.710,350.480
-443754.250,-1172408.060,350.480
-443754.120,-1172408.400,350.480
-443754.000,-1172408.720,350.490
-443753.880,-1172409.060,350.495
-443753.740,-1172409.420,350.500
-443753.610,-1172409.770,350.500
-443753.500,-1172410.080,350.510
-443753.370,-1172410.410,350.510
-443753.240,-1172410.760,350.510
-443753.120,-1172411.100,350.520
-443753.380,-1172410.360,350.510
-443753.280,-1172410.640,350.510
-443753.160,-1172410.960,350.520
-443754.730,-1172407.700,350.480
-443754.600,-1172408.040,350.480
-443754.480,-1172408.380,350.490
-443754.360,-1172408.710,350.490
-443754.230,-1172409.050,350.500
-443754.110,-1172409.380,350.500
-443753.980,-1172409.730,350.510
-443753.860,-1172410.050,350.510
-443753.740,-1172410.370,350.510
-443753.620,-1172410.700,350.520
-443753.500,-1172411.030,350.520
-443753.390,-1172411.330,350.530
-443753.650,-1172410.590,350.520
-443753.530,-1172410.900,350.520
-443754.780,-1172409.140,350.510
-443754.650,-1172409.480,350.510
-443754.530,-1172409.810,350.510
-443754.420,-1172410.120,350.510
-443754.290,-1172410.470,350.520
-443754.160,-1172410.810,350.520
-443754.050,-1172411.120,350.520
-443754.310,-1172410.380,350.520
-443754.190,-1172410.690,350.520
-443754.070,-1172411.020,350.520
-443754.870,-1172409.470,350.505
-443754.760,-1172409.770,350.510
-443754.640,-1172410.110,350.510
-443754.510,-1172410.450,350.520
-443754.380,-1172410.800,350.520
-443754.270,-1172411.110,350.520
-443754.410,-1172410.680,350.520
-443754.290,-1172411.000,350.520
-443755.000,-1172410.650,350.520
-443754.870,-1172410.990,350.520
-443732.530,-1172397.770,350.525
-443732.310,-1172398.390,350.510
-443732.380,-1172398.200,350.520
-443732.430,-1172398.060,350.520
-443732.240,-1172398.580,350.500
-443733.100,-1172398.600,350.510
-443732.970,-1172398.960,350.510
-443732.860,-1172399.260,350.500
-443732.730,-1172399.610,350.480
-443733.100,-1172397.740,350.510
-443732.980,-1172398.070,350.510
-443732.860,-1172398.390,350.510
-443732.740,-1172398.700,350.510
-443732.630,-1172399.020,350.500
-443732.650,-1172398.950,350.500
-443732.530,-1172399.280,350.480
-443733.470,-1172397.600,350.510
-443733.340,-1172397.960,350.510
-443733.220,-1172398.280,350.510
-443732.890,-1172400.390,350.480
-443732.760,-1172400.740,350.480
-443732.790,-1172400.650,350.480
-443732.670,-1172400.970,350.460
-443733.880,-1172397.700,350.500
-443733.760,-1172398.000,350.500
-443733.640,-1172398.350,350.510
-443733.500,-1172398.710,350.510
-443733.390,-1172399.020,350.500
-443733.270,-1172399.350,350.500
-443733.140,-1172399.710,350.490
-443733.010,-1172400.050,350.490
-443734.040,-1172397.870,350.500
-443733.920,-1172398.200,350.500
-443733.790,-1172398.550,350.500
-443733.670,-1172398.890,350.510
-443733.540,-1172399.230,350.500
-443733.420,-1172399.580,350.500
-443733.300,-1172399.910,350.490
-443733.180,-1172400.230,350.490
-443733.060,-1172400.550,350.490
-443732.930,-1172400.900,350.490
-443732.800,-1172401.260,350.480
-443734.210,-1172398.840,350.490
-443734.090,-1172399.180,350.490
-443733.960,-1172399.530,350.490
-443733.840,-1172399.850,350.480
-443733.730,-1172400.170,350.490
-443733.590,-1172400.540,350.490
-443733.460,-1172400.890,350.490
-443733.340,-1172401.220,350.490
-443733.220,-1172401.550,350.500
-443733.090,-1172401.900,350.500
-443732.970,-1172402.240,350.495
-443732.850,-1172402.570,350.485
-443732.880,-1172402.450,350.490
-443732.760,-1172402.770,350.480
-443734.690,-1172397.540,350.500
-443734.570,-1172397.880,350.490
-443734.450,-1172398.200,350.495
-443734.330,-1172398.520,350.490
-443734.870,-1172397.770,350.500
-443734.750,-1172398.100,350.490
-443734.630,-1172398.420,350.490
-443734.510,-1172398.760,350.490
-443734.380,-1172399.110,350.490
-443734.260,-1172399.450,350.480
-443734.140,-1172399.770,350.480
-443734.010,-1172400.110,350.480
-443733.890,-1172400.440,350.480
-443733.770,-1172400.780,350.490
-443733.650,-1172401.110,350.490
-443733.530,-1172401.440,350.490
-443733.410,-1172401.760,350.500
-443733.290,-1172402.090,350.500
-443733.160,-1172402.440,350.500
-443733.040,-1172402.770,350.500
-443732.920,-1172403.090,350.490
-443732.800,-1172403.430,350.460
-443732.820,-1172403.340,350.490
-443735.390,-1172397.590,350.490
-443735.280,-1172397.900,350.490
-443735.150,-1172398.230,350.490
-443735.030,-1172398.570,350.490
-443734.910,-1172398.890,350.480
-443734.790,-1172399.240,350.480
-443734.660,-1172399.580,350.470
-443734.550,-1172399.890,350.470
-443734.430,-1172400.210,350.470
-443734.300,-1172400.550,350.470
-443734.170,-1172400.900,350.480
-443734.060,-1172401.210,350.480
-443733.940,-1172401.530,350.480
-443733.820,-1172401.880,350.490
-443733.690,-1172402.210,350.500
-443733.570,-1172402.540,350.500
-443733.440,-1172402.910,350.510
-443733.310,-1172403.250,350.510
-443733.200,-1172403.570,350.510
-443733.070,-1172403.900,350.500
-443732.940,-1172404.260,350.490
-443732.810,-1172404.610,350.460
-443732.840,-1172404.520,350.480
-443735.540,-1172397.720,350.490
-443735.430,-1172398.020,350.490
-443735.310,-1172398.350,350.490
-443735.190,-1172398.680,350.480
-443735.070,-1172399.000,350.480
-443734.950,-1172399.330,350.470
-443734.820,-1172399.670,350.470
-443734.700,-1172400.000,350.470
-443734.580,-1172400.330,350.470
-443734.460,-1172400.650,350.470
-443734.330,-1172401.020,350.470
-443734.210,-1172401.350,350.480
-443734.090,-1172401.670,350.480
-443733.970,-1172402.010,350.490
-443733.840,-1172402.340,350.490
-443733.710,-1172402.690,350.500
-443733.590,-1172403.030,350.510
-443733.450,-1172403.400,350.510
-443733.330,-1172403.740,350.510
-443733.210,-1172404.060,350.510
-443733.090,-1172404.390,350.500
-443732.970,-1172404.710,350.490
-443732.850,-1172405.050,350.465
-443732.870,-1172404.980,350.480
-443733.870,-1172403.820,350.500
-443733.730,-1172404.180,350.500
-443733.620,-1172404.510,350.510
-443733.490,-1172404.840,350.500
-443733.360,-1172405.200,350.500
-443733.230,-1172405.560,350.495
-443733.120,-1172405.860,350.485
-443733.140,-1172405.790,350.485
-443732.890,-1172406.470,350.460
-443736.200,-1172397.480,350.485
-443736.080,-1172397.790,350.480
-443735.960,-1172398.130,350.480
-443735.840,-1172398.440,350.480
-443735.730,-1172398.760,350.470
-443735.600,-1172399.120,350.470
-443735.480,-1172399.430,350.465
-443735.350,-1172399.780,350.460
-443735.230,-1172400.120,350.450
-443735.100,-1172400.460,350.450
-443734.990,-1172400.770,350.460
-443734.860,-1172401.110,350.460
-443734.730,-1172401.470,350.460
-443734.600,-1172401.820,350.470
-443734.480,-1172402.160,350.470
-443734.350,-1172402.510,350.480
-443734.230,-1172402.840,350.480
-443734.110,-1172403.170,350.490
-443733.990,-1172403.480,350.490
-443736.430,-1172397.530,350.485
-443736.320,-1172397.840,350.480
-443736.190,-1172398.190,350.480
-443736.070,-1172398.510,350.470
-443735.950,-1172398.840,350.470
-443735.830,-1172399.160,350.470
-443735.710,-1172399.500,350.460
-443735.580,-1172399.840,350.450
-443735.460,-1172400.190,350.450
-443735.320,-1172400.550,350.450
-443735.200,-1172400.900,350.450
-443735.080,-1172401.210,350.450
-443734.960,-1172401.540,350.460
-443734.850,-1172401.850,350.460
-443734.710,-1172402.210,350.470
-443734.590,-1172402.550,350.470
-443734.470,-1172402.880,350.480
-443734.330,-1172403.240,350.480
-443734.210,-1172403.580,350.490
-443734.090,-1172403.920,350.490
-443733.970,-1172404.240,350.500
-443733.840,-1172404.590,350.500
-443733.720,-1172404.910,350.510
-443733.590,-1172405.270,350.500
-443733.470,-1172405.590,350.500
-443733.350,-1172405.920,350.490
-443733.240,-1172406.240,350.490
-443733.120,-1172406.550,350.480
-443732.990,-1172406.910,350.470
-443733.030,-1172406.790,350.480
-443736.880,-1172397.590,350.470
-443736.750,-1172397.950,350.470
-443736.630,-1172398.290,350.470
-443736.500,-1172398.620,350.470
-443736.380,-1172398.970,350.460
-443736.250,-1172399.320,350.460
-443736.130,-1172399.640,350.450
-443736.010,-1172399.960,350.450
-443735.900,-1172400.280,350.440
-443735.770,-1172400.630,350.440
-443735.640,-1172400.960,350.450
-443735.520,-1172401.290,350.450
-443735.390,-1172401.650,350.450
-443735.270,-1172401.990,350.450
-443735.140,-1172402.330,350.450
-443735.020,-1172402.650,350.460
-443734.890,-1172403.020,350.470
-443734.770,-1172403.340,350.470
-443734.650,-1172403.670,350.480
-443734.520,-1172404.010,350.480
-443734.410,-1172404.330,350.490
-443734.290,-1172404.660,350.490
-443734.170,-1172404.980,350.490
-443734.040,-1172405.330,350.490
-443733.920,-1172405.650,350.490
-443733.810,-1172405.960,350.490
-443733.680,-1172406.320,350.490
-443733.560,-1172406.650,350.490
-443733.430,-1172407.000,350.490
-443733.300,-1172407.340,350.490
-443733.180,-1172407.670,350.490
-443733.060,-1172408.000,350.470
-443733.210,-1172407.580,350.500
-443733.090,-1172407.900,350.480
-443737.170,-1172397.420,350.480
-443737.060,-1172397.720,350.470
-443736.940,-1172398.030,350.470
-443736.820,-1172398.360,350.470
-443736.700,-1172398.690,350.470
-443736.580,-1172399.010,350.460
-443736.460,-1172399.360,350.450
-443736.330,-1172399.690,350.450
-443736.210,-1172400.030,350.440
-443736.080,-1172400.370,350.440
-443735.960,-1172400.720,350.440
-443735.840,-1172401.040,350.440
-443735.710,-1172401.380,350.440
-443735.590,-1172401.700,350.440
-443735.460,-1172402.060,350.450
-443735.340,-1172402.390,350.450
-443735.230,-1172402.690,350.460
-443735.110,-1172403.030,350.470
-443734.980,-1172403.380,350.470
-443734.860,-1172403.710,350.470
-443734.740,-1172404.020,350.480
-443734.620,-1172404.360,350.480
-443734.490,-1172404.710,350.490
-443734.380,-1172405.020,350.490
-443734.250,-1172405.370,350.490
-443734.120,-1172405.720,350.490
-443734.000,-1172406.050,350.490
-443733.890,-1172406.350,350.490
-443733.760,-1172406.710,350.490
-443733.630,-1172407.060,350.490
-443733.500,-1172407.400,350.500
-443733.380,-1172407.750,350.500
-443733.250,-1172408.100,350.490
-443737.760,-1172397.510,350.470
-443737.640,-1172397.850,350.470
-443737.510,-1172398.200,350.460
-443737.390,-1172398.510,350.460
-443737.270,-1172398.850,350.450
-443737.140,-1172399.210,350.450
-443737.020,-1172399.530,350.440
-443736.900,-1172399.860,350.440
-443736.770,-1172400.210,350.430
-443736.650,-1172400.530,350.430
-443736.530,-1172400.870,350.420
-443736.410,-1172401.190,350.420
-443736.280,-1172401.550,350.420
-443736.160,-1172401.860,350.430
-443736.050,-1172402.170,350.430
-443735.920,-1172402.510,350.440
-443735.800,-1172402.860,350.450
-443735.680,-1172403.180,350.450
-443735.560,-1172403.510,350.450
-443735.430,-1172403.850,350.455
-443735.310,-1172404.180,350.460
-443735.180,-1172404.520,350.470
-443735.070,-1172404.850,350.470
-443734.930,-1172405.200,350.480
-443734.810,-1172405.530,350.480
-443734.690,-1172405.870,350.470
-443734.560,-1172406.220,350.470
-443734.440,-1172406.560,350.480
-443734.310,-1172406.910,350.480
-443734.190,-1172407.220,350.480
-443734.070,-1172407.560,350.490
-443733.950,-1172407.880,350.500
-443733.820,-1172408.240,350.500
-443738.080,-1172397.540,350.470
-443737.950,-1172397.870,350.470
-443737.840,-1172398.190,350.460
-443737.710,-1172398.530,350.450
-443737.600,-1172398.840,350.450
-443737.470,-1172399.190,350.450
-443737.350,-1172399.520,350.440
-443737.230,-1172399.830,350.430
-443737.110,-1172400.160,350.430
-443736.990,-1172400.480,350.420
-443736.870,-1172400.820,350.420
-443736.750,-1172401.160,350.420
-443736.630,-1172401.480,350.420
-443736.500,-1172401.830,350.420
-443736.380,-1172402.140,350.430
-443736.260,-1172402.490,350.430
-443736.130,-1172402.840,350.440
-443736.010,-1172403.170,350.440
-443735.890,-1172403.500,350.450
-443735.760,-1172403.850,350.450
-443735.630,-1172404.190,350.455
-443735.510,-1172404.520,350.460
-443735.380,-1172404.870,350.465
-443735.260,-1172405.210,350.470
-443735.130,-1172405.560,350.470
-443735.020,-1172405.860,350.470
-443734.900,-1172406.180,350.470
-443734.770,-1172406.540,350.460
-443734.640,-1172406.890,350.470
-443734.530,-1172407.200,350.470
-443734.400,-1172407.560,350.480
-443734.270,-1172407.900,350.490
-443738.640,-1172397.530,350.470
-443738.520,-1172397.870,350.470
-443738.410,-1172398.170,350.460
-443738.280,-1172398.500,350.460
-443738.160,-1172398.830,350.450
-443738.040,-1172399.160,350.450
-443737.920,-1172399.490,350.440
-443737.800,-1172399.820,350.430
-443737.680,-1172400.150,350.420
-443737.560,-1172400.490,350.420
-443737.440,-1172400.800,350.410
-443737.320,-1172401.140,350.410
-443737.180,-1172401.510,350.410
-443737.070,-1172401.810,350.410
-443736.950,-1172402.140,350.420
-443736.810,-1172402.510,350.420
-443736.680,-1172402.860,350.430
-443736.560,-1172403.180,350.430
-443736.440,-1172403.530,350.440
-443736.300,-1172403.900,350.440
-443736.190,-1172404.200,350.440
-443736.070,-1172404.520,350.440
-443735.950,-1172404.860,350.450
-443735.820,-1172405.220,350.455
-443735.700,-1172405.540,350.460
-443735.580,-1172405.860,350.460
-443735.450,-1172406.210,350.460
-443735.320,-1172406.570,350.460
-443735.200,-1172406.900,350.460
-443735.080,-1172407.230,350.460
-443734.950,-1172407.580,350.470
-443734.830,-1172407.890,350.470
-443737.380,-1172401.570,350.410
-443737.250,-1172401.930,350.410
-443737.130,-1172402.270,350.410
-443737.000,-1172402.600,350.420
-443736.880,-1172402.930,350.420
-443736.760,-1172403.250,350.430
-443736.640,-1172403.590,350.430
-443736.510,-1172403.950,350.430
-443736.390,-1172404.270,350.440
-443738.850,-1172397.580,350.475
-443738.720,-1172397.920,350.470
-443738.610,-1172398.220,350.460
-443738.500,-1172398.530,350.460
-443738.370,-1172398.890,350.450
-443738.240,-1172399.220,350.450
-443738.120,-1172399.550,350.440
-443738.000,-1172399.900,350.430
-443737.880,-1172400.230,350.420
-443737.760,-1172400.550,350.410
-443737.630,-1172400.880,350.410
-443737.510,-1172401.230,350.410
-443736.270,-1172404.610,350.440
-443736.140,-1172404.960,350.440
-443736.010,-1172405.320,350.450
-443735.890,-1172405.620,350.450
-443735.770,-1172405.970,350.460
-443735.650,-1172406.290,350.460
-443735.520,-1172406.650,350.460
-443735.400,-1172406.960,350.460
-443735.280,-1172407.300,350.460
-443735.160,-1172407.610,350.460
-443735.040,-1172407.960,350.470
-443739.510,-1172397.400,350.480
-443739.390,-1172397.720,350.470
-443739.270,-1172398.060,350.460
-443739.140,-1172398.400,350.460
-443739.030,-1172398.710,350.450
-443738.900,-1172399.050,350.440
-443738.780,-1172399.390,350.430
-443738.650,-1172399.740,350.430
-443738.520,-1172400.080,350.420
-443738.400,-1172400.420,350.410
-443738.280,-1172400.750,350.410
-443738.160,-1172401.070,350.400
-443738.040,-1172401.400,350.400
-443737.920,-1172401.740,350.400
-443737.790,-1172402.090,350.400
-443737.660,-1172402.420,350.410
-443737.540,-1172402.760,350.410
-443737.420,-1172403.100,350.410
-443737.290,-1172403.450,350.410
-443737.170,-1172403.780,350.410
-443737.040,-1172404.110,350.420
-443736.920,-1172404.440,350.420
-443736.790,-1172404.810,350.430
-443736.670,-1172405.120,350.430
-443736.560,-1172405.440,350.430
-443736.430,-1172405.780,350.440
-443736.310,-1172406.100,350.440
-443736.190,-1172406.440,350.440
-443736.070,-1172406.760,350.450
-443735.950,-1172407.100,350.450
-443735.820,-1172407.440,350.450
-443735.710,-1172407.750,350.450
-443735.580,-1172408.100,350.460
-443738.460,-1172401.080,350.400
-443738.330,-1172401.430,350.400
-443738.200,-1172401.770,350.400
-443738.090,-1172402.090,350.400
-443737.960,-1172402.440,350.400
-443737.840,-1172402.760,350.400
-443737.710,-1172403.110,350.400
-443737.590,-1172403.430,350.410
-443739.800,-1172397.430,350.470
-443739.690,-1172397.730,350.470
-443739.560,-1172398.080,350.460
-443739.440,-1172398.400,350.450
-443739.310,-1172398.750,350.450
-443739.190,-1172399.090,350.440
-443739.070,-1172399.400,350.430
-443738.950,-1172399.740,350.430
-443738.830,-1172400.070,350.420
-443738.700,-1172400.410,350.410
-443738.580,-1172400.730,350.410
-443737.470,-1172403.770,350.410
-443737.360,-1172404.080,350.410
-443737.240,-1172404.400,350.410
-443737.110,-1172404.760,350.420
-443736.980,-1172405.090,350.430
-443736.860,-1172405.410,350.430
-443736.740,-1172405.750,350.430
-443736.620,-1172406.080,350.440
-443736.490,-1172406.430,350.440
-443736.370,-1172406.770,350.440
-443736.250,-1172407.090,350.440
-443736.130,-1172407.430,350.450
-443736.000,-1172407.760,350.440
-443740.320,-1172397.560,350.460
-443740.200,-1172397.860,350.450
-443740.080,-1172398.200,350.450
-443739.970,-1172398.510,350.450
-443739.840,-1172398.850,350.440
-443739.720,-1172399.190,350.430
-443739.590,-1172399.530,350.430
-443739.470,-1172399.870,350.420
-443739.340,-1172400.200,350.410
-443739.220,-1172400.540,350.410
-443739.100,-1172400.880,350.400
-443738.970,-1172401.220,350.400
-443738.850,-1172401.540,350.400
-443738.720,-1172401.890,350.400
-443738.600,-1172402.230,350.400
-443738.490,-1172402.540,350.400
-443738.370,-1172402.860,350.400
-443738.250,-1172403.180,350.400
-443738.120,-1172403.540,350.400
-443738.000,-1172403.840,350.400
-443737.890,-1172404.160,350.400
-443737.750,-1172404.530,350.400
-443737.630,-1172404.860,350.405
-443737.510,-1172405.190,350.410
-443737.380,-1172405.540,350.420
-443737.260,-1172405.880,350.430
-443737.140,-1172406.210,350.430
-443737.020,-1172406.520,350.430
-443736.890,-1172406.880,350.430
-443736.760,-1172407.230,350.440
-443736.630,-1172407.570,350.440
-443736.510,-1172407.910,350.440
-443740.670,-1172397.370,350.460
-443740.550,-1172397.700,350.450
-443740.430,-1172398.010,350.450
-443740.310,-1172398.340,350.450
-443740.180,-1172398.690,350.440
-443740.060,-1172399.030,350.430
-443739.940,-1172399.340,350.430
-443739.810,-1172399.700,350.420
-443739.690,-1172400.020,350.410
-443739.570,-1172400.360,350.410
-443739.450,-1172400.680,350.410
-443739.330,-1172401.000,350.400
-443739.210,-1172401.340,350.400
-443739.090,-1172401.660,350.400
-443738.960,-1172402.010,350.400
-443738.840,-1172402.330,350.400
-443738.720,-1172402.660,350.400
-443738.600,-1172402.990,350.400
-443738.480,-1172403.320,350.400
-443738.350,-1172403.670,350.400
-443738.230,-1172404.010,350.400
-443738.110,-1172404.330,350.400
-443737.990,-1172404.650,350.400
-443737.860,-1172405.010,350.400
-443737.740,-1172405.340,350.405
-443737.610,-1172405.700,350.420
-443737.480,-1172406.050,350.420
-443737.350,-1172406.390,350.420
-443737.240,-1172406.700,350.430
-443737.110,-1172407.040,350.430
-443736.990,-1172407.370,350.430
-443736.870,-1172407.700,350.440
-443741.390,-1172397.190,350.460
-443741.280,-1172397.500,350.460
-443741.150,-1172397.840,350.450
-443741.040,-1172398.160,350.450
-443740.920,-1172398.490,350.440
-443740.790,-1172398.840,350.440
-443740.670,-1172399.160,350.430
-443740.540,-1172399.500,350.420
-443740.430,-1172399.800,350.410
-443740.320,-1172400.120,350.410
-443740.180,-1172400.480,350.410
-443740.070,-1172400.790,350.400
-443739.950,-1172401.110,350.400
-443739.820,-1172401.460,350.400
-443739.700,-1172401.800,350.400
-443739.570,-1172402.140,350.400
-443739.450,-1172402.470,350.400
-443739.330,-1172402.800,350.400
-443739.200,-1172403.140,350.400
-443739.080,-1172403.480,350.390
-443738.960,-1172403.810,350.390
-443738.830,-1172404.170,350.390
-443738.580,-1172404.850,350.390
-443738.460,-1172405.180,350.390
-443738.330,-1172405.510,350.400
-443738.220,-1172405.830,350.400
-443738.090,-1172406.170,350.410
-443737.960,-1172406.520,350.420
-443737.840,-1172406.850,350.420
-443737.710,-1172407.200,350.420
-443737.590,-1172407.540,350.420
-443737.460,-1172407.890,350.430
-443741.660,-1172397.290,350.460
-443741.560,-1172397.580,350.450
-443741.440,-1172397.900,350.440
-443741.320,-1172398.240,350.440
-443741.210,-1172398.540,350.440
-443741.080,-1172398.890,350.430
-443740.960,-1172399.200,350.430
-443740.840,-1172399.530,350.420
-443740.710,-1172399.880,350.410
-443740.590,-1172400.200,350.410
-443740.470,-1172400.550,350.400
-443740.340,-1172400.900,350.400
-443740.230,-1172401.200,350.400
-443740.110,-1172401.530,350.400
-443739.980,-1172401.880,350.400
-443739.840,-1172402.240,350.400
-443739.720,-1172402.570,350.400
-443739.600,-1172402.910,350.390
-443739.470,-1172403.270,350.390
-443739.350,-1172403.590,350.390
-443739.230,-1172403.920,350.390
-443739.110,-1172404.240,350.390
-443738.980,-1172404.580,350.380
-443738.860,-1172404.910,350.380
-443738.740,-1172405.240,350.380
-443738.610,-1172405.600,350.390
-443738.480,-1172405.950,350.400
-443738.360,-1172406.290,350.410
-443738.240,-1172406.610,350.410
-443738.110,-1172406.970,350.410
-443737.990,-1172407.280,350.420
-443737.860,-1172407.630,350.420
-443742.200,-1172397.290,350.460
-443742.080,-1172397.600,350.450
-443741.960,-1172397.940,350.440
-443741.830,-1172398.290,350.440
-443741.720,-1172398.590,350.440
-443741.590,-1172398.930,350.430
-443741.460,-1172399.300,350.430
-443741.340,-1172399.620,350.420
-443741.230,-1172399.920,350.410
-443741.100,-1172400.260,350.410
-443740.970,-1172400.630,350.400
-443740.840,-1172400.970,350.400
-443740.730,-1172401.290,350.400
-443740.590,-1172401.660,350.390
-443740.470,-1172401.990,350.390
-443740.360,-1172402.290,350.390
-443740.240,-1172402.620,350.390
-443740.100,-1172402.980,350.390
-443739.980,-1172403.320,350.390
-443739.860,-1172403.630,350.390
-443739.730,-1172403.980,350.380
-443739.600,-1172404.340,350.380
-443739.480,-1172404.670,350.370
-443739.370,-1172404.980,350.370
-443739.230,-1172405.350,350.370
-443739.110,-1172405.680,350.380
-443738.990,-1172406.010,350.390
-443738.870,-1172406.330,350.400
-443738.740,-1172406.680,350.410
-443738.630,-1172406.990,350.410
-443738.510,-1172407.310,350.410
-443738.380,-1172407.650,350.420
-443742.340,-1172397.470,350.450
-443742.220,-1172397.780,350.440
-443742.090,-1172398.140,350.440
-443741.970,-1172398.470,350.430
-443741.850,-1172398.780,350.430
-443741.730,-1172399.110,350.430
-443741.600,-1172399.480,350.420
-443741.480,-1172399.810,350.420
-443741.350,-1172400.150,350.410
-443741.220,-1172400.490,350.410
-443741.100,-1172400.840,350.400
-443740.980,-1172401.150,350.400
-443740.860,-1172401.480,350.395
-443740.740,-1172401.810,350.390
-443740.610,-1172402.170,350.390
-443740.490,-1172402.480,350.390
-443740.370,-1172402.820,350.390
-443740.240,-1172403.180,350.390
-443740.110,-1172403.520,350.390
-443739.990,-1172403.850,350.390
-443739.870,-1172404.190,350.380
-443739.740,-1172404.520,350.370
-443739.620,-1172404.850,350.370
-443739.500,-1172405.180,350.370
-443739.380,-1172405.500,350.370
-443739.250,-1172405.860,350.390
-443739.140,-1172406.160,350.390
-443739.010,-1172406.510,350.400
-443738.890,-1172406.830,350.410
-443738.770,-1172407.160,350.410
-443738.650,-1172407.500,350.415
-443738.530,-1172407.820,350.420
-443743.070,-1172397.140,350.460
-443742.970,-1172397.430,350.460
-443742.840,-1172397.770,350.450
-443742.710,-1172398.120,350.440
-443742.590,-1172398.460,350.440
-443742.460,-1172398.800,350.430
-443742.330,-1172399.160,350.430
-443742.220,-1172399.470,350.430
-443742.100,-1172399.780,350.430
-443741.980,-1172400.110,350.420
-443741.850,-1172400.460,350.410
-443741.730,-1172400.800,350.410
-443741.610,-1172401.110,350.400
-443741.470,-1172401.480,350.400
-443741.350,-1172401.820,350.400
-443741.110,-1172402.480,350.390
-443740.980,-1172402.820,350.390
-443740.860,-1172403.160,350.380
-443740.740,-1172403.490,350.380
-443740.610,-1172403.830,350.380
-443740.490,-1172404.170,350.380
-443740.370,-1172404.480,350.380
-443740.260,-1172404.800,350.380
-443740.130,-1172405.150,350.380
-443740.010,-1172405.470,350.380
-443739.890,-1172405.790,350.390
-443739.770,-1172406.120,350.390
-443739.640,-1172406.470,350.400
-443739.510,-1172406.810,350.400
-443739.390,-1172407.140,350.410
-443739.270,-1172407.480,350.410
-443742.660,-1172399.030,350.435
-443742.530,-1172399.380,350.430
-443742.410,-1172399.710,350.430
-443742.280,-1172400.050,350.430
-443742.160,-1172400.380,350.420
-443742.030,-1172400.740,350.410
-443741.910,-1172401.050,350.410
-443741.790,-1172401.400,350.400
-443741.660,-1172401.730,350.400
-443743.260,-1172397.380,350.460
-443743.140,-1172397.720,350.450
-443743.020,-1172398.030,350.440
-443742.900,-1172398.360,350.440
-443742.780,-1172398.690,350.440
-443741.540,-1172402.070,350.400
-443741.420,-1172402.380,350.400
-443741.300,-1172402.710,350.390
-443741.180,-1172403.040,350.390
-443741.060,-1172403.360,350.380
-443740.940,-1172403.700,350.380
-443740.820,-1172404.030,350.385
-443740.690,-1172404.360,350.390
-443740.570,-1172404.710,350.390
-443740.460,-1172405.010,350.390
-443740.330,-1172405.370,350.390
-443740.200,-1172405.720,350.390
-443740.070,-1172406.050,350.400
-443739.960,-1172406.360,350.400
-443739.830,-1172406.720,350.400
-443739.700,-1172407.070,350.400
-443739.570,-1172407.410,350.410
-443739.450,-1172407.750,350.410
-443743.900,-1172397.150,350.460
-443743.800,-1172397.420,350.460
-443743.680,-1172397.760,350.450
-443743.540,-1172398.120,350.450
-443743.430,-1172398.440,350.440
-443743.310,-1172398.770,350.440
-443743.170,-1172399.130,350.440
-443743.050,-1172399.480,350.440
-443742.930,-1172399.800,350.440
-443742.800,-1172400.140,350.430
-443742.680,-1172400.480,350.430
-443742.550,-1172400.820,350.430
-443742.320,-1172401.450,350.420
-443742.200,-1172401.790,350.410
-443742.070,-1172402.120,350.410
-443741.950,-1172402.450,350.400
-443741.830,-1172402.780,350.400
-443741.710,-1172403.110,350.400
-443741.590,-1172403.440,350.390
-443741.470,-1172403.760,350.400
-443741.340,-1172404.120,350.400
-443741.210,-1172404.460,350.410
-443741.090,-1172404.780,350.405
-443740.980,-1172405.100,350.410
-443740.840,-1172405.480,350.410
-443740.720,-1172405.800,350.410
-443740.590,-1172406.130,350.410
-443740.460,-1172406.490,350.410
-443740.330,-1172406.840,350.410
-443740.220,-1172407.160,350.410
-443740.100,-1172407.480,350.410
-443741.500,-1172404.190,350.410
-443741.370,-1172404.540,350.410
-443741.240,-1172404.890,350.410
-443741.120,-1172405.220,350.410
-443741.000,-1172405.540,350.410
-443740.880,-1172405.870,350.410
-443740.760,-1172406.200,350.410
-443740.630,-1172406.550,350.410
-443740.510,-1172406.880,350.410
-443740.390,-1172407.210,350.410
-443740.260,-1172407.540,350.410
-443744.070,-1172397.210,350.460
-443743.950,-1172397.530,350.450
-443743.830,-1172397.860,350.450
-443743.710,-1172398.190,350.450
-443743.570,-1172398.550,350.440
-443743.460,-1172398.850,350.440
-443743.340,-1172399.190,350.440
-443743.210,-1172399.540,350.440
-443743.080,-1172399.880,350.440
-443742.970,-1172400.180,350.440
-443742.860,-1172400.490,350.440
-443742.730,-1172400.850,350.430
-443742.610,-1172401.170,350.430
-443742.490,-1172401.480,350.420
-443742.360,-1172401.840,350.420
-443742.240,-1172402.170,350.410
-443742.120,-1172402.510,350.410
-443741.990,-1172402.840,350.400
-443741.870,-1172403.170,350.400
-443741.750,-1172403.500,350.400
-443741.630,-1172403.830,350.410
-443744.590,-1172397.310,350.450
-443744.480,-1172397.620,350.440
-443744.360,-1172397.940,350.440
-443744.240,-1172398.270,350.440
-443744.130,-1172398.570,350.440
-443743.990,-1172398.930,350.440
-443743.880,-1172399.250,350.440
-443743.760,-1172399.580,350.440
-443743.630,-1172399.930,350.440
-443743.510,-1172400.260,350.440
-443743.380,-1172400.610,350.440
-443743.250,-1172400.960,350.440
-443743.140,-1172401.260,350.440
-443743.020,-1172401.590,350.440
-443742.890,-1172401.940,350.430
-443742.770,-1172402.270,350.430
-443742.630,-1172402.630,350.420
-443742.510,-1172402.970,350.420
-443742.390,-1172403.310,350.420
-443742.270,-1172403.620,350.420
-443742.150,-1172403.960,350.420
-443742.030,-1172404.280,350.420
-443741.890,-1172404.640,350.430
-443741.770,-1172404.980,350.430
-443741.650,-1172405.320,350.430
-443741.530,-1172405.640,350.430
-443741.400,-1172405.990,350.430
-443741.270,-1172406.340,350.425
-443741.150,-1172406.660,350.420
-443741.030,-1172406.990,350.420
-443740.910,-1172407.320,350.420
-443744.480,-1172398.280,350.440
-443744.350,-1172398.620,350.440
-443744.230,-1172398.940,350.430
-443744.100,-1172399.300,350.430
-443743.970,-1172399.650,350.440
-443743.850,-1172399.980,350.440
-443743.730,-1172400.300,350.440
-443743.600,-1172400.660,350.450
-443743.470,-1172401.000,350.440
-443743.350,-1172401.340,350.450
-443743.220,-1172401.680,350.440
-443743.090,-1172402.030,350.440
-443742.980,-1172402.350,350.430
-443742.860,-1172402.670,350.430
-443742.740,-1172403.010,350.430
-443742.610,-1172403.350,350.430
-443742.490,-1172403.680,350.430
-443742.370,-1172404.010,350.430
-443742.230,-1172404.370,350.430
-443742.110,-1172404.700,350.440
-443741.980,-1172405.060,350.440
-443741.860,-1172405.380,350.440
-443741.740,-1172405.720,350.440
-443741.620,-1172406.040,350.430
-443741.500,-1172406.370,350.430
-443741.370,-1172406.710,350.430
-443741.250,-1172407.030,350.430
-443741.140,-1172407.360,350.430
-443744.830,-1172397.310,350.450
-443744.710,-1172397.640,350.440
-443744.590,-1172397.960,350.440
-443745.380,-1172397.240,350.450
-443745.260,-1172397.570,350.440
-443745.130,-1172397.910,350.440
-443745.010,-1172398.240,350.430
-443744.770,-1172398.900,350.430
-443744.640,-1172399.250,350.430
-443744.520,-1172399.570,350.430
-443744.390,-1172399.930,350.430
-443744.250,-1172400.300,350.430
-443744.130,-1172400.630,350.440
-443744.010,-1172400.960,350.440
-443743.890,-1172401.280,350.450
-443743.770,-1172401.620,350.450
-443743.650,-1172401.940,350.450
-443743.520,-1172402.290,350.450
-443743.400,-1172402.630,350.440
-443743.270,-1172402.970,350.440
-443743.150,-1172403.300,350.440
-443743.020,-1172403.650,350.440
-443742.890,-1172404.000,350.450
-443742.770,-1172404.330,350.450
-443742.650,-1172404.650,350.460
-443742.520,-1172405.000,350.460
-443742.400,-1172405.330,350.450
-443742.280,-1172405.650,350.450
-443742.170,-1172405.960,350.440
-443742.050,-1172406.290,350.440
-443741.920,-1172406.640,350.430
-443741.800,-1172406.960,350.430
-443741.690,-1172407.270,350.430
-443745.670,-1172397.170,350.450
-443745.540,-1172397.500,350.450
-443745.410,-1172397.850,350.440
-443745.290,-1172398.190,350.430
-443745.170,-1172398.520,350.430
-443745.040,-1172398.880,350.430
-443744.920,-1172399.200,350.430
-443744.790,-1172399.530,350.420
-443744.680,-1172399.840,350.420
-443744.550,-1172400.190,350.430
-443744.420,-1172400.540,350.430
-443744.300,-1172400.860,350.430
-443744.170,-1172401.210,350.440
-443744.050,-1172401.560,350.450
-443743.910,-1172401.920,350.450
-443743.800,-1172402.230,350.450
-443743.670,-1172402.570,350.450
-443743.550,-1172402.910,350.450
-443743.420,-1172403.260,350.450
-443743.310,-1172403.560,350.450
-443743.190,-1172403.900,350.450
-443743.070,-1172404.220,350.460
-443742.950,-1172404.540,350.460
-443742.820,-1172404.890,350.460
-443742.700,-1172405.220,350.460
-443742.580,-1172405.540,350.460
-443742.460,-1172405.880,350.450
-443742.340,-1172406.190,350.450
-443742.210,-1172406.550,350.440
-443742.080,-1172406.890,350.440
-443741.970,-1172407.200,350.440
-443741.850,-1172407.530,350.440
-443746.270,-1172397.180,350.450
-443746.140,-1172397.520,350.440
-443746.030,-1172397.840,350.440
-443745.910,-1172398.160,350.430
-443745.780,-1172398.500,350.430
-443745.650,-1172398.840,350.430
-443745.540,-1172399.170,350.420
-443745.420,-1172399.470,350.420
-443745.290,-1172399.850,350.410
-443745.160,-1172400.190,350.410
-443745.030,-1172400.540,350.410
-443744.910,-1172400.860,350.420
-443744.780,-1172401.220,350.420
-443744.670,-1172401.530,350.430
-443744.540,-1172401.880,350.440
-443744.420,-1172402.210,350.440
-443744.300,-1172402.530,350.450
-443744.180,-1172402.860,350.450
-443744.050,-1172403.200,350.450
-443743.920,-1172403.550,350.450
-443743.800,-1172403.870,350.460
-443743.690,-1172404.180,350.460
-443743.560,-1172404.530,350.460
-443743.430,-1172404.880,350.460
-443743.310,-1172405.200,350.470
-443743.190,-1172405.530,350.460
-443743.060,-1172405.880,350.460
-443742.940,-1172406.210,350.460
-443742.820,-1172406.530,350.450
-443742.700,-1172406.860,350.450
-443742.570,-1172407.210,350.450
-443746.630,-1172397.010,350.460
-443746.510,-1172397.350,350.450
-443746.380,-1172397.690,350.440
-443746.260,-1172398.020,350.440
-443746.140,-1172398.350,350.430
-443746.010,-1172398.700,350.430
-443745.880,-1172399.050,350.420
-443745.770,-1172399.360,350.420
-443745.640,-1172399.700,350.410
-443745.520,-1172400.040,350.410
-443745.390,-1172400.390,350.410
-443745.270,-1172400.700,350.410
-443745.150,-1172401.030,350.410
-443745.030,-1172401.370,350.420
-443744.910,-1172401.690,350.420
-443744.790,-1172402.020,350.430
-443744.660,-1172402.350,350.440
-443744.540,-1172402.680,350.440
-443744.410,-1172403.030,350.440
-443744.300,-1172403.360,350.450
-443744.160,-1172403.720,350.450
-443744.040,-1172404.040,350.460
-443743.920,-1172404.370,350.460
-443743.800,-1172404.690,350.460
-443743.680,-1172405.040,350.460
-443743.550,-1172405.390,350.460
-443743.420,-1172405.730,350.460
-443743.290,-1172406.080,350.460
-443743.170,-1172406.420,350.460
-443743.050,-1172406.750,350.450
-443742.930,-1172407.060,350.450
-443742.810,-1172407.390,350.450
-443744.700,-1172403.600,350.430
-443744.570,-1172403.940,350.440
-443744.450,-1172404.270,350.440
-443744.310,-1172404.650,350.450
-443744.190,-1172404.970,350.450
-443744.080,-1172405.280,350.450
-443743.960,-1172405.610,350.450
-443743.830,-1172405.970,350.460
-443743.700,-1172406.300,350.460
-443743.590,-1172406.620,350.460
-443743.460,-1172406.970,350.460
-443743.320,-1172407.330,350.460
-443747.030,-1172397.290,350.440
-443746.920,-1172397.580,350.440
-443746.790,-1172397.910,350.440
-443746.670,-1172398.250,350.430
-443746.540,-1172398.610,350.420
-443746.430,-1172398.910,350.420
-443746.310,-1172399.230,350.410
-443746.190,-1172399.560,350.410
-443746.060,-1172399.890,350.400
-443745.940,-1172400.220,350.400
-443745.820,-1172400.550,350.400
-443745.700,-1172400.890,350.400
-443745.570,-1172401.230,350.400
-443745.460,-1172401.540,350.410
-443745.330,-1172401.880,350.410
-443745.190,-1172402.260,350.420
-443745.080,-1172402.570,350.420
-443744.960,-1172402.890,350.420
-443744.830,-1172403.240,350.430
-443747.380,-1172396.950,350.460
-443747.260,-1172397.270,350.440
-443747.150,-1172397.590,350.440
-443747.030,-1172397.910,350.430
-443746.910,-1172398.240,350.430
-443746.790,-1172398.560,350.425
-443746.660,-1172398.910,350.420
-443746.550,-1172399.210,350.420
-443746.430,-1172399.530,350.410
-443746.300,-1172399.890,350.400
-443746.180,-1172400.220,350.400
-443746.060,-1172400.550,350.400
-443745.920,-1172400.900,350.400
-443745.800,-1172401.230,350.400
-443745.690,-1172401.550,350.400
-443745.560,-1172401.890,350.410
-443745.430,-1172402.250,350.410
-443745.300,-1172402.600,350.420
-443745.180,-1172402.940,350.420
-443745.050,-1172403.290,350.420
-443744.930,-1172403.610,350.430
-443744.800,-1172403.950,350.430
-443744.690,-1172404.260,350.440
-443744.560,-1172404.620,350.440
-443744.430,-1172404.960,350.440
-443744.310,-1172405.280,350.440
-443744.190,-1172405.620,350.450
-443744.050,-1172405.980,350.450
-443743.930,-1172406.330,350.460
-443743.810,-1172406.650,350.460
-443743.690,-1172406.980,350.460
-443743.560,-1172407.330,350.460
-443747.750,-1172397.510,350.440
-443747.630,-1172397.850,350.430
-443747.510,-1172398.180,350.430
-443747.380,-1172398.520,350.420
-443747.260,-1172398.840,350.420
-443747.130,-1172399.200,350.420
-443747.010,-1172399.520,350.410
-443746.900,-1172399.840,350.410
-443746.770,-1172400.180,350.400
-443746.640,-1172400.530,350.400
-443746.510,-1172400.880,350.400
-443746.390,-1172401.220,350.400
-443746.260,-1172401.560,350.390
-443746.130,-1172401.910,350.390
-443746.010,-1172402.230,350.390
-443745.900,-1172402.550,350.395
-443745.770,-1172402.900,350.400
-443745.630,-1172403.260,350.400
-443745.520,-1172403.570,350.410
-443745.390,-1172403.930,350.410
-443745.260,-1172404.270,350.420
-443745.130,-1172404.620,350.430
-443745.020,-1172404.930,350.430
-443744.890,-1172405.270,350.430
-443744.770,-1172405.610,350.430
-443744.640,-1172405.970,350.430
-443744.520,-1172406.280,350.440
-443744.400,-1172406.610,350.450
-443744.280,-1172406.940,350.450
-443744.160,-1172407.260,350.450
-443747.870,-1172397.210,350.440
-443748.300,-1172396.950,350.450
-443748.190,-1172397.250,350.440
-443748.070,-1172397.580,350.430
-443747.950,-1172397.900,350.430
-443747.830,-1172398.240,350.430
-443747.700,-1172398.580,350.430
-443747.580,-1172398.920,350.420
-443747.450,-1172399.280,350.420
-443747.320,-1172399.610,350.410
-443747.200,-1172399.950,350.400
-443747.080,-1172400.270,350.400
-443746.960,-1172400.610,350.400
-443746.840,-1172400.930,350.395
-443746.710,-1172401.280,350.390
-443746.580,-1172401.620,350.390
-443746.460,-1172401.950,350.390
-443746.350,-1172402.260,350.390
-443746.210,-1172402.620,350.390
-443746.080,-1172402.970,350.390
-443745.960,-1172403.300,350.390
-443745.840,-1172403.650,350.390
-443745.710,-1172403.990,350.400
-443745.580,-1172404.340,350.410
-443745.460,-1172404.650,350.420
-443745.350,-1172404.970,350.420
-443745.230,-1172405.300,350.430
-443745.100,-1172405.630,350.430
-443744.970,-1172405.990,350.430
-443744.860,-1172406.300,350.430
-443744.730,-1172406.640,350.440
-443744.610,-1172406.980,350.440
-443744.480,-1172407.310,350.450
-443748.890,-1172396.780,350.450
-443748.790,-1172397.060,350.440
-443748.670,-1172397.390,350.435
-443748.540,-1172397.730,350.430
-443748.410,-1172398.080,350.420
-443748.300,-1172398.400,350.425
-443748.160,-1172398.760,350.420
-443748.040,-1172399.100,350.430
-443747.910,-1172399.440,350.420
-443747.800,-1172399.750,350.410
-443747.670,-1172400.090,350.410
-443747.540,-1172400.440,350.400
-443747.430,-1172400.760,350.400
-443747.300,-1172401.090,350.390
-443747.180,-1172401.440,350.390
-443747.050,-1172401.790,350.390
-443746.930,-1172402.100,350.390
-443746.800,-1172402.460,350.390
-443746.440,-1172403.430,350.385
-443746.320,-1172403.770,350.390
-443746.190,-1172404.120,350.390
-443746.060,-1172404.450,350.400
-443745.940,-1172404.780,350.410
-443745.820,-1172405.120,350.410
-443745.700,-1172405.450,350.420
-443745.580,-1172405.770,350.420
-443745.460,-1172406.090,350.420
-443745.330,-1172406.450,350.420
-443745.200,-1172406.810,350.430
-443745.070,-1172407.140,350.430
-443749.090,-1172396.950,350.440
-443748.970,-1172397.260,350.440
-443748.860,-1172397.570,350.430
-443748.740,-1172397.890,350.430
-443748.620,-1172398.230,350.420
-443748.490,-1172398.570,350.420
-443748.370,-1172398.900,350.420
-443748.240,-1172399.240,350.420
-443748.120,-1172399.590,350.410
-443747.990,-1172399.930,350.410
-443747.870,-1172400.260,350.400
-443747.740,-1172400.600,350.400
-443747.620,-1172400.940,350.390
-443747.510,-1172401.250,350.390
-443747.370,-1172401.620,350.390
-443747.250,-1172401.940,350.390
-443747.130,-1172402.260,350.390
-443747.010,-1172402.580,350.380
-443746.890,-1172402.910,350.380
-443746.760,-1172403.260,350.380
-443746.520,-1172403.920,350.380
-443746.390,-1172404.270,350.390
-443746.270,-1172404.590,350.390
-443746.150,-1172404.930,350.400
-443746.020,-1172405.270,350.410
-443745.900,-1172405.600,350.420
-443745.780,-1172405.920,350.420
-443745.650,-1172406.270,350.420
-443745.530,-1172406.610,350.420
-443745.400,-1172406.960,350.420
-443745.270,-1172407.300,350.430
-443747.330,-1172403.340,350.380
-443747.190,-1172403.710,350.370
-443746.950,-1172404.370,350.380
-443746.820,-1172404.710,350.390
-443746.700,-1172405.050,350.390
-443746.570,-1172405.400,350.395
-443746.440,-1172405.740,350.410
-443746.320,-1172406.080,350.410
-443746.080,-1172406.730,350.420
-443745.950,-1172407.070,350.420
-443749.660,-1172397.020,350.440
-443749.540,-1172397.350,350.440
-443749.410,-1172397.680,350.430
-443749.290,-1172398.010,350.420
-443749.160,-1172398.370,350.420
-443749.040,-1172398.690,350.420
-443748.910,-1172399.040,350.420
-443748.800,-1172399.360,350.410
-443748.660,-1172399.720,350.410
-443748.540,-1172400.050,350.400
-443748.430,-1172400.360,350.400
-443748.310,-1172400.670,350.390
-443748.190,-1172401.000,350.390
-443748.060,-1172401.360,350.390
-443747.940,-1172401.680,350.390
-443747.820,-1172402.010,350.390
-443747.690,-1172402.350,350.390
-443747.570,-1172402.680,350.390
-443747.440,-1172403.020,350.380
-443750.010,-1172396.950,350.440
-443749.770,-1172397.580,350.430
-443749.650,-1172397.920,350.420
-443749.530,-1172398.250,350.420
-443749.410,-1172398.570,350.420
-443749.290,-1172398.900,350.410
-443749.170,-1172399.220,350.410
-443749.040,-1172399.560,350.410
-443748.920,-1172399.900,350.400
-443748.800,-1172400.230,350.400
-443748.680,-1172400.540,350.390
-443748.560,-1172400.870,350.390
-443748.440,-1172401.210,350.390
-443748.310,-1172401.560,350.390
-443748.180,-1172401.910,350.380
-443748.060,-1172402.230,350.380
-443747.940,-1172402.570,350.380
-443747.810,-1172402.900,350.380
-443747.690,-1172403.240,350.380
-443747.560,-1172403.580,350.380
-443747.430,-1172403.940,350.380
-443747.300,-1172404.280,350.370
-443747.190,-1172404.590,350.380
-443747.060,-1172404.940,350.380
-443746.940,-1172405.270,350.390
-443746.810,-1172405.610,350.390
-443746.690,-1172405.950,350.410
-443746.570,-1172406.280,350.410
-443746.430,-1172406.640,350.410
-443746.310,-1172406.970,350.420
-443750.630,-1172396.890,350.440
-443750.530,-1172397.180,350.430
-443750.410,-1172397.510,350.430
-443750.290,-1172397.830,350.420
-443750.170,-1172398.150,350.420
-443750.040,-1172398.500,350.410
-443749.920,-1172398.830,350.410
-443749.800,-1172399.160,350.410
-443749.680,-1172399.480,350.400
-443749.550,-1172399.820,350.400
-443749.420,-1172400.170,350.390
-443749.300,-1172400.510,350.390
-443749.180,-1172400.830,350.380
-443749.060,-1172401.150,350.380
-443748.920,-1172401.520,350.380
-443748.800,-1172401.840,350.380
-443748.680,-1172402.190,350.380
-443748.540,-1172402.550,350.380
-443748.300,-1172403.210,350.380
-443748.180,-1172403.540,350.380
-443748.060,-1172403.870,350.380
-443747.810,-1172404.550,350.380
-443747.430,-1172405.580,350.390
-443747.300,-1172405.920,350.400
-443747.170,-1172406.260,350.410
-443747.050,-1172406.590,350.410
-443746.930,-1172406.910,350.410
-443750.980,-1172396.860,350.440
-443750.870,-1172397.160,350.430
-443750.750,-1172397.480,350.430
-443750.630,-1172397.810,350.420
-443750.500,-1172398.160,350.420
-443750.390,-1172398.460,350.410
-443750.260,-1172398.800,350.410
-443750.130,-1172399.160,350.400
-443750.010,-1172399.490,350.400
-443749.890,-1172399.810,350.390
-443749.760,-1172400.150,350.390
-443749.630,-1172400.500,350.390
-443749.510,-1172400.850,350.380
-443749.390,-1172401.170,350.380
-443749.250,-1172401.530,350.380
-443749.130,-1172401.870,350.380
-443749.010,-1172402.180,350.380
-443748.890,-1172402.510,350.380
-443748.760,-1172402.870,350.380
-443748.390,-1172403.860,350.380
-443748.260,-1172404.220,350.380
-443748.130,-1172404.560,350.380
-443748.020,-1172404.870,350.380
-443747.880,-1172405.260,350.380
-443747.760,-1172405.580,350.390
-443747.520,-1172406.230,350.400
-443747.400,-1172406.560,350.410
-443747.270,-1172406.900,350.410
-443751.620,-1172397.000,350.445
-443751.500,-1172397.330,350.440
-443751.370,-1172397.670,350.430
-443751.250,-1172397.990,350.420
-443751.140,-1172398.310,350.420
-443751.010,-1172398.660,350.410
-443750.880,-1172399.010,350.405
-443750.760,-1172399.340,350.400
-443750.630,-1172399.690,350.390
-443750.510,-1172400.020,350.390
-443750.370,-1172400.380,350.390
-443750.260,-1172400.690,350.380
-443750.140,-1172401.010,350.380
-443749.890,-1172401.680,350.380
-443749.770,-1172402.010,350.380
-443749.640,-1172402.370,350.370
-443749.500,-1172402.730,350.370
-443749.120,-1172403.760,350.380
-443749.010,-1172404.070,350.390
-443748.880,-1172404.410,350.380
-443748.760,-1172404.750,350.390
-443748.640,-1172405.080,350.390
-443748.520,-1172405.390,350.390
-443748.400,-1172405.720,350.400
-443748.270,-1172406.070,350.400
-443748.150,-1172406.390,350.410
-443748.030,-1172406.710,350.410
-443747.910,-1172407.050,350.415
-443752.010,-1172396.850,350.450
-443751.880,-1172397.180,350.440
-443751.750,-1172397.530,350.430
-443751.630,-1172397.870,350.430
-443751.510,-1172398.200,350.420
-443751.380,-1172398.540,350.420
-443751.260,-1172398.880,350.410
-443751.130,-1172399.210,350.400
-443751.020,-1172399.500,350.400
-443750.890,-1172399.860,350.390
-443750.650,-1172400.530,350.380
-443750.380,-1172401.250,350.380
-443750.260,-1172401.580,350.380
-443750.140,-1172401.890,350.380
-443750.020,-1172402.230,350.370
-443749.890,-1172402.570,350.370
-443749.400,-1172403.920,350.380
-443749.280,-1172404.220,350.390
-443749.150,-1172404.570,350.380
-443749.040,-1172404.880,350.390
-443748.920,-1172405.220,350.390
-443748.790,-1172405.570,350.400
-443748.670,-1172405.880,350.400
-443748.540,-1172406.250,350.405
-443748.410,-1172406.580,350.410
-443748.290,-1172406.900,350.410
-443752.330,-1172397.320,350.450
-443752.210,-1172397.640,350.440
-443752.090,-1172397.940,350.430
-443751.970,-1172398.300,350.420
-443751.830,-1172398.660,350.420
-443751.710,-1172398.970,350.410
-443751.590,-1172399.310,350.400
-443751.460,-1172399.650,350.390
-443751.340,-1172399.980,350.390
-443751.230,-1172400.300,350.390
-443750.970,-1172400.990,350.380
-443750.730,-1172401.650,350.380
-443750.240,-1172402.960,350.375
-443750.120,-1172403.290,350.380
-443749.980,-1172403.670,350.380
-443749.870,-1172403.980,350.380
-443749.750,-1172404.290,350.380
-443749.490,-1172404.990,350.390
-443749.370,-1172405.320,350.390
-443749.250,-1172405.660,350.390
-443749.120,-1172406.000,350.400
-443748.990,-1172406.350,350.405
-443748.870,-1172406.680,350.410
-443752.700,-1172396.850,350.450
-443752.580,-1172397.180,350.450
-443752.460,-1172397.500,350.440
-443752.330,-1172397.840,350.430
-443752.210,-1172398.170,350.430
-443752.080,-1172398.520,350.420
-443751.960,-1172398.860,350.410
-443751.830,-1172399.200,350.400
-443751.720,-1172399.510,350.400
-443751.590,-1172399.850,350.390
-443751.470,-1172400.170,350.390
-443751.110,-1172401.160,350.390
-443750.860,-1172401.840,350.390
-443750.610,-1172402.500,350.380
-443750.500,-1172402.820,350.380
-443750.370,-1172403.160,350.380
-443750.240,-1172403.500,350.380
-443750.120,-1172403.840,350.380
-443749.990,-1172404.180,350.380
-443749.870,-1172404.500,350.390
-443749.740,-1172404.860,350.390
-443749.360,-1172405.900,350.390
-443749.240,-1172406.230,350.400
-443749.120,-1172406.560,350.400
-443749.000,-1172406.870,350.410
-443753.380,-1172396.640,350.420
-443753.250,-1172396.990,350.440
-443753.140,-1172397.300,350.450
-443753.010,-1172397.640,350.440
-443752.890,-1172397.960,350.440
-443752.760,-1172398.310,350.430
-443752.640,-1172398.630,350.420
-443752.530,-1172398.940,350.420
-443752.400,-1172399.280,350.410
-443752.290,-1172399.600,350.400
-443752.160,-1172399.940,350.400
-443752.040,-1172400.260,350.390
-443751.920,-1172400.590,350.390
-443751.790,-1172400.950,350.390
-443751.670,-1172401.260,350.390
-443751.540,-1172401.610,350.390
-443751.410,-1172401.970,350.390
-443751.290,-1172402.300,350.390
-443751.180,-1172402.600,350.390
-443751.050,-1172402.950,350.390
-443750.920,-1172403.300,350.390
-443750.790,-1172403.660,350.390
-443750.670,-1172403.980,350.390
-443750.530,-1172404.350,350.390
-443750.410,-1172404.660,350.390
-443750.180,-1172405.300,350.390
-443750.050,-1172405.660,350.390
-443749.910,-1172406.020,350.400
-443749.800,-1172406.330,350.400
-443749.670,-1172406.670,350.405
-443753.620,-1172396.900,350.420
-443753.490,-1172397.250,350.440
-443753.380,-1172397.550,350.450
-443753.260,-1172397.890,350.450
-443753.140,-1172398.190,350.440
-443753.020,-1172398.540,350.430
-443752.890,-1172398.870,350.420
-443752.780,-1172399.190,350.420
-443752.650,-1172399.540,350.410
-443752.520,-1172399.870,350.400
-443752.400,-1172400.200,350.400
-443752.270,-1172400.550,350.395
-443752.150,-1172400.870,350.395
-443752.030,-1172401.200,350.395
-443751.900,-1172401.550,350.395
-443751.770,-1172401.900,350.400
-443751.650,-1172402.240,350.400
-443751.520,-1172402.590,350.400
-443751.390,-1172402.940,350.400
-443751.280,-1172403.240,350.400
-443751.150,-1172403.590,350.400
-443751.030,-1172403.900,350.400
-443750.910,-1172404.240,350.400
-443750.770,-1172404.600,350.395
-443750.650,-1172404.930,350.395
-443750.530,-1172405.270,350.390
-443750.400,-1172405.600,350.390
-443750.270,-1172405.970,350.395
-443750.150,-1172406.290,350.400
-443750.020,-1172406.630,350.400
-443752.870,-1172400.400,350.410
-443752.730,-1172400.760,350.410
-443752.610,-1172401.100,350.410
-443752.490,-1172401.430,350.410
-443752.370,-1172401.760,350.410
-443752.230,-1172402.120,350.410
-443752.120,-1172402.420,350.410
-443751.990,-1172402.770,350.410
-443751.870,-1172403.110,350.410
-443751.740,-1172403.440,350.410
-443751.620,-1172403.780,350.410
-443751.490,-1172404.120,350.410
-443751.360,-1172404.490,350.410
-443751.240,-1172404.800,350.410
-443751.120,-1172405.130,350.400
-443751.000,-1172405.460,350.400
-443750.860,-1172405.820,350.400
-443750.750,-1172406.130,350.400
-443750.630,-1172406.440,350.400
-443750.500,-1172406.800,350.410
-443754.220,-1172396.730,349.780
-443754.100,-1172397.070,349.810
-443753.860,-1172397.710,350.440
-443753.740,-1172398.050,350.440
-443753.610,-1172398.390,350.440
-443753.490,-1172398.720,350.440
-443753.370,-1172399.050,350.440
-443753.240,-1172399.390,350.430
-443753.120,-1172399.720,350.420
-443752.990,-1172400.060,350.420
-443752.550,-1172402.050,350.420
-443752.420,-1172402.420,350.420
-443752.290,-1172402.760,350.420
-443752.170,-1172403.090,350.420
-443752.040,-1172403.430,350.420
-443751.910,-1172403.780,350.420
-443751.790,-1172404.100,350.420
-443751.670,-1172404.440,350.410
-443751.550,-1172404.770,350.410
-443751.430,-1172405.090,350.410
-443751.310,-1172405.410,350.400
-443751.190,-1172405.720,350.400
-443751.060,-1172406.090,350.400
-443750.940,-1172406.400,350.400
-443750.830,-1172406.720,350.410
-443754.490,-1172396.790,349.750
-443754.290,-1172397.360,349.770
-443754.360,-1172397.140,349.770
-443754.240,-1172397.480,349.790
-443754.040,-1172398.020,350.440
-443754.120,-1172397.800,350.420
-443753.920,-1172398.350,350.440
-443753.790,-1172398.690,350.440
-443753.880,-1172398.440,350.440
-443753.670,-1172399.030,350.440
-443753.540,-1172399.380,350.440
-443753.410,-1172399.730,350.435
-443753.280,-1172400.080,350.430
-443753.170,-1172400.380,350.430
-443753.040,-1172400.720,350.420
-443752.920,-1172401.050,350.420
-443752.790,-1172401.390,350.410
-443752.670,-1172401.740,350.420
-443753.230,-1172401.820,350.430
-443753.110,-1172402.130,350.430
-443752.990,-1172402.470,350.430
-443752.870,-1172402.790,350.430
-443752.740,-1172403.130,350.430
-443752.620,-1172403.450,350.430
-443752.510,-1172403.770,350.430
-443752.380,-1172404.120,350.430
-443752.260,-1172404.450,350.430
-443752.140,-1172404.760,350.430
-443752.010,-1172405.110,350.420
-443751.880,-1172405.450,350.420
-443751.760,-1172405.780,350.420
-443751.630,-1172406.130,350.415
-443751.510,-1172406.450,350.420
-443751.390,-1172406.800,350.420
-443755.050,-1172396.870,349.740
-443754.940,-1172397.190,349.740
-443754.810,-1172397.530,349.740
-443754.680,-1172397.890,349.740
-443754.470,-1172398.450,349.740
-443754.560,-1172398.200,349.740
-443754.350,-1172398.770,349.780
-443754.450,-1172398.510,349.750
-443754.230,-1172399.110,350.400
-443754.330,-1172398.820,350.390
-443754.110,-1172399.440,350.410
-443754.190,-1172399.220,350.410
-443753.980,-1172399.780,350.425
-443753.860,-1172400.100,350.430
-443753.730,-1172400.450,350.430
-443753.610,-1172400.800,350.440
-443753.480,-1172401.130,350.435
-443753.360,-1172401.450,350.430
-443754.240,-1172399.810,350.400
-443754.130,-1172400.130,350.410
-443754.220,-1172399.860,350.410
-443754.000,-1172400.470,350.430
-443753.880,-1172400.800,350.430
-443753.750,-1172401.130,350.440
-443753.640,-1172401.440,350.445
-443753.510,-1172401.780,350.440
-443753.400,-1172402.100,350.440
-443753.280,-1172402.420,350.440
-443753.140,-1172402.780,350.440
-443753.020,-1172403.110,350.440
-443752.900,-1172403.430,350.440
-443752.780,-1172403.750,350.440
-443752.660,-1172404.090,350.430
-443752.530,-1172404.450,350.430
-443752.400,-1172404.790,350.430
-443752.280,-1172405.110,350.420
-443752.160,-1172405.430,350.420
-443752.040,-1172405.780,350.420
-443751.910,-1172406.120,350.420
-443751.790,-1172406.450,350.420
-443755.430,-1172396.580,349.750
-443755.330,-1172396.870,349.740
-443755.210,-1172397.190,349.735
-443755.090,-1172397.500,349.730
-443754.960,-1172397.860,349.720
-443754.840,-1172398.190,349.720
-443754.720,-1172398.510,349.710
-443754.500,-1172399.100,349.710
-443754.600,-1172398.850,349.710
-443754.460,-1172399.210,349.705
-443755.090,-1172398.810,349.680
-443754.980,-1172399.120,349.670
-443754.850,-1172399.450,349.660
-443754.730,-1172399.780,349.660
-443754.510,-1172400.390,349.650
-443754.610,-1172400.120,349.650
-443754.390,-1172400.700,350.380
-443754.490,-1172400.430,349.650
-443754.270,-1172401.020,350.400
-443754.370,-1172400.740,350.400
-443754.150,-1172401.370,350.430
-443754.030,-1172401.690,350.430
-443753.910,-1172402.000,350.450
-443753.780,-1172402.350,350.450
-443753.660,-1172402.690,350.450
-443753.530,-1172403.030,350.450
-443753.410,-1172403.370,350.450
-443753.290,-1172403.690,350.450
-443753.160,-1172404.030,350.440
-443753.030,-1172404.380,350.450
-443752.910,-1172404.710,350.440
-443752.780,-1172405.060,350.440
-443752.650,-1172405.410,350.440
-443752.530,-1172405.740,350.430
-443752.410,-1172406.070,350.430
-443752.280,-1172406.400,350.430
-443752.160,-1172406.720,350.430
-443755.840,-1172396.800,349.740
-443755.730,-1172397.090,349.730
-443755.590,-1172397.450,349.730
-443755.470,-1172397.790,349.710
-443755.340,-1172398.120,349.700
-443755.220,-1172398.460,349.680
-443755.940,-1172397.140,349.730
-443755.820,-1172397.470,349.720
-443755.700,-1172397.810,349.710
-443755.580,-1172398.130,349.700
-443755.460,-1172398.450,349.680
-443755.340,-1172398.780,349.680
-443755.210,-1172399.110,349.660
-443755.090,-1172399.440,349.660
-443754.980,-1172399.750,349.645
-443754.860,-1172400.080,349.635
-443754.730,-1172400.430,349.630
-443754.510,-1172401.020,349.630
-443754.610,-1172400.740,349.630
-443754.380,-1172401.370,350.390
-443754.480,-1172401.090,349.640
-443754.250,-1172401.730,350.425
-443754.360,-1172401.430,350.400
-443754.130,-1172402.040,350.440
-443754.020,-1172402.360,350.450
-443753.890,-1172402.700,350.450
-443753.760,-1172403.060,350.450
-443753.640,-1172403.390,350.450
-443753.510,-1172403.740,350.460
-443753.380,-1172404.090,350.460
-443753.260,-1172404.420,350.450
-443753.140,-1172404.720,350.450
-443753.020,-1172405.050,350.450
-443752.890,-1172405.400,350.440
-443752.760,-1172405.750,350.440
-443752.650,-1172406.060,350.440
-443752.520,-1172406.410,350.440
-443756.060,-1172396.820,349.740
-443756.690,-1172396.700,349.740
-443756.570,-1172397.030,349.730
-443756.460,-1172397.330,349.730
-443756.340,-1172397.640,349.720
-443756.210,-1172397.990,349.700
-443756.090,-1172398.320,349.690
-443755.970,-1172398.640,349.670
-443755.850,-1172398.970,349.660
-443755.730,-1172399.300,349.650
-443755.600,-1172399.640,349.640
-443755.470,-1172399.990,349.630
-443755.350,-1172400.310,349.620
-443755.230,-1172400.630,349.610
-443755.110,-1172400.980,349.610
-443754.980,-1172401.320,349.600
-443754.850,-1172401.660,349.590
-443754.620,-1172402.310,349.600
-443754.720,-1172402.020,349.590
-443754.600,-1172402.350,349.600
-443754.380,-1172402.960,350.425
-443754.250,-1172403.300,350.450
-443754.130,-1172403.620,350.450
-443754.010,-1172403.960,350.460
-443753.890,-1172404.290,350.470
-443753.760,-1172404.610,350.470
-443753.640,-1172404.960,350.470
-443753.500,-1172405.320,350.460
-443753.380,-1172405.650,350.450
-443753.260,-1172405.980,350.450
-443753.130,-1172406.330,350.450
-443753.010,-1172406.650,350.450
-443756.990,-1172396.660,349.740
-443756.890,-1172396.950,349.740
-443756.760,-1172397.300,349.730
-443756.640,-1172397.610,349.720
-443756.520,-1172397.950,349.700
-443756.390,-1172398.300,349.690
-443756.260,-1172398.640,349.670
-443756.150,-1172398.950,349.660
-443756.030,-1172399.280,349.650
-443755.900,-1172399.630,349.640
-443755.770,-1172399.980,349.630
-443755.640,-1172400.310,349.610
-443755.510,-1172400.670,349.605
-443755.390,-1172401.000,349.600
-443755.270,-1172401.310,349.590
-443755.150,-1172401.630,349.580
-443755.030,-1172401.960,349.580
-443754.900,-1172402.320,349.580
-443754.780,-1172402.640,349.570
-443754.540,-1172403.300,349.600
-443754.650,-1172402.980,349.570
-443754.420,-1172403.640,350.420
-443754.530,-1172403.320,349.625
-443754.290,-1172403.990,350.460
-443754.400,-1172403.680,350.430
-443754.170,-1172404.290,350.470
-443754.050,-1172404.640,350.480
-443753.930,-1172404.970,350.480
-443753.800,-1172405.300,350.480
-443753.680,-1172405.620,350.470
-443753.560,-1172405.950,350.460
-443753.440,-1172406.280,350.460
-443753.320,-1172406.590,350.460
-443757.530,-1172396.630,349.740
-443757.410,-1172396.940,349.740
-443757.290,-1172397.270,349.730
-443757.170,-1172397.590,349.720
-443757.040,-1172397.940,349.710
-443756.910,-1172398.290,349.690
-443756.780,-1172398.640,349.670
-443756.660,-1172398.950,349.670
-443756.540,-1172399.290,349.650
-443756.420,-1172399.620,349.640
-443756.310,-1172399.920,349.630
-443756.180,-1172400.270,349.620
-443756.040,-1172400.630,349.605
-443755.920,-1172400.960,349.590
-443755.800,-1172401.290,349.590
-443755.670,-1172401.640,349.570
-443755.540,-1172401.990,349.570
-443755.430,-1172402.300,349.560
-443755.300,-1172402.640,349.550
-443755.180,-1172402.970,349.540
-443755.050,-1172403.320,349.540
-443754.930,-1172403.630,349.530
-443754.700,-1172404.280,349.520
-443754.820,-1172403.950,349.520
-443754.580,-1172404.590,350.455
-443754.700,-1172404.270,349.520
-443754.460,-1172404.930,350.480
-443754.340,-1172405.260,350.480
-443754.220,-1172405.570,350.480
-443754.100,-1172405.900,350.480
-443753.970,-1172406.240,350.470
-443753.860,-1172406.550,350.470
-443757.730,-1172396.770,349.740
-443757.600,-1172397.100,349.730
-443757.470,-1172397.450,349.730
-443757.350,-1172397.780,349.720
-443757.230,-1172398.110,349.700
-443757.100,-1172398.450,349.680
-443756.990,-1172398.760,349.670
-443756.860,-1172399.100,349.660
-443756.740,-1172399.430,349.640
-443756.610,-1172399.770,349.630
-443756.490,-1172400.110,349.620
-443756.370,-1172400.440,349.610
-443756.240,-1172400.790,349.600
-443756.120,-1172401.120,349.590
-443755.990,-1172401.470,349.580
-443755.870,-1172401.780,349.570
-443755.740,-1172402.130,349.560
-443755.620,-1172402.450,349.550
-443755.510,-1172402.760,349.540
-443755.390,-1172403.080,349.540
-443755.260,-1172403.430,349.530
-443755.130,-1172403.770,349.510
-443755.020,-1172404.070,349.510
-443754.900,-1172404.400,349.510
-443754.780,-1172404.740,349.520
-443754.540,-1172405.390,350.480
-443754.670,-1172405.030,350.465
-443754.420,-1172405.730,350.485
-443754.280,-1172406.080,350.480
-443754.160,-1172406.410,350.480
-443756.950,-1172400.740,349.590
-443756.840,-1172401.050,349.590
-443756.720,-1172401.380,349.580
-443756.590,-1172401.730,349.570
-443756.470,-1172402.050,349.560
-443756.350,-1172402.360,349.550
-443756.230,-1172402.700,349.540
-443756.090,-1172403.060,349.530
-443755.980,-1172403.360,349.520
-443755.860,-1172403.700,349.510
-443755.730,-1172404.050,349.490
-443755.600,-1172404.380,349.480
-443755.490,-1172404.680,349.480
-443755.370,-1172405.000,349.480
-443758.430,-1172396.740,349.740
-443758.320,-1172397.060,349.730
-443758.190,-1172397.390,349.730
-443758.060,-1172397.740,349.715
-443757.950,-1172398.050,349.700
-443757.820,-1172398.390,349.680
-443757.690,-1172398.740,349.670
-443757.560,-1172399.080,349.660
-443757.450,-1172399.400,349.640
-443757.320,-1172399.730,349.630
-443757.200,-1172400.060,349.620
-443757.070,-1172400.420,349.600
-443758.800,-1172396.710,349.750
-443758.680,-1172397.040,349.740
-443758.550,-1172397.370,349.730
-443758.430,-1172397.710,349.720
-443758.310,-1172398.040,349.700
-443758.180,-1172398.380,349.685
-443758.060,-1172398.700,349.670
-443757.930,-1172399.040,349.660
-443757.810,-1172399.370,349.640
-443757.690,-1172399.690,349.630
-443757.580,-1172400.000,349.620
-443757.460,-1172400.330,349.610
-443757.330,-1172400.680,349.590
-443757.210,-1172401.000,349.590
-443757.090,-1172401.320,349.580
-443756.950,-1172401.680,349.570
-443756.840,-1172401.990,349.560
-443756.710,-1172402.340,349.550
-443756.590,-1172402.670,349.540
-443756.460,-1172403.010,349.530
-443756.340,-1172403.330,349.520
-443756.220,-1172403.680,349.510
-443756.090,-1172404.010,349.500
-443755.960,-1172404.370,349.480
-443755.840,-1172404.700,349.480
-443755.730,-1172405.000,349.470
-443759.460,-1172396.510,349.760
-443759.330,-1172396.850,349.750
-443759.220,-1172397.150,349.740
-443759.100,-1172397.490,349.720
-443758.970,-1172397.820,349.710
-443758.850,-1172398.140,349.700
-443758.740,-1172398.450,349.680
-443758.620,-1172398.780,349.670
-443758.480,-1172399.130,349.650
-443758.370,-1172399.440,349.640
-443758.250,-1172399.770,349.630
-443758.120,-1172400.120,349.610
-443758.000,-1172400.430,349.600
-443757.880,-1172400.770,349.590
-443757.750,-1172401.110,349.580
-443757.630,-1172401.450,349.570
-443757.500,-1172401.780,349.560
-443757.380,-1172402.110,349.560
-443757.250,-1172402.450,349.550
-443757.120,-1172402.800,349.540
-443757.000,-1172403.150,349.530
-443756.880,-1172403.470,349.520
-443756.750,-1172403.800,349.510
-443756.630,-1172404.140,349.490
-443756.510,-1172404.460,349.480
-443756.390,-1172404.770,349.470
-443759.680,-1172396.480,349.760
-443759.560,-1172396.800,349.750
-443759.440,-1172397.120,349.740
-443759.330,-1172397.430,349.730
-443759.210,-1172397.760,349.720
-443759.080,-1172398.100,349.700
-443758.960,-1172398.410,349.680
-443758.840,-1172398.750,349.670
-443758.720,-1172399.070,349.650
-443758.590,-1172399.430,349.640
-443758.460,-1172399.770,349.620
-443758.340,-1172400.080,349.610
-443758.220,-1172400.410,349.600
-443758.100,-1172400.750,349.590
-443757.970,-1172401.090,349.580
-443757.840,-1172401.430,349.570
-443757.710,-1172401.790,349.560
-443757.590,-1172402.130,349.550
-443757.470,-1172402.450,349.550
-443757.350,-1172402.770,349.540
-443757.220,-1172403.120,349.530
-443757.100,-1172403.450,349.520
-443756.980,-1172403.780,349.510
-443756.850,-1172404.110,349.490
-443756.720,-1172404.460,349.480
-443756.600,-1172404.780,349.480
-443759.470,-1172398.580,349.670
-443759.340,-1172398.930,349.660
-443759.220,-1172399.260,349.640
-443759.090,-1172399.610,349.630
-443758.950,-1172399.970,349.620
-443758.830,-1172400.290,349.610
-443758.720,-1172400.610,349.590
-443758.590,-1172400.940,349.590
-443758.470,-1172401.270,349.580
-443758.340,-1172401.620,349.565
-443758.220,-1172401.950,349.560
-443758.100,-1172402.280,349.550
-443757.970,-1172402.640,349.540
-443757.840,-1172402.960,349.530
-443757.720,-1172403.310,349.520
-443757.460,-1172403.980,349.500
-443757.220,-1172404.650,349.480
-443757.110,-1172404.940,349.470
-443760.200,-1172396.610,349.760
-443760.080,-1172396.930,349.750
-443759.960,-1172397.260,349.740
-443759.830,-1172397.600,349.720
-443759.710,-1172397.930,349.710
-443759.590,-1172398.260,349.690
-443760.490,-1172396.620,349.760
-443760.370,-1172396.940,349.750
-443760.250,-1172397.260,349.740
-443760.120,-1172397.620,349.720
-443759.990,-1172397.960,349.710
-443759.870,-1172398.300,349.680
-443759.740,-1172398.630,349.670
-443759.610,-1172398.970,349.650
-443759.500,-1172399.290,349.640
-443759.380,-1172399.600,349.630
-443759.250,-1172399.950,349.620
-443759.120,-1172400.310,349.605
-443759.010,-1172400.620,349.590
-443758.880,-1172400.960,349.580
-443758.750,-1172401.300,349.580
-443758.620,-1172401.650,349.560
-443758.500,-1172401.970,349.560
-443758.370,-1172402.320,349.550
-443758.250,-1172402.640,349.540
-443758.130,-1172402.990,349.530
-443758.010,-1172403.290,349.520
-443757.890,-1172403.630,349.510
-443757.770,-1172403.950,349.500
-443757.650,-1172404.270,349.490
-443757.530,-1172404.600,349.480
-443757.410,-1172404.920,349.480
-443761.090,-1172396.570,349.760
-443760.980,-1172396.880,349.740
-443760.850,-1172397.230,349.730
-443760.720,-1172397.570,349.720
-443760.600,-1172397.890,349.710
-443760.490,-1172398.200,349.690
-443760.350,-1172398.560,349.670
-443760.230,-1172398.880,349.660
-443760.110,-1172399.210,349.640
-443759.990,-1172399.550,349.630
-443759.850,-1172399.900,349.620
-443759.730,-1172400.240,349.610
-443759.610,-1172400.550,349.600
-443759.480,-1172400.900,349.590
-443759.360,-1172401.240,349.580
-443759.240,-1172401.570,349.570
-443759.120,-1172401.890,349.560
-443759.000,-1172402.220,349.550
-443758.870,-1172402.560,349.540
-443758.760,-1172402.860,349.530
-443758.630,-1172403.210,349.520
-443758.510,-1172403.540,349.510
-443758.390,-1172403.860,349.500
-443758.260,-1172404.190,349.490
-443758.150,-1172404.510,349.480
-443758.020,-1172404.850,349.470
-443760.870,-1172397.980,349.700
-443760.750,-1172398.310,349.680
-443760.620,-1172398.670,349.670
-443760.500,-1172398.990,349.650
-443760.370,-1172399.330,349.640
-443760.250,-1172399.650,349.630
-443760.120,-1172400.000,349.620
-443760.000,-1172400.330,349.600
-443759.890,-1172400.630,349.590
-443759.770,-1172400.960,349.580
-443759.650,-1172401.290,349.580
-443759.520,-1172401.630,349.560
-443759.400,-1172401.940,349.560
-443759.280,-1172402.270,349.550
-443759.150,-1172402.630,349.530
-443759.030,-1172402.950,349.530
-443758.910,-1172403.270,349.520
-443758.780,-1172403.630,349.510
-443758.650,-1172403.960,349.490
-443758.540,-1172404.270,349.490
-443758.420,-1172404.600,349.480
-443758.290,-1172404.940,349.470
-443761.480,-1172396.340,349.760
-443761.370,-1172396.650,349.750
-443761.250,-1172396.980,349.740
-443761.120,-1172397.310,349.730
-443760.990,-1172397.650,349.720
-443762.110,-1172396.490,349.760
-443761.990,-1172396.810,349.750
-443761.860,-1172397.150,349.730
-443761.740,-1172397.500,349.720
-443761.620,-1172397.820,349.710
-443761.490,-1172398.170,349.690
-443761.370,-1172398.490,349.670
-443761.240,-1172398.820,349.660
-443761.120,-1172399.140,349.650
-443761.000,-1172399.470,349.630
-443760.880,-1172399.800,349.620
-443760.760,-1172400.120,349.610
-443760.630,-1172400.470,349.600
-443760.510,-1172400.790,349.590
-443760.400,-1172401.110,349.580
-443760.270,-1172401.450,349.570
-443760.150,-1172401.760,349.560
-443760.020,-1172402.120,349.550
-443759.890,-1172402.470,349.540
-443759.770,-1172402.790,349.530
-443759.650,-1172403.110,349.520
-443759.520,-1172403.460,349.510
-443759.400,-1172403.800,349.500
-443759.270,-1172404.140,349.490
-443759.140,-1172404.480,349.480
-443759.020,-1172404.810,349.470
-443761.090,-1172400.100,349.610
-443760.970,-1172400.430,349.600
-443760.830,-1172400.790,349.590
-443760.710,-1172401.120,349.570
-443760.590,-1172401.440,349.570
-443760.470,-1172401.770,349.560
-443760.340,-1172402.130,349.550
-443760.210,-1172402.470,349.540
-443760.090,-1172402.800,349.530
-443759.960,-1172403.150,349.520
-443759.840,-1172403.480,349.510
-443759.720,-1172403.810,349.500
-443759.600,-1172404.120,349.490
-443759.470,-1172404.460,349.480
-443759.350,-1172404.800,349.470
-443762.420,-1172396.520,349.755
-443762.310,-1172396.820,349.750
-443762.180,-1172397.170,349.730
-443762.060,-1172397.490,349.720
-443761.940,-1172397.800,349.710
-443761.820,-1172398.130,349.690
-443761.700,-1172398.450,349.680
-443761.580,-1172398.790,349.660
-443761.460,-1172399.110,349.645
-443761.340,-1172399.430,349.630
-443761.210,-1172399.780,349.620
-443762.990,-1172396.360,349.760
-443762.870,-1172396.680,349.750
-443762.750,-1172397.010,349.740
-443762.630,-1172397.330,349.730
-443762.520,-1172397.640,349.710
-443762.390,-1172397.990,349.700
-443762.260,-1172398.320,349.680
-443762.140,-1172398.650,349.660
-443762.010,-1172399.000,349.650
-443761.890,-1172399.330,349.640
-443761.770,-1172399.660,349.620
-443761.650,-1172399.980,349.610
-443761.520,-1172400.340,349.600
-443761.380,-1172400.690,349.590
-443761.260,-1172401.020,349.580
-443761.130,-1172401.370,349.570
-443761.010,-1172401.700,349.560
-443760.890,-1172402.030,349.550
-443760.780,-1172402.330,349.550
-443760.650,-1172402.670,349.540
-443760.510,-1172403.040,349.520
-443760.400,-1172403.360,349.510
-443760.270,-1172403.680,349.500
-443760.140,-1172404.030,349.490
-443760.010,-1172404.380,349.480
-443759.900,-1172404.680,349.470
-443763.190,-1172396.410,349.760
-443763.080,-1172396.710,349.750
-443762.950,-1172397.060,349.740
-443762.820,-1172397.410,349.720
-443762.700,-1172397.720,349.710
-443762.580,-1172398.040,349.690
-443762.450,-1172398.390,349.670
-443762.330,-1172398.730,349.660
-443762.200,-1172399.080,349.640
-443762.070,-1172399.420,349.630
-443761.940,-1172399.760,349.620
-443761.830,-1172400.070,349.610
-443761.700,-1172400.410,349.600
-443761.580,-1172400.740,349.590
-443761.460,-1172401.070,349.580
-443761.330,-1172401.410,349.570
-443761.200,-1172401.760,349.560
-443761.080,-1172402.080,349.550
-443760.950,-1172402.430,349.540
-443760.830,-1172402.760,349.530
-443760.710,-1172403.090,349.520
-443760.580,-1172403.450,349.510
-443760.460,-1172403.760,349.500
-443760.330,-1172404.110,349.490
-443760.210,-1172404.420,349.470
-443760.100,-1172404.730,349.470
-443763.760,-1172396.540,349.750
-443763.630,-1172396.870,349.740
-443763.510,-1172397.210,349.730
-443763.380,-1172397.550,349.720
-443763.250,-1172397.900,349.700
-443763.130,-1172398.230,349.690
-443763.010,-1172398.550,349.670
-443762.880,-1172398.890,349.650
-443762.770,-1172399.200,349.640
-443762.640,-1172399.540,349.620
-443762.510,-1172399.880,349.620
-443762.390,-1172400.220,349.600
-443762.260,-1172400.550,349.590
-443762.140,-1172400.900,349.580
-443762.010,-1172401.240,349.570
-443761.890,-1172401.560,349.570
-443761.760,-1172401.910,349.560
-443761.650,-1172402.220,349.550
-443761.510,-1172402.580,349.540
-443761.390,-1172402.910,349.530
-443761.270,-1172403.230,349.520
-443761.150,-1172403.540,349.510
-443761.030,-1172403.870,349.500
-443760.910,-1172404.200,349.475
-443760.790,-1172404.520,349.470
-443760.680,-1172404.820,349.460
-443764.130,-1172396.530,349.750
-443764.010,-1172396.850,349.740
-443763.890,-1172397.160,349.730
-443763.770,-1172397.480,349.720
-443763.650,-1172397.830,349.700
-443763.520,-1172398.170,349.680
-443763.400,-1172398.490,349.670
-443763.270,-1172398.830,349.650
-443763.140,-1172399.190,349.630
-443763.020,-1172399.520,349.620
-443762.900,-1172399.840,349.610
-443762.770,-1172400.180,349.600
-443762.650,-1172400.510,349.590
-443762.520,-1172400.860,349.580
-443762.390,-1172401.190,349.580
-443762.280,-1172401.510,349.570
-443762.160,-1172401.830,349.560
-443762.040,-1172402.150,349.560
-443761.910,-1172402.490,349.550
-443761.790,-1172402.820,349.530
-443761.670,-1172403.140,349.520
-443761.550,-1172403.480,349.510
-443761.430,-1172403.800,349.495
-443761.300,-1172404.140,349.480
-443761.170,-1172404.480,349.470
-443761.060,-1172404.790,349.460
-443760.950,-1172405.080,349.450
-443764.750,-1172396.440,349.740
-443764.620,-1172396.780,349.740
-443764.500,-1172397.110,349.725
-443764.380,-1172397.440,349.720
-443764.250,-1172397.790,349.700
-443764.120,-1172398.120,349.690
-443764.000,-1172398.460,349.660
-443763.880,-1172398.790,349.650
-443763.750,-1172399.130,349.630
-443763.630,-1172399.450,349.620
-443763.510,-1172399.790,349.610
-443763.380,-1172400.140,349.600
-443763.260,-1172400.450,349.590
-443763.150,-1172400.750,349.580
-443763.020,-1172401.100,349.580
-443762.890,-1172401.450,349.570
-443762.770,-1172401.770,349.560
-443762.660,-1172402.070,349.560
-443762.520,-1172402.430,349.550
-443762.400,-1172402.770,349.540
-443762.280,-1172403.090,349.520
-443762.150,-1172403.430,349.510
-443762.020,-1172403.780,349.500
-443761.910,-1172404.090,349.480
-443761.790,-1172404.420,349.470
-443761.670,-1172404.730,349.470
-443764.470,-1172397.950,349.690
-443764.350,-1172398.290,349.670
-443764.230,-1172398.600,349.660
-443764.110,-1172398.930,349.640
-443763.990,-1172399.250,349.630
-443763.870,-1172399.570,349.620
-443763.740,-1172399.910,349.610
-443763.620,-1172400.240,349.600
-443763.500,-1172400.580,349.590
-443763.370,-1172400.900,349.580
-443763.250,-1172401.230,349.570
-443763.120,-1172401.580,349.570
-443763.000,-1172401.930,349.560
-443762.880,-1172402.240,349.550
-443762.760,-1172402.560,349.540
-443762.630,-1172402.910,349.530
-443762.500,-1172403.250,349.520
-443762.380,-1172403.590,349.510
-443762.240,-1172403.950,349.490
-443762.120,-1172404.280,349.480
-443762.010,-1172404.590,349.470
-443765.100,-1172396.260,349.750
-443764.960,-1172396.630,349.740
-443764.840,-1172396.960,349.730
-443764.730,-1172397.270,349.720
-443764.600,-1172397.620,349.700
-443765.780,-1172396.160,349.750
-443765.670,-1172396.470,349.740
-443765.550,-1172396.800,349.730
-443765.420,-1172397.120,349.720
-443765.310,-1172397.440,349.710
-443765.190,-1172397.760,349.700
-443765.060,-1172398.100,349.680
-443764.940,-1172398.430,349.670
-443764.820,-1172398.750,349.650
-443764.690,-1172399.090,349.640
-443764.570,-1172399.410,349.620
-443764.440,-1172399.770,349.610
-443764.320,-1172400.100,349.600
-443764.200,-1172400.410,349.590
-443764.070,-1172400.760,349.580
-443763.950,-1172401.100,349.580
-443763.820,-1172401.440,349.570
-443763.690,-1172401.790,349.560
-443763.560,-1172402.140,349.550
-443763.430,-1172402.490,349.540
-443763.320,-1172402.800,349.530
-443763.200,-1172403.120,349.520
-443763.080,-1172403.440,349.510
-443762.950,-1172403.790,349.500
-443762.820,-1172404.120,349.490
-443762.710,-1172404.430,349.480
-443762.540,-1172404.890,349.470
-443762.590,-1172404.760,349.470
-443765.990,-1172396.430,349.740
-443765.870,-1172396.760,349.730
-443765.750,-1172397.080,349.730
-443765.630,-1172397.390,349.710
-443765.500,-1172397.740,349.700
-443765.380,-1172398.060,349.680
-443765.260,-1172398.400,349.670
-443765.130,-1172398.750,349.650
-443765.010,-1172399.070,349.640
-443764.890,-1172399.380,349.630
-443764.770,-1172399.720,349.610
-443764.630,-1172400.090,349.600
-443764.510,-1172400.420,349.590
-443764.380,-1172400.760,349.580
-443764.250,-1172401.110,349.570
-443764.130,-1172401.430,349.560
-443764.010,-1172401.760,349.560
-443763.890,-1172402.080,349.550
-443763.760,-1172402.430,349.540
-443763.630,-1172402.770,349.530
-443763.520,-1172403.090,349.530
-443763.390,-1172403.420,349.510
-443763.260,-1172403.790,349.500
-443763.130,-1172404.130,349.485
-443763.010,-1172404.440,349.470
-443762.900,-1172404.740,349.470
-443766.430,-1172396.720,349.730
-443766.300,-1172397.070,349.730
-443766.170,-1172397.420,349.710
-443766.050,-1172397.740,349.700
-443765.940,-1172398.050,349.680
-443765.810,-1172398.400,349.670
-443765.680,-1172398.730,349.650
-443765.560,-1172399.060,349.640
-443765.430,-1172399.410,349.620
-443765.290,-1172399.780,349.610
-443765.170,-1172400.100,349.600
-443765.060,-1172400.410,349.590
-443764.940,-1172400.730,349.580
-443764.810,-1172401.080,349.570
-443764.680,-1172401.420,349.560
-443764.570,-1172401.730,349.560
-443764.430,-1172402.100,349.550
-443764.300,-1172402.450,349.540
-443764.180,-1172402.780,349.530
-443764.060,-1172403.090,349.520
-443763.920,-1172403.470,349.510
-443763.810,-1172403.780,349.500
-443763.680,-1172404.100,349.485
-443763.570,-1172404.410,349.470
-443763.460,-1172404.700,349.470
-443766.540,-1172396.420,349.735
-443766.890,-1172396.140,349.740
-443766.770,-1172396.470,349.730
-443766.650,-1172396.790,349.730
-443766.520,-1172397.130,349.720
-443766.390,-1172397.470,349.710
-443766.260,-1172397.830,349.690
-443766.140,-1172398.160,349.675
-443766.020,-1172398.470,349.670
-443765.900,-1172398.810,349.650
-443765.780,-1172399.130,349.640
-443765.650,-1172399.460,349.620
-443765.520,-1172399.820,349.610
-443765.400,-1172400.140,349.600
-443765.270,-1172400.490,349.590
-443765.150,-1172400.820,349.580
-443765.020,-1172401.170,349.570
-443764.900,-1172401.500,349.560
-443764.780,-1172401.820,349.560
-443764.650,-1172402.160,349.550
-443764.520,-1172402.500,349.540
-443764.400,-1172402.830,349.530
-443764.290,-1172403.140,349.520
-443764.160,-1172403.480,349.510
-443764.040,-1172403.800,349.500
-443763.910,-1172404.150,349.480
-443763.810,-1172404.430,349.470
-443763.690,-1172404.730,349.470
-443767.510,-1172396.120,349.740
-443767.390,-1172396.450,349.730
-443767.260,-1172396.790,349.720
-443767.140,-1172397.110,349.710
-443767.020,-1172397.440,349.710
-443766.900,-1172397.760,349.700
-443766.770,-1172398.110,349.675
-443766.640,-1172398.450,349.660
-443766.530,-1172398.760,349.650
-443766.400,-1172399.110,349.640
-443766.270,-1172399.460,349.620
-443766.140,-1172399.790,349.610
-443766.020,-1172400.120,349.600
-443765.900,-1172400.460,349.590
-443765.770,-1172400.800,349.580
-443765.640,-1172401.140,349.570
-443765.530,-1172401.450,349.560
-443765.400,-1172401.780,349.560
-443765.280,-1172402.110,349.550
-443765.160,-1172402.440,349.540
-443765.040,-1172402.770,349.530
-443764.920,-1172403.100,349.520
-443764.790,-1172403.430,349.510
-443764.670,-1172403.760,349.490
-443764.550,-1172404.080,349.480
-443764.420,-1172404.420,349.470
-443767.760,-1172396.170,349.740
-443767.650,-1172396.470,349.730
-443767.520,-1172396.810,349.720
-443767.400,-1172397.140,349.710
-443767.270,-1172397.480,349.700
-443767.150,-1172397.820,349.690
-443767.020,-1172398.150,349.670
-443766.890,-1172398.510,349.660
-443766.770,-1172398.830,349.640
-443766.640,-1172399.170,349.630
-443766.530,-1172399.480,349.620
-443766.400,-1172399.840,349.610
-443766.280,-1172400.160,349.600
-443766.150,-1172400.490,349.585
-443766.040,-1172400.810,349.580
-443765.910,-1172401.140,349.570
-443765.780,-1172401.490,349.560
-443765.670,-1172401.800,349.560
-443765.550,-1172402.120,349.550
-443765.420,-1172402.470,349.540
-443765.290,-1172402.800,349.530
-443765.170,-1172403.140,349.520
-443765.040,-1172403.480,349.510
-443764.920,-1172403.810,349.490
-443764.810,-1172404.110,349.480
-443764.680,-1172404.440,349.470
-443764.560,-1172404.770,349.460
-443768.280,-1172396.020,349.750
-443768.160,-1172396.350,349.740
-443768.040,-1172396.660,349.730
-443767.910,-1172397.010,349.720
-443767.790,-1172397.350,349.710
-443767.660,-1172397.680,349.700
-443767.550,-1172397.990,349.680
-443767.410,-1172398.350,349.660
-443767.290,-1172398.690,349.640
-443767.170,-1172399.000,349.640
-443767.060,-1172399.300,349.620
-443766.930,-1172399.640,349.610
-443766.800,-1172399.990,349.600
-443766.680,-1172400.310,349.590
-443766.570,-1172400.630,349.580
-443766.430,-1172400.990,349.570
-443766.310,-1172401.320,349.560
-443766.190,-1172401.650,349.560
-443766.060,-1172401.980,349.550
-443765.930,-1172402.330,349.540
-443765.820,-1172402.640,349.530
-443765.690,-1172402.980,349.520
-443765.560,-1172403.320,349.510
-443765.430,-1172403.680,349.490
-443765.310,-1172404.020,349.480
-443765.190,-1172404.340,349.470
-443765.070,-1172404.640,349.460
-443768.450,-1172396.080,349.760
-443768.320,-1172396.430,349.740
-443768.200,-1172396.750,349.730
-443768.080,-1172397.090,349.720
-443767.960,-1172397.410,349.710
-443767.840,-1172397.730,349.690
-443767.710,-1172398.060,349.670
-443767.600,-1172398.370,349.660
-443767.470,-1172398.720,349.640
-443767.350,-1172399.050,349.630
-443767.220,-1172399.380,349.620
-443767.100,-1172399.710,349.610
-443766.980,-1172400.030,349.600
-443766.850,-1172400.380,349.590
-443766.720,-1172400.720,349.580
-443766.610,-1172401.040,349.570
-443766.480,-1172401.370,349.560
-443766.350,-1172401.720,349.550
-443766.220,-1172402.070,349.540
-443766.100,-1172402.400,349.535
-443765.970,-1172402.760,349.530
-443765.840,-1172403.100,349.520
-443765.720,-1172403.410,349.510
-443765.600,-1172403.730,349.490
-443765.480,-1172404.060,349.480
-443765.360,-1172404.380,349.470
-443765.250,-1172404.680,349.460
-443768.910,-1172396.560,349.790
-443768.780,-1172396.890,349.760
-443768.660,-1172397.240,349.740
-443768.540,-1172397.560,349.710
-443768.420,-1172397.870,349.690
-443768.290,-1172398.210,349.670
-443768.170,-1172398.540,349.650
-443768.040,-1172398.880,349.640
-443767.920,-1172399.210,349.630
-443767.790,-1172399.550,349.610
-443767.670,-1172399.880,349.600
-443767.550,-1172400.210,349.590
-443767.420,-1172400.550,349.580
-443767.290,-1172400.910,349.570
-443767.170,-1172401.230,349.560
-443767.040,-1172401.580,349.550
-443766.920,-1172401.900,349.540
-443766.790,-1172402.240,349.540
-443766.670,-1172402.560,349.530
-443766.550,-1172402.900,349.520
-443766.420,-1172403.240,349.510
-443766.300,-1172403.570,349.490
-443766.170,-1172403.900,349.480
-443766.050,-1172404.240,349.470
-443765.930,-1172404.560,349.460
-443768.890,-1172397.410,349.770
-443768.770,-1172397.730,349.730
-443768.650,-1172398.050,349.700
-443768.540,-1172398.360,349.680
-443768.400,-1172398.720,349.650
-443768.270,-1172399.060,349.630
-443768.150,-1172399.390,349.620
-443768.020,-1172399.740,349.610
-443767.890,-1172400.080,349.595
-443767.780,-1172400.400,349.590
-443767.660,-1172400.730,349.580
-443767.530,-1172401.050,349.560
-443767.400,-1172401.410,349.560
-443767.280,-1172401.740,349.550
-443767.150,-1172402.070,349.540
-443767.030,-1172402.420,349.530
-443766.900,-1172402.760,349.530
-443766.780,-1172403.080,349.510
-443766.650,-1172403.420,349.500
-443766.520,-1172403.760,349.480
-443766.410,-1172404.080,349.470
-443766.290,-1172404.400,349.460
-443768.950,-1172398.570,349.720
-443768.840,-1172398.880,349.680
-443768.720,-1172399.200,349.645
-443768.590,-1172399.540,349.630
-443768.460,-1172399.880,349.610
-443768.340,-1172400.220,349.600
-443768.210,-1172400.550,349.590
-443768.080,-1172400.910,349.570
-443767.960,-1172401.230,349.560
-443767.830,-1172401.580,349.550
-443767.710,-1172401.900,349.540
-443767.580,-1172402.260,349.530
-443767.460,-1172402.560,349.530
-443767.330,-1172402.920,349.510
-443767.210,-1172403.250,349.500
-443767.090,-1172403.580,349.490
-443766.970,-1172403.880,349.480
-443766.850,-1172404.200,349.470
-443766.730,-1172404.520,349.460
-443769.000,-1172398.930,349.740
-443768.890,-1172399.230,349.680
-443768.760,-1172399.580,349.640
-443768.620,-1172399.940,349.620
-443768.500,-1172400.270,349.600
-443768.380,-1172400.590,349.590
-443768.250,-1172400.940,349.580
-443768.130,-1172401.260,349.560
-443768.010,-1172401.590,349.555
-443767.890,-1172401.920,349.540
-443767.760,-1172402.260,349.530
-443767.640,-1172402.580,349.525
-443767.530,-1172402.880,349.510
-443767.400,-1172403.240,349.500
-443767.270,-1172403.570,349.490
-443767.160,-1172403.880,349.475
-443767.030,-1172404.210,349.470
-443766.920,-1172404.520,349.460
-443769.030,-1172400.270,349.730
-443768.920,-1172400.570,349.630
-443768.800,-1172400.880,349.600
-443768.680,-1172401.220,349.580
-443768.550,-1172401.550,349.560
-443768.430,-1172401.870,349.550
-443768.300,-1172402.210,349.540
-443768.180,-1172402.540,349.520
-443768.050,-1172402.890,349.510
-443767.920,-1172403.240,349.500
-443767.810,-1172403.550,349.480
-443767.690,-1172403.870,349.470
-443767.560,-1172404.210,349.460
-443767.440,-1172404.520,349.450
-443768.980,-1172401.050,349.640
-443768.870,-1172401.360,349.600
-443768.740,-1172401.700,349.570
-443768.620,-1172402.030,349.550
-443768.500,-1172402.350,349.540
-443768.370,-1172402.700,349.520
-443768.240,-1172403.040,349.500
-443768.110,-1172403.380,349.490
-443767.990,-1172403.720,349.470
-443767.860,-1172404.060,349.470
-443767.740,-1172404.370,349.450
-443769.140,-1172402.040,349.780
-443768.890,-1172402.710,349.540
-443768.770,-1172403.030,349.520
-443768.660,-1172403.330,349.500
-443768.530,-1172403.660,349.480
-443768.400,-1172404.000,349.470
-443768.280,-1172404.330,349.450
-443769.110,-1172402.920,349.640
-443769.060,-1172403.040,349.560
-443768.950,-1172403.360,349.520
-443768.820,-1172403.690,349.490
-443768.700,-1172404.020,349.470
-443768.580,-1172404.340,349.460
-443733.190,-1172409.940,350.480
-443733.170,-1172409.950,350.480
-443733.360,-1172409.800,350.500
-443733.640,-1172409.570,350.510
-443733.900,-1172409.350,350.500
-443734.190,-1172409.120,350.490
-443734.440,-1172408.910,350.480
-443734.710,-1172408.690,350.480
-443735.000,-1172408.450,350.470
-443735.270,-1172408.230,350.460
-443735.540,-1172408.010,350.460
-443733.180,-1172409.350,350.480
-443733.120,-1172409.400,350.465
-443733.380,-1172409.190,350.490
-443733.650,-1172408.960,350.500
-443733.950,-1172408.720,350.500
-443734.200,-1172408.510,350.490
-443734.470,-1172408.290,350.480
-443734.740,-1172408.060,350.480
-443733.030,-1172408.860,350.450
-443733.190,-1172408.730,350.480
-443733.210,-1172408.710,350.480
-443733.510,-1172408.460,350.500
-443733.790,-1172408.230,350.500
-443733.130,-1172408.330,350.480
-443733.110,-1172408.340,350.480
-443733.310,-1172408.170,350.495
-443733.310,-1172411.050,350.510
-443733.090,-1172410.850,350.470
-443733.280,-1172410.690,350.500
-443733.570,-1172410.450,350.510
-443733.830,-1172410.240,350.510
-443734.100,-1172410.020,350.500
-443734.390,-1172409.780,350.490
-443734.670,-1172409.550,350.480
-443734.950,-1172409.320,350.470
-443735.230,-1172409.090,350.470
-443735.510,-1172408.860,350.460
-443735.790,-1172408.630,350.460
-443736.050,-1172408.410,350.450
-443736.320,-1172408.190,350.440
-443736.600,-1172407.960,350.440
-443733.240,-1172410.320,350.490
-443733.230,-1172410.330,350.490
-443733.470,-1172410.130,350.500
-443733.740,-1172409.910,350.510
-443734.030,-1172409.670,350.500
-443734.300,-1172409.450,350.490
-443734.580,-1172409.220,350.480
-443734.870,-1172408.980,350.470
-443735.140,-1172408.760,350.470
-443735.400,-1172408.540,350.460
-443735.680,-1172408.310,350.460
-443735.970,-1172408.070,350.450
-443733.560,-1172411.800,350.525
-443733.380,-1172411.650,350.500
-443733.660,-1172411.430,350.530
-443733.910,-1172411.220,350.530
-443734.220,-1172410.970,350.515
-443734.500,-1172410.740,350.500
-443734.760,-1172410.520,350.490
-443735.040,-1172410.290,350.480
-443735.330,-1172410.050,350.480
-443735.600,-1172409.830,350.470
-443735.870,-1172409.610,350.470
-443736.140,-1172409.390,350.460
-443736.410,-1172409.160,350.460
-443736.670,-1172408.950,350.450
-443736.940,-1172408.730,350.440
-443737.230,-1172408.490,350.440
-443737.500,-1172408.270,350.430
-443737.750,-1172408.060,350.430
-443738.030,-1172407.830,350.420
-443733.310,-1172411.450,350.495
-443733.280,-1172411.470,350.485
-443733.540,-1172411.260,350.520
-443733.800,-1172411.040,350.520
-443734.070,-1172410.820,350.520
-443734.350,-1172410.590,350.500
-443734.630,-1172410.360,350.490
-443734.900,-1172410.140,350.490
-443735.190,-1172409.900,350.480
-443735.470,-1172409.670,350.470
-443735.750,-1172409.440,350.470
-443736.010,-1172409.230,350.460
-443736.310,-1172408.980,350.450
-443736.560,-1172408.770,350.440
-443736.850,-1172408.540,350.440
-443737.110,-1172408.320,350.440
-443737.380,-1172408.100,350.430
-443737.640,-1172407.890,350.430
-443733.590,-1172410.830,350.520
-443733.870,-1172410.590,350.520
-443734.170,-1172410.340,350.510
-443734.450,-1172410.110,350.490
-443734.710,-1172409.900,350.480
-443734.980,-1172409.680,350.480
-443735.260,-1172409.450,350.470
-443735.530,-1172409.230,350.470
-443735.810,-1172408.990,350.460
-443736.080,-1172408.770,350.450
-443736.380,-1172408.530,350.445
-443736.650,-1172408.310,350.440
-443736.930,-1172408.080,350.435
-443737.200,-1172407.850,350.430
-443734.220,-1172412.060,350.530
-443734.510,-1172411.820,350.520
-443734.770,-1172411.610,350.510
-443735.050,-1172411.370,350.500
-443735.350,-1172411.130,350.500
-443735.610,-1172410.920,350.480
-443735.860,-1172410.710,350.480
-443736.150,-1172410.470,350.470
-443736.440,-1172410.230,350.470
-443736.730,-1172410.000,350.460
-443737.010,-1172409.770,350.460
-443737.290,-1172409.540,350.460
-443737.560,-1172409.320,350.450
-443737.810,-1172409.110,350.450
-443738.080,-1172408.890,350.440
-443738.370,-1172408.650,350.440
-443738.660,-1172408.410,350.430
-443738.920,-1172408.200,350.430
-443739.200,-1172407.970,350.420
-443739.480,-1172407.740,350.410
-443733.960,-1172411.850,350.530
-443733.600,-1172412.150,350.510
-443734.230,-1172411.630,350.530
-443733.870,-1172411.930,350.530
-443734.130,-1172411.710,350.530
-443734.410,-1172411.480,350.520
-443734.670,-1172411.260,350.510
-443734.960,-1172411.030,350.500
-443735.220,-1172410.810,350.490
-443735.490,-1172410.590,350.480
-443735.770,-1172410.360,350.470
-443736.040,-1172410.150,350.470
-443736.320,-1172409.910,350.470
-443736.610,-1172409.680,350.460
-443736.860,-1172409.470,350.460
-443737.130,-1172409.240,350.450
-443737.420,-1172409.010,350.440
-443737.700,-1172408.770,350.440
-443737.980,-1172408.550,350.435
-443738.270,-1172408.310,350.430
-443738.550,-1172408.080,350.420
-443738.810,-1172407.870,350.420
-443733.840,-1172411.570,350.530
-443734.120,-1172411.340,350.530
-443734.380,-1172411.130,350.510
-443734.660,-1172410.900,350.500
-443734.940,-1172410.660,350.490
-443735.210,-1172410.450,350.480
-443735.470,-1172410.230,350.475
-443735.740,-1172410.010,350.470
-443736.020,-1172409.780,350.470
-443736.290,-1172409.560,350.460
-443736.550,-1172409.350,350.460
-443736.830,-1172409.120,350.450
-443737.100,-1172408.900,350.440
-443737.390,-1172408.660,350.440
-443737.670,-1172408.420,350.440
-443737.940,-1172408.210,350.430
-443738.200,-1172407.990,350.420
-443738.470,-1172407.770,350.420
-443735.390,-1172411.750,350.510
-443735.040,-1172412.040,350.520
-443735.650,-1172411.540,350.500
-443735.310,-1172411.820,350.510
-443735.560,-1172411.610,350.500
-443735.830,-1172411.390,350.490
-443736.110,-1172411.160,350.480
-443736.410,-1172410.920,350.480
-443736.680,-1172410.700,350.470
-443736.960,-1172410.470,350.470
-443737.230,-1172410.240,350.460
-443737.770,-1172409.800,350.460
-443738.050,-1172409.560,350.450
-443738.330,-1172409.340,350.450
-443738.610,-1172409.110,350.440
-443738.880,-1172408.890,350.440
-443739.160,-1172408.660,350.430
-443739.420,-1172408.440,350.430
-443739.670,-1172408.240,350.420
-443739.960,-1172408.000,350.420
-443740.220,-1172407.790,350.420
-443740.500,-1172407.560,350.420
-443736.250,-1172410.680,350.470
-443736.530,-1172410.460,350.470
-443736.790,-1172410.250,350.460
-443737.040,-1172410.040,350.460
-443737.330,-1172409.800,350.460
-443737.630,-1172409.550,350.450
-443737.880,-1172409.350,350.450
-443738.170,-1172409.110,350.440
-443738.460,-1172408.880,350.440
-443738.740,-1172408.640,350.440
-443739.000,-1172408.430,350.430
-443739.280,-1172408.200,350.420
-443739.550,-1172407.980,350.420
-443739.840,-1172407.740,350.415
-443734.670,-1172411.980,350.530
-443734.920,-1172411.780,350.510
-443734.570,-1172412.060,350.530
-443734.830,-1172411.850,350.515
-443735.110,-1172411.620,350.510
-443735.410,-1172411.380,350.500
-443735.690,-1172411.150,350.490
-443735.970,-1172410.920,350.480
-443734.330,-1172411.970,350.530
-443734.580,-1172411.760,350.520
-443736.340,-1172411.880,350.500
-443735.990,-1172412.170,350.510
-443736.250,-1172411.950,350.505
-443736.540,-1172411.710,350.500
-443736.810,-1172411.500,350.495
-443737.070,-1172411.280,350.490
-443735.720,-1172411.910,350.510
-443735.980,-1172411.690,350.500
-443735.640,-1172411.960,350.510
-443735.900,-1172411.750,350.500
-443736.180,-1172411.530,350.490
-443736.470,-1172411.290,350.490
-443736.760,-1172411.050,350.480
-443737.030,-1172410.830,350.470
-443737.310,-1172410.600,350.470
-443737.570,-1172410.380,350.460
-443737.860,-1172410.140,350.460
-443738.110,-1172409.940,350.460
-443738.380,-1172409.720,350.460
-443738.650,-1172409.500,350.450
-443738.910,-1172409.290,350.445
-443739.200,-1172409.050,350.440
-443739.470,-1172408.820,350.435
-443739.740,-1172408.610,350.430
-443740.030,-1172408.370,350.430
-443740.270,-1172408.170,350.430
-443740.550,-1172407.940,350.430
-443740.840,-1172407.700,350.430
-443738.870,-1172410.720,350.480
-443739.140,-1172410.490,350.470
-443739.410,-1172410.270,350.470
-443739.690,-1172410.040,350.455
-443739.950,-1172409.830,350.450
-443740.230,-1172409.590,350.450
-443740.520,-1172409.360,350.450
-443740.780,-1172409.150,350.440
-443741.060,-1172408.920,350.440
-443741.340,-1172408.680,350.445
-443741.630,-1172408.440,350.440
-443741.900,-1172408.230,350.440
-443742.170,-1172408.000,350.445
-443742.450,-1172407.780,350.450
-443742.730,-1172407.550,350.450
-443736.940,-1172411.780,350.500
-443737.170,-1172411.590,350.495
-443736.830,-1172411.860,350.500
-443737.080,-1172411.660,350.500
-443737.350,-1172411.440,350.490
-443737.640,-1172411.200,350.480
-443737.910,-1172410.980,350.480
-443738.190,-1172410.750,350.480
-443738.470,-1172410.520,350.470
-443738.740,-1172410.300,350.470
-443739.000,-1172410.080,350.470
-443739.280,-1172409.860,350.460
-443739.580,-1172409.610,350.450
-443740.150,-1172409.140,350.440
-443740.410,-1172408.920,350.440
-443740.690,-1172408.700,350.440
-443740.960,-1172408.470,350.440
-443741.490,-1172408.040,350.440
-443741.790,-1172407.800,350.440
-443742.050,-1172407.580,350.440
-443737.340,-1172411.060,350.480
-443737.610,-1172410.840,350.470
-443737.900,-1172410.600,350.470
-443738.150,-1172410.390,350.470
-443738.420,-1172410.170,350.470
-443738.710,-1172409.940,350.460
-443739.250,-1172409.500,350.450
-443739.530,-1172409.260,350.440
-443739.800,-1172409.040,350.440
-443740.060,-1172408.830,350.430
-443740.350,-1172408.590,350.430
-443740.630,-1172408.360,350.430
-443740.920,-1172408.120,350.430
-443741.480,-1172407.660,350.430
-443738.410,-1172411.700,350.480
-443738.050,-1172412.000,350.490
-443738.670,-1172411.490,350.480
-443738.310,-1172411.790,350.480
-443738.580,-1172411.570,350.480
-443738.860,-1172411.340,350.480
-443739.140,-1172411.110,350.480
-443739.410,-1172410.880,350.470
-443739.680,-1172410.660,350.470
-443739.970,-1172410.430,350.460
-443740.250,-1172410.190,350.460
-443740.520,-1172409.970,350.450
-443740.800,-1172409.740,350.450
-443741.080,-1172409.510,350.450
-443741.350,-1172409.290,350.450
-443741.620,-1172409.070,350.450
-443741.900,-1172408.840,350.450
-443742.160,-1172408.630,350.450
-443742.420,-1172408.420,350.450
-443742.680,-1172408.200,350.450
-443742.980,-1172407.960,350.460
-443743.230,-1172407.750,350.460
-443743.500,-1172407.530,350.460
-443743.790,-1172407.300,350.460
-443737.580,-1172411.770,350.490
-443737.210,-1172412.080,350.500
-443737.820,-1172411.580,350.490
-443737.470,-1172411.860,350.500
-443737.730,-1172411.650,350.490
-443738.020,-1172411.410,350.480
-443738.320,-1172411.170,350.480
-443738.580,-1172410.950,350.480
-443739.990,-1172411.620,350.480
-443739.620,-1172411.920,350.480
-443740.230,-1172411.410,350.480
-443739.890,-1172411.700,350.480
-443740.160,-1172411.470,350.480
-443740.430,-1172411.250,350.480
-443740.690,-1172411.040,350.470
-443740.980,-1172410.800,350.470
-443741.250,-1172410.580,350.470
-443741.510,-1172410.370,350.460
-443741.790,-1172410.140,350.465
-443742.060,-1172409.920,350.460
-443742.340,-1172409.680,350.460
-443742.610,-1172409.460,350.460
-443742.880,-1172409.240,350.460
-443743.160,-1172409.010,350.460
-443743.440,-1172408.780,350.460
-443743.710,-1172408.560,350.460
-443744.000,-1172408.320,350.460
-443744.290,-1172408.080,350.460
-443744.560,-1172407.860,350.450
-443744.820,-1172407.650,350.440
-443745.100,-1172407.420,350.440
-443745.390,-1172407.180,350.430
-443741.300,-1172410.000,350.460
-443741.570,-1172409.790,350.460
-443741.850,-1172409.560,350.460
-443742.120,-1172409.330,350.460
-443742.380,-1172409.120,350.460
-443742.660,-1172408.890,350.460
-443742.940,-1172408.660,350.460
-443743.220,-1172408.430,350.460
-443743.490,-1172408.210,350.460
-443743.760,-1172407.990,350.460
-443744.030,-1172407.770,350.460
-443744.300,-1172407.540,350.450
-443744.600,-1172407.300,350.445
-443739.210,-1172411.720,350.480
-443738.860,-1172412.000,350.480
-443739.120,-1172411.790,350.480
-443739.400,-1172411.560,350.480
-443739.670,-1172411.340,350.480
-443739.970,-1172411.090,350.470
-443740.230,-1172410.890,350.470
-443740.510,-1172410.650,350.465
-443740.770,-1172410.440,350.460
-443741.040,-1172410.220,350.460
-443740.970,-1172411.820,350.490
-443741.600,-1172411.310,350.480
-443741.250,-1172411.590,350.490
-443741.540,-1172411.350,350.480
-443741.830,-1172411.120,350.480
-443742.120,-1172410.880,350.480
-443742.410,-1172410.650,350.480
-443742.660,-1172410.440,350.480
-443742.920,-1172410.230,350.480
-443743.190,-1172410.010,350.480
-443743.470,-1172409.770,350.490
-443743.750,-1172409.550,350.480
-443744.010,-1172409.330,350.470
-443744.320,-1172409.080,350.470
-443744.590,-1172408.860,350.460
-443744.870,-1172408.620,350.450
-443745.130,-1172408.410,350.440
-443745.420,-1172408.170,350.440
-443745.690,-1172407.950,350.440
-443745.970,-1172407.730,350.430
-443746.240,-1172407.500,350.420
-443746.510,-1172407.280,350.420
-443746.760,-1172407.070,350.415
-443740.560,-1172411.650,350.490
-443740.770,-1172411.480,350.480
-443740.410,-1172411.770,350.480
-443740.700,-1172411.540,350.480
-443740.970,-1172411.320,350.480
-443741.260,-1172411.080,350.480
-443741.540,-1172410.850,350.475
-443741.820,-1172410.620,350.470
-443742.080,-1172410.410,350.470
-443742.350,-1172410.180,350.470
-443742.630,-1172409.960,350.470
-443742.920,-1172409.710,350.470
-443743.190,-1172409.500,350.470
-443743.480,-1172409.260,350.470
-443743.740,-1172409.040,350.470
-443744.020,-1172408.810,350.470
-443744.270,-1172408.610,350.460
-443744.560,-1172408.370,350.460
-443744.840,-1172408.140,350.440
-443745.100,-1172407.920,350.440
-443745.400,-1172407.680,350.430
-443745.680,-1172407.450,350.430
-443745.970,-1172407.210,350.420
-443746.220,-1172408.370,350.440
-443746.520,-1172408.120,350.430
-443746.790,-1172407.910,350.430
-443747.050,-1172407.690,350.420
-443747.330,-1172407.460,350.420
-443747.630,-1172407.220,350.420
-443747.900,-1172406.990,350.410
-443741.900,-1172411.580,350.490
-443741.540,-1172411.870,350.500
-443742.150,-1172411.370,350.480
-443741.780,-1172411.680,350.490
-443742.040,-1172411.460,350.480
-443742.320,-1172411.240,350.480
-443742.610,-1172411.000,350.480
-443742.890,-1172410.770,350.490
-443743.150,-1172410.560,350.490
-443743.440,-1172410.320,350.490
-443743.710,-1172410.090,350.490
-443744.000,-1172409.860,350.490
-443744.270,-1172409.630,350.480
-443744.560,-1172409.400,350.470
-443744.820,-1172409.190,350.460
-443745.110,-1172408.950,350.450
-443745.370,-1172408.730,350.450
-443745.640,-1172408.510,350.440
-443745.910,-1172408.290,350.440
-443746.180,-1172408.070,350.430
-443746.460,-1172407.840,350.430
-443746.730,-1172407.620,350.420
-443747.000,-1172407.400,350.420
-443747.280,-1172407.170,350.420
-443741.350,-1172411.520,350.490
-443742.990,-1172411.430,350.500
-443742.630,-1172411.720,350.500
-443743.250,-1172411.220,350.500
-443742.890,-1172411.510,350.500
-443743.170,-1172411.280,350.500
-443743.440,-1172411.060,350.500
-443743.700,-1172410.850,350.500
-443743.980,-1172410.620,350.500
-443744.250,-1172410.400,350.495
-443744.520,-1172410.170,350.490
-443744.800,-1172409.950,350.480
-443745.080,-1172409.720,350.470
-443745.360,-1172409.490,350.460
-443745.640,-1172409.260,350.450
-443745.910,-1172409.040,350.450
-443746.170,-1172408.830,350.440
-443746.470,-1172408.580,350.440
-443746.740,-1172408.360,350.430
-443747.030,-1172408.120,350.430
-443747.320,-1172407.880,350.420
-443747.600,-1172407.650,350.420
-443747.860,-1172407.440,350.420
-443748.120,-1172407.220,350.420
-443748.390,-1172407.010,350.420
-443742.120,-1172411.740,350.490
-443742.410,-1172411.500,350.490
-443742.690,-1172411.270,350.490
-443742.960,-1172411.040,350.490
-443743.230,-1172410.830,350.490
-443743.520,-1172410.590,350.500
-443743.780,-1172410.380,350.500
-443744.030,-1172410.170,350.490
-443744.300,-1172409.940,350.485
-443744.590,-1172409.710,350.480
-443744.860,-1172409.490,350.470
-443745.130,-1172409.270,350.460
-443745.400,-1172409.040,350.450
-443745.690,-1172408.810,350.450
-443745.950,-1172408.600,350.440
-443744.490,-1172411.160,350.510
-443744.120,-1172411.460,350.520
-443744.400,-1172411.230,350.510
-443744.690,-1172410.990,350.500
-443744.980,-1172410.750,350.500
-443745.270,-1172410.520,350.490
-443745.550,-1172410.290,350.480
-443745.820,-1172410.060,350.470
-443746.090,-1172409.850,350.470
-443746.350,-1172409.630,350.460
-443746.630,-1172409.400,350.450
-443746.920,-1172409.160,350.450
-443747.190,-1172408.940,350.440
-443747.480,-1172408.700,350.430
-443747.760,-1172408.480,350.430
-443748.040,-1172408.240,350.420
-443748.300,-1172408.030,350.420
-443748.590,-1172407.800,350.420
-443748.860,-1172407.570,350.420
-443749.130,-1172407.350,350.410
-443749.400,-1172407.130,350.410
-443749.670,-1172406.910,350.410
-443746.290,-1172409.200,350.450
-443746.580,-1172408.960,350.450
-443746.850,-1172408.740,350.440
-443747.110,-1172408.520,350.430
-443747.370,-1172408.310,350.430
-443747.680,-1172408.060,350.420
-443747.960,-1172407.830,350.420
-443748.210,-1172407.620,350.420
-443748.490,-1172407.390,350.420
-443748.790,-1172407.150,350.420
-443749.080,-1172406.910,350.410
-443743.620,-1172411.390,350.510
-443743.240,-1172411.700,350.510
-443743.840,-1172411.210,350.510
-443743.500,-1172411.480,350.510
-443743.790,-1172411.250,350.510
-443744.050,-1172411.030,350.510
-443744.330,-1172410.800,350.500
-443744.630,-1172410.560,350.500
-443744.900,-1172410.340,350.490
-443745.160,-1172410.120,350.480
-443745.440,-1172409.900,350.470
-443745.740,-1172409.650,350.460
-443746.020,-1172409.420,350.460
-443745.110,-1172411.050,350.500
-443744.770,-1172411.320,350.510
-443745.050,-1172411.100,350.500
-443745.320,-1172410.880,350.500
-443745.590,-1172410.650,350.490
-443745.890,-1172410.410,350.480
-443746.160,-1172410.190,350.480
-443746.430,-1172409.960,350.470
-443746.730,-1172409.720,350.460
-443747.000,-1172409.490,350.450
-443747.290,-1172409.260,350.450
-443747.550,-1172409.050,350.450
-443747.830,-1172408.820,350.440
-443748.110,-1172408.590,350.440
-443748.380,-1172408.370,350.430
-443748.640,-1172408.150,350.420
-443748.910,-1172407.930,350.420
-443749.180,-1172407.710,350.420
-443749.450,-1172407.490,350.420
-443749.730,-1172407.260,350.410
-443750.000,-1172407.040,350.410
-443750.290,-1172406.800,350.405
-443744.600,-1172411.460,350.510
-443744.220,-1172411.380,350.515
-443743.860,-1172411.670,350.520
-443744.820,-1172411.690,350.520
-443745.060,-1172411.490,350.510
-443745.350,-1172411.250,350.500
-443745.640,-1172411.020,350.500
-443745.920,-1172410.790,350.490
-443746.190,-1172410.560,350.490
-443746.470,-1172410.330,350.480
-443746.750,-1172410.110,350.470
-443747.030,-1172409.880,350.460
-443747.290,-1172409.670,350.460
-443747.560,-1172409.440,350.450
-443747.820,-1172409.230,350.450
-443748.090,-1172409.010,350.450
-443748.370,-1172408.780,350.440
-443748.660,-1172408.550,350.430
-443748.920,-1172408.330,350.430
-443749.200,-1172408.100,350.420
-443749.460,-1172407.880,350.420
-443749.740,-1172407.650,350.420
-443750.030,-1172407.420,350.410
-443750.300,-1172407.200,350.410
-443750.560,-1172406.980,350.410
-443750.850,-1172406.740,350.410
-443744.860,-1172411.250,350.500
-443744.510,-1172411.540,350.520
-443746.490,-1172411.340,350.505
-443746.150,-1172411.610,350.510
-443746.760,-1172411.120,350.500
-443746.390,-1172411.420,350.505
-443746.650,-1172411.210,350.500
-443746.940,-1172410.960,350.490
-443747.220,-1172410.740,350.490
-443747.500,-1172410.510,350.480
-443747.760,-1172410.290,350.480
-443748.050,-1172410.060,350.470
-443748.310,-1172409.850,350.470
-443748.590,-1172409.610,350.470
-443748.880,-1172409.380,350.470
-443749.170,-1172409.140,350.460
-443749.450,-1172408.910,350.450
-443749.730,-1172408.680,350.450
-443750.000,-1172408.460,350.440
-443750.270,-1172408.240,350.440
-443750.530,-1172408.020,350.430
-443750.810,-1172407.800,350.430
-443751.110,-1172407.550,350.430
-443751.370,-1172407.340,350.430
-443751.650,-1172407.110,350.430
-443751.920,-1172406.880,350.430
-443752.230,-1172406.630,350.430
-443745.920,-1172411.290,350.500
-443745.530,-1172411.600,350.520
-443746.160,-1172411.090,350.500
-443745.810,-1172411.380,350.510
-443746.080,-1172411.160,350.500
-443746.350,-1172410.940,350.500
-443746.620,-1172410.710,350.490
-443746.880,-1172410.500,350.480
-443747.180,-1172410.250,350.470
-443747.440,-1172410.040,350.470
-443747.700,-1172409.830,350.470
-443747.980,-1172409.600,350.460
-443748.250,-1172409.380,350.460
-443748.540,-1172409.140,350.450
-443748.800,-1172408.930,350.450
-443749.090,-1172408.690,350.440
-443749.360,-1172408.470,350.430
-443749.640,-1172408.240,350.430
-443749.920,-1172408.010,350.430
-443750.200,-1172407.780,350.430
-443750.490,-1172407.540,350.420
-443750.770,-1172407.310,350.420
-443751.030,-1172407.100,350.420
-443751.310,-1172406.870,350.420
-443748.040,-1172411.130,350.510
-443747.660,-1172411.440,350.510
-443748.260,-1172410.950,350.500
-443747.930,-1172411.220,350.510
-443748.200,-1172410.990,350.500
-443748.480,-1172410.770,350.500
-443748.760,-1172410.530,350.500
-443749.030,-1172410.310,350.490
-443749.330,-1172410.070,350.490
-443747.260,-1172411.240,350.500
-443746.870,-1172411.550,350.510
-443747.500,-1172411.040,350.500
-443747.130,-1172411.340,350.510
-443747.430,-1172411.090,350.490
-443747.720,-1172410.860,350.490
-443747.990,-1172410.640,350.490
-443748.270,-1172410.400,350.490
-443748.570,-1172410.160,350.490
-443748.830,-1172409.950,350.480
-443749.090,-1172409.740,350.480
-443749.360,-1172409.510,350.470
-443749.660,-1172409.270,350.460
-443749.940,-1172409.040,350.460
-443750.210,-1172408.820,350.450
-443750.500,-1172408.580,350.450
-443750.780,-1172408.350,350.440
-443751.050,-1172408.130,350.440
-443751.320,-1172407.910,350.430
-443751.620,-1172407.660,350.430
-443751.870,-1172407.450,350.440
-443752.150,-1172407.230,350.440
-443752.430,-1172407.000,350.440
-443752.700,-1172406.780,350.440
-443752.950,-1172406.570,350.450
-443748.230,-1172411.580,350.520
-443748.510,-1172411.350,350.520
-443748.790,-1172411.110,350.510
-443749.070,-1172410.890,350.500
-443749.340,-1172410.670,350.500
-443749.640,-1172410.420,350.490
-443749.900,-1172410.210,350.490
-443750.180,-1172409.980,350.480
-443750.460,-1172409.750,350.470
-443750.720,-1172409.540,350.470
-443750.980,-1172409.320,350.470
-443751.240,-1172409.110,350.460
-443751.540,-1172408.860,350.460
-443751.810,-1172408.640,350.460
-443752.060,-1172408.440,350.450
-443752.350,-1172408.200,350.450
-443752.630,-1172407.970,350.450
-443752.910,-1172407.750,350.450
-443753.170,-1172407.530,350.450
-443753.450,-1172407.300,350.460
-443753.720,-1172407.080,350.460
-443753.990,-1172406.860,350.470
-443754.260,-1172406.630,350.470
-443749.600,-1172409.850,350.470
-443749.890,-1172409.610,350.470
-443750.160,-1172409.390,350.470
-443750.440,-1172409.160,350.460
-443750.710,-1172408.940,350.460
-443750.990,-1172408.710,350.450
-443751.260,-1172408.490,350.450
-443751.530,-1172408.260,350.450
-443751.790,-1172408.050,350.440
-443752.060,-1172407.830,350.440
-443752.350,-1172407.600,350.440
-443752.610,-1172407.380,350.440
-443752.870,-1172407.170,350.450
-443753.160,-1172406.930,350.450
-443753.420,-1172406.720,350.460
-443753.700,-1172406.490,350.460
-443747.780,-1172411.340,350.515
-443753.010,-1172408.280,350.460
-443753.300,-1172408.040,350.460
-443753.590,-1172407.810,350.470
-443753.860,-1172407.580,350.470
-443754.120,-1172407.370,350.470
-443754.390,-1172407.150,350.470
-443754.650,-1172406.940,350.480
-443750.150,-1172411.160,350.505
-443749.780,-1172411.450,350.510
-443750.380,-1172410.960,350.500
-443750.030,-1172411.250,350.505
-443750.310,-1172411.020,350.500
-443750.600,-1172410.780,350.500
-443750.880,-1172410.550,350.490
-443751.150,-1172410.340,350.490
-443751.420,-1172410.110,350.490
-443749.560,-1172411.110,350.510
-443749.170,-1172411.420,350.520
-443749.800,-1172410.910,350.510
-443749.440,-1172411.200,350.520
-443749.710,-1172410.980,350.500
-443749.970,-1172410.770,350.495
-443750.260,-1172410.530,350.490
-443750.540,-1172410.300,350.480
-443750.800,-1172410.090,350.480
-443751.080,-1172409.860,350.480
-443751.350,-1172409.640,350.480
-443751.640,-1172409.410,350.470
-443751.910,-1172409.180,350.470
-443752.170,-1172408.970,350.470
-443752.460,-1172408.730,350.470
-443752.740,-1172408.510,350.460
-443750.560,-1172411.330,350.510
-443750.850,-1172411.100,350.500
-443751.120,-1172410.870,350.500
-443751.420,-1172410.620,350.500
-443751.700,-1172410.400,350.500
-443751.980,-1172410.170,350.490
-443752.230,-1172409.960,350.490
-443752.500,-1172409.740,350.490
-443752.790,-1172409.500,350.490
-443753.060,-1172409.280,350.490
-443753.330,-1172409.060,350.490
-443753.620,-1172408.820,350.490
-443753.900,-1172408.590,350.480
-443754.170,-1172408.370,350.480
-443754.430,-1172408.160,350.480
-443754.710,-1172407.930,350.480
-443751.710,-1172409.870,350.490
-443752.000,-1172409.630,350.480
-443752.270,-1172409.420,350.480
-443752.550,-1172409.180,350.480
-443752.840,-1172408.950,350.480
-443753.090,-1172408.740,350.470
-443753.350,-1172408.530,350.470
-443753.650,-1172408.290,350.470
-443753.930,-1172408.050,350.470
-443754.180,-1172407.850,350.480
-443754.460,-1172407.620,350.480
-443754.750,-1172407.390,350.480
-443754.290,-1172408.900,350.500
-443754.530,-1172408.690,350.495
-443751.490,-1172411.190,350.510
-443751.770,-1172410.960,350.510
-443752.070,-1172410.710,350.510
-443752.330,-1172410.500,350.500
-443752.600,-1172410.280,350.490
-443752.900,-1172410.030,350.490
-443753.180,-1172409.800,350.500
-443753.440,-1172409.580,350.500
-443753.720,-1172409.360,350.500
-443754.010,-1172409.120,350.500
-443753.060,-1172411.020,350.520
-443752.660,-1172411.350,350.530
-443753.290,-1172410.840,350.515
-443752.920,-1172411.140,350.520
-443753.210,-1172410.910,350.510
-443753.490,-1172410.670,350.510
-443753.740,-1172410.470,350.520
-443754.020,-1172410.240,350.520
-443754.310,-1172410.000,350.510
-443754.560,-1172409.790,350.510
-443754.850,-1172409.560,350.510
-443752.350,-1172411.080,350.515
-443752.570,-1172410.900,350.510
-443752.170,-1172411.220,350.515
-443752.790,-1172410.720,350.510
-443752.450,-1172411.000,350.510
-443752.720,-1172410.780,350.510
-443753.010,-1172410.540,350.510
-443753.280,-1172410.320,350.510
-443753.530,-1172410.110,350.510
-443753.810,-1172409.890,350.510
-443754.080,-1172409.660,350.510
-443754.360,-1172409.430,350.500
-443754.610,-1172409.230,350.510
-443753.760,-1172410.880,350.520
-443753.380,-1172411.190,350.520
-443754.010,-1172410.680,350.520
-443753.650,-1172410.970,350.520
-443753.950,-1172410.730,350.520
-443754.200,-1172410.520,350.520
-443754.470,-1172410.300,350.520
-443753.970,-1172411.230,350.520
-443754.360,-1172410.910,350.520
-443754.250,-1172410.990,350.520
-443754.530,-1172410.760,350.525
-443754.790,-1172410.550,350.520
-443754.750,-1172410.070,350.510
-443754.670,-1172411.160,350.520
-443754.950,-1172410.930,350.520
-443732.310,-1172398.670,350.505
-443732.650,-1172398.380,350.510
-443732.380,-1172398.600,350.505
-443732.760,-1172398.280,350.510
-443733.050,-1172398.050,350.510
-443733.320,-1172397.830,350.510
-443733.640,-1172397.560,350.500
-443732.490,-1172398.980,350.490
-443732.770,-1172398.750,350.510
-443732.700,-1172398.800,350.510
-443732.940,-1172398.600,350.510
-443733.220,-1172398.380,350.510
-443733.480,-1172398.160,350.510
-443733.740,-1172397.940,350.500
-443734.010,-1172397.730,350.500
-443732.560,-1172399.470,350.480
-443732.770,-1172399.290,350.490
-443732.740,-1172399.310,350.490
-443733.010,-1172399.090,350.500
-443733.270,-1172398.870,350.510
-443733.560,-1172398.640,350.510
-443733.810,-1172398.430,350.500
-443734.100,-1172398.190,350.500
-443734.380,-1172397.970,350.490
-443734.640,-1172397.750,350.490
-443734.630,-1172398.300,350.490
-443734.910,-1172398.070,350.495
-443735.180,-1172397.850,350.490
-443735.460,-1172397.620,350.490
-443732.780,-1172399.830,350.480
-443732.760,-1172399.840,350.480
-443732.970,-1172399.670,350.490
-443733.250,-1172399.440,350.500
-443733.530,-1172399.210,350.500
-443733.780,-1172399.000,350.500
-443734.070,-1172398.770,350.490
-443734.340,-1172398.540,350.490
-443732.690,-1172400.480,350.480
-443732.880,-1172400.330,350.480
-443732.890,-1172400.310,350.480
-443733.170,-1172400.080,350.490
-443733.460,-1172399.840,350.490
-443733.740,-1172399.610,350.490
-443734.020,-1172399.380,350.490
-443734.290,-1172399.160,350.485
-443734.550,-1172398.940,350.480
-443734.810,-1172398.730,350.490
-443735.100,-1172398.490,350.490
-443735.390,-1172398.250,350.490
-443735.650,-1172398.040,350.480
-443735.920,-1172397.810,350.485
-443736.200,-1172397.580,350.480
-443732.860,-1172400.720,350.480
-443732.830,-1172400.750,350.480
-443733.070,-1172400.550,350.490
-443733.340,-1172400.330,350.490
-443733.620,-1172400.100,350.490
-443733.900,-1172399.870,350.480
-443734.170,-1172399.640,350.480
-443734.450,-1172399.410,350.480
-443734.740,-1172399.170,350.480
-443735.000,-1172398.960,350.480
-443735.280,-1172398.730,350.480
-443735.560,-1172398.500,350.480
-443735.840,-1172398.270,350.480
-443736.090,-1172398.060,350.480
-443736.360,-1172397.840,350.480
-443736.640,-1172397.610,350.470
-443732.740,-1172401.250,350.470
-443732.940,-1172401.080,350.480
-443733.210,-1172400.860,350.500
-443733.500,-1172400.620,350.490
-443733.780,-1172400.390,350.490
-443734.070,-1172400.150,350.480
-443734.340,-1172399.930,350.470
-443734.620,-1172399.700,350.470
-443734.880,-1172399.490,350.470
-443735.170,-1172399.250,350.470
-443735.430,-1172399.030,350.470
-443735.700,-1172398.820,350.480
-443735.950,-1172398.610,350.470
-443736.220,-1172398.380,350.480
-443736.510,-1172398.150,350.475
-443736.770,-1172397.930,350.470
-443737.020,-1172397.730,350.470
-443737.310,-1172397.480,350.470
-443732.760,-1172401.740,350.470
-443732.850,-1172401.660,350.480
-443732.980,-1172401.550,350.490
-443733.270,-1172401.320,350.490
-443733.540,-1172401.090,350.490
-443733.830,-1172400.860,350.480
-443734.090,-1172400.640,350.480
-443734.370,-1172400.410,350.470
-443734.650,-1172400.180,350.460
-443734.910,-1172399.960,350.460
-443735.170,-1172399.750,350.460
-443735.440,-1172399.530,350.460
-443735.720,-1172399.300,350.470
-443735.990,-1172399.070,350.470
-443736.240,-1172398.870,350.470
-443736.530,-1172398.630,350.470
-443736.810,-1172398.400,350.470
-443737.080,-1172398.180,350.470
-443737.350,-1172397.960,350.465
-443737.630,-1172397.730,350.470
-443737.890,-1172397.510,350.480
-443736.390,-1172399.320,350.450
-443736.650,-1172399.100,350.450
-443736.930,-1172398.870,350.460
-443737.200,-1172398.640,350.460
-443737.500,-1172398.400,350.460
-443737.770,-1172398.170,350.460
-443738.050,-1172397.950,350.470
-443738.300,-1172397.740,350.470
-443738.570,-1172397.520,350.470
-443732.900,-1172402.190,350.490
-443732.860,-1172402.220,350.480
-443733.110,-1172402.010,350.500
-443733.370,-1172401.800,350.500
-443733.650,-1172401.570,350.490
-443733.920,-1172401.350,350.480
-443734.180,-1172401.130,350.480
-443734.470,-1172400.900,350.470
-443735.000,-1172400.460,350.460
-443735.280,-1172400.230,350.450
-443735.550,-1172400.010,350.450
-443735.840,-1172399.770,350.450
-443736.110,-1172399.540,350.450
-443732.880,-1172402.640,350.495
-443732.850,-1172402.660,350.490
-443733.070,-1172402.480,350.500
-443733.350,-1172402.250,350.500
-443733.620,-1172402.030,350.500
-443733.900,-1172401.800,350.490
-443734.170,-1172401.570,350.480
-443734.430,-1172401.360,350.470
-443734.730,-1172401.110,350.460
-443735.020,-1172400.870,350.450
-443735.280,-1172400.660,350.450
-443735.540,-1172400.440,350.450
-443735.820,-1172400.220,350.440
-443736.100,-1172399.980,350.440
-443736.370,-1172399.760,350.450
-443736.660,-1172399.520,350.450
-443736.960,-1172399.270,350.450
-443737.220,-1172399.060,350.450
-443737.470,-1172398.860,350.450
-443737.740,-1172398.640,350.450
-443738.040,-1172398.390,350.460
-443738.300,-1172398.170,350.470
-443738.570,-1172397.960,350.470
-443738.850,-1172397.720,350.470
-443739.140,-1172397.490,350.470
-443732.950,-1172403.080,350.490
-443732.920,-1172403.100,350.490
-443733.180,-1172402.880,350.500
-443733.460,-1172402.650,350.500
-443733.750,-1172402.420,350.490
-443734.030,-1172402.190,350.480
-443734.300,-1172401.970,350.480
-443734.560,-1172401.750,350.470
-443734.850,-1172401.510,350.460
-443735.130,-1172401.280,350.450
-443735.420,-1172401.050,350.450
-443735.710,-1172400.810,350.440
-443735.990,-1172400.580,350.440
-443736.240,-1172400.370,350.440
-443736.500,-1172400.150,350.440
-443736.790,-1172399.920,350.440
-443737.060,-1172399.690,350.440
-443737.340,-1172399.470,350.440
-443737.610,-1172399.240,350.450
-443737.890,-1172399.020,350.450
-443738.160,-1172398.790,350.450
-443738.450,-1172398.560,350.460
-443738.720,-1172398.330,350.460
-443739.000,-1172398.100,350.460
-443739.250,-1172397.900,350.460
-443739.530,-1172397.660,350.470
-443739.800,-1172397.440,350.470
-443732.980,-1172403.530,350.490
-443732.960,-1172403.550,350.490
-443733.240,-1172403.320,350.510
-443733.500,-1172403.100,350.510
-443733.770,-1172402.870,350.500
-443734.070,-1172402.630,350.480
-443734.360,-1172402.390,350.480
-443734.640,-1172402.170,350.470
-443734.910,-1172401.940,350.450
-443735.200,-1172401.700,350.450
-443735.460,-1172401.490,350.450
-443735.720,-1172401.270,350.440
-443736.010,-1172401.030,350.430
-443736.300,-1172400.800,350.430
-443736.540,-1172400.600,350.430
-443736.830,-1172400.360,350.430
-443737.120,-1172400.120,350.430
-443737.400,-1172399.890,350.430
-443737.670,-1172399.670,350.430
-443737.950,-1172399.440,350.440
-443738.220,-1172399.220,350.440
-443738.500,-1172398.990,350.450
-443739.020,-1172398.560,350.450
-443739.290,-1172398.340,350.450
-443739.560,-1172398.110,350.460
-443739.830,-1172397.900,350.460
-443740.090,-1172397.680,350.460
-443740.360,-1172397.450,350.470
-443732.970,-1172404.050,350.490
-443732.930,-1172404.070,350.490
-443733.200,-1172403.850,350.510
-443733.490,-1172403.620,350.510
-443733.770,-1172403.390,350.510
-443734.060,-1172403.140,350.490
-443734.320,-1172402.930,350.480
-443734.580,-1172402.710,350.470
-443734.850,-1172402.490,350.460
-443735.140,-1172402.250,350.450
-443735.420,-1172402.020,350.450
-443735.690,-1172401.810,350.440
-443735.980,-1172401.560,350.430
-443736.260,-1172401.340,350.430
-443736.540,-1172401.110,350.420
-443736.790,-1172400.900,350.420
-443737.080,-1172400.660,350.420
-443737.360,-1172400.430,350.420
-443737.630,-1172400.210,350.420
-443737.900,-1172399.990,350.430
-443738.170,-1172399.770,350.430
-443738.430,-1172399.550,350.430
-443738.690,-1172399.340,350.440
-443738.970,-1172399.110,350.440
-443739.250,-1172398.880,350.445
-443739.500,-1172398.670,350.450
-443739.790,-1172398.430,350.450
-443740.050,-1172398.220,350.450
-443740.330,-1172397.980,350.450
-443740.610,-1172397.760,350.450
-443740.860,-1172397.550,350.460
-443741.130,-1172397.320,350.460
-443732.980,-1172404.370,350.490
-443732.920,-1172404.410,350.490
-443733.170,-1172404.200,350.510
-443733.440,-1172403.980,350.510
-443733.710,-1172403.760,350.510
-443734.000,-1172403.530,350.490
-443734.270,-1172403.300,350.480
-443734.560,-1172403.070,350.480
-443734.830,-1172402.840,350.470
-443735.120,-1172402.600,350.460
-443735.400,-1172402.370,350.450
-443735.670,-1172402.150,350.440
-443735.930,-1172401.940,350.430
-443736.220,-1172401.700,350.425
-443736.500,-1172401.470,350.420
-443736.750,-1172401.260,350.420
-443737.020,-1172401.040,350.410
-443737.300,-1172400.810,350.410
-443737.580,-1172400.580,350.410
-443737.830,-1172400.380,350.410
-443738.100,-1172400.150,350.420
-443738.390,-1172399.910,350.430
-443738.650,-1172399.700,350.430
-443738.920,-1172399.470,350.430
-443739.210,-1172399.230,350.440
-443739.480,-1172399.020,350.440
-443739.730,-1172398.810,350.440
-443740.010,-1172398.580,350.440
-443740.310,-1172398.330,350.450
-443740.590,-1172398.100,350.450
-443740.860,-1172397.880,350.450
-443741.140,-1172397.650,350.450
-443741.400,-1172397.440,350.460
-443732.980,-1172404.830,350.490
-443732.960,-1172404.840,350.490
-443733.200,-1172404.640,350.500
-443733.480,-1172404.410,350.510
-443733.770,-1172404.170,350.500
-443734.060,-1172403.940,350.490
-443734.330,-1172403.710,350.480
-443734.610,-1172403.480,350.480
-443734.890,-1172403.250,350.470
-443735.170,-1172403.020,350.460
-443735.430,-1172402.810,350.450
-443735.690,-1172402.590,350.440
-443735.950,-1172402.380,350.440
-443736.230,-1172402.150,350.430
-443736.510,-1172401.920,350.420
-443736.790,-1172401.690,350.420
-443737.060,-1172401.470,350.410
-443737.340,-1172401.240,350.410
-443737.590,-1172401.030,350.410
-443737.880,-1172400.800,350.410
-443738.170,-1172400.560,350.410
-443738.430,-1172400.340,350.410
-443738.690,-1172400.130,350.420
-443738.980,-1172399.890,350.420
-443739.260,-1172399.660,350.430
-443739.530,-1172399.430,350.430
-443739.820,-1172399.200,350.430
-443740.110,-1172398.960,350.440
-443740.370,-1172398.750,350.440
-443740.630,-1172398.540,350.440
-443740.900,-1172398.310,350.450
-443741.180,-1172398.080,350.450
-443741.450,-1172397.850,350.450
-443741.710,-1172397.650,350.450
-443742.000,-1172397.410,350.450
-443733.010,-1172405.320,350.490
-443733.050,-1172405.280,350.490
-443733.330,-1172405.050,350.500
-443733.620,-1172404.810,350.500
-443733.870,-1172404.600,350.500
-443734.160,-1172404.360,350.490
-443734.430,-1172404.140,350.480
-443734.690,-1172403.930,350.480
-443734.960,-1172403.710,350.470
-443735.230,-1172403.490,350.460
-443735.520,-1172403.250,350.450
-443735.770,-1172403.040,350.450
-443736.030,-1172402.830,350.440
-443736.330,-1172402.580,350.430
-443736.590,-1172402.370,350.420
-443736.880,-1172402.140,350.420
-443737.160,-1172401.900,350.410
-443737.440,-1172401.670,350.400
-443737.690,-1172401.460,350.400
-443737.980,-1172401.230,350.400
-443738.260,-1172401.000,350.410
-443738.550,-1172400.760,350.410
-443738.830,-1172400.530,350.410
-443739.100,-1172400.310,350.410
-443739.370,-1172400.090,350.410
-443739.650,-1172399.860,350.420
-443739.900,-1172399.650,350.420
-443740.180,-1172399.420,350.430
-443740.470,-1172399.180,350.430
-443740.740,-1172398.960,350.440
-443741.020,-1172398.730,350.440
-443741.300,-1172398.500,350.440
-443741.590,-1172398.260,350.440
-443741.850,-1172398.050,350.440
-443742.120,-1172397.820,350.445
-443742.380,-1172397.610,350.450
-443742.660,-1172397.380,350.460
-443733.160,-1172405.790,350.490
-443733.430,-1172405.570,350.500
-443733.710,-1172405.340,350.500
-443733.970,-1172405.130,350.495
-443734.250,-1172404.900,350.490
-443734.520,-1172404.670,350.490
-443734.780,-1172404.460,350.480
-443735.070,-1172404.220,350.470
-443735.340,-1172404.000,350.460
-443735.630,-1172403.760,350.450
-443735.900,-1172403.540,350.450
-443736.160,-1172403.320,350.440
-443736.440,-1172403.100,350.440
-443736.730,-1172402.860,350.430
-443737.010,-1172402.630,350.420
-443737.580,-1172402.160,350.410
-443737.860,-1172401.930,350.400
-443738.120,-1172401.710,350.400
-443738.390,-1172401.490,350.400
-443738.660,-1172401.270,350.400
-443738.940,-1172401.040,350.400
-443739.220,-1172400.810,350.410
-443739.490,-1172400.590,350.410
-443739.780,-1172400.350,350.410
-443740.040,-1172400.130,350.410
-443740.340,-1172399.890,350.410
-443740.590,-1172399.680,350.420
-443740.880,-1172399.440,350.420
-443741.140,-1172399.230,350.430
-443741.430,-1172398.990,350.430
-443741.700,-1172398.770,350.435
-443741.960,-1172398.560,350.430
-443742.230,-1172398.340,350.440
-443742.490,-1172398.120,350.440
-443742.770,-1172397.890,350.450
-443743.020,-1172397.680,350.450
-443743.300,-1172397.460,350.460
-443743.580,-1172397.230,350.470
-443732.910,-1172406.450,350.460
-443733.090,-1172406.300,350.480
-443733.070,-1172406.310,350.480
-443733.360,-1172406.080,350.490
-443733.640,-1172405.850,350.490
-443733.910,-1172405.620,350.490
-443734.180,-1172405.400,350.490
-443734.450,-1172405.180,350.480
-443734.730,-1172404.940,350.480
-443735.010,-1172404.720,350.470
-443735.270,-1172404.500,350.460
-443735.550,-1172404.270,350.455
-443735.850,-1172404.030,350.450
-443736.110,-1172403.810,350.440
-443736.400,-1172403.570,350.440
-443736.690,-1172403.330,350.430
-443736.980,-1172403.100,350.420
-443737.230,-1172402.890,350.410
-443737.500,-1172402.670,350.410
-443737.780,-1172402.440,350.400
-443738.060,-1172402.210,350.400
-443738.340,-1172401.980,350.400
-443738.610,-1172401.760,350.400
-443738.890,-1172401.520,350.400
-443739.160,-1172401.310,350.400
-443739.450,-1172401.070,350.400
-443739.720,-1172400.840,350.400
-443740.000,-1172400.610,350.400
-443740.270,-1172400.390,350.410
-443740.550,-1172400.160,350.410
-443740.830,-1172399.930,350.410
-443741.070,-1172399.730,350.420
-443741.330,-1172399.520,350.420
-443741.610,-1172399.290,350.430
-443741.900,-1172399.050,350.430
-443742.160,-1172398.840,350.430
-443742.420,-1172398.630,350.430
-443742.720,-1172398.380,350.440
-443742.970,-1172398.170,350.440
-443743.250,-1172397.940,350.450
-443743.530,-1172397.710,350.460
-443743.800,-1172397.490,350.455
-443744.050,-1172397.280,350.460
-443732.950,-1172406.920,350.470
-443733.060,-1172406.830,350.480
-443733.130,-1172406.780,350.480
-443733.420,-1172406.540,350.500
-443733.700,-1172406.300,350.490
-443733.970,-1172406.080,350.490
-443734.240,-1172405.860,350.480
-443734.520,-1172405.630,350.480
-443734.800,-1172405.400,350.480
-443735.070,-1172405.180,350.480
-443735.370,-1172404.940,350.470
-443735.650,-1172404.700,350.450
-443735.920,-1172404.480,350.450
-443736.190,-1172404.260,350.440
-443736.450,-1172404.040,350.440
-443736.730,-1172403.810,350.430
-443737.010,-1172403.580,350.420
-443737.280,-1172403.360,350.410
-443737.560,-1172403.130,350.410
-443737.850,-1172402.890,350.400
-443738.130,-1172402.660,350.400
-443738.400,-1172402.440,350.400
-443738.680,-1172402.210,350.400
-443738.950,-1172401.990,350.400
-443739.230,-1172401.760,350.400
-443739.500,-1172401.540,350.400
-443739.760,-1172401.320,350.400
-443740.030,-1172401.110,350.400
-443740.300,-1172400.880,350.400
-443740.580,-1172400.650,350.400
-443740.840,-1172400.440,350.400
-443741.100,-1172400.220,350.410
-443741.390,-1172399.990,350.410
-443741.650,-1172399.770,350.420
-443741.940,-1172399.530,350.430
-443742.220,-1172399.300,350.430
-443742.490,-1172399.080,350.430
-443742.750,-1172398.870,350.440
-443743.020,-1172398.640,350.440
-443743.310,-1172398.400,350.440
-443743.590,-1172398.170,350.440
-443743.870,-1172397.950,350.450
-443744.150,-1172397.720,350.450
-443744.420,-1172397.490,350.450
-443744.680,-1172397.280,350.450
-443738.380,-1172403.000,350.400
-443738.650,-1172402.770,350.400
-443738.920,-1172402.550,350.400
-443739.170,-1172402.340,350.400
-443739.450,-1172402.120,350.400
-443739.720,-1172401.890,350.400
-443740.010,-1172401.650,350.400
-443740.250,-1172401.450,350.390
-443740.550,-1172401.210,350.390
-443740.820,-1172400.990,350.400
-443741.110,-1172400.750,350.400
-443741.380,-1172400.530,350.410
-443741.640,-1172400.320,350.410
-443741.910,-1172400.090,350.420
-443742.200,-1172399.860,350.430
-443742.460,-1172399.640,350.430
-443742.750,-1172399.400,350.435
-443743.030,-1172399.170,350.440
-443743.300,-1172398.950,350.440
-443743.570,-1172398.730,350.440
-443743.840,-1172398.510,350.440
-443744.120,-1172398.280,350.440
-443744.390,-1172398.050,350.440
-443744.670,-1172397.820,350.440
-443744.950,-1172397.600,350.440
-443745.210,-1172397.380,350.450
-443745.480,-1172397.160,350.450
-443733.120,-1172407.320,350.480
-443733.110,-1172407.330,350.480
-443733.380,-1172407.100,350.490
-443733.670,-1172406.870,350.490
-443733.940,-1172406.640,350.480
-443734.230,-1172406.410,350.480
-443734.510,-1172406.180,350.470
-443735.060,-1172405.720,350.470
-443735.330,-1172405.500,350.470
-443735.600,-1172405.280,350.460
-443735.890,-1172405.040,350.450
-443736.170,-1172404.810,350.440
-443736.430,-1172404.600,350.440
-443736.720,-1172404.360,350.430
-443737.000,-1172404.130,350.420
-443737.270,-1172403.900,350.410
-443737.550,-1172403.680,350.410
-443737.840,-1172403.440,350.400
-443738.110,-1172403.220,350.400
-443733.090,-1172407.930,350.480
-443733.080,-1172407.930,350.475
-443733.290,-1172407.760,350.490
-443733.590,-1172407.510,350.500
-443733.870,-1172407.280,350.490
-443734.130,-1172407.070,350.480
-443734.390,-1172406.850,350.480
-443734.660,-1172406.630,350.470
-443734.950,-1172406.390,350.465
-443735.230,-1172406.160,350.460
-443735.490,-1172405.950,350.460
-443735.780,-1172405.710,350.460
-443736.060,-1172405.480,350.450
-443736.340,-1172405.250,350.440
-443736.610,-1172405.030,350.430
-443736.910,-1172404.780,350.420
-443737.160,-1172404.570,350.410
-443737.440,-1172404.340,350.410
-443737.720,-1172404.120,350.400
-443737.980,-1172403.900,350.400
-443738.240,-1172403.690,350.400
-443738.520,-1172403.460,350.400
-443738.800,-1172403.230,350.400
-443739.060,-1172403.010,350.400
-443739.310,-1172402.810,350.400
-443739.600,-1172402.570,350.400
-443739.880,-1172402.340,350.400
-443740.150,-1172402.120,350.400
-443740.430,-1172401.890,350.390
-443740.710,-1172401.660,350.390
-443740.970,-1172401.440,350.400
-443741.250,-1172401.210,350.400
-443741.530,-1172400.980,350.400
-443741.810,-1172400.750,350.410
-443742.090,-1172400.520,350.420
-443742.370,-1172400.300,350.430
-443742.640,-1172400.070,350.430
-443742.910,-1172399.850,350.440
-443743.170,-1172399.640,350.440
-443743.450,-1172399.410,350.440
-443743.740,-1172399.170,350.440
-443744.010,-1172398.950,350.440
-443744.570,-1172398.490,350.430
-443744.860,-1172398.250,350.440
-443745.130,-1172398.030,350.440
-443745.400,-1172397.810,350.440
-443745.670,-1172397.590,350.440
-443745.940,-1172397.360,350.450
-443746.200,-1172397.150,350.460
-443733.600,-1172407.930,350.500
-443733.910,-1172407.680,350.500
-443734.160,-1172407.480,350.490
-443734.440,-1172407.250,350.480
-443734.730,-1172407.010,350.470
-443735.010,-1172406.780,350.460
-443735.280,-1172406.550,350.460
-443735.560,-1172406.330,350.460
-443735.830,-1172406.110,350.450
-443736.110,-1172405.880,350.450
-443736.360,-1172405.670,350.440
-443736.650,-1172405.430,350.430
-443736.920,-1172405.210,350.430
-443737.180,-1172405.000,350.420
-443737.460,-1172404.770,350.410
-443737.730,-1172404.540,350.400
-443738.000,-1172404.320,350.400
-443738.260,-1172404.110,350.390
-443738.530,-1172403.890,350.390
-443738.820,-1172403.640,350.400
-443739.110,-1172403.410,350.400
-443739.370,-1172403.200,350.390
-443739.640,-1172402.980,350.390
-443739.930,-1172402.730,350.390
-443740.200,-1172402.510,350.390
-443740.480,-1172402.290,350.390
-443740.770,-1172402.050,350.390
-443741.060,-1172401.810,350.390
-443741.320,-1172401.600,350.400
-443741.580,-1172401.380,350.400
-443741.860,-1172401.150,350.410
-443742.140,-1172400.920,350.410
-443742.390,-1172400.710,350.420
-443742.680,-1172400.480,350.430
-443742.960,-1172400.250,350.440
-443743.230,-1172400.020,350.440
-443743.510,-1172399.800,350.440
-443743.790,-1172399.570,350.440
-443744.080,-1172399.330,350.430
-443744.330,-1172399.120,350.430
-443744.620,-1172398.880,350.430
-443744.880,-1172398.670,350.430
-443745.160,-1172398.440,350.430
-443745.420,-1172398.230,350.430
-443745.680,-1172398.010,350.430
-443745.980,-1172397.760,350.440
-443746.230,-1172397.560,350.440
-443746.480,-1172397.360,350.450
-443746.770,-1172397.110,350.450
-443742.570,-1172401.020,350.430
-443742.850,-1172400.780,350.440
-443743.110,-1172400.570,350.440
-443743.390,-1172400.340,350.450
-443743.660,-1172400.120,350.440
-443743.920,-1172399.910,350.440
-443744.190,-1172399.690,350.430
-443744.470,-1172399.450,350.430
-443744.750,-1172399.230,350.430
-443745.000,-1172399.020,350.430
-443745.270,-1172398.800,350.430
-443745.570,-1172398.550,350.430
-443745.830,-1172398.340,350.430
-443746.100,-1172398.110,350.430
-443746.380,-1172397.880,350.440
-443746.660,-1172397.660,350.440
-443746.910,-1172397.450,350.440
-443747.190,-1172397.220,350.445
-443747.470,-1172396.990,350.440
-443734.060,-1172408.010,350.490
-443734.340,-1172407.780,350.480
-443734.890,-1172407.330,350.460
-443735.150,-1172407.110,350.460
-443735.430,-1172406.890,350.460
-443735.700,-1172406.660,350.450
-443735.950,-1172406.450,350.450
-443736.230,-1172406.220,350.440
-443736.510,-1172406.000,350.440
-443736.770,-1172405.780,350.430
-443737.050,-1172405.550,350.430
-443737.320,-1172405.330,350.415
-443737.610,-1172405.090,350.410
-443737.890,-1172404.860,350.400
-443738.160,-1172404.640,350.395
-443738.410,-1172404.430,350.390
-443738.710,-1172404.190,350.390
-443738.990,-1172403.960,350.390
-443739.270,-1172403.730,350.390
-443739.550,-1172403.500,350.390
-443739.840,-1172403.260,350.390
-443740.090,-1172403.050,350.390
-443740.370,-1172402.820,350.390
-443740.630,-1172402.610,350.390
-443740.910,-1172402.380,350.390
-443741.200,-1172402.140,350.390
-443741.470,-1172401.920,350.400
-443741.740,-1172401.700,350.400
-443742.300,-1172401.240,350.420
-443735.010,-1172407.840,350.470
-443735.290,-1172407.610,350.460
-443735.550,-1172407.400,350.450
-443735.820,-1172407.180,350.450
-443736.110,-1172406.940,350.450
-443736.370,-1172406.730,350.440
-443736.640,-1172406.500,350.440
-443736.950,-1172406.250,350.430
-443737.210,-1172406.040,350.430
-443737.460,-1172405.830,350.420
-443737.740,-1172405.600,350.410
-443738.050,-1172405.350,350.400
-443738.320,-1172405.120,350.390
-443738.600,-1172404.890,350.390
-443738.900,-1172404.650,350.380
-443739.160,-1172404.430,350.380
-443739.420,-1172404.220,350.380
-443739.680,-1172404.010,350.385
-443739.980,-1172403.760,350.390
-443740.260,-1172403.530,350.380
-443740.510,-1172403.320,350.380
-443740.790,-1172403.090,350.380
-443741.090,-1172402.850,350.390
-443741.360,-1172402.630,350.390
-443741.630,-1172402.410,350.400
-443741.920,-1172402.170,350.405
-443742.180,-1172401.960,350.410
-443742.460,-1172401.720,350.420
-443742.710,-1172401.520,350.430
-443742.980,-1172401.290,350.440
-443743.250,-1172401.080,350.440
-443743.500,-1172400.870,350.440
-443743.790,-1172400.630,350.440
-443744.060,-1172400.400,350.440
-443744.330,-1172400.180,350.430
-443744.600,-1172399.960,350.420
-443744.880,-1172399.740,350.420
-443745.170,-1172399.500,350.420
-443745.450,-1172399.270,350.420
-443745.710,-1172399.050,350.420
-443745.990,-1172398.820,350.420
-443746.270,-1172398.590,350.420
-443746.540,-1172398.370,350.430
-443746.820,-1172398.140,350.430
-443747.110,-1172397.900,350.430
-443747.400,-1172397.660,350.440
-443747.650,-1172397.460,350.430
-443747.920,-1172397.240,350.440
-443748.190,-1172397.020,350.440
-443735.840,-1172407.760,350.450
-443736.100,-1172407.540,350.440
-443736.360,-1172407.330,350.440
-443736.650,-1172407.090,350.440
-443736.950,-1172406.850,350.430
-443737.220,-1172406.630,350.425
-443737.490,-1172406.400,350.420
-443737.790,-1172406.160,350.420
-443738.050,-1172405.940,350.410
-443738.320,-1172405.720,350.400
-443738.580,-1172405.510,350.390
-443738.870,-1172405.270,350.380
-443739.170,-1172405.020,350.370
-443739.420,-1172404.820,350.370
-443739.700,-1172404.590,350.370
-443739.980,-1172404.350,350.380
-443740.270,-1172404.120,350.380
-443740.530,-1172403.910,350.380
-443740.830,-1172403.660,350.380
-443741.090,-1172403.450,350.390
-443741.360,-1172403.220,350.390
-443741.630,-1172403.000,350.400
-443741.890,-1172402.790,350.400
-443742.160,-1172402.570,350.410
-443742.410,-1172402.360,350.420
-443742.700,-1172402.120,350.430
-443742.960,-1172401.910,350.430
-443743.230,-1172401.690,350.440
-443743.500,-1172401.470,350.450
-443743.760,-1172401.250,350.450
-443744.060,-1172401.010,350.440
-443744.350,-1172400.770,350.430
-443744.600,-1172400.560,350.420
-443744.880,-1172400.340,350.420
-443745.180,-1172400.090,350.410
-443745.450,-1172399.860,350.410
-443745.720,-1172399.640,350.410
-443746.020,-1172399.400,350.410
-443746.300,-1172399.170,350.420
-443746.560,-1172398.950,350.420
-443746.820,-1172398.740,350.420
-443747.100,-1172398.510,350.430
-443747.380,-1172398.280,350.430
-443747.660,-1172398.050,350.430
-443747.930,-1172397.830,350.430
-443748.210,-1172397.600,350.430
-443748.480,-1172397.370,350.440
-443748.760,-1172397.140,350.440
-443749.040,-1172396.920,350.440
-443736.530,-1172407.620,350.440
-443736.810,-1172407.390,350.440
-443737.090,-1172407.160,350.430
-443737.350,-1172406.940,350.420
-443737.610,-1172406.730,350.420
-443737.890,-1172406.500,350.420
-443738.180,-1172406.260,350.410
-443738.450,-1172406.040,350.400
-443738.720,-1172405.810,350.390
-443739.020,-1172405.570,350.380
-443739.310,-1172405.340,350.370
-443739.570,-1172405.120,350.370
-443739.840,-1172404.890,350.370
-443740.120,-1172404.660,350.380
-443740.390,-1172404.440,350.380
-443740.650,-1172404.230,350.380
-443740.920,-1172404.010,350.390
-443741.200,-1172403.780,350.390
-443741.460,-1172403.570,350.390
-443741.730,-1172403.340,350.400
-443742.000,-1172403.120,350.410
-443742.270,-1172402.900,350.410
-443742.550,-1172402.670,350.420
-443742.810,-1172402.460,350.430
-443743.090,-1172402.220,350.440
-443743.370,-1172401.990,350.440
-443743.620,-1172401.790,350.450
-443743.880,-1172401.570,350.450
-443744.200,-1172401.320,350.440
-443744.480,-1172401.090,350.430
-443744.750,-1172400.870,350.420
-443745.040,-1172400.620,350.410
-443745.340,-1172400.380,350.410
-443745.600,-1172400.170,350.400
-443745.860,-1172399.950,350.400
-443746.130,-1172399.730,350.400
-443746.420,-1172399.490,350.410
-443746.690,-1172399.270,350.420
-443746.950,-1172399.060,350.420
-443747.240,-1172398.820,350.420
-443747.530,-1172398.580,350.420
-443747.800,-1172398.360,350.430
-443748.080,-1172398.130,350.430
-443748.360,-1172397.900,350.430
-443748.630,-1172397.680,350.430
-443748.890,-1172397.460,350.435
-443749.170,-1172397.240,350.440
-443749.430,-1172397.020,350.450
-443743.730,-1172402.100,350.450
-443744.020,-1172401.870,350.450
-443744.280,-1172401.660,350.440
-443744.550,-1172401.430,350.430
-443744.830,-1172401.200,350.420
-443745.120,-1172400.960,350.410
-443745.390,-1172400.740,350.400
-443745.660,-1172400.520,350.400
-443745.950,-1172400.280,350.400
-443746.230,-1172400.050,350.400
-443736.890,-1172407.720,350.440
-443737.160,-1172407.510,350.430
-443737.430,-1172407.280,350.420
-443737.720,-1172407.050,350.420
-443738.010,-1172406.810,350.410
-443738.270,-1172406.590,350.410
-443738.560,-1172406.360,350.400
-443738.820,-1172406.140,350.400
-443739.100,-1172405.910,350.390
-443739.360,-1172405.700,350.380
-443739.630,-1172405.470,350.380
-443739.900,-1172405.250,350.380
-443740.170,-1172405.030,350.380
-443740.440,-1172404.810,350.390
-443740.710,-1172404.590,350.390
-443740.980,-1172404.370,350.390
-443741.250,-1172404.140,350.400
-443741.510,-1172403.930,350.400
-443741.800,-1172403.690,350.410
-443742.080,-1172403.460,350.410
-443742.350,-1172403.240,350.420
-443742.610,-1172403.030,350.420
-443742.900,-1172402.790,350.430
-443743.170,-1172402.570,350.440
-443743.440,-1172402.350,350.450
-443746.510,-1172399.830,350.400
-443746.780,-1172399.600,350.410
-443747.060,-1172399.370,350.420
-443747.320,-1172399.160,350.420
-443747.600,-1172398.930,350.420
-443747.870,-1172398.710,350.420
-443748.140,-1172398.480,350.420
-443748.410,-1172398.260,350.420
-443748.660,-1172398.050,350.425
-443748.970,-1172397.800,350.430
-443749.220,-1172397.600,350.430
-443749.490,-1172397.380,350.440
-443749.760,-1172397.160,350.440
-443750.010,-1172396.950,350.440
-443737.490,-1172407.620,350.430
-443737.750,-1172407.410,350.420
-443738.030,-1172407.170,350.420
-443738.310,-1172406.940,350.410
-443738.570,-1172406.730,350.410
-443738.820,-1172406.520,350.400
-443739.100,-1172406.290,350.400
-443739.390,-1172406.060,350.390
-443739.650,-1172405.850,350.380
-443739.910,-1172405.630,350.380
-443740.190,-1172405.400,350.380
-443740.470,-1172405.170,350.390
-443740.740,-1172404.950,350.390
-443741.020,-1172404.720,350.400
-443741.290,-1172404.490,350.410
-443741.560,-1172404.280,350.410
-443741.830,-1172404.060,350.410
-443742.120,-1172403.820,350.420
-443742.400,-1172403.590,350.420
-443742.690,-1172403.350,350.430
-443742.950,-1172403.130,350.430
-443743.240,-1172402.900,350.440
-443743.490,-1172402.690,350.450
-443743.750,-1172402.480,350.450
-443744.030,-1172402.250,350.450
-443744.320,-1172402.010,350.445
-443744.590,-1172401.780,350.430
-443744.870,-1172401.550,350.425
-443745.160,-1172401.320,350.410
-443745.450,-1172401.080,350.400
-443745.720,-1172400.850,350.400
-443745.990,-1172400.640,350.400
-443746.270,-1172400.410,350.400
-443746.550,-1172400.170,350.400
-443746.810,-1172399.970,350.400
-443747.080,-1172399.740,350.410
-443747.340,-1172399.530,350.420
-443747.600,-1172399.310,350.420
-443747.880,-1172399.090,350.420
-443748.150,-1172398.860,350.420
-443748.430,-1172398.630,350.420
-443748.700,-1172398.410,350.420
-443748.970,-1172398.190,350.420
-443749.260,-1172397.950,350.420
-443749.550,-1172397.720,350.430
-443749.800,-1172397.500,350.430
-443750.060,-1172397.300,350.430
-443750.340,-1172397.070,350.440
-443750.630,-1172396.830,350.440
-443737.900,-1172407.670,350.420
-443738.190,-1172407.440,350.420
-443738.460,-1172407.220,350.410
-443738.720,-1172407.000,350.410
-443739.010,-1172406.760,350.400
-443739.280,-1172406.540,350.400
-443739.560,-1172406.320,350.395
-443739.840,-1172406.080,350.390
-443740.110,-1172405.860,350.390
-443740.370,-1172405.650,350.390
-443740.650,-1172405.420,350.400
-443740.930,-1172405.190,350.410
-443741.220,-1172404.950,350.410
-443741.500,-1172404.720,350.420
-443741.770,-1172404.500,350.420
-443742.040,-1172404.280,350.420
-443742.310,-1172404.060,350.430
-443742.570,-1172403.840,350.430
-443742.850,-1172403.610,350.430
-443743.130,-1172403.380,350.440
-443743.400,-1172403.160,350.450
-443743.680,-1172402.930,350.450
-443743.960,-1172402.700,350.450
-443744.250,-1172402.460,350.450
-443744.510,-1172402.250,350.440
-443744.790,-1172402.020,350.430
-443745.060,-1172401.790,350.420
-443745.360,-1172401.550,350.410
-443745.610,-1172401.340,350.400
-443745.890,-1172401.120,350.400
-443746.160,-1172400.890,350.400
-443746.430,-1172400.680,350.400
-443746.700,-1172400.450,350.400
-443746.970,-1172400.230,350.400
-443747.230,-1172400.010,350.400
-443747.520,-1172399.780,350.410
-443747.780,-1172399.560,350.420
-443748.060,-1172399.330,350.420
-443748.360,-1172399.090,350.420
-443748.610,-1172398.880,350.420
-443748.870,-1172398.670,350.420
-443749.150,-1172398.430,350.420
-443749.450,-1172398.190,350.420
-443749.740,-1172397.960,350.420
-443750.020,-1172397.730,350.430
-443750.300,-1172397.490,350.430
-443750.550,-1172397.290,350.430
-443750.810,-1172397.080,350.430
-443751.080,-1172396.860,350.440
-443744.900,-1172402.190,350.430
-443745.180,-1172401.960,350.420
-443745.460,-1172401.730,350.410
-443745.740,-1172401.500,350.400
-443746.000,-1172401.290,350.400
-443746.280,-1172401.060,350.400
-443746.560,-1172400.830,350.400
-443746.820,-1172400.620,350.400
-443747.100,-1172400.390,350.400
-443747.390,-1172400.150,350.400
-443747.660,-1172399.930,350.410
-443747.920,-1172399.720,350.410
-443748.200,-1172399.490,350.420
-443748.490,-1172399.250,350.420
-443748.770,-1172399.020,350.420
-443749.040,-1172398.790,350.420
-443749.330,-1172398.560,350.420
-443749.610,-1172398.330,350.420
-443749.870,-1172398.120,350.420
-443750.130,-1172397.900,350.420
-443750.430,-1172397.660,350.430
-443750.700,-1172397.430,350.430
-443750.950,-1172397.230,350.430
-443751.230,-1172396.990,350.440
-443751.510,-1172396.760,350.450
-443738.310,-1172407.610,350.420
-443738.590,-1172407.370,350.410
-443738.860,-1172407.150,350.410
-443739.150,-1172406.920,350.400
-443739.410,-1172406.700,350.400
-443739.700,-1172406.470,350.400
-443739.960,-1172406.250,350.390
-443740.260,-1172406.010,350.400
-443740.540,-1172405.770,350.400
-443740.810,-1172405.560,350.410
-443741.070,-1172405.340,350.410
-443741.350,-1172405.110,350.420
-443741.610,-1172404.890,350.420
-443741.890,-1172404.670,350.430
-443742.170,-1172404.440,350.430
-443742.450,-1172404.210,350.430
-443742.710,-1172403.990,350.435
-443743.000,-1172403.760,350.440
-443743.290,-1172403.520,350.450
-443743.560,-1172403.300,350.450
-443743.830,-1172403.080,350.450
-443744.100,-1172402.850,350.450
-443744.390,-1172402.610,350.440
-443744.660,-1172402.390,350.440
-443750.060,-1172398.250,350.420
-443750.340,-1172398.020,350.420
-443750.620,-1172397.800,350.420
-443750.880,-1172397.580,350.430
-443751.160,-1172397.350,350.430
-443751.420,-1172397.140,350.440
-443751.690,-1172396.910,350.450
-443738.760,-1172407.530,350.410
-443739.050,-1172407.300,350.410
-443739.330,-1172407.060,350.405
-443739.610,-1172406.830,350.400
-443739.890,-1172406.610,350.400
-443740.140,-1172406.400,350.400
-443740.410,-1172406.180,350.400
-443740.690,-1172405.950,350.410
-443740.980,-1172405.710,350.410
-443741.240,-1172405.490,350.420
-443741.520,-1172405.270,350.430
-443741.790,-1172405.040,350.440
-443742.090,-1172404.800,350.440
-443742.340,-1172404.590,350.440
-443742.630,-1172404.360,350.450
-443742.890,-1172404.140,350.450
-443743.180,-1172403.900,350.450
-443743.430,-1172403.690,350.450
-443743.700,-1172403.470,350.450
-443743.980,-1172403.250,350.450
-443744.250,-1172403.030,350.450
-443744.520,-1172402.800,350.440
-443744.790,-1172402.580,350.430
-443745.070,-1172402.350,350.420
-443745.340,-1172402.130,350.410
-443745.610,-1172401.900,350.400
-443745.900,-1172401.670,350.400
-443746.200,-1172401.420,350.390
-443746.450,-1172401.220,350.400
-443746.720,-1172400.990,350.390
-443747.010,-1172400.760,350.400
-443747.290,-1172400.530,350.400
-443747.560,-1172400.300,350.400
-443747.850,-1172400.070,350.410
-443748.140,-1172399.830,350.410
-443748.400,-1172399.620,350.410
-443748.660,-1172399.400,350.415
-443748.930,-1172399.180,350.410
-443749.220,-1172398.940,350.410
-443749.500,-1172398.710,350.410
-443749.760,-1172398.500,350.410
-443739.070,-1172407.650,350.410
-443739.360,-1172407.420,350.410
-443739.650,-1172407.180,350.410
-443739.910,-1172406.960,350.410
-443740.180,-1172406.750,350.410
-443740.470,-1172406.510,350.410
-443740.740,-1172406.280,350.410
-443741.020,-1172406.050,350.420
-443741.280,-1172405.840,350.420
-443741.570,-1172405.600,350.430
-443741.830,-1172405.390,350.440
-443742.110,-1172405.160,350.450
-443742.380,-1172404.940,350.450
-443742.640,-1172404.720,350.460
-443742.890,-1172404.510,350.460
-443743.150,-1172404.300,350.460
-443743.450,-1172404.060,350.460
-443743.720,-1172403.840,350.460
-443743.970,-1172403.630,350.450
-443744.260,-1172403.390,350.450
-443744.540,-1172403.160,350.440
-443744.810,-1172402.940,350.430
-443745.100,-1172402.700,350.420
-443745.370,-1172402.490,350.410
-443745.640,-1172402.260,350.400
-443745.930,-1172402.020,350.400
-443746.200,-1172401.800,350.395
-443746.500,-1172401.550,350.390
-443746.780,-1172401.330,350.390
-443747.060,-1172401.100,350.390
-443747.320,-1172400.880,350.400
-443747.600,-1172400.650,350.400
-443747.860,-1172400.440,350.400
-443748.140,-1172400.210,350.400
-443748.430,-1172399.970,350.400
-443748.690,-1172399.750,350.410
-443748.970,-1172399.520,350.410
-443749.240,-1172399.300,350.410
-443749.540,-1172399.050,350.410
-443749.810,-1172398.840,350.410
-443750.080,-1172398.610,350.410
-443750.360,-1172398.390,350.410
-443750.650,-1172398.150,350.420
-443750.900,-1172397.940,350.420
-443751.170,-1172397.720,350.430
-443751.430,-1172397.500,350.430
-443751.700,-1172397.290,350.440
-443751.970,-1172397.060,350.450
-443752.230,-1172396.850,350.450
-443739.770,-1172407.500,350.410
-443740.030,-1172407.280,350.410
-443740.330,-1172407.040,350.410
-443740.590,-1172406.820,350.410
-443740.860,-1172406.600,350.410
-443741.110,-1172406.400,350.420
-443741.400,-1172406.160,350.430
-443741.670,-1172405.940,350.430
-443741.920,-1172405.730,350.440
-443742.200,-1172405.510,350.450
-443742.470,-1172405.290,350.460
-443742.730,-1172405.070,350.460
-443743.000,-1172404.850,350.460
-443743.280,-1172404.620,350.460
-443743.560,-1172404.390,350.460
-443743.840,-1172404.160,350.460
-443744.100,-1172403.940,350.450
-443744.670,-1172403.480,350.430
-443744.950,-1172403.250,350.430
-443745.230,-1172403.020,350.420
-443745.520,-1172402.780,350.410
-443745.810,-1172402.540,350.400
-443746.070,-1172402.330,350.390
-443746.340,-1172402.110,350.390
-443746.610,-1172401.880,350.390
-443746.880,-1172401.660,350.390
-443747.170,-1172401.420,350.390
-443747.440,-1172401.200,350.390
-443747.730,-1172400.970,350.390
-443748.000,-1172400.750,350.395
-443748.290,-1172400.500,350.400
-443748.560,-1172400.280,350.400
-443748.840,-1172400.050,350.400
-443749.100,-1172399.840,350.400
-443749.390,-1172399.600,350.400
-443749.660,-1172399.380,350.400
-443749.920,-1172399.170,350.405
-443750.180,-1172398.950,350.405
-443750.460,-1172398.720,350.410
-443750.750,-1172398.490,350.420
-443751.010,-1172398.270,350.420
-443751.270,-1172398.060,350.420
-443751.550,-1172397.830,350.430
-443751.820,-1172397.610,350.430
-443752.090,-1172397.390,350.440
-443752.380,-1172397.150,350.450
-443752.640,-1172396.930,350.450
-443741.970,-1172405.990,350.440
-443742.240,-1172405.770,350.450
-443742.530,-1172405.530,350.460
-443742.810,-1172405.300,350.460
-443743.060,-1172405.090,350.470
-443743.330,-1172404.870,350.470
-443743.630,-1172404.630,350.460
-443743.900,-1172404.410,350.460
-443744.180,-1172404.180,350.450
-443744.480,-1172403.930,350.440
-443744.760,-1172403.700,350.430
-443745.030,-1172403.480,350.420
-443745.300,-1172403.260,350.410
-443745.570,-1172403.040,350.400
-443745.850,-1172402.800,350.390
-443746.130,-1172402.580,350.390
-443746.700,-1172402.110,350.390
-443746.970,-1172401.890,350.390
-443747.240,-1172401.670,350.390
-443747.520,-1172401.430,350.390
-443747.820,-1172401.190,350.390
-443748.060,-1172400.990,350.390
-443748.340,-1172400.760,350.390
-443748.610,-1172400.540,350.390
-443748.900,-1172400.310,350.390
-443749.410,-1172399.890,350.400
-443749.710,-1172399.640,350.400
-443749.970,-1172399.430,350.400
-443750.220,-1172399.220,350.400
-443750.510,-1172398.980,350.400
-443750.790,-1172398.750,350.410
-443751.060,-1172398.530,350.420
-443751.340,-1172398.300,350.420
-443751.610,-1172398.080,350.420
-443751.890,-1172397.850,350.430
-443752.150,-1172397.640,350.430
-443752.430,-1172397.410,350.440
-443752.720,-1172397.170,350.450
-443752.990,-1172396.940,350.450
-443753.270,-1172396.710,350.440
-443740.090,-1172407.540,350.410
-443740.360,-1172407.310,350.410
-443740.640,-1172407.090,350.410
-443740.900,-1172406.870,350.410
-443741.170,-1172406.650,350.420
-443741.440,-1172406.430,350.430
-443741.700,-1172406.210,350.430
-443740.760,-1172407.340,350.420
-443741.040,-1172407.110,350.420
-443741.320,-1172406.880,350.430
-443741.600,-1172406.660,350.430
-443741.850,-1172406.450,350.430
-443742.130,-1172406.220,350.440
-443742.420,-1172405.980,350.450
-443742.680,-1172405.760,350.460
-443742.970,-1172405.530,350.470
-443743.260,-1172405.290,350.470
-443743.530,-1172405.070,350.460
-443743.790,-1172404.850,350.460
-443744.060,-1172404.640,350.450
-443744.340,-1172404.410,350.450
-443744.630,-1172404.170,350.440
-443744.900,-1172403.950,350.430
-443745.180,-1172403.720,350.420
-443745.470,-1172403.480,350.410
-443745.730,-1172403.260,350.400
-443746.030,-1172403.020,350.390
-443746.300,-1172402.800,350.390
-443746.590,-1172402.560,350.390
-443746.840,-1172402.350,350.390
-443747.130,-1172402.120,350.390
-443747.400,-1172401.890,350.390
-443752.400,-1172398.220,350.430
-443752.670,-1172397.990,350.440
-443752.950,-1172397.760,350.440
-443753.230,-1172397.530,350.450
-443753.500,-1172397.310,350.440
-443753.790,-1172397.070,350.420
-443754.060,-1172396.850,349.790
-443747.660,-1172401.680,350.390
-443747.930,-1172401.460,350.390
-443748.190,-1172401.250,350.390
-443748.480,-1172401.010,350.390
-443748.750,-1172400.790,350.390
-443749.300,-1172400.330,350.390
-443749.560,-1172400.120,350.390
-443749.830,-1172399.900,350.390
-443750.130,-1172399.660,350.390
-443750.390,-1172399.440,350.400
-443750.660,-1172399.220,350.400
-443750.930,-1172398.990,350.410
-443751.230,-1172398.750,350.410
-443751.520,-1172398.510,350.420
-443751.790,-1172398.290,350.420
-443752.070,-1172398.060,350.430
-443752.340,-1172397.840,350.430
-443752.870,-1172397.410,350.450
-443753.140,-1172397.180,350.450
-443753.420,-1172396.950,350.440
-443753.690,-1172396.730,350.275
-443741.110,-1172407.480,350.430
-443741.370,-1172407.260,350.430
-443741.660,-1172407.020,350.430
-443741.930,-1172406.800,350.430
-443742.210,-1172406.570,350.440
-443742.490,-1172406.340,350.450
-443742.790,-1172406.100,350.460
-443743.050,-1172405.890,350.460
-443743.300,-1172405.680,350.460
-443743.580,-1172405.450,350.460
-443743.870,-1172405.220,350.460
-443744.150,-1172404.980,350.450
-443744.410,-1172404.770,350.440
-443744.700,-1172404.530,350.430
-443744.990,-1172404.290,350.430
-443745.270,-1172404.070,350.420
-443745.530,-1172403.850,350.410
-443745.830,-1172403.600,350.390
-443746.090,-1172403.390,350.390
-443746.380,-1172403.150,350.390
-443746.650,-1172402.940,350.380
-443746.910,-1172402.720,350.380
-443747.180,-1172402.490,350.390
-443747.440,-1172402.290,350.390
-443747.720,-1172402.050,350.390
-443747.990,-1172401.830,350.390
-443748.260,-1172401.610,350.380
-443748.530,-1172401.390,350.380
-443748.810,-1172401.160,350.380
-443749.090,-1172400.930,350.380
-443749.370,-1172400.700,350.380
-443749.640,-1172400.480,350.390
-443749.910,-1172400.260,350.390
-443750.190,-1172400.030,350.390
-443750.470,-1172399.800,350.390
-443750.750,-1172399.560,350.390
-443751.050,-1172399.320,350.400
-443751.330,-1172399.090,350.410
-443751.590,-1172398.880,350.410
-443751.860,-1172398.660,350.420
-443752.130,-1172398.440,350.420
-443741.750,-1172407.440,350.440
-443742.000,-1172407.230,350.440
-443742.270,-1172407.020,350.440
-443742.560,-1172406.780,350.450
-443742.840,-1172406.540,350.450
-443743.090,-1172406.340,350.460
-443743.380,-1172406.110,350.460
-443743.660,-1172405.870,350.460
-443743.950,-1172405.640,350.450
-443744.210,-1172405.420,350.450
-443744.500,-1172405.190,350.440
-443744.770,-1172404.960,350.430
-443745.050,-1172404.730,350.430
-443745.320,-1172404.510,350.420
-443745.580,-1172404.300,350.410
-443745.860,-1172404.070,350.400
-443746.130,-1172403.850,350.390
-443746.410,-1172403.620,350.390
-443746.680,-1172403.400,350.380
-443746.940,-1172403.180,350.380
-443747.210,-1172402.960,350.380
-443747.490,-1172402.730,350.380
-443747.780,-1172402.500,350.390
-443748.050,-1172402.270,350.380
-443748.310,-1172402.060,350.380
-443748.580,-1172401.840,350.380
-443748.880,-1172401.590,350.380
-443749.150,-1172401.370,350.380
-443749.430,-1172401.140,350.380
-443749.720,-1172400.900,350.380
-443750.000,-1172400.670,350.380
-443750.270,-1172400.450,350.385
-443750.530,-1172400.240,350.390
-443750.820,-1172400.000,350.390
-443751.090,-1172399.780,350.390
-443751.360,-1172399.550,350.390
-443751.630,-1172399.330,350.400
-443751.930,-1172399.090,350.410
-443752.200,-1172398.870,350.410
-443752.480,-1172398.640,350.420
-443752.750,-1172398.420,350.430
-443753.020,-1172398.190,350.440
-443753.290,-1172397.970,350.450
-443753.580,-1172397.740,350.440
-443753.840,-1172397.520,350.430
-443754.100,-1172397.300,349.790
-443754.540,-1172396.940,349.750
-443754.810,-1172396.720,349.750
-443742.330,-1172407.350,350.440
-443742.610,-1172407.120,350.450
-443742.900,-1172406.890,350.450
-443743.150,-1172406.680,350.460
-443743.430,-1172406.450,350.460
-443743.700,-1172406.230,350.460
-443743.990,-1172405.990,350.450
-443744.250,-1172405.780,350.450
-443744.520,-1172405.550,350.440
-443744.800,-1172405.320,350.430
-443745.050,-1172405.120,350.430
-443745.330,-1172404.890,350.420
-443745.600,-1172404.670,350.410
-443745.870,-1172404.440,350.400
-443746.160,-1172404.200,350.390
-443746.420,-1172404.000,350.390
-443746.710,-1172403.750,350.375
-443747.010,-1172403.510,350.380
-443747.240,-1172403.320,350.380
-443747.510,-1172403.100,350.380
-443747.810,-1172402.860,350.380
-443748.110,-1172402.610,350.380
-443748.370,-1172402.400,350.380
-443748.670,-1172402.150,350.380
-443748.960,-1172401.910,350.380
-443749.210,-1172401.700,350.370
-443749.470,-1172401.490,350.380
-443749.740,-1172401.270,350.380
-443750.050,-1172401.020,350.380
-443750.320,-1172400.800,350.380
-443750.570,-1172400.590,350.380
-443750.870,-1172400.340,350.390
-443751.160,-1172400.110,350.390
-443751.420,-1172399.890,350.390
-443751.690,-1172399.670,350.390
-443751.970,-1172399.440,350.400
-443752.250,-1172399.210,350.410
-443752.510,-1172399.000,350.410
-443752.790,-1172398.770,350.420
-443753.060,-1172398.550,350.435
-443753.320,-1172398.340,350.440
-443753.580,-1172398.120,350.450
-443753.860,-1172397.890,350.440
-443754.570,-1172397.310,349.750
-443754.860,-1172397.070,349.750
-443755.120,-1172396.860,349.740
-443755.410,-1172396.620,349.750
-443742.990,-1172407.330,350.450
-443743.240,-1172407.120,350.450
-443743.520,-1172406.900,350.460
-443743.780,-1172406.680,350.460
-443744.060,-1172406.460,350.450
-443744.330,-1172406.230,350.440
-443744.610,-1172406.000,350.440
-443744.890,-1172405.780,350.430
-443745.150,-1172405.560,350.430
-443745.440,-1172405.330,350.420
-443745.720,-1172405.090,350.420
-443745.990,-1172404.870,350.410
-443746.250,-1172404.660,350.400
-443746.550,-1172404.410,350.390
-443746.830,-1172404.190,350.380
-443747.120,-1172403.940,350.380
-443747.390,-1172403.720,350.380
-443747.680,-1172403.490,350.380
-443747.930,-1172403.280,350.380
-443748.220,-1172403.040,350.380
-443748.490,-1172402.820,350.380
-443748.770,-1172402.590,350.380
-443749.030,-1172402.370,350.380
-443749.300,-1172402.160,350.380
-443749.590,-1172401.920,350.380
-443749.880,-1172401.680,350.380
-443750.160,-1172401.450,350.380
-443750.430,-1172401.230,350.380
-443751.270,-1172400.540,350.380
-443751.540,-1172400.320,350.385
-443751.800,-1172400.110,350.390
-443752.060,-1172399.890,350.400
-443752.320,-1172399.680,350.400
-443752.610,-1172399.440,350.410
-443752.870,-1172399.230,350.420
-443753.130,-1172399.010,350.430
-443753.410,-1172398.780,350.440
-443753.680,-1172398.560,350.440
-443753.960,-1172398.340,350.440
-443754.230,-1172398.110,350.430
-443754.700,-1172397.730,349.740
-443754.970,-1172397.500,349.730
-443755.240,-1172397.280,349.730
-443755.520,-1172397.050,349.730
-443755.800,-1172396.820,349.740
-443756.090,-1172396.590,349.740
-443744.330,-1172406.850,350.450
-443744.620,-1172406.610,350.440
-443744.890,-1172406.390,350.430
-443745.430,-1172405.950,350.420
-443745.720,-1172405.710,350.420
-443746.010,-1172405.470,350.410
-443746.290,-1172405.240,350.400
-443746.570,-1172405.010,350.390
-443746.850,-1172404.780,350.390
-443747.120,-1172404.560,350.380
-443747.380,-1172404.350,350.370
-443747.960,-1172403.870,350.380
-443748.210,-1172403.660,350.380
-443748.490,-1172403.440,350.380
-443748.780,-1172403.200,350.380
-443749.070,-1172402.960,350.380
-443749.330,-1172402.750,350.370
-443749.610,-1172402.520,350.370
-443749.880,-1172402.300,350.370
-443750.160,-1172402.060,350.375
-443751.230,-1172401.190,350.390
-443751.770,-1172400.740,350.390
-443752.050,-1172400.520,350.390
-443752.330,-1172400.290,350.400
-443752.590,-1172400.080,350.410
-443752.870,-1172399.840,350.410
-443753.160,-1172399.600,350.430
-443753.420,-1172399.390,350.430
-443753.680,-1172399.180,350.440
-443753.970,-1172398.940,350.440
-443754.250,-1172398.710,350.405
-443754.730,-1172398.320,349.720
-443755.010,-1172398.090,349.710
-443755.300,-1172397.850,349.710
-443755.560,-1172397.640,349.720
-443755.820,-1172397.430,349.720
-443756.090,-1172397.210,349.730
-443756.370,-1172396.970,349.740
-443756.650,-1172396.750,349.740
-443744.880,-1172407.070,350.440
-443745.170,-1172406.830,350.430
-443745.440,-1172406.610,350.420
-443745.720,-1172406.380,350.420
-443746.250,-1172405.940,350.410
-443746.530,-1172405.710,350.400
-443746.820,-1172405.470,350.390
-443747.100,-1172405.250,350.380
-443747.370,-1172405.020,350.380
-443747.660,-1172404.790,350.380
-443747.950,-1172404.550,350.380
-443748.220,-1172404.330,350.380
-443748.480,-1172404.110,350.380
-443748.780,-1172403.870,350.380
-443749.060,-1172403.640,350.380
-443749.850,-1172402.990,350.370
-443750.130,-1172402.760,350.380
-443750.390,-1172402.550,350.380
-443750.660,-1172402.330,350.380
-443751.210,-1172401.880,350.390
-443751.480,-1172401.660,350.390
-443751.760,-1172401.420,350.390
-443752.060,-1172401.180,350.390
-443752.310,-1172400.970,350.400
-443752.570,-1172400.760,350.400
-443752.850,-1172400.530,350.410
-443753.140,-1172400.290,350.430
-443753.420,-1172400.060,350.430
-443753.720,-1172399.820,350.435
-443753.970,-1172399.610,350.430
-443754.240,-1172399.390,350.400
-443754.720,-1172399.000,349.685
-443754.980,-1172398.780,349.680
-443755.270,-1172398.550,349.680
-443755.550,-1172398.320,349.690
-443755.800,-1172398.110,349.690
-443756.090,-1172397.870,349.710
-443756.370,-1172397.640,349.720
-443756.670,-1172397.400,349.730
-443756.920,-1172397.200,349.730
-443757.200,-1172396.960,349.740
-443757.470,-1172396.740,349.740
-443745.650,-1172406.970,350.420
-443745.940,-1172406.740,350.420
-443746.220,-1172406.500,350.420
-443746.490,-1172406.280,350.410
-443746.770,-1172406.060,350.400
-443747.060,-1172405.820,350.390
-443747.340,-1172405.580,350.390
-443747.610,-1172405.360,350.390
-443747.870,-1172405.150,350.390
-443748.440,-1172404.680,350.380
-443748.680,-1172404.480,350.380
-443748.960,-1172404.260,350.390
-443749.250,-1172404.020,350.380
-443749.510,-1172403.800,350.380
-443749.770,-1172403.590,350.380
-443750.050,-1172403.370,350.380
-443750.340,-1172403.120,350.380
-443750.600,-1172402.910,350.380
-443750.880,-1172402.680,350.390
-443751.160,-1172402.450,350.390
-443751.440,-1172402.220,350.390
-443751.680,-1172402.020,350.400
-443751.960,-1172401.790,350.400
-443752.260,-1172401.550,350.400
-443752.530,-1172401.320,350.410
-443752.810,-1172401.100,350.410
-443753.100,-1172400.860,350.420
-443753.370,-1172400.640,350.430
-443753.890,-1172400.210,350.430
-443754.170,-1172399.980,350.410
-443754.680,-1172399.560,349.665
-443754.920,-1172399.370,349.660
-443755.210,-1172399.130,349.660
-443755.500,-1172398.890,349.670
-443755.790,-1172398.650,349.670
-443756.040,-1172398.450,349.680
-443756.330,-1172398.210,349.690
-443756.600,-1172397.990,349.700
-443756.870,-1172397.770,349.710
-443757.140,-1172397.550,349.720
-443757.410,-1172397.330,349.730
-443757.670,-1172397.110,349.730
-443757.930,-1172396.900,349.740
-443758.200,-1172396.680,349.750
-443749.780,-1172404.090,350.380
-443750.070,-1172403.850,350.380
-443750.330,-1172403.640,350.380
-443750.600,-1172403.420,350.380
-443750.890,-1172403.180,350.390
-443751.180,-1172402.940,350.390
-443751.440,-1172402.720,350.400
-443751.730,-1172402.490,350.400
-443752.030,-1172402.250,350.410
-443752.280,-1172402.040,350.410
-443752.540,-1172401.820,350.410
-443752.820,-1172401.600,350.420
-443753.100,-1172401.370,350.420
-443753.380,-1172401.140,350.430
-443753.630,-1172400.930,350.440
-443753.930,-1172400.690,350.430
-443754.210,-1172400.460,350.410
-443754.700,-1172400.060,349.650
-443754.970,-1172399.830,349.640
-443755.250,-1172399.600,349.640
-443755.510,-1172399.390,349.650
-443755.800,-1172399.150,349.660
-443756.060,-1172398.940,349.660
-443756.330,-1172398.720,349.670
-443756.590,-1172398.500,349.680
-443756.860,-1172398.280,349.690
-443757.150,-1172398.050,349.700
-443757.410,-1172397.830,349.710
-443757.670,-1172397.620,349.720
-443757.950,-1172397.390,349.730
-443758.220,-1172397.160,349.730
-443758.500,-1172396.940,349.740
-443758.780,-1172396.710,349.750
-443759.040,-1172396.500,349.750
-443746.230,-1172407.000,350.420
-443746.510,-1172406.770,350.420
-443746.770,-1172406.560,350.410
-443747.070,-1172406.310,350.410
-443747.330,-1172406.100,350.400
-443747.590,-1172405.880,350.395
-443747.870,-1172405.660,350.390
-443748.140,-1172405.440,350.390
-443748.400,-1172405.220,350.390
-443748.680,-1172404.990,350.390
-443748.960,-1172404.760,350.390
-443749.240,-1172404.540,350.380
-443749.500,-1172404.320,350.380
-443754.970,-1172400.340,349.630
-443755.230,-1172400.130,349.630
-443755.490,-1172399.920,349.630
-443755.770,-1172399.690,349.630
-443756.050,-1172399.460,349.640
-443756.310,-1172399.250,349.650
-443756.580,-1172399.030,349.660
-443756.860,-1172398.790,349.670
-443757.130,-1172398.580,349.680
-443757.400,-1172398.350,349.690
-443757.690,-1172398.110,349.700
-443757.960,-1172397.890,349.710
-443758.210,-1172397.680,349.720
-443758.500,-1172397.450,349.730
-443758.800,-1172397.210,349.730
-443759.070,-1172396.980,349.740
-443759.340,-1172396.760,349.750
-443759.610,-1172396.540,349.760
-443747.030,-1172406.860,350.410
-443747.320,-1172406.620,350.410
-443747.590,-1172406.400,350.410
-443758.780,-1172397.740,349.710
-443759.040,-1172397.520,349.720
-443759.310,-1172397.300,349.730
-443759.570,-1172397.090,349.740
-443759.860,-1172396.850,349.750
-443747.850,-1172406.180,350.410
-443748.130,-1172405.960,350.400
-443748.410,-1172405.720,350.400
-443748.690,-1172405.490,350.390
-443748.960,-1172405.270,350.390
-443749.230,-1172405.050,350.390
-443749.520,-1172404.810,350.390
-443749.810,-1172404.570,350.390
-443750.070,-1172404.360,350.380
-443750.360,-1172404.120,350.390
-443750.640,-1172403.890,350.390
-443750.920,-1172403.660,350.390
-443751.180,-1172403.450,350.400
-443751.460,-1172403.220,350.400
-443751.720,-1172403.010,350.410
-443752.000,-1172402.780,350.410
-443752.290,-1172402.540,350.420
-443752.560,-1172402.320,350.420
-443752.830,-1172402.090,350.420
-443753.110,-1172401.870,350.430
-443753.410,-1172401.620,350.440
-443753.670,-1172401.410,350.440
-443753.950,-1172401.180,350.440
-443754.200,-1172400.980,350.420
-443754.720,-1172400.550,349.630
-443747.550,-1172406.940,350.420
-443747.820,-1172406.720,350.410
-443748.110,-1172406.480,350.410
-443748.380,-1172406.260,350.405
-443748.650,-1172406.040,350.400
-443748.920,-1172405.820,350.400
-443749.230,-1172405.570,350.390
-443749.500,-1172405.340,350.390
-443749.780,-1172405.120,350.390
-443750.060,-1172404.880,350.390
-443750.320,-1172404.670,350.390
-443750.600,-1172404.440,350.390
-443750.850,-1172404.240,350.390
-443751.130,-1172404.010,350.400
-443751.430,-1172403.760,350.410
-443751.690,-1172403.550,350.410
-443751.970,-1172403.320,350.420
-443752.260,-1172403.080,350.420
-443752.540,-1172402.860,350.430
-443752.800,-1172402.640,350.430
-443753.080,-1172402.410,350.435
-443753.350,-1172402.190,350.440
-443753.630,-1172401.950,350.450
-443753.880,-1172401.750,350.450
-443754.150,-1172401.530,350.430
-443754.410,-1172401.320,350.380
-443754.910,-1172400.910,349.610
-443755.190,-1172400.680,349.610
-443755.460,-1172400.460,349.610
-443755.730,-1172400.240,349.620
-443756.000,-1172400.020,349.630
-443756.270,-1172399.790,349.630
-443756.550,-1172399.560,349.640
-443756.840,-1172399.320,349.640
-443757.100,-1172399.110,349.650
-443757.370,-1172398.890,349.660
-443757.640,-1172398.670,349.670
-443757.930,-1172398.430,349.680
-443758.210,-1172398.200,349.695
-443758.480,-1172397.980,349.700
-443748.160,-1172406.780,350.410
-443748.470,-1172406.530,350.410
-443748.750,-1172406.300,350.400
-443760.120,-1172396.630,349.760
-443760.380,-1172396.420,349.765
-443749.010,-1172406.090,350.400
-443749.260,-1172405.880,350.390
-443749.570,-1172405.630,350.390
-443750.100,-1172405.200,350.390
-443750.410,-1172404.940,350.390
-443750.680,-1172404.710,350.390
-443750.950,-1172404.490,350.400
-443751.210,-1172404.280,350.400
-443751.500,-1172404.040,350.410
-443751.780,-1172403.820,350.410
-443752.040,-1172403.600,350.420
-443752.310,-1172403.380,350.420
-443752.590,-1172403.150,350.430
-443752.850,-1172402.940,350.430
-443753.110,-1172402.730,350.440
-443753.390,-1172402.490,350.440
-443753.670,-1172402.270,350.450
-443753.920,-1172402.060,350.445
-443754.190,-1172401.840,350.430
-443754.450,-1172401.620,350.380
-443754.690,-1172401.430,349.610
-443754.980,-1172401.190,349.600
-443755.260,-1172400.960,349.600
-443755.510,-1172400.760,349.600
-443755.790,-1172400.530,349.610
-443756.080,-1172400.290,349.610
-443756.350,-1172400.070,349.620
-443756.630,-1172399.840,349.630
-443756.930,-1172399.590,349.635
-443757.200,-1172399.370,349.640
-443757.470,-1172399.150,349.650
-443757.730,-1172398.930,349.670
-443758.010,-1172398.710,349.670
-443758.280,-1172398.480,349.680
-443758.560,-1172398.260,349.690
-443758.830,-1172398.030,349.700
-443759.130,-1172397.790,349.710
-443759.390,-1172397.580,349.720
-443759.670,-1172397.340,349.730
-443759.940,-1172397.120,349.740
-443760.220,-1172396.890,349.750
-443760.470,-1172396.690,349.760
-443760.760,-1172396.450,349.760
-443748.670,-1172406.780,350.410
-443748.970,-1172406.530,350.405
-443749.230,-1172406.320,350.400
-443749.520,-1172406.080,350.400
-443749.790,-1172405.850,350.390
-443750.080,-1172405.620,350.390
-443750.350,-1172405.400,350.390
-443750.640,-1172405.160,350.400
-443750.900,-1172404.950,350.400
-443751.180,-1172404.720,350.400
-443751.450,-1172404.500,350.410
-443751.710,-1172404.280,350.410
-443751.970,-1172404.070,350.420
-443752.250,-1172403.840,350.420
-443752.530,-1172403.610,350.430
-443752.780,-1172403.410,350.430
-443753.060,-1172403.180,350.440
-443753.340,-1172402.940,350.440
-443753.610,-1172402.730,350.450
-443753.880,-1172402.500,350.450
-443754.150,-1172402.280,350.440
-443754.430,-1172402.060,350.400
-443754.650,-1172401.870,349.600
-443754.920,-1172401.660,349.590
-443755.200,-1172401.420,349.590
-443755.490,-1172401.190,349.590
-443755.770,-1172400.950,349.600
-443756.050,-1172400.730,349.600
-443756.330,-1172400.500,349.610
-443756.600,-1172400.280,349.610
-443757.410,-1172399.610,349.630
-443757.700,-1172399.370,349.640
-443757.960,-1172399.160,349.650
-443758.230,-1172398.940,349.660
-443758.520,-1172398.700,349.670
-443758.810,-1172398.460,349.680
-443759.070,-1172398.250,349.690
-443759.350,-1172398.020,349.700
-443759.620,-1172397.800,349.710
-443759.900,-1172397.570,349.730
-443760.160,-1172397.350,349.730
-443760.420,-1172397.140,349.740
-443760.700,-1172396.910,349.740
-443760.960,-1172396.700,349.750
-443761.230,-1172396.480,349.760
-443749.330,-1172406.710,350.410
-443749.630,-1172406.460,350.400
-443749.890,-1172406.240,350.400
-443750.180,-1172406.010,350.390
-443750.430,-1172405.800,350.390
-443750.700,-1172405.580,350.400
-443750.970,-1172405.360,350.400
-443751.250,-1172405.130,350.405
-443751.510,-1172404.920,350.410
-443751.790,-1172404.690,350.410
-443752.050,-1172404.480,350.420
-443752.330,-1172404.250,350.430
-443752.590,-1172404.030,350.430
-443752.890,-1172403.790,350.440
-443753.170,-1172403.560,350.440
-443753.440,-1172403.340,350.450
-443753.690,-1172403.130,350.450
-443753.980,-1172402.890,350.450
-443754.240,-1172402.680,350.450
-443754.760,-1172402.250,349.585
-443755.050,-1172402.010,349.580
-443755.330,-1172401.790,349.570
-443755.590,-1172401.570,349.580
-443755.860,-1172401.360,349.580
-443756.130,-1172401.130,349.590
-443756.420,-1172400.890,349.590
-443756.690,-1172400.680,349.600
-443756.960,-1172400.450,349.610
-443757.250,-1172400.210,349.610
-443757.530,-1172399.990,349.620
-443757.810,-1172399.760,349.630
-443758.070,-1172399.540,349.630
-443758.360,-1172399.300,349.640
-443758.620,-1172399.090,349.650
-443758.900,-1172398.860,349.660
-443759.430,-1172398.420,349.680
-443759.690,-1172398.210,349.690
-443759.960,-1172397.990,349.700
-443760.250,-1172397.750,349.720
-443760.520,-1172397.530,349.730
-443760.780,-1172397.320,349.730
-443761.060,-1172397.090,349.740
-443761.340,-1172396.860,349.740
-443761.610,-1172396.640,349.750
-443761.880,-1172396.420,349.760
-443749.950,-1172406.680,350.400
-443750.210,-1172406.460,350.400
-443750.490,-1172406.240,350.400
-443750.770,-1172406.010,350.400
-443751.030,-1172405.800,350.400
-443751.300,-1172405.570,350.400
-443751.580,-1172405.340,350.410
-443751.860,-1172405.110,350.420
-443752.150,-1172404.870,350.420
-443752.410,-1172404.670,350.430
-443752.670,-1172404.450,350.430
-443752.960,-1172404.210,350.440
-443753.230,-1172403.990,350.450
-443753.520,-1172403.750,350.460
-443753.800,-1172403.520,350.460
-443754.080,-1172403.300,350.450
-443754.330,-1172403.090,350.440
-443754.610,-1172402.860,349.585
-443754.850,-1172402.660,349.560
-443755.120,-1172402.440,349.560
-443755.390,-1172402.220,349.560
-443755.680,-1172401.980,349.570
-443755.940,-1172401.770,349.570
-443756.230,-1172401.530,349.580
-443756.510,-1172401.300,349.580
-443756.790,-1172401.070,349.590
-443757.070,-1172400.840,349.590
-443757.350,-1172400.620,349.600
-443757.600,-1172400.410,349.600
-443757.900,-1172400.160,349.610
-443758.420,-1172399.730,349.630
-443758.690,-1172399.520,349.630
-443758.960,-1172399.300,349.640
-443759.240,-1172399.060,349.650
-443759.500,-1172398.850,349.660
-443759.760,-1172398.640,349.670
-443760.050,-1172398.400,349.680
-443760.320,-1172398.180,349.690
-443760.610,-1172397.940,349.700
-443760.870,-1172397.720,349.710
-443761.140,-1172397.510,349.720
-443761.410,-1172397.290,349.730
-443761.680,-1172397.060,349.740
-443761.970,-1172396.820,349.750
-443762.260,-1172396.590,349.755
-443762.530,-1172396.370,349.760
-443750.550,-1172406.590,350.400
-443750.830,-1172406.360,350.400
-443751.120,-1172406.120,350.400
-443751.380,-1172405.910,350.410
-443751.630,-1172405.700,350.415
-443751.930,-1172405.460,350.420
-443752.220,-1172405.220,350.420
-443752.490,-1172405.000,350.430
-443752.760,-1172404.780,350.440
-443753.050,-1172404.530,350.440
-443753.320,-1172404.320,350.450
-443753.580,-1172404.100,350.460
-443753.840,-1172403.890,350.460
-443754.130,-1172403.650,350.450
-443754.400,-1172403.430,350.430
-443754.900,-1172403.020,349.550
-443755.200,-1172402.780,349.550
-443755.480,-1172402.540,349.550
-443755.760,-1172402.320,349.550
-443756.020,-1172402.110,349.560
-443756.310,-1172401.860,349.570
-443756.580,-1172401.650,349.570
-443756.850,-1172401.420,349.580
-443757.110,-1172401.210,349.580
-443757.400,-1172400.970,349.590
-443757.650,-1172400.770,349.590
-443757.910,-1172400.550,349.600
-443758.200,-1172400.320,349.610
-443758.480,-1172400.090,349.610
-443758.740,-1172399.870,349.620
-443759.000,-1172399.660,349.630
-443759.280,-1172399.430,349.630
-443759.560,-1172399.200,349.640
-443759.840,-1172398.970,349.650
-443760.100,-1172398.760,349.660
-443760.380,-1172398.530,349.670
-443760.660,-1172398.300,349.680
-443760.940,-1172398.080,349.700
-443761.230,-1172397.840,349.710
-443761.520,-1172397.600,349.720
-443761.780,-1172397.380,349.730
-443762.050,-1172397.160,349.730
-443762.330,-1172396.930,349.740
-443762.600,-1172396.710,349.750
-443762.860,-1172396.500,349.760
-443751.130,-1172406.520,350.410
-443751.420,-1172406.280,350.410
-443751.700,-1172406.050,350.420
-443751.990,-1172405.810,350.420
-443752.240,-1172405.610,350.420
-443752.510,-1172405.390,350.430
-443752.790,-1172405.160,350.440
-443753.060,-1172404.940,350.450
-443753.340,-1172404.710,350.455
-443753.610,-1172404.490,350.465
-443753.890,-1172404.260,350.470
-443754.160,-1172404.030,350.460
-443754.430,-1172403.810,350.430
-443754.960,-1172403.380,349.540
-443755.240,-1172403.150,349.540
-443755.500,-1172402.930,349.540
-443755.780,-1172402.710,349.540
-443756.050,-1172402.490,349.550
-443756.320,-1172402.270,349.550
-443756.580,-1172402.050,349.560
-443756.850,-1172401.830,349.560
-443757.140,-1172401.590,349.570
-443757.400,-1172401.380,349.580
-443757.660,-1172401.170,349.580
-443757.950,-1172400.930,349.590
-443758.220,-1172400.710,349.590
-443758.490,-1172400.480,349.600
-443758.770,-1172400.250,349.610
-443759.050,-1172400.030,349.620
-443759.310,-1172399.820,349.620
-443759.590,-1172399.580,349.630
-443759.880,-1172399.350,349.640
-443760.160,-1172399.120,349.650
-443760.430,-1172398.890,349.660
-443760.710,-1172398.660,349.665
-443760.990,-1172398.430,349.680
-443761.260,-1172398.210,349.690
-443761.510,-1172398.010,349.700
-443761.800,-1172397.770,349.710
-443762.080,-1172397.540,349.720
-443762.350,-1172397.320,349.730
-443762.630,-1172397.090,349.740
-443762.910,-1172396.870,349.750
-443763.200,-1172396.620,349.750
-443763.450,-1172396.420,349.755
-443751.580,-1172406.650,350.420
-443751.850,-1172406.430,350.425
-443752.130,-1172406.200,350.430
-443752.410,-1172405.970,350.430
-443752.690,-1172405.740,350.440
-443752.970,-1172405.510,350.440
-443753.250,-1172405.280,350.450
-443753.520,-1172405.060,350.460
-443753.790,-1172404.840,350.480
-443754.050,-1172404.620,350.480
-443754.330,-1172404.400,350.460
-443754.860,-1172403.960,349.520
-443755.110,-1172403.750,349.515
-443755.390,-1172403.530,349.510
-443755.660,-1172403.310,349.520
-443755.930,-1172403.090,349.530
-443756.190,-1172402.870,349.540
-443756.460,-1172402.650,349.540
-443756.750,-1172402.410,349.550
-443757.010,-1172402.200,349.550
-443757.280,-1172401.970,349.560
-443757.570,-1172401.740,349.560
-443757.850,-1172401.510,349.570
-443758.100,-1172401.300,349.580
-443758.390,-1172401.070,349.580
-443758.670,-1172400.840,349.590
-443758.950,-1172400.610,349.590
-443759.240,-1172400.370,349.600
-443759.520,-1172400.150,349.610
-443759.800,-1172399.910,349.620
-443760.050,-1172399.710,349.630
-443760.310,-1172399.500,349.630
-443760.600,-1172399.260,349.640
-443760.890,-1172399.020,349.650
-443761.140,-1172398.820,349.660
-443761.440,-1172398.570,349.670
-443761.720,-1172398.340,349.680
-443761.990,-1172398.110,349.690
-443762.250,-1172397.910,349.700
-443762.530,-1172397.670,349.710
-443762.810,-1172397.450,349.720
-443763.080,-1172397.220,349.730
-443763.340,-1172397.010,349.740
-443763.620,-1172396.780,349.740
-443763.880,-1172396.570,349.750
-443764.140,-1172396.360,349.750
-443752.480,-1172406.430,350.440
-443752.760,-1172406.200,350.440
-443753.020,-1172405.980,350.440
-443753.320,-1172405.740,350.450
-443753.580,-1172405.530,350.460
-443753.840,-1172405.310,350.480
-443754.100,-1172405.100,350.480
-443754.370,-1172404.880,350.480
-443754.630,-1172404.670,350.450
-443754.910,-1172404.440,349.505
-443755.170,-1172404.230,349.500
-443755.440,-1172404.000,349.500
-443755.720,-1172403.770,349.510
-443755.980,-1172403.560,349.510
-443756.270,-1172403.330,349.520
-443756.550,-1172403.100,349.530
-443756.810,-1172402.880,349.530
-443757.080,-1172402.660,349.540
-443757.360,-1172402.430,349.550
-443757.650,-1172402.200,349.550
-443757.930,-1172401.960,349.560
-443758.200,-1172401.740,349.560
-443758.490,-1172401.510,349.570
-443758.760,-1172401.290,349.575
-443759.010,-1172401.070,349.580
-443759.280,-1172400.850,349.590
-443759.580,-1172400.610,349.590
-443759.860,-1172400.380,349.600
-443760.110,-1172400.170,349.610
-443760.400,-1172399.940,349.620
-443760.680,-1172399.710,349.620
-443760.960,-1172399.480,349.630
-443761.220,-1172399.270,349.640
-443761.510,-1172399.030,349.650
-443761.780,-1172398.810,349.660
-443762.060,-1172398.580,349.670
-443762.320,-1172398.370,349.680
-443762.600,-1172398.140,349.690
-443762.860,-1172397.920,349.700
-443763.120,-1172397.710,349.710
-443763.400,-1172397.480,349.720
-443763.680,-1172397.260,349.730
-443763.940,-1172397.040,349.730
-443764.220,-1172396.810,349.740
-443764.480,-1172396.590,349.740
-443764.770,-1172396.360,349.740
-443753.210,-1172406.360,350.450
-443753.510,-1172406.110,350.460
-443753.760,-1172405.910,350.470
-443754.020,-1172405.700,350.480
-443754.300,-1172405.470,350.480
-443754.570,-1172405.250,350.480
-443754.890,-1172404.980,349.510
-443755.110,-1172404.810,349.500
-443755.390,-1172404.580,349.490
-443755.660,-1172404.360,349.480
-443755.930,-1172404.130,349.490
-443756.190,-1172403.920,349.500
-443756.480,-1172403.680,349.510
-443756.770,-1172403.440,349.520
-443757.050,-1172403.220,349.525
-443757.320,-1172402.990,349.530
-443757.600,-1172402.770,349.540
-443757.870,-1172402.540,349.550
-443758.130,-1172402.330,349.550
-443758.400,-1172402.110,349.560
-443758.700,-1172401.860,349.560
-443758.970,-1172401.640,349.560
-443759.240,-1172401.420,349.570
-443759.520,-1172401.190,349.580
-443759.820,-1172400.940,349.590
-443760.080,-1172400.730,349.590
-443760.350,-1172400.510,349.600
-443760.620,-1172400.290,349.610
-443760.920,-1172400.040,349.610
-443761.170,-1172399.840,349.620
-443761.430,-1172399.620,349.620
-443761.710,-1172399.400,349.630
-443761.990,-1172399.170,349.640
-443762.250,-1172398.950,349.650
-443762.520,-1172398.730,349.650
-443762.790,-1172398.510,349.670
-443763.080,-1172398.280,349.680
-443763.320,-1172398.080,349.690
-443763.610,-1172397.840,349.700
-443763.920,-1172397.580,349.710
-443764.170,-1172397.380,349.720
-443764.430,-1172397.170,349.720
-443764.720,-1172396.930,349.730
-443765.010,-1172396.690,349.740
-443765.280,-1172396.470,349.740
-443765.550,-1172396.250,349.750
-443764.400,-1172397.720,349.700
-443764.700,-1172397.480,349.710
-443764.950,-1172397.270,349.720
-443765.230,-1172397.050,349.720
-443765.490,-1172396.830,349.730
-443765.770,-1172396.600,349.740
-443766.050,-1172396.370,349.740
-443757.560,-1172403.930,349.500
-443753.980,-1172406.260,350.470
-443754.240,-1172406.040,350.480
-443754.500,-1172405.830,350.490
-443755.630,-1172404.910,349.470
-443755.900,-1172404.690,349.480
-443756.180,-1172404.460,349.480
-443756.450,-1172404.230,349.490
-443756.710,-1172404.020,349.500
-443756.970,-1172403.810,349.510
-443757.270,-1172403.570,349.510
-443757.550,-1172403.340,349.520
-443757.810,-1172403.130,349.530
-443758.090,-1172402.890,349.530
-443758.370,-1172402.660,349.540
-443758.660,-1172402.420,349.540
-443758.920,-1172402.220,349.550
-443759.200,-1172401.980,349.560
-443759.470,-1172401.760,349.560
-443759.750,-1172401.530,349.570
-443760.020,-1172401.310,349.570
-443760.290,-1172401.090,349.580
-443760.570,-1172400.860,349.580
-443760.820,-1172400.660,349.590
-443761.100,-1172400.430,349.600
-443761.360,-1172400.210,349.600
-443761.630,-1172399.990,349.620
-443761.910,-1172399.760,349.620
-443762.180,-1172399.540,349.620
-443762.470,-1172399.300,349.630
-443762.760,-1172399.070,349.640
-443763.000,-1172398.870,349.650
-443763.270,-1172398.650,349.660
-443763.560,-1172398.410,349.670
-443763.860,-1172398.170,349.680
-443764.130,-1172397.950,349.690
-443761.120,-1172401.020,349.580
-443761.380,-1172400.810,349.585
-443761.650,-1172400.590,349.590
-443761.940,-1172400.350,349.600
-443762.220,-1172400.120,349.610
-443762.470,-1172399.910,349.610
-443762.760,-1172399.680,349.620
-443763.050,-1172399.440,349.620
-443763.330,-1172399.210,349.630
-443763.610,-1172398.980,349.640
-443763.890,-1172398.750,349.650
-443764.160,-1172398.530,349.660
-443764.420,-1172398.320,349.670
-443764.680,-1172398.100,349.680
-443764.980,-1172397.860,349.690
-443765.260,-1172397.630,349.700
-443765.510,-1172397.420,349.710
-443765.790,-1172397.190,349.720
-443766.090,-1172396.950,349.730
-443766.370,-1172396.720,349.730
-443766.630,-1172396.500,349.730
-443766.920,-1172396.270,349.740
-443754.550,-1172406.400,350.480
-443756.220,-1172405.030,349.460
-443756.460,-1172404.840,349.470
-443756.750,-1172404.600,349.480
-443757.010,-1172404.380,349.490
-443757.290,-1172404.160,349.490
-443757.180,-1172404.870,349.480
-443757.410,-1172404.680,349.480
-443757.700,-1172404.440,349.480
-443757.960,-1172404.220,349.490
-443758.230,-1172404.010,349.490
-443758.480,-1172403.800,349.500
-443758.760,-1172403.580,349.510
-443759.050,-1172403.340,349.510
-443759.300,-1172403.130,349.520
-443759.570,-1172402.910,349.520
-443759.850,-1172402.680,349.530
-443760.120,-1172402.460,349.540
-443760.400,-1172402.230,349.550
-443760.680,-1172402.000,349.550
-443760.960,-1172401.770,349.560
-443761.220,-1172401.560,349.570
-443761.500,-1172401.330,349.570
-443761.790,-1172401.090,349.570
-443762.080,-1172400.850,349.580
-443762.350,-1172400.640,349.590
-443762.630,-1172400.400,349.600
-443762.910,-1172400.180,349.600
-443763.170,-1172399.960,349.610
-443763.430,-1172399.750,349.610
-443763.720,-1172399.510,349.620
-443764.000,-1172399.280,349.630
-443764.260,-1172399.070,349.640
-443764.540,-1172398.840,349.640
-443764.830,-1172398.600,349.660
-443765.120,-1172398.360,349.670
-443765.380,-1172398.150,349.675
-443765.660,-1172397.920,349.690
-443765.930,-1172397.700,349.700
-443766.210,-1172397.470,349.710
-443766.480,-1172397.250,349.720
-443766.740,-1172397.040,349.720
-443767.010,-1172396.820,349.730
-443767.280,-1172396.590,349.730
-443767.560,-1172396.370,349.730
-443767.810,-1172396.160,349.740
-443757.860,-1172403.690,349.510
-443758.130,-1172403.470,349.510
-443758.390,-1172403.250,349.520
-443758.660,-1172403.030,349.530
-443758.960,-1172402.790,349.530
-443759.220,-1172402.570,349.540
-443759.470,-1172402.370,349.540
-443759.740,-1172402.150,349.550
-443760.010,-1172401.920,349.550
-443760.290,-1172401.690,349.560
-443760.560,-1172401.480,349.570
-443760.830,-1172401.260,349.570
-443757.760,-1172404.920,349.480
-443758.030,-1172404.700,349.480
-443758.290,-1172404.490,349.480
-443758.550,-1172404.270,349.490
-443758.820,-1172404.050,349.490
-443759.120,-1172403.810,349.500
-443759.400,-1172403.580,349.510
-443759.650,-1172403.370,349.510
-443759.920,-1172403.150,349.520
-443760.210,-1172402.910,349.520
-443760.500,-1172402.680,349.530
-443760.760,-1172402.460,349.540
-443761.060,-1172402.220,349.550
-443761.350,-1172401.980,349.560
-443761.590,-1172401.780,349.560
-443761.860,-1172401.560,349.570
-443762.140,-1172401.340,349.570
-443762.420,-1172401.100,349.580
-443762.690,-1172400.880,349.580
-443762.970,-1172400.660,349.590
-443763.260,-1172400.420,349.590
-443763.540,-1172400.190,349.600
-443763.800,-1172399.970,349.610
-443764.080,-1172399.750,349.610
-443764.370,-1172399.500,349.620
-443764.620,-1172399.300,349.630
-443764.910,-1172399.060,349.640
-443765.190,-1172398.840,349.640
-443765.450,-1172398.620,349.650
-443765.700,-1172398.420,349.670
-443765.970,-1172398.190,349.670
-443766.270,-1172397.950,349.690
-443766.530,-1172397.740,349.700
-443766.780,-1172397.530,349.700
-443767.070,-1172397.300,349.710
-443767.360,-1172397.060,349.720
-443767.630,-1172396.840,349.720
-443767.890,-1172396.620,349.730
-443768.170,-1172396.400,349.740
-443768.450,-1172396.170,349.760
-443758.560,-1172404.780,349.470
-443758.810,-1172404.570,349.480
-443759.080,-1172404.350,349.480
-443759.350,-1172404.130,349.490
-443759.640,-1172403.900,349.495
-443759.930,-1172403.650,349.510
-443760.200,-1172403.430,349.510
-443760.480,-1172403.200,349.520
-443760.750,-1172402.990,349.520
-443761.020,-1172402.760,349.530
-443761.270,-1172402.560,349.540
-443761.560,-1172402.320,349.550
-443761.850,-1172402.080,349.560
-443762.130,-1172401.850,349.560
-443762.400,-1172401.640,349.560
-443762.680,-1172401.400,349.570
-443762.970,-1172401.170,349.580
-443763.230,-1172400.950,349.580
-443763.520,-1172400.720,349.590
-443763.790,-1172400.500,349.590
-443767.140,-1172398.360,349.660
-443767.440,-1172398.120,349.670
-443767.730,-1172397.890,349.680
-443768.010,-1172397.660,349.700
-443768.260,-1172397.450,349.710
-443768.530,-1172397.230,349.730
-443768.790,-1172397.020,349.755
-443768.900,-1172396.930,349.790
-443764.070,-1172400.260,349.600
-443764.330,-1172400.050,349.600
-443764.600,-1172399.830,349.610
-443764.870,-1172399.610,349.620
-443765.140,-1172399.390,349.630
-443765.420,-1172399.160,349.640
-443765.680,-1172398.950,349.640
-443765.950,-1172398.730,349.650
-443766.230,-1172398.490,349.660
-443766.500,-1172398.280,349.670
-443766.780,-1172398.040,349.680
-443767.070,-1172397.810,349.690
-443767.330,-1172397.600,349.700
-443767.610,-1172397.360,349.710
-443767.890,-1172397.140,349.715
-443768.170,-1172396.910,349.720
-443768.440,-1172396.680,349.740
-443768.720,-1172396.450,349.770
-443765.330,-1172400.450,349.590
-443765.620,-1172400.210,349.600
-443765.890,-1172399.990,349.610
-443766.180,-1172399.760,349.610
-443766.470,-1172399.520,349.620
-443766.760,-1172399.280,349.620
-443767.010,-1172399.070,349.630
-443767.280,-1172398.850,349.640
-443767.550,-1172398.630,349.640
-443767.830,-1172398.400,349.660
-443768.110,-1172398.170,349.670
-443768.380,-1172397.950,349.690
-443768.670,-1172397.720,349.715
-443768.920,-1172397.510,349.770
-443759.240,-1172404.840,349.470
-443759.500,-1172404.630,349.480
-443759.760,-1172404.410,349.480
-443760.010,-1172404.210,349.490
-443760.290,-1172403.980,349.490
-443760.580,-1172403.750,349.500
-443760.850,-1172403.520,349.510
-443761.110,-1172403.310,349.515
-443761.400,-1172403.070,349.520
-443761.690,-1172402.840,349.530
-443761.960,-1172402.610,349.540
-443762.230,-1172402.390,349.550
-443762.510,-1172402.160,349.555
-443762.780,-1172401.940,349.560
-443763.060,-1172401.710,349.560
-443763.330,-1172401.490,349.570
-443763.600,-1172401.270,349.570
-443763.870,-1172401.050,349.580
-443764.130,-1172400.840,349.580
-443764.410,-1172400.600,349.590
-443764.680,-1172400.380,349.590
-443764.940,-1172400.170,349.600
-443765.230,-1172399.940,349.610
-443765.500,-1172399.710,349.610
-443765.780,-1172399.480,349.620
-443766.050,-1172399.260,349.630
-443766.330,-1172399.030,349.640
-443766.600,-1172398.810,349.640
-443766.880,-1172398.580,349.650
-443762.820,-1172403.030,349.530
-443763.090,-1172402.810,349.530
-443760.150,-1172404.690,349.470
-443760.430,-1172404.460,349.470
-443760.710,-1172404.240,349.480
-443760.980,-1172404.020,349.490
-443761.260,-1172403.780,349.500
-443761.530,-1172403.560,349.510
-443761.800,-1172403.340,349.510
-443762.070,-1172403.120,349.520
-443762.330,-1172402.910,349.530
-443762.610,-1172402.680,349.540
-443762.870,-1172402.460,349.540
-443763.150,-1172402.240,349.550
-443763.420,-1172402.010,349.550
-443763.690,-1172401.800,349.560
-443763.960,-1172401.570,349.560
-443764.230,-1172401.350,349.570
-443764.520,-1172401.120,349.570
-443764.800,-1172400.890,349.580
-443765.060,-1172400.670,349.580
-443768.080,-1172398.720,349.640
-443768.360,-1172398.500,349.660
-443768.640,-1172398.260,349.690
-443768.900,-1172398.050,349.740
-443760.710,-1172404.760,349.460
-443760.940,-1172404.570,349.470
-443761.200,-1172404.360,349.470
-443761.470,-1172404.140,349.480
-443761.750,-1172403.910,349.490
-443762.010,-1172403.700,349.500
-443762.290,-1172403.470,349.510
-443762.560,-1172403.240,349.520
-443761.110,-1172404.860,349.460
-443761.390,-1172404.630,349.470
-443761.620,-1172404.440,349.470
-443761.910,-1172404.210,349.480
-443762.180,-1172403.990,349.490
-443762.460,-1172403.760,349.500
-443762.730,-1172403.530,349.510
-443763.000,-1172403.310,349.520
-443763.280,-1172403.080,349.530
-443763.550,-1172402.860,349.530
-443763.830,-1172402.630,349.540
-443764.120,-1172402.400,349.540
-443764.410,-1172402.160,349.550
-443764.690,-1172401.930,349.550
-443764.950,-1172401.720,349.560
-443765.230,-1172401.490,349.560
-443765.490,-1172401.270,349.570
-443765.770,-1172401.040,349.570
-443766.050,-1172400.820,349.580
-443766.330,-1172400.590,349.580
-443766.610,-1172400.360,349.590
-443766.900,-1172400.120,349.600
-443767.180,-1172399.890,349.600
-443767.450,-1172399.670,349.610
-443767.730,-1172399.440,349.610
-443768.000,-1172399.220,349.630
-443768.280,-1172398.990,349.630
-443768.540,-1172398.780,349.660
-443768.800,-1172398.570,349.690
-443763.360,-1172402.590,349.540
-443763.660,-1172402.350,349.540
-443763.930,-1172402.120,349.550
-443764.200,-1172401.900,349.550
-443764.460,-1172401.680,349.560
-443764.770,-1172401.430,349.560
-443765.030,-1172401.220,349.570
-443765.310,-1172400.990,349.575
-443765.610,-1172400.750,349.580
-443765.890,-1172400.520,349.590
-443766.150,-1172400.310,349.590
-443766.410,-1172400.090,349.600
-443766.690,-1172399.860,349.600
-443766.970,-1172399.640,349.610
-443767.240,-1172399.410,349.620
-443767.520,-1172399.180,349.625
-443767.810,-1172398.950,349.630
-443761.980,-1172404.670,349.470
-443762.210,-1172404.480,349.470
-443762.500,-1172404.240,349.480
-443762.790,-1172404.000,349.490
-443763.060,-1172403.780,349.500
-443763.340,-1172403.550,349.510
-443763.610,-1172403.330,349.520
-443763.890,-1172403.110,349.520
-443764.140,-1172402.900,349.530
-443764.410,-1172402.680,349.535
-443764.710,-1172402.440,349.540
-443764.980,-1172402.220,349.550
-443765.250,-1172401.990,349.550
-443765.550,-1172401.740,349.560
-443765.830,-1172401.520,349.560
-443766.080,-1172401.310,349.560
-443766.360,-1172401.080,349.570
-443767.600,-1172400.580,349.580
-443767.870,-1172400.360,349.590
-443768.150,-1172400.130,349.600
-443768.420,-1172399.900,349.610
-443768.700,-1172399.680,349.630
-443768.950,-1172399.470,349.680
-443766.650,-1172400.850,349.570
-443766.940,-1172400.610,349.580
-443767.190,-1172400.400,349.580
-443767.450,-1172400.190,349.590
-443767.730,-1172399.960,349.600
-443768.000,-1172399.740,349.605
-443768.270,-1172399.520,349.620
-443768.540,-1172399.300,349.630
-443768.800,-1172399.080,349.670
-443763.240,-1172404.630,349.470
-443763.490,-1172404.430,349.470
-443763.780,-1172404.190,349.480
-443764.040,-1172403.980,349.490
-443764.310,-1172403.760,349.500
-443764.590,-1172403.530,349.500
-443764.880,-1172403.290,349.510
-443765.140,-1172403.080,349.520
-443765.390,-1172402.870,349.520
-443765.670,-1172402.640,349.530
-443765.940,-1172402.420,349.530
-443766.220,-1172402.190,349.540
-443766.480,-1172401.980,349.540
-443766.760,-1172401.750,349.550
-443762.670,-1172404.610,349.470
-443762.930,-1172404.400,349.470
-443763.200,-1172404.180,349.480
-443763.480,-1172403.950,349.490
-443763.770,-1172403.710,349.500
-443764.030,-1172403.500,349.510
-443764.310,-1172403.270,349.520
-443764.600,-1172403.040,349.520
-443764.880,-1172402.800,349.530
-443765.140,-1172402.590,349.540
-443765.430,-1172402.350,349.540
-443765.700,-1172402.130,349.550
-443765.980,-1172401.900,349.550
-443766.240,-1172401.690,349.555
-443766.510,-1172401.470,349.560
-443766.780,-1172401.250,349.560
-443767.040,-1172401.030,349.570
-443767.330,-1172400.800,349.570
-443767.040,-1172401.520,349.550
-443767.290,-1172401.320,349.560
-443767.580,-1172401.080,349.560
-443767.890,-1172400.830,349.570
-443768.140,-1172400.620,349.580
-443768.400,-1172400.410,349.590
-443768.680,-1172400.180,349.610
-443768.950,-1172399.960,349.670
-443769.060,-1172399.870,349.760
-443766.690,-1172402.870,349.520
-443767.000,-1172402.620,349.530
-443767.270,-1172402.390,349.530
-443767.540,-1172402.170,349.540
-443767.830,-1172401.940,349.540
-443768.100,-1172401.710,349.550
-443768.370,-1172401.500,349.560
-443768.630,-1172401.280,349.580
-443768.890,-1172401.070,349.610
-443763.850,-1172404.610,349.470
-443764.100,-1172404.410,349.470
-443764.370,-1172404.180,349.480
-443764.640,-1172403.970,349.485
-443764.890,-1172403.760,349.490
-443765.170,-1172403.530,349.500
-443765.440,-1172403.310,349.510
-443765.700,-1172403.090,349.520
-443765.980,-1172402.860,349.520
-443766.250,-1172402.640,349.530
-443766.540,-1172402.400,349.530
-443766.820,-1172402.180,349.540
-443767.090,-1172401.960,349.540
-443767.360,-1172401.740,349.550
-443767.640,-1172401.500,349.550
-443767.930,-1172401.270,349.560
-443768.210,-1172401.040,349.570
-443768.500,-1172400.810,349.590
-443768.780,-1172400.570,349.610
-443769.000,-1172400.390,349.675
-443769.110,-1172400.300,349.780
-443764.530,-1172404.640,349.470
-443764.770,-1172404.450,349.470
-443765.060,-1172404.200,349.480
-443765.310,-1172404.000,349.480
-443765.590,-1172403.770,349.490
-443765.880,-1172403.530,349.500
-443766.150,-1172403.320,349.510
-443766.410,-1172403.100,349.510
-443765.160,-1172404.670,349.460
-443765.380,-1172404.490,349.460
-443765.640,-1172404.270,349.470
-443765.930,-1172404.040,349.480
-443766.200,-1172403.810,349.485
-443766.480,-1172403.580,349.490
-443766.770,-1172403.350,349.500
-443767.040,-1172403.120,349.510
-443767.310,-1172402.910,349.510
-443767.560,-1172402.700,349.520
-443767.850,-1172402.460,349.530
-443768.140,-1172402.220,349.530
-443768.400,-1172402.010,349.540
-443768.680,-1172401.780,349.560
-443768.950,-1172401.560,349.630
-443765.880,-1172404.480,349.460
-443766.150,-1172404.260,349.470
-443766.420,-1172404.040,349.470
-443766.700,-1172403.810,349.480
-443766.970,-1172403.590,349.490
-443767.260,-1172403.350,349.500
-443767.530,-1172403.130,349.500
-443767.810,-1172402.900,349.510
-443768.090,-1172402.670,349.520
-443768.380,-1172402.440,349.530
-443768.630,-1172402.230,349.540
-443768.900,-1172402.010,349.570
-443769.120,-1172401.830,349.690
-443766.190,-1172404.580,349.460
-443766.440,-1172404.370,349.460
-443766.720,-1172404.150,349.470
-443766.980,-1172403.940,349.470
-443767.270,-1172403.700,349.480
-443767.520,-1172403.490,349.490
-443767.810,-1172403.250,349.500
-443768.070,-1172403.040,349.500
-443768.340,-1172402.820,349.510
-443768.610,-1172402.590,349.530
-443768.880,-1172402.380,349.550
-443766.830,-1172404.530,349.455
-443767.080,-1172404.330,349.460
-443767.350,-1172404.110,349.470
-443767.610,-1172403.900,349.470
-443767.870,-1172403.680,349.470
-443768.170,-1172403.440,349.485
-443768.430,-1172403.230,349.500
-443768.680,-1172403.020,349.510
-443767.580,-1172404.430,349.450
-443767.850,-1172404.220,349.460
-443768.130,-1172403.990,349.460
-443768.420,-1172403.750,349.470
-443768.680,-1172403.540,349.490
-443768.950,-1172403.320,349.520
-443768.950,-1172402.800,349.550
-443768.100,-1172404.450,349.450
-443768.360,-1172404.240,349.460
-443768.620,-1172404.030,349.470
-443768.890,-1172403.800,349.490
-443769.130,-1172403.610,349.545
-443768.770,-1172404.360,349.470
-443769.000,-1172404.170,349.485
